t,cond,pos.x,pos.y,pos.z,rot.x,rot.y,rot.z,rot.w
8.599,2,6.511,-1.015,-1.795,0.0000,-0.7148,0.0000,0.6993
8.599,2,6.511,-1.015,-1.795,0.0000,-0.7148,0.0000,0.6993
8.599,2,6.511,-1.015,-1.795,0.0000,-0.7148,0.0000,0.6993
8.599,2,6.511,-1.015,-1.795,0.0000,-0.7148,0.0000,0.6993
8.599,2,6.511,-1.015,-1.795,0.0000,-0.7148,0.0000,0.6993
8.599,2,6.511,-1.015,-1.795,0.0000,-0.7148,0.0000,0.6993
8.599,2,6.511,-1.015,-1.795,0.0000,-0.7148,0.0000,0.6993
8.599,2,6.511,-1.015,-1.795,0.0000,-0.7148,0.0000,0.6993
8.599,2,6.511,-1.015,-1.795,0.0000,-0.7148,0.0000,0.6993
8.599,2,6.511,-1.015,-1.795,0.0000,-0.7148,0.0000,0.6993
8.599,2,6.511,-1.015,-1.795,0.0000,-0.7148,0.0000,0.6993
8.599,2,6.511,-1.015,-1.795,0.0000,-0.7148,0.0000,0.6993
8.599,2,6.511,-1.015,-1.795,0.0000,-0.7148,0.0000,0.6993
8.599,2,6.511,-1.015,-1.795,0.0000,-0.7148,0.0000,0.6993
8.599,2,6.511,-1.015,-1.795,0.0000,-0.7148,0.0000,0.6993
8.599,2,6.511,-1.015,-1.795,0.0000,-0.7148,0.0000,0.6993
8.599,2,6.511,-1.015,-1.795,0.0000,-0.7148,0.0000,0.6993
8.599,2,6.511,-1.015,-1.795,0.0000,-0.7148,0.0000,0.6993
8.599,2,6.511,-1.015,-1.795,0.0000,-0.7148,0.0000,0.6993
8.599,2,6.511,-1.015,-1.795,0.0000,-0.7148,0.0000,0.6993
8.599,2,6.511,-1.015,-1.795,0.0000,-0.7148,0.0000,0.6993
8.599,2,6.511,-1.015,-1.795,0.0000,-0.7148,0.0000,0.6993
8.599,2,6.511,-1.015,-1.795,0.0000,-0.7148,0.0000,0.6993
8.599,2,6.511,-1.015,-1.795,0.0000,-0.7148,0.0000,0.6993
8.599,2,6.511,-1.015,-1.795,0.0000,-0.7148,0.0000,0.6993
8.599,2,6.511,-1.015,-1.795,0.0000,-0.7148,0.0000,0.6993
8.599,2,6.511,-1.015,-1.795,0.0000,-0.7148,0.0000,0.6993
8.599,2,6.511,-1.015,-1.795,0.0000,-0.7148,0.0000,0.6993
8.599,2,6.511,-1.015,-1.795,0.0000,-0.7148,0.0000,0.6993
8.599,2,6.511,-1.015,-1.795,0.0000,-0.7148,0.0000,0.6993
8.599,2,6.511,-1.015,-1.795,0.0000,-0.7148,0.0000,0.6993
8.599,2,6.511,-1.015,-1.795,0.0000,-0.7148,0.0000,0.6993
8.599,2,6.511,-1.015,-1.795,0.0000,-0.7148,0.0000,0.6993
8.599,2,6.511,-1.015,-1.795,0.0000,-0.7148,0.0000,0.6993
8.599,2,6.511,-1.015,-1.795,0.0000,-0.7148,0.0000,0.6993
8.599,2,6.511,-1.015,-1.795,0.0000,-0.7148,0.0000,0.6993
8.599,2,6.511,-1.015,-1.795,0.0000,-0.7148,0.0000,0.6993
8.599,2,6.511,-1.015,-1.795,0.0000,-0.7148,0.0000,0.6993
8.599,2,6.511,-1.015,-1.795,0.0000,-0.7148,0.0000,0.6993
8.599,2,6.511,-1.015,-1.795,0.0000,-0.7148,0.0000,0.6993
8.599,2,6.511,-1.015,-1.795,0.0000,-0.7148,0.0000,0.6993
8.599,2,6.511,-1.015,-1.795,0.0000,-0.7148,0.0000,0.6993
8.599,2,6.511,-1.015,-1.795,0.0000,-0.7148,0.0000,0.6993
8.599,2,6.511,-1.015,-1.795,0.0000,-0.7148,0.0000,0.6993
8.599,2,6.511,-1.015,-1.795,0.0000,-0.7148,0.0000,0.6993
8.599,2,6.511,-1.015,-1.795,0.0000,-0.7148,0.0000,0.6993
8.599,2,6.511,-1.015,-1.795,0.0000,-0.7148,0.0000,0.6993
8.599,2,6.511,-1.015,-1.795,0.0000,-0.7148,0.0000,0.6993
8.599,2,6.511,-1.015,-1.795,0.0000,-0.7148,0.0000,0.6993
8.599,2,6.511,-1.015,-1.795,0.0000,-0.7148,0.0000,0.6993
8.599,2,6.511,-1.015,-1.795,0.0000,-0.7148,0.0000,0.6993
8.599,2,6.511,-1.015,-1.795,0.0000,-0.7148,0.0000,0.6993
8.599,2,6.511,-1.015,-1.795,0.0000,-0.7148,0.0000,0.6993
8.599,2,6.511,-1.015,-1.795,0.0000,-0.7148,0.0000,0.6993
8.599,2,6.511,-1.015,-1.795,0.0000,-0.7148,0.0000,0.6993
8.599,2,6.511,-1.015,-1.795,0.0000,-0.7148,0.0000,0.6993
8.599,2,6.511,-1.015,-1.795,0.0000,-0.7148,0.0000,0.6993
8.599,2,6.511,-1.015,-1.795,0.0000,-0.7148,0.0000,0.6993
8.599,2,6.511,-1.015,-1.795,0.0000,-0.7148,0.0000,0.6993
8.599,2,6.511,-1.015,-1.795,0.0000,-0.7148,0.0000,0.6993
8.599,2,6.511,-1.015,-1.795,0.0000,-0.7148,0.0000,0.6993
8.599,2,6.511,-1.015,-1.795,0.0000,-0.7148,0.0000,0.6993
8.599,2,6.511,-1.015,-1.795,0.0000,-0.7148,0.0000,0.6993
8.599,2,6.511,-1.015,-1.795,0.0000,-0.7148,0.0000,0.6993
8.599,2,6.511,-1.015,-1.795,0.0000,-0.7148,0.0000,0.6993
8.599,2,6.511,-1.015,-1.795,0.0000,-0.7148,0.0000,0.6993
8.599,2,6.511,-1.015,-1.795,0.0000,-0.7148,0.0000,0.6993
8.599,2,6.511,-1.015,-1.795,0.0000,-0.7148,0.0000,0.6993
8.599,2,6.511,-1.015,-1.795,0.0000,-0.7148,0.0000,0.6993
8.599,2,6.511,-1.015,-1.795,0.0000,-0.7148,0.0000,0.6993
8.599,2,6.511,-1.015,-1.795,0.0000,-0.7148,0.0000,0.6993
8.599,2,6.511,-1.015,-1.795,0.0000,-0.7148,0.0000,0.6993
8.599,2,6.511,-1.015,-1.795,0.0000,-0.7148,0.0000,0.6993
8.599,2,6.511,-1.015,-1.795,0.0000,-0.7148,0.0000,0.6993
8.599,2,6.511,-1.015,-1.795,0.0000,-0.7148,0.0000,0.6993
8.599,2,6.511,-1.015,-1.795,0.0000,-0.7148,0.0000,0.6993
8.599,2,6.511,-1.015,-1.795,0.0000,-0.7148,0.0000,0.6993
8.599,2,6.511,-1.015,-1.795,0.0000,-0.7148,0.0000,0.6993
8.599,2,6.511,-1.015,-1.795,0.0000,-0.7148,0.0000,0.6993
8.599,2,6.511,-1.015,-1.795,0.0000,-0.7148,0.0000,0.6993
8.599,2,6.511,-1.015,-1.795,0.0000,-0.7148,0.0000,0.6993
8.599,2,6.511,-1.015,-1.795,0.0000,-0.7148,0.0000,0.6993
8.599,2,6.511,-1.015,-1.795,0.0000,-0.7148,0.0000,0.6993
8.599,2,6.511,-1.015,-1.795,0.0000,-0.7148,0.0000,0.6993
8.599,2,6.511,-1.015,-1.795,0.0000,-0.7148,0.0000,0.6993
8.599,2,6.511,-1.015,-1.795,0.0000,-0.7148,0.0000,0.6993
8.599,2,6.511,-1.015,-1.795,0.0000,-0.7148,0.0000,0.6993
8.599,2,6.511,-1.015,-1.795,0.0000,-0.7148,0.0000,0.6993
8.599,2,6.511,-1.015,-1.795,0.0000,-0.7148,0.0000,0.6993
8.599,2,6.511,-1.015,-1.795,0.0000,-0.7148,0.0000,0.6993
8.599,2,6.511,-1.015,-1.795,0.0000,-0.7148,0.0000,0.6993
8.599,2,6.511,-1.015,-1.795,0.0000,-0.7148,0.0000,0.6993
8.599,2,6.511,-1.015,-1.795,0.0000,-0.7148,0.0000,0.6993
8.599,2,6.511,-1.015,-1.795,0.0000,-0.7148,0.0000,0.6993
8.599,2,6.511,-1.015,-1.795,0.0000,-0.7148,0.0000,0.6993
8.599,2,6.511,-1.015,-1.795,0.0000,-0.7148,0.0000,0.6993
8.599,2,6.511,-1.015,-1.795,0.0000,-0.7148,0.0000,0.6993
8.599,2,6.511,-1.015,-1.795,0.0000,-0.7148,0.0000,0.6993
8.599,2,6.511,-1.015,-1.795,0.0000,-0.7148,0.0000,0.6993
8.599,2,6.511,-1.015,-1.795,0.0000,-0.7148,0.0000,0.6993
8.599,2,6.511,-1.015,-1.795,0.0000,-0.7148,0.0000,0.6993
8.599,2,6.511,-1.015,-1.795,0.0000,-0.7148,0.0000,0.6993
8.599,2,6.511,-1.015,-1.795,0.0000,-0.7148,0.0000,0.6993
8.599,2,6.511,-1.015,-1.795,0.0000,-0.7148,0.0000,0.6993
8.599,2,6.511,-1.015,-1.795,0.0000,-0.7148,0.0000,0.6993
8.599,2,6.511,-1.015,-1.795,0.0000,-0.7148,0.0000,0.6993
8.599,2,6.511,-1.015,-1.795,0.0000,-0.7148,0.0000,0.6993
8.599,2,6.511,-1.015,-1.795,0.0000,-0.7148,0.0000,0.6993
8.599,2,6.511,-1.015,-1.795,0.0000,-0.7148,0.0000,0.6993
8.599,2,6.511,-1.015,-1.795,0.0000,-0.7148,0.0000,0.6993
8.599,2,6.511,-1.015,-1.795,0.0000,-0.7148,0.0000,0.6993
8.599,2,6.511,-1.015,-1.795,0.0000,-0.7148,0.0000,0.6993
8.599,2,6.511,-1.015,-1.795,0.0000,-0.7148,0.0000,0.6993
8.599,2,6.511,-1.015,-1.795,0.0000,-0.7148,0.0000,0.6993
8.599,2,6.511,-1.015,-1.795,0.0000,-0.7148,0.0000,0.6993
8.599,2,6.511,-1.015,-1.795,0.0000,-0.7148,0.0000,0.6993
8.599,2,6.511,-1.015,-1.795,0.0000,-0.7148,0.0000,0.6993
8.599,2,6.511,-1.015,-1.795,0.0000,-0.7148,0.0000,0.6993
8.599,2,6.511,-1.015,-1.795,0.0000,-0.7148,0.0000,0.6993
8.599,2,6.511,-1.015,-1.795,0.0000,-0.7148,0.0000,0.6993
8.599,2,6.511,-1.015,-1.795,0.0000,-0.7148,0.0000,0.6993
8.599,2,6.511,-1.015,-1.795,0.0000,-0.7148,0.0000,0.6993
8.599,2,6.511,-1.015,-1.795,0.0000,-0.7148,0.0000,0.6993
8.599,2,6.511,-1.015,-1.795,0.0000,-0.7148,0.0000,0.6993
8.599,2,6.511,-1.015,-1.795,0.0000,-0.7148,0.0000,0.6993
8.599,2,6.511,-1.015,-1.795,0.0000,-0.7148,0.0000,0.6993
8.599,2,6.511,-1.015,-1.795,0.0000,-0.7148,0.0000,0.6993
8.599,2,6.511,-1.015,-1.795,0.0000,-0.7148,0.0000,0.6993
8.599,2,6.511,-1.015,-1.795,0.0000,-0.7148,0.0000,0.6993
8.599,2,6.511,-1.015,-1.795,0.0000,-0.7148,0.0000,0.6993
8.599,2,6.511,-1.015,-1.795,0.0000,-0.7148,0.0000,0.6993
8.599,2,6.511,-1.015,-1.795,0.0000,-0.7148,0.0000,0.6993
8.599,2,6.511,-1.015,-1.795,0.0000,-0.7148,0.0000,0.6993
8.599,2,6.511,-1.015,-1.795,0.0000,-0.7148,0.0000,0.6993
8.599,2,6.511,-1.015,-1.795,0.0000,-0.7148,0.0000,0.6993
8.599,2,6.511,-1.015,-1.795,0.0000,-0.7148,0.0000,0.6993
8.599,2,6.511,-1.015,-1.795,0.0000,-0.7148,0.0000,0.6993
8.599,2,6.511,-1.015,-1.795,0.0000,-0.7148,0.0000,0.6993
8.599,2,6.511,-1.015,-1.795,0.0000,-0.7148,0.0000,0.6993
8.599,2,6.511,-1.015,-1.795,0.0000,-0.7148,0.0000,0.6993
8.599,2,6.511,-1.015,-1.795,0.0000,-0.7148,0.0000,0.6993
8.599,2,6.511,-1.015,-1.795,0.0000,-0.7148,0.0000,0.6993
8.599,2,6.511,-1.015,-1.795,0.0000,-0.7148,0.0000,0.6993
8.599,2,6.511,-1.015,-1.795,0.0000,-0.7148,0.0000,0.6993
8.599,2,6.511,-1.015,-1.795,0.0000,-0.7148,0.0000,0.6993
8.599,2,6.511,-1.015,-1.795,0.0000,-0.7148,0.0000,0.6993
8.599,2,6.511,-1.015,-1.795,0.0000,-0.7148,0.0000,0.6993
8.599,2,6.511,-1.015,-1.795,0.0000,-0.7148,0.0000,0.6993
8.599,2,6.511,-1.015,-1.795,0.0000,-0.7148,0.0000,0.6993
8.599,2,6.511,-1.015,-1.795,0.0000,-0.7148,0.0000,0.6993
8.599,2,6.511,-1.015,-1.795,0.0000,-0.7148,0.0000,0.6993
8.599,2,6.511,-1.015,-1.795,0.0000,-0.7148,0.0000,0.6993
8.599,2,6.511,-1.015,-1.795,0.0000,-0.7148,0.0000,0.6993
8.599,2,6.511,-1.015,-1.795,0.0000,-0.7148,0.0000,0.6993
8.599,2,6.511,-1.015,-1.795,0.0000,-0.7148,0.0000,0.6993
8.599,2,6.511,-1.015,-1.795,0.0000,-0.7148,0.0000,0.6993
8.599,2,6.511,-1.015,-1.795,0.0000,-0.7148,0.0000,0.6993
8.599,2,6.511,-1.015,-1.795,0.0000,-0.7148,0.0000,0.6993
8.599,2,6.511,-1.015,-1.795,0.0000,-0.7148,0.0000,0.6993
8.599,2,6.511,-1.015,-1.795,0.0000,-0.7148,0.0000,0.6993
8.599,2,6.511,-1.015,-1.795,0.0000,-0.7148,0.0000,0.6993
8.599,2,6.511,-1.015,-1.795,0.0000,-0.7148,0.0000,0.6993
8.599,2,6.511,-1.015,-1.795,0.0000,-0.7148,0.0000,0.6993
8.599,2,6.511,-1.015,-1.795,0.0000,-0.7148,0.0000,0.6993
8.599,2,6.511,-1.015,-1.795,0.0000,-0.7148,0.0000,0.6993
8.599,2,6.511,-1.015,-1.795,0.0000,-0.7148,0.0000,0.6993
8.599,2,6.511,-1.015,-1.795,0.0000,-0.7148,0.0000,0.6993
8.599,2,6.511,-1.015,-1.795,0.0000,-0.7148,0.0000,0.6993
8.599,2,6.511,-1.015,-1.795,0.0000,-0.7148,0.0000,0.6993
8.599,2,6.511,-1.015,-1.795,0.0000,-0.7148,0.0000,0.6993
8.599,2,6.511,-1.015,-1.795,0.0000,-0.7148,0.0000,0.6993
8.599,2,6.511,-1.015,-1.795,0.0000,-0.7148,0.0000,0.6993
8.599,2,6.511,-1.015,-1.795,0.0000,-0.7148,0.0000,0.6993
8.599,2,6.511,-1.015,-1.795,0.0000,-0.7148,0.0000,0.6993
8.599,2,6.511,-1.015,-1.795,0.0000,-0.7148,0.0000,0.6993
8.599,2,6.511,-1.015,-1.795,0.0000,-0.7148,0.0000,0.6993
8.599,2,6.511,-1.015,-1.795,0.0000,-0.7148,0.0000,0.6993
8.599,2,6.511,-1.015,-1.795,0.0000,-0.7148,0.0000,0.6993
8.599,2,6.511,-1.015,-1.795,0.0000,-0.7148,0.0000,0.6993
8.599,2,6.511,-1.015,-1.795,0.0000,-0.7148,0.0000,0.6993
8.599,2,6.511,-1.015,-1.795,0.0000,-0.7148,0.0000,0.6993
8.599,2,6.511,-1.015,-1.795,0.0000,-0.7148,0.0000,0.6993
8.599,2,6.511,-1.015,-1.795,0.0000,-0.7148,0.0000,0.6993
8.599,2,6.511,-1.015,-1.795,0.0000,-0.7148,0.0000,0.6993
8.599,2,6.511,-1.015,-1.795,0.0000,-0.7148,0.0000,0.6993
8.599,2,6.511,-1.015,-1.795,0.0000,-0.7148,0.0000,0.6993
8.599,2,6.511,-1.015,-1.795,0.0000,-0.7148,0.0000,0.6993
8.599,2,6.511,-1.015,-1.795,0.0000,-0.7148,0.0000,0.6993
8.599,2,6.511,-1.015,-1.795,0.0000,-0.7148,0.0000,0.6993
8.599,2,6.511,-1.015,-1.795,0.0000,-0.7148,0.0000,0.6993
8.599,2,6.511,-1.015,-1.795,0.0000,-0.7148,0.0000,0.6993
8.599,2,6.511,-1.015,-1.795,0.0000,-0.7148,0.0000,0.6993
8.599,2,6.511,-1.015,-1.795,0.0000,-0.7148,0.0000,0.6993
8.599,2,6.511,-1.015,-1.795,0.0000,-0.7148,0.0000,0.6993
8.599,2,6.511,-1.015,-1.795,0.0000,-0.7148,0.0000,0.6993
8.599,2,6.511,-1.015,-1.795,0.0000,-0.7148,0.0000,0.6993
8.599,2,6.511,-1.015,-1.795,0.0000,-0.7148,0.0000,0.6993
8.599,2,6.511,-1.015,-1.795,0.0000,-0.7148,0.0000,0.6993
8.599,2,6.511,-1.015,-1.795,0.0000,-0.7148,0.0000,0.6993
8.599,2,6.511,-1.015,-1.795,0.0000,-0.7148,0.0000,0.6993
8.599,2,6.511,-1.015,-1.795,0.0000,-0.7148,0.0000,0.6993
8.599,2,6.511,-1.015,-1.795,0.0000,-0.7148,0.0000,0.6993
8.599,2,6.511,-1.015,-1.795,0.0000,-0.7148,0.0000,0.6993
8.599,2,6.511,-1.015,-1.795,0.0000,-0.7148,0.0000,0.6993
8.599,2,6.511,-1.015,-1.795,0.0000,-0.7148,0.0000,0.6993
8.599,2,6.511,-1.015,-1.795,0.0000,-0.7148,0.0000,0.6993
8.599,2,6.511,-1.015,-1.795,0.0000,-0.7148,0.0000,0.6993
8.599,2,6.511,-1.015,-1.795,0.0000,-0.7148,0.0000,0.6993
8.599,2,6.511,-1.015,-1.795,0.0000,-0.7148,0.0000,0.6993
8.599,2,6.511,-1.015,-1.795,0.0000,-0.7148,0.0000,0.6993
8.599,2,6.511,-1.015,-1.795,0.0000,-0.7148,0.0000,0.6993
8.599,2,6.511,-1.015,-1.795,0.0000,-0.7148,0.0000,0.6993
8.599,2,6.511,-1.015,-1.795,0.0000,-0.7148,0.0000,0.6993
8.599,2,6.511,-1.015,-1.795,0.0000,-0.7148,0.0000,0.6993
8.599,2,6.511,-1.015,-1.795,0.0000,-0.7148,0.0000,0.6993
8.599,2,6.511,-1.015,-1.795,0.0000,-0.7148,0.0000,0.6993
8.599,2,6.511,-1.015,-1.795,0.0000,-0.7148,0.0000,0.6993
8.599,2,6.511,-1.015,-1.795,0.0000,-0.7148,0.0000,0.6993
8.599,2,6.511,-1.015,-1.795,0.0000,-0.7148,0.0000,0.6993
8.599,2,6.511,-1.015,-1.795,0.0000,-0.7148,0.0000,0.6993
8.599,2,6.511,-1.015,-1.795,0.0000,-0.7148,0.0000,0.6993
8.599,2,6.511,-1.015,-1.795,0.0000,-0.7148,0.0000,0.6993
8.599,2,6.511,-1.015,-1.795,0.0000,-0.7148,0.0000,0.6993
8.599,2,6.511,-1.015,-1.795,0.0000,-0.7148,0.0000,0.6993
8.599,2,6.511,-1.015,-1.795,0.0000,-0.7148,0.0000,0.6993
8.599,2,6.511,-1.015,-1.795,0.0000,-0.7148,0.0000,0.6993
8.599,2,6.511,-1.015,-1.795,0.0000,-0.7148,0.0000,0.6993
8.599,2,6.511,-1.015,-1.795,0.0000,-0.7148,0.0000,0.6993
8.599,2,6.511,-1.015,-1.795,0.0000,-0.7148,0.0000,0.6993
8.599,2,6.511,-1.015,-1.795,0.0000,-0.7148,0.0000,0.6993
8.599,2,6.511,-1.015,-1.795,0.0000,-0.7148,0.0000,0.6993
8.599,2,6.511,-1.015,-1.795,0.0000,-0.7148,0.0000,0.6993
8.599,2,6.511,-1.015,-1.795,0.0000,-0.7148,0.0000,0.6993
8.599,2,6.511,-1.015,-1.795,0.0000,-0.7148,0.0000,0.6993
8.599,2,6.511,-1.015,-1.795,0.0000,-0.7148,0.0000,0.6993
8.599,2,6.511,-1.015,-1.795,0.0000,-0.7148,0.0000,0.6993
8.599,2,6.511,-1.015,-1.795,0.0000,-0.7148,0.0000,0.6993
8.599,2,6.511,-1.015,-1.795,0.0000,-0.7148,0.0000,0.6993
8.599,2,6.511,-1.015,-1.795,0.0000,-0.7148,0.0000,0.6993
8.599,2,6.511,-1.015,-1.795,0.0000,-0.7148,0.0000,0.6993
8.599,2,6.511,-1.015,-1.795,0.0000,-0.7148,0.0000,0.6993
8.599,2,6.511,-1.015,-1.795,0.0000,-0.7148,0.0000,0.6993
8.599,2,6.511,-1.015,-1.795,0.0000,-0.7148,0.0000,0.6993
8.599,2,6.511,-1.015,-1.795,0.0000,-0.7148,0.0000,0.6993
8.599,2,6.511,-1.015,-1.795,0.0000,-0.7148,0.0000,0.6993
8.599,2,6.511,-1.015,-1.795,0.0000,-0.7148,0.0000,0.6993
8.599,2,6.511,-1.015,-1.795,0.0000,-0.7148,0.0000,0.6993
8.599,2,6.511,-1.015,-1.795,0.0000,-0.7148,0.0000,0.6993
8.599,2,6.511,-1.015,-1.795,0.0000,-0.7148,0.0000,0.6993
8.599,2,6.511,-1.015,-1.795,0.0000,-0.7148,0.0000,0.6993
8.599,2,6.511,-1.015,-1.795,0.0000,-0.7148,0.0000,0.6993
8.599,2,6.511,-1.015,-1.795,0.0000,-0.7148,0.0000,0.6993
8.599,2,6.511,-1.015,-1.795,0.0000,-0.7148,0.0000,0.6993
8.599,2,6.511,-1.015,-1.795,0.0000,-0.7148,0.0000,0.6993
8.599,2,6.511,-1.015,-1.795,0.0000,-0.7148,0.0000,0.6993
8.599,2,6.511,-1.015,-1.795,0.0000,-0.7148,0.0000,0.6993
8.599,2,6.511,-1.015,-1.795,0.0000,-0.7148,0.0000,0.6993
8.599,2,6.511,-1.015,-1.795,0.0000,-0.7148,0.0000,0.6993
8.635,2,6.511,-1.049,-1.795,0.0000,-0.7148,0.0000,0.6993
8.635,2,6.511,-1.049,-1.795,0.0000,-0.7148,0.0000,0.6993
8.689,2,6.511,-1.129,-1.795,0.0000,-0.7148,0.0000,0.6993
8.717,2,6.511,-1.198,-1.795,0.0000,-0.7148,0.0000,0.6993
8.741,2,6.511,-1.239,-1.795,0.0000,-0.7148,0.0000,0.6993
8.767,2,6.511,-1.333,-1.795,0.0000,-0.7148,0.0000,0.6993
8.809,2,6.511,-1.443,-1.795,0.0000,-0.7148,0.0000,0.6993
8.838,2,6.511,-1.503,-1.795,0.0000,-0.7148,0.0000,0.6993
8.884,2,6.511,-1.637,-1.795,0.0000,-0.7148,0.0000,0.6993
8.914,2,6.511,-1.709,-1.795,0.0000,-0.7148,0.0000,0.6993
8.937,2,6.511,-1.662,-1.795,0.0000,-0.7148,0.0000,0.6993
8.977,2,6.511,-1.639,-1.795,0.0000,-0.7148,0.0000,0.6993
9.803,2,6.511,-1.646,-1.795,0.0000,-0.7148,0.0000,0.6993
9.803,2,6.511,-1.646,-1.795,0.0000,-0.7148,0.0000,0.6993
9.803,2,6.511,-1.646,-1.795,0.0000,-0.7148,0.0000,0.6993
9.803,2,6.511,-1.646,-1.795,0.0000,-0.7148,0.0000,0.6993
9.803,2,6.511,-1.646,-1.795,0.0000,-0.7148,0.0000,0.6993
9.803,2,6.511,-1.646,-1.795,0.0000,-0.7148,0.0000,0.6993
9.803,2,6.511,-1.646,-1.795,0.0000,-0.7148,0.0000,0.6993
9.803,2,6.511,-1.646,-1.795,0.0000,-0.7148,0.0000,0.6993
9.803,2,6.511,-1.646,-1.795,0.0000,-0.7148,0.0000,0.6993
9.803,2,6.511,-1.646,-1.795,0.0000,-0.7148,0.0000,0.6993
9.803,2,6.511,-1.646,-1.795,0.0000,-0.7148,0.0000,0.6993
9.803,2,6.511,-1.646,-1.795,0.0000,-0.7148,0.0000,0.6993
9.803,2,6.511,-1.646,-1.795,0.0000,-0.7148,0.0000,0.6993
9.803,2,6.511,-1.646,-1.795,0.0000,-0.7148,0.0000,0.6993
9.803,2,6.511,-1.646,-1.795,0.0000,-0.7148,0.0000,0.6993
9.803,2,6.511,-1.646,-1.795,0.0000,-0.7148,0.0000,0.6993
9.803,2,6.511,-1.646,-1.795,0.0000,-0.7148,0.0000,0.6993
9.803,2,6.511,-1.646,-1.795,0.0000,-0.7148,0.0000,0.6993
9.803,2,6.511,-1.646,-1.795,0.0000,-0.7148,0.0000,0.6993
9.803,2,6.511,-1.646,-1.795,0.0000,-0.7148,0.0000,0.6993
9.803,2,6.511,-1.646,-1.795,0.0000,-0.7148,0.0000,0.6993
9.803,2,6.511,-1.646,-1.795,0.0000,-0.7148,0.0000,0.6993
9.803,2,6.511,-1.646,-1.795,0.0000,-0.7148,0.0000,0.6993
9.803,2,6.511,-1.646,-1.795,0.0000,-0.7148,0.0000,0.6993
9.803,2,6.511,-1.646,-1.795,0.0000,-0.7148,0.0000,0.6993
9.933,2,6.511,-1.646,-1.795,0.0000,-0.7148,0.0000,0.6993
9.933,2,6.511,-1.646,-1.795,0.0000,-0.7148,0.0000,0.6993
9.933,2,6.511,-1.646,-1.795,0.0000,-0.7148,0.0000,0.6993
9.999,2,6.538,-0.530,-1.822,-0.1355,-0.6533,-0.1829,0.7221
9.999,2,6.538,-0.530,-1.822,-0.1355,-0.6533,-0.1829,0.7221
10.030,2,6.539,-0.641,-1.821,-0.1359,-0.6530,-0.1835,0.7221
10.054,2,6.539,-0.641,-1.821,-0.1372,-0.6525,-0.1847,0.7221
10.093,2,6.539,-0.641,-1.821,-0.1370,-0.6524,-0.1846,0.7221
10.119,2,6.539,-0.641,-1.821,-0.1370,-0.6524,-0.1849,0.7221
10.146,2,6.539,-0.641,-1.821,-0.1375,-0.6523,-0.1846,0.7222
10.182,2,6.539,-0.641,-1.822,-0.1376,-0.6525,-0.1840,0.7222
10.206,2,6.539,-0.641,-1.822,-0.1375,-0.6525,-0.1839,0.7221
10.234,2,6.539,-0.641,-1.822,-0.1376,-0.6526,-0.1838,0.7221
10.287,2,6.539,-0.641,-1.822,-0.1373,-0.6532,-0.1836,0.7217
10.313,2,6.539,-0.641,-1.822,-0.1373,-0.6535,-0.1836,0.7213
10.342,2,6.539,-0.641,-1.822,-0.1371,-0.6537,-0.1830,0.7214
10.370,2,6.538,-0.641,-1.822,-0.1368,-0.6539,-0.1820,0.7215
10.426,2,6.538,-0.641,-1.823,-0.1357,-0.6548,-0.1805,0.7212
10.455,2,6.538,-0.641,-1.823,-0.1352,-0.6554,-0.1794,0.7211
10.481,2,6.537,-0.642,-1.823,-0.1344,-0.6559,-0.1788,0.7210
10.510,2,6.537,-0.642,-1.823,-0.1328,-0.6564,-0.1775,0.7211
10.537,2,6.536,-0.642,-1.823,-0.1311,-0.6571,-0.1757,0.7212
10.594,2,6.535,-0.643,-1.823,-0.1276,-0.6583,-0.1731,0.7214
10.620,2,6.534,-0.643,-1.823,-0.1260,-0.6589,-0.1716,0.7215
10.649,2,6.533,-0.644,-1.823,-0.1244,-0.6593,-0.1702,0.7217
10.677,2,6.533,-0.644,-1.823,-0.1225,-0.6595,-0.1684,0.7223
10.703,2,6.532,-0.645,-1.823,-0.1207,-0.6597,-0.1665,0.7228
10.760,2,6.531,-0.645,-1.822,-0.1177,-0.6602,-0.1627,0.7238
10.788,2,6.530,-0.645,-1.822,-0.1170,-0.6602,-0.1610,0.7242
10.815,2,6.530,-0.646,-1.822,-0.1166,-0.6606,-0.1594,0.7243
10.841,2,6.529,-0.646,-1.822,-0.1155,-0.6615,-0.1578,0.7240
10.871,2,6.529,-0.646,-1.822,-0.1141,-0.6625,-0.1560,0.7237
10.925,2,6.528,-0.647,-1.823,-0.1119,-0.6647,-0.1522,0.7229
10.953,2,6.527,-0.647,-1.823,-0.1107,-0.6657,-0.1505,0.7225
10.982,2,6.527,-0.648,-1.823,-0.1094,-0.6666,-0.1485,0.7222
11.010,2,6.526,-0.648,-1.824,-0.1080,-0.6677,-0.1464,0.7219
11.038,2,6.526,-0.648,-1.824,-0.1064,-0.6688,-0.1443,0.7215
11.094,2,6.525,-0.649,-1.824,-0.1032,-0.6706,-0.1394,0.7213
11.125,2,6.524,-0.650,-1.825,-0.1026,-0.6720,-0.1366,0.7206
11.150,2,6.523,-0.650,-1.826,-0.1023,-0.6730,-0.1347,0.7200
11.178,2,6.523,-0.650,-1.826,-0.1021,-0.6738,-0.1332,0.7196
11.206,2,6.522,-0.651,-1.827,-0.1017,-0.6746,-0.1314,0.7192
11.234,2,6.522,-0.651,-1.827,-0.1012,-0.6754,-0.1292,0.7190
11.289,2,6.521,-0.651,-1.828,-0.1009,-0.6763,-0.1262,0.7187
11.317,2,6.521,-0.652,-1.828,-0.1011,-0.6766,-0.1246,0.7186
11.349,2,6.520,-0.651,-1.828,-0.1014,-0.6771,-0.1232,0.7184
11.373,2,6.520,-0.652,-1.829,-0.1014,-0.6773,-0.1221,0.7183
11.401,2,6.520,-0.652,-1.829,-0.1006,-0.6777,-0.1205,0.7184
11.456,2,6.520,-0.652,-1.830,-0.0987,-0.6794,-0.1173,0.7175
11.485,2,6.519,-0.653,-1.830,-0.0979,-0.6803,-0.1167,0.7169
11.512,2,6.519,-0.653,-1.830,-0.0977,-0.6810,-0.1163,0.7164
11.540,2,6.519,-0.653,-1.830,-0.0976,-0.6814,-0.1160,0.7160
11.571,2,6.519,-0.653,-1.830,-0.0976,-0.6816,-0.1155,0.7159
11.623,2,6.518,-0.653,-1.830,-0.0979,-0.6817,-0.1148,0.7159
11.651,2,6.518,-0.653,-1.830,-0.0976,-0.6819,-0.1140,0.7159
11.680,2,6.518,-0.653,-1.831,-0.0975,-0.6823,-0.1132,0.7156
11.707,2,6.518,-0.653,-1.831,-0.0972,-0.6828,-0.1128,0.7153
11.736,2,6.518,-0.653,-1.831,-0.0971,-0.6833,-0.1129,0.7148
11.794,2,6.518,-0.653,-1.831,-0.0979,-0.6841,-0.1131,0.7139
11.818,2,6.518,-0.653,-1.831,-0.0984,-0.6844,-0.1132,0.7135
11.847,2,6.518,-0.653,-1.832,-0.0988,-0.6848,-0.1130,0.7131
11.874,2,6.518,-0.653,-1.832,-0.0992,-0.6850,-0.1129,0.7129
11.902,2,6.518,-0.653,-1.832,-0.0995,-0.6853,-0.1129,0.7125
11.957,2,6.519,-0.653,-1.832,-0.1009,-0.6856,-0.1133,0.7120
11.985,2,6.519,-0.653,-1.833,-0.1014,-0.6856,-0.1135,0.7119
12.015,2,6.519,-0.653,-1.833,-0.1017,-0.6856,-0.1136,0.7118
12.041,2,6.519,-0.652,-1.833,-0.1017,-0.6856,-0.1137,0.7118
12.069,2,6.519,-0.652,-1.833,-0.1016,-0.6855,-0.1139,0.7119
12.125,2,6.519,-0.652,-1.832,-0.1016,-0.6849,-0.1142,0.7124
12.152,2,6.519,-0.652,-1.832,-0.1017,-0.6845,-0.1142,0.7128
12.180,2,6.519,-0.652,-1.832,-0.1018,-0.6842,-0.1143,0.7130
12.208,2,6.519,-0.652,-1.832,-0.1021,-0.6840,-0.1146,0.7132
12.238,2,6.519,-0.652,-1.832,-0.1020,-0.6837,-0.1150,0.7134
12.291,2,6.519,-0.652,-1.831,-0.1012,-0.6833,-0.1145,0.7140
12.319,2,6.519,-0.652,-1.831,-0.1009,-0.6831,-0.1142,0.7142
12.347,2,6.519,-0.653,-1.831,-0.1006,-0.6829,-0.1138,0.7145
12.376,2,6.519,-0.653,-1.831,-0.1007,-0.6827,-0.1131,0.7148
12.403,2,6.518,-0.653,-1.831,-0.1004,-0.6826,-0.1129,0.7150
12.461,2,6.518,-0.653,-1.831,-0.1000,-0.6822,-0.1130,0.7154
12.487,2,6.518,-0.653,-1.831,-0.1002,-0.6820,-0.1127,0.7156
12.515,2,6.518,-0.653,-1.831,-0.0996,-0.6818,-0.1121,0.7160
12.543,2,6.518,-0.653,-1.831,-0.0988,-0.6817,-0.1113,0.7163
12.571,2,6.517,-0.653,-1.831,-0.0980,-0.6819,-0.1101,0.7164
12.626,2,6.516,-0.654,-1.831,-0.0955,-0.6829,-0.1070,0.7163
12.654,2,6.516,-0.655,-1.831,-0.0937,-0.6835,-0.1052,0.7162
12.684,2,6.515,-0.655,-1.831,-0.0914,-0.6843,-0.1028,0.7161
12.711,2,6.514,-0.656,-1.831,-0.0886,-0.6852,-0.1000,0.7160
12.739,2,6.513,-0.657,-1.831,-0.0851,-0.6859,-0.0965,0.7162
12.794,2,6.510,-0.658,-1.832,-0.0776,-0.6879,-0.0882,0.7163
12.821,2,6.509,-0.660,-1.832,-0.0727,-0.6899,-0.0816,0.7156
12.849,2,6.507,-0.661,-1.832,-0.0679,-0.6927,-0.0745,0.7142
12.877,2,6.504,-0.662,-1.832,-0.0642,-0.6965,-0.0679,0.7114
12.909,2,6.501,-0.663,-1.832,-0.0606,-0.7014,-0.0619,0.7075
12.960,2,6.495,-0.667,-1.831,-0.0485,-0.7115,-0.0507,0.6992
12.988,2,6.492,-0.669,-1.829,-0.0409,-0.7159,-0.0441,0.6956
13.016,2,6.488,-0.671,-1.828,-0.0325,-0.7196,-0.0367,0.6926
13.046,2,6.486,-0.673,-1.826,-0.0256,-0.7235,-0.0300,0.6892
13.071,2,6.484,-0.675,-1.825,-0.0186,-0.7275,-0.0241,0.6854
13.130,2,6.481,-0.678,-1.823,-0.0028,-0.7324,-0.0127,0.6807
13.155,2,6.481,-0.677,-1.822,-0.0012,-0.7337,-0.0121,0.6794
13.185,2,6.480,-0.677,-1.821,-0.0042,-0.7355,-0.0111,0.6774
13.214,2,6.481,-0.677,-1.820,-0.0053,-0.7380,-0.0069,0.6747
13.239,2,6.481,-0.676,-1.820,-0.0051,-0.7409,-0.0050,0.6716
13.268,2,6.481,-0.676,-1.820,-0.0055,-0.7447,-0.0018,0.6674
13.324,2,6.483,-0.676,-1.820,-0.0007,-0.7507,0.0030,0.6606
13.352,2,6.483,-0.676,-1.819,0.0012,-0.7537,0.0073,0.6572
13.378,2,6.484,-0.676,-1.819,0.0039,-0.7561,0.0108,0.6543
13.407,2,6.483,-0.677,-1.819,0.0077,-0.7576,0.0136,0.6526
13.435,2,6.483,-0.678,-1.818,0.0120,-0.7583,0.0185,0.6515
13.491,2,6.482,-0.678,-1.817,0.0189,-0.7581,0.0226,0.6515
13.519,2,6.481,-0.678,-1.817,0.0192,-0.7574,0.0176,0.6524
13.548,2,6.481,-0.678,-1.816,0.0258,-0.7569,0.0164,0.6528
13.577,2,6.480,-0.678,-1.816,0.0310,-0.7553,0.0154,0.6544
13.603,2,6.478,-0.679,-1.816,0.0340,-0.7555,0.0143,0.6541
13.657,2,6.475,-0.680,-1.815,0.0311,-0.7557,0.0240,0.6537
13.686,2,6.473,-0.682,-1.816,0.0376,-0.7526,0.0308,0.6567
13.714,2,6.470,-0.684,-1.816,0.0422,-0.7503,0.0358,0.6588
13.743,2,6.469,-0.685,-1.816,0.0516,-0.7469,0.0409,0.6617
13.771,2,6.468,-0.685,-1.815,0.0525,-0.7456,0.0420,0.6629
13.800,2,6.467,-0.684,-1.815,0.0485,-0.7443,0.0473,0.6644
13.853,2,6.465,-0.686,-1.816,0.0594,-0.7406,0.0459,0.6677
13.880,2,6.464,-0.687,-1.816,0.0585,-0.7382,0.0519,0.6700
13.909,2,6.463,-0.688,-1.817,0.0580,-0.7386,0.0503,0.6697
13.935,2,6.463,-0.690,-1.817,0.0561,-0.7388,0.0480,0.6699
13.991,2,6.462,-0.692,-1.818,0.0527,-0.7384,0.0442,0.6709
14.021,2,6.463,-0.692,-1.818,0.0518,-0.7379,0.0439,0.6715
14.048,2,6.464,-0.691,-1.817,0.0488,-0.7361,0.0441,0.6737
14.075,2,6.463,-0.690,-1.818,0.0445,-0.7348,0.0408,0.6756
14.103,2,6.462,-0.688,-1.817,0.0390,-0.7341,0.0343,0.6771
14.158,2,6.462,-0.686,-1.817,0.0343,-0.7291,0.0193,0.6832
14.186,2,6.462,-0.685,-1.816,0.0314,-0.7265,0.0146,0.6863
14.215,2,6.462,-0.685,-1.816,0.0287,-0.7242,0.0105,0.6889
14.243,2,6.461,-0.684,-1.816,0.0279,-0.7229,0.0057,0.6904
14.270,2,6.461,-0.684,-1.816,0.0274,-0.7217,0.0016,0.6916
14.326,2,6.460,-0.684,-1.816,0.0238,-0.7231,0.0003,0.6903
14.355,2,6.460,-0.683,-1.815,0.0186,-0.7203,-0.0004,0.6934
14.381,2,6.460,-0.683,-1.814,0.0168,-0.7176,-0.0040,0.6962
14.410,2,6.460,-0.683,-1.814,0.0162,-0.7146,-0.0085,0.6992
14.438,2,6.460,-0.683,-1.813,0.0165,-0.7113,-0.0125,0.7026
14.469,2,6.458,-0.682,-1.813,0.0129,-0.7086,-0.0155,0.7053
14.521,2,6.457,-0.684,-1.813,0.0095,-0.7025,-0.0183,0.7114
14.548,2,6.455,-0.684,-1.812,0.0084,-0.7002,-0.0180,0.7136
14.576,2,6.454,-0.684,-1.812,0.0036,-0.6990,-0.0180,0.7149
14.611,2,6.452,-0.684,-1.812,0.0001,-0.6962,-0.0212,0.7175
14.635,2,6.449,-0.685,-1.811,-0.0032,-0.6929,-0.0241,0.7206
14.698,2,6.443,-0.685,-1.810,-0.0092,-0.6899,-0.0257,0.7234
14.735,2,6.440,-0.685,-1.810,-0.0093,-0.6896,-0.0283,0.7236
14.735,2,6.440,-0.685,-1.810,-0.0093,-0.6896,-0.0283,0.7236
14.790,2,6.433,-0.687,-1.809,-0.0036,-0.6900,-0.0323,0.7231
14.817,2,6.430,-0.687,-1.809,-0.0015,-0.6902,-0.0322,0.7229
14.857,2,6.428,-0.687,-1.810,-0.0023,-0.6900,-0.0322,0.7230
14.883,2,6.427,-0.688,-1.810,-0.0029,-0.6898,-0.0327,0.7232
14.913,2,6.425,-0.687,-1.810,-0.0042,-0.6886,-0.0352,0.7243
14.938,2,6.423,-0.686,-1.811,-0.0070,-0.6871,-0.0381,0.7256
14.994,2,6.421,-0.684,-1.811,-0.0159,-0.6859,-0.0412,0.7263
15.021,2,6.420,-0.684,-1.812,-0.0188,-0.6863,-0.0419,0.7258
15.049,2,6.420,-0.683,-1.812,-0.0229,-0.6872,-0.0435,0.7248
15.078,2,6.419,-0.682,-1.812,-0.0292,-0.6885,-0.0459,0.7232
15.106,2,6.419,-0.682,-1.812,-0.0350,-0.6892,-0.0478,0.7221
15.136,2,6.418,-0.682,-1.812,-0.0399,-0.6897,-0.0480,0.7214
15.190,2,6.418,-0.684,-1.810,-0.0441,-0.6904,-0.0452,0.7207
15.217,2,6.418,-0.684,-1.809,-0.0456,-0.6904,-0.0463,0.7205
15.245,2,6.417,-0.685,-1.808,-0.0476,-0.6907,-0.0472,0.7200
15.272,2,6.417,-0.686,-1.807,-0.0452,-0.6903,-0.0479,0.7205
15.329,2,6.418,-0.689,-1.806,-0.0412,-0.6904,-0.0445,0.7209
15.358,2,6.418,-0.688,-1.806,-0.0452,-0.6923,-0.0409,0.7190
15.384,2,6.418,-0.688,-1.805,-0.0486,-0.6936,-0.0405,0.7175
15.413,2,6.418,-0.689,-1.805,-0.0497,-0.6954,-0.0411,0.7157
15.440,2,6.418,-0.688,-1.805,-0.0516,-0.6972,-0.0416,0.7138
15.469,2,6.418,-0.688,-1.804,-0.0539,-0.6980,-0.0421,0.7129
15.525,2,6.419,-0.688,-1.803,-0.0547,-0.6987,-0.0418,0.7121
15.552,2,6.419,-0.688,-1.802,-0.0544,-0.6993,-0.0433,0.7115
15.580,2,6.419,-0.687,-1.800,-0.0562,-0.6998,-0.0456,0.7107
15.608,2,6.419,-0.687,-1.799,-0.0579,-0.6998,-0.0484,0.7103
15.635,2,6.420,-0.687,-1.798,-0.0561,-0.6999,-0.0491,0.7104
15.690,2,6.422,-0.687,-1.796,-0.0553,-0.7001,-0.0543,0.7098
15.718,2,6.422,-0.686,-1.794,-0.0541,-0.6995,-0.0563,0.7103
15.746,2,6.423,-0.686,-1.793,-0.0542,-0.6988,-0.0593,0.7108
15.774,2,6.424,-0.686,-1.792,-0.0541,-0.6980,-0.0618,0.7113
15.803,2,6.424,-0.686,-1.791,-0.0529,-0.6971,-0.0625,0.7122
15.857,2,6.425,-0.686,-1.790,-0.0526,-0.6953,-0.0646,0.7139
15.885,2,6.426,-0.686,-1.789,-0.0521,-0.6944,-0.0651,0.7148
15.912,2,6.427,-0.686,-1.788,-0.0514,-0.6934,-0.0652,0.7157
15.940,2,6.427,-0.685,-1.788,-0.0515,-0.6930,-0.0655,0.7161
15.968,2,6.427,-0.685,-1.787,-0.0523,-0.6929,-0.0665,0.7161
16.024,2,6.428,-0.685,-1.787,-0.0523,-0.6930,-0.0670,0.7160
16.051,2,6.428,-0.685,-1.787,-0.0532,-0.6931,-0.0686,0.7156
16.078,2,6.429,-0.685,-1.786,-0.0531,-0.6932,-0.0696,0.7154
16.107,2,6.429,-0.685,-1.786,-0.0524,-0.6933,-0.0698,0.7154
16.134,2,6.429,-0.685,-1.786,-0.0526,-0.6931,-0.0706,0.7154
16.190,2,6.429,-0.683,-1.786,-0.0560,-0.6924,-0.0743,0.7155
16.218,2,6.430,-0.683,-1.786,-0.0558,-0.6920,-0.0749,0.7158
16.246,2,6.430,-0.683,-1.786,-0.0555,-0.6918,-0.0747,0.7161
16.273,2,6.430,-0.683,-1.786,-0.0557,-0.6915,-0.0752,0.7163
16.302,2,6.430,-0.683,-1.786,-0.0558,-0.6908,-0.0761,0.7168
16.357,2,6.431,-0.683,-1.786,-0.0561,-0.6891,-0.0761,0.7184
16.385,2,6.431,-0.683,-1.786,-0.0557,-0.6883,-0.0760,0.7193
16.414,2,6.431,-0.683,-1.786,-0.0546,-0.6875,-0.0753,0.7203
16.441,2,6.431,-0.684,-1.786,-0.0539,-0.6868,-0.0738,0.7211
16.471,2,6.431,-0.684,-1.786,-0.0535,-0.6861,-0.0731,0.7219
16.525,2,6.432,-0.684,-1.786,-0.0553,-0.6850,-0.0753,0.7225
16.553,2,6.432,-0.683,-1.785,-0.0556,-0.6846,-0.0760,0.7228
16.580,2,6.432,-0.683,-1.785,-0.0562,-0.6842,-0.0768,0.7231
16.608,2,6.432,-0.683,-1.785,-0.0571,-0.6841,-0.0775,0.7231
16.635,2,6.432,-0.683,-1.785,-0.0574,-0.6841,-0.0780,0.7230
16.692,2,6.432,-0.682,-1.785,-0.0585,-0.6840,-0.0793,0.7228
16.719,2,6.432,-0.682,-1.784,-0.0586,-0.6842,-0.0793,0.7226
16.746,2,6.431,-0.682,-1.784,-0.0581,-0.6841,-0.0800,0.7226
16.773,2,6.431,-0.682,-1.784,-0.0583,-0.6842,-0.0807,0.7225
16.801,2,6.431,-0.682,-1.784,-0.0584,-0.6842,-0.0806,0.7225
16.859,2,6.431,-0.682,-1.784,-0.0573,-0.6840,-0.0802,0.7228
16.887,2,6.431,-0.682,-1.784,-0.0579,-0.6841,-0.0798,0.7227
16.916,2,6.431,-0.683,-1.784,-0.0570,-0.6845,-0.0777,0.7226
16.942,2,6.431,-0.683,-1.784,-0.0553,-0.6848,-0.0760,0.7226
16.971,2,6.431,-0.684,-1.784,-0.0541,-0.6850,-0.0758,0.7225
17.026,2,6.430,-0.684,-1.784,-0.0551,-0.6851,-0.0765,0.7223
17.054,2,6.430,-0.683,-1.784,-0.0549,-0.6849,-0.0771,0.7225
17.081,2,6.430,-0.683,-1.784,-0.0544,-0.6843,-0.0779,0.7230
17.109,2,6.430,-0.684,-1.784,-0.0537,-0.6839,-0.0768,0.7235
17.139,2,6.429,-0.684,-1.784,-0.0531,-0.6834,-0.0768,0.7240
17.193,2,6.429,-0.684,-1.784,-0.0532,-0.6826,-0.0777,0.7247
17.220,2,6.429,-0.684,-1.784,-0.0529,-0.6823,-0.0771,0.7250
17.249,2,6.429,-0.684,-1.783,-0.0523,-0.6818,-0.0769,0.7256
17.275,2,6.429,-0.684,-1.783,-0.0524,-0.6810,-0.0770,0.7263
17.303,2,6.429,-0.684,-1.783,-0.0539,-0.6802,-0.0777,0.7269
17.361,2,6.429,-0.684,-1.782,-0.0551,-0.6779,-0.0789,0.7289
17.388,2,6.429,-0.684,-1.782,-0.0547,-0.6769,-0.0792,0.7297
17.414,2,6.429,-0.684,-1.781,-0.0541,-0.6749,-0.0796,0.7316
17.442,2,6.429,-0.684,-1.780,-0.0523,-0.6721,-0.0786,0.7344
17.470,2,6.429,-0.684,-1.779,-0.0518,-0.6691,-0.0781,0.7372
17.526,2,6.429,-0.684,-1.778,-0.0515,-0.6643,-0.0807,0.7413
17.555,2,6.429,-0.684,-1.777,-0.0512,-0.6630,-0.0811,0.7425
17.585,2,6.429,-0.684,-1.777,-0.0517,-0.6619,-0.0816,0.7433
17.609,2,6.429,-0.684,-1.776,-0.0518,-0.6611,-0.0818,0.7440
17.637,2,6.429,-0.684,-1.776,-0.0515,-0.6607,-0.0819,0.7444
17.693,2,6.429,-0.683,-1.776,-0.0523,-0.6606,-0.0833,0.7443
17.721,2,6.429,-0.683,-1.776,-0.0530,-0.6606,-0.0835,0.7442
17.750,2,6.429,-0.683,-1.776,-0.0535,-0.6609,-0.0838,0.7439
17.776,2,6.429,-0.683,-1.776,-0.0538,-0.6611,-0.0839,0.7437
17.805,2,6.430,-0.683,-1.776,-0.0539,-0.6613,-0.0835,0.7435
17.859,2,6.430,-0.683,-1.776,-0.0548,-0.6622,-0.0844,0.7426
17.887,2,6.430,-0.683,-1.776,-0.0554,-0.6629,-0.0849,0.7418
17.916,2,6.430,-0.683,-1.777,-0.0558,-0.6637,-0.0846,0.7411
17.943,2,6.430,-0.683,-1.777,-0.0548,-0.6643,-0.0851,0.7406
17.972,2,6.431,-0.683,-1.777,-0.0548,-0.6645,-0.0858,0.7403
18.029,2,6.431,-0.683,-1.777,-0.0540,-0.6643,-0.0856,0.7406
18.055,2,6.431,-0.683,-1.776,-0.0529,-0.6638,-0.0849,0.7412
18.083,2,6.431,-0.683,-1.776,-0.0525,-0.6632,-0.0844,0.7418
18.111,2,6.431,-0.684,-1.776,-0.0517,-0.6626,-0.0847,0.7424
18.139,2,6.431,-0.684,-1.776,-0.0508,-0.6622,-0.0843,0.7428
18.194,2,6.431,-0.684,-1.775,-0.0510,-0.6614,-0.0847,0.7435
18.223,2,6.431,-0.684,-1.775,-0.0504,-0.6612,-0.0844,0.7437
18.252,2,6.430,-0.684,-1.775,-0.0513,-0.6612,-0.0842,0.7437
18.278,2,6.430,-0.684,-1.775,-0.0515,-0.6613,-0.0842,0.7436
18.306,2,6.430,-0.684,-1.775,-0.0510,-0.6618,-0.0849,0.7431
18.361,2,6.430,-0.684,-1.775,-0.0515,-0.6625,-0.0854,0.7424
18.389,2,6.430,-0.684,-1.775,-0.0517,-0.6625,-0.0854,0.7423
18.416,2,6.429,-0.684,-1.775,-0.0517,-0.6625,-0.0857,0.7423
18.444,2,6.429,-0.684,-1.775,-0.0518,-0.6625,-0.0856,0.7423
18.474,2,6.429,-0.684,-1.775,-0.0503,-0.6624,-0.0848,0.7426
18.500,2,6.429,-0.684,-1.775,-0.0507,-0.6624,-0.0853,0.7425
18.555,2,6.429,-0.684,-1.775,-0.0506,-0.6628,-0.0845,0.7423
18.583,2,6.429,-0.684,-1.775,-0.0508,-0.6631,-0.0844,0.7420
18.611,2,6.429,-0.683,-1.775,-0.0523,-0.6635,-0.0850,0.7415
18.639,2,6.429,-0.683,-1.775,-0.0520,-0.6638,-0.0850,0.7412
18.667,2,6.429,-0.683,-1.775,-0.0521,-0.6639,-0.0851,0.7411
18.722,2,6.429,-0.684,-1.775,-0.0518,-0.6637,-0.0833,0.7415
18.752,2,6.429,-0.683,-1.775,-0.0522,-0.6636,-0.0838,0.7415
18.778,2,6.429,-0.683,-1.775,-0.0521,-0.6634,-0.0846,0.7416
18.807,2,6.429,-0.683,-1.775,-0.0518,-0.6634,-0.0845,0.7417
18.835,2,6.429,-0.683,-1.775,-0.0518,-0.6634,-0.0843,0.7417
18.891,2,6.429,-0.683,-1.774,-0.0544,-0.6631,-0.0863,0.7416
18.919,2,6.429,-0.683,-1.774,-0.0541,-0.6630,-0.0863,0.7417
18.946,2,6.429,-0.683,-1.774,-0.0544,-0.6630,-0.0867,0.7416
18.974,2,6.429,-0.683,-1.774,-0.0540,-0.6631,-0.0868,0.7415
19.002,2,6.429,-0.683,-1.774,-0.0528,-0.6633,-0.0865,0.7414
19.056,2,6.429,-0.683,-1.774,-0.0521,-0.6637,-0.0859,0.7412
19.084,2,6.429,-0.683,-1.773,-0.0521,-0.6637,-0.0862,0.7412
19.112,2,6.429,-0.683,-1.773,-0.0521,-0.6638,-0.0866,0.7411
19.141,2,6.429,-0.683,-1.773,-0.0524,-0.6640,-0.0861,0.7409
19.169,2,6.429,-0.683,-1.773,-0.0527,-0.6644,-0.0863,0.7405
19.225,2,6.429,-0.683,-1.773,-0.0521,-0.6653,-0.0869,0.7397
19.253,2,6.429,-0.684,-1.773,-0.0516,-0.6658,-0.0854,0.7394
19.280,2,6.429,-0.684,-1.773,-0.0505,-0.6661,-0.0856,0.7392
19.307,2,6.429,-0.684,-1.773,-0.0503,-0.6662,-0.0864,0.7391
19.334,2,6.429,-0.684,-1.773,-0.0509,-0.6662,-0.0864,0.7390
19.392,2,6.429,-0.683,-1.772,-0.0524,-0.6659,-0.0869,0.7391
19.419,2,6.429,-0.683,-1.772,-0.0524,-0.6655,-0.0875,0.7394
19.447,2,6.429,-0.683,-1.772,-0.0527,-0.6654,-0.0874,0.7395
19.475,2,6.429,-0.683,-1.772,-0.0533,-0.6647,-0.0883,0.7399
19.502,2,6.429,-0.682,-1.771,-0.0550,-0.6631,-0.0897,0.7411
19.558,2,6.429,-0.683,-1.770,-0.0552,-0.6606,-0.0869,0.7437
19.589,2,6.429,-0.683,-1.770,-0.0536,-0.6600,-0.0871,0.7442
19.615,2,6.429,-0.683,-1.770,-0.0531,-0.6596,-0.0873,0.7447
19.643,2,6.429,-0.683,-1.769,-0.0533,-0.6594,-0.0867,0.7449
19.671,2,6.429,-0.683,-1.769,-0.0528,-0.6597,-0.0863,0.7447
19.727,2,6.429,-0.684,-1.769,-0.0515,-0.6603,-0.0868,0.7442
19.754,2,6.429,-0.684,-1.769,-0.0508,-0.6608,-0.0865,0.7438
19.782,2,6.429,-0.684,-1.769,-0.0509,-0.6616,-0.0855,0.7433
19.811,2,6.429,-0.684,-1.770,-0.0502,-0.6624,-0.0845,0.7427
19.837,2,6.429,-0.684,-1.770,-0.0498,-0.6629,-0.0845,0.7422
19.893,2,6.429,-0.684,-1.770,-0.0510,-0.6636,-0.0848,0.7415
19.921,2,6.429,-0.684,-1.770,-0.0515,-0.6636,-0.0850,0.7415
19.949,2,6.429,-0.683,-1.770,-0.0523,-0.6633,-0.0862,0.7415
19.977,2,6.430,-0.683,-1.770,-0.0533,-0.6631,-0.0871,0.7415
20.005,2,6.430,-0.683,-1.770,-0.0531,-0.6625,-0.0888,0.7419
20.034,2,6.430,-0.683,-1.769,-0.0549,-0.6623,-0.0905,0.7418
20.088,2,6.430,-0.683,-1.769,-0.0526,-0.6619,-0.0902,0.7423
20.115,2,6.431,-0.683,-1.770,-0.0534,-0.6617,-0.0906,0.7424
20.143,2,6.431,-0.683,-1.770,-0.0544,-0.6617,-0.0899,0.7424
20.171,2,6.431,-0.683,-1.770,-0.0540,-0.6618,-0.0894,0.7423
20.227,2,6.431,-0.683,-1.770,-0.0534,-0.6630,-0.0885,0.7414
20.256,2,6.432,-0.683,-1.770,-0.0534,-0.6633,-0.0883,0.7412
20.283,2,6.432,-0.683,-1.770,-0.0544,-0.6633,-0.0896,0.7409
20.311,2,6.431,-0.682,-1.770,-0.0556,-0.6632,-0.0907,0.7408
20.339,2,6.431,-0.682,-1.770,-0.0570,-0.6633,-0.0920,0.7405
20.367,2,6.431,-0.682,-1.770,-0.0563,-0.6636,-0.0921,0.7403
20.422,2,6.431,-0.682,-1.770,-0.0573,-0.6635,-0.0936,0.7401
20.451,2,6.431,-0.682,-1.769,-0.0570,-0.6634,-0.0931,0.7402
20.480,2,6.431,-0.682,-1.769,-0.0563,-0.6632,-0.0924,0.7406
20.506,2,6.431,-0.682,-1.769,-0.0564,-0.6631,-0.0924,0.7407
20.535,2,6.431,-0.682,-1.769,-0.0559,-0.6628,-0.0926,0.7409
20.590,2,6.431,-0.682,-1.769,-0.0563,-0.6622,-0.0907,0.7417
20.618,2,6.431,-0.682,-1.768,-0.0565,-0.6619,-0.0901,0.7420
20.645,2,6.431,-0.682,-1.768,-0.0566,-0.6617,-0.0901,0.7422
20.671,2,6.431,-0.682,-1.768,-0.0571,-0.6617,-0.0902,0.7421
20.701,2,6.431,-0.682,-1.768,-0.0580,-0.6620,-0.0905,0.7417
20.756,2,6.431,-0.682,-1.769,-0.0592,-0.6629,-0.0915,0.7408
20.784,2,6.431,-0.682,-1.769,-0.0600,-0.6631,-0.0916,0.7404
20.812,2,6.431,-0.682,-1.769,-0.0599,-0.6634,-0.0922,0.7401
20.842,2,6.431,-0.681,-1.769,-0.0607,-0.6635,-0.0932,0.7398
20.869,2,6.431,-0.681,-1.769,-0.0617,-0.6636,-0.0940,0.7395
20.925,2,6.431,-0.682,-1.769,-0.0582,-0.6635,-0.0919,0.7402
20.951,2,6.431,-0.682,-1.769,-0.0582,-0.6633,-0.0918,0.7404
20.979,2,6.431,-0.682,-1.769,-0.0575,-0.6633,-0.0911,0.7406
21.006,2,6.431,-0.682,-1.769,-0.0565,-0.6632,-0.0906,0.7408
21.034,2,6.431,-0.682,-1.769,-0.0569,-0.6633,-0.0909,0.7406
21.090,2,6.431,-0.682,-1.769,-0.0585,-0.6639,-0.0920,0.7398
21.116,2,6.431,-0.682,-1.769,-0.0582,-0.6642,-0.0915,0.7396
21.146,2,6.431,-0.682,-1.770,-0.0591,-0.6646,-0.0912,0.7393
21.173,2,6.431,-0.682,-1.770,-0.0594,-0.6647,-0.0912,0.7392
21.201,2,6.431,-0.682,-1.770,-0.0593,-0.6647,-0.0912,0.7391
21.258,2,6.430,-0.681,-1.770,-0.0629,-0.6654,-0.0939,0.7378
21.285,2,6.430,-0.681,-1.770,-0.0621,-0.6663,-0.0935,0.7372
21.314,2,6.430,-0.681,-1.771,-0.0621,-0.6671,-0.0931,0.7365
21.341,2,6.430,-0.681,-1.771,-0.0627,-0.6676,-0.0937,0.7360
21.371,2,6.430,-0.681,-1.771,-0.0612,-0.6678,-0.0929,0.7360
21.424,2,6.430,-0.681,-1.771,-0.0605,-0.6678,-0.0911,0.7363
21.453,2,6.430,-0.681,-1.771,-0.0600,-0.6677,-0.0911,0.7364
21.479,2,6.430,-0.682,-1.771,-0.0593,-0.6676,-0.0908,0.7366
21.508,2,6.430,-0.682,-1.771,-0.0588,-0.6673,-0.0904,0.7369
21.537,2,6.430,-0.682,-1.771,-0.0587,-0.6671,-0.0901,0.7371
21.594,2,6.430,-0.682,-1.771,-0.0584,-0.6666,-0.0901,0.7376
21.619,2,6.430,-0.682,-1.770,-0.0595,-0.6666,-0.0911,0.7375
21.647,2,6.430,-0.682,-1.770,-0.0590,-0.6667,-0.0911,0.7374
21.675,2,6.430,-0.682,-1.770,-0.0576,-0.6672,-0.0906,0.7371
21.702,2,6.430,-0.682,-1.770,-0.0580,-0.6672,-0.0908,0.7371
21.759,2,6.430,-0.682,-1.770,-0.0579,-0.6672,-0.0906,0.7371
21.786,2,6.430,-0.682,-1.770,-0.0570,-0.6670,-0.0903,0.7374
21.815,2,6.430,-0.682,-1.770,-0.0573,-0.6666,-0.0904,0.7377
21.841,2,6.430,-0.682,-1.770,-0.0571,-0.6663,-0.0904,0.7380
21.870,2,6.430,-0.682,-1.770,-0.0576,-0.6659,-0.0909,0.7382
21.926,2,6.430,-0.682,-1.770,-0.0580,-0.6652,-0.0923,0.7386
21.954,2,6.430,-0.682,-1.770,-0.0566,-0.6651,-0.0912,0.7390
21.982,2,6.430,-0.683,-1.769,-0.0559,-0.6651,-0.0901,0.7392
22.010,2,6.430,-0.683,-1.769,-0.0546,-0.6649,-0.0893,0.7396
22.038,2,6.431,-0.683,-1.769,-0.0527,-0.6645,-0.0878,0.7402
22.094,2,6.430,-0.683,-1.769,-0.0532,-0.6639,-0.0886,0.7406
22.121,2,6.430,-0.683,-1.769,-0.0531,-0.6643,-0.0888,0.7403
22.149,2,6.430,-0.683,-1.769,-0.0536,-0.6644,-0.0889,0.7401
22.176,2,6.431,-0.683,-1.769,-0.0538,-0.6644,-0.0892,0.7401
22.204,2,6.431,-0.683,-1.769,-0.0545,-0.6643,-0.0895,0.7401
22.260,2,6.431,-0.683,-1.768,-0.0548,-0.6644,-0.0900,0.7399
22.288,2,6.431,-0.683,-1.768,-0.0538,-0.6644,-0.0902,0.7400
22.315,2,6.431,-0.683,-1.768,-0.0537,-0.6644,-0.0897,0.7400
22.343,2,6.430,-0.683,-1.768,-0.0538,-0.6644,-0.0892,0.7401
22.371,2,6.430,-0.683,-1.768,-0.0531,-0.6645,-0.0890,0.7400
22.427,2,6.431,-0.683,-1.768,-0.0525,-0.6646,-0.0892,0.7400
22.455,2,6.431,-0.683,-1.768,-0.0528,-0.6646,-0.0895,0.7399
22.484,2,6.431,-0.683,-1.768,-0.0538,-0.6644,-0.0905,0.7400
22.510,2,6.431,-0.683,-1.768,-0.0543,-0.6642,-0.0914,0.7400
22.538,2,6.431,-0.683,-1.768,-0.0536,-0.6643,-0.0913,0.7399
22.568,2,6.431,-0.683,-1.768,-0.0543,-0.6648,-0.0912,0.7394
22.622,2,6.431,-0.683,-1.769,-0.0537,-0.6655,-0.0911,0.7389
22.650,2,6.431,-0.682,-1.769,-0.0568,-0.6658,-0.0914,0.7383
22.676,2,6.431,-0.682,-1.769,-0.0582,-0.6659,-0.0920,0.7380
22.706,2,6.431,-0.682,-1.770,-0.0583,-0.6661,-0.0923,0.7378
22.760,2,6.432,-0.682,-1.770,-0.0588,-0.6662,-0.0917,0.7378
22.788,2,6.432,-0.681,-1.770,-0.0605,-0.6660,-0.0932,0.7377
22.818,2,6.432,-0.681,-1.770,-0.0614,-0.6661,-0.0935,0.7374
22.843,2,6.432,-0.681,-1.770,-0.0609,-0.6663,-0.0931,0.7374
22.871,2,6.432,-0.681,-1.770,-0.0609,-0.6663,-0.0933,0.7373
22.929,2,6.432,-0.681,-1.770,-0.0621,-0.6667,-0.0939,0.7368
22.955,2,6.432,-0.681,-1.771,-0.0627,-0.6669,-0.0943,0.7365
22.983,2,6.432,-0.680,-1.771,-0.0634,-0.6672,-0.0944,0.7361
23.012,2,6.432,-0.680,-1.771,-0.0635,-0.6677,-0.0944,0.7357
23.039,2,6.432,-0.680,-1.771,-0.0635,-0.6680,-0.0950,0.7354
23.094,2,6.433,-0.680,-1.771,-0.0651,-0.6682,-0.0966,0.7348
23.122,2,6.433,-0.680,-1.771,-0.0653,-0.6679,-0.0966,0.7350
23.152,2,6.433,-0.680,-1.771,-0.0653,-0.6674,-0.0971,0.7355
23.178,2,6.433,-0.680,-1.771,-0.0659,-0.6668,-0.0975,0.7359
23.207,2,6.434,-0.680,-1.770,-0.0659,-0.6665,-0.0977,0.7362
23.234,2,6.434,-0.680,-1.770,-0.0651,-0.6660,-0.0978,0.7367
23.289,2,6.434,-0.679,-1.770,-0.0671,-0.6653,-0.0994,0.7369
23.317,2,6.434,-0.679,-1.770,-0.0662,-0.6652,-0.0996,0.7370
23.345,2,6.434,-0.680,-1.769,-0.0655,-0.6653,-0.0993,0.7370
23.375,2,6.434,-0.680,-1.769,-0.0651,-0.6653,-0.0994,0.7371
23.401,2,6.434,-0.679,-1.769,-0.0655,-0.6651,-0.1002,0.7371
23.457,2,6.434,-0.680,-1.769,-0.0637,-0.6651,-0.0995,0.7373
23.485,2,6.434,-0.680,-1.769,-0.0629,-0.6653,-0.0988,0.7374
23.513,2,6.434,-0.680,-1.769,-0.0620,-0.6656,-0.0981,0.7373
23.540,2,6.434,-0.680,-1.768,-0.0619,-0.6656,-0.0984,0.7372
23.570,2,6.434,-0.680,-1.768,-0.0624,-0.6655,-0.0990,0.7371
23.623,2,6.434,-0.680,-1.768,-0.0617,-0.6658,-0.0988,0.7370
23.651,2,6.434,-0.680,-1.768,-0.0612,-0.6656,-0.0991,0.7371
23.679,2,6.434,-0.680,-1.768,-0.0614,-0.6656,-0.0994,0.7371
23.708,2,6.434,-0.680,-1.768,-0.0618,-0.6655,-0.0996,0.7371
23.735,2,6.434,-0.680,-1.768,-0.0622,-0.6653,-0.0998,0.7373
23.791,2,6.434,-0.680,-1.768,-0.0625,-0.6654,-0.0992,0.7372
23.819,2,6.434,-0.680,-1.768,-0.0616,-0.6656,-0.0989,0.7372
23.845,2,6.434,-0.680,-1.768,-0.0616,-0.6658,-0.0986,0.7370
23.873,2,6.434,-0.680,-1.768,-0.0618,-0.6659,-0.0988,0.7369
23.902,2,6.434,-0.681,-1.768,-0.0611,-0.6659,-0.0993,0.7369
23.957,2,6.435,-0.681,-1.768,-0.0603,-0.6658,-0.0988,0.7371
23.984,2,6.435,-0.681,-1.768,-0.0604,-0.6657,-0.0990,0.7371
24.013,2,6.435,-0.680,-1.768,-0.0611,-0.6655,-0.0997,0.7371
24.042,2,6.435,-0.680,-1.767,-0.0615,-0.6654,-0.1002,0.7372
24.069,2,6.435,-0.680,-1.767,-0.0620,-0.6652,-0.1004,0.7373
24.125,2,6.435,-0.680,-1.767,-0.0635,-0.6650,-0.1014,0.7372
24.153,2,6.435,-0.680,-1.767,-0.0633,-0.6650,-0.1014,0.7372
24.181,2,6.435,-0.680,-1.767,-0.0630,-0.6650,-0.1014,0.7373
24.209,2,6.436,-0.680,-1.767,-0.0629,-0.6649,-0.1016,0.7373
24.236,2,6.436,-0.680,-1.767,-0.0629,-0.6645,-0.1021,0.7376
24.291,2,6.436,-0.680,-1.767,-0.0632,-0.6635,-0.1014,0.7385
24.319,2,6.436,-0.680,-1.767,-0.0631,-0.6632,-0.1012,0.7388
24.348,2,6.436,-0.680,-1.767,-0.0633,-0.6631,-0.1014,0.7390
24.375,2,6.436,-0.680,-1.767,-0.0640,-0.6629,-0.1022,0.7389
24.403,2,6.436,-0.680,-1.767,-0.0642,-0.6630,-0.1021,0.7388
24.459,2,6.436,-0.680,-1.767,-0.0638,-0.6636,-0.1019,0.7384
24.489,2,6.436,-0.680,-1.766,-0.0640,-0.6638,-0.1025,0.7381
24.515,2,6.436,-0.680,-1.766,-0.0632,-0.6640,-0.1027,0.7379
24.541,2,6.436,-0.680,-1.766,-0.0635,-0.6643,-0.1027,0.7377
24.570,2,6.436,-0.680,-1.766,-0.0632,-0.6647,-0.1024,0.7374
24.625,2,6.436,-0.680,-1.766,-0.0603,-0.6651,-0.1015,0.7373
24.654,2,6.436,-0.680,-1.766,-0.0608,-0.6651,-0.1015,0.7373
24.682,2,6.436,-0.680,-1.766,-0.0615,-0.6651,-0.1017,0.7372
24.711,2,6.436,-0.680,-1.766,-0.0619,-0.6651,-0.1020,0.7371
24.738,2,6.437,-0.680,-1.766,-0.0622,-0.6651,-0.1021,0.7371
24.794,2,6.437,-0.680,-1.766,-0.0634,-0.6644,-0.1041,0.7374
24.821,2,6.437,-0.680,-1.766,-0.0630,-0.6643,-0.1039,0.7375
24.849,2,6.437,-0.680,-1.765,-0.0627,-0.6639,-0.1035,0.7379
24.876,2,6.437,-0.680,-1.765,-0.0627,-0.6634,-0.1039,0.7384
24.904,2,6.437,-0.680,-1.765,-0.0627,-0.6634,-0.1040,0.7384
24.960,2,6.437,-0.680,-1.765,-0.0613,-0.6638,-0.1032,0.7382
24.988,2,6.437,-0.680,-1.765,-0.0613,-0.6642,-0.1036,0.7378
25.015,2,6.437,-0.680,-1.765,-0.0614,-0.6645,-0.1039,0.7375
25.043,2,6.437,-0.680,-1.765,-0.0612,-0.6647,-0.1035,0.7373
25.071,2,6.436,-0.680,-1.765,-0.0610,-0.6649,-0.1040,0.7371
25.128,2,6.436,-0.680,-1.765,-0.0605,-0.6657,-0.1038,0.7365
25.157,2,6.436,-0.680,-1.765,-0.0612,-0.6660,-0.1041,0.7361
25.183,2,6.436,-0.680,-1.765,-0.0612,-0.6662,-0.1041,0.7359
25.212,2,6.436,-0.680,-1.765,-0.0620,-0.6663,-0.1055,0.7355
25.240,2,6.436,-0.680,-1.765,-0.0619,-0.6664,-0.1051,0.7356
25.267,2,6.436,-0.680,-1.765,-0.0605,-0.6667,-0.1045,0.7355
25.323,2,6.436,-0.680,-1.765,-0.0598,-0.6664,-0.1041,0.7358
25.351,2,6.436,-0.680,-1.765,-0.0603,-0.6663,-0.1041,0.7359
25.379,2,6.436,-0.680,-1.765,-0.0604,-0.6660,-0.1044,0.7362
25.405,2,6.436,-0.680,-1.766,-0.0612,-0.6657,-0.1050,0.7363
25.434,2,6.436,-0.680,-1.766,-0.0617,-0.6658,-0.1045,0.7362
25.489,2,6.437,-0.680,-1.766,-0.0603,-0.6668,-0.1036,0.7355
25.517,2,6.437,-0.680,-1.766,-0.0599,-0.6673,-0.1034,0.7352
25.546,2,6.437,-0.680,-1.766,-0.0603,-0.6678,-0.1034,0.7346
25.574,2,6.437,-0.680,-1.766,-0.0612,-0.6681,-0.1039,0.7342
25.604,2,6.437,-0.680,-1.766,-0.0618,-0.6684,-0.1042,0.7338
25.657,2,6.437,-0.679,-1.766,-0.0639,-0.6686,-0.1068,0.7331
25.684,2,6.437,-0.679,-1.766,-0.0648,-0.6685,-0.1074,0.7330
25.713,2,6.437,-0.679,-1.766,-0.0656,-0.6684,-0.1083,0.7329
25.741,2,6.437,-0.679,-1.765,-0.0653,-0.6681,-0.1091,0.7331
25.769,2,6.438,-0.679,-1.765,-0.0645,-0.6679,-0.1087,0.7334
25.827,2,6.438,-0.679,-1.765,-0.0627,-0.6678,-0.1078,0.7339
25.853,2,6.438,-0.679,-1.764,-0.0626,-0.6675,-0.1073,0.7342
25.879,2,6.438,-0.679,-1.764,-0.0628,-0.6673,-0.1074,0.7343
25.908,2,6.438,-0.679,-1.764,-0.0638,-0.6671,-0.1082,0.7343
25.935,2,6.438,-0.679,-1.764,-0.0638,-0.6670,-0.1086,0.7343
25.991,2,6.438,-0.679,-1.764,-0.0629,-0.6672,-0.1083,0.7343
26.017,2,6.438,-0.679,-1.764,-0.0624,-0.6673,-0.1077,0.7343
26.048,2,6.438,-0.679,-1.764,-0.0628,-0.6675,-0.1079,0.7341
26.074,2,6.438,-0.679,-1.764,-0.0634,-0.6676,-0.1085,0.7339
26.101,2,6.438,-0.679,-1.764,-0.0632,-0.6677,-0.1083,0.7338
26.157,2,6.438,-0.679,-1.764,-0.0627,-0.6680,-0.1076,0.7336
26.186,2,6.438,-0.679,-1.764,-0.0620,-0.6679,-0.1074,0.7338
26.214,2,6.438,-0.679,-1.764,-0.0617,-0.6678,-0.1068,0.7340
26.241,2,6.438,-0.680,-1.764,-0.0614,-0.6676,-0.1066,0.7343
26.272,2,6.438,-0.680,-1.763,-0.0602,-0.6671,-0.1063,0.7349
26.324,2,6.437,-0.680,-1.763,-0.0608,-0.6665,-0.1064,0.7353
26.354,2,6.437,-0.679,-1.763,-0.0609,-0.6664,-0.1072,0.7353
26.380,2,6.437,-0.679,-1.763,-0.0612,-0.6663,-0.1081,0.7353
26.407,2,6.437,-0.679,-1.763,-0.0623,-0.6663,-0.1092,0.7350
26.435,2,6.437,-0.679,-1.763,-0.0625,-0.6666,-0.1095,0.7347
26.494,2,6.438,-0.679,-1.763,-0.0611,-0.6669,-0.1080,0.7348
26.520,2,6.438,-0.679,-1.763,-0.0612,-0.6665,-0.1079,0.7351
26.547,2,6.438,-0.679,-1.763,-0.0617,-0.6662,-0.1083,0.7353
26.575,2,6.438,-0.680,-1.763,-0.0598,-0.6662,-0.1068,0.7357
26.604,2,6.438,-0.680,-1.763,-0.0592,-0.6661,-0.1067,0.7359
26.658,2,6.438,-0.680,-1.763,-0.0583,-0.6654,-0.1063,0.7366
26.687,2,6.438,-0.680,-1.763,-0.0579,-0.6650,-0.1059,0.7370
26.716,2,6.438,-0.680,-1.763,-0.0581,-0.6647,-0.1064,0.7372
26.742,2,6.438,-0.680,-1.763,-0.0572,-0.6647,-0.1061,0.7373
26.771,2,6.438,-0.680,-1.762,-0.0569,-0.6644,-0.1057,0.7376
26.825,2,6.438,-0.680,-1.762,-0.0583,-0.6642,-0.1071,0.7375
26.854,2,6.438,-0.680,-1.762,-0.0584,-0.6644,-0.1075,0.7373
26.881,2,6.438,-0.680,-1.762,-0.0595,-0.6644,-0.1083,0.7371
26.908,2,6.437,-0.679,-1.762,-0.0607,-0.6649,-0.1097,0.7364
26.938,2,6.438,-0.679,-1.762,-0.0597,-0.6652,-0.1085,0.7363
26.993,2,6.438,-0.680,-1.763,-0.0601,-0.6652,-0.1089,0.7363
27.021,2,6.438,-0.680,-1.763,-0.0597,-0.6649,-0.1079,0.7366
27.049,2,6.438,-0.680,-1.763,-0.0592,-0.6645,-0.1076,0.7371
27.076,2,6.438,-0.680,-1.763,-0.0597,-0.6642,-0.1074,0.7373
27.104,2,6.438,-0.680,-1.763,-0.0603,-0.6640,-0.1073,0.7375
27.161,2,6.438,-0.680,-1.763,-0.0608,-0.6637,-0.1077,0.7377
27.188,2,6.438,-0.679,-1.763,-0.0608,-0.6639,-0.1074,0.7376
27.215,2,6.438,-0.679,-1.763,-0.0612,-0.6642,-0.1080,0.7371
27.242,2,6.438,-0.679,-1.763,-0.0602,-0.6645,-0.1078,0.7370
27.271,2,6.438,-0.680,-1.763,-0.0595,-0.6650,-0.1064,0.7369
27.326,2,6.438,-0.680,-1.763,-0.0603,-0.6653,-0.1072,0.7364
27.355,2,6.438,-0.680,-1.764,-0.0603,-0.6657,-0.1071,0.7360
27.384,2,6.439,-0.680,-1.764,-0.0604,-0.6657,-0.1072,0.7360
27.411,2,6.439,-0.679,-1.764,-0.0616,-0.6649,-0.1076,0.7366
27.439,2,6.439,-0.679,-1.763,-0.0628,-0.6639,-0.1079,0.7374
27.494,2,6.439,-0.679,-1.763,-0.0614,-0.6626,-0.1066,0.7388
27.523,2,6.438,-0.679,-1.763,-0.0614,-0.6624,-0.1063,0.7390
27.549,2,6.438,-0.679,-1.763,-0.0606,-0.6624,-0.1053,0.7392
27.577,2,6.438,-0.679,-1.763,-0.0612,-0.6627,-0.1053,0.7389
27.606,2,6.438,-0.679,-1.764,-0.0618,-0.6630,-0.1055,0.7386
27.661,2,6.438,-0.680,-1.764,-0.0599,-0.6641,-0.1045,0.7379
27.690,2,6.438,-0.680,-1.764,-0.0593,-0.6646,-0.1042,0.7375
27.718,2,6.437,-0.680,-1.764,-0.0586,-0.6647,-0.1041,0.7375
27.746,2,6.437,-0.680,-1.764,-0.0575,-0.6647,-0.1037,0.7377
27.773,2,6.437,-0.680,-1.764,-0.0569,-0.6645,-0.1036,0.7379
27.801,2,6.437,-0.680,-1.763,-0.0573,-0.6642,-0.1041,0.7381
27.856,2,6.437,-0.680,-1.763,-0.0575,-0.6635,-0.1049,0.7386
27.884,2,6.437,-0.680,-1.763,-0.0580,-0.6631,-0.1051,0.7389
27.913,2,6.437,-0.680,-1.763,-0.0585,-0.6627,-0.1055,0.7391
27.941,2,6.437,-0.680,-1.763,-0.0579,-0.6627,-0.1048,0.7393
27.968,2,6.437,-0.681,-1.763,-0.0571,-0.6627,-0.1039,0.7394
28.022,2,6.437,-0.680,-1.763,-0.0585,-0.6621,-0.1054,0.7397
28.053,2,6.437,-0.680,-1.763,-0.0578,-0.6624,-0.1039,0.7397
28.078,2,6.437,-0.681,-1.763,-0.0564,-0.6623,-0.1025,0.7400
28.106,2,6.437,-0.681,-1.763,-0.0568,-0.6621,-0.1032,0.7401
28.134,2,6.437,-0.681,-1.763,-0.0555,-0.6623,-0.1014,0.7403
28.191,2,6.437,-0.681,-1.763,-0.0566,-0.6628,-0.1015,0.7397
28.218,2,6.437,-0.681,-1.763,-0.0566,-0.6634,-0.1020,0.7391
28.246,2,6.437,-0.681,-1.763,-0.0560,-0.6639,-0.1020,0.7387
28.275,2,6.437,-0.681,-1.763,-0.0562,-0.6641,-0.1022,0.7385
28.300,2,6.437,-0.681,-1.763,-0.0570,-0.6639,-0.1025,0.7385
28.357,2,6.437,-0.680,-1.763,-0.0588,-0.6636,-0.1041,0.7385
28.385,2,6.437,-0.680,-1.763,-0.0592,-0.6633,-0.1045,0.7387
28.413,2,6.437,-0.680,-1.763,-0.0596,-0.6637,-0.1050,0.7382
28.440,2,6.437,-0.680,-1.763,-0.0584,-0.6643,-0.1034,0.7380
28.468,2,6.437,-0.680,-1.764,-0.0580,-0.6643,-0.1025,0.7381
28.525,2,6.436,-0.680,-1.764,-0.0595,-0.6654,-0.1020,0.7371
28.551,2,6.437,-0.680,-1.765,-0.0588,-0.6661,-0.1014,0.7366
28.580,2,6.437,-0.680,-1.765,-0.0584,-0.6669,-0.1008,0.7360
28.608,2,6.437,-0.681,-1.766,-0.0585,-0.6676,-0.1006,0.7354
28.634,2,6.437,-0.680,-1.766,-0.0591,-0.6679,-0.1002,0.7351
28.691,2,6.437,-0.680,-1.767,-0.0604,-0.6683,-0.1000,0.7347
28.720,2,6.437,-0.680,-1.767,-0.0615,-0.6684,-0.1007,0.7344
28.747,2,6.436,-0.680,-1.767,-0.0620,-0.6684,-0.1010,0.7343
28.774,2,6.436,-0.680,-1.767,-0.0621,-0.6686,-0.1010,0.7341
28.801,2,6.436,-0.680,-1.768,-0.0619,-0.6688,-0.1008,0.7340
28.857,2,6.436,-0.680,-1.768,-0.0618,-0.6691,-0.1000,0.7338
28.886,2,6.436,-0.680,-1.768,-0.0612,-0.6692,-0.0998,0.7338
28.913,2,6.436,-0.680,-1.768,-0.0612,-0.6695,-0.0992,0.7336
28.943,2,6.436,-0.680,-1.769,-0.0617,-0.6697,-0.0989,0.7334
28.970,2,6.436,-0.680,-1.769,-0.0613,-0.6698,-0.0990,0.7334
29.025,2,6.436,-0.680,-1.769,-0.0603,-0.6703,-0.0973,0.7332
29.053,2,6.436,-0.680,-1.769,-0.0608,-0.6705,-0.0975,0.7330
29.081,2,6.436,-0.680,-1.769,-0.0612,-0.6706,-0.0978,0.7328
29.109,2,6.436,-0.680,-1.769,-0.0605,-0.6707,-0.0974,0.7328
29.136,2,6.436,-0.680,-1.769,-0.0607,-0.6707,-0.0985,0.7327
29.192,2,6.436,-0.680,-1.768,-0.0627,-0.6703,-0.1009,0.7325
29.220,2,6.436,-0.680,-1.768,-0.0631,-0.6701,-0.1021,0.7325
29.248,2,6.436,-0.680,-1.768,-0.0624,-0.6703,-0.1020,0.7324
29.276,2,6.436,-0.680,-1.768,-0.0624,-0.6705,-0.1011,0.7323
29.303,2,6.437,-0.680,-1.768,-0.0632,-0.6706,-0.1010,0.7322
29.359,2,6.437,-0.679,-1.768,-0.0646,-0.6709,-0.1026,0.7316
29.389,2,6.437,-0.679,-1.768,-0.0653,-0.6708,-0.1035,0.7315
29.416,2,6.437,-0.679,-1.768,-0.0657,-0.6708,-0.1033,0.7314
29.445,2,6.437,-0.679,-1.768,-0.0662,-0.6707,-0.1039,0.7315
29.471,2,6.437,-0.678,-1.767,-0.0665,-0.6702,-0.1046,0.7318
29.526,2,6.437,-0.679,-1.767,-0.0650,-0.6698,-0.1036,0.7324
29.555,2,6.436,-0.679,-1.767,-0.0645,-0.6694,-0.1036,0.7328
29.581,2,6.436,-0.679,-1.767,-0.0653,-0.6689,-0.1048,0.7330
29.612,2,6.436,-0.678,-1.766,-0.0659,-0.6684,-0.1054,0.7333
29.637,2,6.436,-0.679,-1.766,-0.0652,-0.6683,-0.1050,0.7335
29.693,2,6.436,-0.679,-1.766,-0.0633,-0.6685,-0.1052,0.7335
29.720,2,6.436,-0.679,-1.766,-0.0618,-0.6689,-0.1054,0.7333
29.749,2,6.436,-0.679,-1.766,-0.0588,-0.6698,-0.1041,0.7329
29.778,2,6.436,-0.679,-1.766,-0.0571,-0.6706,-0.1024,0.7325
29.805,2,6.436,-0.679,-1.766,-0.0571,-0.6709,-0.1007,0.7325
29.834,2,6.437,-0.679,-1.767,-0.0575,-0.6710,-0.0999,0.7324
29.889,2,6.438,-0.679,-1.767,-0.0599,-0.6710,-0.1007,0.7321
29.917,2,6.438,-0.679,-1.767,-0.0617,-0.6710,-0.1016,0.7319
29.945,2,6.438,-0.678,-1.767,-0.0632,-0.6710,-0.1027,0.7316
29.974,2,6.439,-0.678,-1.767,-0.0633,-0.6709,-0.1034,0.7316
30.001,2,6.439,-0.678,-1.767,-0.0632,-0.6706,-0.1032,0.7319
30.056,2,6.439,-0.678,-1.767,-0.0658,-0.6692,-0.1049,0.7327
30.083,2,6.440,-0.678,-1.767,-0.0652,-0.6689,-0.1047,0.7330
30.111,2,6.440,-0.678,-1.767,-0.0647,-0.6688,-0.1042,0.7332
30.139,2,6.440,-0.678,-1.767,-0.0646,-0.6686,-0.1038,0.7335
30.167,2,6.440,-0.679,-1.767,-0.0627,-0.6684,-0.1022,0.7341
30.222,2,6.439,-0.679,-1.766,-0.0601,-0.6680,-0.0994,0.7350
30.250,2,6.439,-0.679,-1.766,-0.0604,-0.6683,-0.0993,0.7348
30.279,2,6.439,-0.679,-1.766,-0.0601,-0.6687,-0.0994,0.7344
30.306,2,6.439,-0.680,-1.767,-0.0593,-0.6693,-0.0989,0.7340
30.333,2,6.439,-0.680,-1.767,-0.0596,-0.6696,-0.0988,0.7337
30.390,2,6.438,-0.679,-1.767,-0.0621,-0.6699,-0.1008,0.7329
30.416,2,6.438,-0.679,-1.767,-0.0624,-0.6700,-0.1008,0.7328
30.445,2,6.438,-0.679,-1.767,-0.0641,-0.6701,-0.1016,0.7325
30.473,2,6.438,-0.679,-1.767,-0.0638,-0.6701,-0.1017,0.7325
30.502,2,6.438,-0.679,-1.767,-0.0638,-0.6700,-0.1013,0.7326
30.555,2,6.438,-0.679,-1.767,-0.0638,-0.6688,-0.1024,0.7336
30.583,2,6.438,-0.678,-1.767,-0.0637,-0.6678,-0.1028,0.7344
30.612,2,6.438,-0.679,-1.766,-0.0623,-0.6674,-0.1012,0.7351
30.641,2,6.438,-0.679,-1.766,-0.0606,-0.6671,-0.1007,0.7357
30.668,2,6.438,-0.679,-1.766,-0.0611,-0.6665,-0.1008,0.7361
30.724,2,6.438,-0.679,-1.767,-0.0612,-0.6665,-0.1007,0.7361
30.751,2,6.438,-0.679,-1.767,-0.0612,-0.6671,-0.1007,0.7356
30.779,2,6.438,-0.679,-1.767,-0.0616,-0.6676,-0.0997,0.7352
30.806,2,6.439,-0.680,-1.767,-0.0610,-0.6676,-0.0996,0.7353
30.835,2,6.439,-0.680,-1.767,-0.0607,-0.6674,-0.0994,0.7355
30.891,2,6.438,-0.679,-1.767,-0.0628,-0.6669,-0.1011,0.7356
30.918,2,6.438,-0.679,-1.767,-0.0627,-0.6668,-0.1015,0.7356
30.949,2,6.438,-0.679,-1.767,-0.0617,-0.6669,-0.1012,0.7357
30.974,2,6.438,-0.679,-1.767,-0.0623,-0.6669,-0.1016,0.7356
31.002,2,6.438,-0.679,-1.767,-0.0630,-0.6669,-0.1021,0.7354
31.057,2,6.438,-0.679,-1.766,-0.0633,-0.6672,-0.1022,0.7351
31.085,2,6.438,-0.679,-1.767,-0.0628,-0.6675,-0.1018,0.7349
31.114,2,6.437,-0.679,-1.767,-0.0627,-0.6678,-0.1015,0.7348
31.142,2,6.437,-0.679,-1.767,-0.0641,-0.6679,-0.1021,0.7345
31.171,2,6.437,-0.679,-1.767,-0.0627,-0.6681,-0.1014,0.7345
31.225,2,6.437,-0.679,-1.767,-0.0640,-0.6686,-0.1017,0.7338
31.253,2,6.437,-0.679,-1.767,-0.0640,-0.6690,-0.1011,0.7335
31.282,2,6.437,-0.679,-1.767,-0.0628,-0.6694,-0.1005,0.7334
31.309,2,6.437,-0.680,-1.767,-0.0623,-0.6700,-0.0995,0.7330
31.336,2,6.437,-0.680,-1.768,-0.0623,-0.6703,-0.0995,0.7327
31.393,2,6.436,-0.679,-1.768,-0.0633,-0.6707,-0.1006,0.7321
31.421,2,6.436,-0.679,-1.768,-0.0625,-0.6711,-0.0994,0.7320
31.448,2,6.436,-0.679,-1.768,-0.0621,-0.6715,-0.0992,0.7317
31.475,2,6.436,-0.680,-1.768,-0.0602,-0.6721,-0.0976,0.7315
31.502,2,6.436,-0.681,-1.769,-0.0574,-0.6727,-0.0949,0.7316
31.559,2,6.436,-0.681,-1.769,-0.0588,-0.6735,-0.0943,0.7308
31.587,2,6.436,-0.680,-1.769,-0.0604,-0.6739,-0.0957,0.7301
31.617,2,6.436,-0.680,-1.770,-0.0619,-0.6743,-0.0967,0.7295
31.642,2,6.436,-0.680,-1.770,-0.0624,-0.6747,-0.0967,0.7291
31.672,2,6.436,-0.680,-1.770,-0.0633,-0.6749,-0.0970,0.7287
31.700,2,6.436,-0.679,-1.770,-0.0648,-0.6747,-0.0978,0.7287
31.755,2,6.436,-0.679,-1.770,-0.0650,-0.6751,-0.0975,0.7283
31.782,2,6.436,-0.679,-1.770,-0.0650,-0.6751,-0.0973,0.7284
31.810,2,6.437,-0.679,-1.770,-0.0645,-0.6750,-0.0968,0.7286
31.839,2,6.437,-0.680,-1.770,-0.0644,-0.6750,-0.0969,0.7286
31.893,2,6.437,-0.680,-1.770,-0.0645,-0.6747,-0.0964,0.7289
31.921,2,6.437,-0.680,-1.770,-0.0641,-0.6749,-0.0978,0.7286
31.950,2,6.437,-0.679,-1.770,-0.0653,-0.6752,-0.0983,0.7281
31.976,2,6.437,-0.679,-1.770,-0.0666,-0.6751,-0.0991,0.7280
32.005,2,6.437,-0.679,-1.770,-0.0660,-0.6751,-0.0983,0.7281
32.034,2,6.437,-0.679,-1.770,-0.0652,-0.6754,-0.0976,0.7281
32.089,2,6.437,-0.679,-1.770,-0.0657,-0.6755,-0.0971,0.7280
32.117,2,6.437,-0.679,-1.770,-0.0651,-0.6756,-0.0968,0.7280
32.144,2,6.437,-0.679,-1.770,-0.0649,-0.6758,-0.0972,0.7277
32.172,2,6.437,-0.679,-1.770,-0.0644,-0.6759,-0.0977,0.7276
32.228,2,6.436,-0.680,-1.770,-0.0621,-0.6762,-0.0980,0.7275
32.256,2,6.436,-0.680,-1.769,-0.0611,-0.6765,-0.0983,0.7273
32.286,2,6.436,-0.680,-1.769,-0.0609,-0.6767,-0.0988,0.7270
32.311,2,6.436,-0.680,-1.769,-0.0606,-0.6768,-0.0989,0.7269
32.340,2,6.436,-0.680,-1.769,-0.0602,-0.6769,-0.0986,0.7270
32.368,2,6.436,-0.680,-1.768,-0.0599,-0.6766,-0.0987,0.7273
32.423,2,6.436,-0.680,-1.768,-0.0597,-0.6762,-0.0995,0.7275
32.452,2,6.436,-0.680,-1.768,-0.0600,-0.6756,-0.1004,0.7279
32.478,2,6.436,-0.680,-1.767,-0.0603,-0.6752,-0.1003,0.7283
32.507,2,6.436,-0.680,-1.767,-0.0581,-0.6747,-0.0984,0.7292
32.534,2,6.436,-0.681,-1.767,-0.0574,-0.6738,-0.0979,0.7302
32.591,2,6.436,-0.681,-1.766,-0.0570,-0.6735,-0.0987,0.7304
32.619,2,6.436,-0.681,-1.766,-0.0570,-0.6737,-0.0985,0.7302
32.647,2,6.436,-0.681,-1.766,-0.0573,-0.6737,-0.0987,0.7301
32.674,2,6.437,-0.680,-1.766,-0.0578,-0.6735,-0.0994,0.7302
32.700,2,6.437,-0.680,-1.766,-0.0584,-0.6737,-0.1003,0.7298
32.756,2,6.437,-0.680,-1.766,-0.0588,-0.6736,-0.1013,0.7298
32.785,2,6.437,-0.680,-1.766,-0.0597,-0.6733,-0.1020,0.7299
32.813,2,6.437,-0.680,-1.766,-0.0600,-0.6731,-0.1026,0.7299
32.840,2,6.437,-0.679,-1.766,-0.0606,-0.6727,-0.1035,0.7301
32.868,2,6.438,-0.679,-1.766,-0.0603,-0.6723,-0.1032,0.7305
32.924,2,6.438,-0.680,-1.766,-0.0601,-0.6717,-0.1030,0.7311
32.953,2,6.438,-0.679,-1.766,-0.0607,-0.6716,-0.1030,0.7312
32.979,2,6.438,-0.679,-1.766,-0.0605,-0.6717,-0.1028,0.7312
33.006,2,6.438,-0.679,-1.766,-0.0622,-0.6719,-0.1038,0.7307
33.036,2,6.438,-0.679,-1.766,-0.0631,-0.6719,-0.1044,0.7306
33.090,2,6.438,-0.679,-1.767,-0.0630,-0.6725,-0.1036,0.7301
33.118,2,6.438,-0.679,-1.767,-0.0614,-0.6726,-0.1026,0.7303
33.147,2,6.438,-0.680,-1.767,-0.0596,-0.6728,-0.1010,0.7304
33.176,2,6.438,-0.680,-1.767,-0.0590,-0.6731,-0.0995,0.7305
33.201,2,6.438,-0.680,-1.767,-0.0593,-0.6730,-0.0994,0.7305
33.257,2,6.438,-0.679,-1.767,-0.0624,-0.6733,-0.1038,0.7294
33.286,2,6.438,-0.679,-1.767,-0.0612,-0.6735,-0.1033,0.7294
33.314,2,6.438,-0.679,-1.767,-0.0621,-0.6734,-0.1033,0.7294
33.340,2,6.438,-0.679,-1.767,-0.0601,-0.6731,-0.1022,0.7300
33.369,2,6.438,-0.680,-1.767,-0.0598,-0.6726,-0.1019,0.7305
33.425,2,6.438,-0.680,-1.767,-0.0594,-0.6720,-0.1005,0.7313
33.454,2,6.438,-0.680,-1.767,-0.0597,-0.6717,-0.1009,0.7315
33.481,2,6.438,-0.680,-1.767,-0.0603,-0.6712,-0.1011,0.7319
33.509,2,6.438,-0.680,-1.766,-0.0611,-0.6704,-0.1013,0.7325
33.537,2,6.438,-0.680,-1.767,-0.0605,-0.6705,-0.1022,0.7323
33.592,2,6.437,-0.680,-1.767,-0.0596,-0.6710,-0.1007,0.7322
33.621,2,6.437,-0.680,-1.767,-0.0604,-0.6706,-0.1014,0.7324
33.647,2,6.437,-0.679,-1.767,-0.0611,-0.6710,-0.1020,0.7319
33.675,2,6.437,-0.679,-1.767,-0.0625,-0.6712,-0.1033,0.7314
33.703,2,6.437,-0.678,-1.767,-0.0636,-0.6712,-0.1043,0.7312
33.759,2,6.438,-0.678,-1.767,-0.0641,-0.6715,-0.1043,0.7308
33.788,2,6.439,-0.678,-1.768,-0.0636,-0.6717,-0.1039,0.7308
33.815,2,6.440,-0.678,-1.768,-0.0624,-0.6718,-0.1027,0.7309
33.843,2,6.440,-0.678,-1.769,-0.0622,-0.6720,-0.1020,0.7309
33.871,2,6.441,-0.677,-1.769,-0.0628,-0.6719,-0.1024,0.7308
33.928,2,6.442,-0.677,-1.770,-0.0644,-0.6720,-0.1034,0.7305
33.953,2,6.443,-0.677,-1.770,-0.0637,-0.6720,-0.1035,0.7305
33.982,2,6.443,-0.678,-1.770,-0.0622,-0.6723,-0.1026,0.7304
34.010,2,6.444,-0.678,-1.771,-0.0614,-0.6727,-0.1020,0.7303
34.041,2,6.444,-0.677,-1.771,-0.0617,-0.6729,-0.1024,0.7301
34.071,2,6.444,-0.677,-1.771,-0.0631,-0.6728,-0.1028,0.7299
34.125,2,6.444,-0.677,-1.772,-0.0657,-0.6728,-0.1040,0.7295
34.154,2,6.444,-0.677,-1.772,-0.0671,-0.6726,-0.1049,0.7294
34.182,2,6.444,-0.676,-1.772,-0.0688,-0.6724,-0.1054,0.7294
34.209,2,6.444,-0.676,-1.772,-0.0697,-0.6721,-0.1059,0.7295
34.252,2,6.443,-0.676,-1.772,-0.0700,-0.6720,-0.1062,0.7295
34.275,2,6.443,-0.676,-1.772,-0.0706,-0.6720,-0.1066,0.7295
34.304,2,6.443,-0.676,-1.772,-0.0707,-0.6721,-0.1074,0.7292
34.358,2,6.443,-0.676,-1.772,-0.0706,-0.6720,-0.1066,0.7294
34.387,2,6.442,-0.676,-1.772,-0.0699,-0.6719,-0.1056,0.7298
34.414,2,6.442,-0.677,-1.772,-0.0688,-0.6715,-0.1040,0.7304
34.441,2,6.442,-0.677,-1.772,-0.0681,-0.6712,-0.1023,0.7310
34.469,2,6.442,-0.677,-1.772,-0.0682,-0.6712,-0.1014,0.7311
34.527,2,6.441,-0.677,-1.772,-0.0694,-0.6710,-0.1026,0.7310
34.554,2,6.441,-0.677,-1.771,-0.0698,-0.6709,-0.1025,0.7311
34.582,2,6.441,-0.677,-1.771,-0.0691,-0.6709,-0.1017,0.7313
34.610,2,6.441,-0.677,-1.771,-0.0692,-0.6708,-0.1017,0.7314
34.636,2,6.440,-0.677,-1.771,-0.0689,-0.6708,-0.1015,0.7314
34.693,2,6.440,-0.678,-1.771,-0.0677,-0.6705,-0.1008,0.7319
34.719,2,6.440,-0.677,-1.771,-0.0680,-0.6708,-0.1018,0.7314
34.749,2,6.440,-0.677,-1.771,-0.0670,-0.6713,-0.1023,0.7310
34.775,2,6.440,-0.678,-1.771,-0.0659,-0.6720,-0.1015,0.7306
34.803,2,6.440,-0.678,-1.772,-0.0650,-0.6724,-0.1009,0.7304
34.859,2,6.440,-0.678,-1.772,-0.0630,-0.6729,-0.0994,0.7303
34.887,2,6.441,-0.679,-1.772,-0.0621,-0.6728,-0.0982,0.7307
34.914,2,6.441,-0.679,-1.772,-0.0616,-0.6728,-0.0978,0.7307
34.941,2,6.441,-0.679,-1.772,-0.0619,-0.6726,-0.0980,0.7309
34.971,2,6.441,-0.679,-1.772,-0.0634,-0.6719,-0.0985,0.7313
35.026,2,6.441,-0.678,-1.772,-0.0646,-0.6707,-0.1001,0.7321
35.054,2,6.441,-0.678,-1.772,-0.0643,-0.6703,-0.0999,0.7325
35.082,2,6.441,-0.678,-1.772,-0.0645,-0.6697,-0.1000,0.7331
35.109,2,6.441,-0.678,-1.771,-0.0645,-0.6690,-0.1004,0.7336
35.136,2,6.441,-0.678,-1.771,-0.0661,-0.6686,-0.1013,0.7337
35.193,2,6.441,-0.677,-1.771,-0.0680,-0.6678,-0.1021,0.7342
35.220,2,6.440,-0.677,-1.771,-0.0689,-0.6675,-0.1029,0.7342
35.248,2,6.440,-0.677,-1.771,-0.0666,-0.6674,-0.1015,0.7347
35.277,2,6.440,-0.678,-1.770,-0.0646,-0.6668,-0.0995,0.7358
35.305,2,6.440,-0.679,-1.770,-0.0614,-0.6662,-0.0965,0.7369
35.360,2,6.438,-0.679,-1.770,-0.0576,-0.6657,-0.0936,0.7381
35.389,2,6.438,-0.679,-1.769,-0.0587,-0.6653,-0.0936,0.7383
35.418,2,6.437,-0.679,-1.769,-0.0589,-0.6651,-0.0934,0.7385
35.444,2,6.437,-0.680,-1.769,-0.0595,-0.6648,-0.0935,0.7388
35.472,2,6.437,-0.680,-1.769,-0.0599,-0.6641,-0.0931,0.7394
35.500,2,6.437,-0.680,-1.769,-0.0583,-0.6642,-0.0935,0.7394
35.554,2,6.436,-0.680,-1.768,-0.0587,-0.6640,-0.0938,0.7395
35.582,2,6.436,-0.680,-1.768,-0.0581,-0.6632,-0.0930,0.7404
35.611,2,6.436,-0.680,-1.768,-0.0567,-0.6620,-0.0929,0.7416
35.642,2,6.436,-0.680,-1.767,-0.0568,-0.6613,-0.0933,0.7421
35.667,2,6.436,-0.680,-1.767,-0.0562,-0.6610,-0.0932,0.7424
35.723,2,6.437,-0.680,-1.767,-0.0566,-0.6608,-0.0948,0.7424
35.751,2,6.437,-0.680,-1.767,-0.0553,-0.6610,-0.0944,0.7423
35.779,2,6.438,-0.680,-1.767,-0.0565,-0.6609,-0.0941,0.7424
35.807,2,6.438,-0.680,-1.767,-0.0594,-0.6607,-0.0949,0.7423
35.833,2,6.439,-0.679,-1.768,-0.0596,-0.6609,-0.0953,0.7420
35.890,2,6.440,-0.679,-1.768,-0.0598,-0.6618,-0.0956,0.7412
35.917,2,6.440,-0.679,-1.768,-0.0611,-0.6622,-0.0959,0.7406
35.946,2,6.440,-0.679,-1.768,-0.0613,-0.6624,-0.0962,0.7404
35.974,2,6.440,-0.679,-1.768,-0.0621,-0.6626,-0.0969,0.7401
36.001,2,6.440,-0.679,-1.768,-0.0626,-0.6628,-0.0977,0.7397
36.056,2,6.441,-0.679,-1.768,-0.0611,-0.6635,-0.0981,0.7392
36.086,2,6.441,-0.679,-1.769,-0.0615,-0.6638,-0.0983,0.7389
36.113,2,6.441,-0.679,-1.769,-0.0624,-0.6638,-0.0985,0.7388
36.139,2,6.440,-0.679,-1.768,-0.0626,-0.6636,-0.0986,0.7389
36.167,2,6.440,-0.678,-1.768,-0.0639,-0.6633,-0.1002,0.7388
36.223,2,6.440,-0.678,-1.769,-0.0657,-0.6647,-0.1039,0.7369
36.251,2,6.440,-0.678,-1.769,-0.0644,-0.6655,-0.1035,0.7364
36.279,2,6.439,-0.678,-1.769,-0.0648,-0.6659,-0.1024,0.7361
36.309,2,6.439,-0.678,-1.769,-0.0647,-0.6659,-0.1015,0.7362
36.336,2,6.439,-0.678,-1.769,-0.0642,-0.6660,-0.1009,0.7363
36.392,2,6.439,-0.679,-1.769,-0.0612,-0.6666,-0.0967,0.7366
36.418,2,6.439,-0.679,-1.769,-0.0617,-0.6670,-0.0969,0.7362
36.445,2,6.439,-0.678,-1.769,-0.0616,-0.6673,-0.0975,0.7358
36.474,2,6.439,-0.678,-1.769,-0.0620,-0.6679,-0.0980,0.7351
36.502,2,6.439,-0.678,-1.769,-0.0627,-0.6684,-0.0981,0.7346
36.557,2,6.439,-0.678,-1.769,-0.0622,-0.6690,-0.0982,0.7341
36.585,2,6.440,-0.678,-1.769,-0.0628,-0.6689,-0.0986,0.7341
36.614,2,6.440,-0.677,-1.768,-0.0633,-0.6684,-0.0989,0.7345
36.643,2,6.440,-0.677,-1.768,-0.0637,-0.6680,-0.0991,0.7348
36.669,2,6.440,-0.678,-1.768,-0.0637,-0.6674,-0.0992,0.7353
36.726,2,6.440,-0.678,-1.767,-0.0628,-0.6664,-0.0983,0.7365
36.754,2,6.440,-0.678,-1.767,-0.0623,-0.6659,-0.0975,0.7370
36.780,2,6.440,-0.678,-1.767,-0.0631,-0.6655,-0.0981,0.7372
36.807,2,6.439,-0.678,-1.766,-0.0631,-0.6652,-0.0973,0.7376
36.836,2,6.439,-0.679,-1.766,-0.0616,-0.6650,-0.0959,0.7381
36.891,2,6.439,-0.679,-1.766,-0.0593,-0.6642,-0.0949,0.7391
36.918,2,6.439,-0.679,-1.766,-0.0594,-0.6640,-0.0952,0.7393
36.948,2,6.438,-0.679,-1.766,-0.0591,-0.6641,-0.0950,0.7392
36.978,2,6.438,-0.679,-1.766,-0.0596,-0.6643,-0.0951,0.7390
37.004,2,6.439,-0.679,-1.766,-0.0597,-0.6645,-0.0950,0.7388
37.058,2,6.439,-0.679,-1.767,-0.0611,-0.6649,-0.0959,0.7382
37.087,2,6.439,-0.678,-1.767,-0.0627,-0.6650,-0.0965,0.7379
37.114,2,6.440,-0.678,-1.767,-0.0620,-0.6649,-0.0961,0.7381
37.143,2,6.440,-0.678,-1.767,-0.0630,-0.6645,-0.0974,0.7382
37.170,2,6.440,-0.678,-1.767,-0.0661,-0.6641,-0.0996,0.7380
37.224,2,6.440,-0.677,-1.767,-0.0666,-0.6639,-0.0997,0.7382
37.253,2,6.440,-0.677,-1.767,-0.0667,-0.6636,-0.0996,0.7384
37.281,2,6.440,-0.677,-1.767,-0.0668,-0.6636,-0.0990,0.7385
37.310,2,6.441,-0.677,-1.767,-0.0670,-0.6634,-0.0994,0.7386
37.336,2,6.441,-0.677,-1.767,-0.0669,-0.6634,-0.0994,0.7386
37.392,2,6.441,-0.678,-1.767,-0.0669,-0.6636,-0.0992,0.7384
37.421,2,6.441,-0.677,-1.767,-0.0676,-0.6636,-0.0995,0.7383
37.448,2,6.441,-0.677,-1.767,-0.0679,-0.6636,-0.0999,0.7383
37.477,2,6.441,-0.677,-1.767,-0.0681,-0.6636,-0.1006,0.7381
37.504,2,6.441,-0.677,-1.767,-0.0684,-0.6637,-0.1008,0.7380
37.560,2,6.442,-0.677,-1.767,-0.0670,-0.6636,-0.1004,0.7383
37.589,2,6.442,-0.677,-1.766,-0.0672,-0.6635,-0.1006,0.7383
37.616,2,6.441,-0.677,-1.766,-0.0679,-0.6634,-0.1011,0.7383
37.644,2,6.441,-0.677,-1.766,-0.0679,-0.6634,-0.1013,0.7383
37.671,2,6.441,-0.677,-1.766,-0.0665,-0.6633,-0.1004,0.7386
37.727,2,6.441,-0.677,-1.766,-0.0669,-0.6630,-0.1009,0.7388
37.754,2,6.441,-0.678,-1.766,-0.0665,-0.6631,-0.1006,0.7387
37.783,2,6.441,-0.678,-1.766,-0.0658,-0.6634,-0.1008,0.7385
37.811,2,6.441,-0.677,-1.766,-0.0664,-0.6636,-0.1010,0.7383
37.838,2,6.441,-0.677,-1.766,-0.0669,-0.6635,-0.1017,0.7383
37.869,2,6.441,-0.678,-1.766,-0.0660,-0.6635,-0.1013,0.7383
37.923,2,6.442,-0.678,-1.765,-0.0667,-0.6628,-0.1013,0.7389
37.951,2,6.442,-0.678,-1.765,-0.0667,-0.6625,-0.1012,0.7392
37.977,2,6.442,-0.677,-1.765,-0.0679,-0.6622,-0.1023,0.7392
38.006,2,6.442,-0.677,-1.765,-0.0678,-0.6621,-0.1031,0.7392
38.034,2,6.442,-0.677,-1.765,-0.0664,-0.6624,-0.1024,0.7392
38.091,2,6.442,-0.678,-1.766,-0.0653,-0.6627,-0.1009,0.7392
38.117,2,6.442,-0.678,-1.766,-0.0656,-0.6627,-0.1012,0.7391
38.145,2,6.442,-0.678,-1.766,-0.0666,-0.6629,-0.1012,0.7388
38.173,2,6.442,-0.677,-1.766,-0.0670,-0.6630,-0.1015,0.7387
38.228,2,6.442,-0.677,-1.766,-0.0686,-0.6633,-0.1020,0.7382
38.255,2,6.442,-0.677,-1.766,-0.0696,-0.6632,-0.1029,0.7380
38.284,2,6.442,-0.677,-1.766,-0.0698,-0.6632,-0.1034,0.7380
38.312,2,6.442,-0.677,-1.766,-0.0699,-0.6632,-0.1031,0.7380
38.339,2,6.442,-0.677,-1.766,-0.0699,-0.6632,-0.1029,0.7380
38.368,2,6.443,-0.677,-1.766,-0.0698,-0.6631,-0.1030,0.7381
38.422,2,6.443,-0.677,-1.766,-0.0706,-0.6631,-0.1036,0.7380
38.451,2,6.443,-0.677,-1.766,-0.0704,-0.6630,-0.1049,0.7378
38.478,2,6.443,-0.677,-1.767,-0.0702,-0.6633,-0.1043,0.7377
38.507,2,6.443,-0.677,-1.767,-0.0700,-0.6640,-0.1019,0.7374
38.537,2,6.443,-0.677,-1.767,-0.0697,-0.6647,-0.1022,0.7368
38.591,2,6.443,-0.676,-1.767,-0.0698,-0.6655,-0.1038,0.7359
38.619,2,6.443,-0.676,-1.767,-0.0698,-0.6657,-0.1037,0.7357
38.649,2,6.443,-0.676,-1.767,-0.0709,-0.6656,-0.1039,0.7357
38.673,2,6.443,-0.676,-1.767,-0.0713,-0.6654,-0.1037,0.7358
38.702,2,6.443,-0.677,-1.767,-0.0699,-0.6653,-0.1027,0.7362
38.758,2,6.442,-0.676,-1.767,-0.0733,-0.6645,-0.1054,0.7362
38.783,2,6.442,-0.676,-1.767,-0.0731,-0.6644,-0.1059,0.7362
38.811,2,6.441,-0.676,-1.766,-0.0735,-0.6644,-0.1073,0.7360
38.840,2,6.441,-0.676,-1.766,-0.0704,-0.6642,-0.1063,0.7366
38.870,2,6.441,-0.677,-1.766,-0.0697,-0.6640,-0.1058,0.7369
38.925,2,6.440,-0.677,-1.766,-0.0691,-0.6640,-0.1042,0.7372
38.953,2,6.441,-0.676,-1.767,-0.0706,-0.6644,-0.1043,0.7367
38.981,2,6.441,-0.677,-1.767,-0.0702,-0.6650,-0.1032,0.7364
39.007,2,6.441,-0.676,-1.767,-0.0723,-0.6655,-0.1044,0.7355
39.035,2,6.441,-0.675,-1.768,-0.0761,-0.6663,-0.1066,0.7341
39.092,2,6.442,-0.675,-1.769,-0.0787,-0.6682,-0.1090,0.7317
39.119,2,6.442,-0.675,-1.769,-0.0787,-0.6689,-0.1090,0.7311
39.147,2,6.442,-0.675,-1.769,-0.0781,-0.6695,-0.1090,0.7306
39.174,2,6.443,-0.675,-1.769,-0.0786,-0.6698,-0.1092,0.7302
39.204,2,6.443,-0.675,-1.769,-0.0775,-0.6701,-0.1082,0.7302
39.259,2,6.443,-0.676,-1.769,-0.0751,-0.6704,-0.1065,0.7305
39.286,2,6.444,-0.676,-1.770,-0.0736,-0.6705,-0.1060,0.7306
39.312,2,6.444,-0.676,-1.769,-0.0751,-0.6703,-0.1068,0.7305
39.341,2,6.444,-0.675,-1.769,-0.0773,-0.6698,-0.1079,0.7306
39.369,2,6.444,-0.675,-1.770,-0.0771,-0.6697,-0.1083,0.7306
39.426,2,6.445,-0.674,-1.769,-0.0798,-0.6696,-0.1099,0.7302
39.453,2,6.445,-0.674,-1.770,-0.0806,-0.6696,-0.1107,0.7300
39.481,2,6.445,-0.674,-1.770,-0.0800,-0.6699,-0.1101,0.7298
39.509,2,6.445,-0.674,-1.769,-0.0812,-0.6699,-0.1110,0.7296
39.537,2,6.445,-0.674,-1.769,-0.0817,-0.6699,-0.1116,0.7295
39.592,2,6.445,-0.674,-1.769,-0.0815,-0.6699,-0.1114,0.7295
39.620,2,6.445,-0.674,-1.769,-0.0819,-0.6696,-0.1124,0.7296
39.650,2,6.445,-0.674,-1.769,-0.0804,-0.6697,-0.1108,0.7299
39.675,2,6.445,-0.674,-1.769,-0.0798,-0.6695,-0.1106,0.7302
39.704,2,6.445,-0.674,-1.769,-0.0794,-0.6691,-0.1107,0.7305
39.759,2,6.445,-0.674,-1.769,-0.0794,-0.6690,-0.1101,0.7308
39.788,2,6.445,-0.674,-1.768,-0.0793,-0.6689,-0.1103,0.7308
39.815,2,6.445,-0.675,-1.768,-0.0787,-0.6690,-0.1099,0.7309
39.843,2,6.445,-0.675,-1.768,-0.0783,-0.6691,-0.1095,0.7309
39.873,2,6.445,-0.675,-1.768,-0.0780,-0.6689,-0.1095,0.7311
39.927,2,6.444,-0.675,-1.768,-0.0784,-0.6686,-0.1096,0.7313
39.954,2,6.444,-0.675,-1.768,-0.0779,-0.6685,-0.1095,0.7314
39.982,2,6.444,-0.675,-1.768,-0.0779,-0.6683,-0.1099,0.7316
40.010,2,6.444,-0.675,-1.768,-0.0781,-0.6678,-0.1106,0.7320
40.038,2,6.444,-0.675,-1.768,-0.0778,-0.6676,-0.1098,0.7322
40.095,2,6.444,-0.675,-1.768,-0.0785,-0.6679,-0.1083,0.7321
40.121,2,6.444,-0.675,-1.768,-0.0781,-0.6682,-0.1078,0.7319
40.149,2,6.443,-0.675,-1.769,-0.0779,-0.6686,-0.1079,0.7317
40.176,2,6.443,-0.674,-1.769,-0.0804,-0.6691,-0.1095,0.7306
40.205,2,6.443,-0.674,-1.769,-0.0837,-0.6704,-0.1119,0.7287
40.234,2,6.443,-0.674,-1.770,-0.0839,-0.6726,-0.1125,0.7266
40.290,2,6.443,-0.674,-1.771,-0.0808,-0.6759,-0.1107,0.7242
40.318,2,6.443,-0.675,-1.771,-0.0804,-0.6763,-0.1094,0.7240
40.345,2,6.442,-0.674,-1.771,-0.0811,-0.6760,-0.1094,0.7242
40.372,2,6.442,-0.674,-1.772,-0.0812,-0.6757,-0.1088,0.7246
40.400,2,6.443,-0.675,-1.772,-0.0806,-0.6756,-0.1076,0.7249
40.456,2,6.443,-0.675,-1.772,-0.0805,-0.6749,-0.1078,0.7255
40.483,2,6.443,-0.675,-1.772,-0.0808,-0.6746,-0.1078,0.7258
40.511,2,6.443,-0.674,-1.772,-0.0819,-0.6747,-0.1091,0.7254
40.540,2,6.443,-0.674,-1.772,-0.0822,-0.6749,-0.1090,0.7252
40.595,2,6.443,-0.675,-1.773,-0.0808,-0.6756,-0.1065,0.7251
40.622,2,6.444,-0.675,-1.773,-0.0807,-0.6756,-0.1059,0.7252
40.650,2,6.444,-0.675,-1.773,-0.0820,-0.6753,-0.1060,0.7253
40.679,2,6.444,-0.675,-1.773,-0.0815,-0.6755,-0.1054,0.7252
40.706,2,6.444,-0.675,-1.773,-0.0813,-0.6757,-0.1055,0.7250
40.734,2,6.444,-0.674,-1.773,-0.0815,-0.6757,-0.1063,0.7249
40.790,2,6.444,-0.674,-1.773,-0.0814,-0.6751,-0.1064,0.7255
40.817,2,6.445,-0.674,-1.773,-0.0820,-0.6745,-0.1069,0.7259
40.845,2,6.445,-0.674,-1.773,-0.0835,-0.6736,-0.1076,0.7264
40.873,2,6.445,-0.674,-1.772,-0.0834,-0.6729,-0.1079,0.7270
40.900,2,6.445,-0.674,-1.772,-0.0832,-0.6722,-0.1082,0.7277
40.956,2,6.444,-0.674,-1.771,-0.0822,-0.6714,-0.1079,0.7286
40.986,2,6.444,-0.674,-1.771,-0.0821,-0.6711,-0.1078,0.7289
41.012,2,6.444,-0.674,-1.771,-0.0820,-0.6707,-0.1074,0.7293
41.039,2,6.444,-0.674,-1.771,-0.0818,-0.6707,-0.1071,0.7294
41.096,2,6.444,-0.675,-1.770,-0.0810,-0.6711,-0.1071,0.7291
41.122,2,6.444,-0.675,-1.770,-0.0800,-0.6714,-0.1069,0.7290
41.151,2,6.443,-0.675,-1.770,-0.0789,-0.6716,-0.1064,0.7290
41.178,2,6.443,-0.675,-1.770,-0.0782,-0.6716,-0.1061,0.7291
41.208,2,6.443,-0.675,-1.770,-0.0792,-0.6713,-0.1069,0.7292
41.234,2,6.443,-0.675,-1.770,-0.0797,-0.6710,-0.1073,0.7293
41.290,2,6.443,-0.675,-1.769,-0.0788,-0.6710,-0.1082,0.7293
41.317,2,6.443,-0.675,-1.769,-0.0780,-0.6708,-0.1077,0.7296
41.346,2,6.443,-0.675,-1.769,-0.0766,-0.6703,-0.1074,0.7302
41.374,2,6.444,-0.675,-1.769,-0.0767,-0.6697,-0.1083,0.7307
41.402,2,6.444,-0.675,-1.769,-0.0777,-0.6691,-0.1088,0.7310
41.458,2,6.444,-0.674,-1.769,-0.0779,-0.6684,-0.1085,0.7317
41.485,2,6.444,-0.675,-1.770,-0.0780,-0.6681,-0.1086,0.7319
41.514,2,6.444,-0.674,-1.770,-0.0795,-0.6680,-0.1085,0.7319
41.542,2,6.444,-0.674,-1.770,-0.0794,-0.6680,-0.1084,0.7319
41.570,2,6.444,-0.674,-1.770,-0.0800,-0.6683,-0.1087,0.7315
41.623,2,6.444,-0.674,-1.771,-0.0818,-0.6687,-0.1098,0.7308
41.655,2,6.444,-0.674,-1.771,-0.0820,-0.6689,-0.1098,0.7306
41.679,2,6.444,-0.674,-1.771,-0.0811,-0.6694,-0.1083,0.7305
41.706,2,6.444,-0.675,-1.771,-0.0805,-0.6702,-0.1058,0.7301
41.736,2,6.444,-0.674,-1.771,-0.0812,-0.6708,-0.1058,0.7295
41.793,2,6.444,-0.675,-1.772,-0.0790,-0.6720,-0.1053,0.7287
41.820,2,6.444,-0.674,-1.772,-0.0794,-0.6724,-0.1049,0.7284
41.848,2,6.443,-0.674,-1.772,-0.0792,-0.6727,-0.1048,0.7282
41.877,2,6.443,-0.674,-1.772,-0.0800,-0.6727,-0.1049,0.7280
41.904,2,6.443,-0.674,-1.772,-0.0813,-0.6724,-0.1055,0.7281
41.958,2,6.443,-0.674,-1.772,-0.0853,-0.6711,-0.1064,0.7287
41.988,2,6.443,-0.674,-1.771,-0.0850,-0.6707,-0.1059,0.7292
42.015,2,6.443,-0.674,-1.771,-0.0847,-0.6702,-0.1068,0.7296
42.043,2,6.443,-0.674,-1.771,-0.0849,-0.6699,-0.1069,0.7298
42.071,2,6.443,-0.674,-1.771,-0.0850,-0.6696,-0.1073,0.7300
42.100,2,6.443,-0.674,-1.771,-0.0848,-0.6692,-0.1079,0.7303
42.154,2,6.443,-0.675,-1.770,-0.0817,-0.6691,-0.1065,0.7309
42.181,2,6.443,-0.675,-1.770,-0.0805,-0.6691,-0.1062,0.7311
42.209,2,6.443,-0.675,-1.770,-0.0813,-0.6690,-0.1067,0.7311
42.237,2,6.443,-0.675,-1.770,-0.0802,-0.6690,-0.1063,0.7312
42.292,2,6.444,-0.675,-1.770,-0.0789,-0.6693,-0.1058,0.7312
42.321,2,6.444,-0.676,-1.770,-0.0779,-0.6697,-0.1047,0.7311
42.349,2,6.444,-0.676,-1.770,-0.0775,-0.6696,-0.1041,0.7313
42.376,2,6.444,-0.675,-1.770,-0.0793,-0.6692,-0.1050,0.7314
42.404,2,6.445,-0.675,-1.770,-0.0805,-0.6687,-0.1060,0.7315
42.460,2,6.445,-0.675,-1.769,-0.0804,-0.6686,-0.1071,0.7315
42.488,2,6.445,-0.675,-1.769,-0.0805,-0.6685,-0.1075,0.7315
42.516,2,6.445,-0.675,-1.769,-0.0801,-0.6683,-0.1077,0.7317
42.544,2,6.445,-0.675,-1.769,-0.0800,-0.6681,-0.1080,0.7318
42.571,2,6.445,-0.675,-1.769,-0.0801,-0.6679,-0.1081,0.7319
42.628,2,6.445,-0.675,-1.768,-0.0787,-0.6679,-0.1078,0.7322
42.655,2,6.445,-0.675,-1.768,-0.0785,-0.6679,-0.1075,0.7322
42.683,2,6.445,-0.675,-1.768,-0.0779,-0.6677,-0.1075,0.7325
42.711,2,6.445,-0.676,-1.768,-0.0774,-0.6677,-0.1070,0.7326
42.739,2,6.445,-0.675,-1.768,-0.0773,-0.6675,-0.1068,0.7328
42.769,2,6.445,-0.675,-1.768,-0.0778,-0.6674,-0.1073,0.7328
42.822,2,6.445,-0.675,-1.768,-0.0774,-0.6676,-0.1076,0.7326
42.851,2,6.444,-0.675,-1.768,-0.0771,-0.6677,-0.1074,0.7326
42.877,2,6.444,-0.675,-1.768,-0.0777,-0.6678,-0.1078,0.7324
42.905,2,6.444,-0.675,-1.768,-0.0770,-0.6681,-0.1071,0.7323
42.933,2,6.444,-0.676,-1.768,-0.0768,-0.6681,-0.1071,0.7323
42.990,2,6.444,-0.675,-1.768,-0.0777,-0.6679,-0.1075,0.7324
43.016,2,6.444,-0.675,-1.767,-0.0776,-0.6679,-0.1074,0.7324
43.044,2,6.444,-0.675,-1.767,-0.0762,-0.6678,-0.1069,0.7327
43.073,2,6.444,-0.676,-1.767,-0.0751,-0.6677,-0.1061,0.7330
43.100,2,6.444,-0.675,-1.767,-0.0763,-0.6676,-0.1063,0.7330
43.156,2,6.443,-0.675,-1.767,-0.0780,-0.6675,-0.1075,0.7327
43.184,2,6.443,-0.674,-1.767,-0.0789,-0.6677,-0.1081,0.7323
43.214,2,6.443,-0.674,-1.767,-0.0796,-0.6680,-0.1083,0.7319
43.240,2,6.443,-0.675,-1.767,-0.0774,-0.6686,-0.1070,0.7318
43.268,2,6.443,-0.675,-1.767,-0.0762,-0.6691,-0.1059,0.7317
43.324,2,6.442,-0.675,-1.767,-0.0758,-0.6688,-0.1059,0.7319
43.352,2,6.442,-0.675,-1.767,-0.0755,-0.6684,-0.1059,0.7323
43.379,2,6.442,-0.675,-1.767,-0.0753,-0.6679,-0.1060,0.7328
43.408,2,6.442,-0.675,-1.767,-0.0755,-0.6675,-0.1063,0.7331
43.436,2,6.442,-0.676,-1.766,-0.0751,-0.6670,-0.1068,0.7335
43.491,2,6.442,-0.676,-1.766,-0.0742,-0.6670,-0.1045,0.7340
43.519,2,6.442,-0.676,-1.766,-0.0739,-0.6669,-0.1043,0.7341
43.546,2,6.442,-0.676,-1.766,-0.0716,-0.6668,-0.1042,0.7344
43.573,2,6.442,-0.677,-1.766,-0.0703,-0.6670,-0.1032,0.7345
43.602,2,6.442,-0.677,-1.766,-0.0702,-0.6669,-0.1027,0.7347
43.658,2,6.441,-0.676,-1.766,-0.0715,-0.6665,-0.1043,0.7347
43.684,2,6.441,-0.675,-1.766,-0.0735,-0.6662,-0.1063,0.7345
43.712,2,6.441,-0.675,-1.765,-0.0754,-0.6661,-0.1077,0.7342
43.741,2,6.441,-0.675,-1.766,-0.0742,-0.6665,-0.1074,0.7340
43.769,2,6.441,-0.675,-1.766,-0.0727,-0.6667,-0.1080,0.7338
43.825,2,6.441,-0.675,-1.766,-0.0721,-0.6665,-0.1083,0.7341
43.853,2,6.441,-0.676,-1.766,-0.0694,-0.6663,-0.1054,0.7349
43.882,2,6.442,-0.677,-1.766,-0.0678,-0.6663,-0.1033,0.7354
43.908,2,6.442,-0.677,-1.766,-0.0680,-0.6658,-0.1028,0.7359
43.935,2,6.442,-0.676,-1.766,-0.0696,-0.6650,-0.1038,0.7363
43.991,2,6.443,-0.676,-1.766,-0.0715,-0.6639,-0.1055,0.7369
44.019,2,6.443,-0.676,-1.765,-0.0731,-0.6630,-0.1066,0.7373
44.047,2,6.443,-0.675,-1.765,-0.0739,-0.6622,-0.1079,0.7378
44.075,2,6.443,-0.675,-1.765,-0.0742,-0.6615,-0.1084,0.7384
44.104,2,6.443,-0.675,-1.765,-0.0738,-0.6609,-0.1082,0.7389
44.159,2,6.443,-0.676,-1.764,-0.0738,-0.6599,-0.1089,0.7398
44.186,2,6.443,-0.676,-1.764,-0.0722,-0.6593,-0.1097,0.7403
44.215,2,6.443,-0.676,-1.764,-0.0717,-0.6590,-0.1094,0.7407
44.243,2,6.442,-0.676,-1.764,-0.0717,-0.6589,-0.1084,0.7409
44.270,2,6.442,-0.677,-1.763,-0.0704,-0.6591,-0.1074,0.7410
44.328,2,6.441,-0.677,-1.763,-0.0685,-0.6601,-0.1064,0.7404
44.355,2,6.441,-0.677,-1.763,-0.0679,-0.6604,-0.1065,0.7402
44.382,2,6.440,-0.677,-1.763,-0.0675,-0.6607,-0.1066,0.7399
44.410,2,6.440,-0.677,-1.763,-0.0677,-0.6608,-0.1066,0.7398
44.437,2,6.440,-0.677,-1.763,-0.0690,-0.6604,-0.1071,0.7400
44.493,2,6.440,-0.677,-1.763,-0.0705,-0.6594,-0.1081,0.7407
44.522,2,6.440,-0.677,-1.763,-0.0698,-0.6588,-0.1079,0.7413
44.550,2,6.440,-0.677,-1.763,-0.0687,-0.6584,-0.1077,0.7417
44.577,2,6.440,-0.677,-1.763,-0.0676,-0.6579,-0.1076,0.7423
44.604,2,6.441,-0.677,-1.763,-0.0667,-0.6574,-0.1070,0.7429
44.661,2,6.441,-0.677,-1.762,-0.0660,-0.6566,-0.1066,0.7437
44.686,2,6.441,-0.678,-1.762,-0.0654,-0.6565,-0.1062,0.7439
44.714,2,6.442,-0.678,-1.762,-0.0657,-0.6565,-0.1066,0.7439
44.743,2,6.442,-0.678,-1.762,-0.0660,-0.6565,-0.1071,0.7437
44.772,2,6.442,-0.678,-1.762,-0.0659,-0.6566,-0.1066,0.7438
44.826,2,6.443,-0.678,-1.762,-0.0643,-0.6561,-0.1064,0.7444
44.855,2,6.443,-0.678,-1.762,-0.0626,-0.6559,-0.1060,0.7447
44.883,2,6.443,-0.678,-1.762,-0.0633,-0.6556,-0.1066,0.7448
44.911,2,6.443,-0.678,-1.762,-0.0645,-0.6549,-0.1070,0.7453
44.938,2,6.444,-0.678,-1.762,-0.0650,-0.6544,-0.1073,0.7456
44.967,2,6.444,-0.678,-1.762,-0.0650,-0.6542,-0.1073,0.7458
45.022,2,6.444,-0.678,-1.761,-0.0656,-0.6540,-0.1080,0.7458
45.050,2,6.444,-0.678,-1.761,-0.0653,-0.6541,-0.1079,0.7458
45.078,2,6.444,-0.678,-1.761,-0.0659,-0.6538,-0.1088,0.7459
45.105,2,6.444,-0.677,-1.761,-0.0662,-0.6535,-0.1091,0.7461
45.135,2,6.445,-0.677,-1.761,-0.0655,-0.6533,-0.1087,0.7463
45.190,2,6.444,-0.677,-1.760,-0.0654,-0.6528,-0.1091,0.7468
45.217,2,6.444,-0.677,-1.760,-0.0660,-0.6526,-0.1095,0.7468
45.245,2,6.444,-0.677,-1.760,-0.0659,-0.6525,-0.1099,0.7469
45.272,2,6.444,-0.677,-1.760,-0.0664,-0.6524,-0.1102,0.7469
45.325,2,6.444,-0.677,-1.760,-0.0663,-0.6522,-0.1101,0.7471
45.356,2,6.444,-0.677,-1.760,-0.0660,-0.6522,-0.1103,0.7471
45.381,2,6.444,-0.677,-1.760,-0.0658,-0.6521,-0.1104,0.7471
45.410,2,6.444,-0.677,-1.760,-0.0650,-0.6522,-0.1096,0.7472
45.439,2,6.445,-0.677,-1.760,-0.0651,-0.6522,-0.1095,0.7472
45.494,2,6.445,-0.677,-1.760,-0.0659,-0.6524,-0.1099,0.7470
45.523,2,6.445,-0.677,-1.760,-0.0667,-0.6525,-0.1101,0.7468
45.551,2,6.445,-0.677,-1.760,-0.0685,-0.6525,-0.1113,0.7465
45.578,2,6.444,-0.676,-1.760,-0.0714,-0.6526,-0.1137,0.7457
45.606,2,6.444,-0.675,-1.761,-0.0728,-0.6532,-0.1155,0.7448
45.633,2,6.445,-0.675,-1.761,-0.0729,-0.6540,-0.1152,0.7442
45.691,2,6.445,-0.674,-1.761,-0.0760,-0.6545,-0.1157,0.7433
45.717,2,6.445,-0.675,-1.762,-0.0752,-0.6556,-0.1133,0.7428
45.745,2,6.445,-0.676,-1.762,-0.0731,-0.6565,-0.1112,0.7425
45.773,2,6.445,-0.676,-1.763,-0.0725,-0.6569,-0.1106,0.7423
45.829,2,6.445,-0.677,-1.763,-0.0695,-0.6580,-0.1084,0.7419
45.856,2,6.445,-0.677,-1.764,-0.0692,-0.6586,-0.1078,0.7415
45.886,2,6.445,-0.677,-1.764,-0.0692,-0.6588,-0.1071,0.7415
45.913,2,6.445,-0.677,-1.764,-0.0695,-0.6587,-0.1069,0.7415
45.940,2,6.445,-0.676,-1.764,-0.0729,-0.6576,-0.1083,0.7420
45.968,2,6.445,-0.676,-1.764,-0.0747,-0.6559,-0.1086,0.7432
46.023,2,6.446,-0.675,-1.763,-0.0767,-0.6530,-0.1104,0.7453
46.053,2,6.446,-0.675,-1.763,-0.0777,-0.6521,-0.1121,0.7457
46.079,2,6.446,-0.675,-1.763,-0.0783,-0.6517,-0.1128,0.7460
46.109,2,6.446,-0.675,-1.763,-0.0775,-0.6517,-0.1119,0.7461
46.136,2,6.446,-0.675,-1.763,-0.0761,-0.6521,-0.1105,0.7462
46.191,2,6.447,-0.675,-1.763,-0.0773,-0.6532,-0.1115,0.7449
46.218,2,6.447,-0.675,-1.763,-0.0768,-0.6539,-0.1109,0.7444
46.246,2,6.447,-0.675,-1.763,-0.0761,-0.6545,-0.1101,0.7442
46.275,2,6.447,-0.676,-1.764,-0.0749,-0.6548,-0.1089,0.7442
46.302,2,6.447,-0.676,-1.763,-0.0753,-0.6548,-0.1088,0.7441
46.356,2,6.447,-0.676,-1.763,-0.0757,-0.6544,-0.1089,0.7444
46.385,2,6.447,-0.675,-1.763,-0.0764,-0.6542,-0.1098,0.7444
46.414,2,6.447,-0.675,-1.763,-0.0773,-0.6539,-0.1106,0.7444
46.440,2,6.447,-0.675,-1.763,-0.0777,-0.6535,-0.1112,0.7447
46.469,2,6.447,-0.675,-1.762,-0.0782,-0.6533,-0.1119,0.7447
46.525,2,6.447,-0.675,-1.762,-0.0794,-0.6527,-0.1119,0.7451
46.554,2,6.447,-0.675,-1.762,-0.0769,-0.6522,-0.1106,0.7460
46.581,2,6.447,-0.675,-1.761,-0.0749,-0.6517,-0.1095,0.7468
46.610,2,6.447,-0.676,-1.761,-0.0746,-0.6512,-0.1087,0.7474
46.636,2,6.447,-0.676,-1.761,-0.0743,-0.6509,-0.1090,0.7476
46.693,2,6.447,-0.676,-1.761,-0.0741,-0.6524,-0.1087,0.7464
46.720,2,6.448,-0.676,-1.761,-0.0732,-0.6533,-0.1081,0.7458
46.749,2,6.448,-0.676,-1.762,-0.0735,-0.6541,-0.1083,0.7450
46.777,2,6.448,-0.676,-1.762,-0.0740,-0.6548,-0.1083,0.7443
46.804,2,6.448,-0.676,-1.762,-0.0740,-0.6552,-0.1082,0.7440
46.860,2,6.448,-0.676,-1.762,-0.0734,-0.6553,-0.1081,0.7440
46.888,2,6.448,-0.676,-1.762,-0.0749,-0.6549,-0.1091,0.7440
46.915,2,6.448,-0.675,-1.762,-0.0756,-0.6544,-0.1104,0.7442
46.943,2,6.448,-0.675,-1.762,-0.0748,-0.6541,-0.1102,0.7445
46.971,2,6.448,-0.675,-1.761,-0.0751,-0.6541,-0.1106,0.7445
47.000,2,6.448,-0.676,-1.762,-0.0745,-0.6540,-0.1107,0.7446
47.055,2,6.448,-0.675,-1.761,-0.0768,-0.6538,-0.1122,0.7444
47.084,2,6.448,-0.675,-1.762,-0.0769,-0.6543,-0.1126,0.7439
47.110,2,6.448,-0.675,-1.762,-0.0768,-0.6549,-0.1124,0.7434
47.139,2,6.448,-0.675,-1.762,-0.0763,-0.6555,-0.1116,0.7430
47.195,2,6.449,-0.675,-1.762,-0.0749,-0.6564,-0.1103,0.7425
47.222,2,6.448,-0.675,-1.762,-0.0753,-0.6566,-0.1104,0.7423
47.250,2,6.448,-0.675,-1.763,-0.0752,-0.6568,-0.1104,0.7421
47.278,2,6.448,-0.676,-1.763,-0.0733,-0.6573,-0.1093,0.7421
47.306,2,6.448,-0.676,-1.763,-0.0743,-0.6576,-0.1101,0.7416
47.360,2,6.448,-0.676,-1.763,-0.0731,-0.6580,-0.1095,0.7414
47.390,2,6.448,-0.676,-1.763,-0.0744,-0.6583,-0.1107,0.7409
47.415,2,6.448,-0.675,-1.763,-0.0758,-0.6586,-0.1121,0.7402
47.446,2,6.448,-0.675,-1.763,-0.0757,-0.6592,-0.1124,0.7397
47.472,2,6.448,-0.675,-1.763,-0.0755,-0.6595,-0.1124,0.7394
47.527,2,6.448,-0.675,-1.763,-0.0749,-0.6598,-0.1124,0.7392
47.555,2,6.448,-0.675,-1.764,-0.0742,-0.6601,-0.1113,0.7392
47.584,2,6.448,-0.675,-1.764,-0.0740,-0.6601,-0.1110,0.7392
47.611,2,6.448,-0.676,-1.764,-0.0736,-0.6602,-0.1106,0.7392
47.638,2,6.448,-0.676,-1.764,-0.0731,-0.6605,-0.1097,0.7392
47.668,2,6.448,-0.676,-1.764,-0.0730,-0.6607,-0.1094,0.7391
47.722,2,6.447,-0.675,-1.764,-0.0748,-0.6608,-0.1098,0.7387
47.750,2,6.447,-0.675,-1.764,-0.0750,-0.6609,-0.1098,0.7386
47.777,2,6.446,-0.675,-1.764,-0.0746,-0.6612,-0.1093,0.7385
47.806,2,6.446,-0.675,-1.764,-0.0745,-0.6613,-0.1086,0.7385
47.834,2,6.446,-0.675,-1.764,-0.0762,-0.6611,-0.1094,0.7383
47.892,2,6.445,-0.675,-1.765,-0.0780,-0.6614,-0.1111,0.7377
47.918,2,6.445,-0.674,-1.765,-0.0795,-0.6606,-0.1138,0.7378
47.946,2,6.445,-0.674,-1.765,-0.0822,-0.6595,-0.1150,0.7383
47.972,2,6.445,-0.674,-1.765,-0.0835,-0.6594,-0.1126,0.7386
48.000,2,6.445,-0.674,-1.765,-0.0820,-0.6599,-0.1095,0.7388
48.056,2,6.444,-0.675,-1.766,-0.0786,-0.6608,-0.1093,0.7384
48.084,2,6.444,-0.675,-1.766,-0.0775,-0.6614,-0.1084,0.7381
48.114,2,6.444,-0.675,-1.766,-0.0781,-0.6614,-0.1084,0.7380
48.140,2,6.444,-0.675,-1.766,-0.0784,-0.6612,-0.1083,0.7382
48.167,2,6.443,-0.675,-1.766,-0.0785,-0.6613,-0.1073,0.7383
48.223,2,6.443,-0.676,-1.766,-0.0762,-0.6622,-0.1038,0.7382
48.250,2,6.442,-0.676,-1.766,-0.0749,-0.6626,-0.1026,0.7381
48.279,2,6.442,-0.676,-1.766,-0.0765,-0.6628,-0.1044,0.7375
48.308,2,6.441,-0.676,-1.766,-0.0763,-0.6633,-0.1053,0.7370
48.338,2,6.441,-0.676,-1.766,-0.0745,-0.6644,-0.1032,0.7365
48.391,2,6.441,-0.676,-1.767,-0.0721,-0.6659,-0.1043,0.7352
48.418,2,6.441,-0.677,-1.767,-0.0712,-0.6669,-0.1034,0.7345
48.445,2,6.441,-0.677,-1.768,-0.0717,-0.6669,-0.1015,0.7347
48.473,2,6.441,-0.677,-1.768,-0.0727,-0.6664,-0.1004,0.7353
48.501,2,6.441,-0.677,-1.768,-0.0732,-0.6661,-0.1002,0.7355
48.559,2,6.442,-0.677,-1.768,-0.0734,-0.6641,-0.1010,0.7372
48.585,2,6.442,-0.677,-1.768,-0.0748,-0.6633,-0.1015,0.7377
48.614,2,6.442,-0.676,-1.768,-0.0757,-0.6627,-0.1027,0.7380
48.643,2,6.442,-0.676,-1.768,-0.0763,-0.6622,-0.1042,0.7381
48.670,2,6.442,-0.676,-1.768,-0.0775,-0.6621,-0.1050,0.7380
48.724,2,6.442,-0.676,-1.768,-0.0769,-0.6627,-0.1048,0.7375
48.753,2,6.442,-0.676,-1.768,-0.0769,-0.6633,-0.1049,0.7370
48.782,2,6.442,-0.676,-1.768,-0.0770,-0.6637,-0.1048,0.7366
48.810,2,6.442,-0.676,-1.768,-0.0774,-0.6641,-0.1047,0.7362
48.837,2,6.442,-0.676,-1.768,-0.0770,-0.6646,-0.1043,0.7358
48.892,2,6.442,-0.676,-1.768,-0.0756,-0.6658,-0.1021,0.7352
48.919,2,6.442,-0.676,-1.769,-0.0759,-0.6658,-0.1019,0.7352
48.947,2,6.442,-0.676,-1.768,-0.0773,-0.6658,-0.1028,0.7350
48.976,2,6.443,-0.676,-1.769,-0.0769,-0.6663,-0.1023,0.7346
49.005,2,6.443,-0.676,-1.769,-0.0771,-0.6670,-0.1021,0.7340
49.059,2,6.444,-0.676,-1.769,-0.0767,-0.6693,-0.1025,0.7319
49.087,2,6.444,-0.675,-1.769,-0.0760,-0.6698,-0.1032,0.7314
49.115,2,6.444,-0.675,-1.769,-0.0767,-0.6696,-0.1043,0.7314
49.142,2,6.445,-0.675,-1.769,-0.0757,-0.6692,-0.1037,0.7319
49.170,2,6.445,-0.675,-1.769,-0.0777,-0.6684,-0.1051,0.7322
49.228,2,6.446,-0.675,-1.769,-0.0785,-0.6673,-0.1067,0.7329
49.254,2,6.447,-0.675,-1.769,-0.0784,-0.6670,-0.1071,0.7332
49.282,2,6.447,-0.674,-1.769,-0.0787,-0.6668,-0.1074,0.7333
49.309,2,6.447,-0.674,-1.769,-0.0796,-0.6665,-0.1076,0.7334
49.337,2,6.447,-0.674,-1.769,-0.0798,-0.6662,-0.1077,0.7336
49.393,2,6.447,-0.674,-1.770,-0.0805,-0.6665,-0.1077,0.7333
49.420,2,6.447,-0.674,-1.770,-0.0811,-0.6667,-0.1079,0.7330
49.450,2,6.447,-0.674,-1.770,-0.0818,-0.6670,-0.1086,0.7325
49.476,2,6.447,-0.674,-1.770,-0.0814,-0.6674,-0.1082,0.7323
49.504,2,6.447,-0.674,-1.770,-0.0812,-0.6678,-0.1081,0.7319
49.533,2,6.447,-0.674,-1.770,-0.0820,-0.6680,-0.1084,0.7316
49.589,2,6.446,-0.674,-1.770,-0.0819,-0.6684,-0.1081,0.7313
49.615,2,6.446,-0.674,-1.770,-0.0817,-0.6688,-0.1077,0.7310
49.644,2,6.446,-0.674,-1.770,-0.0805,-0.6693,-0.1068,0.7309
49.673,2,6.446,-0.674,-1.770,-0.0806,-0.6695,-0.1069,0.7307
49.727,2,6.446,-0.674,-1.770,-0.0798,-0.6698,-0.1067,0.7305
49.755,2,6.446,-0.674,-1.770,-0.0799,-0.6698,-0.1067,0.7305
49.782,2,6.446,-0.674,-1.769,-0.0806,-0.6696,-0.1071,0.7305
49.810,2,6.446,-0.674,-1.769,-0.0808,-0.6694,-0.1073,0.7307
49.838,2,6.446,-0.674,-1.769,-0.0810,-0.6691,-0.1076,0.7309
49.867,2,6.446,-0.674,-1.769,-0.0818,-0.6688,-0.1078,0.7311
49.922,2,6.446,-0.674,-1.769,-0.0810,-0.6680,-0.1080,0.7318
49.950,2,6.446,-0.674,-1.769,-0.0812,-0.6678,-0.1077,0.7320
49.977,2,6.447,-0.674,-1.769,-0.0810,-0.6676,-0.1078,0.7322
50.005,2,6.447,-0.674,-1.768,-0.0794,-0.6676,-0.1073,0.7324
50.033,2,6.447,-0.675,-1.768,-0.0794,-0.6678,-0.1071,0.7323
50.089,2,6.447,-0.675,-1.769,-0.0793,-0.6684,-0.1072,0.7318
50.120,2,6.447,-0.674,-1.769,-0.0802,-0.6687,-0.1080,0.7312
50.144,2,6.447,-0.674,-1.769,-0.0810,-0.6688,-0.1088,0.7309
50.173,2,6.448,-0.674,-1.768,-0.0820,-0.6686,-0.1099,0.7308
50.201,2,6.448,-0.674,-1.768,-0.0829,-0.6683,-0.1108,0.7309
50.256,2,6.448,-0.674,-1.768,-0.0823,-0.6680,-0.1105,0.7313
50.285,2,6.448,-0.674,-1.768,-0.0811,-0.6677,-0.1100,0.7318
50.313,2,6.448,-0.674,-1.768,-0.0804,-0.6673,-0.1093,0.7323
50.342,2,6.448,-0.674,-1.768,-0.0814,-0.6669,-0.1100,0.7325
50.368,2,6.448,-0.674,-1.767,-0.0814,-0.6668,-0.1102,0.7325
50.425,2,6.447,-0.675,-1.767,-0.0799,-0.6669,-0.1094,0.7327
50.453,2,6.447,-0.675,-1.767,-0.0794,-0.6671,-0.1090,0.7327
50.480,2,6.447,-0.675,-1.767,-0.0794,-0.6673,-0.1090,0.7325
50.507,2,6.447,-0.675,-1.767,-0.0789,-0.6674,-0.1085,0.7325
50.535,2,6.447,-0.675,-1.767,-0.0786,-0.6676,-0.1081,0.7324
50.590,2,6.446,-0.675,-1.768,-0.0785,-0.6679,-0.1077,0.7322
50.618,2,6.446,-0.675,-1.768,-0.0788,-0.6678,-0.1077,0.7323
50.647,2,6.446,-0.675,-1.768,-0.0790,-0.6677,-0.1077,0.7323
50.674,2,6.446,-0.675,-1.768,-0.0792,-0.6676,-0.1078,0.7324
50.703,2,6.446,-0.675,-1.768,-0.0794,-0.6677,-0.1079,0.7323
50.759,2,6.446,-0.675,-1.768,-0.0784,-0.6675,-0.1077,0.7326
50.788,2,6.446,-0.675,-1.768,-0.0786,-0.6675,-0.1074,0.7326
50.813,2,6.445,-0.675,-1.768,-0.0785,-0.6674,-0.1071,0.7327
50.841,2,6.445,-0.675,-1.768,-0.0786,-0.6673,-0.1070,0.7328
50.869,2,6.445,-0.675,-1.768,-0.0793,-0.6674,-0.1068,0.7327
50.923,2,6.445,-0.675,-1.768,-0.0784,-0.6678,-0.1062,0.7326
50.953,2,6.445,-0.675,-1.768,-0.0779,-0.6680,-0.1058,0.7325
50.980,2,6.445,-0.675,-1.768,-0.0778,-0.6680,-0.1059,0.7324
51.010,2,6.446,-0.675,-1.768,-0.0784,-0.6679,-0.1063,0.7324
51.037,2,6.446,-0.675,-1.768,-0.0797,-0.6676,-0.1074,0.7324
51.093,2,6.446,-0.674,-1.768,-0.0814,-0.6669,-0.1094,0.7326
51.119,2,6.446,-0.674,-1.768,-0.0812,-0.6668,-0.1092,0.7327
51.149,2,6.446,-0.674,-1.768,-0.0806,-0.6668,-0.1088,0.7329
51.174,2,6.446,-0.674,-1.768,-0.0800,-0.6668,-0.1081,0.7330
51.203,2,6.446,-0.675,-1.768,-0.0795,-0.6671,-0.1073,0.7329
51.258,2,6.446,-0.674,-1.768,-0.0790,-0.6675,-0.1080,0.7325
51.286,2,6.446,-0.674,-1.768,-0.0800,-0.6674,-0.1087,0.7324
51.316,2,6.446,-0.674,-1.768,-0.0813,-0.6670,-0.1094,0.7324
51.342,2,6.446,-0.674,-1.768,-0.0821,-0.6666,-0.1098,0.7327
51.371,2,6.446,-0.674,-1.768,-0.0825,-0.6663,-0.1101,0.7329
51.428,2,6.446,-0.674,-1.767,-0.0833,-0.6655,-0.1117,0.7333
51.455,2,6.446,-0.674,-1.767,-0.0838,-0.6650,-0.1123,0.7336
51.481,2,6.445,-0.674,-1.767,-0.0842,-0.6644,-0.1127,0.7340
51.509,2,6.445,-0.674,-1.767,-0.0843,-0.6641,-0.1138,0.7341
51.537,2,6.445,-0.674,-1.767,-0.0835,-0.6640,-0.1134,0.7344
51.592,2,6.445,-0.674,-1.767,-0.0820,-0.6637,-0.1121,0.7350
51.620,2,6.446,-0.674,-1.767,-0.0808,-0.6642,-0.1106,0.7349
51.648,2,6.446,-0.674,-1.767,-0.0806,-0.6645,-0.1100,0.7348
51.678,2,6.446,-0.674,-1.767,-0.0811,-0.6647,-0.1102,0.7345
51.704,2,6.446,-0.674,-1.768,-0.0818,-0.6648,-0.1101,0.7343
51.760,2,6.447,-0.674,-1.768,-0.0843,-0.6645,-0.1106,0.7342
51.788,2,6.447,-0.674,-1.768,-0.0850,-0.6644,-0.1109,0.7342
51.816,2,6.447,-0.674,-1.768,-0.0852,-0.6644,-0.1112,0.7341
51.843,2,6.447,-0.674,-1.768,-0.0849,-0.6644,-0.1113,0.7341
51.872,2,6.447,-0.674,-1.768,-0.0844,-0.6645,-0.1108,0.7342
51.901,2,6.447,-0.674,-1.768,-0.0834,-0.6645,-0.1102,0.7344
51.955,2,6.448,-0.675,-1.768,-0.0773,-0.6654,-0.1055,0.7349
51.984,2,6.448,-0.675,-1.768,-0.0790,-0.6648,-0.1057,0.7353
52.012,2,6.447,-0.675,-1.768,-0.0813,-0.6640,-0.1066,0.7356
52.038,2,6.447,-0.675,-1.768,-0.0794,-0.6641,-0.1063,0.7358
52.093,2,6.447,-0.675,-1.768,-0.0802,-0.6651,-0.1057,0.7349
52.122,2,6.446,-0.675,-1.769,-0.0809,-0.6659,-0.1061,0.7340
52.150,2,6.446,-0.675,-1.769,-0.0806,-0.6668,-0.1067,0.7332
52.177,2,6.446,-0.674,-1.769,-0.0820,-0.6672,-0.1079,0.7325
52.205,2,6.445,-0.674,-1.769,-0.0845,-0.6676,-0.1096,0.7316
52.233,2,6.445,-0.674,-1.769,-0.0836,-0.6685,-0.1090,0.7309
52.288,2,6.445,-0.674,-1.769,-0.0816,-0.6689,-0.1073,0.7310
52.317,2,6.445,-0.675,-1.769,-0.0810,-0.6687,-0.1061,0.7314
52.345,2,6.445,-0.675,-1.769,-0.0805,-0.6686,-0.1051,0.7317
52.373,2,6.444,-0.675,-1.769,-0.0799,-0.6684,-0.1046,0.7320
52.401,2,6.444,-0.675,-1.769,-0.0799,-0.6684,-0.1043,0.7321
52.456,2,6.444,-0.675,-1.769,-0.0786,-0.6689,-0.1029,0.7320
52.484,2,6.444,-0.675,-1.769,-0.0785,-0.6688,-0.1028,0.7321
52.512,2,6.445,-0.675,-1.769,-0.0792,-0.6686,-0.1032,0.7321
52.539,2,6.445,-0.675,-1.769,-0.0795,-0.6685,-0.1032,0.7322
52.569,2,6.445,-0.675,-1.769,-0.0790,-0.6685,-0.1028,0.7323
52.623,2,6.445,-0.675,-1.769,-0.0809,-0.6681,-0.1043,0.7322
52.651,2,6.445,-0.675,-1.769,-0.0812,-0.6680,-0.1051,0.7322
52.679,2,6.446,-0.675,-1.769,-0.0816,-0.6679,-0.1050,0.7323
52.706,2,6.446,-0.674,-1.769,-0.0829,-0.6677,-0.1059,0.7322
52.735,2,6.446,-0.674,-1.769,-0.0837,-0.6675,-0.1069,0.7321
52.792,2,6.446,-0.675,-1.769,-0.0815,-0.6672,-0.1053,0.7329
52.819,2,6.446,-0.674,-1.769,-0.0825,-0.6669,-0.1063,0.7329
52.846,2,6.446,-0.674,-1.769,-0.0819,-0.6669,-0.1065,0.7330
52.874,2,6.446,-0.674,-1.768,-0.0812,-0.6668,-0.1061,0.7332
52.902,2,6.446,-0.674,-1.768,-0.0809,-0.6668,-0.1059,0.7332
52.958,2,6.446,-0.674,-1.768,-0.0824,-0.6668,-0.1076,0.7328
52.986,2,6.446,-0.673,-1.768,-0.0847,-0.6667,-0.1087,0.7325
53.014,2,6.446,-0.673,-1.768,-0.0836,-0.6669,-0.1072,0.7327
53.040,2,6.446,-0.674,-1.768,-0.0828,-0.6669,-0.1068,0.7328
53.068,2,6.446,-0.674,-1.768,-0.0825,-0.6671,-0.1070,0.7326
53.125,2,6.446,-0.674,-1.768,-0.0817,-0.6672,-0.1068,0.7327
53.152,2,6.446,-0.675,-1.768,-0.0807,-0.6671,-0.1064,0.7329
53.180,2,6.445,-0.675,-1.768,-0.0810,-0.6669,-0.1066,0.7330
53.207,2,6.445,-0.675,-1.768,-0.0806,-0.6665,-0.1065,0.7335
53.236,2,6.446,-0.674,-1.768,-0.0808,-0.6664,-0.1064,0.7335
53.292,2,6.446,-0.675,-1.768,-0.0807,-0.6664,-0.1065,0.7335
53.319,2,6.446,-0.674,-1.767,-0.0816,-0.6664,-0.1069,0.7334
53.347,2,6.446,-0.674,-1.767,-0.0822,-0.6664,-0.1074,0.7332
53.375,2,6.446,-0.674,-1.767,-0.0819,-0.6666,-0.1078,0.7331
53.403,2,6.446,-0.674,-1.767,-0.0828,-0.6668,-0.1083,0.7327
53.460,2,6.446,-0.674,-1.767,-0.0825,-0.6669,-0.1095,0.7325
53.488,2,6.447,-0.674,-1.767,-0.0829,-0.6667,-0.1098,0.7325
53.514,2,6.447,-0.674,-1.767,-0.0838,-0.6665,-0.1106,0.7325
53.543,2,6.447,-0.674,-1.767,-0.0836,-0.6663,-0.1111,0.7326
53.569,2,6.447,-0.674,-1.767,-0.0829,-0.6661,-0.1109,0.7329
53.625,2,6.447,-0.674,-1.766,-0.0824,-0.6644,-0.1101,0.7346
53.654,2,6.447,-0.674,-1.766,-0.0829,-0.6633,-0.1106,0.7355
53.689,2,6.447,-0.674,-1.765,-0.0831,-0.6624,-0.1116,0.7362
53.713,2,6.447,-0.674,-1.765,-0.0824,-0.6619,-0.1117,0.7366
53.742,2,6.447,-0.674,-1.765,-0.0824,-0.6617,-0.1116,0.7368
53.769,2,6.447,-0.674,-1.765,-0.0823,-0.6615,-0.1118,0.7370
53.825,2,6.447,-0.674,-1.765,-0.0819,-0.6616,-0.1117,0.7369
53.853,2,6.447,-0.674,-1.764,-0.0820,-0.6619,-0.1117,0.7367
53.896,2,6.446,-0.674,-1.764,-0.0822,-0.6621,-0.1117,0.7365
53.919,2,6.446,-0.674,-1.764,-0.0820,-0.6621,-0.1115,0.7365
53.946,2,6.446,-0.674,-1.764,-0.0809,-0.6623,-0.1107,0.7366
53.974,2,6.446,-0.675,-1.764,-0.0800,-0.6621,-0.1099,0.7370
54.002,2,6.446,-0.675,-1.764,-0.0794,-0.6618,-0.1095,0.7374
54.057,2,6.446,-0.675,-1.763,-0.0795,-0.6613,-0.1094,0.7379
54.085,2,6.446,-0.675,-1.763,-0.0795,-0.6613,-0.1096,0.7378
54.116,2,6.446,-0.675,-1.763,-0.0796,-0.6614,-0.1102,0.7376
54.141,2,6.446,-0.675,-1.763,-0.0794,-0.6616,-0.1101,0.7375
54.169,2,6.446,-0.675,-1.763,-0.0792,-0.6618,-0.1096,0.7374
54.225,2,6.446,-0.675,-1.764,-0.0784,-0.6619,-0.1095,0.7374
54.254,2,6.446,-0.674,-1.764,-0.0791,-0.6621,-0.1095,0.7371
54.281,2,6.446,-0.674,-1.764,-0.0791,-0.6624,-0.1095,0.7369
54.310,2,6.446,-0.674,-1.764,-0.0797,-0.6626,-0.1102,0.7365
54.338,2,6.446,-0.674,-1.764,-0.0794,-0.6630,-0.1101,0.7362
54.393,2,6.446,-0.674,-1.765,-0.0815,-0.6637,-0.1104,0.7353
54.421,2,6.446,-0.674,-1.765,-0.0824,-0.6640,-0.1111,0.7349
54.449,2,6.446,-0.673,-1.765,-0.0829,-0.6642,-0.1110,0.7346
54.476,2,6.446,-0.673,-1.766,-0.0852,-0.6642,-0.1117,0.7343
54.504,2,6.446,-0.672,-1.766,-0.0858,-0.6644,-0.1118,0.7339
54.562,2,6.445,-0.672,-1.767,-0.0886,-0.6653,-0.1126,0.7327
54.588,2,6.445,-0.672,-1.767,-0.0893,-0.6659,-0.1131,0.7320
54.616,2,6.445,-0.672,-1.767,-0.0894,-0.6664,-0.1140,0.7313
54.646,2,6.445,-0.672,-1.767,-0.0899,-0.6668,-0.1144,0.7309
54.671,2,6.446,-0.671,-1.768,-0.0907,-0.6669,-0.1149,0.7306
54.725,2,6.446,-0.672,-1.768,-0.0886,-0.6671,-0.1132,0.7310
54.754,2,6.446,-0.672,-1.768,-0.0869,-0.6670,-0.1117,0.7315
54.782,2,6.446,-0.673,-1.768,-0.0858,-0.6670,-0.1107,0.7318
54.810,2,6.446,-0.673,-1.768,-0.0844,-0.6671,-0.1097,0.7320
54.837,2,6.446,-0.673,-1.768,-0.0855,-0.6669,-0.1101,0.7320
54.894,2,6.446,-0.673,-1.768,-0.0836,-0.6670,-0.1094,0.7322
54.920,2,6.446,-0.674,-1.768,-0.0829,-0.6674,-0.1088,0.7321
54.949,2,6.446,-0.674,-1.768,-0.0832,-0.6674,-0.1088,0.7320
54.977,2,6.446,-0.674,-1.768,-0.0823,-0.6673,-0.1087,0.7322
55.005,2,6.446,-0.674,-1.768,-0.0818,-0.6672,-0.1082,0.7324
55.033,2,6.446,-0.674,-1.768,-0.0823,-0.6670,-0.1083,0.7325
55.088,2,6.446,-0.674,-1.767,-0.0809,-0.6668,-0.1077,0.7329
55.116,2,6.446,-0.674,-1.767,-0.0806,-0.6666,-0.1082,0.7331
55.143,2,6.446,-0.674,-1.767,-0.0806,-0.6665,-0.1086,0.7331
55.171,2,6.446,-0.674,-1.767,-0.0801,-0.6666,-0.1081,0.7332
55.228,2,6.446,-0.674,-1.766,-0.0805,-0.6666,-0.1094,0.7329
55.253,2,6.446,-0.674,-1.766,-0.0801,-0.6669,-0.1093,0.7327
55.281,2,6.446,-0.674,-1.766,-0.0798,-0.6671,-0.1085,0.7327
55.310,2,6.446,-0.674,-1.766,-0.0811,-0.6663,-0.1094,0.7332
55.337,2,6.446,-0.674,-1.766,-0.0821,-0.6657,-0.1105,0.7334
55.394,2,6.446,-0.674,-1.766,-0.0808,-0.6655,-0.1094,0.7339
55.421,2,6.446,-0.674,-1.766,-0.0808,-0.6653,-0.1097,0.7341
55.451,2,6.446,-0.674,-1.766,-0.0803,-0.6650,-0.1096,0.7344
55.476,2,6.446,-0.674,-1.765,-0.0802,-0.6644,-0.1095,0.7349
55.505,2,6.446,-0.675,-1.765,-0.0788,-0.6641,-0.1081,0.7355
55.534,2,6.446,-0.675,-1.765,-0.0774,-0.6639,-0.1072,0.7361
55.590,2,6.446,-0.676,-1.765,-0.0764,-0.6632,-0.1055,0.7370
55.617,2,6.446,-0.676,-1.765,-0.0765,-0.6626,-0.1057,0.7375
55.645,2,6.446,-0.675,-1.765,-0.0765,-0.6621,-0.1055,0.7380
55.674,2,6.446,-0.676,-1.765,-0.0762,-0.6620,-0.1053,0.7381
55.701,2,6.446,-0.676,-1.765,-0.0763,-0.6620,-0.1053,0.7381
55.756,2,6.445,-0.676,-1.765,-0.0751,-0.6622,-0.1051,0.7381
55.785,2,6.445,-0.676,-1.765,-0.0757,-0.6621,-0.1050,0.7382
55.813,2,6.445,-0.676,-1.765,-0.0751,-0.6619,-0.1043,0.7385
55.839,2,6.445,-0.676,-1.765,-0.0741,-0.6617,-0.1037,0.7389
55.868,2,6.445,-0.676,-1.765,-0.0736,-0.6615,-0.1027,0.7392
55.923,2,6.445,-0.677,-1.765,-0.0725,-0.6612,-0.1021,0.7397
55.952,2,6.445,-0.677,-1.765,-0.0718,-0.6612,-0.1015,0.7399
55.981,2,6.445,-0.677,-1.764,-0.0717,-0.6610,-0.1017,0.7400
56.007,2,6.445,-0.677,-1.764,-0.0724,-0.6609,-0.1027,0.7399
56.035,2,6.445,-0.676,-1.764,-0.0733,-0.6608,-0.1037,0.7397
56.091,2,6.445,-0.676,-1.764,-0.0746,-0.6604,-0.1053,0.7398
56.120,2,6.446,-0.676,-1.764,-0.0749,-0.6601,-0.1055,0.7400
56.147,2,6.446,-0.676,-1.764,-0.0753,-0.6597,-0.1058,0.7402
56.174,2,6.446,-0.676,-1.764,-0.0758,-0.6595,-0.1064,0.7402
56.202,2,6.446,-0.675,-1.764,-0.0756,-0.6594,-0.1065,0.7403
56.258,2,6.446,-0.676,-1.764,-0.0740,-0.6592,-0.1054,0.7408
56.286,2,6.446,-0.676,-1.764,-0.0738,-0.6591,-0.1052,0.7410
56.315,2,6.446,-0.676,-1.764,-0.0746,-0.6588,-0.1057,0.7411
56.344,2,6.446,-0.675,-1.764,-0.0754,-0.6587,-0.1065,0.7410
56.370,2,6.446,-0.675,-1.764,-0.0751,-0.6588,-0.1065,0.7410
56.426,2,6.446,-0.676,-1.764,-0.0751,-0.6588,-0.1064,0.7409
56.453,2,6.446,-0.676,-1.764,-0.0749,-0.6591,-0.1065,0.7407
56.480,2,6.446,-0.676,-1.764,-0.0750,-0.6596,-0.1067,0.7402
56.508,2,6.446,-0.675,-1.764,-0.0764,-0.6598,-0.1077,0.7397
56.535,2,6.446,-0.675,-1.764,-0.0773,-0.6599,-0.1085,0.7395
56.593,2,6.446,-0.675,-1.763,-0.0791,-0.6595,-0.1100,0.7394
56.620,2,6.446,-0.675,-1.763,-0.0770,-0.6594,-0.1096,0.7397
56.648,2,6.446,-0.675,-1.763,-0.0756,-0.6592,-0.1093,0.7402
56.675,2,6.446,-0.675,-1.763,-0.0747,-0.6587,-0.1091,0.7407
56.703,2,6.446,-0.676,-1.763,-0.0730,-0.6580,-0.1087,0.7415
56.759,2,6.446,-0.675,-1.762,-0.0740,-0.6569,-0.1086,0.7425
56.788,2,6.447,-0.675,-1.762,-0.0741,-0.6564,-0.1091,0.7428
56.815,2,6.447,-0.675,-1.762,-0.0741,-0.6561,-0.1094,0.7430
56.843,2,6.447,-0.675,-1.762,-0.0746,-0.6556,-0.1099,0.7433
56.872,2,6.446,-0.675,-1.761,-0.0745,-0.6549,-0.1105,0.7438
56.899,2,6.446,-0.675,-1.761,-0.0754,-0.6540,-0.1119,0.7444
56.955,2,6.446,-0.675,-1.759,-0.0749,-0.6513,-0.1147,0.7464
56.983,2,6.447,-0.675,-1.759,-0.0730,-0.6501,-0.1155,0.7475
57.011,2,6.447,-0.675,-1.758,-0.0707,-0.6490,-0.1160,0.7486
57.038,2,6.447,-0.675,-1.758,-0.0705,-0.6478,-0.1169,0.7494
57.095,2,6.448,-0.675,-1.757,-0.0710,-0.6459,-0.1181,0.7509
57.120,2,6.449,-0.675,-1.757,-0.0722,-0.6454,-0.1187,0.7511
57.149,2,6.450,-0.675,-1.757,-0.0723,-0.6450,-0.1190,0.7514
57.177,2,6.450,-0.674,-1.757,-0.0729,-0.6445,-0.1198,0.7516
57.205,2,6.451,-0.674,-1.756,-0.0739,-0.6436,-0.1211,0.7521
57.235,2,6.451,-0.674,-1.756,-0.0746,-0.6423,-0.1223,0.7530
57.289,2,6.452,-0.673,-1.755,-0.0774,-0.6392,-0.1248,0.7549
57.317,2,6.453,-0.674,-1.755,-0.0770,-0.6381,-0.1251,0.7558
57.345,2,6.453,-0.673,-1.755,-0.0773,-0.6372,-0.1262,0.7563
57.373,2,6.453,-0.673,-1.754,-0.0787,-0.6368,-0.1270,0.7564
57.400,2,6.454,-0.673,-1.754,-0.0785,-0.6368,-0.1274,0.7564
57.456,2,6.454,-0.673,-1.754,-0.0764,-0.6381,-0.1272,0.7555
57.483,2,6.454,-0.674,-1.754,-0.0751,-0.6389,-0.1261,0.7551
57.512,2,6.453,-0.674,-1.754,-0.0742,-0.6394,-0.1256,0.7549
57.539,2,6.453,-0.674,-1.755,-0.0739,-0.6398,-0.1256,0.7546
57.567,2,6.453,-0.674,-1.755,-0.0738,-0.6401,-0.1249,0.7544
57.621,2,6.452,-0.674,-1.755,-0.0737,-0.6408,-0.1242,0.7540
57.650,2,6.452,-0.674,-1.755,-0.0741,-0.6410,-0.1239,0.7538
57.678,2,6.452,-0.674,-1.755,-0.0731,-0.6412,-0.1228,0.7540
57.705,2,6.452,-0.674,-1.755,-0.0729,-0.6412,-0.1222,0.7541
57.733,2,6.452,-0.675,-1.755,-0.0722,-0.6414,-0.1220,0.7540
57.789,2,6.452,-0.674,-1.755,-0.0734,-0.6410,-0.1233,0.7540
57.816,2,6.452,-0.674,-1.755,-0.0737,-0.6410,-0.1233,0.7539
57.844,2,6.452,-0.674,-1.755,-0.0734,-0.6412,-0.1231,0.7538
57.872,2,6.452,-0.674,-1.756,-0.0741,-0.6411,-0.1240,0.7537
57.902,2,6.452,-0.674,-1.756,-0.0751,-0.6408,-0.1248,0.7537
57.956,2,6.452,-0.673,-1.756,-0.0770,-0.6406,-0.1254,0.7537
57.984,2,6.452,-0.673,-1.756,-0.0763,-0.6409,-0.1247,0.7536
58.013,2,6.452,-0.674,-1.756,-0.0751,-0.6414,-0.1236,0.7535
58.038,2,6.452,-0.674,-1.756,-0.0754,-0.6417,-0.1237,0.7532
58.066,2,6.452,-0.674,-1.756,-0.0750,-0.6419,-0.1237,0.7530
58.124,2,6.452,-0.674,-1.756,-0.0751,-0.6426,-0.1227,0.7526
58.150,2,6.452,-0.674,-1.756,-0.0748,-0.6429,-0.1225,0.7524
58.178,2,6.451,-0.674,-1.756,-0.0754,-0.6433,-0.1228,0.7520
58.208,2,6.451,-0.674,-1.757,-0.0751,-0.6438,-0.1225,0.7516
58.235,2,6.451,-0.674,-1.757,-0.0751,-0.6442,-0.1227,0.7512
58.291,2,6.451,-0.673,-1.757,-0.0765,-0.6442,-0.1236,0.7509
58.317,2,6.451,-0.673,-1.756,-0.0771,-0.6444,-0.1238,0.7506
58.347,2,6.451,-0.674,-1.757,-0.0757,-0.6449,-0.1232,0.7505
58.373,2,6.451,-0.674,-1.757,-0.0744,-0.6453,-0.1221,0.7505
58.402,2,6.452,-0.674,-1.757,-0.0739,-0.6459,-0.1202,0.7502
58.456,2,6.452,-0.675,-1.757,-0.0715,-0.6477,-0.1187,0.7492
58.485,2,6.452,-0.675,-1.757,-0.0724,-0.6483,-0.1193,0.7485
58.513,2,6.451,-0.674,-1.757,-0.0730,-0.6486,-0.1194,0.7482
58.541,2,6.452,-0.675,-1.757,-0.0722,-0.6492,-0.1189,0.7478
58.570,2,6.452,-0.675,-1.758,-0.0713,-0.6496,-0.1188,0.7476
58.624,2,6.452,-0.675,-1.758,-0.0713,-0.6500,-0.1204,0.7470
58.652,2,6.452,-0.674,-1.758,-0.0719,-0.6500,-0.1211,0.7468
58.680,2,6.452,-0.675,-1.758,-0.0716,-0.6500,-0.1208,0.7468
58.708,2,6.452,-0.674,-1.758,-0.0731,-0.6498,-0.1209,0.7468
58.735,2,6.452,-0.674,-1.758,-0.0744,-0.6497,-0.1208,0.7468
58.793,2,6.452,-0.674,-1.759,-0.0744,-0.6507,-0.1197,0.7462
58.818,2,6.452,-0.674,-1.760,-0.0748,-0.6516,-0.1193,0.7454
58.847,2,6.452,-0.674,-1.760,-0.0742,-0.6528,-0.1186,0.7445
58.875,2,6.451,-0.674,-1.761,-0.0741,-0.6539,-0.1179,0.7436
58.902,2,6.451,-0.674,-1.761,-0.0743,-0.6550,-0.1175,0.7427
58.959,2,6.451,-0.674,-1.762,-0.0743,-0.6574,-0.1160,0.7409
58.986,2,6.451,-0.674,-1.763,-0.0751,-0.6585,-0.1159,0.7398
59.016,2,6.451,-0.674,-1.763,-0.0757,-0.6596,-0.1155,0.7389
59.043,2,6.450,-0.674,-1.764,-0.0765,-0.6605,-0.1157,0.7379
59.070,2,6.450,-0.674,-1.765,-0.0770,-0.6611,-0.1156,0.7373
59.125,2,6.450,-0.673,-1.766,-0.0783,-0.6620,-0.1143,0.7366
59.152,2,6.450,-0.673,-1.766,-0.0783,-0.6622,-0.1135,0.7365
59.180,2,6.450,-0.673,-1.767,-0.0792,-0.6626,-0.1133,0.7361
59.209,2,6.450,-0.673,-1.767,-0.0813,-0.6631,-0.1137,0.7354
59.237,2,6.451,-0.673,-1.768,-0.0806,-0.6641,-0.1126,0.7347
59.292,2,6.451,-0.673,-1.770,-0.0821,-0.6680,-0.1096,0.7314
59.320,2,6.451,-0.673,-1.772,-0.0823,-0.6712,-0.1069,0.7289
59.348,2,6.451,-0.673,-1.774,-0.0812,-0.6750,-0.1032,0.7261
59.376,2,6.451,-0.674,-1.776,-0.0807,-0.6789,-0.0999,0.7229
59.404,2,6.451,-0.674,-1.777,-0.0803,-0.6828,-0.0969,0.7197
59.461,2,6.450,-0.674,-1.780,-0.0820,-0.6880,-0.0940,0.7149
59.489,2,6.449,-0.674,-1.782,-0.0832,-0.6895,-0.0921,0.7136
59.517,2,6.449,-0.674,-1.783,-0.0851,-0.6910,-0.0914,0.7120
59.544,2,6.448,-0.674,-1.784,-0.0864,-0.6927,-0.0910,0.7102
59.572,2,6.447,-0.674,-1.786,-0.0865,-0.6945,-0.0895,0.7086
59.628,2,6.446,-0.675,-1.788,-0.0841,-0.6975,-0.0838,0.7067
59.654,2,6.445,-0.675,-1.789,-0.0842,-0.6986,-0.0827,0.7058
59.684,2,6.445,-0.675,-1.790,-0.0839,-0.6995,-0.0813,0.7050
59.712,2,6.444,-0.676,-1.791,-0.0837,-0.7003,-0.0799,0.7044
59.739,2,6.444,-0.676,-1.791,-0.0831,-0.7009,-0.0785,0.7041
59.795,2,6.443,-0.676,-1.792,-0.0820,-0.7015,-0.0766,0.7038
59.822,2,6.442,-0.677,-1.793,-0.0808,-0.7014,-0.0751,0.7042
59.850,2,6.441,-0.677,-1.793,-0.0808,-0.7011,-0.0742,0.7046
59.878,2,6.441,-0.676,-1.793,-0.0816,-0.7007,-0.0745,0.7048
59.908,2,6.441,-0.676,-1.793,-0.0820,-0.7002,-0.0757,0.7052
59.934,2,6.440,-0.676,-1.793,-0.0826,-0.6997,-0.0757,0.7056
59.991,2,6.440,-0.677,-1.793,-0.0803,-0.6987,-0.0736,0.7070
60.018,2,6.440,-0.677,-1.793,-0.0811,-0.6983,-0.0738,0.7073
60.047,2,6.440,-0.677,-1.793,-0.0816,-0.6982,-0.0736,0.7074
60.075,2,6.440,-0.677,-1.793,-0.0820,-0.6981,-0.0738,0.7075
60.101,2,6.441,-0.677,-1.793,-0.0823,-0.6982,-0.0738,0.7074
60.157,2,6.441,-0.676,-1.792,-0.0823,-0.6981,-0.0750,0.7073
60.185,2,6.441,-0.676,-1.792,-0.0827,-0.6978,-0.0753,0.7075
60.213,2,6.442,-0.676,-1.792,-0.0837,-0.6974,-0.0763,0.7076
60.241,2,6.442,-0.676,-1.792,-0.0846,-0.6970,-0.0774,0.7078
60.268,2,6.442,-0.675,-1.791,-0.0852,-0.6968,-0.0786,0.7079
60.325,2,6.442,-0.675,-1.791,-0.0879,-0.6962,-0.0818,0.7077
60.353,2,6.443,-0.674,-1.790,-0.0903,-0.6961,-0.0849,0.7072
60.380,2,6.443,-0.673,-1.790,-0.0932,-0.6960,-0.0883,0.7065
60.408,2,6.443,-0.672,-1.790,-0.0963,-0.6961,-0.0916,0.7056
60.435,2,6.443,-0.672,-1.790,-0.0981,-0.6964,-0.0936,0.7047
60.491,2,6.444,-0.671,-1.791,-0.0991,-0.6978,-0.0943,0.7031
60.518,2,6.445,-0.671,-1.791,-0.0990,-0.6988,-0.0936,0.7023
60.547,2,6.445,-0.672,-1.791,-0.0973,-0.6994,-0.0918,0.7021
60.576,2,6.445,-0.672,-1.791,-0.0974,-0.6994,-0.0906,0.7023
60.602,2,6.446,-0.672,-1.791,-0.0973,-0.6993,-0.0895,0.7025
60.658,2,6.446,-0.673,-1.791,-0.0937,-0.6989,-0.0864,0.7038
60.687,2,6.446,-0.673,-1.791,-0.0958,-0.6976,-0.0875,0.7046
60.716,2,6.446,-0.673,-1.790,-0.0950,-0.6962,-0.0875,0.7061
60.742,2,6.446,-0.673,-1.790,-0.0937,-0.6947,-0.0869,0.7079
60.770,2,6.446,-0.673,-1.789,-0.0934,-0.6928,-0.0865,0.7098
60.825,2,6.446,-0.673,-1.788,-0.0916,-0.6894,-0.0855,0.7135
60.854,2,6.446,-0.674,-1.788,-0.0915,-0.6879,-0.0850,0.7150
60.882,2,6.446,-0.674,-1.787,-0.0901,-0.6865,-0.0835,0.7167
60.910,2,6.446,-0.675,-1.787,-0.0866,-0.6851,-0.0799,0.7189
60.938,2,6.446,-0.677,-1.786,-0.0811,-0.6830,-0.0750,0.7220
60.966,2,6.446,-0.678,-1.786,-0.0749,-0.6810,-0.0700,0.7251
61.021,2,6.445,-0.679,-1.784,-0.0702,-0.6770,-0.0638,0.7298
61.048,2,6.445,-0.679,-1.783,-0.0673,-0.6751,-0.0616,0.7321
61.076,2,6.445,-0.680,-1.783,-0.0645,-0.6737,-0.0594,0.7338
61.103,2,6.445,-0.680,-1.782,-0.0635,-0.6728,-0.0580,0.7348
61.159,2,6.444,-0.680,-1.781,-0.0645,-0.6713,-0.0600,0.7360
61.188,2,6.444,-0.680,-1.781,-0.0651,-0.6716,-0.0617,0.7355
61.216,2,6.443,-0.680,-1.781,-0.0650,-0.6723,-0.0637,0.7346
61.244,2,6.443,-0.680,-1.781,-0.0651,-0.6729,-0.0653,0.7340
61.271,2,6.443,-0.680,-1.780,-0.0643,-0.6731,-0.0661,0.7338
61.326,2,6.443,-0.680,-1.780,-0.0636,-0.6731,-0.0665,0.7338
61.354,2,6.443,-0.680,-1.780,-0.0639,-0.6728,-0.0664,0.7341
61.382,2,6.443,-0.680,-1.780,-0.0643,-0.6716,-0.0666,0.7351
61.411,2,6.443,-0.680,-1.779,-0.0636,-0.6705,-0.0663,0.7362
61.438,2,6.444,-0.680,-1.779,-0.0615,-0.6696,-0.0651,0.7373
61.468,2,6.445,-0.680,-1.778,-0.0586,-0.6684,-0.0646,0.7387
61.522,2,6.446,-0.680,-1.776,-0.0520,-0.6643,-0.0658,0.7427
61.549,2,6.447,-0.681,-1.775,-0.0479,-0.6605,-0.0651,0.7465
61.577,2,6.448,-0.681,-1.773,-0.0452,-0.6548,-0.0639,0.7517
61.605,2,6.449,-0.680,-1.771,-0.0439,-0.6483,-0.0642,0.7574
61.660,2,6.451,-0.679,-1.768,-0.0469,-0.6333,-0.0668,0.7696
61.690,2,6.451,-0.679,-1.766,-0.0497,-0.6261,-0.0665,0.7753
61.716,2,6.450,-0.680,-1.765,-0.0472,-0.6200,-0.0620,0.7807
61.745,2,6.449,-0.682,-1.764,-0.0394,-0.6153,-0.0525,0.7855
61.772,2,6.447,-0.685,-1.763,-0.0277,-0.6104,-0.0418,0.7905
61.800,2,6.445,-0.688,-1.761,-0.0138,-0.6054,-0.0311,0.7952
61.856,2,6.439,-0.695,-1.758,0.0122,-0.5942,-0.0088,0.8042
61.884,2,6.434,-0.697,-1.756,0.0213,-0.5882,0.0003,0.8085
61.913,2,6.430,-0.701,-1.753,0.0324,-0.5825,0.0087,0.8121
61.939,2,6.427,-0.704,-1.751,0.0428,-0.5768,0.0164,0.8156
61.966,2,6.422,-0.706,-1.749,0.0485,-0.5717,0.0209,0.8187
62.022,2,6.412,-0.710,-1.745,0.0551,-0.5630,0.0256,0.8242
62.051,2,6.407,-0.712,-1.743,0.0610,-0.5589,0.0292,0.8264
62.078,2,6.401,-0.713,-1.740,0.0669,-0.5553,0.0326,0.8283
62.107,2,6.396,-0.715,-1.738,0.0728,-0.5520,0.0364,0.8299
62.135,2,6.391,-0.717,-1.736,0.0779,-0.5489,0.0419,0.8312
62.190,2,6.380,-0.719,-1.731,0.0855,-0.5435,0.0485,0.8336
62.217,2,6.374,-0.720,-1.728,0.0899,-0.5415,0.0503,0.8344
62.246,2,6.369,-0.721,-1.726,0.0931,-0.5391,0.0521,0.8354
62.274,2,6.363,-0.722,-1.724,0.0953,-0.5365,0.0533,0.8368
62.302,2,6.358,-0.723,-1.721,0.0985,-0.5349,0.0547,0.8374
62.358,2,6.349,-0.724,-1.717,0.1027,-0.5338,0.0579,0.8374
62.385,2,6.344,-0.724,-1.715,0.1035,-0.5333,0.0571,0.8376
62.413,2,6.339,-0.724,-1.713,0.1046,-0.5329,0.0561,0.8378
62.440,2,6.335,-0.724,-1.711,0.1055,-0.5328,0.0555,0.8378
62.468,2,6.331,-0.724,-1.709,0.1062,-0.5326,0.0531,0.8380
62.524,2,6.324,-0.724,-1.706,0.1051,-0.5341,0.0495,0.8374
62.552,2,6.320,-0.724,-1.705,0.1035,-0.5345,0.0471,0.8375
62.582,2,6.317,-0.724,-1.704,0.1017,-0.5350,0.0444,0.8375
62.609,2,6.313,-0.723,-1.702,0.1008,-0.5355,0.0417,0.8375
62.636,2,6.310,-0.723,-1.701,0.0992,-0.5359,0.0400,0.8375
62.692,2,6.304,-0.724,-1.699,0.0971,-0.5373,0.0397,0.8368
62.719,2,6.301,-0.725,-1.698,0.0980,-0.5376,0.0392,0.8366
62.747,2,6.299,-0.725,-1.697,0.0982,-0.5380,0.0398,0.8363
62.776,2,6.296,-0.726,-1.696,0.0990,-0.5383,0.0399,0.8360
62.804,2,6.294,-0.727,-1.695,0.0995,-0.5384,0.0396,0.8359
62.857,2,6.289,-0.729,-1.694,0.0967,-0.5384,0.0401,0.8362
62.885,2,6.288,-0.730,-1.694,0.0969,-0.5379,0.0402,0.8365
62.914,2,6.286,-0.730,-1.694,0.0973,-0.5374,0.0409,0.8367
62.940,2,6.284,-0.731,-1.694,0.0966,-0.5370,0.0423,0.8370
62.969,2,6.282,-0.731,-1.694,0.0953,-0.5370,0.0440,0.8371
63.027,2,6.279,-0.733,-1.695,0.0932,-0.5377,0.0483,0.8366
63.052,2,6.277,-0.734,-1.695,0.0925,-0.5386,0.0504,0.8360
63.081,2,6.276,-0.734,-1.696,0.0921,-0.5392,0.0511,0.8355
63.109,2,6.274,-0.735,-1.696,0.0913,-0.5399,0.0509,0.8352
63.137,2,6.273,-0.735,-1.696,0.0911,-0.5410,0.0513,0.8345
63.198,2,6.271,-0.736,-1.697,0.0920,-0.5430,0.0536,0.8329
63.221,2,6.271,-0.736,-1.697,0.0925,-0.5441,0.0549,0.8321
63.251,2,6.270,-0.736,-1.697,0.0943,-0.5443,0.0550,0.8317
63.276,2,6.270,-0.736,-1.697,0.0948,-0.5443,0.0555,0.8317
63.304,2,6.270,-0.736,-1.697,0.0941,-0.5438,0.0568,0.8320
63.333,2,6.271,-0.735,-1.698,0.0931,-0.5431,0.0564,0.8326
63.386,2,6.273,-0.733,-1.699,0.0890,-0.5435,0.0527,0.8330
63.414,2,6.274,-0.733,-1.699,0.0872,-0.5443,0.0518,0.8327
63.442,2,6.276,-0.731,-1.700,0.0856,-0.5454,0.0501,0.8323
63.472,2,6.278,-0.731,-1.702,0.0848,-0.5468,0.0495,0.8315
63.554,2,6.281,-0.729,-1.704,0.0846,-0.5485,0.0498,0.8304
63.554,2,6.281,-0.729,-1.704,0.0846,-0.5485,0.0498,0.8304
63.582,2,6.290,-0.723,-1.712,0.0741,-0.5550,0.0449,0.8273
63.610,2,6.294,-0.720,-1.716,0.0667,-0.5589,0.0414,0.8255
63.638,2,6.299,-0.718,-1.719,0.0609,-0.5625,0.0372,0.8237
63.695,2,6.308,-0.712,-1.726,0.0463,-0.5711,0.0312,0.8190
63.721,2,6.313,-0.710,-1.729,0.0384,-0.5750,0.0272,0.8168
63.749,2,6.318,-0.708,-1.732,0.0319,-0.5786,0.0251,0.8146
63.776,2,6.324,-0.706,-1.733,0.0272,-0.5824,0.0250,0.8121
63.804,2,6.330,-0.705,-1.735,0.0244,-0.5859,0.0247,0.8096
63.860,2,6.344,-0.702,-1.739,0.0199,-0.5965,0.0183,0.8021
63.889,2,6.351,-0.700,-1.741,0.0185,-0.6029,0.0112,0.7975
63.918,2,6.359,-0.697,-1.743,0.0146,-0.6102,0.0057,0.7921
63.943,2,6.367,-0.695,-1.745,0.0086,-0.6182,0.0018,0.7860
63.972,2,6.375,-0.693,-1.748,0.0029,-0.6265,-0.0021,0.7794
64.000,2,6.384,-0.691,-1.750,-0.0019,-0.6346,-0.0072,0.7728
64.056,2,6.401,-0.688,-1.754,-0.0097,-0.6482,-0.0178,0.7612
64.084,2,6.410,-0.687,-1.756,-0.0141,-0.6550,-0.0224,0.7551
64.113,2,6.419,-0.686,-1.758,-0.0175,-0.6621,-0.0266,0.7487
64.140,2,6.428,-0.685,-1.760,-0.0204,-0.6687,-0.0313,0.7426
64.166,2,6.436,-0.683,-1.762,-0.0235,-0.6751,-0.0366,0.7364
64.223,2,6.451,-0.679,-1.767,-0.0284,-0.6875,-0.0456,0.7241
64.250,2,6.458,-0.677,-1.769,-0.0318,-0.6929,-0.0506,0.7186
64.278,2,6.464,-0.675,-1.772,-0.0375,-0.6983,-0.0557,0.7127
64.306,2,6.470,-0.673,-1.774,-0.0431,-0.7038,-0.0589,0.7066
64.334,2,6.475,-0.673,-1.776,-0.0465,-0.7089,-0.0609,0.7011
64.390,2,6.483,-0.671,-1.781,-0.0485,-0.7176,-0.0628,0.6919
64.417,2,6.486,-0.672,-1.783,-0.0473,-0.7213,-0.0609,0.6884
64.446,2,6.490,-0.673,-1.785,-0.0451,-0.7240,-0.0576,0.6859
64.473,2,6.493,-0.672,-1.786,-0.0438,-0.7255,-0.0553,0.6846
64.501,2,6.496,-0.673,-1.788,-0.0437,-0.7258,-0.0543,0.6844
64.557,2,6.500,-0.672,-1.790,-0.0460,-0.7241,-0.0561,0.6858
64.587,2,6.502,-0.672,-1.791,-0.0461,-0.7230,-0.0545,0.6871
64.613,2,6.504,-0.672,-1.792,-0.0475,-0.7222,-0.0527,0.6881
64.641,2,6.505,-0.672,-1.792,-0.0511,-0.7210,-0.0532,0.6890
64.668,2,6.506,-0.671,-1.793,-0.0551,-0.7190,-0.0564,0.6906
64.723,2,6.508,-0.670,-1.794,-0.0598,-0.7141,-0.0643,0.6945
64.751,2,6.508,-0.669,-1.795,-0.0616,-0.7124,-0.0659,0.6960
64.779,2,6.508,-0.669,-1.795,-0.0634,-0.7110,-0.0661,0.6972
64.809,2,6.508,-0.669,-1.796,-0.0645,-0.7096,-0.0656,0.6986
64.834,2,6.508,-0.669,-1.797,-0.0654,-0.7089,-0.0658,0.6992
64.891,2,6.508,-0.669,-1.798,-0.0670,-0.7086,-0.0651,0.6994
64.917,2,6.507,-0.669,-1.798,-0.0687,-0.7084,-0.0647,0.6995
64.946,2,6.507,-0.669,-1.799,-0.0708,-0.7085,-0.0659,0.6990
64.975,2,6.506,-0.669,-1.799,-0.0705,-0.7087,-0.0677,0.6987
65.002,2,6.506,-0.670,-1.800,-0.0681,-0.7085,-0.0698,0.6989
65.058,2,6.505,-0.669,-1.801,-0.0690,-0.7100,-0.0719,0.6971
65.085,2,6.505,-0.669,-1.802,-0.0699,-0.7103,-0.0742,0.6965
65.113,2,6.504,-0.669,-1.802,-0.0714,-0.7108,-0.0750,0.6957
65.141,2,6.504,-0.669,-1.803,-0.0731,-0.7115,-0.0753,0.6948
65.169,2,6.503,-0.669,-1.804,-0.0737,-0.7123,-0.0755,0.6939
65.225,2,6.503,-0.669,-1.805,-0.0719,-0.7137,-0.0739,0.6928
65.253,2,6.502,-0.669,-1.806,-0.0723,-0.7141,-0.0743,0.6923
65.280,2,6.502,-0.669,-1.806,-0.0723,-0.7143,-0.0742,0.6921
65.308,2,6.502,-0.669,-1.807,-0.0720,-0.7146,-0.0730,0.6920
65.335,2,6.502,-0.669,-1.807,-0.0727,-0.7150,-0.0725,0.6915
65.391,2,6.502,-0.669,-1.807,-0.0725,-0.7149,-0.0722,0.6917
65.418,2,6.502,-0.670,-1.807,-0.0728,-0.7147,-0.0727,0.6919
65.447,2,6.502,-0.669,-1.807,-0.0737,-0.7143,-0.0740,0.6920
65.476,2,6.502,-0.669,-1.807,-0.0744,-0.7140,-0.0752,0.6921
65.503,2,6.502,-0.669,-1.807,-0.0750,-0.7139,-0.0754,0.6922
65.558,2,6.502,-0.669,-1.807,-0.0750,-0.7137,-0.0738,0.6925
65.585,2,6.502,-0.670,-1.807,-0.0736,-0.7135,-0.0731,0.6930
65.614,2,6.502,-0.670,-1.807,-0.0736,-0.7134,-0.0734,0.6930
65.641,2,6.501,-0.670,-1.806,-0.0738,-0.7133,-0.0740,0.6930
65.670,2,6.501,-0.670,-1.806,-0.0739,-0.7135,-0.0744,0.6927
65.725,2,6.501,-0.670,-1.806,-0.0730,-0.7143,-0.0741,0.6921
65.754,2,6.500,-0.670,-1.806,-0.0730,-0.7146,-0.0742,0.6917
65.781,2,6.500,-0.670,-1.806,-0.0730,-0.7148,-0.0746,0.6915
65.809,2,6.500,-0.670,-1.806,-0.0733,-0.7149,-0.0750,0.6913
65.836,2,6.500,-0.670,-1.806,-0.0731,-0.7155,-0.0756,0.6906
65.893,2,6.500,-0.671,-1.806,-0.0692,-0.7178,-0.0752,0.6887
65.922,2,6.500,-0.670,-1.806,-0.0697,-0.7185,-0.0755,0.6879
65.949,2,6.500,-0.670,-1.806,-0.0706,-0.7189,-0.0760,0.6873
65.976,2,6.500,-0.670,-1.807,-0.0709,-0.7196,-0.0766,0.6865
66.004,2,6.500,-0.670,-1.807,-0.0712,-0.7204,-0.0773,0.6856
66.060,2,6.500,-0.670,-1.808,-0.0717,-0.7221,-0.0793,0.6834
66.089,2,6.500,-0.670,-1.808,-0.0719,-0.7231,-0.0798,0.6824
66.115,2,6.500,-0.670,-1.809,-0.0724,-0.7237,-0.0803,0.6816
66.147,2,6.499,-0.669,-1.809,-0.0741,-0.7240,-0.0807,0.6811
66.172,2,6.499,-0.669,-1.809,-0.0759,-0.7242,-0.0811,0.6806
66.227,2,6.499,-0.668,-1.810,-0.0778,-0.7241,-0.0824,0.6803
66.255,2,6.499,-0.668,-1.810,-0.0779,-0.7241,-0.0821,0.6803
66.283,2,6.499,-0.669,-1.810,-0.0773,-0.7241,-0.0820,0.6804
66.311,2,6.499,-0.669,-1.810,-0.0760,-0.7240,-0.0820,0.6807
66.339,2,6.498,-0.669,-1.810,-0.0755,-0.7241,-0.0813,0.6807
66.368,2,6.498,-0.669,-1.810,-0.0749,-0.7242,-0.0807,0.6808
66.421,2,6.498,-0.669,-1.810,-0.0740,-0.7243,-0.0803,0.6807
66.450,2,6.498,-0.669,-1.810,-0.0734,-0.7245,-0.0799,0.6806
66.497,2,6.498,-0.670,-1.809,-0.0723,-0.7246,-0.0791,0.6808
66.520,2,6.497,-0.670,-1.809,-0.0713,-0.7248,-0.0786,0.6807
66.546,2,6.497,-0.670,-1.809,-0.0703,-0.7251,-0.0780,0.6806
66.623,2,6.497,-0.670,-1.809,-0.0708,-0.7251,-0.0781,0.6805
66.623,2,6.497,-0.670,-1.809,-0.0708,-0.7251,-0.0781,0.6805
66.644,2,6.497,-0.670,-1.809,-0.0709,-0.7251,-0.0782,0.6805
66.673,2,6.497,-0.670,-1.809,-0.0711,-0.7252,-0.0784,0.6803
66.700,2,6.497,-0.670,-1.809,-0.0710,-0.7253,-0.0783,0.6802
66.755,2,6.498,-0.670,-1.809,-0.0707,-0.7255,-0.0780,0.6802
66.785,2,6.498,-0.670,-1.809,-0.0707,-0.7254,-0.0776,0.6802
66.811,2,6.498,-0.670,-1.809,-0.0708,-0.7254,-0.0776,0.6802
66.839,2,6.498,-0.670,-1.809,-0.0708,-0.7254,-0.0779,0.6802
66.867,2,6.498,-0.670,-1.809,-0.0710,-0.7255,-0.0782,0.6801
66.923,2,6.498,-0.670,-1.809,-0.0708,-0.7253,-0.0793,0.6802
66.951,2,6.498,-0.670,-1.809,-0.0708,-0.7251,-0.0793,0.6804
66.978,2,6.498,-0.670,-1.808,-0.0705,-0.7250,-0.0793,0.6806
67.007,2,6.498,-0.670,-1.808,-0.0699,-0.7247,-0.0792,0.6810
67.034,2,6.498,-0.670,-1.808,-0.0699,-0.7244,-0.0792,0.6812
67.090,2,6.498,-0.670,-1.808,-0.0699,-0.7237,-0.0797,0.6819
67.117,2,6.498,-0.670,-1.808,-0.0702,-0.7236,-0.0800,0.6820
67.146,2,6.498,-0.670,-1.808,-0.0704,-0.7235,-0.0805,0.6820
67.174,2,6.498,-0.670,-1.808,-0.0707,-0.7235,-0.0813,0.6818
67.201,2,6.498,-0.670,-1.808,-0.0715,-0.7235,-0.0817,0.6817
67.257,2,6.498,-0.670,-1.808,-0.0727,-0.7234,-0.0821,0.6817
67.285,2,6.498,-0.670,-1.808,-0.0730,-0.7234,-0.0826,0.6816
67.313,2,6.499,-0.669,-1.808,-0.0737,-0.7234,-0.0830,0.6814
67.341,2,6.499,-0.669,-1.809,-0.0742,-0.7235,-0.0834,0.6812
67.370,2,6.499,-0.669,-1.809,-0.0748,-0.7234,-0.0837,0.6812
67.424,2,6.500,-0.669,-1.809,-0.0759,-0.7234,-0.0840,0.6811
67.453,2,6.500,-0.669,-1.809,-0.0764,-0.7234,-0.0841,0.6810
67.480,2,6.500,-0.669,-1.810,-0.0769,-0.7234,-0.0842,0.6809
67.508,2,6.500,-0.669,-1.810,-0.0774,-0.7234,-0.0844,0.6808
67.538,2,6.500,-0.669,-1.810,-0.0780,-0.7233,-0.0845,0.6809
67.593,2,6.501,-0.668,-1.810,-0.0793,-0.7231,-0.0843,0.6810
67.619,2,6.501,-0.668,-1.810,-0.0804,-0.7231,-0.0847,0.6808
67.648,2,6.501,-0.668,-1.811,-0.0810,-0.7232,-0.0854,0.6806
67.676,2,6.501,-0.668,-1.811,-0.0811,-0.7234,-0.0854,0.6803
67.702,2,6.502,-0.668,-1.811,-0.0813,-0.7235,-0.0850,0.6802
67.756,2,6.502,-0.668,-1.811,-0.0813,-0.7235,-0.0848,0.6802
67.785,2,6.502,-0.668,-1.812,-0.0818,-0.7235,-0.0842,0.6803
67.813,2,6.502,-0.668,-1.812,-0.0817,-0.7237,-0.0838,0.6801
67.841,2,6.502,-0.668,-1.812,-0.0817,-0.7242,-0.0832,0.6796
67.869,2,6.502,-0.668,-1.812,-0.0822,-0.7248,-0.0829,0.6790
67.925,2,6.502,-0.668,-1.813,-0.0829,-0.7259,-0.0824,0.6778
67.953,2,6.502,-0.668,-1.814,-0.0837,-0.7263,-0.0819,0.6773
67.980,2,6.502,-0.668,-1.814,-0.0841,-0.7268,-0.0813,0.6768
68.008,2,6.502,-0.668,-1.814,-0.0841,-0.7276,-0.0805,0.6760
68.036,2,6.502,-0.668,-1.815,-0.0837,-0.7286,-0.0794,0.6751
68.092,2,6.502,-0.669,-1.816,-0.0827,-0.7314,-0.0775,0.6724
68.122,2,6.501,-0.669,-1.816,-0.0815,-0.7332,-0.0769,0.6707
68.148,2,6.501,-0.669,-1.817,-0.0802,-0.7349,-0.0757,0.6692
68.176,2,6.501,-0.669,-1.817,-0.0791,-0.7364,-0.0743,0.6678
68.204,2,6.500,-0.670,-1.818,-0.0782,-0.7379,-0.0731,0.6664
68.258,2,6.499,-0.670,-1.819,-0.0763,-0.7413,-0.0710,0.6631
68.286,2,6.499,-0.671,-1.820,-0.0753,-0.7429,-0.0693,0.6616
68.314,2,6.499,-0.671,-1.820,-0.0744,-0.7445,-0.0676,0.6601
68.343,2,6.498,-0.671,-1.821,-0.0736,-0.7461,-0.0662,0.6584
68.371,2,6.498,-0.672,-1.822,-0.0728,-0.7478,-0.0645,0.6567
68.399,2,6.497,-0.672,-1.822,-0.0717,-0.7495,-0.0633,0.6551
68.454,2,6.497,-0.672,-1.823,-0.0695,-0.7527,-0.0620,0.6517
68.482,2,6.496,-0.673,-1.824,-0.0680,-0.7541,-0.0613,0.6503
68.511,2,6.496,-0.673,-1.824,-0.0669,-0.7553,-0.0609,0.6491
68.538,2,6.496,-0.673,-1.824,-0.0664,-0.7564,-0.0606,0.6480
68.568,2,6.496,-0.673,-1.825,-0.0663,-0.7571,-0.0600,0.6471
68.621,2,6.495,-0.673,-1.825,-0.0662,-0.7581,-0.0595,0.6460
69.228,2,6.495,-0.673,-1.825,-0.0657,-0.7583,-0.0601,0.6458
69.228,2,6.495,-0.673,-1.825,-0.0657,-0.7583,-0.0601,0.6458
69.228,2,6.495,-0.673,-1.825,-0.0657,-0.7583,-0.0601,0.6458
69.228,2,6.495,-0.673,-1.825,-0.0657,-0.7583,-0.0601,0.6458
69.228,2,6.495,-0.673,-1.825,-0.0657,-0.7583,-0.0601,0.6458
69.228,2,6.495,-0.673,-1.825,-0.0657,-0.7583,-0.0601,0.6458
69.228,2,6.495,-0.673,-1.825,-0.0657,-0.7583,-0.0601,0.6458
69.228,2,6.495,-0.673,-1.825,-0.0657,-0.7583,-0.0601,0.6458
69.228,2,6.495,-0.673,-1.825,-0.0657,-0.7583,-0.0601,0.6458
69.228,2,6.495,-0.673,-1.825,-0.0657,-0.7583,-0.0601,0.6458
69.228,2,6.495,-0.673,-1.825,-0.0657,-0.7583,-0.0601,0.6458
69.228,2,6.495,-0.673,-1.825,-0.0657,-0.7583,-0.0601,0.6458
69.228,2,6.495,-0.673,-1.825,-0.0657,-0.7583,-0.0601,0.6458
69.228,2,6.495,-0.673,-1.825,-0.0657,-0.7583,-0.0601,0.6458
69.228,2,6.495,-0.673,-1.825,-0.0657,-0.7583,-0.0601,0.6458
69.228,2,6.495,-0.673,-1.825,-0.0657,-0.7583,-0.0601,0.6458
69.228,2,6.495,-0.673,-1.825,-0.0657,-0.7583,-0.0601,0.6458
69.228,2,6.495,-0.673,-1.825,-0.0657,-0.7583,-0.0601,0.6458
69.251,2,6.495,-0.673,-1.825,-0.0653,-0.7582,-0.0606,0.6459
69.278,2,6.495,-0.673,-1.825,-0.0647,-0.7578,-0.0607,0.6465
69.305,2,6.495,-0.673,-1.825,-0.0642,-0.7573,-0.0605,0.6471
69.361,2,6.495,-0.673,-1.824,-0.0638,-0.7568,-0.0607,0.6477
69.388,2,6.495,-0.673,-1.824,-0.0638,-0.7568,-0.0608,0.6477
69.417,2,6.495,-0.673,-1.824,-0.0641,-0.7569,-0.0609,0.6476
69.444,2,6.495,-0.673,-1.824,-0.0639,-0.7569,-0.0616,0.6475
69.474,2,6.495,-0.673,-1.824,-0.0642,-0.7569,-0.0617,0.6474
69.500,2,6.495,-0.673,-1.824,-0.0646,-0.7568,-0.0617,0.6475
69.556,2,6.495,-0.673,-1.824,-0.0642,-0.7566,-0.0617,0.6478
69.583,2,6.495,-0.673,-1.824,-0.0643,-0.7565,-0.0614,0.6480
69.610,2,6.495,-0.673,-1.824,-0.0643,-0.7563,-0.0611,0.6482
69.638,2,6.495,-0.673,-1.824,-0.0643,-0.7562,-0.0609,0.6483
69.667,2,6.495,-0.673,-1.824,-0.0641,-0.7561,-0.0608,0.6485
69.723,2,6.495,-0.673,-1.824,-0.0637,-0.7556,-0.0619,0.6490
69.749,2,6.495,-0.673,-1.823,-0.0637,-0.7549,-0.0625,0.6497
69.777,2,6.495,-0.673,-1.823,-0.0638,-0.7540,-0.0629,0.6507
69.804,2,6.495,-0.673,-1.823,-0.0639,-0.7532,-0.0633,0.6516
69.860,2,6.495,-0.673,-1.822,-0.0637,-0.7519,-0.0642,0.6530
69.888,2,6.495,-0.673,-1.822,-0.0636,-0.7515,-0.0643,0.6535
69.917,2,6.495,-0.673,-1.822,-0.0637,-0.7512,-0.0645,0.6538
69.943,2,6.495,-0.673,-1.822,-0.0636,-0.7511,-0.0648,0.6540
69.972,2,6.495,-0.673,-1.822,-0.0638,-0.7510,-0.0647,0.6540
70.000,2,6.495,-0.673,-1.821,-0.0638,-0.7510,-0.0651,0.6540
70.055,2,6.495,-0.673,-1.821,-0.0627,-0.7510,-0.0658,0.6540
70.082,2,6.496,-0.673,-1.821,-0.0622,-0.7506,-0.0660,0.6545
70.110,2,6.496,-0.673,-1.820,-0.0618,-0.7499,-0.0662,0.6553
70.140,2,6.496,-0.673,-1.820,-0.0624,-0.7492,-0.0664,0.6561
70.166,2,6.496,-0.673,-1.820,-0.0624,-0.7484,-0.0671,0.6569
70.222,2,6.496,-0.673,-1.819,-0.0629,-0.7472,-0.0676,0.6582
70.250,2,6.496,-0.672,-1.819,-0.0626,-0.7467,-0.0684,0.6587
70.278,2,6.496,-0.672,-1.818,-0.0619,-0.7461,-0.0693,0.6593
70.307,2,6.496,-0.672,-1.818,-0.0619,-0.7455,-0.0692,0.6600
70.335,2,6.496,-0.672,-1.818,-0.0618,-0.7448,-0.0690,0.6608
70.390,2,6.496,-0.672,-1.817,-0.0615,-0.7437,-0.0693,0.6621
70.416,2,6.496,-0.672,-1.817,-0.0614,-0.7434,-0.0690,0.6624
70.445,2,6.496,-0.673,-1.817,-0.0613,-0.7433,-0.0689,0.6626
70.473,2,6.496,-0.673,-1.817,-0.0616,-0.7432,-0.0690,0.6626
70.501,2,6.496,-0.672,-1.817,-0.0617,-0.7431,-0.0693,0.6627
70.557,2,6.496,-0.672,-1.816,-0.0618,-0.7430,-0.0701,0.6627
70.589,2,6.496,-0.672,-1.816,-0.0617,-0.7429,-0.0707,0.6628
70.612,2,6.496,-0.672,-1.816,-0.0617,-0.7428,-0.0711,0.6629
70.639,2,6.496,-0.672,-1.816,-0.0616,-0.7426,-0.0714,0.6631
70.694,2,6.496,-0.672,-1.816,-0.0618,-0.7425,-0.0716,0.6632
70.722,2,6.496,-0.672,-1.816,-0.0620,-0.7424,-0.0720,0.6631
70.749,2,6.496,-0.672,-1.816,-0.0620,-0.7424,-0.0723,0.6631
70.778,2,6.496,-0.672,-1.816,-0.0623,-0.7425,-0.0724,0.6630
70.808,2,6.496,-0.672,-1.816,-0.0625,-0.7426,-0.0728,0.6628
70.834,2,6.496,-0.672,-1.816,-0.0619,-0.7426,-0.0732,0.6629
70.890,2,6.496,-0.672,-1.816,-0.0612,-0.7426,-0.0725,0.6630
70.918,2,6.496,-0.672,-1.815,-0.0605,-0.7424,-0.0727,0.6633
70.947,2,6.496,-0.672,-1.815,-0.0605,-0.7422,-0.0724,0.6635
70.974,2,6.496,-0.672,-1.815,-0.0604,-0.7421,-0.0723,0.6636
71.003,2,6.496,-0.672,-1.815,-0.0602,-0.7421,-0.0725,0.6637
71.058,2,6.496,-0.672,-1.815,-0.0605,-0.7424,-0.0732,0.6632
71.086,2,6.495,-0.672,-1.815,-0.0608,-0.7424,-0.0731,0.6631
71.113,2,6.495,-0.672,-1.815,-0.0611,-0.7424,-0.0728,0.6632
71.141,2,6.495,-0.672,-1.815,-0.0609,-0.7423,-0.0727,0.6633
71.169,2,6.495,-0.672,-1.815,-0.0606,-0.7422,-0.0725,0.6635
71.225,2,6.495,-0.672,-1.815,-0.0604,-0.7423,-0.0722,0.6634
71.255,2,6.495,-0.672,-1.815,-0.0603,-0.7423,-0.0721,0.6635
71.281,2,6.495,-0.672,-1.815,-0.0601,-0.7424,-0.0720,0.6634
71.309,2,6.495,-0.672,-1.815,-0.0597,-0.7426,-0.0717,0.6633
71.337,2,6.495,-0.672,-1.815,-0.0598,-0.7428,-0.0713,0.6630
71.393,2,6.495,-0.672,-1.816,-0.0604,-0.7431,-0.0716,0.6626
71.421,2,6.495,-0.672,-1.816,-0.0609,-0.7432,-0.0717,0.6625
71.448,2,6.495,-0.672,-1.816,-0.0613,-0.7432,-0.0716,0.6624
71.479,2,6.496,-0.672,-1.816,-0.0615,-0.7432,-0.0715,0.6624
71.505,2,6.496,-0.672,-1.816,-0.0617,-0.7433,-0.0714,0.6623
71.560,2,6.496,-0.672,-1.816,-0.0620,-0.7435,-0.0712,0.6620
71.586,2,6.496,-0.672,-1.816,-0.0622,-0.7437,-0.0711,0.6618
71.615,2,6.496,-0.672,-1.816,-0.0620,-0.7439,-0.0714,0.6616
71.642,2,6.496,-0.672,-1.816,-0.0618,-0.7440,-0.0714,0.6614
71.670,2,6.496,-0.672,-1.816,-0.0620,-0.7442,-0.0710,0.6612
71.701,2,6.496,-0.672,-1.817,-0.0617,-0.7442,-0.0711,0.6613
71.755,2,6.496,-0.672,-1.817,-0.0621,-0.7442,-0.0710,0.6613
71.782,2,6.496,-0.672,-1.817,-0.0621,-0.7442,-0.0710,0.6613
71.810,2,6.496,-0.672,-1.817,-0.0623,-0.7442,-0.0709,0.6612
71.838,2,6.496,-0.672,-1.817,-0.0626,-0.7444,-0.0707,0.6610
71.893,2,6.496,-0.672,-1.817,-0.0627,-0.7445,-0.0708,0.6608
71.923,2,6.496,-0.672,-1.817,-0.0628,-0.7446,-0.0703,0.6608
71.949,2,6.496,-0.672,-1.817,-0.0626,-0.7447,-0.0701,0.6608
71.977,2,6.496,-0.672,-1.817,-0.0623,-0.7447,-0.0700,0.6608
72.006,2,6.496,-0.672,-1.817,-0.0623,-0.7449,-0.0700,0.6606
72.061,2,6.495,-0.672,-1.817,-0.0619,-0.7450,-0.0701,0.6605
72.088,2,6.495,-0.673,-1.817,-0.0617,-0.7449,-0.0700,0.6606
72.116,2,6.495,-0.673,-1.817,-0.0615,-0.7449,-0.0697,0.6607
72.146,2,6.495,-0.673,-1.817,-0.0611,-0.7449,-0.0696,0.6607
72.171,2,6.495,-0.673,-1.817,-0.0610,-0.7449,-0.0695,0.6607
72.228,2,6.495,-0.673,-1.817,-0.0607,-0.7450,-0.0692,0.6607
72.256,2,6.495,-0.673,-1.817,-0.0606,-0.7449,-0.0692,0.6608
72.283,2,6.495,-0.673,-1.817,-0.0603,-0.7449,-0.0690,0.6608
72.311,2,6.495,-0.673,-1.817,-0.0604,-0.7448,-0.0689,0.6609
72.340,2,6.495,-0.673,-1.817,-0.0603,-0.7448,-0.0689,0.6610
72.368,2,6.495,-0.673,-1.817,-0.0604,-0.7449,-0.0689,0.6608
72.423,2,6.495,-0.673,-1.816,-0.0598,-0.7452,-0.0699,0.6605
72.450,2,6.495,-0.673,-1.816,-0.0598,-0.7453,-0.0698,0.6604
72.478,2,6.495,-0.673,-1.816,-0.0597,-0.7452,-0.0696,0.6605
72.506,2,6.495,-0.673,-1.816,-0.0593,-0.7449,-0.0701,0.6608
72.534,2,6.495,-0.673,-1.816,-0.0595,-0.7448,-0.0702,0.6609
72.592,2,6.496,-0.673,-1.816,-0.0601,-0.7447,-0.0707,0.6609
72.618,2,6.496,-0.673,-1.816,-0.0605,-0.7449,-0.0709,0.6606
72.645,2,6.496,-0.672,-1.816,-0.0609,-0.7452,-0.0711,0.6602
72.673,2,6.496,-0.672,-1.816,-0.0608,-0.7453,-0.0714,0.6601
72.701,2,6.496,-0.672,-1.816,-0.0611,-0.7454,-0.0715,0.6599
72.760,2,6.496,-0.672,-1.816,-0.0612,-0.7453,-0.0715,0.6600
72.787,2,6.496,-0.672,-1.816,-0.0612,-0.7452,-0.0714,0.6602
72.818,2,6.496,-0.672,-1.816,-0.0611,-0.7452,-0.0710,0.6602
72.841,2,6.496,-0.672,-1.816,-0.0611,-0.7453,-0.0707,0.6601
72.870,2,6.496,-0.672,-1.816,-0.0611,-0.7456,-0.0704,0.6599
72.928,2,6.496,-0.673,-1.816,-0.0605,-0.7460,-0.0709,0.6594
72.958,2,6.496,-0.673,-1.816,-0.0603,-0.7462,-0.0711,0.6592
72.996,2,6.496,-0.673,-1.816,-0.0604,-0.7462,-0.0710,0.6591
73.030,2,6.496,-0.673,-1.816,-0.0605,-0.7461,-0.0709,0.6593
73.066,2,6.496,-0.673,-1.816,-0.0605,-0.7459,-0.0709,0.6596
73.066,2,6.496,-0.673,-1.816,-0.0605,-0.7459,-0.0709,0.6596
73.137,2,6.496,-0.673,-1.816,-0.0605,-0.7456,-0.0707,0.6598
73.137,2,6.496,-0.673,-1.816,-0.0605,-0.7456,-0.0707,0.6598
73.204,2,6.496,-0.673,-1.816,-0.0605,-0.7460,-0.0707,0.6594
73.204,2,6.496,-0.673,-1.816,-0.0605,-0.7460,-0.0707,0.6594
73.254,2,6.495,-0.673,-1.816,-0.0599,-0.7464,-0.0710,0.6590
73.284,2,6.495,-0.673,-1.816,-0.0599,-0.7466,-0.0707,0.6588
73.312,2,6.495,-0.673,-1.816,-0.0591,-0.7467,-0.0703,0.6588
73.341,2,6.495,-0.673,-1.816,-0.0592,-0.7466,-0.0700,0.6590
73.372,2,6.495,-0.673,-1.816,-0.0599,-0.7465,-0.0699,0.6590
73.432,2,6.496,-0.673,-1.816,-0.0603,-0.7463,-0.0702,0.6592
73.466,2,6.496,-0.673,-1.816,-0.0608,-0.7462,-0.0700,0.6592
73.466,2,6.496,-0.673,-1.816,-0.0608,-0.7462,-0.0700,0.6592
73.503,2,6.496,-0.673,-1.816,-0.0609,-0.7462,-0.0699,0.6592
73.570,2,6.496,-0.673,-1.816,-0.0609,-0.7465,-0.0699,0.6589
73.570,2,6.496,-0.673,-1.816,-0.0609,-0.7465,-0.0699,0.6589
73.613,2,6.496,-0.673,-1.816,-0.0607,-0.7468,-0.0702,0.6585
73.653,2,6.496,-0.673,-1.816,-0.0608,-0.7468,-0.0705,0.6585
73.701,2,6.495,-0.673,-1.816,-0.0606,-0.7465,-0.0704,0.6589
73.701,2,6.495,-0.673,-1.816,-0.0606,-0.7465,-0.0704,0.6589
73.748,2,6.495,-0.673,-1.816,-0.0601,-0.7463,-0.0702,0.6592
73.800,2,6.495,-0.673,-1.816,-0.0593,-0.7461,-0.0703,0.6594
73.800,2,6.495,-0.673,-1.816,-0.0593,-0.7461,-0.0703,0.6594
73.852,2,6.495,-0.673,-1.816,-0.0585,-0.7458,-0.0699,0.6599
73.906,2,6.495,-0.673,-1.816,-0.0574,-0.7447,-0.0692,0.6613
73.906,2,6.495,-0.673,-1.816,-0.0574,-0.7447,-0.0692,0.6613
73.934,2,6.495,-0.673,-1.816,-0.0573,-0.7432,-0.0720,0.6627
73.987,2,6.493,-0.672,-1.816,-0.0633,-0.7428,-0.0775,0.6620
74.010,2,6.492,-0.673,-1.815,-0.0682,-0.7427,-0.0741,0.6620
74.039,2,6.492,-0.673,-1.815,-0.0689,-0.7429,-0.0701,0.6621
74.069,2,6.492,-0.674,-1.814,-0.0627,-0.7425,-0.0682,0.6634
74.099,2,6.492,-0.675,-1.813,-0.0557,-0.7410,-0.0644,0.6661
74.155,2,6.492,-0.676,-1.812,-0.0487,-0.7385,-0.0613,0.6697
74.183,2,6.492,-0.675,-1.811,-0.0508,-0.7392,-0.0618,0.6687
74.211,2,6.492,-0.676,-1.811,-0.0517,-0.7397,-0.0619,0.6681
74.244,2,6.493,-0.676,-1.811,-0.0479,-0.7398,-0.0613,0.6683
74.269,2,6.493,-0.676,-1.810,-0.0472,-0.7406,-0.0608,0.6676
74.322,2,6.493,-0.675,-1.808,-0.0510,-0.7407,-0.0596,0.6672
74.351,2,6.492,-0.676,-1.806,-0.0500,-0.7399,-0.0586,0.6682
74.379,2,6.492,-0.676,-1.805,-0.0488,-0.7387,-0.0577,0.6697
74.406,2,6.492,-0.676,-1.803,-0.0458,-0.7373,-0.0561,0.6717
74.433,2,6.492,-0.677,-1.802,-0.0400,-0.7366,-0.0543,0.6729
74.490,2,6.492,-0.677,-1.800,-0.0380,-0.7362,-0.0527,0.6736
74.520,2,6.492,-0.678,-1.800,-0.0374,-0.7364,-0.0498,0.6736
74.547,2,6.492,-0.678,-1.800,-0.0359,-0.7379,-0.0467,0.6723
74.573,2,6.492,-0.678,-1.799,-0.0369,-0.7392,-0.0463,0.6709
74.602,2,6.492,-0.677,-1.799,-0.0384,-0.7403,-0.0453,0.6697
74.657,2,6.494,-0.678,-1.801,-0.0381,-0.7444,-0.0399,0.6655
74.685,2,6.494,-0.679,-1.802,-0.0396,-0.7465,-0.0374,0.6632
74.713,2,6.495,-0.678,-1.803,-0.0413,-0.7483,-0.0365,0.6610
74.745,2,6.496,-0.678,-1.804,-0.0454,-0.7510,-0.0351,0.6578
74.769,2,6.496,-0.677,-1.806,-0.0498,-0.7536,-0.0340,0.6546
74.824,2,6.497,-0.676,-1.808,-0.0568,-0.7570,-0.0336,0.6501
74.853,2,6.498,-0.676,-1.809,-0.0610,-0.7594,-0.0329,0.6470
74.881,2,6.499,-0.674,-1.810,-0.0622,-0.7615,-0.0338,0.6443
74.910,2,6.499,-0.676,-1.812,-0.0677,-0.7626,-0.0391,0.6421
74.938,2,6.500,-0.677,-1.812,-0.0683,-0.7642,-0.0328,0.6405
74.966,2,6.500,-0.674,-1.813,-0.0682,-0.7656,-0.0291,0.6391
75.021,2,6.500,-0.671,-1.814,-0.0750,-0.7681,-0.0328,0.6351
75.051,2,6.499,-0.673,-1.813,-0.0819,-0.7660,-0.0431,0.6361
75.076,2,6.500,-0.675,-1.810,-0.0839,-0.7642,-0.0318,0.6387
75.103,2,6.501,-0.673,-1.810,-0.0829,-0.7623,-0.0294,0.6413
75.160,2,6.501,-0.672,-1.811,-0.0728,-0.7613,-0.0457,0.6426
75.189,2,6.501,-0.666,-1.813,-0.0673,-0.7604,-0.0537,0.6437
75.215,2,6.501,-0.663,-1.814,-0.0762,-0.7622,-0.0674,0.6393
75.242,2,6.500,-0.662,-1.814,-0.0837,-0.7635,-0.0873,0.6344
75.270,2,6.501,-0.659,-1.813,-0.0968,-0.7597,-0.1043,0.6346
75.301,2,6.501,-0.653,-1.812,-0.1117,-0.7534,-0.1187,0.6370
75.355,2,6.503,-0.643,-1.814,-0.1317,-0.7494,-0.1389,0.6339
75.382,2,6.510,-0.636,-1.812,-0.1405,-0.7417,-0.1501,0.6385
75.412,2,6.511,-0.631,-1.812,-0.1528,-0.7381,-0.1584,0.6377
75.438,2,6.516,-0.626,-1.812,-0.1699,-0.7317,-0.1677,0.6385
75.466,2,6.519,-0.621,-1.812,-0.1846,-0.7268,-0.1746,0.6381
75.522,2,6.526,-0.612,-1.814,-0.2146,-0.7155,-0.1917,0.6366
75.550,2,6.526,-0.609,-1.813,-0.2275,-0.7122,-0.2013,0.6328
75.578,2,6.530,-0.609,-1.813,-0.2244,-0.7077,-0.2087,0.6367
75.610,2,6.531,-0.610,-1.812,-0.2181,-0.7077,-0.2167,0.6361
75.636,2,6.533,-0.610,-1.809,-0.2139,-0.7049,-0.2228,0.6385
75.688,2,6.535,-0.610,-1.807,-0.2118,-0.6965,-0.2351,0.6441
75.717,2,6.537,-0.610,-1.807,-0.2157,-0.6926,-0.2440,0.6436
75.744,2,6.539,-0.609,-1.807,-0.2224,-0.6892,-0.2508,0.6423
75.772,2,6.542,-0.609,-1.807,-0.2313,-0.6876,-0.2536,0.6398
75.800,2,6.544,-0.608,-1.807,-0.2398,-0.6845,-0.2562,0.6390
75.857,2,6.546,-0.609,-1.807,-0.2527,-0.6800,-0.2552,0.6392
75.882,2,6.547,-0.609,-1.806,-0.2575,-0.6789,-0.2495,0.6407
75.911,2,6.547,-0.610,-1.806,-0.2604,-0.6778,-0.2431,0.6431
75.940,2,6.547,-0.612,-1.805,-0.2639,-0.6749,-0.2383,0.6466
75.967,2,6.548,-0.611,-1.805,-0.2638,-0.6738,-0.2333,0.6496
76.023,2,6.548,-0.612,-1.804,-0.2649,-0.6716,-0.2251,0.6543
76.055,2,6.548,-0.613,-1.803,-0.2643,-0.6711,-0.2195,0.6570
76.084,2,6.548,-0.613,-1.803,-0.2628,-0.6715,-0.2157,0.6584
76.107,2,6.548,-0.614,-1.802,-0.2602,-0.6716,-0.2134,0.6600
76.137,2,6.547,-0.615,-1.802,-0.2569,-0.6727,-0.2129,0.6604
76.191,2,6.548,-0.615,-1.801,-0.2515,-0.6760,-0.2156,0.6583
76.219,2,6.548,-0.615,-1.802,-0.2504,-0.6779,-0.2170,0.6563
76.247,2,6.548,-0.615,-1.802,-0.2494,-0.6791,-0.2197,0.6544
76.274,2,6.549,-0.615,-1.803,-0.2478,-0.6801,-0.2219,0.6533
76.315,2,6.549,-0.615,-1.803,-0.2460,-0.6813,-0.2224,0.6526
76.358,2,6.549,-0.615,-1.803,-0.2439,-0.6831,-0.2226,0.6514
76.463,2,6.549,-0.616,-1.804,-0.2397,-0.6863,-0.2241,0.6491
76.463,2,6.549,-0.616,-1.804,-0.2397,-0.6863,-0.2241,0.6491
76.463,2,6.549,-0.616,-1.804,-0.2397,-0.6863,-0.2241,0.6491
