t,cond,hitObj,x,y,z
8.584,1,Collider,6.49,-1.01,-1.80
8.584,1,Collider,6.49,-1.01,-1.80
8.584,1,Collider,6.49,-1.01,-1.80
8.584,1,Collider,6.49,-1.01,-1.80
8.584,1,Collider,6.49,-1.01,-1.80
8.584,1,Collider,6.49,-1.01,-1.80
8.584,1,Collider,6.49,-1.01,-1.80
8.584,1,Collider,6.49,-1.01,-1.80
8.584,1,Collider,6.49,-1.01,-1.80
8.584,1,Collider,6.49,-1.01,-1.80
8.584,1,Collider,6.49,-1.01,-1.80
8.584,1,Collider,6.49,-1.01,-1.80
8.584,1,Collider,6.49,-1.01,-1.80
8.584,1,Collider,6.49,-1.01,-1.80
8.584,1,Collider,6.49,-1.01,-1.80
8.584,1,Collider,6.49,-1.01,-1.80
8.584,1,Collider,6.49,-1.01,-1.80
8.584,1,Collider,6.49,-1.01,-1.80
8.584,1,Collider,6.49,-1.01,-1.80
8.584,1,Collider,6.49,-1.01,-1.80
8.584,1,Collider,6.49,-1.01,-1.80
8.584,1,Collider,6.49,-1.01,-1.80
8.584,1,Collider,6.49,-1.01,-1.80
8.584,1,Collider,6.49,-1.01,-1.80
8.584,1,Collider,6.49,-1.01,-1.80
8.584,1,Collider,6.49,-1.01,-1.80
8.584,1,Collider,6.49,-1.01,-1.80
8.584,1,Collider,6.49,-1.01,-1.80
8.584,1,Collider,6.49,-1.01,-1.80
8.584,1,Collider,6.49,-1.01,-1.80
8.584,1,Collider,6.49,-1.01,-1.80
8.584,1,Collider,6.49,-1.01,-1.80
8.584,1,Collider,6.49,-1.01,-1.80
8.584,1,Collider,6.49,-1.01,-1.80
8.584,1,Collider,6.49,-1.01,-1.80
8.584,1,Collider,6.49,-1.01,-1.80
8.584,1,Collider,6.49,-1.01,-1.80
8.584,1,Collider,6.49,-1.01,-1.80
8.584,1,Collider,6.49,-1.01,-1.80
8.584,1,Collider,6.49,-1.01,-1.80
8.584,1,Collider,6.49,-1.01,-1.80
8.584,1,Collider,6.49,-1.01,-1.80
8.584,1,Collider,6.49,-1.01,-1.80
8.584,1,Collider,6.49,-1.01,-1.80
8.584,1,Collider,6.49,-1.01,-1.80
8.584,1,Collider,6.49,-1.01,-1.80
8.584,1,Collider,6.49,-1.01,-1.80
8.584,1,Collider,6.49,-1.01,-1.80
8.584,1,Collider,6.49,-1.01,-1.80
8.584,1,Collider,6.49,-1.01,-1.80
8.584,1,Collider,6.49,-1.01,-1.80
8.584,1,Collider,6.49,-1.01,-1.80
8.584,1,Collider,6.49,-1.01,-1.80
8.584,1,Collider,6.49,-1.01,-1.80
8.584,1,Collider,6.49,-1.01,-1.80
8.584,1,Collider,6.49,-1.01,-1.80
8.584,1,Collider,6.49,-1.01,-1.80
8.584,1,Collider,6.49,-1.01,-1.80
8.584,1,Collider,6.49,-1.01,-1.80
8.584,1,Collider,6.49,-1.01,-1.80
8.584,1,Collider,6.49,-1.01,-1.80
8.584,1,Collider,6.49,-1.01,-1.80
8.584,1,Collider,6.49,-1.01,-1.80
8.584,1,Collider,6.49,-1.01,-1.80
8.584,1,Collider,6.49,-1.01,-1.80
8.584,1,Collider,6.49,-1.01,-1.80
8.584,1,Collider,6.49,-1.01,-1.80
8.584,1,Collider,6.49,-1.01,-1.80
8.584,1,Collider,6.49,-1.01,-1.80
8.584,1,Collider,6.49,-1.01,-1.80
8.584,1,Collider,6.49,-1.01,-1.80
8.584,1,Collider,6.49,-1.01,-1.80
8.584,1,Collider,6.49,-1.01,-1.80
8.584,1,Collider,6.49,-1.01,-1.80
8.584,1,Collider,6.49,-1.01,-1.80
8.584,1,Collider,6.49,-1.01,-1.80
8.584,1,Collider,6.49,-1.01,-1.80
8.584,1,Collider,6.49,-1.01,-1.80
8.584,1,Collider,6.49,-1.01,-1.80
8.584,1,Collider,6.49,-1.01,-1.80
8.584,1,Collider,6.49,-1.01,-1.80
8.584,1,Collider,6.49,-1.01,-1.80
8.584,1,Collider,6.49,-1.01,-1.80
8.584,1,Collider,6.49,-1.01,-1.80
8.584,1,Collider,6.49,-1.01,-1.80
8.584,1,Collider,6.49,-1.01,-1.80
8.584,1,Collider,6.49,-1.01,-1.80
8.584,1,Collider,6.49,-1.01,-1.80
8.584,1,Collider,6.49,-1.01,-1.80
8.584,1,Collider,6.49,-1.01,-1.80
8.584,1,Collider,6.49,-1.01,-1.80
8.584,1,Collider,6.49,-1.01,-1.80
8.584,1,Collider,6.49,-1.01,-1.80
8.584,1,Collider,6.49,-1.01,-1.80
8.584,1,Collider,6.49,-1.01,-1.80
8.584,1,Collider,6.49,-1.01,-1.80
8.584,1,Collider,6.49,-1.01,-1.80
8.584,1,Collider,6.49,-1.01,-1.80
8.584,1,Collider,6.49,-1.01,-1.80
8.584,1,Collider,6.49,-1.01,-1.80
8.584,1,Collider,6.49,-1.01,-1.80
8.584,1,Collider,6.49,-1.01,-1.80
8.584,1,Collider,6.49,-1.01,-1.80
8.584,1,Collider,6.49,-1.01,-1.80
8.584,1,Collider,6.49,-1.01,-1.80
8.584,1,Collider,6.49,-1.01,-1.80
8.584,1,Collider,6.49,-1.01,-1.80
8.584,1,Collider,6.49,-1.01,-1.80
8.584,1,Collider,6.49,-1.01,-1.80
8.584,1,Collider,6.49,-1.01,-1.80
8.584,1,Collider,6.49,-1.01,-1.80
8.584,1,Collider,6.49,-1.01,-1.80
8.584,1,Collider,6.49,-1.01,-1.80
8.584,1,Collider,6.49,-1.01,-1.80
8.584,1,Collider,6.49,-1.01,-1.80
8.584,1,Collider,6.49,-1.01,-1.80
8.584,1,Collider,6.49,-1.01,-1.80
8.584,1,Collider,6.49,-1.01,-1.80
8.584,1,Collider,6.49,-1.01,-1.80
8.584,1,Collider,6.49,-1.01,-1.80
8.584,1,Collider,6.49,-1.01,-1.80
8.584,1,Collider,6.49,-1.01,-1.80
8.584,1,Collider,6.49,-1.01,-1.80
8.584,1,Collider,6.49,-1.01,-1.80
8.584,1,Collider,6.49,-1.01,-1.80
8.584,1,Collider,6.49,-1.01,-1.80
8.584,1,Collider,6.49,-1.01,-1.80
8.584,1,Collider,6.49,-1.01,-1.80
8.584,1,Collider,6.49,-1.01,-1.80
8.584,1,Collider,6.49,-1.01,-1.80
8.584,1,Collider,6.49,-1.01,-1.80
8.584,1,Collider,6.49,-1.01,-1.80
8.584,1,Collider,6.49,-1.01,-1.80
8.584,1,Collider,6.49,-1.01,-1.80
8.584,1,Collider,6.49,-1.01,-1.80
8.584,1,Collider,6.49,-1.01,-1.80
8.584,1,Collider,6.49,-1.01,-1.80
8.584,1,Collider,6.49,-1.01,-1.80
8.584,1,Collider,6.49,-1.01,-1.80
8.584,1,Collider,6.49,-1.01,-1.80
8.584,1,Collider,6.49,-1.01,-1.80
8.584,1,Collider,6.49,-1.01,-1.80
8.584,1,Collider,6.49,-1.01,-1.80
8.584,1,Collider,6.49,-1.01,-1.80
8.584,1,Collider,6.49,-1.01,-1.80
8.584,1,Collider,6.49,-1.01,-1.80
8.584,1,Collider,6.49,-1.01,-1.80
8.584,1,Collider,6.49,-1.01,-1.80
8.584,1,Collider,6.49,-1.01,-1.80
8.584,1,Collider,6.49,-1.01,-1.80
8.584,1,Collider,6.49,-1.01,-1.80
8.584,1,Collider,6.49,-1.01,-1.80
8.584,1,Collider,6.49,-1.01,-1.80
8.584,1,Collider,6.49,-1.01,-1.80
8.584,1,Collider,6.49,-1.01,-1.80
8.584,1,Collider,6.49,-1.01,-1.80
8.584,1,Collider,6.49,-1.01,-1.80
8.584,1,Collider,6.49,-1.01,-1.80
8.584,1,Collider,6.49,-1.01,-1.80
8.584,1,Collider,6.49,-1.01,-1.80
8.584,1,Collider,6.49,-1.01,-1.80
8.584,1,Collider,6.49,-1.01,-1.80
8.584,1,Collider,6.49,-1.01,-1.80
8.584,1,Collider,6.49,-1.01,-1.80
8.584,1,Collider,6.49,-1.01,-1.80
8.584,1,Collider,6.49,-1.01,-1.80
8.584,1,Collider,6.49,-1.01,-1.80
8.584,1,Collider,6.49,-1.01,-1.80
8.584,1,Collider,6.49,-1.01,-1.80
8.584,1,Collider,6.49,-1.01,-1.80
8.584,1,Collider,6.49,-1.01,-1.80
8.584,1,Collider,6.49,-1.01,-1.80
8.584,1,Collider,6.49,-1.01,-1.80
8.584,1,Collider,6.49,-1.01,-1.80
8.584,1,Collider,6.49,-1.01,-1.80
8.584,1,Collider,6.49,-1.01,-1.80
8.584,1,Collider,6.49,-1.01,-1.80
8.584,1,Collider,6.49,-1.01,-1.80
8.584,1,Collider,6.49,-1.01,-1.80
8.584,1,Collider,6.49,-1.01,-1.80
8.584,1,Collider,6.49,-1.01,-1.80
8.584,1,Collider,6.49,-1.01,-1.80
8.584,1,Collider,6.49,-1.01,-1.80
8.584,1,Collider,6.49,-1.01,-1.80
8.584,1,Collider,6.49,-1.01,-1.80
8.584,1,Collider,6.49,-1.01,-1.80
8.584,1,Collider,6.49,-1.01,-1.80
8.584,1,Collider,6.49,-1.01,-1.80
8.584,1,Collider,6.49,-1.01,-1.80
8.584,1,Collider,6.49,-1.01,-1.80
8.584,1,Collider,6.49,-1.01,-1.80
8.584,1,Collider,6.49,-1.01,-1.80
8.584,1,Collider,6.49,-1.01,-1.80
8.584,1,Collider,6.49,-1.01,-1.80
8.584,1,Collider,6.49,-1.01,-1.80
8.584,1,Collider,6.49,-1.01,-1.80
8.584,1,Collider,6.49,-1.01,-1.80
8.584,1,Collider,6.49,-1.01,-1.80
8.584,1,Collider,6.49,-1.01,-1.80
8.584,1,Collider,6.49,-1.01,-1.80
8.584,1,Collider,6.49,-1.01,-1.80
8.584,1,Collider,6.49,-1.01,-1.80
8.584,1,Collider,6.49,-1.01,-1.80
8.584,1,Collider,6.49,-1.01,-1.80
8.584,1,Collider,6.49,-1.01,-1.80
8.584,1,Collider,6.49,-1.01,-1.80
8.584,1,Collider,6.49,-1.01,-1.80
8.584,1,Collider,6.49,-1.01,-1.80
8.584,1,Collider,6.49,-1.01,-1.80
8.584,1,Collider,6.49,-1.01,-1.80
8.584,1,Collider,6.49,-1.01,-1.80
8.584,1,Collider,6.49,-1.01,-1.80
8.584,1,Collider,6.49,-1.01,-1.80
8.584,1,Collider,6.49,-1.01,-1.80
8.584,1,Collider,6.49,-1.01,-1.80
8.584,1,Collider,6.49,-1.01,-1.80
8.584,1,Collider,6.49,-1.01,-1.80
8.584,1,Collider,6.49,-1.01,-1.80
8.584,1,Collider,6.49,-1.01,-1.80
8.584,1,Collider,6.49,-1.01,-1.80
8.584,1,Collider,6.49,-1.01,-1.80
8.584,1,Collider,6.49,-1.01,-1.80
8.584,1,Collider,6.49,-1.01,-1.80
8.584,1,Collider,6.49,-1.01,-1.80
8.584,1,Collider,6.49,-1.01,-1.80
8.584,1,Collider,6.49,-1.01,-1.80
8.584,1,Collider,6.49,-1.01,-1.80
8.584,1,Collider,6.49,-1.01,-1.80
8.584,1,Collider,6.49,-1.01,-1.80
8.584,1,Collider,6.49,-1.01,-1.80
8.584,1,Collider,6.49,-1.01,-1.80
8.584,1,Collider,6.49,-1.01,-1.80
8.584,1,Collider,6.49,-1.01,-1.80
8.584,1,Collider,6.49,-1.01,-1.80
8.584,1,Collider,6.49,-1.01,-1.80
8.584,1,Collider,6.49,-1.01,-1.80
8.584,1,Collider,6.49,-1.01,-1.80
8.584,1,Collider,6.49,-1.01,-1.80
8.584,1,Collider,6.49,-1.01,-1.80
8.584,1,Collider,6.49,-1.01,-1.80
8.584,1,Collider,6.49,-1.01,-1.80
8.584,1,Collider,6.49,-1.01,-1.80
8.584,1,Collider,6.49,-1.01,-1.80
8.584,1,Collider,6.49,-1.01,-1.80
8.584,1,Collider,6.49,-1.01,-1.80
8.584,1,Collider,6.49,-1.01,-1.80
8.584,1,Collider,6.49,-1.01,-1.80
8.584,1,Collider,6.49,-1.01,-1.80
8.584,1,Collider,6.49,-1.01,-1.80
8.584,1,Collider,6.49,-1.01,-1.80
8.584,1,Collider,6.49,-1.01,-1.80
8.584,1,Collider,6.49,-1.01,-1.80
8.584,1,Collider,6.49,-1.01,-1.80
8.584,1,Collider,6.49,-1.01,-1.80
8.584,1,Collider,6.49,-1.01,-1.80
8.584,1,Collider,6.49,-1.01,-1.80
8.584,1,Collider,6.49,-1.01,-1.80
8.584,1,Collider,6.49,-1.01,-1.80
8.633,1,Collider,6.49,-1.11,-1.80
8.661,1,Collider,6.49,-1.20,-1.80
8.682,1,Collider,6.49,-1.29,-1.80
8.712,1,Collider,6.49,-1.34,-1.80
8.739,1,Collider,6.49,-1.45,-1.80
8.767,1,Collider,6.49,-1.51,-1.80
8.809,1,Collider,6.49,-1.64,-1.80
8.837,1,Middle,6.47,-1.70,-1.80
8.869,1,Collider,6.49,-1.67,-1.80
8.907,1,Collider,6.49,-1.63,-1.80
8.935,1,Collider,6.48,-1.65,-1.80
8.977,1,Collider,6.48,-1.65,-1.80
9.005,1,Collider,6.48,-1.65,-1.80
9.046,1,Collider,6.49,-1.65,-1.80
9.076,1,Collider,6.49,-1.65,-1.80
9.101,1,Collider,6.49,-1.65,-1.80
9.144,1,Collider,6.49,-1.65,-1.80
9.171,1,Collider,6.49,-1.65,-1.80
9.213,1,Collider,6.49,-1.65,-1.80
9.241,1,Collider,6.49,-1.65,-1.80
9.277,1,Collider,6.49,-1.65,-1.80
9.349,1,Wall_3mx20cm_Conference_Door,1.41,0.48,-1.42
9.349,1,Wall_3mx20cm_Conference_Door,1.41,0.48,-1.42
9.383,1,Wall_3mx20cm_Conference_Door,1.41,0.37,-1.42
9.411,1,Wall_3mx20cm_Conference_Door,1.41,0.37,-1.45
9.434,1,Wall_3mx20cm_Conference_Door,1.41,0.38,-1.46
9.473,1,Wall_3mx20cm_Conference_Door,1.41,0.38,-1.48
9.507,1,Wall_3mx20cm_Conference_Door,1.41,0.38,-1.49
9.536,1,Wall_3mx20cm_Conference_Door,1.41,0.39,-1.51
9.590,1,Wall_3mx20cm_Conference_Door,1.41,0.41,-1.55
9.617,1,Wall_3mx20cm_Conference_Door,1.41,0.42,-1.58
9.644,1,Wall_3mx20cm_Conference_Door,1.41,0.42,-1.60
9.672,1,Wall_3mx20cm_Conference_Door,1.41,0.43,-1.63
9.700,1,Wall_3mx20cm_Conference_Door,1.41,0.43,-1.66
9.756,1,Wall_3mx20cm_Conference_Door,1.41,0.44,-1.72
9.784,1,Timer,1.47,0.44,-1.75
9.810,1,Timer,1.47,0.45,-1.78
9.839,1,Timer,1.47,0.46,-1.81
9.867,1,Timer,1.47,0.46,-1.83
9.922,1,Timer,1.47,0.48,-1.89
9.950,1,Timer,1.47,0.48,-1.91
9.981,1,Timer,1.47,0.47,-1.94
10.007,1,Timer,1.47,0.47,-1.97
10.034,1,Timer,1.47,0.47,-1.99
10.090,1,Timer,1.47,0.49,-2.03
10.118,1,Timer,1.47,0.50,-2.05
10.146,1,Timer,1.47,0.51,-2.07
10.174,1,Timer,1.47,0.51,-2.09
10.204,1,Timer,1.47,0.51,-2.11
10.258,1,Timer,1.47,0.50,-2.14
10.285,1,Timer,1.47,0.49,-2.16
10.313,1,Timer,1.47,0.47,-2.18
10.342,1,Timer,1.47,0.46,-2.19
10.369,1,Timer,1.47,0.45,-2.21
10.428,1,Timer,1.47,0.46,-2.25
10.453,1,Timer,1.47,0.47,-2.27
10.480,1,Timer,1.47,0.47,-2.30
10.508,1,Timer,1.47,0.48,-2.32
10.536,1,Timer,1.47,0.48,-2.35
10.592,1,Timer,1.47,0.48,-2.38
10.620,1,Timer,1.47,0.47,-2.40
10.649,1,Timer,1.47,0.47,-2.41
10.676,1,Timer,1.47,0.46,-2.42
10.704,1,Timer,1.47,0.46,-2.43
10.759,1,Timer,1.47,0.46,-2.46
10.787,1,Timer,1.47,0.46,-2.47
10.818,1,Timer,1.47,0.46,-2.48
10.843,1,Timer,1.47,0.46,-2.48
10.873,1,Timer,1.47,0.46,-2.49
10.926,1,Timer,1.47,0.46,-2.49
10.954,1,Timer,1.47,0.47,-2.48
10.983,1,Timer,1.47,0.47,-2.48
11.011,1,Timer,1.47,0.46,-2.46
11.038,1,Timer,1.47,0.46,-2.42
11.096,1,Timer,1.47,0.41,-2.41
11.122,1,Timer,1.47,0.39,-2.40
11.150,1,Timer,1.47,0.40,-2.41
11.177,1,Wall_3mx20cm_Conference_Door,1.41,0.37,-2.40
11.205,1,None,0,0,0
11.233,1,Conference_Room_Door_L,1.33,0.28,-2.39
11.289,1,Conference_Room_Door_L,1.33,0.26,-2.32
11.320,1,Conference_Room_Door_L,1.33,0.23,-2.28
11.346,1,Conference_Room_Door_L,1.33,0.22,-2.23
11.373,1,Conference_Room_Door_L,1.33,0.21,-2.17
11.401,1,Conference_Room_Door_L,1.33,0.20,-2.13
11.455,1,Conference_Room_Door_L,1.33,0.12,-2.02
11.483,1,Conference_Room_Door_L,1.33,0.08,-1.96
11.511,1,Conference_Room_Door_L,1.33,0.04,-1.91
11.542,1,Conference_Room_Door_L,1.33,0.02,-1.85
11.567,1,Conference_Room_Door_L,1.33,0.00,-1.79
11.623,1,Conference_Room_Door_L,1.33,-0.03,-1.71
11.650,1,None,0,0,0
11.679,1,Wall_3mx20cm_Conference_Door,1.41,-0.05,-1.64
11.707,1,Wall_3mx20cm_Conference_Door,1.41,-0.04,-1.60
11.735,1,Wall_3mx20cm_Conference_Door,1.41,0.00,-1.57
11.790,1,Wall_3mx20cm_Conference_Door,1.41,0.12,-1.55
11.818,1,Wall_3mx20cm_Conference_Door,1.41,0.18,-1.55
11.846,1,Wall_3mx20cm_Conference_Door,1.41,0.23,-1.55
11.873,1,Wall_3mx20cm_Conference_Door,1.41,0.27,-1.54
11.902,1,Wall_3mx20cm_Conference_Door,1.41,0.29,-1.54
11.958,1,Wall_3mx20cm_Conference_Door,1.41,0.28,-1.54
11.987,1,Wall_3mx20cm_Conference_Door,1.41,0.26,-1.55
12.012,1,Wall_3mx20cm_Conference_Door,1.41,0.25,-1.57
12.040,1,Wall_3mx20cm_Conference_Door,1.41,0.24,-1.59
12.068,1,Wall_3mx20cm_Conference_Door,1.41,0.25,-1.61
12.126,1,Wall_3mx20cm_Conference_Door,1.41,0.25,-1.64
12.151,1,Wall_3mx20cm_Conference_Door,1.41,0.25,-1.65
12.180,1,Wall_3mx20cm_Conference_Door,1.41,0.27,-1.65
12.208,1,Wall_3mx20cm_Conference_Door,1.41,0.30,-1.65
12.235,1,Wall_3mx20cm_Conference_Door,1.41,0.33,-1.65
12.291,1,Wall_3mx20cm_Conference_Door,1.41,0.41,-1.65
12.319,1,Wall_3mx20cm_Conference_Door,1.41,0.46,-1.66
12.347,1,Wall_3mx20cm_Conference_Door,1.41,0.51,-1.66
12.375,1,Wall_3mx20cm_Conference_Door,1.41,0.56,-1.67
12.403,1,Wall_3mx20cm_Conference_Door,1.41,0.63,-1.68
12.459,1,Wall_3mx20cm_Conference_Door,1.41,0.71,-1.69
12.486,1,Wall_3mx20cm_Conference_Door,1.41,0.72,-1.70
12.514,1,Timer,1.47,0.71,-1.72
12.544,1,Timer,1.47,0.72,-1.75
12.571,1,Timer,1.47,0.72,-1.79
12.624,1,Timer,1.47,0.72,-1.86
12.654,1,Timer,1.47,0.71,-1.90
12.682,1,Timer,1.47,0.70,-1.93
12.709,1,Timer,1.47,0.69,-1.96
12.737,1,Timer,1.47,0.69,-1.99
12.793,1,Timer,1.47,0.69,-2.05
12.822,1,Timer,1.47,0.69,-2.07
12.848,1,Timer,1.47,0.68,-2.09
12.877,1,Timer,1.47,0.67,-2.11
12.904,1,Timer,1.47,0.66,-2.12
12.960,1,Timer,1.47,0.67,-2.13
12.988,1,Timer,1.47,0.67,-2.13
13.016,1,Timer,1.47,0.67,-2.13
13.043,1,Timer,1.47,0.66,-2.12
13.072,1,Timer,1.47,0.64,-2.11
13.101,1,Timer,1.47,0.63,-2.11
13.155,1,Timer,1.47,0.63,-2.10
13.183,1,Timer,1.47,0.62,-2.09
13.211,1,Timer,1.47,0.63,-2.08
13.239,1,Timer,1.47,0.64,-2.08
13.294,1,Timer,1.47,0.65,-2.06
13.324,1,Timer,1.47,0.66,-2.06
13.350,1,Timer,1.47,0.67,-2.05
13.378,1,Timer,1.47,0.69,-2.05
13.405,1,Timer,1.47,0.70,-2.05
13.460,1,Timer,1.47,0.71,-2.06
13.488,1,Timer,1.47,0.71,-2.06
13.516,1,Timer,1.47,0.70,-2.06
13.547,1,Timer,1.47,0.71,-2.07
13.573,1,Timer,1.47,0.72,-2.07
13.601,1,Timer,1.47,0.72,-2.07
13.656,1,Timer,1.47,0.72,-2.06
13.684,1,Timer,1.47,0.71,-2.06
13.712,1,Timer,1.47,0.71,-2.06
13.741,1,Timer,1.47,0.72,-2.07
13.769,1,Timer,1.47,0.71,-2.08
13.824,1,Timer,1.47,0.71,-2.09
13.851,1,Timer,1.47,0.71,-2.10
13.879,1,Timer,1.47,0.71,-2.11
13.908,1,Timer,1.47,0.71,-2.12
13.935,1,Timer,1.47,0.70,-2.12
13.992,1,Timer,1.47,0.68,-2.12
14.018,1,Timer,1.47,0.67,-2.12
14.045,1,Timer,1.47,0.67,-2.12
14.073,1,Timer,1.47,0.66,-2.12
14.102,1,Timer,1.47,0.66,-2.12
14.158,1,Timer,1.47,0.66,-2.12
14.185,1,Timer,1.47,0.66,-2.12
14.214,1,Timer,1.47,0.66,-2.13
14.241,1,Timer,1.47,0.66,-2.13
14.269,1,Timer,1.47,0.66,-2.13
14.325,1,Timer,1.47,0.66,-2.14
14.352,1,Timer,1.47,0.67,-2.14
14.380,1,Timer,1.47,0.66,-2.14
14.408,1,Timer,1.47,0.66,-2.14
14.438,1,Timer,1.47,0.65,-2.15
14.492,1,Timer,1.47,0.64,-2.15
14.521,1,Timer,1.47,0.64,-2.15
14.548,1,Timer,1.47,0.63,-2.16
14.575,1,Timer,1.47,0.63,-2.16
14.603,1,Timer,1.47,0.64,-2.16
14.661,1,Timer,1.47,0.64,-2.16
14.686,1,Timer,1.47,0.64,-2.16
14.714,1,Timer,1.47,0.64,-2.16
14.742,1,Timer,1.47,0.64,-2.16
14.770,1,Timer,1.47,0.64,-2.16
14.827,1,Timer,1.47,0.64,-2.14
14.853,1,Timer,1.47,0.65,-2.14
14.882,1,Timer,1.47,0.65,-2.14
14.909,1,Timer,1.47,0.66,-2.13
14.938,1,Timer,1.47,0.66,-2.11
14.993,1,Timer,1.47,0.65,-2.04
15.021,1,Timer,1.47,0.65,-2.00
15.049,1,Timer,1.47,0.65,-1.95
15.076,1,Timer,1.47,0.64,-1.90
15.106,1,Timer,1.47,0.62,-1.84
15.160,1,Timer,1.47,0.60,-1.73
15.188,1,Wall_3mx20cm_Conference_Door,1.41,0.61,-1.68
15.215,1,Wall_3mx20cm_Conference_Door,1.41,0.61,-1.62
15.243,1,Wall_3mx20cm_Conference_Door,1.41,0.61,-1.57
15.272,1,Wall_3mx20cm_Conference_Door,1.41,0.59,-1.53
15.328,1,Wall_3mx20cm_Conference_Door,1.41,0.58,-1.47
15.355,1,Wall_3mx20cm_Conference_Door,1.41,0.60,-1.45
15.383,1,Wall_3mx20cm_Conference_Door,1.41,0.61,-1.44
15.410,1,Wall_3mx20cm_Conference_Door,1.41,0.62,-1.44
15.439,1,Wall_3mx20cm_Conference_Door,1.41,0.62,-1.43
15.493,1,Wall_3mx20cm_Conference_Door,1.41,0.62,-1.42
15.521,1,Wall_3mx20cm_Conference_Door,1.41,0.62,-1.42
15.549,1,Wall_3mx20cm_Conference_Door,1.41,0.62,-1.41
15.576,1,Wall_3mx20cm_Conference_Door,1.41,0.63,-1.40
15.605,1,Wall_3mx20cm_Conference_Door,1.41,0.63,-1.39
15.661,1,Wall_3mx20cm_Conference_Door,1.41,0.64,-1.38
15.688,1,Wall_3mx20cm_Conference_Door,1.41,0.64,-1.39
15.715,1,Wall_3mx20cm_Conference_Door,1.41,0.65,-1.39
15.744,1,Wall_3mx20cm_Conference_Door,1.41,0.65,-1.40
15.773,1,Wall_3mx20cm_Conference_Door,1.41,0.67,-1.40
15.825,1,Wall_3mx20cm_Conference_Door,1.41,0.67,-1.41
15.854,1,Wall_3mx20cm_Conference_Door,1.41,0.65,-1.41
15.882,1,Wall_3mx20cm_Conference_Door,1.41,0.64,-1.41
15.910,1,Wall_3mx20cm_Conference_Door,1.41,0.62,-1.41
15.937,1,Wall_3mx20cm_Conference_Door,1.41,0.62,-1.42
15.994,1,Wall_3mx20cm_Conference_Door,1.41,0.60,-1.44
16.022,1,Wall_3mx20cm_Conference_Door,1.41,0.59,-1.46
16.050,1,Wall_3mx20cm_Conference_Door,1.41,0.59,-1.48
16.078,1,Wall_3mx20cm_Conference_Door,1.41,0.59,-1.50
16.105,1,Wall_3mx20cm_Conference_Door,1.41,0.58,-1.52
16.134,1,Wall_3mx20cm_Conference_Door,1.41,0.60,-1.52
16.189,1,Wall_3mx20cm_Conference_Door,1.41,0.62,-1.53
16.218,1,Wall_3mx20cm_Conference_Door,1.41,0.62,-1.52
16.245,1,Wall_3mx20cm_Conference_Door,1.41,0.63,-1.51
16.274,1,Wall_3mx20cm_Conference_Door,1.41,0.64,-1.50
16.301,1,Wall_3mx20cm_Conference_Door,1.41,0.63,-1.49
16.358,1,Wall_3mx20cm_Conference_Door,1.41,0.62,-1.47
16.386,1,Wall_3mx20cm_Conference_Door,1.41,0.62,-1.46
16.413,1,Wall_3mx20cm_Conference_Door,1.41,0.63,-1.46
16.441,1,Wall_3mx20cm_Conference_Door,1.41,0.62,-1.46
16.467,1,Wall_3mx20cm_Conference_Door,1.41,0.62,-1.46
16.524,1,Wall_3mx20cm_Conference_Door,1.41,0.62,-1.46
16.551,1,Wall_3mx20cm_Conference_Door,1.41,0.63,-1.46
16.579,1,Wall_3mx20cm_Conference_Door,1.41,0.63,-1.45
16.608,1,Wall_3mx20cm_Conference_Door,1.41,0.63,-1.45
16.635,1,Wall_3mx20cm_Conference_Door,1.41,0.63,-1.45
16.691,1,Wall_3mx20cm_Conference_Door,1.41,0.63,-1.44
16.719,1,Wall_3mx20cm_Conference_Door,1.41,0.62,-1.44
16.746,1,Wall_3mx20cm_Conference_Door,1.41,0.62,-1.44
16.775,1,Wall_3mx20cm_Conference_Door,1.41,0.61,-1.43
16.802,1,Wall_3mx20cm_Conference_Door,1.41,0.61,-1.43
16.857,1,Wall_3mx20cm_Conference_Door,1.41,0.62,-1.43
16.886,1,Wall_3mx20cm_Conference_Door,1.41,0.63,-1.43
16.913,1,Wall_3mx20cm_Conference_Door,1.41,0.65,-1.42
16.940,1,Wall_3mx20cm_Conference_Door,1.41,0.66,-1.42
16.967,1,Wall_3mx20cm_Conference_Door,1.41,0.66,-1.42
17.024,1,Wall_3mx20cm_Conference_Door,1.41,0.67,-1.42
17.052,1,Wall_3mx20cm_Conference_Door,1.41,0.67,-1.43
17.080,1,Wall_3mx20cm_Conference_Door,1.41,0.67,-1.42
17.109,1,Wall_3mx20cm_Conference_Door,1.41,0.65,-1.42
17.135,1,Wall_3mx20cm_Conference_Door,1.41,0.65,-1.41
17.192,1,Wall_3mx20cm_Conference_Door,1.41,0.65,-1.39
17.219,1,Wall_3mx20cm_Conference_Door,1.41,0.65,-1.39
17.247,1,Wall_3mx20cm_Conference_Door,1.41,0.66,-1.38
17.276,1,Wall_3mx20cm_Conference_Door,1.41,0.65,-1.37
17.302,1,Wall_3mx20cm_Conference_Door,1.41,0.65,-1.36
17.359,1,Wall_3mx20cm_Conference_Door,1.41,0.68,-1.33
17.386,1,Wall_3mx20cm_Conference_Door,1.41,0.68,-1.32
17.414,1,Wall_3mx20cm_Conference_Door,1.41,0.68,-1.30
17.442,1,Wall_3mx20cm_Conference_Door,1.41,0.68,-1.29
17.470,1,Wall_3mx20cm_Conference_Door,1.41,0.67,-1.27
17.525,1,Wall_3mx20cm_Conference_Door,1.41,0.65,-1.26
17.554,1,Wall_3mx20cm_Conference_Door,1.41,0.64,-1.26
17.582,1,Wall_3mx20cm_Conference_Door,1.41,0.64,-1.27
17.611,1,Wall_3mx20cm_Conference_Door,1.41,0.63,-1.27
17.637,1,Wall_3mx20cm_Conference_Door,1.41,0.63,-1.28
17.693,1,Wall_3mx20cm_Conference_Door,1.41,0.64,-1.27
17.722,1,Wall_3mx20cm_Conference_Door,1.41,0.65,-1.27
17.748,1,Wall_3mx20cm_Conference_Door,1.41,0.66,-1.27
17.777,1,Wall_3mx20cm_Conference_Door,1.41,0.66,-1.28
17.803,1,Wall_3mx20cm_Conference_Door,1.41,0.65,-1.28
17.860,1,Wall_3mx20cm_Conference_Door,1.41,0.67,-1.29
17.888,1,Wall_3mx20cm_Conference_Door,1.41,0.67,-1.29
17.916,1,Wall_3mx20cm_Conference_Door,1.41,0.67,-1.30
17.944,1,Wall_3mx20cm_Conference_Door,1.41,0.67,-1.30
17.971,1,Wall_3mx20cm_Conference_Door,1.41,0.66,-1.30
18.026,1,Wall_3mx20cm_Conference_Door,1.41,0.68,-1.30
18.054,1,Wall_3mx20cm_Conference_Door,1.41,0.68,-1.30
18.082,1,Wall_3mx20cm_Conference_Door,1.41,0.68,-1.30
18.110,1,Wall_3mx20cm_Conference_Door,1.41,0.69,-1.30
18.137,1,Wall_3mx20cm_Conference_Door,1.41,0.69,-1.31
18.194,1,Wall_3mx20cm_Conference_Door,1.41,0.66,-1.32
18.222,1,Wall_3mx20cm_Conference_Door,1.41,0.66,-1.32
18.249,1,Wall_3mx20cm_Conference_Door,1.41,0.66,-1.33
18.276,1,Wall_3mx20cm_Conference_Door,1.41,0.66,-1.33
18.305,1,Wall_3mx20cm_Conference_Door,1.41,0.66,-1.33
18.361,1,Wall_3mx20cm_Conference_Door,1.41,0.64,-1.34
18.388,1,Wall_3mx20cm_Conference_Door,1.41,0.64,-1.34
18.417,1,Wall_3mx20cm_Conference_Door,1.41,0.64,-1.35
18.446,1,Wall_3mx20cm_Conference_Door,1.41,0.62,-1.35
18.472,1,Wall_3mx20cm_Conference_Door,1.41,0.61,-1.35
18.501,1,Wall_3mx20cm_Conference_Door,1.41,0.63,-1.35
18.557,1,Wall_3mx20cm_Conference_Door,1.41,0.65,-1.34
18.584,1,Wall_3mx20cm_Conference_Door,1.41,0.66,-1.34
18.611,1,Wall_3mx20cm_Conference_Door,1.41,0.66,-1.34
18.641,1,Wall_3mx20cm_Conference_Door,1.41,0.65,-1.34
18.669,1,Wall_3mx20cm_Conference_Door,1.41,0.65,-1.34
18.723,1,Wall_3mx20cm_Conference_Door,1.41,0.66,-1.34
18.751,1,Wall_3mx20cm_Conference_Door,1.41,0.66,-1.34
18.780,1,Wall_3mx20cm_Conference_Door,1.41,0.65,-1.34
18.808,1,Wall_3mx20cm_Conference_Door,1.41,0.65,-1.34
18.835,1,Wall_3mx20cm_Conference_Door,1.41,0.68,-1.34
18.891,1,Wall_3mx20cm_Conference_Door,1.41,0.68,-1.34
18.919,1,Wall_3mx20cm_Conference_Door,1.41,0.68,-1.33
18.945,1,Wall_3mx20cm_Conference_Door,1.41,0.68,-1.33
18.973,1,Wall_3mx20cm_Conference_Door,1.41,0.69,-1.33
19.029,1,Wall_3mx20cm_Conference_Door,1.41,0.72,-1.33
19.056,1,Wall_3mx20cm_Conference_Door,1.41,0.74,-1.34
19.085,1,Wall_3mx20cm_Conference_Door,1.41,0.74,-1.33
19.114,1,Wall_3mx20cm_Conference_Door,1.41,0.74,-1.33
19.141,1,Wall_3mx20cm_Conference_Door,1.41,0.73,-1.34
19.168,1,Wall_3mx20cm_Conference_Door,1.41,0.74,-1.33
19.224,1,Wall_3mx20cm_Conference_Door,1.41,0.75,-1.34
19.250,1,Wall_3mx20cm_Conference_Door,1.41,0.76,-1.34
19.278,1,Wall_3mx20cm_Conference_Door,1.41,0.75,-1.34
19.307,1,Wall_3mx20cm_Conference_Door,1.41,0.76,-1.34
19.342,1,Wall_3mx20cm_Conference_Door,1.41,0.76,-1.33
19.393,1,Wall_3mx20cm_Conference_Door,1.41,0.75,-1.34
19.422,1,Wall_3mx20cm_Conference_Door,1.41,0.73,-1.33
19.450,1,Wall_3mx20cm_Conference_Door,1.41,0.73,-1.33
19.477,1,Wall_3mx20cm_Conference_Door,1.41,0.75,-1.32
19.504,1,Wall_3mx20cm_Conference_Door,1.41,0.76,-1.32
19.563,1,Wall_3mx20cm_Conference_Door,1.41,0.74,-1.31
19.589,1,Wall_3mx20cm_Conference_Door,1.41,0.74,-1.31
19.617,1,Wall_3mx20cm_Conference_Door,1.41,0.74,-1.31
19.659,1,Wall_3mx20cm_Conference_Door,1.41,0.75,-1.31
19.684,1,Wall_3mx20cm_Conference_Door,1.41,0.76,-1.30
19.711,1,Wall_3mx20cm_Conference_Door,1.41,0.77,-1.30
19.742,1,Wall_3mx20cm_Conference_Door,1.41,0.78,-1.30
19.768,1,Wall_3mx20cm_Conference_Door,1.41,0.79,-1.29
19.821,1,Wall_3mx20cm_Conference_Door,1.41,0.79,-1.29
19.849,1,Wall_3mx20cm_Conference_Door,1.41,0.80,-1.28
19.878,1,Wall_3mx20cm_Conference_Door,1.41,0.81,-1.27
19.905,1,Wall_3mx20cm_Conference_Door,1.41,0.81,-1.26
19.934,1,Wall_3mx20cm_Conference_Door,1.41,0.81,-1.25
19.991,1,Wall_3mx20cm_Conference_Door,1.41,0.83,-1.24
20.018,1,Wall_3mx20cm_Conference_Door,1.41,0.83,-1.24
20.044,1,Wall_3mx20cm_Conference_Door,1.41,0.84,-1.23
20.072,1,Wall_3mx20cm_Conference_Door,1.41,0.84,-1.23
20.100,1,Wall_3mx20cm_Conference_Door,1.41,0.83,-1.22
20.155,1,Wall_3mx20cm_Conference_Door,1.41,0.80,-1.21
20.184,1,Wall_3mx20cm_Conference_Door,1.41,0.79,-1.19
20.212,1,Wall_3mx20cm_Conference_Door,1.41,0.80,-1.19
20.239,1,Wall_3mx20cm_Conference_Door,1.41,0.82,-1.18
20.267,1,Wall_3mx20cm_Conference_Door,1.41,0.84,-1.16
20.323,1,Wall_3mx20cm_Conference_Door,1.41,0.82,-1.15
20.351,1,Wall_3mx20cm_Conference_Door,1.41,0.81,-1.13
20.379,1,Wall_3mx20cm_Conference_Door,1.41,0.81,-1.12
20.407,1,Wall_3mx20cm_Conference_Door,1.41,0.81,-1.11
20.437,1,Wall_3mx20cm_Conference_Door,1.41,0.79,-1.11
20.491,1,Wall_3mx20cm_Conference_Door,1.41,0.75,-1.10
20.519,1,Wall_3mx20cm_Door (1),1.41,0.74,-1.10
20.547,1,Wall_3mx20cm_Door (1),1.41,0.74,-1.09
20.575,1,Wall_3mx20cm_Door (1),1.41,0.75,-1.09
20.602,1,Wall_3mx20cm_Door (1),1.41,0.74,-1.09
20.660,1,Wall_3mx20cm_Door (1),1.41,0.72,-1.07
20.687,1,Wall_3mx20cm_Door (1),1.41,0.72,-1.07
20.713,1,Wall_3mx20cm_Door (1),1.41,0.72,-1.06
20.742,1,Wall_3mx20cm_Door (1),1.41,0.73,-1.04
20.771,1,Wall_3mx20cm_Door (1),1.41,0.73,-1.01
20.826,1,Wall_3mx20cm_Door (1),1.41,0.68,-0.96
20.854,1,Wall_3mx20cm_Door (1),1.41,0.69,-0.94
20.882,1,Wall_3mx20cm_Door (1),1.41,0.70,-0.93
20.908,1,Wall_3mx20cm_Door (1),1.41,0.70,-0.92
20.937,1,Wall_3mx20cm_Door (1),1.41,0.71,-0.92
20.992,1,Wall_3mx20cm_Door (1),1.41,0.71,-0.93
21.020,1,Wall_3mx20cm_Door (1),1.41,0.68,-0.93
21.047,1,Wall_3mx20cm_Door (1),1.41,0.64,-0.93
21.076,1,Wall_3mx20cm_Door (1),1.41,0.63,-0.92
21.105,1,Wall_3mx20cm_Door (1),1.41,0.65,-0.92
21.160,1,Wall_3mx20cm_Door (1),1.41,0.64,-0.91
21.188,1,Wall_3mx20cm_Door (1),1.41,0.63,-0.91
21.216,1,Wall_3mx20cm_Door (1),1.41,0.61,-0.91
21.245,1,Wall_3mx20cm_Door (1),1.41,0.58,-0.91
21.272,1,Wall_3mx20cm_Door (1),1.41,0.58,-0.90
21.300,1,Wall_3mx20cm_Door (1),1.41,0.58,-0.90
21.356,1,Wall_3mx20cm_Door (1),1.41,0.55,-0.90
21.383,1,Wall_3mx20cm_Door (1),1.41,0.52,-0.90
21.412,1,Wall_3mx20cm_Door (1),1.41,0.49,-0.89
21.439,1,Wall_3mx20cm_Door (1),1.41,0.46,-0.89
21.468,1,Wall_3mx20cm_Door (1),1.41,0.45,-0.88
21.523,1,Wall_3mx20cm_Door (1),1.41,0.41,-0.86
21.552,1,Wall_3mx20cm_Door (1),1.41,0.42,-0.85
21.579,1,Wall_3mx20cm_Door (1),1.41,0.42,-0.84
21.606,1,Wall_3mx20cm_Door (1),1.41,0.41,-0.84
21.662,1,Wall_3mx20cm_Door (1),1.41,0.39,-0.84
21.689,1,Wall_3mx20cm_Door (1),1.41,0.40,-0.84
21.717,1,Wall_3mx20cm_Door (1),1.41,0.41,-0.85
21.744,1,Wall_3mx20cm_Door (1),1.41,0.42,-0.85
21.773,1,Wall_3mx20cm_Door (1),1.41,0.44,-0.85
21.800,1,Wall_3mx20cm_Door (1),1.41,0.44,-0.86
21.857,1,Wall_3mx20cm_Door (1),1.41,0.45,-0.88
21.884,1,Wall_3mx20cm_Door (1),1.41,0.46,-0.89
21.912,1,Wall_3mx20cm_Door (1),1.41,0.47,-0.91
21.940,1,Wall_3mx20cm_Door (1),1.41,0.48,-0.94
21.967,1,Wall_3mx20cm_Door (1),1.41,0.49,-0.97
22.023,1,Wall_3mx20cm_Door (1),1.41,0.51,-1.04
22.051,1,Wall_3mx20cm_Door (1),1.41,0.52,-1.08
22.080,1,Wall_3mx20cm_Conference_Door,1.41,0.53,-1.11
22.107,1,Wall_3mx20cm_Conference_Door,1.41,0.54,-1.14
22.134,1,Wall_3mx20cm_Conference_Door,1.41,0.55,-1.17
22.190,1,Wall_3mx20cm_Conference_Door,1.41,0.57,-1.21
22.220,1,Wall_3mx20cm_Conference_Door,1.41,0.58,-1.22
22.247,1,Wall_3mx20cm_Conference_Door,1.41,0.59,-1.22
22.275,1,Wall_3mx20cm_Conference_Door,1.41,0.61,-1.22
22.303,1,Wall_3mx20cm_Conference_Door,1.41,0.63,-1.22
22.358,1,Wall_3mx20cm_Conference_Door,1.41,0.65,-1.21
22.385,1,Wall_3mx20cm_Conference_Door,1.41,0.65,-1.21
22.413,1,Wall_3mx20cm_Conference_Door,1.41,0.64,-1.22
22.442,1,Wall_3mx20cm_Conference_Door,1.41,0.63,-1.21
22.468,1,Wall_3mx20cm_Conference_Door,1.41,0.64,-1.22
22.525,1,Wall_3mx20cm_Conference_Door,1.41,0.63,-1.23
22.552,1,Wall_3mx20cm_Conference_Door,1.41,0.64,-1.24
22.579,1,Wall_3mx20cm_Conference_Door,1.41,0.65,-1.26
22.608,1,Wall_3mx20cm_Conference_Door,1.41,0.67,-1.28
22.635,1,Wall_3mx20cm_Conference_Door,1.41,0.67,-1.31
22.691,1,Wall_3mx20cm_Conference_Door,1.41,0.68,-1.38
22.720,1,Wall_3mx20cm_Conference_Door,1.41,0.70,-1.42
22.748,1,Wall_3mx20cm_Conference_Door,1.41,0.71,-1.46
22.776,1,Wall_3mx20cm_Conference_Door,1.41,0.71,-1.50
22.802,1,Wall_3mx20cm_Conference_Door,1.41,0.74,-1.54
22.858,1,Wall_3mx20cm_Conference_Door,1.41,0.75,-1.62
22.887,1,Wall_3mx20cm_Conference_Door,1.41,0.77,-1.65
22.914,1,Wall_3mx20cm_Conference_Door,1.41,0.78,-1.68
22.942,1,Wall_3mx20cm_Conference_Door,1.41,0.77,-1.71
22.969,1,Timer,1.47,0.73,-1.73
23.025,1,Timer,1.47,0.72,-1.75
23.052,1,Timer,1.47,0.71,-1.76
23.081,1,Timer,1.47,0.70,-1.77
23.110,1,Timer,1.47,0.69,-1.77
23.137,1,Timer,1.47,0.68,-1.78
23.192,1,Timer,1.47,0.67,-1.79
23.220,1,Timer,1.47,0.65,-1.79
23.247,1,Timer,1.47,0.61,-1.78
23.275,1,Timer,1.47,0.56,-1.76
23.303,1,Wall_3mx20cm_Conference_Door,1.41,0.52,-1.72
23.359,1,Wall_3mx20cm_Conference_Door,1.41,0.35,-1.60
23.387,1,Wall_3mx20cm_Conference_Door,1.41,0.23,-1.51
23.415,1,Wall_3mx20cm_Conference_Door,1.41,0.11,-1.40
23.443,1,Wall_3mx20cm_Conference_Door,1.41,-0.02,-1.30
23.471,1,Wall_3mx20cm_Conference_Door,1.41,-0.14,-1.18
23.527,1,Wall_3mx20cm_Door (1),1.41,-0.39,-0.94
23.556,1,Wall_3mx20cm_Door (1),1.41,-0.49,-0.83
23.582,1,Wall_3mx20cm_Door (1),1.41,-0.58,-0.72
23.609,1,Wall_3mx20cm_Door (1),1.41,-0.69,-0.61
23.637,1,Wall_3mx20cm_Door (1),1.41,-0.81,-0.49
23.693,1,Wall_3mx20cm_Wood_Panels (2),1.53,-0.99,-0.31
23.727,1,Auto Hand Player,6.43,-0.71,-1.83
23.748,1,Wall_3mx20cm_Wood_Panels (2),2.05,-1.09,-0.31
23.778,1,Auto Hand Player,6.42,-0.71,-1.82
23.804,1,Wall_3mx20cm_Wood_Panels (2),2.46,-1.18,-0.31
23.860,1,Wall_3mx20cm_Wood_Panels (2),2.78,-1.24,-0.31
23.890,1,Auto Hand Player,6.41,-0.71,-1.80
23.919,1,Wall_3mx20cm_Wood_Panels (2),2.97,-1.23,-0.31
23.945,1,Auto Hand Player,6.40,-0.71,-1.79
23.973,1,Wall_3mx20cm_Wood_Panels (2),3.09,-1.23,-0.31
24.000,1,Auto Hand Player,6.40,-0.71,-1.78
24.055,1,Auto Hand Player,6.39,-0.71,-1.78
24.083,1,Wall_3mx20cm_Wood_Panels (2),3.10,-1.32,-0.31
24.110,1,Auto Hand Player,6.38,-0.71,-1.77
24.139,1,Wall_3mx20cm_Wood_Panels (2),3.09,-1.36,-0.31
24.194,1,Wall_3mx20cm_Wood_Panels (2),3.08,-1.43,-0.31
24.223,1,Auto Hand Player,6.36,-0.71,-1.76
24.248,1,Wall_3mx20cm_Wood_Panels (2),3.10,-1.42,-0.31
24.277,1,Auto Hand Player,6.35,-0.71,-1.75
24.305,1,Wall_3mx20cm_Wood_Panels (2),3.09,-1.41,-0.31
24.361,1,Wall_3mx20cm_Wood_Panels (2),3.07,-1.41,-0.31
24.388,1,Auto Hand Player,6.34,-0.70,-1.75
24.417,1,Wall_3mx20cm_Wood_Panels (2),3.03,-1.44,-0.31
24.446,1,Auto Hand Player,6.33,-0.70,-1.74
24.473,1,Wall_3mx20cm_Wood_Panels (2),2.98,-1.44,-0.31
24.501,1,Auto Hand Player,6.32,-0.70,-1.74
24.556,1,Wall_3mx20cm_Wood_Panels (2),2.97,-1.41,-0.31
24.585,1,Auto Hand Player,6.31,-0.70,-1.74
24.612,1,Auto Hand Player,6.31,-0.70,-1.74
24.641,1,Wall_3mx20cm_Wood_Panels (2),3.00,-1.36,-0.31
24.670,1,Auto Hand Player,6.30,-0.70,-1.74
24.724,1,Wall_3mx20cm_Wood_Panels (2),3.03,-1.34,-0.31
24.751,1,Auto Hand Player,6.29,-0.71,-1.73
24.782,1,Auto Hand Player,6.29,-0.71,-1.73
24.807,1,Auto Hand Player,6.29,-0.71,-1.73
24.836,1,Wall_3mx20cm_Wood_Panels (2),2.98,-1.40,-0.31
24.892,1,Auto Hand Player,6.29,-0.71,-1.73
24.919,1,Auto Hand Player,6.29,-0.71,-1.73
24.947,1,Auto Hand Player,6.29,-0.71,-1.73
24.975,1,Auto Hand Player,6.29,-0.71,-1.73
25.003,1,Auto Hand Player,6.29,-0.71,-1.73
25.089,1,Auto Hand Player,6.29,-0.70,-1.74
25.089,1,Auto Hand Player,6.29,-0.70,-1.74
25.115,1,Auto Hand Player,6.29,-0.70,-1.74
25.141,1,Wall_3mx20cm_Wood_Panels (2),2.45,-1.27,-0.31
25.169,1,Auto Hand Player,6.29,-0.70,-1.74
25.225,1,Auto Hand Player,6.30,-0.69,-1.75
25.253,1,Wall_3mx20cm_Wood_Panels (2),1.42,-1.00,-0.31
25.281,1,Auto Hand Player,6.30,-0.68,-1.76
25.309,1,Wall_3mx20cm_Door (1),1.41,-0.75,-0.56
25.339,1,Wall_3mx20cm_Door (1),1.41,-0.63,-0.71
25.392,1,Wall_3mx20cm_Door (1),1.41,-0.47,-1.00
25.421,1,Wall_3mx20cm_Conference_Door,1.41,-0.42,-1.13
25.447,1,Wall_3mx20cm_Conference_Door,1.41,-0.37,-1.26
25.476,1,Wall_3mx20cm_Conference_Door,1.41,-0.32,-1.35
25.504,1,Wall_3mx20cm_Conference_Door,1.41,-0.27,-1.42
25.564,1,Wall_3mx20cm_Conference_Door,1.41,-0.18,-1.57
25.587,1,Wall_3mx20cm_Conference_Door,1.41,-0.14,-1.63
25.615,1,None,0,0,0
25.644,1,Conference_Room_Door_L,1.33,-0.06,-1.75
25.671,1,Conference_Room_Door_L,1.33,-0.02,-1.81
25.727,1,Conference_Room_Door_L,1.33,0.05,-1.91
25.755,1,Conference_Room_Door_L,1.33,0.09,-1.96
25.785,1,Conference_Room_Door_L,1.33,0.12,-2.00
25.811,1,Conference_Room_Door_L,1.33,0.15,-2.05
25.838,1,Conference_Room_Door_L,1.33,0.18,-2.11
25.868,1,Conference_Room_Door_L,1.33,0.20,-2.15
25.922,1,Conference_Room_Door_L,1.33,0.24,-2.24
25.949,1,Conference_Room_Door_L,1.33,0.26,-2.27
25.978,1,Conference_Room_Door_L,1.33,0.27,-2.30
26.008,1,None,0,0,0
26.034,1,Wall_3mx20cm_Conference_Door,1.37,0.35,-2.32
26.089,1,Timer,1.47,0.46,-2.36
26.117,1,Timer,1.47,0.54,-2.38
26.145,1,Timer,1.47,0.60,-2.40
26.172,1,Timer,1.47,0.66,-2.44
26.201,1,Timer,1.47,0.71,-2.47
26.255,1,Timer,1.47,0.80,-2.52
26.284,1,Timer,1.47,0.82,-2.54
26.311,1,Timer,1.47,0.85,-2.55
26.339,1,Timer,1.47,0.86,-2.55
26.395,1,Timer,1.47,0.86,-2.56
26.423,1,Timer,1.47,0.86,-2.56
26.450,1,Timer,1.47,0.86,-2.55
26.477,1,Timer,1.47,0.85,-2.55
26.506,1,Timer,1.47,0.83,-2.54
26.561,1,Timer,1.47,0.81,-2.52
26.588,1,Timer,1.47,0.80,-2.51
26.617,1,Timer,1.47,0.80,-2.49
26.645,1,Timer,1.47,0.80,-2.48
26.674,1,Timer,1.47,0.80,-2.47
26.701,1,Timer,1.47,0.80,-2.45
26.757,1,Timer,1.47,0.83,-2.43
26.785,1,Timer,1.47,0.85,-2.42
26.813,1,Timer,1.47,0.87,-2.42
26.860,1,Timer,1.47,0.88,-2.41
26.882,1,Timer,1.47,0.89,-2.40
26.936,1,Timer,1.47,0.90,-2.38
26.936,1,Timer,1.47,0.90,-2.38
26.994,1,Timer,1.47,0.93,-2.35
27.021,1,Timer,1.47,0.93,-2.35
27.051,1,Timer,1.47,0.93,-2.35
27.077,1,Timer,1.47,0.92,-2.34
27.106,1,Timer,1.47,0.91,-2.33
27.134,1,Timer,1.47,0.90,-2.33
27.187,1,Timer,1.47,0.89,-2.32
27.215,1,Timer,1.47,0.88,-2.32
27.244,1,Timer,1.47,0.87,-2.33
27.271,1,Timer,1.47,0.86,-2.34
27.326,1,Timer,1.47,0.84,-2.36
27.354,1,Timer,1.47,0.83,-2.37
27.382,1,Timer,1.47,0.83,-2.36
27.410,1,Timer,1.47,0.82,-2.36
27.438,1,Timer,1.47,0.81,-2.36
27.494,1,Timer,1.47,0.80,-2.35
27.523,1,Timer,1.47,0.79,-2.34
27.550,1,Timer,1.47,0.78,-2.34
27.579,1,Timer,1.47,0.78,-2.33
27.606,1,Timer,1.47,0.78,-2.32
27.634,1,Timer,1.47,0.78,-2.32
27.689,1,Timer,1.47,0.78,-2.31
27.718,1,Timer,1.47,0.78,-2.30
27.745,1,Timer,1.47,0.78,-2.30
27.773,1,Timer,1.47,0.79,-2.29
27.802,1,Timer,1.47,0.80,-2.29
27.856,1,Timer,1.47,0.82,-2.28
27.883,1,Timer,1.47,0.82,-2.28
27.912,1,Timer,1.47,0.81,-2.28
27.939,1,Timer,1.47,0.80,-2.28
27.994,1,Timer,1.47,0.80,-2.29
28.024,1,Timer,1.47,0.80,-2.29
28.051,1,Timer,1.47,0.81,-2.30
28.079,1,Timer,1.47,0.81,-2.30
28.105,1,Timer,1.47,0.82,-2.30
28.160,1,Timer,1.47,0.82,-2.31
28.188,1,Timer,1.47,0.83,-2.31
28.216,1,Timer,1.47,0.83,-2.32
28.247,1,Timer,1.47,0.83,-2.32
28.272,1,Timer,1.47,0.82,-2.32
28.301,1,Timer,1.47,0.82,-2.33
28.357,1,Timer,1.47,0.81,-2.33
28.384,1,Timer,1.47,0.80,-2.33
28.412,1,Timer,1.47,0.80,-2.33
28.440,1,Timer,1.47,0.80,-2.33
28.468,1,Timer,1.47,0.80,-2.33
28.523,1,Timer,1.47,0.80,-2.32
28.550,1,Timer,1.47,0.80,-2.32
28.578,1,Timer,1.47,0.81,-2.32
28.606,1,Timer,1.47,0.81,-2.31
28.635,1,Timer,1.47,0.81,-2.30
28.691,1,Timer,1.47,0.81,-2.29
28.719,1,Timer,1.47,0.81,-2.28
28.746,1,Timer,1.47,0.81,-2.27
28.774,1,Timer,1.47,0.82,-2.26
28.802,1,Timer,1.47,0.82,-2.26
28.857,1,Timer,1.47,0.83,-2.25
28.885,1,Timer,1.47,0.83,-2.25
28.914,1,Timer,1.47,0.82,-2.25
28.941,1,Timer,1.47,0.82,-2.25
28.969,1,Timer,1.47,0.82,-2.25
29.024,1,Timer,1.47,0.82,-2.25
29.053,1,Timer,1.47,0.82,-2.25
29.081,1,Timer,1.47,0.81,-2.25
29.109,1,Timer,1.47,0.81,-2.26
29.136,1,Timer,1.47,0.81,-2.26
29.191,1,Timer,1.47,0.82,-2.26
29.219,1,Timer,1.47,0.82,-2.26
29.246,1,Timer,1.47,0.82,-2.26
29.275,1,Timer,1.47,0.82,-2.25
29.303,1,Timer,1.47,0.83,-2.25
29.360,1,Timer,1.47,0.84,-2.24
29.387,1,Timer,1.47,0.84,-2.24
29.415,1,Timer,1.47,0.84,-2.24
29.441,1,Timer,1.47,0.83,-2.25
29.469,1,Timer,1.47,0.83,-2.25
29.524,1,Timer,1.47,0.84,-2.24
29.552,1,Timer,1.47,0.85,-2.24
29.582,1,Timer,1.47,0.85,-2.24
29.609,1,Timer,1.47,0.85,-2.24
29.637,1,Timer,1.47,0.84,-2.25
29.693,1,Timer,1.47,0.82,-2.27
29.721,1,Timer,1.47,0.80,-2.28
29.749,1,Timer,1.47,0.78,-2.30
29.777,1,Timer,1.47,0.77,-2.31
29.805,1,Timer,1.47,0.77,-2.32
29.860,1,Timer,1.47,0.77,-2.31
29.887,1,Timer,1.47,0.78,-2.31
29.915,1,Timer,1.47,0.78,-2.29
29.943,1,Timer,1.47,0.79,-2.27
29.971,1,Timer,1.47,0.81,-2.26
30.028,1,Timer,1.47,0.81,-2.22
30.055,1,Timer,1.47,0.81,-2.20
30.083,1,Timer,1.47,0.81,-2.18
30.111,1,Timer,1.47,0.81,-2.16
30.139,1,Timer,1.47,0.83,-2.14
30.167,1,Timer,1.47,0.85,-2.12
30.223,1,Timer,1.47,0.86,-2.09
30.252,1,Timer,1.47,0.85,-2.07
30.279,1,Timer,1.47,0.84,-2.06
30.304,1,Timer,1.47,0.84,-2.05
30.360,1,Timer,1.47,0.82,-2.04
30.388,1,Timer,1.47,0.81,-2.04
30.415,1,Timer,1.47,0.81,-2.05
30.444,1,Timer,1.47,0.81,-2.05
30.473,1,Timer,1.47,0.81,-2.06
30.500,1,Timer,1.47,0.82,-2.06
30.556,1,Timer,1.47,0.83,-2.06
30.584,1,Timer,1.47,0.84,-2.05
30.612,1,Timer,1.47,0.85,-2.04
30.640,1,Timer,1.47,0.86,-2.03
30.667,1,Timer,1.47,0.86,-2.03
30.723,1,Timer,1.47,0.87,-2.03
30.751,1,Timer,1.47,0.87,-2.03
30.780,1,Timer,1.47,0.85,-2.04
30.806,1,Timer,1.47,0.84,-2.05
30.835,1,Timer,1.47,0.82,-2.07
30.891,1,Timer,1.47,0.81,-2.08
30.920,1,Timer,1.47,0.81,-2.08
30.947,1,Timer,1.47,0.82,-2.08
30.974,1,Timer,1.47,0.82,-2.09
31.002,1,Timer,1.47,0.83,-2.09
31.058,1,Timer,1.47,0.82,-2.08
31.086,1,Timer,1.47,0.82,-2.08
31.114,1,Timer,1.47,0.82,-2.08
31.145,1,Timer,1.47,0.82,-2.07
31.170,1,Timer,1.47,0.81,-2.06
31.226,1,Timer,1.47,0.82,-2.05
31.254,1,Timer,1.47,0.82,-2.04
31.282,1,Timer,1.47,0.82,-2.03
31.308,1,Timer,1.47,0.83,-2.03
31.337,1,Timer,1.47,0.83,-2.03
31.393,1,Timer,1.47,0.84,-2.02
31.421,1,Timer,1.47,0.84,-2.02
31.449,1,Timer,1.47,0.84,-2.01
31.476,1,Timer,1.47,0.84,-2.01
31.504,1,Timer,1.47,0.84,-2.01
31.560,1,Timer,1.47,0.84,-2.01
31.590,1,Timer,1.47,0.84,-2.01
31.617,1,Timer,1.47,0.84,-2.01
31.644,1,Timer,1.47,0.84,-2.01
31.671,1,Timer,1.47,0.84,-2.01
31.700,1,Timer,1.47,0.84,-2.01
31.755,1,Timer,1.47,0.85,-2.01
31.783,1,Timer,1.47,0.83,-2.02
31.812,1,Timer,1.47,0.82,-2.02
31.839,1,Timer,1.47,0.81,-2.03
31.895,1,Timer,1.47,0.80,-2.04
31.922,1,Timer,1.47,0.81,-2.04
31.950,1,Timer,1.47,0.82,-2.03
31.979,1,Timer,1.47,0.83,-2.03
32.006,1,Timer,1.47,0.83,-2.02
32.035,1,Timer,1.47,0.82,-2.01
32.089,1,Timer,1.47,0.80,-2.02
32.117,1,Timer,1.47,0.80,-2.02
32.145,1,Timer,1.47,0.80,-2.02
32.171,1,Timer,1.47,0.80,-2.02
32.228,1,Timer,1.47,0.81,-2.02
32.257,1,Timer,1.47,0.80,-2.01
32.283,1,Timer,1.47,0.80,-2.01
32.311,1,Timer,1.47,0.79,-2.02
32.340,1,Timer,1.47,0.79,-2.02
32.367,1,Timer,1.47,0.79,-2.02
32.425,1,Timer,1.47,0.79,-2.03
32.451,1,Timer,1.47,0.79,-2.03
32.482,1,Timer,1.47,0.80,-2.03
32.506,1,Timer,1.47,0.80,-2.03
32.535,1,Timer,1.47,0.80,-2.03
32.591,1,Timer,1.47,0.80,-2.03
32.619,1,Timer,1.47,0.79,-2.03
32.645,1,Timer,1.47,0.79,-2.03
32.674,1,Timer,1.47,0.78,-2.03
32.704,1,Timer,1.47,0.79,-2.04
32.757,1,Timer,1.47,0.80,-2.04
32.786,1,Timer,1.47,0.80,-2.05
32.814,1,Timer,1.47,0.81,-2.06
32.841,1,Timer,1.47,0.81,-2.06
32.869,1,Timer,1.47,0.80,-2.08
32.926,1,Timer,1.47,0.79,-2.10
32.953,1,Timer,1.47,0.79,-2.10
32.980,1,Timer,1.47,0.79,-2.10
33.007,1,Timer,1.47,0.79,-2.10
33.035,1,Timer,1.47,0.79,-2.09
33.091,1,Timer,1.47,0.79,-2.08
33.119,1,Timer,1.47,0.79,-2.07
33.147,1,Timer,1.47,0.78,-2.07
33.175,1,Timer,1.47,0.78,-2.07
33.202,1,Timer,1.47,0.77,-2.07
33.258,1,Timer,1.47,0.77,-2.09
33.286,1,Timer,1.47,0.77,-2.10
33.315,1,Timer,1.47,0.77,-2.10
33.343,1,Timer,1.47,0.77,-2.11
33.370,1,Timer,1.47,0.77,-2.11
33.426,1,Timer,1.47,0.76,-2.11
33.453,1,Timer,1.47,0.75,-2.11
33.481,1,Timer,1.47,0.75,-2.11
33.509,1,Timer,1.47,0.75,-2.11
33.538,1,Timer,1.47,0.76,-2.11
33.594,1,Timer,1.47,0.76,-2.11
33.621,1,Timer,1.47,0.77,-2.10
33.648,1,Timer,1.47,0.77,-2.10
33.677,1,Timer,1.47,0.78,-2.10
33.705,1,Timer,1.47,0.78,-2.11
33.760,1,Timer,1.47,0.79,-2.12
33.788,1,Timer,1.47,0.79,-2.12
33.819,1,Timer,1.47,0.79,-2.13
33.843,1,Timer,1.47,0.79,-2.13
33.872,1,Timer,1.47,0.78,-2.14
33.926,1,Timer,1.47,0.77,-2.14
33.955,1,Timer,1.47,0.76,-2.15
33.982,1,Timer,1.47,0.76,-2.15
34.010,1,Timer,1.47,0.76,-2.15
34.039,1,Timer,1.47,0.75,-2.15
34.094,1,Timer,1.47,0.76,-2.15
34.123,1,Timer,1.47,0.76,-2.14
34.150,1,Timer,1.47,0.76,-2.14
34.178,1,Timer,1.47,0.76,-2.14
34.205,1,Timer,1.47,0.77,-2.14
34.233,1,Timer,1.47,0.76,-2.14
34.288,1,Timer,1.47,0.74,-2.13
34.317,1,Timer,1.47,0.74,-2.13
34.344,1,Timer,1.47,0.74,-2.13
34.372,1,Timer,1.47,0.74,-2.13
34.431,1,Timer,1.47,0.75,-2.13
34.456,1,Timer,1.47,0.75,-2.13
34.486,1,Timer,1.47,0.76,-2.13
34.511,1,Timer,1.47,0.76,-2.13
34.538,1,Timer,1.47,0.76,-2.13
34.594,1,Timer,1.47,0.76,-2.13
34.621,1,Timer,1.47,0.76,-2.13
34.650,1,Timer,1.47,0.76,-2.13
34.678,1,Timer,1.47,0.75,-2.12
34.707,1,Timer,1.47,0.75,-2.12
34.734,1,Timer,1.47,0.75,-2.12
34.789,1,Timer,1.47,0.74,-2.12
34.818,1,Timer,1.47,0.74,-2.12
34.845,1,Timer,1.47,0.74,-2.12
34.873,1,Timer,1.47,0.74,-2.12
34.902,1,Timer,1.47,0.74,-2.12
34.956,1,Timer,1.47,0.74,-2.11
34.985,1,Timer,1.47,0.74,-2.11
35.012,1,Timer,1.47,0.75,-2.11
35.039,1,Timer,1.47,0.75,-2.10
35.067,1,Timer,1.47,0.74,-2.10
35.123,1,Timer,1.47,0.73,-2.10
35.153,1,Timer,1.47,0.73,-2.09
35.179,1,Timer,1.47,0.73,-2.09
35.207,1,Timer,1.47,0.73,-2.08
35.234,1,Timer,1.47,0.72,-2.07
35.291,1,Timer,1.47,0.73,-2.06
35.319,1,Timer,1.47,0.73,-2.05
35.346,1,Timer,1.47,0.74,-2.05
35.377,1,Timer,1.47,0.75,-2.05
35.403,1,Timer,1.47,0.75,-2.05
35.460,1,Timer,1.47,0.76,-2.05
35.486,1,Timer,1.47,0.76,-2.05
35.513,1,Timer,1.47,0.75,-2.05
35.541,1,Timer,1.47,0.75,-2.04
35.569,1,Timer,1.47,0.74,-2.04
35.600,1,Timer,1.47,0.74,-2.03
35.653,1,Timer,1.47,0.73,-2.02
35.681,1,Timer,1.47,0.72,-2.02
35.708,1,Timer,1.47,0.71,-2.02
35.736,1,Timer,1.47,0.71,-2.02
35.792,1,Timer,1.47,0.71,-2.03
35.822,1,Timer,1.47,0.71,-2.03
35.848,1,Timer,1.47,0.71,-2.04
35.876,1,Timer,1.47,0.72,-2.04
35.904,1,Timer,1.47,0.71,-2.04
35.961,1,Timer,1.47,0.71,-2.04
35.988,1,Timer,1.47,0.72,-2.04
36.016,1,Timer,1.47,0.72,-2.05
36.046,1,Timer,1.47,0.73,-2.05
36.071,1,Timer,1.47,0.73,-2.05
36.100,1,Timer,1.47,0.74,-2.05
36.153,1,Timer,1.47,0.75,-2.06
36.182,1,Timer,1.47,0.75,-2.06
36.209,1,Timer,1.47,0.75,-2.06
36.238,1,Timer,1.47,0.75,-2.06
36.268,1,Timer,1.47,0.75,-2.06
36.322,1,Timer,1.47,0.74,-2.05
36.349,1,Timer,1.47,0.74,-2.05
36.377,1,Timer,1.47,0.74,-2.05
36.405,1,Timer,1.47,0.73,-2.05
36.462,1,Timer,1.47,0.73,-2.05
36.491,1,Timer,1.47,0.72,-2.05
36.517,1,Timer,1.47,0.72,-2.05
36.546,1,Timer,1.47,0.72,-2.05
36.573,1,Timer,1.47,0.72,-2.05
36.627,1,Timer,1.47,0.72,-2.05
36.655,1,Timer,1.47,0.72,-2.05
36.683,1,Timer,1.47,0.72,-2.05
36.712,1,Timer,1.47,0.73,-2.05
36.739,1,Timer,1.47,0.73,-2.05
36.767,1,Timer,1.47,0.73,-2.05
36.822,1,Timer,1.47,0.72,-2.05
36.851,1,Timer,1.47,0.73,-2.05
36.878,1,Timer,1.47,0.73,-2.04
36.906,1,Timer,1.47,0.74,-2.04
36.935,1,Timer,1.47,0.74,-2.04
36.990,1,Timer,1.47,0.75,-2.04
37.018,1,Timer,1.47,0.75,-2.04
37.046,1,Timer,1.47,0.75,-2.04
37.073,1,Timer,1.47,0.75,-2.04
37.102,1,Timer,1.47,0.75,-2.04
37.159,1,Timer,1.47,0.74,-2.04
37.185,1,Timer,1.47,0.74,-2.05
37.213,1,Timer,1.47,0.73,-2.04
37.241,1,Timer,1.47,0.73,-2.04
37.268,1,Timer,1.47,0.72,-2.04
37.324,1,Timer,1.47,0.72,-2.04
37.352,1,Timer,1.47,0.71,-2.04
37.381,1,Timer,1.47,0.71,-2.04
37.407,1,Timer,1.47,0.70,-2.04
37.434,1,Timer,1.47,0.70,-2.04
37.491,1,Timer,1.47,0.68,-2.03
37.519,1,Timer,1.47,0.68,-2.03
37.547,1,Timer,1.47,0.68,-2.02
37.576,1,Timer,1.47,0.67,-2.02
37.605,1,Timer,1.47,0.66,-2.02
37.659,1,Timer,1.47,0.66,-2.01
37.686,1,Timer,1.47,0.66,-2.00
37.714,1,Timer,1.47,0.66,-1.99
37.742,1,Timer,1.47,0.67,-1.99
37.770,1,Timer,1.47,0.67,-1.99
37.827,1,Timer,1.47,0.67,-1.98
37.853,1,Timer,1.47,0.67,-1.98
37.881,1,Timer,1.47,0.67,-1.97
37.909,1,Timer,1.47,0.67,-1.96
37.936,1,Timer,1.47,0.67,-1.96
37.993,1,Timer,1.47,0.66,-1.95
38.021,1,Timer,1.47,0.67,-1.94
38.050,1,Timer,1.47,0.68,-1.94
38.075,1,Timer,1.47,0.68,-1.94
38.104,1,Timer,1.47,0.68,-1.95
38.159,1,Timer,1.47,0.67,-1.95
38.187,1,Timer,1.47,0.66,-1.94
38.215,1,Timer,1.47,0.66,-1.93
38.242,1,Timer,1.47,0.66,-1.93
38.272,1,Timer,1.47,0.66,-1.92
38.326,1,Timer,1.47,0.66,-1.91
38.354,1,Timer,1.47,0.67,-1.90
38.382,1,Timer,1.47,0.67,-1.90
38.409,1,Timer,1.47,0.67,-1.90
38.438,1,Timer,1.47,0.66,-1.90
38.494,1,Timer,1.47,0.65,-1.91
38.521,1,Timer,1.47,0.65,-1.91
38.548,1,Timer,1.47,0.66,-1.91
38.575,1,Timer,1.47,0.66,-1.90
38.605,1,Timer,1.47,0.67,-1.90
38.658,1,Timer,1.47,0.68,-1.89
38.686,1,Timer,1.47,0.69,-1.89
38.716,1,Timer,1.47,0.69,-1.89
38.743,1,Timer,1.47,0.69,-1.88
38.773,1,Timer,1.47,0.69,-1.88
38.826,1,Timer,1.47,0.69,-1.88
38.854,1,Timer,1.47,0.69,-1.88
38.882,1,Timer,1.47,0.69,-1.87
38.910,1,Timer,1.47,0.69,-1.87
38.940,1,Timer,1.47,0.69,-1.87
38.993,1,Timer,1.47,0.69,-1.87
39.021,1,Timer,1.47,0.69,-1.87
39.049,1,Timer,1.47,0.69,-1.88
39.076,1,Timer,1.47,0.69,-1.88
39.105,1,Timer,1.47,0.70,-1.89
39.161,1,Timer,1.47,0.70,-1.89
39.188,1,Timer,1.47,0.71,-1.90
39.216,1,Timer,1.47,0.71,-1.89
39.243,1,Timer,1.47,0.71,-1.89
39.271,1,Timer,1.47,0.71,-1.90
39.327,1,Timer,1.47,0.70,-1.90
39.356,1,Timer,1.47,0.71,-1.90
39.385,1,Timer,1.47,0.71,-1.90
39.411,1,Timer,1.47,0.72,-1.90
39.439,1,Timer,1.47,0.73,-1.90
39.467,1,Timer,1.47,0.73,-1.90
39.522,1,Timer,1.47,0.74,-1.89
39.550,1,Timer,1.47,0.74,-1.89
39.578,1,Timer,1.47,0.74,-1.89
39.608,1,Timer,1.47,0.74,-1.89
39.635,1,Timer,1.47,0.75,-1.88
39.690,1,Timer,1.47,0.75,-1.87
39.718,1,Timer,1.47,0.75,-1.86
39.745,1,Timer,1.47,0.75,-1.84
39.773,1,Timer,1.47,0.75,-1.81
39.802,1,Timer,1.47,0.75,-1.79
39.858,1,Timer,1.47,0.75,-1.74
39.885,1,Timer,1.47,0.76,-1.73
39.913,1,Wall_3mx20cm_Conference_Door,1.41,0.78,-1.71
39.941,1,Wall_3mx20cm_Conference_Door,1.41,0.78,-1.70
39.969,1,Wall_3mx20cm_Conference_Door,1.41,0.79,-1.69
40.025,1,Wall_3mx20cm_Conference_Door,1.41,0.79,-1.63
40.053,1,Wall_3mx20cm_Conference_Door,1.41,0.80,-1.60
40.081,1,Wall_3mx20cm_Conference_Door,1.41,0.82,-1.55
40.108,1,Wall_3mx20cm_Conference_Door,1.41,0.84,-1.50
40.136,1,Wall_3mx20cm_Conference_Door,1.41,0.86,-1.43
40.192,1,Wall_3mx20cm_Conference_Door,1.41,0.99,-1.24
40.220,1,Wall_3mx20cm_Conference_Door,1.41,1.09,-1.12
40.247,1,Wall_3mx20cm_Door (1),1.41,1.22,-0.97
40.277,1,Wall_3mx20cm_Door (1),1.41,1.39,-0.79
40.304,1,Ceiling_log_3m (20),1.52,1.56,-0.59
40.360,1,Ceiling_3x3m (7),2.49,1.70,-0.34
40.387,1,Wall_3mx20cm_Wood_Panels (2),3.11,1.65,-0.31
40.415,1,Wall_3mx20cm_Wood_Panels (2),3.61,1.62,-0.31
40.443,1,Wall_3mx20cm_Wood_Panels (2),3.98,1.63,-0.31
40.471,1,Ceiling_log_3m (23),4.37,1.50,-0.38
40.501,1,Wall_3mx20cm_Wood_Panels (3),4.46,1.60,-0.31
40.555,1,Wall_3mx20cm_Wood_Panels (3),4.67,1.62,-0.31
40.583,1,Wall_3mx20cm_Wood_Panels (3),4.72,1.63,-0.31
40.611,1,Wall_3mx20cm_Wood_Panels (3),4.74,1.62,-0.31
40.638,1,Wall_3mx20cm_Wood_Panels (3),4.70,1.63,-0.31
40.694,1,Wall_3mx20cm_Wood_Panels (3),4.60,1.67,-0.31
40.723,1,Wall_3mx20cm_Wood_Panels (3),4.56,1.68,-0.31
40.750,1,Wall_3mx20cm_Wood_Panels (3),4.54,1.68,-0.31
40.777,1,Wall_3mx20cm_Wood_Panels (3),4.53,1.69,-0.31
40.805,1,Ceiling_3x3m (9),4.54,1.70,-0.31
40.833,1,Ceiling_3x3m (9),4.55,1.70,-0.31
40.888,1,Wall_3mx20cm_Wood_Panels (3),4.57,1.68,-0.31
40.916,1,Wall_3mx20cm_Wood_Panels (3),4.58,1.69,-0.31
40.945,1,Wall_3mx20cm_Wood_Panels (3),4.58,1.68,-0.31
40.971,1,Wall_3mx20cm_Wood_Panels (3),4.58,1.66,-0.31
41.027,1,Wall_3mx20cm_Wood_Panels (3),4.58,1.63,-0.31
41.055,1,Wall_3mx20cm_Wood_Panels (3),4.58,1.61,-0.31
41.083,1,Wall_3mx20cm_Wood_Panels (3),4.58,1.59,-0.31
41.110,1,Wall_3mx20cm_Wood_Panels (3),4.59,1.58,-0.31
41.139,1,Wall_3mx20cm_Wood_Panels (3),4.60,1.57,-0.31
41.167,1,Wall_3mx20cm_Wood_Panels (3),4.62,1.56,-0.31
41.223,1,Wall_3mx20cm_Wood_Panels (3),4.63,1.53,-0.31
41.250,1,Wall_3mx20cm_Wood_Panels (3),4.65,1.50,-0.31
41.279,1,Wall_3mx20cm_Wood_Panels (3),4.66,1.48,-0.31
41.306,1,Wall_3mx20cm_Wood_Panels (3),4.69,1.46,-0.31
41.334,1,Wall_3mx20cm_Wood_Panels (3),4.70,1.44,-0.31
41.390,1,Wall_3mx20cm_Wood_Panels (3),4.71,1.43,-0.31
41.419,1,Wall_3mx20cm_Wood_Panels (3),4.70,1.43,-0.31
41.446,1,Wall_3mx20cm_Wood_Panels (3),4.69,1.42,-0.31
41.474,1,Wall_3mx20cm_Wood_Panels (3),4.67,1.42,-0.31
41.502,1,Wall_3mx20cm_Wood_Panels (3),4.66,1.44,-0.31
41.568,1,Wall_3mx20cm_Wood_Panels (3),4.66,1.43,-0.31
41.568,1,Wall_3mx20cm_Wood_Panels (3),4.66,1.43,-0.31
41.609,1,Wall_3mx20cm_Wood_Panels (3),4.66,1.43,-0.31
41.649,1,Wall_3mx20cm_Wood_Panels (3),4.68,1.42,-0.31
41.669,1,Wall_3mx20cm_Wood_Panels (3),4.68,1.43,-0.31
41.724,1,Wall_3mx20cm_Wood_Panels (3),4.68,1.43,-0.31
41.751,1,Wall_3mx20cm_Wood_Panels (3),4.67,1.43,-0.31
41.780,1,Wall_3mx20cm_Wood_Panels (3),4.65,1.43,-0.31
41.816,1,Wall_3mx20cm_Wood_Panels (3),4.62,1.44,-0.31
41.836,1,Wall_3mx20cm_Wood_Panels (3),4.58,1.44,-0.31
41.890,1,Wall_3mx20cm_Wood_Panels (3),4.49,1.44,-0.31
41.928,1,Wall_3mx20cm_Wood_Panels (3),4.44,1.45,-0.31
41.961,1,Wall_3mx20cm_Wood_Panels (2),4.39,1.45,-0.31
41.989,1,Wall_3mx20cm_Wood_Panels (2),4.33,1.47,-0.31
42.017,1,Wall_3mx20cm_Wood_Panels (2),4.29,1.48,-0.31
42.044,1,Wall_3mx20cm_Wood_Panels (2),4.26,1.48,-0.31
42.072,1,Wall_3mx20cm_Wood_Panels (2),4.22,1.48,-0.31
42.127,1,Wall_3mx20cm_Wood_Panels (2),4.15,1.50,-0.31
42.156,1,Wall_3mx20cm_Wood_Panels (2),4.13,1.51,-0.31
42.185,1,Wall_3mx20cm_Wood_Panels (2),4.12,1.50,-0.31
42.211,1,Wall_3mx20cm_Wood_Panels (2),4.13,1.49,-0.31
42.240,1,Wall_3mx20cm_Wood_Panels (2),4.14,1.48,-0.31
42.294,1,Wall_3mx20cm_Wood_Panels (2),4.17,1.45,-0.31
42.322,1,Wall_3mx20cm_Wood_Panels (2),4.17,1.44,-0.31
42.349,1,Wall_3mx20cm_Wood_Panels (2),4.18,1.44,-0.31
42.378,1,Wall_3mx20cm_Wood_Panels (2),4.19,1.42,-0.31
42.405,1,Wall_3mx20cm_Wood_Panels (2),4.19,1.40,-0.31
42.462,1,Wall_3mx20cm_Wood_Panels (2),4.21,1.39,-0.31
42.488,1,Wall_3mx20cm_Wood_Panels (2),4.22,1.38,-0.31
42.516,1,Wall_3mx20cm_Wood_Panels (2),4.23,1.37,-0.31
42.546,1,Wall_3mx20cm_Wood_Panels (2),4.24,1.36,-0.31
42.572,1,Wall_3mx20cm_Wood_Panels (2),4.25,1.35,-0.31
42.600,1,Wall_3mx20cm_Wood_Panels (2),4.26,1.34,-0.31
42.657,1,Wall_3mx20cm_Wood_Panels (2),4.29,1.32,-0.31
42.684,1,Wall_3mx20cm_Wood_Panels (2),4.31,1.31,-0.31
42.711,1,Wall_3mx20cm_Wood_Panels (2),4.34,1.29,-0.31
42.740,1,Wall_3mx20cm_Wood_Panels (2),4.36,1.28,-0.31
42.768,1,Wall_3mx20cm_Wood_Panels (2),4.37,1.28,-0.31
42.824,1,Wall_3mx20cm_Wood_Panels (2),4.39,1.27,-0.31
42.850,1,Wall_3mx20cm_Wood_Panels (2),4.40,1.26,-0.31
42.879,1,Wall_3mx20cm_Wood_Panels (2),4.40,1.25,-0.31
42.906,1,Wall_3mx20cm_Wood_Panels (2),4.40,1.25,-0.31
42.933,1,Wall_3mx20cm_Wood_Panels (2),4.40,1.25,-0.31
42.998,1,Wall_3mx20cm_Wood_Panels (2),4.40,1.25,-0.31
43.019,1,Wall_3mx20cm_Wood_Panels (2),4.39,1.24,-0.31
43.054,1,Wall_3mx20cm_Wood_Panels (2),4.39,1.24,-0.31
43.096,1,Wall_3mx20cm_Wood_Panels (2),4.39,1.24,-0.31
43.118,1,Wall_3mx20cm_Wood_Panels (2),4.38,1.24,-0.31
43.144,1,Wall_3mx20cm_Wood_Panels (2),4.38,1.24,-0.31
43.178,1,Wall_3mx20cm_Wood_Panels (2),4.38,1.24,-0.31
43.207,1,Wall_3mx20cm_Wood_Panels (2),4.38,1.23,-0.31
43.254,1,Wall_3mx20cm_Wood_Panels (2),4.40,1.24,-0.31
43.284,1,Wall_3mx20cm_Wood_Panels (2),4.40,1.23,-0.31
43.310,1,Wall_3mx20cm_Wood_Panels (2),4.41,1.23,-0.31
43.339,1,Wall_3mx20cm_Wood_Panels (2),4.40,1.23,-0.31
43.393,1,Wall_3mx20cm_Wood_Panels (2),4.39,1.24,-0.31
43.421,1,Wall_3mx20cm_Wood_Panels (2),4.39,1.24,-0.31
43.449,1,Wall_3mx20cm_Wood_Panels (2),4.38,1.24,-0.31
43.476,1,Wall_3mx20cm_Wood_Panels (2),4.37,1.24,-0.31
43.504,1,Wall_3mx20cm_Wood_Panels (2),4.36,1.24,-0.31
43.561,1,Wall_3mx20cm_Wood_Panels (2),4.29,1.27,-0.31
43.588,1,Wall_3mx20cm_Wood_Panels (2),4.21,1.30,-0.31
43.616,1,Wall_3mx20cm_Wood_Panels (2),4.12,1.34,-0.31
43.645,1,Wall_3mx20cm_Wood_Panels (2),3.99,1.39,-0.31
43.673,1,Wall_3mx20cm_Wood_Panels (2),3.82,1.46,-0.31
43.701,1,Wall_3mx20cm_Wood_Panels (2),3.59,1.56,-0.31
43.768,1,Ceiling_log_3m (22),3.45,1.50,-0.51
43.768,1,Ceiling_log_3m (22),3.45,1.50,-0.51
43.801,1,Ceiling_log_3m (22),3.36,1.50,-0.60
43.855,1,Ceiling_3x3m (7),2.79,1.70,-0.68
43.881,1,Ceiling_3x3m (7),2.66,1.70,-0.75
43.910,1,Ceiling_3x3m (7),2.55,1.70,-0.82
43.938,1,Ceiling_log_3m (21),2.46,1.67,-0.91
43.994,1,Ceiling_log_3m (21),2.42,1.50,-1.08
44.022,1,Ceiling_3x3m (7),1.88,1.70,-1.07
44.048,1,Ceiling_3x3m (6),1.72,1.70,-1.13
44.076,1,Ceiling_3x3m (6),1.55,1.70,-1.18
44.104,1,Ceiling_log_3m (20),1.52,1.64,-1.24
44.160,1,Ceiling_log_3m (20),1.52,1.56,-1.31
44.188,1,Ceiling_log_3m (20),1.52,1.52,-1.32
44.216,1,Ceiling_log_3m (20),1.47,1.50,-1.32
44.244,1,Ceiling_log_3m (20),1.43,1.50,-1.33
44.270,1,Wall_3mx20cm_Conference_Door,1.41,1.48,-1.33
44.327,1,Wall_3mx20cm_Conference_Door,1.41,1.38,-1.34
44.354,1,Wall_3mx20cm_Conference_Door,1.41,1.33,-1.35
44.383,1,Wall_3mx20cm_Conference_Door,1.41,1.27,-1.36
44.410,1,Wall_3mx20cm_Conference_Door,1.41,1.19,-1.37
44.439,1,Wall_3mx20cm_Conference_Door,1.41,1.10,-1.39
44.467,1,Wall_3mx20cm_Conference_Door,1.41,0.97,-1.40
44.522,1,Wall_3mx20cm_Conference_Door,1.41,0.67,-1.42
44.549,1,Wall_3mx20cm_Conference_Door,1.41,0.55,-1.43
44.578,1,Wall_3mx20cm_Conference_Door,1.41,0.46,-1.43
44.606,1,Wall_3mx20cm_Conference_Door,1.41,0.40,-1.44
44.634,1,Wall_3mx20cm_Conference_Door,1.41,0.34,-1.45
44.691,1,Wall_3mx20cm_Conference_Door,1.41,0.28,-1.48
44.718,1,Wall_3mx20cm_Conference_Door,1.41,0.28,-1.50
44.745,1,Wall_3mx20cm_Conference_Door,1.41,0.27,-1.51
44.772,1,Wall_3mx20cm_Conference_Door,1.41,0.26,-1.53
44.801,1,Wall_3mx20cm_Conference_Door,1.41,0.26,-1.54
44.856,1,Wall_3mx20cm_Conference_Door,1.41,0.26,-1.56
44.884,1,Wall_3mx20cm_Conference_Door,1.41,0.26,-1.56
44.914,1,Wall_3mx20cm_Conference_Door,1.41,0.29,-1.54
44.940,1,Wall_3mx20cm_Conference_Door,1.41,0.33,-1.53
44.968,1,Wall_3mx20cm_Conference_Door,1.41,0.36,-1.52
45.023,1,Wall_3mx20cm_Conference_Door,1.41,0.40,-1.48
45.049,1,Wall_3mx20cm_Conference_Door,1.41,0.41,-1.46
45.078,1,Wall_3mx20cm_Conference_Door,1.41,0.41,-1.45
45.106,1,Wall_3mx20cm_Conference_Door,1.41,0.39,-1.44
45.135,1,Wall_3mx20cm_Conference_Door,1.41,0.38,-1.44
45.190,1,Wall_3mx20cm_Conference_Door,1.41,0.40,-1.46
45.219,1,Wall_3mx20cm_Conference_Door,1.41,0.41,-1.46
45.246,1,Wall_3mx20cm_Conference_Door,1.41,0.44,-1.47
45.273,1,Wall_3mx20cm_Conference_Door,1.41,0.45,-1.48
45.301,1,Wall_3mx20cm_Conference_Door,1.41,0.45,-1.48
45.358,1,Wall_3mx20cm_Conference_Door,1.41,0.45,-1.48
45.384,1,Wall_3mx20cm_Conference_Door,1.41,0.45,-1.48
45.412,1,Wall_3mx20cm_Conference_Door,1.41,0.45,-1.48
45.440,1,Wall_3mx20cm_Conference_Door,1.41,0.44,-1.48
45.467,1,Wall_3mx20cm_Conference_Door,1.41,0.44,-1.48
45.524,1,Wall_3mx20cm_Conference_Door,1.41,0.45,-1.48
45.551,1,Wall_3mx20cm_Conference_Door,1.41,0.44,-1.48
45.581,1,Wall_3mx20cm_Conference_Door,1.41,0.44,-1.48
45.607,1,Wall_3mx20cm_Conference_Door,1.41,0.43,-1.48
45.635,1,Wall_3mx20cm_Conference_Door,1.41,0.42,-1.47
45.691,1,Wall_3mx20cm_Conference_Door,1.41,0.42,-1.48
45.720,1,Wall_3mx20cm_Conference_Door,1.41,0.45,-1.47
45.746,1,Wall_3mx20cm_Conference_Door,1.41,0.46,-1.47
45.775,1,Wall_3mx20cm_Conference_Door,1.41,0.44,-1.48
45.804,1,Wall_3mx20cm_Conference_Door,1.41,0.42,-1.48
45.858,1,Wall_3mx20cm_Conference_Door,1.41,0.43,-1.47
45.887,1,Wall_3mx20cm_Conference_Door,1.41,0.42,-1.48
45.916,1,Wall_3mx20cm_Conference_Door,1.41,0.43,-1.48
45.944,1,Wall_3mx20cm_Conference_Door,1.41,0.44,-1.49
45.970,1,Wall_3mx20cm_Conference_Door,1.41,0.43,-1.49
46.025,1,Wall_3mx20cm_Conference_Door,1.41,0.46,-1.49
46.052,1,Wall_3mx20cm_Conference_Door,1.41,0.46,-1.49
46.081,1,Wall_3mx20cm_Conference_Door,1.41,0.42,-1.49
46.108,1,Wall_3mx20cm_Conference_Door,1.41,0.44,-1.49
46.137,1,Wall_3mx20cm_Conference_Door,1.41,0.44,-1.49
46.191,1,Wall_3mx20cm_Conference_Door,1.41,0.43,-1.50
46.221,1,Wall_3mx20cm_Conference_Door,1.41,0.44,-1.52
46.248,1,Wall_3mx20cm_Conference_Door,1.41,0.46,-1.54
46.275,1,Wall_3mx20cm_Conference_Door,1.41,0.48,-1.55
46.303,1,Wall_3mx20cm_Conference_Door,1.41,0.49,-1.57
46.359,1,Wall_3mx20cm_Conference_Door,1.41,0.52,-1.61
46.387,1,Wall_3mx20cm_Conference_Door,1.41,0.55,-1.63
46.416,1,Wall_3mx20cm_Conference_Door,1.41,0.57,-1.64
46.443,1,Wall_3mx20cm_Conference_Door,1.41,0.57,-1.65
46.472,1,Wall_3mx20cm_Conference_Door,1.41,0.58,-1.66
46.526,1,Wall_3mx20cm_Conference_Door,1.41,0.50,-1.67
46.555,1,Wall_3mx20cm_Conference_Door,1.41,0.49,-1.67
46.582,1,Wall_3mx20cm_Conference_Door,1.41,0.49,-1.66
46.609,1,Wall_3mx20cm_Conference_Door,1.41,0.49,-1.65
46.638,1,Wall_3mx20cm_Conference_Door,1.41,0.51,-1.65
46.694,1,Wall_3mx20cm_Conference_Door,1.41,0.49,-1.64
46.722,1,Wall_3mx20cm_Conference_Door,1.41,0.48,-1.64
46.750,1,Wall_3mx20cm_Conference_Door,1.41,0.47,-1.64
46.777,1,Wall_3mx20cm_Conference_Door,1.41,0.45,-1.64
46.805,1,Wall_3mx20cm_Conference_Door,1.41,0.45,-1.64
46.862,1,Wall_3mx20cm_Conference_Door,1.41,0.44,-1.65
46.890,1,Wall_3mx20cm_Conference_Door,1.41,0.45,-1.66
46.919,1,Wall_3mx20cm_Conference_Door,1.41,0.51,-1.66
46.944,1,Wall_3mx20cm_Conference_Door,1.41,0.55,-1.66
46.972,1,Wall_3mx20cm_Conference_Door,1.41,0.56,-1.66
47.001,1,Wall_3mx20cm_Conference_Door,1.41,0.53,-1.67
47.055,1,Wall_3mx20cm_Conference_Door,1.41,0.49,-1.69
47.083,1,Wall_3mx20cm_Conference_Door,1.41,0.47,-1.69
47.111,1,Wall_3mx20cm_Conference_Door,1.41,0.45,-1.70
47.141,1,Wall_3mx20cm_Conference_Door,1.41,0.45,-1.72
47.167,1,Timer,1.47,0.45,-1.73
47.222,1,Timer,1.47,0.45,-1.74
47.250,1,Timer,1.47,0.46,-1.74
47.278,1,Timer,1.47,0.47,-1.74
47.306,1,Timer,1.47,0.50,-1.74
47.334,1,Timer,1.47,0.50,-1.74
47.390,1,Wall_3mx20cm_Conference_Door,1.41,0.50,-1.72
47.418,1,Wall_3mx20cm_Conference_Door,1.41,0.51,-1.71
47.445,1,Wall_3mx20cm_Conference_Door,1.41,0.53,-1.71
47.473,1,Timer,1.47,0.53,-1.72
47.502,1,Timer,1.47,0.54,-1.73
47.557,1,Timer,1.47,0.59,-1.74
47.587,1,Timer,1.47,0.60,-1.74
47.613,1,Timer,1.47,0.60,-1.74
47.640,1,Timer,1.47,0.58,-1.74
47.668,1,Timer,1.47,0.57,-1.76
47.724,1,Timer,1.47,0.57,-1.78
47.752,1,Timer,1.47,0.60,-1.79
47.779,1,Timer,1.47,0.60,-1.79
47.808,1,Timer,1.47,0.59,-1.80
47.835,1,Timer,1.47,0.61,-1.80
47.891,1,Timer,1.47,0.64,-1.80
47.917,1,Timer,1.47,0.66,-1.80
47.946,1,Timer,1.47,0.68,-1.80
47.974,1,Timer,1.47,0.68,-1.79
48.002,1,Timer,1.47,0.68,-1.79
48.057,1,Timer,1.47,0.72,-1.80
48.086,1,Timer,1.47,0.72,-1.79
48.113,1,Timer,1.47,0.71,-1.80
48.142,1,Timer,1.47,0.70,-1.81
48.169,1,Timer,1.47,0.69,-1.81
48.224,1,Timer,1.47,0.66,-1.81
48.251,1,Timer,1.47,0.65,-1.82
48.278,1,Timer,1.47,0.65,-1.83
48.306,1,Timer,1.47,0.63,-1.85
48.335,1,Timer,1.47,0.61,-1.87
48.394,1,Timer,1.47,0.59,-1.91
48.423,1,Timer,1.47,0.62,-1.93
48.451,1,Timer,1.47,0.67,-1.94
48.480,1,Timer,1.47,0.75,-1.96
48.506,1,Timer,1.47,0.81,-1.96
48.533,1,Timer,1.47,0.83,-1.96
48.589,1,Timer,1.47,0.80,-1.93
48.616,1,Timer,1.47,0.77,-1.91
48.646,1,Timer,1.47,0.73,-1.88
48.691,1,Timer,1.47,0.68,-1.81
48.715,1,Timer,1.47,0.64,-1.72
48.739,1,Wall_3mx20cm_Conference_Door,1.41,0.59,-1.54
48.766,1,Wall_3mx20cm_Conference_Door,1.41,0.58,-1.34
48.823,1,Wall_3mx20cm_Door (1),1.41,0.51,-0.83
48.850,1,Wall_3mx20cm_Door (1),1.41,0.47,-0.60
48.880,1,Wall_3mx20cm_Door (1),1.41,0.42,-0.38
48.907,1,Wall_3mx20cm_Wood_Panels (2),1.77,0.30,-0.31
48.935,1,Wall_3mx20cm_Wood_Panels (2),2.15,0.16,-0.31
48.990,1,Wall_3mx20cm_Wood_Panels (2),2.54,-0.08,-0.31
49.019,1,Wall_3mx20cm_Wood_Panels (2),2.62,-0.21,-0.31
49.047,1,Wall_3mx20cm_Wood_Panels (2),2.69,-0.34,-0.31
49.073,1,Wall_3mx20cm_Wood_Panels (2),2.75,-0.48,-0.31
49.103,1,Wall_3mx20cm_Wood_Panels (2),2.79,-0.61,-0.31
49.156,1,Wall_3mx20cm_Wood_Panels (2),2.87,-0.77,-0.31
49.183,1,Wall_3mx20cm_Wood_Panels (2),2.92,-0.85,-0.31
49.212,1,Auto Hand Player,6.43,-0.70,-1.76
49.241,1,Wall_3mx20cm_Wood_Panels (2),3.03,-1.00,-0.31
49.268,1,Wall_3mx20cm_Wood_Panels (2),3.08,-1.06,-0.31
49.324,1,Auto Hand Player,6.40,-0.71,-1.74
49.353,1,Wall_3mx20cm_Wood_Panels (2),3.11,-1.24,-0.31
49.380,1,Auto Hand Player,6.39,-0.72,-1.74
49.407,1,Auto Hand Player,6.38,-0.72,-1.73
49.435,1,Auto Hand Player,6.38,-0.72,-1.73
49.492,1,Auto Hand Player,6.37,-0.72,-1.72
49.520,1,Wall_3mx20cm_Wood_Panels (2),3.18,-1.31,-0.31
49.547,1,Auto Hand Player,6.37,-0.72,-1.72
49.576,1,Auto Hand Player,6.36,-0.72,-1.72
49.603,1,Auto Hand Player,6.36,-0.72,-1.71
49.659,1,Auto Hand Player,6.35,-0.72,-1.71
49.687,1,Wall_3mx20cm_Wood_Panels (2),2.99,-1.33,-0.31
49.715,1,Auto Hand Player,6.34,-0.73,-1.71
49.743,1,Wall_3mx20cm_Wood_Panels (2),2.88,-1.36,-0.31
49.771,1,Auto Hand Player,6.33,-0.73,-1.70
49.800,1,Auto Hand Player,6.33,-0.73,-1.70
49.853,1,Wall_3mx20cm_Wood_Panels (2),2.85,-1.35,-0.31
49.882,1,Auto Hand Player,6.31,-0.73,-1.70
49.910,1,Wall_3mx20cm_Wood_Panels (2),2.87,-1.37,-0.31
49.938,1,Auto Hand Player,6.30,-0.73,-1.69
49.993,1,Auto Hand Player,6.30,-0.74,-1.69
50.024,1,Auto Hand Player,6.29,-0.74,-1.69
50.048,1,Wall_3mx20cm_Wood_Panels (2),2.90,-1.50,-0.31
50.076,1,Auto Hand Player,6.29,-0.74,-1.69
50.105,1,Auto Hand Player,6.29,-0.74,-1.69
50.160,1,Auto Hand Player,6.29,-0.74,-1.69
50.188,1,Auto Hand Player,6.28,-0.74,-1.69
50.215,1,Auto Hand Player,6.28,-0.74,-1.69
50.245,1,Auto Hand Player,6.28,-0.74,-1.69
50.271,1,Auto Hand Player,6.28,-0.74,-1.69
50.328,1,Auto Hand Player,6.28,-0.74,-1.69
50.355,1,Auto Hand Player,6.28,-0.74,-1.69
50.384,1,Auto Hand Player,6.29,-0.74,-1.70
50.410,1,Auto Hand Player,6.29,-0.74,-1.70
50.440,1,Auto Hand Player,6.29,-0.74,-1.70
50.469,1,Auto Hand Player,6.29,-0.74,-1.70
50.523,1,Auto Hand Player,6.30,-0.73,-1.70
50.550,1,Wall_3mx20cm_Wood_Panels (2),2.57,-1.54,-0.31
50.578,1,Auto Hand Player,6.30,-0.73,-1.71
50.605,1,Wall_3mx20cm_Wood_Panels (2),2.44,-1.44,-0.31
50.634,1,Auto Hand Player,6.31,-0.72,-1.72
50.691,1,Auto Hand Player,6.32,-0.71,-1.73
50.718,1,Wall_3mx20cm_Door (1),1.41,-1.11,-0.41
50.745,1,Auto Hand Player,6.33,-0.70,-1.73
50.772,1,Wall_3mx20cm_Door (1),1.41,-0.90,-0.64
50.801,1,Wall_3mx20cm_Door (1),1.41,-0.85,-0.72
50.856,1,Wall_3mx20cm_Door (1),1.41,-0.80,-0.80
50.885,1,Wall_3mx20cm_Door (1),1.41,-0.77,-0.81
50.913,1,Auto Hand Player,6.38,-0.69,-1.75
50.941,1,Wall_3mx20cm_Door (1),1.41,-0.70,-0.80
50.968,1,Wall_3mx20cm_Door (1),1.41,-0.64,-0.80
51.023,1,Wall_3mx20cm_Door (1),1.41,-0.51,-0.80
51.051,1,Wall_3mx20cm_Door (1),1.41,-0.48,-0.79
51.080,1,Wall_3mx20cm_Door (1),1.41,-0.43,-0.80
51.108,1,Wall_3mx20cm_Door (1),1.41,-0.37,-0.81
51.138,1,Wall_3mx20cm_Door (1),1.41,-0.30,-0.82
51.191,1,Wall_3mx20cm_Door (1),1.41,-0.14,-0.89
51.219,1,Wall_3mx20cm_Door (1),1.41,-0.08,-0.93
51.247,1,Wall_3mx20cm_Door (1),1.41,-0.03,-0.98
51.274,1,Wall_3mx20cm_Door (1),1.41,0.03,-1.03
51.302,1,Wall_3mx20cm_Door (1),1.41,0.10,-1.09
51.360,1,Wall_3mx20cm_Conference_Door,1.41,0.20,-1.20
51.385,1,Wall_3mx20cm_Conference_Door,1.41,0.25,-1.26
51.413,1,Wall_3mx20cm_Conference_Door,1.41,0.32,-1.34
51.441,1,Wall_3mx20cm_Conference_Door,1.41,0.39,-1.41
51.469,1,Wall_3mx20cm_Conference_Door,1.41,0.45,-1.48
51.524,1,Wall_3mx20cm_Conference_Door,1.41,0.52,-1.63
51.552,1,Wall_3mx20cm_Conference_Door,1.41,0.52,-1.70
51.582,1,Timer,1.47,0.51,-1.77
51.608,1,Timer,1.47,0.52,-1.84
51.636,1,Timer,1.47,0.56,-1.92
51.692,1,Timer,1.47,0.63,-2.05
51.720,1,Timer,1.47,0.64,-2.10
51.748,1,Timer,1.47,0.63,-2.14
51.776,1,Timer,1.47,0.63,-2.19
51.804,1,Timer,1.47,0.64,-2.23
51.859,1,Timer,1.47,0.68,-2.31
51.887,1,Timer,1.47,0.70,-2.35
51.914,1,Timer,1.47,0.71,-2.40
51.943,1,Timer,1.47,0.72,-2.44
51.970,1,Timer,1.47,0.75,-2.47
52.028,1,Timer,1.47,0.80,-2.52
52.054,1,Timer,1.47,0.82,-2.53
52.082,1,Timer,1.47,0.84,-2.54
52.109,1,Timer,1.47,0.84,-2.55
52.139,1,Timer,1.47,0.86,-2.56
52.167,1,Timer,1.47,0.86,-2.59
52.222,1,Timer,1.47,0.83,-2.63
52.251,1,Timer,1.47,0.82,-2.65
52.278,1,Timer,1.47,0.81,-2.66
52.305,1,Timer,1.47,0.80,-2.67
52.333,1,Timer,1.47,0.79,-2.68
52.388,1,Timer,1.47,0.80,-2.70
52.415,1,Timer,1.47,0.81,-2.71
52.445,1,Timer,1.47,0.81,-2.73
52.473,1,Timer,1.47,0.81,-2.73
52.500,1,Timer,1.47,0.81,-2.74
52.555,1,Timer,1.47,0.82,-2.75
52.584,1,Timer,1.47,0.85,-2.75
52.611,1,Timer,1.47,0.87,-2.75
52.638,1,Timer,1.47,0.88,-2.75
52.666,1,Timer,1.47,0.87,-2.74
52.723,1,Timer,1.47,0.81,-2.70
52.750,1,Timer,1.47,0.76,-2.70
52.778,1,Timer,1.47,0.72,-2.70
52.805,1,Timer,1.47,0.69,-2.69
52.833,1,Timer,1.47,0.68,-2.68
52.890,1,Timer,1.47,0.67,-2.68
52.919,1,Timer,1.47,0.66,-2.70
52.945,1,Timer,1.47,0.65,-2.72
52.972,1,Timer,1.47,0.66,-2.73
53.001,1,Timer,1.47,0.66,-2.74
53.055,1,Timer,1.47,0.66,-2.75
53.084,1,Timer,1.47,0.64,-2.74
53.113,1,Timer,1.47,0.63,-2.73
53.141,1,Timer,1.47,0.60,-2.71
53.168,1,Timer,1.47,0.55,-2.70
53.223,1,Timer,1.47,0.52,-2.68
53.250,1,Timer,1.47,0.52,-2.68
53.280,1,Timer,1.47,0.54,-2.69
53.307,1,Timer,1.47,0.55,-2.71
53.334,1,Timer,1.47,0.55,-2.72
53.390,1,Timer,1.47,0.55,-2.76
53.419,1,Timer,1.47,0.56,-2.78
53.446,1,Timer,1.47,0.56,-2.79
53.475,1,Timer,1.47,0.57,-2.80
53.502,1,Timer,1.47,0.57,-2.81
53.558,1,Timer,1.47,0.54,-2.82
53.587,1,Timer,1.47,0.52,-2.83
53.613,1,Timer,1.47,0.51,-2.82
53.642,1,Timer,1.47,0.49,-2.81
53.670,1,Timer,1.47,0.45,-2.80
53.725,1,Timer,1.47,0.40,-2.79
53.752,1,Timer,1.47,0.39,-2.79
53.781,1,Timer,1.47,0.40,-2.78
53.810,1,Timer,1.47,0.42,-2.78
53.836,1,Timer,1.47,0.42,-2.78
53.892,1,Timer,1.47,0.43,-2.79
53.919,1,Timer,1.47,0.45,-2.80
53.947,1,Timer,1.47,0.47,-2.81
53.976,1,Timer,1.47,0.49,-2.82
54.004,1,Timer,1.47,0.48,-2.82
54.059,1,Timer,1.47,0.48,-2.81
54.086,1,Timer,1.47,0.46,-2.80
54.114,1,Timer,1.47,0.45,-2.78
54.143,1,Timer,1.47,0.43,-2.75
54.169,1,Timer,1.47,0.42,-2.74
54.225,1,Timer,1.47,0.42,-2.71
54.255,1,Timer,1.47,0.43,-2.70
54.282,1,Timer,1.47,0.45,-2.69
54.308,1,Timer,1.47,0.47,-2.69
54.337,1,Timer,1.47,0.48,-2.70
54.393,1,Timer,1.47,0.51,-2.72
54.421,1,Timer,1.47,0.52,-2.73
54.449,1,Timer,1.47,0.55,-2.74
54.479,1,Timer,1.47,0.56,-2.74
54.504,1,Timer,1.47,0.54,-2.74
54.560,1,Timer,1.47,0.51,-2.71
54.587,1,Timer,1.47,0.49,-2.70
54.616,1,Timer,1.47,0.48,-2.69
54.645,1,Timer,1.47,0.47,-2.67
54.673,1,Timer,1.47,0.47,-2.65
54.704,1,Timer,1.47,0.45,-2.65
54.756,1,Timer,1.47,0.45,-2.63
54.784,1,Timer,1.47,0.44,-2.63
54.811,1,Timer,1.47,0.45,-2.63
54.839,1,Timer,1.47,0.47,-2.63
54.868,1,Timer,1.47,0.47,-2.65
54.925,1,Timer,1.47,0.48,-2.67
54.951,1,Timer,1.47,0.50,-2.68
54.979,1,Timer,1.47,0.52,-2.69
55.005,1,Timer,1.47,0.52,-2.70
55.060,1,Timer,1.47,0.53,-2.70
55.087,1,Timer,1.47,0.53,-2.70
55.115,1,Timer,1.47,0.52,-2.69
55.147,1,Timer,1.47,0.50,-2.69
55.172,1,Timer,1.47,0.49,-2.70
55.200,1,Timer,1.47,0.49,-2.70
55.254,1,Timer,1.47,0.49,-2.71
55.283,1,Timer,1.47,0.49,-2.70
55.311,1,Timer,1.47,0.48,-2.69
55.340,1,Timer,1.47,0.46,-2.69
55.367,1,Timer,1.47,0.44,-2.69
55.421,1,Timer,1.47,0.43,-2.69
55.448,1,Timer,1.47,0.43,-2.69
55.476,1,Timer,1.47,0.45,-2.69
55.505,1,Timer,1.47,0.46,-2.70
55.561,1,Timer,1.47,0.49,-2.71
55.590,1,Timer,1.47,0.51,-2.71
55.616,1,Timer,1.47,0.52,-2.72
55.644,1,Timer,1.47,0.52,-2.72
55.672,1,Timer,1.47,0.52,-2.72
55.700,1,Timer,1.47,0.51,-2.72
55.756,1,Timer,1.47,0.50,-2.69
55.784,1,Timer,1.47,0.49,-2.68
55.813,1,Timer,1.47,0.46,-2.67
55.840,1,Timer,1.47,0.43,-2.67
55.867,1,Timer,1.47,0.42,-2.68
55.925,1,Timer,1.47,0.44,-2.70
55.951,1,Timer,1.47,0.46,-2.71
55.979,1,Timer,1.47,0.49,-2.73
56.007,1,Timer,1.47,0.52,-2.74
56.037,1,Timer,1.47,0.55,-2.75
56.091,1,Timer,1.47,0.61,-2.76
56.119,1,Timer,1.47,0.63,-2.76
56.146,1,Timer,1.47,0.64,-2.74
56.174,1,Timer,1.47,0.65,-2.73
56.203,1,Timer,1.47,0.65,-2.71
56.260,1,Timer,1.47,0.61,-2.69
56.286,1,Timer,1.47,0.58,-2.68
56.314,1,Timer,1.47,0.57,-2.69
56.342,1,Timer,1.47,0.57,-2.69
56.369,1,Timer,1.47,0.58,-2.69
56.425,1,Timer,1.47,0.62,-2.71
56.453,1,Timer,1.47,0.64,-2.71
56.483,1,Timer,1.47,0.66,-2.73
56.509,1,Timer,1.47,0.67,-2.73
56.537,1,Timer,1.47,0.69,-2.74
56.592,1,Timer,1.47,0.73,-2.74
56.620,1,Timer,1.47,0.72,-2.73
56.648,1,Timer,1.47,0.71,-2.73
56.676,1,Timer,1.47,0.70,-2.72
56.705,1,Timer,1.47,0.69,-2.70
56.761,1,Timer,1.47,0.59,-2.67
56.788,1,Timer,1.47,0.55,-2.67
56.815,1,Timer,1.47,0.55,-2.65
56.844,1,Timer,1.47,0.55,-2.62
56.870,1,Timer,1.47,0.53,-2.59
56.900,1,Timer,1.47,0.51,-2.57
56.955,1,Timer,1.47,0.53,-2.57
56.984,1,Timer,1.47,0.54,-2.59
57.009,1,Timer,1.47,0.57,-2.61
57.039,1,Timer,1.47,0.60,-2.63
57.093,1,Timer,1.47,0.68,-2.67
57.122,1,Timer,1.47,0.72,-2.68
57.151,1,Timer,1.47,0.75,-2.69
57.177,1,Timer,1.47,0.76,-2.69
57.206,1,Timer,1.47,0.78,-2.68
57.233,1,Timer,1.47,0.76,-2.67
57.288,1,Timer,1.47,0.72,-2.66
57.316,1,Timer,1.47,0.72,-2.65
57.345,1,Timer,1.47,0.73,-2.65
57.374,1,Timer,1.47,0.74,-2.66
57.400,1,Timer,1.47,0.76,-2.68
57.455,1,Timer,1.47,0.81,-2.73
57.485,1,Timer,1.47,0.83,-2.76
57.512,1,Timer,1.47,0.85,-2.78
57.539,1,Timer,1.47,0.86,-2.80
57.567,1,Timer,1.47,0.87,-2.79
57.623,1,Timer,1.47,0.83,-2.78
57.650,1,Timer,1.47,0.79,-2.75
57.678,1,Timer,1.47,0.74,-2.73
57.706,1,Timer,1.47,0.67,-2.72
57.734,1,Timer,1.47,0.63,-2.71
57.790,1,Timer,1.47,0.64,-2.69
57.819,1,Timer,1.47,0.65,-2.70
57.845,1,Timer,1.47,0.68,-2.70
57.873,1,Timer,1.47,0.70,-2.71
57.902,1,Timer,1.47,0.73,-2.72
57.957,1,Timer,1.47,0.80,-2.75
57.984,1,Timer,1.47,0.82,-2.77
58.013,1,Timer,1.47,0.84,-2.79
58.042,1,Timer,1.47,0.86,-2.80
58.068,1,Timer,1.47,0.86,-2.82
58.124,1,Timer,1.47,0.86,-2.82
58.152,1,Timer,1.47,0.83,-2.81
58.180,1,Timer,1.47,0.80,-2.82
58.208,1,Timer,1.47,0.78,-2.82
58.235,1,Timer,1.47,0.78,-2.83
58.290,1,Timer,1.47,0.79,-2.87
58.317,1,Timer,1.47,0.81,-2.89
58.347,1,Timer,1.47,0.83,-2.91
58.374,1,Timer,1.47,0.84,-2.94
58.402,1,Timer,1.47,0.84,-2.96
58.460,1,Timer,1.47,0.85,-2.98
58.488,1,Timer,1.47,0.85,-2.98
58.514,1,Timer,1.47,0.84,-2.98
58.543,1,Timer,1.47,0.83,-2.97
58.569,1,Timer,1.47,0.80,-2.97
58.625,1,Timer,1.47,0.74,-2.95
58.653,1,Timer,1.47,0.70,-2.94
58.681,1,Timer,1.47,0.66,-2.93
58.709,1,Timer,1.47,0.64,-2.93
58.736,1,Timer,1.47,0.64,-2.93
58.766,1,Timer,1.47,0.64,-2.93
58.819,1,Timer,1.47,0.65,-2.94
58.847,1,Timer,1.47,0.67,-2.94
58.875,1,Timer,1.47,0.68,-2.94
58.904,1,Timer,1.47,0.68,-2.94
58.933,1,Timer,1.47,0.69,-2.94
58.988,1,Timer,1.47,0.68,-2.92
59.016,1,Timer,1.47,0.67,-2.91
59.044,1,Timer,1.47,0.67,-2.90
59.070,1,Timer,1.47,0.65,-2.89
59.125,1,Timer,1.47,0.61,-2.87
59.155,1,Timer,1.47,0.59,-2.85
59.182,1,Timer,1.47,0.57,-2.84
59.210,1,Timer,1.47,0.56,-2.83
59.238,1,Timer,1.47,0.55,-2.83
59.266,1,Timer,1.47,0.56,-2.83
59.321,1,Timer,1.47,0.59,-2.85
59.349,1,Timer,1.47,0.60,-2.86
59.379,1,Timer,1.47,0.60,-2.87
59.405,1,Timer,1.47,0.61,-2.87
59.433,1,Timer,1.47,0.61,-2.86
59.488,1,Timer,1.47,0.59,-2.84
59.516,1,Timer,1.47,0.58,-2.83
59.544,1,Timer,1.47,0.59,-2.83
59.571,1,Timer,1.47,0.60,-2.83
59.602,1,Timer,1.47,0.61,-2.83
59.656,1,Timer,1.47,0.61,-2.85
59.683,1,Timer,1.47,0.61,-2.85
59.711,1,Timer,1.47,0.62,-2.87
59.739,1,Timer,1.47,0.62,-2.88
59.767,1,Timer,1.47,0.64,-2.89
59.824,1,Timer,1.47,0.64,-2.90
59.850,1,Timer,1.47,0.64,-2.90
59.879,1,Timer,1.47,0.65,-2.90
59.906,1,Timer,1.47,0.66,-2.90
59.934,1,Timer,1.47,0.68,-2.91
59.989,1,Timer,1.47,0.69,-2.90
60.017,1,Timer,1.47,0.69,-2.91
60.047,1,Timer,1.47,0.69,-2.92
60.072,1,Timer,1.47,0.70,-2.93
60.101,1,Timer,1.47,0.70,-2.95
60.156,1,Timer,1.47,0.72,-2.97
60.185,1,Timer,1.47,0.72,-2.98
60.212,1,Timer,1.47,0.70,-2.98
60.240,1,Timer,1.47,0.70,-3.00
60.269,1,Timer,1.47,0.70,-3.01
60.324,1,Timer,1.47,0.67,-3.03
60.351,1,Timer,1.47,0.66,-3.04
60.380,1,Timer,1.47,0.66,-3.05
60.408,1,Timer,1.47,0.66,-3.06
60.435,1,Timer,1.47,0.66,-3.07
60.492,1,Timer,1.47,0.66,-3.08
60.520,1,Timer,1.47,0.66,-3.09
60.547,1,Timer,1.47,0.66,-3.10
60.575,1,Timer,1.47,0.67,-3.11
60.602,1,Timer,1.47,0.69,-3.12
60.658,1,Timer,1.47,0.69,-3.12
60.685,1,Timer,1.47,0.69,-3.12
60.714,1,Timer,1.47,0.68,-3.12
60.740,1,Timer,1.47,0.67,-3.12
60.768,1,Timer,1.47,0.67,-3.13
60.825,1,Timer,1.47,0.67,-3.15
60.853,1,Timer,1.47,0.67,-3.17
60.882,1,Timer,1.47,0.68,-3.18
60.908,1,Timer,1.47,0.69,-3.20
60.939,1,Timer,1.47,0.68,-3.20
60.991,1,Timer,1.47,0.66,-3.21
61.019,1,Timer,1.47,0.66,-3.21
61.045,1,Timer,1.47,0.67,-3.21
61.074,1,Timer,1.47,0.67,-3.20
61.102,1,Timer,1.47,0.68,-3.20
61.160,1,Timer,1.47,0.70,-3.19
61.186,1,Timer,1.47,0.72,-3.19
61.214,1,Timer,1.47,0.72,-3.18
61.242,1,Timer,1.47,0.73,-3.17
61.271,1,Timer,1.47,0.73,-3.17
61.325,1,Timer,1.47,0.73,-3.16
61.355,1,Timer,1.47,0.73,-3.17
61.383,1,Timer,1.47,0.74,-3.17
61.408,1,Timer,1.47,0.74,-3.18
61.436,1,Timer,1.47,0.74,-3.17
61.492,1,Timer,1.47,0.73,-3.17
61.520,1,Timer,1.47,0.72,-3.16
61.547,1,Timer,1.47,0.71,-3.14
61.575,1,Timer,1.47,0.70,-3.12
61.605,1,Timer,1.47,0.71,-3.11
61.660,1,Timer,1.47,0.73,-3.10
61.688,1,Timer,1.47,0.75,-3.10
61.715,1,Timer,1.47,0.75,-3.10
61.743,1,Timer,1.47,0.75,-3.09
61.771,1,Timer,1.47,0.75,-3.09
61.828,1,Timer,1.47,0.74,-3.08
61.854,1,Timer,1.47,0.74,-3.08
61.883,1,Timer,1.47,0.75,-3.08
61.910,1,Timer,1.47,0.76,-3.09
61.938,1,Timer,1.47,0.77,-3.09
61.994,1,Timer,1.47,0.74,-3.11
62.022,1,Timer,1.47,0.71,-3.10
62.052,1,Timer,1.47,0.69,-3.08
62.077,1,Timer,1.47,0.67,-3.07
62.105,1,Timer,1.47,0.67,-3.07
62.161,1,Timer,1.47,0.71,-3.07
62.188,1,Timer,1.47,0.73,-3.07
62.216,1,Timer,1.47,0.74,-3.08
62.247,1,Timer,1.47,0.76,-3.08
62.273,1,Timer,1.47,0.77,-3.09
62.300,1,Timer,1.47,0.78,-3.09
62.355,1,Timer,1.47,0.80,-3.11
62.384,1,Timer,1.47,0.81,-3.12
62.411,1,Timer,1.47,0.81,-3.13
62.439,1,Timer,1.47,0.81,-3.14
62.466,1,Timer,1.47,0.80,-3.15
62.522,1,Timer,1.47,0.79,-3.17
62.550,1,Timer,1.47,0.79,-3.18
62.578,1,Timer,1.47,0.78,-3.20
62.606,1,Timer,1.47,0.78,-3.21
62.634,1,Timer,1.47,0.79,-3.21
62.691,1,Timer,1.47,0.78,-3.22
62.720,1,Timer,1.47,0.78,-3.22
62.745,1,Timer,1.47,0.79,-3.22
62.773,1,Timer,1.47,0.79,-3.21
62.802,1,Timer,1.47,0.79,-3.21
62.858,1,Timer,1.47,0.78,-3.22
62.885,1,Timer,1.47,0.79,-3.23
62.913,1,Timer,1.47,0.79,-3.23
62.942,1,Timer,1.47,0.77,-3.23
62.968,1,Timer,1.47,0.76,-3.23
63.025,1,Timer,1.47,0.74,-3.23
63.052,1,Timer,1.47,0.76,-3.23
63.081,1,Timer,1.47,0.76,-3.24
63.106,1,Timer,1.47,0.78,-3.26
63.134,1,Timer,1.47,0.80,-3.28
63.189,1,Timer,1.47,0.80,-3.30
63.216,1,Timer,1.47,0.80,-3.31
63.245,1,Timer,1.47,0.81,-3.30
63.273,1,Timer,1.47,0.78,-3.29
63.302,1,Timer,1.47,0.73,-3.28
63.358,1,Timer,1.47,0.70,-3.29
63.385,1,Timer,1.47,0.70,-3.30
63.413,1,Timer,1.47,0.71,-3.32
63.441,1,Timer,1.47,0.72,-3.34
63.468,1,Timer,1.47,0.73,-3.36
63.524,1,Timer,1.47,0.74,-3.39
63.552,1,Timer,1.47,0.74,-3.39
63.580,1,Timer,1.47,0.73,-3.39
63.610,1,Timer,1.47,0.70,-3.38
63.635,1,Timer,1.47,0.67,-3.38
63.691,1,Timer,1.47,0.70,-3.37
63.720,1,Timer,1.47,0.71,-3.36
63.747,1,Timer,1.47,0.72,-3.35
63.775,1,Timer,1.47,0.73,-3.35
63.803,1,Timer,1.47,0.72,-3.34
63.859,1,Timer,1.47,0.70,-3.34
63.886,1,Timer,1.47,0.69,-3.33
63.914,1,Timer,1.47,0.68,-3.32
63.942,1,Timer,1.47,0.69,-3.31
63.970,1,Timer,1.47,0.71,-3.31
64.026,1,Timer,1.47,0.77,-3.32
64.054,1,Timer,1.47,0.79,-3.33
64.082,1,Timer,1.47,0.80,-3.33
64.109,1,Timer,1.47,0.81,-3.33
64.137,1,Timer,1.47,0.83,-3.33
64.193,1,Timer,1.47,0.83,-3.32
64.221,1,Timer,1.47,0.83,-3.31
64.248,1,Timer,1.47,0.85,-3.31
64.278,1,Timer,1.47,0.85,-3.31
64.304,1,Timer,1.47,0.84,-3.30
64.333,1,Timer,1.47,0.83,-3.30
64.388,1,Timer,1.47,0.86,-3.30
64.415,1,Timer,1.47,0.85,-3.30
64.445,1,Timer,1.47,0.86,-3.30
64.472,1,Timer,1.47,0.85,-3.29
64.501,1,Timer,1.47,0.84,-3.28
64.556,1,Timer,1.47,0.85,-3.26
64.585,1,Timer,1.47,0.86,-3.25
64.612,1,Timer,1.47,0.89,-3.25
64.640,1,Timer,1.47,0.91,-3.24
64.667,1,Timer,1.47,0.92,-3.22
64.724,1,Timer,1.47,0.90,-3.17
64.753,1,Timer,1.47,0.86,-3.13
64.779,1,Timer,1.47,0.83,-3.08
64.807,1,Timer,1.47,0.81,-3.03
64.835,1,Timer,1.47,0.81,-2.98
64.888,1,Timer,1.47,0.85,-2.92
64.916,1,Timer,1.47,0.86,-2.91
64.945,1,Timer,1.47,0.88,-2.90
64.971,1,Timer,1.47,0.89,-2.89
65.027,1,Timer,1.47,0.92,-2.88
65.055,1,Timer,1.47,0.93,-2.88
65.083,1,Timer,1.47,0.94,-2.89
65.110,1,Timer,1.47,0.94,-2.89
65.139,1,Timer,1.47,0.93,-2.89
65.167,1,Timer,1.47,0.92,-2.89
65.222,1,Timer,1.47,0.92,-2.88
65.250,1,Timer,1.47,0.91,-2.88
65.278,1,Timer,1.47,0.89,-2.87
65.306,1,Timer,1.47,0.88,-2.87
65.334,1,Timer,1.47,0.87,-2.87
65.392,1,Timer,1.47,0.82,-2.87
65.419,1,Timer,1.47,0.81,-2.87
65.446,1,Timer,1.47,0.82,-2.88
65.475,1,Timer,1.47,0.83,-2.88
65.503,1,Timer,1.47,0.84,-2.89
65.558,1,Timer,1.47,0.85,-2.90
65.587,1,Timer,1.47,0.86,-2.91
65.615,1,Timer,1.47,0.87,-2.92
65.642,1,Timer,1.47,0.87,-2.92
65.668,1,Timer,1.47,0.88,-2.93
65.724,1,Timer,1.47,0.89,-2.94
65.752,1,Timer,1.47,0.88,-2.95
65.780,1,Timer,1.47,0.89,-2.95
65.807,1,Timer,1.47,0.89,-2.96
65.835,1,Timer,1.47,0.89,-2.95
65.890,1,Timer,1.47,0.89,-2.93
65.918,1,Timer,1.47,0.89,-2.92
65.946,1,Timer,1.47,0.88,-2.91
65.975,1,Timer,1.47,0.90,-2.90
66.003,1,Timer,1.47,0.91,-2.90
66.060,1,Timer,1.47,0.92,-2.90
66.086,1,Timer,1.47,0.93,-2.90
66.115,1,Timer,1.47,0.92,-2.90
66.143,1,Timer,1.47,0.92,-2.90
66.171,1,Timer,1.47,0.93,-2.90
66.200,1,Timer,1.47,0.97,-2.89
66.255,1,Timer,1.47,1.00,-2.88
66.284,1,Timer,1.47,1.03,-2.87
66.309,1,Timer,1.47,1.07,-2.87
66.336,1,Wall_3mx20cm_Conference_Door,1.41,1.11,-2.86
66.368,1,Wall_3mx20cm_Conference_Door,1.41,1.12,-2.85
66.419,1,Wall_3mx20cm_Conference_Door,1.41,1.13,-2.82
66.447,1,Wall_3mx20cm_Conference_Door,1.41,1.12,-2.81
66.476,1,Wall_3mx20cm_Conference_Door,1.41,1.10,-2.82
66.505,1,Wall_3mx20cm_Conference_Door,1.41,1.11,-2.82
66.560,1,Wall_3mx20cm_Conference_Door,1.41,1.13,-2.83
66.587,1,Wall_3mx20cm_Conference_Door,1.41,1.12,-2.83
66.614,1,Wall_3mx20cm_Conference_Door,1.41,1.13,-2.84
66.643,1,Wall_3mx20cm_Conference_Door,1.41,1.15,-2.84
66.669,1,Wall_3mx20cm_Conference_Door,1.41,1.14,-2.85
66.727,1,Wall_3mx20cm_Conference_Door,1.41,1.14,-2.85
66.754,1,Wall_3mx20cm_Conference_Door,1.41,1.14,-2.86
66.782,1,Wall_3mx20cm_Conference_Door,1.41,1.14,-2.86
66.809,1,Wall_3mx20cm_Conference_Door,1.41,1.12,-2.86
66.837,1,Wall_3mx20cm_Conference_Door,1.41,1.11,-2.86
66.893,1,Timer,1.47,1.04,-2.85
66.921,1,Timer,1.47,1.01,-2.85
66.950,1,Timer,1.47,1.00,-2.85
66.977,1,Timer,1.47,1.00,-2.85
67.005,1,Timer,1.47,1.01,-2.86
67.033,1,Timer,1.47,1.02,-2.86
67.090,1,Timer,1.47,1.03,-2.87
67.117,1,Timer,1.47,1.04,-2.88
67.146,1,Timer,1.47,1.07,-2.89
67.174,1,Wall_3mx20cm_Conference_Door,1.41,1.11,-2.90
67.201,1,Wall_3mx20cm_Conference_Door,1.41,1.11,-2.90
67.255,1,Wall_3mx20cm_Conference_Door,1.41,1.10,-2.91
67.284,1,Wall_3mx20cm_Conference_Door,1.41,1.12,-2.92
67.310,1,Wall_3mx20cm_Conference_Door,1.41,1.12,-2.93
67.340,1,Wall_3mx20cm_Conference_Door,1.41,1.12,-2.95
67.366,1,Wall_3mx20cm_Conference_Door,1.41,1.17,-2.98
67.423,1,Wall_3mx20cm_Conference_Door,1.41,1.18,-3.00
67.450,1,Wall_3mx20cm_Conference_Door,1.41,1.13,-3.01
67.478,1,Timer,1.47,1.07,-3.00
67.506,1,Timer,1.47,1.06,-3.01
67.534,1,Timer,1.47,1.04,-3.01
67.590,1,Timer,1.47,1.03,-3.02
67.619,1,Timer,1.47,1.04,-3.02
67.646,1,Timer,1.47,1.07,-3.02
67.674,1,Wall_3mx20cm_Conference_Door,1.41,1.11,-3.04
67.702,1,Wall_3mx20cm_Conference_Door,1.41,1.12,-3.04
67.758,1,Wall_3mx20cm_Conference_Door,1.41,1.12,-3.04
67.785,1,Wall_3mx20cm_Conference_Door,1.41,1.13,-3.03
67.812,1,Wall_3mx20cm_Conference_Door,1.41,1.16,-3.03
67.843,1,Wall_3mx20cm_Conference_Door,1.41,1.15,-3.01
67.868,1,Wall_3mx20cm_Conference_Door,1.41,1.15,-3.00
67.927,1,Wall_3mx20cm_Conference_Door,1.41,1.18,-2.99
67.952,1,Wall_3mx20cm_Conference_Door,1.41,1.19,-2.98
67.980,1,Wall_3mx20cm_Conference_Door,1.41,1.18,-2.98
68.006,1,Wall_3mx20cm_Conference_Door,1.41,1.16,-2.98
68.033,1,Wall_3mx20cm_Conference_Door,1.41,1.16,-2.98
68.089,1,Wall_3mx20cm_Conference_Door,1.41,1.17,-2.98
68.118,1,Wall_3mx20cm_Conference_Door,1.41,1.17,-2.98
68.145,1,Wall_3mx20cm_Conference_Door,1.41,1.17,-2.98
68.173,1,Wall_3mx20cm_Conference_Door,1.41,1.17,-2.97
68.202,1,Wall_3mx20cm_Conference_Door,1.41,1.16,-2.97
68.257,1,Wall_3mx20cm_Conference_Door,1.41,1.16,-2.96
68.287,1,Wall_3mx20cm_Conference_Door,1.41,1.15,-2.96
68.314,1,Wall_3mx20cm_Conference_Door,1.41,1.12,-2.95
68.341,1,Wall_3mx20cm_Conference_Door,1.41,1.11,-2.95
68.368,1,Wall_3mx20cm_Conference_Door,1.41,1.12,-2.94
68.426,1,Wall_3mx20cm_Conference_Door,1.41,1.14,-2.93
68.451,1,Wall_3mx20cm_Conference_Door,1.41,1.15,-2.93
68.481,1,Wall_3mx20cm_Conference_Door,1.41,1.17,-2.93
68.510,1,Wall_3mx20cm_Conference_Door,1.41,1.16,-2.92
68.536,1,Wall_3mx20cm_Conference_Door,1.41,1.15,-2.91
68.592,1,Wall_3mx20cm_Conference_Door,1.41,1.12,-2.89
68.620,1,Wall_3mx20cm_Conference_Door,1.41,1.12,-2.89
68.647,1,Wall_3mx20cm_Conference_Door,1.41,1.11,-2.88
68.675,1,Wall_3mx20cm_Conference_Door,1.41,1.11,-2.88
68.704,1,Wall_3mx20cm_Conference_Door,1.41,1.13,-2.88
68.758,1,Wall_3mx20cm_Conference_Door,1.41,1.14,-2.86
68.784,1,Wall_3mx20cm_Conference_Door,1.41,1.13,-2.85
68.813,1,Wall_3mx20cm_Conference_Door,1.41,1.13,-2.85
68.842,1,Wall_3mx20cm_Conference_Door,1.41,1.11,-2.84
68.869,1,Wall_3mx20cm_Conference_Door,1.41,1.11,-2.84
68.925,1,Wall_3mx20cm_Conference_Door,1.41,1.18,-2.86
68.955,1,Wall_3mx20cm_Conference_Door,1.41,1.15,-2.85
68.983,1,Wall_3mx20cm_Conference_Door,1.41,1.12,-2.85
69.008,1,Wall_3mx20cm_Conference_Door,1.41,1.13,-2.85
69.036,1,Wall_3mx20cm_Conference_Door,1.41,1.14,-2.86
69.092,1,Wall_3mx20cm_Conference_Door,1.41,1.15,-2.86
69.120,1,Wall_3mx20cm_Conference_Door,1.41,1.15,-2.86
69.147,1,Wall_3mx20cm_Conference_Door,1.41,1.15,-2.87
69.177,1,Wall_3mx20cm_Conference_Door,1.41,1.16,-2.87
69.204,1,Wall_3mx20cm_Conference_Door,1.41,1.16,-2.87
69.260,1,Wall_3mx20cm_Conference_Door,1.41,1.17,-2.88
69.288,1,Wall_3mx20cm_Conference_Door,1.41,1.17,-2.88
69.315,1,Wall_3mx20cm_Conference_Door,1.41,1.17,-2.87
69.343,1,Wall_3mx20cm_Conference_Door,1.41,1.17,-2.87
69.370,1,Wall_3mx20cm_Conference_Door,1.41,1.17,-2.87
69.426,1,Wall_3mx20cm_Conference_Door,1.41,1.17,-2.87
69.454,1,Wall_3mx20cm_Conference_Door,1.41,1.17,-2.87
69.482,1,Wall_3mx20cm_Conference_Door,1.41,1.16,-2.87
69.509,1,Wall_3mx20cm_Conference_Door,1.41,1.17,-2.87
69.538,1,Wall_3mx20cm_Conference_Door,1.41,1.19,-2.88
69.566,1,Wall_3mx20cm_Conference_Door,1.41,1.20,-2.87
69.624,1,Wall_3mx20cm_Conference_Door,1.41,1.17,-2.86
69.650,1,Wall_3mx20cm_Conference_Door,1.41,1.22,-2.87
69.677,1,Wall_3mx20cm_Conference_Door,1.41,1.24,-2.87
69.706,1,Wall_3mx20cm_Conference_Door,1.41,1.23,-2.88
69.733,1,Wall_3mx20cm_Conference_Door,1.41,1.26,-2.89
69.789,1,Wall_3mx20cm_Conference_Door,1.41,1.27,-2.90
69.817,1,Wall_3mx20cm_Conference_Door,1.41,1.24,-2.91
69.846,1,Wall_3mx20cm_Conference_Door,1.41,1.25,-2.91
69.872,1,Wall_3mx20cm_Conference_Door,1.41,1.26,-2.91
69.901,1,Wall_3mx20cm_Conference_Door,1.41,1.25,-2.91
69.956,1,Wall_3mx20cm_Conference_Door,1.41,1.26,-2.92
69.984,1,Wall_3mx20cm_Conference_Door,1.41,1.26,-2.92
70.011,1,Wall_3mx20cm_Conference_Door,1.41,1.27,-2.92
70.040,1,Wall_3mx20cm_Conference_Door,1.41,1.27,-2.92
70.068,1,Wall_3mx20cm_Conference_Door,1.41,1.26,-2.91
70.124,1,Wall_3mx20cm_Conference_Door,1.41,1.25,-2.92
70.151,1,Wall_3mx20cm_Conference_Door,1.41,1.26,-2.92
70.179,1,Wall_3mx20cm_Conference_Door,1.41,1.26,-2.93
70.207,1,Wall_3mx20cm_Conference_Door,1.41,1.26,-2.93
70.234,1,Wall_3mx20cm_Conference_Door,1.41,1.27,-2.93
70.292,1,Wall_3mx20cm_Conference_Door,1.41,1.24,-2.92
70.318,1,Wall_3mx20cm_Conference_Door,1.41,1.25,-2.92
70.346,1,Wall_3mx20cm_Conference_Door,1.41,1.25,-2.93
70.374,1,Wall_3mx20cm_Conference_Door,1.41,1.25,-2.93
70.403,1,Wall_3mx20cm_Conference_Door,1.41,1.26,-2.95
70.457,1,Wall_3mx20cm_Conference_Door,1.41,1.25,-2.95
70.485,1,Wall_3mx20cm_Conference_Door,1.41,1.27,-2.96
70.513,1,Wall_3mx20cm_Conference_Door,1.41,1.28,-2.95
70.540,1,Wall_3mx20cm_Conference_Door,1.41,1.28,-2.95
70.568,1,Wall_3mx20cm_Conference_Door,1.41,1.31,-2.94
70.625,1,Wall_3mx20cm_Conference_Door,1.41,1.31,-2.94
70.652,1,Wall_3mx20cm_Conference_Door,1.41,1.28,-2.94
70.682,1,Wall_3mx20cm_Conference_Door,1.41,1.28,-2.94
70.708,1,Wall_3mx20cm_Conference_Door,1.41,1.27,-2.95
70.737,1,Wall_3mx20cm_Conference_Door,1.41,1.25,-2.96
70.791,1,Wall_3mx20cm_Conference_Door,1.41,1.19,-2.96
70.820,1,Wall_3mx20cm_Conference_Door,1.41,1.17,-2.96
70.847,1,Wall_3mx20cm_Conference_Door,1.41,1.15,-2.96
70.876,1,Wall_3mx20cm_Conference_Door,1.41,1.15,-2.96
70.902,1,Wall_3mx20cm_Conference_Door,1.41,1.15,-2.96
70.959,1,Wall_3mx20cm_Conference_Door,1.41,1.14,-2.94
70.984,1,Wall_3mx20cm_Conference_Door,1.41,1.15,-2.93
71.012,1,Wall_3mx20cm_Conference_Door,1.41,1.15,-2.92
71.042,1,Wall_3mx20cm_Conference_Door,1.41,1.16,-2.91
71.070,1,Wall_3mx20cm_Conference_Door,1.41,1.18,-2.90
71.126,1,Wall_3mx20cm_Conference_Door,1.41,1.22,-2.87
71.154,1,Wall_3mx20cm_Conference_Door,1.41,1.23,-2.86
71.181,1,Wall_3mx20cm_Conference_Door,1.41,1.24,-2.85
71.208,1,Wall_3mx20cm_Conference_Door,1.41,1.23,-2.84
71.234,1,Wall_3mx20cm_Conference_Door,1.41,1.22,-2.83
71.290,1,Wall_3mx20cm_Conference_Door,1.41,1.25,-2.82
71.319,1,Wall_3mx20cm_Conference_Door,1.41,1.24,-2.82
71.347,1,Wall_3mx20cm_Conference_Door,1.41,1.21,-2.82
71.375,1,Wall_3mx20cm_Conference_Door,1.41,1.19,-2.82
71.405,1,Wall_3mx20cm_Conference_Door,1.41,1.18,-2.81
71.459,1,Wall_3mx20cm_Conference_Door,1.41,1.14,-2.78
71.487,1,Wall_3mx20cm_Conference_Door,1.41,1.13,-2.76
71.516,1,Wall_3mx20cm_Conference_Door,1.41,1.12,-2.74
71.544,1,Timer,1.47,1.06,-2.70
71.571,1,Timer,1.47,1.03,-2.66
71.599,1,Timer,1.47,0.99,-2.61
71.655,1,Timer,1.47,0.80,-2.52
71.684,1,Timer,1.47,0.67,-2.48
71.711,1,Timer,1.47,0.55,-2.42
71.739,1,Timer,1.47,0.46,-2.35
71.793,1,None,0,0,0
71.822,1,None,0,0,0
71.851,1,Conference_Room_Door_L,1.33,0.30,-2.11
71.877,1,Conference_Room_Door_L,1.33,0.28,-2.05
71.906,1,Conference_Room_Door_L,1.33,0.29,-2.01
71.933,1,Conference_Room_Door_L,1.33,0.29,-1.98
71.989,1,Conference_Room_Door_L,1.33,0.29,-1.91
72.017,1,Conference_Room_Door_L,1.33,0.29,-1.87
72.045,1,Conference_Room_Door_L,1.33,0.29,-1.83
72.074,1,None,0,0,0
72.101,1,Wall_3mx20cm_Conference_Door,1.29,0.35,-1.69
72.157,1,Wall_3mx20cm_Conference_Door,1.41,0.40,-1.47
72.186,1,Wall_3mx20cm_Conference_Door,1.41,0.49,-1.31
72.212,1,Wall_3mx20cm_Conference_Door,1.41,0.59,-1.15
72.241,1,Wall_3mx20cm_Door (1),1.41,0.69,-1.00
72.268,1,Wall_3mx20cm_Door (1),1.41,0.73,-0.86
72.324,1,Wall_3mx20cm_Door (1),1.41,0.61,-0.62
72.351,1,Wall_3mx20cm_Door (1),1.41,0.50,-0.50
72.380,1,Wall_3mx20cm_Door (1),1.41,0.43,-0.36
72.407,1,Wall_3mx20cm_Wood_Panels (2),1.71,0.36,-0.31
72.434,1,Wall_3mx20cm_Wood_Panels (2),2.13,0.27,-0.31
72.466,1,Wall_3mx20cm_Wood_Panels (2),2.45,0.16,-0.31
72.520,1,Wall_3mx20cm_Wood_Panels (2),2.88,-0.05,-0.31
72.546,1,Wall_3mx20cm_Wood_Panels (2),3.03,-0.16,-0.31
72.579,1,Wall_3mx20cm_Wood_Panels (2),3.17,-0.26,-0.31
72.604,1,Wall_3mx20cm_Wood_Panels (2),3.31,-0.34,-0.31
72.658,1,Wall_3mx20cm_Wood_Panels (2),3.61,-0.47,-0.31
72.686,1,Wall_3mx20cm_Wood_Panels (2),3.78,-0.52,-0.31
72.714,1,Wall_3mx20cm_Wood_Panels (2),3.98,-0.54,-0.31
72.743,1,Wall_3mx20cm_Wood_Panels (2),4.18,-0.54,-0.31
72.769,1,Wall_3mx20cm_Wood_Panels (2),4.34,-0.52,-0.31
72.825,1,Wall_3mx20cm_Wood_Panels (3),4.54,-0.51,-0.31
72.852,1,Wall_3mx20cm_Wood_Panels (3),4.60,-0.51,-0.31
72.880,1,Wall_3mx20cm_Wood_Panels (3),4.63,-0.50,-0.31
72.909,1,Wall_3mx20cm_Wood_Panels (3),4.64,-0.51,-0.31
72.936,1,Wall_3mx20cm_Wood_Panels (3),4.64,-0.52,-0.31
72.991,1,Wall_3mx20cm_Wood_Panels (3),4.64,-0.54,-0.31
73.020,1,Wall_3mx20cm_Wood_Panels (3),4.62,-0.56,-0.31
73.047,1,Wall_3mx20cm_Wood_Panels (3),4.60,-0.57,-0.31
73.075,1,Wall_3mx20cm_Wood_Panels (3),4.59,-0.57,-0.31
73.103,1,Wall_3mx20cm_Wood_Panels (3),4.57,-0.57,-0.31
73.159,1,Wall_3mx20cm_Wood_Panels (3),4.52,-0.58,-0.31
73.187,1,Wall_3mx20cm_Wood_Panels (3),4.48,-0.60,-0.31
73.215,1,Wall_3mx20cm_Wood_Panels (3),4.42,-0.61,-0.31
73.243,1,Wall_3mx20cm_Wood_Panels (2),4.34,-0.64,-0.31
73.270,1,Wall_3mx20cm_Wood_Panels (2),4.24,-0.68,-0.31
73.327,1,Wall_3mx20cm_Wood_Panels (2),3.97,-0.79,-0.31
73.355,1,Wall_3mx20cm_Wood_Panels (2),3.80,-0.89,-0.31
73.383,1,Auto Hand Player,6.32,-0.70,-1.71
73.412,1,Wall_3mx20cm_Wood_Panels (2),3.42,-1.09,-0.31
73.438,1,Auto Hand Player,6.32,-0.70,-1.71
73.467,1,Auto Hand Player,6.31,-0.71,-1.71
73.521,1,Auto Hand Player,6.31,-0.71,-1.71
73.550,1,Auto Hand Player,6.30,-0.71,-1.72
73.577,1,Wall_3mx20cm_Wood_Panels (2),2.53,-1.64,-0.31
73.606,1,Auto Hand Player,6.30,-0.72,-1.72
73.635,1,Auto Hand Player,6.30,-0.72,-1.72
73.688,1,Auto Hand Player,6.30,-0.72,-1.72
73.716,1,Auto Hand Player,6.30,-0.72,-1.72
73.745,1,Wall_3mx20cm_Wood_Panels (2),2.46,-1.74,-0.31
73.773,1,Auto Hand Player,6.29,-0.72,-1.72
73.801,1,Auto Hand Player,6.29,-0.72,-1.72
73.857,1,Auto Hand Player,6.29,-0.72,-1.72
73.884,1,Auto Hand Player,6.29,-0.72,-1.72
73.912,1,Conference_table,5.04,-1.10,-1.26
73.941,1,Auto Hand Player,6.29,-0.73,-1.72
73.968,1,Auto Hand Player,6.28,-0.73,-1.72
74.024,1,Auto Hand Player,6.28,-0.73,-1.72
74.051,1,Auto Hand Player,6.28,-0.73,-1.72
74.081,1,Conference_table,5.18,-1.10,-1.32
74.107,1,Auto Hand Player,6.28,-0.73,-1.72
74.136,1,Auto Hand Player,6.28,-0.73,-1.72
74.190,1,Auto Hand Player,6.28,-0.73,-1.72
74.221,1,Auto Hand Player,6.28,-0.73,-1.72
74.247,1,Auto Hand Player,6.28,-0.73,-1.72
74.274,1,Auto Hand Player,6.28,-0.73,-1.73
74.304,1,Auto Hand Player,6.28,-0.73,-1.73
74.357,1,Auto Hand Player,6.29,-0.72,-1.73
74.385,1,Auto Hand Player,6.29,-0.72,-1.73
74.413,1,Wall_3mx20cm_Wood_Panels (2),2.26,-1.70,-0.31
74.442,1,Auto Hand Player,6.30,-0.71,-1.74
74.468,1,Wall_3mx20cm_Wood_Panels (2),2.10,-1.57,-0.31
74.526,1,Wall_3mx20cm_Wood_Panels (2),1.93,-1.40,-0.31
74.552,1,Auto Hand Player,6.31,-0.70,-1.75
74.580,1,Wall_3mx20cm_Wood_Panels (2),1.72,-1.22,-0.31
74.608,1,Auto Hand Player,6.32,-0.70,-1.75
74.636,1,Wall_3mx20cm_Wood_Panels (2),1.43,-1.00,-0.31
74.691,1,Wall_3mx20cm_Door (1),1.41,-0.74,-0.45
74.719,1,Wall_3mx20cm_Door (1),1.41,-0.61,-0.53
74.748,1,Wall_3mx20cm_Door (1),1.41,-0.46,-0.65
74.774,1,Wall_3mx20cm_Door (1),1.41,-0.32,-0.78
74.803,1,Wall_3mx20cm_Door (1),1.41,-0.20,-0.92
74.858,1,Wall_3mx20cm_Conference_Door,1.41,-0.05,-1.20
74.886,1,Wall_3mx20cm_Conference_Door,1.41,0.01,-1.31
74.914,1,Wall_3mx20cm_Conference_Door,1.41,0.08,-1.41
74.943,1,Wall_3mx20cm_Conference_Door,1.41,0.14,-1.49
74.972,1,Wall_3mx20cm_Conference_Door,1.41,0.19,-1.53
75.025,1,Wall_3mx20cm_Conference_Door,1.41,0.29,-1.61
75.053,1,Wall_3mx20cm_Conference_Door,1.41,0.34,-1.65
75.081,1,Wall_3mx20cm_Conference_Door,1.41,0.40,-1.67
75.109,1,Wall_3mx20cm_Conference_Door,1.41,0.47,-1.68
75.137,1,Wall_3mx20cm_Conference_Door,1.41,0.53,-1.68
75.166,1,Wall_3mx20cm_Conference_Door,1.41,0.61,-1.67
75.220,1,Wall_3mx20cm_Conference_Door,1.41,0.83,-1.63
75.248,1,Wall_3mx20cm_Conference_Door,1.41,0.97,-1.61
75.276,1,Wall_3mx20cm_Conference_Door,1.41,1.12,-1.59
75.304,1,Wall_3mx20cm_Conference_Door,1.41,1.26,-1.59
75.360,1,Ceiling_log_3m (20),1.52,1.51,-1.60
75.387,1,Ceiling_log_3m (20),1.52,1.62,-1.61
75.418,1,Ceiling_log_3m (20),1.52,1.66,-1.61
75.443,1,Ceiling_log_3m (20),1.52,1.69,-1.60
75.471,1,Ceiling_3x3m (6),1.56,1.70,-1.60
75.527,1,Ceiling_3x3m (6),1.55,1.70,-1.61
75.554,1,Ceiling_log_3m (20),1.52,1.68,-1.61
75.583,1,Ceiling_log_3m (20),1.52,1.65,-1.62
75.610,1,Ceiling_log_3m (20),1.52,1.61,-1.64
75.640,1,Ceiling_log_3m (20),1.52,1.57,-1.64
75.693,1,Ceiling_log_3m (20),1.52,1.50,-1.68
75.722,1,Wall_3mx20cm_Conference_Door,1.41,1.49,-1.69
75.749,1,Wall_3mx20cm_Conference_Door,1.41,1.43,-1.72
75.778,1,Wall_3mx20cm_Conference_Door,1.41,1.37,-1.74
75.805,1,Wall_3mx20cm_Conference_Door,1.41,1.30,-1.76
75.833,1,Wall_3mx20cm_Conference_Door,1.41,1.22,-1.78
75.888,1,Timer,1.47,1.07,-1.85
75.916,1,Timer,1.47,1.01,-1.88
75.944,1,Timer,1.47,0.95,-1.91
75.972,1,Timer,1.47,0.90,-1.93
76.000,1,Timer,1.47,0.86,-1.94
76.055,1,Timer,1.47,0.81,-1.93
76.085,1,Timer,1.47,0.81,-1.92
76.112,1,Timer,1.47,0.81,-1.92
76.140,1,Timer,1.47,0.79,-1.91
76.167,1,Timer,1.47,0.77,-1.91
76.224,1,Timer,1.47,0.74,-1.92
76.250,1,Timer,1.47,0.73,-1.93
76.278,1,Timer,1.47,0.71,-1.95
76.307,1,Timer,1.47,0.71,-1.96
76.334,1,Timer,1.47,0.70,-1.96
76.390,1,Timer,1.47,0.72,-1.93
76.417,1,Timer,1.47,0.74,-1.91
76.445,1,Timer,1.47,0.76,-1.89
76.473,1,Timer,1.47,0.78,-1.86
76.501,1,Timer,1.47,0.81,-1.81
76.558,1,Wall_3mx20cm_Conference_Door,1.41,0.91,-1.69
76.584,1,Wall_3mx20cm_Conference_Door,1.41,0.97,-1.63
76.612,1,Wall_3mx20cm_Conference_Door,1.41,1.05,-1.58
76.641,1,Wall_3mx20cm_Conference_Door,1.41,1.14,-1.54
76.668,1,Wall_3mx20cm_Conference_Door,1.41,1.22,-1.49
76.723,1,Wall_3mx20cm_Conference_Door,1.41,1.34,-1.41
76.752,1,Wall_3mx20cm_Conference_Door,1.41,1.35,-1.39
76.779,1,Wall_3mx20cm_Conference_Door,1.41,1.34,-1.38
76.807,2,Wall_3mx20cm_Conference_Door,1.41,1.35,-1.39
76.835,2,Wall_3mx20cm_Conference_Door,1.41,1.38,-1.42
76.891,2,Ceiling_log_3m (20),1.43,1.50,-1.49
76.920,2,Ceiling_log_3m (20),1.52,1.53,-1.52
76.951,2,Ceiling_log_3m (20),1.52,1.57,-1.55
76.986,2,Ceiling_log_3m (20),1.52,1.57,-1.58
77.018,2,Ceiling_log_3m (20),1.52,1.56,-1.61
77.045,2,Ceiling_log_3m (20),1.52,1.54,-1.66
77.072,2,Ceiling_log_3m (20),1.52,1.61,-1.67
77.101,2,Ceiling_log_3m (20),1.52,1.62,-1.75
77.136,2,Ceiling_log_3m (20),1.52,1.61,-1.79
77.186,2,Ceiling_log_3m (20),1.52,1.52,-1.88
77.213,2,Ceiling_log_3m (20),1.52,1.67,-1.92
77.239,2,Ceiling_3x3m (6),1.53,1.70,-1.96
77.268,2,Ceiling_3x3m (6),1.77,1.70,-1.94
77.324,2,Ceiling_3x3m (6),1.80,1.70,-1.93
77.352,2,Ceiling_3x3m (6),1.84,1.70,-1.90
77.381,2,Ceiling_3x3m (6),1.85,1.70,-1.89
77.409,2,Ceiling_3x3m (6),1.83,1.70,-1.87
77.435,2,Ceiling_3x3m (6),1.83,1.70,-1.87
77.489,2,Ceiling_3x3m (6),1.82,1.70,-1.89
77.517,2,Ceiling_3x3m (6),1.82,1.70,-1.89
77.545,2,Ceiling_3x3m (6),1.80,1.70,-1.89
77.573,2,Ceiling_3x3m (6),1.80,1.70,-1.88
77.601,2,Ceiling_3x3m (6),1.78,1.70,-1.88
77.656,2,Ceiling_3x3m (6),1.71,1.70,-1.91
77.684,2,Ceiling_3x3m (6),1.65,1.70,-1.93
77.715,2,Ceiling_3x3m (6),1.59,1.70,-1.97
77.741,2,Ceiling_log_3m (20),1.52,1.66,-2.01
77.769,2,Ceiling_log_3m (20),1.52,1.54,-2.01
77.824,2,Wall_3mx20cm_Conference_Door,1.41,1.24,-1.96
77.853,2,Timer,1.47,1.07,-1.91
77.881,2,Timer,1.47,0.94,-1.84
77.909,2,Timer,1.47,0.82,-1.77
77.935,2,Wall_3mx20cm_Conference_Door,1.41,0.70,-1.71
78.000,2,Wall_3mx20cm_Conference_Door,1.41,0.46,-1.58
78.000,2,Wall_3mx20cm_Conference_Door,1.41,0.46,-1.58
78.033,2,Wall_3mx20cm_Conference_Door,1.41,0.38,-1.53
78.076,2,Wall_3mx20cm_Conference_Door,1.41,0.30,-1.43
78.105,2,Wall_3mx20cm_Conference_Door,1.41,0.26,-1.34
78.133,2,Wall_3mx20cm_Conference_Door,1.41,0.21,-1.21
78.189,2,Wall_3mx20cm_Door (1),1.41,0.15,-1.00
78.217,2,Wall_3mx20cm_Door (1),1.41,0.11,-0.89
78.245,2,Wall_3mx20cm_Door (1),1.41,0.09,-0.78
78.274,2,Wall_3mx20cm_Door (1),1.41,0.07,-0.66
78.301,2,Wall_3mx20cm_Door (1),1.41,0.06,-0.53
78.358,2,Wall_3mx20cm_Wood_Panels (2),1.56,0.08,-0.31
78.400,2,Wall_3mx20cm_Wood_Panels (2),1.92,0.04,-0.31
78.400,2,Wall_3mx20cm_Wood_Panels (2),1.92,0.04,-0.31
78.450,2,Wall_3mx20cm_Wood_Panels (2),2.58,-0.07,-0.31
78.480,2,Wall_3mx20cm_Wood_Panels (2),2.76,-0.13,-0.31
78.506,2,Wall_3mx20cm_Wood_Panels (2),2.90,-0.19,-0.31
78.533,2,Wall_3mx20cm_Wood_Panels (2),3.04,-0.23,-0.31
78.589,2,Wall_3mx20cm_Wood_Panels (2),3.20,-0.26,-0.31
78.616,2,Wall_3mx20cm_Wood_Panels (2),3.25,-0.26,-0.31
78.644,2,Wall_3mx20cm_Wood_Panels (2),3.28,-0.25,-0.31
78.673,2,Wall_3mx20cm_Wood_Panels (2),3.31,-0.25,-0.31
78.703,2,Wall_3mx20cm_Wood_Panels (2),3.33,-0.24,-0.31
78.757,2,Wall_3mx20cm_Wood_Panels (2),3.39,-0.22,-0.31
78.783,2,Wall_3mx20cm_Wood_Panels (2),3.44,-0.22,-0.31
78.812,2,Wall_3mx20cm_Wood_Panels (2),3.51,-0.24,-0.31
78.840,2,Wall_3mx20cm_Wood_Panels (2),3.58,-0.26,-0.31
78.867,2,Wall_3mx20cm_Wood_Panels (2),3.67,-0.28,-0.31
78.924,2,Wall_3mx20cm_Wood_Panels (2),3.83,-0.32,-0.31
78.951,2,Wall_3mx20cm_Wood_Panels (2),3.93,-0.33,-0.31
78.979,2,Wall_3mx20cm_Wood_Panels (2),4.03,-0.34,-0.31
79.006,2,Wall_3mx20cm_Wood_Panels (2),4.12,-0.36,-0.31
79.035,2,Wall_3mx20cm_Wood_Panels (2),4.20,-0.36,-0.31
79.090,2,Wall_3mx20cm_Wood_Panels (2),4.36,-0.35,-0.31
79.119,2,Wall_3mx20cm_Wood_Panels (3),4.43,-0.36,-0.31
79.147,2,Wall_3mx20cm_Wood_Panels (3),4.48,-0.37,-0.31
79.174,2,Wall_3mx20cm_Wood_Panels (3),4.52,-0.38,-0.31
79.202,2,Wall_3mx20cm_Wood_Panels (3),4.55,-0.38,-0.31
79.258,2,Wall_3mx20cm_Wood_Panels (3),4.60,-0.42,-0.31
79.285,2,Wall_3mx20cm_Wood_Panels (3),4.60,-0.43,-0.31
79.313,2,Wall_3mx20cm_Wood_Panels (3),4.61,-0.44,-0.31
79.342,2,Wall_3mx20cm_Wood_Panels (3),4.61,-0.44,-0.31
79.370,2,Wall_3mx20cm_Wood_Panels (3),4.62,-0.45,-0.31
79.425,2,Wall_3mx20cm_Wood_Panels (3),4.64,-0.47,-0.31
79.453,2,Wall_3mx20cm_Wood_Panels (3),4.64,-0.48,-0.31
79.481,2,Wall_3mx20cm_Wood_Panels (3),4.64,-0.48,-0.31
79.507,2,Wall_3mx20cm_Wood_Panels (3),4.64,-0.47,-0.31
79.535,2,Wall_3mx20cm_Wood_Panels (3),4.64,-0.46,-0.31
79.593,2,Wall_3mx20cm_Wood_Panels (3),4.59,-0.43,-0.31
79.619,2,Wall_3mx20cm_Wood_Panels (3),4.57,-0.42,-0.31
79.647,2,Wall_3mx20cm_Wood_Panels (3),4.54,-0.40,-0.31
79.675,2,Wall_3mx20cm_Wood_Panels (3),4.51,-0.38,-0.31
79.703,2,Wall_3mx20cm_Wood_Panels (3),4.48,-0.36,-0.31
79.759,2,Wall_3mx20cm_Wood_Panels (3),4.43,-0.32,-0.31
79.787,2,Wall_3mx20cm_Wood_Panels (3),4.41,-0.30,-0.31
79.816,2,Wall_3mx20cm_Wood_Panels (2),4.40,-0.28,-0.31
79.842,2,Wall_3mx20cm_Wood_Panels (2),4.39,-0.25,-0.31
79.869,2,Wall_3mx20cm_Wood_Panels (2),4.38,-0.23,-0.31
79.926,2,Wall_3mx20cm_Wood_Panels (2),4.37,-0.21,-0.31
79.954,2,Wall_3mx20cm_Wood_Panels (2),4.36,-0.19,-0.31
79.982,2,Wall_3mx20cm_Wood_Panels (2),4.35,-0.18,-0.31
80.009,2,Wall_3mx20cm_Wood_Panels (2),4.34,-0.17,-0.31
80.038,2,Wall_3mx20cm_Wood_Panels (2),4.33,-0.16,-0.31
80.093,2,Wall_3mx20cm_Wood_Panels (2),4.30,-0.14,-0.31
80.122,2,Wall_3mx20cm_Wood_Panels (2),4.28,-0.12,-0.31
80.147,2,Wall_3mx20cm_Wood_Panels (2),4.27,-0.10,-0.31
80.175,2,Wall_3mx20cm_Wood_Panels (2),4.24,-0.09,-0.31
80.204,2,Wall_3mx20cm_Wood_Panels (2),4.22,-0.07,-0.31
80.261,2,Wall_3mx20cm_Wood_Panels (2),4.17,-0.04,-0.31
80.286,2,Wall_3mx20cm_Wood_Panels (2),4.15,-0.01,-0.31
80.314,2,Wall_3mx20cm_Wood_Panels (2),4.12,0.01,-0.31
80.342,2,Wall_3mx20cm_Wood_Panels (2),4.10,0.02,-0.31
80.370,2,Wall_3mx20cm_Wood_Panels (2),4.07,0.04,-0.31
80.425,2,Wall_3mx20cm_Wood_Panels (2),4.01,0.06,-0.31
80.453,2,Wall_3mx20cm_Wood_Panels (2),3.98,0.06,-0.31
80.483,2,Wall_3mx20cm_Wood_Panels (2),3.96,0.07,-0.31
80.510,2,Wall_3mx20cm_Wood_Panels (2),3.94,0.07,-0.31
80.538,2,Wall_3mx20cm_Wood_Panels (2),3.91,0.07,-0.31
80.592,2,Wall_3mx20cm_Wood_Panels (2),3.85,0.11,-0.31
80.619,2,Wall_3mx20cm_Wood_Panels (2),3.82,0.12,-0.31
80.647,2,Wall_3mx20cm_Wood_Panels (2),3.79,0.14,-0.31
80.676,2,Wall_3mx20cm_Wood_Panels (2),3.75,0.15,-0.31
80.705,2,Wall_3mx20cm_Wood_Panels (2),3.70,0.16,-0.31
80.760,2,Wall_3mx20cm_Wood_Panels (2),3.61,0.17,-0.31
80.787,2,Wall_3mx20cm_Wood_Panels (2),3.57,0.18,-0.31
80.816,2,Wall_3mx20cm_Wood_Panels (2),3.53,0.18,-0.31
80.843,2,Wall_3mx20cm_Wood_Panels (2),3.50,0.19,-0.31
80.870,2,Wall_3mx20cm_Wood_Panels (2),3.47,0.19,-0.31
80.927,2,Wall_3mx20cm_Wood_Panels (2),3.42,0.20,-0.31
80.955,2,Wall_3mx20cm_Wood_Panels (2),3.41,0.21,-0.31
80.984,2,Wall_3mx20cm_Wood_Panels (2),3.39,0.23,-0.31
81.010,2,Wall_3mx20cm_Wood_Panels (2),3.38,0.21,-0.31
81.038,2,Wall_3mx20cm_Wood_Panels (2),3.37,0.20,-0.31
81.092,2,Wall_3mx20cm_Wood_Panels (2),3.37,0.24,-0.31
81.122,2,Wall_3mx20cm_Wood_Panels (2),3.36,0.24,-0.31
81.150,2,Wall_3mx20cm_Wood_Panels (2),3.36,0.25,-0.31
81.177,2,Wall_3mx20cm_Wood_Panels (2),3.36,0.26,-0.31
81.205,2,Wall_3mx20cm_Wood_Panels (2),3.36,0.26,-0.31
81.233,2,Wall_3mx20cm_Wood_Panels (2),3.35,0.27,-0.31
81.288,2,Wall_3mx20cm_Wood_Panels (2),3.34,0.28,-0.31
81.316,2,Wall_3mx20cm_Wood_Panels (2),3.33,0.28,-0.31
81.344,2,Wall_3mx20cm_Wood_Panels (2),3.33,0.28,-0.31
81.372,2,Wall_3mx20cm_Wood_Panels (2),3.32,0.29,-0.31
81.399,2,Wall_3mx20cm_Wood_Panels (2),3.33,0.30,-0.31
81.455,2,Wall_3mx20cm_Wood_Panels (2),3.34,0.29,-0.31
81.483,2,Wall_3mx20cm_Wood_Panels (2),3.35,0.29,-0.31
81.510,2,Wall_3mx20cm_Wood_Panels (2),3.37,0.29,-0.31
81.538,2,Wall_3mx20cm_Wood_Panels (2),3.38,0.28,-0.31
81.566,2,Wall_3mx20cm_Wood_Panels (2),3.40,0.27,-0.31
81.622,2,Wall_3mx20cm_Wood_Panels (2),3.41,0.27,-0.31
81.649,2,Wall_3mx20cm_Wood_Panels (2),3.41,0.26,-0.31
81.678,2,Wall_3mx20cm_Wood_Panels (2),3.41,0.26,-0.31
81.706,2,Wall_3mx20cm_Wood_Panels (2),3.40,0.25,-0.31
81.734,2,Wall_3mx20cm_Wood_Panels (2),3.40,0.24,-0.31
81.789,2,Wall_3mx20cm_Wood_Panels (2),3.39,0.24,-0.31
81.818,2,Wall_3mx20cm_Wood_Panels (2),3.38,0.25,-0.31
81.844,2,Wall_3mx20cm_Wood_Panels (2),3.38,0.25,-0.31
81.873,2,Wall_3mx20cm_Wood_Panels (2),3.37,0.28,-0.31
81.901,2,Wall_3mx20cm_Wood_Panels (2),3.38,0.32,-0.31
81.956,2,Wall_3mx20cm_Wood_Panels (2),3.37,0.33,-0.31
81.984,2,Wall_3mx20cm_Wood_Panels (2),3.37,0.32,-0.31
82.013,2,Wall_3mx20cm_Wood_Panels (2),3.37,0.30,-0.31
82.042,2,Wall_3mx20cm_Wood_Panels (2),3.35,0.29,-0.31
82.067,2,Wall_3mx20cm_Wood_Panels (2),3.35,0.28,-0.31
82.124,2,Wall_3mx20cm_Wood_Panels (2),3.36,0.26,-0.31
82.151,2,Wall_3mx20cm_Wood_Panels (2),3.37,0.26,-0.31
82.179,2,Wall_3mx20cm_Wood_Panels (2),3.38,0.26,-0.31
82.207,2,Wall_3mx20cm_Wood_Panels (2),3.39,0.25,-0.31
82.235,2,Wall_3mx20cm_Wood_Panels (2),3.40,0.24,-0.31
82.291,2,Wall_3mx20cm_Wood_Panels (2),3.44,0.22,-0.31
82.319,2,Wall_3mx20cm_Wood_Panels (2),3.46,0.22,-0.31
82.347,2,Wall_3mx20cm_Wood_Panels (2),3.49,0.21,-0.31
82.374,2,Wall_3mx20cm_Wood_Panels (2),3.52,0.21,-0.31
82.402,2,Wall_3mx20cm_Wood_Panels (2),3.53,0.21,-0.31
82.458,2,Wall_3mx20cm_Wood_Panels (2),3.56,0.20,-0.31
82.486,2,Wall_3mx20cm_Wood_Panels (2),3.56,0.19,-0.31
82.512,2,Wall_3mx20cm_Wood_Panels (2),3.57,0.18,-0.31
82.541,2,Wall_3mx20cm_Wood_Panels (2),3.57,0.18,-0.31
82.568,2,Wall_3mx20cm_Wood_Panels (2),3.57,0.18,-0.31
82.624,2,Wall_3mx20cm_Wood_Panels (2),3.57,0.18,-0.31
82.653,2,Wall_3mx20cm_Wood_Panels (2),3.58,0.18,-0.31
82.681,2,Wall_3mx20cm_Wood_Panels (2),3.59,0.18,-0.31
82.709,2,Wall_3mx20cm_Wood_Panels (2),3.60,0.19,-0.31
82.735,2,Wall_3mx20cm_Wood_Panels (2),3.61,0.20,-0.31
82.791,2,Wall_3mx20cm_Wood_Panels (2),3.63,0.21,-0.31
82.819,2,Wall_3mx20cm_Wood_Panels (2),3.63,0.21,-0.31
82.847,2,Wall_3mx20cm_Wood_Panels (2),3.63,0.21,-0.31
82.876,2,Wall_3mx20cm_Wood_Panels (2),3.62,0.20,-0.31
82.904,2,Wall_3mx20cm_Wood_Panels (2),3.61,0.20,-0.31
82.933,2,Wall_3mx20cm_Wood_Panels (2),3.60,0.20,-0.31
82.986,2,Wall_3mx20cm_Wood_Panels (2),3.60,0.20,-0.31
83.015,2,Wall_3mx20cm_Wood_Panels (2),3.60,0.20,-0.31
83.043,2,Wall_3mx20cm_Wood_Panels (2),3.60,0.20,-0.31
83.070,2,Wall_3mx20cm_Wood_Panels (2),3.61,0.20,-0.31
83.099,2,Wall_3mx20cm_Wood_Panels (2),3.63,0.19,-0.31
83.156,2,Wall_3mx20cm_Wood_Panels (2),3.65,0.20,-0.31
83.181,2,Wall_3mx20cm_Wood_Panels (2),3.66,0.20,-0.31
83.209,2,Wall_3mx20cm_Wood_Panels (2),3.66,0.20,-0.31
83.238,2,Wall_3mx20cm_Wood_Panels (2),3.66,0.20,-0.31
83.267,2,Wall_3mx20cm_Wood_Panels (2),3.66,0.20,-0.31
83.322,2,Wall_3mx20cm_Wood_Panels (2),3.65,0.21,-0.31
83.350,2,Wall_3mx20cm_Wood_Panels (2),3.64,0.20,-0.31
83.377,2,Wall_3mx20cm_Wood_Panels (2),3.64,0.20,-0.31
83.404,2,Wall_3mx20cm_Wood_Panels (2),3.63,0.20,-0.31
83.461,2,Wall_3mx20cm_Wood_Panels (2),3.63,0.22,-0.31
83.487,2,Wall_3mx20cm_Wood_Panels (2),3.63,0.22,-0.31
83.516,2,Wall_3mx20cm_Wood_Panels (2),3.63,0.22,-0.31
83.543,2,Wall_3mx20cm_Wood_Panels (2),3.63,0.22,-0.31
83.571,2,Wall_3mx20cm_Wood_Panels (2),3.63,0.22,-0.31
83.600,2,Wall_3mx20cm_Wood_Panels (2),3.64,0.21,-0.31
83.656,2,Wall_3mx20cm_Wood_Panels (2),3.65,0.19,-0.31
83.684,2,Wall_3mx20cm_Wood_Panels (2),3.66,0.18,-0.31
83.711,2,Wall_3mx20cm_Wood_Panels (2),3.68,0.18,-0.31
83.741,2,Wall_3mx20cm_Wood_Panels (2),3.69,0.17,-0.31
83.794,2,Wall_3mx20cm_Wood_Panels (2),3.73,0.18,-0.31
83.825,2,Wall_3mx20cm_Wood_Panels (2),3.74,0.18,-0.31
83.849,2,Wall_3mx20cm_Wood_Panels (2),3.75,0.19,-0.31
83.877,2,Wall_3mx20cm_Wood_Panels (2),3.75,0.19,-0.31
83.905,2,Wall_3mx20cm_Wood_Panels (2),3.76,0.19,-0.31
83.933,2,Wall_3mx20cm_Wood_Panels (2),3.77,0.18,-0.31
83.989,2,Wall_3mx20cm_Wood_Panels (2),3.78,0.16,-0.31
84.017,2,Wall_3mx20cm_Wood_Panels (2),3.79,0.14,-0.31
84.045,2,Wall_3mx20cm_Wood_Panels (2),3.80,0.13,-0.31
84.071,2,Wall_3mx20cm_Wood_Panels (2),3.81,0.14,-0.31
84.100,2,Wall_3mx20cm_Wood_Panels (2),3.82,0.14,-0.31
84.155,2,Wall_3mx20cm_Wood_Panels (2),3.85,0.15,-0.31
84.184,2,Wall_3mx20cm_Wood_Panels (2),3.86,0.16,-0.31
84.211,2,Wall_3mx20cm_Wood_Panels (2),3.87,0.16,-0.31
84.240,2,Wall_3mx20cm_Wood_Panels (2),3.88,0.17,-0.31
84.269,2,Wall_3mx20cm_Wood_Panels (2),3.88,0.17,-0.31
84.323,2,Wall_3mx20cm_Wood_Panels (2),3.88,0.17,-0.31
84.350,2,Wall_3mx20cm_Wood_Panels (2),3.88,0.17,-0.31
84.379,2,Wall_3mx20cm_Wood_Panels (2),3.88,0.17,-0.31
84.407,2,Wall_3mx20cm_Wood_Panels (2),3.87,0.17,-0.31
84.434,2,Wall_3mx20cm_Wood_Panels (2),3.87,0.17,-0.31
84.492,2,Wall_3mx20cm_Wood_Panels (2),3.86,0.17,-0.31
84.518,2,Wall_3mx20cm_Wood_Panels (2),3.86,0.17,-0.31
84.545,2,Wall_3mx20cm_Wood_Panels (2),3.85,0.17,-0.31
84.574,2,Wall_3mx20cm_Wood_Panels (2),3.85,0.17,-0.31
84.602,2,Wall_3mx20cm_Wood_Panels (2),3.85,0.16,-0.31
84.656,2,Wall_3mx20cm_Wood_Panels (2),3.85,0.17,-0.31
84.685,2,Wall_3mx20cm_Wood_Panels (2),3.84,0.17,-0.31
84.714,2,Wall_3mx20cm_Wood_Panels (2),3.84,0.18,-0.31
84.740,2,Wall_3mx20cm_Wood_Panels (2),3.84,0.18,-0.31
84.767,2,Wall_3mx20cm_Wood_Panels (2),3.83,0.18,-0.31
84.824,2,Wall_3mx20cm_Wood_Panels (2),3.82,0.17,-0.31
84.852,2,Wall_3mx20cm_Wood_Panels (2),3.81,0.16,-0.31
84.880,2,Wall_3mx20cm_Wood_Panels (2),3.81,0.16,-0.31
84.907,2,Wall_3mx20cm_Wood_Panels (2),3.81,0.16,-0.31
84.936,2,Wall_3mx20cm_Wood_Panels (2),3.80,0.15,-0.31
84.990,2,Wall_3mx20cm_Wood_Panels (2),3.80,0.16,-0.31
85.019,2,Wall_3mx20cm_Wood_Panels (2),3.80,0.17,-0.31
85.046,2,Wall_3mx20cm_Wood_Panels (2),3.80,0.17,-0.31
85.074,2,Wall_3mx20cm_Wood_Panels (2),3.80,0.16,-0.31
85.103,2,Wall_3mx20cm_Wood_Panels (2),3.80,0.15,-0.31
85.160,2,Wall_3mx20cm_Wood_Panels (2),3.79,0.15,-0.31
85.186,2,Wall_3mx20cm_Wood_Panels (2),3.79,0.15,-0.31
85.214,2,Wall_3mx20cm_Wood_Panels (2),3.78,0.15,-0.31
85.242,2,Wall_3mx20cm_Wood_Panels (2),3.78,0.16,-0.31
85.270,2,Wall_3mx20cm_Wood_Panels (2),3.79,0.16,-0.31
85.324,2,Wall_3mx20cm_Wood_Panels (2),3.80,0.16,-0.31
85.353,2,Wall_3mx20cm_Wood_Panels (2),3.80,0.17,-0.31
85.381,2,Wall_3mx20cm_Wood_Panels (2),3.80,0.17,-0.31
85.408,2,Wall_3mx20cm_Wood_Panels (2),3.80,0.17,-0.31
85.436,2,Wall_3mx20cm_Wood_Panels (2),3.80,0.17,-0.31
85.492,2,Wall_3mx20cm_Wood_Panels (2),3.80,0.19,-0.31
85.520,2,Wall_3mx20cm_Wood_Panels (2),3.79,0.19,-0.31
85.548,2,Wall_3mx20cm_Wood_Panels (2),3.79,0.18,-0.31
85.576,2,Wall_3mx20cm_Wood_Panels (2),3.77,0.19,-0.31
85.605,2,Wall_3mx20cm_Wood_Panels (2),3.77,0.20,-0.31
85.659,2,Wall_3mx20cm_Wood_Panels (2),3.76,0.20,-0.31
85.688,2,Wall_3mx20cm_Wood_Panels (2),3.75,0.20,-0.31
85.716,2,Wall_3mx20cm_Wood_Panels (2),3.75,0.19,-0.31
85.742,2,Wall_3mx20cm_Wood_Panels (2),3.75,0.19,-0.31
85.770,2,Wall_3mx20cm_Wood_Panels (2),3.76,0.20,-0.31
85.799,2,Wall_3mx20cm_Wood_Panels (2),3.76,0.20,-0.31
85.855,2,Wall_3mx20cm_Wood_Panels (2),3.79,0.17,-0.31
85.883,2,Wall_3mx20cm_Wood_Panels (2),3.79,0.15,-0.31
85.910,2,Wall_3mx20cm_Wood_Panels (2),3.79,0.15,-0.31
85.939,2,Wall_3mx20cm_Wood_Panels (2),3.80,0.15,-0.31
85.992,2,Wall_3mx20cm_Wood_Panels (2),3.80,0.15,-0.31
86.021,2,Wall_3mx20cm_Wood_Panels (2),3.80,0.15,-0.31
86.050,2,Wall_3mx20cm_Wood_Panels (2),3.80,0.15,-0.31
86.077,2,Wall_3mx20cm_Wood_Panels (2),3.80,0.16,-0.31
86.105,2,Wall_3mx20cm_Wood_Panels (2),3.80,0.16,-0.31
86.133,2,Wall_3mx20cm_Wood_Panels (2),3.80,0.16,-0.31
86.188,2,Wall_3mx20cm_Wood_Panels (2),3.80,0.15,-0.31
86.215,2,Wall_3mx20cm_Wood_Panels (2),3.79,0.16,-0.31
86.243,2,Wall_3mx20cm_Wood_Panels (2),3.79,0.15,-0.31
86.272,2,Wall_3mx20cm_Wood_Panels (2),3.78,0.14,-0.31
86.327,2,Wall_3mx20cm_Wood_Panels (2),3.78,0.14,-0.31
86.355,2,Wall_3mx20cm_Wood_Panels (2),3.78,0.14,-0.31
86.383,2,Wall_3mx20cm_Wood_Panels (2),3.78,0.14,-0.31
86.411,2,Wall_3mx20cm_Wood_Panels (2),3.78,0.13,-0.31
86.439,2,Wall_3mx20cm_Wood_Panels (2),3.78,0.12,-0.31
86.467,2,Wall_3mx20cm_Wood_Panels (2),3.78,0.11,-0.31
86.524,2,Wall_3mx20cm_Wood_Panels (2),3.78,0.12,-0.31
86.550,2,Wall_3mx20cm_Wood_Panels (2),3.79,0.12,-0.31
86.577,2,Wall_3mx20cm_Wood_Panels (2),3.80,0.13,-0.31
86.605,2,Wall_3mx20cm_Wood_Panels (2),3.80,0.13,-0.31
86.633,2,Wall_3mx20cm_Wood_Panels (2),3.80,0.14,-0.31
86.689,2,Wall_3mx20cm_Wood_Panels (2),3.79,0.15,-0.31
86.719,2,Wall_3mx20cm_Wood_Panels (2),3.77,0.15,-0.31
86.745,2,Wall_3mx20cm_Wood_Panels (2),3.76,0.16,-0.31
86.774,2,Wall_3mx20cm_Wood_Panels (2),3.74,0.18,-0.31
86.802,2,Wall_3mx20cm_Wood_Panels (2),3.73,0.19,-0.31
86.858,2,Wall_3mx20cm_Wood_Panels (2),3.71,0.20,-0.31
86.886,2,Wall_3mx20cm_Wood_Panels (2),3.71,0.20,-0.31
86.912,2,Wall_3mx20cm_Wood_Panels (2),3.71,0.20,-0.31
86.942,2,Wall_3mx20cm_Wood_Panels (2),3.72,0.20,-0.31
86.967,2,Wall_3mx20cm_Wood_Panels (2),3.73,0.19,-0.31
87.024,2,Wall_3mx20cm_Wood_Panels (2),3.74,0.17,-0.31
87.052,2,Wall_3mx20cm_Wood_Panels (2),3.74,0.17,-0.31
87.080,2,Wall_3mx20cm_Wood_Panels (2),3.75,0.16,-0.31
87.108,2,Wall_3mx20cm_Wood_Panels (2),3.75,0.15,-0.31
87.135,2,Wall_3mx20cm_Wood_Panels (2),3.75,0.16,-0.31
87.191,2,Wall_3mx20cm_Wood_Panels (2),3.72,0.17,-0.31
87.220,2,Wall_3mx20cm_Wood_Panels (2),3.70,0.17,-0.31
87.247,2,Wall_3mx20cm_Wood_Panels (2),3.65,0.16,-0.31
87.275,2,Wall_3mx20cm_Wood_Panels (2),3.59,0.13,-0.31
87.303,2,Wall_3mx20cm_Wood_Panels (2),3.50,0.08,-0.31
87.360,2,Wall_3mx20cm_Wood_Panels (2),3.35,0.11,-0.31
87.387,2,Wall_3mx20cm_Wood_Panels (2),3.32,0.13,-0.31
87.414,2,Wall_3mx20cm_Wood_Panels (2),3.29,0.14,-0.31
87.442,2,Wall_3mx20cm_Wood_Panels (2),3.27,0.16,-0.31
87.470,2,Wall_3mx20cm_Wood_Panels (2),3.27,0.17,-0.31
87.525,2,Wall_3mx20cm_Wood_Panels (2),3.30,0.16,-0.31
87.553,2,Wall_3mx20cm_Wood_Panels (2),3.31,0.15,-0.31
87.580,2,Wall_3mx20cm_Wood_Panels (2),3.32,0.14,-0.31
87.609,2,Wall_3mx20cm_Wood_Panels (2),3.32,0.12,-0.31
87.636,2,Wall_3mx20cm_Wood_Panels (2),3.33,0.11,-0.31
87.692,2,Wall_3mx20cm_Wood_Panels (2),3.33,0.08,-0.31
87.721,2,Wall_3mx20cm_Wood_Panels (2),3.34,0.07,-0.31
87.748,2,Wall_3mx20cm_Wood_Panels (2),3.35,0.06,-0.31
87.776,2,Wall_3mx20cm_Wood_Panels (2),3.34,0.05,-0.31
87.804,2,Wall_3mx20cm_Wood_Panels (2),3.32,0.04,-0.31
87.859,2,Wall_3mx20cm_Wood_Panels (2),3.17,0.05,-0.31
87.887,2,Wall_3mx20cm_Wood_Panels (2),3.04,0.10,-0.31
87.915,2,Wall_3mx20cm_Wood_Panels (2),2.90,0.16,-0.31
87.943,2,Wall_3mx20cm_Wood_Panels (2),2.74,0.23,-0.31
87.972,2,Wall_3mx20cm_Wood_Panels (2),2.53,0.28,-0.31
88.027,2,Wall_3mx20cm_Wood_Panels (2),1.87,0.40,-0.31
88.056,2,Wall_3mx20cm_Door (1),1.41,0.47,-0.31
88.083,2,Wall_3mx20cm_Door (1),1.41,0.48,-0.46
88.111,2,Wall_3mx20cm_Door (1),1.41,0.51,-0.59
88.139,2,Wall_3mx20cm_Door (1),1.41,0.52,-0.70
88.166,2,Wall_3mx20cm_Door (1),1.41,0.53,-0.80
88.223,2,Wall_3mx20cm_Door (1),1.41,0.58,-0.96
88.250,2,Wall_3mx20cm_Door (1),1.41,0.60,-0.98
88.279,2,Wall_3mx20cm_Door (1),1.41,0.64,-0.97
88.306,2,Wall_3mx20cm_Door (1),1.41,0.67,-0.94
88.334,2,Wall_3mx20cm_Door (1),1.41,0.67,-0.90
88.390,2,Wall_3mx20cm_Door (1),1.41,0.58,-0.80
88.418,2,Wall_3mx20cm_Door (1),1.41,0.52,-0.75
88.445,2,Wall_3mx20cm_Door (1),1.41,0.47,-0.73
88.474,2,Wall_3mx20cm_Door (1),1.41,0.38,-0.71
88.503,2,Wall_3mx20cm_Door (1),1.41,0.27,-0.69
88.558,2,Wall_3mx20cm_Door (1),1.41,0.03,-0.64
88.585,2,Wall_3mx20cm_Door (1),1.41,-0.11,-0.61
88.612,2,Wall_3mx20cm_Door (1),1.41,-0.22,-0.56
88.641,2,Wall_3mx20cm_Door (1),1.41,-0.29,-0.52
88.668,2,Wall_3mx20cm_Door (1),1.41,-0.40,-0.49
88.725,2,Wall_3mx20cm_Door (1),1.41,-0.64,-0.42
88.752,2,Wall_3mx20cm_Door (1),1.41,-0.75,-0.40
88.780,2,Wall_3mx20cm_Door (1),1.41,-0.86,-0.38
88.808,2,Auto Hand Player,6.40,-0.70,-1.75
88.836,2,Wall_3mx20cm_Door (1),1.41,-1.09,-0.31
88.892,2,Wall_3mx20cm_Wood_Panels (2),1.73,-1.26,-0.31
88.921,2,Auto Hand Player,6.39,-0.71,-1.74
88.948,2,Auto Hand Player,6.38,-0.71,-1.74
88.974,2,Auto Hand Player,6.38,-0.71,-1.74
89.003,2,Wall_3mx20cm_Wood_Panels (2),2.22,-1.38,-0.31
89.059,2,Wall_3mx20cm_Wood_Panels (2),2.43,-1.41,-0.31
89.086,2,Auto Hand Player,6.36,-0.72,-1.73
89.114,2,Wall_3mx20cm_Wood_Panels (2),2.60,-1.46,-0.31
89.143,2,Auto Hand Player,6.36,-0.72,-1.73
89.171,2,Wall_3mx20cm_Wood_Panels (2),2.68,-1.61,-0.31
89.226,2,Wall_3mx20cm_Wood_Panels (2),2.65,-1.75,-0.31
89.253,2,Auto Hand Player,6.34,-0.73,-1.72
89.282,2,Conference_table,5.06,-1.10,-1.24
89.310,2,Auto Hand Player,6.33,-0.73,-1.72
89.337,2,Auto Hand Player,6.33,-0.73,-1.72
89.393,2,Auto Hand Player,6.32,-0.73,-1.72
89.420,2,Auto Hand Player,6.32,-0.73,-1.72
89.449,2,Conference_table,5.02,-1.10,-1.23
89.476,2,Auto Hand Player,6.32,-0.73,-1.72
89.504,2,Auto Hand Player,6.31,-0.74,-1.71
89.560,2,Conference_table,5.01,-1.10,-1.22
89.588,2,Auto Hand Player,6.31,-0.74,-1.71
89.616,2,Auto Hand Player,6.31,-0.74,-1.71
89.643,2,Auto Hand Player,6.30,-0.74,-1.71
89.671,2,Conference_table,5.17,-1.10,-1.29
89.700,2,Auto Hand Player,6.30,-0.74,-1.71
89.754,2,Auto Hand Player,6.30,-0.74,-1.71
89.783,2,Auto Hand Player,6.29,-0.75,-1.71
89.811,2,Conference_table,5.23,-1.10,-1.32
89.840,2,Auto Hand Player,6.29,-0.75,-1.72
89.867,2,Auto Hand Player,6.29,-0.75,-1.72
89.925,2,Auto Hand Player,6.29,-0.75,-1.72
89.951,2,Auto Hand Player,6.29,-0.75,-1.72
89.979,2,Auto Hand Player,6.29,-0.75,-1.72
90.005,2,Auto Hand Player,6.29,-0.75,-1.72
90.033,2,Auto Hand Player,6.29,-0.74,-1.72
90.088,2,Auto Hand Player,6.30,-0.74,-1.72
90.116,2,Auto Hand Player,6.30,-0.74,-1.73
90.144,2,Wall_3mx20cm_Wood_Panels (2),2.51,-1.67,-0.31
90.172,2,Auto Hand Player,6.31,-0.73,-1.73
90.201,2,Auto Hand Player,6.31,-0.73,-1.73
90.257,2,Auto Hand Player,6.32,-0.72,-1.74
90.286,2,Auto Hand Player,6.32,-0.72,-1.74
90.312,2,Auto Hand Player,6.33,-0.72,-1.74
90.339,2,Wall_3mx20cm_Wood_Panels (2),2.57,-1.05,-0.31
90.367,2,Auto Hand Player,6.34,-0.71,-1.74
90.423,2,Auto Hand Player,6.35,-0.71,-1.74
90.451,2,Wall_3mx20cm_Wood_Panels (2),2.80,-0.82,-0.31
90.479,2,Wall_3mx20cm_Wood_Panels (2),2.80,-0.78,-0.31
90.508,2,Auto Hand Player,6.38,-0.70,-1.74
90.535,2,Wall_3mx20cm_Wood_Panels (2),2.72,-0.66,-0.31
90.591,2,Wall_3mx20cm_Wood_Panels (2),2.63,-0.53,-0.31
90.619,2,Wall_3mx20cm_Wood_Panels (2),2.53,-0.47,-0.31
90.645,2,Wall_3mx20cm_Wood_Panels (2),2.44,-0.41,-0.31
90.673,2,Wall_3mx20cm_Wood_Panels (2),2.36,-0.34,-0.31
90.701,2,Wall_3mx20cm_Wood_Panels (2),2.24,-0.25,-0.31
90.757,2,Wall_3mx20cm_Wood_Panels (2),1.96,-0.09,-0.31
90.786,2,Wall_3mx20cm_Wood_Panels (2),1.80,-0.02,-0.31
90.813,2,Wall_3mx20cm_Wood_Panels (2),1.60,0.06,-0.31
90.841,2,Wall_3mx20cm_Door (1),1.41,0.14,-0.33
90.869,2,Wall_3mx20cm_Door (1),1.41,0.19,-0.41
90.925,2,Wall_3mx20cm_Door (1),1.41,0.37,-0.64
90.954,2,Wall_3mx20cm_Door (1),1.41,0.47,-0.75
90.980,2,Wall_3mx20cm_Door (1),1.41,0.55,-0.87
91.008,2,Wall_3mx20cm_Door (1),1.41,0.62,-0.98
91.036,2,Wall_3mx20cm_Door (1),1.41,0.68,-1.09
91.091,2,Wall_3mx20cm_Conference_Door,1.41,0.80,-1.28
91.119,2,Wall_3mx20cm_Conference_Door,1.41,0.86,-1.37
91.147,2,Wall_3mx20cm_Conference_Door,1.41,0.90,-1.45
91.176,2,Wall_3mx20cm_Conference_Door,1.41,0.93,-1.54
91.203,2,Wall_3mx20cm_Conference_Door,1.41,0.96,-1.62
91.260,2,Timer,1.47,0.95,-1.79
91.286,2,Timer,1.47,0.92,-1.89
91.314,2,Timer,1.47,0.88,-1.97
91.342,2,Timer,1.47,0.87,-2.03
91.370,2,Timer,1.47,0.85,-2.09
91.425,2,Timer,1.47,0.81,-2.17
91.455,2,Timer,1.47,0.82,-2.20
91.481,2,Timer,1.47,0.82,-2.22
91.508,2,Timer,1.47,0.82,-2.24
91.537,2,Timer,1.47,0.82,-2.25
91.592,2,Timer,1.47,0.82,-2.27
91.621,2,Timer,1.47,0.82,-2.27
91.648,2,Timer,1.47,0.82,-2.28
91.676,2,Timer,1.47,0.81,-2.29
91.704,2,Timer,1.47,0.79,-2.30
91.732,2,Timer,1.47,0.77,-2.31
91.787,2,Timer,1.47,0.74,-2.34
91.816,2,Timer,1.47,0.71,-2.37
91.844,2,Timer,1.47,0.68,-2.40
91.871,2,Timer,1.47,0.64,-2.43
91.900,2,Timer,1.47,0.61,-2.46
91.955,2,Timer,1.47,0.52,-2.52
91.982,2,Timer,1.47,0.49,-2.56
92.010,2,Timer,1.47,0.45,-2.60
92.039,2,Timer,1.47,0.39,-2.65
92.067,2,Wall_3mx20cm_Conference_Door,1.38,0.35,-2.71
92.123,2,Conference_Room_Door_R,1.33,0.28,-2.79
92.149,2,Conference_Room_Door_R,1.33,0.24,-2.82
92.177,2,Conference_Room_Door_R,1.33,0.21,-2.85
92.205,2,Conference_Room_Door_R,1.33,0.18,-2.87
92.233,2,Conference_Room_Door_R,1.33,0.17,-2.89
92.318,2,Conference_Room_Door_R,1.33,0.13,-2.91
92.318,2,Conference_Room_Door_R,1.33,0.13,-2.91
92.345,2,Conference_Room_Door_R,1.33,0.11,-2.92
92.373,2,Conference_Room_Door_R,1.33,0.08,-2.93
92.401,2,Conference_Room_Door_R,1.33,0.06,-2.93
92.456,2,Conference_Room_Door_R,1.33,0.03,-2.95
92.484,2,Conference_Room_Door_R,1.33,0.02,-2.96
92.517,2,Conference_Room_Door_R,1.33,0.01,-2.96
92.539,2,Conference_Room_Door_R,1.33,0.00,-2.96
92.567,2,Conference_Room_Door_R,1.33,-0.01,-2.97
92.624,2,Conference_Room_Door_R,1.33,-0.01,-2.98
92.651,2,Conference_Room_Door_R,1.33,-0.01,-2.97
92.678,2,Conference_Room_Door_R,1.33,0.00,-2.97
92.706,2,Conference_Room_Door_R,1.33,0.00,-2.98
92.735,2,Conference_Room_Door_R,1.33,0.00,-2.98
92.790,2,Conference_Room_Door_R,1.33,0.02,-2.98
92.818,2,Conference_Room_Door_R,1.33,0.02,-2.99
92.845,2,Conference_Room_Door_R,1.33,0.02,-2.99
92.874,2,Conference_Room_Door_R,1.33,0.02,-2.99
92.901,2,Conference_Room_Door_R,1.33,0.02,-2.99
92.960,2,Conference_Room_Door_R,1.33,0.03,-2.99
92.984,2,Conference_Room_Door_R,1.33,0.04,-2.99
93.011,2,Conference_Room_Door_R,1.33,0.04,-3.00
93.040,2,Conference_Room_Door_R,1.33,0.05,-3.00
93.068,2,Conference_Room_Door_R,1.33,0.05,-3.00
93.125,2,Conference_Room_Door_R,1.33,0.05,-3.01
93.152,2,Conference_Room_Door_R,1.33,0.05,-3.01
93.181,2,Conference_Room_Door_R,1.33,0.04,-3.02
93.206,2,Conference_Room_Door_R,1.33,0.04,-3.02
93.234,2,Conference_Room_Door_R,1.33,0.04,-3.03
93.290,2,Conference_Room_Door_R,1.33,0.03,-3.04
93.319,2,Conference_Room_Door_R,1.33,0.03,-3.05
93.346,2,Conference_Room_Door_R,1.33,0.02,-3.06
93.374,2,Conference_Room_Door_R,1.33,0.01,-3.07
93.402,2,Conference_Room_Door_R,1.33,0.01,-3.08
93.457,2,Conference_Room_Door_R,1.33,0.00,-3.09
93.486,2,Conference_Room_Door_R,1.33,0.00,-3.10
93.513,2,Conference_Room_Door_R,1.33,-0.01,-3.10
93.541,2,Conference_Room_Door_R,1.33,-0.01,-3.11
93.569,2,Conference_Room_Door_R,1.33,0.00,-3.11
93.626,2,Conference_Room_Door_R,1.33,-0.01,-3.11
93.652,2,Conference_Room_Door_R,1.33,0.00,-3.11
93.681,2,Conference_Room_Door_R,1.33,-0.01,-3.11
93.708,2,Conference_Room_Door_R,1.33,-0.01,-3.12
93.736,2,Conference_Room_Door_R,1.33,-0.01,-3.12
93.792,2,Conference_Room_Door_R,1.33,-0.01,-3.12
93.820,2,Conference_Room_Door_R,1.33,0.00,-3.12
93.849,2,Conference_Room_Door_R,1.33,0.01,-3.11
93.876,2,Conference_Room_Door_R,1.33,0.01,-3.11
93.910,2,Conference_Room_Door_R,1.33,0.01,-3.11
93.960,2,Conference_Room_Door_R,1.33,0.01,-3.10
93.987,2,Conference_Room_Door_R,1.33,0.01,-3.10
94.015,2,Conference_Room_Door_R,1.33,0.01,-3.10
94.043,2,Conference_Room_Door_R,1.33,0.01,-3.11
94.072,2,Conference_Room_Door_R,1.33,0.01,-3.11
94.127,2,Conference_Room_Door_R,1.33,0.01,-3.11
94.154,2,Conference_Room_Door_R,1.33,0.01,-3.12
94.182,2,Conference_Room_Door_R,1.33,0.02,-3.12
94.210,2,Conference_Room_Door_R,1.33,0.02,-3.12
94.238,2,Conference_Room_Door_R,1.33,0.02,-3.12
94.266,2,Conference_Room_Door_R,1.33,0.02,-3.12
94.322,2,Conference_Room_Door_R,1.33,0.03,-3.13
94.348,2,Conference_Room_Door_R,1.33,0.03,-3.13
94.378,2,Conference_Room_Door_R,1.33,0.03,-3.13
94.405,2,Conference_Room_Door_R,1.33,0.02,-3.13
94.460,2,Conference_Room_Door_R,1.33,0.02,-3.13
94.488,2,Conference_Room_Door_R,1.33,0.01,-3.14
94.518,2,Conference_Room_Door_R,1.33,0.01,-3.14
94.544,2,Conference_Room_Door_R,1.33,0.01,-3.13
94.571,2,Conference_Room_Door_R,1.33,0.02,-3.13
94.600,2,Conference_Room_Door_R,1.33,0.02,-3.13
94.656,2,Conference_Room_Door_R,1.33,0.02,-3.13
94.683,2,Conference_Room_Door_R,1.33,0.02,-3.13
94.711,2,Conference_Room_Door_R,1.33,0.02,-3.13
94.740,2,Conference_Room_Door_R,1.33,0.02,-3.13
94.767,2,Conference_Room_Door_R,1.33,0.01,-3.13
94.823,2,Conference_Room_Door_R,1.33,0.01,-3.12
94.851,2,Conference_Room_Door_R,1.33,0.00,-3.12
94.878,2,Conference_Room_Door_R,1.33,0.00,-3.13
94.906,2,Conference_Room_Door_R,1.33,0.00,-3.12
94.933,2,Conference_Room_Door_R,1.33,0.00,-3.12
94.990,2,Conference_Room_Door_R,1.33,0.00,-3.12
95.018,2,Conference_Room_Door_R,1.33,0.00,-3.12
95.046,2,Conference_Room_Door_R,1.33,0.01,-3.12
95.073,2,Conference_Room_Door_R,1.33,0.01,-3.13
95.101,2,Conference_Room_Door_R,1.33,0.01,-3.13
95.156,2,Conference_Room_Door_R,1.33,0.01,-3.13
95.186,2,Conference_Room_Door_R,1.33,0.02,-3.13
95.212,2,Conference_Room_Door_R,1.33,0.02,-3.13
95.240,2,Conference_Room_Door_R,1.33,0.01,-3.13
95.268,2,Conference_Room_Door_R,1.33,0.01,-3.12
95.324,2,Conference_Room_Door_R,1.33,0.01,-3.12
95.351,2,Conference_Room_Door_R,1.33,0.01,-3.12
95.379,2,Conference_Room_Door_R,1.33,0.02,-3.13
95.408,2,Conference_Room_Door_R,1.33,0.02,-3.13
95.435,2,Conference_Room_Door_R,1.33,0.03,-3.13
95.490,2,Conference_Room_Door_R,1.33,0.03,-3.13
95.518,2,Conference_Room_Door_R,1.33,0.03,-3.13
95.546,2,Conference_Room_Door_R,1.33,0.02,-3.12
95.574,2,Conference_Room_Door_R,1.33,0.02,-3.12
95.603,2,Conference_Room_Door_R,1.33,0.02,-3.12
95.658,2,Conference_Room_Door_R,1.33,0.02,-3.12
95.686,2,Conference_Room_Door_R,1.33,0.02,-3.12
95.714,2,Conference_Room_Door_R,1.33,0.02,-3.12
95.742,2,Conference_Room_Door_R,1.33,0.02,-3.12
95.769,2,Conference_Room_Door_R,1.33,0.02,-3.12
95.825,2,Conference_Room_Door_R,1.33,0.01,-3.12
95.854,2,Conference_Room_Door_R,1.33,0.01,-3.12
95.881,2,Conference_Room_Door_R,1.33,0.01,-3.12
95.908,2,Conference_Room_Door_R,1.33,0.01,-3.12
95.936,2,Conference_Room_Door_R,1.33,0.01,-3.12
95.990,2,Conference_Room_Door_R,1.33,0.01,-3.13
96.019,2,Conference_Room_Door_R,1.33,0.02,-3.13
96.047,2,Conference_Room_Door_R,1.33,0.02,-3.12
96.076,2,Conference_Room_Door_R,1.33,0.02,-3.12
96.103,2,Conference_Room_Door_R,1.33,0.02,-3.12
96.158,2,Conference_Room_Door_R,1.33,0.02,-3.12
96.186,2,Conference_Room_Door_R,1.33,0.02,-3.12
96.218,2,Conference_Room_Door_R,1.33,0.03,-3.12
96.243,2,Conference_Room_Door_R,1.33,0.04,-3.12
96.270,2,Conference_Room_Door_R,1.33,0.04,-3.12
96.299,2,Conference_Room_Door_R,1.33,0.05,-3.12
96.353,2,Conference_Room_Door_R,1.33,0.06,-3.12
96.381,2,Conference_Room_Door_R,1.33,0.06,-3.12
96.409,2,Conference_Room_Door_R,1.33,0.06,-3.12
96.437,2,Conference_Room_Door_R,1.33,0.06,-3.11
96.491,2,Conference_Room_Door_R,1.33,0.06,-3.12
96.521,2,Conference_Room_Door_R,1.33,0.06,-3.12
96.548,2,Conference_Room_Door_R,1.33,0.06,-3.12
96.576,2,Conference_Room_Door_R,1.33,0.06,-3.12
96.605,2,Conference_Room_Door_R,1.33,0.06,-3.12
96.634,2,Conference_Room_Door_R,1.33,0.06,-3.12
96.687,2,Conference_Room_Door_R,1.33,0.06,-3.12
96.715,2,Conference_Room_Door_R,1.33,0.06,-3.12
96.746,2,Conference_Room_Door_R,1.33,0.06,-3.12
96.771,2,Conference_Room_Door_R,1.33,0.06,-3.12
96.799,2,Conference_Room_Door_R,1.33,0.06,-3.12
96.854,2,Conference_Room_Door_R,1.33,0.06,-3.12
96.883,2,Conference_Room_Door_R,1.33,0.06,-3.12
96.910,2,Conference_Room_Door_R,1.33,0.06,-3.12
96.938,2,Conference_Room_Door_R,1.33,0.06,-3.12
96.966,2,Conference_Room_Door_R,1.33,0.06,-3.11
97.021,2,Conference_Room_Door_R,1.33,0.06,-3.11
97.049,2,Conference_Room_Door_R,1.33,0.06,-3.11
97.078,2,Conference_Room_Door_R,1.33,0.07,-3.11
97.105,2,Conference_Room_Door_R,1.33,0.07,-3.12
97.133,2,Conference_Room_Door_R,1.33,0.08,-3.12
97.190,2,Conference_Room_Door_R,1.33,0.09,-3.12
97.217,2,Conference_Room_Door_R,1.33,0.09,-3.12
97.245,2,Conference_Room_Door_R,1.33,0.09,-3.12
97.272,2,Conference_Room_Door_R,1.33,0.09,-3.12
97.300,2,Conference_Room_Door_R,1.33,0.08,-3.12
97.356,2,Conference_Room_Door_R,1.33,0.09,-3.12
97.384,2,Conference_Room_Door_R,1.33,0.09,-3.12
97.413,2,Conference_Room_Door_R,1.33,0.09,-3.12
97.440,2,Conference_Room_Door_R,1.33,0.09,-3.12
97.467,2,Conference_Room_Door_R,1.33,0.09,-3.12
97.523,2,Conference_Room_Door_R,1.33,0.10,-3.12
97.550,2,Conference_Room_Door_R,1.33,0.10,-3.12
97.578,2,Conference_Room_Door_R,1.33,0.10,-3.13
97.607,2,Conference_Room_Door_R,1.33,0.10,-3.13
97.636,2,Conference_Room_Door_R,1.33,0.10,-3.13
97.690,2,Conference_Room_Door_R,1.33,0.11,-3.14
97.718,2,Conference_Room_Door_R,1.33,0.11,-3.13
97.746,2,Conference_Room_Door_R,1.33,0.10,-3.13
97.774,2,Conference_Room_Door_R,1.33,0.10,-3.13
97.802,2,Conference_Room_Door_R,1.33,0.10,-3.12
97.859,2,Conference_Room_Door_R,1.33,0.11,-3.12
97.885,2,Conference_Room_Door_R,1.33,0.11,-3.12
97.913,2,Conference_Room_Door_R,1.33,0.12,-3.12
97.942,2,Conference_Room_Door_R,1.33,0.12,-3.12
97.970,2,Conference_Room_Door_R,1.33,0.13,-3.12
98.024,2,Conference_Room_Door_R,1.33,0.14,-3.11
98.051,2,Conference_Room_Door_R,1.33,0.15,-3.11
98.082,2,Conference_Room_Door_R,1.33,0.15,-3.11
98.108,2,Conference_Room_Door_R,1.33,0.15,-3.10
98.136,2,Conference_Room_Door_R,1.33,0.16,-3.10
98.191,2,Conference_Room_Door_R,1.33,0.17,-3.09
98.220,2,Conference_Room_Door_R,1.33,0.17,-3.09
98.247,2,Conference_Room_Door_R,1.33,0.18,-3.08
98.275,2,Conference_Room_Door_R,1.33,0.18,-3.08
98.305,2,Conference_Room_Door_R,1.33,0.18,-3.08
98.358,2,Conference_Room_Door_R,1.33,0.18,-3.08
98.387,2,Conference_Room_Door_R,1.33,0.18,-3.08
98.413,2,Conference_Room_Door_R,1.33,0.18,-3.08
98.441,2,Conference_Room_Door_R,1.33,0.18,-3.09
98.469,2,Conference_Room_Door_R,1.33,0.18,-3.09
98.527,2,Conference_Room_Door_R,1.33,0.18,-3.09
98.554,2,Conference_Room_Door_R,1.33,0.17,-3.09
98.581,2,Conference_Room_Door_R,1.33,0.17,-3.09
98.608,2,Conference_Room_Door_R,1.33,0.17,-3.10
98.637,2,Conference_Room_Door_R,1.33,0.17,-3.10
98.692,2,Conference_Room_Door_R,1.33,0.16,-3.11
98.721,2,Conference_Room_Door_R,1.33,0.16,-3.12
98.749,2,Conference_Room_Door_R,1.33,0.17,-3.12
98.776,2,Conference_Room_Door_R,1.33,0.17,-3.13
98.804,2,Conference_Room_Door_R,1.33,0.17,-3.13
98.833,2,Conference_Room_Door_R,1.33,0.17,-3.13
98.888,2,Conference_Room_Door_R,1.33,0.18,-3.14
98.916,2,Conference_Room_Door_R,1.33,0.18,-3.14
98.944,2,Conference_Room_Door_R,1.33,0.18,-3.14
98.973,2,Conference_Room_Door_R,1.33,0.17,-3.14
98.999,2,Conference_Room_Door_R,1.33,0.17,-3.14
99.055,2,Conference_Room_Door_R,1.33,0.17,-3.14
99.083,2,Conference_Room_Door_R,1.33,0.17,-3.14
99.110,2,Conference_Room_Door_R,1.33,0.17,-3.14
99.138,2,Conference_Room_Door_R,1.33,0.18,-3.13
99.166,2,Conference_Room_Door_R,1.33,0.18,-3.13
99.223,2,Conference_Room_Door_R,1.33,0.19,-3.12
99.249,2,Conference_Room_Door_R,1.33,0.20,-3.12
99.277,2,Conference_Room_Door_R,1.33,0.20,-3.12
99.305,2,Conference_Room_Door_R,1.33,0.21,-3.12
99.332,2,Conference_Room_Door_R,1.33,0.22,-3.11
99.390,2,Conference_Room_Door_R,1.33,0.22,-3.10
99.419,2,Conference_Room_Door_R,1.33,0.23,-3.09
99.445,2,Conference_Room_Door_R,1.33,0.23,-3.09
99.473,2,Conference_Room_Door_R,1.33,0.24,-3.08
99.501,2,Conference_Room_Door_R,1.33,0.24,-3.08
99.556,2,Conference_Room_Door_R,1.33,0.26,-3.07
99.585,2,Conference_Room_Door_R,1.33,0.27,-3.06
99.611,2,Conference_Room_Door_R,1.33,0.28,-3.05
99.640,2,Conference_Room_Door_R,1.33,0.29,-3.04
99.667,2,Conference_Room_Door_R,1.33,0.30,-3.03
99.722,2,None,0,0,0
99.750,2,None,0,0,0
99.778,2,None,0,0,0
99.807,2,None,0,0,0
99.833,2,None,0,0,0
99.890,2,None,0,0,0
99.918,2,Wall_3mx20cm_Conference_Door,1.22,0.35,-2.99
99.946,2,Wall_3mx20cm_Conference_Door,1.23,0.35,-2.98
99.974,2,Wall_3mx20cm_Conference_Door,1.25,0.35,-2.97
100.001,2,Wall_3mx20cm_Conference_Door,1.25,0.35,-2.95
100.057,2,Wall_3mx20cm_Conference_Door,1.28,0.35,-2.93
100.086,2,Wall_3mx20cm_Conference_Door,1.34,0.35,-2.91
100.113,2,Wall_3mx20cm_Conference_Door,1.38,0.35,-2.90
100.141,2,Wall_3mx20cm_Conference_Door,1.41,0.36,-2.89
100.169,2,Wall_3mx20cm_Conference_Door,1.41,0.36,-2.88
100.225,2,Wall_3mx20cm_Conference_Door,1.41,0.36,-2.88
100.252,2,Wall_3mx20cm_Conference_Door,1.41,0.36,-2.88
100.280,2,Wall_3mx20cm_Conference_Door,1.41,0.36,-2.87
100.309,2,Wall_3mx20cm_Conference_Door,1.41,0.35,-2.87
100.336,2,Wall_3mx20cm_Conference_Door,1.40,0.35,-2.87
100.391,2,Wall_3mx20cm_Conference_Door,1.41,0.36,-2.88
100.419,2,Wall_3mx20cm_Conference_Door,1.41,0.36,-2.88
100.446,2,Wall_3mx20cm_Conference_Door,1.41,0.36,-2.89
100.474,2,Wall_3mx20cm_Conference_Door,1.41,0.36,-2.89
100.503,2,Wall_3mx20cm_Conference_Door,1.41,0.36,-2.89
100.558,2,Wall_3mx20cm_Conference_Door,1.39,0.35,-2.89
100.586,2,Wall_3mx20cm_Conference_Door,1.36,0.35,-2.90
100.614,2,Wall_3mx20cm_Conference_Door,1.33,0.35,-2.90
100.642,2,Wall_3mx20cm_Conference_Door,1.30,0.35,-2.91
100.669,2,Wall_3mx20cm_Conference_Door,1.28,0.35,-2.91
100.726,2,None,0,0,0
100.756,2,None,0,0,0
100.783,2,None,0,0,0
100.809,2,None,0,0,0
100.836,2,None,0,0,0
100.892,2,None,0,0,0
100.920,2,None,0,0,0
100.947,2,None,0,0,0
100.977,2,None,0,0,0
101.004,2,Wall_3mx20cm_Conference_Door,1.23,0.35,-2.90
101.033,2,Wall_3mx20cm_Conference_Door,1.22,0.35,-2.90
101.086,2,Wall_3mx20cm_Conference_Door,1.23,0.35,-2.88
101.115,2,None,0,0,0
101.143,2,None,0,0,0
101.171,2,None,0,0,0
101.200,2,None,0,0,0
101.254,2,Wall_3mx20cm_Conference_Door,1.23,0.35,-2.84
101.283,2,Wall_3mx20cm_Conference_Door,1.29,0.35,-2.82
101.310,2,Wall_3mx20cm_Conference_Door,1.35,0.35,-2.81
101.338,2,Wall_3mx20cm_Conference_Door,1.40,0.35,-2.79
101.393,2,Wall_3mx20cm_Conference_Door,1.41,0.37,-2.78
101.422,2,Wall_3mx20cm_Conference_Door,1.41,0.37,-2.77
101.448,2,Wall_3mx20cm_Conference_Door,1.41,0.38,-2.76
101.476,2,Wall_3mx20cm_Conference_Door,1.41,0.38,-2.75
101.505,2,Wall_3mx20cm_Conference_Door,1.41,0.38,-2.74
101.560,2,Wall_3mx20cm_Conference_Door,1.41,0.37,-2.71
101.588,2,Wall_3mx20cm_Conference_Door,1.41,0.36,-2.71
101.616,2,Wall_3mx20cm_Conference_Door,1.41,0.36,-2.70
101.646,2,Wall_3mx20cm_Conference_Door,1.41,0.37,-2.71
101.672,2,Wall_3mx20cm_Conference_Door,1.41,0.37,-2.71
101.700,2,Wall_3mx20cm_Conference_Door,1.41,0.37,-2.71
101.756,2,Wall_3mx20cm_Conference_Door,1.41,0.37,-2.69
101.784,2,Wall_3mx20cm_Conference_Door,1.41,0.37,-2.67
101.811,2,Wall_3mx20cm_Conference_Door,1.41,0.36,-2.64
101.840,2,Wall_3mx20cm_Conference_Door,1.41,0.36,-2.60
101.869,2,Wall_3mx20cm_Conference_Door,1.41,0.36,-2.57
101.923,2,Wall_3mx20cm_Conference_Door,1.41,0.37,-2.49
101.951,2,Wall_3mx20cm_Conference_Door,1.30,0.35,-2.46
101.980,2,Conference_Room_Door_L,1.33,0.29,-2.42
102.006,2,Conference_Room_Door_L,1.33,0.24,-2.37
102.034,2,Conference_Room_Door_L,1.33,0.20,-2.31
102.091,2,Conference_Room_Door_L,1.33,0.15,-2.23
102.119,2,Conference_Room_Door_L,1.33,0.11,-2.19
102.145,2,Conference_Room_Door_L,1.33,0.08,-2.15
102.174,2,Conference_Room_Door_L,1.33,0.05,-2.13
102.201,2,Conference_Room_Door_L,1.33,0.04,-2.12
102.256,2,Conference_Room_Door_L,1.33,0.05,-2.12
102.284,2,Conference_Room_Door_L,1.33,0.03,-2.13
102.312,2,Conference_Room_Door_L,1.33,0.02,-2.17
102.341,2,Conference_Room_Door_L,1.33,0.00,-2.22
102.368,2,Conference_Room_Door_L,1.33,-0.02,-2.28
102.408,2,Conference_Room_Door_L,1.33,0.00,-2.32
102.440,2,Conference_Room_Door_L,1.33,0.04,-2.33
102.466,2,Conference_Room_Door_L,1.33,0.10,-2.32
102.524,2,Conference_Room_Door_L,1.33,0.20,-2.32
102.554,2,Conference_Room_Door_L,1.33,0.25,-2.34
102.579,2,Wall_3mx20cm_Conference_Door,1.41,0.37,-2.34
102.606,2,Timer,1.47,0.48,-2.35
102.633,2,Timer,1.47,0.59,-2.34
102.688,2,Timer,1.47,0.96,-2.26
102.716,2,Wall_3mx20cm_Conference_Door,1.41,1.23,-2.23
102.745,2,Wall_3mx20cm_Conference_Door,1.41,1.40,-2.24
102.771,2,Ceiling_log_3m (20),1.52,1.51,-2.22
102.800,2,Ceiling_log_3m (20),1.52,1.69,-2.19
102.855,2,Ceiling_log_3m (21),2.46,1.58,-2.11
102.883,2,Ceiling_3x3m (6),2.54,1.70,-2.10
102.912,2,Ceiling_3x3m (6),2.76,1.70,-2.09
102.940,2,Ceiling_3x3m (6),2.81,1.70,-2.05
102.972,2,Ceiling_3x3m (6),2.88,1.70,-2.00
103.023,2,Ceiling_3x3m (6),2.95,1.70,-1.92
103.050,2,Ceiling_3x3m (6),3.02,1.70,-1.89
103.082,2,Ceiling_log_3m (22),3.44,1.50,-1.85
103.106,2,Ceiling_log_3m (22),3.45,1.55,-1.85
103.134,2,Ceiling_log_3m (22),3.45,1.62,-1.86
103.192,2,Ceiling_3x3m (8),3.60,1.70,-1.85
103.220,2,Ceiling_3x3m (8),3.71,1.70,-1.84
103.246,2,Ceiling_3x3m (8),3.81,1.70,-1.84
103.274,2,Ceiling_3x3m (8),3.88,1.70,-1.84
103.306,2,Ceiling_3x3m (8),3.90,1.70,-1.83
103.360,2,Ceiling_3x3m (8),3.98,1.70,-1.80
103.385,2,Ceiling_3x3m (8),4.03,1.70,-1.79
103.415,2,Ceiling_3x3m (8),4.06,1.70,-1.77
103.442,2,Ceiling_3x3m (8),4.09,1.70,-1.76
103.470,2,Ceiling_3x3m (8),4.11,1.70,-1.75
103.525,2,Ceiling_3x3m (8),4.14,1.70,-1.73
103.552,2,Ceiling_3x3m (8),4.15,1.70,-1.73
103.581,2,Ceiling_log_3m (23),4.36,1.50,-1.74
103.608,2,Ceiling_log_3m (23),4.37,1.50,-1.74
103.638,2,Ceiling_log_3m (23),4.37,1.50,-1.74
103.692,2,Ceiling_log_3m (23),4.38,1.50,-1.75
103.720,2,Ceiling_log_3m (23),4.39,1.50,-1.76
103.747,2,Ceiling_log_3m (23),4.38,1.50,-1.77
103.776,2,Ceiling_log_3m (23),4.38,1.50,-1.78
103.804,2,Ceiling_log_3m (23),4.38,1.50,-1.79
103.861,2,Ceiling_log_3m (23),4.36,1.50,-1.81
103.887,2,Ceiling_log_3m (23),4.36,1.50,-1.83
103.915,2,Ceiling_log_3m (23),4.37,1.50,-1.84
103.942,2,Ceiling_log_3m (23),4.36,1.50,-1.85
103.971,2,Ceiling_3x3m (8),4.15,1.70,-1.87
104.035,2,Ceiling_3x3m (8),4.12,1.70,-1.92
104.035,2,Ceiling_3x3m (8),4.12,1.70,-1.92
104.070,2,Ceiling_3x3m (8),4.09,1.70,-1.95
104.171,2,Ceiling_3x3m (8),4.06,1.70,-1.98
104.171,2,Ceiling_3x3m (8),4.06,1.70,-1.98
104.171,2,Ceiling_3x3m (8),4.06,1.70,-1.98
