t,cond,hitObj,x,y,z
5.669,0,Collider,6.49,-1.17,-1.80
5.669,0,Collider,6.49,-1.17,-1.80
5.669,0,Collider,6.49,-1.17,-1.80
5.669,0,Collider,6.49,-1.17,-1.80
5.669,0,Collider,6.49,-1.17,-1.80
5.669,0,Collider,6.49,-1.17,-1.80
5.669,0,Collider,6.49,-1.17,-1.80
5.669,0,Collider,6.49,-1.17,-1.80
5.669,0,Collider,6.49,-1.17,-1.80
5.669,0,Collider,6.49,-1.17,-1.80
5.669,0,Collider,6.49,-1.17,-1.80
5.669,0,Collider,6.49,-1.17,-1.80
5.669,0,Collider,6.49,-1.17,-1.80
5.669,0,Collider,6.49,-1.17,-1.80
5.669,0,Collider,6.49,-1.17,-1.80
5.669,0,Collider,6.49,-1.17,-1.80
5.669,0,Collider,6.49,-1.17,-1.80
5.669,0,Collider,6.49,-1.17,-1.80
5.669,0,Collider,6.49,-1.17,-1.80
5.669,0,Collider,6.49,-1.17,-1.80
5.669,0,Collider,6.49,-1.17,-1.80
5.669,0,Collider,6.49,-1.17,-1.80
5.669,0,Collider,6.49,-1.17,-1.80
5.669,0,Collider,6.49,-1.17,-1.80
5.669,0,Collider,6.49,-1.17,-1.80
5.669,0,Collider,6.49,-1.17,-1.80
5.669,0,Collider,6.49,-1.17,-1.80
5.669,0,Collider,6.49,-1.17,-1.80
5.669,0,Collider,6.49,-1.17,-1.80
5.669,0,Collider,6.49,-1.17,-1.80
5.669,0,Collider,6.49,-1.17,-1.80
5.669,0,Collider,6.49,-1.17,-1.80
5.669,0,Collider,6.49,-1.17,-1.80
5.669,0,Collider,6.49,-1.17,-1.80
5.669,0,Collider,6.49,-1.17,-1.80
5.669,0,Collider,6.49,-1.17,-1.80
5.669,0,Collider,6.49,-1.17,-1.80
5.669,0,Collider,6.49,-1.17,-1.80
5.669,0,Collider,6.49,-1.17,-1.80
5.669,0,Collider,6.49,-1.17,-1.80
5.669,0,Collider,6.49,-1.17,-1.80
5.669,0,Collider,6.49,-1.17,-1.80
5.669,0,Collider,6.49,-1.17,-1.80
5.669,0,Collider,6.49,-1.17,-1.80
5.669,0,Collider,6.49,-1.17,-1.80
5.669,0,Collider,6.49,-1.17,-1.80
5.669,0,Collider,6.49,-1.17,-1.80
5.669,0,Collider,6.49,-1.17,-1.80
5.669,0,Collider,6.49,-1.17,-1.80
5.669,0,Collider,6.49,-1.17,-1.80
5.669,0,Collider,6.49,-1.17,-1.80
5.669,0,Collider,6.49,-1.17,-1.80
5.669,0,Collider,6.49,-1.17,-1.80
5.669,0,Collider,6.49,-1.17,-1.80
5.669,0,Collider,6.49,-1.17,-1.80
5.669,0,Collider,6.49,-1.17,-1.80
5.669,0,Collider,6.49,-1.17,-1.80
5.669,0,Collider,6.49,-1.17,-1.80
5.669,0,Collider,6.49,-1.17,-1.80
5.669,0,Collider,6.49,-1.17,-1.80
5.669,0,Collider,6.49,-1.17,-1.80
5.669,0,Collider,6.49,-1.17,-1.80
5.669,0,Collider,6.49,-1.17,-1.80
5.669,0,Collider,6.49,-1.17,-1.80
5.669,0,Collider,6.49,-1.17,-1.80
5.669,0,Collider,6.49,-1.17,-1.80
5.669,0,Collider,6.49,-1.17,-1.80
5.669,0,Collider,6.49,-1.17,-1.80
5.669,0,Collider,6.49,-1.17,-1.80
5.669,0,Collider,6.49,-1.17,-1.80
5.669,0,Collider,6.49,-1.17,-1.80
5.669,0,Collider,6.49,-1.17,-1.80
5.669,0,Collider,6.49,-1.17,-1.80
5.669,0,Collider,6.49,-1.17,-1.80
5.669,0,Collider,6.49,-1.17,-1.80
5.669,0,Collider,6.49,-1.17,-1.80
5.669,0,Collider,6.49,-1.17,-1.80
5.669,0,Collider,6.49,-1.17,-1.80
5.669,0,Collider,6.49,-1.17,-1.80
5.669,0,Collider,6.49,-1.17,-1.80
5.669,0,Collider,6.49,-1.17,-1.80
5.669,0,Collider,6.49,-1.17,-1.80
5.669,0,Collider,6.49,-1.17,-1.80
5.669,0,Collider,6.49,-1.17,-1.80
5.669,0,Collider,6.49,-1.17,-1.80
5.669,0,Collider,6.49,-1.17,-1.80
5.669,0,Collider,6.49,-1.17,-1.80
5.669,0,Collider,6.49,-1.17,-1.80
5.669,0,Collider,6.49,-1.17,-1.80
5.669,0,Collider,6.49,-1.17,-1.80
5.669,0,Collider,6.49,-1.17,-1.80
5.669,0,Collider,6.49,-1.17,-1.80
5.669,0,Collider,6.49,-1.17,-1.80
5.669,0,Collider,6.49,-1.17,-1.80
5.669,0,Collider,6.49,-1.17,-1.80
5.669,0,Collider,6.49,-1.17,-1.80
5.669,0,Collider,6.49,-1.17,-1.80
5.669,0,Collider,6.49,-1.17,-1.80
5.669,0,Collider,6.49,-1.17,-1.80
5.669,0,Collider,6.49,-1.17,-1.80
5.669,0,Collider,6.49,-1.17,-1.80
5.669,0,Collider,6.49,-1.17,-1.80
5.669,0,Collider,6.49,-1.17,-1.80
5.669,0,Collider,6.49,-1.17,-1.80
5.669,0,Collider,6.49,-1.17,-1.80
5.669,0,Collider,6.49,-1.17,-1.80
5.669,0,Collider,6.49,-1.17,-1.80
5.669,0,Collider,6.49,-1.17,-1.80
5.669,0,Collider,6.49,-1.17,-1.80
5.669,0,Collider,6.49,-1.17,-1.80
5.669,0,Collider,6.49,-1.17,-1.80
5.669,0,Collider,6.49,-1.17,-1.80
5.669,0,Collider,6.49,-1.17,-1.80
5.669,0,Collider,6.49,-1.17,-1.80
5.669,0,Collider,6.49,-1.17,-1.80
5.669,0,Collider,6.49,-1.17,-1.80
5.669,0,Collider,6.49,-1.17,-1.80
5.669,0,Collider,6.49,-1.17,-1.80
5.669,0,Collider,6.49,-1.17,-1.80
5.669,0,Collider,6.49,-1.17,-1.80
5.669,0,Collider,6.49,-1.17,-1.80
5.669,0,Collider,6.49,-1.17,-1.80
5.669,0,Collider,6.49,-1.17,-1.80
5.669,0,Collider,6.49,-1.17,-1.80
5.669,0,Collider,6.49,-1.17,-1.80
5.669,0,Collider,6.49,-1.17,-1.80
5.669,0,Collider,6.49,-1.17,-1.80
5.669,0,Collider,6.49,-1.17,-1.80
5.669,0,Collider,6.49,-1.17,-1.80
5.669,0,Collider,6.49,-1.17,-1.80
5.669,0,Collider,6.49,-1.17,-1.80
5.669,0,Collider,6.49,-1.17,-1.80
5.669,0,Collider,6.49,-1.17,-1.80
5.669,0,Collider,6.49,-1.17,-1.80
5.669,0,Collider,6.49,-1.17,-1.80
5.669,0,Collider,6.49,-1.17,-1.80
5.669,0,Collider,6.49,-1.17,-1.80
5.669,0,Collider,6.49,-1.17,-1.80
5.669,0,Collider,6.49,-1.17,-1.80
5.669,0,Collider,6.49,-1.17,-1.80
5.669,0,Collider,6.49,-1.17,-1.80
5.669,0,Collider,6.49,-1.17,-1.80
5.669,0,Collider,6.49,-1.17,-1.80
5.669,0,Collider,6.49,-1.17,-1.80
5.669,0,Collider,6.49,-1.17,-1.80
5.669,0,Collider,6.49,-1.17,-1.80
5.669,0,Collider,6.49,-1.17,-1.80
5.669,0,Collider,6.49,-1.17,-1.80
5.669,0,Collider,6.49,-1.17,-1.80
5.669,0,Collider,6.49,-1.17,-1.80
5.669,0,Collider,6.49,-1.17,-1.80
5.669,0,Collider,6.49,-1.17,-1.80
5.669,0,Collider,6.49,-1.17,-1.80
5.669,0,Collider,6.49,-1.17,-1.80
5.669,0,Collider,6.49,-1.17,-1.80
5.669,0,Collider,6.49,-1.17,-1.80
5.669,0,Collider,6.49,-1.17,-1.80
5.669,0,Collider,6.49,-1.17,-1.80
5.669,0,Collider,6.49,-1.17,-1.80
5.669,0,Collider,6.49,-1.17,-1.80
5.669,0,Collider,6.49,-1.17,-1.80
5.669,0,Collider,6.49,-1.17,-1.80
5.669,0,Collider,6.49,-1.17,-1.80
5.669,0,Collider,6.49,-1.17,-1.80
5.669,0,Collider,6.49,-1.17,-1.80
5.669,0,Collider,6.49,-1.17,-1.80
5.669,0,Collider,6.49,-1.17,-1.80
5.669,0,Collider,6.49,-1.17,-1.80
5.669,0,Collider,6.49,-1.17,-1.80
5.669,0,Collider,6.49,-1.17,-1.80
5.669,0,Collider,6.49,-1.17,-1.80
5.702,0,Middle1,6.47,-1.28,-1.80
5.745,0,Middle,6.47,-1.37,-1.80
5.773,0,Collider,6.49,-1.43,-1.80
5.801,0,Collider,6.49,-1.48,-1.80
5.842,0,Middle,6.48,-1.68,-1.80
5.873,0,Middle1,6.47,-1.72,-1.80
5.912,0,Collider,6.49,-1.67,-1.80
5.941,0,Collider,6.49,-1.63,-1.80
5.968,0,Collider,6.49,-1.64,-1.80
6.009,0,Collider,6.49,-1.65,-1.80
6.037,0,Collider,6.49,-1.65,-1.80
6.080,0,Collider,6.49,-1.65,-1.80
6.107,0,Collider,6.49,-1.65,-1.80
6.134,0,Collider,6.49,-1.65,-1.80
6.177,0,Collider,6.49,-1.65,-1.80
6.204,0,Collider,6.49,-1.65,-1.80
6.246,0,Collider,6.49,-1.65,-1.80
6.274,0,Collider,6.49,-1.65,-1.80
6.313,0,Collider,6.49,-1.65,-1.80
6.371,0,Ceiling_3x3m (6),2.54,1.70,-1.21
6.371,0,Ceiling_3x3m (6),2.54,1.70,-1.21
6.409,0,Ceiling_log_3m (21),2.46,1.60,-1.20
6.436,0,Ceiling_log_3m (21),2.46,1.61,-1.20
6.467,0,Ceiling_log_3m (21),2.46,1.61,-1.20
6.510,0,Ceiling_log_3m (21),2.46,1.63,-1.20
6.537,0,Ceiling_log_3m (21),2.46,1.63,-1.20
6.567,0,Ceiling_log_3m (21),2.46,1.63,-1.22
6.625,0,Ceiling_log_3m (21),2.46,1.66,-1.24
6.653,0,Ceiling_log_3m (21),2.46,1.66,-1.25
6.681,0,Ceiling_log_3m (21),2.46,1.66,-1.26
6.710,0,Ceiling_log_3m (21),2.46,1.65,-1.27
6.736,0,Ceiling_log_3m (21),2.46,1.66,-1.28
6.792,0,Ceiling_log_3m (21),2.46,1.65,-1.32
6.819,0,Ceiling_log_3m (21),2.46,1.62,-1.34
6.847,0,Ceiling_log_3m (21),2.46,1.57,-1.36
6.875,0,Ceiling_log_3m (21),2.46,1.52,-1.39
6.905,0,Ceiling_log_3m (21),2.38,1.50,-1.42
6.960,0,Ceiling_3x3m (6),1.79,1.70,-1.45
6.989,0,Ceiling_3x3m (6),1.66,1.70,-1.48
7.012,0,Ceiling_3x3m (6),1.58,1.70,-1.51
7.035,0,Ceiling_3x3m (6),1.54,1.70,-1.53
7.069,0,Ceiling_3x3m (6),1.53,1.70,-1.55
7.109,0,Ceiling_log_3m (20),1.52,1.68,-1.56
7.137,0,Ceiling_log_3m (20),1.52,1.66,-1.56
7.179,0,Ceiling_log_3m (20),1.52,1.65,-1.56
7.207,0,Ceiling_log_3m (20),1.52,1.65,-1.56
7.235,0,Ceiling_log_3m (20),1.52,1.63,-1.55
7.277,0,Ceiling_log_3m (20),1.52,1.61,-1.55
7.304,0,Ceiling_log_3m (20),1.52,1.60,-1.55
7.334,0,Ceiling_log_3m (20),1.52,1.58,-1.55
7.374,0,Ceiling_log_3m (20),1.52,1.56,-1.57
7.401,0,Ceiling_log_3m (20),1.52,1.55,-1.59
7.443,0,Ceiling_log_3m (20),1.52,1.55,-1.61
7.472,0,Ceiling_log_3m (20),1.52,1.53,-1.61
7.500,0,Ceiling_log_3m (20),1.52,1.51,-1.62
7.543,0,Wall_3mx20cm_Conference_Door,1.41,1.50,-1.63
7.571,0,Wall_3mx20cm_Conference_Door,1.41,1.44,-1.63
7.612,0,Wall_3mx20cm_Conference_Door,1.41,1.36,-1.62
7.640,0,Wall_3mx20cm_Conference_Door,1.41,1.31,-1.63
7.668,0,Wall_3mx20cm_Conference_Door,1.41,1.26,-1.63
7.710,0,Wall_3mx20cm_Conference_Door,1.41,1.18,-1.63
7.738,0,Wall_3mx20cm_Conference_Door,1.41,1.12,-1.64
7.780,0,Wall_3mx20cm_Conference_Door,1.41,1.06,-1.65
7.808,0,Wall_3mx20cm_Conference_Door,1.41,1.07,-1.64
7.836,0,Wall_3mx20cm_Conference_Door,1.41,1.07,-1.62
7.876,0,Wall_3mx20cm_Conference_Door,1.41,1.12,-1.62
7.904,0,Wall_3mx20cm_Conference_Door,1.41,1.16,-1.62
7.946,0,Wall_3mx20cm_Conference_Door,1.41,1.17,-1.65
7.974,0,Wall_3mx20cm_Conference_Door,1.41,1.18,-1.67
8.002,0,Wall_3mx20cm_Conference_Door,1.41,1.17,-1.70
8.044,0,Wall_3mx20cm_Conference_Door,1.41,1.18,-1.72
8.072,0,Wall_3mx20cm_Conference_Door,1.41,1.20,-1.75
8.113,0,Wall_3mx20cm_Conference_Door,1.41,1.24,-1.76
8.141,0,Wall_3mx20cm_Conference_Door,1.41,1.27,-1.73
8.169,0,Wall_3mx20cm_Conference_Door,1.41,1.27,-1.71
8.210,0,Wall_3mx20cm_Conference_Door,1.41,1.27,-1.65
8.239,0,Wall_3mx20cm_Conference_Door,1.41,1.27,-1.62
8.281,0,Wall_3mx20cm_Conference_Door,1.41,1.31,-1.61
8.308,0,Wall_3mx20cm_Conference_Door,1.41,1.35,-1.61
8.336,0,Wall_3mx20cm_Conference_Door,1.41,1.37,-1.62
8.377,0,Wall_3mx20cm_Conference_Door,1.41,1.48,-1.63
8.405,0,Ceiling_log_3m (20),1.46,1.50,-1.66
8.434,0,Ceiling_log_3m (20),1.52,1.51,-1.71
8.476,0,Ceiling_log_3m (20),1.52,1.57,-1.72
8.503,0,Ceiling_log_3m (20),1.52,1.57,-1.70
8.545,0,Ceiling_log_3m (20),1.52,1.61,-1.65
8.573,0,Ceiling_log_3m (20),1.52,1.66,-1.60
8.601,0,Ceiling_3x3m (6),1.54,1.70,-1.60
8.642,0,Ceiling_log_3m (20),1.52,1.67,-1.56
8.671,0,Ceiling_log_3m (20),1.52,1.65,-1.55
8.713,0,Ceiling_log_3m (20),1.52,1.56,-1.57
8.741,0,Ceiling_log_3m (20),1.52,1.53,-1.58
8.769,0,Ceiling_log_3m (20),1.52,1.54,-1.56
8.810,0,Ceiling_log_3m (20),1.52,1.54,-1.49
8.838,0,Ceiling_log_3m (20),1.45,1.50,-1.45
8.867,0,Wall_3mx20cm_Conference_Door,1.41,1.41,-1.44
8.908,0,Wall_3mx20cm_Conference_Door,1.41,1.25,-1.47
8.936,0,Wall_3mx20cm_Conference_Door,1.41,1.13,-1.49
8.978,0,Wall_3mx20cm_Conference_Door,1.41,1.01,-1.54
9.006,0,Wall_3mx20cm_Conference_Door,1.41,1.02,-1.57
9.049,0,Wall_3mx20cm_Conference_Door,1.41,1.03,-1.58
9.077,0,Wall_3mx20cm_Conference_Door,1.41,1.02,-1.55
9.103,0,Wall_3mx20cm_Conference_Door,1.41,1.03,-1.54
9.146,0,Wall_3mx20cm_Conference_Door,1.41,0.98,-1.54
9.174,0,Wall_3mx20cm_Conference_Door,1.41,0.92,-1.53
9.202,0,Wall_3mx20cm_Conference_Door,1.41,0.87,-1.50
9.243,0,Wall_3mx20cm_Conference_Door,1.41,0.83,-1.47
9.271,0,Wall_3mx20cm_Conference_Door,1.41,0.82,-1.45
9.313,0,Wall_3mx20cm_Conference_Door,1.41,0.82,-1.42
9.341,0,Wall_3mx20cm_Conference_Door,1.41,0.84,-1.37
9.369,0,Wall_3mx20cm_Conference_Door,1.41,0.83,-1.34
9.410,0,Wall_3mx20cm_Conference_Door,1.41,0.76,-1.31
9.438,0,Wall_3mx20cm_Conference_Door,1.41,0.77,-1.27
9.479,0,Wall_3mx20cm_Conference_Door,1.41,0.84,-1.21
9.508,0,Wall_3mx20cm_Conference_Door,1.41,0.89,-1.15
9.535,0,Wall_3mx20cm_Door (1),1.41,0.90,-1.09
9.577,0,Wall_3mx20cm_Door (1),1.41,0.90,-1.01
9.606,0,Wall_3mx20cm_Door (1),1.41,0.90,-0.96
9.647,0,Wall_3mx20cm_Door (1),1.41,0.90,-0.90
9.677,0,Wall_3mx20cm_Door (1),1.41,0.92,-0.86
9.702,0,Wall_3mx20cm_Door (1),1.41,0.97,-0.82
9.744,0,Wall_3mx20cm_Door (1),1.41,0.99,-0.76
9.772,0,Wall_3mx20cm_Door (1),1.41,1.03,-0.74
9.800,0,Wall_3mx20cm_Door (1),1.41,1.10,-0.71
9.842,0,Wall_3mx20cm_Door (1),1.41,1.19,-0.65
9.870,0,Wall_3mx20cm_Door (1),1.41,1.24,-0.59
9.911,0,Wall_3mx20cm_Door (1),1.41,1.30,-0.49
9.939,0,Wall_3mx20cm_Door (1),1.41,1.35,-0.44
9.967,0,Wall_3mx20cm_Door (1),1.41,1.37,-0.38
10.009,0,Wall_3mx20cm_Door (1),1.41,1.36,-0.32
10.037,0,Wall_3mx20cm_Wood_Panels (2),1.47,1.34,-0.31
10.079,0,Wall_3mx20cm_Wood_Panels (2),1.61,1.35,-0.31
10.106,0,Wall_3mx20cm_Wood_Panels (2),1.67,1.38,-0.31
10.134,0,Wall_3mx20cm_Wood_Panels (2),1.72,1.40,-0.31
10.176,0,Wall_3mx20cm_Wood_Panels (2),1.79,1.40,-0.31
10.204,0,Wall_3mx20cm_Wood_Panels (2),1.81,1.40,-0.31
10.246,0,Wall_3mx20cm_Wood_Panels (2),1.83,1.37,-0.31
10.274,0,Wall_3mx20cm_Wood_Panels (2),1.85,1.39,-0.31
10.302,0,Wall_3mx20cm_Wood_Panels (2),1.91,1.39,-0.31
10.345,0,Wall_3mx20cm_Wood_Panels (2),2.02,1.41,-0.31
10.372,0,Wall_3mx20cm_Wood_Panels (2),2.04,1.43,-0.31
10.413,0,Wall_3mx20cm_Wood_Panels (2),2.01,1.47,-0.31
10.441,0,Wall_3mx20cm_Wood_Panels (2),1.99,1.51,-0.31
10.469,0,Wall_3mx20cm_Wood_Panels (2),1.96,1.54,-0.31
10.511,0,Wall_3mx20cm_Wood_Panels (2),1.94,1.59,-0.31
10.538,0,Wall_3mx20cm_Wood_Panels (2),1.92,1.63,-0.31
10.580,0,Wall_3mx20cm_Wood_Panels (2),1.98,1.62,-0.31
10.608,0,Wall_3mx20cm_Wood_Panels (2),2.03,1.59,-0.31
10.636,0,Wall_3mx20cm_Wood_Panels (2),2.08,1.58,-0.31
10.678,0,Wall_3mx20cm_Wood_Panels (2),2.14,1.55,-0.31
10.705,0,Wall_3mx20cm_Wood_Panels (2),2.16,1.52,-0.31
10.733,0,Wall_3mx20cm_Wood_Panels (2),2.14,1.52,-0.31
10.775,0,Wall_3mx20cm_Wood_Panels (2),2.14,1.53,-0.31
10.803,0,Wall_3mx20cm_Wood_Panels (2),2.14,1.54,-0.31
10.844,0,Wall_3mx20cm_Wood_Panels (2),2.13,1.54,-0.31
10.872,0,Wall_3mx20cm_Wood_Panels (2),2.16,1.53,-0.31
10.906,0,Wall_3mx20cm_Wood_Panels (2),2.22,1.51,-0.31
10.947,0,Wall_3mx20cm_Wood_Panels (2),2.37,1.46,-0.31
10.971,0,Wall_3mx20cm_Wood_Panels (2),2.41,1.44,-0.31
11.000,0,Wall_3mx20cm_Wood_Panels (2),2.47,1.40,-0.31
11.042,0,Wall_3mx20cm_Wood_Panels (2),2.51,1.38,-0.31
11.068,0,Wall_3mx20cm_Wood_Panels (2),2.54,1.39,-0.31
11.108,0,Wall_3mx20cm_Wood_Panels (2),2.58,1.40,-0.31
11.138,0,Wall_3mx20cm_Wood_Panels (2),2.62,1.40,-0.31
11.179,0,Wall_3mx20cm_Wood_Panels (2),2.64,1.39,-0.31
11.207,0,Wall_3mx20cm_Wood_Panels (2),2.64,1.40,-0.31
11.235,0,Wall_3mx20cm_Wood_Panels (2),2.65,1.39,-0.31
11.276,0,Wall_3mx20cm_Wood_Panels (2),2.66,1.40,-0.31
11.305,0,Wall_3mx20cm_Wood_Panels (2),2.65,1.40,-0.31
11.346,0,Wall_3mx20cm_Wood_Panels (2),2.62,1.40,-0.31
11.375,0,Wall_3mx20cm_Wood_Panels (2),2.61,1.40,-0.31
11.402,0,Wall_3mx20cm_Wood_Panels (2),2.59,1.42,-0.31
11.444,0,Wall_3mx20cm_Wood_Panels (2),2.58,1.45,-0.31
11.472,0,Wall_3mx20cm_Wood_Panels (2),2.58,1.48,-0.31
11.501,0,Wall_3mx20cm_Wood_Panels (2),2.56,1.50,-0.31
11.543,0,Wall_3mx20cm_Wood_Panels (2),2.54,1.51,-0.31
11.570,0,Wall_3mx20cm_Wood_Panels (2),2.53,1.51,-0.31
11.621,0,Wall_3mx20cm_Wood_Panels (2),2.52,1.51,-0.31
11.639,0,Wall_3mx20cm_Wood_Panels (2),2.51,1.52,-0.31
11.667,0,Wall_3mx20cm_Wood_Panels (2),2.47,1.56,-0.31
11.708,0,Wall_3mx20cm_Wood_Panels (2),2.47,1.58,-0.31
11.737,0,Wall_3mx20cm_Wood_Panels (2),2.48,1.59,-0.31
11.778,0,Wall_3mx20cm_Wood_Panels (2),2.48,1.60,-0.31
11.808,0,Wall_3mx20cm_Wood_Panels (2),2.50,1.60,-0.31
11.857,0,Wall_3mx20cm_Wood_Panels (2),2.51,1.61,-0.31
11.888,0,Wall_3mx20cm_Wood_Panels (2),2.53,1.61,-0.31
11.915,0,Wall_3mx20cm_Wood_Panels (2),2.56,1.60,-0.31
11.948,0,Wall_3mx20cm_Wood_Panels (2),2.59,1.59,-0.31
11.970,0,Wall_3mx20cm_Wood_Panels (2),2.63,1.57,-0.31
12.026,0,Wall_3mx20cm_Wood_Panels (2),2.70,1.52,-0.31
12.045,0,Wall_3mx20cm_Wood_Panels (2),2.72,1.50,-0.31
12.067,0,Wall_3mx20cm_Wood_Panels (2),2.74,1.48,-0.31
12.123,0,Wall_3mx20cm_Wood_Panels (2),2.74,1.46,-0.31
12.150,0,Wall_3mx20cm_Wood_Panels (2),2.73,1.47,-0.31
12.168,0,Wall_3mx20cm_Wood_Panels (2),2.72,1.47,-0.31
12.205,0,Wall_3mx20cm_Wood_Panels (2),2.70,1.48,-0.31
12.234,0,Wall_3mx20cm_Wood_Panels (2),2.69,1.49,-0.31
12.280,0,Wall_3mx20cm_Wood_Panels (2),2.69,1.50,-0.31
12.304,0,Wall_3mx20cm_Wood_Panels (2),2.69,1.51,-0.31
12.336,0,Wall_3mx20cm_Wood_Panels (2),2.66,1.52,-0.31
12.372,0,Wall_3mx20cm_Wood_Panels (2),2.64,1.53,-0.31
12.404,0,Wall_3mx20cm_Wood_Panels (2),2.61,1.56,-0.31
12.447,0,Wall_3mx20cm_Wood_Panels (2),2.58,1.57,-0.31
12.475,0,Wall_3mx20cm_Wood_Panels (2),2.58,1.57,-0.31
12.501,0,Wall_3mx20cm_Wood_Panels (2),2.57,1.57,-0.31
12.544,0,Wall_3mx20cm_Wood_Panels (2),2.56,1.57,-0.31
12.572,0,Wall_3mx20cm_Wood_Panels (2),2.55,1.58,-0.31
12.614,0,Wall_3mx20cm_Wood_Panels (2),2.51,1.60,-0.31
12.641,0,Wall_3mx20cm_Wood_Panels (2),2.48,1.61,-0.31
12.669,0,Ceiling_log_3m (21),2.46,1.63,-0.31
12.711,0,Ceiling_log_3m (21),2.46,1.63,-0.32
12.738,0,Ceiling_log_3m (21),2.46,1.62,-0.33
12.781,0,Ceiling_log_3m (21),2.46,1.61,-0.33
12.809,0,Ceiling_log_3m (21),2.46,1.61,-0.33
12.837,0,Ceiling_log_3m (21),2.46,1.61,-0.32
12.878,0,Wall_3mx20cm_Wood_Panels (2),2.48,1.59,-0.31
12.906,0,Wall_3mx20cm_Wood_Panels (2),2.50,1.57,-0.31
12.934,0,Wall_3mx20cm_Wood_Panels (2),2.52,1.57,-0.31
12.975,0,Wall_3mx20cm_Wood_Panels (2),2.57,1.57,-0.31
13.004,0,Wall_3mx20cm_Wood_Panels (2),2.63,1.56,-0.31
13.045,0,Wall_3mx20cm_Wood_Panels (2),2.72,1.50,-0.31
13.073,0,Wall_3mx20cm_Wood_Panels (2),2.73,1.47,-0.31
13.101,0,Wall_3mx20cm_Wood_Panels (2),2.75,1.44,-0.31
13.143,0,Wall_3mx20cm_Wood_Panels (2),2.81,1.43,-0.31
13.170,0,Wall_3mx20cm_Wood_Panels (2),2.85,1.42,-0.31
13.212,0,Wall_3mx20cm_Wood_Panels (2),2.91,1.41,-0.31
13.240,0,Wall_3mx20cm_Wood_Panels (2),2.94,1.40,-0.31
13.268,0,Wall_3mx20cm_Wood_Panels (2),2.98,1.39,-0.31
13.310,0,Wall_3mx20cm_Wood_Panels (2),2.99,1.37,-0.31
13.338,0,Wall_3mx20cm_Wood_Panels (2),3.00,1.35,-0.31
13.380,0,Wall_3mx20cm_Wood_Panels (2),3.03,1.35,-0.31
13.407,0,Wall_3mx20cm_Wood_Panels (2),3.05,1.34,-0.31
13.435,0,Wall_3mx20cm_Wood_Panels (2),3.07,1.32,-0.31
13.477,0,Wall_3mx20cm_Wood_Panels (2),3.08,1.30,-0.31
13.504,0,Wall_3mx20cm_Wood_Panels (2),3.10,1.28,-0.31
13.534,0,Wall_3mx20cm_Wood_Panels (2),3.10,1.28,-0.31
13.574,0,Wall_3mx20cm_Wood_Panels (2),3.10,1.29,-0.31
13.602,0,Wall_3mx20cm_Wood_Panels (2),3.10,1.29,-0.31
13.644,0,Wall_3mx20cm_Wood_Panels (2),3.10,1.28,-0.31
13.673,0,Wall_3mx20cm_Wood_Panels (2),3.11,1.27,-0.31
13.700,0,Wall_3mx20cm_Wood_Panels (2),3.12,1.26,-0.31
13.741,0,Wall_3mx20cm_Wood_Panels (2),3.12,1.24,-0.31
13.769,0,Wall_3mx20cm_Wood_Panels (2),3.10,1.24,-0.31
13.812,0,Wall_3mx20cm_Wood_Panels (2),3.11,1.24,-0.31
13.839,0,Wall_3mx20cm_Wood_Panels (2),3.12,1.23,-0.31
13.867,0,Wall_3mx20cm_Wood_Panels (2),3.13,1.23,-0.31
13.909,0,Wall_3mx20cm_Wood_Panels (2),3.17,1.19,-0.31
13.936,0,Wall_3mx20cm_Wood_Panels (2),3.17,1.17,-0.31
13.980,0,Wall_3mx20cm_Wood_Panels (2),3.16,1.15,-0.31
14.001,0,Wall_3mx20cm_Wood_Panels (2),3.14,1.16,-0.31
14.042,0,Wall_3mx20cm_Wood_Panels (2),3.10,1.17,-0.31
14.086,0,Wall_3mx20cm_Wood_Panels (2),3.06,1.19,-0.31
14.104,0,Wall_3mx20cm_Wood_Panels (2),3.05,1.20,-0.31
14.146,0,Wall_3mx20cm_Wood_Panels (2),3.00,1.22,-0.31
14.173,0,Wall_3mx20cm_Wood_Panels (2),2.95,1.23,-0.31
14.202,0,Wall_3mx20cm_Wood_Panels (2),2.93,1.24,-0.31
14.243,0,Wall_3mx20cm_Wood_Panels (2),2.90,1.26,-0.31
14.270,0,Wall_3mx20cm_Wood_Panels (2),2.88,1.27,-0.31
14.312,0,Wall_3mx20cm_Wood_Panels (2),2.86,1.29,-0.31
14.340,0,Wall_3mx20cm_Wood_Panels (2),2.84,1.31,-0.31
14.368,0,Wall_3mx20cm_Wood_Panels (2),2.82,1.33,-0.31
14.410,0,Wall_3mx20cm_Wood_Panels (2),2.77,1.36,-0.31
14.438,0,Wall_3mx20cm_Wood_Panels (2),2.73,1.38,-0.31
14.479,0,Wall_3mx20cm_Wood_Panels (2),2.67,1.42,-0.31
14.507,0,Wall_3mx20cm_Wood_Panels (2),2.63,1.44,-0.31
14.535,0,Wall_3mx20cm_Wood_Panels (2),2.61,1.47,-0.31
14.577,0,Wall_3mx20cm_Wood_Panels (2),2.58,1.51,-0.31
14.605,0,Wall_3mx20cm_Wood_Panels (2),2.55,1.54,-0.31
14.646,0,Wall_3mx20cm_Wood_Panels (2),2.53,1.56,-0.31
14.674,0,Wall_3mx20cm_Wood_Panels (2),2.52,1.58,-0.31
14.702,0,Wall_3mx20cm_Wood_Panels (2),2.52,1.59,-0.31
14.744,0,Wall_3mx20cm_Wood_Panels (2),2.51,1.59,-0.31
14.772,0,Wall_3mx20cm_Wood_Panels (2),2.50,1.61,-0.31
14.813,0,Wall_3mx20cm_Wood_Panels (2),2.49,1.62,-0.31
14.841,0,Wall_3mx20cm_Wood_Panels (2),2.48,1.63,-0.31
14.869,0,Wall_3mx20cm_Wood_Panels (2),2.48,1.64,-0.31
14.910,0,Wall_3mx20cm_Wood_Panels (2),2.49,1.63,-0.31
14.938,0,Wall_3mx20cm_Wood_Panels (2),2.51,1.63,-0.31
14.980,0,Wall_3mx20cm_Wood_Panels (2),2.58,1.60,-0.31
15.018,0,Wall_3mx20cm_Wood_Panels (2),2.63,1.59,-0.31
15.049,0,Wall_3mx20cm_Wood_Panels (2),2.65,1.58,-0.31
15.074,0,Wall_3mx20cm_Wood_Panels (2),2.68,1.56,-0.31
15.102,0,Wall_3mx20cm_Wood_Panels (2),2.72,1.55,-0.31
15.158,0,Wall_3mx20cm_Wood_Panels (2),2.78,1.53,-0.31
15.185,0,Wall_3mx20cm_Wood_Panels (2),2.82,1.51,-0.31
15.212,0,Wall_3mx20cm_Wood_Panels (2),2.85,1.49,-0.31
15.246,0,Wall_3mx20cm_Wood_Panels (2),2.91,1.45,-0.31
15.274,0,Wall_3mx20cm_Wood_Panels (2),2.94,1.43,-0.31
15.301,0,Wall_3mx20cm_Wood_Panels (2),2.95,1.41,-0.31
15.343,0,Wall_3mx20cm_Wood_Panels (2),2.95,1.41,-0.31
15.371,0,Wall_3mx20cm_Wood_Panels (2),2.97,1.41,-0.31
15.421,0,Wall_3mx20cm_Wood_Panels (2),2.95,1.42,-0.31
15.441,0,Wall_3mx20cm_Wood_Panels (2),2.95,1.42,-0.31
15.469,0,Wall_3mx20cm_Wood_Panels (2),2.96,1.42,-0.31
15.510,0,Wall_3mx20cm_Wood_Panels (2),2.94,1.43,-0.31
15.538,0,Wall_3mx20cm_Wood_Panels (2),2.92,1.45,-0.31
15.580,0,Wall_3mx20cm_Wood_Panels (2),2.92,1.47,-0.31
15.608,0,Wall_3mx20cm_Wood_Panels (2),2.91,1.48,-0.31
15.635,0,Wall_3mx20cm_Wood_Panels (2),2.91,1.48,-0.31
15.677,0,Wall_3mx20cm_Wood_Panels (2),2.91,1.49,-0.31
15.704,0,Wall_3mx20cm_Wood_Panels (2),2.92,1.49,-0.31
15.747,0,Wall_3mx20cm_Wood_Panels (2),2.93,1.48,-0.31
15.783,0,Wall_3mx20cm_Wood_Panels (2),2.93,1.48,-0.31
15.813,0,Wall_3mx20cm_Wood_Panels (2),2.94,1.48,-0.31
15.844,0,Wall_3mx20cm_Wood_Panels (2),2.96,1.48,-0.31
15.878,0,Wall_3mx20cm_Wood_Panels (2),2.97,1.47,-0.31
15.944,0,Wall_3mx20cm_Wood_Panels (2),2.98,1.47,-0.31
15.944,0,Wall_3mx20cm_Wood_Panels (2),2.98,1.47,-0.31
15.983,0,Wall_3mx20cm_Wood_Panels (2),3.04,1.44,-0.31
16.010,0,Wall_3mx20cm_Wood_Panels (2),3.07,1.43,-0.31
16.039,0,Wall_3mx20cm_Wood_Panels (2),3.09,1.41,-0.31
16.067,0,Wall_3mx20cm_Wood_Panels (2),3.11,1.40,-0.31
16.106,0,Wall_3mx20cm_Wood_Panels (2),3.12,1.40,-0.31
16.137,0,Wall_3mx20cm_Wood_Panels (2),3.14,1.39,-0.31
16.179,0,Wall_3mx20cm_Wood_Panels (2),3.15,1.37,-0.31
16.207,0,Wall_3mx20cm_Wood_Panels (2),3.16,1.37,-0.31
16.235,0,Wall_3mx20cm_Wood_Panels (2),3.16,1.37,-0.31
16.289,0,Wall_3mx20cm_Wood_Panels (2),3.16,1.38,-0.31
16.304,0,Wall_3mx20cm_Wood_Panels (2),3.17,1.38,-0.31
16.361,0,Wall_3mx20cm_Wood_Panels (2),3.18,1.38,-0.31
16.385,0,Wall_3mx20cm_Wood_Panels (2),3.18,1.38,-0.31
16.410,0,Wall_3mx20cm_Wood_Panels (2),3.19,1.38,-0.31
16.445,0,Wall_3mx20cm_Wood_Panels (2),3.20,1.38,-0.31
16.484,0,Wall_3mx20cm_Wood_Panels (2),3.20,1.38,-0.31
16.512,0,Wall_3mx20cm_Wood_Panels (2),3.21,1.37,-0.31
16.541,0,Wall_3mx20cm_Wood_Panels (2),3.21,1.37,-0.31
16.568,0,Wall_3mx20cm_Wood_Panels (2),3.21,1.37,-0.31
16.609,0,Wall_3mx20cm_Wood_Panels (2),3.21,1.37,-0.31
16.637,0,Wall_3mx20cm_Wood_Panels (2),3.20,1.38,-0.31
16.678,0,Wall_3mx20cm_Wood_Panels (2),3.19,1.39,-0.31
16.706,0,Wall_3mx20cm_Wood_Panels (2),3.18,1.39,-0.31
16.735,0,Wall_3mx20cm_Wood_Panels (2),3.17,1.40,-0.31
16.776,0,Wall_3mx20cm_Wood_Panels (2),3.17,1.40,-0.31
16.805,0,Wall_3mx20cm_Wood_Panels (2),3.17,1.40,-0.31
16.846,0,Wall_3mx20cm_Wood_Panels (2),3.18,1.40,-0.31
16.874,0,Wall_3mx20cm_Wood_Panels (2),3.19,1.41,-0.31
16.902,0,Wall_3mx20cm_Wood_Panels (2),3.20,1.39,-0.31
16.944,0,Wall_3mx20cm_Wood_Panels (2),3.19,1.37,-0.31
16.972,0,Wall_3mx20cm_Wood_Panels (2),3.18,1.37,-0.31
17.013,0,Wall_3mx20cm_Wood_Panels (2),3.17,1.36,-0.31
17.041,0,Wall_3mx20cm_Wood_Panels (2),3.17,1.36,-0.31
17.069,0,Wall_3mx20cm_Wood_Panels (2),3.17,1.35,-0.31
17.111,0,Wall_3mx20cm_Wood_Panels (2),3.17,1.34,-0.31
17.139,0,Wall_3mx20cm_Wood_Panels (2),3.18,1.33,-0.31
17.181,0,Wall_3mx20cm_Wood_Panels (2),3.18,1.32,-0.31
17.208,0,Wall_3mx20cm_Wood_Panels (2),3.17,1.31,-0.31
17.236,0,Wall_3mx20cm_Wood_Panels (2),3.17,1.31,-0.31
17.278,0,Wall_3mx20cm_Wood_Panels (2),3.16,1.31,-0.31
17.318,0,Wall_3mx20cm_Wood_Panels (2),3.13,1.31,-0.31
17.335,0,Wall_3mx20cm_Wood_Panels (2),3.12,1.32,-0.31
17.376,0,Wall_3mx20cm_Wood_Panels (2),3.09,1.33,-0.31
17.404,0,Wall_3mx20cm_Wood_Panels (2),3.06,1.35,-0.31
17.446,0,Wall_3mx20cm_Wood_Panels (2),3.06,1.36,-0.31
17.484,0,Wall_3mx20cm_Wood_Panels (2),3.04,1.38,-0.31
17.511,0,Wall_3mx20cm_Wood_Panels (2),3.04,1.38,-0.31
17.542,0,Wall_3mx20cm_Wood_Panels (2),3.03,1.39,-0.31
17.570,0,Wall_3mx20cm_Wood_Panels (2),3.02,1.38,-0.31
17.612,0,Wall_3mx20cm_Wood_Panels (2),3.00,1.39,-0.31
17.641,0,Wall_3mx20cm_Wood_Panels (2),2.98,1.41,-0.31
17.668,0,Wall_3mx20cm_Wood_Panels (2),2.95,1.43,-0.31
17.707,0,Wall_3mx20cm_Wood_Panels (2),2.92,1.43,-0.31
17.735,0,Wall_3mx20cm_Wood_Panels (2),2.91,1.44,-0.31
17.780,0,Wall_3mx20cm_Wood_Panels (2),2.86,1.48,-0.31
17.806,0,Wall_3mx20cm_Wood_Panels (2),2.83,1.50,-0.31
17.835,0,Wall_3mx20cm_Wood_Panels (2),2.82,1.50,-0.31
17.876,0,Wall_3mx20cm_Wood_Panels (2),2.82,1.51,-0.31
17.905,0,Wall_3mx20cm_Wood_Panels (2),2.83,1.51,-0.31
17.947,0,Wall_3mx20cm_Wood_Panels (2),2.85,1.50,-0.31
17.975,0,Wall_3mx20cm_Wood_Panels (2),2.86,1.50,-0.31
18.002,0,Wall_3mx20cm_Wood_Panels (2),2.87,1.50,-0.31
18.044,0,Wall_3mx20cm_Wood_Panels (2),2.87,1.49,-0.31
18.071,0,Wall_3mx20cm_Wood_Panels (2),2.87,1.49,-0.31
18.100,0,Wall_3mx20cm_Wood_Panels (2),2.87,1.49,-0.31
18.141,0,Wall_3mx20cm_Wood_Panels (2),2.88,1.48,-0.31
18.169,0,Wall_3mx20cm_Wood_Panels (2),2.88,1.48,-0.31
18.211,0,Wall_3mx20cm_Wood_Panels (2),2.88,1.48,-0.31
18.239,0,Wall_3mx20cm_Wood_Panels (2),2.88,1.48,-0.31
18.276,0,Wall_3mx20cm_Wood_Panels (2),2.89,1.47,-0.31
18.306,0,Wall_3mx20cm_Wood_Panels (2),2.90,1.46,-0.31
18.336,0,Wall_3mx20cm_Wood_Panels (2),2.94,1.42,-0.31
18.368,0,Wall_3mx20cm_Wood_Panels (2),2.98,1.39,-0.31
18.406,0,Wall_3mx20cm_Wood_Panels (2),3.04,1.34,-0.31
18.434,0,Wall_3mx20cm_Wood_Panels (2),3.08,1.30,-0.31
18.475,0,Wall_3mx20cm_Wood_Panels (2),3.13,1.27,-0.31
18.503,0,Wall_3mx20cm_Wood_Panels (2),3.16,1.25,-0.31
18.545,0,Wall_3mx20cm_Wood_Panels (2),3.20,1.23,-0.31
18.573,0,Wall_3mx20cm_Wood_Panels (2),3.23,1.21,-0.31
18.600,0,Wall_3mx20cm_Wood_Panels (2),3.24,1.19,-0.31
18.642,0,Wall_3mx20cm_Wood_Panels (2),3.24,1.18,-0.31
18.670,0,Wall_3mx20cm_Wood_Panels (2),3.24,1.18,-0.31
18.711,0,Wall_3mx20cm_Wood_Panels (2),3.23,1.21,-0.31
18.739,0,Wall_3mx20cm_Wood_Panels (2),3.23,1.22,-0.31
18.767,0,Wall_3mx20cm_Wood_Panels (2),3.22,1.22,-0.31
18.810,0,Wall_3mx20cm_Wood_Panels (2),3.20,1.24,-0.31
18.837,0,Wall_3mx20cm_Wood_Panels (2),3.18,1.26,-0.31
18.879,0,Wall_3mx20cm_Wood_Panels (2),3.15,1.28,-0.31
18.906,0,Wall_3mx20cm_Wood_Panels (2),3.14,1.27,-0.31
18.934,0,Wall_3mx20cm_Wood_Panels (2),3.12,1.28,-0.31
18.977,0,Wall_3mx20cm_Wood_Panels (2),3.10,1.30,-0.31
19.004,0,Wall_3mx20cm_Wood_Panels (2),3.09,1.31,-0.31
19.046,0,Wall_3mx20cm_Wood_Panels (2),3.07,1.32,-0.31
19.074,0,Wall_3mx20cm_Wood_Panels (2),3.06,1.33,-0.31
19.113,0,Wall_3mx20cm_Wood_Panels (2),3.05,1.34,-0.31
19.144,0,Wall_3mx20cm_Wood_Panels (2),3.05,1.34,-0.31
19.172,0,Wall_3mx20cm_Wood_Panels (2),3.05,1.34,-0.31
19.213,0,Wall_3mx20cm_Wood_Panels (2),3.06,1.35,-0.31
19.241,0,Wall_3mx20cm_Wood_Panels (2),3.07,1.35,-0.31
19.269,0,Wall_3mx20cm_Wood_Panels (2),3.07,1.34,-0.31
19.344,0,Wall_3mx20cm_Wood_Panels (2),3.07,1.32,-0.31
19.344,0,Wall_3mx20cm_Wood_Panels (2),3.07,1.32,-0.31
19.382,0,Wall_3mx20cm_Wood_Panels (2),3.08,1.30,-0.31
19.419,0,Wall_3mx20cm_Wood_Panels (2),3.08,1.28,-0.31
19.436,0,Wall_3mx20cm_Wood_Panels (2),3.08,1.28,-0.31
19.478,0,Wall_3mx20cm_Wood_Panels (2),3.07,1.31,-0.31
19.505,0,Wall_3mx20cm_Wood_Panels (2),3.08,1.30,-0.31
19.534,0,Wall_3mx20cm_Wood_Panels (2),3.09,1.30,-0.31
19.575,0,Wall_3mx20cm_Wood_Panels (2),3.12,1.27,-0.31
19.602,0,Wall_3mx20cm_Wood_Panels (2),3.13,1.24,-0.31
19.645,0,Wall_3mx20cm_Wood_Panels (2),3.14,1.24,-0.31
19.672,0,Wall_3mx20cm_Wood_Panels (2),3.13,1.24,-0.31
19.701,0,Wall_3mx20cm_Wood_Panels (2),3.13,1.24,-0.31
19.743,0,Wall_3mx20cm_Wood_Panels (2),3.11,1.26,-0.31
19.770,0,Wall_3mx20cm_Wood_Panels (2),3.10,1.27,-0.31
19.812,0,Wall_3mx20cm_Wood_Panels (2),3.09,1.29,-0.31
19.840,0,Wall_3mx20cm_Wood_Panels (2),3.09,1.29,-0.31
19.868,0,Wall_3mx20cm_Wood_Panels (2),3.10,1.29,-0.31
19.909,0,Wall_3mx20cm_Wood_Panels (2),3.12,1.28,-0.31
19.937,0,Wall_3mx20cm_Wood_Panels (2),3.14,1.27,-0.31
19.979,0,Wall_3mx20cm_Wood_Panels (2),3.14,1.26,-0.31
20.007,0,Wall_3mx20cm_Wood_Panels (2),3.13,1.27,-0.31
20.034,0,Wall_3mx20cm_Wood_Panels (2),3.11,1.27,-0.31
20.076,0,Wall_3mx20cm_Wood_Panels (2),3.09,1.27,-0.31
20.104,0,Wall_3mx20cm_Wood_Panels (2),3.07,1.28,-0.31
20.146,0,Wall_3mx20cm_Wood_Panels (2),3.04,1.30,-0.31
20.175,0,Wall_3mx20cm_Wood_Panels (2),3.01,1.31,-0.31
20.204,0,Wall_3mx20cm_Wood_Panels (2),2.99,1.32,-0.31
20.244,0,Wall_3mx20cm_Wood_Panels (2),2.97,1.33,-0.31
20.272,0,Wall_3mx20cm_Wood_Panels (2),2.96,1.34,-0.31
20.313,0,Wall_3mx20cm_Wood_Panels (2),2.96,1.34,-0.31
20.341,0,Wall_3mx20cm_Wood_Panels (2),2.96,1.34,-0.31
20.369,0,Wall_3mx20cm_Wood_Panels (2),2.96,1.33,-0.31
20.411,0,Wall_3mx20cm_Wood_Panels (2),2.95,1.35,-0.31
20.439,0,Wall_3mx20cm_Wood_Panels (2),2.94,1.35,-0.31
20.480,0,Wall_3mx20cm_Wood_Panels (2),2.92,1.36,-0.31
20.509,0,Wall_3mx20cm_Wood_Panels (2),2.90,1.36,-0.31
20.537,0,Wall_3mx20cm_Wood_Panels (2),2.88,1.37,-0.31
20.588,0,Wall_3mx20cm_Wood_Panels (2),2.86,1.39,-0.31
20.606,0,Wall_3mx20cm_Wood_Panels (2),2.85,1.39,-0.31
20.634,0,Wall_3mx20cm_Wood_Panels (2),2.84,1.41,-0.31
20.674,0,Wall_3mx20cm_Wood_Panels (2),2.85,1.40,-0.31
20.704,0,Wall_3mx20cm_Wood_Panels (2),2.86,1.39,-0.31
20.744,0,Wall_3mx20cm_Wood_Panels (2),2.86,1.37,-0.31
20.771,0,Wall_3mx20cm_Wood_Panels (2),2.86,1.37,-0.31
20.814,0,Wall_3mx20cm_Wood_Panels (2),2.85,1.37,-0.31
20.853,0,Wall_3mx20cm_Wood_Panels (2),2.83,1.38,-0.31
20.870,0,Wall_3mx20cm_Wood_Panels (2),2.83,1.38,-0.31
20.912,0,Wall_3mx20cm_Wood_Panels (2),2.82,1.37,-0.31
20.939,0,Wall_3mx20cm_Wood_Panels (2),2.82,1.38,-0.31
20.967,0,Wall_3mx20cm_Wood_Panels (2),2.82,1.38,-0.31
21.008,0,Wall_3mx20cm_Wood_Panels (2),2.81,1.38,-0.31
21.037,0,Wall_3mx20cm_Wood_Panels (2),2.81,1.38,-0.31
21.078,0,Wall_3mx20cm_Wood_Panels (2),2.82,1.37,-0.31
21.106,0,Wall_3mx20cm_Wood_Panels (2),2.82,1.37,-0.31
21.134,0,Wall_3mx20cm_Wood_Panels (2),2.81,1.38,-0.31
21.175,0,Wall_3mx20cm_Wood_Panels (2),2.77,1.40,-0.31
21.203,0,Wall_3mx20cm_Wood_Panels (2),2.76,1.41,-0.31
21.245,0,Wall_3mx20cm_Wood_Panels (2),2.75,1.41,-0.31
21.273,0,Wall_3mx20cm_Wood_Panels (2),2.75,1.42,-0.31
21.301,0,Wall_3mx20cm_Wood_Panels (2),2.75,1.42,-0.31
21.343,0,Wall_3mx20cm_Wood_Panels (2),2.75,1.41,-0.31
21.371,0,Wall_3mx20cm_Wood_Panels (2),2.75,1.41,-0.31
21.413,0,Wall_3mx20cm_Wood_Panels (2),2.73,1.44,-0.31
21.440,0,Wall_3mx20cm_Wood_Panels (2),2.73,1.44,-0.31
21.468,0,Wall_3mx20cm_Wood_Panels (2),2.73,1.43,-0.31
21.511,0,Wall_3mx20cm_Wood_Panels (2),2.74,1.43,-0.31
21.537,0,Wall_3mx20cm_Wood_Panels (2),2.74,1.42,-0.31
21.579,0,Wall_3mx20cm_Wood_Panels (2),2.73,1.42,-0.31
21.607,0,Wall_3mx20cm_Wood_Panels (2),2.73,1.43,-0.31
21.636,0,Wall_3mx20cm_Wood_Panels (2),2.73,1.43,-0.31
21.677,0,Wall_3mx20cm_Wood_Panels (2),2.74,1.42,-0.31
21.705,0,Wall_3mx20cm_Wood_Panels (2),2.75,1.41,-0.31
21.747,0,Wall_3mx20cm_Wood_Panels (2),2.77,1.41,-0.31
21.775,0,Wall_3mx20cm_Wood_Panels (2),2.77,1.41,-0.31
21.802,0,Wall_3mx20cm_Wood_Panels (2),2.77,1.42,-0.31
21.844,0,Wall_3mx20cm_Wood_Panels (2),2.79,1.43,-0.31
21.873,0,Wall_3mx20cm_Wood_Panels (2),2.80,1.42,-0.31
21.900,0,Wall_3mx20cm_Wood_Panels (2),2.80,1.42,-0.31
21.944,0,Wall_3mx20cm_Wood_Panels (2),2.80,1.40,-0.31
21.970,0,Wall_3mx20cm_Wood_Panels (2),2.78,1.41,-0.31
22.013,0,Wall_3mx20cm_Wood_Panels (2),2.75,1.42,-0.31
22.041,0,Wall_3mx20cm_Wood_Panels (2),2.74,1.42,-0.31
22.068,0,Wall_3mx20cm_Wood_Panels (2),2.74,1.41,-0.31
22.110,0,Wall_3mx20cm_Wood_Panels (2),2.74,1.38,-0.31
22.137,0,Wall_3mx20cm_Wood_Panels (2),2.74,1.38,-0.31
22.179,0,Wall_3mx20cm_Wood_Panels (2),2.72,1.40,-0.31
22.208,0,Wall_3mx20cm_Wood_Panels (2),2.71,1.41,-0.31
22.235,0,Wall_3mx20cm_Wood_Panels (2),2.71,1.42,-0.31
22.277,0,Wall_3mx20cm_Wood_Panels (2),2.70,1.43,-0.31
22.305,0,Wall_3mx20cm_Wood_Panels (2),2.69,1.43,-0.31
22.346,0,Wall_3mx20cm_Wood_Panels (2),2.67,1.45,-0.31
22.374,0,Wall_3mx20cm_Wood_Panels (2),2.66,1.45,-0.31
22.402,0,Wall_3mx20cm_Wood_Panels (2),2.65,1.45,-0.31
22.445,0,Wall_3mx20cm_Wood_Panels (2),2.64,1.44,-0.31
22.472,0,Wall_3mx20cm_Wood_Panels (2),2.64,1.44,-0.31
22.514,0,Wall_3mx20cm_Wood_Panels (2),2.64,1.44,-0.31
22.540,0,Wall_3mx20cm_Wood_Panels (2),2.64,1.45,-0.31
22.570,0,Wall_3mx20cm_Wood_Panels (2),2.64,1.46,-0.31
22.610,0,Wall_3mx20cm_Wood_Panels (2),2.64,1.46,-0.31
22.639,0,Wall_3mx20cm_Wood_Panels (2),2.65,1.45,-0.31
22.681,0,Wall_3mx20cm_Wood_Panels (2),2.66,1.45,-0.31
22.712,0,Wall_3mx20cm_Wood_Panels (2),2.68,1.45,-0.31
22.737,0,Wall_3mx20cm_Wood_Panels (2),2.69,1.44,-0.31
22.778,0,Wall_3mx20cm_Wood_Panels (2),2.70,1.44,-0.31
22.805,0,Wall_3mx20cm_Wood_Panels (2),2.69,1.45,-0.31
22.847,0,Wall_3mx20cm_Wood_Panels (2),2.69,1.46,-0.31
22.875,0,Wall_3mx20cm_Wood_Panels (2),2.69,1.47,-0.31
22.902,0,Wall_3mx20cm_Wood_Panels (2),2.69,1.48,-0.31
22.945,0,Wall_3mx20cm_Wood_Panels (2),2.70,1.48,-0.31
22.973,0,Wall_3mx20cm_Wood_Panels (2),2.70,1.48,-0.31
23.013,0,Wall_3mx20cm_Wood_Panels (2),2.69,1.48,-0.31
23.042,0,Wall_3mx20cm_Wood_Panels (2),2.66,1.49,-0.31
23.069,0,Wall_3mx20cm_Wood_Panels (2),2.64,1.50,-0.31
23.111,0,Wall_3mx20cm_Wood_Panels (2),2.62,1.52,-0.31
23.139,0,Wall_3mx20cm_Wood_Panels (2),2.62,1.52,-0.31
23.195,0,Wall_3mx20cm_Wood_Panels (2),2.63,1.50,-0.31
23.225,0,Wall_3mx20cm_Wood_Panels (2),2.62,1.50,-0.31
23.237,0,Wall_3mx20cm_Wood_Panels (2),2.62,1.50,-0.31
23.277,0,Wall_3mx20cm_Wood_Panels (2),2.59,1.52,-0.31
23.305,0,Wall_3mx20cm_Wood_Panels (2),2.57,1.53,-0.31
23.334,0,Wall_3mx20cm_Wood_Panels (2),2.58,1.53,-0.31
23.375,0,Wall_3mx20cm_Wood_Panels (2),2.61,1.50,-0.31
23.403,0,Wall_3mx20cm_Wood_Panels (2),2.63,1.49,-0.31
23.445,0,Wall_3mx20cm_Wood_Panels (2),2.66,1.48,-0.31
23.473,0,Wall_3mx20cm_Wood_Panels (2),2.66,1.48,-0.31
23.501,0,Wall_3mx20cm_Wood_Panels (2),2.66,1.48,-0.31
23.543,0,Wall_3mx20cm_Wood_Panels (2),2.66,1.48,-0.31
23.571,0,Wall_3mx20cm_Wood_Panels (2),2.65,1.48,-0.31
23.600,0,Wall_3mx20cm_Wood_Panels (2),2.64,1.47,-0.31
23.642,0,Wall_3mx20cm_Wood_Panels (2),2.63,1.47,-0.31
23.670,0,Wall_3mx20cm_Wood_Panels (2),2.63,1.48,-0.31
23.710,0,Wall_3mx20cm_Wood_Panels (2),2.61,1.48,-0.31
23.739,0,Wall_3mx20cm_Wood_Panels (2),2.60,1.48,-0.31
23.781,0,Wall_3mx20cm_Wood_Panels (2),2.57,1.48,-0.31
23.809,0,Wall_3mx20cm_Wood_Panels (2),2.53,1.48,-0.31
23.837,0,Wall_3mx20cm_Wood_Panels (2),2.49,1.48,-0.31
23.878,0,Wall_3mx20cm_Wood_Panels (2),2.42,1.49,-0.31
23.905,0,Wall_3mx20cm_Wood_Panels (2),2.35,1.50,-0.31
23.948,0,Wall_3mx20cm_Wood_Panels (2),2.19,1.52,-0.31
23.975,0,Wall_3mx20cm_Wood_Panels (2),2.06,1.54,-0.31
24.003,0,Wall_3mx20cm_Wood_Panels (2),1.92,1.58,-0.31
24.045,0,Wall_3mx20cm_Wood_Panels (2),1.71,1.64,-0.31
24.072,0,Wall_3mx20cm_Wood_Panels (2),1.57,1.68,-0.31
24.100,0,Ceiling_log_3m (20),1.52,1.68,-0.34
24.142,0,Ceiling_log_3m (20),1.52,1.66,-0.38
24.170,0,Ceiling_log_3m (20),1.52,1.64,-0.39
24.211,0,Ceiling_log_3m (20),1.52,1.63,-0.39
24.240,0,Ceiling_log_3m (20),1.52,1.61,-0.39
24.267,0,Ceiling_log_3m (20),1.52,1.60,-0.37
24.309,0,Ceiling_log_3m (20),1.52,1.61,-0.35
24.337,0,Ceiling_log_3m (20),1.52,1.62,-0.33
24.379,0,Wall_3mx20cm_Wood_Panels (2),1.53,1.63,-0.31
24.407,0,Wall_3mx20cm_Wood_Panels (2),1.55,1.61,-0.31
24.434,0,Wall_3mx20cm_Wood_Panels (2),1.58,1.60,-0.31
24.477,0,Wall_3mx20cm_Wood_Panels (2),1.61,1.59,-0.31
24.504,0,Wall_3mx20cm_Wood_Panels (2),1.61,1.59,-0.31
24.547,0,Wall_3mx20cm_Wood_Panels (2),1.62,1.60,-0.31
24.573,0,Wall_3mx20cm_Wood_Panels (2),1.61,1.61,-0.31
24.601,0,Wall_3mx20cm_Wood_Panels (2),1.60,1.63,-0.31
24.643,0,Wall_3mx20cm_Wood_Panels (2),1.60,1.65,-0.31
24.672,0,Wall_3mx20cm_Wood_Panels (2),1.61,1.66,-0.31
24.712,0,Wall_3mx20cm_Wood_Panels (2),1.62,1.67,-0.31
24.740,0,Wall_3mx20cm_Wood_Panels (2),1.63,1.67,-0.31
24.768,0,Wall_3mx20cm_Wood_Panels (2),1.65,1.67,-0.31
24.810,0,Wall_3mx20cm_Wood_Panels (2),1.68,1.66,-0.31
24.839,0,Wall_3mx20cm_Wood_Panels (2),1.70,1.64,-0.31
24.881,0,Wall_3mx20cm_Wood_Panels (2),1.73,1.62,-0.31
24.908,0,Wall_3mx20cm_Wood_Panels (2),1.75,1.61,-0.31
24.937,0,Wall_3mx20cm_Wood_Panels (2),1.76,1.60,-0.31
24.977,0,Wall_3mx20cm_Wood_Panels (2),1.77,1.60,-0.31
25.005,0,Wall_3mx20cm_Wood_Panels (2),1.77,1.60,-0.31
25.034,0,Wall_3mx20cm_Wood_Panels (2),1.76,1.61,-0.31
25.076,0,Wall_3mx20cm_Wood_Panels (2),1.80,1.60,-0.31
25.117,0,Wall_3mx20cm_Wood_Panels (2),1.84,1.57,-0.31
25.140,0,Wall_3mx20cm_Wood_Panels (2),1.88,1.55,-0.31
25.170,0,Wall_3mx20cm_Wood_Panels (2),1.89,1.54,-0.31
25.223,0,Wall_3mx20cm_Wood_Panels (2),1.90,1.53,-0.31
25.253,0,Wall_3mx20cm_Wood_Panels (2),1.90,1.53,-0.31
25.269,0,Wall_3mx20cm_Wood_Panels (2),1.89,1.52,-0.31
25.311,0,Wall_3mx20cm_Wood_Panels (2),1.88,1.52,-0.31
25.340,0,Wall_3mx20cm_Wood_Panels (2),1.86,1.53,-0.31
25.380,0,Wall_3mx20cm_Wood_Panels (2),1.86,1.53,-0.31
25.407,0,Wall_3mx20cm_Wood_Panels (2),1.86,1.54,-0.31
25.436,0,Wall_3mx20cm_Wood_Panels (2),1.85,1.56,-0.31
25.477,0,Wall_3mx20cm_Wood_Panels (2),1.84,1.60,-0.31
25.505,0,Wall_3mx20cm_Wood_Panels (2),1.83,1.63,-0.31
25.534,0,Wall_3mx20cm_Wood_Panels (2),1.82,1.64,-0.31
25.576,0,Wall_3mx20cm_Wood_Panels (2),1.82,1.65,-0.31
25.603,0,Wall_3mx20cm_Wood_Panels (2),1.82,1.65,-0.31
25.645,0,Wall_3mx20cm_Wood_Panels (2),1.80,1.65,-0.31
25.673,0,Wall_3mx20cm_Wood_Panels (2),1.79,1.65,-0.31
25.701,0,Wall_3mx20cm_Wood_Panels (2),1.77,1.66,-0.31
25.743,0,Wall_3mx20cm_Wood_Panels (2),1.72,1.69,-0.31
25.771,0,Ceiling_3x3m (7),1.74,1.70,-0.32
25.813,0,Ceiling_3x3m (7),1.80,1.70,-0.34
25.841,0,Ceiling_3x3m (7),1.81,1.70,-0.34
25.869,0,Ceiling_3x3m (7),1.83,1.70,-0.35
25.910,0,Ceiling_3x3m (7),1.85,1.70,-0.35
25.937,0,Ceiling_3x3m (7),1.86,1.70,-0.35
25.980,0,Ceiling_3x3m (7),1.86,1.70,-0.35
26.007,0,Ceiling_3x3m (7),1.88,1.70,-0.34
26.034,0,Ceiling_3x3m (7),1.91,1.70,-0.35
26.077,0,Ceiling_3x3m (7),1.92,1.70,-0.34
26.104,0,Ceiling_3x3m (7),1.91,1.70,-0.33
26.146,0,Ceiling_3x3m (7),1.91,1.70,-0.34
26.174,0,Ceiling_3x3m (7),1.91,1.70,-0.34
26.201,0,Ceiling_3x3m (7),1.91,1.70,-0.35
26.244,0,Ceiling_3x3m (7),1.92,1.70,-0.36
26.272,0,Ceiling_3x3m (7),1.94,1.70,-0.37
26.313,0,Ceiling_3x3m (7),1.96,1.70,-0.38
26.341,0,Ceiling_3x3m (7),1.97,1.70,-0.38
26.475,0,Ceiling_log_3m (21),2.37,1.50,-0.53
26.475,0,Ceiling_log_3m (21),2.37,1.50,-0.53
26.475,0,Ceiling_log_3m (21),2.37,1.50,-0.53
26.475,0,Ceiling_log_3m (21),2.37,1.50,-0.53
26.509,0,Ceiling_log_3m (21),2.38,1.50,-0.54
26.547,0,Ceiling_log_3m (21),2.40,1.50,-0.56
26.578,0,Ceiling_log_3m (21),2.40,1.50,-0.57
26.606,0,Ceiling_log_3m (21),2.40,1.50,-0.58
26.634,0,Ceiling_log_3m (21),2.39,1.50,-0.58
26.675,0,Ceiling_log_3m (21),2.40,1.50,-0.59
26.702,0,Ceiling_log_3m (21),2.41,1.50,-0.60
26.743,0,Ceiling_log_3m (21),2.46,1.50,-0.63
26.772,0,Ceiling_log_3m (21),2.45,1.50,-0.64
26.800,0,Ceiling_log_3m (21),2.45,1.50,-0.66
26.841,0,Ceiling_log_3m (21),2.45,1.50,-0.68
26.870,0,Ceiling_log_3m (21),2.45,1.50,-0.70
26.912,0,Ceiling_log_3m (21),2.45,1.50,-0.73
26.940,0,Ceiling_log_3m (21),2.46,1.51,-0.74
26.982,0,Ceiling_log_3m (21),2.46,1.51,-0.75
27.010,0,Ceiling_log_3m (21),2.46,1.52,-0.77
27.038,0,Ceiling_log_3m (21),2.46,1.53,-0.77
27.079,0,Ceiling_log_3m (21),2.46,1.54,-0.78
27.107,0,Ceiling_log_3m (21),2.46,1.55,-0.78
27.136,0,Ceiling_log_3m (21),2.46,1.56,-0.79
27.176,0,Ceiling_log_3m (21),2.46,1.57,-0.79
27.205,0,Ceiling_log_3m (21),2.46,1.56,-0.80
27.247,0,Ceiling_log_3m (21),2.46,1.54,-0.81
27.271,0,Ceiling_log_3m (21),2.46,1.53,-0.82
27.326,0,Ceiling_log_3m (21),2.46,1.52,-0.84
27.344,0,Ceiling_log_3m (21),2.46,1.51,-0.85
27.367,0,Ceiling_log_3m (21),2.44,1.50,-0.86
27.414,0,Ceiling_log_3m (21),2.40,1.50,-0.88
27.442,0,Ceiling_log_3m (21),2.37,1.50,-0.90
27.471,0,Ceiling_3x3m (7),2.00,1.70,-0.85
27.511,0,Ceiling_3x3m (7),1.97,1.70,-0.88
27.540,0,Ceiling_3x3m (7),1.96,1.70,-0.91
27.568,0,Ceiling_3x3m (7),1.93,1.70,-0.94
27.610,0,Ceiling_3x3m (7),1.85,1.70,-1.00
27.636,0,Ceiling_3x3m (7),1.82,1.70,-1.05
27.679,0,Ceiling_3x3m (6),1.85,1.70,-1.14
27.706,0,Ceiling_3x3m (6),1.88,1.70,-1.20
27.733,0,Ceiling_3x3m (6),1.90,1.70,-1.27
27.775,0,Ceiling_3x3m (6),1.87,1.70,-1.39
27.803,0,Ceiling_3x3m (6),1.85,1.70,-1.48
27.844,0,Ceiling_3x3m (6),1.76,1.70,-1.64
27.873,0,Ceiling_3x3m (6),1.77,1.70,-1.75
27.900,0,Ceiling_3x3m (6),1.76,1.70,-1.86
27.942,0,Ceiling_3x3m (6),1.72,1.70,-2.04
27.970,0,Ceiling_3x3m (6),1.71,1.70,-2.15
28.012,0,Ceiling_3x3m (6),1.71,1.70,-2.29
28.040,0,Ceiling_3x3m (6),1.70,1.70,-2.37
28.068,0,Ceiling_3x3m (6),1.73,1.70,-2.43
28.110,0,Ceiling_3x3m (6),1.76,1.70,-2.52
28.138,0,Ceiling_3x3m (6),1.74,1.70,-2.58
28.179,0,Ceiling_3x3m (6),1.75,1.70,-2.66
28.207,0,Ceiling_3x3m (6),1.83,1.70,-2.70
28.235,0,Ceiling_3x3m (6),1.85,1.70,-2.73
28.277,0,Ceiling_3x3m (6),1.88,1.70,-2.77
28.305,0,Ceiling_3x3m (6),1.88,1.70,-2.80
28.347,0,Ceiling_3x3m (6),1.89,1.70,-2.82
28.374,0,Ceiling_3x3m (6),1.93,1.70,-2.82
28.402,0,Ceiling_3x3m (6),1.95,1.70,-2.81
28.444,0,Ceiling_3x3m (6),1.94,1.70,-2.81
28.472,0,Ceiling_3x3m (6),1.90,1.70,-2.81
28.500,0,Ceiling_3x3m (6),1.86,1.70,-2.81
28.542,0,Ceiling_3x3m (6),1.86,1.70,-2.81
28.570,0,Ceiling_3x3m (6),1.88,1.70,-2.81
28.612,0,Ceiling_3x3m (6),1.88,1.70,-2.81
28.639,0,Ceiling_3x3m (6),1.90,1.70,-2.80
28.667,0,Ceiling_3x3m (6),1.94,1.70,-2.78
28.709,0,Ceiling_3x3m (6),1.94,1.70,-2.78
28.736,0,Ceiling_3x3m (6),1.92,1.70,-2.78
28.778,0,Ceiling_3x3m (6),1.94,1.70,-2.77
28.806,0,Ceiling_3x3m (6),1.93,1.70,-2.77
28.834,0,Ceiling_3x3m (6),1.93,1.70,-2.77
28.876,0,Ceiling_3x3m (6),1.93,1.70,-2.76
28.904,0,Ceiling_3x3m (6),1.92,1.70,-2.76
28.946,0,Ceiling_3x3m (6),1.88,1.70,-2.77
28.973,0,Ceiling_3x3m (6),1.87,1.70,-2.77
29.001,0,Ceiling_3x3m (6),1.86,1.70,-2.77
29.043,0,Ceiling_3x3m (6),1.90,1.70,-2.76
29.071,0,Ceiling_3x3m (6),1.91,1.70,-2.75
29.112,0,Ceiling_3x3m (6),1.89,1.70,-2.74
29.140,0,Ceiling_3x3m (6),1.88,1.70,-2.73
29.168,0,Ceiling_3x3m (6),1.89,1.70,-2.73
29.210,0,Ceiling_3x3m (6),1.89,1.70,-2.73
29.239,0,Ceiling_3x3m (6),1.85,1.70,-2.73
29.280,0,Ceiling_3x3m (6),1.84,1.70,-2.75
29.308,0,Ceiling_3x3m (6),1.85,1.70,-2.76
29.336,0,Ceiling_3x3m (6),1.82,1.70,-2.78
29.378,0,Ceiling_3x3m (6),1.80,1.70,-2.80
29.405,0,Ceiling_3x3m (6),1.85,1.70,-2.79
29.447,0,Ceiling_3x3m (6),1.82,1.70,-2.79
29.474,0,Ceiling_3x3m (6),1.82,1.70,-2.79
29.502,0,Ceiling_3x3m (6),1.85,1.70,-2.78
29.544,0,Ceiling_3x3m (6),1.87,1.70,-2.76
29.572,0,Ceiling_3x3m (6),1.85,1.70,-2.77
29.613,0,Ceiling_3x3m (6),1.84,1.70,-2.79
29.641,0,Ceiling_3x3m (6),1.82,1.70,-2.80
29.669,0,Ceiling_3x3m (6),1.81,1.70,-2.80
29.711,0,Ceiling_3x3m (6),1.82,1.70,-2.79
29.739,0,Ceiling_3x3m (6),1.80,1.70,-2.78
29.781,0,Ceiling_3x3m (6),1.78,1.70,-2.76
29.808,0,Ceiling_3x3m (6),1.77,1.70,-2.75
29.836,0,Ceiling_3x3m (6),1.75,1.70,-2.74
29.878,0,Ceiling_3x3m (6),1.72,1.70,-2.73
29.906,0,Ceiling_3x3m (6),1.72,1.70,-2.73
29.934,0,Ceiling_3x3m (6),1.69,1.70,-2.73
29.975,0,Ceiling_3x3m (6),1.69,1.70,-2.71
30.003,0,Ceiling_3x3m (6),1.73,1.70,-2.69
30.045,0,Ceiling_3x3m (6),1.76,1.70,-2.66
30.073,0,Ceiling_3x3m (6),1.73,1.70,-2.64
30.101,0,Ceiling_3x3m (6),1.67,1.70,-2.65
30.142,0,Ceiling_3x3m (6),1.57,1.70,-2.67
30.170,0,Ceiling_log_3m (20),1.52,1.68,-2.67
30.212,0,Ceiling_log_3m (20),1.52,1.65,-2.66
30.240,0,Ceiling_log_3m (20),1.52,1.62,-2.67
30.268,0,Ceiling_log_3m (20),1.52,1.59,-2.68
30.310,0,Ceiling_log_3m (20),1.52,1.60,-2.69
30.337,0,Ceiling_log_3m (20),1.52,1.58,-2.69
30.379,0,Ceiling_log_3m (20),1.52,1.56,-2.68
30.407,0,Ceiling_log_3m (20),1.52,1.58,-2.68
30.435,0,Ceiling_log_3m (20),1.52,1.56,-2.67
30.477,0,Ceiling_log_3m (20),1.52,1.52,-2.65
30.505,0,Ceiling_log_3m (20),1.51,1.50,-2.65
30.546,0,Ceiling_log_3m (20),1.52,1.53,-2.65
30.574,0,Ceiling_log_3m (20),1.52,1.59,-2.64
30.602,0,Ceiling_log_3m (20),1.52,1.64,-2.66
30.644,0,Ceiling_log_3m (20),1.52,1.69,-2.74
30.672,0,Ceiling_log_3m (20),1.52,1.69,-2.76
30.713,0,Ceiling_log_3m (20),1.52,1.66,-2.75
30.741,0,Ceiling_log_3m (20),1.52,1.64,-2.75
30.769,0,Ceiling_log_3m (20),1.52,1.63,-2.74
30.811,0,Ceiling_log_3m (20),1.52,1.64,-2.75
30.839,0,Ceiling_log_3m (20),1.52,1.65,-2.75
30.867,0,Ceiling_log_3m (20),1.52,1.61,-2.76
30.908,0,Ceiling_log_3m (20),1.52,1.61,-2.78
30.936,0,Ceiling_log_3m (20),1.52,1.61,-2.78
30.978,0,Ceiling_log_3m (20),1.52,1.61,-2.78
31.006,0,Ceiling_log_3m (20),1.52,1.61,-2.79
31.034,0,Ceiling_log_3m (20),1.52,1.63,-2.79
31.075,0,Ceiling_log_3m (20),1.52,1.62,-2.80
31.103,0,Ceiling_log_3m (20),1.52,1.61,-2.80
31.145,0,Ceiling_log_3m (20),1.52,1.61,-2.79
31.173,0,Ceiling_log_3m (20),1.52,1.60,-2.78
31.201,0,Ceiling_log_3m (20),1.52,1.58,-2.78
31.244,0,Ceiling_log_3m (20),1.52,1.55,-2.77
31.271,0,Ceiling_log_3m (20),1.52,1.54,-2.76
31.312,0,Ceiling_log_3m (20),1.52,1.52,-2.75
31.341,0,Ceiling_log_3m (20),1.52,1.52,-2.75
31.368,0,Ceiling_log_3m (20),1.52,1.54,-2.74
31.410,0,Ceiling_log_3m (20),1.52,1.53,-2.75
31.437,0,Ceiling_log_3m (20),1.52,1.53,-2.75
31.479,0,Ceiling_log_3m (20),1.52,1.52,-2.75
31.507,0,Ceiling_log_3m (20),1.52,1.52,-2.76
31.535,0,Ceiling_log_3m (20),1.52,1.53,-2.76
31.576,0,Ceiling_log_3m (20),1.52,1.52,-2.76
31.604,0,Ceiling_log_3m (20),1.52,1.54,-2.75
31.646,0,Ceiling_log_3m (20),1.52,1.57,-2.76
31.674,0,Ceiling_log_3m (20),1.52,1.57,-2.76
31.702,0,Ceiling_log_3m (20),1.52,1.57,-2.76
31.744,0,Ceiling_log_3m (20),1.52,1.58,-2.75
31.772,0,Ceiling_log_3m (20),1.52,1.58,-2.75
31.813,0,Ceiling_log_3m (20),1.52,1.57,-2.74
31.841,0,Ceiling_log_3m (20),1.52,1.57,-2.73
31.869,0,Ceiling_log_3m (20),1.52,1.56,-2.72
31.911,0,Ceiling_log_3m (20),1.52,1.54,-2.71
31.938,0,Ceiling_log_3m (20),1.52,1.54,-2.71
31.980,0,Ceiling_log_3m (20),1.52,1.53,-2.71
32.008,0,Ceiling_log_3m (20),1.52,1.52,-2.71
32.036,0,Ceiling_log_3m (20),1.52,1.51,-2.71
32.078,0,Ceiling_log_3m (20),1.51,1.50,-2.71
32.105,0,Ceiling_log_3m (20),1.50,1.50,-2.71
32.134,0,Ceiling_log_3m (20),1.50,1.50,-2.70
32.175,0,Ceiling_log_3m (20),1.48,1.50,-2.69
32.203,0,Ceiling_log_3m (20),1.46,1.50,-2.68
32.245,0,Ceiling_log_3m (20),1.47,1.50,-2.66
32.272,0,Ceiling_log_3m (20),1.45,1.50,-2.65
32.300,0,Wall_3mx20cm_Conference_Door,1.41,1.51,-2.65
32.343,0,Ceiling_log_3m (20),1.44,1.50,-2.64
32.370,0,Ceiling_log_3m (20),1.43,1.50,-2.64
32.412,0,Wall_3mx20cm_Conference_Door,1.41,1.51,-2.64
32.439,0,Wall_3mx20cm_Conference_Door,1.41,1.51,-2.64
32.467,0,Wall_3mx20cm_Conference_Door,1.41,1.51,-2.64
32.509,0,Wall_3mx20cm_Conference_Door,1.41,1.51,-2.62
32.538,0,Wall_3mx20cm_Conference_Door,1.41,1.49,-2.61
32.579,0,Wall_3mx20cm_Conference_Door,1.41,1.49,-2.61
32.607,0,Wall_3mx20cm_Conference_Door,1.41,1.50,-2.60
32.634,0,Wall_3mx20cm_Conference_Door,1.41,1.51,-2.61
32.676,0,Ceiling_log_3m (20),1.43,1.50,-2.61
32.705,0,Wall_3mx20cm_Conference_Door,1.41,1.51,-2.61
32.746,0,Wall_3mx20cm_Conference_Door,1.41,1.51,-2.62
32.774,0,Wall_3mx20cm_Conference_Door,1.41,1.50,-2.62
32.801,0,Wall_3mx20cm_Conference_Door,1.41,1.49,-2.61
32.843,0,Wall_3mx20cm_Conference_Door,1.41,1.48,-2.61
32.870,0,Wall_3mx20cm_Conference_Door,1.41,1.47,-2.60
32.913,0,Wall_3mx20cm_Conference_Door,1.41,1.46,-2.61
32.941,0,Wall_3mx20cm_Conference_Door,1.41,1.46,-2.61
32.969,0,Wall_3mx20cm_Conference_Door,1.41,1.47,-2.62
33.011,0,Wall_3mx20cm_Conference_Door,1.41,1.48,-2.63
33.038,0,Wall_3mx20cm_Conference_Door,1.41,1.48,-2.63
33.067,0,Wall_3mx20cm_Conference_Door,1.41,1.49,-2.63
33.108,0,Wall_3mx20cm_Conference_Door,1.41,1.48,-2.63
33.136,0,Wall_3mx20cm_Conference_Door,1.41,1.47,-2.63
33.178,0,Wall_3mx20cm_Conference_Door,1.41,1.46,-2.63
33.206,0,Wall_3mx20cm_Conference_Door,1.41,1.47,-2.64
33.247,0,Wall_3mx20cm_Conference_Door,1.41,1.46,-2.65
33.275,0,Wall_3mx20cm_Conference_Door,1.41,1.46,-2.66
33.303,0,Wall_3mx20cm_Conference_Door,1.41,1.47,-2.66
33.345,0,Wall_3mx20cm_Conference_Door,1.41,1.49,-2.66
33.372,0,Wall_3mx20cm_Conference_Door,1.41,1.50,-2.66
33.401,0,Ceiling_log_3m (20),1.43,1.50,-2.66
33.442,0,Ceiling_log_3m (20),1.43,1.50,-2.66
33.470,0,Wall_3mx20cm_Conference_Door,1.41,1.51,-2.66
33.512,0,Wall_3mx20cm_Conference_Door,1.41,1.51,-2.67
33.540,0,Ceiling_log_3m (20),1.44,1.50,-2.67
33.568,0,Ceiling_log_3m (20),1.44,1.50,-2.67
33.609,0,Ceiling_log_3m (20),1.47,1.50,-2.66
33.637,0,Ceiling_log_3m (20),1.49,1.50,-2.66
33.679,0,Ceiling_log_3m (20),1.51,1.50,-2.65
33.707,0,Ceiling_log_3m (20),1.48,1.50,-2.64
33.735,0,Ceiling_log_3m (20),1.46,1.50,-2.64
33.776,0,Ceiling_log_3m (20),1.44,1.50,-2.63
33.804,0,Ceiling_log_3m (20),1.46,1.50,-2.63
33.846,0,Ceiling_log_3m (20),1.45,1.50,-2.65
33.874,0,Ceiling_log_3m (20),1.48,1.50,-2.65
33.902,0,Ceiling_log_3m (20),1.46,1.50,-2.65
33.944,0,Ceiling_log_3m (20),1.44,1.50,-2.67
33.971,0,Ceiling_log_3m (20),1.44,1.50,-2.67
34.013,0,Ceiling_log_3m (20),1.51,1.50,-2.67
34.041,0,Ceiling_log_3m (20),1.52,1.50,-2.67
34.069,0,Ceiling_log_3m (20),1.51,1.50,-2.67
34.111,0,Wall_3mx20cm_Conference_Door,1.41,1.50,-2.69
34.138,0,Wall_3mx20cm_Conference_Door,1.41,1.48,-2.69
34.181,0,Wall_3mx20cm_Conference_Door,1.41,1.48,-2.69
34.208,0,Wall_3mx20cm_Conference_Door,1.41,1.49,-2.70
34.236,0,Wall_3mx20cm_Conference_Door,1.41,1.49,-2.70
34.278,0,Wall_3mx20cm_Conference_Door,1.41,1.49,-2.71
34.306,0,Wall_3mx20cm_Conference_Door,1.41,1.50,-2.71
34.334,0,Wall_3mx20cm_Conference_Door,1.41,1.50,-2.71
34.375,0,Wall_3mx20cm_Conference_Door,1.41,1.49,-2.73
34.403,0,Wall_3mx20cm_Conference_Door,1.41,1.47,-2.74
34.445,0,Wall_3mx20cm_Conference_Door,1.41,1.41,-2.75
34.472,0,Wall_3mx20cm_Conference_Door,1.41,1.41,-2.76
34.500,0,Wall_3mx20cm_Conference_Door,1.41,1.41,-2.77
34.542,0,Wall_3mx20cm_Conference_Door,1.41,1.42,-2.78
34.570,0,Wall_3mx20cm_Conference_Door,1.41,1.42,-2.78
34.612,0,Wall_3mx20cm_Conference_Door,1.41,1.46,-2.79
34.640,0,Wall_3mx20cm_Conference_Door,1.41,1.45,-2.80
34.668,0,Wall_3mx20cm_Conference_Door,1.41,1.46,-2.80
34.710,0,Wall_3mx20cm_Conference_Door,1.41,1.45,-2.81
34.737,0,Wall_3mx20cm_Conference_Door,1.41,1.44,-2.82
34.779,0,Wall_3mx20cm_Conference_Door,1.41,1.44,-2.82
34.807,0,Wall_3mx20cm_Conference_Door,1.41,1.44,-2.81
34.835,0,Wall_3mx20cm_Conference_Door,1.41,1.43,-2.81
34.876,0,Wall_3mx20cm_Conference_Door,1.41,1.42,-2.81
34.904,0,Wall_3mx20cm_Conference_Door,1.41,1.42,-2.80
34.946,0,Wall_3mx20cm_Conference_Door,1.41,1.43,-2.79
34.973,0,Wall_3mx20cm_Conference_Door,1.41,1.44,-2.78
35.002,0,Wall_3mx20cm_Conference_Door,1.41,1.44,-2.77
35.043,0,Wall_3mx20cm_Conference_Door,1.41,1.47,-2.77
35.071,0,Wall_3mx20cm_Conference_Door,1.41,1.48,-2.77
35.113,0,Wall_3mx20cm_Conference_Door,1.41,1.49,-2.76
35.141,0,Wall_3mx20cm_Conference_Door,1.41,1.49,-2.76
35.169,0,Wall_3mx20cm_Conference_Door,1.41,1.50,-2.77
35.210,0,Wall_3mx20cm_Conference_Door,1.41,1.51,-2.77
35.238,0,Ceiling_log_3m (20),1.42,1.50,-2.77
35.280,0,Wall_3mx20cm_Conference_Door,1.41,1.51,-2.78
35.308,0,Wall_3mx20cm_Conference_Door,1.41,1.51,-2.79
35.335,0,Ceiling_log_3m (20),1.43,1.50,-2.79
35.377,0,Ceiling_log_3m (20),1.45,1.50,-2.79
35.405,0,Ceiling_log_3m (20),1.42,1.50,-2.80
35.447,0,Wall_3mx20cm_Conference_Door,1.41,1.51,-2.80
35.475,0,Ceiling_log_3m (20),1.43,1.50,-2.80
35.503,0,Ceiling_log_3m (20),1.43,1.50,-2.79
35.545,0,Ceiling_log_3m (20),1.51,1.50,-2.75
35.573,0,Ceiling_log_3m (20),1.52,1.51,-2.74
35.600,0,Ceiling_log_3m (20),1.52,1.51,-2.73
35.642,0,Ceiling_log_3m (20),1.52,1.54,-2.73
35.670,0,Ceiling_log_3m (20),1.52,1.56,-2.73
35.711,0,Ceiling_log_3m (20),1.52,1.60,-2.72
35.739,0,Ceiling_log_3m (20),1.52,1.62,-2.72
35.767,0,Ceiling_log_3m (20),1.52,1.64,-2.71
35.809,0,Ceiling_log_3m (20),1.52,1.67,-2.71
35.837,0,Ceiling_log_3m (20),1.52,1.69,-2.70
35.878,0,Ceiling_log_3m (20),1.52,1.68,-2.68
35.907,0,Ceiling_log_3m (20),1.52,1.69,-2.68
35.934,0,Ceiling_log_3m (20),1.52,1.68,-2.67
35.977,0,Ceiling_log_3m (20),1.52,1.68,-2.66
36.004,0,Ceiling_log_3m (20),1.52,1.68,-2.66
36.046,0,Ceiling_log_3m (20),1.52,1.66,-2.66
36.074,0,Ceiling_log_3m (20),1.52,1.64,-2.65
36.102,0,Ceiling_log_3m (20),1.52,1.63,-2.65
36.144,0,Ceiling_log_3m (20),1.52,1.62,-2.66
36.172,0,Ceiling_log_3m (20),1.52,1.62,-2.67
36.213,0,Ceiling_log_3m (20),1.52,1.62,-2.67
36.240,0,Ceiling_log_3m (20),1.52,1.62,-2.67
36.268,0,Ceiling_log_3m (20),1.52,1.60,-2.66
36.310,0,Ceiling_log_3m (20),1.52,1.61,-2.66
36.338,0,Ceiling_log_3m (20),1.52,1.62,-2.67
36.380,0,Ceiling_log_3m (20),1.52,1.62,-2.67
36.407,0,Ceiling_log_3m (20),1.52,1.62,-2.67
36.435,0,Ceiling_log_3m (20),1.52,1.63,-2.68
36.477,0,Ceiling_log_3m (20),1.52,1.63,-2.68
36.505,0,Ceiling_log_3m (20),1.52,1.63,-2.68
36.547,0,Ceiling_log_3m (20),1.52,1.66,-2.67
36.575,0,Ceiling_log_3m (20),1.52,1.65,-2.67
36.602,0,Ceiling_log_3m (20),1.52,1.65,-2.66
36.644,0,Ceiling_log_3m (20),1.52,1.69,-2.67
36.672,0,Ceiling_3x3m (6),1.55,1.70,-2.66
36.714,0,Ceiling_3x3m (6),1.53,1.70,-2.66
36.743,0,Ceiling_3x3m (6),1.55,1.70,-2.66
36.770,0,Ceiling_log_3m (20),1.52,1.69,-2.65
36.811,0,Ceiling_3x3m (6),1.53,1.70,-2.64
36.839,0,Ceiling_3x3m (6),1.54,1.70,-2.63
36.867,0,Ceiling_log_3m (20),1.52,1.69,-2.63
36.909,0,Ceiling_log_3m (20),1.52,1.67,-2.61
36.937,0,Ceiling_log_3m (20),1.52,1.66,-2.61
36.979,0,Ceiling_log_3m (20),1.52,1.64,-2.60
37.006,0,Ceiling_log_3m (20),1.52,1.62,-2.59
37.035,0,Ceiling_log_3m (20),1.52,1.61,-2.59
37.076,0,Ceiling_log_3m (20),1.52,1.63,-2.60
37.104,0,Ceiling_log_3m (20),1.52,1.65,-2.60
37.146,0,Ceiling_log_3m (20),1.52,1.67,-2.64
37.174,0,Ceiling_log_3m (20),1.52,1.68,-2.66
37.201,0,Ceiling_log_3m (20),1.52,1.67,-2.68
37.243,0,Ceiling_log_3m (20),1.52,1.65,-2.69
37.271,0,Ceiling_log_3m (20),1.52,1.64,-2.69
37.313,0,Ceiling_log_3m (20),1.52,1.64,-2.70
37.341,0,Ceiling_log_3m (20),1.52,1.63,-2.70
37.369,0,Ceiling_log_3m (20),1.52,1.63,-2.71
37.410,0,Ceiling_log_3m (20),1.52,1.63,-2.72
37.438,0,Ceiling_log_3m (20),1.52,1.63,-2.72
37.480,0,Ceiling_log_3m (20),1.52,1.62,-2.73
37.508,0,Ceiling_log_3m (20),1.52,1.62,-2.74
37.536,0,Ceiling_log_3m (20),1.52,1.61,-2.75
37.577,0,Ceiling_log_3m (20),1.52,1.64,-2.77
37.605,0,Ceiling_log_3m (20),1.52,1.64,-2.78
37.647,0,Ceiling_log_3m (20),1.52,1.63,-2.79
37.675,0,Ceiling_log_3m (20),1.52,1.60,-2.79
37.703,0,Ceiling_log_3m (20),1.52,1.60,-2.79
37.744,0,Ceiling_log_3m (20),1.52,1.66,-2.80
37.772,0,Ceiling_log_3m (20),1.52,1.67,-2.83
37.814,0,Ceiling_log_3m (20),1.52,1.67,-2.85
37.842,0,Ceiling_log_3m (20),1.52,1.66,-2.86
37.869,0,Ceiling_log_3m (20),1.52,1.67,-2.87
37.911,0,Ceiling_log_3m (20),1.52,1.67,-2.88
37.939,0,Ceiling_log_3m (20),1.52,1.67,-2.88
37.967,0,Ceiling_log_3m (20),1.52,1.68,-2.89
38.009,0,Ceiling_3x3m (6),1.54,1.70,-2.90
38.036,0,Ceiling_log_3m (20),1.52,1.69,-2.91
38.078,0,Ceiling_3x3m (6),1.58,1.70,-2.91
38.106,0,Ceiling_3x3m (6),1.59,1.70,-2.91
38.134,0,Ceiling_3x3m (6),1.57,1.70,-2.92
38.176,0,Ceiling_log_3m (20),1.52,1.67,-2.93
38.203,0,Ceiling_log_3m (20),1.52,1.65,-2.93
38.245,0,Ceiling_log_3m (20),1.52,1.68,-2.94
38.273,0,Ceiling_log_3m (20),1.52,1.67,-2.94
38.301,0,Ceiling_log_3m (20),1.52,1.66,-2.94
38.342,0,Ceiling_log_3m (20),1.52,1.64,-2.92
38.370,0,Ceiling_log_3m (20),1.52,1.64,-2.91
38.412,0,Ceiling_log_3m (20),1.52,1.64,-2.91
38.441,0,Ceiling_log_3m (20),1.52,1.65,-2.91
38.467,0,Ceiling_log_3m (20),1.52,1.65,-2.91
38.510,0,Ceiling_log_3m (20),1.52,1.66,-2.91
38.537,0,Ceiling_log_3m (20),1.52,1.66,-2.90
38.579,0,Ceiling_log_3m (20),1.52,1.67,-2.90
38.607,0,Ceiling_log_3m (20),1.52,1.68,-2.90
38.635,0,Ceiling_log_3m (20),1.52,1.69,-2.91
38.677,0,Ceiling_3x3m (6),1.55,1.70,-2.90
38.704,0,Ceiling_3x3m (6),1.53,1.70,-2.91
38.746,0,Ceiling_log_3m (20),1.52,1.68,-2.91
38.774,0,Ceiling_log_3m (20),1.52,1.69,-2.91
38.802,0,Ceiling_3x3m (6),1.55,1.70,-2.91
38.844,0,Ceiling_3x3m (6),1.59,1.70,-2.91
38.872,0,Ceiling_3x3m (6),1.62,1.70,-2.90
38.914,0,Ceiling_3x3m (6),1.65,1.70,-2.90
38.942,0,Ceiling_3x3m (6),1.64,1.70,-2.91
38.969,0,Ceiling_3x3m (6),1.64,1.70,-2.91
39.011,0,Ceiling_3x3m (6),1.63,1.70,-2.92
39.038,0,Ceiling_3x3m (6),1.62,1.70,-2.93
39.080,0,Ceiling_3x3m (6),1.60,1.70,-2.94
39.108,0,Ceiling_3x3m (6),1.63,1.70,-2.93
39.137,0,Ceiling_3x3m (6),1.63,1.70,-2.93
39.178,0,Ceiling_3x3m (6),1.61,1.70,-2.93
39.206,0,Ceiling_3x3m (6),1.64,1.70,-2.92
39.233,0,Ceiling_3x3m (6),1.63,1.70,-2.92
39.276,0,Ceiling_3x3m (6),1.62,1.70,-2.90
39.303,0,Ceiling_3x3m (6),1.60,1.70,-2.88
39.345,0,Ceiling_3x3m (6),1.69,1.70,-2.82
39.373,0,Ceiling_3x3m (6),1.78,1.70,-2.77
39.402,0,Ceiling_3x3m (6),1.82,1.70,-2.72
39.443,0,Ceiling_3x3m (6),1.93,1.70,-2.63
39.470,0,Ceiling_log_3m (21),2.36,1.50,-2.51
39.512,0,Ceiling_log_3m (21),2.43,1.50,-2.42
39.540,0,Ceiling_log_3m (21),2.46,1.50,-2.38
39.568,0,Ceiling_log_3m (21),2.46,1.52,-2.33
39.610,0,Ceiling_log_3m (21),2.46,1.58,-2.27
39.637,0,Ceiling_log_3m (21),2.46,1.61,-2.23
39.679,0,Ceiling_log_3m (21),2.46,1.66,-2.17
39.707,0,Ceiling_3x3m (6),2.48,1.70,-2.12
39.735,0,Ceiling_3x3m (6),2.56,1.70,-2.07
39.776,0,Ceiling_3x3m (6),2.61,1.70,-2.00
39.804,0,Ceiling_3x3m (6),2.64,1.70,-1.94
39.846,0,Ceiling_3x3m (6),2.66,1.70,-1.88
39.874,0,Ceiling_3x3m (6),2.70,1.70,-1.84
39.902,0,Ceiling_3x3m (6),2.72,1.70,-1.82
39.943,0,Ceiling_3x3m (6),2.76,1.70,-1.79
39.971,0,Ceiling_3x3m (6),2.81,1.70,-1.76
40.013,0,Ceiling_3x3m (6),2.85,1.70,-1.73
40.041,0,Ceiling_3x3m (6),2.89,1.70,-1.72
40.069,0,Ceiling_3x3m (6),2.94,1.70,-1.71
40.111,0,Ceiling_3x3m (6),3.00,1.70,-1.70
40.139,0,Ceiling_3x3m (6),3.00,1.70,-1.69
40.167,0,Ceiling_3x3m (6),3.02,1.70,-1.69
40.208,0,Ceiling_3x3m (6),3.06,1.70,-1.67
40.236,0,Ceiling_3x3m (6),3.07,1.70,-1.67
40.278,0,Ceiling_log_3m (22),3.37,1.50,-1.66
40.306,0,Ceiling_log_3m (22),3.39,1.50,-1.64
40.348,0,Ceiling_log_3m (22),3.41,1.50,-1.62
40.375,0,Ceiling_log_3m (22),3.43,1.50,-1.61
40.403,0,Ceiling_log_3m (22),3.44,1.50,-1.59
40.445,0,Ceiling_log_3m (22),3.42,1.50,-1.58
40.472,0,Ceiling_log_3m (22),3.40,1.50,-1.57
40.500,0,Ceiling_log_3m (22),3.38,1.50,-1.57
40.542,0,Ceiling_3x3m (6),3.06,1.70,-1.57
40.570,0,Ceiling_3x3m (6),3.07,1.70,-1.58
40.612,0,Ceiling_log_3m (22),3.39,1.50,-1.61
40.640,0,Ceiling_log_3m (22),3.41,1.50,-1.62
40.668,0,Ceiling_log_3m (22),3.41,1.50,-1.62
40.709,0,Ceiling_log_3m (22),3.43,1.50,-1.64
40.737,0,Ceiling_log_3m (22),3.45,1.50,-1.64
40.779,0,Ceiling_log_3m (22),3.45,1.54,-1.66
40.806,0,Ceiling_log_3m (22),3.45,1.55,-1.68
40.835,0,Ceiling_log_3m (22),3.45,1.53,-1.69
40.876,0,Ceiling_log_3m (22),3.44,1.50,-1.70
40.904,0,Ceiling_log_3m (22),3.41,1.50,-1.71
40.946,0,Ceiling_log_3m (22),3.41,1.50,-1.70
40.974,0,Ceiling_log_3m (22),3.41,1.50,-1.70
41.002,0,Ceiling_log_3m (22),3.41,1.50,-1.69
41.044,0,Ceiling_log_3m (22),3.44,1.50,-1.68
41.071,0,Ceiling_log_3m (22),3.44,1.50,-1.68
41.113,0,Ceiling_log_3m (22),3.42,1.50,-1.68
41.141,0,Ceiling_log_3m (22),3.41,1.50,-1.68
41.169,0,Ceiling_log_3m (22),3.42,1.50,-1.68
41.210,0,Ceiling_log_3m (22),3.44,1.50,-1.68
41.238,0,Ceiling_log_3m (22),3.43,1.50,-1.68
41.280,0,Ceiling_log_3m (22),3.43,1.50,-1.66
41.308,0,Ceiling_log_3m (22),3.44,1.50,-1.65
41.336,0,Ceiling_log_3m (22),3.42,1.50,-1.64
41.378,0,Ceiling_log_3m (22),3.45,1.50,-1.63
41.405,0,Ceiling_log_3m (22),3.45,1.51,-1.62
41.434,0,Ceiling_log_3m (22),3.44,1.50,-1.61
41.475,0,Ceiling_log_3m (22),3.45,1.50,-1.60
41.502,0,Ceiling_log_3m (22),3.45,1.50,-1.59
41.545,0,Ceiling_log_3m (22),3.44,1.50,-1.59
41.573,0,Ceiling_log_3m (22),3.44,1.50,-1.59
41.600,0,Ceiling_log_3m (22),3.41,1.50,-1.60
41.642,0,Ceiling_log_3m (22),3.37,1.50,-1.62
41.670,0,Ceiling_log_3m (22),3.40,1.50,-1.62
41.711,0,Ceiling_log_3m (22),3.43,1.50,-1.63
41.739,0,Ceiling_log_3m (22),3.44,1.50,-1.62
41.767,0,Ceiling_log_3m (22),3.45,1.51,-1.61
41.809,0,Ceiling_log_3m (22),3.45,1.52,-1.60
41.837,0,Ceiling_log_3m (22),3.45,1.54,-1.58
41.878,0,Ceiling_log_3m (22),3.45,1.55,-1.55
41.906,0,Ceiling_log_3m (22),3.45,1.54,-1.54
41.934,0,Ceiling_log_3m (22),3.45,1.53,-1.53
41.976,0,Ceiling_log_3m (22),3.45,1.52,-1.51
42.004,0,Ceiling_log_3m (22),3.45,1.50,-1.51
42.045,0,Ceiling_log_3m (22),3.43,1.50,-1.49
42.073,0,Ceiling_log_3m (22),3.45,1.50,-1.49
42.101,0,Ceiling_log_3m (22),3.45,1.52,-1.48
42.143,0,Ceiling_log_3m (22),3.45,1.57,-1.48
42.171,0,Ceiling_log_3m (22),3.45,1.53,-1.49
42.214,0,Ceiling_log_3m (22),3.45,1.54,-1.49
42.241,0,Ceiling_log_3m (22),3.45,1.54,-1.50
42.268,0,Ceiling_log_3m (22),3.45,1.53,-1.50
42.310,0,Ceiling_log_3m (22),3.45,1.53,-1.50
42.338,0,Ceiling_log_3m (22),3.45,1.52,-1.50
42.380,0,Ceiling_log_3m (22),3.43,1.50,-1.50
42.408,0,Ceiling_log_3m (22),3.40,1.50,-1.51
42.435,0,Ceiling_log_3m (22),3.39,1.50,-1.51
42.477,0,Ceiling_log_3m (22),3.44,1.50,-1.50
42.506,0,Ceiling_log_3m (22),3.45,1.51,-1.50
42.534,0,Ceiling_log_3m (22),3.45,1.51,-1.50
42.575,0,Ceiling_log_3m (22),3.45,1.52,-1.49
42.604,0,Ceiling_log_3m (22),3.45,1.53,-1.50
42.645,0,Ceiling_log_3m (22),3.45,1.53,-1.53
42.672,0,Ceiling_log_3m (22),3.45,1.54,-1.55
42.700,0,Ceiling_log_3m (22),3.45,1.55,-1.58
42.741,0,Ceiling_log_3m (22),3.45,1.58,-1.62
42.770,0,Ceiling_log_3m (22),3.45,1.59,-1.64
42.811,0,Ceiling_log_3m (22),3.45,1.58,-1.66
42.839,0,Ceiling_log_3m (22),3.45,1.59,-1.67
42.868,0,Ceiling_log_3m (22),3.45,1.63,-1.67
42.909,0,Ceiling_log_3m (22),3.45,1.66,-1.68
42.937,0,Ceiling_log_3m (22),3.45,1.64,-1.69
42.979,0,Ceiling_log_3m (22),3.45,1.61,-1.72
43.007,0,Ceiling_log_3m (22),3.45,1.61,-1.74
43.034,0,Ceiling_log_3m (22),3.45,1.63,-1.76
43.076,0,Ceiling_log_3m (22),3.45,1.66,-1.77
43.104,0,Ceiling_log_3m (22),3.45,1.68,-1.77
43.146,0,Ceiling_log_3m (22),3.45,1.67,-1.78
43.174,0,Ceiling_log_3m (22),3.45,1.68,-1.79
43.201,0,Ceiling_log_3m (22),3.45,1.68,-1.81
43.244,0,Ceiling_log_3m (22),3.45,1.69,-1.83
43.271,0,Ceiling_3x3m (8),3.49,1.70,-1.84
43.313,0,Ceiling_3x3m (8),3.47,1.70,-1.84
43.341,0,Ceiling_3x3m (8),3.48,1.70,-1.84
43.369,0,Ceiling_3x3m (8),3.49,1.70,-1.84
43.411,0,Ceiling_3x3m (8),3.46,1.70,-1.85
43.438,0,Ceiling_log_3m (22),3.45,1.69,-1.86
43.480,0,Ceiling_log_3m (22),3.45,1.65,-1.87
43.508,0,Ceiling_log_3m (22),3.45,1.65,-1.88
43.535,0,Ceiling_log_3m (22),3.45,1.67,-1.88
43.577,0,Ceiling_log_3m (22),3.45,1.69,-1.86
43.605,0,Ceiling_3x3m (8),3.47,1.70,-1.85
43.647,0,Ceiling_3x3m (8),3.51,1.70,-1.84
43.676,0,Ceiling_log_3m (22),3.45,1.69,-1.83
43.702,0,Ceiling_log_3m (22),3.45,1.64,-1.83
43.744,0,Ceiling_log_3m (22),3.45,1.61,-1.83
43.772,0,Ceiling_log_3m (22),3.45,1.59,-1.83
43.800,0,Ceiling_log_3m (22),3.45,1.55,-1.83
43.841,0,Ceiling_log_3m (22),3.45,1.51,-1.84
43.869,0,Ceiling_log_3m (22),3.45,1.50,-1.86
43.911,0,Ceiling_log_3m (22),3.45,1.50,-1.88
43.939,0,Ceiling_log_3m (22),3.43,1.50,-1.89
43.967,0,Ceiling_log_3m (22),3.41,1.50,-1.90
44.008,0,Ceiling_log_3m (22),3.39,1.50,-1.92
44.037,0,Ceiling_log_3m (22),3.39,1.50,-1.94
44.078,0,Ceiling_log_3m (22),3.40,1.50,-1.95
44.106,0,Ceiling_log_3m (22),3.40,1.50,-1.97
44.133,0,Ceiling_log_3m (22),3.39,1.50,-1.98
44.175,0,Ceiling_log_3m (22),3.39,1.50,-1.99
44.203,0,Ceiling_log_3m (22),3.37,1.50,-2.00
44.246,0,Ceiling_log_3m (22),3.36,1.50,-2.00
44.273,0,Ceiling_log_3m (22),3.35,1.50,-2.01
44.301,0,Ceiling_log_3m (22),3.36,1.50,-2.01
44.343,0,Ceiling_log_3m (22),3.37,1.50,-2.00
44.371,0,Ceiling_log_3m (22),3.36,1.50,-1.99
44.412,0,Ceiling_3x3m (6),3.06,1.70,-1.99
44.440,0,Ceiling_3x3m (6),3.03,1.70,-1.99
44.468,0,Ceiling_3x3m (6),3.04,1.70,-1.99
44.509,0,Ceiling_3x3m (6),3.05,1.70,-1.99
44.538,0,Ceiling_3x3m (6),3.05,1.70,-2.00
44.580,0,Ceiling_3x3m (6),3.05,1.70,-2.00
44.607,0,Ceiling_3x3m (6),3.02,1.70,-2.01
44.635,0,Ceiling_3x3m (6),3.00,1.70,-2.01
44.676,0,Ceiling_3x3m (6),3.03,1.70,-2.02
44.705,0,Ceiling_3x3m (6),3.03,1.70,-2.02
44.746,0,Ceiling_3x3m (6),3.03,1.70,-2.04
44.774,0,Ceiling_3x3m (6),3.02,1.70,-2.06
44.802,0,Ceiling_3x3m (6),2.96,1.70,-2.09
44.844,0,Ceiling_3x3m (6),2.88,1.70,-2.14
44.871,0,Ceiling_3x3m (6),2.81,1.70,-2.18
44.913,0,Ceiling_3x3m (6),2.72,1.70,-2.24
44.942,0,Ceiling_3x3m (6),2.72,1.70,-2.27
44.969,0,Ceiling_3x3m (6),2.72,1.70,-2.29
45.012,0,Ceiling_3x3m (6),2.70,1.70,-2.33
45.039,0,Ceiling_3x3m (6),2.70,1.70,-2.35
45.067,0,Ceiling_3x3m (6),2.71,1.70,-2.36
45.109,0,Ceiling_3x3m (6),2.69,1.70,-2.38
45.137,0,Ceiling_3x3m (6),2.63,1.70,-2.39
45.178,0,Ceiling_3x3m (6),2.56,1.70,-2.40
45.206,0,Ceiling_3x3m (6),2.47,1.70,-2.42
45.234,0,Ceiling_log_3m (21),2.46,1.68,-2.44
45.276,0,Ceiling_log_3m (21),2.46,1.62,-2.46
45.303,0,Ceiling_log_3m (21),2.46,1.60,-2.48
45.345,0,Ceiling_log_3m (21),2.46,1.58,-2.50
45.373,0,Ceiling_log_3m (21),2.46,1.56,-2.52
45.401,0,Ceiling_log_3m (21),2.46,1.55,-2.54
45.443,0,Ceiling_log_3m (21),2.46,1.53,-2.55
45.471,0,Ceiling_log_3m (21),2.46,1.50,-2.55
45.512,0,Ceiling_log_3m (21),2.43,1.50,-2.57
45.540,0,Ceiling_log_3m (21),2.44,1.50,-2.58
45.568,0,Ceiling_log_3m (21),2.43,1.50,-2.58
45.610,0,Ceiling_log_3m (21),2.42,1.50,-2.59
45.638,0,Ceiling_log_3m (21),2.43,1.50,-2.59
45.680,0,Ceiling_log_3m (21),2.43,1.50,-2.60
45.707,0,Ceiling_log_3m (21),2.46,1.52,-2.59
45.736,0,Ceiling_log_3m (21),2.46,1.53,-2.59
45.777,0,Ceiling_log_3m (21),2.46,1.56,-2.58
45.805,0,Ceiling_log_3m (21),2.46,1.60,-2.58
45.833,0,Ceiling_log_3m (21),2.46,1.62,-2.57
45.874,0,Ceiling_log_3m (21),2.46,1.61,-2.56
45.902,0,Ceiling_log_3m (21),2.46,1.60,-2.56
45.944,0,Ceiling_log_3m (21),2.46,1.58,-2.55
45.972,0,Ceiling_log_3m (21),2.46,1.58,-2.54
46.000,0,Ceiling_log_3m (21),2.46,1.59,-2.54
46.042,0,Ceiling_log_3m (21),2.46,1.59,-2.53
46.070,0,Ceiling_log_3m (21),2.46,1.59,-2.53
46.112,0,Ceiling_log_3m (21),2.46,1.61,-2.53
46.139,0,Ceiling_log_3m (21),2.46,1.62,-2.53
46.167,0,Ceiling_log_3m (21),2.46,1.64,-2.53
46.209,0,Ceiling_log_3m (21),2.46,1.64,-2.53
46.237,0,Ceiling_log_3m (21),2.46,1.64,-2.53
46.278,0,Ceiling_log_3m (21),2.46,1.65,-2.52
46.307,0,Ceiling_log_3m (21),2.46,1.65,-2.51
46.334,0,Ceiling_log_3m (21),2.46,1.67,-2.50
46.376,0,Ceiling_log_3m (21),2.46,1.68,-2.49
46.404,0,Ceiling_3x3m (6),2.47,1.70,-2.48
46.446,0,Ceiling_3x3m (6),2.49,1.70,-2.47
46.474,0,Ceiling_3x3m (6),2.48,1.70,-2.47
46.501,0,Ceiling_3x3m (6),2.47,1.70,-2.47
46.543,0,Ceiling_log_3m (21),2.46,1.69,-2.48
46.571,0,Ceiling_3x3m (6),2.46,1.70,-2.49
46.613,0,Ceiling_3x3m (6),2.51,1.70,-2.48
46.640,0,Ceiling_3x3m (6),2.51,1.70,-2.48
46.668,0,Ceiling_3x3m (6),2.48,1.70,-2.48
46.710,0,Ceiling_3x3m (6),2.48,1.70,-2.48
46.738,0,Ceiling_3x3m (6),2.53,1.70,-2.46
46.779,0,Ceiling_3x3m (6),2.62,1.70,-2.44
46.807,0,Ceiling_3x3m (6),2.69,1.70,-2.44
46.835,0,Ceiling_3x3m (6),2.78,1.70,-2.42
46.877,0,Ceiling_3x3m (6),2.81,1.70,-2.41
46.905,0,Ceiling_3x3m (6),2.80,1.70,-2.41
46.947,0,Ceiling_3x3m (6),2.85,1.70,-2.39
46.975,0,Ceiling_3x3m (6),2.90,1.70,-2.38
47.002,0,Ceiling_3x3m (6),2.90,1.70,-2.38
47.044,0,Ceiling_3x3m (6),2.93,1.70,-2.37
47.072,0,Ceiling_3x3m (6),2.95,1.70,-2.36
47.114,0,Ceiling_3x3m (6),2.99,1.70,-2.34
47.141,0,Ceiling_3x3m (6),2.99,1.70,-2.33
47.170,0,Ceiling_3x3m (6),2.99,1.70,-2.33
47.211,0,Ceiling_3x3m (6),2.97,1.70,-2.32
47.239,0,Ceiling_3x3m (6),2.99,1.70,-2.30
47.267,0,Ceiling_3x3m (6),2.98,1.70,-2.29
47.308,0,Ceiling_3x3m (6),2.92,1.70,-2.26
47.336,0,Ceiling_3x3m (6),2.88,1.70,-2.25
47.378,0,Ceiling_3x3m (6),2.83,1.70,-2.26
47.409,0,Ceiling_3x3m (6),2.79,1.70,-2.28
47.437,0,Ceiling_3x3m (6),2.78,1.70,-2.29
47.479,0,Ceiling_3x3m (6),2.78,1.70,-2.30
47.506,0,Ceiling_3x3m (6),2.78,1.70,-2.31
47.534,0,Ceiling_3x3m (6),2.79,1.70,-2.31
47.583,0,Ceiling_3x3m (6),2.79,1.70,-2.30
47.604,0,Ceiling_3x3m (6),2.79,1.70,-2.30
47.644,0,Ceiling_3x3m (6),2.76,1.70,-2.29
47.671,0,Ceiling_3x3m (6),2.76,1.70,-2.29
47.712,0,Ceiling_3x3m (6),2.76,1.70,-2.29
47.740,0,Ceiling_3x3m (6),2.72,1.70,-2.29
47.768,0,Ceiling_3x3m (6),2.72,1.70,-2.30
47.810,0,Ceiling_3x3m (6),2.78,1.70,-2.30
47.837,0,Ceiling_3x3m (6),2.72,1.70,-2.31
47.879,0,Ceiling_3x3m (6),2.71,1.70,-2.30
47.906,0,Ceiling_3x3m (6),2.75,1.70,-2.30
47.935,0,Ceiling_3x3m (6),2.73,1.70,-2.31
47.976,0,Ceiling_3x3m (6),2.77,1.70,-2.31
48.004,0,Ceiling_3x3m (6),2.76,1.70,-2.31
48.046,0,Ceiling_3x3m (6),2.75,1.70,-2.32
48.074,0,Ceiling_3x3m (6),2.74,1.70,-2.32
48.101,0,Ceiling_3x3m (6),2.71,1.70,-2.32
48.143,0,Ceiling_3x3m (6),2.76,1.70,-2.32
48.171,0,Ceiling_3x3m (6),2.83,1.70,-2.31
48.213,0,Ceiling_3x3m (6),2.88,1.70,-2.30
48.241,0,Ceiling_3x3m (6),2.88,1.70,-2.29
48.268,0,Ceiling_3x3m (6),2.92,1.70,-2.29
48.311,0,Ceiling_3x3m (6),2.99,1.70,-2.31
48.338,0,Ceiling_3x3m (6),3.01,1.70,-2.34
48.380,0,Ceiling_3x3m (6),3.00,1.70,-2.37
48.408,0,Ceiling_3x3m (6),3.01,1.70,-2.38
48.435,0,Ceiling_3x3m (6),3.02,1.70,-2.38
48.478,0,Ceiling_3x3m (6),2.98,1.70,-2.38
48.505,0,Ceiling_3x3m (6),2.97,1.70,-2.37
48.534,0,Ceiling_3x3m (6),2.97,1.70,-2.35
48.575,0,Ceiling_3x3m (6),2.96,1.70,-2.33
48.603,0,Ceiling_3x3m (6),2.96,1.70,-2.31
48.645,0,Ceiling_3x3m (6),2.98,1.70,-2.30
48.673,0,Ceiling_3x3m (6),2.98,1.70,-2.29
48.701,0,Ceiling_3x3m (6),3.00,1.70,-2.28
48.742,0,Ceiling_3x3m (6),3.03,1.70,-2.26
48.770,0,Ceiling_3x3m (6),3.04,1.70,-2.26
48.812,0,Ceiling_3x3m (6),3.00,1.70,-2.25
48.840,0,Ceiling_3x3m (6),2.99,1.70,-2.25
48.868,0,Ceiling_3x3m (6),2.96,1.70,-2.25
48.909,0,Ceiling_3x3m (6),2.91,1.70,-2.25
48.937,0,Ceiling_3x3m (6),2.87,1.70,-2.24
48.979,0,Ceiling_3x3m (6),2.99,1.70,-2.19
49.006,0,Ceiling_3x3m (6),3.02,1.70,-2.14
49.035,0,Ceiling_3x3m (6),3.00,1.70,-2.08
49.076,0,Ceiling_3x3m (6),2.98,1.70,-1.99
49.104,0,Ceiling_3x3m (6),2.99,1.70,-1.95
49.146,0,Ceiling_3x3m (6),2.96,1.70,-1.88
49.174,0,Ceiling_3x3m (6),2.89,1.70,-1.84
49.201,0,Ceiling_3x3m (6),2.84,1.70,-1.80
49.244,0,Ceiling_3x3m (6),2.74,1.70,-1.74
49.271,0,Ceiling_3x3m (6),2.70,1.70,-1.70
49.314,0,Ceiling_3x3m (6),2.73,1.70,-1.66
49.342,0,Ceiling_3x3m (6),2.72,1.70,-1.62
49.369,0,Ceiling_3x3m (6),2.72,1.70,-1.59
49.410,0,Ceiling_3x3m (6),2.79,1.70,-1.57
49.438,0,Ceiling_3x3m (6),2.86,1.70,-1.57
49.480,0,Ceiling_3x3m (6),2.84,1.70,-1.55
49.508,0,Ceiling_3x3m (6),2.84,1.70,-1.54
49.536,0,Ceiling_3x3m (6),2.80,1.70,-1.54
49.577,0,Ceiling_3x3m (6),2.72,1.70,-1.55
49.605,0,Ceiling_3x3m (6),2.69,1.70,-1.55
49.647,0,Ceiling_3x3m (6),2.71,1.70,-1.56
49.675,0,Ceiling_3x3m (6),2.74,1.70,-1.56
49.702,0,Ceiling_3x3m (6),2.72,1.70,-1.55
49.744,0,Ceiling_3x3m (6),2.68,1.70,-1.55
49.772,0,Ceiling_3x3m (6),2.65,1.70,-1.53
49.814,0,Ceiling_3x3m (6),2.64,1.70,-1.52
49.841,0,Ceiling_3x3m (6),2.66,1.70,-1.53
49.869,0,Ceiling_3x3m (6),2.71,1.70,-1.55
49.910,0,Ceiling_3x3m (6),2.76,1.70,-1.59
49.940,0,Ceiling_3x3m (6),2.76,1.70,-1.63
49.967,0,Ceiling_3x3m (6),2.72,1.70,-1.67
50.009,0,Ceiling_3x3m (6),2.65,1.70,-1.75
50.037,0,Ceiling_3x3m (6),2.61,1.70,-1.81
50.079,0,Ceiling_3x3m (6),2.60,1.70,-1.91
50.107,0,Ceiling_3x3m (6),2.66,1.70,-1.98
50.134,0,Ceiling_3x3m (6),2.69,1.70,-2.04
50.175,0,Ceiling_3x3m (6),2.70,1.70,-2.09
50.203,0,Ceiling_3x3m (6),2.65,1.70,-2.13
50.246,0,Ceiling_3x3m (6),2.54,1.70,-2.20
50.273,0,Ceiling_3x3m (6),2.47,1.70,-2.23
50.301,0,Ceiling_log_3m (21),2.46,1.67,-2.26
50.343,0,Ceiling_log_3m (21),2.46,1.63,-2.33
50.371,0,Ceiling_log_3m (21),2.46,1.60,-2.38
50.412,0,Ceiling_log_3m (21),2.46,1.57,-2.44
50.441,0,Ceiling_log_3m (21),2.46,1.54,-2.48
50.468,0,Ceiling_log_3m (21),2.46,1.50,-2.51
50.510,0,Ceiling_log_3m (21),2.46,1.50,-2.55
50.538,0,Ceiling_log_3m (21),2.45,1.50,-2.58
50.580,0,Ceiling_log_3m (21),2.45,1.50,-2.63
50.608,0,Ceiling_log_3m (21),2.46,1.51,-2.65
50.636,0,Ceiling_log_3m (21),2.44,1.50,-2.68
50.677,0,Ceiling_log_3m (21),2.39,1.50,-2.71
50.706,0,Ceiling_log_3m (21),2.37,1.50,-2.73
50.733,0,Ceiling_3x3m (6),1.96,1.70,-2.83
50.775,0,Ceiling_3x3m (6),1.86,1.70,-2.86
50.803,0,Ceiling_3x3m (6),1.83,1.70,-2.87
50.845,0,Ceiling_3x3m (6),1.78,1.70,-2.90
50.873,0,Ceiling_3x3m (6),1.73,1.70,-2.92
50.901,0,Ceiling_3x3m (6),1.69,1.70,-2.94
50.942,0,Ceiling_3x3m (6),1.60,1.70,-2.98
50.970,0,Ceiling_log_3m (20),1.52,1.68,-3.03
51.012,0,Ceiling_log_3m (20),1.52,1.65,-3.09
51.040,0,Ceiling_log_3m (20),1.52,1.65,-3.12
51.068,0,Ceiling_log_3m (20),1.52,1.65,-3.15
51.109,0,Ceiling_log_3m (20),1.52,1.64,-3.17
51.137,0,Ceiling_log_3m (20),1.52,1.63,-3.17
51.179,0,Ceiling_log_3m (20),1.52,1.62,-3.16
51.206,0,Ceiling_log_3m (20),1.52,1.61,-3.14
51.234,0,Ceiling_log_3m (20),1.52,1.62,-3.13
51.277,0,Ceiling_log_3m (20),1.52,1.62,-3.13
51.304,0,Ceiling_log_3m (20),1.52,1.62,-3.13
51.346,0,Ceiling_log_3m (20),1.52,1.61,-3.13
51.374,0,Ceiling_log_3m (20),1.52,1.61,-3.13
51.402,0,Ceiling_log_3m (20),1.52,1.60,-3.14
51.443,0,Ceiling_log_3m (20),1.52,1.62,-3.15
51.472,0,Ceiling_log_3m (20),1.52,1.61,-3.15
51.513,0,Ceiling_log_3m (20),1.52,1.62,-3.15
51.541,0,Ceiling_log_3m (20),1.52,1.63,-3.14
51.568,0,Ceiling_log_3m (20),1.52,1.65,-3.14
51.610,0,Ceiling_log_3m (20),1.52,1.68,-3.13
51.639,0,Ceiling_log_3m (20),1.52,1.69,-3.13
51.680,0,Ceiling_3x3m (6),1.55,1.70,-3.11
51.708,0,Ceiling_3x3m (6),1.57,1.70,-3.10
51.736,0,Ceiling_3x3m (6),1.61,1.70,-3.09
51.778,0,Ceiling_3x3m (6),1.66,1.70,-3.07
51.806,0,Ceiling_3x3m (6),1.70,1.70,-3.05
51.833,0,Ceiling_3x3m (6),1.72,1.70,-3.04
51.875,0,Ceiling_3x3m (6),1.82,1.70,-2.99
51.903,0,Ceiling_3x3m (6),1.88,1.70,-2.96
51.945,0,Ceiling_log_3m (21),2.40,1.50,-2.83
51.972,0,Ceiling_log_3m (21),2.45,1.50,-2.79
52.000,0,Ceiling_log_3m (21),2.45,1.50,-2.77
52.042,0,Ceiling_log_3m (21),2.46,1.51,-2.73
52.070,0,Ceiling_log_3m (21),2.46,1.53,-2.71
52.112,0,Ceiling_log_3m (21),2.46,1.57,-2.70
52.140,0,Ceiling_log_3m (21),2.46,1.57,-2.70
52.168,0,Ceiling_log_3m (21),2.46,1.54,-2.69
52.209,0,Ceiling_log_3m (21),2.46,1.54,-2.70
52.237,0,Ceiling_log_3m (21),2.46,1.55,-2.71
52.279,0,Ceiling_log_3m (21),2.46,1.58,-2.72
52.306,0,Ceiling_log_3m (21),2.46,1.59,-2.73
52.334,0,Ceiling_log_3m (21),2.46,1.60,-2.73
52.376,0,Ceiling_log_3m (21),2.46,1.59,-2.72
52.404,0,Ceiling_log_3m (21),2.46,1.60,-2.71
52.446,0,Ceiling_log_3m (21),2.46,1.58,-2.70
52.474,0,Ceiling_log_3m (21),2.46,1.57,-2.67
52.502,0,Ceiling_log_3m (21),2.46,1.56,-2.65
52.543,0,Ceiling_log_3m (21),2.46,1.56,-2.63
52.571,0,Ceiling_log_3m (21),2.46,1.55,-2.62
52.613,0,Ceiling_log_3m (21),2.46,1.55,-2.61
52.641,0,Ceiling_log_3m (21),2.46,1.56,-2.61
52.668,0,Ceiling_log_3m (21),2.44,1.50,-2.61
52.710,0,Ceiling_log_3m (21),2.43,1.50,-2.62
52.738,0,Ceiling_log_3m (21),2.42,1.50,-2.65
52.766,0,Ceiling_log_3m (21),2.43,1.50,-2.66
52.808,0,Ceiling_log_3m (21),2.46,1.51,-2.68
52.836,0,Ceiling_log_3m (21),2.46,1.51,-2.69
52.877,0,Ceiling_log_3m (21),2.46,1.53,-2.72
52.905,0,Ceiling_log_3m (21),2.46,1.53,-2.73
52.947,0,Ceiling_log_3m (21),2.46,1.50,-2.74
52.975,0,Ceiling_log_3m (21),2.46,1.50,-2.75
53.002,0,Ceiling_log_3m (21),2.44,1.50,-2.75
53.045,0,Ceiling_log_3m (21),2.44,1.50,-2.75
53.072,0,Ceiling_log_3m (21),2.44,1.50,-2.76
53.100,0,Ceiling_log_3m (21),2.46,1.51,-2.76
53.142,0,Ceiling_log_3m (21),2.46,1.53,-2.76
53.170,0,Ceiling_log_3m (21),2.46,1.55,-2.76
53.211,0,Ceiling_log_3m (21),2.46,1.57,-2.75
53.239,0,Ceiling_log_3m (21),2.46,1.60,-2.74
53.267,0,Ceiling_log_3m (21),2.46,1.62,-2.73
53.309,0,Ceiling_log_3m (21),2.46,1.64,-2.72
53.337,0,Ceiling_log_3m (21),2.46,1.64,-2.71
53.379,0,Ceiling_log_3m (21),2.46,1.63,-2.70
53.406,0,Ceiling_log_3m (21),2.46,1.62,-2.69
53.434,0,Ceiling_log_3m (21),2.46,1.61,-2.68
53.476,0,Ceiling_log_3m (21),2.46,1.63,-2.68
53.504,0,Ceiling_log_3m (21),2.46,1.64,-2.67
53.545,0,Ceiling_log_3m (21),2.46,1.65,-2.66
53.573,0,Ceiling_log_3m (21),2.46,1.64,-2.65
53.601,0,Ceiling_log_3m (21),2.46,1.64,-2.65
53.643,0,Ceiling_log_3m (21),2.46,1.62,-2.65
53.671,0,Ceiling_log_3m (21),2.46,1.62,-2.66
53.713,0,Ceiling_log_3m (21),2.46,1.60,-2.66
53.742,0,Ceiling_log_3m (21),2.46,1.63,-2.67
53.769,0,Ceiling_log_3m (21),2.46,1.64,-2.66
53.810,0,Ceiling_log_3m (21),2.46,1.64,-2.63
53.838,0,Ceiling_log_3m (21),2.46,1.64,-2.61
53.880,0,Ceiling_log_3m (21),2.46,1.61,-2.57
53.907,0,Ceiling_log_3m (21),2.46,1.62,-2.56
53.936,0,Ceiling_log_3m (21),2.46,1.65,-2.55
53.977,0,Ceiling_log_3m (21),2.46,1.64,-2.53
54.005,0,Ceiling_log_3m (21),2.46,1.66,-2.52
54.047,0,Ceiling_log_3m (21),2.46,1.68,-2.50
54.075,0,Ceiling_log_3m (21),2.46,1.67,-2.49
54.102,0,Ceiling_3x3m (6),2.48,1.70,-2.49
54.144,0,Ceiling_3x3m (6),2.46,1.70,-2.48
54.171,0,Ceiling_log_3m (21),2.46,1.67,-2.47
54.200,0,Ceiling_log_3m (21),2.46,1.66,-2.47
54.242,0,Ceiling_log_3m (21),2.46,1.64,-2.47
54.269,0,Ceiling_log_3m (21),2.46,1.62,-2.47
54.311,0,Ceiling_log_3m (21),2.46,1.60,-2.46
54.339,0,Ceiling_log_3m (21),2.46,1.60,-2.46
54.367,0,Ceiling_log_3m (21),2.46,1.60,-2.45
54.408,0,Ceiling_log_3m (21),2.46,1.61,-2.43
54.437,0,Ceiling_log_3m (21),2.46,1.62,-2.41
54.478,0,Ceiling_log_3m (21),2.46,1.62,-2.40
54.506,0,Ceiling_log_3m (21),2.46,1.62,-2.39
54.534,0,Ceiling_log_3m (21),2.46,1.62,-2.38
54.576,0,Ceiling_log_3m (21),2.46,1.64,-2.38
54.604,0,Ceiling_log_3m (21),2.46,1.68,-2.38
54.645,0,Ceiling_log_3m (21),2.46,1.64,-2.38
54.673,0,Ceiling_log_3m (21),2.46,1.65,-2.38
54.701,0,Ceiling_log_3m (21),2.46,1.67,-2.38
54.743,0,Ceiling_log_3m (21),2.46,1.67,-2.38
54.771,0,Ceiling_log_3m (21),2.46,1.67,-2.38
54.813,0,Ceiling_log_3m (21),2.46,1.69,-2.38
54.840,0,Ceiling_log_3m (21),2.46,1.69,-2.38
54.868,0,Ceiling_3x3m (6),2.47,1.70,-2.38
54.910,0,Ceiling_3x3m (6),2.50,1.70,-2.37
54.938,0,Ceiling_3x3m (6),2.51,1.70,-2.37
54.980,0,Ceiling_3x3m (6),2.55,1.70,-2.36
55.007,0,Ceiling_3x3m (6),2.58,1.70,-2.35
55.035,0,Ceiling_3x3m (6),2.58,1.70,-2.35
55.077,0,Ceiling_3x3m (6),2.56,1.70,-2.34
55.105,0,Ceiling_3x3m (6),2.55,1.70,-2.33
55.147,0,Ceiling_3x3m (6),2.57,1.70,-2.32
55.174,0,Ceiling_3x3m (6),2.58,1.70,-2.31
55.202,0,Ceiling_3x3m (6),2.60,1.70,-2.29
55.244,0,Ceiling_3x3m (6),2.61,1.70,-2.26
55.272,0,Ceiling_3x3m (6),2.59,1.70,-2.24
55.313,0,Ceiling_3x3m (6),2.57,1.70,-2.23
55.341,0,Ceiling_3x3m (6),2.58,1.70,-2.22
55.369,0,Ceiling_3x3m (6),2.57,1.70,-2.21
55.412,0,Ceiling_3x3m (6),2.58,1.70,-2.21
55.439,0,Ceiling_3x3m (6),2.62,1.70,-2.20
55.466,0,Ceiling_3x3m (6),2.65,1.70,-2.20
55.508,0,Ceiling_3x3m (6),2.68,1.70,-2.20
55.536,0,Ceiling_3x3m (6),2.71,1.70,-2.21
55.578,0,Ceiling_3x3m (6),2.73,1.70,-2.20
55.605,0,Ceiling_3x3m (6),2.72,1.70,-2.20
55.634,0,Ceiling_3x3m (6),2.69,1.70,-2.19
55.676,0,Ceiling_3x3m (6),2.67,1.70,-2.19
55.703,0,Ceiling_3x3m (6),2.65,1.70,-2.19
55.745,0,Ceiling_3x3m (6),2.59,1.70,-2.19
55.773,0,Ceiling_3x3m (6),2.57,1.70,-2.19
55.801,0,Ceiling_3x3m (6),2.57,1.70,-2.20
55.842,0,Ceiling_3x3m (6),2.59,1.70,-2.21
55.871,0,Ceiling_3x3m (6),2.61,1.70,-2.21
55.912,0,Ceiling_3x3m (6),2.58,1.70,-2.22
55.940,0,Ceiling_3x3m (6),2.56,1.70,-2.22
55.968,0,Ceiling_3x3m (6),2.58,1.70,-2.22
56.010,0,Ceiling_3x3m (6),2.58,1.70,-2.22
56.038,0,Ceiling_3x3m (6),2.54,1.70,-2.22
56.079,0,Ceiling_3x3m (6),2.49,1.70,-2.22
56.107,0,Ceiling_3x3m (6),2.49,1.70,-2.23
56.134,0,Ceiling_3x3m (6),2.48,1.70,-2.23
56.176,0,Ceiling_log_3m (21),2.46,1.67,-2.23
56.204,0,Ceiling_log_3m (21),2.46,1.67,-2.23
56.246,0,Ceiling_log_3m (21),2.46,1.67,-2.23
56.274,0,Ceiling_log_3m (21),2.46,1.68,-2.23
56.302,0,Ceiling_log_3m (21),2.46,1.69,-2.23
56.344,0,Ceiling_log_3m (21),2.46,1.68,-2.23
56.372,0,Ceiling_log_3m (21),2.46,1.67,-2.24
56.414,0,Ceiling_log_3m (21),2.46,1.66,-2.25
56.441,0,Ceiling_log_3m (21),2.46,1.65,-2.26
56.469,0,Ceiling_log_3m (21),2.46,1.66,-2.27
56.510,0,Ceiling_log_3m (21),2.46,1.68,-2.29
56.539,0,Ceiling_log_3m (21),2.46,1.68,-2.29
56.567,0,Ceiling_log_3m (21),2.46,1.68,-2.29
56.608,0,Ceiling_3x3m (6),2.47,1.70,-2.29
56.636,0,Ceiling_3x3m (6),2.48,1.70,-2.29
56.678,0,Ceiling_3x3m (6),2.50,1.70,-2.29
56.705,0,Ceiling_3x3m (6),2.51,1.70,-2.29
56.733,0,Ceiling_3x3m (6),2.53,1.70,-2.29
56.775,0,Ceiling_3x3m (6),2.56,1.70,-2.28
56.803,0,Ceiling_3x3m (6),2.56,1.70,-2.27
56.845,0,Ceiling_3x3m (6),2.59,1.70,-2.26
56.872,0,Ceiling_3x3m (6),2.61,1.70,-2.26
56.901,0,Ceiling_3x3m (6),2.64,1.70,-2.25
56.943,0,Ceiling_3x3m (6),2.64,1.70,-2.24
56.970,0,Ceiling_3x3m (6),2.59,1.70,-2.24
57.012,0,Ceiling_3x3m (6),2.54,1.70,-2.23
57.040,0,Ceiling_3x3m (6),2.56,1.70,-2.22
57.068,0,Ceiling_3x3m (6),2.59,1.70,-2.21
57.110,0,Ceiling_3x3m (6),2.59,1.70,-2.20
57.137,0,Ceiling_3x3m (6),2.63,1.70,-2.18
57.179,0,Ceiling_3x3m (6),2.67,1.70,-2.16
57.207,0,Ceiling_3x3m (6),2.69,1.70,-2.14
57.234,0,Ceiling_3x3m (6),2.72,1.70,-2.12
57.276,0,Ceiling_3x3m (6),2.77,1.70,-2.09
57.304,0,Ceiling_3x3m (6),2.76,1.70,-2.07
57.346,0,Ceiling_3x3m (6),2.67,1.70,-2.06
57.374,0,Ceiling_3x3m (6),2.66,1.70,-2.06
57.402,0,Ceiling_3x3m (6),2.70,1.70,-2.06
57.443,0,Ceiling_3x3m (6),2.71,1.70,-2.08
57.471,0,Ceiling_3x3m (6),2.70,1.70,-2.09
57.500,0,Ceiling_3x3m (6),2.69,1.70,-2.10
57.541,0,Ceiling_3x3m (6),2.69,1.70,-2.12
57.569,0,Ceiling_3x3m (6),2.71,1.70,-2.13
57.610,0,Ceiling_3x3m (6),2.68,1.70,-2.15
57.639,0,Ceiling_3x3m (6),2.66,1.70,-2.16
57.666,0,Ceiling_3x3m (6),2.63,1.70,-2.16
57.708,0,Ceiling_3x3m (6),2.61,1.70,-2.15
57.736,0,Ceiling_3x3m (6),2.63,1.70,-2.15
57.778,0,Ceiling_3x3m (6),2.63,1.70,-2.14
57.806,0,Ceiling_3x3m (6),2.62,1.70,-2.13
57.833,0,Ceiling_3x3m (6),2.64,1.70,-2.13
57.875,0,Ceiling_3x3m (6),2.69,1.70,-2.12
57.903,0,Ceiling_3x3m (6),2.68,1.70,-2.11
57.945,0,Ceiling_3x3m (6),2.65,1.70,-2.10
57.972,0,Ceiling_3x3m (6),2.63,1.70,-2.10
58.001,0,Ceiling_3x3m (6),2.59,1.70,-2.09
58.042,0,Ceiling_3x3m (6),2.53,1.70,-2.08
58.070,0,Ceiling_3x3m (6),2.57,1.70,-2.07
58.112,0,Ceiling_3x3m (6),2.63,1.70,-2.05
58.140,0,Ceiling_3x3m (6),2.70,1.70,-2.04
58.168,0,Ceiling_3x3m (6),2.70,1.70,-2.01
58.209,0,Ceiling_3x3m (6),2.62,1.70,-1.98
58.237,0,Ceiling_3x3m (6),2.59,1.70,-1.96
58.279,0,Ceiling_3x3m (6),2.62,1.70,-1.94
58.307,0,Ceiling_3x3m (6),2.63,1.70,-1.94
58.335,0,Ceiling_3x3m (6),2.64,1.70,-1.92
58.377,0,Ceiling_3x3m (6),2.65,1.70,-1.90
58.404,0,Ceiling_3x3m (6),2.61,1.70,-1.88
58.446,0,Ceiling_3x3m (6),2.50,1.70,-1.85
58.473,0,Ceiling_3x3m (6),2.50,1.70,-1.83
58.502,0,Ceiling_3x3m (6),2.50,1.70,-1.82
58.544,0,Ceiling_3x3m (6),2.47,1.70,-1.80
58.571,0,Ceiling_3x3m (6),2.47,1.70,-1.80
58.613,0,Ceiling_3x3m (6),2.47,1.70,-1.78
58.641,0,Ceiling_3x3m (6),2.49,1.70,-1.78
58.668,0,Ceiling_3x3m (6),2.50,1.70,-1.77
58.710,0,Ceiling_log_3m (21),2.46,1.69,-1.76
58.738,0,Ceiling_log_3m (21),2.46,1.69,-1.75
58.780,0,Ceiling_log_3m (21),2.46,1.69,-1.74
58.808,0,Ceiling_log_3m (21),2.46,1.68,-1.73
58.836,0,Ceiling_log_3m (21),2.46,1.67,-1.72
58.877,0,Ceiling_log_3m (21),2.46,1.67,-1.71
58.905,0,Ceiling_log_3m (21),2.46,1.67,-1.71
58.933,0,Ceiling_log_3m (21),2.46,1.67,-1.70
58.975,0,Ceiling_log_3m (21),2.46,1.66,-1.71
59.002,0,Ceiling_log_3m (21),2.46,1.67,-1.71
59.044,0,Ceiling_log_3m (21),2.46,1.68,-1.72
59.072,0,Ceiling_log_3m (21),2.46,1.68,-1.72
59.101,0,Ceiling_log_3m (21),2.46,1.67,-1.72
59.142,0,Ceiling_log_3m (21),2.46,1.64,-1.73
59.169,0,Ceiling_log_3m (21),2.46,1.63,-1.73
59.212,0,Ceiling_log_3m (21),2.46,1.62,-1.73
59.239,0,Ceiling_log_3m (21),2.46,1.62,-1.74
59.267,0,Ceiling_log_3m (21),2.46,1.63,-1.74
59.309,0,Ceiling_log_3m (21),2.46,1.61,-1.74
59.337,0,Ceiling_log_3m (21),2.46,1.60,-1.75
59.380,0,Ceiling_log_3m (21),2.46,1.59,-1.76
59.407,0,Ceiling_log_3m (21),2.46,1.62,-1.77
59.434,0,Ceiling_log_3m (21),2.46,1.63,-1.77
59.476,0,Ceiling_log_3m (21),2.46,1.62,-1.77
59.504,0,Ceiling_log_3m (21),2.46,1.60,-1.77
59.546,0,Ceiling_log_3m (21),2.46,1.57,-1.77
59.574,0,Ceiling_log_3m (21),2.46,1.55,-1.76
59.601,0,Ceiling_log_3m (21),2.46,1.55,-1.75
59.643,0,Ceiling_log_3m (21),2.46,1.54,-1.73
59.671,0,Ceiling_log_3m (21),2.46,1.52,-1.72
59.713,0,Ceiling_log_3m (21),2.46,1.54,-1.70
59.740,0,Ceiling_log_3m (21),2.46,1.57,-1.69
59.768,0,Ceiling_log_3m (21),2.46,1.59,-1.68
59.810,0,Ceiling_log_3m (21),2.46,1.58,-1.67
59.838,0,Ceiling_log_3m (21),2.46,1.60,-1.66
59.880,0,Ceiling_log_3m (21),2.46,1.61,-1.65
59.908,0,Ceiling_log_3m (21),2.46,1.60,-1.65
59.936,0,Ceiling_log_3m (21),2.46,1.60,-1.65
59.977,0,Ceiling_log_3m (21),2.46,1.61,-1.65
60.005,0,Ceiling_log_3m (21),2.46,1.61,-1.65
60.046,0,Ceiling_log_3m (21),2.46,1.64,-1.65
60.074,0,Ceiling_log_3m (21),2.46,1.64,-1.65
60.102,0,Ceiling_log_3m (21),2.46,1.64,-1.65
60.144,0,Ceiling_log_3m (21),2.46,1.63,-1.66
60.172,0,Ceiling_log_3m (21),2.46,1.63,-1.67
60.200,0,Ceiling_log_3m (21),2.46,1.60,-1.68
60.242,0,Ceiling_log_3m (21),2.46,1.63,-1.70
60.270,0,Ceiling_log_3m (21),2.46,1.64,-1.72
60.311,0,Ceiling_log_3m (21),2.46,1.61,-1.75
60.339,0,Ceiling_log_3m (21),2.46,1.59,-1.76
60.367,0,Ceiling_log_3m (21),2.46,1.58,-1.77
60.409,0,Ceiling_log_3m (21),2.46,1.61,-1.80
60.437,0,Ceiling_log_3m (21),2.46,1.61,-1.81
60.479,0,Ceiling_log_3m (21),2.46,1.62,-1.82
60.506,0,Ceiling_log_3m (21),2.46,1.60,-1.82
60.534,0,Ceiling_log_3m (21),2.46,1.60,-1.83
60.576,0,Ceiling_log_3m (21),2.46,1.60,-1.83
60.604,0,Ceiling_log_3m (21),2.46,1.59,-1.83
60.645,0,Ceiling_log_3m (21),2.46,1.58,-1.83
60.674,0,Ceiling_log_3m (21),2.46,1.57,-1.83
60.701,0,Ceiling_log_3m (21),2.46,1.57,-1.83
60.743,0,Ceiling_log_3m (21),2.46,1.56,-1.82
60.771,0,Ceiling_log_3m (21),2.46,1.56,-1.81
60.812,0,Ceiling_log_3m (21),2.46,1.56,-1.80
60.840,0,Ceiling_log_3m (21),2.46,1.59,-1.80
60.869,0,Ceiling_log_3m (21),2.46,1.61,-1.79
60.911,0,Ceiling_log_3m (21),2.46,1.61,-1.79
60.938,0,Ceiling_log_3m (21),2.46,1.62,-1.78
60.980,0,Ceiling_log_3m (21),2.46,1.61,-1.77
61.008,0,Ceiling_log_3m (21),2.46,1.61,-1.77
61.035,0,Ceiling_log_3m (21),2.46,1.61,-1.76
61.077,0,Ceiling_log_3m (21),2.46,1.63,-1.76
61.105,0,Ceiling_log_3m (21),2.46,1.64,-1.76
61.147,0,Ceiling_log_3m (21),2.46,1.65,-1.75
61.174,0,Ceiling_log_3m (21),2.46,1.66,-1.75
61.202,0,Ceiling_log_3m (21),2.46,1.67,-1.75
61.244,0,Ceiling_log_3m (21),2.46,1.66,-1.75
61.271,0,Ceiling_log_3m (21),2.46,1.65,-1.75
61.314,0,Ceiling_log_3m (21),2.46,1.67,-1.76
61.341,0,Ceiling_log_3m (21),2.46,1.69,-1.76
61.370,0,Ceiling_3x3m (6),2.53,1.70,-1.76
61.411,0,Ceiling_3x3m (6),2.57,1.70,-1.75
61.439,0,Ceiling_3x3m (6),2.51,1.70,-1.73
61.467,0,Ceiling_3x3m (6),2.52,1.70,-1.71
61.508,0,Ceiling_3x3m (6),2.47,1.70,-1.70
61.536,0,Ceiling_log_3m (21),2.46,1.67,-1.69
61.578,0,Ceiling_log_3m (21),2.46,1.65,-1.68
61.606,0,Ceiling_log_3m (21),2.46,1.63,-1.68
61.634,0,Ceiling_log_3m (21),2.46,1.59,-1.69
61.675,0,Ceiling_log_3m (21),2.46,1.56,-1.69
61.703,0,Ceiling_log_3m (21),2.46,1.54,-1.69
61.745,0,Ceiling_log_3m (21),2.46,1.52,-1.70
61.773,0,Ceiling_log_3m (21),2.46,1.50,-1.70
61.801,0,Ceiling_log_3m (21),2.46,1.50,-1.71
61.843,0,Ceiling_log_3m (21),2.45,1.50,-1.71
61.870,0,Ceiling_log_3m (21),2.46,1.50,-1.71
61.912,0,Ceiling_log_3m (21),2.46,1.51,-1.71
61.941,0,Ceiling_log_3m (21),2.46,1.52,-1.71
61.968,0,Ceiling_log_3m (21),2.46,1.53,-1.71
62.010,0,Ceiling_log_3m (21),2.46,1.52,-1.72
62.038,0,Ceiling_log_3m (21),2.46,1.54,-1.72
62.080,0,Ceiling_log_3m (21),2.46,1.53,-1.73
62.107,0,Ceiling_log_3m (21),2.46,1.53,-1.73
62.135,0,Ceiling_log_3m (21),2.46,1.56,-1.73
62.177,0,Ceiling_log_3m (21),2.46,1.58,-1.72
62.205,0,Ceiling_log_3m (21),2.46,1.60,-1.72
62.233,0,Ceiling_log_3m (21),2.46,1.62,-1.72
62.274,0,Ceiling_log_3m (21),2.46,1.63,-1.72
62.302,0,Ceiling_log_3m (21),2.46,1.65,-1.72
62.344,0,Ceiling_log_3m (21),2.46,1.66,-1.72
62.372,0,Ceiling_log_3m (21),2.46,1.64,-1.72
62.400,0,Ceiling_log_3m (21),2.46,1.62,-1.72
62.441,0,Ceiling_log_3m (21),2.46,1.60,-1.71
62.469,0,Ceiling_log_3m (21),2.46,1.60,-1.71
62.510,0,Ceiling_log_3m (21),2.46,1.60,-1.71
62.539,0,Ceiling_log_3m (21),2.46,1.61,-1.71
62.566,0,Ceiling_log_3m (21),2.46,1.63,-1.71
62.608,0,Ceiling_log_3m (21),2.46,1.65,-1.71
62.638,0,Ceiling_log_3m (21),2.46,1.65,-1.70
62.678,0,Ceiling_log_3m (21),2.46,1.65,-1.69
62.706,0,Ceiling_log_3m (21),2.46,1.65,-1.69
62.734,0,Ceiling_log_3m (21),2.46,1.64,-1.69
62.776,0,Ceiling_log_3m (21),2.46,1.63,-1.69
62.803,0,Ceiling_log_3m (21),2.46,1.63,-1.69
62.844,0,Ceiling_log_3m (21),2.46,1.60,-1.68
62.873,0,Ceiling_log_3m (21),2.46,1.60,-1.68
62.900,0,Ceiling_log_3m (21),2.46,1.62,-1.69
62.943,0,Ceiling_log_3m (21),2.46,1.63,-1.70
62.970,0,Ceiling_log_3m (21),2.46,1.63,-1.70
63.012,0,Ceiling_log_3m (21),2.46,1.63,-1.71
63.040,0,Ceiling_log_3m (21),2.46,1.64,-1.72
63.068,0,Ceiling_log_3m (21),2.46,1.64,-1.73
63.110,0,Ceiling_log_3m (21),2.46,1.63,-1.73
63.138,0,Ceiling_log_3m (21),2.46,1.64,-1.73
63.179,0,Ceiling_log_3m (21),2.46,1.65,-1.73
63.207,0,Ceiling_log_3m (21),2.46,1.66,-1.73
63.236,0,Ceiling_log_3m (21),2.46,1.69,-1.73
63.276,0,Ceiling_3x3m (6),2.48,1.70,-1.74
63.304,0,Ceiling_log_3m (21),2.46,1.69,-1.74
63.346,0,Ceiling_log_3m (21),2.46,1.66,-1.74
63.374,0,Ceiling_log_3m (21),2.46,1.66,-1.74
63.402,0,Ceiling_log_3m (21),2.46,1.66,-1.75
63.444,0,Ceiling_log_3m (21),2.46,1.66,-1.75
63.471,0,Ceiling_log_3m (21),2.46,1.66,-1.75
63.500,0,Ceiling_log_3m (21),2.46,1.67,-1.76
63.542,0,Ceiling_log_3m (21),2.46,1.68,-1.75
63.569,0,Ceiling_log_3m (21),2.46,1.67,-1.75
63.611,0,Ceiling_log_3m (21),2.46,1.67,-1.75
63.639,0,Ceiling_log_3m (21),2.46,1.69,-1.75
63.667,0,Ceiling_3x3m (6),2.47,1.70,-1.75
63.709,0,Ceiling_3x3m (6),2.49,1.70,-1.75
63.736,0,Ceiling_3x3m (6),2.50,1.70,-1.75
63.778,0,Ceiling_3x3m (6),2.51,1.70,-1.75
63.806,0,Ceiling_3x3m (6),2.51,1.70,-1.76
63.834,0,Ceiling_3x3m (6),2.51,1.70,-1.76
63.876,0,Ceiling_3x3m (6),2.52,1.70,-1.78
63.903,0,Ceiling_3x3m (6),2.53,1.70,-1.78
63.945,0,Ceiling_3x3m (6),2.53,1.70,-1.79
63.973,0,Ceiling_3x3m (6),2.53,1.70,-1.79
64.001,0,Ceiling_3x3m (6),2.54,1.70,-1.79
64.043,0,Ceiling_3x3m (6),2.54,1.70,-1.80
64.070,0,Ceiling_3x3m (6),2.53,1.70,-1.80
64.113,0,Ceiling_3x3m (6),2.52,1.70,-1.80
64.140,0,Ceiling_3x3m (6),2.51,1.70,-1.81
64.168,0,Ceiling_3x3m (6),2.50,1.70,-1.81
64.209,0,Ceiling_3x3m (6),2.53,1.70,-1.82
64.238,0,Ceiling_3x3m (6),2.55,1.70,-1.82
64.279,0,Ceiling_3x3m (6),2.56,1.70,-1.82
64.307,0,Ceiling_3x3m (6),2.57,1.70,-1.82
64.335,0,Ceiling_3x3m (6),2.57,1.70,-1.83
64.377,0,Ceiling_3x3m (6),2.52,1.70,-1.82
64.404,0,Ceiling_3x3m (6),2.51,1.70,-1.82
64.446,0,Ceiling_3x3m (6),2.54,1.70,-1.82
64.474,0,Ceiling_3x3m (6),2.55,1.70,-1.82
64.502,0,Ceiling_3x3m (6),2.51,1.70,-1.82
64.544,0,Ceiling_3x3m (6),2.51,1.70,-1.81
64.571,0,Ceiling_3x3m (6),2.51,1.70,-1.81
64.599,0,Ceiling_3x3m (6),2.51,1.70,-1.81
64.641,0,Ceiling_3x3m (6),2.50,1.70,-1.81
64.669,0,Ceiling_3x3m (6),2.51,1.70,-1.81
64.711,0,Ceiling_3x3m (6),2.51,1.70,-1.82
64.739,0,Ceiling_3x3m (6),2.50,1.70,-1.82
64.767,0,Ceiling_3x3m (6),2.50,1.70,-1.84
64.808,0,Ceiling_3x3m (6),2.48,1.70,-1.87
64.836,0,Ceiling_3x3m (6),2.48,1.70,-1.89
64.878,0,Ceiling_3x3m (6),2.49,1.70,-1.94
64.906,0,Ceiling_3x3m (6),2.51,1.70,-1.97
64.934,0,Ceiling_3x3m (6),2.54,1.70,-2.00
64.975,0,Ceiling_log_3m (21),2.46,1.69,-2.07
65.003,0,Ceiling_log_3m (21),2.46,1.69,-2.11
65.045,0,Ceiling_log_3m (21),2.46,1.68,-2.19
65.073,0,Ceiling_log_3m (21),2.46,1.65,-2.25
65.101,0,Ceiling_log_3m (21),2.46,1.62,-2.30
65.143,0,Ceiling_log_3m (21),2.46,1.59,-2.36
65.170,0,Ceiling_log_3m (21),2.46,1.55,-2.40
65.212,0,Ceiling_log_3m (21),2.46,1.51,-2.45
65.240,0,Ceiling_log_3m (21),2.43,1.50,-2.48
65.268,0,Ceiling_log_3m (21),2.42,1.50,-2.51
65.310,0,Ceiling_log_3m (21),2.37,1.50,-2.55
65.338,0,Ceiling_3x3m (6),1.97,1.70,-2.64
65.366,0,Ceiling_3x3m (6),1.98,1.70,-2.66
65.407,0,Ceiling_3x3m (6),1.95,1.70,-2.70
65.435,0,Ceiling_3x3m (6),1.94,1.70,-2.72
65.476,0,Ceiling_3x3m (6),1.91,1.70,-2.75
65.504,0,Ceiling_3x3m (6),1.89,1.70,-2.77
65.533,0,Ceiling_3x3m (6),1.90,1.70,-2.78
65.574,0,Ceiling_3x3m (6),1.90,1.70,-2.80
65.602,0,Ceiling_3x3m (6),1.88,1.70,-2.80
65.644,0,Ceiling_3x3m (6),1.85,1.70,-2.81
65.672,0,Ceiling_3x3m (6),1.84,1.70,-2.82
65.700,0,Ceiling_3x3m (6),1.81,1.70,-2.83
65.742,0,Ceiling_3x3m (6),1.80,1.70,-2.85
65.770,0,Ceiling_3x3m (6),1.81,1.70,-2.85
65.811,0,Ceiling_3x3m (6),1.73,1.70,-2.88
65.839,0,Ceiling_3x3m (6),1.69,1.70,-2.90
65.867,0,Ceiling_3x3m (6),1.68,1.70,-2.91
65.909,0,Ceiling_3x3m (6),1.68,1.70,-2.92
65.936,0,Ceiling_3x3m (6),1.61,1.70,-2.94
65.978,0,Ceiling_3x3m (6),1.52,1.70,-2.97
66.006,0,Ceiling_log_3m (20),1.52,1.68,-2.97
66.034,0,Ceiling_log_3m (20),1.52,1.67,-2.98
66.075,0,Ceiling_log_3m (20),1.52,1.66,-2.98
66.103,0,Ceiling_log_3m (20),1.52,1.65,-2.98
66.146,0,Ceiling_log_3m (20),1.52,1.66,-2.99
66.174,0,Ceiling_log_3m (20),1.52,1.67,-3.00
66.202,0,Ceiling_log_3m (20),1.52,1.68,-3.01
66.244,0,Ceiling_log_3m (20),1.52,1.69,-3.01
66.271,0,Ceiling_3x3m (6),1.52,1.70,-3.02
66.312,0,Ceiling_3x3m (6),1.53,1.70,-3.02
66.340,0,Ceiling_3x3m (6),1.57,1.70,-3.01
66.368,0,Ceiling_3x3m (6),1.59,1.70,-3.01
66.410,0,Ceiling_3x3m (6),1.59,1.70,-3.01
66.438,0,Ceiling_3x3m (6),1.62,1.70,-3.01
66.479,0,Ceiling_3x3m (6),1.63,1.70,-3.01
66.508,0,Ceiling_3x3m (6),1.63,1.70,-3.01
66.536,0,Ceiling_3x3m (6),1.62,1.70,-3.01
66.577,0,Ceiling_3x3m (6),1.64,1.70,-2.99
66.605,0,Ceiling_3x3m (6),1.65,1.70,-2.99
66.633,0,Ceiling_3x3m (6),1.66,1.70,-2.98
66.674,0,Ceiling_3x3m (6),1.63,1.70,-2.99
66.703,0,Ceiling_3x3m (6),1.64,1.70,-2.99
66.744,0,Ceiling_3x3m (6),1.64,1.70,-2.98
66.772,0,Ceiling_3x3m (6),1.67,1.70,-2.97
66.800,0,Ceiling_3x3m (6),1.69,1.70,-2.96
66.841,0,Ceiling_3x3m (6),1.67,1.70,-2.95
66.869,0,Ceiling_3x3m (6),1.69,1.70,-2.95
66.911,0,Ceiling_3x3m (6),1.67,1.70,-2.95
66.939,0,Ceiling_3x3m (6),1.74,1.70,-2.94
66.967,0,Ceiling_3x3m (6),1.78,1.70,-2.93
67.008,0,Ceiling_3x3m (6),1.87,1.70,-2.91
67.036,0,Ceiling_3x3m (6),1.86,1.70,-2.91
67.078,0,Ceiling_3x3m (6),1.85,1.70,-2.90
67.106,0,Ceiling_3x3m (6),1.82,1.70,-2.90
67.134,0,Ceiling_3x3m (6),1.82,1.70,-2.89
67.175,0,Ceiling_3x3m (6),1.82,1.70,-2.88
67.203,0,Ceiling_3x3m (6),1.85,1.70,-2.87
67.245,0,Ceiling_3x3m (6),1.84,1.70,-2.87
67.273,0,Ceiling_3x3m (6),1.81,1.70,-2.88
67.301,0,Ceiling_3x3m (6),1.82,1.70,-2.88
67.343,0,Ceiling_3x3m (6),1.80,1.70,-2.88
67.371,0,Ceiling_3x3m (6),1.79,1.70,-2.88
67.412,0,Ceiling_3x3m (6),1.78,1.70,-2.87
67.440,0,Ceiling_3x3m (6),1.77,1.70,-2.86
67.468,0,Ceiling_3x3m (6),1.77,1.70,-2.86
67.509,0,Ceiling_3x3m (6),1.77,1.70,-2.86
67.537,0,Ceiling_3x3m (6),1.77,1.70,-2.86
67.566,0,Ceiling_3x3m (6),1.79,1.70,-2.86
67.607,0,Ceiling_3x3m (6),1.79,1.70,-2.86
67.634,0,Ceiling_3x3m (6),1.78,1.70,-2.87
67.677,0,Ceiling_3x3m (6),1.76,1.70,-2.87
67.705,0,Ceiling_3x3m (6),1.74,1.70,-2.87
67.733,0,Ceiling_3x3m (6),1.73,1.70,-2.87
67.774,0,Ceiling_3x3m (6),1.70,1.70,-2.88
67.802,0,Ceiling_3x3m (6),1.70,1.70,-2.88
67.844,0,Ceiling_3x3m (6),1.77,1.70,-2.87
67.872,0,Ceiling_3x3m (6),1.78,1.70,-2.86
67.913,0,Ceiling_3x3m (6),1.82,1.70,-2.85
67.941,0,Ceiling_3x3m (6),1.80,1.70,-2.84
67.969,0,Ceiling_3x3m (6),1.79,1.70,-2.84
68.011,0,Ceiling_3x3m (6),1.80,1.70,-2.84
68.039,0,Ceiling_3x3m (6),1.78,1.70,-2.85
68.066,0,Ceiling_3x3m (6),1.78,1.70,-2.85
68.108,0,Ceiling_3x3m (6),1.75,1.70,-2.85
68.136,0,Ceiling_3x3m (6),1.74,1.70,-2.85
68.178,0,Ceiling_3x3m (6),1.76,1.70,-2.85
68.205,0,Ceiling_3x3m (6),1.75,1.70,-2.84
68.234,0,Ceiling_3x3m (6),1.72,1.70,-2.84
68.275,0,Ceiling_3x3m (6),1.74,1.70,-2.84
68.304,0,Ceiling_3x3m (6),1.74,1.70,-2.83
68.345,0,Ceiling_3x3m (6),1.73,1.70,-2.82
68.373,0,Ceiling_3x3m (6),1.73,1.70,-2.81
68.401,0,Ceiling_3x3m (6),1.73,1.70,-2.79
68.443,0,Ceiling_3x3m (6),1.73,1.70,-2.77
68.470,0,Ceiling_3x3m (6),1.73,1.70,-2.76
68.512,0,Ceiling_3x3m (6),1.74,1.70,-2.75
68.540,0,Ceiling_3x3m (6),1.75,1.70,-2.75
68.568,0,Ceiling_3x3m (6),1.79,1.70,-2.75
68.609,0,Ceiling_3x3m (6),1.85,1.70,-2.75
68.637,0,Ceiling_3x3m (6),1.87,1.70,-2.75
68.679,0,Ceiling_3x3m (6),1.89,1.70,-2.75
68.707,0,Ceiling_3x3m (6),1.88,1.70,-2.75
68.735,0,Ceiling_3x3m (6),1.89,1.70,-2.75
68.777,0,Ceiling_3x3m (6),1.92,1.70,-2.74
68.805,0,Ceiling_3x3m (6),1.96,1.70,-2.73
68.846,0,Ceiling_log_3m (21),2.37,1.50,-2.64
68.874,0,Ceiling_log_3m (21),2.41,1.50,-2.63
68.902,0,Ceiling_log_3m (21),2.46,1.51,-2.61
68.944,0,Ceiling_log_3m (21),2.46,1.52,-2.60
68.971,0,Ceiling_log_3m (21),2.46,1.53,-2.59
69.013,0,Ceiling_log_3m (21),2.46,1.58,-2.58
69.041,0,Ceiling_log_3m (21),2.46,1.58,-2.57
69.069,0,Ceiling_log_3m (21),2.46,1.59,-2.56
69.111,0,Ceiling_log_3m (21),2.46,1.59,-2.55
69.138,0,Ceiling_log_3m (21),2.46,1.60,-2.55
69.166,0,Ceiling_log_3m (21),2.46,1.61,-2.54
69.208,0,Ceiling_log_3m (21),2.46,1.62,-2.52
69.236,0,Ceiling_log_3m (21),2.46,1.63,-2.51
69.278,0,Ceiling_log_3m (21),2.46,1.64,-2.49
69.306,0,Ceiling_log_3m (21),2.46,1.65,-2.48
69.334,0,Ceiling_log_3m (21),2.46,1.66,-2.47
69.375,0,Ceiling_log_3m (21),2.46,1.67,-2.45
69.403,0,Ceiling_log_3m (21),2.46,1.67,-2.44
69.445,0,Ceiling_log_3m (21),2.46,1.69,-2.43
69.473,0,Ceiling_log_3m (21),2.46,1.69,-2.42
69.500,0,Ceiling_log_3m (21),2.46,1.68,-2.42
69.542,0,Ceiling_log_3m (21),2.46,1.67,-2.41
69.570,0,Ceiling_log_3m (21),2.46,1.67,-2.42
69.612,0,Ceiling_log_3m (21),2.46,1.66,-2.41
69.640,0,Ceiling_log_3m (21),2.46,1.69,-2.41
69.667,0,Ceiling_3x3m (6),2.50,1.70,-2.41
69.709,0,Ceiling_3x3m (6),2.54,1.70,-2.41
69.737,0,Ceiling_3x3m (6),2.55,1.70,-2.41
69.779,0,Ceiling_3x3m (6),2.56,1.70,-2.40
69.807,0,Ceiling_3x3m (6),2.55,1.70,-2.40
69.834,0,Ceiling_3x3m (6),2.56,1.70,-2.40
69.876,0,Ceiling_3x3m (6),2.59,1.70,-2.40
69.904,0,Ceiling_3x3m (6),2.59,1.70,-2.40
69.946,0,Ceiling_3x3m (6),2.56,1.70,-2.41
69.974,0,Ceiling_3x3m (6),2.55,1.70,-2.41
70.001,0,Ceiling_3x3m (6),2.59,1.70,-2.41
70.044,0,Ceiling_3x3m (6),2.63,1.70,-2.41
70.071,0,Ceiling_3x3m (6),2.60,1.70,-2.42
70.100,0,Ceiling_3x3m (6),2.60,1.70,-2.42
70.141,0,Ceiling_3x3m (6),2.60,1.70,-2.42
70.168,0,Ceiling_3x3m (6),2.61,1.70,-2.43
70.210,0,Ceiling_3x3m (6),2.60,1.70,-2.43
70.238,0,Ceiling_3x3m (6),2.59,1.70,-2.44
70.266,0,Ceiling_3x3m (6),2.58,1.70,-2.44
70.308,0,Ceiling_3x3m (6),2.57,1.70,-2.45
70.336,0,Ceiling_3x3m (6),2.59,1.70,-2.45
70.377,0,Ceiling_3x3m (6),2.58,1.70,-2.45
70.406,0,Ceiling_3x3m (6),2.57,1.70,-2.45
70.433,0,Ceiling_3x3m (6),2.57,1.70,-2.45
70.475,0,Ceiling_3x3m (6),2.58,1.70,-2.45
70.503,0,Ceiling_3x3m (6),2.53,1.70,-2.45
70.545,0,Ceiling_3x3m (6),2.51,1.70,-2.45
70.572,0,Ceiling_3x3m (6),2.55,1.70,-2.44
70.600,0,Ceiling_3x3m (6),2.56,1.70,-2.45
70.642,0,Ceiling_3x3m (6),2.61,1.70,-2.46
70.670,0,Ceiling_3x3m (6),2.62,1.70,-2.47
70.711,0,Ceiling_3x3m (6),2.63,1.70,-2.49
70.740,0,Ceiling_3x3m (6),2.66,1.70,-2.49
70.767,0,Ceiling_3x3m (6),2.69,1.70,-2.48
70.809,0,Ceiling_3x3m (6),2.71,1.70,-2.48
70.836,0,Ceiling_3x3m (6),2.71,1.70,-2.47
70.879,0,Ceiling_3x3m (6),2.66,1.70,-2.46
70.907,0,Ceiling_3x3m (6),2.66,1.70,-2.45
70.934,0,Ceiling_3x3m (6),2.70,1.70,-2.45
70.976,0,Ceiling_3x3m (6),2.77,1.70,-2.46
71.004,0,Ceiling_3x3m (6),2.78,1.70,-2.47
71.046,0,Ceiling_3x3m (6),2.76,1.70,-2.48
71.074,0,Ceiling_3x3m (6),2.74,1.70,-2.49
71.101,0,Ceiling_3x3m (6),2.73,1.70,-2.49
71.143,0,Ceiling_3x3m (6),2.72,1.70,-2.48
71.171,0,Ceiling_3x3m (6),2.71,1.70,-2.48
71.213,0,Ceiling_3x3m (6),2.72,1.70,-2.47
71.241,0,Ceiling_3x3m (6),2.73,1.70,-2.47
71.268,0,Ceiling_3x3m (6),2.75,1.70,-2.47
71.311,0,Ceiling_3x3m (6),2.74,1.70,-2.47
71.338,0,Ceiling_3x3m (6),2.73,1.70,-2.47
71.366,0,Ceiling_3x3m (6),2.72,1.70,-2.47
71.408,0,Ceiling_3x3m (6),2.70,1.70,-2.48
71.435,0,Ceiling_3x3m (6),2.71,1.70,-2.48
71.478,0,Ceiling_3x3m (6),2.71,1.70,-2.47
71.504,0,Ceiling_3x3m (6),2.74,1.70,-2.47
71.534,0,Ceiling_3x3m (6),2.73,1.70,-2.46
71.575,0,Ceiling_3x3m (6),2.72,1.70,-2.46
71.603,0,Ceiling_3x3m (6),2.73,1.70,-2.45
71.644,0,Ceiling_3x3m (6),2.73,1.70,-2.45
71.672,0,Ceiling_3x3m (6),2.71,1.70,-2.45
71.700,0,Ceiling_3x3m (6),2.71,1.70,-2.44
71.742,0,Ceiling_3x3m (6),2.73,1.70,-2.44
71.770,0,Ceiling_3x3m (6),2.72,1.70,-2.43
71.812,0,Ceiling_3x3m (6),2.72,1.70,-2.43
71.839,0,Ceiling_3x3m (6),2.73,1.70,-2.42
71.867,0,Ceiling_3x3m (6),2.75,1.70,-2.41
71.908,0,Ceiling_3x3m (6),2.80,1.70,-2.40
71.937,0,Ceiling_3x3m (6),2.82,1.70,-2.39
71.978,0,Ceiling_3x3m (6),2.84,1.70,-2.38
72.006,0,Ceiling_3x3m (6),2.84,1.70,-2.38
72.034,0,Ceiling_3x3m (6),2.83,1.70,-2.37
72.075,0,Ceiling_3x3m (6),2.77,1.70,-2.37
72.104,0,Ceiling_3x3m (6),2.76,1.70,-2.37
72.145,0,Ceiling_3x3m (6),2.78,1.70,-2.37
72.174,0,Ceiling_3x3m (6),2.80,1.70,-2.37
72.201,0,Ceiling_3x3m (6),2.78,1.70,-2.37
72.243,0,Ceiling_3x3m (6),2.79,1.70,-2.38
72.271,0,Ceiling_3x3m (6),2.78,1.70,-2.38
72.313,0,Ceiling_3x3m (6),2.74,1.70,-2.38
72.340,0,Ceiling_3x3m (6),2.74,1.70,-2.39
72.369,0,Ceiling_3x3m (6),2.75,1.70,-2.39
72.410,0,Ceiling_3x3m (6),2.76,1.70,-2.38
72.438,0,Ceiling_3x3m (6),2.77,1.70,-2.38
72.466,0,Ceiling_3x3m (6),2.77,1.70,-2.37
72.507,0,Ceiling_3x3m (6),2.74,1.70,-2.37
72.535,0,Ceiling_3x3m (6),2.73,1.70,-2.38
72.577,0,Ceiling_3x3m (6),2.75,1.70,-2.38
72.605,0,Ceiling_3x3m (6),2.74,1.70,-2.38
72.633,0,Ceiling_3x3m (6),2.72,1.70,-2.38
72.674,0,Ceiling_3x3m (6),2.71,1.70,-2.38
72.703,0,Ceiling_3x3m (6),2.58,1.70,-2.38
72.744,0,Ceiling_3x3m (6),2.65,1.70,-2.36
72.772,0,Ceiling_3x3m (6),2.68,1.70,-2.36
72.800,0,Ceiling_3x3m (6),2.65,1.70,-2.36
72.842,0,Ceiling_3x3m (6),2.64,1.70,-2.36
72.870,0,Ceiling_3x3m (6),2.65,1.70,-2.35
72.911,0,Ceiling_3x3m (6),2.66,1.70,-2.34
72.939,0,Ceiling_3x3m (6),2.67,1.70,-2.33
72.966,0,Ceiling_3x3m (6),2.71,1.70,-2.31
73.008,0,Ceiling_3x3m (6),2.86,1.70,-2.29
73.036,0,Ceiling_3x3m (6),2.97,1.70,-2.26
73.078,0,Ceiling_3x3m (6),2.90,1.70,-2.25
73.106,0,Ceiling_3x3m (6),2.81,1.70,-2.25
73.134,0,Ceiling_3x3m (6),2.81,1.70,-2.24
73.175,0,Ceiling_3x3m (6),2.82,1.70,-2.23
73.203,0,Ceiling_3x3m (6),2.80,1.70,-2.22
73.245,0,Ceiling_3x3m (6),2.77,1.70,-2.22
73.273,0,Ceiling_3x3m (6),2.78,1.70,-2.22
73.301,0,Ceiling_3x3m (6),2.79,1.70,-2.22
73.343,0,Ceiling_3x3m (6),2.79,1.70,-2.22
73.371,0,Ceiling_3x3m (6),2.79,1.70,-2.22
73.412,0,Ceiling_3x3m (6),2.75,1.70,-2.23
73.440,0,Ceiling_3x3m (6),2.73,1.70,-2.23
73.468,0,Ceiling_3x3m (6),2.77,1.70,-2.22
73.510,0,Ceiling_3x3m (6),2.83,1.70,-2.21
73.537,0,Ceiling_3x3m (6),2.82,1.70,-2.20
73.579,0,Ceiling_3x3m (6),2.83,1.70,-2.18
73.607,0,Ceiling_3x3m (6),2.82,1.70,-2.17
73.635,0,Ceiling_3x3m (6),2.79,1.70,-2.15
73.676,0,Ceiling_3x3m (6),2.78,1.70,-2.13
73.704,0,Ceiling_3x3m (6),2.77,1.70,-2.13
73.746,0,Ceiling_3x3m (6),2.75,1.70,-2.12
73.774,0,Ceiling_3x3m (6),2.78,1.70,-2.11
73.802,0,Ceiling_3x3m (6),2.81,1.70,-2.11
73.844,0,Ceiling_3x3m (6),2.85,1.70,-2.10
73.872,0,Ceiling_3x3m (6),2.87,1.70,-2.09
73.899,0,Ceiling_3x3m (6),2.89,1.70,-2.08
73.941,0,Ceiling_3x3m (6),2.94,1.70,-2.06
73.969,0,Ceiling_3x3m (6),2.96,1.70,-2.05
74.012,0,Ceiling_3x3m (6),2.94,1.70,-2.04
74.038,0,Ceiling_3x3m (6),2.92,1.70,-2.03
74.066,0,Ceiling_3x3m (6),2.91,1.70,-2.02
74.108,0,Ceiling_3x3m (6),2.89,1.70,-2.02
74.136,0,Ceiling_3x3m (6),2.89,1.70,-2.03
74.177,0,Ceiling_3x3m (6),2.92,1.70,-2.03
74.206,0,Ceiling_3x3m (6),2.94,1.70,-2.03
74.234,0,Ceiling_3x3m (6),2.92,1.70,-2.03
74.275,0,Ceiling_3x3m (6),2.90,1.70,-2.04
74.303,0,Ceiling_3x3m (6),2.90,1.70,-2.04
74.345,0,Ceiling_3x3m (6),2.93,1.70,-2.04
74.373,0,Ceiling_3x3m (6),2.94,1.70,-2.04
74.400,0,Ceiling_3x3m (6),2.95,1.70,-2.04
74.442,0,Ceiling_3x3m (6),2.97,1.70,-2.03
74.470,0,Ceiling_3x3m (6),2.98,1.70,-2.03
74.512,0,Ceiling_3x3m (6),2.99,1.70,-2.02
74.540,0,Ceiling_3x3m (6),2.99,1.70,-2.02
74.567,0,Ceiling_3x3m (6),3.00,1.70,-2.01
74.609,0,Ceiling_3x3m (6),2.99,1.70,-2.01
74.637,0,Ceiling_3x3m (6),3.00,1.70,-2.01
74.679,0,Ceiling_3x3m (6),3.02,1.70,-2.01
74.708,0,Ceiling_3x3m (6),3.04,1.70,-2.01
74.735,0,Ceiling_3x3m (6),3.05,1.70,-2.01
74.776,0,Ceiling_3x3m (6),3.06,1.70,-2.01
74.805,0,Ceiling_3x3m (6),3.08,1.70,-2.00
74.846,0,Ceiling_log_3m (22),3.37,1.50,-1.98
74.874,0,Ceiling_log_3m (22),3.37,1.50,-1.98
74.902,0,Ceiling_log_3m (22),3.38,1.50,-1.98
74.944,0,Ceiling_log_3m (22),3.38,1.50,-1.97
74.972,0,Ceiling_log_3m (22),3.38,1.50,-1.98
75.013,0,Ceiling_3x3m (6),3.07,1.70,-1.99
75.041,0,Ceiling_3x3m (6),3.03,1.70,-1.99
75.069,0,Ceiling_3x3m (6),3.00,1.70,-1.99
75.110,0,Ceiling_3x3m (6),3.01,1.70,-1.99
75.138,0,Ceiling_3x3m (6),3.02,1.70,-1.99
75.181,0,Ceiling_3x3m (6),3.03,1.70,-1.99
75.208,0,Ceiling_3x3m (6),3.03,1.70,-1.99
75.236,0,Ceiling_3x3m (6),2.99,1.70,-1.99
75.278,0,Ceiling_3x3m (6),3.04,1.70,-2.00
75.305,0,Ceiling_3x3m (6),3.05,1.70,-2.00
75.334,0,Ceiling_3x3m (6),3.02,1.70,-2.01
75.375,0,Ceiling_3x3m (6),2.99,1.70,-2.02
75.403,0,Ceiling_3x3m (6),3.00,1.70,-2.03
75.445,0,Ceiling_3x3m (6),3.02,1.70,-2.04
75.473,0,Ceiling_3x3m (6),3.00,1.70,-2.06
75.501,0,Ceiling_3x3m (6),3.00,1.70,-2.07
75.542,0,Ceiling_3x3m (6),2.96,1.70,-2.10
75.570,0,Ceiling_3x3m (6),2.93,1.70,-2.12
75.612,0,Ceiling_3x3m (6),2.90,1.70,-2.14
75.640,0,Ceiling_3x3m (6),2.87,1.70,-2.15
75.668,0,Ceiling_3x3m (6),2.85,1.70,-2.16
75.710,0,Ceiling_3x3m (6),2.83,1.70,-2.17
75.738,0,Ceiling_3x3m (6),2.83,1.70,-2.17
75.779,0,Ceiling_3x3m (6),2.85,1.70,-2.17
75.807,0,Ceiling_3x3m (6),2.88,1.70,-2.18
75.835,0,Ceiling_3x3m (6),2.90,1.70,-2.18
75.876,0,Ceiling_3x3m (6),2.92,1.70,-2.18
75.904,0,Ceiling_3x3m (6),2.93,1.70,-2.18
75.946,0,Ceiling_3x3m (6),2.94,1.70,-2.17
75.974,0,Ceiling_3x3m (6),2.97,1.70,-2.16
76.001,0,Ceiling_3x3m (6),2.99,1.70,-2.16
76.050,0,Ceiling_3x3m (6),3.01,1.70,-2.17
76.072,0,Ceiling_3x3m (6),3.00,1.70,-2.17
76.100,0,Ceiling_3x3m (6),2.99,1.70,-2.17
76.141,0,Ceiling_3x3m (6),2.96,1.70,-2.16
76.168,0,Ceiling_3x3m (6),2.97,1.70,-2.16
76.210,0,Ceiling_3x3m (6),2.99,1.70,-2.17
76.238,0,Ceiling_3x3m (6),2.98,1.70,-2.17
76.267,0,Ceiling_3x3m (6),2.95,1.70,-2.17
76.307,0,Ceiling_3x3m (6),2.95,1.70,-2.16
76.335,0,Ceiling_3x3m (6),2.97,1.70,-2.14
76.378,0,Ceiling_3x3m (6),2.98,1.70,-2.11
76.404,0,Ceiling_3x3m (6),2.97,1.70,-2.09
76.433,0,Ceiling_3x3m (6),2.96,1.70,-2.08
76.475,0,Ceiling_3x3m (6),2.93,1.70,-2.07
76.502,0,Ceiling_3x3m (6),2.92,1.70,-2.08
76.544,0,Ceiling_3x3m (6),2.86,1.70,-2.08
76.573,0,Ceiling_3x3m (6),2.86,1.70,-2.09
76.600,0,Ceiling_3x3m (6),2.84,1.70,-2.10
76.641,0,Ceiling_3x3m (6),2.81,1.70,-2.11
76.669,0,Ceiling_3x3m (6),2.80,1.70,-2.10
76.711,0,Ceiling_3x3m (6),2.80,1.70,-2.10
76.739,0,Ceiling_3x3m (6),2.80,1.70,-2.10
76.767,0,Ceiling_3x3m (6),2.81,1.70,-2.10
76.809,0,Ceiling_3x3m (6),2.79,1.70,-2.10
76.837,0,Ceiling_3x3m (6),2.80,1.70,-2.10
76.879,0,Ceiling_3x3m (6),2.82,1.70,-2.10
76.907,0,Ceiling_3x3m (6),2.83,1.70,-2.10
76.934,0,Ceiling_3x3m (6),2.84,1.70,-2.10
76.975,0,Ceiling_3x3m (6),2.89,1.70,-2.09
77.003,0,Ceiling_3x3m (6),2.91,1.70,-2.09
77.045,0,Ceiling_3x3m (6),2.87,1.70,-2.10
77.073,0,Ceiling_3x3m (6),2.86,1.70,-2.09
77.101,0,Ceiling_3x3m (6),2.87,1.70,-2.10
77.142,0,Ceiling_3x3m (6),2.89,1.70,-2.10
77.170,0,Ceiling_3x3m (6),2.89,1.70,-2.10
77.212,0,Ceiling_3x3m (6),2.92,1.70,-2.11
77.240,0,Ceiling_3x3m (6),2.91,1.70,-2.12
77.268,0,Ceiling_3x3m (6),2.94,1.70,-2.12
77.310,0,Ceiling_3x3m (6),2.94,1.70,-2.12
77.337,0,Ceiling_3x3m (6),2.92,1.70,-2.12
77.380,0,Ceiling_3x3m (6),2.92,1.70,-2.12
77.407,0,Ceiling_3x3m (6),3.00,1.70,-2.12
77.435,0,Ceiling_3x3m (6),3.05,1.70,-2.11
77.477,0,Ceiling_3x3m (6),3.03,1.70,-2.10
77.505,0,Ceiling_3x3m (6),3.02,1.70,-2.10
77.533,0,Ceiling_3x3m (6),2.98,1.70,-2.10
77.575,0,Ceiling_3x3m (6),2.89,1.70,-2.11
77.602,0,Ceiling_3x3m (6),2.88,1.70,-2.11
77.644,0,Ceiling_3x3m (6),2.84,1.70,-2.11
77.673,0,Ceiling_3x3m (6),2.78,1.70,-2.12
77.700,0,Ceiling_3x3m (6),2.73,1.70,-2.12
77.742,0,Ceiling_3x3m (6),2.70,1.70,-2.12
77.770,0,Ceiling_3x3m (6),2.68,1.70,-2.12
77.812,0,Ceiling_3x3m (6),2.69,1.70,-2.13
77.839,0,Ceiling_3x3m (6),2.67,1.70,-2.13
77.867,0,Ceiling_3x3m (6),2.62,1.70,-2.14
77.908,0,Ceiling_3x3m (6),2.54,1.70,-2.15
77.937,0,Ceiling_3x3m (6),2.53,1.70,-2.16
77.978,0,Ceiling_3x3m (6),2.55,1.70,-2.17
78.007,0,Ceiling_3x3m (6),2.53,1.70,-2.18
78.034,0,Ceiling_3x3m (6),2.52,1.70,-2.18
78.076,0,Ceiling_3x3m (6),2.51,1.70,-2.18
78.104,0,Ceiling_3x3m (6),2.50,1.70,-2.18
78.133,0,Ceiling_3x3m (6),2.51,1.70,-2.18
78.174,0,Ceiling_3x3m (6),2.48,1.70,-2.17
78.202,0,Ceiling_log_3m (21),2.46,1.68,-2.17
78.244,0,Ceiling_log_3m (21),2.46,1.63,-2.18
78.271,0,Ceiling_log_3m (21),2.46,1.60,-2.18
78.299,0,Ceiling_log_3m (21),2.46,1.60,-2.18
78.340,0,Ceiling_log_3m (21),2.46,1.60,-2.19
78.368,0,Ceiling_log_3m (21),2.46,1.60,-2.19
78.410,0,Ceiling_log_3m (21),2.46,1.59,-2.18
78.439,0,Ceiling_log_3m (21),2.46,1.57,-2.17
78.480,0,Ceiling_log_3m (21),2.46,1.54,-2.16
78.508,0,Ceiling_log_3m (21),2.46,1.53,-2.15
78.535,0,Ceiling_log_3m (21),2.46,1.54,-2.15
78.577,0,Ceiling_log_3m (21),2.46,1.52,-2.13
78.606,0,Ceiling_log_3m (21),2.46,1.51,-2.12
78.633,0,Ceiling_log_3m (21),2.46,1.52,-2.11
78.675,0,Ceiling_log_3m (21),2.46,1.51,-2.10
78.703,0,Ceiling_log_3m (21),2.46,1.53,-2.10
78.744,0,Ceiling_log_3m (21),2.46,1.53,-2.09
78.772,0,Ceiling_log_3m (21),2.46,1.53,-2.08
78.800,0,Ceiling_log_3m (21),2.46,1.54,-2.08
78.842,0,Ceiling_log_3m (21),2.46,1.58,-2.08
78.869,0,Ceiling_log_3m (21),2.46,1.59,-2.08
78.911,0,Ceiling_log_3m (21),2.46,1.59,-2.07
78.939,0,Ceiling_log_3m (21),2.46,1.59,-2.07
78.967,0,Ceiling_log_3m (21),2.46,1.57,-2.06
79.009,0,Ceiling_log_3m (21),2.46,1.57,-2.06
79.036,0,Ceiling_log_3m (21),2.46,1.57,-2.07
79.078,0,Ceiling_log_3m (21),2.46,1.60,-2.07
79.106,0,Ceiling_log_3m (21),2.46,1.61,-2.07
79.134,0,Ceiling_log_3m (21),2.46,1.61,-2.08
79.176,0,Ceiling_log_3m (21),2.46,1.63,-2.08
79.204,0,Ceiling_log_3m (21),2.46,1.64,-2.08
79.246,0,Ceiling_log_3m (21),2.46,1.65,-2.07
79.273,0,Ceiling_log_3m (21),2.46,1.66,-2.07
79.301,0,Ceiling_log_3m (21),2.46,1.66,-2.07
79.343,0,Ceiling_log_3m (21),2.46,1.66,-2.08
79.371,0,Ceiling_log_3m (21),2.46,1.66,-2.08
79.412,0,Ceiling_log_3m (21),2.46,1.69,-2.08
79.440,0,Ceiling_3x3m (6),2.49,1.70,-2.08
79.468,0,Ceiling_3x3m (6),2.50,1.70,-2.07
79.509,0,Ceiling_3x3m (6),2.54,1.70,-2.06
79.537,0,Ceiling_3x3m (6),2.57,1.70,-2.06
79.580,0,Ceiling_3x3m (6),2.62,1.70,-2.05
79.607,0,Ceiling_3x3m (6),2.66,1.70,-2.03
79.635,0,Ceiling_3x3m (6),2.70,1.70,-2.02
79.677,0,Ceiling_3x3m (6),2.72,1.70,-2.01
79.705,0,Ceiling_3x3m (6),2.72,1.70,-2.01
79.733,0,Ceiling_3x3m (6),2.68,1.70,-2.01
79.774,0,Ceiling_3x3m (6),2.63,1.70,-2.00
79.803,0,Ceiling_3x3m (6),2.63,1.70,-2.00
79.844,0,Ceiling_3x3m (6),2.64,1.70,-1.99
79.872,0,Ceiling_3x3m (6),2.66,1.70,-1.98
79.900,0,Ceiling_3x3m (6),2.70,1.70,-1.97
79.942,0,Ceiling_3x3m (6),2.74,1.70,-1.94
79.969,0,Ceiling_3x3m (6),2.77,1.70,-1.91
80.011,0,Ceiling_3x3m (6),2.78,1.70,-1.90
80.039,0,Ceiling_3x3m (6),2.80,1.70,-1.90
80.067,0,Ceiling_3x3m (6),2.82,1.70,-1.89
80.108,0,Ceiling_3x3m (6),2.81,1.70,-1.89
80.137,0,Ceiling_3x3m (6),2.79,1.70,-1.89
80.178,0,Ceiling_3x3m (6),2.79,1.70,-1.89
80.207,0,Ceiling_3x3m (6),2.81,1.70,-1.88
80.234,0,Ceiling_3x3m (6),2.81,1.70,-1.87
80.275,0,Ceiling_3x3m (6),2.82,1.70,-1.86
80.303,0,Ceiling_3x3m (6),2.81,1.70,-1.85
80.345,0,Ceiling_3x3m (6),2.87,1.70,-1.84
80.373,0,Ceiling_3x3m (6),2.90,1.70,-1.84
80.401,0,Ceiling_3x3m (6),2.90,1.70,-1.84
80.443,0,Ceiling_3x3m (6),2.84,1.70,-1.83
80.470,0,Ceiling_3x3m (6),2.80,1.70,-1.83
80.512,0,Ceiling_3x3m (6),2.77,1.70,-1.82
80.541,0,Ceiling_3x3m (6),2.76,1.70,-1.82
80.568,0,Ceiling_3x3m (6),2.73,1.70,-1.82
80.610,0,Ceiling_3x3m (6),2.69,1.70,-1.83
80.637,0,Ceiling_3x3m (6),2.69,1.70,-1.83
80.679,0,Ceiling_3x3m (6),2.70,1.70,-1.83
80.707,0,Ceiling_3x3m (6),2.71,1.70,-1.83
80.736,0,Ceiling_3x3m (6),2.72,1.70,-1.83
80.777,0,Ceiling_3x3m (6),2.69,1.70,-1.82
80.804,0,Ceiling_3x3m (6),2.67,1.70,-1.82
80.832,0,Ceiling_3x3m (6),2.65,1.70,-1.81
80.875,0,Ceiling_3x3m (6),2.66,1.70,-1.81
80.902,0,Ceiling_3x3m (6),2.66,1.70,-1.82
80.944,0,Ceiling_3x3m (6),2.68,1.70,-1.82
80.972,0,Ceiling_3x3m (6),2.70,1.70,-1.82
81.000,0,Ceiling_3x3m (6),2.71,1.70,-1.82
81.042,0,Ceiling_3x3m (6),2.75,1.70,-1.81
81.069,0,Ceiling_3x3m (6),2.78,1.70,-1.81
81.111,0,Ceiling_3x3m (6),2.75,1.70,-1.81
81.139,0,Ceiling_3x3m (6),2.74,1.70,-1.81
81.167,0,Ceiling_3x3m (6),2.72,1.70,-1.80
81.208,0,Ceiling_3x3m (6),2.70,1.70,-1.79
81.236,0,Ceiling_3x3m (6),2.68,1.70,-1.79
81.280,0,Ceiling_3x3m (6),2.66,1.70,-1.79
81.306,0,Ceiling_3x3m (6),2.65,1.70,-1.79
81.334,0,Ceiling_3x3m (6),2.65,1.70,-1.80
81.375,0,Ceiling_3x3m (6),2.65,1.70,-1.80
81.403,0,Ceiling_3x3m (6),2.64,1.70,-1.80
81.447,0,Ceiling_3x3m (6),2.64,1.70,-1.80
81.473,0,Ceiling_3x3m (6),2.64,1.70,-1.80
81.501,0,Ceiling_3x3m (6),2.63,1.70,-1.80
81.543,0,Ceiling_3x3m (6),2.62,1.70,-1.80
81.571,0,Ceiling_3x3m (6),2.62,1.70,-1.79
81.612,0,Ceiling_3x3m (6),2.63,1.70,-1.79
81.640,0,Ceiling_3x3m (6),2.63,1.70,-1.79
81.668,0,Ceiling_3x3m (6),2.62,1.70,-1.79
81.710,0,Ceiling_3x3m (6),2.60,1.70,-1.78
81.737,0,Ceiling_3x3m (6),2.60,1.70,-1.78
81.779,0,Ceiling_3x3m (6),2.62,1.70,-1.78
81.807,0,Ceiling_3x3m (6),2.62,1.70,-1.78
81.835,0,Ceiling_3x3m (6),2.63,1.70,-1.79
81.877,0,Ceiling_3x3m (6),2.63,1.70,-1.79
81.905,0,Ceiling_3x3m (6),2.64,1.70,-1.79
81.946,0,Ceiling_3x3m (6),2.64,1.70,-1.79
81.974,0,Ceiling_3x3m (6),2.64,1.70,-1.79
82.002,0,Ceiling_3x3m (6),2.63,1.70,-1.79
82.044,0,Ceiling_3x3m (6),2.60,1.70,-1.79
82.072,0,Ceiling_3x3m (6),2.61,1.70,-1.79
82.099,0,Ceiling_3x3m (6),2.60,1.70,-1.80
82.141,0,Ceiling_3x3m (6),2.57,1.70,-1.80
82.169,0,Ceiling_3x3m (6),2.61,1.70,-1.80
82.210,0,Ceiling_3x3m (6),2.70,1.70,-1.80
82.239,0,Ceiling_3x3m (6),2.72,1.70,-1.80
82.266,0,Ceiling_3x3m (6),2.71,1.70,-1.80
82.308,0,Ceiling_3x3m (6),2.75,1.70,-1.80
82.336,0,Ceiling_3x3m (6),2.75,1.70,-1.80
82.378,0,Ceiling_3x3m (6),2.75,1.70,-1.80
82.405,0,Ceiling_3x3m (6),2.76,1.70,-1.82
82.433,0,Ceiling_3x3m (6),2.77,1.70,-1.85
82.475,0,Ceiling_3x3m (6),2.75,1.70,-1.91
82.503,0,Ceiling_3x3m (6),2.72,1.70,-1.94
82.544,0,Ceiling_3x3m (6),2.63,1.70,-1.99
82.573,0,Ceiling_3x3m (6),2.61,1.70,-2.02
82.600,0,Ceiling_3x3m (6),2.60,1.70,-2.03
82.642,0,Ceiling_3x3m (6),2.58,1.70,-2.03
82.670,0,Ceiling_3x3m (6),2.57,1.70,-2.01
82.712,0,Ceiling_3x3m (6),2.59,1.70,-1.98
82.740,0,Ceiling_3x3m (6),2.62,1.70,-1.97
82.768,0,Ceiling_3x3m (6),2.64,1.70,-1.94
82.809,0,Ceiling_3x3m (6),2.60,1.70,-1.91
82.838,0,Ceiling_3x3m (6),2.62,1.70,-1.89
82.879,0,Ceiling_3x3m (6),2.63,1.70,-1.84
82.907,0,Ceiling_3x3m (6),2.66,1.70,-1.81
82.935,0,Ceiling_3x3m (6),2.72,1.70,-1.77
82.976,0,Ceiling_3x3m (6),2.75,1.70,-1.70
83.004,0,Ceiling_3x3m (6),2.74,1.70,-1.63
83.046,0,Ceiling_3x3m (6),2.68,1.70,-1.52
83.074,0,Ceiling_3x3m (6),2.67,1.70,-1.46
83.101,0,Ceiling_3x3m (6),2.62,1.70,-1.39
83.144,0,Ceiling_3x3m (6),2.63,1.70,-1.26
83.171,0,Ceiling_3x3m (6),2.64,1.70,-1.18
83.213,0,Ceiling_3x3m (7),2.67,1.70,-1.05
83.241,0,Ceiling_3x3m (7),2.70,1.70,-0.97
83.269,0,Ceiling_3x3m (7),2.69,1.70,-0.89
83.311,0,Ceiling_3x3m (7),2.64,1.70,-0.75
83.338,0,Ceiling_3x3m (7),2.60,1.70,-0.66
83.366,0,Ceiling_3x3m (7),2.56,1.70,-0.59
83.408,0,Ceiling_3x3m (7),2.58,1.70,-0.50
83.435,0,Ceiling_3x3m (7),2.58,1.70,-0.44
83.477,0,Ceiling_3x3m (7),2.60,1.70,-0.39
83.505,0,Ceiling_3x3m (7),2.56,1.70,-0.34
83.533,0,Wall_3mx20cm_Wood_Panels (2),2.54,1.66,-0.31
83.574,0,Wall_3mx20cm_Wood_Panels (2),2.66,1.57,-0.31
83.603,0,Wall_3mx20cm_Wood_Panels (2),2.72,1.54,-0.31
83.644,0,Wall_3mx20cm_Wood_Panels (2),2.84,1.47,-0.31
83.672,0,Wall_3mx20cm_Wood_Panels (2),2.93,1.41,-0.31
83.700,0,Wall_3mx20cm_Wood_Panels (2),3.02,1.33,-0.31
83.741,0,Wall_3mx20cm_Wood_Panels (2),3.13,1.26,-0.31
83.769,0,Wall_3mx20cm_Wood_Panels (2),3.19,1.22,-0.31
83.811,0,Wall_3mx20cm_Wood_Panels (2),3.23,1.22,-0.31
83.838,0,Wall_3mx20cm_Wood_Panels (2),3.27,1.20,-0.31
83.866,0,Wall_3mx20cm_Wood_Panels (2),3.27,1.18,-0.31
83.966,0,Wall_3mx20cm_Wood_Panels (2),3.27,1.20,-0.31
83.966,0,Wall_3mx20cm_Wood_Panels (2),3.27,1.20,-0.31
83.966,0,Wall_3mx20cm_Wood_Panels (2),3.27,1.20,-0.31
84.006,0,Wall_3mx20cm_Wood_Panels (2),3.20,1.24,-0.31
84.034,0,Wall_3mx20cm_Wood_Panels (2),3.18,1.28,-0.31
84.076,0,Wall_3mx20cm_Wood_Panels (2),3.14,1.29,-0.31
84.104,0,Wall_3mx20cm_Wood_Panels (2),3.09,1.32,-0.31
84.146,0,Wall_3mx20cm_Wood_Panels (2),3.06,1.35,-0.31
84.173,0,Wall_3mx20cm_Wood_Panels (2),3.02,1.37,-0.31
84.201,0,Wall_3mx20cm_Wood_Panels (2),2.98,1.39,-0.31
84.242,0,Wall_3mx20cm_Wood_Panels (2),3.00,1.39,-0.31
84.271,0,Wall_3mx20cm_Wood_Panels (2),3.04,1.36,-0.31
84.313,0,Wall_3mx20cm_Wood_Panels (2),3.06,1.34,-0.31
84.340,0,Wall_3mx20cm_Wood_Panels (2),3.04,1.35,-0.31
84.368,0,Wall_3mx20cm_Wood_Panels (2),3.03,1.37,-0.31
84.410,0,Wall_3mx20cm_Wood_Panels (2),3.01,1.38,-0.31
84.438,0,Wall_3mx20cm_Wood_Panels (2),2.99,1.39,-0.31
84.479,0,Wall_3mx20cm_Wood_Panels (2),3.00,1.38,-0.31
84.507,0,Wall_3mx20cm_Wood_Panels (2),3.00,1.36,-0.31
84.535,0,Wall_3mx20cm_Wood_Panels (2),2.99,1.37,-0.31
84.577,0,Wall_3mx20cm_Wood_Panels (2),2.97,1.38,-0.31
84.605,0,Wall_3mx20cm_Wood_Panels (2),2.95,1.39,-0.31
84.647,0,Wall_3mx20cm_Wood_Panels (2),2.94,1.38,-0.31
84.675,0,Wall_3mx20cm_Wood_Panels (2),2.91,1.38,-0.31
84.702,0,Wall_3mx20cm_Wood_Panels (2),2.88,1.38,-0.31
84.744,0,Wall_3mx20cm_Wood_Panels (2),2.86,1.38,-0.31
84.772,0,Wall_3mx20cm_Wood_Panels (2),2.82,1.38,-0.31
84.799,0,Wall_3mx20cm_Wood_Panels (2),2.79,1.38,-0.31
84.842,0,Wall_3mx20cm_Wood_Panels (2),2.75,1.37,-0.31
84.869,0,Wall_3mx20cm_Wood_Panels (2),2.68,1.41,-0.31
84.911,0,Wall_3mx20cm_Wood_Panels (2),2.63,1.42,-0.31
84.940,0,Wall_3mx20cm_Wood_Panels (2),2.58,1.39,-0.31
84.967,0,Wall_3mx20cm_Wood_Panels (2),2.50,1.37,-0.31
85.008,0,Wall_3mx20cm_Wood_Panels (2),2.35,1.35,-0.31
85.036,0,Wall_3mx20cm_Wood_Panels (2),2.22,1.35,-0.31
85.078,0,Wall_3mx20cm_Wood_Panels (2),1.93,1.40,-0.31
85.106,0,Wall_3mx20cm_Wood_Panels (2),1.75,1.45,-0.31
85.134,0,Wall_3mx20cm_Wood_Panels (2),1.60,1.49,-0.31
85.175,0,Wall_3mx20cm_Door (1),1.41,1.50,-0.31
85.203,0,Wall_3mx20cm_Door (1),1.41,1.47,-0.34
85.244,0,Wall_3mx20cm_Door (1),1.41,1.42,-0.38
85.272,0,Wall_3mx20cm_Door (1),1.41,1.39,-0.39
85.300,0,Wall_3mx20cm_Door (1),1.41,1.38,-0.40
85.342,0,Wall_3mx20cm_Door (1),1.41,1.37,-0.41
85.370,0,Wall_3mx20cm_Door (1),1.41,1.36,-0.42
85.412,0,Wall_3mx20cm_Door (1),1.41,1.36,-0.44
85.439,0,Wall_3mx20cm_Door (1),1.41,1.37,-0.46
85.467,0,Wall_3mx20cm_Door (1),1.41,1.39,-0.48
85.509,0,Wall_3mx20cm_Door (1),1.41,1.40,-0.48
85.537,0,Wall_3mx20cm_Door (1),1.41,1.39,-0.49
85.579,0,Wall_3mx20cm_Door (1),1.41,1.40,-0.48
85.606,0,Wall_3mx20cm_Door (1),1.41,1.41,-0.48
85.634,0,Wall_3mx20cm_Door (1),1.41,1.41,-0.48
85.676,0,Wall_3mx20cm_Door (1),1.41,1.42,-0.49
85.704,0,Wall_3mx20cm_Door (1),1.41,1.44,-0.49
85.746,0,Wall_3mx20cm_Door (1),1.41,1.43,-0.48
85.774,0,Wall_3mx20cm_Door (1),1.41,1.43,-0.49
85.802,0,Wall_3mx20cm_Door (1),1.41,1.42,-0.51
85.843,0,Wall_3mx20cm_Door (1),1.41,1.40,-0.54
85.871,0,Wall_3mx20cm_Door (1),1.41,1.39,-0.55
85.899,0,Wall_3mx20cm_Door (1),1.41,1.36,-0.57
85.940,0,Wall_3mx20cm_Door (1),1.41,1.31,-0.60
85.969,0,Wall_3mx20cm_Door (1),1.41,1.28,-0.61
86.010,0,Wall_3mx20cm_Door (1),1.41,1.21,-0.64
86.038,0,Wall_3mx20cm_Door (1),1.41,1.16,-0.66
86.066,0,Wall_3mx20cm_Door (1),1.41,1.11,-0.67
86.108,0,Wall_3mx20cm_Door (1),1.41,1.08,-0.69
86.135,0,Wall_3mx20cm_Door (1),1.41,1.04,-0.71
86.178,0,Wall_3mx20cm_Door (1),1.41,0.97,-0.75
86.205,0,Wall_3mx20cm_Door (1),1.41,0.95,-0.77
86.234,0,Wall_3mx20cm_Door (1),1.41,0.93,-0.79
86.275,0,Wall_3mx20cm_Door (1),1.41,0.94,-0.83
86.303,0,Wall_3mx20cm_Door (1),1.41,0.96,-0.85
86.344,0,Wall_3mx20cm_Door (1),1.41,0.98,-0.84
86.373,0,Wall_3mx20cm_Door (1),1.41,0.99,-0.84
86.407,0,Wall_3mx20cm_Door (1),1.41,1.00,-0.83
86.442,0,Wall_3mx20cm_Door (1),1.41,1.00,-0.82
86.469,0,Wall_3mx20cm_Door (1),1.41,1.01,-0.83
86.511,0,Wall_3mx20cm_Door (1),1.41,1.03,-0.84
86.540,0,Wall_3mx20cm_Door (1),1.41,1.04,-0.87
86.568,0,Wall_3mx20cm_Door (1),1.41,1.08,-0.89
86.609,0,Wall_3mx20cm_Door (1),1.41,1.11,-0.93
86.637,0,Wall_3mx20cm_Door (1),1.41,1.13,-0.96
86.679,0,Wall_3mx20cm_Door (1),1.41,1.14,-0.99
86.706,0,Wall_3mx20cm_Door (1),1.41,1.14,-1.01
86.735,0,Wall_3mx20cm_Door (1),1.41,1.15,-1.02
86.777,0,Wall_3mx20cm_Door (1),1.41,1.16,-1.04
86.804,0,Wall_3mx20cm_Door (1),1.41,1.15,-1.07
86.833,0,Wall_3mx20cm_Door (1),1.41,1.13,-1.08
86.874,0,Wall_3mx20cm_Conference_Door,1.41,1.11,-1.10
86.902,0,Wall_3mx20cm_Conference_Door,1.41,1.11,-1.11
86.944,0,Wall_3mx20cm_Conference_Door,1.41,1.08,-1.13
86.971,0,Wall_3mx20cm_Conference_Door,1.41,1.04,-1.14
86.999,0,Wall_3mx20cm_Conference_Door,1.41,1.02,-1.14
87.041,0,Wall_3mx20cm_Conference_Door,1.41,1.03,-1.14
87.069,0,Wall_3mx20cm_Conference_Door,1.41,1.06,-1.14
87.111,0,Wall_3mx20cm_Conference_Door,1.41,1.10,-1.13
87.138,0,Wall_3mx20cm_Conference_Door,1.41,1.13,-1.12
87.166,0,Wall_3mx20cm_Conference_Door,1.41,1.14,-1.10
87.208,0,Wall_3mx20cm_Door (1),1.41,1.16,-1.09
87.236,0,Wall_3mx20cm_Door (1),1.41,1.18,-1.09
87.278,0,Wall_3mx20cm_Door (1),1.41,1.18,-1.08
87.306,0,Wall_3mx20cm_Door (1),1.41,1.18,-1.09
87.334,0,Wall_3mx20cm_Conference_Door,1.41,1.18,-1.10
87.375,0,Wall_3mx20cm_Conference_Door,1.41,1.18,-1.13
87.403,0,Wall_3mx20cm_Conference_Door,1.41,1.17,-1.14
87.445,0,Wall_3mx20cm_Conference_Door,1.41,1.19,-1.14
87.473,0,Wall_3mx20cm_Conference_Door,1.41,1.19,-1.15
87.501,0,Wall_3mx20cm_Conference_Door,1.41,1.20,-1.15
87.543,0,Wall_3mx20cm_Conference_Door,1.41,1.19,-1.14
87.570,0,Wall_3mx20cm_Conference_Door,1.41,1.19,-1.14
87.612,0,Wall_3mx20cm_Conference_Door,1.41,1.21,-1.13
87.639,0,Wall_3mx20cm_Conference_Door,1.41,1.21,-1.13
87.667,0,Wall_3mx20cm_Conference_Door,1.41,1.21,-1.13
87.709,0,Wall_3mx20cm_Conference_Door,1.41,1.20,-1.14
87.737,0,Wall_3mx20cm_Conference_Door,1.41,1.21,-1.15
87.779,0,Wall_3mx20cm_Conference_Door,1.41,1.22,-1.16
87.807,0,Wall_3mx20cm_Conference_Door,1.41,1.23,-1.16
87.835,0,Wall_3mx20cm_Conference_Door,1.41,1.23,-1.15
87.876,0,Wall_3mx20cm_Conference_Door,1.41,1.24,-1.14
87.905,0,Wall_3mx20cm_Conference_Door,1.41,1.25,-1.14
87.946,0,Wall_3mx20cm_Conference_Door,1.41,1.26,-1.12
87.974,0,Wall_3mx20cm_Conference_Door,1.41,1.26,-1.11
88.002,0,Wall_3mx20cm_Conference_Door,1.41,1.28,-1.11
88.044,0,Wall_3mx20cm_Door (1),1.41,1.31,-1.09
88.072,0,Wall_3mx20cm_Door (1),1.41,1.32,-1.09
88.113,0,Wall_3mx20cm_Door (1),1.41,1.34,-1.09
88.141,0,Wall_3mx20cm_Door (1),1.41,1.35,-1.09
88.169,0,Wall_3mx20cm_Door (1),1.41,1.35,-1.09
88.210,0,Wall_3mx20cm_Door (1),1.41,1.35,-1.09
88.239,0,Wall_3mx20cm_Door (1),1.41,1.35,-1.09
88.267,0,Wall_3mx20cm_Door (1),1.41,1.34,-1.09
88.308,0,Wall_3mx20cm_Door (1),1.41,1.33,-1.09
88.336,0,Wall_3mx20cm_Door (1),1.41,1.32,-1.10
88.378,0,Wall_3mx20cm_Conference_Door,1.41,1.29,-1.10
88.406,0,Wall_3mx20cm_Conference_Door,1.41,1.28,-1.10
88.434,0,Wall_3mx20cm_Conference_Door,1.41,1.28,-1.10
88.476,0,Wall_3mx20cm_Conference_Door,1.41,1.28,-1.10
88.503,0,Wall_3mx20cm_Conference_Door,1.41,1.28,-1.11
88.545,0,Wall_3mx20cm_Conference_Door,1.41,1.29,-1.11
88.573,0,Wall_3mx20cm_Conference_Door,1.41,1.30,-1.10
88.600,0,Wall_3mx20cm_Conference_Door,1.41,1.31,-1.10
88.642,0,Wall_3mx20cm_Conference_Door,1.41,1.31,-1.10
88.671,0,Wall_3mx20cm_Conference_Door,1.41,1.31,-1.10
88.712,0,Wall_3mx20cm_Conference_Door,1.41,1.32,-1.10
88.740,0,Wall_3mx20cm_Conference_Door,1.41,1.33,-1.10
88.768,0,Wall_3mx20cm_Conference_Door,1.41,1.34,-1.10
88.810,0,Wall_3mx20cm_Conference_Door,1.41,1.34,-1.10
88.838,0,Wall_3mx20cm_Conference_Door,1.41,1.35,-1.10
88.879,0,Wall_3mx20cm_Door (1),1.41,1.36,-1.10
88.907,0,Wall_3mx20cm_Door (1),1.41,1.36,-1.09
88.934,0,Wall_3mx20cm_Door (1),1.41,1.37,-1.09
88.976,0,Wall_3mx20cm_Door (1),1.41,1.37,-1.09
89.004,0,Wall_3mx20cm_Door (1),1.41,1.37,-1.09
89.032,0,Wall_3mx20cm_Door (1),1.41,1.37,-1.09
89.074,0,Wall_3mx20cm_Door (1),1.41,1.36,-1.09
89.101,0,Wall_3mx20cm_Door (1),1.41,1.35,-1.09
89.143,0,Wall_3mx20cm_Door (1),1.41,1.35,-1.09
89.171,0,Wall_3mx20cm_Door (1),1.41,1.35,-1.09
89.214,0,Wall_3mx20cm_Door (1),1.41,1.35,-1.09
89.241,0,Wall_3mx20cm_Door (1),1.41,1.35,-1.09
89.269,0,Wall_3mx20cm_Door (1),1.41,1.35,-1.09
89.310,0,Wall_3mx20cm_Door (1),1.41,1.34,-1.09
89.338,0,Wall_3mx20cm_Door (1),1.41,1.34,-1.10
89.367,0,Wall_3mx20cm_Door (1),1.41,1.34,-1.10
89.407,0,Wall_3mx20cm_Door (1),1.41,1.34,-1.09
89.436,0,Wall_3mx20cm_Door (1),1.41,1.35,-1.09
89.478,0,Wall_3mx20cm_Door (1),1.41,1.34,-1.08
89.505,0,Wall_3mx20cm_Door (1),1.41,1.34,-1.08
89.533,0,Wall_3mx20cm_Door (1),1.41,1.35,-1.08
89.575,0,Wall_3mx20cm_Door (1),1.41,1.36,-1.08
89.603,0,Wall_3mx20cm_Door (1),1.41,1.37,-1.07
89.645,0,Wall_3mx20cm_Door (1),1.41,1.36,-1.07
89.672,0,Wall_3mx20cm_Door (1),1.41,1.36,-1.07
89.700,0,Wall_3mx20cm_Door (1),1.41,1.35,-1.07
89.742,0,Wall_3mx20cm_Door (1),1.41,1.34,-1.08
89.770,0,Wall_3mx20cm_Door (1),1.41,1.35,-1.08
89.811,0,Wall_3mx20cm_Door (1),1.41,1.36,-1.09
89.839,0,Wall_3mx20cm_Door (1),1.41,1.36,-1.09
89.867,0,Wall_3mx20cm_Door (1),1.41,1.36,-1.09
89.909,0,Wall_3mx20cm_Door (1),1.41,1.36,-1.08
89.938,0,Wall_3mx20cm_Door (1),1.41,1.35,-1.08
89.966,0,Wall_3mx20cm_Door (1),1.41,1.34,-1.08
90.007,0,Wall_3mx20cm_Door (1),1.41,1.34,-1.09
90.036,0,Wall_3mx20cm_Door (1),1.41,1.35,-1.09
90.077,0,Wall_3mx20cm_Door (1),1.41,1.34,-1.09
90.106,0,Wall_3mx20cm_Door (1),1.41,1.33,-1.09
90.147,0,Wall_3mx20cm_Door (1),1.41,1.34,-1.08
90.174,0,Wall_3mx20cm_Door (1),1.41,1.34,-1.07
90.202,0,Wall_3mx20cm_Door (1),1.41,1.34,-1.07
90.244,0,Wall_3mx20cm_Door (1),1.41,1.35,-1.07
90.272,0,Wall_3mx20cm_Door (1),1.41,1.36,-1.07
90.299,0,Wall_3mx20cm_Door (1),1.41,1.36,-1.08
90.341,0,Wall_3mx20cm_Door (1),1.41,1.37,-1.07
90.369,0,Wall_3mx20cm_Door (1),1.41,1.37,-1.07
90.411,0,Wall_3mx20cm_Door (1),1.41,1.36,-1.07
90.439,0,Wall_3mx20cm_Door (1),1.41,1.36,-1.07
90.467,0,Wall_3mx20cm_Door (1),1.41,1.37,-1.08
90.509,0,Wall_3mx20cm_Door (1),1.41,1.36,-1.09
90.536,0,Wall_3mx20cm_Door (1),1.41,1.36,-1.10
90.578,0,Wall_3mx20cm_Conference_Door,1.41,1.36,-1.10
90.605,0,Wall_3mx20cm_Door (1),1.41,1.36,-1.10
90.633,0,Wall_3mx20cm_Conference_Door,1.41,1.37,-1.10
90.675,0,Wall_3mx20cm_Conference_Door,1.41,1.37,-1.10
90.702,0,Wall_3mx20cm_Conference_Door,1.41,1.38,-1.10
90.745,0,Wall_3mx20cm_Conference_Door,1.41,1.38,-1.11
90.773,0,Wall_3mx20cm_Conference_Door,1.41,1.38,-1.11
90.800,0,Wall_3mx20cm_Conference_Door,1.41,1.39,-1.11
90.842,0,Wall_3mx20cm_Conference_Door,1.41,1.39,-1.12
90.871,0,Wall_3mx20cm_Conference_Door,1.41,1.40,-1.11
90.911,0,Wall_3mx20cm_Conference_Door,1.41,1.41,-1.11
90.939,0,Wall_3mx20cm_Conference_Door,1.41,1.41,-1.10
90.967,0,Wall_3mx20cm_Door (1),1.41,1.41,-1.10
91.009,0,Wall_3mx20cm_Door (1),1.41,1.40,-1.09
91.037,0,Wall_3mx20cm_Door (1),1.41,1.40,-1.09
91.079,0,Wall_3mx20cm_Door (1),1.41,1.41,-1.08
91.106,0,Wall_3mx20cm_Door (1),1.41,1.41,-1.08
91.135,0,Wall_3mx20cm_Door (1),1.41,1.41,-1.07
91.176,0,Wall_3mx20cm_Door (1),1.41,1.41,-1.07
91.204,0,Wall_3mx20cm_Door (1),1.41,1.42,-1.07
91.246,0,Wall_3mx20cm_Door (1),1.41,1.43,-1.07
91.275,0,Wall_3mx20cm_Door (1),1.41,1.43,-1.07
91.302,0,Wall_3mx20cm_Door (1),1.41,1.43,-1.07
91.344,0,Wall_3mx20cm_Door (1),1.41,1.44,-1.07
91.372,0,Wall_3mx20cm_Door (1),1.41,1.44,-1.08
91.399,0,Wall_3mx20cm_Door (1),1.41,1.45,-1.08
91.441,0,Wall_3mx20cm_Door (1),1.41,1.46,-1.09
91.469,0,Wall_3mx20cm_Door (1),1.41,1.46,-1.09
91.510,0,Wall_3mx20cm_Door (1),1.41,1.47,-1.08
91.538,0,Wall_3mx20cm_Door (1),1.41,1.47,-1.08
91.580,0,Wall_3mx20cm_Door (1),1.41,1.49,-1.08
91.608,0,Wall_3mx20cm_Door (1),1.41,1.50,-1.08
91.636,0,Wall_3mx20cm_Door (1),1.41,1.50,-1.07
91.677,0,Ceiling_log_3m (20),1.43,1.50,-1.07
91.705,0,Ceiling_log_3m (20),1.46,1.50,-1.07
91.733,0,Ceiling_log_3m (20),1.47,1.50,-1.07
91.774,0,Ceiling_log_3m (20),1.48,1.50,-1.06
91.802,0,Ceiling_log_3m (20),1.48,1.50,-1.05
91.844,0,Ceiling_log_3m (20),1.49,1.50,-1.04
91.872,0,Ceiling_log_3m (20),1.49,1.50,-1.03
91.900,0,Ceiling_log_3m (20),1.49,1.50,-1.02
91.942,0,Ceiling_log_3m (20),1.49,1.50,-1.02
91.969,0,Ceiling_log_3m (20),1.49,1.50,-1.02
92.011,0,Ceiling_log_3m (20),1.49,1.50,-1.01
92.039,0,Ceiling_log_3m (20),1.49,1.50,-1.01
92.067,0,Ceiling_log_3m (20),1.48,1.50,-1.01
92.108,0,Ceiling_log_3m (20),1.47,1.50,-1.01
92.136,0,Ceiling_log_3m (20),1.47,1.50,-1.02
92.178,0,Ceiling_log_3m (20),1.46,1.50,-1.03
92.206,0,Ceiling_log_3m (20),1.46,1.50,-1.03
92.234,0,Ceiling_log_3m (20),1.45,1.50,-1.03
92.276,0,Ceiling_log_3m (20),1.43,1.50,-1.04
92.303,0,Ceiling_log_3m (20),1.43,1.50,-1.04
92.345,0,Ceiling_log_3m (20),1.45,1.50,-1.06
92.373,0,Ceiling_log_3m (20),1.46,1.50,-1.06
92.401,0,Ceiling_log_3m (20),1.46,1.50,-1.06
92.443,0,Ceiling_log_3m (20),1.46,1.50,-1.06
92.470,0,Ceiling_log_3m (20),1.46,1.50,-1.06
92.513,0,Ceiling_log_3m (20),1.46,1.50,-1.06
92.540,0,Ceiling_log_3m (20),1.46,1.50,-1.07
92.568,0,Ceiling_log_3m (20),1.45,1.50,-1.07
92.610,0,Ceiling_log_3m (20),1.48,1.50,-1.08
92.638,0,Ceiling_log_3m (20),1.49,1.50,-1.09
92.666,0,Ceiling_log_3m (20),1.50,1.50,-1.09
92.707,0,Ceiling_log_3m (20),1.50,1.50,-1.09
92.735,0,Ceiling_log_3m (20),1.49,1.50,-1.09
92.777,0,Ceiling_log_3m (20),1.50,1.50,-1.09
92.805,0,Ceiling_log_3m (20),1.51,1.50,-1.09
92.833,0,Ceiling_log_3m (20),1.52,1.50,-1.09
92.875,0,Ceiling_log_3m (20),1.52,1.51,-1.09
92.902,0,Ceiling_log_3m (20),1.52,1.51,-1.08
92.944,0,Ceiling_log_3m (20),1.52,1.52,-1.08
92.973,0,Ceiling_log_3m (20),1.52,1.52,-1.08
93.000,0,Ceiling_log_3m (20),1.52,1.52,-1.07
93.041,0,Ceiling_log_3m (20),1.52,1.51,-1.08
93.070,0,Ceiling_log_3m (20),1.52,1.50,-1.08
93.111,0,Ceiling_log_3m (20),1.50,1.50,-1.07
93.139,0,Ceiling_log_3m (20),1.48,1.50,-1.07
93.167,0,Ceiling_log_3m (20),1.45,1.50,-1.07
93.209,0,Wall_3mx20cm_Door (1),1.41,1.50,-1.07
93.237,0,Wall_3mx20cm_Door (1),1.41,1.50,-1.08
93.278,0,Wall_3mx20cm_Door (1),1.41,1.50,-1.08
93.306,0,Wall_3mx20cm_Door (1),1.41,1.49,-1.09
93.334,0,Wall_3mx20cm_Door (1),1.41,1.48,-1.09
93.376,0,Wall_3mx20cm_Conference_Door,1.41,1.48,-1.10
93.404,0,Wall_3mx20cm_Conference_Door,1.41,1.48,-1.10
93.445,0,Wall_3mx20cm_Conference_Door,1.41,1.48,-1.11
93.473,0,Wall_3mx20cm_Conference_Door,1.41,1.48,-1.11
93.501,0,Wall_3mx20cm_Conference_Door,1.41,1.49,-1.11
93.543,0,Wall_3mx20cm_Conference_Door,1.41,1.50,-1.10
93.571,0,Ceiling_log_3m (20),1.43,1.50,-1.10
93.612,0,Ceiling_log_3m (20),1.46,1.50,-1.09
93.640,0,Ceiling_log_3m (20),1.49,1.50,-1.09
93.668,0,Ceiling_log_3m (20),1.50,1.50,-1.09
93.710,0,Ceiling_log_3m (20),1.51,1.50,-1.08
93.738,0,Ceiling_log_3m (20),1.50,1.50,-1.08
93.779,0,Ceiling_log_3m (20),1.50,1.50,-1.09
93.807,0,Ceiling_log_3m (20),1.51,1.50,-1.09
93.835,0,Ceiling_log_3m (20),1.51,1.50,-1.09
93.877,0,Ceiling_log_3m (20),1.49,1.50,-1.09
93.905,0,Ceiling_log_3m (20),1.46,1.50,-1.08
93.933,0,Ceiling_log_3m (20),1.44,1.50,-1.08
93.975,0,Wall_3mx20cm_Door (1),1.41,1.50,-1.07
94.002,0,Wall_3mx20cm_Door (1),1.41,1.48,-1.07
94.044,0,Wall_3mx20cm_Door (1),1.41,1.46,-1.08
94.072,0,Wall_3mx20cm_Door (1),1.41,1.44,-1.08
94.100,0,Wall_3mx20cm_Door (1),1.41,1.43,-1.08
94.142,0,Wall_3mx20cm_Door (1),1.41,1.41,-1.09
94.170,0,Wall_3mx20cm_Conference_Door,1.41,1.40,-1.10
94.211,0,Wall_3mx20cm_Conference_Door,1.41,1.39,-1.10
94.239,0,Wall_3mx20cm_Conference_Door,1.41,1.38,-1.11
94.267,0,Wall_3mx20cm_Conference_Door,1.41,1.38,-1.11
94.308,0,Wall_3mx20cm_Conference_Door,1.41,1.37,-1.12
94.336,0,Wall_3mx20cm_Conference_Door,1.41,1.37,-1.13
94.367,0,Wall_3mx20cm_Conference_Door,1.41,1.37,-1.13
94.406,0,Wall_3mx20cm_Conference_Door,1.41,1.37,-1.15
94.434,0,Wall_3mx20cm_Conference_Door,1.41,1.37,-1.16
94.475,0,Wall_3mx20cm_Conference_Door,1.41,1.37,-1.17
94.503,0,Wall_3mx20cm_Conference_Door,1.41,1.37,-1.17
94.545,0,Wall_3mx20cm_Conference_Door,1.41,1.37,-1.18
94.573,0,Wall_3mx20cm_Conference_Door,1.41,1.37,-1.18
94.601,0,Wall_3mx20cm_Conference_Door,1.41,1.37,-1.17
94.642,0,Wall_3mx20cm_Conference_Door,1.41,1.37,-1.17
94.671,0,Wall_3mx20cm_Conference_Door,1.41,1.36,-1.16
94.712,0,Wall_3mx20cm_Conference_Door,1.41,1.37,-1.16
94.740,0,Wall_3mx20cm_Conference_Door,1.41,1.36,-1.16
94.768,0,Wall_3mx20cm_Conference_Door,1.41,1.36,-1.15
94.810,0,Wall_3mx20cm_Conference_Door,1.41,1.37,-1.15
94.838,0,Wall_3mx20cm_Conference_Door,1.41,1.37,-1.15
94.866,0,Wall_3mx20cm_Conference_Door,1.41,1.36,-1.15
94.907,0,Wall_3mx20cm_Conference_Door,1.41,1.36,-1.15
94.935,0,Wall_3mx20cm_Conference_Door,1.41,1.36,-1.16
94.977,0,Wall_3mx20cm_Conference_Door,1.41,1.36,-1.16
95.005,0,Wall_3mx20cm_Conference_Door,1.41,1.37,-1.17
95.033,0,Wall_3mx20cm_Conference_Door,1.41,1.37,-1.17
95.074,0,Wall_3mx20cm_Conference_Door,1.41,1.36,-1.18
95.102,0,Wall_3mx20cm_Conference_Door,1.41,1.36,-1.19
95.144,0,Wall_3mx20cm_Conference_Door,1.41,1.38,-1.19
95.172,0,Wall_3mx20cm_Conference_Door,1.41,1.39,-1.19
95.199,0,Wall_3mx20cm_Conference_Door,1.41,1.40,-1.18
95.241,0,Wall_3mx20cm_Conference_Door,1.41,1.40,-1.18
95.269,0,Wall_3mx20cm_Conference_Door,1.41,1.41,-1.19
95.311,0,Wall_3mx20cm_Conference_Door,1.41,1.42,-1.19
95.339,0,Wall_3mx20cm_Conference_Door,1.41,1.42,-1.20
95.367,0,Wall_3mx20cm_Conference_Door,1.41,1.42,-1.20
95.409,0,Wall_3mx20cm_Conference_Door,1.41,1.42,-1.20
95.436,0,Wall_3mx20cm_Conference_Door,1.41,1.42,-1.20
95.479,0,Wall_3mx20cm_Conference_Door,1.41,1.43,-1.20
95.506,0,Wall_3mx20cm_Conference_Door,1.41,1.44,-1.19
95.534,0,Wall_3mx20cm_Conference_Door,1.41,1.44,-1.19
95.576,0,Wall_3mx20cm_Conference_Door,1.41,1.43,-1.19
95.604,0,Wall_3mx20cm_Conference_Door,1.41,1.43,-1.19
95.645,0,Wall_3mx20cm_Conference_Door,1.41,1.42,-1.19
95.674,0,Wall_3mx20cm_Conference_Door,1.41,1.41,-1.19
95.702,0,Wall_3mx20cm_Conference_Door,1.41,1.41,-1.20
95.743,0,Wall_3mx20cm_Conference_Door,1.41,1.41,-1.20
95.771,0,Wall_3mx20cm_Conference_Door,1.41,1.41,-1.20
95.812,0,Wall_3mx20cm_Conference_Door,1.41,1.42,-1.19
95.841,0,Wall_3mx20cm_Conference_Door,1.41,1.43,-1.19
95.868,0,Wall_3mx20cm_Conference_Door,1.41,1.45,-1.18
95.910,0,Wall_3mx20cm_Conference_Door,1.41,1.47,-1.18
95.938,0,Wall_3mx20cm_Conference_Door,1.41,1.48,-1.18
95.966,0,Wall_3mx20cm_Conference_Door,1.41,1.48,-1.18
96.008,0,Wall_3mx20cm_Conference_Door,1.41,1.49,-1.18
96.036,0,Wall_3mx20cm_Conference_Door,1.41,1.50,-1.19
96.077,0,Wall_3mx20cm_Conference_Door,1.41,1.50,-1.21
96.105,0,Wall_3mx20cm_Conference_Door,1.41,1.50,-1.23
96.133,0,Wall_3mx20cm_Conference_Door,1.41,1.50,-1.24
96.175,0,Wall_3mx20cm_Conference_Door,1.41,1.50,-1.27
96.203,0,Ceiling_log_3m (20),1.43,1.50,-1.28
96.244,0,Ceiling_log_3m (20),1.49,1.50,-1.30
96.272,0,Ceiling_log_3m (20),1.51,1.50,-1.30
96.300,0,Ceiling_log_3m (20),1.52,1.50,-1.30
96.342,0,Ceiling_log_3m (20),1.52,1.51,-1.29
96.369,0,Ceiling_log_3m (20),1.52,1.50,-1.29
96.411,0,Ceiling_log_3m (20),1.52,1.50,-1.29
96.439,0,Ceiling_log_3m (20),1.52,1.51,-1.30
96.467,0,Ceiling_log_3m (20),1.52,1.51,-1.31
96.509,0,Ceiling_log_3m (20),1.46,1.50,-1.34
96.537,0,Wall_3mx20cm_Conference_Door,1.41,1.49,-1.38
96.579,0,Wall_3mx20cm_Conference_Door,1.41,1.47,-1.47
96.606,0,Wall_3mx20cm_Conference_Door,1.41,1.44,-1.55
96.634,0,Wall_3mx20cm_Conference_Door,1.41,1.42,-1.65
96.676,0,Wall_3mx20cm_Conference_Door,1.41,1.37,-1.82
96.704,0,Wall_3mx20cm_Conference_Door,1.41,1.38,-1.92
96.745,0,Wall_3mx20cm_Conference_Door,1.41,1.37,-2.08
96.773,0,Wall_3mx20cm_Conference_Door,1.41,1.41,-2.17
96.802,0,Wall_3mx20cm_Conference_Door,1.41,1.49,-2.25
96.843,0,Ceiling_log_3m (20),1.52,1.53,-2.32
96.871,0,Ceiling_log_3m (20),1.52,1.57,-2.30
96.899,0,Ceiling_log_3m (20),1.52,1.60,-2.27
96.941,0,Ceiling_log_3m (20),1.52,1.63,-2.20
96.968,0,Ceiling_log_3m (20),1.52,1.65,-2.10
97.010,0,Ceiling_3x3m (6),1.59,1.70,-1.92
97.038,0,Ceiling_3x3m (6),1.62,1.70,-1.82
97.066,0,Ceiling_3x3m (6),1.62,1.70,-1.77
97.107,0,Ceiling_3x3m (6),1.63,1.70,-1.70
97.135,0,Ceiling_3x3m (6),1.64,1.70,-1.67
97.177,0,Ceiling_3x3m (6),1.54,1.70,-1.63
97.205,0,Ceiling_log_3m (20),1.52,1.70,-1.57
97.233,0,Ceiling_3x3m (6),1.53,1.70,-1.52
97.275,0,Ceiling_log_3m (20),1.52,1.70,-1.45
97.303,0,Ceiling_3x3m (6),1.57,1.70,-1.43
97.344,0,Ceiling_3x3m (6),1.56,1.70,-1.40
97.373,0,Ceiling_3x3m (6),1.58,1.70,-1.40
97.400,0,Ceiling_3x3m (6),1.58,1.70,-1.42
97.442,0,Ceiling_3x3m (6),1.60,1.70,-1.45
97.469,0,Ceiling_3x3m (6),1.64,1.70,-1.47
97.511,0,Ceiling_3x3m (6),1.61,1.70,-1.47
97.539,0,Ceiling_3x3m (6),1.54,1.70,-1.45
97.567,0,Ceiling_3x3m (6),1.53,1.70,-1.40
97.609,0,Ceiling_3x3m (6),1.54,1.70,-1.33
97.637,0,Ceiling_3x3m (6),1.60,1.70,-1.29
97.678,0,Ceiling_3x3m (6),1.70,1.70,-1.31
97.706,0,Ceiling_3x3m (6),1.76,1.70,-1.34
97.734,0,Ceiling_3x3m (6),1.78,1.70,-1.37
97.775,0,Ceiling_3x3m (6),1.78,1.70,-1.39
97.803,0,Ceiling_3x3m (6),1.79,1.70,-1.39
97.845,0,Ceiling_3x3m (6),1.85,1.70,-1.40
97.873,0,Ceiling_3x3m (6),1.86,1.70,-1.40
97.901,0,Ceiling_3x3m (6),1.88,1.70,-1.39
97.943,0,Ceiling_3x3m (6),1.85,1.70,-1.35
97.970,0,Ceiling_3x3m (6),1.84,1.70,-1.30
98.012,0,Ceiling_3x3m (6),1.84,1.70,-1.24
98.040,0,Ceiling_3x3m (6),1.83,1.70,-1.26
98.068,0,Ceiling_3x3m (6),1.84,1.70,-1.27
98.110,0,Ceiling_3x3m (6),1.81,1.70,-1.28
98.137,0,Ceiling_3x3m (6),1.78,1.70,-1.28
98.179,0,Ceiling_3x3m (6),1.82,1.70,-1.29
98.207,0,Ceiling_3x3m (6),1.80,1.70,-1.29
98.235,0,Ceiling_3x3m (6),1.78,1.70,-1.30
98.277,0,Ceiling_3x3m (6),1.82,1.70,-1.29
98.305,0,Ceiling_3x3m (6),1.79,1.70,-1.28
98.346,0,Ceiling_3x3m (6),1.76,1.70,-1.23
98.374,0,Ceiling_3x3m (6),1.75,1.70,-1.21
98.402,0,Ceiling_3x3m (6),1.78,1.70,-1.22
98.444,0,Ceiling_3x3m (6),1.87,1.70,-1.26
98.471,0,Ceiling_3x3m (6),1.92,1.70,-1.27
98.500,0,Ceiling_3x3m (6),1.95,1.70,-1.28
98.542,0,Ceiling_log_3m (21),2.37,1.50,-1.34
98.569,0,Ceiling_log_3m (21),2.38,1.50,-1.35
98.611,0,Ceiling_log_3m (21),2.38,1.50,-1.37
98.639,0,Ceiling_log_3m (21),2.39,1.50,-1.36
98.667,0,Ceiling_log_3m (21),2.39,1.50,-1.34
98.708,0,Ceiling_log_3m (21),2.36,1.50,-1.30
98.736,0,Ceiling_3x3m (6),1.96,1.70,-1.24
98.778,0,Ceiling_3x3m (6),1.98,1.70,-1.25
98.806,0,Ceiling_3x3m (6),1.99,1.70,-1.25
98.834,0,Ceiling_3x3m (6),1.99,1.70,-1.26
98.876,0,Ceiling_3x3m (6),1.95,1.70,-1.25
98.904,0,Ceiling_3x3m (6),1.95,1.70,-1.25
98.945,0,Ceiling_3x3m (6),1.94,1.70,-1.23
98.973,0,Ceiling_3x3m (6),1.92,1.70,-1.21
99.001,0,Ceiling_3x3m (6),1.89,1.70,-1.18
99.043,0,Ceiling_3x3m (6),1.88,1.70,-1.17
99.071,0,Ceiling_3x3m (6),1.91,1.70,-1.16
99.112,0,Ceiling_3x3m (6),1.89,1.70,-1.15
99.140,0,Ceiling_3x3m (6),1.88,1.70,-1.13
99.168,0,Ceiling_3x3m (6),1.89,1.70,-1.12
99.209,0,Ceiling_3x3m (7),1.94,1.70,-1.09
99.237,0,Ceiling_3x3m (7),2.00,1.70,-1.08
99.279,0,Ceiling_log_3m (21),2.45,1.50,-1.15
99.307,0,Ceiling_log_3m (21),2.46,1.53,-1.16
99.335,0,Ceiling_log_3m (21),2.46,1.56,-1.17
99.376,0,Ceiling_log_3m (21),2.46,1.59,-1.18
99.404,0,Ceiling_log_3m (21),2.46,1.60,-1.20
99.446,0,Ceiling_log_3m (21),2.46,1.60,-1.23
99.474,0,Ceiling_log_3m (21),2.46,1.58,-1.24
99.501,0,Ceiling_log_3m (21),2.46,1.59,-1.25
99.543,0,Ceiling_log_3m (21),2.46,1.57,-1.26
99.571,0,Ceiling_log_3m (21),2.46,1.55,-1.27
99.599,0,Ceiling_log_3m (21),2.46,1.56,-1.27
99.641,0,Ceiling_log_3m (21),2.46,1.53,-1.26
99.669,0,Ceiling_log_3m (21),2.42,1.50,-1.25
99.710,0,Ceiling_3x3m (6),1.89,1.70,-1.20
99.738,0,Ceiling_3x3m (6),1.79,1.70,-1.22
99.766,0,Ceiling_3x3m (6),1.70,1.70,-1.22
99.808,0,Ceiling_3x3m (6),1.65,1.70,-1.21
99.836,0,Ceiling_3x3m (6),1.53,1.70,-1.21
99.877,0,Ceiling_log_3m (20),1.52,1.55,-1.19
99.905,0,Ceiling_log_3m (20),1.51,1.50,-1.20
99.933,0,Ceiling_log_3m (20),1.43,1.50,-1.21
99.975,0,Ceiling_log_3m (20),1.43,1.50,-1.20
100.002,0,Ceiling_log_3m (20),1.45,1.50,-1.20
100.045,0,Wall_3mx20cm_Conference_Door,1.41,1.48,-1.20
100.072,0,Wall_3mx20cm_Conference_Door,1.41,1.47,-1.19
100.100,0,Wall_3mx20cm_Conference_Door,1.41,1.47,-1.18
100.142,0,Wall_3mx20cm_Conference_Door,1.41,1.49,-1.17
100.170,0,Wall_3mx20cm_Conference_Door,1.41,1.50,-1.16
100.211,0,Ceiling_log_3m (20),1.48,1.50,-1.14
100.239,0,Ceiling_log_3m (20),1.52,1.51,-1.14
100.268,0,Ceiling_log_3m (20),1.52,1.54,-1.13
100.309,0,Ceiling_log_3m (20),1.52,1.58,-1.13
100.338,0,Ceiling_log_3m (20),1.52,1.60,-1.13
100.380,0,Ceiling_log_3m (20),1.52,1.66,-1.13
100.407,0,Ceiling_log_3m (20),1.52,1.67,-1.13
100.434,0,Ceiling_log_3m (20),1.52,1.69,-1.13
100.476,0,Ceiling_3x3m (6),1.53,1.70,-1.14
100.504,0,Ceiling_log_3m (20),1.52,1.69,-1.15
100.532,0,Ceiling_log_3m (20),1.52,1.69,-1.16
100.573,0,Ceiling_log_3m (20),1.52,1.68,-1.18
100.601,0,Ceiling_log_3m (20),1.52,1.68,-1.19
100.643,0,Ceiling_log_3m (20),1.52,1.67,-1.20
100.671,0,Ceiling_log_3m (20),1.52,1.67,-1.20
100.700,0,Ceiling_log_3m (20),1.52,1.68,-1.20
100.741,0,Ceiling_log_3m (20),1.52,1.68,-1.20
100.769,0,Ceiling_log_3m (20),1.52,1.69,-1.19
100.811,0,Ceiling_log_3m (20),1.52,1.68,-1.18
100.839,0,Ceiling_log_3m (20),1.52,1.68,-1.17
100.866,0,Ceiling_log_3m (20),1.52,1.68,-1.15
100.909,0,Ceiling_log_3m (20),1.52,1.68,-1.14
100.936,0,Ceiling_log_3m (20),1.52,1.68,-1.13
100.978,0,Ceiling_log_3m (20),1.52,1.69,-1.11
101.005,0,Ceiling_log_3m (20),1.52,1.69,-1.10
101.033,0,Ceiling_3x3m (7),1.53,1.70,-1.09
101.075,0,Ceiling_3x3m (7),1.56,1.70,-1.08
101.103,0,Ceiling_3x3m (7),1.57,1.70,-1.07
101.145,0,Ceiling_3x3m (7),1.58,1.70,-1.06
101.172,0,Ceiling_3x3m (7),1.59,1.70,-1.05
101.200,0,Ceiling_3x3m (7),1.60,1.70,-1.04
101.242,0,Ceiling_3x3m (7),1.61,1.70,-1.04
101.269,0,Ceiling_3x3m (7),1.62,1.70,-1.04
101.311,0,Ceiling_3x3m (7),1.62,1.70,-1.03
101.339,0,Ceiling_3x3m (7),1.61,1.70,-1.02
101.367,0,Ceiling_3x3m (7),1.60,1.70,-1.02
101.409,0,Ceiling_3x3m (7),1.61,1.70,-1.02
101.437,0,Ceiling_3x3m (7),1.62,1.70,-1.01
101.479,0,Ceiling_3x3m (7),1.63,1.70,-1.01
101.507,0,Ceiling_3x3m (7),1.63,1.70,-1.01
101.534,0,Ceiling_3x3m (7),1.62,1.70,-1.01
101.577,0,Ceiling_3x3m (7),1.63,1.70,-1.00
101.604,0,Ceiling_3x3m (7),1.64,1.70,-1.00
101.645,0,Ceiling_3x3m (7),1.67,1.70,-1.00
101.674,0,Ceiling_3x3m (7),1.69,1.70,-0.99
101.702,0,Ceiling_3x3m (7),1.71,1.70,-0.98
101.744,0,Ceiling_3x3m (7),1.73,1.70,-0.96
101.771,0,Ceiling_3x3m (7),1.76,1.70,-0.95
101.799,0,Ceiling_3x3m (7),1.78,1.70,-0.93
101.841,0,Ceiling_3x3m (7),1.82,1.70,-0.91
101.869,0,Ceiling_3x3m (7),1.85,1.70,-0.90
101.910,0,Ceiling_3x3m (7),1.89,1.70,-0.89
101.938,0,Ceiling_3x3m (7),1.91,1.70,-0.90
101.966,0,Ceiling_3x3m (7),1.95,1.70,-0.90
102.008,0,Ceiling_3x3m (7),1.99,1.70,-0.90
102.036,0,Ceiling_log_3m (21),2.36,1.50,-0.98
102.079,0,Ceiling_log_3m (21),2.37,1.50,-0.97
102.105,0,Ceiling_log_3m (21),2.37,1.50,-0.97
102.133,0,Ceiling_log_3m (21),2.37,1.50,-0.96
102.174,0,Ceiling_log_3m (21),2.38,1.50,-0.96
102.203,0,Ceiling_log_3m (21),2.37,1.50,-0.96
102.244,0,Ceiling_log_3m (21),2.36,1.50,-0.96
102.273,0,Ceiling_3x3m (7),2.00,1.70,-0.87
102.300,0,Ceiling_3x3m (7),1.99,1.70,-0.87
102.342,0,Ceiling_log_3m (21),2.37,1.50,-0.94
102.370,0,Ceiling_log_3m (21),2.39,1.50,-0.94
102.411,0,Ceiling_log_3m (21),2.40,1.50,-0.94
102.439,0,Ceiling_log_3m (21),2.39,1.50,-0.93
102.467,0,Ceiling_log_3m (21),2.39,1.50,-0.93
102.509,0,Ceiling_log_3m (21),2.39,1.50,-0.92
102.537,0,Ceiling_log_3m (21),2.38,1.50,-0.91
102.579,0,Ceiling_3x3m (7),1.99,1.70,-0.82
102.607,0,Ceiling_3x3m (7),1.98,1.70,-0.81
102.634,0,Ceiling_3x3m (7),1.98,1.70,-0.81
102.676,0,Ceiling_3x3m (7),1.99,1.70,-0.82
102.704,0,Ceiling_log_3m (21),2.36,1.50,-0.91
102.736,0,Ceiling_log_3m (21),2.37,1.50,-0.91
102.779,0,Ceiling_log_3m (21),2.39,1.50,-0.92
102.808,0,Ceiling_log_3m (21),2.43,1.50,-0.93
102.837,0,Ceiling_log_3m (21),2.45,1.50,-0.94
102.873,0,Ceiling_log_3m (21),2.44,1.50,-0.93
102.907,0,Ceiling_log_3m (21),2.40,1.50,-0.91
102.934,0,Ceiling_log_3m (21),2.37,1.50,-0.90
102.976,0,Ceiling_3x3m (7),1.99,1.70,-0.81
103.003,0,Ceiling_3x3m (7),2.00,1.70,-0.81
103.045,0,Ceiling_log_3m (21),2.42,1.50,-0.90
103.075,0,Ceiling_log_3m (21),2.44,1.50,-0.90
103.104,0,Ceiling_log_3m (21),2.44,1.50,-0.89
103.145,0,Ceiling_log_3m (21),2.43,1.50,-0.87
103.174,0,Ceiling_log_3m (21),2.45,1.50,-0.87
103.202,0,Ceiling_log_3m (21),2.46,1.51,-0.86
103.244,0,Ceiling_log_3m (21),2.46,1.51,-0.85
103.272,0,Ceiling_log_3m (21),2.45,1.50,-0.85
103.300,0,Ceiling_log_3m (21),2.43,1.50,-0.85
103.343,0,Ceiling_log_3m (21),2.43,1.50,-0.85
103.370,0,Ceiling_log_3m (21),2.43,1.50,-0.85
103.412,0,Ceiling_log_3m (21),2.43,1.50,-0.85
103.441,0,Ceiling_log_3m (21),2.44,1.50,-0.85
103.467,0,Ceiling_log_3m (21),2.45,1.50,-0.84
103.509,0,Ceiling_log_3m (21),2.46,1.51,-0.84
103.538,0,Ceiling_log_3m (21),2.46,1.51,-0.83
103.579,0,Ceiling_log_3m (21),2.46,1.52,-0.84
103.607,0,Ceiling_log_3m (21),2.46,1.52,-0.84
103.634,0,Ceiling_log_3m (21),2.46,1.52,-0.85
103.676,0,Ceiling_log_3m (21),2.46,1.51,-0.85
103.703,0,Ceiling_log_3m (21),2.46,1.52,-0.86
103.746,0,Ceiling_log_3m (21),2.46,1.52,-0.86
103.773,0,Ceiling_log_3m (21),2.46,1.52,-0.87
103.801,0,Ceiling_log_3m (21),2.46,1.52,-0.87
103.844,0,Ceiling_log_3m (21),2.46,1.54,-0.87
103.871,0,Ceiling_log_3m (21),2.46,1.55,-0.87
103.899,0,Ceiling_log_3m (21),2.46,1.56,-0.87
103.940,0,Ceiling_log_3m (21),2.46,1.57,-0.87
103.968,0,Ceiling_log_3m (21),2.46,1.57,-0.88
104.010,0,Ceiling_log_3m (21),2.46,1.57,-0.89
104.038,0,Ceiling_log_3m (21),2.46,1.56,-0.88
104.067,0,Ceiling_log_3m (21),2.46,1.56,-0.88
104.107,0,Ceiling_log_3m (21),2.46,1.60,-0.88
104.135,0,Ceiling_log_3m (21),2.46,1.62,-0.87
104.178,0,Ceiling_log_3m (21),2.46,1.62,-0.86
104.204,0,Ceiling_log_3m (21),2.46,1.61,-0.85
104.233,0,Ceiling_log_3m (21),2.46,1.61,-0.84
104.274,0,Ceiling_log_3m (21),2.46,1.61,-0.83
104.302,0,Ceiling_log_3m (21),2.46,1.61,-0.82
104.344,0,Ceiling_log_3m (21),2.46,1.60,-0.82
104.372,0,Ceiling_log_3m (21),2.46,1.60,-0.82
104.400,0,Ceiling_log_3m (21),2.46,1.59,-0.82
104.442,0,Ceiling_log_3m (21),2.46,1.58,-0.83
104.470,0,Ceiling_log_3m (21),2.46,1.57,-0.84
104.512,0,Ceiling_log_3m (21),2.46,1.56,-0.85
104.540,0,Ceiling_log_3m (21),2.46,1.55,-0.85
104.568,0,Ceiling_log_3m (21),2.46,1.56,-0.86
104.610,0,Ceiling_log_3m (21),2.46,1.57,-0.88
104.638,0,Ceiling_log_3m (21),2.46,1.56,-0.89
104.679,0,Ceiling_log_3m (21),2.46,1.54,-0.88
104.707,0,Ceiling_log_3m (21),2.46,1.53,-0.87
104.735,0,Ceiling_log_3m (21),2.46,1.55,-0.86
104.777,0,Ceiling_log_3m (21),2.46,1.58,-0.84
104.806,0,Ceiling_log_3m (21),2.46,1.59,-0.84
104.833,0,Ceiling_log_3m (21),2.46,1.60,-0.83
104.875,0,Ceiling_log_3m (21),2.46,1.61,-0.82
104.903,0,Ceiling_log_3m (21),2.46,1.62,-0.81
104.945,0,Ceiling_log_3m (21),2.46,1.64,-0.80
104.972,0,Ceiling_log_3m (21),2.46,1.64,-0.80
105.000,0,Ceiling_log_3m (21),2.46,1.63,-0.81
105.042,0,Ceiling_log_3m (21),2.46,1.65,-0.83
105.070,0,Ceiling_log_3m (21),2.46,1.65,-0.84
105.112,0,Ceiling_log_3m (21),2.46,1.66,-0.85
105.139,0,Ceiling_log_3m (21),2.46,1.66,-0.88
105.167,0,Ceiling_log_3m (21),2.46,1.65,-0.89
105.209,0,Ceiling_log_3m (21),2.46,1.63,-0.90
105.237,0,Ceiling_log_3m (21),2.46,1.63,-0.90
105.279,0,Ceiling_log_3m (21),2.46,1.67,-0.90
105.306,0,Ceiling_log_3m (21),2.46,1.69,-0.90
105.334,0,Ceiling_3x3m (7),2.47,1.70,-0.90
105.376,0,Ceiling_3x3m (7),2.47,1.70,-0.89
105.404,0,Ceiling_3x3m (7),2.47,1.70,-0.89
105.446,0,Ceiling_3x3m (7),2.47,1.70,-0.89
105.473,0,Ceiling_3x3m (7),2.48,1.70,-0.89
105.501,0,Ceiling_3x3m (7),2.48,1.70,-0.88
105.544,0,Ceiling_3x3m (7),2.48,1.70,-0.88
105.571,0,Ceiling_log_3m (21),2.46,1.69,-0.88
105.599,0,Ceiling_log_3m (21),2.46,1.68,-0.88
105.641,0,Ceiling_log_3m (21),2.46,1.69,-0.89
105.668,0,Ceiling_log_3m (21),2.46,1.69,-0.90
105.710,0,Ceiling_log_3m (21),2.46,1.66,-0.93
105.739,0,Ceiling_log_3m (21),2.46,1.62,-0.94
105.766,0,Ceiling_log_3m (21),2.46,1.61,-0.95
105.809,0,Ceiling_log_3m (21),2.46,1.64,-0.96
105.835,0,Ceiling_log_3m (21),2.46,1.65,-0.96
105.877,0,Ceiling_log_3m (21),2.46,1.63,-0.97
105.905,0,Ceiling_log_3m (21),2.46,1.60,-0.98
105.933,0,Ceiling_log_3m (21),2.46,1.57,-0.98
105.975,0,Ceiling_log_3m (21),2.46,1.53,-0.99
106.003,0,Ceiling_log_3m (21),2.46,1.52,-0.99
106.045,0,Ceiling_log_3m (21),2.40,1.50,-1.00
106.073,0,Ceiling_3x3m (7),1.95,1.70,-0.93
106.100,0,Ceiling_3x3m (7),1.88,1.70,-0.94
106.142,0,Ceiling_3x3m (7),1.82,1.70,-0.96
106.170,0,Ceiling_3x3m (7),1.79,1.70,-0.98
106.211,0,Ceiling_3x3m (7),1.77,1.70,-1.00
106.239,0,Ceiling_3x3m (7),1.75,1.70,-1.01
106.267,0,Ceiling_3x3m (7),1.71,1.70,-1.02
106.309,0,Ceiling_3x3m (7),1.66,1.70,-1.03
106.337,0,Ceiling_3x3m (7),1.63,1.70,-1.06
106.379,0,Ceiling_3x3m (7),1.54,1.70,-1.09
106.406,0,Ceiling_log_3m (20),1.52,1.65,-1.11
106.434,0,Ceiling_log_3m (20),1.52,1.61,-1.14
106.476,0,Ceiling_log_3m (20),1.52,1.58,-1.18
106.504,0,Ceiling_log_3m (20),1.52,1.57,-1.21
106.532,0,Ceiling_log_3m (20),1.52,1.54,-1.23
106.574,0,Ceiling_log_3m (20),1.47,1.50,-1.26
106.602,0,Wall_3mx20cm_Conference_Door,1.41,1.50,-1.28
106.643,0,Wall_3mx20cm_Conference_Door,1.41,1.45,-1.30
106.671,0,Wall_3mx20cm_Conference_Door,1.41,1.43,-1.31
106.713,0,Wall_3mx20cm_Conference_Door,1.41,1.40,-1.33
106.741,0,Wall_3mx20cm_Conference_Door,1.41,1.39,-1.34
106.769,0,Wall_3mx20cm_Conference_Door,1.41,1.36,-1.36
106.811,0,Wall_3mx20cm_Conference_Door,1.41,1.32,-1.38
106.839,0,Wall_3mx20cm_Conference_Door,1.41,1.32,-1.40
106.866,0,Wall_3mx20cm_Conference_Door,1.41,1.32,-1.41
106.908,0,Wall_3mx20cm_Conference_Door,1.41,1.29,-1.43
106.936,0,Wall_3mx20cm_Conference_Door,1.41,1.28,-1.43
106.978,0,Wall_3mx20cm_Conference_Door,1.41,1.29,-1.43
107.006,0,Wall_3mx20cm_Conference_Door,1.41,1.28,-1.44
107.033,0,Wall_3mx20cm_Conference_Door,1.41,1.26,-1.43
107.075,0,Wall_3mx20cm_Conference_Door,1.41,1.26,-1.41
107.103,0,Wall_3mx20cm_Conference_Door,1.41,1.27,-1.41
107.145,0,Wall_3mx20cm_Conference_Door,1.41,1.30,-1.40
107.173,0,Wall_3mx20cm_Conference_Door,1.41,1.31,-1.39
107.200,0,Wall_3mx20cm_Conference_Door,1.41,1.30,-1.39
107.243,0,Wall_3mx20cm_Conference_Door,1.41,1.33,-1.39
107.271,0,Wall_3mx20cm_Conference_Door,1.41,1.35,-1.39
107.312,0,Wall_3mx20cm_Conference_Door,1.41,1.39,-1.37
107.340,0,Wall_3mx20cm_Conference_Door,1.41,1.42,-1.36
107.368,0,Wall_3mx20cm_Conference_Door,1.41,1.44,-1.35
107.409,0,Wall_3mx20cm_Conference_Door,1.41,1.50,-1.34
107.437,0,Ceiling_log_3m (20),1.49,1.50,-1.35
107.479,0,Ceiling_log_3m (20),1.52,1.51,-1.36
107.507,0,Ceiling_log_3m (20),1.52,1.50,-1.37
107.535,0,Ceiling_log_3m (20),1.52,1.53,-1.38
107.577,0,Ceiling_log_3m (20),1.52,1.54,-1.40
107.605,0,Ceiling_log_3m (20),1.52,1.53,-1.41
107.633,0,Ceiling_log_3m (20),1.52,1.52,-1.42
107.674,0,Ceiling_log_3m (20),1.44,1.50,-1.44
107.702,0,Wall_3mx20cm_Conference_Door,1.41,1.47,-1.45
107.744,0,Wall_3mx20cm_Conference_Door,1.41,1.38,-1.46
107.772,0,Wall_3mx20cm_Conference_Door,1.41,1.37,-1.47
107.800,0,Wall_3mx20cm_Conference_Door,1.41,1.41,-1.48
107.841,0,Wall_3mx20cm_Conference_Door,1.41,1.44,-1.48
107.869,0,Wall_3mx20cm_Conference_Door,1.41,1.43,-1.48
107.911,0,Wall_3mx20cm_Conference_Door,1.41,1.42,-1.47
107.939,0,Wall_3mx20cm_Conference_Door,1.41,1.42,-1.47
107.967,0,Wall_3mx20cm_Conference_Door,1.41,1.44,-1.47
108.009,0,Wall_3mx20cm_Conference_Door,1.41,1.43,-1.48
108.037,0,Wall_3mx20cm_Conference_Door,1.41,1.42,-1.49
108.078,0,Wall_3mx20cm_Conference_Door,1.41,1.40,-1.51
108.106,0,Wall_3mx20cm_Conference_Door,1.41,1.41,-1.54
108.134,0,Wall_3mx20cm_Conference_Door,1.41,1.42,-1.56
108.175,0,Wall_3mx20cm_Conference_Door,1.41,1.43,-1.59
108.203,0,Wall_3mx20cm_Conference_Door,1.41,1.44,-1.61
108.245,0,Wall_3mx20cm_Conference_Door,1.41,1.46,-1.63
108.273,0,Wall_3mx20cm_Conference_Door,1.41,1.49,-1.63
108.301,0,Wall_3mx20cm_Conference_Door,1.41,1.51,-1.62
108.343,0,Wall_3mx20cm_Conference_Door,1.41,1.50,-1.60
108.371,0,Wall_3mx20cm_Conference_Door,1.41,1.48,-1.58
108.412,0,Wall_3mx20cm_Conference_Door,1.41,1.49,-1.55
108.440,0,Wall_3mx20cm_Conference_Door,1.41,1.49,-1.53
108.468,0,Wall_3mx20cm_Conference_Door,1.41,1.49,-1.52
108.510,0,Ceiling_log_3m (20),1.52,1.51,-1.51
108.538,0,Ceiling_log_3m (20),1.52,1.55,-1.50
108.566,0,Ceiling_log_3m (20),1.52,1.56,-1.50
108.607,0,Ceiling_log_3m (20),1.52,1.56,-1.50
108.635,0,Ceiling_log_3m (20),1.52,1.54,-1.50
108.677,0,Ceiling_log_3m (20),1.52,1.54,-1.49
108.704,0,Ceiling_log_3m (20),1.52,1.54,-1.49
108.733,0,Ceiling_log_3m (20),1.52,1.56,-1.49
108.774,0,Ceiling_log_3m (20),1.52,1.55,-1.47
108.803,0,Ceiling_log_3m (20),1.52,1.55,-1.45
108.844,0,Ceiling_log_3m (20),1.52,1.58,-1.44
108.872,0,Ceiling_log_3m (20),1.52,1.56,-1.44
108.900,0,Ceiling_log_3m (20),1.52,1.53,-1.44
108.941,0,Ceiling_log_3m (20),1.52,1.52,-1.43
108.969,0,Ceiling_log_3m (20),1.52,1.54,-1.43
109.011,0,Ceiling_log_3m (20),1.52,1.52,-1.43
109.039,0,Ceiling_log_3m (20),1.52,1.52,-1.44
109.066,0,Ceiling_log_3m (20),1.52,1.53,-1.43
109.108,0,Ceiling_log_3m (20),1.52,1.54,-1.43
109.135,0,Ceiling_log_3m (20),1.52,1.55,-1.43
109.177,0,Ceiling_log_3m (20),1.52,1.56,-1.43
109.205,0,Ceiling_log_3m (20),1.52,1.58,-1.43
109.233,0,Ceiling_log_3m (20),1.52,1.59,-1.44
109.275,0,Ceiling_log_3m (20),1.52,1.58,-1.45
109.303,0,Ceiling_log_3m (20),1.52,1.60,-1.45
109.344,0,Ceiling_log_3m (20),1.52,1.63,-1.46
109.372,0,Ceiling_log_3m (20),1.52,1.67,-1.45
109.400,0,Ceiling_3x3m (6),1.59,1.70,-1.44
109.442,0,Ceiling_3x3m (6),1.86,1.70,-1.40
109.470,0,Ceiling_3x3m (6),1.94,1.70,-1.39
109.511,0,Ceiling_3x3m (6),1.92,1.70,-1.36
109.540,0,Ceiling_3x3m (6),1.96,1.70,-1.36
109.568,0,Ceiling_3x3m (6),1.98,1.70,-1.35
109.609,0,Ceiling_3x3m (6),2.00,1.70,-1.35
109.637,0,Ceiling_3x3m (6),1.95,1.70,-1.36
109.679,0,Ceiling_3x3m (6),1.86,1.70,-1.39
109.706,0,Ceiling_3x3m (6),1.80,1.70,-1.42
109.734,0,Ceiling_3x3m (6),1.74,1.70,-1.45
109.776,0,Ceiling_3x3m (6),1.71,1.70,-1.50
109.804,0,Ceiling_3x3m (6),1.77,1.70,-1.54
109.846,0,Ceiling_3x3m (6),1.82,1.70,-1.59
109.874,0,Ceiling_3x3m (6),1.84,1.70,-1.61
109.902,0,Ceiling_3x3m (6),1.85,1.70,-1.63
109.943,0,Ceiling_3x3m (6),1.77,1.70,-1.66
109.971,0,Ceiling_3x3m (6),1.72,1.70,-1.67
109.999,0,Ceiling_3x3m (6),1.67,1.70,-1.69
110.042,0,Ceiling_3x3m (6),1.62,1.70,-1.71
110.069,0,Ceiling_3x3m (6),1.61,1.70,-1.71
110.110,0,Ceiling_3x3m (6),1.60,1.70,-1.73
110.139,0,Ceiling_3x3m (6),1.59,1.70,-1.74
110.166,0,Ceiling_3x3m (6),1.61,1.70,-1.75
110.208,0,Ceiling_3x3m (6),1.61,1.70,-1.77
110.236,0,Ceiling_3x3m (6),1.59,1.70,-1.78
110.278,0,Ceiling_3x3m (6),1.56,1.70,-1.79
110.306,0,Ceiling_3x3m (6),1.55,1.70,-1.80
110.334,0,Ceiling_3x3m (6),1.56,1.70,-1.80
110.376,0,Ceiling_3x3m (6),1.57,1.70,-1.80
110.403,0,Ceiling_3x3m (6),1.54,1.70,-1.79
110.445,0,Ceiling_log_3m (20),1.52,1.70,-1.78
110.473,0,Ceiling_3x3m (6),1.53,1.70,-1.77
110.501,0,Ceiling_3x3m (6),1.53,1.70,-1.76
110.542,0,Ceiling_3x3m (6),1.54,1.70,-1.76
110.570,0,Ceiling_3x3m (6),1.55,1.70,-1.76
110.612,0,Ceiling_3x3m (6),1.55,1.70,-1.76
110.640,0,Ceiling_3x3m (6),1.54,1.70,-1.77
110.668,0,Ceiling_3x3m (6),1.53,1.70,-1.77
110.709,0,Ceiling_3x3m (6),1.55,1.70,-1.78
110.737,0,Ceiling_3x3m (6),1.53,1.70,-1.78
110.779,0,Ceiling_log_3m (20),1.52,1.69,-1.78
110.808,0,Ceiling_3x3m (6),1.55,1.70,-1.78
110.834,0,Ceiling_3x3m (6),1.56,1.70,-1.78
110.876,0,Ceiling_3x3m (6),1.57,1.70,-1.78
110.904,0,Ceiling_3x3m (6),1.57,1.70,-1.78
110.932,0,Ceiling_3x3m (6),1.59,1.70,-1.77
110.974,0,Ceiling_3x3m (6),1.63,1.70,-1.77
111.002,0,Ceiling_3x3m (6),1.62,1.70,-1.77
111.043,0,Ceiling_3x3m (6),1.61,1.70,-1.77
111.072,0,Ceiling_3x3m (6),1.60,1.70,-1.77
111.100,0,Ceiling_3x3m (6),1.61,1.70,-1.76
111.141,0,Ceiling_3x3m (6),1.62,1.70,-1.76
111.169,0,Ceiling_3x3m (6),1.65,1.70,-1.76
111.210,0,Ceiling_3x3m (6),1.67,1.70,-1.75
111.238,0,Ceiling_3x3m (6),1.63,1.70,-1.74
111.266,0,Ceiling_3x3m (6),1.70,1.70,-1.74
111.308,0,Ceiling_3x3m (6),1.71,1.70,-1.73
111.336,0,Ceiling_3x3m (6),1.70,1.70,-1.73
111.378,0,Ceiling_3x3m (6),1.70,1.70,-1.73
111.405,0,Ceiling_3x3m (6),1.66,1.70,-1.73
111.433,0,Ceiling_3x3m (6),1.66,1.70,-1.73
111.475,0,Ceiling_3x3m (6),1.67,1.70,-1.73
111.503,0,Ceiling_3x3m (6),1.64,1.70,-1.73
111.545,0,Ceiling_3x3m (6),1.65,1.70,-1.73
111.572,0,Ceiling_3x3m (6),1.64,1.70,-1.72
111.600,0,Ceiling_3x3m (6),1.60,1.70,-1.71
111.642,0,Ceiling_3x3m (6),1.63,1.70,-1.71
111.670,0,Ceiling_3x3m (6),1.68,1.70,-1.72
111.712,0,Ceiling_3x3m (6),1.68,1.70,-1.72
111.740,0,Ceiling_3x3m (6),1.74,1.70,-1.72
111.767,0,Ceiling_3x3m (6),1.75,1.70,-1.72
111.809,0,Ceiling_3x3m (6),1.64,1.70,-1.71
111.837,0,Ceiling_3x3m (6),1.60,1.70,-1.69
111.879,0,Ceiling_3x3m (6),1.66,1.70,-1.70
111.906,0,Ceiling_3x3m (6),1.78,1.70,-1.71
111.934,0,Ceiling_3x3m (6),1.78,1.70,-1.70
111.976,0,Ceiling_3x3m (6),1.82,1.70,-1.71
112.004,0,Ceiling_3x3m (6),1.87,1.70,-1.72
112.046,0,Ceiling_3x3m (6),1.95,1.70,-1.73
112.074,0,Ceiling_log_3m (21),2.39,1.50,-1.74
112.101,0,Ceiling_log_3m (21),2.39,1.50,-1.74
112.143,0,Ceiling_3x3m (6),1.99,1.70,-1.73
112.172,0,Ceiling_3x3m (6),1.95,1.70,-1.73
112.213,0,Ceiling_3x3m (6),1.87,1.70,-1.72
112.241,0,Ceiling_3x3m (6),1.84,1.70,-1.72
112.268,0,Ceiling_3x3m (6),1.83,1.70,-1.72
112.311,0,Ceiling_3x3m (6),1.80,1.70,-1.72
112.338,0,Ceiling_3x3m (6),1.74,1.70,-1.72
112.367,0,Ceiling_3x3m (6),1.73,1.70,-1.73
112.408,0,Ceiling_3x3m (6),1.72,1.70,-1.74
112.436,0,Ceiling_3x3m (6),1.71,1.70,-1.75
112.477,0,Ceiling_3x3m (6),1.69,1.70,-1.76
112.505,0,Ceiling_3x3m (6),1.67,1.70,-1.76
112.533,0,Ceiling_3x3m (6),1.63,1.70,-1.76
112.574,0,Ceiling_3x3m (6),1.60,1.70,-1.76
112.602,0,Ceiling_3x3m (6),1.63,1.70,-1.77
112.645,0,Ceiling_3x3m (6),1.63,1.70,-1.77
112.672,0,Ceiling_3x3m (6),1.62,1.70,-1.78
112.700,0,Ceiling_3x3m (6),1.61,1.70,-1.78
112.742,0,Ceiling_3x3m (6),1.61,1.70,-1.78
112.770,0,Ceiling_3x3m (6),1.59,1.70,-1.77
112.811,0,Ceiling_3x3m (6),1.69,1.70,-1.76
112.840,0,Ceiling_3x3m (6),1.69,1.70,-1.76
112.868,0,Ceiling_3x3m (6),1.66,1.70,-1.76
112.909,0,Ceiling_3x3m (6),1.61,1.70,-1.76
112.937,0,Ceiling_3x3m (6),1.64,1.70,-1.76
112.979,0,Ceiling_3x3m (6),1.65,1.70,-1.75
113.006,0,Ceiling_3x3m (6),1.65,1.70,-1.74
113.034,0,Ceiling_3x3m (6),1.65,1.70,-1.74
113.076,0,Ceiling_3x3m (6),1.64,1.70,-1.72
113.104,0,Ceiling_3x3m (6),1.63,1.70,-1.71
113.146,0,Ceiling_3x3m (6),1.62,1.70,-1.69
113.174,0,Ceiling_3x3m (6),1.64,1.70,-1.69
113.201,0,Ceiling_3x3m (6),1.63,1.70,-1.69
113.243,0,Ceiling_3x3m (6),1.64,1.70,-1.70
113.271,0,Ceiling_3x3m (6),1.64,1.70,-1.70
113.299,0,Ceiling_3x3m (6),1.62,1.70,-1.71
113.341,0,Ceiling_3x3m (6),1.56,1.70,-1.71
113.369,0,Ceiling_3x3m (6),1.52,1.70,-1.71
113.410,0,Ceiling_3x3m (6),1.55,1.70,-1.70
113.438,0,Ceiling_3x3m (6),1.58,1.70,-1.69
113.466,0,Ceiling_3x3m (6),1.61,1.70,-1.69
113.508,0,Ceiling_3x3m (6),1.66,1.70,-1.69
113.536,0,Ceiling_3x3m (6),1.69,1.70,-1.68
113.577,0,Ceiling_3x3m (6),1.70,1.70,-1.68
113.605,0,Ceiling_3x3m (6),1.71,1.70,-1.68
113.633,0,Ceiling_3x3m (6),1.71,1.70,-1.68
113.675,0,Ceiling_3x3m (6),1.69,1.70,-1.68
113.703,0,Ceiling_3x3m (6),1.70,1.70,-1.69
113.745,0,Ceiling_3x3m (6),1.72,1.70,-1.70
113.773,0,Ceiling_3x3m (6),1.73,1.70,-1.70
113.801,0,Ceiling_3x3m (6),1.76,1.70,-1.70
113.842,0,Ceiling_3x3m (6),1.75,1.70,-1.70
113.870,0,Ceiling_3x3m (6),1.72,1.70,-1.69
113.912,0,Ceiling_3x3m (6),1.74,1.70,-1.68
113.939,0,Ceiling_3x3m (6),1.78,1.70,-1.68
113.968,0,Ceiling_3x3m (6),1.81,1.70,-1.69
114.009,0,Ceiling_3x3m (6),1.84,1.70,-1.70
114.037,0,Ceiling_3x3m (6),1.85,1.70,-1.70
114.079,0,Ceiling_3x3m (6),1.90,1.70,-1.71
114.106,0,Ceiling_3x3m (6),1.94,1.70,-1.72
114.135,0,Ceiling_3x3m (6),1.95,1.70,-1.72
114.176,0,Ceiling_3x3m (6),1.94,1.70,-1.72
114.204,0,Ceiling_3x3m (6),1.91,1.70,-1.72
114.246,0,Ceiling_3x3m (6),1.88,1.70,-1.72
114.273,0,Ceiling_3x3m (6),1.87,1.70,-1.73
114.302,0,Ceiling_3x3m (6),1.86,1.70,-1.73
114.343,0,Ceiling_3x3m (6),1.85,1.70,-1.74
114.371,0,Ceiling_3x3m (6),1.85,1.70,-1.75
114.412,0,Ceiling_3x3m (6),1.87,1.70,-1.76
114.440,0,Ceiling_3x3m (6),1.83,1.70,-1.75
114.469,0,Ceiling_3x3m (6),1.80,1.70,-1.76
114.510,0,Ceiling_3x3m (6),1.78,1.70,-1.77
114.538,0,Ceiling_3x3m (6),1.82,1.70,-1.78
114.566,0,Ceiling_3x3m (6),1.82,1.70,-1.78
114.607,0,Ceiling_3x3m (6),1.82,1.70,-1.79
114.635,0,Ceiling_3x3m (6),1.80,1.70,-1.80
114.677,0,Ceiling_3x3m (6),1.84,1.70,-1.82
114.705,0,Ceiling_3x3m (6),1.86,1.70,-1.83
114.733,0,Ceiling_3x3m (6),1.84,1.70,-1.84
114.775,0,Ceiling_3x3m (6),1.85,1.70,-1.85
114.803,0,Ceiling_3x3m (6),1.86,1.70,-1.86
114.844,0,Ceiling_3x3m (6),1.87,1.70,-1.87
114.873,0,Ceiling_3x3m (6),1.86,1.70,-1.87
114.901,0,Ceiling_3x3m (6),1.86,1.70,-1.87
114.942,0,Ceiling_3x3m (6),1.89,1.70,-1.87
114.970,0,Ceiling_3x3m (6),1.89,1.70,-1.87
115.011,0,Ceiling_3x3m (6),1.89,1.70,-1.86
115.039,0,Ceiling_3x3m (6),1.91,1.70,-1.87
115.067,0,Ceiling_3x3m (6),1.89,1.70,-1.87
115.110,0,Ceiling_3x3m (6),1.88,1.70,-1.87
115.137,0,Ceiling_3x3m (6),1.91,1.70,-1.87
115.178,0,Ceiling_3x3m (6),1.88,1.70,-1.88
115.207,0,Ceiling_3x3m (6),1.87,1.70,-1.87
115.235,0,Ceiling_3x3m (6),1.87,1.70,-1.87
115.276,0,Ceiling_3x3m (6),1.87,1.70,-1.87
115.304,0,Ceiling_3x3m (6),1.86,1.70,-1.87
115.332,0,Ceiling_3x3m (6),1.86,1.70,-1.87
115.373,0,Ceiling_3x3m (6),1.86,1.70,-1.87
115.402,0,Ceiling_3x3m (6),1.84,1.70,-1.87
115.443,0,Ceiling_3x3m (6),1.85,1.70,-1.87
115.472,0,Ceiling_3x3m (6),1.90,1.70,-1.88
115.499,0,Ceiling_3x3m (6),1.90,1.70,-1.88
115.541,0,Ceiling_3x3m (6),1.89,1.70,-1.91
115.568,0,Ceiling_3x3m (6),1.88,1.70,-1.95
115.610,0,Ceiling_3x3m (6),1.85,1.70,-2.05
115.638,0,Ceiling_3x3m (6),1.81,1.70,-2.13
115.666,0,Ceiling_3x3m (6),1.75,1.70,-2.19
115.708,0,Ceiling_3x3m (6),1.75,1.70,-2.30
115.737,0,Ceiling_3x3m (6),1.72,1.70,-2.37
115.778,0,Ceiling_3x3m (6),1.61,1.70,-2.51
115.805,0,Ceiling_3x3m (6),1.62,1.70,-2.60
115.834,0,Ceiling_3x3m (6),1.56,1.70,-2.71
115.875,0,Ceiling_log_3m (20),1.52,1.64,-2.84
115.903,0,Ceiling_log_3m (20),1.52,1.56,-2.91
115.945,0,Ceiling_log_3m (20),1.52,1.55,-3.01
115.973,0,Ceiling_log_3m (20),1.52,1.53,-3.06
116.001,0,Ceiling_log_3m (20),1.51,1.50,-3.11
116.042,0,Wall_3mx20cm_Conference_Door,1.41,1.50,-3.19
116.070,0,Wall_3mx20cm_Conference_Door,1.41,1.47,-3.23
116.112,0,Wall_3mx20cm_Conference_Door,1.41,1.42,-3.27
116.139,0,Wall_3mx20cm_Conference_Door,1.41,1.39,-3.30
116.168,0,RobotHand (L),6.37,-0.68,-1.90
116.209,0,RobotHand (L),6.38,-0.68,-1.90
116.237,0,RobotHand (L),6.38,-0.68,-1.90
116.265,0,RobotHand (L),6.38,-0.68,-1.90
116.307,0,RobotHand (L),6.38,-0.68,-1.90
116.335,0,RobotHand (L),6.38,-0.68,-1.90
116.376,0,RobotHand (L),6.38,-0.68,-1.90
116.404,0,RobotHand (L),6.38,-0.68,-1.90
116.432,0,RobotHand (L),6.38,-0.68,-1.90
116.474,0,RobotHand (L),6.38,-0.68,-1.90
116.502,0,RobotHand (L),6.38,-0.69,-1.90
116.543,0,RobotHand (L),6.38,-0.69,-1.90
116.571,0,RobotHand (L),6.38,-0.69,-1.90
116.599,0,RobotHand (L),6.38,-0.69,-1.90
116.641,0,RobotHand (L),6.39,-0.69,-1.90
116.668,0,RobotHand (L),6.39,-0.69,-1.90
116.711,0,RobotHand (L),6.38,-0.69,-1.90
116.738,0,RobotHand (L),6.39,-0.69,-1.90
116.766,0,RobotHand (L),6.39,-0.69,-1.90
116.808,0,RobotHand (L),6.38,-0.69,-1.90
116.835,0,RobotHand (L),6.38,-0.68,-1.90
116.877,0,RobotHand (L),6.37,-0.68,-1.90
116.905,0,Wall_3mx20cm_Conference_Door,1.41,1.35,-3.29
116.933,0,Wall_3mx20cm_Conference_Door,1.41,1.35,-3.27
116.975,0,Wall_3mx20cm_Conference_Door,1.41,1.36,-3.26
117.003,0,Wall_3mx20cm_Conference_Door,1.41,1.36,-3.26
117.044,0,RobotHand (L),6.37,-0.68,-1.90
117.072,0,RobotHand (L),6.38,-0.68,-1.90
117.100,0,RobotHand (L),6.39,-0.69,-1.90
117.142,0,RobotHand (L),6.40,-0.69,-1.90
117.170,0,RobotHand (L),6.40,-0.69,-1.89
117.211,0,RobotHand (L),6.40,-0.69,-1.90
117.239,0,RobotHand (L),6.41,-0.69,-1.90
117.267,0,RobotHand (L),6.41,-0.69,-1.90
117.309,0,RobotHand (L),6.41,-0.69,-1.90
117.337,0,RobotHand (L),6.41,-0.69,-1.90
117.379,0,RobotHand (L),6.41,-0.69,-1.90
117.406,0,RobotHand (L),6.41,-0.69,-1.90
117.435,0,RobotHand (L),6.41,-0.69,-1.90
117.476,0,RobotHand (L),6.41,-0.69,-1.90
117.504,0,RobotHand (L),6.41,-0.69,-1.90
117.545,0,RobotHand (L),6.41,-0.69,-1.90
117.573,0,RobotHand (L),6.41,-0.69,-1.90
117.601,0,RobotHand (L),6.41,-0.69,-1.90
117.643,0,RobotHand (L),6.42,-0.69,-1.90
117.671,0,RobotHand (L),6.41,-0.69,-1.90
117.699,0,RobotHand (L),6.41,-0.69,-1.90
117.741,0,RobotHand (L),6.41,-0.69,-1.90
117.768,0,RobotHand (L),6.41,-0.69,-1.90
117.810,0,RobotHand (L),6.41,-0.69,-1.90
117.838,0,RobotHand (L),6.41,-0.69,-1.90
117.866,0,RobotHand (L),6.41,-0.69,-1.90
117.907,0,RobotHand (L),6.41,-0.69,-1.90
117.935,0,RobotHand (L),6.41,-0.69,-1.90
117.977,0,RobotHand (L),6.41,-0.69,-1.90
118.005,0,RobotHand (L),6.41,-0.69,-1.90
118.033,0,RobotHand (L),6.41,-0.69,-1.89
118.075,0,RobotHand (L),6.41,-0.69,-1.89
118.103,0,RobotHand (L),6.41,-0.69,-1.89
118.145,0,RobotHand (L),6.41,-0.69,-1.89
118.172,0,RobotHand (L),6.41,-0.69,-1.89
118.200,0,RobotHand (L),6.41,-0.69,-1.89
118.242,0,RobotHand (L),6.41,-0.69,-1.90
118.269,0,RobotHand (L),6.41,-0.69,-1.90
118.311,0,RobotHand (L),6.41,-0.69,-1.90
118.339,0,RobotHand (L),6.41,-0.69,-1.90
118.368,0,RobotHand (L),6.41,-0.69,-1.90
118.409,0,RobotHand (L),6.41,-0.69,-1.90
118.437,0,RobotHand (L),6.41,-0.69,-1.90
118.479,0,RobotHand (L),6.41,-0.69,-1.90
118.507,0,RobotHand (L),6.41,-0.69,-1.90
118.534,0,RobotHand (L),6.42,-0.69,-1.90
118.576,0,RobotHand (L),6.42,-0.69,-1.90
118.604,0,RobotHand (L),6.42,-0.69,-1.90
118.646,0,RobotHand (L),6.42,-0.69,-1.90
118.673,0,RobotHand (L),6.42,-0.69,-1.90
118.701,0,RobotHand (L),6.42,-0.69,-1.90
118.743,0,RobotHand (L),6.42,-0.69,-1.90
118.771,0,RobotHand (L),6.42,-0.69,-1.90
118.813,0,RobotHand (L),6.42,-0.69,-1.90
118.840,0,RobotHand (L),6.41,-0.69,-1.89
118.868,0,RobotHand (L),6.41,-0.69,-1.89
118.910,0,RobotHand (L),6.41,-0.68,-1.89
118.938,0,RobotHand (L),6.40,-0.68,-1.89
118.966,0,RobotHand (L),6.40,-0.68,-1.89
119.008,0,RobotHand (L),6.38,-0.67,-1.89
119.035,0,Ceiling_log_3m (20),1.52,1.65,-2.82
119.077,0,Ceiling_log_3m (20),1.52,1.67,-2.72
119.105,0,Ceiling_log_3m (20),1.52,1.68,-2.64
119.133,0,Ceiling_3x3m (6),1.61,1.70,-2.54
119.174,0,Ceiling_3x3m (6),1.88,1.70,-2.36
119.202,0,Ceiling_log_3m (21),2.39,1.50,-2.21
119.244,0,Ceiling_log_3m (21),2.46,1.61,-2.06
119.272,0,Ceiling_log_3m (21),2.46,1.68,-1.97
119.300,0,Ceiling_3x3m (6),2.54,1.70,-1.90
119.341,0,Ceiling_3x3m (6),2.58,1.70,-1.80
119.370,0,Ceiling_3x3m (6),2.54,1.70,-1.74
119.411,0,Ceiling_3x3m (6),2.52,1.70,-1.68
119.439,0,Ceiling_3x3m (6),2.49,1.70,-1.64
119.467,0,Ceiling_log_3m (21),2.46,1.69,-1.60
119.508,0,Ceiling_log_3m (21),2.46,1.66,-1.55
119.536,0,Ceiling_log_3m (21),2.46,1.65,-1.53
119.578,0,Ceiling_log_3m (21),2.46,1.69,-1.51
119.606,0,Ceiling_log_3m (21),2.46,1.69,-1.49
119.634,0,Ceiling_3x3m (6),2.47,1.70,-1.47
119.676,0,Ceiling_3x3m (6),2.52,1.70,-1.46
119.703,0,Ceiling_3x3m (6),2.53,1.70,-1.45
119.745,0,Ceiling_3x3m (6),2.52,1.70,-1.42
119.773,0,Ceiling_3x3m (6),2.50,1.70,-1.40
119.801,0,Ceiling_3x3m (6),2.47,1.70,-1.39
119.842,0,Ceiling_log_3m (21),2.46,1.64,-1.38
119.870,0,Ceiling_log_3m (21),2.46,1.60,-1.38
119.912,0,Ceiling_log_3m (21),2.46,1.53,-1.39
119.940,0,Ceiling_log_3m (21),2.41,1.50,-1.39
119.968,0,Ceiling_3x3m (6),1.95,1.70,-1.35
120.009,0,Ceiling_3x3m (6),1.75,1.70,-1.36
120.037,0,Ceiling_3x3m (6),1.64,1.70,-1.37
120.066,0,Ceiling_3x3m (6),1.57,1.70,-1.38
120.107,0,Ceiling_log_3m (20),1.52,1.66,-1.40
120.135,0,Ceiling_log_3m (20),1.52,1.63,-1.41
120.177,0,Ceiling_log_3m (20),1.52,1.59,-1.42
120.204,0,Ceiling_log_3m (20),1.52,1.56,-1.43
120.232,0,Ceiling_log_3m (20),1.52,1.54,-1.44
120.274,0,Ceiling_log_3m (20),1.50,1.50,-1.44
120.302,0,Wall_3mx20cm_Conference_Door,1.41,1.51,-1.43
120.343,0,Wall_3mx20cm_Conference_Door,1.41,1.48,-1.44
120.372,0,Wall_3mx20cm_Conference_Door,1.41,1.45,-1.44
120.399,0,Wall_3mx20cm_Conference_Door,1.41,1.41,-1.44
120.441,0,Wall_3mx20cm_Conference_Door,1.41,1.36,-1.44
120.469,0,Wall_3mx20cm_Conference_Door,1.41,1.35,-1.45
120.511,0,Wall_3mx20cm_Conference_Door,1.41,1.31,-1.46
120.539,0,Wall_3mx20cm_Conference_Door,1.41,1.28,-1.46
120.566,0,Wall_3mx20cm_Conference_Door,1.41,1.23,-1.46
120.608,0,Wall_3mx20cm_Conference_Door,1.41,1.15,-1.47
120.636,0,Wall_3mx20cm_Conference_Door,1.41,1.08,-1.47
120.678,0,Wall_3mx20cm_Conference_Door,1.41,1.05,-1.48
120.706,0,Wall_3mx20cm_Conference_Door,1.41,1.05,-1.48
120.733,0,Wall_3mx20cm_Conference_Door,1.41,1.05,-1.49
120.775,0,Wall_3mx20cm_Conference_Door,1.41,1.05,-1.48
120.803,0,Wall_3mx20cm_Conference_Door,1.41,1.09,-1.47
120.845,0,Wall_3mx20cm_Conference_Door,1.41,1.12,-1.46
120.873,0,Wall_3mx20cm_Conference_Door,1.41,1.13,-1.46
120.901,0,Wall_3mx20cm_Conference_Door,1.41,1.12,-1.46
120.943,0,Wall_3mx20cm_Conference_Door,1.41,1.10,-1.46
120.970,0,Wall_3mx20cm_Conference_Door,1.41,1.09,-1.45
121.012,0,Wall_3mx20cm_Conference_Door,1.41,1.09,-1.44
121.040,0,Wall_3mx20cm_Conference_Door,1.41,1.10,-1.44
121.068,0,Wall_3mx20cm_Conference_Door,1.41,1.11,-1.45
121.110,0,Wall_3mx20cm_Conference_Door,1.41,1.15,-1.47
121.137,0,Wall_3mx20cm_Conference_Door,1.41,1.18,-1.48
121.166,0,Wall_3mx20cm_Conference_Door,1.41,1.20,-1.49
121.207,0,Wall_3mx20cm_Conference_Door,1.41,1.22,-1.51
121.235,0,Wall_3mx20cm_Conference_Door,1.41,1.24,-1.50
121.277,0,Wall_3mx20cm_Conference_Door,1.41,1.26,-1.49
121.305,0,Wall_3mx20cm_Conference_Door,1.41,1.27,-1.49
121.332,0,Wall_3mx20cm_Conference_Door,1.41,1.27,-1.47
121.374,0,Wall_3mx20cm_Conference_Door,1.41,1.26,-1.45
121.402,0,Wall_3mx20cm_Conference_Door,1.41,1.26,-1.44
121.444,0,Wall_3mx20cm_Conference_Door,1.41,1.27,-1.42
121.471,0,Wall_3mx20cm_Conference_Door,1.41,1.26,-1.41
121.499,0,Wall_3mx20cm_Conference_Door,1.41,1.25,-1.40
121.541,0,Wall_3mx20cm_Conference_Door,1.41,1.26,-1.39
121.569,0,Wall_3mx20cm_Conference_Door,1.41,1.25,-1.39
121.610,0,Wall_3mx20cm_Conference_Door,1.41,1.26,-1.39
121.638,0,Wall_3mx20cm_Conference_Door,1.41,1.27,-1.38
121.666,0,Wall_3mx20cm_Conference_Door,1.41,1.27,-1.38
121.708,0,Wall_3mx20cm_Conference_Door,1.41,1.29,-1.38
121.736,0,Wall_3mx20cm_Conference_Door,1.41,1.29,-1.38
121.778,0,Wall_3mx20cm_Conference_Door,1.41,1.30,-1.39
121.805,0,Wall_3mx20cm_Conference_Door,1.41,1.31,-1.39
121.833,0,Wall_3mx20cm_Conference_Door,1.41,1.31,-1.39
121.875,0,Wall_3mx20cm_Conference_Door,1.41,1.31,-1.40
121.903,0,Wall_3mx20cm_Conference_Door,1.41,1.31,-1.40
121.945,0,Wall_3mx20cm_Conference_Door,1.41,1.31,-1.40
121.973,0,Wall_3mx20cm_Conference_Door,1.41,1.31,-1.40
122.000,0,Wall_3mx20cm_Conference_Door,1.41,1.32,-1.40
122.042,0,Wall_3mx20cm_Conference_Door,1.41,1.33,-1.40
122.070,0,Wall_3mx20cm_Conference_Door,1.41,1.34,-1.39
122.112,0,Wall_3mx20cm_Conference_Door,1.41,1.34,-1.38
122.140,0,Wall_3mx20cm_Conference_Door,1.41,1.35,-1.38
122.168,0,Wall_3mx20cm_Conference_Door,1.41,1.35,-1.37
122.210,0,Wall_3mx20cm_Conference_Door,1.41,1.36,-1.37
122.238,0,Wall_3mx20cm_Conference_Door,1.41,1.37,-1.37
122.266,0,Wall_3mx20cm_Conference_Door,1.41,1.37,-1.37
122.307,0,Wall_3mx20cm_Conference_Door,1.41,1.37,-1.37
122.334,0,Wall_3mx20cm_Conference_Door,1.41,1.37,-1.37
122.376,0,Wall_3mx20cm_Conference_Door,1.41,1.37,-1.38
122.404,0,Wall_3mx20cm_Conference_Door,1.41,1.38,-1.38
122.432,0,Wall_3mx20cm_Conference_Door,1.41,1.38,-1.38
122.473,0,Wall_3mx20cm_Conference_Door,1.41,1.38,-1.38
122.501,0,Wall_3mx20cm_Conference_Door,1.41,1.39,-1.38
122.543,0,Wall_3mx20cm_Conference_Door,1.41,1.40,-1.37
122.571,0,Wall_3mx20cm_Conference_Door,1.41,1.40,-1.37
122.599,0,Wall_3mx20cm_Conference_Door,1.41,1.41,-1.37
122.640,0,Wall_3mx20cm_Conference_Door,1.41,1.42,-1.36
122.668,0,Wall_3mx20cm_Conference_Door,1.41,1.42,-1.35
122.710,0,Wall_3mx20cm_Conference_Door,1.41,1.43,-1.34
122.738,0,Wall_3mx20cm_Conference_Door,1.41,1.43,-1.34
122.766,0,Wall_3mx20cm_Conference_Door,1.41,1.43,-1.34
122.807,0,Wall_3mx20cm_Conference_Door,1.41,1.43,-1.34
122.836,0,Wall_3mx20cm_Conference_Door,1.41,1.44,-1.34
122.877,0,Wall_3mx20cm_Conference_Door,1.41,1.45,-1.34
122.905,0,Wall_3mx20cm_Conference_Door,1.41,1.45,-1.34
122.933,0,Wall_3mx20cm_Conference_Door,1.41,1.45,-1.33
122.975,0,Wall_3mx20cm_Conference_Door,1.41,1.44,-1.33
123.003,0,Wall_3mx20cm_Conference_Door,1.41,1.44,-1.33
123.044,0,Wall_3mx20cm_Conference_Door,1.41,1.43,-1.33
123.072,0,Wall_3mx20cm_Conference_Door,1.41,1.43,-1.34
123.100,0,Wall_3mx20cm_Conference_Door,1.41,1.43,-1.34
123.142,0,Wall_3mx20cm_Conference_Door,1.41,1.43,-1.34
123.170,0,Wall_3mx20cm_Conference_Door,1.41,1.42,-1.34
123.211,0,Wall_3mx20cm_Conference_Door,1.41,1.42,-1.33
123.239,0,Wall_3mx20cm_Conference_Door,1.41,1.42,-1.32
123.267,0,Wall_3mx20cm_Conference_Door,1.41,1.42,-1.32
123.309,0,Wall_3mx20cm_Conference_Door,1.41,1.43,-1.32
123.337,0,Wall_3mx20cm_Conference_Door,1.41,1.43,-1.32
123.378,0,Wall_3mx20cm_Conference_Door,1.41,1.43,-1.32
123.407,0,Wall_3mx20cm_Conference_Door,1.41,1.43,-1.31
123.434,0,Wall_3mx20cm_Conference_Door,1.41,1.44,-1.32
123.476,0,Wall_3mx20cm_Conference_Door,1.41,1.46,-1.31
123.504,0,Wall_3mx20cm_Conference_Door,1.41,1.46,-1.31
123.532,0,Wall_3mx20cm_Conference_Door,1.41,1.45,-1.31
123.573,0,Wall_3mx20cm_Conference_Door,1.41,1.45,-1.30
123.601,0,Wall_3mx20cm_Conference_Door,1.41,1.46,-1.30
123.643,0,Wall_3mx20cm_Conference_Door,1.41,1.45,-1.30
123.671,0,Wall_3mx20cm_Conference_Door,1.41,1.45,-1.31
123.699,0,Wall_3mx20cm_Conference_Door,1.41,1.44,-1.31
123.741,0,Wall_3mx20cm_Conference_Door,1.41,1.44,-1.32
123.768,0,Wall_3mx20cm_Conference_Door,1.41,1.43,-1.32
123.810,0,Wall_3mx20cm_Conference_Door,1.41,1.43,-1.32
123.839,0,Wall_3mx20cm_Conference_Door,1.41,1.43,-1.32
123.866,0,Wall_3mx20cm_Conference_Door,1.41,1.43,-1.32
123.908,0,Wall_3mx20cm_Conference_Door,1.41,1.43,-1.32
123.935,0,Wall_3mx20cm_Conference_Door,1.41,1.43,-1.32
123.977,0,Wall_3mx20cm_Conference_Door,1.41,1.43,-1.33
124.005,0,Wall_3mx20cm_Conference_Door,1.41,1.43,-1.34
124.033,0,Wall_3mx20cm_Conference_Door,1.41,1.42,-1.33
124.075,0,Wall_3mx20cm_Conference_Door,1.41,1.42,-1.33
124.102,0,Wall_3mx20cm_Conference_Door,1.41,1.43,-1.32
124.144,0,Wall_3mx20cm_Conference_Door,1.41,1.43,-1.32
124.173,0,Wall_3mx20cm_Conference_Door,1.41,1.44,-1.32
124.200,0,Wall_3mx20cm_Conference_Door,1.41,1.44,-1.32
124.243,0,Wall_3mx20cm_Conference_Door,1.41,1.45,-1.32
124.270,0,Wall_3mx20cm_Conference_Door,1.41,1.46,-1.33
124.312,0,Wall_3mx20cm_Conference_Door,1.41,1.46,-1.32
124.340,0,Wall_3mx20cm_Conference_Door,1.41,1.47,-1.32
124.368,0,Wall_3mx20cm_Conference_Door,1.41,1.47,-1.32
124.408,0,Wall_3mx20cm_Conference_Door,1.41,1.46,-1.32
124.437,0,Wall_3mx20cm_Conference_Door,1.41,1.46,-1.31
124.479,0,Wall_3mx20cm_Conference_Door,1.41,1.46,-1.31
124.506,0,Wall_3mx20cm_Conference_Door,1.41,1.46,-1.31
124.534,0,Wall_3mx20cm_Conference_Door,1.41,1.46,-1.31
124.576,0,Wall_3mx20cm_Conference_Door,1.41,1.47,-1.31
124.604,0,Wall_3mx20cm_Conference_Door,1.41,1.47,-1.31
124.645,0,Wall_3mx20cm_Conference_Door,1.41,1.47,-1.31
124.673,0,Wall_3mx20cm_Conference_Door,1.41,1.47,-1.31
124.701,0,Wall_3mx20cm_Conference_Door,1.41,1.48,-1.31
124.743,0,Wall_3mx20cm_Conference_Door,1.41,1.48,-1.30
124.771,0,Wall_3mx20cm_Conference_Door,1.41,1.48,-1.30
124.815,0,Wall_3mx20cm_Conference_Door,1.41,1.48,-1.30
124.840,0,Wall_3mx20cm_Conference_Door,1.41,1.48,-1.30
124.869,0,Wall_3mx20cm_Conference_Door,1.41,1.49,-1.30
124.910,0,Wall_3mx20cm_Conference_Door,1.41,1.49,-1.29
124.938,0,Wall_3mx20cm_Conference_Door,1.41,1.49,-1.29
124.966,0,Wall_3mx20cm_Conference_Door,1.41,1.50,-1.29
125.008,0,Wall_3mx20cm_Conference_Door,1.41,1.50,-1.29
125.035,0,Wall_3mx20cm_Conference_Door,1.41,1.50,-1.29
125.077,0,Wall_3mx20cm_Conference_Door,1.41,1.51,-1.29
125.105,0,Wall_3mx20cm_Conference_Door,1.41,1.51,-1.29
125.133,0,Wall_3mx20cm_Conference_Door,1.41,1.51,-1.29
125.174,0,Wall_3mx20cm_Conference_Door,1.41,1.50,-1.29
125.203,0,Wall_3mx20cm_Conference_Door,1.41,1.50,-1.30
125.244,0,Wall_3mx20cm_Conference_Door,1.41,1.50,-1.30
125.272,0,Wall_3mx20cm_Conference_Door,1.41,1.50,-1.30
125.300,0,Wall_3mx20cm_Conference_Door,1.41,1.50,-1.30
125.342,0,Wall_3mx20cm_Conference_Door,1.41,1.49,-1.30
125.370,0,Wall_3mx20cm_Conference_Door,1.41,1.48,-1.30
125.411,0,Wall_3mx20cm_Conference_Door,1.41,1.47,-1.29
125.440,0,Wall_3mx20cm_Conference_Door,1.41,1.47,-1.29
125.467,0,Wall_3mx20cm_Conference_Door,1.41,1.47,-1.29
125.509,0,Wall_3mx20cm_Conference_Door,1.41,1.46,-1.29
125.536,0,Wall_3mx20cm_Conference_Door,1.41,1.45,-1.29
125.578,0,Wall_3mx20cm_Conference_Door,1.41,1.45,-1.28
125.606,0,Wall_3mx20cm_Conference_Door,1.41,1.45,-1.28
125.634,0,Wall_3mx20cm_Conference_Door,1.41,1.45,-1.28
125.675,0,Wall_3mx20cm_Conference_Door,1.41,1.45,-1.27
125.703,0,Wall_3mx20cm_Conference_Door,1.41,1.45,-1.27
125.745,0,Wall_3mx20cm_Conference_Door,1.41,1.45,-1.27
125.773,0,Wall_3mx20cm_Conference_Door,1.41,1.45,-1.27
125.801,0,Wall_3mx20cm_Conference_Door,1.41,1.45,-1.27
125.843,0,Wall_3mx20cm_Conference_Door,1.41,1.45,-1.28
125.870,0,Wall_3mx20cm_Conference_Door,1.41,1.45,-1.29
125.899,0,Wall_3mx20cm_Conference_Door,1.41,1.45,-1.30
125.940,0,Wall_3mx20cm_Conference_Door,1.41,1.44,-1.32
125.968,0,Wall_3mx20cm_Conference_Door,1.41,1.44,-1.33
126.010,0,Wall_3mx20cm_Conference_Door,1.41,1.44,-1.33
126.038,0,Wall_3mx20cm_Conference_Door,1.41,1.45,-1.34
126.065,0,Wall_3mx20cm_Conference_Door,1.41,1.45,-1.34
126.107,0,Wall_3mx20cm_Conference_Door,1.41,1.46,-1.33
126.135,0,Wall_3mx20cm_Conference_Door,1.41,1.48,-1.32
126.177,0,Wall_3mx20cm_Conference_Door,1.41,1.50,-1.32
126.205,0,Ceiling_log_3m (20),1.44,1.50,-1.32
126.232,0,Ceiling_log_3m (20),1.47,1.50,-1.32
126.274,0,Ceiling_log_3m (20),1.50,1.50,-1.31
126.302,0,Ceiling_log_3m (20),1.52,1.50,-1.31
126.344,0,Ceiling_log_3m (20),1.52,1.51,-1.29
126.373,0,Ceiling_log_3m (20),1.52,1.51,-1.27
126.402,0,Ceiling_log_3m (20),1.52,1.52,-1.26
126.442,0,Ceiling_log_3m (20),1.52,1.53,-1.23
126.470,0,Ceiling_log_3m (20),1.52,1.53,-1.22
126.511,0,Ceiling_log_3m (20),1.52,1.54,-1.20
126.539,0,Ceiling_log_3m (20),1.52,1.55,-1.20
126.566,0,Ceiling_log_3m (20),1.52,1.56,-1.20
126.608,0,Ceiling_log_3m (20),1.52,1.57,-1.19
126.636,0,Ceiling_log_3m (20),1.52,1.58,-1.19
126.678,0,Ceiling_log_3m (20),1.52,1.59,-1.19
126.705,0,Ceiling_log_3m (20),1.52,1.59,-1.19
126.733,0,Ceiling_log_3m (20),1.52,1.59,-1.18
126.775,0,Ceiling_log_3m (20),1.52,1.59,-1.18
126.802,0,Ceiling_log_3m (20),1.52,1.60,-1.18
126.844,0,Ceiling_log_3m (20),1.52,1.61,-1.18
126.872,0,Ceiling_log_3m (20),1.52,1.61,-1.19
126.900,0,Ceiling_log_3m (20),1.52,1.61,-1.19
126.942,0,Ceiling_log_3m (20),1.52,1.62,-1.18
126.969,0,Ceiling_log_3m (20),1.52,1.62,-1.17
127.011,0,Ceiling_log_3m (20),1.52,1.62,-1.16
127.039,0,Ceiling_log_3m (20),1.52,1.62,-1.16
127.067,0,Ceiling_log_3m (20),1.52,1.61,-1.16
127.109,0,Ceiling_log_3m (20),1.52,1.59,-1.16
127.137,0,Ceiling_log_3m (20),1.52,1.58,-1.16
127.179,0,Ceiling_log_3m (20),1.52,1.56,-1.16
127.207,0,Ceiling_log_3m (20),1.52,1.56,-1.16
127.234,0,Ceiling_log_3m (20),1.52,1.56,-1.16
127.277,0,Ceiling_log_3m (20),1.52,1.55,-1.16
127.304,0,Ceiling_log_3m (20),1.52,1.54,-1.16
127.332,0,Ceiling_log_3m (20),1.52,1.53,-1.15
127.374,0,Ceiling_log_3m (20),1.52,1.53,-1.15
127.402,0,Ceiling_log_3m (20),1.52,1.52,-1.15
127.444,0,Ceiling_log_3m (20),1.52,1.52,-1.15
127.471,0,Ceiling_log_3m (20),1.52,1.51,-1.15
127.513,0,Ceiling_log_3m (20),1.52,1.51,-1.16
127.541,0,Ceiling_log_3m (20),1.52,1.51,-1.17
127.569,0,Ceiling_log_3m (20),1.52,1.51,-1.17
127.611,0,Ceiling_log_3m (20),1.52,1.52,-1.17
127.639,0,Ceiling_log_3m (20),1.52,1.52,-1.18
127.667,0,Ceiling_log_3m (20),1.52,1.52,-1.18
127.708,0,Ceiling_log_3m (20),1.52,1.53,-1.19
127.736,0,Ceiling_log_3m (20),1.52,1.53,-1.19
127.777,0,Ceiling_log_3m (20),1.52,1.53,-1.20
127.806,0,Ceiling_log_3m (20),1.52,1.53,-1.21
127.833,0,Ceiling_log_3m (20),1.52,1.53,-1.22
127.875,0,Ceiling_log_3m (20),1.52,1.53,-1.22
127.903,0,Ceiling_log_3m (20),1.52,1.53,-1.21
127.945,0,Ceiling_log_3m (20),1.52,1.54,-1.21
127.973,0,Ceiling_log_3m (20),1.52,1.55,-1.21
128.001,0,Ceiling_log_3m (20),1.52,1.55,-1.21
128.043,0,Ceiling_log_3m (20),1.52,1.55,-1.21
128.070,0,Ceiling_log_3m (20),1.52,1.54,-1.22
128.112,0,Ceiling_log_3m (20),1.52,1.54,-1.21
128.139,0,Ceiling_log_3m (20),1.52,1.54,-1.21
128.167,0,Ceiling_log_3m (20),1.52,1.54,-1.21
128.209,0,Ceiling_log_3m (20),1.52,1.52,-1.20
128.238,0,Ceiling_log_3m (20),1.52,1.51,-1.20
128.279,0,Ceiling_log_3m (20),1.52,1.51,-1.19
128.307,0,Ceiling_log_3m (20),1.52,1.51,-1.19
128.335,0,Ceiling_log_3m (20),1.52,1.51,-1.19
128.376,0,Ceiling_log_3m (20),1.52,1.51,-1.18
128.405,0,Ceiling_log_3m (20),1.52,1.51,-1.18
128.446,0,Ceiling_log_3m (20),1.52,1.51,-1.18
128.474,0,Ceiling_log_3m (20),1.52,1.51,-1.17
128.502,0,Ceiling_log_3m (20),1.52,1.51,-1.17
128.543,0,Ceiling_log_3m (20),1.50,1.50,-1.17
128.572,0,Ceiling_log_3m (20),1.49,1.50,-1.16
128.599,0,Ceiling_log_3m (20),1.48,1.50,-1.16
128.641,0,Ceiling_log_3m (20),1.49,1.50,-1.17
128.669,0,Ceiling_log_3m (20),1.50,1.50,-1.18
128.710,0,Ceiling_log_3m (20),1.49,1.50,-1.19
128.738,0,Ceiling_log_3m (20),1.49,1.50,-1.19
128.766,0,Ceiling_log_3m (20),1.51,1.50,-1.20
128.808,0,Ceiling_log_3m (20),1.52,1.51,-1.20
128.836,0,Ceiling_log_3m (20),1.52,1.52,-1.19
128.878,0,Ceiling_log_3m (20),1.52,1.52,-1.20
128.905,0,Ceiling_log_3m (20),1.52,1.52,-1.19
128.933,0,Ceiling_log_3m (20),1.52,1.53,-1.19
128.975,0,Ceiling_log_3m (20),1.52,1.53,-1.19
129.003,0,Ceiling_log_3m (20),1.52,1.53,-1.18
129.044,0,Ceiling_log_3m (20),1.52,1.54,-1.17
129.074,0,Ceiling_log_3m (20),1.52,1.54,-1.17
129.101,0,Ceiling_log_3m (20),1.52,1.55,-1.18
129.142,0,Ceiling_log_3m (20),1.52,1.54,-1.19
129.170,0,Ceiling_log_3m (20),1.52,1.53,-1.20
129.211,0,Ceiling_log_3m (20),1.52,1.52,-1.19
129.239,0,Ceiling_log_3m (20),1.52,1.52,-1.19
129.267,0,Ceiling_log_3m (20),1.52,1.52,-1.19
129.308,0,Ceiling_log_3m (20),1.52,1.52,-1.20
129.336,0,Ceiling_log_3m (20),1.52,1.53,-1.21
129.378,0,Ceiling_log_3m (20),1.52,1.53,-1.22
129.406,0,Ceiling_log_3m (20),1.52,1.54,-1.22
129.434,0,Ceiling_log_3m (20),1.52,1.55,-1.21
129.476,0,Ceiling_log_3m (20),1.52,1.55,-1.20
129.503,0,Ceiling_log_3m (20),1.52,1.55,-1.19
129.545,0,Ceiling_log_3m (20),1.52,1.54,-1.19
129.573,0,Ceiling_log_3m (20),1.52,1.54,-1.19
129.602,0,Ceiling_log_3m (20),1.52,1.54,-1.19
129.643,0,Ceiling_log_3m (20),1.52,1.54,-1.19
129.671,0,Ceiling_log_3m (20),1.52,1.54,-1.20
129.699,0,Ceiling_log_3m (20),1.52,1.53,-1.20
129.740,0,Ceiling_log_3m (20),1.52,1.54,-1.21
129.768,0,Ceiling_log_3m (20),1.52,1.54,-1.21
129.810,0,Ceiling_log_3m (20),1.52,1.53,-1.22
129.838,0,Ceiling_log_3m (20),1.52,1.53,-1.23
129.866,0,Ceiling_log_3m (20),1.52,1.53,-1.23
129.907,0,Ceiling_log_3m (20),1.52,1.52,-1.22
129.936,0,Ceiling_log_3m (20),1.52,1.51,-1.21
129.977,0,Ceiling_log_3m (20),1.52,1.50,-1.19
130.005,0,Ceiling_log_3m (20),1.52,1.51,-1.19
130.033,0,Ceiling_log_3m (20),1.52,1.51,-1.19
130.075,0,Ceiling_log_3m (20),1.52,1.53,-1.20
130.102,0,Ceiling_log_3m (20),1.52,1.53,-1.21
130.144,0,Ceiling_log_3m (20),1.52,1.53,-1.23
130.172,0,Ceiling_log_3m (20),1.52,1.53,-1.22
130.200,0,Ceiling_log_3m (20),1.52,1.54,-1.21
130.241,0,Ceiling_log_3m (20),1.52,1.54,-1.21
130.269,0,Ceiling_log_3m (20),1.52,1.53,-1.20
130.311,0,Ceiling_log_3m (20),1.52,1.53,-1.20
130.339,0,Ceiling_log_3m (20),1.52,1.53,-1.21
130.367,0,Ceiling_log_3m (20),1.52,1.55,-1.22
130.409,0,Ceiling_log_3m (20),1.52,1.56,-1.22
130.436,0,Ceiling_log_3m (20),1.52,1.56,-1.23
130.479,0,Ceiling_log_3m (20),1.52,1.56,-1.23
130.506,0,Ceiling_log_3m (20),1.52,1.57,-1.23
130.534,0,Ceiling_log_3m (20),1.52,1.57,-1.23
130.576,0,Ceiling_log_3m (20),1.52,1.58,-1.24
130.604,0,Ceiling_log_3m (20),1.52,1.58,-1.24
130.645,0,Ceiling_log_3m (20),1.52,1.59,-1.25
130.674,0,Ceiling_log_3m (20),1.52,1.60,-1.25
130.702,0,Ceiling_log_3m (20),1.52,1.60,-1.25
130.743,0,Ceiling_log_3m (20),1.52,1.60,-1.26
130.771,0,Ceiling_log_3m (20),1.52,1.61,-1.26
130.812,0,Ceiling_log_3m (20),1.52,1.60,-1.26
130.841,0,Ceiling_log_3m (20),1.52,1.61,-1.26
130.869,0,Ceiling_log_3m (20),1.52,1.61,-1.27
130.910,0,Ceiling_log_3m (20),1.52,1.62,-1.27
130.938,0,Ceiling_log_3m (20),1.52,1.63,-1.29
130.966,0,Ceiling_log_3m (20),1.52,1.63,-1.30
131.008,0,Ceiling_log_3m (20),1.52,1.61,-1.34
131.036,0,Ceiling_log_3m (20),1.52,1.60,-1.37
131.077,0,Ceiling_log_3m (20),1.52,1.59,-1.44
131.105,0,Ceiling_log_3m (20),1.52,1.58,-1.48
131.133,0,Ceiling_log_3m (20),1.52,1.58,-1.51
131.175,0,Ceiling_log_3m (20),1.52,1.58,-1.56
131.203,0,Ceiling_log_3m (20),1.52,1.59,-1.57
131.245,0,Ceiling_log_3m (20),1.52,1.61,-1.59
131.272,0,Ceiling_log_3m (20),1.52,1.63,-1.58
131.300,0,Ceiling_log_3m (20),1.52,1.64,-1.58
131.342,0,Ceiling_log_3m (20),1.52,1.67,-1.57
131.370,0,Ceiling_log_3m (20),1.52,1.68,-1.56
131.411,0,Ceiling_3x3m (6),1.55,1.70,-1.55
131.440,0,Ceiling_3x3m (6),1.57,1.70,-1.55
131.468,0,Ceiling_3x3m (6),1.57,1.70,-1.55
131.510,0,Ceiling_3x3m (6),1.56,1.70,-1.55
131.537,0,Ceiling_3x3m (6),1.55,1.70,-1.55
131.579,0,Ceiling_3x3m (6),1.53,1.70,-1.56
131.607,0,Ceiling_log_3m (20),1.52,1.70,-1.56
131.634,0,Ceiling_3x3m (6),1.53,1.70,-1.56
131.675,0,Ceiling_3x3m (6),1.55,1.70,-1.55
131.704,0,Ceiling_3x3m (6),1.56,1.70,-1.54
131.746,0,Ceiling_3x3m (6),1.58,1.70,-1.53
131.773,0,Ceiling_3x3m (6),1.59,1.70,-1.53
131.801,0,Ceiling_3x3m (6),1.60,1.70,-1.53
131.843,0,Ceiling_3x3m (6),1.60,1.70,-1.52
131.871,0,Ceiling_3x3m (6),1.60,1.70,-1.52
131.913,0,Ceiling_3x3m (6),1.58,1.70,-1.51
131.941,0,Ceiling_3x3m (6),1.57,1.70,-1.51
131.968,0,Ceiling_3x3m (6),1.55,1.70,-1.52
132.010,0,Ceiling_log_3m (20),1.52,1.69,-1.52
132.039,0,Ceiling_log_3m (20),1.52,1.67,-1.52
132.066,0,Ceiling_log_3m (20),1.52,1.65,-1.51
132.108,0,Ceiling_log_3m (20),1.52,1.62,-1.50
132.136,0,Ceiling_log_3m (20),1.52,1.61,-1.49
132.177,0,Ceiling_log_3m (20),1.52,1.58,-1.47
132.205,0,Ceiling_log_3m (20),1.52,1.56,-1.45
132.247,0,Ceiling_log_3m (20),1.52,1.55,-1.43
132.274,0,Ceiling_log_3m (20),1.52,1.54,-1.41
132.303,0,Ceiling_log_3m (20),1.52,1.54,-1.39
132.344,0,Ceiling_log_3m (20),1.52,1.56,-1.38
132.372,0,Ceiling_log_3m (20),1.52,1.57,-1.37
132.400,0,Ceiling_log_3m (20),1.52,1.58,-1.37
132.441,0,Ceiling_log_3m (20),1.52,1.59,-1.36
132.469,0,Ceiling_log_3m (20),1.52,1.60,-1.35
132.511,0,Ceiling_log_3m (20),1.52,1.61,-1.32
132.539,0,Ceiling_log_3m (20),1.52,1.62,-1.31
132.567,0,Ceiling_log_3m (20),1.52,1.63,-1.29
132.608,0,Ceiling_log_3m (20),1.52,1.64,-1.26
132.636,0,Ceiling_log_3m (20),1.52,1.65,-1.24
132.679,0,Ceiling_log_3m (20),1.52,1.65,-1.22
132.706,0,Ceiling_log_3m (20),1.52,1.66,-1.22
132.734,0,Ceiling_log_3m (20),1.52,1.66,-1.22
132.775,0,Ceiling_log_3m (20),1.52,1.68,-1.22
132.803,0,Ceiling_log_3m (20),1.52,1.69,-1.22
132.846,0,Ceiling_3x3m (6),1.53,1.70,-1.22
132.873,0,Ceiling_3x3m (6),1.53,1.70,-1.22
132.901,0,Ceiling_log_3m (20),1.52,1.69,-1.22
132.942,0,Ceiling_log_3m (20),1.52,1.69,-1.22
132.970,0,Ceiling_log_3m (20),1.52,1.69,-1.22
133.012,0,Ceiling_log_3m (20),1.52,1.68,-1.21
133.040,0,Ceiling_log_3m (20),1.52,1.68,-1.21
133.068,0,Ceiling_log_3m (20),1.52,1.69,-1.20
133.110,0,Ceiling_3x3m (6),1.53,1.70,-1.19
133.138,0,Ceiling_3x3m (6),1.56,1.70,-1.20
133.179,0,Ceiling_3x3m (6),1.58,1.70,-1.20
133.207,0,Ceiling_3x3m (6),1.59,1.70,-1.21
133.235,0,Ceiling_3x3m (6),1.60,1.70,-1.22
133.277,0,Ceiling_3x3m (6),1.61,1.70,-1.22
133.305,0,Ceiling_3x3m (6),1.62,1.70,-1.23
133.346,0,Ceiling_3x3m (6),1.63,1.70,-1.23
133.376,0,Ceiling_3x3m (6),1.63,1.70,-1.23
133.402,0,Ceiling_3x3m (6),1.63,1.70,-1.23
133.444,0,Ceiling_3x3m (6),1.63,1.70,-1.22
133.472,0,Ceiling_3x3m (6),1.64,1.70,-1.21
133.500,0,Ceiling_3x3m (6),1.65,1.70,-1.20
133.542,0,Ceiling_3x3m (6),1.66,1.70,-1.19
133.569,0,Ceiling_3x3m (6),1.66,1.70,-1.19
133.611,0,Ceiling_3x3m (6),1.68,1.70,-1.19
133.639,0,Ceiling_3x3m (6),1.68,1.70,-1.18
133.668,0,Ceiling_3x3m (6),1.67,1.70,-1.18
133.709,0,Ceiling_3x3m (6),1.67,1.70,-1.18
133.737,0,Ceiling_3x3m (6),1.67,1.70,-1.18
133.778,0,Ceiling_3x3m (6),1.66,1.70,-1.19
133.808,0,Ceiling_3x3m (6),1.65,1.70,-1.19
133.834,0,Ceiling_3x3m (6),1.65,1.70,-1.19
133.875,0,Ceiling_3x3m (6),1.65,1.70,-1.19
133.903,0,Ceiling_3x3m (6),1.65,1.70,-1.18
133.946,0,Ceiling_3x3m (6),1.65,1.70,-1.17
133.973,0,Ceiling_3x3m (6),1.66,1.70,-1.17
134.001,0,Ceiling_3x3m (6),1.68,1.70,-1.18
134.043,0,Ceiling_3x3m (6),1.69,1.70,-1.19
134.071,0,Ceiling_3x3m (6),1.70,1.70,-1.19
134.112,0,Ceiling_3x3m (6),1.71,1.70,-1.20
134.141,0,Ceiling_3x3m (6),1.71,1.70,-1.20
134.168,0,Ceiling_3x3m (6),1.72,1.70,-1.20
134.209,0,Ceiling_3x3m (6),1.73,1.70,-1.20
134.237,0,Ceiling_3x3m (6),1.74,1.70,-1.20
134.280,0,Ceiling_3x3m (6),1.73,1.70,-1.19
134.307,0,Ceiling_3x3m (6),1.72,1.70,-1.19
134.335,0,Ceiling_3x3m (6),1.71,1.70,-1.19
134.377,0,Ceiling_3x3m (6),1.68,1.70,-1.18
134.404,0,Ceiling_3x3m (6),1.66,1.70,-1.18
134.446,0,Ceiling_3x3m (6),1.64,1.70,-1.17
134.474,0,Ceiling_3x3m (6),1.62,1.70,-1.16
134.502,0,Ceiling_3x3m (6),1.61,1.70,-1.15
134.543,0,Ceiling_3x3m (6),1.58,1.70,-1.14
134.572,0,Ceiling_3x3m (6),1.57,1.70,-1.14
134.613,0,Ceiling_3x3m (6),1.56,1.70,-1.13
134.641,0,Ceiling_3x3m (6),1.55,1.70,-1.12
134.669,0,Ceiling_3x3m (6),1.54,1.70,-1.12
134.711,0,Ceiling_3x3m (6),1.53,1.70,-1.11
134.739,0,Ceiling_log_3m (20),1.52,1.69,-1.11
134.781,0,Ceiling_log_3m (20),1.52,1.67,-1.11
134.808,0,Ceiling_log_3m (20),1.52,1.67,-1.11
134.836,0,Ceiling_log_3m (20),1.52,1.68,-1.11
134.877,0,Ceiling_log_3m (20),1.52,1.69,-1.12
134.905,0,Ceiling_log_3m (20),1.52,1.69,-1.12
134.947,0,Ceiling_log_3m (20),1.52,1.69,-1.13
134.975,0,Ceiling_log_3m (20),1.52,1.69,-1.13
135.003,0,Ceiling_log_3m (20),1.52,1.69,-1.13
135.044,0,Ceiling_log_3m (20),1.52,1.69,-1.13
135.073,0,Ceiling_log_3m (20),1.52,1.69,-1.13
135.100,0,Ceiling_log_3m (20),1.52,1.69,-1.14
135.142,0,Ceiling_3x3m (6),1.53,1.70,-1.13
135.170,0,Ceiling_3x3m (6),1.54,1.70,-1.13
135.212,0,Ceiling_3x3m (6),1.56,1.70,-1.13
135.240,0,Ceiling_3x3m (6),1.56,1.70,-1.13
135.267,0,Ceiling_3x3m (6),1.56,1.70,-1.14
135.309,0,Ceiling_3x3m (6),1.56,1.70,-1.14
135.337,0,Ceiling_3x3m (6),1.56,1.70,-1.14
135.380,0,Ceiling_3x3m (6),1.56,1.70,-1.14
135.407,0,Ceiling_3x3m (6),1.57,1.70,-1.14
135.435,0,Ceiling_3x3m (6),1.57,1.70,-1.14
135.477,0,Ceiling_3x3m (6),1.57,1.70,-1.14
135.504,0,Ceiling_3x3m (6),1.59,1.70,-1.14
135.547,0,Ceiling_3x3m (6),1.59,1.70,-1.15
135.574,0,Ceiling_3x3m (6),1.60,1.70,-1.15
135.602,0,Ceiling_3x3m (6),1.63,1.70,-1.16
135.644,0,Ceiling_3x3m (6),1.61,1.70,-1.17
135.671,0,Ceiling_3x3m (6),1.63,1.70,-1.17
135.713,0,Ceiling_3x3m (6),1.62,1.70,-1.18
135.741,0,Ceiling_3x3m (6),1.71,1.70,-1.21
135.769,0,Ceiling_3x3m (6),1.75,1.70,-1.22
135.811,0,Ceiling_3x3m (6),1.77,1.70,-1.24
135.838,0,Ceiling_3x3m (6),1.76,1.70,-1.25
135.880,0,Ceiling_3x3m (6),1.81,1.70,-1.28
135.909,0,Ceiling_3x3m (6),1.86,1.70,-1.29
135.936,0,Ceiling_3x3m (6),1.90,1.70,-1.30
135.978,0,Ceiling_3x3m (6),1.95,1.70,-1.31
136.006,0,Ceiling_log_3m (21),2.37,1.50,-1.36
136.048,0,Ceiling_log_3m (21),2.40,1.50,-1.36
136.075,0,Ceiling_log_3m (21),2.43,1.50,-1.37
136.103,0,Ceiling_log_3m (21),2.41,1.50,-1.37
136.145,0,Ceiling_log_3m (21),2.39,1.50,-1.37
136.173,0,Ceiling_log_3m (21),2.39,1.50,-1.37
136.200,0,Ceiling_log_3m (21),2.40,1.50,-1.37
136.242,0,Ceiling_log_3m (21),2.40,1.50,-1.38
136.270,0,Ceiling_log_3m (21),2.39,1.50,-1.38
136.312,0,Ceiling_log_3m (21),2.36,1.50,-1.38
136.339,0,Ceiling_log_3m (21),2.36,1.50,-1.38
136.368,0,Ceiling_log_3m (21),2.37,1.50,-1.38
136.409,0,Ceiling_log_3m (21),2.40,1.50,-1.39
136.438,0,Ceiling_log_3m (21),2.41,1.50,-1.39
136.479,0,Ceiling_log_3m (21),2.42,1.50,-1.39
136.507,0,Ceiling_log_3m (21),2.39,1.50,-1.38
136.535,0,Ceiling_log_3m (21),2.39,1.50,-1.37
136.576,0,Ceiling_log_3m (21),2.41,1.50,-1.36
136.605,0,Ceiling_log_3m (21),2.42,1.50,-1.36
136.646,0,Ceiling_log_3m (21),2.42,1.50,-1.34
136.674,0,Ceiling_log_3m (21),2.43,1.50,-1.33
136.702,0,Ceiling_log_3m (21),2.42,1.50,-1.32
136.744,0,Ceiling_log_3m (21),2.45,1.50,-1.31
136.771,0,Ceiling_log_3m (21),2.46,1.51,-1.31
136.813,0,Ceiling_log_3m (21),2.45,1.50,-1.30
136.841,0,Ceiling_log_3m (21),2.46,1.51,-1.31
136.869,0,Ceiling_log_3m (21),2.46,1.51,-1.31
136.911,0,Ceiling_log_3m (21),2.46,1.51,-1.32
136.939,0,Ceiling_log_3m (21),2.46,1.51,-1.31
136.981,0,Ceiling_log_3m (21),2.45,1.50,-1.31
137.008,0,Ceiling_log_3m (21),2.46,1.51,-1.31
137.036,0,Ceiling_log_3m (21),2.45,1.50,-1.31
137.078,0,Ceiling_log_3m (21),2.45,1.50,-1.30
137.106,0,Ceiling_log_3m (21),2.46,1.50,-1.30
137.134,0,Ceiling_log_3m (21),2.46,1.53,-1.30
137.176,0,Ceiling_log_3m (21),2.46,1.53,-1.30
137.203,0,Ceiling_log_3m (21),2.46,1.53,-1.30
137.245,0,Ceiling_log_3m (21),2.46,1.55,-1.30
137.272,0,Ceiling_log_3m (21),2.46,1.56,-1.30
137.301,0,Ceiling_log_3m (21),2.46,1.55,-1.30
137.343,0,Ceiling_log_3m (21),2.46,1.58,-1.31
137.370,0,Ceiling_log_3m (21),2.46,1.61,-1.32
137.413,0,Ceiling_log_3m (21),2.46,1.62,-1.32
137.440,0,Ceiling_log_3m (21),2.46,1.61,-1.32
137.468,0,Ceiling_log_3m (21),2.46,1.60,-1.32
137.509,0,Ceiling_log_3m (21),2.46,1.62,-1.33
137.537,0,Ceiling_log_3m (21),2.46,1.64,-1.32
137.579,0,Ceiling_log_3m (21),2.46,1.62,-1.32
137.607,0,Ceiling_log_3m (21),2.46,1.62,-1.31
137.635,0,Ceiling_log_3m (21),2.46,1.63,-1.31
137.676,0,Ceiling_log_3m (21),2.46,1.62,-1.31
137.704,0,Ceiling_log_3m (21),2.46,1.62,-1.31
137.746,0,Ceiling_log_3m (21),2.46,1.64,-1.31
137.774,0,Ceiling_log_3m (21),2.46,1.65,-1.32
137.802,0,Ceiling_log_3m (21),2.46,1.67,-1.32
137.843,0,Ceiling_3x3m (6),2.49,1.70,-1.33
137.871,0,Ceiling_3x3m (6),2.54,1.70,-1.33
137.913,0,Ceiling_3x3m (6),2.56,1.70,-1.34
137.941,0,Ceiling_3x3m (6),2.56,1.70,-1.33
137.968,0,Ceiling_3x3m (6),2.55,1.70,-1.33
138.010,0,Ceiling_3x3m (6),2.53,1.70,-1.33
138.038,0,Ceiling_3x3m (6),2.53,1.70,-1.32
138.080,0,Ceiling_3x3m (6),2.53,1.70,-1.32
138.108,0,Ceiling_3x3m (6),2.52,1.70,-1.32
138.136,0,Ceiling_3x3m (6),2.52,1.70,-1.32
138.177,0,Ceiling_3x3m (6),2.54,1.70,-1.32
138.206,0,Ceiling_3x3m (6),2.54,1.70,-1.32
138.247,0,Ceiling_3x3m (6),2.53,1.70,-1.32
138.275,0,Ceiling_3x3m (6),2.52,1.70,-1.32
138.303,0,Ceiling_3x3m (6),2.49,1.70,-1.31
138.344,0,Ceiling_log_3m (21),2.46,1.65,-1.31
138.372,0,Ceiling_log_3m (21),2.46,1.66,-1.32
138.415,0,Ceiling_log_3m (21),2.46,1.66,-1.32
138.442,0,Ceiling_log_3m (21),2.46,1.69,-1.33
138.470,0,Ceiling_3x3m (6),2.51,1.70,-1.35
138.512,0,Ceiling_3x3m (6),2.55,1.70,-1.38
138.539,0,Ceiling_3x3m (6),2.55,1.70,-1.38
138.581,0,Ceiling_3x3m (6),2.57,1.70,-1.39
138.609,0,Ceiling_3x3m (6),2.62,1.70,-1.40
138.637,0,Ceiling_3x3m (6),2.65,1.70,-1.40
138.678,0,Ceiling_3x3m (6),2.67,1.70,-1.40
138.707,0,Ceiling_3x3m (6),2.65,1.70,-1.39
138.735,0,Ceiling_3x3m (6),2.58,1.70,-1.37
138.776,0,Ceiling_3x3m (6),2.59,1.70,-1.36
138.804,0,Ceiling_3x3m (6),2.64,1.70,-1.36
138.846,0,Ceiling_3x3m (6),2.66,1.70,-1.35
138.874,0,Ceiling_3x3m (6),2.68,1.70,-1.35
138.901,0,Ceiling_3x3m (6),2.71,1.70,-1.34
138.943,0,Ceiling_3x3m (6),2.71,1.70,-1.33
138.971,0,Ceiling_3x3m (6),2.72,1.70,-1.33
139.013,0,Ceiling_3x3m (6),2.75,1.70,-1.32
139.041,0,Ceiling_3x3m (6),2.74,1.70,-1.32
139.069,0,Ceiling_3x3m (6),2.73,1.70,-1.31
139.110,0,Ceiling_3x3m (6),2.71,1.70,-1.30
139.138,0,Ceiling_3x3m (6),2.68,1.70,-1.30
139.180,0,Ceiling_3x3m (6),2.68,1.70,-1.29
139.208,0,Ceiling_3x3m (6),2.69,1.70,-1.29
139.235,0,Ceiling_3x3m (6),2.72,1.70,-1.30
139.278,0,Ceiling_3x3m (6),2.74,1.70,-1.29
139.305,0,Ceiling_3x3m (6),2.74,1.70,-1.29
139.347,0,Ceiling_3x3m (6),2.73,1.70,-1.28
139.375,0,Ceiling_3x3m (6),2.71,1.70,-1.27
139.403,0,Ceiling_3x3m (6),2.70,1.70,-1.27
139.444,0,Ceiling_3x3m (6),2.71,1.70,-1.27
139.472,0,Ceiling_3x3m (6),2.70,1.70,-1.26
139.514,0,Ceiling_3x3m (6),2.63,1.70,-1.26
139.542,0,Ceiling_3x3m (6),2.62,1.70,-1.26
139.570,0,Ceiling_3x3m (6),2.63,1.70,-1.25
139.612,0,Ceiling_3x3m (6),2.61,1.70,-1.25
139.639,0,Ceiling_3x3m (6),2.60,1.70,-1.25
139.682,0,Ceiling_3x3m (6),2.60,1.70,-1.24
139.709,0,Ceiling_3x3m (6),2.61,1.70,-1.23
139.737,0,Ceiling_3x3m (6),2.62,1.70,-1.23
139.778,0,Ceiling_3x3m (6),2.62,1.70,-1.23
139.807,0,Ceiling_3x3m (6),2.62,1.70,-1.23
139.848,0,Ceiling_3x3m (6),2.61,1.70,-1.22
139.876,0,Ceiling_3x3m (6),2.60,1.70,-1.22
139.904,0,Ceiling_3x3m (6),2.60,1.70,-1.22
139.946,0,Ceiling_3x3m (6),2.64,1.70,-1.22
139.973,0,Ceiling_3x3m (6),2.66,1.70,-1.22
140.002,0,Ceiling_3x3m (6),2.66,1.70,-1.21
140.043,0,Ceiling_3x3m (6),2.68,1.70,-1.20
140.071,0,Ceiling_3x3m (6),2.68,1.70,-1.19
140.112,0,Ceiling_3x3m (6),2.69,1.70,-1.18
140.140,0,Ceiling_3x3m (6),2.68,1.70,-1.16
140.169,0,Ceiling_3x3m (6),2.67,1.70,-1.15
140.210,0,Ceiling_3x3m (6),2.62,1.70,-1.13
140.238,0,Ceiling_3x3m (6),2.64,1.70,-1.13
140.279,0,Ceiling_3x3m (6),2.68,1.70,-1.13
140.308,0,Ceiling_3x3m (6),2.69,1.70,-1.13
140.336,0,Ceiling_3x3m (6),2.69,1.70,-1.13
140.377,0,Ceiling_3x3m (6),2.64,1.70,-1.12
140.405,0,Ceiling_3x3m (6),2.63,1.70,-1.12
140.447,0,Ceiling_3x3m (6),2.61,1.70,-1.11
140.475,0,Ceiling_3x3m (6),2.61,1.70,-1.10
140.502,0,Ceiling_3x3m (7),2.59,1.70,-1.10
140.544,0,Ceiling_3x3m (6),2.58,1.70,-1.10
140.572,0,Ceiling_3x3m (6),2.59,1.70,-1.10
140.614,0,Ceiling_3x3m (6),2.57,1.70,-1.10
140.641,0,Ceiling_3x3m (6),2.58,1.70,-1.11
140.669,0,Ceiling_3x3m (6),2.61,1.70,-1.12
140.711,0,Ceiling_3x3m (6),2.62,1.70,-1.13
140.739,0,Ceiling_3x3m (6),2.62,1.70,-1.13
140.780,0,Ceiling_3x3m (6),2.56,1.70,-1.12
140.809,0,Ceiling_3x3m (6),2.53,1.70,-1.12
140.836,0,Ceiling_3x3m (6),2.49,1.70,-1.11
140.878,0,Ceiling_log_3m (21),2.46,1.69,-1.09
140.906,0,Ceiling_3x3m (6),2.46,1.70,-1.10
140.947,0,Ceiling_3x3m (6),2.51,1.70,-1.12
140.975,0,Ceiling_3x3m (6),2.48,1.70,-1.12
141.003,0,Ceiling_log_3m (21),2.46,1.68,-1.12
141.045,0,Ceiling_log_3m (21),2.46,1.67,-1.13
141.073,0,Ceiling_log_3m (21),2.46,1.67,-1.14
141.116,0,Ceiling_log_3m (21),2.46,1.66,-1.16
141.143,0,Ceiling_log_3m (21),2.46,1.66,-1.17
141.171,0,Ceiling_log_3m (21),2.46,1.66,-1.17
141.212,0,Ceiling_log_3m (21),2.46,1.67,-1.18
141.240,0,Ceiling_3x3m (6),2.47,1.70,-1.19
141.282,0,Ceiling_3x3m (6),2.49,1.70,-1.19
141.310,0,Ceiling_3x3m (6),2.50,1.70,-1.19
141.338,0,Ceiling_3x3m (6),2.52,1.70,-1.18
141.379,0,Ceiling_3x3m (6),2.55,1.70,-1.17
141.407,0,Ceiling_3x3m (6),2.56,1.70,-1.16
141.435,0,Ceiling_3x3m (6),2.56,1.70,-1.16
141.477,0,Ceiling_3x3m (6),2.52,1.70,-1.14
141.505,0,Ceiling_3x3m (6),2.52,1.70,-1.14
141.547,0,Ceiling_3x3m (6),2.53,1.70,-1.15
141.575,0,Ceiling_3x3m (6),2.52,1.70,-1.15
141.602,0,Ceiling_3x3m (6),2.50,1.70,-1.15
141.644,0,Ceiling_3x3m (6),2.53,1.70,-1.16
141.672,0,Ceiling_3x3m (6),2.53,1.70,-1.15
141.713,0,Ceiling_3x3m (6),2.52,1.70,-1.15
141.741,0,Ceiling_3x3m (6),2.51,1.70,-1.14
141.769,0,Ceiling_3x3m (6),2.49,1.70,-1.13
141.811,0,Ceiling_3x3m (6),2.51,1.70,-1.12
141.839,0,Ceiling_3x3m (6),2.49,1.70,-1.10
141.881,0,Ceiling_3x3m (7),2.51,1.70,-1.09
141.908,0,Ceiling_3x3m (7),2.52,1.70,-1.09
141.936,0,Ceiling_3x3m (7),2.50,1.70,-1.09
141.977,0,Ceiling_3x3m (7),2.49,1.70,-1.08
142.005,0,Ceiling_3x3m (7),2.47,1.70,-1.08
142.047,0,Ceiling_3x3m (7),2.49,1.70,-1.08
142.076,0,Ceiling_3x3m (7),2.48,1.70,-1.08
142.103,0,Ceiling_3x3m (7),2.47,1.70,-1.08
142.145,0,Ceiling_log_3m (21),2.46,1.70,-1.07
142.173,0,Ceiling_3x3m (7),2.46,1.70,-1.07
142.214,0,Ceiling_3x3m (7),2.50,1.70,-1.08
142.242,0,Ceiling_3x3m (7),2.53,1.70,-1.08
142.270,0,Ceiling_3x3m (7),2.57,1.70,-1.08
142.312,0,Ceiling_3x3m (7),2.61,1.70,-1.08
142.340,0,Ceiling_3x3m (7),2.61,1.70,-1.07
142.382,0,Ceiling_3x3m (7),2.59,1.70,-1.05
142.409,0,Ceiling_3x3m (7),2.60,1.70,-1.04
142.438,0,Ceiling_3x3m (7),2.61,1.70,-1.04
142.479,0,Ceiling_3x3m (7),2.61,1.70,-1.04
142.507,0,Ceiling_3x3m (7),2.60,1.70,-1.04
142.549,0,Ceiling_3x3m (7),2.58,1.70,-1.04
142.576,0,Ceiling_3x3m (7),2.59,1.70,-1.04
142.604,0,Ceiling_3x3m (7),2.60,1.70,-1.04
142.646,0,Ceiling_3x3m (7),2.62,1.70,-1.04
142.674,0,Ceiling_3x3m (7),2.63,1.70,-1.04
142.702,0,Ceiling_3x3m (7),2.62,1.70,-1.04
142.744,0,Ceiling_3x3m (7),2.62,1.70,-1.04
142.772,0,Ceiling_3x3m (7),2.60,1.70,-1.04
142.814,0,Ceiling_3x3m (7),2.61,1.70,-1.04
142.841,0,Ceiling_3x3m (7),2.59,1.70,-1.04
142.869,0,Ceiling_3x3m (7),2.62,1.70,-1.05
142.911,0,Ceiling_3x3m (7),2.66,1.70,-1.06
142.939,0,Ceiling_3x3m (7),2.67,1.70,-1.07
142.980,0,Ceiling_3x3m (7),2.72,1.70,-1.08
143.008,0,Ceiling_3x3m (7),2.69,1.70,-1.08
143.036,0,Ceiling_3x3m (7),2.67,1.70,-1.07
143.078,0,Ceiling_3x3m (7),2.67,1.70,-1.06
143.106,0,Ceiling_3x3m (7),2.61,1.70,-1.04
143.148,0,Ceiling_3x3m (7),2.54,1.70,-1.02
143.175,0,Ceiling_3x3m (7),2.51,1.70,-1.01
143.203,0,Ceiling_3x3m (7),2.55,1.70,-1.03
143.245,0,Ceiling_3x3m (7),2.54,1.70,-1.03
143.273,0,Ceiling_3x3m (7),2.55,1.70,-1.03
143.315,0,Ceiling_3x3m (7),2.60,1.70,-1.05
143.342,0,Ceiling_3x3m (7),2.60,1.70,-1.05
143.371,0,Ceiling_3x3m (7),2.64,1.70,-1.06
143.412,0,Ceiling_3x3m (7),2.65,1.70,-1.07
143.440,0,Ceiling_3x3m (7),2.67,1.70,-1.08
143.482,0,Ceiling_3x3m (7),2.65,1.70,-1.08
143.509,0,Ceiling_3x3m (7),2.65,1.70,-1.08
143.538,0,Ceiling_3x3m (7),2.61,1.70,-1.07
143.579,0,Ceiling_3x3m (7),2.63,1.70,-1.08
143.607,0,Ceiling_3x3m (6),2.65,1.70,-1.10
143.648,0,Ceiling_3x3m (6),2.63,1.70,-1.12
143.676,0,Ceiling_3x3m (6),2.63,1.70,-1.13
143.704,0,Ceiling_3x3m (6),2.66,1.70,-1.14
143.746,0,Ceiling_3x3m (6),2.66,1.70,-1.16
143.774,0,Ceiling_3x3m (6),2.63,1.70,-1.17
143.802,0,Ceiling_3x3m (6),2.58,1.70,-1.19
143.844,0,Ceiling_3x3m (6),2.56,1.70,-1.24
143.872,0,Ceiling_3x3m (6),2.52,1.70,-1.29
143.914,0,Ceiling_log_3m (21),2.46,1.67,-1.36
143.941,0,Ceiling_log_3m (21),2.46,1.62,-1.41
143.969,0,Ceiling_log_3m (21),2.46,1.57,-1.48
144.011,0,Ceiling_log_3m (21),2.46,1.51,-1.58
144.039,0,Ceiling_log_3m (21),2.41,1.50,-1.64
144.080,0,Ceiling_3x3m (6),1.98,1.70,-1.71
144.108,0,Ceiling_3x3m (6),1.92,1.70,-1.77
144.136,0,Ceiling_3x3m (6),1.86,1.70,-1.83
144.178,0,Ceiling_3x3m (6),1.77,1.70,-1.89
144.206,0,Ceiling_3x3m (6),1.72,1.70,-1.93
144.249,0,Ceiling_3x3m (6),1.66,1.70,-1.96
144.276,0,Ceiling_3x3m (6),1.64,1.70,-1.98
144.304,0,Ceiling_3x3m (6),1.63,1.70,-1.99
144.345,0,Ceiling_3x3m (6),1.61,1.70,-1.98
144.373,0,Ceiling_3x3m (6),1.62,1.70,-1.97
144.415,0,Ceiling_3x3m (6),1.65,1.70,-1.94
144.443,0,Ceiling_3x3m (6),1.69,1.70,-1.93
144.471,0,Ceiling_3x3m (6),1.72,1.70,-1.91
144.513,0,Ceiling_3x3m (6),1.76,1.70,-1.90
144.541,0,Ceiling_3x3m (6),1.78,1.70,-1.89
144.582,0,Ceiling_3x3m (6),1.81,1.70,-1.90
144.610,0,Ceiling_3x3m (6),1.82,1.70,-1.90
144.640,0,Ceiling_3x3m (6),1.83,1.70,-1.90
144.680,0,Ceiling_3x3m (6),1.83,1.70,-1.89
144.708,0,Ceiling_3x3m (6),1.84,1.70,-1.89
144.736,0,Ceiling_3x3m (6),1.84,1.70,-1.88
144.777,0,Ceiling_3x3m (6),1.82,1.70,-1.88
144.805,0,Ceiling_3x3m (6),1.83,1.70,-1.87
144.847,0,Ceiling_3x3m (6),1.85,1.70,-1.86
144.874,0,Ceiling_3x3m (6),1.86,1.70,-1.85
144.903,0,Ceiling_3x3m (6),1.85,1.70,-1.84
144.944,0,Ceiling_3x3m (6),1.85,1.70,-1.80
144.972,0,Ceiling_3x3m (6),1.88,1.70,-1.77
145.014,0,Ceiling_3x3m (6),1.94,1.70,-1.70
145.042,0,Ceiling_3x3m (6),1.97,1.70,-1.66
145.069,0,Ceiling_log_3m (21),2.39,1.50,-1.63
145.111,0,Ceiling_log_3m (21),2.46,1.51,-1.58
145.139,0,Ceiling_log_3m (21),2.46,1.53,-1.55
145.181,0,Ceiling_log_3m (21),2.46,1.55,-1.50
145.209,0,Ceiling_log_3m (21),2.46,1.57,-1.48
145.237,0,Ceiling_log_3m (21),2.46,1.58,-1.47
145.279,0,Ceiling_log_3m (21),2.46,1.60,-1.46
145.306,0,Ceiling_log_3m (21),2.46,1.61,-1.45
145.348,0,Ceiling_log_3m (21),2.46,1.62,-1.43
145.376,0,Ceiling_log_3m (21),2.46,1.63,-1.42
145.404,0,Ceiling_log_3m (21),2.46,1.65,-1.40
145.445,0,Ceiling_log_3m (21),2.46,1.66,-1.38
145.473,0,Ceiling_log_3m (21),2.46,1.67,-1.37
145.515,0,Ceiling_log_3m (21),2.46,1.66,-1.34
145.542,0,Ceiling_log_3m (21),2.46,1.64,-1.32
145.570,0,Ceiling_log_3m (21),2.46,1.62,-1.29
145.612,0,Ceiling_log_3m (21),2.46,1.58,-1.23
145.641,0,Ceiling_log_3m (21),2.46,1.56,-1.18
145.682,0,Ceiling_log_3m (21),2.46,1.56,-1.12
145.710,0,Ceiling_log_3m (21),2.46,1.55,-1.09
145.738,0,Ceiling_log_3m (21),2.46,1.53,-1.06
145.780,0,Ceiling_log_3m (21),2.43,1.50,-1.02
145.807,0,Ceiling_log_3m (21),2.40,1.50,-0.99
145.849,0,Ceiling_log_3m (21),2.36,1.50,-0.96
145.877,0,Ceiling_3x3m (7),1.97,1.70,-0.88
145.905,0,Ceiling_3x3m (7),1.95,1.70,-0.86
145.946,0,Ceiling_3x3m (7),1.91,1.70,-0.84
145.974,0,Ceiling_3x3m (7),1.88,1.70,-0.83
146.016,0,Ceiling_3x3m (7),1.84,1.70,-0.82
146.044,0,Ceiling_3x3m (7),1.82,1.70,-0.82
146.071,0,Ceiling_3x3m (7),1.79,1.70,-0.82
146.113,0,Ceiling_3x3m (7),1.77,1.70,-0.82
146.141,0,Ceiling_3x3m (7),1.78,1.70,-0.83
146.170,0,Ceiling_3x3m (7),1.79,1.70,-0.83
146.211,0,Ceiling_3x3m (7),1.80,1.70,-0.84
146.239,0,Ceiling_3x3m (7),1.80,1.70,-0.84
146.280,0,Ceiling_3x3m (7),1.80,1.70,-0.84
146.308,0,Ceiling_3x3m (7),1.80,1.70,-0.84
146.336,0,Ceiling_3x3m (7),1.82,1.70,-0.85
146.378,0,Ceiling_3x3m (7),1.86,1.70,-0.87
146.406,0,Ceiling_3x3m (7),1.89,1.70,-0.88
146.448,0,Ceiling_3x3m (7),1.92,1.70,-0.89
146.475,0,Ceiling_3x3m (7),1.95,1.70,-0.89
146.504,0,Ceiling_3x3m (7),1.97,1.70,-0.89
146.544,0,Ceiling_3x3m (7),1.99,1.70,-0.90
146.572,0,Ceiling_3x3m (7),1.99,1.70,-0.90
146.614,0,Ceiling_3x3m (7),1.99,1.70,-0.89
146.642,0,Ceiling_log_3m (21),2.37,1.50,-0.97
146.671,0,Ceiling_log_3m (21),2.37,1.50,-0.97
146.712,0,Ceiling_log_3m (21),2.36,1.50,-0.97
146.740,0,Ceiling_3x3m (7),1.99,1.70,-0.90
146.782,0,Ceiling_3x3m (7),1.99,1.70,-0.90
146.810,0,Ceiling_3x3m (7),1.99,1.70,-0.90
146.838,0,Ceiling_3x3m (7),1.98,1.70,-0.90
146.879,0,Ceiling_3x3m (7),1.96,1.70,-0.90
146.907,0,Ceiling_3x3m (7),1.94,1.70,-0.89
146.949,0,Ceiling_3x3m (7),1.92,1.70,-0.89
146.977,0,Ceiling_3x3m (7),1.91,1.70,-0.89
147.004,0,Ceiling_3x3m (7),1.90,1.70,-0.90
147.047,0,Ceiling_3x3m (7),1.88,1.70,-0.90
147.074,0,Ceiling_3x3m (7),1.87,1.70,-0.90
147.116,0,Ceiling_3x3m (7),1.85,1.70,-0.89
147.144,0,Ceiling_3x3m (7),1.85,1.70,-0.88
147.171,0,Ceiling_3x3m (7),1.85,1.70,-0.87
147.213,0,Ceiling_3x3m (7),1.86,1.70,-0.87
147.242,0,Ceiling_3x3m (7),1.88,1.70,-0.88
147.283,1,Ceiling_3x3m (7),1.92,1.70,-0.90
147.310,1,Ceiling_3x3m (7),1.94,1.70,-0.91
147.339,1,Ceiling_3x3m (7),1.95,1.70,-0.90
147.380,1,Ceiling_3x3m (7),1.97,1.70,-0.90
147.408,1,Ceiling_3x3m (7),1.98,1.70,-0.90
147.450,1,Ceiling_3x3m (7),1.98,1.70,-0.90
147.478,1,Ceiling_3x3m (7),1.99,1.70,-0.90
147.506,1,Ceiling_3x3m (7),1.99,1.70,-0.90
147.547,1,Ceiling_3x3m (7),1.99,1.70,-0.90
147.575,1,Ceiling_3x3m (7),1.99,1.70,-0.89
147.603,1,Ceiling_3x3m (7),1.98,1.70,-0.89
147.645,1,Ceiling_3x3m (7),1.98,1.70,-0.89
147.673,1,Ceiling_3x3m (7),1.99,1.70,-0.89
147.714,1,Ceiling_3x3m (7),1.99,1.70,-0.90
147.742,1,Ceiling_log_3m (21),2.36,1.50,-0.98
147.770,1,Ceiling_log_3m (21),2.37,1.50,-0.99
147.812,1,Ceiling_log_3m (21),2.38,1.50,-0.99
147.840,1,Ceiling_log_3m (21),2.38,1.50,-0.99
147.882,1,Ceiling_log_3m (21),2.38,1.50,-1.00
147.909,1,Ceiling_log_3m (21),2.37,1.50,-0.99
147.937,1,Ceiling_3x3m (7),2.00,1.70,-0.91
147.979,1,Ceiling_3x3m (7),1.97,1.70,-0.90
148.007,1,Ceiling_3x3m (7),1.95,1.70,-0.89
148.049,1,Ceiling_3x3m (7),1.90,1.70,-0.87
148.076,1,Ceiling_3x3m (7),1.85,1.70,-0.86
148.104,1,Ceiling_3x3m (7),1.82,1.70,-0.85
148.146,1,Ceiling_3x3m (7),1.72,1.70,-0.82
148.174,1,Ceiling_3x3m (7),1.62,1.70,-0.80
148.216,1,Ceiling_log_3m (20),1.52,1.66,-0.78
148.244,1,Ceiling_log_3m (20),1.52,1.60,-0.80
148.272,1,Ceiling_log_3m (20),1.52,1.52,-0.83
148.313,1,Wall_3mx20cm_Door (1),1.41,1.45,-0.85
148.341,1,Wall_3mx20cm_Door (1),1.41,1.35,-0.89
148.384,1,Wall_3mx20cm_Door (1),1.41,1.24,-0.95
148.411,1,Wall_3mx20cm_Door (1),1.41,1.18,-0.99
148.438,1,Wall_3mx20cm_Door (1),1.41,1.13,-1.02
148.481,1,Wall_3mx20cm_Door (1),1.41,1.05,-1.05
148.509,1,Wall_3mx20cm_Door (1),1.41,1.02,-1.08
148.537,1,Wall_3mx20cm_Door (1),1.41,0.99,-1.09
148.578,1,Wall_3mx20cm_Conference_Door,1.41,0.97,-1.11
148.607,1,Wall_3mx20cm_Conference_Door,1.41,0.96,-1.12
148.647,1,Wall_3mx20cm_Conference_Door,1.41,0.94,-1.12
148.676,1,Wall_3mx20cm_Conference_Door,1.41,0.93,-1.12
148.703,1,Wall_3mx20cm_Conference_Door,1.41,0.93,-1.12
148.746,1,Wall_3mx20cm_Conference_Door,1.41,0.94,-1.13
148.773,1,Wall_3mx20cm_Conference_Door,1.41,0.96,-1.13
148.815,1,Wall_3mx20cm_Conference_Door,1.41,0.97,-1.12
148.842,1,Wall_3mx20cm_Conference_Door,1.41,0.98,-1.12
148.870,1,Wall_3mx20cm_Conference_Door,1.41,0.99,-1.12
148.912,1,Wall_3mx20cm_Conference_Door,1.41,1.00,-1.12
148.940,1,Wall_3mx20cm_Conference_Door,1.41,1.00,-1.12
148.982,1,Wall_3mx20cm_Conference_Door,1.41,1.01,-1.12
149.009,1,Wall_3mx20cm_Conference_Door,1.41,1.01,-1.12
149.038,1,Wall_3mx20cm_Conference_Door,1.41,1.00,-1.12
149.079,1,Wall_3mx20cm_Conference_Door,1.41,1.00,-1.12
149.107,1,Wall_3mx20cm_Conference_Door,1.41,1.00,-1.12
149.149,1,Wall_3mx20cm_Conference_Door,1.41,1.01,-1.12
149.177,1,Wall_3mx20cm_Conference_Door,1.41,1.01,-1.11
149.204,1,Wall_3mx20cm_Conference_Door,1.41,1.02,-1.11
149.247,1,Wall_3mx20cm_Conference_Door,1.41,1.03,-1.11
149.275,1,Wall_3mx20cm_Conference_Door,1.41,1.04,-1.11
149.316,1,Wall_3mx20cm_Conference_Door,1.41,1.05,-1.11
149.344,1,Wall_3mx20cm_Conference_Door,1.41,1.05,-1.12
149.372,1,Wall_3mx20cm_Conference_Door,1.41,1.05,-1.12
149.413,1,Wall_3mx20cm_Conference_Door,1.41,1.06,-1.12
149.441,1,Wall_3mx20cm_Conference_Door,1.41,1.06,-1.11
149.484,1,Wall_3mx20cm_Conference_Door,1.41,1.07,-1.10
149.511,1,Wall_3mx20cm_Door (1),1.41,1.07,-1.10
149.539,1,Wall_3mx20cm_Door (1),1.41,1.06,-1.09
149.580,1,Wall_3mx20cm_Door (1),1.41,1.07,-1.07
149.608,1,Wall_3mx20cm_Door (1),1.41,1.07,-1.06
149.650,1,Wall_3mx20cm_Door (1),1.41,1.07,-1.04
149.678,1,Wall_3mx20cm_Door (1),1.41,1.08,-1.03
149.705,1,Wall_3mx20cm_Door (1),1.41,1.08,-1.02
149.747,1,Wall_3mx20cm_Door (1),1.41,1.09,-1.02
149.775,1,Wall_3mx20cm_Door (1),1.41,1.10,-1.01
149.804,1,Wall_3mx20cm_Door (1),1.41,1.10,-1.00
149.845,1,Wall_3mx20cm_Door (1),1.41,1.13,-1.01
149.873,1,Wall_3mx20cm_Door (1),1.41,1.14,-1.02
149.915,1,Wall_3mx20cm_Door (1),1.41,1.13,-1.03
149.943,1,Wall_3mx20cm_Door (1),1.41,1.14,-1.03
149.971,1,Wall_3mx20cm_Door (1),1.41,1.15,-1.03
150.012,1,Wall_3mx20cm_Door (1),1.41,1.15,-1.04
150.040,1,Wall_3mx20cm_Door (1),1.41,1.15,-1.05
150.081,1,Wall_3mx20cm_Door (1),1.41,1.16,-1.05
150.110,1,Wall_3mx20cm_Door (1),1.41,1.16,-1.05
150.138,1,Wall_3mx20cm_Door (1),1.41,1.17,-1.05
150.179,1,Wall_3mx20cm_Door (1),1.41,1.18,-1.04
150.207,1,Wall_3mx20cm_Door (1),1.41,1.18,-1.03
150.249,1,Wall_3mx20cm_Door (1),1.41,1.19,-1.02
150.277,1,Wall_3mx20cm_Door (1),1.41,1.19,-1.01
150.305,1,Wall_3mx20cm_Door (1),1.41,1.18,-1.00
150.346,1,Wall_3mx20cm_Door (1),1.41,1.18,-0.99
150.374,1,Wall_3mx20cm_Door (1),1.41,1.18,-0.99
150.416,1,Wall_3mx20cm_Door (1),1.41,1.19,-1.00
150.444,1,Wall_3mx20cm_Door (1),1.41,1.19,-1.00
150.471,1,Wall_3mx20cm_Door (1),1.41,1.19,-1.00
150.513,1,Wall_3mx20cm_Door (1),1.41,1.20,-0.99
150.541,1,Wall_3mx20cm_Door (1),1.41,1.21,-0.97
150.583,1,Wall_3mx20cm_Door (1),1.41,1.22,-0.97
150.611,1,Wall_3mx20cm_Door (1),1.41,1.21,-0.96
150.638,1,Wall_3mx20cm_Door (1),1.41,1.21,-0.96
150.680,1,Wall_3mx20cm_Door (1),1.41,1.22,-0.96
150.708,1,Wall_3mx20cm_Door (1),1.41,1.23,-0.95
150.749,1,Wall_3mx20cm_Door (1),1.41,1.24,-0.95
150.778,1,Wall_3mx20cm_Door (1),1.41,1.23,-0.94
150.805,1,Wall_3mx20cm_Door (1),1.41,1.23,-0.94
150.848,1,Wall_3mx20cm_Door (1),1.41,1.24,-0.94
150.876,1,Wall_3mx20cm_Door (1),1.41,1.24,-0.95
150.917,1,Wall_3mx20cm_Door (1),1.41,1.24,-0.96
150.945,1,Wall_3mx20cm_Door (1),1.41,1.24,-0.96
150.972,1,Wall_3mx20cm_Door (1),1.41,1.24,-0.96
151.014,1,Wall_3mx20cm_Door (1),1.41,1.25,-0.97
151.042,1,Wall_3mx20cm_Door (1),1.41,1.26,-0.97
151.070,1,Wall_3mx20cm_Door (1),1.41,1.26,-0.97
151.112,1,Wall_3mx20cm_Door (1),1.41,1.27,-0.97
151.140,1,Wall_3mx20cm_Door (1),1.41,1.28,-0.98
151.181,1,Wall_3mx20cm_Door (1),1.41,1.29,-1.00
151.209,1,Wall_3mx20cm_Door (1),1.41,1.29,-1.01
151.237,1,Wall_3mx20cm_Door (1),1.41,1.29,-1.02
151.279,1,Wall_3mx20cm_Door (1),1.41,1.29,-1.03
151.307,1,Wall_3mx20cm_Door (1),1.41,1.29,-1.03
151.349,1,Wall_3mx20cm_Door (1),1.41,1.28,-1.04
151.377,1,Wall_3mx20cm_Door (1),1.41,1.27,-1.04
151.404,1,Wall_3mx20cm_Door (1),1.41,1.27,-1.05
151.446,1,Wall_3mx20cm_Door (1),1.41,1.26,-1.05
151.474,1,Wall_3mx20cm_Door (1),1.41,1.25,-1.05
151.516,1,Wall_3mx20cm_Door (1),1.41,1.25,-1.04
151.544,1,Wall_3mx20cm_Door (1),1.41,1.25,-1.03
151.572,1,Wall_3mx20cm_Door (1),1.41,1.24,-1.02
151.613,1,Wall_3mx20cm_Door (1),1.41,1.23,-1.02
151.641,1,Wall_3mx20cm_Door (1),1.41,1.23,-1.02
151.682,1,Wall_3mx20cm_Door (1),1.41,1.22,-1.03
151.711,1,Wall_3mx20cm_Door (1),1.41,1.22,-1.04
151.738,1,Wall_3mx20cm_Door (1),1.41,1.23,-1.04
151.780,1,Wall_3mx20cm_Door (1),1.41,1.22,-1.04
151.808,1,Wall_3mx20cm_Door (1),1.41,1.22,-1.04
151.850,1,Wall_3mx20cm_Door (1),1.41,1.22,-1.04
151.877,1,Wall_3mx20cm_Door (1),1.41,1.22,-1.05
151.906,1,Wall_3mx20cm_Door (1),1.41,1.22,-1.06
151.947,1,Wall_3mx20cm_Door (1),1.41,1.22,-1.08
151.975,1,Wall_3mx20cm_Door (1),1.41,1.21,-1.08
152.017,1,Wall_3mx20cm_Door (1),1.41,1.21,-1.09
152.044,1,Wall_3mx20cm_Door (1),1.41,1.21,-1.09
152.072,1,Wall_3mx20cm_Door (1),1.41,1.21,-1.09
152.114,1,Wall_3mx20cm_Door (1),1.41,1.21,-1.09
152.142,1,Wall_3mx20cm_Door (1),1.41,1.20,-1.08
152.184,1,Wall_3mx20cm_Door (1),1.41,1.21,-1.08
152.212,1,Wall_3mx20cm_Door (1),1.41,1.21,-1.08
152.239,1,Wall_3mx20cm_Door (1),1.41,1.21,-1.07
152.281,1,Wall_3mx20cm_Door (1),1.41,1.21,-1.06
152.308,1,Wall_3mx20cm_Door (1),1.41,1.21,-1.06
152.350,1,Wall_3mx20cm_Door (1),1.41,1.22,-1.05
152.378,1,Wall_3mx20cm_Door (1),1.41,1.22,-1.04
152.406,1,Wall_3mx20cm_Door (1),1.41,1.21,-1.03
152.448,1,Wall_3mx20cm_Door (1),1.41,1.21,-1.02
152.476,1,Wall_3mx20cm_Door (1),1.41,1.21,-1.01
152.518,1,Wall_3mx20cm_Door (1),1.41,1.22,-1.00
152.545,1,Wall_3mx20cm_Door (1),1.41,1.23,-1.00
152.573,1,Wall_3mx20cm_Door (1),1.41,1.23,-1.00
152.615,1,Wall_3mx20cm_Door (1),1.41,1.23,-1.00
152.643,1,Wall_3mx20cm_Door (1),1.41,1.24,-1.00
152.671,1,Wall_3mx20cm_Door (1),1.41,1.25,-0.99
152.712,1,Wall_3mx20cm_Door (1),1.41,1.25,-0.99
152.740,1,Wall_3mx20cm_Door (1),1.41,1.26,-0.99
152.783,1,Wall_3mx20cm_Door (1),1.41,1.25,-1.00
152.810,1,Wall_3mx20cm_Door (1),1.41,1.26,-1.00
152.838,1,Wall_3mx20cm_Door (1),1.41,1.26,-1.00
152.880,1,Wall_3mx20cm_Door (1),1.41,1.26,-1.00
152.908,1,Wall_3mx20cm_Door (1),1.41,1.26,-1.00
152.950,1,Wall_3mx20cm_Door (1),1.41,1.25,-0.98
152.977,1,Wall_3mx20cm_Door (1),1.41,1.25,-0.97
153.005,1,Wall_3mx20cm_Door (1),1.41,1.25,-0.96
153.047,1,Wall_3mx20cm_Door (1),1.41,1.25,-0.96
153.075,1,Wall_3mx20cm_Door (1),1.41,1.26,-0.95
153.116,1,Wall_3mx20cm_Door (1),1.41,1.27,-0.95
153.145,1,Wall_3mx20cm_Door (1),1.41,1.28,-0.95
153.172,1,Wall_3mx20cm_Door (1),1.41,1.29,-0.95
153.214,1,Wall_3mx20cm_Door (1),1.41,1.33,-0.95
153.241,1,Wall_3mx20cm_Door (1),1.41,1.36,-0.94
153.284,1,Wall_3mx20cm_Door (1),1.41,1.38,-0.92
153.311,1,Wall_3mx20cm_Door (1),1.41,1.39,-0.90
153.339,1,Wall_3mx20cm_Door (1),1.41,1.41,-0.89
153.381,1,Wall_3mx20cm_Door (1),1.41,1.43,-0.88
153.408,1,Wall_3mx20cm_Door (1),1.41,1.44,-0.87
153.450,1,Wall_3mx20cm_Door (1),1.41,1.44,-0.86
153.478,1,Wall_3mx20cm_Door (1),1.41,1.44,-0.86
153.507,1,Wall_3mx20cm_Door (1),1.41,1.44,-0.87
153.548,1,Wall_3mx20cm_Door (1),1.41,1.44,-0.87
153.576,1,Wall_3mx20cm_Door (1),1.41,1.43,-0.87
153.617,1,Wall_3mx20cm_Door (1),1.41,1.43,-0.87
153.645,1,Wall_3mx20cm_Door (1),1.41,1.42,-0.87
153.673,1,Wall_3mx20cm_Door (1),1.41,1.42,-0.87
153.715,1,Wall_3mx20cm_Door (1),1.41,1.42,-0.87
153.743,1,Wall_3mx20cm_Door (1),1.41,1.42,-0.87
153.771,1,Wall_3mx20cm_Door (1),1.41,1.41,-0.87
153.812,1,Wall_3mx20cm_Door (1),1.41,1.40,-0.87
153.840,1,Wall_3mx20cm_Door (1),1.41,1.40,-0.87
153.882,1,Wall_3mx20cm_Door (1),1.41,1.39,-0.87
153.910,1,Wall_3mx20cm_Door (1),1.41,1.39,-0.86
153.938,1,Wall_3mx20cm_Door (1),1.41,1.39,-0.86
153.980,1,Wall_3mx20cm_Door (1),1.41,1.39,-0.86
154.008,1,Wall_3mx20cm_Door (1),1.41,1.39,-0.85
154.049,1,Wall_3mx20cm_Door (1),1.41,1.40,-0.85
154.077,1,Wall_3mx20cm_Door (1),1.41,1.41,-0.85
154.105,1,Wall_3mx20cm_Door (1),1.41,1.41,-0.84
154.147,1,Wall_3mx20cm_Door (1),1.41,1.42,-0.84
154.174,1,Wall_3mx20cm_Door (1),1.41,1.45,-0.86
154.216,1,Wall_3mx20cm_Door (1),1.41,1.43,-0.88
154.244,1,Wall_3mx20cm_Door (1),1.41,1.42,-0.88
154.272,1,Wall_3mx20cm_Door (1),1.41,1.43,-0.88
154.314,1,Wall_3mx20cm_Door (1),1.41,1.43,-0.89
154.341,1,Wall_3mx20cm_Door (1),1.41,1.43,-0.89
154.384,1,Wall_3mx20cm_Door (1),1.41,1.43,-0.90
154.411,1,Wall_3mx20cm_Door (1),1.41,1.43,-0.90
154.440,1,Wall_3mx20cm_Door (1),1.41,1.44,-0.91
154.481,1,Wall_3mx20cm_Door (1),1.41,1.44,-0.90
154.509,1,Wall_3mx20cm_Door (1),1.41,1.44,-0.90
154.551,1,Wall_3mx20cm_Door (1),1.41,1.43,-0.90
154.579,1,Wall_3mx20cm_Door (1),1.41,1.41,-0.89
154.606,1,Wall_3mx20cm_Door (1),1.41,1.40,-0.89
154.648,1,Wall_3mx20cm_Door (1),1.41,1.38,-0.89
154.676,1,Wall_3mx20cm_Door (1),1.41,1.37,-0.89
154.717,1,Wall_3mx20cm_Door (1),1.41,1.35,-0.89
154.745,1,Wall_3mx20cm_Door (1),1.41,1.34,-0.89
154.773,1,Wall_3mx20cm_Door (1),1.41,1.34,-0.89
154.815,1,Wall_3mx20cm_Door (1),1.41,1.33,-0.89
154.843,1,Wall_3mx20cm_Door (1),1.41,1.33,-0.90
154.884,1,Wall_3mx20cm_Door (1),1.41,1.32,-0.90
154.912,1,Wall_3mx20cm_Door (1),1.41,1.31,-0.90
154.941,1,Wall_3mx20cm_Door (1),1.41,1.30,-0.91
154.982,1,Wall_3mx20cm_Door (1),1.41,1.28,-0.92
155.010,1,Wall_3mx20cm_Door (1),1.41,1.28,-0.92
155.052,1,Wall_3mx20cm_Door (1),1.41,1.28,-0.92
155.079,1,Wall_3mx20cm_Door (1),1.41,1.27,-0.92
155.107,1,Wall_3mx20cm_Door (1),1.41,1.28,-0.91
155.149,1,Wall_3mx20cm_Door (1),1.41,1.28,-0.90
155.177,1,Wall_3mx20cm_Door (1),1.41,1.29,-0.90
155.205,1,Wall_3mx20cm_Door (1),1.41,1.29,-0.89
155.246,1,Wall_3mx20cm_Door (1),1.41,1.30,-0.87
155.274,1,Wall_3mx20cm_Door (1),1.41,1.33,-0.88
155.316,1,Wall_3mx20cm_Door (1),1.41,1.32,-0.88
155.344,1,Wall_3mx20cm_Door (1),1.41,1.32,-0.87
155.372,1,Wall_3mx20cm_Door (1),1.41,1.32,-0.87
155.414,1,Wall_3mx20cm_Door (1),1.41,1.32,-0.87
155.442,1,Wall_3mx20cm_Door (1),1.41,1.33,-0.87
155.483,1,Wall_3mx20cm_Door (1),1.41,1.33,-0.88
155.511,1,Wall_3mx20cm_Door (1),1.41,1.34,-0.88
155.539,1,Wall_3mx20cm_Door (1),1.41,1.34,-0.89
155.581,1,Wall_3mx20cm_Door (1),1.41,1.36,-0.90
155.608,1,Wall_3mx20cm_Door (1),1.41,1.38,-0.90
155.650,1,Wall_3mx20cm_Door (1),1.41,1.39,-0.90
155.678,1,Wall_3mx20cm_Door (1),1.41,1.40,-0.90
155.705,1,Wall_3mx20cm_Door (1),1.41,1.39,-0.89
155.748,1,Wall_3mx20cm_Door (1),1.41,1.39,-0.86
155.775,1,Wall_3mx20cm_Door (1),1.41,1.39,-0.85
155.817,1,Wall_3mx20cm_Door (1),1.41,1.39,-0.83
155.845,1,Wall_3mx20cm_Door (1),1.41,1.39,-0.83
155.873,1,Wall_3mx20cm_Door (1),1.41,1.40,-0.82
155.915,1,Wall_3mx20cm_Door (1),1.41,1.39,-0.80
155.943,1,Wall_3mx20cm_Door (1),1.41,1.41,-0.80
155.984,1,Wall_3mx20cm_Door (1),1.41,1.42,-0.80
156.012,1,Wall_3mx20cm_Door (1),1.41,1.40,-0.80
156.041,1,Wall_3mx20cm_Door (1),1.41,1.40,-0.79
156.082,1,Wall_3mx20cm_Door (1),1.41,1.41,-0.78
156.110,1,Wall_3mx20cm_Door (1),1.41,1.42,-0.78
156.151,1,Wall_3mx20cm_Door (1),1.41,1.42,-0.77
156.179,1,Wall_3mx20cm_Door (1),1.41,1.43,-0.77
156.207,1,Wall_3mx20cm_Door (1),1.41,1.43,-0.76
156.249,1,Wall_3mx20cm_Door (1),1.41,1.45,-0.75
156.277,1,Wall_3mx20cm_Door (1),1.41,1.47,-0.75
156.318,1,Wall_3mx20cm_Door (1),1.41,1.50,-0.73
156.346,1,Ceiling_log_3m (20),1.44,1.50,-0.73
156.374,1,Ceiling_log_3m (20),1.46,1.50,-0.73
156.416,1,Ceiling_log_3m (20),1.50,1.50,-0.72
156.444,1,Ceiling_log_3m (20),1.51,1.50,-0.71
156.472,1,Ceiling_log_3m (20),1.52,1.51,-0.70
156.514,1,Ceiling_log_3m (20),1.52,1.53,-0.69
156.541,1,Ceiling_log_3m (20),1.52,1.55,-0.68
156.583,1,Ceiling_log_3m (20),1.52,1.56,-0.68
156.611,1,Ceiling_log_3m (20),1.52,1.57,-0.68
156.639,1,Ceiling_log_3m (20),1.52,1.58,-0.68
156.681,1,Ceiling_log_3m (20),1.52,1.58,-0.68
156.708,1,Ceiling_log_3m (20),1.52,1.58,-0.67
156.750,1,Ceiling_log_3m (20),1.52,1.59,-0.66
156.778,1,Ceiling_log_3m (20),1.52,1.60,-0.65
156.806,1,Ceiling_log_3m (20),1.52,1.62,-0.66
156.849,1,Ceiling_log_3m (20),1.52,1.61,-0.66
156.875,1,Ceiling_log_3m (20),1.52,1.61,-0.66
156.917,1,Ceiling_log_3m (20),1.52,1.62,-0.66
156.945,1,Ceiling_log_3m (20),1.52,1.63,-0.64
156.973,1,Ceiling_log_3m (20),1.52,1.64,-0.64
157.014,1,Ceiling_log_3m (20),1.52,1.64,-0.66
157.043,1,Ceiling_log_3m (20),1.52,1.61,-0.68
157.084,1,Ceiling_log_3m (20),1.52,1.58,-0.71
157.112,1,Ceiling_log_3m (20),1.52,1.58,-0.73
157.140,1,Ceiling_log_3m (20),1.52,1.59,-0.74
157.182,1,Ceiling_log_3m (20),1.52,1.63,-0.75
157.210,1,Ceiling_log_3m (20),1.52,1.64,-0.75
157.252,1,Ceiling_log_3m (20),1.52,1.65,-0.74
157.279,1,Ceiling_log_3m (20),1.52,1.68,-0.74
157.307,1,Ceiling_3x3m (7),1.53,1.70,-0.74
157.350,1,Ceiling_3x3m (7),1.59,1.70,-0.76
157.377,1,Ceiling_3x3m (7),1.60,1.70,-0.76
157.418,1,Ceiling_3x3m (7),1.60,1.70,-0.75
157.446,1,Ceiling_3x3m (7),1.58,1.70,-0.74
157.474,1,Ceiling_3x3m (7),1.55,1.70,-0.73
157.516,1,Ceiling_log_3m (20),1.52,1.69,-0.71
157.544,1,Ceiling_log_3m (20),1.52,1.69,-0.71
157.585,1,Ceiling_3x3m (7),1.55,1.70,-0.72
157.613,1,Ceiling_3x3m (7),1.62,1.70,-0.74
157.641,1,Ceiling_3x3m (7),1.65,1.70,-0.74
157.682,1,Ceiling_3x3m (7),1.65,1.70,-0.73
157.710,1,Ceiling_3x3m (7),1.65,1.70,-0.71
157.738,1,Ceiling_3x3m (7),1.63,1.70,-0.68
157.780,1,Ceiling_3x3m (7),1.60,1.70,-0.66
157.809,1,Ceiling_3x3m (7),1.55,1.70,-0.64
157.850,1,Ceiling_log_3m (20),1.52,1.69,-0.64
157.878,1,Ceiling_3x3m (7),1.53,1.70,-0.66
157.905,1,Ceiling_3x3m (7),1.54,1.70,-0.68
157.947,1,Ceiling_3x3m (7),1.54,1.70,-0.69
157.975,1,Ceiling_3x3m (7),1.55,1.70,-0.71
158.017,1,Ceiling_3x3m (7),1.54,1.70,-0.70
158.045,1,Ceiling_3x3m (7),1.54,1.70,-0.69
158.073,1,Ceiling_3x3m (7),1.53,1.70,-0.68
158.114,1,Ceiling_3x3m (7),1.54,1.70,-0.68
158.142,1,Ceiling_log_3m (20),1.52,1.69,-0.67
158.184,1,Ceiling_log_3m (20),1.52,1.69,-0.67
158.211,1,Ceiling_3x3m (7),1.53,1.70,-0.68
158.240,1,Ceiling_3x3m (7),1.56,1.70,-0.69
158.281,1,Ceiling_3x3m (7),1.56,1.70,-0.69
158.310,1,Ceiling_3x3m (7),1.56,1.70,-0.69
158.351,1,Ceiling_3x3m (7),1.60,1.70,-0.70
158.379,1,Ceiling_3x3m (7),1.59,1.70,-0.70
158.406,1,Ceiling_3x3m (7),1.60,1.70,-0.70
158.449,1,Ceiling_3x3m (7),1.59,1.70,-0.70
158.477,1,Ceiling_3x3m (7),1.54,1.70,-0.70
158.518,1,Ceiling_3x3m (7),1.60,1.70,-0.70
158.547,1,Ceiling_3x3m (7),1.61,1.70,-0.70
158.574,1,Ceiling_3x3m (7),1.58,1.70,-0.68
158.615,1,Ceiling_3x3m (7),1.56,1.70,-0.67
158.644,1,Ceiling_3x3m (7),1.54,1.70,-0.67
158.685,1,Ceiling_3x3m (7),1.56,1.70,-0.70
158.713,1,Ceiling_3x3m (7),1.55,1.70,-0.72
158.741,1,Ceiling_log_3m (20),1.52,1.67,-0.72
158.782,1,Ceiling_3x3m (7),1.54,1.70,-0.76
158.810,1,Ceiling_3x3m (7),1.53,1.70,-0.77
158.839,1,Ceiling_log_3m (20),1.52,1.70,-0.78
158.880,1,Ceiling_log_3m (20),1.52,1.69,-0.80
158.908,1,Ceiling_log_3m (20),1.52,1.65,-0.80
158.949,1,Ceiling_log_3m (20),1.52,1.64,-0.79
158.978,1,Ceiling_log_3m (20),1.52,1.63,-0.78
159.006,1,Ceiling_log_3m (20),1.52,1.63,-0.78
159.047,1,Ceiling_log_3m (20),1.52,1.60,-0.77
159.074,1,Ceiling_log_3m (20),1.52,1.60,-0.76
159.116,1,Ceiling_log_3m (20),1.52,1.61,-0.76
159.144,1,Ceiling_log_3m (20),1.52,1.61,-0.75
159.172,1,Ceiling_log_3m (20),1.52,1.61,-0.74
159.214,1,Ceiling_log_3m (20),1.52,1.62,-0.72
159.242,1,Ceiling_log_3m (20),1.52,1.63,-0.72
159.284,1,Ceiling_log_3m (20),1.52,1.65,-0.70
159.312,1,Ceiling_log_3m (20),1.52,1.64,-0.70
159.340,1,Ceiling_log_3m (20),1.52,1.63,-0.70
159.382,1,Ceiling_log_3m (20),1.52,1.61,-0.70
159.409,1,Ceiling_log_3m (20),1.52,1.61,-0.71
159.452,1,Ceiling_log_3m (20),1.52,1.62,-0.71
159.479,1,Ceiling_log_3m (20),1.52,1.63,-0.71
159.507,1,Ceiling_log_3m (20),1.52,1.64,-0.71
159.548,1,Ceiling_log_3m (20),1.52,1.65,-0.70
159.576,1,Ceiling_log_3m (20),1.52,1.66,-0.69
159.618,1,Ceiling_log_3m (20),1.52,1.69,-0.69
159.646,1,Ceiling_3x3m (7),1.53,1.70,-0.69
159.673,1,Ceiling_log_3m (20),1.52,1.69,-0.69
159.715,1,Ceiling_log_3m (20),1.52,1.67,-0.70
159.743,1,Ceiling_3x3m (7),1.58,1.70,-0.71
159.785,1,Ceiling_3x3m (7),1.59,1.70,-0.71
159.813,1,Ceiling_3x3m (7),1.62,1.70,-0.72
159.841,1,Ceiling_3x3m (7),1.70,1.70,-0.74
159.883,1,Ceiling_3x3m (7),1.69,1.70,-0.74
159.910,1,Ceiling_3x3m (7),1.68,1.70,-0.75
159.939,1,Ceiling_3x3m (7),1.62,1.70,-0.73
159.980,1,Ceiling_3x3m (7),1.63,1.70,-0.74
160.008,1,Ceiling_3x3m (7),1.66,1.70,-0.74
160.050,1,Ceiling_3x3m (7),1.65,1.70,-0.74
160.078,1,Ceiling_3x3m (7),1.61,1.70,-0.72
160.119,1,Ceiling_3x3m (7),1.58,1.70,-0.70
160.147,1,Ceiling_3x3m (7),1.63,1.70,-0.71
160.175,1,Ceiling_3x3m (7),1.57,1.70,-0.69
160.217,1,Ceiling_3x3m (7),1.64,1.70,-0.72
160.244,1,Ceiling_3x3m (7),1.68,1.70,-0.73
160.272,1,Ceiling_3x3m (7),1.72,1.70,-0.74
160.314,1,Ceiling_3x3m (7),1.73,1.70,-0.75
160.342,1,Ceiling_3x3m (7),1.70,1.70,-0.75
160.384,1,Ceiling_3x3m (7),1.74,1.70,-0.77
160.415,1,Ceiling_3x3m (7),1.74,1.70,-0.78
160.443,1,Ceiling_3x3m (7),1.76,1.70,-0.80
160.485,1,Ceiling_3x3m (7),1.83,1.70,-0.83
160.511,1,Ceiling_3x3m (7),1.84,1.70,-0.83
160.557,1,Ceiling_3x3m (7),1.85,1.70,-0.84
160.580,1,Ceiling_3x3m (7),1.85,1.70,-0.84
160.606,1,Ceiling_3x3m (7),1.85,1.70,-0.85
160.648,1,Ceiling_3x3m (7),1.84,1.70,-0.85
160.676,1,Ceiling_3x3m (7),1.85,1.70,-0.85
160.718,1,Ceiling_3x3m (7),1.87,1.70,-0.85
160.745,1,Ceiling_3x3m (7),1.86,1.70,-0.85
160.774,1,Ceiling_3x3m (7),1.83,1.70,-0.84
160.815,1,Ceiling_3x3m (7),1.81,1.70,-0.84
160.843,1,Ceiling_3x3m (7),1.83,1.70,-0.85
160.885,1,Ceiling_3x3m (7),1.83,1.70,-0.85
160.913,1,Ceiling_3x3m (7),1.81,1.70,-0.85
160.941,1,Ceiling_3x3m (7),1.81,1.70,-0.84
160.982,1,Ceiling_3x3m (7),1.78,1.70,-0.84
161.010,1,Ceiling_3x3m (7),1.78,1.70,-0.84
161.052,1,Ceiling_3x3m (7),1.80,1.70,-0.84
161.080,1,Ceiling_3x3m (7),1.82,1.70,-0.84
161.106,1,Ceiling_3x3m (7),1.82,1.70,-0.84
161.149,1,Ceiling_3x3m (7),1.80,1.70,-0.83
161.177,1,Ceiling_3x3m (7),1.80,1.70,-0.82
161.218,1,Ceiling_3x3m (7),1.77,1.70,-0.81
161.247,1,Ceiling_3x3m (7),1.76,1.70,-0.81
161.274,1,Ceiling_3x3m (7),1.77,1.70,-0.82
161.316,1,Ceiling_3x3m (7),1.79,1.70,-0.83
161.344,1,Ceiling_3x3m (7),1.79,1.70,-0.84
161.386,1,Ceiling_3x3m (7),1.74,1.70,-0.84
161.413,1,Ceiling_3x3m (7),1.70,1.70,-0.84
161.441,1,Ceiling_3x3m (7),1.69,1.70,-0.84
161.483,1,Ceiling_3x3m (7),1.67,1.70,-0.85
161.511,1,Ceiling_3x3m (7),1.68,1.70,-0.86
161.540,1,Ceiling_3x3m (7),1.72,1.70,-0.87
161.580,1,Ceiling_3x3m (7),1.77,1.70,-0.90
161.609,1,Ceiling_3x3m (7),1.79,1.70,-0.90
161.651,1,Ceiling_3x3m (7),1.81,1.70,-0.89
161.678,1,Ceiling_3x3m (7),1.75,1.70,-0.88
161.706,1,Ceiling_3x3m (7),1.73,1.70,-0.87
161.748,1,Ceiling_3x3m (7),1.78,1.70,-0.88
161.775,1,Ceiling_3x3m (7),1.77,1.70,-0.88
161.817,1,Ceiling_3x3m (7),1.74,1.70,-0.88
161.845,1,Ceiling_3x3m (7),1.70,1.70,-0.88
161.873,1,Ceiling_3x3m (7),1.68,1.70,-0.88
161.915,1,Ceiling_3x3m (7),1.66,1.70,-0.89
161.943,1,Ceiling_3x3m (7),1.66,1.70,-0.89
161.985,1,Ceiling_3x3m (7),1.62,1.70,-0.89
162.012,1,Ceiling_3x3m (7),1.61,1.70,-0.90
162.040,1,Ceiling_3x3m (7),1.66,1.70,-0.92
162.082,1,Ceiling_3x3m (7),1.71,1.70,-0.97
162.111,1,Ceiling_3x3m (7),1.72,1.70,-0.99
162.152,1,Ceiling_3x3m (7),1.70,1.70,-1.01
162.179,1,Ceiling_3x3m (7),1.67,1.70,-1.02
162.207,1,Ceiling_3x3m (7),1.65,1.70,-1.03
162.249,1,Ceiling_3x3m (7),1.66,1.70,-1.04
162.277,1,Ceiling_3x3m (7),1.71,1.70,-1.05
162.319,1,Ceiling_3x3m (7),1.70,1.70,-1.05
162.347,1,Ceiling_3x3m (7),1.66,1.70,-1.05
162.374,1,Ceiling_3x3m (7),1.67,1.70,-1.05
162.417,1,Ceiling_3x3m (7),1.65,1.70,-1.04
162.444,1,Ceiling_3x3m (7),1.66,1.70,-1.04
162.486,1,Ceiling_3x3m (7),1.68,1.70,-1.03
162.514,1,Ceiling_3x3m (7),1.70,1.70,-1.03
162.542,1,Ceiling_3x3m (7),1.72,1.70,-1.03
162.583,1,Ceiling_3x3m (7),1.73,1.70,-1.03
162.611,1,Ceiling_3x3m (7),1.75,1.70,-1.03
162.653,1,Ceiling_3x3m (7),1.80,1.70,-1.03
162.681,1,Ceiling_3x3m (7),1.82,1.70,-1.03
162.709,1,Ceiling_3x3m (7),1.87,1.70,-1.02
162.751,1,Ceiling_3x3m (7),1.90,1.70,-1.01
162.778,1,Ceiling_3x3m (7),1.89,1.70,-1.00
162.806,1,Ceiling_3x3m (7),1.92,1.70,-1.00
162.848,1,Ceiling_3x3m (7),1.99,1.70,-0.99
162.876,1,Ceiling_3x3m (7),2.00,1.70,-0.97
162.918,1,Ceiling_3x3m (7),1.98,1.70,-0.94
162.946,1,Ceiling_3x3m (7),1.98,1.70,-0.93
162.973,1,Ceiling_3x3m (7),1.98,1.70,-0.92
163.015,1,Ceiling_3x3m (7),1.96,1.70,-0.90
163.043,1,Ceiling_3x3m (7),1.94,1.70,-0.89
163.085,1,Ceiling_3x3m (7),1.90,1.70,-0.89
163.112,1,Ceiling_3x3m (7),1.85,1.70,-0.88
163.140,1,Ceiling_3x3m (7),1.80,1.70,-0.87
163.182,1,Ceiling_3x3m (7),1.86,1.70,-0.88
163.210,1,Ceiling_3x3m (7),1.87,1.70,-0.87
163.252,1,Ceiling_3x3m (7),1.94,1.70,-0.84
163.279,1,Ceiling_3x3m (7),1.96,1.70,-0.82
163.307,1,Ceiling_3x3m (7),2.00,1.70,-0.80
163.349,1,Ceiling_log_3m (21),2.41,1.50,-0.84
163.377,1,Ceiling_log_3m (21),2.43,1.50,-0.82
163.418,1,Ceiling_log_3m (21),2.41,1.50,-0.78
163.446,1,Ceiling_log_3m (21),2.38,1.50,-0.76
163.474,1,Ceiling_log_3m (21),2.37,1.50,-0.75
163.516,1,Ceiling_log_3m (21),2.36,1.50,-0.73
163.544,1,Ceiling_3x3m (7),1.99,1.70,-0.63
163.585,1,Ceiling_3x3m (7),1.95,1.70,-0.62
163.613,1,Ceiling_3x3m (7),1.93,1.70,-0.62
163.641,1,Ceiling_3x3m (7),1.92,1.70,-0.62
163.683,1,Ceiling_3x3m (7),1.91,1.70,-0.62
163.711,1,Ceiling_3x3m (7),1.93,1.70,-0.63
163.752,1,Ceiling_3x3m (7),1.95,1.70,-0.65
163.780,1,Ceiling_3x3m (7),1.93,1.70,-0.64
163.808,1,Ceiling_3x3m (7),1.90,1.70,-0.64
163.849,1,Ceiling_3x3m (7),1.89,1.70,-0.65
163.878,1,Ceiling_3x3m (7),1.89,1.70,-0.66
163.920,1,Ceiling_3x3m (7),1.88,1.70,-0.67
163.948,1,Ceiling_3x3m (7),1.89,1.70,-0.68
163.975,1,Ceiling_3x3m (7),1.87,1.70,-0.68
164.017,1,Ceiling_3x3m (7),1.86,1.70,-0.68
164.045,1,Ceiling_3x3m (7),1.92,1.70,-0.70
164.087,1,Ceiling_3x3m (7),1.94,1.70,-0.72
164.115,1,Ceiling_3x3m (7),1.91,1.70,-0.73
164.142,1,Ceiling_3x3m (7),1.90,1.70,-0.73
164.184,1,Ceiling_3x3m (7),1.94,1.70,-0.75
164.212,1,Ceiling_3x3m (7),1.92,1.70,-0.75
164.240,1,Ceiling_3x3m (7),1.96,1.70,-0.76
164.282,1,Ceiling_3x3m (7),1.98,1.70,-0.78
164.310,1,Ceiling_3x3m (7),1.95,1.70,-0.78
164.351,1,Ceiling_3x3m (7),1.95,1.70,-0.80
164.379,1,Ceiling_3x3m (7),1.97,1.70,-0.82
164.407,1,Ceiling_3x3m (7),1.98,1.70,-0.85
164.448,1,Ceiling_log_3m (21),2.41,1.50,-0.98
164.476,1,Ceiling_log_3m (21),2.41,1.50,-1.00
164.518,1,Ceiling_log_3m (21),2.40,1.50,-1.00
164.546,1,Ceiling_log_3m (21),2.42,1.50,-1.01
164.574,1,Ceiling_log_3m (21),2.38,1.50,-1.01
164.616,1,Ceiling_3x3m (7),1.99,1.70,-0.95
164.643,1,Ceiling_3x3m (7),2.00,1.70,-0.96
164.685,1,Ceiling_log_3m (21),2.37,1.50,-1.06
164.714,1,Ceiling_log_3m (21),2.36,1.50,-1.08
164.741,1,Ceiling_3x3m (7),1.96,1.70,-1.03
164.782,1,Ceiling_3x3m (7),1.93,1.70,-1.06
164.811,1,Ceiling_3x3m (6),1.94,1.70,-1.10
164.852,1,Ceiling_3x3m (6),1.93,1.70,-1.16
164.880,1,Ceiling_3x3m (6),1.92,1.70,-1.19
164.908,1,Ceiling_3x3m (6),1.89,1.70,-1.22
164.950,1,Ceiling_3x3m (6),1.83,1.70,-1.26
164.978,1,Ceiling_3x3m (6),1.79,1.70,-1.28
165.020,1,Ceiling_3x3m (6),1.77,1.70,-1.31
165.048,1,Ceiling_3x3m (6),1.78,1.70,-1.33
165.075,1,Ceiling_3x3m (6),1.79,1.70,-1.35
165.118,1,Ceiling_3x3m (6),1.80,1.70,-1.38
165.145,1,Ceiling_3x3m (6),1.79,1.70,-1.39
165.187,1,Ceiling_3x3m (6),1.80,1.70,-1.40
165.214,1,Ceiling_3x3m (6),1.80,1.70,-1.41
165.242,1,Ceiling_3x3m (6),1.80,1.70,-1.42
165.285,1,Ceiling_3x3m (6),1.83,1.70,-1.43
165.312,1,Ceiling_3x3m (6),1.85,1.70,-1.44
165.340,1,Ceiling_3x3m (6),1.86,1.70,-1.45
165.382,1,Ceiling_3x3m (6),1.84,1.70,-1.45
165.409,1,Ceiling_3x3m (6),1.81,1.70,-1.46
165.452,1,Ceiling_3x3m (6),1.88,1.70,-1.50
165.479,1,Ceiling_3x3m (6),1.85,1.70,-1.51
165.507,1,Ceiling_3x3m (6),1.83,1.70,-1.52
165.549,1,Ceiling_3x3m (6),1.80,1.70,-1.54
165.577,1,Ceiling_3x3m (6),1.73,1.70,-1.54
165.619,1,Ceiling_3x3m (6),1.57,1.70,-1.54
165.646,1,Ceiling_3x3m (6),1.54,1.70,-1.54
165.675,1,Ceiling_3x3m (6),1.57,1.70,-1.54
165.716,1,Ceiling_3x3m (6),1.65,1.70,-1.55
165.744,1,Ceiling_3x3m (6),1.65,1.70,-1.56
165.786,1,Ceiling_3x3m (6),1.65,1.70,-1.56
165.814,1,Ceiling_3x3m (6),1.65,1.70,-1.57
165.841,1,Ceiling_3x3m (6),1.67,1.70,-1.58
165.883,1,Ceiling_3x3m (6),1.72,1.70,-1.59
165.911,1,Ceiling_3x3m (6),1.69,1.70,-1.60
165.953,1,Ceiling_3x3m (6),1.63,1.70,-1.61
165.981,1,Ceiling_3x3m (6),1.67,1.70,-1.62
166.008,1,Ceiling_3x3m (6),1.64,1.70,-1.64
166.050,1,Ceiling_3x3m (6),1.65,1.70,-1.68
166.078,1,Ceiling_3x3m (6),1.67,1.70,-1.71
166.120,1,Ceiling_3x3m (6),1.76,1.70,-1.74
166.148,1,Ceiling_3x3m (6),1.83,1.70,-1.77
166.175,1,Ceiling_3x3m (6),1.82,1.70,-1.80
166.218,1,Ceiling_3x3m (6),1.75,1.70,-1.84
166.245,1,Ceiling_3x3m (6),1.75,1.70,-1.85
166.287,1,Ceiling_3x3m (6),1.70,1.70,-1.86
166.315,1,Ceiling_3x3m (6),1.68,1.70,-1.86
166.343,1,Ceiling_3x3m (6),1.64,1.70,-1.86
166.384,1,Ceiling_log_3m (20),1.52,1.69,-1.85
166.412,1,Ceiling_log_3m (20),1.52,1.65,-1.84
166.454,1,Ceiling_log_3m (20),1.52,1.62,-1.84
166.482,1,Ceiling_log_3m (20),1.52,1.63,-1.84
166.510,1,Ceiling_log_3m (20),1.52,1.66,-1.86
166.552,1,Ceiling_log_3m (20),1.52,1.67,-1.87
166.580,1,Ceiling_log_3m (20),1.52,1.69,-1.87
166.607,1,Ceiling_3x3m (6),1.53,1.70,-1.87
166.649,1,Ceiling_3x3m (6),1.54,1.70,-1.88
166.677,1,Ceiling_3x3m (6),1.54,1.70,-1.88
166.718,1,Ceiling_log_3m (20),1.52,1.68,-1.89
166.746,1,Ceiling_log_3m (20),1.52,1.67,-1.90
166.775,1,Ceiling_log_3m (20),1.52,1.66,-1.91
166.816,1,Ceiling_log_3m (20),1.52,1.64,-1.92
166.843,1,Ceiling_log_3m (20),1.52,1.65,-1.93
166.886,1,Ceiling_log_3m (20),1.52,1.65,-1.92
166.914,1,Ceiling_log_3m (20),1.52,1.66,-1.92
166.941,1,Ceiling_log_3m (20),1.52,1.69,-1.93
166.983,1,Ceiling_3x3m (6),1.53,1.70,-1.93
167.012,1,Ceiling_3x3m (6),1.58,1.70,-1.93
167.053,1,Ceiling_3x3m (6),1.55,1.70,-1.94
167.081,1,Ceiling_3x3m (6),1.62,1.70,-1.94
167.108,1,Ceiling_3x3m (6),1.65,1.70,-1.95
167.151,1,Ceiling_3x3m (6),1.64,1.70,-1.95
167.178,1,Ceiling_3x3m (6),1.67,1.70,-1.95
167.220,1,Ceiling_3x3m (6),1.57,1.70,-1.95
167.248,1,Ceiling_log_3m (20),1.52,1.69,-1.94
167.275,1,Ceiling_log_3m (20),1.52,1.66,-1.92
167.317,1,Ceiling_log_3m (20),1.52,1.62,-1.85
167.345,1,Ceiling_log_3m (20),1.52,1.61,-1.79
167.387,1,Ceiling_log_3m (20),1.52,1.66,-1.74
167.414,1,Ceiling_log_3m (20),1.52,1.69,-1.71
167.442,1,Ceiling_3x3m (6),1.57,1.70,-1.71
167.484,1,Ceiling_3x3m (6),1.64,1.70,-1.73
167.512,1,Ceiling_3x3m (6),1.67,1.70,-1.74
167.554,1,Ceiling_3x3m (6),1.74,1.70,-1.75
167.582,1,Ceiling_3x3m (6),1.79,1.70,-1.75
167.609,1,Ceiling_3x3m (6),1.80,1.70,-1.74
167.652,1,Ceiling_3x3m (6),1.82,1.70,-1.74
167.679,1,Ceiling_3x3m (6),1.83,1.70,-1.73
167.707,1,Ceiling_3x3m (6),1.81,1.70,-1.72
167.749,1,Ceiling_3x3m (6),1.77,1.70,-1.71
167.777,1,Ceiling_3x3m (6),1.75,1.70,-1.70
167.818,1,Ceiling_3x3m (6),1.71,1.70,-1.68
167.846,1,Ceiling_3x3m (6),1.68,1.70,-1.68
167.874,1,Ceiling_3x3m (6),1.66,1.70,-1.68
167.916,1,Ceiling_3x3m (6),1.62,1.70,-1.68
167.944,1,Ceiling_3x3m (6),1.61,1.70,-1.68
167.985,1,Ceiling_3x3m (6),1.57,1.70,-1.70
168.013,1,Ceiling_3x3m (6),1.55,1.70,-1.72
168.041,1,Ceiling_3x3m (6),1.54,1.70,-1.73
168.083,1,Ceiling_3x3m (6),1.56,1.70,-1.73
168.111,1,Ceiling_3x3m (6),1.56,1.70,-1.73
168.152,1,Ceiling_3x3m (6),1.57,1.70,-1.73
168.181,1,Ceiling_3x3m (6),1.59,1.70,-1.73
168.208,1,Ceiling_3x3m (6),1.61,1.70,-1.73
168.250,1,Ceiling_3x3m (6),1.63,1.70,-1.73
168.278,1,Ceiling_3x3m (6),1.64,1.70,-1.73
168.319,1,Ceiling_3x3m (6),1.67,1.70,-1.73
168.347,1,Ceiling_3x3m (6),1.68,1.70,-1.72
168.375,1,Ceiling_3x3m (6),1.68,1.70,-1.71
168.417,1,Ceiling_3x3m (6),1.69,1.70,-1.70
168.445,1,Ceiling_3x3m (6),1.71,1.70,-1.69
168.487,1,Ceiling_3x3m (6),1.72,1.70,-1.69
168.515,1,Ceiling_3x3m (6),1.72,1.70,-1.68
168.543,1,Ceiling_3x3m (6),1.72,1.70,-1.67
168.584,1,Ceiling_3x3m (6),1.69,1.70,-1.66
168.612,1,Ceiling_3x3m (6),1.66,1.70,-1.65
168.654,1,Ceiling_3x3m (6),1.61,1.70,-1.63
168.682,1,Ceiling_3x3m (6),1.56,1.70,-1.62
168.709,1,Ceiling_3x3m (6),1.54,1.70,-1.61
168.752,1,Ceiling_log_3m (20),1.52,1.68,-1.59
168.779,1,Ceiling_log_3m (20),1.52,1.67,-1.59
168.821,1,Ceiling_log_3m (20),1.52,1.64,-1.57
168.849,1,Ceiling_log_3m (20),1.52,1.63,-1.56
168.877,1,Ceiling_log_3m (20),1.52,1.62,-1.55
168.918,1,Ceiling_log_3m (20),1.52,1.60,-1.54
168.946,1,Ceiling_log_3m (20),1.52,1.59,-1.54
168.988,1,Ceiling_log_3m (20),1.52,1.56,-1.54
169.016,1,Ceiling_log_3m (20),1.52,1.54,-1.53
169.044,1,Ceiling_log_3m (20),1.52,1.52,-1.52
169.085,1,Ceiling_log_3m (20),1.47,1.50,-1.51
169.113,1,Wall_3mx20cm_Conference_Door,1.41,1.50,-1.50
169.142,1,Wall_3mx20cm_Conference_Door,1.41,1.47,-1.49
169.183,1,Wall_3mx20cm_Conference_Door,1.41,1.41,-1.49
169.210,1,Wall_3mx20cm_Conference_Door,1.41,1.37,-1.49
169.252,1,Wall_3mx20cm_Conference_Door,1.41,1.32,-1.49
169.280,1,Wall_3mx20cm_Conference_Door,1.41,1.29,-1.48
169.309,1,Wall_3mx20cm_Conference_Door,1.41,1.26,-1.48
169.350,1,Wall_3mx20cm_Conference_Door,1.41,1.21,-1.48
169.377,1,Wall_3mx20cm_Conference_Door,1.41,1.17,-1.47
169.419,1,Wall_3mx20cm_Conference_Door,1.41,1.11,-1.46
169.448,1,Wall_3mx20cm_Conference_Door,1.41,1.06,-1.45
169.475,1,Wall_3mx20cm_Conference_Door,1.41,1.01,-1.45
169.517,1,Wall_3mx20cm_Conference_Door,1.41,0.94,-1.44
169.544,1,Wall_3mx20cm_Conference_Door,1.41,0.91,-1.43
169.587,1,Wall_3mx20cm_Conference_Door,1.41,0.85,-1.42
169.614,1,Wall_3mx20cm_Conference_Door,1.41,0.81,-1.41
169.642,1,Wall_3mx20cm_Conference_Door,1.41,0.80,-1.40
169.684,1,Wall_3mx20cm_Conference_Door,1.41,0.80,-1.37
169.711,1,Wall_3mx20cm_Conference_Door,1.41,0.80,-1.37
169.753,1,Wall_3mx20cm_Conference_Door,1.41,0.82,-1.36
169.782,1,Wall_3mx20cm_Conference_Door,1.41,0.83,-1.36
169.810,1,Wall_3mx20cm_Conference_Door,1.41,0.82,-1.36
169.852,1,Wall_3mx20cm_Conference_Door,1.41,0.80,-1.35
169.879,1,Wall_3mx20cm_Conference_Door,1.41,0.79,-1.34
169.921,1,Wall_3mx20cm_Conference_Door,1.41,0.77,-1.32
169.949,1,Wall_3mx20cm_Conference_Door,1.41,0.76,-1.31
169.976,1,Wall_3mx20cm_Conference_Door,1.41,0.76,-1.30
170.018,1,Wall_3mx20cm_Conference_Door,1.41,0.75,-1.29
170.046,1,Wall_3mx20cm_Conference_Door,1.41,0.76,-1.28
170.087,1,Wall_3mx20cm_Conference_Door,1.41,0.78,-1.28
170.115,1,Wall_3mx20cm_Conference_Door,1.41,0.78,-1.27
170.143,1,Wall_3mx20cm_Conference_Door,1.41,0.78,-1.26
170.185,1,Wall_3mx20cm_Conference_Door,1.41,0.78,-1.25
170.212,1,Wall_3mx20cm_Conference_Door,1.41,0.79,-1.24
170.254,1,Wall_3mx20cm_Conference_Door,1.41,0.79,-1.22
170.282,1,Wall_3mx20cm_Conference_Door,1.41,0.79,-1.21
170.310,1,Wall_3mx20cm_Conference_Door,1.41,0.79,-1.21
170.352,1,Wall_3mx20cm_Conference_Door,1.41,0.80,-1.20
170.380,1,Wall_3mx20cm_Conference_Door,1.41,0.81,-1.20
170.422,1,Wall_3mx20cm_Conference_Door,1.41,0.81,-1.21
170.449,1,Wall_3mx20cm_Conference_Door,1.41,0.81,-1.22
170.477,1,Wall_3mx20cm_Conference_Door,1.41,0.82,-1.23
170.519,1,Wall_3mx20cm_Conference_Door,1.41,0.83,-1.25
170.547,1,Wall_3mx20cm_Conference_Door,1.41,0.84,-1.26
170.589,1,Wall_3mx20cm_Conference_Door,1.41,0.86,-1.25
170.617,1,Wall_3mx20cm_Conference_Door,1.41,0.87,-1.25
170.644,1,Wall_3mx20cm_Conference_Door,1.41,0.87,-1.25
170.686,1,Wall_3mx20cm_Conference_Door,1.41,0.87,-1.24
170.713,1,Wall_3mx20cm_Conference_Door,1.41,0.89,-1.23
170.742,1,Wall_3mx20cm_Conference_Door,1.41,0.89,-1.23
170.784,1,Wall_3mx20cm_Conference_Door,1.41,0.90,-1.22
170.811,1,Wall_3mx20cm_Conference_Door,1.41,0.91,-1.22
170.853,1,Wall_3mx20cm_Conference_Door,1.41,0.93,-1.21
170.881,1,Wall_3mx20cm_Conference_Door,1.41,0.94,-1.22
170.909,1,Wall_3mx20cm_Conference_Door,1.41,0.94,-1.21
170.951,1,Wall_3mx20cm_Conference_Door,1.41,0.95,-1.21
170.979,1,Wall_3mx20cm_Conference_Door,1.41,0.96,-1.20
171.020,1,Wall_3mx20cm_Conference_Door,1.41,0.96,-1.20
171.049,1,Wall_3mx20cm_Conference_Door,1.41,0.96,-1.19
171.076,1,Wall_3mx20cm_Conference_Door,1.41,0.97,-1.19
171.118,1,Wall_3mx20cm_Conference_Door,1.41,0.98,-1.19
171.145,1,Wall_3mx20cm_Conference_Door,1.41,0.99,-1.19
171.187,1,Wall_3mx20cm_Conference_Door,1.41,1.00,-1.20
171.215,1,Wall_3mx20cm_Conference_Door,1.41,1.01,-1.20
171.242,1,Wall_3mx20cm_Conference_Door,1.41,1.01,-1.20
171.284,1,Wall_3mx20cm_Conference_Door,1.41,1.03,-1.20
171.312,1,Wall_3mx20cm_Conference_Door,1.41,1.04,-1.20
171.354,1,Wall_3mx20cm_Conference_Door,1.41,1.04,-1.20
171.383,1,Wall_3mx20cm_Conference_Door,1.41,1.04,-1.20
171.409,1,Wall_3mx20cm_Conference_Door,1.41,1.03,-1.19
171.451,1,Wall_3mx20cm_Conference_Door,1.41,1.03,-1.19
171.479,1,Wall_3mx20cm_Conference_Door,1.41,1.02,-1.19
171.521,1,Wall_3mx20cm_Conference_Door,1.41,1.03,-1.19
171.548,1,Wall_3mx20cm_Conference_Door,1.41,1.03,-1.19
171.576,1,Wall_3mx20cm_Conference_Door,1.41,1.04,-1.19
171.618,1,Wall_3mx20cm_Conference_Door,1.41,1.05,-1.18
171.647,1,Wall_3mx20cm_Conference_Door,1.41,1.05,-1.18
171.675,1,Wall_3mx20cm_Conference_Door,1.41,1.06,-1.17
171.716,1,Wall_3mx20cm_Conference_Door,1.41,1.07,-1.16
171.744,1,Wall_3mx20cm_Conference_Door,1.41,1.07,-1.15
171.786,1,Wall_3mx20cm_Conference_Door,1.41,1.07,-1.13
171.814,1,Wall_3mx20cm_Conference_Door,1.41,1.07,-1.12
171.842,1,Wall_3mx20cm_Conference_Door,1.41,1.08,-1.12
171.884,1,Wall_3mx20cm_Conference_Door,1.41,1.08,-1.11
171.912,1,Wall_3mx20cm_Conference_Door,1.41,1.08,-1.11
171.954,1,Wall_3mx20cm_Conference_Door,1.41,1.10,-1.11
171.981,1,Wall_3mx20cm_Conference_Door,1.41,1.10,-1.11
172.008,1,Wall_3mx20cm_Conference_Door,1.41,1.10,-1.11
172.050,1,Wall_3mx20cm_Conference_Door,1.41,1.11,-1.11
172.078,1,Wall_3mx20cm_Conference_Door,1.41,1.12,-1.11
172.121,1,Wall_3mx20cm_Conference_Door,1.41,1.13,-1.12
172.148,1,Wall_3mx20cm_Conference_Door,1.41,1.13,-1.13
172.176,1,Wall_3mx20cm_Conference_Door,1.41,1.13,-1.13
172.218,1,Wall_3mx20cm_Conference_Door,1.41,1.14,-1.14
172.245,1,Wall_3mx20cm_Conference_Door,1.41,1.15,-1.15
172.287,1,Wall_3mx20cm_Conference_Door,1.41,1.15,-1.15
172.315,1,Wall_3mx20cm_Conference_Door,1.41,1.15,-1.16
172.343,1,Wall_3mx20cm_Conference_Door,1.41,1.15,-1.16
172.385,1,Wall_3mx20cm_Conference_Door,1.41,1.16,-1.16
172.412,1,Wall_3mx20cm_Conference_Door,1.41,1.16,-1.16
172.454,1,Wall_3mx20cm_Conference_Door,1.41,1.17,-1.17
172.482,1,Wall_3mx20cm_Conference_Door,1.41,1.18,-1.17
172.510,1,Wall_3mx20cm_Conference_Door,1.41,1.18,-1.17
172.552,1,Wall_3mx20cm_Conference_Door,1.41,1.20,-1.18
172.579,1,Wall_3mx20cm_Conference_Door,1.41,1.21,-1.17
172.621,1,Wall_3mx20cm_Conference_Door,1.41,1.23,-1.18
172.649,1,Wall_3mx20cm_Conference_Door,1.41,1.24,-1.18
172.677,1,Wall_3mx20cm_Conference_Door,1.41,1.24,-1.18
172.719,1,Wall_3mx20cm_Conference_Door,1.41,1.24,-1.17
172.746,1,Wall_3mx20cm_Conference_Door,1.41,1.25,-1.17
172.789,1,Wall_3mx20cm_Conference_Door,1.41,1.26,-1.16
172.816,1,Wall_3mx20cm_Conference_Door,1.41,1.27,-1.16
172.845,1,Wall_3mx20cm_Conference_Door,1.41,1.27,-1.15
172.886,1,Wall_3mx20cm_Conference_Door,1.41,1.28,-1.15
172.913,1,Wall_3mx20cm_Conference_Door,1.41,1.29,-1.14
172.955,1,Wall_3mx20cm_Conference_Door,1.41,1.30,-1.13
172.983,1,Wall_3mx20cm_Conference_Door,1.41,1.30,-1.13
173.011,1,Wall_3mx20cm_Conference_Door,1.41,1.30,-1.12
173.053,1,Wall_3mx20cm_Conference_Door,1.41,1.31,-1.11
173.081,1,Wall_3mx20cm_Conference_Door,1.41,1.31,-1.10
173.109,1,Wall_3mx20cm_Door (1),1.41,1.31,-1.09
173.151,1,Wall_3mx20cm_Door (1),1.41,1.32,-1.08
173.178,1,Wall_3mx20cm_Door (1),1.41,1.33,-1.06
173.220,1,Wall_3mx20cm_Door (1),1.41,1.34,-1.03
173.248,1,Wall_3mx20cm_Door (1),1.41,1.36,-1.01
173.276,1,Wall_3mx20cm_Door (1),1.41,1.38,-0.98
173.317,1,Wall_3mx20cm_Door (1),1.41,1.41,-0.94
173.345,1,Wall_3mx20cm_Door (1),1.41,1.43,-0.91
173.387,1,Wall_3mx20cm_Door (1),1.41,1.46,-0.87
173.415,1,Wall_3mx20cm_Door (1),1.41,1.47,-0.84
173.443,1,Wall_3mx20cm_Door (1),1.41,1.49,-0.80
173.484,1,Ceiling_log_3m (20),1.45,1.50,-0.76
173.512,1,Ceiling_log_3m (20),1.47,1.50,-0.73
173.554,1,Ceiling_log_3m (20),1.44,1.50,-0.68
173.582,1,Wall_3mx20cm_Door (1),1.41,1.50,-0.65
173.610,1,Wall_3mx20cm_Door (1),1.41,1.51,-0.63
173.651,1,Ceiling_log_3m (20),1.45,1.50,-0.62
173.679,1,Ceiling_log_3m (20),1.48,1.50,-0.61
173.721,1,Ceiling_log_3m (20),1.52,1.52,-0.62
173.749,1,Ceiling_log_3m (20),1.52,1.56,-0.62
173.777,1,Ceiling_log_3m (20),1.52,1.59,-0.62
173.819,1,Ceiling_log_3m (20),1.52,1.64,-0.63
173.846,1,Ceiling_log_3m (20),1.52,1.67,-0.63
173.888,1,Ceiling_3x3m (7),1.58,1.70,-0.66
173.916,1,Ceiling_3x3m (7),1.63,1.70,-0.68
173.944,1,Ceiling_3x3m (7),1.67,1.70,-0.70
173.985,1,Ceiling_3x3m (7),1.68,1.70,-0.70
174.013,1,Ceiling_3x3m (7),1.67,1.70,-0.69
174.055,1,Ceiling_3x3m (7),1.66,1.70,-0.66
174.083,1,Ceiling_3x3m (7),1.66,1.70,-0.64
174.111,1,Ceiling_3x3m (7),1.69,1.70,-0.63
174.152,1,Ceiling_3x3m (7),1.72,1.70,-0.60
174.181,1,Ceiling_3x3m (7),1.77,1.70,-0.58
174.208,1,Ceiling_3x3m (7),1.86,1.70,-0.58
174.250,1,Ceiling_3x3m (7),1.98,1.70,-0.58
174.278,1,Ceiling_log_3m (21),2.37,1.50,-0.68
174.320,1,Ceiling_3x3m (7),1.99,1.70,-0.56
174.348,1,Ceiling_3x3m (7),1.96,1.70,-0.55
174.375,1,Ceiling_3x3m (7),1.93,1.70,-0.53
174.418,1,Ceiling_3x3m (7),1.91,1.70,-0.52
174.445,1,Ceiling_3x3m (7),1.90,1.70,-0.49
174.487,1,Ceiling_3x3m (7),1.88,1.70,-0.44
174.515,1,Ceiling_3x3m (7),1.86,1.70,-0.40
174.543,1,Ceiling_3x3m (7),1.81,1.70,-0.35
174.585,1,Wall_3mx20cm_Wood_Panels (2),1.90,1.62,-0.31
174.612,1,Wall_3mx20cm_Wood_Panels (2),2.03,1.56,-0.31
174.654,1,Wall_3mx20cm_Wood_Panels (2),2.19,1.51,-0.31
174.682,1,Wall_3mx20cm_Wood_Panels (2),2.28,1.49,-0.31
174.709,1,Wall_3mx20cm_Wood_Panels (2),2.36,1.47,-0.31
174.751,1,Wall_3mx20cm_Wood_Panels (2),2.42,1.46,-0.31
174.779,1,Wall_3mx20cm_Wood_Panels (2),2.44,1.46,-0.31
174.821,1,Wall_3mx20cm_Wood_Panels (2),2.43,1.46,-0.31
174.849,1,Wall_3mx20cm_Wood_Panels (2),2.42,1.46,-0.31
174.876,1,Wall_3mx20cm_Wood_Panels (2),2.40,1.48,-0.31
174.918,1,Wall_3mx20cm_Wood_Panels (2),2.34,1.51,-0.31
174.947,1,Wall_3mx20cm_Wood_Panels (2),2.29,1.52,-0.31
174.988,1,Wall_3mx20cm_Wood_Panels (2),2.26,1.55,-0.31
175.016,1,Ceiling_log_3m (21),2.39,1.50,-0.36
175.044,1,Ceiling_log_3m (21),2.38,1.50,-0.36
175.086,1,Ceiling_log_3m (21),2.37,1.50,-0.36
175.114,1,Ceiling_log_3m (21),2.40,1.50,-0.36
175.155,1,Ceiling_log_3m (21),2.40,1.50,-0.37
175.183,1,Ceiling_log_3m (21),2.41,1.50,-0.39
175.210,1,Ceiling_log_3m (21),2.44,1.50,-0.41
175.252,1,Ceiling_log_3m (21),2.46,1.53,-0.46
175.280,1,Ceiling_log_3m (21),2.46,1.55,-0.49
175.322,1,Ceiling_log_3m (21),2.46,1.60,-0.53
175.350,1,Ceiling_log_3m (21),2.46,1.64,-0.55
175.377,1,Ceiling_log_3m (21),2.46,1.67,-0.58
175.419,1,Ceiling_3x3m (7),2.56,1.70,-0.66
175.447,1,Ceiling_3x3m (7),2.57,1.70,-0.69
175.489,1,Ceiling_3x3m (7),2.49,1.70,-0.72
175.517,1,Ceiling_log_3m (21),2.46,1.68,-0.74
175.545,1,Ceiling_log_3m (21),2.46,1.63,-0.76
175.587,1,Ceiling_log_3m (21),2.46,1.53,-0.78
175.614,1,Ceiling_log_3m (21),2.38,1.50,-0.77
175.655,1,Ceiling_3x3m (7),1.80,1.70,-0.63
175.683,1,Ceiling_3x3m (7),1.65,1.70,-0.58
175.711,1,Ceiling_3x3m (7),1.53,1.70,-0.55
175.753,1,Ceiling_log_3m (20),1.52,1.62,-0.56
175.781,1,Ceiling_log_3m (20),1.52,1.58,-0.56
175.809,1,Ceiling_log_3m (20),1.52,1.54,-0.56
175.851,1,Ceiling_log_3m (20),1.52,1.51,-0.56
175.879,1,Ceiling_log_3m (20),1.49,1.50,-0.55
175.920,1,Ceiling_log_3m (20),1.49,1.50,-0.57
175.948,1,Ceiling_log_3m (20),1.50,1.50,-0.59
175.977,1,Ceiling_log_3m (20),1.49,1.50,-0.61
176.018,1,Ceiling_log_3m (20),1.44,1.50,-0.63
176.046,1,Wall_3mx20cm_Door (1),1.41,1.50,-0.65
176.087,1,Wall_3mx20cm_Door (1),1.41,1.47,-0.69
176.116,1,Wall_3mx20cm_Door (1),1.41,1.47,-0.71
176.144,1,Wall_3mx20cm_Door (1),1.41,1.47,-0.72
176.185,1,Wall_3mx20cm_Door (1),1.41,1.47,-0.74
176.213,1,Wall_3mx20cm_Door (1),1.41,1.48,-0.75
176.255,1,Wall_3mx20cm_Door (1),1.41,1.47,-0.76
176.282,1,Wall_3mx20cm_Door (1),1.41,1.47,-0.76
176.310,1,Wall_3mx20cm_Door (1),1.41,1.47,-0.77
176.352,1,Wall_3mx20cm_Door (1),1.41,1.47,-0.76
176.380,1,Wall_3mx20cm_Door (1),1.41,1.49,-0.76
176.421,1,Wall_3mx20cm_Door (1),1.41,1.50,-0.75
176.449,1,Wall_3mx20cm_Door (1),1.41,1.50,-0.75
176.477,1,Wall_3mx20cm_Door (1),1.41,1.50,-0.75
176.519,1,Wall_3mx20cm_Door (1),1.41,1.48,-0.75
176.547,1,Wall_3mx20cm_Door (1),1.41,1.47,-0.76
176.589,1,Wall_3mx20cm_Door (1),1.41,1.47,-0.77
176.616,1,Wall_3mx20cm_Door (1),1.41,1.48,-0.78
176.644,1,Wall_3mx20cm_Door (1),1.41,1.48,-0.78
176.686,1,Wall_3mx20cm_Door (1),1.41,1.48,-0.79
176.714,1,Wall_3mx20cm_Door (1),1.41,1.48,-0.79
176.742,1,Wall_3mx20cm_Door (1),1.41,1.48,-0.80
176.783,1,Wall_3mx20cm_Door (1),1.41,1.48,-0.79
176.811,1,Wall_3mx20cm_Door (1),1.41,1.49,-0.79
176.853,1,Wall_3mx20cm_Door (1),1.41,1.50,-0.79
176.882,1,Wall_3mx20cm_Door (1),1.41,1.50,-0.78
176.909,1,Wall_3mx20cm_Door (1),1.41,1.50,-0.77
176.950,1,Ceiling_log_3m (20),1.43,1.50,-0.76
176.979,1,Ceiling_log_3m (20),1.45,1.50,-0.76
177.021,1,Ceiling_log_3m (20),1.44,1.50,-0.74
177.048,1,Ceiling_log_3m (20),1.45,1.50,-0.74
177.076,1,Ceiling_log_3m (20),1.45,1.50,-0.73
177.118,1,Ceiling_log_3m (20),1.45,1.50,-0.73
177.146,1,Ceiling_log_3m (20),1.44,1.50,-0.72
177.188,1,Ceiling_log_3m (20),1.43,1.50,-0.72
177.215,1,Wall_3mx20cm_Door (1),1.41,1.51,-0.71
177.243,1,Wall_3mx20cm_Door (1),1.41,1.50,-0.72
177.285,1,Wall_3mx20cm_Door (1),1.41,1.50,-0.72
177.313,1,Wall_3mx20cm_Door (1),1.41,1.49,-0.72
177.354,1,Wall_3mx20cm_Door (1),1.41,1.48,-0.72
177.382,1,Wall_3mx20cm_Door (1),1.41,1.48,-0.72
177.410,1,Wall_3mx20cm_Door (1),1.41,1.48,-0.72
177.453,1,Wall_3mx20cm_Door (1),1.41,1.47,-0.71
177.479,1,Wall_3mx20cm_Door (1),1.41,1.47,-0.71
177.521,1,Wall_3mx20cm_Door (1),1.41,1.47,-0.72
177.549,1,Wall_3mx20cm_Door (1),1.41,1.46,-0.73
177.578,1,Wall_3mx20cm_Door (1),1.41,1.46,-0.73
177.620,1,Wall_3mx20cm_Door (1),1.41,1.46,-0.74
177.647,1,Wall_3mx20cm_Door (1),1.41,1.46,-0.75
177.689,1,Wall_3mx20cm_Door (1),1.41,1.46,-0.75
177.717,1,Wall_3mx20cm_Door (1),1.41,1.46,-0.76
177.744,1,Wall_3mx20cm_Door (1),1.41,1.47,-0.76
177.787,1,Wall_3mx20cm_Door (1),1.41,1.46,-0.76
177.814,1,Wall_3mx20cm_Door (1),1.41,1.45,-0.77
177.856,1,Wall_3mx20cm_Door (1),1.41,1.45,-0.77
177.885,1,Wall_3mx20cm_Door (1),1.41,1.45,-0.77
177.912,1,Wall_3mx20cm_Door (1),1.41,1.45,-0.77
177.954,1,Wall_3mx20cm_Door (1),1.41,1.45,-0.78
177.981,1,Wall_3mx20cm_Door (1),1.41,1.44,-0.78
178.009,1,Wall_3mx20cm_Door (1),1.41,1.45,-0.79
178.051,1,Wall_3mx20cm_Door (1),1.41,1.44,-0.79
178.079,1,Wall_3mx20cm_Door (1),1.41,1.44,-0.79
178.121,1,Wall_3mx20cm_Door (1),1.41,1.43,-0.79
178.149,1,Wall_3mx20cm_Door (1),1.41,1.43,-0.79
178.190,1,Wall_3mx20cm_Door (1),1.41,1.43,-0.79
178.218,1,Wall_3mx20cm_Door (1),1.41,1.43,-0.79
178.246,1,Wall_3mx20cm_Door (1),1.41,1.43,-0.79
178.288,1,Wall_3mx20cm_Door (1),1.41,1.43,-0.79
178.315,1,Wall_3mx20cm_Door (1),1.41,1.43,-0.79
178.343,1,Wall_3mx20cm_Door (1),1.41,1.44,-0.79
178.385,1,Wall_3mx20cm_Door (1),1.41,1.45,-0.79
178.413,1,Wall_3mx20cm_Door (1),1.41,1.44,-0.79
178.455,1,Wall_3mx20cm_Door (1),1.41,1.45,-0.78
178.483,1,Wall_3mx20cm_Door (1),1.41,1.45,-0.78
178.511,1,Wall_3mx20cm_Door (1),1.41,1.46,-0.78
178.552,1,Wall_3mx20cm_Door (1),1.41,1.46,-0.78
178.580,1,Wall_3mx20cm_Door (1),1.41,1.46,-0.79
178.621,1,Wall_3mx20cm_Door (1),1.41,1.47,-0.79
178.650,1,Wall_3mx20cm_Door (1),1.41,1.47,-0.79
178.677,1,Wall_3mx20cm_Door (1),1.41,1.48,-0.81
178.719,1,Wall_3mx20cm_Door (1),1.41,1.47,-0.80
178.747,1,Wall_3mx20cm_Door (1),1.41,1.46,-0.79
178.789,1,Wall_3mx20cm_Door (1),1.41,1.49,-0.77
178.817,1,Ceiling_log_3m (20),1.44,1.50,-0.77
178.844,1,Ceiling_log_3m (20),1.47,1.50,-0.77
178.887,1,Ceiling_log_3m (20),1.52,1.50,-0.76
178.914,1,Ceiling_log_3m (20),1.52,1.52,-0.75
178.956,1,Ceiling_log_3m (20),1.52,1.55,-0.73
178.984,1,Ceiling_log_3m (20),1.52,1.57,-0.72
179.012,1,Ceiling_log_3m (20),1.52,1.59,-0.70
179.053,1,Ceiling_log_3m (20),1.52,1.61,-0.69
179.081,1,Ceiling_log_3m (20),1.52,1.62,-0.68
179.109,1,Ceiling_log_3m (20),1.52,1.63,-0.68
179.151,1,Ceiling_log_3m (20),1.52,1.65,-0.66
179.179,1,Ceiling_log_3m (20),1.52,1.66,-0.66
179.221,1,Ceiling_log_3m (20),1.52,1.67,-0.66
179.248,1,Ceiling_log_3m (20),1.52,1.68,-0.66
179.290,1,Ceiling_log_3m (20),1.52,1.69,-0.66
179.317,1,Ceiling_log_3m (20),1.52,1.69,-0.66
179.346,1,Ceiling_3x3m (7),1.53,1.70,-0.66
179.388,1,Ceiling_3x3m (7),1.56,1.70,-0.67
179.416,1,Ceiling_3x3m (7),1.57,1.70,-0.67
179.456,1,Ceiling_3x3m (7),1.59,1.70,-0.67
179.484,1,Ceiling_3x3m (7),1.61,1.70,-0.67
179.512,1,Ceiling_3x3m (7),1.65,1.70,-0.67
179.554,1,Ceiling_3x3m (7),1.68,1.70,-0.66
179.581,1,Ceiling_3x3m (7),1.69,1.70,-0.65
179.624,1,Ceiling_3x3m (7),1.71,1.70,-0.65
179.651,1,Ceiling_3x3m (7),1.72,1.70,-0.64
179.679,1,Ceiling_3x3m (7),1.72,1.70,-0.64
179.721,1,Ceiling_3x3m (7),1.70,1.70,-0.62
179.749,1,Ceiling_3x3m (7),1.71,1.70,-0.62
179.776,1,Ceiling_3x3m (7),1.73,1.70,-0.62
179.819,1,Ceiling_3x3m (7),1.72,1.70,-0.62
179.846,1,Ceiling_3x3m (7),1.72,1.70,-0.61
179.888,1,Ceiling_3x3m (7),1.73,1.70,-0.61
179.916,1,Ceiling_3x3m (7),1.75,1.70,-0.60
179.944,1,Ceiling_3x3m (7),1.75,1.70,-0.61
179.986,1,Ceiling_3x3m (7),1.75,1.70,-0.60
180.013,1,Ceiling_3x3m (7),1.75,1.70,-0.59
180.055,1,Ceiling_3x3m (7),1.75,1.70,-0.58
180.083,1,Ceiling_3x3m (7),1.74,1.70,-0.58
180.111,1,Ceiling_3x3m (7),1.73,1.70,-0.58
180.153,1,Ceiling_3x3m (7),1.70,1.70,-0.57
180.180,1,Ceiling_3x3m (7),1.69,1.70,-0.58
180.222,1,Ceiling_3x3m (7),1.69,1.70,-0.59
180.250,1,Ceiling_3x3m (7),1.68,1.70,-0.60
180.278,1,Ceiling_3x3m (7),1.68,1.70,-0.60
180.320,1,Ceiling_3x3m (7),1.69,1.70,-0.60
180.348,1,Ceiling_3x3m (7),1.68,1.70,-0.61
180.389,1,Ceiling_3x3m (7),1.69,1.70,-0.61
180.417,1,Ceiling_3x3m (7),1.69,1.70,-0.61
180.445,1,Ceiling_3x3m (7),1.69,1.70,-0.62
180.487,1,Ceiling_3x3m (7),1.70,1.70,-0.61
180.686,1,Ceiling_3x3m (7),1.77,1.70,-0.63
180.686,1,Ceiling_3x3m (7),1.77,1.70,-0.63
180.686,1,Ceiling_3x3m (7),1.77,1.70,-0.63
180.686,1,Ceiling_3x3m (7),1.77,1.70,-0.63
180.686,1,Ceiling_3x3m (7),1.77,1.70,-0.63
180.686,1,Ceiling_3x3m (7),1.77,1.70,-0.63
180.710,1,Ceiling_3x3m (7),1.84,1.70,-0.63
180.751,1,Ceiling_3x3m (7),1.88,1.70,-0.63
180.780,1,Ceiling_3x3m (7),1.91,1.70,-0.62
180.821,1,Ceiling_3x3m (7),1.93,1.70,-0.61
180.849,1,Ceiling_3x3m (7),1.94,1.70,-0.60
180.876,1,Ceiling_3x3m (7),1.95,1.70,-0.59
180.919,1,Ceiling_3x3m (7),1.97,1.70,-0.57
180.946,1,Ceiling_3x3m (7),1.98,1.70,-0.57
180.988,1,Ceiling_3x3m (7),2.00,1.70,-0.57
181.016,1,Ceiling_log_3m (21),2.36,1.50,-0.68
181.044,1,Ceiling_log_3m (21),2.37,1.50,-0.68
181.085,1,Ceiling_log_3m (21),2.37,1.50,-0.68
181.113,1,Ceiling_log_3m (21),2.37,1.50,-0.68
181.155,1,Ceiling_log_3m (21),2.38,1.50,-0.68
181.183,1,Ceiling_log_3m (21),2.38,1.50,-0.68
181.210,1,Ceiling_log_3m (21),2.38,1.50,-0.68
181.253,1,Ceiling_log_3m (21),2.39,1.50,-0.69
181.281,1,Ceiling_log_3m (21),2.40,1.50,-0.69
181.322,1,Ceiling_log_3m (21),2.39,1.50,-0.69
181.350,1,Ceiling_log_3m (21),2.39,1.50,-0.69
181.378,1,Ceiling_log_3m (21),2.39,1.50,-0.69
181.419,1,Ceiling_log_3m (21),2.40,1.50,-0.68
181.447,1,Ceiling_log_3m (21),2.42,1.50,-0.68
181.489,1,Ceiling_log_3m (21),2.44,1.50,-0.68
181.516,1,Ceiling_log_3m (21),2.46,1.51,-0.69
181.545,1,Ceiling_log_3m (21),2.46,1.51,-0.69
181.586,1,Ceiling_log_3m (21),2.46,1.52,-0.69
181.614,1,Ceiling_log_3m (21),2.46,1.51,-0.68
181.656,1,Ceiling_log_3m (21),2.46,1.50,-0.68
181.684,1,Ceiling_log_3m (21),2.44,1.50,-0.67
181.711,1,Ceiling_log_3m (21),2.43,1.50,-0.66
181.754,1,Ceiling_log_3m (21),2.46,1.50,-0.67
181.781,1,Ceiling_log_3m (21),2.46,1.53,-0.69
181.823,1,Ceiling_log_3m (21),2.46,1.53,-0.70
181.851,1,Ceiling_log_3m (21),2.46,1.54,-0.72
181.879,1,Ceiling_log_3m (21),2.46,1.55,-0.73
181.921,1,Ceiling_log_3m (21),2.46,1.55,-0.74
181.948,1,Ceiling_log_3m (21),2.46,1.55,-0.75
181.990,1,Ceiling_log_3m (21),2.46,1.56,-0.75
182.018,1,Ceiling_log_3m (21),2.46,1.55,-0.75
182.046,1,Ceiling_log_3m (21),2.46,1.55,-0.74
182.088,1,Ceiling_log_3m (21),2.46,1.54,-0.72
182.115,1,Ceiling_log_3m (21),2.46,1.53,-0.71
182.158,1,Ceiling_log_3m (21),2.46,1.52,-0.70
182.185,1,Ceiling_log_3m (21),2.46,1.51,-0.70
182.213,1,Ceiling_log_3m (21),2.44,1.50,-0.69
182.255,1,Ceiling_log_3m (21),2.41,1.50,-0.68
182.283,1,Ceiling_log_3m (21),2.38,1.50,-0.66
182.311,1,Ceiling_log_3m (21),2.37,1.50,-0.65
182.352,1,Ceiling_3x3m (7),1.98,1.70,-0.54
182.381,1,Ceiling_3x3m (7),1.96,1.70,-0.52
182.422,1,Ceiling_3x3m (7),1.95,1.70,-0.51
182.450,1,Ceiling_3x3m (7),1.95,1.70,-0.51
182.478,1,Ceiling_3x3m (7),1.96,1.70,-0.51
182.519,1,Ceiling_3x3m (7),1.96,1.70,-0.51
182.547,1,Ceiling_3x3m (7),1.97,1.70,-0.52
182.589,1,Ceiling_3x3m (7),1.98,1.70,-0.53
182.617,1,Ceiling_3x3m (7),1.99,1.70,-0.53
182.645,1,Ceiling_log_3m (21),2.37,1.50,-0.65
182.686,1,Ceiling_log_3m (21),2.36,1.50,-0.66
182.714,1,Ceiling_3x3m (7),1.99,1.70,-0.56
182.756,1,Ceiling_3x3m (7),1.98,1.70,-0.58
182.784,1,Ceiling_3x3m (7),1.95,1.70,-0.58
182.812,1,Ceiling_3x3m (7),1.93,1.70,-0.58
182.854,1,Ceiling_3x3m (7),1.93,1.70,-0.59
182.881,1,Ceiling_3x3m (7),1.91,1.70,-0.58
182.923,1,Ceiling_3x3m (7),1.92,1.70,-0.59
182.951,1,Ceiling_3x3m (7),1.93,1.70,-0.60
182.979,1,Ceiling_3x3m (7),1.93,1.70,-0.59
183.020,1,Ceiling_3x3m (7),1.95,1.70,-0.60
183.049,1,Ceiling_3x3m (7),1.94,1.70,-0.59
183.090,1,Ceiling_3x3m (7),1.95,1.70,-0.59
183.118,1,Ceiling_3x3m (7),1.96,1.70,-0.58
183.146,1,Ceiling_3x3m (7),1.95,1.70,-0.58
183.188,1,Ceiling_3x3m (7),1.90,1.70,-0.55
183.216,1,Ceiling_3x3m (7),1.88,1.70,-0.54
183.258,1,Ceiling_3x3m (7),1.85,1.70,-0.53
183.286,1,Ceiling_3x3m (7),1.85,1.70,-0.53
183.314,1,Ceiling_3x3m (7),1.83,1.70,-0.53
183.355,1,Ceiling_3x3m (7),1.83,1.70,-0.53
183.383,1,Ceiling_3x3m (7),1.82,1.70,-0.53
183.411,1,Ceiling_3x3m (7),1.82,1.70,-0.52
183.453,1,Ceiling_3x3m (7),1.85,1.70,-0.51
183.480,1,Ceiling_3x3m (7),1.87,1.70,-0.51
183.522,1,Ceiling_3x3m (7),1.91,1.70,-0.52
183.550,1,Ceiling_3x3m (7),1.92,1.70,-0.53
183.578,1,Ceiling_3x3m (7),1.92,1.70,-0.53
183.620,1,Ceiling_3x3m (7),1.92,1.70,-0.54
183.648,1,Ceiling_3x3m (7),1.93,1.70,-0.56
183.690,1,Ceiling_3x3m (7),1.92,1.70,-0.57
183.717,1,Ceiling_3x3m (7),1.92,1.70,-0.59
183.745,1,Ceiling_3x3m (7),1.93,1.70,-0.60
183.787,1,Ceiling_3x3m (7),1.91,1.70,-0.62
183.814,1,Ceiling_3x3m (7),1.92,1.70,-0.64
183.856,1,Ceiling_3x3m (7),1.91,1.70,-0.66
183.884,1,Ceiling_3x3m (7),1.92,1.70,-0.67
183.912,1,Ceiling_3x3m (7),1.94,1.70,-0.69
183.954,1,Ceiling_3x3m (7),1.95,1.70,-0.72
183.981,1,Ceiling_3x3m (7),1.95,1.70,-0.74
184.023,1,Ceiling_3x3m (7),1.92,1.70,-0.76
184.052,1,Ceiling_3x3m (7),1.91,1.70,-0.77
184.079,1,Ceiling_3x3m (7),1.89,1.70,-0.77
184.121,1,Ceiling_3x3m (7),1.82,1.70,-0.77
184.149,1,Ceiling_3x3m (7),1.80,1.70,-0.78
184.190,1,Ceiling_3x3m (7),1.79,1.70,-0.80
184.219,1,Ceiling_3x3m (7),1.78,1.70,-0.80
184.246,1,Ceiling_3x3m (7),1.77,1.70,-0.81
184.290,1,Ceiling_3x3m (7),1.74,1.70,-0.82
184.317,1,Ceiling_3x3m (7),1.73,1.70,-0.84
184.344,1,Ceiling_3x3m (7),1.72,1.70,-0.85
184.386,1,Ceiling_3x3m (7),1.70,1.70,-0.85
184.412,1,Ceiling_3x3m (7),1.68,1.70,-0.85
184.455,1,Ceiling_3x3m (7),1.66,1.70,-0.85
184.482,1,Ceiling_3x3m (7),1.64,1.70,-0.85
184.511,1,Ceiling_3x3m (7),1.62,1.70,-0.86
184.552,1,Ceiling_3x3m (7),1.61,1.70,-0.86
184.580,1,Ceiling_3x3m (7),1.60,1.70,-0.86
184.621,1,Ceiling_3x3m (7),1.60,1.70,-0.86
184.650,1,Ceiling_3x3m (7),1.60,1.70,-0.86
184.677,1,Ceiling_3x3m (7),1.60,1.70,-0.85
184.719,1,Ceiling_3x3m (7),1.58,1.70,-0.83
184.746,1,Ceiling_3x3m (7),1.58,1.70,-0.82
184.788,1,Ceiling_3x3m (7),1.53,1.70,-0.79
184.816,1,Ceiling_log_3m (20),1.52,1.69,-0.78
184.844,1,Ceiling_log_3m (20),1.52,1.68,-0.77
184.886,1,Ceiling_log_3m (20),1.52,1.66,-0.76
184.914,1,Ceiling_log_3m (20),1.52,1.66,-0.76
184.956,1,Ceiling_log_3m (20),1.52,1.64,-0.78
184.984,1,Ceiling_log_3m (20),1.52,1.62,-0.79
185.011,1,Ceiling_log_3m (20),1.52,1.62,-0.81
185.054,1,Ceiling_log_3m (20),1.52,1.61,-0.87
185.081,1,Ceiling_log_3m (20),1.52,1.61,-0.91
185.123,1,Ceiling_log_3m (20),1.52,1.60,-0.98
185.150,1,Ceiling_log_3m (20),1.52,1.58,-1.03
185.179,1,Ceiling_log_3m (20),1.52,1.56,-1.08
185.221,1,Ceiling_log_3m (20),1.52,1.55,-1.16
185.248,1,Ceiling_log_3m (20),1.52,1.54,-1.21
185.290,1,Ceiling_log_3m (20),1.52,1.54,-1.30
185.318,1,Ceiling_log_3m (20),1.52,1.53,-1.37
185.346,1,Ceiling_log_3m (20),1.52,1.53,-1.43
185.387,1,Ceiling_log_3m (20),1.52,1.51,-1.52
185.416,1,Ceiling_log_3m (20),1.52,1.51,-1.59
185.457,1,Ceiling_log_3m (20),1.52,1.53,-1.67
185.486,1,Ceiling_log_3m (20),1.52,1.55,-1.71
185.513,1,Ceiling_log_3m (20),1.52,1.56,-1.75
185.555,1,Ceiling_log_3m (20),1.52,1.61,-1.79
185.583,1,Ceiling_log_3m (20),1.52,1.64,-1.81
185.625,1,Ceiling_log_3m (20),1.52,1.67,-1.86
185.653,1,Ceiling_3x3m (6),1.53,1.70,-1.89
185.680,1,Ceiling_3x3m (6),1.59,1.70,-1.92
185.722,1,Ceiling_3x3m (6),1.67,1.70,-1.96
185.750,1,Ceiling_3x3m (6),1.67,1.70,-1.98
185.778,1,Ceiling_3x3m (6),1.68,1.70,-2.00
185.820,1,Ceiling_3x3m (6),1.69,1.70,-2.02
185.848,1,Ceiling_3x3m (6),1.66,1.70,-2.03
185.889,1,Ceiling_3x3m (6),1.63,1.70,-2.03
185.917,1,Ceiling_3x3m (6),1.60,1.70,-2.04
185.945,1,Ceiling_3x3m (6),1.57,1.70,-2.05
185.986,1,Ceiling_3x3m (6),1.57,1.70,-2.07
186.015,1,Ceiling_3x3m (6),1.56,1.70,-2.08
186.056,1,Ceiling_3x3m (6),1.53,1.70,-2.11
186.084,1,Ceiling_log_3m (20),1.52,1.69,-2.15
186.112,1,Ceiling_3x3m (6),1.54,1.70,-2.18
186.154,1,Ceiling_3x3m (6),1.57,1.70,-2.24
186.182,1,Ceiling_3x3m (6),1.57,1.70,-2.29
186.223,1,Ceiling_log_3m (20),1.52,1.68,-2.36
186.251,1,Ceiling_log_3m (20),1.52,1.63,-2.41
186.279,1,Ceiling_log_3m (20),1.52,1.60,-2.46
186.321,1,Ceiling_log_3m (20),1.52,1.55,-2.52
186.349,1,Ceiling_log_3m (20),1.52,1.52,-2.57
186.390,1,Ceiling_log_3m (20),1.47,1.50,-2.65
186.418,1,Wall_3mx20cm_Conference_Door,1.41,1.46,-2.71
186.446,1,Wall_3mx20cm_Conference_Door,1.41,1.39,-2.76
186.489,1,Wall_3mx20cm_Conference_Door,1.41,1.36,-2.84
186.516,1,Wall_3mx20cm_Conference_Door,1.41,1.35,-2.89
186.558,1,Wall_3mx20cm_Conference_Door,1.41,1.33,-2.94
186.586,1,Wall_3mx20cm_Conference_Door,1.41,1.34,-2.97
186.614,1,Wall_3mx20cm_Conference_Door,1.41,1.32,-2.98
186.655,1,Wall_3mx20cm_Conference_Door,1.41,1.28,-2.99
186.683,1,Wall_3mx20cm_Conference_Door,1.41,1.23,-2.98
186.711,1,Wall_3mx20cm_Conference_Door,1.41,1.20,-2.98
186.753,1,Wall_3mx20cm_Conference_Door,1.41,1.17,-2.96
186.781,1,Wall_3mx20cm_Conference_Door,1.41,1.16,-2.95
186.822,1,Wall_3mx20cm_Conference_Door,1.41,1.18,-2.95
186.850,1,Wall_3mx20cm_Conference_Door,1.41,1.18,-2.95
186.878,1,Wall_3mx20cm_Conference_Door,1.41,1.14,-2.94
186.920,1,Wall_3mx20cm_Conference_Door,1.41,1.13,-2.93
186.947,1,Wall_3mx20cm_Conference_Door,1.41,1.12,-2.92
186.990,1,Wall_3mx20cm_Conference_Door,1.41,1.11,-2.89
187.017,1,Timer,1.47,1.08,-2.86
187.045,1,Timer,1.47,1.08,-2.85
187.086,1,Timer,1.47,1.06,-2.85
187.114,1,Timer,1.47,1.05,-2.86
187.156,1,Timer,1.47,1.02,-2.89
187.184,1,Timer,1.47,1.01,-2.91
187.212,1,Timer,1.47,1.00,-2.92
187.254,1,Timer,1.47,1.00,-2.92
187.282,1,Timer,1.47,1.00,-2.91
187.324,1,Timer,1.47,1.01,-2.90
187.351,1,Timer,1.47,1.02,-2.89
187.379,1,Timer,1.47,1.04,-2.87
187.421,1,Timer,1.47,1.04,-2.84
187.450,1,Timer,1.47,1.03,-2.83
187.478,1,Timer,1.47,1.01,-2.81
187.518,1,Timer,1.47,1.03,-2.79
187.546,1,Timer,1.47,1.03,-2.79
187.588,1,Timer,1.47,1.03,-2.78
187.616,1,Timer,1.47,1.03,-2.78
187.657,1,Timer,1.47,1.04,-2.78
187.685,1,Timer,1.47,1.03,-2.78
187.714,1,Timer,1.47,1.04,-2.77
187.755,1,Timer,1.47,1.06,-2.75
187.782,1,Timer,1.47,1.07,-2.74
187.824,1,Wall_3mx20cm_Conference_Door,1.41,1.13,-2.72
187.852,1,Wall_3mx20cm_Conference_Door,1.41,1.16,-2.70
187.880,1,Wall_3mx20cm_Conference_Door,1.41,1.19,-2.67
187.921,1,Wall_3mx20cm_Conference_Door,1.41,1.25,-2.58
187.949,1,Wall_3mx20cm_Conference_Door,1.41,1.23,-2.48
187.992,1,Wall_3mx20cm_Conference_Door,1.41,1.28,-2.27
188.019,1,Wall_3mx20cm_Conference_Door,1.41,1.37,-2.13
188.047,1,Wall_3mx20cm_Conference_Door,1.41,1.49,-2.00
188.089,1,Ceiling_log_3m (20),1.52,1.54,-1.81
188.117,1,Ceiling_log_3m (20),1.52,1.61,-1.69
188.159,1,Ceiling_3x3m (6),1.61,1.70,-1.53
188.186,1,Ceiling_3x3m (6),1.74,1.70,-1.45
188.214,1,Ceiling_3x3m (6),1.87,1.70,-1.38
188.256,1,Ceiling_log_3m (21),2.45,1.50,-1.36
188.284,1,Ceiling_log_3m (21),2.46,1.56,-1.31
188.312,1,Ceiling_log_3m (21),2.46,1.61,-1.26
188.352,1,Ceiling_log_3m (21),2.46,1.69,-1.19
188.380,1,Ceiling_3x3m (6),2.54,1.70,-1.16
188.422,1,Ceiling_3x3m (7),2.57,1.70,-1.09
188.450,1,Ceiling_3x3m (7),2.59,1.70,-1.05
188.492,1,Ceiling_3x3m (7),2.57,1.70,-0.99
188.520,1,Ceiling_3x3m (7),2.57,1.70,-0.97
188.548,1,Ceiling_3x3m (7),2.58,1.70,-0.95
188.589,1,Ceiling_3x3m (7),2.57,1.70,-0.92
188.617,1,Ceiling_3x3m (7),2.54,1.70,-0.92
188.645,1,Ceiling_3x3m (7),2.51,1.70,-0.91
188.687,1,Ceiling_log_3m (21),2.46,1.68,-0.90
188.715,1,Ceiling_log_3m (21),2.46,1.67,-0.90
188.756,1,Ceiling_log_3m (21),2.46,1.66,-0.90
188.784,1,Ceiling_log_3m (21),2.46,1.67,-0.90
188.812,1,Ceiling_log_3m (21),2.46,1.68,-0.90
188.854,1,Ceiling_log_3m (21),2.46,1.63,-0.89
188.882,1,Ceiling_log_3m (21),2.46,1.61,-0.90
188.923,1,Ceiling_log_3m (21),2.46,1.63,-0.90
188.952,1,Ceiling_log_3m (21),2.46,1.64,-0.91
188.980,1,Ceiling_log_3m (21),2.46,1.63,-0.93
189.021,1,Ceiling_log_3m (21),2.46,1.61,-0.95
189.049,1,Ceiling_log_3m (21),2.46,1.58,-0.96
189.090,1,Ceiling_log_3m (21),2.46,1.55,-0.97
189.118,1,Ceiling_log_3m (21),2.46,1.57,-0.98
189.147,1,Ceiling_log_3m (21),2.46,1.56,-0.98
189.188,1,Ceiling_log_3m (21),2.46,1.58,-0.98
189.216,1,Ceiling_log_3m (21),2.46,1.59,-0.97
189.258,1,Ceiling_log_3m (21),2.46,1.59,-0.96
189.287,1,Ceiling_log_3m (21),2.46,1.59,-0.95
189.313,1,Ceiling_log_3m (21),2.46,1.60,-0.94
189.355,1,Ceiling_log_3m (21),2.46,1.62,-0.93
189.383,1,Ceiling_log_3m (21),2.46,1.62,-0.93
189.425,1,Ceiling_log_3m (21),2.46,1.61,-0.93
189.453,1,Ceiling_log_3m (21),2.46,1.60,-0.93
189.481,1,Ceiling_log_3m (21),2.46,1.59,-0.93
189.523,1,Ceiling_log_3m (21),2.46,1.59,-0.93
189.550,1,Ceiling_log_3m (21),2.46,1.59,-0.93
189.579,1,Ceiling_log_3m (21),2.46,1.58,-0.93
189.620,1,Ceiling_log_3m (21),2.46,1.56,-0.93
189.648,1,Ceiling_log_3m (21),2.46,1.57,-0.93
189.690,1,Ceiling_log_3m (21),2.46,1.56,-0.92
189.718,1,Ceiling_log_3m (21),2.46,1.55,-0.92
189.745,1,Ceiling_log_3m (21),2.46,1.53,-0.91
189.787,1,Ceiling_log_3m (21),2.46,1.55,-0.92
189.815,1,Ceiling_log_3m (21),2.46,1.56,-0.92
189.856,1,Ceiling_log_3m (21),2.46,1.58,-0.93
189.884,1,Ceiling_log_3m (21),2.46,1.57,-0.95
189.912,1,Ceiling_log_3m (21),2.46,1.59,-0.96
189.954,1,Ceiling_log_3m (21),2.46,1.59,-0.98
189.982,1,Ceiling_log_3m (21),2.46,1.58,-1.00
190.024,1,Ceiling_log_3m (21),2.46,1.55,-1.03
190.051,1,Ceiling_log_3m (21),2.46,1.54,-1.05
190.080,1,Ceiling_log_3m (21),2.46,1.54,-1.08
190.121,1,Ceiling_log_3m (21),2.46,1.53,-1.11
190.149,1,Ceiling_log_3m (21),2.46,1.51,-1.14
190.191,1,Ceiling_log_3m (21),2.45,1.50,-1.18
190.219,1,Ceiling_log_3m (21),2.43,1.50,-1.22
190.247,1,Ceiling_log_3m (21),2.39,1.50,-1.25
190.288,1,Ceiling_log_3m (21),2.40,1.50,-1.34
190.316,1,Ceiling_log_3m (21),2.42,1.50,-1.40
190.358,1,Ceiling_log_3m (21),2.42,1.50,-1.49
190.385,1,Ceiling_log_3m (21),2.41,1.50,-1.57
190.414,1,Ceiling_log_3m (21),2.38,1.50,-1.63
190.455,1,Ceiling_log_3m (21),2.38,1.50,-1.72
190.483,1,Ceiling_3x3m (6),1.99,1.70,-1.78
190.525,1,Ceiling_3x3m (6),1.94,1.70,-1.87
190.553,1,Ceiling_3x3m (6),1.88,1.70,-1.92
190.581,1,Ceiling_3x3m (6),1.79,1.70,-1.97
190.623,1,Ceiling_3x3m (6),1.69,1.70,-2.03
190.650,1,Ceiling_3x3m (6),1.66,1.70,-2.08
190.692,1,Ceiling_3x3m (6),1.59,1.70,-2.14
190.720,1,Ceiling_3x3m (6),1.55,1.70,-2.18
190.748,1,Ceiling_log_3m (20),1.52,1.69,-2.21
190.790,1,Ceiling_log_3m (20),1.52,1.67,-2.26
190.818,1,Ceiling_log_3m (20),1.52,1.66,-2.29
190.845,1,Ceiling_log_3m (20),1.52,1.65,-2.32
190.887,1,Ceiling_log_3m (20),1.52,1.65,-2.36
190.915,1,Ceiling_log_3m (20),1.52,1.64,-2.37
190.957,1,Ceiling_log_3m (20),1.52,1.62,-2.40
190.985,1,Ceiling_log_3m (20),1.52,1.62,-2.42
191.013,1,Ceiling_log_3m (20),1.52,1.63,-2.44
191.055,1,Ceiling_log_3m (20),1.52,1.65,-2.47
191.082,1,Ceiling_log_3m (20),1.52,1.66,-2.48
191.124,1,Ceiling_log_3m (20),1.52,1.66,-2.49
191.152,1,Ceiling_log_3m (20),1.52,1.65,-2.50
191.180,1,Ceiling_log_3m (20),1.52,1.62,-2.50
191.222,1,Ceiling_log_3m (20),1.52,1.58,-2.51
191.250,1,Ceiling_log_3m (20),1.52,1.59,-2.52
191.291,1,Ceiling_log_3m (20),1.52,1.59,-2.52
191.320,1,Ceiling_log_3m (20),1.52,1.57,-2.53
191.347,1,Ceiling_log_3m (20),1.52,1.57,-2.54
191.389,1,Ceiling_log_3m (20),1.52,1.59,-2.55
191.416,1,Ceiling_log_3m (20),1.52,1.61,-2.55
191.458,1,Ceiling_log_3m (20),1.52,1.65,-2.56
191.486,1,Ceiling_log_3m (20),1.52,1.67,-2.56
191.514,1,Ceiling_log_3m (20),1.52,1.65,-2.55
191.556,1,Ceiling_log_3m (20),1.52,1.66,-2.55
191.584,1,Ceiling_log_3m (20),1.52,1.67,-2.55
191.625,1,Ceiling_log_3m (20),1.52,1.67,-2.55
191.653,1,Ceiling_log_3m (20),1.52,1.66,-2.54
191.681,1,Ceiling_log_3m (20),1.52,1.65,-2.53
191.723,1,Ceiling_log_3m (20),1.52,1.63,-2.53
191.751,1,Ceiling_log_3m (20),1.52,1.65,-2.53
191.793,1,Ceiling_log_3m (20),1.52,1.67,-2.53
191.820,1,Ceiling_log_3m (20),1.52,1.68,-2.53
191.849,1,Ceiling_3x3m (6),1.53,1.70,-2.53
191.890,1,Ceiling_log_3m (20),1.52,1.70,-2.53
191.918,1,Ceiling_log_3m (20),1.52,1.67,-2.53
191.946,1,Ceiling_log_3m (20),1.52,1.67,-2.53
191.987,1,Ceiling_log_3m (20),1.52,1.66,-2.53
192.015,1,Ceiling_log_3m (20),1.52,1.67,-2.52
192.057,1,Ceiling_log_3m (20),1.52,1.69,-2.53
192.085,1,Ceiling_log_3m (20),1.52,1.68,-2.52
192.113,1,Ceiling_log_3m (20),1.52,1.67,-2.52
192.155,1,Ceiling_3x3m (6),1.56,1.70,-2.51
192.182,1,Ceiling_3x3m (6),1.57,1.70,-2.51
192.225,1,Ceiling_3x3m (6),1.55,1.70,-2.50
192.252,1,Ceiling_3x3m (6),1.53,1.70,-2.48
192.280,1,Ceiling_log_3m (20),1.52,1.69,-2.43
192.322,1,Ceiling_log_3m (20),1.52,1.69,-2.33
192.349,1,Ceiling_3x3m (6),1.54,1.70,-2.25
192.391,1,Ceiling_log_3m (20),1.52,1.69,-2.10
192.420,1,Ceiling_log_3m (20),1.52,1.66,-1.99
192.447,1,Ceiling_log_3m (20),1.52,1.66,-1.90
192.488,1,Ceiling_3x3m (6),1.53,1.70,-1.78
192.516,1,Ceiling_3x3m (6),1.69,1.70,-1.73
192.558,1,Ceiling_3x3m (6),1.79,1.70,-1.67
192.585,1,Ceiling_3x3m (6),1.84,1.70,-1.64
192.614,1,Ceiling_3x3m (6),1.89,1.70,-1.61
192.656,1,Ceiling_3x3m (6),1.99,1.70,-1.59
192.683,1,Ceiling_log_3m (21),2.42,1.50,-1.60
192.725,1,Ceiling_log_3m (21),2.46,1.55,-1.60
192.753,1,Ceiling_log_3m (21),2.46,1.57,-1.59
192.780,1,Ceiling_log_3m (21),2.46,1.55,-1.58
192.822,1,Ceiling_log_3m (21),2.46,1.52,-1.56
192.850,1,Ceiling_log_3m (21),2.44,1.50,-1.55
192.892,1,Ceiling_log_3m (21),2.38,1.50,-1.52
192.920,1,Ceiling_log_3m (21),2.37,1.50,-1.50
192.947,1,Ceiling_3x3m (6),1.92,1.70,-1.44
192.989,1,Ceiling_3x3m (6),1.73,1.70,-1.37
193.017,1,Ceiling_3x3m (6),1.65,1.70,-1.32
193.059,1,Ceiling_3x3m (6),1.59,1.70,-1.27
193.087,1,Ceiling_3x3m (6),1.65,1.70,-1.26
193.114,1,Ceiling_3x3m (6),1.69,1.70,-1.24
193.156,1,Ceiling_3x3m (6),1.68,1.70,-1.23
193.185,1,Ceiling_3x3m (6),1.65,1.70,-1.22
193.226,1,Ceiling_3x3m (6),1.54,1.70,-1.22
193.254,1,Ceiling_log_3m (20),1.52,1.69,-1.25
193.282,1,Ceiling_3x3m (6),1.59,1.70,-1.32
193.323,1,Ceiling_3x3m (6),1.63,1.70,-1.41
193.351,1,Ceiling_3x3m (6),1.60,1.70,-1.46
193.393,1,Ceiling_3x3m (6),1.59,1.70,-1.52
193.421,1,Ceiling_3x3m (6),1.58,1.70,-1.55
193.448,1,Ceiling_log_3m (20),1.52,1.69,-1.56
193.490,1,Ceiling_log_3m (20),1.52,1.63,-1.55
193.518,1,Ceiling_log_3m (20),1.52,1.59,-1.52
193.560,1,Ceiling_log_3m (20),1.52,1.58,-1.48
193.588,1,Ceiling_log_3m (20),1.52,1.58,-1.45
193.616,1,Ceiling_log_3m (20),1.52,1.57,-1.43
193.657,1,Ceiling_log_3m (20),1.52,1.57,-1.40
193.685,1,Ceiling_log_3m (20),1.52,1.60,-1.39
193.713,1,Ceiling_log_3m (20),1.52,1.61,-1.37
193.755,1,Ceiling_log_3m (20),1.52,1.63,-1.35
193.782,1,Ceiling_log_3m (20),1.52,1.66,-1.35
193.825,1,Ceiling_3x3m (6),1.57,1.70,-1.34
193.852,1,Ceiling_3x3m (6),1.63,1.70,-1.33
193.880,1,Ceiling_3x3m (6),1.68,1.70,-1.32
193.922,1,Ceiling_3x3m (6),1.75,1.70,-1.29
193.949,1,Ceiling_3x3m (6),1.77,1.70,-1.27
193.991,1,Ceiling_3x3m (6),1.78,1.70,-1.22
194.019,1,Ceiling_3x3m (6),1.78,1.70,-1.20
194.047,1,Ceiling_3x3m (6),1.79,1.70,-1.18
194.089,1,Ceiling_3x3m (6),1.80,1.70,-1.15
194.116,1,Ceiling_3x3m (6),1.79,1.70,-1.13
194.158,1,Ceiling_3x3m (6),1.79,1.70,-1.11
194.186,1,Ceiling_3x3m (6),1.77,1.70,-1.10
194.214,1,Ceiling_3x3m (7),1.74,1.70,-1.09
194.256,1,Ceiling_3x3m (7),1.70,1.70,-1.09
194.283,1,Ceiling_3x3m (7),1.67,1.70,-1.08
194.325,1,Ceiling_3x3m (7),1.58,1.70,-1.06
194.353,1,Ceiling_log_3m (20),1.52,1.69,-1.05
194.381,1,Ceiling_log_3m (20),1.52,1.65,-1.04
194.423,1,Ceiling_log_3m (20),1.52,1.57,-1.03
194.451,1,Ceiling_log_3m (20),1.51,1.50,-1.02
194.493,1,Wall_3mx20cm_Door (1),1.41,1.44,-1.00
194.520,1,Wall_3mx20cm_Door (1),1.41,1.36,-0.99
194.549,1,Wall_3mx20cm_Door (1),1.41,1.28,-1.00
194.590,1,Wall_3mx20cm_Door (1),1.41,1.17,-1.02
194.618,1,Wall_3mx20cm_Door (1),1.41,1.11,-1.03
194.646,1,Wall_3mx20cm_Door (1),1.41,1.06,-1.04
194.687,1,Wall_3mx20cm_Door (1),1.41,1.02,-1.06
194.716,1,Wall_3mx20cm_Door (1),1.41,1.00,-1.08
194.757,1,Wall_3mx20cm_Conference_Door,1.41,0.98,-1.10
194.785,1,Wall_3mx20cm_Conference_Door,1.41,0.97,-1.11
194.813,1,Wall_3mx20cm_Conference_Door,1.41,0.95,-1.12
194.855,1,Wall_3mx20cm_Conference_Door,1.41,0.95,-1.13
194.883,1,Wall_3mx20cm_Conference_Door,1.41,0.95,-1.14
194.925,1,Wall_3mx20cm_Conference_Door,1.41,0.96,-1.15
194.953,1,Wall_3mx20cm_Conference_Door,1.41,0.96,-1.16
194.980,1,Wall_3mx20cm_Conference_Door,1.41,0.95,-1.17
195.022,1,Wall_3mx20cm_Conference_Door,1.41,0.96,-1.17
195.050,1,Wall_3mx20cm_Conference_Door,1.41,0.97,-1.16
195.092,1,Wall_3mx20cm_Conference_Door,1.41,0.98,-1.16
195.120,1,Wall_3mx20cm_Conference_Door,1.41,0.98,-1.16
195.148,1,Wall_3mx20cm_Conference_Door,1.41,0.99,-1.16
195.189,1,Wall_3mx20cm_Conference_Door,1.41,1.00,-1.16
195.217,1,Wall_3mx20cm_Conference_Door,1.41,1.00,-1.16
195.259,1,Wall_3mx20cm_Conference_Door,1.41,1.00,-1.17
195.286,1,Wall_3mx20cm_Conference_Door,1.41,1.00,-1.18
195.315,1,Wall_3mx20cm_Conference_Door,1.41,1.00,-1.18
195.356,1,Wall_3mx20cm_Conference_Door,1.41,1.00,-1.19
195.384,1,Wall_3mx20cm_Conference_Door,1.41,1.01,-1.20
195.426,1,Wall_3mx20cm_Conference_Door,1.41,1.02,-1.20
195.454,1,Wall_3mx20cm_Conference_Door,1.41,1.03,-1.20
195.482,1,Wall_3mx20cm_Conference_Door,1.41,1.03,-1.19
195.523,1,Wall_3mx20cm_Conference_Door,1.41,1.04,-1.19
195.551,1,Wall_3mx20cm_Conference_Door,1.41,1.04,-1.18
195.593,1,Wall_3mx20cm_Conference_Door,1.41,1.06,-1.18
195.621,1,Wall_3mx20cm_Conference_Door,1.41,1.07,-1.18
195.649,1,Wall_3mx20cm_Conference_Door,1.41,1.07,-1.18
195.692,1,Wall_3mx20cm_Conference_Door,1.41,1.08,-1.18
195.719,1,Wall_3mx20cm_Conference_Door,1.41,1.08,-1.18
195.760,1,Wall_3mx20cm_Conference_Door,1.41,1.09,-1.19
195.788,1,Wall_3mx20cm_Conference_Door,1.41,1.10,-1.19
195.816,1,Wall_3mx20cm_Conference_Door,1.41,1.10,-1.19
195.858,1,Wall_3mx20cm_Conference_Door,1.41,1.12,-1.19
195.885,1,Wall_3mx20cm_Conference_Door,1.41,1.13,-1.18
195.913,1,Wall_3mx20cm_Conference_Door,1.41,1.14,-1.17
195.955,1,Wall_3mx20cm_Conference_Door,1.41,1.16,-1.16
195.983,1,Wall_3mx20cm_Conference_Door,1.41,1.16,-1.16
196.025,1,Wall_3mx20cm_Conference_Door,1.41,1.18,-1.15
196.052,1,Wall_3mx20cm_Conference_Door,1.41,1.19,-1.15
196.080,1,Wall_3mx20cm_Conference_Door,1.41,1.19,-1.15
196.121,1,Wall_3mx20cm_Conference_Door,1.41,1.19,-1.14
196.150,1,Wall_3mx20cm_Conference_Door,1.41,1.19,-1.14
196.191,1,Wall_3mx20cm_Conference_Door,1.41,1.17,-1.14
196.219,1,Wall_3mx20cm_Conference_Door,1.41,1.16,-1.14
196.247,1,Wall_3mx20cm_Conference_Door,1.41,1.15,-1.15
196.289,1,Wall_3mx20cm_Conference_Door,1.41,1.15,-1.16
196.317,1,Wall_3mx20cm_Conference_Door,1.41,1.16,-1.16
196.359,1,Wall_3mx20cm_Conference_Door,1.41,1.17,-1.15
196.387,1,Wall_3mx20cm_Conference_Door,1.41,1.17,-1.15
196.414,1,Wall_3mx20cm_Conference_Door,1.41,1.17,-1.14
196.456,1,Wall_3mx20cm_Conference_Door,1.41,1.18,-1.14
196.485,1,Wall_3mx20cm_Conference_Door,1.41,1.18,-1.13
196.526,1,Wall_3mx20cm_Conference_Door,1.41,1.19,-1.13
196.553,1,Wall_3mx20cm_Conference_Door,1.41,1.20,-1.13
196.581,1,Wall_3mx20cm_Conference_Door,1.41,1.21,-1.13
196.623,1,Wall_3mx20cm_Conference_Door,1.41,1.22,-1.13
196.651,1,Wall_3mx20cm_Conference_Door,1.41,1.23,-1.14
196.693,1,Wall_3mx20cm_Conference_Door,1.41,1.25,-1.13
196.721,1,Wall_3mx20cm_Conference_Door,1.41,1.25,-1.13
196.749,1,Wall_3mx20cm_Conference_Door,1.41,1.25,-1.12
196.790,1,Wall_3mx20cm_Conference_Door,1.41,1.26,-1.12
196.819,1,Wall_3mx20cm_Conference_Door,1.41,1.26,-1.12
196.860,1,Wall_3mx20cm_Conference_Door,1.41,1.26,-1.13
196.888,1,Wall_3mx20cm_Conference_Door,1.41,1.26,-1.13
196.916,1,Wall_3mx20cm_Conference_Door,1.41,1.26,-1.13
196.958,1,Wall_3mx20cm_Conference_Door,1.41,1.26,-1.13
196.985,1,Wall_3mx20cm_Conference_Door,1.41,1.25,-1.12
197.013,1,Wall_3mx20cm_Conference_Door,1.41,1.25,-1.12
197.055,1,Wall_3mx20cm_Conference_Door,1.41,1.25,-1.11
197.083,1,Wall_3mx20cm_Conference_Door,1.41,1.25,-1.10
197.124,1,Wall_3mx20cm_Door (1),1.41,1.26,-1.09
197.152,1,Wall_3mx20cm_Door (1),1.41,1.27,-1.08
197.194,1,Wall_3mx20cm_Door (1),1.41,1.29,-1.06
197.222,1,Wall_3mx20cm_Door (1),1.41,1.28,-1.04
197.250,1,Wall_3mx20cm_Door (1),1.41,1.26,-1.03
197.292,1,Wall_3mx20cm_Door (1),1.41,1.26,-1.02
197.319,1,Wall_3mx20cm_Door (1),1.41,1.27,-1.01
197.347,1,Wall_3mx20cm_Door (1),1.41,1.30,-1.01
197.389,1,Wall_3mx20cm_Door (1),1.41,1.31,-1.01
197.417,1,Wall_3mx20cm_Door (1),1.41,1.31,-1.00
197.459,1,Wall_3mx20cm_Door (1),1.41,1.30,-1.01
197.487,1,Wall_3mx20cm_Door (1),1.41,1.31,-1.01
197.515,1,Wall_3mx20cm_Door (1),1.41,1.31,-1.01
197.556,1,Wall_3mx20cm_Door (1),1.41,1.33,-1.01
197.585,1,Wall_3mx20cm_Door (1),1.41,1.33,-1.01
197.626,1,Wall_3mx20cm_Door (1),1.41,1.33,-1.01
197.653,1,Wall_3mx20cm_Door (1),1.41,1.33,-1.01
197.681,1,Wall_3mx20cm_Door (1),1.41,1.33,-1.01
197.723,1,Wall_3mx20cm_Door (1),1.41,1.33,-1.02
197.752,1,Wall_3mx20cm_Door (1),1.41,1.32,-1.02
197.793,1,Wall_3mx20cm_Door (1),1.41,1.32,-1.02
197.821,1,Wall_3mx20cm_Door (1),1.41,1.32,-1.01
197.849,1,Wall_3mx20cm_Door (1),1.41,1.32,-1.01
197.890,1,Wall_3mx20cm_Door (1),1.41,1.32,-0.99
197.918,1,Wall_3mx20cm_Door (1),1.41,1.32,-0.98
197.960,1,Wall_3mx20cm_Door (1),1.41,1.32,-0.98
197.988,1,Wall_3mx20cm_Door (1),1.41,1.32,-0.98
198.015,1,Wall_3mx20cm_Door (1),1.41,1.33,-0.98
198.057,1,Wall_3mx20cm_Door (1),1.41,1.34,-0.97
198.085,1,Wall_3mx20cm_Door (1),1.41,1.34,-0.97
198.127,1,Wall_3mx20cm_Door (1),1.41,1.33,-0.97
198.155,1,Wall_3mx20cm_Door (1),1.41,1.33,-0.97
198.182,1,Wall_3mx20cm_Door (1),1.41,1.32,-0.97
198.224,1,Wall_3mx20cm_Door (1),1.41,1.32,-0.96
198.252,1,Wall_3mx20cm_Door (1),1.41,1.33,-0.96
198.294,1,Wall_3mx20cm_Door (1),1.41,1.33,-0.96
198.322,1,Wall_3mx20cm_Door (1),1.41,1.33,-0.95
198.350,1,Wall_3mx20cm_Door (1),1.41,1.33,-0.95
198.391,1,Wall_3mx20cm_Door (1),1.41,1.34,-0.94
198.419,1,Wall_3mx20cm_Door (1),1.41,1.34,-0.94
198.461,1,Wall_3mx20cm_Door (1),1.41,1.34,-0.93
198.489,1,Wall_3mx20cm_Door (1),1.41,1.34,-0.94
198.516,1,Wall_3mx20cm_Door (1),1.41,1.34,-0.94
198.558,1,Wall_3mx20cm_Door (1),1.41,1.34,-0.94
198.588,1,Wall_3mx20cm_Door (1),1.41,1.33,-0.94
198.614,1,Wall_3mx20cm_Door (1),1.41,1.33,-0.94
198.655,1,Wall_3mx20cm_Door (1),1.41,1.33,-0.94
198.683,1,Wall_3mx20cm_Door (1),1.41,1.35,-0.93
198.725,1,Wall_3mx20cm_Door (1),1.41,1.35,-0.93
198.753,1,Wall_3mx20cm_Door (1),1.41,1.36,-0.93
198.781,1,Wall_3mx20cm_Door (1),1.41,1.37,-0.93
198.823,1,Wall_3mx20cm_Door (1),1.41,1.38,-0.93
198.851,1,Wall_3mx20cm_Door (1),1.41,1.40,-0.93
198.892,1,Wall_3mx20cm_Door (1),1.41,1.41,-0.93
198.920,1,Wall_3mx20cm_Door (1),1.41,1.41,-0.92
198.947,1,Wall_3mx20cm_Door (1),1.41,1.42,-0.91
198.990,1,Wall_3mx20cm_Door (1),1.41,1.44,-0.89
199.018,1,Wall_3mx20cm_Door (1),1.41,1.46,-0.88
199.060,1,Wall_3mx20cm_Door (1),1.41,1.48,-0.87
199.087,1,Wall_3mx20cm_Door (1),1.41,1.49,-0.86
199.115,1,Wall_3mx20cm_Door (1),1.41,1.50,-0.86
199.157,1,Ceiling_log_3m (20),1.46,1.50,-0.86
199.185,1,Ceiling_log_3m (20),1.49,1.50,-0.86
199.226,1,Ceiling_log_3m (20),1.52,1.51,-0.86
199.255,1,Ceiling_log_3m (20),1.52,1.51,-0.85
199.282,1,Ceiling_log_3m (20),1.52,1.53,-0.85
199.324,1,Ceiling_log_3m (20),1.52,1.54,-0.84
199.352,1,Ceiling_log_3m (20),1.52,1.54,-0.84
199.393,1,Ceiling_log_3m (20),1.52,1.54,-0.83
199.422,1,Ceiling_log_3m (20),1.52,1.54,-0.83
199.449,1,Ceiling_log_3m (20),1.52,1.53,-0.83
199.490,1,Ceiling_log_3m (20),1.52,1.52,-0.83
199.519,1,Ceiling_log_3m (20),1.52,1.51,-0.83
199.560,1,Ceiling_log_3m (20),1.52,1.51,-0.83
199.589,1,Ceiling_log_3m (20),1.52,1.50,-0.83
199.616,1,Ceiling_log_3m (20),1.52,1.50,-0.83
199.657,1,Ceiling_log_3m (20),1.50,1.50,-0.83
199.686,1,Ceiling_log_3m (20),1.49,1.50,-0.83
199.714,1,Ceiling_log_3m (20),1.50,1.50,-0.84
199.755,1,Ceiling_log_3m (20),1.47,1.50,-0.85
199.783,1,Ceiling_log_3m (20),1.47,1.50,-0.86
199.825,1,Ceiling_log_3m (20),1.47,1.50,-0.85
199.853,1,Ceiling_log_3m (20),1.48,1.50,-0.86
199.881,1,Ceiling_log_3m (20),1.51,1.50,-0.87
199.922,1,Ceiling_log_3m (20),1.52,1.52,-0.87
199.950,1,Ceiling_log_3m (20),1.52,1.53,-0.88
199.992,1,Ceiling_log_3m (20),1.52,1.55,-0.88
200.020,1,Ceiling_log_3m (20),1.52,1.56,-0.88
200.048,1,Ceiling_log_3m (20),1.52,1.58,-0.88
200.089,1,Ceiling_log_3m (20),1.52,1.61,-0.87
200.118,1,Ceiling_log_3m (20),1.52,1.61,-0.86
200.159,1,Ceiling_log_3m (20),1.52,1.63,-0.85
200.187,1,Ceiling_log_3m (20),1.52,1.64,-0.84
200.215,1,Ceiling_log_3m (20),1.52,1.65,-0.84
200.256,1,Ceiling_log_3m (20),1.52,1.66,-0.83
200.285,1,Ceiling_log_3m (20),1.52,1.66,-0.83
200.326,1,Ceiling_log_3m (20),1.52,1.67,-0.83
200.354,1,Ceiling_log_3m (20),1.52,1.67,-0.84
200.382,1,Ceiling_log_3m (20),1.52,1.67,-0.84
200.424,1,Ceiling_log_3m (20),1.52,1.68,-0.83
200.451,1,Ceiling_log_3m (20),1.52,1.67,-0.83
200.493,1,Ceiling_log_3m (20),1.52,1.67,-0.82
200.521,1,Ceiling_log_3m (20),1.52,1.67,-0.81
200.549,1,Ceiling_log_3m (20),1.52,1.67,-0.80
200.591,1,Ceiling_log_3m (20),1.52,1.68,-0.78
200.618,1,Ceiling_log_3m (20),1.52,1.68,-0.78
200.661,1,Ceiling_log_3m (20),1.52,1.69,-0.77
200.688,1,Ceiling_3x3m (7),1.52,1.70,-0.77
200.716,1,Ceiling_3x3m (7),1.54,1.70,-0.77
200.758,1,Ceiling_3x3m (7),1.58,1.70,-0.78
200.786,1,Ceiling_3x3m (7),1.62,1.70,-0.79
200.827,1,Ceiling_3x3m (7),1.65,1.70,-0.79
200.856,1,Ceiling_3x3m (7),1.66,1.70,-0.79
200.883,1,Ceiling_3x3m (7),1.66,1.70,-0.79
200.925,1,Ceiling_3x3m (7),1.69,1.70,-0.79
200.953,1,Ceiling_3x3m (7),1.72,1.70,-0.79
200.981,1,Ceiling_3x3m (7),1.75,1.70,-0.78
201.023,1,Ceiling_3x3m (7),1.78,1.70,-0.77
201.050,1,Ceiling_3x3m (7),1.79,1.70,-0.76
201.092,1,Ceiling_3x3m (7),1.81,1.70,-0.76
201.120,1,Ceiling_3x3m (7),1.82,1.70,-0.76
201.148,1,Ceiling_3x3m (7),1.83,1.70,-0.77
201.189,1,Ceiling_3x3m (7),1.84,1.70,-0.77
201.218,1,Ceiling_3x3m (7),1.84,1.70,-0.76
201.259,1,Ceiling_3x3m (7),1.85,1.70,-0.75
201.287,1,Ceiling_3x3m (7),1.84,1.70,-0.75
201.315,1,Ceiling_3x3m (7),1.84,1.70,-0.74
201.357,1,Ceiling_3x3m (7),1.84,1.70,-0.73
201.384,1,Ceiling_3x3m (7),1.86,1.70,-0.72
201.426,1,Ceiling_3x3m (7),1.88,1.70,-0.71
201.454,1,Ceiling_3x3m (7),1.88,1.70,-0.71
201.482,1,Ceiling_3x3m (7),1.89,1.70,-0.72
201.524,1,Ceiling_3x3m (7),1.93,1.70,-0.74
201.551,1,Ceiling_3x3m (7),1.97,1.70,-0.75
201.593,1,Ceiling_log_3m (21),2.38,1.50,-0.84
201.621,1,Ceiling_log_3m (21),2.40,1.50,-0.83
201.649,1,Ceiling_log_3m (21),2.42,1.50,-0.83
201.691,1,Ceiling_log_3m (21),2.44,1.50,-0.81
201.719,1,Ceiling_log_3m (21),2.44,1.50,-0.80
201.760,1,Ceiling_log_3m (21),2.44,1.50,-0.79
201.788,1,Ceiling_log_3m (21),2.44,1.50,-0.79
201.816,1,Ceiling_log_3m (21),2.46,1.50,-0.78
201.858,1,Ceiling_log_3m (21),2.46,1.52,-0.78
201.886,1,Ceiling_log_3m (21),2.46,1.53,-0.77
201.927,1,Ceiling_log_3m (21),2.46,1.54,-0.75
201.955,1,Ceiling_log_3m (21),2.46,1.55,-0.74
201.984,1,Ceiling_log_3m (21),2.46,1.55,-0.74
202.025,1,Ceiling_log_3m (21),2.46,1.56,-0.74
202.052,1,Ceiling_log_3m (21),2.46,1.56,-0.74
202.094,1,Ceiling_log_3m (21),2.46,1.57,-0.74
202.122,1,Ceiling_log_3m (21),2.46,1.57,-0.75
202.150,1,Ceiling_log_3m (21),2.46,1.56,-0.75
202.192,1,Ceiling_log_3m (21),2.46,1.55,-0.75
202.219,1,Ceiling_log_3m (21),2.46,1.55,-0.75
202.261,1,Ceiling_log_3m (21),2.46,1.56,-0.76
202.289,1,Ceiling_log_3m (21),2.46,1.56,-0.75
202.316,1,Ceiling_log_3m (21),2.46,1.57,-0.75
202.359,1,Ceiling_log_3m (21),2.46,1.57,-0.74
202.386,1,Ceiling_log_3m (21),2.46,1.58,-0.74
202.415,1,Ceiling_log_3m (21),2.46,1.59,-0.73
202.457,1,Ceiling_log_3m (21),2.46,1.59,-0.73
202.484,1,Ceiling_log_3m (21),2.46,1.58,-0.73
202.526,1,Ceiling_log_3m (21),2.46,1.58,-0.73
202.553,1,Ceiling_log_3m (21),2.46,1.58,-0.73
202.581,1,Ceiling_log_3m (21),2.46,1.59,-0.73
202.624,1,Ceiling_log_3m (21),2.46,1.60,-0.73
202.651,1,Ceiling_log_3m (21),2.46,1.61,-0.73
202.692,1,Ceiling_log_3m (21),2.46,1.61,-0.72
202.721,1,Ceiling_log_3m (21),2.46,1.62,-0.71
202.748,1,Ceiling_log_3m (21),2.46,1.63,-0.70
202.790,1,Ceiling_log_3m (21),2.46,1.64,-0.69
202.818,1,Ceiling_log_3m (21),2.46,1.64,-0.68
202.860,1,Ceiling_log_3m (21),2.46,1.64,-0.67
202.888,1,Ceiling_log_3m (21),2.46,1.64,-0.66
202.915,1,Ceiling_log_3m (21),2.46,1.64,-0.66
202.958,1,Ceiling_log_3m (21),2.46,1.64,-0.65
202.985,1,Ceiling_log_3m (21),2.46,1.64,-0.65
203.027,1,Ceiling_log_3m (21),2.46,1.64,-0.64
203.054,1,Ceiling_log_3m (21),2.46,1.63,-0.64
203.083,1,Ceiling_log_3m (21),2.46,1.63,-0.64
203.124,1,Ceiling_log_3m (21),2.46,1.64,-0.65
203.152,1,Ceiling_log_3m (21),2.46,1.65,-0.65
203.194,1,Ceiling_log_3m (21),2.46,1.65,-0.65
203.222,1,Ceiling_log_3m (21),2.46,1.66,-0.65
203.249,1,Ceiling_log_3m (21),2.46,1.66,-0.64
203.291,1,Ceiling_log_3m (21),2.46,1.66,-0.64
203.321,1,Ceiling_log_3m (21),2.46,1.66,-0.64
203.348,1,Ceiling_log_3m (21),2.46,1.65,-0.64
203.389,1,Ceiling_log_3m (21),2.46,1.65,-0.64
203.417,1,Ceiling_log_3m (21),2.46,1.65,-0.64
203.459,1,Ceiling_log_3m (21),2.46,1.65,-0.64
203.486,1,Ceiling_log_3m (21),2.46,1.65,-0.63
203.528,1,Ceiling_log_3m (21),2.46,1.66,-0.63
203.556,1,Ceiling_log_3m (21),2.46,1.66,-0.63
203.584,1,Ceiling_log_3m (21),2.46,1.67,-0.63
203.627,1,Ceiling_log_3m (21),2.46,1.67,-0.63
203.653,1,Ceiling_log_3m (21),2.46,1.68,-0.63
203.695,1,Ceiling_log_3m (21),2.46,1.70,-0.62
203.723,1,Ceiling_3x3m (7),2.47,1.70,-0.61
203.751,1,Ceiling_3x3m (7),2.47,1.70,-0.61
203.793,1,Ceiling_3x3m (7),2.49,1.70,-0.59
203.821,1,Ceiling_3x3m (7),2.51,1.70,-0.58
203.848,1,Ceiling_3x3m (7),2.52,1.70,-0.56
203.891,1,Ceiling_3x3m (7),2.54,1.70,-0.53
203.918,1,Ceiling_3x3m (7),2.55,1.70,-0.51
203.960,1,Ceiling_3x3m (7),2.57,1.70,-0.49
203.988,1,Ceiling_3x3m (7),2.56,1.70,-0.47
204.015,1,Ceiling_3x3m (7),2.57,1.70,-0.45
204.057,1,Ceiling_3x3m (7),2.60,1.70,-0.45
204.085,1,Ceiling_3x3m (7),2.62,1.70,-0.44
204.127,1,Ceiling_3x3m (7),2.65,1.70,-0.45
204.155,1,Ceiling_3x3m (7),2.68,1.70,-0.46
204.182,1,Ceiling_3x3m (7),2.70,1.70,-0.47
204.224,1,Ceiling_3x3m (7),2.72,1.70,-0.49
204.252,1,Ceiling_3x3m (7),2.74,1.70,-0.51
204.294,1,Ceiling_3x3m (7),2.76,1.70,-0.55
204.322,1,Ceiling_3x3m (7),2.72,1.70,-0.54
204.350,1,Ceiling_3x3m (7),2.72,1.70,-0.52
204.391,1,Ceiling_3x3m (7),2.71,1.70,-0.47
204.419,1,Ceiling_3x3m (7),2.69,1.70,-0.43
204.461,1,Ceiling_3x3m (7),2.73,1.70,-0.38
204.488,1,Ceiling_3x3m (7),2.75,1.70,-0.36
204.516,1,Ceiling_3x3m (7),2.76,1.70,-0.36
204.558,1,Ceiling_3x3m (7),2.74,1.70,-0.36
204.586,1,Ceiling_3x3m (7),2.65,1.70,-0.34
204.628,1,Ceiling_3x3m (7),2.59,1.70,-0.33
204.656,1,Ceiling_3x3m (7),2.60,1.70,-0.35
204.683,1,Ceiling_3x3m (7),2.61,1.70,-0.36
204.725,1,Ceiling_3x3m (7),2.64,1.70,-0.40
204.753,1,Ceiling_3x3m (7),2.65,1.70,-0.43
204.795,1,Ceiling_3x3m (7),2.64,1.70,-0.44
204.823,1,Ceiling_3x3m (7),2.65,1.70,-0.47
204.850,1,Ceiling_3x3m (7),2.64,1.70,-0.49
204.893,1,Ceiling_3x3m (7),2.63,1.70,-0.50
204.920,1,Ceiling_3x3m (7),2.61,1.70,-0.51
204.963,1,Ceiling_3x3m (7),2.59,1.70,-0.52
204.989,1,Ceiling_3x3m (7),2.62,1.70,-0.54
205.017,1,Ceiling_3x3m (7),2.62,1.70,-0.54
205.059,1,Ceiling_3x3m (7),2.62,1.70,-0.52
205.087,1,Ceiling_3x3m (7),2.59,1.70,-0.49
205.115,1,Ceiling_3x3m (7),2.57,1.70,-0.47
205.157,1,Ceiling_3x3m (7),2.53,1.70,-0.42
205.185,1,Ceiling_3x3m (7),2.50,1.70,-0.39
205.226,1,Ceiling_3x3m (7),2.48,1.70,-0.36
205.254,1,Ceiling_log_3m (21),2.46,1.69,-0.33
205.282,1,Wall_3mx20cm_Wood_Panels (2),2.47,1.67,-0.31
205.324,1,Wall_3mx20cm_Wood_Panels (2),2.54,1.61,-0.31
205.352,1,Wall_3mx20cm_Wood_Panels (2),2.58,1.58,-0.31
205.394,1,Wall_3mx20cm_Wood_Panels (2),2.63,1.54,-0.31
205.421,1,Wall_3mx20cm_Wood_Panels (2),2.66,1.52,-0.31
205.450,1,Wall_3mx20cm_Wood_Panels (2),2.70,1.50,-0.31
205.491,1,Wall_3mx20cm_Wood_Panels (2),2.73,1.49,-0.31
205.519,1,Wall_3mx20cm_Wood_Panels (2),2.73,1.50,-0.31
205.561,1,Wall_3mx20cm_Wood_Panels (2),2.70,1.52,-0.31
205.589,1,Wall_3mx20cm_Wood_Panels (2),2.67,1.53,-0.31
205.616,1,Wall_3mx20cm_Wood_Panels (2),2.64,1.55,-0.31
205.658,1,Wall_3mx20cm_Wood_Panels (2),2.60,1.58,-0.31
205.686,1,Wall_3mx20cm_Wood_Panels (2),2.56,1.61,-0.31
205.727,1,Wall_3mx20cm_Wood_Panels (2),2.51,1.66,-0.31
205.755,1,Ceiling_3x3m (7),2.47,1.70,-0.31
205.783,1,Ceiling_3x3m (7),2.49,1.70,-0.34
205.825,1,Ceiling_3x3m (7),2.51,1.70,-0.38
205.853,1,Ceiling_3x3m (7),2.53,1.70,-0.41
205.895,1,Ceiling_3x3m (7),2.56,1.70,-0.45
205.923,1,Ceiling_3x3m (7),2.59,1.70,-0.48
205.950,1,Ceiling_3x3m (7),2.61,1.70,-0.51
205.993,1,Ceiling_3x3m (7),2.65,1.70,-0.55
206.020,1,Ceiling_3x3m (7),2.67,1.70,-0.56
206.061,1,Ceiling_3x3m (7),2.68,1.70,-0.57
206.090,1,Ceiling_3x3m (7),2.71,1.70,-0.57
206.117,1,Ceiling_3x3m (7),2.72,1.70,-0.56
206.159,1,Ceiling_3x3m (7),2.73,1.70,-0.55
206.187,1,Ceiling_3x3m (7),2.77,1.70,-0.57
206.229,1,Ceiling_3x3m (7),2.78,1.70,-0.58
206.257,1,Ceiling_3x3m (7),2.82,1.70,-0.62
206.284,1,Ceiling_3x3m (7),2.87,1.70,-0.65
206.326,1,Ceiling_3x3m (7),2.91,1.70,-0.70
206.353,1,Ceiling_3x3m (7),3.01,1.70,-0.75
206.382,1,Ceiling_3x3m (7),3.04,1.70,-0.78
206.424,1,Ceiling_log_3m (22),3.36,1.50,-0.88
206.451,1,Ceiling_log_3m (22),3.37,1.50,-0.89
206.494,1,Ceiling_3x3m (7),3.06,1.70,-0.79
206.521,1,Ceiling_3x3m (7),3.03,1.70,-0.77
206.549,1,Ceiling_3x3m (7),2.98,1.70,-0.75
206.590,1,Ceiling_3x3m (7),2.90,1.70,-0.70
206.619,1,Ceiling_3x3m (7),2.87,1.70,-0.67
206.661,1,Ceiling_3x3m (7),2.82,1.70,-0.64
206.688,1,Ceiling_3x3m (7),2.79,1.70,-0.62
206.716,1,Ceiling_3x3m (7),2.79,1.70,-0.61
206.758,1,Ceiling_3x3m (7),2.83,1.70,-0.61
206.786,1,Ceiling_3x3m (7),2.85,1.70,-0.62
206.828,1,Ceiling_3x3m (7),2.89,1.70,-0.65
206.855,1,Ceiling_3x3m (7),2.91,1.70,-0.66
206.883,1,Ceiling_3x3m (7),2.92,1.70,-0.68
206.925,1,Ceiling_3x3m (7),2.90,1.70,-0.70
206.953,1,Ceiling_3x3m (7),2.86,1.70,-0.71
206.994,1,Ceiling_3x3m (7),2.80,1.70,-0.73
207.023,1,Ceiling_3x3m (7),2.75,1.70,-0.75
207.050,1,Ceiling_3x3m (7),2.70,1.70,-0.77
207.093,1,Ceiling_3x3m (7),2.61,1.70,-0.80
207.121,1,Ceiling_3x3m (7),2.55,1.70,-0.83
207.162,1,Ceiling_log_3m (21),2.46,1.68,-0.91
207.190,1,Ceiling_log_3m (21),2.46,1.63,-1.00
207.218,1,Ceiling_log_3m (21),2.46,1.59,-1.06
207.259,1,Ceiling_log_3m (21),2.46,1.53,-1.16
207.287,1,Ceiling_log_3m (21),2.44,1.50,-1.21
207.329,1,Ceiling_3x3m (6),2.00,1.70,-1.22
207.357,1,Ceiling_3x3m (6),1.93,1.70,-1.26
207.385,1,Ceiling_3x3m (6),1.84,1.70,-1.28
207.426,1,Ceiling_3x3m (6),1.70,1.70,-1.31
207.454,1,Ceiling_3x3m (6),1.64,1.70,-1.31
207.482,1,Ceiling_3x3m (6),1.60,1.70,-1.32
207.524,1,Ceiling_3x3m (6),1.54,1.70,-1.33
207.552,1,Ceiling_log_3m (20),1.52,1.69,-1.33
207.594,1,Ceiling_log_3m (20),1.52,1.68,-1.33
207.621,1,Ceiling_log_3m (20),1.52,1.68,-1.32
207.649,1,Ceiling_log_3m (20),1.52,1.67,-1.31
207.691,1,Ceiling_log_3m (20),1.52,1.65,-1.29
207.719,1,Ceiling_log_3m (20),1.52,1.64,-1.28
207.761,1,Ceiling_log_3m (20),1.52,1.64,-1.27
207.788,1,Ceiling_log_3m (20),1.52,1.64,-1.26
207.816,1,Ceiling_log_3m (20),1.52,1.65,-1.26
207.858,1,Ceiling_log_3m (20),1.52,1.66,-1.25
207.886,1,Ceiling_log_3m (20),1.52,1.69,-1.25
207.928,1,Ceiling_3x3m (6),1.55,1.70,-1.24
207.955,1,Ceiling_3x3m (6),1.57,1.70,-1.24
207.984,1,Ceiling_3x3m (6),1.60,1.70,-1.24
208.026,1,Ceiling_3x3m (6),1.61,1.70,-1.22
208.053,1,Ceiling_3x3m (6),1.61,1.70,-1.22
208.095,1,Ceiling_3x3m (6),1.61,1.70,-1.21
208.123,1,Ceiling_3x3m (6),1.60,1.70,-1.21
208.150,1,Ceiling_3x3m (6),1.58,1.70,-1.21
208.192,1,Ceiling_3x3m (6),1.57,1.70,-1.20
208.220,1,Ceiling_3x3m (6),1.60,1.70,-1.20
208.262,1,Ceiling_3x3m (6),1.63,1.70,-1.19
208.290,1,Ceiling_3x3m (6),1.66,1.70,-1.19
208.317,1,Ceiling_3x3m (6),1.69,1.70,-1.18
208.360,1,Ceiling_3x3m (6),1.75,1.70,-1.18
208.387,1,Ceiling_3x3m (6),1.79,1.70,-1.18
208.429,1,Ceiling_3x3m (6),1.85,1.70,-1.17
208.457,1,Ceiling_3x3m (6),1.89,1.70,-1.16
208.485,1,Ceiling_3x3m (6),1.92,1.70,-1.15
208.526,1,Ceiling_3x3m (6),1.99,1.70,-1.13
208.555,1,Ceiling_log_3m (21),2.38,1.50,-1.17
208.596,1,Ceiling_log_3m (21),2.44,1.50,-1.16
208.624,1,Ceiling_log_3m (21),2.46,1.52,-1.15
208.652,1,Ceiling_log_3m (21),2.46,1.54,-1.13
208.694,1,Ceiling_log_3m (21),2.46,1.57,-1.12
208.721,1,Ceiling_log_3m (21),2.46,1.59,-1.11
208.749,1,Ceiling_log_3m (21),2.46,1.60,-1.10
208.791,1,Ceiling_log_3m (21),2.46,1.62,-1.08
208.819,1,Ceiling_log_3m (21),2.46,1.63,-1.07
208.861,1,Ceiling_log_3m (21),2.46,1.65,-1.06
208.889,1,Ceiling_log_3m (21),2.46,1.66,-1.06
208.917,1,Ceiling_log_3m (21),2.46,1.67,-1.06
208.958,1,Ceiling_log_3m (21),2.46,1.69,-1.07
208.986,1,Ceiling_3x3m (7),2.47,1.70,-1.07
209.028,1,Ceiling_3x3m (7),2.49,1.70,-1.07
209.055,1,Ceiling_3x3m (7),2.50,1.70,-1.07
209.083,1,Ceiling_3x3m (7),2.53,1.70,-1.08
209.125,1,Ceiling_3x3m (7),2.57,1.70,-1.08
209.153,1,Ceiling_3x3m (7),2.58,1.70,-1.08
209.195,1,Ceiling_3x3m (7),2.60,1.70,-1.07
209.223,1,Ceiling_3x3m (7),2.62,1.70,-1.07
209.250,1,Ceiling_3x3m (7),2.64,1.70,-1.08
209.292,1,Ceiling_3x3m (7),2.65,1.70,-1.08
209.320,1,Ceiling_3x3m (7),2.65,1.70,-1.09
209.362,1,Ceiling_3x3m (6),2.61,1.70,-1.11
209.389,1,Ceiling_3x3m (6),2.57,1.70,-1.12
209.417,1,Ceiling_3x3m (6),2.56,1.70,-1.15
209.460,1,Ceiling_3x3m (6),2.51,1.70,-1.18
209.487,1,Ceiling_3x3m (6),2.47,1.70,-1.20
209.529,1,Ceiling_log_3m (21),2.46,1.67,-1.26
209.557,1,Ceiling_log_3m (21),2.46,1.64,-1.29
209.585,1,Ceiling_log_3m (21),2.46,1.62,-1.33
209.626,1,Ceiling_log_3m (21),2.46,1.53,-1.40
209.654,1,Ceiling_log_3m (21),2.46,1.54,-1.47
209.696,1,Ceiling_log_3m (21),2.41,1.50,-1.57
209.724,1,Ceiling_3x3m (6),1.99,1.70,-1.63
209.752,1,Ceiling_3x3m (6),1.92,1.70,-1.72
209.793,1,Ceiling_3x3m (6),1.76,1.70,-1.84
209.821,1,Ceiling_3x3m (6),1.63,1.70,-1.91
209.850,1,Ceiling_log_3m (20),1.52,1.66,-1.98
209.891,1,Ceiling_log_3m (20),1.52,1.55,-2.05
209.919,1,Ceiling_log_3m (20),1.49,1.50,-2.10
209.961,1,Wall_3mx20cm_Conference_Door,1.41,1.46,-2.18
209.989,1,Wall_3mx20cm_Conference_Door,1.41,1.39,-2.22
210.017,1,Wall_3mx20cm_Conference_Door,1.41,1.36,-2.25
210.058,1,Wall_3mx20cm_Conference_Door,1.41,1.33,-2.30
210.086,1,Wall_3mx20cm_Conference_Door,1.41,1.31,-2.33
210.128,1,Wall_3mx20cm_Conference_Door,1.41,1.27,-2.37
210.156,1,Wall_3mx20cm_Conference_Door,1.41,1.25,-2.39
210.183,1,Wall_3mx20cm_Conference_Door,1.41,1.22,-2.41
210.225,1,Wall_3mx20cm_Conference_Door,1.41,1.20,-2.44
210.253,1,Wall_3mx20cm_Conference_Door,1.41,1.18,-2.47
210.295,1,Wall_3mx20cm_Conference_Door,1.41,1.19,-2.50
210.323,1,Wall_3mx20cm_Conference_Door,1.41,1.19,-2.53
210.351,1,Wall_3mx20cm_Conference_Door,1.41,1.21,-2.56
210.392,1,Wall_3mx20cm_Conference_Door,1.41,1.21,-2.62
210.421,1,Wall_3mx20cm_Conference_Door,1.41,1.20,-2.67
210.462,1,Wall_3mx20cm_Conference_Door,1.41,1.20,-2.75
210.490,1,Wall_3mx20cm_Conference_Door,1.41,1.19,-2.80
210.518,1,Wall_3mx20cm_Conference_Door,1.41,1.24,-2.85
210.559,1,Wall_3mx20cm_Conference_Door,1.41,1.27,-2.92
210.587,1,RobotHand (L),6.38,-0.68,-1.90
210.629,1,RobotHand (L),6.40,-0.69,-1.90
210.657,1,RobotHand (L),6.40,-0.69,-1.90
210.684,1,RobotHand (L),6.41,-0.69,-1.90
210.728,1,RobotHand (L),6.41,-0.69,-1.90
210.755,1,RobotHand (L),6.41,-0.69,-1.90
210.783,1,RobotHand (L),6.41,-0.69,-1.90
210.824,1,RobotHand (L),6.42,-0.69,-1.90
210.852,1,RobotHand (L),6.42,-0.69,-1.90
210.893,1,RobotHand (L),6.42,-0.69,-1.90
210.922,1,RobotHand (L),6.42,-0.69,-1.90
210.964,1,RobotHand (L),6.42,-0.69,-1.90
210.991,1,RobotHand (L),6.42,-0.69,-1.90
211.018,1,RobotHand (L),6.42,-0.69,-1.90
211.060,1,RobotHand (L),6.43,-0.69,-1.90
211.088,1,RobotHand (L),6.43,-0.69,-1.89
211.116,1,RobotHand (L),6.43,-0.69,-1.89
211.158,1,RobotHand (L),6.42,-0.69,-1.89
211.186,1,RobotHand (L),6.42,-0.69,-1.89
211.228,1,RobotHand (L),6.43,-0.69,-1.89
211.255,1,RobotHand (L),6.42,-0.69,-1.89
211.287,1,RobotHand (L),6.42,-0.69,-1.89
211.327,1,RobotHand (L),6.43,-0.69,-1.89
211.353,1,RobotHand (L),6.43,-0.69,-1.89
211.395,1,RobotHand (L),6.43,-0.69,-1.89
211.422,1,RobotHand (L),6.43,-0.69,-1.89
211.450,1,RobotHand (L),6.43,-0.69,-1.89
211.493,1,RobotHand (L),6.43,-0.69,-1.89
211.520,1,RobotHand (L),6.42,-0.69,-1.89
211.562,1,RobotHand (L),6.42,-0.69,-1.89
211.589,1,RobotHand (L),6.42,-0.68,-1.89
211.618,1,RobotHand (L),6.42,-0.68,-1.89
211.659,1,RobotHand (L),6.42,-0.68,-1.89
211.687,1,RobotHand (L),6.41,-0.68,-1.89
211.729,1,RobotHand (L),6.41,-0.68,-1.89
211.757,1,RobotHand (L),6.40,-0.67,-1.89
211.784,1,RobotHand (L),6.40,-0.67,-1.88
211.826,1,Ceiling_3x3m (6),1.56,1.70,-2.43
211.854,1,Ceiling_3x3m (6),1.67,1.70,-2.41
211.896,1,Ceiling_3x3m (6),1.81,1.70,-2.37
211.924,1,Ceiling_3x3m (6),1.93,1.70,-2.34
211.952,1,Ceiling_3x3m (6),1.99,1.70,-2.33
211.993,1,Ceiling_log_3m (21),2.38,1.50,-2.30
212.021,1,Ceiling_3x3m (6),1.99,1.70,-2.35
212.063,1,RobotHand (L),6.40,-0.66,-1.88
212.090,1,RobotHand (L),6.40,-0.66,-1.88
212.119,1,RobotHand (L),6.41,-0.66,-1.88
212.160,1,RobotHand (L),6.41,-0.66,-1.88
212.188,1,RobotHand (L),6.41,-0.66,-1.88
212.230,1,RobotHand (L),6.41,-0.66,-1.88
212.258,1,RobotHand (L),6.41,-0.66,-1.88
212.286,1,RobotHand (L),6.41,-0.66,-1.88
212.327,1,RobotHand (L),6.40,-0.65,-1.88
212.355,1,Ceiling_3x3m (6),2.46,1.70,-2.20
212.397,1,Ceiling_3x3m (6),2.54,1.70,-2.06
212.425,1,Ceiling_3x3m (6),2.60,1.70,-1.97
212.453,1,Ceiling_3x3m (6),2.66,1.70,-1.91
212.495,1,Ceiling_3x3m (6),2.70,1.70,-1.83
212.522,1,Ceiling_3x3m (6),2.71,1.70,-1.79
212.550,1,Ceiling_3x3m (6),2.70,1.70,-1.76
212.592,1,Ceiling_3x3m (6),2.67,1.70,-1.71
212.620,1,Ceiling_3x3m (6),2.63,1.70,-1.68
212.662,1,Ceiling_3x3m (6),2.58,1.70,-1.64
212.690,1,Ceiling_3x3m (6),2.56,1.70,-1.61
212.718,1,Ceiling_3x3m (6),2.52,1.70,-1.59
212.759,1,Ceiling_3x3m (6),2.47,1.70,-1.56
212.787,1,Ceiling_log_3m (21),2.46,1.68,-1.52
212.829,1,Ceiling_log_3m (21),2.46,1.64,-1.47
212.856,1,Ceiling_log_3m (21),2.46,1.61,-1.45
212.884,1,Ceiling_log_3m (21),2.46,1.55,-1.42
212.926,1,Ceiling_log_3m (21),2.37,1.50,-1.40
212.954,1,Ceiling_3x3m (6),1.90,1.70,-1.36
212.996,1,Ceiling_3x3m (6),1.79,1.70,-1.39
213.023,1,Ceiling_3x3m (6),1.69,1.70,-1.42
213.052,1,Ceiling_3x3m (6),1.56,1.70,-1.45
213.093,1,Ceiling_log_3m (20),1.52,1.60,-1.55
213.121,1,Ceiling_log_3m (20),1.52,1.52,-1.63
213.162,1,Wall_3mx20cm_Conference_Door,1.41,1.50,-1.78
213.191,1,Wall_3mx20cm_Conference_Door,1.41,1.47,-1.92
213.219,1,Wall_3mx20cm_Conference_Door,1.41,1.44,-2.05
213.260,1,Wall_3mx20cm_Conference_Door,1.41,1.41,-2.21
213.289,1,Wall_3mx20cm_Conference_Door,1.41,1.42,-2.30
213.330,1,Wall_3mx20cm_Conference_Door,1.41,1.46,-2.41
213.358,1,Wall_3mx20cm_Conference_Door,1.41,1.50,-2.47
213.386,1,Ceiling_log_3m (20),1.46,1.50,-2.52
213.428,1,Ceiling_log_3m (20),1.51,1.50,-2.57
213.455,1,Ceiling_log_3m (20),1.52,1.51,-2.60
213.497,1,Ceiling_log_3m (20),1.52,1.50,-2.62
213.525,1,Ceiling_log_3m (20),1.52,1.50,-2.61
213.553,1,Ceiling_log_3m (20),1.52,1.51,-2.57
213.595,1,Ceiling_log_3m (20),1.52,1.53,-2.49
213.622,1,Ceiling_log_3m (20),1.52,1.55,-2.43
213.651,1,Ceiling_log_3m (20),1.52,1.57,-2.34
213.692,1,Ceiling_log_3m (20),1.52,1.60,-2.19
213.720,1,Ceiling_log_3m (20),1.52,1.61,-2.09
213.762,1,Ceiling_log_3m (20),1.52,1.62,-1.96
213.789,1,Ceiling_log_3m (20),1.52,1.63,-1.89
213.817,1,Ceiling_log_3m (20),1.52,1.64,-1.82
213.859,1,Ceiling_log_3m (20),1.52,1.62,-1.74
213.887,1,Ceiling_log_3m (20),1.52,1.60,-1.70
213.929,1,Ceiling_log_3m (20),1.52,1.58,-1.63
213.958,1,Ceiling_log_3m (20),1.52,1.57,-1.58
213.986,1,Ceiling_log_3m (20),1.52,1.53,-1.53
214.027,1,Ceiling_log_3m (20),1.48,1.50,-1.45
214.055,1,Ceiling_log_3m (20),1.44,1.50,-1.40
214.097,1,Wall_3mx20cm_Conference_Door,1.41,1.50,-1.35
214.125,1,Wall_3mx20cm_Conference_Door,1.41,1.49,-1.33
214.152,1,Wall_3mx20cm_Conference_Door,1.41,1.47,-1.31
214.194,1,Wall_3mx20cm_Conference_Door,1.41,1.42,-1.30
214.221,1,Wall_3mx20cm_Conference_Door,1.41,1.37,-1.30
214.264,1,Wall_3mx20cm_Conference_Door,1.41,1.29,-1.29
214.292,1,Wall_3mx20cm_Conference_Door,1.41,1.25,-1.27
214.319,1,Wall_3mx20cm_Conference_Door,1.41,1.21,-1.25
214.360,1,Wall_3mx20cm_Conference_Door,1.41,1.14,-1.22
214.388,1,Wall_3mx20cm_Conference_Door,1.41,1.11,-1.20
214.430,1,Wall_3mx20cm_Conference_Door,1.41,1.09,-1.18
214.458,1,Wall_3mx20cm_Conference_Door,1.41,1.10,-1.17
214.485,1,Wall_3mx20cm_Conference_Door,1.41,1.10,-1.16
214.527,1,Wall_3mx20cm_Conference_Door,1.41,1.11,-1.14
214.555,1,Wall_3mx20cm_Conference_Door,1.41,1.12,-1.12
214.598,1,Wall_3mx20cm_Conference_Door,1.41,1.14,-1.10
214.626,1,Wall_3mx20cm_Door (1),1.41,1.17,-1.09
214.654,1,Wall_3mx20cm_Door (1),1.41,1.18,-1.07
214.695,1,Wall_3mx20cm_Door (1),1.41,1.20,-1.03
214.723,1,Wall_3mx20cm_Door (1),1.41,1.23,-1.00
214.751,1,Wall_3mx20cm_Door (1),1.41,1.25,-0.96
214.793,1,Wall_3mx20cm_Door (1),1.41,1.31,-0.90
214.820,1,Wall_3mx20cm_Door (1),1.41,1.36,-0.86
214.862,1,Wall_3mx20cm_Door (1),1.41,1.43,-0.80
214.890,1,Wall_3mx20cm_Door (1),1.41,1.46,-0.77
214.918,1,Wall_3mx20cm_Door (1),1.41,1.50,-0.73
214.960,1,Ceiling_log_3m (20),1.52,1.50,-0.68
214.988,1,Ceiling_log_3m (20),1.52,1.52,-0.65
215.029,1,Ceiling_log_3m (20),1.52,1.55,-0.61
215.056,1,Ceiling_log_3m (20),1.52,1.57,-0.60
215.085,1,Ceiling_log_3m (20),1.52,1.59,-0.59
215.127,1,Ceiling_log_3m (20),1.52,1.62,-0.60
215.154,1,Ceiling_log_3m (20),1.52,1.65,-0.60
215.196,1,Ceiling_3x3m (7),1.56,1.70,-0.60
215.224,1,Ceiling_3x3m (7),1.63,1.70,-0.61
215.252,1,Ceiling_3x3m (7),1.67,1.70,-0.62
215.294,1,Ceiling_3x3m (7),1.73,1.70,-0.62
215.320,1,Ceiling_3x3m (7),1.79,1.70,-0.63
215.363,1,Ceiling_3x3m (7),1.87,1.70,-0.64
215.390,1,Ceiling_3x3m (7),1.93,1.70,-0.66
215.418,1,Ceiling_3x3m (7),1.99,1.70,-0.67
215.460,1,Ceiling_log_3m (21),2.40,1.50,-0.76
215.489,1,Ceiling_log_3m (21),2.46,1.51,-0.76
215.530,1,Ceiling_log_3m (21),2.46,1.53,-0.74
215.558,1,Ceiling_log_3m (21),2.46,1.52,-0.73
215.586,1,Ceiling_log_3m (21),2.46,1.52,-0.71
215.630,1,Ceiling_log_3m (21),2.43,1.50,-0.70
215.655,1,Ceiling_log_3m (21),2.40,1.50,-0.70
215.698,1,Ceiling_log_3m (21),2.37,1.50,-0.69
215.724,1,Ceiling_log_3m (21),2.36,1.50,-0.69
215.754,1,Ceiling_3x3m (7),1.98,1.70,-0.59
215.795,1,Ceiling_3x3m (7),1.97,1.70,-0.58
215.824,1,Ceiling_3x3m (7),1.99,1.70,-0.57
215.851,1,Ceiling_3x3m (7),1.98,1.70,-0.56
215.893,1,Ceiling_3x3m (7),1.96,1.70,-0.53
215.919,1,Ceiling_3x3m (7),1.95,1.70,-0.51
215.962,1,Ceiling_3x3m (7),1.91,1.70,-0.49
215.988,1,Ceiling_3x3m (7),1.86,1.70,-0.48
216.030,1,Ceiling_3x3m (7),1.79,1.70,-0.46
216.058,1,Ceiling_3x3m (7),1.75,1.70,-0.45
216.086,1,Ceiling_3x3m (7),1.71,1.70,-0.44
216.129,1,Ceiling_3x3m (7),1.67,1.70,-0.43
216.155,1,Ceiling_3x3m (7),1.67,1.70,-0.43
216.184,1,Ceiling_3x3m (7),1.68,1.70,-0.42
216.226,1,Ceiling_3x3m (7),1.71,1.70,-0.41
216.253,1,Ceiling_3x3m (7),1.73,1.70,-0.40
216.295,1,Ceiling_3x3m (7),1.76,1.70,-0.38
216.323,1,Ceiling_3x3m (7),1.79,1.70,-0.38
216.365,1,Ceiling_3x3m (7),1.84,1.70,-0.38
216.395,1,Ceiling_3x3m (7),1.86,1.70,-0.38
216.422,1,Ceiling_3x3m (7),1.88,1.70,-0.39
216.451,1,Ceiling_3x3m (7),1.90,1.70,-0.40
216.496,1,Ceiling_3x3m (7),1.95,1.70,-0.42
216.526,1,Ceiling_3x3m (7),1.96,1.70,-0.43
216.553,1,Ceiling_3x3m (7),1.97,1.70,-0.43
216.599,1,Ceiling_3x3m (7),2.00,1.70,-0.44
216.627,1,Ceiling_log_3m (21),2.38,1.50,-0.56
216.654,1,Ceiling_log_3m (21),2.40,1.50,-0.57
216.696,1,Ceiling_log_3m (21),2.40,1.50,-0.57
216.723,1,Ceiling_log_3m (21),2.42,1.50,-0.57
216.753,1,Ceiling_log_3m (21),2.43,1.50,-0.57
216.794,1,Ceiling_log_3m (21),2.45,1.50,-0.58
216.822,1,Ceiling_log_3m (21),2.46,1.51,-0.58
216.864,1,Ceiling_log_3m (21),2.46,1.52,-0.58
216.892,1,Ceiling_log_3m (21),2.46,1.52,-0.58
216.920,1,Ceiling_log_3m (21),2.46,1.52,-0.58
216.962,1,Ceiling_log_3m (21),2.46,1.53,-0.58
216.991,1,Ceiling_log_3m (21),2.46,1.53,-0.58
217.018,1,Ceiling_log_3m (21),2.46,1.53,-0.58
217.062,1,Ceiling_log_3m (21),2.46,1.53,-0.59
217.088,1,Ceiling_log_3m (21),2.46,1.52,-0.59
217.129,1,Ceiling_log_3m (21),2.46,1.52,-0.59
217.158,1,Ceiling_log_3m (21),2.46,1.52,-0.59
217.186,1,Ceiling_log_3m (21),2.46,1.53,-0.59
217.227,1,Ceiling_log_3m (21),2.46,1.53,-0.59
217.256,1,Ceiling_log_3m (21),2.46,1.54,-0.59
217.298,1,Ceiling_log_3m (21),2.46,1.54,-0.59
217.324,1,Ceiling_log_3m (21),2.46,1.55,-0.59
217.352,1,Ceiling_log_3m (21),2.46,1.56,-0.59
217.395,1,Ceiling_log_3m (21),2.46,1.56,-0.59
217.422,1,Ceiling_log_3m (21),2.46,1.57,-0.59
217.463,1,Ceiling_log_3m (21),2.46,1.58,-0.59
217.490,1,Ceiling_log_3m (21),2.46,1.58,-0.59
217.518,1,Ceiling_log_3m (21),2.46,1.58,-0.59
217.560,1,Ceiling_log_3m (21),2.46,1.58,-0.60
217.588,1,Ceiling_log_3m (21),2.46,1.58,-0.60
217.629,1,Ceiling_log_3m (21),2.46,1.58,-0.59
217.657,1,Ceiling_log_3m (21),2.46,1.58,-0.59
217.698,1,Ceiling_log_3m (21),2.46,1.59,-0.58
217.726,1,Ceiling_log_3m (21),2.46,1.59,-0.58
217.753,1,Ceiling_log_3m (21),2.46,1.60,-0.58
217.796,1,Ceiling_log_3m (21),2.46,1.60,-0.57
217.824,1,Ceiling_log_3m (21),2.46,1.61,-0.56
217.852,1,Ceiling_log_3m (21),2.46,1.62,-0.55
217.896,1,Ceiling_log_3m (21),2.46,1.64,-0.53
217.921,1,Ceiling_log_3m (21),2.46,1.65,-0.52
217.965,1,Ceiling_log_3m (21),2.46,1.67,-0.50
217.993,1,Ceiling_log_3m (21),2.46,1.69,-0.48
218.021,1,Ceiling_3x3m (7),2.48,1.70,-0.47
218.062,1,Ceiling_3x3m (7),2.52,1.70,-0.46
218.091,1,Ceiling_3x3m (7),2.55,1.70,-0.46
218.118,1,Ceiling_3x3m (7),2.57,1.70,-0.45
218.161,1,Ceiling_3x3m (7),2.61,1.70,-0.45
218.191,1,Ceiling_3x3m (7),2.61,1.70,-0.44
218.242,1,Ceiling_3x3m (7),2.62,1.70,-0.43
218.271,1,Ceiling_3x3m (7),2.63,1.70,-0.43
218.299,1,Ceiling_3x3m (7),2.62,1.70,-0.42
218.327,1,Ceiling_3x3m (7),2.62,1.70,-0.42
218.367,1,Ceiling_3x3m (7),2.63,1.70,-0.43
218.406,1,Ceiling_3x3m (7),2.64,1.70,-0.43
218.425,1,Ceiling_3x3m (7),2.64,1.70,-0.43
218.463,1,Ceiling_3x3m (7),2.64,1.70,-0.43
218.492,1,Ceiling_3x3m (7),2.65,1.70,-0.43
218.521,1,Ceiling_3x3m (7),2.64,1.70,-0.43
218.563,1,Ceiling_3x3m (7),2.62,1.70,-0.43
218.591,1,Ceiling_3x3m (7),2.61,1.70,-0.43
218.633,1,Ceiling_3x3m (7),2.59,1.70,-0.43
218.660,1,Ceiling_3x3m (7),2.57,1.70,-0.43
218.689,1,Ceiling_3x3m (7),2.55,1.70,-0.42
218.730,1,Ceiling_3x3m (7),2.54,1.70,-0.42
218.759,1,Ceiling_3x3m (7),2.52,1.70,-0.42
218.787,1,Ceiling_3x3m (7),2.51,1.70,-0.43
218.828,1,Ceiling_3x3m (7),2.48,1.70,-0.42
218.855,1,Ceiling_3x3m (7),2.47,1.70,-0.42
218.903,1,Ceiling_log_3m (21),2.46,1.69,-0.42
218.946,1,Ceiling_log_3m (21),2.46,1.68,-0.43
218.972,1,Ceiling_log_3m (21),2.46,1.65,-0.43
218.994,1,Ceiling_log_3m (21),2.46,1.64,-0.43
219.022,1,Ceiling_log_3m (21),2.46,1.64,-0.43
219.065,1,Ceiling_log_3m (21),2.46,1.64,-0.44
219.092,1,Ceiling_log_3m (21),2.46,1.64,-0.45
219.121,1,Ceiling_log_3m (21),2.46,1.63,-0.45
219.164,1,Ceiling_log_3m (21),2.46,1.62,-0.45
219.190,1,Ceiling_log_3m (21),2.46,1.61,-0.46
219.219,1,Ceiling_log_3m (21),2.46,1.59,-0.46
219.262,1,Ceiling_log_3m (21),2.46,1.56,-0.48
219.289,1,Ceiling_log_3m (21),2.46,1.53,-0.49
219.331,1,Ceiling_log_3m (21),2.44,1.50,-0.51
219.359,1,Ceiling_log_3m (21),2.37,1.50,-0.51
219.386,1,Ceiling_3x3m (7),1.91,1.70,-0.39
219.428,1,Ceiling_3x3m (7),1.75,1.70,-0.40
219.456,1,Ceiling_3x3m (7),1.65,1.70,-0.42
219.496,1,Ceiling_log_3m (20),1.52,1.67,-0.47
219.523,1,Ceiling_log_3m (20),1.52,1.61,-0.52
219.552,1,Ceiling_log_3m (20),1.52,1.57,-0.58
219.594,1,Ceiling_log_3m (20),1.52,1.51,-0.65
219.622,1,Ceiling_log_3m (20),1.44,1.50,-0.68
219.665,1,Wall_3mx20cm_Door (1),1.41,1.47,-0.75
219.692,1,Wall_3mx20cm_Door (1),1.41,1.45,-0.78
219.720,1,Wall_3mx20cm_Door (1),1.41,1.41,-0.82
219.761,1,Wall_3mx20cm_Door (1),1.41,1.35,-0.86
219.789,1,Wall_3mx20cm_Door (1),1.41,1.31,-0.90
219.818,1,Wall_3mx20cm_Door (1),1.41,1.29,-0.94
219.858,1,Wall_3mx20cm_Door (1),1.41,1.26,-0.98
219.888,1,Wall_3mx20cm_Door (1),1.41,1.24,-0.99
219.928,1,Wall_3mx20cm_Door (1),1.41,1.22,-1.01
219.956,1,Wall_3mx20cm_Door (1),1.41,1.21,-1.01
220.006,1,Wall_3mx20cm_Door (1),1.41,1.19,-1.01
220.040,1,Wall_3mx20cm_Door (1),1.41,1.19,-1.01
220.053,1,Wall_3mx20cm_Door (1),1.41,1.18,-1.00
220.095,1,Wall_3mx20cm_Door (1),1.41,1.18,-1.00
220.123,1,Wall_3mx20cm_Door (1),1.41,1.18,-0.99
220.165,1,Wall_3mx20cm_Door (1),1.41,1.17,-0.99
220.193,1,Wall_3mx20cm_Door (1),1.41,1.18,-0.98
220.222,1,Wall_3mx20cm_Door (1),1.41,1.18,-0.97
220.264,1,Wall_3mx20cm_Door (1),1.41,1.18,-0.96
220.291,1,Wall_3mx20cm_Door (1),1.41,1.19,-0.95
220.319,1,Wall_3mx20cm_Door (1),1.41,1.20,-0.94
220.361,1,Wall_3mx20cm_Door (1),1.41,1.22,-0.92
220.387,1,Wall_3mx20cm_Door (1),1.41,1.25,-0.87
220.429,1,Wall_3mx20cm_Door (1),1.41,1.28,-0.76
220.457,1,Wall_3mx20cm_Door (1),1.41,1.30,-0.71
220.486,1,Wall_3mx20cm_Door (1),1.41,1.31,-0.67
220.527,1,Wall_3mx20cm_Door (1),1.41,1.32,-0.62
220.554,1,Wall_3mx20cm_Door (1),1.41,1.33,-0.61
220.597,1,Wall_3mx20cm_Door (1),1.41,1.34,-0.61
220.624,1,Wall_3mx20cm_Door (1),1.41,1.34,-0.62
220.652,1,Wall_3mx20cm_Door (1),1.41,1.34,-0.64
220.694,1,Wall_3mx20cm_Door (1),1.41,1.34,-0.65
220.722,1,Wall_3mx20cm_Door (1),1.41,1.34,-0.66
220.763,1,Wall_3mx20cm_Door (1),1.41,1.34,-0.68
220.792,1,Wall_3mx20cm_Door (1),1.41,1.34,-0.69
220.819,1,Wall_3mx20cm_Door (1),1.41,1.35,-0.70
220.861,1,Wall_3mx20cm_Door (1),1.41,1.34,-0.72
220.889,1,Wall_3mx20cm_Door (1),1.41,1.34,-0.72
220.931,1,Wall_3mx20cm_Door (1),1.41,1.33,-0.74
220.960,1,Wall_3mx20cm_Door (1),1.41,1.33,-0.75
220.987,1,Wall_3mx20cm_Door (1),1.41,1.32,-0.76
221.030,1,Wall_3mx20cm_Door (1),1.41,1.31,-0.78
221.057,1,Wall_3mx20cm_Door (1),1.41,1.31,-0.79
221.098,1,Wall_3mx20cm_Door (1),1.41,1.30,-0.79
221.127,1,Wall_3mx20cm_Door (1),1.41,1.30,-0.80
221.154,1,Wall_3mx20cm_Door (1),1.41,1.31,-0.80
221.195,1,Wall_3mx20cm_Door (1),1.41,1.31,-0.80
221.223,1,Wall_3mx20cm_Door (1),1.41,1.32,-0.79
221.252,1,Wall_3mx20cm_Door (1),1.41,1.32,-0.80
221.293,1,Wall_3mx20cm_Door (1),1.41,1.33,-0.79
221.323,1,Wall_3mx20cm_Door (1),1.41,1.33,-0.79
221.363,1,Wall_3mx20cm_Door (1),1.41,1.34,-0.78
221.391,1,Wall_3mx20cm_Door (1),1.41,1.34,-0.78
221.426,1,Wall_3mx20cm_Door (1),1.41,1.35,-0.77
221.461,1,Wall_3mx20cm_Door (1),1.41,1.35,-0.77
221.488,1,Wall_3mx20cm_Door (1),1.41,1.35,-0.77
221.530,1,Wall_3mx20cm_Door (1),1.41,1.36,-0.75
221.558,1,Wall_3mx20cm_Door (1),1.41,1.36,-0.74
221.586,1,Wall_3mx20cm_Door (1),1.41,1.37,-0.73
221.627,1,Wall_3mx20cm_Door (1),1.41,1.38,-0.71
221.656,1,Wall_3mx20cm_Door (1),1.41,1.41,-0.67
221.698,1,Wall_3mx20cm_Door (1),1.41,1.43,-0.58
221.726,1,Wall_3mx20cm_Door (1),1.41,1.45,-0.53
221.753,1,Wall_3mx20cm_Door (1),1.41,1.46,-0.49
221.795,1,Wall_3mx20cm_Door (1),1.41,1.49,-0.43
221.823,1,Wall_3mx20cm_Door (1),1.41,1.49,-0.41
221.864,1,Wall_3mx20cm_Door (1),1.41,1.51,-0.40
221.892,1,Ceiling_log_3m (20),1.44,1.50,-0.41
221.920,1,Ceiling_log_3m (20),1.44,1.50,-0.41
221.962,1,Ceiling_log_3m (20),1.45,1.50,-0.41
221.989,1,Ceiling_log_3m (20),1.45,1.50,-0.41
222.030,1,Ceiling_log_3m (20),1.46,1.50,-0.41
222.058,1,Ceiling_log_3m (20),1.46,1.50,-0.42
222.087,1,Ceiling_log_3m (20),1.46,1.50,-0.43
222.128,1,Ceiling_log_3m (20),1.46,1.50,-0.44
222.156,1,Ceiling_log_3m (20),1.46,1.50,-0.45
222.197,1,Ceiling_log_3m (20),1.45,1.50,-0.46
222.226,1,Ceiling_log_3m (20),1.43,1.50,-0.46
222.253,1,Wall_3mx20cm_Door (1),1.41,1.51,-0.47
222.295,1,Wall_3mx20cm_Door (1),1.41,1.50,-0.50
222.322,1,Wall_3mx20cm_Door (1),1.41,1.49,-0.52
222.383,1,Wall_3mx20cm_Door (1),1.41,1.50,-0.54
222.394,1,Wall_3mx20cm_Door (1),1.41,1.50,-0.56
222.456,1,Wall_3mx20cm_Door (1),1.41,1.50,-0.58
222.456,1,Wall_3mx20cm_Door (1),1.41,1.50,-0.58
222.497,1,Wall_3mx20cm_Door (1),1.41,1.50,-0.59
