t,cond,hitObj,x,y,z
4.773,1,Collider,6.49,-1.05,-1.80
4.773,1,Collider,6.49,-1.05,-1.80
4.773,1,Collider,6.49,-1.05,-1.80
4.773,1,Collider,6.49,-1.05,-1.80
4.773,1,Collider,6.49,-1.05,-1.80
4.773,1,Collider,6.49,-1.05,-1.80
4.773,1,Collider,6.49,-1.05,-1.80
4.773,1,Collider,6.49,-1.05,-1.80
4.773,1,Collider,6.49,-1.05,-1.80
4.773,1,Collider,6.49,-1.05,-1.80
4.773,1,Collider,6.49,-1.05,-1.80
4.773,1,Collider,6.49,-1.05,-1.80
4.773,1,Collider,6.49,-1.05,-1.80
4.773,1,Collider,6.49,-1.05,-1.80
4.773,1,Collider,6.49,-1.05,-1.80
4.773,1,Collider,6.49,-1.05,-1.80
4.773,1,Collider,6.49,-1.05,-1.80
4.773,1,Collider,6.49,-1.05,-1.80
4.773,1,Collider,6.49,-1.05,-1.80
4.773,1,Collider,6.49,-1.05,-1.80
4.773,1,Collider,6.49,-1.05,-1.80
4.773,1,Collider,6.49,-1.05,-1.80
4.773,1,Collider,6.49,-1.05,-1.80
4.773,1,Collider,6.49,-1.05,-1.80
4.773,1,Collider,6.49,-1.05,-1.80
4.773,1,Collider,6.49,-1.05,-1.80
4.773,1,Collider,6.49,-1.05,-1.80
4.773,1,Collider,6.49,-1.05,-1.80
4.773,1,Collider,6.49,-1.05,-1.80
4.773,1,Collider,6.49,-1.05,-1.80
4.773,1,Collider,6.49,-1.05,-1.80
4.773,1,Collider,6.49,-1.05,-1.80
4.773,1,Collider,6.49,-1.05,-1.80
4.773,1,Collider,6.49,-1.05,-1.80
4.773,1,Collider,6.49,-1.05,-1.80
4.773,1,Collider,6.49,-1.05,-1.80
4.773,1,Collider,6.49,-1.05,-1.80
4.773,1,Collider,6.49,-1.05,-1.80
4.773,1,Collider,6.49,-1.05,-1.80
4.773,1,Collider,6.49,-1.05,-1.80
4.773,1,Collider,6.49,-1.05,-1.80
4.773,1,Collider,6.49,-1.05,-1.80
4.773,1,Collider,6.49,-1.05,-1.80
4.773,1,Collider,6.49,-1.05,-1.80
4.773,1,Collider,6.49,-1.05,-1.80
4.773,1,Collider,6.49,-1.05,-1.80
4.773,1,Collider,6.49,-1.05,-1.80
4.773,1,Collider,6.49,-1.05,-1.80
4.773,1,Collider,6.49,-1.05,-1.80
4.773,1,Collider,6.49,-1.05,-1.80
4.773,1,Collider,6.49,-1.05,-1.80
4.773,1,Collider,6.49,-1.05,-1.80
4.773,1,Collider,6.49,-1.05,-1.80
4.773,1,Collider,6.49,-1.05,-1.80
4.773,1,Collider,6.49,-1.05,-1.80
4.773,1,Collider,6.49,-1.05,-1.80
4.773,1,Collider,6.49,-1.05,-1.80
4.773,1,Collider,6.49,-1.05,-1.80
4.773,1,Collider,6.49,-1.05,-1.80
4.773,1,Collider,6.49,-1.05,-1.80
4.773,1,Collider,6.49,-1.05,-1.80
4.773,1,Collider,6.49,-1.05,-1.80
4.773,1,Collider,6.49,-1.05,-1.80
4.773,1,Collider,6.49,-1.05,-1.80
4.773,1,Collider,6.49,-1.05,-1.80
4.773,1,Collider,6.49,-1.05,-1.80
4.773,1,Collider,6.49,-1.05,-1.80
4.773,1,Collider,6.49,-1.05,-1.80
4.773,1,Collider,6.49,-1.05,-1.80
4.773,1,Collider,6.49,-1.05,-1.80
4.773,1,Collider,6.49,-1.05,-1.80
4.773,1,Collider,6.49,-1.05,-1.80
4.773,1,Collider,6.49,-1.05,-1.80
4.773,1,Collider,6.49,-1.05,-1.80
4.773,1,Collider,6.49,-1.05,-1.80
4.773,1,Collider,6.49,-1.05,-1.80
4.773,1,Collider,6.49,-1.05,-1.80
4.773,1,Collider,6.49,-1.05,-1.80
4.773,1,Collider,6.49,-1.05,-1.80
4.773,1,Collider,6.49,-1.05,-1.80
4.773,1,Collider,6.49,-1.05,-1.80
4.773,1,Collider,6.49,-1.05,-1.80
4.773,1,Collider,6.49,-1.05,-1.80
4.773,1,Collider,6.49,-1.05,-1.80
4.773,1,Collider,6.49,-1.05,-1.80
4.773,1,Collider,6.49,-1.05,-1.80
4.773,1,Collider,6.49,-1.05,-1.80
4.773,1,Collider,6.49,-1.05,-1.80
4.773,1,Collider,6.49,-1.05,-1.80
4.773,1,Collider,6.49,-1.05,-1.80
4.773,1,Collider,6.49,-1.05,-1.80
4.773,1,Collider,6.49,-1.05,-1.80
4.773,1,Collider,6.49,-1.05,-1.80
4.773,1,Collider,6.49,-1.05,-1.80
4.773,1,Collider,6.49,-1.05,-1.80
4.773,1,Collider,6.49,-1.05,-1.80
4.773,1,Collider,6.49,-1.05,-1.80
4.773,1,Collider,6.49,-1.05,-1.80
4.773,1,Collider,6.49,-1.05,-1.80
4.773,1,Collider,6.49,-1.05,-1.80
4.773,1,Collider,6.49,-1.05,-1.80
4.773,1,Collider,6.49,-1.05,-1.80
4.773,1,Collider,6.49,-1.05,-1.80
4.773,1,Collider,6.49,-1.05,-1.80
4.773,1,Collider,6.49,-1.05,-1.80
4.773,1,Collider,6.49,-1.05,-1.80
4.773,1,Collider,6.49,-1.05,-1.80
4.773,1,Collider,6.49,-1.05,-1.80
4.773,1,Collider,6.49,-1.05,-1.80
4.773,1,Collider,6.49,-1.05,-1.80
4.773,1,Collider,6.49,-1.05,-1.80
4.773,1,Collider,6.49,-1.05,-1.80
4.773,1,Collider,6.49,-1.05,-1.80
4.773,1,Collider,6.49,-1.05,-1.80
4.773,1,Collider,6.49,-1.05,-1.80
4.773,1,Collider,6.49,-1.05,-1.80
4.773,1,Collider,6.49,-1.05,-1.80
4.773,1,Collider,6.49,-1.05,-1.80
4.773,1,Collider,6.49,-1.05,-1.80
4.773,1,Collider,6.49,-1.05,-1.80
4.773,1,Collider,6.49,-1.05,-1.80
4.773,1,Collider,6.49,-1.05,-1.80
4.773,1,Collider,6.49,-1.05,-1.80
4.773,1,Collider,6.49,-1.05,-1.80
4.773,1,Collider,6.49,-1.05,-1.80
4.773,1,Collider,6.49,-1.05,-1.80
4.773,1,Collider,6.49,-1.05,-1.80
4.773,1,Collider,6.49,-1.05,-1.80
4.773,1,Collider,6.49,-1.05,-1.80
4.773,1,Collider,6.49,-1.05,-1.80
4.773,1,Collider,6.49,-1.05,-1.80
4.773,1,Collider,6.49,-1.05,-1.80
4.773,1,Collider,6.49,-1.05,-1.80
4.773,1,Collider,6.49,-1.05,-1.80
4.773,1,Collider,6.49,-1.05,-1.80
4.773,1,Collider,6.49,-1.05,-1.80
4.773,1,Collider,6.49,-1.05,-1.80
4.773,1,Collider,6.49,-1.05,-1.80
4.773,1,Collider,6.49,-1.05,-1.80
4.773,1,Collider,6.49,-1.05,-1.80
4.773,1,Collider,6.49,-1.05,-1.80
4.773,1,Collider,6.49,-1.05,-1.80
4.773,1,Collider,6.49,-1.05,-1.80
4.773,1,Collider,6.49,-1.05,-1.80
4.805,1,Collider,6.49,-1.13,-1.80
4.841,1,Collider,6.49,-1.18,-1.80
4.883,1,Collider,6.49,-1.25,-1.80
4.910,1,Middle,6.47,-1.34,-1.80
4.935,1,Middle,6.47,-1.39,-1.80
4.976,1,Middle,6.47,-1.51,-1.80
5.005,1,Collider,6.49,-1.57,-1.80
5.051,1,Middle,6.47,-1.71,-1.80
5.075,1,Middle,6.47,-1.70,-1.80
5.102,1,Collider,6.49,-1.65,-1.80
5.144,1,Collider,6.49,-1.62,-1.80
5.171,1,Collider,6.49,-1.66,-1.80
5.213,1,Collider,6.49,-1.65,-1.80
5.240,1,Collider,6.49,-1.65,-1.80
5.269,1,Collider,6.49,-1.65,-1.80
5.310,1,Collider,6.49,-1.65,-1.80
5.338,1,Collider,6.49,-1.65,-1.80
5.380,1,Collider,6.49,-1.65,-1.80
5.408,1,Collider,6.49,-1.65,-1.80
5.436,1,Collider,6.49,-1.65,-1.80
5.470,1,Collider,6.49,-1.65,-1.80
5.521,1,Wall_3mx20cm_Door (1),1.41,0.97,-0.65
5.540,1,Wall_3mx20cm_Door (1),1.41,0.91,-0.66
5.570,1,Wall_3mx20cm_Door (1),1.41,0.82,-0.68
5.615,1,Wall_3mx20cm_Door (1),1.41,0.81,-0.71
5.644,1,Wall_3mx20cm_Door (1),1.41,0.78,-0.74
5.674,1,Wall_3mx20cm_Door (1),1.41,0.74,-0.79
5.703,1,Wall_3mx20cm_Door (1),1.41,0.71,-0.85
5.743,1,Wall_3mx20cm_Door (1),1.41,0.66,-0.94
5.772,1,Wall_3mx20cm_Door (1),1.41,0.65,-1.01
5.801,1,Wall_3mx20cm_Door (1),1.41,0.64,-1.06
5.844,1,Wall_3mx20cm_Conference_Door,1.41,0.60,-1.13
5.870,1,Wall_3mx20cm_Conference_Door,1.41,0.55,-1.19
5.913,1,Wall_3mx20cm_Conference_Door,1.41,0.52,-1.28
5.941,1,Wall_3mx20cm_Conference_Door,1.41,0.53,-1.34
5.971,1,Wall_3mx20cm_Conference_Door,1.41,0.52,-1.41
6.012,1,Wall_3mx20cm_Conference_Door,1.41,0.40,-1.48
6.039,1,Wall_3mx20cm_Conference_Door,1.41,0.37,-1.57
6.068,1,Wall_3mx20cm_Conference_Door,1.41,0.36,-1.66
6.109,1,Wall_3mx20cm_Conference_Door,1.41,0.37,-1.76
6.137,1,Wall_3mx20cm_Conference_Door,1.41,0.39,-1.81
6.179,1,Wall_3mx20cm_Conference_Door,1.41,0.39,-1.89
6.207,1,Timer,1.47,0.40,-1.94
6.235,1,Timer,1.47,0.42,-1.98
6.276,1,Timer,1.47,0.40,-2.03
6.305,1,Timer,1.43,0.39,-2.06
6.346,1,Timer,1.47,0.39,-2.09
6.374,1,Timer,1.47,0.41,-2.11
6.402,1,Timer,1.47,0.41,-2.13
6.444,1,Wall_3mx20cm_Conference_Door,1.41,0.39,-2.15
6.472,1,Timer,1.47,0.39,-2.18
6.513,1,Timer,1.47,0.42,-2.22
6.541,1,Wall_3mx20cm_Conference_Door,1.41,0.39,-2.21
6.569,1,Wall_3mx20cm_Conference_Door,1.39,0.35,-2.22
6.611,1,Wall_3mx20cm_Conference_Door,1.27,0.35,-2.26
6.639,1,Wall_3mx20cm_Conference_Door,1.27,0.35,-2.27
6.681,1,Wall_3mx20cm_Conference_Door,1.29,0.35,-2.29
6.708,1,Wall_3mx20cm_Conference_Door,1.25,0.35,-2.31
6.736,1,None,0,0,0
6.778,1,None,0,0,0
6.806,1,Conference_Room_Door_L,1.33,0.29,-2.34
6.834,1,Conference_Room_Door_L,1.33,0.26,-2.37
6.876,1,Conference_Room_Door_L,1.33,0.18,-2.40
6.904,1,Conference_Room_Door_L,1.33,0.17,-2.42
6.945,1,Conference_Room_Door_L,1.33,0.18,-2.44
6.974,1,Conference_Room_Door_L,1.33,0.14,-2.45
7.001,1,Conference_Room_Door_L,1.33,0.08,-2.45
7.043,1,Conference_Room_Door_L,1.33,0.06,-2.46
7.071,1,Conference_Room_Door_L,1.33,0.10,-2.49
7.112,1,Conference_Room_Door_L,1.33,0.06,-2.52
7.140,1,Conference_Room_Door_L,1.33,-0.03,-2.52
7.168,1,Conference_Room_Door_L,1.33,-0.08,-2.54
7.210,1,Conference_Room_Door_L,1.33,-0.11,-2.58
7.238,1,Conference_Room_Door_R,1.33,-0.12,-2.60
7.279,1,Conference_Room_Door_R,1.33,-0.10,-2.62
7.307,1,Conference_Room_Door_R,1.33,-0.10,-2.62
7.336,1,Conference_Room_Door_R,1.33,-0.12,-2.62
7.377,1,Conference_Room_Door_R,1.33,-0.15,-2.62
7.405,1,Conference_Room_Door_R,1.33,-0.15,-2.62
7.447,1,Conference_Room_Door_R,1.33,-0.17,-2.63
7.475,1,Conference_Room_Door_R,1.33,-0.20,-2.62
7.502,1,Conference_Room_Door_R,1.33,-0.21,-2.60
7.544,1,Conference_Room_Door_L,1.33,-0.18,-2.59
7.572,1,Conference_Room_Door_L,1.33,-0.18,-2.58
7.614,1,Conference_Room_Door_L,1.33,-0.17,-2.54
7.642,1,Conference_Room_Door_L,1.33,-0.15,-2.52
7.669,1,Conference_Room_Door_L,1.33,-0.13,-2.50
7.711,1,Conference_Room_Door_L,1.33,-0.14,-2.45
7.739,1,Conference_Room_Door_L,1.33,-0.17,-2.42
7.767,1,Conference_Room_Door_L,1.33,-0.18,-2.39
7.808,1,Conference_Room_Door_L,1.33,-0.16,-2.33
7.837,1,Conference_Room_Door_L,1.33,-0.13,-2.29
7.878,1,Conference_Room_Door_L,1.33,-0.13,-2.24
7.906,1,Conference_Room_Door_L,1.33,-0.12,-2.20
7.934,1,Conference_Room_Door_L,1.33,-0.10,-2.16
7.975,1,Conference_Room_Door_L,1.33,-0.10,-2.10
8.003,1,Conference_Room_Door_L,1.33,-0.09,-2.07
8.045,1,Conference_Room_Door_L,1.33,-0.12,-2.02
8.073,1,Conference_Room_Door_L,1.33,-0.13,-1.98
8.101,1,Conference_Room_Door_L,1.33,-0.11,-1.93
8.143,1,Conference_Room_Door_L,1.33,-0.10,-1.88
8.170,1,Conference_Room_Door_L,1.33,-0.10,-1.84
8.212,1,Conference_Room_Door_L,1.33,-0.04,-1.80
8.241,1,Conference_Room_Door_L,1.33,-0.01,-1.78
8.268,1,Conference_Room_Door_L,1.33,-0.02,-1.74
8.309,1,None,0,0,0
8.338,1,None,0,0,0
8.380,1,Wall_3mx20cm_Conference_Door,1.41,-0.02,-1.66
8.408,1,Wall_3mx20cm_Conference_Door,1.41,0.01,-1.65
8.435,1,Wall_3mx20cm_Conference_Door,1.41,0.03,-1.64
8.477,1,Wall_3mx20cm_Conference_Door,1.41,0.04,-1.62
8.505,1,Wall_3mx20cm_Conference_Door,1.41,0.04,-1.61
8.546,1,Wall_3mx20cm_Conference_Door,1.41,0.06,-1.62
8.574,1,Wall_3mx20cm_Conference_Door,1.41,0.06,-1.64
8.602,1,Wall_3mx20cm_Conference_Door,1.41,0.07,-1.65
8.644,1,Wall_3mx20cm_Conference_Door,1.41,0.07,-1.65
8.671,1,Wall_3mx20cm_Conference_Door,1.41,0.06,-1.65
8.714,1,Wall_3mx20cm_Conference_Door,1.41,0.03,-1.66
8.741,1,Wall_3mx20cm_Conference_Door,1.41,0.01,-1.66
8.769,1,None,0,0,0
8.811,1,None,0,0,0
8.839,1,None,0,0,0
8.867,1,None,0,0,0
8.909,1,None,0,0,0
8.937,1,None,0,0,0
8.978,1,None,0,0,0
9.006,1,None,0,0,0
9.034,1,None,0,0,0
9.078,1,Conference_Room_Door_L,1.33,0.13,-1.72
9.104,1,Conference_Room_Door_L,1.33,0.13,-1.74
9.145,1,Conference_Room_Door_L,1.33,0.15,-1.76
9.173,1,Conference_Room_Door_L,1.33,0.16,-1.78
9.201,1,Conference_Room_Door_L,1.33,0.17,-1.79
9.243,1,Conference_Room_Door_L,1.33,0.18,-1.80
9.271,1,Conference_Room_Door_L,1.33,0.17,-1.82
9.312,1,Conference_Room_Door_L,1.33,0.19,-1.85
9.340,1,Conference_Room_Door_L,1.33,0.19,-1.87
9.368,1,Conference_Room_Door_L,1.33,0.19,-1.87
9.410,1,Conference_Room_Door_L,1.33,0.17,-1.87
9.438,1,Conference_Room_Door_L,1.33,0.17,-1.87
9.480,1,Conference_Room_Door_L,1.33,0.21,-1.87
9.507,1,Conference_Room_Door_L,1.33,0.24,-1.88
9.535,1,Conference_Room_Door_L,1.33,0.24,-1.89
9.577,1,Conference_Room_Door_L,1.33,0.23,-1.90
9.605,1,Conference_Room_Door_L,1.33,0.23,-1.92
9.646,1,Conference_Room_Door_L,1.33,0.22,-1.93
9.675,1,Conference_Room_Door_L,1.33,0.23,-1.94
9.702,1,Conference_Room_Door_L,1.33,0.25,-1.94
9.744,1,Conference_Room_Door_L,1.33,0.27,-1.93
9.772,1,Conference_Room_Door_L,1.33,0.29,-1.93
9.814,1,None,0,0,0
9.842,1,None,0,0,0
9.869,1,None,0,0,0
9.912,1,None,0,0,0
9.938,1,None,0,0,0
9.967,1,None,0,0,0
10.008,1,Wall_3mx20cm_Conference_Door,1.37,0.35,-1.93
10.036,1,Wall_3mx20cm_Conference_Door,1.39,0.35,-1.93
10.078,1,Wall_3mx20cm_Conference_Door,1.41,0.36,-1.93
10.106,1,Wall_3mx20cm_Conference_Door,1.41,0.37,-1.93
10.134,1,Wall_3mx20cm_Conference_Door,1.41,0.38,-1.94
10.176,1,Wall_3mx20cm_Conference_Door,1.41,0.38,-1.94
10.204,1,Wall_3mx20cm_Conference_Door,1.41,0.37,-1.93
10.245,1,Wall_3mx20cm_Conference_Door,1.41,0.39,-1.93
10.273,1,Wall_3mx20cm_Conference_Door,1.41,0.39,-1.93
10.301,1,Timer,1.42,0.39,-1.93
10.342,1,Timer,1.46,0.39,-1.94
10.371,1,Timer,1.46,0.39,-1.94
10.413,1,Timer,1.47,0.39,-1.93
10.441,1,Wall_3mx20cm_Conference_Door,1.41,0.39,-1.93
10.468,1,Wall_3mx20cm_Conference_Door,1.41,0.38,-1.92
10.509,1,Wall_3mx20cm_Conference_Door,1.41,0.39,-1.92
10.538,1,Wall_3mx20cm_Conference_Door,1.41,0.39,-1.92
10.580,1,Timer,1.41,0.39,-1.91
10.607,1,Timer,1.43,0.39,-1.92
10.635,1,Timer,1.46,0.39,-1.92
10.677,1,Wall_3mx20cm_Conference_Door,1.41,0.38,-1.93
10.705,1,Wall_3mx20cm_Conference_Door,1.41,0.38,-1.95
10.746,1,Wall_3mx20cm_Conference_Door,1.41,0.38,-1.95
10.774,1,Wall_3mx20cm_Conference_Door,1.41,0.39,-1.95
10.802,1,Timer,1.47,0.39,-1.95
10.844,1,Timer,1.47,0.41,-1.95
10.872,1,Timer,1.47,0.39,-1.95
10.913,1,Wall_3mx20cm_Conference_Door,1.41,0.39,-1.95
10.941,1,Wall_3mx20cm_Conference_Door,1.41,0.38,-1.94
10.969,1,Wall_3mx20cm_Conference_Door,1.41,0.37,-1.94
11.011,1,Wall_3mx20cm_Conference_Door,1.41,0.37,-1.95
11.038,1,Wall_3mx20cm_Conference_Door,1.41,0.37,-1.96
11.081,1,Wall_3mx20cm_Conference_Door,1.41,0.37,-1.96
11.109,1,Wall_3mx20cm_Conference_Door,1.41,0.37,-1.97
11.137,1,Wall_3mx20cm_Conference_Door,1.41,0.37,-1.99
11.178,1,Timer,1.47,0.41,-2.00
11.205,1,Timer,1.47,0.44,-2.00
11.248,1,Timer,1.47,0.44,-2.00
11.275,1,Timer,1.47,0.45,-2.00
11.304,1,Timer,1.47,0.45,-2.00
11.345,1,Timer,1.47,0.44,-2.00
11.373,1,Timer,1.47,0.43,-2.00
11.400,1,Timer,1.47,0.40,-2.01
11.442,1,Wall_3mx20cm_Conference_Door,1.41,0.37,-2.01
11.470,1,Wall_3mx20cm_Conference_Door,1.41,0.36,-2.03
11.512,1,Wall_3mx20cm_Conference_Door,1.41,0.35,-2.06
11.540,1,Wall_3mx20cm_Conference_Door,1.41,0.37,-2.09
11.568,1,Timer,1.42,0.39,-2.10
11.610,1,Wall_3mx20cm_Conference_Door,1.41,0.37,-2.16
11.638,1,Wall_3mx20cm_Conference_Door,1.41,0.36,-2.21
11.679,1,Wall_3mx20cm_Conference_Door,1.41,0.36,-2.27
11.707,1,Wall_3mx20cm_Conference_Door,1.41,0.37,-2.30
11.735,1,Wall_3mx20cm_Conference_Door,1.41,0.38,-2.33
11.777,1,Timer,1.45,0.39,-2.36
11.804,1,Timer,1.47,0.41,-2.37
11.847,1,Timer,1.47,0.40,-2.40
11.874,1,Timer,1.46,0.39,-2.41
11.902,1,Timer,1.47,0.41,-2.41
11.944,1,Timer,1.47,0.42,-2.44
11.972,1,Timer,1.47,0.45,-2.43
12.012,1,Timer,1.47,0.54,-2.43
12.041,1,Timer,1.47,0.54,-2.43
12.069,1,Timer,1.47,0.54,-2.43
12.111,1,Timer,1.47,0.57,-2.43
12.138,1,Timer,1.47,0.56,-2.41
12.167,1,Timer,1.47,0.56,-2.38
12.208,1,Timer,1.47,0.59,-2.36
12.236,1,Timer,1.47,0.57,-2.35
12.278,1,Timer,1.47,0.52,-2.33
12.306,1,Timer,1.47,0.49,-2.33
12.334,1,Timer,1.47,0.45,-2.33
12.375,1,Timer,1.47,0.43,-2.33
12.403,1,Timer,1.47,0.41,-2.34
12.445,1,Wall_3mx20cm_Conference_Door,1.41,0.38,-2.35
12.473,1,Wall_3mx20cm_Conference_Door,1.40,0.35,-2.36
12.503,1,Wall_3mx20cm_Conference_Door,1.36,0.35,-2.37
12.542,1,Wall_3mx20cm_Conference_Door,1.41,0.35,-2.36
12.569,1,Wall_3mx20cm_Conference_Door,1.41,0.37,-2.36
12.612,1,Wall_3mx20cm_Conference_Door,1.41,0.39,-2.34
12.640,1,Timer,1.47,0.40,-2.31
12.667,1,Timer,1.47,0.41,-2.28
12.709,1,Timer,1.47,0.46,-2.24
12.737,1,Timer,1.47,0.49,-2.18
12.778,1,Timer,1.47,0.48,-2.12
12.807,1,Timer,1.47,0.45,-2.08
12.834,1,Timer,1.47,0.43,-2.05
12.876,1,Timer,1.47,0.41,-2.01
12.904,1,Timer,1.47,0.43,-1.99
12.946,1,Timer,1.47,0.47,-1.98
12.973,1,Timer,1.47,0.48,-1.97
13.001,1,Timer,1.47,0.48,-1.96
13.043,1,Timer,1.47,0.47,-1.94
13.071,1,Timer,1.47,0.47,-1.94
13.113,1,Timer,1.47,0.44,-1.90
13.141,1,Timer,1.47,0.45,-1.87
13.169,1,Timer,1.47,0.46,-1.84
13.213,1,Timer,1.47,0.46,-1.81
13.239,1,Timer,1.47,0.48,-1.80
13.280,1,Timer,1.47,0.48,-1.77
13.308,1,Timer,1.47,0.50,-1.77
13.335,1,Timer,1.47,0.53,-1.76
13.378,1,Timer,1.47,0.57,-1.77
13.405,1,Timer,1.47,0.61,-1.78
13.447,1,Timer,1.47,0.64,-1.79
13.475,1,Timer,1.47,0.68,-1.81
13.502,1,Timer,1.47,0.73,-1.82
13.545,1,Timer,1.47,0.74,-1.86
13.573,1,Timer,1.47,0.75,-1.89
13.614,1,Timer,1.47,0.73,-1.94
13.642,1,Timer,1.47,0.72,-1.98
13.669,1,Timer,1.47,0.70,-2.04
13.711,1,Timer,1.47,0.66,-2.15
13.740,1,Timer,1.47,0.68,-2.21
13.767,1,Timer,1.47,0.73,-2.25
13.809,1,Timer,1.47,0.79,-2.34
13.837,1,Timer,1.47,0.78,-2.41
13.879,1,Timer,1.47,0.77,-2.49
13.907,1,Timer,1.47,0.79,-2.54
13.934,1,Timer,1.47,0.78,-2.58
13.976,1,Timer,1.47,0.77,-2.62
14.004,1,Timer,1.47,0.77,-2.63
14.046,1,Timer,1.47,0.76,-2.63
14.074,1,Timer,1.47,0.76,-2.61
14.101,1,Timer,1.47,0.75,-2.59
14.143,1,Timer,1.47,0.74,-2.56
14.171,1,Timer,1.47,0.74,-2.57
14.212,1,Timer,1.47,0.72,-2.58
14.240,1,Timer,1.47,0.73,-2.58
14.268,1,Timer,1.47,0.72,-2.56
14.310,1,Timer,1.47,0.67,-2.51
14.338,1,Timer,1.47,0.64,-2.49
14.380,1,Timer,1.47,0.58,-2.46
14.408,1,Timer,1.47,0.57,-2.45
14.436,1,Timer,1.47,0.58,-2.45
14.477,1,Timer,1.47,0.62,-2.44
14.505,1,Timer,1.47,0.65,-2.43
14.547,1,Timer,1.47,0.66,-2.41
14.575,1,Timer,1.47,0.66,-2.41
14.603,1,Timer,1.47,0.65,-2.40
14.645,1,Timer,1.47,0.63,-2.39
14.672,1,Timer,1.47,0.62,-2.39
14.700,1,Timer,1.47,0.62,-2.40
14.742,1,Timer,1.47,0.62,-2.39
14.770,1,Timer,1.47,0.61,-2.39
14.812,1,Timer,1.47,0.61,-2.38
14.840,1,Timer,1.47,0.60,-2.37
14.867,1,Timer,1.47,0.61,-2.37
14.909,1,Timer,1.47,0.62,-2.36
14.937,1,Timer,1.47,0.61,-2.36
14.979,1,Timer,1.47,0.61,-2.37
15.006,1,Timer,1.47,0.60,-2.38
15.034,1,Timer,1.47,0.58,-2.39
15.077,1,Timer,1.47,0.58,-2.41
15.104,1,Timer,1.47,0.58,-2.41
15.146,1,Timer,1.47,0.58,-2.40
15.174,1,Timer,1.47,0.59,-2.38
15.202,1,Timer,1.47,0.60,-2.36
15.243,1,Timer,1.47,0.63,-2.35
15.271,1,Timer,1.47,0.64,-2.35
15.312,1,Timer,1.47,0.63,-2.35
15.341,1,Timer,1.47,0.63,-2.35
15.369,1,Timer,1.47,0.63,-2.35
15.410,1,Timer,1.47,0.64,-2.35
15.439,1,Timer,1.47,0.65,-2.34
15.481,1,Timer,1.47,0.66,-2.32
15.508,1,Timer,1.47,0.66,-2.31
15.535,1,Timer,1.47,0.66,-2.30
15.577,1,Timer,1.47,0.69,-2.29
15.605,1,Timer,1.47,0.70,-2.28
15.647,1,Timer,1.47,0.70,-2.26
15.675,1,Timer,1.47,0.71,-2.24
15.703,1,Timer,1.47,0.72,-2.21
15.744,1,Timer,1.47,0.73,-2.16
15.772,1,Timer,1.47,0.70,-2.11
15.814,1,Timer,1.47,0.69,-2.04
15.842,1,Timer,1.47,0.69,-1.99
15.870,1,Timer,1.47,0.71,-1.95
15.912,1,Timer,1.47,0.72,-1.90
15.939,1,Timer,1.47,0.72,-1.87
15.981,1,Timer,1.47,0.73,-1.83
16.008,1,Timer,1.47,0.74,-1.79
16.036,1,Timer,1.47,0.75,-1.76
16.078,1,Wall_3mx20cm_Conference_Door,1.41,0.78,-1.71
16.106,1,Wall_3mx20cm_Conference_Door,1.41,0.78,-1.67
16.134,1,Wall_3mx20cm_Conference_Door,1.41,0.78,-1.63
16.176,1,Wall_3mx20cm_Conference_Door,1.41,0.77,-1.58
16.203,1,Wall_3mx20cm_Conference_Door,1.41,0.77,-1.55
16.245,1,Wall_3mx20cm_Conference_Door,1.41,0.80,-1.50
16.273,1,Wall_3mx20cm_Conference_Door,1.41,0.81,-1.47
16.301,1,Wall_3mx20cm_Conference_Door,1.41,0.83,-1.44
16.343,1,Wall_3mx20cm_Conference_Door,1.41,0.84,-1.40
16.371,1,Wall_3mx20cm_Conference_Door,1.41,0.83,-1.37
16.412,1,Wall_3mx20cm_Conference_Door,1.41,0.87,-1.32
16.441,1,Wall_3mx20cm_Conference_Door,1.41,0.88,-1.30
16.468,1,Wall_3mx20cm_Conference_Door,1.41,0.87,-1.27
16.510,1,Wall_3mx20cm_Conference_Door,1.41,0.86,-1.25
16.537,1,Wall_3mx20cm_Conference_Door,1.41,0.87,-1.23
16.579,1,Wall_3mx20cm_Conference_Door,1.41,0.90,-1.22
16.607,1,Wall_3mx20cm_Conference_Door,1.41,0.91,-1.21
16.635,1,Wall_3mx20cm_Conference_Door,1.41,0.91,-1.19
16.677,1,Wall_3mx20cm_Conference_Door,1.41,0.86,-1.17
16.704,1,Wall_3mx20cm_Conference_Door,1.41,0.82,-1.16
16.746,1,Wall_3mx20cm_Conference_Door,1.41,0.79,-1.14
16.774,1,Wall_3mx20cm_Conference_Door,1.41,0.77,-1.12
16.802,1,Wall_3mx20cm_Conference_Door,1.41,0.76,-1.11
16.843,1,Wall_3mx20cm_Conference_Door,1.41,0.78,-1.11
16.872,1,Wall_3mx20cm_Conference_Door,1.41,0.74,-1.10
16.913,1,Wall_3mx20cm_Conference_Door,1.41,0.74,-1.10
16.941,1,Wall_3mx20cm_Conference_Door,1.41,0.73,-1.10
16.969,1,Wall_3mx20cm_Conference_Door,1.41,0.74,-1.10
17.011,1,Wall_3mx20cm_Door (1),1.41,0.75,-1.09
17.039,1,Wall_3mx20cm_Conference_Door,1.41,0.74,-1.10
17.080,1,Wall_3mx20cm_Conference_Door,1.41,0.72,-1.10
17.108,1,Wall_3mx20cm_Conference_Door,1.41,0.69,-1.11
17.136,1,Wall_3mx20cm_Conference_Door,1.41,0.65,-1.12
17.179,1,Wall_3mx20cm_Conference_Door,1.41,0.63,-1.13
17.206,1,Wall_3mx20cm_Conference_Door,1.41,0.59,-1.12
17.234,1,Wall_3mx20cm_Conference_Door,1.41,0.57,-1.12
17.275,1,Wall_3mx20cm_Conference_Door,1.41,0.59,-1.13
17.303,1,Wall_3mx20cm_Conference_Door,1.41,0.62,-1.13
17.345,1,Wall_3mx20cm_Conference_Door,1.41,0.66,-1.14
17.373,1,Wall_3mx20cm_Conference_Door,1.41,0.68,-1.15
17.401,1,Wall_3mx20cm_Conference_Door,1.41,0.67,-1.15
17.443,1,Wall_3mx20cm_Conference_Door,1.41,0.65,-1.15
17.470,1,Wall_3mx20cm_Conference_Door,1.41,0.63,-1.15
17.512,1,Wall_3mx20cm_Conference_Door,1.41,0.62,-1.14
17.540,1,Wall_3mx20cm_Conference_Door,1.41,0.63,-1.13
17.568,1,Wall_3mx20cm_Conference_Door,1.41,0.64,-1.13
17.610,1,Wall_3mx20cm_Conference_Door,1.41,0.62,-1.12
17.637,1,Wall_3mx20cm_Conference_Door,1.41,0.63,-1.11
17.679,1,Wall_3mx20cm_Conference_Door,1.41,0.62,-1.10
17.707,1,Wall_3mx20cm_Door (1),1.41,0.64,-1.09
17.735,1,Wall_3mx20cm_Door (1),1.41,0.66,-1.09
17.776,1,Wall_3mx20cm_Conference_Door,1.41,0.70,-1.10
17.804,1,Wall_3mx20cm_Conference_Door,1.41,0.71,-1.10
17.846,1,Wall_3mx20cm_Conference_Door,1.41,0.72,-1.10
17.874,1,Wall_3mx20cm_Door (1),1.41,0.72,-1.10
17.902,1,Wall_3mx20cm_Door (1),1.41,0.71,-1.09
17.944,1,Wall_3mx20cm_Door (1),1.41,0.70,-1.07
17.972,1,Wall_3mx20cm_Door (1),1.41,0.68,-1.06
18.014,1,Wall_3mx20cm_Door (1),1.41,0.68,-1.04
18.041,1,Wall_3mx20cm_Door (1),1.41,0.70,-1.01
18.069,1,Wall_3mx20cm_Door (1),1.41,0.73,-1.00
18.111,1,Wall_3mx20cm_Door (1),1.41,0.78,-0.99
18.139,1,Wall_3mx20cm_Door (1),1.41,0.80,-0.97
18.180,1,Wall_3mx20cm_Door (1),1.41,0.84,-0.96
18.209,1,Wall_3mx20cm_Door (1),1.41,0.87,-0.95
18.235,1,Wall_3mx20cm_Door (1),1.41,0.88,-0.94
18.278,1,Wall_3mx20cm_Door (1),1.41,0.91,-0.92
18.306,1,Wall_3mx20cm_Door (1),1.41,0.93,-0.90
18.334,1,Wall_3mx20cm_Door (1),1.41,0.96,-0.88
18.374,1,Wall_3mx20cm_Door (1),1.41,0.99,-0.86
18.403,1,Wall_3mx20cm_Door (1),1.41,1.01,-0.85
18.445,1,Wall_3mx20cm_Door (1),1.41,1.04,-0.83
18.473,1,Wall_3mx20cm_Door (1),1.41,1.04,-0.82
18.500,1,Wall_3mx20cm_Door (1),1.41,1.03,-0.82
18.542,1,Wall_3mx20cm_Door (1),1.41,1.02,-0.82
18.570,1,Wall_3mx20cm_Door (1),1.41,1.02,-0.82
18.612,1,Wall_3mx20cm_Door (1),1.41,1.03,-0.82
18.640,1,Wall_3mx20cm_Door (1),1.41,1.03,-0.82
18.667,1,Wall_3mx20cm_Door (1),1.41,1.04,-0.83
18.709,1,Wall_3mx20cm_Door (1),1.41,1.05,-0.84
18.737,1,Wall_3mx20cm_Door (1),1.41,1.05,-0.85
18.779,1,Wall_3mx20cm_Door (1),1.41,1.05,-0.85
18.807,1,Wall_3mx20cm_Door (1),1.41,1.04,-0.85
18.834,1,Wall_3mx20cm_Door (1),1.41,1.06,-0.85
18.876,1,Wall_3mx20cm_Door (1),1.41,1.05,-0.85
18.904,1,Wall_3mx20cm_Door (1),1.41,1.05,-0.85
18.946,1,Wall_3mx20cm_Door (1),1.41,1.04,-0.85
18.974,1,Wall_3mx20cm_Door (1),1.41,1.04,-0.85
19.001,1,Wall_3mx20cm_Door (1),1.41,1.02,-0.85
19.043,1,Wall_3mx20cm_Door (1),1.41,1.00,-0.85
19.071,1,Wall_3mx20cm_Door (1),1.41,1.00,-0.84
19.113,1,Wall_3mx20cm_Door (1),1.41,1.00,-0.85
19.141,1,Wall_3mx20cm_Door (1),1.41,1.01,-0.87
19.168,1,Wall_3mx20cm_Door (1),1.41,1.01,-0.89
19.211,1,Wall_3mx20cm_Door (1),1.41,1.02,-0.93
19.238,1,Wall_3mx20cm_Door (1),1.41,1.05,-0.95
19.280,1,Wall_3mx20cm_Door (1),1.41,1.10,-0.98
19.308,1,Wall_3mx20cm_Door (1),1.41,1.10,-0.99
19.336,1,Wall_3mx20cm_Door (1),1.41,1.09,-0.99
19.378,1,Wall_3mx20cm_Door (1),1.41,1.09,-0.99
19.406,1,Wall_3mx20cm_Door (1),1.41,1.08,-0.99
19.433,1,Wall_3mx20cm_Door (1),1.41,1.07,-0.98
19.476,1,Wall_3mx20cm_Door (1),1.41,1.02,-0.98
19.503,1,Wall_3mx20cm_Door (1),1.41,0.98,-0.98
19.544,1,Wall_3mx20cm_Door (1),1.41,0.92,-0.97
19.573,1,Wall_3mx20cm_Door (1),1.41,0.89,-0.98
19.601,1,Wall_3mx20cm_Door (1),1.41,0.88,-1.00
19.642,1,Wall_3mx20cm_Door (1),1.41,0.89,-1.02
19.670,1,Wall_3mx20cm_Door (1),1.41,0.89,-1.03
19.712,1,Wall_3mx20cm_Door (1),1.41,0.91,-1.05
19.740,1,Wall_3mx20cm_Door (1),1.41,0.92,-1.06
19.767,1,Wall_3mx20cm_Door (1),1.41,0.92,-1.06
19.809,1,Wall_3mx20cm_Door (1),1.41,0.92,-1.07
19.837,1,Wall_3mx20cm_Door (1),1.41,0.90,-1.07
19.879,1,Wall_3mx20cm_Door (1),1.41,0.89,-1.07
19.907,1,Wall_3mx20cm_Door (1),1.41,0.86,-1.06
19.935,1,Wall_3mx20cm_Door (1),1.41,0.83,-1.06
19.977,1,Wall_3mx20cm_Door (1),1.41,0.82,-1.06
20.004,1,Wall_3mx20cm_Door (1),1.41,0.81,-1.07
20.046,1,Wall_3mx20cm_Door (1),1.41,0.80,-1.07
20.074,1,Wall_3mx20cm_Door (1),1.41,0.82,-1.08
20.102,1,Wall_3mx20cm_Door (1),1.41,0.83,-1.09
20.143,1,Wall_3mx20cm_Conference_Door,1.41,0.86,-1.10
20.171,1,Wall_3mx20cm_Conference_Door,1.41,0.88,-1.10
20.213,1,Wall_3mx20cm_Door (1),1.41,0.90,-1.09
20.241,1,Wall_3mx20cm_Door (1),1.41,0.89,-1.08
20.269,1,Wall_3mx20cm_Door (1),1.41,0.89,-1.07
20.310,1,Wall_3mx20cm_Door (1),1.41,0.90,-1.05
20.338,1,Wall_3mx20cm_Door (1),1.41,0.91,-1.05
20.380,1,Wall_3mx20cm_Door (1),1.41,0.93,-1.05
20.408,1,Wall_3mx20cm_Door (1),1.41,0.93,-1.05
20.436,1,Wall_3mx20cm_Door (1),1.41,0.92,-1.05
20.479,1,Wall_3mx20cm_Door (1),1.41,0.89,-1.05
20.506,1,Wall_3mx20cm_Door (1),1.41,0.88,-1.04
20.534,1,Wall_3mx20cm_Door (1),1.41,0.87,-1.04
20.575,1,Wall_3mx20cm_Door (1),1.41,0.85,-1.02
20.603,1,Wall_3mx20cm_Door (1),1.41,0.83,-1.02
20.645,1,Wall_3mx20cm_Door (1),1.41,0.84,-1.02
20.673,1,Wall_3mx20cm_Door (1),1.41,0.84,-1.01
20.700,1,Wall_3mx20cm_Door (1),1.41,0.82,-1.00
20.743,1,Wall_3mx20cm_Door (1),1.41,0.82,-0.99
20.771,1,Wall_3mx20cm_Door (1),1.41,0.80,-0.99
20.812,1,Wall_3mx20cm_Door (1),1.41,0.81,-1.00
20.840,1,Wall_3mx20cm_Door (1),1.41,0.84,-1.00
20.868,1,Wall_3mx20cm_Door (1),1.41,0.86,-1.01
20.909,1,Wall_3mx20cm_Door (1),1.41,0.86,-1.01
20.937,1,Wall_3mx20cm_Door (1),1.41,0.86,-1.01
20.979,1,Wall_3mx20cm_Door (1),1.41,0.86,-1.01
21.007,1,Wall_3mx20cm_Door (1),1.41,0.84,-0.99
21.034,1,Wall_3mx20cm_Door (1),1.41,0.83,-0.98
21.076,1,Wall_3mx20cm_Door (1),1.41,0.84,-0.95
21.104,1,Wall_3mx20cm_Door (1),1.41,0.85,-0.94
21.146,1,Wall_3mx20cm_Door (1),1.41,0.82,-0.92
21.173,1,Wall_3mx20cm_Door (1),1.41,0.83,-0.91
21.201,1,Wall_3mx20cm_Door (1),1.41,0.79,-0.90
21.244,1,Wall_3mx20cm_Door (1),1.41,0.78,-0.91
21.272,1,Wall_3mx20cm_Door (1),1.41,0.77,-0.91
21.313,1,Wall_3mx20cm_Door (1),1.41,0.76,-0.92
21.340,1,Wall_3mx20cm_Door (1),1.41,0.74,-0.93
21.368,1,Wall_3mx20cm_Door (1),1.41,0.73,-0.93
21.410,1,Wall_3mx20cm_Door (1),1.41,0.71,-0.92
21.438,1,Wall_3mx20cm_Door (1),1.41,0.72,-0.92
21.480,1,Wall_3mx20cm_Door (1),1.41,0.72,-0.93
21.508,1,Wall_3mx20cm_Door (1),1.41,0.73,-0.93
21.536,1,Wall_3mx20cm_Door (1),1.41,0.74,-0.94
21.577,1,Wall_3mx20cm_Door (1),1.41,0.74,-0.95
21.605,1,Wall_3mx20cm_Door (1),1.41,0.75,-0.96
21.647,1,Wall_3mx20cm_Door (1),1.41,0.78,-0.98
21.675,1,Wall_3mx20cm_Door (1),1.41,0.78,-0.99
21.703,1,Wall_3mx20cm_Door (1),1.41,0.76,-1.00
21.744,1,Wall_3mx20cm_Door (1),1.41,0.79,-0.98
21.772,1,Wall_3mx20cm_Door (1),1.41,0.83,-0.92
21.800,1,Wall_3mx20cm_Door (1),1.41,0.84,-0.81
21.842,1,Wall_3mx20cm_Door (1),1.41,0.85,-0.67
21.869,1,Wall_3mx20cm_Door (1),1.41,0.82,-0.61
21.911,1,Wall_3mx20cm_Door (1),1.41,0.77,-0.55
21.939,1,Wall_3mx20cm_Door (1),1.41,0.76,-0.53
21.967,1,Wall_3mx20cm_Door (1),1.41,0.78,-0.53
22.009,1,Wall_3mx20cm_Door (1),1.41,0.75,-0.53
22.037,1,Wall_3mx20cm_Door (1),1.41,0.74,-0.54
22.078,1,Wall_3mx20cm_Door (1),1.41,0.74,-0.56
22.106,1,Wall_3mx20cm_Door (1),1.41,0.73,-0.58
22.134,1,Wall_3mx20cm_Door (1),1.41,0.73,-0.60
22.176,1,Wall_3mx20cm_Door (1),1.41,0.74,-0.63
22.203,1,Wall_3mx20cm_Door (1),1.41,0.73,-0.66
22.245,1,Wall_3mx20cm_Door (1),1.41,0.73,-0.70
22.273,1,Wall_3mx20cm_Door (1),1.41,0.73,-0.72
22.301,1,Wall_3mx20cm_Door (1),1.41,0.74,-0.74
22.343,1,Wall_3mx20cm_Door (1),1.41,0.74,-0.76
22.371,1,Wall_3mx20cm_Door (1),1.41,0.72,-0.77
22.412,1,Wall_3mx20cm_Door (1),1.41,0.72,-0.78
22.441,1,Wall_3mx20cm_Door (1),1.41,0.74,-0.78
22.468,1,Wall_3mx20cm_Door (1),1.41,0.74,-0.78
22.510,1,Wall_3mx20cm_Door (1),1.41,0.76,-0.78
22.538,1,Wall_3mx20cm_Door (1),1.41,0.80,-0.79
22.579,1,Wall_3mx20cm_Door (1),1.41,0.80,-0.81
22.607,1,Wall_3mx20cm_Door (1),1.41,0.82,-0.82
22.636,1,Wall_3mx20cm_Door (1),1.41,0.84,-0.82
22.678,1,Wall_3mx20cm_Door (1),1.41,0.83,-0.84
22.705,1,Wall_3mx20cm_Door (1),1.41,0.84,-0.85
22.747,1,Wall_3mx20cm_Door (1),1.41,0.84,-0.86
22.775,1,Wall_3mx20cm_Door (1),1.41,0.81,-0.86
22.802,1,Wall_3mx20cm_Door (1),1.41,0.79,-0.84
22.844,1,Wall_3mx20cm_Door (1),1.41,0.77,-0.81
22.872,1,Wall_3mx20cm_Door (1),1.41,0.76,-0.79
22.900,1,Wall_3mx20cm_Door (1),1.41,0.72,-0.78
22.942,1,Wall_3mx20cm_Door (1),1.41,0.69,-0.76
22.969,1,Wall_3mx20cm_Door (1),1.41,0.71,-0.75
23.011,1,Wall_3mx20cm_Door (1),1.41,0.66,-0.75
23.039,1,Wall_3mx20cm_Door (1),1.41,0.66,-0.75
23.081,1,Wall_3mx20cm_Door (1),1.41,0.66,-0.75
23.109,1,Wall_3mx20cm_Door (1),1.41,0.66,-0.75
23.136,1,Wall_3mx20cm_Door (1),1.41,0.66,-0.76
23.178,1,Wall_3mx20cm_Door (1),1.41,0.64,-0.77
23.206,1,Wall_3mx20cm_Door (1),1.41,0.65,-0.77
23.234,1,Wall_3mx20cm_Door (1),1.41,0.66,-0.77
23.277,1,Wall_3mx20cm_Door (1),1.41,0.68,-0.77
23.304,1,Wall_3mx20cm_Door (1),1.41,0.69,-0.77
23.346,1,Wall_3mx20cm_Door (1),1.41,0.72,-0.77
23.373,1,Wall_3mx20cm_Door (1),1.41,0.74,-0.78
23.401,1,Wall_3mx20cm_Door (1),1.41,0.72,-0.79
23.443,1,Wall_3mx20cm_Door (1),1.41,0.70,-0.80
23.471,1,Wall_3mx20cm_Door (1),1.41,0.71,-0.80
23.513,1,Wall_3mx20cm_Door (1),1.41,0.72,-0.81
23.541,1,Wall_3mx20cm_Door (1),1.41,0.71,-0.82
23.568,1,Wall_3mx20cm_Door (1),1.41,0.70,-0.82
23.611,1,Wall_3mx20cm_Door (1),1.41,0.71,-0.82
23.639,1,Wall_3mx20cm_Door (1),1.41,0.72,-0.83
23.679,1,Wall_3mx20cm_Door (1),1.41,0.71,-0.83
23.708,1,Wall_3mx20cm_Door (1),1.41,0.72,-0.82
23.736,1,Wall_3mx20cm_Door (1),1.41,0.74,-0.82
23.777,1,Wall_3mx20cm_Door (1),1.41,0.75,-0.83
23.805,1,Wall_3mx20cm_Door (1),1.41,0.76,-0.84
23.834,1,Wall_3mx20cm_Door (1),1.41,0.77,-0.84
23.875,1,Wall_3mx20cm_Door (1),1.41,0.78,-0.84
23.902,1,Wall_3mx20cm_Door (1),1.41,0.75,-0.85
23.944,1,Wall_3mx20cm_Door (1),1.41,0.74,-0.84
23.972,1,Wall_3mx20cm_Door (1),1.41,0.74,-0.84
24.000,1,Wall_3mx20cm_Door (1),1.41,0.75,-0.85
24.042,1,Wall_3mx20cm_Door (1),1.41,0.72,-0.86
24.070,1,Wall_3mx20cm_Door (1),1.41,0.71,-0.86
24.112,1,Wall_3mx20cm_Door (1),1.41,0.70,-0.87
24.139,1,Wall_3mx20cm_Door (1),1.41,0.70,-0.88
24.181,1,Wall_3mx20cm_Door (1),1.41,0.70,-0.89
24.209,1,Wall_3mx20cm_Door (1),1.41,0.68,-0.89
24.237,1,Wall_3mx20cm_Door (1),1.41,0.67,-0.89
24.279,1,Wall_3mx20cm_Door (1),1.41,0.70,-0.90
24.306,1,Wall_3mx20cm_Door (1),1.41,0.71,-0.90
24.334,1,Wall_3mx20cm_Door (1),1.41,0.72,-0.90
24.376,1,Wall_3mx20cm_Door (1),1.41,0.71,-0.90
24.403,1,Wall_3mx20cm_Door (1),1.41,0.70,-0.91
24.445,1,Wall_3mx20cm_Door (1),1.41,0.70,-0.92
24.474,1,Wall_3mx20cm_Door (1),1.41,0.71,-0.92
24.501,1,Wall_3mx20cm_Door (1),1.41,0.73,-0.93
24.543,1,Wall_3mx20cm_Door (1),1.41,0.76,-0.94
24.571,1,Wall_3mx20cm_Door (1),1.41,0.75,-0.94
24.613,1,Wall_3mx20cm_Door (1),1.41,0.75,-0.94
24.641,1,Wall_3mx20cm_Door (1),1.41,0.73,-0.94
24.668,1,Wall_3mx20cm_Door (1),1.41,0.72,-0.93
24.710,1,Wall_3mx20cm_Door (1),1.41,0.74,-0.92
24.738,1,Wall_3mx20cm_Door (1),1.41,0.74,-0.92
24.779,1,Wall_3mx20cm_Door (1),1.41,0.72,-0.91
24.808,1,Wall_3mx20cm_Door (1),1.41,0.74,-0.91
24.836,1,Wall_3mx20cm_Door (1),1.41,0.76,-0.92
24.877,1,Wall_3mx20cm_Door (1),1.41,0.76,-0.92
24.905,1,Wall_3mx20cm_Door (1),1.41,0.77,-0.93
24.946,1,Wall_3mx20cm_Door (1),1.41,0.74,-0.93
24.974,1,Wall_3mx20cm_Door (1),1.41,0.73,-0.93
25.002,1,Wall_3mx20cm_Door (1),1.41,0.72,-0.93
25.043,1,Wall_3mx20cm_Door (1),1.41,0.72,-0.92
25.072,1,Wall_3mx20cm_Door (1),1.41,0.72,-0.92
25.114,1,Wall_3mx20cm_Door (1),1.41,0.73,-0.92
25.141,1,Wall_3mx20cm_Door (1),1.41,0.72,-0.92
25.169,1,Wall_3mx20cm_Door (1),1.41,0.74,-0.93
25.211,1,Wall_3mx20cm_Door (1),1.41,0.75,-0.92
25.238,1,Wall_3mx20cm_Door (1),1.41,0.75,-0.93
25.281,1,Wall_3mx20cm_Door (1),1.41,0.79,-0.93
25.309,1,Wall_3mx20cm_Door (1),1.41,0.81,-0.94
25.336,1,Wall_3mx20cm_Door (1),1.41,0.82,-0.95
25.378,1,Wall_3mx20cm_Door (1),1.41,0.84,-0.96
25.406,1,Wall_3mx20cm_Door (1),1.41,0.85,-0.96
25.434,1,Wall_3mx20cm_Door (1),1.41,0.85,-0.97
25.476,1,Wall_3mx20cm_Door (1),1.41,0.85,-0.98
25.503,1,Wall_3mx20cm_Door (1),1.41,0.84,-0.99
25.546,1,Wall_3mx20cm_Door (1),1.41,0.83,-1.02
25.573,1,Wall_3mx20cm_Door (1),1.41,0.84,-1.04
25.601,1,Wall_3mx20cm_Door (1),1.41,0.83,-1.05
25.642,1,Wall_3mx20cm_Door (1),1.41,0.79,-1.08
25.670,1,Wall_3mx20cm_Door (1),1.41,0.78,-1.09
25.713,1,Wall_3mx20cm_Conference_Door,1.41,0.76,-1.10
25.740,1,Wall_3mx20cm_Conference_Door,1.41,0.74,-1.11
25.768,1,Wall_3mx20cm_Conference_Door,1.41,0.76,-1.11
25.810,1,Wall_3mx20cm_Conference_Door,1.41,0.78,-1.12
25.838,1,Wall_3mx20cm_Conference_Door,1.41,0.76,-1.13
25.879,1,Wall_3mx20cm_Conference_Door,1.41,0.75,-1.15
25.907,1,Wall_3mx20cm_Conference_Door,1.41,0.74,-1.16
25.935,1,Wall_3mx20cm_Conference_Door,1.41,0.73,-1.18
25.977,1,Wall_3mx20cm_Conference_Door,1.41,0.73,-1.20
26.005,1,Wall_3mx20cm_Conference_Door,1.41,0.73,-1.20
26.046,1,Wall_3mx20cm_Conference_Door,1.41,0.73,-1.21
26.074,1,Wall_3mx20cm_Conference_Door,1.41,0.73,-1.22
26.102,1,Wall_3mx20cm_Conference_Door,1.41,0.74,-1.23
26.145,1,Wall_3mx20cm_Conference_Door,1.41,0.78,-1.26
26.171,1,Wall_3mx20cm_Conference_Door,1.41,0.80,-1.26
26.213,1,Wall_3mx20cm_Conference_Door,1.41,0.82,-1.27
26.241,1,Wall_3mx20cm_Conference_Door,1.41,0.84,-1.28
26.269,1,Wall_3mx20cm_Conference_Door,1.41,0.84,-1.28
26.311,1,Wall_3mx20cm_Conference_Door,1.41,0.80,-1.28
26.339,1,Wall_3mx20cm_Conference_Door,1.41,0.83,-1.29
26.367,1,Wall_3mx20cm_Conference_Door,1.41,0.81,-1.30
26.408,1,Wall_3mx20cm_Conference_Door,1.41,0.81,-1.32
26.436,1,Wall_3mx20cm_Conference_Door,1.41,0.80,-1.33
26.478,1,Wall_3mx20cm_Conference_Door,1.41,0.78,-1.35
26.506,1,Wall_3mx20cm_Conference_Door,1.41,0.75,-1.34
26.534,1,Wall_3mx20cm_Conference_Door,1.41,0.73,-1.34
26.576,1,Wall_3mx20cm_Conference_Door,1.41,0.68,-1.34
26.604,1,Wall_3mx20cm_Conference_Door,1.41,0.65,-1.34
26.645,1,Wall_3mx20cm_Conference_Door,1.41,0.68,-1.33
26.717,1,Wall_3mx20cm_Conference_Door,1.41,0.69,-1.33
26.717,1,Wall_3mx20cm_Conference_Door,1.41,0.69,-1.33
26.743,1,Wall_3mx20cm_Conference_Door,1.41,0.70,-1.32
26.770,1,Wall_3mx20cm_Conference_Door,1.41,0.71,-1.31
26.812,1,Wall_3mx20cm_Conference_Door,1.41,0.71,-1.30
26.840,1,Wall_3mx20cm_Conference_Door,1.41,0.72,-1.29
26.868,1,Wall_3mx20cm_Conference_Door,1.41,0.72,-1.29
26.910,1,Wall_3mx20cm_Conference_Door,1.41,0.72,-1.26
26.937,1,Wall_3mx20cm_Conference_Door,1.41,0.74,-1.24
26.979,1,Wall_3mx20cm_Conference_Door,1.41,0.74,-1.22
27.007,1,Wall_3mx20cm_Conference_Door,1.41,0.75,-1.20
27.035,1,Wall_3mx20cm_Conference_Door,1.41,0.77,-1.19
27.077,1,Wall_3mx20cm_Conference_Door,1.41,0.76,-1.18
27.105,1,Wall_3mx20cm_Conference_Door,1.41,0.76,-1.17
27.147,1,Wall_3mx20cm_Conference_Door,1.41,0.77,-1.17
27.175,1,Wall_3mx20cm_Conference_Door,1.41,0.77,-1.17
27.202,1,Wall_3mx20cm_Conference_Door,1.41,0.77,-1.17
27.244,1,Wall_3mx20cm_Conference_Door,1.41,0.79,-1.17
27.272,1,Wall_3mx20cm_Conference_Door,1.41,0.79,-1.17
27.314,1,Wall_3mx20cm_Conference_Door,1.41,0.78,-1.17
27.341,1,Wall_3mx20cm_Conference_Door,1.41,0.80,-1.16
27.369,1,Wall_3mx20cm_Conference_Door,1.41,0.80,-1.16
27.411,1,Wall_3mx20cm_Conference_Door,1.41,0.79,-1.16
27.439,1,Wall_3mx20cm_Conference_Door,1.41,0.77,-1.16
27.481,1,Wall_3mx20cm_Conference_Door,1.41,0.74,-1.15
27.508,1,Wall_3mx20cm_Conference_Door,1.41,0.75,-1.15
27.536,1,Wall_3mx20cm_Conference_Door,1.41,0.77,-1.16
27.578,1,Wall_3mx20cm_Conference_Door,1.41,0.77,-1.16
27.606,1,Wall_3mx20cm_Conference_Door,1.41,0.76,-1.17
27.634,1,Wall_3mx20cm_Conference_Door,1.41,0.75,-1.18
27.676,1,Wall_3mx20cm_Conference_Door,1.41,0.77,-1.18
27.705,1,Wall_3mx20cm_Conference_Door,1.41,0.78,-1.19
27.746,1,Wall_3mx20cm_Conference_Door,1.41,0.77,-1.19
27.772,1,Wall_3mx20cm_Conference_Door,1.41,0.80,-1.19
27.813,1,Wall_3mx20cm_Conference_Door,1.41,0.84,-1.20
27.841,1,Wall_3mx20cm_Conference_Door,1.41,0.84,-1.20
27.869,1,Wall_3mx20cm_Conference_Door,1.41,0.83,-1.20
27.912,1,Wall_3mx20cm_Conference_Door,1.41,0.85,-1.19
27.939,1,Wall_3mx20cm_Conference_Door,1.41,0.82,-1.18
27.981,1,Wall_3mx20cm_Conference_Door,1.41,0.78,-1.18
28.009,1,Wall_3mx20cm_Conference_Door,1.41,0.79,-1.16
28.037,1,Wall_3mx20cm_Conference_Door,1.41,0.82,-1.16
28.079,1,Wall_3mx20cm_Conference_Door,1.41,0.81,-1.16
28.106,1,Wall_3mx20cm_Conference_Door,1.41,0.82,-1.16
28.134,1,Wall_3mx20cm_Conference_Door,1.41,0.86,-1.16
28.178,1,Wall_3mx20cm_Conference_Door,1.41,0.90,-1.17
28.204,1,Wall_3mx20cm_Conference_Door,1.41,0.91,-1.18
28.246,1,Wall_3mx20cm_Conference_Door,1.41,0.87,-1.17
28.274,1,Wall_3mx20cm_Conference_Door,1.41,0.87,-1.16
28.302,1,Wall_3mx20cm_Conference_Door,1.41,0.86,-1.16
28.343,1,Wall_3mx20cm_Conference_Door,1.41,0.88,-1.16
28.370,1,Wall_3mx20cm_Conference_Door,1.41,0.89,-1.16
28.413,1,Wall_3mx20cm_Conference_Door,1.41,0.89,-1.16
28.440,1,Wall_3mx20cm_Conference_Door,1.41,0.86,-1.16
28.469,1,Wall_3mx20cm_Conference_Door,1.41,0.82,-1.17
28.510,1,Wall_3mx20cm_Conference_Door,1.41,0.83,-1.17
28.538,1,Wall_3mx20cm_Conference_Door,1.41,0.85,-1.18
28.580,1,Wall_3mx20cm_Conference_Door,1.41,0.82,-1.18
28.608,1,Wall_3mx20cm_Conference_Door,1.41,0.82,-1.18
28.635,1,Wall_3mx20cm_Conference_Door,1.41,0.83,-1.19
28.677,1,Wall_3mx20cm_Conference_Door,1.41,0.86,-1.19
28.705,1,Wall_3mx20cm_Conference_Door,1.41,0.87,-1.19
28.747,1,Wall_3mx20cm_Conference_Door,1.41,0.86,-1.19
28.775,1,Wall_3mx20cm_Conference_Door,1.41,0.84,-1.19
28.802,1,Wall_3mx20cm_Conference_Door,1.41,0.82,-1.19
28.844,1,Wall_3mx20cm_Conference_Door,1.41,0.79,-1.20
28.872,1,Wall_3mx20cm_Conference_Door,1.41,0.81,-1.20
28.900,1,Wall_3mx20cm_Conference_Door,1.41,0.80,-1.20
28.942,1,Wall_3mx20cm_Conference_Door,1.41,0.81,-1.20
28.969,1,Wall_3mx20cm_Conference_Door,1.41,0.81,-1.20
29.011,1,Wall_3mx20cm_Conference_Door,1.41,0.81,-1.20
29.040,1,Wall_3mx20cm_Conference_Door,1.41,0.83,-1.21
29.067,1,Wall_3mx20cm_Conference_Door,1.41,0.84,-1.21
29.109,1,Wall_3mx20cm_Conference_Door,1.41,0.84,-1.21
29.137,1,Wall_3mx20cm_Conference_Door,1.41,0.85,-1.20
29.242,1,Wall_3mx20cm_Conference_Door,1.41,0.85,-1.19
29.242,1,Wall_3mx20cm_Conference_Door,1.41,0.85,-1.19
29.242,1,Wall_3mx20cm_Conference_Door,1.41,0.85,-1.19
29.276,1,Wall_3mx20cm_Conference_Door,1.41,0.85,-1.18
29.304,1,Wall_3mx20cm_Conference_Door,1.41,0.86,-1.17
29.362,1,Wall_3mx20cm_Conference_Door,1.41,0.87,-1.16
29.374,1,Wall_3mx20cm_Conference_Door,1.41,0.87,-1.16
29.402,1,Wall_3mx20cm_Conference_Door,1.41,0.88,-1.14
29.443,1,Wall_3mx20cm_Conference_Door,1.41,0.90,-1.14
29.471,1,Wall_3mx20cm_Conference_Door,1.41,0.92,-1.13
29.513,1,Wall_3mx20cm_Conference_Door,1.41,0.95,-1.13
29.542,1,Wall_3mx20cm_Conference_Door,1.41,0.95,-1.13
29.568,1,Wall_3mx20cm_Conference_Door,1.41,0.94,-1.13
29.610,1,Wall_3mx20cm_Conference_Door,1.41,0.90,-1.12
29.638,1,Wall_3mx20cm_Conference_Door,1.41,0.87,-1.12
29.680,1,Wall_3mx20cm_Conference_Door,1.41,0.88,-1.12
29.708,1,Wall_3mx20cm_Conference_Door,1.41,0.90,-1.11
29.736,1,Wall_3mx20cm_Conference_Door,1.41,0.90,-1.13
29.777,1,Wall_3mx20cm_Conference_Door,1.41,0.87,-1.15
29.805,1,Wall_3mx20cm_Conference_Door,1.41,0.85,-1.17
29.847,1,Wall_3mx20cm_Conference_Door,1.41,0.85,-1.21
29.875,1,Wall_3mx20cm_Conference_Door,1.41,0.83,-1.22
29.903,1,Wall_3mx20cm_Conference_Door,1.41,0.82,-1.23
29.945,1,Wall_3mx20cm_Conference_Door,1.41,0.84,-1.24
29.972,1,Wall_3mx20cm_Conference_Door,1.41,0.85,-1.25
30.001,1,Wall_3mx20cm_Conference_Door,1.41,0.85,-1.26
30.042,1,Wall_3mx20cm_Conference_Door,1.41,0.85,-1.26
30.070,1,Wall_3mx20cm_Conference_Door,1.41,0.86,-1.26
30.111,1,Wall_3mx20cm_Conference_Door,1.41,0.85,-1.26
30.140,1,Wall_3mx20cm_Conference_Door,1.41,0.85,-1.27
30.167,1,Wall_3mx20cm_Conference_Door,1.41,0.85,-1.27
30.210,1,Wall_3mx20cm_Conference_Door,1.41,0.83,-1.27
30.236,1,Wall_3mx20cm_Conference_Door,1.41,0.82,-1.28
30.278,1,Wall_3mx20cm_Conference_Door,1.41,0.82,-1.29
30.308,1,Wall_3mx20cm_Conference_Door,1.41,0.84,-1.29
30.334,1,Wall_3mx20cm_Conference_Door,1.41,0.86,-1.30
30.375,1,Wall_3mx20cm_Conference_Door,1.41,0.88,-1.28
30.404,1,Wall_3mx20cm_Conference_Door,1.41,0.90,-1.26
30.445,1,Wall_3mx20cm_Conference_Door,1.41,0.93,-1.23
30.474,1,Wall_3mx20cm_Conference_Door,1.41,0.94,-1.22
30.502,1,Wall_3mx20cm_Conference_Door,1.41,0.93,-1.21
30.542,1,Wall_3mx20cm_Conference_Door,1.41,0.91,-1.20
30.570,1,Wall_3mx20cm_Conference_Door,1.41,0.95,-1.19
30.612,1,Wall_3mx20cm_Conference_Door,1.41,0.89,-1.18
30.639,1,Wall_3mx20cm_Conference_Door,1.41,0.86,-1.17
30.667,1,Wall_3mx20cm_Conference_Door,1.41,0.84,-1.15
30.710,1,Wall_3mx20cm_Conference_Door,1.41,0.82,-1.13
30.738,1,Wall_3mx20cm_Conference_Door,1.41,0.82,-1.13
30.780,1,Wall_3mx20cm_Conference_Door,1.41,0.84,-1.11
30.808,1,Wall_3mx20cm_Door (1),1.41,0.86,-1.10
30.834,1,Wall_3mx20cm_Door (1),1.41,0.87,-1.08
30.876,1,Wall_3mx20cm_Door (1),1.41,0.89,-1.07
30.905,1,Wall_3mx20cm_Door (1),1.41,0.92,-1.07
30.946,1,Wall_3mx20cm_Door (1),1.41,0.91,-1.07
30.974,1,Wall_3mx20cm_Door (1),1.41,0.89,-1.07
31.003,1,Wall_3mx20cm_Door (1),1.41,0.88,-1.08
31.043,1,Wall_3mx20cm_Door (1),1.41,0.89,-1.09
31.072,1,Wall_3mx20cm_Door (1),1.41,0.90,-1.10
31.113,1,Wall_3mx20cm_Door (1),1.41,0.90,-1.10
31.141,1,Wall_3mx20cm_Conference_Door,1.41,0.90,-1.10
31.170,1,Wall_3mx20cm_Conference_Door,1.41,0.90,-1.11
31.210,1,Wall_3mx20cm_Conference_Door,1.41,0.93,-1.12
31.238,1,Wall_3mx20cm_Conference_Door,1.41,0.92,-1.12
31.281,1,Wall_3mx20cm_Conference_Door,1.41,0.92,-1.13
31.308,1,Wall_3mx20cm_Conference_Door,1.41,0.92,-1.13
31.336,1,Wall_3mx20cm_Conference_Door,1.41,0.92,-1.13
31.378,1,Wall_3mx20cm_Conference_Door,1.41,0.90,-1.13
31.406,1,Wall_3mx20cm_Conference_Door,1.41,0.90,-1.13
31.434,1,Wall_3mx20cm_Conference_Door,1.41,0.89,-1.12
31.476,1,Wall_3mx20cm_Conference_Door,1.41,0.87,-1.12
31.504,1,Wall_3mx20cm_Conference_Door,1.41,0.87,-1.11
31.545,1,Wall_3mx20cm_Conference_Door,1.41,0.88,-1.11
31.573,1,Wall_3mx20cm_Conference_Door,1.41,0.89,-1.12
31.601,1,Wall_3mx20cm_Conference_Door,1.41,0.90,-1.12
31.643,1,Wall_3mx20cm_Conference_Door,1.41,0.89,-1.12
31.670,1,Wall_3mx20cm_Conference_Door,1.41,0.89,-1.13
31.712,1,Wall_3mx20cm_Conference_Door,1.41,0.90,-1.14
31.740,1,Wall_3mx20cm_Conference_Door,1.41,0.89,-1.14
31.768,1,Wall_3mx20cm_Conference_Door,1.41,0.87,-1.15
31.809,1,Wall_3mx20cm_Conference_Door,1.41,0.89,-1.15
31.837,1,Wall_3mx20cm_Conference_Door,1.41,0.91,-1.15
31.879,1,Wall_3mx20cm_Conference_Door,1.41,0.90,-1.15
31.907,1,Wall_3mx20cm_Conference_Door,1.41,0.90,-1.15
31.935,1,Wall_3mx20cm_Conference_Door,1.41,0.89,-1.15
31.976,1,Wall_3mx20cm_Conference_Door,1.41,0.90,-1.14
32.004,1,Wall_3mx20cm_Conference_Door,1.41,0.90,-1.14
32.046,1,Wall_3mx20cm_Conference_Door,1.41,0.92,-1.15
32.074,1,Wall_3mx20cm_Conference_Door,1.41,0.92,-1.15
32.102,1,Wall_3mx20cm_Conference_Door,1.41,0.93,-1.16
32.144,1,Wall_3mx20cm_Conference_Door,1.41,0.95,-1.17
32.172,1,Wall_3mx20cm_Conference_Door,1.41,0.95,-1.18
32.200,1,Wall_3mx20cm_Conference_Door,1.41,0.96,-1.18
32.242,1,Wall_3mx20cm_Conference_Door,1.41,0.95,-1.19
32.269,1,Wall_3mx20cm_Conference_Door,1.41,0.92,-1.19
32.311,1,Wall_3mx20cm_Conference_Door,1.41,0.92,-1.18
32.339,1,Wall_3mx20cm_Conference_Door,1.41,0.93,-1.18
32.367,1,Wall_3mx20cm_Conference_Door,1.41,0.91,-1.17
32.408,1,Wall_3mx20cm_Conference_Door,1.41,0.93,-1.17
32.437,1,Wall_3mx20cm_Conference_Door,1.41,0.95,-1.17
32.478,1,Wall_3mx20cm_Conference_Door,1.41,0.96,-1.19
32.506,1,Wall_3mx20cm_Conference_Door,1.41,0.96,-1.18
32.534,1,Wall_3mx20cm_Conference_Door,1.41,0.95,-1.18
32.575,1,Wall_3mx20cm_Conference_Door,1.41,0.92,-1.18
32.604,1,Wall_3mx20cm_Conference_Door,1.41,0.91,-1.17
32.646,1,Wall_3mx20cm_Conference_Door,1.41,0.92,-1.17
32.673,1,Wall_3mx20cm_Conference_Door,1.41,0.93,-1.17
32.701,1,Wall_3mx20cm_Conference_Door,1.41,0.94,-1.16
32.743,1,Wall_3mx20cm_Conference_Door,1.41,0.96,-1.16
32.771,1,Wall_3mx20cm_Conference_Door,1.41,0.97,-1.15
32.813,1,Wall_3mx20cm_Conference_Door,1.41,0.98,-1.15
32.841,1,Wall_3mx20cm_Conference_Door,1.41,1.03,-1.15
32.869,1,Wall_3mx20cm_Conference_Door,1.41,1.07,-1.15
32.910,1,Wall_3mx20cm_Conference_Door,1.41,1.11,-1.14
32.938,1,Wall_3mx20cm_Conference_Door,1.41,1.13,-1.13
32.979,1,Wall_3mx20cm_Conference_Door,1.41,1.12,-1.12
33.007,1,Wall_3mx20cm_Door (1),1.41,1.06,-1.09
33.035,1,Wall_3mx20cm_Door (1),1.41,1.00,-1.07
33.077,1,Wall_3mx20cm_Door (1),1.41,0.97,-1.04
33.105,1,Wall_3mx20cm_Door (1),1.41,0.93,-1.03
33.146,1,Wall_3mx20cm_Door (1),1.41,0.92,-1.00
33.174,1,Wall_3mx20cm_Door (1),1.41,0.93,-1.00
33.202,1,Wall_3mx20cm_Door (1),1.41,0.90,-1.00
33.244,1,Wall_3mx20cm_Door (1),1.41,0.87,-1.01
33.272,1,Wall_3mx20cm_Door (1),1.41,0.88,-1.02
33.313,1,Wall_3mx20cm_Door (1),1.41,0.91,-1.03
33.342,1,Wall_3mx20cm_Door (1),1.41,0.95,-1.03
33.369,1,Wall_3mx20cm_Door (1),1.41,0.98,-1.04
33.411,1,Wall_3mx20cm_Door (1),1.41,0.99,-1.06
33.439,1,Wall_3mx20cm_Door (1),1.41,1.00,-1.07
33.467,1,Wall_3mx20cm_Door (1),1.41,1.02,-1.07
33.509,1,Wall_3mx20cm_Door (1),1.41,1.01,-1.06
33.537,1,Wall_3mx20cm_Door (1),1.41,1.00,-1.04
33.578,1,Wall_3mx20cm_Door (1),1.41,1.00,-1.03
33.606,1,Wall_3mx20cm_Door (1),1.41,1.01,-1.02
33.634,1,Wall_3mx20cm_Door (1),1.41,1.02,-1.01
33.676,1,Wall_3mx20cm_Door (1),1.41,1.04,-1.02
33.704,1,Wall_3mx20cm_Door (1),1.41,1.03,-1.02
33.745,1,Wall_3mx20cm_Door (1),1.41,1.02,-1.03
33.773,1,Wall_3mx20cm_Door (1),1.41,1.00,-1.03
33.801,1,Wall_3mx20cm_Door (1),1.41,1.00,-1.03
33.843,1,Wall_3mx20cm_Door (1),1.41,1.01,-1.02
33.870,1,Wall_3mx20cm_Door (1),1.41,1.03,-1.02
33.912,1,Wall_3mx20cm_Door (1),1.41,1.03,-1.03
33.940,1,Wall_3mx20cm_Door (1),1.41,1.04,-1.03
33.968,1,Wall_3mx20cm_Door (1),1.41,1.06,-1.04
34.010,1,Wall_3mx20cm_Door (1),1.41,1.08,-1.05
34.038,1,Wall_3mx20cm_Door (1),1.41,1.08,-1.04
34.079,1,Wall_3mx20cm_Door (1),1.41,1.06,-1.03
34.107,1,Wall_3mx20cm_Door (1),1.41,1.07,-1.03
34.135,1,Wall_3mx20cm_Door (1),1.41,1.07,-1.03
34.177,1,Wall_3mx20cm_Door (1),1.41,1.09,-1.03
34.205,1,Wall_3mx20cm_Door (1),1.41,1.10,-1.04
34.246,1,Wall_3mx20cm_Door (1),1.41,1.10,-1.05
34.274,1,Wall_3mx20cm_Door (1),1.41,1.09,-1.05
34.302,1,Wall_3mx20cm_Door (1),1.41,1.08,-1.05
34.344,1,Wall_3mx20cm_Door (1),1.41,1.07,-1.05
34.372,1,Wall_3mx20cm_Door (1),1.41,1.06,-1.05
34.414,1,Wall_3mx20cm_Door (1),1.41,1.05,-1.04
34.441,1,Wall_3mx20cm_Door (1),1.41,1.06,-1.04
34.469,1,Wall_3mx20cm_Door (1),1.41,1.04,-1.04
34.511,1,Wall_3mx20cm_Door (1),1.41,1.03,-1.03
34.539,1,Wall_3mx20cm_Door (1),1.41,1.02,-1.03
34.567,1,Wall_3mx20cm_Door (1),1.41,1.03,-1.03
34.608,1,Wall_3mx20cm_Door (1),1.41,1.03,-1.03
34.636,1,Wall_3mx20cm_Door (1),1.41,1.02,-1.03
34.678,1,Wall_3mx20cm_Door (1),1.41,1.03,-1.04
34.706,1,Wall_3mx20cm_Door (1),1.41,1.03,-1.04
34.733,1,Wall_3mx20cm_Door (1),1.41,1.03,-1.04
34.775,1,Wall_3mx20cm_Door (1),1.41,1.03,-1.04
34.803,1,Wall_3mx20cm_Door (1),1.41,1.03,-1.04
34.846,1,Wall_3mx20cm_Door (1),1.41,1.03,-1.04
34.873,1,Wall_3mx20cm_Door (1),1.41,1.03,-1.03
34.901,1,Wall_3mx20cm_Door (1),1.41,1.03,-1.03
34.943,1,Wall_3mx20cm_Door (1),1.41,1.03,-1.04
34.970,1,Wall_3mx20cm_Door (1),1.41,1.02,-1.04
35.012,1,Wall_3mx20cm_Door (1),1.41,1.03,-1.04
35.040,1,Wall_3mx20cm_Door (1),1.41,1.04,-1.04
35.068,1,Wall_3mx20cm_Door (1),1.41,1.02,-1.04
35.110,1,Wall_3mx20cm_Door (1),1.41,1.02,-1.04
35.138,1,Wall_3mx20cm_Door (1),1.41,1.03,-1.04
35.180,1,Wall_3mx20cm_Door (1),1.41,1.02,-1.04
35.207,1,Wall_3mx20cm_Door (1),1.41,1.05,-1.05
35.235,1,Wall_3mx20cm_Door (1),1.41,1.06,-1.06
35.277,1,Wall_3mx20cm_Door (1),1.41,1.09,-1.06
35.305,1,Wall_3mx20cm_Door (1),1.41,1.12,-1.07
35.347,1,Wall_3mx20cm_Door (1),1.41,1.11,-1.08
35.375,1,Wall_3mx20cm_Door (1),1.41,1.11,-1.09
35.402,1,Wall_3mx20cm_Door (1),1.41,1.13,-1.09
35.444,1,Wall_3mx20cm_Conference_Door,1.41,1.08,-1.10
35.472,1,Wall_3mx20cm_Door (1),1.41,1.03,-1.09
35.500,1,Wall_3mx20cm_Door (1),1.41,1.02,-1.08
35.542,1,Wall_3mx20cm_Door (1),1.41,1.03,-1.08
35.569,1,Wall_3mx20cm_Door (1),1.41,1.00,-1.08
35.611,1,Wall_3mx20cm_Door (1),1.41,0.95,-1.08
35.639,1,Wall_3mx20cm_Door (1),1.41,0.96,-1.07
35.667,1,Wall_3mx20cm_Door (1),1.41,0.97,-1.06
35.708,1,Wall_3mx20cm_Door (1),1.41,0.96,-1.05
35.737,1,Wall_3mx20cm_Door (1),1.41,0.97,-1.05
35.777,1,Wall_3mx20cm_Door (1),1.41,0.98,-1.04
35.806,1,Wall_3mx20cm_Door (1),1.41,0.99,-1.03
35.834,1,Wall_3mx20cm_Door (1),1.41,1.00,-1.02
35.876,1,Wall_3mx20cm_Door (1),1.41,0.95,-1.01
35.903,1,Wall_3mx20cm_Door (1),1.41,0.94,-1.01
35.945,1,Wall_3mx20cm_Door (1),1.41,0.93,-1.00
35.973,1,Wall_3mx20cm_Door (1),1.41,0.93,-1.00
36.000,1,Wall_3mx20cm_Door (1),1.41,0.93,-1.00
36.042,1,Wall_3mx20cm_Door (1),1.41,0.92,-1.00
36.070,1,Wall_3mx20cm_Door (1),1.41,0.90,-0.99
36.111,1,Wall_3mx20cm_Door (1),1.41,0.86,-0.98
36.140,1,Wall_3mx20cm_Door (1),1.41,0.82,-0.97
36.167,1,Wall_3mx20cm_Door (1),1.41,0.79,-0.95
36.209,1,Wall_3mx20cm_Door (1),1.41,0.74,-0.93
36.237,1,Wall_3mx20cm_Door (1),1.41,0.73,-0.92
36.279,1,Wall_3mx20cm_Door (1),1.41,0.71,-0.91
36.307,1,Wall_3mx20cm_Door (1),1.41,0.70,-0.90
36.335,1,Wall_3mx20cm_Door (1),1.41,0.72,-0.89
36.376,1,Wall_3mx20cm_Door (1),1.41,0.69,-0.88
36.404,1,Wall_3mx20cm_Door (1),1.41,0.68,-0.87
36.446,1,Wall_3mx20cm_Door (1),1.41,0.67,-0.87
36.474,1,Wall_3mx20cm_Door (1),1.41,0.70,-0.87
36.501,1,Wall_3mx20cm_Door (1),1.41,0.69,-0.87
36.543,1,Wall_3mx20cm_Door (1),1.41,0.68,-0.88
36.571,1,Wall_3mx20cm_Door (1),1.41,0.68,-0.87
36.613,1,Wall_3mx20cm_Door (1),1.41,0.71,-0.88
36.641,1,Wall_3mx20cm_Door (1),1.41,0.70,-0.88
36.668,1,Wall_3mx20cm_Door (1),1.41,0.69,-0.87
36.710,1,Wall_3mx20cm_Door (1),1.41,0.68,-0.86
36.739,1,Wall_3mx20cm_Door (1),1.41,0.66,-0.85
36.780,1,Wall_3mx20cm_Door (1),1.41,0.60,-0.82
36.808,1,Wall_3mx20cm_Door (1),1.41,0.57,-0.79
36.835,1,Wall_3mx20cm_Door (1),1.41,0.52,-0.77
36.877,1,Wall_3mx20cm_Door (1),1.41,0.46,-0.73
36.906,1,Wall_3mx20cm_Door (1),1.41,0.43,-0.71
36.934,1,Wall_3mx20cm_Door (1),1.41,0.44,-0.69
36.975,1,Wall_3mx20cm_Door (1),1.41,0.42,-0.68
37.004,1,Wall_3mx20cm_Door (1),1.41,0.44,-0.66
37.045,1,Wall_3mx20cm_Door (1),1.41,0.46,-0.65
37.073,1,Wall_3mx20cm_Door (1),1.41,0.44,-0.65
37.100,1,Wall_3mx20cm_Door (1),1.41,0.43,-0.62
37.142,1,Wall_3mx20cm_Door (1),1.41,0.35,-0.57
37.170,1,Wall_3mx20cm_Door (1),1.41,0.26,-0.54
37.211,1,Wall_3mx20cm_Door (1),1.41,0.17,-0.48
37.240,1,Wall_3mx20cm_Door (1),1.41,0.14,-0.46
37.267,1,Wall_3mx20cm_Door (1),1.41,0.14,-0.46
37.309,1,Wall_3mx20cm_Door (1),1.41,0.17,-0.47
37.337,1,Wall_3mx20cm_Door (1),1.41,0.18,-0.49
37.379,1,Wall_3mx20cm_Door (1),1.41,0.15,-0.52
37.407,1,Wall_3mx20cm_Door (1),1.41,0.11,-0.56
37.435,1,Wall_3mx20cm_Door (1),1.41,0.08,-0.58
37.477,1,Wall_3mx20cm_Door (1),1.41,0.04,-0.65
37.505,1,Wall_3mx20cm_Door (1),1.41,0.00,-0.71
37.546,1,Wall_3mx20cm_Door (1),1.41,-0.02,-0.78
37.573,1,Wall_3mx20cm_Door (1),1.41,-0.01,-0.83
37.602,1,Wall_3mx20cm_Door (1),1.41,0.02,-0.88
37.643,1,Wall_3mx20cm_Door (1),1.41,0.09,-0.94
37.671,1,Wall_3mx20cm_Door (1),1.41,0.12,-0.97
37.713,1,Wall_3mx20cm_Door (1),1.41,0.18,-1.01
37.740,1,Wall_3mx20cm_Door (1),1.41,0.21,-1.03
37.768,1,Wall_3mx20cm_Door (1),1.41,0.24,-1.06
37.810,1,Wall_3mx20cm_Door (1),1.41,0.24,-1.07
37.838,1,Wall_3mx20cm_Door (1),1.41,0.29,-1.07
37.867,1,Wall_3mx20cm_Door (1),1.41,0.31,-1.07
37.907,1,Wall_3mx20cm_Door (1),1.41,0.31,-1.06
37.935,1,Wall_3mx20cm_Door (1),1.41,0.32,-1.04
37.977,1,Wall_3mx20cm_Door (1),1.41,0.37,-1.02
38.005,1,Wall_3mx20cm_Door (1),1.41,0.40,-1.00
38.033,1,Wall_3mx20cm_Door (1),1.41,0.42,-0.99
38.075,1,Wall_3mx20cm_Door (1),1.41,0.46,-0.96
38.103,1,Wall_3mx20cm_Door (1),1.41,0.50,-0.93
38.145,1,Wall_3mx20cm_Door (1),1.41,0.58,-0.89
38.173,1,Wall_3mx20cm_Door (1),1.41,0.66,-0.85
38.200,1,Wall_3mx20cm_Door (1),1.41,0.76,-0.82
38.242,1,Wall_3mx20cm_Door (1),1.41,0.85,-0.75
38.270,1,Wall_3mx20cm_Door (1),1.41,0.89,-0.74
38.312,1,Wall_3mx20cm_Door (1),1.41,1.02,-0.75
38.340,1,Wall_3mx20cm_Door (1),1.41,1.08,-0.76
38.367,1,Wall_3mx20cm_Door (1),1.41,1.10,-0.78
38.409,1,Wall_3mx20cm_Door (1),1.41,1.08,-0.83
38.437,1,Wall_3mx20cm_Door (1),1.41,1.09,-0.84
38.479,1,Wall_3mx20cm_Door (1),1.41,1.13,-0.87
38.507,1,Wall_3mx20cm_Door (1),1.41,1.13,-0.89
38.534,1,Wall_3mx20cm_Door (1),1.41,1.14,-0.88
38.576,1,Wall_3mx20cm_Door (1),1.41,1.21,-0.88
38.604,1,Wall_3mx20cm_Door (1),1.41,1.29,-0.90
38.646,1,Wall_3mx20cm_Door (1),1.41,1.38,-0.91
38.674,1,Wall_3mx20cm_Door (1),1.41,1.43,-0.92
38.701,1,Wall_3mx20cm_Door (1),1.41,1.47,-0.94
38.743,1,Wall_3mx20cm_Door (1),1.41,1.50,-0.98
38.771,1,Ceiling_log_3m (20),1.48,1.50,-1.02
38.813,1,Ceiling_log_3m (20),1.46,1.50,-1.06
38.841,1,Wall_3mx20cm_Door (1),1.41,1.48,-1.07
38.868,1,Wall_3mx20cm_Door (1),1.41,1.47,-1.09
38.910,1,Wall_3mx20cm_Conference_Door,1.41,1.41,-1.12
38.938,1,Wall_3mx20cm_Conference_Door,1.41,1.38,-1.14
38.979,1,Wall_3mx20cm_Conference_Door,1.41,1.37,-1.17
39.007,1,Wall_3mx20cm_Conference_Door,1.41,1.30,-1.19
39.036,1,Wall_3mx20cm_Conference_Door,1.41,1.28,-1.22
39.078,1,Wall_3mx20cm_Conference_Door,1.41,1.28,-1.27
39.105,1,Wall_3mx20cm_Conference_Door,1.41,1.24,-1.32
39.147,1,Wall_3mx20cm_Conference_Door,1.41,1.20,-1.38
39.175,1,Wall_3mx20cm_Conference_Door,1.41,1.19,-1.43
39.203,1,Wall_3mx20cm_Conference_Door,1.41,1.14,-1.47
39.244,1,Wall_3mx20cm_Conference_Door,1.41,1.06,-1.54
39.273,1,Wall_3mx20cm_Conference_Door,1.41,1.03,-1.57
39.300,1,Wall_3mx20cm_Conference_Door,1.41,0.97,-1.60
39.342,1,Wall_3mx20cm_Conference_Door,1.41,0.88,-1.65
39.370,1,Wall_3mx20cm_Conference_Door,1.41,0.84,-1.66
39.411,1,Wall_3mx20cm_Conference_Door,1.41,0.72,-1.67
39.440,1,Wall_3mx20cm_Conference_Door,1.41,0.59,-1.67
39.468,1,Wall_3mx20cm_Conference_Door,1.41,0.44,-1.63
39.510,1,Wall_3mx20cm_Conference_Door,1.41,0.16,-1.52
39.537,1,Wall_3mx20cm_Conference_Door,1.41,-0.02,-1.42
39.579,1,Wall_3mx20cm_Conference_Door,1.41,-0.22,-1.23
39.607,1,Wall_3mx20cm_Door (1),1.41,-0.32,-1.09
39.634,1,Wall_3mx20cm_Door (1),1.41,-0.41,-0.95
39.676,1,Wall_3mx20cm_Door (1),1.41,-0.41,-0.78
39.704,1,Wall_3mx20cm_Door (1),1.41,-0.41,-0.69
39.746,1,Wall_3mx20cm_Door (1),1.41,-0.45,-0.60
39.773,1,Wall_3mx20cm_Door (1),1.41,-0.42,-0.56
39.802,1,Wall_3mx20cm_Door (1),1.41,-0.39,-0.53
39.843,1,Wall_3mx20cm_Door (1),1.41,-0.37,-0.53
39.871,1,Wall_3mx20cm_Door (1),1.41,-0.37,-0.55
39.913,1,Wall_3mx20cm_Door (1),1.41,-0.34,-0.59
39.940,1,Wall_3mx20cm_Door (1),1.41,-0.31,-0.63
39.968,1,Wall_3mx20cm_Door (1),1.41,-0.26,-0.69
40.010,1,Wall_3mx20cm_Door (1),1.41,-0.20,-0.75
40.038,1,Wall_3mx20cm_Door (1),1.41,-0.17,-0.79
40.080,1,Wall_3mx20cm_Door (1),1.41,-0.05,-0.87
40.108,1,Wall_3mx20cm_Door (1),1.41,0.07,-0.93
40.135,1,Wall_3mx20cm_Door (1),1.41,0.20,-1.01
40.177,1,Wall_3mx20cm_Conference_Door,1.41,0.36,-1.17
40.205,1,Wall_3mx20cm_Conference_Door,1.41,0.44,-1.25
40.247,1,Wall_3mx20cm_Conference_Door,1.41,0.51,-1.35
40.275,1,Wall_3mx20cm_Conference_Door,1.41,0.53,-1.40
40.303,1,Wall_3mx20cm_Conference_Door,1.41,0.54,-1.45
40.345,1,Wall_3mx20cm_Conference_Door,1.41,0.52,-1.49
40.373,1,Wall_3mx20cm_Conference_Door,1.41,0.50,-1.51
40.457,1,Wall_3mx20cm_Conference_Door,1.41,0.52,-1.52
40.457,1,Wall_3mx20cm_Conference_Door,1.41,0.52,-1.52
40.471,1,Wall_3mx20cm_Conference_Door,1.41,0.53,-1.56
40.512,1,Wall_3mx20cm_Conference_Door,1.41,0.55,-1.58
40.540,1,Wall_3mx20cm_Conference_Door,1.41,0.56,-1.60
40.567,1,Wall_3mx20cm_Conference_Door,1.41,0.56,-1.61
40.609,1,Wall_3mx20cm_Conference_Door,1.41,0.56,-1.63
40.637,1,Wall_3mx20cm_Conference_Door,1.41,0.56,-1.64
40.679,1,Wall_3mx20cm_Conference_Door,1.41,0.55,-1.64
40.707,1,Wall_3mx20cm_Conference_Door,1.41,0.55,-1.65
40.735,1,Wall_3mx20cm_Conference_Door,1.41,0.53,-1.66
40.776,1,Wall_3mx20cm_Conference_Door,1.41,0.51,-1.68
40.805,1,Wall_3mx20cm_Conference_Door,1.41,0.51,-1.69
40.846,1,Wall_3mx20cm_Conference_Door,1.41,0.51,-1.72
40.874,1,Timer,1.47,0.50,-1.73
40.902,1,Timer,1.47,0.51,-1.74
40.943,1,Timer,1.47,0.51,-1.76
40.971,1,Timer,1.47,0.52,-1.77
41.013,1,Timer,1.47,0.53,-1.79
41.041,1,Timer,1.47,0.52,-1.81
41.069,1,Timer,1.47,0.51,-1.84
41.111,1,Timer,1.47,0.51,-1.89
41.138,1,Timer,1.47,0.50,-1.92
41.180,1,Timer,1.47,0.47,-1.98
41.208,1,Timer,1.47,0.46,-2.02
41.236,1,Timer,1.47,0.46,-2.07
41.278,1,Timer,1.47,0.46,-2.14
41.305,1,Timer,1.47,0.46,-2.18
41.333,1,Timer,1.47,0.46,-2.21
41.375,1,Timer,1.47,0.45,-2.26
41.404,1,Timer,1.47,0.45,-2.28
41.445,1,Timer,1.47,0.46,-2.30
41.472,1,Timer,1.47,0.46,-2.30
41.500,1,Timer,1.47,0.46,-2.30
41.542,1,Timer,1.47,0.45,-2.28
41.570,1,Timer,1.47,0.45,-2.26
41.612,1,Timer,1.47,0.43,-2.23
41.639,1,Timer,1.47,0.43,-2.21
41.667,1,Timer,1.47,0.44,-2.20
41.709,1,Timer,1.47,0.44,-2.19
41.737,1,Timer,1.47,0.43,-2.18
41.778,1,Timer,1.47,0.42,-2.18
41.806,1,Timer,1.47,0.41,-2.18
41.835,1,Timer,1.47,0.42,-2.19
41.876,1,Timer,1.47,0.45,-2.19
41.904,1,Timer,1.47,0.46,-2.19
41.946,1,Timer,1.47,0.46,-2.19
41.973,1,Timer,1.47,0.45,-2.19
42.001,1,Timer,1.47,0.44,-2.19
42.043,1,Timer,1.47,0.44,-2.18
42.071,1,Timer,1.47,0.44,-2.17
42.113,1,Timer,1.47,0.45,-2.16
42.140,1,Timer,1.47,0.46,-2.15
42.168,1,Timer,1.47,0.47,-2.15
42.210,1,Timer,1.47,0.46,-2.15
42.238,1,Timer,1.47,0.46,-2.15
42.280,1,Timer,1.47,0.46,-2.15
42.308,1,Timer,1.47,0.46,-2.14
42.335,1,Timer,1.47,0.47,-2.14
42.377,1,Timer,1.47,0.46,-2.13
42.405,1,Timer,1.47,0.46,-2.12
42.447,1,Timer,1.47,0.44,-2.12
42.475,1,Timer,1.47,0.43,-2.12
42.502,1,Timer,1.47,0.43,-2.11
42.545,1,Timer,1.47,0.43,-2.10
42.573,1,Timer,1.47,0.44,-2.10
42.600,1,Timer,1.47,0.44,-2.10
42.641,1,Timer,1.47,0.43,-2.10
42.669,1,Timer,1.47,0.42,-2.10
42.711,1,Timer,1.47,0.41,-2.11
42.739,1,Timer,1.47,0.41,-2.11
42.781,1,Timer,1.47,0.41,-2.11
42.809,1,Timer,1.47,0.40,-2.11
42.837,1,Timer,1.47,0.40,-2.12
42.879,1,Wall_3mx20cm_Conference_Door,1.41,0.38,-2.12
42.907,1,Wall_3mx20cm_Conference_Door,1.41,0.35,-2.11
42.934,1,Wall_3mx20cm_Conference_Door,1.23,0.35,-2.11
42.983,1,Conference_Room_Door_L,1.33,0.30,-2.09
43.004,1,Conference_Room_Door_L,1.33,0.28,-2.08
43.045,1,Conference_Room_Door_L,1.33,0.24,-2.07
43.073,1,Conference_Room_Door_L,1.33,0.25,-2.08
43.104,1,Conference_Room_Door_L,1.33,0.28,-2.09
43.143,1,None,0,0,0
43.171,1,None,0,0,0
43.213,1,None,0,0,0
43.241,1,None,0,0,0
43.269,1,None,0,0,0
43.311,1,Conference_Room_Door_L,1.33,0.29,-2.12
43.338,1,Conference_Room_Door_L,1.33,0.28,-2.11
43.366,1,Conference_Room_Door_L,1.33,0.29,-2.10
43.407,1,None,0,0,0
43.436,1,None,0,0,0
43.477,1,None,0,0,0
43.505,1,Conference_Room_Door_L,1.33,0.28,-2.09
43.547,1,Conference_Room_Door_L,1.33,0.26,-2.09
43.575,1,Conference_Room_Door_L,1.33,0.26,-2.08
43.603,1,Conference_Room_Door_L,1.33,0.27,-2.08
43.644,1,Conference_Room_Door_L,1.33,0.30,-2.08
43.672,1,None,0,0,0
43.714,1,None,0,0,0
43.742,1,None,0,0,0
43.770,1,None,0,0,0
43.811,1,Wall_3mx20cm_Conference_Door,1.26,0.35,-2.12
43.839,1,Wall_3mx20cm_Conference_Door,1.37,0.35,-2.12
43.867,1,Wall_3mx20cm_Conference_Door,1.41,0.36,-2.12
43.909,1,Wall_3mx20cm_Conference_Door,1.41,0.37,-2.12
43.937,1,Wall_3mx20cm_Conference_Door,1.41,0.36,-2.12
43.978,1,Wall_3mx20cm_Conference_Door,1.28,0.35,-2.13
44.007,1,Wall_3mx20cm_Conference_Door,1.24,0.35,-2.13
44.034,1,None,0,0,0
44.077,1,None,0,0,0
44.104,1,None,0,0,0
44.145,1,Conference_Room_Door_L,1.33,0.30,-2.17
44.174,1,Conference_Room_Door_L,1.33,0.30,-2.18
44.202,1,Conference_Room_Door_L,1.33,0.29,-2.19
44.243,1,Conference_Room_Door_L,1.33,0.28,-2.20
44.271,1,Conference_Room_Door_L,1.33,0.29,-2.19
44.313,1,Conference_Room_Door_L,1.33,0.30,-2.19
44.341,1,Conference_Room_Door_L,1.33,0.29,-2.18
44.368,1,Conference_Room_Door_L,1.33,0.28,-2.18
44.410,1,Conference_Room_Door_L,1.33,0.26,-2.18
44.438,1,Conference_Room_Door_L,1.33,0.26,-2.18
44.480,1,Conference_Room_Door_L,1.33,0.26,-2.19
44.507,1,Conference_Room_Door_L,1.33,0.26,-2.19
44.535,1,Conference_Room_Door_L,1.33,0.27,-2.19
44.578,1,Conference_Room_Door_L,1.33,0.27,-2.19
44.605,1,Conference_Room_Door_L,1.33,0.27,-2.19
44.647,1,Conference_Room_Door_L,1.33,0.26,-2.20
44.675,1,Conference_Room_Door_L,1.33,0.27,-2.21
44.703,1,Conference_Room_Door_L,1.33,0.27,-2.21
44.745,1,Conference_Room_Door_L,1.33,0.27,-2.22
44.772,1,Conference_Room_Door_L,1.33,0.28,-2.22
44.814,1,Conference_Room_Door_L,1.33,0.28,-2.22
44.842,1,Conference_Room_Door_L,1.33,0.28,-2.21
44.869,1,Conference_Room_Door_L,1.33,0.28,-2.21
44.911,1,Conference_Room_Door_L,1.33,0.29,-2.20
44.939,1,Conference_Room_Door_L,1.33,0.29,-2.20
44.967,1,Conference_Room_Door_L,1.33,0.30,-2.19
45.009,1,Conference_Room_Door_L,1.33,0.30,-2.19
45.036,1,Conference_Room_Door_L,1.33,0.30,-2.19
45.078,1,Conference_Room_Door_L,1.33,0.29,-2.19
45.106,1,Conference_Room_Door_L,1.33,0.28,-2.19
45.134,1,Conference_Room_Door_L,1.33,0.28,-2.19
45.176,1,Conference_Room_Door_L,1.33,0.28,-2.19
45.204,1,Conference_Room_Door_L,1.33,0.28,-2.19
45.245,1,Conference_Room_Door_L,1.33,0.28,-2.20
45.273,1,Conference_Room_Door_L,1.33,0.28,-2.19
45.301,1,Conference_Room_Door_L,1.33,0.28,-2.19
45.343,1,Conference_Room_Door_L,1.33,0.28,-2.19
45.371,1,Conference_Room_Door_L,1.33,0.28,-2.19
45.412,1,Conference_Room_Door_L,1.33,0.28,-2.19
45.440,1,Conference_Room_Door_L,1.33,0.28,-2.19
45.469,1,Conference_Room_Door_L,1.33,0.28,-2.18
45.510,1,Conference_Room_Door_L,1.33,0.28,-2.18
45.538,1,Conference_Room_Door_L,1.33,0.28,-2.18
45.580,1,Conference_Room_Door_L,1.33,0.28,-2.18
45.607,1,Conference_Room_Door_L,1.33,0.29,-2.18
45.636,1,Conference_Room_Door_L,1.33,0.29,-2.19
45.677,1,Conference_Room_Door_L,1.33,0.29,-2.19
45.704,1,Conference_Room_Door_L,1.33,0.29,-2.19
45.746,1,Conference_Room_Door_L,1.33,0.28,-2.19
45.775,1,Conference_Room_Door_L,1.33,0.28,-2.19
45.803,1,Conference_Room_Door_L,1.33,0.27,-2.19
45.844,1,Conference_Room_Door_L,1.33,0.27,-2.19
45.872,1,Conference_Room_Door_L,1.33,0.27,-2.19
45.900,1,Conference_Room_Door_L,1.33,0.28,-2.19
45.941,1,Conference_Room_Door_L,1.33,0.29,-2.19
45.970,1,Conference_Room_Door_L,1.33,0.30,-2.19
46.011,1,Conference_Room_Door_L,1.33,0.30,-2.18
46.039,1,Conference_Room_Door_L,1.33,0.29,-2.18
46.067,1,Conference_Room_Door_L,1.33,0.29,-2.18
46.108,1,Conference_Room_Door_L,1.33,0.29,-2.18
46.136,1,Conference_Room_Door_L,1.33,0.28,-2.17
46.178,1,Conference_Room_Door_L,1.33,0.28,-2.17
46.206,1,Conference_Room_Door_L,1.33,0.27,-2.17
46.234,1,Conference_Room_Door_L,1.33,0.27,-2.17
46.276,1,Conference_Room_Door_L,1.33,0.28,-2.17
46.304,1,Conference_Room_Door_L,1.33,0.29,-2.18
46.345,1,Conference_Room_Door_L,1.33,0.29,-2.18
46.373,1,Conference_Room_Door_L,1.33,0.30,-2.18
46.401,1,Conference_Room_Door_L,1.33,0.30,-2.18
46.442,1,Conference_Room_Door_L,1.33,0.30,-2.18
46.471,1,Conference_Room_Door_L,1.33,0.29,-2.18
46.512,1,Conference_Room_Door_L,1.33,0.28,-2.17
46.540,1,Conference_Room_Door_L,1.33,0.28,-2.17
46.568,1,Conference_Room_Door_L,1.33,0.29,-2.18
46.610,1,Conference_Room_Door_L,1.33,0.29,-2.18
46.637,1,Conference_Room_Door_L,1.33,0.29,-2.18
46.679,1,Conference_Room_Door_L,1.33,0.30,-2.18
46.707,1,Conference_Room_Door_L,1.33,0.30,-2.18
46.736,1,Conference_Room_Door_L,1.33,0.30,-2.19
46.777,1,Conference_Room_Door_L,1.33,0.29,-2.19
46.805,1,Conference_Room_Door_L,1.33,0.28,-2.19
46.847,1,Conference_Room_Door_L,1.33,0.27,-2.19
46.875,1,Conference_Room_Door_L,1.33,0.27,-2.19
46.903,1,Conference_Room_Door_L,1.33,0.27,-2.20
46.944,1,Conference_Room_Door_L,1.33,0.27,-2.20
46.972,1,Conference_Room_Door_L,1.33,0.27,-2.20
47.014,1,Conference_Room_Door_L,1.33,0.27,-2.20
47.041,1,Conference_Room_Door_L,1.33,0.28,-2.20
47.069,1,Conference_Room_Door_L,1.33,0.28,-2.20
47.111,1,Conference_Room_Door_L,1.33,0.27,-2.20
47.139,1,Conference_Room_Door_L,1.33,0.27,-2.20
47.167,1,Conference_Room_Door_L,1.33,0.27,-2.20
47.208,1,Conference_Room_Door_L,1.33,0.28,-2.20
47.236,1,Conference_Room_Door_L,1.33,0.28,-2.20
47.278,1,Conference_Room_Door_L,1.33,0.29,-2.20
47.306,1,Conference_Room_Door_L,1.33,0.29,-2.19
47.334,1,Conference_Room_Door_L,1.33,0.29,-2.19
47.376,1,Conference_Room_Door_L,1.33,0.29,-2.19
47.404,1,Conference_Room_Door_L,1.33,0.29,-2.20
47.445,1,Conference_Room_Door_L,1.33,0.29,-2.20
47.472,1,Conference_Room_Door_L,1.33,0.30,-2.20
47.501,1,Conference_Room_Door_L,1.33,0.30,-2.19
47.542,1,Conference_Room_Door_L,1.33,0.30,-2.19
47.571,1,Conference_Room_Door_L,1.33,0.30,-2.19
47.612,1,Conference_Room_Door_L,1.33,0.30,-2.18
47.639,1,Conference_Room_Door_L,1.33,0.30,-2.18
47.667,1,Conference_Room_Door_L,1.33,0.30,-2.18
47.709,1,Conference_Room_Door_L,1.33,0.29,-2.18
47.737,1,Conference_Room_Door_L,1.33,0.29,-2.18
47.779,1,Conference_Room_Door_L,1.33,0.29,-2.19
47.807,1,Conference_Room_Door_L,1.33,0.28,-2.18
47.836,1,Conference_Room_Door_L,1.33,0.28,-2.18
47.877,1,Conference_Room_Door_L,1.33,0.28,-2.18
47.905,1,Conference_Room_Door_L,1.33,0.29,-2.18
47.946,1,Conference_Room_Door_L,1.33,0.29,-2.18
47.974,1,Conference_Room_Door_L,1.33,0.28,-2.18
48.002,1,Conference_Room_Door_L,1.33,0.28,-2.18
48.044,1,Conference_Room_Door_L,1.33,0.27,-2.18
48.070,1,Conference_Room_Door_L,1.33,0.27,-2.18
48.113,1,Conference_Room_Door_L,1.33,0.28,-2.18
48.141,1,Conference_Room_Door_L,1.33,0.29,-2.18
48.170,1,Conference_Room_Door_L,1.33,0.29,-2.18
48.210,1,Conference_Room_Door_L,1.33,0.30,-2.18
48.238,1,Conference_Room_Door_L,1.33,0.30,-2.18
48.280,1,Conference_Room_Door_L,1.33,0.30,-2.17
48.308,1,Conference_Room_Door_L,1.33,0.30,-2.17
48.335,1,Conference_Room_Door_L,1.33,0.30,-2.17
48.378,1,None,0,0,0
48.406,1,None,0,0,0
48.434,1,None,0,0,0
48.475,1,None,0,0,0
48.503,1,None,0,0,0
48.545,1,None,0,0,0
48.573,1,None,0,0,0
48.601,1,None,0,0,0
48.642,1,None,0,0,0
48.671,1,Conference_Room_Door_L,1.33,0.30,-2.17
48.712,1,Conference_Room_Door_L,1.33,0.29,-2.17
48.740,1,Conference_Room_Door_L,1.33,0.29,-2.17
48.768,1,Conference_Room_Door_L,1.33,0.29,-2.17
48.809,1,Conference_Room_Door_L,1.33,0.29,-2.17
48.837,1,Conference_Room_Door_L,1.33,0.29,-2.18
48.879,1,Conference_Room_Door_L,1.33,0.29,-2.18
48.907,1,Conference_Room_Door_L,1.33,0.30,-2.19
48.934,1,Conference_Room_Door_L,1.33,0.30,-2.19
48.976,1,None,0,0,0
49.004,1,None,0,0,0
49.046,1,None,0,0,0
49.074,1,None,0,0,0
49.101,1,None,0,0,0
49.144,1,None,0,0,0
49.171,1,None,0,0,0
49.213,1,None,0,0,0
49.241,1,Wall_3mx20cm_Conference_Door,1.23,0.35,-2.20
49.269,1,Wall_3mx20cm_Conference_Door,1.24,0.35,-2.20
49.310,1,Wall_3mx20cm_Conference_Door,1.24,0.35,-2.19
49.339,1,Wall_3mx20cm_Conference_Door,1.25,0.35,-2.19
49.367,1,Wall_3mx20cm_Conference_Door,1.26,0.35,-2.19
49.408,1,Wall_3mx20cm_Conference_Door,1.26,0.35,-2.19
49.436,1,Wall_3mx20cm_Conference_Door,1.27,0.35,-2.19
49.478,1,Wall_3mx20cm_Conference_Door,1.26,0.35,-2.19
49.505,1,Wall_3mx20cm_Conference_Door,1.26,0.35,-2.19
49.547,1,Wall_3mx20cm_Conference_Door,1.27,0.35,-2.19
49.575,1,Wall_3mx20cm_Conference_Door,1.29,0.35,-2.19
49.603,1,Wall_3mx20cm_Conference_Door,1.31,0.35,-2.19
49.644,1,Wall_3mx20cm_Conference_Door,1.30,0.35,-2.20
49.673,1,Wall_3mx20cm_Conference_Door,1.28,0.35,-2.20
49.700,1,Wall_3mx20cm_Conference_Door,1.29,0.35,-2.20
49.742,1,Wall_3mx20cm_Conference_Door,1.31,0.35,-2.20
49.770,1,Wall_3mx20cm_Conference_Door,1.33,0.35,-2.20
49.811,1,Wall_3mx20cm_Conference_Door,1.37,0.35,-2.20
49.840,1,Wall_3mx20cm_Conference_Door,1.38,0.35,-2.19
49.867,1,Wall_3mx20cm_Conference_Door,1.40,0.35,-2.19
49.910,1,Wall_3mx20cm_Conference_Door,1.41,0.36,-2.20
49.937,1,Wall_3mx20cm_Conference_Door,1.41,0.36,-2.20
49.979,1,Wall_3mx20cm_Conference_Door,1.41,0.36,-2.20
50.007,1,Wall_3mx20cm_Conference_Door,1.41,0.36,-2.19
50.035,1,Wall_3mx20cm_Conference_Door,1.41,0.36,-2.19
50.076,1,Wall_3mx20cm_Conference_Door,1.41,0.36,-2.19
50.105,1,Wall_3mx20cm_Conference_Door,1.41,0.36,-2.19
50.146,1,Wall_3mx20cm_Conference_Door,1.41,0.36,-2.19
50.174,1,Wall_3mx20cm_Conference_Door,1.41,0.37,-2.19
50.202,1,Wall_3mx20cm_Conference_Door,1.41,0.37,-2.19
50.244,1,Wall_3mx20cm_Conference_Door,1.41,0.37,-2.20
50.271,1,Wall_3mx20cm_Conference_Door,1.41,0.37,-2.20
50.313,1,Wall_3mx20cm_Conference_Door,1.41,0.38,-2.20
50.341,1,Wall_3mx20cm_Conference_Door,1.41,0.38,-2.20
50.369,1,Wall_3mx20cm_Conference_Door,1.41,0.37,-2.20
50.411,1,Wall_3mx20cm_Conference_Door,1.41,0.38,-2.20
50.439,1,Wall_3mx20cm_Conference_Door,1.41,0.38,-2.20
50.480,1,Wall_3mx20cm_Conference_Door,1.41,0.37,-2.20
50.508,1,Wall_3mx20cm_Conference_Door,1.41,0.36,-2.20
50.536,1,Wall_3mx20cm_Conference_Door,1.41,0.36,-2.21
50.578,1,Wall_3mx20cm_Conference_Door,1.41,0.36,-2.21
50.605,1,Wall_3mx20cm_Conference_Door,1.41,0.37,-2.21
50.634,1,Wall_3mx20cm_Conference_Door,1.41,0.38,-2.21
50.675,1,Wall_3mx20cm_Conference_Door,1.41,0.38,-2.21
50.703,1,Wall_3mx20cm_Conference_Door,1.41,0.39,-2.21
50.745,1,Wall_3mx20cm_Conference_Door,1.41,0.39,-2.20
50.773,1,Wall_3mx20cm_Conference_Door,1.41,0.39,-2.20
50.800,1,Timer,1.42,0.39,-2.19
50.842,1,Timer,1.44,0.39,-2.19
50.870,1,Timer,1.45,0.39,-2.19
50.912,1,Timer,1.46,0.39,-2.19
50.940,1,Timer,1.45,0.39,-2.20
50.967,1,Timer,1.44,0.39,-2.21
51.009,1,Timer,1.42,0.39,-2.23
51.037,1,Timer,1.42,0.39,-2.25
51.079,1,Timer,1.45,0.39,-2.26
51.106,1,Timer,1.46,0.39,-2.27
51.134,1,Timer,1.47,0.39,-2.27
51.177,1,Timer,1.47,0.40,-2.28
51.204,1,Timer,1.47,0.40,-2.28
51.246,1,Timer,1.47,0.40,-2.27
51.274,1,Timer,1.47,0.40,-2.27
51.301,1,Timer,1.47,0.39,-2.27
51.343,1,Wall_3mx20cm_Conference_Door,1.41,0.39,-2.28
51.371,1,Wall_3mx20cm_Conference_Door,1.41,0.38,-2.27
51.413,1,Wall_3mx20cm_Conference_Door,1.41,0.38,-2.27
51.441,1,Wall_3mx20cm_Conference_Door,1.41,0.38,-2.27
51.468,1,Wall_3mx20cm_Conference_Door,1.41,0.38,-2.28
51.510,1,Wall_3mx20cm_Conference_Door,1.41,0.39,-2.28
51.538,1,Timer,1.41,0.39,-2.29
51.580,1,Timer,1.43,0.39,-2.28
51.607,1,Timer,1.45,0.39,-2.28
51.636,1,Timer,1.47,0.39,-2.27
51.678,1,Timer,1.47,0.40,-2.26
51.705,1,Timer,1.47,0.40,-2.25
51.733,1,Timer,1.47,0.41,-2.24
51.774,1,Timer,1.47,0.42,-2.23
51.803,1,Timer,1.47,0.42,-2.23
51.844,1,Timer,1.47,0.43,-2.22
51.872,1,Timer,1.47,0.43,-2.22
51.900,1,Timer,1.47,0.44,-2.22
51.942,1,Timer,1.47,0.44,-2.22
51.970,1,Timer,1.47,0.44,-2.22
52.012,1,Timer,1.47,0.44,-2.22
52.039,1,Timer,1.47,0.45,-2.22
52.067,1,Timer,1.47,0.44,-2.22
52.109,1,Timer,1.47,0.44,-2.22
52.137,1,Timer,1.47,0.44,-2.22
52.179,1,Timer,1.47,0.43,-2.22
52.206,1,Timer,1.47,0.43,-2.22
52.234,1,Timer,1.47,0.44,-2.22
52.276,1,Timer,1.47,0.44,-2.23
52.304,1,Timer,1.47,0.44,-2.22
52.346,1,Timer,1.47,0.44,-2.22
52.373,1,Timer,1.47,0.43,-2.22
52.401,1,Timer,1.47,0.43,-2.21
52.443,1,Timer,1.47,0.43,-2.21
52.471,1,Timer,1.47,0.43,-2.21
52.513,1,Timer,1.47,0.43,-2.21
52.541,1,Timer,1.47,0.43,-2.21
52.569,1,Timer,1.47,0.43,-2.21
52.610,1,Timer,1.47,0.42,-2.21
52.638,1,Timer,1.47,0.42,-2.20
52.680,1,Timer,1.47,0.42,-2.20
52.708,1,Timer,1.47,0.42,-2.21
52.736,1,Timer,1.47,0.43,-2.21
52.777,1,Timer,1.47,0.43,-2.20
52.805,1,Timer,1.47,0.44,-2.21
52.833,1,Timer,1.47,0.44,-2.20
52.875,1,Timer,1.47,0.44,-2.21
52.902,1,Timer,1.47,0.43,-2.21
52.944,1,Timer,1.47,0.43,-2.20
52.972,1,Timer,1.47,0.43,-2.20
53.000,1,Timer,1.47,0.43,-2.20
53.042,1,Timer,1.47,0.43,-2.20
53.070,1,Timer,1.47,0.43,-2.19
53.111,1,Timer,1.47,0.44,-2.19
53.139,1,Timer,1.47,0.44,-2.19
53.167,1,Timer,1.47,0.43,-2.19
53.209,1,Timer,1.47,0.44,-2.19
53.236,1,Timer,1.47,0.44,-2.19
53.279,1,Timer,1.47,0.44,-2.19
53.306,1,Timer,1.47,0.44,-2.19
53.334,1,Timer,1.47,0.44,-2.19
53.376,1,Timer,1.47,0.43,-2.18
53.403,1,Timer,1.47,0.43,-2.18
53.446,1,Timer,1.47,0.43,-2.19
53.473,1,Timer,1.47,0.43,-2.19
53.501,1,Timer,1.47,0.43,-2.19
53.543,1,Timer,1.47,0.44,-2.19
53.570,1,Timer,1.47,0.44,-2.19
53.612,1,Timer,1.47,0.44,-2.19
53.640,1,Timer,1.47,0.44,-2.19
53.668,1,Timer,1.47,0.44,-2.19
53.710,1,Timer,1.47,0.42,-2.18
53.738,1,Timer,1.47,0.42,-2.18
53.780,1,Timer,1.47,0.42,-2.18
53.807,1,Timer,1.47,0.42,-2.18
53.835,1,Timer,1.47,0.42,-2.19
53.877,1,Timer,1.47,0.43,-2.19
53.905,1,Timer,1.47,0.44,-2.19
53.947,1,Timer,1.47,0.44,-2.19
53.975,1,Timer,1.47,0.43,-2.19
54.002,1,Timer,1.47,0.43,-2.19
54.044,1,Timer,1.47,0.43,-2.19
54.072,1,Timer,1.47,0.43,-2.19
54.100,1,Timer,1.47,0.43,-2.19
54.142,1,Timer,1.47,0.43,-2.19
54.170,1,Timer,1.47,0.43,-2.19
54.211,1,Timer,1.47,0.42,-2.19
54.239,1,Timer,1.47,0.42,-2.19
54.267,1,Timer,1.47,0.42,-2.18
54.309,1,Timer,1.47,0.42,-2.18
54.336,1,Timer,1.47,0.42,-2.19
54.378,1,Timer,1.47,0.43,-2.19
54.406,1,Timer,1.47,0.44,-2.20
54.434,1,Timer,1.47,0.45,-2.20
54.476,1,Timer,1.47,0.45,-2.20
54.504,1,Timer,1.47,0.46,-2.20
54.544,1,Timer,1.47,0.46,-2.20
54.573,1,Timer,1.47,0.46,-2.20
54.601,1,Timer,1.47,0.46,-2.21
54.643,1,Timer,1.47,0.47,-2.22
54.670,1,Timer,1.47,0.47,-2.22
54.712,1,Timer,1.47,0.47,-2.23
54.740,1,Timer,1.47,0.47,-2.24
54.769,1,Timer,1.47,0.46,-2.24
54.810,1,Timer,1.47,0.45,-2.24
54.837,1,Timer,1.47,0.45,-2.24
54.880,1,Timer,1.47,0.49,-2.24
54.907,1,Timer,1.47,0.51,-2.24
54.935,1,Timer,1.47,0.52,-2.25
54.977,1,Timer,1.47,0.51,-2.24
55.005,1,Timer,1.47,0.51,-2.24
55.046,1,Timer,1.47,0.50,-2.22
55.075,1,Timer,1.47,0.49,-2.21
55.103,1,Timer,1.47,0.49,-2.20
55.144,1,Timer,1.47,0.50,-2.19
55.172,1,Timer,1.47,0.51,-2.18
55.213,1,Timer,1.47,0.52,-2.17
55.242,1,Timer,1.47,0.53,-2.17
55.270,1,Timer,1.47,0.53,-2.17
55.311,1,Timer,1.47,0.54,-2.17
55.339,1,Timer,1.47,0.54,-2.17
55.367,1,Timer,1.47,0.54,-2.17
55.409,1,Timer,1.47,0.54,-2.17
55.437,1,Timer,1.47,0.54,-2.17
55.478,1,Timer,1.47,0.55,-2.17
55.506,1,Timer,1.47,0.54,-2.17
55.534,1,Timer,1.47,0.54,-2.17
55.576,1,Timer,1.47,0.55,-2.17
55.604,1,Timer,1.47,0.55,-2.17
55.646,1,Timer,1.47,0.56,-2.16
55.674,1,Timer,1.47,0.57,-2.16
55.701,1,Timer,1.47,0.57,-2.16
55.743,1,Timer,1.47,0.58,-2.14
55.771,1,Timer,1.47,0.57,-2.13
55.812,1,Timer,1.47,0.57,-2.11
55.840,1,Timer,1.47,0.57,-2.11
55.868,1,Timer,1.47,0.58,-2.11
55.910,1,Timer,1.47,0.60,-2.11
55.938,1,Timer,1.47,0.60,-2.11
55.980,1,Timer,1.47,0.60,-2.10
56.008,1,Timer,1.47,0.59,-2.10
56.036,1,Timer,1.47,0.59,-2.10
56.077,1,Timer,1.47,0.59,-2.10
56.104,1,Timer,1.47,0.60,-2.10
56.147,1,Timer,1.47,0.59,-2.10
56.175,1,Timer,1.47,0.58,-2.10
56.202,1,Timer,1.47,0.58,-2.09
56.247,1,Timer,1.47,0.57,-2.08
56.275,1,Timer,1.47,0.57,-2.08
56.303,1,Timer,1.47,0.57,-2.08
56.344,1,Timer,1.47,0.59,-2.07
56.372,1,Timer,1.47,0.62,-2.07
56.415,1,Timer,1.47,0.61,-2.05
56.444,1,Timer,1.47,0.62,-2.05
56.473,1,Timer,1.47,0.62,-2.05
56.503,1,Timer,1.47,0.61,-2.05
56.545,1,Timer,1.47,0.62,-2.04
56.574,1,Timer,1.47,0.61,-2.05
56.603,1,Timer,1.47,0.59,-2.04
56.646,1,Timer,1.47,0.58,-2.05
56.673,1,Timer,1.47,0.57,-2.05
56.702,1,Timer,1.47,0.57,-2.06
56.744,1,Timer,1.47,0.57,-2.06
56.772,1,Timer,1.47,0.57,-2.07
56.801,1,Timer,1.47,0.57,-2.07
56.841,1,Timer,1.47,0.56,-2.07
56.869,1,Timer,1.47,0.56,-2.07
56.911,1,Timer,1.47,0.58,-2.07
56.939,1,Timer,1.47,0.57,-2.07
56.967,1,Timer,1.47,0.55,-2.07
57.009,1,Timer,1.47,0.54,-2.07
57.037,1,Timer,1.47,0.54,-2.07
57.079,1,Timer,1.47,0.54,-2.07
57.107,1,Timer,1.47,0.54,-2.07
57.134,1,Timer,1.47,0.54,-2.07
57.177,1,Timer,1.47,0.53,-2.07
57.204,1,Timer,1.47,0.53,-2.07
57.246,1,Timer,1.47,0.52,-2.06
57.274,1,Timer,1.47,0.52,-2.06
57.302,1,Timer,1.47,0.52,-2.05
57.343,1,Timer,1.47,0.51,-2.05
57.371,1,Timer,1.47,0.51,-2.04
57.413,1,Timer,1.47,0.52,-2.04
57.441,1,Timer,1.47,0.52,-2.03
57.469,1,Timer,1.47,0.51,-2.03
57.511,1,Timer,1.47,0.52,-2.02
57.539,1,Timer,1.47,0.52,-2.02
57.567,1,Timer,1.47,0.51,-2.02
57.608,1,Timer,1.47,0.50,-2.02
57.636,1,Timer,1.47,0.51,-2.02
57.678,1,Timer,1.47,0.50,-2.01
57.706,1,Timer,1.47,0.50,-2.00
57.733,1,Timer,1.47,0.51,-1.99
57.775,1,Timer,1.47,0.51,-1.99
57.803,1,Timer,1.47,0.51,-2.00
57.844,1,Timer,1.47,0.52,-2.00
57.873,1,Timer,1.47,0.52,-2.00
57.900,1,Timer,1.47,0.52,-2.00
57.942,1,Timer,1.47,0.52,-2.01
57.970,1,Timer,1.47,0.52,-2.01
58.012,1,Timer,1.47,0.52,-2.01
58.039,1,Timer,1.47,0.52,-2.01
58.067,1,Timer,1.47,0.52,-2.01
58.109,1,Timer,1.47,0.52,-2.01
58.137,1,Timer,1.47,0.52,-2.01
58.179,1,Timer,1.47,0.52,-2.00
58.206,1,Timer,1.47,0.52,-2.00
58.234,1,Timer,1.47,0.52,-1.99
58.276,1,Timer,1.47,0.51,-1.99
58.304,1,Timer,1.47,0.51,-1.99
58.346,1,Timer,1.47,0.51,-1.98
58.374,1,Timer,1.47,0.50,-1.97
58.402,1,Timer,1.47,0.50,-1.96
58.443,1,Timer,1.47,0.50,-1.95
58.471,1,Timer,1.47,0.50,-1.95
58.514,1,Timer,1.47,0.51,-1.94
58.541,1,Timer,1.47,0.51,-1.94
58.569,1,Timer,1.47,0.50,-1.94
58.611,1,Timer,1.47,0.50,-1.93
58.638,1,Timer,1.47,0.51,-1.93
58.667,1,Timer,1.47,0.50,-1.93
58.708,1,Timer,1.47,0.51,-1.93
58.736,1,Timer,1.47,0.52,-1.93
58.777,1,Timer,1.47,0.52,-1.92
58.805,1,Timer,1.47,0.52,-1.92
58.833,1,Timer,1.47,0.52,-1.92
58.876,1,Timer,1.47,0.52,-1.92
58.903,1,Timer,1.47,0.52,-1.92
58.945,1,Timer,1.47,0.52,-1.91
58.972,1,Timer,1.47,0.53,-1.91
59.000,1,Timer,1.47,0.53,-1.91
59.042,1,Timer,1.47,0.53,-1.91
59.070,1,Timer,1.47,0.53,-1.90
59.112,1,Timer,1.47,0.53,-1.90
59.139,1,Timer,1.47,0.54,-1.90
59.168,1,Timer,1.47,0.54,-1.91
59.209,1,Timer,1.47,0.54,-1.91
59.237,1,Timer,1.47,0.55,-1.91
59.279,1,Timer,1.47,0.56,-1.91
59.306,1,Timer,1.47,0.57,-1.92
59.335,1,Timer,1.47,0.58,-1.92
59.376,1,Timer,1.47,0.58,-1.94
59.405,1,Timer,1.47,0.58,-1.95
59.446,1,Timer,1.47,0.58,-1.96
59.473,1,Timer,1.47,0.59,-1.96
59.501,1,Timer,1.47,0.57,-1.97
59.543,1,Timer,1.47,0.58,-1.98
59.571,1,Timer,1.47,0.57,-1.97
59.614,1,Timer,1.47,0.58,-1.98
59.640,1,Timer,1.47,0.58,-1.98
59.668,1,Timer,1.47,0.58,-1.98
59.710,1,Timer,1.47,0.59,-1.97
59.738,1,Timer,1.47,0.60,-1.96
59.780,1,Timer,1.47,0.61,-1.94
59.807,1,Timer,1.47,0.62,-1.93
59.835,1,Timer,1.47,0.62,-1.91
59.877,1,Timer,1.47,0.62,-1.89
59.905,1,Timer,1.47,0.62,-1.88
59.933,1,Timer,1.47,0.62,-1.86
59.974,1,Timer,1.47,0.60,-1.84
60.002,1,Timer,1.47,0.59,-1.82
60.044,1,Timer,1.47,0.59,-1.80
60.073,1,Timer,1.47,0.60,-1.79
60.100,1,Timer,1.47,0.61,-1.79
60.142,1,Timer,1.47,0.60,-1.78
60.169,1,Timer,1.47,0.59,-1.78
60.211,1,Timer,1.47,0.61,-1.79
60.239,1,Timer,1.47,0.61,-1.79
60.267,1,Timer,1.47,0.60,-1.80
60.309,1,Timer,1.47,0.58,-1.79
60.336,1,Timer,1.47,0.56,-1.79
60.378,1,Timer,1.47,0.60,-1.80
60.406,1,Timer,1.47,0.61,-1.81
60.434,1,Timer,1.47,0.62,-1.83
60.476,1,Timer,1.47,0.65,-1.85
60.503,1,Timer,1.47,0.65,-1.85
60.545,1,Timer,1.47,0.66,-1.85
60.573,1,Timer,1.47,0.66,-1.84
60.601,1,Timer,1.47,0.66,-1.83
60.643,1,Timer,1.47,0.67,-1.82
60.671,1,Timer,1.47,0.69,-1.81
60.712,1,Timer,1.47,0.69,-1.82
60.741,1,Timer,1.47,0.70,-1.83
60.768,1,Timer,1.47,0.71,-1.83
60.810,1,Timer,1.47,0.70,-1.84
60.838,1,Timer,1.47,0.68,-1.84
60.880,1,Timer,1.47,0.67,-1.83
60.908,1,Timer,1.47,0.69,-1.83
60.935,1,Timer,1.47,0.67,-1.82
60.977,1,Timer,1.47,0.63,-1.81
61.004,1,Timer,1.47,0.64,-1.81
61.033,1,Timer,1.47,0.66,-1.81
61.074,1,Timer,1.47,0.63,-1.80
61.102,1,Timer,1.47,0.63,-1.81
61.144,1,Timer,1.47,0.66,-1.81
61.172,1,Timer,1.47,0.66,-1.82
61.200,1,Timer,1.47,0.66,-1.82
61.242,1,Timer,1.47,0.67,-1.82
61.269,1,Timer,1.47,0.68,-1.83
61.311,1,Timer,1.47,0.67,-1.83
61.339,1,Timer,1.47,0.67,-1.83
61.367,1,Timer,1.47,0.68,-1.83
61.409,1,Timer,1.47,0.67,-1.82
61.437,1,Timer,1.47,0.68,-1.81
61.479,1,Timer,1.47,0.69,-1.81
61.506,1,Timer,1.47,0.70,-1.81
61.534,1,Timer,1.47,0.72,-1.81
61.576,1,Timer,1.47,0.72,-1.80
61.604,1,Timer,1.47,0.73,-1.80
61.645,1,Timer,1.47,0.75,-1.79
61.674,1,Timer,1.47,0.78,-1.77
61.701,1,Timer,1.47,0.81,-1.76
61.743,1,Timer,1.47,0.81,-1.75
61.771,1,Timer,1.47,0.79,-1.74
61.814,1,Timer,1.47,0.75,-1.75
61.841,1,Timer,1.47,0.73,-1.75
61.868,1,Timer,1.47,0.72,-1.75
61.910,1,Timer,1.47,0.71,-1.76
61.938,1,Timer,1.47,0.70,-1.76
61.979,1,Timer,1.47,0.70,-1.75
62.007,1,Timer,1.47,0.73,-1.75
62.036,1,Timer,1.47,0.75,-1.74
62.077,1,Timer,1.47,0.77,-1.73
62.105,1,Timer,1.47,0.77,-1.72
62.133,1,Wall_3mx20cm_Conference_Door,1.41,0.80,-1.71
62.175,1,Wall_3mx20cm_Conference_Door,1.41,0.82,-1.70
62.203,1,Wall_3mx20cm_Conference_Door,1.41,0.82,-1.69
62.245,1,Wall_3mx20cm_Conference_Door,1.41,0.83,-1.68
62.272,1,Wall_3mx20cm_Conference_Door,1.41,0.82,-1.68
62.300,1,Wall_3mx20cm_Conference_Door,1.41,0.82,-1.67
62.342,1,Wall_3mx20cm_Conference_Door,1.41,0.82,-1.67
62.370,1,Wall_3mx20cm_Conference_Door,1.41,0.83,-1.67
62.411,1,Wall_3mx20cm_Conference_Door,1.41,0.84,-1.67
62.439,1,Wall_3mx20cm_Conference_Door,1.41,0.85,-1.68
62.467,1,Wall_3mx20cm_Conference_Door,1.41,0.85,-1.68
62.509,1,Wall_3mx20cm_Conference_Door,1.41,0.86,-1.67
62.537,1,Wall_3mx20cm_Conference_Door,1.41,0.86,-1.67
62.579,1,Wall_3mx20cm_Conference_Door,1.41,0.85,-1.66
62.606,1,Wall_3mx20cm_Conference_Door,1.41,0.85,-1.65
62.634,1,Wall_3mx20cm_Conference_Door,1.41,0.85,-1.65
62.676,1,Wall_3mx20cm_Conference_Door,1.41,0.85,-1.64
62.703,1,Wall_3mx20cm_Conference_Door,1.41,0.85,-1.65
62.745,1,Wall_3mx20cm_Conference_Door,1.41,0.85,-1.65
62.773,1,Wall_3mx20cm_Conference_Door,1.41,0.84,-1.65
62.801,1,Wall_3mx20cm_Conference_Door,1.41,0.83,-1.66
62.843,1,Wall_3mx20cm_Conference_Door,1.41,0.83,-1.67
62.871,1,Wall_3mx20cm_Conference_Door,1.41,0.83,-1.67
62.912,1,Wall_3mx20cm_Conference_Door,1.41,0.84,-1.67
62.940,1,Wall_3mx20cm_Conference_Door,1.41,0.84,-1.67
62.969,1,Wall_3mx20cm_Conference_Door,1.41,0.85,-1.67
63.010,1,Wall_3mx20cm_Conference_Door,1.41,0.84,-1.67
63.038,1,Wall_3mx20cm_Conference_Door,1.41,0.84,-1.67
63.079,1,Wall_3mx20cm_Conference_Door,1.41,0.86,-1.67
63.107,1,Wall_3mx20cm_Conference_Door,1.41,0.85,-1.67
63.136,1,Wall_3mx20cm_Conference_Door,1.41,0.85,-1.68
63.177,1,Wall_3mx20cm_Conference_Door,1.41,0.85,-1.68
63.204,1,Wall_3mx20cm_Conference_Door,1.41,0.86,-1.68
63.246,1,Wall_3mx20cm_Conference_Door,1.41,0.86,-1.68
63.275,1,Wall_3mx20cm_Conference_Door,1.41,0.86,-1.68
63.302,1,Wall_3mx20cm_Conference_Door,1.41,0.83,-1.68
63.344,1,Wall_3mx20cm_Conference_Door,1.41,0.83,-1.67
63.372,1,Wall_3mx20cm_Conference_Door,1.41,0.83,-1.67
63.400,1,Wall_3mx20cm_Conference_Door,1.41,0.83,-1.67
63.442,1,Wall_3mx20cm_Conference_Door,1.41,0.85,-1.68
63.469,1,Wall_3mx20cm_Conference_Door,1.41,0.85,-1.69
63.511,1,Wall_3mx20cm_Conference_Door,1.41,0.85,-1.69
63.539,1,Wall_3mx20cm_Conference_Door,1.41,0.87,-1.70
63.567,1,Wall_3mx20cm_Conference_Door,1.41,0.86,-1.69
63.609,1,Wall_3mx20cm_Conference_Door,1.41,0.86,-1.69
63.636,1,Wall_3mx20cm_Conference_Door,1.41,0.87,-1.69
63.678,1,Wall_3mx20cm_Conference_Door,1.41,0.86,-1.69
63.706,1,Wall_3mx20cm_Conference_Door,1.41,0.87,-1.69
63.734,1,Wall_3mx20cm_Conference_Door,1.41,0.88,-1.69
63.776,1,Wall_3mx20cm_Conference_Door,1.41,0.88,-1.69
63.804,1,Wall_3mx20cm_Conference_Door,1.41,0.89,-1.69
63.845,1,Wall_3mx20cm_Conference_Door,1.41,0.87,-1.69
63.873,1,Wall_3mx20cm_Conference_Door,1.41,0.86,-1.70
63.901,1,Wall_3mx20cm_Conference_Door,1.41,0.86,-1.70
63.942,1,Wall_3mx20cm_Conference_Door,1.41,0.87,-1.71
63.970,1,Wall_3mx20cm_Conference_Door,1.41,0.87,-1.71
64.013,1,Wall_3mx20cm_Conference_Door,1.41,0.88,-1.71
64.039,1,Wall_3mx20cm_Conference_Door,1.41,0.89,-1.71
64.068,1,Wall_3mx20cm_Conference_Door,1.41,0.88,-1.70
64.110,1,Wall_3mx20cm_Conference_Door,1.41,0.86,-1.70
64.138,1,Wall_3mx20cm_Conference_Door,1.41,0.85,-1.70
64.179,1,Wall_3mx20cm_Conference_Door,1.41,0.86,-1.69
64.207,1,Wall_3mx20cm_Conference_Door,1.41,0.87,-1.69
64.235,1,Wall_3mx20cm_Conference_Door,1.41,0.87,-1.70
64.277,1,Wall_3mx20cm_Conference_Door,1.41,0.87,-1.70
64.305,1,Wall_3mx20cm_Conference_Door,1.41,0.87,-1.70
64.346,1,Wall_3mx20cm_Conference_Door,1.41,0.87,-1.70
64.374,1,Wall_3mx20cm_Conference_Door,1.41,0.87,-1.69
64.403,1,Wall_3mx20cm_Conference_Door,1.41,0.87,-1.69
64.444,1,Wall_3mx20cm_Conference_Door,1.41,0.87,-1.68
64.472,1,Wall_3mx20cm_Conference_Door,1.41,0.87,-1.68
64.499,1,Wall_3mx20cm_Conference_Door,1.41,0.87,-1.68
64.541,1,Wall_3mx20cm_Conference_Door,1.41,0.87,-1.68
64.569,1,Wall_3mx20cm_Conference_Door,1.41,0.87,-1.68
64.612,1,Wall_3mx20cm_Conference_Door,1.41,0.88,-1.67
64.639,1,Wall_3mx20cm_Conference_Door,1.41,0.89,-1.67
64.667,1,Wall_3mx20cm_Conference_Door,1.41,0.91,-1.67
64.709,1,Wall_3mx20cm_Conference_Door,1.41,0.91,-1.66
64.736,1,Wall_3mx20cm_Conference_Door,1.41,0.91,-1.66
64.778,1,Wall_3mx20cm_Conference_Door,1.41,0.90,-1.66
64.806,1,Wall_3mx20cm_Conference_Door,1.41,0.89,-1.66
64.833,1,Wall_3mx20cm_Conference_Door,1.41,0.88,-1.66
64.875,1,Wall_3mx20cm_Conference_Door,1.41,0.88,-1.67
64.903,1,Wall_3mx20cm_Conference_Door,1.41,0.87,-1.67
64.945,1,Wall_3mx20cm_Conference_Door,1.41,0.86,-1.67
64.973,1,Wall_3mx20cm_Conference_Door,1.41,0.89,-1.67
65.001,1,Wall_3mx20cm_Conference_Door,1.41,0.91,-1.68
65.042,1,Wall_3mx20cm_Conference_Door,1.41,0.87,-1.67
65.070,1,Wall_3mx20cm_Conference_Door,1.41,0.83,-1.65
65.112,1,Wall_3mx20cm_Conference_Door,1.41,0.81,-1.65
65.140,1,Wall_3mx20cm_Conference_Door,1.41,0.81,-1.64
65.167,1,Wall_3mx20cm_Conference_Door,1.41,0.84,-1.66
65.209,1,Wall_3mx20cm_Conference_Door,1.41,0.86,-1.68
65.237,1,Wall_3mx20cm_Conference_Door,1.41,0.88,-1.68
65.279,1,Wall_3mx20cm_Conference_Door,1.41,0.90,-1.70
65.307,1,Wall_3mx20cm_Conference_Door,1.41,0.91,-1.70
65.334,1,Wall_3mx20cm_Conference_Door,1.41,0.91,-1.70
65.376,1,Wall_3mx20cm_Conference_Door,1.41,0.90,-1.71
65.404,1,Wall_3mx20cm_Conference_Door,1.41,0.88,-1.71
65.447,1,Wall_3mx20cm_Conference_Door,1.41,0.85,-1.71
65.474,1,Wall_3mx20cm_Conference_Door,1.41,0.84,-1.71
65.502,1,Wall_3mx20cm_Conference_Door,1.41,0.84,-1.71
65.543,1,Wall_3mx20cm_Conference_Door,1.41,0.84,-1.70
65.571,1,Wall_3mx20cm_Conference_Door,1.41,0.85,-1.70
65.613,1,Wall_3mx20cm_Conference_Door,1.41,0.87,-1.70
65.641,1,Wall_3mx20cm_Conference_Door,1.41,0.88,-1.70
65.669,1,Wall_3mx20cm_Conference_Door,1.41,0.87,-1.70
65.710,1,Wall_3mx20cm_Conference_Door,1.41,0.87,-1.70
65.738,1,Wall_3mx20cm_Conference_Door,1.41,0.86,-1.70
65.766,1,Wall_3mx20cm_Conference_Door,1.41,0.86,-1.70
65.808,1,Wall_3mx20cm_Conference_Door,1.41,0.85,-1.70
65.836,1,Timer,1.47,0.84,-1.90
65.878,1,Timer,1.47,0.82,-1.91
65.905,1,Timer,1.47,0.83,-1.91
65.933,1,Timer,1.47,0.83,-1.91
65.975,1,Timer,1.47,0.82,-1.92
66.003,1,Timer,1.47,0.83,-1.93
66.045,1,Timer,1.47,0.84,-1.94
66.072,1,Timer,1.47,0.83,-1.94
66.101,1,Timer,1.47,0.83,-1.94
66.142,1,Timer,1.47,0.80,-1.93
66.169,1,Timer,1.47,0.80,-1.92
66.212,1,Timer,1.47,0.81,-1.93
66.239,1,Timer,1.47,0.81,-1.93
66.267,1,Timer,1.47,0.80,-1.94
66.309,1,Timer,1.47,0.76,-1.95
66.337,1,Timer,1.47,0.76,-1.96
66.379,1,Timer,1.47,0.75,-1.96
66.406,1,Timer,1.47,0.74,-1.95
66.434,1,Timer,1.47,0.75,-1.95
66.476,1,Timer,1.47,0.79,-1.94
66.504,1,Timer,1.47,0.79,-1.94
66.545,1,Timer,1.47,0.79,-1.93
66.573,1,Timer,1.47,0.78,-1.93
66.602,1,Timer,1.47,0.79,-1.93
66.643,1,Timer,1.47,0.78,-1.93
66.671,1,Timer,1.47,0.76,-1.93
66.712,1,Timer,1.47,0.76,-1.93
66.740,1,Timer,1.47,0.76,-1.92
66.769,1,Timer,1.47,0.76,-1.91
66.810,1,Timer,1.47,0.75,-1.92
66.838,1,Timer,1.47,0.76,-1.93
66.880,1,Timer,1.47,0.77,-1.94
66.908,1,Timer,1.47,0.78,-1.95
66.936,1,Timer,1.47,0.79,-1.94
66.978,1,Timer,1.47,0.80,-1.94
67.005,1,Timer,1.47,0.79,-1.93
67.033,1,Timer,1.47,0.79,-1.91
67.074,1,Timer,1.47,0.84,-1.88
67.102,1,Timer,1.47,0.88,-1.86
67.144,1,Timer,1.47,0.93,-1.80
67.172,1,Timer,1.47,0.98,-1.75
67.200,1,Wall_3mx20cm_Conference_Door,1.41,1.04,-1.70
67.242,1,Wall_3mx20cm_Conference_Door,1.41,1.06,-1.60
67.270,1,Wall_3mx20cm_Conference_Door,1.41,1.08,-1.51
67.311,1,Wall_3mx20cm_Conference_Door,1.41,1.11,-1.38
67.339,1,Wall_3mx20cm_Conference_Door,1.41,1.11,-1.29
67.368,1,Wall_3mx20cm_Conference_Door,1.41,1.12,-1.19
67.409,1,Wall_3mx20cm_Door (1),1.41,1.15,-1.04
67.437,1,Wall_3mx20cm_Door (1),1.41,1.17,-0.94
67.479,1,Wall_3mx20cm_Door (1),1.41,1.15,-0.79
67.507,1,Wall_3mx20cm_Door (1),1.41,1.15,-0.69
67.534,1,Wall_3mx20cm_Door (1),1.41,1.16,-0.60
67.576,1,Wall_3mx20cm_Door (1),1.41,1.19,-0.45
67.603,1,Wall_3mx20cm_Door (1),1.41,1.22,-0.34
67.645,1,Wall_3mx20cm_Wood_Panels (2),1.83,1.08,-0.31
67.673,1,Wall_3mx20cm_Wood_Panels (2),2.08,0.98,-0.31
67.701,1,Wall_3mx20cm_Wood_Panels (2),2.28,0.89,-0.31
67.743,1,Wall_3mx20cm_Wood_Panels (2),2.49,0.80,-0.31
67.771,1,Wall_3mx20cm_Wood_Panels (2),2.59,0.76,-0.31
67.812,1,Wall_3mx20cm_Wood_Panels (2),2.74,0.71,-0.31
67.841,1,Wall_3mx20cm_Wood_Panels (2),2.80,0.70,-0.31
67.869,1,Wall_3mx20cm_Wood_Panels (2),2.86,0.68,-0.31
67.909,1,Wall_3mx20cm_Wood_Panels (2),2.93,0.65,-0.31
67.938,1,Wall_3mx20cm_Wood_Panels (2),2.96,0.64,-0.31
67.979,1,Wall_3mx20cm_Wood_Panels (2),3.00,0.61,-0.31
68.007,1,Wall_3mx20cm_Wood_Panels (2),3.02,0.60,-0.31
68.035,1,Wall_3mx20cm_Wood_Panels (2),3.03,0.59,-0.31
68.076,1,Wall_3mx20cm_Wood_Panels (2),3.04,0.59,-0.31
68.104,1,Wall_3mx20cm_Wood_Panels (2),3.03,0.59,-0.31
68.146,1,Wall_3mx20cm_Wood_Panels (2),3.02,0.59,-0.31
68.175,1,Wall_3mx20cm_Wood_Panels (2),3.01,0.60,-0.31
68.202,1,Wall_3mx20cm_Wood_Panels (2),3.00,0.61,-0.31
68.244,1,Wall_3mx20cm_Wood_Panels (2),2.98,0.63,-0.31
68.271,1,Wall_3mx20cm_Wood_Panels (2),2.96,0.64,-0.31
68.299,1,Wall_3mx20cm_Wood_Panels (2),2.95,0.65,-0.31
68.341,1,Wall_3mx20cm_Wood_Panels (2),2.93,0.65,-0.31
68.369,1,Wall_3mx20cm_Wood_Panels (2),2.93,0.66,-0.31
68.411,1,Wall_3mx20cm_Wood_Panels (2),2.92,0.69,-0.31
68.439,1,Wall_3mx20cm_Wood_Panels (2),2.92,0.72,-0.31
68.467,1,Wall_3mx20cm_Wood_Panels (2),2.94,0.80,-0.31
68.508,1,Wall_3mx20cm_Wood_Panels (2),2.97,0.98,-0.31
68.536,1,Wall_3mx20cm_Wood_Panels (2),3.01,1.17,-0.31
68.578,1,Wall_3mx20cm_Wood_Panels (2),3.10,1.46,-0.31
68.606,1,Ceiling_log_3m (22),3.36,1.50,-0.39
68.634,1,Ceiling_log_3m (22),3.45,1.63,-0.40
68.675,1,Ceiling_3x3m (9),3.67,1.70,-0.45
68.703,1,Ceiling_3x3m (9),3.80,1.70,-0.50
68.746,1,Ceiling_3x3m (9),3.91,1.70,-0.52
68.773,1,Ceiling_3x3m (9),3.96,1.70,-0.54
68.800,1,Ceiling_3x3m (9),3.98,1.70,-0.54
68.843,1,Ceiling_3x3m (9),3.99,1.70,-0.54
68.870,1,Ceiling_3x3m (9),4.01,1.70,-0.54
68.912,1,Ceiling_3x3m (9),4.02,1.70,-0.54
68.939,1,Ceiling_3x3m (9),4.01,1.70,-0.54
68.968,1,Ceiling_3x3m (9),4.01,1.70,-0.54
69.010,1,Ceiling_3x3m (9),4.00,1.70,-0.54
69.037,1,Ceiling_3x3m (9),3.99,1.70,-0.53
69.079,1,Ceiling_3x3m (9),3.94,1.70,-0.52
69.107,1,Ceiling_3x3m (9),3.92,1.70,-0.51
69.135,1,Ceiling_3x3m (9),3.92,1.70,-0.51
69.177,1,Ceiling_3x3m (9),3.90,1.70,-0.50
69.204,1,Ceiling_3x3m (9),3.88,1.70,-0.49
69.246,1,Ceiling_3x3m (9),3.82,1.70,-0.46
69.274,1,Ceiling_3x3m (9),3.80,1.70,-0.45
69.302,1,Ceiling_3x3m (9),3.79,1.70,-0.44
69.344,1,Ceiling_3x3m (9),3.77,1.70,-0.42
69.372,1,Ceiling_3x3m (9),3.74,1.70,-0.40
69.414,1,Ceiling_3x3m (9),3.79,1.70,-0.42
69.441,1,Ceiling_3x3m (9),3.80,1.70,-0.43
69.469,1,Ceiling_3x3m (9),3.80,1.70,-0.43
69.510,1,Ceiling_3x3m (9),3.81,1.70,-0.45
69.539,1,Ceiling_3x3m (9),3.79,1.70,-0.44
69.566,1,Ceiling_3x3m (9),3.77,1.70,-0.43
69.608,1,Ceiling_3x3m (9),3.73,1.70,-0.41
69.636,1,Ceiling_3x3m (9),3.70,1.70,-0.39
69.678,1,Ceiling_3x3m (9),3.67,1.70,-0.36
69.706,1,Ceiling_3x3m (9),3.66,1.70,-0.35
69.734,1,Ceiling_3x3m (9),3.66,1.70,-0.35
69.776,1,Ceiling_3x3m (9),3.64,1.70,-0.34
69.803,1,Ceiling_3x3m (9),3.63,1.70,-0.33
69.845,1,Ceiling_3x3m (9),3.62,1.70,-0.33
69.873,1,Ceiling_3x3m (9),3.61,1.70,-0.32
69.901,1,Wall_3mx20cm_Wood_Panels (2),3.61,1.69,-0.31
69.943,1,Wall_3mx20cm_Wood_Panels (2),3.62,1.69,-0.31
69.970,1,Wall_3mx20cm_Wood_Panels (2),3.63,1.70,-0.31
70.012,1,Wall_3mx20cm_Wood_Panels (2),3.62,1.66,-0.31
70.040,1,Wall_3mx20cm_Wood_Panels (2),3.62,1.65,-0.31
70.068,1,Wall_3mx20cm_Wood_Panels (2),3.62,1.66,-0.31
70.110,1,Wall_3mx20cm_Wood_Panels (2),3.62,1.66,-0.31
70.137,1,Wall_3mx20cm_Wood_Panels (2),3.62,1.66,-0.31
70.179,1,Wall_3mx20cm_Wood_Panels (2),3.63,1.65,-0.31
70.207,1,Wall_3mx20cm_Wood_Panels (2),3.64,1.60,-0.31
70.235,1,Wall_3mx20cm_Wood_Panels (2),3.65,1.57,-0.31
70.276,1,Wall_3mx20cm_Wood_Panels (2),3.66,1.54,-0.31
70.304,1,Wall_3mx20cm_Wood_Panels (2),3.66,1.52,-0.31
70.333,1,Wall_3mx20cm_Wood_Panels (2),3.65,1.48,-0.31
70.374,1,Wall_3mx20cm_Wood_Panels (2),3.56,1.39,-0.31
70.401,1,Wall_3mx20cm_Wood_Panels (2),3.52,1.35,-0.31
70.443,1,Wall_3mx20cm_Wood_Panels (2),3.46,1.34,-0.31
70.471,1,Wall_3mx20cm_Wood_Panels (2),3.40,1.36,-0.31
70.513,1,Wall_3mx20cm_Wood_Panels (2),3.31,1.42,-0.31
70.541,1,Wall_3mx20cm_Wood_Panels (2),3.23,1.49,-0.31
70.569,1,Wall_3mx20cm_Wood_Panels (2),3.12,1.59,-0.31
70.611,1,Ceiling_3x3m (7),2.91,1.70,-0.33
70.639,1,Ceiling_3x3m (7),2.78,1.70,-0.37
70.666,1,Ceiling_3x3m (7),2.60,1.70,-0.38
70.708,1,Ceiling_log_3m (21),2.46,1.61,-0.47
70.736,1,Ceiling_log_3m (21),2.46,1.52,-0.56
70.778,1,Ceiling_3x3m (7),1.80,1.70,-0.51
70.806,1,Ceiling_3x3m (7),1.62,1.70,-0.55
70.834,1,Ceiling_log_3m (20),1.52,1.67,-0.61
70.875,1,Ceiling_log_3m (20),1.52,1.57,-0.73
70.903,1,Ceiling_log_3m (20),1.52,1.50,-0.80
70.945,1,Wall_3mx20cm_Door (1),1.41,1.47,-0.89
70.972,1,Wall_3mx20cm_Door (1),1.41,1.39,-0.96
71.000,1,Wall_3mx20cm_Door (1),1.41,1.36,-1.02
71.042,1,Wall_3mx20cm_Conference_Door,1.41,1.39,-1.10
71.070,1,Wall_3mx20cm_Conference_Door,1.41,1.38,-1.15
71.112,1,Wall_3mx20cm_Conference_Door,1.41,1.41,-1.21
71.140,1,Wall_3mx20cm_Conference_Door,1.41,1.43,-1.26
71.168,1,Wall_3mx20cm_Conference_Door,1.41,1.43,-1.31
71.209,1,Wall_3mx20cm_Conference_Door,1.41,1.40,-1.40
71.236,1,Wall_3mx20cm_Conference_Door,1.41,1.36,-1.45
71.279,1,Wall_3mx20cm_Conference_Door,1.41,1.28,-1.52
71.306,1,Wall_3mx20cm_Conference_Door,1.41,1.25,-1.56
71.335,1,Wall_3mx20cm_Conference_Door,1.41,1.23,-1.59
71.377,1,Wall_3mx20cm_Conference_Door,1.41,1.18,-1.63
71.404,1,Wall_3mx20cm_Conference_Door,1.41,1.16,-1.65
71.446,1,Wall_3mx20cm_Conference_Door,1.41,1.14,-1.68
71.474,1,Wall_3mx20cm_Conference_Door,1.41,1.11,-1.69
71.502,1,Wall_3mx20cm_Conference_Door,1.41,1.10,-1.69
71.544,1,Wall_3mx20cm_Conference_Door,1.41,1.11,-1.70
71.571,1,Wall_3mx20cm_Conference_Door,1.41,1.11,-1.71
71.599,1,Wall_3mx20cm_Conference_Door,1.41,1.15,-1.72
71.640,1,Wall_3mx20cm_Conference_Door,1.41,1.18,-1.72
71.668,1,Wall_3mx20cm_Conference_Door,1.41,1.21,-1.73
71.711,1,Wall_3mx20cm_Conference_Door,1.41,1.24,-1.73
71.739,1,Wall_3mx20cm_Conference_Door,1.41,1.21,-1.72
71.766,1,Wall_3mx20cm_Conference_Door,1.41,1.18,-1.72
71.808,1,Wall_3mx20cm_Conference_Door,1.41,1.16,-1.71
71.836,1,Wall_3mx20cm_Conference_Door,1.41,1.15,-1.70
71.878,1,Wall_3mx20cm_Conference_Door,1.41,1.15,-1.69
71.906,1,Wall_3mx20cm_Conference_Door,1.41,1.14,-1.69
71.933,1,Wall_3mx20cm_Conference_Door,1.41,1.13,-1.69
71.976,1,Wall_3mx20cm_Conference_Door,1.41,1.14,-1.70
72.003,1,Wall_3mx20cm_Conference_Door,1.41,1.12,-1.70
72.045,1,Wall_3mx20cm_Conference_Door,1.41,1.09,-1.71
72.073,1,Wall_3mx20cm_Conference_Door,1.41,1.09,-1.72
72.101,1,Timer,1.47,1.06,-1.73
72.142,1,Timer,1.47,1.07,-1.74
72.170,1,Timer,1.47,1.07,-1.75
72.212,1,Timer,1.47,1.08,-1.76
72.239,1,Wall_3mx20cm_Conference_Door,1.41,1.11,-1.77
72.268,1,Wall_3mx20cm_Conference_Door,1.41,1.11,-1.77
72.310,1,Wall_3mx20cm_Conference_Door,1.41,1.14,-1.77
72.337,1,Wall_3mx20cm_Conference_Door,1.41,1.15,-1.77
72.378,1,Wall_3mx20cm_Conference_Door,1.41,1.17,-1.76
72.407,1,Wall_3mx20cm_Conference_Door,1.41,1.19,-1.75
72.434,1,Wall_3mx20cm_Conference_Door,1.41,1.20,-1.75
72.477,1,Wall_3mx20cm_Conference_Door,1.41,1.21,-1.74
72.504,1,Wall_3mx20cm_Conference_Door,1.41,1.21,-1.73
72.546,1,Wall_3mx20cm_Conference_Door,1.41,1.20,-1.74
72.575,1,Wall_3mx20cm_Conference_Door,1.41,1.23,-1.77
72.601,1,Wall_3mx20cm_Conference_Door,1.41,1.25,-1.80
72.642,1,Wall_3mx20cm_Conference_Door,1.41,1.26,-1.85
72.671,1,Wall_3mx20cm_Conference_Door,1.41,1.27,-1.87
72.712,1,Wall_3mx20cm_Conference_Door,1.41,1.28,-1.87
72.741,1,Wall_3mx20cm_Conference_Door,1.41,1.27,-1.87
72.769,1,Wall_3mx20cm_Conference_Door,1.41,1.26,-1.85
72.810,1,Wall_3mx20cm_Conference_Door,1.41,1.26,-1.80
72.838,1,Wall_3mx20cm_Conference_Door,1.41,1.25,-1.77
72.866,1,Wall_3mx20cm_Conference_Door,1.41,1.19,-1.73
72.908,1,Wall_3mx20cm_Conference_Door,1.41,1.13,-1.67
72.936,1,Wall_3mx20cm_Conference_Door,1.41,1.08,-1.63
72.977,1,Wall_3mx20cm_Conference_Door,1.41,1.00,-1.57
73.005,1,Wall_3mx20cm_Conference_Door,1.41,0.99,-1.54
73.033,1,Wall_3mx20cm_Conference_Door,1.41,0.97,-1.51
73.075,1,Wall_3mx20cm_Conference_Door,1.41,0.99,-1.47
73.103,1,Wall_3mx20cm_Conference_Door,1.41,0.98,-1.44
73.144,1,Wall_3mx20cm_Conference_Door,1.41,0.98,-1.39
73.173,1,Wall_3mx20cm_Conference_Door,1.41,0.98,-1.35
73.200,1,Wall_3mx20cm_Conference_Door,1.41,0.99,-1.33
73.242,1,Wall_3mx20cm_Conference_Door,1.41,1.01,-1.29
73.270,1,Wall_3mx20cm_Conference_Door,1.41,0.99,-1.27
73.312,1,Wall_3mx20cm_Conference_Door,1.41,0.98,-1.25
73.340,1,Wall_3mx20cm_Conference_Door,1.41,0.97,-1.25
73.368,1,Wall_3mx20cm_Conference_Door,1.41,0.97,-1.25
73.409,1,Wall_3mx20cm_Conference_Door,1.41,1.04,-1.28
73.437,1,Wall_3mx20cm_Conference_Door,1.41,1.10,-1.32
73.479,1,Wall_3mx20cm_Conference_Door,1.41,1.14,-1.36
73.507,1,Wall_3mx20cm_Conference_Door,1.41,1.15,-1.37
73.535,1,Wall_3mx20cm_Conference_Door,1.41,1.15,-1.37
73.576,1,Wall_3mx20cm_Conference_Door,1.41,1.09,-1.37
73.604,1,Wall_3mx20cm_Conference_Door,1.41,1.03,-1.36
73.646,1,Wall_3mx20cm_Conference_Door,1.41,1.05,-1.35
73.674,1,Wall_3mx20cm_Conference_Door,1.41,1.05,-1.35
73.702,1,Wall_3mx20cm_Conference_Door,1.41,1.03,-1.35
73.743,1,Wall_3mx20cm_Conference_Door,1.41,1.00,-1.38
73.771,1,Wall_3mx20cm_Conference_Door,1.41,0.96,-1.39
73.813,1,Wall_3mx20cm_Conference_Door,1.41,0.95,-1.42
73.842,1,Wall_3mx20cm_Conference_Door,1.41,0.95,-1.45
73.869,1,Wall_3mx20cm_Conference_Door,1.41,0.99,-1.48
73.910,1,Wall_3mx20cm_Conference_Door,1.41,1.01,-1.52
73.939,1,Wall_3mx20cm_Conference_Door,1.41,1.02,-1.55
73.966,1,Wall_3mx20cm_Conference_Door,1.41,1.03,-1.59
74.009,1,Wall_3mx20cm_Conference_Door,1.41,0.99,-1.63
74.036,1,Wall_3mx20cm_Conference_Door,1.41,0.99,-1.65
74.078,1,Wall_3mx20cm_Conference_Door,1.41,0.97,-1.68
74.105,1,Wall_3mx20cm_Conference_Door,1.41,0.95,-1.70
74.133,1,Wall_3mx20cm_Conference_Door,1.41,0.94,-1.71
74.175,1,Wall_3mx20cm_Conference_Door,1.41,0.95,-1.71
74.203,1,Wall_3mx20cm_Conference_Door,1.41,0.98,-1.71
74.245,1,Wall_3mx20cm_Conference_Door,1.41,1.02,-1.70
74.272,1,Wall_3mx20cm_Conference_Door,1.41,1.03,-1.70
74.300,1,Wall_3mx20cm_Conference_Door,1.41,1.04,-1.69
74.342,1,Wall_3mx20cm_Conference_Door,1.41,1.05,-1.70
74.369,1,Wall_3mx20cm_Conference_Door,1.41,1.05,-1.70
74.411,1,Wall_3mx20cm_Conference_Door,1.41,1.05,-1.70
74.439,1,Wall_3mx20cm_Conference_Door,1.41,1.05,-1.71
74.467,1,Wall_3mx20cm_Conference_Door,1.41,1.05,-1.70
74.509,1,Wall_3mx20cm_Conference_Door,1.41,1.08,-1.70
74.537,1,Wall_3mx20cm_Conference_Door,1.41,1.08,-1.68
74.578,1,Wall_3mx20cm_Conference_Door,1.41,1.07,-1.66
74.606,1,Wall_3mx20cm_Conference_Door,1.41,1.07,-1.65
74.634,1,Wall_3mx20cm_Conference_Door,1.41,1.06,-1.65
74.676,1,Wall_3mx20cm_Conference_Door,1.41,1.05,-1.64
74.704,1,Wall_3mx20cm_Conference_Door,1.41,1.06,-1.64
74.746,1,Wall_3mx20cm_Conference_Door,1.41,1.06,-1.64
74.774,1,Wall_3mx20cm_Conference_Door,1.41,1.07,-1.64
74.801,1,Wall_3mx20cm_Conference_Door,1.41,1.07,-1.63
74.843,1,Wall_3mx20cm_Conference_Door,1.41,1.07,-1.63
74.871,1,Wall_3mx20cm_Conference_Door,1.41,1.06,-1.62
74.913,1,Wall_3mx20cm_Conference_Door,1.41,1.04,-1.60
74.941,1,Wall_3mx20cm_Conference_Door,1.41,1.04,-1.58
74.969,1,Wall_3mx20cm_Conference_Door,1.41,1.04,-1.58
75.010,1,Wall_3mx20cm_Conference_Door,1.41,1.04,-1.57
75.038,1,Wall_3mx20cm_Conference_Door,1.41,1.04,-1.57
75.080,1,Wall_3mx20cm_Conference_Door,1.41,1.08,-1.57
75.108,1,Wall_3mx20cm_Conference_Door,1.41,1.09,-1.57
75.136,1,Wall_3mx20cm_Conference_Door,1.41,1.08,-1.57
75.177,1,Wall_3mx20cm_Conference_Door,1.41,1.06,-1.57
75.204,1,Wall_3mx20cm_Conference_Door,1.41,1.05,-1.58
75.233,1,Wall_3mx20cm_Conference_Door,1.41,1.05,-1.58
75.275,1,Wall_3mx20cm_Conference_Door,1.41,1.07,-1.60
75.302,1,Wall_3mx20cm_Conference_Door,1.41,1.06,-1.61
75.345,1,Wall_3mx20cm_Conference_Door,1.41,1.07,-1.62
75.372,1,Wall_3mx20cm_Conference_Door,1.41,1.08,-1.63
75.400,1,Wall_3mx20cm_Conference_Door,1.41,1.08,-1.64
75.442,1,Wall_3mx20cm_Conference_Door,1.41,1.07,-1.65
75.470,1,Wall_3mx20cm_Conference_Door,1.41,1.06,-1.66
75.511,1,Wall_3mx20cm_Conference_Door,1.41,1.06,-1.67
75.539,1,Wall_3mx20cm_Conference_Door,1.41,1.05,-1.68
75.567,1,Wall_3mx20cm_Conference_Door,1.41,1.06,-1.69
75.608,1,Wall_3mx20cm_Conference_Door,1.41,1.08,-1.70
75.636,1,Wall_3mx20cm_Conference_Door,1.41,1.08,-1.70
75.678,1,Wall_3mx20cm_Conference_Door,1.41,1.11,-1.71
75.706,1,Wall_3mx20cm_Conference_Door,1.41,1.10,-1.71
75.734,1,Wall_3mx20cm_Conference_Door,1.41,1.11,-1.71
75.776,1,Wall_3mx20cm_Conference_Door,1.41,1.08,-1.70
75.804,1,Wall_3mx20cm_Conference_Door,1.41,1.09,-1.69
75.846,1,Wall_3mx20cm_Conference_Door,1.41,1.11,-1.69
75.874,1,Wall_3mx20cm_Conference_Door,1.41,1.12,-1.68
75.901,1,Wall_3mx20cm_Conference_Door,1.41,1.14,-1.68
75.943,1,Wall_3mx20cm_Conference_Door,1.41,1.18,-1.67
75.971,1,Wall_3mx20cm_Conference_Door,1.41,1.19,-1.66
76.012,1,Wall_3mx20cm_Conference_Door,1.41,1.20,-1.64
76.040,1,Wall_3mx20cm_Conference_Door,1.41,1.21,-1.63
76.068,1,Wall_3mx20cm_Conference_Door,1.41,1.20,-1.62
76.110,1,Wall_3mx20cm_Conference_Door,1.41,1.18,-1.61
76.138,1,Wall_3mx20cm_Conference_Door,1.41,1.17,-1.60
76.180,1,Wall_3mx20cm_Conference_Door,1.41,1.18,-1.60
76.207,1,Wall_3mx20cm_Conference_Door,1.41,1.17,-1.60
76.235,1,Wall_3mx20cm_Conference_Door,1.41,1.15,-1.60
76.277,1,Wall_3mx20cm_Conference_Door,1.41,1.20,-1.61
76.305,1,Wall_3mx20cm_Conference_Door,1.41,1.21,-1.62
76.333,1,Wall_3mx20cm_Conference_Door,1.41,1.23,-1.63
76.374,1,Wall_3mx20cm_Conference_Door,1.41,1.26,-1.62
76.402,1,Wall_3mx20cm_Conference_Door,1.41,1.30,-1.60
76.444,1,Wall_3mx20cm_Conference_Door,1.41,1.31,-1.59
76.472,1,Wall_3mx20cm_Conference_Door,1.41,1.35,-1.58
76.499,1,Wall_3mx20cm_Conference_Door,1.41,1.37,-1.57
76.541,1,Wall_3mx20cm_Conference_Door,1.41,1.36,-1.57
76.569,1,Wall_3mx20cm_Conference_Door,1.41,1.37,-1.56
76.611,1,Wall_3mx20cm_Conference_Door,1.41,1.33,-1.57
76.639,1,Wall_3mx20cm_Conference_Door,1.41,1.34,-1.58
76.667,1,Wall_3mx20cm_Conference_Door,1.41,1.34,-1.58
76.708,1,Wall_3mx20cm_Conference_Door,1.41,1.30,-1.61
76.736,1,Wall_3mx20cm_Conference_Door,1.41,1.24,-1.62
76.778,1,Wall_3mx20cm_Conference_Door,1.41,1.20,-1.64
76.806,1,Wall_3mx20cm_Conference_Door,1.41,1.25,-1.65
76.834,1,Wall_3mx20cm_Conference_Door,1.41,1.32,-1.65
76.875,1,Wall_3mx20cm_Conference_Door,1.41,1.31,-1.64
76.903,1,Wall_3mx20cm_Conference_Door,1.41,1.30,-1.64
76.944,1,Wall_3mx20cm_Conference_Door,1.41,1.31,-1.65
76.972,1,Wall_3mx20cm_Conference_Door,1.41,1.30,-1.65
77.000,1,Wall_3mx20cm_Conference_Door,1.41,1.29,-1.66
77.042,1,Wall_3mx20cm_Conference_Door,1.41,1.20,-1.65
77.070,1,Wall_3mx20cm_Conference_Door,1.41,1.19,-1.65
77.112,1,Wall_3mx20cm_Conference_Door,1.41,1.24,-1.66
77.140,1,Wall_3mx20cm_Conference_Door,1.41,1.24,-1.67
77.168,1,Wall_3mx20cm_Conference_Door,1.41,1.23,-1.66
77.210,1,Wall_3mx20cm_Conference_Door,1.41,1.25,-1.66
77.237,1,Wall_3mx20cm_Conference_Door,1.41,1.28,-1.66
77.279,1,Wall_3mx20cm_Conference_Door,1.41,1.29,-1.67
77.307,1,Wall_3mx20cm_Conference_Door,1.41,1.31,-1.67
77.335,1,Wall_3mx20cm_Conference_Door,1.41,1.34,-1.67
77.377,1,Wall_3mx20cm_Conference_Door,1.41,1.39,-1.64
77.405,1,Wall_3mx20cm_Conference_Door,1.41,1.40,-1.63
77.433,1,Wall_3mx20cm_Conference_Door,1.41,1.40,-1.63
77.474,1,Wall_3mx20cm_Conference_Door,1.41,1.37,-1.62
77.502,1,Wall_3mx20cm_Conference_Door,1.41,1.34,-1.61
77.544,1,Wall_3mx20cm_Conference_Door,1.41,1.31,-1.61
77.572,1,Wall_3mx20cm_Conference_Door,1.41,1.27,-1.60
77.613,1,Wall_3mx20cm_Conference_Door,1.41,1.27,-1.61
77.642,1,Wall_3mx20cm_Conference_Door,1.41,1.27,-1.60
77.669,1,Wall_3mx20cm_Conference_Door,1.41,1.27,-1.61
77.710,1,Wall_3mx20cm_Conference_Door,1.41,1.27,-1.62
77.738,1,Wall_3mx20cm_Conference_Door,1.41,1.26,-1.62
77.766,1,Wall_3mx20cm_Conference_Door,1.41,1.24,-1.62
77.808,1,Wall_3mx20cm_Conference_Door,1.41,1.14,-1.60
77.836,1,Wall_3mx20cm_Conference_Door,1.41,1.11,-1.59
77.878,1,Wall_3mx20cm_Conference_Door,1.41,1.15,-1.58
77.906,1,Wall_3mx20cm_Conference_Door,1.41,1.17,-1.59
77.934,1,Wall_3mx20cm_Conference_Door,1.41,1.19,-1.60
77.975,1,Wall_3mx20cm_Conference_Door,1.41,1.23,-1.61
78.003,1,Wall_3mx20cm_Conference_Door,1.41,1.23,-1.62
78.045,1,Wall_3mx20cm_Conference_Door,1.41,1.23,-1.62
78.073,1,Wall_3mx20cm_Conference_Door,1.41,1.23,-1.62
78.101,1,Wall_3mx20cm_Conference_Door,1.41,1.23,-1.62
78.143,1,Wall_3mx20cm_Conference_Door,1.41,1.22,-1.61
78.170,1,Wall_3mx20cm_Conference_Door,1.41,1.22,-1.62
78.212,1,Wall_3mx20cm_Conference_Door,1.41,1.26,-1.64
78.240,1,Wall_3mx20cm_Conference_Door,1.41,1.32,-1.66
78.268,1,Wall_3mx20cm_Conference_Door,1.41,1.38,-1.67
78.309,1,Wall_3mx20cm_Conference_Door,1.41,1.39,-1.68
78.337,1,Wall_3mx20cm_Conference_Door,1.41,1.39,-1.70
78.380,1,Wall_3mx20cm_Conference_Door,1.41,1.37,-1.73
78.407,1,Wall_3mx20cm_Conference_Door,1.41,1.33,-1.74
78.435,1,Wall_3mx20cm_Conference_Door,1.41,1.28,-1.75
78.477,1,Wall_3mx20cm_Conference_Door,1.41,1.23,-1.77
78.505,1,Wall_3mx20cm_Conference_Door,1.41,1.20,-1.77
78.533,1,Wall_3mx20cm_Conference_Door,1.41,1.15,-1.76
78.574,1,Timer,1.47,1.07,-1.74
78.602,1,Wall_3mx20cm_Conference_Door,1.41,1.05,-1.71
78.644,1,Wall_3mx20cm_Conference_Door,1.41,1.01,-1.68
78.672,1,Wall_3mx20cm_Conference_Door,1.41,1.02,-1.67
78.700,1,Wall_3mx20cm_Conference_Door,1.41,1.04,-1.66
78.741,1,Wall_3mx20cm_Conference_Door,1.41,1.09,-1.65
78.769,1,Wall_3mx20cm_Conference_Door,1.41,1.11,-1.65
78.811,1,Wall_3mx20cm_Conference_Door,1.41,1.13,-1.66
78.839,1,Wall_3mx20cm_Conference_Door,1.41,1.16,-1.66
78.867,1,Wall_3mx20cm_Conference_Door,1.41,1.17,-1.66
78.909,1,Wall_3mx20cm_Conference_Door,1.41,1.14,-1.67
78.937,1,Wall_3mx20cm_Conference_Door,1.41,1.11,-1.67
78.978,1,Wall_3mx20cm_Conference_Door,1.41,1.11,-1.68
79.006,1,Wall_3mx20cm_Conference_Door,1.41,1.11,-1.69
79.034,1,Wall_3mx20cm_Conference_Door,1.41,1.10,-1.70
79.076,1,Wall_3mx20cm_Conference_Door,1.41,1.14,-1.72
79.104,1,Wall_3mx20cm_Conference_Door,1.41,1.15,-1.74
79.146,1,Wall_3mx20cm_Conference_Door,1.41,1.17,-1.76
79.173,1,Wall_3mx20cm_Conference_Door,1.41,1.17,-1.77
79.201,1,Wall_3mx20cm_Conference_Door,1.41,1.17,-1.78
79.243,1,Wall_3mx20cm_Conference_Door,1.41,1.19,-1.79
79.271,1,Wall_3mx20cm_Conference_Door,1.41,1.20,-1.79
79.313,1,Wall_3mx20cm_Conference_Door,1.41,1.21,-1.79
79.340,1,Wall_3mx20cm_Conference_Door,1.41,1.22,-1.80
79.369,1,Wall_3mx20cm_Conference_Door,1.41,1.21,-1.80
79.410,1,Wall_3mx20cm_Conference_Door,1.41,1.21,-1.81
79.439,1,Wall_3mx20cm_Conference_Door,1.41,1.21,-1.81
79.466,1,Wall_3mx20cm_Conference_Door,1.41,1.23,-1.82
79.508,1,Wall_3mx20cm_Conference_Door,1.41,1.23,-1.85
79.536,1,Wall_3mx20cm_Conference_Door,1.41,1.23,-1.86
79.578,1,Wall_3mx20cm_Conference_Door,1.41,1.23,-1.89
79.605,1,Wall_3mx20cm_Conference_Door,1.41,1.23,-1.90
79.633,1,Wall_3mx20cm_Conference_Door,1.41,1.22,-1.91
79.675,1,Wall_3mx20cm_Conference_Door,1.41,1.24,-1.92
79.703,1,Wall_3mx20cm_Conference_Door,1.41,1.26,-1.93
79.744,1,Wall_3mx20cm_Conference_Door,1.41,1.26,-1.93
79.772,1,Wall_3mx20cm_Conference_Door,1.41,1.25,-1.94
79.800,1,Wall_3mx20cm_Conference_Door,1.41,1.22,-1.93
79.842,1,Wall_3mx20cm_Conference_Door,1.41,1.18,-1.94
79.870,1,Wall_3mx20cm_Conference_Door,1.41,1.13,-1.94
79.911,1,Wall_3mx20cm_Conference_Door,1.41,1.12,-1.95
79.939,1,Wall_3mx20cm_Conference_Door,1.41,1.13,-1.96
79.967,1,Wall_3mx20cm_Conference_Door,1.41,1.17,-1.98
80.009,1,Wall_3mx20cm_Conference_Door,1.41,1.19,-2.00
80.037,1,Wall_3mx20cm_Conference_Door,1.41,1.25,-2.02
80.078,1,Wall_3mx20cm_Conference_Door,1.41,1.29,-2.04
80.106,1,Wall_3mx20cm_Conference_Door,1.41,1.33,-2.05
80.134,1,Wall_3mx20cm_Conference_Door,1.41,1.39,-2.07
80.176,1,Wall_3mx20cm_Conference_Door,1.41,1.41,-2.07
80.204,1,Wall_3mx20cm_Conference_Door,1.41,1.39,-2.07
80.246,1,Wall_3mx20cm_Conference_Door,1.41,1.32,-2.07
80.274,1,Wall_3mx20cm_Conference_Door,1.41,1.30,-2.06
80.302,1,Wall_3mx20cm_Conference_Door,1.41,1.28,-2.06
80.343,1,Wall_3mx20cm_Conference_Door,1.41,1.23,-2.05
80.371,1,Wall_3mx20cm_Conference_Door,1.41,1.20,-2.05
80.414,1,Wall_3mx20cm_Conference_Door,1.41,1.19,-2.05
80.441,1,Wall_3mx20cm_Conference_Door,1.41,1.17,-2.04
80.468,1,Wall_3mx20cm_Conference_Door,1.41,1.15,-2.04
80.511,1,Wall_3mx20cm_Conference_Door,1.41,1.15,-2.04
80.538,1,Wall_3mx20cm_Conference_Door,1.41,1.17,-2.04
80.566,1,Wall_3mx20cm_Conference_Door,1.41,1.16,-2.04
80.608,1,Wall_3mx20cm_Conference_Door,1.41,1.21,-2.04
80.636,1,Wall_3mx20cm_Conference_Door,1.41,1.24,-2.05
80.678,1,Wall_3mx20cm_Conference_Door,1.41,1.24,-2.04
80.706,1,Wall_3mx20cm_Conference_Door,1.41,1.23,-2.04
80.734,1,Wall_3mx20cm_Conference_Door,1.41,1.21,-2.05
80.775,1,Wall_3mx20cm_Conference_Door,1.41,1.20,-2.05
80.803,1,Wall_3mx20cm_Conference_Door,1.41,1.17,-2.05
80.845,1,Wall_3mx20cm_Conference_Door,1.41,1.15,-2.05
80.872,1,Wall_3mx20cm_Conference_Door,1.41,1.15,-2.05
80.900,1,Wall_3mx20cm_Conference_Door,1.41,1.16,-2.05
80.942,1,Wall_3mx20cm_Conference_Door,1.41,1.17,-2.04
80.970,1,Wall_3mx20cm_Conference_Door,1.41,1.17,-2.04
81.011,1,Wall_3mx20cm_Conference_Door,1.41,1.19,-2.02
81.039,1,Wall_3mx20cm_Conference_Door,1.41,1.17,-2.02
81.067,1,Wall_3mx20cm_Conference_Door,1.41,1.15,-2.01
81.109,1,Wall_3mx20cm_Conference_Door,1.41,1.18,-2.01
81.137,1,Wall_3mx20cm_Conference_Door,1.41,1.19,-2.01
81.179,1,Wall_3mx20cm_Conference_Door,1.41,1.17,-2.01
81.206,1,Wall_3mx20cm_Conference_Door,1.41,1.16,-2.01
81.234,1,Wall_3mx20cm_Conference_Door,1.41,1.17,-2.01
81.277,1,Wall_3mx20cm_Conference_Door,1.41,1.16,-2.01
81.304,1,Wall_3mx20cm_Conference_Door,1.41,1.16,-2.01
81.347,1,Wall_3mx20cm_Conference_Door,1.41,1.17,-2.00
81.374,1,Wall_3mx20cm_Conference_Door,1.41,1.16,-2.00
81.402,1,Wall_3mx20cm_Conference_Door,1.41,1.16,-1.99
81.444,1,Wall_3mx20cm_Conference_Door,1.41,1.20,-2.00
81.471,1,Wall_3mx20cm_Conference_Door,1.41,1.21,-2.00
81.513,1,Wall_3mx20cm_Conference_Door,1.41,1.20,-2.00
81.541,1,Wall_3mx20cm_Conference_Door,1.41,1.20,-1.99
81.568,1,Wall_3mx20cm_Conference_Door,1.41,1.18,-1.97
81.610,1,Wall_3mx20cm_Conference_Door,1.41,1.17,-1.94
81.638,1,Wall_3mx20cm_Conference_Door,1.41,1.16,-1.93
81.666,1,Wall_3mx20cm_Conference_Door,1.41,1.16,-1.91
81.708,1,Wall_3mx20cm_Conference_Door,1.41,1.15,-1.89
81.736,1,Wall_3mx20cm_Conference_Door,1.41,1.15,-1.89
81.778,1,Wall_3mx20cm_Conference_Door,1.41,1.14,-1.88
81.805,1,Wall_3mx20cm_Conference_Door,1.41,1.13,-1.89
81.833,1,Wall_3mx20cm_Conference_Door,1.41,1.12,-1.89
81.875,1,Timer,1.47,1.07,-1.88
81.903,1,Timer,1.47,1.05,-1.88
81.944,1,Timer,1.47,1.05,-1.89
81.972,1,Timer,1.47,1.06,-1.89
82.000,1,Timer,1.47,1.06,-1.90
82.042,1,Timer,1.47,1.08,-1.91
82.071,1,Wall_3mx20cm_Conference_Door,1.41,1.13,-1.90
82.112,1,Wall_3mx20cm_Conference_Door,1.41,1.17,-1.90
82.139,1,Wall_3mx20cm_Conference_Door,1.41,1.23,-1.89
82.168,1,Wall_3mx20cm_Conference_Door,1.41,1.29,-1.89
82.209,1,Wall_3mx20cm_Conference_Door,1.41,1.31,-1.87
82.236,1,Wall_3mx20cm_Conference_Door,1.41,1.31,-1.87
82.278,1,Wall_3mx20cm_Conference_Door,1.41,1.25,-1.87
82.306,1,Wall_3mx20cm_Conference_Door,1.41,1.20,-1.88
82.334,1,Wall_3mx20cm_Conference_Door,1.41,1.15,-1.88
82.376,1,Timer,1.47,0.98,-1.88
82.404,1,Timer,1.47,0.86,-1.86
82.446,1,Timer,1.47,0.66,-1.80
82.473,1,Timer,1.47,0.52,-1.75
82.502,1,Wall_3mx20cm_Conference_Door,1.41,0.41,-1.70
82.543,1,Wall_3mx20cm_Conference_Door,1.41,0.22,-1.64
82.571,1,Wall_3mx20cm_Conference_Door,1.41,0.11,-1.58
82.612,1,Wall_3mx20cm_Conference_Door,1.41,0.01,-1.52
82.639,1,Wall_3mx20cm_Conference_Door,1.41,-0.03,-1.49
82.668,1,Wall_3mx20cm_Conference_Door,1.41,-0.06,-1.47
82.710,1,Wall_3mx20cm_Conference_Door,1.41,-0.09,-1.45
82.738,1,Wall_3mx20cm_Conference_Door,1.41,-0.09,-1.46
82.780,1,Wall_3mx20cm_Conference_Door,1.41,-0.10,-1.46
82.808,1,Wall_3mx20cm_Conference_Door,1.41,-0.06,-1.48
82.835,1,Wall_3mx20cm_Conference_Door,1.41,-0.01,-1.51
82.877,1,Wall_3mx20cm_Conference_Door,1.41,0.07,-1.55
82.904,1,Wall_3mx20cm_Conference_Door,1.41,0.13,-1.57
82.946,1,Wall_3mx20cm_Conference_Door,1.41,0.21,-1.61
82.974,1,Wall_3mx20cm_Conference_Door,1.41,0.25,-1.63
83.002,1,Wall_3mx20cm_Conference_Door,1.41,0.28,-1.66
83.044,1,None,0,0,0
83.072,1,Wall_3mx20cm_Conference_Door,1.22,0.35,-1.71
83.100,1,Wall_3mx20cm_Conference_Door,1.24,0.35,-1.72
83.142,1,Wall_3mx20cm_Conference_Door,1.27,0.35,-1.75
83.169,1,Wall_3mx20cm_Conference_Door,1.30,0.35,-1.77
83.211,1,Wall_3mx20cm_Conference_Door,1.35,0.35,-1.81
83.239,1,Wall_3mx20cm_Conference_Door,1.39,0.35,-1.83
83.267,1,Wall_3mx20cm_Conference_Door,1.41,0.37,-1.86
83.309,1,Timer,1.45,0.39,-1.90
83.336,1,Timer,1.47,0.40,-1.92
83.378,1,Timer,1.47,0.42,-1.96
83.406,1,Timer,1.47,0.43,-1.98
83.434,1,Timer,1.47,0.43,-1.99
83.475,1,Timer,1.47,0.45,-2.02
83.504,1,Timer,1.47,0.45,-2.04
83.546,1,Timer,1.47,0.43,-2.07
83.573,1,Timer,1.47,0.42,-2.10
83.601,1,Timer,1.47,0.42,-2.13
83.643,1,Timer,1.47,0.41,-2.17
83.671,1,Timer,1.47,0.40,-2.20
83.712,1,Timer,1.47,0.39,-2.23
83.740,1,Timer,1.47,0.40,-2.26
83.769,1,Timer,1.47,0.41,-2.28
83.811,1,Timer,1.47,0.42,-2.32
83.838,1,Timer,1.47,0.43,-2.35
83.867,1,Timer,1.47,0.44,-2.37
83.908,1,Timer,1.47,0.44,-2.41
83.935,1,Timer,1.47,0.45,-2.44
83.977,1,Timer,1.47,0.45,-2.47
84.005,1,Timer,1.47,0.46,-2.50
84.033,1,Timer,1.47,0.47,-2.52
84.075,1,Timer,1.47,0.48,-2.56
84.103,1,Timer,1.47,0.48,-2.59
84.145,1,Timer,1.47,0.49,-2.63
84.172,1,Timer,1.47,0.50,-2.67
84.200,1,Timer,1.47,0.50,-2.70
84.242,1,Timer,1.47,0.51,-2.74
84.270,1,Timer,1.47,0.52,-2.77
84.311,1,Timer,1.47,0.52,-2.79
84.340,1,Timer,1.47,0.53,-2.81
84.367,1,Timer,1.47,0.53,-2.83
84.409,1,Timer,1.47,0.54,-2.84
84.437,1,Timer,1.47,0.55,-2.86
84.479,1,Timer,1.47,0.55,-2.88
84.506,1,Timer,1.47,0.56,-2.89
84.534,1,Timer,1.47,0.56,-2.90
84.577,1,Timer,1.47,0.56,-2.90
84.604,1,Timer,1.47,0.58,-2.89
84.646,1,Timer,1.47,0.60,-2.89
84.674,1,Timer,1.47,0.61,-2.88
84.702,1,Timer,1.47,0.63,-2.87
84.744,1,Timer,1.47,0.64,-2.85
84.771,1,Timer,1.47,0.65,-2.84
84.799,1,Timer,1.47,0.65,-2.83
84.841,1,Timer,1.47,0.65,-2.82
84.869,1,Timer,1.47,0.64,-2.83
84.911,1,Timer,1.47,0.63,-2.84
84.938,1,Timer,1.47,0.63,-2.85
84.966,1,Timer,1.47,0.63,-2.87
85.008,1,Timer,1.47,0.62,-2.89
85.036,1,Timer,1.47,0.61,-2.90
85.077,1,Timer,1.47,0.61,-2.92
85.105,1,Timer,1.47,0.60,-2.93
85.134,1,Timer,1.47,0.60,-2.94
85.175,1,Timer,1.47,0.60,-2.94
85.203,1,Timer,1.47,0.59,-2.94
85.244,1,Timer,1.47,0.59,-2.94
85.272,1,Timer,1.47,0.60,-2.94
85.300,1,Timer,1.47,0.60,-2.95
85.342,1,Timer,1.47,0.59,-2.96
85.370,1,Timer,1.47,0.59,-2.97
85.412,1,Timer,1.47,0.60,-2.98
85.439,1,Timer,1.47,0.60,-2.98
85.468,1,Timer,1.47,0.60,-2.98
85.509,1,Timer,1.47,0.60,-2.98
85.537,1,Timer,1.47,0.60,-2.98
85.578,1,Timer,1.47,0.60,-2.98
85.606,1,Timer,1.47,0.60,-2.98
85.634,1,Timer,1.47,0.61,-2.98
85.676,1,Timer,1.47,0.62,-2.97
85.704,1,Timer,1.47,0.63,-2.97
85.746,1,Timer,1.47,0.65,-2.97
85.773,1,Timer,1.47,0.65,-2.96
85.802,1,Timer,1.47,0.66,-2.97
85.843,1,Timer,1.47,0.66,-2.97
85.871,1,Timer,1.47,0.66,-2.97
85.913,1,Timer,1.47,0.66,-2.97
85.943,1,Timer,1.47,0.66,-2.97
85.968,1,Timer,1.47,0.66,-2.97
86.010,1,Timer,1.47,0.65,-2.98
86.038,1,Timer,1.47,0.65,-2.98
86.066,1,Timer,1.47,0.64,-2.98
86.107,1,Timer,1.47,0.65,-2.98
86.135,1,Timer,1.47,0.65,-2.97
86.177,1,Timer,1.47,0.65,-2.97
86.205,1,Timer,1.47,0.65,-2.97
86.233,1,Timer,1.47,0.65,-2.97
86.275,1,Timer,1.47,0.67,-2.96
86.302,1,Timer,1.47,0.67,-2.96
86.344,1,Timer,1.47,0.66,-2.96
86.373,1,Timer,1.47,0.65,-2.95
86.400,1,Timer,1.47,0.64,-2.95
86.441,1,Timer,1.47,0.64,-2.95
86.470,1,Timer,1.47,0.64,-2.95
86.511,1,Timer,1.47,0.64,-2.94
86.539,1,Timer,1.47,0.63,-2.94
86.568,1,Timer,1.47,0.64,-2.94
86.609,1,Timer,1.47,0.64,-2.94
86.637,1,Timer,1.47,0.65,-2.94
86.678,1,Timer,1.47,0.65,-2.94
86.706,1,Timer,1.47,0.65,-2.93
86.734,1,Timer,1.47,0.65,-2.93
86.776,1,Timer,1.47,0.65,-2.92
86.803,1,Timer,1.47,0.64,-2.92
86.846,1,Timer,1.47,0.64,-2.91
86.873,1,Timer,1.47,0.64,-2.91
86.901,1,Timer,1.47,0.64,-2.90
86.943,1,Timer,1.47,0.64,-2.89
86.971,1,Timer,1.47,0.64,-2.89
87.012,1,Timer,1.47,0.65,-2.89
87.040,1,Timer,1.47,0.66,-2.89
87.068,1,Timer,1.47,0.67,-2.88
87.110,1,Timer,1.47,0.66,-2.88
87.138,1,Timer,1.47,0.65,-2.87
87.166,1,Timer,1.47,0.64,-2.86
87.207,1,Timer,1.47,0.64,-2.86
87.235,1,Timer,1.47,0.64,-2.86
87.278,1,Timer,1.47,0.63,-2.87
87.305,1,Timer,1.47,0.63,-2.88
87.333,1,Timer,1.47,0.63,-2.89
87.375,1,Timer,1.47,0.63,-2.90
87.403,1,Timer,1.47,0.63,-2.91
87.444,1,Timer,1.47,0.63,-2.93
87.472,1,Timer,1.47,0.62,-2.94
87.500,1,Timer,1.47,0.62,-2.94
87.542,1,Timer,1.47,0.62,-2.95
87.570,1,Timer,1.47,0.62,-2.95
87.612,1,Timer,1.47,0.63,-2.94
87.640,1,Timer,1.47,0.63,-2.94
87.667,1,Timer,1.47,0.62,-2.93
87.709,1,Timer,1.47,0.62,-2.92
87.737,1,Timer,1.47,0.62,-2.91
87.778,1,Timer,1.47,0.63,-2.90
87.806,1,Timer,1.47,0.63,-2.89
87.834,1,Timer,1.47,0.63,-2.89
87.875,1,Timer,1.47,0.64,-2.87
87.903,1,Timer,1.47,0.64,-2.86
87.945,1,Timer,1.47,0.64,-2.84
87.973,1,Timer,1.47,0.65,-2.83
88.001,1,Timer,1.47,0.65,-2.83
88.043,1,Timer,1.47,0.65,-2.83
88.070,1,Timer,1.47,0.64,-2.83
88.112,1,Timer,1.47,0.64,-2.84
88.141,1,Timer,1.47,0.63,-2.85
88.168,1,Timer,1.47,0.62,-2.86
88.209,1,Timer,1.47,0.61,-2.87
88.238,1,Timer,1.47,0.62,-2.88
88.279,1,Timer,1.47,0.62,-2.88
88.307,1,Timer,1.47,0.62,-2.88
88.335,1,Timer,1.47,0.61,-2.89
88.377,1,Timer,1.47,0.60,-2.89
88.404,1,Timer,1.47,0.60,-2.89
88.433,1,Timer,1.47,0.61,-2.89
88.475,1,Timer,1.47,0.61,-2.89
88.502,1,Timer,1.47,0.62,-2.88
88.543,1,Timer,1.47,0.61,-2.86
88.571,1,Timer,1.47,0.61,-2.86
88.599,1,Timer,1.47,0.61,-2.85
88.641,1,Timer,1.47,0.62,-2.85
88.669,1,Timer,1.47,0.62,-2.85
88.710,1,Timer,1.47,0.62,-2.85
88.738,1,Timer,1.47,0.62,-2.85
88.767,1,Timer,1.47,0.61,-2.84
88.808,1,Timer,1.47,0.62,-2.84
88.836,1,Timer,1.47,0.63,-2.84
88.878,1,Timer,1.47,0.64,-2.84
88.906,1,Timer,1.47,0.64,-2.84
88.933,1,Timer,1.47,0.63,-2.83
88.975,1,Timer,1.47,0.61,-2.82
89.003,1,Timer,1.47,0.61,-2.82
89.045,1,Timer,1.47,0.62,-2.82
89.072,1,Timer,1.47,0.63,-2.82
89.100,1,Timer,1.47,0.64,-2.82
89.142,1,Timer,1.47,0.63,-2.81
89.170,1,Timer,1.47,0.63,-2.81
89.211,1,Timer,1.47,0.64,-2.81
89.239,1,Timer,1.47,0.65,-2.81
89.268,1,Timer,1.47,0.64,-2.81
89.309,1,Timer,1.47,0.63,-2.81
89.337,1,Timer,1.47,0.61,-2.81
89.379,1,Timer,1.47,0.58,-2.80
89.406,1,Timer,1.47,0.58,-2.80
89.435,1,Timer,1.47,0.58,-2.80
89.477,1,Timer,1.47,0.59,-2.81
89.504,1,Timer,1.47,0.59,-2.81
89.546,1,Timer,1.47,0.59,-2.81
89.574,1,Timer,1.47,0.58,-2.81
89.601,1,Timer,1.47,0.57,-2.80
89.643,1,Timer,1.47,0.58,-2.80
89.671,1,Timer,1.47,0.59,-2.80
89.699,1,Timer,1.47,0.59,-2.81
89.741,1,Timer,1.47,0.59,-2.81
89.769,1,Timer,1.47,0.59,-2.80
89.811,1,Timer,1.47,0.59,-2.79
89.838,1,Timer,1.47,0.60,-2.79
89.866,1,Timer,1.47,0.61,-2.79
89.908,1,Timer,1.47,0.62,-2.79
89.936,1,Timer,1.47,0.62,-2.79
89.978,1,Timer,1.47,0.62,-2.79
90.006,1,Timer,1.47,0.61,-2.79
90.033,1,Timer,1.47,0.62,-2.78
90.075,1,Timer,1.47,0.64,-2.78
90.103,1,Timer,1.47,0.64,-2.79
90.145,1,Timer,1.47,0.64,-2.79
90.173,1,Timer,1.47,0.62,-2.78
90.201,1,Timer,1.47,0.61,-2.77
90.242,1,Timer,1.47,0.61,-2.75
90.270,1,Timer,1.47,0.62,-2.74
90.312,1,Timer,1.47,0.62,-2.73
90.340,1,Timer,1.47,0.62,-2.72
90.368,1,Timer,1.47,0.61,-2.71
90.410,1,Timer,1.47,0.60,-2.71
90.437,1,Timer,1.47,0.60,-2.72
90.479,1,Timer,1.47,0.61,-2.73
90.507,1,Timer,1.47,0.62,-2.73
90.535,1,Timer,1.47,0.62,-2.73
90.577,1,Timer,1.47,0.62,-2.73
90.604,1,Timer,1.47,0.61,-2.72
90.633,1,Timer,1.47,0.62,-2.72
90.674,1,Timer,1.47,0.63,-2.72
90.702,1,Timer,1.47,0.63,-2.72
90.744,1,Timer,1.47,0.63,-2.72
90.772,1,Timer,1.47,0.63,-2.71
90.800,1,Timer,1.47,0.62,-2.71
90.841,1,Timer,1.47,0.62,-2.71
90.869,1,Timer,1.47,0.62,-2.71
90.911,1,Timer,1.47,0.64,-2.71
90.938,1,Timer,1.47,0.64,-2.71
90.966,1,Timer,1.47,0.64,-2.71
91.008,1,Timer,1.47,0.63,-2.71
91.036,1,Timer,1.47,0.63,-2.71
91.078,1,Timer,1.47,0.64,-2.71
91.105,1,Timer,1.47,0.65,-2.71
91.133,1,Timer,1.47,0.66,-2.71
91.175,1,Timer,1.47,0.65,-2.71
91.203,1,Timer,1.47,0.65,-2.71
91.245,1,Timer,1.47,0.64,-2.72
91.272,1,Timer,1.47,0.64,-2.73
91.300,1,Timer,1.47,0.65,-2.73
91.342,1,Timer,1.47,0.66,-2.73
91.370,1,Timer,1.47,0.66,-2.73
91.412,1,Timer,1.47,0.65,-2.72
91.439,1,Timer,1.47,0.65,-2.72
91.467,1,Timer,1.47,0.66,-2.72
91.509,1,Timer,1.47,0.67,-2.71
91.537,1,Timer,1.47,0.67,-2.71
91.579,1,Timer,1.47,0.66,-2.72
91.607,1,Timer,1.47,0.65,-2.73
91.634,1,Timer,1.47,0.65,-2.74
91.677,1,Timer,1.47,0.64,-2.74
91.704,1,Timer,1.47,0.65,-2.74
91.746,1,Timer,1.47,0.67,-2.74
91.774,1,Timer,1.47,0.67,-2.74
91.802,1,Timer,1.47,0.67,-2.74
91.843,1,Timer,1.47,0.67,-2.73
91.871,1,Timer,1.47,0.68,-2.72
91.913,1,Timer,1.47,0.68,-2.71
91.941,1,Timer,1.47,0.69,-2.71
91.969,1,Timer,1.47,0.68,-2.70
92.011,1,Timer,1.47,0.67,-2.71
92.038,1,Timer,1.47,0.66,-2.72
92.066,1,Timer,1.47,0.66,-2.72
92.108,1,Timer,1.47,0.67,-2.73
92.135,1,Timer,1.47,0.68,-2.74
92.177,1,Timer,1.47,0.68,-2.75
92.205,1,Timer,1.47,0.68,-2.75
92.233,1,Timer,1.47,0.67,-2.75
92.275,1,Timer,1.47,0.67,-2.74
92.303,1,Timer,1.47,0.67,-2.74
92.344,1,Timer,1.47,0.66,-2.74
92.373,1,Timer,1.47,0.66,-2.74
92.400,1,Timer,1.47,0.66,-2.74
92.442,1,Timer,1.47,0.63,-2.74
92.470,1,Timer,1.47,0.64,-2.73
92.512,1,Timer,1.47,0.66,-2.73
92.540,1,Timer,1.47,0.66,-2.73
92.567,1,Timer,1.47,0.66,-2.74
92.609,1,Timer,1.47,0.68,-2.77
92.637,1,Timer,1.47,0.68,-2.78
92.679,1,Timer,1.47,0.69,-2.79
92.706,1,Timer,1.47,0.69,-2.79
92.734,1,Timer,1.47,0.68,-2.79
92.776,1,Timer,1.47,0.67,-2.79
92.804,1,Timer,1.47,0.66,-2.77
92.846,1,Timer,1.47,0.66,-2.75
92.874,1,Timer,1.47,0.67,-2.74
92.901,1,Timer,1.47,0.68,-2.74
92.943,1,Timer,1.47,0.67,-2.73
92.971,1,Timer,1.47,0.67,-2.73
92.999,1,Timer,1.47,0.67,-2.73
93.041,1,Timer,1.47,0.67,-2.73
93.068,1,Timer,1.47,0.67,-2.73
93.110,1,Timer,1.47,0.66,-2.73
93.138,1,Timer,1.47,0.66,-2.73
93.166,1,Timer,1.47,0.65,-2.73
93.208,1,Timer,1.47,0.65,-2.71
93.236,1,Timer,1.47,0.66,-2.70
93.277,1,Timer,1.47,0.66,-2.69
93.305,1,Timer,1.47,0.65,-2.69
93.333,1,Timer,1.47,0.65,-2.69
93.375,1,Timer,1.47,0.66,-2.70
93.403,1,Timer,1.47,0.66,-2.69
93.444,1,Timer,1.47,0.67,-2.69
93.473,1,Timer,1.47,0.67,-2.70
93.501,1,Timer,1.47,0.67,-2.69
93.542,1,Timer,1.47,0.67,-2.69
93.570,1,Timer,1.47,0.67,-2.67
93.611,1,Timer,1.47,0.68,-2.65
93.639,1,Timer,1.47,0.68,-2.64
93.667,1,Timer,1.47,0.67,-2.63
93.709,1,Timer,1.47,0.67,-2.61
93.737,1,Timer,1.47,0.67,-2.59
93.778,1,Timer,1.47,0.66,-2.55
93.806,1,Timer,1.47,0.66,-2.52
93.834,1,Timer,1.47,0.66,-2.50
93.876,1,Timer,1.47,0.65,-2.47
93.904,1,Timer,1.47,0.65,-2.45
93.945,1,Timer,1.47,0.65,-2.43
93.974,1,Timer,1.47,0.65,-2.42
94.001,1,Timer,1.47,0.65,-2.41
94.043,1,Timer,1.47,0.65,-2.39
94.071,1,Timer,1.47,0.64,-2.38
94.099,1,Timer,1.47,0.65,-2.36
94.140,1,Timer,1.47,0.66,-2.33
94.168,1,Timer,1.47,0.66,-2.32
94.210,1,Timer,1.47,0.66,-2.29
94.237,1,Timer,1.47,0.66,-2.27
94.279,1,Timer,1.47,0.65,-2.24
94.307,1,Timer,1.47,0.65,-2.22
94.335,1,Timer,1.47,0.66,-2.21
94.377,1,Timer,1.47,0.67,-2.21
94.405,1,Timer,1.47,0.67,-2.21
94.432,1,Timer,1.47,0.67,-2.21
94.474,1,Timer,1.47,0.66,-2.19
94.502,1,Timer,1.47,0.65,-2.18
94.544,1,Timer,1.47,0.64,-2.14
94.571,1,Timer,1.47,0.64,-2.11
94.600,1,Timer,1.47,0.64,-2.09
94.641,1,Timer,1.47,0.67,-2.08
94.669,1,Timer,1.47,0.68,-2.08
94.711,1,Timer,1.47,0.69,-2.10
94.738,1,Timer,1.47,0.68,-2.12
94.766,1,Timer,1.47,0.66,-2.13
94.808,1,Timer,1.47,0.63,-2.15
94.836,1,Timer,1.47,0.62,-2.15
94.878,1,Timer,1.47,0.61,-2.16
94.906,1,Timer,1.47,0.61,-2.16
94.933,1,Timer,1.47,0.62,-2.17
94.975,1,Timer,1.47,0.63,-2.17
95.003,1,Timer,1.47,0.64,-2.18
95.045,1,Timer,1.47,0.65,-2.18
95.073,1,Timer,1.47,0.65,-2.18
95.101,1,Timer,1.47,0.65,-2.17
95.143,1,Timer,1.47,0.65,-2.16
95.170,1,Timer,1.47,0.66,-2.15
95.212,1,Timer,1.47,0.66,-2.14
95.240,1,Timer,1.47,0.67,-2.14
95.268,1,Timer,1.47,0.68,-2.13
95.309,1,Timer,1.47,0.68,-2.14
95.337,1,Timer,1.47,0.68,-2.14
95.379,1,Timer,1.47,0.68,-2.15
95.406,1,Timer,1.47,0.68,-2.16
95.435,1,Timer,1.47,0.68,-2.16
95.477,1,Timer,1.47,0.68,-2.16
95.504,1,Timer,1.47,0.68,-2.16
95.533,1,Timer,1.47,0.68,-2.16
95.574,1,Timer,1.47,0.68,-2.16
95.602,1,Timer,1.47,0.67,-2.16
95.644,1,Timer,1.47,0.67,-2.16
95.671,1,Timer,1.47,0.67,-2.17
95.699,1,Timer,1.47,0.66,-2.17
95.741,1,Timer,1.47,0.66,-2.18
95.769,1,Timer,1.47,0.66,-2.18
95.811,1,Timer,1.47,0.66,-2.19
95.838,1,Timer,1.47,0.66,-2.19
95.866,1,Timer,1.47,0.67,-2.19
95.908,1,Timer,1.47,0.67,-2.19
95.936,1,Timer,1.47,0.66,-2.19
95.978,1,Timer,1.47,0.66,-2.19
96.005,1,Timer,1.47,0.66,-2.19
96.033,1,Timer,1.47,0.66,-2.19
96.075,1,Timer,1.47,0.66,-2.19
96.103,1,Timer,1.47,0.67,-2.19
96.145,1,Timer,1.47,0.67,-2.19
96.173,1,Timer,1.47,0.67,-2.19
96.201,1,Timer,1.47,0.67,-2.20
96.242,1,Timer,1.47,0.67,-2.20
96.270,1,Timer,1.47,0.68,-2.21
96.312,1,Timer,1.47,0.68,-2.22
96.340,1,Timer,1.47,0.68,-2.22
96.368,1,Timer,1.47,0.68,-2.22
96.409,1,Timer,1.47,0.67,-2.21
96.438,1,Timer,1.47,0.67,-2.21
96.479,1,Timer,1.47,0.66,-2.22
96.507,1,Timer,1.47,0.66,-2.22
96.535,1,Timer,1.47,0.66,-2.23
96.577,1,Timer,1.47,0.65,-2.23
96.605,1,Timer,1.47,0.64,-2.23
96.646,1,Timer,1.47,0.63,-2.24
96.674,1,Timer,1.47,0.63,-2.24
96.702,1,Timer,1.47,0.63,-2.24
96.744,1,Timer,1.47,0.65,-2.24
96.771,1,Timer,1.47,0.65,-2.25
96.799,1,Timer,1.47,0.64,-2.25
96.841,1,Timer,1.47,0.63,-2.26
96.869,1,Timer,1.47,0.62,-2.26
96.911,1,Timer,1.47,0.63,-2.25
96.938,1,Timer,1.47,0.62,-2.23
96.967,1,Timer,1.47,0.64,-2.23
97.008,1,Timer,1.47,0.67,-2.24
97.036,1,Timer,1.47,0.67,-2.25
97.078,1,Timer,1.47,0.67,-2.27
97.105,1,Timer,1.47,0.71,-2.28
97.134,1,Timer,1.47,0.70,-2.28
97.174,1,Timer,1.47,0.67,-2.28
97.203,1,Timer,1.47,0.67,-2.28
97.245,1,Timer,1.47,0.67,-2.28
97.273,1,Timer,1.47,0.67,-2.27
97.301,1,Timer,1.47,0.67,-2.27
97.343,1,Timer,1.47,0.69,-2.28
97.370,1,Timer,1.47,0.69,-2.28
97.412,1,Timer,1.47,0.69,-2.29
97.440,1,Timer,1.47,0.70,-2.29
97.467,1,Timer,1.47,0.70,-2.29
97.510,1,Timer,1.47,0.69,-2.29
97.537,1,Timer,1.47,0.71,-2.28
97.579,1,Timer,1.47,0.70,-2.27
97.606,1,Timer,1.47,0.68,-2.28
97.634,1,Timer,1.47,0.67,-2.28
97.676,1,Timer,1.47,0.68,-2.29
97.705,1,Timer,1.47,0.68,-2.29
97.746,1,Timer,1.47,0.69,-2.30
97.773,1,Timer,1.47,0.69,-2.30
97.802,1,Timer,1.47,0.69,-2.30
97.843,1,Timer,1.47,0.69,-2.29
97.871,1,Timer,1.47,0.69,-2.29
97.899,1,Timer,1.47,0.70,-2.29
97.941,1,Timer,1.47,0.70,-2.28
97.969,1,Timer,1.47,0.71,-2.27
98.010,1,Timer,1.47,0.72,-2.26
98.038,1,Timer,1.47,0.73,-2.26
98.066,1,Timer,1.47,0.74,-2.26
98.108,1,Timer,1.47,0.76,-2.26
98.136,1,Timer,1.47,0.77,-2.26
98.177,1,Timer,1.47,0.76,-2.26
98.206,1,Timer,1.47,0.75,-2.26
98.232,1,Timer,1.47,0.74,-2.26
98.275,1,Timer,1.47,0.74,-2.27
98.303,1,Timer,1.47,0.74,-2.28
98.345,1,Timer,1.47,0.73,-2.29
98.372,1,Timer,1.47,0.75,-2.30
98.401,1,Timer,1.47,0.75,-2.29
98.442,1,Timer,1.47,0.75,-2.28
98.470,1,Timer,1.47,0.74,-2.27
98.511,1,Timer,1.47,0.73,-2.26
98.539,1,Timer,1.47,0.74,-2.25
98.567,1,Timer,1.47,0.75,-2.25
98.609,1,Timer,1.47,0.75,-2.24
98.637,1,Timer,1.47,0.76,-2.24
98.679,1,Timer,1.47,0.76,-2.24
98.706,1,Timer,1.47,0.76,-2.24
98.734,1,Timer,1.47,0.76,-2.25
98.777,1,Timer,1.47,0.76,-2.25
98.804,1,Timer,1.47,0.76,-2.26
98.846,1,Timer,1.47,0.76,-2.26
98.874,1,Timer,1.47,0.76,-2.25
98.902,1,Timer,1.47,0.75,-2.25
98.943,1,Timer,1.47,0.74,-2.23
98.972,1,Timer,1.47,0.74,-2.23
98.999,1,Timer,1.47,0.73,-2.22
99.040,1,Timer,1.47,0.73,-2.23
99.068,1,Timer,1.47,0.74,-2.23
99.110,1,Timer,1.47,0.73,-2.24
99.138,1,Timer,1.47,0.74,-2.24
99.167,1,Timer,1.47,0.74,-2.24
99.208,1,Timer,1.47,0.76,-2.25
99.235,1,Timer,1.47,0.77,-2.27
99.278,1,Timer,1.47,0.77,-2.31
99.305,1,Timer,1.47,0.76,-2.33
99.333,1,Timer,1.47,0.76,-2.34
99.375,1,Timer,1.47,0.78,-2.34
99.403,1,Timer,1.47,0.79,-2.34
99.445,1,Timer,1.47,0.78,-2.32
99.473,1,Timer,1.47,0.78,-2.31
99.501,1,Timer,1.47,0.79,-2.30
99.542,1,Timer,1.47,0.81,-2.29
99.570,1,Timer,1.47,0.78,-2.29
99.612,1,Timer,1.47,0.79,-2.28
99.640,1,Timer,1.47,0.82,-2.28
99.667,1,Timer,1.47,0.82,-2.28
99.709,1,Timer,1.47,0.81,-2.28
99.737,1,Timer,1.47,0.82,-2.27
99.779,1,Timer,1.47,0.82,-2.27
99.806,1,Timer,1.47,0.83,-2.26
99.834,1,Timer,1.47,0.83,-2.26
99.876,1,Timer,1.47,0.85,-2.25
99.904,1,Timer,1.47,0.87,-2.25
99.946,1,Timer,1.47,0.86,-2.24
99.973,1,Timer,1.47,0.90,-2.25
100.001,1,Timer,1.47,0.95,-2.25
100.044,1,Timer,1.47,0.93,-2.26
100.070,1,Timer,1.47,0.93,-2.26
100.099,1,Timer,1.47,0.95,-2.26
100.140,1,Timer,1.47,0.92,-2.25
100.168,1,Timer,1.47,0.92,-2.23
100.210,1,Timer,1.47,0.91,-2.21
100.238,1,Timer,1.47,0.89,-2.21
100.266,1,Timer,1.47,0.88,-2.20
100.307,1,Timer,1.47,0.90,-2.19
100.335,1,Timer,1.47,0.90,-2.18
100.377,1,Timer,1.47,0.88,-2.18
100.405,1,Timer,1.47,0.88,-2.18
100.433,1,Timer,1.47,0.88,-2.18
100.475,1,Timer,1.47,0.89,-2.18
100.502,1,Timer,1.47,0.89,-2.18
100.544,1,Timer,1.47,0.91,-2.18
100.572,1,Timer,1.47,0.90,-2.17
100.600,1,Timer,1.47,0.88,-2.17
100.642,1,Timer,1.47,0.87,-2.16
100.670,1,Timer,1.47,0.89,-2.16
100.711,1,Timer,1.47,0.89,-2.15
100.739,1,Timer,1.47,0.91,-2.15
100.767,1,Timer,1.47,0.92,-2.16
100.810,1,Timer,1.47,0.93,-2.16
100.837,1,Timer,1.47,0.95,-2.16
100.878,1,Timer,1.47,0.95,-2.15
100.906,1,Timer,1.47,0.95,-2.14
100.934,1,Timer,1.47,0.95,-2.14
100.976,1,Timer,1.47,0.96,-2.13
101.003,1,Timer,1.47,0.96,-2.12
101.045,1,Timer,1.47,0.96,-2.11
101.073,1,Timer,1.47,0.96,-2.11
101.101,1,Timer,1.47,0.97,-2.11
101.143,1,Timer,1.47,0.97,-2.11
101.170,1,Timer,1.47,0.97,-2.11
101.212,1,Timer,1.47,0.96,-2.10
101.240,1,Timer,1.47,0.97,-2.11
101.268,1,Timer,1.47,0.97,-2.10
101.310,1,Timer,1.47,0.94,-2.10
101.338,1,Timer,1.47,0.94,-2.09
101.379,1,Timer,1.47,0.97,-2.09
101.407,1,Timer,1.47,0.98,-2.09
101.435,1,Timer,1.47,1.00,-2.09
101.477,1,Timer,1.47,1.01,-2.09
101.505,1,Timer,1.47,1.03,-2.10
101.532,1,Timer,1.47,1.04,-2.10
101.574,1,Timer,1.47,1.04,-2.10
101.602,1,Timer,1.47,1.03,-2.10
101.644,1,Timer,1.47,1.03,-2.09
101.672,1,Timer,1.47,1.07,-2.09
101.700,1,Timer,1.47,1.08,-2.10
101.741,1,Wall_3mx20cm_Conference_Door,1.41,1.13,-2.11
101.769,1,Wall_3mx20cm_Conference_Door,1.41,1.11,-2.12
101.811,1,Wall_3mx20cm_Conference_Door,1.41,1.12,-2.12
101.839,1,Wall_3mx20cm_Conference_Door,1.41,1.13,-2.12
101.867,1,Wall_3mx20cm_Conference_Door,1.41,1.13,-2.12
101.908,1,Wall_3mx20cm_Conference_Door,1.41,1.11,-2.12
101.937,1,Wall_3mx20cm_Conference_Door,1.41,1.11,-2.11
101.978,1,Wall_3mx20cm_Conference_Door,1.41,1.11,-2.10
102.006,1,Wall_3mx20cm_Conference_Door,1.41,1.12,-2.09
102.034,1,Wall_3mx20cm_Conference_Door,1.41,1.13,-2.08
102.076,1,Wall_3mx20cm_Conference_Door,1.41,1.13,-2.07
102.103,1,Wall_3mx20cm_Conference_Door,1.41,1.14,-2.06
102.145,1,Timer,1.47,1.07,-2.05
102.173,1,Wall_3mx20cm_Conference_Door,1.41,1.10,-2.05
102.201,1,Wall_3mx20cm_Conference_Door,1.41,1.10,-2.05
102.243,1,Wall_3mx20cm_Conference_Door,1.41,1.10,-2.06
102.271,1,Wall_3mx20cm_Conference_Door,1.41,1.12,-2.07
102.313,1,Wall_3mx20cm_Conference_Door,1.41,1.14,-2.07
102.340,1,Wall_3mx20cm_Conference_Door,1.41,1.13,-2.07
102.368,1,Wall_3mx20cm_Conference_Door,1.41,1.14,-2.06
102.410,1,Wall_3mx20cm_Conference_Door,1.41,1.13,-2.05
102.437,1,Wall_3mx20cm_Conference_Door,1.41,1.14,-2.05
102.466,1,Wall_3mx20cm_Conference_Door,1.41,1.15,-2.04
102.507,1,Wall_3mx20cm_Conference_Door,1.41,1.15,-2.02
102.534,1,Wall_3mx20cm_Conference_Door,1.41,1.13,-2.00
102.577,1,Wall_3mx20cm_Conference_Door,1.41,1.14,-1.98
102.606,1,Wall_3mx20cm_Conference_Door,1.41,1.16,-1.97
102.633,1,Wall_3mx20cm_Conference_Door,1.41,1.18,-1.96
102.675,1,Wall_3mx20cm_Conference_Door,1.41,1.20,-1.95
102.702,1,Wall_3mx20cm_Conference_Door,1.41,1.18,-1.94
102.744,1,Wall_3mx20cm_Conference_Door,1.41,1.16,-1.92
102.772,1,Wall_3mx20cm_Conference_Door,1.41,1.22,-1.91
102.801,1,Wall_3mx20cm_Conference_Door,1.41,1.27,-1.88
102.842,1,Wall_3mx20cm_Conference_Door,1.41,1.31,-1.84
102.869,1,Wall_3mx20cm_Conference_Door,1.41,1.30,-1.82
102.911,1,Wall_3mx20cm_Conference_Door,1.41,1.26,-1.76
102.939,1,Wall_3mx20cm_Conference_Door,1.41,1.28,-1.72
102.967,1,Wall_3mx20cm_Conference_Door,1.41,1.28,-1.68
103.008,1,Wall_3mx20cm_Conference_Door,1.41,1.21,-1.60
103.036,1,Wall_3mx20cm_Conference_Door,1.41,1.17,-1.56
103.078,1,Wall_3mx20cm_Conference_Door,1.41,1.18,-1.49
103.106,1,Wall_3mx20cm_Conference_Door,1.41,1.17,-1.44
103.134,1,Wall_3mx20cm_Conference_Door,1.41,1.16,-1.39
103.176,1,Wall_3mx20cm_Conference_Door,1.41,1.17,-1.31
103.203,1,Wall_3mx20cm_Conference_Door,1.41,1.16,-1.25
103.245,1,Wall_3mx20cm_Conference_Door,1.41,1.19,-1.18
103.273,1,Wall_3mx20cm_Conference_Door,1.41,1.20,-1.12
103.301,1,Wall_3mx20cm_Door (1),1.41,1.21,-1.06
103.342,1,Wall_3mx20cm_Door (1),1.41,1.27,-0.97
103.370,1,Wall_3mx20cm_Door (1),1.41,1.29,-0.90
103.412,1,Wall_3mx20cm_Door (1),1.41,1.30,-0.79
103.440,1,Wall_3mx20cm_Door (1),1.41,1.33,-0.70
103.467,1,Wall_3mx20cm_Door (1),1.41,1.33,-0.60
103.509,1,Wall_3mx20cm_Door (1),1.41,1.31,-0.46
103.537,1,Wall_3mx20cm_Door (1),1.41,1.33,-0.37
103.579,1,Wall_3mx20cm_Wood_Panels (2),1.64,1.25,-0.31
103.606,1,Wall_3mx20cm_Wood_Panels (2),1.93,1.20,-0.31
103.635,1,Wall_3mx20cm_Wood_Panels (2),2.25,1.13,-0.31
103.678,1,Wall_3mx20cm_Wood_Panels (2),2.76,1.00,-0.31
103.704,1,Wall_3mx20cm_Wood_Panels (2),3.09,0.89,-0.31
103.746,1,Wall_3mx20cm_Wood_Panels (2),3.46,0.75,-0.31
103.773,1,Wall_3mx20cm_Wood_Panels (2),3.65,0.69,-0.31
103.801,1,Wall_3mx20cm_Wood_Panels (2),3.81,0.63,-0.31
103.843,1,Wall_3mx20cm_Wood_Panels (2),4.00,0.54,-0.31
103.871,1,Wall_3mx20cm_Wood_Panels (2),4.11,0.49,-0.31
103.899,1,Wall_3mx20cm_Wood_Panels (2),4.20,0.45,-0.31
103.940,1,Wall_3mx20cm_Wood_Panels (2),4.33,0.40,-0.31
103.968,1,Wall_3mx20cm_Wood_Panels (3),4.41,0.40,-0.31
104.010,1,Wall_3mx20cm_Wood_Panels (3),4.54,0.39,-0.31
104.038,1,Wall_3mx20cm_Wood_Panels (3),4.62,0.37,-0.31
104.066,1,Wall_3mx20cm_Wood_Panels (3),4.69,0.34,-0.31
104.108,1,Wall_3mx20cm_Wood_Panels (3),4.78,0.31,-0.31
104.135,1,Wall_3mx20cm_Wood_Panels (3),4.83,0.29,-0.31
104.177,1,Wall_3mx20cm_Wood_Panels (3),4.89,0.23,-0.31
104.205,1,Wall_3mx20cm_Wood_Panels (3),4.92,0.21,-0.31
104.232,1,Wall_3mx20cm_Wood_Panels (3),4.95,0.20,-0.31
104.274,1,Wall_3mx20cm_Wood_Panels (3),4.99,0.18,-0.31
104.302,1,Wall_3mx20cm_Wood_Panels (3),5.00,0.18,-0.31
104.344,1,Wall_3mx20cm_Wood_Panels (3),5.02,0.19,-0.31
104.372,1,Wall_3mx20cm_Wood_Panels (3),5.02,0.18,-0.31
104.400,1,Wall_3mx20cm_Wood_Panels (3),5.02,0.17,-0.31
104.441,1,Wall_3mx20cm_Wood_Panels (3),5.01,0.18,-0.31
104.469,1,Wall_3mx20cm_Wood_Panels (3),5.01,0.18,-0.31
104.511,1,Wall_3mx20cm_Wood_Panels (3),4.98,0.20,-0.31
104.540,1,Wall_3mx20cm_Wood_Panels (3),4.97,0.20,-0.31
104.567,1,Wall_3mx20cm_Wood_Panels (3),4.95,0.19,-0.31
104.608,1,Wall_3mx20cm_Wood_Panels (3),4.91,0.20,-0.31
104.636,1,Wall_3mx20cm_Wood_Panels (3),4.90,0.20,-0.31
104.678,1,Wall_3mx20cm_Wood_Panels (3),4.87,0.20,-0.31
104.706,1,Wall_3mx20cm_Wood_Panels (3),4.86,0.20,-0.31
104.734,1,Wall_3mx20cm_Wood_Panels (3),4.86,0.20,-0.31
104.775,1,Wall_3mx20cm_Wood_Panels (3),4.86,0.20,-0.31
104.803,1,Wall_3mx20cm_Wood_Panels (3),4.86,0.20,-0.31
104.845,1,Wall_3mx20cm_Wood_Panels (3),4.86,0.20,-0.31
104.873,1,Wall_3mx20cm_Wood_Panels (3),4.87,0.20,-0.31
104.901,1,Wall_3mx20cm_Wood_Panels (3),4.87,0.20,-0.31
104.943,1,Wall_3mx20cm_Wood_Panels (3),4.87,0.21,-0.31
104.971,1,Wall_3mx20cm_Wood_Panels (3),4.86,0.21,-0.31
105.012,1,Wall_3mx20cm_Wood_Panels (3),4.83,0.21,-0.31
105.040,1,Wall_3mx20cm_Wood_Panels (3),4.82,0.22,-0.31
105.068,1,Wall_3mx20cm_Wood_Panels (3),4.80,0.22,-0.31
105.110,1,Wall_3mx20cm_Wood_Panels (3),4.76,0.21,-0.31
105.138,1,Wall_3mx20cm_Wood_Panels (3),4.74,0.21,-0.31
105.179,1,Wall_3mx20cm_Wood_Panels (3),4.69,0.21,-0.31
105.207,1,Wall_3mx20cm_Wood_Panels (3),4.65,0.21,-0.31
105.235,1,Wall_3mx20cm_Wood_Panels (3),4.61,0.22,-0.31
105.277,1,Wall_3mx20cm_Wood_Panels (3),4.55,0.22,-0.31
105.305,1,Wall_3mx20cm_Wood_Panels (3),4.50,0.23,-0.31
105.333,1,Wall_3mx20cm_Wood_Panels (3),4.46,0.23,-0.31
105.374,1,Wall_3mx20cm_Wood_Panels (2),4.40,0.24,-0.31
105.402,1,Wall_3mx20cm_Wood_Panels (2),4.35,0.26,-0.31
105.444,1,Wall_3mx20cm_Wood_Panels (2),4.28,0.28,-0.31
105.473,1,Wall_3mx20cm_Wood_Panels (2),4.24,0.28,-0.31
105.500,1,Wall_3mx20cm_Wood_Panels (2),4.20,0.29,-0.31
105.542,1,Wall_3mx20cm_Wood_Panels (2),4.15,0.29,-0.31
105.570,1,Wall_3mx20cm_Wood_Panels (2),4.13,0.30,-0.31
105.611,1,Wall_3mx20cm_Wood_Panels (2),4.09,0.33,-0.31
105.639,1,Wall_3mx20cm_Wood_Panels (2),4.05,0.33,-0.31
105.667,1,Wall_3mx20cm_Wood_Panels (2),4.02,0.34,-0.31
105.709,1,Wall_3mx20cm_Wood_Panels (2),3.95,0.34,-0.31
105.736,1,Wall_3mx20cm_Wood_Panels (2),3.90,0.35,-0.31
105.778,1,Wall_3mx20cm_Wood_Panels (2),3.82,0.37,-0.31
105.806,1,Wall_3mx20cm_Wood_Panels (2),3.77,0.40,-0.31
105.834,1,Wall_3mx20cm_Wood_Panels (2),3.71,0.41,-0.31
105.876,1,Wall_3mx20cm_Wood_Panels (2),3.59,0.44,-0.31
105.903,1,Wall_3mx20cm_Wood_Panels (2),3.51,0.47,-0.31
105.945,1,Wall_3mx20cm_Wood_Panels (2),3.37,0.50,-0.31
105.973,1,Wall_3mx20cm_Wood_Panels (2),3.27,0.53,-0.31
106.001,1,Wall_3mx20cm_Wood_Panels (2),3.15,0.56,-0.31
106.043,1,Wall_3mx20cm_Wood_Panels (2),2.98,0.57,-0.31
106.071,1,Wall_3mx20cm_Wood_Panels (2),2.87,0.63,-0.31
106.112,1,Wall_3mx20cm_Wood_Panels (2),2.69,0.71,-0.31
106.140,1,Wall_3mx20cm_Wood_Panels (2),2.55,0.73,-0.31
106.168,1,Wall_3mx20cm_Wood_Panels (2),2.41,0.77,-0.31
106.210,1,Wall_3mx20cm_Wood_Panels (2),2.21,0.84,-0.31
106.238,1,Wall_3mx20cm_Wood_Panels (2),2.07,0.89,-0.31
106.279,1,Wall_3mx20cm_Wood_Panels (2),1.87,1.01,-0.31
106.307,1,Wall_3mx20cm_Wood_Panels (2),1.72,1.07,-0.31
106.335,1,Wall_3mx20cm_Wood_Panels (2),1.52,1.14,-0.31
106.377,1,Wall_3mx20cm_Door (1),1.41,1.19,-0.37
106.405,1,Wall_3mx20cm_Door (1),1.41,1.23,-0.42
106.433,1,Wall_3mx20cm_Door (1),1.41,1.26,-0.49
106.475,1,Wall_3mx20cm_Door (1),1.41,1.24,-0.59
106.502,1,Wall_3mx20cm_Door (1),1.41,1.17,-0.66
106.545,1,Wall_3mx20cm_Door (1),1.41,1.09,-0.73
106.572,1,Wall_3mx20cm_Door (1),1.41,1.06,-0.79
106.599,1,Wall_3mx20cm_Door (1),1.41,0.98,-0.84
106.642,1,Wall_3mx20cm_Door (1),1.41,0.87,-0.89
106.669,1,Wall_3mx20cm_Door (1),1.41,0.80,-0.93
106.712,1,Wall_3mx20cm_Door (1),1.41,0.71,-0.98
106.739,1,Wall_3mx20cm_Door (1),1.41,0.68,-1.02
106.767,1,Wall_3mx20cm_Door (1),1.41,0.63,-1.04
106.809,1,Wall_3mx20cm_Door (1),1.41,0.57,-1.09
106.837,1,Wall_3mx20cm_Conference_Door,1.41,0.55,-1.12
106.879,1,Wall_3mx20cm_Conference_Door,1.41,0.51,-1.17
106.906,1,Wall_3mx20cm_Conference_Door,1.41,0.48,-1.21
106.934,1,Wall_3mx20cm_Conference_Door,1.41,0.45,-1.25
106.976,1,Wall_3mx20cm_Conference_Door,1.41,0.41,-1.30
107.005,1,Wall_3mx20cm_Conference_Door,1.41,0.37,-1.34
107.046,1,Wall_3mx20cm_Conference_Door,1.41,0.36,-1.40
107.074,1,Wall_3mx20cm_Conference_Door,1.41,0.34,-1.43
107.101,1,Wall_3mx20cm_Conference_Door,1.41,0.33,-1.46
107.143,1,Wall_3mx20cm_Conference_Door,1.41,0.32,-1.50
107.171,1,Wall_3mx20cm_Conference_Door,1.41,0.32,-1.52
107.199,1,Wall_3mx20cm_Conference_Door,1.41,0.33,-1.54
107.241,1,Wall_3mx20cm_Conference_Door,1.41,0.34,-1.57
107.268,1,Wall_3mx20cm_Conference_Door,1.41,0.36,-1.58
107.310,1,Wall_3mx20cm_Conference_Door,1.41,0.39,-1.59
107.338,1,Wall_3mx20cm_Conference_Door,1.41,0.40,-1.59
107.366,1,Wall_3mx20cm_Conference_Door,1.41,0.41,-1.59
107.408,1,Wall_3mx20cm_Conference_Door,1.41,0.43,-1.59
107.436,1,Wall_3mx20cm_Conference_Door,1.41,0.44,-1.58
107.477,1,Wall_3mx20cm_Conference_Door,1.41,0.42,-1.57
107.505,1,Wall_3mx20cm_Conference_Door,1.41,0.43,-1.56
107.533,1,Wall_3mx20cm_Conference_Door,1.41,0.43,-1.54
107.575,1,Wall_3mx20cm_Conference_Door,1.41,0.45,-1.52
107.603,1,Wall_3mx20cm_Conference_Door,1.41,0.46,-1.50
107.644,1,Wall_3mx20cm_Conference_Door,1.41,0.51,-1.48
107.672,1,Wall_3mx20cm_Conference_Door,1.41,0.48,-1.47
107.701,1,Wall_3mx20cm_Conference_Door,1.41,0.49,-1.46
107.742,1,Wall_3mx20cm_Conference_Door,1.41,0.52,-1.45
107.769,1,Wall_3mx20cm_Conference_Door,1.41,0.50,-1.44
107.812,1,Wall_3mx20cm_Conference_Door,1.41,0.48,-1.45
107.839,1,Wall_3mx20cm_Conference_Door,1.41,0.46,-1.46
107.867,1,Wall_3mx20cm_Conference_Door,1.41,0.47,-1.46
107.909,1,Wall_3mx20cm_Conference_Door,1.41,0.47,-1.46
107.937,1,Wall_3mx20cm_Conference_Door,1.41,0.45,-1.47
107.978,1,Wall_3mx20cm_Conference_Door,1.41,0.46,-1.47
108.006,1,Wall_3mx20cm_Conference_Door,1.41,0.45,-1.47
108.035,1,Wall_3mx20cm_Conference_Door,1.41,0.44,-1.47
108.076,1,Wall_3mx20cm_Conference_Door,1.41,0.45,-1.46
108.104,1,Wall_3mx20cm_Conference_Door,1.41,0.44,-1.45
108.146,1,Wall_3mx20cm_Conference_Door,1.41,0.43,-1.44
108.174,1,Wall_3mx20cm_Conference_Door,1.41,0.43,-1.44
108.201,1,Wall_3mx20cm_Conference_Door,1.41,0.43,-1.43
108.243,1,Wall_3mx20cm_Conference_Door,1.41,0.41,-1.42
108.271,1,Wall_3mx20cm_Conference_Door,1.41,0.41,-1.42
108.299,1,Wall_3mx20cm_Conference_Door,1.41,0.41,-1.41
108.341,1,Wall_3mx20cm_Conference_Door,1.41,0.40,-1.41
108.368,1,Wall_3mx20cm_Conference_Door,1.41,0.39,-1.41
108.410,1,Wall_3mx20cm_Conference_Door,1.41,0.38,-1.42
108.438,1,Wall_3mx20cm_Conference_Door,1.41,0.39,-1.42
108.466,1,Wall_3mx20cm_Conference_Door,1.41,0.41,-1.42
108.508,1,Wall_3mx20cm_Conference_Door,1.41,0.44,-1.42
108.535,1,Wall_3mx20cm_Conference_Door,1.41,0.45,-1.43
108.577,1,Wall_3mx20cm_Conference_Door,1.41,0.48,-1.43
108.605,1,Wall_3mx20cm_Conference_Door,1.41,0.48,-1.43
108.633,1,Wall_3mx20cm_Conference_Door,1.41,0.49,-1.43
108.675,1,Wall_3mx20cm_Conference_Door,1.41,0.52,-1.43
108.703,1,Wall_3mx20cm_Conference_Door,1.41,0.54,-1.42
108.744,1,Wall_3mx20cm_Conference_Door,1.41,0.54,-1.41
108.772,1,Wall_3mx20cm_Conference_Door,1.41,0.53,-1.42
108.800,1,Wall_3mx20cm_Conference_Door,1.41,0.49,-1.42
108.842,1,Wall_3mx20cm_Conference_Door,1.41,0.52,-1.43
108.869,1,Wall_3mx20cm_Conference_Door,1.41,0.53,-1.43
108.911,1,Wall_3mx20cm_Conference_Door,1.41,0.55,-1.43
108.939,1,Wall_3mx20cm_Conference_Door,1.41,0.56,-1.42
108.967,1,Wall_3mx20cm_Conference_Door,1.41,0.59,-1.41
109.008,1,Wall_3mx20cm_Conference_Door,1.41,0.59,-1.41
109.037,1,Wall_3mx20cm_Conference_Door,1.41,0.61,-1.39
109.078,1,Wall_3mx20cm_Conference_Door,1.41,0.61,-1.39
109.106,1,Wall_3mx20cm_Conference_Door,1.41,0.60,-1.38
109.134,1,Wall_3mx20cm_Conference_Door,1.41,0.61,-1.37
109.176,1,Wall_3mx20cm_Conference_Door,1.41,0.62,-1.37
109.204,1,Wall_3mx20cm_Conference_Door,1.41,0.64,-1.36
109.245,1,Wall_3mx20cm_Conference_Door,1.41,0.65,-1.36
109.273,1,Wall_3mx20cm_Conference_Door,1.41,0.65,-1.36
109.301,1,Wall_3mx20cm_Conference_Door,1.41,0.63,-1.36
109.343,1,Wall_3mx20cm_Conference_Door,1.41,0.62,-1.36
109.370,1,Wall_3mx20cm_Conference_Door,1.41,0.61,-1.37
109.413,1,Wall_3mx20cm_Conference_Door,1.41,0.63,-1.36
109.441,1,Wall_3mx20cm_Conference_Door,1.41,0.63,-1.36
109.468,1,Wall_3mx20cm_Conference_Door,1.41,0.63,-1.35
109.510,1,Wall_3mx20cm_Conference_Door,1.41,0.65,-1.32
109.538,1,Wall_3mx20cm_Conference_Door,1.41,0.65,-1.30
109.566,1,Wall_3mx20cm_Conference_Door,1.41,0.65,-1.27
109.607,1,Wall_3mx20cm_Conference_Door,1.41,0.67,-1.21
109.635,1,Wall_3mx20cm_Conference_Door,1.41,0.69,-1.16
109.677,1,Wall_3mx20cm_Door (1),1.41,0.68,-1.08
109.705,1,Wall_3mx20cm_Door (1),1.41,0.65,-1.03
109.733,1,Wall_3mx20cm_Door (1),1.41,0.62,-0.96
109.774,1,Wall_3mx20cm_Door (1),1.41,0.64,-0.86
109.802,1,Wall_3mx20cm_Door (1),1.41,0.63,-0.81
109.844,1,Wall_3mx20cm_Door (1),1.41,0.62,-0.74
109.873,1,Wall_3mx20cm_Door (1),1.41,0.62,-0.69
109.900,1,Wall_3mx20cm_Door (1),1.41,0.61,-0.64
109.941,1,Wall_3mx20cm_Door (1),1.41,0.57,-0.57
109.969,1,Wall_3mx20cm_Door (1),1.41,0.57,-0.53
110.011,1,Wall_3mx20cm_Door (1),1.41,0.57,-0.47
110.039,1,Wall_3mx20cm_Door (1),1.41,0.56,-0.42
110.067,1,Wall_3mx20cm_Door (1),1.41,0.57,-0.36
110.108,1,Wall_3mx20cm_Wood_Panels (2),1.49,0.55,-0.31
110.136,1,Wall_3mx20cm_Wood_Panels (2),1.63,0.51,-0.31
110.178,1,Wall_3mx20cm_Wood_Panels (2),1.82,0.47,-0.31
110.206,1,Wall_3mx20cm_Wood_Panels (2),1.90,0.46,-0.31
110.234,1,Wall_3mx20cm_Wood_Panels (2),1.95,0.44,-0.31
110.275,1,Wall_3mx20cm_Wood_Panels (2),2.05,0.41,-0.31
110.303,1,Wall_3mx20cm_Wood_Panels (2),2.13,0.40,-0.31
110.345,1,Wall_3mx20cm_Wood_Panels (2),2.25,0.36,-0.31
110.372,1,Wall_3mx20cm_Wood_Panels (2),2.33,0.34,-0.31
110.401,1,Wall_3mx20cm_Wood_Panels (2),2.39,0.32,-0.31
110.443,1,Wall_3mx20cm_Wood_Panels (2),2.45,0.33,-0.31
110.470,1,Wall_3mx20cm_Wood_Panels (2),2.48,0.31,-0.31
110.512,1,Wall_3mx20cm_Wood_Panels (2),2.53,0.33,-0.31
110.540,1,Wall_3mx20cm_Wood_Panels (2),2.55,0.34,-0.31
110.568,1,Wall_3mx20cm_Wood_Panels (2),2.56,0.34,-0.31
110.610,1,Wall_3mx20cm_Wood_Panels (2),2.58,0.33,-0.31
110.638,1,Wall_3mx20cm_Wood_Panels (2),2.59,0.32,-0.31
110.679,1,Wall_3mx20cm_Wood_Panels (2),2.55,0.32,-0.31
110.707,1,Wall_3mx20cm_Wood_Panels (2),2.52,0.31,-0.31
110.735,1,Wall_3mx20cm_Wood_Panels (2),2.49,0.31,-0.31
110.777,1,Wall_3mx20cm_Wood_Panels (2),2.45,0.34,-0.31
110.805,1,Wall_3mx20cm_Wood_Panels (2),2.43,0.36,-0.31
110.832,1,Wall_3mx20cm_Wood_Panels (2),2.42,0.37,-0.31
110.873,1,Wall_3mx20cm_Wood_Panels (2),2.43,0.37,-0.31
110.902,1,Wall_3mx20cm_Wood_Panels (2),2.44,0.36,-0.31
110.943,1,Wall_3mx20cm_Wood_Panels (2),2.46,0.35,-0.31
110.972,1,Wall_3mx20cm_Wood_Panels (2),2.49,0.36,-0.31
110.999,1,Wall_3mx20cm_Wood_Panels (2),2.51,0.36,-0.31
111.041,1,Wall_3mx20cm_Wood_Panels (2),2.55,0.34,-0.31
111.070,1,Wall_3mx20cm_Wood_Panels (2),2.58,0.33,-0.31
111.111,1,Wall_3mx20cm_Wood_Panels (2),2.61,0.32,-0.31
111.139,1,Wall_3mx20cm_Wood_Panels (2),2.62,0.32,-0.31
111.166,1,Wall_3mx20cm_Wood_Panels (2),2.62,0.31,-0.31
111.208,1,Wall_3mx20cm_Wood_Panels (2),2.59,0.35,-0.31
111.236,1,Wall_3mx20cm_Wood_Panels (2),2.57,0.37,-0.31
111.278,1,Wall_3mx20cm_Wood_Panels (2),2.56,0.38,-0.31
111.306,1,Wall_3mx20cm_Wood_Panels (2),2.56,0.39,-0.31
111.334,1,Wall_3mx20cm_Wood_Panels (2),2.56,0.39,-0.31
111.376,1,Wall_3mx20cm_Wood_Panels (2),2.55,0.40,-0.31
111.403,1,Wall_3mx20cm_Wood_Panels (2),2.54,0.36,-0.31
111.445,1,Wall_3mx20cm_Wood_Panels (2),2.57,0.36,-0.31
111.473,1,Wall_3mx20cm_Wood_Panels (2),2.57,0.36,-0.31
111.501,1,Wall_3mx20cm_Wood_Panels (2),2.55,0.35,-0.31
111.543,1,Wall_3mx20cm_Wood_Panels (2),2.50,0.35,-0.31
111.570,1,Wall_3mx20cm_Wood_Panels (2),2.46,0.33,-0.31
111.612,1,Wall_3mx20cm_Wood_Panels (2),2.35,0.27,-0.31
111.640,1,Wall_3mx20cm_Wood_Panels (2),2.25,0.22,-0.31
111.667,1,Wall_3mx20cm_Wood_Panels (2),2.12,0.17,-0.31
111.709,1,Wall_3mx20cm_Wood_Panels (2),1.89,0.02,-0.31
111.737,1,Wall_3mx20cm_Wood_Panels (2),1.69,-0.07,-0.31
111.779,1,Wall_3mx20cm_Door (1),1.41,-0.21,-0.34
111.807,1,Wall_3mx20cm_Door (1),1.41,-0.28,-0.40
111.834,1,Wall_3mx20cm_Door (1),1.41,-0.31,-0.46
111.876,1,Wall_3mx20cm_Door (1),1.41,-0.35,-0.51
111.904,1,Wall_3mx20cm_Door (1),1.41,-0.37,-0.53
111.946,1,Wall_3mx20cm_Door (1),1.41,-0.42,-0.53
111.974,1,Wall_3mx20cm_Door (1),1.41,-0.47,-0.53
112.002,1,Wall_3mx20cm_Door (1),1.41,-0.49,-0.54
112.043,1,Wall_3mx20cm_Door (1),1.41,-0.50,-0.55
112.071,1,Wall_3mx20cm_Door (1),1.41,-0.50,-0.56
112.100,1,Wall_3mx20cm_Door (1),1.41,-0.48,-0.56
112.141,1,Wall_3mx20cm_Door (1),1.41,-0.45,-0.59
112.169,1,Wall_3mx20cm_Door (1),1.41,-0.40,-0.61
112.211,1,Wall_3mx20cm_Door (1),1.41,-0.32,-0.66
112.238,1,Wall_3mx20cm_Door (1),1.41,-0.27,-0.70
112.266,1,Wall_3mx20cm_Door (1),1.41,-0.20,-0.74
112.308,1,Wall_3mx20cm_Door (1),1.41,-0.11,-0.82
112.336,1,Wall_3mx20cm_Door (1),1.41,-0.06,-0.89
112.377,1,Wall_3mx20cm_Door (1),1.41,-0.02,-1.00
112.405,1,Wall_3mx20cm_Door (1),1.41,0.00,-1.06
112.434,1,Wall_3mx20cm_Conference_Door,1.41,0.02,-1.14
112.476,1,Wall_3mx20cm_Conference_Door,1.41,0.01,-1.27
112.503,1,Wall_3mx20cm_Conference_Door,1.41,0.00,-1.35
112.545,1,Wall_3mx20cm_Conference_Door,1.41,0.04,-1.48
112.573,1,Wall_3mx20cm_Conference_Door,1.41,0.07,-1.57
112.601,1,Wall_3mx20cm_Conference_Door,1.41,0.08,-1.65
112.642,1,Conference_Room_Door_L,1.33,0.15,-1.77
112.670,1,Conference_Room_Door_L,1.33,0.15,-1.84
112.699,1,Conference_Room_Door_L,1.33,0.16,-1.90
112.740,1,Conference_Room_Door_L,1.33,0.21,-1.97
112.768,1,Conference_Room_Door_L,1.33,0.21,-2.00
112.809,1,Conference_Room_Door_L,1.33,0.20,-2.03
112.837,1,Conference_Room_Door_L,1.33,0.19,-2.05
112.879,1,Conference_Room_Door_L,1.33,0.18,-2.07
112.907,1,Conference_Room_Door_L,1.33,0.18,-2.08
112.935,1,Conference_Room_Door_L,1.33,0.18,-2.09
112.977,1,Conference_Room_Door_L,1.33,0.16,-2.10
113.006,1,Conference_Room_Door_L,1.33,0.16,-2.11
113.032,1,Conference_Room_Door_L,1.33,0.16,-2.12
113.074,1,Conference_Room_Door_L,1.33,0.18,-2.13
113.102,1,Conference_Room_Door_L,1.33,0.19,-2.14
113.144,1,Conference_Room_Door_L,1.33,0.21,-2.15
113.172,1,Conference_Room_Door_L,1.33,0.22,-2.16
113.199,1,Conference_Room_Door_L,1.33,0.22,-2.17
113.241,1,Conference_Room_Door_L,1.33,0.23,-2.19
113.269,1,Conference_Room_Door_L,1.33,0.24,-2.19
113.311,1,Conference_Room_Door_L,1.33,0.26,-2.21
113.339,1,Conference_Room_Door_L,1.33,0.27,-2.22
113.367,1,Conference_Room_Door_L,1.33,0.28,-2.23
113.408,1,Conference_Room_Door_L,1.33,0.28,-2.24
113.436,1,Conference_Room_Door_L,1.33,0.29,-2.26
113.478,1,Conference_Room_Door_L,1.33,0.30,-2.29
113.505,1,Conference_Room_Door_L,1.33,0.30,-2.31
113.534,1,Conference_Room_Door_L,1.33,0.28,-2.33
113.576,1,Conference_Room_Door_L,1.33,0.27,-2.36
113.603,1,Conference_Room_Door_L,1.33,0.27,-2.37
113.645,1,Conference_Room_Door_L,1.33,0.28,-2.40
113.673,1,Conference_Room_Door_L,1.33,0.30,-2.42
113.701,1,None,0,0,0
113.743,1,None,0,0,0
113.770,1,Wall_3mx20cm_Conference_Door,1.25,0.35,-2.49
113.813,1,Wall_3mx20cm_Conference_Door,1.35,0.35,-2.51
113.840,1,Wall_3mx20cm_Conference_Door,1.38,0.35,-2.53
113.868,1,Wall_3mx20cm_Conference_Door,1.40,0.35,-2.55
113.910,1,Wall_3mx20cm_Conference_Door,1.41,0.36,-2.57
113.938,1,Wall_3mx20cm_Conference_Door,1.41,0.36,-2.59
113.966,1,Wall_3mx20cm_Conference_Door,1.41,0.35,-2.61
114.008,1,Wall_3mx20cm_Conference_Door,1.41,0.36,-2.64
114.036,1,Wall_3mx20cm_Conference_Door,1.38,0.35,-2.66
114.077,1,Wall_3mx20cm_Conference_Door,1.38,0.35,-2.68
114.105,1,Wall_3mx20cm_Conference_Door,1.41,0.36,-2.69
114.133,1,Wall_3mx20cm_Conference_Door,1.41,0.38,-2.71
114.174,1,Wall_3mx20cm_Conference_Door,1.41,0.38,-2.72
114.203,1,Timer,1.42,0.39,-2.73
114.244,1,Timer,1.47,0.39,-2.74
114.272,1,Timer,1.47,0.40,-2.74
114.300,1,Timer,1.47,0.41,-2.74
114.342,1,Timer,1.47,0.43,-2.72
114.369,1,Timer,1.47,0.44,-2.71
114.411,1,Timer,1.47,0.44,-2.68
114.439,1,Timer,1.47,0.45,-2.66
114.467,1,Timer,1.47,0.46,-2.64
114.509,1,Timer,1.47,0.47,-2.61
114.536,1,Timer,1.47,0.47,-2.60
114.578,1,Timer,1.47,0.47,-2.58
114.607,1,Timer,1.47,0.48,-2.56
114.634,1,Timer,1.47,0.48,-2.55
114.676,1,Timer,1.47,0.46,-2.55
114.703,1,Timer,1.47,0.46,-2.56
114.745,1,Timer,1.47,0.45,-2.57
114.773,1,Timer,1.47,0.44,-2.58
114.800,1,Timer,1.47,0.44,-2.60
114.843,1,Timer,1.47,0.44,-2.61
114.870,1,Timer,1.47,0.44,-2.61
114.912,1,Timer,1.47,0.44,-2.61
114.940,1,Timer,1.47,0.45,-2.61
114.968,1,Timer,1.47,0.45,-2.61
115.009,1,Timer,1.47,0.46,-2.61
115.037,1,Timer,1.47,0.47,-2.60
115.066,1,Timer,1.47,0.47,-2.60
115.107,1,Timer,1.47,0.46,-2.59
115.135,1,Timer,1.47,0.46,-2.59
115.177,1,Timer,1.47,0.45,-2.57
115.204,1,Timer,1.47,0.45,-2.56
115.233,1,Timer,1.47,0.45,-2.56
115.274,1,Timer,1.47,0.45,-2.55
115.302,1,Timer,1.47,0.46,-2.55
115.344,1,Timer,1.47,0.49,-2.54
115.371,1,Timer,1.47,0.49,-2.53
115.399,1,Timer,1.47,0.49,-2.52
115.441,1,Timer,1.47,0.50,-2.50
115.469,1,Timer,1.47,0.51,-2.48
115.511,1,Timer,1.47,0.53,-2.45
115.539,1,Timer,1.47,0.54,-2.43
115.567,1,Timer,1.47,0.54,-2.41
115.609,1,Timer,1.47,0.55,-2.39
115.636,0,Timer,1.47,0.55,-2.37
115.678,0,Timer,1.47,0.55,-2.35
115.706,0,Timer,1.47,0.56,-2.34
115.734,0,Timer,1.47,0.56,-2.34
115.775,0,Timer,1.47,0.54,-2.33
115.803,0,Timer,1.47,0.53,-2.32
115.833,0,Timer,1.47,0.52,-2.32
115.873,0,Timer,1.47,0.51,-2.32
115.900,0,Timer,1.47,0.52,-2.32
115.943,0,Timer,1.47,0.50,-2.33
115.970,0,Timer,1.47,0.51,-2.34
116.012,0,Timer,1.47,0.53,-2.37
116.040,0,Timer,1.47,0.54,-2.38
116.068,0,Timer,1.47,0.54,-2.40
116.109,0,Timer,1.47,0.52,-2.42
116.136,0,Timer,1.47,0.51,-2.43
116.165,0,Timer,1.47,0.51,-2.44
116.207,0,Timer,1.47,0.51,-2.43
116.235,0,Timer,1.47,0.52,-2.42
116.277,0,Timer,1.47,0.54,-2.40
116.304,0,Timer,1.47,0.57,-2.38
116.332,0,Timer,1.47,0.59,-2.37
116.374,0,Timer,1.47,0.61,-2.35
116.402,0,Timer,1.47,0.61,-2.33
116.444,0,Timer,1.47,0.60,-2.29
116.472,0,Timer,1.47,0.58,-2.27
116.499,0,Timer,1.47,0.56,-2.24
116.541,0,Timer,1.47,0.53,-2.19
116.569,0,Timer,1.47,0.52,-2.15
116.612,0,Timer,1.47,0.50,-2.10
116.639,0,Timer,1.47,0.49,-2.06
116.666,0,Timer,1.47,0.48,-2.01
116.708,0,Timer,1.47,0.45,-1.95
116.736,0,Timer,1.47,0.43,-1.90
116.778,0,Timer,1.47,0.40,-1.82
116.806,0,Wall_3mx20cm_Conference_Door,1.41,0.39,-1.77
116.834,0,Wall_3mx20cm_Conference_Door,1.41,0.37,-1.72
116.876,0,Wall_3mx20cm_Conference_Door,1.41,0.36,-1.65
116.903,0,Wall_3mx20cm_Conference_Door,1.41,0.35,-1.61
116.944,0,Wall_3mx20cm_Conference_Door,1.41,0.34,-1.55
116.973,0,Wall_3mx20cm_Conference_Door,1.41,0.33,-1.51
117.000,0,Wall_3mx20cm_Conference_Door,1.41,0.33,-1.48
117.042,0,Wall_3mx20cm_Conference_Door,1.41,0.34,-1.45
117.070,0,Wall_3mx20cm_Conference_Door,1.41,0.34,-1.43
117.112,0,Wall_3mx20cm_Conference_Door,1.41,0.34,-1.40
117.139,0,Wall_3mx20cm_Conference_Door,1.41,0.35,-1.38
117.167,0,Wall_3mx20cm_Conference_Door,1.41,0.35,-1.36
117.209,0,Wall_3mx20cm_Conference_Door,1.41,0.35,-1.32
117.237,0,Wall_3mx20cm_Conference_Door,1.41,0.36,-1.30
117.278,0,Wall_3mx20cm_Conference_Door,1.41,0.37,-1.25
117.306,0,Wall_3mx20cm_Conference_Door,1.41,0.38,-1.22
117.335,0,Wall_3mx20cm_Conference_Door,1.41,0.38,-1.18
117.376,0,Wall_3mx20cm_Conference_Door,1.41,0.40,-1.13
117.404,0,Wall_3mx20cm_Conference_Door,1.41,0.40,-1.10
117.432,0,Wall_3mx20cm_Door (1),1.41,0.41,-1.08
117.474,0,Wall_3mx20cm_Door (1),1.41,0.43,-1.06
117.501,0,Wall_3mx20cm_Door (1),1.41,0.44,-1.05
117.543,0,Wall_3mx20cm_Door (1),1.41,0.46,-1.06
117.571,0,Wall_3mx20cm_Door (1),1.41,0.46,-1.07
117.612,0,Wall_3mx20cm_Conference_Door,1.41,0.47,-1.11
117.640,0,Wall_3mx20cm_Conference_Door,1.41,0.49,-1.13
117.668,0,Wall_3mx20cm_Conference_Door,1.41,0.50,-1.15
117.710,0,Wall_3mx20cm_Conference_Door,1.41,0.52,-1.18
117.738,0,Wall_3mx20cm_Conference_Door,1.41,0.54,-1.20
117.766,0,Wall_3mx20cm_Conference_Door,1.41,0.55,-1.22
117.807,0,Wall_3mx20cm_Conference_Door,1.41,0.58,-1.26
117.835,0,Wall_3mx20cm_Conference_Door,1.41,0.59,-1.28
117.878,0,Wall_3mx20cm_Conference_Door,1.41,0.61,-1.31
117.905,0,Wall_3mx20cm_Conference_Door,1.41,0.63,-1.33
117.932,0,Wall_3mx20cm_Conference_Door,1.41,0.64,-1.36
117.974,0,Wall_3mx20cm_Conference_Door,1.41,0.67,-1.39
118.003,0,Wall_3mx20cm_Conference_Door,1.41,0.68,-1.42
118.045,0,Wall_3mx20cm_Conference_Door,1.41,0.70,-1.45
118.072,0,Wall_3mx20cm_Conference_Door,1.41,0.71,-1.47
118.100,0,Wall_3mx20cm_Conference_Door,1.41,0.73,-1.50
118.141,0,Wall_3mx20cm_Conference_Door,1.41,0.76,-1.53
118.169,0,Wall_3mx20cm_Conference_Door,1.41,0.76,-1.54
118.211,0,Wall_3mx20cm_Conference_Door,1.41,0.77,-1.57
118.239,0,Wall_3mx20cm_Conference_Door,1.41,0.77,-1.58
118.267,0,Wall_3mx20cm_Conference_Door,1.41,0.77,-1.59
118.308,0,Wall_3mx20cm_Conference_Door,1.41,0.77,-1.60
118.336,0,Wall_3mx20cm_Conference_Door,1.41,0.76,-1.60
118.378,0,Wall_3mx20cm_Conference_Door,1.41,0.74,-1.58
118.406,0,Wall_3mx20cm_Conference_Door,1.41,0.73,-1.57
118.434,0,Wall_3mx20cm_Conference_Door,1.41,0.71,-1.55
118.476,0,Wall_3mx20cm_Conference_Door,1.41,0.67,-1.51
118.503,0,Wall_3mx20cm_Conference_Door,1.41,0.66,-1.48
118.545,0,Wall_3mx20cm_Conference_Door,1.41,0.65,-1.42
118.573,0,Wall_3mx20cm_Conference_Door,1.41,0.63,-1.38
118.601,0,Wall_3mx20cm_Conference_Door,1.41,0.60,-1.34
118.643,0,Wall_3mx20cm_Conference_Door,1.41,0.56,-1.27
118.670,0,Wall_3mx20cm_Conference_Door,1.41,0.54,-1.23
118.712,0,Wall_3mx20cm_Conference_Door,1.41,0.52,-1.16
118.740,0,Wall_3mx20cm_Conference_Door,1.41,0.51,-1.12
118.768,0,Wall_3mx20cm_Door (1),1.41,0.50,-1.07
118.810,0,Wall_3mx20cm_Door (1),1.41,0.49,-1.00
118.838,0,Wall_3mx20cm_Door (1),1.41,0.49,-0.96
118.865,0,Wall_3mx20cm_Door (1),1.41,0.48,-0.91
118.908,0,Wall_3mx20cm_Door (1),1.41,0.48,-0.85
118.935,0,Wall_3mx20cm_Door (1),1.41,0.49,-0.80
118.977,0,Wall_3mx20cm_Door (1),1.41,0.49,-0.75
119.004,0,Wall_3mx20cm_Door (1),1.41,0.49,-0.71
119.032,0,Wall_3mx20cm_Door (1),1.41,0.50,-0.67
119.075,0,Wall_3mx20cm_Door (1),1.41,0.51,-0.62
119.103,0,Wall_3mx20cm_Door (1),1.41,0.51,-0.60
119.144,0,Wall_3mx20cm_Door (1),1.41,0.51,-0.57
119.172,0,Wall_3mx20cm_Door (1),1.41,0.51,-0.55
119.200,0,Wall_3mx20cm_Door (1),1.41,0.51,-0.55
119.242,0,Wall_3mx20cm_Door (1),1.41,0.50,-0.54
119.269,0,Wall_3mx20cm_Door (1),1.41,0.49,-0.54
119.311,0,Wall_3mx20cm_Door (1),1.41,0.47,-0.54
119.339,0,Wall_3mx20cm_Door (1),1.41,0.47,-0.54
119.366,0,Wall_3mx20cm_Door (1),1.41,0.46,-0.55
119.408,0,Wall_3mx20cm_Door (1),1.41,0.45,-0.56
119.436,0,Wall_3mx20cm_Door (1),1.41,0.43,-0.57
119.478,0,Wall_3mx20cm_Door (1),1.41,0.42,-0.60
119.506,0,Wall_3mx20cm_Door (1),1.41,0.42,-0.61
119.535,0,Wall_3mx20cm_Door (1),1.41,0.41,-0.62
119.575,0,Wall_3mx20cm_Door (1),1.41,0.39,-0.64
119.603,0,Wall_3mx20cm_Door (1),1.41,0.39,-0.65
119.645,0,Wall_3mx20cm_Door (1),1.41,0.40,-0.66
119.673,0,Wall_3mx20cm_Door (1),1.41,0.40,-0.66
119.700,0,Wall_3mx20cm_Door (1),1.41,0.40,-0.67
119.742,0,Wall_3mx20cm_Door (1),1.41,0.40,-0.66
119.770,0,Wall_3mx20cm_Door (1),1.41,0.41,-0.66
119.799,0,Wall_3mx20cm_Door (1),1.41,0.43,-0.65
119.840,0,Wall_3mx20cm_Door (1),1.41,0.44,-0.62
119.868,0,Wall_3mx20cm_Door (1),1.41,0.45,-0.60
119.910,0,Wall_3mx20cm_Door (1),1.41,0.47,-0.58
119.938,0,Wall_3mx20cm_Door (1),1.41,0.47,-0.56
119.966,0,Wall_3mx20cm_Door (1),1.41,0.42,-0.54
120.007,0,Wall_3mx20cm_Door (1),1.41,0.35,-0.52
120.035,0,Wall_3mx20cm_Door (1),1.41,0.34,-0.50
120.077,0,Wall_3mx20cm_Door (1),1.41,0.33,-0.47
120.104,0,Wall_3mx20cm_Door (1),1.41,0.34,-0.45
120.132,0,Wall_3mx20cm_Door (1),1.41,0.35,-0.44
120.174,0,Wall_3mx20cm_Door (1),1.41,0.36,-0.43
120.202,0,Wall_3mx20cm_Door (1),1.41,0.36,-0.43
120.243,0,Wall_3mx20cm_Door (1),1.41,0.36,-0.44
120.275,0,Wall_3mx20cm_Door (1),1.41,0.34,-0.44
120.302,0,Wall_3mx20cm_Door (1),1.41,0.32,-0.44
120.344,0,Wall_3mx20cm_Door (1),1.41,0.30,-0.42
120.372,0,Wall_3mx20cm_Door (1),1.41,0.29,-0.40
120.415,0,Wall_3mx20cm_Door (1),1.41,0.27,-0.38
120.438,0,Wall_3mx20cm_Door (1),1.41,0.25,-0.37
120.466,0,Wall_3mx20cm_Door (1),1.41,0.23,-0.36
120.508,0,Wall_3mx20cm_Door (1),1.41,0.22,-0.36
120.536,0,Wall_3mx20cm_Door (1),1.41,0.21,-0.35
120.580,0,Wall_3mx20cm_Door (1),1.41,0.19,-0.34
120.605,0,Wall_3mx20cm_Door (1),1.41,0.19,-0.33
120.633,0,Wall_3mx20cm_Wood_Panels (2),1.41,0.19,-0.31
120.676,0,Wall_3mx20cm_Wood_Panels (2),1.49,0.18,-0.31
120.704,0,Wall_3mx20cm_Wood_Panels (2),1.54,0.17,-0.31
120.745,0,Wall_3mx20cm_Wood_Panels (2),1.60,0.15,-0.31
120.773,0,Wall_3mx20cm_Wood_Panels (2),1.61,0.15,-0.31
120.801,0,Wall_3mx20cm_Wood_Panels (2),1.61,0.15,-0.31
120.843,0,Wall_3mx20cm_Wood_Panels (2),1.60,0.15,-0.31
120.870,0,Wall_3mx20cm_Wood_Panels (2),1.59,0.15,-0.31
120.912,0,Wall_3mx20cm_Wood_Panels (2),1.56,0.15,-0.31
120.940,0,Wall_3mx20cm_Wood_Panels (2),1.55,0.14,-0.31
120.967,0,Wall_3mx20cm_Wood_Panels (2),1.55,0.14,-0.31
121.009,0,Wall_3mx20cm_Wood_Panels (2),1.58,0.14,-0.31
121.038,0,Wall_3mx20cm_Wood_Panels (2),1.61,0.12,-0.31
121.079,0,Wall_3mx20cm_Wood_Panels (2),1.64,0.12,-0.31
121.107,0,Wall_3mx20cm_Wood_Panels (2),1.67,0.11,-0.31
121.135,0,Wall_3mx20cm_Wood_Panels (2),1.68,0.11,-0.31
121.176,0,Wall_3mx20cm_Wood_Panels (2),1.72,0.11,-0.31
121.206,0,Wall_3mx20cm_Wood_Panels (2),1.74,0.10,-0.31
121.232,0,Wall_3mx20cm_Wood_Panels (2),1.76,0.10,-0.31
121.274,0,Wall_3mx20cm_Wood_Panels (2),1.77,0.10,-0.31
121.301,0,Wall_3mx20cm_Wood_Panels (2),1.77,0.11,-0.31
121.343,0,Wall_3mx20cm_Wood_Panels (2),1.75,0.12,-0.31
121.371,0,Wall_3mx20cm_Wood_Panels (2),1.74,0.12,-0.31
121.399,0,Wall_3mx20cm_Wood_Panels (2),1.72,0.12,-0.31
121.441,0,Wall_3mx20cm_Wood_Panels (2),1.71,0.13,-0.31
121.469,0,Wall_3mx20cm_Wood_Panels (2),1.71,0.13,-0.31
121.510,0,Wall_3mx20cm_Wood_Panels (2),1.73,0.12,-0.31
121.538,0,Wall_3mx20cm_Wood_Panels (2),1.74,0.12,-0.31
121.566,0,Wall_3mx20cm_Wood_Panels (2),1.76,0.12,-0.31
121.608,0,Wall_3mx20cm_Wood_Panels (2),1.78,0.11,-0.31
121.636,0,Wall_3mx20cm_Wood_Panels (2),1.78,0.11,-0.31
121.678,0,Wall_3mx20cm_Wood_Panels (2),1.79,0.11,-0.31
121.706,0,Wall_3mx20cm_Wood_Panels (2),1.80,0.11,-0.31
121.734,0,Wall_3mx20cm_Wood_Panels (2),1.80,0.11,-0.31
121.775,0,Wall_3mx20cm_Wood_Panels (2),1.80,0.11,-0.31
121.803,0,Wall_3mx20cm_Wood_Panels (2),1.80,0.11,-0.31
121.845,0,Wall_3mx20cm_Wood_Panels (2),1.82,0.12,-0.31
121.872,0,Wall_3mx20cm_Wood_Panels (2),1.85,0.12,-0.31
121.900,0,Wall_3mx20cm_Wood_Panels (2),1.87,0.12,-0.31
121.942,0,Wall_3mx20cm_Wood_Panels (2),1.96,0.11,-0.31
121.970,0,Wall_3mx20cm_Wood_Panels (2),2.00,0.10,-0.31
122.012,0,Wall_3mx20cm_Wood_Panels (2),2.10,0.10,-0.31
122.040,0,Wall_3mx20cm_Wood_Panels (2),2.16,0.09,-0.31
122.067,0,Wall_3mx20cm_Wood_Panels (2),2.21,0.09,-0.31
122.110,0,Wall_3mx20cm_Wood_Panels (2),2.28,0.09,-0.31
122.138,0,Wall_3mx20cm_Wood_Panels (2),2.33,0.08,-0.31
122.179,0,Wall_3mx20cm_Wood_Panels (2),2.40,0.09,-0.31
122.206,0,Wall_3mx20cm_Wood_Panels (2),2.44,0.08,-0.31
122.234,0,Wall_3mx20cm_Wood_Panels (2),2.47,0.08,-0.31
122.276,0,Wall_3mx20cm_Wood_Panels (2),2.51,0.09,-0.31
122.304,0,Wall_3mx20cm_Wood_Panels (2),2.54,0.08,-0.31
122.346,0,Wall_3mx20cm_Wood_Panels (2),2.58,0.08,-0.31
122.374,0,Wall_3mx20cm_Wood_Panels (2),2.60,0.08,-0.31
122.401,0,Wall_3mx20cm_Wood_Panels (2),2.63,0.07,-0.31
122.444,0,Wall_3mx20cm_Wood_Panels (2),2.66,0.07,-0.31
122.471,0,Wall_3mx20cm_Wood_Panels (2),2.68,0.06,-0.31
122.499,0,Wall_3mx20cm_Wood_Panels (2),2.70,0.06,-0.31
122.541,0,Wall_3mx20cm_Wood_Panels (2),2.74,0.06,-0.31
122.568,0,Wall_3mx20cm_Wood_Panels (2),2.77,0.07,-0.31
122.610,0,Wall_3mx20cm_Wood_Panels (2),2.81,0.07,-0.31
122.638,0,Wall_3mx20cm_Wood_Panels (2),2.84,0.07,-0.31
122.666,0,Wall_3mx20cm_Wood_Panels (2),2.87,0.07,-0.31
122.708,0,Wall_3mx20cm_Wood_Panels (2),2.91,0.08,-0.31
122.736,0,Wall_3mx20cm_Wood_Panels (2),2.95,0.08,-0.31
122.777,0,Wall_3mx20cm_Wood_Panels (2),2.98,0.08,-0.31
122.806,0,Wall_3mx20cm_Wood_Panels (2),3.01,0.08,-0.31
122.833,0,Wall_3mx20cm_Wood_Panels (2),3.02,0.09,-0.31
122.875,0,Wall_3mx20cm_Wood_Panels (2),3.04,0.10,-0.31
122.903,0,Wall_3mx20cm_Wood_Panels (2),3.04,0.10,-0.31
122.944,0,Wall_3mx20cm_Wood_Panels (2),3.03,0.11,-0.31
122.973,0,Wall_3mx20cm_Wood_Panels (2),3.01,0.12,-0.31
123.000,0,Wall_3mx20cm_Wood_Panels (2),3.00,0.13,-0.31
123.041,0,Wall_3mx20cm_Wood_Panels (2),2.97,0.14,-0.31
123.070,0,Wall_3mx20cm_Wood_Panels (2),2.94,0.15,-0.31
123.111,0,Wall_3mx20cm_Wood_Panels (2),2.89,0.16,-0.31
123.140,0,Wall_3mx20cm_Wood_Panels (2),2.86,0.17,-0.31
123.167,0,Wall_3mx20cm_Wood_Panels (2),2.82,0.18,-0.31
123.210,0,Wall_3mx20cm_Wood_Panels (2),2.76,0.19,-0.31
123.236,0,Wall_3mx20cm_Wood_Panels (2),2.71,0.21,-0.31
123.279,0,Wall_3mx20cm_Wood_Panels (2),2.63,0.26,-0.31
123.306,0,Wall_3mx20cm_Wood_Panels (2),2.58,0.28,-0.31
123.335,0,Wall_3mx20cm_Wood_Panels (2),2.54,0.31,-0.31
123.375,0,Wall_3mx20cm_Wood_Panels (2),2.48,0.34,-0.31
123.404,0,Wall_3mx20cm_Wood_Panels (2),2.43,0.36,-0.31
123.446,0,Wall_3mx20cm_Wood_Panels (2),2.35,0.39,-0.31
123.474,0,Wall_3mx20cm_Wood_Panels (2),2.31,0.41,-0.31
123.501,0,Wall_3mx20cm_Wood_Panels (2),2.28,0.42,-0.31
123.543,0,Wall_3mx20cm_Wood_Panels (2),2.27,0.41,-0.31
123.571,0,Wall_3mx20cm_Wood_Panels (2),2.26,0.41,-0.31
123.599,0,Wall_3mx20cm_Wood_Panels (2),2.25,0.40,-0.31
123.641,0,Wall_3mx20cm_Wood_Panels (2),2.25,0.40,-0.31
123.668,0,Wall_3mx20cm_Wood_Panels (2),2.24,0.40,-0.31
123.710,0,Wall_3mx20cm_Wood_Panels (2),2.24,0.41,-0.31
123.738,0,Wall_3mx20cm_Wood_Panels (2),2.23,0.41,-0.31
123.766,0,Wall_3mx20cm_Wood_Panels (2),2.24,0.41,-0.31
123.808,0,Wall_3mx20cm_Wood_Panels (2),2.27,0.40,-0.31
123.835,0,Wall_3mx20cm_Wood_Panels (2),2.28,0.40,-0.31
123.877,0,Wall_3mx20cm_Wood_Panels (2),2.31,0.39,-0.31
123.905,0,Wall_3mx20cm_Wood_Panels (2),2.31,0.39,-0.31
123.932,0,Wall_3mx20cm_Wood_Panels (2),2.30,0.39,-0.31
123.974,0,Wall_3mx20cm_Wood_Panels (2),2.34,0.38,-0.31
124.002,0,Wall_3mx20cm_Wood_Panels (2),2.39,0.36,-0.31
124.044,0,Wall_3mx20cm_Wood_Panels (2),2.47,0.38,-0.31
124.072,0,Wall_3mx20cm_Wood_Panels (2),2.53,0.37,-0.31
124.099,0,Wall_3mx20cm_Wood_Panels (2),2.56,0.38,-0.31
124.141,0,Wall_3mx20cm_Wood_Panels (2),2.57,0.40,-0.31
124.169,0,Wall_3mx20cm_Wood_Panels (2),2.56,0.41,-0.31
124.211,0,Wall_3mx20cm_Wood_Panels (2),2.53,0.44,-0.31
124.239,0,Wall_3mx20cm_Wood_Panels (2),2.52,0.43,-0.31
124.266,0,Wall_3mx20cm_Wood_Panels (2),2.51,0.42,-0.31
124.309,0,Wall_3mx20cm_Wood_Panels (2),2.49,0.40,-0.31
124.336,0,Wall_3mx20cm_Wood_Panels (2),2.49,0.39,-0.31
124.378,0,Wall_3mx20cm_Wood_Panels (2),2.49,0.40,-0.31
124.406,0,Wall_3mx20cm_Wood_Panels (2),2.49,0.42,-0.31
124.434,0,Wall_3mx20cm_Wood_Panels (2),2.49,0.43,-0.31
124.476,0,Wall_3mx20cm_Wood_Panels (2),2.51,0.45,-0.31
124.503,0,Wall_3mx20cm_Wood_Panels (2),2.51,0.46,-0.31
124.545,0,Wall_3mx20cm_Wood_Panels (2),2.50,0.45,-0.31
124.573,0,Wall_3mx20cm_Wood_Panels (2),2.50,0.44,-0.31
124.601,0,Wall_3mx20cm_Wood_Panels (2),2.51,0.44,-0.31
124.643,0,Wall_3mx20cm_Wood_Panels (2),2.52,0.43,-0.31
124.670,0,Wall_3mx20cm_Wood_Panels (2),2.53,0.43,-0.31
124.699,0,Wall_3mx20cm_Wood_Panels (2),2.53,0.43,-0.31
124.740,0,Wall_3mx20cm_Wood_Panels (2),2.53,0.46,-0.31
124.768,0,Wall_3mx20cm_Wood_Panels (2),2.52,0.46,-0.31
124.810,0,Wall_3mx20cm_Wood_Panels (2),2.49,0.46,-0.31
124.837,0,Wall_3mx20cm_Wood_Panels (2),2.48,0.48,-0.31
124.866,0,Wall_3mx20cm_Wood_Panels (2),2.45,0.48,-0.31
124.907,0,Wall_3mx20cm_Wood_Panels (2),2.43,0.48,-0.31
124.935,0,Wall_3mx20cm_Wood_Panels (2),2.43,0.49,-0.31
124.977,0,Wall_3mx20cm_Wood_Panels (2),2.43,0.48,-0.31
125.005,0,Wall_3mx20cm_Wood_Panels (2),2.44,0.49,-0.31
125.032,0,Wall_3mx20cm_Wood_Panels (2),2.46,0.48,-0.31
125.074,0,Wall_3mx20cm_Wood_Panels (2),2.47,0.46,-0.31
125.102,0,Wall_3mx20cm_Wood_Panels (2),2.47,0.47,-0.31
125.144,0,Wall_3mx20cm_Wood_Panels (2),2.46,0.47,-0.31
125.172,0,Wall_3mx20cm_Wood_Panels (2),2.44,0.48,-0.31
125.200,0,Wall_3mx20cm_Wood_Panels (2),2.41,0.49,-0.31
125.241,0,Wall_3mx20cm_Wood_Panels (2),2.34,0.50,-0.31
125.269,0,Wall_3mx20cm_Wood_Panels (2),2.27,0.52,-0.31
125.313,0,Wall_3mx20cm_Wood_Panels (2),2.14,0.57,-0.31
125.339,0,Wall_3mx20cm_Wood_Panels (2),2.04,0.59,-0.31
125.367,0,Wall_3mx20cm_Wood_Panels (2),1.94,0.62,-0.31
125.408,0,Wall_3mx20cm_Wood_Panels (2),1.77,0.68,-0.31
125.437,0,Wall_3mx20cm_Wood_Panels (2),1.68,0.71,-0.31
125.478,0,Wall_3mx20cm_Wood_Panels (2),1.56,0.77,-0.31
125.507,0,Wall_3mx20cm_Wood_Panels (2),1.48,0.79,-0.31
125.534,0,Wall_3mx20cm_Wood_Panels (2),1.42,0.80,-0.31
125.576,0,Wall_3mx20cm_Door (1),1.41,0.78,-0.32
125.603,0,Wall_3mx20cm_Door (1),1.41,0.77,-0.34
125.645,0,Wall_3mx20cm_Door (1),1.41,0.77,-0.35
125.673,0,Wall_3mx20cm_Door (1),1.41,0.76,-0.35
125.701,0,Wall_3mx20cm_Door (1),1.41,0.74,-0.36
125.743,0,Wall_3mx20cm_Door (1),1.41,0.76,-0.37
125.770,0,Wall_3mx20cm_Door (1),1.41,0.76,-0.39
125.813,0,Wall_3mx20cm_Door (1),1.41,0.79,-0.43
125.840,0,Wall_3mx20cm_Door (1),1.41,0.82,-0.49
125.869,0,Wall_3mx20cm_Door (1),1.41,0.82,-0.55
125.910,0,Wall_3mx20cm_Door (1),1.41,0.82,-0.63
125.938,0,Wall_3mx20cm_Door (1),1.41,0.81,-0.69
125.966,0,Wall_3mx20cm_Door (1),1.41,0.81,-0.73
126.007,0,Wall_3mx20cm_Door (1),1.41,0.81,-0.80
126.035,0,Wall_3mx20cm_Door (1),1.41,0.81,-0.83
126.077,0,Wall_3mx20cm_Door (1),1.41,0.81,-0.86
126.105,0,Wall_3mx20cm_Door (1),1.41,0.81,-0.88
126.132,0,Wall_3mx20cm_Door (1),1.41,0.83,-0.89
126.175,0,Wall_3mx20cm_Door (1),1.41,0.81,-0.90
126.203,0,Wall_3mx20cm_Door (1),1.41,0.84,-0.91
126.244,0,Wall_3mx20cm_Door (1),1.41,0.87,-0.93
126.272,0,Wall_3mx20cm_Door (1),1.41,0.92,-0.94
126.300,0,Wall_3mx20cm_Door (1),1.41,0.93,-0.94
126.342,0,Wall_3mx20cm_Door (1),1.41,0.92,-0.95
126.369,0,Wall_3mx20cm_Door (1),1.41,0.92,-0.94
126.412,0,Wall_3mx20cm_Door (1),1.41,0.92,-0.94
126.440,0,Wall_3mx20cm_Door (1),1.41,0.91,-0.94
126.467,0,Wall_3mx20cm_Door (1),1.41,0.91,-0.93
126.509,0,Wall_3mx20cm_Door (1),1.41,0.86,-0.93
126.537,0,Wall_3mx20cm_Door (1),1.41,0.83,-0.92
126.578,0,Wall_3mx20cm_Door (1),1.41,0.81,-0.91
126.606,0,Wall_3mx20cm_Door (1),1.41,0.79,-0.90
126.634,0,Wall_3mx20cm_Door (1),1.41,0.79,-0.89
126.676,0,Wall_3mx20cm_Door (1),1.41,0.79,-0.89
126.704,0,Wall_3mx20cm_Door (1),1.41,0.79,-0.89
126.746,0,Wall_3mx20cm_Door (1),1.41,0.83,-0.87
126.773,0,Wall_3mx20cm_Door (1),1.41,0.83,-0.86
126.801,0,Wall_3mx20cm_Door (1),1.41,0.83,-0.84
126.843,0,Wall_3mx20cm_Door (1),1.41,0.81,-0.81
126.871,0,Wall_3mx20cm_Door (1),1.41,0.82,-0.79
126.913,0,Wall_3mx20cm_Door (1),1.41,0.84,-0.75
126.940,0,Wall_3mx20cm_Door (1),1.41,0.85,-0.73
126.968,0,Wall_3mx20cm_Door (1),1.41,0.84,-0.72
127.010,0,Wall_3mx20cm_Door (1),1.41,0.81,-0.72
127.037,0,Wall_3mx20cm_Door (1),1.41,0.80,-0.72
127.065,0,Wall_3mx20cm_Door (1),1.41,0.79,-0.73
127.107,0,Wall_3mx20cm_Door (1),1.41,0.80,-0.75
127.135,0,Wall_3mx20cm_Door (1),1.41,0.82,-0.76
127.177,0,Wall_3mx20cm_Door (1),1.41,0.84,-0.78
127.205,0,Wall_3mx20cm_Door (1),1.41,0.84,-0.79
127.233,0,Wall_3mx20cm_Door (1),1.41,0.85,-0.80
127.274,0,Wall_3mx20cm_Door (1),1.41,0.87,-0.81
127.303,0,Wall_3mx20cm_Door (1),1.41,0.88,-0.81
127.344,0,Wall_3mx20cm_Door (1),1.41,0.87,-0.81
127.372,0,Wall_3mx20cm_Door (1),1.41,0.86,-0.81
127.400,0,Wall_3mx20cm_Door (1),1.41,0.87,-0.81
127.441,0,Wall_3mx20cm_Door (1),1.41,0.87,-0.81
127.469,0,Wall_3mx20cm_Door (1),1.41,0.87,-0.80
127.511,0,Wall_3mx20cm_Door (1),1.41,0.88,-0.79
127.539,0,Wall_3mx20cm_Door (1),1.41,0.89,-0.79
127.567,0,Wall_3mx20cm_Door (1),1.41,0.89,-0.79
127.608,0,Wall_3mx20cm_Door (1),1.41,0.90,-0.79
127.637,0,Wall_3mx20cm_Door (1),1.41,0.91,-0.79
127.678,0,Wall_3mx20cm_Door (1),1.41,0.92,-0.79
127.706,0,Wall_3mx20cm_Door (1),1.41,0.91,-0.79
127.734,0,Wall_3mx20cm_Door (1),1.41,0.90,-0.78
127.776,0,Wall_3mx20cm_Door (1),1.41,0.90,-0.76
127.804,0,Wall_3mx20cm_Door (1),1.41,0.89,-0.74
127.845,0,Wall_3mx20cm_Door (1),1.41,0.88,-0.72
127.873,0,Wall_3mx20cm_Door (1),1.41,0.89,-0.70
127.901,0,Wall_3mx20cm_Door (1),1.41,0.88,-0.69
127.943,0,Wall_3mx20cm_Door (1),1.41,0.88,-0.67
127.970,0,Wall_3mx20cm_Door (1),1.41,0.88,-0.65
128.012,0,Wall_3mx20cm_Door (1),1.41,0.88,-0.62
128.040,0,Wall_3mx20cm_Door (1),1.41,0.87,-0.59
128.068,0,Wall_3mx20cm_Door (1),1.41,0.87,-0.57
128.109,0,Wall_3mx20cm_Door (1),1.41,0.87,-0.54
128.137,0,Wall_3mx20cm_Door (1),1.41,0.87,-0.52
128.165,0,Wall_3mx20cm_Door (1),1.41,0.86,-0.50
128.207,0,Wall_3mx20cm_Door (1),1.41,0.87,-0.48
128.236,0,Wall_3mx20cm_Door (1),1.41,0.87,-0.46
128.276,0,Wall_3mx20cm_Door (1),1.41,0.85,-0.43
128.305,0,Wall_3mx20cm_Door (1),1.41,0.85,-0.41
128.332,0,Wall_3mx20cm_Door (1),1.41,0.84,-0.39
128.374,0,Wall_3mx20cm_Door (1),1.41,0.82,-0.36
128.403,0,Wall_3mx20cm_Door (1),1.41,0.81,-0.35
128.444,0,Wall_3mx20cm_Door (1),1.41,0.82,-0.33
128.472,0,Wall_3mx20cm_Door (1),1.41,0.81,-0.32
128.499,0,Wall_3mx20cm_Door (1),1.41,0.80,-0.32
128.541,0,Wall_3mx20cm_Door (1),1.41,0.81,-0.32
128.570,0,Wall_3mx20cm_Door (1),1.41,0.82,-0.33
128.611,0,Wall_3mx20cm_Door (1),1.41,0.81,-0.32
128.639,0,Wall_3mx20cm_Door (1),1.41,0.77,-0.32
128.667,0,Wall_3mx20cm_Door (1),1.41,0.76,-0.33
128.708,0,Wall_3mx20cm_Door (1),1.41,0.74,-0.33
128.736,0,Wall_3mx20cm_Door (1),1.41,0.72,-0.33
128.778,0,Wall_3mx20cm_Door (1),1.41,0.72,-0.34
128.806,0,Wall_3mx20cm_Door (1),1.41,0.70,-0.35
128.834,0,Wall_3mx20cm_Door (1),1.41,0.68,-0.36
128.876,0,Wall_3mx20cm_Door (1),1.41,0.66,-0.36
128.903,0,Wall_3mx20cm_Door (1),1.41,0.63,-0.37
128.932,0,Wall_3mx20cm_Door (1),1.41,0.60,-0.37
128.972,0,Wall_3mx20cm_Door (1),1.41,0.55,-0.38
129.001,0,Wall_3mx20cm_Door (1),1.41,0.53,-0.37
129.042,0,Wall_3mx20cm_Door (1),1.41,0.50,-0.36
129.070,0,Wall_3mx20cm_Door (1),1.41,0.50,-0.35
129.099,0,Wall_3mx20cm_Door (1),1.41,0.50,-0.34
129.140,0,Wall_3mx20cm_Door (1),1.41,0.50,-0.32
129.168,0,Wall_3mx20cm_Wood_Panels (2),1.41,0.51,-0.31
129.209,0,Wall_3mx20cm_Wood_Panels (2),1.47,0.50,-0.31
129.237,0,Wall_3mx20cm_Wood_Panels (2),1.51,0.49,-0.31
129.279,0,Wall_3mx20cm_Wood_Panels (2),1.55,0.46,-0.31
129.307,0,Wall_3mx20cm_Wood_Panels (2),1.57,0.44,-0.31
129.334,0,Wall_3mx20cm_Wood_Panels (2),1.61,0.44,-0.31
129.376,0,Wall_3mx20cm_Wood_Panels (2),1.67,0.43,-0.31
129.404,0,Wall_3mx20cm_Wood_Panels (2),1.70,0.42,-0.31
129.446,0,Wall_3mx20cm_Wood_Panels (2),1.75,0.42,-0.31
129.474,0,Wall_3mx20cm_Wood_Panels (2),1.78,0.42,-0.31
129.501,0,Wall_3mx20cm_Wood_Panels (2),1.80,0.41,-0.31
129.544,0,Wall_3mx20cm_Wood_Panels (2),1.83,0.42,-0.31
129.571,0,Wall_3mx20cm_Wood_Panels (2),1.87,0.43,-0.31
129.599,0,Wall_3mx20cm_Wood_Panels (2),1.91,0.42,-0.31
129.642,0,Wall_3mx20cm_Wood_Panels (2),2.01,0.40,-0.31
129.669,0,Wall_3mx20cm_Wood_Panels (2),2.09,0.38,-0.31
129.710,0,Wall_3mx20cm_Wood_Panels (2),2.23,0.35,-0.31
129.738,0,Wall_3mx20cm_Wood_Panels (2),2.33,0.32,-0.31
129.767,0,Wall_3mx20cm_Wood_Panels (2),2.43,0.29,-0.31
129.809,0,Wall_3mx20cm_Wood_Panels (2),2.58,0.24,-0.31
129.837,0,Wall_3mx20cm_Wood_Panels (2),2.67,0.22,-0.31
129.878,0,Wall_3mx20cm_Wood_Panels (2),2.79,0.20,-0.31
129.906,0,Wall_3mx20cm_Wood_Panels (2),2.84,0.21,-0.31
129.934,0,Wall_3mx20cm_Wood_Panels (2),2.86,0.21,-0.31
129.975,0,Wall_3mx20cm_Wood_Panels (2),2.86,0.20,-0.31
130.002,0,Wall_3mx20cm_Wood_Panels (2),2.85,0.19,-0.31
130.045,0,Wall_3mx20cm_Wood_Panels (2),2.82,0.13,-0.31
130.073,0,Wall_3mx20cm_Wood_Panels (2),2.81,0.08,-0.31
130.100,0,Wall_3mx20cm_Wood_Panels (2),2.78,0.02,-0.31
130.142,0,Wall_3mx20cm_Wood_Panels (2),2.69,-0.07,-0.31
130.170,0,Wall_3mx20cm_Wood_Panels (2),2.66,-0.14,-0.31
130.212,0,Wall_3mx20cm_Wood_Panels (2),2.62,-0.25,-0.31
130.240,0,Wall_3mx20cm_Wood_Panels (2),2.57,-0.29,-0.31
130.267,0,Wall_3mx20cm_Wood_Panels (2),2.54,-0.31,-0.31
130.310,0,Wall_3mx20cm_Wood_Panels (2),2.51,-0.38,-0.31
130.337,0,Wall_3mx20cm_Wood_Panels (2),2.48,-0.45,-0.31
130.379,0,Wall_3mx20cm_Wood_Panels (2),2.42,-0.47,-0.31
130.407,0,Wall_3mx20cm_Wood_Panels (2),2.38,-0.48,-0.31
130.434,0,Wall_3mx20cm_Wood_Panels (2),2.34,-0.46,-0.31
130.476,0,Wall_3mx20cm_Wood_Panels (2),2.28,-0.46,-0.31
130.505,0,Wall_3mx20cm_Wood_Panels (2),2.23,-0.46,-0.31
130.546,0,Wall_3mx20cm_Wood_Panels (2),2.13,-0.44,-0.31
130.575,0,Wall_3mx20cm_Wood_Panels (2),2.05,-0.46,-0.31
130.602,0,Wall_3mx20cm_Wood_Panels (2),1.96,-0.46,-0.31
130.644,0,Wall_3mx20cm_Wood_Panels (2),1.80,-0.43,-0.31
130.671,0,Wall_3mx20cm_Wood_Panels (2),1.67,-0.42,-0.31
130.713,0,Wall_3mx20cm_Wood_Panels (2),1.41,-0.39,-0.31
130.741,0,Wall_3mx20cm_Door (1),1.41,-0.34,-0.35
130.769,0,Wall_3mx20cm_Door (1),1.41,-0.31,-0.40
130.810,0,Wall_3mx20cm_Door (1),1.41,-0.31,-0.46
130.838,0,Wall_3mx20cm_Door (1),1.41,-0.29,-0.50
130.867,0,Wall_3mx20cm_Door (1),1.41,-0.28,-0.54
130.908,0,Wall_3mx20cm_Door (1),1.41,-0.27,-0.60
130.936,0,Wall_3mx20cm_Door (1),1.41,-0.26,-0.64
130.977,0,Wall_3mx20cm_Door (1),1.41,-0.27,-0.70
131.005,0,Wall_3mx20cm_Door (1),1.41,-0.26,-0.74
131.033,0,Wall_3mx20cm_Door (1),1.41,-0.22,-0.75
131.075,0,Wall_3mx20cm_Door (1),1.41,-0.20,-0.77
131.103,0,Wall_3mx20cm_Door (1),1.41,-0.21,-0.77
131.145,0,Wall_3mx20cm_Door (1),1.41,-0.19,-0.77
131.173,0,Wall_3mx20cm_Door (1),1.41,-0.18,-0.77
131.200,0,Wall_3mx20cm_Door (1),1.41,-0.19,-0.76
131.242,0,Wall_3mx20cm_Door (1),1.41,-0.13,-0.73
131.270,0,Wall_3mx20cm_Door (1),1.41,-0.11,-0.72
131.312,0,Wall_3mx20cm_Door (1),1.41,-0.06,-0.71
131.340,0,Wall_3mx20cm_Door (1),1.41,-0.03,-0.72
131.368,0,Wall_3mx20cm_Door (1),1.41,-0.04,-0.74
131.410,0,Wall_3mx20cm_Door (1),1.41,-0.06,-0.78
131.438,0,Wall_3mx20cm_Door (1),1.41,-0.07,-0.80
131.479,0,Wall_3mx20cm_Door (1),1.41,-0.10,-0.83
131.507,0,Wall_3mx20cm_Door (1),1.41,-0.13,-0.84
131.534,0,Wall_3mx20cm_Door (1),1.41,-0.10,-0.84
131.577,0,Wall_3mx20cm_Door (1),1.41,-0.09,-0.82
131.605,0,Wall_3mx20cm_Door (1),1.41,-0.07,-0.82
131.633,0,Wall_3mx20cm_Door (1),1.41,-0.06,-0.81
131.674,0,Wall_3mx20cm_Door (1),1.41,-0.08,-0.78
131.702,0,Wall_3mx20cm_Door (1),1.41,-0.06,-0.77
131.743,0,Wall_3mx20cm_Door (1),1.41,-0.01,-0.72
131.771,0,Wall_3mx20cm_Door (1),1.41,-0.01,-0.67
131.813,0,Wall_3mx20cm_Door (1),1.41,-0.05,-0.59
131.841,0,Wall_3mx20cm_Door (1),1.41,-0.05,-0.56
131.869,0,Wall_3mx20cm_Door (1),1.41,-0.07,-0.54
131.911,0,Wall_3mx20cm_Door (1),1.41,-0.11,-0.50
131.938,0,Wall_3mx20cm_Door (1),1.41,-0.11,-0.47
131.966,0,Wall_3mx20cm_Door (1),1.41,-0.11,-0.45
132.008,0,Wall_3mx20cm_Door (1),1.41,-0.13,-0.43
132.036,0,Wall_3mx20cm_Door (1),1.41,-0.12,-0.41
132.078,0,Wall_3mx20cm_Door (1),1.41,-0.09,-0.40
132.106,0,Wall_3mx20cm_Door (1),1.41,-0.09,-0.40
132.133,0,Wall_3mx20cm_Door (1),1.41,-0.07,-0.40
132.175,0,Wall_3mx20cm_Door (1),1.41,-0.06,-0.39
132.203,0,Wall_3mx20cm_Door (1),1.41,-0.05,-0.39
132.245,0,Wall_3mx20cm_Door (1),1.41,-0.07,-0.38
132.273,0,Wall_3mx20cm_Door (1),1.41,-0.07,-0.37
132.300,0,Wall_3mx20cm_Door (1),1.41,-0.07,-0.36
132.342,0,Wall_3mx20cm_Door (1),1.41,-0.08,-0.36
132.370,0,Wall_3mx20cm_Door (1),1.41,-0.07,-0.35
132.412,0,Wall_3mx20cm_Door (1),1.41,-0.07,-0.35
132.439,0,Wall_3mx20cm_Door (1),1.41,-0.07,-0.35
132.468,0,Wall_3mx20cm_Door (1),1.41,-0.06,-0.35
132.509,0,Wall_3mx20cm_Door (1),1.41,-0.04,-0.35
132.537,0,Wall_3mx20cm_Door (1),1.41,-0.04,-0.34
132.579,0,Wall_3mx20cm_Door (1),1.41,-0.04,-0.34
132.607,0,Wall_3mx20cm_Door (1),1.41,-0.04,-0.34
132.635,0,Wall_3mx20cm_Door (1),1.41,-0.01,-0.34
132.677,0,Wall_3mx20cm_Door (1),1.41,0.02,-0.33
132.704,0,Wall_3mx20cm_Door (1),1.41,0.04,-0.33
132.746,0,Wall_3mx20cm_Door (1),1.41,0.04,-0.32
132.774,0,Wall_3mx20cm_Door (1),1.41,0.05,-0.32
132.802,0,Wall_3mx20cm_Door (1),1.41,0.07,-0.32
132.844,0,Wall_3mx20cm_Door (1),1.41,0.09,-0.32
132.871,0,Wall_3mx20cm_Door (1),1.41,0.09,-0.31
132.913,0,Wall_3mx20cm_Door (1),1.41,0.09,-0.31
132.941,0,Wall_3mx20cm_Wood_Panels (2),1.43,0.08,-0.31
132.969,0,Wall_3mx20cm_Wood_Panels (2),1.46,0.06,-0.31
133.010,0,Wall_3mx20cm_Wood_Panels (2),1.49,0.05,-0.31
133.038,0,Wall_3mx20cm_Wood_Panels (2),1.51,0.05,-0.31
133.066,0,Wall_3mx20cm_Wood_Panels (2),1.54,0.04,-0.31
133.108,0,Wall_3mx20cm_Wood_Panels (2),1.57,0.06,-0.31
133.136,0,Wall_3mx20cm_Wood_Panels (2),1.59,0.06,-0.31
133.178,0,Wall_3mx20cm_Wood_Panels (2),1.59,0.06,-0.31
133.206,0,Wall_3mx20cm_Wood_Panels (2),1.60,0.06,-0.31
133.233,0,Wall_3mx20cm_Wood_Panels (2),1.61,0.04,-0.31
133.275,0,Wall_3mx20cm_Wood_Panels (2),1.61,0.04,-0.31
133.303,0,Wall_3mx20cm_Wood_Panels (2),1.62,0.04,-0.31
133.345,0,Wall_3mx20cm_Wood_Panels (2),1.61,0.05,-0.31
133.373,0,Wall_3mx20cm_Wood_Panels (2),1.61,0.04,-0.31
133.415,0,Wall_3mx20cm_Wood_Panels (2),1.62,0.05,-0.31
133.444,0,Wall_3mx20cm_Wood_Panels (2),1.62,0.05,-0.31
133.470,0,Wall_3mx20cm_Wood_Panels (2),1.63,0.04,-0.31
133.512,0,Wall_3mx20cm_Wood_Panels (2),1.64,0.08,-0.31
133.539,0,Wall_3mx20cm_Wood_Panels (2),1.64,0.07,-0.31
133.567,0,Wall_3mx20cm_Wood_Panels (2),1.64,0.07,-0.31
133.609,0,Wall_3mx20cm_Wood_Panels (2),1.55,0.05,-0.31
133.637,0,Wall_3mx20cm_Wood_Panels (2),1.46,0.02,-0.31
133.679,0,Wall_3mx20cm_Door (1),1.41,0.00,-0.32
133.707,0,Wall_3mx20cm_Door (1),1.41,0.00,-0.34
133.735,0,Wall_3mx20cm_Door (1),1.41,0.00,-0.34
133.776,0,Wall_3mx20cm_Door (1),1.41,-0.02,-0.34
133.805,0,Wall_3mx20cm_Door (1),1.41,-0.04,-0.35
133.846,0,Wall_3mx20cm_Door (1),1.41,-0.05,-0.36
133.874,0,Wall_3mx20cm_Door (1),1.41,-0.06,-0.37
133.902,0,Wall_3mx20cm_Door (1),1.41,-0.09,-0.39
133.944,0,Wall_3mx20cm_Door (1),1.41,-0.12,-0.44
133.972,0,Wall_3mx20cm_Door (1),1.41,-0.09,-0.48
134.013,0,Wall_3mx20cm_Door (1),1.41,-0.08,-0.56
134.041,0,Wall_3mx20cm_Door (1),1.41,-0.07,-0.63
134.069,0,Wall_3mx20cm_Door (1),1.41,-0.08,-0.70
134.111,0,Wall_3mx20cm_Door (1),1.41,-0.03,-0.87
134.139,0,Wall_3mx20cm_Door (1),1.41,-0.03,-0.99
134.167,0,Wall_3mx20cm_Door (1),1.41,-0.05,-1.07
134.209,0,Wall_3mx20cm_Conference_Door,1.41,-0.09,-1.15
134.236,0,Wall_3mx20cm_Conference_Door,1.41,-0.11,-1.20
134.278,0,Wall_3mx20cm_Conference_Door,1.41,-0.14,-1.25
134.306,0,Wall_3mx20cm_Conference_Door,1.41,-0.15,-1.26
134.334,0,Wall_3mx20cm_Conference_Door,1.41,-0.15,-1.26
134.376,0,Wall_3mx20cm_Conference_Door,1.41,-0.16,-1.26
134.404,0,Wall_3mx20cm_Conference_Door,1.41,-0.17,-1.26
134.446,0,Wall_3mx20cm_Conference_Door,1.41,-0.17,-1.24
134.473,0,Wall_3mx20cm_Conference_Door,1.41,-0.16,-1.22
134.501,0,Wall_3mx20cm_Conference_Door,1.41,-0.16,-1.20
134.543,0,Wall_3mx20cm_Conference_Door,1.41,-0.16,-1.16
134.570,0,Wall_3mx20cm_Conference_Door,1.41,-0.15,-1.14
134.612,0,Wall_3mx20cm_Conference_Door,1.41,-0.16,-1.11
134.640,0,Wall_3mx20cm_Door (1),1.41,-0.16,-1.09
134.668,0,Wall_3mx20cm_Door (1),1.41,-0.16,-1.07
134.709,0,Wall_3mx20cm_Door (1),1.41,-0.16,-1.05
134.738,0,Wall_3mx20cm_Door (1),1.41,-0.17,-1.03
134.779,0,Wall_3mx20cm_Door (1),1.41,-0.19,-1.00
134.807,0,Wall_3mx20cm_Door (1),1.41,-0.20,-0.98
134.835,0,Wall_3mx20cm_Door (1),1.41,-0.20,-0.96
134.876,0,Wall_3mx20cm_Door (1),1.41,-0.18,-0.94
134.904,0,Wall_3mx20cm_Door (1),1.41,-0.17,-0.92
134.946,0,Wall_3mx20cm_Door (1),1.41,-0.16,-0.88
134.974,0,Wall_3mx20cm_Door (1),1.41,-0.13,-0.84
135.001,0,Wall_3mx20cm_Door (1),1.41,-0.12,-0.79
135.043,0,Wall_3mx20cm_Door (1),1.41,-0.14,-0.72
135.071,0,Wall_3mx20cm_Door (1),1.41,-0.14,-0.66
135.113,0,Wall_3mx20cm_Door (1),1.41,-0.13,-0.58
135.141,0,Wall_3mx20cm_Door (1),1.41,-0.15,-0.53
135.168,0,Wall_3mx20cm_Door (1),1.41,-0.17,-0.50
135.210,0,Wall_3mx20cm_Door (1),1.41,-0.21,-0.46
135.238,0,Wall_3mx20cm_Door (1),1.41,-0.23,-0.43
135.280,0,Wall_3mx20cm_Door (1),1.41,-0.25,-0.39
135.308,0,Wall_3mx20cm_Door (1),1.41,-0.24,-0.37
135.336,0,Wall_3mx20cm_Door (1),1.41,-0.21,-0.35
135.377,0,Wall_3mx20cm_Door (1),1.41,-0.20,-0.33
135.405,0,Wall_3mx20cm_Door (1),1.41,-0.17,-0.33
135.447,0,Wall_3mx20cm_Wood_Panels (2),1.43,-0.15,-0.31
135.475,0,Wall_3mx20cm_Wood_Panels (2),1.48,-0.13,-0.31
135.503,0,Wall_3mx20cm_Wood_Panels (2),1.50,-0.13,-0.31
135.545,0,Wall_3mx20cm_Wood_Panels (2),1.53,-0.16,-0.31
135.572,0,Wall_3mx20cm_Wood_Panels (2),1.57,-0.16,-0.31
135.600,0,Wall_3mx20cm_Wood_Panels (2),1.59,-0.16,-0.31
135.642,0,Wall_3mx20cm_Wood_Panels (2),1.60,-0.16,-0.31
135.670,0,Wall_3mx20cm_Wood_Panels (2),1.62,-0.16,-0.31
135.711,0,Wall_3mx20cm_Wood_Panels (2),1.64,-0.18,-0.31
135.739,0,Wall_3mx20cm_Wood_Panels (2),1.64,-0.17,-0.31
135.767,0,Wall_3mx20cm_Wood_Panels (2),1.65,-0.17,-0.31
135.809,0,Wall_3mx20cm_Wood_Panels (2),1.68,-0.18,-0.31
135.837,0,Wall_3mx20cm_Wood_Panels (2),1.70,-0.18,-0.31
135.878,0,Wall_3mx20cm_Wood_Panels (2),1.75,-0.15,-0.31
135.906,0,Wall_3mx20cm_Wood_Panels (2),1.79,-0.15,-0.31
135.935,0,Wall_3mx20cm_Wood_Panels (2),1.82,-0.19,-0.31
135.977,0,Wall_3mx20cm_Wood_Panels (2),1.89,-0.20,-0.31
136.004,0,Wall_3mx20cm_Wood_Panels (2),1.91,-0.19,-0.31
136.046,0,Wall_3mx20cm_Wood_Panels (2),1.96,-0.20,-0.31
136.072,0,Wall_3mx20cm_Wood_Panels (2),1.99,-0.19,-0.31
136.102,0,Wall_3mx20cm_Wood_Panels (2),2.02,-0.17,-0.31
136.142,0,Wall_3mx20cm_Wood_Panels (2),2.04,-0.16,-0.31
136.170,0,Wall_3mx20cm_Wood_Panels (2),2.03,-0.15,-0.31
136.212,0,Wall_3mx20cm_Wood_Panels (2),2.06,-0.15,-0.31
136.239,0,Wall_3mx20cm_Wood_Panels (2),2.10,-0.14,-0.31
136.269,0,Wall_3mx20cm_Wood_Panels (2),2.14,-0.14,-0.31
136.310,0,Wall_3mx20cm_Wood_Panels (2),2.22,-0.18,-0.31
136.338,0,Wall_3mx20cm_Wood_Panels (2),2.29,-0.23,-0.31
136.380,0,Wall_3mx20cm_Wood_Panels (2),2.42,-0.25,-0.31
136.408,0,Wall_3mx20cm_Wood_Panels (2),2.50,-0.24,-0.31
136.435,0,Wall_3mx20cm_Wood_Panels (2),2.55,-0.23,-0.31
136.477,0,Wall_3mx20cm_Wood_Panels (2),2.61,-0.23,-0.31
136.505,0,Wall_3mx20cm_Wood_Panels (2),2.64,-0.25,-0.31
136.547,0,Wall_3mx20cm_Wood_Panels (2),2.67,-0.28,-0.31
136.574,0,Wall_3mx20cm_Wood_Panels (2),2.67,-0.28,-0.31
136.602,0,Wall_3mx20cm_Wood_Panels (2),2.67,-0.28,-0.31
136.644,0,Wall_3mx20cm_Wood_Panels (2),2.67,-0.27,-0.31
136.672,0,Wall_3mx20cm_Wood_Panels (2),2.67,-0.27,-0.31
136.714,0,Wall_3mx20cm_Wood_Panels (2),2.65,-0.28,-0.31
136.742,0,Wall_3mx20cm_Wood_Panels (2),2.65,-0.28,-0.31
136.769,0,Wall_3mx20cm_Wood_Panels (2),2.65,-0.31,-0.31
136.811,0,Wall_3mx20cm_Wood_Panels (2),2.64,-0.28,-0.31
136.839,0,Wall_3mx20cm_Wood_Panels (2),2.64,-0.25,-0.31
136.867,0,Wall_3mx20cm_Wood_Panels (2),2.64,-0.24,-0.31
136.909,0,Wall_3mx20cm_Wood_Panels (2),2.64,-0.24,-0.31
136.936,0,Wall_3mx20cm_Wood_Panels (2),2.65,-0.24,-0.31
136.979,0,Wall_3mx20cm_Wood_Panels (2),2.65,-0.24,-0.31
137.006,0,Wall_3mx20cm_Wood_Panels (2),2.66,-0.25,-0.31
137.034,0,Wall_3mx20cm_Wood_Panels (2),2.68,-0.25,-0.31
137.076,0,Wall_3mx20cm_Wood_Panels (2),2.67,-0.24,-0.31
137.104,0,Wall_3mx20cm_Wood_Panels (2),2.67,-0.23,-0.31
137.146,0,Wall_3mx20cm_Wood_Panels (2),2.66,-0.22,-0.31
137.174,0,Wall_3mx20cm_Wood_Panels (2),2.66,-0.22,-0.31
137.201,0,Wall_3mx20cm_Wood_Panels (2),2.65,-0.21,-0.31
137.243,0,Wall_3mx20cm_Wood_Panels (2),2.63,-0.21,-0.31
137.271,0,Wall_3mx20cm_Wood_Panels (2),2.63,-0.21,-0.31
137.313,0,Wall_3mx20cm_Wood_Panels (2),2.61,-0.20,-0.31
137.340,0,Wall_3mx20cm_Wood_Panels (2),2.61,-0.21,-0.31
137.368,0,Wall_3mx20cm_Wood_Panels (2),2.61,-0.21,-0.31
137.410,0,Wall_3mx20cm_Wood_Panels (2),2.62,-0.20,-0.31
137.438,0,Wall_3mx20cm_Wood_Panels (2),2.62,-0.20,-0.31
137.480,0,Wall_3mx20cm_Wood_Panels (2),2.62,-0.19,-0.31
137.508,0,Wall_3mx20cm_Wood_Panels (2),2.62,-0.20,-0.31
137.535,0,Wall_3mx20cm_Wood_Panels (2),2.62,-0.21,-0.31
137.578,0,Wall_3mx20cm_Wood_Panels (2),2.63,-0.21,-0.31
137.605,0,Wall_3mx20cm_Wood_Panels (2),2.62,-0.21,-0.31
137.647,0,Wall_3mx20cm_Wood_Panels (2),2.62,-0.22,-0.31
137.674,0,Wall_3mx20cm_Wood_Panels (2),2.62,-0.22,-0.31
137.703,0,Wall_3mx20cm_Wood_Panels (2),2.61,-0.21,-0.31
137.744,0,Wall_3mx20cm_Wood_Panels (2),2.61,-0.20,-0.31
137.773,0,Wall_3mx20cm_Wood_Panels (2),2.61,-0.20,-0.31
137.814,0,Wall_3mx20cm_Wood_Panels (2),2.59,-0.19,-0.31
137.842,0,Wall_3mx20cm_Wood_Panels (2),2.59,-0.19,-0.31
137.870,0,Wall_3mx20cm_Wood_Panels (2),2.59,-0.18,-0.31
137.911,0,Wall_3mx20cm_Wood_Panels (2),2.59,-0.17,-0.31
137.939,0,Wall_3mx20cm_Wood_Panels (2),2.59,-0.17,-0.31
137.981,0,Wall_3mx20cm_Wood_Panels (2),2.60,-0.17,-0.31
138.008,0,Wall_3mx20cm_Wood_Panels (2),2.59,-0.17,-0.31
138.036,0,Wall_3mx20cm_Wood_Panels (2),2.59,-0.19,-0.31
138.078,0,Wall_3mx20cm_Wood_Panels (2),2.58,-0.16,-0.31
138.106,0,Wall_3mx20cm_Wood_Panels (2),2.56,-0.15,-0.31
138.134,0,Wall_3mx20cm_Wood_Panels (2),2.55,-0.16,-0.31
138.176,0,Wall_3mx20cm_Wood_Panels (2),2.55,-0.17,-0.31
138.203,0,Wall_3mx20cm_Wood_Panels (2),2.54,-0.17,-0.31
138.245,0,Wall_3mx20cm_Wood_Panels (2),2.55,-0.17,-0.31
138.273,0,Wall_3mx20cm_Wood_Panels (2),2.54,-0.16,-0.31
138.302,0,Wall_3mx20cm_Wood_Panels (2),2.54,-0.16,-0.31
138.343,0,Wall_3mx20cm_Wood_Panels (2),2.53,-0.16,-0.31
138.371,0,Wall_3mx20cm_Wood_Panels (2),2.51,-0.16,-0.31
138.412,0,Wall_3mx20cm_Wood_Panels (2),2.49,-0.15,-0.31
138.440,0,Wall_3mx20cm_Wood_Panels (2),2.48,-0.16,-0.31
138.469,0,Wall_3mx20cm_Wood_Panels (2),2.47,-0.18,-0.31
138.510,0,Wall_3mx20cm_Wood_Panels (2),2.47,-0.17,-0.31
138.538,0,Wall_3mx20cm_Wood_Panels (2),2.48,-0.17,-0.31
138.579,0,Wall_3mx20cm_Wood_Panels (2),2.48,-0.17,-0.31
138.608,0,Wall_3mx20cm_Wood_Panels (2),2.47,-0.16,-0.31
138.635,0,Wall_3mx20cm_Wood_Panels (2),2.47,-0.16,-0.31
138.677,0,Wall_3mx20cm_Wood_Panels (2),2.48,-0.15,-0.31
138.705,0,Wall_3mx20cm_Wood_Panels (2),2.47,-0.15,-0.31
138.746,0,Wall_3mx20cm_Wood_Panels (2),2.48,-0.16,-0.31
138.775,0,Wall_3mx20cm_Wood_Panels (2),2.47,-0.14,-0.31
138.802,0,Wall_3mx20cm_Wood_Panels (2),2.45,-0.12,-0.31
138.844,0,Wall_3mx20cm_Wood_Panels (2),2.44,-0.10,-0.31
138.872,0,Wall_3mx20cm_Wood_Panels (2),2.42,-0.10,-0.31
138.914,0,Wall_3mx20cm_Wood_Panels (2),2.40,-0.09,-0.31
138.942,0,Wall_3mx20cm_Wood_Panels (2),2.40,-0.06,-0.31
138.969,0,Wall_3mx20cm_Wood_Panels (2),2.39,-0.03,-0.31
139.011,0,Wall_3mx20cm_Wood_Panels (2),2.38,-0.03,-0.31
139.039,0,Wall_3mx20cm_Wood_Panels (2),2.38,-0.04,-0.31
139.081,0,Wall_3mx20cm_Wood_Panels (2),2.37,-0.03,-0.31
139.109,0,Wall_3mx20cm_Wood_Panels (2),2.37,-0.06,-0.31
139.136,0,Wall_3mx20cm_Wood_Panels (2),2.37,-0.06,-0.31
139.178,0,Wall_3mx20cm_Wood_Panels (2),2.40,-0.05,-0.31
139.206,0,Wall_3mx20cm_Wood_Panels (2),2.40,-0.04,-0.31
139.248,0,Wall_3mx20cm_Wood_Panels (2),2.39,0.04,-0.31
139.276,0,Wall_3mx20cm_Wood_Panels (2),2.37,0.12,-0.31
139.303,0,Wall_3mx20cm_Wood_Panels (2),2.33,0.20,-0.31
139.346,0,Wall_3mx20cm_Wood_Panels (2),2.29,0.28,-0.31
139.373,0,Wall_3mx20cm_Wood_Panels (2),2.27,0.29,-0.31
139.401,0,Wall_3mx20cm_Wood_Panels (2),2.26,0.23,-0.31
139.442,0,Wall_3mx20cm_Wood_Panels (2),2.31,0.18,-0.31
139.470,0,Wall_3mx20cm_Wood_Panels (2),2.34,0.14,-0.31
139.513,0,Wall_3mx20cm_Wood_Panels (2),2.42,0.06,-0.31
139.540,0,Wall_3mx20cm_Wood_Panels (2),2.47,0.02,-0.31
139.568,0,Wall_3mx20cm_Wood_Panels (2),2.51,-0.04,-0.31
139.610,0,Wall_3mx20cm_Wood_Panels (2),2.61,-0.07,-0.31
139.638,0,Wall_3mx20cm_Wood_Panels (2),2.72,-0.08,-0.31
139.679,0,Wall_3mx20cm_Wood_Panels (2),2.89,-0.09,-0.31
139.707,0,Wall_3mx20cm_Wood_Panels (2),2.99,-0.09,-0.31
139.735,0,Wall_3mx20cm_Wood_Panels (2),3.06,-0.14,-0.31
139.777,0,Wall_3mx20cm_Wood_Panels (2),3.13,-0.16,-0.31
139.805,0,Wall_3mx20cm_Wood_Panels (2),3.17,-0.15,-0.31
139.847,0,Wall_3mx20cm_Wood_Panels (2),3.22,-0.18,-0.31
139.874,0,Wall_3mx20cm_Wood_Panels (2),3.26,-0.18,-0.31
139.902,0,Wall_3mx20cm_Wood_Panels (2),3.33,-0.20,-0.31
139.944,0,Wall_3mx20cm_Wood_Panels (2),3.45,-0.24,-0.31
139.972,0,Wall_3mx20cm_Wood_Panels (2),3.52,-0.26,-0.31
140.014,0,Wall_3mx20cm_Wood_Panels (2),3.59,-0.30,-0.31
140.040,0,Wall_3mx20cm_Wood_Panels (2),3.62,-0.30,-0.31
140.070,0,Wall_3mx20cm_Wood_Panels (2),3.64,-0.31,-0.31
140.111,0,Wall_3mx20cm_Wood_Panels (2),3.64,-0.33,-0.31
140.139,0,Wall_3mx20cm_Wood_Panels (2),3.63,-0.32,-0.31
140.180,0,Wall_3mx20cm_Wood_Panels (2),3.61,-0.32,-0.31
140.209,0,Wall_3mx20cm_Wood_Panels (2),3.58,-0.32,-0.31
140.236,0,Wall_3mx20cm_Wood_Panels (2),3.57,-0.31,-0.31
140.278,0,Wall_3mx20cm_Wood_Panels (2),3.56,-0.31,-0.31
140.306,0,Wall_3mx20cm_Wood_Panels (2),3.55,-0.31,-0.31
140.348,0,Wall_3mx20cm_Wood_Panels (2),3.53,-0.30,-0.31
140.375,0,Wall_3mx20cm_Wood_Panels (2),3.52,-0.28,-0.31
140.402,0,Wall_3mx20cm_Wood_Panels (2),3.51,-0.28,-0.31
140.445,0,Wall_3mx20cm_Wood_Panels (2),3.49,-0.28,-0.31
140.474,0,Wall_3mx20cm_Wood_Panels (2),3.50,-0.27,-0.31
140.501,0,Wall_3mx20cm_Wood_Panels (2),3.51,-0.28,-0.31
140.543,0,Wall_3mx20cm_Wood_Panels (2),3.52,-0.29,-0.31
140.570,0,Wall_3mx20cm_Wood_Panels (2),3.53,-0.30,-0.31
140.611,0,Wall_3mx20cm_Wood_Panels (2),3.55,-0.31,-0.31
140.640,0,Wall_3mx20cm_Wood_Panels (2),3.56,-0.31,-0.31
140.681,0,Wall_3mx20cm_Wood_Panels (2),3.56,-0.31,-0.31
140.710,0,Wall_3mx20cm_Wood_Panels (2),3.56,-0.30,-0.31
140.737,0,Wall_3mx20cm_Wood_Panels (2),3.56,-0.28,-0.31
140.779,0,Wall_3mx20cm_Wood_Panels (2),3.54,-0.30,-0.31
140.806,0,Wall_3mx20cm_Wood_Panels (2),3.53,-0.31,-0.31
140.835,0,Wall_3mx20cm_Wood_Panels (2),3.53,-0.30,-0.31
140.876,0,Wall_3mx20cm_Wood_Panels (2),3.52,-0.31,-0.31
140.905,0,Wall_3mx20cm_Wood_Panels (2),3.51,-0.30,-0.31
140.946,0,Wall_3mx20cm_Wood_Panels (2),3.51,-0.31,-0.31
140.974,0,Wall_3mx20cm_Wood_Panels (2),3.51,-0.31,-0.31
141.001,0,Wall_3mx20cm_Wood_Panels (2),3.51,-0.30,-0.31
141.043,0,Wall_3mx20cm_Wood_Panels (2),3.51,-0.30,-0.31
141.071,0,Wall_3mx20cm_Wood_Panels (2),3.51,-0.30,-0.31
141.113,0,Wall_3mx20cm_Wood_Panels (2),3.51,-0.28,-0.31
141.141,0,Wall_3mx20cm_Wood_Panels (2),3.50,-0.29,-0.31
141.169,0,Wall_3mx20cm_Wood_Panels (2),3.49,-0.28,-0.31
141.210,0,Wall_3mx20cm_Wood_Panels (2),3.47,-0.28,-0.31
141.238,0,Wall_3mx20cm_Wood_Panels (2),3.45,-0.27,-0.31
141.280,0,Wall_3mx20cm_Wood_Panels (2),3.41,-0.25,-0.31
141.309,0,Wall_3mx20cm_Wood_Panels (2),3.39,-0.24,-0.31
141.336,0,Wall_3mx20cm_Wood_Panels (2),3.37,-0.24,-0.31
141.378,0,Wall_3mx20cm_Wood_Panels (2),3.33,-0.23,-0.31
141.405,0,Wall_3mx20cm_Wood_Panels (2),3.32,-0.22,-0.31
141.447,0,Wall_3mx20cm_Wood_Panels (2),3.31,-0.23,-0.31
141.475,0,Wall_3mx20cm_Wood_Panels (2),3.30,-0.23,-0.31
141.503,0,Wall_3mx20cm_Wood_Panels (2),3.30,-0.23,-0.31
141.545,0,Wall_3mx20cm_Wood_Panels (2),3.31,-0.23,-0.31
141.573,0,Wall_3mx20cm_Wood_Panels (2),3.31,-0.23,-0.31
141.614,0,Wall_3mx20cm_Wood_Panels (2),3.31,-0.23,-0.31
141.642,0,Wall_3mx20cm_Wood_Panels (2),3.31,-0.23,-0.31
141.670,0,Wall_3mx20cm_Wood_Panels (2),3.31,-0.23,-0.31
141.712,0,Wall_3mx20cm_Wood_Panels (2),3.31,-0.21,-0.31
141.739,0,Wall_3mx20cm_Wood_Panels (2),3.31,-0.22,-0.31
141.781,0,Wall_3mx20cm_Wood_Panels (2),3.30,-0.21,-0.31
141.809,0,Wall_3mx20cm_Wood_Panels (2),3.31,-0.20,-0.31
141.837,0,Wall_3mx20cm_Wood_Panels (2),3.31,-0.21,-0.31
141.879,0,Wall_3mx20cm_Wood_Panels (2),3.32,-0.20,-0.31
141.906,0,Wall_3mx20cm_Wood_Panels (2),3.31,-0.20,-0.31
141.948,0,Wall_3mx20cm_Wood_Panels (2),3.31,-0.20,-0.31
141.976,0,Wall_3mx20cm_Wood_Panels (2),3.31,-0.20,-0.31
142.004,0,Wall_3mx20cm_Wood_Panels (2),3.30,-0.19,-0.31
142.046,0,Wall_3mx20cm_Wood_Panels (2),3.29,-0.18,-0.31
142.073,0,Wall_3mx20cm_Wood_Panels (2),3.30,-0.18,-0.31
142.102,0,Wall_3mx20cm_Wood_Panels (2),3.30,-0.18,-0.31
142.144,0,Wall_3mx20cm_Wood_Panels (2),3.30,-0.19,-0.31
142.172,0,Wall_3mx20cm_Wood_Panels (2),3.31,-0.19,-0.31
142.214,0,Wall_3mx20cm_Wood_Panels (2),3.29,-0.19,-0.31
142.241,0,Wall_3mx20cm_Wood_Panels (2),3.28,-0.20,-0.31
142.269,0,Wall_3mx20cm_Wood_Panels (2),3.28,-0.19,-0.31
142.311,0,Wall_3mx20cm_Wood_Panels (2),3.28,-0.19,-0.31
142.338,0,Wall_3mx20cm_Wood_Panels (2),3.28,-0.18,-0.31
142.380,0,Wall_3mx20cm_Wood_Panels (2),3.29,-0.17,-0.31
142.408,0,Wall_3mx20cm_Wood_Panels (2),3.29,-0.17,-0.31
142.436,0,Wall_3mx20cm_Wood_Panels (2),3.29,-0.17,-0.31
142.477,0,Wall_3mx20cm_Wood_Panels (2),3.30,-0.19,-0.31
142.505,0,Wall_3mx20cm_Wood_Panels (2),3.30,-0.19,-0.31
142.547,0,Wall_3mx20cm_Wood_Panels (2),3.31,-0.19,-0.31
142.574,0,Wall_3mx20cm_Wood_Panels (2),3.31,-0.19,-0.31
142.603,0,Wall_3mx20cm_Wood_Panels (2),3.31,-0.19,-0.31
142.644,0,Wall_3mx20cm_Wood_Panels (2),3.30,-0.18,-0.31
142.671,0,Wall_3mx20cm_Wood_Panels (2),3.30,-0.18,-0.31
142.714,0,Wall_3mx20cm_Wood_Panels (2),3.29,-0.18,-0.31
142.742,0,Wall_3mx20cm_Wood_Panels (2),3.29,-0.19,-0.31
142.770,0,Wall_3mx20cm_Wood_Panels (2),3.29,-0.20,-0.31
142.811,0,Wall_3mx20cm_Wood_Panels (2),3.30,-0.21,-0.31
142.840,0,Wall_3mx20cm_Wood_Panels (2),3.30,-0.21,-0.31
142.881,0,Wall_3mx20cm_Wood_Panels (2),3.28,-0.23,-0.31
142.909,0,Wall_3mx20cm_Wood_Panels (2),3.26,-0.23,-0.31
142.937,0,Wall_3mx20cm_Wood_Panels (2),3.24,-0.22,-0.31
142.979,0,Wall_3mx20cm_Wood_Panels (2),3.20,-0.22,-0.31
143.007,0,Wall_3mx20cm_Wood_Panels (2),3.19,-0.22,-0.31
143.035,0,Wall_3mx20cm_Wood_Panels (2),3.18,-0.23,-0.31
143.076,0,Wall_3mx20cm_Wood_Panels (2),3.19,-0.21,-0.31
143.104,0,Wall_3mx20cm_Wood_Panels (2),3.20,-0.20,-0.31
143.146,0,Wall_3mx20cm_Wood_Panels (2),3.22,-0.18,-0.31
143.174,0,Wall_3mx20cm_Wood_Panels (2),3.24,-0.16,-0.31
143.215,0,Wall_3mx20cm_Wood_Panels (2),3.24,-0.15,-0.31
143.243,0,Wall_3mx20cm_Wood_Panels (2),3.23,-0.15,-0.31
143.271,0,Wall_3mx20cm_Wood_Panels (2),3.24,-0.17,-0.31
143.313,0,Wall_3mx20cm_Wood_Panels (2),3.23,-0.18,-0.31
143.341,0,Wall_3mx20cm_Wood_Panels (2),3.23,-0.23,-0.31
143.369,0,Wall_3mx20cm_Wood_Panels (2),3.24,-0.23,-0.31
143.410,0,Wall_3mx20cm_Wood_Panels (2),3.24,-0.22,-0.31
143.438,0,Wall_3mx20cm_Wood_Panels (2),3.23,-0.24,-0.31
143.480,0,Wall_3mx20cm_Wood_Panels (2),3.23,-0.23,-0.31
143.508,0,Wall_3mx20cm_Wood_Panels (2),3.23,-0.23,-0.31
143.536,0,Wall_3mx20cm_Wood_Panels (2),3.22,-0.24,-0.31
143.577,0,Wall_3mx20cm_Wood_Panels (2),3.21,-0.25,-0.31
143.605,0,Wall_3mx20cm_Wood_Panels (2),3.22,-0.24,-0.31
143.647,0,Wall_3mx20cm_Wood_Panels (2),3.23,-0.24,-0.31
143.675,0,Wall_3mx20cm_Wood_Panels (2),3.22,-0.24,-0.31
143.703,0,Wall_3mx20cm_Wood_Panels (2),3.23,-0.23,-0.31
143.744,0,Wall_3mx20cm_Wood_Panels (2),3.23,-0.25,-0.31
143.772,0,Wall_3mx20cm_Wood_Panels (2),3.22,-0.25,-0.31
143.814,0,Wall_3mx20cm_Wood_Panels (2),3.22,-0.25,-0.31
143.842,0,Wall_3mx20cm_Wood_Panels (2),3.21,-0.24,-0.31
143.870,0,Wall_3mx20cm_Wood_Panels (2),3.20,-0.24,-0.31
143.912,0,Wall_3mx20cm_Wood_Panels (2),3.19,-0.24,-0.31
143.939,0,Wall_3mx20cm_Wood_Panels (2),3.19,-0.23,-0.31
143.981,0,Wall_3mx20cm_Wood_Panels (2),3.19,-0.22,-0.31
144.010,0,Wall_3mx20cm_Wood_Panels (2),3.19,-0.24,-0.31
144.037,0,Wall_3mx20cm_Wood_Panels (2),3.20,-0.25,-0.31
144.079,0,Wall_3mx20cm_Wood_Panels (2),3.20,-0.26,-0.31
144.106,0,Wall_3mx20cm_Wood_Panels (2),3.20,-0.26,-0.31
144.148,0,Wall_3mx20cm_Wood_Panels (2),3.20,-0.26,-0.31
144.176,0,Wall_3mx20cm_Wood_Panels (2),3.21,-0.25,-0.31
144.204,0,Wall_3mx20cm_Wood_Panels (2),3.22,-0.25,-0.31
144.246,0,Wall_3mx20cm_Wood_Panels (2),3.22,-0.24,-0.31
144.273,0,Wall_3mx20cm_Wood_Panels (2),3.23,-0.24,-0.31
144.316,0,Wall_3mx20cm_Wood_Panels (2),3.23,-0.22,-0.31
144.343,0,Wall_3mx20cm_Wood_Panels (2),3.23,-0.22,-0.31
144.371,0,Wall_3mx20cm_Wood_Panels (2),3.24,-0.22,-0.31
144.412,0,Wall_3mx20cm_Wood_Panels (2),3.23,-0.21,-0.31
144.440,0,Wall_3mx20cm_Wood_Panels (2),3.22,-0.20,-0.31
144.483,0,Wall_3mx20cm_Wood_Panels (2),3.21,-0.20,-0.31
144.510,0,Wall_3mx20cm_Wood_Panels (2),3.21,-0.20,-0.31
144.538,0,Wall_3mx20cm_Wood_Panels (2),3.21,-0.20,-0.31
144.580,0,Wall_3mx20cm_Wood_Panels (2),3.22,-0.20,-0.31
144.607,0,Wall_3mx20cm_Wood_Panels (2),3.22,-0.19,-0.31
144.649,0,Wall_3mx20cm_Wood_Panels (2),3.21,-0.17,-0.31
144.677,0,Wall_3mx20cm_Wood_Panels (2),3.21,-0.17,-0.31
144.705,0,Wall_3mx20cm_Wood_Panels (2),3.23,-0.17,-0.31
144.746,0,Wall_3mx20cm_Wood_Panels (2),3.25,-0.18,-0.31
144.775,0,Wall_3mx20cm_Wood_Panels (2),3.25,-0.21,-0.31
144.803,0,Wall_3mx20cm_Wood_Panels (2),3.26,-0.21,-0.31
144.844,0,Wall_3mx20cm_Wood_Panels (2),3.28,-0.19,-0.31
144.872,0,Wall_3mx20cm_Wood_Panels (2),3.27,-0.20,-0.31
144.914,0,Wall_3mx20cm_Wood_Panels (2),3.26,-0.22,-0.31
144.942,0,Wall_3mx20cm_Wood_Panels (2),3.26,-0.21,-0.31
144.970,0,Wall_3mx20cm_Wood_Panels (2),3.25,-0.21,-0.31
145.012,0,Wall_3mx20cm_Wood_Panels (2),3.23,-0.22,-0.31
145.039,0,Wall_3mx20cm_Wood_Panels (2),3.22,-0.21,-0.31
145.081,0,Wall_3mx20cm_Wood_Panels (2),3.22,-0.21,-0.31
145.109,0,Wall_3mx20cm_Wood_Panels (2),3.22,-0.22,-0.31
145.137,0,Wall_3mx20cm_Wood_Panels (2),3.22,-0.21,-0.31
145.178,0,Wall_3mx20cm_Wood_Panels (2),3.24,-0.21,-0.31
145.206,0,Wall_3mx20cm_Wood_Panels (2),3.25,-0.22,-0.31
145.248,0,Wall_3mx20cm_Wood_Panels (2),3.27,-0.21,-0.31
145.276,0,Wall_3mx20cm_Wood_Panels (2),3.28,-0.21,-0.31
145.304,0,Wall_3mx20cm_Wood_Panels (2),3.27,-0.20,-0.31
145.346,0,Wall_3mx20cm_Wood_Panels (2),3.27,-0.17,-0.31
145.373,0,Wall_3mx20cm_Wood_Panels (2),3.27,-0.16,-0.31
145.415,0,Wall_3mx20cm_Wood_Panels (2),3.25,-0.15,-0.31
145.443,0,Wall_3mx20cm_Wood_Panels (2),3.25,-0.15,-0.31
145.471,0,Wall_3mx20cm_Wood_Panels (2),3.25,-0.15,-0.31
145.512,0,Wall_3mx20cm_Wood_Panels (2),3.24,-0.15,-0.31
145.540,0,Wall_3mx20cm_Wood_Panels (2),3.24,-0.17,-0.31
145.583,0,Wall_3mx20cm_Wood_Panels (2),3.26,-0.20,-0.31
145.609,0,Wall_3mx20cm_Wood_Panels (2),3.28,-0.21,-0.31
145.638,0,Wall_3mx20cm_Wood_Panels (2),3.30,-0.22,-0.31
145.679,0,Wall_3mx20cm_Wood_Panels (2),3.33,-0.23,-0.31
145.707,0,Wall_3mx20cm_Wood_Panels (2),3.34,-0.24,-0.31
145.749,0,Wall_3mx20cm_Wood_Panels (2),3.37,-0.24,-0.31
145.777,0,Wall_3mx20cm_Wood_Panels (2),3.39,-0.26,-0.31
145.805,0,Wall_3mx20cm_Wood_Panels (2),3.41,-0.27,-0.31
145.847,0,Wall_3mx20cm_Wood_Panels (2),3.42,-0.21,-0.31
145.875,0,Wall_3mx20cm_Wood_Panels (2),3.43,-0.18,-0.31
145.902,0,Wall_3mx20cm_Wood_Panels (2),3.44,-0.17,-0.31
145.944,0,Wall_3mx20cm_Wood_Panels (2),3.43,-0.15,-0.31
145.972,0,Wall_3mx20cm_Wood_Panels (2),3.42,-0.15,-0.31
146.014,0,Wall_3mx20cm_Wood_Panels (2),3.40,-0.15,-0.31
146.041,0,Wall_3mx20cm_Wood_Panels (2),3.39,-0.15,-0.31
146.069,0,Wall_3mx20cm_Wood_Panels (2),3.38,-0.17,-0.31
146.111,0,Wall_3mx20cm_Wood_Panels (2),3.35,-0.22,-0.31
146.139,0,Wall_3mx20cm_Wood_Panels (2),3.34,-0.23,-0.31
146.181,0,Wall_3mx20cm_Wood_Panels (2),3.33,-0.24,-0.31
146.209,0,Wall_3mx20cm_Wood_Panels (2),3.33,-0.24,-0.31
146.236,0,Wall_3mx20cm_Wood_Panels (2),3.34,-0.23,-0.31
146.279,0,Wall_3mx20cm_Wood_Panels (2),3.36,-0.21,-0.31
146.306,0,Wall_3mx20cm_Wood_Panels (2),3.36,-0.21,-0.31
146.348,0,Wall_3mx20cm_Wood_Panels (2),3.36,-0.22,-0.31
146.375,0,Wall_3mx20cm_Wood_Panels (2),3.36,-0.22,-0.31
146.404,0,Wall_3mx20cm_Wood_Panels (2),3.37,-0.22,-0.31
146.445,0,Wall_3mx20cm_Wood_Panels (2),3.37,-0.23,-0.31
146.473,0,Wall_3mx20cm_Wood_Panels (2),3.38,-0.22,-0.31
146.515,0,Wall_3mx20cm_Wood_Panels (2),3.41,-0.22,-0.31
146.543,0,Wall_3mx20cm_Wood_Panels (2),3.42,-0.23,-0.31
146.570,0,Wall_3mx20cm_Wood_Panels (2),3.44,-0.23,-0.31
146.612,0,Wall_3mx20cm_Wood_Panels (2),3.45,-0.24,-0.31
146.640,0,Wall_3mx20cm_Wood_Panels (2),3.45,-0.23,-0.31
146.682,0,Wall_3mx20cm_Wood_Panels (2),3.45,-0.23,-0.31
146.710,0,Wall_3mx20cm_Wood_Panels (2),3.46,-0.23,-0.31
146.738,0,Wall_3mx20cm_Wood_Panels (2),3.47,-0.23,-0.31
146.779,0,Wall_3mx20cm_Wood_Panels (2),3.48,-0.22,-0.31
146.807,0,Wall_3mx20cm_Wood_Panels (2),3.49,-0.23,-0.31
146.849,0,Wall_3mx20cm_Wood_Panels (2),3.50,-0.25,-0.31
146.877,0,Wall_3mx20cm_Wood_Panels (2),3.51,-0.24,-0.31
146.904,0,Wall_3mx20cm_Wood_Panels (2),3.50,-0.22,-0.31
146.946,0,Wall_3mx20cm_Wood_Panels (2),3.51,-0.23,-0.31
146.974,0,Wall_3mx20cm_Wood_Panels (2),3.52,-0.21,-0.31
147.017,0,Wall_3mx20cm_Wood_Panels (2),3.52,-0.20,-0.31
147.043,0,Wall_3mx20cm_Wood_Panels (2),3.53,-0.18,-0.31
147.072,0,Wall_3mx20cm_Wood_Panels (2),3.54,-0.17,-0.31
147.114,0,Wall_3mx20cm_Wood_Panels (2),3.51,-0.16,-0.31
147.141,0,Wall_3mx20cm_Wood_Panels (2),3.50,-0.16,-0.31
147.183,0,Wall_3mx20cm_Wood_Panels (2),3.49,-0.18,-0.31
147.210,0,Wall_3mx20cm_Wood_Panels (2),3.49,-0.20,-0.31
147.238,0,Wall_3mx20cm_Wood_Panels (2),3.50,-0.22,-0.31
147.281,0,Wall_3mx20cm_Wood_Panels (2),3.51,-0.24,-0.31
147.308,0,Wall_3mx20cm_Wood_Panels (2),3.52,-0.23,-0.31
147.336,0,Wall_3mx20cm_Wood_Panels (2),3.54,-0.20,-0.31
147.378,0,Wall_3mx20cm_Wood_Panels (2),3.58,-0.16,-0.31
147.406,0,Wall_3mx20cm_Wood_Panels (2),3.61,-0.15,-0.31
147.447,0,Wall_3mx20cm_Wood_Panels (2),3.65,-0.14,-0.31
147.475,0,Wall_3mx20cm_Wood_Panels (2),3.68,-0.15,-0.31
147.504,0,Wall_3mx20cm_Wood_Panels (2),3.70,-0.15,-0.31
147.545,0,Wall_3mx20cm_Wood_Panels (2),3.72,-0.16,-0.31
147.573,0,Wall_3mx20cm_Wood_Panels (2),3.72,-0.17,-0.31
147.615,0,Wall_3mx20cm_Wood_Panels (2),3.71,-0.16,-0.31
147.642,0,Wall_3mx20cm_Wood_Panels (2),3.70,-0.13,-0.31
147.670,0,Wall_3mx20cm_Wood_Panels (2),3.68,-0.11,-0.31
147.712,0,Wall_3mx20cm_Wood_Panels (2),3.67,-0.11,-0.31
147.740,0,Wall_3mx20cm_Wood_Panels (2),3.71,-0.11,-0.31
147.781,0,Wall_3mx20cm_Wood_Panels (2),3.88,-0.16,-0.31
147.809,0,Wall_3mx20cm_Wood_Panels (2),4.00,-0.24,-0.31
147.837,0,Wall_3mx20cm_Wood_Panels (2),4.09,-0.30,-0.31
147.879,0,Wall_3mx20cm_Wood_Panels (2),4.20,-0.35,-0.31
147.907,0,Wall_3mx20cm_Wood_Panels (2),4.25,-0.37,-0.31
147.948,0,Wall_3mx20cm_Wood_Panels (2),4.31,-0.37,-0.31
147.976,0,Wall_3mx20cm_Wood_Panels (2),4.33,-0.38,-0.31
148.004,0,Wall_3mx20cm_Wood_Panels (2),4.35,-0.37,-0.31
148.046,0,Wall_3mx20cm_Wood_Panels (2),4.37,-0.35,-0.31
148.074,0,Wall_3mx20cm_Wood_Panels (2),4.38,-0.32,-0.31
148.115,0,Wall_3mx20cm_Wood_Panels (2),4.37,-0.27,-0.31
148.144,0,Wall_3mx20cm_Wood_Panels (2),4.35,-0.22,-0.31
148.171,0,Wall_3mx20cm_Wood_Panels (2),4.32,-0.17,-0.31
148.213,0,Wall_3mx20cm_Wood_Panels (2),4.27,-0.11,-0.31
148.241,0,Wall_3mx20cm_Wood_Panels (2),4.24,-0.08,-0.31
148.282,0,Wall_3mx20cm_Wood_Panels (2),4.19,-0.05,-0.31
148.310,0,Wall_3mx20cm_Wood_Panels (2),4.17,-0.05,-0.31
148.338,0,Wall_3mx20cm_Wood_Panels (2),4.15,-0.05,-0.31
148.380,0,Wall_3mx20cm_Wood_Panels (2),4.14,-0.04,-0.31
148.409,0,Wall_3mx20cm_Wood_Panels (2),4.13,-0.04,-0.31
148.450,0,Wall_3mx20cm_Wood_Panels (2),4.13,-0.03,-0.31
148.478,0,Wall_3mx20cm_Wood_Panels (2),4.15,-0.03,-0.31
148.506,0,Wall_3mx20cm_Wood_Panels (2),4.16,-0.02,-0.31
148.547,0,Wall_3mx20cm_Wood_Panels (2),4.19,-0.02,-0.31
148.575,0,Wall_3mx20cm_Wood_Panels (2),4.20,0.01,-0.31
148.603,0,Wall_3mx20cm_Wood_Panels (2),4.22,0.02,-0.31
148.644,0,Wall_3mx20cm_Wood_Panels (2),4.23,0.05,-0.31
148.673,0,Wall_3mx20cm_Wood_Panels (2),4.24,0.06,-0.31
148.714,0,Wall_3mx20cm_Wood_Panels (2),4.24,0.08,-0.31
148.742,0,Wall_3mx20cm_Wood_Panels (2),4.23,0.08,-0.31
148.770,0,Wall_3mx20cm_Wood_Panels (2),4.21,0.08,-0.31
148.811,0,Wall_3mx20cm_Wood_Panels (2),4.16,0.08,-0.31
148.840,0,Wall_3mx20cm_Wood_Panels (2),4.12,0.08,-0.31
148.881,0,Wall_3mx20cm_Wood_Panels (2),4.08,0.09,-0.31
148.909,0,Wall_3mx20cm_Wood_Panels (2),4.07,0.10,-0.31
148.937,0,Wall_3mx20cm_Wood_Panels (2),4.07,0.11,-0.31
148.979,0,Wall_3mx20cm_Wood_Panels (2),4.07,0.12,-0.31
149.007,0,Wall_3mx20cm_Wood_Panels (2),4.07,0.12,-0.31
149.048,0,Wall_3mx20cm_Wood_Panels (2),4.08,0.12,-0.31
149.076,0,Wall_3mx20cm_Wood_Panels (2),4.09,0.11,-0.31
149.104,0,Wall_3mx20cm_Wood_Panels (2),4.09,0.11,-0.31
149.146,0,Wall_3mx20cm_Wood_Panels (2),4.09,0.12,-0.31
149.174,0,Wall_3mx20cm_Wood_Panels (2),4.09,0.12,-0.31
149.216,0,Wall_3mx20cm_Wood_Panels (2),4.09,0.13,-0.31
149.243,0,Wall_3mx20cm_Wood_Panels (2),4.09,0.12,-0.31
149.271,0,Wall_3mx20cm_Wood_Panels (2),4.09,0.11,-0.31
149.313,0,Wall_3mx20cm_Wood_Panels (2),4.09,0.10,-0.31
149.341,0,Wall_3mx20cm_Wood_Panels (2),4.09,0.09,-0.31
149.383,0,Wall_3mx20cm_Wood_Panels (2),4.08,0.09,-0.31
149.411,0,Wall_3mx20cm_Wood_Panels (2),4.08,0.10,-0.31
149.438,0,Wall_3mx20cm_Wood_Panels (2),4.08,0.10,-0.31
149.480,0,Wall_3mx20cm_Wood_Panels (2),4.09,0.08,-0.31
149.507,0,Wall_3mx20cm_Wood_Panels (2),4.09,0.07,-0.31
149.549,0,Wall_3mx20cm_Wood_Panels (2),4.10,0.05,-0.31
149.578,0,Wall_3mx20cm_Wood_Panels (2),4.11,0.05,-0.31
149.605,0,Wall_3mx20cm_Wood_Panels (2),4.13,0.05,-0.31
149.646,0,Wall_3mx20cm_Wood_Panels (2),4.21,0.04,-0.31
149.675,0,Wall_3mx20cm_Wood_Panels (2),4.28,0.02,-0.31
149.717,0,Wall_3mx20cm_Wood_Panels (2),4.38,0.04,-0.31
149.744,0,Wall_3mx20cm_Wood_Panels (3),4.44,0.04,-0.31
149.773,0,Wall_3mx20cm_Wood_Panels (3),4.50,0.03,-0.31
149.814,0,Wall_3mx20cm_Wood_Panels (3),4.53,0.01,-0.31
149.842,0,Wall_3mx20cm_Wood_Panels (3),4.54,-0.01,-0.31
149.883,0,Wall_3mx20cm_Wood_Panels (3),4.51,-0.03,-0.31
149.911,0,Wall_3mx20cm_Wood_Panels (3),4.48,-0.04,-0.31
149.939,0,Wall_3mx20cm_Wood_Panels (3),4.46,-0.05,-0.31
149.981,0,Wall_3mx20cm_Wood_Panels (3),4.43,-0.07,-0.31
150.009,0,Wall_3mx20cm_Wood_Panels (3),4.41,-0.08,-0.31
150.037,0,Wall_3mx20cm_Wood_Panels (2),4.40,-0.08,-0.31
150.078,0,Wall_3mx20cm_Wood_Panels (2),4.37,-0.08,-0.31
150.106,0,Wall_3mx20cm_Wood_Panels (2),4.36,-0.08,-0.31
150.148,0,Wall_3mx20cm_Wood_Panels (2),4.34,-0.08,-0.31
150.176,0,Wall_3mx20cm_Wood_Panels (2),4.33,-0.08,-0.31
150.204,0,Wall_3mx20cm_Wood_Panels (2),4.32,-0.08,-0.31
150.245,0,Wall_3mx20cm_Wood_Panels (2),4.31,-0.09,-0.31
150.273,0,Wall_3mx20cm_Wood_Panels (2),4.32,-0.08,-0.31
150.315,0,Wall_3mx20cm_Wood_Panels (2),4.36,-0.05,-0.31
150.344,0,Wall_3mx20cm_Wood_Panels (2),4.39,-0.04,-0.31
150.371,0,Wall_3mx20cm_Wood_Panels (3),4.42,-0.02,-0.31
150.413,0,Wall_3mx20cm_Wood_Panels (3),4.47,0.00,-0.31
150.441,0,Wall_3mx20cm_Wood_Panels (3),4.50,0.00,-0.31
150.483,0,Wall_3mx20cm_Wood_Panels (3),4.53,-0.01,-0.31
150.510,0,Wall_3mx20cm_Wood_Panels (3),4.54,-0.01,-0.31
150.538,0,Wall_3mx20cm_Wood_Panels (3),4.54,-0.01,-0.31
150.580,0,Wall_3mx20cm_Wood_Panels (3),4.53,0.00,-0.31
150.608,0,Wall_3mx20cm_Wood_Panels (3),4.51,0.01,-0.31
150.638,0,Wall_3mx20cm_Wood_Panels (3),4.48,0.03,-0.31
150.677,0,Wall_3mx20cm_Wood_Panels (3),4.43,0.06,-0.31
150.705,0,Wall_3mx20cm_Wood_Panels (2),4.39,0.10,-0.31
150.747,0,Wall_3mx20cm_Wood_Panels (2),4.34,0.10,-0.31
150.775,0,Wall_3mx20cm_Wood_Panels (2),4.32,0.10,-0.31
150.816,0,Wall_3mx20cm_Wood_Panels (2),4.30,0.10,-0.31
150.844,0,Wall_3mx20cm_Wood_Panels (2),4.27,0.10,-0.31
150.872,0,Wall_3mx20cm_Wood_Panels (2),4.26,0.09,-0.31
150.914,0,Wall_3mx20cm_Wood_Panels (2),4.25,0.06,-0.31
150.942,0,Wall_3mx20cm_Wood_Panels (2),4.26,0.05,-0.31
150.984,0,Wall_3mx20cm_Wood_Panels (2),4.28,0.03,-0.31
151.011,0,Wall_3mx20cm_Wood_Panels (2),4.29,0.02,-0.31
151.039,0,Wall_3mx20cm_Wood_Panels (2),4.31,0.01,-0.31
151.081,0,Wall_3mx20cm_Wood_Panels (2),4.33,0.00,-0.31
151.109,0,Wall_3mx20cm_Wood_Panels (2),4.32,-0.01,-0.31
151.150,0,Wall_3mx20cm_Wood_Panels (2),4.31,0.01,-0.31
151.179,0,Wall_3mx20cm_Wood_Panels (2),4.30,0.02,-0.31
151.206,0,Wall_3mx20cm_Wood_Panels (2),4.31,0.03,-0.31
151.248,0,Wall_3mx20cm_Wood_Panels (2),4.32,0.04,-0.31
151.275,0,Wall_3mx20cm_Wood_Panels (2),4.33,0.06,-0.31
151.304,0,Wall_3mx20cm_Wood_Panels (2),4.33,0.06,-0.31
151.345,0,Wall_3mx20cm_Wood_Panels (2),4.34,0.07,-0.31
151.374,0,Wall_3mx20cm_Wood_Panels (2),4.34,0.07,-0.31
151.414,0,Wall_3mx20cm_Wood_Panels (2),4.35,0.06,-0.31
151.442,0,Wall_3mx20cm_Wood_Panels (2),4.36,0.05,-0.31
151.470,0,Wall_3mx20cm_Wood_Panels (2),4.35,0.03,-0.31
151.512,0,Wall_3mx20cm_Wood_Panels (2),4.33,0.01,-0.31
151.540,0,Wall_3mx20cm_Wood_Panels (2),4.32,0.00,-0.31
151.582,0,Wall_3mx20cm_Wood_Panels (2),4.30,0.01,-0.31
151.610,0,Wall_3mx20cm_Wood_Panels (2),4.28,0.01,-0.31
151.638,0,Wall_3mx20cm_Wood_Panels (2),4.26,0.02,-0.31
151.679,0,Wall_3mx20cm_Wood_Panels (2),4.21,0.03,-0.31
151.707,0,Wall_3mx20cm_Wood_Panels (2),4.17,0.04,-0.31
151.749,0,Wall_3mx20cm_Wood_Panels (2),4.11,0.04,-0.31
151.777,0,Wall_3mx20cm_Wood_Panels (2),4.07,0.05,-0.31
151.804,0,Wall_3mx20cm_Wood_Panels (2),4.04,0.05,-0.31
151.847,0,Wall_3mx20cm_Wood_Panels (2),4.00,0.05,-0.31
151.874,0,Wall_3mx20cm_Wood_Panels (2),3.97,0.06,-0.31
151.916,0,Wall_3mx20cm_Wood_Panels (2),3.93,0.07,-0.31
151.944,0,Wall_3mx20cm_Wood_Panels (2),3.90,0.07,-0.31
151.972,0,Wall_3mx20cm_Wood_Panels (2),3.88,0.08,-0.31
152.014,0,Wall_3mx20cm_Wood_Panels (2),3.82,0.10,-0.31
152.041,0,Wall_3mx20cm_Wood_Panels (2),3.78,0.11,-0.31
152.083,0,Wall_3mx20cm_Wood_Panels (2),3.70,0.13,-0.31
152.112,0,Wall_3mx20cm_Wood_Panels (2),3.65,0.15,-0.31
152.139,0,Wall_3mx20cm_Wood_Panels (2),3.60,0.17,-0.31
152.181,0,Wall_3mx20cm_Wood_Panels (2),3.55,0.18,-0.31
152.209,0,Wall_3mx20cm_Wood_Panels (2),3.52,0.19,-0.31
152.251,0,Wall_3mx20cm_Wood_Panels (2),3.47,0.20,-0.31
152.279,0,Wall_3mx20cm_Wood_Panels (2),3.42,0.20,-0.31
152.306,0,Wall_3mx20cm_Wood_Panels (2),3.37,0.21,-0.31
152.348,0,Wall_3mx20cm_Wood_Panels (2),3.30,0.23,-0.31
152.376,0,Wall_3mx20cm_Wood_Panels (2),3.24,0.26,-0.31
152.418,0,Wall_3mx20cm_Wood_Panels (2),3.14,0.32,-0.31
152.445,0,Wall_3mx20cm_Wood_Panels (2),3.08,0.36,-0.31
152.473,0,Wall_3mx20cm_Wood_Panels (2),3.01,0.39,-0.31
152.515,0,Wall_3mx20cm_Wood_Panels (2),2.90,0.45,-0.31
152.543,0,Wall_3mx20cm_Wood_Panels (2),2.82,0.47,-0.31
152.571,0,Wall_3mx20cm_Wood_Panels (2),2.75,0.49,-0.31
152.613,0,Wall_3mx20cm_Wood_Panels (2),2.63,0.54,-0.31
152.641,0,Wall_3mx20cm_Wood_Panels (2),2.55,0.58,-0.31
152.683,0,Wall_3mx20cm_Wood_Panels (2),2.45,0.65,-0.31
152.710,0,Wall_3mx20cm_Wood_Panels (2),2.36,0.69,-0.31
152.738,0,Wall_3mx20cm_Wood_Panels (2),2.26,0.74,-0.31
152.780,0,Wall_3mx20cm_Wood_Panels (2),2.10,0.83,-0.31
152.807,0,Wall_3mx20cm_Wood_Panels (2),2.02,0.89,-0.31
152.850,0,Wall_3mx20cm_Wood_Panels (2),1.92,0.98,-0.31
152.877,0,Wall_3mx20cm_Wood_Panels (2),1.88,0.99,-0.31
152.905,0,Wall_3mx20cm_Wood_Panels (2),1.92,0.95,-0.31
152.947,0,Wall_3mx20cm_Wood_Panels (2),2.13,0.77,-0.31
152.975,0,Wall_3mx20cm_Wood_Panels (2),2.20,0.58,-0.31
153.017,0,Wall_3mx20cm_Wood_Panels (2),2.18,0.31,-0.31
153.045,0,Wall_3mx20cm_Wood_Panels (2),2.17,0.22,-0.31
153.072,0,Wall_3mx20cm_Wood_Panels (2),2.13,0.15,-0.31
153.114,0,Wall_3mx20cm_Wood_Panels (2),2.03,0.04,-0.31
153.142,0,Wall_3mx20cm_Wood_Panels (2),1.89,-0.03,-0.31
153.184,0,Wall_3mx20cm_Wood_Panels (2),1.59,-0.14,-0.31
153.212,0,Wall_3mx20cm_Door (1),1.41,-0.19,-0.33
153.239,0,Wall_3mx20cm_Door (1),1.41,-0.21,-0.39
153.281,0,Wall_3mx20cm_Door (1),1.41,-0.21,-0.48
153.310,0,Wall_3mx20cm_Door (1),1.41,-0.22,-0.53
153.351,0,Wall_3mx20cm_Door (1),1.41,-0.23,-0.61
153.379,0,Wall_3mx20cm_Door (1),1.41,-0.22,-0.65
153.407,0,Wall_3mx20cm_Door (1),1.41,-0.21,-0.69
153.449,0,Wall_3mx20cm_Door (1),1.41,-0.23,-0.74
153.477,0,Wall_3mx20cm_Door (1),1.41,-0.23,-0.78
153.504,0,Wall_3mx20cm_Door (1),1.41,-0.23,-0.78
153.547,0,Wall_3mx20cm_Door (1),1.41,-0.23,-0.71
153.574,0,Wall_3mx20cm_Door (1),1.41,-0.24,-0.65
153.617,0,Wall_3mx20cm_Door (1),1.41,-0.19,-0.55
153.643,0,Wall_3mx20cm_Door (1),1.41,-0.09,-0.49
153.671,0,Wall_3mx20cm_Door (1),1.41,0.01,-0.43
153.713,0,Wall_3mx20cm_Door (1),1.41,0.14,-0.33
153.741,0,Wall_3mx20cm_Wood_Panels (2),1.55,0.18,-0.31
153.782,0,Wall_3mx20cm_Wood_Panels (2),1.82,0.20,-0.31
153.811,0,Wall_3mx20cm_Wood_Panels (2),2.03,0.19,-0.31
153.838,0,Wall_3mx20cm_Wood_Panels (2),2.23,0.17,-0.31
153.880,0,Wall_3mx20cm_Wood_Panels (2),2.56,0.10,-0.31
153.908,0,Wall_3mx20cm_Wood_Panels (2),2.91,0.02,-0.31
153.950,0,Wall_3mx20cm_Wood_Panels (2),3.39,-0.08,-0.31
153.977,0,Wall_3mx20cm_Wood_Panels (2),3.65,-0.11,-0.31
154.005,0,Wall_3mx20cm_Wood_Panels (2),3.85,-0.17,-0.31
154.047,0,Wall_3mx20cm_Wood_Panels (2),4.03,-0.18,-0.31
154.075,0,Wall_3mx20cm_Wood_Panels (2),4.12,-0.20,-0.31
154.116,0,Wall_3mx20cm_Wood_Panels (2),4.23,-0.22,-0.31
154.144,0,Wall_3mx20cm_Wood_Panels (2),4.25,-0.24,-0.31
154.172,0,Wall_3mx20cm_Wood_Panels (2),4.27,-0.27,-0.31
154.214,0,Wall_3mx20cm_Wood_Panels (2),4.31,-0.30,-0.31
154.241,0,Wall_3mx20cm_Wood_Panels (2),4.36,-0.30,-0.31
154.283,0,Wall_3mx20cm_Wood_Panels (3),4.46,-0.31,-0.31
154.312,0,Wall_3mx20cm_Wood_Panels (3),4.51,-0.33,-0.31
154.340,0,Wall_3mx20cm_Wood_Panels (3),4.56,-0.36,-0.31
154.380,0,Wall_3mx20cm_Wood_Panels (3),4.63,-0.39,-0.31
154.409,0,Wall_3mx20cm_Wood_Panels (3),4.67,-0.40,-0.31
154.451,0,Wall_3mx20cm_Wood_Panels (3),4.72,-0.41,-0.31
154.479,0,Wall_3mx20cm_Wood_Panels (3),4.74,-0.41,-0.31
154.506,0,Wall_3mx20cm_Wood_Panels (3),4.75,-0.40,-0.31
154.548,0,Wall_3mx20cm_Wood_Panels (3),4.76,-0.37,-0.31
154.577,0,Wall_3mx20cm_Wood_Panels (3),4.77,-0.35,-0.31
154.604,0,Wall_3mx20cm_Wood_Panels (3),4.77,-0.32,-0.31
154.646,0,Wall_3mx20cm_Wood_Panels (3),4.76,-0.28,-0.31
154.674,0,Wall_3mx20cm_Wood_Panels (3),4.75,-0.26,-0.31
154.716,0,Wall_3mx20cm_Wood_Panels (3),4.73,-0.22,-0.31
154.743,0,Wall_3mx20cm_Wood_Panels (3),4.71,-0.21,-0.31
154.771,0,Wall_3mx20cm_Wood_Panels (3),4.69,-0.21,-0.31
154.813,0,Wall_3mx20cm_Wood_Panels (3),4.65,-0.20,-0.31
154.841,0,Wall_3mx20cm_Wood_Panels (3),4.62,-0.19,-0.31
154.882,0,Wall_3mx20cm_Wood_Panels (3),4.59,-0.18,-0.31
154.910,0,Wall_3mx20cm_Wood_Panels (3),4.56,-0.17,-0.31
154.938,0,Wall_3mx20cm_Wood_Panels (3),4.53,-0.15,-0.31
154.980,0,Wall_3mx20cm_Wood_Panels (3),4.48,-0.13,-0.31
155.007,0,Wall_3mx20cm_Wood_Panels (3),4.45,-0.12,-0.31
155.049,0,Wall_3mx20cm_Wood_Panels (2),4.39,-0.08,-0.31
155.077,0,Wall_3mx20cm_Wood_Panels (2),4.36,-0.06,-0.31
155.105,0,Wall_3mx20cm_Wood_Panels (2),4.32,-0.03,-0.31
155.147,0,Wall_3mx20cm_Wood_Panels (2),4.27,0.00,-0.31
155.174,0,Wall_3mx20cm_Wood_Panels (2),4.25,0.02,-0.31
155.216,0,Wall_3mx20cm_Wood_Panels (2),4.21,0.04,-0.31
155.244,0,Wall_3mx20cm_Wood_Panels (2),4.19,0.06,-0.31
155.272,0,Wall_3mx20cm_Wood_Panels (2),4.17,0.09,-0.31
155.313,0,Wall_3mx20cm_Wood_Panels (2),4.13,0.17,-0.31
155.341,0,Wall_3mx20cm_Wood_Panels (2),4.11,0.20,-0.31
155.383,0,Wall_3mx20cm_Wood_Panels (2),4.08,0.19,-0.31
155.411,0,Wall_3mx20cm_Wood_Panels (2),4.05,0.17,-0.31
155.439,0,Wall_3mx20cm_Wood_Panels (2),4.04,0.16,-0.31
155.481,0,Wall_3mx20cm_Wood_Panels (2),4.01,0.14,-0.31
155.509,0,Wall_3mx20cm_Wood_Panels (2),3.98,0.11,-0.31
155.550,0,Wall_3mx20cm_Wood_Panels (2),3.96,0.08,-0.31
155.578,0,Wall_3mx20cm_Wood_Panels (2),3.94,0.09,-0.31
155.606,0,Wall_3mx20cm_Wood_Panels (2),3.92,0.12,-0.31
155.648,0,Wall_3mx20cm_Wood_Panels (2),3.89,0.18,-0.31
155.676,0,Wall_3mx20cm_Wood_Panels (2),3.86,0.22,-0.31
155.717,0,Wall_3mx20cm_Wood_Panels (2),3.81,0.28,-0.31
155.745,0,Wall_3mx20cm_Wood_Panels (2),3.77,0.32,-0.31
155.773,0,Wall_3mx20cm_Wood_Panels (2),3.73,0.36,-0.31
155.815,0,Wall_3mx20cm_Wood_Panels (2),3.65,0.40,-0.31
155.843,0,Wall_3mx20cm_Wood_Panels (2),3.59,0.43,-0.31
155.884,0,Wall_3mx20cm_Wood_Panels (2),3.51,0.43,-0.31
155.913,0,Wall_3mx20cm_Wood_Panels (2),3.43,0.43,-0.31
155.940,0,Wall_3mx20cm_Wood_Panels (2),3.36,0.44,-0.31
155.982,0,Wall_3mx20cm_Wood_Panels (2),3.24,0.48,-0.31
156.009,0,Wall_3mx20cm_Wood_Panels (2),3.16,0.50,-0.31
156.052,0,Wall_3mx20cm_Wood_Panels (2),3.00,0.55,-0.31
156.079,0,Wall_3mx20cm_Wood_Panels (2),2.89,0.57,-0.31
156.107,0,Wall_3mx20cm_Wood_Panels (2),2.76,0.61,-0.31
156.148,0,Wall_3mx20cm_Wood_Panels (2),2.52,0.72,-0.31
156.177,0,Wall_3mx20cm_Wood_Panels (2),2.32,0.81,-0.31
156.206,0,Wall_3mx20cm_Wood_Panels (2),2.11,0.90,-0.31
156.246,0,Wall_3mx20cm_Wood_Panels (2),1.75,1.03,-0.31
156.275,0,Wall_3mx20cm_Wood_Panels (2),1.47,1.13,-0.31
156.316,0,Wall_3mx20cm_Door (1),1.41,1.17,-0.41
156.345,0,Wall_3mx20cm_Door (1),1.41,1.21,-0.48
156.373,0,Wall_3mx20cm_Door (1),1.41,1.24,-0.54
156.414,0,Wall_3mx20cm_Door (1),1.41,1.25,-0.62
156.442,0,Wall_3mx20cm_Door (1),1.41,1.26,-0.65
156.483,0,Wall_3mx20cm_Door (1),1.41,1.23,-0.70
156.511,0,Wall_3mx20cm_Door (1),1.41,1.20,-0.73
156.538,0,Wall_3mx20cm_Door (1),1.41,1.17,-0.76
156.581,0,Wall_3mx20cm_Door (1),1.41,1.07,-0.82
156.608,0,Wall_3mx20cm_Door (1),1.41,1.05,-0.88
156.650,0,Wall_3mx20cm_Door (1),1.41,1.05,-0.98
156.678,0,Wall_3mx20cm_Door (1),1.41,1.11,-1.06
156.707,0,Wall_3mx20cm_Conference_Door,1.41,1.20,-1.13
156.748,0,Wall_3mx20cm_Conference_Door,1.41,1.30,-1.23
156.776,0,Wall_3mx20cm_Conference_Door,1.41,1.32,-1.31
156.818,0,Wall_3mx20cm_Conference_Door,1.41,1.27,-1.43
156.845,0,Wall_3mx20cm_Conference_Door,1.41,1.22,-1.51
156.873,0,Wall_3mx20cm_Conference_Door,1.41,1.16,-1.59
156.915,0,Wall_3mx20cm_Conference_Door,1.41,1.00,-1.70
156.943,0,Timer,1.47,0.85,-1.78
156.985,0,Timer,1.47,0.69,-1.88
157.013,0,Timer,1.47,0.60,-1.95
157.040,0,Timer,1.47,0.57,-2.02
157.082,0,Timer,1.47,0.53,-2.11
157.111,0,Timer,1.47,0.54,-2.17
157.153,0,Timer,1.47,0.61,-2.23
157.180,0,Timer,1.47,0.63,-2.27
157.208,0,Timer,1.47,0.66,-2.29
157.249,0,Timer,1.47,0.71,-2.31
157.278,0,Timer,1.47,0.76,-2.32
157.306,0,Timer,1.47,0.81,-2.33
157.347,0,Timer,1.47,0.79,-2.32
157.375,0,Timer,1.47,0.79,-2.31
157.417,0,Timer,1.47,0.79,-2.29
157.445,0,Timer,1.47,0.77,-2.28
157.473,0,Timer,1.47,0.76,-2.26
157.514,0,Timer,1.47,0.75,-2.24
157.542,0,Timer,1.47,0.75,-2.23
157.584,0,Timer,1.47,0.75,-2.22
157.612,0,Timer,1.47,0.76,-2.22
157.640,0,Timer,1.47,0.76,-2.22
157.682,0,Timer,1.47,0.76,-2.22
157.709,0,Timer,1.47,0.75,-2.22
157.751,0,Timer,1.47,0.72,-2.22
157.779,0,Timer,1.47,0.71,-2.22
157.806,0,Timer,1.47,0.70,-2.22
157.848,0,Timer,1.47,0.69,-2.23
157.876,0,Timer,1.47,0.67,-2.24
157.918,0,Timer,1.47,0.67,-2.26
157.946,0,Timer,1.47,0.67,-2.27
157.974,0,Timer,1.47,0.65,-2.28
158.015,0,Timer,1.47,0.65,-2.30
158.043,0,Timer,1.47,0.65,-2.31
158.085,0,Timer,1.47,0.64,-2.33
158.113,0,Timer,1.47,0.65,-2.34
158.141,0,Timer,1.47,0.65,-2.35
158.183,0,Timer,1.47,0.65,-2.36
158.210,0,Timer,1.47,0.65,-2.37
158.252,0,Timer,1.47,0.66,-2.37
158.280,0,Timer,1.47,0.66,-2.38
158.308,0,Timer,1.47,0.67,-2.38
158.349,0,Timer,1.47,0.67,-2.38
158.377,0,Timer,1.47,0.68,-2.38
158.405,0,Timer,1.47,0.68,-2.38
158.447,0,Timer,1.47,0.67,-2.38
158.475,0,Timer,1.47,0.67,-2.38
158.516,0,Timer,1.47,0.67,-2.39
158.544,0,Timer,1.47,0.68,-2.39
158.572,0,Timer,1.47,0.68,-2.39
158.614,0,Timer,1.47,0.69,-2.39
158.642,0,Timer,1.47,0.70,-2.39
158.684,0,Timer,1.47,0.70,-2.39
158.712,0,Timer,1.47,0.69,-2.39
158.739,0,Timer,1.47,0.69,-2.40
158.781,0,Timer,1.47,0.68,-2.40
158.809,0,Timer,1.47,0.67,-2.40
158.851,0,Timer,1.47,0.67,-2.41
158.878,0,Timer,1.47,0.67,-2.41
158.906,0,Timer,1.47,0.67,-2.42
158.948,0,Timer,1.47,0.67,-2.43
158.976,0,Timer,1.47,0.68,-2.43
159.018,0,Timer,1.47,0.67,-2.44
159.046,0,Timer,1.47,0.67,-2.44
159.073,0,Timer,1.47,0.68,-2.44
159.115,0,Timer,1.47,0.67,-2.46
159.143,0,Timer,1.47,0.67,-2.46
159.185,0,Timer,1.47,0.68,-2.47
159.212,0,Timer,1.47,0.68,-2.47
159.240,0,Timer,1.47,0.68,-2.47
159.282,0,Timer,1.47,0.69,-2.47
159.310,0,Timer,1.47,0.69,-2.47
159.352,0,Timer,1.47,0.69,-2.47
159.379,0,Timer,1.47,0.69,-2.46
159.407,0,Timer,1.47,0.67,-2.46
159.450,0,Timer,1.47,0.68,-2.46
159.477,0,Timer,1.47,0.68,-2.45
159.519,0,Timer,1.47,0.68,-2.44
159.546,0,Timer,1.47,0.69,-2.44
159.575,0,Timer,1.47,0.69,-2.43
159.616,0,Timer,1.47,0.69,-2.42
159.644,0,Timer,1.47,0.68,-2.42
159.672,0,Timer,1.47,0.68,-2.41
159.714,0,Timer,1.47,0.67,-2.40
159.742,0,Timer,1.47,0.65,-2.39
159.784,0,Timer,1.47,0.64,-2.38
159.811,0,Timer,1.47,0.64,-2.37
159.840,0,Timer,1.47,0.63,-2.37
159.881,0,Timer,1.47,0.64,-2.38
159.909,0,Timer,1.47,0.64,-2.39
159.951,0,Timer,1.47,0.65,-2.40
159.979,0,Timer,1.47,0.65,-2.41
160.006,0,Timer,1.47,0.65,-2.42
160.048,0,Timer,1.47,0.65,-2.42
160.076,0,Timer,1.47,0.63,-2.43
160.117,0,Timer,1.47,0.62,-2.43
160.145,0,Timer,1.47,0.62,-2.43
160.173,0,Timer,1.47,0.63,-2.43
160.215,0,Timer,1.47,0.63,-2.42
160.243,0,Timer,1.47,0.64,-2.42
160.285,0,Timer,1.47,0.64,-2.42
160.313,0,Timer,1.47,0.64,-2.42
160.340,0,Timer,1.47,0.62,-2.42
160.382,0,Timer,1.47,0.60,-2.42
160.410,0,Timer,1.47,0.61,-2.43
160.452,0,Timer,1.47,0.61,-2.44
160.480,0,Timer,1.47,0.60,-2.45
160.508,0,Timer,1.47,0.60,-2.45
160.549,0,Timer,1.47,0.59,-2.45
160.578,0,Timer,1.47,0.59,-2.45
160.619,0,Timer,1.47,0.58,-2.45
160.647,0,Timer,1.47,0.57,-2.44
160.675,0,Timer,1.47,0.57,-2.43
160.716,0,Timer,1.47,0.57,-2.42
160.744,0,Timer,1.47,0.57,-2.42
160.772,0,Timer,1.47,0.56,-2.41
160.814,0,Timer,1.47,0.56,-2.41
160.842,0,Timer,1.47,0.56,-2.41
160.883,0,Timer,1.47,0.54,-2.40
160.911,0,Timer,1.47,0.54,-2.40
160.939,0,Timer,1.47,0.54,-2.40
160.981,0,Timer,1.47,0.54,-2.41
161.009,0,Timer,1.47,0.53,-2.41
161.050,0,Timer,1.47,0.54,-2.41
161.078,0,Timer,1.47,0.55,-2.41
161.106,0,Timer,1.47,0.56,-2.41
161.148,0,Timer,1.47,0.56,-2.41
161.176,0,Timer,1.47,0.56,-2.41
161.218,0,Timer,1.47,0.55,-2.41
161.246,0,Timer,1.47,0.55,-2.41
161.273,0,Timer,1.47,0.55,-2.41
161.315,0,Timer,1.47,0.56,-2.41
161.343,0,Timer,1.47,0.56,-2.41
161.384,0,Timer,1.47,0.56,-2.42
161.412,0,Timer,1.47,0.56,-2.42
161.440,0,Timer,1.47,0.55,-2.42
161.483,0,Timer,1.47,0.55,-2.41
161.510,0,Timer,1.47,0.55,-2.41
161.551,0,Timer,1.47,0.55,-2.41
161.580,0,Timer,1.47,0.55,-2.41
161.607,0,Timer,1.47,0.56,-2.42
161.649,0,Timer,1.47,0.56,-2.42
161.676,0,Timer,1.47,0.56,-2.42
161.719,0,Timer,1.47,0.56,-2.42
161.747,0,Timer,1.47,0.56,-2.42
161.774,0,Timer,1.47,0.56,-2.42
161.816,0,Timer,1.47,0.55,-2.42
161.844,0,Timer,1.47,0.55,-2.42
161.886,0,Timer,1.47,0.55,-2.41
161.914,0,Timer,1.47,0.56,-2.41
161.941,0,Timer,1.47,0.56,-2.41
161.983,0,Timer,1.47,0.55,-2.42
162.011,0,Timer,1.47,0.55,-2.42
162.053,0,Timer,1.47,0.55,-2.42
162.081,0,Timer,1.47,0.55,-2.42
162.108,0,Timer,1.47,0.55,-2.42
162.150,0,Timer,1.47,0.54,-2.42
162.178,0,Timer,1.47,0.53,-2.42
162.220,0,Timer,1.47,0.53,-2.42
162.248,0,Timer,1.47,0.53,-2.42
162.275,0,Timer,1.47,0.53,-2.42
162.317,0,Timer,1.47,0.54,-2.41
162.347,0,Timer,1.47,0.55,-2.41
162.373,0,Timer,1.47,0.56,-2.41
162.415,0,Timer,1.47,0.57,-2.41
162.442,0,Timer,1.47,0.57,-2.41
162.484,0,Timer,1.47,0.57,-2.40
162.512,0,Timer,1.47,0.57,-2.40
162.540,0,Timer,1.47,0.58,-2.40
162.582,0,Timer,1.47,0.58,-2.40
162.610,0,Timer,1.47,0.58,-2.41
162.651,0,Timer,1.47,0.58,-2.40
162.679,0,Timer,1.47,0.58,-2.40
162.707,0,Timer,1.47,0.58,-2.40
162.749,0,Timer,1.47,0.58,-2.40
162.777,0,Timer,1.47,0.58,-2.40
162.818,0,Timer,1.47,0.57,-2.40
162.846,0,Timer,1.47,0.56,-2.40
162.874,0,Timer,1.47,0.56,-2.40
162.916,0,Timer,1.47,0.56,-2.40
162.943,0,Timer,1.47,0.55,-2.40
162.986,0,Timer,1.47,0.56,-2.40
163.013,0,Timer,1.47,0.55,-2.40
163.041,0,Timer,1.47,0.55,-2.40
163.083,0,Timer,1.47,0.56,-2.39
163.111,0,Timer,1.47,0.56,-2.39
163.152,0,Timer,1.47,0.57,-2.39
163.180,0,Timer,1.47,0.56,-2.39
163.208,0,Timer,1.47,0.56,-2.39
163.250,0,Timer,1.47,0.57,-2.39
163.278,0,Timer,1.47,0.57,-2.39
163.320,0,Timer,1.47,0.57,-2.39
163.348,0,Timer,1.47,0.57,-2.40
163.375,0,Timer,1.47,0.57,-2.40
163.417,0,Timer,1.47,0.57,-2.41
163.445,0,Timer,1.47,0.57,-2.41
163.473,0,Timer,1.47,0.58,-2.40
163.515,0,Timer,1.47,0.58,-2.39
163.543,0,Timer,1.47,0.58,-2.39
163.584,0,Timer,1.47,0.57,-2.39
163.612,0,Timer,1.47,0.57,-2.39
163.641,0,Timer,1.47,0.58,-2.40
163.682,0,Timer,1.47,0.58,-2.39
163.709,0,Timer,1.47,0.58,-2.39
163.752,0,Timer,1.47,0.58,-2.39
163.780,0,Timer,1.47,0.57,-2.38
163.807,0,Timer,1.47,0.57,-2.38
163.849,0,Timer,1.47,0.59,-2.38
163.876,0,Timer,1.47,0.59,-2.38
163.919,0,Timer,1.47,0.59,-2.37
163.946,0,Timer,1.47,0.59,-2.37
163.974,0,Timer,1.47,0.59,-2.37
164.016,0,Timer,1.47,0.60,-2.37
164.044,0,Timer,1.47,0.60,-2.37
164.086,0,Timer,1.47,0.58,-2.37
164.113,0,Timer,1.47,0.58,-2.37
164.141,0,Timer,1.47,0.58,-2.37
164.183,0,Timer,1.47,0.57,-2.36
164.210,0,Timer,1.47,0.57,-2.36
164.253,0,Timer,1.47,0.60,-2.35
164.281,0,Timer,1.47,0.61,-2.34
164.308,0,Timer,1.47,0.62,-2.34
164.350,0,Timer,1.47,0.63,-2.33
164.378,0,Timer,1.47,0.63,-2.32
164.419,0,Timer,1.47,0.64,-2.32
164.447,0,Timer,1.47,0.64,-2.32
164.475,0,Timer,1.47,0.64,-2.32
164.517,0,Timer,1.47,0.64,-2.33
164.545,0,Timer,1.47,0.64,-2.34
164.586,0,Timer,1.47,0.66,-2.34
164.614,0,Timer,1.47,0.68,-2.35
164.642,0,Timer,1.47,0.69,-2.35
164.684,0,Timer,1.47,0.71,-2.35
164.712,0,Timer,1.47,0.71,-2.35
164.753,0,Timer,1.47,0.71,-2.34
164.782,0,Timer,1.47,0.71,-2.33
164.810,0,Timer,1.47,0.71,-2.32
164.851,0,Timer,1.47,0.74,-2.32
164.879,0,Timer,1.47,0.74,-2.32
164.907,0,Timer,1.47,0.73,-2.32
164.948,0,Timer,1.47,0.72,-2.33
164.976,0,Timer,1.47,0.72,-2.33
165.018,0,Timer,1.47,0.73,-2.34
165.046,0,Timer,1.47,0.73,-2.34
165.073,0,Timer,1.47,0.72,-2.34
165.116,0,Timer,1.47,0.72,-2.34
165.143,0,Timer,1.47,0.74,-2.34
165.185,0,Timer,1.47,0.75,-2.35
165.213,0,Timer,1.47,0.75,-2.35
165.241,0,Timer,1.47,0.75,-2.35
165.283,0,Timer,1.47,0.74,-2.35
165.310,0,Timer,1.47,0.74,-2.36
165.352,0,Timer,1.47,0.75,-2.36
165.380,0,Timer,1.47,0.76,-2.37
165.408,0,Timer,1.47,0.75,-2.37
165.450,0,Timer,1.47,0.74,-2.36
165.477,0,Timer,1.47,0.75,-2.35
165.519,0,Timer,1.47,0.76,-2.34
165.547,0,Timer,1.47,0.78,-2.34
165.575,0,Timer,1.47,0.78,-2.34
165.617,0,Timer,1.47,0.77,-2.33
165.644,0,Timer,1.47,0.77,-2.33
165.687,0,Timer,1.47,0.79,-2.33
165.714,0,Timer,1.47,0.80,-2.33
165.742,0,Timer,1.47,0.81,-2.33
165.784,0,Timer,1.47,0.79,-2.32
165.811,0,Timer,1.47,0.78,-2.31
165.854,0,Timer,1.47,0.78,-2.31
165.881,0,Timer,1.47,0.79,-2.31
165.909,0,Timer,1.47,0.79,-2.32
165.951,0,Timer,1.47,0.77,-2.31
165.979,0,Timer,1.47,0.77,-2.31
166.007,0,Timer,1.47,0.78,-2.31
166.048,0,Timer,1.47,0.79,-2.31
166.077,0,Timer,1.47,0.79,-2.31
166.118,0,Timer,1.47,0.76,-2.31
166.146,0,Timer,1.47,0.76,-2.31
166.173,0,Timer,1.47,0.76,-2.31
166.215,0,Timer,1.47,0.77,-2.30
166.243,0,Timer,1.47,0.78,-2.30
166.285,0,Timer,1.47,0.76,-2.29
166.313,0,Timer,1.47,0.75,-2.28
166.341,0,Timer,1.47,0.76,-2.28
166.383,0,Timer,1.47,0.77,-2.28
166.410,0,Timer,1.47,0.78,-2.29
166.452,0,Timer,1.47,0.77,-2.28
166.480,0,Timer,1.47,0.76,-2.28
166.508,0,Timer,1.47,0.77,-2.28
166.550,0,Timer,1.47,0.78,-2.28
166.578,0,Timer,1.47,0.79,-2.28
166.619,0,Timer,1.47,0.79,-2.27
166.647,0,Timer,1.47,0.78,-2.26
166.675,0,Timer,1.47,0.77,-2.26
166.717,0,Timer,1.47,0.78,-2.26
166.744,0,Timer,1.47,0.79,-2.26
166.786,0,Timer,1.47,0.79,-2.27
166.814,0,Timer,1.47,0.78,-2.27
166.842,0,Timer,1.47,0.77,-2.27
166.884,0,Timer,1.47,0.78,-2.27
166.911,0,Timer,1.47,0.80,-2.27
166.953,0,Timer,1.47,0.80,-2.27
166.981,0,Timer,1.47,0.78,-2.26
167.009,0,Timer,1.47,0.76,-2.26
167.050,0,Timer,1.47,0.76,-2.25
167.079,0,Timer,1.47,0.76,-2.25
167.121,0,Timer,1.47,0.78,-2.25
167.148,0,Timer,1.47,0.77,-2.24
167.176,0,Timer,1.47,0.76,-2.23
167.218,0,Timer,1.47,0.76,-2.22
167.245,0,Timer,1.47,0.77,-2.22
167.274,0,Timer,1.47,0.78,-2.22
167.316,0,Timer,1.47,0.78,-2.21
167.343,0,Timer,1.47,0.78,-2.20
167.385,0,Timer,1.47,0.76,-2.18
167.412,0,Timer,1.47,0.77,-2.17
167.440,0,Timer,1.47,0.77,-2.16
167.482,0,Timer,1.47,0.79,-2.16
167.510,0,Timer,1.47,0.78,-2.15
167.551,0,Timer,1.47,0.76,-2.15
167.580,0,Timer,1.47,0.77,-2.15
167.607,0,Timer,1.47,0.77,-2.16
167.649,0,Timer,1.47,0.80,-2.16
167.677,0,Timer,1.47,0.80,-2.16
167.719,0,Timer,1.47,0.78,-2.15
167.747,0,Timer,1.47,0.77,-2.15
167.775,0,Timer,1.47,0.78,-2.14
167.816,0,Timer,1.47,0.80,-2.12
167.844,0,Timer,1.47,0.80,-2.11
167.886,0,Timer,1.47,0.79,-2.09
167.914,0,Timer,1.47,0.78,-2.08
167.942,0,Timer,1.47,0.78,-2.07
167.984,0,Timer,1.47,0.81,-2.07
168.011,0,Timer,1.47,0.82,-2.07
168.054,0,Timer,1.47,0.81,-2.07
168.081,0,Timer,1.47,0.79,-2.07
168.109,0,Timer,1.47,0.79,-2.07
168.150,0,Timer,1.47,0.80,-2.08
168.178,0,Timer,1.47,0.80,-2.08
168.220,0,Timer,1.47,0.79,-2.08
168.248,0,Timer,1.47,0.77,-2.08
168.276,0,Timer,1.47,0.76,-2.08
168.317,0,Timer,1.47,0.78,-2.09
168.345,0,Timer,1.47,0.79,-2.09
168.387,0,Timer,1.47,0.80,-2.09
168.415,0,Timer,1.47,0.79,-2.09
168.444,0,Timer,1.47,0.79,-2.08
168.484,0,Timer,1.47,0.79,-2.07
168.513,0,Timer,1.47,0.80,-2.07
168.554,0,Timer,1.47,0.80,-2.05
168.582,0,Timer,1.47,0.79,-2.04
168.610,0,Timer,1.47,0.77,-2.03
168.652,0,Timer,1.47,0.79,-2.03
168.680,0,Timer,1.47,0.81,-2.03
168.707,0,Timer,1.47,0.82,-2.03
168.750,0,Timer,1.47,0.81,-2.02
168.777,0,Timer,1.47,0.80,-2.02
168.820,0,Timer,1.47,0.80,-2.01
168.847,0,Timer,1.47,0.81,-2.00
168.875,0,Timer,1.47,0.81,-2.00
168.916,0,Timer,1.47,0.81,-1.98
168.944,0,Timer,1.47,0.80,-1.97
168.986,0,Timer,1.47,0.80,-1.97
169.014,0,Timer,1.47,0.80,-1.97
169.042,0,Timer,1.47,0.80,-1.97
169.083,0,Timer,1.47,0.80,-1.96
169.111,0,Timer,1.47,0.80,-1.96
169.153,0,Timer,1.47,0.80,-1.96
169.181,0,Timer,1.47,0.80,-1.96
169.209,0,Timer,1.47,0.79,-1.95
169.251,0,Timer,1.47,0.80,-1.92
169.278,0,Timer,1.47,0.80,-1.90
169.320,0,Timer,1.47,0.79,-1.86
169.348,0,Timer,1.47,0.78,-1.84
169.376,0,Timer,1.47,0.79,-1.81
169.418,0,Timer,1.47,0.80,-1.79
169.445,0,Timer,1.47,0.80,-1.78
169.487,0,Timer,1.47,0.79,-1.78
169.515,0,Timer,1.47,0.79,-1.78
169.543,0,Timer,1.47,0.78,-1.77
169.585,0,Timer,1.47,0.76,-1.76
169.612,0,Timer,1.47,0.75,-1.76
169.655,0,Timer,1.47,0.74,-1.75
169.682,0,Timer,1.47,0.74,-1.75
169.710,0,Timer,1.47,0.74,-1.74
169.752,0,Timer,1.47,0.74,-1.72
169.780,0,Wall_3mx20cm_Conference_Door,1.41,0.77,-1.71
169.808,0,Wall_3mx20cm_Conference_Door,1.41,0.77,-1.70
169.849,0,Wall_3mx20cm_Conference_Door,1.41,0.76,-1.66
169.877,0,Wall_3mx20cm_Conference_Door,1.41,0.75,-1.64
169.919,0,Wall_3mx20cm_Conference_Door,1.41,0.74,-1.59
169.946,0,Wall_3mx20cm_Conference_Door,1.41,0.74,-1.55
169.975,0,Wall_3mx20cm_Conference_Door,1.41,0.73,-1.51
170.016,0,Wall_3mx20cm_Conference_Door,1.41,0.74,-1.45
170.044,0,Wall_3mx20cm_Conference_Door,1.41,0.74,-1.41
170.086,0,Wall_3mx20cm_Conference_Door,1.41,0.75,-1.35
170.114,0,Wall_3mx20cm_Conference_Door,1.41,0.75,-1.31
170.141,0,Wall_3mx20cm_Conference_Door,1.41,0.75,-1.27
170.183,0,Wall_3mx20cm_Conference_Door,1.41,0.75,-1.21
170.211,0,Wall_3mx20cm_Conference_Door,1.41,0.75,-1.17
170.253,0,Wall_3mx20cm_Conference_Door,1.41,0.76,-1.12
170.281,0,Wall_3mx20cm_Door (1),1.41,0.77,-1.09
170.309,0,Wall_3mx20cm_Door (1),1.41,0.78,-1.06
170.350,0,Wall_3mx20cm_Door (1),1.41,0.79,-1.00
170.378,0,Wall_3mx20cm_Door (1),1.41,0.80,-0.97
170.420,0,Wall_3mx20cm_Door (1),1.41,0.81,-0.92
170.448,0,Wall_3mx20cm_Door (1),1.41,0.80,-0.89
170.475,0,Wall_3mx20cm_Door (1),1.41,0.80,-0.88
170.518,0,Wall_3mx20cm_Door (1),1.41,0.78,-0.87
170.545,0,Wall_3mx20cm_Door (1),1.41,0.76,-0.87
170.587,0,Wall_3mx20cm_Door (1),1.41,0.74,-0.88
170.614,0,Wall_3mx20cm_Door (1),1.41,0.72,-0.90
170.642,0,Wall_3mx20cm_Door (1),1.41,0.71,-0.93
170.685,0,Wall_3mx20cm_Door (1),1.41,0.70,-0.97
170.712,0,Wall_3mx20cm_Door (1),1.41,0.70,-0.99
170.753,0,Wall_3mx20cm_Door (1),1.41,0.70,-1.02
170.782,0,Wall_3mx20cm_Door (1),1.41,0.72,-1.04
170.810,0,Wall_3mx20cm_Door (1),1.41,0.73,-1.06
170.851,0,Wall_3mx20cm_Door (1),1.41,0.75,-1.07
170.879,0,Wall_3mx20cm_Door (1),1.41,0.77,-1.07
170.921,0,Wall_3mx20cm_Door (1),1.41,0.80,-1.07
170.948,0,Wall_3mx20cm_Door (1),1.41,0.82,-1.06
170.976,0,Wall_3mx20cm_Door (1),1.41,0.83,-1.05
171.019,0,Wall_3mx20cm_Door (1),1.41,0.84,-1.05
171.046,0,Wall_3mx20cm_Door (1),1.41,0.84,-1.06
171.088,0,Wall_3mx20cm_Door (1),1.41,0.85,-1.07
171.116,0,Wall_3mx20cm_Door (1),1.41,0.85,-1.07
171.143,0,Wall_3mx20cm_Door (1),1.41,0.85,-1.08
171.185,0,Wall_3mx20cm_Door (1),1.41,0.86,-1.09
171.213,0,Wall_3mx20cm_Conference_Door,1.41,0.87,-1.11
171.255,0,Wall_3mx20cm_Conference_Door,1.41,0.88,-1.14
171.283,0,Wall_3mx20cm_Conference_Door,1.41,0.89,-1.16
171.310,0,Wall_3mx20cm_Conference_Door,1.41,0.89,-1.19
171.353,0,Wall_3mx20cm_Conference_Door,1.41,0.88,-1.23
171.380,0,Wall_3mx20cm_Conference_Door,1.41,0.86,-1.27
171.408,0,Wall_3mx20cm_Conference_Door,1.41,0.85,-1.30
171.450,0,Wall_3mx20cm_Conference_Door,1.41,0.83,-1.34
171.478,0,Wall_3mx20cm_Conference_Door,1.41,0.82,-1.36
171.520,0,Wall_3mx20cm_Conference_Door,1.41,0.80,-1.39
171.547,0,Wall_3mx20cm_Conference_Door,1.41,0.80,-1.41
171.575,0,Wall_3mx20cm_Conference_Door,1.41,0.80,-1.43
171.617,0,Wall_3mx20cm_Conference_Door,1.41,0.81,-1.46
171.645,0,Wall_3mx20cm_Conference_Door,1.41,0.82,-1.48
171.687,0,Wall_3mx20cm_Conference_Door,1.41,0.82,-1.51
171.714,0,Wall_3mx20cm_Conference_Door,1.41,0.83,-1.53
171.742,0,Wall_3mx20cm_Conference_Door,1.41,0.83,-1.56
171.784,0,Wall_3mx20cm_Conference_Door,1.41,0.82,-1.60
171.812,0,Wall_3mx20cm_Conference_Door,1.41,0.83,-1.63
171.854,0,Wall_3mx20cm_Conference_Door,1.41,0.82,-1.67
171.882,0,Wall_3mx20cm_Conference_Door,1.41,0.81,-1.70
171.909,0,Timer,1.47,0.79,-1.73
171.951,0,Timer,1.47,0.79,-1.78
171.979,0,Timer,1.47,0.80,-1.81
172.021,0,Timer,1.47,0.80,-1.87
172.049,0,Timer,1.47,0.81,-1.91
172.077,0,Timer,1.47,0.82,-1.94
172.118,0,Timer,1.47,0.82,-2.00
172.146,0,Timer,1.47,0.82,-2.03
172.188,0,Timer,1.47,0.81,-2.08
172.215,0,Timer,1.47,0.80,-2.11
172.244,0,Timer,1.47,0.80,-2.14
172.286,0,Timer,1.47,0.80,-2.17
172.313,0,Timer,1.47,0.80,-2.18
172.355,0,Timer,1.47,0.80,-2.21
172.383,0,Timer,1.47,0.81,-2.23
172.410,0,Timer,1.47,0.82,-2.25
172.452,0,Timer,1.47,0.82,-2.28
172.480,0,Timer,1.47,0.82,-2.30
172.509,0,Timer,1.47,0.82,-2.32
172.550,0,Timer,1.47,0.82,-2.34
172.578,0,Timer,1.47,0.82,-2.36
172.620,0,Timer,1.47,0.83,-2.38
172.648,0,Timer,1.47,0.84,-2.39
172.675,0,Timer,1.47,0.84,-2.40
172.717,0,Timer,1.47,0.83,-2.42
172.745,0,Timer,1.47,0.83,-2.43
172.787,0,Timer,1.47,0.83,-2.46
172.815,0,Timer,1.47,0.82,-2.47
172.843,0,Timer,1.47,0.81,-2.49
172.884,0,Timer,1.47,0.80,-2.51
172.912,0,Timer,1.47,0.81,-2.52
172.954,0,Timer,1.47,0.82,-2.52
172.981,0,Timer,1.47,0.82,-2.53
173.009,0,Timer,1.47,0.83,-2.52
173.051,0,Timer,1.47,0.83,-2.52
173.079,0,Timer,1.47,0.83,-2.52
173.121,0,Timer,1.47,0.83,-2.52
173.148,0,Timer,1.47,0.83,-2.51
173.176,0,Timer,1.47,0.83,-2.50
173.218,0,Timer,1.47,0.83,-2.49
173.246,0,Timer,1.47,0.84,-2.49
173.288,0,Timer,1.47,0.83,-2.47
173.315,0,Timer,1.47,0.83,-2.47
173.343,0,Timer,1.47,0.82,-2.46
173.385,0,Timer,1.47,0.81,-2.46
173.414,0,Timer,1.47,0.80,-2.46
173.454,0,Timer,1.47,0.79,-2.46
173.482,0,Timer,1.47,0.77,-2.47
173.511,0,Timer,1.47,0.76,-2.48
173.552,0,Timer,1.47,0.74,-2.50
173.580,0,Timer,1.47,0.73,-2.51
173.622,0,Timer,1.47,0.72,-2.52
173.649,0,Timer,1.47,0.72,-2.52
173.677,0,Timer,1.47,0.72,-2.52
173.719,0,Timer,1.47,0.73,-2.52
173.747,0,Timer,1.47,0.74,-2.51
173.776,0,Timer,1.47,0.74,-2.51
173.817,0,Timer,1.47,0.75,-2.51
173.844,0,Timer,1.47,0.75,-2.51
173.887,0,Timer,1.47,0.75,-2.51
173.914,0,Timer,1.47,0.75,-2.51
173.942,0,Timer,1.47,0.76,-2.51
173.984,0,Timer,1.47,0.77,-2.51
174.011,0,Timer,1.47,0.78,-2.50
174.053,0,Timer,1.47,0.79,-2.50
174.081,0,Timer,1.47,0.79,-2.50
174.109,0,Timer,1.47,0.80,-2.50
174.152,0,Timer,1.47,0.80,-2.50
174.178,0,Timer,1.47,0.80,-2.49
174.220,0,Timer,1.47,0.80,-2.49
174.248,0,Timer,1.47,0.80,-2.47
174.276,0,Timer,1.47,0.79,-2.47
174.318,0,Timer,1.47,0.79,-2.46
174.345,0,Timer,1.47,0.78,-2.45
174.388,0,Timer,1.47,0.78,-2.45
174.416,0,Timer,1.47,0.78,-2.45
174.444,0,Timer,1.47,0.78,-2.45
174.486,0,Timer,1.47,0.78,-2.45
174.513,0,Timer,1.47,0.78,-2.44
174.554,0,Timer,1.47,0.78,-2.44
174.582,0,Timer,1.47,0.78,-2.43
174.610,0,Timer,1.47,0.77,-2.42
174.652,0,Timer,1.47,0.77,-2.41
174.680,0,Timer,1.47,0.76,-2.41
174.722,0,Timer,1.47,0.76,-2.40
174.749,0,Timer,1.47,0.76,-2.39
174.777,0,Timer,1.47,0.75,-2.39
174.819,0,Timer,1.47,0.75,-2.38
174.847,0,Timer,1.47,0.75,-2.38
174.890,0,Timer,1.47,0.75,-2.36
174.917,0,Timer,1.47,0.75,-2.35
174.945,0,Timer,1.47,0.75,-2.34
174.986,0,Timer,1.47,0.74,-2.32
175.014,0,Timer,1.47,0.74,-2.31
175.042,0,Timer,1.47,0.75,-2.29
175.084,0,Timer,1.47,0.75,-2.26
175.112,0,Timer,1.47,0.74,-2.23
175.153,0,Timer,1.47,0.74,-2.19
175.182,0,Timer,1.47,0.75,-2.17
175.209,0,Timer,1.47,0.76,-2.14
175.251,0,Timer,1.47,0.75,-2.09
175.279,0,Timer,1.47,0.75,-2.06
175.321,0,Timer,1.47,0.74,-2.02
175.349,0,Timer,1.47,0.73,-1.99
175.376,0,Timer,1.47,0.72,-1.96
175.418,0,Timer,1.47,0.70,-1.92
175.446,0,Timer,1.47,0.69,-1.89
175.488,0,Timer,1.47,0.68,-1.84
175.515,0,Timer,1.47,0.67,-1.80
175.543,0,Timer,1.47,0.67,-1.75
175.585,0,Wall_3mx20cm_Conference_Door,1.41,0.67,-1.67
175.613,0,Wall_3mx20cm_Conference_Door,1.41,0.67,-1.61
175.655,0,Wall_3mx20cm_Conference_Door,1.41,0.65,-1.52
175.682,0,Wall_3mx20cm_Conference_Door,1.41,0.65,-1.46
175.710,0,Wall_3mx20cm_Conference_Door,1.41,0.64,-1.40
175.752,0,Wall_3mx20cm_Conference_Door,1.41,0.64,-1.32
175.780,0,Wall_3mx20cm_Conference_Door,1.41,0.63,-1.26
175.822,0,Wall_3mx20cm_Conference_Door,1.41,0.61,-1.18
175.849,0,Wall_3mx20cm_Conference_Door,1.41,0.60,-1.12
175.877,0,Wall_3mx20cm_Door (1),1.41,0.58,-1.05
175.919,0,Wall_3mx20cm_Door (1),1.41,0.56,-0.96
175.947,0,Wall_3mx20cm_Door (1),1.41,0.54,-0.88
175.988,0,Wall_3mx20cm_Door (1),1.41,0.55,-0.77
176.016,0,Wall_3mx20cm_Door (1),1.41,0.56,-0.70
176.044,0,Wall_3mx20cm_Door (1),1.41,0.56,-0.62
176.086,0,Wall_3mx20cm_Door (1),1.41,0.55,-0.53
176.113,0,Wall_3mx20cm_Door (1),1.41,0.55,-0.46
176.155,0,Wall_3mx20cm_Door (1),1.41,0.56,-0.36
176.183,0,Wall_3mx20cm_Wood_Panels (2),1.44,0.56,-0.31
176.211,0,Wall_3mx20cm_Wood_Panels (2),1.62,0.51,-0.31
176.252,0,Wall_3mx20cm_Wood_Panels (2),1.84,0.45,-0.31
176.280,0,Wall_3mx20cm_Wood_Panels (2),1.96,0.41,-0.31
176.322,0,Wall_3mx20cm_Wood_Panels (2),2.12,0.37,-0.31
176.350,0,Wall_3mx20cm_Wood_Panels (2),2.20,0.35,-0.31
176.378,0,Wall_3mx20cm_Wood_Panels (2),2.28,0.34,-0.31
176.420,0,Wall_3mx20cm_Wood_Panels (2),2.35,0.35,-0.31
176.448,0,Wall_3mx20cm_Wood_Panels (2),2.40,0.32,-0.31
176.489,0,Wall_3mx20cm_Wood_Panels (2),2.42,0.33,-0.31
176.517,0,Wall_3mx20cm_Wood_Panels (2),2.42,0.34,-0.31
176.545,0,Wall_3mx20cm_Wood_Panels (2),2.41,0.32,-0.31
176.586,0,Wall_3mx20cm_Wood_Panels (2),2.40,0.32,-0.31
176.615,0,Wall_3mx20cm_Wood_Panels (2),2.38,0.31,-0.31
176.642,0,Wall_3mx20cm_Wood_Panels (2),2.34,0.30,-0.31
176.685,0,Wall_3mx20cm_Wood_Panels (2),2.27,0.32,-0.31
176.712,0,Wall_3mx20cm_Wood_Panels (2),2.20,0.33,-0.31
176.754,0,Wall_3mx20cm_Wood_Panels (2),2.12,0.36,-0.31
176.782,0,Wall_3mx20cm_Wood_Panels (2),2.10,0.38,-0.31
176.810,0,Wall_3mx20cm_Wood_Panels (2),2.08,0.40,-0.31
176.851,0,Wall_3mx20cm_Wood_Panels (2),2.09,0.42,-0.31
176.879,0,Wall_3mx20cm_Wood_Panels (2),2.10,0.42,-0.31
176.921,0,Wall_3mx20cm_Wood_Panels (2),2.14,0.41,-0.31
176.949,0,Wall_3mx20cm_Wood_Panels (2),2.20,0.41,-0.31
176.977,0,Wall_3mx20cm_Wood_Panels (2),2.25,0.40,-0.31
177.018,0,Wall_3mx20cm_Wood_Panels (2),2.33,0.38,-0.31
177.046,0,Wall_3mx20cm_Wood_Panels (2),2.38,0.38,-0.31
177.088,0,Wall_3mx20cm_Wood_Panels (2),2.43,0.39,-0.31
177.116,0,Wall_3mx20cm_Wood_Panels (2),2.46,0.41,-0.31
177.144,0,Wall_3mx20cm_Wood_Panels (2),2.46,0.43,-0.31
177.186,0,Wall_3mx20cm_Wood_Panels (2),2.48,0.41,-0.31
177.213,0,Wall_3mx20cm_Wood_Panels (2),2.50,0.41,-0.31
177.255,0,Wall_3mx20cm_Wood_Panels (2),2.52,0.38,-0.31
177.283,0,Wall_3mx20cm_Wood_Panels (2),2.53,0.39,-0.31
177.311,0,Wall_3mx20cm_Wood_Panels (2),2.55,0.39,-0.31
177.352,0,Wall_3mx20cm_Wood_Panels (2),2.55,0.37,-0.31
177.380,0,Wall_3mx20cm_Wood_Panels (2),2.55,0.37,-0.31
177.422,0,Wall_3mx20cm_Wood_Panels (2),2.52,0.38,-0.31
177.450,0,Wall_3mx20cm_Wood_Panels (2),2.51,0.39,-0.31
177.478,0,Wall_3mx20cm_Wood_Panels (2),2.50,0.38,-0.31
177.519,0,Wall_3mx20cm_Wood_Panels (2),2.47,0.38,-0.31
177.548,0,Wall_3mx20cm_Wood_Panels (2),2.46,0.38,-0.31
177.589,0,Wall_3mx20cm_Wood_Panels (2),2.45,0.39,-0.31
177.617,0,Wall_3mx20cm_Wood_Panels (2),2.43,0.39,-0.31
177.644,0,Wall_3mx20cm_Wood_Panels (2),2.42,0.39,-0.31
177.687,0,Wall_3mx20cm_Wood_Panels (2),2.42,0.40,-0.31
177.714,0,Wall_3mx20cm_Wood_Panels (2),2.42,0.41,-0.31
177.756,0,Wall_3mx20cm_Wood_Panels (2),2.43,0.40,-0.31
177.784,0,Wall_3mx20cm_Wood_Panels (2),2.44,0.41,-0.31
177.812,0,Wall_3mx20cm_Wood_Panels (2),2.44,0.41,-0.31
177.854,0,Wall_3mx20cm_Wood_Panels (2),2.43,0.42,-0.31
177.881,0,Wall_3mx20cm_Wood_Panels (2),2.43,0.41,-0.31
177.923,0,Wall_3mx20cm_Wood_Panels (2),2.42,0.39,-0.31
177.951,0,Wall_3mx20cm_Wood_Panels (2),2.42,0.38,-0.31
177.979,0,Wall_3mx20cm_Wood_Panels (2),2.42,0.36,-0.31
178.021,0,Wall_3mx20cm_Wood_Panels (2),2.43,0.37,-0.31
178.048,0,Wall_3mx20cm_Wood_Panels (2),2.44,0.35,-0.31
178.076,0,Wall_3mx20cm_Wood_Panels (2),2.44,0.34,-0.31
178.118,0,Wall_3mx20cm_Wood_Panels (2),2.44,0.37,-0.31
178.146,0,Wall_3mx20cm_Wood_Panels (2),2.44,0.36,-0.31
178.188,0,Wall_3mx20cm_Wood_Panels (2),2.44,0.36,-0.31
178.215,0,Wall_3mx20cm_Wood_Panels (2),2.44,0.36,-0.31
178.243,0,Wall_3mx20cm_Wood_Panels (2),2.45,0.36,-0.31
178.285,0,Wall_3mx20cm_Wood_Panels (2),2.45,0.36,-0.31
178.313,0,Wall_3mx20cm_Wood_Panels (2),2.44,0.35,-0.31
178.355,0,Wall_3mx20cm_Wood_Panels (2),2.43,0.35,-0.31
178.383,0,Wall_3mx20cm_Wood_Panels (2),2.43,0.35,-0.31
178.411,0,Wall_3mx20cm_Wood_Panels (2),2.43,0.36,-0.31
178.452,0,Wall_3mx20cm_Wood_Panels (2),2.43,0.37,-0.31
178.480,0,Wall_3mx20cm_Wood_Panels (2),2.42,0.37,-0.31
178.522,0,Wall_3mx20cm_Wood_Panels (2),2.41,0.36,-0.31
178.550,0,Wall_3mx20cm_Wood_Panels (2),2.41,0.37,-0.31
178.577,0,Wall_3mx20cm_Wood_Panels (2),2.41,0.38,-0.31
178.619,0,Wall_3mx20cm_Wood_Panels (2),2.42,0.39,-0.31
178.647,0,Wall_3mx20cm_Wood_Panels (2),2.42,0.39,-0.31
178.689,0,Wall_3mx20cm_Wood_Panels (2),2.45,0.38,-0.31
178.716,0,Wall_3mx20cm_Wood_Panels (2),2.46,0.37,-0.31
178.744,0,Wall_3mx20cm_Wood_Panels (2),2.48,0.37,-0.31
178.786,0,Wall_3mx20cm_Wood_Panels (2),2.50,0.37,-0.31
178.814,0,Wall_3mx20cm_Wood_Panels (2),2.52,0.38,-0.31
178.856,0,Wall_3mx20cm_Wood_Panels (2),2.53,0.40,-0.31
178.883,0,Wall_3mx20cm_Wood_Panels (2),2.53,0.42,-0.31
178.912,0,Wall_3mx20cm_Wood_Panels (2),2.54,0.43,-0.31
178.953,0,Wall_3mx20cm_Wood_Panels (2),2.56,0.43,-0.31
178.982,0,Wall_3mx20cm_Wood_Panels (2),2.57,0.40,-0.31
179.009,0,Wall_3mx20cm_Wood_Panels (2),2.58,0.40,-0.31
179.050,0,Wall_3mx20cm_Wood_Panels (2),2.59,0.40,-0.31
179.078,0,Wall_3mx20cm_Wood_Panels (2),2.60,0.40,-0.31
179.120,0,Wall_3mx20cm_Wood_Panels (2),2.61,0.39,-0.31
179.148,0,Wall_3mx20cm_Wood_Panels (2),2.61,0.39,-0.31
179.190,0,Wall_3mx20cm_Wood_Panels (2),2.61,0.39,-0.31
179.218,0,Wall_3mx20cm_Wood_Panels (2),2.61,0.39,-0.31
179.246,0,Wall_3mx20cm_Wood_Panels (2),2.61,0.40,-0.31
179.287,0,Wall_3mx20cm_Wood_Panels (2),2.62,0.40,-0.31
179.315,0,Wall_3mx20cm_Wood_Panels (2),2.64,0.39,-0.31
179.343,0,Wall_3mx20cm_Wood_Panels (2),2.65,0.39,-0.31
179.385,0,Wall_3mx20cm_Wood_Panels (2),2.66,0.39,-0.31
179.413,0,Wall_3mx20cm_Wood_Panels (2),2.67,0.39,-0.31
179.455,0,Wall_3mx20cm_Wood_Panels (2),2.68,0.37,-0.31
179.482,0,Wall_3mx20cm_Wood_Panels (2),2.69,0.37,-0.31
179.510,0,Wall_3mx20cm_Wood_Panels (2),2.69,0.37,-0.31
179.552,0,Wall_3mx20cm_Wood_Panels (2),2.70,0.38,-0.31
179.580,0,Wall_3mx20cm_Wood_Panels (2),2.71,0.38,-0.31
179.621,0,Wall_3mx20cm_Wood_Panels (2),2.72,0.38,-0.31
179.649,0,Wall_3mx20cm_Wood_Panels (2),2.73,0.38,-0.31
179.677,0,Wall_3mx20cm_Wood_Panels (2),2.73,0.37,-0.31
179.719,0,Wall_3mx20cm_Wood_Panels (2),2.74,0.36,-0.31
179.747,0,Wall_3mx20cm_Wood_Panels (2),2.75,0.35,-0.31
179.789,0,Wall_3mx20cm_Wood_Panels (2),2.76,0.35,-0.31
179.817,0,Wall_3mx20cm_Wood_Panels (2),2.76,0.36,-0.31
179.844,0,Wall_3mx20cm_Wood_Panels (2),2.75,0.37,-0.31
179.886,0,Wall_3mx20cm_Wood_Panels (2),2.74,0.39,-0.31
179.914,0,Wall_3mx20cm_Wood_Panels (2),2.74,0.39,-0.31
179.956,0,Wall_3mx20cm_Wood_Panels (2),2.72,0.40,-0.31
179.983,0,Wall_3mx20cm_Wood_Panels (2),2.71,0.40,-0.31
180.011,0,Wall_3mx20cm_Wood_Panels (2),2.70,0.40,-0.31
180.054,0,Wall_3mx20cm_Wood_Panels (2),2.68,0.38,-0.31
180.081,0,Wall_3mx20cm_Wood_Panels (2),2.68,0.38,-0.31
180.123,0,Wall_3mx20cm_Wood_Panels (2),2.68,0.39,-0.31
180.150,0,Wall_3mx20cm_Wood_Panels (2),2.68,0.36,-0.31
180.178,0,Wall_3mx20cm_Wood_Panels (2),2.68,0.35,-0.31
180.220,0,Wall_3mx20cm_Wood_Panels (2),2.68,0.33,-0.31
180.248,0,Wall_3mx20cm_Wood_Panels (2),2.69,0.38,-0.31
180.290,0,Wall_3mx20cm_Wood_Panels (2),2.68,0.42,-0.31
180.318,0,Wall_3mx20cm_Wood_Panels (2),2.69,0.47,-0.31
180.345,0,Wall_3mx20cm_Wood_Panels (2),2.69,0.54,-0.31
180.387,0,Wall_3mx20cm_Wood_Panels (2),2.62,0.63,-0.31
180.415,0,Wall_3mx20cm_Wood_Panels (2),2.58,0.68,-0.31
180.457,0,Wall_3mx20cm_Wood_Panels (2),2.50,0.72,-0.31
180.485,0,Wall_3mx20cm_Wood_Panels (2),2.39,0.73,-0.31
180.512,0,Wall_3mx20cm_Wood_Panels (2),2.21,0.73,-0.31
180.555,0,Wall_3mx20cm_Wood_Panels (2),2.03,0.65,-0.31
180.582,0,Wall_3mx20cm_Wood_Panels (2),1.93,0.57,-0.31
180.610,0,Wall_3mx20cm_Wood_Panels (2),1.87,0.53,-0.31
180.651,0,Wall_3mx20cm_Wood_Panels (2),1.81,0.56,-0.31
180.679,0,Wall_3mx20cm_Wood_Panels (2),1.79,0.57,-0.31
180.721,0,Wall_3mx20cm_Wood_Panels (2),1.79,0.56,-0.31
180.749,0,Wall_3mx20cm_Wood_Panels (2),1.80,0.55,-0.31
180.777,0,Wall_3mx20cm_Wood_Panels (2),1.82,0.56,-0.31
180.819,0,Wall_3mx20cm_Wood_Panels (2),1.84,0.58,-0.31
180.847,0,Wall_3mx20cm_Wood_Panels (2),1.87,0.58,-0.31
180.889,0,Wall_3mx20cm_Wood_Panels (2),1.86,0.61,-0.31
180.916,0,Wall_3mx20cm_Wood_Panels (2),1.85,0.63,-0.31
180.944,0,Wall_3mx20cm_Wood_Panels (2),1.83,0.64,-0.31
180.986,0,Wall_3mx20cm_Wood_Panels (2),1.80,0.69,-0.31
181.014,0,Wall_3mx20cm_Wood_Panels (2),1.79,0.71,-0.31
181.055,0,Wall_3mx20cm_Wood_Panels (2),1.71,0.74,-0.31
181.083,0,Wall_3mx20cm_Wood_Panels (2),1.58,0.78,-0.31
181.111,0,Wall_3mx20cm_Wood_Panels (2),1.44,0.85,-0.31
181.153,0,Wall_3mx20cm_Door (1),1.41,0.85,-0.35
181.181,0,Wall_3mx20cm_Door (1),1.41,0.83,-0.39
181.223,0,Wall_3mx20cm_Door (1),1.41,0.82,-0.44
181.251,0,Wall_3mx20cm_Door (1),1.41,0.79,-0.47
181.278,0,Wall_3mx20cm_Door (1),1.41,0.78,-0.48
181.320,0,Wall_3mx20cm_Door (1),1.41,0.82,-0.51
181.348,0,Wall_3mx20cm_Door (1),1.41,0.86,-0.52
181.390,0,Wall_3mx20cm_Door (1),1.41,0.87,-0.53
181.418,0,Wall_3mx20cm_Door (1),1.41,0.85,-0.54
181.445,0,Wall_3mx20cm_Door (1),1.41,0.84,-0.54
181.487,0,Wall_3mx20cm_Door (1),1.41,0.86,-0.55
181.516,0,Wall_3mx20cm_Door (1),1.41,0.87,-0.57
181.557,0,Wall_3mx20cm_Door (1),1.41,0.88,-0.62
181.585,0,Wall_3mx20cm_Door (1),1.41,0.91,-0.65
181.613,0,Wall_3mx20cm_Door (1),1.41,0.94,-0.68
181.654,0,Wall_3mx20cm_Door (1),1.41,0.96,-0.74
181.683,0,Wall_3mx20cm_Door (1),1.41,0.98,-0.78
181.710,0,Wall_3mx20cm_Door (1),1.41,0.99,-0.83
181.752,0,Wall_3mx20cm_Door (1),1.41,1.00,-0.90
181.780,0,Wall_3mx20cm_Door (1),1.41,1.03,-0.95
181.821,0,Wall_3mx20cm_Door (1),1.41,1.04,-1.02
181.850,0,Wall_3mx20cm_Door (1),1.41,1.04,-1.07
181.878,0,Wall_3mx20cm_Conference_Door,1.41,1.04,-1.12
181.919,0,Wall_3mx20cm_Conference_Door,1.41,1.03,-1.19
181.947,0,Wall_3mx20cm_Conference_Door,1.41,1.03,-1.24
181.989,0,Wall_3mx20cm_Conference_Door,1.41,1.04,-1.33
182.016,0,Wall_3mx20cm_Conference_Door,1.41,1.04,-1.38
182.044,0,Wall_3mx20cm_Conference_Door,1.41,1.03,-1.44
182.086,0,Wall_3mx20cm_Conference_Door,1.41,1.04,-1.53
182.114,0,Wall_3mx20cm_Conference_Door,1.41,1.05,-1.59
182.156,0,Wall_3mx20cm_Conference_Door,1.41,1.08,-1.69
182.183,0,Timer,1.47,1.07,-1.75
182.211,0,Wall_3mx20cm_Conference_Door,1.41,1.11,-1.80
182.253,0,Wall_3mx20cm_Conference_Door,1.41,1.16,-1.88
182.281,0,Wall_3mx20cm_Conference_Door,1.41,1.17,-1.92
182.323,0,Wall_3mx20cm_Conference_Door,1.41,1.21,-1.99
182.351,0,Wall_3mx20cm_Conference_Door,1.41,1.21,-2.03
182.379,0,Wall_3mx20cm_Conference_Door,1.41,1.20,-2.07
182.420,0,Wall_3mx20cm_Conference_Door,1.41,1.20,-2.11
182.448,0,Wall_3mx20cm_Conference_Door,1.41,1.20,-2.13
182.490,0,Wall_3mx20cm_Conference_Door,1.41,1.16,-2.18
182.518,0,Wall_3mx20cm_Conference_Door,1.41,1.15,-2.21
182.546,0,Wall_3mx20cm_Conference_Door,1.41,1.13,-2.24
182.587,0,Wall_3mx20cm_Conference_Door,1.41,1.14,-2.27
182.615,0,Wall_3mx20cm_Conference_Door,1.41,1.15,-2.29
182.657,0,Wall_3mx20cm_Conference_Door,1.41,1.18,-2.30
182.685,0,Wall_3mx20cm_Conference_Door,1.41,1.19,-2.31
182.713,0,Wall_3mx20cm_Conference_Door,1.41,1.19,-2.31
182.755,0,Wall_3mx20cm_Conference_Door,1.41,1.19,-2.32
182.782,0,Wall_3mx20cm_Conference_Door,1.41,1.19,-2.33
182.811,0,Wall_3mx20cm_Conference_Door,1.41,1.17,-2.34
182.852,0,Wall_3mx20cm_Conference_Door,1.41,1.17,-2.34
182.880,0,Wall_3mx20cm_Conference_Door,1.41,1.17,-2.34
182.922,0,Wall_3mx20cm_Conference_Door,1.41,1.18,-2.35
182.949,0,Wall_3mx20cm_Conference_Door,1.41,1.21,-2.34
182.977,0,Wall_3mx20cm_Conference_Door,1.41,1.22,-2.33
183.019,0,Wall_3mx20cm_Conference_Door,1.41,1.23,-2.32
183.047,0,Wall_3mx20cm_Conference_Door,1.41,1.26,-2.31
183.089,0,Wall_3mx20cm_Conference_Door,1.41,1.25,-2.29
183.117,0,Wall_3mx20cm_Conference_Door,1.41,1.22,-2.28
183.144,0,Wall_3mx20cm_Conference_Door,1.41,1.22,-2.27
183.186,0,Wall_3mx20cm_Conference_Door,1.41,1.18,-2.28
183.214,0,Wall_3mx20cm_Conference_Door,1.41,1.16,-2.29
183.256,0,Wall_3mx20cm_Conference_Door,1.41,1.13,-2.31
183.284,0,Wall_3mx20cm_Conference_Door,1.41,1.11,-2.33
183.311,0,Wall_3mx20cm_Conference_Door,1.41,1.10,-2.34
183.353,0,Timer,1.47,1.07,-2.34
183.381,0,Timer,1.47,1.06,-2.35
183.423,0,Timer,1.47,1.06,-2.34
183.451,0,Timer,1.47,1.07,-2.33
183.479,0,Timer,1.47,1.07,-2.32
183.520,0,Wall_3mx20cm_Conference_Door,1.41,1.13,-2.30
183.548,0,Wall_3mx20cm_Conference_Door,1.41,1.14,-2.28
183.590,0,Wall_3mx20cm_Conference_Door,1.41,1.19,-2.25
183.618,0,Wall_3mx20cm_Conference_Door,1.41,1.23,-2.21
183.646,0,Wall_3mx20cm_Conference_Door,1.41,1.28,-2.16
183.687,0,Wall_3mx20cm_Conference_Door,1.41,1.37,-2.08
183.715,0,Wall_3mx20cm_Conference_Door,1.41,1.45,-2.00
183.757,0,Ceiling_log_3m (20),1.52,1.57,-1.85
183.785,0,Ceiling_3x3m (6),1.56,1.70,-1.72
183.813,0,Ceiling_3x3m (6),1.88,1.70,-1.60
183.855,0,Ceiling_log_3m (21),2.46,1.56,-1.43
183.883,0,Ceiling_log_3m (21),2.46,1.65,-1.31
183.924,0,Ceiling_3x3m (6),2.58,1.70,-1.17
183.952,0,Ceiling_3x3m (7),2.66,1.70,-1.10
183.980,0,Ceiling_3x3m (7),2.73,1.70,-1.03
184.022,0,Ceiling_3x3m (7),2.80,1.70,-0.96
184.050,0,Ceiling_3x3m (7),2.85,1.70,-0.93
184.091,0,Ceiling_3x3m (7),2.88,1.70,-0.89
184.119,0,Ceiling_3x3m (7),2.94,1.70,-0.88
184.146,0,Ceiling_3x3m (7),2.99,1.70,-0.87
184.188,0,Ceiling_3x3m (7),3.01,1.70,-0.84
184.217,0,Ceiling_log_3m (22),3.37,1.50,-0.91
184.258,0,Ceiling_log_3m (22),3.45,1.51,-0.89
184.285,0,Ceiling_log_3m (22),3.45,1.54,-0.86
184.313,0,Ceiling_log_3m (22),3.45,1.59,-0.83
184.355,0,Ceiling_log_3m (22),3.45,1.66,-0.78
184.383,0,Ceiling_log_3m (22),3.45,1.64,-0.76
184.411,0,Ceiling_log_3m (22),3.45,1.67,-0.74
184.452,0,Ceiling_3x3m (9),3.51,1.70,-0.72
184.481,0,Ceiling_3x3m (9),3.54,1.70,-0.72
184.522,0,Ceiling_3x3m (9),3.53,1.70,-0.73
184.550,0,Ceiling_3x3m (9),3.52,1.70,-0.74
184.578,0,Ceiling_3x3m (9),3.53,1.70,-0.75
184.619,0,Ceiling_3x3m (9),3.52,1.70,-0.76
184.647,0,Ceiling_3x3m (9),3.49,1.70,-0.76
184.678,0,Ceiling_3x3m (9),3.50,1.70,-0.78
184.720,0,Ceiling_3x3m (9),3.49,1.70,-0.77
184.748,0,Ceiling_3x3m (9),3.48,1.70,-0.77
184.789,0,Ceiling_3x3m (9),3.46,1.70,-0.75
184.818,0,Ceiling_log_3m (22),3.45,1.69,-0.74
184.857,0,Ceiling_log_3m (22),3.45,1.66,-0.72
184.884,0,Ceiling_log_3m (22),3.45,1.63,-0.70
184.912,0,Ceiling_log_3m (22),3.45,1.63,-0.68
184.953,0,Ceiling_log_3m (22),3.45,1.60,-0.65
184.981,0,Ceiling_log_3m (22),3.45,1.60,-0.64
185.023,0,Ceiling_log_3m (22),3.45,1.64,-0.61
185.051,0,Ceiling_log_3m (22),3.45,1.62,-0.58
185.079,0,Ceiling_log_3m (22),3.45,1.63,-0.56
185.121,0,Ceiling_log_3m (22),3.45,1.65,-0.53
185.149,0,Ceiling_log_3m (22),3.45,1.66,-0.50
185.190,0,Ceiling_log_3m (22),3.45,1.65,-0.47
185.217,0,Ceiling_log_3m (22),3.45,1.63,-0.45
185.245,0,Ceiling_log_3m (22),3.45,1.64,-0.43
185.288,0,Ceiling_log_3m (22),3.45,1.64,-0.39
185.315,0,Ceiling_log_3m (22),3.45,1.64,-0.36
185.357,0,Ceiling_log_3m (22),3.45,1.66,-0.33
185.385,0,Wall_3mx20cm_Wood_Panels (2),3.46,1.67,-0.31
185.413,0,Wall_3mx20cm_Wood_Panels (2),3.50,1.64,-0.31
185.454,0,Wall_3mx20cm_Wood_Panels (2),3.54,1.64,-0.31
185.482,0,Wall_3mx20cm_Wood_Panels (2),3.56,1.65,-0.31
185.524,0,Wall_3mx20cm_Wood_Panels (2),3.58,1.65,-0.31
185.552,0,Wall_3mx20cm_Wood_Panels (2),3.59,1.65,-0.31
185.580,0,Wall_3mx20cm_Wood_Panels (2),3.59,1.66,-0.31
185.622,0,Ceiling_3x3m (9),3.56,1.70,-0.31
185.649,0,Ceiling_3x3m (9),3.56,1.70,-0.32
185.691,0,Ceiling_3x3m (9),3.55,1.70,-0.32
185.719,0,Ceiling_3x3m (9),3.50,1.70,-0.31
185.747,0,Ceiling_3x3m (9),3.47,1.70,-0.31
185.789,0,Ceiling_3x3m (9),3.46,1.70,-0.31
185.817,0,Ceiling_log_3m (22),3.45,1.68,-0.32
185.845,0,Ceiling_log_3m (22),3.45,1.69,-0.33
185.886,0,Ceiling_log_3m (22),3.45,1.66,-0.34
185.914,0,Ceiling_log_3m (22),3.45,1.66,-0.34
185.956,0,Ceiling_log_3m (22),3.45,1.65,-0.34
185.984,0,Ceiling_log_3m (22),3.45,1.64,-0.35
186.011,0,Ceiling_log_3m (22),3.45,1.64,-0.36
186.053,0,Ceiling_log_3m (22),3.45,1.66,-0.37
186.081,0,Ceiling_log_3m (22),3.45,1.67,-0.39
186.123,0,Ceiling_3x3m (9),3.46,1.70,-0.41
186.151,0,Ceiling_3x3m (9),3.47,1.70,-0.43
186.178,0,Ceiling_3x3m (9),3.47,1.70,-0.44
186.220,0,Ceiling_3x3m (9),3.48,1.70,-0.45
186.248,0,Ceiling_3x3m (9),3.48,1.70,-0.45
186.290,0,Ceiling_3x3m (9),3.48,1.70,-0.44
186.318,0,Ceiling_3x3m (9),3.49,1.70,-0.44
186.346,0,Ceiling_3x3m (9),3.50,1.70,-0.45
186.388,0,Ceiling_3x3m (9),3.49,1.70,-0.44
186.415,0,Ceiling_3x3m (9),3.49,1.70,-0.45
186.457,0,Ceiling_3x3m (9),3.48,1.70,-0.45
186.485,0,Ceiling_3x3m (9),3.49,1.70,-0.47
186.512,0,Ceiling_3x3m (9),3.49,1.70,-0.47
186.555,0,Ceiling_3x3m (9),3.48,1.70,-0.48
186.582,0,Ceiling_3x3m (9),3.48,1.70,-0.48
186.624,0,Ceiling_3x3m (9),3.48,1.70,-0.48
186.652,0,Ceiling_3x3m (9),3.48,1.70,-0.48
186.680,0,Ceiling_3x3m (9),3.47,1.70,-0.47
186.722,0,Ceiling_3x3m (9),3.47,1.70,-0.47
186.749,0,Ceiling_3x3m (9),3.48,1.70,-0.48
186.791,0,Ceiling_3x3m (9),3.48,1.70,-0.48
186.819,0,Ceiling_3x3m (9),3.48,1.70,-0.49
186.847,0,Ceiling_3x3m (9),3.49,1.70,-0.49
186.888,0,Ceiling_3x3m (9),3.48,1.70,-0.50
186.916,0,Ceiling_3x3m (9),3.46,1.70,-0.50
186.958,0,Ceiling_log_3m (22),3.45,1.67,-0.51
186.986,0,Ceiling_log_3m (22),3.45,1.66,-0.52
187.014,0,Ceiling_log_3m (22),3.45,1.63,-0.53
187.056,0,Ceiling_log_3m (22),3.45,1.60,-0.55
187.084,0,Ceiling_log_3m (22),3.45,1.58,-0.56
187.111,0,Ceiling_log_3m (22),3.45,1.56,-0.57
187.154,0,Ceiling_log_3m (22),3.45,1.54,-0.59
187.181,0,Ceiling_log_3m (22),3.45,1.52,-0.59
187.224,0,Ceiling_log_3m (22),3.45,1.51,-0.60
187.251,0,Ceiling_log_3m (22),3.45,1.50,-0.61
187.279,0,Ceiling_log_3m (22),3.44,1.50,-0.60
187.320,0,Ceiling_log_3m (22),3.37,1.50,-0.57
187.349,0,Ceiling_log_3m (22),3.36,1.50,-0.57
187.390,0,Ceiling_log_3m (22),3.35,1.50,-0.56
187.417,0,Ceiling_log_3m (22),3.36,1.50,-0.56
187.446,0,Ceiling_log_3m (22),3.38,1.50,-0.56
187.487,0,Ceiling_log_3m (22),3.42,1.50,-0.56
187.515,0,Ceiling_log_3m (22),3.39,1.50,-0.54
187.557,0,Ceiling_log_3m (22),3.38,1.50,-0.54
187.585,0,Ceiling_log_3m (22),3.36,1.50,-0.53
187.613,0,Ceiling_log_3m (22),3.36,1.50,-0.53
187.654,0,Ceiling_log_3m (22),3.36,1.50,-0.54
187.682,0,Ceiling_3x3m (7),3.05,1.70,-0.42
187.724,0,Ceiling_3x3m (7),3.03,1.70,-0.42
187.752,0,Ceiling_3x3m (7),3.03,1.70,-0.43
187.779,0,Ceiling_3x3m (7),3.03,1.70,-0.43
187.822,0,Ceiling_3x3m (7),3.03,1.70,-0.43
187.849,0,Ceiling_3x3m (7),3.02,1.70,-0.43
187.891,0,Ceiling_3x3m (7),3.02,1.70,-0.42
187.919,0,Ceiling_3x3m (7),3.03,1.70,-0.43
187.947,0,Ceiling_3x3m (7),3.06,1.70,-0.44
187.989,0,Ceiling_3x3m (7),3.07,1.70,-0.44
188.017,0,Ceiling_3x3m (7),3.05,1.70,-0.43
188.058,0,Ceiling_3x3m (7),3.04,1.70,-0.42
188.086,0,Ceiling_3x3m (7),3.04,1.70,-0.42
188.114,0,Ceiling_3x3m (7),3.04,1.70,-0.41
188.155,0,Ceiling_3x3m (7),3.04,1.70,-0.41
188.185,0,Ceiling_3x3m (7),3.02,1.70,-0.40
188.212,0,Ceiling_3x3m (7),3.01,1.70,-0.40
188.253,0,Ceiling_3x3m (7),3.00,1.70,-0.40
188.281,0,Ceiling_3x3m (7),3.00,1.70,-0.40
188.323,0,Ceiling_3x3m (7),3.01,1.70,-0.40
188.351,0,Ceiling_3x3m (7),3.01,1.70,-0.40
188.379,0,Ceiling_3x3m (7),3.02,1.70,-0.40
188.420,0,Ceiling_3x3m (7),3.02,1.70,-0.40
188.448,0,Ceiling_3x3m (7),3.01,1.70,-0.40
188.489,0,Ceiling_3x3m (7),2.99,1.70,-0.38
188.517,0,Ceiling_3x3m (7),2.99,1.70,-0.39
188.545,0,Ceiling_3x3m (7),3.00,1.70,-0.39
188.587,0,Ceiling_3x3m (7),3.00,1.70,-0.39
188.615,0,Ceiling_3x3m (7),2.99,1.70,-0.38
188.656,0,Ceiling_3x3m (7),2.98,1.70,-0.38
188.684,0,Ceiling_3x3m (7),2.98,1.70,-0.39
188.713,0,Ceiling_3x3m (7),2.96,1.70,-0.38
188.754,0,Ceiling_3x3m (7),2.96,1.70,-0.39
188.782,0,Ceiling_3x3m (7),2.93,1.70,-0.39
188.824,0,Ceiling_3x3m (7),2.85,1.70,-0.37
188.852,0,Ceiling_3x3m (7),2.75,1.70,-0.36
188.879,0,Ceiling_3x3m (7),2.61,1.70,-0.37
188.921,0,Ceiling_log_3m (21),2.46,1.59,-0.50
188.949,0,Ceiling_3x3m (7),1.98,1.70,-0.51
188.990,0,Ceiling_3x3m (7),1.55,1.70,-0.64
189.018,0,Ceiling_log_3m (20),1.52,1.59,-0.77
189.047,0,Ceiling_log_3m (20),1.50,1.50,-0.89
189.088,0,Wall_3mx20cm_Door (1),1.41,1.42,-1.00
189.116,0,Wall_3mx20cm_Door (1),1.41,1.37,-1.07
189.158,0,Wall_3mx20cm_Conference_Door,1.41,1.32,-1.15
189.186,0,Wall_3mx20cm_Conference_Door,1.41,1.33,-1.19
189.214,0,Wall_3mx20cm_Conference_Door,1.41,1.38,-1.24
189.255,0,Wall_3mx20cm_Conference_Door,1.41,1.39,-1.27
189.284,0,Wall_3mx20cm_Conference_Door,1.41,1.44,-1.29
189.325,0,Ceiling_log_3m (20),1.49,1.50,-1.32
189.352,0,Ceiling_log_3m (20),1.49,1.50,-1.32
189.381,0,Ceiling_log_3m (20),1.51,1.50,-1.32
189.423,0,Wall_3mx20cm_Conference_Door,1.41,1.50,-1.28
189.451,0,Wall_3mx20cm_Conference_Door,1.41,1.42,-1.25
189.479,0,Wall_3mx20cm_Conference_Door,1.41,1.35,-1.21
189.520,0,Wall_3mx20cm_Conference_Door,1.41,1.28,-1.16
189.548,0,Wall_3mx20cm_Conference_Door,1.41,1.23,-1.14
189.590,0,Wall_3mx20cm_Conference_Door,1.41,1.23,-1.13
189.617,0,Wall_3mx20cm_Conference_Door,1.41,1.26,-1.13
189.646,0,Wall_3mx20cm_Conference_Door,1.41,1.26,-1.12
189.687,0,Wall_3mx20cm_Conference_Door,1.41,1.35,-1.11
189.715,0,Wall_3mx20cm_Conference_Door,1.41,1.38,-1.11
189.757,0,Wall_3mx20cm_Conference_Door,1.41,1.40,-1.11
189.785,0,Wall_3mx20cm_Conference_Door,1.41,1.42,-1.10
189.813,0,Wall_3mx20cm_Door (1),1.41,1.42,-1.09
189.855,0,Wall_3mx20cm_Door (1),1.41,1.41,-1.07
189.882,0,Wall_3mx20cm_Door (1),1.41,1.40,-1.06
189.924,0,Wall_3mx20cm_Door (1),1.41,1.37,-1.06
189.952,0,Wall_3mx20cm_Door (1),1.41,1.36,-1.07
189.980,0,Wall_3mx20cm_Door (1),1.41,1.35,-1.08
190.022,0,Wall_3mx20cm_Door (1),1.41,1.34,-1.09
190.049,0,Wall_3mx20cm_Conference_Door,1.41,1.34,-1.10
190.091,0,Wall_3mx20cm_Door (1),1.41,1.36,-1.09
190.119,0,Wall_3mx20cm_Door (1),1.41,1.36,-1.09
190.147,0,Wall_3mx20cm_Door (1),1.41,1.35,-1.09
190.188,0,Wall_3mx20cm_Door (1),1.41,1.34,-1.08
190.216,0,Wall_3mx20cm_Door (1),1.41,1.34,-1.08
190.258,0,Wall_3mx20cm_Door (1),1.41,1.33,-1.07
190.286,0,Wall_3mx20cm_Door (1),1.41,1.32,-1.07
190.314,0,Wall_3mx20cm_Door (1),1.41,1.31,-1.06
190.356,0,Wall_3mx20cm_Door (1),1.41,1.31,-1.05
190.383,0,Wall_3mx20cm_Door (1),1.41,1.32,-1.04
190.412,0,Wall_3mx20cm_Door (1),1.41,1.31,-1.04
190.453,0,Wall_3mx20cm_Door (1),1.41,1.32,-1.04
190.481,0,Wall_3mx20cm_Door (1),1.41,1.32,-1.04
190.523,0,Wall_3mx20cm_Door (1),1.41,1.32,-1.03
190.551,0,Wall_3mx20cm_Door (1),1.41,1.32,-1.03
190.579,0,Wall_3mx20cm_Door (1),1.41,1.32,-1.03
190.620,0,Wall_3mx20cm_Door (1),1.41,1.30,-1.02
190.648,0,Wall_3mx20cm_Door (1),1.41,1.28,-1.01
190.690,0,Wall_3mx20cm_Door (1),1.41,1.27,-0.99
190.718,0,Wall_3mx20cm_Door (1),1.41,1.25,-0.98
190.745,0,Wall_3mx20cm_Door (1),1.41,1.23,-0.96
190.787,0,Wall_3mx20cm_Door (1),1.41,1.17,-0.92
190.815,0,Wall_3mx20cm_Door (1),1.41,1.10,-0.89
190.857,0,Wall_3mx20cm_Door (1),1.41,0.90,-0.80
190.885,0,Wall_3mx20cm_Door (1),1.41,0.73,-0.72
190.912,0,Wall_3mx20cm_Door (1),1.41,0.62,-0.65
190.954,0,Wall_3mx20cm_Door (1),1.41,0.45,-0.54
190.982,0,Wall_3mx20cm_Door (1),1.41,0.34,-0.47
191.024,0,Wall_3mx20cm_Door (1),1.41,0.23,-0.40
191.051,0,Wall_3mx20cm_Door (1),1.41,0.20,-0.37
191.080,0,Wall_3mx20cm_Door (1),1.41,0.19,-0.36
191.121,0,Wall_3mx20cm_Door (1),1.41,0.18,-0.35
191.149,0,Wall_3mx20cm_Door (1),1.41,0.17,-0.34
191.191,0,Wall_3mx20cm_Door (1),1.41,0.20,-0.33
191.218,0,Wall_3mx20cm_Door (1),1.41,0.19,-0.31
191.247,0,Wall_3mx20cm_Wood_Panels (2),1.44,0.15,-0.31
191.289,0,Wall_3mx20cm_Wood_Panels (2),1.53,0.13,-0.31
191.316,0,Wall_3mx20cm_Wood_Panels (2),1.57,0.09,-0.31
191.358,0,Wall_3mx20cm_Wood_Panels (2),1.67,0.02,-0.31
191.385,0,Wall_3mx20cm_Wood_Panels (2),1.75,-0.01,-0.31
191.413,0,Wall_3mx20cm_Wood_Panels (2),1.80,-0.03,-0.31
191.456,0,Wall_3mx20cm_Wood_Panels (2),1.87,-0.03,-0.31
191.483,0,Wall_3mx20cm_Wood_Panels (2),1.91,-0.04,-0.31
191.525,0,Wall_3mx20cm_Wood_Panels (2),1.94,-0.02,-0.31
191.553,0,Wall_3mx20cm_Wood_Panels (2),1.96,-0.02,-0.31
191.581,0,Wall_3mx20cm_Wood_Panels (2),1.97,0.02,-0.31
191.623,0,Wall_3mx20cm_Wood_Panels (2),2.01,0.11,-0.31
191.650,0,Wall_3mx20cm_Wood_Panels (2),2.01,0.15,-0.31
191.692,0,Wall_3mx20cm_Wood_Panels (2),2.00,0.14,-0.31
191.720,0,Wall_3mx20cm_Wood_Panels (2),1.97,0.15,-0.31
191.748,0,Wall_3mx20cm_Wood_Panels (2),1.90,0.21,-0.31
191.790,0,Wall_3mx20cm_Wood_Panels (2),1.73,0.32,-0.31
191.817,0,Wall_3mx20cm_Wood_Panels (2),1.57,0.39,-0.31
191.860,0,Wall_3mx20cm_Door (1),1.41,0.42,-0.34
191.887,0,Wall_3mx20cm_Door (1),1.41,0.44,-0.38
191.915,0,Wall_3mx20cm_Door (1),1.41,0.41,-0.39
191.957,0,Wall_3mx20cm_Door (1),1.41,0.36,-0.35
191.985,0,Wall_3mx20cm_Wood_Panels (2),1.42,0.32,-0.31
192.013,0,Wall_3mx20cm_Wood_Panels (2),1.54,0.29,-0.31
192.054,0,Wall_3mx20cm_Wood_Panels (2),1.71,0.30,-0.31
192.082,0,Wall_3mx20cm_Wood_Panels (2),1.86,0.28,-0.31
192.124,0,Wall_3mx20cm_Wood_Panels (2),2.06,0.33,-0.31
192.152,0,Wall_3mx20cm_Wood_Panels (2),2.15,0.42,-0.31
192.180,0,Wall_3mx20cm_Wood_Panels (2),2.21,0.49,-0.31
192.221,0,Wall_3mx20cm_Wood_Panels (2),2.27,0.53,-0.31
192.249,0,Wall_3mx20cm_Wood_Panels (2),2.28,0.50,-0.31
192.291,0,Wall_3mx20cm_Wood_Panels (2),2.28,0.43,-0.31
192.319,0,Wall_3mx20cm_Wood_Panels (2),2.28,0.39,-0.31
192.346,0,Wall_3mx20cm_Wood_Panels (2),2.29,0.35,-0.31
192.388,0,Wall_3mx20cm_Wood_Panels (2),2.34,0.33,-0.31
192.416,0,Wall_3mx20cm_Wood_Panels (2),2.45,0.31,-0.31
192.458,0,Wall_3mx20cm_Wood_Panels (2),2.64,0.27,-0.31
192.485,0,Wall_3mx20cm_Wood_Panels (2),2.76,0.28,-0.31
192.513,0,Wall_3mx20cm_Wood_Panels (2),2.86,0.26,-0.31
192.555,0,Wall_3mx20cm_Wood_Panels (2),2.98,0.26,-0.31
192.584,0,Wall_3mx20cm_Wood_Panels (2),3.02,0.25,-0.31
192.625,0,Wall_3mx20cm_Wood_Panels (2),3.04,0.22,-0.31
192.653,0,Wall_3mx20cm_Wood_Panels (2),3.05,0.20,-0.31
192.680,0,Wall_3mx20cm_Wood_Panels (2),3.04,0.20,-0.31
192.722,0,Wall_3mx20cm_Wood_Panels (2),3.00,0.18,-0.31
192.750,0,Wall_3mx20cm_Wood_Panels (2),2.95,0.19,-0.31
192.792,0,Wall_3mx20cm_Wood_Panels (2),2.87,0.22,-0.31
192.820,0,Wall_3mx20cm_Wood_Panels (2),2.81,0.24,-0.31
192.848,0,Wall_3mx20cm_Wood_Panels (2),2.74,0.28,-0.31
192.889,0,Wall_3mx20cm_Wood_Panels (2),2.66,0.33,-0.31
192.917,0,Wall_3mx20cm_Wood_Panels (2),2.61,0.35,-0.31
192.959,0,Wall_3mx20cm_Wood_Panels (2),2.55,0.39,-0.31
192.987,0,Wall_3mx20cm_Wood_Panels (2),2.51,0.40,-0.31
193.015,0,Wall_3mx20cm_Wood_Panels (2),2.48,0.44,-0.31
193.056,0,Wall_3mx20cm_Wood_Panels (2),2.40,0.52,-0.31
193.084,0,Wall_3mx20cm_Wood_Panels (2),2.28,0.56,-0.31
193.126,0,Wall_3mx20cm_Wood_Panels (2),2.03,0.67,-0.31
193.154,0,Wall_3mx20cm_Wood_Panels (2),1.76,0.83,-0.31
193.182,0,Wall_3mx20cm_Wood_Panels (2),1.44,1.00,-0.31
193.224,0,Wall_3mx20cm_Door (1),1.41,1.07,-0.48
193.251,0,Wall_3mx20cm_Door (1),1.41,1.06,-0.60
193.279,0,Wall_3mx20cm_Door (1),1.41,1.03,-0.71
193.321,0,Wall_3mx20cm_Door (1),1.41,1.02,-0.87
193.349,0,Wall_3mx20cm_Door (1),1.41,1.00,-0.96
193.391,0,Wall_3mx20cm_Conference_Door,1.41,0.99,-1.10
193.419,0,Wall_3mx20cm_Conference_Door,1.41,1.04,-1.19
193.446,0,Wall_3mx20cm_Conference_Door,1.41,1.06,-1.28
193.489,0,Wall_3mx20cm_Conference_Door,1.41,1.03,-1.39
193.516,0,Wall_3mx20cm_Conference_Door,1.41,1.03,-1.46
193.558,0,Wall_3mx20cm_Conference_Door,1.41,1.06,-1.58
193.586,0,Wall_3mx20cm_Conference_Door,1.41,1.05,-1.65
193.613,0,Timer,1.47,1.04,-1.72
193.655,0,Timer,1.47,1.06,-1.82
193.684,0,Timer,1.47,1.05,-1.88
193.726,0,Timer,1.47,0.99,-1.96
193.754,0,Timer,1.47,0.96,-2.00
193.782,0,Timer,1.47,0.93,-2.03
193.823,0,Timer,1.47,0.89,-2.07
193.851,0,Timer,1.47,0.88,-2.09
193.892,0,Timer,1.47,0.89,-2.11
193.921,0,Timer,1.47,0.88,-2.11
193.948,0,Timer,1.47,0.88,-2.12
193.990,0,Timer,1.47,0.88,-2.11
194.018,0,Timer,1.47,0.88,-2.11
194.059,0,Timer,1.47,0.89,-2.10
194.088,0,Timer,1.47,0.90,-2.10
194.115,0,Timer,1.47,0.89,-2.10
194.157,0,Timer,1.47,0.88,-2.10
194.185,0,Timer,1.47,0.87,-2.10
194.213,0,Timer,1.47,0.85,-2.10
194.255,0,Timer,1.47,0.84,-2.10
194.282,0,Timer,1.47,0.86,-2.10
194.324,0,Timer,1.47,0.89,-2.10
194.352,0,Timer,1.47,0.93,-2.10
194.380,0,Timer,1.47,0.99,-2.09
194.421,0,Timer,1.47,1.07,-2.10
194.449,0,Wall_3mx20cm_Conference_Door,1.41,1.13,-2.11
194.491,0,Wall_3mx20cm_Conference_Door,1.41,1.14,-2.13
194.519,0,Wall_3mx20cm_Conference_Door,1.41,1.13,-2.15
194.547,0,Timer,1.47,1.06,-2.17
194.588,0,Timer,1.47,0.96,-2.21
194.617,0,Timer,1.47,0.89,-2.23
194.658,0,Timer,1.47,0.89,-2.28
194.686,0,Timer,1.47,0.91,-2.30
194.714,0,Timer,1.47,0.90,-2.32
194.756,0,Timer,1.47,0.86,-2.33
194.783,0,Timer,1.47,0.85,-2.35
194.825,0,Timer,1.47,0.86,-2.38
194.853,0,Timer,1.47,0.86,-2.39
194.881,0,Timer,1.47,0.85,-2.40
194.922,0,Timer,1.47,0.83,-2.42
194.950,0,Timer,1.47,0.82,-2.44
194.992,0,Timer,1.47,0.79,-2.47
195.020,0,Timer,1.47,0.77,-2.49
195.048,0,Timer,1.47,0.77,-2.51
195.089,0,Timer,1.47,0.80,-2.57
195.118,0,Timer,1.47,0.81,-2.61
195.159,0,Timer,1.47,0.84,-2.65
195.187,0,Timer,1.47,0.87,-2.68
195.215,0,Timer,1.47,0.94,-2.72
195.257,0,Timer,1.47,0.99,-2.78
195.284,0,Timer,1.47,0.98,-2.83
195.326,0,Timer,1.47,0.87,-2.90
195.355,0,Timer,1.47,0.82,-2.95
195.382,0,Timer,1.47,0.79,-3.01
195.424,0,Timer,1.47,0.73,-3.10
195.452,0,Timer,1.47,0.72,-3.16
195.480,0,Timer,1.47,0.73,-3.22
195.522,0,Timer,1.47,0.73,-3.29
195.549,0,Timer,1.47,0.74,-3.33
195.591,0,Timer,1.47,0.76,-3.38
195.619,0,Timer,1.47,0.81,-3.41
195.647,0,Timer,1.47,0.85,-3.42
195.689,0,Timer,1.47,0.86,-3.43
195.717,0,Timer,1.47,0.88,-3.43
195.758,0,Timer,1.47,0.91,-3.43
195.786,0,Timer,1.47,0.91,-3.43
195.814,0,Timer,1.47,0.89,-3.41
195.856,0,Timer,1.47,0.91,-3.37
195.883,0,Timer,1.47,1.01,-3.34
195.925,0,Timer,1.47,1.02,-3.28
195.954,0,Timer,1.47,1.00,-3.24
195.981,0,Timer,1.47,1.00,-3.20
196.023,0,Timer,1.47,1.01,-3.17
196.051,0,Timer,1.47,1.00,-3.15
196.092,0,Timer,1.47,1.00,-3.14
196.120,0,Timer,1.47,0.98,-3.14
196.148,0,Timer,1.47,0.96,-3.14
196.190,0,Timer,1.47,0.94,-3.15
196.217,0,Timer,1.47,0.93,-3.17
196.259,0,Timer,1.47,0.90,-3.19
196.287,0,Timer,1.47,0.91,-3.20
196.315,0,Timer,1.47,0.93,-3.21
196.357,0,Timer,1.47,0.92,-3.24
196.385,0,Timer,1.47,0.94,-3.28
196.426,0,Timer,1.47,0.99,-3.36
196.454,0,Timer,1.47,0.99,-3.42
196.482,0,Wall_3mx20cm_Conference_Door,1.41,1.01,-3.50
196.524,0,Wall_3mx20cm_Conference_Door,1.41,0.99,-3.61
196.552,0,Wall_3mx20cm_Conference_Door,1.41,0.97,-3.68
196.593,0,Wall_3mx20cm_Conference_Door,1.41,0.95,-3.77
196.621,0,Wall_3mx20cm_Conference_Door,1.41,0.93,-3.83
196.649,0,Wall_3mx20cm_Conference_Door,1.41,0.91,-3.87
196.691,0,Wall_3mx20cm_Conference_Door,1.41,0.89,-3.91
196.718,0,Wall_3mx20cm_Conference_Door,1.41,0.86,-3.92
196.747,0,Wall_3mx20cm_Conference_Door,1.41,0.84,-3.92
196.789,0,Wall_3mx20cm_Conference_Door,1.41,0.82,-3.90
196.817,0,Wall_3mx20cm_Conference_Door,1.41,0.81,-3.88
196.859,0,Wall_3mx20cm_Conference_Door,1.41,0.80,-3.84
196.885,0,Wall_3mx20cm_Conference_Door,1.41,0.82,-3.82
196.913,0,Wall_3mx20cm_Conference_Door,1.41,0.85,-3.80
196.955,0,Wall_3mx20cm_Conference_Door,1.41,0.91,-3.79
196.984,0,Wall_3mx20cm_Conference_Door,1.41,0.99,-3.79
197.025,0,Wall_3mx20cm_Conference_Door,1.41,1.07,-3.79
197.053,0,Wall_3mx20cm_Conference_Door,1.41,1.10,-3.78
197.081,0,Wall_3mx20cm_Conference_Door,1.41,1.11,-3.75
197.123,0,Wall_3mx20cm_Conference_Door,1.41,1.13,-3.69
197.150,0,Wall_3mx20cm_Conference_Door,1.41,1.13,-3.65
197.192,0,Wall_3mx20cm_Conference_Door,1.41,1.10,-3.58
197.220,0,Wall_3mx20cm_Conference_Door,1.41,1.07,-3.54
197.248,0,Wall_3mx20cm_Conference_Door,1.41,1.07,-3.52
197.290,0,Wall_3mx20cm_Conference_Door,1.41,1.09,-3.54
197.317,0,Wall_3mx20cm_Conference_Door,1.41,1.08,-3.57
197.359,0,Wall_3mx20cm_Conference_Door,1.41,1.06,-3.64
197.387,0,Wall_3mx20cm_Conference_Door,1.41,1.07,-3.70
197.415,0,Wall_3mx20cm_Conference_Door,1.41,1.05,-3.75
197.457,0,Wall_3mx20cm_Conference_Door,1.41,1.03,-3.83
197.484,0,Wall_3mx20cm_Conference_Door,1.41,1.04,-3.89
197.526,0,Wall_3mx20cm_Conference_Door,1.41,1.01,-3.98
197.554,0,Wall_3mx20cm_Conference_Door,1.41,1.00,-4.04
197.582,0,Wall_3mx40cm_Window,1.41,0.98,-4.10
197.624,0,Wall_3mx40cm_Window,1.60,0.86,-4.10
197.651,0,Wall_3mx40cm_Window,1.73,0.81,-4.10
197.693,0,Wall_3mx40cm_Window,1.92,0.77,-4.10
197.721,0,Wall_3mx40cm_Window,2.04,0.73,-4.10
197.749,0,Wall_3mx40cm_Window,2.13,0.70,-4.10
197.791,0,Wall_3mx40cm_Window,2.26,0.68,-4.10
197.818,0,Wall_3mx40cm_Window,2.33,0.67,-4.10
197.860,0,Wall_3mx40cm_Window,2.38,0.63,-4.10
197.888,0,Wall_3mx40cm_Window,2.40,0.64,-4.10
197.916,0,Wall_3mx40cm_Window,2.44,0.68,-4.10
197.958,0,Wall_3mx40cm_Window,2.50,0.71,-4.10
197.986,0,Wall_3mx40cm_Window,2.52,0.73,-4.10
198.014,0,Wall_3mx40cm_Window,2.54,0.75,-4.10
198.055,0,Wall_3mx40cm_Window,2.56,0.76,-4.10
198.083,0,Wall_3mx40cm_Window,2.56,0.72,-4.10
198.125,0,Wall_3mx40cm_Window,2.59,0.70,-4.10
198.153,0,Wall_3mx40cm_Window,2.61,0.68,-4.10
198.181,0,Wall_3mx40cm_Window,2.63,0.65,-4.10
198.223,0,Wall_3mx40cm_Window,2.63,0.60,-4.10
198.251,0,Wall_3mx40cm_Window,2.60,0.61,-4.10
198.293,0,Wall_3mx40cm_Window,2.51,0.62,-4.10
198.320,0,Wall_3mx40cm_Window,2.43,0.62,-4.10
198.348,0,Wall_3mx40cm_Window,2.31,0.64,-4.10
198.391,0,Wall_3mx40cm_Window,2.04,0.67,-4.10
198.418,0,Wall_3mx40cm_Window,1.81,0.71,-4.10
198.459,0,Wall_3mx20cm_Conference_Door,1.41,0.75,-4.10
198.487,0,Wall_3mx20cm_Conference_Door,1.41,0.66,-3.94
198.515,0,Wall_3mx20cm_Conference_Door,1.41,0.60,-3.80
198.556,0,Wall_3mx20cm_Conference_Door,1.41,0.52,-3.60
198.584,0,Timer,1.47,0.45,-3.45
198.626,0,Timer,1.47,0.45,-3.30
198.654,0,Timer,1.47,0.45,-3.23
198.682,0,Timer,1.47,0.45,-3.15
198.724,0,Timer,1.47,0.47,-3.04
198.751,0,Timer,1.47,0.50,-2.99
198.793,0,Timer,1.47,0.57,-2.93
198.821,0,Timer,1.47,0.58,-2.88
198.849,0,Timer,1.47,0.57,-2.84
198.890,0,Timer,1.47,0.60,-2.78
198.918,0,Timer,1.47,0.59,-2.75
198.960,0,Timer,1.47,0.59,-2.71
198.988,0,Timer,1.47,0.59,-2.68
199.016,0,Timer,1.47,0.59,-2.65
199.058,0,Timer,1.47,0.57,-2.62
199.085,0,Timer,1.47,0.58,-2.60
199.127,0,Timer,1.47,0.59,-2.58
199.155,0,Timer,1.47,0.58,-2.57
199.183,0,Timer,1.47,0.58,-2.55
199.225,0,Timer,1.47,0.58,-2.53
199.252,0,Timer,1.47,0.60,-2.51
199.281,0,Timer,1.47,0.60,-2.50
199.322,0,Timer,1.47,0.61,-2.47
199.350,0,Timer,1.47,0.61,-2.46
199.392,0,Timer,1.47,0.60,-2.43
199.419,0,Timer,1.47,0.59,-2.41
199.447,0,Timer,1.47,0.59,-2.39
199.489,0,Timer,1.47,0.60,-2.37
199.517,0,Timer,1.47,0.60,-2.35
199.559,0,Timer,1.47,0.60,-2.32
199.586,0,Timer,1.47,0.60,-2.30
199.614,0,Timer,1.47,0.60,-2.29
199.656,0,Timer,1.47,0.60,-2.27
199.684,0,Timer,1.47,0.60,-2.27
199.726,0,Timer,1.47,0.60,-2.26
199.753,0,Timer,1.47,0.60,-2.26
199.781,0,Timer,1.47,0.60,-2.26
199.823,0,Timer,1.47,0.61,-2.26
199.851,0,Timer,1.47,0.62,-2.25
199.892,0,Timer,1.47,0.62,-2.24
199.920,0,Timer,1.47,0.63,-2.23
199.948,0,Timer,1.47,0.64,-2.23
199.990,0,Timer,1.47,0.65,-2.22
200.018,0,Timer,1.47,0.65,-2.22
200.060,0,Timer,1.47,0.65,-2.22
200.087,0,Timer,1.47,0.66,-2.22
200.116,0,Timer,1.47,0.66,-2.22
200.157,0,Timer,1.47,0.65,-2.22
200.185,0,Timer,1.47,0.66,-2.22
200.227,0,Timer,1.47,0.66,-2.22
200.255,0,Timer,1.47,0.66,-2.22
200.282,0,Timer,1.47,0.66,-2.22
200.324,0,Timer,1.47,0.67,-2.22
200.352,0,Timer,1.47,0.68,-2.23
200.394,0,Timer,1.47,0.68,-2.24
200.422,0,Timer,1.47,0.69,-2.24
200.450,0,Timer,1.47,0.69,-2.25
200.492,0,Timer,1.47,0.69,-2.25
200.520,0,Timer,1.47,0.70,-2.26
200.561,0,Timer,1.47,0.70,-2.26
200.589,0,Timer,1.47,0.70,-2.26
200.617,0,Timer,1.47,0.71,-2.27
200.658,0,Timer,1.47,0.72,-2.27
200.686,0,Timer,1.47,0.73,-2.28
200.728,0,Timer,1.47,0.74,-2.28
200.756,0,Timer,1.47,0.74,-2.28
200.783,0,Timer,1.47,0.74,-2.28
200.826,0,Timer,1.47,0.74,-2.29
200.853,0,Timer,1.47,0.74,-2.30
200.881,0,Timer,1.47,0.74,-2.30
200.922,0,Timer,1.47,0.74,-2.30
200.951,0,Timer,1.47,0.73,-2.31
200.992,0,Timer,1.47,0.74,-2.31
201.020,0,Timer,1.47,0.74,-2.32
201.048,0,Timer,1.47,0.74,-2.32
201.089,0,Timer,1.47,0.74,-2.32
201.118,0,Timer,1.47,0.74,-2.32
201.159,0,Timer,1.47,0.75,-2.33
201.188,0,Timer,1.47,0.75,-2.33
201.215,0,Timer,1.47,0.76,-2.33
201.257,0,Timer,1.47,0.76,-2.33
201.285,0,Timer,1.47,0.75,-2.34
201.327,0,Timer,1.47,0.74,-2.33
201.355,0,Timer,1.47,0.74,-2.34
201.383,0,Timer,1.47,0.74,-2.34
201.424,0,Timer,1.47,0.74,-2.33
201.451,0,Timer,1.47,0.74,-2.33
201.494,0,Timer,1.47,0.74,-2.32
201.521,0,Timer,1.47,0.74,-2.32
201.549,0,Timer,1.47,0.73,-2.31
201.591,0,Timer,1.47,0.73,-2.31
201.619,0,Timer,1.47,0.72,-2.30
201.661,0,Timer,1.47,0.71,-2.30
201.689,0,Timer,1.47,0.71,-2.30
201.716,0,Timer,1.47,0.70,-2.30
201.758,0,Timer,1.47,0.70,-2.30
201.786,0,Timer,1.47,0.69,-2.30
201.828,0,Timer,1.47,0.69,-2.30
201.856,0,Timer,1.47,0.69,-2.31
201.883,0,Timer,1.47,0.69,-2.31
201.926,0,Timer,1.47,0.69,-2.31
201.953,0,Timer,1.47,0.70,-2.31
201.995,0,Timer,1.47,0.72,-2.31
202.023,0,Timer,1.47,0.72,-2.32
202.050,0,Timer,1.47,0.71,-2.32
202.092,0,Timer,1.47,0.71,-2.33
202.120,0,Timer,1.47,0.71,-2.33
202.148,0,Timer,1.47,0.70,-2.33
202.189,0,Timer,1.47,0.69,-2.33
202.217,0,Timer,1.47,0.70,-2.33
202.259,0,Timer,1.47,0.71,-2.33
202.287,0,Timer,1.47,0.71,-2.32
202.315,0,Timer,1.47,0.72,-2.33
202.357,0,Timer,1.47,0.72,-2.32
202.384,0,Timer,1.47,0.71,-2.32
202.427,0,Timer,1.47,0.70,-2.31
202.454,0,Timer,1.47,0.70,-2.32
202.482,0,Timer,1.47,0.71,-2.32
202.524,0,Timer,1.47,0.71,-2.32
202.551,0,Timer,1.47,0.71,-2.32
202.593,0,Timer,1.47,0.71,-2.32
202.621,0,Timer,1.47,0.71,-2.32
202.649,0,Timer,1.47,0.71,-2.32
202.691,0,Timer,1.47,0.72,-2.31
202.718,0,Timer,1.47,0.72,-2.31
202.760,0,Timer,1.47,0.73,-2.30
202.788,0,Timer,1.47,0.73,-2.30
202.819,0,Timer,1.47,0.73,-2.30
202.858,0,Timer,1.47,0.73,-2.30
202.885,0,Timer,1.47,0.73,-2.30
202.927,0,Timer,1.47,0.73,-2.29
202.955,0,Timer,1.47,0.73,-2.29
202.983,0,Timer,1.47,0.73,-2.29
203.025,0,Timer,1.47,0.74,-2.28
203.053,0,Timer,1.47,0.73,-2.28
203.095,0,Timer,1.47,0.73,-2.28
203.123,0,Timer,1.47,0.73,-2.28
203.150,0,Timer,1.47,0.73,-2.28
203.192,0,Timer,1.47,0.73,-2.28
203.220,0,Timer,1.47,0.73,-2.27
203.248,0,Timer,1.47,0.73,-2.27
203.289,0,Timer,1.47,0.73,-2.26
203.317,0,Timer,1.47,0.73,-2.26
203.359,0,Timer,1.47,0.73,-2.26
203.387,0,Timer,1.47,0.73,-2.26
203.415,0,Timer,1.47,0.72,-2.26
203.457,0,Timer,1.47,0.72,-2.26
203.485,0,Timer,1.47,0.72,-2.26
203.526,0,Timer,1.47,0.73,-2.26
203.554,0,Timer,1.47,0.73,-2.25
203.582,0,Timer,1.47,0.73,-2.25
203.624,0,Timer,1.47,0.73,-2.25
203.651,0,Timer,1.47,0.73,-2.26
203.694,0,Timer,1.47,0.73,-2.26
203.722,0,Timer,1.47,0.73,-2.26
203.749,0,Timer,1.47,0.74,-2.26
203.791,0,Timer,1.47,0.74,-2.26
203.819,0,Timer,1.47,0.74,-2.26
203.861,0,Timer,1.47,0.74,-2.26
203.889,0,Timer,1.47,0.74,-2.26
203.916,0,Timer,1.47,0.74,-2.26
203.958,0,Timer,1.47,0.74,-2.26
203.986,0,Timer,1.47,0.74,-2.26
204.027,0,Timer,1.47,0.74,-2.26
204.055,0,Timer,1.47,0.74,-2.26
204.083,0,Timer,1.47,0.73,-2.26
204.125,0,Timer,1.47,0.73,-2.26
204.153,0,Timer,1.47,0.73,-2.26
204.194,0,Timer,1.47,0.73,-2.26
204.222,0,Timer,1.47,0.73,-2.26
204.250,0,Timer,1.47,0.73,-2.26
204.292,0,Timer,1.47,0.73,-2.26
204.320,0,Timer,1.47,0.73,-2.26
204.362,0,Timer,1.47,0.74,-2.25
204.390,0,Timer,1.47,0.73,-2.25
204.418,0,Timer,1.47,0.73,-2.25
204.460,0,Timer,1.47,0.72,-2.25
204.488,0,Timer,1.47,0.72,-2.25
204.515,0,Timer,1.47,0.72,-2.25
204.557,0,Timer,1.47,0.72,-2.25
204.585,0,Timer,1.47,0.72,-2.25
204.626,0,Timer,1.47,0.73,-2.25
204.654,0,Timer,1.47,0.73,-2.25
204.682,0,Timer,1.47,0.72,-2.25
204.724,0,Timer,1.47,0.72,-2.25
204.752,0,Timer,1.47,0.72,-2.25
204.793,0,Timer,1.47,0.72,-2.25
204.821,0,Timer,1.47,0.72,-2.25
204.849,0,Timer,1.47,0.72,-2.25
204.891,0,Timer,1.47,0.73,-2.25
204.919,0,Timer,1.47,0.73,-2.25
204.961,0,Timer,1.47,0.73,-2.25
204.988,0,Timer,1.47,0.74,-2.25
205.017,0,Timer,1.47,0.74,-2.26
205.058,0,Timer,1.47,0.74,-2.26
205.086,0,Timer,1.47,0.74,-2.26
205.128,0,Timer,1.47,0.75,-2.26
205.155,0,Timer,1.47,0.75,-2.26
205.183,0,Timer,1.47,0.76,-2.26
205.225,0,Timer,1.47,0.76,-2.26
205.253,0,Timer,1.47,0.77,-2.26
205.295,0,Timer,1.47,0.77,-2.26
205.322,0,Timer,1.47,0.77,-2.27
205.350,0,Timer,1.47,0.77,-2.27
205.392,0,Timer,1.47,0.77,-2.27
205.420,0,Timer,1.47,0.77,-2.27
205.462,0,Timer,1.47,0.77,-2.26
205.489,0,Timer,1.47,0.77,-2.26
205.517,0,Timer,1.47,0.77,-2.26
205.559,0,Timer,1.47,0.76,-2.27
205.587,0,Timer,1.47,0.76,-2.27
205.615,0,Timer,1.47,0.75,-2.28
205.656,0,Timer,1.47,0.74,-2.28
205.684,0,Timer,1.47,0.74,-2.28
205.726,0,Timer,1.47,0.73,-2.27
205.754,0,Timer,1.47,0.72,-2.27
205.782,0,Timer,1.47,0.72,-2.26
205.824,0,Timer,1.47,0.72,-2.27
205.851,0,Timer,1.47,0.71,-2.27
205.893,0,Timer,1.47,0.71,-2.27
205.921,0,Timer,1.47,0.70,-2.27
205.949,0,Timer,1.47,0.70,-2.27
205.991,0,Timer,1.47,0.69,-2.27
206.018,0,Timer,1.47,0.69,-2.27
206.060,0,Timer,1.47,0.70,-2.27
206.088,0,Timer,1.47,0.69,-2.26
206.116,0,Timer,1.47,0.68,-2.26
206.158,0,Timer,1.47,0.68,-2.26
206.186,0,Timer,1.47,0.67,-2.26
206.227,0,Timer,1.47,0.67,-2.26
206.255,0,Timer,1.47,0.67,-2.26
206.283,0,Timer,1.47,0.68,-2.26
206.325,0,Timer,1.47,0.69,-2.26
206.353,0,Timer,1.47,0.69,-2.26
206.394,0,Timer,1.47,0.69,-2.26
206.422,0,Timer,1.47,0.70,-2.26
206.450,0,Timer,1.47,0.70,-2.26
206.492,0,Timer,1.47,0.70,-2.26
206.520,0,Timer,1.47,0.69,-2.25
206.561,0,Timer,1.47,0.69,-2.25
206.589,0,Timer,1.47,0.69,-2.25
206.617,0,Timer,1.47,0.70,-2.25
206.659,0,Timer,1.47,0.71,-2.25
206.687,0,Timer,1.47,0.72,-2.25
206.729,0,Timer,1.47,0.73,-2.25
206.756,0,Timer,1.47,0.73,-2.25
206.785,0,Timer,1.47,0.74,-2.25
206.826,0,Timer,1.47,0.74,-2.24
206.854,0,Timer,1.47,0.75,-2.24
206.896,0,Timer,1.47,0.76,-2.23
206.923,0,Timer,1.47,0.75,-2.23
206.951,0,Timer,1.47,0.75,-2.23
206.993,0,Timer,1.47,0.75,-2.23
207.021,0,Timer,1.47,0.76,-2.23
207.049,0,Timer,1.47,0.76,-2.23
207.091,0,Timer,1.47,0.76,-2.23
207.119,0,Timer,1.47,0.76,-2.23
207.160,0,Timer,1.47,0.77,-2.22
207.188,0,Timer,1.47,0.77,-2.22
207.216,0,Timer,1.47,0.76,-2.22
207.258,0,Timer,1.47,0.76,-2.22
207.285,0,Timer,1.47,0.76,-2.22
207.327,0,Timer,1.47,0.75,-2.22
207.355,0,Timer,1.47,0.75,-2.22
207.383,0,Timer,1.47,0.75,-2.21
207.424,0,Timer,1.47,0.75,-2.22
207.453,0,Timer,1.47,0.75,-2.22
207.495,0,Timer,1.47,0.75,-2.22
207.522,0,Timer,1.47,0.75,-2.22
207.550,0,Timer,1.47,0.75,-2.22
207.592,0,Timer,1.47,0.76,-2.22
207.619,0,Timer,1.47,0.76,-2.22
207.662,0,Timer,1.47,0.76,-2.22
207.690,0,Timer,1.47,0.76,-2.21
207.717,0,Timer,1.47,0.77,-2.21
207.759,0,Timer,1.47,0.77,-2.22
207.787,0,Timer,1.47,0.76,-2.22
207.816,0,Timer,1.47,0.76,-2.22
207.857,0,Timer,1.47,0.77,-2.22
207.884,0,Timer,1.47,0.77,-2.22
207.925,0,Timer,1.47,0.77,-2.22
207.954,0,Timer,1.47,0.78,-2.22
207.995,0,Timer,1.47,0.78,-2.21
208.023,0,Timer,1.47,0.77,-2.21
208.051,0,Timer,1.47,0.77,-2.21
208.093,0,Timer,1.47,0.77,-2.21
208.121,0,Timer,1.47,0.77,-2.21
208.162,0,Timer,1.47,0.77,-2.21
208.190,0,Timer,1.47,0.76,-2.21
208.218,0,Timer,1.47,0.76,-2.21
208.259,0,Timer,1.47,0.76,-2.21
208.287,0,Timer,1.47,0.76,-2.21
208.330,0,Timer,1.47,0.76,-2.21
208.357,0,Timer,1.47,0.76,-2.21
208.385,0,Timer,1.47,0.76,-2.21
208.427,0,Timer,1.47,0.75,-2.21
208.455,0,Timer,1.47,0.75,-2.21
208.483,0,Timer,1.47,0.76,-2.21
208.525,0,Timer,1.47,0.76,-2.21
208.552,0,Timer,1.47,0.76,-2.21
208.594,0,Timer,1.47,0.76,-2.21
208.622,0,Timer,1.47,0.76,-2.21
208.650,0,Timer,1.47,0.75,-2.21
208.692,0,Timer,1.47,0.76,-2.21
208.719,0,Timer,1.47,0.76,-2.22
208.762,0,Timer,1.47,0.76,-2.22
208.789,0,Timer,1.47,0.77,-2.22
208.817,0,Timer,1.47,0.77,-2.21
208.859,0,Timer,1.47,0.77,-2.21
208.887,0,Timer,1.47,0.76,-2.21
208.928,0,Timer,1.47,0.76,-2.21
208.957,0,Timer,1.47,0.76,-2.21
208.984,0,Timer,1.47,0.76,-2.21
209.026,0,Timer,1.47,0.76,-2.21
209.054,0,Timer,1.47,0.76,-2.21
209.095,0,Timer,1.47,0.76,-2.21
209.123,0,Timer,1.47,0.76,-2.20
209.151,0,Timer,1.47,0.76,-2.20
209.193,0,Timer,1.47,0.76,-2.21
209.221,0,Timer,1.47,0.76,-2.21
209.263,0,Timer,1.47,0.76,-2.21
209.291,0,Timer,1.47,0.76,-2.21
209.319,0,Timer,1.47,0.77,-2.21
209.360,0,Timer,1.47,0.77,-2.21
209.388,0,Timer,1.47,0.77,-2.20
209.416,0,Timer,1.47,0.78,-2.20
209.458,0,Timer,1.47,0.78,-2.20
209.485,0,Timer,1.47,0.77,-2.20
209.527,0,Timer,1.47,0.77,-2.20
209.555,0,Timer,1.47,0.77,-2.20
209.583,0,Timer,1.47,0.77,-2.20
209.625,0,Timer,1.47,0.76,-2.19
209.653,0,Timer,1.47,0.76,-2.19
209.694,0,Timer,1.47,0.77,-2.18
209.722,0,Timer,1.47,0.78,-2.17
209.750,0,Timer,1.47,0.77,-2.17
209.791,0,Timer,1.47,0.77,-2.16
209.819,0,Timer,1.47,0.77,-2.16
209.862,0,Timer,1.47,0.76,-2.16
209.889,0,Timer,1.47,0.76,-2.16
209.917,0,Timer,1.47,0.75,-2.16
209.959,0,Timer,1.47,0.75,-2.15
209.987,0,Timer,1.47,0.74,-2.14
210.029,0,Timer,1.47,0.73,-2.13
210.056,0,Timer,1.47,0.73,-2.11
210.084,0,Timer,1.47,0.72,-2.10
210.126,0,Timer,1.47,0.72,-2.08
210.154,0,Timer,1.47,0.72,-2.06
210.195,0,Timer,1.47,0.72,-2.02
210.223,0,Timer,1.47,0.73,-1.99
210.251,0,Timer,1.47,0.72,-1.94
210.293,0,Timer,1.47,0.70,-1.86
210.321,0,Timer,1.47,0.70,-1.81
210.363,0,Wall_3mx20cm_Conference_Door,1.41,0.68,-1.71
210.391,0,Wall_3mx20cm_Conference_Door,1.41,0.64,-1.63
210.418,0,Wall_3mx20cm_Conference_Door,1.41,0.61,-1.54
210.460,0,Wall_3mx20cm_Conference_Door,1.41,0.57,-1.40
210.488,0,Wall_3mx20cm_Conference_Door,1.41,0.54,-1.30
210.517,0,Wall_3mx20cm_Conference_Door,1.41,0.53,-1.20
210.557,0,Wall_3mx20cm_Door (1),1.41,0.49,-1.04
210.585,0,Wall_3mx20cm_Door (1),1.41,0.46,-0.94
210.627,0,Wall_3mx20cm_Door (1),1.41,0.41,-0.80
210.655,0,Wall_3mx20cm_Door (1),1.41,0.39,-0.70
210.697,0,Wall_3mx20cm_Door (1),1.41,0.34,-0.54
210.724,0,Wall_3mx20cm_Door (1),1.41,0.32,-0.43
210.752,0,Wall_3mx20cm_Door (1),1.41,0.31,-0.32
210.794,0,Wall_3mx20cm_Wood_Panels (2),1.91,0.19,-0.31
210.821,0,Wall_3mx20cm_Wood_Panels (2),2.20,0.13,-0.31
210.863,0,Wall_3mx20cm_Wood_Panels (2),2.57,0.04,-0.31
210.891,0,Wall_3mx20cm_Wood_Panels (2),2.77,0.00,-0.31
210.919,0,Wall_3mx20cm_Wood_Panels (2),2.95,-0.04,-0.31
210.960,0,Wall_3mx20cm_Wood_Panels (2),3.17,-0.08,-0.31
210.989,0,Wall_3mx20cm_Wood_Panels (2),3.29,-0.11,-0.31
211.030,0,Wall_3mx20cm_Wood_Panels (2),3.41,-0.13,-0.31
211.058,0,Wall_3mx20cm_Wood_Panels (2),3.49,-0.13,-0.31
211.086,0,Wall_3mx20cm_Wood_Panels (2),3.56,-0.14,-0.31
211.128,0,Wall_3mx20cm_Wood_Panels (2),3.65,-0.15,-0.31
211.156,0,Wall_3mx20cm_Wood_Panels (2),3.72,-0.17,-0.31
211.183,0,Wall_3mx20cm_Wood_Panels (2),3.80,-0.18,-0.31
211.225,0,Wall_3mx20cm_Wood_Panels (2),3.90,-0.20,-0.31
211.253,0,Wall_3mx20cm_Wood_Panels (2),3.96,-0.21,-0.31
211.294,0,Wall_3mx20cm_Wood_Panels (2),4.05,-0.23,-0.31
211.322,0,Wall_3mx20cm_Wood_Panels (2),4.10,-0.23,-0.31
211.350,0,Wall_3mx20cm_Wood_Panels (2),4.14,-0.24,-0.31
211.392,0,Wall_3mx20cm_Wood_Panels (2),4.19,-0.25,-0.31
211.420,0,Wall_3mx20cm_Wood_Panels (2),4.22,-0.26,-0.31
211.462,0,Wall_3mx20cm_Wood_Panels (2),4.25,-0.27,-0.31
211.489,0,Wall_3mx20cm_Wood_Panels (2),4.28,-0.29,-0.31
211.517,0,Wall_3mx20cm_Wood_Panels (2),4.30,-0.31,-0.31
211.560,0,Wall_3mx20cm_Wood_Panels (2),4.32,-0.32,-0.31
211.587,0,Wall_3mx20cm_Wood_Panels (2),4.33,-0.34,-0.31
211.629,0,Wall_3mx20cm_Wood_Panels (2),4.34,-0.36,-0.31
211.657,0,Wall_3mx20cm_Wood_Panels (2),4.33,-0.35,-0.31
211.685,0,Wall_3mx20cm_Wood_Panels (2),4.30,-0.34,-0.31
211.726,0,Wall_3mx20cm_Wood_Panels (2),4.25,-0.35,-0.31
211.754,0,Wall_3mx20cm_Wood_Panels (2),4.21,-0.35,-0.31
211.796,0,Wall_3mx20cm_Wood_Panels (2),4.15,-0.35,-0.31
211.823,0,Wall_3mx20cm_Wood_Panels (2),4.13,-0.36,-0.31
211.852,0,Wall_3mx20cm_Wood_Panels (2),4.10,-0.38,-0.31
211.894,0,Wall_3mx20cm_Wood_Panels (2),4.09,-0.42,-0.31
211.921,0,Wall_3mx20cm_Wood_Panels (2),4.07,-0.43,-0.31
211.963,0,Wall_3mx20cm_Wood_Panels (2),4.07,-0.48,-0.31
211.991,0,Wall_3mx20cm_Wood_Panels (2),4.08,-0.51,-0.31
212.018,0,Wall_3mx20cm_Wood_Panels (2),4.07,-0.54,-0.31
212.061,0,Wall_3mx20cm_Wood_Panels (2),4.06,-0.60,-0.31
212.088,0,Wall_3mx20cm_Wood_Panels (2),4.05,-0.63,-0.31
212.130,0,Wall_3mx20cm_Wood_Panels (2),4.00,-0.67,-0.31
212.158,0,Wall_3mx20cm_Wood_Panels (2),3.97,-0.69,-0.31
212.186,0,Wall_3mx20cm_Wood_Panels (2),3.92,-0.71,-0.31
212.228,0,Wall_3mx20cm_Wood_Panels (2),3.85,-0.75,-0.31
212.255,0,Wall_3mx20cm_Wood_Panels (2),3.81,-0.77,-0.31
212.297,0,Wall_3mx20cm_Wood_Panels (2),3.77,-0.80,-0.31
212.326,0,Wall_3mx20cm_Wood_Panels (2),3.75,-0.82,-0.31
212.353,0,Wall_3mx20cm_Wood_Panels (2),3.73,-0.84,-0.31
212.395,0,Auto Hand Player,6.32,-0.75,-1.71
212.422,0,Wall_3mx20cm_Wood_Panels (2),3.68,-0.88,-0.31
212.450,0,Wall_3mx20cm_Wood_Panels (2),3.66,-0.89,-0.31
212.492,0,Wall_3mx20cm_Wood_Panels (2),3.63,-0.90,-0.31
212.520,0,Auto Hand Player,6.32,-0.76,-1.68
212.562,0,Wall_3mx20cm_Wood_Panels (2),3.53,-0.90,-0.31
212.589,0,Wall_3mx20cm_Wood_Panels (2),3.48,-0.90,-0.31
212.617,0,Wall_3mx20cm_Wood_Panels (2),3.42,-0.91,-0.31
212.660,0,Wall_3mx20cm_Wood_Panels (2),3.30,-0.92,-0.31
212.688,0,Auto Hand Player,6.30,-0.76,-1.64
212.729,0,Wall_3mx20cm_Wood_Panels (2),3.09,-0.93,-0.31
212.757,0,Auto Hand Player,6.30,-0.76,-1.63
212.785,0,Wall_3mx20cm_Wood_Panels (2),2.92,-0.93,-0.31
212.826,0,Wall_3mx20cm_Wood_Panels (2),2.79,-0.91,-0.31
212.854,0,Auto Hand Player,6.29,-0.77,-1.62
212.896,0,Wall_3mx20cm_Wood_Panels (2),2.65,-0.89,-0.31
212.924,0,Wall_3mx20cm_Wood_Panels (2),2.61,-0.88,-0.31
212.952,0,Wall_3mx20cm_Wood_Panels (2),2.60,-0.89,-0.31
212.994,0,Auto Hand Player,6.28,-0.77,-1.61
213.021,0,Wall_3mx20cm_Wood_Panels (2),2.62,-0.87,-0.31
213.052,0,Wall_3mx20cm_Wood_Panels (2),2.67,-0.88,-0.31
213.094,0,Wall_3mx20cm_Wood_Panels (2),2.71,-0.86,-0.31
213.120,0,Wall_3mx20cm_Wood_Panels (2),2.77,-0.85,-0.31
213.161,0,Wall_3mx20cm_Wood_Panels (2),2.83,-0.84,-0.31
213.189,0,Wall_3mx20cm_Wood_Panels (2),2.86,-0.84,-0.31
213.230,0,Wall_3mx20cm_Wood_Panels (2),2.91,-0.83,-0.31
213.258,0,Wall_3mx20cm_Wood_Panels (2),2.94,-0.82,-0.31
213.286,0,Auto Hand Player,6.27,-0.77,-1.60
213.328,0,Wall_3mx20cm_Wood_Panels (2),2.97,-0.85,-0.31
213.355,0,Wall_3mx20cm_Wood_Panels (2),2.96,-0.86,-0.31
213.398,0,Wall_3mx20cm_Wood_Panels (2),2.96,-0.88,-0.31
213.425,0,Wall_3mx20cm_Wood_Panels (2),2.95,-0.87,-0.31
213.453,0,Wall_3mx20cm_Wood_Panels (2),2.95,-0.88,-0.31
213.495,0,Wall_3mx20cm_Wood_Panels (2),2.94,-0.88,-0.31
213.523,0,Wall_3mx20cm_Wood_Panels (2),2.94,-0.88,-0.31
213.551,0,Wall_3mx20cm_Wood_Panels (2),2.95,-0.87,-0.31
213.592,0,Wall_3mx20cm_Wood_Panels (2),2.97,-0.89,-0.31
213.619,0,Wall_3mx20cm_Wood_Panels (2),2.98,-0.88,-0.31
213.662,0,Wall_3mx20cm_Wood_Panels (2),3.00,-0.89,-0.31
213.690,0,Wall_3mx20cm_Wood_Panels (2),3.03,-0.90,-0.31
213.718,0,Wall_3mx20cm_Wood_Panels (2),3.05,-0.89,-0.31
213.759,0,Wall_3mx20cm_Wood_Panels (2),3.06,-0.88,-0.31
213.787,0,Wall_3mx20cm_Wood_Panels (2),3.05,-0.88,-0.31
213.829,0,Wall_3mx20cm_Wood_Panels (2),3.03,-0.86,-0.31
213.857,0,Wall_3mx20cm_Wood_Panels (2),3.02,-0.86,-0.31
213.884,0,Wall_3mx20cm_Wood_Panels (2),3.01,-0.87,-0.31
213.926,0,Auto Hand Player,6.26,-0.78,-1.61
213.954,0,Wall_3mx20cm_Wood_Panels (2),3.00,-0.86,-0.31
213.996,0,Wall_3mx20cm_Wood_Panels (2),2.99,-0.87,-0.31
214.023,0,Wall_3mx20cm_Wood_Panels (2),2.99,-0.87,-0.31
214.051,0,Auto Hand Player,6.26,-0.78,-1.61
214.093,0,Auto Hand Player,6.26,-0.78,-1.61
214.121,0,Auto Hand Player,6.26,-0.78,-1.61
214.163,0,Auto Hand Player,6.26,-0.78,-1.61
214.190,0,Auto Hand Player,6.26,-0.78,-1.61
214.219,0,Auto Hand Player,6.26,-0.78,-1.61
214.260,0,Auto Hand Player,6.26,-0.78,-1.61
214.288,0,Auto Hand Player,6.26,-0.78,-1.61
214.330,0,Auto Hand Player,6.26,-0.78,-1.61
214.357,0,Auto Hand Player,6.26,-0.78,-1.61
214.386,0,Auto Hand Player,6.26,-0.78,-1.61
214.427,0,Auto Hand Player,6.26,-0.78,-1.61
214.456,0,Auto Hand Player,6.26,-0.78,-1.61
214.497,0,Wall_3mx20cm_Wood_Panels (2),3.10,-0.81,-0.31
214.525,0,Wall_3mx20cm_Wood_Panels (2),3.11,-0.80,-0.31
214.553,0,Wall_3mx20cm_Wood_Panels (2),3.11,-0.81,-0.31
214.594,0,Wall_3mx20cm_Wood_Panels (2),3.09,-0.79,-0.31
214.622,0,Wall_3mx20cm_Wood_Panels (2),3.08,-0.79,-0.31
214.650,0,Wall_3mx20cm_Wood_Panels (2),3.07,-0.79,-0.31
214.692,0,Wall_3mx20cm_Wood_Panels (2),3.06,-0.79,-0.31
214.719,0,Wall_3mx20cm_Wood_Panels (2),3.07,-0.79,-0.31
214.761,0,Wall_3mx20cm_Wood_Panels (2),3.08,-0.80,-0.31
214.789,0,Wall_3mx20cm_Wood_Panels (2),3.09,-0.81,-0.31
214.817,0,Wall_3mx20cm_Wood_Panels (2),3.11,-0.80,-0.31
214.859,0,Wall_3mx20cm_Wood_Panels (2),3.14,-0.80,-0.31
214.886,0,Wall_3mx20cm_Wood_Panels (2),3.17,-0.80,-0.31
214.928,0,Wall_3mx20cm_Wood_Panels (2),3.18,-0.80,-0.31
214.956,0,Wall_3mx20cm_Wood_Panels (2),3.20,-0.81,-0.31
214.984,0,Wall_3mx20cm_Wood_Panels (2),3.21,-0.81,-0.31
215.026,0,Wall_3mx20cm_Wood_Panels (2),3.21,-0.81,-0.31
215.053,0,Wall_3mx20cm_Wood_Panels (2),3.21,-0.81,-0.31
215.096,0,Wall_3mx20cm_Wood_Panels (2),3.19,-0.81,-0.31
215.123,0,Wall_3mx20cm_Wood_Panels (2),3.17,-0.80,-0.31
215.151,0,Wall_3mx20cm_Wood_Panels (2),3.17,-0.79,-0.31
215.193,0,Wall_3mx20cm_Wood_Panels (2),3.17,-0.81,-0.31
215.221,0,Wall_3mx20cm_Wood_Panels (2),3.16,-0.82,-0.31
215.262,0,Wall_3mx20cm_Wood_Panels (2),3.17,-0.79,-0.31
215.291,0,Wall_3mx20cm_Wood_Panels (2),3.17,-0.78,-0.31
215.318,0,Wall_3mx20cm_Wood_Panels (2),3.17,-0.79,-0.31
215.360,0,Wall_3mx20cm_Wood_Panels (2),3.16,-0.77,-0.31
215.388,0,Wall_3mx20cm_Wood_Panels (2),3.16,-0.78,-0.31
215.429,0,Wall_3mx20cm_Wood_Panels (2),3.15,-0.79,-0.31
215.457,0,Wall_3mx20cm_Wood_Panels (2),3.15,-0.79,-0.31
215.485,0,Wall_3mx20cm_Wood_Panels (2),3.17,-0.79,-0.31
215.527,0,Wall_3mx20cm_Wood_Panels (2),3.21,-0.77,-0.31
215.555,0,Wall_3mx20cm_Wood_Panels (2),3.23,-0.76,-0.31
215.596,0,Wall_3mx20cm_Wood_Panels (2),3.23,-0.75,-0.31
215.624,0,Wall_3mx20cm_Wood_Panels (2),3.22,-0.75,-0.31
215.652,0,Wall_3mx20cm_Wood_Panels (2),3.23,-0.75,-0.31
215.694,0,Wall_3mx20cm_Wood_Panels (2),3.23,-0.75,-0.31
215.722,0,Wall_3mx20cm_Wood_Panels (2),3.24,-0.75,-0.31
215.764,0,Wall_3mx20cm_Wood_Panels (2),3.25,-0.74,-0.31
215.791,0,Wall_3mx20cm_Wood_Panels (2),3.25,-0.74,-0.31
215.820,0,Wall_3mx20cm_Wood_Panels (2),3.25,-0.74,-0.31
215.861,0,Wall_3mx20cm_Wood_Panels (2),3.26,-0.74,-0.31
215.889,0,Wall_3mx20cm_Wood_Panels (2),3.26,-0.74,-0.31
215.930,0,Wall_3mx20cm_Wood_Panels (2),3.25,-0.74,-0.31
215.959,0,Wall_3mx20cm_Wood_Panels (2),3.24,-0.73,-0.31
215.987,0,Wall_3mx20cm_Wood_Panels (2),3.22,-0.73,-0.31
216.029,0,Wall_3mx20cm_Wood_Panels (2),3.18,-0.72,-0.31
216.056,0,Wall_3mx20cm_Wood_Panels (2),3.17,-0.71,-0.31
216.098,0,Wall_3mx20cm_Wood_Panels (2),3.15,-0.70,-0.31
216.126,0,Wall_3mx20cm_Wood_Panels (2),3.14,-0.68,-0.31
216.153,0,Wall_3mx20cm_Wood_Panels (2),3.13,-0.67,-0.31
216.195,0,Wall_3mx20cm_Wood_Panels (2),3.12,-0.67,-0.31
216.223,0,Wall_3mx20cm_Wood_Panels (2),3.11,-0.66,-0.31
216.251,0,Wall_3mx20cm_Wood_Panels (2),3.10,-0.66,-0.31
216.293,0,Wall_3mx20cm_Wood_Panels (2),3.10,-0.66,-0.31
216.320,0,Wall_3mx20cm_Wood_Panels (2),3.10,-0.66,-0.31
216.362,0,Wall_3mx20cm_Wood_Panels (2),3.10,-0.67,-0.31
216.390,0,Wall_3mx20cm_Wood_Panels (2),3.10,-0.67,-0.31
216.418,0,Wall_3mx20cm_Wood_Panels (2),3.10,-0.67,-0.31
216.460,0,Wall_3mx20cm_Wood_Panels (2),3.11,-0.66,-0.31
216.488,0,Wall_3mx20cm_Wood_Panels (2),3.12,-0.66,-0.31
216.529,0,Wall_3mx20cm_Wood_Panels (2),3.13,-0.66,-0.31
216.557,0,Wall_3mx20cm_Wood_Panels (2),3.14,-0.66,-0.31
216.585,0,Wall_3mx20cm_Wood_Panels (2),3.15,-0.66,-0.31
216.627,0,Wall_3mx20cm_Wood_Panels (2),3.17,-0.66,-0.31
216.654,0,Wall_3mx20cm_Wood_Panels (2),3.19,-0.66,-0.31
216.696,0,Wall_3mx20cm_Wood_Panels (2),3.20,-0.66,-0.31
216.724,0,Wall_3mx20cm_Wood_Panels (2),3.20,-0.66,-0.31
216.752,0,Wall_3mx20cm_Wood_Panels (2),3.20,-0.66,-0.31
216.794,0,Wall_3mx20cm_Wood_Panels (2),3.19,-0.66,-0.31
216.822,0,Wall_3mx20cm_Wood_Panels (2),3.19,-0.66,-0.31
216.864,0,Wall_3mx20cm_Wood_Panels (2),3.19,-0.66,-0.31
216.891,0,Wall_3mx20cm_Wood_Panels (2),3.19,-0.66,-0.31
216.919,0,Wall_3mx20cm_Wood_Panels (2),3.18,-0.66,-0.31
216.961,0,Wall_3mx20cm_Wood_Panels (2),3.18,-0.67,-0.31
216.989,0,Wall_3mx20cm_Wood_Panels (2),3.18,-0.67,-0.31
217.030,0,Wall_3mx20cm_Wood_Panels (2),3.19,-0.68,-0.31
217.059,0,Wall_3mx20cm_Wood_Panels (2),3.19,-0.68,-0.31
217.087,0,Wall_3mx20cm_Wood_Panels (2),3.20,-0.68,-0.31
217.128,0,Wall_3mx20cm_Wood_Panels (2),3.19,-0.68,-0.31
217.156,0,Wall_3mx20cm_Wood_Panels (2),3.18,-0.68,-0.31
217.198,0,Wall_3mx20cm_Wood_Panels (2),3.17,-0.68,-0.31
217.226,0,Wall_3mx20cm_Wood_Panels (2),3.17,-0.68,-0.31
217.254,0,Wall_3mx20cm_Wood_Panels (2),3.17,-0.68,-0.31
217.295,0,Wall_3mx20cm_Wood_Panels (2),3.17,-0.68,-0.31
217.323,0,Wall_3mx20cm_Wood_Panels (2),3.18,-0.68,-0.31
217.365,0,Wall_3mx20cm_Wood_Panels (2),3.19,-0.66,-0.31
217.392,0,Wall_3mx20cm_Wood_Panels (2),3.19,-0.66,-0.31
217.420,0,Wall_3mx20cm_Wood_Panels (2),3.19,-0.67,-0.31
217.462,0,Wall_3mx20cm_Wood_Panels (2),3.19,-0.67,-0.31
217.490,0,Wall_3mx20cm_Wood_Panels (2),3.17,-0.68,-0.31
217.518,0,Wall_3mx20cm_Wood_Panels (2),3.17,-0.67,-0.31
217.559,0,Wall_3mx20cm_Wood_Panels (2),3.17,-0.68,-0.31
217.587,0,Wall_3mx20cm_Wood_Panels (2),3.14,-0.67,-0.31
217.629,0,Wall_3mx20cm_Wood_Panels (2),3.11,-0.66,-0.31
217.657,0,Wall_3mx20cm_Wood_Panels (2),3.02,-0.60,-0.31
217.685,0,Wall_3mx20cm_Wood_Panels (2),2.91,-0.57,-0.31
217.726,0,Wall_3mx20cm_Wood_Panels (2),2.81,-0.55,-0.31
217.754,0,Wall_3mx20cm_Wood_Panels (2),2.78,-0.54,-0.31
217.796,0,Wall_3mx20cm_Wood_Panels (2),2.77,-0.59,-0.31
217.824,0,Wall_3mx20cm_Wood_Panels (2),2.77,-0.62,-0.31
217.852,0,Wall_3mx20cm_Wood_Panels (2),2.78,-0.66,-0.31
217.894,0,Wall_3mx20cm_Wood_Panels (2),2.79,-0.70,-0.31
217.921,0,Wall_3mx20cm_Wood_Panels (2),2.79,-0.70,-0.31
217.963,0,Wall_3mx20cm_Wood_Panels (2),2.78,-0.69,-0.31
217.991,0,Wall_3mx20cm_Wood_Panels (2),2.78,-0.69,-0.31
218.019,0,Wall_3mx20cm_Wood_Panels (2),2.80,-0.70,-0.31
218.061,0,Wall_3mx20cm_Wood_Panels (2),2.81,-0.71,-0.31
218.089,0,Wall_3mx20cm_Wood_Panels (2),2.83,-0.71,-0.31
218.131,0,Wall_3mx20cm_Wood_Panels (2),2.85,-0.71,-0.31
218.158,0,Wall_3mx20cm_Wood_Panels (2),2.87,-0.69,-0.31
218.186,0,Wall_3mx20cm_Wood_Panels (2),2.88,-0.68,-0.31
218.228,0,Wall_3mx20cm_Wood_Panels (2),2.92,-0.67,-0.31
218.256,0,Wall_3mx20cm_Wood_Panels (2),2.94,-0.68,-0.31
218.297,0,Wall_3mx20cm_Wood_Panels (2),2.97,-0.69,-0.31
218.325,0,Wall_3mx20cm_Wood_Panels (2),2.97,-0.70,-0.31
218.353,0,Wall_3mx20cm_Wood_Panels (2),2.97,-0.72,-0.31
218.395,0,Wall_3mx20cm_Wood_Panels (2),2.99,-0.72,-0.31
218.423,0,Wall_3mx20cm_Wood_Panels (2),2.99,-0.73,-0.31
218.465,0,Wall_3mx20cm_Wood_Panels (2),2.98,-0.72,-0.31
218.493,0,Wall_3mx20cm_Wood_Panels (2),2.96,-0.71,-0.31
218.520,0,Wall_3mx20cm_Wood_Panels (2),2.95,-0.71,-0.31
218.562,0,Wall_3mx20cm_Wood_Panels (2),2.95,-0.69,-0.31
218.590,0,Wall_3mx20cm_Wood_Panels (2),2.97,-0.70,-0.31
218.632,0,Wall_3mx20cm_Wood_Panels (2),3.02,-0.72,-0.31
218.659,0,Wall_3mx20cm_Wood_Panels (2),3.06,-0.75,-0.31
218.688,0,Wall_3mx20cm_Wood_Panels (2),3.10,-0.76,-0.31
218.729,0,Wall_3mx20cm_Wood_Panels (2),3.12,-0.75,-0.31
218.757,0,Wall_3mx20cm_Wood_Panels (2),3.13,-0.75,-0.31
218.785,0,Wall_3mx20cm_Wood_Panels (2),3.13,-0.75,-0.31
218.827,0,Wall_3mx20cm_Wood_Panels (2),3.13,-0.74,-0.31
218.855,0,Wall_3mx20cm_Wood_Panels (2),3.13,-0.74,-0.31
218.897,0,Wall_3mx20cm_Wood_Panels (2),3.13,-0.73,-0.31
218.924,0,Wall_3mx20cm_Wood_Panels (2),3.13,-0.73,-0.31
218.952,0,Wall_3mx20cm_Wood_Panels (2),3.13,-0.73,-0.31
218.994,0,Wall_3mx20cm_Wood_Panels (2),3.12,-0.73,-0.31
219.022,0,Wall_3mx20cm_Wood_Panels (2),3.12,-0.74,-0.31
219.064,0,Wall_3mx20cm_Wood_Panels (2),3.10,-0.74,-0.31
219.091,0,Wall_3mx20cm_Wood_Panels (2),3.09,-0.74,-0.31
219.119,0,Wall_3mx20cm_Wood_Panels (2),3.09,-0.73,-0.31
219.161,0,Wall_3mx20cm_Wood_Panels (2),3.09,-0.72,-0.31
219.189,0,Wall_3mx20cm_Wood_Panels (2),3.08,-0.72,-0.31
219.231,0,Wall_3mx20cm_Wood_Panels (2),3.10,-0.69,-0.31
219.259,0,Wall_3mx20cm_Wood_Panels (2),3.10,-0.69,-0.31
219.286,0,Wall_3mx20cm_Wood_Panels (2),3.09,-0.70,-0.31
219.328,0,Wall_3mx20cm_Wood_Panels (2),3.09,-0.71,-0.31
219.356,0,Wall_3mx20cm_Wood_Panels (2),3.10,-0.72,-0.31
219.397,0,Wall_3mx20cm_Wood_Panels (2),3.11,-0.72,-0.31
219.425,0,Wall_3mx20cm_Wood_Panels (2),3.11,-0.73,-0.31
219.454,0,Wall_3mx20cm_Wood_Panels (2),3.11,-0.73,-0.31
219.495,0,Wall_3mx20cm_Wood_Panels (2),3.11,-0.73,-0.31
219.523,0,Wall_3mx20cm_Wood_Panels (2),3.09,-0.74,-0.31
219.564,0,Wall_3mx20cm_Wood_Panels (2),3.05,-0.72,-0.31
219.592,0,Wall_3mx20cm_Wood_Panels (2),3.04,-0.73,-0.31
219.621,0,Wall_3mx20cm_Wood_Panels (2),3.04,-0.71,-0.31
219.662,0,Wall_3mx20cm_Wood_Panels (2),3.02,-0.72,-0.31
219.690,0,Wall_3mx20cm_Wood_Panels (2),3.01,-0.72,-0.31
219.731,0,Wall_3mx20cm_Wood_Panels (2),3.03,-0.71,-0.31
219.760,0,Wall_3mx20cm_Wood_Panels (2),3.02,-0.71,-0.31
219.787,0,Wall_3mx20cm_Wood_Panels (2),3.00,-0.71,-0.31
219.829,0,Wall_3mx20cm_Wood_Panels (2),3.00,-0.70,-0.31
219.857,0,Wall_3mx20cm_Wood_Panels (2),3.00,-0.71,-0.31
219.885,0,Wall_3mx20cm_Wood_Panels (2),3.01,-0.72,-0.31
219.926,0,Wall_3mx20cm_Wood_Panels (2),3.00,-0.72,-0.31
219.954,0,Wall_3mx20cm_Wood_Panels (2),3.00,-0.73,-0.31
219.996,0,Wall_3mx20cm_Wood_Panels (2),3.00,-0.75,-0.31
220.023,0,Wall_3mx20cm_Wood_Panels (2),3.01,-0.76,-0.31
220.065,0,Wall_3mx20cm_Wood_Panels (2),3.03,-0.78,-0.31
220.094,0,Wall_3mx20cm_Wood_Panels (2),3.06,-0.81,-0.31
220.121,0,Wall_3mx20cm_Wood_Panels (2),3.11,-0.81,-0.31
220.163,0,Wall_3mx20cm_Wood_Panels (2),3.16,-0.80,-0.31
220.191,0,Wall_3mx20cm_Wood_Panels (2),3.18,-0.80,-0.31
220.219,0,Wall_3mx20cm_Wood_Panels (2),3.19,-0.80,-0.31
220.260,0,Wall_3mx20cm_Wood_Panels (2),3.21,-0.79,-0.31
220.288,0,Wall_3mx20cm_Wood_Panels (2),3.21,-0.79,-0.31
220.330,0,Wall_3mx20cm_Wood_Panels (2),3.22,-0.79,-0.31
220.358,0,Wall_3mx20cm_Wood_Panels (2),3.23,-0.78,-0.31
220.386,0,Wall_3mx20cm_Wood_Panels (2),3.23,-0.77,-0.31
220.428,0,Wall_3mx20cm_Wood_Panels (2),3.24,-0.77,-0.31
220.455,0,Wall_3mx20cm_Wood_Panels (2),3.24,-0.77,-0.31
220.497,0,Wall_3mx20cm_Wood_Panels (2),3.24,-0.77,-0.31
220.525,0,Wall_3mx20cm_Wood_Panels (2),3.24,-0.77,-0.31
220.553,0,Wall_3mx20cm_Wood_Panels (2),3.23,-0.77,-0.31
220.595,0,Wall_3mx20cm_Wood_Panels (2),3.24,-0.77,-0.31
220.623,0,Wall_3mx20cm_Wood_Panels (2),3.23,-0.77,-0.31
220.665,0,Wall_3mx20cm_Wood_Panels (2),3.23,-0.77,-0.31
220.692,0,Wall_3mx20cm_Wood_Panels (2),3.23,-0.78,-0.31
220.720,0,Wall_3mx20cm_Wood_Panels (2),3.22,-0.78,-0.31
220.761,0,Wall_3mx20cm_Wood_Panels (2),3.21,-0.80,-0.31
220.789,0,Wall_3mx20cm_Wood_Panels (2),3.20,-0.81,-0.31
220.831,0,Wall_3mx20cm_Wood_Panels (2),3.18,-0.82,-0.31
220.859,0,Wall_3mx20cm_Wood_Panels (2),3.15,-0.82,-0.31
220.887,0,Wall_3mx20cm_Wood_Panels (2),3.12,-0.81,-0.31
220.929,0,Wall_3mx20cm_Wood_Panels (2),3.08,-0.81,-0.31
220.957,0,Wall_3mx20cm_Wood_Panels (2),3.05,-0.81,-0.31
220.998,0,Wall_3mx20cm_Wood_Panels (2),2.96,-0.82,-0.31
221.026,0,Wall_3mx20cm_Wood_Panels (2),2.86,-0.85,-0.31
221.054,0,Wall_3mx20cm_Wood_Panels (2),2.72,-0.88,-0.31
221.096,0,Wall_3mx20cm_Wood_Panels (2),2.46,-0.94,-0.31
221.123,0,Wall_3mx20cm_Wood_Panels (2),2.29,-0.96,-0.31
221.152,0,Wall_3mx20cm_Wood_Panels (2),2.15,-0.97,-0.31
221.193,0,Wall_3mx20cm_Wood_Panels (2),2.00,-1.01,-0.31
221.221,0,Wall_3mx20cm_Wood_Panels (2),1.97,-1.03,-0.31
221.263,0,Wall_3mx20cm_Wood_Panels (2),1.97,-1.05,-0.31
221.291,0,Wall_3mx20cm_Wood_Panels (2),2.02,-1.08,-0.31
221.319,0,Wall_3mx20cm_Wood_Panels (2),2.07,-1.13,-0.31
221.361,0,Wall_3mx20cm_Wood_Panels (2),2.16,-1.21,-0.31
221.388,0,Wall_3mx20cm_Wood_Panels (2),2.23,-1.25,-0.31
221.430,0,Wall_3mx20cm_Wood_Panels (2),2.33,-1.31,-0.31
221.458,0,Wall_3mx20cm_Wood_Panels (2),2.39,-1.34,-0.31
221.486,0,Wall_3mx20cm_Wood_Panels (2),2.44,-1.38,-0.31
221.527,0,Wall_3mx20cm_Wood_Panels (2),2.50,-1.43,-0.31
221.555,0,Wall_3mx20cm_Wood_Panels (2),2.53,-1.45,-0.31
221.597,0,Wall_3mx20cm_Wood_Panels (2),2.55,-1.49,-0.31
221.625,0,Wall_3mx20cm_Wood_Panels (2),2.54,-1.49,-0.31
221.653,0,Wall_3mx20cm_Wood_Panels (2),2.54,-1.50,-0.31
221.695,0,Wall_3mx20cm_Wood_Panels (2),2.49,-1.52,-0.31
221.722,0,Wall_3mx20cm_Wood_Panels (2),2.44,-1.55,-0.31
221.765,0,Wall_3mx20cm_Wood_Panels (2),2.31,-1.58,-0.31
221.792,0,Wall_3mx20cm_Wood_Panels (2),2.21,-1.60,-0.31
221.820,0,Wall_3mx20cm_Wood_Panels (2),2.14,-1.61,-0.31
221.862,0,Wall_3mx20cm_Wood_Panels (2),2.09,-1.61,-0.31
221.890,0,Wall_3mx20cm_Wood_Panels (2),2.08,-1.58,-0.31
221.932,0,Wall_3mx20cm_Wood_Panels (2),2.15,-1.48,-0.31
221.960,0,Wall_3mx20cm_Wood_Panels (2),2.22,-1.45,-0.31
221.988,0,Wall_3mx20cm_Wood_Panels (2),2.26,-1.44,-0.31
222.029,0,Wall_3mx20cm_Wood_Panels (2),2.30,-1.45,-0.31
222.057,0,Wall_3mx20cm_Wood_Panels (2),2.32,-1.46,-0.31
222.099,0,Wall_3mx20cm_Wood_Panels (2),2.31,-1.47,-0.31
222.127,0,Wall_3mx20cm_Wood_Panels (2),2.30,-1.47,-0.31
222.154,0,Wall_3mx20cm_Wood_Panels (2),2.30,-1.46,-0.31
222.196,0,Wall_3mx20cm_Wood_Panels (2),2.27,-1.45,-0.31
222.224,0,Wall_3mx20cm_Wood_Panels (2),2.26,-1.45,-0.31
222.253,0,Wall_3mx20cm_Wood_Panels (2),2.27,-1.45,-0.31
222.294,0,Wall_3mx20cm_Wood_Panels (2),2.30,-1.44,-0.31
222.321,0,Wall_3mx20cm_Wood_Panels (2),2.33,-1.43,-0.31
222.363,0,Wall_3mx20cm_Wood_Panels (2),2.36,-1.43,-0.31
222.391,0,Wall_3mx20cm_Wood_Panels (2),2.40,-1.42,-0.31
222.419,0,Wall_3mx20cm_Wood_Panels (2),2.43,-1.40,-0.31
222.461,0,Wall_3mx20cm_Wood_Panels (2),2.48,-1.41,-0.31
222.489,0,Wall_3mx20cm_Wood_Panels (2),2.51,-1.52,-0.31
222.530,0,Wall_3mx20cm_Wood_Panels (2),2.63,-1.47,-0.31
222.558,0,Wall_3mx20cm_Wood_Panels (2),2.66,-1.40,-0.31
222.586,0,Wall_3mx20cm_Wood_Panels (2),2.67,-1.39,-0.31
222.628,0,Wall_3mx20cm_Wood_Panels (2),2.65,-1.38,-0.31
222.656,0,Wall_3mx20cm_Wood_Panels (2),2.67,-1.35,-0.31
222.697,0,Wall_3mx20cm_Wood_Panels (2),2.69,-1.28,-0.31
222.726,0,Wall_3mx20cm_Wood_Panels (2),2.71,-1.20,-0.31
222.753,0,Wall_3mx20cm_Wood_Panels (2),2.76,-1.15,-0.31
222.795,0,Auto Hand Player,6.24,-0.79,-1.60
222.822,0,Auto Hand Player,6.25,-0.79,-1.60
222.865,0,Auto Hand Player,6.26,-0.79,-1.60
222.893,0,Auto Hand Player,6.26,-0.78,-1.61
222.920,0,Auto Hand Player,6.27,-0.78,-1.61
222.962,0,Wall_3mx20cm_Wood_Panels (2),3.54,-0.80,-0.31
222.989,0,Wall_3mx20cm_Wood_Panels (2),3.54,-0.72,-0.31
223.031,0,Wall_3mx20cm_Wood_Panels (2),3.48,-0.56,-0.31
223.060,0,Wall_3mx20cm_Wood_Panels (2),3.40,-0.46,-0.31
223.087,0,Wall_3mx20cm_Wood_Panels (2),3.28,-0.33,-0.31
223.128,0,Wall_3mx20cm_Wood_Panels (2),3.02,-0.14,-0.31
223.157,0,Wall_3mx20cm_Wood_Panels (2),2.82,-0.02,-0.31
223.198,0,Wall_3mx20cm_Wood_Panels (2),2.48,0.14,-0.31
223.226,0,Wall_3mx20cm_Wood_Panels (2),2.18,0.26,-0.31
223.255,0,Wall_3mx20cm_Wood_Panels (2),1.81,0.40,-0.31
223.296,0,Wall_3mx20cm_Door (1),1.41,0.55,-0.38
223.323,0,Wall_3mx20cm_Door (1),1.41,0.58,-0.51
223.365,0,Wall_3mx20cm_Door (1),1.41,0.53,-0.69
223.393,0,Wall_3mx20cm_Door (1),1.41,0.50,-0.80
223.421,0,Wall_3mx20cm_Door (1),1.41,0.52,-0.88
223.463,0,Wall_3mx20cm_Door (1),1.41,0.71,-0.91
223.491,0,Wall_3mx20cm_Door (1),1.41,0.87,-0.94
223.532,0,Wall_3mx20cm_Door (1),1.41,0.95,-1.03
223.560,0,Wall_3mx20cm_Conference_Door,1.41,0.94,-1.11
223.588,0,Wall_3mx20cm_Conference_Door,1.41,0.94,-1.19
223.629,0,Wall_3mx20cm_Conference_Door,1.41,0.98,-1.34
223.657,0,Wall_3mx20cm_Conference_Door,1.41,0.94,-1.46
223.700,0,Wall_3mx20cm_Conference_Door,1.41,0.82,-1.66
223.727,0,Timer,1.47,0.73,-1.78
223.755,0,Timer,1.47,0.73,-1.87
223.797,0,Timer,1.47,0.75,-1.96
223.825,0,Timer,1.47,0.72,-2.02
223.853,0,Timer,1.47,0.67,-2.06
223.895,0,Timer,1.47,0.61,-2.10
223.923,0,Timer,1.47,0.56,-2.12
223.965,0,Timer,1.47,0.49,-2.15
223.992,0,Timer,1.47,0.47,-2.17
224.020,0,Timer,1.47,0.46,-2.20
224.062,0,Timer,1.47,0.51,-2.25
224.091,0,Timer,1.47,0.54,-2.27
224.131,0,Timer,1.47,0.52,-2.29
224.159,0,Timer,1.47,0.54,-2.30
224.187,0,Timer,1.47,0.55,-2.32
224.229,0,Timer,1.47,0.54,-2.32
224.257,0,Timer,1.47,0.55,-2.32
224.298,0,Timer,1.47,0.56,-2.31
224.326,0,Timer,1.47,0.57,-2.30
224.354,0,Timer,1.47,0.58,-2.29
224.396,0,Timer,1.47,0.59,-2.27
224.424,0,Timer,1.47,0.59,-2.25
224.465,0,Timer,1.47,0.57,-2.24
224.493,0,Timer,1.47,0.56,-2.23
224.521,0,Timer,1.47,0.55,-2.22
224.563,0,Timer,1.47,0.54,-2.21
224.591,0,Timer,1.47,0.53,-2.20
224.619,0,Timer,1.47,0.52,-2.20
224.661,0,Timer,1.47,0.51,-2.20
224.689,0,Timer,1.47,0.50,-2.20
224.730,0,Timer,1.47,0.50,-2.20
224.758,0,Timer,1.47,0.50,-2.21
224.786,0,Timer,1.47,0.50,-2.21
224.827,0,Timer,1.47,0.49,-2.21
224.856,0,Timer,1.47,0.49,-2.21
224.898,0,Timer,1.47,0.48,-2.20
224.925,0,Timer,1.47,0.48,-2.19
224.953,0,Timer,1.47,0.48,-2.18
224.995,0,Timer,1.47,0.48,-2.16
225.023,0,Timer,1.47,0.48,-2.15
225.064,0,Timer,1.47,0.48,-2.13
225.092,0,Timer,1.47,0.49,-2.11
225.120,0,Timer,1.47,0.48,-2.10
225.162,0,Timer,1.47,0.48,-2.07
225.189,0,Timer,1.47,0.48,-2.06
225.231,0,Timer,1.47,0.49,-2.04
225.259,0,Timer,1.47,0.48,-2.03
225.287,0,Timer,1.47,0.48,-2.02
225.329,0,Timer,1.47,0.49,-2.00
225.356,0,Timer,1.47,0.51,-2.00
225.399,0,Timer,1.47,0.54,-1.99
225.426,0,Timer,1.47,0.56,-1.99
225.454,0,Timer,1.47,0.59,-1.99
225.495,0,Timer,1.47,0.63,-1.98
225.523,0,Timer,1.47,0.66,-1.98
225.565,0,Timer,1.47,0.70,-1.97
225.594,0,Timer,1.47,0.73,-1.96
225.621,0,Timer,1.47,0.75,-1.93
225.663,0,Timer,1.47,0.77,-1.90
225.691,0,Timer,1.47,0.79,-1.86
225.732,0,Timer,1.47,0.83,-1.81
225.760,0,Timer,1.47,0.85,-1.77
225.788,0,Timer,1.47,0.86,-1.72
225.830,0,Wall_3mx20cm_Conference_Door,1.41,0.89,-1.64
225.858,0,Wall_3mx20cm_Conference_Door,1.41,0.91,-1.58
225.899,0,Wall_3mx20cm_Conference_Door,1.41,0.94,-1.48
225.927,0,Wall_3mx20cm_Conference_Door,1.41,0.96,-1.41
225.955,0,Wall_3mx20cm_Conference_Door,1.41,0.97,-1.33
225.997,0,Wall_3mx20cm_Conference_Door,1.41,0.98,-1.21
226.024,0,Wall_3mx20cm_Conference_Door,1.41,0.99,-1.13
226.066,0,Wall_3mx20cm_Door (1),1.41,1.00,-1.01
226.095,0,Wall_3mx20cm_Door (1),1.41,1.01,-0.93
226.123,0,Wall_3mx20cm_Door (1),1.41,1.00,-0.86
226.163,0,Wall_3mx20cm_Door (1),1.41,1.00,-0.74
226.191,0,Wall_3mx20cm_Door (1),1.41,1.01,-0.67
226.233,0,Wall_3mx20cm_Door (1),1.41,1.02,-0.56
226.261,0,Wall_3mx20cm_Door (1),1.41,1.03,-0.48
226.289,0,Wall_3mx20cm_Door (1),1.41,1.04,-0.40
226.332,0,Wall_3mx20cm_Wood_Panels (2),1.51,1.02,-0.31
226.359,0,Wall_3mx20cm_Wood_Panels (2),1.74,0.94,-0.31
226.400,0,Wall_3mx20cm_Wood_Panels (2),2.05,0.85,-0.31
226.428,0,Wall_3mx20cm_Wood_Panels (2),2.22,0.79,-0.31
226.456,0,Wall_3mx20cm_Wood_Panels (2),2.38,0.73,-0.31
226.497,0,Wall_3mx20cm_Wood_Panels (2),2.57,0.66,-0.31
226.525,0,Wall_3mx20cm_Wood_Panels (2),2.68,0.62,-0.31
226.553,0,Wall_3mx20cm_Wood_Panels (2),2.78,0.59,-0.31
226.595,0,Wall_3mx20cm_Wood_Panels (2),2.92,0.54,-0.31
226.623,0,Wall_3mx20cm_Wood_Panels (2),3.00,0.51,-0.31
226.665,0,Wall_3mx20cm_Wood_Panels (2),3.12,0.46,-0.31
226.693,0,Wall_3mx20cm_Wood_Panels (2),3.19,0.44,-0.31
226.720,0,Wall_3mx20cm_Wood_Panels (2),3.26,0.42,-0.31
226.762,0,Wall_3mx20cm_Wood_Panels (2),3.34,0.39,-0.31
226.790,0,Wall_3mx20cm_Wood_Panels (2),3.39,0.37,-0.31
226.832,0,Wall_3mx20cm_Wood_Panels (2),3.45,0.34,-0.31
226.859,0,Wall_3mx20cm_Wood_Panels (2),3.48,0.32,-0.31
226.888,0,Wall_3mx20cm_Wood_Panels (2),3.50,0.31,-0.31
226.929,0,Wall_3mx20cm_Wood_Panels (2),3.52,0.29,-0.31
226.956,0,Wall_3mx20cm_Wood_Panels (2),3.53,0.28,-0.31
226.998,0,Wall_3mx20cm_Wood_Panels (2),3.52,0.28,-0.31
227.027,0,Wall_3mx20cm_Wood_Panels (2),3.51,0.29,-0.31
227.054,0,Wall_3mx20cm_Wood_Panels (2),3.49,0.28,-0.31
227.096,0,Wall_3mx20cm_Wood_Panels (2),3.46,0.27,-0.31
227.124,0,Wall_3mx20cm_Wood_Panels (2),3.43,0.28,-0.31
227.166,0,Wall_3mx20cm_Wood_Panels (2),3.39,0.28,-0.31
227.194,0,Wall_3mx20cm_Wood_Panels (2),3.37,0.28,-0.31
227.222,0,Wall_3mx20cm_Wood_Panels (2),3.33,0.29,-0.31
227.263,0,Wall_3mx20cm_Wood_Panels (2),3.27,0.32,-0.31
227.291,0,Wall_3mx20cm_Wood_Panels (2),3.24,0.34,-0.31
227.332,0,Wall_3mx20cm_Wood_Panels (2),3.22,0.36,-0.31
227.360,0,Wall_3mx20cm_Wood_Panels (2),3.21,0.37,-0.31
227.389,0,Wall_3mx20cm_Wood_Panels (2),3.19,0.38,-0.31
227.430,0,Wall_3mx20cm_Wood_Panels (2),3.18,0.40,-0.31
227.458,0,Wall_3mx20cm_Wood_Panels (2),3.17,0.42,-0.31
227.500,0,Wall_3mx20cm_Wood_Panels (2),3.16,0.43,-0.31
227.528,0,Wall_3mx20cm_Wood_Panels (2),3.16,0.44,-0.31
227.556,0,Wall_3mx20cm_Wood_Panels (2),3.17,0.45,-0.31
227.597,0,Wall_3mx20cm_Wood_Panels (2),3.18,0.45,-0.31
227.625,0,Wall_3mx20cm_Wood_Panels (2),3.18,0.45,-0.31
227.667,0,Wall_3mx20cm_Wood_Panels (2),3.18,0.46,-0.31
227.695,0,Wall_3mx20cm_Wood_Panels (2),3.18,0.47,-0.31
227.722,0,Wall_3mx20cm_Wood_Panels (2),3.18,0.49,-0.31
227.764,0,Wall_3mx20cm_Wood_Panels (2),3.18,0.50,-0.31
227.792,0,Wall_3mx20cm_Wood_Panels (2),3.18,0.50,-0.31
227.820,0,Wall_3mx20cm_Wood_Panels (2),3.18,0.49,-0.31
227.862,0,Wall_3mx20cm_Wood_Panels (2),3.18,0.48,-0.31
227.890,0,Wall_3mx20cm_Wood_Panels (2),3.17,0.48,-0.31
227.932,0,Wall_3mx20cm_Wood_Panels (2),3.16,0.48,-0.31
227.959,0,Wall_3mx20cm_Wood_Panels (2),3.15,0.48,-0.31
227.987,0,Wall_3mx20cm_Wood_Panels (2),3.13,0.49,-0.31
228.029,0,Wall_3mx20cm_Wood_Panels (2),3.11,0.49,-0.31
228.057,0,Wall_3mx20cm_Wood_Panels (2),3.10,0.50,-0.31
228.099,0,Wall_3mx20cm_Wood_Panels (2),3.08,0.51,-0.31
228.126,0,Wall_3mx20cm_Wood_Panels (2),3.07,0.52,-0.31
228.154,0,Wall_3mx20cm_Wood_Panels (2),3.05,0.54,-0.31
228.196,0,Wall_3mx20cm_Wood_Panels (2),3.00,0.57,-0.31
228.224,0,Wall_3mx20cm_Wood_Panels (2),2.97,0.60,-0.31
228.266,0,Wall_3mx20cm_Wood_Panels (2),2.89,0.64,-0.31
228.293,0,Wall_3mx20cm_Wood_Panels (2),2.83,0.66,-0.31
228.321,0,Wall_3mx20cm_Wood_Panels (2),2.73,0.70,-0.31
228.363,0,Wall_3mx20cm_Wood_Panels (2),2.56,0.75,-0.31
228.391,0,Wall_3mx20cm_Wood_Panels (2),2.44,0.78,-0.31
228.433,0,Wall_3mx20cm_Wood_Panels (2),2.22,0.85,-0.31
228.461,0,Wall_3mx20cm_Wood_Panels (2),2.04,0.92,-0.31
228.488,0,Wall_3mx20cm_Wood_Panels (2),1.83,0.98,-0.31
228.530,0,Wall_3mx20cm_Wood_Panels (2),1.46,1.09,-0.31
228.558,0,Wall_3mx20cm_Door (1),1.41,1.09,-0.37
228.600,0,Wall_3mx20cm_Door (1),1.41,1.09,-0.49
228.627,0,Wall_3mx20cm_Door (1),1.41,1.09,-0.56
228.655,0,Wall_3mx20cm_Door (1),1.41,1.10,-0.63
228.697,0,Wall_3mx20cm_Door (1),1.41,1.09,-0.72
228.725,0,Wall_3mx20cm_Door (1),1.41,1.06,-0.77
228.767,0,Wall_3mx20cm_Door (1),1.41,1.03,-0.86
228.796,0,Wall_3mx20cm_Door (1),1.41,1.00,-0.92
228.823,0,Wall_3mx20cm_Door (1),1.41,0.98,-0.99
228.864,0,Wall_3mx20cm_Door (1),1.41,0.94,-1.10
228.892,0,Wall_3mx20cm_Conference_Door,1.41,0.93,-1.18
228.920,0,Wall_3mx20cm_Conference_Door,1.41,0.92,-1.27
228.962,0,Wall_3mx20cm_Conference_Door,1.41,0.89,-1.41
228.990,0,Wall_3mx20cm_Conference_Door,1.41,0.86,-1.51
229.032,0,Wall_3mx20cm_Conference_Door,1.41,0.83,-1.66
229.059,0,Timer,1.47,0.80,-1.76
229.087,0,Timer,1.47,0.77,-1.86
229.129,0,Timer,1.47,0.75,-1.99
229.157,0,Timer,1.47,0.74,-2.09
229.199,0,Timer,1.47,0.74,-2.22
229.227,0,Timer,1.47,0.74,-2.31
229.254,0,Timer,1.47,0.75,-2.40
229.296,0,Timer,1.47,0.75,-2.54
229.324,0,Timer,1.47,0.76,-2.64
229.366,0,Timer,1.47,0.77,-2.78
229.394,0,Timer,1.47,0.78,-2.87
229.421,0,Timer,1.47,0.80,-2.95
229.464,0,Timer,1.47,0.81,-3.07
229.491,0,Timer,1.47,0.82,-3.15
229.533,0,Timer,1.47,0.83,-3.26
229.561,0,Timer,1.47,0.84,-3.34
229.589,0,Timer,1.47,0.86,-3.41
229.631,0,Wall_3mx20cm_Conference_Door,1.41,0.91,-3.54
229.659,0,Wall_3mx20cm_Conference_Door,1.41,0.94,-3.61
229.700,0,Wall_3mx20cm_Conference_Door,1.41,0.97,-3.71
229.728,0,Wall_3mx20cm_Conference_Door,1.41,0.98,-3.77
229.756,0,Wall_3mx20cm_Conference_Door,1.41,1.00,-3.83
229.798,0,Wall_3mx20cm_Conference_Door,1.41,1.00,-3.90
229.826,0,Wall_3mx20cm_Conference_Door,1.41,1.01,-3.95
229.854,0,Wall_3mx20cm_Conference_Door,1.41,1.02,-3.99
229.895,0,Wall_3mx20cm_Conference_Door,1.41,1.02,-4.05
229.923,0,Wall_3mx20cm_Conference_Door,1.41,1.01,-4.07
229.965,0,Wall_3mx40cm_Window,1.42,1.00,-4.10
229.993,0,Wall_3mx40cm_Window,1.46,0.99,-4.10
230.021,0,Wall_3mx40cm_Window,1.49,0.98,-4.10
230.063,0,Wall_3mx40cm_Window,1.52,0.96,-4.10
230.091,0,Wall_3mx40cm_Window,1.52,0.95,-4.10
230.132,0,Wall_3mx40cm_Window,1.52,0.95,-4.10
230.160,0,Wall_3mx40cm_Window,1.55,0.94,-4.10
230.188,0,Wall_3mx40cm_Window,1.58,0.90,-4.10
230.230,0,Wall_3mx40cm_Window,1.63,0.80,-4.10
230.258,0,Wall_3mx40cm_Window,1.67,0.78,-4.10
230.299,0,Wall_3mx40cm_Window,1.72,0.74,-4.10
230.327,0,Wall_3mx40cm_Window,1.74,0.70,-4.10
230.355,0,Wall_3mx40cm_Window,1.75,0.66,-4.10
230.397,0,Wall_3mx40cm_Window,1.77,0.65,-4.10
230.425,0,Wall_3mx40cm_Window,1.80,0.60,-4.10
230.467,0,Wall_3mx40cm_Window,1.80,0.56,-4.10
230.494,0,Wall_3mx40cm_Window,1.76,0.57,-4.10
230.522,0,Wall_3mx40cm_Window,1.71,0.58,-4.10
230.564,0,Wall_3mx40cm_Window,1.54,0.64,-4.10
230.592,0,Wall_3mx20cm_Conference_Door,1.41,0.69,-4.10
230.634,0,Wall_3mx20cm_Conference_Door,1.41,0.70,-4.01
230.662,0,Wall_3mx20cm_Conference_Door,1.41,0.71,-3.95
230.689,0,Wall_3mx20cm_Conference_Door,1.41,0.71,-3.88
230.731,0,Wall_3mx20cm_Conference_Door,1.41,0.70,-3.78
230.759,0,Wall_3mx20cm_Conference_Door,1.41,0.69,-3.74
230.800,0,Wall_3mx20cm_Conference_Door,1.41,0.67,-3.67
230.828,0,Wall_3mx20cm_Conference_Door,1.41,0.64,-3.64
230.857,0,Wall_3mx20cm_Conference_Door,1.41,0.63,-3.59
230.898,0,Wall_3mx20cm_Conference_Door,1.41,0.64,-3.54
230.926,0,Wall_3mx20cm_Conference_Door,1.41,0.62,-3.53
230.968,0,Wall_3mx20cm_Conference_Door,1.41,0.58,-3.52
230.996,0,Wall_3mx20cm_Conference_Door,1.41,0.55,-3.53
231.023,0,Wall_3mx20cm_Conference_Door,1.41,0.53,-3.53
231.065,0,Wall_3mx20cm_Conference_Door,1.41,0.52,-3.55
231.093,0,Wall_3mx20cm_Conference_Door,1.41,0.52,-3.59
231.121,0,Wall_3mx20cm_Conference_Door,1.41,0.49,-3.63
231.162,0,Wall_3mx20cm_Conference_Door,1.41,0.46,-3.70
231.190,0,Wall_3mx20cm_Conference_Door,1.41,0.47,-3.75
231.232,0,Wall_3mx20cm_Conference_Door,1.41,0.43,-3.81
231.260,0,Wall_3mx20cm_Conference_Door,1.41,0.40,-3.83
231.288,0,Wall_3mx20cm_Conference_Door,1.41,0.39,-3.86
231.330,0,Wall_3mx20cm_Conference_Door,1.41,0.30,-3.87
231.358,0,Wall_3mx20cm_Conference_Door,1.41,0.26,-3.91
231.400,0,Wall_3mx20cm_Conference_Door,1.41,0.21,-3.97
231.427,0,Wall_3mx20cm_Conference_Door,1.41,0.20,-4.00
231.455,0,Wall_3mx20cm_Conference_Door,1.41,0.20,-4.03
231.496,0,Wall_3mx20cm_Conference_Door,1.41,0.15,-4.07
231.525,0,Wall_3mx40cm_Window,1.41,0.15,-4.10
231.567,0,Wall_3mx40cm_Window,1.55,0.12,-4.10
231.594,0,Wall_3mx40cm_Window,1.60,0.09,-4.10
231.622,0,Wall_3mx40cm_Window,1.64,0.09,-4.10
231.664,0,Wall_3mx40cm_Window,1.71,0.07,-4.10
231.692,0,Wall_3mx40cm_Window,1.72,0.05,-4.10
231.734,0,Wall_3mx40cm_Window,1.76,0.01,-4.10
231.761,0,Wall_3mx40cm_Window,1.79,-0.03,-4.10
231.789,0,Wall_3mx40cm_Window,1.81,-0.06,-4.10
231.831,0,Wall_3mx40cm_Window,1.86,-0.09,-4.10
231.859,0,Wall_3mx40cm_Window,1.88,-0.12,-4.10
231.900,0,Wall_3mx40cm_Window,1.90,-0.14,-4.10
231.929,0,Wall_3mx40cm_Window,1.90,-0.15,-4.10
231.956,0,Wall_3mx40cm_Window,1.88,-0.15,-4.10
231.999,0,Wall_3mx40cm_Window,1.86,-0.15,-4.10
232.025,0,Wall_3mx40cm_Window,1.86,-0.18,-4.10
232.068,0,Wall_3mx40cm_Window,1.82,-0.21,-4.10
232.096,0,Wall_3mx40cm_Window,1.82,-0.22,-4.10
232.124,0,Wall_3mx40cm_Window,1.82,-0.22,-4.10
232.165,0,Wall_3mx40cm_Window,1.83,-0.23,-4.10
232.193,0,Wall_3mx40cm_Window,1.84,-0.21,-4.10
232.234,0,Wall_3mx40cm_Window,1.85,-0.19,-4.10
232.262,0,Wall_3mx40cm_Window,1.83,-0.18,-4.10
232.291,0,Wall_3mx40cm_Window,1.85,-0.17,-4.10
232.332,0,Wall_3mx40cm_Window,1.84,-0.15,-4.10
232.360,0,Wall_3mx40cm_Window,1.80,-0.15,-4.10
232.388,0,Wall_3mx40cm_Window,1.77,-0.15,-4.10
232.430,0,Wall_3mx40cm_Window,1.68,-0.15,-4.10
232.457,0,Wall_3mx40cm_Window,1.60,-0.16,-4.10
232.499,0,Wall_3mx40cm_Window,1.41,-0.14,-4.10
232.527,0,Wall_3mx20cm_Conference_Door,1.41,-0.17,-4.05
232.555,0,Wall_3mx20cm_Conference_Door,1.41,-0.20,-3.96
232.597,0,Wall_3mx20cm_Conference_Door,1.41,-0.27,-3.84
232.624,0,Wall_3mx20cm_Conference_Door,1.41,-0.32,-3.75
232.667,0,Wall_3mx20cm_Conference_Door,1.41,-0.44,-3.62
232.694,0,Wall_3mx20cm_Conference_Door,1.41,-0.59,-3.55
232.722,0,Conference_Room_Door_R,1.33,-0.69,-3.48
232.764,0,Conference_Room_Door_R,1.33,-0.73,-3.38
232.791,0,Auto Hand Player,6.39,-0.71,-1.89
232.833,0,Conference_Room_Door_R,1.33,-0.77,-3.21
232.861,0,Conference_Room_Door_R,1.33,-0.65,-3.08
232.889,0,Conference_Room_Door_R,1.33,-0.47,-2.93
232.930,0,Conference_Room_Door_R,1.33,-0.30,-2.74
232.958,0,Conference_Room_Door_L,1.33,-0.13,-2.59
233.000,0,Conference_Room_Door_L,1.33,0.17,-2.44
233.028,0,Wall_3mx20cm_Conference_Door,1.33,0.35,-2.32
233.055,0,Timer,1.47,0.47,-2.20
233.098,0,Timer,1.47,0.78,-2.03
233.126,0,Timer,1.47,0.94,-1.94
233.167,0,Wall_3mx20cm_Conference_Door,1.41,1.40,-1.79
233.194,0,Ceiling_3x3m (6),1.59,1.70,-1.77
233.222,0,Ceiling_log_3m (21),2.46,1.66,-1.70
233.264,0,Ceiling_log_3m (22),3.37,1.50,-1.70
233.292,0,Ceiling_log_3m (22),3.45,1.54,-1.67
