t,cond,hitObj,x,y,z
4.819,2,Collider,6.49,-1.05,-1.80
4.819,2,Collider,6.49,-1.05,-1.80
4.819,2,Collider,6.49,-1.05,-1.80
4.819,2,Collider,6.49,-1.05,-1.80
4.819,2,Collider,6.49,-1.05,-1.80
4.819,2,Collider,6.49,-1.05,-1.80
4.819,2,Collider,6.49,-1.05,-1.80
4.819,2,Collider,6.49,-1.05,-1.80
4.819,2,Collider,6.49,-1.05,-1.80
4.819,2,Collider,6.49,-1.05,-1.80
4.819,2,Collider,6.49,-1.05,-1.80
4.819,2,Collider,6.49,-1.05,-1.80
4.819,2,Collider,6.49,-1.05,-1.80
4.819,2,Collider,6.49,-1.05,-1.80
4.819,2,Collider,6.49,-1.05,-1.80
4.819,2,Collider,6.49,-1.05,-1.80
4.819,2,Collider,6.49,-1.05,-1.80
4.819,2,Collider,6.49,-1.05,-1.80
4.819,2,Collider,6.49,-1.05,-1.80
4.819,2,Collider,6.49,-1.05,-1.80
4.819,2,Collider,6.49,-1.05,-1.80
4.819,2,Collider,6.49,-1.05,-1.80
4.819,2,Collider,6.49,-1.05,-1.80
4.819,2,Collider,6.49,-1.05,-1.80
4.819,2,Collider,6.49,-1.05,-1.80
4.819,2,Collider,6.49,-1.05,-1.80
4.819,2,Collider,6.49,-1.05,-1.80
4.819,2,Collider,6.49,-1.05,-1.80
4.819,2,Collider,6.49,-1.05,-1.80
4.819,2,Collider,6.49,-1.05,-1.80
4.819,2,Collider,6.49,-1.05,-1.80
4.819,2,Collider,6.49,-1.05,-1.80
4.819,2,Collider,6.49,-1.05,-1.80
4.819,2,Collider,6.49,-1.05,-1.80
4.819,2,Collider,6.49,-1.05,-1.80
4.819,2,Collider,6.49,-1.05,-1.80
4.819,2,Collider,6.49,-1.05,-1.80
4.819,2,Collider,6.49,-1.05,-1.80
4.819,2,Collider,6.49,-1.05,-1.80
4.819,2,Collider,6.49,-1.05,-1.80
4.819,2,Collider,6.49,-1.05,-1.80
4.819,2,Collider,6.49,-1.05,-1.80
4.819,2,Collider,6.49,-1.05,-1.80
4.819,2,Collider,6.49,-1.05,-1.80
4.819,2,Collider,6.49,-1.05,-1.80
4.819,2,Collider,6.49,-1.05,-1.80
4.819,2,Collider,6.49,-1.05,-1.80
4.819,2,Collider,6.49,-1.05,-1.80
4.819,2,Collider,6.49,-1.05,-1.80
4.819,2,Collider,6.49,-1.05,-1.80
4.819,2,Collider,6.49,-1.05,-1.80
4.819,2,Collider,6.49,-1.05,-1.80
4.819,2,Collider,6.49,-1.05,-1.80
4.819,2,Collider,6.49,-1.05,-1.80
4.819,2,Collider,6.49,-1.05,-1.80
4.819,2,Collider,6.49,-1.05,-1.80
4.819,2,Collider,6.49,-1.05,-1.80
4.819,2,Collider,6.49,-1.05,-1.80
4.819,2,Collider,6.49,-1.05,-1.80
4.819,2,Collider,6.49,-1.05,-1.80
4.819,2,Collider,6.49,-1.05,-1.80
4.819,2,Collider,6.49,-1.05,-1.80
4.819,2,Collider,6.49,-1.05,-1.80
4.819,2,Collider,6.49,-1.05,-1.80
4.819,2,Collider,6.49,-1.05,-1.80
4.819,2,Collider,6.49,-1.05,-1.80
4.819,2,Collider,6.49,-1.05,-1.80
4.819,2,Collider,6.49,-1.05,-1.80
4.819,2,Collider,6.49,-1.05,-1.80
4.819,2,Collider,6.49,-1.05,-1.80
4.819,2,Collider,6.49,-1.05,-1.80
4.819,2,Collider,6.49,-1.05,-1.80
4.819,2,Collider,6.49,-1.05,-1.80
4.819,2,Collider,6.49,-1.05,-1.80
4.819,2,Collider,6.49,-1.05,-1.80
4.819,2,Collider,6.49,-1.05,-1.80
4.819,2,Collider,6.49,-1.05,-1.80
4.819,2,Collider,6.49,-1.05,-1.80
4.819,2,Collider,6.49,-1.05,-1.80
4.819,2,Collider,6.49,-1.05,-1.80
4.819,2,Collider,6.49,-1.05,-1.80
4.819,2,Collider,6.49,-1.05,-1.80
4.819,2,Collider,6.49,-1.05,-1.80
4.819,2,Collider,6.49,-1.05,-1.80
4.819,2,Collider,6.49,-1.05,-1.80
4.819,2,Collider,6.49,-1.05,-1.80
4.819,2,Collider,6.49,-1.05,-1.80
4.819,2,Collider,6.49,-1.05,-1.80
4.819,2,Collider,6.49,-1.05,-1.80
4.819,2,Collider,6.49,-1.05,-1.80
4.819,2,Collider,6.49,-1.05,-1.80
4.819,2,Collider,6.49,-1.05,-1.80
4.819,2,Collider,6.49,-1.05,-1.80
4.819,2,Collider,6.49,-1.05,-1.80
4.819,2,Collider,6.49,-1.05,-1.80
4.819,2,Collider,6.49,-1.05,-1.80
4.819,2,Collider,6.49,-1.05,-1.80
4.819,2,Collider,6.49,-1.05,-1.80
4.819,2,Collider,6.49,-1.05,-1.80
4.819,2,Collider,6.49,-1.05,-1.80
4.819,2,Collider,6.49,-1.05,-1.80
4.819,2,Collider,6.49,-1.05,-1.80
4.819,2,Collider,6.49,-1.05,-1.80
4.819,2,Collider,6.49,-1.05,-1.80
4.819,2,Collider,6.49,-1.05,-1.80
4.819,2,Collider,6.49,-1.05,-1.80
4.819,2,Collider,6.49,-1.05,-1.80
4.819,2,Collider,6.49,-1.05,-1.80
4.819,2,Collider,6.49,-1.05,-1.80
4.819,2,Collider,6.49,-1.05,-1.80
4.819,2,Collider,6.49,-1.05,-1.80
4.819,2,Collider,6.49,-1.05,-1.80
4.819,2,Collider,6.49,-1.05,-1.80
4.819,2,Collider,6.49,-1.05,-1.80
4.819,2,Collider,6.49,-1.05,-1.80
4.819,2,Collider,6.49,-1.05,-1.80
4.819,2,Collider,6.49,-1.05,-1.80
4.819,2,Collider,6.49,-1.05,-1.80
4.819,2,Collider,6.49,-1.05,-1.80
4.819,2,Collider,6.49,-1.05,-1.80
4.819,2,Collider,6.49,-1.05,-1.80
4.819,2,Collider,6.49,-1.05,-1.80
4.819,2,Collider,6.49,-1.05,-1.80
4.819,2,Collider,6.49,-1.05,-1.80
4.819,2,Collider,6.49,-1.05,-1.80
4.819,2,Collider,6.49,-1.05,-1.80
4.819,2,Collider,6.49,-1.05,-1.80
4.819,2,Collider,6.49,-1.05,-1.80
4.819,2,Collider,6.49,-1.05,-1.80
4.819,2,Collider,6.49,-1.05,-1.80
4.819,2,Collider,6.49,-1.05,-1.80
4.819,2,Collider,6.49,-1.05,-1.80
4.819,2,Collider,6.49,-1.05,-1.80
4.819,2,Collider,6.49,-1.05,-1.80
4.819,2,Collider,6.49,-1.05,-1.80
4.819,2,Collider,6.49,-1.05,-1.80
4.819,2,Collider,6.49,-1.05,-1.80
4.819,2,Collider,6.49,-1.05,-1.80
4.819,2,Collider,6.49,-1.05,-1.80
4.819,2,Collider,6.49,-1.05,-1.80
4.819,2,Collider,6.49,-1.05,-1.80
4.819,2,Collider,6.49,-1.05,-1.80
4.819,2,Collider,6.49,-1.05,-1.80
4.819,2,Collider,6.49,-1.05,-1.80
4.819,2,Collider,6.49,-1.05,-1.80
4.845,2,Collider,6.49,-1.10,-1.80
4.878,2,Collider,6.49,-1.16,-1.80
4.906,2,Collider,6.49,-1.18,-1.80
4.934,2,Collider,6.49,-1.25,-1.80
4.968,2,Collider,6.49,-1.34,-1.80
5.010,2,Collider,6.49,-1.44,-1.80
5.037,2,Collider,6.49,-1.50,-1.80
5.078,2,Middle,6.47,-1.70,-1.80
5.110,2,Middle,6.48,-1.72,-1.80
5.134,2,Middle,6.47,-1.68,-1.80
5.176,2,Collider,6.49,-1.62,-1.80
5.204,2,Collider,6.49,-1.64,-1.80
5.245,2,Collider,6.49,-1.65,-1.80
5.273,2,Collider,6.49,-1.65,-1.80
5.302,2,Collider,6.49,-1.65,-1.80
5.343,2,Collider,6.49,-1.65,-1.80
5.371,2,Collider,6.49,-1.65,-1.80
5.413,2,Collider,6.49,-1.65,-1.80
5.440,2,Collider,6.49,-1.65,-1.80
5.468,2,Collider,6.49,-1.65,-1.80
5.516,2,Collider,6.49,-1.65,-1.80
5.569,2,Ceiling_log_3m (21),2.46,1.63,-0.91
5.569,2,Ceiling_log_3m (21),2.46,1.63,-0.91
5.603,2,Ceiling_log_3m (21),2.44,1.50,-0.89
5.645,2,Ceiling_log_3m (21),2.43,1.50,-0.88
5.674,2,Ceiling_log_3m (21),2.41,1.50,-0.88
5.704,2,Ceiling_log_3m (21),2.42,1.50,-0.88
5.746,2,Ceiling_log_3m (21),2.45,1.50,-0.90
5.776,2,Ceiling_log_3m (21),2.46,1.50,-0.91
5.804,2,Ceiling_log_3m (21),2.43,1.50,-0.91
5.845,2,Ceiling_log_3m (21),2.37,1.50,-0.90
5.875,2,Ceiling_3x3m (7),1.97,1.70,-0.82
5.902,2,Ceiling_3x3m (7),1.93,1.70,-0.83
5.943,2,Ceiling_3x3m (7),1.91,1.70,-0.83
5.972,2,Ceiling_3x3m (7),1.89,1.70,-0.82
6.000,2,Ceiling_3x3m (7),1.83,1.70,-0.81
6.043,2,Ceiling_3x3m (7),1.79,1.70,-0.80
6.071,2,Ceiling_3x3m (7),1.77,1.70,-0.78
6.113,2,Ceiling_3x3m (7),1.72,1.70,-0.77
6.142,2,Ceiling_3x3m (7),1.72,1.70,-0.77
6.168,2,Ceiling_3x3m (7),1.72,1.70,-0.77
6.211,2,Ceiling_3x3m (7),1.77,1.70,-0.79
6.239,2,Ceiling_3x3m (7),1.82,1.70,-0.79
6.280,2,Ceiling_3x3m (7),1.85,1.70,-0.80
6.308,2,Ceiling_3x3m (7),1.87,1.70,-0.80
6.336,2,Ceiling_3x3m (7),1.87,1.70,-0.80
6.378,2,Ceiling_3x3m (7),1.84,1.70,-0.79
6.406,2,Ceiling_3x3m (7),1.81,1.70,-0.79
6.434,2,Ceiling_3x3m (7),1.78,1.70,-0.78
6.475,2,Ceiling_3x3m (7),1.72,1.70,-0.76
6.503,2,Ceiling_3x3m (7),1.68,1.70,-0.74
6.545,2,Ceiling_3x3m (7),1.59,1.70,-0.71
6.573,2,Ceiling_3x3m (7),1.55,1.70,-0.69
6.601,2,Ceiling_3x3m (7),1.53,1.70,-0.69
6.642,2,Ceiling_3x3m (7),1.54,1.70,-0.69
6.669,2,Ceiling_3x3m (7),1.53,1.70,-0.68
6.712,2,Ceiling_3x3m (7),1.53,1.70,-0.69
6.740,2,Ceiling_log_3m (20),1.52,1.69,-0.69
6.768,2,Ceiling_log_3m (20),1.52,1.68,-0.69
6.809,2,Ceiling_log_3m (20),1.52,1.67,-0.70
6.837,2,Ceiling_log_3m (20),1.52,1.65,-0.70
6.879,2,Ceiling_log_3m (20),1.52,1.62,-0.70
6.907,2,Ceiling_log_3m (20),1.52,1.59,-0.70
6.936,2,Ceiling_log_3m (20),1.52,1.56,-0.69
6.976,2,Ceiling_log_3m (20),1.50,1.50,-0.67
7.004,2,Wall_3mx20cm_Door (1),1.41,1.49,-0.64
7.045,2,Wall_3mx20cm_Door (1),1.41,1.43,-0.62
7.073,2,Wall_3mx20cm_Door (1),1.41,1.40,-0.61
7.101,2,Wall_3mx20cm_Door (1),1.41,1.36,-0.61
7.143,2,Wall_3mx20cm_Door (1),1.41,1.32,-0.60
7.171,2,Wall_3mx20cm_Door (1),1.41,1.31,-0.60
7.215,2,Wall_3mx20cm_Door (1),1.41,1.30,-0.61
7.241,2,Wall_3mx20cm_Door (1),1.41,1.28,-0.61
7.268,2,Wall_3mx20cm_Door (1),1.41,1.26,-0.62
7.310,2,Wall_3mx20cm_Door (1),1.41,1.26,-0.64
7.338,2,Wall_3mx20cm_Door (1),1.41,1.25,-0.65
7.380,2,Wall_3mx20cm_Door (1),1.41,1.25,-0.67
7.408,2,Wall_3mx20cm_Door (1),1.41,1.24,-0.68
7.435,2,Wall_3mx20cm_Door (1),1.41,1.22,-0.68
7.478,2,Wall_3mx20cm_Door (1),1.41,1.20,-0.69
7.506,2,Wall_3mx20cm_Door (1),1.41,1.19,-0.70
7.547,2,Wall_3mx20cm_Door (1),1.41,1.13,-0.71
7.575,2,Wall_3mx20cm_Door (1),1.41,1.09,-0.71
7.603,2,Wall_3mx20cm_Door (1),1.41,1.04,-0.72
7.645,2,Wall_3mx20cm_Door (1),1.41,0.96,-0.72
7.673,2,Wall_3mx20cm_Door (1),1.41,0.91,-0.72
7.700,2,Wall_3mx20cm_Door (1),1.41,0.87,-0.71
7.742,2,Wall_3mx20cm_Door (1),1.41,0.82,-0.68
7.770,2,Wall_3mx20cm_Door (1),1.41,0.79,-0.66
7.813,2,Wall_3mx20cm_Door (1),1.41,0.77,-0.66
7.840,2,Wall_3mx20cm_Door (1),1.41,0.77,-0.67
7.869,2,Wall_3mx20cm_Door (1),1.41,0.78,-0.68
7.909,2,Wall_3mx20cm_Door (1),1.41,0.79,-0.70
7.938,2,Wall_3mx20cm_Door (1),1.41,0.79,-0.71
7.979,2,Wall_3mx20cm_Door (1),1.41,0.81,-0.73
8.007,2,Wall_3mx20cm_Door (1),1.41,0.82,-0.73
8.035,2,Wall_3mx20cm_Door (1),1.41,0.84,-0.73
8.077,2,Wall_3mx20cm_Door (1),1.41,0.86,-0.74
8.105,2,Wall_3mx20cm_Door (1),1.41,0.86,-0.74
8.147,2,Wall_3mx20cm_Door (1),1.41,0.87,-0.74
8.174,2,Wall_3mx20cm_Door (1),1.41,0.88,-0.74
8.202,2,Wall_3mx20cm_Door (1),1.41,0.89,-0.74
8.244,2,Wall_3mx20cm_Door (1),1.41,0.91,-0.74
8.272,2,Wall_3mx20cm_Door (1),1.41,0.91,-0.74
8.314,2,Wall_3mx20cm_Door (1),1.41,0.92,-0.74
8.342,2,Wall_3mx20cm_Door (1),1.41,0.93,-0.74
8.369,2,Wall_3mx20cm_Door (1),1.41,0.95,-0.74
8.411,2,Wall_3mx20cm_Door (1),1.41,0.97,-0.75
8.438,2,Wall_3mx20cm_Door (1),1.41,0.98,-0.75
8.467,2,Wall_3mx20cm_Door (1),1.41,0.98,-0.76
8.508,2,Wall_3mx20cm_Door (1),1.41,0.98,-0.75
8.537,2,Wall_3mx20cm_Door (1),1.41,0.98,-0.74
8.578,2,Wall_3mx20cm_Door (1),1.41,0.97,-0.73
8.605,2,Wall_3mx20cm_Door (1),1.41,0.96,-0.72
8.634,2,Wall_3mx20cm_Door (1),1.41,0.96,-0.72
8.676,2,Wall_3mx20cm_Door (1),1.41,0.95,-0.72
8.704,2,Wall_3mx20cm_Door (1),1.41,0.95,-0.72
8.746,2,Wall_3mx20cm_Door (1),1.41,0.94,-0.72
8.774,2,Wall_3mx20cm_Door (1),1.41,0.93,-0.72
8.801,2,Wall_3mx20cm_Door (1),1.41,0.93,-0.72
8.843,2,Wall_3mx20cm_Door (1),1.41,0.92,-0.72
8.871,2,Wall_3mx20cm_Door (1),1.41,0.92,-0.71
8.912,2,Wall_3mx20cm_Door (1),1.41,0.91,-0.70
8.940,2,Wall_3mx20cm_Door (1),1.41,0.90,-0.69
8.968,2,Wall_3mx20cm_Door (1),1.41,0.89,-0.68
9.010,2,Wall_3mx20cm_Door (1),1.41,0.87,-0.66
9.038,2,Wall_3mx20cm_Door (1),1.41,0.85,-0.64
9.079,2,Wall_3mx20cm_Door (1),1.41,0.80,-0.60
9.108,2,Wall_3mx20cm_Door (1),1.41,0.76,-0.57
9.135,2,Wall_3mx20cm_Door (1),1.41,0.72,-0.54
9.177,2,Wall_3mx20cm_Door (1),1.41,0.66,-0.48
9.205,2,Wall_3mx20cm_Door (1),1.41,0.62,-0.43
9.235,2,Wall_3mx20cm_Door (1),1.41,0.57,-0.37
9.275,2,Wall_3mx20cm_Wood_Panels (2),1.48,0.48,-0.31
9.302,2,Wall_3mx20cm_Wood_Panels (2),1.63,0.41,-0.31
9.344,2,Wall_3mx20cm_Wood_Panels (2),1.78,0.34,-0.31
9.372,2,Wall_3mx20cm_Wood_Panels (2),1.86,0.30,-0.31
9.413,2,Wall_3mx20cm_Wood_Panels (2),1.95,0.24,-0.31
9.441,2,Wall_3mx20cm_Wood_Panels (2),2.01,0.18,-0.31
9.469,2,Wall_3mx20cm_Wood_Panels (2),2.04,0.13,-0.31
9.510,2,Wall_3mx20cm_Wood_Panels (2),2.04,0.07,-0.31
9.539,2,Wall_3mx20cm_Wood_Panels (2),2.00,0.04,-0.31
9.580,2,Wall_3mx20cm_Wood_Panels (2),1.92,0.02,-0.31
9.609,2,Wall_3mx20cm_Wood_Panels (2),1.87,0.00,-0.31
9.636,2,Wall_3mx20cm_Wood_Panels (2),1.83,-0.02,-0.31
9.678,2,Wall_3mx20cm_Wood_Panels (2),1.73,-0.04,-0.31
9.706,2,Wall_3mx20cm_Wood_Panels (2),1.66,-0.05,-0.31
9.734,2,Wall_3mx20cm_Wood_Panels (2),1.59,-0.06,-0.31
9.775,2,Wall_3mx20cm_Wood_Panels (2),1.45,-0.09,-0.31
9.803,2,Wall_3mx20cm_Door (1),1.41,-0.12,-0.33
9.845,2,Wall_3mx20cm_Door (1),1.41,-0.16,-0.37
9.872,2,Wall_3mx20cm_Door (1),1.41,-0.16,-0.40
9.913,2,Wall_3mx20cm_Door (1),1.41,-0.16,-0.43
9.941,2,Wall_3mx20cm_Door (1),1.41,-0.16,-0.45
9.969,2,Wall_3mx20cm_Door (1),1.41,-0.17,-0.46
10.011,2,Wall_3mx20cm_Door (1),1.41,-0.19,-0.50
10.039,2,Wall_3mx20cm_Door (1),1.41,-0.19,-0.52
10.068,2,Wall_3mx20cm_Door (1),1.41,-0.19,-0.54
10.109,2,Wall_3mx20cm_Door (1),1.41,-0.19,-0.56
10.137,2,Wall_3mx20cm_Door (1),1.41,-0.20,-0.58
10.179,2,Wall_3mx20cm_Door (1),1.41,-0.22,-0.59
10.206,2,Wall_3mx20cm_Door (1),1.41,-0.21,-0.59
10.235,2,Wall_3mx20cm_Door (1),1.41,-0.20,-0.58
10.276,2,Wall_3mx20cm_Door (1),1.41,-0.18,-0.58
10.304,2,Wall_3mx20cm_Door (1),1.41,-0.18,-0.58
10.346,2,Wall_3mx20cm_Door (1),1.41,-0.17,-0.58
10.374,2,Wall_3mx20cm_Door (1),1.41,-0.16,-0.58
10.402,2,Wall_3mx20cm_Door (1),1.41,-0.16,-0.59
10.443,2,Wall_3mx20cm_Door (1),1.41,-0.13,-0.58
10.470,2,Wall_3mx20cm_Door (1),1.41,-0.11,-0.58
10.513,2,Wall_3mx20cm_Door (1),1.41,-0.08,-0.57
10.541,2,Wall_3mx20cm_Door (1),1.41,-0.05,-0.57
10.569,2,Wall_3mx20cm_Door (1),1.41,-0.03,-0.56
10.611,2,Wall_3mx20cm_Door (1),1.41,0.00,-0.56
10.640,2,Wall_3mx20cm_Door (1),1.41,0.02,-0.56
10.680,2,Wall_3mx20cm_Door (1),1.41,0.03,-0.55
10.708,2,Wall_3mx20cm_Door (1),1.41,0.05,-0.55
10.736,2,Wall_3mx20cm_Door (1),1.41,0.06,-0.54
10.778,2,Wall_3mx20cm_Door (1),1.41,0.08,-0.53
10.805,2,Wall_3mx20cm_Door (1),1.41,0.08,-0.52
10.847,2,Wall_3mx20cm_Door (1),1.41,0.09,-0.53
10.875,2,Wall_3mx20cm_Door (1),1.41,0.11,-0.53
10.903,2,Wall_3mx20cm_Door (1),1.41,0.13,-0.53
10.945,2,Wall_3mx20cm_Door (1),1.41,0.19,-0.52
10.973,2,Wall_3mx20cm_Door (1),1.41,0.22,-0.52
11.001,2,Wall_3mx20cm_Door (1),1.41,0.26,-0.51
11.043,2,Wall_3mx20cm_Door (1),1.41,0.35,-0.51
11.070,2,Wall_3mx20cm_Door (1),1.41,0.42,-0.50
11.111,2,Wall_3mx20cm_Door (1),1.41,0.55,-0.48
11.139,2,Wall_3mx20cm_Door (1),1.41,0.63,-0.45
11.167,2,Wall_3mx20cm_Door (1),1.41,0.70,-0.43
11.210,2,Wall_3mx20cm_Door (1),1.41,0.78,-0.41
11.237,2,Wall_3mx20cm_Door (1),1.41,0.83,-0.39
11.279,2,Wall_3mx20cm_Door (1),1.41,0.90,-0.36
11.307,2,Wall_3mx20cm_Door (1),1.41,0.94,-0.34
11.334,2,Wall_3mx20cm_Door (1),1.41,0.99,-0.32
11.377,2,Wall_3mx20cm_Wood_Panels (2),1.46,1.02,-0.31
11.404,2,Wall_3mx20cm_Wood_Panels (2),1.50,1.03,-0.31
11.446,2,Wall_3mx20cm_Wood_Panels (2),1.51,1.04,-0.31
11.473,2,Wall_3mx20cm_Wood_Panels (2),1.53,1.05,-0.31
11.501,2,Wall_3mx20cm_Wood_Panels (2),1.53,1.05,-0.31
11.544,2,Wall_3mx20cm_Wood_Panels (2),1.53,1.05,-0.31
11.572,2,Wall_3mx20cm_Wood_Panels (2),1.56,1.05,-0.31
11.614,2,Wall_3mx20cm_Wood_Panels (2),1.60,1.04,-0.31
11.642,2,Wall_3mx20cm_Wood_Panels (2),1.61,1.03,-0.31
11.669,2,Wall_3mx20cm_Wood_Panels (2),1.62,1.03,-0.31
11.711,2,Wall_3mx20cm_Wood_Panels (2),1.67,1.02,-0.31
11.738,2,Wall_3mx20cm_Wood_Panels (2),1.69,1.01,-0.31
11.781,2,Wall_3mx20cm_Wood_Panels (2),1.70,1.01,-0.31
11.809,2,Wall_3mx20cm_Wood_Panels (2),1.71,1.03,-0.31
11.836,2,Wall_3mx20cm_Wood_Panels (2),1.71,1.04,-0.31
11.878,2,Wall_3mx20cm_Wood_Panels (2),1.70,1.06,-0.31
11.906,2,Wall_3mx20cm_Wood_Panels (2),1.69,1.09,-0.31
11.947,2,Wall_3mx20cm_Wood_Panels (2),1.67,1.15,-0.31
11.975,2,Wall_3mx20cm_Wood_Panels (2),1.67,1.18,-0.31
12.003,2,Wall_3mx20cm_Wood_Panels (2),1.66,1.21,-0.31
12.045,2,Wall_3mx20cm_Wood_Panels (2),1.64,1.27,-0.31
12.073,2,Wall_3mx20cm_Wood_Panels (2),1.64,1.32,-0.31
12.101,2,Wall_3mx20cm_Wood_Panels (2),1.64,1.36,-0.31
12.143,2,Wall_3mx20cm_Wood_Panels (2),1.66,1.42,-0.31
12.170,2,Wall_3mx20cm_Wood_Panels (2),1.68,1.45,-0.31
12.212,2,Wall_3mx20cm_Wood_Panels (2),1.72,1.46,-0.31
12.239,2,Wall_3mx20cm_Wood_Panels (2),1.73,1.46,-0.31
12.268,2,Wall_3mx20cm_Wood_Panels (2),1.75,1.47,-0.31
12.309,2,Wall_3mx20cm_Wood_Panels (2),1.79,1.45,-0.31
12.337,2,Wall_3mx20cm_Wood_Panels (2),1.80,1.41,-0.31
12.380,2,Wall_3mx20cm_Wood_Panels (2),1.80,1.36,-0.31
12.407,2,Wall_3mx20cm_Wood_Panels (2),1.81,1.34,-0.31
12.434,2,Wall_3mx20cm_Wood_Panels (2),1.82,1.32,-0.31
12.476,2,Wall_3mx20cm_Wood_Panels (2),1.85,1.31,-0.31
12.504,2,Wall_3mx20cm_Wood_Panels (2),1.88,1.30,-0.31
12.546,2,Wall_3mx20cm_Wood_Panels (2),1.93,1.29,-0.31
12.573,2,Wall_3mx20cm_Wood_Panels (2),1.95,1.29,-0.31
12.602,2,Wall_3mx20cm_Wood_Panels (2),1.96,1.29,-0.31
12.645,2,Wall_3mx20cm_Wood_Panels (2),1.95,1.28,-0.31
12.672,2,Wall_3mx20cm_Wood_Panels (2),1.95,1.28,-0.31
12.712,2,Wall_3mx20cm_Wood_Panels (2),1.92,1.27,-0.31
12.740,2,Wall_3mx20cm_Wood_Panels (2),1.90,1.26,-0.31
12.768,2,Wall_3mx20cm_Wood_Panels (2),1.87,1.24,-0.31
12.810,2,Wall_3mx20cm_Wood_Panels (2),1.84,1.22,-0.31
12.839,2,Wall_3mx20cm_Wood_Panels (2),1.82,1.21,-0.31
12.880,2,Wall_3mx20cm_Wood_Panels (2),1.82,1.20,-0.31
12.908,2,Wall_3mx20cm_Wood_Panels (2),1.82,1.20,-0.31
12.936,2,Wall_3mx20cm_Wood_Panels (2),1.83,1.21,-0.31
12.977,2,Wall_3mx20cm_Wood_Panels (2),1.85,1.22,-0.31
13.006,2,Wall_3mx20cm_Wood_Panels (2),1.84,1.24,-0.31
13.047,2,Wall_3mx20cm_Wood_Panels (2),1.86,1.26,-0.31
13.075,2,Wall_3mx20cm_Wood_Panels (2),1.87,1.26,-0.31
13.103,2,Wall_3mx20cm_Wood_Panels (2),1.87,1.25,-0.31
13.145,2,Wall_3mx20cm_Wood_Panels (2),1.88,1.24,-0.31
13.172,2,Wall_3mx20cm_Wood_Panels (2),1.87,1.24,-0.31
13.200,2,Wall_3mx20cm_Wood_Panels (2),1.85,1.24,-0.31
13.243,2,Wall_3mx20cm_Wood_Panels (2),1.84,1.24,-0.31
13.270,2,Wall_3mx20cm_Wood_Panels (2),1.84,1.24,-0.31
13.312,2,Wall_3mx20cm_Wood_Panels (2),1.88,1.23,-0.31
13.339,2,Wall_3mx20cm_Wood_Panels (2),1.90,1.23,-0.31
13.367,2,Wall_3mx20cm_Wood_Panels (2),1.93,1.23,-0.31
13.409,2,Wall_3mx20cm_Wood_Panels (2),1.96,1.23,-0.31
13.437,2,Wall_3mx20cm_Wood_Panels (2),1.98,1.23,-0.31
13.479,2,Wall_3mx20cm_Wood_Panels (2),1.98,1.22,-0.31
13.507,2,Wall_3mx20cm_Wood_Panels (2),1.98,1.22,-0.31
13.534,2,Wall_3mx20cm_Wood_Panels (2),1.96,1.21,-0.31
13.576,2,Wall_3mx20cm_Wood_Panels (2),1.92,1.20,-0.31
13.604,2,Wall_3mx20cm_Wood_Panels (2),1.89,1.21,-0.31
13.646,2,Wall_3mx20cm_Wood_Panels (2),1.85,1.20,-0.31
13.673,2,Wall_3mx20cm_Wood_Panels (2),1.83,1.20,-0.31
13.701,2,Wall_3mx20cm_Wood_Panels (2),1.81,1.21,-0.31
13.743,2,Wall_3mx20cm_Wood_Panels (2),1.78,1.22,-0.31
13.771,2,Wall_3mx20cm_Wood_Panels (2),1.77,1.22,-0.31
13.813,2,Wall_3mx20cm_Wood_Panels (2),1.76,1.22,-0.31
13.841,2,Wall_3mx20cm_Wood_Panels (2),1.77,1.21,-0.31
13.869,2,Wall_3mx20cm_Wood_Panels (2),1.78,1.19,-0.31
13.910,2,Wall_3mx20cm_Wood_Panels (2),1.78,1.18,-0.31
13.938,2,Wall_3mx20cm_Wood_Panels (2),1.77,1.17,-0.31
13.980,2,Wall_3mx20cm_Wood_Panels (2),1.76,1.15,-0.31
14.009,2,Wall_3mx20cm_Wood_Panels (2),1.75,1.14,-0.31
14.036,2,Wall_3mx20cm_Wood_Panels (2),1.74,1.14,-0.31
14.078,2,Wall_3mx20cm_Wood_Panels (2),1.73,1.14,-0.31
14.105,2,Wall_3mx20cm_Wood_Panels (2),1.71,1.15,-0.31
14.133,2,Wall_3mx20cm_Wood_Panels (2),1.70,1.15,-0.31
14.175,2,Wall_3mx20cm_Wood_Panels (2),1.69,1.15,-0.31
14.203,2,Wall_3mx20cm_Wood_Panels (2),1.69,1.14,-0.31
14.244,2,Wall_3mx20cm_Wood_Panels (2),1.68,1.13,-0.31
14.273,2,Wall_3mx20cm_Wood_Panels (2),1.67,1.13,-0.31
14.314,2,Wall_3mx20cm_Wood_Panels (2),1.67,1.12,-0.31
14.342,2,Wall_3mx20cm_Wood_Panels (2),1.67,1.12,-0.31
14.370,2,Wall_3mx20cm_Wood_Panels (2),1.66,1.12,-0.31
14.413,2,Wall_3mx20cm_Wood_Panels (2),1.64,1.12,-0.31
14.439,2,Wall_3mx20cm_Wood_Panels (2),1.64,1.13,-0.31
14.467,2,Wall_3mx20cm_Wood_Panels (2),1.64,1.13,-0.31
14.509,2,Wall_3mx20cm_Wood_Panels (2),1.62,1.14,-0.31
14.537,2,Wall_3mx20cm_Wood_Panels (2),1.62,1.14,-0.31
14.579,2,Wall_3mx20cm_Wood_Panels (2),1.61,1.14,-0.31
14.606,2,Wall_3mx20cm_Wood_Panels (2),1.61,1.14,-0.31
14.634,2,Wall_3mx20cm_Wood_Panels (2),1.62,1.13,-0.31
14.675,2,Wall_3mx20cm_Wood_Panels (2),1.61,1.14,-0.31
14.705,2,Wall_3mx20cm_Wood_Panels (2),1.62,1.14,-0.31
14.746,2,Wall_3mx20cm_Wood_Panels (2),1.62,1.14,-0.31
14.773,2,Wall_3mx20cm_Wood_Panels (2),1.62,1.14,-0.31
14.801,2,Wall_3mx20cm_Wood_Panels (2),1.64,1.14,-0.31
14.843,2,Wall_3mx20cm_Wood_Panels (2),1.65,1.14,-0.31
14.871,2,Wall_3mx20cm_Wood_Panels (2),1.65,1.14,-0.31
14.913,2,Wall_3mx20cm_Wood_Panels (2),1.65,1.15,-0.31
14.941,2,Wall_3mx20cm_Wood_Panels (2),1.64,1.15,-0.31
14.968,2,Wall_3mx20cm_Wood_Panels (2),1.64,1.15,-0.31
15.010,2,Wall_3mx20cm_Wood_Panels (2),1.64,1.15,-0.31
15.038,2,Wall_3mx20cm_Wood_Panels (2),1.66,1.15,-0.31
15.079,2,Wall_3mx20cm_Wood_Panels (2),1.67,1.14,-0.31
15.109,2,Wall_3mx20cm_Wood_Panels (2),1.68,1.14,-0.31
15.135,2,Wall_3mx20cm_Wood_Panels (2),1.68,1.14,-0.31
15.177,2,Wall_3mx20cm_Wood_Panels (2),1.67,1.14,-0.31
15.205,2,Wall_3mx20cm_Wood_Panels (2),1.66,1.15,-0.31
15.233,2,Wall_3mx20cm_Wood_Panels (2),1.66,1.15,-0.31
15.274,2,Wall_3mx20cm_Wood_Panels (2),1.66,1.16,-0.31
15.302,2,Wall_3mx20cm_Wood_Panels (2),1.66,1.16,-0.31
15.344,2,Wall_3mx20cm_Wood_Panels (2),1.66,1.16,-0.31
15.372,2,Wall_3mx20cm_Wood_Panels (2),1.66,1.16,-0.31
15.414,2,Wall_3mx20cm_Wood_Panels (2),1.65,1.17,-0.31
15.442,2,Wall_3mx20cm_Wood_Panels (2),1.63,1.18,-0.31
15.469,2,Wall_3mx20cm_Wood_Panels (2),1.60,1.19,-0.31
15.511,2,Wall_3mx20cm_Wood_Panels (2),1.56,1.21,-0.31
15.539,2,Wall_3mx20cm_Wood_Panels (2),1.57,1.21,-0.31
15.567,2,Wall_3mx20cm_Wood_Panels (2),1.57,1.20,-0.31
15.608,2,Wall_3mx20cm_Wood_Panels (2),1.58,1.20,-0.31
15.636,2,Wall_3mx20cm_Wood_Panels (2),1.59,1.19,-0.31
15.677,2,Wall_3mx20cm_Wood_Panels (2),1.61,1.18,-0.31
15.706,2,Wall_3mx20cm_Wood_Panels (2),1.61,1.19,-0.31
15.734,2,Wall_3mx20cm_Wood_Panels (2),1.62,1.19,-0.31
15.776,2,Wall_3mx20cm_Wood_Panels (2),1.64,1.18,-0.31
15.804,2,Wall_3mx20cm_Wood_Panels (2),1.66,1.18,-0.31
15.846,2,Wall_3mx20cm_Wood_Panels (2),1.70,1.17,-0.31
15.873,2,Wall_3mx20cm_Wood_Panels (2),1.73,1.17,-0.31
15.901,2,Wall_3mx20cm_Wood_Panels (2),1.77,1.17,-0.31
15.943,2,Wall_3mx20cm_Wood_Panels (2),1.82,1.17,-0.31
15.972,2,Wall_3mx20cm_Wood_Panels (2),1.84,1.15,-0.31
16.012,2,Wall_3mx20cm_Wood_Panels (2),1.85,1.15,-0.31
16.040,2,Wall_3mx20cm_Wood_Panels (2),1.85,1.16,-0.31
16.068,2,Wall_3mx20cm_Wood_Panels (2),1.84,1.16,-0.31
16.110,2,Wall_3mx20cm_Wood_Panels (2),1.82,1.18,-0.31
16.138,2,Wall_3mx20cm_Wood_Panels (2),1.81,1.19,-0.31
16.179,2,Wall_3mx20cm_Wood_Panels (2),1.81,1.21,-0.31
16.208,2,Wall_3mx20cm_Wood_Panels (2),1.82,1.20,-0.31
16.235,2,Wall_3mx20cm_Wood_Panels (2),1.82,1.20,-0.31
16.277,2,Wall_3mx20cm_Wood_Panels (2),1.83,1.19,-0.31
16.305,2,Wall_3mx20cm_Wood_Panels (2),1.84,1.19,-0.31
16.347,2,Wall_3mx20cm_Wood_Panels (2),1.85,1.21,-0.31
16.374,2,Wall_3mx20cm_Wood_Panels (2),1.84,1.20,-0.31
16.403,2,Wall_3mx20cm_Wood_Panels (2),1.83,1.19,-0.31
16.444,2,Wall_3mx20cm_Wood_Panels (2),1.83,1.20,-0.31
16.472,2,Wall_3mx20cm_Wood_Panels (2),1.83,1.20,-0.31
16.514,2,Wall_3mx20cm_Wood_Panels (2),1.82,1.21,-0.31
16.542,2,Wall_3mx20cm_Wood_Panels (2),1.82,1.22,-0.31
16.569,2,Wall_3mx20cm_Wood_Panels (2),1.82,1.23,-0.31
16.611,2,Wall_3mx20cm_Wood_Panels (2),1.82,1.23,-0.31
16.639,2,Wall_3mx20cm_Wood_Panels (2),1.82,1.24,-0.31
16.667,2,Wall_3mx20cm_Wood_Panels (2),1.83,1.25,-0.31
16.709,2,Wall_3mx20cm_Wood_Panels (2),1.84,1.23,-0.31
16.736,2,Wall_3mx20cm_Wood_Panels (2),1.84,1.23,-0.31
16.778,2,Wall_3mx20cm_Wood_Panels (2),1.87,1.21,-0.31
16.806,2,Wall_3mx20cm_Wood_Panels (2),1.87,1.21,-0.31
16.834,2,Wall_3mx20cm_Wood_Panels (2),1.87,1.22,-0.31
16.875,2,Wall_3mx20cm_Wood_Panels (2),1.88,1.23,-0.31
16.903,2,Wall_3mx20cm_Wood_Panels (2),1.87,1.23,-0.31
16.945,2,Wall_3mx20cm_Wood_Panels (2),1.87,1.24,-0.31
16.973,2,Wall_3mx20cm_Wood_Panels (2),1.87,1.25,-0.31
17.002,2,Wall_3mx20cm_Wood_Panels (2),1.87,1.26,-0.31
17.043,2,Wall_3mx20cm_Wood_Panels (2),1.88,1.26,-0.31
17.071,2,Wall_3mx20cm_Wood_Panels (2),1.88,1.26,-0.31
17.112,2,Wall_3mx20cm_Wood_Panels (2),1.87,1.26,-0.31
17.140,2,Wall_3mx20cm_Wood_Panels (2),1.86,1.25,-0.31
17.168,2,Wall_3mx20cm_Wood_Panels (2),1.86,1.25,-0.31
17.210,2,Wall_3mx20cm_Wood_Panels (2),1.82,1.23,-0.31
17.237,2,Wall_3mx20cm_Wood_Panels (2),1.81,1.23,-0.31
17.280,2,Wall_3mx20cm_Wood_Panels (2),1.79,1.25,-0.31
17.307,2,Wall_3mx20cm_Wood_Panels (2),1.78,1.25,-0.31
17.336,2,Wall_3mx20cm_Wood_Panels (2),1.75,1.27,-0.31
17.377,2,Wall_3mx20cm_Wood_Panels (2),1.74,1.31,-0.31
17.405,2,Wall_3mx20cm_Wood_Panels (2),1.74,1.31,-0.31
17.433,2,Wall_3mx20cm_Wood_Panels (2),1.73,1.32,-0.31
17.474,2,Wall_3mx20cm_Wood_Panels (2),1.73,1.31,-0.31
17.503,2,Wall_3mx20cm_Wood_Panels (2),1.73,1.31,-0.31
17.544,2,Wall_3mx20cm_Wood_Panels (2),1.73,1.29,-0.31
17.572,2,Wall_3mx20cm_Wood_Panels (2),1.73,1.28,-0.31
17.600,2,Wall_3mx20cm_Wood_Panels (2),1.75,1.27,-0.31
17.642,2,Wall_3mx20cm_Wood_Panels (2),1.74,1.28,-0.31
17.670,2,Wall_3mx20cm_Wood_Panels (2),1.73,1.29,-0.31
17.711,2,Wall_3mx20cm_Wood_Panels (2),1.74,1.29,-0.31
17.739,2,Wall_3mx20cm_Wood_Panels (2),1.74,1.31,-0.31
17.767,2,Wall_3mx20cm_Wood_Panels (2),1.75,1.32,-0.31
17.809,2,Wall_3mx20cm_Wood_Panels (2),1.76,1.31,-0.31
17.837,2,Wall_3mx20cm_Wood_Panels (2),1.78,1.31,-0.31
17.878,2,Wall_3mx20cm_Wood_Panels (2),1.80,1.30,-0.31
17.906,2,Wall_3mx20cm_Wood_Panels (2),1.82,1.29,-0.31
17.934,2,Wall_3mx20cm_Wood_Panels (2),1.83,1.27,-0.31
17.976,2,Wall_3mx20cm_Wood_Panels (2),1.83,1.27,-0.31
18.004,2,Wall_3mx20cm_Wood_Panels (2),1.83,1.26,-0.31
18.046,2,Wall_3mx20cm_Wood_Panels (2),1.83,1.26,-0.31
18.073,2,Wall_3mx20cm_Wood_Panels (2),1.82,1.27,-0.31
18.101,2,Wall_3mx20cm_Wood_Panels (2),1.81,1.28,-0.31
18.143,2,Wall_3mx20cm_Wood_Panels (2),1.79,1.27,-0.31
18.171,2,Wall_3mx20cm_Wood_Panels (2),1.80,1.25,-0.31
18.212,2,Wall_3mx20cm_Wood_Panels (2),1.81,1.24,-0.31
18.240,2,Wall_3mx20cm_Wood_Panels (2),1.83,1.22,-0.31
18.268,2,Wall_3mx20cm_Wood_Panels (2),1.83,1.22,-0.31
18.310,2,Wall_3mx20cm_Wood_Panels (2),1.83,1.24,-0.31
18.338,2,Wall_3mx20cm_Wood_Panels (2),1.83,1.24,-0.31
18.379,2,Wall_3mx20cm_Wood_Panels (2),1.82,1.24,-0.31
18.408,2,Wall_3mx20cm_Wood_Panels (2),1.83,1.24,-0.31
18.435,2,Wall_3mx20cm_Wood_Panels (2),1.82,1.26,-0.31
18.477,2,Wall_3mx20cm_Wood_Panels (2),1.80,1.28,-0.31
18.505,2,Wall_3mx20cm_Wood_Panels (2),1.78,1.29,-0.31
18.546,2,Wall_3mx20cm_Wood_Panels (2),1.78,1.29,-0.31
18.574,2,Wall_3mx20cm_Wood_Panels (2),1.78,1.28,-0.31
18.602,2,Wall_3mx20cm_Wood_Panels (2),1.79,1.28,-0.31
18.644,2,Wall_3mx20cm_Wood_Panels (2),1.79,1.27,-0.31
18.672,2,Wall_3mx20cm_Wood_Panels (2),1.79,1.27,-0.31
18.714,2,Wall_3mx20cm_Wood_Panels (2),1.77,1.27,-0.31
18.741,2,Wall_3mx20cm_Wood_Panels (2),1.77,1.26,-0.31
18.769,2,Wall_3mx20cm_Wood_Panels (2),1.77,1.26,-0.31
18.811,2,Wall_3mx20cm_Wood_Panels (2),1.79,1.24,-0.31
18.839,2,Wall_3mx20cm_Wood_Panels (2),1.82,1.23,-0.31
18.881,2,Wall_3mx20cm_Wood_Panels (2),1.86,1.20,-0.31
18.908,2,Wall_3mx20cm_Wood_Panels (2),1.88,1.20,-0.31
18.936,2,Wall_3mx20cm_Wood_Panels (2),1.91,1.20,-0.31
18.978,2,Wall_3mx20cm_Wood_Panels (2),1.92,1.22,-0.31
19.006,2,Wall_3mx20cm_Wood_Panels (2),1.93,1.23,-0.31
19.034,2,Wall_3mx20cm_Wood_Panels (2),1.94,1.24,-0.31
19.076,2,Wall_3mx20cm_Wood_Panels (2),1.96,1.24,-0.31
19.103,2,Wall_3mx20cm_Wood_Panels (2),1.95,1.26,-0.31
19.145,2,Wall_3mx20cm_Wood_Panels (2),1.93,1.28,-0.31
19.173,2,Wall_3mx20cm_Wood_Panels (2),1.94,1.28,-0.31
19.201,2,Wall_3mx20cm_Wood_Panels (2),1.93,1.28,-0.31
19.243,2,Wall_3mx20cm_Wood_Panels (2),1.93,1.28,-0.31
19.271,2,Wall_3mx20cm_Wood_Panels (2),1.94,1.27,-0.31
19.312,2,Wall_3mx20cm_Wood_Panels (2),1.94,1.26,-0.31
19.340,2,Wall_3mx20cm_Wood_Panels (2),1.94,1.26,-0.31
19.368,2,Wall_3mx20cm_Wood_Panels (2),1.94,1.26,-0.31
19.409,2,Wall_3mx20cm_Wood_Panels (2),1.96,1.27,-0.31
19.437,2,Wall_3mx20cm_Wood_Panels (2),1.99,1.25,-0.31
19.479,2,Wall_3mx20cm_Wood_Panels (2),2.01,1.25,-0.31
19.507,2,Wall_3mx20cm_Wood_Panels (2),2.01,1.24,-0.31
19.535,2,Wall_3mx20cm_Wood_Panels (2),2.00,1.24,-0.31
19.577,2,Wall_3mx20cm_Wood_Panels (2),1.99,1.25,-0.31
19.604,2,Wall_3mx20cm_Wood_Panels (2),1.98,1.26,-0.31
19.645,2,Wall_3mx20cm_Wood_Panels (2),1.99,1.27,-0.31
19.675,2,Wall_3mx20cm_Wood_Panels (2),2.01,1.27,-0.31
19.702,2,Wall_3mx20cm_Wood_Panels (2),2.02,1.26,-0.31
19.743,2,Wall_3mx20cm_Wood_Panels (2),2.04,1.25,-0.31
19.771,2,Wall_3mx20cm_Wood_Panels (2),2.06,1.25,-0.31
19.813,2,Wall_3mx20cm_Wood_Panels (2),2.08,1.26,-0.31
19.841,2,Wall_3mx20cm_Wood_Panels (2),2.07,1.26,-0.31
19.869,2,Wall_3mx20cm_Wood_Panels (2),2.07,1.26,-0.31
19.911,2,Wall_3mx20cm_Wood_Panels (2),2.08,1.27,-0.31
19.938,2,Wall_3mx20cm_Wood_Panels (2),2.09,1.26,-0.31
19.980,2,Wall_3mx20cm_Wood_Panels (2),2.10,1.25,-0.31
20.008,2,Wall_3mx20cm_Wood_Panels (2),2.11,1.26,-0.31
20.036,2,Wall_3mx20cm_Wood_Panels (2),2.12,1.25,-0.31
20.078,2,Wall_3mx20cm_Wood_Panels (2),2.13,1.26,-0.31
20.105,2,Wall_3mx20cm_Wood_Panels (2),2.14,1.26,-0.31
20.134,2,Wall_3mx20cm_Wood_Panels (2),2.14,1.27,-0.31
20.175,2,Wall_3mx20cm_Wood_Panels (2),2.12,1.29,-0.31
20.203,2,Wall_3mx20cm_Wood_Panels (2),2.12,1.29,-0.31
20.244,2,Wall_3mx20cm_Wood_Panels (2),2.11,1.30,-0.31
20.273,2,Wall_3mx20cm_Wood_Panels (2),2.11,1.30,-0.31
20.301,2,Wall_3mx20cm_Wood_Panels (2),2.13,1.29,-0.31
20.342,2,Wall_3mx20cm_Wood_Panels (2),2.14,1.30,-0.31
20.371,2,Wall_3mx20cm_Wood_Panels (2),2.15,1.28,-0.31
20.412,2,Wall_3mx20cm_Wood_Panels (2),2.15,1.27,-0.31
20.440,2,Wall_3mx20cm_Wood_Panels (2),2.15,1.27,-0.31
20.468,2,Wall_3mx20cm_Wood_Panels (2),2.14,1.26,-0.31
20.509,2,Wall_3mx20cm_Wood_Panels (2),2.12,1.27,-0.31
20.537,2,Wall_3mx20cm_Wood_Panels (2),2.12,1.27,-0.31
20.579,2,Wall_3mx20cm_Wood_Panels (2),2.11,1.27,-0.31
20.607,2,Wall_3mx20cm_Wood_Panels (2),2.12,1.26,-0.31
20.635,2,Wall_3mx20cm_Wood_Panels (2),2.13,1.26,-0.31
20.676,2,Wall_3mx20cm_Wood_Panels (2),2.15,1.25,-0.31
20.704,2,Wall_3mx20cm_Wood_Panels (2),2.16,1.26,-0.31
20.746,2,Wall_3mx20cm_Wood_Panels (2),2.16,1.26,-0.31
20.774,2,Wall_3mx20cm_Wood_Panels (2),2.16,1.26,-0.31
20.802,2,Wall_3mx20cm_Wood_Panels (2),2.15,1.27,-0.31
20.843,2,Wall_3mx20cm_Wood_Panels (2),2.13,1.28,-0.31
20.871,2,Wall_3mx20cm_Wood_Panels (2),2.12,1.29,-0.31
20.913,2,Wall_3mx20cm_Wood_Panels (2),2.12,1.30,-0.31
20.941,2,Wall_3mx20cm_Wood_Panels (2),2.10,1.32,-0.31
20.969,2,Wall_3mx20cm_Wood_Panels (2),2.09,1.29,-0.31
21.010,2,Wall_3mx20cm_Wood_Panels (2),2.08,1.30,-0.31
21.038,2,Wall_3mx20cm_Wood_Panels (2),2.07,1.32,-0.31
21.080,2,Wall_3mx20cm_Wood_Panels (2),2.03,1.34,-0.31
21.108,2,Wall_3mx20cm_Wood_Panels (2),2.01,1.36,-0.31
21.136,2,Wall_3mx20cm_Wood_Panels (2),1.99,1.37,-0.31
21.177,2,Wall_3mx20cm_Wood_Panels (2),1.98,1.39,-0.31
21.206,2,Wall_3mx20cm_Wood_Panels (2),1.96,1.39,-0.31
21.247,2,Wall_3mx20cm_Wood_Panels (2),1.91,1.41,-0.31
21.275,2,Wall_3mx20cm_Wood_Panels (2),1.89,1.42,-0.31
21.303,2,Wall_3mx20cm_Wood_Panels (2),1.87,1.44,-0.31
21.345,2,Wall_3mx20cm_Wood_Panels (2),1.86,1.46,-0.31
21.373,2,Wall_3mx20cm_Wood_Panels (2),1.86,1.47,-0.31
21.400,2,Wall_3mx20cm_Wood_Panels (2),1.86,1.47,-0.31
21.442,2,Wall_3mx20cm_Wood_Panels (2),1.88,1.46,-0.31
21.469,2,Wall_3mx20cm_Wood_Panels (2),1.91,1.44,-0.31
21.511,2,Wall_3mx20cm_Wood_Panels (2),1.93,1.42,-0.31
21.541,2,Wall_3mx20cm_Wood_Panels (2),1.94,1.40,-0.31
21.568,2,Wall_3mx20cm_Wood_Panels (2),1.94,1.39,-0.31
21.608,2,Wall_3mx20cm_Wood_Panels (2),1.95,1.39,-0.31
21.637,2,Wall_3mx20cm_Wood_Panels (2),1.96,1.39,-0.31
21.678,2,Wall_3mx20cm_Wood_Panels (2),1.98,1.39,-0.31
21.707,2,Wall_3mx20cm_Wood_Panels (2),1.99,1.39,-0.31
21.734,2,Wall_3mx20cm_Wood_Panels (2),2.01,1.38,-0.31
21.776,2,Wall_3mx20cm_Wood_Panels (2),2.04,1.34,-0.31
21.804,2,Wall_3mx20cm_Wood_Panels (2),2.05,1.34,-0.31
21.845,2,Wall_3mx20cm_Wood_Panels (2),2.07,1.34,-0.31
21.873,2,Wall_3mx20cm_Wood_Panels (2),2.06,1.36,-0.31
21.901,2,Wall_3mx20cm_Wood_Panels (2),2.06,1.37,-0.31
21.943,2,Wall_3mx20cm_Wood_Panels (2),2.10,1.38,-0.31
21.971,2,Wall_3mx20cm_Wood_Panels (2),2.16,1.37,-0.31
22.012,2,Wall_3mx20cm_Wood_Panels (2),2.29,1.30,-0.31
22.040,2,Wall_3mx20cm_Wood_Panels (2),2.36,1.28,-0.31
22.068,2,Wall_3mx20cm_Wood_Panels (2),2.41,1.26,-0.31
22.110,2,Wall_3mx20cm_Wood_Panels (2),2.46,1.24,-0.31
22.138,2,Wall_3mx20cm_Wood_Panels (2),2.47,1.23,-0.31
22.179,2,Wall_3mx20cm_Wood_Panels (2),2.48,1.21,-0.31
22.208,2,Wall_3mx20cm_Wood_Panels (2),2.48,1.21,-0.31
22.235,2,Wall_3mx20cm_Wood_Panels (2),2.48,1.19,-0.31
22.277,2,Wall_3mx20cm_Wood_Panels (2),2.50,1.18,-0.31
22.304,2,Wall_3mx20cm_Wood_Panels (2),2.52,1.17,-0.31
22.347,2,Wall_3mx20cm_Wood_Panels (2),2.57,1.16,-0.31
22.374,2,Wall_3mx20cm_Wood_Panels (2),2.61,1.16,-0.31
22.402,2,Wall_3mx20cm_Wood_Panels (2),2.65,1.15,-0.31
22.444,2,Wall_3mx20cm_Wood_Panels (2),2.72,1.14,-0.31
22.473,2,Wall_3mx20cm_Wood_Panels (2),2.78,1.12,-0.31
22.513,2,Wall_3mx20cm_Wood_Panels (2),2.86,1.10,-0.31
22.541,2,Wall_3mx20cm_Wood_Panels (2),2.91,1.08,-0.31
22.570,2,Wall_3mx20cm_Wood_Panels (2),2.95,1.06,-0.31
22.611,2,Wall_3mx20cm_Wood_Panels (2),3.00,1.04,-0.31
22.640,2,Wall_3mx20cm_Wood_Panels (2),3.02,1.03,-0.31
22.667,2,Wall_3mx20cm_Wood_Panels (2),3.04,1.03,-0.31
22.708,2,Wall_3mx20cm_Wood_Panels (2),3.06,1.02,-0.31
22.736,2,Wall_3mx20cm_Wood_Panels (2),3.07,1.02,-0.31
22.778,2,Wall_3mx20cm_Wood_Panels (2),3.10,1.03,-0.31
22.806,2,Wall_3mx20cm_Wood_Panels (2),3.12,1.03,-0.31
22.834,2,Wall_3mx20cm_Wood_Panels (2),3.14,1.03,-0.31
22.876,2,Wall_3mx20cm_Wood_Panels (2),3.16,1.02,-0.31
22.903,2,Wall_3mx20cm_Wood_Panels (2),3.18,1.00,-0.31
22.945,2,Wall_3mx20cm_Wood_Panels (2),3.18,0.99,-0.31
22.973,2,Wall_3mx20cm_Wood_Panels (2),3.18,0.98,-0.31
23.001,2,Wall_3mx20cm_Wood_Panels (2),3.17,0.98,-0.31
23.043,2,Wall_3mx20cm_Wood_Panels (2),3.15,0.98,-0.31
23.071,2,Wall_3mx20cm_Wood_Panels (2),3.14,0.99,-0.31
23.112,2,Wall_3mx20cm_Wood_Panels (2),3.12,1.00,-0.31
23.140,2,Wall_3mx20cm_Wood_Panels (2),3.11,1.01,-0.31
23.168,2,Wall_3mx20cm_Wood_Panels (2),3.09,1.02,-0.31
23.210,2,Wall_3mx20cm_Wood_Panels (2),3.07,1.03,-0.31
23.238,2,Wall_3mx20cm_Wood_Panels (2),3.07,1.04,-0.31
23.279,2,Wall_3mx20cm_Wood_Panels (2),3.07,1.05,-0.31
23.307,2,Wall_3mx20cm_Wood_Panels (2),3.07,1.04,-0.31
23.335,2,Wall_3mx20cm_Wood_Panels (2),3.06,1.04,-0.31
23.377,2,Wall_3mx20cm_Wood_Panels (2),3.05,1.05,-0.31
23.405,2,Wall_3mx20cm_Wood_Panels (2),3.03,1.06,-0.31
23.447,2,Wall_3mx20cm_Wood_Panels (2),3.01,1.07,-0.31
23.475,2,Wall_3mx20cm_Wood_Panels (2),3.00,1.08,-0.31
23.502,2,Wall_3mx20cm_Wood_Panels (2),2.97,1.10,-0.31
23.544,2,Wall_3mx20cm_Wood_Panels (2),2.91,1.15,-0.31
23.572,2,Wall_3mx20cm_Wood_Panels (2),2.88,1.17,-0.31
23.614,2,Wall_3mx20cm_Wood_Panels (2),2.82,1.23,-0.31
23.642,2,Wall_3mx20cm_Wood_Panels (2),2.79,1.25,-0.31
23.670,2,Wall_3mx20cm_Wood_Panels (2),2.76,1.27,-0.31
23.711,2,Wall_3mx20cm_Wood_Panels (2),2.72,1.28,-0.31
23.739,2,Wall_3mx20cm_Wood_Panels (2),2.71,1.29,-0.31
23.768,2,Wall_3mx20cm_Wood_Panels (2),2.71,1.28,-0.31
23.809,2,Wall_3mx20cm_Wood_Panels (2),2.72,1.26,-0.31
23.836,2,Wall_3mx20cm_Wood_Panels (2),2.73,1.25,-0.31
23.879,2,Wall_3mx20cm_Wood_Panels (2),2.74,1.25,-0.31
23.906,2,Wall_3mx20cm_Wood_Panels (2),2.74,1.24,-0.31
23.934,2,Wall_3mx20cm_Wood_Panels (2),2.74,1.24,-0.31
23.976,2,Wall_3mx20cm_Wood_Panels (2),2.74,1.25,-0.31
24.004,2,Wall_3mx20cm_Wood_Panels (2),2.74,1.25,-0.31
24.046,2,Wall_3mx20cm_Wood_Panels (2),2.75,1.25,-0.31
24.073,2,Wall_3mx20cm_Wood_Panels (2),2.75,1.26,-0.31
24.101,2,Wall_3mx20cm_Wood_Panels (2),2.75,1.25,-0.31
24.143,2,Wall_3mx20cm_Wood_Panels (2),2.75,1.26,-0.31
24.171,2,Wall_3mx20cm_Wood_Panels (2),2.75,1.27,-0.31
24.212,2,Wall_3mx20cm_Wood_Panels (2),2.74,1.28,-0.31
24.240,2,Wall_3mx20cm_Wood_Panels (2),2.73,1.29,-0.31
24.268,2,Wall_3mx20cm_Wood_Panels (2),2.73,1.29,-0.31
24.310,2,Wall_3mx20cm_Wood_Panels (2),2.73,1.31,-0.31
24.338,2,Wall_3mx20cm_Wood_Panels (2),2.74,1.30,-0.31
24.380,2,Wall_3mx20cm_Wood_Panels (2),2.75,1.30,-0.31
24.407,2,Wall_3mx20cm_Wood_Panels (2),2.76,1.33,-0.31
24.435,2,Wall_3mx20cm_Wood_Panels (2),2.77,1.35,-0.31
24.477,2,Wall_3mx20cm_Wood_Panels (2),2.77,1.35,-0.31
24.505,2,Wall_3mx20cm_Wood_Panels (2),2.77,1.35,-0.31
24.546,2,Wall_3mx20cm_Wood_Panels (2),2.77,1.34,-0.31
24.574,2,Wall_3mx20cm_Wood_Panels (2),2.77,1.33,-0.31
24.602,2,Wall_3mx20cm_Wood_Panels (2),2.76,1.34,-0.31
24.644,2,Wall_3mx20cm_Wood_Panels (2),2.75,1.34,-0.31
24.672,2,Wall_3mx20cm_Wood_Panels (2),2.74,1.34,-0.31
24.713,2,Wall_3mx20cm_Wood_Panels (2),2.72,1.35,-0.31
24.742,2,Wall_3mx20cm_Wood_Panels (2),2.71,1.35,-0.31
24.769,2,Wall_3mx20cm_Wood_Panels (2),2.71,1.36,-0.31
24.811,2,Wall_3mx20cm_Wood_Panels (2),2.70,1.36,-0.31
24.839,2,Wall_3mx20cm_Wood_Panels (2),2.70,1.36,-0.31
24.867,2,Wall_3mx20cm_Wood_Panels (2),2.69,1.36,-0.31
24.909,2,Wall_3mx20cm_Wood_Panels (2),2.69,1.36,-0.31
24.937,2,Wall_3mx20cm_Wood_Panels (2),2.67,1.36,-0.31
24.978,2,Wall_3mx20cm_Wood_Panels (2),2.66,1.36,-0.31
25.006,2,Wall_3mx20cm_Wood_Panels (2),2.66,1.36,-0.31
25.034,2,Wall_3mx20cm_Wood_Panels (2),2.66,1.37,-0.31
25.076,2,Wall_3mx20cm_Wood_Panels (2),2.64,1.38,-0.31
25.103,2,Wall_3mx20cm_Wood_Panels (2),2.63,1.38,-0.31
25.145,2,Wall_3mx20cm_Wood_Panels (2),2.61,1.38,-0.31
25.173,2,Wall_3mx20cm_Wood_Panels (2),2.60,1.40,-0.31
25.201,2,Wall_3mx20cm_Wood_Panels (2),2.60,1.41,-0.31
25.242,2,Wall_3mx20cm_Wood_Panels (2),2.61,1.42,-0.31
25.270,2,Wall_3mx20cm_Wood_Panels (2),2.61,1.42,-0.31
25.312,2,Wall_3mx20cm_Wood_Panels (2),2.63,1.42,-0.31
25.340,2,Wall_3mx20cm_Wood_Panels (2),2.64,1.40,-0.31
25.368,2,Wall_3mx20cm_Wood_Panels (2),2.65,1.38,-0.31
25.410,2,Wall_3mx20cm_Wood_Panels (2),2.66,1.39,-0.31
25.437,2,Wall_3mx20cm_Wood_Panels (2),2.66,1.39,-0.31
25.479,2,Wall_3mx20cm_Wood_Panels (2),2.66,1.39,-0.31
25.507,2,Wall_3mx20cm_Wood_Panels (2),2.65,1.40,-0.31
25.535,2,Wall_3mx20cm_Wood_Panels (2),2.64,1.39,-0.31
25.576,2,Wall_3mx20cm_Wood_Panels (2),2.62,1.39,-0.31
25.605,2,Wall_3mx20cm_Wood_Panels (2),2.62,1.40,-0.31
25.646,2,Wall_3mx20cm_Wood_Panels (2),2.65,1.41,-0.31
25.674,2,Wall_3mx20cm_Wood_Panels (2),2.66,1.41,-0.31
25.702,2,Wall_3mx20cm_Wood_Panels (2),2.68,1.40,-0.31
25.744,2,Wall_3mx20cm_Wood_Panels (2),2.72,1.41,-0.31
25.772,2,Wall_3mx20cm_Wood_Panels (2),2.73,1.39,-0.31
25.813,2,Wall_3mx20cm_Wood_Panels (2),2.73,1.41,-0.31
25.842,2,Wall_3mx20cm_Wood_Panels (2),2.72,1.41,-0.31
25.869,2,Wall_3mx20cm_Wood_Panels (2),2.69,1.43,-0.31
25.911,2,Wall_3mx20cm_Wood_Panels (2),2.68,1.43,-0.31
25.939,2,Wall_3mx20cm_Wood_Panels (2),2.66,1.42,-0.31
25.981,2,Wall_3mx20cm_Wood_Panels (2),2.65,1.40,-0.31
26.008,2,Wall_3mx20cm_Wood_Panels (2),2.66,1.40,-0.31
26.036,2,Wall_3mx20cm_Wood_Panels (2),2.66,1.39,-0.31
26.078,2,Wall_3mx20cm_Wood_Panels (2),2.65,1.39,-0.31
26.106,2,Wall_3mx20cm_Wood_Panels (2),2.63,1.40,-0.31
26.133,2,Wall_3mx20cm_Wood_Panels (2),2.61,1.40,-0.31
26.175,2,Wall_3mx20cm_Wood_Panels (2),2.58,1.41,-0.31
26.203,2,Wall_3mx20cm_Wood_Panels (2),2.57,1.42,-0.31
26.245,2,Wall_3mx20cm_Wood_Panels (2),2.55,1.43,-0.31
26.273,2,Wall_3mx20cm_Wood_Panels (2),2.53,1.44,-0.31
26.300,2,Wall_3mx20cm_Wood_Panels (2),2.51,1.45,-0.31
26.342,2,Wall_3mx20cm_Wood_Panels (2),2.50,1.46,-0.31
26.370,2,Wall_3mx20cm_Wood_Panels (2),2.48,1.46,-0.31
26.412,2,Wall_3mx20cm_Wood_Panels (2),2.45,1.44,-0.31
26.440,2,Wall_3mx20cm_Wood_Panels (2),2.43,1.45,-0.31
26.468,2,Wall_3mx20cm_Wood_Panels (2),2.41,1.46,-0.31
26.510,2,Wall_3mx20cm_Wood_Panels (2),2.40,1.46,-0.31
26.537,2,Wall_3mx20cm_Wood_Panels (2),2.41,1.47,-0.31
26.579,2,Ceiling_log_3m (21),2.41,1.50,-0.31
26.607,2,Ceiling_log_3m (21),2.46,1.51,-0.33
26.635,2,Ceiling_log_3m (21),2.46,1.52,-0.34
26.677,2,Ceiling_log_3m (21),2.43,1.50,-0.35
26.704,2,Ceiling_log_3m (21),2.39,1.50,-0.34
26.746,2,Ceiling_log_3m (21),2.42,1.50,-0.34
26.775,2,Ceiling_log_3m (21),2.42,1.50,-0.34
26.802,2,Ceiling_log_3m (21),2.43,1.50,-0.35
26.844,2,Ceiling_log_3m (21),2.45,1.50,-0.35
26.872,2,Ceiling_log_3m (21),2.40,1.50,-0.33
26.913,2,Ceiling_log_3m (21),2.44,1.50,-0.34
26.941,2,Ceiling_log_3m (21),2.44,1.50,-0.34
26.968,2,Ceiling_log_3m (21),2.45,1.50,-0.34
27.011,2,Ceiling_log_3m (21),2.46,1.50,-0.34
27.038,2,Ceiling_log_3m (21),2.46,1.50,-0.35
27.080,2,Ceiling_log_3m (21),2.46,1.50,-0.35
27.108,2,Ceiling_log_3m (21),2.46,1.51,-0.35
27.136,2,Ceiling_log_3m (21),2.46,1.52,-0.35
27.177,2,Ceiling_log_3m (21),2.46,1.51,-0.36
27.205,2,Ceiling_log_3m (21),2.46,1.51,-0.36
27.234,2,Ceiling_log_3m (21),2.45,1.50,-0.36
27.275,2,Ceiling_log_3m (21),2.42,1.50,-0.36
27.303,2,Ceiling_log_3m (21),2.41,1.50,-0.36
27.344,2,Ceiling_log_3m (21),2.39,1.50,-0.35
27.372,2,Ceiling_log_3m (21),2.40,1.50,-0.35
27.400,2,Ceiling_log_3m (21),2.42,1.50,-0.35
27.442,2,Ceiling_log_3m (21),2.36,1.50,-0.34
27.470,2,Wall_3mx20cm_Wood_Panels (2),2.28,1.54,-0.31
27.513,2,Ceiling_log_3m (21),2.38,1.50,-0.36
27.540,2,Ceiling_log_3m (21),2.38,1.50,-0.36
27.568,2,Wall_3mx20cm_Wood_Panels (2),2.20,1.58,-0.31
27.609,2,Wall_3mx20cm_Wood_Panels (2),2.18,1.59,-0.31
27.637,2,Ceiling_log_3m (21),2.36,1.50,-0.37
27.679,2,Ceiling_log_3m (21),2.37,1.50,-0.38
27.706,2,Ceiling_log_3m (21),2.37,1.50,-0.38
27.735,2,Ceiling_log_3m (21),2.36,1.50,-0.37
27.776,2,Wall_3mx20cm_Wood_Panels (2),2.18,1.58,-0.31
27.804,2,Wall_3mx20cm_Wood_Panels (2),2.18,1.56,-0.31
27.846,2,Wall_3mx20cm_Wood_Panels (2),2.18,1.58,-0.31
27.874,2,Wall_3mx20cm_Wood_Panels (2),2.16,1.60,-0.31
27.902,2,Wall_3mx20cm_Wood_Panels (2),2.15,1.61,-0.31
27.943,2,Ceiling_log_3m (21),2.40,1.50,-0.40
27.971,2,Ceiling_log_3m (21),2.45,1.50,-0.42
28.013,2,Ceiling_log_3m (21),2.46,1.52,-0.44
28.041,2,Ceiling_log_3m (21),2.46,1.52,-0.45
28.068,2,Ceiling_log_3m (21),2.46,1.52,-0.46
28.110,2,Ceiling_log_3m (21),2.46,1.53,-0.48
28.138,2,Ceiling_log_3m (21),2.46,1.53,-0.49
28.181,2,Ceiling_log_3m (21),2.46,1.52,-0.51
28.209,2,Ceiling_log_3m (21),2.46,1.52,-0.52
28.236,2,Ceiling_log_3m (21),2.46,1.52,-0.53
28.278,2,Ceiling_log_3m (21),2.46,1.51,-0.54
28.305,2,Ceiling_log_3m (21),2.46,1.52,-0.54
28.334,2,Ceiling_log_3m (21),2.46,1.51,-0.54
28.375,2,Ceiling_log_3m (21),2.46,1.51,-0.55
28.403,2,Ceiling_log_3m (21),2.46,1.50,-0.55
28.445,2,Ceiling_log_3m (21),2.46,1.51,-0.57
28.473,2,Ceiling_log_3m (21),2.46,1.51,-0.58
28.500,2,Ceiling_log_3m (21),2.45,1.50,-0.58
28.542,2,Ceiling_log_3m (21),2.45,1.50,-0.59
28.570,2,Ceiling_log_3m (21),2.43,1.50,-0.59
28.611,2,Ceiling_log_3m (21),2.40,1.50,-0.59
28.639,2,Ceiling_log_3m (21),2.42,1.50,-0.60
28.667,2,Ceiling_log_3m (21),2.45,1.50,-0.62
28.709,2,Ceiling_log_3m (21),2.46,1.53,-0.63
28.737,2,Ceiling_log_3m (21),2.46,1.54,-0.63
28.779,2,Ceiling_log_3m (21),2.46,1.55,-0.64
28.806,2,Ceiling_log_3m (21),2.46,1.55,-0.65
28.834,2,Ceiling_log_3m (21),2.46,1.54,-0.66
28.876,2,Ceiling_log_3m (21),2.46,1.56,-0.67
28.904,2,Ceiling_log_3m (21),2.46,1.57,-0.68
28.946,2,Ceiling_log_3m (21),2.46,1.59,-0.68
28.973,2,Ceiling_log_3m (21),2.46,1.60,-0.68
29.001,2,Ceiling_log_3m (21),2.46,1.60,-0.68
29.043,2,Ceiling_log_3m (21),2.46,1.59,-0.67
29.071,2,Ceiling_log_3m (21),2.46,1.59,-0.66
29.113,2,Ceiling_log_3m (21),2.46,1.59,-0.66
29.141,2,Ceiling_log_3m (21),2.46,1.57,-0.65
29.168,2,Ceiling_log_3m (21),2.46,1.56,-0.65
29.210,2,Ceiling_log_3m (21),2.46,1.56,-0.64
29.238,2,Ceiling_log_3m (21),2.46,1.56,-0.64
29.280,2,Ceiling_log_3m (21),2.46,1.55,-0.64
29.308,2,Ceiling_log_3m (21),2.46,1.53,-0.63
29.336,2,Ceiling_log_3m (21),2.46,1.53,-0.63
29.378,2,Ceiling_log_3m (21),2.46,1.52,-0.63
29.406,2,Ceiling_log_3m (21),2.46,1.53,-0.62
29.433,2,Ceiling_log_3m (21),2.46,1.55,-0.62
29.475,2,Ceiling_log_3m (21),2.46,1.59,-0.62
29.504,2,Ceiling_log_3m (21),2.46,1.60,-0.61
29.545,2,Ceiling_log_3m (21),2.46,1.63,-0.61
29.572,2,Ceiling_log_3m (21),2.46,1.65,-0.60
29.600,2,Ceiling_log_3m (21),2.46,1.64,-0.60
29.642,2,Ceiling_log_3m (21),2.46,1.62,-0.59
29.670,2,Ceiling_log_3m (21),2.46,1.61,-0.59
29.712,2,Ceiling_log_3m (21),2.46,1.60,-0.59
29.739,2,Ceiling_log_3m (21),2.46,1.60,-0.60
29.768,2,Ceiling_log_3m (21),2.46,1.59,-0.60
29.809,2,Ceiling_log_3m (21),2.46,1.61,-0.59
29.837,2,Ceiling_log_3m (21),2.46,1.61,-0.60
29.879,2,Ceiling_log_3m (21),2.46,1.63,-0.59
29.906,2,Ceiling_log_3m (21),2.46,1.63,-0.59
29.934,2,Ceiling_log_3m (21),2.46,1.63,-0.59
29.976,2,Ceiling_log_3m (21),2.46,1.62,-0.58
30.004,2,Ceiling_log_3m (21),2.46,1.61,-0.58
30.046,2,Ceiling_log_3m (21),2.46,1.59,-0.58
30.073,2,Ceiling_log_3m (21),2.46,1.59,-0.58
30.101,2,Ceiling_log_3m (21),2.46,1.59,-0.58
30.143,2,Ceiling_log_3m (21),2.46,1.59,-0.58
30.171,2,Ceiling_log_3m (21),2.46,1.60,-0.57
30.213,2,Ceiling_log_3m (21),2.46,1.63,-0.58
30.240,2,Ceiling_log_3m (21),2.46,1.63,-0.60
30.268,2,Ceiling_log_3m (21),2.46,1.62,-0.63
30.310,2,Ceiling_log_3m (21),2.46,1.63,-0.66
30.338,2,Ceiling_log_3m (21),2.46,1.64,-0.67
30.380,2,Ceiling_log_3m (21),2.46,1.63,-0.67
30.408,2,Ceiling_log_3m (21),2.46,1.60,-0.66
30.435,2,Ceiling_log_3m (21),2.46,1.58,-0.65
30.478,2,Ceiling_log_3m (21),2.46,1.57,-0.63
30.505,2,Ceiling_log_3m (21),2.46,1.55,-0.63
30.533,2,Ceiling_log_3m (21),2.46,1.54,-0.63
30.575,2,Ceiling_log_3m (21),2.46,1.52,-0.63
30.602,2,Ceiling_log_3m (21),2.46,1.52,-0.62
30.644,2,Ceiling_log_3m (21),2.46,1.53,-0.62
30.672,2,Ceiling_log_3m (21),2.46,1.53,-0.63
30.714,2,Ceiling_log_3m (21),2.46,1.53,-0.64
30.742,2,Ceiling_log_3m (21),2.46,1.52,-0.64
30.770,2,Ceiling_log_3m (21),2.44,1.50,-0.63
30.811,2,Ceiling_3x3m (7),1.99,1.70,-0.50
30.839,2,Ceiling_3x3m (7),1.92,1.70,-0.47
30.867,2,Ceiling_3x3m (7),1.85,1.70,-0.44
30.909,2,Ceiling_3x3m (7),1.85,1.70,-0.44
30.936,2,Ceiling_3x3m (7),1.87,1.70,-0.44
30.978,2,Ceiling_3x3m (7),1.88,1.70,-0.44
31.006,2,Ceiling_3x3m (7),1.88,1.70,-0.44
31.034,2,Ceiling_3x3m (7),1.90,1.70,-0.44
31.076,2,Ceiling_3x3m (7),1.91,1.70,-0.45
31.104,2,Ceiling_3x3m (7),1.91,1.70,-0.45
31.145,2,Ceiling_3x3m (7),1.92,1.70,-0.46
31.174,2,Ceiling_3x3m (7),1.92,1.70,-0.46
31.201,2,Ceiling_3x3m (7),1.93,1.70,-0.47
31.243,2,Ceiling_3x3m (7),1.91,1.70,-0.46
31.271,2,Ceiling_3x3m (7),1.90,1.70,-0.46
31.312,2,Ceiling_3x3m (7),1.90,1.70,-0.47
31.341,2,Ceiling_3x3m (7),1.91,1.70,-0.48
31.369,2,Ceiling_3x3m (7),1.93,1.70,-0.49
31.410,2,Ceiling_3x3m (7),1.96,1.70,-0.51
31.438,2,Ceiling_3x3m (7),1.98,1.70,-0.52
31.480,2,Ceiling_log_3m (21),2.40,1.50,-0.64
31.508,2,Ceiling_log_3m (21),2.44,1.50,-0.65
31.536,2,Ceiling_log_3m (21),2.46,1.52,-0.65
31.578,2,Ceiling_log_3m (21),2.46,1.58,-0.66
31.605,2,Ceiling_log_3m (21),2.46,1.59,-0.66
31.647,2,Ceiling_log_3m (21),2.46,1.61,-0.66
31.675,2,Ceiling_log_3m (21),2.46,1.62,-0.66
31.703,2,Ceiling_log_3m (21),2.46,1.60,-0.67
31.744,2,Ceiling_log_3m (21),2.46,1.59,-0.67
31.773,2,Ceiling_log_3m (21),2.46,1.59,-0.67
31.814,2,Ceiling_log_3m (21),2.46,1.58,-0.67
31.842,2,Ceiling_log_3m (21),2.46,1.57,-0.66
31.870,2,Ceiling_log_3m (21),2.46,1.54,-0.66
31.911,2,Ceiling_log_3m (21),2.46,1.51,-0.65
31.939,2,Ceiling_log_3m (21),2.46,1.52,-0.65
31.967,2,Ceiling_log_3m (21),2.46,1.52,-0.65
32.009,2,Ceiling_log_3m (21),2.43,1.50,-0.65
32.037,2,Ceiling_log_3m (21),2.38,1.50,-0.64
32.078,2,Ceiling_3x3m (7),1.92,1.70,-0.53
32.106,2,Ceiling_3x3m (7),1.83,1.70,-0.51
32.135,2,Ceiling_3x3m (7),1.74,1.70,-0.48
32.176,2,Ceiling_3x3m (7),1.59,1.70,-0.45
32.204,2,Ceiling_log_3m (20),1.52,1.69,-0.43
32.246,2,Ceiling_log_3m (20),1.52,1.63,-0.44
32.274,2,Ceiling_log_3m (20),1.52,1.60,-0.45
32.301,2,Ceiling_log_3m (20),1.52,1.58,-0.45
32.343,2,Ceiling_log_3m (20),1.52,1.56,-0.45
32.371,2,Ceiling_log_3m (20),1.52,1.55,-0.46
32.413,2,Ceiling_log_3m (20),1.52,1.53,-0.45
32.441,2,Ceiling_log_3m (20),1.52,1.52,-0.44
32.470,2,Ceiling_log_3m (20),1.52,1.50,-0.44
32.554,2,Ceiling_log_3m (20),1.52,1.51,-0.43
32.554,2,Ceiling_log_3m (20),1.52,1.51,-0.43
32.637,2,Ceiling_log_3m (20),1.52,1.52,-0.41
32.637,2,Ceiling_log_3m (20),1.52,1.52,-0.41
32.637,2,Ceiling_log_3m (20),1.52,1.52,-0.41
32.678,2,Ceiling_log_3m (20),1.52,1.57,-0.37
32.705,2,Ceiling_log_3m (20),1.52,1.60,-0.36
32.747,2,Ceiling_log_3m (20),1.52,1.64,-0.35
32.774,2,Ceiling_log_3m (20),1.52,1.66,-0.33
32.802,2,Ceiling_log_3m (20),1.52,1.67,-0.32
32.843,2,Ceiling_3x3m (7),1.53,1.70,-0.31
32.871,2,Ceiling_3x3m (7),1.55,1.70,-0.31
32.914,2,Ceiling_3x3m (7),1.58,1.70,-0.32
32.941,2,Ceiling_3x3m (7),1.59,1.70,-0.33
32.969,2,Ceiling_3x3m (7),1.59,1.70,-0.34
33.011,2,Ceiling_3x3m (7),1.60,1.70,-0.35
33.038,2,Ceiling_3x3m (7),1.60,1.70,-0.36
33.067,2,Ceiling_3x3m (7),1.61,1.70,-0.36
33.108,2,Ceiling_3x3m (7),1.60,1.70,-0.36
33.136,2,Ceiling_3x3m (7),1.61,1.70,-0.37
33.178,2,Ceiling_3x3m (7),1.60,1.70,-0.37
33.206,2,Ceiling_3x3m (7),1.61,1.70,-0.37
33.233,2,Ceiling_3x3m (7),1.60,1.70,-0.37
33.275,2,Ceiling_3x3m (7),1.59,1.70,-0.39
33.303,2,Ceiling_3x3m (7),1.59,1.70,-0.39
33.345,2,Ceiling_3x3m (7),1.58,1.70,-0.40
33.373,2,Ceiling_3x3m (7),1.57,1.70,-0.40
33.401,2,Ceiling_3x3m (7),1.57,1.70,-0.41
33.442,2,Ceiling_3x3m (7),1.58,1.70,-0.41
33.470,2,Ceiling_3x3m (7),1.58,1.70,-0.41
33.512,2,Ceiling_3x3m (7),1.57,1.70,-0.41
33.540,2,Ceiling_3x3m (7),1.57,1.70,-0.41
33.569,2,Ceiling_3x3m (7),1.57,1.70,-0.40
33.609,2,Ceiling_3x3m (7),1.57,1.70,-0.41
33.637,2,Ceiling_3x3m (7),1.57,1.70,-0.41
33.679,2,Ceiling_3x3m (7),1.55,1.70,-0.41
33.707,2,Ceiling_3x3m (7),1.54,1.70,-0.41
33.735,2,Ceiling_3x3m (7),1.54,1.70,-0.42
33.776,2,Ceiling_log_3m (20),1.52,1.69,-0.41
33.804,2,Ceiling_log_3m (20),1.52,1.69,-0.41
33.846,2,Ceiling_log_3m (20),1.52,1.69,-0.42
33.874,2,Ceiling_log_3m (20),1.52,1.69,-0.42
33.902,2,Ceiling_log_3m (20),1.52,1.69,-0.42
33.944,2,Ceiling_log_3m (20),1.52,1.69,-0.42
33.971,2,Ceiling_log_3m (20),1.52,1.69,-0.42
34.000,2,Ceiling_log_3m (20),1.52,1.69,-0.42
34.041,2,Ceiling_log_3m (20),1.52,1.70,-0.42
34.069,2,Ceiling_3x3m (7),1.55,1.70,-0.43
34.110,2,Ceiling_3x3m (7),1.53,1.70,-0.43
34.138,2,Ceiling_log_3m (20),1.52,1.69,-0.43
34.167,2,Ceiling_log_3m (20),1.52,1.67,-0.44
34.208,2,Ceiling_log_3m (20),1.52,1.67,-0.44
34.236,2,Ceiling_log_3m (20),1.52,1.67,-0.44
34.278,2,Ceiling_log_3m (20),1.52,1.67,-0.44
34.306,2,Ceiling_log_3m (20),1.52,1.68,-0.44
34.334,2,Ceiling_log_3m (20),1.52,1.68,-0.44
34.375,2,Ceiling_log_3m (20),1.52,1.68,-0.43
34.403,2,Ceiling_log_3m (20),1.52,1.69,-0.43
34.445,2,Ceiling_log_3m (20),1.52,1.69,-0.44
34.492,2,Ceiling_3x3m (7),1.52,1.70,-0.45
34.502,2,Ceiling_3x3m (7),1.53,1.70,-0.45
34.542,2,Ceiling_3x3m (7),1.54,1.70,-0.46
34.570,2,Ceiling_3x3m (7),1.55,1.70,-0.46
34.612,2,Ceiling_3x3m (7),1.56,1.70,-0.46
34.639,2,Ceiling_3x3m (7),1.57,1.70,-0.46
34.667,2,Ceiling_3x3m (7),1.59,1.70,-0.47
34.709,2,Ceiling_3x3m (7),1.62,1.70,-0.48
34.737,2,Ceiling_3x3m (7),1.66,1.70,-0.48
34.767,2,Ceiling_3x3m (7),1.69,1.70,-0.50
34.807,2,Ceiling_3x3m (7),1.72,1.70,-0.52
34.835,2,Ceiling_3x3m (7),1.74,1.70,-0.53
34.877,2,Ceiling_3x3m (7),1.75,1.70,-0.53
34.904,2,Ceiling_3x3m (7),1.76,1.70,-0.53
34.946,2,Ceiling_3x3m (7),1.76,1.70,-0.51
34.974,2,Ceiling_3x3m (7),1.80,1.70,-0.50
35.002,2,Ceiling_3x3m (7),1.83,1.70,-0.50
35.044,2,Ceiling_3x3m (7),1.83,1.70,-0.48
35.072,2,Ceiling_3x3m (7),1.81,1.70,-0.47
35.113,2,Ceiling_3x3m (7),1.78,1.70,-0.46
35.141,2,Ceiling_3x3m (7),1.77,1.70,-0.45
35.169,2,Ceiling_3x3m (7),1.77,1.70,-0.45
35.211,2,Ceiling_3x3m (7),1.75,1.70,-0.44
35.238,2,Ceiling_3x3m (7),1.74,1.70,-0.43
35.267,2,Ceiling_3x3m (7),1.73,1.70,-0.42
35.308,2,Ceiling_3x3m (7),1.73,1.70,-0.42
35.336,2,Ceiling_3x3m (7),1.73,1.70,-0.42
35.378,2,Ceiling_3x3m (7),1.73,1.70,-0.42
35.406,2,Ceiling_3x3m (7),1.72,1.70,-0.42
35.434,2,Ceiling_3x3m (7),1.72,1.70,-0.42
35.475,2,Ceiling_3x3m (7),1.70,1.70,-0.42
35.503,2,Ceiling_3x3m (7),1.69,1.70,-0.41
35.545,2,Ceiling_3x3m (7),1.69,1.70,-0.38
35.573,2,Ceiling_3x3m (7),1.69,1.70,-0.36
35.601,2,Ceiling_3x3m (7),1.69,1.70,-0.34
35.642,2,Ceiling_3x3m (7),1.73,1.70,-0.32
35.670,2,Ceiling_3x3m (7),1.75,1.70,-0.31
35.712,2,Wall_3mx20cm_Wood_Panels (2),1.82,1.68,-0.31
35.740,2,Wall_3mx20cm_Wood_Panels (2),1.88,1.64,-0.31
35.768,2,Wall_3mx20cm_Wood_Panels (2),1.92,1.63,-0.31
35.809,2,Wall_3mx20cm_Wood_Panels (2),1.95,1.60,-0.31
35.837,2,Wall_3mx20cm_Wood_Panels (2),1.97,1.58,-0.31
35.879,2,Wall_3mx20cm_Wood_Panels (2),1.97,1.57,-0.31
35.907,2,Wall_3mx20cm_Wood_Panels (2),1.98,1.56,-0.31
35.935,2,Wall_3mx20cm_Wood_Panels (2),1.98,1.56,-0.31
35.976,2,Wall_3mx20cm_Wood_Panels (2),1.98,1.57,-0.31
36.004,2,Wall_3mx20cm_Wood_Panels (2),1.97,1.58,-0.31
36.046,2,Wall_3mx20cm_Wood_Panels (2),1.96,1.59,-0.31
36.074,2,Wall_3mx20cm_Wood_Panels (2),1.93,1.60,-0.31
36.102,2,Wall_3mx20cm_Wood_Panels (2),1.91,1.61,-0.31
36.143,2,Wall_3mx20cm_Wood_Panels (2),1.88,1.63,-0.31
36.171,2,Wall_3mx20cm_Wood_Panels (2),1.88,1.63,-0.31
36.213,2,Wall_3mx20cm_Wood_Panels (2),1.88,1.63,-0.31
36.242,2,Wall_3mx20cm_Wood_Panels (2),1.89,1.62,-0.31
36.268,2,Wall_3mx20cm_Wood_Panels (2),1.91,1.62,-0.31
36.311,2,Wall_3mx20cm_Wood_Panels (2),1.95,1.59,-0.31
36.338,2,Wall_3mx20cm_Wood_Panels (2),1.96,1.58,-0.31
36.380,2,Wall_3mx20cm_Wood_Panels (2),1.97,1.58,-0.31
36.408,2,Wall_3mx20cm_Wood_Panels (2),1.97,1.59,-0.31
36.436,2,Wall_3mx20cm_Wood_Panels (2),1.97,1.59,-0.31
36.477,2,Wall_3mx20cm_Wood_Panels (2),1.96,1.60,-0.31
36.505,2,Wall_3mx20cm_Wood_Panels (2),1.94,1.62,-0.31
36.547,2,Wall_3mx20cm_Wood_Panels (2),1.94,1.61,-0.31
36.575,2,Wall_3mx20cm_Wood_Panels (2),1.93,1.60,-0.31
36.603,2,Wall_3mx20cm_Wood_Panels (2),1.93,1.60,-0.31
36.645,2,Wall_3mx20cm_Wood_Panels (2),1.96,1.58,-0.31
36.672,2,Wall_3mx20cm_Wood_Panels (2),1.98,1.58,-0.31
36.700,2,Wall_3mx20cm_Wood_Panels (2),2.00,1.58,-0.31
36.742,2,Wall_3mx20cm_Wood_Panels (2),2.02,1.59,-0.31
36.770,2,Wall_3mx20cm_Wood_Panels (2),2.02,1.59,-0.31
36.811,2,Wall_3mx20cm_Wood_Panels (2),2.06,1.59,-0.31
36.839,2,Wall_3mx20cm_Wood_Panels (2),2.09,1.58,-0.31
36.867,2,Wall_3mx20cm_Wood_Panels (2),2.10,1.57,-0.31
36.909,2,Wall_3mx20cm_Wood_Panels (2),2.14,1.55,-0.31
36.936,2,Wall_3mx20cm_Wood_Panels (2),2.16,1.54,-0.31
36.978,2,Wall_3mx20cm_Wood_Panels (2),2.18,1.53,-0.31
37.006,2,Wall_3mx20cm_Wood_Panels (2),2.18,1.52,-0.31
37.034,2,Wall_3mx20cm_Wood_Panels (2),2.17,1.52,-0.31
37.076,2,Wall_3mx20cm_Wood_Panels (2),2.15,1.53,-0.31
37.104,2,Wall_3mx20cm_Wood_Panels (2),2.13,1.55,-0.31
37.146,2,Wall_3mx20cm_Wood_Panels (2),2.09,1.56,-0.31
37.173,2,Wall_3mx20cm_Wood_Panels (2),2.08,1.56,-0.31
37.202,2,Wall_3mx20cm_Wood_Panels (2),2.08,1.56,-0.31
37.243,2,Wall_3mx20cm_Wood_Panels (2),2.08,1.57,-0.31
37.271,2,Wall_3mx20cm_Wood_Panels (2),2.08,1.57,-0.31
37.313,2,Wall_3mx20cm_Wood_Panels (2),2.08,1.58,-0.31
37.340,2,Wall_3mx20cm_Wood_Panels (2),2.07,1.59,-0.31
37.369,2,Wall_3mx20cm_Wood_Panels (2),2.08,1.59,-0.31
37.410,2,Wall_3mx20cm_Wood_Panels (2),2.07,1.59,-0.31
37.438,2,Wall_3mx20cm_Wood_Panels (2),2.09,1.58,-0.31
37.480,2,Wall_3mx20cm_Wood_Panels (2),2.08,1.59,-0.31
37.508,2,Wall_3mx20cm_Wood_Panels (2),2.07,1.60,-0.31
37.536,2,Wall_3mx20cm_Wood_Panels (2),2.05,1.60,-0.31
37.577,2,Wall_3mx20cm_Wood_Panels (2),2.02,1.62,-0.31
37.605,2,Wall_3mx20cm_Wood_Panels (2),2.01,1.63,-0.31
37.647,2,Wall_3mx20cm_Wood_Panels (2),2.00,1.63,-0.31
37.675,2,Wall_3mx20cm_Wood_Panels (2),1.99,1.63,-0.31
37.703,2,Wall_3mx20cm_Wood_Panels (2),1.99,1.63,-0.31
37.744,2,Wall_3mx20cm_Wood_Panels (2),1.98,1.64,-0.31
37.772,2,Wall_3mx20cm_Wood_Panels (2),1.98,1.64,-0.31
37.800,2,Wall_3mx20cm_Wood_Panels (2),1.99,1.65,-0.31
37.842,2,Wall_3mx20cm_Wood_Panels (2),1.96,1.69,-0.31
37.870,2,Ceiling_3x3m (7),1.93,1.70,-0.32
37.912,2,Ceiling_3x3m (7),1.86,1.70,-0.33
37.939,2,Ceiling_3x3m (7),1.81,1.70,-0.33
37.968,2,Ceiling_3x3m (7),1.78,1.70,-0.35
38.009,2,Ceiling_3x3m (7),1.76,1.70,-0.36
38.037,2,Ceiling_3x3m (7),1.76,1.70,-0.36
38.079,2,Ceiling_3x3m (7),1.77,1.70,-0.37
38.107,2,Ceiling_3x3m (7),1.79,1.70,-0.37
38.135,2,Ceiling_3x3m (7),1.80,1.70,-0.36
38.177,2,Ceiling_3x3m (7),1.82,1.70,-0.35
38.205,2,Ceiling_3x3m (7),1.81,1.70,-0.35
38.246,2,Ceiling_3x3m (7),1.80,1.70,-0.36
38.274,2,Ceiling_3x3m (7),1.80,1.70,-0.38
38.301,2,Ceiling_3x3m (7),1.80,1.70,-0.40
38.344,2,Ceiling_3x3m (7),1.76,1.70,-0.41
38.372,2,Ceiling_3x3m (7),1.70,1.70,-0.41
38.413,2,Ceiling_3x3m (7),1.63,1.70,-0.40
38.441,2,Ceiling_3x3m (7),1.62,1.70,-0.39
38.469,2,Ceiling_3x3m (7),1.62,1.70,-0.38
38.510,2,Ceiling_3x3m (7),1.60,1.70,-0.37
38.538,2,Ceiling_3x3m (7),1.58,1.70,-0.35
38.580,2,Ceiling_3x3m (7),1.57,1.70,-0.33
38.608,2,Wall_3mx20cm_Wood_Panels (2),1.55,1.69,-0.31
38.636,2,Wall_3mx20cm_Wood_Panels (2),1.57,1.67,-0.31
38.677,2,Wall_3mx20cm_Wood_Panels (2),1.61,1.64,-0.31
38.705,2,Wall_3mx20cm_Wood_Panels (2),1.62,1.62,-0.31
38.747,2,Wall_3mx20cm_Wood_Panels (2),1.64,1.60,-0.31
38.775,2,Wall_3mx20cm_Wood_Panels (2),1.64,1.60,-0.31
38.803,2,Wall_3mx20cm_Wood_Panels (2),1.64,1.59,-0.31
38.844,2,Wall_3mx20cm_Wood_Panels (2),1.64,1.58,-0.31
38.872,2,Wall_3mx20cm_Wood_Panels (2),1.62,1.58,-0.31
38.914,2,Wall_3mx20cm_Wood_Panels (2),1.58,1.59,-0.31
38.942,2,Wall_3mx20cm_Wood_Panels (2),1.56,1.61,-0.31
38.970,2,Ceiling_log_3m (20),1.52,1.64,-0.31
39.011,2,Ceiling_log_3m (20),1.52,1.63,-0.32
39.039,2,Ceiling_log_3m (20),1.52,1.63,-0.34
39.067,2,Ceiling_log_3m (20),1.52,1.62,-0.34
39.109,2,Ceiling_log_3m (20),1.52,1.62,-0.35
39.137,2,Ceiling_log_3m (20),1.52,1.62,-0.36
39.179,2,Ceiling_log_3m (20),1.52,1.61,-0.36
39.206,2,Ceiling_log_3m (20),1.52,1.62,-0.37
39.234,2,Ceiling_log_3m (20),1.52,1.62,-0.37
39.276,2,Ceiling_log_3m (20),1.52,1.61,-0.37
39.303,2,Ceiling_log_3m (20),1.52,1.61,-0.37
39.346,2,Ceiling_log_3m (20),1.52,1.61,-0.37
39.374,2,Ceiling_log_3m (20),1.52,1.61,-0.38
39.401,2,Ceiling_log_3m (20),1.52,1.61,-0.38
39.443,2,Ceiling_log_3m (20),1.52,1.60,-0.38
39.471,2,Ceiling_log_3m (20),1.52,1.60,-0.38
39.512,2,Ceiling_log_3m (20),1.52,1.59,-0.39
39.540,2,Ceiling_log_3m (20),1.52,1.58,-0.39
39.569,2,Ceiling_log_3m (20),1.52,1.58,-0.39
39.610,2,Ceiling_log_3m (20),1.52,1.58,-0.39
39.638,2,Ceiling_log_3m (20),1.52,1.58,-0.40
39.680,2,Ceiling_log_3m (20),1.52,1.58,-0.39
39.708,2,Ceiling_log_3m (20),1.52,1.59,-0.39
39.735,2,Ceiling_log_3m (20),1.52,1.59,-0.39
39.778,2,Ceiling_log_3m (20),1.52,1.59,-0.39
39.805,2,Ceiling_log_3m (20),1.52,1.60,-0.39
39.847,2,Ceiling_log_3m (20),1.52,1.59,-0.38
39.875,2,Ceiling_log_3m (20),1.52,1.59,-0.38
39.903,2,Ceiling_log_3m (20),1.52,1.59,-0.38
39.944,2,Ceiling_log_3m (20),1.52,1.59,-0.38
39.972,2,Ceiling_log_3m (20),1.52,1.60,-0.38
40.000,2,Ceiling_log_3m (20),1.52,1.60,-0.39
40.042,2,Ceiling_log_3m (20),1.52,1.60,-0.39
40.069,2,Ceiling_log_3m (20),1.52,1.60,-0.39
40.111,2,Ceiling_log_3m (20),1.52,1.60,-0.39
40.139,2,Ceiling_log_3m (20),1.52,1.60,-0.38
40.167,2,Ceiling_log_3m (20),1.52,1.60,-0.38
40.208,2,Ceiling_log_3m (20),1.52,1.60,-0.38
40.237,2,Ceiling_log_3m (20),1.52,1.59,-0.39
40.279,2,Ceiling_log_3m (20),1.52,1.59,-0.39
40.306,2,Ceiling_log_3m (20),1.52,1.59,-0.39
40.334,2,Ceiling_log_3m (20),1.52,1.58,-0.39
40.376,2,Ceiling_log_3m (20),1.52,1.58,-0.39
40.404,2,Ceiling_log_3m (20),1.52,1.58,-0.39
40.445,2,Ceiling_log_3m (20),1.52,1.58,-0.39
40.473,2,Ceiling_log_3m (20),1.52,1.58,-0.39
40.502,2,Ceiling_log_3m (20),1.52,1.58,-0.39
40.543,2,Ceiling_log_3m (20),1.52,1.59,-0.38
40.571,2,Ceiling_log_3m (20),1.52,1.59,-0.38
40.613,2,Ceiling_log_3m (20),1.52,1.59,-0.38
40.641,2,Ceiling_log_3m (20),1.52,1.60,-0.38
40.669,2,Ceiling_log_3m (20),1.52,1.60,-0.37
40.710,2,Ceiling_log_3m (20),1.52,1.60,-0.37
40.738,2,Ceiling_log_3m (20),1.52,1.60,-0.37
40.779,2,Ceiling_log_3m (20),1.52,1.61,-0.37
40.808,2,Ceiling_log_3m (20),1.52,1.61,-0.37
40.835,2,Ceiling_log_3m (20),1.52,1.61,-0.37
40.877,2,Ceiling_log_3m (20),1.52,1.61,-0.37
40.905,2,Ceiling_log_3m (20),1.52,1.62,-0.37
40.947,2,Ceiling_log_3m (20),1.52,1.62,-0.36
40.975,2,Ceiling_log_3m (20),1.52,1.62,-0.36
41.002,2,Ceiling_log_3m (20),1.52,1.63,-0.36
41.046,2,Ceiling_log_3m (20),1.52,1.64,-0.37
41.072,2,Ceiling_log_3m (20),1.52,1.63,-0.37
41.101,2,Ceiling_log_3m (20),1.52,1.62,-0.37
41.142,2,Ceiling_log_3m (20),1.52,1.60,-0.36
41.170,2,Ceiling_log_3m (20),1.52,1.58,-0.36
41.212,2,Ceiling_log_3m (20),1.52,1.58,-0.36
41.240,2,Ceiling_log_3m (20),1.52,1.57,-0.36
41.267,2,Ceiling_log_3m (20),1.52,1.57,-0.37
41.309,2,Ceiling_log_3m (20),1.52,1.56,-0.37
41.338,2,Ceiling_log_3m (20),1.52,1.56,-0.37
41.379,2,Ceiling_log_3m (20),1.52,1.56,-0.36
41.406,2,Ceiling_log_3m (20),1.52,1.55,-0.36
41.434,2,Ceiling_log_3m (20),1.52,1.55,-0.36
41.476,2,Ceiling_log_3m (20),1.52,1.55,-0.35
41.505,2,Ceiling_log_3m (20),1.52,1.55,-0.35
41.546,2,Ceiling_log_3m (20),1.52,1.55,-0.34
41.573,2,Ceiling_log_3m (20),1.52,1.55,-0.35
41.601,2,Ceiling_log_3m (20),1.52,1.55,-0.34
41.643,2,Ceiling_log_3m (20),1.52,1.56,-0.34
41.671,2,Ceiling_log_3m (20),1.52,1.57,-0.35
41.712,2,Ceiling_log_3m (20),1.52,1.58,-0.35
41.740,2,Ceiling_log_3m (20),1.52,1.58,-0.35
41.768,2,Ceiling_log_3m (20),1.52,1.59,-0.35
41.810,2,Ceiling_log_3m (20),1.52,1.61,-0.34
41.838,2,Ceiling_log_3m (20),1.52,1.61,-0.34
41.879,2,Ceiling_log_3m (20),1.52,1.62,-0.34
41.907,2,Ceiling_log_3m (20),1.52,1.62,-0.33
41.936,2,Ceiling_log_3m (20),1.52,1.62,-0.33
41.977,2,Ceiling_log_3m (20),1.52,1.62,-0.33
42.004,2,Ceiling_log_3m (20),1.52,1.62,-0.33
42.046,2,Ceiling_log_3m (20),1.52,1.62,-0.33
42.075,2,Ceiling_log_3m (20),1.52,1.62,-0.33
42.102,2,Ceiling_log_3m (20),1.52,1.61,-0.34
42.143,2,Ceiling_log_3m (20),1.52,1.62,-0.34
42.171,2,Ceiling_log_3m (20),1.52,1.62,-0.35
42.213,2,Ceiling_log_3m (20),1.52,1.62,-0.35
42.242,2,Ceiling_log_3m (20),1.52,1.62,-0.35
42.269,2,Ceiling_log_3m (20),1.52,1.62,-0.35
42.311,2,Ceiling_log_3m (20),1.52,1.64,-0.35
42.338,2,Ceiling_log_3m (20),1.52,1.64,-0.34
42.366,2,Ceiling_log_3m (20),1.52,1.64,-0.34
42.408,2,Ceiling_log_3m (20),1.52,1.63,-0.33
42.436,2,Ceiling_log_3m (20),1.52,1.63,-0.33
42.478,2,Ceiling_log_3m (20),1.52,1.63,-0.33
42.506,2,Ceiling_log_3m (20),1.52,1.63,-0.33
42.534,2,Ceiling_log_3m (20),1.52,1.64,-0.34
42.575,2,Ceiling_log_3m (20),1.52,1.64,-0.34
42.603,2,Ceiling_log_3m (20),1.52,1.64,-0.33
42.645,2,Ceiling_log_3m (20),1.52,1.65,-0.33
42.673,2,Ceiling_log_3m (20),1.52,1.65,-0.33
42.701,2,Ceiling_log_3m (20),1.52,1.65,-0.33
42.742,2,Ceiling_log_3m (20),1.52,1.65,-0.33
42.770,2,Ceiling_log_3m (20),1.52,1.65,-0.33
42.812,2,Ceiling_log_3m (20),1.52,1.65,-0.33
42.841,2,Ceiling_log_3m (20),1.52,1.65,-0.32
42.868,2,Ceiling_log_3m (20),1.52,1.64,-0.32
42.909,2,Ceiling_log_3m (20),1.52,1.65,-0.32
42.938,2,Ceiling_log_3m (20),1.52,1.66,-0.31
42.979,2,Ceiling_log_3m (20),1.52,1.66,-0.31
43.007,2,Wall_3mx20cm_Wood_Panels (2),1.53,1.66,-0.31
43.035,2,Wall_3mx20cm_Wood_Panels (2),1.53,1.66,-0.31
43.077,2,Wall_3mx20cm_Wood_Panels (2),1.54,1.66,-0.31
43.105,2,Wall_3mx20cm_Wood_Panels (2),1.54,1.66,-0.31
43.146,2,Wall_3mx20cm_Wood_Panels (2),1.54,1.66,-0.31
43.174,2,Wall_3mx20cm_Wood_Panels (2),1.54,1.67,-0.31
43.202,2,Wall_3mx20cm_Wood_Panels (2),1.54,1.68,-0.31
43.244,2,Wall_3mx20cm_Wood_Panels (2),1.54,1.68,-0.31
43.272,2,Wall_3mx20cm_Wood_Panels (2),1.54,1.69,-0.31
43.313,2,Wall_3mx20cm_Wood_Panels (2),1.56,1.68,-0.31
43.341,2,Wall_3mx20cm_Wood_Panels (2),1.54,1.69,-0.31
43.369,2,Ceiling_3x3m (7),1.55,1.70,-0.31
43.411,2,Ceiling_3x3m (7),1.58,1.70,-0.32
43.439,2,Ceiling_3x3m (7),1.59,1.70,-0.32
43.466,2,Ceiling_3x3m (7),1.59,1.70,-0.32
43.508,2,Wall_3mx20cm_Wood_Panels (2),1.60,1.69,-0.31
43.536,2,Wall_3mx20cm_Wood_Panels (2),1.62,1.69,-0.31
43.578,2,Wall_3mx20cm_Wood_Panels (2),1.64,1.68,-0.31
43.606,2,Wall_3mx20cm_Wood_Panels (2),1.66,1.67,-0.31
43.634,2,Wall_3mx20cm_Wood_Panels (2),1.66,1.67,-0.31
43.676,2,Wall_3mx20cm_Wood_Panels (2),1.66,1.66,-0.31
43.703,2,Wall_3mx20cm_Wood_Panels (2),1.65,1.67,-0.31
43.745,2,Wall_3mx20cm_Wood_Panels (2),1.63,1.67,-0.31
43.773,2,Wall_3mx20cm_Wood_Panels (2),1.63,1.66,-0.31
43.801,2,Wall_3mx20cm_Wood_Panels (2),1.62,1.66,-0.31
43.842,2,Wall_3mx20cm_Wood_Panels (2),1.61,1.67,-0.31
43.871,2,Wall_3mx20cm_Wood_Panels (2),1.61,1.67,-0.31
43.912,2,Wall_3mx20cm_Wood_Panels (2),1.62,1.66,-0.31
43.940,2,Wall_3mx20cm_Wood_Panels (2),1.62,1.66,-0.31
43.968,2,Wall_3mx20cm_Wood_Panels (2),1.63,1.66,-0.31
44.009,2,Wall_3mx20cm_Wood_Panels (2),1.64,1.65,-0.31
44.038,2,Wall_3mx20cm_Wood_Panels (2),1.65,1.66,-0.31
44.079,2,Wall_3mx20cm_Wood_Panels (2),1.67,1.64,-0.31
44.108,2,Wall_3mx20cm_Wood_Panels (2),1.67,1.63,-0.31
44.135,2,Wall_3mx20cm_Wood_Panels (2),1.67,1.63,-0.31
44.177,2,Wall_3mx20cm_Wood_Panels (2),1.66,1.64,-0.31
44.205,2,Wall_3mx20cm_Wood_Panels (2),1.64,1.65,-0.31
44.247,2,Wall_3mx20cm_Wood_Panels (2),1.63,1.66,-0.31
44.274,2,Wall_3mx20cm_Wood_Panels (2),1.62,1.67,-0.31
44.302,2,Wall_3mx20cm_Wood_Panels (2),1.62,1.67,-0.31
44.344,2,Wall_3mx20cm_Wood_Panels (2),1.63,1.67,-0.31
44.372,2,Wall_3mx20cm_Wood_Panels (2),1.63,1.67,-0.31
44.400,2,Wall_3mx20cm_Wood_Panels (2),1.64,1.67,-0.31
44.441,2,Wall_3mx20cm_Wood_Panels (2),1.64,1.67,-0.31
44.469,2,Wall_3mx20cm_Wood_Panels (2),1.64,1.66,-0.31
44.511,2,Wall_3mx20cm_Wood_Panels (2),1.64,1.67,-0.31
44.538,2,Wall_3mx20cm_Wood_Panels (2),1.64,1.67,-0.31
44.566,2,Wall_3mx20cm_Wood_Panels (2),1.63,1.68,-0.31
44.608,2,Wall_3mx20cm_Wood_Panels (2),1.62,1.69,-0.31
44.636,2,Wall_3mx20cm_Wood_Panels (2),1.62,1.70,-0.31
44.678,2,Ceiling_3x3m (7),1.63,1.70,-0.31
44.705,2,Ceiling_3x3m (7),1.63,1.70,-0.31
44.733,2,Ceiling_3x3m (7),1.64,1.70,-0.31
44.775,2,Wall_3mx20cm_Wood_Panels (2),1.65,1.69,-0.31
44.803,2,Wall_3mx20cm_Wood_Panels (2),1.67,1.69,-0.31
44.845,2,Wall_3mx20cm_Wood_Panels (2),1.67,1.69,-0.31
44.872,2,Wall_3mx20cm_Wood_Panels (2),1.68,1.70,-0.31
44.901,2,Wall_3mx20cm_Wood_Panels (2),1.68,1.69,-0.31
44.943,2,Wall_3mx20cm_Wood_Panels (2),1.68,1.68,-0.31
44.970,2,Wall_3mx20cm_Wood_Panels (2),1.70,1.67,-0.31
45.013,2,Wall_3mx20cm_Wood_Panels (2),1.70,1.67,-0.31
45.040,2,Wall_3mx20cm_Wood_Panels (2),1.69,1.68,-0.31
45.068,2,Wall_3mx20cm_Wood_Panels (2),1.69,1.69,-0.31
45.109,2,Wall_3mx20cm_Wood_Panels (2),1.68,1.69,-0.31
45.137,2,Wall_3mx20cm_Wood_Panels (2),1.69,1.69,-0.31
45.179,2,Wall_3mx20cm_Wood_Panels (2),1.71,1.68,-0.31
45.207,2,Wall_3mx20cm_Wood_Panels (2),1.72,1.68,-0.31
45.235,2,Wall_3mx20cm_Wood_Panels (2),1.74,1.67,-0.31
45.277,2,Wall_3mx20cm_Wood_Panels (2),1.75,1.66,-0.31
45.304,2,Wall_3mx20cm_Wood_Panels (2),1.76,1.66,-0.31
45.346,2,Wall_3mx20cm_Wood_Panels (2),1.76,1.66,-0.31
45.374,2,Wall_3mx20cm_Wood_Panels (2),1.75,1.66,-0.31
45.402,2,Wall_3mx20cm_Wood_Panels (2),1.76,1.66,-0.31
45.443,2,Wall_3mx20cm_Wood_Panels (2),1.75,1.66,-0.31
45.471,2,Wall_3mx20cm_Wood_Panels (2),1.75,1.66,-0.31
45.513,2,Wall_3mx20cm_Wood_Panels (2),1.74,1.68,-0.31
45.540,2,Wall_3mx20cm_Wood_Panels (2),1.73,1.68,-0.31
45.569,2,Wall_3mx20cm_Wood_Panels (2),1.73,1.68,-0.31
45.611,2,Wall_3mx20cm_Wood_Panels (2),1.73,1.69,-0.31
45.638,2,Wall_3mx20cm_Wood_Panels (2),1.74,1.69,-0.31
45.681,2,Ceiling_3x3m (7),1.74,1.70,-0.32
45.708,2,Ceiling_3x3m (7),1.73,1.70,-0.31
45.736,2,Ceiling_3x3m (7),1.73,1.70,-0.31
45.778,2,Ceiling_3x3m (7),1.73,1.70,-0.31
45.805,2,Wall_3mx20cm_Wood_Panels (2),1.74,1.69,-0.31
45.833,2,Ceiling_3x3m (7),1.74,1.70,-0.31
45.876,2,Ceiling_3x3m (7),1.75,1.70,-0.32
45.903,2,Ceiling_3x3m (7),1.76,1.70,-0.33
45.945,2,Ceiling_3x3m (7),1.77,1.70,-0.33
45.973,2,Ceiling_3x3m (7),1.77,1.70,-0.33
46.000,2,Ceiling_3x3m (7),1.78,1.70,-0.33
46.042,2,Ceiling_3x3m (7),1.79,1.70,-0.33
46.070,2,Ceiling_3x3m (7),1.78,1.70,-0.33
46.112,2,Ceiling_3x3m (7),1.78,1.70,-0.32
46.140,2,Ceiling_3x3m (7),1.77,1.70,-0.32
46.168,2,Ceiling_3x3m (7),1.77,1.70,-0.32
46.209,2,Ceiling_3x3m (7),1.77,1.70,-0.31
46.237,2,Ceiling_3x3m (7),1.77,1.70,-0.31
46.279,2,Ceiling_3x3m (7),1.77,1.70,-0.32
46.307,2,Ceiling_3x3m (7),1.78,1.70,-0.32
46.334,2,Ceiling_3x3m (7),1.79,1.70,-0.32
46.376,2,Ceiling_3x3m (7),1.81,1.70,-0.33
46.405,2,Ceiling_3x3m (7),1.81,1.70,-0.33
46.447,2,Ceiling_3x3m (7),1.82,1.70,-0.33
46.474,2,Ceiling_3x3m (7),1.83,1.70,-0.34
46.502,2,Ceiling_3x3m (7),1.83,1.70,-0.34
46.544,2,Ceiling_3x3m (7),1.86,1.70,-0.34
46.571,2,Ceiling_3x3m (7),1.85,1.70,-0.34
46.613,2,Ceiling_3x3m (7),1.86,1.70,-0.34
46.641,2,Ceiling_3x3m (7),1.87,1.70,-0.33
46.668,2,Ceiling_3x3m (7),1.87,1.70,-0.33
46.710,2,Ceiling_3x3m (7),1.88,1.70,-0.34
46.738,2,Ceiling_3x3m (7),1.89,1.70,-0.35
46.780,2,Ceiling_3x3m (7),1.90,1.70,-0.35
46.808,2,Ceiling_3x3m (7),1.90,1.70,-0.35
46.836,2,Ceiling_3x3m (7),1.90,1.70,-0.35
46.878,2,Ceiling_3x3m (7),1.90,1.70,-0.36
46.905,2,Ceiling_3x3m (7),1.89,1.70,-0.36
46.933,2,Ceiling_3x3m (7),1.90,1.70,-0.37
46.975,2,Ceiling_3x3m (7),1.89,1.70,-0.37
47.003,2,Ceiling_3x3m (7),1.89,1.70,-0.38
47.045,2,Ceiling_3x3m (7),1.89,1.70,-0.39
47.073,2,Ceiling_3x3m (7),1.89,1.70,-0.41
47.100,2,Ceiling_3x3m (7),1.88,1.70,-0.43
47.143,2,Ceiling_3x3m (7),1.88,1.70,-0.46
47.170,2,Ceiling_3x3m (7),1.87,1.70,-0.48
47.212,2,Ceiling_3x3m (7),1.89,1.70,-0.53
47.239,2,Ceiling_3x3m (7),1.90,1.70,-0.55
47.268,2,Ceiling_3x3m (7),1.90,1.70,-0.57
47.309,2,Ceiling_3x3m (7),1.91,1.70,-0.59
47.337,2,Ceiling_3x3m (7),1.92,1.70,-0.61
47.379,2,Ceiling_3x3m (7),1.93,1.70,-0.62
47.407,2,Ceiling_3x3m (7),1.94,1.70,-0.62
47.435,2,Ceiling_3x3m (7),1.94,1.70,-0.62
47.476,2,Ceiling_3x3m (7),1.95,1.70,-0.62
47.504,2,Ceiling_3x3m (7),1.95,1.70,-0.62
47.546,2,Ceiling_3x3m (7),1.96,1.70,-0.62
47.574,2,Ceiling_3x3m (7),1.96,1.70,-0.62
47.602,2,Ceiling_3x3m (7),1.97,1.70,-0.61
47.644,2,Ceiling_3x3m (7),1.98,1.70,-0.62
47.671,2,Ceiling_3x3m (7),1.99,1.70,-0.61
47.713,2,Ceiling_3x3m (7),1.99,1.70,-0.61
47.741,2,Ceiling_log_3m (21),2.36,1.50,-0.70
47.769,2,Ceiling_log_3m (21),2.37,1.50,-0.70
47.810,2,Ceiling_log_3m (21),2.37,1.50,-0.70
47.838,2,Ceiling_log_3m (21),2.38,1.50,-0.70
47.880,2,Ceiling_log_3m (21),2.38,1.50,-0.70
47.908,2,Ceiling_log_3m (21),2.38,1.50,-0.69
47.936,2,Ceiling_log_3m (21),2.38,1.50,-0.69
47.977,2,Ceiling_log_3m (21),2.37,1.50,-0.69
48.006,2,Ceiling_log_3m (21),2.36,1.50,-0.69
48.033,2,Ceiling_log_3m (21),2.36,1.50,-0.68
48.075,2,Ceiling_log_3m (21),2.36,1.50,-0.68
48.103,2,Ceiling_3x3m (7),1.99,1.70,-0.57
48.144,2,Ceiling_log_3m (21),2.37,1.50,-0.67
48.173,2,Ceiling_log_3m (21),2.38,1.50,-0.68
48.200,2,Ceiling_log_3m (21),2.40,1.50,-0.68
48.242,2,Ceiling_log_3m (21),2.40,1.50,-0.68
48.270,2,Ceiling_log_3m (21),2.40,1.50,-0.67
48.312,2,Ceiling_log_3m (21),2.39,1.50,-0.67
48.339,2,Ceiling_log_3m (21),2.39,1.50,-0.67
48.367,2,Ceiling_log_3m (21),2.39,1.50,-0.67
48.409,2,Ceiling_log_3m (21),2.39,1.50,-0.68
48.437,2,Ceiling_log_3m (21),2.38,1.50,-0.68
48.479,2,Ceiling_log_3m (21),2.38,1.50,-0.69
48.506,2,Ceiling_log_3m (21),2.38,1.50,-0.69
48.535,2,Ceiling_log_3m (21),2.38,1.50,-0.69
48.576,2,Ceiling_log_3m (21),2.38,1.50,-0.68
48.603,2,Ceiling_log_3m (21),2.38,1.50,-0.67
48.646,2,Ceiling_log_3m (21),2.37,1.50,-0.67
48.674,2,Ceiling_log_3m (21),2.37,1.50,-0.66
48.702,2,Ceiling_log_3m (21),2.36,1.50,-0.66
48.743,2,Ceiling_3x3m (7),1.98,1.70,-0.55
48.771,2,Ceiling_3x3m (7),1.97,1.70,-0.55
48.813,2,Ceiling_3x3m (7),1.96,1.70,-0.55
48.841,2,Ceiling_3x3m (7),1.96,1.70,-0.55
48.869,2,Ceiling_3x3m (7),1.96,1.70,-0.55
48.910,2,Ceiling_3x3m (7),1.96,1.70,-0.55
48.938,2,Ceiling_3x3m (7),1.96,1.70,-0.54
48.980,2,Ceiling_3x3m (7),1.96,1.70,-0.54
49.008,2,Ceiling_3x3m (7),1.97,1.70,-0.54
49.036,2,Ceiling_3x3m (7),1.97,1.70,-0.54
49.077,2,Ceiling_3x3m (7),1.99,1.70,-0.54
49.105,2,Ceiling_3x3m (7),1.98,1.70,-0.53
49.133,2,Ceiling_3x3m (7),1.98,1.70,-0.53
49.175,2,Ceiling_3x3m (7),1.98,1.70,-0.52
49.203,2,Ceiling_3x3m (7),1.99,1.70,-0.52
49.245,2,Ceiling_log_3m (21),2.36,1.50,-0.62
49.271,2,Ceiling_log_3m (21),2.37,1.50,-0.62
49.300,2,Ceiling_log_3m (21),2.37,1.50,-0.63
49.342,2,Ceiling_log_3m (21),2.38,1.50,-0.63
49.370,2,Ceiling_log_3m (21),2.38,1.50,-0.63
49.411,2,Ceiling_log_3m (21),2.38,1.50,-0.63
49.439,2,Ceiling_log_3m (21),2.38,1.50,-0.63
49.467,2,Ceiling_log_3m (21),2.38,1.50,-0.62
49.509,2,Ceiling_log_3m (21),2.37,1.50,-0.62
49.537,2,Ceiling_log_3m (21),2.36,1.50,-0.61
49.579,2,Ceiling_3x3m (7),1.99,1.70,-0.49
49.606,2,Ceiling_3x3m (7),1.98,1.70,-0.49
49.635,2,Ceiling_3x3m (7),1.97,1.70,-0.48
49.676,2,Ceiling_3x3m (7),1.97,1.70,-0.48
49.704,2,Ceiling_3x3m (7),1.97,1.70,-0.48
49.746,2,Ceiling_3x3m (7),1.96,1.70,-0.47
49.773,2,Ceiling_3x3m (7),1.96,1.70,-0.46
49.802,2,Ceiling_3x3m (7),1.96,1.70,-0.46
49.843,2,Ceiling_3x3m (7),1.97,1.70,-0.46
49.871,2,Ceiling_3x3m (7),1.96,1.70,-0.45
49.913,2,Ceiling_3x3m (7),1.97,1.70,-0.45
49.940,2,Ceiling_3x3m (7),1.96,1.70,-0.44
49.968,2,Ceiling_3x3m (7),1.95,1.70,-0.43
50.010,2,Ceiling_3x3m (7),1.93,1.70,-0.41
50.038,2,Ceiling_3x3m (7),1.93,1.70,-0.41
50.066,2,Ceiling_3x3m (7),1.93,1.70,-0.41
50.108,2,Ceiling_3x3m (7),1.93,1.70,-0.40
50.135,2,Ceiling_3x3m (7),1.92,1.70,-0.40
50.177,2,Ceiling_3x3m (7),1.93,1.70,-0.40
50.205,2,Ceiling_3x3m (7),1.92,1.70,-0.40
50.233,2,Ceiling_3x3m (7),1.92,1.70,-0.40
50.274,2,Ceiling_3x3m (7),1.92,1.70,-0.40
50.303,2,Ceiling_3x3m (7),1.91,1.70,-0.40
50.344,2,Ceiling_3x3m (7),1.90,1.70,-0.39
50.372,2,Ceiling_3x3m (7),1.89,1.70,-0.39
50.400,2,Ceiling_3x3m (7),1.88,1.70,-0.39
50.441,2,Ceiling_3x3m (7),1.86,1.70,-0.38
50.469,2,Ceiling_3x3m (7),1.86,1.70,-0.38
50.511,2,Ceiling_3x3m (7),1.85,1.70,-0.38
50.539,2,Ceiling_3x3m (7),1.84,1.70,-0.38
50.567,2,Ceiling_3x3m (7),1.84,1.70,-0.38
50.608,2,Ceiling_3x3m (7),1.84,1.70,-0.37
50.636,2,Ceiling_3x3m (7),1.84,1.70,-0.37
50.678,2,Ceiling_3x3m (7),1.84,1.70,-0.36
50.706,2,Ceiling_3x3m (7),1.84,1.70,-0.36
50.735,2,Ceiling_3x3m (7),1.83,1.70,-0.36
50.776,2,Ceiling_3x3m (7),1.84,1.70,-0.36
50.803,2,Ceiling_3x3m (7),1.84,1.70,-0.36
50.845,2,Ceiling_3x3m (7),1.82,1.70,-0.35
50.873,2,Ceiling_3x3m (7),1.82,1.70,-0.35
50.901,2,Ceiling_3x3m (7),1.82,1.70,-0.35
50.943,2,Ceiling_3x3m (7),1.83,1.70,-0.35
50.971,2,Ceiling_3x3m (7),1.83,1.70,-0.35
51.013,2,Ceiling_3x3m (7),1.84,1.70,-0.34
51.040,2,Ceiling_3x3m (7),1.85,1.70,-0.34
51.068,2,Ceiling_3x3m (7),1.86,1.70,-0.34
51.110,2,Ceiling_3x3m (7),1.86,1.70,-0.34
51.138,2,Ceiling_3x3m (7),1.86,1.70,-0.34
51.179,2,Ceiling_3x3m (7),1.86,1.70,-0.33
51.207,2,Ceiling_3x3m (7),1.86,1.70,-0.33
51.235,2,Ceiling_3x3m (7),1.85,1.70,-0.33
51.277,2,Ceiling_3x3m (7),1.84,1.70,-0.33
51.305,2,Ceiling_3x3m (7),1.84,1.70,-0.33
51.333,2,Ceiling_3x3m (7),1.83,1.70,-0.32
51.375,2,Ceiling_3x3m (7),1.82,1.70,-0.32
51.402,2,Ceiling_3x3m (7),1.80,1.70,-0.32
51.444,2,Ceiling_3x3m (7),1.80,1.70,-0.31
51.472,2,Ceiling_3x3m (7),1.80,1.70,-0.31
51.500,2,Ceiling_3x3m (7),1.80,1.70,-0.31
51.542,2,Ceiling_3x3m (7),1.80,1.70,-0.32
51.569,2,Ceiling_3x3m (7),1.81,1.70,-0.32
51.611,2,Ceiling_3x3m (7),1.81,1.70,-0.32
51.639,2,Ceiling_3x3m (7),1.82,1.70,-0.32
51.667,2,Ceiling_3x3m (7),1.84,1.70,-0.33
51.709,2,Ceiling_3x3m (7),1.82,1.70,-0.33
51.737,2,Ceiling_3x3m (7),1.81,1.70,-0.33
51.778,2,Ceiling_3x3m (7),1.81,1.70,-0.33
51.806,2,Ceiling_3x3m (7),1.81,1.70,-0.33
51.834,2,Ceiling_3x3m (7),1.81,1.70,-0.34
51.876,2,Ceiling_3x3m (7),1.81,1.70,-0.34
51.903,2,Ceiling_3x3m (7),1.81,1.70,-0.35
51.945,2,Ceiling_3x3m (7),1.81,1.70,-0.35
51.973,2,Ceiling_3x3m (7),1.81,1.70,-0.35
52.001,2,Ceiling_3x3m (7),1.81,1.70,-0.35
52.042,2,Ceiling_3x3m (7),1.80,1.70,-0.34
52.070,2,Ceiling_3x3m (7),1.79,1.70,-0.34
52.112,2,Ceiling_3x3m (7),1.78,1.70,-0.34
52.141,2,Ceiling_3x3m (7),1.77,1.70,-0.33
52.168,2,Ceiling_3x3m (7),1.76,1.70,-0.33
52.210,2,Ceiling_3x3m (7),1.74,1.70,-0.32
52.238,2,Ceiling_3x3m (7),1.73,1.70,-0.32
52.280,2,Ceiling_3x3m (7),1.72,1.70,-0.32
52.312,2,Ceiling_3x3m (7),1.71,1.70,-0.32
52.352,2,Ceiling_3x3m (7),1.70,1.70,-0.32
52.367,2,Ceiling_3x3m (7),1.70,1.70,-0.32
52.422,2,Ceiling_3x3m (7),1.71,1.70,-0.32
52.437,2,Ceiling_3x3m (7),1.71,1.70,-0.32
52.475,2,Ceiling_3x3m (7),1.71,1.70,-0.32
52.502,2,Ceiling_3x3m (7),1.72,1.70,-0.32
52.544,2,Ceiling_3x3m (7),1.72,1.70,-0.32
52.571,2,Ceiling_3x3m (7),1.74,1.70,-0.33
52.613,2,Ceiling_3x3m (7),1.73,1.70,-0.32
52.641,2,Ceiling_3x3m (7),1.73,1.70,-0.32
52.669,2,Ceiling_3x3m (7),1.72,1.70,-0.31
52.711,2,Ceiling_3x3m (7),1.73,1.70,-0.32
52.739,2,Ceiling_3x3m (7),1.74,1.70,-0.33
52.767,2,Ceiling_3x3m (7),1.75,1.70,-0.34
52.809,2,Ceiling_3x3m (7),1.76,1.70,-0.34
52.836,2,Ceiling_3x3m (7),1.79,1.70,-0.35
52.878,2,Ceiling_3x3m (7),1.82,1.70,-0.35
52.906,2,Ceiling_3x3m (7),1.83,1.70,-0.35
52.934,2,Ceiling_3x3m (7),1.86,1.70,-0.36
52.976,2,Ceiling_3x3m (7),1.89,1.70,-0.37
53.003,2,Ceiling_3x3m (7),1.91,1.70,-0.37
53.045,2,Ceiling_3x3m (7),1.92,1.70,-0.37
53.073,2,Ceiling_3x3m (7),1.93,1.70,-0.37
53.101,2,Ceiling_3x3m (7),1.93,1.70,-0.37
53.143,2,Ceiling_3x3m (7),1.92,1.70,-0.37
53.171,2,Ceiling_3x3m (7),1.92,1.70,-0.37
53.212,2,Ceiling_3x3m (7),1.92,1.70,-0.37
53.240,2,Ceiling_3x3m (7),1.92,1.70,-0.38
53.268,2,Ceiling_3x3m (7),1.93,1.70,-0.38
53.310,2,Ceiling_3x3m (7),1.95,1.70,-0.38
53.338,2,Ceiling_3x3m (7),1.96,1.70,-0.38
53.379,2,Ceiling_3x3m (7),1.97,1.70,-0.38
53.407,2,Ceiling_3x3m (7),1.97,1.70,-0.38
53.435,2,Ceiling_3x3m (7),1.97,1.70,-0.37
53.477,2,Ceiling_3x3m (7),1.97,1.70,-0.36
53.505,2,Ceiling_3x3m (7),1.95,1.70,-0.35
53.546,2,Ceiling_3x3m (7),1.96,1.70,-0.35
53.574,2,Ceiling_3x3m (7),1.99,1.70,-0.35
53.602,2,Ceiling_log_3m (21),2.39,1.50,-0.46
53.644,2,Ceiling_log_3m (21),2.45,1.50,-0.46
53.671,2,Ceiling_log_3m (21),2.46,1.51,-0.45
53.700,2,Ceiling_log_3m (21),2.46,1.53,-0.43
53.741,2,Ceiling_log_3m (21),2.46,1.54,-0.41
53.769,2,Ceiling_log_3m (21),2.46,1.54,-0.40
53.811,2,Ceiling_log_3m (21),2.46,1.55,-0.39
53.838,2,Ceiling_log_3m (21),2.46,1.56,-0.39
53.880,2,Ceiling_log_3m (21),2.46,1.57,-0.40
53.908,2,Ceiling_log_3m (21),2.46,1.57,-0.40
53.936,2,Ceiling_log_3m (21),2.46,1.57,-0.40
53.978,2,Ceiling_log_3m (21),2.46,1.57,-0.39
54.005,2,Ceiling_log_3m (21),2.46,1.57,-0.39
54.034,2,Ceiling_log_3m (21),2.46,1.57,-0.38
54.076,2,Ceiling_log_3m (21),2.46,1.58,-0.37
54.103,2,Ceiling_log_3m (21),2.46,1.59,-0.37
54.145,2,Ceiling_log_3m (21),2.46,1.59,-0.37
54.173,2,Ceiling_log_3m (21),2.46,1.61,-0.37
54.201,2,Ceiling_log_3m (21),2.46,1.62,-0.36
54.243,2,Ceiling_log_3m (21),2.46,1.64,-0.36
54.270,2,Ceiling_log_3m (21),2.46,1.66,-0.36
54.312,2,Ceiling_3x3m (7),2.51,1.70,-0.38
54.340,2,Ceiling_3x3m (7),2.56,1.70,-0.40
54.368,2,Ceiling_3x3m (7),2.59,1.70,-0.42
54.410,2,Ceiling_3x3m (7),2.62,1.70,-0.43
54.437,2,Ceiling_3x3m (7),2.60,1.70,-0.42
54.479,2,Ceiling_3x3m (7),2.57,1.70,-0.40
54.507,2,Ceiling_3x3m (7),2.56,1.70,-0.38
54.535,2,Ceiling_3x3m (7),2.59,1.70,-0.38
54.576,2,Ceiling_3x3m (7),2.58,1.70,-0.36
54.604,2,Ceiling_3x3m (7),2.56,1.70,-0.34
54.633,2,Ceiling_3x3m (7),2.54,1.70,-0.33
54.674,2,Wall_3mx20cm_Wood_Panels (2),2.52,1.69,-0.31
54.702,2,Wall_3mx20cm_Wood_Panels (2),2.53,1.67,-0.31
54.744,2,Wall_3mx20cm_Wood_Panels (2),2.56,1.67,-0.31
54.772,2,Wall_3mx20cm_Wood_Panels (2),2.58,1.66,-0.31
54.813,2,Wall_3mx20cm_Wood_Panels (2),2.59,1.63,-0.31
54.841,2,Wall_3mx20cm_Wood_Panels (2),2.60,1.63,-0.31
54.869,2,Wall_3mx20cm_Wood_Panels (2),2.61,1.62,-0.31
54.911,2,Wall_3mx20cm_Wood_Panels (2),2.61,1.61,-0.31
54.939,2,Wall_3mx20cm_Wood_Panels (2),2.61,1.61,-0.31
54.967,2,Wall_3mx20cm_Wood_Panels (2),2.61,1.61,-0.31
55.008,2,Wall_3mx20cm_Wood_Panels (2),2.62,1.60,-0.31
55.036,2,Wall_3mx20cm_Wood_Panels (2),2.63,1.59,-0.31
55.078,2,Wall_3mx20cm_Wood_Panels (2),2.65,1.58,-0.31
55.106,2,Wall_3mx20cm_Wood_Panels (2),2.65,1.57,-0.31
55.133,2,Wall_3mx20cm_Wood_Panels (2),2.65,1.58,-0.31
55.175,2,Wall_3mx20cm_Wood_Panels (2),2.65,1.58,-0.31
55.203,2,Wall_3mx20cm_Wood_Panels (2),2.65,1.58,-0.31
55.245,2,Wall_3mx20cm_Wood_Panels (2),2.64,1.56,-0.31
55.273,2,Wall_3mx20cm_Wood_Panels (2),2.64,1.57,-0.31
55.300,2,Wall_3mx20cm_Wood_Panels (2),2.63,1.58,-0.31
55.342,2,Wall_3mx20cm_Wood_Panels (2),2.63,1.59,-0.31
55.370,2,Wall_3mx20cm_Wood_Panels (2),2.62,1.60,-0.31
55.412,2,Wall_3mx20cm_Wood_Panels (2),2.62,1.61,-0.31
55.440,2,Wall_3mx20cm_Wood_Panels (2),2.63,1.61,-0.31
55.467,2,Wall_3mx20cm_Wood_Panels (2),2.63,1.61,-0.31
55.510,2,Wall_3mx20cm_Wood_Panels (2),2.62,1.60,-0.31
55.537,2,Wall_3mx20cm_Wood_Panels (2),2.62,1.61,-0.31
55.579,2,Wall_3mx20cm_Wood_Panels (2),2.61,1.60,-0.31
55.607,2,Wall_3mx20cm_Wood_Panels (2),2.61,1.60,-0.31
55.635,2,Wall_3mx20cm_Wood_Panels (2),2.61,1.60,-0.31
55.676,2,Wall_3mx20cm_Wood_Panels (2),2.61,1.60,-0.31
55.704,2,Wall_3mx20cm_Wood_Panels (2),2.61,1.60,-0.31
55.746,2,Wall_3mx20cm_Wood_Panels (2),2.60,1.61,-0.31
55.774,2,Wall_3mx20cm_Wood_Panels (2),2.60,1.62,-0.31
55.802,2,Wall_3mx20cm_Wood_Panels (2),2.60,1.62,-0.31
55.843,2,Wall_3mx20cm_Wood_Panels (2),2.59,1.63,-0.31
55.871,2,Wall_3mx20cm_Wood_Panels (2),2.58,1.63,-0.31
55.913,2,Wall_3mx20cm_Wood_Panels (2),2.57,1.64,-0.31
55.941,2,Wall_3mx20cm_Wood_Panels (2),2.57,1.65,-0.31
55.969,2,Wall_3mx20cm_Wood_Panels (2),2.56,1.65,-0.31
56.010,2,Wall_3mx20cm_Wood_Panels (2),2.54,1.68,-0.31
56.038,2,Wall_3mx20cm_Wood_Panels (2),2.55,1.68,-0.31
56.066,2,Wall_3mx20cm_Wood_Panels (2),2.56,1.68,-0.31
56.108,2,Wall_3mx20cm_Wood_Panels (2),2.56,1.68,-0.31
56.136,2,Wall_3mx20cm_Wood_Panels (2),2.57,1.68,-0.31
56.177,2,Ceiling_3x3m (7),2.57,1.70,-0.31
56.205,2,Ceiling_3x3m (7),2.57,1.70,-0.31
56.233,2,Wall_3mx20cm_Wood_Panels (2),2.56,1.69,-0.31
56.275,2,Wall_3mx20cm_Wood_Panels (2),2.54,1.69,-0.31
56.302,2,Ceiling_3x3m (7),2.53,1.70,-0.31
56.344,2,Ceiling_3x3m (7),2.53,1.70,-0.32
56.372,2,Ceiling_3x3m (7),2.51,1.70,-0.32
56.400,2,Ceiling_3x3m (7),2.52,1.70,-0.32
56.442,2,Wall_3mx20cm_Wood_Panels (2),2.47,1.69,-0.31
56.470,2,Wall_3mx20cm_Wood_Panels (2),2.47,1.69,-0.31
56.511,2,Wall_3mx20cm_Wood_Panels (2),2.48,1.68,-0.31
56.539,2,Wall_3mx20cm_Wood_Panels (2),2.48,1.67,-0.31
56.567,2,Wall_3mx20cm_Wood_Panels (2),2.49,1.68,-0.31
56.609,2,Wall_3mx20cm_Wood_Panels (2),2.50,1.68,-0.31
56.637,2,Wall_3mx20cm_Wood_Panels (2),2.50,1.67,-0.31
56.679,2,Wall_3mx20cm_Wood_Panels (2),2.50,1.69,-0.31
56.706,2,Wall_3mx20cm_Wood_Panels (2),2.49,1.69,-0.31
56.734,2,Ceiling_3x3m (7),2.49,1.70,-0.31
56.776,2,Ceiling_3x3m (7),2.50,1.70,-0.32
56.804,2,Ceiling_3x3m (7),2.48,1.70,-0.32
56.846,2,Ceiling_3x3m (7),2.47,1.70,-0.32
56.873,2,Ceiling_3x3m (7),2.48,1.70,-0.32
56.901,2,Ceiling_3x3m (7),2.48,1.70,-0.32
56.944,2,Ceiling_3x3m (7),2.49,1.70,-0.32
56.971,2,Ceiling_3x3m (7),2.49,1.70,-0.32
57.013,2,Ceiling_3x3m (7),2.49,1.70,-0.32
57.041,2,Wall_3mx20cm_Wood_Panels (2),2.49,1.69,-0.31
57.068,2,Ceiling_3x3m (7),2.50,1.70,-0.31
57.110,2,Wall_3mx20cm_Wood_Panels (2),2.51,1.70,-0.31
57.138,2,Wall_3mx20cm_Wood_Panels (2),2.51,1.69,-0.31
57.179,2,Wall_3mx20cm_Wood_Panels (2),2.52,1.69,-0.31
57.207,2,Wall_3mx20cm_Wood_Panels (2),2.53,1.68,-0.31
57.235,2,Wall_3mx20cm_Wood_Panels (2),2.55,1.67,-0.31
57.277,2,Wall_3mx20cm_Wood_Panels (2),2.56,1.67,-0.31
57.305,2,Wall_3mx20cm_Wood_Panels (2),2.57,1.66,-0.31
57.333,2,Wall_3mx20cm_Wood_Panels (2),2.58,1.65,-0.31
57.375,2,Wall_3mx20cm_Wood_Panels (2),2.58,1.65,-0.31
57.403,2,Wall_3mx20cm_Wood_Panels (2),2.58,1.66,-0.31
57.444,2,Wall_3mx20cm_Wood_Panels (2),2.56,1.67,-0.31
57.472,2,Wall_3mx20cm_Wood_Panels (2),2.55,1.67,-0.31
57.500,2,Wall_3mx20cm_Wood_Panels (2),2.55,1.65,-0.31
57.542,2,Wall_3mx20cm_Wood_Panels (2),2.54,1.66,-0.31
57.569,2,Wall_3mx20cm_Wood_Panels (2),2.54,1.66,-0.31
57.611,2,Wall_3mx20cm_Wood_Panels (2),2.54,1.67,-0.31
57.639,2,Wall_3mx20cm_Wood_Panels (2),2.53,1.67,-0.31
57.667,2,Wall_3mx20cm_Wood_Panels (2),2.52,1.65,-0.31
57.709,2,Wall_3mx20cm_Wood_Panels (2),2.51,1.65,-0.31
57.737,2,Wall_3mx20cm_Wood_Panels (2),2.51,1.65,-0.31
57.778,2,Wall_3mx20cm_Wood_Panels (2),2.52,1.64,-0.31
57.806,2,Wall_3mx20cm_Wood_Panels (2),2.52,1.64,-0.31
57.834,2,Wall_3mx20cm_Wood_Panels (2),2.53,1.66,-0.31
57.876,2,Wall_3mx20cm_Wood_Panels (2),2.55,1.63,-0.31
57.904,2,Wall_3mx20cm_Wood_Panels (2),2.55,1.63,-0.31
57.945,2,Wall_3mx20cm_Wood_Panels (2),2.56,1.63,-0.31
57.973,2,Wall_3mx20cm_Wood_Panels (2),2.57,1.63,-0.31
58.001,2,Wall_3mx20cm_Wood_Panels (2),2.56,1.64,-0.31
58.043,2,Wall_3mx20cm_Wood_Panels (2),2.55,1.64,-0.31
58.071,2,Wall_3mx20cm_Wood_Panels (2),2.55,1.65,-0.31
58.112,2,Wall_3mx20cm_Wood_Panels (2),2.55,1.64,-0.31
58.141,2,Wall_3mx20cm_Wood_Panels (2),2.55,1.65,-0.31
58.168,2,Wall_3mx20cm_Wood_Panels (2),2.56,1.65,-0.31
58.211,2,Wall_3mx20cm_Wood_Panels (2),2.57,1.66,-0.31
58.238,2,Wall_3mx20cm_Wood_Panels (2),2.57,1.67,-0.31
58.280,2,Wall_3mx20cm_Wood_Panels (2),2.57,1.68,-0.31
58.307,2,Wall_3mx20cm_Wood_Panels (2),2.57,1.68,-0.31
58.335,2,Wall_3mx20cm_Wood_Panels (2),2.56,1.68,-0.31
58.377,2,Ceiling_3x3m (7),2.55,1.70,-0.31
58.405,2,Wall_3mx20cm_Wood_Panels (2),2.55,1.69,-0.31
58.433,2,Wall_3mx20cm_Wood_Panels (2),2.53,1.69,-0.31
58.475,2,Ceiling_3x3m (7),2.52,1.70,-0.32
58.503,2,Ceiling_3x3m (7),2.51,1.70,-0.32
58.545,2,Ceiling_3x3m (7),2.51,1.70,-0.33
58.574,2,Ceiling_3x3m (7),2.53,1.70,-0.34
58.600,2,Ceiling_3x3m (7),2.52,1.70,-0.35
58.642,2,Ceiling_3x3m (7),2.46,1.70,-0.37
58.670,2,Ceiling_log_3m (21),2.46,1.69,-0.38
58.712,2,Ceiling_log_3m (21),2.46,1.67,-0.40
58.740,2,Ceiling_log_3m (21),2.46,1.67,-0.41
58.768,2,Ceiling_log_3m (21),2.46,1.66,-0.40
58.809,2,Ceiling_log_3m (21),2.46,1.65,-0.40
58.837,2,Ceiling_log_3m (21),2.46,1.65,-0.39
58.879,2,Ceiling_log_3m (21),2.46,1.66,-0.39
58.907,2,Ceiling_log_3m (21),2.46,1.66,-0.39
58.934,2,Ceiling_log_3m (21),2.46,1.66,-0.38
58.976,2,Ceiling_log_3m (21),2.46,1.67,-0.38
59.004,2,Ceiling_log_3m (21),2.46,1.68,-0.38
59.046,2,Ceiling_log_3m (21),2.46,1.67,-0.37
59.074,2,Ceiling_log_3m (21),2.46,1.68,-0.37
59.102,2,Ceiling_log_3m (21),2.46,1.68,-0.36
59.143,2,Ceiling_3x3m (7),2.46,1.70,-0.37
59.171,2,Ceiling_3x3m (7),2.47,1.70,-0.37
59.213,2,Ceiling_3x3m (7),2.50,1.70,-0.38
59.241,2,Ceiling_3x3m (7),2.48,1.70,-0.37
59.269,2,Ceiling_3x3m (7),2.50,1.70,-0.38
59.311,2,Ceiling_log_3m (21),2.46,1.69,-0.36
59.338,2,Ceiling_log_3m (21),2.46,1.68,-0.36
59.380,2,Ceiling_log_3m (21),2.46,1.68,-0.36
59.408,2,Ceiling_log_3m (21),2.46,1.67,-0.35
59.436,2,Ceiling_log_3m (21),2.46,1.68,-0.35
59.478,2,Ceiling_log_3m (21),2.46,1.68,-0.34
59.506,2,Ceiling_log_3m (21),2.46,1.67,-0.34
59.533,2,Ceiling_log_3m (21),2.46,1.67,-0.34
59.575,2,Ceiling_log_3m (21),2.46,1.68,-0.34
59.603,2,Ceiling_log_3m (21),2.46,1.69,-0.34
59.645,2,Ceiling_log_3m (21),2.46,1.60,-0.35
59.672,2,Ceiling_log_3m (21),2.46,1.51,-0.36
59.701,2,Wall_3mx20cm_Wood_Panels (2),2.29,1.53,-0.31
59.743,2,Wall_3mx20cm_Wood_Panels (2),2.25,1.50,-0.31
59.770,2,Wall_3mx20cm_Wood_Panels (2),2.24,1.49,-0.31
59.812,2,Wall_3mx20cm_Wood_Panels (2),2.19,1.48,-0.31
59.839,2,Wall_3mx20cm_Wood_Panels (2),2.16,1.46,-0.31
59.867,2,Wall_3mx20cm_Wood_Panels (2),2.14,1.46,-0.31
59.909,2,Wall_3mx20cm_Wood_Panels (2),2.13,1.47,-0.31
59.937,2,Wall_3mx20cm_Wood_Panels (2),2.12,1.47,-0.31
59.979,2,Wall_3mx20cm_Wood_Panels (2),2.12,1.47,-0.31
60.007,2,Wall_3mx20cm_Wood_Panels (2),2.13,1.47,-0.31
60.035,2,Wall_3mx20cm_Wood_Panels (2),2.13,1.46,-0.31
60.076,2,Wall_3mx20cm_Wood_Panels (2),2.13,1.41,-0.31
60.104,2,Wall_3mx20cm_Wood_Panels (2),2.15,1.40,-0.31
60.146,2,Wall_3mx20cm_Wood_Panels (2),2.18,1.41,-0.31
60.174,2,Wall_3mx20cm_Wood_Panels (2),2.18,1.40,-0.31
60.202,2,Wall_3mx20cm_Wood_Panels (2),2.16,1.39,-0.31
60.244,2,Wall_3mx20cm_Wood_Panels (2),2.16,1.40,-0.31
60.272,2,Wall_3mx20cm_Wood_Panels (2),2.17,1.41,-0.31
60.313,2,Wall_3mx20cm_Wood_Panels (2),2.21,1.39,-0.31
60.341,2,Wall_3mx20cm_Wood_Panels (2),2.22,1.39,-0.31
60.369,2,Wall_3mx20cm_Wood_Panels (2),2.24,1.41,-0.31
60.410,2,Wall_3mx20cm_Wood_Panels (2),2.26,1.42,-0.31
60.438,2,Wall_3mx20cm_Wood_Panels (2),2.26,1.43,-0.31
60.466,2,Wall_3mx20cm_Wood_Panels (2),2.25,1.44,-0.31
60.508,2,Wall_3mx20cm_Wood_Panels (2),2.26,1.45,-0.31
60.536,2,Wall_3mx20cm_Wood_Panels (2),2.25,1.47,-0.31
60.578,2,Wall_3mx20cm_Wood_Panels (2),2.23,1.51,-0.31
60.605,2,Wall_3mx20cm_Wood_Panels (2),2.20,1.53,-0.31
60.633,2,Wall_3mx20cm_Wood_Panels (2),2.19,1.51,-0.31
60.675,2,Wall_3mx20cm_Wood_Panels (2),2.19,1.46,-0.31
60.703,2,Wall_3mx20cm_Wood_Panels (2),2.18,1.44,-0.31
60.744,2,Wall_3mx20cm_Wood_Panels (2),2.18,1.43,-0.31
60.772,2,Wall_3mx20cm_Wood_Panels (2),2.18,1.42,-0.31
60.801,2,Wall_3mx20cm_Wood_Panels (2),2.18,1.43,-0.31
60.843,2,Wall_3mx20cm_Wood_Panels (2),2.16,1.45,-0.31
60.870,2,Wall_3mx20cm_Wood_Panels (2),2.14,1.45,-0.31
60.912,2,Wall_3mx20cm_Wood_Panels (2),2.14,1.46,-0.31
60.940,2,Wall_3mx20cm_Wood_Panels (2),2.14,1.47,-0.31
60.968,2,Wall_3mx20cm_Wood_Panels (2),2.16,1.47,-0.31
61.009,2,Wall_3mx20cm_Wood_Panels (2),2.17,1.44,-0.31
61.037,2,Wall_3mx20cm_Wood_Panels (2),2.19,1.43,-0.31
61.079,2,Wall_3mx20cm_Wood_Panels (2),2.21,1.42,-0.31
61.107,2,Wall_3mx20cm_Wood_Panels (2),2.22,1.41,-0.31
61.136,2,Wall_3mx20cm_Wood_Panels (2),2.24,1.39,-0.31
61.176,2,Wall_3mx20cm_Wood_Panels (2),2.25,1.39,-0.31
61.204,2,Wall_3mx20cm_Wood_Panels (2),2.26,1.39,-0.31
61.246,2,Wall_3mx20cm_Wood_Panels (2),2.25,1.40,-0.31
61.274,2,Wall_3mx20cm_Wood_Panels (2),2.25,1.42,-0.31
61.302,2,Wall_3mx20cm_Wood_Panels (2),2.24,1.44,-0.31
61.343,2,Wall_3mx20cm_Wood_Panels (2),2.26,1.43,-0.31
61.371,2,Wall_3mx20cm_Wood_Panels (2),2.25,1.42,-0.31
61.400,2,Wall_3mx20cm_Wood_Panels (2),2.24,1.41,-0.31
61.442,2,Wall_3mx20cm_Wood_Panels (2),2.22,1.40,-0.31
61.469,2,Wall_3mx20cm_Wood_Panels (2),2.20,1.40,-0.31
61.511,2,Wall_3mx20cm_Wood_Panels (2),2.20,1.41,-0.31
61.538,2,Wall_3mx20cm_Wood_Panels (2),2.19,1.41,-0.31
61.568,2,Wall_3mx20cm_Wood_Panels (2),2.19,1.42,-0.31
61.608,2,Wall_3mx20cm_Wood_Panels (2),2.20,1.42,-0.31
61.638,2,Wall_3mx20cm_Wood_Panels (2),2.21,1.42,-0.31
61.679,2,Wall_3mx20cm_Wood_Panels (2),2.22,1.43,-0.31
61.708,2,Wall_3mx20cm_Wood_Panels (2),2.23,1.46,-0.31
61.735,2,Wall_3mx20cm_Wood_Panels (2),2.24,1.46,-0.31
61.777,2,Wall_3mx20cm_Wood_Panels (2),2.26,1.49,-0.31
61.804,2,Wall_3mx20cm_Wood_Panels (2),2.26,1.48,-0.31
61.844,2,Wall_3mx20cm_Wood_Panels (2),2.23,1.46,-0.31
61.873,2,Wall_3mx20cm_Wood_Panels (2),2.21,1.44,-0.31
61.915,2,Wall_3mx20cm_Wood_Panels (2),2.24,1.43,-0.31
61.941,2,Wall_3mx20cm_Wood_Panels (2),2.24,1.42,-0.31
61.969,2,Wall_3mx20cm_Wood_Panels (2),2.24,1.43,-0.31
62.011,2,Wall_3mx20cm_Wood_Panels (2),2.24,1.44,-0.31
62.039,2,Wall_3mx20cm_Wood_Panels (2),2.22,1.47,-0.31
62.067,2,Wall_3mx20cm_Wood_Panels (2),2.19,1.49,-0.31
62.109,2,Wall_3mx20cm_Wood_Panels (2),2.16,1.47,-0.31
62.137,2,Wall_3mx20cm_Wood_Panels (2),2.14,1.48,-0.31
62.178,2,Wall_3mx20cm_Wood_Panels (2),2.16,1.45,-0.31
62.206,2,Wall_3mx20cm_Wood_Panels (2),2.19,1.45,-0.31
62.236,2,Wall_3mx20cm_Wood_Panels (2),2.21,1.45,-0.31
62.277,2,Wall_3mx20cm_Wood_Panels (2),2.23,1.43,-0.31
62.303,2,Wall_3mx20cm_Wood_Panels (2),2.24,1.42,-0.31
62.381,2,Wall_3mx20cm_Wood_Panels (2),2.22,1.43,-0.31
62.381,2,Wall_3mx20cm_Wood_Panels (2),2.22,1.43,-0.31
62.419,2,Wall_3mx20cm_Wood_Panels (2),2.19,1.45,-0.31
62.446,2,Wall_3mx20cm_Wood_Panels (2),2.15,1.47,-0.31
62.476,2,Wall_3mx20cm_Wood_Panels (2),2.13,1.48,-0.31
62.506,2,Wall_3mx20cm_Wood_Panels (2),2.10,1.50,-0.31
62.535,2,Wall_3mx20cm_Wood_Panels (2),2.11,1.48,-0.31
62.577,2,Wall_3mx20cm_Wood_Panels (2),2.11,1.49,-0.31
62.605,2,Wall_3mx20cm_Wood_Panels (2),2.13,1.48,-0.31
62.633,2,Wall_3mx20cm_Wood_Panels (2),2.14,1.48,-0.31
62.674,2,Wall_3mx20cm_Wood_Panels (2),2.14,1.47,-0.31
62.702,2,Wall_3mx20cm_Wood_Panels (2),2.12,1.47,-0.31
62.744,2,Wall_3mx20cm_Wood_Panels (2),2.08,1.51,-0.31
62.772,2,Wall_3mx20cm_Wood_Panels (2),2.05,1.51,-0.31
62.800,2,Wall_3mx20cm_Wood_Panels (2),2.03,1.52,-0.31
62.843,2,Wall_3mx20cm_Wood_Panels (2),2.01,1.55,-0.31
62.871,2,Wall_3mx20cm_Wood_Panels (2),2.01,1.56,-0.31
62.912,2,Wall_3mx20cm_Wood_Panels (2),2.02,1.56,-0.31
62.939,2,Wall_3mx20cm_Wood_Panels (2),2.04,1.58,-0.31
62.967,2,Wall_3mx20cm_Wood_Panels (2),2.06,1.58,-0.31
63.009,2,Wall_3mx20cm_Wood_Panels (2),2.07,1.56,-0.31
63.036,2,Wall_3mx20cm_Wood_Panels (2),2.05,1.56,-0.31
63.079,2,Wall_3mx20cm_Wood_Panels (2),2.03,1.61,-0.31
63.107,2,Wall_3mx20cm_Wood_Panels (2),2.02,1.61,-0.31
63.135,2,Wall_3mx20cm_Wood_Panels (2),2.00,1.62,-0.31
63.176,2,Wall_3mx20cm_Wood_Panels (2),1.97,1.67,-0.31
63.204,2,Wall_3mx20cm_Wood_Panels (2),1.96,1.68,-0.31
63.246,2,Wall_3mx20cm_Wood_Panels (2),1.96,1.68,-0.31
63.273,2,Wall_3mx20cm_Wood_Panels (2),1.96,1.69,-0.31
63.301,2,Wall_3mx20cm_Wood_Panels (2),1.97,1.68,-0.31
63.343,2,Wall_3mx20cm_Wood_Panels (2),1.97,1.66,-0.31
63.371,2,Wall_3mx20cm_Wood_Panels (2),1.97,1.64,-0.31
63.412,2,Wall_3mx20cm_Wood_Panels (2),1.97,1.63,-0.31
63.441,2,Wall_3mx20cm_Wood_Panels (2),1.96,1.63,-0.31
63.469,2,Wall_3mx20cm_Wood_Panels (2),1.95,1.64,-0.31
63.511,2,Wall_3mx20cm_Wood_Panels (2),1.94,1.63,-0.31
63.539,2,Wall_3mx20cm_Wood_Panels (2),1.93,1.63,-0.31
63.566,2,Wall_3mx20cm_Wood_Panels (2),1.92,1.64,-0.31
63.608,2,Wall_3mx20cm_Wood_Panels (2),1.92,1.63,-0.31
63.636,2,Wall_3mx20cm_Wood_Panels (2),1.93,1.63,-0.31
63.678,2,Wall_3mx20cm_Wood_Panels (2),1.95,1.63,-0.31
64.000,2,Ceiling_log_3m (21),2.43,1.50,-0.45
64.000,2,Ceiling_log_3m (21),2.43,1.50,-0.45
64.000,2,Ceiling_log_3m (21),2.43,1.50,-0.45
64.000,2,Ceiling_log_3m (21),2.43,1.50,-0.45
64.000,2,Ceiling_log_3m (21),2.43,1.50,-0.45
64.000,2,Ceiling_log_3m (21),2.43,1.50,-0.45
64.000,2,Ceiling_log_3m (21),2.43,1.50,-0.45
64.000,2,Ceiling_log_3m (21),2.43,1.50,-0.45
64.000,2,Ceiling_log_3m (21),2.43,1.50,-0.45
64.000,2,Ceiling_log_3m (21),2.43,1.50,-0.45
64.057,2,Ceiling_log_3m (21),2.44,1.50,-0.45
64.085,2,Ceiling_log_3m (21),2.43,1.50,-0.45
64.110,2,Ceiling_log_3m (21),2.46,1.50,-0.47
64.138,2,Ceiling_log_3m (21),2.44,1.50,-0.46
64.178,2,Ceiling_log_3m (21),2.43,1.50,-0.47
64.206,2,Ceiling_log_3m (21),2.46,1.51,-0.48
64.234,2,Ceiling_log_3m (21),2.46,1.54,-0.48
64.274,2,Ceiling_log_3m (21),2.46,1.55,-0.47
64.303,2,Ceiling_log_3m (21),2.46,1.53,-0.47
64.344,2,Ceiling_log_3m (21),2.46,1.55,-0.46
64.372,2,Ceiling_log_3m (21),2.46,1.54,-0.46
64.400,2,Ceiling_log_3m (21),2.46,1.52,-0.46
64.441,2,Ceiling_log_3m (21),2.42,1.50,-0.46
64.469,2,Ceiling_log_3m (21),2.37,1.50,-0.44
64.511,2,Ceiling_log_3m (21),2.39,1.50,-0.45
64.539,2,Ceiling_log_3m (21),2.45,1.50,-0.47
64.567,2,Ceiling_log_3m (21),2.43,1.50,-0.46
64.609,2,Ceiling_log_3m (21),2.42,1.50,-0.46
64.637,2,Ceiling_log_3m (21),2.43,1.50,-0.46
64.679,2,Ceiling_log_3m (21),2.42,1.50,-0.45
64.707,2,Ceiling_log_3m (21),2.42,1.50,-0.46
64.734,2,Ceiling_log_3m (21),2.45,1.50,-0.46
64.777,2,Ceiling_log_3m (21),2.46,1.52,-0.45
64.804,2,Ceiling_log_3m (21),2.46,1.52,-0.44
64.846,2,Ceiling_log_3m (21),2.45,1.50,-0.43
64.873,2,Ceiling_log_3m (21),2.46,1.53,-0.43
64.901,2,Ceiling_log_3m (21),2.46,1.59,-0.42
64.944,2,Ceiling_log_3m (21),2.46,1.64,-0.42
64.971,2,Ceiling_log_3m (21),2.46,1.69,-0.42
65.013,2,Ceiling_log_3m (21),2.46,1.68,-0.44
65.041,2,Ceiling_3x3m (7),2.48,1.70,-0.45
65.069,2,Ceiling_3x3m (7),2.56,1.70,-0.48
65.110,2,Ceiling_3x3m (7),2.71,1.70,-0.52
65.138,2,Ceiling_3x3m (7),2.80,1.70,-0.54
65.166,2,Ceiling_3x3m (7),2.85,1.70,-0.54
65.208,2,Ceiling_3x3m (7),2.75,1.70,-0.51
65.236,2,Ceiling_3x3m (7),2.68,1.70,-0.48
65.278,2,Ceiling_3x3m (7),2.59,1.70,-0.45
65.306,2,Ceiling_3x3m (7),2.46,1.70,-0.41
65.334,2,Ceiling_log_3m (21),2.46,1.63,-0.40
65.376,2,Ceiling_log_3m (21),2.46,1.57,-0.40
65.404,2,Ceiling_log_3m (21),2.46,1.55,-0.39
65.446,2,Ceiling_log_3m (21),2.46,1.53,-0.38
65.473,2,Ceiling_log_3m (21),2.46,1.52,-0.38
65.502,2,Ceiling_log_3m (21),2.46,1.54,-0.37
65.543,2,Ceiling_log_3m (21),2.46,1.58,-0.37
65.570,2,Ceiling_log_3m (21),2.46,1.60,-0.37
65.612,2,Ceiling_log_3m (21),2.46,1.61,-0.38
65.641,2,Ceiling_log_3m (21),2.46,1.62,-0.39
65.669,2,Ceiling_log_3m (21),2.46,1.62,-0.39
65.709,2,Ceiling_log_3m (21),2.46,1.62,-0.40
65.737,2,Ceiling_log_3m (21),2.46,1.63,-0.41
65.779,2,Ceiling_log_3m (21),2.46,1.63,-0.42
65.807,2,Ceiling_log_3m (21),2.46,1.64,-0.42
65.835,2,Ceiling_log_3m (21),2.46,1.66,-0.42
65.877,2,Ceiling_log_3m (21),2.46,1.67,-0.42
65.906,2,Ceiling_log_3m (21),2.46,1.66,-0.42
65.933,2,Ceiling_log_3m (21),2.46,1.66,-0.42
65.974,2,Ceiling_log_3m (21),2.46,1.66,-0.42
66.003,2,Ceiling_log_3m (21),2.46,1.65,-0.43
66.045,2,Ceiling_log_3m (21),2.46,1.65,-0.43
66.073,2,Ceiling_log_3m (21),2.46,1.66,-0.43
66.100,2,Ceiling_log_3m (21),2.46,1.66,-0.43
66.142,2,Ceiling_log_3m (21),2.46,1.66,-0.43
66.170,2,Ceiling_log_3m (21),2.46,1.65,-0.42
66.212,2,Ceiling_log_3m (21),2.46,1.64,-0.40
66.240,2,Ceiling_log_3m (21),2.46,1.63,-0.39
66.268,2,Ceiling_log_3m (21),2.46,1.64,-0.38
66.310,2,Ceiling_log_3m (21),2.46,1.67,-0.37
66.338,2,Ceiling_log_3m (21),2.46,1.67,-0.37
66.366,2,Ceiling_log_3m (21),2.46,1.66,-0.38
66.407,2,Ceiling_log_3m (21),2.46,1.66,-0.38
66.435,2,Ceiling_log_3m (21),2.46,1.68,-0.38
66.477,2,Ceiling_3x3m (7),2.49,1.70,-0.39
66.505,2,Ceiling_3x3m (7),2.48,1.70,-0.39
66.533,2,Ceiling_3x3m (7),2.47,1.70,-0.38
66.575,2,Ceiling_log_3m (21),2.46,1.67,-0.38
66.603,2,Ceiling_log_3m (21),2.46,1.68,-0.37
66.643,2,Ceiling_log_3m (21),2.46,1.69,-0.37
66.672,2,Ceiling_3x3m (7),2.46,1.70,-0.37
66.714,2,Ceiling_3x3m (7),2.46,1.70,-0.37
66.742,2,Ceiling_3x3m (7),2.46,1.70,-0.38
66.769,2,Ceiling_3x3m (7),2.48,1.70,-0.38
66.811,2,Ceiling_3x3m (7),2.49,1.70,-0.39
66.839,2,Ceiling_3x3m (7),2.49,1.70,-0.40
66.867,2,Ceiling_3x3m (7),2.50,1.70,-0.41
66.909,2,Ceiling_log_3m (21),2.46,1.68,-0.42
66.936,2,Ceiling_log_3m (21),2.46,1.67,-0.43
66.979,2,Ceiling_log_3m (21),2.46,1.69,-0.46
67.006,2,Ceiling_log_3m (21),2.46,1.68,-0.47
67.035,2,Ceiling_log_3m (21),2.46,1.68,-0.48
67.076,2,Ceiling_log_3m (21),2.46,1.68,-0.49
67.104,2,Ceiling_log_3m (21),2.46,1.66,-0.49
67.146,2,Ceiling_log_3m (21),2.46,1.59,-0.49
67.173,2,Ceiling_log_3m (21),2.46,1.62,-0.48
67.201,2,Ceiling_log_3m (21),2.46,1.65,-0.48
67.243,2,Ceiling_log_3m (21),2.46,1.62,-0.49
67.271,2,Ceiling_log_3m (21),2.46,1.63,-0.50
67.313,2,Ceiling_log_3m (21),2.46,1.63,-0.51
67.341,2,Ceiling_log_3m (21),2.46,1.63,-0.52
67.369,2,Ceiling_log_3m (21),2.46,1.62,-0.53
67.411,2,Ceiling_log_3m (21),2.46,1.58,-0.55
67.439,2,Ceiling_log_3m (21),2.46,1.59,-0.56
67.468,2,Ceiling_log_3m (21),2.46,1.60,-0.57
67.509,2,Ceiling_log_3m (21),2.46,1.57,-0.58
67.536,2,Ceiling_log_3m (21),2.46,1.60,-0.59
67.578,2,Ceiling_log_3m (21),2.46,1.63,-0.61
67.606,2,Ceiling_log_3m (21),2.46,1.63,-0.62
67.635,2,Ceiling_log_3m (21),2.46,1.60,-0.63
67.676,2,Ceiling_log_3m (21),2.46,1.61,-0.64
67.704,2,Ceiling_log_3m (21),2.46,1.62,-0.65
67.746,2,Ceiling_log_3m (21),2.46,1.66,-0.66
67.774,2,Ceiling_log_3m (21),2.46,1.65,-0.68
67.802,2,Ceiling_log_3m (21),2.46,1.63,-0.69
67.843,2,Ceiling_log_3m (21),2.46,1.64,-0.70
67.872,2,Ceiling_log_3m (21),2.46,1.63,-0.71
67.913,2,Ceiling_log_3m (21),2.46,1.60,-0.73
67.941,2,Ceiling_log_3m (21),2.46,1.60,-0.73
67.968,2,Ceiling_log_3m (21),2.46,1.60,-0.74
68.010,2,Ceiling_log_3m (21),2.46,1.60,-0.74
68.039,2,Ceiling_log_3m (21),2.46,1.59,-0.75
68.066,2,Ceiling_log_3m (21),2.46,1.58,-0.76
68.108,2,Ceiling_log_3m (21),2.46,1.59,-0.77
68.136,2,Ceiling_log_3m (21),2.46,1.61,-0.78
68.178,2,Ceiling_log_3m (21),2.46,1.62,-0.77
68.205,2,Ceiling_log_3m (21),2.46,1.62,-0.77
68.234,2,Ceiling_log_3m (21),2.46,1.63,-0.76
68.276,2,Ceiling_log_3m (21),2.46,1.63,-0.75
68.303,2,Ceiling_log_3m (21),2.46,1.62,-0.75
68.345,2,Ceiling_log_3m (21),2.46,1.60,-0.73
68.373,2,Ceiling_log_3m (21),2.46,1.59,-0.73
68.401,2,Ceiling_log_3m (21),2.46,1.58,-0.72
68.443,2,Ceiling_log_3m (21),2.46,1.58,-0.72
68.470,2,Ceiling_log_3m (21),2.46,1.57,-0.72
68.512,2,Ceiling_log_3m (21),2.46,1.57,-0.72
68.540,2,Ceiling_log_3m (21),2.46,1.57,-0.72
68.568,2,Ceiling_log_3m (21),2.46,1.55,-0.71
68.609,2,Ceiling_log_3m (21),2.46,1.53,-0.71
68.638,2,Ceiling_log_3m (21),2.46,1.54,-0.70
68.679,2,Ceiling_log_3m (21),2.46,1.56,-0.70
68.707,2,Ceiling_log_3m (21),2.46,1.57,-0.71
68.736,2,Ceiling_log_3m (21),2.46,1.58,-0.72
68.777,2,Ceiling_log_3m (21),2.46,1.61,-0.72
68.804,2,Ceiling_log_3m (21),2.46,1.61,-0.72
68.846,2,Ceiling_log_3m (21),2.46,1.62,-0.72
68.874,2,Ceiling_log_3m (21),2.46,1.61,-0.71
68.902,2,Ceiling_log_3m (21),2.46,1.60,-0.71
68.944,2,Ceiling_log_3m (21),2.46,1.59,-0.70
68.972,2,Ceiling_log_3m (21),2.46,1.58,-0.70
69.013,2,Ceiling_log_3m (21),2.46,1.58,-0.71
69.041,2,Ceiling_log_3m (21),2.46,1.60,-0.71
69.070,2,Ceiling_log_3m (21),2.46,1.60,-0.72
69.110,2,Ceiling_log_3m (21),2.46,1.57,-0.73
69.137,2,Ceiling_log_3m (21),2.46,1.59,-0.73
69.167,2,Ceiling_log_3m (21),2.46,1.60,-0.73
69.208,2,Ceiling_log_3m (21),2.46,1.58,-0.73
69.236,2,Ceiling_log_3m (21),2.46,1.58,-0.73
69.277,2,Ceiling_log_3m (21),2.46,1.54,-0.72
69.305,2,Ceiling_log_3m (21),2.46,1.55,-0.72
69.333,2,Ceiling_log_3m (21),2.46,1.57,-0.72
69.375,2,Ceiling_log_3m (21),2.46,1.58,-0.71
69.403,2,Ceiling_log_3m (21),2.46,1.58,-0.70
69.445,2,Ceiling_log_3m (21),2.46,1.59,-0.69
69.472,2,Ceiling_log_3m (21),2.46,1.59,-0.69
69.501,2,Ceiling_log_3m (21),2.46,1.59,-0.68
69.542,2,Ceiling_log_3m (21),2.46,1.60,-0.68
69.570,2,Ceiling_log_3m (21),2.46,1.61,-0.68
69.612,2,Ceiling_log_3m (21),2.46,1.61,-0.68
69.640,2,Ceiling_log_3m (21),2.46,1.62,-0.68
69.669,2,Ceiling_log_3m (21),2.46,1.61,-0.68
69.709,2,Ceiling_log_3m (21),2.46,1.61,-0.69
69.738,2,Ceiling_log_3m (21),2.46,1.63,-0.69
69.779,2,Ceiling_log_3m (21),2.46,1.65,-0.69
69.806,2,Ceiling_log_3m (21),2.46,1.65,-0.69
69.834,2,Ceiling_log_3m (21),2.46,1.66,-0.69
69.876,2,Ceiling_log_3m (21),2.46,1.67,-0.69
69.904,2,Ceiling_log_3m (21),2.46,1.67,-0.69
69.946,2,Ceiling_log_3m (21),2.46,1.68,-0.68
69.974,2,Ceiling_log_3m (21),2.46,1.69,-0.68
70.002,2,Ceiling_3x3m (7),2.46,1.70,-0.68
70.043,2,Ceiling_log_3m (21),2.46,1.68,-0.68
70.071,2,Ceiling_log_3m (21),2.46,1.68,-0.68
70.099,2,Ceiling_log_3m (21),2.46,1.69,-0.68
70.142,2,Ceiling_log_3m (21),2.46,1.67,-0.68
70.169,2,Ceiling_log_3m (21),2.46,1.65,-0.69
70.211,2,Ceiling_log_3m (21),2.46,1.63,-0.69
70.239,2,Ceiling_log_3m (21),2.46,1.61,-0.69
70.267,2,Ceiling_log_3m (21),2.46,1.61,-0.69
70.308,2,Ceiling_log_3m (21),2.46,1.60,-0.69
70.336,2,Ceiling_log_3m (21),2.46,1.61,-0.70
70.378,2,Ceiling_log_3m (21),2.46,1.61,-0.70
70.406,2,Ceiling_log_3m (21),2.46,1.60,-0.71
70.434,2,Ceiling_log_3m (21),2.46,1.60,-0.71
70.476,2,Ceiling_log_3m (21),2.46,1.59,-0.70
70.504,2,Ceiling_log_3m (21),2.46,1.58,-0.70
70.545,2,Ceiling_log_3m (21),2.46,1.58,-0.69
70.573,2,Ceiling_log_3m (21),2.46,1.58,-0.69
70.601,2,Ceiling_log_3m (21),2.46,1.59,-0.69
70.643,2,Ceiling_log_3m (21),2.46,1.59,-0.68
70.671,2,Ceiling_log_3m (21),2.46,1.58,-0.68
70.713,2,Ceiling_log_3m (21),2.46,1.60,-0.68
70.740,2,Ceiling_log_3m (21),2.46,1.60,-0.68
70.768,2,Ceiling_log_3m (21),2.46,1.59,-0.68
70.810,2,Ceiling_log_3m (21),2.46,1.59,-0.68
70.837,2,Ceiling_log_3m (21),2.46,1.60,-0.68
70.880,2,Ceiling_log_3m (21),2.46,1.60,-0.68
70.908,2,Ceiling_log_3m (21),2.46,1.60,-0.68
70.935,2,Ceiling_log_3m (21),2.46,1.60,-0.67
70.976,2,Ceiling_log_3m (21),2.46,1.60,-0.66
71.004,2,Ceiling_log_3m (21),2.46,1.58,-0.66
71.046,2,Ceiling_log_3m (21),2.46,1.58,-0.66
71.073,2,Ceiling_log_3m (21),2.46,1.58,-0.66
71.101,2,Ceiling_log_3m (21),2.46,1.57,-0.66
71.143,2,Ceiling_log_3m (21),2.46,1.57,-0.67
71.171,2,Ceiling_log_3m (21),2.46,1.57,-0.67
71.213,2,Ceiling_log_3m (21),2.46,1.55,-0.67
71.241,2,Ceiling_log_3m (21),2.46,1.55,-0.68
71.269,2,Ceiling_log_3m (21),2.46,1.56,-0.68
71.311,2,Ceiling_log_3m (21),2.46,1.56,-0.69
71.339,2,Ceiling_log_3m (21),2.46,1.56,-0.69
71.367,2,Ceiling_log_3m (21),2.46,1.55,-0.69
71.408,2,Ceiling_log_3m (21),2.46,1.57,-0.70
71.436,2,Ceiling_log_3m (21),2.46,1.56,-0.69
71.478,2,Ceiling_log_3m (21),2.46,1.58,-0.69
71.506,2,Ceiling_log_3m (21),2.46,1.60,-0.69
71.533,2,Ceiling_log_3m (21),2.46,1.60,-0.69
71.576,2,Ceiling_log_3m (21),2.46,1.61,-0.68
71.603,2,Ceiling_log_3m (21),2.46,1.61,-0.69
71.645,2,Ceiling_log_3m (21),2.46,1.63,-0.69
71.673,2,Ceiling_log_3m (21),2.46,1.66,-0.68
71.701,2,Ceiling_log_3m (21),2.46,1.68,-0.69
71.742,2,Ceiling_log_3m (21),2.46,1.68,-0.71
71.770,2,Ceiling_log_3m (21),2.46,1.69,-0.71
71.812,2,Ceiling_log_3m (21),2.46,1.65,-0.72
71.840,2,Ceiling_log_3m (21),2.46,1.64,-0.72
71.868,2,Ceiling_log_3m (21),2.46,1.64,-0.72
71.910,2,Ceiling_log_3m (21),2.46,1.63,-0.72
71.937,2,Ceiling_log_3m (21),2.46,1.63,-0.72
71.979,2,Ceiling_log_3m (21),2.46,1.64,-0.73
72.007,2,Ceiling_log_3m (21),2.46,1.65,-0.73
72.035,2,Ceiling_log_3m (21),2.46,1.64,-0.73
72.077,2,Ceiling_log_3m (21),2.46,1.63,-0.73
72.104,2,Ceiling_log_3m (21),2.46,1.63,-0.73
72.133,2,Ceiling_log_3m (21),2.46,1.66,-0.73
72.175,2,Ceiling_3x3m (7),2.49,1.70,-0.74
72.203,2,Ceiling_3x3m (7),2.56,1.70,-0.76
72.244,2,Ceiling_3x3m (7),2.53,1.70,-0.75
72.272,2,Ceiling_3x3m (7),2.56,1.70,-0.76
72.300,2,Ceiling_3x3m (7),2.58,1.70,-0.76
72.341,2,Ceiling_3x3m (7),2.55,1.70,-0.75
72.369,2,Ceiling_3x3m (7),2.52,1.70,-0.73
72.411,2,Ceiling_3x3m (7),2.49,1.70,-0.70
72.439,2,Ceiling_log_3m (21),2.46,1.69,-0.69
72.466,2,Ceiling_log_3m (21),2.46,1.66,-0.69
72.509,2,Ceiling_log_3m (21),2.46,1.66,-0.68
72.537,2,Ceiling_log_3m (21),2.46,1.67,-0.68
72.578,2,Ceiling_log_3m (21),2.46,1.66,-0.69
72.606,2,Ceiling_log_3m (21),2.46,1.67,-0.69
72.636,2,Ceiling_log_3m (21),2.46,1.67,-0.70
72.675,2,Ceiling_log_3m (21),2.46,1.67,-0.70
72.703,2,Ceiling_log_3m (21),2.46,1.67,-0.70
72.745,2,Ceiling_log_3m (21),2.46,1.66,-0.69
72.773,2,Ceiling_log_3m (21),2.46,1.67,-0.70
72.801,2,Ceiling_log_3m (21),2.46,1.68,-0.70
72.843,2,Ceiling_log_3m (21),2.46,1.68,-0.70
72.871,2,Ceiling_log_3m (21),2.46,1.66,-0.70
72.912,2,Ceiling_log_3m (21),2.46,1.67,-0.71
72.941,2,Ceiling_log_3m (21),2.46,1.68,-0.71
72.968,2,Ceiling_log_3m (21),2.46,1.68,-0.71
73.010,2,Ceiling_3x3m (7),2.46,1.70,-0.72
73.038,2,Ceiling_log_3m (21),2.46,1.69,-0.71
73.080,2,Ceiling_3x3m (7),2.46,1.70,-0.72
73.107,2,Ceiling_3x3m (7),2.50,1.70,-0.73
73.135,2,Ceiling_3x3m (7),2.51,1.70,-0.73
73.177,2,Ceiling_3x3m (7),2.51,1.70,-0.73
73.205,2,Ceiling_3x3m (7),2.52,1.70,-0.73
73.233,2,Ceiling_3x3m (7),2.53,1.70,-0.73
73.274,2,Ceiling_3x3m (7),2.53,1.70,-0.73
73.302,2,Ceiling_3x3m (7),2.53,1.70,-0.72
73.345,2,Ceiling_3x3m (7),2.49,1.70,-0.71
73.372,2,Ceiling_3x3m (7),2.51,1.70,-0.71
73.400,2,Ceiling_3x3m (7),2.54,1.70,-0.72
73.442,2,Ceiling_3x3m (7),2.53,1.70,-0.72
73.469,2,Ceiling_3x3m (7),2.54,1.70,-0.72
73.511,2,Ceiling_3x3m (7),2.53,1.70,-0.72
73.539,2,Ceiling_3x3m (7),2.52,1.70,-0.71
73.567,2,Ceiling_3x3m (7),2.51,1.70,-0.71
73.609,2,Ceiling_3x3m (7),2.53,1.70,-0.71
73.636,2,Ceiling_3x3m (7),2.54,1.70,-0.72
73.678,2,Ceiling_3x3m (7),2.56,1.70,-0.73
73.706,2,Ceiling_3x3m (7),2.59,1.70,-0.74
73.734,2,Ceiling_3x3m (7),2.53,1.70,-0.73
73.776,2,Ceiling_log_3m (21),2.46,1.70,-0.71
73.804,2,Ceiling_log_3m (21),2.46,1.69,-0.70
73.845,2,Ceiling_3x3m (7),2.46,1.70,-0.70
73.873,2,Ceiling_3x3m (7),2.50,1.70,-0.70
73.901,2,Ceiling_3x3m (7),2.52,1.70,-0.71
73.943,2,Ceiling_3x3m (7),2.50,1.70,-0.71
73.971,2,Ceiling_3x3m (7),2.48,1.70,-0.71
74.012,2,Ceiling_log_3m (21),2.46,1.69,-0.72
74.040,2,Ceiling_log_3m (21),2.46,1.67,-0.73
74.068,2,Ceiling_log_3m (21),2.46,1.67,-0.73
74.110,2,Ceiling_log_3m (21),2.46,1.68,-0.73
74.138,2,Ceiling_log_3m (21),2.46,1.67,-0.73
74.180,2,Ceiling_log_3m (21),2.46,1.67,-0.73
74.207,2,Ceiling_log_3m (21),2.46,1.69,-0.72
74.235,2,Ceiling_log_3m (21),2.46,1.69,-0.72
74.277,2,Ceiling_3x3m (7),2.51,1.70,-0.73
74.305,2,Ceiling_3x3m (7),2.56,1.70,-0.74
74.347,2,Ceiling_3x3m (7),2.64,1.70,-0.76
74.375,2,Ceiling_3x3m (7),2.65,1.70,-0.76
74.402,2,Ceiling_3x3m (7),2.65,1.70,-0.76
74.444,2,Ceiling_3x3m (7),2.60,1.70,-0.74
74.472,2,Ceiling_3x3m (7),2.57,1.70,-0.73
74.500,2,Ceiling_3x3m (7),2.56,1.70,-0.72
74.541,2,Ceiling_3x3m (7),2.49,1.70,-0.71
74.569,2,Ceiling_3x3m (7),2.52,1.70,-0.72
74.611,2,Ceiling_3x3m (7),2.53,1.70,-0.73
74.639,2,Ceiling_3x3m (7),2.53,1.70,-0.73
74.666,2,Ceiling_3x3m (7),2.55,1.70,-0.74
74.708,2,Ceiling_3x3m (7),2.56,1.70,-0.74
74.736,2,Ceiling_3x3m (7),2.57,1.70,-0.74
74.778,2,Ceiling_3x3m (7),2.57,1.70,-0.74
74.806,2,Ceiling_3x3m (7),2.54,1.70,-0.73
74.835,2,Ceiling_3x3m (7),2.53,1.70,-0.72
74.876,2,Ceiling_3x3m (7),2.51,1.70,-0.72
74.903,2,Ceiling_3x3m (7),2.49,1.70,-0.71
74.945,2,Ceiling_3x3m (7),2.50,1.70,-0.72
74.974,2,Ceiling_3x3m (7),2.53,1.70,-0.73
75.001,2,Ceiling_3x3m (7),2.56,1.70,-0.74
75.044,2,Ceiling_3x3m (7),2.58,1.70,-0.76
75.072,2,Ceiling_3x3m (7),2.60,1.70,-0.77
75.112,2,Ceiling_3x3m (7),2.54,1.70,-0.77
75.141,2,Ceiling_3x3m (7),2.53,1.70,-0.77
75.168,2,Ceiling_3x3m (7),2.56,1.70,-0.77
75.210,2,Ceiling_3x3m (7),2.59,1.70,-0.78
75.238,2,Ceiling_3x3m (7),2.59,1.70,-0.77
75.279,2,Ceiling_3x3m (7),2.53,1.70,-0.76
75.307,2,Ceiling_3x3m (7),2.47,1.70,-0.74
75.335,2,Ceiling_3x3m (7),2.46,1.70,-0.73
75.377,2,Ceiling_3x3m (7),2.48,1.70,-0.72
75.405,2,Ceiling_3x3m (7),2.50,1.70,-0.71
75.447,2,Ceiling_3x3m (7),2.52,1.70,-0.70
75.475,2,Ceiling_3x3m (7),2.51,1.70,-0.70
75.502,2,Ceiling_3x3m (7),2.51,1.70,-0.69
75.544,2,Ceiling_3x3m (7),2.52,1.70,-0.68
75.571,2,Ceiling_3x3m (7),2.57,1.70,-0.69
75.599,2,Ceiling_3x3m (7),2.60,1.70,-0.70
75.641,2,Ceiling_3x3m (7),2.62,1.70,-0.71
75.669,2,Ceiling_3x3m (7),2.66,1.70,-0.72
75.711,2,Ceiling_3x3m (7),2.64,1.70,-0.70
75.739,2,Ceiling_3x3m (7),2.64,1.70,-0.70
75.767,2,Ceiling_3x3m (7),2.62,1.70,-0.69
75.809,2,Ceiling_3x3m (7),2.58,1.70,-0.67
75.836,2,Ceiling_3x3m (7),2.58,1.70,-0.67
75.878,2,Ceiling_3x3m (7),2.58,1.70,-0.66
75.906,2,Ceiling_3x3m (7),2.57,1.70,-0.66
75.934,2,Ceiling_3x3m (7),2.58,1.70,-0.66
75.976,2,Ceiling_3x3m (7),2.59,1.70,-0.67
76.004,2,Ceiling_3x3m (7),2.59,1.70,-0.67
76.045,2,Ceiling_3x3m (7),2.60,1.70,-0.67
76.073,2,Ceiling_3x3m (7),2.61,1.70,-0.68
76.101,2,Ceiling_3x3m (7),2.61,1.70,-0.68
76.143,2,Ceiling_3x3m (7),2.58,1.70,-0.67
76.170,2,Ceiling_3x3m (7),2.58,1.70,-0.67
76.213,2,Ceiling_3x3m (7),2.59,1.70,-0.68
76.240,2,Ceiling_3x3m (7),2.59,1.70,-0.68
76.268,2,Ceiling_3x3m (7),2.59,1.70,-0.68
76.310,2,Ceiling_3x3m (7),2.56,1.70,-0.68
76.338,2,Ceiling_3x3m (7),2.57,1.70,-0.68
76.379,2,Ceiling_3x3m (7),2.60,1.70,-0.69
76.408,2,Ceiling_3x3m (7),2.60,1.70,-0.70
76.435,2,Ceiling_3x3m (7),2.63,1.70,-0.71
76.476,2,Ceiling_3x3m (7),2.70,1.70,-0.74
76.505,2,Ceiling_3x3m (7),2.77,1.70,-0.76
76.533,2,Ceiling_3x3m (7),2.85,1.70,-0.79
76.574,2,Ceiling_3x3m (7),2.91,1.70,-0.81
76.602,2,Ceiling_3x3m (7),2.87,1.70,-0.81
76.644,2,Ceiling_3x3m (7),2.85,1.70,-0.79
76.672,2,Ceiling_3x3m (7),2.87,1.70,-0.79
76.699,2,Ceiling_3x3m (7),2.86,1.70,-0.77
76.741,2,Ceiling_3x3m (7),2.85,1.70,-0.74
76.770,2,Ceiling_3x3m (7),2.82,1.70,-0.72
76.810,2,Ceiling_3x3m (7),2.84,1.70,-0.72
76.839,2,Ceiling_3x3m (7),2.78,1.70,-0.70
76.866,2,Ceiling_3x3m (7),2.70,1.70,-0.67
76.908,2,Ceiling_3x3m (7),2.66,1.70,-0.66
76.936,2,Ceiling_3x3m (7),2.62,1.70,-0.64
76.978,2,Ceiling_3x3m (7),2.56,1.70,-0.62
77.006,2,Ceiling_3x3m (7),2.58,1.70,-0.62
77.033,2,Ceiling_3x3m (7),2.61,1.70,-0.63
77.075,2,Ceiling_3x3m (7),2.62,1.70,-0.63
77.103,2,Ceiling_3x3m (7),2.63,1.70,-0.63
77.145,2,Ceiling_3x3m (7),2.64,1.70,-0.63
77.173,2,Ceiling_3x3m (7),2.68,1.70,-0.64
77.201,2,Ceiling_3x3m (7),2.69,1.70,-0.65
77.243,2,Ceiling_3x3m (7),2.71,1.70,-0.65
77.270,2,Ceiling_3x3m (7),2.71,1.70,-0.66
77.313,2,Ceiling_3x3m (7),2.68,1.70,-0.66
77.340,2,Ceiling_3x3m (7),2.68,1.70,-0.67
77.368,2,Ceiling_3x3m (7),2.69,1.70,-0.68
77.409,2,Ceiling_3x3m (7),2.69,1.70,-0.69
77.437,2,Ceiling_3x3m (7),2.69,1.70,-0.69
77.479,2,Ceiling_3x3m (7),2.76,1.70,-0.71
77.507,2,Ceiling_3x3m (7),2.82,1.70,-0.73
77.535,2,Ceiling_3x3m (7),2.81,1.70,-0.73
77.577,2,Ceiling_3x3m (7),2.88,1.70,-0.74
77.605,2,Ceiling_3x3m (7),2.93,1.70,-0.74
77.647,2,Ceiling_3x3m (7),2.90,1.70,-0.72
77.674,2,Ceiling_3x3m (7),2.88,1.70,-0.71
77.702,2,Ceiling_3x3m (7),2.87,1.70,-0.70
77.744,2,Ceiling_3x3m (7),2.86,1.70,-0.70
77.772,2,Ceiling_3x3m (7),2.82,1.70,-0.68
77.800,2,Ceiling_3x3m (7),2.76,1.70,-0.67
77.841,2,Ceiling_3x3m (7),2.79,1.70,-0.69
77.869,2,Ceiling_3x3m (7),2.86,1.70,-0.74
77.911,2,Ceiling_3x3m (7),2.87,1.70,-0.81
77.939,2,Ceiling_3x3m (7),2.86,1.70,-0.84
77.967,2,Ceiling_3x3m (7),2.82,1.70,-0.85
78.009,2,Ceiling_3x3m (7),2.76,1.70,-0.86
78.036,2,Ceiling_3x3m (7),2.72,1.70,-0.84
78.078,2,Ceiling_3x3m (7),2.68,1.70,-0.82
78.105,2,Ceiling_3x3m (7),2.68,1.70,-0.81
78.134,2,Ceiling_3x3m (7),2.69,1.70,-0.80
78.176,2,Ceiling_3x3m (7),2.84,1.70,-0.83
78.203,2,Ceiling_3x3m (7),2.96,1.70,-0.85
78.245,2,Ceiling_3x3m (7),2.98,1.70,-0.86
78.273,2,Ceiling_3x3m (7),2.95,1.70,-0.86
78.301,2,Ceiling_3x3m (7),2.84,1.70,-0.82
78.342,2,Ceiling_3x3m (7),2.68,1.70,-0.76
78.370,2,Ceiling_3x3m (7),2.58,1.70,-0.72
78.412,2,Ceiling_log_3m (21),2.46,1.69,-0.66
78.440,2,Ceiling_log_3m (21),2.46,1.65,-0.65
78.468,2,Ceiling_log_3m (21),2.46,1.60,-0.65
78.509,2,Ceiling_log_3m (21),2.46,1.54,-0.66
78.538,2,Ceiling_log_3m (21),2.46,1.53,-0.67
78.579,2,Ceiling_log_3m (21),2.45,1.50,-0.68
78.607,2,Ceiling_log_3m (21),2.38,1.50,-0.66
78.635,2,Ceiling_3x3m (7),1.97,1.70,-0.54
78.677,2,Ceiling_3x3m (7),1.86,1.70,-0.50
78.704,2,Ceiling_3x3m (7),1.77,1.70,-0.48
78.735,2,Ceiling_3x3m (7),1.64,1.70,-0.45
78.774,2,Ceiling_log_3m (20),1.52,1.66,-0.42
78.802,2,Ceiling_log_3m (20),1.52,1.61,-0.43
78.843,2,Ceiling_log_3m (20),1.52,1.54,-0.44
78.871,2,Ceiling_log_3m (20),1.51,1.50,-0.45
78.899,2,Ceiling_log_3m (20),1.46,1.50,-0.45
78.941,2,Wall_3mx20cm_Door (1),1.41,1.50,-0.45
78.969,2,Wall_3mx20cm_Door (1),1.41,1.49,-0.46
79.011,2,Ceiling_log_3m (20),1.45,1.50,-0.49
79.039,2,Ceiling_log_3m (20),1.48,1.50,-0.50
79.066,2,Ceiling_log_3m (20),1.51,1.50,-0.52
79.109,2,Ceiling_log_3m (20),1.49,1.50,-0.51
79.136,2,Ceiling_log_3m (20),1.45,1.50,-0.51
79.178,2,Wall_3mx20cm_Door (1),1.41,1.50,-0.49
79.205,2,Wall_3mx20cm_Door (1),1.41,1.49,-0.49
79.233,2,Wall_3mx20cm_Door (1),1.41,1.47,-0.49
79.275,2,Wall_3mx20cm_Door (1),1.41,1.44,-0.50
79.303,2,Wall_3mx20cm_Door (1),1.41,1.44,-0.50
79.345,2,Wall_3mx20cm_Door (1),1.41,1.46,-0.51
79.372,2,Wall_3mx20cm_Door (1),1.41,1.47,-0.51
79.400,2,Wall_3mx20cm_Door (1),1.41,1.48,-0.51
79.442,2,Wall_3mx20cm_Door (1),1.41,1.48,-0.50
79.470,2,Wall_3mx20cm_Door (1),1.41,1.48,-0.50
79.512,2,Wall_3mx20cm_Door (1),1.41,1.48,-0.50
79.539,2,Wall_3mx20cm_Door (1),1.41,1.47,-0.50
79.568,2,Wall_3mx20cm_Door (1),1.41,1.47,-0.49
79.609,2,Wall_3mx20cm_Door (1),1.41,1.46,-0.49
79.637,2,Wall_3mx20cm_Door (1),1.41,1.46,-0.48
79.679,2,Wall_3mx20cm_Door (1),1.41,1.45,-0.48
79.707,2,Wall_3mx20cm_Door (1),1.41,1.45,-0.48
79.734,2,Wall_3mx20cm_Door (1),1.41,1.46,-0.48
79.776,2,Wall_3mx20cm_Door (1),1.41,1.49,-0.47
79.804,2,Wall_3mx20cm_Door (1),1.41,1.50,-0.46
79.845,2,Ceiling_log_3m (20),1.47,1.50,-0.47
79.873,2,Ceiling_log_3m (20),1.51,1.50,-0.48
79.901,2,Ceiling_log_3m (20),1.52,1.51,-0.48
79.943,2,Ceiling_log_3m (20),1.52,1.51,-0.46
79.971,2,Ceiling_log_3m (20),1.52,1.52,-0.45
80.012,2,Ceiling_log_3m (20),1.52,1.53,-0.43
80.041,2,Ceiling_log_3m (20),1.52,1.54,-0.42
80.068,2,Ceiling_log_3m (20),1.52,1.55,-0.41
80.110,2,Ceiling_log_3m (20),1.52,1.55,-0.40
80.138,2,Ceiling_log_3m (20),1.52,1.55,-0.40
80.166,2,Ceiling_log_3m (20),1.52,1.55,-0.40
80.207,2,Ceiling_log_3m (20),1.52,1.55,-0.41
80.236,2,Ceiling_log_3m (20),1.52,1.57,-0.42
80.277,2,Ceiling_log_3m (20),1.52,1.59,-0.42
80.305,2,Ceiling_log_3m (20),1.52,1.60,-0.41
80.333,2,Ceiling_log_3m (20),1.52,1.60,-0.39
80.375,2,Ceiling_log_3m (20),1.52,1.61,-0.37
80.402,2,Ceiling_log_3m (20),1.52,1.59,-0.35
80.444,2,Ceiling_log_3m (20),1.52,1.56,-0.34
80.472,2,Ceiling_log_3m (20),1.52,1.56,-0.33
80.500,2,Ceiling_log_3m (20),1.52,1.57,-0.32
80.542,2,Ceiling_log_3m (20),1.52,1.58,-0.32
80.569,2,Ceiling_log_3m (20),1.52,1.60,-0.33
80.611,2,Ceiling_log_3m (20),1.52,1.64,-0.33
80.639,2,Ceiling_log_3m (20),1.52,1.66,-0.33
80.667,2,Ceiling_log_3m (20),1.52,1.67,-0.34
80.708,2,Ceiling_3x3m (7),1.56,1.70,-0.36
80.737,2,Ceiling_3x3m (7),1.60,1.70,-0.35
80.778,2,Ceiling_3x3m (7),1.65,1.70,-0.33
80.806,2,Wall_3mx20cm_Wood_Panels (2),1.67,1.68,-0.31
80.833,2,Wall_3mx20cm_Wood_Panels (2),1.76,1.63,-0.31
80.875,2,Wall_3mx20cm_Wood_Panels (2),1.88,1.53,-0.31
80.903,2,Wall_3mx20cm_Wood_Panels (2),1.95,1.49,-0.31
80.945,2,Wall_3mx20cm_Wood_Panels (2),1.98,1.48,-0.31
80.973,2,Wall_3mx20cm_Wood_Panels (2),1.96,1.48,-0.31
81.001,2,Wall_3mx20cm_Wood_Panels (2),1.91,1.49,-0.31
81.042,2,Wall_3mx20cm_Wood_Panels (2),1.79,1.53,-0.31
81.070,2,Wall_3mx20cm_Wood_Panels (2),1.73,1.55,-0.31
81.112,2,Wall_3mx20cm_Wood_Panels (2),1.67,1.57,-0.31
81.140,2,Wall_3mx20cm_Wood_Panels (2),1.63,1.57,-0.31
81.168,2,Wall_3mx20cm_Wood_Panels (2),1.61,1.58,-0.31
81.210,2,Wall_3mx20cm_Wood_Panels (2),1.63,1.57,-0.31
81.238,2,Wall_3mx20cm_Wood_Panels (2),1.66,1.56,-0.31
81.279,2,Wall_3mx20cm_Wood_Panels (2),1.69,1.55,-0.31
81.307,2,Wall_3mx20cm_Wood_Panels (2),1.72,1.53,-0.31
81.336,2,Wall_3mx20cm_Wood_Panels (2),1.76,1.51,-0.31
81.377,2,Wall_3mx20cm_Wood_Panels (2),1.80,1.49,-0.31
81.405,2,Wall_3mx20cm_Wood_Panels (2),1.81,1.46,-0.31
81.433,2,Wall_3mx20cm_Wood_Panels (2),1.81,1.45,-0.31
81.474,2,Wall_3mx20cm_Wood_Panels (2),1.79,1.44,-0.31
81.502,2,Wall_3mx20cm_Wood_Panels (2),1.78,1.41,-0.31
81.544,2,Wall_3mx20cm_Wood_Panels (2),1.75,1.38,-0.31
81.572,2,Wall_3mx20cm_Wood_Panels (2),1.73,1.37,-0.31
81.600,2,Wall_3mx20cm_Wood_Panels (2),1.70,1.36,-0.31
81.642,2,Wall_3mx20cm_Wood_Panels (2),1.66,1.35,-0.31
81.670,2,Wall_3mx20cm_Wood_Panels (2),1.64,1.34,-0.31
81.711,2,Wall_3mx20cm_Wood_Panels (2),1.57,1.33,-0.31
81.740,2,Wall_3mx20cm_Wood_Panels (2),1.51,1.31,-0.31
81.768,2,Wall_3mx20cm_Wood_Panels (2),1.46,1.30,-0.31
81.809,2,Wall_3mx20cm_Door (1),1.41,1.25,-0.32
81.837,2,Wall_3mx20cm_Door (1),1.41,1.21,-0.34
81.879,2,Wall_3mx20cm_Door (1),1.41,1.13,-0.36
81.907,2,Wall_3mx20cm_Door (1),1.41,1.11,-0.37
81.934,2,Wall_3mx20cm_Door (1),1.41,1.10,-0.37
81.976,2,Wall_3mx20cm_Door (1),1.41,1.09,-0.37
82.004,2,Wall_3mx20cm_Door (1),1.41,1.09,-0.37
82.046,2,Wall_3mx20cm_Door (1),1.41,1.08,-0.37
82.074,2,Wall_3mx20cm_Door (1),1.41,1.08,-0.37
82.101,2,Wall_3mx20cm_Door (1),1.41,1.08,-0.38
82.143,2,Wall_3mx20cm_Door (1),1.41,1.09,-0.38
82.171,2,Wall_3mx20cm_Door (1),1.41,1.10,-0.39
82.199,2,Wall_3mx20cm_Door (1),1.41,1.11,-0.39
82.240,2,Wall_3mx20cm_Door (1),1.41,1.12,-0.39
82.268,2,Wall_3mx20cm_Door (1),1.41,1.13,-0.39
82.310,2,Wall_3mx20cm_Door (1),1.41,1.14,-0.39
82.338,2,Wall_3mx20cm_Door (1),1.41,1.15,-0.38
82.366,2,Wall_3mx20cm_Door (1),1.41,1.16,-0.38
82.408,2,Wall_3mx20cm_Door (1),1.41,1.18,-0.38
82.436,2,Wall_3mx20cm_Door (1),1.41,1.20,-0.39
82.477,2,Wall_3mx20cm_Door (1),1.41,1.22,-0.39
82.505,2,Wall_3mx20cm_Door (1),1.41,1.24,-0.38
82.533,2,Wall_3mx20cm_Door (1),1.41,1.28,-0.37
82.575,2,Wall_3mx20cm_Door (1),1.41,1.32,-0.37
82.602,2,Wall_3mx20cm_Door (1),1.41,1.31,-0.38
82.644,2,Wall_3mx20cm_Door (1),1.41,1.29,-0.40
82.671,2,Wall_3mx20cm_Door (1),1.41,1.28,-0.42
82.699,2,Wall_3mx20cm_Door (1),1.41,1.27,-0.43
82.742,2,Wall_3mx20cm_Door (1),1.41,1.27,-0.43
82.770,2,Wall_3mx20cm_Door (1),1.41,1.27,-0.43
82.811,2,Wall_3mx20cm_Door (1),1.41,1.30,-0.41
82.839,2,Wall_3mx20cm_Door (1),1.41,1.31,-0.39
82.867,2,Wall_3mx20cm_Door (1),1.41,1.32,-0.39
82.908,2,Wall_3mx20cm_Door (1),1.41,1.33,-0.38
82.937,2,Wall_3mx20cm_Door (1),1.41,1.34,-0.38
82.978,2,Wall_3mx20cm_Door (1),1.41,1.37,-0.39
83.006,2,Wall_3mx20cm_Door (1),1.41,1.37,-0.40
83.034,2,Wall_3mx20cm_Door (1),1.41,1.37,-0.41
83.076,2,Wall_3mx20cm_Door (1),1.41,1.37,-0.42
83.103,2,Wall_3mx20cm_Door (1),1.41,1.38,-0.42
83.145,2,Wall_3mx20cm_Door (1),1.41,1.39,-0.42
83.173,2,Wall_3mx20cm_Door (1),1.41,1.40,-0.41
83.202,2,Wall_3mx20cm_Door (1),1.41,1.42,-0.39
83.243,2,Wall_3mx20cm_Door (1),1.41,1.46,-0.38
83.271,2,Wall_3mx20cm_Door (1),1.41,1.49,-0.36
83.312,2,Ceiling_log_3m (20),1.47,1.50,-0.36
83.340,2,Ceiling_log_3m (20),1.52,1.52,-0.37
83.368,2,Ceiling_log_3m (20),1.52,1.55,-0.36
83.410,2,Ceiling_log_3m (20),1.52,1.56,-0.34
83.438,2,Ceiling_log_3m (20),1.52,1.57,-0.35
83.466,2,Ceiling_log_3m (20),1.52,1.56,-0.35
83.508,2,Ceiling_log_3m (20),1.52,1.56,-0.32
83.535,2,Wall_3mx20cm_Wood_Panels (2),1.53,1.56,-0.31
83.576,2,Wall_3mx20cm_Wood_Panels (2),1.59,1.53,-0.31
83.605,2,Wall_3mx20cm_Wood_Panels (2),1.59,1.53,-0.31
83.647,2,Wall_3mx20cm_Wood_Panels (2),1.56,1.57,-0.31
83.674,2,Wall_3mx20cm_Wood_Panels (2),1.57,1.57,-0.31
83.702,2,Wall_3mx20cm_Wood_Panels (2),1.60,1.57,-0.31
83.744,2,Wall_3mx20cm_Wood_Panels (2),1.62,1.58,-0.31
83.772,2,Wall_3mx20cm_Wood_Panels (2),1.64,1.59,-0.31
83.800,2,Wall_3mx20cm_Wood_Panels (2),1.67,1.58,-0.31
83.842,2,Wall_3mx20cm_Wood_Panels (2),1.74,1.54,-0.31
83.869,2,Wall_3mx20cm_Wood_Panels (2),1.80,1.49,-0.31
83.912,2,Wall_3mx20cm_Wood_Panels (2),1.93,1.41,-0.31
83.939,2,Wall_3mx20cm_Wood_Panels (2),1.99,1.38,-0.31
83.967,2,Wall_3mx20cm_Wood_Panels (2),2.03,1.35,-0.31
84.009,2,Wall_3mx20cm_Wood_Panels (2),2.05,1.35,-0.31
84.037,2,Wall_3mx20cm_Wood_Panels (2),2.06,1.38,-0.31
84.078,2,Wall_3mx20cm_Wood_Panels (2),2.11,1.38,-0.31
84.106,2,Wall_3mx20cm_Wood_Panels (2),2.16,1.38,-0.31
84.134,2,Wall_3mx20cm_Wood_Panels (2),2.22,1.39,-0.31
84.176,2,Wall_3mx20cm_Wood_Panels (2),2.30,1.42,-0.31
84.204,2,Wall_3mx20cm_Wood_Panels (2),2.35,1.42,-0.31
84.245,2,Wall_3mx20cm_Wood_Panels (2),2.46,1.40,-0.31
84.273,2,Wall_3mx20cm_Wood_Panels (2),2.56,1.36,-0.31
84.301,2,Wall_3mx20cm_Wood_Panels (2),2.66,1.31,-0.31
84.343,2,Wall_3mx20cm_Wood_Panels (2),2.78,1.24,-0.31
84.371,2,Wall_3mx20cm_Wood_Panels (2),2.86,1.19,-0.31
84.412,2,Wall_3mx20cm_Wood_Panels (2),2.97,1.13,-0.31
84.440,2,Wall_3mx20cm_Wood_Panels (2),3.04,1.09,-0.31
84.468,2,Wall_3mx20cm_Wood_Panels (2),3.11,1.06,-0.31
84.510,2,Wall_3mx20cm_Wood_Panels (2),3.21,1.03,-0.31
84.538,2,Wall_3mx20cm_Wood_Panels (2),3.27,1.01,-0.31
84.566,2,Wall_3mx20cm_Wood_Panels (2),3.34,0.98,-0.31
84.608,2,Wall_3mx20cm_Wood_Panels (2),3.44,0.92,-0.31
84.635,2,Wall_3mx20cm_Wood_Panels (2),3.49,0.89,-0.31
84.677,2,Wall_3mx20cm_Wood_Panels (2),3.56,0.85,-0.31
84.705,2,Wall_3mx20cm_Wood_Panels (2),3.60,0.83,-0.31
84.747,2,Wall_3mx20cm_Wood_Panels (2),3.66,0.80,-0.31
84.774,2,Wall_3mx20cm_Wood_Panels (2),3.71,0.77,-0.31
84.802,2,Wall_3mx20cm_Wood_Panels (2),3.75,0.75,-0.31
84.844,2,Wall_3mx20cm_Wood_Panels (2),3.81,0.72,-0.31
84.872,2,Wall_3mx20cm_Wood_Panels (2),3.85,0.70,-0.31
84.899,2,Wall_3mx20cm_Wood_Panels (2),3.89,0.68,-0.31
84.941,2,Wall_3mx20cm_Wood_Panels (2),3.94,0.65,-0.31
84.969,2,Wall_3mx20cm_Wood_Panels (2),3.96,0.64,-0.31
85.011,2,Wall_3mx20cm_Wood_Panels (2),3.99,0.61,-0.31
85.039,2,Wall_3mx20cm_Wood_Panels (2),4.01,0.60,-0.31
85.066,2,Wall_3mx20cm_Wood_Panels (2),4.03,0.59,-0.31
85.109,2,Wall_3mx20cm_Wood_Panels (2),4.04,0.58,-0.31
85.136,2,Wall_3mx20cm_Wood_Panels (2),4.05,0.57,-0.31
85.178,2,Wall_3mx20cm_Wood_Panels (2),4.05,0.57,-0.31
85.206,2,Wall_3mx20cm_Wood_Panels (2),4.04,0.58,-0.31
85.235,2,Wall_3mx20cm_Wood_Panels (2),4.04,0.57,-0.31
85.275,2,Wall_3mx20cm_Wood_Panels (2),4.04,0.57,-0.31
85.302,2,Wall_3mx20cm_Wood_Panels (2),4.03,0.57,-0.31
85.345,2,Wall_3mx20cm_Wood_Panels (2),4.02,0.57,-0.31
85.372,2,Wall_3mx20cm_Wood_Panels (2),4.01,0.58,-0.31
85.400,2,Wall_3mx20cm_Wood_Panels (2),3.99,0.58,-0.31
85.443,2,Wall_3mx20cm_Wood_Panels (2),3.97,0.59,-0.31
85.470,2,Wall_3mx20cm_Wood_Panels (2),3.95,0.60,-0.31
85.512,2,Wall_3mx20cm_Wood_Panels (2),3.92,0.62,-0.31
85.540,2,Wall_3mx20cm_Wood_Panels (2),3.90,0.63,-0.31
85.567,2,Wall_3mx20cm_Wood_Panels (2),3.88,0.64,-0.31
85.610,2,Wall_3mx20cm_Wood_Panels (2),3.86,0.66,-0.31
85.638,2,Wall_3mx20cm_Wood_Panels (2),3.84,0.68,-0.31
85.679,2,Wall_3mx20cm_Wood_Panels (2),3.82,0.70,-0.31
85.707,2,Wall_3mx20cm_Wood_Panels (2),3.82,0.71,-0.31
85.735,2,Wall_3mx20cm_Wood_Panels (2),3.81,0.72,-0.31
85.776,2,Wall_3mx20cm_Wood_Panels (2),3.80,0.73,-0.31
85.804,2,Wall_3mx20cm_Wood_Panels (2),3.80,0.74,-0.31
85.846,2,Wall_3mx20cm_Wood_Panels (2),3.80,0.73,-0.31
85.875,2,Wall_3mx20cm_Wood_Panels (2),3.81,0.74,-0.31
85.902,2,Wall_3mx20cm_Wood_Panels (2),3.81,0.73,-0.31
85.943,2,Wall_3mx20cm_Wood_Panels (2),3.81,0.73,-0.31
85.971,2,Wall_3mx20cm_Wood_Panels (2),3.80,0.73,-0.31
85.999,2,Wall_3mx20cm_Wood_Panels (2),3.80,0.73,-0.31
86.041,2,Wall_3mx20cm_Wood_Panels (2),3.80,0.73,-0.31
86.069,2,Wall_3mx20cm_Wood_Panels (2),3.79,0.74,-0.31
86.110,2,Wall_3mx20cm_Wood_Panels (2),3.78,0.74,-0.31
86.138,2,Wall_3mx20cm_Wood_Panels (2),3.77,0.74,-0.31
86.167,2,Wall_3mx20cm_Wood_Panels (2),3.77,0.74,-0.31
86.209,2,Wall_3mx20cm_Wood_Panels (2),3.76,0.75,-0.31
86.237,2,Wall_3mx20cm_Wood_Panels (2),3.75,0.75,-0.31
86.278,2,Wall_3mx20cm_Wood_Panels (2),3.74,0.75,-0.31
86.306,2,Wall_3mx20cm_Wood_Panels (2),3.73,0.77,-0.31
86.334,2,Wall_3mx20cm_Wood_Panels (2),3.72,0.77,-0.31
86.375,2,Wall_3mx20cm_Wood_Panels (2),3.72,0.77,-0.31
86.403,2,Wall_3mx20cm_Wood_Panels (2),3.72,0.77,-0.31
86.445,2,Wall_3mx20cm_Wood_Panels (2),3.71,0.78,-0.31
86.472,2,Wall_3mx20cm_Wood_Panels (2),3.71,0.79,-0.31
86.500,2,Wall_3mx20cm_Wood_Panels (2),3.71,0.79,-0.31
86.542,2,Wall_3mx20cm_Wood_Panels (2),3.71,0.80,-0.31
86.570,2,Wall_3mx20cm_Wood_Panels (2),3.71,0.81,-0.31
86.612,2,Wall_3mx20cm_Wood_Panels (2),3.71,0.81,-0.31
86.640,2,Wall_3mx20cm_Wood_Panels (2),3.71,0.81,-0.31
86.668,2,Wall_3mx20cm_Wood_Panels (2),3.71,0.80,-0.31
86.709,2,Wall_3mx20cm_Wood_Panels (2),3.72,0.79,-0.31
86.738,2,Wall_3mx20cm_Wood_Panels (2),3.73,0.78,-0.31
86.779,2,Wall_3mx20cm_Wood_Panels (2),3.73,0.78,-0.31
86.807,2,Wall_3mx20cm_Wood_Panels (2),3.74,0.78,-0.31
86.834,2,Wall_3mx20cm_Wood_Panels (2),3.74,0.77,-0.31
86.876,2,Wall_3mx20cm_Wood_Panels (2),3.75,0.76,-0.31
86.904,2,Wall_3mx20cm_Wood_Panels (2),3.75,0.76,-0.31
86.946,2,Wall_3mx20cm_Wood_Panels (2),3.75,0.75,-0.31
86.974,2,Wall_3mx20cm_Wood_Panels (2),3.74,0.75,-0.31
87.001,2,Wall_3mx20cm_Wood_Panels (2),3.74,0.75,-0.31
87.044,2,Wall_3mx20cm_Wood_Panels (2),3.75,0.74,-0.31
87.071,2,Wall_3mx20cm_Wood_Panels (2),3.75,0.74,-0.31
87.099,2,Wall_3mx20cm_Wood_Panels (2),3.75,0.74,-0.31
87.141,2,Wall_3mx20cm_Wood_Panels (2),3.76,0.73,-0.31
87.169,2,Wall_3mx20cm_Wood_Panels (2),3.76,0.73,-0.31
87.211,2,Wall_3mx20cm_Wood_Panels (2),3.77,0.73,-0.31
87.238,2,Wall_3mx20cm_Wood_Panels (2),3.77,0.73,-0.31
87.266,2,Wall_3mx20cm_Wood_Panels (2),3.78,0.73,-0.31
87.308,2,Wall_3mx20cm_Wood_Panels (2),3.79,0.72,-0.31
87.336,2,Wall_3mx20cm_Wood_Panels (2),3.79,0.72,-0.31
87.378,2,Wall_3mx20cm_Wood_Panels (2),3.80,0.73,-0.31
87.406,2,Wall_3mx20cm_Wood_Panels (2),3.80,0.73,-0.31
87.434,2,Wall_3mx20cm_Wood_Panels (2),3.80,0.73,-0.31
87.476,2,Wall_3mx20cm_Wood_Panels (2),3.81,0.73,-0.31
87.503,2,Wall_3mx20cm_Wood_Panels (2),3.81,0.73,-0.31
87.545,2,Wall_3mx20cm_Wood_Panels (2),3.81,0.73,-0.31
87.573,2,Wall_3mx20cm_Wood_Panels (2),3.80,0.72,-0.31
87.600,2,Wall_3mx20cm_Wood_Panels (2),3.80,0.72,-0.31
87.643,2,Wall_3mx20cm_Wood_Panels (2),3.78,0.72,-0.31
87.670,2,Wall_3mx20cm_Wood_Panels (2),3.78,0.72,-0.31
87.712,2,Wall_3mx20cm_Wood_Panels (2),3.76,0.73,-0.31
87.740,2,Wall_3mx20cm_Wood_Panels (2),3.76,0.73,-0.31
87.768,2,Wall_3mx20cm_Wood_Panels (2),3.76,0.73,-0.31
87.810,2,Wall_3mx20cm_Wood_Panels (2),3.75,0.73,-0.31
87.837,2,Wall_3mx20cm_Wood_Panels (2),3.75,0.73,-0.31
87.879,2,Wall_3mx20cm_Wood_Panels (2),3.74,0.74,-0.31
87.907,2,Wall_3mx20cm_Wood_Panels (2),3.73,0.74,-0.31
87.935,2,Wall_3mx20cm_Wood_Panels (2),3.72,0.74,-0.31
87.976,2,Wall_3mx20cm_Wood_Panels (2),3.71,0.74,-0.31
88.004,2,Wall_3mx20cm_Wood_Panels (2),3.71,0.74,-0.31
88.032,2,Wall_3mx20cm_Wood_Panels (2),3.71,0.74,-0.31
88.074,2,Wall_3mx20cm_Wood_Panels (2),3.70,0.75,-0.31
88.102,2,Wall_3mx20cm_Wood_Panels (2),3.69,0.76,-0.31
88.143,2,Wall_3mx20cm_Wood_Panels (2),3.68,0.77,-0.31
88.172,2,Wall_3mx20cm_Wood_Panels (2),3.67,0.77,-0.31
88.199,2,Wall_3mx20cm_Wood_Panels (2),3.68,0.77,-0.31
88.241,2,Wall_3mx20cm_Wood_Panels (2),3.69,0.77,-0.31
88.269,2,Wall_3mx20cm_Wood_Panels (2),3.70,0.76,-0.31
88.311,2,Wall_3mx20cm_Wood_Panels (2),3.72,0.76,-0.31
88.338,2,Wall_3mx20cm_Wood_Panels (2),3.72,0.75,-0.31
88.367,2,Wall_3mx20cm_Wood_Panels (2),3.73,0.76,-0.31
88.408,2,Wall_3mx20cm_Wood_Panels (2),3.73,0.76,-0.31
88.436,2,Wall_3mx20cm_Wood_Panels (2),3.74,0.76,-0.31
88.477,2,Wall_3mx20cm_Wood_Panels (2),3.73,0.75,-0.31
88.505,2,Wall_3mx20cm_Wood_Panels (2),3.73,0.75,-0.31
88.533,2,Wall_3mx20cm_Wood_Panels (2),3.73,0.75,-0.31
88.575,2,Wall_3mx20cm_Wood_Panels (2),3.72,0.76,-0.31
88.603,2,Wall_3mx20cm_Wood_Panels (2),3.73,0.76,-0.31
88.644,2,Wall_3mx20cm_Wood_Panels (2),3.74,0.76,-0.31
88.672,2,Wall_3mx20cm_Wood_Panels (2),3.74,0.76,-0.31
88.700,2,Wall_3mx20cm_Wood_Panels (2),3.74,0.76,-0.31
88.742,2,Wall_3mx20cm_Wood_Panels (2),3.74,0.77,-0.31
88.769,2,Wall_3mx20cm_Wood_Panels (2),3.74,0.77,-0.31
88.812,2,Wall_3mx20cm_Wood_Panels (2),3.74,0.77,-0.31
88.839,2,Wall_3mx20cm_Wood_Panels (2),3.75,0.77,-0.31
88.867,2,Wall_3mx20cm_Wood_Panels (2),3.75,0.77,-0.31
88.909,2,Wall_3mx20cm_Wood_Panels (2),3.75,0.77,-0.31
88.937,2,Wall_3mx20cm_Wood_Panels (2),3.74,0.78,-0.31
88.979,2,Wall_3mx20cm_Wood_Panels (2),3.73,0.78,-0.31
89.006,2,Wall_3mx20cm_Wood_Panels (2),3.73,0.78,-0.31
89.034,2,Wall_3mx20cm_Wood_Panels (2),3.74,0.78,-0.31
89.076,2,Wall_3mx20cm_Wood_Panels (2),3.75,0.77,-0.31
89.104,2,Wall_3mx20cm_Wood_Panels (2),3.75,0.76,-0.31
89.147,2,Wall_3mx20cm_Wood_Panels (2),3.75,0.76,-0.31
89.174,2,Wall_3mx20cm_Wood_Panels (2),3.75,0.76,-0.31
89.201,2,Wall_3mx20cm_Wood_Panels (2),3.75,0.76,-0.31
89.244,2,Wall_3mx20cm_Wood_Panels (2),3.75,0.76,-0.31
89.271,2,Wall_3mx20cm_Wood_Panels (2),3.75,0.76,-0.31
89.313,2,Wall_3mx20cm_Wood_Panels (2),3.74,0.76,-0.31
89.341,2,Wall_3mx20cm_Wood_Panels (2),3.73,0.77,-0.31
89.369,2,Wall_3mx20cm_Wood_Panels (2),3.73,0.77,-0.31
89.411,2,Wall_3mx20cm_Wood_Panels (2),3.73,0.77,-0.31
89.438,2,Wall_3mx20cm_Wood_Panels (2),3.74,0.77,-0.31
89.466,2,Wall_3mx20cm_Wood_Panels (2),3.74,0.77,-0.31
89.508,2,Wall_3mx20cm_Wood_Panels (2),3.73,0.77,-0.31
89.536,2,Wall_3mx20cm_Wood_Panels (2),3.73,0.78,-0.31
89.577,2,Wall_3mx20cm_Wood_Panels (2),3.73,0.78,-0.31
89.605,2,Wall_3mx20cm_Wood_Panels (2),3.73,0.78,-0.31
89.633,2,Wall_3mx20cm_Wood_Panels (2),3.73,0.77,-0.31
89.675,2,Wall_3mx20cm_Wood_Panels (2),3.74,0.77,-0.31
89.703,2,Wall_3mx20cm_Wood_Panels (2),3.75,0.77,-0.31
89.744,2,Wall_3mx20cm_Wood_Panels (2),3.75,0.77,-0.31
89.772,2,Wall_3mx20cm_Wood_Panels (2),3.75,0.77,-0.31
89.800,2,Wall_3mx20cm_Wood_Panels (2),3.75,0.77,-0.31
89.842,2,Wall_3mx20cm_Wood_Panels (2),3.75,0.76,-0.31
89.870,2,Wall_3mx20cm_Wood_Panels (2),3.75,0.76,-0.31
89.911,2,Wall_3mx20cm_Wood_Panels (2),3.75,0.77,-0.31
89.939,2,Wall_3mx20cm_Wood_Panels (2),3.74,0.77,-0.31
89.967,2,Wall_3mx20cm_Wood_Panels (2),3.72,0.78,-0.31
90.009,2,Wall_3mx20cm_Wood_Panels (2),3.70,0.80,-0.31
90.036,2,Wall_3mx20cm_Wood_Panels (2),3.68,0.81,-0.31
90.078,2,Wall_3mx20cm_Wood_Panels (2),3.66,0.81,-0.31
90.106,2,Wall_3mx20cm_Wood_Panels (2),3.66,0.81,-0.31
90.134,2,Wall_3mx20cm_Wood_Panels (2),3.65,0.81,-0.31
90.176,2,Wall_3mx20cm_Wood_Panels (2),3.64,0.82,-0.31
90.204,2,Wall_3mx20cm_Wood_Panels (2),3.64,0.82,-0.31
90.246,2,Wall_3mx20cm_Wood_Panels (2),3.64,0.82,-0.31
90.274,2,Wall_3mx20cm_Wood_Panels (2),3.65,0.81,-0.31
90.301,2,Wall_3mx20cm_Wood_Panels (2),3.67,0.81,-0.31
90.343,2,Wall_3mx20cm_Wood_Panels (2),3.70,0.81,-0.31
90.372,2,Wall_3mx20cm_Wood_Panels (2),3.72,0.81,-0.31
90.399,2,Wall_3mx20cm_Wood_Panels (2),3.72,0.81,-0.31
90.441,2,Wall_3mx20cm_Wood_Panels (2),3.72,0.81,-0.31
90.468,2,Wall_3mx20cm_Wood_Panels (2),3.71,0.82,-0.31
90.510,2,Wall_3mx20cm_Wood_Panels (2),3.70,0.82,-0.31
90.538,2,Wall_3mx20cm_Wood_Panels (2),3.69,0.81,-0.31
90.566,2,Wall_3mx20cm_Wood_Panels (2),3.69,0.82,-0.31
90.608,2,Wall_3mx20cm_Wood_Panels (2),3.70,0.82,-0.31
90.636,2,Wall_3mx20cm_Wood_Panels (2),3.70,0.82,-0.31
90.677,2,Wall_3mx20cm_Wood_Panels (2),3.72,0.81,-0.31
90.705,2,Wall_3mx20cm_Wood_Panels (2),3.73,0.80,-0.31
90.733,2,Wall_3mx20cm_Wood_Panels (2),3.74,0.80,-0.31
90.775,2,Wall_3mx20cm_Wood_Panels (2),3.73,0.80,-0.31
90.803,2,Wall_3mx20cm_Wood_Panels (2),3.73,0.80,-0.31
90.844,2,Wall_3mx20cm_Wood_Panels (2),3.71,0.80,-0.31
90.872,2,Wall_3mx20cm_Wood_Panels (2),3.71,0.80,-0.31
90.900,2,Wall_3mx20cm_Wood_Panels (2),3.71,0.80,-0.31
90.942,2,Wall_3mx20cm_Wood_Panels (2),3.71,0.80,-0.31
90.969,2,Wall_3mx20cm_Wood_Panels (2),3.72,0.80,-0.31
91.011,2,Wall_3mx20cm_Wood_Panels (2),3.72,0.79,-0.31
91.039,2,Wall_3mx20cm_Wood_Panels (2),3.73,0.79,-0.31
91.066,2,Wall_3mx20cm_Wood_Panels (2),3.74,0.79,-0.31
91.109,2,Wall_3mx20cm_Wood_Panels (2),3.74,0.79,-0.31
91.136,2,Wall_3mx20cm_Wood_Panels (2),3.73,0.80,-0.31
91.178,2,Wall_3mx20cm_Wood_Panels (2),3.73,0.80,-0.31
91.207,2,Wall_3mx20cm_Wood_Panels (2),3.73,0.81,-0.31
91.234,2,Wall_3mx20cm_Wood_Panels (2),3.73,0.81,-0.31
91.275,2,Wall_3mx20cm_Wood_Panels (2),3.73,0.80,-0.31
91.303,2,Wall_3mx20cm_Wood_Panels (2),3.74,0.79,-0.31
91.345,2,Wall_3mx20cm_Wood_Panels (2),3.74,0.79,-0.31
91.373,2,Wall_3mx20cm_Wood_Panels (2),3.74,0.79,-0.31
91.401,2,Wall_3mx20cm_Wood_Panels (2),3.74,0.79,-0.31
91.442,2,Wall_3mx20cm_Wood_Panels (2),3.75,0.79,-0.31
91.470,2,Wall_3mx20cm_Wood_Panels (2),3.75,0.79,-0.31
91.512,2,Wall_3mx20cm_Wood_Panels (2),3.76,0.79,-0.31
91.540,2,Wall_3mx20cm_Wood_Panels (2),3.76,0.79,-0.31
91.569,2,Wall_3mx20cm_Wood_Panels (2),3.76,0.80,-0.31
91.609,2,Wall_3mx20cm_Wood_Panels (2),3.77,0.80,-0.31
91.638,2,Wall_3mx20cm_Wood_Panels (2),3.78,0.80,-0.31
91.666,2,Wall_3mx20cm_Wood_Panels (2),3.79,0.80,-0.31
91.707,2,Wall_3mx20cm_Wood_Panels (2),3.80,0.80,-0.31
91.735,2,Wall_3mx20cm_Wood_Panels (2),3.80,0.80,-0.31
91.776,2,Wall_3mx20cm_Wood_Panels (2),3.80,0.82,-0.31
91.804,2,Wall_3mx20cm_Wood_Panels (2),3.80,0.83,-0.31
91.833,2,Wall_3mx20cm_Wood_Panels (2),3.80,0.84,-0.31
91.875,2,Wall_3mx20cm_Wood_Panels (2),3.80,0.83,-0.31
91.902,2,Wall_3mx20cm_Wood_Panels (2),3.80,0.82,-0.31
91.944,2,Wall_3mx20cm_Wood_Panels (2),3.81,0.82,-0.31
91.972,2,Wall_3mx20cm_Wood_Panels (2),3.82,0.82,-0.31
91.999,2,Wall_3mx20cm_Wood_Panels (2),3.82,0.82,-0.31
92.041,2,Wall_3mx20cm_Wood_Panels (2),3.83,0.82,-0.31
92.069,2,Wall_3mx20cm_Wood_Panels (2),3.83,0.82,-0.31
92.111,2,Wall_3mx20cm_Wood_Panels (2),3.83,0.84,-0.31
92.139,2,Wall_3mx20cm_Wood_Panels (2),3.84,0.85,-0.31
92.166,2,Wall_3mx20cm_Wood_Panels (2),3.84,0.86,-0.31
92.209,2,Wall_3mx20cm_Wood_Panels (2),3.85,0.86,-0.31
92.236,2,Wall_3mx20cm_Wood_Panels (2),3.86,0.86,-0.31
92.278,2,Wall_3mx20cm_Wood_Panels (2),3.89,0.84,-0.31
92.306,2,Wall_3mx20cm_Wood_Panels (2),3.93,0.81,-0.31
92.334,2,Wall_3mx20cm_Wood_Panels (2),3.99,0.80,-0.31
92.376,2,Wall_3mx20cm_Wood_Panels (2),4.06,0.78,-0.31
92.402,2,Wall_3mx20cm_Wood_Panels (2),4.09,0.77,-0.31
92.445,2,Wall_3mx20cm_Wood_Panels (2),4.13,0.75,-0.31
92.472,2,Wall_3mx20cm_Wood_Panels (2),4.14,0.74,-0.31
92.501,2,Wall_3mx20cm_Wood_Panels (2),4.14,0.73,-0.31
92.542,2,Wall_3mx20cm_Wood_Panels (2),4.13,0.72,-0.31
92.570,2,Wall_3mx20cm_Wood_Panels (2),4.13,0.72,-0.31
92.612,2,Wall_3mx20cm_Wood_Panels (2),4.12,0.73,-0.31
92.640,2,Wall_3mx20cm_Wood_Panels (2),4.11,0.74,-0.31
92.668,2,Wall_3mx20cm_Wood_Panels (2),4.11,0.75,-0.31
92.710,2,Wall_3mx20cm_Wood_Panels (2),4.11,0.75,-0.31
92.737,2,Wall_3mx20cm_Wood_Panels (2),4.11,0.75,-0.31
92.779,2,Wall_3mx20cm_Wood_Panels (2),4.10,0.72,-0.31
92.808,2,Wall_3mx20cm_Wood_Panels (2),4.06,0.72,-0.31
92.835,2,Wall_3mx20cm_Wood_Panels (2),3.98,0.72,-0.31
92.877,2,Wall_3mx20cm_Wood_Panels (2),3.87,0.70,-0.31
92.904,2,Wall_3mx20cm_Wood_Panels (2),3.83,0.70,-0.31
92.933,2,Wall_3mx20cm_Wood_Panels (2),3.79,0.69,-0.31
92.974,2,Wall_3mx20cm_Wood_Panels (2),3.77,0.67,-0.31
93.002,2,Wall_3mx20cm_Wood_Panels (2),3.76,0.66,-0.31
93.044,2,Wall_3mx20cm_Wood_Panels (2),3.75,0.65,-0.31
93.072,2,Wall_3mx20cm_Wood_Panels (2),3.73,0.64,-0.31
93.099,2,Wall_3mx20cm_Wood_Panels (2),3.71,0.66,-0.31
93.141,2,Wall_3mx20cm_Wood_Panels (2),3.68,0.65,-0.31
93.169,2,Wall_3mx20cm_Wood_Panels (2),3.66,0.65,-0.31
93.211,2,Wall_3mx20cm_Wood_Panels (2),3.63,0.65,-0.31
93.239,2,Wall_3mx20cm_Wood_Panels (2),3.62,0.65,-0.31
93.267,2,Wall_3mx20cm_Wood_Panels (2),3.60,0.66,-0.31
93.308,2,Wall_3mx20cm_Wood_Panels (2),3.56,0.68,-0.31
93.336,2,Wall_3mx20cm_Wood_Panels (2),3.55,0.69,-0.31
93.378,2,Wall_3mx20cm_Wood_Panels (2),3.54,0.69,-0.31
93.406,2,Wall_3mx20cm_Wood_Panels (2),3.54,0.69,-0.31
93.434,2,Wall_3mx20cm_Wood_Panels (2),3.54,0.70,-0.31
93.476,2,Wall_3mx20cm_Wood_Panels (2),3.55,0.69,-0.31
93.503,2,Wall_3mx20cm_Wood_Panels (2),3.56,0.70,-0.31
93.545,2,Wall_3mx20cm_Wood_Panels (2),3.56,0.71,-0.31
93.572,2,Wall_3mx20cm_Wood_Panels (2),3.57,0.69,-0.31
93.601,2,Wall_3mx20cm_Wood_Panels (2),3.58,0.67,-0.31
93.643,2,Wall_3mx20cm_Wood_Panels (2),3.60,0.64,-0.31
93.671,2,Wall_3mx20cm_Wood_Panels (2),3.61,0.64,-0.31
93.713,2,Wall_3mx20cm_Wood_Panels (2),3.62,0.63,-0.31
93.740,2,Wall_3mx20cm_Wood_Panels (2),3.63,0.62,-0.31
93.768,2,Wall_3mx20cm_Wood_Panels (2),3.63,0.62,-0.31
93.809,2,Wall_3mx20cm_Wood_Panels (2),3.64,0.63,-0.31
93.838,2,Wall_3mx20cm_Wood_Panels (2),3.64,0.61,-0.31
93.879,2,Wall_3mx20cm_Wood_Panels (2),3.65,0.61,-0.31
93.907,2,Wall_3mx20cm_Wood_Panels (2),3.66,0.60,-0.31
93.935,2,Wall_3mx20cm_Wood_Panels (2),3.66,0.60,-0.31
93.977,2,Wall_3mx20cm_Wood_Panels (2),3.66,0.59,-0.31
94.005,2,Wall_3mx20cm_Wood_Panels (2),3.66,0.59,-0.31
94.047,2,Wall_3mx20cm_Wood_Panels (2),3.66,0.59,-0.31
94.074,2,Wall_3mx20cm_Wood_Panels (2),3.65,0.59,-0.31
94.102,2,Wall_3mx20cm_Wood_Panels (2),3.65,0.59,-0.31
94.144,2,Wall_3mx20cm_Wood_Panels (2),3.65,0.59,-0.31
94.173,2,Wall_3mx20cm_Wood_Panels (2),3.65,0.60,-0.31
94.199,2,Wall_3mx20cm_Wood_Panels (2),3.65,0.60,-0.31
94.242,2,Wall_3mx20cm_Wood_Panels (2),3.66,0.61,-0.31
94.269,2,Wall_3mx20cm_Wood_Panels (2),3.66,0.61,-0.31
94.311,2,Wall_3mx20cm_Wood_Panels (2),3.66,0.60,-0.31
94.339,2,Wall_3mx20cm_Wood_Panels (2),3.66,0.61,-0.31
94.366,2,Wall_3mx20cm_Wood_Panels (2),3.66,0.62,-0.31
94.408,2,Wall_3mx20cm_Wood_Panels (2),3.66,0.61,-0.31
94.436,2,Wall_3mx20cm_Wood_Panels (2),3.66,0.61,-0.31
94.478,2,Wall_3mx20cm_Wood_Panels (2),3.67,0.62,-0.31
94.506,2,Wall_3mx20cm_Wood_Panels (2),3.67,0.61,-0.31
94.533,2,Wall_3mx20cm_Wood_Panels (2),3.67,0.62,-0.31
94.575,2,Wall_3mx20cm_Wood_Panels (2),3.67,0.62,-0.31
94.603,2,Wall_3mx20cm_Wood_Panels (2),3.67,0.62,-0.31
94.645,2,Wall_3mx20cm_Wood_Panels (2),3.68,0.62,-0.31
94.673,2,Wall_3mx20cm_Wood_Panels (2),3.68,0.62,-0.31
94.701,2,Wall_3mx20cm_Wood_Panels (2),3.69,0.62,-0.31
94.742,2,Wall_3mx20cm_Wood_Panels (2),3.69,0.62,-0.31
94.770,2,Wall_3mx20cm_Wood_Panels (2),3.69,0.61,-0.31
94.812,2,Wall_3mx20cm_Wood_Panels (2),3.70,0.61,-0.31
94.841,2,Wall_3mx20cm_Wood_Panels (2),3.70,0.59,-0.31
94.867,2,Wall_3mx20cm_Wood_Panels (2),3.71,0.59,-0.31
94.909,2,Wall_3mx20cm_Wood_Panels (2),3.71,0.60,-0.31
94.937,2,Wall_3mx20cm_Wood_Panels (2),3.71,0.60,-0.31
94.966,2,Wall_3mx20cm_Wood_Panels (2),3.71,0.60,-0.31
95.007,2,Wall_3mx20cm_Wood_Panels (2),3.71,0.60,-0.31
95.035,2,Wall_3mx20cm_Wood_Panels (2),3.71,0.60,-0.31
95.076,2,Wall_3mx20cm_Wood_Panels (2),3.71,0.60,-0.31
95.104,2,Wall_3mx20cm_Wood_Panels (2),3.71,0.60,-0.31
95.133,2,Wall_3mx20cm_Wood_Panels (2),3.71,0.61,-0.31
95.174,2,Wall_3mx20cm_Wood_Panels (2),3.71,0.61,-0.31
95.202,2,Wall_3mx20cm_Wood_Panels (2),3.72,0.62,-0.31
95.244,2,Wall_3mx20cm_Wood_Panels (2),3.71,0.62,-0.31
95.272,2,Wall_3mx20cm_Wood_Panels (2),3.71,0.61,-0.31
95.299,2,Wall_3mx20cm_Wood_Panels (2),3.71,0.61,-0.31
95.341,2,Wall_3mx20cm_Wood_Panels (2),3.71,0.61,-0.31
95.369,2,Wall_3mx20cm_Wood_Panels (2),3.71,0.61,-0.31
95.410,2,Wall_3mx20cm_Wood_Panels (2),3.71,0.61,-0.31
95.439,2,Wall_3mx20cm_Wood_Panels (2),3.71,0.62,-0.31
95.466,2,Wall_3mx20cm_Wood_Panels (2),3.71,0.63,-0.31
95.508,2,Wall_3mx20cm_Wood_Panels (2),3.72,0.63,-0.31
95.536,2,Wall_3mx20cm_Wood_Panels (2),3.72,0.63,-0.31
95.578,2,Wall_3mx20cm_Wood_Panels (2),3.72,0.63,-0.31
95.605,2,Wall_3mx20cm_Wood_Panels (2),3.72,0.63,-0.31
95.633,2,Wall_3mx20cm_Wood_Panels (2),3.72,0.63,-0.31
95.675,2,Wall_3mx20cm_Wood_Panels (2),3.72,0.62,-0.31
95.703,2,Wall_3mx20cm_Wood_Panels (2),3.73,0.62,-0.31
95.745,2,Wall_3mx20cm_Wood_Panels (2),3.73,0.62,-0.31
95.774,2,Wall_3mx20cm_Wood_Panels (2),3.74,0.62,-0.31
95.801,2,Wall_3mx20cm_Wood_Panels (2),3.74,0.62,-0.31
95.841,2,Wall_3mx20cm_Wood_Panels (2),3.75,0.62,-0.31
95.870,2,Wall_3mx20cm_Wood_Panels (2),3.75,0.60,-0.31
95.912,2,Wall_3mx20cm_Wood_Panels (2),3.75,0.61,-0.31
95.939,2,Wall_3mx20cm_Wood_Panels (2),3.74,0.61,-0.31
95.967,2,Wall_3mx20cm_Wood_Panels (2),3.72,0.64,-0.31
96.010,2,Wall_3mx20cm_Wood_Panels (2),3.69,0.67,-0.31
96.037,2,Wall_3mx20cm_Wood_Panels (2),3.67,0.68,-0.31
96.079,2,Wall_3mx20cm_Wood_Panels (2),3.65,0.72,-0.31
96.107,2,Wall_3mx20cm_Wood_Panels (2),3.64,0.72,-0.31
96.135,2,Wall_3mx20cm_Wood_Panels (2),3.62,0.73,-0.31
96.176,2,Wall_3mx20cm_Wood_Panels (2),3.59,0.75,-0.31
96.204,2,Wall_3mx20cm_Wood_Panels (2),3.57,0.76,-0.31
96.232,2,Wall_3mx20cm_Wood_Panels (2),3.53,0.77,-0.31
96.274,2,Wall_3mx20cm_Wood_Panels (2),3.47,0.81,-0.31
96.302,2,Wall_3mx20cm_Wood_Panels (2),3.39,0.84,-0.31
96.343,2,Wall_3mx20cm_Wood_Panels (2),3.27,0.86,-0.31
96.371,2,Wall_3mx20cm_Wood_Panels (2),3.22,0.86,-0.31
96.399,2,Wall_3mx20cm_Wood_Panels (2),3.19,0.84,-0.31
96.442,2,Wall_3mx20cm_Wood_Panels (2),3.20,0.82,-0.31
96.469,2,Wall_3mx20cm_Wood_Panels (2),3.24,0.80,-0.31
96.511,2,Wall_3mx20cm_Wood_Panels (2),3.32,0.76,-0.31
96.540,2,Wall_3mx20cm_Wood_Panels (2),3.36,0.75,-0.31
96.568,2,Wall_3mx20cm_Wood_Panels (2),3.38,0.76,-0.31
96.608,2,Wall_3mx20cm_Wood_Panels (2),3.43,0.77,-0.31
96.636,2,Wall_3mx20cm_Wood_Panels (2),3.48,0.77,-0.31
96.678,2,Wall_3mx20cm_Wood_Panels (2),3.57,0.75,-0.31
96.705,2,Wall_3mx20cm_Wood_Panels (2),3.63,0.73,-0.31
96.733,2,Wall_3mx20cm_Wood_Panels (2),3.68,0.71,-0.31
96.775,2,Wall_3mx20cm_Wood_Panels (2),3.76,0.67,-0.31
96.803,2,Wall_3mx20cm_Wood_Panels (2),3.81,0.63,-0.31
96.844,2,Wall_3mx20cm_Wood_Panels (2),3.91,0.55,-0.31
96.872,2,Wall_3mx20cm_Wood_Panels (2),3.97,0.51,-0.31
96.901,2,Wall_3mx20cm_Wood_Panels (2),4.02,0.46,-0.31
96.942,2,Wall_3mx20cm_Wood_Panels (2),4.09,0.42,-0.31
96.969,2,Wall_3mx20cm_Wood_Panels (2),4.13,0.39,-0.31
97.011,2,Wall_3mx20cm_Wood_Panels (2),4.17,0.37,-0.31
97.039,2,Wall_3mx20cm_Wood_Panels (2),4.20,0.36,-0.31
97.067,2,Wall_3mx20cm_Wood_Panels (2),4.23,0.36,-0.31
97.109,2,Wall_3mx20cm_Wood_Panels (2),4.26,0.35,-0.31
97.136,2,Wall_3mx20cm_Wood_Panels (2),4.28,0.34,-0.31
97.178,2,Wall_3mx20cm_Wood_Panels (2),4.32,0.32,-0.31
97.207,2,Wall_3mx20cm_Wood_Panels (2),4.34,0.31,-0.31
97.234,2,Wall_3mx20cm_Wood_Panels (2),4.35,0.32,-0.31
97.275,2,Wall_3mx20cm_Wood_Panels (2),4.38,0.30,-0.31
97.303,2,Wall_3mx20cm_Wood_Panels (2),4.40,0.30,-0.31
97.346,2,Wall_3mx20cm_Wood_Panels (3),4.42,0.29,-0.31
97.373,2,Wall_3mx20cm_Wood_Panels (3),4.44,0.28,-0.31
97.402,2,Wall_3mx20cm_Wood_Panels (3),4.47,0.28,-0.31
97.443,2,Wall_3mx20cm_Wood_Panels (3),4.50,0.27,-0.31
97.471,2,Wall_3mx20cm_Wood_Panels (3),4.51,0.27,-0.31
97.512,2,Wall_3mx20cm_Wood_Panels (3),4.52,0.27,-0.31
97.540,2,Wall_3mx20cm_Wood_Panels (3),4.53,0.28,-0.31
97.568,2,Wall_3mx20cm_Wood_Panels (3),4.53,0.28,-0.31
97.610,2,Wall_3mx20cm_Wood_Panels (3),4.51,0.27,-0.31
97.638,2,Wall_3mx20cm_Wood_Panels (3),4.50,0.27,-0.31
97.666,2,Wall_3mx20cm_Wood_Panels (3),4.49,0.29,-0.31
97.707,2,Wall_3mx20cm_Wood_Panels (3),4.47,0.30,-0.31
97.734,2,Wall_3mx20cm_Wood_Panels (3),4.45,0.32,-0.31
97.777,2,Wall_3mx20cm_Wood_Panels (2),4.39,0.35,-0.31
97.806,2,Wall_3mx20cm_Wood_Panels (2),4.36,0.37,-0.31
97.833,2,Wall_3mx20cm_Wood_Panels (2),4.30,0.40,-0.31
97.876,2,Wall_3mx20cm_Wood_Panels (2),4.21,0.45,-0.31
97.903,2,Wall_3mx20cm_Wood_Panels (2),4.15,0.46,-0.31
97.944,2,Wall_3mx20cm_Wood_Panels (2),4.04,0.48,-0.31
97.971,2,Wall_3mx20cm_Wood_Panels (2),3.97,0.50,-0.31
98.000,2,Wall_3mx20cm_Wood_Panels (2),3.91,0.55,-0.31
98.042,2,Wall_3mx20cm_Wood_Panels (2),3.84,0.62,-0.31
98.070,2,Wall_3mx20cm_Wood_Panels (2),3.75,0.67,-0.31
98.112,2,Wall_3mx20cm_Wood_Panels (2),3.56,0.73,-0.31
98.139,2,Wall_3mx20cm_Wood_Panels (2),3.45,0.75,-0.31
98.167,2,Wall_3mx20cm_Wood_Panels (2),3.36,0.81,-0.31
98.209,2,Wall_3mx20cm_Wood_Panels (2),3.16,0.95,-0.31
98.237,2,Wall_3mx20cm_Wood_Panels (2),3.04,1.06,-0.31
98.278,2,Wall_3mx20cm_Wood_Panels (2),2.86,1.20,-0.31
98.307,2,Wall_3mx20cm_Wood_Panels (2),2.72,1.29,-0.31
98.335,2,Wall_3mx20cm_Wood_Panels (2),2.57,1.39,-0.31
98.376,2,Wall_3mx20cm_Wood_Panels (2),2.28,1.54,-0.31
98.404,2,Wall_3mx20cm_Wood_Panels (2),2.07,1.64,-0.31
98.446,2,Ceiling_3x3m (7),1.92,1.70,-0.38
98.474,2,Ceiling_3x3m (7),1.88,1.70,-0.43
98.502,2,Ceiling_3x3m (7),1.79,1.70,-0.47
98.544,2,Ceiling_3x3m (7),1.68,1.70,-0.52
98.571,2,Ceiling_3x3m (7),1.61,1.70,-0.54
98.599,2,Ceiling_log_3m (20),1.52,1.69,-0.55
98.641,2,Ceiling_log_3m (20),1.52,1.67,-0.60
98.669,2,Ceiling_log_3m (20),1.52,1.65,-0.62
98.711,2,Ceiling_log_3m (20),1.52,1.61,-0.63
98.739,2,Ceiling_log_3m (20),1.52,1.61,-0.62
98.766,2,Ceiling_log_3m (20),1.52,1.60,-0.59
98.808,2,Ceiling_log_3m (20),1.52,1.60,-0.54
98.836,2,Ceiling_log_3m (20),1.52,1.62,-0.52
98.878,2,Ceiling_log_3m (20),1.52,1.62,-0.51
98.905,2,Ceiling_log_3m (20),1.52,1.66,-0.52
98.934,2,Ceiling_3x3m (7),1.54,1.70,-0.55
98.975,2,Ceiling_3x3m (7),1.63,1.70,-0.61
99.003,2,Ceiling_3x3m (7),1.75,1.70,-0.66
99.045,2,Ceiling_3x3m (7),1.87,1.70,-0.72
99.073,2,Ceiling_3x3m (7),1.91,1.70,-0.75
99.101,2,Ceiling_3x3m (7),1.93,1.70,-0.77
99.142,2,Ceiling_3x3m (7),1.94,1.70,-0.79
99.170,2,Ceiling_3x3m (7),1.93,1.70,-0.81
99.211,2,Ceiling_3x3m (7),1.94,1.70,-0.86
99.240,2,Ceiling_3x3m (7),1.97,1.70,-0.90
99.268,2,Ceiling_log_3m (21),2.37,1.50,-1.01
99.309,2,Ceiling_log_3m (21),2.46,1.56,-1.03
99.337,2,Ceiling_log_3m (21),2.46,1.67,-1.02
99.379,2,Ceiling_3x3m (7),2.71,1.70,-1.02
99.407,2,Ceiling_3x3m (7),2.81,1.70,-0.99
99.435,2,Ceiling_3x3m (7),2.86,1.70,-0.96
99.476,2,Ceiling_3x3m (7),2.78,1.70,-0.92
99.504,2,Ceiling_3x3m (7),2.62,1.70,-0.87
99.532,2,Ceiling_log_3m (21),2.46,1.65,-0.85
99.573,2,Ceiling_3x3m (7),1.99,1.70,-0.78
99.601,2,Ceiling_3x3m (7),1.86,1.70,-0.78
99.643,2,Ceiling_3x3m (7),1.90,1.70,-0.82
99.671,2,Ceiling_3x3m (7),1.91,1.70,-0.85
99.714,2,Ceiling_3x3m (7),1.91,1.70,-0.95
99.741,2,Ceiling_3x3m (7),1.94,1.70,-1.03
99.768,2,Ceiling_3x3m (6),1.97,1.70,-1.10
99.810,2,Ceiling_3x3m (6),1.84,1.70,-1.19
99.838,2,Ceiling_3x3m (6),1.77,1.70,-1.26
99.866,2,Ceiling_3x3m (6),1.73,1.70,-1.30
99.908,2,Ceiling_3x3m (6),1.71,1.70,-1.36
99.936,2,Ceiling_3x3m (6),1.62,1.70,-1.37
99.977,2,Ceiling_log_3m (20),1.52,1.66,-1.39
100.006,2,Ceiling_log_3m (20),1.52,1.63,-1.40
100.034,2,Ceiling_log_3m (20),1.52,1.61,-1.42
100.075,2,Ceiling_log_3m (20),1.52,1.57,-1.42
100.102,2,Ceiling_log_3m (20),1.52,1.52,-1.43
100.145,2,Wall_3mx20cm_Conference_Door,1.41,1.49,-1.42
100.174,2,Wall_3mx20cm_Conference_Door,1.41,1.41,-1.42
100.200,2,Wall_3mx20cm_Conference_Door,1.41,1.29,-1.42
100.242,2,Wall_3mx20cm_Conference_Door,1.41,1.11,-1.43
100.270,2,Wall_3mx20cm_Conference_Door,1.41,1.02,-1.44
100.312,2,Wall_3mx20cm_Conference_Door,1.41,0.89,-1.46
100.339,2,Wall_3mx20cm_Conference_Door,1.41,0.83,-1.46
100.368,2,Wall_3mx20cm_Conference_Door,1.41,0.81,-1.46
100.409,2,Wall_3mx20cm_Conference_Door,1.41,0.78,-1.49
100.438,2,Wall_3mx20cm_Conference_Door,1.41,0.75,-1.52
100.480,2,Wall_3mx20cm_Conference_Door,1.41,0.68,-1.57
100.506,2,Wall_3mx20cm_Conference_Door,1.41,0.64,-1.60
100.535,2,Wall_3mx20cm_Conference_Door,1.41,0.66,-1.63
100.577,2,Wall_3mx20cm_Conference_Door,1.41,0.61,-1.66
100.604,2,Wall_3mx20cm_Conference_Door,1.41,0.61,-1.68
100.632,2,Wall_3mx20cm_Conference_Door,1.41,0.63,-1.69
100.674,2,Wall_3mx20cm_Conference_Door,1.41,0.62,-1.70
100.702,2,Wall_3mx20cm_Conference_Door,1.41,0.62,-1.71
100.744,2,Wall_3mx20cm_Conference_Door,1.41,0.62,-1.70
100.772,2,Wall_3mx20cm_Conference_Door,1.41,0.62,-1.69
100.799,2,Wall_3mx20cm_Conference_Door,1.41,0.61,-1.68
100.841,2,Wall_3mx20cm_Conference_Door,1.41,0.57,-1.68
100.869,2,Wall_3mx20cm_Conference_Door,1.41,0.57,-1.69
100.910,2,Timer,1.47,0.56,-1.74
100.938,2,Timer,1.47,0.54,-1.77
100.966,2,Timer,1.47,0.55,-1.82
101.008,2,Timer,1.47,0.54,-1.89
101.036,2,Timer,1.47,0.53,-1.91
101.078,2,Timer,1.47,0.50,-1.93
101.105,2,Timer,1.47,0.48,-1.93
101.133,2,Timer,1.47,0.46,-1.94
101.176,2,Timer,1.47,0.46,-1.93
101.203,2,Timer,1.47,0.46,-1.94
101.245,2,Timer,1.47,0.47,-1.95
101.273,2,Timer,1.47,0.46,-1.96
101.300,2,Timer,1.47,0.47,-1.96
101.343,2,Timer,1.47,0.45,-1.97
101.371,2,Timer,1.47,0.46,-1.98
101.412,2,Timer,1.47,0.48,-1.99
101.440,2,Timer,1.47,0.48,-2.00
101.468,2,Timer,1.47,0.50,-2.01
101.510,2,Timer,1.47,0.53,-2.02
101.537,2,Timer,1.47,0.54,-2.03
101.579,2,Timer,1.47,0.60,-2.05
101.607,2,Timer,1.47,0.66,-2.08
101.635,2,Timer,1.47,0.69,-2.10
101.677,2,Timer,1.47,0.71,-2.13
101.704,2,Timer,1.47,0.74,-2.14
101.747,2,Timer,1.47,0.73,-2.15
101.775,2,Timer,1.47,0.73,-2.15
101.802,2,Timer,1.47,0.74,-2.15
101.844,2,Timer,1.47,0.82,-2.16
101.872,2,Timer,1.47,0.89,-2.16
101.900,2,Timer,1.47,0.94,-2.17
101.941,2,Timer,1.47,1.00,-2.19
101.970,2,Timer,1.47,1.03,-2.20
102.011,2,Wall_3mx20cm_Conference_Door,1.41,1.11,-2.21
102.039,2,Wall_3mx20cm_Conference_Door,1.41,1.13,-2.21
102.067,2,Wall_3mx20cm_Conference_Door,1.41,1.14,-2.20
102.109,2,Wall_3mx20cm_Conference_Door,1.41,1.16,-2.18
102.136,2,Wall_3mx20cm_Conference_Door,1.41,1.16,-2.17
102.178,2,Wall_3mx20cm_Conference_Door,1.41,1.22,-2.15
102.206,2,Wall_3mx20cm_Conference_Door,1.41,1.23,-2.13
102.233,2,Wall_3mx20cm_Conference_Door,1.41,1.23,-2.12
102.276,2,Wall_3mx20cm_Conference_Door,1.41,1.22,-2.12
102.303,2,Wall_3mx20cm_Conference_Door,1.41,1.25,-2.11
102.345,2,Wall_3mx20cm_Conference_Door,1.41,1.27,-2.09
102.373,2,Wall_3mx20cm_Conference_Door,1.41,1.29,-2.08
102.401,2,Wall_3mx20cm_Conference_Door,1.41,1.32,-2.08
102.442,2,Wall_3mx20cm_Conference_Door,1.41,1.35,-2.07
102.470,2,Wall_3mx20cm_Conference_Door,1.41,1.36,-2.07
102.512,2,Wall_3mx20cm_Conference_Door,1.41,1.35,-2.08
102.540,2,Wall_3mx20cm_Conference_Door,1.41,1.34,-2.09
102.567,2,Wall_3mx20cm_Conference_Door,1.41,1.34,-2.10
102.609,2,Wall_3mx20cm_Conference_Door,1.41,1.33,-2.10
102.637,2,Wall_3mx20cm_Conference_Door,1.41,1.33,-2.11
102.679,2,Wall_3mx20cm_Conference_Door,1.41,1.33,-2.12
102.707,2,Wall_3mx20cm_Conference_Door,1.41,1.35,-2.12
102.735,2,Wall_3mx20cm_Conference_Door,1.41,1.35,-2.14
102.777,2,Wall_3mx20cm_Conference_Door,1.41,1.36,-2.13
102.804,2,Wall_3mx20cm_Conference_Door,1.41,1.39,-2.11
102.833,2,Wall_3mx20cm_Conference_Door,1.41,1.43,-2.11
102.874,2,Wall_3mx20cm_Conference_Door,1.41,1.44,-2.12
102.901,2,Wall_3mx20cm_Conference_Door,1.41,1.43,-2.11
102.943,2,Wall_3mx20cm_Conference_Door,1.41,1.45,-2.11
102.971,2,Wall_3mx20cm_Conference_Door,1.41,1.42,-2.10
102.999,2,Wall_3mx20cm_Conference_Door,1.41,1.40,-2.10
103.041,2,Wall_3mx20cm_Conference_Door,1.41,1.39,-2.11
103.069,2,Wall_3mx20cm_Conference_Door,1.41,1.39,-2.11
103.110,2,Wall_3mx20cm_Conference_Door,1.41,1.40,-2.11
103.138,2,Wall_3mx20cm_Conference_Door,1.41,1.40,-2.11
103.166,2,Wall_3mx20cm_Conference_Door,1.41,1.40,-2.11
103.207,2,Wall_3mx20cm_Conference_Door,1.41,1.40,-2.11
103.235,2,Wall_3mx20cm_Conference_Door,1.41,1.40,-2.10
103.277,2,Wall_3mx20cm_Conference_Door,1.41,1.39,-2.09
103.305,2,Wall_3mx20cm_Conference_Door,1.41,1.40,-2.08
103.333,2,Wall_3mx20cm_Conference_Door,1.41,1.40,-2.06
103.375,2,Wall_3mx20cm_Conference_Door,1.41,1.42,-2.05
103.402,2,Wall_3mx20cm_Conference_Door,1.41,1.42,-2.04
103.444,2,Wall_3mx20cm_Conference_Door,1.41,1.42,-2.03
103.472,2,Wall_3mx20cm_Conference_Door,1.41,1.42,-2.02
103.500,2,Wall_3mx20cm_Conference_Door,1.41,1.40,-2.01
103.543,2,Wall_3mx20cm_Conference_Door,1.41,1.38,-1.99
103.570,2,Wall_3mx20cm_Conference_Door,1.41,1.40,-1.99
103.611,2,Wall_3mx20cm_Conference_Door,1.41,1.44,-1.99
103.639,2,Wall_3mx20cm_Conference_Door,1.41,1.46,-1.98
103.667,2,Wall_3mx20cm_Conference_Door,1.41,1.51,-1.98
103.709,2,Ceiling_log_3m (20),1.52,1.52,-1.97
103.737,2,Ceiling_log_3m (20),1.52,1.53,-1.94
103.778,2,Ceiling_log_3m (20),1.52,1.54,-1.91
103.806,2,Ceiling_log_3m (20),1.52,1.54,-1.90
103.834,2,Ceiling_log_3m (20),1.52,1.53,-1.89
103.876,2,Ceiling_log_3m (20),1.52,1.51,-1.88
103.904,2,Ceiling_log_3m (20),1.52,1.51,-1.88
103.946,2,Ceiling_log_3m (20),1.52,1.53,-1.89
103.973,2,Ceiling_log_3m (20),1.52,1.54,-1.90
104.001,2,Ceiling_log_3m (20),1.52,1.55,-1.91
104.044,2,Ceiling_log_3m (20),1.52,1.55,-1.91
104.070,2,Ceiling_log_3m (20),1.52,1.55,-1.92
104.113,2,Ceiling_log_3m (20),1.52,1.53,-1.92
104.140,2,Ceiling_log_3m (20),1.52,1.52,-1.92
104.168,2,Ceiling_log_3m (20),1.52,1.52,-1.92
104.210,2,Ceiling_log_3m (20),1.52,1.50,-1.92
104.238,2,Ceiling_log_3m (20),1.51,1.50,-1.92
104.266,2,Ceiling_log_3m (20),1.52,1.51,-1.93
104.308,2,Ceiling_log_3m (20),1.49,1.50,-1.93
104.336,2,Ceiling_log_3m (20),1.48,1.50,-1.93
104.377,2,Ceiling_log_3m (20),1.52,1.51,-1.93
104.407,2,Ceiling_log_3m (20),1.52,1.51,-1.92
104.433,2,Ceiling_log_3m (20),1.52,1.52,-1.92
104.475,2,Ceiling_log_3m (20),1.52,1.53,-1.91
104.502,2,Ceiling_log_3m (20),1.52,1.52,-1.90
104.544,2,Ceiling_log_3m (20),1.52,1.53,-1.90
104.573,2,Ceiling_log_3m (20),1.52,1.53,-1.90
104.600,2,Ceiling_log_3m (20),1.52,1.53,-1.90
104.642,2,Ceiling_log_3m (20),1.52,1.54,-1.90
104.670,2,Ceiling_log_3m (20),1.52,1.54,-1.90
104.712,2,Ceiling_log_3m (20),1.52,1.56,-1.89
104.739,2,Ceiling_log_3m (20),1.52,1.57,-1.88
104.768,2,Ceiling_log_3m (20),1.52,1.59,-1.88
104.809,2,Ceiling_log_3m (20),1.52,1.61,-1.88
104.837,2,Ceiling_log_3m (20),1.52,1.64,-1.87
104.866,2,Ceiling_log_3m (20),1.52,1.67,-1.87
104.906,2,Ceiling_3x3m (6),1.59,1.70,-1.85
104.933,2,Ceiling_3x3m (6),1.69,1.70,-1.83
104.976,2,Ceiling_3x3m (6),1.88,1.70,-1.78
105.003,2,Ceiling_3x3m (6),1.94,1.70,-1.75
105.046,2,Ceiling_3x3m (6),1.93,1.70,-1.71
105.073,2,Ceiling_3x3m (6),1.91,1.70,-1.68
105.101,2,Ceiling_3x3m (6),1.90,1.70,-1.67
105.143,2,Ceiling_3x3m (6),1.91,1.70,-1.65
105.171,2,Ceiling_3x3m (6),1.91,1.70,-1.64
105.212,2,Ceiling_3x3m (6),1.95,1.70,-1.63
105.241,2,Ceiling_log_3m (21),2.37,1.50,-1.64
105.268,2,Ceiling_log_3m (21),2.41,1.50,-1.64
105.311,2,Ceiling_log_3m (21),2.45,1.50,-1.64
105.338,2,Ceiling_log_3m (21),2.46,1.51,-1.63
105.366,2,Ceiling_log_3m (21),2.46,1.53,-1.63
105.407,2,Ceiling_log_3m (21),2.46,1.53,-1.62
105.435,2,Ceiling_log_3m (21),2.46,1.50,-1.62
105.477,2,Ceiling_log_3m (21),2.37,1.50,-1.62
105.505,2,Ceiling_3x3m (6),1.94,1.70,-1.59
105.546,2,Ceiling_3x3m (6),1.85,1.70,-1.59
105.574,2,Ceiling_3x3m (6),1.81,1.70,-1.59
105.602,2,Ceiling_3x3m (6),1.77,1.70,-1.59
105.644,2,Ceiling_3x3m (6),1.77,1.70,-1.60
105.672,2,Ceiling_3x3m (6),1.78,1.70,-1.62
105.699,2,Ceiling_3x3m (6),1.82,1.70,-1.63
105.741,2,Ceiling_3x3m (6),1.87,1.70,-1.64
105.769,2,Ceiling_3x3m (6),1.89,1.70,-1.64
105.812,2,Ceiling_3x3m (6),1.89,1.70,-1.63
105.838,2,Ceiling_3x3m (6),1.89,1.70,-1.63
105.866,2,Ceiling_3x3m (6),1.88,1.70,-1.62
105.908,2,Ceiling_3x3m (6),1.90,1.70,-1.62
105.936,2,Ceiling_3x3m (6),1.91,1.70,-1.62
105.978,2,Ceiling_3x3m (6),1.93,1.70,-1.62
106.005,2,Ceiling_3x3m (6),1.96,1.70,-1.62
106.033,2,Ceiling_3x3m (6),1.94,1.70,-1.61
106.075,2,Ceiling_3x3m (6),1.96,1.70,-1.61
106.104,2,Ceiling_3x3m (6),1.95,1.70,-1.61
106.145,2,Ceiling_3x3m (6),1.99,1.70,-1.62
106.172,2,Ceiling_3x3m (6),1.99,1.70,-1.62
106.200,2,Ceiling_log_3m (21),2.38,1.50,-1.63
106.242,2,Ceiling_log_3m (21),2.42,1.50,-1.62
106.270,2,Ceiling_log_3m (21),2.44,1.50,-1.61
106.312,2,Ceiling_log_3m (21),2.46,1.53,-1.58
106.340,2,Ceiling_log_3m (21),2.46,1.59,-1.57
106.369,2,Ceiling_log_3m (21),2.46,1.64,-1.57
106.409,2,Ceiling_log_3m (21),2.46,1.65,-1.57
106.437,2,Ceiling_log_3m (21),2.46,1.65,-1.57
106.479,2,Ceiling_log_3m (21),2.46,1.62,-1.57
106.507,2,Ceiling_log_3m (21),2.46,1.59,-1.56
106.535,2,Ceiling_log_3m (21),2.46,1.58,-1.54
106.577,2,Ceiling_log_3m (21),2.46,1.62,-1.53
106.604,2,Ceiling_log_3m (21),2.46,1.64,-1.52
106.632,2,Ceiling_log_3m (21),2.46,1.64,-1.52
106.674,2,Ceiling_log_3m (21),2.46,1.60,-1.50
106.701,2,Ceiling_log_3m (21),2.46,1.58,-1.49
106.743,2,Ceiling_log_3m (21),2.46,1.58,-1.47
106.772,2,Ceiling_log_3m (21),2.46,1.54,-1.46
106.799,2,Ceiling_log_3m (21),2.46,1.53,-1.45
106.840,2,Ceiling_log_3m (21),2.46,1.56,-1.44
106.868,2,Ceiling_log_3m (21),2.46,1.68,-1.44
106.911,2,Ceiling_3x3m (6),2.66,1.70,-1.43
106.939,2,Ceiling_3x3m (6),2.63,1.70,-1.43
106.966,2,Ceiling_3x3m (6),2.58,1.70,-1.42
107.007,2,Ceiling_3x3m (6),2.56,1.70,-1.42
107.036,2,Ceiling_3x3m (6),2.55,1.70,-1.42
107.078,2,Ceiling_3x3m (6),2.47,1.70,-1.41
107.105,2,Ceiling_log_3m (21),2.46,1.67,-1.41
107.133,2,Ceiling_log_3m (21),2.46,1.63,-1.42
107.176,2,Ceiling_log_3m (21),2.46,1.58,-1.43
107.203,2,Ceiling_log_3m (21),2.46,1.60,-1.43
107.245,2,Ceiling_log_3m (21),2.46,1.54,-1.43
107.273,2,Ceiling_log_3m (21),2.44,1.50,-1.43
107.300,2,Ceiling_log_3m (21),2.38,1.50,-1.42
107.344,2,Ceiling_3x3m (6),1.94,1.70,-1.38
107.370,2,Ceiling_3x3m (6),1.91,1.70,-1.38
107.412,2,Ceiling_3x3m (6),1.83,1.70,-1.36
107.439,2,Ceiling_3x3m (6),1.79,1.70,-1.34
107.467,2,Ceiling_3x3m (6),1.75,1.70,-1.32
107.510,2,Ceiling_3x3m (6),1.70,1.70,-1.27
107.537,2,Ceiling_3x3m (6),1.68,1.70,-1.24
107.579,2,Ceiling_3x3m (6),1.66,1.70,-1.22
107.606,2,Ceiling_3x3m (6),1.62,1.70,-1.21
107.634,2,Ceiling_3x3m (6),1.69,1.70,-1.20
107.676,2,Ceiling_3x3m (6),1.81,1.70,-1.20
107.704,2,Ceiling_3x3m (6),1.83,1.70,-1.18
107.732,2,Ceiling_3x3m (6),1.87,1.70,-1.15
107.773,2,Ceiling_3x3m (6),1.92,1.70,-1.12
107.802,2,Ceiling_3x3m (7),1.91,1.70,-1.10
107.843,2,Ceiling_3x3m (7),1.95,1.70,-1.06
107.871,2,Ceiling_log_3m (21),2.36,1.50,-1.10
107.899,2,Ceiling_log_3m (21),2.42,1.50,-1.08
107.941,2,Ceiling_log_3m (21),2.44,1.50,-1.05
107.969,2,Ceiling_log_3m (21),2.42,1.50,-1.02
108.010,2,Ceiling_log_3m (21),2.38,1.50,-0.97
108.038,2,Ceiling_log_3m (21),2.39,1.50,-0.96
108.066,2,Ceiling_log_3m (21),2.40,1.50,-0.95
108.108,2,Ceiling_log_3m (21),2.38,1.50,-0.93
108.136,2,Ceiling_log_3m (21),2.41,1.50,-0.93
108.178,2,Ceiling_log_3m (21),2.46,1.51,-0.92
108.205,2,Ceiling_log_3m (21),2.46,1.55,-0.91
108.234,2,Ceiling_log_3m (21),2.46,1.58,-0.89
108.275,2,Ceiling_log_3m (21),2.46,1.56,-0.86
108.303,2,Ceiling_log_3m (21),2.46,1.57,-0.85
108.344,2,Ceiling_log_3m (21),2.46,1.60,-0.84
108.373,2,Ceiling_log_3m (21),2.46,1.59,-0.83
108.400,2,Ceiling_log_3m (21),2.46,1.58,-0.82
108.442,2,Ceiling_log_3m (21),2.46,1.58,-0.80
108.470,2,Ceiling_log_3m (21),2.46,1.60,-0.80
108.511,2,Ceiling_log_3m (21),2.46,1.62,-0.79
108.540,2,Ceiling_log_3m (21),2.46,1.66,-0.78
108.568,2,Ceiling_log_3m (21),2.46,1.65,-0.77
108.609,2,Ceiling_log_3m (21),2.46,1.65,-0.78
108.637,2,Ceiling_log_3m (21),2.46,1.64,-0.77
108.679,2,Ceiling_log_3m (21),2.46,1.61,-0.77
108.707,2,Ceiling_log_3m (21),2.46,1.62,-0.77
108.735,2,Ceiling_log_3m (21),2.46,1.64,-0.78
108.776,2,Ceiling_log_3m (21),2.46,1.66,-0.78
108.804,2,Ceiling_log_3m (21),2.46,1.68,-0.78
108.846,2,Ceiling_log_3m (21),2.46,1.66,-0.78
108.874,2,Ceiling_log_3m (21),2.46,1.67,-0.78
108.903,2,Ceiling_log_3m (21),2.46,1.68,-0.77
108.943,2,Ceiling_log_3m (21),2.46,1.69,-0.77
108.971,2,Ceiling_log_3m (21),2.46,1.68,-0.77
109.013,2,Ceiling_log_3m (21),2.46,1.68,-0.78
109.040,2,Ceiling_log_3m (21),2.46,1.67,-0.79
109.068,2,Ceiling_log_3m (21),2.46,1.67,-0.80
109.110,2,Ceiling_log_3m (21),2.46,1.67,-0.80
109.138,2,Ceiling_log_3m (21),2.46,1.65,-0.80
109.166,2,Ceiling_log_3m (21),2.46,1.65,-0.80
109.208,2,Ceiling_log_3m (21),2.46,1.64,-0.79
109.236,2,Ceiling_log_3m (21),2.46,1.64,-0.79
109.277,2,Ceiling_log_3m (21),2.46,1.65,-0.78
109.305,2,Ceiling_log_3m (21),2.46,1.65,-0.78
109.333,2,Ceiling_log_3m (21),2.46,1.64,-0.78
109.375,2,Ceiling_log_3m (21),2.46,1.61,-0.77
109.403,2,Ceiling_log_3m (21),2.46,1.61,-0.75
109.444,2,Ceiling_log_3m (21),2.46,1.63,-0.73
109.472,2,Ceiling_log_3m (21),2.46,1.64,-0.71
109.500,2,Ceiling_log_3m (21),2.46,1.69,-0.69
109.542,2,Ceiling_3x3m (7),2.57,1.70,-0.71
109.570,2,Ceiling_3x3m (7),2.61,1.70,-0.72
109.611,2,Ceiling_3x3m (7),2.59,1.70,-0.71
109.639,2,Ceiling_3x3m (7),2.53,1.70,-0.71
109.667,2,Ceiling_log_3m (21),2.46,1.69,-0.70
109.709,2,Ceiling_log_3m (21),2.46,1.62,-0.71
109.736,2,Ceiling_log_3m (21),2.46,1.56,-0.71
109.778,2,Ceiling_log_3m (21),2.46,1.52,-0.72
109.806,2,Ceiling_log_3m (21),2.46,1.53,-0.74
109.835,2,Ceiling_log_3m (21),2.46,1.53,-0.77
109.876,2,Ceiling_log_3m (21),2.41,1.50,-0.82
109.904,2,Ceiling_3x3m (7),1.94,1.70,-0.75
109.945,2,Ceiling_3x3m (7),1.75,1.70,-0.79
109.973,2,Ceiling_3x3m (7),1.63,1.70,-0.81
110.001,2,Ceiling_3x3m (7),1.59,1.70,-0.85
110.043,2,Ceiling_log_3m (20),1.52,1.68,-0.93
110.071,2,Ceiling_log_3m (20),1.52,1.62,-0.98
110.112,2,Ceiling_log_3m (20),1.52,1.57,-1.03
110.141,2,Ceiling_log_3m (20),1.52,1.54,-1.05
110.169,2,Ceiling_log_3m (20),1.44,1.50,-1.05
110.210,2,Wall_3mx20cm_Door (1),1.41,1.43,-1.05
110.239,2,Wall_3mx20cm_Door (1),1.41,1.40,-1.04
110.266,2,Wall_3mx20cm_Door (1),1.41,1.38,-1.03
110.308,2,Wall_3mx20cm_Door (1),1.41,1.44,-1.01
110.336,2,Wall_3mx20cm_Door (1),1.41,1.49,-1.00
110.377,2,Ceiling_log_3m (20),1.45,1.50,-1.01
110.405,2,Ceiling_log_3m (20),1.47,1.50,-1.01
110.433,2,Ceiling_log_3m (20),1.47,1.50,-1.02
110.475,2,Wall_3mx20cm_Door (1),1.41,1.48,-1.02
110.503,2,Wall_3mx20cm_Door (1),1.41,1.45,-1.02
110.544,2,Wall_3mx20cm_Door (1),1.41,1.41,-0.99
110.572,2,Wall_3mx20cm_Door (1),1.41,1.40,-0.96
110.600,2,Wall_3mx20cm_Door (1),1.41,1.40,-0.93
110.642,2,Wall_3mx20cm_Door (1),1.41,1.40,-0.88
110.670,2,Wall_3mx20cm_Door (1),1.41,1.38,-0.84
110.712,2,Wall_3mx20cm_Door (1),1.41,1.35,-0.80
110.739,2,Wall_3mx20cm_Door (1),1.41,1.32,-0.78
110.768,2,Wall_3mx20cm_Door (1),1.41,1.32,-0.78
110.809,2,Wall_3mx20cm_Door (1),1.41,1.33,-0.77
110.837,2,Wall_3mx20cm_Door (1),1.41,1.32,-0.76
110.879,2,Wall_3mx20cm_Door (1),1.41,1.32,-0.76
110.907,2,Wall_3mx20cm_Door (1),1.41,1.34,-0.75
110.934,2,Wall_3mx20cm_Door (1),1.41,1.37,-0.75
110.976,2,Wall_3mx20cm_Door (1),1.41,1.40,-0.74
111.004,2,Wall_3mx20cm_Door (1),1.41,1.40,-0.73
111.033,2,Wall_3mx20cm_Door (1),1.41,1.39,-0.72
111.073,2,Wall_3mx20cm_Door (1),1.41,1.38,-0.72
111.101,2,Wall_3mx20cm_Door (1),1.41,1.37,-0.71
111.143,2,Wall_3mx20cm_Door (1),1.41,1.35,-0.72
111.171,2,Wall_3mx20cm_Door (1),1.41,1.34,-0.72
111.212,2,Wall_3mx20cm_Door (1),1.41,1.34,-0.72
111.240,2,Wall_3mx20cm_Door (1),1.41,1.35,-0.71
111.269,2,Wall_3mx20cm_Door (1),1.41,1.36,-0.70
111.310,2,Wall_3mx20cm_Door (1),1.41,1.37,-0.69
111.338,2,Wall_3mx20cm_Door (1),1.41,1.36,-0.68
111.380,2,Wall_3mx20cm_Door (1),1.41,1.36,-0.67
111.407,2,Wall_3mx20cm_Door (1),1.41,1.37,-0.67
111.435,2,Wall_3mx20cm_Door (1),1.41,1.37,-0.68
111.477,2,Wall_3mx20cm_Door (1),1.41,1.38,-0.70
111.505,2,Wall_3mx20cm_Door (1),1.41,1.37,-0.71
111.533,2,Wall_3mx20cm_Door (1),1.41,1.37,-0.72
111.575,2,Wall_3mx20cm_Door (1),1.41,1.38,-0.74
111.602,2,Wall_3mx20cm_Door (1),1.41,1.39,-0.74
111.644,2,Wall_3mx20cm_Door (1),1.41,1.42,-0.75
111.672,2,Wall_3mx20cm_Door (1),1.41,1.44,-0.75
111.699,2,Wall_3mx20cm_Door (1),1.41,1.45,-0.75
111.742,2,Wall_3mx20cm_Door (1),1.41,1.45,-0.75
111.770,2,Wall_3mx20cm_Door (1),1.41,1.46,-0.75
111.811,2,Wall_3mx20cm_Door (1),1.41,1.46,-0.75
111.839,2,Wall_3mx20cm_Door (1),1.41,1.46,-0.75
111.868,2,Wall_3mx20cm_Door (1),1.41,1.46,-0.75
111.909,2,Wall_3mx20cm_Door (1),1.41,1.47,-0.74
111.936,2,Wall_3mx20cm_Door (1),1.41,1.48,-0.74
111.978,2,Wall_3mx20cm_Door (1),1.41,1.48,-0.73
112.006,2,Wall_3mx20cm_Door (1),1.41,1.47,-0.73
112.033,2,Wall_3mx20cm_Door (1),1.41,1.48,-0.73
112.075,2,Wall_3mx20cm_Door (1),1.41,1.49,-0.72
112.103,2,Wall_3mx20cm_Door (1),1.41,1.49,-0.72
112.145,2,Wall_3mx20cm_Door (1),1.41,1.49,-0.72
112.173,2,Wall_3mx20cm_Door (1),1.41,1.50,-0.71
112.201,2,Wall_3mx20cm_Door (1),1.41,1.51,-0.70
112.242,2,Ceiling_log_3m (20),1.49,1.50,-0.70
112.271,2,Ceiling_log_3m (20),1.52,1.52,-0.69
112.312,2,Ceiling_log_3m (20),1.52,1.57,-0.68
112.340,2,Ceiling_log_3m (20),1.52,1.58,-0.67
112.368,2,Ceiling_log_3m (20),1.52,1.58,-0.66
112.410,2,Ceiling_log_3m (20),1.52,1.60,-0.64
112.437,2,Ceiling_log_3m (20),1.52,1.60,-0.64
112.465,2,Ceiling_log_3m (20),1.52,1.58,-0.64
112.507,2,Ceiling_log_3m (20),1.52,1.57,-0.65
112.538,2,Ceiling_log_3m (20),1.52,1.59,-0.65
112.565,2,Ceiling_log_3m (20),1.52,1.58,-0.65
112.608,2,Ceiling_log_3m (20),1.52,1.59,-0.65
112.651,2,Ceiling_log_3m (20),1.52,1.60,-0.65
112.674,2,Ceiling_log_3m (20),1.52,1.62,-0.66
112.702,2,Ceiling_log_3m (20),1.52,1.63,-0.66
112.744,2,Ceiling_log_3m (20),1.52,1.64,-0.67
112.772,2,Ceiling_log_3m (20),1.52,1.65,-0.68
112.799,2,Ceiling_log_3m (20),1.52,1.65,-0.68
112.841,2,Ceiling_log_3m (20),1.52,1.67,-0.68
112.869,2,Ceiling_log_3m (20),1.52,1.68,-0.68
112.911,2,Ceiling_log_3m (20),1.52,1.68,-0.67
112.938,2,Ceiling_log_3m (20),1.52,1.69,-0.66
112.966,2,Ceiling_log_3m (20),1.52,1.69,-0.65
113.008,2,Ceiling_3x3m (7),1.53,1.70,-0.65
113.036,2,Ceiling_3x3m (7),1.53,1.70,-0.65
113.079,2,Ceiling_log_3m (20),1.52,1.69,-0.66
113.106,2,Ceiling_log_3m (20),1.52,1.69,-0.67
113.133,2,Ceiling_log_3m (20),1.52,1.69,-0.67
113.176,2,Ceiling_log_3m (20),1.52,1.69,-0.67
113.203,2,Ceiling_log_3m (20),1.52,1.69,-0.67
113.245,2,Ceiling_3x3m (7),1.53,1.70,-0.66
113.273,2,Ceiling_3x3m (7),1.54,1.70,-0.66
113.301,2,Ceiling_3x3m (7),1.54,1.70,-0.65
113.343,2,Ceiling_3x3m (7),1.56,1.70,-0.65
113.371,2,Ceiling_3x3m (7),1.57,1.70,-0.65
113.412,2,Ceiling_3x3m (7),1.55,1.70,-0.64
113.441,2,Ceiling_3x3m (7),1.54,1.70,-0.64
113.468,2,Ceiling_3x3m (7),1.53,1.70,-0.64
113.510,2,Ceiling_3x3m (7),1.55,1.70,-0.64
113.537,2,Ceiling_3x3m (7),1.55,1.70,-0.64
113.566,2,Ceiling_3x3m (7),1.56,1.70,-0.65
113.607,2,Ceiling_3x3m (7),1.57,1.70,-0.66
113.635,2,Ceiling_3x3m (7),1.57,1.70,-0.66
113.677,2,Ceiling_3x3m (7),1.57,1.70,-0.66
113.705,2,Ceiling_3x3m (7),1.56,1.70,-0.66
113.732,2,Ceiling_3x3m (7),1.55,1.70,-0.66
113.774,2,Ceiling_3x3m (7),1.53,1.70,-0.65
113.802,2,Ceiling_log_3m (20),1.52,1.69,-0.64
113.844,1,Ceiling_log_3m (20),1.52,1.69,-0.64
113.873,1,Ceiling_log_3m (20),1.52,1.68,-0.64
113.901,1,Ceiling_log_3m (20),1.52,1.68,-0.64
113.941,1,Ceiling_log_3m (20),1.52,1.68,-0.64
113.969,1,Ceiling_log_3m (20),1.52,1.68,-0.64
114.012,1,Ceiling_log_3m (20),1.52,1.68,-0.65
114.039,1,Ceiling_log_3m (20),1.52,1.68,-0.65
114.067,1,Ceiling_log_3m (20),1.52,1.68,-0.65
114.108,1,Ceiling_log_3m (20),1.52,1.68,-0.65
114.136,1,Ceiling_log_3m (20),1.52,1.68,-0.65
114.178,1,Ceiling_log_3m (20),1.52,1.68,-0.65
114.206,1,Ceiling_log_3m (20),1.52,1.68,-0.65
114.234,1,Ceiling_log_3m (20),1.52,1.69,-0.65
114.276,1,Ceiling_3x3m (7),1.59,1.70,-0.67
114.303,1,Ceiling_3x3m (7),1.58,1.70,-0.69
114.345,1,Ceiling_log_3m (20),1.52,1.70,-0.69
114.372,1,Ceiling_log_3m (20),1.52,1.68,-0.68
114.401,1,Ceiling_log_3m (20),1.52,1.68,-0.68
114.443,1,Ceiling_log_3m (20),1.52,1.68,-0.69
114.470,1,Ceiling_log_3m (20),1.52,1.67,-0.69
114.511,1,Ceiling_log_3m (20),1.52,1.68,-0.67
114.540,1,Ceiling_log_3m (20),1.52,1.68,-0.66
114.568,1,Ceiling_log_3m (20),1.52,1.67,-0.65
114.609,1,Ceiling_log_3m (20),1.52,1.66,-0.64
114.637,1,Ceiling_log_3m (20),1.52,1.66,-0.63
114.679,1,Ceiling_log_3m (20),1.52,1.65,-0.63
114.707,1,Ceiling_log_3m (20),1.52,1.65,-0.63
114.735,1,Ceiling_log_3m (20),1.52,1.65,-0.62
114.777,1,Ceiling_log_3m (20),1.52,1.66,-0.63
114.804,1,Ceiling_log_3m (20),1.52,1.64,-0.63
114.846,1,Ceiling_log_3m (20),1.52,1.63,-0.63
114.875,1,Ceiling_log_3m (20),1.52,1.62,-0.63
114.902,1,Ceiling_log_3m (20),1.52,1.60,-0.63
114.943,1,Ceiling_log_3m (20),1.52,1.58,-0.63
114.971,1,Ceiling_log_3m (20),1.52,1.58,-0.62
115.000,1,Ceiling_log_3m (20),1.52,1.58,-0.61
115.041,1,Ceiling_log_3m (20),1.52,1.57,-0.60
115.069,1,Ceiling_log_3m (20),1.52,1.58,-0.58
115.111,1,Ceiling_log_3m (20),1.52,1.59,-0.56
115.138,1,Ceiling_log_3m (20),1.52,1.60,-0.55
115.166,1,Ceiling_log_3m (20),1.52,1.61,-0.54
115.209,1,Ceiling_log_3m (20),1.52,1.61,-0.54
115.236,1,Ceiling_log_3m (20),1.52,1.61,-0.55
115.278,1,Ceiling_log_3m (20),1.52,1.61,-0.56
115.305,1,Ceiling_log_3m (20),1.52,1.61,-0.56
115.333,1,Ceiling_log_3m (20),1.52,1.60,-0.56
115.375,1,Ceiling_log_3m (20),1.52,1.58,-0.55
115.403,1,Ceiling_log_3m (20),1.52,1.57,-0.53
115.445,1,Ceiling_log_3m (20),1.52,1.57,-0.52
115.473,1,Ceiling_log_3m (20),1.52,1.57,-0.51
115.500,1,Ceiling_log_3m (20),1.52,1.56,-0.51
115.542,1,Ceiling_log_3m (20),1.52,1.55,-0.52
115.570,1,Ceiling_log_3m (20),1.52,1.55,-0.53
115.612,1,Ceiling_log_3m (20),1.52,1.55,-0.55
115.639,1,Ceiling_log_3m (20),1.52,1.56,-0.56
115.667,1,Ceiling_log_3m (20),1.52,1.56,-0.57
115.709,1,Ceiling_log_3m (20),1.52,1.56,-0.56
115.737,1,Ceiling_log_3m (20),1.52,1.56,-0.56
115.779,1,Ceiling_log_3m (20),1.52,1.57,-0.55
115.808,1,Ceiling_log_3m (20),1.52,1.58,-0.55
115.834,1,Ceiling_log_3m (20),1.52,1.58,-0.56
115.877,1,Ceiling_log_3m (20),1.52,1.58,-0.56
115.904,1,Ceiling_log_3m (20),1.52,1.58,-0.55
115.945,1,Ceiling_log_3m (20),1.52,1.58,-0.54
115.974,1,Ceiling_log_3m (20),1.52,1.58,-0.54
116.002,1,Ceiling_log_3m (20),1.52,1.58,-0.54
116.044,1,Ceiling_log_3m (20),1.52,1.58,-0.55
116.071,1,Ceiling_log_3m (20),1.52,1.58,-0.55
116.100,1,Ceiling_log_3m (20),1.52,1.58,-0.55
116.141,1,Ceiling_log_3m (20),1.52,1.58,-0.55
116.169,1,Ceiling_log_3m (20),1.52,1.58,-0.55
116.210,1,Ceiling_log_3m (20),1.52,1.59,-0.54
116.238,1,Ceiling_log_3m (20),1.52,1.59,-0.54
116.266,1,Ceiling_log_3m (20),1.52,1.59,-0.53
116.308,1,Ceiling_log_3m (20),1.52,1.59,-0.53
116.336,1,Ceiling_log_3m (20),1.52,1.59,-0.52
116.377,1,Ceiling_log_3m (20),1.52,1.59,-0.51
116.405,1,Ceiling_log_3m (20),1.52,1.59,-0.50
116.433,1,Ceiling_log_3m (20),1.52,1.59,-0.50
116.475,1,Ceiling_log_3m (20),1.52,1.60,-0.49
116.503,1,Ceiling_log_3m (20),1.52,1.60,-0.48
116.545,1,Ceiling_log_3m (20),1.52,1.61,-0.47
116.572,1,Ceiling_log_3m (20),1.52,1.61,-0.46
116.600,1,Ceiling_log_3m (20),1.52,1.62,-0.46
116.643,1,Ceiling_log_3m (20),1.52,1.62,-0.45
116.670,1,Ceiling_log_3m (20),1.52,1.62,-0.44
116.711,1,Ceiling_log_3m (20),1.52,1.61,-0.44
116.740,1,Ceiling_log_3m (20),1.52,1.61,-0.44
116.767,1,Ceiling_log_3m (20),1.52,1.60,-0.43
116.809,1,Ceiling_log_3m (20),1.52,1.60,-0.43
116.837,1,Ceiling_log_3m (20),1.52,1.60,-0.42
116.879,1,Ceiling_log_3m (20),1.52,1.59,-0.42
116.906,1,Ceiling_log_3m (20),1.52,1.59,-0.42
116.934,1,Ceiling_log_3m (20),1.52,1.59,-0.43
116.976,1,Ceiling_log_3m (20),1.52,1.59,-0.43
117.004,1,Ceiling_log_3m (20),1.52,1.59,-0.43
117.046,1,Ceiling_log_3m (20),1.52,1.58,-0.43
117.073,1,Ceiling_log_3m (20),1.52,1.57,-0.43
117.102,1,Ceiling_log_3m (20),1.52,1.57,-0.44
117.144,1,Ceiling_log_3m (20),1.52,1.55,-0.45
117.171,1,Ceiling_log_3m (20),1.52,1.55,-0.46
117.199,1,Ceiling_log_3m (20),1.52,1.54,-0.47
117.241,1,Ceiling_log_3m (20),1.52,1.54,-0.47
117.270,1,Ceiling_log_3m (20),1.52,1.54,-0.47
117.310,1,Ceiling_log_3m (20),1.52,1.53,-0.47
117.338,1,Ceiling_log_3m (20),1.52,1.53,-0.48
117.366,1,Ceiling_log_3m (20),1.52,1.53,-0.48
117.407,1,Ceiling_log_3m (20),1.52,1.53,-0.48
117.435,1,Ceiling_log_3m (20),1.52,1.53,-0.48
117.477,1,Ceiling_log_3m (20),1.52,1.53,-0.47
117.505,1,Ceiling_log_3m (20),1.52,1.53,-0.47
117.534,1,Ceiling_log_3m (20),1.52,1.53,-0.47
117.574,1,Ceiling_log_3m (20),1.52,1.53,-0.47
117.602,1,Ceiling_log_3m (20),1.52,1.53,-0.47
117.644,1,Ceiling_log_3m (20),1.52,1.54,-0.47
117.672,1,Ceiling_log_3m (20),1.52,1.54,-0.47
117.700,1,Ceiling_log_3m (20),1.52,1.53,-0.46
117.741,1,Ceiling_log_3m (20),1.52,1.53,-0.46
117.770,1,Ceiling_log_3m (20),1.52,1.53,-0.46
117.811,1,Ceiling_log_3m (20),1.52,1.53,-0.46
117.839,1,Ceiling_log_3m (20),1.52,1.53,-0.45
117.867,1,Ceiling_log_3m (20),1.52,1.53,-0.45
117.909,1,Ceiling_log_3m (20),1.52,1.54,-0.44
117.936,1,Ceiling_log_3m (20),1.52,1.53,-0.44
117.978,1,Ceiling_log_3m (20),1.52,1.54,-0.44
118.006,1,Ceiling_log_3m (20),1.52,1.54,-0.44
118.034,1,Ceiling_log_3m (20),1.52,1.54,-0.44
118.075,1,Ceiling_log_3m (20),1.52,1.54,-0.44
118.103,1,Ceiling_log_3m (20),1.52,1.53,-0.45
118.145,1,Ceiling_log_3m (20),1.52,1.52,-0.45
118.173,1,Ceiling_log_3m (20),1.52,1.52,-0.45
118.201,1,Ceiling_log_3m (20),1.52,1.52,-0.45
118.243,1,Ceiling_log_3m (20),1.52,1.52,-0.44
118.271,1,Ceiling_log_3m (20),1.52,1.52,-0.44
118.299,1,Ceiling_log_3m (20),1.52,1.52,-0.44
118.341,1,Ceiling_log_3m (20),1.52,1.52,-0.44
118.368,1,Ceiling_log_3m (20),1.52,1.52,-0.44
118.410,1,Ceiling_log_3m (20),1.52,1.53,-0.44
118.437,1,Ceiling_log_3m (20),1.52,1.53,-0.44
118.466,1,Ceiling_log_3m (20),1.52,1.53,-0.44
118.508,1,Ceiling_log_3m (20),1.52,1.53,-0.45
118.535,1,Ceiling_log_3m (20),1.52,1.53,-0.45
118.577,1,Ceiling_log_3m (20),1.52,1.54,-0.45
118.605,1,Ceiling_log_3m (20),1.52,1.54,-0.45
118.633,1,Ceiling_log_3m (20),1.52,1.54,-0.46
118.675,1,Ceiling_log_3m (20),1.52,1.55,-0.46
118.702,1,Ceiling_log_3m (20),1.52,1.55,-0.47
118.744,1,Ceiling_log_3m (20),1.52,1.54,-0.47
118.772,1,Ceiling_log_3m (20),1.52,1.55,-0.47
118.800,1,Ceiling_log_3m (20),1.52,1.55,-0.47
118.841,1,Ceiling_log_3m (20),1.52,1.56,-0.48
118.869,1,Ceiling_log_3m (20),1.52,1.56,-0.48
118.911,1,Ceiling_log_3m (20),1.52,1.56,-0.48
118.939,1,Ceiling_log_3m (20),1.52,1.56,-0.48
118.967,1,Ceiling_log_3m (20),1.52,1.56,-0.48
119.008,1,Ceiling_log_3m (20),1.52,1.56,-0.48
119.037,1,Ceiling_log_3m (20),1.52,1.55,-0.48
119.078,1,Ceiling_log_3m (20),1.52,1.55,-0.48
119.106,1,Ceiling_log_3m (20),1.52,1.55,-0.48
119.134,1,Ceiling_log_3m (20),1.52,1.55,-0.48
119.176,1,Ceiling_log_3m (20),1.52,1.55,-0.48
119.204,1,Ceiling_log_3m (20),1.52,1.55,-0.48
119.245,1,Ceiling_log_3m (20),1.52,1.56,-0.48
119.273,1,Ceiling_log_3m (20),1.52,1.56,-0.48
119.302,1,Ceiling_log_3m (20),1.52,1.56,-0.48
119.343,1,Ceiling_log_3m (20),1.52,1.56,-0.47
119.371,1,Ceiling_log_3m (20),1.52,1.56,-0.48
119.412,1,Ceiling_log_3m (20),1.52,1.57,-0.48
119.441,1,Ceiling_log_3m (20),1.52,1.58,-0.48
119.468,1,Ceiling_log_3m (20),1.52,1.58,-0.48
119.510,1,Ceiling_log_3m (20),1.52,1.58,-0.48
119.538,1,Ceiling_log_3m (20),1.52,1.57,-0.48
119.566,1,Ceiling_log_3m (20),1.52,1.57,-0.47
119.607,1,Ceiling_log_3m (20),1.52,1.57,-0.48
119.636,1,Ceiling_log_3m (20),1.52,1.57,-0.48
119.677,1,Ceiling_log_3m (20),1.52,1.58,-0.49
119.705,1,Ceiling_log_3m (20),1.52,1.58,-0.49
119.733,1,Ceiling_log_3m (20),1.52,1.58,-0.49
119.775,1,Ceiling_log_3m (20),1.52,1.58,-0.49
119.802,1,Ceiling_log_3m (20),1.52,1.58,-0.49
119.844,1,Ceiling_log_3m (20),1.52,1.57,-0.49
119.872,1,Ceiling_log_3m (20),1.52,1.57,-0.49
119.900,1,Ceiling_log_3m (20),1.52,1.57,-0.50
119.941,1,Ceiling_log_3m (20),1.52,1.57,-0.50
119.970,1,Ceiling_log_3m (20),1.52,1.57,-0.50
120.011,1,Ceiling_log_3m (20),1.52,1.57,-0.50
120.039,1,Ceiling_log_3m (20),1.52,1.57,-0.50
120.067,1,Ceiling_log_3m (20),1.52,1.58,-0.50
120.109,1,Ceiling_log_3m (20),1.52,1.57,-0.50
120.136,1,Ceiling_log_3m (20),1.52,1.57,-0.50
120.178,1,Ceiling_log_3m (20),1.52,1.58,-0.50
120.207,1,Ceiling_log_3m (20),1.52,1.58,-0.50
120.234,1,Ceiling_log_3m (20),1.52,1.59,-0.50
120.276,1,Ceiling_log_3m (20),1.52,1.59,-0.50
120.304,1,Ceiling_log_3m (20),1.52,1.59,-0.50
120.346,1,Ceiling_log_3m (20),1.52,1.59,-0.50
120.374,1,Ceiling_log_3m (20),1.52,1.59,-0.50
120.401,1,Ceiling_log_3m (20),1.52,1.59,-0.50
120.442,1,Ceiling_log_3m (20),1.52,1.59,-0.48
120.471,1,Ceiling_log_3m (20),1.52,1.59,-0.48
120.513,1,Ceiling_log_3m (20),1.52,1.59,-0.48
120.540,1,Ceiling_log_3m (20),1.52,1.59,-0.48
120.568,1,Ceiling_log_3m (20),1.52,1.59,-0.49
120.610,1,Ceiling_log_3m (20),1.52,1.59,-0.49
120.638,1,Ceiling_log_3m (20),1.52,1.59,-0.49
120.666,1,Ceiling_log_3m (20),1.52,1.59,-0.49
120.707,1,Ceiling_log_3m (20),1.52,1.57,-0.49
120.735,1,Ceiling_log_3m (20),1.52,1.55,-0.48
120.777,1,Ceiling_log_3m (20),1.52,1.51,-0.47
120.804,1,Ceiling_log_3m (20),1.50,1.50,-0.46
120.846,1,Ceiling_log_3m (20),1.46,1.50,-0.45
120.874,1,Ceiling_log_3m (20),1.46,1.50,-0.44
120.902,1,Ceiling_log_3m (20),1.45,1.50,-0.44
120.943,1,Ceiling_log_3m (20),1.44,1.50,-0.43
120.971,1,Ceiling_log_3m (20),1.45,1.50,-0.43
120.999,1,Ceiling_log_3m (20),1.46,1.50,-0.43
121.041,1,Ceiling_log_3m (20),1.48,1.50,-0.43
121.069,1,Ceiling_log_3m (20),1.50,1.50,-0.44
121.111,1,Ceiling_log_3m (20),1.51,1.50,-0.44
121.139,1,Ceiling_log_3m (20),1.52,1.50,-0.45
121.167,1,Ceiling_log_3m (20),1.52,1.51,-0.45
121.208,1,Ceiling_log_3m (20),1.52,1.54,-0.45
121.236,1,Ceiling_log_3m (20),1.52,1.55,-0.45
121.278,1,Ceiling_log_3m (20),1.52,1.57,-0.44
121.306,1,Ceiling_log_3m (20),1.52,1.59,-0.44
121.333,1,Ceiling_log_3m (20),1.52,1.61,-0.43
121.375,1,Ceiling_log_3m (20),1.52,1.61,-0.43
121.403,1,Ceiling_log_3m (20),1.52,1.62,-0.43
121.445,1,Ceiling_log_3m (20),1.52,1.64,-0.43
121.473,1,Ceiling_log_3m (20),1.52,1.66,-0.43
121.501,1,Ceiling_log_3m (20),1.52,1.68,-0.43
121.542,1,Ceiling_log_3m (20),1.52,1.68,-0.43
121.570,1,Ceiling_log_3m (20),1.52,1.68,-0.43
121.599,1,Ceiling_log_3m (20),1.52,1.69,-0.43
121.640,1,Ceiling_3x3m (7),1.55,1.70,-0.44
121.668,1,Ceiling_3x3m (7),1.54,1.70,-0.44
121.710,1,Ceiling_3x3m (7),1.55,1.70,-0.43
121.737,1,Ceiling_3x3m (7),1.58,1.70,-0.44
121.765,1,Ceiling_3x3m (7),1.56,1.70,-0.44
121.807,1,Ceiling_3x3m (7),1.54,1.70,-0.43
121.835,1,Ceiling_3x3m (7),1.55,1.70,-0.43
121.878,1,Ceiling_3x3m (7),1.53,1.70,-0.42
121.905,1,Ceiling_3x3m (7),1.56,1.70,-0.42
121.933,1,Ceiling_3x3m (7),1.60,1.70,-0.43
121.974,1,Ceiling_3x3m (7),1.60,1.70,-0.42
122.001,1,Ceiling_3x3m (7),1.67,1.70,-0.44
122.043,1,Ceiling_3x3m (7),1.70,1.70,-0.45
122.072,1,Ceiling_3x3m (7),1.70,1.70,-0.45
122.099,1,Ceiling_3x3m (7),1.69,1.70,-0.45
122.141,1,Ceiling_3x3m (7),1.72,1.70,-0.46
122.169,1,Ceiling_3x3m (7),1.74,1.70,-0.47
122.211,1,Ceiling_3x3m (7),1.75,1.70,-0.48
122.238,1,Ceiling_3x3m (7),1.76,1.70,-0.48
122.266,1,Ceiling_3x3m (7),1.77,1.70,-0.48
122.309,1,Ceiling_3x3m (7),1.82,1.70,-0.48
122.336,1,Ceiling_3x3m (7),1.83,1.70,-0.48
122.378,1,Ceiling_3x3m (7),1.83,1.70,-0.48
122.406,1,Ceiling_3x3m (7),1.82,1.70,-0.47
122.434,1,Ceiling_3x3m (7),1.81,1.70,-0.47
122.475,1,Ceiling_3x3m (7),1.80,1.70,-0.46
122.503,1,Ceiling_3x3m (7),1.79,1.70,-0.46
122.545,1,Ceiling_3x3m (7),1.77,1.70,-0.45
122.574,1,Ceiling_3x3m (7),1.75,1.70,-0.44
122.600,1,Ceiling_3x3m (7),1.75,1.70,-0.44
122.642,1,Ceiling_3x3m (7),1.76,1.70,-0.43
122.670,1,Ceiling_3x3m (7),1.78,1.70,-0.43
122.712,1,Ceiling_3x3m (7),1.79,1.70,-0.44
122.740,1,Ceiling_3x3m (7),1.77,1.70,-0.43
122.768,1,Ceiling_3x3m (7),1.72,1.70,-0.41
122.809,1,Ceiling_3x3m (7),1.75,1.70,-0.41
122.837,1,Ceiling_3x3m (7),1.75,1.70,-0.39
122.879,1,Ceiling_3x3m (7),1.70,1.70,-0.37
122.907,1,Ceiling_3x3m (7),1.69,1.70,-0.36
122.935,1,Ceiling_3x3m (7),1.72,1.70,-0.37
122.978,1,Ceiling_3x3m (7),1.78,1.70,-0.40
123.004,1,Ceiling_3x3m (7),1.80,1.70,-0.41
123.032,1,Ceiling_3x3m (7),1.80,1.70,-0.41
123.074,1,Ceiling_3x3m (7),1.82,1.70,-0.42
123.102,1,Ceiling_3x3m (7),1.81,1.70,-0.41
123.144,1,Ceiling_3x3m (7),1.80,1.70,-0.40
123.171,1,Ceiling_3x3m (7),1.80,1.70,-0.39
123.200,1,Ceiling_3x3m (7),1.80,1.70,-0.38
123.240,1,Ceiling_3x3m (7),1.80,1.70,-0.37
123.269,1,Ceiling_3x3m (7),1.81,1.70,-0.36
123.310,1,Ceiling_3x3m (7),1.83,1.70,-0.36
123.338,1,Ceiling_3x3m (7),1.85,1.70,-0.36
123.366,1,Ceiling_3x3m (7),1.88,1.70,-0.36
123.408,1,Ceiling_3x3m (7),1.93,1.70,-0.36
123.436,1,Ceiling_3x3m (7),1.94,1.70,-0.35
123.477,1,Ceiling_3x3m (7),1.94,1.70,-0.33
123.505,1,Wall_3mx20cm_Wood_Panels (2),1.94,1.69,-0.31
123.533,1,Wall_3mx20cm_Wood_Panels (2),1.99,1.66,-0.31
123.575,1,Wall_3mx20cm_Wood_Panels (2),2.06,1.64,-0.31
123.603,1,Wall_3mx20cm_Wood_Panels (2),2.10,1.62,-0.31
123.644,1,Wall_3mx20cm_Wood_Panels (2),2.14,1.60,-0.31
123.672,1,Wall_3mx20cm_Wood_Panels (2),2.17,1.58,-0.31
123.700,1,Wall_3mx20cm_Wood_Panels (2),2.20,1.57,-0.31
123.742,1,Ceiling_log_3m (21),2.38,1.50,-0.36
123.770,1,Wall_3mx20cm_Wood_Panels (2),2.25,1.54,-0.31
123.811,1,Wall_3mx20cm_Wood_Panels (2),2.27,1.54,-0.31
123.839,1,Wall_3mx20cm_Wood_Panels (2),2.30,1.53,-0.31
123.868,1,Wall_3mx20cm_Wood_Panels (2),2.31,1.52,-0.31
123.909,1,Ceiling_log_3m (21),2.39,1.50,-0.33
123.937,1,Ceiling_log_3m (21),2.38,1.50,-0.32
123.979,1,Ceiling_log_3m (21),2.40,1.50,-0.33
124.007,1,Ceiling_log_3m (21),2.38,1.50,-0.32
124.034,1,Ceiling_log_3m (21),2.36,1.50,-0.31
124.076,1,Wall_3mx20cm_Wood_Panels (2),2.37,1.46,-0.31
124.104,1,Wall_3mx20cm_Wood_Panels (2),2.38,1.46,-0.31
124.146,1,Wall_3mx20cm_Wood_Panels (2),2.43,1.45,-0.31
124.174,1,Wall_3mx20cm_Wood_Panels (2),2.44,1.46,-0.31
124.201,1,Wall_3mx20cm_Wood_Panels (2),2.44,1.46,-0.31
124.243,1,Wall_3mx20cm_Wood_Panels (2),2.45,1.46,-0.31
124.271,1,Wall_3mx20cm_Wood_Panels (2),2.44,1.46,-0.31
124.299,1,Wall_3mx20cm_Wood_Panels (2),2.43,1.47,-0.31
124.341,1,Wall_3mx20cm_Wood_Panels (2),2.40,1.45,-0.31
124.368,1,Wall_3mx20cm_Wood_Panels (2),2.39,1.46,-0.31
124.412,1,Wall_3mx20cm_Wood_Panels (2),2.37,1.46,-0.31
124.438,1,Wall_3mx20cm_Wood_Panels (2),2.37,1.45,-0.31
124.466,1,Wall_3mx20cm_Wood_Panels (2),2.38,1.46,-0.31
124.508,1,Wall_3mx20cm_Wood_Panels (2),2.39,1.46,-0.31
124.535,1,Wall_3mx20cm_Wood_Panels (2),2.39,1.46,-0.31
124.577,1,Wall_3mx20cm_Wood_Panels (2),2.43,1.45,-0.31
124.606,1,Wall_3mx20cm_Wood_Panels (2),2.46,1.46,-0.31
124.633,1,Wall_3mx20cm_Wood_Panels (2),2.49,1.45,-0.31
124.675,1,Wall_3mx20cm_Wood_Panels (2),2.52,1.43,-0.31
124.702,1,Wall_3mx20cm_Wood_Panels (2),2.54,1.43,-0.31
124.744,1,Wall_3mx20cm_Wood_Panels (2),2.57,1.41,-0.31
124.773,1,Wall_3mx20cm_Wood_Panels (2),2.57,1.44,-0.31
124.800,1,Wall_3mx20cm_Wood_Panels (2),2.59,1.43,-0.31
124.842,1,Wall_3mx20cm_Wood_Panels (2),2.60,1.41,-0.31
124.870,1,Wall_3mx20cm_Wood_Panels (2),2.60,1.41,-0.31
124.911,1,Wall_3mx20cm_Wood_Panels (2),2.61,1.40,-0.31
124.939,1,Wall_3mx20cm_Wood_Panels (2),2.61,1.40,-0.31
124.967,1,Wall_3mx20cm_Wood_Panels (2),2.61,1.41,-0.31
125.009,1,Wall_3mx20cm_Wood_Panels (2),2.62,1.40,-0.31
125.037,1,Wall_3mx20cm_Wood_Panels (2),2.63,1.40,-0.31
125.079,1,Wall_3mx20cm_Wood_Panels (2),2.64,1.40,-0.31
125.107,1,Wall_3mx20cm_Wood_Panels (2),2.64,1.40,-0.31
125.134,1,Wall_3mx20cm_Wood_Panels (2),2.64,1.41,-0.31
125.176,1,Wall_3mx20cm_Wood_Panels (2),2.64,1.41,-0.31
125.204,1,Wall_3mx20cm_Wood_Panels (2),2.64,1.41,-0.31
125.246,1,Wall_3mx20cm_Wood_Panels (2),2.65,1.40,-0.31
125.273,1,Wall_3mx20cm_Wood_Panels (2),2.65,1.41,-0.31
125.301,1,Wall_3mx20cm_Wood_Panels (2),2.65,1.40,-0.31
125.343,1,Wall_3mx20cm_Wood_Panels (2),2.66,1.37,-0.31
125.371,1,Wall_3mx20cm_Wood_Panels (2),2.67,1.39,-0.31
125.413,1,Wall_3mx20cm_Wood_Panels (2),2.68,1.41,-0.31
125.440,1,Wall_3mx20cm_Wood_Panels (2),2.69,1.41,-0.31
125.468,1,Wall_3mx20cm_Wood_Panels (2),2.69,1.41,-0.31
125.510,1,Wall_3mx20cm_Wood_Panels (2),2.70,1.40,-0.31
125.538,1,Wall_3mx20cm_Wood_Panels (2),2.71,1.39,-0.31
125.566,1,Wall_3mx20cm_Wood_Panels (2),2.73,1.38,-0.31
125.607,1,Wall_3mx20cm_Wood_Panels (2),2.75,1.35,-0.31
125.636,1,Wall_3mx20cm_Wood_Panels (2),2.77,1.35,-0.31
125.678,1,Wall_3mx20cm_Wood_Panels (2),2.80,1.35,-0.31
125.705,1,Wall_3mx20cm_Wood_Panels (2),2.81,1.35,-0.31
125.733,1,Wall_3mx20cm_Wood_Panels (2),2.80,1.36,-0.31
125.775,1,Wall_3mx20cm_Wood_Panels (2),2.81,1.34,-0.31
125.803,1,Wall_3mx20cm_Wood_Panels (2),2.81,1.34,-0.31
125.844,1,Wall_3mx20cm_Wood_Panels (2),2.82,1.34,-0.31
125.872,1,Wall_3mx20cm_Wood_Panels (2),2.82,1.34,-0.31
125.900,1,Wall_3mx20cm_Wood_Panels (2),2.83,1.32,-0.31
125.942,1,Wall_3mx20cm_Wood_Panels (2),2.83,1.32,-0.31
125.970,1,Wall_3mx20cm_Wood_Panels (2),2.83,1.32,-0.31
126.012,1,Wall_3mx20cm_Wood_Panels (2),2.84,1.32,-0.31
126.039,1,Wall_3mx20cm_Wood_Panels (2),2.84,1.34,-0.31
126.067,1,Wall_3mx20cm_Wood_Panels (2),2.85,1.35,-0.31
126.109,1,Wall_3mx20cm_Wood_Panels (2),2.85,1.37,-0.31
126.137,1,Wall_3mx20cm_Wood_Panels (2),2.85,1.37,-0.31
126.178,1,Wall_3mx20cm_Wood_Panels (2),2.85,1.38,-0.31
126.206,1,Wall_3mx20cm_Wood_Panels (2),2.86,1.39,-0.31
126.234,1,Wall_3mx20cm_Wood_Panels (2),2.88,1.40,-0.31
126.276,1,Wall_3mx20cm_Wood_Panels (2),2.90,1.41,-0.31
126.304,1,Wall_3mx20cm_Wood_Panels (2),2.91,1.43,-0.31
126.345,1,Wall_3mx20cm_Wood_Panels (2),2.94,1.46,-0.31
126.374,1,Wall_3mx20cm_Wood_Panels (2),2.96,1.47,-0.31
126.401,1,Wall_3mx20cm_Wood_Panels (2),2.96,1.48,-0.31
126.443,1,Wall_3mx20cm_Wood_Panels (2),2.97,1.46,-0.31
126.471,1,Wall_3mx20cm_Wood_Panels (2),2.99,1.42,-0.31
126.499,1,Wall_3mx20cm_Wood_Panels (2),2.99,1.41,-0.31
126.541,1,Wall_3mx20cm_Wood_Panels (2),3.00,1.40,-0.31
126.568,1,Wall_3mx20cm_Wood_Panels (2),3.01,1.39,-0.31
126.610,1,Wall_3mx20cm_Wood_Panels (2),3.02,1.36,-0.31
126.638,1,Wall_3mx20cm_Wood_Panels (2),3.03,1.35,-0.31
126.666,1,Wall_3mx20cm_Wood_Panels (2),3.04,1.34,-0.31
126.707,1,Wall_3mx20cm_Wood_Panels (2),3.06,1.32,-0.31
126.735,1,Wall_3mx20cm_Wood_Panels (2),3.07,1.32,-0.31
126.777,1,Wall_3mx20cm_Wood_Panels (2),3.08,1.34,-0.31
126.805,1,Wall_3mx20cm_Wood_Panels (2),3.10,1.34,-0.31
126.833,1,Wall_3mx20cm_Wood_Panels (2),3.11,1.34,-0.31
126.875,1,Wall_3mx20cm_Wood_Panels (2),3.11,1.33,-0.31
126.903,1,Wall_3mx20cm_Wood_Panels (2),3.11,1.32,-0.31
126.944,1,Wall_3mx20cm_Wood_Panels (2),3.11,1.32,-0.31
126.973,1,Wall_3mx20cm_Wood_Panels (2),3.11,1.31,-0.31
127.001,1,Wall_3mx20cm_Wood_Panels (2),3.11,1.30,-0.31
127.042,1,Wall_3mx20cm_Wood_Panels (2),3.11,1.31,-0.31
127.070,1,Wall_3mx20cm_Wood_Panels (2),3.11,1.31,-0.31
127.112,1,Wall_3mx20cm_Wood_Panels (2),3.10,1.32,-0.31
127.139,1,Wall_3mx20cm_Wood_Panels (2),3.11,1.33,-0.31
127.167,1,Wall_3mx20cm_Wood_Panels (2),3.11,1.33,-0.31
127.208,1,Wall_3mx20cm_Wood_Panels (2),3.13,1.32,-0.31
127.236,1,Wall_3mx20cm_Wood_Panels (2),3.13,1.32,-0.31
127.278,1,Wall_3mx20cm_Wood_Panels (2),3.14,1.31,-0.31
127.306,1,Wall_3mx20cm_Wood_Panels (2),3.14,1.31,-0.31
127.334,1,Wall_3mx20cm_Wood_Panels (2),3.14,1.30,-0.31
127.375,1,Wall_3mx20cm_Wood_Panels (2),3.15,1.29,-0.31
127.403,1,Wall_3mx20cm_Wood_Panels (2),3.16,1.29,-0.31
127.445,1,Wall_3mx20cm_Wood_Panels (2),3.17,1.29,-0.31
127.473,1,Wall_3mx20cm_Wood_Panels (2),3.17,1.29,-0.31
127.501,1,Wall_3mx20cm_Wood_Panels (2),3.17,1.30,-0.31
127.543,1,Wall_3mx20cm_Wood_Panels (2),3.18,1.30,-0.31
127.570,1,Wall_3mx20cm_Wood_Panels (2),3.19,1.32,-0.31
127.613,1,Wall_3mx20cm_Wood_Panels (2),3.19,1.35,-0.31
127.640,1,Wall_3mx20cm_Wood_Panels (2),3.18,1.35,-0.31
127.669,1,Wall_3mx20cm_Wood_Panels (2),3.17,1.32,-0.31
127.710,1,Wall_3mx20cm_Wood_Panels (2),3.19,1.29,-0.31
127.737,1,Wall_3mx20cm_Wood_Panels (2),3.19,1.28,-0.31
127.765,1,Wall_3mx20cm_Wood_Panels (2),3.18,1.27,-0.31
127.807,1,Wall_3mx20cm_Wood_Panels (2),3.19,1.26,-0.31
127.835,1,Wall_3mx20cm_Wood_Panels (2),3.19,1.25,-0.31
127.876,1,Wall_3mx20cm_Wood_Panels (2),3.20,1.26,-0.31
127.904,1,Wall_3mx20cm_Wood_Panels (2),3.21,1.27,-0.31
127.932,1,Wall_3mx20cm_Wood_Panels (2),3.21,1.28,-0.31
127.975,1,Wall_3mx20cm_Wood_Panels (2),3.23,1.31,-0.31
128.002,1,Wall_3mx20cm_Wood_Panels (2),3.24,1.32,-0.31
128.043,1,Wall_3mx20cm_Wood_Panels (2),3.25,1.29,-0.31
128.071,1,Wall_3mx20cm_Wood_Panels (2),3.26,1.25,-0.31
128.099,1,Wall_3mx20cm_Wood_Panels (2),3.27,1.23,-0.31
128.141,1,Wall_3mx20cm_Wood_Panels (2),3.29,1.18,-0.31
128.169,1,Wall_3mx20cm_Wood_Panels (2),3.29,1.17,-0.31
128.210,1,Wall_3mx20cm_Wood_Panels (2),3.29,1.16,-0.31
128.238,1,Wall_3mx20cm_Wood_Panels (2),3.29,1.16,-0.31
128.267,1,Wall_3mx20cm_Wood_Panels (2),3.29,1.17,-0.31
128.308,1,Wall_3mx20cm_Wood_Panels (2),3.28,1.19,-0.31
128.336,1,Wall_3mx20cm_Wood_Panels (2),3.28,1.20,-0.31
128.378,1,Wall_3mx20cm_Wood_Panels (2),3.29,1.20,-0.31
128.406,1,Wall_3mx20cm_Wood_Panels (2),3.30,1.21,-0.31
128.433,1,Wall_3mx20cm_Wood_Panels (2),3.31,1.20,-0.31
128.475,1,Wall_3mx20cm_Wood_Panels (2),3.33,1.18,-0.31
128.504,1,Wall_3mx20cm_Wood_Panels (2),3.34,1.17,-0.31
128.545,1,Wall_3mx20cm_Wood_Panels (2),3.34,1.17,-0.31
128.573,1,Wall_3mx20cm_Wood_Panels (2),3.34,1.18,-0.31
128.601,1,Wall_3mx20cm_Wood_Panels (2),3.33,1.18,-0.31
128.642,1,Wall_3mx20cm_Wood_Panels (2),3.33,1.19,-0.31
128.670,1,Wall_3mx20cm_Wood_Panels (2),3.33,1.20,-0.31
128.713,1,Wall_3mx20cm_Wood_Panels (2),3.34,1.19,-0.31
128.740,1,Wall_3mx20cm_Wood_Panels (2),3.35,1.19,-0.31
128.768,1,Wall_3mx20cm_Wood_Panels (2),3.37,1.18,-0.31
128.809,1,Wall_3mx20cm_Wood_Panels (2),3.38,1.16,-0.31
128.837,1,Wall_3mx20cm_Wood_Panels (2),3.39,1.16,-0.31
128.879,1,Wall_3mx20cm_Wood_Panels (2),3.39,1.15,-0.31
128.906,1,Wall_3mx20cm_Wood_Panels (2),3.39,1.14,-0.31
128.935,1,Wall_3mx20cm_Wood_Panels (2),3.39,1.14,-0.31
128.976,1,Wall_3mx20cm_Wood_Panels (2),3.40,1.14,-0.31
129.004,1,Wall_3mx20cm_Wood_Panels (2),3.40,1.13,-0.31
129.032,1,Wall_3mx20cm_Wood_Panels (2),3.40,1.13,-0.31
129.075,1,Wall_3mx20cm_Wood_Panels (2),3.41,1.14,-0.31
129.103,1,Wall_3mx20cm_Wood_Panels (2),3.42,1.14,-0.31
129.144,1,Wall_3mx20cm_Wood_Panels (2),3.42,1.14,-0.31
129.171,1,Wall_3mx20cm_Wood_Panels (2),3.43,1.14,-0.31
129.199,1,Wall_3mx20cm_Wood_Panels (2),3.43,1.14,-0.31
129.241,1,Wall_3mx20cm_Wood_Panels (2),3.44,1.14,-0.31
129.269,1,Wall_3mx20cm_Wood_Panels (2),3.45,1.13,-0.31
129.310,1,Wall_3mx20cm_Wood_Panels (2),3.45,1.13,-0.31
129.338,1,Wall_3mx20cm_Wood_Panels (2),3.45,1.12,-0.31
129.366,1,Wall_3mx20cm_Wood_Panels (2),3.45,1.13,-0.31
129.408,1,Wall_3mx20cm_Wood_Panels (2),3.45,1.14,-0.31
129.436,1,Wall_3mx20cm_Wood_Panels (2),3.46,1.14,-0.31
129.477,1,Wall_3mx20cm_Wood_Panels (2),3.46,1.15,-0.31
129.505,1,Wall_3mx20cm_Wood_Panels (2),3.46,1.14,-0.31
129.533,1,Wall_3mx20cm_Wood_Panels (2),3.46,1.12,-0.31
129.575,1,Wall_3mx20cm_Wood_Panels (2),3.44,1.13,-0.31
129.603,1,Wall_3mx20cm_Wood_Panels (2),3.43,1.13,-0.31
129.645,1,Wall_3mx20cm_Wood_Panels (2),3.41,1.13,-0.31
129.672,1,Wall_3mx20cm_Wood_Panels (2),3.41,1.14,-0.31
129.700,1,Wall_3mx20cm_Wood_Panels (2),3.42,1.13,-0.31
129.742,1,Wall_3mx20cm_Wood_Panels (2),3.43,1.12,-0.31
129.770,1,Wall_3mx20cm_Wood_Panels (2),3.45,1.10,-0.31
129.812,1,Wall_3mx20cm_Wood_Panels (2),3.47,1.09,-0.31
129.839,1,Wall_3mx20cm_Wood_Panels (2),3.48,1.09,-0.31
129.867,1,Wall_3mx20cm_Wood_Panels (2),3.48,1.09,-0.31
129.909,1,Wall_3mx20cm_Wood_Panels (2),3.49,1.10,-0.31
129.937,1,Wall_3mx20cm_Wood_Panels (2),3.50,1.10,-0.31
129.979,1,Wall_3mx20cm_Wood_Panels (2),3.52,1.07,-0.31
130.006,1,Wall_3mx20cm_Wood_Panels (2),3.54,1.05,-0.31
130.034,1,Wall_3mx20cm_Wood_Panels (2),3.57,1.04,-0.31
130.077,1,Wall_3mx20cm_Wood_Panels (2),3.60,1.05,-0.31
130.104,1,Wall_3mx20cm_Wood_Panels (2),3.61,1.06,-0.31
130.146,1,Wall_3mx20cm_Wood_Panels (2),3.61,1.08,-0.31
130.174,1,Wall_3mx20cm_Wood_Panels (2),3.61,1.10,-0.31
130.201,1,Wall_3mx20cm_Wood_Panels (2),3.61,1.09,-0.31
130.244,1,Wall_3mx20cm_Wood_Panels (2),3.61,1.07,-0.31
130.271,1,Wall_3mx20cm_Wood_Panels (2),3.61,1.05,-0.31
130.313,1,Wall_3mx20cm_Wood_Panels (2),3.63,1.03,-0.31
130.341,1,Wall_3mx20cm_Wood_Panels (2),3.66,1.05,-0.31
130.369,1,Wall_3mx20cm_Wood_Panels (2),3.68,1.03,-0.31
130.411,1,Wall_3mx20cm_Wood_Panels (2),3.76,0.97,-0.31
130.438,1,Wall_3mx20cm_Wood_Panels (2),3.85,0.94,-0.31
130.466,1,Wall_3mx20cm_Wood_Panels (2),3.96,0.88,-0.31
130.508,1,Wall_3mx20cm_Wood_Panels (2),4.12,0.81,-0.31
130.535,1,Wall_3mx20cm_Wood_Panels (2),4.23,0.79,-0.31
130.577,1,Wall_3mx20cm_Wood_Panels (2),4.37,0.71,-0.31
130.605,1,Wall_3mx20cm_Wood_Panels (3),4.41,0.67,-0.31
130.633,1,Wall_3mx20cm_Wood_Panels (3),4.43,0.66,-0.31
130.675,1,Wall_3mx20cm_Wood_Panels (3),4.44,0.64,-0.31
130.702,1,Wall_3mx20cm_Wood_Panels (3),4.44,0.63,-0.31
130.744,1,Wall_3mx20cm_Wood_Panels (3),4.41,0.61,-0.31
130.773,1,Wall_3mx20cm_Wood_Panels (2),4.39,0.59,-0.31
130.800,1,Wall_3mx20cm_Wood_Panels (2),4.37,0.58,-0.31
130.841,1,Wall_3mx20cm_Wood_Panels (2),4.34,0.58,-0.31
130.870,1,Wall_3mx20cm_Wood_Panels (2),4.30,0.57,-0.31
130.911,1,Wall_3mx20cm_Wood_Panels (2),4.24,0.53,-0.31
130.939,1,Wall_3mx20cm_Wood_Panels (2),4.19,0.50,-0.31
130.967,1,Wall_3mx20cm_Wood_Panels (2),4.14,0.46,-0.31
131.009,1,Wall_3mx20cm_Wood_Panels (2),4.05,0.39,-0.31
131.037,1,Wall_3mx20cm_Wood_Panels (2),3.99,0.34,-0.31
131.079,1,Wall_3mx20cm_Wood_Panels (2),3.89,0.27,-0.31
131.106,1,Wall_3mx20cm_Wood_Panels (2),3.82,0.22,-0.31
131.135,1,Wall_3mx20cm_Wood_Panels (2),3.75,0.17,-0.31
131.176,1,Wall_3mx20cm_Wood_Panels (2),3.61,0.13,-0.31
131.204,1,Wall_3mx20cm_Wood_Panels (2),3.50,0.11,-0.31
131.246,1,Wall_3mx20cm_Wood_Panels (2),3.32,0.08,-0.31
131.274,1,Wall_3mx20cm_Wood_Panels (2),3.22,0.06,-0.31
131.303,1,Wall_3mx20cm_Wood_Panels (2),3.11,0.05,-0.31
131.344,1,Wall_3mx20cm_Wood_Panels (2),3.02,0.04,-0.31
131.371,1,Wall_3mx20cm_Wood_Panels (2),3.01,0.04,-0.31
131.399,1,Wall_3mx20cm_Wood_Panels (2),3.00,0.03,-0.31
131.441,1,Wall_3mx20cm_Wood_Panels (2),3.02,0.03,-0.31
131.469,1,Wall_3mx20cm_Wood_Panels (2),3.05,0.01,-0.31
131.511,1,Wall_3mx20cm_Wood_Panels (2),3.07,0.00,-0.31
131.539,1,Wall_3mx20cm_Wood_Panels (2),3.07,0.01,-0.31
131.566,1,Wall_3mx20cm_Wood_Panels (2),3.07,0.01,-0.31
131.609,1,Wall_3mx20cm_Wood_Panels (2),3.05,0.03,-0.31
131.636,1,Wall_3mx20cm_Wood_Panels (2),3.04,0.05,-0.31
131.678,1,Wall_3mx20cm_Wood_Panels (2),3.03,0.08,-0.31
131.706,1,Wall_3mx20cm_Wood_Panels (2),3.02,0.09,-0.31
131.734,1,Wall_3mx20cm_Wood_Panels (2),3.01,0.10,-0.31
131.776,1,Wall_3mx20cm_Wood_Panels (2),2.99,0.13,-0.31
131.804,1,Wall_3mx20cm_Wood_Panels (2),2.98,0.14,-0.31
131.845,1,Wall_3mx20cm_Wood_Panels (2),2.97,0.15,-0.31
131.873,1,Wall_3mx20cm_Wood_Panels (2),2.97,0.17,-0.31
131.901,1,Wall_3mx20cm_Wood_Panels (2),3.00,0.15,-0.31
131.943,1,Wall_3mx20cm_Wood_Panels (2),3.02,0.13,-0.31
131.970,1,Wall_3mx20cm_Wood_Panels (2),3.02,0.15,-0.31
132.012,1,Wall_3mx20cm_Wood_Panels (2),3.01,0.18,-0.31
132.040,1,Wall_3mx20cm_Wood_Panels (2),3.01,0.18,-0.31
132.067,1,Wall_3mx20cm_Wood_Panels (2),3.02,0.19,-0.31
132.109,1,Wall_3mx20cm_Wood_Panels (2),3.03,0.19,-0.31
132.137,1,Wall_3mx20cm_Wood_Panels (2),3.03,0.20,-0.31
132.179,1,Wall_3mx20cm_Wood_Panels (2),3.04,0.21,-0.31
132.207,1,Wall_3mx20cm_Wood_Panels (2),3.05,0.20,-0.31
132.234,1,Wall_3mx20cm_Wood_Panels (2),3.05,0.20,-0.31
132.276,1,Wall_3mx20cm_Wood_Panels (2),3.06,0.20,-0.31
132.304,1,Wall_3mx20cm_Wood_Panels (2),3.06,0.21,-0.31
132.346,1,Wall_3mx20cm_Wood_Panels (2),3.06,0.21,-0.31
132.374,1,Wall_3mx20cm_Wood_Panels (2),3.05,0.23,-0.31
132.401,1,Wall_3mx20cm_Wood_Panels (2),3.05,0.23,-0.31
132.444,1,Wall_3mx20cm_Wood_Panels (2),3.05,0.25,-0.31
132.471,1,Wall_3mx20cm_Wood_Panels (2),3.04,0.25,-0.31
132.500,1,Wall_3mx20cm_Wood_Panels (2),3.04,0.25,-0.31
132.540,1,Wall_3mx20cm_Wood_Panels (2),3.05,0.27,-0.31
132.568,1,Wall_3mx20cm_Wood_Panels (2),3.06,0.28,-0.31
132.610,1,Wall_3mx20cm_Wood_Panels (2),3.06,0.28,-0.31
132.638,1,Wall_3mx20cm_Wood_Panels (2),3.06,0.27,-0.31
132.680,1,Wall_3mx20cm_Wood_Panels (2),3.06,0.28,-0.31
132.708,1,Wall_3mx20cm_Wood_Panels (2),3.06,0.29,-0.31
132.735,1,Wall_3mx20cm_Wood_Panels (2),3.06,0.29,-0.31
132.777,1,Wall_3mx20cm_Wood_Panels (2),3.08,0.28,-0.31
132.805,1,Wall_3mx20cm_Wood_Panels (2),3.09,0.28,-0.31
132.833,1,Wall_3mx20cm_Wood_Panels (2),3.09,0.28,-0.31
132.875,1,Wall_3mx20cm_Wood_Panels (2),3.10,0.28,-0.31
132.902,1,Wall_3mx20cm_Wood_Panels (2),3.11,0.27,-0.31
132.944,1,Wall_3mx20cm_Wood_Panels (2),3.12,0.27,-0.31
132.972,1,Wall_3mx20cm_Wood_Panels (2),3.13,0.26,-0.31
133.000,1,Wall_3mx20cm_Wood_Panels (2),3.14,0.27,-0.31
133.042,1,Wall_3mx20cm_Wood_Panels (2),3.14,0.27,-0.31
133.070,1,Wall_3mx20cm_Wood_Panels (2),3.15,0.27,-0.31
133.111,1,Wall_3mx20cm_Wood_Panels (2),3.15,0.26,-0.31
133.139,1,Wall_3mx20cm_Wood_Panels (2),3.15,0.26,-0.31
133.167,1,Wall_3mx20cm_Wood_Panels (2),3.14,0.28,-0.31
133.209,1,Wall_3mx20cm_Wood_Panels (2),3.14,0.28,-0.31
133.237,1,Wall_3mx20cm_Wood_Panels (2),3.13,0.28,-0.31
133.279,1,Wall_3mx20cm_Wood_Panels (2),3.13,0.31,-0.31
133.306,1,Wall_3mx20cm_Wood_Panels (2),3.12,0.33,-0.31
133.334,1,Wall_3mx20cm_Wood_Panels (2),3.13,0.34,-0.31
133.376,1,Wall_3mx20cm_Wood_Panels (2),3.14,0.37,-0.31
133.404,1,Wall_3mx20cm_Wood_Panels (2),3.13,0.36,-0.31
133.445,1,Wall_3mx20cm_Wood_Panels (2),3.13,0.37,-0.31
133.474,1,Wall_3mx20cm_Wood_Panels (2),3.14,0.39,-0.31
133.501,1,Wall_3mx20cm_Wood_Panels (2),3.13,0.40,-0.31
133.543,1,Wall_3mx20cm_Wood_Panels (2),3.12,0.44,-0.31
133.571,1,Wall_3mx20cm_Wood_Panels (2),3.12,0.43,-0.31
133.613,1,Wall_3mx20cm_Wood_Panels (2),3.12,0.41,-0.31
133.640,1,Wall_3mx20cm_Wood_Panels (2),3.12,0.40,-0.31
133.669,1,Wall_3mx20cm_Wood_Panels (2),3.12,0.40,-0.31
133.710,1,Wall_3mx20cm_Wood_Panels (2),3.11,0.40,-0.31
133.738,1,Wall_3mx20cm_Wood_Panels (2),3.12,0.40,-0.31
133.780,1,Wall_3mx20cm_Wood_Panels (2),3.12,0.41,-0.31
133.808,1,Wall_3mx20cm_Wood_Panels (2),3.12,0.43,-0.31
133.835,1,Wall_3mx20cm_Wood_Panels (2),3.13,0.43,-0.31
133.877,1,Wall_3mx20cm_Wood_Panels (2),3.14,0.46,-0.31
133.905,1,Wall_3mx20cm_Wood_Panels (2),3.14,0.48,-0.31
133.947,1,Wall_3mx20cm_Wood_Panels (2),3.15,0.48,-0.31
133.975,1,Wall_3mx20cm_Wood_Panels (2),3.16,0.49,-0.31
134.003,1,Wall_3mx20cm_Wood_Panels (2),3.16,0.49,-0.31
134.044,1,Wall_3mx20cm_Wood_Panels (2),3.17,0.49,-0.31
134.072,1,Wall_3mx20cm_Wood_Panels (2),3.18,0.49,-0.31
134.100,1,Wall_3mx20cm_Wood_Panels (2),3.18,0.47,-0.31
134.142,1,Wall_3mx20cm_Wood_Panels (2),3.20,0.44,-0.31
134.170,1,Wall_3mx20cm_Wood_Panels (2),3.21,0.44,-0.31
134.211,1,Wall_3mx20cm_Wood_Panels (2),3.21,0.44,-0.31
134.239,1,Wall_3mx20cm_Wood_Panels (2),3.20,0.44,-0.31
134.267,1,Wall_3mx20cm_Wood_Panels (2),3.20,0.44,-0.31
134.309,1,Wall_3mx20cm_Wood_Panels (2),3.21,0.45,-0.31
134.337,1,Wall_3mx20cm_Wood_Panels (2),3.22,0.45,-0.31
134.378,1,Wall_3mx20cm_Wood_Panels (2),3.22,0.45,-0.31
134.406,1,Wall_3mx20cm_Wood_Panels (2),3.23,0.46,-0.31
134.435,1,Wall_3mx20cm_Wood_Panels (2),3.24,0.46,-0.31
134.477,1,Wall_3mx20cm_Wood_Panels (2),3.25,0.45,-0.31
134.504,1,Wall_3mx20cm_Wood_Panels (2),3.25,0.44,-0.31
134.546,1,Wall_3mx20cm_Wood_Panels (2),3.26,0.44,-0.31
134.574,1,Wall_3mx20cm_Wood_Panels (2),3.25,0.44,-0.31
134.602,1,Wall_3mx20cm_Wood_Panels (2),3.25,0.46,-0.31
134.643,1,Wall_3mx20cm_Wood_Panels (2),3.23,0.51,-0.31
134.671,1,Wall_3mx20cm_Wood_Panels (2),3.22,0.56,-0.31
134.713,1,Wall_3mx20cm_Wood_Panels (2),3.15,0.71,-0.31
134.741,1,Wall_3mx20cm_Wood_Panels (2),3.07,0.75,-0.31
134.769,1,Wall_3mx20cm_Wood_Panels (2),3.03,0.74,-0.31
134.810,1,Wall_3mx20cm_Wood_Panels (2),3.01,0.73,-0.31
134.838,1,Wall_3mx20cm_Wood_Panels (2),3.02,0.68,-0.31
134.880,1,Wall_3mx20cm_Wood_Panels (2),3.06,0.64,-0.31
134.908,1,Wall_3mx20cm_Wood_Panels (2),3.08,0.60,-0.31
134.936,1,Wall_3mx20cm_Wood_Panels (2),3.08,0.57,-0.31
134.978,1,Wall_3mx20cm_Wood_Panels (2),3.08,0.55,-0.31
135.005,1,Wall_3mx20cm_Wood_Panels (2),3.08,0.55,-0.31
135.047,1,Wall_3mx20cm_Wood_Panels (2),3.05,0.60,-0.31
135.075,1,Wall_3mx20cm_Wood_Panels (2),3.03,0.64,-0.31
135.102,1,Wall_3mx20cm_Wood_Panels (2),3.01,0.64,-0.31
135.144,1,Wall_3mx20cm_Wood_Panels (2),2.96,0.68,-0.31
135.173,1,Wall_3mx20cm_Wood_Panels (2),2.93,0.70,-0.31
135.200,1,Wall_3mx20cm_Wood_Panels (2),2.92,0.69,-0.31
135.242,1,Wall_3mx20cm_Wood_Panels (2),2.89,0.72,-0.31
135.270,1,Wall_3mx20cm_Wood_Panels (2),2.88,0.73,-0.31
135.311,1,Wall_3mx20cm_Wood_Panels (2),2.87,0.72,-0.31
135.340,1,Wall_3mx20cm_Wood_Panels (2),2.87,0.73,-0.31
135.368,1,Wall_3mx20cm_Wood_Panels (2),2.87,0.74,-0.31
135.409,1,Wall_3mx20cm_Wood_Panels (2),2.86,0.76,-0.31
135.437,1,Wall_3mx20cm_Wood_Panels (2),2.86,0.77,-0.31
135.478,1,Wall_3mx20cm_Wood_Panels (2),2.85,0.80,-0.31
135.506,1,Wall_3mx20cm_Wood_Panels (2),2.84,0.81,-0.31
135.534,1,Wall_3mx20cm_Wood_Panels (2),2.84,0.81,-0.31
135.576,1,Wall_3mx20cm_Wood_Panels (2),2.84,0.81,-0.31
135.604,1,Wall_3mx20cm_Wood_Panels (2),2.84,0.81,-0.31
135.646,1,Wall_3mx20cm_Wood_Panels (2),2.86,0.81,-0.31
135.674,1,Wall_3mx20cm_Wood_Panels (2),2.86,0.80,-0.31
135.701,1,Wall_3mx20cm_Wood_Panels (2),2.87,0.80,-0.31
135.743,1,Wall_3mx20cm_Wood_Panels (2),2.88,0.82,-0.31
135.771,1,Wall_3mx20cm_Wood_Panels (2),2.88,0.81,-0.31
135.813,1,Wall_3mx20cm_Wood_Panels (2),2.89,0.79,-0.31
135.841,1,Wall_3mx20cm_Wood_Panels (2),2.90,0.78,-0.31
135.868,1,Wall_3mx20cm_Wood_Panels (2),2.92,0.77,-0.31
135.910,1,Wall_3mx20cm_Wood_Panels (2),2.95,0.72,-0.31
135.938,1,Wall_3mx20cm_Wood_Panels (2),2.96,0.75,-0.31
135.980,1,Wall_3mx20cm_Wood_Panels (2),2.97,0.84,-0.31
136.008,1,Wall_3mx20cm_Wood_Panels (2),2.98,0.88,-0.31
136.036,1,Wall_3mx20cm_Wood_Panels (2),3.00,0.90,-0.31
136.077,1,Wall_3mx20cm_Wood_Panels (2),3.03,0.91,-0.31
136.105,1,Wall_3mx20cm_Wood_Panels (2),3.05,0.89,-0.31
136.147,1,Wall_3mx20cm_Wood_Panels (2),3.06,0.86,-0.31
136.175,1,Wall_3mx20cm_Wood_Panels (2),3.07,0.85,-0.31
136.202,1,Wall_3mx20cm_Wood_Panels (2),3.10,0.84,-0.31
136.244,1,Wall_3mx20cm_Wood_Panels (2),3.14,0.87,-0.31
136.272,1,Wall_3mx20cm_Wood_Panels (2),3.17,0.85,-0.31
136.314,1,Wall_3mx20cm_Wood_Panels (2),3.24,0.82,-0.31
136.342,1,Wall_3mx20cm_Wood_Panels (2),3.28,0.78,-0.31
136.370,1,Wall_3mx20cm_Wood_Panels (2),3.33,0.77,-0.31
136.412,1,Wall_3mx20cm_Wood_Panels (2),3.40,0.74,-0.31
136.439,1,Wall_3mx20cm_Wood_Panels (2),3.44,0.70,-0.31
136.467,1,Wall_3mx20cm_Wood_Panels (2),3.47,0.66,-0.31
136.509,1,Wall_3mx20cm_Wood_Panels (2),3.50,0.63,-0.31
136.537,1,Wall_3mx20cm_Wood_Panels (2),3.52,0.59,-0.31
136.578,1,Wall_3mx20cm_Wood_Panels (2),3.56,0.52,-0.31
136.606,1,Wall_3mx20cm_Wood_Panels (2),3.58,0.46,-0.31
136.634,1,Wall_3mx20cm_Wood_Panels (2),3.59,0.39,-0.31
136.676,1,Wall_3mx20cm_Wood_Panels (2),3.59,0.31,-0.31
136.704,1,Wall_3mx20cm_Wood_Panels (2),3.60,0.28,-0.31
136.746,1,Wall_3mx20cm_Wood_Panels (2),3.60,0.25,-0.31
136.773,1,Wall_3mx20cm_Wood_Panels (2),3.59,0.24,-0.31
136.801,1,Wall_3mx20cm_Wood_Panels (2),3.58,0.24,-0.31
136.843,1,Wall_3mx20cm_Wood_Panels (2),3.57,0.25,-0.31
136.871,1,Wall_3mx20cm_Wood_Panels (2),3.58,0.25,-0.31
136.912,1,Wall_3mx20cm_Wood_Panels (2),3.57,0.24,-0.31
136.940,1,Wall_3mx20cm_Wood_Panels (2),3.57,0.24,-0.31
136.969,1,Wall_3mx20cm_Wood_Panels (2),3.57,0.24,-0.31
137.010,1,Wall_3mx20cm_Wood_Panels (2),3.58,0.24,-0.31
137.038,1,Wall_3mx20cm_Wood_Panels (2),3.58,0.25,-0.31
137.080,1,Wall_3mx20cm_Wood_Panels (2),3.58,0.26,-0.31
137.108,1,Wall_3mx20cm_Wood_Panels (2),3.57,0.28,-0.31
137.135,1,Wall_3mx20cm_Wood_Panels (2),3.57,0.29,-0.31
137.178,1,Wall_3mx20cm_Wood_Panels (2),3.58,0.33,-0.31
137.205,1,Wall_3mx20cm_Wood_Panels (2),3.58,0.34,-0.31
137.248,1,Wall_3mx20cm_Wood_Panels (2),3.60,0.37,-0.31
137.275,1,Wall_3mx20cm_Wood_Panels (2),3.61,0.39,-0.31
137.302,1,Wall_3mx20cm_Wood_Panels (2),3.62,0.39,-0.31
137.344,1,Wall_3mx20cm_Wood_Panels (2),3.61,0.37,-0.31
137.373,1,Wall_3mx20cm_Wood_Panels (2),3.60,0.35,-0.31
137.414,1,Wall_3mx20cm_Wood_Panels (2),3.58,0.34,-0.31
137.442,1,Wall_3mx20cm_Wood_Panels (2),3.57,0.36,-0.31
137.470,1,Wall_3mx20cm_Wood_Panels (2),3.57,0.37,-0.31
137.511,1,Wall_3mx20cm_Wood_Panels (2),3.56,0.38,-0.31
137.540,1,Wall_3mx20cm_Wood_Panels (2),3.57,0.39,-0.31
137.568,1,Wall_3mx20cm_Wood_Panels (2),3.59,0.39,-0.31
137.609,1,Wall_3mx20cm_Wood_Panels (2),3.59,0.41,-0.31
137.637,1,Wall_3mx20cm_Wood_Panels (2),3.60,0.43,-0.31
137.679,1,Wall_3mx20cm_Wood_Panels (2),3.59,0.43,-0.31
137.706,1,Wall_3mx20cm_Wood_Panels (2),3.58,0.43,-0.31
137.734,1,Wall_3mx20cm_Wood_Panels (2),3.58,0.44,-0.31
137.776,1,Wall_3mx20cm_Wood_Panels (2),3.57,0.45,-0.31
137.804,1,Wall_3mx20cm_Wood_Panels (2),3.56,0.46,-0.31
137.845,1,Wall_3mx20cm_Wood_Panels (2),3.56,0.47,-0.31
137.872,1,Wall_3mx20cm_Wood_Panels (2),3.56,0.47,-0.31
137.901,1,Wall_3mx20cm_Wood_Panels (2),3.56,0.48,-0.31
137.943,1,Wall_3mx20cm_Wood_Panels (2),3.56,0.49,-0.31
137.971,1,Wall_3mx20cm_Wood_Panels (2),3.56,0.50,-0.31
138.013,1,Wall_3mx20cm_Wood_Panels (2),3.54,0.51,-0.31
138.040,1,Wall_3mx20cm_Wood_Panels (2),3.53,0.51,-0.31
138.068,1,Wall_3mx20cm_Wood_Panels (2),3.52,0.51,-0.31
138.110,1,Wall_3mx20cm_Wood_Panels (2),3.49,0.51,-0.31
138.139,1,Wall_3mx20cm_Wood_Panels (2),3.48,0.51,-0.31
138.180,1,Wall_3mx20cm_Wood_Panels (2),3.47,0.51,-0.31
138.208,1,Wall_3mx20cm_Wood_Panels (2),3.46,0.52,-0.31
138.235,1,Wall_3mx20cm_Wood_Panels (2),3.45,0.53,-0.31
138.277,1,Wall_3mx20cm_Wood_Panels (2),3.45,0.54,-0.31
138.305,1,Wall_3mx20cm_Wood_Panels (2),3.45,0.54,-0.31
138.347,1,Wall_3mx20cm_Wood_Panels (2),3.44,0.54,-0.31
138.375,1,Wall_3mx20cm_Wood_Panels (2),3.44,0.53,-0.31
138.402,1,Wall_3mx20cm_Wood_Panels (2),3.45,0.53,-0.31
138.444,1,Wall_3mx20cm_Wood_Panels (2),3.45,0.52,-0.31
138.472,1,Wall_3mx20cm_Wood_Panels (2),3.45,0.54,-0.31
138.514,1,Wall_3mx20cm_Wood_Panels (2),3.46,0.54,-0.31
138.542,1,Wall_3mx20cm_Wood_Panels (2),3.46,0.54,-0.31
138.571,1,Wall_3mx20cm_Wood_Panels (2),3.46,0.54,-0.31
138.611,1,Wall_3mx20cm_Wood_Panels (2),3.47,0.55,-0.31
138.640,1,Wall_3mx20cm_Wood_Panels (2),3.47,0.56,-0.31
138.680,1,Wall_3mx20cm_Wood_Panels (2),3.47,0.56,-0.31
138.708,1,Wall_3mx20cm_Wood_Panels (2),3.47,0.56,-0.31
138.737,1,Wall_3mx20cm_Wood_Panels (2),3.47,0.55,-0.31
138.778,1,Wall_3mx20cm_Wood_Panels (2),3.48,0.54,-0.31
138.806,1,Wall_3mx20cm_Wood_Panels (2),3.49,0.55,-0.31
138.847,1,Wall_3mx20cm_Wood_Panels (2),3.49,0.57,-0.31
138.875,1,Wall_3mx20cm_Wood_Panels (2),3.48,0.61,-0.31
138.905,1,Wall_3mx20cm_Wood_Panels (2),3.46,0.64,-0.31
138.945,1,Wall_3mx20cm_Wood_Panels (2),3.45,0.65,-0.31
138.973,1,Wall_3mx20cm_Wood_Panels (2),3.44,0.66,-0.31
139.015,1,Wall_3mx20cm_Wood_Panels (2),3.43,0.67,-0.31
139.043,1,Wall_3mx20cm_Wood_Panels (2),3.42,0.63,-0.31
139.070,1,Wall_3mx20cm_Wood_Panels (2),3.41,0.61,-0.31
139.112,1,Wall_3mx20cm_Wood_Panels (2),3.43,0.61,-0.31
139.140,1,Wall_3mx20cm_Wood_Panels (2),3.43,0.61,-0.31
139.168,1,Wall_3mx20cm_Wood_Panels (2),3.42,0.62,-0.31
139.210,1,Wall_3mx20cm_Wood_Panels (2),3.41,0.60,-0.31
139.237,1,Wall_3mx20cm_Wood_Panels (2),3.40,0.58,-0.31
139.280,1,Wall_3mx20cm_Wood_Panels (2),3.37,0.55,-0.31
139.307,1,Wall_3mx20cm_Wood_Panels (2),3.34,0.56,-0.31
139.335,1,Wall_3mx20cm_Wood_Panels (2),3.31,0.56,-0.31
139.377,1,Wall_3mx20cm_Wood_Panels (2),3.28,0.53,-0.31
139.404,1,Wall_3mx20cm_Wood_Panels (2),3.25,0.52,-0.31
139.446,1,Wall_3mx20cm_Wood_Panels (2),3.22,0.51,-0.31
139.474,1,Wall_3mx20cm_Wood_Panels (2),3.22,0.49,-0.31
139.502,1,Wall_3mx20cm_Wood_Panels (2),3.25,0.50,-0.31
139.544,1,Wall_3mx20cm_Wood_Panels (2),3.27,0.45,-0.31
139.572,1,Wall_3mx20cm_Wood_Panels (2),3.28,0.45,-0.31
139.613,1,Wall_3mx20cm_Wood_Panels (2),3.29,0.44,-0.31
139.641,1,Wall_3mx20cm_Wood_Panels (2),3.27,0.43,-0.31
139.669,1,Wall_3mx20cm_Wood_Panels (2),3.25,0.41,-0.31
139.711,1,Wall_3mx20cm_Wood_Panels (2),3.22,0.39,-0.31
139.739,1,Wall_3mx20cm_Wood_Panels (2),3.21,0.38,-0.31
139.781,1,Wall_3mx20cm_Wood_Panels (2),3.22,0.40,-0.31
139.809,1,Wall_3mx20cm_Wood_Panels (2),3.25,0.41,-0.31
139.836,1,Wall_3mx20cm_Wood_Panels (2),3.26,0.41,-0.31
139.878,1,Wall_3mx20cm_Wood_Panels (2),3.27,0.42,-0.31
139.906,1,Wall_3mx20cm_Wood_Panels (2),3.28,0.43,-0.31
139.948,1,Wall_3mx20cm_Wood_Panels (2),3.30,0.43,-0.31
139.975,1,Wall_3mx20cm_Wood_Panels (2),3.31,0.45,-0.31
140.003,1,Wall_3mx20cm_Wood_Panels (2),3.31,0.48,-0.31
140.046,1,Wall_3mx20cm_Wood_Panels (2),3.33,0.51,-0.31
140.073,1,Wall_3mx20cm_Wood_Panels (2),3.33,0.53,-0.31
140.115,1,Wall_3mx20cm_Wood_Panels (2),3.32,0.56,-0.31
140.143,1,Wall_3mx20cm_Wood_Panels (2),3.31,0.56,-0.31
140.170,1,Wall_3mx20cm_Wood_Panels (2),3.29,0.55,-0.31
140.212,1,Wall_3mx20cm_Wood_Panels (2),3.27,0.60,-0.31
140.240,1,Wall_3mx20cm_Wood_Panels (2),3.26,0.61,-0.31
140.268,1,Wall_3mx20cm_Wood_Panels (2),3.24,0.59,-0.31
140.310,1,Wall_3mx20cm_Wood_Panels (2),3.24,0.59,-0.31
140.338,1,Wall_3mx20cm_Wood_Panels (2),3.24,0.59,-0.31
140.379,1,Wall_3mx20cm_Wood_Panels (2),3.23,0.59,-0.31
140.407,1,Wall_3mx20cm_Wood_Panels (2),3.22,0.61,-0.31
140.436,1,Wall_3mx20cm_Wood_Panels (2),3.23,0.65,-0.31
140.477,1,Wall_3mx20cm_Wood_Panels (2),3.32,0.72,-0.31
140.505,1,Wall_3mx20cm_Wood_Panels (2),3.35,0.76,-0.31
140.546,1,Wall_3mx20cm_Wood_Panels (2),3.35,0.77,-0.31
140.575,1,Wall_3mx20cm_Wood_Panels (2),3.33,0.77,-0.31
140.602,1,Wall_3mx20cm_Wood_Panels (2),3.30,0.76,-0.31
140.643,1,Wall_3mx20cm_Wood_Panels (2),3.27,0.72,-0.31
140.671,1,Wall_3mx20cm_Wood_Panels (2),3.25,0.72,-0.31
140.713,1,Wall_3mx20cm_Wood_Panels (2),3.20,0.73,-0.31
140.741,1,Wall_3mx20cm_Wood_Panels (2),3.18,0.74,-0.31
140.769,1,Wall_3mx20cm_Wood_Panels (2),3.15,0.72,-0.31
140.810,1,Wall_3mx20cm_Wood_Panels (2),3.14,0.68,-0.31
140.839,1,Wall_3mx20cm_Wood_Panels (2),3.15,0.66,-0.31
140.880,1,Wall_3mx20cm_Wood_Panels (2),3.20,0.66,-0.31
140.909,1,Wall_3mx20cm_Wood_Panels (2),3.25,0.69,-0.31
140.936,1,Wall_3mx20cm_Wood_Panels (2),3.31,0.69,-0.31
140.977,1,Wall_3mx20cm_Wood_Panels (2),3.41,0.64,-0.31
141.006,1,Wall_3mx20cm_Wood_Panels (2),3.44,0.59,-0.31
141.047,1,Wall_3mx20cm_Wood_Panels (2),3.45,0.55,-0.31
141.075,1,Wall_3mx20cm_Wood_Panels (2),3.43,0.54,-0.31
141.104,1,Wall_3mx20cm_Wood_Panels (2),3.41,0.54,-0.31
141.145,1,Wall_3mx20cm_Wood_Panels (2),3.39,0.54,-0.31
141.172,1,Wall_3mx20cm_Wood_Panels (2),3.37,0.59,-0.31
141.215,1,Wall_3mx20cm_Wood_Panels (2),3.34,0.67,-0.31
141.242,1,Wall_3mx20cm_Wood_Panels (2),3.31,0.68,-0.31
141.270,1,Wall_3mx20cm_Wood_Panels (2),3.31,0.66,-0.31
141.311,1,Wall_3mx20cm_Wood_Panels (2),3.33,0.63,-0.31
141.340,1,Wall_3mx20cm_Wood_Panels (2),3.35,0.61,-0.31
141.381,1,Wall_3mx20cm_Wood_Panels (2),3.39,0.53,-0.31
141.409,1,Wall_3mx20cm_Wood_Panels (2),3.41,0.48,-0.31
141.437,1,Wall_3mx20cm_Wood_Panels (2),3.42,0.45,-0.31
141.479,1,Wall_3mx20cm_Wood_Panels (2),3.42,0.41,-0.31
141.506,1,Wall_3mx20cm_Wood_Panels (2),3.40,0.39,-0.31
141.548,1,Wall_3mx20cm_Wood_Panels (2),3.37,0.37,-0.31
141.576,1,Wall_3mx20cm_Wood_Panels (2),3.34,0.36,-0.31
141.604,1,Wall_3mx20cm_Wood_Panels (2),3.32,0.38,-0.31
141.647,1,Wall_3mx20cm_Wood_Panels (2),3.30,0.39,-0.31
141.674,1,Wall_3mx20cm_Wood_Panels (2),3.29,0.39,-0.31
141.702,1,Wall_3mx20cm_Wood_Panels (2),3.28,0.39,-0.31
141.744,1,Wall_3mx20cm_Wood_Panels (2),3.27,0.37,-0.31
141.771,1,Wall_3mx20cm_Wood_Panels (2),3.26,0.40,-0.31
141.813,1,Wall_3mx20cm_Wood_Panels (2),3.25,0.42,-0.31
141.841,1,Wall_3mx20cm_Wood_Panels (2),3.25,0.43,-0.31
141.869,1,Wall_3mx20cm_Wood_Panels (2),3.24,0.44,-0.31
141.911,1,Wall_3mx20cm_Wood_Panels (2),3.23,0.46,-0.31
141.939,1,Wall_3mx20cm_Wood_Panels (2),3.22,0.47,-0.31
141.980,1,Wall_3mx20cm_Wood_Panels (2),3.22,0.49,-0.31
142.007,1,Wall_3mx20cm_Wood_Panels (2),3.22,0.52,-0.31
142.035,1,Wall_3mx20cm_Wood_Panels (2),3.20,0.53,-0.31
142.077,1,Wall_3mx20cm_Wood_Panels (2),3.17,0.57,-0.31
142.105,1,Wall_3mx20cm_Wood_Panels (2),3.14,0.60,-0.31
142.147,1,Wall_3mx20cm_Wood_Panels (2),3.13,0.62,-0.31
142.175,1,Wall_3mx20cm_Wood_Panels (2),3.12,0.64,-0.31
142.203,1,Wall_3mx20cm_Wood_Panels (2),3.11,0.65,-0.31
142.244,1,Wall_3mx20cm_Wood_Panels (2),3.09,0.67,-0.31
142.272,1,Wall_3mx20cm_Wood_Panels (2),3.03,0.70,-0.31
142.314,1,Wall_3mx20cm_Wood_Panels (2),2.89,0.76,-0.31
142.342,1,Wall_3mx20cm_Wood_Panels (2),2.81,0.79,-0.31
142.370,1,Wall_3mx20cm_Wood_Panels (2),2.75,0.80,-0.31
142.412,1,Wall_3mx20cm_Wood_Panels (2),2.68,0.82,-0.31
142.440,1,Wall_3mx20cm_Wood_Panels (2),2.67,0.80,-0.31
142.481,1,Wall_3mx20cm_Wood_Panels (2),2.68,0.76,-0.31
142.509,1,Wall_3mx20cm_Wood_Panels (2),2.71,0.76,-0.31
142.537,1,Wall_3mx20cm_Wood_Panels (2),2.73,0.77,-0.31
142.579,1,Wall_3mx20cm_Wood_Panels (2),2.73,0.77,-0.31
142.607,1,Wall_3mx20cm_Wood_Panels (2),2.71,0.79,-0.31
142.648,1,Wall_3mx20cm_Wood_Panels (2),2.70,0.80,-0.31
142.677,1,Wall_3mx20cm_Wood_Panels (2),2.69,0.81,-0.31
142.704,1,Wall_3mx20cm_Wood_Panels (2),2.68,0.82,-0.31
142.746,1,Wall_3mx20cm_Wood_Panels (2),2.67,0.82,-0.31
142.774,1,Wall_3mx20cm_Wood_Panels (2),2.68,0.81,-0.31
142.802,1,Wall_3mx20cm_Wood_Panels (2),2.68,0.82,-0.31
142.844,1,Wall_3mx20cm_Wood_Panels (2),2.68,0.79,-0.31
142.872,1,Wall_3mx20cm_Wood_Panels (2),2.67,0.78,-0.31
142.913,1,Wall_3mx20cm_Wood_Panels (2),2.66,0.78,-0.31
142.941,1,Wall_3mx20cm_Wood_Panels (2),2.65,0.79,-0.31
142.969,1,Wall_3mx20cm_Wood_Panels (2),2.64,0.79,-0.31
143.011,1,Wall_3mx20cm_Wood_Panels (2),2.65,0.79,-0.31
143.038,1,Wall_3mx20cm_Wood_Panels (2),2.66,0.78,-0.31
143.080,1,Wall_3mx20cm_Wood_Panels (2),2.69,0.80,-0.31
143.108,1,Wall_3mx20cm_Wood_Panels (2),2.71,0.79,-0.31
143.136,1,Wall_3mx20cm_Wood_Panels (2),2.71,0.79,-0.31
143.178,1,Wall_3mx20cm_Wood_Panels (2),2.71,0.78,-0.31
143.206,1,Wall_3mx20cm_Wood_Panels (2),2.71,0.77,-0.31
143.248,1,Wall_3mx20cm_Wood_Panels (2),2.72,0.78,-0.31
143.275,1,Wall_3mx20cm_Wood_Panels (2),2.72,0.80,-0.31
143.303,1,Wall_3mx20cm_Wood_Panels (2),2.72,0.80,-0.31
143.345,1,Wall_3mx20cm_Wood_Panels (2),2.73,0.81,-0.31
143.373,1,Wall_3mx20cm_Wood_Panels (2),2.73,0.81,-0.31
143.414,1,Wall_3mx20cm_Wood_Panels (2),2.74,0.80,-0.31
143.442,1,Wall_3mx20cm_Wood_Panels (2),2.74,0.81,-0.31
143.470,1,Wall_3mx20cm_Wood_Panels (2),2.75,0.81,-0.31
143.512,1,Wall_3mx20cm_Wood_Panels (2),2.74,0.79,-0.31
143.540,1,Wall_3mx20cm_Wood_Panels (2),2.75,0.77,-0.31
143.581,1,Wall_3mx20cm_Wood_Panels (2),2.74,0.79,-0.31
143.609,1,Wall_3mx20cm_Wood_Panels (2),2.74,0.80,-0.31
143.637,1,Wall_3mx20cm_Wood_Panels (2),2.73,0.81,-0.31
143.679,1,Wall_3mx20cm_Wood_Panels (2),2.73,0.81,-0.31
143.706,1,Wall_3mx20cm_Wood_Panels (2),2.73,0.79,-0.31
143.749,1,Wall_3mx20cm_Wood_Panels (2),2.75,0.75,-0.31
143.776,1,Wall_3mx20cm_Wood_Panels (2),2.74,0.76,-0.31
143.804,1,Wall_3mx20cm_Wood_Panels (2),2.74,0.77,-0.31
143.846,1,Wall_3mx20cm_Wood_Panels (2),2.74,0.77,-0.31
143.874,1,Wall_3mx20cm_Wood_Panels (2),2.74,0.76,-0.31
143.915,1,Wall_3mx20cm_Wood_Panels (2),2.75,0.76,-0.31
143.943,1,Wall_3mx20cm_Wood_Panels (2),2.76,0.78,-0.31
143.971,1,Wall_3mx20cm_Wood_Panels (2),2.76,0.80,-0.31
144.013,1,Wall_3mx20cm_Wood_Panels (2),2.78,0.85,-0.31
144.041,1,Wall_3mx20cm_Wood_Panels (2),2.79,0.87,-0.31
144.082,1,Wall_3mx20cm_Wood_Panels (2),2.78,0.92,-0.31
144.110,1,Wall_3mx20cm_Wood_Panels (2),2.78,0.92,-0.31
144.138,1,Wall_3mx20cm_Wood_Panels (2),2.77,0.93,-0.31
144.180,1,Wall_3mx20cm_Wood_Panels (2),2.78,0.89,-0.31
144.208,1,Wall_3mx20cm_Wood_Panels (2),2.78,0.90,-0.31
144.235,1,Wall_3mx20cm_Wood_Panels (2),2.77,0.91,-0.31
144.277,1,Wall_3mx20cm_Wood_Panels (2),2.77,0.92,-0.31
144.306,1,Wall_3mx20cm_Wood_Panels (2),2.76,0.92,-0.31
144.347,1,Wall_3mx20cm_Wood_Panels (2),2.74,0.91,-0.31
144.375,1,Wall_3mx20cm_Wood_Panels (2),2.73,0.91,-0.31
144.403,1,Wall_3mx20cm_Wood_Panels (2),2.72,0.94,-0.31
144.445,1,Wall_3mx20cm_Wood_Panels (2),2.70,0.96,-0.31
144.472,1,Wall_3mx20cm_Wood_Panels (2),2.70,0.95,-0.31
144.514,1,Wall_3mx20cm_Wood_Panels (2),2.71,0.92,-0.31
144.541,1,Wall_3mx20cm_Wood_Panels (2),2.71,0.91,-0.31
144.570,1,Wall_3mx20cm_Wood_Panels (2),2.71,0.91,-0.31
144.611,1,Wall_3mx20cm_Wood_Panels (2),2.69,0.92,-0.31
144.638,1,Wall_3mx20cm_Wood_Panels (2),2.68,0.91,-0.31
144.681,1,Wall_3mx20cm_Wood_Panels (2),2.67,0.91,-0.31
144.709,1,Wall_3mx20cm_Wood_Panels (2),2.65,0.91,-0.31
144.736,1,Wall_3mx20cm_Wood_Panels (2),2.64,0.90,-0.31
144.778,1,Wall_3mx20cm_Wood_Panels (2),2.63,0.88,-0.31
144.807,1,Wall_3mx20cm_Wood_Panels (2),2.62,0.87,-0.31
144.848,1,Wall_3mx20cm_Wood_Panels (2),2.61,0.84,-0.31
144.876,1,Wall_3mx20cm_Wood_Panels (2),2.61,0.82,-0.31
144.904,1,Wall_3mx20cm_Wood_Panels (2),2.61,0.81,-0.31
144.946,1,Wall_3mx20cm_Wood_Panels (2),2.60,0.78,-0.31
144.974,1,Wall_3mx20cm_Wood_Panels (2),2.61,0.75,-0.31
145.016,1,Wall_3mx20cm_Wood_Panels (2),2.62,0.70,-0.31
145.043,1,Wall_3mx20cm_Wood_Panels (2),2.63,0.64,-0.31
145.071,1,Wall_3mx20cm_Wood_Panels (2),2.65,0.53,-0.31
145.113,1,Wall_3mx20cm_Wood_Panels (2),2.74,0.35,-0.31
145.141,1,Wall_3mx20cm_Wood_Panels (2),2.80,0.27,-0.31
145.182,1,Wall_3mx20cm_Wood_Panels (2),2.85,0.27,-0.31
145.210,1,Wall_3mx20cm_Wood_Panels (2),2.86,0.27,-0.31
145.239,1,Wall_3mx20cm_Wood_Panels (2),2.86,0.27,-0.31
145.280,1,Wall_3mx20cm_Wood_Panels (2),2.86,0.34,-0.31
145.307,1,Wall_3mx20cm_Wood_Panels (2),2.85,0.38,-0.31
145.336,1,Wall_3mx20cm_Wood_Panels (2),2.83,0.40,-0.31
145.377,1,Wall_3mx20cm_Wood_Panels (2),2.80,0.42,-0.31
145.405,1,Wall_3mx20cm_Wood_Panels (2),2.78,0.42,-0.31
145.447,1,Wall_3mx20cm_Wood_Panels (2),2.77,0.39,-0.31
145.475,1,Wall_3mx20cm_Wood_Panels (2),2.77,0.37,-0.31
145.503,1,Wall_3mx20cm_Wood_Panels (2),2.77,0.36,-0.31
145.544,1,Wall_3mx20cm_Wood_Panels (2),2.78,0.37,-0.31
145.572,1,Wall_3mx20cm_Wood_Panels (2),2.79,0.38,-0.31
145.614,1,Wall_3mx20cm_Wood_Panels (2),2.81,0.44,-0.31
145.642,1,Wall_3mx20cm_Wood_Panels (2),2.81,0.50,-0.31
145.670,1,Wall_3mx20cm_Wood_Panels (2),2.81,0.55,-0.31
145.711,1,Wall_3mx20cm_Wood_Panels (2),2.82,0.60,-0.31
145.739,1,Wall_3mx20cm_Wood_Panels (2),2.83,0.62,-0.31
145.781,1,Wall_3mx20cm_Wood_Panels (2),2.83,0.62,-0.31
145.809,1,Wall_3mx20cm_Wood_Panels (2),2.85,0.59,-0.31
145.836,1,Wall_3mx20cm_Wood_Panels (2),2.86,0.55,-0.31
145.879,1,Wall_3mx20cm_Wood_Panels (2),2.86,0.48,-0.31
145.906,1,Wall_3mx20cm_Wood_Panels (2),2.86,0.46,-0.31
145.948,1,Wall_3mx20cm_Wood_Panels (2),2.84,0.48,-0.31
145.976,1,Wall_3mx20cm_Wood_Panels (2),2.83,0.50,-0.31
146.004,1,Wall_3mx20cm_Wood_Panels (2),2.79,0.53,-0.31
146.047,1,Wall_3mx20cm_Wood_Panels (2),2.69,0.62,-0.31
146.073,1,Wall_3mx20cm_Wood_Panels (2),2.64,0.67,-0.31
146.115,1,Wall_3mx20cm_Wood_Panels (2),2.60,0.70,-0.31
146.143,1,Wall_3mx20cm_Wood_Panels (2),2.59,0.72,-0.31
146.171,1,Wall_3mx20cm_Wood_Panels (2),2.61,0.70,-0.31
146.212,1,Wall_3mx20cm_Wood_Panels (2),2.65,0.68,-0.31
146.241,1,Wall_3mx20cm_Wood_Panels (2),2.67,0.66,-0.31
146.282,1,Wall_3mx20cm_Wood_Panels (2),2.68,0.65,-0.31
146.310,1,Wall_3mx20cm_Wood_Panels (2),2.68,0.66,-0.31
146.337,1,Wall_3mx20cm_Wood_Panels (2),2.68,0.68,-0.31
146.380,1,Wall_3mx20cm_Wood_Panels (2),2.68,0.72,-0.31
146.407,1,Wall_3mx20cm_Wood_Panels (2),2.69,0.73,-0.31
146.449,1,Wall_3mx20cm_Wood_Panels (2),2.71,0.73,-0.31
146.477,1,Wall_3mx20cm_Wood_Panels (2),2.72,0.74,-0.31
146.505,1,Wall_3mx20cm_Wood_Panels (2),2.74,0.75,-0.31
146.546,1,Wall_3mx20cm_Wood_Panels (2),2.77,0.74,-0.31
146.575,1,Wall_3mx20cm_Wood_Panels (2),2.79,0.72,-0.31
146.616,1,Wall_3mx20cm_Wood_Panels (2),2.81,0.68,-0.31
146.644,1,Wall_3mx20cm_Wood_Panels (2),2.82,0.66,-0.31
146.672,1,Wall_3mx20cm_Wood_Panels (2),2.84,0.64,-0.31
146.713,1,Wall_3mx20cm_Wood_Panels (2),2.86,0.64,-0.31
146.742,1,Wall_3mx20cm_Wood_Panels (2),2.86,0.65,-0.31
146.770,1,Wall_3mx20cm_Wood_Panels (2),2.85,0.66,-0.31
146.811,1,Wall_3mx20cm_Wood_Panels (2),2.84,0.66,-0.31
146.839,1,Wall_3mx20cm_Wood_Panels (2),2.84,0.65,-0.31
146.880,1,Wall_3mx20cm_Wood_Panels (2),2.83,0.67,-0.31
146.908,1,Wall_3mx20cm_Wood_Panels (2),2.83,0.68,-0.31
146.936,1,Wall_3mx20cm_Wood_Panels (2),2.83,0.65,-0.31
146.978,1,Wall_3mx20cm_Wood_Panels (2),2.82,0.64,-0.31
147.006,1,Wall_3mx20cm_Wood_Panels (2),2.82,0.64,-0.31
147.048,1,Wall_3mx20cm_Wood_Panels (2),2.82,0.64,-0.31
147.075,1,Wall_3mx20cm_Wood_Panels (2),2.81,0.65,-0.31
147.103,1,Wall_3mx20cm_Wood_Panels (2),2.81,0.66,-0.31
147.144,1,Wall_3mx20cm_Wood_Panels (2),2.81,0.68,-0.31
147.173,1,Wall_3mx20cm_Wood_Panels (2),2.81,0.70,-0.31
147.215,1,Wall_3mx20cm_Wood_Panels (2),2.80,0.71,-0.31
147.242,1,Wall_3mx20cm_Wood_Panels (2),2.79,0.72,-0.31
147.270,1,Wall_3mx20cm_Wood_Panels (2),2.79,0.75,-0.31
147.312,1,Wall_3mx20cm_Wood_Panels (2),2.80,0.75,-0.31
147.339,1,Wall_3mx20cm_Wood_Panels (2),2.79,0.75,-0.31
147.381,1,Wall_3mx20cm_Wood_Panels (2),2.80,0.72,-0.31
147.409,1,Wall_3mx20cm_Wood_Panels (2),2.80,0.73,-0.31
147.437,1,Wall_3mx20cm_Wood_Panels (2),2.79,0.75,-0.31
147.480,1,Wall_3mx20cm_Wood_Panels (2),2.77,0.76,-0.31
147.506,1,Wall_3mx20cm_Wood_Panels (2),2.76,0.76,-0.31
147.549,1,Wall_3mx20cm_Wood_Panels (2),2.75,0.74,-0.31
147.577,1,Wall_3mx20cm_Wood_Panels (2),2.74,0.73,-0.31
147.604,1,Wall_3mx20cm_Wood_Panels (2),2.74,0.71,-0.31
147.646,1,Wall_3mx20cm_Wood_Panels (2),2.74,0.71,-0.31
147.674,1,Wall_3mx20cm_Wood_Panels (2),2.72,0.72,-0.31
147.716,1,Wall_3mx20cm_Wood_Panels (2),2.73,0.70,-0.31
147.743,1,Wall_3mx20cm_Wood_Panels (2),2.72,0.71,-0.31
147.772,1,Wall_3mx20cm_Wood_Panels (2),2.72,0.72,-0.31
147.814,1,Wall_3mx20cm_Wood_Panels (2),2.73,0.73,-0.31
147.841,1,Wall_3mx20cm_Wood_Panels (2),2.75,0.73,-0.31
147.883,1,Wall_3mx20cm_Wood_Panels (2),2.75,0.72,-0.31
147.910,1,Wall_3mx20cm_Wood_Panels (2),2.76,0.72,-0.31
147.939,1,Wall_3mx20cm_Wood_Panels (2),2.77,0.72,-0.31
147.981,1,Wall_3mx20cm_Wood_Panels (2),2.76,0.75,-0.31
148.008,1,Wall_3mx20cm_Wood_Panels (2),2.76,0.80,-0.31
148.036,1,Wall_3mx20cm_Wood_Panels (2),2.76,0.85,-0.31
148.078,1,Wall_3mx20cm_Wood_Panels (2),2.74,0.88,-0.31
148.105,1,Wall_3mx20cm_Wood_Panels (2),2.74,0.89,-0.31
148.147,1,Wall_3mx20cm_Wood_Panels (2),2.75,0.88,-0.31
148.175,1,Wall_3mx20cm_Wood_Panels (2),2.76,0.86,-0.31
148.203,1,Wall_3mx20cm_Wood_Panels (2),2.77,0.84,-0.31
148.245,1,Wall_3mx20cm_Wood_Panels (2),2.78,0.79,-0.31
148.273,1,Wall_3mx20cm_Wood_Panels (2),2.78,0.78,-0.31
148.315,1,Wall_3mx20cm_Wood_Panels (2),2.77,0.77,-0.31
148.342,1,Wall_3mx20cm_Wood_Panels (2),2.75,0.77,-0.31
148.370,1,Wall_3mx20cm_Wood_Panels (2),2.74,0.77,-0.31
148.412,1,Wall_3mx20cm_Wood_Panels (2),2.72,0.80,-0.31
148.440,1,Wall_3mx20cm_Wood_Panels (2),2.70,0.81,-0.31
148.482,1,Wall_3mx20cm_Wood_Panels (2),2.69,0.81,-0.31
148.509,1,Wall_3mx20cm_Wood_Panels (2),2.69,0.82,-0.31
148.538,1,Wall_3mx20cm_Wood_Panels (2),2.68,0.84,-0.31
148.579,1,Wall_3mx20cm_Wood_Panels (2),2.66,0.86,-0.31
148.607,1,Wall_3mx20cm_Wood_Panels (2),2.66,0.86,-0.31
148.650,1,Wall_3mx20cm_Wood_Panels (2),2.65,0.85,-0.31
148.676,1,Wall_3mx20cm_Wood_Panels (2),2.66,0.84,-0.31
148.704,1,Wall_3mx20cm_Wood_Panels (2),2.67,0.84,-0.31
148.746,1,Wall_3mx20cm_Wood_Panels (2),2.67,0.85,-0.31
148.774,1,Wall_3mx20cm_Wood_Panels (2),2.68,0.86,-0.31
148.815,1,Wall_3mx20cm_Wood_Panels (2),2.69,0.86,-0.31
148.844,1,Wall_3mx20cm_Wood_Panels (2),2.69,0.85,-0.31
148.871,1,Wall_3mx20cm_Wood_Panels (2),2.70,0.81,-0.31
148.913,1,Wall_3mx20cm_Wood_Panels (2),2.70,0.81,-0.31
148.941,1,Wall_3mx20cm_Wood_Panels (2),2.71,0.81,-0.31
148.983,1,Wall_3mx20cm_Wood_Panels (2),2.71,0.77,-0.31
149.011,1,Wall_3mx20cm_Wood_Panels (2),2.72,0.75,-0.31
149.039,1,Wall_3mx20cm_Wood_Panels (2),2.73,0.77,-0.31
149.080,1,Wall_3mx20cm_Wood_Panels (2),2.73,0.77,-0.31
149.108,1,Wall_3mx20cm_Wood_Panels (2),2.73,0.77,-0.31
149.150,1,Wall_3mx20cm_Wood_Panels (2),2.75,0.73,-0.31
149.178,1,Wall_3mx20cm_Wood_Panels (2),2.76,0.73,-0.31
149.206,1,Wall_3mx20cm_Wood_Panels (2),2.77,0.73,-0.31
149.247,1,Wall_3mx20cm_Wood_Panels (2),2.76,0.72,-0.31
149.276,1,Wall_3mx20cm_Wood_Panels (2),2.76,0.73,-0.31
149.303,1,Wall_3mx20cm_Wood_Panels (2),2.76,0.74,-0.31
149.345,1,Wall_3mx20cm_Wood_Panels (2),2.76,0.74,-0.31
149.373,1,Wall_3mx20cm_Wood_Panels (2),2.76,0.75,-0.31
149.415,1,Wall_3mx20cm_Wood_Panels (2),2.76,0.75,-0.31
149.442,1,Wall_3mx20cm_Wood_Panels (2),2.76,0.75,-0.31
149.470,1,Wall_3mx20cm_Wood_Panels (2),2.76,0.75,-0.31
149.512,1,Wall_3mx20cm_Wood_Panels (2),2.76,0.77,-0.31
149.540,1,Wall_3mx20cm_Wood_Panels (2),2.76,0.80,-0.31
149.581,1,Wall_3mx20cm_Wood_Panels (2),2.75,0.83,-0.31
149.609,1,Wall_3mx20cm_Wood_Panels (2),2.75,0.83,-0.31
149.637,1,Wall_3mx20cm_Wood_Panels (2),2.74,0.83,-0.31
149.679,1,Wall_3mx20cm_Wood_Panels (2),2.74,0.82,-0.31
149.707,1,Wall_3mx20cm_Wood_Panels (2),2.73,0.82,-0.31
149.748,1,Wall_3mx20cm_Wood_Panels (2),2.72,0.83,-0.31
149.777,1,Wall_3mx20cm_Wood_Panels (2),2.72,0.84,-0.31
149.804,1,Wall_3mx20cm_Wood_Panels (2),2.72,0.86,-0.31
149.846,1,Wall_3mx20cm_Wood_Panels (2),2.72,0.86,-0.31
149.874,1,Wall_3mx20cm_Wood_Panels (2),2.72,0.87,-0.31
149.915,1,Wall_3mx20cm_Wood_Panels (2),2.73,0.87,-0.31
149.943,1,Wall_3mx20cm_Wood_Panels (2),2.74,0.87,-0.31
149.971,1,Wall_3mx20cm_Wood_Panels (2),2.76,0.86,-0.31
150.013,1,Wall_3mx20cm_Wood_Panels (2),2.79,0.84,-0.31
150.040,1,Wall_3mx20cm_Wood_Panels (2),2.80,0.81,-0.31
150.082,1,Wall_3mx20cm_Wood_Panels (2),2.83,0.78,-0.31
150.110,1,Wall_3mx20cm_Wood_Panels (2),2.85,0.75,-0.31
150.138,1,Wall_3mx20cm_Wood_Panels (2),2.86,0.74,-0.31
150.181,1,Wall_3mx20cm_Wood_Panels (2),2.86,0.74,-0.31
150.208,1,Wall_3mx20cm_Wood_Panels (2),2.85,0.78,-0.31
150.249,1,Wall_3mx20cm_Wood_Panels (2),2.84,0.80,-0.31
150.278,1,Wall_3mx20cm_Wood_Panels (2),2.83,0.82,-0.31
150.305,1,Wall_3mx20cm_Wood_Panels (2),2.82,0.84,-0.31
150.347,1,Wall_3mx20cm_Wood_Panels (2),2.82,0.86,-0.31
150.375,1,Wall_3mx20cm_Wood_Panels (2),2.84,0.86,-0.31
150.417,1,Wall_3mx20cm_Wood_Panels (2),2.84,0.85,-0.31
150.445,1,Wall_3mx20cm_Wood_Panels (2),2.82,0.83,-0.31
150.472,1,Wall_3mx20cm_Wood_Panels (2),2.79,0.81,-0.31
150.514,1,Wall_3mx20cm_Wood_Panels (2),2.75,0.79,-0.31
150.542,1,Wall_3mx20cm_Wood_Panels (2),2.73,0.78,-0.31
150.570,1,Wall_3mx20cm_Wood_Panels (2),2.73,0.78,-0.31
150.612,1,Wall_3mx20cm_Wood_Panels (2),2.74,0.82,-0.31
150.640,1,Wall_3mx20cm_Wood_Panels (2),2.74,0.83,-0.31
150.681,1,Wall_3mx20cm_Wood_Panels (2),2.74,0.82,-0.31
150.709,1,Wall_3mx20cm_Wood_Panels (2),2.74,0.82,-0.31
150.750,1,Wall_3mx20cm_Wood_Panels (2),2.72,0.81,-0.31
150.778,1,Wall_3mx20cm_Wood_Panels (2),2.71,0.80,-0.31
150.807,1,Wall_3mx20cm_Wood_Panels (2),2.70,0.79,-0.31
150.848,1,Wall_3mx20cm_Wood_Panels (2),2.69,0.80,-0.31
150.876,1,Wall_3mx20cm_Wood_Panels (2),2.70,0.78,-0.31
150.904,1,Wall_3mx20cm_Wood_Panels (2),2.71,0.76,-0.31
150.945,1,Wall_3mx20cm_Wood_Panels (2),2.75,0.73,-0.31
150.973,1,Wall_3mx20cm_Wood_Panels (2),2.79,0.71,-0.31
151.015,1,Wall_3mx20cm_Wood_Panels (2),2.83,0.71,-0.31
151.043,1,Wall_3mx20cm_Wood_Panels (2),2.84,0.72,-0.31
151.071,1,Wall_3mx20cm_Wood_Panels (2),2.85,0.72,-0.31
151.113,1,Wall_3mx20cm_Wood_Panels (2),2.84,0.72,-0.31
151.141,1,Wall_3mx20cm_Wood_Panels (2),2.85,0.70,-0.31
151.182,1,Wall_3mx20cm_Wood_Panels (2),2.87,0.68,-0.31
151.210,1,Wall_3mx20cm_Wood_Panels (2),2.89,0.68,-0.31
151.238,1,Wall_3mx20cm_Wood_Panels (2),2.91,0.67,-0.31
151.279,1,Wall_3mx20cm_Wood_Panels (2),2.91,0.68,-0.31
151.307,1,Wall_3mx20cm_Wood_Panels (2),2.91,0.68,-0.31
151.350,1,Wall_3mx20cm_Wood_Panels (2),2.88,0.72,-0.31
151.377,1,Wall_3mx20cm_Wood_Panels (2),2.86,0.72,-0.31
151.405,1,Wall_3mx20cm_Wood_Panels (2),2.83,0.78,-0.31
151.447,1,Wall_3mx20cm_Wood_Panels (2),2.79,0.82,-0.31
151.475,1,Wall_3mx20cm_Wood_Panels (2),2.76,0.87,-0.31
151.516,1,Wall_3mx20cm_Wood_Panels (2),2.73,0.89,-0.31
151.545,1,Wall_3mx20cm_Wood_Panels (2),2.70,0.90,-0.31
151.572,1,Wall_3mx20cm_Wood_Panels (2),2.69,0.90,-0.31
151.614,1,Wall_3mx20cm_Wood_Panels (2),2.65,0.89,-0.31
151.642,1,Wall_3mx20cm_Wood_Panels (2),2.63,0.87,-0.31
151.684,1,Wall_3mx20cm_Wood_Panels (2),2.61,0.83,-0.31
151.712,1,Wall_3mx20cm_Wood_Panels (2),2.61,0.79,-0.31
151.740,1,Wall_3mx20cm_Wood_Panels (2),2.61,0.74,-0.31
151.781,1,Wall_3mx20cm_Wood_Panels (2),2.62,0.62,-0.31
151.809,1,Wall_3mx20cm_Wood_Panels (2),2.61,0.59,-0.31
151.837,1,Wall_3mx20cm_Wood_Panels (2),2.60,0.60,-0.31
151.879,1,Wall_3mx20cm_Wood_Panels (2),2.60,0.57,-0.31
151.907,1,Wall_3mx20cm_Wood_Panels (2),2.61,0.53,-0.31
151.949,1,Wall_3mx20cm_Wood_Panels (2),2.62,0.50,-0.31
151.975,1,Wall_3mx20cm_Wood_Panels (2),2.60,0.50,-0.31
152.004,1,Wall_3mx20cm_Wood_Panels (2),2.59,0.50,-0.31
152.046,1,Wall_3mx20cm_Wood_Panels (2),2.59,0.53,-0.31
152.074,1,Wall_3mx20cm_Wood_Panels (2),2.61,0.54,-0.31
152.115,1,Wall_3mx20cm_Wood_Panels (2),2.65,0.51,-0.31
152.143,1,Wall_3mx20cm_Wood_Panels (2),2.67,0.50,-0.31
152.171,1,Wall_3mx20cm_Wood_Panels (2),2.70,0.49,-0.31
152.213,1,Wall_3mx20cm_Wood_Panels (2),2.72,0.50,-0.31
152.241,1,Wall_3mx20cm_Wood_Panels (2),2.73,0.52,-0.31
152.283,1,Wall_3mx20cm_Wood_Panels (2),2.75,0.51,-0.31
152.310,1,Wall_3mx20cm_Wood_Panels (2),2.76,0.53,-0.31
152.338,1,Wall_3mx20cm_Wood_Panels (2),2.77,0.55,-0.31
152.380,1,Wall_3mx20cm_Wood_Panels (2),2.79,0.54,-0.31
152.407,1,Wall_3mx20cm_Wood_Panels (2),2.79,0.53,-0.31
152.449,1,Wall_3mx20cm_Wood_Panels (2),2.79,0.53,-0.31
152.477,1,Wall_3mx20cm_Wood_Panels (2),2.79,0.53,-0.31
152.505,1,Wall_3mx20cm_Wood_Panels (2),2.78,0.52,-0.31
152.547,1,Wall_3mx20cm_Wood_Panels (2),2.77,0.52,-0.31
152.574,1,Wall_3mx20cm_Wood_Panels (2),2.77,0.52,-0.31
152.615,1,Wall_3mx20cm_Wood_Panels (2),2.76,0.51,-0.31
152.644,1,Wall_3mx20cm_Wood_Panels (2),2.76,0.51,-0.31
152.672,1,Wall_3mx20cm_Wood_Panels (2),2.76,0.51,-0.31
152.714,1,Wall_3mx20cm_Wood_Panels (2),2.76,0.52,-0.31
152.742,1,Wall_3mx20cm_Wood_Panels (2),2.77,0.53,-0.31
152.783,1,Wall_3mx20cm_Wood_Panels (2),2.77,0.53,-0.31
152.811,1,Wall_3mx20cm_Wood_Panels (2),2.77,0.53,-0.31
152.839,1,Wall_3mx20cm_Wood_Panels (2),2.76,0.53,-0.31
152.881,1,Wall_3mx20cm_Wood_Panels (2),2.74,0.54,-0.31
152.909,1,Wall_3mx20cm_Wood_Panels (2),2.74,0.54,-0.31
152.950,1,Wall_3mx20cm_Wood_Panels (2),2.74,0.55,-0.31
152.978,1,Wall_3mx20cm_Wood_Panels (2),2.74,0.55,-0.31
153.006,1,Wall_3mx20cm_Wood_Panels (2),2.74,0.55,-0.31
153.048,1,Wall_3mx20cm_Wood_Panels (2),2.73,0.57,-0.31
153.076,1,Wall_3mx20cm_Wood_Panels (2),2.72,0.58,-0.31
153.118,1,Wall_3mx20cm_Wood_Panels (2),2.72,0.58,-0.31
153.145,1,Wall_3mx20cm_Wood_Panels (2),2.72,0.59,-0.31
153.173,1,Wall_3mx20cm_Wood_Panels (2),2.71,0.59,-0.31
153.215,1,Wall_3mx20cm_Wood_Panels (2),2.72,0.59,-0.31
153.243,1,Wall_3mx20cm_Wood_Panels (2),2.73,0.59,-0.31
153.271,1,Wall_3mx20cm_Wood_Panels (2),2.73,0.60,-0.31
153.312,1,Wall_3mx20cm_Wood_Panels (2),2.74,0.60,-0.31
153.340,1,Wall_3mx20cm_Wood_Panels (2),2.74,0.61,-0.31
153.383,1,Wall_3mx20cm_Wood_Panels (2),2.74,0.61,-0.31
153.410,1,Wall_3mx20cm_Wood_Panels (2),2.75,0.62,-0.31
153.438,1,Wall_3mx20cm_Wood_Panels (2),2.75,0.62,-0.31
153.479,1,Wall_3mx20cm_Wood_Panels (2),2.76,0.62,-0.31
153.507,1,Wall_3mx20cm_Wood_Panels (2),2.76,0.62,-0.31
153.549,1,Wall_3mx20cm_Wood_Panels (2),2.76,0.62,-0.31
153.577,1,Wall_3mx20cm_Wood_Panels (2),2.77,0.63,-0.31
153.605,1,Wall_3mx20cm_Wood_Panels (2),2.77,0.62,-0.31
153.646,1,Wall_3mx20cm_Wood_Panels (2),2.78,0.63,-0.31
153.674,1,Wall_3mx20cm_Wood_Panels (2),2.78,0.63,-0.31
153.716,1,Wall_3mx20cm_Wood_Panels (2),2.79,0.63,-0.31
153.744,1,Wall_3mx20cm_Wood_Panels (2),2.80,0.64,-0.31
153.772,1,Wall_3mx20cm_Wood_Panels (2),2.80,0.64,-0.31
153.814,1,Wall_3mx20cm_Wood_Panels (2),2.81,0.65,-0.31
153.842,1,Wall_3mx20cm_Wood_Panels (2),2.82,0.65,-0.31
153.884,1,Wall_3mx20cm_Wood_Panels (2),2.84,0.65,-0.31
153.911,1,Wall_3mx20cm_Wood_Panels (2),2.85,0.66,-0.31
153.938,1,Wall_3mx20cm_Wood_Panels (2),2.85,0.67,-0.31
153.980,1,Wall_3mx20cm_Wood_Panels (2),2.85,0.68,-0.31
154.009,1,Wall_3mx20cm_Wood_Panels (2),2.87,0.68,-0.31
154.050,1,Wall_3mx20cm_Wood_Panels (2),2.90,0.68,-0.31
154.078,1,Wall_3mx20cm_Wood_Panels (2),2.92,0.67,-0.31
154.106,1,Wall_3mx20cm_Wood_Panels (2),2.94,0.67,-0.31
154.148,1,Wall_3mx20cm_Wood_Panels (2),2.95,0.68,-0.31
154.176,1,Wall_3mx20cm_Wood_Panels (2),2.94,0.68,-0.31
154.217,1,Wall_3mx20cm_Wood_Panels (2),2.91,0.69,-0.31
154.245,1,Wall_3mx20cm_Wood_Panels (2),2.88,0.70,-0.31
154.273,1,Wall_3mx20cm_Wood_Panels (2),2.85,0.72,-0.31
154.315,1,Wall_3mx20cm_Wood_Panels (2),2.77,0.75,-0.31
154.343,1,Wall_3mx20cm_Wood_Panels (2),2.73,0.77,-0.31
154.384,1,Wall_3mx20cm_Wood_Panels (2),2.70,0.78,-0.31
154.412,1,Wall_3mx20cm_Wood_Panels (2),2.69,0.79,-0.31
154.442,1,Wall_3mx20cm_Wood_Panels (2),2.70,0.79,-0.31
154.482,1,Wall_3mx20cm_Wood_Panels (2),2.72,0.78,-0.31
154.510,1,Wall_3mx20cm_Wood_Panels (2),2.73,0.77,-0.31
154.551,1,Wall_3mx20cm_Wood_Panels (2),2.76,0.74,-0.31
154.579,1,Wall_3mx20cm_Wood_Panels (2),2.79,0.73,-0.31
154.607,1,Wall_3mx20cm_Wood_Panels (2),2.80,0.73,-0.31
154.649,1,Wall_3mx20cm_Wood_Panels (2),2.81,0.72,-0.31
154.677,1,Wall_3mx20cm_Wood_Panels (2),2.81,0.72,-0.31
154.705,1,Wall_3mx20cm_Wood_Panels (2),2.80,0.73,-0.31
154.747,1,Wall_3mx20cm_Wood_Panels (2),2.79,0.73,-0.31
154.774,1,Wall_3mx20cm_Wood_Panels (2),2.79,0.73,-0.31
154.816,1,Wall_3mx20cm_Wood_Panels (2),2.80,0.73,-0.31
154.844,1,Wall_3mx20cm_Wood_Panels (2),2.81,0.74,-0.31
154.871,1,Wall_3mx20cm_Wood_Panels (2),2.82,0.74,-0.31
154.914,1,Wall_3mx20cm_Wood_Panels (2),2.84,0.74,-0.31
154.942,1,Wall_3mx20cm_Wood_Panels (2),2.85,0.74,-0.31
154.983,1,Wall_3mx20cm_Wood_Panels (2),2.88,0.73,-0.31
155.011,1,Wall_3mx20cm_Wood_Panels (2),2.90,0.73,-0.31
155.040,1,Wall_3mx20cm_Wood_Panels (2),2.93,0.73,-0.31
155.080,1,Wall_3mx20cm_Wood_Panels (2),2.96,0.73,-0.31
155.109,1,Wall_3mx20cm_Wood_Panels (2),2.98,0.73,-0.31
155.150,1,Wall_3mx20cm_Wood_Panels (2),2.99,0.72,-0.31
155.179,1,Wall_3mx20cm_Wood_Panels (2),3.01,0.73,-0.31
155.206,1,Wall_3mx20cm_Wood_Panels (2),3.01,0.73,-0.31
155.248,1,Wall_3mx20cm_Wood_Panels (2),3.03,0.72,-0.31
155.276,1,Wall_3mx20cm_Wood_Panels (2),3.03,0.72,-0.31
155.317,1,Wall_3mx20cm_Wood_Panels (2),3.03,0.72,-0.31
155.345,1,Wall_3mx20cm_Wood_Panels (2),3.04,0.71,-0.31
155.373,1,Wall_3mx20cm_Wood_Panels (2),3.04,0.71,-0.31
155.415,1,Wall_3mx20cm_Wood_Panels (2),3.05,0.70,-0.31
155.443,1,Wall_3mx20cm_Wood_Panels (2),3.05,0.70,-0.31
155.485,1,Wall_3mx20cm_Wood_Panels (2),3.07,0.69,-0.31
155.512,1,Wall_3mx20cm_Wood_Panels (2),3.07,0.69,-0.31
155.540,1,Wall_3mx20cm_Wood_Panels (2),3.08,0.69,-0.31
155.582,1,Wall_3mx20cm_Wood_Panels (2),3.09,0.68,-0.31
155.610,1,Wall_3mx20cm_Wood_Panels (2),3.08,0.68,-0.31
155.638,1,Wall_3mx20cm_Wood_Panels (2),3.08,0.67,-0.31
155.679,1,Wall_3mx20cm_Wood_Panels (2),3.07,0.67,-0.31
155.707,1,Wall_3mx20cm_Wood_Panels (2),3.06,0.67,-0.31
155.749,1,Wall_3mx20cm_Wood_Panels (2),3.05,0.68,-0.31
155.777,1,Wall_3mx20cm_Wood_Panels (2),3.04,0.68,-0.31
155.805,1,Wall_3mx20cm_Wood_Panels (2),3.03,0.69,-0.31
155.846,1,Wall_3mx20cm_Wood_Panels (2),3.02,0.70,-0.31
155.874,1,Wall_3mx20cm_Wood_Panels (2),3.02,0.70,-0.31
155.916,1,Wall_3mx20cm_Wood_Panels (2),3.01,0.70,-0.31
155.943,1,Wall_3mx20cm_Wood_Panels (2),3.01,0.70,-0.31
155.972,1,Wall_3mx20cm_Wood_Panels (2),3.00,0.70,-0.31
156.013,1,Wall_3mx20cm_Wood_Panels (2),3.00,0.71,-0.31
156.042,1,Wall_3mx20cm_Wood_Panels (2),2.98,0.71,-0.31
156.083,1,Wall_3mx20cm_Wood_Panels (2),2.93,0.72,-0.31
156.110,1,Wall_3mx20cm_Wood_Panels (2),2.88,0.73,-0.31
156.138,1,Wall_3mx20cm_Wood_Panels (2),2.88,0.73,-0.31
156.180,1,Wall_3mx20cm_Wood_Panels (2),2.95,0.72,-0.31
156.208,1,Wall_3mx20cm_Wood_Panels (2),3.00,0.71,-0.31
156.250,1,Wall_3mx20cm_Wood_Panels (2),3.07,0.71,-0.31
156.278,1,Wall_3mx20cm_Wood_Panels (2),3.08,0.71,-0.31
156.306,1,Wall_3mx20cm_Wood_Panels (2),3.07,0.71,-0.31
156.347,1,Wall_3mx20cm_Wood_Panels (2),3.06,0.70,-0.31
156.376,1,Wall_3mx20cm_Wood_Panels (2),3.04,0.71,-0.31
156.417,1,Wall_3mx20cm_Wood_Panels (2),3.00,0.72,-0.31
156.445,1,Wall_3mx20cm_Wood_Panels (2),2.96,0.73,-0.31
156.473,1,Wall_3mx20cm_Wood_Panels (2),2.94,0.73,-0.31
156.515,1,Wall_3mx20cm_Wood_Panels (2),2.95,0.73,-0.31
156.543,1,Wall_3mx20cm_Wood_Panels (2),2.96,0.73,-0.31
156.583,1,Wall_3mx20cm_Wood_Panels (2),3.00,0.71,-0.31
156.612,1,Wall_3mx20cm_Wood_Panels (2),3.03,0.69,-0.31
156.640,1,Wall_3mx20cm_Wood_Panels (2),3.05,0.68,-0.31
156.681,1,Wall_3mx20cm_Wood_Panels (2),3.08,0.67,-0.31
156.710,1,Wall_3mx20cm_Wood_Panels (2),3.09,0.67,-0.31
156.751,1,Wall_3mx20cm_Wood_Panels (2),3.08,0.68,-0.31
156.779,1,Wall_3mx20cm_Wood_Panels (2),3.06,0.68,-0.31
156.807,1,Wall_3mx20cm_Wood_Panels (2),3.03,0.69,-0.31
156.848,1,Wall_3mx20cm_Wood_Panels (2),3.00,0.72,-0.31
156.876,1,Wall_3mx20cm_Wood_Panels (2),2.99,0.72,-0.31
156.918,1,Wall_3mx20cm_Wood_Panels (2),2.99,0.73,-0.31
156.946,1,Wall_3mx20cm_Wood_Panels (2),3.00,0.72,-0.31
156.974,1,Wall_3mx20cm_Wood_Panels (2),3.01,0.72,-0.31
157.016,1,Wall_3mx20cm_Wood_Panels (2),3.02,0.72,-0.31
157.043,1,Wall_3mx20cm_Wood_Panels (2),3.02,0.72,-0.31
157.085,1,Wall_3mx20cm_Wood_Panels (2),3.02,0.72,-0.31
157.113,1,Wall_3mx20cm_Wood_Panels (2),3.03,0.72,-0.31
157.141,1,Wall_3mx20cm_Wood_Panels (2),3.04,0.72,-0.31
157.183,1,Wall_3mx20cm_Wood_Panels (2),3.05,0.71,-0.31
157.211,1,Wall_3mx20cm_Wood_Panels (2),3.05,0.71,-0.31
157.238,1,Wall_3mx20cm_Wood_Panels (2),3.05,0.71,-0.31
157.280,1,Wall_3mx20cm_Wood_Panels (2),3.03,0.72,-0.31
157.308,1,Wall_3mx20cm_Wood_Panels (2),3.02,0.71,-0.31
157.350,1,Wall_3mx20cm_Wood_Panels (2),3.01,0.71,-0.31
157.378,1,Wall_3mx20cm_Wood_Panels (2),3.01,0.70,-0.31
157.406,1,Wall_3mx20cm_Wood_Panels (2),3.00,0.71,-0.31
157.447,1,Wall_3mx20cm_Wood_Panels (2),2.99,0.72,-0.31
157.475,1,Wall_3mx20cm_Wood_Panels (2),2.98,0.72,-0.31
157.517,1,Wall_3mx20cm_Wood_Panels (2),2.99,0.72,-0.31
157.545,1,Wall_3mx20cm_Wood_Panels (2),3.00,0.72,-0.31
157.573,1,Wall_3mx20cm_Wood_Panels (2),3.01,0.72,-0.31
157.614,1,Wall_3mx20cm_Wood_Panels (2),3.01,0.72,-0.31
157.642,1,Wall_3mx20cm_Wood_Panels (2),3.00,0.73,-0.31
157.684,1,Wall_3mx20cm_Wood_Panels (2),2.99,0.73,-0.31
157.712,1,Wall_3mx20cm_Wood_Panels (2),2.99,0.73,-0.31
157.740,1,Wall_3mx20cm_Wood_Panels (2),2.98,0.74,-0.31
157.781,1,Wall_3mx20cm_Wood_Panels (2),2.97,0.75,-0.31
157.810,1,Wall_3mx20cm_Wood_Panels (2),2.96,0.76,-0.31
157.853,1,Wall_3mx20cm_Wood_Panels (2),2.98,0.77,-0.31
157.879,1,Wall_3mx20cm_Wood_Panels (2),2.99,0.77,-0.31
157.907,1,Wall_3mx20cm_Wood_Panels (2),3.01,0.77,-0.31
157.948,1,Wall_3mx20cm_Wood_Panels (2),3.05,0.76,-0.31
157.976,1,Wall_3mx20cm_Wood_Panels (2),3.06,0.76,-0.31
158.018,1,Wall_3mx20cm_Wood_Panels (2),3.07,0.77,-0.31
158.046,1,Wall_3mx20cm_Wood_Panels (2),3.06,0.77,-0.31
158.074,1,Wall_3mx20cm_Wood_Panels (2),3.06,0.77,-0.31
158.116,1,Wall_3mx20cm_Wood_Panels (2),3.04,0.78,-0.31
158.144,1,Wall_3mx20cm_Wood_Panels (2),3.03,0.79,-0.31
158.185,1,Wall_3mx20cm_Wood_Panels (2),3.01,0.81,-0.31
158.213,1,Wall_3mx20cm_Wood_Panels (2),3.02,0.80,-0.31
158.241,1,Wall_3mx20cm_Wood_Panels (2),3.02,0.80,-0.31
158.282,1,Wall_3mx20cm_Wood_Panels (2),3.06,0.78,-0.31
158.311,1,Wall_3mx20cm_Wood_Panels (2),3.07,0.77,-0.31
158.351,1,Wall_3mx20cm_Wood_Panels (2),3.09,0.76,-0.31
158.380,1,Wall_3mx20cm_Wood_Panels (2),3.10,0.76,-0.31
158.407,1,Wall_3mx20cm_Wood_Panels (2),3.11,0.76,-0.31
158.450,1,Wall_3mx20cm_Wood_Panels (2),3.10,0.77,-0.31
158.477,1,Wall_3mx20cm_Wood_Panels (2),3.10,0.76,-0.31
158.505,1,Wall_3mx20cm_Wood_Panels (2),3.09,0.77,-0.31
158.547,1,Wall_3mx20cm_Wood_Panels (2),3.09,0.77,-0.31
158.575,1,Wall_3mx20cm_Wood_Panels (2),3.09,0.77,-0.31
158.617,1,Wall_3mx20cm_Wood_Panels (2),3.08,0.77,-0.31
158.645,1,Wall_3mx20cm_Wood_Panels (2),3.07,0.77,-0.31
158.672,1,Wall_3mx20cm_Wood_Panels (2),3.07,0.77,-0.31
158.714,1,Wall_3mx20cm_Wood_Panels (2),3.06,0.78,-0.31
158.743,1,Wall_3mx20cm_Wood_Panels (2),3.06,0.78,-0.31
158.783,1,Wall_3mx20cm_Wood_Panels (2),3.05,0.79,-0.31
158.811,1,Wall_3mx20cm_Wood_Panels (2),3.04,0.79,-0.31
158.839,1,Wall_3mx20cm_Wood_Panels (2),3.04,0.79,-0.31
158.881,1,Wall_3mx20cm_Wood_Panels (2),3.03,0.80,-0.31
158.909,1,Wall_3mx20cm_Wood_Panels (2),3.03,0.79,-0.31
158.951,1,Wall_3mx20cm_Wood_Panels (2),3.02,0.78,-0.31
158.979,1,Wall_3mx20cm_Wood_Panels (2),3.03,0.77,-0.31
159.006,1,Wall_3mx20cm_Wood_Panels (2),3.03,0.77,-0.31
159.048,1,Wall_3mx20cm_Wood_Panels (2),3.03,0.76,-0.31
159.077,1,Wall_3mx20cm_Wood_Panels (2),3.02,0.76,-0.31
159.118,1,Wall_3mx20cm_Wood_Panels (2),3.01,0.76,-0.31
159.146,1,Wall_3mx20cm_Wood_Panels (2),3.00,0.76,-0.31
159.173,1,Wall_3mx20cm_Wood_Panels (2),2.99,0.77,-0.31
159.215,1,Wall_3mx20cm_Wood_Panels (2),2.97,0.78,-0.31
159.244,1,Wall_3mx20cm_Wood_Panels (2),2.97,0.78,-0.31
159.285,1,Wall_3mx20cm_Wood_Panels (2),2.97,0.78,-0.31
159.313,1,Wall_3mx20cm_Wood_Panels (2),2.98,0.78,-0.31
159.341,1,Wall_3mx20cm_Wood_Panels (2),2.98,0.78,-0.31
159.382,1,Wall_3mx20cm_Wood_Panels (2),2.98,0.78,-0.31
159.411,1,Wall_3mx20cm_Wood_Panels (2),2.98,0.78,-0.31
159.452,1,Wall_3mx20cm_Wood_Panels (2),2.98,0.77,-0.31
159.480,1,Wall_3mx20cm_Wood_Panels (2),2.98,0.78,-0.31
159.508,1,Wall_3mx20cm_Wood_Panels (2),2.98,0.78,-0.31
159.550,1,Wall_3mx20cm_Wood_Panels (2),2.97,0.79,-0.31
159.577,1,Wall_3mx20cm_Wood_Panels (2),2.96,0.79,-0.31
159.605,1,Wall_3mx20cm_Wood_Panels (2),2.96,0.79,-0.31
159.647,1,Wall_3mx20cm_Wood_Panels (2),2.94,0.79,-0.31
159.675,1,Wall_3mx20cm_Wood_Panels (2),2.94,0.79,-0.31
159.717,1,Wall_3mx20cm_Wood_Panels (2),2.93,0.79,-0.31
159.745,1,Wall_3mx20cm_Wood_Panels (2),2.93,0.80,-0.31
159.772,1,Wall_3mx20cm_Wood_Panels (2),2.93,0.80,-0.31
159.814,1,Wall_3mx20cm_Wood_Panels (2),2.92,0.80,-0.31
159.842,1,Wall_3mx20cm_Wood_Panels (2),2.92,0.80,-0.31
159.884,1,Wall_3mx20cm_Wood_Panels (2),2.91,0.81,-0.31
159.912,1,Wall_3mx20cm_Wood_Panels (2),2.91,0.81,-0.31
159.939,1,Wall_3mx20cm_Wood_Panels (2),2.91,0.81,-0.31
159.981,1,Wall_3mx20cm_Wood_Panels (2),2.91,0.82,-0.31
160.009,1,Wall_3mx20cm_Wood_Panels (2),2.90,0.82,-0.31
160.051,1,Wall_3mx20cm_Wood_Panels (2),2.90,0.81,-0.31
160.079,1,Wall_3mx20cm_Wood_Panels (2),2.91,0.81,-0.31
160.106,1,Wall_3mx20cm_Wood_Panels (2),2.91,0.82,-0.31
160.148,1,Wall_3mx20cm_Wood_Panels (2),2.90,0.82,-0.31
160.176,1,Wall_3mx20cm_Wood_Panels (2),2.89,0.83,-0.31
160.218,1,Wall_3mx20cm_Wood_Panels (2),2.88,0.84,-0.31
160.245,1,Wall_3mx20cm_Wood_Panels (2),2.87,0.85,-0.31
160.274,1,Wall_3mx20cm_Wood_Panels (2),2.87,0.85,-0.31
160.315,1,Wall_3mx20cm_Wood_Panels (2),2.88,0.85,-0.31
160.343,1,Wall_3mx20cm_Wood_Panels (2),2.88,0.85,-0.31
160.385,1,Wall_3mx20cm_Wood_Panels (2),2.88,0.85,-0.31
160.412,1,Wall_3mx20cm_Wood_Panels (2),2.89,0.85,-0.31
160.440,1,Wall_3mx20cm_Wood_Panels (2),2.89,0.85,-0.31
160.482,1,Wall_3mx20cm_Wood_Panels (2),2.88,0.86,-0.31
160.510,1,Wall_3mx20cm_Wood_Panels (2),2.88,0.86,-0.31
160.551,1,Wall_3mx20cm_Wood_Panels (2),2.87,0.87,-0.31
160.580,1,Wall_3mx20cm_Wood_Panels (2),2.86,0.87,-0.31
160.607,1,Wall_3mx20cm_Wood_Panels (2),2.86,0.88,-0.31
160.650,1,Wall_3mx20cm_Wood_Panels (2),2.85,0.89,-0.31
160.678,1,Wall_3mx20cm_Wood_Panels (2),2.85,0.89,-0.31
160.719,1,Wall_3mx20cm_Wood_Panels (2),2.85,0.90,-0.31
160.747,1,Wall_3mx20cm_Wood_Panels (2),2.85,0.90,-0.31
160.775,1,Wall_3mx20cm_Wood_Panels (2),2.85,0.91,-0.31
160.817,1,Wall_3mx20cm_Wood_Panels (2),2.85,0.91,-0.31
160.844,1,Wall_3mx20cm_Wood_Panels (2),2.84,0.91,-0.31
160.872,1,Wall_3mx20cm_Wood_Panels (2),2.83,0.92,-0.31
160.914,1,Wall_3mx20cm_Wood_Panels (2),2.83,0.91,-0.31
160.942,1,Wall_3mx20cm_Wood_Panels (2),2.84,0.90,-0.31
160.983,1,Wall_3mx20cm_Wood_Panels (2),2.86,0.88,-0.31
161.012,1,Wall_3mx20cm_Wood_Panels (2),2.85,0.88,-0.31
161.039,1,Wall_3mx20cm_Wood_Panels (2),2.85,0.88,-0.31
161.081,1,Wall_3mx20cm_Wood_Panels (2),2.84,0.88,-0.31
161.109,1,Wall_3mx20cm_Wood_Panels (2),2.84,0.88,-0.31
161.151,1,Wall_3mx20cm_Wood_Panels (2),2.84,0.89,-0.31
161.179,1,Wall_3mx20cm_Wood_Panels (2),2.84,0.89,-0.31
161.206,1,Wall_3mx20cm_Wood_Panels (2),2.84,0.89,-0.31
161.248,1,Wall_3mx20cm_Wood_Panels (2),2.84,0.88,-0.31
161.276,1,Wall_3mx20cm_Wood_Panels (2),2.84,0.88,-0.31
161.318,1,Wall_3mx20cm_Wood_Panels (2),2.85,0.89,-0.31
161.345,1,Wall_3mx20cm_Wood_Panels (2),2.85,0.89,-0.31
161.373,1,Wall_3mx20cm_Wood_Panels (2),2.86,0.89,-0.31
161.415,1,Wall_3mx20cm_Wood_Panels (2),2.87,0.89,-0.31
161.443,1,Wall_3mx20cm_Wood_Panels (2),2.87,0.89,-0.31
161.485,1,Wall_3mx20cm_Wood_Panels (2),2.87,0.90,-0.31
161.513,1,Wall_3mx20cm_Wood_Panels (2),2.87,0.90,-0.31
161.540,1,Wall_3mx20cm_Wood_Panels (2),2.86,0.91,-0.31
161.582,1,Wall_3mx20cm_Wood_Panels (2),2.85,0.92,-0.31
161.610,1,Wall_3mx20cm_Wood_Panels (2),2.85,0.92,-0.31
161.652,1,Wall_3mx20cm_Wood_Panels (2),2.83,0.94,-0.31
161.680,1,Wall_3mx20cm_Wood_Panels (2),2.82,0.94,-0.31
161.707,1,Wall_3mx20cm_Wood_Panels (2),2.82,0.94,-0.31
161.749,1,Wall_3mx20cm_Wood_Panels (2),2.80,0.95,-0.31
161.777,1,Wall_3mx20cm_Wood_Panels (2),2.80,0.95,-0.31
161.819,1,Wall_3mx20cm_Wood_Panels (2),2.80,0.94,-0.31
161.846,1,Wall_3mx20cm_Wood_Panels (2),2.80,0.94,-0.31
161.874,1,Wall_3mx20cm_Wood_Panels (2),2.80,0.94,-0.31
161.916,1,Wall_3mx20cm_Wood_Panels (2),2.78,0.96,-0.31
161.944,1,Wall_3mx20cm_Wood_Panels (2),2.77,0.97,-0.31
161.985,1,Wall_3mx20cm_Wood_Panels (2),2.76,0.99,-0.31
162.014,1,Wall_3mx20cm_Wood_Panels (2),2.75,1.00,-0.31
162.041,1,Wall_3mx20cm_Wood_Panels (2),2.75,1.00,-0.31
162.083,1,Wall_3mx20cm_Wood_Panels (2),2.74,1.01,-0.31
162.111,1,Wall_3mx20cm_Wood_Panels (2),2.74,1.01,-0.31
162.153,1,Wall_3mx20cm_Wood_Panels (2),2.74,1.00,-0.31
162.181,1,Wall_3mx20cm_Wood_Panels (2),2.73,0.99,-0.31
162.209,1,Wall_3mx20cm_Wood_Panels (2),2.74,0.99,-0.31
162.250,1,Wall_3mx20cm_Wood_Panels (2),2.74,0.98,-0.31
162.279,1,Wall_3mx20cm_Wood_Panels (2),2.75,0.98,-0.31
162.306,1,Wall_3mx20cm_Wood_Panels (2),2.75,0.98,-0.31
162.347,1,Wall_3mx20cm_Wood_Panels (2),2.75,0.98,-0.31
162.376,1,Wall_3mx20cm_Wood_Panels (2),2.77,0.97,-0.31
162.418,1,Wall_3mx20cm_Wood_Panels (2),2.76,0.97,-0.31
162.445,1,Wall_3mx20cm_Wood_Panels (2),2.74,0.98,-0.31
162.473,1,Wall_3mx20cm_Wood_Panels (2),2.73,0.98,-0.31
162.515,1,Wall_3mx20cm_Wood_Panels (2),2.71,0.98,-0.31
162.543,1,Wall_3mx20cm_Wood_Panels (2),2.70,0.98,-0.31
162.585,1,Wall_3mx20cm_Wood_Panels (2),2.69,1.00,-0.31
162.612,1,Wall_3mx20cm_Wood_Panels (2),2.68,1.01,-0.31
162.640,1,Wall_3mx20cm_Wood_Panels (2),2.68,1.02,-0.31
162.682,1,Wall_3mx20cm_Wood_Panels (2),2.66,1.01,-0.31
162.710,1,Wall_3mx20cm_Wood_Panels (2),2.66,1.00,-0.31
162.752,1,Wall_3mx20cm_Wood_Panels (2),2.66,1.01,-0.31
162.779,1,Wall_3mx20cm_Wood_Panels (2),2.65,1.01,-0.31
162.807,1,Wall_3mx20cm_Wood_Panels (2),2.65,1.01,-0.31
162.849,1,Wall_3mx20cm_Wood_Panels (2),2.59,1.03,-0.31
162.877,1,Wall_3mx20cm_Wood_Panels (2),2.57,1.04,-0.31
162.918,1,Wall_3mx20cm_Wood_Panels (2),2.59,1.05,-0.31
162.946,1,Wall_3mx20cm_Wood_Panels (2),2.62,1.04,-0.31
162.974,1,Wall_3mx20cm_Wood_Panels (2),2.67,1.03,-0.31
163.016,1,Wall_3mx20cm_Wood_Panels (2),2.73,1.03,-0.31
163.044,1,Wall_3mx20cm_Wood_Panels (2),2.75,1.03,-0.31
163.086,1,Wall_3mx20cm_Wood_Panels (2),2.73,1.02,-0.31
163.113,1,Wall_3mx20cm_Wood_Panels (2),2.72,1.02,-0.31
163.141,1,Wall_3mx20cm_Wood_Panels (2),2.70,1.03,-0.31
163.183,1,Wall_3mx20cm_Wood_Panels (2),2.67,1.04,-0.31
163.211,1,Wall_3mx20cm_Wood_Panels (2),2.65,1.05,-0.31
163.253,1,Wall_3mx20cm_Wood_Panels (2),2.65,1.06,-0.31
163.280,1,Wall_3mx20cm_Wood_Panels (2),2.65,1.06,-0.31
163.308,1,Wall_3mx20cm_Wood_Panels (2),2.66,1.05,-0.31
163.350,1,Wall_3mx20cm_Wood_Panels (2),2.71,1.01,-0.31
163.378,1,Wall_3mx20cm_Wood_Panels (2),2.74,0.98,-0.31
163.420,1,Wall_3mx20cm_Wood_Panels (2),2.79,0.95,-0.31
163.447,1,Wall_3mx20cm_Wood_Panels (2),2.81,0.94,-0.31
163.475,1,Wall_3mx20cm_Wood_Panels (2),2.80,0.95,-0.31
163.517,1,Wall_3mx20cm_Wood_Panels (2),2.79,0.96,-0.31
163.546,1,Wall_3mx20cm_Wood_Panels (2),2.75,0.97,-0.31
163.573,1,Wall_3mx20cm_Wood_Panels (2),2.74,0.98,-0.31
163.615,1,Wall_3mx20cm_Wood_Panels (2),2.71,1.00,-0.31
163.643,1,Wall_3mx20cm_Wood_Panels (2),2.71,1.01,-0.31
163.685,1,Wall_3mx20cm_Wood_Panels (2),2.72,1.02,-0.31
163.713,1,Wall_3mx20cm_Wood_Panels (2),2.73,1.02,-0.31
163.741,1,Wall_3mx20cm_Wood_Panels (2),2.73,1.03,-0.31
163.782,1,Wall_3mx20cm_Wood_Panels (2),2.76,1.01,-0.31
163.809,1,Wall_3mx20cm_Wood_Panels (2),2.77,1.00,-0.31
163.853,1,Wall_3mx20cm_Wood_Panels (2),2.79,0.99,-0.31
163.879,1,Wall_3mx20cm_Wood_Panels (2),2.80,0.99,-0.31
163.907,1,Wall_3mx20cm_Wood_Panels (2),2.81,0.98,-0.31
163.949,1,Wall_3mx20cm_Wood_Panels (2),2.81,0.98,-0.31
163.977,1,Wall_3mx20cm_Wood_Panels (2),2.81,0.98,-0.31
164.019,1,Wall_3mx20cm_Wood_Panels (2),2.82,0.97,-0.31
164.046,1,Wall_3mx20cm_Wood_Panels (2),2.81,0.97,-0.31
164.074,1,Wall_3mx20cm_Wood_Panels (2),2.81,0.97,-0.31
164.116,1,Wall_3mx20cm_Wood_Panels (2),2.81,0.97,-0.31
164.144,1,Wall_3mx20cm_Wood_Panels (2),2.81,0.97,-0.31
164.185,1,Wall_3mx20cm_Wood_Panels (2),2.80,0.97,-0.31
164.213,1,Wall_3mx20cm_Wood_Panels (2),2.80,0.97,-0.31
164.241,1,Wall_3mx20cm_Wood_Panels (2),2.80,0.97,-0.31
164.283,1,Wall_3mx20cm_Wood_Panels (2),2.79,0.99,-0.31
164.311,1,Wall_3mx20cm_Wood_Panels (2),2.79,0.99,-0.31
164.353,1,Wall_3mx20cm_Wood_Panels (2),2.79,0.99,-0.31
164.380,1,Wall_3mx20cm_Wood_Panels (2),2.78,0.99,-0.31
164.408,1,Wall_3mx20cm_Wood_Panels (2),2.76,1.00,-0.31
164.450,1,Wall_3mx20cm_Wood_Panels (2),2.75,0.99,-0.31
164.478,1,Wall_3mx20cm_Wood_Panels (2),2.77,0.99,-0.31
164.520,1,Wall_3mx20cm_Wood_Panels (2),2.83,0.95,-0.31
164.547,1,Wall_3mx20cm_Wood_Panels (2),2.88,0.92,-0.31
164.575,1,Wall_3mx20cm_Wood_Panels (2),2.91,0.91,-0.31
164.618,1,Wall_3mx20cm_Wood_Panels (2),2.92,0.91,-0.31
164.645,1,Wall_3mx20cm_Wood_Panels (2),2.91,0.91,-0.31
164.687,1,Wall_3mx20cm_Wood_Panels (2),2.90,0.92,-0.31
164.714,1,Wall_3mx20cm_Wood_Panels (2),2.88,0.94,-0.31
164.744,1,Wall_3mx20cm_Wood_Panels (2),2.86,0.95,-0.31
164.785,1,Wall_3mx20cm_Wood_Panels (2),2.84,0.97,-0.31
164.812,1,Wall_3mx20cm_Wood_Panels (2),2.84,0.97,-0.31
164.840,1,Wall_3mx20cm_Wood_Panels (2),2.85,0.97,-0.31
164.882,1,Wall_3mx20cm_Wood_Panels (2),2.89,0.94,-0.31
164.909,1,Wall_3mx20cm_Wood_Panels (2),2.92,0.92,-0.31
164.952,1,Wall_3mx20cm_Wood_Panels (2),2.96,0.88,-0.31
164.979,1,Wall_3mx20cm_Wood_Panels (2),2.97,0.87,-0.31
165.007,1,Wall_3mx20cm_Wood_Panels (2),2.97,0.87,-0.31
165.049,1,Wall_3mx20cm_Wood_Panels (2),2.96,0.87,-0.31
165.077,1,Wall_3mx20cm_Wood_Panels (2),2.95,0.87,-0.31
165.119,1,Wall_3mx20cm_Wood_Panels (2),2.94,0.89,-0.31
165.146,1,Wall_3mx20cm_Wood_Panels (2),2.93,0.90,-0.31
165.174,1,Wall_3mx20cm_Wood_Panels (2),2.92,0.92,-0.31
165.216,1,Wall_3mx20cm_Wood_Panels (2),2.94,0.90,-0.31
165.244,1,Wall_3mx20cm_Wood_Panels (2),2.95,0.90,-0.31
165.285,1,Wall_3mx20cm_Wood_Panels (2),2.97,0.89,-0.31
165.313,1,Wall_3mx20cm_Wood_Panels (2),2.97,0.88,-0.31
165.341,1,Wall_3mx20cm_Wood_Panels (2),2.96,0.88,-0.31
165.383,1,Wall_3mx20cm_Wood_Panels (2),2.94,0.89,-0.31
165.411,1,Wall_3mx20cm_Wood_Panels (2),2.92,0.91,-0.31
165.452,1,Wall_3mx20cm_Wood_Panels (2),2.90,0.92,-0.31
165.480,1,Wall_3mx20cm_Wood_Panels (2),2.88,0.93,-0.31
165.508,1,Wall_3mx20cm_Wood_Panels (2),2.87,0.94,-0.31
165.551,1,Wall_3mx20cm_Wood_Panels (2),2.87,0.94,-0.31
165.578,1,Wall_3mx20cm_Wood_Panels (2),2.87,0.94,-0.31
165.620,1,Wall_3mx20cm_Wood_Panels (2),2.89,0.93,-0.31
165.647,1,Wall_3mx20cm_Wood_Panels (2),2.90,0.92,-0.31
165.675,1,Wall_3mx20cm_Wood_Panels (2),2.91,0.91,-0.31
165.717,1,Wall_3mx20cm_Wood_Panels (2),2.91,0.91,-0.31
165.744,1,Wall_3mx20cm_Wood_Panels (2),2.88,0.91,-0.31
165.787,1,Wall_3mx20cm_Wood_Panels (2),2.84,0.93,-0.31
165.815,1,Wall_3mx20cm_Wood_Panels (2),2.84,0.93,-0.31
165.842,1,Wall_3mx20cm_Wood_Panels (2),2.86,0.93,-0.31
165.884,1,Wall_3mx20cm_Wood_Panels (2),2.91,0.90,-0.31
165.912,1,Wall_3mx20cm_Wood_Panels (2),2.93,0.89,-0.31
165.954,1,Wall_3mx20cm_Wood_Panels (2),2.93,0.91,-0.31
165.982,1,Wall_3mx20cm_Wood_Panels (2),2.90,0.93,-0.31
166.009,1,Wall_3mx20cm_Wood_Panels (2),2.87,0.94,-0.31
166.051,1,Wall_3mx20cm_Wood_Panels (2),2.86,0.94,-0.31
166.079,1,Wall_3mx20cm_Wood_Panels (2),2.88,0.94,-0.31
166.121,1,Wall_3mx20cm_Wood_Panels (2),2.91,0.95,-0.31
166.149,1,Wall_3mx20cm_Wood_Panels (2),2.92,0.95,-0.31
166.177,1,Wall_3mx20cm_Wood_Panels (2),2.96,0.93,-0.31
166.218,1,Wall_3mx20cm_Wood_Panels (2),3.02,0.91,-0.31
166.246,1,Wall_3mx20cm_Wood_Panels (2),3.07,0.90,-0.31
166.274,1,Wall_3mx20cm_Wood_Panels (2),3.11,0.88,-0.31
166.316,1,Wall_3mx20cm_Wood_Panels (2),3.13,0.87,-0.31
166.343,1,Wall_3mx20cm_Wood_Panels (2),3.12,0.88,-0.31
166.385,1,Wall_3mx20cm_Wood_Panels (2),3.10,0.89,-0.31
166.413,1,Wall_3mx20cm_Wood_Panels (2),3.07,0.91,-0.31
166.441,1,Wall_3mx20cm_Wood_Panels (2),3.03,0.92,-0.31
166.483,1,Wall_3mx20cm_Wood_Panels (2),2.98,0.95,-0.31
166.510,1,Wall_3mx20cm_Wood_Panels (2),2.95,0.96,-0.31
166.552,1,Wall_3mx20cm_Wood_Panels (2),2.92,0.98,-0.31
166.580,1,Wall_3mx20cm_Wood_Panels (2),2.92,0.99,-0.31
166.609,1,Wall_3mx20cm_Wood_Panels (2),2.91,1.00,-0.31
166.650,1,Wall_3mx20cm_Wood_Panels (2),2.91,0.99,-0.31
166.678,1,Wall_3mx20cm_Wood_Panels (2),2.93,0.97,-0.31
166.720,1,Wall_3mx20cm_Wood_Panels (2),2.94,0.96,-0.31
166.748,1,Wall_3mx20cm_Wood_Panels (2),2.94,0.95,-0.31
166.775,1,Wall_3mx20cm_Wood_Panels (2),2.94,0.95,-0.31
166.817,1,Wall_3mx20cm_Wood_Panels (2),2.94,0.95,-0.31
166.845,1,Wall_3mx20cm_Wood_Panels (2),2.95,0.94,-0.31
166.887,1,Wall_3mx20cm_Wood_Panels (2),2.95,0.94,-0.31
166.915,1,Wall_3mx20cm_Wood_Panels (2),2.96,0.93,-0.31
166.943,1,Wall_3mx20cm_Wood_Panels (2),2.97,0.93,-0.31
166.984,1,Wall_3mx20cm_Wood_Panels (2),2.97,0.93,-0.31
167.012,1,Wall_3mx20cm_Wood_Panels (2),2.98,0.92,-0.31
167.053,1,Wall_3mx20cm_Wood_Panels (2),2.99,0.93,-0.31
167.082,1,Wall_3mx20cm_Wood_Panels (2),3.00,0.92,-0.31
167.109,1,Wall_3mx20cm_Wood_Panels (2),3.02,0.92,-0.31
167.151,1,Wall_3mx20cm_Wood_Panels (2),3.03,0.91,-0.31
167.179,1,Wall_3mx20cm_Wood_Panels (2),3.03,0.90,-0.31
167.221,1,Wall_3mx20cm_Wood_Panels (2),3.03,0.90,-0.31
167.249,1,Wall_3mx20cm_Wood_Panels (2),3.03,0.90,-0.31
167.277,1,Wall_3mx20cm_Wood_Panels (2),3.02,0.90,-0.31
167.318,1,Wall_3mx20cm_Wood_Panels (2),3.02,0.90,-0.31
167.346,1,Wall_3mx20cm_Wood_Panels (2),3.03,0.90,-0.31
167.374,1,Wall_3mx20cm_Wood_Panels (2),3.04,0.90,-0.31
167.415,1,Wall_3mx20cm_Wood_Panels (2),3.05,0.89,-0.31
167.443,1,Wall_3mx20cm_Wood_Panels (2),3.06,0.89,-0.31
167.485,1,Wall_3mx20cm_Wood_Panels (2),3.07,0.89,-0.31
167.513,1,Wall_3mx20cm_Wood_Panels (2),3.07,0.90,-0.31
167.541,1,Wall_3mx20cm_Wood_Panels (2),3.07,0.90,-0.31
167.583,1,Wall_3mx20cm_Wood_Panels (2),3.07,0.90,-0.31
167.610,1,Wall_3mx20cm_Wood_Panels (2),3.07,0.91,-0.31
167.652,1,Wall_3mx20cm_Wood_Panels (2),3.07,0.91,-0.31
167.680,1,Wall_3mx20cm_Wood_Panels (2),3.07,0.92,-0.31
167.708,1,Wall_3mx20cm_Wood_Panels (2),3.07,0.92,-0.31
167.749,1,Wall_3mx20cm_Wood_Panels (2),3.07,0.92,-0.31
167.778,1,Wall_3mx20cm_Wood_Panels (2),3.06,0.93,-0.31
167.819,1,Wall_3mx20cm_Wood_Panels (2),3.07,0.94,-0.31
167.848,1,Wall_3mx20cm_Wood_Panels (2),3.06,0.95,-0.31
167.875,1,Wall_3mx20cm_Wood_Panels (2),3.07,0.95,-0.31
167.917,1,Wall_3mx20cm_Wood_Panels (2),3.08,0.95,-0.31
167.945,1,Wall_3mx20cm_Wood_Panels (2),3.08,0.95,-0.31
167.986,1,Wall_3mx20cm_Wood_Panels (2),3.09,0.95,-0.31
168.014,1,Wall_3mx20cm_Wood_Panels (2),3.10,0.94,-0.31
168.043,1,Wall_3mx20cm_Wood_Panels (2),3.10,0.94,-0.31
168.084,1,Wall_3mx20cm_Wood_Panels (2),3.11,0.94,-0.31
168.112,1,Wall_3mx20cm_Wood_Panels (2),3.11,0.93,-0.31
168.153,1,Wall_3mx20cm_Wood_Panels (2),3.12,0.93,-0.31
168.181,1,Wall_3mx20cm_Wood_Panels (2),3.12,0.93,-0.31
168.209,1,Wall_3mx20cm_Wood_Panels (2),3.12,0.93,-0.31
168.251,1,Wall_3mx20cm_Wood_Panels (2),3.13,0.93,-0.31
168.279,1,Wall_3mx20cm_Wood_Panels (2),3.13,0.93,-0.31
168.321,1,Wall_3mx20cm_Wood_Panels (2),3.14,0.93,-0.31
168.348,1,Wall_3mx20cm_Wood_Panels (2),3.14,0.93,-0.31
168.377,1,Wall_3mx20cm_Wood_Panels (2),3.15,0.92,-0.31
168.418,1,Wall_3mx20cm_Wood_Panels (2),3.16,0.93,-0.31
168.446,1,Wall_3mx20cm_Wood_Panels (2),3.17,0.92,-0.31
168.488,1,Wall_3mx20cm_Wood_Panels (2),3.18,0.92,-0.31
168.516,1,Wall_3mx20cm_Wood_Panels (2),3.19,0.92,-0.31
168.544,1,Wall_3mx20cm_Wood_Panels (2),3.19,0.92,-0.31
168.585,1,Wall_3mx20cm_Wood_Panels (2),3.18,0.94,-0.31
168.613,1,Wall_3mx20cm_Wood_Panels (2),3.18,0.96,-0.31
168.641,1,Wall_3mx20cm_Wood_Panels (2),3.17,1.00,-0.31
168.683,1,Wall_3mx20cm_Wood_Panels (2),3.14,0.99,-0.31
168.711,1,Wall_3mx20cm_Wood_Panels (2),3.15,0.96,-0.31
168.752,1,Wall_3mx20cm_Wood_Panels (2),3.16,0.95,-0.31
168.780,1,Wall_3mx20cm_Wood_Panels (2),3.16,0.95,-0.31
168.808,1,Wall_3mx20cm_Wood_Panels (2),3.15,0.94,-0.31
168.850,1,Wall_3mx20cm_Wood_Panels (2),3.13,0.95,-0.31
168.878,1,Wall_3mx20cm_Wood_Panels (2),3.11,0.96,-0.31
168.919,1,Wall_3mx20cm_Wood_Panels (2),3.09,0.98,-0.31
168.947,1,Wall_3mx20cm_Wood_Panels (2),3.08,0.99,-0.31
168.975,1,Wall_3mx20cm_Wood_Panels (2),3.08,1.00,-0.31
169.017,1,Wall_3mx20cm_Wood_Panels (2),3.08,1.01,-0.31
169.044,1,Wall_3mx20cm_Wood_Panels (2),3.09,1.02,-0.31
169.087,1,Wall_3mx20cm_Wood_Panels (2),3.12,1.00,-0.31
169.114,1,Wall_3mx20cm_Wood_Panels (2),3.14,0.99,-0.31
169.141,1,Wall_3mx20cm_Wood_Panels (2),3.15,0.97,-0.31
169.184,1,Wall_3mx20cm_Wood_Panels (2),3.17,0.97,-0.31
169.211,1,Wall_3mx20cm_Wood_Panels (2),3.18,0.96,-0.31
169.253,1,Wall_3mx20cm_Wood_Panels (2),3.18,0.96,-0.31
169.281,1,Wall_3mx20cm_Wood_Panels (2),3.19,0.95,-0.31
169.309,1,Wall_3mx20cm_Wood_Panels (2),3.19,0.95,-0.31
169.351,1,Wall_3mx20cm_Wood_Panels (2),3.18,0.96,-0.31
169.378,1,Wall_3mx20cm_Wood_Panels (2),3.18,0.96,-0.31
169.421,1,Wall_3mx20cm_Wood_Panels (2),3.19,0.95,-0.31
169.448,1,Wall_3mx20cm_Wood_Panels (2),3.21,0.95,-0.31
169.476,1,Wall_3mx20cm_Wood_Panels (2),3.22,0.95,-0.31
169.518,1,Wall_3mx20cm_Wood_Panels (2),3.24,0.94,-0.31
169.545,1,Wall_3mx20cm_Wood_Panels (2),3.25,0.93,-0.31
169.587,1,Wall_3mx20cm_Wood_Panels (2),3.24,0.94,-0.31
169.615,1,Wall_3mx20cm_Wood_Panels (2),3.24,0.94,-0.31
169.643,1,Wall_3mx20cm_Wood_Panels (2),3.23,0.95,-0.31
169.685,1,Wall_3mx20cm_Wood_Panels (2),3.22,0.96,-0.31
169.712,1,Wall_3mx20cm_Wood_Panels (2),3.22,0.96,-0.31
169.754,1,Wall_3mx20cm_Wood_Panels (2),3.22,0.95,-0.31
169.782,1,Wall_3mx20cm_Wood_Panels (2),3.22,0.95,-0.31
169.810,1,Wall_3mx20cm_Wood_Panels (2),3.22,0.95,-0.31
169.852,1,Wall_3mx20cm_Wood_Panels (2),3.21,0.96,-0.31
169.880,1,Wall_3mx20cm_Wood_Panels (2),3.19,0.98,-0.31
169.908,1,Wall_3mx20cm_Wood_Panels (2),3.18,0.99,-0.31
169.949,1,Wall_3mx20cm_Wood_Panels (2),3.19,0.99,-0.31
169.977,1,Wall_3mx20cm_Wood_Panels (2),3.18,0.99,-0.31
170.019,1,Wall_3mx20cm_Wood_Panels (2),3.19,0.97,-0.31
170.047,1,Wall_3mx20cm_Wood_Panels (2),3.19,0.96,-0.31
170.074,1,Wall_3mx20cm_Wood_Panels (2),3.19,0.95,-0.31
170.116,1,Wall_3mx20cm_Wood_Panels (2),3.18,0.95,-0.31
170.144,1,Wall_3mx20cm_Wood_Panels (2),3.17,0.95,-0.31
170.186,1,Wall_3mx20cm_Wood_Panels (2),3.16,0.96,-0.31
170.214,1,Wall_3mx20cm_Wood_Panels (2),3.17,0.96,-0.31
170.242,1,Wall_3mx20cm_Wood_Panels (2),3.17,0.96,-0.31
170.284,1,Wall_3mx20cm_Wood_Panels (2),3.19,0.95,-0.31
170.311,1,Wall_3mx20cm_Wood_Panels (2),3.21,0.95,-0.31
170.353,1,Wall_3mx20cm_Wood_Panels (2),3.24,0.94,-0.31
170.381,1,Wall_3mx20cm_Wood_Panels (2),3.25,0.94,-0.31
170.409,1,Wall_3mx20cm_Wood_Panels (2),3.26,0.94,-0.31
170.451,1,Wall_3mx20cm_Wood_Panels (2),3.27,0.93,-0.31
170.478,1,Wall_3mx20cm_Wood_Panels (2),3.27,0.93,-0.31
170.520,1,Wall_3mx20cm_Wood_Panels (2),3.28,0.94,-0.31
170.547,1,Wall_3mx20cm_Wood_Panels (2),3.27,0.95,-0.31
170.575,1,Wall_3mx20cm_Wood_Panels (2),3.25,0.95,-0.31
170.617,1,Wall_3mx20cm_Wood_Panels (2),3.26,0.94,-0.31
170.645,1,Wall_3mx20cm_Wood_Panels (2),3.26,0.94,-0.31
170.687,1,Wall_3mx20cm_Wood_Panels (2),3.27,0.93,-0.31
170.715,1,Wall_3mx20cm_Wood_Panels (2),3.27,0.94,-0.31
170.743,1,Wall_3mx20cm_Wood_Panels (2),3.28,0.95,-0.31
170.785,1,Wall_3mx20cm_Wood_Panels (2),3.28,0.95,-0.31
170.812,1,Wall_3mx20cm_Wood_Panels (2),3.28,0.97,-0.31
170.854,1,Wall_3mx20cm_Wood_Panels (2),3.28,1.01,-0.31
170.882,1,Wall_3mx20cm_Wood_Panels (2),3.26,1.03,-0.31
170.909,1,Wall_3mx20cm_Wood_Panels (2),3.25,1.03,-0.31
170.952,1,Wall_3mx20cm_Wood_Panels (2),3.23,1.03,-0.31
170.979,1,Wall_3mx20cm_Wood_Panels (2),3.22,1.03,-0.31
171.021,1,Wall_3mx20cm_Wood_Panels (2),3.21,1.03,-0.31
171.049,1,Wall_3mx20cm_Wood_Panels (2),3.21,1.03,-0.31
171.076,1,Wall_3mx20cm_Wood_Panels (2),3.21,1.03,-0.31
171.118,1,Wall_3mx20cm_Wood_Panels (2),3.20,1.03,-0.31
171.147,1,Wall_3mx20cm_Wood_Panels (2),3.20,1.02,-0.31
171.175,1,Wall_3mx20cm_Wood_Panels (2),3.20,1.03,-0.31
171.216,1,Wall_3mx20cm_Wood_Panels (2),3.19,1.05,-0.31
171.244,1,Wall_3mx20cm_Wood_Panels (2),3.19,1.05,-0.31
171.285,1,Wall_3mx20cm_Wood_Panels (2),3.20,1.05,-0.31
171.313,1,Wall_3mx20cm_Wood_Panels (2),3.21,1.06,-0.31
171.341,1,Wall_3mx20cm_Wood_Panels (2),3.22,1.06,-0.31
171.383,1,Wall_3mx20cm_Wood_Panels (2),3.24,1.04,-0.31
171.411,1,Wall_3mx20cm_Wood_Panels (2),3.26,1.02,-0.31
171.456,1,Wall_3mx20cm_Wood_Panels (2),3.29,0.97,-0.31
171.483,1,Wall_3mx20cm_Wood_Panels (2),3.31,0.95,-0.31
171.511,1,Wall_3mx20cm_Wood_Panels (2),3.32,0.98,-0.31
171.553,1,Wall_3mx20cm_Wood_Panels (2),3.34,1.00,-0.31
171.579,1,Wall_3mx20cm_Wood_Panels (2),3.34,1.01,-0.31
171.620,1,Wall_3mx20cm_Wood_Panels (2),3.34,1.04,-0.31
171.647,1,Wall_3mx20cm_Wood_Panels (2),3.33,1.05,-0.31
171.675,1,Wall_3mx20cm_Wood_Panels (2),3.33,1.07,-0.31
171.717,1,Wall_3mx20cm_Wood_Panels (2),3.35,1.08,-0.31
171.745,1,Wall_3mx20cm_Wood_Panels (2),3.36,1.08,-0.31
171.786,1,Wall_3mx20cm_Wood_Panels (2),3.39,1.08,-0.31
171.815,1,Wall_3mx20cm_Wood_Panels (2),3.41,1.07,-0.31
171.842,1,Wall_3mx20cm_Wood_Panels (2),3.41,1.05,-0.31
171.885,1,Wall_3mx20cm_Wood_Panels (2),3.43,1.04,-0.31
171.912,1,Wall_3mx20cm_Wood_Panels (2),3.43,1.03,-0.31
171.954,1,Wall_3mx20cm_Wood_Panels (2),3.43,1.02,-0.31
171.982,1,Wall_3mx20cm_Wood_Panels (2),3.44,1.02,-0.31
172.009,1,Wall_3mx20cm_Wood_Panels (2),3.44,1.01,-0.31
172.051,1,Wall_3mx20cm_Wood_Panels (2),3.44,1.00,-0.31
172.079,1,Wall_3mx20cm_Wood_Panels (2),3.45,1.00,-0.31
172.121,1,Wall_3mx20cm_Wood_Panels (2),3.45,0.98,-0.31
172.149,1,Wall_3mx20cm_Wood_Panels (2),3.46,0.98,-0.31
172.177,1,Wall_3mx20cm_Wood_Panels (2),3.46,0.96,-0.31
172.218,1,Wall_3mx20cm_Wood_Panels (2),3.47,0.94,-0.31
172.246,1,Wall_3mx20cm_Wood_Panels (2),3.48,0.94,-0.31
172.287,1,Wall_3mx20cm_Wood_Panels (2),3.51,0.95,-0.31
172.316,1,Wall_3mx20cm_Wood_Panels (2),3.50,0.96,-0.31
172.343,1,Wall_3mx20cm_Wood_Panels (2),3.50,0.99,-0.31
172.385,1,Wall_3mx20cm_Wood_Panels (2),3.50,0.97,-0.31
172.413,1,Wall_3mx20cm_Wood_Panels (2),3.51,0.95,-0.31
172.455,1,Wall_3mx20cm_Wood_Panels (2),3.51,0.93,-0.31
172.482,1,Wall_3mx20cm_Wood_Panels (2),3.51,0.92,-0.31
172.511,1,Wall_3mx20cm_Wood_Panels (2),3.51,0.92,-0.31
172.552,1,Wall_3mx20cm_Wood_Panels (2),3.50,0.91,-0.31
172.581,1,Wall_3mx20cm_Wood_Panels (2),3.50,0.91,-0.31
172.608,1,Wall_3mx20cm_Wood_Panels (2),3.49,0.91,-0.31
172.650,1,Wall_3mx20cm_Wood_Panels (2),3.48,0.93,-0.31
172.678,1,Wall_3mx20cm_Wood_Panels (2),3.46,0.96,-0.31
172.720,1,Wall_3mx20cm_Wood_Panels (2),3.44,0.99,-0.31
172.747,1,Wall_3mx20cm_Wood_Panels (2),3.43,1.00,-0.31
172.775,1,Wall_3mx20cm_Wood_Panels (2),3.44,1.00,-0.31
172.817,1,Wall_3mx20cm_Wood_Panels (2),3.46,0.98,-0.31
172.845,1,Wall_3mx20cm_Wood_Panels (2),3.48,0.97,-0.31
172.886,1,Wall_3mx20cm_Wood_Panels (2),3.52,0.94,-0.31
172.915,1,Wall_3mx20cm_Wood_Panels (2),3.54,0.93,-0.31
172.942,1,Wall_3mx20cm_Wood_Panels (2),3.57,0.93,-0.31
172.985,1,Wall_3mx20cm_Wood_Panels (2),3.59,0.92,-0.31
173.012,1,Wall_3mx20cm_Wood_Panels (2),3.60,0.92,-0.31
173.054,1,Wall_3mx20cm_Wood_Panels (2),3.60,0.92,-0.31
173.082,1,Wall_3mx20cm_Wood_Panels (2),3.60,0.92,-0.31
173.109,1,Wall_3mx20cm_Wood_Panels (2),3.60,0.91,-0.31
173.151,1,Wall_3mx20cm_Wood_Panels (2),3.59,0.92,-0.31
173.179,1,Wall_3mx20cm_Wood_Panels (2),3.58,0.92,-0.31
173.221,1,Wall_3mx20cm_Wood_Panels (2),3.58,0.91,-0.31
173.249,1,Wall_3mx20cm_Wood_Panels (2),3.58,0.91,-0.31
173.276,1,Wall_3mx20cm_Wood_Panels (2),3.59,0.92,-0.31
173.318,1,Wall_3mx20cm_Wood_Panels (2),3.59,0.93,-0.31
173.346,1,Wall_3mx20cm_Wood_Panels (2),3.59,0.95,-0.31
173.388,1,Wall_3mx20cm_Wood_Panels (2),3.60,0.95,-0.31
173.416,1,Wall_3mx20cm_Wood_Panels (2),3.60,0.96,-0.31
173.444,1,Wall_3mx20cm_Wood_Panels (2),3.61,0.95,-0.31
173.485,1,Wall_3mx20cm_Wood_Panels (2),3.62,0.94,-0.31
173.513,1,Wall_3mx20cm_Wood_Panels (2),3.62,0.93,-0.31
173.556,1,Wall_3mx20cm_Wood_Panels (2),3.63,0.91,-0.31
173.584,1,Wall_3mx20cm_Wood_Panels (2),3.63,0.90,-0.31
173.611,1,Wall_3mx20cm_Wood_Panels (2),3.62,0.90,-0.31
173.644,1,Wall_3mx20cm_Wood_Panels (2),3.62,0.90,-0.31
173.699,1,Wall_3mx20cm_Wood_Panels (2),3.61,0.89,-0.31
173.726,1,Wall_3mx20cm_Wood_Panels (2),3.61,0.89,-0.31
173.753,1,Wall_3mx20cm_Wood_Panels (2),3.60,0.89,-0.31
173.781,1,Wall_3mx20cm_Wood_Panels (2),3.60,0.89,-0.31
173.822,1,Wall_3mx20cm_Wood_Panels (2),3.60,0.89,-0.31
173.864,1,Wall_3mx20cm_Wood_Panels (2),3.60,0.88,-0.31
173.891,1,Wall_3mx20cm_Wood_Panels (2),3.60,0.88,-0.31
173.934,1,Wall_3mx20cm_Wood_Panels (2),3.61,0.87,-0.31
173.959,1,Wall_3mx20cm_Wood_Panels (2),3.61,0.87,-0.31
173.977,1,Wall_3mx20cm_Wood_Panels (2),3.62,0.87,-0.31
174.030,1,Wall_3mx20cm_Wood_Panels (2),3.62,0.86,-0.31
174.059,1,Wall_3mx20cm_Wood_Panels (2),3.63,0.85,-0.31
174.087,1,Wall_3mx20cm_Wood_Panels (2),3.64,0.85,-0.31
174.115,1,Wall_3mx20cm_Wood_Panels (2),3.64,0.86,-0.31
174.168,1,Wall_3mx20cm_Wood_Panels (2),3.65,0.86,-0.31
174.197,1,Wall_3mx20cm_Wood_Panels (2),3.66,0.86,-0.31
174.223,1,Wall_3mx20cm_Wood_Panels (2),3.67,0.87,-0.31
174.249,1,Wall_3mx20cm_Wood_Panels (2),3.67,0.87,-0.31
174.277,1,Wall_3mx20cm_Wood_Panels (2),3.68,0.87,-0.31
174.319,1,Wall_3mx20cm_Wood_Panels (2),3.70,0.86,-0.31
174.346,1,Wall_3mx20cm_Wood_Panels (2),3.71,0.86,-0.31
174.388,1,Wall_3mx20cm_Wood_Panels (2),3.73,0.85,-0.31
174.415,1,Wall_3mx20cm_Wood_Panels (2),3.74,0.85,-0.31
174.443,1,Wall_3mx20cm_Wood_Panels (2),3.74,0.85,-0.31
174.484,1,Wall_3mx20cm_Wood_Panels (2),3.74,0.84,-0.31
174.512,1,Wall_3mx20cm_Wood_Panels (2),3.75,0.84,-0.31
174.554,1,Wall_3mx20cm_Wood_Panels (2),3.76,0.84,-0.31
174.582,1,Wall_3mx20cm_Wood_Panels (2),3.76,0.83,-0.31
174.610,1,Wall_3mx20cm_Wood_Panels (2),3.77,0.85,-0.31
174.652,1,Wall_3mx20cm_Wood_Panels (2),3.79,0.84,-0.31
174.680,1,Wall_3mx20cm_Wood_Panels (2),3.79,0.84,-0.31
174.722,1,Wall_3mx20cm_Wood_Panels (2),3.80,0.84,-0.31
174.750,1,Wall_3mx20cm_Wood_Panels (2),3.80,0.83,-0.31
174.777,1,Wall_3mx20cm_Wood_Panels (2),3.80,0.82,-0.31
174.818,1,Wall_3mx20cm_Wood_Panels (2),3.80,0.82,-0.31
174.847,1,Wall_3mx20cm_Wood_Panels (2),3.80,0.83,-0.31
174.876,1,Wall_3mx20cm_Wood_Panels (2),3.79,0.82,-0.31
174.917,1,Wall_3mx20cm_Wood_Panels (2),3.79,0.81,-0.31
174.944,1,Wall_3mx20cm_Wood_Panels (2),3.79,0.82,-0.31
174.987,1,Wall_3mx20cm_Wood_Panels (2),3.80,0.83,-0.31
175.013,1,Wall_3mx20cm_Wood_Panels (2),3.79,0.83,-0.31
175.042,1,Wall_3mx20cm_Wood_Panels (2),3.79,0.83,-0.31
175.083,1,Wall_3mx20cm_Wood_Panels (2),3.79,0.81,-0.31
175.111,1,Wall_3mx20cm_Wood_Panels (2),3.79,0.79,-0.31
175.153,1,Wall_3mx20cm_Wood_Panels (2),3.79,0.77,-0.31
175.182,1,Wall_3mx20cm_Wood_Panels (2),3.78,0.76,-0.31
175.210,1,Wall_3mx20cm_Wood_Panels (2),3.78,0.76,-0.31
175.251,1,Wall_3mx20cm_Wood_Panels (2),3.78,0.76,-0.31
175.278,1,Wall_3mx20cm_Wood_Panels (2),3.79,0.75,-0.31
175.321,1,Wall_3mx20cm_Wood_Panels (2),3.77,0.74,-0.31
175.349,1,Wall_3mx20cm_Wood_Panels (2),3.75,0.72,-0.31
175.376,1,Wall_3mx20cm_Wood_Panels (2),3.75,0.73,-0.31
175.418,1,Wall_3mx20cm_Wood_Panels (2),3.74,0.75,-0.31
175.446,1,Wall_3mx20cm_Wood_Panels (2),3.74,0.76,-0.31
175.488,1,Wall_3mx20cm_Wood_Panels (2),3.75,0.75,-0.31
175.516,1,Wall_3mx20cm_Wood_Panels (2),3.75,0.74,-0.31
175.544,1,Wall_3mx20cm_Wood_Panels (2),3.75,0.73,-0.31
175.586,1,Wall_3mx20cm_Wood_Panels (2),3.75,0.74,-0.31
175.613,1,Wall_3mx20cm_Wood_Panels (2),3.75,0.74,-0.31
175.642,1,Wall_3mx20cm_Wood_Panels (2),3.76,0.74,-0.31
175.684,1,Wall_3mx20cm_Wood_Panels (2),3.77,0.74,-0.31
175.712,1,Wall_3mx20cm_Wood_Panels (2),3.78,0.74,-0.31
175.753,1,Wall_3mx20cm_Wood_Panels (2),3.79,0.74,-0.31
175.780,1,Wall_3mx20cm_Wood_Panels (2),3.79,0.74,-0.31
175.822,1,Wall_3mx20cm_Wood_Panels (2),3.79,0.77,-0.31
175.850,1,Wall_3mx20cm_Wood_Panels (2),3.78,0.80,-0.31
175.878,1,Wall_3mx20cm_Wood_Panels (2),3.78,0.82,-0.31
175.921,1,Wall_3mx20cm_Wood_Panels (2),3.77,0.83,-0.31
175.949,1,Wall_3mx20cm_Wood_Panels (2),3.77,0.84,-0.31
175.976,1,Wall_3mx20cm_Wood_Panels (2),3.77,0.84,-0.31
176.018,1,Wall_3mx20cm_Wood_Panels (2),3.78,0.83,-0.31
176.045,1,Wall_3mx20cm_Wood_Panels (2),3.78,0.80,-0.31
176.087,1,Wall_3mx20cm_Wood_Panels (2),3.79,0.79,-0.31
176.116,1,Wall_3mx20cm_Wood_Panels (2),3.80,0.78,-0.31
176.143,1,Wall_3mx20cm_Wood_Panels (2),3.80,0.78,-0.31
176.185,1,Wall_3mx20cm_Wood_Panels (2),3.81,0.77,-0.31
176.213,1,Wall_3mx20cm_Wood_Panels (2),3.81,0.77,-0.31
176.255,1,Wall_3mx20cm_Wood_Panels (2),3.82,0.77,-0.31
176.282,1,Wall_3mx20cm_Wood_Panels (2),3.82,0.77,-0.31
176.310,1,Wall_3mx20cm_Wood_Panels (2),3.82,0.77,-0.31
176.352,1,Wall_3mx20cm_Wood_Panels (2),3.82,0.77,-0.31
176.380,1,Wall_3mx20cm_Wood_Panels (2),3.82,0.77,-0.31
176.423,1,Wall_3mx20cm_Wood_Panels (2),3.80,0.77,-0.31
176.450,1,Wall_3mx20cm_Wood_Panels (2),3.79,0.77,-0.31
176.478,1,Wall_3mx20cm_Wood_Panels (2),3.78,0.78,-0.31
176.520,1,Wall_3mx20cm_Wood_Panels (2),3.77,0.79,-0.31
176.548,1,Wall_3mx20cm_Wood_Panels (2),3.77,0.80,-0.31
176.589,1,Wall_3mx20cm_Wood_Panels (2),3.78,0.80,-0.31
176.617,1,Wall_3mx20cm_Wood_Panels (2),3.79,0.80,-0.31
176.644,1,Wall_3mx20cm_Wood_Panels (2),3.80,0.80,-0.31
176.687,1,Wall_3mx20cm_Wood_Panels (2),3.81,0.81,-0.31
176.714,1,Wall_3mx20cm_Wood_Panels (2),3.80,0.82,-0.31
176.742,1,Wall_3mx20cm_Wood_Panels (2),3.80,0.82,-0.31
176.783,1,Wall_3mx20cm_Wood_Panels (2),3.78,0.82,-0.31
176.811,1,Wall_3mx20cm_Wood_Panels (2),3.77,0.83,-0.31
176.854,1,Wall_3mx20cm_Wood_Panels (2),3.75,0.84,-0.31
176.882,1,Wall_3mx20cm_Wood_Panels (2),3.74,0.85,-0.31
176.909,1,Wall_3mx20cm_Wood_Panels (2),3.73,0.87,-0.31
176.951,1,Wall_3mx20cm_Wood_Panels (2),3.72,0.88,-0.31
176.979,1,Wall_3mx20cm_Wood_Panels (2),3.72,0.88,-0.31
177.020,1,Wall_3mx20cm_Wood_Panels (2),3.73,0.88,-0.31
177.049,1,Wall_3mx20cm_Wood_Panels (2),3.73,0.88,-0.31
177.076,1,Wall_3mx20cm_Wood_Panels (2),3.73,0.87,-0.31
177.117,1,Wall_3mx20cm_Wood_Panels (2),3.74,0.86,-0.31
177.145,1,Wall_3mx20cm_Wood_Panels (2),3.74,0.86,-0.31
177.186,1,Wall_3mx20cm_Wood_Panels (2),3.74,0.86,-0.31
177.215,1,Wall_3mx20cm_Wood_Panels (2),3.75,0.85,-0.31
177.243,1,Wall_3mx20cm_Wood_Panels (2),3.75,0.84,-0.31
177.285,1,Wall_3mx20cm_Wood_Panels (2),3.76,0.83,-0.31
177.313,1,Wall_3mx20cm_Wood_Panels (2),3.77,0.83,-0.31
177.354,1,Wall_3mx20cm_Wood_Panels (2),3.78,0.83,-0.31
177.381,1,Wall_3mx20cm_Wood_Panels (2),3.79,0.81,-0.31
177.410,1,Wall_3mx20cm_Wood_Panels (2),3.80,0.81,-0.31
177.452,1,Wall_3mx20cm_Wood_Panels (2),3.81,0.82,-0.31
177.480,1,Wall_3mx20cm_Wood_Panels (2),3.80,0.82,-0.31
177.521,1,Wall_3mx20cm_Wood_Panels (2),3.79,0.83,-0.31
177.549,1,Wall_3mx20cm_Wood_Panels (2),3.79,0.83,-0.31
177.577,1,Wall_3mx20cm_Wood_Panels (2),3.79,0.83,-0.31
177.619,1,Wall_3mx20cm_Wood_Panels (2),3.80,0.81,-0.31
177.647,1,Wall_3mx20cm_Wood_Panels (2),3.80,0.80,-0.31
177.689,1,Wall_3mx20cm_Wood_Panels (2),3.81,0.79,-0.31
177.717,1,Wall_3mx20cm_Wood_Panels (2),3.82,0.79,-0.31
177.745,1,Wall_3mx20cm_Wood_Panels (2),3.82,0.79,-0.31
177.786,1,Wall_3mx20cm_Wood_Panels (2),3.82,0.79,-0.31
177.814,1,Wall_3mx20cm_Wood_Panels (2),3.83,0.80,-0.31
177.843,1,Wall_3mx20cm_Wood_Panels (2),3.83,0.79,-0.31
177.883,1,Wall_3mx20cm_Wood_Panels (2),3.84,0.78,-0.31
177.912,1,Wall_3mx20cm_Wood_Panels (2),3.86,0.78,-0.31
177.953,1,Wall_3mx20cm_Wood_Panels (2),3.87,0.78,-0.31
177.981,1,Wall_3mx20cm_Wood_Panels (2),3.88,0.78,-0.31
178.023,1,Wall_3mx20cm_Wood_Panels (2),3.88,0.77,-0.31
178.051,1,Wall_3mx20cm_Wood_Panels (2),3.88,0.75,-0.31
178.078,1,Wall_3mx20cm_Wood_Panels (2),3.88,0.75,-0.31
178.120,1,Wall_3mx20cm_Wood_Panels (2),3.87,0.78,-0.31
178.148,1,Wall_3mx20cm_Wood_Panels (2),3.87,0.78,-0.31
178.176,1,Wall_3mx20cm_Wood_Panels (2),3.88,0.75,-0.31
178.217,1,Wall_3mx20cm_Wood_Panels (2),3.89,0.75,-0.31
178.245,1,Wall_3mx20cm_Wood_Panels (2),3.90,0.75,-0.31
178.287,1,Wall_3mx20cm_Wood_Panels (2),3.90,0.76,-0.31
178.316,1,Wall_3mx20cm_Wood_Panels (2),3.90,0.77,-0.31
178.343,1,Wall_3mx20cm_Wood_Panels (2),3.91,0.76,-0.31
178.385,1,Wall_3mx20cm_Wood_Panels (2),3.92,0.77,-0.31
178.412,1,Wall_3mx20cm_Wood_Panels (2),3.92,0.77,-0.31
178.455,1,Wall_3mx20cm_Wood_Panels (2),3.91,0.76,-0.31
178.483,1,Wall_3mx20cm_Wood_Panels (2),3.91,0.75,-0.31
178.510,1,Wall_3mx20cm_Wood_Panels (2),3.90,0.76,-0.31
178.552,1,Wall_3mx20cm_Wood_Panels (2),3.90,0.77,-0.31
178.580,1,Wall_3mx20cm_Wood_Panels (2),3.90,0.77,-0.31
178.621,1,Wall_3mx20cm_Wood_Panels (2),3.91,0.76,-0.31
178.650,1,Wall_3mx20cm_Wood_Panels (2),3.91,0.76,-0.31
178.678,1,Wall_3mx20cm_Wood_Panels (2),3.91,0.76,-0.31
178.719,1,Wall_3mx20cm_Wood_Panels (2),3.91,0.77,-0.31
178.747,1,Wall_3mx20cm_Wood_Panels (2),3.92,0.77,-0.31
178.789,1,Wall_3mx20cm_Wood_Panels (2),3.92,0.77,-0.31
178.818,1,Wall_3mx20cm_Wood_Panels (2),3.92,0.77,-0.31
178.846,1,Wall_3mx20cm_Wood_Panels (2),3.92,0.77,-0.31
178.888,1,Wall_3mx20cm_Wood_Panels (2),3.91,0.77,-0.31
178.915,1,Wall_3mx20cm_Wood_Panels (2),3.91,0.76,-0.31
178.956,1,Wall_3mx20cm_Wood_Panels (2),3.90,0.75,-0.31
178.984,1,Wall_3mx20cm_Wood_Panels (2),3.88,0.75,-0.31
179.012,1,Wall_3mx20cm_Wood_Panels (2),3.88,0.74,-0.31
179.054,1,Wall_3mx20cm_Wood_Panels (2),3.86,0.76,-0.31
179.082,1,Wall_3mx20cm_Wood_Panels (2),3.86,0.76,-0.31
179.109,1,Wall_3mx20cm_Wood_Panels (2),3.86,0.77,-0.31
179.151,1,Wall_3mx20cm_Wood_Panels (2),3.87,0.78,-0.31
179.179,1,Wall_3mx20cm_Wood_Panels (2),3.87,0.78,-0.31
179.221,1,Wall_3mx20cm_Wood_Panels (2),3.87,0.78,-0.31
179.249,1,Wall_3mx20cm_Wood_Panels (2),3.85,0.80,-0.31
179.277,1,Wall_3mx20cm_Wood_Panels (2),3.82,0.81,-0.31
179.318,1,Wall_3mx20cm_Wood_Panels (2),3.79,0.83,-0.31
179.346,1,Wall_3mx20cm_Wood_Panels (2),3.76,0.85,-0.31
179.387,1,Wall_3mx20cm_Wood_Panels (2),3.73,0.88,-0.31
179.415,1,Wall_3mx20cm_Wood_Panels (2),3.71,0.90,-0.31
179.443,1,Wall_3mx20cm_Wood_Panels (2),3.71,0.90,-0.31
179.485,1,Wall_3mx20cm_Wood_Panels (2),3.70,0.92,-0.31
179.513,1,Wall_3mx20cm_Wood_Panels (2),3.69,0.96,-0.31
179.555,1,Wall_3mx20cm_Wood_Panels (2),3.69,0.99,-0.31
179.582,1,Wall_3mx20cm_Wood_Panels (2),3.66,1.01,-0.31
179.610,1,Wall_3mx20cm_Wood_Panels (2),3.64,1.04,-0.31
179.652,1,Wall_3mx20cm_Wood_Panels (2),3.61,1.05,-0.31
179.681,1,Wall_3mx20cm_Wood_Panels (2),3.57,1.09,-0.31
179.722,1,Wall_3mx20cm_Wood_Panels (2),3.51,1.09,-0.31
179.749,1,Wall_3mx20cm_Wood_Panels (2),3.48,1.12,-0.31
179.778,1,Wall_3mx20cm_Wood_Panels (2),3.45,1.15,-0.31
179.819,1,Wall_3mx20cm_Wood_Panels (2),3.42,1.21,-0.31
179.848,1,Wall_3mx20cm_Wood_Panels (2),3.38,1.23,-0.31
179.889,1,Wall_3mx20cm_Wood_Panels (2),3.34,1.25,-0.31
179.916,1,Wall_3mx20cm_Wood_Panels (2),3.32,1.26,-0.31
179.944,1,Wall_3mx20cm_Wood_Panels (2),3.30,1.27,-0.31
179.986,1,Wall_3mx20cm_Wood_Panels (2),3.28,1.28,-0.31
180.014,1,Wall_3mx20cm_Wood_Panels (2),3.26,1.28,-0.31
180.056,1,Wall_3mx20cm_Wood_Panels (2),3.24,1.29,-0.31
180.083,1,Wall_3mx20cm_Wood_Panels (2),3.23,1.27,-0.31
180.111,1,Wall_3mx20cm_Wood_Panels (2),3.22,1.25,-0.31
180.154,1,Wall_3mx20cm_Wood_Panels (2),3.21,1.25,-0.31
180.182,1,Wall_3mx20cm_Wood_Panels (2),3.22,1.24,-0.31
180.210,1,Wall_3mx20cm_Wood_Panels (2),3.23,1.23,-0.31
180.252,1,Wall_3mx20cm_Wood_Panels (2),3.24,1.23,-0.31
180.279,1,Wall_3mx20cm_Wood_Panels (2),3.26,1.21,-0.31
180.321,1,Wall_3mx20cm_Wood_Panels (2),3.28,1.18,-0.31
180.349,1,Wall_3mx20cm_Wood_Panels (2),3.30,1.17,-0.31
180.377,1,Wall_3mx20cm_Wood_Panels (2),3.32,1.17,-0.31
180.419,1,Wall_3mx20cm_Wood_Panels (2),3.33,1.15,-0.31
180.446,1,Wall_3mx20cm_Wood_Panels (2),3.34,1.14,-0.31
180.488,1,Wall_3mx20cm_Wood_Panels (2),3.33,1.11,-0.31
180.516,1,Wall_3mx20cm_Wood_Panels (2),3.33,1.09,-0.31
180.544,1,Wall_3mx20cm_Wood_Panels (2),3.32,1.10,-0.31
180.586,1,Wall_3mx20cm_Wood_Panels (2),3.31,1.10,-0.31
180.614,1,Wall_3mx20cm_Wood_Panels (2),3.31,1.11,-0.31
180.655,1,Wall_3mx20cm_Wood_Panels (2),3.32,1.12,-0.31
180.683,1,Wall_3mx20cm_Wood_Panels (2),3.32,1.11,-0.31
180.711,1,Wall_3mx20cm_Wood_Panels (2),3.33,1.11,-0.31
180.752,1,Wall_3mx20cm_Wood_Panels (2),3.33,1.13,-0.31
180.780,1,Wall_3mx20cm_Wood_Panels (2),3.33,1.12,-0.31
180.822,1,Wall_3mx20cm_Wood_Panels (2),3.33,1.13,-0.31
180.850,1,Wall_3mx20cm_Wood_Panels (2),3.33,1.10,-0.31
180.879,1,Wall_3mx20cm_Wood_Panels (2),3.34,1.07,-0.31
180.919,1,Wall_3mx20cm_Wood_Panels (2),3.35,1.08,-0.31
180.947,1,Wall_3mx20cm_Wood_Panels (2),3.35,1.11,-0.31
180.989,1,Wall_3mx20cm_Wood_Panels (2),3.34,1.12,-0.31
181.018,1,Wall_3mx20cm_Wood_Panels (2),3.34,1.12,-0.31
181.045,1,Wall_3mx20cm_Wood_Panels (2),3.35,1.12,-0.31
181.086,1,Wall_3mx20cm_Wood_Panels (2),3.38,1.10,-0.31
181.114,1,Wall_3mx20cm_Wood_Panels (2),3.39,1.08,-0.31
181.157,1,Wall_3mx20cm_Wood_Panels (2),3.44,1.09,-0.31
181.185,1,Wall_3mx20cm_Wood_Panels (2),3.47,1.10,-0.31
181.212,1,Wall_3mx20cm_Wood_Panels (2),3.51,1.12,-0.31
181.254,1,Wall_3mx20cm_Wood_Panels (2),3.56,1.08,-0.31
181.282,1,Wall_3mx20cm_Wood_Panels (2),3.56,1.07,-0.31
181.324,1,Wall_3mx20cm_Wood_Panels (2),3.57,1.05,-0.31
181.352,1,Wall_3mx20cm_Wood_Panels (2),3.57,1.06,-0.31
181.379,1,Wall_3mx20cm_Wood_Panels (2),3.56,1.07,-0.31
181.421,1,Wall_3mx20cm_Wood_Panels (2),3.56,1.07,-0.31
181.449,1,Wall_3mx20cm_Wood_Panels (2),3.56,1.06,-0.31
181.477,1,Wall_3mx20cm_Wood_Panels (2),3.55,1.06,-0.31
181.519,1,Wall_3mx20cm_Wood_Panels (2),3.55,1.03,-0.31
181.546,1,Wall_3mx20cm_Wood_Panels (2),3.56,1.02,-0.31
181.588,1,Wall_3mx20cm_Wood_Panels (2),3.56,1.02,-0.31
181.616,1,Wall_3mx20cm_Wood_Panels (2),3.57,1.01,-0.31
181.644,1,Wall_3mx20cm_Wood_Panels (2),3.57,1.00,-0.31
181.686,1,Wall_3mx20cm_Wood_Panels (2),3.57,1.00,-0.31
181.713,1,Wall_3mx20cm_Wood_Panels (2),3.58,1.00,-0.31
181.755,1,Wall_3mx20cm_Wood_Panels (2),3.59,0.99,-0.31
181.783,1,Wall_3mx20cm_Wood_Panels (2),3.59,1.00,-0.31
181.811,1,Wall_3mx20cm_Wood_Panels (2),3.59,1.00,-0.31
181.852,1,Wall_3mx20cm_Wood_Panels (2),3.59,1.00,-0.31
181.881,1,Wall_3mx20cm_Wood_Panels (2),3.58,1.00,-0.31
181.923,1,Wall_3mx20cm_Wood_Panels (2),3.57,1.01,-0.31
181.950,1,Wall_3mx20cm_Wood_Panels (2),3.56,1.02,-0.31
181.978,1,Wall_3mx20cm_Wood_Panels (2),3.55,1.03,-0.31
182.019,1,Wall_3mx20cm_Wood_Panels (2),3.54,1.06,-0.31
182.048,1,Wall_3mx20cm_Wood_Panels (2),3.52,1.08,-0.31
182.089,1,Wall_3mx20cm_Wood_Panels (2),3.53,1.09,-0.31
182.117,1,Wall_3mx20cm_Wood_Panels (2),3.54,1.11,-0.31
182.145,1,Wall_3mx20cm_Wood_Panels (2),3.54,1.13,-0.31
182.187,1,Wall_3mx20cm_Wood_Panels (2),3.53,1.13,-0.31
182.215,1,Wall_3mx20cm_Wood_Panels (2),3.52,1.14,-0.31
182.257,1,Wall_3mx20cm_Wood_Panels (2),3.52,1.13,-0.31
182.284,1,Wall_3mx20cm_Wood_Panels (2),3.52,1.14,-0.31
182.312,1,Wall_3mx20cm_Wood_Panels (2),3.52,1.15,-0.31
182.354,1,Wall_3mx20cm_Wood_Panels (2),3.53,1.13,-0.31
182.382,1,Wall_3mx20cm_Wood_Panels (2),3.53,1.12,-0.31
182.423,1,Wall_3mx20cm_Wood_Panels (2),3.54,1.12,-0.31
182.451,1,Wall_3mx20cm_Wood_Panels (2),3.52,1.12,-0.31
182.479,1,Wall_3mx20cm_Wood_Panels (2),3.50,1.11,-0.31
182.521,1,Wall_3mx20cm_Wood_Panels (2),3.48,1.11,-0.31
182.549,1,Wall_3mx20cm_Wood_Panels (2),3.45,1.12,-0.31
182.578,1,Wall_3mx20cm_Wood_Panels (2),3.43,1.12,-0.31
182.619,1,Wall_3mx20cm_Wood_Panels (2),3.42,1.12,-0.31
182.646,1,Wall_3mx20cm_Wood_Panels (2),3.42,1.13,-0.31
182.688,1,Wall_3mx20cm_Wood_Panels (2),3.41,1.15,-0.31
182.715,1,Wall_3mx20cm_Wood_Panels (2),3.40,1.17,-0.31
182.758,1,Wall_3mx20cm_Wood_Panels (2),3.38,1.23,-0.31
182.786,1,Wall_3mx20cm_Wood_Panels (2),3.35,1.29,-0.31
182.813,1,Wall_3mx20cm_Wood_Panels (2),3.31,1.37,-0.31
182.856,1,Wall_3mx20cm_Wood_Panels (2),3.28,1.42,-0.31
182.883,1,Wall_3mx20cm_Wood_Panels (2),3.27,1.42,-0.31
182.911,1,Wall_3mx20cm_Wood_Panels (2),3.26,1.43,-0.31
182.953,1,Wall_3mx20cm_Wood_Panels (2),3.27,1.37,-0.31
182.981,1,Wall_3mx20cm_Wood_Panels (2),3.30,1.32,-0.31
183.022,1,Wall_3mx20cm_Wood_Panels (2),3.31,1.28,-0.31
183.050,1,Wall_3mx20cm_Wood_Panels (2),3.33,1.30,-0.31
183.078,1,Wall_3mx20cm_Wood_Panels (2),3.34,1.30,-0.31
183.120,1,Wall_3mx20cm_Wood_Panels (2),3.35,1.29,-0.31
183.148,1,Wall_3mx20cm_Wood_Panels (2),3.35,1.29,-0.31
183.189,1,Wall_3mx20cm_Wood_Panels (2),3.35,1.31,-0.31
183.217,1,Wall_3mx20cm_Wood_Panels (2),3.34,1.32,-0.31
183.245,1,Wall_3mx20cm_Wood_Panels (2),3.33,1.33,-0.31
183.287,1,Wall_3mx20cm_Wood_Panels (2),3.33,1.33,-0.31
183.314,1,Wall_3mx20cm_Wood_Panels (2),3.33,1.32,-0.31
183.356,1,Wall_3mx20cm_Wood_Panels (2),3.34,1.30,-0.31
183.384,1,Wall_3mx20cm_Wood_Panels (2),3.33,1.28,-0.31
183.412,1,Wall_3mx20cm_Wood_Panels (2),3.32,1.24,-0.31
183.454,1,Wall_3mx20cm_Wood_Panels (2),3.29,1.19,-0.31
183.481,1,Wall_3mx20cm_Wood_Panels (2),3.26,1.14,-0.31
183.523,1,Wall_3mx20cm_Wood_Panels (2),3.23,1.11,-0.31
183.551,1,Wall_3mx20cm_Wood_Panels (2),3.22,1.11,-0.31
183.579,1,Wall_3mx20cm_Wood_Panels (2),3.21,1.12,-0.31
183.621,1,Wall_3mx20cm_Wood_Panels (2),3.19,1.12,-0.31
183.649,1,Wall_3mx20cm_Wood_Panels (2),3.18,1.11,-0.31
183.691,1,Wall_3mx20cm_Wood_Panels (2),3.16,1.13,-0.31
183.718,1,Wall_3mx20cm_Wood_Panels (2),3.15,1.13,-0.31
183.746,1,Wall_3mx20cm_Wood_Panels (2),3.13,1.14,-0.31
183.788,1,Wall_3mx20cm_Wood_Panels (2),3.08,1.17,-0.31
183.815,1,Wall_3mx20cm_Wood_Panels (2),3.04,1.19,-0.31
183.844,1,Wall_3mx20cm_Wood_Panels (2),3.00,1.21,-0.31
183.885,1,Wall_3mx20cm_Wood_Panels (2),2.91,1.23,-0.31
183.914,1,Wall_3mx20cm_Wood_Panels (2),2.86,1.25,-0.31
183.955,1,Wall_3mx20cm_Wood_Panels (2),2.77,1.30,-0.31
183.983,1,Wall_3mx20cm_Wood_Panels (2),2.70,1.32,-0.31
184.011,1,Wall_3mx20cm_Wood_Panels (2),2.64,1.34,-0.31
184.053,1,Wall_3mx20cm_Wood_Panels (2),2.57,1.36,-0.31
184.081,1,Wall_3mx20cm_Wood_Panels (2),2.52,1.37,-0.31
184.123,1,Wall_3mx20cm_Wood_Panels (2),2.43,1.39,-0.31
184.151,1,Wall_3mx20cm_Wood_Panels (2),2.36,1.40,-0.31
184.178,1,Wall_3mx20cm_Wood_Panels (2),2.29,1.37,-0.31
184.220,1,Wall_3mx20cm_Wood_Panels (2),2.17,1.38,-0.31
184.248,1,Wall_3mx20cm_Wood_Panels (2),2.08,1.40,-0.31
184.290,1,Wall_3mx20cm_Wood_Panels (2),1.93,1.41,-0.31
184.317,1,Wall_3mx20cm_Wood_Panels (2),1.83,1.42,-0.31
184.346,1,Wall_3mx20cm_Wood_Panels (2),1.75,1.42,-0.31
184.387,1,Wall_3mx20cm_Wood_Panels (2),1.62,1.41,-0.31
184.415,1,Wall_3mx20cm_Wood_Panels (2),1.54,1.40,-0.31
184.456,1,Wall_3mx20cm_Door (1),1.41,1.41,-0.31
184.484,1,Wall_3mx20cm_Door (1),1.41,1.38,-0.33
184.513,1,Wall_3mx20cm_Door (1),1.41,1.37,-0.35
184.555,1,Wall_3mx20cm_Door (1),1.41,1.36,-0.36
184.582,1,Wall_3mx20cm_Door (1),1.41,1.34,-0.36
184.624,1,Wall_3mx20cm_Door (1),1.41,1.32,-0.37
184.653,1,Wall_3mx20cm_Door (1),1.41,1.29,-0.38
184.679,1,Wall_3mx20cm_Door (1),1.41,1.29,-0.40
184.721,1,Wall_3mx20cm_Door (1),1.41,1.33,-0.39
184.749,1,Wall_3mx20cm_Door (1),1.41,1.34,-0.39
184.790,1,Wall_3mx20cm_Door (1),1.41,1.39,-0.39
184.819,1,Wall_3mx20cm_Door (1),1.41,1.40,-0.39
184.847,1,Wall_3mx20cm_Door (1),1.41,1.41,-0.39
184.887,1,Wall_3mx20cm_Door (1),1.41,1.42,-0.39
184.917,1,Wall_3mx20cm_Door (1),1.41,1.43,-0.40
184.945,1,Wall_3mx20cm_Door (1),1.41,1.43,-0.40
184.986,1,Wall_3mx20cm_Door (1),1.41,1.47,-0.41
185.014,1,Wall_3mx20cm_Door (1),1.41,1.42,-0.40
185.056,1,Wall_3mx20cm_Door (1),1.41,1.40,-0.38
185.084,1,Wall_3mx20cm_Door (1),1.41,1.40,-0.36
185.111,1,Wall_3mx20cm_Door (1),1.41,1.43,-0.34
185.152,1,Wall_3mx20cm_Door (1),1.41,1.45,-0.32
185.181,1,Wall_3mx20cm_Door (1),1.41,1.43,-0.31
185.223,1,Wall_3mx20cm_Wood_Panels (2),1.42,1.42,-0.31
185.250,1,Wall_3mx20cm_Door (1),1.41,1.42,-0.31
185.278,1,Wall_3mx20cm_Door (1),1.41,1.43,-0.32
185.320,1,Wall_3mx20cm_Door (1),1.41,1.44,-0.33
185.348,1,Wall_3mx20cm_Door (1),1.41,1.44,-0.33
185.390,1,Wall_3mx20cm_Door (1),1.41,1.42,-0.33
185.417,1,Wall_3mx20cm_Door (1),1.41,1.42,-0.32
185.445,1,Wall_3mx20cm_Door (1),1.41,1.41,-0.31
185.487,1,Wall_3mx20cm_Wood_Panels (2),1.46,1.35,-0.31
185.515,1,Wall_3mx20cm_Wood_Panels (2),1.50,1.33,-0.31
185.556,1,Wall_3mx20cm_Wood_Panels (2),1.54,1.32,-0.31
185.584,1,Wall_3mx20cm_Wood_Panels (2),1.56,1.33,-0.31
185.612,1,Wall_3mx20cm_Wood_Panels (2),1.58,1.32,-0.31
185.654,1,Wall_3mx20cm_Wood_Panels (2),1.63,1.31,-0.31
185.682,1,Wall_3mx20cm_Wood_Panels (2),1.63,1.32,-0.31
185.724,1,Wall_3mx20cm_Wood_Panels (2),1.65,1.34,-0.31
185.750,1,Wall_3mx20cm_Wood_Panels (2),1.66,1.37,-0.31
185.779,1,Wall_3mx20cm_Wood_Panels (2),1.70,1.38,-0.31
185.821,1,Wall_3mx20cm_Wood_Panels (2),1.75,1.36,-0.31
185.849,1,Wall_3mx20cm_Wood_Panels (2),1.77,1.34,-0.31
185.891,1,Wall_3mx20cm_Wood_Panels (2),1.82,1.29,-0.31
185.918,1,Wall_3mx20cm_Wood_Panels (2),1.84,1.27,-0.31
185.946,1,Wall_3mx20cm_Wood_Panels (2),1.85,1.25,-0.31
185.988,1,Wall_3mx20cm_Wood_Panels (2),1.84,1.26,-0.31
186.016,1,Wall_3mx20cm_Wood_Panels (2),1.85,1.26,-0.31
186.058,1,Wall_3mx20cm_Wood_Panels (2),1.85,1.28,-0.31
186.086,1,Wall_3mx20cm_Wood_Panels (2),1.84,1.30,-0.31
186.113,1,Wall_3mx20cm_Wood_Panels (2),1.83,1.32,-0.31
186.155,1,Wall_3mx20cm_Wood_Panels (2),1.82,1.32,-0.31
186.183,1,Wall_3mx20cm_Wood_Panels (2),1.83,1.32,-0.31
186.225,1,Wall_3mx20cm_Wood_Panels (2),1.83,1.32,-0.31
186.253,1,Wall_3mx20cm_Wood_Panels (2),1.82,1.33,-0.31
186.281,1,Wall_3mx20cm_Wood_Panels (2),1.81,1.32,-0.31
186.322,1,Wall_3mx20cm_Wood_Panels (2),1.81,1.30,-0.31
186.350,1,Wall_3mx20cm_Wood_Panels (2),1.80,1.30,-0.31
186.378,1,Wall_3mx20cm_Wood_Panels (2),1.79,1.30,-0.31
186.420,1,Wall_3mx20cm_Wood_Panels (2),1.81,1.30,-0.31
186.447,1,Wall_3mx20cm_Wood_Panels (2),1.83,1.32,-0.31
186.489,1,Wall_3mx20cm_Wood_Panels (2),1.85,1.35,-0.31
186.517,1,Wall_3mx20cm_Wood_Panels (2),1.85,1.39,-0.31
186.545,1,Wall_3mx20cm_Wood_Panels (2),1.83,1.43,-0.31
186.587,1,Wall_3mx20cm_Wood_Panels (2),1.80,1.44,-0.31
186.615,1,Wall_3mx20cm_Wood_Panels (2),1.78,1.41,-0.31
186.656,1,Wall_3mx20cm_Wood_Panels (2),1.75,1.37,-0.31
186.684,1,Wall_3mx20cm_Wood_Panels (2),1.72,1.35,-0.31
186.712,1,Wall_3mx20cm_Wood_Panels (2),1.70,1.36,-0.31
186.754,1,Wall_3mx20cm_Wood_Panels (2),1.67,1.42,-0.31
186.782,1,Wall_3mx20cm_Wood_Panels (2),1.63,1.47,-0.31
186.823,1,Ceiling_log_3m (20),1.52,1.55,-0.31
186.851,1,Ceiling_log_3m (20),1.52,1.57,-0.34
186.880,1,Ceiling_log_3m (20),1.52,1.54,-0.37
186.921,1,Ceiling_log_3m (20),1.50,1.50,-0.40
186.949,1,Wall_3mx20cm_Door (1),1.41,1.50,-0.38
186.990,1,Wall_3mx20cm_Door (1),1.41,1.46,-0.40
187.019,1,Wall_3mx20cm_Door (1),1.41,1.44,-0.41
187.047,1,Wall_3mx20cm_Door (1),1.41,1.43,-0.42
187.088,1,Wall_3mx20cm_Door (1),1.41,1.42,-0.42
187.116,1,Wall_3mx20cm_Door (1),1.41,1.44,-0.43
187.160,1,Wall_3mx20cm_Door (1),1.41,1.47,-0.44
187.185,1,Wall_3mx20cm_Door (1),1.41,1.48,-0.44
187.213,1,Wall_3mx20cm_Door (1),1.41,1.49,-0.44
187.255,1,Wall_3mx20cm_Door (1),1.41,1.50,-0.43
187.283,1,Ceiling_log_3m (20),1.43,1.50,-0.43
187.325,1,Ceiling_log_3m (20),1.47,1.50,-0.44
187.353,1,Wall_3mx20cm_Door (1),1.41,1.51,-0.41
187.380,1,Wall_3mx20cm_Door (1),1.41,1.50,-0.41
187.422,1,Wall_3mx20cm_Door (1),1.41,1.50,-0.40
187.450,1,Ceiling_log_3m (20),1.43,1.50,-0.41
187.491,1,Ceiling_log_3m (20),1.47,1.50,-0.42
187.520,1,Ceiling_log_3m (20),1.47,1.50,-0.42
187.547,1,Ceiling_log_3m (20),1.49,1.50,-0.43
187.589,1,Ceiling_log_3m (20),1.52,1.50,-0.43
187.617,1,Ceiling_log_3m (20),1.52,1.54,-0.43
187.645,1,Ceiling_log_3m (20),1.52,1.54,-0.42
187.686,1,Ceiling_log_3m (20),1.52,1.52,-0.40
187.714,1,Ceiling_log_3m (20),1.52,1.51,-0.38
187.756,1,Ceiling_log_3m (20),1.52,1.51,-0.35
187.784,1,Ceiling_log_3m (20),1.52,1.52,-0.34
187.812,1,Ceiling_log_3m (20),1.52,1.54,-0.34
187.853,1,Ceiling_log_3m (20),1.52,1.54,-0.33
187.881,1,Ceiling_log_3m (20),1.52,1.55,-0.34
187.923,1,Ceiling_log_3m (20),1.52,1.57,-0.34
187.951,1,Ceiling_log_3m (20),1.52,1.60,-0.35
187.979,1,Ceiling_log_3m (20),1.52,1.65,-0.36
188.020,1,Ceiling_3x3m (7),1.61,1.70,-0.40
188.048,1,Ceiling_3x3m (7),1.82,1.70,-0.46
188.090,1,Ceiling_3x3m (7),1.89,1.70,-0.48
188.118,1,Ceiling_3x3m (7),1.85,1.70,-0.46
188.146,1,Ceiling_3x3m (7),1.75,1.70,-0.41
188.188,1,Ceiling_3x3m (7),1.57,1.70,-0.35
188.216,1,Ceiling_3x3m (7),1.54,1.70,-0.33
188.257,1,Ceiling_log_3m (20),1.52,1.62,-0.32
188.286,1,Ceiling_log_3m (20),1.52,1.61,-0.32
188.313,1,Ceiling_log_3m (20),1.52,1.63,-0.32
188.355,1,Ceiling_log_3m (20),1.52,1.60,-0.31
188.384,1,Ceiling_log_3m (20),1.52,1.59,-0.31
188.424,1,Ceiling_log_3m (20),1.52,1.57,-0.31
188.453,1,Wall_3mx20cm_Wood_Panels (2),1.53,1.56,-0.31
188.480,1,Wall_3mx20cm_Wood_Panels (2),1.53,1.56,-0.31
188.522,1,Ceiling_log_3m (20),1.52,1.58,-0.31
188.550,1,Ceiling_log_3m (20),1.52,1.58,-0.31
188.591,1,Wall_3mx20cm_Wood_Panels (2),1.55,1.58,-0.31
188.619,1,Wall_3mx20cm_Wood_Panels (2),1.58,1.57,-0.31
188.647,1,Wall_3mx20cm_Wood_Panels (2),1.61,1.57,-0.31
188.689,1,Wall_3mx20cm_Wood_Panels (2),1.64,1.57,-0.31
188.717,1,Wall_3mx20cm_Wood_Panels (2),1.68,1.55,-0.31
188.745,1,Wall_3mx20cm_Wood_Panels (2),1.69,1.52,-0.31
188.787,1,Wall_3mx20cm_Wood_Panels (2),1.70,1.53,-0.31
188.815,1,Wall_3mx20cm_Wood_Panels (2),1.71,1.53,-0.31
188.856,1,Wall_3mx20cm_Wood_Panels (2),1.68,1.56,-0.31
188.885,1,Wall_3mx20cm_Wood_Panels (2),1.69,1.58,-0.31
188.912,1,Wall_3mx20cm_Wood_Panels (2),1.70,1.58,-0.31
188.954,1,Wall_3mx20cm_Wood_Panels (2),1.70,1.59,-0.31
188.981,1,Wall_3mx20cm_Wood_Panels (2),1.70,1.61,-0.31
189.023,1,Wall_3mx20cm_Wood_Panels (2),1.70,1.66,-0.31
189.051,1,Wall_3mx20cm_Wood_Panels (2),1.73,1.57,-0.31
189.079,1,Wall_3mx20cm_Wood_Panels (2),1.76,1.50,-0.31
189.120,1,Wall_3mx20cm_Wood_Panels (2),1.80,1.45,-0.31
189.148,1,Wall_3mx20cm_Wood_Panels (2),1.82,1.41,-0.31
189.190,1,Wall_3mx20cm_Wood_Panels (2),1.87,1.28,-0.31
189.218,1,Wall_3mx20cm_Wood_Panels (2),1.88,1.24,-0.31
189.246,1,Wall_3mx20cm_Wood_Panels (2),1.88,1.22,-0.31
189.287,1,Wall_3mx20cm_Wood_Panels (2),1.88,1.16,-0.31
189.315,1,Wall_3mx20cm_Wood_Panels (2),1.87,1.13,-0.31
189.358,1,Wall_3mx20cm_Wood_Panels (2),1.89,1.05,-0.31
189.385,1,Wall_3mx20cm_Wood_Panels (2),1.93,0.97,-0.31
189.412,1,Wall_3mx20cm_Wood_Panels (2),1.96,0.94,-0.31
189.454,1,Wall_3mx20cm_Wood_Panels (2),2.00,0.90,-0.31
189.482,1,Wall_3mx20cm_Wood_Panels (2),2.03,0.87,-0.31
189.524,1,Wall_3mx20cm_Wood_Panels (2),2.10,0.83,-0.31
189.552,1,Wall_3mx20cm_Wood_Panels (2),2.13,0.82,-0.31
189.580,1,Wall_3mx20cm_Wood_Panels (2),2.17,0.79,-0.31
189.622,1,Wall_3mx20cm_Wood_Panels (2),2.22,0.78,-0.31
189.649,1,Wall_3mx20cm_Wood_Panels (2),2.25,0.79,-0.31
189.691,1,Wall_3mx20cm_Wood_Panels (2),2.32,0.76,-0.31
189.720,1,Wall_3mx20cm_Wood_Panels (2),2.35,0.77,-0.31
189.747,1,Wall_3mx20cm_Wood_Panels (2),2.38,0.78,-0.31
189.789,1,Wall_3mx20cm_Wood_Panels (2),2.39,0.79,-0.31
189.817,1,Wall_3mx20cm_Wood_Panels (2),2.39,0.82,-0.31
189.858,1,Wall_3mx20cm_Wood_Panels (2),2.35,0.89,-0.31
189.886,1,Wall_3mx20cm_Wood_Panels (2),2.32,0.95,-0.31
189.914,1,Wall_3mx20cm_Wood_Panels (2),2.28,1.03,-0.31
189.956,1,Wall_3mx20cm_Wood_Panels (2),2.23,1.07,-0.31
189.984,1,Wall_3mx20cm_Wood_Panels (2),2.20,1.10,-0.31
190.025,1,Wall_3mx20cm_Wood_Panels (2),2.17,1.14,-0.31
190.053,1,Wall_3mx20cm_Wood_Panels (2),2.15,1.15,-0.31
190.081,1,Wall_3mx20cm_Wood_Panels (2),2.14,1.14,-0.31
190.123,1,Wall_3mx20cm_Wood_Panels (2),2.14,1.11,-0.31
190.151,1,Wall_3mx20cm_Wood_Panels (2),2.13,1.10,-0.31
190.179,1,Wall_3mx20cm_Wood_Panels (2),2.12,1.10,-0.31
190.220,1,Wall_3mx20cm_Wood_Panels (2),2.10,1.11,-0.31
190.248,1,Wall_3mx20cm_Wood_Panels (2),2.08,1.11,-0.31
190.290,1,Wall_3mx20cm_Wood_Panels (2),2.07,1.12,-0.31
190.318,1,Wall_3mx20cm_Wood_Panels (2),2.06,1.13,-0.31
190.346,1,Wall_3mx20cm_Wood_Panels (2),2.06,1.12,-0.31
190.387,1,Wall_3mx20cm_Wood_Panels (2),2.08,1.12,-0.31
190.415,1,Wall_3mx20cm_Wood_Panels (2),2.08,1.12,-0.31
190.457,1,Wall_3mx20cm_Wood_Panels (2),2.08,1.12,-0.31
190.485,1,Wall_3mx20cm_Wood_Panels (2),2.08,1.12,-0.31
190.513,1,Wall_3mx20cm_Wood_Panels (2),2.07,1.12,-0.31
190.555,1,Wall_3mx20cm_Wood_Panels (2),2.05,1.13,-0.31
190.582,1,Wall_3mx20cm_Wood_Panels (2),2.04,1.14,-0.31
190.624,1,Wall_3mx20cm_Wood_Panels (2),2.01,1.15,-0.31
190.652,1,Wall_3mx20cm_Wood_Panels (2),2.00,1.16,-0.31
190.680,1,Wall_3mx20cm_Wood_Panels (2),1.99,1.17,-0.31
190.721,1,Wall_3mx20cm_Wood_Panels (2),1.98,1.18,-0.31
190.749,1,Wall_3mx20cm_Wood_Panels (2),1.97,1.18,-0.31
190.791,1,Wall_3mx20cm_Wood_Panels (2),1.97,1.17,-0.31
190.819,1,Wall_3mx20cm_Wood_Panels (2),1.98,1.18,-0.31
190.847,1,Wall_3mx20cm_Wood_Panels (2),1.98,1.18,-0.31
190.889,1,Wall_3mx20cm_Wood_Panels (2),1.97,1.18,-0.31
190.917,1,Wall_3mx20cm_Wood_Panels (2),1.97,1.18,-0.31
190.959,1,Wall_3mx20cm_Wood_Panels (2),1.97,1.18,-0.31
190.986,1,Wall_3mx20cm_Wood_Panels (2),1.97,1.18,-0.31
191.013,1,Wall_3mx20cm_Wood_Panels (2),1.96,1.18,-0.31
191.055,1,Wall_3mx20cm_Wood_Panels (2),1.97,1.18,-0.31
191.083,1,Wall_3mx20cm_Wood_Panels (2),1.98,1.18,-0.31
191.125,1,Wall_3mx20cm_Wood_Panels (2),1.99,1.18,-0.31
191.153,1,Wall_3mx20cm_Wood_Panels (2),1.99,1.18,-0.31
191.181,1,Wall_3mx20cm_Wood_Panels (2),2.00,1.18,-0.31
191.222,1,Wall_3mx20cm_Wood_Panels (2),2.01,1.18,-0.31
191.250,1,Wall_3mx20cm_Wood_Panels (2),2.02,1.19,-0.31
191.292,1,Wall_3mx20cm_Wood_Panels (2),2.03,1.19,-0.31
191.320,1,Wall_3mx20cm_Wood_Panels (2),2.05,1.19,-0.31
191.348,1,Wall_3mx20cm_Wood_Panels (2),2.06,1.19,-0.31
191.390,1,Wall_3mx20cm_Wood_Panels (2),2.06,1.18,-0.31
191.418,1,Wall_3mx20cm_Wood_Panels (2),2.06,1.19,-0.31
191.445,1,Wall_3mx20cm_Wood_Panels (2),2.07,1.18,-0.31
191.487,1,Wall_3mx20cm_Wood_Panels (2),2.08,1.18,-0.31
191.515,1,Wall_3mx20cm_Wood_Panels (2),2.09,1.18,-0.31
191.557,1,Wall_3mx20cm_Wood_Panels (2),2.08,1.19,-0.31
191.584,1,Wall_3mx20cm_Wood_Panels (2),2.07,1.19,-0.31
191.613,1,Wall_3mx20cm_Wood_Panels (2),2.07,1.20,-0.31
191.654,1,Wall_3mx20cm_Wood_Panels (2),2.06,1.21,-0.31
191.682,1,Wall_3mx20cm_Wood_Panels (2),2.07,1.22,-0.31
191.724,1,Wall_3mx20cm_Wood_Panels (2),2.08,1.22,-0.31
191.753,1,Wall_3mx20cm_Wood_Panels (2),2.08,1.23,-0.31
191.780,1,Wall_3mx20cm_Wood_Panels (2),2.08,1.23,-0.31
191.822,1,Wall_3mx20cm_Wood_Panels (2),2.09,1.23,-0.31
191.850,1,Wall_3mx20cm_Wood_Panels (2),2.11,1.23,-0.31
191.891,1,Wall_3mx20cm_Wood_Panels (2),2.13,1.22,-0.31
191.919,1,Wall_3mx20cm_Wood_Panels (2),2.13,1.24,-0.31
191.947,1,Wall_3mx20cm_Wood_Panels (2),2.16,1.23,-0.31
191.988,1,Wall_3mx20cm_Wood_Panels (2),2.19,1.22,-0.31
192.016,1,Wall_3mx20cm_Wood_Panels (2),2.20,1.22,-0.31
192.058,1,Wall_3mx20cm_Wood_Panels (2),2.22,1.24,-0.31
192.086,1,Wall_3mx20cm_Wood_Panels (2),2.23,1.24,-0.31
192.114,1,Wall_3mx20cm_Wood_Panels (2),2.23,1.25,-0.31
192.155,1,Wall_3mx20cm_Wood_Panels (2),2.24,1.26,-0.31
192.183,1,Wall_3mx20cm_Wood_Panels (2),2.24,1.26,-0.31
192.225,1,Wall_3mx20cm_Wood_Panels (2),2.24,1.25,-0.31
192.253,1,Wall_3mx20cm_Wood_Panels (2),2.27,1.23,-0.31
192.280,1,Wall_3mx20cm_Wood_Panels (2),2.29,1.23,-0.31
192.322,1,Wall_3mx20cm_Wood_Panels (2),2.30,1.23,-0.31
192.350,1,Wall_3mx20cm_Wood_Panels (2),2.30,1.24,-0.31
192.392,1,Wall_3mx20cm_Wood_Panels (2),2.27,1.25,-0.31
192.420,1,Wall_3mx20cm_Wood_Panels (2),2.25,1.25,-0.31
192.448,1,Wall_3mx20cm_Wood_Panels (2),2.24,1.26,-0.31
192.489,1,Wall_3mx20cm_Wood_Panels (2),2.24,1.28,-0.31
192.517,1,Wall_3mx20cm_Wood_Panels (2),2.24,1.28,-0.31
192.559,1,Wall_3mx20cm_Wood_Panels (2),2.24,1.28,-0.31
192.587,1,Wall_3mx20cm_Wood_Panels (2),2.24,1.28,-0.31
192.615,1,Wall_3mx20cm_Wood_Panels (2),2.24,1.28,-0.31
192.657,1,Wall_3mx20cm_Wood_Panels (2),2.26,1.26,-0.31
192.685,1,Wall_3mx20cm_Wood_Panels (2),2.26,1.26,-0.31
192.712,1,Wall_3mx20cm_Wood_Panels (2),2.27,1.26,-0.31
192.754,1,Wall_3mx20cm_Wood_Panels (2),2.27,1.26,-0.31
192.782,1,Wall_3mx20cm_Wood_Panels (2),2.27,1.26,-0.31
192.824,1,Wall_3mx20cm_Wood_Panels (2),2.26,1.26,-0.31
192.852,1,Wall_3mx20cm_Wood_Panels (2),2.26,1.26,-0.31
192.880,1,Wall_3mx20cm_Wood_Panels (2),2.25,1.26,-0.31
192.921,1,Wall_3mx20cm_Wood_Panels (2),2.24,1.26,-0.31
192.949,1,Wall_3mx20cm_Wood_Panels (2),2.25,1.26,-0.31
192.991,1,Wall_3mx20cm_Wood_Panels (2),2.25,1.27,-0.31
193.019,1,Wall_3mx20cm_Wood_Panels (2),2.25,1.27,-0.31
193.046,1,Wall_3mx20cm_Wood_Panels (2),2.25,1.27,-0.31
193.088,1,Wall_3mx20cm_Wood_Panels (2),2.25,1.27,-0.31
193.116,1,Wall_3mx20cm_Wood_Panels (2),2.26,1.28,-0.31
193.160,1,Wall_3mx20cm_Wood_Panels (2),2.26,1.29,-0.31
193.185,1,Wall_3mx20cm_Wood_Panels (2),2.27,1.28,-0.31
193.213,1,Wall_3mx20cm_Wood_Panels (2),2.28,1.28,-0.31
193.255,1,Wall_3mx20cm_Wood_Panels (2),2.28,1.28,-0.31
193.283,1,Wall_3mx20cm_Wood_Panels (2),2.28,1.28,-0.31
193.325,1,Wall_3mx20cm_Wood_Panels (2),2.27,1.29,-0.31
193.352,1,Wall_3mx20cm_Wood_Panels (2),2.26,1.29,-0.31
193.380,1,Wall_3mx20cm_Wood_Panels (2),2.26,1.30,-0.31
193.422,1,Wall_3mx20cm_Wood_Panels (2),2.24,1.30,-0.31
193.450,1,Wall_3mx20cm_Wood_Panels (2),2.24,1.31,-0.31
193.491,1,Wall_3mx20cm_Wood_Panels (2),2.24,1.31,-0.31
193.519,1,Wall_3mx20cm_Wood_Panels (2),2.24,1.31,-0.31
193.547,1,Wall_3mx20cm_Wood_Panels (2),2.25,1.30,-0.31
193.589,1,Wall_3mx20cm_Wood_Panels (2),2.25,1.30,-0.31
193.617,1,Wall_3mx20cm_Wood_Panels (2),2.26,1.29,-0.31
193.661,1,Wall_3mx20cm_Wood_Panels (2),2.26,1.29,-0.31
193.687,1,Wall_3mx20cm_Wood_Panels (2),2.27,1.29,-0.31
193.715,1,Wall_3mx20cm_Wood_Panels (2),2.27,1.29,-0.31
193.756,1,Wall_3mx20cm_Wood_Panels (2),2.26,1.29,-0.31
193.784,1,Wall_3mx20cm_Wood_Panels (2),2.26,1.30,-0.31
193.826,1,Wall_3mx20cm_Wood_Panels (2),2.25,1.30,-0.31
193.854,1,Wall_3mx20cm_Wood_Panels (2),2.25,1.30,-0.31
193.882,1,Wall_3mx20cm_Wood_Panels (2),2.25,1.31,-0.31
193.923,1,Wall_3mx20cm_Wood_Panels (2),2.25,1.30,-0.31
193.951,1,Wall_3mx20cm_Wood_Panels (2),2.26,1.30,-0.31
193.993,1,Wall_3mx20cm_Wood_Panels (2),2.26,1.29,-0.31
194.021,1,Wall_3mx20cm_Wood_Panels (2),2.27,1.30,-0.31
194.048,1,Wall_3mx20cm_Wood_Panels (2),2.28,1.29,-0.31
194.090,1,Wall_3mx20cm_Wood_Panels (2),2.27,1.30,-0.31
194.118,1,Wall_3mx20cm_Wood_Panels (2),2.28,1.29,-0.31
194.146,1,Wall_3mx20cm_Wood_Panels (2),2.28,1.30,-0.31
194.188,1,Wall_3mx20cm_Wood_Panels (2),2.26,1.31,-0.31
194.216,1,Wall_3mx20cm_Wood_Panels (2),2.25,1.32,-0.31
194.257,1,Wall_3mx20cm_Wood_Panels (2),2.24,1.33,-0.31
194.286,1,Wall_3mx20cm_Wood_Panels (2),2.23,1.34,-0.31
194.314,1,Wall_3mx20cm_Wood_Panels (2),2.22,1.33,-0.31
194.355,1,Wall_3mx20cm_Wood_Panels (2),2.22,1.33,-0.31
194.382,1,Wall_3mx20cm_Wood_Panels (2),2.21,1.34,-0.31
194.425,1,Wall_3mx20cm_Wood_Panels (2),2.21,1.34,-0.31
194.452,1,Wall_3mx20cm_Wood_Panels (2),2.21,1.34,-0.31
194.480,1,Wall_3mx20cm_Wood_Panels (2),2.21,1.33,-0.31
194.523,1,Wall_3mx20cm_Wood_Panels (2),2.22,1.33,-0.31
194.551,1,Wall_3mx20cm_Wood_Panels (2),2.22,1.33,-0.31
194.591,1,Wall_3mx20cm_Wood_Panels (2),2.22,1.33,-0.31
194.619,1,Wall_3mx20cm_Wood_Panels (2),2.22,1.33,-0.31
194.647,1,Wall_3mx20cm_Wood_Panels (2),2.22,1.33,-0.31
194.689,1,Wall_3mx20cm_Wood_Panels (2),2.21,1.33,-0.31
194.716,1,Wall_3mx20cm_Wood_Panels (2),2.21,1.33,-0.31
194.760,1,Wall_3mx20cm_Wood_Panels (2),2.22,1.34,-0.31
194.786,1,Wall_3mx20cm_Wood_Panels (2),2.22,1.34,-0.31
194.814,1,Wall_3mx20cm_Wood_Panels (2),2.22,1.34,-0.31
194.856,1,Wall_3mx20cm_Wood_Panels (2),2.21,1.34,-0.31
194.884,1,Wall_3mx20cm_Wood_Panels (2),2.20,1.35,-0.31
194.925,1,Wall_3mx20cm_Wood_Panels (2),2.21,1.35,-0.31
194.954,1,Wall_3mx20cm_Wood_Panels (2),2.21,1.34,-0.31
194.981,1,Wall_3mx20cm_Wood_Panels (2),2.21,1.34,-0.31
195.023,1,Wall_3mx20cm_Wood_Panels (2),2.21,1.34,-0.31
195.052,1,Wall_3mx20cm_Wood_Panels (2),2.20,1.35,-0.31
195.080,1,Wall_3mx20cm_Wood_Panels (2),2.20,1.35,-0.31
195.122,1,Wall_3mx20cm_Wood_Panels (2),2.20,1.35,-0.31
195.148,1,Wall_3mx20cm_Wood_Panels (2),2.20,1.35,-0.31
195.191,1,Wall_3mx20cm_Wood_Panels (2),2.21,1.35,-0.31
195.218,1,Wall_3mx20cm_Wood_Panels (2),2.21,1.36,-0.31
195.260,1,Wall_3mx20cm_Wood_Panels (2),2.22,1.35,-0.31
195.288,1,Wall_3mx20cm_Wood_Panels (2),2.22,1.35,-0.31
195.315,1,Wall_3mx20cm_Wood_Panels (2),2.22,1.35,-0.31
195.357,1,Wall_3mx20cm_Wood_Panels (2),2.22,1.35,-0.31
195.385,1,Wall_3mx20cm_Wood_Panels (2),2.22,1.35,-0.31
195.427,1,Wall_3mx20cm_Wood_Panels (2),2.21,1.35,-0.31
195.455,1,Wall_3mx20cm_Wood_Panels (2),2.21,1.35,-0.31
195.482,1,Wall_3mx20cm_Wood_Panels (2),2.21,1.36,-0.31
195.524,1,Wall_3mx20cm_Wood_Panels (2),2.21,1.36,-0.31
195.552,1,Wall_3mx20cm_Wood_Panels (2),2.21,1.37,-0.31
195.580,1,Wall_3mx20cm_Wood_Panels (2),2.21,1.37,-0.31
195.622,1,Wall_3mx20cm_Wood_Panels (2),2.21,1.37,-0.31
195.650,1,Wall_3mx20cm_Wood_Panels (2),2.22,1.37,-0.31
195.692,1,Wall_3mx20cm_Wood_Panels (2),2.22,1.37,-0.31
195.720,1,Wall_3mx20cm_Wood_Panels (2),2.22,1.37,-0.31
195.747,1,Wall_3mx20cm_Wood_Panels (2),2.22,1.37,-0.31
195.789,1,Wall_3mx20cm_Wood_Panels (2),2.21,1.38,-0.31
195.817,1,Wall_3mx20cm_Wood_Panels (2),2.22,1.38,-0.31
195.859,1,Wall_3mx20cm_Wood_Panels (2),2.21,1.38,-0.31
195.887,1,Wall_3mx20cm_Wood_Panels (2),2.22,1.38,-0.31
195.914,1,Wall_3mx20cm_Wood_Panels (2),2.21,1.38,-0.31
195.956,1,Wall_3mx20cm_Wood_Panels (2),2.20,1.39,-0.31
195.984,1,Wall_3mx20cm_Wood_Panels (2),2.19,1.39,-0.31
196.026,1,Wall_3mx20cm_Wood_Panels (2),2.18,1.39,-0.31
196.054,1,Wall_3mx20cm_Wood_Panels (2),2.18,1.39,-0.31
196.082,1,Wall_3mx20cm_Wood_Panels (2),2.19,1.39,-0.31
196.123,1,Wall_3mx20cm_Wood_Panels (2),2.20,1.38,-0.31
196.151,1,Wall_3mx20cm_Wood_Panels (2),2.21,1.38,-0.31
196.193,1,Wall_3mx20cm_Wood_Panels (2),2.22,1.37,-0.31
196.221,1,Wall_3mx20cm_Wood_Panels (2),2.23,1.37,-0.31
196.248,1,Wall_3mx20cm_Wood_Panels (2),2.23,1.36,-0.31
196.290,1,Wall_3mx20cm_Wood_Panels (2),2.23,1.36,-0.31
196.318,1,Wall_3mx20cm_Wood_Panels (2),2.23,1.36,-0.31
196.347,1,Wall_3mx20cm_Wood_Panels (2),2.23,1.36,-0.31
196.388,1,Wall_3mx20cm_Wood_Panels (2),2.23,1.36,-0.31
196.415,1,Wall_3mx20cm_Wood_Panels (2),2.24,1.36,-0.31
196.457,1,Wall_3mx20cm_Wood_Panels (2),2.25,1.35,-0.31
196.485,1,Wall_3mx20cm_Wood_Panels (2),2.25,1.35,-0.31
196.527,1,Wall_3mx20cm_Wood_Panels (2),2.26,1.35,-0.31
196.555,1,Wall_3mx20cm_Wood_Panels (2),2.27,1.35,-0.31
196.583,1,Wall_3mx20cm_Wood_Panels (2),2.26,1.35,-0.31
196.625,1,Wall_3mx20cm_Wood_Panels (2),2.26,1.35,-0.31
196.653,1,Wall_3mx20cm_Wood_Panels (2),2.26,1.35,-0.31
196.695,1,Wall_3mx20cm_Wood_Panels (2),2.26,1.37,-0.31
196.722,1,Wall_3mx20cm_Wood_Panels (2),2.27,1.35,-0.31
196.750,1,Wall_3mx20cm_Wood_Panels (2),2.27,1.35,-0.31
196.792,1,Wall_3mx20cm_Wood_Panels (2),2.28,1.34,-0.31
196.819,1,Wall_3mx20cm_Wood_Panels (2),2.28,1.34,-0.31
196.847,1,Wall_3mx20cm_Wood_Panels (2),2.28,1.35,-0.31
196.889,1,Wall_3mx20cm_Wood_Panels (2),2.28,1.35,-0.31
196.917,1,Wall_3mx20cm_Wood_Panels (2),2.28,1.36,-0.31
196.959,1,Wall_3mx20cm_Wood_Panels (2),2.27,1.36,-0.31
196.986,1,Wall_3mx20cm_Wood_Panels (2),2.28,1.36,-0.31
197.014,1,Wall_3mx20cm_Wood_Panels (2),2.28,1.36,-0.31
197.056,1,Wall_3mx20cm_Wood_Panels (2),2.28,1.36,-0.31
197.084,1,Wall_3mx20cm_Wood_Panels (2),2.30,1.36,-0.31
197.126,1,Wall_3mx20cm_Wood_Panels (2),2.31,1.35,-0.31
197.153,1,Wall_3mx20cm_Wood_Panels (2),2.31,1.35,-0.31
197.181,1,Wall_3mx20cm_Wood_Panels (2),2.30,1.35,-0.31
197.223,1,Wall_3mx20cm_Wood_Panels (2),2.30,1.35,-0.31
197.251,1,Wall_3mx20cm_Wood_Panels (2),2.30,1.34,-0.31
197.293,1,Wall_3mx20cm_Wood_Panels (2),2.30,1.34,-0.31
197.321,1,Wall_3mx20cm_Wood_Panels (2),2.31,1.34,-0.31
197.349,1,Wall_3mx20cm_Wood_Panels (2),2.30,1.35,-0.31
197.390,1,Wall_3mx20cm_Wood_Panels (2),2.30,1.36,-0.31
197.418,1,Wall_3mx20cm_Wood_Panels (2),2.29,1.37,-0.31
197.460,1,Wall_3mx20cm_Wood_Panels (2),2.29,1.37,-0.31
197.488,1,Wall_3mx20cm_Wood_Panels (2),2.29,1.37,-0.31
197.516,1,Wall_3mx20cm_Wood_Panels (2),2.29,1.37,-0.31
197.557,1,Wall_3mx20cm_Wood_Panels (2),2.29,1.38,-0.31
197.586,1,Wall_3mx20cm_Wood_Panels (2),2.30,1.38,-0.31
197.614,1,Wall_3mx20cm_Wood_Panels (2),2.30,1.38,-0.31
197.655,1,Wall_3mx20cm_Wood_Panels (2),2.31,1.37,-0.31
197.682,1,Wall_3mx20cm_Wood_Panels (2),2.31,1.38,-0.31
197.724,1,Wall_3mx20cm_Wood_Panels (2),2.31,1.39,-0.31
197.752,1,Wall_3mx20cm_Wood_Panels (2),2.30,1.40,-0.31
197.780,1,Wall_3mx20cm_Wood_Panels (2),2.30,1.40,-0.31
197.822,1,Wall_3mx20cm_Wood_Panels (2),2.30,1.40,-0.31
197.850,1,Wall_3mx20cm_Wood_Panels (2),2.30,1.40,-0.31
197.892,1,Wall_3mx20cm_Wood_Panels (2),2.32,1.40,-0.31
197.919,1,Wall_3mx20cm_Wood_Panels (2),2.32,1.39,-0.31
197.947,1,Wall_3mx20cm_Wood_Panels (2),2.33,1.39,-0.31
197.989,1,Wall_3mx20cm_Wood_Panels (2),2.33,1.39,-0.31
198.017,1,Wall_3mx20cm_Wood_Panels (2),2.33,1.39,-0.31
198.058,1,Wall_3mx20cm_Wood_Panels (2),2.32,1.39,-0.31
198.086,1,Wall_3mx20cm_Wood_Panels (2),2.33,1.39,-0.31
198.114,1,Wall_3mx20cm_Wood_Panels (2),2.32,1.39,-0.31
198.156,1,Wall_3mx20cm_Wood_Panels (2),2.32,1.39,-0.31
198.184,1,Wall_3mx20cm_Wood_Panels (2),2.32,1.39,-0.31
198.225,1,Wall_3mx20cm_Wood_Panels (2),2.32,1.40,-0.31
198.253,1,Wall_3mx20cm_Wood_Panels (2),2.32,1.40,-0.31
198.281,1,Wall_3mx20cm_Wood_Panels (2),2.32,1.40,-0.31
198.323,1,Wall_3mx20cm_Wood_Panels (2),2.32,1.40,-0.31
198.351,1,Wall_3mx20cm_Wood_Panels (2),2.32,1.40,-0.31
198.392,1,Wall_3mx20cm_Wood_Panels (2),2.32,1.40,-0.31
198.420,1,Wall_3mx20cm_Wood_Panels (2),2.31,1.41,-0.31
198.449,1,Wall_3mx20cm_Wood_Panels (2),2.31,1.42,-0.31
198.491,1,Wall_3mx20cm_Wood_Panels (2),2.31,1.41,-0.31
198.518,1,Wall_3mx20cm_Wood_Panels (2),2.32,1.41,-0.31
198.560,1,Wall_3mx20cm_Wood_Panels (2),2.33,1.40,-0.31
198.588,1,Wall_3mx20cm_Wood_Panels (2),2.32,1.41,-0.31
198.616,1,Wall_3mx20cm_Wood_Panels (2),2.31,1.41,-0.31
198.658,1,Wall_3mx20cm_Wood_Panels (2),2.31,1.42,-0.31
198.685,1,Wall_3mx20cm_Wood_Panels (2),2.30,1.42,-0.31
198.728,1,Wall_3mx20cm_Wood_Panels (2),2.31,1.43,-0.31
198.756,1,Wall_3mx20cm_Wood_Panels (2),2.32,1.42,-0.31
198.785,1,Wall_3mx20cm_Wood_Panels (2),2.32,1.42,-0.31
198.825,1,Wall_3mx20cm_Wood_Panels (2),2.33,1.41,-0.31
198.852,1,Wall_3mx20cm_Wood_Panels (2),2.33,1.41,-0.31
198.894,1,Wall_3mx20cm_Wood_Panels (2),2.34,1.40,-0.31
198.921,1,Wall_3mx20cm_Wood_Panels (2),2.34,1.40,-0.31
198.950,1,Wall_3mx20cm_Wood_Panels (2),2.34,1.39,-0.31
198.992,1,Wall_3mx20cm_Wood_Panels (2),2.34,1.39,-0.31
199.019,1,Wall_3mx20cm_Wood_Panels (2),2.34,1.39,-0.31
199.061,1,Wall_3mx20cm_Wood_Panels (2),2.34,1.39,-0.31
199.090,1,Wall_3mx20cm_Wood_Panels (2),2.34,1.40,-0.31
199.117,1,Wall_3mx20cm_Wood_Panels (2),2.34,1.40,-0.31
199.160,1,Wall_3mx20cm_Wood_Panels (2),2.34,1.40,-0.31
199.186,1,Wall_3mx20cm_Wood_Panels (2),2.34,1.40,-0.31
199.227,1,Wall_3mx20cm_Wood_Panels (2),2.35,1.40,-0.31
199.256,1,Wall_3mx20cm_Wood_Panels (2),2.35,1.40,-0.31
199.284,1,Wall_3mx20cm_Wood_Panels (2),2.35,1.40,-0.31
199.326,1,Wall_3mx20cm_Wood_Panels (2),2.34,1.41,-0.31
199.353,1,Wall_3mx20cm_Wood_Panels (2),2.35,1.41,-0.31
199.380,1,Wall_3mx20cm_Wood_Panels (2),2.35,1.41,-0.31
199.423,1,Wall_3mx20cm_Wood_Panels (2),2.36,1.41,-0.31
199.450,1,Wall_3mx20cm_Wood_Panels (2),2.36,1.41,-0.31
199.492,1,Wall_3mx20cm_Wood_Panels (2),2.35,1.42,-0.31
199.520,1,Wall_3mx20cm_Wood_Panels (2),2.34,1.42,-0.31
199.548,1,Wall_3mx20cm_Wood_Panels (2),2.34,1.43,-0.31
199.590,1,Wall_3mx20cm_Wood_Panels (2),2.34,1.42,-0.31
199.617,1,Wall_3mx20cm_Wood_Panels (2),2.34,1.41,-0.31
199.659,1,Wall_3mx20cm_Wood_Panels (2),2.34,1.41,-0.31
199.687,1,Wall_3mx20cm_Wood_Panels (2),2.35,1.41,-0.31
199.715,1,Wall_3mx20cm_Wood_Panels (2),2.35,1.40,-0.31
199.757,1,Wall_3mx20cm_Wood_Panels (2),2.35,1.40,-0.31
199.785,1,Wall_3mx20cm_Wood_Panels (2),2.34,1.39,-0.31
199.826,1,Wall_3mx20cm_Wood_Panels (2),2.34,1.39,-0.31
199.854,1,Wall_3mx20cm_Wood_Panels (2),2.34,1.39,-0.31
199.882,1,Wall_3mx20cm_Wood_Panels (2),2.34,1.39,-0.31
199.923,1,Wall_3mx20cm_Wood_Panels (2),2.34,1.39,-0.31
199.951,1,Wall_3mx20cm_Wood_Panels (2),2.34,1.39,-0.31
199.994,1,Wall_3mx20cm_Wood_Panels (2),2.34,1.40,-0.31
200.021,1,Wall_3mx20cm_Wood_Panels (2),2.34,1.41,-0.31
200.049,1,Wall_3mx20cm_Wood_Panels (2),2.34,1.41,-0.31
200.091,1,Wall_3mx20cm_Wood_Panels (2),2.34,1.41,-0.31
200.118,1,Wall_3mx20cm_Wood_Panels (2),2.35,1.41,-0.31
200.161,1,Wall_3mx20cm_Wood_Panels (2),2.35,1.40,-0.31
200.189,1,Wall_3mx20cm_Wood_Panels (2),2.35,1.40,-0.31
200.216,1,Wall_3mx20cm_Wood_Panels (2),2.34,1.41,-0.31
200.258,1,Wall_3mx20cm_Wood_Panels (2),2.35,1.40,-0.31
200.286,1,Wall_3mx20cm_Wood_Panels (2),2.34,1.40,-0.31
200.328,1,Wall_3mx20cm_Wood_Panels (2),2.36,1.39,-0.31
200.355,1,Wall_3mx20cm_Wood_Panels (2),2.36,1.39,-0.31
200.383,1,Wall_3mx20cm_Wood_Panels (2),2.35,1.40,-0.31
200.425,1,Wall_3mx20cm_Wood_Panels (2),2.35,1.40,-0.31
200.453,1,Wall_3mx20cm_Wood_Panels (2),2.35,1.40,-0.31
200.495,1,Wall_3mx20cm_Wood_Panels (2),2.35,1.40,-0.31
200.522,1,Wall_3mx20cm_Wood_Panels (2),2.36,1.39,-0.31
200.550,1,Wall_3mx20cm_Wood_Panels (2),2.36,1.39,-0.31
200.592,1,Wall_3mx20cm_Wood_Panels (2),2.37,1.38,-0.31
200.620,1,Wall_3mx20cm_Wood_Panels (2),2.38,1.37,-0.31
200.648,1,Wall_3mx20cm_Wood_Panels (2),2.38,1.37,-0.31
200.690,1,Wall_3mx20cm_Wood_Panels (2),2.38,1.36,-0.31
200.718,1,Wall_3mx20cm_Wood_Panels (2),2.39,1.36,-0.31
200.760,1,Wall_3mx20cm_Wood_Panels (2),2.39,1.35,-0.31
200.788,1,Wall_3mx20cm_Wood_Panels (2),2.39,1.34,-0.31
200.815,1,Wall_3mx20cm_Wood_Panels (2),2.39,1.34,-0.31
200.857,1,Wall_3mx20cm_Wood_Panels (2),2.39,1.33,-0.31
200.884,1,Wall_3mx20cm_Wood_Panels (2),2.39,1.33,-0.31
200.926,1,Wall_3mx20cm_Wood_Panels (2),2.39,1.33,-0.31
200.954,1,Wall_3mx20cm_Wood_Panels (2),2.39,1.33,-0.31
200.982,1,Wall_3mx20cm_Wood_Panels (2),2.39,1.32,-0.31
201.024,1,Wall_3mx20cm_Wood_Panels (2),2.40,1.32,-0.31
201.051,1,Wall_3mx20cm_Wood_Panels (2),2.41,1.32,-0.31
201.093,1,Wall_3mx20cm_Wood_Panels (2),2.42,1.32,-0.31
201.122,1,Wall_3mx20cm_Wood_Panels (2),2.43,1.31,-0.31
201.149,1,Wall_3mx20cm_Wood_Panels (2),2.44,1.31,-0.31
201.191,1,Wall_3mx20cm_Wood_Panels (2),2.43,1.32,-0.31
201.218,1,Wall_3mx20cm_Wood_Panels (2),2.43,1.32,-0.31
201.261,1,Wall_3mx20cm_Wood_Panels (2),2.42,1.33,-0.31
201.289,1,Wall_3mx20cm_Wood_Panels (2),2.42,1.33,-0.31
201.317,1,Wall_3mx20cm_Wood_Panels (2),2.42,1.33,-0.31
201.359,1,Wall_3mx20cm_Wood_Panels (2),2.43,1.33,-0.31
201.386,1,Wall_3mx20cm_Wood_Panels (2),2.43,1.33,-0.31
201.428,1,Wall_3mx20cm_Wood_Panels (2),2.43,1.33,-0.31
201.455,1,Wall_3mx20cm_Wood_Panels (2),2.44,1.33,-0.31
201.483,1,Wall_3mx20cm_Wood_Panels (2),2.44,1.33,-0.31
201.525,1,Wall_3mx20cm_Wood_Panels (2),2.44,1.33,-0.31
201.553,1,Wall_3mx20cm_Wood_Panels (2),2.44,1.33,-0.31
201.581,1,Wall_3mx20cm_Wood_Panels (2),2.44,1.33,-0.31
201.623,1,Wall_3mx20cm_Wood_Panels (2),2.43,1.32,-0.31
201.651,1,Wall_3mx20cm_Wood_Panels (2),2.43,1.32,-0.31
201.692,1,Wall_3mx20cm_Wood_Panels (2),2.42,1.33,-0.31
201.720,1,Wall_3mx20cm_Wood_Panels (2),2.42,1.33,-0.31
201.748,1,Wall_3mx20cm_Wood_Panels (2),2.41,1.33,-0.31
201.790,1,Wall_3mx20cm_Wood_Panels (2),2.41,1.34,-0.31
201.818,1,Wall_3mx20cm_Wood_Panels (2),2.41,1.34,-0.31
201.860,1,Wall_3mx20cm_Wood_Panels (2),2.42,1.34,-0.31
201.887,1,Wall_3mx20cm_Wood_Panels (2),2.43,1.34,-0.31
201.915,1,Wall_3mx20cm_Wood_Panels (2),2.43,1.33,-0.31
201.957,1,Wall_3mx20cm_Wood_Panels (2),2.43,1.34,-0.31
201.985,1,Wall_3mx20cm_Wood_Panels (2),2.43,1.34,-0.31
202.026,1,Wall_3mx20cm_Wood_Panels (2),2.42,1.34,-0.31
202.054,1,Wall_3mx20cm_Wood_Panels (2),2.43,1.34,-0.31
202.082,1,Wall_3mx20cm_Wood_Panels (2),2.43,1.33,-0.31
202.123,1,Wall_3mx20cm_Wood_Panels (2),2.43,1.34,-0.31
202.151,1,Wall_3mx20cm_Wood_Panels (2),2.44,1.34,-0.31
202.193,1,Wall_3mx20cm_Wood_Panels (2),2.45,1.33,-0.31
202.221,1,Wall_3mx20cm_Wood_Panels (2),2.46,1.33,-0.31
202.248,1,Wall_3mx20cm_Wood_Panels (2),2.47,1.32,-0.31
202.290,1,Wall_3mx20cm_Wood_Panels (2),2.49,1.31,-0.31
202.318,1,Wall_3mx20cm_Wood_Panels (2),2.50,1.31,-0.31
202.360,1,Wall_3mx20cm_Wood_Panels (2),2.50,1.30,-0.31
202.388,1,Wall_3mx20cm_Wood_Panels (2),2.50,1.30,-0.31
202.417,1,Wall_3mx20cm_Wood_Panels (2),2.50,1.29,-0.31
202.458,1,Wall_3mx20cm_Wood_Panels (2),2.50,1.29,-0.31
202.485,1,Wall_3mx20cm_Wood_Panels (2),2.50,1.29,-0.31
202.527,1,Wall_3mx20cm_Wood_Panels (2),2.50,1.29,-0.31
202.554,1,Wall_3mx20cm_Wood_Panels (2),2.49,1.29,-0.31
202.582,1,Wall_3mx20cm_Wood_Panels (2),2.49,1.30,-0.31
202.624,1,Wall_3mx20cm_Wood_Panels (2),2.49,1.30,-0.31
202.652,1,Wall_3mx20cm_Wood_Panels (2),2.49,1.30,-0.31
202.694,1,Wall_3mx20cm_Wood_Panels (2),2.50,1.31,-0.31
202.722,1,Wall_3mx20cm_Wood_Panels (2),2.50,1.31,-0.31
202.750,1,Wall_3mx20cm_Wood_Panels (2),2.50,1.31,-0.31
202.792,1,Wall_3mx20cm_Wood_Panels (2),2.51,1.31,-0.31
202.820,1,Wall_3mx20cm_Wood_Panels (2),2.50,1.32,-0.31
202.861,1,Wall_3mx20cm_Wood_Panels (2),2.50,1.32,-0.31
202.889,1,Wall_3mx20cm_Wood_Panels (2),2.50,1.32,-0.31
202.917,1,Wall_3mx20cm_Wood_Panels (2),2.50,1.31,-0.31
202.959,1,Wall_3mx20cm_Wood_Panels (2),2.51,1.31,-0.31
202.987,1,Wall_3mx20cm_Wood_Panels (2),2.51,1.31,-0.31
203.015,1,Wall_3mx20cm_Wood_Panels (2),2.51,1.32,-0.31
203.057,1,Wall_3mx20cm_Wood_Panels (2),2.50,1.32,-0.31
203.084,1,Wall_3mx20cm_Wood_Panels (2),2.50,1.32,-0.31
203.126,1,Wall_3mx20cm_Wood_Panels (2),2.52,1.31,-0.31
203.154,1,Wall_3mx20cm_Wood_Panels (2),2.52,1.31,-0.31
203.182,1,Wall_3mx20cm_Wood_Panels (2),2.53,1.30,-0.31
203.223,1,Wall_3mx20cm_Wood_Panels (2),2.53,1.30,-0.31
203.252,1,Wall_3mx20cm_Wood_Panels (2),2.53,1.29,-0.31
203.293,1,Wall_3mx20cm_Wood_Panels (2),2.53,1.29,-0.31
203.321,1,Wall_3mx20cm_Wood_Panels (2),2.53,1.29,-0.31
203.348,1,Wall_3mx20cm_Wood_Panels (2),2.53,1.29,-0.31
203.391,1,Wall_3mx20cm_Wood_Panels (2),2.53,1.29,-0.31
203.418,1,Wall_3mx20cm_Wood_Panels (2),2.53,1.29,-0.31
203.460,1,Wall_3mx20cm_Wood_Panels (2),2.53,1.29,-0.31
203.488,1,Wall_3mx20cm_Wood_Panels (2),2.53,1.30,-0.31
203.516,1,Wall_3mx20cm_Wood_Panels (2),2.54,1.30,-0.31
203.558,1,Wall_3mx20cm_Wood_Panels (2),2.54,1.32,-0.31
203.585,1,Wall_3mx20cm_Wood_Panels (2),2.54,1.32,-0.31
203.628,1,Wall_3mx20cm_Wood_Panels (2),2.56,1.31,-0.31
203.655,1,Wall_3mx20cm_Wood_Panels (2),2.58,1.31,-0.31
203.683,1,Wall_3mx20cm_Wood_Panels (2),2.61,1.30,-0.31
203.725,1,Wall_3mx20cm_Wood_Panels (2),2.67,1.27,-0.31
203.753,1,Wall_3mx20cm_Wood_Panels (2),2.72,1.25,-0.31
203.795,1,Wall_3mx20cm_Wood_Panels (2),2.75,1.22,-0.31
203.822,1,Wall_3mx20cm_Wood_Panels (2),2.75,1.21,-0.31
203.850,1,Wall_3mx20cm_Wood_Panels (2),2.73,1.21,-0.31
203.892,1,Wall_3mx20cm_Wood_Panels (2),2.68,1.23,-0.31
203.920,1,Wall_3mx20cm_Wood_Panels (2),2.64,1.24,-0.31
203.961,1,Wall_3mx20cm_Wood_Panels (2),2.59,1.30,-0.31
203.989,1,Wall_3mx20cm_Wood_Panels (2),2.57,1.34,-0.31
204.017,1,Wall_3mx20cm_Wood_Panels (2),2.58,1.36,-0.31
204.059,1,Wall_3mx20cm_Wood_Panels (2),2.62,1.35,-0.31
204.088,1,Wall_3mx20cm_Wood_Panels (2),2.66,1.33,-0.31
204.115,1,Wall_3mx20cm_Wood_Panels (2),2.72,1.30,-0.31
204.156,1,Wall_3mx20cm_Wood_Panels (2),2.81,1.24,-0.31
204.184,1,Wall_3mx20cm_Wood_Panels (2),2.86,1.20,-0.31
204.226,1,Wall_3mx20cm_Wood_Panels (2),2.91,1.14,-0.31
204.253,1,Wall_3mx20cm_Wood_Panels (2),2.94,1.12,-0.31
204.282,1,Wall_3mx20cm_Wood_Panels (2),2.95,1.10,-0.31
204.324,1,Wall_3mx20cm_Wood_Panels (2),2.96,1.08,-0.31
204.351,1,Wall_3mx20cm_Wood_Panels (2),2.97,1.08,-0.31
204.393,1,Wall_3mx20cm_Wood_Panels (2),2.98,1.09,-0.31
204.421,1,Wall_3mx20cm_Wood_Panels (2),2.98,1.09,-0.31
204.449,1,Wall_3mx20cm_Wood_Panels (2),3.00,1.08,-0.31
204.491,1,Wall_3mx20cm_Wood_Panels (2),3.01,1.08,-0.31
204.518,1,Wall_3mx20cm_Wood_Panels (2),3.02,1.07,-0.31
204.561,1,Wall_3mx20cm_Wood_Panels (2),3.04,1.07,-0.31
204.588,1,Wall_3mx20cm_Wood_Panels (2),3.04,1.07,-0.31
204.616,1,Wall_3mx20cm_Wood_Panels (2),3.05,1.06,-0.31
204.658,1,Wall_3mx20cm_Wood_Panels (2),3.06,1.05,-0.31
204.687,1,Wall_3mx20cm_Wood_Panels (2),3.07,1.04,-0.31
204.727,1,Wall_3mx20cm_Wood_Panels (2),3.07,1.05,-0.31
204.755,1,Wall_3mx20cm_Wood_Panels (2),3.04,1.06,-0.31
204.783,1,Wall_3mx20cm_Wood_Panels (2),3.03,1.07,-0.31
204.824,1,Wall_3mx20cm_Wood_Panels (2),3.04,1.08,-0.31
204.852,1,Wall_3mx20cm_Wood_Panels (2),3.07,1.07,-0.31
204.895,1,Wall_3mx20cm_Wood_Panels (2),3.12,1.05,-0.31
204.922,1,Wall_3mx20cm_Wood_Panels (2),3.14,1.04,-0.31
204.950,1,Wall_3mx20cm_Wood_Panels (2),3.18,1.02,-0.31
204.991,1,Wall_3mx20cm_Wood_Panels (2),3.21,1.01,-0.31
205.019,1,Wall_3mx20cm_Wood_Panels (2),3.22,1.01,-0.31
205.061,1,Wall_3mx20cm_Wood_Panels (2),3.21,1.02,-0.31
205.089,1,Wall_3mx20cm_Wood_Panels (2),3.20,1.03,-0.31
205.117,1,Wall_3mx20cm_Wood_Panels (2),3.18,1.05,-0.31
205.159,1,Wall_3mx20cm_Wood_Panels (2),3.18,1.06,-0.31
205.186,1,Wall_3mx20cm_Wood_Panels (2),3.18,1.07,-0.31
205.228,1,Wall_3mx20cm_Wood_Panels (2),3.21,1.06,-0.31
205.258,1,Wall_3mx20cm_Wood_Panels (2),3.24,1.04,-0.31
205.283,1,Wall_3mx20cm_Wood_Panels (2),3.26,1.02,-0.31
205.326,1,Wall_3mx20cm_Wood_Panels (2),3.31,0.99,-0.31
205.353,1,Wall_3mx20cm_Wood_Panels (2),3.32,0.97,-0.31
205.395,1,Wall_3mx20cm_Wood_Panels (2),3.34,0.96,-0.31
205.422,1,Wall_3mx20cm_Wood_Panels (2),3.34,0.95,-0.31
205.451,1,Wall_3mx20cm_Wood_Panels (2),3.33,0.96,-0.31
205.492,1,Wall_3mx20cm_Wood_Panels (2),3.31,0.97,-0.31
205.521,1,Wall_3mx20cm_Wood_Panels (2),3.29,0.98,-0.31
205.562,1,Wall_3mx20cm_Wood_Panels (2),3.28,1.00,-0.31
205.590,1,Wall_3mx20cm_Wood_Panels (2),3.28,1.00,-0.31
205.619,1,Wall_3mx20cm_Wood_Panels (2),3.28,1.01,-0.31
205.660,1,Wall_3mx20cm_Wood_Panels (2),3.31,0.99,-0.31
205.688,1,Wall_3mx20cm_Wood_Panels (2),3.33,0.97,-0.31
205.717,1,Wall_3mx20cm_Wood_Panels (2),3.34,0.95,-0.31
205.758,1,Wall_3mx20cm_Wood_Panels (2),3.37,0.92,-0.31
205.784,1,Wall_3mx20cm_Wood_Panels (2),3.38,0.92,-0.31
205.827,1,Wall_3mx20cm_Wood_Panels (2),3.40,0.95,-0.31
205.854,1,Wall_3mx20cm_Wood_Panels (2),3.40,0.96,-0.31
205.882,1,Wall_3mx20cm_Wood_Panels (2),3.40,0.97,-0.31
205.923,1,Wall_3mx20cm_Wood_Panels (2),3.40,1.00,-0.31
205.951,1,Wall_3mx20cm_Wood_Panels (2),3.41,1.01,-0.31
205.994,1,Wall_3mx20cm_Wood_Panels (2),3.44,1.03,-0.31
206.021,1,Wall_3mx20cm_Wood_Panels (2),3.47,1.03,-0.31
206.048,1,Wall_3mx20cm_Wood_Panels (2),3.54,1.02,-0.31
206.091,1,Wall_3mx20cm_Wood_Panels (2),3.65,0.99,-0.31
206.118,1,Wall_3mx20cm_Wood_Panels (2),3.71,0.95,-0.31
206.161,1,Wall_3mx20cm_Wood_Panels (2),3.82,0.91,-0.31
206.188,1,Wall_3mx20cm_Wood_Panels (2),3.90,0.87,-0.31
206.216,1,Wall_3mx20cm_Wood_Panels (2),4.01,0.82,-0.31
206.258,1,Wall_3mx20cm_Wood_Panels (2),4.18,0.73,-0.31
206.286,1,Wall_3mx20cm_Wood_Panels (2),4.29,0.68,-0.31
206.330,1,Wall_3mx20cm_Wood_Panels (3),4.45,0.59,-0.31
206.356,1,Wall_3mx20cm_Wood_Panels (3),4.54,0.54,-0.31
206.384,1,Wall_3mx20cm_Wood_Panels (3),4.60,0.50,-0.31
206.425,1,Wall_3mx20cm_Wood_Panels (3),4.62,0.46,-0.31
206.453,1,Wall_3mx20cm_Wood_Panels (3),4.63,0.42,-0.31
206.495,1,Wall_3mx20cm_Wood_Panels (3),4.62,0.38,-0.31
206.524,1,Wall_3mx20cm_Wood_Panels (3),4.62,0.37,-0.31
206.552,1,Wall_3mx20cm_Wood_Panels (3),4.62,0.36,-0.31
206.593,1,Wall_3mx20cm_Wood_Panels (3),4.62,0.33,-0.31
206.621,1,Wall_3mx20cm_Wood_Panels (3),4.64,0.32,-0.31
206.663,1,Wall_3mx20cm_Wood_Panels (3),4.67,0.24,-0.31
206.689,1,Wall_3mx20cm_Wood_Panels (3),4.67,0.22,-0.31
206.717,1,Wall_3mx20cm_Wood_Panels (3),4.67,0.21,-0.31
206.758,1,Wall_3mx20cm_Wood_Panels (3),4.63,0.22,-0.31
206.786,1,Wall_3mx20cm_Wood_Panels (3),4.58,0.24,-0.31
206.829,1,Wall_3mx20cm_Wood_Panels (3),4.49,0.26,-0.31
206.857,1,Wall_3mx20cm_Wood_Panels (3),4.43,0.27,-0.31
206.884,1,Wall_3mx20cm_Wood_Panels (2),4.38,0.29,-0.31
206.926,1,Wall_3mx20cm_Wood_Panels (2),4.32,0.32,-0.31
206.954,1,Wall_3mx20cm_Wood_Panels (2),4.30,0.33,-0.31
206.996,1,Wall_3mx20cm_Wood_Panels (2),4.27,0.34,-0.31
207.023,1,Wall_3mx20cm_Wood_Panels (2),4.25,0.35,-0.31
207.051,1,Wall_3mx20cm_Wood_Panels (2),4.25,0.35,-0.31
207.093,1,Wall_3mx20cm_Wood_Panels (2),4.25,0.36,-0.31
207.121,1,Wall_3mx20cm_Wood_Panels (2),4.26,0.37,-0.31
207.163,1,Wall_3mx20cm_Wood_Panels (2),4.27,0.38,-0.31
207.190,1,Wall_3mx20cm_Wood_Panels (2),4.28,0.40,-0.31
207.218,1,Wall_3mx20cm_Wood_Panels (2),4.29,0.42,-0.31
207.261,1,Wall_3mx20cm_Wood_Panels (2),4.30,0.44,-0.31
207.287,1,Wall_3mx20cm_Wood_Panels (2),4.32,0.45,-0.31
207.316,1,Wall_3mx20cm_Wood_Panels (2),4.34,0.45,-0.31
207.357,1,Wall_3mx20cm_Wood_Panels (2),4.36,0.45,-0.31
207.386,1,Wall_3mx20cm_Wood_Panels (2),4.39,0.45,-0.31
207.427,1,Wall_3mx20cm_Wood_Panels (3),4.43,0.44,-0.31
207.455,1,Wall_3mx20cm_Wood_Panels (3),4.46,0.43,-0.31
207.484,1,Wall_3mx20cm_Wood_Panels (3),4.49,0.43,-0.31
207.525,1,Wall_3mx20cm_Wood_Panels (3),4.54,0.41,-0.31
207.553,1,Wall_3mx20cm_Wood_Panels (3),4.57,0.41,-0.31
207.595,1,Wall_3mx20cm_Wood_Panels (3),4.61,0.40,-0.31
207.623,1,Wall_3mx20cm_Wood_Panels (3),4.64,0.39,-0.31
207.650,1,Wall_3mx20cm_Wood_Panels (3),4.65,0.37,-0.31
207.692,1,Wall_3mx20cm_Wood_Panels (3),4.67,0.36,-0.31
207.720,1,Wall_3mx20cm_Wood_Panels (3),4.67,0.37,-0.31
207.761,1,Wall_3mx20cm_Wood_Panels (3),4.68,0.37,-0.31
207.790,1,Wall_3mx20cm_Wood_Panels (3),4.69,0.36,-0.31
207.818,1,Wall_3mx20cm_Wood_Panels (3),4.70,0.35,-0.31
207.859,1,Wall_3mx20cm_Wood_Panels (3),4.71,0.32,-0.31
207.887,1,Wall_3mx20cm_Wood_Panels (3),4.71,0.32,-0.31
207.929,1,Wall_3mx20cm_Wood_Panels (3),4.71,0.33,-0.31
207.957,1,Wall_3mx20cm_Wood_Panels (3),4.73,0.32,-0.31
207.985,1,Wall_3mx20cm_Wood_Panels (3),4.74,0.33,-0.31
208.026,1,Wall_3mx20cm_Wood_Panels (3),4.74,0.33,-0.31
208.054,1,Wall_3mx20cm_Wood_Panels (3),4.75,0.32,-0.31
208.096,1,Wall_3mx20cm_Wood_Panels (3),4.76,0.31,-0.31
208.123,1,Wall_3mx20cm_Wood_Panels (3),4.75,0.31,-0.31
208.152,1,Wall_3mx20cm_Wood_Panels (3),4.74,0.31,-0.31
208.194,1,Wall_3mx20cm_Wood_Panels (3),4.73,0.32,-0.31
208.221,1,Wall_3mx20cm_Wood_Panels (3),4.72,0.32,-0.31
208.263,1,Wall_3mx20cm_Wood_Panels (3),4.72,0.32,-0.31
208.291,1,Wall_3mx20cm_Wood_Panels (3),4.72,0.34,-0.31
208.319,1,Wall_3mx20cm_Wood_Panels (3),4.73,0.33,-0.31
208.360,1,Wall_3mx20cm_Wood_Panels (3),4.74,0.33,-0.31
208.388,1,Wall_3mx20cm_Wood_Panels (3),4.74,0.33,-0.31
208.416,1,Wall_3mx20cm_Wood_Panels (3),4.75,0.34,-0.31
208.458,1,Wall_3mx20cm_Wood_Panels (3),4.76,0.35,-0.31
208.486,1,Wall_3mx20cm_Wood_Panels (3),4.76,0.35,-0.31
208.526,1,Wall_3mx20cm_Wood_Panels (3),4.77,0.37,-0.31
208.554,1,Wall_3mx20cm_Wood_Panels (3),4.77,0.38,-0.31
208.583,1,Wall_3mx20cm_Wood_Panels (3),4.78,0.39,-0.31
208.624,1,Wall_3mx20cm_Wood_Panels (3),4.80,0.40,-0.31
208.652,1,Wall_3mx20cm_Wood_Panels (3),4.82,0.40,-0.31
208.695,1,Wall_3mx20cm_Wood_Panels (3),4.83,0.39,-0.31
208.722,1,Wall_3mx20cm_Wood_Panels (3),4.83,0.40,-0.31
208.750,1,Wall_3mx20cm_Wood_Panels (3),4.83,0.41,-0.31
208.792,1,Wall_3mx20cm_Wood_Panels (3),4.82,0.43,-0.31
208.819,1,Wall_3mx20cm_Wood_Panels (3),4.80,0.45,-0.31
208.862,1,Wall_3mx20cm_Wood_Panels (3),4.78,0.48,-0.31
208.889,1,Wall_3mx20cm_Wood_Panels (3),4.76,0.50,-0.31
208.917,1,Wall_3mx20cm_Wood_Panels (3),4.72,0.52,-0.31
208.959,1,Wall_3mx20cm_Wood_Panels (3),4.61,0.56,-0.31
208.987,1,Wall_3mx20cm_Wood_Panels (3),4.53,0.57,-0.31
209.029,1,Wall_3mx20cm_Wood_Panels (3),4.42,0.56,-0.31
209.057,1,Wall_3mx20cm_Wood_Panels (2),4.35,0.58,-0.31
209.085,1,Wall_3mx20cm_Wood_Panels (2),4.28,0.58,-0.31
209.126,1,Wall_3mx20cm_Wood_Panels (2),4.16,0.60,-0.31
209.153,1,Wall_3mx20cm_Wood_Panels (2),4.09,0.61,-0.31
209.183,1,Wall_3mx20cm_Wood_Panels (2),4.03,0.61,-0.31
209.223,1,Wall_3mx20cm_Wood_Panels (2),3.92,0.61,-0.31
209.251,1,Wall_3mx20cm_Wood_Panels (2),3.84,0.60,-0.31
209.294,1,Wall_3mx20cm_Wood_Panels (2),3.74,0.57,-0.31
209.322,1,Wall_3mx20cm_Wood_Panels (2),3.69,0.58,-0.31
209.350,1,Wall_3mx20cm_Wood_Panels (2),3.65,0.58,-0.31
209.390,1,Wall_3mx20cm_Wood_Panels (2),3.64,0.58,-0.31
209.419,1,Wall_3mx20cm_Wood_Panels (2),3.66,0.58,-0.31
209.460,1,Wall_3mx20cm_Wood_Panels (2),3.68,0.55,-0.31
209.488,1,Wall_3mx20cm_Wood_Panels (2),3.69,0.55,-0.31
209.516,1,Wall_3mx20cm_Wood_Panels (2),3.71,0.56,-0.31
209.558,1,Wall_3mx20cm_Wood_Panels (2),3.73,0.58,-0.31
209.586,1,Wall_3mx20cm_Wood_Panels (2),3.74,0.60,-0.31
209.627,1,Wall_3mx20cm_Wood_Panels (2),3.74,0.61,-0.31
209.655,1,Wall_3mx20cm_Wood_Panels (2),3.75,0.62,-0.31
209.685,1,Wall_3mx20cm_Wood_Panels (2),3.78,0.62,-0.31
209.725,1,Wall_3mx20cm_Wood_Panels (2),3.81,0.61,-0.31
209.752,1,Wall_3mx20cm_Wood_Panels (2),3.83,0.61,-0.31
209.795,1,Wall_3mx20cm_Wood_Panels (2),3.85,0.62,-0.31
209.862,1,Wall_3mx20cm_Wood_Panels (2),3.88,0.63,-0.31
209.862,1,Wall_3mx20cm_Wood_Panels (2),3.88,0.63,-0.31
209.891,1,Wall_3mx20cm_Wood_Panels (2),4.03,0.59,-0.31
209.920,1,Wall_3mx20cm_Wood_Panels (2),4.12,0.53,-0.31
209.961,1,Wall_3mx20cm_Wood_Panels (2),4.23,0.47,-0.31
209.990,1,Wall_3mx20cm_Wood_Panels (2),4.29,0.44,-0.31
210.017,1,Wall_3mx20cm_Wood_Panels (2),4.32,0.43,-0.31
210.059,1,Wall_3mx20cm_Wood_Panels (2),4.32,0.47,-0.31
210.086,1,Wall_3mx20cm_Wood_Panels (2),4.31,0.48,-0.31
210.145,1,Wall_3mx20cm_Wood_Panels (2),4.30,0.45,-0.31
210.157,1,Wall_3mx20cm_Wood_Panels (2),4.29,0.45,-0.31
210.184,1,Wall_3mx20cm_Wood_Panels (2),4.27,0.45,-0.31
210.226,1,Wall_3mx20cm_Wood_Panels (2),4.24,0.44,-0.31
210.255,1,Wall_3mx20cm_Wood_Panels (2),4.24,0.43,-0.31
210.295,1,Wall_3mx20cm_Wood_Panels (2),4.22,0.41,-0.31
210.324,1,Wall_3mx20cm_Wood_Panels (2),4.20,0.42,-0.31
210.352,1,Wall_3mx20cm_Wood_Panels (2),4.19,0.44,-0.31
210.393,1,Wall_3mx20cm_Wood_Panels (2),4.18,0.45,-0.31
210.421,1,Wall_3mx20cm_Wood_Panels (2),4.18,0.46,-0.31
210.463,1,Wall_3mx20cm_Wood_Panels (2),4.17,0.47,-0.31
210.490,1,Wall_3mx20cm_Wood_Panels (2),4.18,0.47,-0.31
210.518,1,Wall_3mx20cm_Wood_Panels (2),4.18,0.48,-0.31
210.560,1,Wall_3mx20cm_Wood_Panels (2),4.19,0.49,-0.31
210.588,1,Wall_3mx20cm_Wood_Panels (2),4.19,0.48,-0.31
210.630,1,Wall_3mx20cm_Wood_Panels (2),4.20,0.48,-0.31
210.657,1,Wall_3mx20cm_Wood_Panels (2),4.20,0.49,-0.31
210.686,1,Wall_3mx20cm_Wood_Panels (2),4.20,0.48,-0.31
210.727,1,Wall_3mx20cm_Wood_Panels (2),4.21,0.52,-0.31
210.755,1,Wall_3mx20cm_Wood_Panels (2),4.23,0.53,-0.31
210.783,1,Wall_3mx20cm_Wood_Panels (2),4.27,0.54,-0.31
210.825,1,Wall_3mx20cm_Wood_Panels (2),4.31,0.55,-0.31
210.852,1,Wall_3mx20cm_Wood_Panels (2),4.34,0.55,-0.31
210.895,1,Wall_3mx20cm_Wood_Panels (2),4.35,0.57,-0.31
210.922,1,Wall_3mx20cm_Wood_Panels (2),4.34,0.57,-0.31
210.950,1,Wall_3mx20cm_Wood_Panels (2),4.35,0.57,-0.31
210.992,1,Wall_3mx20cm_Wood_Panels (2),4.36,0.57,-0.31
211.020,1,Wall_3mx20cm_Wood_Panels (2),4.37,0.56,-0.31
211.061,1,Wall_3mx20cm_Wood_Panels (2),4.38,0.56,-0.31
211.090,1,Wall_3mx20cm_Wood_Panels (2),4.39,0.57,-0.31
211.117,1,Wall_3mx20cm_Wood_Panels (2),4.39,0.58,-0.31
211.158,1,Wall_3mx20cm_Wood_Panels (2),4.40,0.60,-0.31
211.187,1,Wall_3mx20cm_Wood_Panels (2),4.41,0.60,-0.31
211.228,1,Wall_3mx20cm_Wood_Panels (3),4.41,0.60,-0.31
211.256,1,Wall_3mx20cm_Wood_Panels (3),4.42,0.61,-0.31
211.284,1,Wall_3mx20cm_Wood_Panels (3),4.43,0.60,-0.31
211.326,1,Wall_3mx20cm_Wood_Panels (3),4.44,0.60,-0.31
211.353,1,Wall_3mx20cm_Wood_Panels (3),4.44,0.59,-0.31
211.383,1,Wall_3mx20cm_Wood_Panels (3),4.45,0.59,-0.31
211.426,1,Wall_3mx20cm_Wood_Panels (3),4.46,0.58,-0.31
211.452,1,Wall_3mx20cm_Wood_Panels (3),4.47,0.56,-0.31
211.494,1,Wall_3mx20cm_Wood_Panels (3),4.47,0.55,-0.31
211.521,1,Wall_3mx20cm_Wood_Panels (3),4.47,0.55,-0.31
211.562,1,Wall_3mx20cm_Wood_Panels (3),4.47,0.54,-0.31
211.590,1,Wall_3mx20cm_Wood_Panels (3),4.46,0.53,-0.31
211.618,1,Wall_3mx20cm_Wood_Panels (3),4.45,0.54,-0.31
211.660,1,Wall_3mx20cm_Wood_Panels (3),4.44,0.54,-0.31
211.688,1,Wall_3mx20cm_Wood_Panels (3),4.44,0.53,-0.31
211.729,1,Wall_3mx20cm_Wood_Panels (3),4.42,0.53,-0.31
211.756,1,Wall_3mx20cm_Wood_Panels (3),4.42,0.53,-0.31
211.785,1,Wall_3mx20cm_Wood_Panels (3),4.42,0.53,-0.31
211.826,1,Wall_3mx20cm_Wood_Panels (3),4.43,0.55,-0.31
211.857,1,Wall_3mx20cm_Wood_Panels (3),4.43,0.55,-0.31
211.897,1,Wall_3mx20cm_Wood_Panels (3),4.44,0.53,-0.31
211.925,1,Wall_3mx20cm_Wood_Panels (3),4.44,0.53,-0.31
211.952,1,Wall_3mx20cm_Wood_Panels (3),4.44,0.52,-0.31
211.994,1,Wall_3mx20cm_Wood_Panels (3),4.46,0.51,-0.31
212.022,1,Wall_3mx20cm_Wood_Panels (3),4.46,0.51,-0.31
212.063,1,Wall_3mx20cm_Wood_Panels (3),4.45,0.51,-0.31
212.091,1,Wall_3mx20cm_Wood_Panels (3),4.45,0.52,-0.31
212.118,1,Wall_3mx20cm_Wood_Panels (3),4.45,0.52,-0.31
212.160,1,Wall_3mx20cm_Wood_Panels (3),4.45,0.52,-0.31
212.187,1,Wall_3mx20cm_Wood_Panels (3),4.44,0.52,-0.31
212.229,1,Wall_3mx20cm_Wood_Panels (3),4.45,0.52,-0.31
212.257,1,Wall_3mx20cm_Wood_Panels (3),4.45,0.52,-0.31
212.285,1,Wall_3mx20cm_Wood_Panels (3),4.46,0.53,-0.31
212.327,1,Wall_3mx20cm_Wood_Panels (3),4.47,0.53,-0.31
212.354,1,Wall_3mx20cm_Wood_Panels (3),4.47,0.51,-0.31
212.396,1,Wall_3mx20cm_Wood_Panels (3),4.47,0.50,-0.31
212.424,1,Wall_3mx20cm_Wood_Panels (3),4.47,0.49,-0.31
212.452,1,Wall_3mx20cm_Wood_Panels (3),4.47,0.53,-0.31
212.494,1,Wall_3mx20cm_Wood_Panels (3),4.45,0.52,-0.31
212.521,1,Wall_3mx20cm_Wood_Panels (3),4.44,0.52,-0.31
212.563,1,Wall_3mx20cm_Wood_Panels (3),4.44,0.53,-0.31
212.592,1,Wall_3mx20cm_Wood_Panels (3),4.44,0.53,-0.31
212.619,1,Wall_3mx20cm_Wood_Panels (3),4.43,0.51,-0.31
212.661,1,Wall_3mx20cm_Wood_Panels (3),4.42,0.52,-0.31
212.689,1,Wall_3mx20cm_Wood_Panels (3),4.42,0.53,-0.31
212.717,1,Wall_3mx20cm_Wood_Panels (3),4.42,0.54,-0.31
212.758,1,Wall_3mx20cm_Wood_Panels (3),4.42,0.55,-0.31
212.786,1,Wall_3mx20cm_Wood_Panels (3),4.43,0.55,-0.31
212.828,1,Wall_3mx20cm_Wood_Panels (3),4.43,0.55,-0.31
212.857,1,Wall_3mx20cm_Wood_Panels (3),4.44,0.55,-0.31
212.883,1,Wall_3mx20cm_Wood_Panels (3),4.44,0.55,-0.31
212.925,1,Wall_3mx20cm_Wood_Panels (3),4.43,0.55,-0.31
212.953,1,Wall_3mx20cm_Wood_Panels (3),4.43,0.55,-0.31
212.994,1,Wall_3mx20cm_Wood_Panels (3),4.43,0.55,-0.31
213.022,1,Wall_3mx20cm_Wood_Panels (3),4.42,0.54,-0.31
213.050,1,Wall_3mx20cm_Wood_Panels (3),4.42,0.53,-0.31
213.093,1,Wall_3mx20cm_Wood_Panels (3),4.42,0.55,-0.31
213.120,1,Wall_3mx20cm_Wood_Panels (3),4.42,0.54,-0.31
213.163,1,Wall_3mx20cm_Wood_Panels (3),4.41,0.54,-0.31
213.190,1,Wall_3mx20cm_Wood_Panels (3),4.41,0.55,-0.31
213.218,1,Wall_3mx20cm_Wood_Panels (3),4.41,0.54,-0.31
213.260,1,Wall_3mx20cm_Wood_Panels (3),4.42,0.53,-0.31
213.287,1,Wall_3mx20cm_Wood_Panels (3),4.42,0.53,-0.31
213.329,1,Wall_3mx20cm_Wood_Panels (3),4.42,0.52,-0.31
213.357,1,Wall_3mx20cm_Wood_Panels (3),4.42,0.52,-0.31
213.385,1,Wall_3mx20cm_Wood_Panels (3),4.42,0.53,-0.31
213.427,1,Wall_3mx20cm_Wood_Panels (3),4.42,0.53,-0.31
213.455,1,Wall_3mx20cm_Wood_Panels (3),4.42,0.53,-0.31
213.497,1,Wall_3mx20cm_Wood_Panels (3),4.42,0.54,-0.31
213.524,1,Wall_3mx20cm_Wood_Panels (3),4.41,0.55,-0.31
213.552,1,Wall_3mx20cm_Wood_Panels (3),4.42,0.55,-0.31
213.594,1,Wall_3mx20cm_Wood_Panels (3),4.42,0.56,-0.31
213.622,1,Wall_3mx20cm_Wood_Panels (3),4.41,0.56,-0.31
213.664,1,Wall_3mx20cm_Wood_Panels (2),4.41,0.56,-0.31
213.692,1,Wall_3mx20cm_Wood_Panels (2),4.41,0.57,-0.31
213.720,1,Wall_3mx20cm_Wood_Panels (3),4.41,0.58,-0.31
213.761,1,Wall_3mx20cm_Wood_Panels (2),4.41,0.59,-0.31
213.790,1,Wall_3mx20cm_Wood_Panels (2),4.40,0.59,-0.31
213.817,1,Wall_3mx20cm_Wood_Panels (2),4.40,0.59,-0.31
213.859,1,Wall_3mx20cm_Wood_Panels (2),4.40,0.60,-0.31
213.887,1,Wall_3mx20cm_Wood_Panels (2),4.40,0.62,-0.31
213.929,1,Wall_3mx20cm_Wood_Panels (2),4.40,0.63,-0.31
213.957,1,Wall_3mx20cm_Wood_Panels (2),4.40,0.63,-0.31
213.984,1,Wall_3mx20cm_Wood_Panels (2),4.40,0.63,-0.31
214.026,1,Wall_3mx20cm_Wood_Panels (2),4.39,0.63,-0.31
214.054,1,Wall_3mx20cm_Wood_Panels (2),4.39,0.63,-0.31
214.096,1,Wall_3mx20cm_Wood_Panels (2),4.39,0.63,-0.31
214.124,1,Wall_3mx20cm_Wood_Panels (2),4.38,0.62,-0.31
214.152,1,Wall_3mx20cm_Wood_Panels (2),4.38,0.61,-0.31
214.193,1,Wall_3mx20cm_Wood_Panels (2),4.38,0.58,-0.31
214.221,1,Wall_3mx20cm_Wood_Panels (2),4.38,0.57,-0.31
214.262,1,Wall_3mx20cm_Wood_Panels (2),4.39,0.56,-0.31
214.290,1,Wall_3mx20cm_Wood_Panels (2),4.39,0.56,-0.31
214.318,1,Wall_3mx20cm_Wood_Panels (2),4.39,0.56,-0.31
214.360,1,Wall_3mx20cm_Wood_Panels (2),4.39,0.58,-0.31
214.388,1,Wall_3mx20cm_Wood_Panels (2),4.39,0.58,-0.31
214.417,1,Wall_3mx20cm_Wood_Panels (2),4.40,0.59,-0.31
214.458,1,Wall_3mx20cm_Wood_Panels (2),4.41,0.59,-0.31
214.486,1,Wall_3mx20cm_Wood_Panels (3),4.42,0.59,-0.31
214.528,1,Wall_3mx20cm_Wood_Panels (3),4.42,0.59,-0.31
214.555,1,Wall_3mx20cm_Wood_Panels (3),4.42,0.58,-0.31
214.597,1,Wall_3mx20cm_Wood_Panels (3),4.42,0.58,-0.31
214.624,1,Wall_3mx20cm_Wood_Panels (3),4.42,0.58,-0.31
214.652,1,Wall_3mx20cm_Wood_Panels (3),4.42,0.58,-0.31
214.693,1,Wall_3mx20cm_Wood_Panels (3),4.42,0.58,-0.31
214.721,1,Wall_3mx20cm_Wood_Panels (3),4.41,0.58,-0.31
214.763,1,Wall_3mx20cm_Wood_Panels (3),4.41,0.58,-0.31
214.791,1,Wall_3mx20cm_Wood_Panels (2),4.41,0.58,-0.31
214.820,1,Wall_3mx20cm_Wood_Panels (3),4.42,0.59,-0.31
214.860,1,Wall_3mx20cm_Wood_Panels (3),4.43,0.59,-0.31
214.888,1,Wall_3mx20cm_Wood_Panels (3),4.44,0.59,-0.31
214.929,1,Wall_3mx20cm_Wood_Panels (3),4.45,0.59,-0.31
214.958,1,Wall_3mx20cm_Wood_Panels (3),4.46,0.58,-0.31
214.985,1,Wall_3mx20cm_Wood_Panels (3),4.46,0.58,-0.31
215.027,1,Wall_3mx20cm_Wood_Panels (3),4.46,0.57,-0.31
215.056,1,Wall_3mx20cm_Wood_Panels (3),4.45,0.56,-0.31
215.097,1,Wall_3mx20cm_Wood_Panels (3),4.44,0.55,-0.31
215.125,1,Wall_3mx20cm_Wood_Panels (3),4.44,0.55,-0.31
215.154,1,Wall_3mx20cm_Wood_Panels (3),4.43,0.56,-0.31
215.195,1,Wall_3mx20cm_Wood_Panels (3),4.42,0.56,-0.31
215.222,1,Wall_3mx20cm_Wood_Panels (3),4.42,0.56,-0.31
215.265,1,Wall_3mx20cm_Wood_Panels (3),4.41,0.56,-0.31
215.293,1,Wall_3mx20cm_Wood_Panels (3),4.42,0.56,-0.31
215.320,1,Wall_3mx20cm_Wood_Panels (3),4.42,0.56,-0.31
215.362,1,Wall_3mx20cm_Wood_Panels (3),4.42,0.56,-0.31
215.389,1,Wall_3mx20cm_Wood_Panels (3),4.42,0.57,-0.31
215.417,1,Wall_3mx20cm_Wood_Panels (3),4.41,0.58,-0.31
215.460,1,Wall_3mx20cm_Wood_Panels (2),4.40,0.59,-0.31
215.487,1,Wall_3mx20cm_Wood_Panels (2),4.40,0.59,-0.31
215.529,1,Wall_3mx20cm_Wood_Panels (2),4.39,0.59,-0.31
215.557,1,Wall_3mx20cm_Wood_Panels (2),4.39,0.59,-0.31
215.584,1,Wall_3mx20cm_Wood_Panels (2),4.40,0.60,-0.31
215.626,1,Wall_3mx20cm_Wood_Panels (2),4.40,0.60,-0.31
215.655,1,Wall_3mx20cm_Wood_Panels (3),4.41,0.61,-0.31
215.696,1,Wall_3mx20cm_Wood_Panels (3),4.42,0.62,-0.31
215.724,1,Wall_3mx20cm_Wood_Panels (3),4.43,0.62,-0.31
215.752,1,Wall_3mx20cm_Wood_Panels (3),4.43,0.64,-0.31
215.794,1,Wall_3mx20cm_Wood_Panels (3),4.43,0.65,-0.31
215.822,1,Wall_3mx20cm_Wood_Panels (3),4.43,0.65,-0.31
215.863,1,Wall_3mx20cm_Wood_Panels (3),4.43,0.62,-0.31
215.891,1,Wall_3mx20cm_Wood_Panels (3),4.43,0.61,-0.31
215.919,1,Wall_3mx20cm_Wood_Panels (3),4.43,0.61,-0.31
215.962,1,Wall_3mx20cm_Wood_Panels (3),4.42,0.61,-0.31
215.989,1,Wall_3mx20cm_Wood_Panels (3),4.41,0.61,-0.31
216.031,1,Wall_3mx20cm_Wood_Panels (2),4.41,0.60,-0.31
216.059,1,Wall_3mx20cm_Wood_Panels (2),4.41,0.60,-0.31
216.087,1,Wall_3mx20cm_Wood_Panels (2),4.41,0.60,-0.31
216.128,1,Wall_3mx20cm_Wood_Panels (2),4.40,0.59,-0.31
216.157,1,Wall_3mx20cm_Wood_Panels (2),4.40,0.58,-0.31
216.184,1,Wall_3mx20cm_Wood_Panels (2),4.40,0.57,-0.31
216.227,1,Wall_3mx20cm_Wood_Panels (2),4.40,0.58,-0.31
216.254,1,Wall_3mx20cm_Wood_Panels (2),4.40,0.57,-0.31
216.296,1,Wall_3mx20cm_Wood_Panels (2),4.40,0.56,-0.31
216.323,1,Wall_3mx20cm_Wood_Panels (2),4.40,0.56,-0.31
216.352,1,Wall_3mx20cm_Wood_Panels (2),4.40,0.57,-0.31
216.393,1,Wall_3mx20cm_Wood_Panels (2),4.40,0.57,-0.31
216.421,1,Wall_3mx20cm_Wood_Panels (2),4.40,0.55,-0.31
216.464,1,Wall_3mx20cm_Wood_Panels (2),4.38,0.53,-0.31
216.492,1,Wall_3mx20cm_Wood_Panels (2),4.37,0.52,-0.31
216.519,1,Wall_3mx20cm_Wood_Panels (2),4.36,0.52,-0.31
216.561,1,Wall_3mx20cm_Wood_Panels (2),4.35,0.51,-0.31
216.589,1,Wall_3mx20cm_Wood_Panels (2),4.33,0.49,-0.31
216.630,1,Wall_3mx20cm_Wood_Panels (2),4.32,0.46,-0.31
216.658,1,Wall_3mx20cm_Wood_Panels (2),4.31,0.47,-0.31
216.686,1,Wall_3mx20cm_Wood_Panels (2),4.31,0.47,-0.31
216.728,1,Wall_3mx20cm_Wood_Panels (2),4.30,0.47,-0.31
216.756,1,Wall_3mx20cm_Wood_Panels (2),4.29,0.46,-0.31
216.797,1,Wall_3mx20cm_Wood_Panels (2),4.29,0.47,-0.31
216.825,1,Wall_3mx20cm_Wood_Panels (2),4.28,0.47,-0.31
216.853,1,Wall_3mx20cm_Wood_Panels (2),4.27,0.47,-0.31
216.895,1,Wall_3mx20cm_Wood_Panels (2),4.27,0.46,-0.31
216.923,1,Wall_3mx20cm_Wood_Panels (2),4.27,0.45,-0.31
216.964,1,Wall_3mx20cm_Wood_Panels (2),4.27,0.44,-0.31
216.992,1,Wall_3mx20cm_Wood_Panels (2),4.28,0.45,-0.31
217.020,1,Wall_3mx20cm_Wood_Panels (2),4.28,0.46,-0.31
217.061,1,Wall_3mx20cm_Wood_Panels (2),4.28,0.46,-0.31
217.089,1,Wall_3mx20cm_Wood_Panels (2),4.29,0.46,-0.31
217.131,1,Wall_3mx20cm_Wood_Panels (2),4.29,0.48,-0.31
217.160,1,Wall_3mx20cm_Wood_Panels (2),4.30,0.49,-0.31
217.187,1,Wall_3mx20cm_Wood_Panels (2),4.30,0.50,-0.31
217.229,1,Wall_3mx20cm_Wood_Panels (2),4.30,0.53,-0.31
217.256,1,Wall_3mx20cm_Wood_Panels (2),4.31,0.55,-0.31
217.284,1,Wall_3mx20cm_Wood_Panels (2),4.31,0.57,-0.31
217.326,1,Wall_3mx20cm_Wood_Panels (2),4.31,0.60,-0.31
217.354,1,Wall_3mx20cm_Wood_Panels (2),4.30,0.63,-0.31
217.396,1,Wall_3mx20cm_Wood_Panels (2),4.29,0.64,-0.31
217.423,1,Wall_3mx20cm_Wood_Panels (2),4.28,0.65,-0.31
217.451,1,Wall_3mx20cm_Wood_Panels (2),4.29,0.66,-0.31
217.493,1,Wall_3mx20cm_Wood_Panels (2),4.30,0.65,-0.31
217.521,1,Wall_3mx20cm_Wood_Panels (2),4.30,0.64,-0.31
217.563,1,Wall_3mx20cm_Wood_Panels (2),4.32,0.63,-0.31
217.591,1,Wall_3mx20cm_Wood_Panels (2),4.33,0.64,-0.31
217.619,1,Wall_3mx20cm_Wood_Panels (2),4.35,0.67,-0.31
217.660,1,Wall_3mx20cm_Wood_Panels (2),4.37,0.71,-0.31
217.689,1,Wall_3mx20cm_Wood_Panels (2),4.39,0.72,-0.31
217.730,1,Wall_3mx20cm_Wood_Panels (2),4.41,0.74,-0.31
217.758,1,Wall_3mx20cm_Wood_Panels (3),4.41,0.74,-0.31
217.785,1,Wall_3mx20cm_Wood_Panels (2),4.40,0.73,-0.31
217.827,1,Wall_3mx20cm_Wood_Panels (2),4.36,0.71,-0.31
217.855,1,Wall_3mx20cm_Wood_Panels (2),4.32,0.67,-0.31
217.897,1,Wall_3mx20cm_Wood_Panels (2),4.22,0.63,-0.31
217.925,1,Wall_3mx20cm_Wood_Panels (2),4.15,0.61,-0.31
217.953,1,Wall_3mx20cm_Wood_Panels (2),4.08,0.59,-0.31
217.995,1,Wall_3mx20cm_Wood_Panels (2),3.96,0.55,-0.31
218.022,1,Wall_3mx20cm_Wood_Panels (2),3.90,0.55,-0.31
218.065,1,Wall_3mx20cm_Wood_Panels (2),3.79,0.54,-0.31
218.092,1,Wall_3mx20cm_Wood_Panels (2),3.72,0.53,-0.31
218.120,1,Wall_3mx20cm_Wood_Panels (2),3.67,0.52,-0.31
218.162,1,Wall_3mx20cm_Wood_Panels (2),3.59,0.55,-0.31
218.189,1,Wall_3mx20cm_Wood_Panels (2),3.53,0.59,-0.31
218.232,1,Wall_3mx20cm_Wood_Panels (2),3.41,0.68,-0.31
218.259,1,Wall_3mx20cm_Wood_Panels (2),3.32,0.80,-0.31
218.287,1,Wall_3mx20cm_Wood_Panels (2),3.21,0.91,-0.31
218.329,1,Wall_3mx20cm_Wood_Panels (2),3.03,1.07,-0.31
218.356,1,Wall_3mx20cm_Wood_Panels (2),2.92,1.16,-0.31
218.385,1,Wall_3mx20cm_Wood_Panels (2),2.82,1.21,-0.31
218.426,1,Wall_3mx20cm_Wood_Panels (2),2.68,1.25,-0.31
218.454,1,Wall_3mx20cm_Wood_Panels (2),2.61,1.24,-0.31
218.496,1,Wall_3mx20cm_Wood_Panels (2),2.50,1.22,-0.31
218.524,1,Wall_3mx20cm_Wood_Panels (2),2.42,1.20,-0.31
218.552,1,Wall_3mx20cm_Wood_Panels (2),2.35,1.19,-0.31
218.593,1,Wall_3mx20cm_Wood_Panels (2),2.28,1.17,-0.31
218.622,1,Wall_3mx20cm_Wood_Panels (2),2.27,1.16,-0.31
218.663,1,Wall_3mx20cm_Wood_Panels (2),2.24,1.08,-0.31
218.691,1,Wall_3mx20cm_Wood_Panels (2),2.22,1.02,-0.31
218.718,1,Wall_3mx20cm_Wood_Panels (2),2.17,0.98,-0.31
218.761,1,Wall_3mx20cm_Wood_Panels (2),2.01,0.99,-0.31
218.789,1,Wall_3mx20cm_Wood_Panels (2),1.82,1.04,-0.31
218.830,1,Wall_3mx20cm_Door (1),1.41,1.04,-0.34
218.858,1,Wall_3mx20cm_Door (1),1.41,0.93,-0.46
218.886,1,Wall_3mx20cm_Door (1),1.41,0.86,-0.55
218.928,1,Wall_3mx20cm_Door (1),1.41,0.87,-0.63
218.956,1,Wall_3mx20cm_Door (1),1.41,0.88,-0.66
218.997,1,Wall_3mx20cm_Door (1),1.41,0.95,-0.67
219.025,1,Wall_3mx20cm_Door (1),1.41,1.02,-0.64
219.054,1,Wall_3mx20cm_Door (1),1.41,1.07,-0.60
219.095,1,Wall_3mx20cm_Door (1),1.41,1.13,-0.54
219.123,1,Wall_3mx20cm_Door (1),1.41,1.12,-0.49
219.165,1,Wall_3mx20cm_Door (1),1.41,1.02,-0.42
219.193,1,Wall_3mx20cm_Door (1),1.41,0.85,-0.39
219.220,1,Wall_3mx20cm_Door (1),1.41,0.69,-0.36
219.262,1,Wall_3mx20cm_Door (1),1.41,0.68,-0.32
219.290,1,Wall_3mx20cm_Wood_Panels (2),1.44,0.67,-0.31
219.318,1,Wall_3mx20cm_Wood_Panels (2),1.48,0.70,-0.31
219.360,1,Wall_3mx20cm_Wood_Panels (2),1.56,0.78,-0.31
219.388,1,Wall_3mx20cm_Wood_Panels (2),1.63,0.81,-0.31
219.430,1,Wall_3mx20cm_Wood_Panels (2),1.71,0.83,-0.31
219.457,1,Wall_3mx20cm_Wood_Panels (2),1.75,0.85,-0.31
219.485,1,Wall_3mx20cm_Wood_Panels (2),1.79,0.86,-0.31
219.527,1,Wall_3mx20cm_Wood_Panels (2),1.86,0.84,-0.31
219.555,1,Wall_3mx20cm_Wood_Panels (2),1.91,0.81,-0.31
219.597,1,Wall_3mx20cm_Wood_Panels (2),1.98,0.78,-0.31
219.624,1,Wall_3mx20cm_Wood_Panels (2),2.05,0.77,-0.31
219.652,1,Wall_3mx20cm_Wood_Panels (2),2.11,0.78,-0.31
219.693,1,Wall_3mx20cm_Wood_Panels (2),2.23,0.82,-0.31
219.721,1,Wall_3mx20cm_Wood_Panels (2),2.32,0.83,-0.31
219.763,1,Wall_3mx20cm_Wood_Panels (2),2.46,0.89,-0.31
219.791,1,Wall_3mx20cm_Wood_Panels (2),2.56,0.92,-0.31
219.819,1,Wall_3mx20cm_Wood_Panels (2),2.65,0.93,-0.31
219.860,1,Wall_3mx20cm_Wood_Panels (2),2.75,0.94,-0.31
219.889,1,Wall_3mx20cm_Wood_Panels (2),2.81,0.93,-0.31
219.930,1,Wall_3mx20cm_Wood_Panels (2),2.87,0.90,-0.31
219.958,1,Wall_3mx20cm_Wood_Panels (2),2.89,0.89,-0.31
219.986,1,Wall_3mx20cm_Wood_Panels (2),2.90,0.87,-0.31
220.028,1,Wall_3mx20cm_Wood_Panels (2),2.92,0.84,-0.31
220.057,1,Wall_3mx20cm_Wood_Panels (2),2.94,0.84,-0.31
220.097,1,Wall_3mx20cm_Wood_Panels (2),2.96,0.84,-0.31
220.125,1,Wall_3mx20cm_Wood_Panels (2),2.97,0.84,-0.31
220.153,1,Wall_3mx20cm_Wood_Panels (2),2.98,0.84,-0.31
220.194,1,Wall_3mx20cm_Wood_Panels (2),2.98,0.83,-0.31
220.222,1,Wall_3mx20cm_Wood_Panels (2),2.99,0.82,-0.31
220.264,1,Wall_3mx20cm_Wood_Panels (2),3.01,0.81,-0.31
220.292,1,Wall_3mx20cm_Wood_Panels (2),3.01,0.81,-0.31
220.320,1,Wall_3mx20cm_Wood_Panels (2),3.02,0.80,-0.31
220.362,1,Wall_3mx20cm_Wood_Panels (2),3.03,0.78,-0.31
220.390,1,Wall_3mx20cm_Wood_Panels (2),3.04,0.78,-0.31
220.431,1,Wall_3mx20cm_Wood_Panels (2),3.07,0.77,-0.31
220.458,1,Wall_3mx20cm_Wood_Panels (2),3.10,0.76,-0.31
220.486,1,Wall_3mx20cm_Wood_Panels (2),3.13,0.74,-0.31
220.528,1,Wall_3mx20cm_Wood_Panels (2),3.18,0.73,-0.31
220.556,1,Wall_3mx20cm_Wood_Panels (2),3.22,0.72,-0.31
220.599,1,Wall_3mx20cm_Wood_Panels (2),3.27,0.71,-0.31
220.627,1,Wall_3mx20cm_Wood_Panels (2),3.31,0.70,-0.31
220.654,1,Wall_3mx20cm_Wood_Panels (2),3.33,0.69,-0.31
220.696,1,Wall_3mx20cm_Wood_Panels (2),3.38,0.68,-0.31
220.724,1,Wall_3mx20cm_Wood_Panels (2),3.40,0.67,-0.31
220.752,1,Wall_3mx20cm_Wood_Panels (2),3.42,0.67,-0.31
220.793,1,Wall_3mx20cm_Wood_Panels (2),3.44,0.66,-0.31
220.821,1,Wall_3mx20cm_Wood_Panels (2),3.45,0.67,-0.31
220.863,1,Wall_3mx20cm_Wood_Panels (2),3.45,0.67,-0.31
220.891,1,Wall_3mx20cm_Wood_Panels (2),3.45,0.66,-0.31
220.919,1,Wall_3mx20cm_Wood_Panels (2),3.45,0.67,-0.31
220.960,1,Wall_3mx20cm_Wood_Panels (2),3.45,0.67,-0.31
220.988,1,Wall_3mx20cm_Wood_Panels (2),3.45,0.68,-0.31
221.029,1,Wall_3mx20cm_Wood_Panels (2),3.46,0.68,-0.31
221.058,1,Wall_3mx20cm_Wood_Panels (2),3.47,0.69,-0.31
221.085,1,Wall_3mx20cm_Wood_Panels (2),3.47,0.69,-0.31
221.127,1,Wall_3mx20cm_Wood_Panels (2),3.47,0.70,-0.31
221.155,1,Wall_3mx20cm_Wood_Panels (2),3.48,0.70,-0.31
221.197,1,Wall_3mx20cm_Wood_Panels (2),3.47,0.71,-0.31
221.225,1,Wall_3mx20cm_Wood_Panels (2),3.47,0.72,-0.31
221.252,1,Wall_3mx20cm_Wood_Panels (2),3.46,0.72,-0.31
221.294,1,Wall_3mx20cm_Wood_Panels (2),3.46,0.73,-0.31
221.322,1,Wall_3mx20cm_Wood_Panels (2),3.46,0.74,-0.31
221.364,1,Wall_3mx20cm_Wood_Panels (2),3.46,0.73,-0.31
221.392,1,Wall_3mx20cm_Wood_Panels (2),3.47,0.72,-0.31
221.420,1,Wall_3mx20cm_Wood_Panels (2),3.48,0.72,-0.31
221.462,1,Wall_3mx20cm_Wood_Panels (2),3.48,0.71,-0.31
221.489,1,Wall_3mx20cm_Wood_Panels (2),3.48,0.72,-0.31
221.531,1,Wall_3mx20cm_Wood_Panels (2),3.48,0.73,-0.31
221.559,1,Wall_3mx20cm_Wood_Panels (2),3.48,0.75,-0.31
221.587,1,Wall_3mx20cm_Wood_Panels (2),3.48,0.76,-0.31
221.628,1,Wall_3mx20cm_Wood_Panels (2),3.49,0.76,-0.31
221.657,1,Wall_3mx20cm_Wood_Panels (2),3.50,0.76,-0.31
221.698,1,Wall_3mx20cm_Wood_Panels (2),3.52,0.76,-0.31
221.727,1,Wall_3mx20cm_Wood_Panels (2),3.53,0.75,-0.31
221.754,1,Wall_3mx20cm_Wood_Panels (2),3.54,0.75,-0.31
221.796,1,Wall_3mx20cm_Wood_Panels (2),3.55,0.74,-0.31
221.824,1,Wall_3mx20cm_Wood_Panels (2),3.55,0.74,-0.31
221.853,1,Wall_3mx20cm_Wood_Panels (2),3.55,0.74,-0.31
221.894,1,Wall_3mx20cm_Wood_Panels (2),3.56,0.73,-0.31
221.921,1,Wall_3mx20cm_Wood_Panels (2),3.57,0.74,-0.31
221.963,1,Wall_3mx20cm_Wood_Panels (2),3.58,0.75,-0.31
221.991,1,Wall_3mx20cm_Wood_Panels (2),3.57,0.75,-0.31
222.019,1,Wall_3mx20cm_Wood_Panels (2),3.57,0.75,-0.31
222.060,1,Wall_3mx20cm_Wood_Panels (2),3.57,0.75,-0.31
222.088,1,Wall_3mx20cm_Wood_Panels (2),3.57,0.75,-0.31
222.130,1,Wall_3mx20cm_Wood_Panels (2),3.58,0.75,-0.31
222.159,1,Wall_3mx20cm_Wood_Panels (2),3.59,0.75,-0.31
222.186,1,Wall_3mx20cm_Wood_Panels (2),3.60,0.75,-0.31
222.227,1,Wall_3mx20cm_Wood_Panels (2),3.61,0.74,-0.31
222.256,1,Wall_3mx20cm_Wood_Panels (2),3.61,0.74,-0.31
222.297,1,Wall_3mx20cm_Wood_Panels (2),3.60,0.74,-0.31
222.325,1,Wall_3mx20cm_Wood_Panels (2),3.58,0.75,-0.31
222.353,1,Wall_3mx20cm_Wood_Panels (2),3.56,0.75,-0.31
222.394,1,Wall_3mx20cm_Wood_Panels (2),3.55,0.75,-0.31
222.422,1,Wall_3mx20cm_Wood_Panels (2),3.55,0.75,-0.31
222.464,1,Wall_3mx20cm_Wood_Panels (2),3.55,0.75,-0.31
222.492,1,Wall_3mx20cm_Wood_Panels (2),3.56,0.74,-0.31
222.520,1,Wall_3mx20cm_Wood_Panels (2),3.57,0.73,-0.31
222.561,1,Wall_3mx20cm_Wood_Panels (2),3.59,0.72,-0.31
222.589,1,Wall_3mx20cm_Wood_Panels (2),3.59,0.72,-0.31
222.631,1,Wall_3mx20cm_Wood_Panels (2),3.58,0.73,-0.31
222.659,1,Wall_3mx20cm_Wood_Panels (2),3.58,0.72,-0.31
222.687,0,Wall_3mx20cm_Wood_Panels (2),3.58,0.71,-0.31
222.729,0,Wall_3mx20cm_Wood_Panels (2),3.58,0.71,-0.31
222.756,0,Wall_3mx20cm_Wood_Panels (2),3.58,0.70,-0.31
222.786,0,Wall_3mx20cm_Wood_Panels (2),3.59,0.69,-0.31
222.826,0,Wall_3mx20cm_Wood_Panels (2),3.60,0.68,-0.31
222.854,0,Wall_3mx20cm_Wood_Panels (2),3.61,0.67,-0.31
222.895,0,Wall_3mx20cm_Wood_Panels (2),3.62,0.66,-0.31
222.924,0,Wall_3mx20cm_Wood_Panels (2),3.63,0.65,-0.31
222.965,0,Wall_3mx20cm_Wood_Panels (2),3.62,0.65,-0.31
222.993,0,Wall_3mx20cm_Wood_Panels (2),3.62,0.65,-0.31
223.021,0,Wall_3mx20cm_Wood_Panels (2),3.62,0.65,-0.31
223.063,0,Wall_3mx20cm_Wood_Panels (2),3.60,0.67,-0.31
223.091,0,Wall_3mx20cm_Wood_Panels (2),3.60,0.66,-0.31
223.132,0,Wall_3mx20cm_Wood_Panels (2),3.60,0.66,-0.31
223.160,0,Wall_3mx20cm_Wood_Panels (2),3.60,0.66,-0.31
223.188,0,Wall_3mx20cm_Wood_Panels (2),3.59,0.66,-0.31
223.230,0,Wall_3mx20cm_Wood_Panels (2),3.59,0.66,-0.31
223.258,0,Wall_3mx20cm_Wood_Panels (2),3.58,0.67,-0.31
223.286,0,Wall_3mx20cm_Wood_Panels (2),3.58,0.67,-0.31
223.327,0,Wall_3mx20cm_Wood_Panels (2),3.57,0.67,-0.31
223.355,0,Wall_3mx20cm_Wood_Panels (2),3.57,0.67,-0.31
223.397,0,Wall_3mx20cm_Wood_Panels (2),3.57,0.68,-0.31
223.425,0,Wall_3mx20cm_Wood_Panels (2),3.58,0.67,-0.31
223.452,0,Wall_3mx20cm_Wood_Panels (2),3.58,0.67,-0.31
223.494,0,Wall_3mx20cm_Wood_Panels (2),3.58,0.67,-0.31
223.522,0,Wall_3mx20cm_Wood_Panels (2),3.58,0.67,-0.31
223.564,0,Wall_3mx20cm_Wood_Panels (2),3.58,0.67,-0.31
223.592,0,Wall_3mx20cm_Wood_Panels (2),3.58,0.67,-0.31
223.620,0,Wall_3mx20cm_Wood_Panels (2),3.59,0.67,-0.31
223.661,0,Wall_3mx20cm_Wood_Panels (2),3.59,0.67,-0.31
223.690,0,Wall_3mx20cm_Wood_Panels (2),3.59,0.67,-0.31
223.731,0,Wall_3mx20cm_Wood_Panels (2),3.60,0.67,-0.31
223.759,0,Wall_3mx20cm_Wood_Panels (2),3.60,0.67,-0.31
223.787,0,Wall_3mx20cm_Wood_Panels (2),3.60,0.67,-0.31
223.829,0,Wall_3mx20cm_Wood_Panels (2),3.61,0.66,-0.31
223.856,0,Wall_3mx20cm_Wood_Panels (2),3.61,0.66,-0.31
223.898,0,Wall_3mx20cm_Wood_Panels (2),3.61,0.66,-0.31
223.925,0,Wall_3mx20cm_Wood_Panels (2),3.61,0.66,-0.31
223.954,0,Wall_3mx20cm_Wood_Panels (2),3.62,0.65,-0.31
223.995,0,Wall_3mx20cm_Wood_Panels (2),3.63,0.65,-0.31
224.023,0,Wall_3mx20cm_Wood_Panels (2),3.64,0.64,-0.31
224.065,0,Wall_3mx20cm_Wood_Panels (2),3.65,0.64,-0.31
224.093,0,Wall_3mx20cm_Wood_Panels (2),3.65,0.64,-0.31
224.121,0,Wall_3mx20cm_Wood_Panels (2),3.66,0.64,-0.31
224.163,0,Wall_3mx20cm_Wood_Panels (2),3.66,0.64,-0.31
224.190,0,Wall_3mx20cm_Wood_Panels (2),3.66,0.64,-0.31
224.232,0,Wall_3mx20cm_Wood_Panels (2),3.67,0.65,-0.31
224.260,0,Wall_3mx20cm_Wood_Panels (2),3.67,0.65,-0.31
224.288,0,Wall_3mx20cm_Wood_Panels (2),3.67,0.65,-0.31
224.330,0,Wall_3mx20cm_Wood_Panels (2),3.68,0.65,-0.31
224.357,0,Wall_3mx20cm_Wood_Panels (2),3.68,0.65,-0.31
224.399,0,Wall_3mx20cm_Wood_Panels (2),3.69,0.65,-0.31
224.427,0,Wall_3mx20cm_Wood_Panels (2),3.69,0.65,-0.31
224.455,0,Wall_3mx20cm_Wood_Panels (2),3.70,0.64,-0.31
224.496,0,Wall_3mx20cm_Wood_Panels (2),3.70,0.64,-0.31
224.525,0,Wall_3mx20cm_Wood_Panels (2),3.70,0.64,-0.31
224.566,0,Wall_3mx20cm_Wood_Panels (2),3.70,0.65,-0.31
224.594,0,Wall_3mx20cm_Wood_Panels (2),3.69,0.65,-0.31
224.622,0,Wall_3mx20cm_Wood_Panels (2),3.69,0.65,-0.31
224.664,0,Wall_3mx20cm_Wood_Panels (2),3.70,0.65,-0.31
224.692,0,Wall_3mx20cm_Wood_Panels (2),3.70,0.65,-0.31
224.720,0,Wall_3mx20cm_Wood_Panels (2),3.70,0.65,-0.31
224.761,0,Wall_3mx20cm_Wood_Panels (2),3.70,0.66,-0.31
224.789,0,Wall_3mx20cm_Wood_Panels (2),3.70,0.66,-0.31
224.831,0,Wall_3mx20cm_Wood_Panels (2),3.70,0.68,-0.31
224.859,0,Wall_3mx20cm_Wood_Panels (2),3.70,0.69,-0.31
224.887,0,Wall_3mx20cm_Wood_Panels (2),3.70,0.70,-0.31
224.929,0,Wall_3mx20cm_Wood_Panels (2),3.71,0.70,-0.31
224.956,0,Wall_3mx20cm_Wood_Panels (2),3.70,0.71,-0.31
224.999,0,Wall_3mx20cm_Wood_Panels (2),3.70,0.71,-0.31
225.026,0,Wall_3mx20cm_Wood_Panels (2),3.70,0.71,-0.31
225.054,0,Wall_3mx20cm_Wood_Panels (2),3.70,0.71,-0.31
225.095,0,Wall_3mx20cm_Wood_Panels (2),3.71,0.70,-0.31
225.123,0,Wall_3mx20cm_Wood_Panels (2),3.71,0.69,-0.31
225.165,0,Wall_3mx20cm_Wood_Panels (2),3.72,0.69,-0.31
225.193,0,Wall_3mx20cm_Wood_Panels (2),3.73,0.69,-0.31
225.221,0,Wall_3mx20cm_Wood_Panels (2),3.73,0.69,-0.31
225.263,0,Wall_3mx20cm_Wood_Panels (2),3.74,0.69,-0.31
225.291,0,Wall_3mx20cm_Wood_Panels (2),3.74,0.69,-0.31
225.333,0,Wall_3mx20cm_Wood_Panels (2),3.73,0.69,-0.31
225.360,0,Wall_3mx20cm_Wood_Panels (2),3.73,0.69,-0.31
225.388,0,Wall_3mx20cm_Wood_Panels (2),3.73,0.69,-0.31
225.429,0,Wall_3mx20cm_Wood_Panels (2),3.72,0.69,-0.31
225.457,0,Wall_3mx20cm_Wood_Panels (2),3.71,0.68,-0.31
225.499,0,Wall_3mx20cm_Wood_Panels (2),3.71,0.68,-0.31
225.527,0,Wall_3mx20cm_Wood_Panels (2),3.71,0.68,-0.31
225.555,0,Wall_3mx20cm_Wood_Panels (2),3.71,0.68,-0.31
225.596,0,Wall_3mx20cm_Wood_Panels (2),3.73,0.68,-0.31
225.624,0,Wall_3mx20cm_Wood_Panels (2),3.73,0.68,-0.31
225.666,0,Wall_3mx20cm_Wood_Panels (2),3.75,0.68,-0.31
225.694,0,Wall_3mx20cm_Wood_Panels (2),3.75,0.68,-0.31
225.722,0,Wall_3mx20cm_Wood_Panels (2),3.76,0.68,-0.31
225.764,0,Wall_3mx20cm_Wood_Panels (2),3.77,0.67,-0.31
225.791,0,Wall_3mx20cm_Wood_Panels (2),3.78,0.67,-0.31
225.833,0,Wall_3mx20cm_Wood_Panels (2),3.79,0.67,-0.31
225.861,0,Wall_3mx20cm_Wood_Panels (2),3.79,0.67,-0.31
225.889,0,Wall_3mx20cm_Wood_Panels (2),3.78,0.68,-0.31
225.930,0,Wall_3mx20cm_Wood_Panels (2),3.79,0.68,-0.31
225.959,0,Wall_3mx20cm_Wood_Panels (2),3.78,0.68,-0.31
225.987,0,Wall_3mx20cm_Wood_Panels (2),3.79,0.69,-0.31
226.028,0,Wall_3mx20cm_Wood_Panels (2),3.79,0.69,-0.31
226.056,0,Wall_3mx20cm_Wood_Panels (2),3.79,0.69,-0.31
226.098,0,Wall_3mx20cm_Wood_Panels (2),3.80,0.69,-0.31
226.125,0,Wall_3mx20cm_Wood_Panels (2),3.81,0.69,-0.31
226.153,0,Wall_3mx20cm_Wood_Panels (2),3.81,0.69,-0.31
226.196,0,Wall_3mx20cm_Wood_Panels (2),3.81,0.68,-0.31
226.223,0,Wall_3mx20cm_Wood_Panels (2),3.81,0.69,-0.31
226.265,0,Wall_3mx20cm_Wood_Panels (2),3.80,0.69,-0.31
226.293,0,Wall_3mx20cm_Wood_Panels (2),3.80,0.69,-0.31
226.321,0,Wall_3mx20cm_Wood_Panels (2),3.80,0.69,-0.31
226.362,0,Wall_3mx20cm_Wood_Panels (2),3.79,0.69,-0.31
226.390,0,Wall_3mx20cm_Wood_Panels (2),3.79,0.70,-0.31
226.432,0,Wall_3mx20cm_Wood_Panels (2),3.79,0.70,-0.31
226.460,0,Wall_3mx20cm_Wood_Panels (2),3.79,0.70,-0.31
226.488,0,Wall_3mx20cm_Wood_Panels (2),3.79,0.71,-0.31
226.529,0,Wall_3mx20cm_Wood_Panels (2),3.79,0.71,-0.31
226.557,0,Wall_3mx20cm_Wood_Panels (2),3.78,0.71,-0.31
226.599,0,Wall_3mx20cm_Wood_Panels (2),3.79,0.72,-0.31
226.626,0,Wall_3mx20cm_Wood_Panels (2),3.79,0.72,-0.31
226.655,0,Wall_3mx20cm_Wood_Panels (2),3.79,0.72,-0.31
226.696,0,Wall_3mx20cm_Wood_Panels (2),3.79,0.72,-0.31
226.726,0,Wall_3mx20cm_Wood_Panels (2),3.79,0.72,-0.31
226.766,0,Wall_3mx20cm_Wood_Panels (2),3.78,0.73,-0.31
226.794,0,Wall_3mx20cm_Wood_Panels (2),3.78,0.74,-0.31
226.821,0,Wall_3mx20cm_Wood_Panels (2),3.77,0.74,-0.31
226.863,0,Wall_3mx20cm_Wood_Panels (2),3.77,0.76,-0.31
226.891,0,Wall_3mx20cm_Wood_Panels (2),3.77,0.76,-0.31
226.934,0,Wall_3mx20cm_Wood_Panels (2),3.77,0.77,-0.31
226.961,0,Wall_3mx20cm_Wood_Panels (2),3.76,0.78,-0.31
226.988,0,Wall_3mx20cm_Wood_Panels (2),3.76,0.79,-0.31
227.030,0,Wall_3mx20cm_Wood_Panels (2),3.74,0.80,-0.31
227.059,0,Wall_3mx20cm_Wood_Panels (2),3.72,0.81,-0.31
227.100,0,Wall_3mx20cm_Wood_Panels (2),3.71,0.83,-0.31
227.128,0,Wall_3mx20cm_Wood_Panels (2),3.70,0.84,-0.31
227.156,0,Wall_3mx20cm_Wood_Panels (2),3.69,0.84,-0.31
227.198,0,Wall_3mx20cm_Wood_Panels (2),3.68,0.85,-0.31
227.225,0,Wall_3mx20cm_Wood_Panels (2),3.68,0.85,-0.31
227.253,0,Wall_3mx20cm_Wood_Panels (2),3.67,0.86,-0.31
227.295,0,Wall_3mx20cm_Wood_Panels (2),3.66,0.87,-0.31
227.323,0,Wall_3mx20cm_Wood_Panels (2),3.65,0.88,-0.31
227.364,0,Wall_3mx20cm_Wood_Panels (2),3.64,0.88,-0.31
227.392,0,Wall_3mx20cm_Wood_Panels (2),3.64,0.89,-0.31
227.421,0,Wall_3mx20cm_Wood_Panels (2),3.63,0.89,-0.31
227.462,0,Wall_3mx20cm_Wood_Panels (2),3.62,0.89,-0.31
227.489,0,Wall_3mx20cm_Wood_Panels (2),3.62,0.90,-0.31
227.531,0,Wall_3mx20cm_Wood_Panels (2),3.62,0.89,-0.31
227.560,0,Wall_3mx20cm_Wood_Panels (2),3.62,0.89,-0.31
227.587,0,Wall_3mx20cm_Wood_Panels (2),3.62,0.88,-0.31
227.629,0,Wall_3mx20cm_Wood_Panels (2),3.61,0.88,-0.31
227.657,0,Wall_3mx20cm_Wood_Panels (2),3.60,0.88,-0.31
227.699,0,Wall_3mx20cm_Wood_Panels (2),3.60,0.88,-0.31
227.727,0,Wall_3mx20cm_Wood_Panels (2),3.60,0.88,-0.31
227.755,0,Wall_3mx20cm_Wood_Panels (2),3.60,0.88,-0.31
227.796,0,Wall_3mx20cm_Wood_Panels (2),3.61,0.88,-0.31
227.824,0,Wall_3mx20cm_Wood_Panels (2),3.61,0.89,-0.31
227.866,0,Wall_3mx20cm_Wood_Panels (2),3.60,0.90,-0.31
227.893,0,Wall_3mx20cm_Wood_Panels (2),3.59,0.90,-0.31
227.921,0,Wall_3mx20cm_Wood_Panels (2),3.57,0.91,-0.31
227.963,0,Wall_3mx20cm_Wood_Panels (2),3.54,0.93,-0.31
227.992,0,Wall_3mx20cm_Wood_Panels (2),3.51,0.94,-0.31
228.033,0,Wall_3mx20cm_Wood_Panels (2),3.45,0.97,-0.31
228.060,0,Wall_3mx20cm_Wood_Panels (2),3.41,1.01,-0.31
228.089,0,Wall_3mx20cm_Wood_Panels (2),3.35,1.04,-0.31
228.130,0,Wall_3mx20cm_Wood_Panels (2),3.20,1.15,-0.31
228.159,0,Wall_3mx20cm_Wood_Panels (2),3.05,1.24,-0.31
228.200,0,Wall_3mx20cm_Wood_Panels (2),2.81,1.37,-0.31
228.228,0,Wall_3mx20cm_Wood_Panels (2),2.63,1.49,-0.31
228.255,0,Ceiling_log_3m (21),2.46,1.58,-0.32
228.298,0,Ceiling_log_3m (21),2.46,1.54,-0.42
228.325,0,Ceiling_log_3m (21),2.46,1.54,-0.49
228.368,0,Ceiling_log_3m (21),2.46,1.52,-0.58
228.395,0,Ceiling_log_3m (21),2.46,1.52,-0.65
228.423,0,Ceiling_log_3m (21),2.46,1.52,-0.72
228.465,0,Ceiling_log_3m (21),2.39,1.50,-0.84
228.492,0,Ceiling_3x3m (7),1.92,1.70,-0.86
228.520,0,Ceiling_3x3m (7),1.76,1.70,-0.97
228.562,0,Ceiling_3x3m (6),1.59,1.70,-1.16
228.590,0,Ceiling_log_3m (20),1.52,1.67,-1.28
228.632,0,Ceiling_log_3m (20),1.52,1.59,-1.44
228.660,0,Ceiling_log_3m (20),1.52,1.54,-1.52
228.687,0,Ceiling_log_3m (20),1.52,1.54,-1.59
228.730,0,Ceiling_log_3m (20),1.52,1.54,-1.67
228.758,0,Ceiling_log_3m (20),1.52,1.53,-1.70
228.799,0,Ceiling_log_3m (20),1.52,1.51,-1.72
228.827,0,Ceiling_log_3m (20),1.52,1.53,-1.73
228.855,0,Ceiling_log_3m (20),1.52,1.57,-1.74
228.897,0,Ceiling_log_3m (20),1.52,1.62,-1.72
228.925,0,Ceiling_log_3m (20),1.52,1.64,-1.74
228.967,0,Ceiling_log_3m (20),1.52,1.61,-1.77
228.994,0,Ceiling_log_3m (20),1.52,1.60,-1.80
229.022,0,Ceiling_log_3m (20),1.52,1.56,-1.80
229.065,0,Ceiling_log_3m (20),1.52,1.56,-1.77
229.092,0,Ceiling_log_3m (20),1.52,1.57,-1.74
229.134,0,Ceiling_log_3m (20),1.52,1.61,-1.64
229.161,0,Ceiling_log_3m (20),1.52,1.68,-1.55
229.189,0,Ceiling_3x3m (6),1.61,1.70,-1.46
229.231,0,Ceiling_3x3m (6),1.75,1.70,-1.34
229.258,0,Ceiling_3x3m (6),1.84,1.70,-1.26
229.300,0,Ceiling_3x3m (6),1.94,1.70,-1.14
229.328,0,Ceiling_3x3m (7),1.98,1.70,-1.05
229.356,0,Ceiling_log_3m (21),2.41,1.50,-1.05
229.398,0,Ceiling_log_3m (21),2.46,1.55,-0.94
229.425,0,Ceiling_log_3m (21),2.46,1.58,-0.86
229.467,0,Ceiling_log_3m (21),2.46,1.63,-0.77
229.495,0,Ceiling_log_3m (21),2.46,1.66,-0.70
229.524,0,Ceiling_log_3m (21),2.46,1.69,-0.63
229.565,0,Ceiling_3x3m (7),2.54,1.70,-0.57
229.592,0,Ceiling_3x3m (7),2.60,1.70,-0.55
229.620,0,Ceiling_3x3m (7),2.64,1.70,-0.53
229.662,0,Ceiling_3x3m (7),2.77,1.70,-0.53
229.690,0,Ceiling_3x3m (7),2.85,1.70,-0.53
229.731,0,Ceiling_3x3m (7),2.92,1.70,-0.51
229.759,0,Ceiling_3x3m (7),2.93,1.70,-0.48
229.787,0,Ceiling_3x3m (7),2.97,1.70,-0.45
229.828,0,Ceiling_3x3m (7),3.02,1.70,-0.42
229.857,0,Ceiling_3x3m (7),3.06,1.70,-0.39
229.899,0,Ceiling_log_3m (22),3.38,1.50,-0.47
229.927,0,Ceiling_log_3m (22),3.44,1.50,-0.45
229.955,0,Ceiling_log_3m (22),3.45,1.54,-0.41
229.996,0,Ceiling_log_3m (22),3.45,1.59,-0.35
230.024,0,Wall_3mx20cm_Wood_Panels (2),3.47,1.62,-0.31
230.066,0,Wall_3mx20cm_Wood_Panels (2),3.53,1.62,-0.31
230.093,0,Wall_3mx20cm_Wood_Panels (2),3.56,1.65,-0.31
230.122,0,Wall_3mx20cm_Wood_Panels (2),3.58,1.66,-0.31
230.164,0,Wall_3mx20cm_Wood_Panels (2),3.59,1.67,-0.31
230.191,0,Wall_3mx20cm_Wood_Panels (2),3.63,1.63,-0.31
230.233,0,Wall_3mx20cm_Wood_Panels (2),3.68,1.59,-0.31
230.260,0,Wall_3mx20cm_Wood_Panels (2),3.70,1.55,-0.31
230.288,0,Wall_3mx20cm_Wood_Panels (2),3.73,1.52,-0.31
230.330,0,Wall_3mx20cm_Wood_Panels (2),3.80,1.46,-0.31
230.358,0,Wall_3mx20cm_Wood_Panels (2),3.84,1.40,-0.31
230.391,0,Wall_3mx20cm_Wood_Panels (2),3.88,1.37,-0.31
230.427,0,Wall_3mx20cm_Wood_Panels (2),3.94,1.31,-0.31
230.455,0,Wall_3mx20cm_Wood_Panels (2),3.99,1.29,-0.31
230.497,0,Wall_3mx20cm_Wood_Panels (2),4.02,1.29,-0.31
230.526,0,Wall_3mx20cm_Wood_Panels (2),4.00,1.32,-0.31
230.566,0,Wall_3mx20cm_Wood_Panels (2),3.95,1.43,-0.31
230.596,0,Wall_3mx20cm_Wood_Panels (2),3.92,1.51,-0.31
230.623,0,Wall_3mx20cm_Wood_Panels (2),3.86,1.61,-0.31
230.665,0,Ceiling_3x3m (9),3.80,1.70,-0.32
230.693,0,Ceiling_3x3m (9),3.75,1.70,-0.33
230.735,0,Ceiling_3x3m (9),3.67,1.70,-0.36
230.763,0,Ceiling_3x3m (9),3.61,1.70,-0.37
230.792,0,Ceiling_3x3m (9),3.56,1.70,-0.39
230.832,0,Ceiling_3x3m (9),3.48,1.70,-0.39
230.860,0,Ceiling_log_3m (22),3.45,1.68,-0.40
230.888,0,Ceiling_log_3m (22),3.45,1.62,-0.41
230.930,0,Ceiling_log_3m (22),3.45,1.56,-0.41
230.957,0,Ceiling_log_3m (22),3.45,1.55,-0.44
231.000,0,Ceiling_log_3m (22),3.45,1.56,-0.44
231.027,0,Ceiling_log_3m (22),3.45,1.57,-0.44
231.054,0,Ceiling_log_3m (22),3.45,1.55,-0.46
231.097,0,Ceiling_log_3m (22),3.42,1.50,-0.49
231.124,0,Ceiling_log_3m (22),3.36,1.50,-0.50
231.166,0,Ceiling_3x3m (7),3.05,1.70,-0.43
231.194,0,Ceiling_3x3m (7),2.98,1.70,-0.43
231.222,0,Ceiling_3x3m (7),2.92,1.70,-0.46
231.265,0,Ceiling_3x3m (7),2.87,1.70,-0.51
231.291,0,Ceiling_3x3m (7),2.82,1.70,-0.52
231.334,0,Ceiling_3x3m (7),2.80,1.70,-0.58
231.361,0,Ceiling_3x3m (7),2.78,1.70,-0.60
231.389,0,Ceiling_3x3m (7),2.72,1.70,-0.61
231.430,0,Ceiling_3x3m (7),2.56,1.70,-0.60
231.458,0,Ceiling_3x3m (7),2.47,1.70,-0.59
231.503,0,Ceiling_log_3m (21),2.46,1.63,-0.63
231.530,0,Ceiling_log_3m (21),2.46,1.57,-0.67
231.558,0,Ceiling_log_3m (21),2.46,1.53,-0.71
231.611,0,Ceiling_log_3m (21),2.45,1.50,-0.77
231.643,0,Ceiling_log_3m (21),2.44,1.50,-0.80
231.657,0,Ceiling_log_3m (21),2.41,1.50,-0.84
231.730,0,Ceiling_log_3m (21),2.41,1.50,-0.88
231.730,0,Ceiling_log_3m (21),2.41,1.50,-0.88
