t,cond,hitObj,x,y,z
6.792,1,Collider,6.49,-1.47,-1.80
6.792,1,Collider,6.49,-1.47,-1.80
6.792,1,Collider,6.49,-1.47,-1.80
6.792,1,Collider,6.49,-1.47,-1.80
6.792,1,Collider,6.49,-1.47,-1.80
6.792,1,Collider,6.49,-1.47,-1.80
6.792,1,Collider,6.49,-1.47,-1.80
6.792,1,Collider,6.49,-1.47,-1.80
6.792,1,Collider,6.49,-1.47,-1.80
6.792,1,Collider,6.49,-1.47,-1.80
6.792,1,Collider,6.49,-1.47,-1.80
6.792,1,Collider,6.49,-1.47,-1.80
6.792,1,Collider,6.49,-1.47,-1.80
6.792,1,Collider,6.49,-1.47,-1.80
6.792,1,Collider,6.49,-1.47,-1.80
6.792,1,Collider,6.49,-1.47,-1.80
6.792,1,Collider,6.49,-1.47,-1.80
6.792,1,Collider,6.49,-1.47,-1.80
6.792,1,Collider,6.49,-1.47,-1.80
6.792,1,Collider,6.49,-1.47,-1.80
6.792,1,Collider,6.49,-1.47,-1.80
6.792,1,Collider,6.49,-1.47,-1.80
6.792,1,Collider,6.49,-1.47,-1.80
6.792,1,Collider,6.49,-1.47,-1.80
6.792,1,Collider,6.49,-1.47,-1.80
6.792,1,Collider,6.49,-1.47,-1.80
6.792,1,Collider,6.49,-1.47,-1.80
6.792,1,Collider,6.49,-1.47,-1.80
6.792,1,Collider,6.49,-1.47,-1.80
6.792,1,Collider,6.49,-1.47,-1.80
6.792,1,Collider,6.49,-1.47,-1.80
6.792,1,Collider,6.49,-1.47,-1.80
6.792,1,Collider,6.49,-1.47,-1.80
6.792,1,Collider,6.49,-1.47,-1.80
6.792,1,Collider,6.49,-1.47,-1.80
6.792,1,Collider,6.49,-1.47,-1.80
6.792,1,Collider,6.49,-1.47,-1.80
6.792,1,Collider,6.49,-1.47,-1.80
6.792,1,Collider,6.49,-1.47,-1.80
6.792,1,Collider,6.49,-1.47,-1.80
6.792,1,Collider,6.49,-1.47,-1.80
6.792,1,Collider,6.49,-1.47,-1.80
6.792,1,Collider,6.49,-1.47,-1.80
6.792,1,Collider,6.49,-1.47,-1.80
6.792,1,Collider,6.49,-1.47,-1.80
6.792,1,Collider,6.49,-1.47,-1.80
6.792,1,Collider,6.49,-1.47,-1.80
6.792,1,Collider,6.49,-1.47,-1.80
6.792,1,Collider,6.49,-1.47,-1.80
6.792,1,Collider,6.49,-1.47,-1.80
6.792,1,Collider,6.49,-1.47,-1.80
6.792,1,Collider,6.49,-1.47,-1.80
6.792,1,Collider,6.49,-1.47,-1.80
6.792,1,Collider,6.49,-1.47,-1.80
6.792,1,Collider,6.49,-1.47,-1.80
6.792,1,Collider,6.49,-1.47,-1.80
6.792,1,Collider,6.49,-1.47,-1.80
6.792,1,Collider,6.49,-1.47,-1.80
6.792,1,Collider,6.49,-1.47,-1.80
6.792,1,Collider,6.49,-1.47,-1.80
6.792,1,Collider,6.49,-1.47,-1.80
6.792,1,Collider,6.49,-1.47,-1.80
6.792,1,Collider,6.49,-1.47,-1.80
6.792,1,Collider,6.49,-1.47,-1.80
6.792,1,Collider,6.49,-1.47,-1.80
6.792,1,Collider,6.49,-1.47,-1.80
6.792,1,Collider,6.49,-1.47,-1.80
6.792,1,Collider,6.49,-1.47,-1.80
6.792,1,Collider,6.49,-1.47,-1.80
6.792,1,Collider,6.49,-1.47,-1.80
6.792,1,Collider,6.49,-1.47,-1.80
6.792,1,Collider,6.49,-1.47,-1.80
6.792,1,Collider,6.49,-1.47,-1.80
6.792,1,Collider,6.49,-1.47,-1.80
6.792,1,Collider,6.49,-1.47,-1.80
6.792,1,Collider,6.49,-1.47,-1.80
6.792,1,Collider,6.49,-1.47,-1.80
6.792,1,Collider,6.49,-1.47,-1.80
6.792,1,Collider,6.49,-1.47,-1.80
6.792,1,Collider,6.49,-1.47,-1.80
6.792,1,Collider,6.49,-1.47,-1.80
6.792,1,Collider,6.49,-1.47,-1.80
6.792,1,Collider,6.49,-1.47,-1.80
6.792,1,Collider,6.49,-1.47,-1.80
6.792,1,Collider,6.49,-1.47,-1.80
6.792,1,Collider,6.49,-1.47,-1.80
6.792,1,Collider,6.49,-1.47,-1.80
6.792,1,Collider,6.49,-1.47,-1.80
6.792,1,Collider,6.49,-1.47,-1.80
6.792,1,Collider,6.49,-1.47,-1.80
6.792,1,Collider,6.49,-1.47,-1.80
6.792,1,Collider,6.49,-1.47,-1.80
6.792,1,Collider,6.49,-1.47,-1.80
6.792,1,Collider,6.49,-1.47,-1.80
6.792,1,Collider,6.49,-1.47,-1.80
6.792,1,Collider,6.49,-1.47,-1.80
6.792,1,Collider,6.49,-1.47,-1.80
6.792,1,Collider,6.49,-1.47,-1.80
6.792,1,Collider,6.49,-1.47,-1.80
6.792,1,Collider,6.49,-1.47,-1.80
6.792,1,Collider,6.49,-1.47,-1.80
6.792,1,Collider,6.49,-1.47,-1.80
6.792,1,Collider,6.49,-1.47,-1.80
6.792,1,Collider,6.49,-1.47,-1.80
6.792,1,Collider,6.49,-1.47,-1.80
6.792,1,Collider,6.49,-1.47,-1.80
6.792,1,Collider,6.49,-1.47,-1.80
6.792,1,Collider,6.49,-1.47,-1.80
6.792,1,Collider,6.49,-1.47,-1.80
6.792,1,Collider,6.49,-1.47,-1.80
6.792,1,Collider,6.49,-1.47,-1.80
6.792,1,Collider,6.49,-1.47,-1.80
6.792,1,Collider,6.49,-1.47,-1.80
6.792,1,Collider,6.49,-1.47,-1.80
6.792,1,Collider,6.49,-1.47,-1.80
6.792,1,Collider,6.49,-1.47,-1.80
6.792,1,Collider,6.49,-1.47,-1.80
6.792,1,Collider,6.49,-1.47,-1.80
6.792,1,Collider,6.49,-1.47,-1.80
6.792,1,Collider,6.49,-1.47,-1.80
6.792,1,Collider,6.49,-1.47,-1.80
6.792,1,Collider,6.49,-1.47,-1.80
6.792,1,Collider,6.49,-1.47,-1.80
6.792,1,Collider,6.49,-1.47,-1.80
6.792,1,Collider,6.49,-1.47,-1.80
6.792,1,Collider,6.49,-1.47,-1.80
6.792,1,Collider,6.49,-1.47,-1.80
6.792,1,Collider,6.49,-1.47,-1.80
6.792,1,Collider,6.49,-1.47,-1.80
6.792,1,Collider,6.49,-1.47,-1.80
6.792,1,Collider,6.49,-1.47,-1.80
6.792,1,Collider,6.49,-1.47,-1.80
6.792,1,Collider,6.49,-1.47,-1.80
6.792,1,Collider,6.49,-1.47,-1.80
6.792,1,Collider,6.49,-1.47,-1.80
6.792,1,Collider,6.49,-1.47,-1.80
6.792,1,Collider,6.49,-1.47,-1.80
6.792,1,Collider,6.49,-1.47,-1.80
6.792,1,Collider,6.49,-1.47,-1.80
6.792,1,Collider,6.49,-1.47,-1.80
6.792,1,Collider,6.49,-1.47,-1.80
6.792,1,Collider,6.49,-1.47,-1.80
6.792,1,Collider,6.49,-1.47,-1.80
6.792,1,Collider,6.49,-1.47,-1.80
6.792,1,Collider,6.49,-1.47,-1.80
6.792,1,Collider,6.49,-1.47,-1.80
6.792,1,Collider,6.49,-1.47,-1.80
6.792,1,Collider,6.49,-1.47,-1.80
6.792,1,Collider,6.49,-1.47,-1.80
6.792,1,Collider,6.49,-1.47,-1.80
6.792,1,Collider,6.49,-1.47,-1.80
6.792,1,Collider,6.49,-1.47,-1.80
6.792,1,Collider,6.49,-1.47,-1.80
6.792,1,Collider,6.49,-1.47,-1.80
6.792,1,Collider,6.49,-1.47,-1.80
6.792,1,Collider,6.49,-1.47,-1.80
6.792,1,Collider,6.49,-1.47,-1.80
6.792,1,Collider,6.49,-1.47,-1.80
6.792,1,Collider,6.49,-1.47,-1.80
6.792,1,Collider,6.49,-1.47,-1.80
6.792,1,Collider,6.49,-1.47,-1.80
6.792,1,Collider,6.49,-1.47,-1.80
6.792,1,Collider,6.49,-1.47,-1.80
6.792,1,Collider,6.49,-1.47,-1.80
6.792,1,Collider,6.49,-1.47,-1.80
6.792,1,Collider,6.49,-1.47,-1.80
6.792,1,Collider,6.49,-1.47,-1.80
6.792,1,Collider,6.49,-1.47,-1.80
6.792,1,Collider,6.49,-1.47,-1.80
6.792,1,Collider,6.49,-1.47,-1.80
6.792,1,Collider,6.49,-1.47,-1.80
6.792,1,Collider,6.49,-1.47,-1.80
6.792,1,Collider,6.49,-1.47,-1.80
6.792,1,Collider,6.49,-1.47,-1.80
6.792,1,Collider,6.49,-1.47,-1.80
6.792,1,Collider,6.49,-1.47,-1.80
6.792,1,Collider,6.49,-1.47,-1.80
6.792,1,Collider,6.49,-1.47,-1.80
6.792,1,Collider,6.49,-1.47,-1.80
6.792,1,Collider,6.49,-1.47,-1.80
6.792,1,Collider,6.49,-1.47,-1.80
6.792,1,Collider,6.49,-1.47,-1.80
6.792,1,Collider,6.49,-1.47,-1.80
6.792,1,Collider,6.49,-1.47,-1.80
6.792,1,Collider,6.49,-1.47,-1.80
6.792,1,Collider,6.49,-1.47,-1.80
6.792,1,Collider,6.49,-1.47,-1.80
6.792,1,Collider,6.49,-1.47,-1.80
6.792,1,Collider,6.49,-1.47,-1.80
6.792,1,Collider,6.49,-1.47,-1.80
6.792,1,Collider,6.49,-1.47,-1.80
6.792,1,Collider,6.49,-1.47,-1.80
6.792,1,Collider,6.49,-1.47,-1.80
6.792,1,Collider,6.49,-1.47,-1.80
6.792,1,Collider,6.49,-1.47,-1.80
6.792,1,Collider,6.49,-1.47,-1.80
6.792,1,Collider,6.49,-1.47,-1.80
6.792,1,Collider,6.49,-1.47,-1.80
6.792,1,Collider,6.49,-1.47,-1.80
6.792,1,Collider,6.49,-1.47,-1.80
6.792,1,Collider,6.49,-1.47,-1.80
6.792,1,Collider,6.49,-1.47,-1.80
6.792,1,Collider,6.49,-1.47,-1.80
6.792,1,Collider,6.49,-1.47,-1.80
6.815,1,Collider,6.49,-1.53,-1.80
6.843,1,Middle,6.47,-1.67,-1.80
6.873,1,Middle1,6.47,-1.72,-1.80
6.913,1,Collider,6.49,-1.63,-1.80
6.940,1,Collider,6.49,-1.62,-1.80
6.969,1,Collider,6.49,-1.65,-1.80
7.059,1,Collider,6.49,-1.65,-1.80
7.059,1,Collider,6.49,-1.65,-1.80
7.075,1,Collider,6.49,-1.65,-1.80
7.102,1,Collider,6.49,-1.65,-1.80
7.135,1,Collider,6.49,-1.65,-1.80
7.175,1,Collider,6.49,-1.65,-1.80
7.204,1,Collider,6.49,-1.65,-1.80
7.247,1,Collider,6.49,-1.65,-1.80
7.274,1,Collider,6.49,-1.65,-1.80
7.392,1,Ceiling_log_3m (20),1.52,1.62,-2.94
7.392,1,Ceiling_log_3m (20),1.52,1.62,-2.94
7.392,1,Ceiling_log_3m (20),1.52,1.62,-2.94
7.423,1,Ceiling_log_3m (20),1.42,1.50,-2.96
7.449,1,Wall_3mx20cm_Conference_Door,1.41,1.50,-2.97
7.470,1,Wall_3mx20cm_Conference_Door,1.41,1.50,-2.96
7.500,1,Wall_3mx20cm_Conference_Door,1.41,1.49,-2.97
7.540,1,Wall_3mx20cm_Conference_Door,1.41,1.47,-2.98
7.568,1,Wall_3mx20cm_Conference_Door,1.41,1.46,-2.99
7.611,1,Wall_3mx20cm_Conference_Door,1.41,1.43,-3.03
7.639,1,Wall_3mx20cm_Conference_Door,1.41,1.40,-3.09
7.680,1,Wall_3mx20cm_Conference_Door,1.41,1.35,-3.15
7.723,1,Wall_3mx20cm_Conference_Door,1.41,1.28,-3.18
7.751,1,Wall_3mx20cm_Conference_Door,1.41,1.22,-3.23
7.777,1,Wall_3mx20cm_Conference_Door,1.41,1.14,-3.27
7.804,1,Timer,1.47,1.03,-3.30
7.860,1,Timer,1.47,0.86,-3.41
7.888,1,Wall_3mx20cm_Conference_Door,1.41,0.78,-3.50
7.915,1,Wall_3mx20cm_Conference_Door,1.41,0.70,-3.55
7.945,1,Wall_3mx20cm_Conference_Door,1.41,0.61,-3.59
7.971,1,Wall_3mx20cm_Conference_Door,1.41,0.52,-3.61
8.018,1,Wall_3mx20cm_Conference_Door,1.41,0.41,-3.62
8.040,1,Wall_3mx20cm_Conference_Door,1.41,0.31,-3.63
8.068,1,Wall_3mx20cm_Conference_Door,1.41,0.14,-3.63
8.124,1,Wall_3mx20cm_Conference_Door,1.41,-0.03,-3.61
8.152,1,Wall_3mx20cm_Conference_Door,1.41,-0.11,-3.59
8.183,1,Wall_3mx20cm_Conference_Door,1.41,-0.19,-3.56
8.210,1,Wall_3mx20cm_Conference_Door,1.41,-0.25,-3.53
8.239,1,Wall_3mx20cm_Conference_Door,1.32,-0.30,-3.53
8.289,1,Conference_Room_Door_R,1.33,-0.39,-3.45
8.319,1,Conference_Room_Door_R,1.33,-0.42,-3.40
8.346,1,Conference_Room_Door_R,1.33,-0.46,-3.35
8.374,1,Conference_Room_Door_R,1.33,-0.51,-3.30
8.402,1,Conference_Room_Door_R,1.33,-0.56,-3.25
8.445,1,Conference_Room_Door_R,1.33,-0.67,-3.17
8.472,1,Conference_Room_Door_R,1.33,-0.69,-3.11
8.512,1,Conference_Room_Door_R,1.33,-0.74,-3.01
8.542,1,Conference_Room_Door_R,1.33,-0.78,-2.95
8.569,1,Conference_Room_Door_R,1.33,-0.82,-2.92
8.610,1,Auto Hand Player,6.65,-0.72,-1.81
8.638,1,Conference_Room_Door_R,1.33,-0.91,-2.86
8.681,1,Auto Hand Player,6.65,-0.72,-1.81
8.711,1,Auto Hand Player,6.65,-0.72,-1.81
8.736,1,Auto Hand Player,6.65,-0.72,-1.81
8.778,1,Auto Hand Player,6.64,-0.72,-1.81
8.805,1,Auto Hand Player,6.64,-0.72,-1.81
8.847,1,Conference_Room_Door_R,1.33,-0.96,-2.70
8.875,1,Conference_Room_Door_R,1.33,-0.98,-2.67
8.902,1,Conference_Room_Door_R,1.33,-1.00,-2.65
8.944,1,Conference_Room_Door_R,1.33,-1.02,-2.62
8.971,1,Conference_Room_Door_L,1.33,-1.03,-2.59
9.013,1,Conference_Room_Door_L,1.33,-1.04,-2.55
9.042,1,Auto Hand Player,6.64,-0.72,-1.82
9.070,1,Auto Hand Player,6.64,-0.72,-1.82
9.112,1,Auto Hand Player,6.64,-0.72,-1.83
9.140,1,Auto Hand Player,6.64,-0.72,-1.83
9.168,1,Auto Hand Player,6.63,-0.72,-1.83
9.209,1,Conference_Room_Door_L,1.33,-1.13,-2.23
9.238,1,Conference_Room_Door_L,1.33,-1.14,-2.18
9.280,1,Auto Hand Player,6.63,-0.72,-1.84
9.308,1,Auto Hand Player,6.63,-0.72,-1.84
9.336,1,Auto Hand Player,6.63,-0.72,-1.84
9.431,1,Auto Hand Player,6.63,-0.72,-1.85
9.431,1,Auto Hand Player,6.63,-0.72,-1.85
9.448,1,Auto Hand Player,6.62,-0.73,-1.85
9.509,1,Conference_Room_Door_L,1.33,-1.42,-1.78
9.509,1,Conference_Room_Door_L,1.33,-1.42,-1.78
9.543,1,Wall_3mx20cm_Conference_Door,1.41,-1.52,-1.66
9.573,1,Auto Hand Player,6.61,-0.73,-1.86
9.614,1,Auto Hand Player,6.61,-0.73,-1.86
9.642,1,Wall_3mx20cm_Conference_Door,1.41,-1.69,-1.52
9.671,1,Auto Hand Player,6.61,-0.73,-1.86
9.712,1,Auto Hand Player,6.60,-0.73,-1.87
9.739,1,Conference_table,4.86,-1.10,-1.70
9.768,1,Auto Hand Player,6.60,-0.74,-1.87
9.810,1,Auto Hand Player,6.60,-0.74,-1.87
9.838,1,Auto Hand Player,6.60,-0.74,-1.87
9.880,1,Auto Hand Player,6.59,-0.74,-1.87
9.908,1,Auto Hand Player,6.59,-0.74,-1.88
9.936,1,Auto Hand Player,6.59,-0.74,-1.88
9.978,1,Auto Hand Player,6.59,-0.74,-1.88
10.007,1,Conference_table,5.35,-1.10,-1.70
10.035,1,Auto Hand Player,6.58,-0.74,-1.88
10.076,1,Auto Hand Player,6.58,-0.75,-1.88
10.102,1,Auto Hand Player,6.58,-0.75,-1.88
10.144,1,Auto Hand Player,6.58,-0.75,-1.89
10.171,1,Auto Hand Player,6.57,-0.75,-1.89
10.211,1,Auto Hand Player,6.57,-0.75,-1.89
10.254,1,Auto Hand Player,6.57,-0.75,-1.89
10.270,1,Auto Hand Player,6.57,-0.75,-1.89
10.312,1,Auto Hand Player,6.57,-0.75,-1.89
10.339,1,Auto Hand Player,6.57,-0.75,-1.89
10.380,1,Auto Hand Player,6.57,-0.75,-1.90
10.405,1,Auto Hand Player,6.57,-0.75,-1.90
10.435,1,Auto Hand Player,6.57,-0.75,-1.90
10.476,1,Auto Hand Player,6.57,-0.75,-1.90
10.517,1,Auto Hand Player,6.57,-0.75,-1.90
10.534,1,Auto Hand Player,6.57,-0.75,-1.90
10.573,1,Auto Hand Player,6.57,-0.75,-1.90
10.602,1,Auto Hand Player,6.57,-0.75,-1.90
10.643,1,Conference_table,5.60,-1.10,-1.82
10.672,1,Auto Hand Player,6.58,-0.75,-1.90
10.712,1,Auto Hand Player,6.58,-0.75,-1.90
10.740,1,Auto Hand Player,6.58,-0.75,-1.90
10.768,1,Auto Hand Player,6.58,-0.75,-1.89
10.810,1,Auto Hand Player,6.58,-0.75,-1.89
10.837,1,Auto Hand Player,6.58,-0.75,-1.89
10.879,1,Auto Hand Player,6.58,-0.75,-1.89
10.905,1,Auto Hand Player,6.58,-0.75,-1.89
10.934,1,Auto Hand Player,6.58,-0.75,-1.89
10.976,1,Auto Hand Player,6.58,-0.75,-1.89
11.004,1,Auto Hand Player,6.58,-0.75,-1.89
11.045,1,Auto Hand Player,6.58,-0.75,-1.89
11.073,1,Auto Hand Player,6.58,-0.75,-1.88
11.101,1,Auto Hand Player,6.58,-0.75,-1.88
11.143,1,Auto Hand Player,6.58,-0.75,-1.88
11.170,1,Auto Hand Player,6.58,-0.75,-1.88
11.213,1,Auto Hand Player,6.58,-0.75,-1.88
11.240,1,Auto Hand Player,6.58,-0.75,-1.88
11.269,1,Auto Hand Player,6.58,-0.75,-1.88
11.311,1,Auto Hand Player,6.58,-0.75,-1.88
11.339,1,Auto Hand Player,6.58,-0.75,-1.88
11.367,1,Auto Hand Player,6.59,-0.75,-1.88
11.409,1,Auto Hand Player,6.59,-0.75,-1.88
11.437,1,Auto Hand Player,6.59,-0.75,-1.88
11.479,1,Auto Hand Player,6.59,-0.75,-1.88
11.507,1,Auto Hand Player,6.59,-0.75,-1.88
11.534,1,Auto Hand Player,6.59,-0.75,-1.88
11.575,1,Auto Hand Player,6.59,-0.75,-1.88
11.603,1,Auto Hand Player,6.59,-0.75,-1.88
11.645,1,Auto Hand Player,6.59,-0.75,-1.88
11.673,1,Auto Hand Player,6.59,-0.75,-1.88
11.701,1,Auto Hand Player,6.59,-0.75,-1.88
11.743,1,Auto Hand Player,6.59,-0.75,-1.88
11.771,1,Auto Hand Player,6.59,-0.75,-1.88
11.800,1,Auto Hand Player,6.59,-0.75,-1.88
11.841,1,Auto Hand Player,6.59,-0.75,-1.88
11.868,1,Auto Hand Player,6.59,-0.75,-1.88
11.910,1,Auto Hand Player,6.59,-0.75,-1.88
11.939,1,Auto Hand Player,6.59,-0.75,-1.88
11.968,1,Auto Hand Player,6.59,-0.75,-1.88
12.008,1,Auto Hand Player,6.59,-0.75,-1.88
12.036,1,Auto Hand Player,6.59,-0.75,-1.88
12.079,1,Auto Hand Player,6.59,-0.75,-1.88
12.106,1,Auto Hand Player,6.59,-0.75,-1.88
12.134,1,Auto Hand Player,6.60,-0.74,-1.88
12.175,1,Auto Hand Player,6.60,-0.74,-1.88
12.204,1,Auto Hand Player,6.60,-0.74,-1.88
12.245,1,Auto Hand Player,6.60,-0.74,-1.88
12.275,1,Auto Hand Player,6.61,-0.74,-1.88
12.301,1,Auto Hand Player,6.61,-0.74,-1.88
12.344,1,Auto Hand Player,6.61,-0.74,-1.88
12.371,1,Auto Hand Player,6.61,-0.74,-1.88
12.413,1,Auto Hand Player,6.61,-0.74,-1.88
12.443,1,Auto Hand Player,6.61,-0.74,-1.88
12.469,1,Conference_table,5.00,-1.10,-2.21
12.511,1,Auto Hand Player,6.62,-0.73,-1.87
12.540,1,Auto Hand Player,6.62,-0.73,-1.87
12.567,1,Auto Hand Player,6.62,-0.73,-1.87
12.609,1,Auto Hand Player,6.62,-0.73,-1.87
12.638,1,Auto Hand Player,6.62,-0.73,-1.87
12.680,1,Auto Hand Player,6.63,-0.73,-1.86
12.707,1,Auto Hand Player,6.63,-0.73,-1.86
12.734,1,Auto Hand Player,6.63,-0.73,-1.86
12.776,1,Auto Hand Player,6.63,-0.73,-1.86
12.805,1,Auto Hand Player,6.63,-0.73,-1.86
12.845,1,Auto Hand Player,6.63,-0.73,-1.85
12.873,1,Auto Hand Player,6.63,-0.73,-1.85
12.901,1,Auto Hand Player,6.63,-0.73,-1.85
12.944,1,Auto Hand Player,6.63,-0.73,-1.85
12.971,1,Auto Hand Player,6.63,-0.73,-1.85
13.013,1,Auto Hand Player,6.63,-0.73,-1.84
13.041,1,Auto Hand Player,6.63,-0.72,-1.84
13.069,1,Auto Hand Player,6.63,-0.72,-1.84
13.111,1,Auto Hand Player,6.63,-0.72,-1.84
13.138,1,Conference_Room_Door_R,1.33,-1.19,-3.00
13.181,1,Auto Hand Player,6.64,-0.72,-1.84
13.208,1,Auto Hand Player,6.64,-0.72,-1.83
13.236,1,Auto Hand Player,6.64,-0.71,-1.83
13.279,1,Auto Hand Player,6.64,-0.71,-1.83
13.306,1,Conference_Room_Door_R,1.33,-0.70,-3.00
13.335,1,Conference_Room_Door_R,1.33,-0.61,-2.98
13.376,1,Conference_Room_Door_R,1.33,-0.48,-2.96
13.404,1,Conference_Room_Door_R,1.33,-0.40,-2.95
13.445,1,Conference_Room_Door_R,1.33,-0.30,-2.92
13.474,1,Conference_Room_Door_R,1.33,-0.25,-2.91
13.501,1,Conference_Room_Door_R,1.33,-0.22,-2.90
13.543,1,Conference_Room_Door_R,1.33,-0.20,-2.88
13.571,1,Conference_Room_Door_R,1.33,-0.17,-2.86
13.613,1,Conference_Room_Door_R,1.33,-0.16,-2.86
13.640,1,Conference_Room_Door_R,1.33,-0.15,-2.86
13.668,1,Conference_Room_Door_R,1.33,-0.15,-2.87
13.711,1,Conference_Room_Door_R,1.33,-0.14,-2.88
13.737,1,Conference_Room_Door_R,1.33,-0.14,-2.89
13.779,1,Conference_Room_Door_R,1.33,-0.11,-2.89
13.807,1,Conference_Room_Door_R,1.33,-0.09,-2.89
13.835,1,Conference_Room_Door_R,1.33,-0.08,-2.90
13.877,1,Conference_Room_Door_R,1.33,-0.09,-2.91
13.905,1,Conference_Room_Door_R,1.33,-0.09,-2.93
13.946,1,Conference_Room_Door_R,1.33,-0.08,-2.93
13.974,1,Conference_Room_Door_R,1.33,-0.07,-2.94
14.002,1,Conference_Room_Door_R,1.33,-0.05,-2.93
14.044,1,Conference_Room_Door_R,1.33,-0.03,-2.95
14.072,1,Conference_Room_Door_R,1.33,-0.03,-2.95
14.100,1,Conference_Room_Door_R,1.33,-0.02,-2.96
14.141,1,Conference_Room_Door_R,1.33,0.00,-2.96
14.170,1,Conference_Room_Door_R,1.33,0.01,-2.96
14.211,1,Conference_Room_Door_R,1.33,0.02,-2.97
14.239,1,Conference_Room_Door_R,1.33,0.03,-2.98
14.267,1,Conference_Room_Door_R,1.33,0.03,-3.00
14.309,1,Conference_Room_Door_R,1.33,0.05,-3.01
14.337,1,Conference_Room_Door_R,1.33,0.05,-3.01
14.379,1,Conference_Room_Door_R,1.33,0.05,-3.00
14.406,1,Conference_Room_Door_R,1.33,0.05,-3.00
14.434,1,Conference_Room_Door_R,1.33,0.05,-3.01
14.476,1,Conference_Room_Door_R,1.33,0.02,-3.02
14.504,1,Conference_Room_Door_R,1.33,0.01,-3.02
14.545,1,Conference_Room_Door_R,1.33,0.00,-3.02
14.573,1,Conference_Room_Door_R,1.33,0.00,-3.02
14.602,1,Conference_Room_Door_R,1.33,-0.01,-3.03
14.643,1,Conference_Room_Door_R,1.33,-0.03,-3.05
14.671,1,Conference_Room_Door_R,1.33,-0.03,-3.06
14.713,1,Conference_Room_Door_R,1.33,-0.03,-3.06
14.741,1,Conference_Room_Door_R,1.33,-0.04,-3.06
14.769,1,Conference_Room_Door_R,1.33,-0.05,-3.06
14.811,1,Conference_Room_Door_R,1.33,-0.08,-3.07
14.839,1,Conference_Room_Door_R,1.33,-0.10,-3.08
14.880,1,Conference_Room_Door_R,1.33,-0.12,-3.07
14.908,1,Conference_Room_Door_R,1.33,-0.13,-3.07
14.937,1,Conference_Room_Door_R,1.33,-0.14,-3.07
14.978,1,Conference_Room_Door_R,1.33,-0.16,-3.09
15.006,1,Conference_Room_Door_R,1.33,-0.17,-3.10
15.034,1,Conference_Room_Door_R,1.33,-0.18,-3.10
15.076,1,Conference_Room_Door_R,1.33,-0.19,-3.08
15.104,1,Conference_Room_Door_R,1.33,-0.20,-3.07
15.145,1,Conference_Room_Door_R,1.33,-0.19,-3.06
15.172,1,Conference_Room_Door_R,1.33,-0.20,-3.05
15.200,1,Conference_Room_Door_R,1.33,-0.21,-3.05
15.242,1,Conference_Room_Door_R,1.33,-0.21,-3.04
15.270,1,Conference_Room_Door_R,1.33,-0.20,-3.03
15.312,1,Conference_Room_Door_R,1.33,-0.19,-3.03
15.340,1,Conference_Room_Door_R,1.33,-0.18,-3.03
15.368,1,Conference_Room_Door_R,1.33,-0.19,-3.04
15.411,1,Conference_Room_Door_R,1.33,-0.19,-3.03
15.437,1,Conference_Room_Door_R,1.33,-0.18,-3.01
15.479,1,Conference_Room_Door_R,1.33,-0.16,-2.98
15.507,1,Conference_Room_Door_R,1.33,-0.15,-2.96
15.535,1,Conference_Room_Door_R,1.33,-0.15,-2.94
15.576,1,Conference_Room_Door_R,1.33,-0.14,-2.90
15.605,1,Conference_Room_Door_R,1.33,-0.12,-2.87
15.646,1,Conference_Room_Door_R,1.33,-0.09,-2.82
15.674,1,Conference_Room_Door_R,1.33,-0.07,-2.79
15.702,1,Conference_Room_Door_R,1.33,-0.06,-2.78
15.744,1,Conference_Room_Door_R,1.33,-0.07,-2.75
15.771,1,Conference_Room_Door_R,1.33,-0.07,-2.72
15.814,1,Conference_Room_Door_R,1.33,-0.08,-2.67
15.840,1,Conference_Room_Door_R,1.33,-0.07,-2.63
15.869,1,Conference_Room_Door_L,1.33,-0.04,-2.58
15.911,1,Conference_Room_Door_L,1.33,0.01,-2.50
15.939,1,Conference_Room_Door_L,1.33,0.04,-2.45
15.980,1,Conference_Room_Door_L,1.33,0.07,-2.38
16.008,1,Conference_Room_Door_L,1.33,0.08,-2.35
16.036,1,Conference_Room_Door_L,1.33,0.08,-2.32
16.078,1,Conference_Room_Door_L,1.33,0.10,-2.28
16.106,1,Conference_Room_Door_L,1.33,0.11,-2.25
16.134,1,Conference_Room_Door_L,1.33,0.12,-2.23
16.176,1,Conference_Room_Door_L,1.33,0.11,-2.18
16.203,1,Conference_Room_Door_L,1.33,0.10,-2.15
16.245,1,Conference_Room_Door_L,1.33,0.13,-2.09
16.273,1,Conference_Room_Door_L,1.33,0.14,-2.04
16.301,1,Conference_Room_Door_L,1.33,0.16,-1.96
16.342,1,Conference_Room_Door_L,1.33,0.20,-1.84
16.371,1,Conference_Room_Door_L,1.33,0.22,-1.74
16.412,1,Wall_3mx20cm_Conference_Door,1.41,0.25,-1.59
16.440,1,Wall_3mx20cm_Conference_Door,1.41,0.28,-1.48
16.468,1,Wall_3mx20cm_Conference_Door,1.41,0.31,-1.37
16.509,1,Wall_3mx20cm_Conference_Door,1.41,0.33,-1.19
16.536,1,Wall_3mx20cm_Conference_Door,1.41,0.36,-1.10
16.579,1,Wall_3mx20cm_Door (1),1.41,0.38,-0.96
16.606,1,Wall_3mx20cm_Door (1),1.41,0.40,-0.87
16.635,1,Wall_3mx20cm_Door (1),1.41,0.40,-0.80
16.676,1,Wall_3mx20cm_Door (1),1.41,0.43,-0.66
16.703,1,Wall_3mx20cm_Door (1),1.41,0.44,-0.57
16.745,1,Wall_3mx20cm_Door (1),1.41,0.47,-0.46
16.773,1,Wall_3mx20cm_Door (1),1.41,0.48,-0.37
16.801,1,Wall_3mx20cm_Wood_Panels (2),1.47,0.48,-0.31
16.843,1,Wall_3mx20cm_Wood_Panels (2),1.84,0.40,-0.31
16.870,1,Wall_3mx20cm_Wood_Panels (2),2.08,0.33,-0.31
16.912,1,Wall_3mx20cm_Wood_Panels (2),2.45,0.23,-0.31
16.940,1,Wall_3mx20cm_Wood_Panels (2),2.67,0.16,-0.31
16.968,1,Wall_3mx20cm_Wood_Panels (2),2.88,0.11,-0.31
17.009,1,Wall_3mx20cm_Wood_Panels (2),3.13,0.05,-0.31
17.038,1,Wall_3mx20cm_Wood_Panels (2),3.28,0.01,-0.31
17.079,1,Wall_3mx20cm_Wood_Panels (2),3.47,-0.05,-0.31
17.107,1,Wall_3mx20cm_Wood_Panels (2),3.56,-0.08,-0.31
17.135,1,Wall_3mx20cm_Wood_Panels (2),3.64,-0.10,-0.31
17.177,1,Wall_3mx20cm_Wood_Panels (2),3.73,-0.12,-0.31
17.204,1,Wall_3mx20cm_Wood_Panels (2),3.76,-0.12,-0.31
17.247,1,Wall_3mx20cm_Wood_Panels (2),3.81,-0.14,-0.31
17.274,1,Wall_3mx20cm_Wood_Panels (2),3.83,-0.14,-0.31
17.302,1,Wall_3mx20cm_Wood_Panels (2),3.83,-0.15,-0.31
17.344,1,Wall_3mx20cm_Wood_Panels (2),3.83,-0.15,-0.31
17.372,1,Wall_3mx20cm_Wood_Panels (2),3.83,-0.15,-0.31
17.413,1,Wall_3mx20cm_Wood_Panels (2),3.86,-0.15,-0.31
17.442,1,Wall_3mx20cm_Wood_Panels (2),3.86,-0.15,-0.31
17.469,1,Wall_3mx20cm_Wood_Panels (2),3.86,-0.15,-0.31
17.511,1,Wall_3mx20cm_Wood_Panels (2),3.87,-0.16,-0.31
17.539,1,Wall_3mx20cm_Wood_Panels (2),3.86,-0.16,-0.31
17.580,1,Wall_3mx20cm_Wood_Panels (2),3.86,-0.15,-0.31
17.609,1,Wall_3mx20cm_Wood_Panels (2),3.87,-0.16,-0.31
17.636,1,Wall_3mx20cm_Wood_Panels (2),3.87,-0.16,-0.31
17.678,1,Wall_3mx20cm_Wood_Panels (2),3.87,-0.15,-0.31
17.706,1,Wall_3mx20cm_Wood_Panels (2),3.88,-0.16,-0.31
17.734,1,Wall_3mx20cm_Wood_Panels (2),3.88,-0.17,-0.31
17.776,1,Wall_3mx20cm_Wood_Panels (2),3.88,-0.16,-0.31
17.804,1,Wall_3mx20cm_Wood_Panels (2),3.88,-0.17,-0.31
17.845,1,Wall_3mx20cm_Wood_Panels (2),3.87,-0.18,-0.31
17.874,1,Wall_3mx20cm_Wood_Panels (2),3.85,-0.19,-0.31
17.901,1,Wall_3mx20cm_Wood_Panels (2),3.83,-0.19,-0.31
17.943,1,Wall_3mx20cm_Wood_Panels (2),3.78,-0.18,-0.31
17.971,1,Wall_3mx20cm_Wood_Panels (2),3.74,-0.17,-0.31
18.013,1,Wall_3mx20cm_Wood_Panels (2),3.66,-0.15,-0.31
18.041,1,Wall_3mx20cm_Wood_Panels (2),3.58,-0.13,-0.31
18.068,1,Wall_3mx20cm_Wood_Panels (2),3.48,-0.10,-0.31
18.110,1,Wall_3mx20cm_Wood_Panels (2),3.28,-0.04,-0.31
18.138,1,Wall_3mx20cm_Wood_Panels (2),3.12,0.00,-0.31
18.180,1,Wall_3mx20cm_Wood_Panels (2),2.88,0.06,-0.31
18.207,1,Wall_3mx20cm_Wood_Panels (2),2.69,0.11,-0.31
18.235,1,Wall_3mx20cm_Wood_Panels (2),2.48,0.17,-0.31
18.277,1,Wall_3mx20cm_Wood_Panels (2),2.17,0.24,-0.31
18.305,1,Wall_3mx20cm_Wood_Panels (2),1.90,0.31,-0.31
18.346,1,Wall_3mx20cm_Wood_Panels (2),1.42,0.45,-0.31
18.374,1,Wall_3mx20cm_Door (1),1.41,0.47,-0.41
18.402,1,Wall_3mx20cm_Door (1),1.41,0.49,-0.52
18.444,1,Wall_3mx20cm_Door (1),1.41,0.54,-0.67
18.472,1,Wall_3mx20cm_Door (1),1.41,0.56,-0.77
18.514,1,Wall_3mx20cm_Door (1),1.41,0.61,-0.93
18.542,1,Wall_3mx20cm_Door (1),1.41,0.63,-1.04
18.570,1,Wall_3mx20cm_Conference_Door,1.41,0.65,-1.15
18.612,1,Wall_3mx20cm_Conference_Door,1.41,0.68,-1.33
18.640,1,Wall_3mx20cm_Conference_Door,1.41,0.70,-1.46
18.667,1,Wall_3mx20cm_Conference_Door,1.41,0.74,-1.60
18.709,1,Timer,1.47,0.76,-1.83
18.737,1,Timer,1.47,0.77,-1.98
18.779,1,Timer,1.47,0.78,-2.21
18.806,1,Timer,1.47,0.79,-2.37
18.835,1,Timer,1.47,0.80,-2.52
18.877,1,Timer,1.47,0.79,-2.73
18.905,1,Timer,1.47,0.81,-2.85
18.946,1,Timer,1.47,0.87,-3.03
18.975,1,Timer,1.47,0.87,-3.13
19.002,1,Timer,1.47,0.87,-3.22
19.044,1,Timer,1.47,0.87,-3.35
19.072,1,Timer,1.47,0.85,-3.42
19.114,1,Wall_3mx20cm_Conference_Door,1.41,0.87,-3.54
19.141,1,Wall_3mx20cm_Conference_Door,1.41,0.89,-3.60
19.169,1,Wall_3mx20cm_Conference_Door,1.41,0.91,-3.65
19.211,1,Wall_3mx20cm_Conference_Door,1.41,0.93,-3.72
19.240,1,Wall_3mx20cm_Conference_Door,1.41,0.94,-3.76
19.281,1,Wall_3mx20cm_Conference_Door,1.41,0.96,-3.80
19.308,1,Wall_3mx20cm_Conference_Door,1.41,0.97,-3.83
19.337,1,Wall_3mx20cm_Conference_Door,1.41,0.98,-3.86
19.378,1,Wall_3mx20cm_Conference_Door,1.41,1.01,-3.90
19.406,1,Wall_3mx20cm_Conference_Door,1.41,1.03,-3.93
19.434,1,Wall_3mx20cm_Conference_Door,1.41,1.03,-3.95
19.475,1,Wall_3mx20cm_Conference_Door,1.41,1.04,-3.99
19.504,1,Wall_3mx20cm_Conference_Door,1.41,1.06,-4.01
19.545,1,Wall_3mx20cm_Conference_Door,1.41,1.07,-4.03
19.573,1,Wall_3mx20cm_Conference_Door,1.41,1.08,-4.05
19.601,1,Wall_3mx20cm_Conference_Door,1.41,1.10,-4.08
19.643,1,Wall_3mx40cm_Window,1.43,1.11,-4.10
19.670,1,Wall_3mx40cm_Window,1.45,1.11,-4.10
19.712,1,Wall_3mx40cm_Window,1.46,1.12,-4.10
19.740,1,Wall_3mx40cm_Window,1.45,1.12,-4.10
19.768,1,Wall_3mx40cm_Window,1.44,1.13,-4.10
19.810,1,Wall_3mx40cm_Window,1.44,1.15,-4.10
19.838,1,Wall_3mx40cm_Window,1.45,1.16,-4.10
19.880,1,Wall_3mx40cm_Window,1.47,1.15,-4.10
19.907,1,Wall_3mx40cm_Window,1.48,1.13,-4.10
19.935,1,Wall_3mx40cm_Window,1.50,1.12,-4.10
19.977,1,Wall_3mx40cm_Window,1.52,1.10,-4.10
20.005,1,Wall_3mx40cm_Window,1.55,1.09,-4.10
20.047,1,Wall_3mx40cm_Window,1.59,1.06,-4.10
20.074,1,Wall_3mx40cm_Window,1.61,1.05,-4.10
20.102,1,Wall_3mx40cm_Window,1.60,1.03,-4.10
20.144,1,Wall_3mx40cm_Window,1.65,1.03,-4.10
20.172,1,Wall_3mx40cm_Window,1.67,1.02,-4.10
20.200,1,Wall_3mx40cm_Window,1.69,1.01,-4.10
20.241,1,Wall_3mx40cm_Window,1.73,1.00,-4.10
20.269,1,Wall_3mx40cm_Window,1.74,0.99,-4.10
20.311,1,Wall_3mx40cm_Window,1.74,0.99,-4.10
20.339,1,Wall_3mx40cm_Window,1.73,1.00,-4.10
20.367,1,Wall_3mx40cm_Window,1.71,1.00,-4.10
20.409,1,Wall_3mx40cm_Window,1.71,1.00,-4.10
20.436,1,Wall_3mx40cm_Window,1.71,0.99,-4.10
20.479,1,Wall_3mx40cm_Window,1.71,0.98,-4.10
20.506,1,Wall_3mx40cm_Window,1.73,0.97,-4.10
20.534,1,Wall_3mx40cm_Window,1.75,0.98,-4.10
20.576,1,Wall_3mx40cm_Window,1.77,0.99,-4.10
20.604,1,Wall_3mx40cm_Window,1.79,0.99,-4.10
20.645,1,Wall_3mx40cm_Window,1.83,1.01,-4.10
20.673,1,Wall_3mx40cm_Window,1.84,1.01,-4.10
20.701,1,Wall_3mx40cm_Window,1.85,1.01,-4.10
20.743,1,Wall_3mx40cm_Window,1.85,1.03,-4.10
20.770,1,Wall_3mx40cm_Window,1.84,1.03,-4.10
20.812,1,Wall_3mx40cm_Window,1.83,1.04,-4.10
20.841,1,Wall_3mx40cm_Window,1.81,1.05,-4.10
20.868,1,Wall_3mx40cm_Window,1.79,1.05,-4.10
20.910,1,Wall_3mx40cm_Window,1.77,1.07,-4.10
20.938,1,Wall_3mx40cm_Window,1.76,1.08,-4.10
20.979,1,Wall_3mx40cm_Window,1.78,1.08,-4.10
21.007,1,Wall_3mx40cm_Window,1.78,1.07,-4.10
21.035,1,Wall_3mx40cm_Window,1.78,1.07,-4.10
21.077,1,Wall_3mx40cm_Window,1.80,1.06,-4.10
21.105,1,Wall_3mx40cm_Window,1.81,1.06,-4.10
21.147,1,Wall_3mx40cm_Window,1.81,1.05,-4.10
21.174,1,Wall_3mx40cm_Window,1.81,1.05,-4.10
21.203,1,Wall_3mx40cm_Window,1.81,1.04,-4.10
21.244,1,Wall_3mx40cm_Window,1.80,1.05,-4.10
21.271,1,Wall_3mx40cm_Window,1.79,1.04,-4.10
21.313,1,Wall_3mx40cm_Window,1.77,1.05,-4.10
21.341,1,Wall_3mx40cm_Window,1.76,1.06,-4.10
21.369,1,Wall_3mx40cm_Window,1.76,1.05,-4.10
21.410,1,Wall_3mx40cm_Window,1.77,1.05,-4.10
21.438,1,Wall_3mx40cm_Window,1.78,1.05,-4.10
21.481,1,Wall_3mx40cm_Window,1.80,1.04,-4.10
21.508,1,Wall_3mx40cm_Window,1.81,1.04,-4.10
21.536,1,Wall_3mx40cm_Window,1.82,1.03,-4.10
21.578,1,Wall_3mx40cm_Window,1.81,1.02,-4.10
21.606,1,Wall_3mx40cm_Window,1.80,1.01,-4.10
21.634,1,Wall_3mx40cm_Window,1.79,1.01,-4.10
21.676,1,Wall_3mx40cm_Window,1.79,1.00,-4.10
21.703,1,Wall_3mx40cm_Window,1.78,1.00,-4.10
21.745,1,Wall_3mx40cm_Window,1.78,1.00,-4.10
21.773,1,Wall_3mx40cm_Window,1.78,1.01,-4.10
21.801,1,Wall_3mx40cm_Window,1.79,1.01,-4.10
21.842,1,Wall_3mx40cm_Window,1.80,1.01,-4.10
21.870,1,Wall_3mx40cm_Window,1.80,1.00,-4.10
21.912,1,Wall_3mx40cm_Window,1.81,1.00,-4.10
21.940,1,Wall_3mx40cm_Window,1.81,0.98,-4.10
21.968,1,Wall_3mx40cm_Window,1.81,0.97,-4.10
22.009,1,Wall_3mx40cm_Window,1.81,0.98,-4.10
22.038,1,Wall_3mx40cm_Window,1.81,0.97,-4.10
22.079,1,Wall_3mx40cm_Window,1.80,0.97,-4.10
22.107,1,Wall_3mx40cm_Window,1.80,0.98,-4.10
22.135,1,Wall_3mx40cm_Window,1.80,0.98,-4.10
22.177,1,Wall_3mx40cm_Window,1.80,0.98,-4.10
22.204,1,Wall_3mx40cm_Window,1.80,0.99,-4.10
22.246,1,Wall_3mx40cm_Window,1.79,0.99,-4.10
22.274,1,Wall_3mx40cm_Window,1.79,0.98,-4.10
22.302,1,Wall_3mx40cm_Window,1.78,0.96,-4.10
22.344,1,Wall_3mx40cm_Window,1.78,0.95,-4.10
22.372,1,Wall_3mx40cm_Window,1.78,0.92,-4.10
22.414,1,Wall_3mx40cm_Window,1.80,0.91,-4.10
22.441,1,Wall_3mx40cm_Window,1.81,0.89,-4.10
22.469,1,Wall_3mx40cm_Window,1.84,0.88,-4.10
22.511,1,Wall_3mx40cm_Window,1.86,0.87,-4.10
22.538,1,Wall_3mx40cm_Window,1.87,0.86,-4.10
22.580,1,Wall_3mx40cm_Window,1.87,0.85,-4.10
22.608,1,Wall_3mx40cm_Window,1.87,0.85,-4.10
22.636,1,Wall_3mx40cm_Window,1.87,0.86,-4.10
22.677,1,Wall_3mx40cm_Window,1.85,0.86,-4.10
22.706,1,Wall_3mx40cm_Window,1.85,0.85,-4.10
22.734,1,Wall_3mx40cm_Window,1.86,0.85,-4.10
22.775,1,Wall_3mx40cm_Window,1.86,0.87,-4.10
22.802,1,Wall_3mx40cm_Window,1.88,0.87,-4.10
22.844,1,Wall_3mx40cm_Window,1.91,0.86,-4.10
22.874,1,Wall_3mx40cm_Window,1.93,0.86,-4.10
22.900,1,Wall_3mx40cm_Window,1.94,0.88,-4.10
22.942,1,Wall_3mx40cm_Window,1.96,0.90,-4.10
22.970,1,Wall_3mx40cm_Window,1.96,0.87,-4.10
23.012,1,Wall_3mx40cm_Window,1.95,0.87,-4.10
23.040,1,Wall_3mx40cm_Window,1.95,0.88,-4.10
23.067,1,Wall_3mx40cm_Window,1.95,0.88,-4.10
23.109,1,Wall_3mx40cm_Window,1.94,0.89,-4.10
23.137,1,Wall_3mx40cm_Window,1.93,0.89,-4.10
23.179,1,Wall_3mx40cm_Window,1.93,0.89,-4.10
23.208,1,Wall_3mx40cm_Window,1.91,0.89,-4.10
23.235,1,Wall_3mx40cm_Window,1.90,0.89,-4.10
23.276,1,Wall_3mx40cm_Window,1.89,0.90,-4.10
23.304,1,Wall_3mx40cm_Window,1.88,0.89,-4.10
23.346,1,Wall_3mx40cm_Window,1.88,0.89,-4.10
23.374,1,Wall_3mx40cm_Window,1.89,0.90,-4.10
23.402,1,Wall_3mx40cm_Window,1.90,0.90,-4.10
23.443,1,Wall_3mx40cm_Window,1.91,0.91,-4.10
23.471,1,Wall_3mx40cm_Window,1.93,0.92,-4.10
23.514,1,Wall_3mx40cm_Window,1.93,0.93,-4.10
23.541,1,Wall_3mx40cm_Window,1.93,0.93,-4.10
23.569,1,Wall_3mx40cm_Window,1.93,0.94,-4.10
23.611,1,Wall_3mx40cm_Window,1.93,0.95,-4.10
23.638,1,Wall_3mx40cm_Window,1.93,0.94,-4.10
23.680,1,Wall_3mx40cm_Window,1.94,0.95,-4.10
23.708,1,Wall_3mx40cm_Window,1.94,0.95,-4.10
23.737,1,Wall_3mx40cm_Window,1.93,0.94,-4.10
23.778,1,Wall_3mx40cm_Window,1.93,0.96,-4.10
23.805,1,Wall_3mx40cm_Window,1.94,0.96,-4.10
23.847,1,Wall_3mx40cm_Window,1.94,0.96,-4.10
23.875,1,Wall_3mx40cm_Window,1.94,0.96,-4.10
23.903,1,Wall_3mx40cm_Window,1.95,0.96,-4.10
23.945,1,Wall_3mx40cm_Window,1.96,0.96,-4.10
23.972,1,Wall_3mx40cm_Window,1.96,0.96,-4.10
24.000,1,Wall_3mx40cm_Window,1.95,0.96,-4.10
24.043,1,Wall_3mx40cm_Window,1.94,0.96,-4.10
24.070,1,Wall_3mx40cm_Window,1.95,0.96,-4.10
24.111,1,Wall_3mx40cm_Window,1.94,0.95,-4.10
24.140,1,Wall_3mx40cm_Window,1.94,0.95,-4.10
24.167,1,Wall_3mx40cm_Window,1.95,0.95,-4.10
24.209,1,Wall_3mx40cm_Window,1.94,0.95,-4.10
24.237,1,Wall_3mx40cm_Window,1.93,0.95,-4.10
24.279,1,Wall_3mx40cm_Window,1.92,0.95,-4.10
24.307,1,Wall_3mx40cm_Window,1.91,0.96,-4.10
24.335,1,Wall_3mx40cm_Window,1.90,0.97,-4.10
24.377,1,Wall_3mx40cm_Window,1.88,0.99,-4.10
24.404,1,Wall_3mx40cm_Window,1.86,0.99,-4.10
24.446,1,Wall_3mx40cm_Window,1.83,1.01,-4.10
24.474,1,Wall_3mx40cm_Window,1.82,1.03,-4.10
24.502,1,Wall_3mx40cm_Window,1.81,1.03,-4.10
24.543,1,Wall_3mx40cm_Window,1.80,1.04,-4.10
24.571,1,Wall_3mx40cm_Window,1.81,1.04,-4.10
24.613,1,Wall_3mx40cm_Window,1.82,1.06,-4.10
24.640,1,Wall_3mx40cm_Window,1.83,1.07,-4.10
24.669,1,Wall_3mx40cm_Window,1.84,1.08,-4.10
24.711,1,Wall_3mx40cm_Window,1.83,1.11,-4.10
24.738,1,Wall_3mx40cm_Window,1.82,1.14,-4.10
24.780,1,Wall_3mx40cm_Window,1.80,1.15,-4.10
24.808,1,Wall_3mx40cm_Window,1.79,1.17,-4.10
24.836,1,Wall_3mx40cm_Window,1.78,1.18,-4.10
24.877,1,Wall_3mx40cm_Window,1.77,1.20,-4.10
24.905,1,Wall_3mx40cm_Window,1.77,1.21,-4.10
24.947,1,Wall_3mx40cm_Window,1.76,1.21,-4.10
24.975,1,Wall_3mx40cm_Window,1.75,1.21,-4.10
25.002,1,Wall_3mx40cm_Window,1.74,1.23,-4.10
25.044,1,Wall_3mx40cm_Window,1.73,1.25,-4.10
25.072,1,Wall_3mx40cm_Window,1.73,1.25,-4.10
25.114,1,Wall_3mx40cm_Window,1.74,1.26,-4.10
25.142,1,Wall_3mx40cm_Window,1.74,1.25,-4.10
25.170,1,Wall_3mx40cm_Window,1.76,1.24,-4.10
25.211,1,Wall_3mx40cm_Window,1.77,1.23,-4.10
25.240,1,Wall_3mx40cm_Window,1.77,1.21,-4.10
25.268,1,Wall_3mx40cm_Window,1.76,1.21,-4.10
25.309,1,Wall_3mx40cm_Window,1.77,1.24,-4.10
25.337,1,Wall_3mx40cm_Window,1.79,1.22,-4.10
25.379,1,Wall_3mx40cm_Window,1.80,1.21,-4.10
25.407,1,Wall_3mx40cm_Window,1.81,1.23,-4.10
25.434,1,Wall_3mx40cm_Window,1.80,1.24,-4.10
25.476,1,Wall_3mx40cm_Window,1.79,1.24,-4.10
25.504,1,Wall_3mx40cm_Window,1.80,1.24,-4.10
25.546,1,Wall_3mx40cm_Window,1.80,1.24,-4.10
25.573,1,Wall_3mx40cm_Window,1.80,1.25,-4.10
25.601,1,Wall_3mx40cm_Window,1.79,1.23,-4.10
25.643,1,Wall_3mx40cm_Window,1.80,1.24,-4.10
25.671,1,Wall_3mx40cm_Window,1.79,1.25,-4.10
25.713,1,Wall_3mx40cm_Window,1.81,1.26,-4.10
25.741,1,Wall_3mx40cm_Window,1.82,1.28,-4.10
25.768,1,Wall_3mx40cm_Window,1.84,1.27,-4.10
25.810,1,Wall_3mx40cm_Window,1.87,1.24,-4.10
25.838,1,Wall_3mx40cm_Window,1.88,1.24,-4.10
25.880,1,Wall_3mx40cm_Window,1.87,1.24,-4.10
25.908,1,Wall_3mx40cm_Window,1.87,1.24,-4.10
25.936,1,Wall_3mx40cm_Window,1.86,1.24,-4.10
25.977,1,Wall_3mx40cm_Window,1.85,1.25,-4.10
26.005,1,Wall_3mx40cm_Window,1.85,1.25,-4.10
26.047,1,Wall_3mx40cm_Window,1.89,1.24,-4.10
26.075,1,Wall_3mx40cm_Window,1.91,1.23,-4.10
26.103,1,Wall_3mx40cm_Window,1.94,1.22,-4.10
26.145,1,Wall_3mx40cm_Window,1.98,1.19,-4.10
26.172,1,Wall_3mx40cm_Window,2.00,1.17,-4.10
26.200,1,Wall_3mx40cm_Window,2.00,1.16,-4.10
26.242,1,Wall_3mx40cm_Window,2.00,1.16,-4.10
26.270,1,Wall_3mx40cm_Window,1.99,1.15,-4.10
26.312,1,Wall_3mx40cm_Window,1.98,1.16,-4.10
26.340,1,Wall_3mx40cm_Window,1.97,1.17,-4.10
26.367,1,Wall_3mx40cm_Window,1.97,1.17,-4.10
26.409,1,Wall_3mx40cm_Window,1.95,1.17,-4.10
26.437,1,Wall_3mx40cm_Window,1.96,1.15,-4.10
26.478,1,Wall_3mx40cm_Window,1.98,1.14,-4.10
26.506,1,Wall_3mx40cm_Window,1.98,1.12,-4.10
26.534,1,Wall_3mx40cm_Window,1.98,1.11,-4.10
26.576,1,Wall_3mx40cm_Window,1.96,1.10,-4.10
26.604,1,Wall_3mx40cm_Window,1.94,1.11,-4.10
26.645,1,Wall_3mx40cm_Window,1.91,1.08,-4.10
26.673,1,Wall_3mx40cm_Window,1.89,1.09,-4.10
26.701,1,Wall_3mx40cm_Window,1.88,1.10,-4.10
26.743,1,Wall_3mx40cm_Window,1.86,1.09,-4.10
26.771,1,Wall_3mx40cm_Window,1.85,1.09,-4.10
26.813,1,Wall_3mx40cm_Window,1.85,1.08,-4.10
26.840,1,Wall_3mx40cm_Window,1.86,1.08,-4.10
26.869,1,Wall_3mx40cm_Window,1.86,1.07,-4.10
26.910,1,Wall_3mx40cm_Window,1.86,1.07,-4.10
26.937,1,Wall_3mx40cm_Window,1.86,1.07,-4.10
26.980,1,Wall_3mx40cm_Window,1.85,1.06,-4.10
27.007,1,Wall_3mx40cm_Window,1.85,1.06,-4.10
27.035,1,Wall_3mx40cm_Window,1.84,1.05,-4.10
27.077,1,Wall_3mx40cm_Window,1.83,1.06,-4.10
27.104,1,Wall_3mx40cm_Window,1.82,1.07,-4.10
27.146,1,Wall_3mx40cm_Window,1.81,1.07,-4.10
27.174,1,Wall_3mx40cm_Window,1.81,1.08,-4.10
27.202,1,Wall_3mx40cm_Window,1.81,1.07,-4.10
27.244,1,Wall_3mx40cm_Window,1.82,1.09,-4.10
27.272,1,Wall_3mx40cm_Window,1.83,1.11,-4.10
27.314,1,Wall_3mx40cm_Window,1.82,1.11,-4.10
27.341,1,Wall_3mx40cm_Window,1.82,1.12,-4.10
27.369,1,Wall_3mx40cm_Window,1.82,1.12,-4.10
27.412,1,Wall_3mx40cm_Window,1.82,1.11,-4.10
27.439,1,Wall_3mx40cm_Window,1.83,1.11,-4.10
27.467,1,Wall_3mx40cm_Window,1.83,1.11,-4.10
27.509,1,Wall_3mx40cm_Window,1.84,1.11,-4.10
27.537,1,Wall_3mx40cm_Window,1.83,1.11,-4.10
27.578,1,Wall_3mx40cm_Window,1.82,1.11,-4.10
27.605,1,Wall_3mx40cm_Window,1.81,1.11,-4.10
27.634,1,Wall_3mx40cm_Window,1.79,1.12,-4.10
27.675,1,Wall_3mx40cm_Window,1.77,1.15,-4.10
27.703,1,Wall_3mx40cm_Window,1.75,1.16,-4.10
27.745,1,Wall_3mx40cm_Window,1.73,1.16,-4.10
27.773,1,Wall_3mx40cm_Window,1.72,1.17,-4.10
27.801,1,Wall_3mx40cm_Window,1.71,1.17,-4.10
27.843,1,Wall_3mx40cm_Window,1.69,1.16,-4.10
27.870,1,Wall_3mx40cm_Window,1.69,1.18,-4.10
27.912,1,Wall_3mx40cm_Window,1.66,1.16,-4.10
27.941,1,Wall_3mx40cm_Window,1.64,1.13,-4.10
27.968,1,Wall_3mx40cm_Window,1.64,1.10,-4.10
28.010,1,Wall_3mx40cm_Window,1.65,1.10,-4.10
28.038,1,Wall_3mx40cm_Window,1.65,1.11,-4.10
28.080,1,Wall_3mx40cm_Window,1.68,1.10,-4.10
28.107,1,Wall_3mx40cm_Window,1.70,1.08,-4.10
28.135,1,Wall_3mx40cm_Window,1.72,1.07,-4.10
28.176,1,Wall_3mx40cm_Window,1.74,1.06,-4.10
28.204,1,Wall_3mx40cm_Window,1.75,1.06,-4.10
28.246,1,Wall_3mx40cm_Window,1.74,1.03,-4.10
28.274,1,Wall_3mx40cm_Window,1.73,1.03,-4.10
28.302,1,Wall_3mx40cm_Window,1.73,1.04,-4.10
28.344,1,Wall_3mx40cm_Window,1.72,1.06,-4.10
28.371,1,Wall_3mx40cm_Window,1.72,1.06,-4.10
28.413,1,Wall_3mx40cm_Window,1.72,1.04,-4.10
28.442,1,Wall_3mx40cm_Window,1.73,1.05,-4.10
28.470,1,Wall_3mx40cm_Window,1.74,1.06,-4.10
28.511,1,Wall_3mx40cm_Window,1.77,1.06,-4.10
28.538,1,Wall_3mx40cm_Window,1.79,1.06,-4.10
28.567,1,Wall_3mx40cm_Window,1.80,1.05,-4.10
28.609,1,Wall_3mx40cm_Window,1.81,1.05,-4.10
28.636,1,Wall_3mx40cm_Window,1.80,1.04,-4.10
28.678,1,Wall_3mx40cm_Window,1.78,1.05,-4.10
28.705,1,Wall_3mx40cm_Window,1.76,1.05,-4.10
28.734,1,Wall_3mx40cm_Window,1.75,1.06,-4.10
28.776,1,Wall_3mx40cm_Window,1.75,1.05,-4.10
28.803,1,Wall_3mx40cm_Window,1.75,1.04,-4.10
28.845,1,Wall_3mx40cm_Window,1.76,1.02,-4.10
28.873,1,Wall_3mx40cm_Window,1.78,1.01,-4.10
28.901,1,Wall_3mx40cm_Window,1.79,0.99,-4.10
28.943,1,Wall_3mx40cm_Window,1.78,0.96,-4.10
28.971,1,Wall_3mx40cm_Window,1.77,0.95,-4.10
29.012,1,Wall_3mx40cm_Window,1.76,0.93,-4.10
29.040,1,Wall_3mx40cm_Window,1.76,0.92,-4.10
29.067,1,Wall_3mx40cm_Window,1.76,0.92,-4.10
29.109,1,Wall_3mx40cm_Window,1.75,0.93,-4.10
29.137,1,Wall_3mx40cm_Window,1.74,0.95,-4.10
29.179,1,Wall_3mx40cm_Window,1.70,0.96,-4.10
29.207,1,Wall_3mx40cm_Window,1.68,0.96,-4.10
29.235,1,Wall_3mx40cm_Window,1.65,0.97,-4.10
29.277,1,Wall_3mx40cm_Window,1.62,0.98,-4.10
29.305,1,Wall_3mx40cm_Window,1.61,0.99,-4.10
29.347,1,Wall_3mx40cm_Window,1.60,1.00,-4.10
29.374,1,Wall_3mx40cm_Window,1.58,1.02,-4.10
29.402,1,Wall_3mx40cm_Window,1.56,1.03,-4.10
29.444,1,Wall_3mx40cm_Window,1.54,1.04,-4.10
29.472,1,Wall_3mx40cm_Window,1.53,1.06,-4.10
29.513,1,Wall_3mx40cm_Window,1.49,1.06,-4.10
29.541,1,Wall_3mx40cm_Window,1.48,1.08,-4.10
29.569,1,Wall_3mx40cm_Window,1.47,1.12,-4.10
29.611,1,Wall_3mx40cm_Window,1.44,1.13,-4.10
29.638,1,Wall_3mx40cm_Window,1.42,1.14,-4.10
29.680,1,Wall_3mx20cm_Conference_Door,1.41,1.15,-4.09
29.708,1,Wall_3mx20cm_Conference_Door,1.41,1.14,-4.09
29.736,1,Wall_3mx20cm_Conference_Door,1.41,1.11,-4.08
29.778,1,Wall_3mx20cm_Conference_Door,1.41,1.12,-4.09
29.805,1,Wall_3mx20cm_Conference_Door,1.41,1.10,-4.09
29.834,1,Wall_3mx20cm_Conference_Door,1.41,1.10,-4.10
29.875,1,Wall_3mx40cm_Window,1.43,1.09,-4.10
29.904,1,Wall_3mx40cm_Window,1.45,1.09,-4.10
29.945,1,Wall_3mx40cm_Window,1.47,1.07,-4.10
29.972,1,Wall_3mx40cm_Window,1.49,1.06,-4.10
30.001,1,Wall_3mx40cm_Window,1.50,1.06,-4.10
30.042,1,Wall_3mx40cm_Window,1.51,1.05,-4.10
30.070,1,Wall_3mx40cm_Window,1.51,1.05,-4.10
30.112,1,Wall_3mx40cm_Window,1.51,1.06,-4.10
30.140,1,Wall_3mx40cm_Window,1.51,1.06,-4.10
30.167,1,Wall_3mx40cm_Window,1.51,1.06,-4.10
30.210,1,Wall_3mx40cm_Window,1.52,1.05,-4.10
30.237,1,Wall_3mx40cm_Window,1.54,1.06,-4.10
30.278,1,Wall_3mx40cm_Window,1.55,1.08,-4.10
30.307,1,Wall_3mx40cm_Window,1.53,1.11,-4.10
30.334,1,Wall_3mx40cm_Window,1.52,1.13,-4.10
30.376,1,Wall_3mx40cm_Window,1.50,1.15,-4.10
30.404,1,Wall_3mx40cm_Window,1.48,1.15,-4.10
30.446,1,Wall_3mx40cm_Window,1.43,1.12,-4.10
30.474,1,Wall_3mx40cm_Window,1.42,1.09,-4.10
30.501,1,Wall_3mx40cm_Window,1.43,1.08,-4.10
30.543,1,Wall_3mx40cm_Window,1.44,1.08,-4.10
30.571,1,Wall_3mx40cm_Window,1.42,1.12,-4.10
30.613,1,Wall_3mx20cm_Conference_Door,1.41,1.10,-4.09
30.641,1,Wall_3mx20cm_Conference_Door,1.41,1.06,-4.08
30.669,1,Wall_3mx20cm_Conference_Door,1.41,1.05,-4.07
30.711,1,Wall_3mx20cm_Conference_Door,1.41,1.03,-4.04
30.738,1,Wall_3mx20cm_Conference_Door,1.41,1.01,-4.02
30.780,1,Wall_3mx20cm_Conference_Door,1.41,1.00,-3.99
30.808,1,Wall_3mx20cm_Conference_Door,1.41,0.98,-3.97
30.836,1,Wall_3mx20cm_Conference_Door,1.41,0.95,-3.94
30.878,1,Wall_3mx20cm_Conference_Door,1.41,0.97,-3.91
30.905,1,Wall_3mx20cm_Conference_Door,1.41,1.03,-3.90
30.947,1,Wall_3mx20cm_Conference_Door,1.41,1.08,-3.89
30.975,1,Wall_3mx20cm_Conference_Door,1.41,1.09,-3.87
31.003,1,Wall_3mx20cm_Conference_Door,1.41,1.10,-3.86
31.044,1,Wall_3mx20cm_Conference_Door,1.41,1.10,-3.83
31.072,1,Wall_3mx20cm_Conference_Door,1.41,1.08,-3.82
31.100,1,Wall_3mx20cm_Conference_Door,1.41,1.09,-3.81
31.142,1,Wall_3mx20cm_Conference_Door,1.41,1.10,-3.80
31.170,1,Wall_3mx20cm_Conference_Door,1.41,1.11,-3.79
31.212,1,Wall_3mx20cm_Conference_Door,1.41,1.12,-3.76
31.240,1,Wall_3mx20cm_Conference_Door,1.41,1.13,-3.73
31.267,1,Wall_3mx20cm_Conference_Door,1.41,1.14,-3.69
31.309,1,Wall_3mx20cm_Conference_Door,1.41,1.20,-3.60
31.337,1,Wall_3mx20cm_Conference_Door,1.41,1.24,-3.52
31.379,1,Wall_3mx20cm_Conference_Door,1.41,1.26,-3.37
31.406,1,Wall_3mx20cm_Conference_Door,1.41,1.25,-3.27
31.434,1,Wall_3mx20cm_Conference_Door,1.41,1.22,-3.18
31.476,1,Wall_3mx20cm_Conference_Door,1.41,1.18,-3.05
31.504,1,Wall_3mx20cm_Conference_Door,1.41,1.16,-2.98
31.546,1,Timer,1.47,1.06,-2.87
31.574,1,Timer,1.47,1.02,-2.81
31.602,1,Timer,1.47,1.01,-2.76
31.643,1,Timer,1.47,1.00,-2.70
31.671,1,Timer,1.47,0.99,-2.66
31.713,1,Timer,1.47,0.96,-2.59
31.741,1,Timer,1.47,0.94,-2.55
31.769,1,Timer,1.47,0.90,-2.51
31.811,1,Timer,1.47,0.86,-2.41
31.839,1,Timer,1.47,0.84,-2.34
31.880,1,Timer,1.47,0.77,-2.23
31.908,1,Timer,1.47,0.74,-2.16
31.937,1,Timer,1.47,0.72,-2.09
31.977,1,Timer,1.47,0.69,-1.99
32.006,1,Timer,1.47,0.66,-1.94
32.033,1,Timer,1.47,0.63,-1.91
32.077,1,Timer,1.47,0.59,-1.87
32.103,1,Timer,1.47,0.55,-1.85
32.144,1,Timer,1.47,0.53,-1.84
32.173,1,Timer,1.47,0.52,-1.84
32.201,1,Timer,1.47,0.50,-1.85
32.242,1,Timer,1.47,0.48,-1.87
32.270,1,Timer,1.47,0.49,-1.89
32.312,1,Timer,1.47,0.49,-1.91
32.339,1,Timer,1.47,0.49,-1.93
32.368,1,Timer,1.47,0.50,-1.95
32.409,1,Timer,1.47,0.51,-1.97
32.437,1,Timer,1.47,0.50,-2.00
32.479,1,Timer,1.47,0.50,-2.03
32.507,1,Timer,1.47,0.50,-2.05
32.534,1,Timer,1.47,0.51,-2.06
32.577,1,Timer,1.47,0.52,-2.07
32.604,1,Timer,1.47,0.50,-2.08
32.646,1,Timer,1.47,0.51,-2.10
32.674,1,Timer,1.47,0.49,-2.12
32.702,1,Timer,1.47,0.45,-2.14
32.743,1,Timer,1.47,0.40,-2.18
32.771,1,Timer,1.46,0.39,-2.20
32.870,1,Wall_3mx20cm_Conference_Door,1.41,0.39,-2.24
32.870,1,Wall_3mx20cm_Conference_Door,1.41,0.39,-2.24
32.870,1,Wall_3mx20cm_Conference_Door,1.41,0.39,-2.24
32.910,1,Wall_3mx20cm_Conference_Door,1.39,0.35,-2.28
32.938,1,Wall_3mx20cm_Conference_Door,1.27,0.35,-2.29
32.980,1,Conference_Room_Door_L,1.33,0.30,-2.29
33.008,1,Conference_Room_Door_L,1.33,0.29,-2.30
33.036,1,Conference_Room_Door_L,1.33,0.27,-2.31
33.078,1,Conference_Room_Door_L,1.33,0.26,-2.33
33.106,1,Conference_Room_Door_L,1.33,0.26,-2.33
33.146,1,Conference_Room_Door_L,1.33,0.24,-2.34
33.174,1,Conference_Room_Door_L,1.33,0.23,-2.34
33.203,1,Conference_Room_Door_L,1.33,0.21,-2.34
33.244,1,Conference_Room_Door_L,1.33,0.21,-2.35
33.271,1,Conference_Room_Door_L,1.33,0.21,-2.35
33.314,1,Conference_Room_Door_L,1.33,0.22,-2.35
33.342,1,Conference_Room_Door_L,1.33,0.22,-2.35
33.370,1,Conference_Room_Door_L,1.33,0.20,-2.35
33.411,1,Conference_Room_Door_L,1.33,0.19,-2.36
33.439,1,Conference_Room_Door_L,1.33,0.19,-2.36
33.467,1,Conference_Room_Door_L,1.33,0.18,-2.36
33.508,1,Conference_Room_Door_L,1.33,0.16,-2.35
33.536,1,Conference_Room_Door_L,1.33,0.15,-2.35
33.578,1,Conference_Room_Door_L,1.33,0.14,-2.35
33.606,1,Conference_Room_Door_L,1.33,0.12,-2.35
33.635,1,Conference_Room_Door_L,1.33,0.12,-2.33
33.676,1,Conference_Room_Door_L,1.33,0.12,-2.31
33.705,1,Conference_Room_Door_L,1.33,0.12,-2.29
33.746,1,Conference_Room_Door_L,1.33,0.09,-2.27
33.775,1,Conference_Room_Door_L,1.33,0.07,-2.27
33.802,1,Conference_Room_Door_L,1.33,0.05,-2.28
33.843,1,Conference_Room_Door_L,1.33,0.03,-2.31
33.870,1,Conference_Room_Door_L,1.33,0.01,-2.32
33.912,1,Conference_Room_Door_L,1.33,-0.01,-2.33
33.941,1,Conference_Room_Door_L,1.33,-0.03,-2.33
33.968,1,Conference_Room_Door_L,1.33,-0.04,-2.33
34.010,1,Conference_Room_Door_L,1.33,-0.06,-2.34
34.037,1,Conference_Room_Door_L,1.33,-0.07,-2.35
34.080,1,Conference_Room_Door_L,1.33,-0.09,-2.37
34.107,1,Conference_Room_Door_L,1.33,-0.09,-2.38
34.135,1,Conference_Room_Door_L,1.33,-0.10,-2.39
34.178,1,Conference_Room_Door_L,1.33,-0.11,-2.38
34.205,1,Conference_Room_Door_L,1.33,-0.12,-2.38
34.246,1,Conference_Room_Door_L,1.33,-0.13,-2.38
34.274,1,Conference_Room_Door_L,1.33,-0.13,-2.39
34.302,1,Conference_Room_Door_L,1.33,-0.13,-2.39
34.344,1,Conference_Room_Door_L,1.33,-0.13,-2.39
34.372,1,Conference_Room_Door_L,1.33,-0.13,-2.39
34.414,1,Conference_Room_Door_L,1.33,-0.14,-2.41
34.441,1,Conference_Room_Door_L,1.33,-0.15,-2.40
34.469,1,Conference_Room_Door_L,1.33,-0.15,-2.40
34.511,1,Conference_Room_Door_L,1.33,-0.14,-2.39
34.539,1,Conference_Room_Door_L,1.33,-0.14,-2.39
34.567,1,Conference_Room_Door_L,1.33,-0.14,-2.39
34.609,1,Conference_Room_Door_L,1.33,-0.15,-2.40
34.637,1,Conference_Room_Door_L,1.33,-0.16,-2.40
34.699,1,Conference_Room_Door_L,1.33,-0.17,-2.40
34.721,1,Conference_Room_Door_L,1.33,-0.17,-2.40
34.734,1,Conference_Room_Door_L,1.33,-0.18,-2.41
34.776,1,Conference_Room_Door_L,1.33,-0.19,-2.41
34.804,1,Conference_Room_Door_L,1.33,-0.20,-2.40
34.845,1,Conference_Room_Door_L,1.33,-0.20,-2.40
34.874,1,Conference_Room_Door_L,1.33,-0.20,-2.40
34.901,1,Conference_Room_Door_L,1.33,-0.21,-2.39
34.944,1,Conference_Room_Door_L,1.33,-0.22,-2.38
34.971,1,Conference_Room_Door_L,1.33,-0.22,-2.38
35.013,1,Conference_Room_Door_L,1.33,-0.23,-2.38
35.041,1,Conference_Room_Door_L,1.33,-0.24,-2.38
35.069,1,Conference_Room_Door_L,1.33,-0.24,-2.38
35.110,1,Conference_Room_Door_L,1.33,-0.23,-2.38
35.138,1,Conference_Room_Door_L,1.33,-0.23,-2.38
35.181,1,Conference_Room_Door_L,1.33,-0.23,-2.38
35.208,1,Conference_Room_Door_L,1.33,-0.23,-2.38
35.235,1,Conference_Room_Door_L,1.33,-0.23,-2.38
35.277,1,Conference_Room_Door_L,1.33,-0.22,-2.38
35.305,1,Conference_Room_Door_L,1.33,-0.22,-2.37
35.347,1,Conference_Room_Door_L,1.33,-0.21,-2.37
35.374,1,Conference_Room_Door_L,1.33,-0.21,-2.37
35.402,1,Conference_Room_Door_L,1.33,-0.21,-2.37
35.444,1,Conference_Room_Door_L,1.33,-0.22,-2.38
35.472,1,Conference_Room_Door_L,1.33,-0.23,-2.38
35.500,1,Conference_Room_Door_L,1.33,-0.23,-2.38
35.541,1,Conference_Room_Door_L,1.33,-0.23,-2.37
35.569,1,Conference_Room_Door_L,1.33,-0.23,-2.38
35.611,1,Conference_Room_Door_L,1.33,-0.23,-2.38
35.640,1,Conference_Room_Door_L,1.33,-0.23,-2.37
35.667,1,Conference_Room_Door_L,1.33,-0.22,-2.36
35.708,1,Conference_Room_Door_L,1.33,-0.23,-2.35
35.736,1,Conference_Room_Door_L,1.33,-0.23,-2.34
35.778,1,Conference_Room_Door_L,1.33,-0.23,-2.34
35.806,1,Conference_Room_Door_L,1.33,-0.24,-2.34
35.834,1,Conference_Room_Door_L,1.33,-0.24,-2.34
35.876,1,Conference_Room_Door_L,1.33,-0.24,-2.36
35.903,1,Conference_Room_Door_L,1.33,-0.24,-2.36
35.945,1,Conference_Room_Door_L,1.33,-0.25,-2.37
35.973,1,Conference_Room_Door_L,1.33,-0.24,-2.37
36.001,1,Conference_Room_Door_L,1.33,-0.23,-2.37
36.043,1,Conference_Room_Door_L,1.33,-0.23,-2.38
36.070,1,Conference_Room_Door_L,1.33,-0.22,-2.38
36.113,1,Conference_Room_Door_L,1.33,-0.21,-2.37
36.140,1,Conference_Room_Door_L,1.33,-0.21,-2.36
36.168,1,Conference_Room_Door_L,1.33,-0.19,-2.36
36.210,1,Conference_Room_Door_L,1.33,-0.19,-2.36
36.237,1,Conference_Room_Door_L,1.33,-0.18,-2.36
36.279,1,Conference_Room_Door_L,1.33,-0.17,-2.34
36.307,1,Conference_Room_Door_L,1.33,-0.17,-2.33
36.335,1,Conference_Room_Door_L,1.33,-0.18,-2.33
36.377,1,Conference_Room_Door_L,1.33,-0.19,-2.33
36.405,1,Conference_Room_Door_L,1.33,-0.19,-2.34
36.447,1,Conference_Room_Door_L,1.33,-0.19,-2.34
36.474,1,Conference_Room_Door_L,1.33,-0.19,-2.35
36.502,1,Conference_Room_Door_L,1.33,-0.18,-2.35
36.543,1,Conference_Room_Door_L,1.33,-0.18,-2.34
36.571,1,Conference_Room_Door_L,1.33,-0.18,-2.34
36.601,1,Conference_Room_Door_L,1.33,-0.18,-2.34
36.643,1,Conference_Room_Door_L,1.33,-0.19,-2.33
36.670,1,Conference_Room_Door_L,1.33,-0.19,-2.33
36.711,1,Conference_Room_Door_L,1.33,-0.19,-2.33
36.739,1,Conference_Room_Door_L,1.33,-0.19,-2.34
36.780,1,Conference_Room_Door_L,1.33,-0.19,-2.35
36.808,1,Conference_Room_Door_L,1.33,-0.19,-2.35
36.836,1,Conference_Room_Door_L,1.33,-0.19,-2.35
36.878,1,Conference_Room_Door_L,1.33,-0.18,-2.35
36.906,1,Conference_Room_Door_L,1.33,-0.17,-2.34
36.934,1,Conference_Room_Door_L,1.33,-0.18,-2.33
36.975,1,Conference_Room_Door_L,1.33,-0.17,-2.32
37.003,1,Conference_Room_Door_L,1.33,-0.16,-2.32
37.045,1,Conference_Room_Door_L,1.33,-0.16,-2.33
37.073,1,Conference_Room_Door_L,1.33,-0.17,-2.34
37.100,1,Conference_Room_Door_L,1.33,-0.18,-2.34
37.143,1,Conference_Room_Door_L,1.33,-0.18,-2.34
37.171,1,Conference_Room_Door_L,1.33,-0.17,-2.33
37.212,1,Conference_Room_Door_L,1.33,-0.16,-2.33
37.240,1,Conference_Room_Door_L,1.33,-0.15,-2.32
37.268,1,Conference_Room_Door_L,1.33,-0.15,-2.32
37.310,1,Conference_Room_Door_L,1.33,-0.15,-2.33
37.338,1,Conference_Room_Door_L,1.33,-0.15,-2.34
37.379,1,Conference_Room_Door_L,1.33,-0.15,-2.33
37.407,1,Conference_Room_Door_L,1.33,-0.14,-2.33
37.435,1,Conference_Room_Door_L,1.33,-0.14,-2.33
37.476,1,Conference_Room_Door_L,1.33,-0.15,-2.33
37.504,1,Conference_Room_Door_L,1.33,-0.16,-2.32
37.546,1,Conference_Room_Door_L,1.33,-0.17,-2.32
37.574,1,Conference_Room_Door_L,1.33,-0.17,-2.32
37.602,1,Conference_Room_Door_L,1.33,-0.16,-2.32
37.644,1,Conference_Room_Door_L,1.33,-0.14,-2.32
37.672,1,Conference_Room_Door_L,1.33,-0.14,-2.32
37.714,1,Conference_Room_Door_L,1.33,-0.13,-2.33
37.741,1,Conference_Room_Door_L,1.33,-0.12,-2.33
37.769,1,Conference_Room_Door_L,1.33,-0.11,-2.32
37.811,1,Conference_Room_Door_L,1.33,-0.10,-2.32
37.839,1,Conference_Room_Door_L,1.33,-0.10,-2.32
37.866,1,Conference_Room_Door_L,1.33,-0.10,-2.33
37.908,1,Conference_Room_Door_L,1.33,-0.09,-2.33
37.936,1,Conference_Room_Door_L,1.33,-0.08,-2.33
37.978,1,Conference_Room_Door_L,1.33,-0.06,-2.33
38.006,1,Conference_Room_Door_L,1.33,-0.05,-2.32
38.034,1,Conference_Room_Door_L,1.33,-0.04,-2.32
38.075,1,Conference_Room_Door_L,1.33,-0.02,-2.32
38.103,1,Conference_Room_Door_L,1.33,-0.01,-2.32
38.145,1,Conference_Room_Door_L,1.33,0.01,-2.31
38.173,1,Conference_Room_Door_L,1.33,0.02,-2.31
38.201,1,Conference_Room_Door_L,1.33,0.04,-2.30
38.243,1,Conference_Room_Door_L,1.33,0.06,-2.29
38.270,1,Conference_Room_Door_L,1.33,0.07,-2.29
38.312,1,Conference_Room_Door_L,1.33,0.07,-2.29
38.340,1,Conference_Room_Door_L,1.33,0.08,-2.28
38.368,1,Conference_Room_Door_L,1.33,0.08,-2.28
38.409,1,Conference_Room_Door_L,1.33,0.08,-2.27
38.437,1,Conference_Room_Door_L,1.33,0.08,-2.27
38.479,1,Conference_Room_Door_L,1.33,0.08,-2.26
38.507,1,Conference_Room_Door_L,1.33,0.08,-2.26
38.535,1,Conference_Room_Door_L,1.33,0.07,-2.25
38.576,1,Conference_Room_Door_L,1.33,0.07,-2.25
38.604,1,Conference_Room_Door_L,1.33,0.07,-2.25
38.646,1,Conference_Room_Door_L,1.33,0.06,-2.26
38.674,1,Conference_Room_Door_L,1.33,0.06,-2.26
38.702,1,Conference_Room_Door_L,1.33,0.05,-2.27
38.744,1,Conference_Room_Door_L,1.33,0.04,-2.27
38.771,1,Conference_Room_Door_L,1.33,0.04,-2.27
38.813,1,Conference_Room_Door_L,1.33,0.03,-2.28
38.841,1,Conference_Room_Door_L,1.33,0.04,-2.28
38.869,1,Conference_Room_Door_L,1.33,0.04,-2.28
38.910,1,Conference_Room_Door_L,1.33,0.05,-2.29
38.938,1,Conference_Room_Door_L,1.33,0.05,-2.29
38.981,1,Conference_Room_Door_L,1.33,0.05,-2.29
39.009,1,Conference_Room_Door_L,1.33,0.05,-2.30
39.036,1,Conference_Room_Door_L,1.33,0.05,-2.30
39.078,1,Conference_Room_Door_L,1.33,0.07,-2.31
39.105,1,Conference_Room_Door_L,1.33,0.07,-2.31
39.147,1,Conference_Room_Door_L,1.33,0.07,-2.31
39.175,1,Conference_Room_Door_L,1.33,0.08,-2.32
39.204,1,Conference_Room_Door_L,1.33,0.09,-2.32
39.245,1,Conference_Room_Door_L,1.33,0.09,-2.33
39.273,1,Conference_Room_Door_L,1.33,0.09,-2.33
39.301,1,Conference_Room_Door_L,1.33,0.08,-2.34
39.343,1,Conference_Room_Door_L,1.33,0.08,-2.35
39.370,1,Conference_Room_Door_L,1.33,0.08,-2.35
39.412,1,Conference_Room_Door_L,1.33,0.08,-2.34
39.440,1,Conference_Room_Door_L,1.33,0.08,-2.34
39.468,1,Conference_Room_Door_L,1.33,0.08,-2.34
39.510,1,Conference_Room_Door_L,1.33,0.07,-2.33
39.537,1,Conference_Room_Door_L,1.33,0.07,-2.33
39.578,1,Conference_Room_Door_L,1.33,0.07,-2.33
39.606,1,Conference_Room_Door_L,1.33,0.08,-2.34
39.635,1,Conference_Room_Door_L,1.33,0.08,-2.34
39.676,1,Conference_Room_Door_L,1.33,0.08,-2.35
39.705,1,Conference_Room_Door_L,1.33,0.08,-2.35
39.746,1,Conference_Room_Door_L,1.33,0.08,-2.34
39.773,1,Conference_Room_Door_L,1.33,0.08,-2.34
39.802,1,Conference_Room_Door_L,1.33,0.08,-2.34
39.843,1,Conference_Room_Door_L,1.33,0.10,-2.35
39.871,1,Conference_Room_Door_L,1.33,0.11,-2.35
39.913,1,Conference_Room_Door_L,1.33,0.11,-2.36
39.941,1,Conference_Room_Door_L,1.33,0.12,-2.36
39.969,1,Conference_Room_Door_L,1.33,0.13,-2.36
40.010,1,Conference_Room_Door_L,1.33,0.14,-2.35
40.039,1,Conference_Room_Door_L,1.33,0.14,-2.34
40.081,1,Conference_Room_Door_L,1.33,0.14,-2.34
40.107,1,Conference_Room_Door_L,1.33,0.14,-2.33
40.135,1,Conference_Room_Door_L,1.33,0.14,-2.33
40.177,1,Conference_Room_Door_L,1.33,0.14,-2.33
40.205,1,Conference_Room_Door_L,1.33,0.14,-2.33
40.234,1,Conference_Room_Door_L,1.33,0.14,-2.33
40.275,1,Conference_Room_Door_L,1.33,0.13,-2.34
40.303,1,Conference_Room_Door_L,1.33,0.13,-2.34
40.345,1,Conference_Room_Door_L,1.33,0.13,-2.34
40.372,1,Conference_Room_Door_L,1.33,0.13,-2.34
40.400,1,Conference_Room_Door_L,1.33,0.13,-2.34
40.442,1,Conference_Room_Door_L,1.33,0.13,-2.34
40.470,1,Conference_Room_Door_L,1.33,0.12,-2.34
40.512,1,Conference_Room_Door_L,1.33,0.12,-2.34
40.540,1,Conference_Room_Door_L,1.33,0.12,-2.34
40.567,1,Conference_Room_Door_L,1.33,0.11,-2.34
40.610,1,Conference_Room_Door_L,1.33,0.12,-2.34
40.637,1,Conference_Room_Door_L,1.33,0.12,-2.34
40.679,1,Conference_Room_Door_L,1.33,0.11,-2.34
40.707,1,Conference_Room_Door_L,1.33,0.12,-2.34
40.735,1,Conference_Room_Door_L,1.33,0.11,-2.34
40.777,1,Conference_Room_Door_L,1.33,0.11,-2.34
40.804,1,Conference_Room_Door_L,1.33,0.12,-2.34
40.846,1,Conference_Room_Door_L,1.33,0.11,-2.33
40.874,1,Conference_Room_Door_L,1.33,0.11,-2.33
40.902,1,Conference_Room_Door_L,1.33,0.11,-2.33
40.943,1,Conference_Room_Door_L,1.33,0.11,-2.32
40.972,1,Conference_Room_Door_L,1.33,0.11,-2.32
41.000,1,Conference_Room_Door_L,1.33,0.12,-2.32
41.041,1,Conference_Room_Door_L,1.33,0.12,-2.31
41.069,1,Conference_Room_Door_L,1.33,0.12,-2.30
41.110,1,Conference_Room_Door_L,1.33,0.12,-2.28
41.138,1,Conference_Room_Door_L,1.33,0.11,-2.27
41.180,1,Conference_Room_Door_L,1.33,0.11,-2.26
41.208,1,Conference_Room_Door_L,1.33,0.11,-2.25
41.236,1,Conference_Room_Door_L,1.33,0.11,-2.25
41.277,1,Conference_Room_Door_L,1.33,0.10,-2.25
41.305,1,Conference_Room_Door_L,1.33,0.10,-2.26
41.334,1,Conference_Room_Door_L,1.33,0.10,-2.26
41.375,1,Conference_Room_Door_L,1.33,0.10,-2.26
41.403,1,Conference_Room_Door_L,1.33,0.10,-2.27
41.444,1,Conference_Room_Door_L,1.33,0.10,-2.28
41.473,1,Conference_Room_Door_L,1.33,0.10,-2.29
41.500,1,Conference_Room_Door_L,1.33,0.10,-2.29
41.542,1,Conference_Room_Door_L,1.33,0.10,-2.30
41.569,1,Conference_Room_Door_L,1.33,0.10,-2.30
41.611,1,Conference_Room_Door_L,1.33,0.10,-2.31
41.639,1,Conference_Room_Door_L,1.33,0.11,-2.30
41.667,1,Conference_Room_Door_L,1.33,0.11,-2.30
41.709,1,Conference_Room_Door_L,1.33,0.12,-2.30
41.737,1,Conference_Room_Door_L,1.33,0.12,-2.30
41.779,1,Conference_Room_Door_L,1.33,0.12,-2.31
41.806,1,Conference_Room_Door_L,1.33,0.11,-2.32
41.834,1,Conference_Room_Door_L,1.33,0.09,-2.34
41.876,1,Conference_Room_Door_L,1.33,0.07,-2.35
41.904,1,Conference_Room_Door_L,1.33,0.08,-2.35
41.946,1,Conference_Room_Door_L,1.33,0.10,-2.34
41.973,1,Conference_Room_Door_L,1.33,0.11,-2.33
42.001,1,Conference_Room_Door_L,1.33,0.11,-2.33
42.043,1,Conference_Room_Door_L,1.33,0.11,-2.34
42.071,1,Conference_Room_Door_L,1.33,0.10,-2.35
42.112,1,Conference_Room_Door_L,1.33,0.11,-2.36
42.140,1,Conference_Room_Door_L,1.33,0.12,-2.36
42.169,1,Conference_Room_Door_L,1.33,0.12,-2.36
42.210,1,Conference_Room_Door_L,1.33,0.13,-2.36
42.238,1,Conference_Room_Door_L,1.33,0.13,-2.36
42.280,1,Conference_Room_Door_L,1.33,0.12,-2.35
42.308,1,Conference_Room_Door_L,1.33,0.12,-2.34
42.335,1,Conference_Room_Door_L,1.33,0.13,-2.34
42.377,1,Conference_Room_Door_L,1.33,0.14,-2.34
42.405,1,Conference_Room_Door_L,1.33,0.14,-2.34
42.447,1,Conference_Room_Door_L,1.33,0.14,-2.34
42.475,1,Conference_Room_Door_L,1.33,0.14,-2.34
42.502,1,Conference_Room_Door_L,1.33,0.14,-2.34
42.545,1,Conference_Room_Door_L,1.33,0.14,-2.35
42.572,1,Conference_Room_Door_L,1.33,0.14,-2.35
42.601,1,Conference_Room_Door_L,1.33,0.14,-2.35
42.641,1,Conference_Room_Door_L,1.33,0.14,-2.35
42.670,1,Conference_Room_Door_L,1.33,0.14,-2.36
42.711,1,Conference_Room_Door_L,1.33,0.14,-2.36
42.739,1,Conference_Room_Door_L,1.33,0.15,-2.36
42.767,1,Conference_Room_Door_L,1.33,0.14,-2.36
42.809,1,Conference_Room_Door_L,1.33,0.15,-2.36
42.837,1,Conference_Room_Door_L,1.33,0.15,-2.36
42.878,1,Conference_Room_Door_L,1.33,0.14,-2.36
42.906,1,Conference_Room_Door_L,1.33,0.14,-2.36
42.934,1,Conference_Room_Door_L,1.33,0.13,-2.36
42.976,1,Conference_Room_Door_L,1.33,0.13,-2.37
43.004,1,Conference_Room_Door_L,1.33,0.12,-2.37
43.046,1,Conference_Room_Door_L,1.33,0.12,-2.37
43.073,1,Conference_Room_Door_L,1.33,0.12,-2.38
43.101,1,Conference_Room_Door_L,1.33,0.11,-2.38
43.143,1,Conference_Room_Door_L,1.33,0.11,-2.38
43.171,1,Conference_Room_Door_L,1.33,0.12,-2.38
43.212,1,Conference_Room_Door_L,1.33,0.12,-2.39
43.240,1,Conference_Room_Door_L,1.33,0.11,-2.38
43.268,1,Conference_Room_Door_L,1.33,0.12,-2.38
43.310,1,Conference_Room_Door_L,1.33,0.11,-2.38
43.338,1,Conference_Room_Door_L,1.33,0.11,-2.38
43.380,1,Conference_Room_Door_L,1.33,0.11,-2.38
43.407,1,Conference_Room_Door_L,1.33,0.12,-2.38
43.435,1,Conference_Room_Door_L,1.33,0.12,-2.38
43.477,1,Conference_Room_Door_L,1.33,0.13,-2.39
43.505,1,Conference_Room_Door_L,1.33,0.14,-2.39
43.546,1,Conference_Room_Door_L,1.33,0.14,-2.39
43.574,1,Conference_Room_Door_L,1.33,0.15,-2.39
43.603,1,Conference_Room_Door_L,1.33,0.15,-2.39
43.645,1,Conference_Room_Door_L,1.33,0.16,-2.38
43.672,1,Conference_Room_Door_L,1.33,0.16,-2.38
43.700,1,Conference_Room_Door_L,1.33,0.17,-2.38
43.743,1,Conference_Room_Door_L,1.33,0.17,-2.37
43.770,1,Conference_Room_Door_L,1.33,0.17,-2.37
43.812,1,Conference_Room_Door_L,1.33,0.18,-2.36
43.839,1,Conference_Room_Door_L,1.33,0.18,-2.37
43.867,1,Conference_Room_Door_L,1.33,0.18,-2.37
43.909,1,Conference_Room_Door_L,1.33,0.18,-2.37
43.937,1,Conference_Room_Door_L,1.33,0.18,-2.37
43.979,1,Conference_Room_Door_L,1.33,0.18,-2.36
44.006,1,Conference_Room_Door_L,1.33,0.18,-2.36
44.034,1,Conference_Room_Door_L,1.33,0.18,-2.36
44.076,1,Conference_Room_Door_L,1.33,0.18,-2.36
44.104,1,Conference_Room_Door_L,1.33,0.18,-2.36
44.145,1,Conference_Room_Door_L,1.33,0.17,-2.35
44.173,1,Conference_Room_Door_L,1.33,0.17,-2.35
44.201,1,Conference_Room_Door_L,1.33,0.18,-2.35
44.243,1,Conference_Room_Door_L,1.33,0.18,-2.35
44.270,1,Conference_Room_Door_L,1.33,0.18,-2.35
44.312,1,Conference_Room_Door_L,1.33,0.18,-2.36
44.340,1,Conference_Room_Door_L,1.33,0.17,-2.36
44.368,1,Conference_Room_Door_L,1.33,0.19,-2.36
44.410,1,Conference_Room_Door_L,1.33,0.18,-2.36
44.438,1,Conference_Room_Door_L,1.33,0.18,-2.36
44.480,1,Conference_Room_Door_L,1.33,0.18,-2.36
44.507,1,Conference_Room_Door_L,1.33,0.18,-2.36
44.535,1,Conference_Room_Door_L,1.33,0.18,-2.36
44.577,1,Conference_Room_Door_L,1.33,0.18,-2.36
44.605,1,Conference_Room_Door_L,1.33,0.19,-2.36
44.647,1,Conference_Room_Door_L,1.33,0.18,-2.35
44.675,1,Conference_Room_Door_L,1.33,0.18,-2.35
44.702,1,Conference_Room_Door_L,1.33,0.19,-2.36
44.744,1,Conference_Room_Door_L,1.33,0.20,-2.36
44.772,1,Conference_Room_Door_L,1.33,0.20,-2.37
44.813,1,Conference_Room_Door_L,1.33,0.19,-2.38
44.841,1,Conference_Room_Door_L,1.33,0.19,-2.38
44.869,1,Conference_Room_Door_L,1.33,0.19,-2.38
44.911,1,Conference_Room_Door_L,1.33,0.19,-2.38
44.939,1,Conference_Room_Door_L,1.33,0.19,-2.38
44.966,1,Conference_Room_Door_L,1.33,0.19,-2.38
45.008,1,Conference_Room_Door_L,1.33,0.18,-2.38
45.037,1,Conference_Room_Door_L,1.33,0.18,-2.38
45.078,1,Conference_Room_Door_L,1.33,0.18,-2.37
45.105,1,Conference_Room_Door_L,1.33,0.19,-2.36
45.134,1,Conference_Room_Door_L,1.33,0.18,-2.36
45.175,1,Conference_Room_Door_L,1.33,0.19,-2.36
45.204,1,Conference_Room_Door_L,1.33,0.19,-2.36
45.245,1,Conference_Room_Door_L,1.33,0.19,-2.36
45.273,1,Conference_Room_Door_L,1.33,0.18,-2.37
45.301,1,Conference_Room_Door_L,1.33,0.19,-2.37
45.342,1,Conference_Room_Door_L,1.33,0.19,-2.37
45.370,1,Conference_Room_Door_L,1.33,0.19,-2.37
45.412,1,Conference_Room_Door_L,1.33,0.20,-2.37
45.440,1,Conference_Room_Door_L,1.33,0.20,-2.36
45.468,1,Conference_Room_Door_L,1.33,0.21,-2.36
45.511,1,Conference_Room_Door_L,1.33,0.22,-2.36
45.538,1,Conference_Room_Door_L,1.33,0.22,-2.35
45.579,1,Conference_Room_Door_L,1.33,0.22,-2.34
45.607,1,Conference_Room_Door_L,1.33,0.22,-2.33
45.635,1,Conference_Room_Door_L,1.33,0.22,-2.33
45.677,1,Conference_Room_Door_L,1.33,0.23,-2.33
45.704,1,Conference_Room_Door_L,1.33,0.23,-2.32
45.746,1,Conference_Room_Door_L,1.33,0.23,-2.33
45.774,1,Conference_Room_Door_L,1.33,0.23,-2.33
45.802,1,Conference_Room_Door_L,1.33,0.23,-2.33
45.843,1,Conference_Room_Door_L,1.33,0.23,-2.32
45.872,1,Conference_Room_Door_L,1.33,0.23,-2.32
45.900,1,Conference_Room_Door_L,1.33,0.23,-2.32
45.941,1,Conference_Room_Door_L,1.33,0.23,-2.32
45.969,1,Conference_Room_Door_L,1.33,0.23,-2.32
46.011,1,Conference_Room_Door_L,1.33,0.23,-2.32
46.039,1,Conference_Room_Door_L,1.33,0.23,-2.32
46.067,1,Conference_Room_Door_L,1.33,0.23,-2.32
46.108,1,Conference_Room_Door_L,1.33,0.23,-2.32
46.136,1,Conference_Room_Door_L,1.33,0.24,-2.32
46.178,1,Conference_Room_Door_L,1.33,0.24,-2.33
46.206,1,Conference_Room_Door_L,1.33,0.25,-2.33
46.234,1,Conference_Room_Door_L,1.33,0.25,-2.33
46.274,1,Conference_Room_Door_L,1.33,0.25,-2.34
46.303,1,Conference_Room_Door_L,1.33,0.25,-2.34
46.345,1,Conference_Room_Door_L,1.33,0.25,-2.34
46.373,1,Conference_Room_Door_L,1.33,0.25,-2.34
46.400,1,Conference_Room_Door_L,1.33,0.25,-2.33
46.442,1,Conference_Room_Door_L,1.33,0.25,-2.33
46.470,1,Conference_Room_Door_L,1.33,0.25,-2.33
46.512,1,Conference_Room_Door_L,1.33,0.25,-2.32
46.540,1,Conference_Room_Door_L,1.33,0.25,-2.32
46.568,1,Conference_Room_Door_L,1.33,0.26,-2.31
46.610,1,Conference_Room_Door_L,1.33,0.27,-2.30
46.637,1,Conference_Room_Door_L,1.33,0.27,-2.29
46.679,1,Conference_Room_Door_L,1.33,0.28,-2.27
46.708,1,Conference_Room_Door_L,1.33,0.29,-2.26
46.735,1,Conference_Room_Door_L,1.33,0.29,-2.25
46.776,1,Conference_Room_Door_L,1.33,0.30,-2.23
46.804,1,Conference_Room_Door_L,1.33,0.30,-2.20
46.846,1,None,0,0,0
46.874,1,None,0,0,0
46.902,1,Conference_Room_Door_L,1.33,0.30,-2.14
46.944,1,Conference_Room_Door_L,1.33,0.29,-2.13
46.972,1,Conference_Room_Door_L,1.33,0.29,-2.12
47.013,1,Conference_Room_Door_L,1.33,0.29,-2.10
47.041,1,Conference_Room_Door_L,1.33,0.30,-2.09
47.069,1,Conference_Room_Door_L,1.33,0.30,-2.08
47.110,1,None,0,0,0
47.139,1,None,0,0,0
47.167,1,None,0,0,0
47.208,1,Wall_3mx20cm_Conference_Door,1.24,0.35,-2.02
47.236,1,Wall_3mx20cm_Conference_Door,1.29,0.35,-2.01
47.278,1,Wall_3mx20cm_Conference_Door,1.38,0.35,-1.99
47.305,1,Wall_3mx20cm_Conference_Door,1.41,0.36,-1.98
47.334,1,Wall_3mx20cm_Conference_Door,1.41,0.37,-1.97
47.375,1,Timer,1.43,0.39,-1.96
47.403,1,Timer,1.44,0.39,-1.96
47.445,1,Timer,1.47,0.40,-1.96
47.473,1,Timer,1.47,0.41,-1.96
47.500,1,Timer,1.47,0.42,-1.96
47.543,1,Timer,1.47,0.44,-1.96
47.570,1,Timer,1.47,0.44,-1.96
47.612,1,Timer,1.47,0.44,-1.96
47.639,1,Timer,1.47,0.43,-1.96
47.667,1,Timer,1.47,0.44,-1.95
47.709,1,Timer,1.47,0.43,-1.94
47.737,1,Timer,1.47,0.43,-1.94
47.778,1,Timer,1.47,0.44,-1.93
47.806,1,Timer,1.47,0.44,-1.92
47.834,1,Timer,1.47,0.44,-1.91
47.876,1,Timer,1.47,0.43,-1.90
47.904,1,Timer,1.47,0.42,-1.90
47.945,1,Timer,1.47,0.42,-1.91
47.973,1,Timer,1.47,0.41,-1.91
48.001,1,Timer,1.47,0.40,-1.91
48.044,1,Timer,1.44,0.39,-1.92
48.070,1,Wall_3mx20cm_Conference_Door,1.41,0.38,-1.93
48.112,1,Wall_3mx20cm_Conference_Door,1.41,0.36,-1.93
48.140,1,Wall_3mx20cm_Conference_Door,1.41,0.36,-1.94
48.169,1,Wall_3mx20cm_Conference_Door,1.41,0.36,-1.95
48.210,1,Wall_3mx20cm_Conference_Door,1.41,0.36,-1.95
48.237,1,Wall_3mx20cm_Conference_Door,1.41,0.37,-1.96
48.279,1,Wall_3mx20cm_Conference_Door,1.41,0.37,-1.97
48.307,1,Wall_3mx20cm_Conference_Door,1.41,0.37,-1.97
48.335,1,Wall_3mx20cm_Conference_Door,1.41,0.36,-1.96
48.377,1,Wall_3mx20cm_Conference_Door,1.41,0.36,-1.95
48.405,1,Wall_3mx20cm_Conference_Door,1.41,0.36,-1.95
48.447,1,Wall_3mx20cm_Conference_Door,1.36,0.35,-1.94
48.475,1,Wall_3mx20cm_Conference_Door,1.37,0.35,-1.94
48.503,1,Wall_3mx20cm_Conference_Door,1.37,0.35,-1.93
48.544,1,Wall_3mx20cm_Conference_Door,1.41,0.35,-1.92
48.572,1,Wall_3mx20cm_Conference_Door,1.40,0.35,-1.91
48.600,1,Wall_3mx20cm_Conference_Door,1.40,0.35,-1.91
48.642,1,Wall_3mx20cm_Conference_Door,1.36,0.35,-1.90
48.669,1,Wall_3mx20cm_Conference_Door,1.35,0.35,-1.90
48.711,1,Wall_3mx20cm_Conference_Door,1.33,0.35,-1.89
48.739,1,Wall_3mx20cm_Conference_Door,1.32,0.35,-1.89
48.767,1,Wall_3mx20cm_Conference_Door,1.26,0.35,-1.88
48.809,1,Wall_3mx20cm_Conference_Door,1.24,0.35,-1.86
48.837,1,None,0,0,0
48.879,1,None,0,0,0
48.906,1,None,0,0,0
48.934,1,None,0,0,0
48.976,1,None,0,0,0
49.004,1,None,0,0,0
49.045,1,None,0,0,0
49.074,1,None,0,0,0
49.101,1,None,0,0,0
49.143,1,None,0,0,0
49.171,1,None,0,0,0
49.212,1,None,0,0,0
49.241,1,None,0,0,0
49.268,1,None,0,0,0
49.310,1,None,0,0,0
49.338,1,None,0,0,0
49.380,1,Wall_3mx20cm_Conference_Door,1.22,0.35,-1.83
49.407,1,Wall_3mx20cm_Conference_Door,1.23,0.35,-1.83
49.435,1,Wall_3mx20cm_Conference_Door,1.22,0.35,-1.82
49.477,1,Wall_3mx20cm_Conference_Door,1.23,0.35,-1.81
49.505,1,Wall_3mx20cm_Conference_Door,1.22,0.35,-1.81
49.547,1,Wall_3mx20cm_Conference_Door,1.23,0.35,-1.80
49.575,1,Wall_3mx20cm_Conference_Door,1.24,0.35,-1.79
49.602,1,Wall_3mx20cm_Conference_Door,1.27,0.35,-1.79
49.645,1,Wall_3mx20cm_Conference_Door,1.32,0.35,-1.79
49.673,1,Wall_3mx20cm_Conference_Door,1.36,0.35,-1.79
49.700,1,Wall_3mx20cm_Conference_Door,1.41,0.35,-1.80
49.742,1,Wall_3mx20cm_Conference_Door,1.41,0.37,-1.80
49.770,1,Wall_3mx20cm_Conference_Door,1.41,0.37,-1.82
49.812,1,Wall_3mx20cm_Conference_Door,1.41,0.38,-1.82
49.839,1,Wall_3mx20cm_Conference_Door,1.41,0.38,-1.83
49.867,1,Wall_3mx20cm_Conference_Door,1.41,0.38,-1.83
49.909,1,Wall_3mx20cm_Conference_Door,1.41,0.38,-1.83
49.937,1,Wall_3mx20cm_Conference_Door,1.41,0.38,-1.83
49.978,1,Wall_3mx20cm_Conference_Door,1.41,0.39,-1.82
50.005,1,Timer,1.42,0.39,-1.82
50.034,1,Timer,1.44,0.39,-1.81
50.076,1,Timer,1.43,0.39,-1.81
50.104,1,Timer,1.43,0.39,-1.81
50.145,1,Timer,1.44,0.39,-1.80
50.173,1,Timer,1.46,0.39,-1.80
50.201,1,Timer,1.45,0.39,-1.80
50.243,1,Timer,1.41,0.39,-1.80
50.271,1,Wall_3mx20cm_Conference_Door,1.41,0.38,-1.80
50.312,1,Wall_3mx20cm_Conference_Door,1.41,0.37,-1.81
50.341,1,Wall_3mx20cm_Conference_Door,1.41,0.37,-1.81
50.369,1,Wall_3mx20cm_Conference_Door,1.41,0.36,-1.82
50.410,1,Wall_3mx20cm_Conference_Door,1.41,0.37,-1.83
50.438,1,Wall_3mx20cm_Conference_Door,1.41,0.37,-1.84
50.479,1,Wall_3mx20cm_Conference_Door,1.41,0.36,-1.85
50.507,1,Wall_3mx20cm_Conference_Door,1.41,0.37,-1.86
50.535,1,Wall_3mx20cm_Conference_Door,1.41,0.37,-1.86
50.577,1,Wall_3mx20cm_Conference_Door,1.41,0.39,-1.87
50.605,1,Wall_3mx20cm_Conference_Door,1.41,0.39,-1.87
50.647,1,Wall_3mx20cm_Conference_Door,1.41,0.39,-1.87
50.674,1,Wall_3mx20cm_Conference_Door,1.41,0.38,-1.88
50.702,1,Timer,1.42,0.39,-1.88
50.744,1,Timer,1.43,0.39,-1.88
50.772,1,Wall_3mx20cm_Conference_Door,1.41,0.39,-1.88
50.800,1,Wall_3mx20cm_Conference_Door,1.41,0.39,-1.89
50.842,1,Wall_3mx20cm_Conference_Door,1.41,0.38,-1.90
50.872,1,Wall_3mx20cm_Conference_Door,1.41,0.38,-1.90
50.903,1,Wall_3mx20cm_Conference_Door,1.41,0.38,-1.89
50.947,1,Wall_3mx20cm_Conference_Door,1.41,0.38,-1.89
50.976,1,Wall_3mx20cm_Conference_Door,1.41,0.37,-1.89
51.004,1,Wall_3mx20cm_Conference_Door,1.41,0.39,-1.88
51.033,1,Timer,1.45,0.39,-1.88
51.076,1,Timer,1.44,0.39,-1.87
51.105,1,Timer,1.45,0.39,-1.88
51.146,1,Timer,1.45,0.39,-1.89
51.173,1,Timer,1.47,0.40,-1.90
51.201,1,Timer,1.47,0.41,-1.90
51.243,1,Timer,1.47,0.41,-1.90
51.271,1,Timer,1.47,0.41,-1.90
51.313,1,Timer,1.47,0.41,-1.90
51.341,1,Timer,1.47,0.41,-1.90
51.369,1,Timer,1.47,0.41,-1.90
51.410,1,Timer,1.47,0.40,-1.90
51.439,1,Timer,1.47,0.41,-1.89
51.466,1,Timer,1.47,0.41,-1.89
51.508,1,Timer,1.47,0.41,-1.88
51.537,1,Timer,1.47,0.41,-1.88
51.579,1,Timer,1.47,0.41,-1.87
51.606,1,Timer,1.47,0.40,-1.87
51.634,1,Timer,1.47,0.41,-1.87
51.676,1,Timer,1.47,0.40,-1.87
51.704,1,Timer,1.47,0.39,-1.87
51.745,1,Timer,1.47,0.39,-1.87
51.774,1,Timer,1.47,0.39,-1.86
51.801,1,Timer,1.47,0.40,-1.86
51.843,1,Timer,1.47,0.39,-1.86
51.871,1,Timer,1.45,0.39,-1.86
51.913,1,Timer,1.46,0.39,-1.87
51.940,1,Timer,1.47,0.40,-1.87
51.969,1,Timer,1.47,0.39,-1.87
52.010,1,Timer,1.44,0.39,-1.87
52.038,1,Timer,1.41,0.39,-1.87
52.067,1,Timer,1.44,0.39,-1.87
52.108,1,Timer,1.47,0.43,-1.88
52.135,1,Timer,1.47,0.42,-1.90
52.177,1,Timer,1.47,0.40,-1.90
52.205,1,Timer,1.47,0.40,-1.92
52.247,1,Timer,1.47,0.40,-1.95
52.275,1,Timer,1.45,0.39,-1.96
52.303,1,Wall_3mx20cm_Conference_Door,1.41,0.39,-1.98
52.345,1,Timer,1.41,0.39,-2.00
52.372,1,Wall_3mx20cm_Conference_Door,1.41,0.39,-2.02
52.400,1,Wall_3mx20cm_Conference_Door,1.41,0.39,-2.02
52.443,1,Timer,1.41,0.39,-2.05
52.471,1,Wall_3mx20cm_Conference_Door,1.41,0.39,-2.06
52.511,1,Wall_3mx20cm_Conference_Door,1.41,0.39,-2.08
52.540,1,Timer,1.42,0.39,-2.09
52.567,1,Timer,1.43,0.39,-2.10
52.610,1,Timer,1.41,0.39,-2.11
52.637,1,Timer,1.43,0.39,-2.11
52.679,1,Timer,1.46,0.39,-2.10
52.706,1,Timer,1.47,0.40,-2.09
52.735,1,Timer,1.47,0.40,-2.09
52.779,1,Timer,1.47,0.41,-2.10
52.808,1,Timer,1.47,0.42,-2.10
52.836,1,Timer,1.47,0.43,-2.11
52.876,1,Timer,1.47,0.44,-2.12
52.922,1,Timer,1.47,0.44,-2.12
52.945,1,Timer,1.47,0.44,-2.12
52.972,1,Timer,1.47,0.44,-2.11
53.012,1,Timer,1.47,0.44,-2.10
53.041,1,Timer,1.47,0.44,-2.09
53.068,1,Timer,1.47,0.44,-2.09
53.110,1,Timer,1.47,0.46,-2.08
53.138,1,Timer,1.47,0.43,-2.08
53.167,1,Timer,1.47,0.42,-2.08
53.207,1,Timer,1.47,0.43,-2.08
53.236,1,Timer,1.47,0.44,-2.08
53.278,1,Timer,1.47,0.44,-2.08
53.305,1,Timer,1.47,0.44,-2.07
53.333,1,Timer,1.47,0.45,-2.07
53.375,1,Timer,1.47,0.46,-2.06
53.403,1,Timer,1.47,0.46,-2.06
53.445,1,Timer,1.47,0.46,-2.05
53.472,1,Timer,1.47,0.46,-2.04
53.500,1,Timer,1.47,0.46,-2.04
53.542,1,Timer,1.47,0.46,-2.04
53.570,1,Timer,1.47,0.46,-2.05
53.612,1,Timer,1.47,0.46,-2.05
53.640,1,Timer,1.47,0.46,-2.06
53.667,1,Timer,1.47,0.46,-2.06
53.709,1,Timer,1.47,0.47,-2.06
53.737,1,Timer,1.47,0.47,-2.07
53.779,1,Timer,1.47,0.47,-2.08
53.806,1,Timer,1.47,0.47,-2.09
53.834,1,Timer,1.47,0.47,-2.09
53.876,1,Timer,1.47,0.46,-2.09
53.904,1,Timer,1.47,0.47,-2.09
53.945,1,Timer,1.47,0.47,-2.08
53.973,1,Timer,1.47,0.48,-2.07
54.002,1,Timer,1.47,0.49,-2.07
54.044,1,Timer,1.47,0.51,-2.07
54.071,1,Timer,1.47,0.52,-2.07
54.113,1,Timer,1.47,0.52,-2.08
54.141,1,Timer,1.47,0.52,-2.09
54.168,1,Timer,1.47,0.52,-2.09
54.210,1,Timer,1.47,0.51,-2.09
54.238,1,Timer,1.47,0.51,-2.09
54.266,1,Timer,1.47,0.51,-2.09
54.308,1,Timer,1.47,0.52,-2.08
54.335,1,Timer,1.47,0.53,-2.08
54.377,1,Timer,1.47,0.54,-2.08
54.405,1,Timer,1.47,0.54,-2.09
54.433,1,Timer,1.47,0.54,-2.09
54.475,1,Timer,1.47,0.55,-2.10
54.503,1,Timer,1.47,0.54,-2.10
54.545,1,Timer,1.47,0.53,-2.10
54.573,1,Timer,1.47,0.53,-2.10
54.601,1,Timer,1.47,0.53,-2.10
54.643,1,Timer,1.47,0.53,-2.10
54.670,1,Timer,1.47,0.53,-2.09
54.712,1,Timer,1.47,0.53,-2.09
54.739,1,Timer,1.47,0.54,-2.09
54.768,1,Timer,1.47,0.55,-2.08
54.809,1,Timer,1.47,0.55,-2.09
54.837,1,Timer,1.47,0.54,-2.09
54.879,1,Timer,1.47,0.54,-2.09
54.907,1,Timer,1.47,0.54,-2.09
54.935,1,Timer,1.47,0.54,-2.09
54.976,1,Timer,1.47,0.54,-2.09
55.004,1,Timer,1.47,0.55,-2.08
55.046,1,Timer,1.47,0.55,-2.08
55.074,1,Timer,1.47,0.56,-2.08
55.102,1,Timer,1.47,0.57,-2.08
55.144,1,Timer,1.47,0.57,-2.09
55.171,1,Timer,1.47,0.58,-2.09
55.213,1,Timer,1.47,0.58,-2.09
55.241,1,Timer,1.47,0.59,-2.09
55.269,1,Timer,1.47,0.59,-2.09
55.310,1,Timer,1.47,0.60,-2.08
55.339,1,Timer,1.47,0.60,-2.08
55.366,1,Timer,1.47,0.61,-2.07
55.408,1,Timer,1.47,0.62,-2.07
55.436,1,Timer,1.47,0.63,-2.07
55.478,1,Timer,1.47,0.63,-2.07
55.506,1,Timer,1.47,0.63,-2.07
55.533,1,Timer,1.47,0.63,-2.08
55.576,1,Timer,1.47,0.64,-2.08
55.604,1,Timer,1.47,0.64,-2.08
55.646,1,Timer,1.47,0.62,-2.07
55.673,1,Timer,1.47,0.61,-2.06
55.701,1,Timer,1.47,0.60,-2.06
55.742,1,Timer,1.47,0.61,-2.06
55.770,1,Timer,1.47,0.60,-2.06
55.812,1,Timer,1.47,0.60,-2.06
55.840,1,Timer,1.47,0.60,-2.06
55.868,1,Timer,1.47,0.60,-2.06
55.909,1,Timer,1.47,0.60,-2.07
55.937,1,Timer,1.47,0.59,-2.07
55.979,1,Timer,1.47,0.58,-2.07
56.007,1,Timer,1.47,0.58,-2.07
56.035,1,Timer,1.47,0.59,-2.07
56.077,1,Timer,1.47,0.60,-2.06
56.104,1,Timer,1.47,0.59,-2.06
56.146,1,Timer,1.47,0.62,-2.06
56.174,1,Timer,1.47,0.62,-2.07
56.201,1,Timer,1.47,0.61,-2.07
56.244,1,Timer,1.47,0.61,-2.07
56.271,1,Timer,1.47,0.60,-2.07
56.313,1,Timer,1.47,0.62,-2.07
56.341,1,Timer,1.47,0.62,-2.07
56.369,1,Timer,1.47,0.61,-2.07
56.410,1,Timer,1.47,0.60,-2.07
56.439,1,Timer,1.47,0.60,-2.08
56.466,1,Timer,1.47,0.59,-2.09
56.508,1,Timer,1.47,0.59,-2.10
56.536,1,Timer,1.47,0.58,-2.10
56.577,1,Timer,1.47,0.58,-2.10
56.606,1,Timer,1.47,0.58,-2.09
56.633,1,Timer,1.47,0.58,-2.09
56.675,1,Timer,1.47,0.57,-2.09
56.704,1,Timer,1.47,0.57,-2.09
56.745,1,Timer,1.47,0.59,-2.09
56.773,1,Timer,1.47,0.57,-2.09
56.801,1,Timer,1.47,0.57,-2.08
56.842,1,Timer,1.47,0.58,-2.08
56.870,1,Timer,1.47,0.58,-2.08
56.912,1,Timer,1.47,0.59,-2.08
56.939,1,Timer,1.47,0.60,-2.08
56.968,1,Timer,1.47,0.60,-2.07
57.009,1,Timer,1.47,0.63,-2.06
57.038,1,Timer,1.47,0.66,-2.04
57.079,1,Timer,1.47,0.74,-2.00
57.107,1,Timer,1.47,0.82,-1.95
57.135,1,Timer,1.47,0.91,-1.87
57.176,1,Timer,1.47,1.07,-1.72
57.204,1,Wall_3mx20cm_Conference_Door,1.41,1.23,-1.60
57.246,1,Wall_3mx20cm_Conference_Door,1.41,1.44,-1.37
57.274,1,Ceiling_log_3m (20),1.52,1.55,-1.22
57.301,1,Ceiling_3x3m (7),1.61,1.70,-1.07
57.344,1,Ceiling_log_3m (21),2.46,1.51,-1.00
57.371,1,Ceiling_log_3m (21),2.46,1.64,-0.87
57.413,1,Ceiling_3x3m (7),2.64,1.70,-0.78
57.440,1,Ceiling_3x3m (7),2.79,1.70,-0.75
57.468,1,Ceiling_3x3m (7),2.88,1.70,-0.71
57.510,1,Ceiling_3x3m (7),2.97,1.70,-0.70
57.538,1,Ceiling_3x3m (7),3.00,1.70,-0.71
57.566,1,Ceiling_3x3m (7),3.01,1.70,-0.72
57.608,1,Ceiling_3x3m (7),3.06,1.70,-0.76
57.635,1,Ceiling_log_3m (22),3.37,1.50,-0.87
57.677,1,Ceiling_log_3m (22),3.39,1.50,-0.90
57.705,1,Ceiling_log_3m (22),3.39,1.50,-0.92
57.746,1,Ceiling_log_3m (22),3.39,1.50,-0.94
57.774,1,Ceiling_log_3m (22),3.38,1.50,-0.96
57.802,1,Ceiling_log_3m (22),3.38,1.50,-0.97
57.844,1,Ceiling_log_3m (22),3.37,1.50,-0.98
57.873,1,Ceiling_3x3m (7),3.05,1.70,-0.91
57.900,1,Ceiling_3x3m (7),3.03,1.70,-0.91
57.942,1,Ceiling_3x3m (7),2.97,1.70,-0.91
57.970,1,Ceiling_3x3m (7),2.95,1.70,-0.90
58.011,1,Ceiling_3x3m (7),2.92,1.70,-0.91
58.039,1,Ceiling_3x3m (7),2.92,1.70,-0.91
58.067,1,Ceiling_3x3m (7),2.92,1.70,-0.91
58.109,1,Ceiling_3x3m (7),2.90,1.70,-0.90
58.137,1,Ceiling_3x3m (7),2.87,1.70,-0.89
58.179,1,Ceiling_3x3m (7),2.84,1.70,-0.88
58.206,1,Ceiling_3x3m (7),2.83,1.70,-0.87
58.234,1,Ceiling_3x3m (7),2.82,1.70,-0.87
58.276,1,Ceiling_3x3m (7),2.79,1.70,-0.86
58.304,1,Ceiling_3x3m (7),2.80,1.70,-0.86
58.346,1,Ceiling_3x3m (7),2.81,1.70,-0.85
58.374,1,Ceiling_3x3m (7),2.80,1.70,-0.84
58.401,1,Ceiling_3x3m (7),2.79,1.70,-0.83
58.444,1,Ceiling_3x3m (7),2.78,1.70,-0.82
58.472,1,Ceiling_3x3m (7),2.77,1.70,-0.82
58.513,1,Ceiling_3x3m (7),2.75,1.70,-0.81
58.541,1,Ceiling_3x3m (7),2.73,1.70,-0.81
58.568,1,Ceiling_3x3m (7),2.71,1.70,-0.80
58.611,1,Ceiling_3x3m (7),2.68,1.70,-0.79
58.638,1,Ceiling_3x3m (7),2.67,1.70,-0.78
58.667,1,Ceiling_3x3m (7),2.66,1.70,-0.78
58.707,1,Ceiling_3x3m (7),2.67,1.70,-0.77
58.736,1,Ceiling_3x3m (7),2.66,1.70,-0.77
58.777,1,Ceiling_3x3m (7),2.70,1.70,-0.76
58.805,1,Ceiling_3x3m (7),2.67,1.70,-0.75
58.833,1,Ceiling_3x3m (7),2.68,1.70,-0.75
58.875,1,Ceiling_3x3m (7),2.71,1.70,-0.74
58.902,1,Ceiling_3x3m (7),2.71,1.70,-0.74
58.944,1,Ceiling_3x3m (7),2.69,1.70,-0.72
58.972,1,Ceiling_3x3m (7),2.71,1.70,-0.72
59.000,1,Ceiling_3x3m (7),2.72,1.70,-0.72
59.041,1,Ceiling_3x3m (7),2.72,1.70,-0.70
59.069,1,Ceiling_3x3m (7),2.71,1.70,-0.69
59.111,1,Ceiling_3x3m (7),2.68,1.70,-0.68
59.139,1,Ceiling_3x3m (7),2.68,1.70,-0.68
59.166,1,Ceiling_3x3m (7),2.68,1.70,-0.68
59.208,1,Ceiling_3x3m (7),2.67,1.70,-0.67
59.236,1,Ceiling_3x3m (7),2.66,1.70,-0.67
59.278,1,Ceiling_3x3m (7),2.64,1.70,-0.66
59.306,1,Ceiling_3x3m (7),2.63,1.70,-0.66
59.334,1,Ceiling_3x3m (7),2.62,1.70,-0.66
59.375,1,Ceiling_3x3m (7),2.60,1.70,-0.66
59.403,1,Ceiling_3x3m (7),2.58,1.70,-0.65
59.445,1,Ceiling_3x3m (7),2.60,1.70,-0.65
59.473,1,Ceiling_3x3m (7),2.61,1.70,-0.65
59.500,1,Ceiling_3x3m (7),2.60,1.70,-0.64
59.543,1,Ceiling_3x3m (7),2.58,1.70,-0.63
59.570,1,Ceiling_3x3m (7),2.59,1.70,-0.63
59.600,1,Ceiling_3x3m (7),2.57,1.70,-0.62
59.640,1,Ceiling_3x3m (7),2.54,1.70,-0.61
59.668,1,Ceiling_3x3m (7),2.54,1.70,-0.61
59.710,1,Ceiling_3x3m (7),2.56,1.70,-0.61
59.737,1,Ceiling_3x3m (7),2.56,1.70,-0.60
59.778,1,Ceiling_3x3m (7),2.56,1.70,-0.58
59.807,1,Ceiling_3x3m (7),2.56,1.70,-0.58
59.835,1,Ceiling_3x3m (7),2.57,1.70,-0.56
59.876,1,Ceiling_3x3m (7),2.56,1.70,-0.54
59.904,1,Ceiling_3x3m (7),2.53,1.70,-0.51
59.946,1,Ceiling_3x3m (7),2.50,1.70,-0.49
59.974,1,Ceiling_3x3m (7),2.52,1.70,-0.49
60.002,1,Ceiling_3x3m (7),2.51,1.70,-0.48
60.043,1,Ceiling_3x3m (7),2.47,1.70,-0.46
60.070,1,Ceiling_3x3m (7),2.47,1.70,-0.45
60.112,1,Ceiling_log_3m (21),2.46,1.69,-0.45
60.141,1,Ceiling_3x3m (7),2.47,1.70,-0.45
60.168,1,Ceiling_3x3m (7),2.47,1.70,-0.44
60.210,1,Ceiling_log_3m (21),2.46,1.68,-0.43
60.238,1,Ceiling_log_3m (21),2.46,1.67,-0.42
60.280,1,Ceiling_log_3m (21),2.46,1.67,-0.42
60.308,1,Ceiling_log_3m (21),2.46,1.68,-0.41
60.335,1,Ceiling_log_3m (21),2.46,1.68,-0.41
60.377,1,Ceiling_log_3m (21),2.46,1.68,-0.42
60.405,1,Ceiling_log_3m (21),2.46,1.67,-0.42
60.447,1,Ceiling_log_3m (21),2.46,1.67,-0.42
60.475,1,Ceiling_log_3m (21),2.46,1.68,-0.42
60.502,1,Ceiling_log_3m (21),2.46,1.68,-0.42
60.545,1,Ceiling_log_3m (21),2.46,1.68,-0.41
60.572,1,Ceiling_log_3m (21),2.46,1.68,-0.41
60.600,1,Ceiling_log_3m (21),2.46,1.68,-0.41
60.641,1,Ceiling_log_3m (21),2.46,1.68,-0.40
60.670,1,Ceiling_log_3m (21),2.46,1.67,-0.41
60.711,1,Ceiling_log_3m (21),2.46,1.65,-0.41
60.739,1,Ceiling_log_3m (21),2.46,1.64,-0.41
60.768,1,Ceiling_log_3m (21),2.46,1.63,-0.41
60.809,1,Ceiling_log_3m (21),2.46,1.61,-0.42
60.837,1,Ceiling_log_3m (21),2.46,1.60,-0.43
60.879,1,Ceiling_log_3m (21),2.46,1.58,-0.43
60.907,1,Ceiling_log_3m (21),2.46,1.57,-0.43
60.934,1,Ceiling_log_3m (21),2.46,1.57,-0.44
60.976,1,Ceiling_log_3m (21),2.46,1.56,-0.44
61.004,1,Ceiling_log_3m (21),2.46,1.56,-0.43
61.045,1,Ceiling_log_3m (21),2.46,1.56,-0.43
61.074,1,Ceiling_log_3m (21),2.46,1.55,-0.43
61.101,1,Ceiling_log_3m (21),2.46,1.53,-0.43
61.143,1,Ceiling_log_3m (21),2.46,1.51,-0.42
61.171,1,Ceiling_log_3m (21),2.45,1.50,-0.41
61.213,1,Ceiling_log_3m (21),2.42,1.50,-0.39
61.241,1,Ceiling_log_3m (21),2.42,1.50,-0.38
61.267,1,Ceiling_log_3m (21),2.44,1.50,-0.38
61.309,1,Ceiling_log_3m (21),2.45,1.50,-0.38
61.337,1,Ceiling_log_3m (21),2.46,1.51,-0.39
61.379,1,Ceiling_log_3m (21),2.46,1.51,-0.40
61.408,1,Ceiling_log_3m (21),2.44,1.50,-0.40
61.436,1,Ceiling_log_3m (21),2.42,1.50,-0.40
61.477,1,Ceiling_log_3m (21),2.37,1.50,-0.38
61.506,1,Wall_3mx20cm_Wood_Panels (2),2.16,1.59,-0.31
61.533,1,Wall_3mx20cm_Wood_Panels (2),2.17,1.57,-0.31
61.575,1,Wall_3mx20cm_Wood_Panels (2),2.19,1.55,-0.31
61.603,1,Wall_3mx20cm_Wood_Panels (2),2.21,1.54,-0.31
61.644,1,Wall_3mx20cm_Wood_Panels (2),2.23,1.52,-0.31
61.672,1,Wall_3mx20cm_Wood_Panels (2),2.24,1.52,-0.31
61.700,1,Wall_3mx20cm_Wood_Panels (2),2.25,1.52,-0.31
61.742,1,Wall_3mx20cm_Wood_Panels (2),2.25,1.51,-0.31
61.770,1,Wall_3mx20cm_Wood_Panels (2),2.24,1.50,-0.31
61.812,1,Wall_3mx20cm_Wood_Panels (2),2.22,1.48,-0.31
61.839,1,Wall_3mx20cm_Wood_Panels (2),2.20,1.49,-0.31
61.867,1,Wall_3mx20cm_Wood_Panels (2),2.19,1.49,-0.31
61.909,1,Wall_3mx20cm_Wood_Panels (2),2.19,1.49,-0.31
61.937,1,Wall_3mx20cm_Wood_Panels (2),2.18,1.49,-0.31
61.979,1,Wall_3mx20cm_Wood_Panels (2),2.19,1.49,-0.31
62.007,1,Wall_3mx20cm_Wood_Panels (2),2.21,1.49,-0.31
62.034,1,Wall_3mx20cm_Wood_Panels (2),2.21,1.49,-0.31
62.076,1,Wall_3mx20cm_Wood_Panels (2),2.22,1.49,-0.31
62.104,1,Wall_3mx20cm_Wood_Panels (2),2.22,1.50,-0.31
62.146,1,Wall_3mx20cm_Wood_Panels (2),2.22,1.50,-0.31
62.173,1,Wall_3mx20cm_Wood_Panels (2),2.23,1.49,-0.31
62.201,1,Wall_3mx20cm_Wood_Panels (2),2.24,1.49,-0.31
62.243,1,Wall_3mx20cm_Wood_Panels (2),2.26,1.49,-0.31
62.271,1,Wall_3mx20cm_Wood_Panels (2),2.28,1.48,-0.31
62.312,1,Wall_3mx20cm_Wood_Panels (2),2.30,1.46,-0.31
62.340,1,Wall_3mx20cm_Wood_Panels (2),2.31,1.46,-0.31
62.369,1,Wall_3mx20cm_Wood_Panels (2),2.32,1.46,-0.31
62.413,1,Wall_3mx20cm_Wood_Panels (2),2.34,1.44,-0.31
62.443,1,Wall_3mx20cm_Wood_Panels (2),2.35,1.44,-0.31
62.472,1,Wall_3mx20cm_Wood_Panels (2),2.35,1.44,-0.31
62.502,1,Wall_3mx20cm_Wood_Panels (2),2.36,1.44,-0.31
62.545,1,Wall_3mx20cm_Wood_Panels (2),2.38,1.43,-0.31
62.574,1,Wall_3mx20cm_Wood_Panels (2),2.38,1.43,-0.31
62.602,1,Wall_3mx20cm_Wood_Panels (2),2.39,1.42,-0.31
62.644,1,Wall_3mx20cm_Wood_Panels (2),2.39,1.42,-0.31
62.672,1,Wall_3mx20cm_Wood_Panels (2),2.39,1.43,-0.31
62.700,1,Wall_3mx20cm_Wood_Panels (2),2.39,1.43,-0.31
62.742,1,Wall_3mx20cm_Wood_Panels (2),2.38,1.43,-0.31
62.769,1,Wall_3mx20cm_Wood_Panels (2),2.39,1.43,-0.31
62.812,1,Wall_3mx20cm_Wood_Panels (2),2.39,1.43,-0.31
62.840,1,Wall_3mx20cm_Wood_Panels (2),2.40,1.43,-0.31
62.868,1,Wall_3mx20cm_Wood_Panels (2),2.42,1.43,-0.31
62.910,1,Wall_3mx20cm_Wood_Panels (2),2.44,1.43,-0.31
62.938,1,Wall_3mx20cm_Wood_Panels (2),2.45,1.45,-0.31
62.980,1,Wall_3mx20cm_Wood_Panels (2),2.46,1.43,-0.31
63.007,1,Wall_3mx20cm_Wood_Panels (2),2.47,1.43,-0.31
63.036,1,Wall_3mx20cm_Wood_Panels (2),2.47,1.42,-0.31
63.077,1,Wall_3mx20cm_Wood_Panels (2),2.48,1.41,-0.31
63.104,1,Wall_3mx20cm_Wood_Panels (2),2.48,1.41,-0.31
63.146,1,Wall_3mx20cm_Wood_Panels (2),2.50,1.41,-0.31
63.174,1,Wall_3mx20cm_Wood_Panels (2),2.51,1.41,-0.31
63.202,1,Wall_3mx20cm_Wood_Panels (2),2.52,1.40,-0.31
63.243,1,Wall_3mx20cm_Wood_Panels (2),2.52,1.39,-0.31
63.271,1,Wall_3mx20cm_Wood_Panels (2),2.53,1.39,-0.31
63.313,1,Wall_3mx20cm_Wood_Panels (2),2.54,1.38,-0.31
63.341,1,Wall_3mx20cm_Wood_Panels (2),2.55,1.38,-0.31
63.368,1,Wall_3mx20cm_Wood_Panels (2),2.56,1.37,-0.31
63.411,1,Wall_3mx20cm_Wood_Panels (2),2.56,1.37,-0.31
63.438,1,Wall_3mx20cm_Wood_Panels (2),2.56,1.37,-0.31
63.467,1,Wall_3mx20cm_Wood_Panels (2),2.55,1.35,-0.31
63.508,1,Wall_3mx20cm_Wood_Panels (2),2.54,1.36,-0.31
63.537,1,Wall_3mx20cm_Wood_Panels (2),2.54,1.37,-0.31
63.578,1,Wall_3mx20cm_Wood_Panels (2),2.54,1.37,-0.31
63.606,1,Wall_3mx20cm_Wood_Panels (2),2.53,1.37,-0.31
63.633,1,Wall_3mx20cm_Wood_Panels (2),2.53,1.37,-0.31
63.675,1,Wall_3mx20cm_Wood_Panels (2),2.52,1.38,-0.31
63.703,1,Wall_3mx20cm_Wood_Panels (2),2.52,1.38,-0.31
63.745,1,Wall_3mx20cm_Wood_Panels (2),2.52,1.38,-0.31
63.772,1,Wall_3mx20cm_Wood_Panels (2),2.52,1.37,-0.31
63.800,1,Wall_3mx20cm_Wood_Panels (2),2.52,1.37,-0.31
63.842,1,Wall_3mx20cm_Wood_Panels (2),2.53,1.37,-0.31
63.869,1,Wall_3mx20cm_Wood_Panels (2),2.53,1.37,-0.31
63.911,1,Wall_3mx20cm_Wood_Panels (2),2.55,1.37,-0.31
63.939,1,Wall_3mx20cm_Wood_Panels (2),2.56,1.37,-0.31
63.966,1,Wall_3mx20cm_Wood_Panels (2),2.57,1.36,-0.31
64.008,1,Wall_3mx20cm_Wood_Panels (2),2.59,1.36,-0.31
64.036,1,Wall_3mx20cm_Wood_Panels (2),2.60,1.36,-0.31
64.077,1,Wall_3mx20cm_Wood_Panels (2),2.60,1.35,-0.31
64.105,1,Wall_3mx20cm_Wood_Panels (2),2.60,1.35,-0.31
64.134,1,Wall_3mx20cm_Wood_Panels (2),2.60,1.35,-0.31
64.176,1,Wall_3mx20cm_Wood_Panels (2),2.59,1.33,-0.31
64.203,1,Wall_3mx20cm_Wood_Panels (2),2.59,1.32,-0.31
64.244,1,Wall_3mx20cm_Wood_Panels (2),2.60,1.33,-0.31
64.273,1,Wall_3mx20cm_Wood_Panels (2),2.60,1.33,-0.31
64.300,1,Wall_3mx20cm_Wood_Panels (2),2.61,1.33,-0.31
64.342,1,Wall_3mx20cm_Wood_Panels (2),2.63,1.33,-0.31
64.370,1,Wall_3mx20cm_Wood_Panels (2),2.63,1.33,-0.31
64.411,1,Wall_3mx20cm_Wood_Panels (2),2.60,1.35,-0.31
64.439,1,Wall_3mx20cm_Wood_Panels (2),2.56,1.37,-0.31
64.468,1,Wall_3mx20cm_Wood_Panels (2),2.52,1.38,-0.31
64.510,1,Wall_3mx20cm_Wood_Panels (2),2.46,1.40,-0.31
64.537,1,Wall_3mx20cm_Wood_Panels (2),2.44,1.41,-0.31
64.579,1,Wall_3mx20cm_Wood_Panels (2),2.40,1.42,-0.31
64.607,1,Wall_3mx20cm_Wood_Panels (2),2.37,1.43,-0.31
64.635,1,Wall_3mx20cm_Wood_Panels (2),2.34,1.45,-0.31
64.677,1,Wall_3mx20cm_Wood_Panels (2),2.27,1.46,-0.31
64.705,1,Wall_3mx20cm_Wood_Panels (2),2.20,1.49,-0.31
64.733,1,Wall_3mx20cm_Wood_Panels (2),2.13,1.53,-0.31
64.775,1,Wall_3mx20cm_Wood_Panels (2),2.01,1.59,-0.31
64.803,1,Wall_3mx20cm_Wood_Panels (2),1.91,1.62,-0.31
64.845,1,Wall_3mx20cm_Wood_Panels (2),1.75,1.69,-0.31
64.873,1,Ceiling_3x3m (7),1.73,1.70,-0.34
64.901,1,Ceiling_3x3m (7),1.69,1.70,-0.37
64.943,1,Ceiling_3x3m (7),1.68,1.70,-0.42
64.971,1,Ceiling_3x3m (7),1.68,1.70,-0.46
65.013,1,Ceiling_3x3m (7),1.70,1.70,-0.51
65.041,1,Ceiling_3x3m (7),1.66,1.70,-0.54
65.068,1,Ceiling_3x3m (7),1.67,1.70,-0.58
65.110,1,Ceiling_3x3m (7),1.68,1.70,-0.63
65.138,1,Ceiling_3x3m (7),1.65,1.70,-0.67
65.180,1,Ceiling_3x3m (7),1.61,1.70,-0.73
65.208,1,Ceiling_3x3m (7),1.63,1.70,-0.79
65.236,1,Ceiling_3x3m (7),1.59,1.70,-0.83
65.277,1,Ceiling_3x3m (7),1.54,1.70,-0.91
65.305,1,Ceiling_log_3m (20),1.52,1.68,-0.96
65.333,1,Ceiling_log_3m (20),1.52,1.66,-1.02
65.374,1,Ceiling_log_3m (20),1.52,1.65,-1.11
65.402,1,Ceiling_log_3m (20),1.52,1.62,-1.17
65.444,1,Ceiling_log_3m (20),1.52,1.58,-1.26
65.472,1,Ceiling_log_3m (20),1.52,1.55,-1.33
65.501,1,Ceiling_log_3m (20),1.52,1.54,-1.40
65.542,1,Ceiling_log_3m (20),1.49,1.50,-1.49
65.569,1,Wall_3mx20cm_Conference_Door,1.41,1.51,-1.57
65.611,1,Wall_3mx20cm_Conference_Door,1.41,1.44,-1.70
65.639,1,Wall_3mx20cm_Conference_Door,1.41,1.39,-1.82
65.667,1,Wall_3mx20cm_Conference_Door,1.41,1.36,-1.93
65.710,1,Wall_3mx20cm_Conference_Door,1.41,1.28,-2.13
65.737,1,Wall_3mx20cm_Conference_Door,1.41,1.22,-2.28
65.779,1,Wall_3mx20cm_Conference_Door,1.41,1.11,-2.54
65.807,1,Timer,1.47,1.02,-2.72
65.835,1,Timer,1.47,0.97,-2.92
65.878,1,Timer,1.47,0.95,-3.28
65.904,1,Wall_3mx20cm_Conference_Door,1.41,0.94,-3.56
65.946,1,Wall_3mx20cm_Conference_Door,1.41,0.90,-3.92
65.974,1,Wall_3mx20cm_Conference_Door,1.41,0.83,-4.09
66.002,1,Wall_3mx40cm_Window,1.60,0.71,-4.10
66.044,1,Wall_3mx40cm_Window,1.66,0.58,-4.10
66.073,1,Wall_3mx40cm_Window,1.61,0.48,-4.10
66.100,1,Wall_3mx40cm_Window,1.54,0.41,-4.10
66.142,1,Wall_3mx20cm_Conference_Door,1.41,0.29,-4.07
66.169,1,Wall_3mx20cm_Conference_Door,1.41,0.19,-3.99
66.212,1,Wall_3mx20cm_Conference_Door,1.41,0.05,-3.82
66.238,1,Wall_3mx20cm_Conference_Door,1.41,-0.06,-3.67
66.266,1,Wall_3mx20cm_Conference_Door,1.33,-0.22,-3.53
66.308,1,Conference_Room_Door_R,1.33,-0.47,-3.24
66.336,1,Conference_Room_Door_R,1.33,-0.58,-3.09
66.378,1,Conference_Room_Door_R,1.33,-0.68,-2.96
66.407,1,Conference_Room_Door_R,1.33,-0.71,-2.92
66.434,1,Conference_Room_Door_R,1.33,-0.72,-2.93
66.475,1,Conference_Room_Door_R,1.33,-0.77,-2.98
66.504,1,Conference_Room_Door_R,1.33,-0.84,-3.04
66.545,1,Conference_Room_Door_R,1.33,-0.93,-3.12
66.573,1,Auto Hand Player,6.64,-0.72,-1.81
66.601,1,Auto Hand Player,6.64,-0.72,-1.81
66.642,1,Conference_Room_Door_R,1.33,-0.96,-3.17
66.670,1,Conference_Room_Door_R,1.33,-0.93,-3.15
66.712,1,Conference_Room_Door_R,1.33,-0.88,-3.11
66.740,1,Conference_Room_Door_R,1.33,-0.86,-3.09
66.768,1,Conference_Room_Door_R,1.33,-0.83,-3.07
66.810,1,Conference_Room_Door_R,1.33,-0.82,-3.05
66.838,1,Conference_Room_Door_R,1.33,-0.82,-3.04
66.880,1,Conference_Room_Door_R,1.33,-0.82,-3.03
66.907,1,Conference_Room_Door_R,1.33,-0.82,-3.01
66.935,1,Conference_Room_Door_R,1.33,-0.81,-3.00
66.977,1,Conference_Room_Door_R,1.33,-0.80,-2.97
67.005,1,Conference_Room_Door_R,1.33,-0.80,-2.96
67.033,1,Conference_Room_Door_R,1.33,-0.81,-2.94
67.075,1,Conference_Room_Door_R,1.33,-0.81,-2.92
67.103,1,Conference_Room_Door_R,1.33,-0.80,-2.91
67.144,1,Conference_Room_Door_R,1.33,-0.79,-2.89
67.172,1,Conference_Room_Door_R,1.33,-0.78,-2.88
67.200,1,Conference_Room_Door_R,1.33,-0.77,-2.86
67.242,1,Conference_Room_Door_R,1.33,-0.75,-2.85
67.269,1,Conference_Room_Door_R,1.33,-0.73,-2.86
67.312,1,Conference_Room_Door_R,1.33,-0.65,-2.88
67.339,1,Conference_Room_Door_R,1.33,-0.61,-2.89
67.367,1,Conference_Room_Door_R,1.33,-0.59,-2.90
67.409,1,Conference_Room_Door_R,1.33,-0.58,-2.90
67.437,1,Conference_Room_Door_R,1.33,-0.56,-2.90
67.478,1,Conference_Room_Door_R,1.33,-0.58,-2.90
67.506,1,Conference_Room_Door_R,1.33,-0.60,-2.88
67.534,1,Conference_Room_Door_R,1.33,-0.58,-2.86
67.576,1,Conference_Room_Door_R,1.33,-0.55,-2.82
67.604,1,Conference_Room_Door_R,1.33,-0.54,-2.79
67.647,1,Conference_Room_Door_R,1.33,-0.53,-2.73
67.674,1,Conference_Room_Door_R,1.33,-0.49,-2.69
67.701,1,Conference_Room_Door_R,1.33,-0.46,-2.66
67.743,1,Conference_Room_Door_R,1.33,-0.44,-2.61
67.772,1,Conference_Room_Door_L,1.33,-0.43,-2.58
67.800,1,Conference_Room_Door_L,1.33,-0.41,-2.56
67.840,1,Conference_Room_Door_L,1.33,-0.41,-2.53
67.868,1,Conference_Room_Door_L,1.33,-0.41,-2.51
67.910,1,Conference_Room_Door_L,1.33,-0.41,-2.48
67.938,1,Conference_Room_Door_L,1.33,-0.41,-2.46
67.980,1,Conference_Room_Door_L,1.33,-0.37,-2.44
68.007,1,Conference_Room_Door_L,1.33,-0.36,-2.43
68.036,1,Conference_Room_Door_L,1.33,-0.35,-2.42
68.077,1,Conference_Room_Door_L,1.33,-0.31,-2.41
68.105,1,Conference_Room_Door_L,1.33,-0.31,-2.41
68.133,1,Conference_Room_Door_L,1.33,-0.32,-2.40
68.175,1,Conference_Room_Door_L,1.33,-0.32,-2.39
68.202,1,Conference_Room_Door_L,1.33,-0.30,-2.38
68.244,1,Conference_Room_Door_L,1.33,-0.28,-2.37
68.272,1,Conference_Room_Door_L,1.33,-0.25,-2.36
68.301,1,Conference_Room_Door_L,1.33,-0.24,-2.35
68.341,1,Conference_Room_Door_L,1.33,-0.23,-2.34
68.369,1,Conference_Room_Door_L,1.33,-0.22,-2.34
68.411,1,Conference_Room_Door_L,1.33,-0.22,-2.33
68.439,1,Conference_Room_Door_L,1.33,-0.23,-2.33
68.467,1,Conference_Room_Door_L,1.33,-0.24,-2.34
68.509,1,Conference_Room_Door_L,1.33,-0.24,-2.34
68.536,1,Conference_Room_Door_L,1.33,-0.25,-2.34
68.578,1,Conference_Room_Door_L,1.33,-0.25,-2.35
68.606,1,Conference_Room_Door_L,1.33,-0.25,-2.35
68.633,1,Conference_Room_Door_L,1.33,-0.24,-2.35
68.676,1,Conference_Room_Door_L,1.33,-0.22,-2.36
68.703,1,Conference_Room_Door_L,1.33,-0.21,-2.35
68.745,1,Conference_Room_Door_L,1.33,-0.18,-2.35
68.773,1,Conference_Room_Door_L,1.33,-0.17,-2.34
68.801,1,Conference_Room_Door_L,1.33,-0.15,-2.33
68.843,1,Conference_Room_Door_L,1.33,-0.15,-2.31
68.871,1,Conference_Room_Door_L,1.33,-0.15,-2.31
68.912,1,Conference_Room_Door_L,1.33,-0.16,-2.30
68.940,1,Conference_Room_Door_L,1.33,-0.15,-2.30
68.968,1,Conference_Room_Door_L,1.33,-0.14,-2.30
69.009,1,Conference_Room_Door_L,1.33,-0.12,-2.30
69.038,1,Conference_Room_Door_L,1.33,-0.12,-2.29
69.079,1,Conference_Room_Door_L,1.33,-0.12,-2.29
69.107,1,Conference_Room_Door_L,1.33,-0.11,-2.29
69.134,1,Conference_Room_Door_L,1.33,-0.11,-2.29
69.177,1,Conference_Room_Door_L,1.33,-0.10,-2.29
69.205,1,Conference_Room_Door_L,1.33,-0.10,-2.29
69.247,1,Conference_Room_Door_L,1.33,-0.11,-2.29
69.274,1,Conference_Room_Door_L,1.33,-0.12,-2.29
69.302,1,Conference_Room_Door_L,1.33,-0.11,-2.28
69.345,1,Conference_Room_Door_L,1.33,-0.08,-2.27
69.371,1,Conference_Room_Door_L,1.33,-0.09,-2.26
69.399,1,Conference_Room_Door_L,1.33,-0.09,-2.26
69.441,1,Conference_Room_Door_L,1.33,-0.05,-2.25
69.470,1,Conference_Room_Door_L,1.33,-0.03,-2.25
69.512,1,Conference_Room_Door_L,1.33,-0.02,-2.25
69.539,1,Conference_Room_Door_L,1.33,-0.02,-2.25
69.580,1,Conference_Room_Door_L,1.33,-0.02,-2.25
69.609,1,Conference_Room_Door_L,1.33,-0.03,-2.25
69.636,1,Conference_Room_Door_L,1.33,-0.03,-2.25
69.678,1,Conference_Room_Door_L,1.33,-0.01,-2.25
69.706,1,Conference_Room_Door_L,1.33,0.00,-2.25
69.734,1,Conference_Room_Door_L,1.33,0.03,-2.24
69.775,1,Conference_Room_Door_L,1.33,0.06,-2.25
69.804,1,Conference_Room_Door_L,1.33,0.08,-2.27
69.845,1,Conference_Room_Door_L,1.33,0.09,-2.27
69.874,1,Conference_Room_Door_L,1.33,0.05,-2.28
69.901,1,Conference_Room_Door_L,1.33,0.02,-2.27
69.942,1,Conference_Room_Door_L,1.33,0.02,-2.26
69.971,1,Conference_Room_Door_L,1.33,0.03,-2.24
70.012,1,Conference_Room_Door_L,1.33,0.01,-2.24
70.040,1,Conference_Room_Door_L,1.33,0.00,-2.24
70.068,1,Conference_Room_Door_L,1.33,0.00,-2.24
70.110,1,Conference_Room_Door_L,1.33,0.00,-2.25
70.138,1,Conference_Room_Door_L,1.33,0.00,-2.25
70.179,1,Conference_Room_Door_L,1.33,0.00,-2.25
70.207,1,Conference_Room_Door_L,1.33,0.01,-2.26
70.235,1,Conference_Room_Door_L,1.33,0.01,-2.26
70.277,1,Conference_Room_Door_L,1.33,0.01,-2.26
70.305,1,Conference_Room_Door_L,1.33,0.01,-2.26
70.333,1,Conference_Room_Door_L,1.33,0.03,-2.26
70.375,1,Conference_Room_Door_L,1.33,0.04,-2.26
70.402,1,Conference_Room_Door_L,1.33,0.04,-2.26
70.444,1,Conference_Room_Door_L,1.33,0.05,-2.26
70.472,1,Conference_Room_Door_L,1.33,0.06,-2.25
70.500,1,Conference_Room_Door_L,1.33,0.07,-2.25
70.542,1,Conference_Room_Door_L,1.33,0.08,-2.23
70.569,1,Conference_Room_Door_L,1.33,0.09,-2.22
70.611,1,Conference_Room_Door_L,1.33,0.09,-2.21
70.639,1,Conference_Room_Door_L,1.33,0.09,-2.20
70.667,1,Conference_Room_Door_L,1.33,0.08,-2.18
70.709,1,Conference_Room_Door_L,1.33,0.08,-2.17
70.737,1,Conference_Room_Door_L,1.33,0.06,-2.16
70.778,1,Conference_Room_Door_L,1.33,0.07,-2.16
70.806,1,Conference_Room_Door_L,1.33,0.08,-2.16
70.834,1,Conference_Room_Door_L,1.33,0.08,-2.16
70.876,1,Conference_Room_Door_L,1.33,0.07,-2.18
70.903,1,Conference_Room_Door_L,1.33,0.05,-2.19
70.945,1,Conference_Room_Door_L,1.33,0.02,-2.20
70.972,1,Conference_Room_Door_L,1.33,0.03,-2.21
71.000,1,Conference_Room_Door_L,1.33,0.06,-2.21
71.042,1,Conference_Room_Door_L,1.33,0.08,-2.21
71.070,1,Conference_Room_Door_L,1.33,0.12,-2.21
71.112,1,Conference_Room_Door_L,1.33,0.16,-2.21
71.140,1,Conference_Room_Door_L,1.33,0.19,-2.21
71.168,1,Conference_Room_Door_L,1.33,0.19,-2.20
71.211,1,Conference_Room_Door_L,1.33,0.17,-2.21
71.237,1,Conference_Room_Door_L,1.33,0.14,-2.22
71.279,1,Conference_Room_Door_L,1.33,0.13,-2.21
71.307,1,Conference_Room_Door_L,1.33,0.13,-2.22
71.334,1,Conference_Room_Door_L,1.33,0.11,-2.23
71.376,1,Conference_Room_Door_L,1.33,0.09,-2.24
71.405,1,Conference_Room_Door_L,1.33,0.10,-2.24
71.446,1,Conference_Room_Door_L,1.33,0.12,-2.25
71.474,1,Conference_Room_Door_L,1.33,0.14,-2.26
71.502,1,Conference_Room_Door_L,1.33,0.16,-2.26
71.544,1,Conference_Room_Door_L,1.33,0.14,-2.27
71.571,1,Conference_Room_Door_L,1.33,0.14,-2.27
71.613,1,Conference_Room_Door_L,1.33,0.18,-2.27
71.641,1,Conference_Room_Door_L,1.33,0.19,-2.27
71.669,1,Conference_Room_Door_L,1.33,0.19,-2.27
71.711,1,Conference_Room_Door_L,1.33,0.17,-2.27
71.738,1,Conference_Room_Door_L,1.33,0.15,-2.26
71.767,1,Conference_Room_Door_L,1.33,0.14,-2.25
71.808,1,Conference_Room_Door_L,1.33,0.15,-2.24
71.836,1,Conference_Room_Door_L,1.33,0.15,-2.24
71.877,1,Conference_Room_Door_L,1.33,0.13,-2.23
71.905,1,Conference_Room_Door_L,1.33,0.13,-2.22
71.934,1,Conference_Room_Door_L,1.33,0.16,-2.23
71.976,1,Conference_Room_Door_L,1.33,0.19,-2.24
72.003,1,Conference_Room_Door_L,1.33,0.21,-2.25
72.045,1,Conference_Room_Door_L,1.33,0.19,-2.25
72.072,1,Conference_Room_Door_L,1.33,0.19,-2.24
72.101,1,Conference_Room_Door_L,1.33,0.20,-2.24
72.143,1,Conference_Room_Door_L,1.33,0.17,-2.24
72.170,1,Conference_Room_Door_L,1.33,0.16,-2.24
72.212,1,Conference_Room_Door_L,1.33,0.16,-2.24
72.240,1,Conference_Room_Door_L,1.33,0.15,-2.24
72.268,1,Conference_Room_Door_L,1.33,0.16,-2.24
72.310,1,Conference_Room_Door_L,1.33,0.17,-2.24
72.337,1,Conference_Room_Door_L,1.33,0.16,-2.23
72.379,1,Conference_Room_Door_L,1.33,0.14,-2.22
72.407,1,Conference_Room_Door_L,1.33,0.14,-2.22
72.436,1,Conference_Room_Door_L,1.33,0.14,-2.22
72.477,1,Conference_Room_Door_L,1.33,0.16,-2.21
72.504,1,Conference_Room_Door_L,1.33,0.19,-2.22
72.546,1,Conference_Room_Door_L,1.33,0.21,-2.22
72.574,1,Conference_Room_Door_L,1.33,0.22,-2.23
72.603,1,Conference_Room_Door_L,1.33,0.21,-2.24
72.643,1,Conference_Room_Door_L,1.33,0.19,-2.24
72.671,1,Conference_Room_Door_L,1.33,0.18,-2.24
72.699,1,Conference_Room_Door_L,1.33,0.17,-2.24
72.741,1,Conference_Room_Door_L,1.33,0.18,-2.25
72.769,1,Conference_Room_Door_L,1.33,0.18,-2.25
72.811,1,Conference_Room_Door_L,1.33,0.18,-2.26
72.839,1,Conference_Room_Door_L,1.33,0.16,-2.27
72.867,1,Conference_Room_Door_L,1.33,0.15,-2.27
72.908,1,Conference_Room_Door_L,1.33,0.15,-2.28
72.936,1,Conference_Room_Door_L,1.33,0.15,-2.28
72.978,1,Conference_Room_Door_L,1.33,0.14,-2.28
73.006,1,Conference_Room_Door_L,1.33,0.14,-2.28
73.034,1,Conference_Room_Door_L,1.33,0.15,-2.28
73.075,1,Conference_Room_Door_L,1.33,0.14,-2.29
73.103,1,Conference_Room_Door_L,1.33,0.14,-2.29
73.145,1,Conference_Room_Door_L,1.33,0.14,-2.30
73.173,1,Conference_Room_Door_L,1.33,0.14,-2.31
73.201,1,Conference_Room_Door_L,1.33,0.14,-2.31
73.243,1,Conference_Room_Door_L,1.33,0.13,-2.31
73.270,1,Conference_Room_Door_L,1.33,0.13,-2.32
73.312,1,Conference_Room_Door_L,1.33,0.12,-2.32
73.340,1,Conference_Room_Door_L,1.33,0.12,-2.31
73.368,1,Conference_Room_Door_L,1.33,0.12,-2.31
73.410,1,Conference_Room_Door_L,1.33,0.12,-2.31
73.437,1,Conference_Room_Door_L,1.33,0.11,-2.31
73.479,1,Conference_Room_Door_L,1.33,0.11,-2.30
73.507,1,Conference_Room_Door_L,1.33,0.10,-2.30
73.535,1,Conference_Room_Door_L,1.33,0.09,-2.30
73.577,1,Conference_Room_Door_L,1.33,0.08,-2.30
73.605,1,Conference_Room_Door_L,1.33,0.08,-2.30
73.646,1,Conference_Room_Door_L,1.33,0.07,-2.30
73.674,1,Conference_Room_Door_L,1.33,0.07,-2.30
73.702,1,Conference_Room_Door_L,1.33,0.06,-2.30
73.743,1,Conference_Room_Door_L,1.33,0.06,-2.30
73.772,1,Conference_Room_Door_L,1.33,0.06,-2.30
73.799,1,Conference_Room_Door_L,1.33,0.06,-2.30
73.841,1,Conference_Room_Door_L,1.33,0.05,-2.30
73.870,1,Conference_Room_Door_L,1.33,0.06,-2.29
73.911,1,Conference_Room_Door_L,1.33,0.05,-2.29
73.939,1,Conference_Room_Door_L,1.33,0.05,-2.29
73.966,1,Conference_Room_Door_L,1.33,0.05,-2.29
74.008,1,Conference_Room_Door_L,1.33,0.05,-2.29
74.036,1,Conference_Room_Door_L,1.33,0.04,-2.29
74.078,1,Conference_Room_Door_L,1.33,0.02,-2.28
74.105,1,Conference_Room_Door_L,1.33,0.01,-2.28
74.133,1,Conference_Room_Door_L,1.33,0.00,-2.27
74.175,1,Conference_Room_Door_L,1.33,-0.03,-2.26
74.203,1,Conference_Room_Door_L,1.33,-0.04,-2.25
74.244,1,Conference_Room_Door_L,1.33,-0.05,-2.23
74.272,1,Conference_Room_Door_L,1.33,-0.06,-2.21
74.299,1,Conference_Room_Door_L,1.33,-0.07,-2.20
74.341,1,Conference_Room_Door_L,1.33,-0.07,-2.19
74.369,1,Conference_Room_Door_L,1.33,-0.08,-2.19
74.411,1,Conference_Room_Door_L,1.33,-0.08,-2.19
74.439,1,Conference_Room_Door_L,1.33,-0.09,-2.19
74.467,1,Conference_Room_Door_L,1.33,-0.09,-2.18
74.509,1,Conference_Room_Door_L,1.33,-0.10,-2.18
74.537,1,Conference_Room_Door_L,1.33,-0.10,-2.18
74.578,1,Conference_Room_Door_L,1.33,-0.10,-2.18
74.606,1,Conference_Room_Door_L,1.33,-0.11,-2.18
74.634,1,Conference_Room_Door_L,1.33,-0.11,-2.18
74.676,1,Conference_Room_Door_L,1.33,-0.10,-2.19
74.704,1,Conference_Room_Door_L,1.33,-0.11,-2.18
74.747,1,Conference_Room_Door_L,1.33,-0.08,-2.18
74.773,1,Conference_Room_Door_L,1.33,-0.07,-2.17
74.802,1,Conference_Room_Door_L,1.33,-0.08,-2.17
74.843,1,Conference_Room_Door_L,1.33,-0.06,-2.17
74.871,1,Conference_Room_Door_L,1.33,-0.06,-2.17
74.913,1,Conference_Room_Door_L,1.33,-0.05,-2.17
74.940,1,Conference_Room_Door_L,1.33,-0.04,-2.17
74.968,1,Conference_Room_Door_L,1.33,-0.04,-2.17
75.010,1,Conference_Room_Door_L,1.33,-0.04,-2.17
75.038,1,Conference_Room_Door_L,1.33,-0.03,-2.18
75.080,1,Conference_Room_Door_L,1.33,-0.03,-2.20
75.107,1,Conference_Room_Door_L,1.33,-0.02,-2.21
75.135,1,Conference_Room_Door_L,1.33,-0.01,-2.22
75.177,1,Conference_Room_Door_L,1.33,0.00,-2.23
75.206,1,Conference_Room_Door_L,1.33,0.01,-2.24
75.233,1,Conference_Room_Door_L,1.33,0.02,-2.25
75.275,1,Conference_Room_Door_L,1.33,0.04,-2.25
75.304,1,Conference_Room_Door_L,1.33,0.05,-2.25
75.345,1,Conference_Room_Door_L,1.33,0.07,-2.26
75.374,1,Conference_Room_Door_L,1.33,0.08,-2.27
75.400,1,Conference_Room_Door_L,1.33,0.07,-2.28
75.442,1,Conference_Room_Door_L,1.33,0.08,-2.29
75.470,1,Conference_Room_Door_L,1.33,0.09,-2.29
75.511,1,Conference_Room_Door_L,1.33,0.10,-2.30
75.540,1,Conference_Room_Door_L,1.33,0.12,-2.31
75.567,1,Conference_Room_Door_L,1.33,0.13,-2.31
75.609,1,Conference_Room_Door_L,1.33,0.15,-2.31
75.637,1,Conference_Room_Door_L,1.33,0.16,-2.32
75.678,1,Conference_Room_Door_L,1.33,0.18,-2.32
75.707,1,Conference_Room_Door_L,1.33,0.19,-2.32
75.734,1,Conference_Room_Door_L,1.33,0.20,-2.32
75.776,1,Conference_Room_Door_L,1.33,0.20,-2.32
75.804,1,Conference_Room_Door_L,1.33,0.20,-2.32
75.846,1,Conference_Room_Door_L,1.33,0.21,-2.31
75.874,1,Conference_Room_Door_L,1.33,0.21,-2.31
75.902,1,Conference_Room_Door_L,1.33,0.20,-2.31
75.943,1,Conference_Room_Door_L,1.33,0.20,-2.32
75.971,1,Conference_Room_Door_L,1.33,0.20,-2.32
76.013,1,Conference_Room_Door_L,1.33,0.19,-2.32
76.041,1,Conference_Room_Door_L,1.33,0.19,-2.32
76.069,1,Conference_Room_Door_L,1.33,0.18,-2.32
76.110,1,Conference_Room_Door_L,1.33,0.18,-2.33
76.138,1,Conference_Room_Door_L,1.33,0.17,-2.33
76.180,1,Conference_Room_Door_L,1.33,0.16,-2.33
76.208,1,Conference_Room_Door_L,1.33,0.15,-2.33
76.236,1,Conference_Room_Door_L,1.33,0.14,-2.33
76.278,1,Conference_Room_Door_L,1.33,0.13,-2.34
76.305,1,Conference_Room_Door_L,1.33,0.13,-2.34
76.333,1,Conference_Room_Door_L,1.33,0.12,-2.34
76.375,1,Conference_Room_Door_L,1.33,0.12,-2.35
76.403,1,Conference_Room_Door_L,1.33,0.11,-2.35
76.445,1,Conference_Room_Door_L,1.33,0.11,-2.36
76.472,1,Conference_Room_Door_L,1.33,0.11,-2.36
76.500,1,Conference_Room_Door_L,1.33,0.10,-2.35
76.542,1,Conference_Room_Door_L,1.33,0.09,-2.35
76.571,1,Conference_Room_Door_L,1.33,0.08,-2.35
76.612,1,Conference_Room_Door_L,1.33,0.08,-2.35
76.639,1,Conference_Room_Door_L,1.33,0.08,-2.34
76.667,1,Conference_Room_Door_L,1.33,0.10,-2.34
76.708,1,Conference_Room_Door_L,1.33,0.10,-2.35
76.736,1,Conference_Room_Door_L,1.33,0.10,-2.36
76.778,1,Conference_Room_Door_L,1.33,0.09,-2.36
76.806,1,Conference_Room_Door_L,1.33,0.09,-2.36
76.834,1,Conference_Room_Door_L,1.33,0.08,-2.36
76.876,1,Conference_Room_Door_L,1.33,0.08,-2.36
76.904,1,Conference_Room_Door_L,1.33,0.08,-2.36
76.945,1,Conference_Room_Door_L,1.33,0.09,-2.36
76.973,1,Conference_Room_Door_L,1.33,0.09,-2.35
77.001,1,Conference_Room_Door_L,1.33,0.09,-2.35
77.043,1,Conference_Room_Door_L,1.33,0.10,-2.35
77.071,1,Conference_Room_Door_L,1.33,0.10,-2.35
77.113,1,Conference_Room_Door_L,1.33,0.12,-2.36
77.140,1,Conference_Room_Door_L,1.33,0.12,-2.37
77.168,1,Conference_Room_Door_L,1.33,0.12,-2.38
77.210,1,Conference_Room_Door_L,1.33,0.13,-2.40
77.238,1,Conference_Room_Door_L,1.33,0.12,-2.40
77.280,1,Conference_Room_Door_L,1.33,0.13,-2.41
77.308,1,Conference_Room_Door_L,1.33,0.12,-2.42
77.335,1,Conference_Room_Door_L,1.33,0.13,-2.42
77.377,1,Conference_Room_Door_L,1.33,0.13,-2.43
77.405,1,Conference_Room_Door_L,1.33,0.13,-2.43
77.433,1,Conference_Room_Door_L,1.33,0.13,-2.43
77.474,1,Conference_Room_Door_L,1.33,0.12,-2.43
77.504,1,Conference_Room_Door_L,1.33,0.12,-2.42
77.544,1,Conference_Room_Door_L,1.33,0.11,-2.42
77.572,1,Conference_Room_Door_L,1.33,0.10,-2.42
77.599,1,Conference_Room_Door_L,1.33,0.09,-2.42
77.641,1,Conference_Room_Door_L,1.33,0.08,-2.42
77.669,1,Conference_Room_Door_L,1.33,0.07,-2.42
77.711,1,Conference_Room_Door_L,1.33,0.07,-2.43
77.740,1,Conference_Room_Door_L,1.33,0.07,-2.43
77.767,1,Conference_Room_Door_L,1.33,0.07,-2.44
77.809,1,Conference_Room_Door_L,1.33,0.07,-2.45
77.836,1,Conference_Room_Door_L,1.33,0.07,-2.45
77.878,1,Conference_Room_Door_L,1.33,0.08,-2.45
77.906,1,Conference_Room_Door_L,1.33,0.08,-2.45
77.935,1,Conference_Room_Door_L,1.33,0.08,-2.45
77.976,1,Conference_Room_Door_L,1.33,0.09,-2.46
78.003,1,Conference_Room_Door_L,1.33,0.09,-2.46
78.045,1,Conference_Room_Door_L,1.33,0.09,-2.46
78.073,1,Conference_Room_Door_L,1.33,0.09,-2.47
78.101,1,Conference_Room_Door_L,1.33,0.09,-2.47
78.143,1,Conference_Room_Door_L,1.33,0.09,-2.47
78.170,1,Conference_Room_Door_L,1.33,0.09,-2.46
78.213,1,Conference_Room_Door_L,1.33,0.09,-2.46
78.240,1,Conference_Room_Door_L,1.33,0.09,-2.47
78.269,1,Conference_Room_Door_L,1.33,0.08,-2.46
78.309,1,Conference_Room_Door_L,1.33,0.08,-2.46
78.338,1,Conference_Room_Door_L,1.33,0.08,-2.46
78.379,1,Conference_Room_Door_L,1.33,0.07,-2.46
78.408,1,Conference_Room_Door_L,1.33,0.07,-2.46
78.435,1,Conference_Room_Door_L,1.33,0.08,-2.45
78.477,1,Conference_Room_Door_L,1.33,0.08,-2.45
78.504,1,Conference_Room_Door_L,1.33,0.08,-2.45
78.546,1,Conference_Room_Door_L,1.33,0.08,-2.45
78.574,1,Conference_Room_Door_L,1.33,0.09,-2.45
78.602,1,Conference_Room_Door_L,1.33,0.09,-2.45
78.644,1,Conference_Room_Door_L,1.33,0.08,-2.46
78.672,1,Conference_Room_Door_L,1.33,0.08,-2.46
78.700,1,Conference_Room_Door_L,1.33,0.09,-2.46
78.742,1,Conference_Room_Door_L,1.33,0.09,-2.46
78.769,1,Conference_Room_Door_L,1.33,0.09,-2.45
78.811,1,Conference_Room_Door_L,1.33,0.09,-2.45
78.839,1,Conference_Room_Door_L,1.33,0.10,-2.45
78.867,1,Conference_Room_Door_L,1.33,0.10,-2.45
78.908,1,Conference_Room_Door_L,1.33,0.10,-2.45
78.937,1,Conference_Room_Door_L,1.33,0.10,-2.45
78.978,1,Conference_Room_Door_L,1.33,0.10,-2.45
79.006,1,Conference_Room_Door_L,1.33,0.11,-2.45
79.034,1,Conference_Room_Door_L,1.33,0.10,-2.45
79.076,1,Conference_Room_Door_L,1.33,0.11,-2.45
79.103,1,Conference_Room_Door_L,1.33,0.11,-2.45
79.145,1,Conference_Room_Door_L,1.33,0.11,-2.45
79.173,1,Conference_Room_Door_L,1.33,0.11,-2.44
79.202,1,Conference_Room_Door_L,1.33,0.11,-2.44
79.243,1,Conference_Room_Door_L,1.33,0.11,-2.44
79.270,1,Conference_Room_Door_L,1.33,0.10,-2.44
79.312,1,Conference_Room_Door_L,1.33,0.10,-2.44
79.340,1,Conference_Room_Door_L,1.33,0.10,-2.44
79.368,1,Conference_Room_Door_L,1.33,0.10,-2.43
79.409,1,Conference_Room_Door_L,1.33,0.09,-2.43
79.437,1,Conference_Room_Door_L,1.33,0.08,-2.43
79.479,1,Conference_Room_Door_L,1.33,0.08,-2.43
79.507,1,Conference_Room_Door_L,1.33,0.08,-2.42
79.535,1,Conference_Room_Door_L,1.33,0.08,-2.42
79.577,1,Conference_Room_Door_L,1.33,0.07,-2.42
79.605,1,Conference_Room_Door_L,1.33,0.07,-2.42
79.633,1,Conference_Room_Door_L,1.33,0.07,-2.42
79.674,1,Conference_Room_Door_L,1.33,0.07,-2.42
79.702,1,Conference_Room_Door_L,1.33,0.06,-2.42
79.744,1,Conference_Room_Door_L,1.33,0.06,-2.42
79.772,1,Conference_Room_Door_L,1.33,0.06,-2.41
79.800,1,Conference_Room_Door_L,1.33,0.06,-2.41
79.841,1,Conference_Room_Door_L,1.33,0.06,-2.41
79.869,1,Conference_Room_Door_L,1.33,0.06,-2.41
79.911,1,Conference_Room_Door_L,1.33,0.07,-2.42
79.939,1,Conference_Room_Door_L,1.33,0.07,-2.42
79.967,1,Conference_Room_Door_L,1.33,0.07,-2.42
80.008,1,Conference_Room_Door_L,1.33,0.07,-2.42
80.036,1,Conference_Room_Door_L,1.33,0.07,-2.42
80.078,1,Conference_Room_Door_L,1.33,0.07,-2.42
80.106,1,Conference_Room_Door_L,1.33,0.07,-2.42
80.134,1,Conference_Room_Door_L,1.33,0.08,-2.41
80.175,1,Conference_Room_Door_L,1.33,0.09,-2.40
80.203,1,Conference_Room_Door_L,1.33,0.09,-2.40
80.245,1,Conference_Room_Door_L,1.33,0.09,-2.39
80.273,1,Conference_Room_Door_L,1.33,0.10,-2.39
80.300,1,Conference_Room_Door_L,1.33,0.10,-2.39
80.342,1,Conference_Room_Door_L,1.33,0.11,-2.39
80.370,1,Conference_Room_Door_L,1.33,0.11,-2.39
80.412,1,Conference_Room_Door_L,1.33,0.12,-2.38
80.440,1,Conference_Room_Door_L,1.33,0.13,-2.38
80.468,1,Conference_Room_Door_L,1.33,0.13,-2.38
80.510,1,Conference_Room_Door_L,1.33,0.13,-2.37
80.537,1,Conference_Room_Door_L,1.33,0.13,-2.37
80.580,1,Conference_Room_Door_L,1.33,0.13,-2.37
80.607,1,Conference_Room_Door_L,1.33,0.13,-2.37
80.635,1,Conference_Room_Door_L,1.33,0.13,-2.36
80.677,1,Conference_Room_Door_L,1.33,0.14,-2.36
80.705,1,Conference_Room_Door_L,1.33,0.13,-2.36
80.732,1,Conference_Room_Door_L,1.33,0.13,-2.36
80.774,1,Conference_Room_Door_L,1.33,0.13,-2.37
80.802,1,Conference_Room_Door_L,1.33,0.13,-2.37
80.844,1,Conference_Room_Door_L,1.33,0.12,-2.38
80.872,1,Conference_Room_Door_L,1.33,0.13,-2.39
80.899,1,Conference_Room_Door_L,1.33,0.12,-2.38
80.941,1,Conference_Room_Door_L,1.33,0.13,-2.37
80.970,1,Conference_Room_Door_L,1.33,0.13,-2.38
81.011,1,Conference_Room_Door_L,1.33,0.11,-2.39
81.039,1,Conference_Room_Door_L,1.33,0.10,-2.39
81.066,1,Conference_Room_Door_L,1.33,0.10,-2.39
81.108,1,Conference_Room_Door_L,1.33,0.10,-2.39
81.136,1,Conference_Room_Door_L,1.33,0.08,-2.40
81.178,1,Conference_Room_Door_L,1.33,0.08,-2.41
81.206,1,Conference_Room_Door_L,1.33,0.08,-2.41
81.234,1,Conference_Room_Door_L,1.33,0.08,-2.42
81.275,1,Conference_Room_Door_L,1.33,0.07,-2.42
81.303,1,Conference_Room_Door_L,1.33,0.07,-2.42
81.345,1,Conference_Room_Door_L,1.33,0.07,-2.42
81.373,1,Conference_Room_Door_L,1.33,0.07,-2.42
81.401,1,Conference_Room_Door_L,1.33,0.06,-2.42
81.442,1,Conference_Room_Door_L,1.33,0.06,-2.43
81.470,1,Conference_Room_Door_L,1.33,0.04,-2.42
81.512,1,Conference_Room_Door_L,1.33,0.04,-2.42
81.540,1,Conference_Room_Door_L,1.33,0.04,-2.42
81.568,1,Conference_Room_Door_L,1.33,0.04,-2.42
81.610,1,Conference_Room_Door_L,1.33,0.04,-2.42
81.637,1,Conference_Room_Door_L,1.33,0.04,-2.43
81.680,1,Conference_Room_Door_L,1.33,0.04,-2.43
81.708,1,Conference_Room_Door_L,1.33,0.04,-2.43
81.735,1,Conference_Room_Door_L,1.33,0.04,-2.43
81.777,1,Conference_Room_Door_L,1.33,0.03,-2.42
81.805,1,Conference_Room_Door_L,1.33,0.03,-2.42
81.833,1,Conference_Room_Door_L,1.33,0.04,-2.43
81.875,1,Conference_Room_Door_L,1.33,0.03,-2.44
81.902,1,Conference_Room_Door_L,1.33,0.03,-2.44
81.944,1,Conference_Room_Door_L,1.33,0.04,-2.43
81.972,1,Conference_Room_Door_L,1.33,0.04,-2.43
82.000,1,Conference_Room_Door_L,1.33,0.05,-2.42
82.041,1,Conference_Room_Door_L,1.33,0.05,-2.41
82.069,1,Conference_Room_Door_L,1.33,0.06,-2.41
82.111,1,Conference_Room_Door_L,1.33,0.05,-2.41
82.139,1,Conference_Room_Door_L,1.33,0.04,-2.42
82.166,1,Conference_Room_Door_L,1.33,0.04,-2.42
82.208,1,Conference_Room_Door_L,1.33,0.04,-2.42
82.236,1,Conference_Room_Door_L,1.33,0.03,-2.42
82.278,1,Conference_Room_Door_L,1.33,0.03,-2.42
82.306,1,Conference_Room_Door_L,1.33,0.03,-2.43
82.333,1,Conference_Room_Door_L,1.33,0.02,-2.44
82.375,1,Conference_Room_Door_L,1.33,0.02,-2.45
82.403,1,Conference_Room_Door_L,1.33,0.02,-2.45
82.445,1,Conference_Room_Door_L,1.33,0.02,-2.45
82.473,1,Conference_Room_Door_L,1.33,0.01,-2.44
82.501,1,Conference_Room_Door_L,1.33,0.01,-2.43
82.542,1,Conference_Room_Door_L,1.33,0.00,-2.42
82.570,1,Conference_Room_Door_L,1.33,0.00,-2.42
82.611,1,Conference_Room_Door_L,1.33,0.01,-2.41
82.640,1,Conference_Room_Door_L,1.33,0.01,-2.41
82.668,1,Conference_Room_Door_L,1.33,0.01,-2.41
82.710,1,Conference_Room_Door_L,1.33,0.02,-2.41
82.738,1,Conference_Room_Door_L,1.33,0.03,-2.41
82.779,1,Conference_Room_Door_L,1.33,0.04,-2.40
82.807,1,Conference_Room_Door_L,1.33,0.05,-2.40
82.834,1,Conference_Room_Door_L,1.33,0.06,-2.40
82.877,1,Conference_Room_Door_L,1.33,0.06,-2.40
82.903,1,Conference_Room_Door_L,1.33,0.06,-2.39
82.945,1,Conference_Room_Door_L,1.33,0.06,-2.40
82.973,1,Conference_Room_Door_L,1.33,0.06,-2.40
83.002,1,Conference_Room_Door_L,1.33,0.04,-2.40
83.045,1,Conference_Room_Door_L,1.33,0.04,-2.41
83.073,1,Conference_Room_Door_L,1.33,0.04,-2.41
83.103,1,Conference_Room_Door_L,1.33,0.05,-2.41
83.133,1,Conference_Room_Door_L,1.33,0.05,-2.41
83.177,1,Conference_Room_Door_L,1.33,0.04,-2.42
83.207,1,Conference_Room_Door_L,1.33,0.03,-2.43
83.235,1,Conference_Room_Door_L,1.33,0.03,-2.42
83.278,1,Conference_Room_Door_L,1.33,0.02,-2.41
83.307,1,Conference_Room_Door_L,1.33,0.02,-2.41
83.335,1,Conference_Room_Door_L,1.33,0.02,-2.41
83.376,1,Conference_Room_Door_L,1.33,0.01,-2.43
83.405,1,Conference_Room_Door_L,1.33,0.00,-2.44
83.447,1,Conference_Room_Door_L,1.33,0.01,-2.44
83.475,1,Conference_Room_Door_L,1.33,0.01,-2.44
83.502,1,Conference_Room_Door_L,1.33,0.02,-2.43
83.544,1,Conference_Room_Door_L,1.33,0.01,-2.42
83.572,1,Conference_Room_Door_L,1.33,0.01,-2.42
83.600,1,Conference_Room_Door_L,1.33,0.01,-2.41
83.642,1,Conference_Room_Door_L,1.33,0.01,-2.40
83.670,1,Conference_Room_Door_L,1.33,0.00,-2.40
83.711,1,Conference_Room_Door_L,1.33,0.00,-2.40
83.739,1,Conference_Room_Door_L,1.33,0.01,-2.40
83.766,1,Conference_Room_Door_L,1.33,0.01,-2.40
83.808,1,Conference_Room_Door_L,1.33,0.02,-2.39
83.837,1,Conference_Room_Door_L,1.33,0.02,-2.39
83.878,1,Conference_Room_Door_L,1.33,0.02,-2.39
83.906,1,Conference_Room_Door_L,1.33,0.03,-2.39
83.934,1,Conference_Room_Door_L,1.33,0.03,-2.40
83.976,1,Conference_Room_Door_L,1.33,0.02,-2.40
84.004,1,Conference_Room_Door_L,1.33,0.03,-2.40
84.046,1,Conference_Room_Door_L,1.33,0.04,-2.40
84.073,1,Conference_Room_Door_L,1.33,0.04,-2.40
84.102,1,Conference_Room_Door_L,1.33,0.04,-2.40
84.142,1,Conference_Room_Door_L,1.33,0.05,-2.39
84.171,1,Conference_Room_Door_L,1.33,0.05,-2.39
84.212,1,Conference_Room_Door_L,1.33,0.05,-2.40
84.241,1,Conference_Room_Door_L,1.33,0.05,-2.40
84.268,1,Conference_Room_Door_L,1.33,0.05,-2.40
84.310,1,Conference_Room_Door_L,1.33,0.04,-2.41
84.338,1,Conference_Room_Door_L,1.33,0.04,-2.41
84.379,1,Conference_Room_Door_L,1.33,0.05,-2.41
84.407,1,Conference_Room_Door_L,1.33,0.04,-2.41
84.435,1,Conference_Room_Door_L,1.33,0.03,-2.41
84.477,1,Conference_Room_Door_L,1.33,0.03,-2.42
84.505,1,Conference_Room_Door_L,1.33,0.03,-2.42
84.533,1,Conference_Room_Door_L,1.33,0.02,-2.42
84.575,1,Conference_Room_Door_L,1.33,0.01,-2.42
84.602,1,Conference_Room_Door_L,1.33,0.01,-2.42
84.644,1,Conference_Room_Door_L,1.33,0.00,-2.43
84.672,1,Conference_Room_Door_L,1.33,0.00,-2.43
84.700,1,Conference_Room_Door_L,1.33,0.00,-2.44
84.742,1,Conference_Room_Door_L,1.33,0.01,-2.47
84.770,1,Conference_Room_Door_L,1.33,0.01,-2.50
84.812,1,Conference_Room_Door_L,1.33,0.02,-2.52
84.840,1,Conference_Room_Door_L,1.33,0.02,-2.52
84.868,1,Conference_Room_Door_L,1.33,0.02,-2.52
84.909,1,Conference_Room_Door_L,1.33,0.01,-2.50
84.937,1,Conference_Room_Door_L,1.33,0.02,-2.50
84.979,1,Conference_Room_Door_L,1.33,0.02,-2.49
85.007,1,Conference_Room_Door_L,1.33,0.02,-2.49
85.035,1,Conference_Room_Door_L,1.33,0.02,-2.49
85.076,1,Conference_Room_Door_L,1.33,0.03,-2.48
85.104,1,Conference_Room_Door_L,1.33,0.03,-2.48
85.146,1,Conference_Room_Door_L,1.33,0.03,-2.48
85.174,1,Conference_Room_Door_L,1.33,0.03,-2.48
85.201,1,Conference_Room_Door_L,1.33,0.04,-2.48
85.243,1,Conference_Room_Door_L,1.33,0.04,-2.47
85.271,1,Conference_Room_Door_L,1.33,0.04,-2.47
85.313,1,Conference_Room_Door_L,1.33,0.03,-2.47
85.341,1,Conference_Room_Door_L,1.33,0.02,-2.46
85.368,1,Conference_Room_Door_L,1.33,0.02,-2.46
85.410,1,Conference_Room_Door_L,1.33,0.02,-2.45
85.438,1,Conference_Room_Door_L,1.33,0.02,-2.45
85.466,1,Conference_Room_Door_L,1.33,0.02,-2.44
85.508,1,Conference_Room_Door_L,1.33,0.03,-2.44
85.535,1,Conference_Room_Door_L,1.33,0.03,-2.44
85.578,1,Conference_Room_Door_L,1.33,0.04,-2.43
85.605,1,Conference_Room_Door_L,1.33,0.05,-2.43
85.633,1,Conference_Room_Door_L,1.33,0.05,-2.42
85.675,1,Conference_Room_Door_L,1.33,0.05,-2.42
85.702,1,Conference_Room_Door_L,1.33,0.06,-2.42
85.745,1,Conference_Room_Door_L,1.33,0.06,-2.42
85.772,1,Conference_Room_Door_L,1.33,0.06,-2.42
85.800,1,Conference_Room_Door_L,1.33,0.07,-2.42
85.842,1,Conference_Room_Door_L,1.33,0.06,-2.41
85.870,1,Conference_Room_Door_L,1.33,0.07,-2.42
85.912,1,Conference_Room_Door_L,1.33,0.08,-2.42
85.939,1,Conference_Room_Door_L,1.33,0.08,-2.42
85.967,1,Conference_Room_Door_L,1.33,0.08,-2.42
86.009,1,Conference_Room_Door_L,1.33,0.08,-2.43
86.037,1,Conference_Room_Door_L,1.33,0.08,-2.43
86.078,1,Conference_Room_Door_L,1.33,0.07,-2.43
86.106,1,Conference_Room_Door_L,1.33,0.07,-2.43
86.134,1,Conference_Room_Door_L,1.33,0.06,-2.43
86.176,1,Conference_Room_Door_L,1.33,0.05,-2.43
86.204,1,Conference_Room_Door_L,1.33,0.05,-2.43
86.245,1,Conference_Room_Door_L,1.33,0.04,-2.43
86.273,1,Conference_Room_Door_L,1.33,0.04,-2.43
86.301,1,Conference_Room_Door_L,1.33,0.04,-2.42
86.343,1,Conference_Room_Door_L,1.33,0.04,-2.43
86.371,1,Conference_Room_Door_L,1.33,0.04,-2.43
86.413,1,Conference_Room_Door_L,1.33,0.04,-2.43
86.440,1,Conference_Room_Door_L,1.33,0.04,-2.43
86.468,1,Conference_Room_Door_L,1.33,0.04,-2.43
86.511,1,Conference_Room_Door_L,1.33,0.04,-2.43
86.538,1,Conference_Room_Door_L,1.33,0.04,-2.43
86.566,1,Conference_Room_Door_L,1.33,0.05,-2.43
86.608,1,Conference_Room_Door_L,1.33,0.06,-2.43
86.636,1,Conference_Room_Door_L,1.33,0.06,-2.42
86.677,1,Conference_Room_Door_L,1.33,0.06,-2.42
86.705,1,Conference_Room_Door_L,1.33,0.06,-2.43
86.733,1,Conference_Room_Door_L,1.33,0.07,-2.42
86.774,1,Conference_Room_Door_L,1.33,0.07,-2.42
86.803,1,Conference_Room_Door_L,1.33,0.06,-2.42
86.844,1,Conference_Room_Door_L,1.33,0.06,-2.42
86.872,1,Conference_Room_Door_L,1.33,0.07,-2.42
86.900,1,Conference_Room_Door_L,1.33,0.07,-2.42
86.942,1,Conference_Room_Door_L,1.33,0.07,-2.41
86.970,1,Conference_Room_Door_L,1.33,0.07,-2.41
87.011,1,Conference_Room_Door_L,1.33,0.08,-2.40
87.039,1,Conference_Room_Door_L,1.33,0.08,-2.40
87.067,1,Conference_Room_Door_L,1.33,0.08,-2.40
87.108,1,Conference_Room_Door_L,1.33,0.08,-2.41
87.137,1,Conference_Room_Door_L,1.33,0.08,-2.41
87.178,1,Conference_Room_Door_L,1.33,0.08,-2.41
87.206,1,Conference_Room_Door_L,1.33,0.08,-2.41
87.234,1,Conference_Room_Door_L,1.33,0.08,-2.40
87.275,1,Conference_Room_Door_L,1.33,0.08,-2.40
87.304,1,Conference_Room_Door_L,1.33,0.08,-2.40
87.345,1,Conference_Room_Door_L,1.33,0.09,-2.39
87.373,1,Conference_Room_Door_L,1.33,0.10,-2.39
87.401,1,Conference_Room_Door_L,1.33,0.11,-2.39
87.443,1,Conference_Room_Door_L,1.33,0.10,-2.40
87.471,1,Conference_Room_Door_L,1.33,0.08,-2.41
87.512,1,Conference_Room_Door_L,1.33,0.06,-2.43
87.541,1,Conference_Room_Door_L,1.33,0.04,-2.44
87.568,1,Conference_Room_Door_L,1.33,0.04,-2.43
87.610,1,Conference_Room_Door_L,1.33,0.05,-2.42
87.638,1,Conference_Room_Door_L,1.33,0.06,-2.42
87.666,1,Conference_Room_Door_L,1.33,0.06,-2.42
87.708,1,Conference_Room_Door_L,1.33,0.04,-2.43
87.736,1,Conference_Room_Door_L,1.33,0.04,-2.44
87.777,1,Conference_Room_Door_L,1.33,0.06,-2.46
87.805,1,Conference_Room_Door_L,1.33,0.07,-2.46
87.833,1,Conference_Room_Door_L,1.33,0.08,-2.45
87.875,1,Conference_Room_Door_L,1.33,0.08,-2.44
87.902,1,Conference_Room_Door_L,1.33,0.08,-2.43
87.944,1,Conference_Room_Door_L,1.33,0.05,-2.42
87.972,1,Conference_Room_Door_L,1.33,0.06,-2.42
88.000,1,Conference_Room_Door_L,1.33,0.07,-2.42
88.042,1,Conference_Room_Door_L,1.33,0.07,-2.42
88.069,1,Conference_Room_Door_L,1.33,0.08,-2.42
88.112,1,Conference_Room_Door_L,1.33,0.11,-2.41
88.140,1,Conference_Room_Door_L,1.33,0.11,-2.41
88.167,1,Conference_Room_Door_L,1.33,0.11,-2.40
88.208,1,Conference_Room_Door_L,1.33,0.11,-2.39
88.236,1,Conference_Room_Door_L,1.33,0.10,-2.38
88.278,1,Conference_Room_Door_L,1.33,0.10,-2.36
88.306,1,Conference_Room_Door_L,1.33,0.12,-2.36
88.334,1,Conference_Room_Door_L,1.33,0.14,-2.36
88.376,1,Conference_Room_Door_L,1.33,0.16,-2.36
88.404,1,Conference_Room_Door_L,1.33,0.16,-2.37
88.445,1,Conference_Room_Door_L,1.33,0.17,-2.38
88.473,1,Conference_Room_Door_L,1.33,0.19,-2.38
88.501,1,Conference_Room_Door_L,1.33,0.22,-2.38
88.542,1,Conference_Room_Door_L,1.33,0.22,-2.39
88.570,1,Conference_Room_Door_L,1.33,0.24,-2.39
88.612,1,Conference_Room_Door_L,1.33,0.27,-2.40
88.641,1,Conference_Room_Door_L,1.33,0.28,-2.41
88.668,1,Conference_Room_Door_L,1.33,0.27,-2.41
88.710,1,Conference_Room_Door_L,1.33,0.27,-2.42
88.738,1,Conference_Room_Door_L,1.33,0.27,-2.42
88.779,1,Conference_Room_Door_L,1.33,0.27,-2.42
88.806,1,Conference_Room_Door_L,1.33,0.25,-2.42
88.835,1,Conference_Room_Door_L,1.33,0.24,-2.42
88.877,1,Conference_Room_Door_L,1.33,0.25,-2.41
88.905,1,Conference_Room_Door_L,1.33,0.24,-2.41
88.946,1,Conference_Room_Door_L,1.33,0.24,-2.39
88.974,1,Conference_Room_Door_L,1.33,0.26,-2.39
89.002,1,Conference_Room_Door_L,1.33,0.27,-2.39
89.044,1,Conference_Room_Door_L,1.33,0.28,-2.39
89.071,1,Conference_Room_Door_L,1.33,0.30,-2.39
89.113,1,Conference_Room_Door_L,1.33,0.28,-2.39
89.140,1,Conference_Room_Door_L,1.33,0.27,-2.39
89.170,1,Conference_Room_Door_L,1.33,0.27,-2.39
89.210,1,Conference_Room_Door_L,1.33,0.26,-2.39
89.238,1,Conference_Room_Door_L,1.33,0.24,-2.39
89.266,1,Conference_Room_Door_L,1.33,0.22,-2.39
89.308,1,Conference_Room_Door_L,1.33,0.22,-2.40
89.336,1,Conference_Room_Door_L,1.33,0.22,-2.40
89.378,1,Conference_Room_Door_L,1.33,0.23,-2.42
89.405,1,Conference_Room_Door_L,1.33,0.22,-2.42
89.433,1,Conference_Room_Door_L,1.33,0.24,-2.43
89.475,1,Conference_Room_Door_L,1.33,0.25,-2.44
89.503,1,Conference_Room_Door_L,1.33,0.26,-2.44
89.544,1,Conference_Room_Door_L,1.33,0.26,-2.44
89.573,1,Conference_Room_Door_L,1.33,0.27,-2.43
89.601,1,Conference_Room_Door_L,1.33,0.27,-2.43
89.642,1,Conference_Room_Door_L,1.33,0.25,-2.43
89.671,1,Conference_Room_Door_L,1.33,0.23,-2.43
89.712,1,Conference_Room_Door_L,1.33,0.25,-2.43
89.740,1,Conference_Room_Door_L,1.33,0.28,-2.43
89.768,1,Conference_Room_Door_L,1.33,0.29,-2.43
89.809,1,Conference_Room_Door_L,1.33,0.30,-2.43
89.837,1,None,0,0,0
89.879,1,None,0,0,0
89.907,1,Wall_3mx20cm_Conference_Door,1.23,0.35,-2.40
89.934,1,Wall_3mx20cm_Conference_Door,1.28,0.35,-2.37
89.978,1,Wall_3mx20cm_Conference_Door,1.22,0.35,-2.35
90.005,1,Wall_3mx20cm_Conference_Door,1.34,0.35,-2.33
90.046,1,Wall_3mx20cm_Conference_Door,1.41,0.37,-2.29
90.074,1,Timer,1.46,0.39,-2.25
90.104,1,Timer,1.47,0.42,-2.20
90.143,1,Timer,1.47,0.44,-2.12
90.170,1,Timer,1.47,0.44,-2.08
90.200,1,Timer,1.47,0.44,-2.05
90.241,1,Timer,1.47,0.43,-2.03
90.269,1,Timer,1.47,0.40,-2.03
90.310,1,Wall_3mx20cm_Conference_Door,1.41,0.38,-2.04
90.338,1,Wall_3mx20cm_Conference_Door,1.41,0.36,-2.06
90.366,1,Wall_3mx20cm_Conference_Door,1.26,0.35,-2.07
90.407,1,Conference_Room_Door_L,1.33,0.29,-2.06
90.436,1,Conference_Room_Door_L,1.33,0.27,-2.05
90.478,1,Conference_Room_Door_L,1.33,0.26,-2.03
90.506,1,Conference_Room_Door_L,1.33,0.27,-2.03
90.533,1,Conference_Room_Door_L,1.33,0.27,-2.02
90.575,1,Conference_Room_Door_L,1.33,0.27,-2.02
90.603,1,Conference_Room_Door_L,1.33,0.28,-2.03
90.645,1,Conference_Room_Door_L,1.33,0.30,-2.04
90.673,1,Conference_Room_Door_L,1.33,0.30,-2.04
90.700,1,Conference_Room_Door_L,1.33,0.29,-2.03
90.742,1,Conference_Room_Door_L,1.33,0.27,-2.01
90.770,1,Conference_Room_Door_L,1.33,0.26,-1.99
90.812,1,Conference_Room_Door_L,1.33,0.25,-1.96
90.840,1,Conference_Room_Door_L,1.33,0.25,-1.94
90.867,1,Conference_Room_Door_L,1.33,0.25,-1.93
90.910,1,Conference_Room_Door_L,1.33,0.23,-1.91
90.937,1,Conference_Room_Door_L,1.33,0.25,-1.90
90.979,1,Conference_Room_Door_L,1.33,0.28,-1.89
91.007,1,Conference_Room_Door_L,1.33,0.28,-1.88
91.035,1,Conference_Room_Door_L,1.33,0.27,-1.88
91.077,1,Conference_Room_Door_L,1.33,0.21,-1.86
91.105,1,Conference_Room_Door_L,1.33,0.20,-1.85
91.146,1,Conference_Room_Door_L,1.33,0.26,-1.83
91.173,1,Conference_Room_Door_L,1.33,0.24,-1.82
91.202,1,Conference_Room_Door_L,1.33,0.26,-1.81
91.243,1,Conference_Room_Door_L,1.33,0.27,-1.80
91.272,1,Conference_Room_Door_L,1.33,0.25,-1.80
91.313,1,Conference_Room_Door_L,1.33,0.29,-1.79
91.341,1,None,0,0,0
91.368,1,None,0,0,0
91.410,1,None,0,0,0
91.438,1,None,0,0,0
91.466,1,None,0,0,0
91.508,1,None,0,0,0
91.536,1,Wall_3mx20cm_Conference_Door,1.24,0.35,-1.75
91.577,1,Wall_3mx20cm_Conference_Door,1.24,0.35,-1.74
91.605,1,Wall_3mx20cm_Conference_Door,1.26,0.35,-1.74
91.647,1,Wall_3mx20cm_Conference_Door,1.30,0.35,-1.75
91.675,1,Wall_3mx20cm_Conference_Door,1.35,0.35,-1.75
91.703,1,Wall_3mx20cm_Conference_Door,1.39,0.35,-1.76
91.745,1,Wall_3mx20cm_Conference_Door,1.41,0.36,-1.77
91.772,1,Wall_3mx20cm_Conference_Door,1.33,0.35,-1.77
91.800,1,Wall_3mx20cm_Conference_Door,1.30,0.35,-1.78
91.842,1,Wall_3mx20cm_Conference_Door,1.25,0.35,-1.79
91.869,1,None,0,0,0
91.911,1,Conference_Room_Door_L,1.33,0.30,-1.79
91.939,1,Conference_Room_Door_L,1.33,0.30,-1.78
91.968,1,None,0,0,0
92.009,1,Conference_Room_Door_L,1.33,0.30,-1.74
92.037,1,Conference_Room_Door_L,1.33,0.28,-1.74
92.079,1,Conference_Room_Door_L,1.33,0.28,-1.73
92.107,1,Conference_Room_Door_L,1.33,0.29,-1.72
92.134,1,Conference_Room_Door_L,1.33,0.28,-1.73
92.176,1,Conference_Room_Door_L,1.33,0.29,-1.73
92.204,1,Conference_Room_Door_L,1.33,0.28,-1.74
92.246,1,Conference_Room_Door_L,1.33,0.28,-1.76
92.273,1,Conference_Room_Door_L,1.33,0.26,-1.77
92.302,1,Conference_Room_Door_L,1.33,0.24,-1.79
92.343,1,Conference_Room_Door_L,1.33,0.23,-1.80
92.371,1,Conference_Room_Door_L,1.33,0.24,-1.80
92.412,1,Conference_Room_Door_L,1.33,0.29,-1.79
92.441,1,Conference_Room_Door_L,1.33,0.30,-1.79
92.468,1,None,0,0,0
92.510,1,None,0,0,0
92.538,1,None,0,0,0
92.579,1,Wall_3mx20cm_Conference_Door,1.30,0.35,-1.82
92.607,1,Wall_3mx20cm_Conference_Door,1.31,0.35,-1.82
92.635,1,Wall_3mx20cm_Conference_Door,1.30,0.35,-1.82
92.677,1,Wall_3mx20cm_Conference_Door,1.29,0.35,-1.82
92.705,1,Wall_3mx20cm_Conference_Door,1.37,0.35,-1.82
92.733,1,Wall_3mx20cm_Conference_Door,1.38,0.35,-1.82
92.775,1,Wall_3mx20cm_Conference_Door,1.31,0.35,-1.82
92.803,1,Wall_3mx20cm_Conference_Door,1.41,0.35,-1.82
92.843,1,Wall_3mx20cm_Conference_Door,1.41,0.38,-1.82
92.872,1,Timer,1.41,0.39,-1.83
92.899,1,Timer,1.47,0.39,-1.83
92.941,1,Timer,1.47,0.41,-1.83
92.969,1,Timer,1.47,0.41,-1.82
93.011,1,Timer,1.47,0.43,-1.82
93.039,1,Timer,1.47,0.43,-1.81
93.067,1,Timer,1.47,0.43,-1.80
93.109,1,Timer,1.47,0.44,-1.80
93.136,1,Timer,1.47,0.45,-1.79
93.179,1,Timer,1.47,0.45,-1.79
93.206,1,Timer,1.47,0.45,-1.78
93.234,1,Timer,1.47,0.45,-1.78
93.276,1,Timer,1.47,0.44,-1.79
93.304,1,Timer,1.47,0.43,-1.79
93.345,1,Timer,1.47,0.42,-1.80
93.373,1,Timer,1.47,0.42,-1.81
93.401,1,Timer,1.47,0.41,-1.81
93.443,1,Timer,1.47,0.41,-1.81
93.470,1,Timer,1.47,0.40,-1.81
93.513,1,Wall_3mx20cm_Conference_Door,1.41,0.39,-1.80
93.540,1,Wall_3mx20cm_Conference_Door,1.41,0.38,-1.79
93.568,1,Wall_3mx20cm_Conference_Door,1.41,0.38,-1.79
93.610,1,Wall_3mx20cm_Conference_Door,1.41,0.38,-1.78
93.638,1,Wall_3mx20cm_Conference_Door,1.41,0.38,-1.77
93.667,1,Wall_3mx20cm_Conference_Door,1.41,0.37,-1.77
93.709,1,Wall_3mx20cm_Conference_Door,1.41,0.36,-1.77
93.737,1,Wall_3mx20cm_Conference_Door,1.41,0.36,-1.78
93.777,1,Wall_3mx20cm_Conference_Door,1.41,0.37,-1.78
93.805,1,Wall_3mx20cm_Conference_Door,1.41,0.37,-1.79
93.833,1,Wall_3mx20cm_Conference_Door,1.41,0.37,-1.79
93.875,1,Wall_3mx20cm_Conference_Door,1.41,0.36,-1.79
93.902,1,Wall_3mx20cm_Conference_Door,1.38,0.35,-1.79
93.944,1,Wall_3mx20cm_Conference_Door,1.37,0.35,-1.80
93.972,1,Wall_3mx20cm_Conference_Door,1.40,0.35,-1.80
94.000,1,Wall_3mx20cm_Conference_Door,1.41,0.36,-1.79
94.042,1,Wall_3mx20cm_Conference_Door,1.40,0.35,-1.79
94.069,1,Wall_3mx20cm_Conference_Door,1.29,0.35,-1.79
94.111,1,None,0,0,0
94.140,1,None,0,0,0
94.167,1,None,0,0,0
94.209,1,None,0,0,0
94.237,1,None,0,0,0
94.278,1,Conference_Room_Door_L,1.33,0.28,-1.81
94.306,1,Conference_Room_Door_L,1.33,0.27,-1.82
94.334,1,Conference_Room_Door_L,1.33,0.26,-1.82
94.376,1,Conference_Room_Door_L,1.33,0.27,-1.84
94.403,1,Conference_Room_Door_L,1.33,0.28,-1.84
94.446,1,Conference_Room_Door_L,1.33,0.26,-1.83
94.473,1,Conference_Room_Door_L,1.33,0.25,-1.82
94.501,1,Conference_Room_Door_L,1.33,0.24,-1.82
94.543,1,Conference_Room_Door_L,1.33,0.24,-1.83
94.571,1,Conference_Room_Door_L,1.33,0.26,-1.83
94.612,1,Conference_Room_Door_L,1.33,0.27,-1.83
94.640,1,Conference_Room_Door_L,1.33,0.27,-1.82
94.668,1,Conference_Room_Door_L,1.33,0.26,-1.81
94.710,1,Conference_Room_Door_L,1.33,0.26,-1.81
94.737,1,Conference_Room_Door_L,1.33,0.26,-1.81
94.780,1,Conference_Room_Door_L,1.33,0.29,-1.81
94.807,1,Conference_Room_Door_L,1.33,0.30,-1.81
94.835,1,None,0,0,0
94.877,1,Conference_Room_Door_L,1.33,0.30,-1.80
94.905,1,Conference_Room_Door_L,1.33,0.30,-1.80
94.932,1,None,0,0,0
94.974,1,None,0,0,0
95.003,1,None,0,0,0
95.044,1,None,0,0,0
95.072,1,None,0,0,0
95.099,1,None,0,0,0
95.142,1,Wall_3mx20cm_Conference_Door,1.23,0.35,-1.75
95.169,1,Wall_3mx20cm_Conference_Door,1.24,0.35,-1.74
95.212,1,Wall_3mx20cm_Conference_Door,1.22,0.35,-1.74
95.239,1,None,0,0,0
95.267,1,None,0,0,0
95.309,1,Conference_Room_Door_L,1.33,0.30,-1.75
95.336,1,Conference_Room_Door_L,1.33,0.30,-1.75
95.378,1,Conference_Room_Door_L,1.33,0.29,-1.75
95.406,1,Conference_Room_Door_L,1.33,0.29,-1.75
95.434,1,Conference_Room_Door_L,1.33,0.29,-1.75
95.475,1,Conference_Room_Door_L,1.33,0.28,-1.74
95.504,1,Conference_Room_Door_L,1.33,0.28,-1.74
95.545,1,Conference_Room_Door_L,1.33,0.27,-1.74
95.573,1,Conference_Room_Door_L,1.33,0.27,-1.73
95.601,1,Conference_Room_Door_L,1.33,0.26,-1.73
95.642,1,Conference_Room_Door_L,1.33,0.26,-1.73
95.671,1,Conference_Room_Door_L,1.33,0.26,-1.72
95.713,1,Conference_Room_Door_L,1.33,0.25,-1.71
95.740,1,None,0,0,0
95.768,1,None,0,0,0
95.809,1,None,0,0,0
95.837,1,None,0,0,0
95.880,1,None,0,0,0
95.907,1,None,0,0,0
95.935,1,None,0,0,0
95.976,1,None,0,0,0
96.005,1,None,0,0,0
96.033,1,None,0,0,0
96.075,1,None,0,0,0
96.102,1,None,0,0,0
96.144,1,Wall_3mx20cm_Conference_Door,1.41,0.19,-1.66
96.172,1,Wall_3mx20cm_Conference_Door,1.41,0.19,-1.66
96.199,1,Wall_3mx20cm_Conference_Door,1.41,0.19,-1.65
96.241,1,Wall_3mx20cm_Conference_Door,1.41,0.19,-1.65
96.269,1,Wall_3mx20cm_Conference_Door,1.41,0.19,-1.65
96.311,1,Wall_3mx20cm_Conference_Door,1.41,0.18,-1.64
96.339,1,Wall_3mx20cm_Conference_Door,1.41,0.18,-1.64
96.367,1,Wall_3mx20cm_Conference_Door,1.41,0.18,-1.63
96.409,1,Wall_3mx20cm_Conference_Door,1.41,0.17,-1.61
96.436,1,Wall_3mx20cm_Conference_Door,1.41,0.16,-1.60
96.479,1,Wall_3mx20cm_Conference_Door,1.41,0.15,-1.57
96.506,1,Wall_3mx20cm_Conference_Door,1.41,0.14,-1.55
96.534,1,Wall_3mx20cm_Conference_Door,1.41,0.12,-1.53
96.576,1,Wall_3mx20cm_Conference_Door,1.41,0.12,-1.49
96.604,1,Wall_3mx20cm_Conference_Door,1.41,0.12,-1.47
96.645,1,Wall_3mx20cm_Conference_Door,1.41,0.13,-1.42
96.673,1,Wall_3mx20cm_Conference_Door,1.41,0.14,-1.39
96.701,1,Wall_3mx20cm_Conference_Door,1.41,0.15,-1.36
96.744,1,Wall_3mx20cm_Conference_Door,1.41,0.16,-1.31
96.770,1,Wall_3mx20cm_Conference_Door,1.41,0.17,-1.28
96.812,1,Wall_3mx20cm_Conference_Door,1.41,0.18,-1.23
96.840,1,Wall_3mx20cm_Conference_Door,1.41,0.18,-1.20
96.868,1,Wall_3mx20cm_Conference_Door,1.41,0.18,-1.16
96.910,1,Wall_3mx20cm_Conference_Door,1.41,0.17,-1.11
96.937,1,Wall_3mx20cm_Door (1),1.41,0.17,-1.07
96.979,1,Wall_3mx20cm_Door (1),1.41,0.16,-1.02
97.007,1,Wall_3mx20cm_Door (1),1.41,0.16,-0.98
97.035,1,Wall_3mx20cm_Door (1),1.41,0.16,-0.95
97.077,1,Wall_3mx20cm_Door (1),1.41,0.15,-0.90
97.104,1,Wall_3mx20cm_Door (1),1.41,0.15,-0.86
97.146,1,Wall_3mx20cm_Door (1),1.41,0.14,-0.81
97.174,1,Wall_3mx20cm_Door (1),1.41,0.14,-0.78
97.201,1,Wall_3mx20cm_Door (1),1.41,0.14,-0.75
97.243,1,Wall_3mx20cm_Door (1),1.41,0.14,-0.69
97.272,1,Wall_3mx20cm_Door (1),1.41,0.13,-0.66
97.300,1,Wall_3mx20cm_Door (1),1.41,0.13,-0.62
97.341,1,Wall_3mx20cm_Door (1),1.41,0.12,-0.58
97.368,1,Wall_3mx20cm_Door (1),1.41,0.13,-0.54
97.411,1,Wall_3mx20cm_Door (1),1.41,0.11,-0.50
97.438,1,Wall_3mx20cm_Door (1),1.41,0.11,-0.48
97.466,1,Wall_3mx20cm_Door (1),1.41,0.11,-0.45
97.508,1,Wall_3mx20cm_Door (1),1.41,0.11,-0.41
97.536,1,Wall_3mx20cm_Door (1),1.41,0.12,-0.39
97.578,1,Wall_3mx20cm_Door (1),1.41,0.11,-0.38
97.605,1,Wall_3mx20cm_Door (1),1.41,0.10,-0.38
97.633,1,Wall_3mx20cm_Door (1),1.41,0.11,-0.39
97.674,1,Wall_3mx20cm_Door (1),1.41,0.10,-0.40
97.701,1,Wall_3mx20cm_Door (1),1.41,0.10,-0.41
97.743,1,Wall_3mx20cm_Door (1),1.41,0.10,-0.42
97.771,1,Wall_3mx20cm_Door (1),1.41,0.11,-0.43
97.800,1,Wall_3mx20cm_Door (1),1.41,0.10,-0.43
97.842,1,Wall_3mx20cm_Door (1),1.41,0.08,-0.44
97.869,1,Wall_3mx20cm_Door (1),1.41,0.06,-0.45
97.910,1,Wall_3mx20cm_Door (1),1.41,0.05,-0.47
97.939,1,Wall_3mx20cm_Door (1),1.41,0.04,-0.48
97.967,1,Wall_3mx20cm_Door (1),1.41,0.04,-0.49
98.009,1,Wall_3mx20cm_Door (1),1.41,0.04,-0.50
98.037,1,Wall_3mx20cm_Door (1),1.41,0.05,-0.51
98.078,1,Wall_3mx20cm_Door (1),1.41,0.05,-0.52
98.106,1,Wall_3mx20cm_Door (1),1.41,0.06,-0.53
98.134,1,Wall_3mx20cm_Door (1),1.41,0.05,-0.54
98.176,1,Wall_3mx20cm_Door (1),1.41,0.06,-0.56
98.203,1,Wall_3mx20cm_Door (1),1.41,0.05,-0.57
98.245,1,Wall_3mx20cm_Door (1),1.41,0.05,-0.60
98.273,1,Wall_3mx20cm_Door (1),1.41,0.04,-0.62
98.301,1,Wall_3mx20cm_Door (1),1.41,0.04,-0.64
98.343,1,Wall_3mx20cm_Door (1),1.41,0.04,-0.67
98.371,1,Wall_3mx20cm_Door (1),1.41,0.03,-0.69
98.411,1,Wall_3mx20cm_Door (1),1.41,0.03,-0.73
98.440,1,Wall_3mx20cm_Door (1),1.41,0.03,-0.76
98.467,1,Wall_3mx20cm_Door (1),1.41,0.02,-0.79
98.509,1,Wall_3mx20cm_Door (1),1.41,0.01,-0.84
98.536,1,Wall_3mx20cm_Door (1),1.41,0.00,-0.88
98.578,1,Wall_3mx20cm_Door (1),1.41,-0.02,-0.93
98.607,1,Wall_3mx20cm_Door (1),1.41,-0.03,-0.97
98.634,1,Wall_3mx20cm_Door (1),1.41,-0.05,-1.00
98.676,1,Wall_3mx20cm_Door (1),1.41,-0.07,-1.06
98.704,1,Wall_3mx20cm_Conference_Door,1.41,-0.08,-1.10
98.746,1,Wall_3mx20cm_Conference_Door,1.41,-0.09,-1.15
98.774,1,Wall_3mx20cm_Conference_Door,1.41,-0.10,-1.18
98.802,1,Wall_3mx20cm_Conference_Door,1.41,-0.11,-1.20
98.844,1,Wall_3mx20cm_Conference_Door,1.41,-0.12,-1.23
98.871,1,Wall_3mx20cm_Conference_Door,1.41,-0.13,-1.25
98.899,1,Wall_3mx20cm_Conference_Door,1.41,-0.13,-1.27
98.941,1,Wall_3mx20cm_Conference_Door,1.41,-0.13,-1.30
98.969,1,Wall_3mx20cm_Conference_Door,1.41,-0.14,-1.32
99.011,1,Wall_3mx20cm_Conference_Door,1.41,-0.15,-1.35
99.039,1,Wall_3mx20cm_Conference_Door,1.41,-0.16,-1.37
99.067,1,Wall_3mx20cm_Conference_Door,1.41,-0.17,-1.38
99.108,1,Wall_3mx20cm_Conference_Door,1.41,-0.16,-1.39
99.137,1,Wall_3mx20cm_Conference_Door,1.41,-0.16,-1.40
99.179,1,Wall_3mx20cm_Conference_Door,1.41,-0.16,-1.40
99.206,1,Wall_3mx20cm_Conference_Door,1.41,-0.15,-1.39
99.234,1,Wall_3mx20cm_Conference_Door,1.41,-0.13,-1.38
99.276,1,Wall_3mx20cm_Conference_Door,1.41,-0.11,-1.38
99.304,1,Wall_3mx20cm_Conference_Door,1.41,-0.11,-1.37
99.346,1,Wall_3mx20cm_Conference_Door,1.41,-0.10,-1.36
99.374,1,Wall_3mx20cm_Conference_Door,1.41,-0.10,-1.36
99.401,1,Wall_3mx20cm_Conference_Door,1.41,-0.09,-1.35
99.443,1,Wall_3mx20cm_Conference_Door,1.41,-0.09,-1.35
99.471,1,Wall_3mx20cm_Conference_Door,1.41,-0.09,-1.35
99.499,1,Wall_3mx20cm_Conference_Door,1.41,-0.10,-1.35
99.540,1,Wall_3mx20cm_Conference_Door,1.41,-0.10,-1.35
99.568,1,Wall_3mx20cm_Conference_Door,1.41,-0.10,-1.35
99.610,1,Wall_3mx20cm_Conference_Door,1.41,-0.10,-1.35
99.638,1,Wall_3mx20cm_Conference_Door,1.41,-0.10,-1.34
99.666,1,Wall_3mx20cm_Conference_Door,1.41,-0.11,-1.34
99.708,1,Wall_3mx20cm_Conference_Door,1.41,-0.11,-1.33
99.736,1,Wall_3mx20cm_Conference_Door,1.41,-0.12,-1.32
99.777,1,Wall_3mx20cm_Conference_Door,1.41,-0.12,-1.32
99.805,1,Wall_3mx20cm_Conference_Door,1.41,-0.12,-1.32
99.833,1,Wall_3mx20cm_Conference_Door,1.41,-0.12,-1.32
99.915,1,Wall_3mx20cm_Conference_Door,1.41,-0.13,-1.33
99.915,1,Wall_3mx20cm_Conference_Door,1.41,-0.13,-1.33
99.952,1,Wall_3mx20cm_Conference_Door,1.41,-0.13,-1.33
99.979,1,Wall_3mx20cm_Conference_Door,1.41,-0.13,-1.33
100.001,1,Wall_3mx20cm_Conference_Door,1.41,-0.13,-1.34
100.036,1,Wall_3mx20cm_Conference_Door,1.41,-0.14,-1.34
100.070,1,Wall_3mx20cm_Conference_Door,1.41,-0.13,-1.34
100.112,1,Wall_3mx20cm_Conference_Door,1.41,-0.12,-1.34
100.140,1,Wall_3mx20cm_Conference_Door,1.41,-0.11,-1.32
100.168,1,Wall_3mx20cm_Conference_Door,1.41,-0.11,-1.30
100.210,1,Wall_3mx20cm_Conference_Door,1.41,-0.11,-1.28
100.237,1,Wall_3mx20cm_Conference_Door,1.41,-0.11,-1.27
100.279,1,Wall_3mx20cm_Conference_Door,1.41,-0.13,-1.25
100.307,1,Wall_3mx20cm_Conference_Door,1.41,-0.13,-1.25
100.334,1,Wall_3mx20cm_Conference_Door,1.41,-0.14,-1.24
100.376,1,Wall_3mx20cm_Conference_Door,1.41,-0.16,-1.23
100.404,1,Wall_3mx20cm_Conference_Door,1.41,-0.16,-1.22
100.433,1,Wall_3mx20cm_Conference_Door,1.41,-0.16,-1.22
100.474,1,Wall_3mx20cm_Conference_Door,1.41,-0.17,-1.22
100.501,1,Wall_3mx20cm_Conference_Door,1.41,-0.19,-1.22
100.543,1,Wall_3mx20cm_Conference_Door,1.41,-0.21,-1.23
100.571,1,Wall_3mx20cm_Conference_Door,1.41,-0.22,-1.23
100.599,1,Wall_3mx20cm_Conference_Door,1.41,-0.24,-1.23
100.641,1,Wall_3mx20cm_Conference_Door,1.41,-0.25,-1.23
100.669,1,Wall_3mx20cm_Conference_Door,1.41,-0.25,-1.23
100.709,1,Wall_3mx20cm_Conference_Door,1.41,-0.27,-1.23
100.737,1,Wall_3mx20cm_Conference_Door,1.41,-0.27,-1.23
100.780,1,Wall_3mx20cm_Conference_Door,1.41,-0.25,-1.23
100.807,1,Wall_3mx20cm_Conference_Door,1.41,-0.24,-1.23
100.835,1,Wall_3mx20cm_Conference_Door,1.41,-0.23,-1.22
100.878,1,Wall_3mx20cm_Conference_Door,1.41,-0.21,-1.22
100.904,1,Wall_3mx20cm_Conference_Door,1.41,-0.20,-1.21
100.932,1,Wall_3mx20cm_Conference_Door,1.41,-0.20,-1.20
100.974,1,Wall_3mx20cm_Conference_Door,1.41,-0.19,-1.19
101.002,1,Wall_3mx20cm_Conference_Door,1.41,-0.19,-1.19
101.037,1,Wall_3mx20cm_Conference_Door,1.41,-0.20,-1.18
101.071,1,Wall_3mx20cm_Conference_Door,1.41,-0.22,-1.17
101.100,1,Wall_3mx20cm_Conference_Door,1.41,-0.22,-1.16
101.141,1,Wall_3mx20cm_Conference_Door,1.41,-0.22,-1.15
101.170,1,Wall_3mx20cm_Conference_Door,1.41,-0.23,-1.14
101.211,1,Wall_3mx20cm_Conference_Door,1.41,-0.24,-1.12
101.239,1,Wall_3mx20cm_Conference_Door,1.41,-0.24,-1.11
101.282,1,Wall_3mx20cm_Door (1),1.41,-0.23,-1.09
101.308,1,Wall_3mx20cm_Door (1),1.41,-0.24,-1.07
101.337,1,Wall_3mx20cm_Door (1),1.41,-0.24,-1.05
101.378,1,Wall_3mx20cm_Door (1),1.41,-0.24,-1.03
101.406,1,Wall_3mx20cm_Door (1),1.41,-0.25,-1.01
101.434,1,Wall_3mx20cm_Door (1),1.41,-0.26,-0.98
101.476,1,Wall_3mx20cm_Door (1),1.41,-0.27,-0.95
101.503,1,Wall_3mx20cm_Door (1),1.41,-0.27,-0.92
101.545,1,Wall_3mx20cm_Door (1),1.41,-0.29,-0.88
101.573,1,Wall_3mx20cm_Door (1),1.41,-0.29,-0.85
101.601,1,Wall_3mx20cm_Door (1),1.41,-0.30,-0.82
101.643,1,Wall_3mx20cm_Door (1),1.41,-0.31,-0.79
101.670,1,Wall_3mx20cm_Door (1),1.41,-0.31,-0.77
101.713,1,Wall_3mx20cm_Door (1),1.41,-0.31,-0.74
101.740,1,Wall_3mx20cm_Door (1),1.41,-0.31,-0.73
101.768,1,Wall_3mx20cm_Door (1),1.41,-0.32,-0.72
101.810,1,Wall_3mx20cm_Door (1),1.41,-0.32,-0.71
101.837,1,Wall_3mx20cm_Door (1),1.41,-0.32,-0.70
101.866,1,Wall_3mx20cm_Door (1),1.41,-0.31,-0.70
101.907,1,Wall_3mx20cm_Door (1),1.41,-0.31,-0.70
101.935,1,Wall_3mx20cm_Door (1),1.41,-0.31,-0.70
101.977,1,Wall_3mx20cm_Door (1),1.41,-0.31,-0.70
102.005,1,Wall_3mx20cm_Door (1),1.41,-0.30,-0.70
102.046,1,Wall_3mx20cm_Door (1),1.41,-0.29,-0.68
102.074,1,Wall_3mx20cm_Door (1),1.41,-0.29,-0.67
102.102,1,Wall_3mx20cm_Door (1),1.41,-0.28,-0.67
102.144,1,Wall_3mx20cm_Door (1),1.41,-0.28,-0.66
102.172,1,Wall_3mx20cm_Door (1),1.41,-0.29,-0.66
102.199,1,Wall_3mx20cm_Door (1),1.41,-0.28,-0.65
102.242,1,Wall_3mx20cm_Door (1),1.41,-0.29,-0.65
102.269,1,Wall_3mx20cm_Door (1),1.41,-0.28,-0.65
102.311,1,Wall_3mx20cm_Door (1),1.41,-0.28,-0.65
102.333,1,Wall_3mx20cm_Door (1),1.41,-0.28,-0.65
102.367,1,Wall_3mx20cm_Door (1),1.41,-0.27,-0.65
102.409,1,Wall_3mx20cm_Door (1),1.41,-0.27,-0.65
102.436,1,Wall_3mx20cm_Door (1),1.41,-0.26,-0.65
102.478,1,Wall_3mx20cm_Door (1),1.41,-0.26,-0.65
102.506,1,Wall_3mx20cm_Door (1),1.41,-0.26,-0.65
102.534,1,Wall_3mx20cm_Door (1),1.41,-0.26,-0.64
102.577,1,Wall_3mx20cm_Door (1),1.41,-0.26,-0.63
102.603,1,Wall_3mx20cm_Door (1),1.41,-0.26,-0.63
102.645,1,Wall_3mx20cm_Door (1),1.41,-0.26,-0.62
102.673,1,Wall_3mx20cm_Door (1),1.41,-0.26,-0.62
102.702,1,Wall_3mx20cm_Door (1),1.41,-0.26,-0.62
102.743,1,Wall_3mx20cm_Door (1),1.41,-0.26,-0.62
102.771,1,Wall_3mx20cm_Door (1),1.41,-0.25,-0.62
102.799,1,Wall_3mx20cm_Door (1),1.41,-0.25,-0.62
102.841,1,Wall_3mx20cm_Door (1),1.41,-0.24,-0.63
102.868,1,Wall_3mx20cm_Door (1),1.41,-0.24,-0.63
102.910,1,Wall_3mx20cm_Door (1),1.41,-0.24,-0.63
102.938,1,Wall_3mx20cm_Door (1),1.41,-0.24,-0.63
102.966,1,Wall_3mx20cm_Door (1),1.41,-0.25,-0.63
103.007,1,Wall_3mx20cm_Door (1),1.41,-0.25,-0.63
103.035,1,Wall_3mx20cm_Door (1),1.41,-0.25,-0.63
103.077,1,Wall_3mx20cm_Door (1),1.41,-0.25,-0.62
103.105,1,Wall_3mx20cm_Door (1),1.41,-0.25,-0.62
103.133,1,Wall_3mx20cm_Door (1),1.41,-0.24,-0.61
103.174,1,Wall_3mx20cm_Door (1),1.41,-0.25,-0.61
103.202,1,Wall_3mx20cm_Door (1),1.41,-0.25,-0.61
103.237,1,Wall_3mx20cm_Door (1),1.41,-0.25,-0.61
103.267,1,Wall_3mx20cm_Door (1),1.41,-0.25,-0.62
103.315,1,Wall_3mx20cm_Door (1),1.41,-0.25,-0.62
103.342,1,Wall_3mx20cm_Door (1),1.41,-0.26,-0.62
103.369,1,Wall_3mx20cm_Door (1),1.41,-0.25,-0.62
103.413,1,Wall_3mx20cm_Door (1),1.41,-0.25,-0.62
103.438,1,Wall_3mx20cm_Door (1),1.41,-0.25,-0.63
103.467,1,Wall_3mx20cm_Door (1),1.41,-0.24,-0.63
103.509,1,Wall_3mx20cm_Door (1),1.41,-0.24,-0.62
103.538,1,Wall_3mx20cm_Door (1),1.41,-0.25,-0.62
103.581,1,Wall_3mx20cm_Door (1),1.41,-0.24,-0.62
103.611,1,Wall_3mx20cm_Door (1),1.41,-0.24,-0.62
103.639,1,Wall_3mx20cm_Door (1),1.41,-0.24,-0.62
103.668,1,Wall_3mx20cm_Door (1),1.41,-0.24,-0.62
103.725,1,Wall_3mx20cm_Door (1),1.41,-0.24,-0.62
103.753,1,Wall_3mx20cm_Door (1),1.41,-0.24,-0.62
103.781,1,Wall_3mx20cm_Door (1),1.41,-0.24,-0.63
103.810,1,Wall_3mx20cm_Door (1),1.41,-0.24,-0.63
103.837,1,Wall_3mx20cm_Door (1),1.41,-0.23,-0.63
103.892,1,Wall_3mx20cm_Door (1),1.41,-0.23,-0.65
103.919,1,Wall_3mx20cm_Door (1),1.41,-0.23,-0.66
103.948,1,Wall_3mx20cm_Door (1),1.41,-0.22,-0.66
103.976,1,Wall_3mx20cm_Door (1),1.41,-0.21,-0.67
104.004,1,Wall_3mx20cm_Door (1),1.41,-0.20,-0.69
104.033,1,Wall_3mx20cm_Door (1),1.41,-0.19,-0.70
104.089,1,Wall_3mx20cm_Door (1),1.41,-0.18,-0.72
104.116,1,Wall_3mx20cm_Door (1),1.41,-0.17,-0.74
104.144,1,Wall_3mx20cm_Door (1),1.41,-0.16,-0.75
104.172,1,Wall_3mx20cm_Door (1),1.41,-0.15,-0.77
104.202,1,Wall_3mx20cm_Door (1),1.41,-0.14,-0.79
104.255,1,Wall_3mx20cm_Door (1),1.41,-0.12,-0.83
104.283,1,Wall_3mx20cm_Door (1),1.41,-0.12,-0.85
104.311,1,Wall_3mx20cm_Door (1),1.41,-0.12,-0.88
104.339,1,Wall_3mx20cm_Door (1),1.41,-0.11,-0.89
104.367,1,Wall_3mx20cm_Door (1),1.41,-0.10,-0.91
104.422,1,Wall_3mx20cm_Door (1),1.41,-0.11,-0.95
104.450,1,Wall_3mx20cm_Door (1),1.41,-0.11,-0.97
104.477,1,Wall_3mx20cm_Door (1),1.41,-0.11,-0.99
104.505,1,Wall_3mx20cm_Door (1),1.41,-0.11,-1.01
104.533,1,Wall_3mx20cm_Door (1),1.41,-0.11,-1.03
104.590,1,Wall_3mx20cm_Door (1),1.41,-0.10,-1.08
104.617,1,Wall_3mx20cm_Conference_Door,1.41,-0.09,-1.11
104.645,1,Wall_3mx20cm_Conference_Door,1.41,-0.09,-1.14
104.673,1,Wall_3mx20cm_Conference_Door,1.41,-0.08,-1.16
104.700,1,Wall_3mx20cm_Conference_Door,1.41,-0.07,-1.19
104.756,1,Wall_3mx20cm_Conference_Door,1.41,-0.04,-1.27
104.784,1,Wall_3mx20cm_Conference_Door,1.41,-0.04,-1.31
104.813,1,Wall_3mx20cm_Conference_Door,1.41,-0.03,-1.35
104.840,1,Wall_3mx20cm_Conference_Door,1.41,-0.02,-1.39
104.868,1,Wall_3mx20cm_Conference_Door,1.41,-0.01,-1.43
104.924,1,Wall_3mx20cm_Conference_Door,1.41,0.00,-1.50
104.953,1,Wall_3mx20cm_Conference_Door,1.41,0.01,-1.54
104.980,1,Wall_3mx20cm_Conference_Door,1.41,0.01,-1.57
105.008,1,Wall_3mx20cm_Conference_Door,1.41,0.02,-1.60
105.035,1,Wall_3mx20cm_Conference_Door,1.41,0.03,-1.64
105.091,1,None,0,0,0
105.119,1,Conference_Room_Door_L,1.33,0.08,-1.72
105.147,1,Conference_Room_Door_L,1.33,0.09,-1.74
105.175,1,Conference_Room_Door_L,1.33,0.10,-1.77
105.202,1,Conference_Room_Door_L,1.33,0.12,-1.79
105.259,1,Conference_Room_Door_L,1.33,0.12,-1.84
105.286,1,Conference_Room_Door_L,1.33,0.12,-1.87
105.314,1,Conference_Room_Door_L,1.33,0.12,-1.90
105.341,1,Conference_Room_Door_L,1.33,0.11,-1.92
105.369,1,Conference_Room_Door_L,1.33,0.10,-1.94
105.425,1,Conference_Room_Door_L,1.33,0.11,-1.98
105.453,1,Conference_Room_Door_L,1.33,0.12,-2.00
105.481,1,Conference_Room_Door_L,1.33,0.12,-2.02
105.510,1,Conference_Room_Door_L,1.33,0.12,-2.04
105.537,1,Conference_Room_Door_L,1.33,0.12,-2.05
105.579,0,Conference_Room_Door_L,1.33,0.12,-2.07
105.607,0,Conference_Room_Door_L,1.33,0.13,-2.08
105.636,0,Conference_Room_Door_L,1.33,0.13,-2.08
105.678,0,Conference_Room_Door_L,1.33,0.13,-2.09
105.706,0,Conference_Room_Door_L,1.33,0.13,-2.10
105.735,0,Conference_Room_Door_L,1.33,0.13,-2.11
105.777,0,Conference_Room_Door_L,1.33,0.13,-2.11
105.805,0,Conference_Room_Door_L,1.33,0.13,-2.11
105.833,0,Conference_Room_Door_L,1.33,0.13,-2.12
105.875,0,Conference_Room_Door_L,1.33,0.14,-2.12
105.903,0,Conference_Room_Door_L,1.33,0.15,-2.11
105.944,0,Conference_Room_Door_L,1.33,0.17,-2.11
105.973,0,Conference_Room_Door_L,1.33,0.17,-2.11
106.002,0,Conference_Room_Door_L,1.33,0.17,-2.10
106.042,0,Conference_Room_Door_L,1.33,0.18,-2.10
106.070,0,Conference_Room_Door_L,1.33,0.18,-2.10
106.112,0,Conference_Room_Door_L,1.33,0.18,-2.11
106.141,0,Conference_Room_Door_L,1.33,0.18,-2.11
106.167,0,Conference_Room_Door_L,1.33,0.18,-2.12
106.209,0,Conference_Room_Door_L,1.33,0.17,-2.13
106.237,0,Conference_Room_Door_L,1.33,0.18,-2.13
106.280,0,Conference_Room_Door_L,1.33,0.18,-2.14
106.307,0,Conference_Room_Door_L,1.33,0.19,-2.14
106.335,0,Conference_Room_Door_L,1.33,0.19,-2.15
106.376,0,Conference_Room_Door_L,1.33,0.19,-2.15
106.404,0,Conference_Room_Door_L,1.33,0.19,-2.15
106.432,0,Conference_Room_Door_L,1.33,0.18,-2.15
106.474,0,Conference_Room_Door_L,1.33,0.18,-2.15
106.502,0,Conference_Room_Door_L,1.33,0.17,-2.14
106.543,0,Conference_Room_Door_L,1.33,0.17,-2.13
106.572,0,Conference_Room_Door_L,1.33,0.16,-2.12
106.600,0,Conference_Room_Door_L,1.33,0.16,-2.12
106.641,0,Conference_Room_Door_L,1.33,0.16,-2.10
106.669,0,Conference_Room_Door_L,1.33,0.16,-2.10
106.711,0,Conference_Room_Door_L,1.33,0.16,-2.09
106.739,0,Conference_Room_Door_L,1.33,0.16,-2.08
106.767,0,Conference_Room_Door_L,1.33,0.16,-2.08
106.808,0,Conference_Room_Door_L,1.33,0.17,-2.07
106.836,0,Conference_Room_Door_L,1.33,0.17,-2.08
106.878,0,Conference_Room_Door_L,1.33,0.17,-2.07
106.905,0,Conference_Room_Door_L,1.33,0.17,-2.07
106.934,0,Conference_Room_Door_L,1.33,0.18,-2.07
106.975,0,Conference_Room_Door_L,1.33,0.18,-2.07
107.003,0,Conference_Room_Door_L,1.33,0.18,-2.07
107.045,0,Conference_Room_Door_L,1.33,0.18,-2.05
107.073,0,Conference_Room_Door_L,1.33,0.19,-2.05
107.101,0,Conference_Room_Door_L,1.33,0.19,-2.05
107.142,0,Conference_Room_Door_L,1.33,0.19,-2.05
107.170,0,Conference_Room_Door_L,1.33,0.20,-2.05
107.212,0,Conference_Room_Door_L,1.33,0.18,-2.06
107.239,0,Conference_Room_Door_L,1.33,0.18,-2.06
107.268,0,Conference_Room_Door_L,1.33,0.17,-2.06
107.309,0,Conference_Room_Door_L,1.33,0.17,-2.06
107.341,0,Conference_Room_Door_L,1.33,0.16,-2.07
107.370,0,Conference_Room_Door_L,1.33,0.16,-2.07
107.410,0,Conference_Room_Door_L,1.33,0.16,-2.08
107.439,0,Conference_Room_Door_L,1.33,0.15,-2.08
107.488,0,Conference_Room_Door_L,1.33,0.15,-2.08
107.511,0,Conference_Room_Door_L,1.33,0.14,-2.09
107.540,0,Conference_Room_Door_L,1.33,0.14,-2.09
107.570,0,Conference_Room_Door_L,1.33,0.14,-2.09
107.612,0,Conference_Room_Door_L,1.33,0.13,-2.08
107.640,0,Conference_Room_Door_L,1.33,0.14,-2.09
107.668,0,Conference_Room_Door_L,1.33,0.14,-2.09
107.710,0,Conference_Room_Door_L,1.33,0.14,-2.10
107.738,0,Conference_Room_Door_L,1.33,0.14,-2.10
107.766,0,Conference_Room_Door_L,1.33,0.14,-2.10
107.808,0,Conference_Room_Door_L,1.33,0.15,-2.09
107.836,0,Conference_Room_Door_L,1.33,0.16,-2.10
107.878,0,Conference_Room_Door_L,1.33,0.18,-2.09
107.906,0,Conference_Room_Door_L,1.33,0.18,-2.09
107.934,0,Conference_Room_Door_L,1.33,0.18,-2.10
107.976,0,Conference_Room_Door_L,1.33,0.20,-2.10
108.005,0,Conference_Room_Door_L,1.33,0.20,-2.10
108.046,0,Conference_Room_Door_L,1.33,0.21,-2.09
108.074,0,Conference_Room_Door_L,1.33,0.22,-2.08
108.102,0,Conference_Room_Door_L,1.33,0.22,-2.08
108.143,0,Conference_Room_Door_L,1.33,0.24,-2.08
108.172,0,Conference_Room_Door_L,1.33,0.23,-2.08
108.199,0,Conference_Room_Door_L,1.33,0.24,-2.07
108.241,0,Conference_Room_Door_L,1.33,0.24,-2.08
108.269,0,Conference_Room_Door_L,1.33,0.24,-2.08
108.312,0,Conference_Room_Door_L,1.33,0.24,-2.08
108.339,0,Conference_Room_Door_L,1.33,0.24,-2.09
108.366,0,Conference_Room_Door_L,1.33,0.25,-2.09
108.409,0,Conference_Room_Door_L,1.33,0.25,-2.09
108.436,0,Conference_Room_Door_L,1.33,0.26,-2.08
108.478,0,Conference_Room_Door_L,1.33,0.27,-2.08
108.506,0,Conference_Room_Door_L,1.33,0.27,-2.08
108.534,0,Conference_Room_Door_L,1.33,0.28,-2.08
108.577,0,Conference_Room_Door_L,1.33,0.28,-2.07
108.604,0,Conference_Room_Door_L,1.33,0.28,-2.06
108.646,0,Conference_Room_Door_L,1.33,0.28,-2.06
108.673,0,Conference_Room_Door_L,1.33,0.28,-2.06
108.701,0,Conference_Room_Door_L,1.33,0.28,-2.06
108.743,0,Conference_Room_Door_L,1.33,0.29,-2.07
108.772,0,Conference_Room_Door_L,1.33,0.29,-2.07
108.813,0,Conference_Room_Door_L,1.33,0.29,-2.06
108.841,0,Conference_Room_Door_L,1.33,0.30,-2.06
108.868,0,None,0,0,0
108.911,0,Conference_Room_Door_L,1.33,0.30,-2.04
108.938,0,Conference_Room_Door_L,1.33,0.30,-2.04
108.966,0,Conference_Room_Door_L,1.33,0.28,-2.03
109.008,0,Conference_Room_Door_L,1.33,0.28,-2.02
109.035,0,Conference_Room_Door_L,1.33,0.28,-2.02
109.077,0,Conference_Room_Door_L,1.33,0.28,-2.01
109.105,0,Conference_Room_Door_L,1.33,0.27,-2.01
109.134,0,Conference_Room_Door_L,1.33,0.27,-2.01
109.174,0,Conference_Room_Door_L,1.33,0.27,-2.01
109.202,0,Conference_Room_Door_L,1.33,0.27,-2.02
109.244,0,Conference_Room_Door_L,1.33,0.28,-2.02
109.272,0,Conference_Room_Door_L,1.33,0.28,-2.02
109.300,0,Conference_Room_Door_L,1.33,0.28,-2.02
109.341,0,Conference_Room_Door_L,1.33,0.29,-2.01
109.369,0,Conference_Room_Door_L,1.33,0.29,-2.01
109.411,0,Conference_Room_Door_L,1.33,0.29,-2.00
109.439,0,Conference_Room_Door_L,1.33,0.29,-1.99
109.467,0,Conference_Room_Door_L,1.33,0.29,-1.98
109.509,0,Conference_Room_Door_L,1.33,0.29,-1.95
109.536,0,Conference_Room_Door_L,1.33,0.30,-1.94
109.578,0,None,0,0,0
109.606,0,None,0,0,0
109.634,0,None,0,0,0
109.676,0,None,0,0,0
109.704,0,None,0,0,0
109.745,0,Conference_Room_Door_L,1.33,0.30,-1.90
109.775,0,Conference_Room_Door_L,1.33,0.30,-1.90
109.801,0,Conference_Room_Door_L,1.33,0.30,-1.90
109.843,0,Conference_Room_Door_L,1.33,0.29,-1.90
109.871,0,Conference_Room_Door_L,1.33,0.29,-1.90
109.913,0,Conference_Room_Door_L,1.33,0.29,-1.90
109.940,0,Conference_Room_Door_L,1.33,0.29,-1.90
109.969,0,Conference_Room_Door_L,1.33,0.28,-1.90
110.010,0,Conference_Room_Door_L,1.33,0.28,-1.91
110.038,0,Conference_Room_Door_L,1.33,0.28,-1.91
110.067,0,Conference_Room_Door_L,1.33,0.27,-1.92
110.108,0,Conference_Room_Door_L,1.33,0.27,-1.92
110.136,0,Conference_Room_Door_L,1.33,0.27,-1.93
110.178,0,Conference_Room_Door_L,1.33,0.27,-1.95
110.205,0,Conference_Room_Door_L,1.33,0.27,-1.96
110.233,0,Conference_Room_Door_L,1.33,0.27,-1.98
110.275,0,Conference_Room_Door_L,1.33,0.27,-1.99
110.303,0,Conference_Room_Door_L,1.33,0.29,-1.99
110.344,0,Conference_Room_Door_L,1.33,0.29,-2.00
110.372,0,Conference_Room_Door_L,1.33,0.29,-2.01
110.400,0,Conference_Room_Door_L,1.33,0.30,-2.01
110.442,0,None,0,0,0
110.469,0,None,0,0,0
110.511,0,None,0,0,0
110.539,0,None,0,0,0
110.568,0,None,0,0,0
110.609,0,None,0,0,0
110.637,0,Wall_3mx20cm_Conference_Door,1.24,0.35,-1.99
110.678,0,None,0,0,0
110.706,0,None,0,0,0
110.734,0,None,0,0,0
110.776,0,Conference_Room_Door_L,1.33,0.30,-1.96
110.804,0,Conference_Room_Door_L,1.33,0.29,-1.96
110.845,0,Conference_Room_Door_L,1.33,0.28,-1.96
110.874,0,Conference_Room_Door_L,1.33,0.27,-1.96
110.901,0,Conference_Room_Door_L,1.33,0.27,-1.96
110.944,0,Conference_Room_Door_L,1.33,0.27,-1.95
110.970,0,Conference_Room_Door_L,1.33,0.28,-1.95
110.999,0,Conference_Room_Door_L,1.33,0.28,-1.95
111.040,0,Conference_Room_Door_L,1.33,0.29,-1.94
111.069,0,Conference_Room_Door_L,1.33,0.29,-1.93
111.110,0,Conference_Room_Door_L,1.33,0.30,-1.91
111.138,0,Conference_Room_Door_L,1.33,0.29,-1.91
111.165,0,Conference_Room_Door_L,1.33,0.29,-1.91
111.207,0,Conference_Room_Door_L,1.33,0.29,-1.91
111.235,0,Conference_Room_Door_L,1.33,0.29,-1.91
111.277,0,Conference_Room_Door_L,1.33,0.30,-1.91
111.305,0,Conference_Room_Door_L,1.33,0.30,-1.92
111.333,0,None,0,0,0
111.375,0,None,0,0,0
111.402,0,None,0,0,0
111.444,0,None,0,0,0
111.473,0,None,0,0,0
111.500,0,None,0,0,0
111.542,0,None,0,0,0
111.569,0,None,0,0,0
111.611,0,Conference_Room_Door_L,1.33,0.30,-1.92
111.639,0,Conference_Room_Door_L,1.33,0.30,-1.93
111.668,0,Conference_Room_Door_L,1.33,0.29,-1.93
111.709,0,Conference_Room_Door_L,1.33,0.29,-1.94
111.736,0,Conference_Room_Door_L,1.33,0.30,-1.94
111.779,0,Conference_Room_Door_L,1.33,0.30,-1.95
111.806,0,Conference_Room_Door_L,1.33,0.29,-1.95
111.834,0,Conference_Room_Door_L,1.33,0.28,-1.96
111.876,0,Conference_Room_Door_L,1.33,0.28,-1.97
111.903,0,Conference_Room_Door_L,1.33,0.28,-1.97
111.946,0,Conference_Room_Door_L,1.33,0.28,-1.97
111.973,0,Conference_Room_Door_L,1.33,0.28,-1.98
112.001,0,Conference_Room_Door_L,1.33,0.28,-1.98
112.044,0,Conference_Room_Door_L,1.33,0.28,-1.98
112.071,0,Conference_Room_Door_L,1.33,0.28,-1.98
112.099,0,Conference_Room_Door_L,1.33,0.29,-1.99
112.140,0,Conference_Room_Door_L,1.33,0.29,-1.99
112.168,0,Conference_Room_Door_L,1.33,0.29,-2.00
112.209,0,Conference_Room_Door_L,1.33,0.30,-1.99
112.238,0,Conference_Room_Door_L,1.33,0.30,-2.00
112.266,0,Conference_Room_Door_L,1.33,0.30,-2.00
112.307,0,Conference_Room_Door_L,1.33,0.30,-1.99
112.336,0,Conference_Room_Door_L,1.33,0.29,-1.99
112.377,0,Conference_Room_Door_L,1.33,0.30,-1.99
112.404,0,Conference_Room_Door_L,1.33,0.30,-1.99
112.433,0,None,0,0,0
112.474,0,Conference_Room_Door_L,1.33,0.30,-1.98
112.502,0,Conference_Room_Door_L,1.33,0.30,-1.98
112.544,0,None,0,0,0
112.571,0,None,0,0,0
112.599,0,None,0,0,0
112.641,0,None,0,0,0
112.669,0,None,0,0,0
112.711,0,None,0,0,0
112.739,0,None,0,0,0
112.766,0,None,0,0,0
112.808,0,None,0,0,0
112.836,0,None,0,0,0
112.878,0,None,0,0,0
112.906,0,None,0,0,0
112.934,0,None,0,0,0
112.976,0,None,0,0,0
113.004,0,None,0,0,0
113.045,0,None,0,0,0
113.073,0,None,0,0,0
113.101,0,None,0,0,0
113.143,0,Wall_3mx20cm_Conference_Door,1.23,0.35,-1.96
113.171,0,None,0,0,0
113.213,0,None,0,0,0
113.241,0,None,0,0,0
113.268,0,None,0,0,0
113.310,0,Wall_3mx20cm_Conference_Door,1.23,0.35,-1.96
113.338,0,None,0,0,0
113.366,0,None,0,0,0
113.407,0,None,0,0,0
113.435,0,None,0,0,0
113.477,0,Conference_Room_Door_L,1.33,0.30,-1.95
113.505,0,Conference_Room_Door_L,1.33,0.30,-1.95
113.533,0,Conference_Room_Door_L,1.33,0.30,-1.94
113.575,0,Conference_Room_Door_L,1.33,0.30,-1.95
113.603,0,Conference_Room_Door_L,1.33,0.29,-1.95
113.644,0,Conference_Room_Door_L,1.33,0.29,-1.95
113.672,0,Conference_Room_Door_L,1.33,0.29,-1.96
113.700,0,Conference_Room_Door_L,1.33,0.28,-1.96
113.742,0,Conference_Room_Door_L,1.33,0.28,-1.96
113.770,0,Conference_Room_Door_L,1.33,0.29,-1.96
113.812,0,Conference_Room_Door_L,1.33,0.29,-1.96
113.840,0,Conference_Room_Door_L,1.33,0.29,-1.95
113.868,0,Conference_Room_Door_L,1.33,0.29,-1.96
113.909,0,Conference_Room_Door_L,1.33,0.29,-1.96
113.937,0,Conference_Room_Door_L,1.33,0.30,-1.96
113.978,0,Conference_Room_Door_L,1.33,0.30,-1.96
114.007,0,Conference_Room_Door_L,1.33,0.29,-1.96
114.035,0,Conference_Room_Door_L,1.33,0.29,-1.96
114.077,0,Conference_Room_Door_L,1.33,0.29,-1.97
114.104,0,Conference_Room_Door_L,1.33,0.29,-1.96
114.132,0,Conference_Room_Door_L,1.33,0.29,-1.97
114.174,0,Conference_Room_Door_L,1.33,0.29,-1.96
114.202,0,Conference_Room_Door_L,1.33,0.29,-1.96
114.244,0,Conference_Room_Door_L,1.33,0.30,-1.96
114.272,0,Conference_Room_Door_L,1.33,0.30,-1.95
114.299,0,Conference_Room_Door_L,1.33,0.30,-1.95
114.341,0,None,0,0,0
114.369,0,None,0,0,0
114.410,0,None,0,0,0
114.438,0,Wall_3mx20cm_Conference_Door,1.26,0.35,-1.94
114.466,0,Wall_3mx20cm_Conference_Door,1.28,0.35,-1.94
114.508,0,Wall_3mx20cm_Conference_Door,1.34,0.35,-1.95
114.536,0,Wall_3mx20cm_Conference_Door,1.41,0.36,-1.95
114.578,0,Wall_3mx20cm_Conference_Door,1.41,0.38,-1.95
114.606,0,Timer,1.42,0.39,-1.96
114.633,0,Timer,1.47,0.40,-1.96
114.675,0,Timer,1.47,0.43,-1.97
114.703,0,Timer,1.47,0.43,-1.97
114.745,0,Timer,1.47,0.44,-1.98
114.772,0,Timer,1.47,0.45,-1.97
114.800,0,Timer,1.47,0.46,-1.98
114.842,0,Timer,1.47,0.47,-1.98
114.870,0,Timer,1.47,0.47,-1.98
114.912,0,Timer,1.47,0.48,-1.98
114.939,0,Timer,1.47,0.48,-1.97
114.967,0,Timer,1.47,0.48,-1.97
115.009,0,Timer,1.47,0.46,-1.96
115.037,0,Timer,1.47,0.45,-1.96
115.079,0,Timer,1.47,0.45,-1.95
115.106,0,Timer,1.47,0.45,-1.94
115.135,0,Timer,1.47,0.45,-1.94
115.176,0,Timer,1.47,0.43,-1.93
115.204,0,Timer,1.47,0.42,-1.92
115.245,0,Timer,1.47,0.41,-1.90
115.273,0,Timer,1.47,0.40,-1.89
115.301,0,Timer,1.46,0.39,-1.88
115.343,0,Timer,1.47,0.40,-1.86
115.371,0,Timer,1.47,0.40,-1.86
115.399,0,Timer,1.47,0.40,-1.86
115.441,0,Timer,1.47,0.40,-1.86
115.468,0,Timer,1.47,0.40,-1.87
115.510,0,Timer,1.47,0.40,-1.88
115.538,0,Timer,1.47,0.40,-1.88
115.566,0,Timer,1.47,0.39,-1.88
115.607,0,Timer,1.47,0.40,-1.88
115.635,0,Timer,1.47,0.41,-1.87
115.678,0,Timer,1.47,0.42,-1.86
115.705,0,Timer,1.47,0.43,-1.86
115.733,0,Timer,1.47,0.43,-1.86
115.774,0,Timer,1.47,0.47,-1.86
115.802,0,Timer,1.47,0.48,-1.86
115.845,0,Timer,1.47,0.50,-1.86
115.873,0,Timer,1.47,0.53,-1.86
115.900,0,Timer,1.47,0.52,-1.86
115.942,0,Timer,1.47,0.51,-1.86
115.970,0,Timer,1.47,0.49,-1.86
116.011,0,Timer,1.47,0.50,-1.87
116.039,0,Timer,1.47,0.50,-1.87
116.067,0,Timer,1.47,0.49,-1.87
116.109,0,Timer,1.47,0.50,-1.87
116.136,0,Timer,1.47,0.52,-1.87
116.179,0,Timer,1.47,0.55,-1.87
116.206,0,Timer,1.47,0.56,-1.87
116.234,0,Timer,1.47,0.57,-1.86
116.275,0,Timer,1.47,0.58,-1.85
116.304,0,Timer,1.47,0.57,-1.85
116.346,0,Timer,1.47,0.58,-1.85
116.374,0,Timer,1.47,0.58,-1.84
116.402,0,Timer,1.47,0.57,-1.83
116.443,0,Timer,1.47,0.56,-1.84
116.472,0,Timer,1.47,0.56,-1.84
116.513,0,Timer,1.47,0.56,-1.84
116.540,0,Timer,1.47,0.56,-1.85
116.569,0,Timer,1.47,0.57,-1.85
116.610,0,Timer,1.47,0.56,-1.85
116.638,0,Timer,1.47,0.57,-1.85
116.666,0,Timer,1.47,0.58,-1.85
116.708,0,Timer,1.47,0.55,-1.84
116.735,0,Timer,1.47,0.55,-1.84
116.777,0,Timer,1.47,0.54,-1.84
116.805,0,Timer,1.47,0.53,-1.84
116.833,0,Timer,1.47,0.53,-1.84
116.875,0,Timer,1.47,0.52,-1.84
116.902,0,Timer,1.47,0.52,-1.84
116.944,0,Timer,1.47,0.51,-1.85
116.973,0,Timer,1.47,0.52,-1.86
117.000,0,Timer,1.47,0.51,-1.86
117.042,0,Timer,1.47,0.52,-1.87
117.070,0,Timer,1.47,0.52,-1.87
117.112,0,Timer,1.47,0.50,-1.88
117.140,0,Timer,1.47,0.49,-1.88
117.167,0,Timer,1.47,0.50,-1.88
117.209,0,Timer,1.47,0.47,-1.88
117.237,0,Timer,1.47,0.46,-1.88
117.278,0,Timer,1.47,0.46,-1.88
117.306,0,Timer,1.47,0.46,-1.88
117.334,0,Timer,1.47,0.47,-1.88
117.376,0,Timer,1.47,0.50,-1.89
117.404,0,Timer,1.47,0.49,-1.89
117.445,0,Timer,1.47,0.49,-1.91
117.473,0,Timer,1.47,0.50,-1.93
117.501,0,Timer,1.47,0.50,-1.95
117.543,0,Timer,1.47,0.51,-1.98
117.570,0,Timer,1.47,0.52,-2.00
117.612,0,Timer,1.47,0.52,-2.04
117.640,0,Timer,1.47,0.52,-2.05
117.668,0,Timer,1.47,0.53,-2.05
117.710,0,Timer,1.47,0.52,-2.03
117.738,0,Timer,1.47,0.51,-2.01
117.766,0,Timer,1.47,0.50,-1.99
117.808,0,Timer,1.47,0.48,-1.95
117.835,0,Timer,1.47,0.46,-1.93
117.877,0,Timer,1.47,0.43,-1.90
117.904,0,Timer,1.47,0.44,-1.88
117.932,0,Timer,1.47,0.44,-1.88
117.974,0,Timer,1.47,0.42,-1.86
118.002,0,Timer,1.47,0.40,-1.85
118.045,0,Timer,1.47,0.40,-1.82
118.071,0,Timer,1.43,0.39,-1.80
118.099,0,Wall_3mx20cm_Conference_Door,1.41,0.38,-1.79
118.141,0,Wall_3mx20cm_Conference_Door,1.41,0.37,-1.76
118.169,0,Wall_3mx20cm_Conference_Door,1.41,0.37,-1.75
118.211,0,Wall_3mx20cm_Conference_Door,1.41,0.36,-1.74
118.238,0,Wall_3mx20cm_Conference_Door,1.41,0.35,-1.73
118.266,0,Wall_3mx20cm_Conference_Door,1.34,0.35,-1.72
118.308,0,Wall_3mx20cm_Conference_Door,1.41,0.35,-1.72
118.335,0,Wall_3mx20cm_Conference_Door,1.41,0.36,-1.71
118.378,0,Wall_3mx20cm_Conference_Door,1.41,0.36,-1.70
118.405,0,Wall_3mx20cm_Conference_Door,1.39,0.35,-1.69
118.434,0,Wall_3mx20cm_Conference_Door,1.35,0.35,-1.68
118.475,0,Wall_3mx20cm_Conference_Door,1.34,0.35,-1.67
118.503,0,Wall_3mx20cm_Conference_Door,1.41,0.34,-1.67
118.545,0,Wall_3mx20cm_Conference_Door,1.41,0.34,-1.66
118.573,0,Wall_3mx20cm_Conference_Door,1.41,0.34,-1.66
118.601,0,Wall_3mx20cm_Conference_Door,1.41,0.34,-1.66
118.642,0,Wall_3mx20cm_Conference_Door,1.41,0.34,-1.66
118.670,0,Wall_3mx20cm_Conference_Door,1.41,0.34,-1.66
118.712,0,Wall_3mx20cm_Conference_Door,1.41,0.33,-1.66
118.740,0,Wall_3mx20cm_Conference_Door,1.41,0.34,-1.65
118.768,0,Wall_3mx20cm_Conference_Door,1.41,0.34,-1.65
118.809,0,Wall_3mx20cm_Conference_Door,1.41,0.35,-1.64
118.837,0,Wall_3mx20cm_Conference_Door,1.41,0.37,-1.64
118.879,0,Wall_3mx20cm_Conference_Door,1.41,0.37,-1.64
118.907,0,Wall_3mx20cm_Conference_Door,1.41,0.37,-1.64
118.935,0,Wall_3mx20cm_Conference_Door,1.41,0.38,-1.64
118.977,0,Wall_3mx20cm_Conference_Door,1.41,0.37,-1.64
119.004,0,Wall_3mx20cm_Conference_Door,1.41,0.38,-1.64
119.032,0,Wall_3mx20cm_Conference_Door,1.41,0.39,-1.63
119.075,0,Wall_3mx20cm_Conference_Door,1.41,0.41,-1.62
119.102,0,Wall_3mx20cm_Conference_Door,1.41,0.42,-1.61
119.144,0,Wall_3mx20cm_Conference_Door,1.41,0.44,-1.61
119.171,0,Wall_3mx20cm_Conference_Door,1.41,0.45,-1.61
119.199,0,Wall_3mx20cm_Conference_Door,1.41,0.46,-1.62
119.241,0,Wall_3mx20cm_Conference_Door,1.41,0.47,-1.63
119.269,0,Wall_3mx20cm_Conference_Door,1.41,0.49,-1.63
119.311,0,Wall_3mx20cm_Conference_Door,1.41,0.52,-1.64
119.339,0,Wall_3mx20cm_Conference_Door,1.41,0.53,-1.64
119.366,0,Wall_3mx20cm_Conference_Door,1.41,0.52,-1.65
119.408,0,Wall_3mx20cm_Conference_Door,1.41,0.52,-1.66
119.436,0,Wall_3mx20cm_Conference_Door,1.41,0.52,-1.66
119.478,0,Wall_3mx20cm_Conference_Door,1.41,0.54,-1.66
119.506,0,Wall_3mx20cm_Conference_Door,1.41,0.53,-1.65
119.534,0,Wall_3mx20cm_Conference_Door,1.41,0.50,-1.65
119.576,0,Wall_3mx20cm_Conference_Door,1.41,0.49,-1.64
119.604,0,Wall_3mx20cm_Conference_Door,1.41,0.48,-1.64
119.646,0,Wall_3mx20cm_Conference_Door,1.41,0.46,-1.63
119.673,0,Wall_3mx20cm_Conference_Door,1.41,0.46,-1.64
119.701,0,Wall_3mx20cm_Conference_Door,1.41,0.46,-1.64
119.743,0,Wall_3mx20cm_Conference_Door,1.41,0.44,-1.64
119.771,0,Wall_3mx20cm_Conference_Door,1.41,0.46,-1.64
119.812,0,Wall_3mx20cm_Conference_Door,1.41,0.48,-1.64
119.840,0,Wall_3mx20cm_Conference_Door,1.41,0.47,-1.64
119.868,0,Wall_3mx20cm_Conference_Door,1.41,0.46,-1.64
119.910,0,Wall_3mx20cm_Conference_Door,1.41,0.44,-1.65
119.938,0,Wall_3mx20cm_Conference_Door,1.41,0.45,-1.65
119.965,0,Wall_3mx20cm_Conference_Door,1.41,0.46,-1.65
120.007,0,Wall_3mx20cm_Conference_Door,1.41,0.46,-1.66
120.036,0,Wall_3mx20cm_Conference_Door,1.41,0.44,-1.66
120.077,0,Wall_3mx20cm_Conference_Door,1.41,0.46,-1.67
120.105,0,Wall_3mx20cm_Conference_Door,1.41,0.47,-1.67
120.132,0,Wall_3mx20cm_Conference_Door,1.41,0.48,-1.67
120.174,0,Wall_3mx20cm_Conference_Door,1.41,0.50,-1.67
120.202,0,Wall_3mx20cm_Conference_Door,1.41,0.50,-1.67
120.244,0,Wall_3mx20cm_Conference_Door,1.41,0.47,-1.67
120.273,0,Wall_3mx20cm_Conference_Door,1.41,0.45,-1.67
120.299,0,Wall_3mx20cm_Conference_Door,1.41,0.44,-1.67
120.341,0,Wall_3mx20cm_Conference_Door,1.41,0.43,-1.66
120.369,0,Wall_3mx20cm_Conference_Door,1.41,0.46,-1.66
120.410,0,Wall_3mx20cm_Conference_Door,1.41,0.50,-1.65
120.439,0,Wall_3mx20cm_Conference_Door,1.41,0.54,-1.65
120.467,0,Wall_3mx20cm_Conference_Door,1.41,0.56,-1.64
120.508,0,Wall_3mx20cm_Conference_Door,1.41,0.54,-1.62
120.536,0,Wall_3mx20cm_Conference_Door,1.41,0.54,-1.62
120.578,0,Wall_3mx20cm_Conference_Door,1.41,0.51,-1.61
120.606,0,Wall_3mx20cm_Conference_Door,1.41,0.48,-1.61
120.633,0,Wall_3mx20cm_Conference_Door,1.41,0.45,-1.60
120.675,0,Wall_3mx20cm_Conference_Door,1.41,0.47,-1.59
120.703,0,Wall_3mx20cm_Conference_Door,1.41,0.46,-1.58
120.745,0,Wall_3mx20cm_Conference_Door,1.41,0.48,-1.57
120.773,0,Wall_3mx20cm_Conference_Door,1.41,0.49,-1.57
120.800,0,Wall_3mx20cm_Conference_Door,1.41,0.50,-1.57
120.844,0,Wall_3mx20cm_Conference_Door,1.41,0.51,-1.57
120.870,0,Wall_3mx20cm_Conference_Door,1.41,0.51,-1.58
120.912,0,Wall_3mx20cm_Conference_Door,1.41,0.52,-1.61
120.940,0,Wall_3mx20cm_Conference_Door,1.41,0.49,-1.62
120.968,0,Wall_3mx20cm_Conference_Door,1.41,0.47,-1.63
121.009,0,Wall_3mx20cm_Conference_Door,1.41,0.46,-1.64
121.037,0,Wall_3mx20cm_Conference_Door,1.41,0.46,-1.64
121.079,0,Wall_3mx20cm_Conference_Door,1.41,0.45,-1.64
121.107,0,Wall_3mx20cm_Conference_Door,1.41,0.46,-1.64
121.135,0,Wall_3mx20cm_Conference_Door,1.41,0.45,-1.64
121.177,0,Wall_3mx20cm_Conference_Door,1.41,0.47,-1.64
121.205,0,Wall_3mx20cm_Conference_Door,1.41,0.48,-1.65
121.233,0,Wall_3mx20cm_Conference_Door,1.41,0.49,-1.66
121.274,0,Wall_3mx20cm_Conference_Door,1.41,0.50,-1.67
121.302,0,Wall_3mx20cm_Conference_Door,1.41,0.50,-1.69
121.343,0,Wall_3mx20cm_Conference_Door,1.41,0.50,-1.70
121.372,0,Wall_3mx20cm_Conference_Door,1.41,0.53,-1.71
121.399,0,Wall_3mx20cm_Conference_Door,1.41,0.57,-1.71
121.441,0,Wall_3mx20cm_Conference_Door,1.41,0.62,-1.71
121.469,0,Wall_3mx20cm_Conference_Door,1.41,0.63,-1.72
121.511,0,Timer,1.47,0.54,-1.73
121.540,0,Timer,1.47,0.46,-1.75
121.567,0,Timer,1.43,0.39,-1.77
121.608,0,Wall_3mx20cm_Conference_Door,1.41,0.36,-1.76
121.637,0,Timer,1.41,0.39,-1.76
121.678,0,Timer,1.47,0.40,-1.76
121.705,0,Timer,1.47,0.40,-1.75
121.733,0,Timer,1.44,0.39,-1.75
121.775,0,Timer,1.41,0.39,-1.75
121.803,0,Timer,1.47,0.41,-1.76
121.844,0,Timer,1.47,0.42,-1.78
121.873,0,Timer,1.47,0.42,-1.79
121.900,0,Timer,1.47,0.41,-1.80
121.942,0,Timer,1.47,0.42,-1.82
121.970,0,Timer,1.47,0.42,-1.83
122.012,0,Timer,1.47,0.40,-1.84
122.040,0,Timer,1.44,0.39,-1.84
122.069,0,Wall_3mx20cm_Conference_Door,1.41,0.37,-1.85
122.109,0,Wall_3mx20cm_Conference_Door,1.41,0.38,-1.86
122.139,0,Timer,1.47,0.39,-1.87
122.166,0,Timer,1.47,0.41,-1.88
122.207,0,Timer,1.47,0.43,-1.90
122.235,0,Timer,1.47,0.44,-1.91
122.277,0,Timer,1.47,0.42,-1.92
122.305,0,Timer,1.42,0.39,-1.92
122.332,0,Timer,1.45,0.39,-1.91
122.374,0,Wall_3mx20cm_Conference_Door,1.41,0.39,-1.90
122.403,0,Wall_3mx20cm_Conference_Door,1.41,0.36,-1.89
122.443,0,Wall_3mx20cm_Conference_Door,1.34,0.35,-1.88
122.471,0,Wall_3mx20cm_Conference_Door,1.40,0.35,-1.88
122.500,0,Wall_3mx20cm_Conference_Door,1.41,0.36,-1.88
122.541,0,Wall_3mx20cm_Conference_Door,1.40,0.35,-1.88
122.569,0,Wall_3mx20cm_Conference_Door,1.38,0.35,-1.87
122.612,0,Wall_3mx20cm_Conference_Door,1.41,0.36,-1.87
122.639,0,Wall_3mx20cm_Conference_Door,1.41,0.37,-1.87
122.667,0,Wall_3mx20cm_Conference_Door,1.41,0.36,-1.87
122.709,0,Wall_3mx20cm_Conference_Door,1.32,0.35,-1.86
122.737,0,Wall_3mx20cm_Conference_Door,1.41,0.35,-1.86
122.777,0,Wall_3mx20cm_Conference_Door,1.32,0.35,-1.85
122.806,0,Wall_3mx20cm_Conference_Door,1.26,0.35,-1.84
122.834,0,None,0,0,0
122.876,0,None,0,0,0
122.903,0,None,0,0,0
122.945,0,None,0,0,0
122.973,0,Wall_3mx20cm_Conference_Door,1.25,0.35,-1.72
123.000,0,Wall_3mx20cm_Conference_Door,1.32,0.35,-1.70
123.042,0,Wall_3mx20cm_Conference_Door,1.34,0.35,-1.68
123.070,0,Wall_3mx20cm_Conference_Door,1.41,0.37,-1.66
123.112,0,Wall_3mx20cm_Conference_Door,1.41,0.40,-1.64
123.140,0,Wall_3mx20cm_Conference_Door,1.41,0.42,-1.63
123.167,0,Wall_3mx20cm_Conference_Door,1.41,0.45,-1.61
123.209,0,Wall_3mx20cm_Conference_Door,1.41,0.45,-1.60
123.236,0,Wall_3mx20cm_Conference_Door,1.41,0.46,-1.59
123.279,0,Wall_3mx20cm_Conference_Door,1.41,0.45,-1.59
123.306,0,Wall_3mx20cm_Conference_Door,1.41,0.44,-1.59
123.334,0,Wall_3mx20cm_Conference_Door,1.41,0.41,-1.60
123.377,0,Wall_3mx20cm_Conference_Door,1.41,0.42,-1.62
123.404,0,Wall_3mx20cm_Conference_Door,1.41,0.44,-1.63
123.432,0,Wall_3mx20cm_Conference_Door,1.41,0.46,-1.63
123.473,0,Wall_3mx20cm_Conference_Door,1.41,0.49,-1.62
123.502,0,Wall_3mx20cm_Conference_Door,1.41,0.48,-1.61
123.544,0,Wall_3mx20cm_Conference_Door,1.41,0.44,-1.60
123.572,0,Wall_3mx20cm_Conference_Door,1.41,0.40,-1.59
123.599,0,Wall_3mx20cm_Conference_Door,1.41,0.38,-1.58
123.640,0,Wall_3mx20cm_Conference_Door,1.41,0.33,-1.57
123.668,0,Wall_3mx20cm_Conference_Door,1.41,0.30,-1.55
123.710,0,Wall_3mx20cm_Conference_Door,1.41,0.29,-1.54
123.738,0,Wall_3mx20cm_Conference_Door,1.41,0.29,-1.54
123.766,0,Wall_3mx20cm_Conference_Door,1.41,0.30,-1.53
123.809,0,Wall_3mx20cm_Conference_Door,1.41,0.28,-1.53
123.835,0,Wall_3mx20cm_Conference_Door,1.41,0.26,-1.53
123.878,0,Wall_3mx20cm_Conference_Door,1.41,0.27,-1.53
123.905,0,Wall_3mx20cm_Conference_Door,1.41,0.28,-1.54
123.933,0,Wall_3mx20cm_Conference_Door,1.41,0.29,-1.54
123.975,0,Wall_3mx20cm_Conference_Door,1.41,0.29,-1.56
124.003,0,Wall_3mx20cm_Conference_Door,1.41,0.29,-1.57
124.044,0,Wall_3mx20cm_Conference_Door,1.41,0.27,-1.59
124.072,0,Wall_3mx20cm_Conference_Door,1.41,0.26,-1.59
124.100,0,Wall_3mx20cm_Conference_Door,1.41,0.26,-1.58
124.142,0,Wall_3mx20cm_Conference_Door,1.41,0.24,-1.57
124.170,0,Wall_3mx20cm_Conference_Door,1.41,0.25,-1.57
124.212,0,Wall_3mx20cm_Conference_Door,1.41,0.26,-1.56
124.240,0,Wall_3mx20cm_Conference_Door,1.41,0.26,-1.56
124.267,0,Wall_3mx20cm_Conference_Door,1.41,0.26,-1.56
124.309,0,Wall_3mx20cm_Conference_Door,1.41,0.25,-1.57
124.337,0,Wall_3mx20cm_Conference_Door,1.41,0.25,-1.58
124.379,0,Wall_3mx20cm_Conference_Door,1.41,0.25,-1.58
124.407,0,Wall_3mx20cm_Conference_Door,1.41,0.25,-1.57
124.434,0,Wall_3mx20cm_Conference_Door,1.41,0.25,-1.56
124.476,0,Wall_3mx20cm_Conference_Door,1.41,0.25,-1.55
124.505,0,Wall_3mx20cm_Conference_Door,1.41,0.25,-1.54
124.546,0,Wall_3mx20cm_Conference_Door,1.41,0.25,-1.53
124.573,0,Wall_3mx20cm_Conference_Door,1.41,0.24,-1.53
124.602,0,Wall_3mx20cm_Conference_Door,1.41,0.23,-1.54
124.643,0,Wall_3mx20cm_Conference_Door,1.41,0.22,-1.54
124.671,0,Wall_3mx20cm_Conference_Door,1.41,0.22,-1.54
124.699,0,Wall_3mx20cm_Conference_Door,1.41,0.22,-1.55
124.740,0,Wall_3mx20cm_Conference_Door,1.41,0.22,-1.55
124.768,0,Wall_3mx20cm_Conference_Door,1.41,0.22,-1.55
124.810,0,Wall_3mx20cm_Conference_Door,1.41,0.21,-1.56
124.838,0,Wall_3mx20cm_Conference_Door,1.41,0.21,-1.57
124.866,0,Wall_3mx20cm_Conference_Door,1.41,0.21,-1.58
124.908,0,Wall_3mx20cm_Conference_Door,1.41,0.22,-1.59
124.936,0,Wall_3mx20cm_Conference_Door,1.41,0.22,-1.61
124.977,0,Wall_3mx20cm_Conference_Door,1.41,0.22,-1.63
125.005,0,Wall_3mx20cm_Conference_Door,1.41,0.23,-1.64
125.033,0,Wall_3mx20cm_Conference_Door,1.41,0.23,-1.65
125.074,0,Wall_3mx20cm_Conference_Door,1.41,0.23,-1.66
125.102,0,Wall_3mx20cm_Conference_Door,1.35,0.24,-1.67
125.145,0,None,0,0,0
125.172,0,None,0,0,0
125.200,0,None,0,0,0
125.242,0,Conference_Room_Door_L,1.33,0.24,-1.71
125.270,0,Conference_Room_Door_L,1.33,0.24,-1.73
125.311,0,Conference_Room_Door_L,1.33,0.24,-1.75
125.340,0,Conference_Room_Door_L,1.33,0.23,-1.77
125.367,0,Conference_Room_Door_L,1.33,0.23,-1.79
125.409,0,Conference_Room_Door_L,1.33,0.20,-1.82
125.437,0,Conference_Room_Door_L,1.33,0.19,-1.84
125.479,0,Conference_Room_Door_L,1.33,0.19,-1.88
125.507,0,Conference_Room_Door_L,1.33,0.18,-1.90
125.534,0,Conference_Room_Door_L,1.33,0.19,-1.92
125.576,0,Conference_Room_Door_L,1.33,0.18,-1.94
125.604,0,Conference_Room_Door_L,1.33,0.16,-1.95
125.632,0,Conference_Room_Door_L,1.33,0.15,-1.96
125.674,0,Conference_Room_Door_L,1.33,0.15,-1.97
125.702,0,Conference_Room_Door_L,1.33,0.14,-1.98
125.743,0,Conference_Room_Door_L,1.33,0.14,-1.98
125.771,0,Conference_Room_Door_L,1.33,0.13,-1.99
125.799,0,Conference_Room_Door_L,1.33,0.13,-2.01
125.841,0,Conference_Room_Door_L,1.33,0.11,-2.02
125.869,0,Conference_Room_Door_L,1.33,0.11,-2.03
125.911,0,Conference_Room_Door_L,1.33,0.09,-2.05
125.938,0,Conference_Room_Door_L,1.33,0.09,-2.06
125.967,0,Conference_Room_Door_L,1.33,0.09,-2.07
126.008,0,Conference_Room_Door_L,1.33,0.08,-2.08
126.035,0,Conference_Room_Door_L,1.33,0.07,-2.09
126.077,0,Conference_Room_Door_L,1.33,0.08,-2.09
126.106,0,Conference_Room_Door_L,1.33,0.08,-2.09
126.133,0,Conference_Room_Door_L,1.33,0.08,-2.09
126.175,0,Conference_Room_Door_L,1.33,0.08,-2.09
126.203,0,Conference_Room_Door_L,1.33,0.08,-2.09
126.244,0,Conference_Room_Door_L,1.33,0.08,-2.09
126.273,0,Conference_Room_Door_L,1.33,0.08,-2.08
126.300,0,Conference_Room_Door_L,1.33,0.08,-2.08
126.342,0,Conference_Room_Door_L,1.33,0.07,-2.08
126.369,0,Conference_Room_Door_L,1.33,0.07,-2.09
126.412,0,Conference_Room_Door_L,1.33,0.07,-2.09
126.439,0,Conference_Room_Door_L,1.33,0.07,-2.09
126.467,0,Conference_Room_Door_L,1.33,0.07,-2.09
126.509,0,Conference_Room_Door_L,1.33,0.07,-2.09
126.537,0,Conference_Room_Door_L,1.33,0.07,-2.09
126.578,0,Conference_Room_Door_L,1.33,0.06,-2.09
126.606,0,Conference_Room_Door_L,1.33,0.06,-2.10
126.634,0,Conference_Room_Door_L,1.33,0.05,-2.10
126.676,0,Conference_Room_Door_L,1.33,0.04,-2.11
126.704,0,Conference_Room_Door_L,1.33,0.03,-2.11
126.746,0,Conference_Room_Door_L,1.33,0.03,-2.11
126.773,0,Conference_Room_Door_L,1.33,0.03,-2.12
126.801,0,Conference_Room_Door_L,1.33,0.03,-2.12
126.843,0,Conference_Room_Door_L,1.33,0.03,-2.12
126.872,0,Conference_Room_Door_L,1.33,0.02,-2.12
126.914,0,Conference_Room_Door_L,1.33,0.02,-2.12
126.941,0,Conference_Room_Door_L,1.33,0.02,-2.12
126.969,0,Conference_Room_Door_L,1.33,0.02,-2.12
127.012,0,Conference_Room_Door_L,1.33,0.03,-2.12
127.038,0,Conference_Room_Door_L,1.33,0.03,-2.12
127.065,0,Conference_Room_Door_L,1.33,0.03,-2.12
127.107,0,Conference_Room_Door_L,1.33,0.04,-2.13
127.135,0,Conference_Room_Door_L,1.33,0.04,-2.13
127.177,0,Conference_Room_Door_L,1.33,0.04,-2.13
127.205,0,Conference_Room_Door_L,1.33,0.04,-2.14
127.233,0,Conference_Room_Door_L,1.33,0.04,-2.14
127.275,0,Conference_Room_Door_L,1.33,0.04,-2.13
127.304,0,Conference_Room_Door_L,1.33,0.04,-2.13
127.344,0,Conference_Room_Door_L,1.33,0.04,-2.13
127.372,0,Conference_Room_Door_L,1.33,0.04,-2.12
127.400,0,Conference_Room_Door_L,1.33,0.04,-2.12
127.442,0,Conference_Room_Door_L,1.33,0.05,-2.11
127.470,0,Conference_Room_Door_L,1.33,0.05,-2.11
127.512,0,Conference_Room_Door_L,1.33,0.06,-2.10
127.539,0,Conference_Room_Door_L,1.33,0.06,-2.10
127.567,0,Conference_Room_Door_L,1.33,0.06,-2.10
127.609,0,Conference_Room_Door_L,1.33,0.07,-2.10
127.637,0,Conference_Room_Door_L,1.33,0.07,-2.10
127.678,0,Conference_Room_Door_L,1.33,0.08,-2.10
127.706,0,Conference_Room_Door_L,1.33,0.08,-2.10
127.735,0,Conference_Room_Door_L,1.33,0.08,-2.09
127.776,0,Conference_Room_Door_L,1.33,0.09,-2.09
127.804,0,Conference_Room_Door_L,1.33,0.09,-2.09
127.832,0,Conference_Room_Door_L,1.33,0.10,-2.09
127.874,0,Conference_Room_Door_L,1.33,0.10,-2.08
127.901,0,Conference_Room_Door_L,1.33,0.09,-2.08
127.943,0,Conference_Room_Door_L,1.33,0.08,-2.07
127.971,0,Conference_Room_Door_L,1.33,0.09,-2.07
127.999,0,Conference_Room_Door_L,1.33,0.09,-2.07
128.041,0,Conference_Room_Door_L,1.33,0.09,-2.07
128.069,0,Conference_Room_Door_L,1.33,0.09,-2.07
128.110,0,Conference_Room_Door_L,1.33,0.09,-2.06
128.138,0,Conference_Room_Door_L,1.33,0.08,-2.06
128.166,0,Conference_Room_Door_L,1.33,0.09,-2.06
128.208,0,Conference_Room_Door_L,1.33,0.09,-2.06
128.236,0,Conference_Room_Door_L,1.33,0.09,-2.06
128.277,0,Conference_Room_Door_L,1.33,0.09,-2.06
128.305,0,Conference_Room_Door_L,1.33,0.10,-2.06
128.333,0,Conference_Room_Door_L,1.33,0.10,-2.06
128.375,0,Conference_Room_Door_L,1.33,0.11,-2.06
128.403,0,Conference_Room_Door_L,1.33,0.12,-2.06
128.444,0,Conference_Room_Door_L,1.33,0.12,-2.05
128.472,0,Conference_Room_Door_L,1.33,0.12,-2.04
128.500,0,Conference_Room_Door_L,1.33,0.12,-2.04
128.542,0,Conference_Room_Door_L,1.33,0.12,-2.04
128.570,0,Conference_Room_Door_L,1.33,0.13,-2.04
128.611,0,Conference_Room_Door_L,1.33,0.13,-2.03
128.639,0,Conference_Room_Door_L,1.33,0.12,-2.03
128.667,0,Conference_Room_Door_L,1.33,0.13,-2.03
128.709,0,Conference_Room_Door_L,1.33,0.13,-2.03
128.736,0,Conference_Room_Door_L,1.33,0.13,-2.03
128.778,0,Conference_Room_Door_L,1.33,0.14,-2.04
128.806,0,Conference_Room_Door_L,1.33,0.14,-2.04
128.834,0,Conference_Room_Door_L,1.33,0.14,-2.04
128.876,0,Conference_Room_Door_L,1.33,0.14,-2.04
128.904,0,Conference_Room_Door_L,1.33,0.14,-2.03
128.933,0,Conference_Room_Door_L,1.33,0.13,-2.03
128.973,0,Conference_Room_Door_L,1.33,0.12,-2.03
129.001,0,Conference_Room_Door_L,1.33,0.11,-2.03
129.042,0,Conference_Room_Door_L,1.33,0.11,-2.03
129.070,0,Conference_Room_Door_L,1.33,0.11,-2.03
129.099,0,Conference_Room_Door_L,1.33,0.11,-2.03
129.140,0,Conference_Room_Door_L,1.33,0.11,-2.03
129.168,0,Conference_Room_Door_L,1.33,0.11,-2.03
129.210,0,Conference_Room_Door_L,1.33,0.11,-2.03
129.238,0,Conference_Room_Door_L,1.33,0.11,-2.03
129.266,0,Conference_Room_Door_L,1.33,0.11,-2.03
129.307,0,Conference_Room_Door_L,1.33,0.11,-2.03
129.335,0,Conference_Room_Door_L,1.33,0.11,-2.02
129.377,0,Conference_Room_Door_L,1.33,0.11,-2.01
129.405,0,Conference_Room_Door_L,1.33,0.11,-2.00
129.432,0,Conference_Room_Door_L,1.33,0.11,-1.99
129.475,0,Conference_Room_Door_L,1.33,0.10,-1.98
129.503,0,Conference_Room_Door_L,1.33,0.10,-1.97
129.544,0,Conference_Room_Door_L,1.33,0.11,-1.97
129.572,0,Conference_Room_Door_L,1.33,0.12,-1.97
129.600,0,Conference_Room_Door_L,1.33,0.12,-1.98
129.641,0,Conference_Room_Door_L,1.33,0.13,-1.98
129.669,0,Conference_Room_Door_L,1.33,0.13,-1.99
129.711,0,Conference_Room_Door_L,1.33,0.14,-1.99
129.739,0,Conference_Room_Door_L,1.33,0.14,-1.99
129.767,0,Conference_Room_Door_L,1.33,0.14,-2.00
129.808,0,Conference_Room_Door_L,1.33,0.12,-2.00
129.836,0,Conference_Room_Door_L,1.33,0.12,-2.00
129.878,0,Conference_Room_Door_L,1.33,0.11,-2.00
129.906,0,Conference_Room_Door_L,1.33,0.11,-2.01
129.934,0,Conference_Room_Door_L,1.33,0.10,-2.00
129.976,0,Conference_Room_Door_L,1.33,0.10,-2.01
130.003,0,Conference_Room_Door_L,1.33,0.10,-2.01
130.045,0,Conference_Room_Door_L,1.33,0.10,-2.01
130.073,0,Conference_Room_Door_L,1.33,0.10,-2.01
130.101,0,Conference_Room_Door_L,1.33,0.10,-2.01
130.143,0,Conference_Room_Door_L,1.33,0.10,-2.01
130.170,0,Conference_Room_Door_L,1.33,0.10,-2.01
130.212,0,Conference_Room_Door_L,1.33,0.10,-2.01
130.240,0,Conference_Room_Door_L,1.33,0.10,-2.00
130.269,0,Conference_Room_Door_L,1.33,0.10,-2.00
130.310,0,Conference_Room_Door_L,1.33,0.10,-2.00
130.337,0,Conference_Room_Door_L,1.33,0.11,-2.00
130.379,0,Conference_Room_Door_L,1.33,0.12,-1.99
130.407,0,Conference_Room_Door_L,1.33,0.12,-1.99
130.435,0,Conference_Room_Door_L,1.33,0.12,-1.99
130.477,0,Conference_Room_Door_L,1.33,0.13,-1.98
130.505,0,Conference_Room_Door_L,1.33,0.13,-1.98
130.533,0,Conference_Room_Door_L,1.33,0.12,-1.97
130.575,0,Conference_Room_Door_L,1.33,0.11,-1.97
130.604,0,Conference_Room_Door_L,1.33,0.11,-1.97
130.644,0,Conference_Room_Door_L,1.33,0.12,-1.97
130.671,0,Conference_Room_Door_L,1.33,0.12,-1.98
130.700,0,Conference_Room_Door_L,1.33,0.13,-1.98
130.741,0,Conference_Room_Door_L,1.33,0.13,-1.99
130.769,0,Conference_Room_Door_L,1.33,0.13,-2.00
130.811,0,Conference_Room_Door_L,1.33,0.14,-2.01
130.839,0,Conference_Room_Door_L,1.33,0.13,-2.01
130.867,0,Conference_Room_Door_L,1.33,0.13,-2.02
130.908,0,Conference_Room_Door_L,1.33,0.12,-2.02
130.937,0,Conference_Room_Door_L,1.33,0.12,-2.02
130.978,0,Conference_Room_Door_L,1.33,0.11,-2.02
131.006,0,Conference_Room_Door_L,1.33,0.11,-2.02
131.034,0,Conference_Room_Door_L,1.33,0.12,-2.02
131.076,0,Conference_Room_Door_L,1.33,0.11,-2.02
131.103,0,Conference_Room_Door_L,1.33,0.12,-2.03
131.145,0,Conference_Room_Door_L,1.33,0.12,-2.04
131.173,0,Conference_Room_Door_L,1.33,0.12,-2.04
131.201,0,Conference_Room_Door_L,1.33,0.12,-2.04
131.243,0,Conference_Room_Door_L,1.33,0.12,-2.04
131.271,0,Conference_Room_Door_L,1.33,0.11,-2.04
131.312,0,Conference_Room_Door_L,1.33,0.11,-2.04
131.340,0,Conference_Room_Door_L,1.33,0.11,-2.04
131.368,0,Conference_Room_Door_L,1.33,0.11,-2.04
131.410,0,Conference_Room_Door_L,1.33,0.11,-2.04
131.438,0,Conference_Room_Door_L,1.33,0.11,-2.04
131.479,0,Conference_Room_Door_L,1.33,0.12,-2.03
131.507,0,Conference_Room_Door_L,1.33,0.12,-2.03
131.535,0,Conference_Room_Door_L,1.33,0.11,-2.02
131.577,0,Conference_Room_Door_L,1.33,0.12,-2.02
131.605,0,Conference_Room_Door_L,1.33,0.12,-2.03
131.633,0,Conference_Room_Door_L,1.33,0.12,-2.03
131.674,0,Conference_Room_Door_L,1.33,0.12,-2.03
131.702,0,Conference_Room_Door_L,1.33,0.12,-2.04
131.744,0,Conference_Room_Door_L,1.33,0.13,-2.03
131.772,0,Conference_Room_Door_L,1.33,0.14,-2.03
131.813,0,Conference_Room_Door_L,1.33,0.14,-2.04
131.841,0,Conference_Room_Door_L,1.33,0.14,-2.04
131.869,0,Conference_Room_Door_L,1.33,0.14,-2.04
131.911,0,Conference_Room_Door_L,1.33,0.13,-2.05
131.939,0,Conference_Room_Door_L,1.33,0.13,-2.05
131.967,0,Conference_Room_Door_L,1.33,0.12,-2.05
132.008,0,Conference_Room_Door_L,1.33,0.12,-2.05
132.036,0,Conference_Room_Door_L,1.33,0.14,-2.04
132.078,0,Conference_Room_Door_L,1.33,0.13,-2.05
132.106,0,Conference_Room_Door_L,1.33,0.14,-2.06
132.134,0,Conference_Room_Door_L,1.33,0.15,-2.06
132.176,0,Conference_Room_Door_L,1.33,0.16,-2.07
132.203,0,Conference_Room_Door_L,1.33,0.17,-2.08
132.245,0,Conference_Room_Door_L,1.33,0.18,-2.08
132.273,0,Conference_Room_Door_L,1.33,0.18,-2.08
132.300,0,Conference_Room_Door_L,1.33,0.18,-2.08
132.342,0,Conference_Room_Door_L,1.33,0.18,-2.07
132.370,0,Conference_Room_Door_L,1.33,0.18,-2.06
132.412,0,Conference_Room_Door_L,1.33,0.18,-2.06
132.440,0,Conference_Room_Door_L,1.33,0.19,-2.05
132.469,0,Conference_Room_Door_L,1.33,0.19,-2.05
132.510,0,Conference_Room_Door_L,1.33,0.19,-2.04
132.537,0,Conference_Room_Door_L,1.33,0.19,-2.04
132.579,0,Conference_Room_Door_L,1.33,0.21,-2.04
132.607,0,Conference_Room_Door_L,1.33,0.22,-2.04
132.637,0,Conference_Room_Door_L,1.33,0.22,-2.05
132.676,0,Conference_Room_Door_L,1.33,0.23,-2.04
132.705,0,Conference_Room_Door_L,1.33,0.23,-2.04
132.746,0,Conference_Room_Door_L,1.33,0.24,-2.04
132.774,0,Conference_Room_Door_L,1.33,0.24,-2.04
132.802,0,Conference_Room_Door_L,1.33,0.24,-2.03
132.843,0,Conference_Room_Door_L,1.33,0.25,-2.04
132.871,0,Conference_Room_Door_L,1.33,0.25,-2.04
132.914,0,Conference_Room_Door_L,1.33,0.25,-2.04
132.941,0,Conference_Room_Door_L,1.33,0.25,-2.04
132.968,0,Conference_Room_Door_L,1.33,0.24,-2.05
133.010,0,Conference_Room_Door_L,1.33,0.23,-2.06
133.038,0,Conference_Room_Door_L,1.33,0.23,-2.06
133.066,0,Conference_Room_Door_L,1.33,0.23,-2.06
133.108,0,Conference_Room_Door_L,1.33,0.22,-2.07
133.136,0,Conference_Room_Door_L,1.33,0.21,-2.07
133.178,0,Conference_Room_Door_L,1.33,0.22,-2.07
133.206,0,Conference_Room_Door_L,1.33,0.20,-2.07
133.233,0,Conference_Room_Door_L,1.33,0.21,-2.07
133.275,0,Conference_Room_Door_L,1.33,0.21,-2.07
133.303,0,Conference_Room_Door_L,1.33,0.21,-2.06
133.345,0,Conference_Room_Door_L,1.33,0.22,-2.07
133.373,0,Conference_Room_Door_L,1.33,0.21,-2.06
133.400,0,Conference_Room_Door_L,1.33,0.21,-2.06
133.442,0,Conference_Room_Door_L,1.33,0.22,-2.06
133.470,0,Conference_Room_Door_L,1.33,0.22,-2.06
133.512,0,Conference_Room_Door_L,1.33,0.22,-2.06
133.540,0,Conference_Room_Door_L,1.33,0.22,-2.06
133.568,0,Conference_Room_Door_L,1.33,0.23,-2.05
133.609,0,Conference_Room_Door_L,1.33,0.24,-2.06
133.637,0,Conference_Room_Door_L,1.33,0.24,-2.06
133.679,0,Conference_Room_Door_L,1.33,0.24,-2.05
133.708,0,Conference_Room_Door_L,1.33,0.24,-2.05
133.734,0,Conference_Room_Door_L,1.33,0.24,-2.05
133.776,0,Conference_Room_Door_L,1.33,0.23,-2.05
133.805,0,Conference_Room_Door_L,1.33,0.23,-2.05
133.846,0,Conference_Room_Door_L,1.33,0.23,-2.05
133.874,0,Conference_Room_Door_L,1.33,0.22,-2.05
133.902,0,Conference_Room_Door_L,1.33,0.22,-2.05
133.944,0,Conference_Room_Door_L,1.33,0.22,-2.06
133.972,0,Conference_Room_Door_L,1.33,0.22,-2.06
134.013,0,Conference_Room_Door_L,1.33,0.22,-2.06
134.042,0,Conference_Room_Door_L,1.33,0.23,-2.06
134.069,0,Conference_Room_Door_L,1.33,0.23,-2.07
134.111,0,Conference_Room_Door_L,1.33,0.23,-2.07
134.139,0,Conference_Room_Door_L,1.33,0.22,-2.07
134.167,0,Conference_Room_Door_L,1.33,0.23,-2.07
134.208,0,Conference_Room_Door_L,1.33,0.23,-2.07
134.236,0,Conference_Room_Door_L,1.33,0.23,-2.07
134.277,0,Conference_Room_Door_L,1.33,0.22,-2.06
134.306,0,Conference_Room_Door_L,1.33,0.22,-2.06
134.348,0,Conference_Room_Door_L,1.33,0.22,-2.07
134.376,0,Conference_Room_Door_L,1.33,0.22,-2.07
134.403,0,Conference_Room_Door_L,1.33,0.23,-2.08
134.445,0,Conference_Room_Door_L,1.33,0.22,-2.09
134.472,0,Conference_Room_Door_L,1.33,0.21,-2.09
134.500,0,Conference_Room_Door_L,1.33,0.21,-2.09
134.542,0,Conference_Room_Door_L,1.33,0.21,-2.09
134.570,0,Conference_Room_Door_L,1.33,0.22,-2.08
134.612,0,Conference_Room_Door_L,1.33,0.22,-2.08
134.639,0,Conference_Room_Door_L,1.33,0.22,-2.08
134.667,0,Conference_Room_Door_L,1.33,0.22,-2.08
134.709,0,Conference_Room_Door_L,1.33,0.22,-2.08
134.737,0,Conference_Room_Door_L,1.33,0.22,-2.09
134.778,0,Conference_Room_Door_L,1.33,0.22,-2.09
134.806,0,Conference_Room_Door_L,1.33,0.22,-2.09
134.834,0,Conference_Room_Door_L,1.33,0.21,-2.10
134.876,0,Conference_Room_Door_L,1.33,0.21,-2.10
134.904,0,Conference_Room_Door_L,1.33,0.20,-2.10
134.946,0,Conference_Room_Door_L,1.33,0.21,-2.10
134.974,0,Conference_Room_Door_L,1.33,0.21,-2.10
135.001,0,Conference_Room_Door_L,1.33,0.22,-2.10
135.043,0,Conference_Room_Door_L,1.33,0.21,-2.10
135.072,0,Conference_Room_Door_L,1.33,0.21,-2.10
135.113,0,Conference_Room_Door_L,1.33,0.21,-2.11
135.141,0,Conference_Room_Door_L,1.33,0.21,-2.11
135.168,0,Conference_Room_Door_L,1.33,0.21,-2.11
135.210,0,Conference_Room_Door_L,1.33,0.21,-2.11
135.238,0,Conference_Room_Door_L,1.33,0.21,-2.10
135.280,0,Conference_Room_Door_L,1.33,0.22,-2.10
135.308,0,Conference_Room_Door_L,1.33,0.22,-2.10
135.336,0,Conference_Room_Door_L,1.33,0.22,-2.10
135.377,0,Conference_Room_Door_L,1.33,0.23,-2.10
135.404,0,Conference_Room_Door_L,1.33,0.22,-2.09
135.447,0,Conference_Room_Door_L,1.33,0.23,-2.09
135.475,0,Conference_Room_Door_L,1.33,0.23,-2.08
135.503,0,Conference_Room_Door_L,1.33,0.23,-2.08
135.545,0,Conference_Room_Door_L,1.33,0.23,-2.08
135.572,0,Conference_Room_Door_L,1.33,0.23,-2.08
135.600,0,Conference_Room_Door_L,1.33,0.23,-2.08
135.642,0,Conference_Room_Door_L,1.33,0.23,-2.09
135.669,0,Conference_Room_Door_L,1.33,0.23,-2.10
135.711,0,Conference_Room_Door_L,1.33,0.22,-2.11
135.739,0,Conference_Room_Door_L,1.33,0.22,-2.11
135.767,0,Conference_Room_Door_L,1.33,0.22,-2.11
135.809,0,Conference_Room_Door_L,1.33,0.22,-2.10
135.837,0,Conference_Room_Door_L,1.33,0.22,-2.10
135.879,0,Conference_Room_Door_L,1.33,0.22,-2.09
135.906,0,Conference_Room_Door_L,1.33,0.22,-2.10
135.934,0,Conference_Room_Door_L,1.33,0.22,-2.10
135.976,0,Conference_Room_Door_L,1.33,0.22,-2.11
136.003,0,Conference_Room_Door_L,1.33,0.23,-2.12
136.046,0,Conference_Room_Door_L,1.33,0.22,-2.14
136.074,0,Conference_Room_Door_L,1.33,0.24,-2.17
136.101,0,Conference_Room_Door_L,1.33,0.23,-2.19
136.143,0,Conference_Room_Door_L,1.33,0.23,-2.24
136.171,0,Conference_Room_Door_L,1.33,0.24,-2.26
136.213,0,Conference_Room_Door_L,1.33,0.24,-2.30
136.240,0,Conference_Room_Door_L,1.33,0.24,-2.33
136.269,0,Conference_Room_Door_L,1.33,0.24,-2.35
136.310,0,Conference_Room_Door_L,1.33,0.25,-2.39
136.338,0,Conference_Room_Door_L,1.33,0.25,-2.41
136.380,0,Conference_Room_Door_L,1.33,0.25,-2.44
136.407,0,Conference_Room_Door_L,1.33,0.25,-2.46
136.435,0,Conference_Room_Door_L,1.33,0.26,-2.48
136.477,0,Conference_Room_Door_L,1.33,0.27,-2.50
136.505,0,Conference_Room_Door_L,1.33,0.26,-2.51
136.547,0,Conference_Room_Door_L,1.33,0.25,-2.51
136.575,0,Conference_Room_Door_L,1.33,0.26,-2.50
136.604,0,Conference_Room_Door_L,1.33,0.27,-2.51
136.645,0,Conference_Room_Door_L,1.33,0.27,-2.52
136.672,0,Conference_Room_Door_L,1.33,0.26,-2.53
136.714,0,Conference_Room_Door_L,1.33,0.26,-2.54
136.742,0,Conference_Room_Door_L,1.33,0.26,-2.55
136.770,0,Conference_Room_Door_L,1.33,0.26,-2.56
136.811,0,Conference_Room_Door_L,1.33,0.26,-2.56
136.840,0,Conference_Room_Door_L,1.33,0.25,-2.56
136.867,0,Conference_Room_Door_L,1.33,0.25,-2.56
136.909,0,Conference_Room_Door_L,1.33,0.23,-2.56
136.937,0,Conference_Room_Door_L,1.33,0.23,-2.56
136.978,0,Conference_Room_Door_L,1.33,0.23,-2.55
137.007,0,Conference_Room_Door_L,1.33,0.23,-2.55
137.035,0,Conference_Room_Door_L,1.33,0.24,-2.55
137.076,0,Conference_Room_Door_L,1.33,0.23,-2.54
137.104,0,Conference_Room_Door_L,1.33,0.23,-2.54
137.146,0,Conference_Room_Door_L,1.33,0.23,-2.54
137.174,0,Conference_Room_Door_L,1.33,0.23,-2.54
137.202,0,Conference_Room_Door_L,1.33,0.23,-2.54
137.244,0,Conference_Room_Door_L,1.33,0.24,-2.54
137.271,0,Conference_Room_Door_L,1.33,0.24,-2.54
137.313,0,Conference_Room_Door_L,1.33,0.24,-2.54
137.341,0,Conference_Room_Door_L,1.33,0.24,-2.54
137.369,0,Conference_Room_Door_L,1.33,0.25,-2.54
137.410,0,Conference_Room_Door_L,1.33,0.25,-2.55
137.438,0,Conference_Room_Door_L,1.33,0.26,-2.54
137.480,0,Conference_Room_Door_L,1.33,0.26,-2.53
137.508,0,Conference_Room_Door_L,1.33,0.27,-2.53
137.536,0,Conference_Room_Door_L,1.33,0.26,-2.53
137.577,0,Conference_Room_Door_L,1.33,0.25,-2.54
137.605,0,Conference_Room_Door_L,1.33,0.24,-2.55
137.647,0,Conference_Room_Door_L,1.33,0.23,-2.55
137.675,0,Conference_Room_Door_L,1.33,0.23,-2.55
137.703,0,Conference_Room_Door_L,1.33,0.23,-2.54
137.745,0,Conference_Room_Door_L,1.33,0.23,-2.53
137.772,0,Conference_Room_Door_L,1.33,0.23,-2.53
137.814,0,Conference_Room_Door_L,1.33,0.23,-2.53
137.842,0,Conference_Room_Door_L,1.33,0.24,-2.53
137.870,0,Conference_Room_Door_L,1.33,0.23,-2.53
137.912,0,Conference_Room_Door_L,1.33,0.23,-2.53
137.939,0,Conference_Room_Door_L,1.33,0.25,-2.53
137.968,0,Conference_Room_Door_L,1.33,0.24,-2.53
138.009,0,Conference_Room_Door_L,1.33,0.23,-2.53
138.037,0,Conference_Room_Door_L,1.33,0.23,-2.53
138.079,0,Conference_Room_Door_L,1.33,0.23,-2.53
138.106,0,Conference_Room_Door_L,1.33,0.23,-2.53
138.147,0,Conference_Room_Door_L,1.33,0.23,-2.51
138.175,0,Conference_Room_Door_L,1.33,0.23,-2.51
138.203,0,Conference_Room_Door_L,1.33,0.23,-2.50
138.245,0,Conference_Room_Door_L,1.33,0.23,-2.50
138.273,0,Conference_Room_Door_L,1.33,0.23,-2.50
138.301,0,Conference_Room_Door_L,1.33,0.23,-2.51
138.343,0,Conference_Room_Door_L,1.33,0.23,-2.51
138.371,0,Conference_Room_Door_L,1.33,0.22,-2.51
138.413,0,Conference_Room_Door_L,1.33,0.22,-2.52
138.441,0,Conference_Room_Door_L,1.33,0.22,-2.52
138.468,0,Conference_Room_Door_L,1.33,0.22,-2.52
138.510,0,Conference_Room_Door_L,1.33,0.21,-2.51
138.538,0,Conference_Room_Door_L,1.33,0.21,-2.51
138.580,0,Conference_Room_Door_L,1.33,0.22,-2.51
138.607,0,Conference_Room_Door_L,1.33,0.23,-2.51
138.635,0,Conference_Room_Door_L,1.33,0.23,-2.51
138.679,0,Conference_Room_Door_L,1.33,0.23,-2.50
138.705,0,Conference_Room_Door_L,1.33,0.22,-2.50
138.746,0,Conference_Room_Door_L,1.33,0.24,-2.50
138.775,0,Conference_Room_Door_L,1.33,0.23,-2.50
138.803,0,Conference_Room_Door_L,1.33,0.23,-2.51
138.844,0,Conference_Room_Door_L,1.33,0.24,-2.51
138.872,0,Conference_Room_Door_L,1.33,0.24,-2.51
138.914,0,Conference_Room_Door_L,1.33,0.24,-2.49
138.975,0,Conference_Room_Door_L,1.33,0.25,-2.49
138.975,0,Conference_Room_Door_L,1.33,0.25,-2.49
139.012,0,Conference_Room_Door_L,1.33,0.26,-2.48
139.039,0,Conference_Room_Door_L,1.33,0.26,-2.49
139.081,0,Conference_Room_Door_L,1.33,0.26,-2.49
139.109,0,Conference_Room_Door_L,1.33,0.25,-2.49
139.137,0,Conference_Room_Door_L,1.33,0.26,-2.49
139.178,0,Conference_Room_Door_L,1.33,0.26,-2.48
139.206,0,Conference_Room_Door_L,1.33,0.25,-2.49
139.248,0,Conference_Room_Door_L,1.33,0.25,-2.50
139.276,0,Conference_Room_Door_L,1.33,0.25,-2.50
139.304,0,Conference_Room_Door_L,1.33,0.26,-2.50
139.345,0,Conference_Room_Door_L,1.33,0.26,-2.50
139.374,0,Conference_Room_Door_L,1.33,0.26,-2.50
139.401,0,Conference_Room_Door_L,1.33,0.26,-2.49
139.444,0,Conference_Room_Door_L,1.33,0.26,-2.49
139.471,0,Conference_Room_Door_L,1.33,0.26,-2.48
139.514,0,Conference_Room_Door_L,1.33,0.26,-2.47
139.542,0,Conference_Room_Door_L,1.33,0.26,-2.47
139.599,0,Conference_Room_Door_L,1.33,0.26,-2.48
139.625,0,Conference_Room_Door_L,1.33,0.27,-2.48
139.638,0,Conference_Room_Door_L,1.33,0.27,-2.48
139.680,0,Conference_Room_Door_L,1.33,0.28,-2.49
139.708,0,Conference_Room_Door_L,1.33,0.28,-2.49
139.737,0,Conference_Room_Door_L,1.33,0.28,-2.49
139.782,0,Conference_Room_Door_L,1.33,0.28,-2.49
139.810,0,Conference_Room_Door_L,1.33,0.28,-2.49
139.839,0,Conference_Room_Door_L,1.33,0.29,-2.49
139.869,0,Conference_Room_Door_L,1.33,0.30,-2.48
139.905,0,Conference_Room_Door_L,1.33,0.29,-2.49
139.943,0,None,0,0,0
139.987,0,Conference_Room_Door_L,1.33,0.29,-2.47
140.027,0,Conference_Room_Door_L,1.33,0.29,-2.47
140.046,0,Conference_Room_Door_L,1.33,0.30,-2.46
140.082,0,Conference_Room_Door_L,1.33,0.30,-2.45
140.111,0,Conference_Room_Door_L,1.33,0.30,-2.45
140.139,0,Conference_Room_Door_L,1.33,0.30,-2.45
140.195,0,Conference_Room_Door_L,1.33,0.30,-2.46
140.223,0,Conference_Room_Door_L,1.33,0.30,-2.46
140.250,0,Conference_Room_Door_L,1.33,0.30,-2.46
140.292,0,None,0,0,0
140.321,0,Conference_Room_Door_L,1.33,0.30,-2.46
140.347,0,Conference_Room_Door_L,1.33,0.30,-2.45
140.376,0,Conference_Room_Door_L,1.33,0.30,-2.45
140.416,0,Conference_Room_Door_L,1.33,0.30,-2.44
140.447,0,Conference_Room_Door_L,1.33,0.30,-2.44
140.472,0,Conference_Room_Door_L,1.33,0.30,-2.44
140.502,0,Conference_Room_Door_L,1.33,0.30,-2.43
140.542,0,None,0,0,0
140.575,0,None,0,0,0
140.604,0,Conference_Room_Door_L,1.33,0.30,-2.44
140.653,0,Conference_Room_Door_L,1.33,0.30,-2.44
140.681,0,Conference_Room_Door_L,1.33,0.30,-2.45
140.711,0,Conference_Room_Door_L,1.33,0.30,-2.45
140.747,0,Conference_Room_Door_L,1.33,0.30,-2.45
140.781,0,Conference_Room_Door_L,1.33,0.30,-2.44
140.820,0,Conference_Room_Door_L,1.33,0.30,-2.44
140.847,0,Conference_Room_Door_L,1.33,0.30,-2.44
140.876,0,None,0,0,0
140.903,0,None,0,0,0
140.945,0,None,0,0,0
140.974,0,None,0,0,0
141.016,0,None,0,0,0
141.044,0,None,0,0,0
141.073,0,Conference_Room_Door_L,1.33,0.30,-2.40
141.114,0,Conference_Room_Door_L,1.33,0.30,-2.40
141.154,0,Conference_Room_Door_L,1.33,0.30,-2.41
141.168,0,None,0,0,0
141.210,0,Conference_Room_Door_L,1.33,0.30,-2.41
141.238,0,Conference_Room_Door_L,1.33,0.30,-2.42
141.280,0,None,0,0,0
141.308,0,None,0,0,0
141.335,0,Conference_Room_Door_L,1.33,0.29,-2.41
141.380,0,Conference_Room_Door_L,1.33,0.30,-2.41
141.405,0,Conference_Room_Door_L,1.33,0.30,-2.41
141.447,0,Conference_Room_Door_L,1.33,0.30,-2.40
141.475,0,Conference_Room_Door_L,1.33,0.30,-2.40
141.503,0,Conference_Room_Door_L,1.33,0.30,-2.40
141.544,0,Conference_Room_Door_L,1.33,0.30,-2.39
141.573,0,Conference_Room_Door_L,1.33,0.30,-2.39
141.614,0,Conference_Room_Door_L,1.33,0.29,-2.39
141.642,0,Conference_Room_Door_L,1.33,0.29,-2.39
141.670,0,Conference_Room_Door_L,1.33,0.30,-2.40
141.711,0,None,0,0,0
141.739,0,Conference_Room_Door_L,1.33,0.30,-2.40
141.781,0,Conference_Room_Door_L,1.33,0.30,-2.40
141.809,0,Conference_Room_Door_L,1.33,0.29,-2.39
141.837,0,Conference_Room_Door_L,1.33,0.29,-2.39
141.879,0,Conference_Room_Door_L,1.33,0.29,-2.38
141.906,0,Conference_Room_Door_L,1.33,0.30,-2.38
141.949,0,Conference_Room_Door_L,1.33,0.29,-2.38
141.977,0,Conference_Room_Door_L,1.33,0.29,-2.37
142.004,0,Conference_Room_Door_L,1.33,0.29,-2.37
142.046,0,Conference_Room_Door_L,1.33,0.30,-2.37
142.074,0,Conference_Room_Door_L,1.33,0.29,-2.37
142.116,0,Conference_Room_Door_L,1.33,0.29,-2.37
142.143,0,Conference_Room_Door_L,1.33,0.28,-2.37
142.171,0,Conference_Room_Door_L,1.33,0.28,-2.37
142.213,0,Conference_Room_Door_L,1.33,0.27,-2.37
142.241,0,Conference_Room_Door_L,1.33,0.28,-2.37
142.269,0,Conference_Room_Door_L,1.33,0.28,-2.36
142.311,0,Conference_Room_Door_L,1.33,0.29,-2.36
142.338,0,Conference_Room_Door_L,1.33,0.29,-2.36
142.381,0,Conference_Room_Door_L,1.33,0.29,-2.36
142.408,0,Conference_Room_Door_L,1.33,0.30,-2.37
142.436,0,Conference_Room_Door_L,1.33,0.30,-2.37
142.478,0,Conference_Room_Door_L,1.33,0.30,-2.37
142.505,0,None,0,0,0
142.547,0,Conference_Room_Door_L,1.33,0.30,-2.36
142.575,0,None,0,0,0
142.602,0,None,0,0,0
142.644,0,None,0,0,0
142.672,0,None,0,0,0
142.715,0,None,0,0,0
142.743,0,None,0,0,0
142.771,0,None,0,0,0
142.813,0,Wall_3mx20cm_Conference_Door,1.22,0.35,-2.37
142.840,0,Wall_3mx20cm_Conference_Door,1.25,0.35,-2.37
142.868,0,Wall_3mx20cm_Conference_Door,1.25,0.35,-2.37
142.909,0,Wall_3mx20cm_Conference_Door,1.29,0.35,-2.37
142.937,0,Wall_3mx20cm_Conference_Door,1.37,0.35,-2.37
142.979,0,Wall_3mx20cm_Conference_Door,1.41,0.36,-2.36
143.007,0,Wall_3mx20cm_Conference_Door,1.41,0.36,-2.37
143.049,0,Wall_3mx20cm_Conference_Door,1.41,0.36,-2.36
143.076,0,Wall_3mx20cm_Conference_Door,1.41,0.36,-2.36
143.104,0,Wall_3mx20cm_Conference_Door,1.41,0.37,-2.36
143.147,0,Wall_3mx20cm_Conference_Door,1.41,0.39,-2.35
143.175,0,Timer,1.44,0.39,-2.34
143.203,0,Timer,1.47,0.39,-2.33
143.243,0,Timer,1.47,0.40,-2.32
143.271,0,Timer,1.47,0.40,-2.31
143.313,0,Timer,1.47,0.40,-2.30
143.341,0,Timer,1.47,0.41,-2.29
143.369,0,Timer,1.47,0.41,-2.28
143.411,0,Timer,1.47,0.40,-2.26
143.439,0,Timer,1.47,0.40,-2.24
143.480,0,Timer,1.47,0.40,-2.21
143.508,0,Timer,1.47,0.40,-2.19
143.536,0,Timer,1.47,0.42,-2.17
143.578,0,Timer,1.47,0.46,-2.12
143.606,0,Timer,1.47,0.47,-2.09
143.648,0,Timer,1.47,0.52,-2.03
143.675,0,Timer,1.47,0.56,-1.98
143.703,0,Timer,1.47,0.61,-1.92
143.745,0,Timer,1.47,0.75,-1.81
143.773,0,Timer,1.47,0.88,-1.72
143.814,0,Wall_3mx20cm_Conference_Door,1.41,1.14,-1.55
143.842,0,Wall_3mx20cm_Conference_Door,1.41,1.32,-1.41
143.870,0,Wall_3mx20cm_Conference_Door,1.41,1.50,-1.28
143.912,0,Ceiling_3x3m (6),1.55,1.70,-1.12
143.939,0,Ceiling_3x3m (7),1.89,1.70,-1.09
143.981,0,Ceiling_log_3m (21),2.46,1.57,-1.08
144.009,0,Ceiling_log_3m (21),2.46,1.62,-1.03
144.038,0,Ceiling_log_3m (21),2.46,1.64,-1.01
144.080,0,Ceiling_3x3m (7),2.48,1.70,-0.97
144.107,0,Ceiling_3x3m (7),2.56,1.70,-0.94
144.149,0,Ceiling_3x3m (7),2.62,1.70,-0.88
144.176,0,Ceiling_3x3m (7),2.59,1.70,-0.86
144.203,0,Ceiling_3x3m (7),2.58,1.70,-0.85
144.246,0,Ceiling_3x3m (7),2.63,1.70,-0.85
144.273,0,Ceiling_3x3m (7),2.64,1.70,-0.84
144.315,0,Ceiling_3x3m (7),2.66,1.70,-0.84
144.343,0,Ceiling_3x3m (7),2.70,1.70,-0.84
144.370,0,Ceiling_3x3m (7),2.74,1.70,-0.82
144.412,0,Ceiling_3x3m (7),2.77,1.70,-0.78
144.440,0,Ceiling_3x3m (7),2.78,1.70,-0.76
144.481,0,Ceiling_3x3m (7),2.78,1.70,-0.73
144.509,0,Ceiling_3x3m (7),2.77,1.70,-0.72
144.537,0,Ceiling_3x3m (7),2.74,1.70,-0.70
144.579,0,Ceiling_3x3m (7),2.70,1.70,-0.68
144.607,0,Ceiling_3x3m (7),2.69,1.70,-0.67
144.649,0,Ceiling_3x3m (7),2.69,1.70,-0.65
144.677,0,Ceiling_3x3m (7),2.69,1.70,-0.63
144.705,0,Ceiling_3x3m (7),2.69,1.70,-0.62
144.747,0,Ceiling_3x3m (7),2.63,1.70,-0.57
144.774,0,Ceiling_3x3m (7),2.58,1.70,-0.53
144.816,0,Ceiling_3x3m (7),2.53,1.70,-0.47
144.843,0,Ceiling_log_3m (21),2.46,1.69,-0.43
144.871,0,Ceiling_log_3m (21),2.46,1.65,-0.42
144.914,0,Ceiling_log_3m (21),2.46,1.65,-0.40
144.941,0,Ceiling_log_3m (21),2.46,1.65,-0.39
144.969,0,Ceiling_log_3m (21),2.46,1.64,-0.38
145.011,0,Ceiling_log_3m (21),2.46,1.62,-0.37
145.039,0,Ceiling_log_3m (21),2.46,1.63,-0.37
145.081,0,Ceiling_log_3m (21),2.46,1.62,-0.35
145.108,0,Ceiling_log_3m (21),2.46,1.61,-0.34
145.136,0,Ceiling_log_3m (21),2.46,1.59,-0.33
145.177,0,Wall_3mx20cm_Wood_Panels (2),2.47,1.57,-0.31
145.205,0,Wall_3mx20cm_Wood_Panels (2),2.50,1.53,-0.31
145.247,0,Wall_3mx20cm_Wood_Panels (2),2.56,1.50,-0.31
145.275,0,Wall_3mx20cm_Wood_Panels (2),2.59,1.47,-0.31
145.303,0,Wall_3mx20cm_Wood_Panels (2),2.62,1.45,-0.31
145.345,0,Wall_3mx20cm_Wood_Panels (2),2.67,1.43,-0.31
145.372,0,Wall_3mx20cm_Wood_Panels (2),2.68,1.41,-0.31
145.415,0,Wall_3mx20cm_Wood_Panels (2),2.69,1.39,-0.31
145.442,0,Wall_3mx20cm_Wood_Panels (2),2.72,1.39,-0.31
145.470,0,Wall_3mx20cm_Wood_Panels (2),2.74,1.39,-0.31
145.512,0,Wall_3mx20cm_Wood_Panels (2),2.76,1.37,-0.31
145.540,0,Wall_3mx20cm_Wood_Panels (2),2.77,1.36,-0.31
145.581,0,Wall_3mx20cm_Wood_Panels (2),2.80,1.34,-0.31
145.609,0,Wall_3mx20cm_Wood_Panels (2),2.83,1.32,-0.31
145.637,0,Wall_3mx20cm_Wood_Panels (2),2.85,1.30,-0.31
145.679,0,Wall_3mx20cm_Wood_Panels (2),2.86,1.27,-0.31
145.707,0,Wall_3mx20cm_Wood_Panels (2),2.88,1.27,-0.31
145.749,0,Wall_3mx20cm_Wood_Panels (2),2.88,1.27,-0.31
145.776,0,Wall_3mx20cm_Wood_Panels (2),2.87,1.26,-0.31
145.805,0,Wall_3mx20cm_Wood_Panels (2),2.86,1.26,-0.31
145.846,0,Wall_3mx20cm_Wood_Panels (2),2.85,1.29,-0.31
145.874,0,Wall_3mx20cm_Wood_Panels (2),2.84,1.28,-0.31
145.916,0,Wall_3mx20cm_Wood_Panels (2),2.84,1.28,-0.31
145.944,0,Wall_3mx20cm_Wood_Panels (2),2.82,1.27,-0.31
145.972,0,Wall_3mx20cm_Wood_Panels (2),2.81,1.26,-0.31
146.013,0,Wall_3mx20cm_Wood_Panels (2),2.79,1.26,-0.31
146.041,0,Wall_3mx20cm_Wood_Panels (2),2.78,1.27,-0.31
146.069,0,Wall_3mx20cm_Wood_Panels (2),2.76,1.28,-0.31
146.111,0,Wall_3mx20cm_Wood_Panels (2),2.75,1.27,-0.31
146.139,0,Wall_3mx20cm_Wood_Panels (2),2.74,1.26,-0.31
146.180,0,Wall_3mx20cm_Wood_Panels (2),2.73,1.27,-0.31
146.208,0,Wall_3mx20cm_Wood_Panels (2),2.74,1.27,-0.31
146.236,0,Wall_3mx20cm_Wood_Panels (2),2.75,1.26,-0.31
146.278,0,Wall_3mx20cm_Wood_Panels (2),2.78,1.27,-0.31
146.305,0,Wall_3mx20cm_Wood_Panels (2),2.81,1.25,-0.31
146.347,0,Wall_3mx20cm_Wood_Panels (2),2.83,1.21,-0.31
146.375,0,Wall_3mx20cm_Wood_Panels (2),2.84,1.20,-0.31
146.403,0,Wall_3mx20cm_Wood_Panels (2),2.86,1.19,-0.31
146.445,0,Wall_3mx20cm_Wood_Panels (2),2.88,1.18,-0.31
146.473,0,Wall_3mx20cm_Wood_Panels (2),2.90,1.17,-0.31
146.515,0,Wall_3mx20cm_Wood_Panels (2),2.91,1.16,-0.31
146.542,0,Wall_3mx20cm_Wood_Panels (2),2.93,1.16,-0.31
146.570,0,Wall_3mx20cm_Wood_Panels (2),2.95,1.14,-0.31
146.611,0,Wall_3mx20cm_Wood_Panels (2),2.98,1.14,-0.31
146.640,0,Wall_3mx20cm_Wood_Panels (2),3.00,1.13,-0.31
146.681,0,Wall_3mx20cm_Wood_Panels (2),3.01,1.11,-0.31
146.709,0,Wall_3mx20cm_Wood_Panels (2),3.03,1.11,-0.31
146.737,0,Wall_3mx20cm_Wood_Panels (2),3.04,1.10,-0.31
146.778,0,Wall_3mx20cm_Wood_Panels (2),3.05,1.09,-0.31
146.806,0,Wall_3mx20cm_Wood_Panels (2),3.05,1.09,-0.31
146.848,0,Wall_3mx20cm_Wood_Panels (2),3.06,1.10,-0.31
146.877,0,Wall_3mx20cm_Wood_Panels (2),3.07,1.10,-0.31
146.904,0,Wall_3mx20cm_Wood_Panels (2),3.09,1.10,-0.31
146.945,0,Wall_3mx20cm_Wood_Panels (2),3.10,1.08,-0.31
146.973,0,Wall_3mx20cm_Wood_Panels (2),3.09,1.06,-0.31
147.015,0,Wall_3mx20cm_Wood_Panels (2),3.11,1.07,-0.31
147.042,0,Wall_3mx20cm_Wood_Panels (2),3.10,1.06,-0.31
147.071,0,Wall_3mx20cm_Wood_Panels (2),3.10,1.08,-0.31
147.112,0,Wall_3mx20cm_Wood_Panels (2),3.10,1.07,-0.31
147.141,0,Wall_3mx20cm_Wood_Panels (2),3.11,1.07,-0.31
147.169,0,Wall_3mx20cm_Wood_Panels (2),3.10,1.07,-0.31
147.210,0,Wall_3mx20cm_Wood_Panels (2),3.09,1.07,-0.31
147.237,0,Wall_3mx20cm_Wood_Panels (2),3.09,1.08,-0.31
147.280,0,Wall_3mx20cm_Wood_Panels (2),3.08,1.06,-0.31
147.308,0,Wall_3mx20cm_Wood_Panels (2),3.09,1.06,-0.31
147.349,0,Wall_3mx20cm_Wood_Panels (2),3.09,1.05,-0.31
147.377,0,Wall_3mx20cm_Wood_Panels (2),3.09,1.04,-0.31
147.404,0,Wall_3mx20cm_Wood_Panels (2),3.09,1.03,-0.31
147.446,0,Wall_3mx20cm_Wood_Panels (2),3.10,1.04,-0.31
147.475,0,Wall_3mx20cm_Wood_Panels (2),3.12,1.03,-0.31
147.516,0,Wall_3mx20cm_Wood_Panels (2),3.14,1.01,-0.31
147.544,0,Wall_3mx20cm_Wood_Panels (2),3.16,1.02,-0.31
147.571,0,Wall_3mx20cm_Wood_Panels (2),3.17,1.02,-0.31
147.613,0,Wall_3mx20cm_Wood_Panels (2),3.18,1.00,-0.31
147.641,0,Wall_3mx20cm_Wood_Panels (2),3.19,1.00,-0.31
147.683,0,Wall_3mx20cm_Wood_Panels (2),3.19,0.99,-0.31
147.711,0,Wall_3mx20cm_Wood_Panels (2),3.19,0.99,-0.31
147.738,0,Wall_3mx20cm_Wood_Panels (2),3.18,0.99,-0.31
147.780,0,Wall_3mx20cm_Wood_Panels (2),3.19,0.99,-0.31
147.808,0,Wall_3mx20cm_Wood_Panels (2),3.19,0.99,-0.31
147.836,0,Wall_3mx20cm_Wood_Panels (2),3.20,0.98,-0.31
147.879,0,Wall_3mx20cm_Wood_Panels (2),3.20,0.99,-0.31
147.907,0,Wall_3mx20cm_Wood_Panels (2),3.20,0.99,-0.31
147.947,0,Wall_3mx20cm_Wood_Panels (2),3.21,0.99,-0.31
147.975,0,Wall_3mx20cm_Wood_Panels (2),3.21,0.99,-0.31
148.003,0,Wall_3mx20cm_Wood_Panels (2),3.22,0.99,-0.31
148.045,0,Wall_3mx20cm_Wood_Panels (2),3.25,0.97,-0.31
148.073,0,Wall_3mx20cm_Wood_Panels (2),3.26,0.96,-0.31
148.114,0,Wall_3mx20cm_Wood_Panels (2),3.28,0.95,-0.31
148.142,0,Wall_3mx20cm_Wood_Panels (2),3.30,0.95,-0.31
148.170,0,Wall_3mx20cm_Wood_Panels (2),3.30,0.94,-0.31
148.212,0,Wall_3mx20cm_Wood_Panels (2),3.29,0.94,-0.31
148.239,0,Wall_3mx20cm_Wood_Panels (2),3.29,0.94,-0.31
148.281,0,Wall_3mx20cm_Wood_Panels (2),3.31,0.94,-0.31
148.308,0,Wall_3mx20cm_Wood_Panels (2),3.32,0.93,-0.31
148.337,0,Wall_3mx20cm_Wood_Panels (2),3.33,0.92,-0.31
148.378,0,Wall_3mx20cm_Wood_Panels (2),3.33,0.91,-0.31
148.406,0,Wall_3mx20cm_Wood_Panels (2),3.34,0.91,-0.31
148.447,0,Wall_3mx20cm_Wood_Panels (2),3.35,0.91,-0.31
148.475,0,Wall_3mx20cm_Wood_Panels (2),3.37,0.90,-0.31
148.503,0,Wall_3mx20cm_Wood_Panels (2),3.38,0.89,-0.31
148.545,0,Wall_3mx20cm_Wood_Panels (2),3.38,0.87,-0.31
148.572,0,Wall_3mx20cm_Wood_Panels (2),3.39,0.87,-0.31
148.614,0,Wall_3mx20cm_Wood_Panels (2),3.37,0.86,-0.31
148.642,0,Wall_3mx20cm_Wood_Panels (2),3.37,0.87,-0.31
148.670,0,Wall_3mx20cm_Wood_Panels (2),3.38,0.89,-0.31
148.712,0,Wall_3mx20cm_Wood_Panels (2),3.36,0.87,-0.31
148.739,0,Wall_3mx20cm_Wood_Panels (2),3.35,0.86,-0.31
148.781,0,Wall_3mx20cm_Wood_Panels (2),3.35,0.86,-0.31
148.809,0,Wall_3mx20cm_Wood_Panels (2),3.36,0.86,-0.31
148.837,0,Wall_3mx20cm_Wood_Panels (2),3.37,0.85,-0.31
148.879,0,Wall_3mx20cm_Wood_Panels (2),3.39,0.84,-0.31
148.907,0,Wall_3mx20cm_Wood_Panels (2),3.39,0.83,-0.31
148.949,0,Wall_3mx20cm_Wood_Panels (2),3.41,0.83,-0.31
148.977,0,Wall_3mx20cm_Wood_Panels (2),3.41,0.82,-0.31
149.005,0,Wall_3mx20cm_Wood_Panels (2),3.40,0.83,-0.31
149.046,0,Wall_3mx20cm_Wood_Panels (2),3.37,0.83,-0.31
149.075,0,Wall_3mx20cm_Wood_Panels (2),3.35,0.84,-0.31
149.117,0,Wall_3mx20cm_Wood_Panels (2),3.30,0.85,-0.31
149.144,0,Wall_3mx20cm_Wood_Panels (2),3.25,0.86,-0.31
149.172,0,Wall_3mx20cm_Wood_Panels (2),3.16,0.89,-0.31
149.214,0,Wall_3mx20cm_Wood_Panels (2),2.96,0.95,-0.31
149.243,0,Wall_3mx20cm_Wood_Panels (2),2.80,1.00,-0.31
149.270,0,Wall_3mx20cm_Wood_Panels (2),2.60,1.04,-0.31
149.312,0,Wall_3mx20cm_Wood_Panels (2),2.21,1.13,-0.31
149.340,0,Wall_3mx20cm_Wood_Panels (2),1.89,1.21,-0.31
149.382,0,Wall_3mx20cm_Door (1),1.41,1.29,-0.33
149.410,0,Wall_3mx20cm_Door (1),1.41,1.21,-0.45
149.437,0,Wall_3mx20cm_Door (1),1.41,1.13,-0.58
149.480,0,Wall_3mx20cm_Door (1),1.41,1.02,-0.76
149.507,0,Wall_3mx20cm_Door (1),1.41,0.93,-0.89
149.550,0,Wall_3mx20cm_Door (1),1.41,0.80,-1.09
149.578,0,Wall_3mx20cm_Conference_Door,1.41,0.71,-1.23
149.606,0,Wall_3mx20cm_Conference_Door,1.41,0.62,-1.35
149.647,0,Wall_3mx20cm_Conference_Door,1.41,0.48,-1.55
149.675,0,Wall_3mx20cm_Conference_Door,1.41,0.38,-1.67
149.716,0,Conference_Room_Door_L,1.33,0.25,-1.85
149.744,0,Conference_Room_Door_L,1.33,0.14,-1.96
149.772,0,Conference_Room_Door_L,1.33,0.04,-2.06
149.814,0,Conference_Room_Door_L,1.33,-0.10,-2.20
149.842,0,Conference_Room_Door_L,1.33,-0.20,-2.28
149.883,0,Conference_Room_Door_L,1.33,-0.30,-2.38
149.911,0,Conference_Room_Door_L,1.33,-0.37,-2.43
149.939,0,Conference_Room_Door_L,1.33,-0.44,-2.47
149.981,0,Conference_Room_Door_L,1.33,-0.50,-2.51
150.009,0,Conference_Room_Door_L,1.33,-0.54,-2.53
150.037,0,Conference_Room_Door_L,1.33,-0.56,-2.55
150.080,0,Conference_Room_Door_L,1.33,-0.59,-2.57
150.107,0,Conference_Room_Door_L,1.33,-0.60,-2.58
150.149,0,Conference_Room_Door_R,1.33,-0.58,-2.60
150.177,0,Conference_Room_Door_R,1.33,-0.56,-2.62
150.204,0,Conference_Room_Door_R,1.33,-0.54,-2.63
150.246,0,Conference_Room_Door_R,1.33,-0.51,-2.63
150.274,0,Conference_Room_Door_R,1.33,-0.49,-2.63
150.315,0,Conference_Room_Door_R,1.33,-0.47,-2.63
150.343,0,Conference_Room_Door_R,1.33,-0.45,-2.62
150.371,0,Conference_Room_Door_R,1.33,-0.42,-2.62
150.413,0,Conference_Room_Door_R,1.33,-0.40,-2.60
150.440,0,Conference_Room_Door_L,1.33,-0.38,-2.60
150.482,0,Conference_Room_Door_L,1.33,-0.35,-2.58
150.510,0,Conference_Room_Door_L,1.33,-0.34,-2.57
150.539,0,Conference_Room_Door_L,1.33,-0.33,-2.56
150.580,0,Conference_Room_Door_L,1.33,-0.31,-2.54
150.608,0,Conference_Room_Door_L,1.33,-0.31,-2.53
150.649,0,Conference_Room_Door_L,1.33,-0.31,-2.53
150.677,0,Conference_Room_Door_L,1.33,-0.30,-2.53
150.705,0,Conference_Room_Door_L,1.33,-0.30,-2.53
150.748,0,Conference_Room_Door_L,1.33,-0.28,-2.54
150.775,0,Conference_Room_Door_L,1.33,-0.25,-2.54
150.816,0,Conference_Room_Door_L,1.33,-0.23,-2.54
150.845,0,Conference_Room_Door_L,1.33,-0.22,-2.54
150.873,0,Conference_Room_Door_L,1.33,-0.21,-2.54
150.914,0,Conference_Room_Door_L,1.33,-0.20,-2.54
150.942,0,Conference_Room_Door_L,1.33,-0.19,-2.54
150.984,0,Conference_Room_Door_L,1.33,-0.18,-2.55
151.012,0,Conference_Room_Door_L,1.33,-0.17,-2.55
151.040,0,Conference_Room_Door_L,1.33,-0.15,-2.56
151.081,0,Conference_Room_Door_L,1.33,-0.14,-2.56
151.109,0,Conference_Room_Door_L,1.33,-0.13,-2.57
151.137,0,Conference_Room_Door_L,1.33,-0.12,-2.57
151.179,0,Conference_Room_Door_L,1.33,-0.10,-2.57
151.206,0,Conference_Room_Door_L,1.33,-0.09,-2.56
151.249,0,Conference_Room_Door_L,1.33,-0.09,-2.56
151.276,0,Conference_Room_Door_L,1.33,-0.08,-2.55
151.304,0,Conference_Room_Door_L,1.33,-0.07,-2.54
151.346,0,Conference_Room_Door_L,1.33,-0.06,-2.51
151.374,0,Conference_Room_Door_L,1.33,-0.05,-2.49
151.416,0,Conference_Room_Door_L,1.33,-0.04,-2.46
151.444,0,Conference_Room_Door_L,1.33,-0.04,-2.44
151.472,0,Conference_Room_Door_L,1.33,-0.04,-2.42
151.513,0,Conference_Room_Door_L,1.33,-0.05,-2.39
151.541,0,Conference_Room_Door_L,1.33,-0.06,-2.37
151.583,0,Conference_Room_Door_L,1.33,-0.08,-2.33
151.611,0,Conference_Room_Door_L,1.33,-0.10,-2.30
151.639,0,Conference_Room_Door_L,1.33,-0.13,-2.26
151.681,0,Conference_Room_Door_L,1.33,-0.18,-2.21
151.708,0,Conference_Room_Door_L,1.33,-0.21,-2.17
151.750,0,Conference_Room_Door_L,1.33,-0.26,-2.11
151.778,0,Conference_Room_Door_L,1.33,-0.28,-2.07
151.806,0,Conference_Room_Door_L,1.33,-0.30,-2.04
151.847,0,Conference_Room_Door_L,1.33,-0.32,-1.99
151.876,0,Conference_Room_Door_L,1.33,-0.33,-1.96
151.918,0,Conference_Room_Door_L,1.33,-0.35,-1.91
151.945,0,Conference_Room_Door_L,1.33,-0.36,-1.88
151.973,0,Conference_Room_Door_L,1.33,-0.38,-1.85
152.015,0,Conference_Room_Door_L,1.33,-0.41,-1.82
152.043,0,Conference_Room_Door_L,1.33,-0.44,-1.79
152.071,0,Conference_Room_Door_L,1.33,-0.46,-1.77
152.112,0,Conference_Room_Door_L,1.33,-0.48,-1.74
152.140,0,Conference_Room_Door_L,1.33,-0.48,-1.72
152.182,0,None,0,0,0
152.209,0,None,0,0,0
152.237,0,None,0,0,0
152.279,0,Wall_3mx20cm_Conference_Door,1.41,-0.44,-1.66
152.306,0,Wall_3mx20cm_Conference_Door,1.41,-0.43,-1.65
152.348,0,Wall_3mx20cm_Conference_Door,1.41,-0.40,-1.64
152.377,0,Wall_3mx20cm_Conference_Door,1.41,-0.39,-1.64
152.404,0,Wall_3mx20cm_Conference_Door,1.41,-0.38,-1.64
152.446,0,Wall_3mx20cm_Conference_Door,1.41,-0.36,-1.65
152.474,0,Wall_3mx20cm_Conference_Door,1.41,-0.34,-1.65
152.516,0,Wall_3mx20cm_Conference_Door,1.41,-0.33,-1.66
152.544,0,Wall_3mx20cm_Conference_Door,1.41,-0.32,-1.66
152.571,0,Wall_3mx20cm_Conference_Door,1.41,-0.30,-1.66
152.613,0,Wall_3mx20cm_Conference_Door,1.41,-0.30,-1.66
152.642,0,Wall_3mx20cm_Conference_Door,1.41,-0.30,-1.66
152.671,0,Wall_3mx20cm_Conference_Door,1.41,-0.30,-1.66
152.711,0,Wall_3mx20cm_Conference_Door,1.41,-0.29,-1.66
152.739,0,Wall_3mx20cm_Conference_Door,1.41,-0.28,-1.67
152.781,0,Wall_3mx20cm_Conference_Door,1.41,-0.27,-1.66
152.808,0,Wall_3mx20cm_Conference_Door,1.41,-0.27,-1.66
152.850,0,Wall_3mx20cm_Conference_Door,1.41,-0.27,-1.67
152.878,0,Wall_3mx20cm_Conference_Door,1.41,-0.27,-1.66
152.904,0,Wall_3mx20cm_Conference_Door,1.41,-0.27,-1.66
152.947,0,Wall_3mx20cm_Conference_Door,1.41,-0.26,-1.65
152.974,0,Wall_3mx20cm_Conference_Door,1.41,-0.26,-1.64
153.016,0,Wall_3mx20cm_Conference_Door,1.41,-0.25,-1.64
153.044,0,Wall_3mx20cm_Conference_Door,1.41,-0.25,-1.64
153.072,0,Wall_3mx20cm_Conference_Door,1.41,-0.24,-1.64
153.114,0,Wall_3mx20cm_Conference_Door,1.41,-0.23,-1.65
153.142,0,Wall_3mx20cm_Conference_Door,1.41,-0.23,-1.66
153.184,0,None,0,0,0
153.211,0,None,0,0,0
153.239,0,None,0,0,0
153.281,0,None,0,0,0
153.308,0,Conference_Room_Door_L,1.33,-0.16,-1.72
153.350,0,Conference_Room_Door_L,1.33,-0.14,-1.73
153.378,0,Conference_Room_Door_L,1.33,-0.13,-1.73
153.406,0,Conference_Room_Door_L,1.33,-0.12,-1.74
153.448,0,Conference_Room_Door_L,1.33,-0.12,-1.75
153.476,0,Conference_Room_Door_L,1.33,-0.12,-1.76
153.518,0,Conference_Room_Door_L,1.33,-0.12,-1.77
153.546,0,Conference_Room_Door_L,1.33,-0.12,-1.77
153.573,0,Conference_Room_Door_L,1.33,-0.13,-1.78
153.615,0,Conference_Room_Door_L,1.33,-0.12,-1.77
153.643,0,Conference_Room_Door_L,1.33,-0.12,-1.77
153.672,0,Conference_Room_Door_L,1.33,-0.11,-1.76
153.713,0,Conference_Room_Door_L,1.33,-0.09,-1.74
153.740,0,Conference_Room_Door_L,1.33,-0.10,-1.72
153.782,0,None,0,0,0
153.810,0,Wall_3mx20cm_Conference_Door,1.41,-0.09,-1.64
153.838,0,Wall_3mx20cm_Conference_Door,1.41,-0.11,-1.60
153.880,0,Wall_3mx20cm_Conference_Door,1.41,-0.12,-1.53
153.907,0,Wall_3mx20cm_Conference_Door,1.41,-0.13,-1.48
153.949,0,Wall_3mx20cm_Conference_Door,1.41,-0.12,-1.40
153.977,0,Wall_3mx20cm_Conference_Door,1.41,-0.12,-1.35
154.005,0,Wall_3mx20cm_Conference_Door,1.41,-0.12,-1.29
154.047,0,Wall_3mx20cm_Conference_Door,1.41,-0.11,-1.21
154.075,0,Wall_3mx20cm_Conference_Door,1.41,-0.10,-1.16
154.116,0,Wall_3mx20cm_Conference_Door,1.41,-0.10,-1.10
154.145,0,Wall_3mx20cm_Door (1),1.41,-0.10,-1.06
154.172,0,Wall_3mx20cm_Door (1),1.41,-0.10,-1.04
154.214,0,Wall_3mx20cm_Door (1),1.41,-0.09,-1.00
154.241,0,Wall_3mx20cm_Door (1),1.41,-0.10,-0.99
154.283,0,Wall_3mx20cm_Door (1),1.41,-0.09,-0.97
154.311,0,Wall_3mx20cm_Door (1),1.41,-0.09,-0.96
154.339,0,Wall_3mx20cm_Door (1),1.41,-0.08,-0.95
154.381,0,Wall_3mx20cm_Door (1),1.41,-0.07,-0.94
154.409,0,Wall_3mx20cm_Door (1),1.41,-0.05,-0.93
154.451,0,Wall_3mx20cm_Door (1),1.41,-0.03,-0.93
154.479,0,Wall_3mx20cm_Door (1),1.41,-0.01,-0.93
154.506,0,Wall_3mx20cm_Door (1),1.41,0.00,-0.94
154.548,0,Wall_3mx20cm_Door (1),1.41,0.01,-0.96
154.576,0,Wall_3mx20cm_Door (1),1.41,0.03,-0.97
154.617,0,Wall_3mx20cm_Door (1),1.41,0.05,-0.98
154.646,0,Wall_3mx20cm_Door (1),1.41,0.09,-0.99
154.673,0,Wall_3mx20cm_Door (1),1.41,0.13,-1.00
154.715,0,Wall_3mx20cm_Door (1),1.41,0.24,-1.04
154.743,0,Wall_3mx20cm_Door (1),1.41,0.33,-1.06
154.771,0,Wall_3mx20cm_Door (1),1.41,0.41,-1.09
154.813,0,Wall_3mx20cm_Conference_Door,1.41,0.45,-1.13
154.841,0,Wall_3mx20cm_Conference_Door,1.41,0.45,-1.17
154.882,0,Wall_3mx20cm_Conference_Door,1.41,0.44,-1.21
154.911,0,Wall_3mx20cm_Conference_Door,1.41,0.37,-1.24
154.939,0,Wall_3mx20cm_Conference_Door,1.41,0.32,-1.27
154.980,0,Wall_3mx20cm_Conference_Door,1.41,0.25,-1.32
155.007,0,Wall_3mx20cm_Conference_Door,1.41,0.24,-1.35
155.049,0,Wall_3mx20cm_Conference_Door,1.41,0.21,-1.40
155.078,0,Wall_3mx20cm_Conference_Door,1.41,0.21,-1.42
155.105,0,Wall_3mx20cm_Conference_Door,1.41,0.20,-1.45
155.147,0,Wall_3mx20cm_Conference_Door,1.41,0.21,-1.49
155.175,0,Wall_3mx20cm_Conference_Door,1.41,0.22,-1.51
155.217,0,Wall_3mx20cm_Conference_Door,1.41,0.21,-1.55
155.244,0,Wall_3mx20cm_Conference_Door,1.41,0.19,-1.57
155.272,0,Wall_3mx20cm_Conference_Door,1.41,0.18,-1.58
155.314,0,Wall_3mx20cm_Conference_Door,1.41,0.19,-1.60
155.342,0,Wall_3mx20cm_Conference_Door,1.41,0.19,-1.61
155.383,0,Wall_3mx20cm_Conference_Door,1.41,0.15,-1.64
155.411,0,Wall_3mx20cm_Conference_Door,1.41,0.12,-1.66
155.439,0,None,0,0,0
155.481,0,None,0,0,0
155.508,0,Conference_Room_Door_L,1.33,0.08,-1.72
155.551,0,Conference_Room_Door_L,1.33,0.08,-1.74
155.578,0,Conference_Room_Door_L,1.33,0.09,-1.75
155.607,0,Conference_Room_Door_L,1.33,0.09,-1.75
155.648,0,Conference_Room_Door_L,1.33,0.11,-1.75
155.676,0,Conference_Room_Door_L,1.33,0.13,-1.76
155.717,0,Conference_Room_Door_L,1.33,0.14,-1.76
155.745,0,Conference_Room_Door_L,1.33,0.14,-1.76
155.773,0,Conference_Room_Door_L,1.33,0.15,-1.76
155.815,0,Conference_Room_Door_L,1.33,0.15,-1.75
155.843,0,Conference_Room_Door_L,1.33,0.16,-1.75
155.885,0,Conference_Room_Door_L,1.33,0.16,-1.75
155.912,0,Conference_Room_Door_L,1.33,0.17,-1.76
155.941,0,Conference_Room_Door_L,1.33,0.17,-1.76
155.982,0,Conference_Room_Door_L,1.33,0.16,-1.76
156.010,0,Conference_Room_Door_L,1.33,0.15,-1.77
156.052,0,Conference_Room_Door_L,1.33,0.15,-1.77
156.080,0,Conference_Room_Door_L,1.33,0.15,-1.77
156.108,0,Conference_Room_Door_L,1.33,0.15,-1.77
156.149,0,Conference_Room_Door_L,1.33,0.16,-1.78
156.177,0,Conference_Room_Door_L,1.33,0.16,-1.78
156.205,0,Conference_Room_Door_L,1.33,0.16,-1.79
156.247,0,Conference_Room_Door_L,1.33,0.16,-1.79
156.274,0,Conference_Room_Door_L,1.33,0.16,-1.79
156.316,0,Conference_Room_Door_L,1.33,0.15,-1.79
156.345,0,Conference_Room_Door_L,1.33,0.15,-1.79
156.372,0,Conference_Room_Door_L,1.33,0.14,-1.79
156.413,0,Conference_Room_Door_L,1.33,0.13,-1.79
156.441,0,Conference_Room_Door_L,1.33,0.12,-1.79
156.483,0,Conference_Room_Door_L,1.33,0.12,-1.80
156.511,0,Conference_Room_Door_L,1.33,0.12,-1.80
156.540,0,Conference_Room_Door_L,1.33,0.12,-1.80
156.581,0,Conference_Room_Door_L,1.33,0.12,-1.80
156.609,0,Conference_Room_Door_L,1.33,0.13,-1.80
156.651,0,Conference_Room_Door_L,1.33,0.14,-1.80
156.679,0,Conference_Room_Door_L,1.33,0.15,-1.79
156.706,0,Conference_Room_Door_L,1.33,0.17,-1.78
156.748,0,Conference_Room_Door_L,1.33,0.17,-1.78
156.776,0,Conference_Room_Door_L,1.33,0.18,-1.77
156.817,0,Conference_Room_Door_L,1.33,0.18,-1.77
156.845,0,Conference_Room_Door_L,1.33,0.18,-1.77
156.873,0,Conference_Room_Door_L,1.33,0.19,-1.77
156.915,0,Conference_Room_Door_L,1.33,0.20,-1.76
156.943,0,Conference_Room_Door_L,1.33,0.21,-1.77
156.985,0,Conference_Room_Door_L,1.33,0.21,-1.78
157.012,0,Conference_Room_Door_L,1.33,0.21,-1.79
157.040,0,Conference_Room_Door_L,1.33,0.21,-1.80
157.082,0,Conference_Room_Door_L,1.33,0.19,-1.82
157.110,0,Conference_Room_Door_L,1.33,0.19,-1.82
157.152,0,Conference_Room_Door_L,1.33,0.21,-1.82
157.180,0,Conference_Room_Door_L,1.33,0.22,-1.81
157.207,0,Conference_Room_Door_L,1.33,0.22,-1.81
157.250,0,Conference_Room_Door_L,1.33,0.22,-1.81
157.278,0,Conference_Room_Door_L,1.33,0.21,-1.82
157.305,0,Conference_Room_Door_L,1.33,0.20,-1.82
157.348,0,Conference_Room_Door_L,1.33,0.21,-1.83
157.375,0,Conference_Room_Door_L,1.33,0.21,-1.83
157.417,0,Conference_Room_Door_L,1.33,0.21,-1.83
157.445,0,Conference_Room_Door_L,1.33,0.20,-1.82
157.472,0,Conference_Room_Door_L,1.33,0.19,-1.82
157.514,0,Conference_Room_Door_L,1.33,0.19,-1.82
157.542,0,Conference_Room_Door_L,1.33,0.19,-1.82
157.583,0,Conference_Room_Door_L,1.33,0.19,-1.82
157.611,0,Conference_Room_Door_L,1.33,0.19,-1.82
157.639,0,Conference_Room_Door_L,1.33,0.19,-1.82
157.681,0,Conference_Room_Door_L,1.33,0.18,-1.82
157.709,0,Conference_Room_Door_L,1.33,0.18,-1.82
157.750,0,Conference_Room_Door_L,1.33,0.19,-1.82
157.778,0,Conference_Room_Door_L,1.33,0.19,-1.82
157.806,0,Conference_Room_Door_L,1.33,0.19,-1.83
157.848,0,Conference_Room_Door_L,1.33,0.19,-1.83
157.876,0,Conference_Room_Door_L,1.33,0.19,-1.83
157.917,0,Conference_Room_Door_L,1.33,0.19,-1.83
157.945,0,Conference_Room_Door_L,1.33,0.19,-1.83
157.973,0,Conference_Room_Door_L,1.33,0.20,-1.83
158.015,0,Conference_Room_Door_L,1.33,0.20,-1.83
158.043,0,Conference_Room_Door_L,1.33,0.21,-1.83
158.084,0,Conference_Room_Door_L,1.33,0.21,-1.83
158.112,0,Conference_Room_Door_L,1.33,0.22,-1.83
158.141,0,Conference_Room_Door_L,1.33,0.21,-1.82
158.182,0,Conference_Room_Door_L,1.33,0.21,-1.82
158.210,0,Conference_Room_Door_L,1.33,0.21,-1.82
158.251,0,Conference_Room_Door_L,1.33,0.21,-1.82
158.279,0,Conference_Room_Door_L,1.33,0.21,-1.82
158.307,0,Conference_Room_Door_L,1.33,0.21,-1.83
158.349,0,Conference_Room_Door_L,1.33,0.20,-1.82
158.377,0,Conference_Room_Door_L,1.33,0.20,-1.82
158.419,0,Conference_Room_Door_L,1.33,0.21,-1.82
158.446,0,Conference_Room_Door_L,1.33,0.20,-1.82
158.474,0,Conference_Room_Door_L,1.33,0.20,-1.82
158.516,0,Conference_Room_Door_L,1.33,0.20,-1.82
158.543,0,Conference_Room_Door_L,1.33,0.21,-1.83
158.572,0,Conference_Room_Door_L,1.33,0.20,-1.83
158.614,0,Conference_Room_Door_L,1.33,0.21,-1.83
158.641,0,Conference_Room_Door_L,1.33,0.21,-1.83
158.683,0,Conference_Room_Door_L,1.33,0.22,-1.83
158.711,0,Conference_Room_Door_L,1.33,0.22,-1.83
158.739,0,Conference_Room_Door_L,1.33,0.22,-1.83
158.781,0,Conference_Room_Door_L,1.33,0.23,-1.83
158.808,0,Conference_Room_Door_L,1.33,0.23,-1.84
158.850,0,Conference_Room_Door_L,1.33,0.24,-1.84
158.879,0,Conference_Room_Door_L,1.33,0.24,-1.84
158.906,0,Conference_Room_Door_L,1.33,0.24,-1.84
158.948,0,Conference_Room_Door_L,1.33,0.25,-1.84
158.976,0,Conference_Room_Door_L,1.33,0.25,-1.84
159.018,0,Conference_Room_Door_L,1.33,0.25,-1.84
159.045,0,Conference_Room_Door_L,1.33,0.25,-1.84
159.074,0,Conference_Room_Door_L,1.33,0.25,-1.84
159.115,0,Conference_Room_Door_L,1.33,0.25,-1.84
159.142,0,Conference_Room_Door_L,1.33,0.25,-1.85
159.184,0,Conference_Room_Door_L,1.33,0.24,-1.85
159.211,0,Conference_Room_Door_L,1.33,0.24,-1.85
159.239,0,Conference_Room_Door_L,1.33,0.24,-1.85
159.282,0,Conference_Room_Door_L,1.33,0.23,-1.85
159.310,0,Conference_Room_Door_L,1.33,0.23,-1.85
159.351,0,Conference_Room_Door_L,1.33,0.23,-1.84
159.379,0,Conference_Room_Door_L,1.33,0.23,-1.84
159.407,0,Conference_Room_Door_L,1.33,0.23,-1.85
159.448,0,Conference_Room_Door_L,1.33,0.23,-1.85
159.477,0,Conference_Room_Door_L,1.33,0.23,-1.85
159.505,0,Conference_Room_Door_L,1.33,0.23,-1.86
159.547,0,Conference_Room_Door_L,1.33,0.24,-1.86
159.574,0,Conference_Room_Door_L,1.33,0.24,-1.86
159.616,0,Conference_Room_Door_L,1.33,0.24,-1.85
159.643,0,Conference_Room_Door_L,1.33,0.24,-1.85
159.685,0,Conference_Room_Door_L,1.33,0.25,-1.85
159.713,0,Conference_Room_Door_L,1.33,0.25,-1.85
159.741,0,Conference_Room_Door_L,1.33,0.25,-1.85
159.784,0,Conference_Room_Door_L,1.33,0.26,-1.85
159.810,0,Conference_Room_Door_L,1.33,0.26,-1.85
159.839,0,Conference_Room_Door_L,1.33,0.27,-1.85
159.880,0,Conference_Room_Door_L,1.33,0.26,-1.85
159.908,0,Conference_Room_Door_L,1.33,0.26,-1.85
159.950,0,Conference_Room_Door_L,1.33,0.27,-1.84
159.977,0,Conference_Room_Door_L,1.33,0.27,-1.85
160.005,0,Conference_Room_Door_L,1.33,0.27,-1.84
160.048,0,Conference_Room_Door_L,1.33,0.28,-1.85
160.075,0,Conference_Room_Door_L,1.33,0.28,-1.85
160.117,0,Conference_Room_Door_L,1.33,0.28,-1.85
160.146,0,Conference_Room_Door_L,1.33,0.28,-1.85
160.173,0,Conference_Room_Door_L,1.33,0.28,-1.85
160.214,0,Conference_Room_Door_L,1.33,0.27,-1.84
160.242,0,Conference_Room_Door_L,1.33,0.28,-1.84
160.284,0,Conference_Room_Door_L,1.33,0.28,-1.84
160.312,0,Conference_Room_Door_L,1.33,0.28,-1.84
160.340,0,Conference_Room_Door_L,1.33,0.27,-1.84
160.382,0,Conference_Room_Door_L,1.33,0.27,-1.84
160.410,0,Conference_Room_Door_L,1.33,0.27,-1.84
160.452,0,Conference_Room_Door_L,1.33,0.27,-1.85
160.480,0,Conference_Room_Door_L,1.33,0.27,-1.85
160.508,0,Conference_Room_Door_L,1.33,0.27,-1.84
160.548,0,Conference_Room_Door_L,1.33,0.27,-1.84
160.576,0,Conference_Room_Door_L,1.33,0.27,-1.84
160.618,0,Conference_Room_Door_L,1.33,0.27,-1.84
160.646,0,Conference_Room_Door_L,1.33,0.27,-1.84
160.674,0,Conference_Room_Door_L,1.33,0.27,-1.84
160.717,0,Conference_Room_Door_L,1.33,0.27,-1.84
160.744,0,Conference_Room_Door_L,1.33,0.29,-1.84
160.785,0,Conference_Room_Door_L,1.33,0.28,-1.84
160.814,0,Conference_Room_Door_L,1.33,0.28,-1.84
160.841,0,Conference_Room_Door_L,1.33,0.28,-1.84
160.882,0,Conference_Room_Door_L,1.33,0.29,-1.84
160.911,0,Conference_Room_Door_L,1.33,0.28,-1.84
160.952,0,Conference_Room_Door_L,1.33,0.29,-1.84
160.981,0,Conference_Room_Door_L,1.33,0.29,-1.84
161.009,0,Conference_Room_Door_L,1.33,0.29,-1.83
161.050,0,Conference_Room_Door_L,1.33,0.29,-1.84
161.078,0,Conference_Room_Door_L,1.33,0.29,-1.84
161.106,0,Conference_Room_Door_L,1.33,0.29,-1.84
161.147,0,Conference_Room_Door_L,1.33,0.28,-1.84
161.175,0,Conference_Room_Door_L,1.33,0.28,-1.84
161.217,0,Conference_Room_Door_L,1.33,0.29,-1.83
161.245,0,Conference_Room_Door_L,1.33,0.27,-1.82
161.273,0,Conference_Room_Door_L,1.33,0.27,-1.83
161.314,0,Conference_Room_Door_L,1.33,0.27,-1.83
161.342,0,Conference_Room_Door_L,1.33,0.26,-1.83
161.384,0,Conference_Room_Door_L,1.33,0.26,-1.84
161.412,0,Conference_Room_Door_L,1.33,0.26,-1.85
161.440,0,Conference_Room_Door_L,1.33,0.26,-1.85
161.481,0,Conference_Room_Door_L,1.33,0.26,-1.86
161.510,0,Conference_Room_Door_L,1.33,0.25,-1.86
161.551,0,Conference_Room_Door_L,1.33,0.25,-1.85
161.579,0,Conference_Room_Door_L,1.33,0.25,-1.85
161.607,0,Conference_Room_Door_L,1.33,0.25,-1.85
161.649,0,Conference_Room_Door_L,1.33,0.25,-1.85
161.677,0,Conference_Room_Door_L,1.33,0.25,-1.85
161.718,0,Conference_Room_Door_L,1.33,0.25,-1.85
161.746,0,Conference_Room_Door_L,1.33,0.25,-1.85
161.773,0,Conference_Room_Door_L,1.33,0.25,-1.85
161.816,0,Conference_Room_Door_L,1.33,0.25,-1.85
161.843,0,Conference_Room_Door_L,1.33,0.25,-1.85
161.886,0,Conference_Room_Door_L,1.33,0.24,-1.85
161.913,0,Conference_Room_Door_L,1.33,0.24,-1.85
161.941,0,Conference_Room_Door_L,1.33,0.24,-1.85
161.983,0,Conference_Room_Door_L,1.33,0.24,-1.86
162.010,0,Conference_Room_Door_L,1.33,0.24,-1.86
162.052,0,Conference_Room_Door_L,1.33,0.24,-1.87
162.080,0,Conference_Room_Door_L,1.33,0.24,-1.87
162.108,0,Conference_Room_Door_L,1.33,0.24,-1.88
162.150,0,Conference_Room_Door_L,1.33,0.24,-1.88
162.178,0,Conference_Room_Door_L,1.33,0.24,-1.88
162.219,0,Conference_Room_Door_L,1.33,0.24,-1.88
162.248,0,Conference_Room_Door_L,1.33,0.24,-1.88
162.275,0,Conference_Room_Door_L,1.33,0.23,-1.88
162.316,0,Conference_Room_Door_L,1.33,0.23,-1.88
162.344,0,Conference_Room_Door_L,1.33,0.24,-1.89
162.373,0,Conference_Room_Door_L,1.33,0.24,-1.90
162.415,0,Conference_Room_Door_L,1.33,0.24,-1.91
162.443,0,Conference_Room_Door_L,1.33,0.24,-1.91
162.484,0,Conference_Room_Door_L,1.33,0.25,-1.91
162.512,0,Conference_Room_Door_L,1.33,0.25,-1.91
162.540,0,Conference_Room_Door_L,1.33,0.25,-1.91
162.581,0,Conference_Room_Door_L,1.33,0.24,-1.91
162.609,0,Conference_Room_Door_L,1.33,0.25,-1.90
162.651,0,Conference_Room_Door_L,1.33,0.24,-1.90
162.679,0,Conference_Room_Door_L,1.33,0.24,-1.89
162.707,0,Conference_Room_Door_L,1.33,0.25,-1.90
162.748,0,Conference_Room_Door_L,1.33,0.26,-1.90
162.776,0,Conference_Room_Door_L,1.33,0.26,-1.90
162.818,0,Conference_Room_Door_L,1.33,0.26,-1.90
162.846,0,Conference_Room_Door_L,1.33,0.26,-1.90
162.874,0,Conference_Room_Door_L,1.33,0.27,-1.90
162.916,0,Conference_Room_Door_L,1.33,0.27,-1.90
162.943,0,Conference_Room_Door_L,1.33,0.28,-1.91
162.985,0,Conference_Room_Door_L,1.33,0.28,-1.91
163.013,0,Conference_Room_Door_L,1.33,0.28,-1.91
163.041,0,Conference_Room_Door_L,1.33,0.28,-1.91
163.083,0,Conference_Room_Door_L,1.33,0.29,-1.91
163.110,0,Conference_Room_Door_L,1.33,0.29,-1.91
163.153,0,Conference_Room_Door_L,1.33,0.29,-1.91
163.185,0,Conference_Room_Door_L,1.33,0.29,-1.91
163.213,0,Conference_Room_Door_L,1.33,0.29,-1.92
163.253,0,Conference_Room_Door_L,1.33,0.29,-1.92
163.294,0,Conference_Room_Door_L,1.33,0.29,-1.92
163.308,0,Conference_Room_Door_L,1.33,0.29,-1.92
163.367,0,Conference_Room_Door_L,1.33,0.29,-1.92
163.391,0,Conference_Room_Door_L,1.33,0.29,-1.92
163.416,0,Conference_Room_Door_L,1.33,0.28,-1.92
163.444,0,Conference_Room_Door_L,1.33,0.28,-1.92
163.486,0,Conference_Room_Door_L,1.33,0.28,-1.92
163.514,0,Conference_Room_Door_L,1.33,0.28,-1.92
163.543,0,Conference_Room_Door_L,1.33,0.28,-1.92
163.584,0,Conference_Room_Door_L,1.33,0.28,-1.91
163.612,0,Conference_Room_Door_L,1.33,0.28,-1.91
163.640,0,Conference_Room_Door_L,1.33,0.28,-1.90
163.681,0,Conference_Room_Door_L,1.33,0.28,-1.90
163.709,0,Conference_Room_Door_L,1.33,0.28,-1.89
163.751,0,Conference_Room_Door_L,1.33,0.29,-1.89
163.779,0,Conference_Room_Door_L,1.33,0.29,-1.89
163.807,0,Conference_Room_Door_L,1.33,0.29,-1.89
163.848,0,Conference_Room_Door_L,1.33,0.30,-1.88
163.877,0,Conference_Room_Door_L,1.33,0.30,-1.89
163.918,0,Conference_Room_Door_L,1.33,0.30,-1.88
163.946,0,Conference_Room_Door_L,1.33,0.30,-1.88
163.973,0,Conference_Room_Door_L,1.33,0.30,-1.88
164.016,0,Conference_Room_Door_L,1.33,0.30,-1.87
164.043,0,None,0,0,0
164.084,0,None,0,0,0
164.113,0,None,0,0,0
164.141,0,None,0,0,0
164.182,0,None,0,0,0
164.210,0,None,0,0,0
164.252,0,None,0,0,0
164.279,0,None,0,0,0
164.308,0,None,0,0,0
164.349,0,None,0,0,0
164.378,0,None,0,0,0
164.419,0,None,0,0,0
164.447,0,None,0,0,0
164.475,0,None,0,0,0
164.517,0,Wall_3mx20cm_Conference_Door,1.24,0.35,-1.86
164.544,0,None,0,0,0
164.587,0,Wall_3mx20cm_Conference_Door,1.22,0.35,-1.87
164.614,0,Wall_3mx20cm_Conference_Door,1.23,0.35,-1.87
164.642,0,Wall_3mx20cm_Conference_Door,1.26,0.35,-1.87
164.683,0,Wall_3mx20cm_Conference_Door,1.22,0.35,-1.88
164.711,0,Wall_3mx20cm_Conference_Door,1.23,0.35,-1.89
164.753,0,None,0,0,0
164.781,0,None,0,0,0
164.809,0,None,0,0,0
164.851,0,None,0,0,0
164.879,0,None,0,0,0
164.920,0,None,0,0,0
164.948,0,Conference_Room_Door_L,1.33,0.30,-1.91
164.976,0,Conference_Room_Door_L,1.33,0.30,-1.91
165.017,0,Conference_Room_Door_L,1.33,0.30,-1.91
165.046,0,Conference_Room_Door_L,1.33,0.30,-1.92
165.073,0,Conference_Room_Door_L,1.33,0.30,-1.92
165.115,0,Conference_Room_Door_L,1.33,0.29,-1.91
165.143,0,Conference_Room_Door_L,1.33,0.29,-1.91
165.185,0,Conference_Room_Door_L,1.33,0.29,-1.91
165.212,0,Conference_Room_Door_L,1.33,0.29,-1.91
165.241,0,Conference_Room_Door_L,1.33,0.29,-1.91
165.282,0,Conference_Room_Door_L,1.33,0.30,-1.92
165.311,0,Conference_Room_Door_L,1.33,0.29,-1.92
165.351,0,Conference_Room_Door_L,1.33,0.29,-1.92
165.379,0,Conference_Room_Door_L,1.33,0.30,-1.92
165.408,0,Conference_Room_Door_L,1.33,0.30,-1.91
165.449,0,Conference_Room_Door_L,1.33,0.30,-1.91
165.476,0,Conference_Room_Door_L,1.33,0.30,-1.91
165.518,0,Conference_Room_Door_L,1.33,0.30,-1.91
165.546,0,None,0,0,0
165.574,0,None,0,0,0
165.616,0,None,0,0,0
165.644,0,Wall_3mx20cm_Conference_Door,1.25,0.35,-1.90
165.686,0,Wall_3mx20cm_Conference_Door,1.31,0.35,-1.90
165.714,0,Wall_3mx20cm_Conference_Door,1.38,0.35,-1.90
165.741,0,Wall_3mx20cm_Conference_Door,1.39,0.35,-1.90
165.783,0,Wall_3mx20cm_Conference_Door,1.40,0.35,-1.91
165.811,0,Wall_3mx20cm_Conference_Door,1.41,0.35,-1.91
165.853,0,Wall_3mx20cm_Conference_Door,1.41,0.36,-1.91
165.881,0,Wall_3mx20cm_Conference_Door,1.41,0.36,-1.91
165.908,0,Wall_3mx20cm_Conference_Door,1.41,0.36,-1.91
165.950,0,Wall_3mx20cm_Conference_Door,1.41,0.36,-1.92
165.978,0,Wall_3mx20cm_Conference_Door,1.41,0.36,-1.92
166.020,0,Wall_3mx20cm_Conference_Door,1.40,0.35,-1.93
166.048,0,Wall_3mx20cm_Conference_Door,1.41,0.35,-1.93
166.076,0,Wall_3mx20cm_Conference_Door,1.41,0.36,-1.94
166.117,0,Wall_3mx20cm_Conference_Door,1.39,0.35,-1.94
166.145,0,Wall_3mx20cm_Conference_Door,1.37,0.35,-1.95
166.174,0,Wall_3mx20cm_Conference_Door,1.35,0.35,-1.95
166.215,0,Wall_3mx20cm_Conference_Door,1.30,0.35,-1.95
166.243,0,Wall_3mx20cm_Conference_Door,1.27,0.35,-1.95
166.285,0,Wall_3mx20cm_Conference_Door,1.25,0.35,-1.96
166.313,0,Wall_3mx20cm_Conference_Door,1.27,0.35,-1.96
166.341,0,Wall_3mx20cm_Conference_Door,1.29,0.35,-1.95
166.382,0,Wall_3mx20cm_Conference_Door,1.25,0.35,-1.95
166.410,0,Wall_3mx20cm_Conference_Door,1.24,0.35,-1.95
166.452,0,Wall_3mx20cm_Conference_Door,1.24,0.35,-1.96
166.480,0,Wall_3mx20cm_Conference_Door,1.26,0.35,-1.96
166.508,0,Wall_3mx20cm_Conference_Door,1.27,0.35,-1.96
166.549,0,Wall_3mx20cm_Conference_Door,1.26,0.35,-1.96
166.577,0,Wall_3mx20cm_Conference_Door,1.25,0.35,-1.96
166.619,0,Wall_3mx20cm_Conference_Door,1.24,0.35,-1.96
166.646,0,Wall_3mx20cm_Conference_Door,1.22,0.35,-1.96
166.674,0,None,0,0,0
166.717,0,None,0,0,0
166.744,0,None,0,0,0
166.786,0,None,0,0,0
166.814,0,None,0,0,0
166.842,0,None,0,0,0
166.883,0,None,0,0,0
166.911,0,Wall_3mx20cm_Conference_Door,1.22,0.35,-1.94
166.953,0,Wall_3mx20cm_Conference_Door,1.22,0.35,-1.93
166.981,0,Wall_3mx20cm_Conference_Door,1.22,0.35,-1.93
167.010,0,Wall_3mx20cm_Conference_Door,1.22,0.35,-1.93
167.050,0,None,0,0,0
167.078,0,Wall_3mx20cm_Conference_Door,1.31,0.35,-1.93
167.120,0,Wall_3mx20cm_Conference_Door,1.26,0.35,-1.92
167.148,0,Wall_3mx20cm_Conference_Door,1.30,0.35,-1.91
167.177,0,Wall_3mx20cm_Conference_Door,1.30,0.35,-1.91
167.217,0,Wall_3mx20cm_Conference_Door,1.31,0.35,-1.89
167.245,0,Wall_3mx20cm_Conference_Door,1.32,0.35,-1.89
167.287,0,Wall_3mx20cm_Conference_Door,1.36,0.35,-1.89
167.315,0,Wall_3mx20cm_Conference_Door,1.33,0.35,-1.88
167.343,0,Wall_3mx20cm_Conference_Door,1.34,0.35,-1.88
167.384,0,Wall_3mx20cm_Conference_Door,1.36,0.35,-1.88
167.412,0,Wall_3mx20cm_Conference_Door,1.37,0.35,-1.87
167.454,0,Wall_3mx20cm_Conference_Door,1.37,0.35,-1.87
167.482,0,Wall_3mx20cm_Conference_Door,1.38,0.35,-1.86
167.510,0,Wall_3mx20cm_Conference_Door,1.38,0.35,-1.86
167.551,0,Wall_3mx20cm_Conference_Door,1.38,0.35,-1.86
167.579,0,Wall_3mx20cm_Conference_Door,1.37,0.35,-1.86
167.607,0,Wall_3mx20cm_Conference_Door,1.37,0.35,-1.86
167.650,0,Wall_3mx20cm_Conference_Door,1.36,0.35,-1.86
167.677,0,Wall_3mx20cm_Conference_Door,1.35,0.35,-1.86
167.719,0,Wall_3mx20cm_Conference_Door,1.35,0.35,-1.86
167.747,0,Wall_3mx20cm_Conference_Door,1.36,0.35,-1.86
167.774,0,Wall_3mx20cm_Conference_Door,1.34,0.35,-1.85
167.816,0,Wall_3mx20cm_Conference_Door,1.35,0.35,-1.85
167.844,0,Wall_3mx20cm_Conference_Door,1.35,0.35,-1.85
167.886,0,Wall_3mx20cm_Conference_Door,1.34,0.35,-1.85
167.914,0,Wall_3mx20cm_Conference_Door,1.34,0.35,-1.85
167.941,0,Wall_3mx20cm_Conference_Door,1.34,0.35,-1.85
167.983,0,Wall_3mx20cm_Conference_Door,1.37,0.35,-1.85
168.011,0,Wall_3mx20cm_Conference_Door,1.35,0.35,-1.86
168.053,0,Wall_3mx20cm_Conference_Door,1.38,0.35,-1.85
168.081,0,Wall_3mx20cm_Conference_Door,1.40,0.35,-1.85
168.108,0,Wall_3mx20cm_Conference_Door,1.40,0.35,-1.85
168.150,0,Wall_3mx20cm_Conference_Door,1.40,0.35,-1.85
168.178,0,Wall_3mx20cm_Conference_Door,1.40,0.35,-1.86
168.220,0,Wall_3mx20cm_Conference_Door,1.41,0.36,-1.86
168.247,0,Wall_3mx20cm_Conference_Door,1.41,0.36,-1.85
168.275,0,Wall_3mx20cm_Conference_Door,1.41,0.35,-1.85
168.318,0,Wall_3mx20cm_Conference_Door,1.41,0.37,-1.84
168.346,0,Wall_3mx20cm_Conference_Door,1.41,0.37,-1.84
168.387,0,Wall_3mx20cm_Conference_Door,1.41,0.37,-1.84
168.414,0,Wall_3mx20cm_Conference_Door,1.41,0.37,-1.84
168.444,0,Wall_3mx20cm_Conference_Door,1.41,0.37,-1.84
168.484,0,Wall_3mx20cm_Conference_Door,1.41,0.37,-1.83
168.512,0,Wall_3mx20cm_Conference_Door,1.41,0.38,-1.83
168.554,0,Wall_3mx20cm_Conference_Door,1.41,0.38,-1.83
168.582,0,Wall_3mx20cm_Conference_Door,1.41,0.38,-1.83
168.610,0,Wall_3mx20cm_Conference_Door,1.41,0.38,-1.83
168.651,0,Wall_3mx20cm_Conference_Door,1.41,0.38,-1.82
168.679,0,Wall_3mx20cm_Conference_Door,1.41,0.38,-1.82
168.721,0,Wall_3mx20cm_Conference_Door,1.41,0.38,-1.82
168.748,0,Wall_3mx20cm_Conference_Door,1.41,0.38,-1.82
168.776,0,Wall_3mx20cm_Conference_Door,1.41,0.38,-1.82
168.818,0,Wall_3mx20cm_Conference_Door,1.41,0.38,-1.82
168.846,0,Wall_3mx20cm_Conference_Door,1.41,0.38,-1.82
168.874,0,Wall_3mx20cm_Conference_Door,1.41,0.38,-1.82
168.916,0,Wall_3mx20cm_Conference_Door,1.41,0.38,-1.82
168.943,0,Wall_3mx20cm_Conference_Door,1.41,0.38,-1.82
168.985,0,Wall_3mx20cm_Conference_Door,1.41,0.39,-1.82
169.013,0,Timer,1.41,0.39,-1.82
169.056,0,Timer,1.44,0.39,-1.82
169.083,0,Timer,1.46,0.39,-1.82
169.111,0,Timer,1.47,0.39,-1.83
169.152,0,Timer,1.47,0.40,-1.83
169.181,0,Timer,1.47,0.40,-1.83
169.209,0,Timer,1.47,0.40,-1.83
169.250,0,Timer,1.47,0.40,-1.83
169.278,0,Timer,1.47,0.41,-1.83
169.319,0,Timer,1.47,0.41,-1.83
169.347,0,Timer,1.47,0.41,-1.83
169.376,0,Timer,1.47,0.41,-1.83
169.417,0,Timer,1.47,0.41,-1.83
169.445,0,Timer,1.47,0.41,-1.83
169.488,0,Timer,1.47,0.40,-1.82
169.515,0,Timer,1.47,0.39,-1.82
169.542,0,Timer,1.46,0.39,-1.83
169.584,0,Timer,1.46,0.39,-1.83
169.612,0,Timer,1.45,0.39,-1.83
169.654,0,Timer,1.44,0.39,-1.83
169.682,0,Timer,1.44,0.39,-1.83
169.710,0,Timer,1.44,0.39,-1.83
169.752,0,Timer,1.43,0.39,-1.83
169.778,0,Timer,1.43,0.39,-1.83
169.820,0,Timer,1.44,0.39,-1.83
169.849,0,Timer,1.46,0.39,-1.83
169.876,0,Timer,1.47,0.39,-1.83
169.918,0,Timer,1.47,0.39,-1.83
169.946,0,Timer,1.47,0.39,-1.83
169.987,0,Timer,1.47,0.39,-1.83
170.015,0,Timer,1.46,0.39,-1.83
170.043,0,Timer,1.47,0.39,-1.83
170.085,0,Timer,1.47,0.39,-1.84
170.112,0,Timer,1.44,0.39,-1.84
170.154,0,Timer,1.44,0.39,-1.84
170.183,0,Timer,1.44,0.39,-1.84
170.210,0,Timer,1.45,0.39,-1.84
170.252,0,Timer,1.47,0.39,-1.84
170.280,0,Timer,1.46,0.39,-1.84
170.308,0,Timer,1.45,0.39,-1.84
170.349,0,Timer,1.47,0.39,-1.84
170.377,0,Timer,1.45,0.39,-1.84
170.419,0,Timer,1.43,0.39,-1.84
170.446,0,Timer,1.42,0.39,-1.83
170.489,0,Timer,1.42,0.39,-1.83
170.517,0,Timer,1.43,0.39,-1.82
170.544,0,Timer,1.45,0.39,-1.82
170.585,0,Timer,1.45,0.39,-1.81
170.613,0,Timer,1.46,0.39,-1.81
170.641,0,Timer,1.46,0.39,-1.82
170.683,0,Timer,1.47,0.39,-1.82
170.712,0,Timer,1.47,0.40,-1.82
170.753,0,Timer,1.47,0.40,-1.81
170.781,0,Timer,1.47,0.40,-1.81
170.809,0,Timer,1.47,0.39,-1.81
170.850,0,Timer,1.47,0.40,-1.81
170.878,0,Timer,1.47,0.40,-1.81
170.920,0,Timer,1.47,0.40,-1.81
170.948,0,Timer,1.47,0.40,-1.81
170.976,0,Timer,1.47,0.41,-1.81
171.018,0,Timer,1.47,0.41,-1.81
171.045,0,Timer,1.47,0.41,-1.81
171.087,0,Timer,1.47,0.41,-1.81
171.114,0,Timer,1.47,0.41,-1.81
171.143,0,Timer,1.47,0.41,-1.81
171.184,0,Timer,1.47,0.42,-1.81
171.212,0,Timer,1.47,0.42,-1.81
171.255,0,Timer,1.47,0.42,-1.80
171.282,0,Timer,1.47,0.42,-1.80
171.310,0,Timer,1.47,0.42,-1.80
171.352,0,Timer,1.47,0.42,-1.81
171.380,0,Timer,1.47,0.42,-1.81
171.421,0,Timer,1.47,0.43,-1.81
171.449,0,Timer,1.47,0.42,-1.81
171.477,0,Timer,1.47,0.41,-1.81
171.519,0,Timer,1.47,0.42,-1.80
171.547,0,Timer,1.47,0.42,-1.80
171.575,0,Timer,1.47,0.41,-1.79
171.616,0,Timer,1.47,0.40,-1.79
171.644,0,Timer,1.47,0.39,-1.79
171.686,0,Timer,1.47,0.39,-1.80
171.713,0,Timer,1.47,0.39,-1.81
171.742,0,Timer,1.47,0.39,-1.81
171.783,0,Timer,1.47,0.39,-1.81
171.812,0,Timer,1.46,0.39,-1.81
171.853,0,Timer,1.46,0.39,-1.81
171.881,0,Timer,1.45,0.39,-1.81
171.909,0,Timer,1.47,0.41,-1.81
171.950,0,Timer,1.47,0.40,-1.81
171.978,0,Timer,1.47,0.39,-1.81
172.020,0,Timer,1.47,0.40,-1.81
172.048,0,Timer,1.47,0.41,-1.81
172.076,0,Timer,1.47,0.42,-1.81
172.118,0,Timer,1.47,0.43,-1.81
172.146,0,Timer,1.47,0.43,-1.80
172.187,0,Timer,1.47,0.44,-1.80
172.215,0,Timer,1.47,0.45,-1.80
172.243,0,Timer,1.47,0.46,-1.80
172.285,0,Timer,1.47,0.46,-1.80
172.313,0,Timer,1.47,0.47,-1.80
172.354,0,Timer,1.47,0.46,-1.79
172.382,0,Timer,1.47,0.46,-1.78
172.411,0,Timer,1.47,0.47,-1.77
172.452,0,Timer,1.47,0.47,-1.76
172.480,0,Timer,1.47,0.47,-1.76
172.522,0,Timer,1.47,0.48,-1.76
172.550,0,Timer,1.47,0.49,-1.76
172.578,0,Timer,1.47,0.49,-1.76
172.620,0,Timer,1.47,0.48,-1.77
172.647,0,Timer,1.47,0.48,-1.77
172.675,0,Timer,1.47,0.48,-1.77
172.716,0,Timer,1.47,0.47,-1.78
172.744,0,Timer,1.47,0.45,-1.78
172.786,0,Timer,1.47,0.43,-1.78
172.814,0,Timer,1.47,0.43,-1.78
172.856,0,Timer,1.47,0.44,-1.79
172.884,0,Timer,1.47,0.43,-1.79
172.911,0,Timer,1.47,0.42,-1.80
172.953,0,Timer,1.47,0.43,-1.80
172.981,0,Timer,1.47,0.44,-1.80
173.009,0,Timer,1.47,0.44,-1.80
173.051,0,Timer,1.47,0.45,-1.79
173.078,0,Timer,1.47,0.43,-1.79
173.120,0,Timer,1.47,0.43,-1.78
173.148,0,Timer,1.47,0.42,-1.78
173.177,0,Timer,1.47,0.42,-1.79
173.217,0,Timer,1.47,0.44,-1.79
173.245,0,Timer,1.47,0.45,-1.80
173.287,0,Timer,1.47,0.45,-1.79
173.315,0,Timer,1.47,0.46,-1.79
173.342,0,Timer,1.47,0.46,-1.79
173.384,0,Timer,1.47,0.47,-1.79
173.412,0,Timer,1.47,0.48,-1.79
173.455,0,Timer,1.47,0.49,-1.79
173.482,0,Timer,1.47,0.49,-1.78
173.510,0,Timer,1.47,0.49,-1.78
173.552,0,Timer,1.47,0.48,-1.78
173.580,0,Timer,1.47,0.49,-1.78
173.622,0,Timer,1.47,0.50,-1.79
173.649,0,Timer,1.47,0.51,-1.78
173.677,0,Timer,1.47,0.50,-1.78
173.719,0,Timer,1.47,0.49,-1.78
173.747,0,Timer,1.47,0.50,-1.78
173.789,0,Timer,1.47,0.51,-1.78
173.816,0,Timer,1.47,0.52,-1.78
173.844,0,Timer,1.47,0.52,-1.78
173.887,0,Timer,1.47,0.51,-1.78
173.915,0,Timer,1.47,0.51,-1.78
173.956,0,Timer,1.47,0.49,-1.78
173.984,0,Timer,1.47,0.48,-1.78
174.011,0,Timer,1.47,0.46,-1.78
174.053,0,Timer,1.47,0.44,-1.78
174.081,0,Timer,1.47,0.44,-1.79
174.123,0,Timer,1.47,0.44,-1.79
174.150,0,Timer,1.47,0.45,-1.79
174.178,0,Timer,1.47,0.45,-1.79
174.220,0,Timer,1.47,0.44,-1.78
174.248,0,Timer,1.47,0.44,-1.78
174.276,0,Timer,1.47,0.44,-1.78
174.318,0,Timer,1.47,0.43,-1.78
174.346,0,Timer,1.47,0.43,-1.78
174.388,0,Timer,1.47,0.43,-1.78
174.415,0,Timer,1.47,0.43,-1.79
174.443,0,Timer,1.47,0.45,-1.79
174.485,0,Timer,1.47,0.47,-1.79
174.512,0,Timer,1.47,0.48,-1.78
174.554,0,Timer,1.47,0.49,-1.78
174.582,0,Timer,1.47,0.50,-1.78
174.610,0,Timer,1.47,0.50,-1.78
174.652,0,Timer,1.47,0.51,-1.77
174.679,0,Timer,1.47,0.51,-1.77
174.709,0,Timer,1.47,0.51,-1.77
174.749,0,Timer,1.47,0.52,-1.76
174.777,0,Timer,1.47,0.51,-1.75
174.820,0,Timer,1.47,0.51,-1.75
174.847,0,Timer,1.47,0.51,-1.74
174.888,0,Timer,1.47,0.51,-1.75
174.916,0,Timer,1.47,0.51,-1.75
174.944,0,Timer,1.47,0.51,-1.75
174.986,0,Timer,1.47,0.51,-1.74
175.014,0,Timer,1.47,0.51,-1.74
175.056,0,Timer,1.47,0.51,-1.74
175.084,0,Timer,1.47,0.51,-1.74
175.111,0,Timer,1.47,0.50,-1.74
175.153,0,Timer,1.47,0.50,-1.74
175.181,0,Timer,1.47,0.51,-1.74
175.209,0,Timer,1.47,0.52,-1.74
175.251,0,Timer,1.47,0.52,-1.73
175.278,0,Timer,1.47,0.53,-1.73
175.320,0,Timer,1.47,0.55,-1.74
175.348,0,Timer,1.47,0.55,-1.73
175.376,0,Timer,1.47,0.56,-1.73
175.418,0,Timer,1.47,0.57,-1.73
175.445,0,Timer,1.47,0.57,-1.74
175.487,0,Timer,1.47,0.57,-1.74
175.515,0,Timer,1.47,0.57,-1.74
175.543,0,Timer,1.47,0.57,-1.74
175.585,0,Timer,1.47,0.56,-1.74
175.612,0,Timer,1.47,0.56,-1.74
175.654,0,Timer,1.47,0.56,-1.74
175.682,0,Timer,1.47,0.56,-1.74
175.710,0,Timer,1.47,0.56,-1.74
175.751,0,Timer,1.47,0.57,-1.74
175.780,0,Timer,1.47,0.56,-1.74
175.821,0,Timer,1.47,0.56,-1.74
175.849,0,Timer,1.47,0.56,-1.74
175.877,0,Timer,1.47,0.56,-1.73
175.919,0,Timer,1.47,0.56,-1.73
175.947,0,Timer,1.47,0.55,-1.73
175.989,0,Timer,1.47,0.55,-1.73
176.016,0,Timer,1.47,0.56,-1.73
176.044,0,Timer,1.47,0.55,-1.73
176.085,0,Timer,1.47,0.55,-1.73
176.113,0,Timer,1.47,0.54,-1.73
176.155,0,Timer,1.47,0.53,-1.74
176.183,0,Timer,1.47,0.52,-1.74
176.210,0,Timer,1.47,0.52,-1.74
176.252,0,Timer,1.47,0.52,-1.74
176.280,0,Timer,1.47,0.52,-1.74
176.322,0,Timer,1.47,0.52,-1.73
176.350,0,Timer,1.47,0.52,-1.74
176.378,0,Timer,1.47,0.52,-1.74
176.420,0,Timer,1.47,0.53,-1.74
176.447,0,Timer,1.47,0.53,-1.74
176.489,0,Timer,1.47,0.53,-1.74
176.517,0,Timer,1.47,0.52,-1.73
176.545,0,Timer,1.47,0.53,-1.73
176.586,0,Timer,1.47,0.52,-1.74
176.614,0,Timer,1.47,0.52,-1.74
176.656,0,Timer,1.47,0.53,-1.74
176.684,0,Timer,1.47,0.53,-1.74
176.712,0,Timer,1.47,0.53,-1.74
176.754,0,Timer,1.47,0.53,-1.74
176.782,0,Timer,1.47,0.53,-1.73
176.809,0,Timer,1.47,0.53,-1.73
176.851,0,Timer,1.47,0.52,-1.74
176.880,0,Timer,1.47,0.52,-1.74
176.921,0,Timer,1.47,0.52,-1.75
176.949,0,Timer,1.47,0.51,-1.75
176.977,0,Timer,1.47,0.52,-1.76
177.019,0,Timer,1.47,0.52,-1.76
177.047,0,Timer,1.47,0.51,-1.76
177.088,0,Timer,1.47,0.51,-1.76
177.116,0,Timer,1.47,0.51,-1.76
177.143,0,Timer,1.47,0.51,-1.76
177.186,0,Timer,1.47,0.51,-1.76
177.213,0,Timer,1.47,0.50,-1.76
177.255,0,Timer,1.47,0.50,-1.76
177.283,0,Timer,1.47,0.50,-1.76
177.311,0,Timer,1.47,0.49,-1.76
177.352,0,Timer,1.47,0.49,-1.77
177.380,0,Timer,1.47,0.50,-1.77
177.423,0,Timer,1.47,0.49,-1.77
177.449,0,Timer,1.47,0.48,-1.77
177.478,0,Timer,1.47,0.48,-1.77
177.519,0,Timer,1.47,0.48,-1.77
177.547,0,Timer,1.47,0.48,-1.77
177.589,0,Timer,1.47,0.48,-1.76
177.617,0,Timer,1.47,0.48,-1.76
177.644,0,Timer,1.47,0.48,-1.76
177.687,0,Timer,1.47,0.48,-1.76
177.714,0,Timer,1.47,0.48,-1.76
177.742,0,Timer,1.47,0.48,-1.76
177.784,0,Timer,1.47,0.47,-1.77
177.813,0,Timer,1.47,0.48,-1.77
177.855,0,Timer,1.47,0.49,-1.77
177.883,0,Timer,1.47,0.50,-1.78
177.911,0,Timer,1.47,0.50,-1.78
177.951,0,Timer,1.47,0.51,-1.77
177.979,0,Timer,1.47,0.51,-1.78
178.021,0,Timer,1.47,0.52,-1.78
178.049,0,Timer,1.47,0.53,-1.78
178.077,0,Timer,1.47,0.53,-1.79
178.119,0,Timer,1.47,0.53,-1.79
178.146,0,Timer,1.47,0.53,-1.79
178.188,0,Timer,1.47,0.53,-1.79
178.216,0,Timer,1.47,0.53,-1.78
178.244,0,Timer,1.47,0.53,-1.78
178.286,0,Timer,1.47,0.53,-1.79
178.314,0,Timer,1.47,0.53,-1.79
178.355,0,Timer,1.47,0.52,-1.79
178.383,0,Timer,1.47,0.52,-1.79
178.411,0,Timer,1.47,0.51,-1.79
178.453,0,Timer,1.47,0.51,-1.78
178.480,0,Timer,1.47,0.51,-1.78
178.522,0,Timer,1.47,0.50,-1.77
178.550,0,Timer,1.47,0.50,-1.77
178.578,0,Timer,1.47,0.51,-1.77
178.620,0,Timer,1.47,0.52,-1.76
178.647,0,Timer,1.47,0.53,-1.76
178.689,0,Timer,1.47,0.52,-1.75
178.717,0,Timer,1.47,0.51,-1.75
178.745,0,Timer,1.47,0.49,-1.76
178.786,0,Timer,1.47,0.46,-1.77
178.814,0,Timer,1.47,0.46,-1.78
178.857,0,Timer,1.47,0.46,-1.78
178.884,0,Timer,1.47,0.45,-1.79
178.912,0,Timer,1.47,0.44,-1.79
178.954,0,Timer,1.47,0.44,-1.79
178.981,0,Timer,1.47,0.42,-1.78
179.009,0,Timer,1.47,0.40,-1.78
179.051,0,Timer,1.47,0.40,-1.79
179.079,0,Timer,1.47,0.40,-1.79
179.120,0,Timer,1.47,0.39,-1.80
179.148,0,Timer,1.45,0.39,-1.80
179.190,0,Wall_3mx20cm_Conference_Door,1.41,0.39,-1.81
179.218,0,Wall_3mx20cm_Conference_Door,1.41,0.38,-1.82
179.247,0,Wall_3mx20cm_Conference_Door,1.41,0.38,-1.82
179.288,0,Wall_3mx20cm_Conference_Door,1.41,0.38,-1.82
179.316,0,Wall_3mx20cm_Conference_Door,1.41,0.38,-1.82
179.344,0,Wall_3mx20cm_Conference_Door,1.41,0.38,-1.83
179.385,0,Wall_3mx20cm_Conference_Door,1.41,0.37,-1.82
179.413,0,Wall_3mx20cm_Conference_Door,1.41,0.37,-1.82
179.455,0,Wall_3mx20cm_Conference_Door,1.41,0.37,-1.82
179.483,0,Wall_3mx20cm_Conference_Door,1.41,0.36,-1.83
179.510,0,Wall_3mx20cm_Conference_Door,1.41,0.36,-1.83
179.552,0,Wall_3mx20cm_Conference_Door,1.41,0.36,-1.84
179.580,0,Wall_3mx20cm_Conference_Door,1.41,0.36,-1.85
179.622,0,Wall_3mx20cm_Conference_Door,1.41,0.36,-1.85
179.650,0,Wall_3mx20cm_Conference_Door,1.41,0.36,-1.85
179.677,0,Wall_3mx20cm_Conference_Door,1.41,0.36,-1.85
179.719,0,Wall_3mx20cm_Conference_Door,1.41,0.36,-1.84
179.747,0,Wall_3mx20cm_Conference_Door,1.41,0.36,-1.85
179.788,0,Wall_3mx20cm_Conference_Door,1.41,0.36,-1.85
179.816,0,Wall_3mx20cm_Conference_Door,1.41,0.36,-1.85
179.845,0,Wall_3mx20cm_Conference_Door,1.41,0.36,-1.85
179.887,0,Wall_3mx20cm_Conference_Door,1.41,0.36,-1.86
179.914,0,Wall_3mx20cm_Conference_Door,1.41,0.35,-1.86
179.956,0,Wall_3mx20cm_Conference_Door,1.38,0.35,-1.85
179.984,0,Wall_3mx20cm_Conference_Door,1.36,0.35,-1.85
180.012,0,Wall_3mx20cm_Conference_Door,1.36,0.35,-1.85
180.053,0,Wall_3mx20cm_Conference_Door,1.34,0.35,-1.85
180.083,0,Wall_3mx20cm_Conference_Door,1.34,0.35,-1.85
180.110,0,Wall_3mx20cm_Conference_Door,1.34,0.35,-1.85
180.150,0,Wall_3mx20cm_Conference_Door,1.33,0.35,-1.84
180.179,0,Wall_3mx20cm_Conference_Door,1.34,0.35,-1.84
180.220,0,Wall_3mx20cm_Conference_Door,1.33,0.35,-1.83
180.248,0,Wall_3mx20cm_Conference_Door,1.34,0.35,-1.83
180.290,0,Wall_3mx20cm_Conference_Door,1.34,0.35,-1.82
180.317,0,Wall_3mx20cm_Conference_Door,1.35,0.35,-1.82
180.346,0,Wall_3mx20cm_Conference_Door,1.36,0.35,-1.82
180.387,0,Wall_3mx20cm_Conference_Door,1.36,0.35,-1.82
180.416,0,Wall_3mx20cm_Conference_Door,1.38,0.35,-1.81
180.444,0,Wall_3mx20cm_Conference_Door,1.39,0.35,-1.81
180.485,0,Wall_3mx20cm_Conference_Door,1.40,0.35,-1.80
180.513,0,Wall_3mx20cm_Conference_Door,1.41,0.35,-1.80
180.554,0,Wall_3mx20cm_Conference_Door,1.41,0.36,-1.79
180.583,0,Wall_3mx20cm_Conference_Door,1.40,0.35,-1.79
180.610,0,Wall_3mx20cm_Conference_Door,1.40,0.35,-1.79
180.652,0,Wall_3mx20cm_Conference_Door,1.41,0.36,-1.78
180.680,0,Wall_3mx20cm_Conference_Door,1.41,0.37,-1.78
180.722,0,Wall_3mx20cm_Conference_Door,1.41,0.38,-1.79
180.749,0,Wall_3mx20cm_Conference_Door,1.41,0.38,-1.79
180.777,0,Wall_3mx20cm_Conference_Door,1.41,0.38,-1.79
180.819,0,Wall_3mx20cm_Conference_Door,1.41,0.38,-1.80
180.847,0,Wall_3mx20cm_Conference_Door,1.41,0.38,-1.80
180.889,0,Wall_3mx20cm_Conference_Door,1.41,0.38,-1.79
180.917,0,Wall_3mx20cm_Conference_Door,1.41,0.38,-1.79
180.945,0,Wall_3mx20cm_Conference_Door,1.41,0.37,-1.79
180.987,0,Wall_3mx20cm_Conference_Door,1.41,0.37,-1.79
181.015,0,Wall_3mx20cm_Conference_Door,1.41,0.37,-1.79
181.056,0,Wall_3mx20cm_Conference_Door,1.41,0.37,-1.79
181.084,0,Wall_3mx20cm_Conference_Door,1.41,0.37,-1.79
181.111,0,Wall_3mx20cm_Conference_Door,1.41,0.37,-1.79
181.154,0,Wall_3mx20cm_Conference_Door,1.41,0.38,-1.79
181.181,0,Wall_3mx20cm_Conference_Door,1.41,0.38,-1.79
181.223,0,Wall_3mx20cm_Conference_Door,1.41,0.38,-1.79
181.251,0,Wall_3mx20cm_Conference_Door,1.41,0.39,-1.79
181.279,0,Wall_3mx20cm_Conference_Door,1.41,0.39,-1.79
181.320,0,Timer,1.41,0.39,-1.79
181.349,0,Timer,1.42,0.39,-1.79
181.389,0,Timer,1.44,0.39,-1.79
181.418,0,Timer,1.46,0.39,-1.79
181.445,0,Timer,1.47,0.39,-1.79
181.486,0,Timer,1.47,0.39,-1.78
181.515,0,Timer,1.46,0.39,-1.78
181.557,0,Timer,1.47,0.39,-1.78
181.585,0,Timer,1.47,0.39,-1.78
181.612,0,Timer,1.47,0.39,-1.78
181.654,0,Timer,1.47,0.39,-1.78
181.682,0,Timer,1.46,0.39,-1.77
181.724,0,Timer,1.47,0.39,-1.77
181.752,0,Timer,1.46,0.39,-1.77
181.780,0,Timer,1.45,0.39,-1.77
181.822,0,Timer,1.43,0.39,-1.77
181.849,0,Timer,1.43,0.39,-1.77
181.877,0,Timer,1.43,0.39,-1.77
181.919,0,Timer,1.44,0.39,-1.77
181.946,0,Timer,1.44,0.39,-1.77
181.988,0,Timer,1.45,0.39,-1.77
182.016,0,Timer,1.47,0.39,-1.77
182.044,0,Timer,1.47,0.39,-1.77
182.086,0,Timer,1.47,0.39,-1.78
182.113,0,Timer,1.47,0.40,-1.78
182.156,0,Timer,1.47,0.40,-1.78
182.184,0,Timer,1.47,0.40,-1.78
182.211,0,Timer,1.47,0.40,-1.78
182.253,0,Timer,1.47,0.40,-1.78
182.281,0,Timer,1.47,0.40,-1.78
182.322,0,Timer,1.47,0.40,-1.78
182.351,0,Timer,1.47,0.40,-1.78
182.379,0,Timer,1.47,0.39,-1.78
182.420,0,Timer,1.47,0.39,-1.78
182.448,0,Timer,1.47,0.39,-1.78
182.490,0,Timer,1.47,0.39,-1.78
182.518,0,Timer,1.47,0.39,-1.78
182.545,0,Timer,1.47,0.39,-1.78
182.587,0,Timer,1.46,0.39,-1.78
182.615,0,Timer,1.47,0.39,-1.78
182.656,0,Timer,1.47,0.39,-1.78
182.684,0,Timer,1.47,0.39,-1.78
182.712,0,Timer,1.46,0.39,-1.78
182.754,0,Timer,1.46,0.39,-1.78
182.782,0,Timer,1.46,0.39,-1.78
182.824,0,Timer,1.46,0.39,-1.77
182.851,0,Timer,1.46,0.39,-1.77
182.879,0,Timer,1.46,0.39,-1.77
182.921,0,Timer,1.46,0.39,-1.78
182.949,0,Timer,1.46,0.39,-1.78
182.991,0,Timer,1.46,0.39,-1.78
183.018,0,Timer,1.46,0.39,-1.78
183.047,0,Timer,1.44,0.39,-1.79
183.088,0,Wall_3mx20cm_Conference_Door,1.41,0.39,-1.78
183.116,0,Wall_3mx20cm_Conference_Door,1.41,0.38,-1.78
183.144,0,Wall_3mx20cm_Conference_Door,1.41,0.38,-1.78
183.186,0,Wall_3mx20cm_Conference_Door,1.41,0.37,-1.77
183.214,0,Wall_3mx20cm_Conference_Door,1.41,0.36,-1.77
183.255,0,Wall_3mx20cm_Conference_Door,1.40,0.35,-1.74
183.283,0,Wall_3mx20cm_Conference_Door,1.35,0.35,-1.73
183.311,0,Wall_3mx20cm_Conference_Door,1.32,0.35,-1.72
183.353,0,Wall_3mx20cm_Conference_Door,1.36,0.35,-1.71
183.380,0,Wall_3mx20cm_Conference_Door,1.35,0.35,-1.70
183.422,0,Wall_3mx20cm_Conference_Door,1.23,0.35,-1.67
183.450,0,Wall_3mx20cm_Conference_Door,1.41,0.31,-1.66
183.478,0,Wall_3mx20cm_Conference_Door,1.41,0.30,-1.63
183.520,0,Wall_3mx20cm_Conference_Door,1.41,0.29,-1.60
183.548,0,Wall_3mx20cm_Conference_Door,1.41,0.27,-1.58
183.590,0,Wall_3mx20cm_Conference_Door,1.41,0.24,-1.55
183.618,0,Wall_3mx20cm_Conference_Door,1.41,0.22,-1.54
183.645,0,Wall_3mx20cm_Conference_Door,1.41,0.20,-1.52
183.688,0,Wall_3mx20cm_Conference_Door,1.41,0.18,-1.48
183.715,0,Wall_3mx20cm_Conference_Door,1.41,0.15,-1.46
183.758,0,Wall_3mx20cm_Conference_Door,1.41,0.12,-1.43
183.785,0,Wall_3mx20cm_Conference_Door,1.41,0.10,-1.40
183.812,0,Wall_3mx20cm_Conference_Door,1.41,0.08,-1.38
183.854,0,Wall_3mx20cm_Conference_Door,1.41,0.03,-1.34
183.882,0,Wall_3mx20cm_Conference_Door,1.41,0.00,-1.32
183.924,0,Wall_3mx20cm_Conference_Door,1.41,-0.05,-1.28
183.952,0,Wall_3mx20cm_Conference_Door,1.41,-0.08,-1.25
183.980,0,Wall_3mx20cm_Conference_Door,1.41,-0.11,-1.23
184.021,0,Wall_3mx20cm_Conference_Door,1.41,-0.17,-1.19
184.049,0,Wall_3mx20cm_Conference_Door,1.41,-0.20,-1.16
184.077,0,Wall_3mx20cm_Conference_Door,1.41,-0.24,-1.13
184.119,0,Wall_3mx20cm_Door (1),1.41,-0.28,-1.08
184.147,0,Wall_3mx20cm_Door (1),1.41,-0.32,-1.05
184.188,0,Wall_3mx20cm_Door (1),1.41,-0.37,-0.99
184.217,0,Wall_3mx20cm_Door (1),1.41,-0.41,-0.96
184.244,0,Wall_3mx20cm_Door (1),1.41,-0.44,-0.91
184.286,0,Wall_3mx20cm_Door (1),1.41,-0.49,-0.85
184.314,0,Wall_3mx20cm_Door (1),1.41,-0.53,-0.80
184.355,0,Wall_3mx20cm_Door (1),1.41,-0.59,-0.74
184.383,0,Wall_3mx20cm_Door (1),1.41,-0.62,-0.69
184.411,0,Wall_3mx20cm_Door (1),1.41,-0.67,-0.65
184.453,0,Wall_3mx20cm_Door (1),1.41,-0.73,-0.60
184.481,0,Wall_3mx20cm_Door (1),1.41,-0.77,-0.56
184.522,0,Wall_3mx20cm_Door (1),1.41,-0.85,-0.51
184.550,0,Wall_3mx20cm_Door (1),1.41,-0.89,-0.48
184.578,0,Wall_3mx20cm_Door (1),1.41,-0.93,-0.46
184.620,0,Wall_3mx20cm_Door (1),1.41,-0.98,-0.43
184.647,0,Wall_3mx20cm_Door (1),1.41,-1.01,-0.43
184.689,0,Wall_3mx20cm_Door (1),1.41,-1.04,-0.41
184.717,0,Wall_3mx20cm_Door (1),1.41,-1.05,-0.41
184.745,0,Wall_3mx20cm_Door (1),1.41,-1.07,-0.41
184.786,0,Wall_3mx20cm_Door (1),1.41,-1.08,-0.42
184.814,0,Wall_3mx20cm_Door (1),1.41,-1.09,-0.42
184.856,0,Auto Hand Player,6.63,-0.73,-1.84
184.884,0,Auto Hand Player,6.63,-0.73,-1.84
184.912,0,Auto Hand Player,6.63,-0.73,-1.84
184.954,0,Auto Hand Player,6.63,-0.73,-1.85
184.982,0,Auto Hand Player,6.63,-0.73,-1.85
185.023,0,Auto Hand Player,6.63,-0.73,-1.85
185.051,0,Auto Hand Player,6.63,-0.73,-1.85
185.079,0,Auto Hand Player,6.63,-0.73,-1.85
185.121,0,Auto Hand Player,6.63,-0.73,-1.85
185.149,0,Auto Hand Player,6.63,-0.73,-1.85
185.189,0,Auto Hand Player,6.63,-0.73,-1.85
185.217,0,Auto Hand Player,6.63,-0.73,-1.85
185.245,0,Auto Hand Player,6.63,-0.73,-1.85
185.287,0,Auto Hand Player,6.63,-0.73,-1.85
185.316,0,Auto Hand Player,6.63,-0.73,-1.85
185.357,0,Auto Hand Player,6.63,-0.72,-1.84
185.385,0,Auto Hand Player,6.63,-0.72,-1.84
185.413,0,Auto Hand Player,6.63,-0.72,-1.84
185.454,0,Auto Hand Player,6.63,-0.72,-1.84
185.482,0,Auto Hand Player,6.63,-0.72,-1.84
185.524,0,Auto Hand Player,6.63,-0.72,-1.84
185.552,0,Wall_3mx20cm_Door (1),1.41,-1.04,-0.42
185.580,0,Wall_3mx20cm_Door (1),1.41,-1.04,-0.43
185.621,0,Auto Hand Player,6.63,-0.72,-1.84
185.649,0,Wall_3mx20cm_Door (1),1.41,-1.03,-0.44
185.691,0,Auto Hand Player,6.63,-0.72,-1.84
185.720,0,Auto Hand Player,6.63,-0.72,-1.84
185.747,0,Auto Hand Player,6.63,-0.72,-1.84
185.788,0,Auto Hand Player,6.63,-0.72,-1.84
185.816,0,Auto Hand Player,6.63,-0.72,-1.84
185.858,0,Auto Hand Player,6.63,-0.72,-1.85
185.886,0,Auto Hand Player,6.63,-0.72,-1.85
185.913,0,Auto Hand Player,6.63,-0.72,-1.85
185.955,0,Auto Hand Player,6.63,-0.72,-1.85
185.983,0,Auto Hand Player,6.63,-0.72,-1.85
186.011,0,Auto Hand Player,6.63,-0.72,-1.85
186.053,0,Auto Hand Player,6.63,-0.72,-1.85
186.081,0,Auto Hand Player,6.63,-0.72,-1.85
186.123,0,Auto Hand Player,6.63,-0.72,-1.85
186.151,0,Auto Hand Player,6.63,-0.72,-1.85
186.183,0,Auto Hand Player,6.63,-0.72,-1.85
186.216,0,Auto Hand Player,6.63,-0.72,-1.85
186.263,0,Auto Hand Player,6.63,-0.72,-1.85
186.290,0,Auto Hand Player,6.63,-0.72,-1.85
186.318,0,Auto Hand Player,6.63,-0.72,-1.85
186.346,0,Auto Hand Player,6.63,-0.72,-1.85
186.387,0,Auto Hand Player,6.63,-0.72,-1.85
186.415,0,Auto Hand Player,6.63,-0.72,-1.85
186.457,0,Auto Hand Player,6.63,-0.72,-1.85
186.485,0,Auto Hand Player,6.63,-0.72,-1.85
186.513,0,Auto Hand Player,6.63,-0.72,-1.85
186.554,0,Auto Hand Player,6.63,-0.72,-1.85
186.583,0,Auto Hand Player,6.63,-0.72,-1.85
186.625,0,Auto Hand Player,6.63,-0.72,-1.85
186.652,0,Auto Hand Player,6.63,-0.72,-1.85
186.680,0,Auto Hand Player,6.63,-0.72,-1.85
186.722,0,Auto Hand Player,6.63,-0.72,-1.85
186.750,0,Auto Hand Player,6.63,-0.72,-1.85
186.791,0,Auto Hand Player,6.63,-0.72,-1.85
186.819,0,Auto Hand Player,6.63,-0.72,-1.85
186.847,0,Auto Hand Player,6.63,-0.72,-1.85
186.889,0,Auto Hand Player,6.63,-0.72,-1.85
186.916,0,Auto Hand Player,6.63,-0.72,-1.85
186.945,0,Auto Hand Player,6.63,-0.72,-1.85
186.986,0,Auto Hand Player,6.63,-0.72,-1.85
187.014,0,Auto Hand Player,6.63,-0.72,-1.85
187.056,0,Auto Hand Player,6.63,-0.72,-1.85
187.084,0,Auto Hand Player,6.63,-0.72,-1.85
187.111,0,Auto Hand Player,6.63,-0.72,-1.85
187.153,0,Auto Hand Player,6.63,-0.72,-1.85
187.181,0,Auto Hand Player,6.63,-0.72,-1.84
187.223,0,Auto Hand Player,6.63,-0.72,-1.84
187.251,0,Auto Hand Player,6.63,-0.72,-1.84
187.279,0,Auto Hand Player,6.63,-0.72,-1.84
187.315,0,Auto Hand Player,6.63,-0.72,-1.84
187.348,0,Auto Hand Player,6.63,-0.72,-1.84
187.390,0,Auto Hand Player,6.63,-0.72,-1.84
187.418,0,Auto Hand Player,6.63,-0.72,-1.84
187.445,0,Auto Hand Player,6.63,-0.72,-1.84
187.487,0,Auto Hand Player,6.63,-0.72,-1.84
187.515,0,Auto Hand Player,6.63,-0.72,-1.84
187.557,0,Auto Hand Player,6.63,-0.72,-1.84
187.585,0,Auto Hand Player,6.63,-0.72,-1.84
187.613,0,Auto Hand Player,6.63,-0.72,-1.84
187.654,0,Wall_3mx20cm_Door (1),1.41,-0.72,-0.43
187.682,0,Auto Hand Player,6.63,-0.72,-1.84
187.724,0,Wall_3mx20cm_Door (1),1.41,-0.72,-0.42
187.751,0,Wall_3mx20cm_Door (1),1.41,-0.72,-0.42
187.779,0,Wall_3mx20cm_Door (1),1.41,-0.72,-0.42
187.821,0,Wall_3mx20cm_Door (1),1.41,-0.73,-0.42
187.849,0,Wall_3mx20cm_Door (1),1.41,-0.73,-0.41
187.891,0,Wall_3mx20cm_Door (1),1.41,-0.73,-0.41
187.918,0,Wall_3mx20cm_Door (1),1.41,-0.72,-0.41
187.946,0,Wall_3mx20cm_Door (1),1.41,-0.73,-0.41
187.989,0,Wall_3mx20cm_Door (1),1.41,-0.73,-0.41
188.016,0,Auto Hand Player,6.63,-0.72,-1.84
188.058,0,Auto Hand Player,6.63,-0.72,-1.84
188.079,0,Auto Hand Player,6.63,-0.72,-1.84
188.113,0,Auto Hand Player,6.63,-0.72,-1.84
188.156,0,Auto Hand Player,6.63,-0.72,-1.84
188.183,0,Auto Hand Player,6.63,-0.72,-1.84
188.225,0,Auto Hand Player,6.63,-0.72,-1.84
188.252,0,Auto Hand Player,6.63,-0.72,-1.84
188.281,0,Auto Hand Player,6.63,-0.72,-1.84
188.323,0,Wall_3mx20cm_Door (1),1.41,-0.73,-0.42
188.350,0,Wall_3mx20cm_Door (1),1.41,-0.73,-0.42
188.378,0,Wall_3mx20cm_Door (1),1.41,-0.72,-0.42
188.420,0,Wall_3mx20cm_Door (1),1.41,-0.71,-0.41
188.448,0,Wall_3mx20cm_Door (1),1.41,-0.71,-0.41
188.489,0,Wall_3mx20cm_Door (1),1.41,-0.71,-0.41
188.517,0,Wall_3mx20cm_Door (1),1.41,-0.71,-0.41
188.545,0,Wall_3mx20cm_Door (1),1.41,-0.70,-0.41
188.587,0,Wall_3mx20cm_Door (1),1.41,-0.70,-0.41
188.615,0,Wall_3mx20cm_Door (1),1.41,-0.70,-0.41
188.657,0,Wall_3mx20cm_Door (1),1.41,-0.69,-0.41
188.684,0,Wall_3mx20cm_Door (1),1.41,-0.68,-0.41
188.712,0,Wall_3mx20cm_Door (1),1.41,-0.67,-0.41
188.754,0,Wall_3mx20cm_Door (1),1.41,-0.66,-0.41
188.788,0,Wall_3mx20cm_Door (1),1.41,-0.66,-0.41
188.817,0,Wall_3mx20cm_Door (1),1.41,-0.66,-0.41
188.873,0,Wall_3mx20cm_Door (1),1.41,-0.66,-0.42
188.896,0,Wall_3mx20cm_Door (1),1.41,-0.66,-0.42
188.921,0,Wall_3mx20cm_Door (1),1.41,-0.67,-0.42
188.949,0,Wall_3mx20cm_Door (1),1.41,-0.67,-0.42
188.992,0,Wall_3mx20cm_Door (1),1.41,-0.67,-0.42
189.019,0,Wall_3mx20cm_Door (1),1.41,-0.68,-0.42
189.047,0,Wall_3mx20cm_Door (1),1.41,-0.68,-0.42
189.088,0,Wall_3mx20cm_Door (1),1.41,-0.68,-0.42
189.116,0,Wall_3mx20cm_Door (1),1.41,-0.68,-0.42
189.157,0,Wall_3mx20cm_Door (1),1.41,-0.68,-0.42
189.185,0,Wall_3mx20cm_Door (1),1.41,-0.68,-0.42
189.214,0,Wall_3mx20cm_Door (1),1.41,-0.68,-0.43
189.255,0,Wall_3mx20cm_Door (1),1.41,-0.68,-0.43
189.282,0,Wall_3mx20cm_Door (1),1.41,-0.68,-0.43
189.324,0,Wall_3mx20cm_Door (1),1.41,-0.67,-0.43
189.353,0,Wall_3mx20cm_Door (1),1.41,-0.67,-0.44
189.380,0,Wall_3mx20cm_Door (1),1.41,-0.66,-0.44
189.422,0,Wall_3mx20cm_Door (1),1.41,-0.65,-0.45
189.450,0,Wall_3mx20cm_Door (1),1.41,-0.65,-0.46
189.492,0,Wall_3mx20cm_Door (1),1.41,-0.64,-0.49
189.520,0,Wall_3mx20cm_Door (1),1.41,-0.62,-0.51
189.547,0,Wall_3mx20cm_Door (1),1.41,-0.61,-0.54
189.589,0,Wall_3mx20cm_Door (1),1.41,-0.60,-0.60
189.617,0,Wall_3mx20cm_Door (1),1.41,-0.57,-0.65
189.659,0,Wall_3mx20cm_Door (1),1.41,-0.52,-0.76
189.687,0,Wall_3mx20cm_Door (1),1.41,-0.49,-0.84
189.714,0,Wall_3mx20cm_Door (1),1.41,-0.46,-0.91
189.757,0,Wall_3mx20cm_Door (1),1.41,-0.41,-1.04
189.784,0,Wall_3mx20cm_Conference_Door,1.41,-0.37,-1.12
189.812,0,Wall_3mx20cm_Conference_Door,1.41,-0.34,-1.20
189.854,0,Wall_3mx20cm_Conference_Door,1.41,-0.29,-1.33
189.882,0,Wall_3mx20cm_Conference_Door,1.41,-0.26,-1.41
189.924,0,Wall_3mx20cm_Conference_Door,1.41,-0.22,-1.53
189.952,0,Wall_3mx20cm_Conference_Door,1.41,-0.20,-1.60
189.981,0,Wall_3mx20cm_Conference_Door,1.35,-0.17,-1.67
190.021,0,Conference_Room_Door_L,1.33,-0.13,-1.76
190.049,0,Conference_Room_Door_L,1.33,-0.10,-1.81
190.091,0,Conference_Room_Door_L,1.33,-0.05,-1.89
190.119,0,Conference_Room_Door_L,1.33,-0.03,-1.93
190.147,0,Conference_Room_Door_L,1.33,0.00,-1.97
190.188,0,Conference_Room_Door_L,1.33,0.02,-2.02
190.216,0,Conference_Room_Door_L,1.33,0.04,-2.04
190.258,0,Conference_Room_Door_L,1.33,0.07,-2.07
190.286,0,Conference_Room_Door_L,1.33,0.08,-2.08
190.315,0,Conference_Room_Door_L,1.33,0.08,-2.08
190.356,0,Conference_Room_Door_L,1.33,0.08,-2.08
190.384,0,Conference_Room_Door_L,1.33,0.10,-2.08
190.426,0,Conference_Room_Door_L,1.33,0.11,-2.07
190.454,0,Conference_Room_Door_L,1.33,0.12,-2.07
190.481,0,Conference_Room_Door_L,1.33,0.13,-2.07
190.522,0,Conference_Room_Door_L,1.33,0.14,-2.06
190.550,0,Conference_Room_Door_L,1.33,0.14,-2.06
190.579,0,Conference_Room_Door_L,1.33,0.14,-2.06
190.620,0,Conference_Room_Door_L,1.33,0.15,-2.06
190.648,0,Conference_Room_Door_L,1.33,0.16,-2.06
190.690,0,Conference_Room_Door_L,1.33,0.15,-2.06
190.718,0,Conference_Room_Door_L,1.33,0.15,-2.06
190.759,0,Conference_Room_Door_L,1.33,0.15,-2.06
190.787,0,Conference_Room_Door_L,1.33,0.15,-2.06
190.815,0,Conference_Room_Door_L,1.33,0.16,-2.06
190.856,0,Conference_Room_Door_L,1.33,0.15,-2.05
190.885,0,Conference_Room_Door_L,1.33,0.14,-2.05
190.912,0,Conference_Room_Door_L,1.33,0.13,-2.05
190.953,0,Conference_Room_Door_L,1.33,0.14,-2.05
190.982,0,Conference_Room_Door_L,1.33,0.16,-2.05
191.024,0,Conference_Room_Door_L,1.33,0.16,-2.04
191.052,0,Conference_Room_Door_L,1.33,0.15,-2.03
191.080,0,Conference_Room_Door_L,1.33,0.14,-2.03
191.121,0,Conference_Room_Door_L,1.33,0.13,-2.04
191.149,0,Conference_Room_Door_L,1.33,0.14,-2.05
191.193,0,Conference_Room_Door_L,1.33,0.16,-2.04
191.219,0,Conference_Room_Door_L,1.33,0.16,-2.03
191.246,0,Conference_Room_Door_L,1.33,0.15,-2.03
191.288,0,Conference_Room_Door_L,1.33,0.14,-2.02
191.316,0,Conference_Room_Door_L,1.33,0.15,-2.02
191.358,0,Conference_Room_Door_L,1.33,0.17,-2.02
191.387,0,Conference_Room_Door_L,1.33,0.18,-2.02
191.413,0,Conference_Room_Door_L,1.33,0.17,-2.01
191.455,0,Conference_Room_Door_L,1.33,0.15,-2.02
191.483,0,Conference_Room_Door_L,1.33,0.15,-2.02
191.525,0,Conference_Room_Door_L,1.33,0.18,-2.02
191.553,0,Conference_Room_Door_L,1.33,0.20,-2.02
191.580,0,Conference_Room_Door_L,1.33,0.20,-2.02
191.622,0,Conference_Room_Door_L,1.33,0.19,-2.02
191.650,0,Conference_Room_Door_L,1.33,0.19,-2.02
191.692,0,Conference_Room_Door_L,1.33,0.20,-2.02
191.720,0,Conference_Room_Door_L,1.33,0.21,-2.02
191.748,0,Conference_Room_Door_L,1.33,0.22,-2.02
191.789,0,Conference_Room_Door_L,1.33,0.21,-2.02
191.820,0,Conference_Room_Door_L,1.33,0.21,-2.03
191.847,0,Conference_Room_Door_L,1.33,0.21,-2.04
191.888,0,Conference_Room_Door_L,1.33,0.22,-2.04
191.916,0,Conference_Room_Door_L,1.33,0.22,-2.05
191.957,0,Conference_Room_Door_L,1.33,0.20,-2.06
191.985,0,Conference_Room_Door_L,1.33,0.20,-2.07
192.012,0,Conference_Room_Door_L,1.33,0.21,-2.08
192.054,0,Conference_Room_Door_L,1.33,0.22,-2.09
192.082,0,Conference_Room_Door_L,1.33,0.23,-2.09
192.123,0,Conference_Room_Door_L,1.33,0.22,-2.10
192.151,0,Conference_Room_Door_L,1.33,0.22,-2.11
192.179,0,Conference_Room_Door_L,1.33,0.22,-2.12
192.222,0,Conference_Room_Door_L,1.33,0.24,-2.14
192.249,0,Conference_Room_Door_L,1.33,0.26,-2.14
192.291,0,Conference_Room_Door_L,1.33,0.27,-2.15
192.319,0,Conference_Room_Door_L,1.33,0.26,-2.15
192.346,0,Conference_Room_Door_L,1.33,0.25,-2.16
192.388,0,Conference_Room_Door_L,1.33,0.26,-2.17
192.416,0,Conference_Room_Door_L,1.33,0.28,-2.17
192.458,0,Conference_Room_Door_L,1.33,0.30,-2.18
192.485,0,Conference_Room_Door_L,1.33,0.30,-2.18
192.514,0,Conference_Room_Door_L,1.33,0.29,-2.19
192.556,0,Conference_Room_Door_L,1.33,0.30,-2.21
192.583,0,None,0,0,0
192.625,0,Wall_3mx20cm_Conference_Door,1.27,0.35,-2.23
192.653,0,Wall_3mx20cm_Conference_Door,1.27,0.35,-2.25
192.681,0,Wall_3mx20cm_Conference_Door,1.23,0.35,-2.26
192.723,0,Wall_3mx20cm_Conference_Door,1.22,0.35,-2.28
192.751,0,Wall_3mx20cm_Conference_Door,1.24,0.35,-2.27
192.792,0,Wall_3mx20cm_Conference_Door,1.32,0.35,-2.26
192.820,0,Wall_3mx20cm_Conference_Door,1.36,0.35,-2.25
192.848,0,Wall_3mx20cm_Conference_Door,1.30,0.35,-2.25
192.890,0,Wall_3mx20cm_Conference_Door,1.25,0.35,-2.26
192.917,0,Wall_3mx20cm_Conference_Door,1.28,0.35,-2.27
192.959,0,Wall_3mx20cm_Conference_Door,1.38,0.35,-2.26
192.987,0,Wall_3mx20cm_Conference_Door,1.38,0.35,-2.25
193.015,0,Wall_3mx20cm_Conference_Door,1.32,0.35,-2.26
193.056,0,None,0,0,0
193.084,0,None,0,0,0
193.126,0,Wall_3mx20cm_Conference_Door,1.28,0.35,-2.31
193.154,0,Wall_3mx20cm_Conference_Door,1.33,0.35,-2.30
193.182,0,Wall_3mx20cm_Conference_Door,1.32,0.35,-2.30
193.223,0,None,0,0,0
193.251,0,Conference_Room_Door_L,1.33,0.30,-2.31
193.293,0,Conference_Room_Door_L,1.33,0.30,-2.33
193.321,0,None,0,0,0
193.349,0,Wall_3mx20cm_Conference_Door,1.24,0.35,-2.34
193.390,0,None,0,0,0
193.419,0,None,0,0,0
193.447,0,Conference_Room_Door_L,1.33,0.28,-2.37
193.488,0,Conference_Room_Door_L,1.33,0.27,-2.43
193.516,0,Conference_Room_Door_L,1.33,0.26,-2.49
193.557,0,Conference_Room_Door_R,1.33,0.25,-2.64
193.586,0,Conference_Room_Door_R,1.33,0.23,-2.77
193.613,0,Conference_Room_Door_R,1.33,0.20,-2.90
193.655,0,Conference_Room_Door_R,1.33,0.18,-3.08
193.683,0,Conference_Room_Door_R,1.33,0.19,-3.21
193.725,0,Conference_Room_Door_R,1.33,0.19,-3.38
193.752,0,Conference_Room_Door_R,1.33,0.19,-3.48
193.780,0,Wall_3mx20cm_Conference_Door,1.41,0.18,-3.53
193.823,0,Wall_3mx20cm_Conference_Door,1.41,0.17,-3.63
193.850,0,Wall_3mx20cm_Conference_Door,1.41,0.17,-3.69
193.892,0,Wall_3mx20cm_Conference_Door,1.41,0.15,-3.78
193.920,0,Wall_3mx20cm_Conference_Door,1.41,0.13,-3.85
193.947,0,Wall_3mx20cm_Conference_Door,1.41,0.09,-3.93
193.989,0,Wall_3mx20cm_Conference_Door,1.41,0.06,-4.04
194.017,0,Wall_3mx40cm_Window,1.48,0.02,-4.10
194.059,0,Wall_3mx40cm_Window,1.72,-0.04,-4.10
194.086,0,Wall_3mx40cm_Window,1.89,-0.05,-4.10
194.115,0,Wall_3mx40cm_Window,2.06,-0.07,-4.10
194.156,0,Wall_3mx40cm_Window,2.28,-0.10,-4.10
194.183,0,Wall_3mx40cm_Window,2.42,-0.13,-4.10
194.226,0,Wall_3mx40cm_Window,2.62,-0.17,-4.10
194.254,0,Wall_3mx40cm_Window,2.74,-0.19,-4.10
194.281,0,Wall_3mx40cm_Window,2.82,-0.21,-4.10
194.323,0,Wall_3mx40cm_Window,2.93,-0.23,-4.10
194.352,0,Wall_3mx40cm_Window,3.00,-0.24,-4.10
194.393,0,Wall_3mx40cm_Window,3.06,-0.27,-4.10
194.421,0,Wall_3mx40cm_Window,3.11,-0.29,-4.10
194.449,0,Wall_3mx40cm_Window,3.15,-0.32,-4.10
194.490,0,Wall_3mx40cm_Window,3.20,-0.34,-4.10
194.519,0,Wall_3mx40cm_Window,3.23,-0.34,-4.10
194.546,0,Wall_3mx40cm_Window,3.28,-0.35,-4.10
194.588,0,Wall_3mx40cm_Window,3.33,-0.40,-4.10
194.616,0,Wall_3mx40cm_Window,3.38,-0.42,-4.10
194.658,0,Wall_3mx40cm_Window,3.44,-0.45,-4.10
194.686,0,Wall_3mx40cm_Window,3.48,-0.46,-4.10
194.714,0,Wall_3mx40cm_Window,3.53,-0.45,-4.10
194.755,0,Wall_3mx40cm_Window,3.55,-0.46,-4.10
194.783,0,Wall_3mx40cm_Window,3.57,-0.47,-4.10
194.825,0,Wall_3mx40cm_Window,3.62,-0.51,-4.10
194.853,0,Wall_3mx40cm_Window,3.65,-0.53,-4.10
194.881,0,Wall_3mx40cm_Window,3.68,-0.53,-4.10
194.923,0,Wall_3mx40cm_Window,3.71,-0.54,-4.10
194.950,0,Wall_3mx40cm_Window,3.71,-0.55,-4.10
194.992,0,Wall_3mx40cm_Window,3.72,-0.58,-4.10
195.020,0,Wall_3mx40cm_Window,3.72,-0.60,-4.10
195.048,0,Wall_3mx40cm_Window,3.73,-0.62,-4.10
195.090,0,Wall_3mx40cm_Window,3.72,-0.64,-4.10
195.117,0,Wall_3mx40cm_Window,3.70,-0.64,-4.10
195.159,0,Wall_3mx40cm_Window,3.69,-0.66,-4.10
195.187,0,Wall_3mx40cm_Window,3.67,-0.68,-4.10
195.215,0,Wall_3mx40cm_Window,3.67,-0.69,-4.10
195.257,0,Wall_3mx40cm_Window,3.67,-0.70,-4.10
195.284,0,Wall_3mx40cm_Window,3.68,-0.69,-4.10
195.326,0,Wall_3mx40cm_Window,3.71,-0.69,-4.10
195.354,0,Wall_3mx40cm_Window,3.71,-0.71,-4.10
195.382,0,Wall_3mx40cm_Window,3.72,-0.71,-4.10
195.424,0,Wall_3mx40cm_Window,3.74,-0.71,-4.10
195.452,0,Wall_3mx40cm_Window,3.74,-0.71,-4.10
195.494,0,Wall_3mx40cm_Window,3.73,-0.70,-4.10
195.521,0,Wall_3mx40cm_Window,3.72,-0.70,-4.10
195.549,0,Wall_3mx40cm_Window,3.72,-0.70,-4.10
195.591,0,Wall_3mx40cm_Window,3.72,-0.71,-4.10
195.619,0,Wall_3mx40cm_Window,3.72,-0.72,-4.10
195.647,0,Wall_3mx40cm_Window,3.73,-0.72,-4.10
195.689,0,Wall_3mx40cm_Window,3.73,-0.72,-4.10
195.716,0,Wall_3mx40cm_Window,3.73,-0.72,-4.10
195.758,0,Wall_3mx40cm_Window,3.72,-0.74,-4.10
195.786,0,Wall_3mx40cm_Window,3.70,-0.75,-4.10
195.814,0,Wall_3mx40cm_Window,3.69,-0.74,-4.10
195.855,0,Wall_3mx40cm_Window,3.66,-0.72,-4.10
195.883,0,Wall_3mx40cm_Window,3.63,-0.70,-4.10
195.925,0,Wall_3mx40cm_Window,3.61,-0.70,-4.10
195.953,0,Wall_3mx40cm_Window,3.61,-0.71,-4.10
195.981,0,Wall_3mx40cm_Window,3.62,-0.71,-4.10
196.022,0,Wall_3mx40cm_Window,3.63,-0.70,-4.10
196.050,0,Wall_3mx40cm_Window,3.64,-0.69,-4.10
196.092,0,Wall_3mx40cm_Window,3.64,-0.67,-4.10
196.120,0,Wall_3mx40cm_Window,3.63,-0.67,-4.10
196.148,0,Wall_3mx40cm_Window,3.62,-0.66,-4.10
196.190,0,Wall_3mx40cm_Window,3.61,-0.66,-4.10
196.217,0,Wall_3mx40cm_Window,3.60,-0.66,-4.10
196.259,0,Wall_3mx40cm_Window,3.61,-0.66,-4.10
196.287,0,Wall_3mx40cm_Window,3.63,-0.66,-4.10
196.315,0,Wall_3mx40cm_Window,3.64,-0.65,-4.10
196.357,0,Wall_3mx40cm_Window,3.66,-0.66,-4.10
196.384,0,Wall_3mx40cm_Window,3.65,-0.67,-4.10
196.426,0,Wall_3mx40cm_Window,3.65,-0.67,-4.10
196.454,0,Wall_3mx40cm_Window,3.65,-0.67,-4.10
196.482,0,Wall_3mx40cm_Window,3.64,-0.67,-4.10
196.523,0,Wall_3mx40cm_Window,3.64,-0.67,-4.10
196.552,0,Wall_3mx40cm_Window,3.64,-0.67,-4.10
196.594,0,Wall_3mx40cm_Window,3.63,-0.66,-4.10
196.621,0,Wall_3mx40cm_Window,3.62,-0.64,-4.10
196.649,0,Wall_3mx40cm_Window,3.60,-0.62,-4.10
196.691,0,Wall_3mx40cm_Window,3.59,-0.59,-4.10
196.718,0,Wall_3mx40cm_Window,3.59,-0.56,-4.10
196.760,0,Wall_3mx40cm_Window,3.59,-0.55,-4.10
196.789,0,Wall_3mx40cm_Window,3.59,-0.57,-4.10
196.816,0,Wall_3mx40cm_Window,3.61,-0.58,-4.10
196.858,0,Wall_3mx40cm_Window,3.65,-0.61,-4.10
196.885,0,Wall_3mx40cm_Window,3.68,-0.64,-4.10
196.913,0,Wall_3mx40cm_Window,3.69,-0.70,-4.10
196.955,0,Wall_3mx40cm_Window,3.70,-0.76,-4.10
196.983,0,Wall_3mx40cm_Window,3.71,-0.82,-4.10
197.025,0,Wall_3mx40cm_Window,3.72,-0.91,-4.10
197.053,0,Wall_3mx40cm_Window,3.72,-0.98,-4.10
197.081,0,Wall_3mx40cm_Window,3.72,-1.07,-4.10
197.122,0,Auto Hand Player,6.61,-0.74,-2.00
197.150,0,Auto Hand Player,6.61,-0.74,-2.00
197.192,0,Auto Hand Player,6.61,-0.74,-2.00
197.220,0,Auto Hand Player,6.61,-0.74,-1.99
197.248,0,Auto Hand Player,6.61,-0.75,-1.99
197.289,0,Conference_table,5.61,-1.10,-2.72
197.318,0,Auto Hand Player,6.61,-0.75,-1.99
