t,cond,hitObj,x,y,z
6.306,1,Middle,6.47,-1.29,-1.80
6.306,1,Middle,6.47,-1.29,-1.80
6.306,1,Middle,6.47,-1.29,-1.80
6.306,1,Middle,6.47,-1.29,-1.80
6.306,1,Middle,6.47,-1.29,-1.80
6.306,1,Middle,6.47,-1.29,-1.80
6.306,1,Middle,6.47,-1.29,-1.80
6.306,1,Middle,6.47,-1.29,-1.80
6.306,1,Middle,6.47,-1.29,-1.80
6.306,1,Middle,6.47,-1.29,-1.80
6.306,1,Middle,6.47,-1.29,-1.80
6.306,1,Middle,6.47,-1.29,-1.80
6.306,1,Middle,6.47,-1.29,-1.80
6.306,1,Middle,6.47,-1.29,-1.80
6.306,1,Middle,6.47,-1.29,-1.80
6.306,1,Middle,6.47,-1.29,-1.80
6.306,1,Middle,6.47,-1.29,-1.80
6.306,1,Middle,6.47,-1.29,-1.80
6.306,1,Middle,6.47,-1.29,-1.80
6.306,1,Middle,6.47,-1.29,-1.80
6.306,1,Middle,6.47,-1.29,-1.80
6.306,1,Middle,6.47,-1.29,-1.80
6.306,1,Middle,6.47,-1.29,-1.80
6.306,1,Middle,6.47,-1.29,-1.80
6.306,1,Middle,6.47,-1.29,-1.80
6.306,1,Middle,6.47,-1.29,-1.80
6.306,1,Middle,6.47,-1.29,-1.80
6.306,1,Middle,6.47,-1.29,-1.80
6.306,1,Middle,6.47,-1.29,-1.80
6.306,1,Middle,6.47,-1.29,-1.80
6.306,1,Middle,6.47,-1.29,-1.80
6.306,1,Middle,6.47,-1.29,-1.80
6.306,1,Middle,6.47,-1.29,-1.80
6.306,1,Middle,6.47,-1.29,-1.80
6.306,1,Middle,6.47,-1.29,-1.80
6.306,1,Middle,6.47,-1.29,-1.80
6.306,1,Middle,6.47,-1.29,-1.80
6.306,1,Middle,6.47,-1.29,-1.80
6.306,1,Middle,6.47,-1.29,-1.80
6.306,1,Middle,6.47,-1.29,-1.80
6.306,1,Middle,6.47,-1.29,-1.80
6.306,1,Middle,6.47,-1.29,-1.80
6.306,1,Middle,6.47,-1.29,-1.80
6.306,1,Middle,6.47,-1.29,-1.80
6.306,1,Middle,6.47,-1.29,-1.80
6.306,1,Middle,6.47,-1.29,-1.80
6.306,1,Middle,6.47,-1.29,-1.80
6.306,1,Middle,6.47,-1.29,-1.80
6.306,1,Middle,6.47,-1.29,-1.80
6.306,1,Middle,6.47,-1.29,-1.80
6.306,1,Middle,6.47,-1.29,-1.80
6.306,1,Middle,6.47,-1.29,-1.80
6.306,1,Middle,6.47,-1.29,-1.80
6.306,1,Middle,6.47,-1.29,-1.80
6.306,1,Middle,6.47,-1.29,-1.80
6.306,1,Middle,6.47,-1.29,-1.80
6.306,1,Middle,6.47,-1.29,-1.80
6.306,1,Middle,6.47,-1.29,-1.80
6.306,1,Middle,6.47,-1.29,-1.80
6.306,1,Middle,6.47,-1.29,-1.80
6.306,1,Middle,6.47,-1.29,-1.80
6.306,1,Middle,6.47,-1.29,-1.80
6.306,1,Middle,6.47,-1.29,-1.80
6.306,1,Middle,6.47,-1.29,-1.80
6.306,1,Middle,6.47,-1.29,-1.80
6.306,1,Middle,6.47,-1.29,-1.80
6.306,1,Middle,6.47,-1.29,-1.80
6.306,1,Middle,6.47,-1.29,-1.80
6.306,1,Middle,6.47,-1.29,-1.80
6.306,1,Middle,6.47,-1.29,-1.80
6.306,1,Middle,6.47,-1.29,-1.80
6.306,1,Middle,6.47,-1.29,-1.80
6.306,1,Middle,6.47,-1.29,-1.80
6.306,1,Middle,6.47,-1.29,-1.80
6.306,1,Middle,6.47,-1.29,-1.80
6.306,1,Middle,6.47,-1.29,-1.80
6.306,1,Middle,6.47,-1.29,-1.80
6.306,1,Middle,6.47,-1.29,-1.80
6.306,1,Middle,6.47,-1.29,-1.80
6.306,1,Middle,6.47,-1.29,-1.80
6.306,1,Middle,6.47,-1.29,-1.80
6.306,1,Middle,6.47,-1.29,-1.80
6.306,1,Middle,6.47,-1.29,-1.80
6.306,1,Middle,6.47,-1.29,-1.80
6.306,1,Middle,6.47,-1.29,-1.80
6.306,1,Middle,6.47,-1.29,-1.80
6.306,1,Middle,6.47,-1.29,-1.80
6.306,1,Middle,6.47,-1.29,-1.80
6.306,1,Middle,6.47,-1.29,-1.80
6.306,1,Middle,6.47,-1.29,-1.80
6.306,1,Middle,6.47,-1.29,-1.80
6.306,1,Middle,6.47,-1.29,-1.80
6.306,1,Middle,6.47,-1.29,-1.80
6.306,1,Middle,6.47,-1.29,-1.80
6.306,1,Middle,6.47,-1.29,-1.80
6.306,1,Middle,6.47,-1.29,-1.80
6.306,1,Middle,6.47,-1.29,-1.80
6.306,1,Middle,6.47,-1.29,-1.80
6.306,1,Middle,6.47,-1.29,-1.80
6.306,1,Middle,6.47,-1.29,-1.80
6.306,1,Middle,6.47,-1.29,-1.80
6.306,1,Middle,6.47,-1.29,-1.80
6.306,1,Middle,6.47,-1.29,-1.80
6.306,1,Middle,6.47,-1.29,-1.80
6.306,1,Middle,6.47,-1.29,-1.80
6.306,1,Middle,6.47,-1.29,-1.80
6.306,1,Middle,6.47,-1.29,-1.80
6.306,1,Middle,6.47,-1.29,-1.80
6.306,1,Middle,6.47,-1.29,-1.80
6.306,1,Middle,6.47,-1.29,-1.80
6.306,1,Middle,6.47,-1.29,-1.80
6.306,1,Middle,6.47,-1.29,-1.80
6.306,1,Middle,6.47,-1.29,-1.80
6.306,1,Middle,6.47,-1.29,-1.80
6.306,1,Middle,6.47,-1.29,-1.80
6.306,1,Middle,6.47,-1.29,-1.80
6.306,1,Middle,6.47,-1.29,-1.80
6.306,1,Middle,6.47,-1.29,-1.80
6.306,1,Middle,6.47,-1.29,-1.80
6.306,1,Middle,6.47,-1.29,-1.80
6.306,1,Middle,6.47,-1.29,-1.80
6.306,1,Middle,6.47,-1.29,-1.80
6.306,1,Middle,6.47,-1.29,-1.80
6.306,1,Middle,6.47,-1.29,-1.80
6.306,1,Middle,6.47,-1.29,-1.80
6.306,1,Middle,6.47,-1.29,-1.80
6.306,1,Middle,6.47,-1.29,-1.80
6.306,1,Middle,6.47,-1.29,-1.80
6.306,1,Middle,6.47,-1.29,-1.80
6.306,1,Middle,6.47,-1.29,-1.80
6.306,1,Middle,6.47,-1.29,-1.80
6.306,1,Middle,6.47,-1.29,-1.80
6.306,1,Middle,6.47,-1.29,-1.80
6.306,1,Middle,6.47,-1.29,-1.80
6.306,1,Middle,6.47,-1.29,-1.80
6.306,1,Middle,6.47,-1.29,-1.80
6.306,1,Middle,6.47,-1.29,-1.80
6.306,1,Middle,6.47,-1.29,-1.80
6.306,1,Middle,6.47,-1.29,-1.80
6.306,1,Middle,6.47,-1.29,-1.80
6.306,1,Middle,6.47,-1.29,-1.80
6.306,1,Middle,6.47,-1.29,-1.80
6.306,1,Middle,6.47,-1.29,-1.80
6.306,1,Middle,6.47,-1.29,-1.80
6.306,1,Middle,6.47,-1.29,-1.80
6.306,1,Middle,6.47,-1.29,-1.80
6.306,1,Middle,6.47,-1.29,-1.80
6.306,1,Middle,6.47,-1.29,-1.80
6.306,1,Middle,6.47,-1.29,-1.80
6.306,1,Middle,6.47,-1.29,-1.80
6.306,1,Middle,6.47,-1.29,-1.80
6.306,1,Middle,6.47,-1.29,-1.80
6.306,1,Middle,6.47,-1.29,-1.80
6.306,1,Middle,6.47,-1.29,-1.80
6.306,1,Middle,6.47,-1.29,-1.80
6.306,1,Middle,6.47,-1.29,-1.80
6.306,1,Middle,6.47,-1.29,-1.80
6.306,1,Middle,6.47,-1.29,-1.80
6.306,1,Middle,6.47,-1.29,-1.80
6.306,1,Middle,6.47,-1.29,-1.80
6.306,1,Middle,6.47,-1.29,-1.80
6.306,1,Middle,6.47,-1.29,-1.80
6.306,1,Middle,6.47,-1.29,-1.80
6.306,1,Middle,6.47,-1.29,-1.80
6.306,1,Middle,6.47,-1.29,-1.80
6.306,1,Middle,6.47,-1.29,-1.80
6.306,1,Middle,6.47,-1.29,-1.80
6.306,1,Middle,6.47,-1.29,-1.80
6.306,1,Middle,6.47,-1.29,-1.80
6.306,1,Middle,6.47,-1.29,-1.80
6.306,1,Middle,6.47,-1.29,-1.80
6.306,1,Middle,6.47,-1.29,-1.80
6.306,1,Middle,6.47,-1.29,-1.80
6.306,1,Middle,6.47,-1.29,-1.80
6.306,1,Middle,6.47,-1.29,-1.80
6.306,1,Middle,6.47,-1.29,-1.80
6.306,1,Middle,6.47,-1.29,-1.80
6.306,1,Middle,6.47,-1.29,-1.80
6.306,1,Middle,6.47,-1.29,-1.80
6.306,1,Middle,6.47,-1.29,-1.80
6.306,1,Middle,6.47,-1.29,-1.80
6.306,1,Middle,6.47,-1.29,-1.80
6.306,1,Middle,6.47,-1.29,-1.80
6.306,1,Middle,6.47,-1.29,-1.80
6.306,1,Middle,6.47,-1.29,-1.80
6.306,1,Middle,6.47,-1.29,-1.80
6.306,1,Middle,6.47,-1.29,-1.80
6.306,1,Middle,6.47,-1.29,-1.80
6.306,1,Middle,6.47,-1.29,-1.80
6.306,1,Middle,6.47,-1.29,-1.80
6.339,1,Middle1,6.48,-1.39,-1.80
6.368,1,Collider,6.49,-1.44,-1.80
6.409,1,Collider,6.49,-1.56,-1.80
6.439,1,Collider,6.49,-1.63,-1.80
6.483,1,Middle,6.48,-1.72,-1.80
6.508,1,Collider,6.49,-1.67,-1.80
6.535,1,Collider,6.49,-1.63,-1.80
6.576,1,Collider,6.49,-1.65,-1.80
6.600,1,Collider,6.49,-1.65,-1.80
6.646,1,Collider,6.49,-1.65,-1.80
6.670,1,Collider,6.49,-1.65,-1.80
6.701,1,Collider,6.49,-1.65,-1.80
6.744,1,Collider,6.49,-1.65,-1.80
6.771,1,Collider,6.49,-1.65,-1.80
6.813,1,Collider,6.49,-1.65,-1.80
6.840,1,Collider,6.49,-1.65,-1.80
6.869,1,Collider,6.49,-1.65,-1.80
6.951,1,Wall_3mx20cm_Wood_Panels (2),2.57,0.90,-0.31
6.951,1,Wall_3mx20cm_Wood_Panels (2),2.57,0.90,-0.31
6.974,1,Wall_3mx20cm_Wood_Panels (2),2.70,0.75,-0.31
7.016,1,Wall_3mx20cm_Wood_Panels (2),2.98,0.57,-0.31
7.074,1,Wall_3mx20cm_Wood_Panels (2),2.95,0.57,-0.31
7.074,1,Wall_3mx20cm_Wood_Panels (2),2.95,0.57,-0.31
7.107,1,Wall_3mx20cm_Wood_Panels (2),2.88,0.57,-0.31
7.136,1,Wall_3mx20cm_Wood_Panels (2),2.69,0.62,-0.31
7.178,1,Wall_3mx20cm_Wood_Panels (2),2.39,0.72,-0.31
7.217,1,Wall_3mx20cm_Wood_Panels (2),2.23,0.84,-0.31
7.246,1,Wall_3mx20cm_Wood_Panels (2),1.89,1.04,-0.31
7.289,1,Wall_3mx20cm_Wood_Panels (2),1.56,1.23,-0.31
7.316,1,Wall_3mx20cm_Door (1),1.41,1.31,-0.33
7.343,1,Wall_3mx20cm_Door (1),1.41,1.37,-0.42
7.372,1,Wall_3mx20cm_Door (1),1.41,1.42,-0.51
7.427,1,Ceiling_log_3m (20),1.43,1.50,-0.67
7.455,1,Ceiling_log_3m (20),1.52,1.50,-0.76
7.482,1,Ceiling_log_3m (20),1.52,1.52,-0.81
7.511,1,Ceiling_log_3m (20),1.52,1.53,-0.85
7.540,1,Ceiling_log_3m (20),1.52,1.52,-0.89
7.573,1,Ceiling_log_3m (20),1.52,1.53,-0.93
7.620,1,Ceiling_log_3m (20),1.52,1.56,-0.99
7.650,1,Ceiling_log_3m (20),1.52,1.58,-1.02
7.676,1,Ceiling_log_3m (20),1.52,1.59,-1.04
7.704,1,Ceiling_log_3m (20),1.52,1.63,-1.07
7.735,1,Ceiling_log_3m (20),1.52,1.67,-1.11
7.779,1,Ceiling_3x3m (6),1.54,1.70,-1.16
7.814,1,Ceiling_3x3m (6),1.65,1.70,-1.22
7.842,1,Ceiling_3x3m (6),1.60,1.70,-1.24
7.871,1,Ceiling_log_3m (20),1.52,1.69,-1.24
7.911,1,Ceiling_3x3m (6),1.54,1.70,-1.25
7.940,1,Ceiling_3x3m (6),1.54,1.70,-1.25
7.968,1,Ceiling_3x3m (6),1.59,1.70,-1.26
8.010,1,Ceiling_3x3m (6),1.57,1.70,-1.27
8.038,1,Ceiling_3x3m (6),1.55,1.70,-1.27
8.079,1,Ceiling_3x3m (6),1.53,1.70,-1.26
8.107,1,Ceiling_log_3m (20),1.52,1.69,-1.27
8.135,1,Ceiling_3x3m (6),1.57,1.70,-1.28
8.177,1,Ceiling_3x3m (6),1.55,1.70,-1.29
8.205,1,Ceiling_3x3m (6),1.60,1.70,-1.30
8.248,1,Ceiling_3x3m (6),1.59,1.70,-1.31
8.276,1,Ceiling_3x3m (6),1.55,1.70,-1.32
8.304,1,Ceiling_3x3m (6),1.53,1.70,-1.33
8.345,1,Ceiling_3x3m (6),1.54,1.70,-1.35
8.372,1,Ceiling_log_3m (20),1.52,1.68,-1.37
8.400,1,Ceiling_log_3m (20),1.52,1.65,-1.38
8.442,1,Ceiling_log_3m (20),1.52,1.61,-1.39
8.470,1,Ceiling_log_3m (20),1.52,1.58,-1.41
8.512,1,Ceiling_log_3m (20),1.52,1.55,-1.42
8.540,1,Ceiling_log_3m (20),1.52,1.52,-1.43
8.568,1,Ceiling_log_3m (20),1.52,1.51,-1.44
8.610,1,Ceiling_log_3m (20),1.52,1.51,-1.46
8.638,1,Ceiling_log_3m (20),1.50,1.50,-1.47
8.679,1,Wall_3mx20cm_Conference_Door,1.41,1.48,-1.47
8.706,1,Wall_3mx20cm_Conference_Door,1.41,1.43,-1.46
8.734,1,Wall_3mx20cm_Conference_Door,1.41,1.37,-1.44
8.775,1,Wall_3mx20cm_Conference_Door,1.41,1.33,-1.41
8.802,1,Wall_3mx20cm_Conference_Door,1.41,1.31,-1.40
8.845,1,Wall_3mx20cm_Conference_Door,1.41,1.35,-1.41
8.873,1,Wall_3mx20cm_Conference_Door,1.41,1.38,-1.42
8.902,1,Wall_3mx20cm_Conference_Door,1.41,1.37,-1.43
8.944,1,Wall_3mx20cm_Conference_Door,1.41,1.34,-1.47
8.970,1,Wall_3mx20cm_Conference_Door,1.41,1.30,-1.49
9.012,1,Wall_3mx20cm_Conference_Door,1.41,1.24,-1.51
9.040,1,Wall_3mx20cm_Conference_Door,1.41,1.20,-1.53
9.068,1,Wall_3mx20cm_Conference_Door,1.41,1.19,-1.55
9.110,1,Wall_3mx20cm_Conference_Door,1.41,1.19,-1.57
9.138,1,Wall_3mx20cm_Conference_Door,1.41,1.22,-1.59
9.180,1,Wall_3mx20cm_Conference_Door,1.41,1.29,-1.64
9.207,1,Wall_3mx20cm_Conference_Door,1.41,1.31,-1.66
9.235,1,Wall_3mx20cm_Conference_Door,1.41,1.32,-1.69
9.277,1,Wall_3mx20cm_Conference_Door,1.41,1.33,-1.72
9.305,1,Wall_3mx20cm_Conference_Door,1.41,1.34,-1.75
9.347,1,Wall_3mx20cm_Conference_Door,1.41,1.33,-1.78
9.374,1,Wall_3mx20cm_Conference_Door,1.41,1.30,-1.78
9.402,1,Wall_3mx20cm_Conference_Door,1.41,1.26,-1.77
9.444,1,Wall_3mx20cm_Conference_Door,1.41,1.22,-1.76
9.472,1,Wall_3mx20cm_Conference_Door,1.41,1.16,-1.76
9.513,1,Timer,1.47,1.01,-1.75
9.542,1,Timer,1.47,0.92,-1.76
9.569,1,Timer,1.47,0.79,-1.76
9.611,1,Timer,1.47,0.57,-1.75
9.639,1,Timer,1.47,0.43,-1.74
9.667,1,Wall_3mx20cm_Conference_Door,1.22,0.35,-1.74
9.708,1,Conference_Room_Door_L,1.33,0.19,-1.76
9.736,1,Conference_Room_Door_L,1.33,0.10,-1.78
9.779,1,Conference_Room_Door_L,1.33,0.01,-1.80
9.806,1,Conference_Room_Door_L,1.33,-0.04,-1.82
9.834,1,Conference_Room_Door_L,1.33,-0.10,-1.86
9.876,1,Conference_Room_Door_L,1.33,-0.16,-1.91
9.905,1,Conference_Room_Door_L,1.33,-0.22,-1.93
9.945,1,Conference_Room_Door_L,1.33,-0.31,-1.96
9.973,1,Conference_Room_Door_L,1.33,-0.35,-1.97
10.013,1,Conference_Room_Door_L,1.33,-0.39,-1.99
10.041,1,Conference_Room_Door_L,1.33,-0.41,-2.01
10.070,1,Conference_Room_Door_L,1.33,-0.42,-2.02
10.111,1,Conference_Room_Door_L,1.33,-0.42,-2.05
10.140,1,Conference_Room_Door_L,1.33,-0.43,-2.06
10.168,1,Conference_Room_Door_L,1.33,-0.45,-2.07
10.210,1,Conference_Room_Door_L,1.33,-0.48,-2.06
10.238,1,Conference_Room_Door_L,1.33,-0.49,-2.05
10.281,1,Conference_Room_Door_L,1.33,-0.53,-2.05
10.308,1,Conference_Room_Door_L,1.33,-0.56,-2.05
10.337,1,Conference_Room_Door_L,1.33,-0.58,-2.04
10.378,1,Conference_Room_Door_L,1.33,-0.56,-1.98
10.405,1,Conference_Room_Door_L,1.33,-0.52,-1.94
10.447,1,Conference_Room_Door_L,1.33,-0.50,-1.86
10.474,1,Conference_Room_Door_L,1.33,-0.50,-1.81
10.503,1,Conference_Room_Door_L,1.33,-0.51,-1.76
10.544,1,None,0,0,0
10.573,1,None,0,0,0
10.601,1,Wall_3mx20cm_Conference_Door,1.41,-0.55,-1.65
10.643,1,Wall_3mx20cm_Conference_Door,1.41,-0.57,-1.62
10.670,1,Wall_3mx20cm_Conference_Door,1.41,-0.55,-1.61
10.712,1,Wall_3mx20cm_Conference_Door,1.41,-0.50,-1.59
10.740,1,Wall_3mx20cm_Conference_Door,1.41,-0.45,-1.58
10.769,1,Wall_3mx20cm_Conference_Door,1.41,-0.44,-1.58
10.809,1,Wall_3mx20cm_Conference_Door,1.41,-0.50,-1.57
10.838,1,Wall_3mx20cm_Conference_Door,1.41,-0.53,-1.56
10.880,1,Wall_3mx20cm_Conference_Door,1.41,-0.52,-1.57
10.908,1,Wall_3mx20cm_Conference_Door,1.41,-0.49,-1.58
10.936,1,Wall_3mx20cm_Conference_Door,1.41,-0.47,-1.59
10.978,1,Wall_3mx20cm_Conference_Door,1.41,-0.43,-1.61
11.005,1,Wall_3mx20cm_Conference_Door,1.41,-0.40,-1.61
11.034,1,Wall_3mx20cm_Conference_Door,1.41,-0.34,-1.62
11.075,1,Wall_3mx20cm_Conference_Door,1.41,-0.31,-1.63
11.104,1,Wall_3mx20cm_Conference_Door,1.41,-0.29,-1.63
11.146,1,Wall_3mx20cm_Conference_Door,1.41,-0.30,-1.63
11.174,1,Wall_3mx20cm_Conference_Door,1.41,-0.32,-1.62
11.202,1,Wall_3mx20cm_Conference_Door,1.41,-0.33,-1.61
11.243,1,Wall_3mx20cm_Conference_Door,1.41,-0.36,-1.59
11.271,1,Wall_3mx20cm_Conference_Door,1.41,-0.38,-1.58
11.312,1,Wall_3mx20cm_Conference_Door,1.41,-0.37,-1.56
11.340,1,Wall_3mx20cm_Conference_Door,1.41,-0.34,-1.55
11.369,1,Wall_3mx20cm_Conference_Door,1.41,-0.30,-1.53
11.409,1,Wall_3mx20cm_Conference_Door,1.41,-0.25,-1.55
11.438,1,Wall_3mx20cm_Conference_Door,1.41,-0.29,-1.56
11.467,1,Wall_3mx20cm_Conference_Door,1.41,-0.37,-1.57
11.507,1,Wall_3mx20cm_Conference_Door,1.41,-0.45,-1.54
11.536,1,Wall_3mx20cm_Conference_Door,1.41,-0.45,-1.53
11.577,1,Wall_3mx20cm_Conference_Door,1.41,-0.41,-1.50
11.605,1,Wall_3mx20cm_Conference_Door,1.41,-0.41,-1.50
11.634,1,Wall_3mx20cm_Conference_Door,1.41,-0.42,-1.49
11.675,1,Wall_3mx20cm_Conference_Door,1.41,-0.43,-1.50
11.704,1,Wall_3mx20cm_Conference_Door,1.41,-0.42,-1.51
11.745,1,Wall_3mx20cm_Conference_Door,1.41,-0.42,-1.53
11.773,1,Wall_3mx20cm_Conference_Door,1.41,-0.42,-1.54
11.801,1,Wall_3mx20cm_Conference_Door,1.41,-0.44,-1.55
11.843,1,Wall_3mx20cm_Conference_Door,1.41,-0.48,-1.56
11.870,1,Wall_3mx20cm_Conference_Door,1.41,-0.50,-1.56
11.912,1,Wall_3mx20cm_Conference_Door,1.41,-0.52,-1.57
11.940,1,Wall_3mx20cm_Conference_Door,1.41,-0.54,-1.57
11.969,1,Wall_3mx20cm_Conference_Door,1.41,-0.56,-1.57
12.011,1,Wall_3mx20cm_Conference_Door,1.41,-0.58,-1.57
12.038,1,Wall_3mx20cm_Conference_Door,1.41,-0.60,-1.57
12.079,1,Wall_3mx20cm_Conference_Door,1.41,-0.62,-1.57
12.107,1,Wall_3mx20cm_Conference_Door,1.41,-0.63,-1.57
12.136,1,Wall_3mx20cm_Conference_Door,1.41,-0.63,-1.56
12.176,1,Wall_3mx20cm_Conference_Door,1.41,-0.60,-1.56
12.204,1,Wall_3mx20cm_Conference_Door,1.41,-0.61,-1.58
12.246,1,Wall_3mx20cm_Conference_Door,1.41,-0.61,-1.59
12.273,1,Wall_3mx20cm_Conference_Door,1.41,-0.60,-1.60
12.301,1,Wall_3mx20cm_Conference_Door,1.41,-0.60,-1.62
12.344,1,Wall_3mx20cm_Conference_Door,1.41,-0.58,-1.64
12.371,1,Wall_3mx20cm_Conference_Door,1.41,-0.57,-1.64
12.412,1,Wall_3mx20cm_Conference_Door,1.41,-0.54,-1.66
12.440,1,Wall_3mx20cm_Conference_Door,1.41,-0.51,-1.67
12.469,1,None,0,0,0
12.510,1,None,0,0,0
12.538,1,None,0,0,0
12.580,1,Conference_Room_Door_L,1.33,-0.30,-1.73
12.607,1,Conference_Room_Door_L,1.33,-0.26,-1.75
12.635,1,Conference_Room_Door_L,1.33,-0.22,-1.78
12.677,1,Conference_Room_Door_L,1.33,-0.19,-1.81
12.705,1,Conference_Room_Door_L,1.33,-0.16,-1.84
12.746,1,Conference_Room_Door_L,1.33,-0.11,-1.88
12.774,1,Conference_Room_Door_L,1.33,-0.09,-1.92
12.802,1,Conference_Room_Door_L,1.33,-0.06,-1.96
12.844,1,Conference_Room_Door_L,1.33,-0.04,-2.01
12.872,1,Conference_Room_Door_L,1.33,-0.01,-2.05
12.914,1,Conference_Room_Door_L,1.33,0.04,-2.11
12.942,1,Conference_Room_Door_L,1.33,0.06,-2.14
12.970,1,Conference_Room_Door_L,1.33,0.08,-2.17
13.012,1,Conference_Room_Door_L,1.33,0.11,-2.21
13.041,1,Conference_Room_Door_L,1.33,0.13,-2.23
13.068,1,Conference_Room_Door_L,1.33,0.15,-2.25
13.111,1,Conference_Room_Door_L,1.33,0.19,-2.29
13.138,1,Conference_Room_Door_L,1.33,0.20,-2.30
13.179,1,Conference_Room_Door_L,1.33,0.22,-2.31
13.207,1,Conference_Room_Door_L,1.33,0.24,-2.31
13.234,1,Conference_Room_Door_L,1.33,0.24,-2.31
13.276,1,Conference_Room_Door_L,1.33,0.26,-2.29
13.305,1,Conference_Room_Door_L,1.33,0.26,-2.28
13.346,1,Conference_Room_Door_L,1.33,0.28,-2.27
13.374,1,Conference_Room_Door_L,1.33,0.28,-2.26
13.403,1,Conference_Room_Door_L,1.33,0.30,-2.24
13.445,1,Wall_3mx20cm_Conference_Door,1.23,0.35,-2.22
13.472,1,Wall_3mx20cm_Conference_Door,1.33,0.35,-2.20
13.501,1,Wall_3mx20cm_Conference_Door,1.41,0.36,-2.18
13.542,1,Wall_3mx20cm_Conference_Door,1.41,0.37,-2.18
13.570,1,Wall_3mx20cm_Conference_Door,1.41,0.38,-2.18
13.612,1,Timer,1.42,0.39,-2.20
13.640,1,Wall_3mx20cm_Conference_Door,1.41,0.39,-2.21
13.668,1,Wall_3mx20cm_Conference_Door,1.41,0.39,-2.23
13.711,1,Timer,1.43,0.39,-2.26
13.738,1,Timer,1.43,0.39,-2.28
13.779,1,Wall_3mx20cm_Conference_Door,1.41,0.39,-2.32
13.806,1,Wall_3mx20cm_Conference_Door,1.41,0.38,-2.34
13.835,1,Wall_3mx20cm_Conference_Door,1.41,0.38,-2.37
13.877,1,Wall_3mx20cm_Conference_Door,1.41,0.37,-2.41
13.905,1,Wall_3mx20cm_Conference_Door,1.41,0.36,-2.44
13.946,1,Wall_3mx20cm_Conference_Door,1.41,0.36,-2.48
13.975,1,Wall_3mx20cm_Conference_Door,1.40,0.35,-2.50
14.001,1,Wall_3mx20cm_Conference_Door,1.40,0.35,-2.51
14.045,1,Wall_3mx20cm_Conference_Door,1.41,0.36,-2.53
14.071,1,Wall_3mx20cm_Conference_Door,1.41,0.36,-2.53
14.100,1,Wall_3mx20cm_Conference_Door,1.39,0.35,-2.53
14.140,1,Wall_3mx20cm_Conference_Door,1.33,0.35,-2.57
14.168,1,Wall_3mx20cm_Conference_Door,1.26,0.35,-2.60
14.208,1,None,0,0,0
14.235,1,Conference_Room_Door_R,1.33,0.29,-2.64
14.278,1,Conference_Room_Door_R,1.33,0.25,-2.67
14.305,1,Conference_Room_Door_R,1.33,0.22,-2.69
14.347,1,Conference_Room_Door_R,1.33,0.19,-2.72
14.375,1,Conference_Room_Door_R,1.33,0.17,-2.74
14.403,1,Conference_Room_Door_R,1.33,0.17,-2.77
14.445,1,Conference_Room_Door_R,1.33,0.18,-2.82
14.473,1,Conference_Room_Door_R,1.33,0.18,-2.86
14.501,1,Conference_Room_Door_R,1.33,0.16,-2.90
14.542,1,Conference_Room_Door_R,1.33,0.15,-2.97
14.570,1,Conference_Room_Door_R,1.33,0.14,-3.01
14.612,1,Conference_Room_Door_R,1.33,0.13,-3.08
14.640,1,Conference_Room_Door_R,1.33,0.13,-3.13
14.668,1,Conference_Room_Door_R,1.33,0.13,-3.18
14.710,1,Conference_Room_Door_R,1.33,0.13,-3.26
14.738,1,Conference_Room_Door_R,1.33,0.13,-3.32
14.779,1,Conference_Room_Door_R,1.33,0.15,-3.40
14.807,1,Conference_Room_Door_R,1.33,0.16,-3.46
14.835,1,Wall_3mx20cm_Conference_Door,1.31,0.19,-3.53
14.877,1,Wall_3mx20cm_Conference_Door,1.41,0.18,-3.56
14.905,1,Wall_3mx20cm_Conference_Door,1.41,0.18,-3.61
14.946,1,Wall_3mx20cm_Conference_Door,1.41,0.20,-3.70
14.975,1,Wall_3mx20cm_Conference_Door,1.41,0.21,-3.76
15.002,1,Wall_3mx20cm_Conference_Door,1.41,0.22,-3.82
15.044,1,Wall_3mx20cm_Conference_Door,1.41,0.24,-3.92
15.072,1,Wall_3mx20cm_Conference_Door,1.41,0.24,-3.97
15.114,1,Wall_3mx20cm_Conference_Door,1.41,0.26,-4.03
15.141,1,Wall_3mx20cm_Conference_Door,1.41,0.27,-4.07
15.170,1,Wall_3mx20cm_Conference_Door,1.41,0.27,-4.09
15.211,1,Wall_3mx40cm_Window,1.47,0.27,-4.10
15.239,1,Wall_3mx40cm_Window,1.49,0.26,-4.10
15.267,1,Wall_3mx40cm_Window,1.51,0.27,-4.10
15.309,1,Wall_3mx40cm_Window,1.52,0.28,-4.10
15.336,1,Wall_3mx40cm_Window,1.52,0.29,-4.10
15.377,1,Wall_3mx40cm_Window,1.49,0.31,-4.10
15.406,1,Wall_3mx40cm_Window,1.46,0.33,-4.10
15.434,1,Wall_3mx40cm_Window,1.42,0.35,-4.10
15.475,1,Wall_3mx20cm_Conference_Door,1.41,0.34,-4.06
15.503,1,Wall_3mx20cm_Conference_Door,1.41,0.34,-4.03
15.545,1,Wall_3mx20cm_Conference_Door,1.41,0.32,-3.97
15.573,1,Wall_3mx20cm_Conference_Door,1.41,0.31,-3.93
15.603,1,Wall_3mx20cm_Conference_Door,1.41,0.31,-3.88
15.642,1,Wall_3mx20cm_Conference_Door,1.41,0.28,-3.81
15.670,1,Wall_3mx20cm_Conference_Door,1.41,0.27,-3.77
15.712,1,Wall_3mx20cm_Conference_Door,1.41,0.26,-3.71
15.741,1,Wall_3mx20cm_Conference_Door,1.41,0.25,-3.67
15.768,1,Wall_3mx20cm_Conference_Door,1.41,0.24,-3.63
15.809,1,Wall_3mx20cm_Conference_Door,1.41,0.23,-3.59
15.838,1,Wall_3mx20cm_Conference_Door,1.41,0.22,-3.58
15.879,1,Wall_3mx20cm_Conference_Door,1.41,0.20,-3.55
15.907,1,Wall_3mx20cm_Conference_Door,1.41,0.21,-3.55
15.935,1,Wall_3mx20cm_Conference_Door,1.41,0.22,-3.55
15.976,1,Wall_3mx20cm_Conference_Door,1.41,0.23,-3.56
16.004,1,Wall_3mx20cm_Conference_Door,1.41,0.23,-3.56
16.046,1,Wall_3mx20cm_Conference_Door,1.41,0.23,-3.58
16.074,1,Wall_3mx20cm_Conference_Door,1.41,0.24,-3.58
16.103,1,Wall_3mx20cm_Conference_Door,1.41,0.24,-3.58
16.144,1,Wall_3mx20cm_Conference_Door,1.41,0.23,-3.56
16.172,1,Wall_3mx20cm_Conference_Door,1.41,0.23,-3.55
16.201,1,Wall_3mx20cm_Conference_Door,1.41,0.24,-3.54
16.242,1,Wall_3mx20cm_Conference_Door,1.40,0.24,-3.53
16.270,1,Wall_3mx20cm_Conference_Door,1.40,0.24,-3.53
16.312,1,Wall_3mx20cm_Conference_Door,1.38,0.27,-3.53
16.341,1,Wall_3mx20cm_Conference_Door,1.35,0.27,-3.53
16.368,1,Wall_3mx20cm_Conference_Door,1.32,0.27,-3.53
16.410,1,Wall_3mx20cm_Conference_Door,1.27,0.30,-3.53
16.438,1,Wall_3mx20cm_Conference_Door,1.22,0.32,-3.53
16.480,1,Conference_Room_Door_R,1.33,0.30,-3.47
16.508,1,Wall_3mx40cm_Window,-0.68,0.69,-4.10
16.536,1,Wall_3mx40cm_Window,-0.75,0.72,-4.10
16.578,1,Wall_3mx40cm_Window,-0.83,0.75,-4.10
16.606,1,Wall_3mx40cm_Window,-0.92,0.76,-4.10
16.634,1,Wall_3mx40cm_Window,-1.01,0.78,-4.10
16.675,1,Wall_3mx40cm_Window,-1.20,0.80,-4.10
16.703,1,Wall_3mx40cm_Window,-1.34,0.83,-4.10
16.745,1,Wall_3mx40cm_Window,-1.57,0.87,-4.10
16.773,1,Wall_3mx40cm_Window,-1.74,0.89,-4.10
16.801,1,Conference_Room_Door_R,1.33,0.30,-3.21
16.842,1,Conference_Room_Door_R,1.33,0.29,-3.17
16.870,1,Conference_Room_Door_R,1.33,0.29,-3.14
16.911,1,Conference_Room_Door_R,1.33,0.27,-3.10
16.939,1,Conference_Room_Door_R,1.33,0.25,-3.06
16.968,1,Conference_Room_Door_R,1.33,0.23,-3.03
17.009,1,Conference_Room_Door_R,1.33,0.19,-2.99
17.037,1,Conference_Room_Door_R,1.33,0.16,-2.97
17.068,1,Conference_Room_Door_R,1.33,0.14,-2.94
17.110,1,Conference_Room_Door_R,1.33,0.09,-2.90
17.138,1,Conference_Room_Door_R,1.33,0.07,-2.87
17.178,1,Conference_Room_Door_R,1.33,0.04,-2.83
17.206,1,Conference_Room_Door_R,1.33,0.02,-2.79
17.247,1,Conference_Room_Door_R,1.33,0.01,-2.76
17.274,1,Conference_Room_Door_R,1.33,0.02,-2.74
17.302,1,Conference_Room_Door_R,1.33,0.03,-2.73
17.344,1,Conference_Room_Door_R,1.33,0.03,-2.69
17.373,1,Conference_Room_Door_R,1.33,0.03,-2.66
17.414,1,Conference_Room_Door_R,1.33,0.02,-2.61
17.443,1,Conference_Room_Door_L,1.33,0.01,-2.59
17.471,1,Conference_Room_Door_L,1.33,0.01,-2.56
17.509,1,Conference_Room_Door_L,1.33,0.02,-2.53
17.537,1,Conference_Room_Door_L,1.33,0.02,-2.51
17.579,1,Conference_Room_Door_L,1.33,0.04,-2.48
17.608,1,Conference_Room_Door_L,1.33,0.06,-2.47
17.636,1,Conference_Room_Door_L,1.33,0.07,-2.46
17.678,1,Conference_Room_Door_L,1.33,0.10,-2.43
17.706,1,Conference_Room_Door_L,1.33,0.11,-2.42
17.748,1,Conference_Room_Door_L,1.33,0.12,-2.39
17.775,1,Conference_Room_Door_L,1.33,0.13,-2.38
17.802,1,Conference_Room_Door_L,1.33,0.14,-2.37
17.844,1,Conference_Room_Door_L,1.33,0.15,-2.36
17.872,1,Conference_Room_Door_L,1.33,0.15,-2.35
17.913,1,Conference_Room_Door_L,1.33,0.15,-2.35
17.941,1,Conference_Room_Door_L,1.33,0.16,-2.35
17.967,1,Conference_Room_Door_L,1.33,0.17,-2.35
18.011,1,Conference_Room_Door_L,1.33,0.19,-2.34
18.038,1,Conference_Room_Door_L,1.33,0.22,-2.33
18.080,1,Conference_Room_Door_L,1.33,0.24,-2.29
18.108,1,Conference_Room_Door_L,1.33,0.24,-2.27
18.135,1,Conference_Room_Door_L,1.33,0.25,-2.25
18.178,1,Conference_Room_Door_L,1.33,0.27,-2.21
18.206,1,Conference_Room_Door_L,1.33,0.28,-2.18
18.248,1,Conference_Room_Door_L,1.33,0.30,-2.14
18.276,1,None,0,0,0
18.303,1,Wall_3mx20cm_Conference_Door,1.26,0.35,-2.09
18.345,1,Wall_3mx20cm_Conference_Door,1.39,0.35,-2.03
18.372,1,Wall_3mx20cm_Conference_Door,1.41,0.37,-2.00
18.414,1,Timer,1.47,0.40,-1.95
18.443,1,Timer,1.47,0.43,-1.92
18.471,1,Timer,1.47,0.47,-1.89
18.511,1,Timer,1.47,0.52,-1.84
18.539,1,Timer,1.47,0.57,-1.80
18.568,1,Timer,1.47,0.64,-1.76
18.609,1,Wall_3mx20cm_Conference_Door,1.41,0.74,-1.67
18.638,1,Wall_3mx20cm_Conference_Door,1.41,0.80,-1.62
18.679,1,Wall_3mx20cm_Conference_Door,1.41,0.88,-1.53
18.707,1,Wall_3mx20cm_Conference_Door,1.41,0.95,-1.48
18.735,1,Wall_3mx20cm_Conference_Door,1.41,1.00,-1.42
18.777,1,Wall_3mx20cm_Conference_Door,1.41,1.08,-1.35
18.805,1,Wall_3mx20cm_Conference_Door,1.41,1.14,-1.31
18.847,1,Wall_3mx20cm_Conference_Door,1.41,1.20,-1.26
18.875,1,Wall_3mx20cm_Conference_Door,1.41,1.23,-1.22
18.902,1,Wall_3mx20cm_Conference_Door,1.41,1.26,-1.19
18.943,1,Wall_3mx20cm_Conference_Door,1.41,1.30,-1.16
18.971,1,Wall_3mx20cm_Conference_Door,1.41,1.34,-1.15
19.014,1,Wall_3mx20cm_Conference_Door,1.41,1.36,-1.14
19.041,1,Wall_3mx20cm_Conference_Door,1.41,1.38,-1.14
19.070,1,Wall_3mx20cm_Conference_Door,1.41,1.40,-1.15
19.111,1,Wall_3mx20cm_Conference_Door,1.41,1.39,-1.14
19.140,1,Wall_3mx20cm_Conference_Door,1.41,1.38,-1.13
19.167,1,Wall_3mx20cm_Conference_Door,1.41,1.37,-1.13
19.209,1,Wall_3mx20cm_Conference_Door,1.41,1.38,-1.12
19.237,1,Wall_3mx20cm_Conference_Door,1.41,1.38,-1.12
19.279,1,Wall_3mx20cm_Conference_Door,1.41,1.40,-1.11
19.306,1,Wall_3mx20cm_Conference_Door,1.41,1.40,-1.11
19.334,1,Wall_3mx20cm_Conference_Door,1.41,1.41,-1.11
19.376,1,Wall_3mx20cm_Door (1),1.41,1.40,-1.10
19.405,1,Wall_3mx20cm_Door (1),1.41,1.40,-1.09
19.446,1,Wall_3mx20cm_Door (1),1.41,1.40,-1.08
19.473,1,Wall_3mx20cm_Door (1),1.41,1.40,-1.06
19.502,1,Wall_3mx20cm_Door (1),1.41,1.41,-1.04
19.543,1,Wall_3mx20cm_Door (1),1.41,1.42,-1.00
19.571,1,Wall_3mx20cm_Door (1),1.41,1.44,-0.97
19.613,1,Wall_3mx20cm_Door (1),1.41,1.47,-0.94
19.641,1,Wall_3mx20cm_Door (1),1.41,1.47,-0.92
19.668,1,Wall_3mx20cm_Door (1),1.41,1.46,-0.89
19.710,1,Wall_3mx20cm_Door (1),1.41,1.43,-0.85
19.738,1,Wall_3mx20cm_Door (1),1.41,1.40,-0.83
19.780,1,Wall_3mx20cm_Door (1),1.41,1.37,-0.79
19.807,1,Wall_3mx20cm_Door (1),1.41,1.35,-0.77
19.835,1,Wall_3mx20cm_Door (1),1.41,1.35,-0.75
19.875,1,Wall_3mx20cm_Door (1),1.41,1.37,-0.72
19.903,1,Wall_3mx20cm_Door (1),1.41,1.36,-0.70
19.945,1,Wall_3mx20cm_Door (1),1.41,1.38,-0.67
19.973,1,Wall_3mx20cm_Door (1),1.41,1.40,-0.65
20.000,1,Wall_3mx20cm_Door (1),1.41,1.41,-0.63
20.042,1,Wall_3mx20cm_Door (1),1.41,1.45,-0.58
20.071,1,Wall_3mx20cm_Door (1),1.41,1.47,-0.55
20.113,1,Wall_3mx20cm_Door (1),1.41,1.47,-0.47
20.140,1,Wall_3mx20cm_Door (1),1.41,1.45,-0.42
20.168,1,Wall_3mx20cm_Door (1),1.41,1.47,-0.38
20.212,1,Wall_3mx20cm_Door (1),1.41,1.51,-0.31
20.240,1,Wall_3mx20cm_Wood_Panels (2),1.55,1.46,-0.31
20.280,1,Wall_3mx20cm_Wood_Panels (2),1.71,1.40,-0.31
20.306,1,Wall_3mx20cm_Wood_Panels (2),1.83,1.32,-0.31
20.335,1,Wall_3mx20cm_Wood_Panels (2),1.89,1.27,-0.31
20.376,1,Wall_3mx20cm_Wood_Panels (2),1.97,1.27,-0.31
20.403,1,Wall_3mx20cm_Wood_Panels (2),2.03,1.26,-0.31
20.445,1,Wall_3mx20cm_Wood_Panels (2),1.98,1.36,-0.31
20.473,1,Wall_3mx20cm_Wood_Panels (2),1.91,1.44,-0.31
20.502,1,Wall_3mx20cm_Wood_Panels (2),1.76,1.51,-0.31
20.541,1,Ceiling_3x3m (7),1.58,1.70,-0.35
20.569,1,Ceiling_3x3m (7),1.65,1.70,-0.43
20.612,1,Ceiling_3x3m (7),1.61,1.70,-0.51
20.637,1,Ceiling_3x3m (7),1.57,1.70,-0.54
20.678,1,Ceiling_log_3m (20),1.52,1.61,-0.55
20.706,1,Ceiling_log_3m (20),1.52,1.52,-0.54
20.734,1,Wall_3mx20cm_Door (1),1.41,1.46,-0.46
20.776,1,Wall_3mx20cm_Door (1),1.41,1.32,-0.36
20.805,1,Wall_3mx20cm_Wood_Panels (2),1.60,1.18,-0.31
20.846,1,Wall_3mx20cm_Wood_Panels (2),2.11,0.96,-0.31
20.875,1,Wall_3mx20cm_Wood_Panels (2),2.36,0.87,-0.31
20.903,1,Wall_3mx20cm_Wood_Panels (2),2.56,0.77,-0.31
20.946,1,Wall_3mx20cm_Wood_Panels (2),2.75,0.67,-0.31
20.972,1,Wall_3mx20cm_Wood_Panels (2),2.83,0.61,-0.31
21.000,1,Wall_3mx20cm_Wood_Panels (2),2.87,0.61,-0.31
21.042,1,Wall_3mx20cm_Wood_Panels (2),2.82,0.69,-0.31
21.070,1,Wall_3mx20cm_Wood_Panels (2),2.73,0.74,-0.31
21.112,1,Wall_3mx20cm_Wood_Panels (2),2.54,0.82,-0.31
21.138,1,Wall_3mx20cm_Wood_Panels (2),2.26,0.92,-0.31
21.180,1,Wall_3mx20cm_Door (1),1.41,1.14,-0.33
21.208,1,Wall_3mx20cm_Door (1),1.41,1.15,-0.60
21.235,1,Wall_3mx20cm_Door (1),1.41,1.16,-0.90
21.277,1,Wall_3mx20cm_Conference_Door,1.41,1.21,-1.42
21.304,1,Wall_3mx20cm_Conference_Door,1.41,1.28,-1.82
21.346,1,Wall_3mx20cm_Conference_Door,1.41,1.37,-2.47
21.376,1,Wall_3mx20cm_Conference_Door,1.41,1.47,-2.95
21.405,1,Ceiling_log_3m (20),1.52,1.53,-3.41
21.446,1,Wall_3mx40cm_Window,1.56,1.68,-4.10
21.474,1,Wall_3mx40cm_Window,2.35,1.39,-4.10
21.502,1,Wall_3mx40cm_Window,2.88,1.20,-4.10
21.543,1,Wall_3mx40cm_Window,3.38,1.02,-4.10
21.571,1,Wall_3mx40cm_Window,3.59,0.94,-4.10
21.614,1,Wall_3mx40cm_Window,3.82,0.88,-4.10
21.642,1,Wall_3mx40cm_Window,3.95,0.83,-4.10
21.669,1,Wall_3mx40cm_Window,4.08,0.79,-4.10
21.712,1,Wall_3mx40cm_Window,4.26,0.72,-4.10
21.739,1,Wall_3mx40cm_Window,4.35,0.66,-4.10
21.767,1,Wall_3mx40cm_Window,4.43,0.62,-4.10
21.810,1,Wall_3mx40cm_Window,4.56,0.59,-4.10
21.837,1,Wall_3mx40cm_Window,4.65,0.56,-4.10
21.879,1,Wall_3mx40cm_Window,4.78,0.47,-4.10
21.908,1,Wall_3mx40cm_Window,4.85,0.41,-4.10
21.936,1,Wall_3mx40cm_Window,4.92,0.34,-4.10
21.977,1,Wall_3mx40cm_Window,5.01,0.27,-4.10
22.006,1,Wall_3mx40cm_Window,5.06,0.26,-4.10
22.047,1,Wall_3mx40cm_Window,5.11,0.21,-4.10
22.075,1,Wall_3mx40cm_Window,5.14,0.19,-4.10
22.103,1,Wall_3mx40cm_Window,5.15,0.19,-4.10
22.146,1,Wall_3mx40cm_Window,5.14,0.21,-4.10
22.173,1,Wall_3mx40cm_Window,5.13,0.24,-4.10
22.201,1,Wall_3mx40cm_Window,5.12,0.26,-4.10
22.243,1,Wall_3mx40cm_Window,5.12,0.28,-4.10
22.272,1,Wall_3mx40cm_Window,5.13,0.28,-4.10
22.313,1,Wall_3mx40cm_Window,5.17,0.26,-4.10
22.341,1,Wall_3mx40cm_Window,5.20,0.26,-4.10
22.368,1,Wall_3mx40cm_Window,5.20,0.25,-4.10
22.411,1,Wall_3mx40cm_Window,5.18,0.28,-4.10
22.439,1,Wall_3mx40cm_Window,5.13,0.31,-4.10
22.480,1,Wall_3mx40cm_Window,5.05,0.38,-4.10
22.508,1,Wall_3mx40cm_Window,4.98,0.43,-4.10
22.536,1,Wall_3mx40cm_Window,4.91,0.48,-4.10
22.578,1,Wall_3mx40cm_Window,4.80,0.55,-4.10
22.606,1,Wall_3mx40cm_Window,4.72,0.59,-4.10
22.634,1,Wall_3mx40cm_Window,4.62,0.64,-4.10
22.676,1,Wall_3mx40cm_Window,4.47,0.73,-4.10
22.704,1,Wall_3mx40cm_Window,4.37,0.81,-4.10
22.745,1,Wall_3mx40cm_Window,4.21,0.89,-4.10
22.773,1,Wall_3mx40cm_Window,4.08,0.95,-4.10
22.800,1,Wall_3mx40cm_Window,3.96,1.04,-4.10
22.842,1,Wall_3mx40cm_Window,3.77,1.15,-4.10
22.871,1,Wall_3mx40cm_Window,3.64,1.24,-4.10
22.911,1,Wall_3mx40cm_Window,3.40,1.38,-4.10
22.939,1,Wall_3mx40cm_Window,3.24,1.46,-4.10
22.967,1,Wall_3mx40cm_Window,3.01,1.57,-4.10
23.009,1,Ceiling_3x3m (6),2.83,1.70,-3.97
23.037,1,Ceiling_3x3m (6),2.83,1.70,-3.81
23.079,1,Ceiling_3x3m (6),2.73,1.70,-3.62
23.107,1,Ceiling_3x3m (6),2.64,1.70,-3.50
23.135,1,Ceiling_3x3m (6),2.54,1.70,-3.38
23.176,1,Ceiling_log_3m (21),2.46,1.62,-3.12
23.204,1,Ceiling_log_3m (21),2.46,1.52,-2.88
23.245,1,Ceiling_3x3m (6),1.88,1.70,-2.55
23.273,1,Ceiling_3x3m (6),1.84,1.70,-2.27
23.301,1,Ceiling_3x3m (6),1.79,1.70,-2.05
23.344,1,Ceiling_3x3m (6),1.76,1.70,-1.79
23.371,1,Ceiling_3x3m (6),1.83,1.70,-1.70
23.413,1,Ceiling_log_3m (21),2.37,1.50,-1.62
23.441,1,Ceiling_log_3m (21),2.44,1.50,-1.59
23.468,1,Ceiling_log_3m (21),2.46,1.55,-1.57
23.510,1,Ceiling_log_3m (21),2.46,1.57,-1.55
23.540,1,Ceiling_log_3m (21),2.46,1.59,-1.54
23.581,1,Ceiling_log_3m (21),2.46,1.63,-1.53
23.610,1,Ceiling_log_3m (21),2.46,1.64,-1.53
23.638,1,Ceiling_log_3m (21),2.46,1.65,-1.52
23.679,1,Ceiling_3x3m (6),2.50,1.70,-1.53
23.705,1,Ceiling_3x3m (6),2.51,1.70,-1.54
23.747,1,Ceiling_3x3m (6),2.51,1.70,-1.56
23.773,1,Ceiling_3x3m (6),2.51,1.70,-1.59
23.801,1,Ceiling_3x3m (6),2.51,1.70,-1.60
23.843,1,Ceiling_3x3m (6),2.53,1.70,-1.61
23.871,1,Ceiling_3x3m (6),2.63,1.70,-1.64
23.911,1,Ceiling_3x3m (6),2.65,1.70,-1.68
23.940,1,Ceiling_3x3m (6),2.62,1.70,-1.70
23.968,1,Ceiling_3x3m (6),2.64,1.70,-1.74
24.009,1,Ceiling_3x3m (6),2.61,1.70,-1.80
24.036,1,Ceiling_3x3m (6),2.56,1.70,-1.85
24.077,1,Ceiling_3x3m (6),2.49,1.70,-1.92
24.105,1,Ceiling_3x3m (6),2.48,1.70,-1.98
24.134,1,Ceiling_3x3m (6),2.51,1.70,-2.02
24.175,1,Ceiling_3x3m (6),2.50,1.70,-2.08
24.204,1,Ceiling_3x3m (6),2.50,1.70,-2.11
24.246,1,Ceiling_3x3m (6),2.50,1.70,-2.15
24.274,1,Ceiling_3x3m (6),2.51,1.70,-2.17
24.301,1,Ceiling_3x3m (6),2.54,1.70,-2.19
24.343,1,Ceiling_3x3m (6),2.59,1.70,-2.20
24.370,1,Ceiling_3x3m (6),2.61,1.70,-2.20
24.412,1,Ceiling_3x3m (6),2.64,1.70,-2.21
24.440,1,Ceiling_3x3m (6),2.64,1.70,-2.19
24.469,1,Ceiling_3x3m (6),2.63,1.70,-2.17
24.510,1,Ceiling_3x3m (6),2.58,1.70,-2.15
24.540,1,Ceiling_3x3m (6),2.56,1.70,-2.13
24.582,1,Ceiling_3x3m (6),2.55,1.70,-2.10
24.611,1,Ceiling_3x3m (6),2.55,1.70,-2.09
24.638,1,Ceiling_3x3m (6),2.57,1.70,-2.09
24.678,1,Ceiling_3x3m (6),2.58,1.70,-2.10
24.705,1,Ceiling_3x3m (6),2.56,1.70,-2.12
24.748,1,Ceiling_3x3m (6),2.57,1.70,-2.14
24.775,1,Ceiling_3x3m (6),2.55,1.70,-2.15
24.803,1,Ceiling_3x3m (6),2.52,1.70,-2.16
24.845,1,Ceiling_3x3m (6),2.51,1.70,-2.17
24.873,1,Ceiling_3x3m (6),2.49,1.70,-2.18
24.901,1,Ceiling_log_3m (21),2.46,1.69,-2.18
24.942,1,Ceiling_3x3m (6),2.50,1.70,-2.18
24.971,1,Ceiling_3x3m (6),2.48,1.70,-2.18
25.013,1,Ceiling_log_3m (21),2.46,1.70,-2.20
25.041,1,Ceiling_3x3m (6),2.46,1.70,-2.21
25.069,1,Ceiling_3x3m (6),2.50,1.70,-2.21
25.110,1,Ceiling_log_3m (21),2.46,1.69,-2.22
25.139,1,Ceiling_log_3m (21),2.46,1.69,-2.22
25.181,1,Ceiling_log_3m (21),2.46,1.68,-2.21
25.209,1,Ceiling_log_3m (21),2.46,1.67,-2.20
25.237,1,Ceiling_log_3m (21),2.46,1.65,-2.19
25.278,1,Ceiling_log_3m (21),2.46,1.67,-2.17
25.306,1,Ceiling_log_3m (21),2.46,1.67,-2.16
25.334,1,Ceiling_log_3m (21),2.46,1.65,-2.15
25.376,1,Ceiling_log_3m (21),2.46,1.67,-2.15
25.404,1,Ceiling_log_3m (21),2.46,1.68,-2.15
25.445,1,Ceiling_log_3m (21),2.46,1.68,-2.15
25.474,1,Ceiling_log_3m (21),2.46,1.68,-2.15
25.501,1,Ceiling_log_3m (21),2.46,1.69,-2.16
25.544,1,Ceiling_3x3m (6),2.48,1.70,-2.16
25.572,1,Ceiling_3x3m (6),2.49,1.70,-2.15
25.613,1,Ceiling_3x3m (6),2.49,1.70,-2.15
25.641,1,Ceiling_3x3m (6),2.49,1.70,-2.15
25.669,1,Ceiling_3x3m (6),2.48,1.70,-2.15
25.710,1,Ceiling_3x3m (6),2.52,1.70,-2.13
25.738,1,Ceiling_3x3m (6),2.58,1.70,-2.12
25.780,1,Ceiling_3x3m (6),2.58,1.70,-2.12
25.807,1,Ceiling_3x3m (6),2.55,1.70,-2.13
25.837,1,Ceiling_3x3m (6),2.55,1.70,-2.13
25.877,1,Ceiling_3x3m (6),2.57,1.70,-2.13
25.905,1,Ceiling_3x3m (6),2.57,1.70,-2.13
25.947,1,Ceiling_3x3m (6),2.58,1.70,-2.13
25.975,1,Ceiling_3x3m (6),2.58,1.70,-2.13
26.002,1,Ceiling_3x3m (6),2.57,1.70,-2.13
26.044,1,Ceiling_3x3m (6),2.54,1.70,-2.13
26.072,1,Ceiling_3x3m (6),2.56,1.70,-2.13
26.101,1,Ceiling_3x3m (6),2.61,1.70,-2.15
26.142,1,Ceiling_3x3m (6),2.62,1.70,-2.19
26.169,1,Ceiling_3x3m (6),2.63,1.70,-2.21
26.211,1,Ceiling_3x3m (6),2.63,1.70,-2.23
26.239,1,Ceiling_3x3m (6),2.67,1.70,-2.23
26.267,1,Ceiling_3x3m (6),2.67,1.70,-2.23
26.309,1,Ceiling_3x3m (6),2.67,1.70,-2.23
26.337,1,Ceiling_3x3m (6),2.68,1.70,-2.23
26.379,1,Ceiling_3x3m (6),2.69,1.70,-2.23
26.406,1,Ceiling_3x3m (6),2.71,1.70,-2.22
26.434,1,Ceiling_3x3m (6),2.73,1.70,-2.21
26.475,1,Ceiling_3x3m (6),2.75,1.70,-2.20
26.503,1,Ceiling_3x3m (6),2.73,1.70,-2.20
26.545,1,Ceiling_3x3m (6),2.70,1.70,-2.21
26.573,1,Ceiling_3x3m (6),2.71,1.70,-2.20
26.601,1,Ceiling_3x3m (6),2.70,1.70,-2.21
26.643,1,Ceiling_3x3m (6),2.70,1.70,-2.22
26.671,1,Ceiling_3x3m (6),2.69,1.70,-2.22
26.711,1,Ceiling_3x3m (6),2.69,1.70,-2.23
26.740,1,Ceiling_3x3m (6),2.69,1.70,-2.23
26.768,1,Ceiling_3x3m (6),2.68,1.70,-2.24
26.809,1,Ceiling_3x3m (6),2.65,1.70,-2.24
26.837,1,Ceiling_3x3m (6),2.65,1.70,-2.24
26.878,1,Ceiling_3x3m (6),2.64,1.70,-2.23
26.907,1,Ceiling_3x3m (6),2.63,1.70,-2.23
26.936,1,Ceiling_3x3m (6),2.63,1.70,-2.23
26.978,1,Ceiling_3x3m (6),2.54,1.70,-2.23
27.005,1,Ceiling_3x3m (6),2.55,1.70,-2.23
27.060,1,Ceiling_3x3m (6),2.53,1.70,-2.22
27.073,1,Ceiling_3x3m (6),2.51,1.70,-2.22
27.101,1,Ceiling_3x3m (6),2.50,1.70,-2.22
27.142,1,Ceiling_3x3m (6),2.47,1.70,-2.22
27.169,1,Ceiling_3x3m (6),2.47,1.70,-2.22
27.211,1,Ceiling_3x3m (6),2.52,1.70,-2.21
27.240,1,Ceiling_3x3m (6),2.51,1.70,-2.21
27.268,1,Ceiling_3x3m (6),2.51,1.70,-2.20
27.309,1,Ceiling_3x3m (6),2.50,1.70,-2.20
27.338,1,Ceiling_3x3m (6),2.53,1.70,-2.19
27.379,1,Ceiling_3x3m (6),2.51,1.70,-2.19
27.407,1,Ceiling_3x3m (6),2.53,1.70,-2.19
27.435,1,Ceiling_3x3m (6),2.54,1.70,-2.19
27.476,1,Ceiling_3x3m (6),2.56,1.70,-2.18
27.505,1,Ceiling_3x3m (6),2.57,1.70,-2.18
27.546,1,Ceiling_3x3m (6),2.57,1.70,-2.18
27.574,1,Ceiling_3x3m (6),2.62,1.70,-2.17
27.602,1,Ceiling_3x3m (6),2.60,1.70,-2.17
27.643,1,Ceiling_3x3m (6),2.61,1.70,-2.18
27.671,1,Ceiling_3x3m (6),2.60,1.70,-2.18
27.700,1,Ceiling_3x3m (6),2.61,1.70,-2.18
27.743,1,Ceiling_3x3m (6),2.62,1.70,-2.18
27.770,1,Ceiling_3x3m (6),2.61,1.70,-2.18
27.812,1,Ceiling_3x3m (6),2.62,1.70,-2.19
27.842,1,Ceiling_3x3m (6),2.62,1.70,-2.19
27.869,1,Ceiling_3x3m (6),2.62,1.70,-2.19
27.909,1,Ceiling_3x3m (6),2.62,1.70,-2.18
27.937,1,Ceiling_3x3m (6),2.62,1.70,-2.18
27.979,1,Ceiling_3x3m (6),2.66,1.70,-2.17
28.022,1,Ceiling_3x3m (6),2.67,1.70,-2.17
28.035,1,Ceiling_3x3m (6),2.69,1.70,-2.16
28.077,1,Ceiling_3x3m (6),2.68,1.70,-2.16
28.105,1,Ceiling_3x3m (6),2.69,1.70,-2.16
28.133,1,Ceiling_3x3m (6),2.69,1.70,-2.15
28.175,1,Ceiling_3x3m (6),2.69,1.70,-2.14
28.203,1,Ceiling_3x3m (6),2.68,1.70,-2.14
28.247,1,Ceiling_3x3m (6),2.65,1.70,-2.15
28.274,1,Ceiling_3x3m (6),2.66,1.70,-2.14
28.301,1,Ceiling_3x3m (6),2.68,1.70,-2.14
28.357,1,Ceiling_3x3m (6),2.67,1.70,-2.16
28.372,1,Ceiling_3x3m (6),2.65,1.70,-2.17
28.412,1,Ceiling_3x3m (6),2.66,1.70,-2.18
28.439,1,Ceiling_3x3m (6),2.65,1.70,-2.19
28.467,1,Ceiling_3x3m (6),2.65,1.70,-2.19
28.509,1,Ceiling_3x3m (6),2.65,1.70,-2.19
28.535,1,Ceiling_3x3m (6),2.66,1.70,-2.19
28.578,1,Ceiling_3x3m (6),2.69,1.70,-2.18
28.606,1,Ceiling_3x3m (6),2.60,1.70,-2.19
28.633,1,Ceiling_3x3m (6),2.60,1.70,-2.19
28.676,1,Ceiling_3x3m (6),2.60,1.70,-2.18
28.704,1,Ceiling_3x3m (6),2.60,1.70,-2.18
28.745,1,Ceiling_3x3m (6),2.59,1.70,-2.17
28.773,1,Ceiling_3x3m (6),2.58,1.70,-2.16
28.800,1,Ceiling_3x3m (6),2.58,1.70,-2.16
28.842,1,Ceiling_3x3m (6),2.60,1.70,-2.15
28.870,1,Ceiling_3x3m (6),2.60,1.70,-2.14
28.912,1,Ceiling_3x3m (6),2.60,1.70,-2.13
28.939,1,Ceiling_3x3m (6),2.60,1.70,-2.13
28.967,1,Ceiling_3x3m (6),2.60,1.70,-2.13
29.009,1,Ceiling_3x3m (6),2.60,1.70,-2.13
29.037,1,Ceiling_3x3m (6),2.57,1.70,-2.13
29.080,1,Ceiling_3x3m (6),2.56,1.70,-2.13
29.108,1,Ceiling_3x3m (6),2.58,1.70,-2.13
29.135,1,Ceiling_3x3m (6),2.59,1.70,-2.13
29.177,1,Ceiling_3x3m (6),2.61,1.70,-2.12
29.205,1,Ceiling_3x3m (6),2.61,1.70,-2.12
29.247,1,Ceiling_3x3m (6),2.58,1.70,-2.12
29.275,1,Ceiling_3x3m (6),2.58,1.70,-2.11
29.303,1,Ceiling_3x3m (6),2.55,1.70,-2.12
29.344,1,Ceiling_3x3m (6),2.57,1.70,-2.11
29.372,1,Ceiling_3x3m (6),2.57,1.70,-2.11
29.413,1,Ceiling_3x3m (6),2.60,1.70,-2.09
29.441,1,Ceiling_3x3m (6),2.61,1.70,-2.08
29.469,1,Ceiling_3x3m (6),2.57,1.70,-2.08
29.511,1,Ceiling_3x3m (6),2.56,1.70,-2.07
29.539,1,Ceiling_3x3m (6),2.55,1.70,-2.07
29.580,1,Ceiling_3x3m (6),2.54,1.70,-2.06
29.608,1,Ceiling_3x3m (6),2.52,1.70,-2.05
29.636,1,Ceiling_3x3m (6),2.53,1.70,-2.05
29.679,1,Ceiling_log_3m (21),2.46,1.69,-2.06
29.706,1,Ceiling_3x3m (6),2.48,1.70,-2.06
29.734,1,Ceiling_3x3m (6),2.51,1.70,-2.06
29.775,1,Ceiling_3x3m (6),2.51,1.70,-2.04
29.804,1,Ceiling_3x3m (6),2.50,1.70,-2.04
29.845,1,Ceiling_3x3m (6),2.48,1.70,-2.04
29.872,1,Ceiling_3x3m (6),2.49,1.70,-2.04
29.900,1,Ceiling_3x3m (6),2.49,1.70,-2.05
29.943,1,Ceiling_3x3m (6),2.49,1.70,-2.06
29.971,1,Ceiling_3x3m (6),2.50,1.70,-2.06
30.011,1,Ceiling_3x3m (6),2.51,1.70,-2.06
30.040,1,Ceiling_3x3m (6),2.51,1.70,-2.06
30.068,1,Ceiling_3x3m (6),2.51,1.70,-2.06
30.110,1,Ceiling_3x3m (6),2.54,1.70,-2.06
30.138,1,Ceiling_3x3m (6),2.54,1.70,-2.06
30.179,1,Ceiling_3x3m (6),2.55,1.70,-2.05
30.208,1,Ceiling_3x3m (6),2.57,1.70,-2.05
30.235,1,Ceiling_3x3m (6),2.58,1.70,-2.04
30.277,1,Ceiling_3x3m (6),2.58,1.70,-2.04
30.305,1,Ceiling_3x3m (6),2.59,1.70,-2.03
30.346,1,Ceiling_3x3m (6),2.60,1.70,-2.03
30.374,1,Ceiling_3x3m (6),2.59,1.70,-2.03
30.402,1,Ceiling_3x3m (6),2.59,1.70,-2.03
30.445,1,Ceiling_3x3m (6),2.58,1.70,-2.03
30.473,1,Ceiling_3x3m (6),2.59,1.70,-2.03
30.514,1,Ceiling_3x3m (6),2.60,1.70,-2.03
30.542,1,Ceiling_3x3m (6),2.60,1.70,-2.04
30.570,1,Ceiling_3x3m (6),2.61,1.70,-2.05
30.611,1,Ceiling_3x3m (6),2.60,1.70,-2.06
30.640,1,Ceiling_3x3m (6),2.60,1.70,-2.07
30.667,1,Ceiling_3x3m (6),2.60,1.70,-2.07
30.709,1,Ceiling_3x3m (6),2.61,1.70,-2.07
30.737,1,Ceiling_3x3m (6),2.63,1.70,-2.07
30.779,1,Ceiling_3x3m (6),2.63,1.70,-2.08
30.807,1,Ceiling_3x3m (6),2.63,1.70,-2.08
30.834,1,Ceiling_3x3m (6),2.63,1.70,-2.08
30.876,1,Ceiling_3x3m (6),2.62,1.70,-2.08
30.904,1,Ceiling_3x3m (6),2.62,1.70,-2.08
30.946,1,Ceiling_3x3m (6),2.69,1.70,-2.08
30.974,1,Ceiling_3x3m (6),2.72,1.70,-2.08
31.002,1,Ceiling_3x3m (6),2.74,1.70,-2.08
31.043,1,Ceiling_3x3m (6),2.74,1.70,-2.07
31.071,1,Ceiling_3x3m (6),2.71,1.70,-2.07
31.113,1,Ceiling_3x3m (6),2.65,1.70,-2.07
31.141,1,Ceiling_3x3m (6),2.65,1.70,-2.06
31.168,1,Ceiling_3x3m (6),2.61,1.70,-2.06
31.210,1,Ceiling_3x3m (6),2.60,1.70,-2.07
31.239,1,Ceiling_3x3m (6),2.62,1.70,-2.07
31.280,1,Ceiling_3x3m (6),2.65,1.70,-2.06
31.309,1,Ceiling_3x3m (6),2.63,1.70,-2.06
31.336,1,Ceiling_3x3m (6),2.62,1.70,-2.06
31.377,1,Ceiling_3x3m (6),2.63,1.70,-2.06
31.405,1,Ceiling_3x3m (6),2.61,1.70,-2.06
31.435,1,Ceiling_3x3m (6),2.61,1.70,-2.06
31.476,1,Ceiling_3x3m (6),2.62,1.70,-2.06
31.503,1,Ceiling_3x3m (6),2.62,1.70,-2.07
31.546,1,Ceiling_3x3m (6),2.62,1.70,-2.06
31.573,1,Ceiling_3x3m (6),2.65,1.70,-2.06
31.600,1,Ceiling_3x3m (6),2.68,1.70,-2.06
31.645,1,Ceiling_3x3m (6),2.69,1.70,-2.05
31.672,1,Ceiling_3x3m (6),2.64,1.70,-2.06
31.713,1,Ceiling_3x3m (6),2.65,1.70,-2.06
31.740,1,Ceiling_3x3m (6),2.63,1.70,-2.06
31.768,1,Ceiling_3x3m (6),2.62,1.70,-2.06
31.809,1,Ceiling_3x3m (6),2.64,1.70,-2.06
31.838,1,Ceiling_3x3m (6),2.62,1.70,-2.06
31.878,1,Ceiling_3x3m (6),2.63,1.70,-2.05
31.907,1,Ceiling_3x3m (6),2.64,1.70,-2.04
31.934,1,Ceiling_3x3m (6),2.63,1.70,-2.04
31.976,1,Ceiling_3x3m (6),2.63,1.70,-2.04
32.004,1,Ceiling_3x3m (6),2.62,1.70,-2.04
32.045,1,Ceiling_3x3m (6),2.59,1.70,-2.04
32.074,1,Ceiling_3x3m (6),2.58,1.70,-2.04
32.101,1,Ceiling_3x3m (6),2.59,1.70,-2.04
32.142,1,Ceiling_3x3m (6),2.61,1.70,-2.04
32.171,1,Ceiling_3x3m (6),2.60,1.70,-2.04
32.213,1,Ceiling_3x3m (6),2.62,1.70,-2.04
32.241,1,Ceiling_3x3m (6),2.62,1.70,-2.04
32.268,1,Ceiling_3x3m (6),2.63,1.70,-2.04
32.310,1,Ceiling_3x3m (6),2.64,1.70,-2.03
32.338,1,Ceiling_3x3m (6),2.64,1.70,-2.03
32.379,1,Ceiling_3x3m (6),2.63,1.70,-2.04
32.408,1,Ceiling_3x3m (6),2.62,1.70,-2.04
32.436,1,Ceiling_3x3m (6),2.63,1.70,-2.04
32.477,1,Ceiling_3x3m (6),2.63,1.70,-2.04
32.505,1,Ceiling_3x3m (6),2.63,1.70,-2.04
32.548,1,Ceiling_3x3m (6),2.63,1.70,-2.04
32.575,1,Ceiling_3x3m (6),2.64,1.70,-2.04
32.602,1,Ceiling_3x3m (6),2.64,1.70,-2.04
32.645,1,Ceiling_3x3m (6),2.60,1.70,-2.04
32.672,1,Ceiling_3x3m (6),2.61,1.70,-2.04
32.714,1,Ceiling_3x3m (6),2.59,1.70,-2.04
32.741,1,Ceiling_3x3m (6),2.60,1.70,-2.04
32.769,1,Ceiling_3x3m (6),2.60,1.70,-2.03
32.813,1,Ceiling_3x3m (6),2.60,1.70,-2.03
32.842,1,Ceiling_3x3m (6),2.60,1.70,-2.03
32.868,1,Ceiling_3x3m (6),2.61,1.70,-2.03
32.910,1,Ceiling_3x3m (6),2.59,1.70,-2.03
32.938,1,Ceiling_3x3m (6),2.58,1.70,-2.03
32.979,1,Ceiling_3x3m (6),2.60,1.70,-2.03
33.006,1,Ceiling_3x3m (6),2.60,1.70,-2.03
33.034,1,Ceiling_3x3m (6),2.60,1.70,-2.03
33.076,1,Ceiling_3x3m (6),2.62,1.70,-2.03
33.103,1,Ceiling_3x3m (6),2.63,1.70,-2.02
33.145,1,Ceiling_3x3m (6),2.62,1.70,-2.02
33.174,1,Ceiling_3x3m (6),2.62,1.70,-2.02
33.203,1,Ceiling_3x3m (6),2.61,1.70,-2.02
33.243,1,Ceiling_3x3m (6),2.59,1.70,-2.02
33.270,1,Ceiling_3x3m (6),2.60,1.70,-2.02
33.312,1,Ceiling_3x3m (6),2.61,1.70,-2.03
33.341,1,Ceiling_3x3m (6),2.62,1.70,-2.03
33.368,1,Ceiling_3x3m (6),2.62,1.70,-2.03
33.410,1,Ceiling_3x3m (6),2.63,1.70,-2.03
33.438,1,Ceiling_3x3m (6),2.63,1.70,-2.03
33.479,1,Ceiling_3x3m (6),2.63,1.70,-2.03
33.508,1,Ceiling_3x3m (6),2.62,1.70,-2.03
33.536,1,Ceiling_3x3m (6),2.61,1.70,-2.03
33.579,1,Ceiling_3x3m (6),2.61,1.70,-2.03
33.607,1,Ceiling_3x3m (6),2.61,1.70,-2.03
33.647,1,Ceiling_3x3m (6),2.64,1.70,-2.03
33.675,1,Ceiling_3x3m (6),2.62,1.70,-2.04
33.703,1,Ceiling_3x3m (6),2.62,1.70,-2.05
33.744,1,Ceiling_3x3m (6),2.64,1.70,-2.06
33.772,1,Ceiling_3x3m (6),2.65,1.70,-2.06
33.801,1,Ceiling_3x3m (6),2.65,1.70,-2.06
33.842,1,Ceiling_3x3m (6),2.63,1.70,-2.06
33.871,1,Ceiling_3x3m (6),2.65,1.70,-2.05
33.911,1,Ceiling_3x3m (6),2.62,1.70,-2.05
33.940,1,Ceiling_3x3m (6),2.62,1.70,-2.05
33.967,1,Ceiling_3x3m (6),2.64,1.70,-2.04
34.009,1,Ceiling_3x3m (6),2.65,1.70,-2.04
34.038,1,Ceiling_3x3m (6),2.65,1.70,-2.04
34.079,1,Ceiling_3x3m (6),2.65,1.70,-2.04
34.107,1,Ceiling_3x3m (6),2.64,1.70,-2.04
34.135,1,Ceiling_3x3m (6),2.64,1.70,-2.04
34.176,1,Ceiling_3x3m (6),2.62,1.70,-2.04
34.204,1,Ceiling_3x3m (6),2.62,1.70,-2.04
34.246,1,Ceiling_3x3m (6),2.62,1.70,-2.03
34.273,1,Ceiling_3x3m (6),2.66,1.70,-2.02
34.302,1,Ceiling_3x3m (6),2.66,1.70,-2.02
34.343,1,Ceiling_3x3m (6),2.64,1.70,-2.02
34.371,1,Ceiling_3x3m (6),2.65,1.70,-2.02
34.413,1,Ceiling_3x3m (6),2.64,1.70,-2.02
34.441,1,Ceiling_3x3m (6),2.64,1.70,-2.02
34.469,1,Ceiling_3x3m (6),2.65,1.70,-2.02
34.510,1,Ceiling_3x3m (6),2.63,1.70,-2.02
34.538,1,Ceiling_3x3m (6),2.63,1.70,-2.03
34.580,1,Ceiling_3x3m (6),2.64,1.70,-2.03
34.608,1,Ceiling_3x3m (6),2.65,1.70,-2.03
34.636,1,Ceiling_3x3m (6),2.65,1.70,-2.03
34.680,1,Ceiling_3x3m (6),2.66,1.70,-2.02
34.704,1,Ceiling_3x3m (6),2.66,1.70,-2.02
34.746,1,Ceiling_3x3m (6),2.66,1.70,-2.03
34.774,1,Ceiling_3x3m (6),2.65,1.70,-2.03
34.802,1,Ceiling_3x3m (6),2.64,1.70,-2.04
34.843,1,Ceiling_3x3m (6),2.60,1.70,-2.05
34.872,1,Ceiling_3x3m (6),2.58,1.70,-2.06
34.914,1,Ceiling_3x3m (6),2.57,1.70,-2.08
34.941,1,Ceiling_3x3m (6),2.57,1.70,-2.09
34.969,1,Ceiling_3x3m (6),2.59,1.70,-2.09
35.011,1,Ceiling_3x3m (6),2.59,1.70,-2.10
35.039,1,Ceiling_3x3m (6),2.59,1.70,-2.10
35.082,1,Ceiling_3x3m (6),2.59,1.70,-2.10
35.109,1,Ceiling_3x3m (6),2.60,1.70,-2.10
35.136,1,Ceiling_3x3m (6),2.62,1.70,-2.10
35.179,1,Ceiling_3x3m (6),2.64,1.70,-2.10
35.206,1,Ceiling_3x3m (6),2.66,1.70,-2.09
35.234,1,Ceiling_3x3m (6),2.65,1.70,-2.10
35.276,1,Ceiling_3x3m (6),2.64,1.70,-2.09
35.304,1,Ceiling_3x3m (6),2.64,1.70,-2.08
35.346,1,Ceiling_3x3m (6),2.67,1.70,-2.07
35.374,1,Ceiling_3x3m (6),2.65,1.70,-2.07
35.401,1,Ceiling_3x3m (6),2.64,1.70,-2.07
35.443,1,Ceiling_3x3m (6),2.66,1.70,-2.06
35.471,1,Ceiling_3x3m (6),2.65,1.70,-2.06
35.513,1,Ceiling_3x3m (6),2.65,1.70,-2.06
35.541,1,Ceiling_3x3m (6),2.65,1.70,-2.06
35.568,1,Ceiling_3x3m (6),2.66,1.70,-2.05
35.610,1,Ceiling_3x3m (6),2.68,1.70,-2.04
35.638,1,Ceiling_3x3m (6),2.67,1.70,-2.04
35.680,1,Ceiling_3x3m (6),2.67,1.70,-2.04
35.708,1,Ceiling_3x3m (6),2.67,1.70,-2.03
35.735,1,Ceiling_3x3m (6),2.66,1.70,-2.03
35.777,1,Ceiling_3x3m (6),2.64,1.70,-2.03
35.806,1,Ceiling_3x3m (6),2.64,1.70,-2.03
35.833,1,Ceiling_3x3m (6),2.65,1.70,-2.04
35.874,1,Ceiling_3x3m (6),2.65,1.70,-2.04
35.902,1,Ceiling_3x3m (6),2.65,1.70,-2.04
35.946,1,Ceiling_3x3m (6),2.67,1.70,-2.05
35.972,1,Ceiling_3x3m (6),2.67,1.70,-2.05
36.014,1,Ceiling_3x3m (6),2.68,1.70,-2.03
36.042,1,Ceiling_3x3m (6),2.69,1.70,-2.03
36.070,1,Ceiling_3x3m (6),2.70,1.70,-2.02
36.112,1,Ceiling_3x3m (6),2.70,1.70,-2.00
36.139,1,Ceiling_3x3m (6),2.70,1.70,-2.00
36.167,1,Ceiling_3x3m (6),2.72,1.70,-2.00
36.208,1,Ceiling_3x3m (6),2.71,1.70,-2.00
36.236,1,Ceiling_3x3m (6),2.70,1.70,-2.00
36.278,1,Ceiling_3x3m (6),2.67,1.70,-2.00
36.307,1,Ceiling_3x3m (6),2.67,1.70,-2.00
36.334,1,Ceiling_3x3m (6),2.65,1.70,-2.01
36.375,1,Ceiling_3x3m (6),2.62,1.70,-2.01
36.404,1,Ceiling_3x3m (6),2.61,1.70,-2.01
36.446,1,Ceiling_3x3m (6),2.61,1.70,-2.01
36.474,1,Ceiling_3x3m (6),2.60,1.70,-2.01
36.502,1,Ceiling_3x3m (6),2.61,1.70,-2.01
36.543,1,Ceiling_3x3m (6),2.63,1.70,-2.01
36.571,1,Ceiling_3x3m (6),2.63,1.70,-2.00
36.612,1,Ceiling_3x3m (6),2.63,1.70,-2.00
36.640,1,Ceiling_3x3m (6),2.62,1.70,-2.01
36.668,1,Ceiling_3x3m (6),2.62,1.70,-2.01
36.710,1,Ceiling_3x3m (6),2.63,1.70,-2.01
36.737,1,Ceiling_3x3m (6),2.64,1.70,-2.01
36.779,1,Ceiling_3x3m (6),2.66,1.70,-2.00
36.807,1,Ceiling_3x3m (6),2.67,1.70,-2.00
36.834,1,Ceiling_3x3m (6),2.67,1.70,-1.99
36.877,1,Ceiling_3x3m (6),2.65,1.70,-1.98
36.905,1,Ceiling_3x3m (6),2.65,1.70,-1.98
36.933,1,Ceiling_3x3m (6),2.65,1.70,-1.98
36.974,1,Ceiling_3x3m (6),2.64,1.70,-1.98
37.002,1,Ceiling_3x3m (6),2.65,1.70,-1.99
37.044,1,Ceiling_3x3m (6),2.65,1.70,-1.99
37.072,1,Ceiling_3x3m (6),2.65,1.70,-1.99
37.115,1,Ceiling_3x3m (6),2.64,1.70,-1.99
37.141,1,Ceiling_3x3m (6),2.68,1.70,-1.98
37.169,1,Ceiling_3x3m (6),2.67,1.70,-1.98
37.211,1,Ceiling_3x3m (6),2.67,1.70,-1.98
37.239,1,Ceiling_3x3m (6),2.67,1.70,-1.99
37.267,1,Ceiling_3x3m (6),2.68,1.70,-1.99
37.308,1,Ceiling_3x3m (6),2.67,1.70,-1.99
37.337,1,Ceiling_3x3m (6),2.67,1.70,-1.99
37.378,1,Ceiling_3x3m (6),2.68,1.70,-1.99
37.407,1,Ceiling_3x3m (6),2.65,1.70,-1.99
37.434,1,Ceiling_3x3m (6),2.65,1.70,-1.99
37.475,1,Ceiling_3x3m (6),2.65,1.70,-1.98
37.503,1,Ceiling_3x3m (6),2.65,1.70,-1.98
37.545,1,Ceiling_3x3m (6),2.64,1.70,-1.98
37.572,1,Ceiling_3x3m (6),2.64,1.70,-1.98
37.601,1,Ceiling_3x3m (6),2.65,1.70,-1.98
37.642,1,Ceiling_3x3m (6),2.64,1.70,-1.99
37.671,1,Ceiling_3x3m (6),2.63,1.70,-1.99
37.712,1,Ceiling_3x3m (6),2.63,1.70,-1.98
37.740,1,Ceiling_3x3m (6),2.62,1.70,-1.98
37.768,1,Ceiling_3x3m (6),2.62,1.70,-1.98
37.809,1,Ceiling_3x3m (6),2.62,1.70,-1.97
37.837,1,Ceiling_3x3m (6),2.61,1.70,-1.97
37.878,1,Ceiling_3x3m (6),2.59,1.70,-1.98
37.906,1,Ceiling_3x3m (6),2.58,1.70,-1.98
37.934,1,Ceiling_3x3m (6),2.60,1.70,-1.98
37.976,1,Ceiling_3x3m (6),2.60,1.70,-1.98
38.004,1,Ceiling_3x3m (6),2.59,1.70,-1.98
38.047,1,Ceiling_3x3m (6),2.59,1.70,-1.98
38.074,1,Ceiling_3x3m (6),2.59,1.70,-1.98
38.100,1,Ceiling_3x3m (6),2.59,1.70,-1.98
38.142,1,Ceiling_3x3m (6),2.62,1.70,-1.97
38.170,1,Ceiling_3x3m (6),2.62,1.70,-1.97
38.212,1,Ceiling_3x3m (6),2.62,1.70,-1.98
38.241,1,Ceiling_3x3m (6),2.64,1.70,-1.97
38.267,1,Ceiling_3x3m (6),2.63,1.70,-1.98
38.310,1,Ceiling_3x3m (6),2.65,1.70,-1.98
38.338,1,Ceiling_3x3m (6),2.65,1.70,-1.97
38.379,1,Ceiling_3x3m (6),2.65,1.70,-1.97
38.407,1,Ceiling_3x3m (6),2.63,1.70,-1.97
38.435,1,Ceiling_3x3m (6),2.64,1.70,-1.96
38.477,1,Ceiling_3x3m (6),2.63,1.70,-1.96
38.504,1,Ceiling_3x3m (6),2.62,1.70,-1.96
38.546,1,Ceiling_3x3m (6),2.63,1.70,-1.96
38.574,1,Ceiling_3x3m (6),2.63,1.70,-1.96
38.603,1,Ceiling_3x3m (6),2.62,1.70,-1.96
38.644,1,Ceiling_3x3m (6),2.60,1.70,-1.97
38.672,1,Ceiling_3x3m (6),2.60,1.70,-1.97
38.700,1,Ceiling_3x3m (6),2.60,1.70,-1.98
38.742,1,Ceiling_3x3m (6),2.60,1.70,-1.98
38.770,1,Ceiling_3x3m (6),2.60,1.70,-1.98
38.811,1,Ceiling_3x3m (6),2.58,1.70,-1.98
38.840,1,Ceiling_3x3m (6),2.57,1.70,-1.98
38.867,1,Ceiling_3x3m (6),2.58,1.70,-1.98
38.909,1,Ceiling_3x3m (6),2.57,1.70,-1.98
38.938,1,Ceiling_3x3m (6),2.56,1.70,-1.99
38.979,1,Ceiling_3x3m (6),2.54,1.70,-2.00
39.007,1,Ceiling_3x3m (6),2.58,1.70,-2.02
39.034,1,Ceiling_3x3m (6),2.60,1.70,-2.03
39.076,1,Ceiling_3x3m (6),2.58,1.70,-2.05
39.104,1,Ceiling_3x3m (6),2.54,1.70,-2.08
39.146,1,Ceiling_log_3m (21),2.46,1.67,-2.12
39.174,1,Ceiling_log_3m (21),2.46,1.60,-2.15
39.203,1,Ceiling_log_3m (21),2.46,1.53,-2.17
39.245,1,Ceiling_3x3m (6),1.92,1.70,-2.27
39.272,1,Ceiling_3x3m (6),1.76,1.70,-2.31
39.313,1,Ceiling_log_3m (20),1.52,1.69,-2.35
39.342,1,Ceiling_log_3m (20),1.52,1.62,-2.36
39.369,1,Ceiling_log_3m (20),1.52,1.53,-2.36
39.410,1,Wall_3mx20cm_Conference_Door,1.41,1.46,-2.36
39.439,1,Wall_3mx20cm_Conference_Door,1.41,1.41,-2.35
39.468,1,Wall_3mx20cm_Conference_Door,1.41,1.36,-2.35
39.509,1,Wall_3mx20cm_Conference_Door,1.41,1.29,-2.36
39.536,1,Wall_3mx20cm_Conference_Door,1.41,1.29,-2.36
39.579,1,Wall_3mx20cm_Conference_Door,1.41,1.27,-2.35
39.607,1,Wall_3mx20cm_Conference_Door,1.41,1.26,-2.33
39.633,1,Wall_3mx20cm_Conference_Door,1.41,1.25,-2.31
39.676,1,Wall_3mx20cm_Conference_Door,1.41,1.28,-2.28
39.703,1,Wall_3mx20cm_Conference_Door,1.41,1.29,-2.26
39.745,1,Wall_3mx20cm_Conference_Door,1.41,1.30,-2.22
39.774,1,Wall_3mx20cm_Conference_Door,1.41,1.30,-2.19
39.801,1,Wall_3mx20cm_Conference_Door,1.41,1.32,-2.17
39.843,1,Wall_3mx20cm_Conference_Door,1.41,1.36,-2.11
39.872,1,Wall_3mx20cm_Conference_Door,1.41,1.41,-2.08
39.912,1,Wall_3mx20cm_Conference_Door,1.41,1.50,-2.05
39.940,1,Ceiling_log_3m (20),1.49,1.50,-2.04
39.968,1,Ceiling_log_3m (20),1.52,1.53,-2.03
40.010,1,Ceiling_log_3m (20),1.52,1.57,-2.02
40.038,1,Ceiling_log_3m (20),1.52,1.60,-2.03
40.079,1,Ceiling_log_3m (20),1.52,1.61,-2.02
40.107,1,Ceiling_log_3m (20),1.52,1.62,-2.03
40.135,1,Ceiling_log_3m (20),1.52,1.62,-2.04
40.177,1,Ceiling_log_3m (20),1.52,1.65,-2.05
40.205,1,Ceiling_log_3m (20),1.52,1.67,-2.06
40.247,1,Ceiling_3x3m (6),1.56,1.70,-2.06
40.274,1,Ceiling_3x3m (6),1.59,1.70,-2.07
40.302,1,Ceiling_3x3m (6),1.57,1.70,-2.08
40.344,1,Ceiling_3x3m (6),1.54,1.70,-2.09
40.371,1,Ceiling_3x3m (6),1.57,1.70,-2.09
40.413,1,Ceiling_3x3m (6),1.53,1.70,-2.08
40.441,1,Ceiling_log_3m (20),1.52,1.69,-2.06
40.469,1,Ceiling_3x3m (6),1.53,1.70,-2.04
40.511,1,Ceiling_3x3m (6),1.56,1.70,-1.99
40.538,1,Ceiling_3x3m (6),1.55,1.70,-1.96
40.581,1,Ceiling_3x3m (6),1.54,1.70,-1.93
40.608,1,Ceiling_log_3m (20),1.52,1.70,-1.91
40.636,1,Ceiling_log_3m (20),1.52,1.69,-1.89
40.677,1,Ceiling_log_3m (20),1.52,1.68,-1.87
40.706,1,Ceiling_log_3m (20),1.52,1.69,-1.87
40.734,1,Ceiling_log_3m (20),1.52,1.69,-1.86
40.779,1,Ceiling_log_3m (20),1.52,1.69,-1.84
40.804,1,Ceiling_3x3m (6),1.52,1.70,-1.83
40.931,1,RobotHand (L),6.60,-0.66,-1.76
40.931,1,RobotHand (L),6.60,-0.66,-1.76
40.931,1,RobotHand (L),6.60,-0.66,-1.76
40.943,1,RobotHand (L),6.60,-0.66,-1.76
40.970,1,RobotHand (L),6.60,-0.66,-1.76
41.010,1,RobotHand (L),6.60,-0.66,-1.76
41.039,1,RobotHand (L),6.60,-0.66,-1.76
41.067,1,RobotHand (L),6.60,-0.66,-1.76
41.108,1,RobotHand (L),6.60,-0.66,-1.76
41.136,1,RobotHand (L),6.60,-0.66,-1.76
41.177,1,RobotHand (L),6.60,-0.66,-1.76
41.206,1,RobotHand (L),6.60,-0.66,-1.76
41.233,1,RobotHand (L),6.60,-0.66,-1.76
41.275,1,RobotHand (L),6.60,-0.66,-1.76
41.303,1,RobotHand (L),6.60,-0.66,-1.76
41.345,1,RobotHand (L),6.60,-0.66,-1.76
41.373,1,RobotHand (L),6.60,-0.66,-1.76
41.402,1,RobotHand (L),6.60,-0.66,-1.75
41.443,1,RobotHand (L),6.60,-0.66,-1.75
41.471,1,RobotHand (L),6.60,-0.66,-1.75
41.513,1,RobotHand (L),6.60,-0.66,-1.75
41.540,1,RobotHand (L),6.60,-0.66,-1.75
41.568,1,RobotHand (L),6.60,-0.66,-1.75
41.610,1,RobotHand (L),6.60,-0.66,-1.75
41.638,1,RobotHand (L),6.59,-0.66,-1.75
41.681,1,Ceiling_3x3m (6),1.76,1.70,-1.43
41.707,1,Ceiling_3x3m (6),1.77,1.70,-1.40
41.736,1,Ceiling_3x3m (6),1.79,1.70,-1.37
41.777,1,Ceiling_3x3m (6),1.80,1.70,-1.34
41.804,1,Ceiling_3x3m (6),1.81,1.70,-1.32
41.834,1,Ceiling_3x3m (6),1.81,1.70,-1.31
41.877,1,Ceiling_3x3m (6),1.82,1.70,-1.30
41.902,1,Ceiling_3x3m (6),1.82,1.70,-1.30
41.945,1,Ceiling_3x3m (6),1.82,1.70,-1.30
41.973,1,Ceiling_3x3m (6),1.83,1.70,-1.30
42.000,1,Ceiling_3x3m (6),1.82,1.70,-1.31
42.042,1,Ceiling_3x3m (6),1.82,1.70,-1.33
42.070,1,Ceiling_3x3m (6),1.83,1.70,-1.33
42.111,1,Ceiling_3x3m (6),1.83,1.70,-1.33
42.139,1,Ceiling_3x3m (6),1.82,1.70,-1.32
42.167,1,Ceiling_3x3m (6),1.82,1.70,-1.32
42.209,1,Ceiling_3x3m (6),1.85,1.70,-1.31
42.237,1,Ceiling_3x3m (6),1.85,1.70,-1.31
42.278,1,Ceiling_3x3m (6),1.82,1.70,-1.30
42.306,1,Ceiling_3x3m (6),1.82,1.70,-1.31
42.334,1,Ceiling_3x3m (6),1.83,1.70,-1.31
42.376,1,Ceiling_3x3m (6),1.85,1.70,-1.31
42.404,1,Ceiling_3x3m (6),1.86,1.70,-1.30
42.434,1,Ceiling_3x3m (6),1.86,1.70,-1.30
42.475,1,Ceiling_3x3m (6),1.86,1.70,-1.29
42.501,1,Ceiling_3x3m (6),1.87,1.70,-1.28
42.545,1,Ceiling_3x3m (6),1.90,1.70,-1.26
42.573,1,Ceiling_3x3m (6),1.93,1.70,-1.26
42.625,1,Ceiling_3x3m (6),1.94,1.70,-1.25
42.642,1,Ceiling_3x3m (6),1.93,1.70,-1.25
42.668,1,Ceiling_3x3m (6),1.93,1.70,-1.25
42.710,1,Ceiling_3x3m (6),1.93,1.70,-1.24
42.739,1,Ceiling_3x3m (6),1.95,1.70,-1.23
42.767,1,Ceiling_3x3m (6),1.96,1.70,-1.23
42.807,1,Ceiling_3x3m (6),1.96,1.70,-1.22
42.835,1,Ceiling_3x3m (6),1.94,1.70,-1.22
42.877,1,Ceiling_3x3m (6),1.95,1.70,-1.21
42.905,1,Ceiling_3x3m (6),1.95,1.70,-1.20
42.934,1,Ceiling_3x3m (6),1.97,1.70,-1.19
42.974,1,Ceiling_log_3m (21),2.37,1.50,-1.23
43.002,1,Ceiling_log_3m (21),2.37,1.50,-1.23
43.045,1,Ceiling_log_3m (21),2.36,1.50,-1.22
43.072,1,Ceiling_3x3m (6),1.97,1.70,-1.17
43.100,1,Ceiling_log_3m (21),2.36,1.50,-1.21
43.142,1,Ceiling_log_3m (21),2.38,1.50,-1.21
43.169,1,Ceiling_log_3m (21),2.40,1.50,-1.21
43.210,1,Ceiling_log_3m (21),2.40,1.50,-1.20
43.238,1,Ceiling_log_3m (21),2.39,1.50,-1.20
43.280,1,Ceiling_log_3m (21),2.39,1.50,-1.20
43.308,1,Ceiling_log_3m (21),2.39,1.50,-1.20
43.335,1,Ceiling_log_3m (21),2.40,1.50,-1.19
43.377,1,Ceiling_log_3m (21),2.40,1.50,-1.19
43.405,1,Ceiling_log_3m (21),2.39,1.50,-1.19
43.434,1,Ceiling_log_3m (21),2.37,1.50,-1.18
43.474,1,Ceiling_3x3m (6),1.97,1.70,-1.13
43.502,1,Ceiling_log_3m (21),2.36,1.50,-1.18
43.544,1,Ceiling_log_3m (21),2.39,1.50,-1.17
43.572,1,Ceiling_log_3m (21),2.40,1.50,-1.17
43.601,1,Ceiling_log_3m (21),2.41,1.50,-1.17
43.642,1,Ceiling_log_3m (21),2.40,1.50,-1.17
43.669,1,Ceiling_log_3m (21),2.39,1.50,-1.17
43.711,1,Ceiling_log_3m (21),2.38,1.50,-1.17
43.738,1,Ceiling_log_3m (21),2.38,1.50,-1.17
43.781,1,Ceiling_log_3m (21),2.39,1.50,-1.17
43.808,1,Ceiling_log_3m (21),2.39,1.50,-1.17
43.837,1,Ceiling_log_3m (21),2.38,1.50,-1.18
43.879,1,Ceiling_log_3m (21),2.38,1.50,-1.18
43.906,1,Ceiling_log_3m (21),2.40,1.50,-1.18
43.934,1,Ceiling_log_3m (21),2.42,1.50,-1.18
43.976,1,Ceiling_log_3m (21),2.43,1.50,-1.17
44.004,1,Ceiling_log_3m (21),2.42,1.50,-1.17
44.045,1,Ceiling_log_3m (21),2.40,1.50,-1.17
44.073,1,Ceiling_log_3m (21),2.40,1.50,-1.17
44.102,1,Ceiling_log_3m (21),2.41,1.50,-1.17
44.143,1,Ceiling_log_3m (21),2.43,1.50,-1.17
44.171,1,Ceiling_log_3m (21),2.43,1.50,-1.17
44.200,1,Ceiling_log_3m (21),2.42,1.50,-1.17
44.240,1,Ceiling_log_3m (21),2.40,1.50,-1.18
44.270,1,Ceiling_log_3m (21),2.40,1.50,-1.18
44.310,1,Ceiling_log_3m (21),2.42,1.50,-1.17
44.338,1,Ceiling_log_3m (21),2.42,1.50,-1.17
44.381,1,Ceiling_log_3m (21),2.42,1.50,-1.17
44.408,1,Ceiling_log_3m (21),2.40,1.50,-1.17
44.434,1,Ceiling_log_3m (21),2.40,1.50,-1.17
44.477,1,Ceiling_log_3m (21),2.41,1.50,-1.17
44.504,1,Ceiling_log_3m (21),2.42,1.50,-1.17
44.546,1,Ceiling_log_3m (21),2.42,1.50,-1.17
44.572,1,Ceiling_log_3m (21),2.41,1.50,-1.18
44.602,1,Ceiling_log_3m (21),2.40,1.50,-1.18
44.643,1,Ceiling_log_3m (21),2.40,1.50,-1.18
44.670,1,Ceiling_log_3m (21),2.41,1.50,-1.17
44.712,1,Ceiling_log_3m (21),2.42,1.50,-1.17
44.738,1,Ceiling_log_3m (21),2.42,1.50,-1.17
44.767,1,Ceiling_log_3m (21),2.40,1.50,-1.17
44.807,1,Ceiling_log_3m (21),2.37,1.50,-1.17
44.834,1,Ceiling_log_3m (21),2.37,1.50,-1.17
44.877,1,Ceiling_3x3m (6),1.98,1.70,-1.12
44.905,1,Ceiling_3x3m (6),1.95,1.70,-1.12
44.933,1,Ceiling_3x3m (6),1.87,1.70,-1.12
44.976,1,Ceiling_3x3m (6),1.69,1.70,-1.12
45.003,1,Ceiling_3x3m (6),1.54,1.70,-1.12
45.044,1,Ceiling_log_3m (20),1.52,1.60,-1.14
45.073,1,Ceiling_log_3m (20),1.52,1.54,-1.16
45.101,1,Ceiling_log_3m (20),1.52,1.50,-1.17
45.143,1,Wall_3mx20cm_Conference_Door,1.41,1.49,-1.18
45.171,1,Wall_3mx20cm_Conference_Door,1.41,1.46,-1.19
45.214,1,Wall_3mx20cm_Conference_Door,1.41,1.44,-1.20
45.240,1,Wall_3mx20cm_Conference_Door,1.41,1.41,-1.20
45.268,1,Wall_3mx20cm_Conference_Door,1.41,1.39,-1.22
45.310,1,Wall_3mx20cm_Conference_Door,1.41,1.35,-1.23
45.338,1,Wall_3mx20cm_Conference_Door,1.41,1.32,-1.25
45.380,1,Wall_3mx20cm_Conference_Door,1.41,1.29,-1.26
45.407,1,Wall_3mx20cm_Conference_Door,1.41,1.29,-1.26
45.436,1,Wall_3mx20cm_Conference_Door,1.41,1.28,-1.26
45.478,1,Wall_3mx20cm_Conference_Door,1.41,1.26,-1.25
45.506,1,Wall_3mx20cm_Conference_Door,1.41,1.26,-1.25
45.533,1,Wall_3mx20cm_Conference_Door,1.41,1.26,-1.24
45.576,1,Wall_3mx20cm_Conference_Door,1.41,1.28,-1.23
45.604,1,Wall_3mx20cm_Conference_Door,1.41,1.28,-1.22
45.646,1,Wall_3mx20cm_Conference_Door,1.41,1.29,-1.21
45.674,1,Wall_3mx20cm_Conference_Door,1.41,1.30,-1.21
45.702,1,Wall_3mx20cm_Conference_Door,1.41,1.31,-1.20
45.744,1,Wall_3mx20cm_Conference_Door,1.41,1.32,-1.20
45.771,1,Wall_3mx20cm_Conference_Door,1.41,1.32,-1.20
45.814,1,Wall_3mx20cm_Conference_Door,1.41,1.33,-1.20
45.841,1,Wall_3mx20cm_Conference_Door,1.41,1.33,-1.19
45.870,1,Wall_3mx20cm_Conference_Door,1.41,1.34,-1.19
45.911,1,Wall_3mx20cm_Conference_Door,1.41,1.34,-1.19
45.939,1,Wall_3mx20cm_Conference_Door,1.41,1.35,-1.18
45.967,1,Wall_3mx20cm_Conference_Door,1.41,1.36,-1.18
46.009,1,Wall_3mx20cm_Conference_Door,1.41,1.36,-1.19
46.037,1,Wall_3mx20cm_Conference_Door,1.41,1.37,-1.19
46.079,1,Wall_3mx20cm_Conference_Door,1.41,1.37,-1.19
46.107,1,Wall_3mx20cm_Conference_Door,1.41,1.38,-1.19
46.134,1,Wall_3mx20cm_Conference_Door,1.41,1.38,-1.19
46.176,1,Wall_3mx20cm_Conference_Door,1.41,1.38,-1.19
46.204,1,Wall_3mx20cm_Conference_Door,1.41,1.38,-1.19
46.244,1,Wall_3mx20cm_Conference_Door,1.41,1.39,-1.18
46.272,1,Wall_3mx20cm_Conference_Door,1.41,1.39,-1.17
46.300,1,Wall_3mx20cm_Conference_Door,1.41,1.39,-1.17
46.342,1,Wall_3mx20cm_Conference_Door,1.41,1.40,-1.16
46.370,1,Wall_3mx20cm_Conference_Door,1.41,1.40,-1.16
46.412,1,Wall_3mx20cm_Conference_Door,1.41,1.40,-1.16
46.440,1,Wall_3mx20cm_Conference_Door,1.41,1.40,-1.16
46.468,1,Wall_3mx20cm_Conference_Door,1.41,1.40,-1.16
46.510,1,Wall_3mx20cm_Conference_Door,1.41,1.41,-1.16
46.538,1,Wall_3mx20cm_Conference_Door,1.41,1.41,-1.15
46.579,1,Wall_3mx20cm_Conference_Door,1.41,1.42,-1.15
46.608,1,Wall_3mx20cm_Conference_Door,1.41,1.42,-1.15
46.636,1,Wall_3mx20cm_Conference_Door,1.41,1.43,-1.15
46.677,1,Wall_3mx20cm_Conference_Door,1.41,1.45,-1.14
46.705,1,Wall_3mx20cm_Conference_Door,1.41,1.46,-1.14
46.733,1,Wall_3mx20cm_Conference_Door,1.41,1.47,-1.14
46.775,1,Wall_3mx20cm_Conference_Door,1.41,1.49,-1.13
46.803,1,Wall_3mx20cm_Conference_Door,1.41,1.50,-1.13
46.844,1,Ceiling_log_3m (20),1.43,1.50,-1.13
46.871,1,Ceiling_log_3m (20),1.43,1.50,-1.13
46.900,1,Ceiling_log_3m (20),1.43,1.50,-1.13
46.941,1,Wall_3mx20cm_Conference_Door,1.41,1.50,-1.14
46.969,1,Wall_3mx20cm_Conference_Door,1.41,1.50,-1.14
47.011,1,Wall_3mx20cm_Conference_Door,1.41,1.51,-1.14
47.039,1,Ceiling_log_3m (20),1.43,1.50,-1.14
47.067,1,Ceiling_log_3m (20),1.43,1.50,-1.14
47.109,1,Ceiling_log_3m (20),1.43,1.50,-1.15
47.137,1,Wall_3mx20cm_Conference_Door,1.41,1.51,-1.15
47.178,1,Wall_3mx20cm_Conference_Door,1.41,1.50,-1.16
47.206,1,Wall_3mx20cm_Conference_Door,1.41,1.49,-1.16
47.234,1,Wall_3mx20cm_Conference_Door,1.41,1.49,-1.17
47.276,1,Wall_3mx20cm_Conference_Door,1.41,1.48,-1.17
47.304,1,Wall_3mx20cm_Conference_Door,1.41,1.48,-1.17
47.345,1,Wall_3mx20cm_Conference_Door,1.41,1.49,-1.17
47.373,1,Wall_3mx20cm_Conference_Door,1.41,1.49,-1.17
47.404,1,Wall_3mx20cm_Conference_Door,1.41,1.49,-1.17
47.444,1,Wall_3mx20cm_Conference_Door,1.41,1.49,-1.18
47.472,1,Wall_3mx20cm_Conference_Door,1.41,1.50,-1.18
47.512,1,Wall_3mx20cm_Conference_Door,1.41,1.50,-1.19
47.541,1,Wall_3mx20cm_Conference_Door,1.41,1.51,-1.19
47.569,1,Ceiling_log_3m (20),1.43,1.50,-1.19
47.609,1,Ceiling_log_3m (20),1.43,1.50,-1.20
47.638,1,Ceiling_log_3m (20),1.44,1.50,-1.20
47.680,1,Ceiling_log_3m (20),1.45,1.50,-1.21
47.707,1,Ceiling_log_3m (20),1.46,1.50,-1.21
47.736,1,Ceiling_log_3m (20),1.46,1.50,-1.22
47.778,1,Ceiling_log_3m (20),1.46,1.50,-1.23
47.806,1,Ceiling_log_3m (20),1.46,1.50,-1.24
47.847,1,Ceiling_log_3m (20),1.45,1.50,-1.26
47.875,1,Ceiling_log_3m (20),1.44,1.50,-1.27
47.902,1,Ceiling_log_3m (20),1.43,1.50,-1.29
47.944,1,Ceiling_log_3m (20),1.44,1.50,-1.30
47.972,1,Ceiling_log_3m (20),1.44,1.50,-1.30
48.000,1,Ceiling_log_3m (20),1.45,1.50,-1.30
48.041,1,Ceiling_log_3m (20),1.45,1.50,-1.28
48.070,1,Ceiling_log_3m (20),1.45,1.50,-1.27
48.111,1,Ceiling_log_3m (20),1.47,1.50,-1.23
48.139,1,Ceiling_log_3m (20),1.49,1.50,-1.21
48.168,1,Ceiling_log_3m (20),1.51,1.50,-1.19
48.209,1,Ceiling_log_3m (20),1.52,1.55,-1.15
48.237,1,Ceiling_log_3m (20),1.52,1.58,-1.12
48.279,1,Ceiling_log_3m (20),1.52,1.57,-1.11
48.307,1,Ceiling_log_3m (20),1.52,1.58,-1.10
48.334,1,Ceiling_log_3m (20),1.52,1.59,-1.09
48.376,1,Ceiling_log_3m (20),1.52,1.60,-1.11
48.404,1,Ceiling_log_3m (20),1.52,1.59,-1.12
48.433,1,Ceiling_log_3m (20),1.52,1.56,-1.13
48.474,1,Ceiling_log_3m (20),1.52,1.51,-1.13
48.501,1,Ceiling_log_3m (20),1.52,1.51,-1.13
48.544,1,Ceiling_log_3m (20),1.49,1.50,-1.13
48.571,1,Ceiling_log_3m (20),1.52,1.50,-1.13
48.613,1,Ceiling_log_3m (20),1.52,1.52,-1.15
48.642,1,Ceiling_log_3m (20),1.52,1.52,-1.17
48.669,1,Ceiling_log_3m (20),1.52,1.52,-1.18
48.710,1,Ceiling_log_3m (20),1.52,1.51,-1.22
48.738,1,Ceiling_log_3m (20),1.52,1.52,-1.26
48.781,1,Ceiling_log_3m (20),1.52,1.52,-1.33
48.808,1,Ceiling_log_3m (20),1.52,1.51,-1.39
48.836,1,Ceiling_log_3m (20),1.52,1.52,-1.44
48.877,1,Ceiling_log_3m (20),1.52,1.54,-1.50
48.905,1,Ceiling_log_3m (20),1.52,1.56,-1.55
48.947,1,Ceiling_log_3m (20),1.52,1.61,-1.59
48.976,1,Ceiling_log_3m (20),1.52,1.60,-1.61
49.002,1,Ceiling_log_3m (20),1.52,1.58,-1.65
49.045,1,Ceiling_log_3m (20),1.52,1.58,-1.68
49.072,1,Ceiling_log_3m (20),1.52,1.58,-1.67
49.100,1,Ceiling_log_3m (20),1.52,1.56,-1.67
49.142,1,Ceiling_log_3m (20),1.52,1.53,-1.67
49.170,1,Ceiling_log_3m (20),1.52,1.52,-1.65
49.212,1,Ceiling_log_3m (20),1.49,1.50,-1.64
49.239,1,Wall_3mx20cm_Conference_Door,1.41,1.51,-1.64
49.267,1,Wall_3mx20cm_Conference_Door,1.41,1.45,-1.63
49.309,1,Wall_3mx20cm_Conference_Door,1.41,1.38,-1.64
49.336,1,Wall_3mx20cm_Conference_Door,1.41,1.31,-1.64
49.379,1,Wall_3mx20cm_Conference_Door,1.41,1.22,-1.62
49.406,1,Wall_3mx20cm_Conference_Door,1.41,1.16,-1.61
49.434,1,Wall_3mx20cm_Conference_Door,1.41,1.14,-1.62
49.475,1,Wall_3mx20cm_Conference_Door,1.41,1.19,-1.61
49.504,1,Wall_3mx20cm_Conference_Door,1.41,1.22,-1.58
49.545,1,Wall_3mx20cm_Conference_Door,1.41,1.29,-1.55
49.573,1,Wall_3mx20cm_Conference_Door,1.41,1.31,-1.52
49.601,1,Wall_3mx20cm_Conference_Door,1.41,1.35,-1.49
49.643,1,Wall_3mx20cm_Conference_Door,1.41,1.40,-1.42
49.672,1,Wall_3mx20cm_Conference_Door,1.41,1.41,-1.38
49.713,1,Wall_3mx20cm_Conference_Door,1.41,1.40,-1.35
49.740,1,Wall_3mx20cm_Conference_Door,1.41,1.39,-1.32
49.769,1,Wall_3mx20cm_Conference_Door,1.41,1.36,-1.29
49.810,1,Wall_3mx20cm_Conference_Door,1.41,1.35,-1.28
49.838,1,Wall_3mx20cm_Conference_Door,1.41,1.35,-1.25
49.879,1,Wall_3mx20cm_Conference_Door,1.41,1.36,-1.21
49.907,1,Wall_3mx20cm_Conference_Door,1.41,1.37,-1.19
49.935,1,Wall_3mx20cm_Conference_Door,1.41,1.40,-1.15
49.977,1,Wall_3mx20cm_Conference_Door,1.41,1.42,-1.10
50.004,1,Wall_3mx20cm_Door (1),1.41,1.44,-1.07
50.047,1,Wall_3mx20cm_Door (1),1.41,1.46,-1.03
50.074,1,Wall_3mx20cm_Door (1),1.41,1.47,-1.01
50.102,1,Wall_3mx20cm_Door (1),1.41,1.48,-0.99
50.144,1,Wall_3mx20cm_Door (1),1.41,1.51,-0.95
50.172,1,Ceiling_log_3m (20),1.43,1.50,-0.95
50.214,1,Ceiling_log_3m (20),1.44,1.50,-0.94
50.242,1,Ceiling_log_3m (20),1.43,1.50,-0.93
50.269,1,Wall_3mx20cm_Door (1),1.41,1.51,-0.93
50.311,1,Ceiling_log_3m (20),1.48,1.50,-0.91
50.339,1,Ceiling_log_3m (20),1.51,1.50,-0.91
50.368,1,Ceiling_log_3m (20),1.50,1.50,-0.92
50.408,1,Ceiling_log_3m (20),1.52,1.50,-0.91
50.436,1,Ceiling_log_3m (20),1.52,1.52,-0.91
50.477,1,Ceiling_log_3m (20),1.52,1.55,-0.90
50.505,1,Ceiling_log_3m (20),1.52,1.55,-0.90
50.534,1,Ceiling_log_3m (20),1.52,1.54,-0.89
50.575,1,Ceiling_log_3m (20),1.52,1.53,-0.88
50.602,1,Ceiling_log_3m (20),1.52,1.55,-0.89
50.643,1,Ceiling_log_3m (20),1.52,1.55,-0.90
50.671,1,Ceiling_log_3m (20),1.52,1.55,-0.90
50.712,1,Ceiling_log_3m (20),1.52,1.56,-0.90
50.739,1,Ceiling_log_3m (20),1.52,1.57,-0.90
50.767,1,Ceiling_log_3m (20),1.52,1.56,-0.90
50.809,1,Ceiling_log_3m (20),1.52,1.56,-0.92
50.837,1,Ceiling_log_3m (20),1.52,1.56,-0.93
50.880,1,Ceiling_log_3m (20),1.52,1.58,-0.94
50.907,1,Ceiling_log_3m (20),1.52,1.61,-0.94
50.936,1,Ceiling_log_3m (20),1.52,1.65,-0.93
50.977,1,Ceiling_log_3m (20),1.52,1.64,-0.93
51.005,1,Ceiling_log_3m (20),1.52,1.63,-0.94
51.047,1,Ceiling_log_3m (20),1.52,1.60,-0.95
51.075,1,Ceiling_log_3m (20),1.52,1.58,-0.97
51.103,1,Ceiling_log_3m (20),1.52,1.57,-0.99
51.145,1,Ceiling_log_3m (20),1.52,1.55,-1.01
51.173,1,Ceiling_log_3m (20),1.52,1.54,-1.04
51.201,1,Ceiling_log_3m (20),1.52,1.55,-1.06
51.243,1,Ceiling_log_3m (20),1.52,1.56,-1.09
51.270,1,Ceiling_log_3m (20),1.52,1.56,-1.12
51.312,1,Ceiling_log_3m (20),1.52,1.57,-1.15
51.341,1,Ceiling_log_3m (20),1.52,1.57,-1.17
51.369,1,Ceiling_log_3m (20),1.52,1.57,-1.19
51.410,1,Ceiling_log_3m (20),1.52,1.58,-1.20
51.438,1,Ceiling_log_3m (20),1.52,1.59,-1.20
51.480,1,Ceiling_log_3m (20),1.52,1.60,-1.22
51.508,1,Ceiling_log_3m (20),1.52,1.61,-1.23
51.537,1,Ceiling_log_3m (20),1.52,1.61,-1.25
51.578,1,Ceiling_log_3m (20),1.52,1.62,-1.28
51.606,1,Ceiling_log_3m (20),1.52,1.63,-1.28
51.634,1,Ceiling_log_3m (20),1.52,1.64,-1.29
51.676,1,Ceiling_log_3m (20),1.52,1.65,-1.30
51.704,1,Ceiling_log_3m (20),1.52,1.67,-1.31
51.745,1,Ceiling_log_3m (20),1.52,1.66,-1.32
51.773,1,Ceiling_log_3m (20),1.52,1.66,-1.33
51.801,1,Ceiling_log_3m (20),1.52,1.65,-1.35
51.843,1,Ceiling_log_3m (20),1.52,1.64,-1.37
51.870,1,Ceiling_log_3m (20),1.52,1.63,-1.38
51.912,1,Ceiling_log_3m (20),1.52,1.60,-1.38
51.941,1,Ceiling_log_3m (20),1.52,1.57,-1.38
51.968,1,Ceiling_log_3m (20),1.52,1.54,-1.38
52.010,1,Ceiling_log_3m (20),1.49,1.50,-1.37
52.038,1,Wall_3mx20cm_Conference_Door,1.41,1.50,-1.36
52.079,1,Wall_3mx20cm_Conference_Door,1.41,1.40,-1.38
52.107,1,Wall_3mx20cm_Conference_Door,1.41,1.34,-1.40
52.135,1,Wall_3mx20cm_Conference_Door,1.41,1.27,-1.42
52.176,1,Wall_3mx20cm_Conference_Door,1.41,1.18,-1.45
52.204,1,Wall_3mx20cm_Conference_Door,1.41,1.12,-1.48
52.245,1,Wall_3mx20cm_Conference_Door,1.41,1.07,-1.51
52.273,1,Wall_3mx20cm_Conference_Door,1.41,1.02,-1.54
52.302,1,Wall_3mx20cm_Conference_Door,1.41,0.99,-1.57
52.343,1,Wall_3mx20cm_Conference_Door,1.41,0.97,-1.61
52.371,1,Wall_3mx20cm_Conference_Door,1.41,0.97,-1.63
52.413,1,Wall_3mx20cm_Conference_Door,1.41,0.96,-1.66
52.441,1,Wall_3mx20cm_Conference_Door,1.41,0.95,-1.68
52.470,1,Wall_3mx20cm_Conference_Door,1.41,0.94,-1.69
52.511,1,Wall_3mx20cm_Conference_Door,1.41,0.94,-1.72
52.539,1,Timer,1.47,0.91,-1.74
52.567,1,Timer,1.47,0.92,-1.77
52.608,1,Timer,1.47,0.93,-1.82
52.636,1,Timer,1.47,0.93,-1.84
52.678,1,Timer,1.47,0.94,-1.87
52.706,1,Timer,1.47,0.98,-1.88
52.734,1,Timer,1.47,1.03,-1.86
52.776,1,Wall_3mx20cm_Conference_Door,1.41,1.13,-1.83
52.803,1,Wall_3mx20cm_Conference_Door,1.41,1.16,-1.82
52.845,1,Wall_3mx20cm_Conference_Door,1.41,1.15,-1.83
52.873,1,Wall_3mx20cm_Conference_Door,1.41,1.21,-1.86
52.901,1,Wall_3mx20cm_Conference_Door,1.41,1.30,-1.88
52.942,1,Wall_3mx20cm_Conference_Door,1.41,1.36,-1.88
52.970,1,Wall_3mx20cm_Conference_Door,1.41,1.40,-1.89
53.012,1,Wall_3mx20cm_Conference_Door,1.41,1.46,-1.92
53.040,1,Wall_3mx20cm_Conference_Door,1.41,1.46,-1.91
53.068,1,Wall_3mx20cm_Conference_Door,1.41,1.45,-1.88
53.109,1,Wall_3mx20cm_Conference_Door,1.41,1.50,-1.83
53.138,1,Wall_3mx20cm_Conference_Door,1.41,1.46,-1.79
53.180,1,Wall_3mx20cm_Conference_Door,1.41,1.47,-1.70
53.207,1,Wall_3mx20cm_Conference_Door,1.41,1.46,-1.64
53.235,1,Wall_3mx20cm_Conference_Door,1.41,1.41,-1.61
53.277,1,Wall_3mx20cm_Conference_Door,1.41,1.37,-1.56
53.305,1,Wall_3mx20cm_Conference_Door,1.41,1.41,-1.51
53.334,1,Wall_3mx20cm_Conference_Door,1.41,1.44,-1.47
53.373,1,Wall_3mx20cm_Conference_Door,1.41,1.48,-1.42
53.403,1,Wall_3mx20cm_Conference_Door,1.41,1.48,-1.39
53.444,1,Wall_3mx20cm_Conference_Door,1.41,1.46,-1.36
53.471,1,Wall_3mx20cm_Conference_Door,1.41,1.46,-1.32
53.513,1,Wall_3mx20cm_Conference_Door,1.41,1.46,-1.26
53.542,1,Wall_3mx20cm_Conference_Door,1.41,1.46,-1.22
53.568,1,Wall_3mx20cm_Conference_Door,1.41,1.47,-1.18
53.609,1,Wall_3mx20cm_Conference_Door,1.41,1.46,-1.11
53.637,1,Wall_3mx20cm_Door (1),1.41,1.47,-1.07
53.678,1,Wall_3mx20cm_Door (1),1.41,1.50,-0.99
53.707,1,Ceiling_log_3m (20),1.46,1.50,-0.93
53.735,1,Ceiling_log_3m (20),1.52,1.51,-0.88
53.776,1,Ceiling_log_3m (20),1.52,1.56,-0.78
53.804,1,Ceiling_log_3m (20),1.52,1.59,-0.73
53.846,1,Ceiling_log_3m (20),1.52,1.59,-0.66
53.873,1,Ceiling_log_3m (20),1.52,1.60,-0.62
53.901,1,Ceiling_log_3m (20),1.52,1.60,-0.57
53.943,1,Ceiling_log_3m (20),1.52,1.62,-0.51
53.971,1,Ceiling_log_3m (20),1.52,1.62,-0.48
54.013,1,Ceiling_log_3m (20),1.52,1.64,-0.43
54.041,1,Ceiling_log_3m (20),1.52,1.65,-0.40
54.069,1,Ceiling_log_3m (20),1.52,1.65,-0.37
54.111,1,Ceiling_log_3m (20),1.52,1.68,-0.33
54.139,1,Wall_3mx20cm_Wood_Panels (2),1.55,1.69,-0.31
54.167,1,Wall_3mx20cm_Wood_Panels (2),1.59,1.68,-0.31
54.209,1,Wall_3mx20cm_Wood_Panels (2),1.57,1.69,-0.31
54.237,1,Wall_3mx20cm_Wood_Panels (2),1.57,1.69,-0.31
54.279,1,Ceiling_3x3m (7),1.60,1.70,-0.34
54.307,1,Ceiling_3x3m (7),1.62,1.70,-0.36
54.334,1,Ceiling_3x3m (7),1.64,1.70,-0.37
54.376,1,Ceiling_3x3m (7),1.66,1.70,-0.37
54.403,1,Ceiling_3x3m (7),1.66,1.70,-0.37
54.446,1,Ceiling_3x3m (7),1.65,1.70,-0.36
54.473,1,Ceiling_3x3m (7),1.65,1.70,-0.35
54.502,1,Ceiling_3x3m (7),1.66,1.70,-0.34
54.543,1,Ceiling_3x3m (7),1.63,1.70,-0.34
54.571,1,Ceiling_3x3m (7),1.60,1.70,-0.33
54.612,1,Ceiling_3x3m (7),1.57,1.70,-0.33
54.641,1,Ceiling_3x3m (7),1.55,1.70,-0.34
54.668,1,Ceiling_3x3m (7),1.55,1.70,-0.35
54.710,1,Ceiling_3x3m (7),1.55,1.70,-0.36
54.742,1,Ceiling_3x3m (7),1.54,1.70,-0.36
54.770,1,Ceiling_3x3m (7),1.53,1.70,-0.35
54.824,1,Ceiling_3x3m (7),1.56,1.70,-0.35
54.838,1,Ceiling_3x3m (7),1.57,1.70,-0.35
54.868,1,Ceiling_3x3m (7),1.60,1.70,-0.34
54.928,1,Ceiling_3x3m (7),1.62,1.70,-0.34
54.947,1,Ceiling_3x3m (7),1.63,1.70,-0.34
54.978,1,Ceiling_3x3m (7),1.66,1.70,-0.34
55.003,1,Ceiling_3x3m (7),1.66,1.70,-0.33
55.045,1,Ceiling_3x3m (7),1.64,1.70,-0.33
55.072,1,Ceiling_3x3m (7),1.65,1.70,-0.32
55.100,1,Ceiling_3x3m (7),1.65,1.70,-0.31
55.143,1,Wall_3mx20cm_Wood_Panels (2),1.69,1.68,-0.31
55.170,1,Wall_3mx20cm_Wood_Panels (2),1.74,1.67,-0.31
55.211,1,Wall_3mx20cm_Wood_Panels (2),1.80,1.66,-0.31
55.238,1,Wall_3mx20cm_Wood_Panels (2),1.85,1.65,-0.31
55.280,1,Wall_3mx20cm_Wood_Panels (2),1.91,1.63,-0.31
55.307,1,Wall_3mx20cm_Wood_Panels (2),1.95,1.62,-0.31
55.335,1,Wall_3mx20cm_Wood_Panels (2),1.98,1.60,-0.31
55.377,1,Wall_3mx20cm_Wood_Panels (2),1.99,1.59,-0.31
55.404,1,Wall_3mx20cm_Wood_Panels (2),1.99,1.60,-0.31
55.445,1,Wall_3mx20cm_Wood_Panels (2),1.98,1.62,-0.31
55.474,1,Wall_3mx20cm_Wood_Panels (2),1.96,1.65,-0.31
55.502,1,Wall_3mx20cm_Wood_Panels (2),1.95,1.66,-0.31
55.543,1,Wall_3mx20cm_Wood_Panels (2),1.93,1.68,-0.31
55.571,1,Wall_3mx20cm_Wood_Panels (2),1.93,1.68,-0.31
55.612,1,Wall_3mx20cm_Wood_Panels (2),1.94,1.68,-0.31
55.640,1,Wall_3mx20cm_Wood_Panels (2),1.97,1.67,-0.31
55.667,1,Wall_3mx20cm_Wood_Panels (2),2.00,1.66,-0.31
55.709,1,Wall_3mx20cm_Wood_Panels (2),2.07,1.63,-0.31
55.737,1,Wall_3mx20cm_Wood_Panels (2),2.10,1.63,-0.31
55.779,1,Wall_3mx20cm_Wood_Panels (2),2.15,1.61,-0.31
55.805,1,Wall_3mx20cm_Wood_Panels (2),2.17,1.60,-0.31
55.847,1,Wall_3mx20cm_Wood_Panels (2),2.16,1.60,-0.31
55.875,1,Wall_3mx20cm_Wood_Panels (2),2.14,1.60,-0.31
55.902,1,Wall_3mx20cm_Wood_Panels (2),2.11,1.60,-0.31
55.943,1,Wall_3mx20cm_Wood_Panels (2),2.06,1.62,-0.31
55.972,1,Wall_3mx20cm_Wood_Panels (2),2.02,1.63,-0.31
56.000,1,Wall_3mx20cm_Wood_Panels (2),1.99,1.64,-0.31
56.042,1,Wall_3mx20cm_Wood_Panels (2),1.96,1.64,-0.31
56.070,1,Wall_3mx20cm_Wood_Panels (2),1.95,1.64,-0.31
56.113,1,Wall_3mx20cm_Wood_Panels (2),1.95,1.63,-0.31
56.141,1,Wall_3mx20cm_Wood_Panels (2),1.95,1.62,-0.31
56.168,1,Wall_3mx20cm_Wood_Panels (2),1.95,1.62,-0.31
56.210,1,Wall_3mx20cm_Wood_Panels (2),1.96,1.62,-0.31
56.238,1,Wall_3mx20cm_Wood_Panels (2),1.96,1.61,-0.31
56.278,1,Wall_3mx20cm_Wood_Panels (2),1.97,1.61,-0.31
56.305,1,Wall_3mx20cm_Wood_Panels (2),1.97,1.61,-0.31
56.345,1,Wall_3mx20cm_Wood_Panels (2),1.99,1.60,-0.31
56.372,1,Wall_3mx20cm_Wood_Panels (2),1.98,1.59,-0.31
56.400,1,Wall_3mx20cm_Wood_Panels (2),1.99,1.58,-0.31
56.442,1,Wall_3mx20cm_Wood_Panels (2),2.00,1.57,-0.31
56.468,1,Wall_3mx20cm_Wood_Panels (2),2.01,1.57,-0.31
56.513,1,Wall_3mx20cm_Wood_Panels (2),2.01,1.57,-0.31
56.541,1,Wall_3mx20cm_Wood_Panels (2),2.01,1.57,-0.31
56.583,1,Wall_3mx20cm_Wood_Panels (2),2.00,1.57,-0.31
56.611,1,Wall_3mx20cm_Wood_Panels (2),2.01,1.57,-0.31
56.639,1,Wall_3mx20cm_Wood_Panels (2),2.01,1.56,-0.31
56.667,1,Wall_3mx20cm_Wood_Panels (2),2.01,1.56,-0.31
56.710,1,Wall_3mx20cm_Wood_Panels (2),2.02,1.55,-0.31
56.738,1,Wall_3mx20cm_Wood_Panels (2),2.02,1.55,-0.31
56.778,1,Wall_3mx20cm_Wood_Panels (2),2.02,1.54,-0.31
56.806,1,Wall_3mx20cm_Wood_Panels (2),2.02,1.53,-0.31
56.835,1,Wall_3mx20cm_Wood_Panels (2),2.02,1.53,-0.31
56.878,1,Wall_3mx20cm_Wood_Panels (2),2.01,1.52,-0.31
56.904,1,Wall_3mx20cm_Wood_Panels (2),2.01,1.52,-0.31
56.936,1,Wall_3mx20cm_Wood_Panels (2),2.00,1.52,-0.31
56.975,1,Wall_3mx20cm_Wood_Panels (2),1.99,1.53,-0.31
57.002,1,Wall_3mx20cm_Wood_Panels (2),1.98,1.54,-0.31
57.045,1,Wall_3mx20cm_Wood_Panels (2),1.96,1.55,-0.31
57.073,1,Wall_3mx20cm_Wood_Panels (2),1.95,1.54,-0.31
57.101,1,Wall_3mx20cm_Wood_Panels (2),1.94,1.54,-0.31
57.142,1,Wall_3mx20cm_Wood_Panels (2),1.93,1.55,-0.31
57.170,1,Wall_3mx20cm_Wood_Panels (2),1.93,1.55,-0.31
57.212,1,Wall_3mx20cm_Wood_Panels (2),1.94,1.55,-0.31
57.239,1,Wall_3mx20cm_Wood_Panels (2),1.94,1.55,-0.31
57.267,1,Wall_3mx20cm_Wood_Panels (2),1.95,1.54,-0.31
57.309,1,Wall_3mx20cm_Wood_Panels (2),1.97,1.53,-0.31
57.338,1,Wall_3mx20cm_Wood_Panels (2),1.98,1.53,-0.31
57.379,1,Wall_3mx20cm_Wood_Panels (2),2.00,1.53,-0.31
57.407,1,Wall_3mx20cm_Wood_Panels (2),2.00,1.53,-0.31
57.435,1,Wall_3mx20cm_Wood_Panels (2),1.98,1.53,-0.31
57.477,1,Wall_3mx20cm_Wood_Panels (2),1.95,1.53,-0.31
57.505,1,Wall_3mx20cm_Wood_Panels (2),1.91,1.55,-0.31
57.548,1,Wall_3mx20cm_Wood_Panels (2),1.86,1.57,-0.31
57.575,1,Wall_3mx20cm_Wood_Panels (2),1.83,1.58,-0.31
57.602,1,Wall_3mx20cm_Wood_Panels (2),1.81,1.59,-0.31
57.645,1,Wall_3mx20cm_Wood_Panels (2),1.80,1.60,-0.31
57.672,1,Wall_3mx20cm_Wood_Panels (2),1.76,1.62,-0.31
57.700,1,Wall_3mx20cm_Wood_Panels (2),1.72,1.64,-0.31
57.742,1,Wall_3mx20cm_Wood_Panels (2),1.66,1.67,-0.31
57.769,1,Wall_3mx20cm_Wood_Panels (2),1.62,1.67,-0.31
57.811,1,Wall_3mx20cm_Wood_Panels (2),1.56,1.69,-0.31
57.836,1,Ceiling_log_3m (20),1.52,1.69,-0.32
57.877,1,Ceiling_log_3m (20),1.52,1.68,-0.35
57.903,1,Ceiling_log_3m (20),1.52,1.67,-0.39
57.946,1,Ceiling_log_3m (20),1.52,1.66,-0.45
57.972,1,Ceiling_log_3m (20),1.52,1.65,-0.49
58.013,1,Ceiling_log_3m (20),1.52,1.63,-0.55
58.041,1,Ceiling_log_3m (20),1.52,1.63,-0.59
58.070,1,Ceiling_log_3m (20),1.52,1.62,-0.63
58.113,1,Ceiling_log_3m (20),1.52,1.60,-0.69
58.141,1,Ceiling_log_3m (20),1.52,1.59,-0.72
58.171,1,Ceiling_log_3m (20),1.52,1.59,-0.75
58.212,1,Ceiling_log_3m (20),1.52,1.59,-0.79
58.240,1,Ceiling_log_3m (20),1.52,1.60,-0.81
58.268,1,Ceiling_log_3m (20),1.52,1.60,-0.84
58.310,1,Ceiling_log_3m (20),1.52,1.61,-0.87
58.338,1,Ceiling_log_3m (20),1.52,1.62,-0.89
58.367,1,Ceiling_log_3m (20),1.52,1.62,-0.91
58.409,1,Ceiling_log_3m (20),1.52,1.62,-0.93
58.435,1,Ceiling_log_3m (20),1.52,1.62,-0.95
58.477,1,Ceiling_log_3m (20),1.52,1.61,-0.98
58.505,1,Ceiling_log_3m (20),1.52,1.61,-0.99
58.548,1,Ceiling_log_3m (20),1.52,1.62,-1.02
58.576,1,Ceiling_log_3m (20),1.52,1.62,-1.04
58.603,1,Ceiling_log_3m (20),1.52,1.62,-1.06
58.645,1,Ceiling_log_3m (20),1.52,1.61,-1.09
58.672,1,Ceiling_log_3m (20),1.52,1.61,-1.11
58.700,1,Ceiling_log_3m (20),1.52,1.62,-1.13
58.742,1,Ceiling_log_3m (20),1.52,1.61,-1.16
58.769,1,Ceiling_log_3m (20),1.52,1.61,-1.17
58.811,1,Ceiling_log_3m (20),1.52,1.61,-1.19
58.840,1,Ceiling_log_3m (20),1.52,1.62,-1.20
58.866,1,Ceiling_log_3m (20),1.52,1.62,-1.20
58.909,1,Ceiling_log_3m (20),1.52,1.63,-1.21
58.937,1,Ceiling_log_3m (20),1.52,1.63,-1.21
58.980,1,Ceiling_log_3m (20),1.52,1.64,-1.20
59.006,1,Ceiling_log_3m (20),1.52,1.63,-1.19
59.034,1,Ceiling_log_3m (20),1.52,1.63,-1.19
59.077,1,Ceiling_log_3m (20),1.52,1.62,-1.18
59.104,1,Ceiling_log_3m (20),1.52,1.62,-1.17
59.146,1,Ceiling_log_3m (20),1.52,1.60,-1.16
59.175,1,Ceiling_log_3m (20),1.52,1.60,-1.16
59.203,1,Ceiling_log_3m (20),1.52,1.59,-1.16
59.244,1,Ceiling_log_3m (20),1.52,1.59,-1.16
59.272,1,Ceiling_log_3m (20),1.52,1.59,-1.17
59.301,1,Ceiling_log_3m (20),1.52,1.59,-1.18
59.342,1,Ceiling_log_3m (20),1.52,1.58,-1.19
59.370,1,Ceiling_log_3m (20),1.52,1.58,-1.19
59.412,1,Ceiling_log_3m (20),1.52,1.59,-1.20
59.440,1,Ceiling_log_3m (20),1.52,1.60,-1.20
59.468,1,Ceiling_log_3m (20),1.52,1.60,-1.19
59.509,1,Ceiling_log_3m (20),1.52,1.62,-1.19
59.538,1,Ceiling_log_3m (20),1.52,1.61,-1.19
59.580,1,Ceiling_log_3m (20),1.52,1.61,-1.18
59.607,1,Ceiling_log_3m (20),1.52,1.61,-1.18
59.635,1,Ceiling_log_3m (20),1.52,1.62,-1.17
59.676,1,Ceiling_log_3m (20),1.52,1.63,-1.16
59.704,1,Ceiling_log_3m (20),1.52,1.64,-1.16
59.745,1,Ceiling_log_3m (20),1.52,1.64,-1.15
59.773,1,Ceiling_log_3m (20),1.52,1.64,-1.15
59.801,1,Ceiling_log_3m (20),1.52,1.64,-1.14
59.844,1,Ceiling_log_3m (20),1.52,1.63,-1.14
59.872,1,Ceiling_log_3m (20),1.52,1.63,-1.13
59.900,1,Ceiling_log_3m (20),1.52,1.62,-1.13
59.943,1,Ceiling_log_3m (20),1.52,1.61,-1.12
59.985,1,Ceiling_log_3m (20),1.52,1.62,-1.12
60.011,1,Ceiling_log_3m (20),1.52,1.63,-1.12
60.039,1,Ceiling_log_3m (20),1.52,1.63,-1.11
60.067,1,Ceiling_log_3m (20),1.52,1.64,-1.10
60.108,1,Ceiling_log_3m (20),1.52,1.66,-1.09
60.137,1,Ceiling_log_3m (20),1.52,1.67,-1.09
60.177,1,Ceiling_log_3m (20),1.52,1.67,-1.08
60.206,1,Ceiling_log_3m (20),1.52,1.67,-1.07
60.233,1,Ceiling_log_3m (20),1.52,1.67,-1.07
60.275,1,Ceiling_log_3m (20),1.52,1.67,-1.06
60.303,1,Ceiling_log_3m (20),1.52,1.68,-1.06
60.345,1,Ceiling_3x3m (7),1.54,1.70,-1.05
60.373,1,Ceiling_3x3m (7),1.55,1.70,-1.05
60.401,1,Ceiling_3x3m (7),1.54,1.70,-1.05
60.444,1,Ceiling_3x3m (7),1.53,1.70,-1.06
60.471,1,Ceiling_log_3m (20),1.52,1.69,-1.06
60.513,1,Ceiling_log_3m (20),1.52,1.64,-1.08
60.541,1,Ceiling_log_3m (20),1.52,1.63,-1.08
60.569,1,Ceiling_log_3m (20),1.52,1.62,-1.08
60.612,1,Ceiling_log_3m (20),1.52,1.63,-1.09
60.639,1,Ceiling_log_3m (20),1.52,1.64,-1.10
60.667,1,Ceiling_log_3m (20),1.52,1.65,-1.11
60.709,1,Ceiling_log_3m (20),1.52,1.67,-1.12
60.737,1,Ceiling_log_3m (20),1.52,1.65,-1.13
60.779,1,Ceiling_log_3m (20),1.52,1.63,-1.13
60.807,1,Ceiling_log_3m (20),1.52,1.61,-1.13
60.834,1,Ceiling_log_3m (20),1.52,1.58,-1.12
60.875,1,Ceiling_log_3m (20),1.52,1.56,-1.12
60.904,1,Ceiling_log_3m (20),1.52,1.54,-1.12
60.945,1,Ceiling_log_3m (20),1.52,1.55,-1.10
60.974,1,Ceiling_log_3m (20),1.52,1.57,-1.09
61.002,1,Ceiling_log_3m (20),1.52,1.58,-1.09
61.045,1,Ceiling_log_3m (20),1.52,1.58,-1.10
61.071,1,Ceiling_log_3m (20),1.52,1.59,-1.10
61.113,1,Ceiling_log_3m (20),1.52,1.60,-1.11
61.140,1,Ceiling_log_3m (20),1.52,1.59,-1.11
61.168,1,Ceiling_log_3m (20),1.52,1.58,-1.11
61.210,1,Ceiling_log_3m (20),1.52,1.58,-1.11
61.237,1,Ceiling_log_3m (20),1.52,1.57,-1.11
61.279,1,Ceiling_log_3m (20),1.52,1.58,-1.11
61.307,1,Ceiling_log_3m (20),1.52,1.58,-1.11
61.334,1,Ceiling_log_3m (20),1.52,1.58,-1.11
61.376,1,Ceiling_log_3m (20),1.52,1.57,-1.11
61.404,1,Ceiling_log_3m (20),1.52,1.57,-1.11
61.447,1,Ceiling_log_3m (20),1.52,1.58,-1.11
61.475,1,Ceiling_log_3m (20),1.52,1.58,-1.11
61.502,1,Ceiling_log_3m (20),1.52,1.57,-1.11
61.544,1,Ceiling_log_3m (20),1.52,1.56,-1.10
61.572,1,Ceiling_log_3m (20),1.52,1.55,-1.10
61.600,1,Ceiling_log_3m (20),1.52,1.54,-1.09
61.642,1,Ceiling_log_3m (20),1.52,1.57,-1.08
61.669,1,Ceiling_log_3m (20),1.52,1.59,-1.07
61.710,1,Ceiling_log_3m (20),1.52,1.60,-1.06
61.737,1,Ceiling_log_3m (20),1.52,1.61,-1.06
61.779,1,Ceiling_log_3m (20),1.52,1.62,-1.05
61.807,1,Ceiling_log_3m (20),1.52,1.62,-1.05
61.836,1,Ceiling_log_3m (20),1.52,1.60,-1.05
61.878,1,Ceiling_log_3m (20),1.52,1.55,-1.05
61.906,1,Ceiling_log_3m (20),1.52,1.53,-1.05
61.934,1,Ceiling_log_3m (20),1.52,1.51,-1.06
61.976,1,Ceiling_log_3m (20),1.51,1.50,-1.07
62.004,1,Ceiling_log_3m (20),1.50,1.50,-1.07
62.044,1,Ceiling_log_3m (20),1.51,1.50,-1.08
62.072,1,Ceiling_log_3m (20),1.48,1.50,-1.08
62.100,1,Ceiling_log_3m (20),1.46,1.50,-1.08
62.141,1,Ceiling_log_3m (20),1.43,1.50,-1.08
62.169,1,Wall_3mx20cm_Door (1),1.41,1.51,-1.07
62.210,1,Wall_3mx20cm_Door (1),1.41,1.51,-1.07
62.239,1,Ceiling_log_3m (20),1.43,1.50,-1.07
62.280,1,Ceiling_log_3m (20),1.43,1.50,-1.07
62.307,1,Ceiling_log_3m (20),1.43,1.50,-1.07
62.334,1,Ceiling_log_3m (20),1.44,1.50,-1.08
62.376,1,Ceiling_log_3m (20),1.49,1.50,-1.08
62.405,1,Ceiling_log_3m (20),1.50,1.50,-1.08
62.433,1,Ceiling_log_3m (20),1.52,1.50,-1.08
62.475,1,Ceiling_log_3m (20),1.52,1.50,-1.08
62.503,1,Ceiling_log_3m (20),1.52,1.50,-1.08
62.544,1,Ceiling_log_3m (20),1.52,1.50,-1.08
62.572,1,Ceiling_log_3m (20),1.52,1.51,-1.08
62.600,1,Ceiling_log_3m (20),1.52,1.51,-1.08
62.642,1,Ceiling_log_3m (20),1.52,1.51,-1.07
62.670,1,Ceiling_log_3m (20),1.52,1.51,-1.07
62.712,1,Ceiling_log_3m (20),1.52,1.51,-1.07
62.740,1,Ceiling_log_3m (20),1.52,1.51,-1.07
62.767,1,Ceiling_log_3m (20),1.52,1.51,-1.07
62.810,1,Ceiling_log_3m (20),1.52,1.51,-1.06
62.841,1,Ceiling_log_3m (20),1.52,1.50,-1.06
62.880,1,Ceiling_log_3m (20),1.52,1.52,-1.05
62.907,1,Ceiling_log_3m (20),1.52,1.52,-1.04
62.934,1,Ceiling_log_3m (20),1.52,1.52,-1.04
62.976,1,Ceiling_log_3m (20),1.52,1.53,-1.04
63.005,1,Ceiling_log_3m (20),1.52,1.58,-1.04
63.047,1,Ceiling_log_3m (20),1.52,1.55,-1.04
63.074,1,Ceiling_log_3m (20),1.52,1.57,-1.05
63.102,1,Ceiling_log_3m (20),1.52,1.57,-1.04
63.145,1,Ceiling_log_3m (20),1.52,1.57,-1.04
63.173,1,Ceiling_log_3m (20),1.52,1.57,-1.04
63.200,1,Ceiling_log_3m (20),1.52,1.57,-1.05
63.242,1,Ceiling_log_3m (20),1.52,1.53,-1.05
63.270,1,Ceiling_log_3m (20),1.52,1.51,-1.05
63.312,1,Ceiling_log_3m (20),1.52,1.50,-1.04
63.339,1,Ceiling_log_3m (20),1.51,1.50,-1.04
63.368,1,Ceiling_log_3m (20),1.49,1.50,-1.04
63.409,1,Ceiling_log_3m (20),1.50,1.50,-1.04
63.438,1,Ceiling_log_3m (20),1.47,1.50,-1.04
63.480,1,Ceiling_log_3m (20),1.49,1.50,-1.04
63.508,1,Ceiling_log_3m (20),1.52,1.50,-1.04
63.536,1,Ceiling_log_3m (20),1.52,1.51,-1.04
63.578,1,Ceiling_log_3m (20),1.52,1.51,-1.04
63.606,1,Ceiling_log_3m (20),1.52,1.52,-1.04
63.633,1,Ceiling_log_3m (20),1.52,1.53,-1.03
63.675,1,Ceiling_log_3m (20),1.52,1.55,-1.03
63.702,1,Ceiling_log_3m (20),1.52,1.57,-1.02
63.744,1,Ceiling_log_3m (20),1.52,1.56,-1.02
63.772,1,Ceiling_log_3m (20),1.52,1.55,-1.01
63.813,1,Ceiling_log_3m (20),1.52,1.57,-1.01
63.841,1,Ceiling_log_3m (20),1.52,1.56,-1.01
63.868,1,Ceiling_log_3m (20),1.52,1.58,-1.02
63.911,1,Ceiling_log_3m (20),1.52,1.57,-1.02
63.939,1,Ceiling_log_3m (20),1.52,1.58,-1.02
63.967,1,Ceiling_log_3m (20),1.52,1.57,-1.02
64.009,1,Ceiling_log_3m (20),1.52,1.57,-1.03
64.036,1,Ceiling_log_3m (20),1.52,1.59,-1.03
64.078,1,Ceiling_log_3m (20),1.52,1.61,-1.04
64.107,1,Ceiling_log_3m (20),1.52,1.61,-1.04
64.134,1,Ceiling_log_3m (20),1.52,1.59,-1.04
64.176,1,Ceiling_log_3m (20),1.52,1.57,-1.04
64.205,1,Ceiling_log_3m (20),1.52,1.57,-1.04
64.246,1,Ceiling_log_3m (20),1.52,1.55,-1.04
64.274,1,Ceiling_log_3m (20),1.52,1.56,-1.03
64.302,1,Ceiling_log_3m (20),1.52,1.56,-1.03
64.343,1,Ceiling_log_3m (20),1.52,1.55,-1.02
64.371,1,Ceiling_log_3m (20),1.52,1.54,-1.02
64.412,1,Ceiling_log_3m (20),1.52,1.54,-1.02
64.439,1,Ceiling_log_3m (20),1.52,1.54,-1.02
64.468,1,Ceiling_log_3m (20),1.52,1.55,-1.02
64.509,1,Ceiling_log_3m (20),1.52,1.55,-1.02
64.537,1,Ceiling_log_3m (20),1.52,1.55,-1.02
64.578,1,Ceiling_log_3m (20),1.52,1.56,-1.02
64.606,1,Ceiling_log_3m (20),1.52,1.56,-1.02
64.634,1,Ceiling_log_3m (20),1.52,1.56,-1.02
64.675,1,Ceiling_log_3m (20),1.52,1.56,-1.02
64.703,1,Ceiling_log_3m (20),1.52,1.55,-1.01
64.746,1,Ceiling_log_3m (20),1.52,1.51,-1.01
64.774,1,Ceiling_log_3m (20),1.51,1.50,-1.01
64.801,1,Ceiling_log_3m (20),1.52,1.50,-1.01
64.843,1,Ceiling_log_3m (20),1.50,1.50,-1.01
64.871,1,Ceiling_log_3m (20),1.44,1.50,-1.01
64.913,1,Wall_3mx20cm_Door (1),1.41,1.48,-1.01
64.941,1,Wall_3mx20cm_Door (1),1.41,1.49,-1.02
64.968,1,Wall_3mx20cm_Door (1),1.41,1.50,-1.03
65.010,1,Wall_3mx20cm_Door (1),1.41,1.50,-1.04
65.038,1,Wall_3mx20cm_Door (1),1.41,1.49,-1.05
65.066,1,Wall_3mx20cm_Door (1),1.41,1.49,-1.06
65.107,1,Wall_3mx20cm_Door (1),1.41,1.49,-1.06
65.135,1,Wall_3mx20cm_Door (1),1.41,1.50,-1.06
65.177,1,Wall_3mx20cm_Door (1),1.41,1.50,-1.05
65.205,1,Wall_3mx20cm_Door (1),1.41,1.50,-1.05
65.233,1,Wall_3mx20cm_Door (1),1.41,1.50,-1.03
65.275,1,Ceiling_log_3m (20),1.44,1.50,-1.02
65.303,1,Ceiling_log_3m (20),1.46,1.50,-1.01
65.343,1,Ceiling_log_3m (20),1.47,1.50,-1.01
65.371,1,Ceiling_log_3m (20),1.49,1.50,-1.02
65.413,1,Ceiling_log_3m (20),1.51,1.50,-1.02
65.441,1,Ceiling_log_3m (20),1.52,1.51,-1.03
65.469,1,Ceiling_log_3m (20),1.52,1.51,-1.03
65.511,1,Ceiling_log_3m (20),1.52,1.53,-1.04
65.539,1,Ceiling_log_3m (20),1.52,1.54,-1.04
65.568,1,Ceiling_log_3m (20),1.52,1.52,-1.03
65.608,1,Ceiling_log_3m (20),1.52,1.53,-1.03
65.636,1,Ceiling_log_3m (20),1.52,1.54,-1.03
65.678,1,Ceiling_log_3m (20),1.52,1.54,-1.04
65.705,1,Ceiling_log_3m (20),1.52,1.54,-1.04
65.733,1,Ceiling_log_3m (20),1.52,1.53,-1.04
65.776,1,Ceiling_log_3m (20),1.52,1.53,-1.04
65.803,1,Ceiling_log_3m (20),1.52,1.54,-1.04
65.846,1,Ceiling_log_3m (20),1.52,1.56,-1.04
65.874,1,Ceiling_log_3m (20),1.52,1.57,-1.05
65.901,1,Ceiling_log_3m (20),1.52,1.56,-1.06
65.944,1,Ceiling_log_3m (20),1.52,1.55,-1.08
65.973,1,Ceiling_log_3m (20),1.52,1.53,-1.09
66.001,1,Ceiling_log_3m (20),1.52,1.52,-1.09
66.041,1,Ceiling_log_3m (20),1.52,1.52,-1.09
66.069,1,Ceiling_log_3m (20),1.52,1.53,-1.08
66.113,1,Ceiling_log_3m (20),1.52,1.56,-1.06
66.140,1,Ceiling_log_3m (20),1.52,1.56,-1.06
66.168,1,Ceiling_log_3m (20),1.52,1.58,-1.05
66.209,1,Ceiling_log_3m (20),1.52,1.58,-1.04
66.237,1,Ceiling_log_3m (20),1.52,1.57,-1.03
66.279,1,Ceiling_log_3m (20),1.52,1.53,-1.02
66.307,1,Ceiling_log_3m (20),1.52,1.53,-1.03
66.335,1,Ceiling_log_3m (20),1.52,1.52,-1.03
66.376,1,Ceiling_log_3m (20),1.52,1.51,-1.03
66.404,1,Ceiling_log_3m (20),1.52,1.52,-1.03
66.446,1,Ceiling_log_3m (20),1.52,1.53,-1.03
66.474,1,Ceiling_log_3m (20),1.52,1.53,-1.03
66.501,1,Ceiling_log_3m (20),1.52,1.53,-1.02
66.543,1,Ceiling_log_3m (20),1.52,1.54,-1.01
66.572,1,Ceiling_log_3m (20),1.52,1.55,-1.01
66.614,1,Ceiling_log_3m (20),1.52,1.54,-1.01
66.640,1,Ceiling_log_3m (20),1.52,1.54,-1.02
66.669,1,Ceiling_log_3m (20),1.52,1.52,-1.04
66.709,1,Ceiling_log_3m (20),1.51,1.50,-1.05
66.736,1,Ceiling_log_3m (20),1.51,1.50,-1.07
66.778,1,Ceiling_log_3m (20),1.52,1.52,-1.09
66.806,1,Ceiling_log_3m (20),1.52,1.52,-1.10
66.833,1,Ceiling_log_3m (20),1.52,1.52,-1.11
66.873,1,Ceiling_log_3m (20),1.51,1.50,-1.10
66.901,1,Ceiling_log_3m (20),1.49,1.50,-1.10
66.944,1,Ceiling_log_3m (20),1.50,1.50,-1.09
66.971,1,Ceiling_log_3m (20),1.49,1.50,-1.09
67.015,1,Ceiling_log_3m (20),1.47,1.50,-1.09
67.041,1,Ceiling_log_3m (20),1.46,1.50,-1.10
67.071,1,Ceiling_log_3m (20),1.51,1.50,-1.11
67.112,1,Ceiling_log_3m (20),1.52,1.52,-1.11
67.140,1,Ceiling_log_3m (20),1.52,1.53,-1.11
67.166,1,Ceiling_log_3m (20),1.52,1.54,-1.10
67.210,1,Ceiling_log_3m (20),1.52,1.55,-1.09
67.236,1,Ceiling_log_3m (20),1.52,1.55,-1.08
67.279,1,Ceiling_log_3m (20),1.52,1.56,-1.07
67.307,1,Ceiling_log_3m (20),1.52,1.55,-1.07
67.334,1,Ceiling_log_3m (20),1.52,1.55,-1.07
67.376,1,Ceiling_log_3m (20),1.52,1.56,-1.08
67.404,1,Ceiling_log_3m (20),1.52,1.57,-1.08
67.446,1,Ceiling_log_3m (20),1.52,1.58,-1.08
67.473,1,Ceiling_log_3m (20),1.52,1.59,-1.08
67.500,1,Ceiling_log_3m (20),1.52,1.60,-1.08
67.543,1,Ceiling_log_3m (20),1.52,1.61,-1.08
67.570,1,Ceiling_log_3m (20),1.52,1.61,-1.08
67.612,1,Ceiling_log_3m (20),1.52,1.61,-1.08
67.640,1,Ceiling_log_3m (20),1.52,1.60,-1.08
67.668,1,Ceiling_log_3m (20),1.52,1.59,-1.08
67.710,1,Ceiling_log_3m (20),1.52,1.57,-1.08
67.738,1,Ceiling_log_3m (20),1.52,1.58,-1.08
67.779,1,Ceiling_log_3m (20),1.52,1.59,-1.07
67.807,1,Ceiling_log_3m (20),1.52,1.60,-1.06
67.836,1,Ceiling_log_3m (20),1.52,1.59,-1.06
67.877,1,Ceiling_log_3m (20),1.52,1.59,-1.05
67.906,1,Ceiling_log_3m (20),1.52,1.60,-1.04
67.933,1,Ceiling_log_3m (20),1.52,1.60,-1.04
67.975,1,Ceiling_log_3m (20),1.52,1.59,-1.05
68.001,1,Ceiling_log_3m (20),1.52,1.59,-1.05
68.043,1,Ceiling_log_3m (20),1.52,1.59,-1.05
68.072,1,Ceiling_log_3m (20),1.52,1.57,-1.05
68.100,1,Ceiling_log_3m (20),1.52,1.58,-1.06
68.140,1,Ceiling_log_3m (20),1.52,1.60,-1.06
68.167,1,Ceiling_log_3m (20),1.52,1.60,-1.06
68.210,1,Ceiling_log_3m (20),1.52,1.60,-1.05
68.238,1,Ceiling_log_3m (20),1.52,1.59,-1.05
68.280,1,Ceiling_log_3m (20),1.52,1.59,-1.05
68.308,1,Ceiling_log_3m (20),1.52,1.58,-1.05
68.335,1,Ceiling_log_3m (20),1.52,1.58,-1.05
68.378,1,Ceiling_log_3m (20),1.52,1.58,-1.05
68.405,1,Ceiling_log_3m (20),1.52,1.58,-1.04
68.433,1,Ceiling_log_3m (20),1.52,1.58,-1.04
68.475,1,Ceiling_log_3m (20),1.52,1.57,-1.03
68.555,1,Ceiling_log_3m (20),1.52,1.59,-1.03
68.555,1,Ceiling_log_3m (20),1.52,1.59,-1.03
68.572,1,Ceiling_log_3m (20),1.52,1.59,-1.03
68.601,1,Ceiling_log_3m (20),1.52,1.63,-1.01
68.642,1,Ceiling_log_3m (20),1.52,1.67,-1.01
68.670,1,Ceiling_log_3m (20),1.52,1.68,-1.01
68.712,1,Ceiling_log_3m (20),1.52,1.69,-1.02
68.739,1,Ceiling_3x3m (7),1.55,1.70,-1.02
68.767,1,Ceiling_3x3m (7),1.53,1.70,-1.01
68.810,1,Ceiling_log_3m (20),1.52,1.69,-1.01
68.838,1,Ceiling_3x3m (7),1.53,1.70,-1.01
68.879,1,Ceiling_3x3m (7),1.59,1.70,-1.01
68.906,1,Ceiling_3x3m (7),1.60,1.70,-1.01
68.935,1,Ceiling_3x3m (7),1.59,1.70,-1.00
68.978,1,Ceiling_3x3m (7),1.62,1.70,-1.00
69.005,1,Ceiling_3x3m (7),1.60,1.70,-1.00
69.033,1,Ceiling_3x3m (7),1.56,1.70,-1.00
69.077,1,Ceiling_3x3m (7),1.54,1.70,-0.99
69.105,1,Ceiling_log_3m (20),1.52,1.68,-1.00
69.145,1,Ceiling_log_3m (20),1.52,1.68,-1.00
69.173,1,Ceiling_log_3m (20),1.52,1.67,-1.00
69.201,1,Ceiling_log_3m (20),1.52,1.67,-1.00
69.242,1,Ceiling_log_3m (20),1.52,1.69,-1.01
69.271,1,Ceiling_log_3m (20),1.52,1.68,-1.01
69.299,1,Ceiling_log_3m (20),1.52,1.66,-1.01
69.341,1,Ceiling_log_3m (20),1.52,1.67,-1.00
69.370,1,Ceiling_log_3m (20),1.52,1.67,-0.99
69.412,1,Ceiling_log_3m (20),1.52,1.68,-0.98
69.441,1,Ceiling_log_3m (20),1.52,1.68,-0.97
69.472,1,Ceiling_log_3m (20),1.52,1.68,-0.97
69.522,1,Ceiling_log_3m (20),1.52,1.69,-0.96
69.549,1,Ceiling_log_3m (20),1.52,1.69,-0.96
69.576,1,Ceiling_log_3m (20),1.52,1.69,-0.96
69.606,1,Ceiling_log_3m (20),1.52,1.69,-0.96
69.633,1,Ceiling_log_3m (20),1.52,1.69,-0.96
69.687,1,Ceiling_log_3m (20),1.52,1.66,-0.95
69.702,1,Ceiling_log_3m (20),1.52,1.68,-0.95
69.756,1,Ceiling_log_3m (20),1.52,1.68,-0.94
69.783,1,Ceiling_3x3m (7),1.55,1.70,-0.94
69.810,1,Ceiling_3x3m (7),1.55,1.70,-0.94
69.840,1,Ceiling_3x3m (7),1.55,1.70,-0.94
69.866,1,Ceiling_3x3m (7),1.53,1.70,-0.94
69.910,1,Ceiling_3x3m (7),1.54,1.70,-0.93
69.938,1,Ceiling_3x3m (7),1.54,1.70,-0.92
69.979,1,Ceiling_3x3m (7),1.56,1.70,-0.90
70.020,1,Ceiling_log_3m (20),1.52,1.69,-0.88
70.034,1,Ceiling_log_3m (20),1.52,1.69,-0.87
70.076,1,Ceiling_log_3m (20),1.52,1.68,-0.84
70.102,1,Ceiling_log_3m (20),1.52,1.67,-0.83
70.142,1,Ceiling_log_3m (20),1.52,1.68,-0.81
70.169,1,Ceiling_log_3m (20),1.52,1.69,-0.79
70.211,1,Ceiling_3x3m (7),1.53,1.70,-0.78
70.239,1,Ceiling_3x3m (7),1.55,1.70,-0.77
70.269,1,Ceiling_3x3m (7),1.53,1.70,-0.75
70.311,1,Ceiling_3x3m (7),1.56,1.70,-0.73
70.340,1,Ceiling_3x3m (7),1.55,1.70,-0.71
70.369,1,Ceiling_3x3m (7),1.55,1.70,-0.69
70.408,1,Ceiling_3x3m (7),1.54,1.70,-0.66
70.439,1,Ceiling_3x3m (7),1.57,1.70,-0.65
70.479,1,Ceiling_3x3m (7),1.61,1.70,-0.64
70.504,1,Ceiling_3x3m (7),1.61,1.70,-0.62
70.546,1,Ceiling_3x3m (7),1.63,1.70,-0.60
70.576,1,Ceiling_3x3m (7),1.63,1.70,-0.58
70.602,1,Ceiling_3x3m (7),1.63,1.70,-0.57
70.644,1,Ceiling_3x3m (7),1.66,1.70,-0.55
70.673,1,Ceiling_3x3m (7),1.67,1.70,-0.53
70.703,1,Ceiling_3x3m (7),1.69,1.70,-0.52
70.743,1,Ceiling_3x3m (7),1.69,1.70,-0.49
70.770,1,Ceiling_3x3m (7),1.71,1.70,-0.48
70.813,1,Ceiling_3x3m (7),1.72,1.70,-0.45
70.841,1,Ceiling_3x3m (7),1.74,1.70,-0.44
70.869,1,Ceiling_3x3m (7),1.77,1.70,-0.44
70.910,1,Ceiling_3x3m (7),1.76,1.70,-0.42
70.937,1,Ceiling_3x3m (7),1.77,1.70,-0.42
70.979,1,Ceiling_3x3m (7),1.75,1.70,-0.42
71.008,1,Ceiling_3x3m (7),1.74,1.70,-0.42
71.036,1,Ceiling_3x3m (7),1.71,1.70,-0.42
71.078,1,Ceiling_3x3m (7),1.64,1.70,-0.40
71.106,1,Ceiling_3x3m (7),1.68,1.70,-0.42
71.134,1,Ceiling_3x3m (7),1.75,1.70,-0.44
71.175,1,Ceiling_3x3m (7),1.79,1.70,-0.46
71.203,1,Ceiling_3x3m (7),1.85,1.70,-0.48
71.244,1,Ceiling_3x3m (7),1.85,1.70,-0.49
71.273,1,Ceiling_3x3m (7),1.82,1.70,-0.49
71.301,1,Ceiling_3x3m (7),1.77,1.70,-0.47
71.343,1,Ceiling_3x3m (7),1.60,1.70,-0.42
71.370,1,Ceiling_3x3m (7),1.63,1.70,-0.43
71.412,1,Ceiling_3x3m (7),1.68,1.70,-0.43
71.440,1,Ceiling_3x3m (7),1.71,1.70,-0.43
71.467,1,Ceiling_3x3m (7),1.73,1.70,-0.43
71.509,1,Ceiling_3x3m (7),1.79,1.70,-0.43
71.537,1,Ceiling_3x3m (7),1.81,1.70,-0.43
71.578,1,Ceiling_3x3m (7),1.81,1.70,-0.42
71.606,1,Ceiling_3x3m (7),1.80,1.70,-0.41
71.634,1,Ceiling_3x3m (7),1.80,1.70,-0.40
71.676,1,Ceiling_3x3m (7),1.81,1.70,-0.40
71.705,1,Ceiling_3x3m (7),1.83,1.70,-0.41
71.805,1,Ceiling_3x3m (7),1.85,1.70,-0.42
71.805,1,Ceiling_3x3m (7),1.85,1.70,-0.42
71.805,1,Ceiling_3x3m (7),1.85,1.70,-0.42
71.881,1,Ceiling_3x3m (7),1.93,1.70,-0.43
71.881,1,Ceiling_3x3m (7),1.93,1.70,-0.43
71.900,1,Ceiling_3x3m (7),1.93,1.70,-0.42
71.942,1,Ceiling_3x3m (7),1.96,1.70,-0.42
71.969,1,Ceiling_3x3m (7),1.97,1.70,-0.42
72.011,1,Ceiling_3x3m (7),1.94,1.70,-0.40
72.039,1,Ceiling_3x3m (7),1.93,1.70,-0.40
72.067,1,Ceiling_3x3m (7),1.93,1.70,-0.40
72.108,1,Ceiling_3x3m (7),1.91,1.70,-0.38
72.137,1,Ceiling_3x3m (7),1.91,1.70,-0.38
72.179,1,Ceiling_3x3m (7),1.90,1.70,-0.36
72.206,1,Ceiling_3x3m (7),1.87,1.70,-0.35
72.235,1,Ceiling_3x3m (7),1.85,1.70,-0.35
72.276,1,Ceiling_3x3m (7),1.81,1.70,-0.33
72.304,1,Ceiling_3x3m (7),1.78,1.70,-0.32
72.346,1,Ceiling_3x3m (7),1.79,1.70,-0.32
72.374,1,Ceiling_3x3m (7),1.80,1.70,-0.33
72.404,1,Ceiling_3x3m (7),1.84,1.70,-0.34
72.446,1,Ceiling_3x3m (7),1.85,1.70,-0.35
72.473,1,Ceiling_3x3m (7),1.86,1.70,-0.36
72.502,1,Ceiling_3x3m (7),1.85,1.70,-0.36
72.543,1,Ceiling_3x3m (7),1.82,1.70,-0.35
72.585,1,Ceiling_3x3m (7),1.81,1.70,-0.34
72.611,1,Ceiling_3x3m (7),1.79,1.70,-0.32
72.641,1,Ceiling_3x3m (7),1.79,1.70,-0.31
72.679,1,Wall_3mx20cm_Wood_Panels (2),1.82,1.69,-0.31
72.707,1,Wall_3mx20cm_Wood_Panels (2),1.84,1.68,-0.31
72.737,1,Wall_3mx20cm_Wood_Panels (2),1.86,1.67,-0.31
72.777,1,Wall_3mx20cm_Wood_Panels (2),1.88,1.67,-0.31
72.806,1,Wall_3mx20cm_Wood_Panels (2),1.90,1.66,-0.31
72.847,1,Wall_3mx20cm_Wood_Panels (2),1.92,1.67,-0.31
72.873,1,Wall_3mx20cm_Wood_Panels (2),1.92,1.69,-0.31
72.902,1,Wall_3mx20cm_Wood_Panels (2),1.91,1.69,-0.31
72.942,1,Ceiling_3x3m (7),1.92,1.70,-0.31
73.010,1,Ceiling_3x3m (7),1.93,1.70,-0.32
73.010,1,Ceiling_3x3m (7),1.93,1.70,-0.32
73.055,1,Ceiling_log_3m (21),2.38,1.50,-0.47
73.082,1,Ceiling_log_3m (21),2.38,1.50,-0.48
73.110,1,Ceiling_log_3m (21),2.38,1.50,-0.49
73.150,1,Ceiling_log_3m (21),2.37,1.50,-0.49
73.182,1,Ceiling_log_3m (21),2.37,1.50,-0.49
73.207,1,Ceiling_log_3m (21),2.38,1.50,-0.49
73.248,1,Ceiling_log_3m (21),2.38,1.50,-0.50
73.276,1,Ceiling_log_3m (21),2.39,1.50,-0.50
73.304,1,Ceiling_log_3m (21),2.46,1.51,-0.52
73.347,1,Ceiling_log_3m (21),2.46,1.54,-0.53
73.374,1,Ceiling_log_3m (21),2.46,1.54,-0.54
73.404,1,Ceiling_log_3m (21),2.46,1.54,-0.55
73.448,1,Ceiling_log_3m (21),2.46,1.52,-0.56
73.472,1,Ceiling_log_3m (21),2.46,1.51,-0.56
73.513,1,Ceiling_log_3m (21),2.39,1.50,-0.56
73.541,1,Ceiling_3x3m (7),1.97,1.70,-0.43
73.569,1,Ceiling_3x3m (7),1.91,1.70,-0.42
73.612,1,Ceiling_3x3m (7),1.92,1.70,-0.43
73.640,1,Ceiling_3x3m (7),1.92,1.70,-0.44
73.670,1,Ceiling_3x3m (7),1.90,1.70,-0.44
73.708,1,Ceiling_3x3m (7),1.84,1.70,-0.43
73.733,1,Ceiling_3x3m (7),1.81,1.70,-0.42
73.777,1,Ceiling_3x3m (7),1.77,1.70,-0.42
73.803,1,Ceiling_3x3m (7),1.72,1.70,-0.41
73.845,1,Ceiling_3x3m (7),1.63,1.70,-0.38
73.875,1,Ceiling_3x3m (7),1.57,1.70,-0.35
73.901,1,Ceiling_3x3m (7),1.58,1.70,-0.34
73.944,1,Ceiling_3x3m (7),1.61,1.70,-0.33
73.974,1,Ceiling_3x3m (7),1.61,1.70,-0.31
73.999,1,Ceiling_3x3m (7),1.64,1.70,-0.31
74.041,1,Ceiling_3x3m (7),1.80,1.70,-0.35
74.068,1,Ceiling_3x3m (7),1.79,1.70,-0.34
74.109,1,Ceiling_3x3m (7),1.80,1.70,-0.33
74.139,1,Ceiling_3x3m (7),1.80,1.70,-0.32
74.180,1,Ceiling_3x3m (7),1.81,1.70,-0.33
74.210,1,Ceiling_3x3m (7),1.82,1.70,-0.34
74.235,1,Ceiling_3x3m (7),1.84,1.70,-0.35
74.277,1,Wall_3mx20cm_Wood_Panels (2),1.68,1.69,-0.31
74.306,1,Wall_3mx20cm_Wood_Panels (2),1.65,1.68,-0.31
74.334,1,Wall_3mx20cm_Wood_Panels (2),1.63,1.67,-0.31
74.376,1,Wall_3mx20cm_Wood_Panels (2),1.60,1.66,-0.31
74.404,1,Wall_3mx20cm_Wood_Panels (2),1.58,1.63,-0.31
74.433,1,Wall_3mx20cm_Wood_Panels (2),1.55,1.67,-0.31
74.474,1,Ceiling_log_3m (20),1.52,1.68,-0.32
74.502,1,Ceiling_log_3m (20),1.52,1.67,-0.34
74.544,1,Ceiling_log_3m (20),1.52,1.69,-0.37
74.573,1,Ceiling_log_3m (20),1.52,1.65,-0.41
74.600,1,Ceiling_log_3m (20),1.52,1.66,-0.44
74.642,1,Ceiling_log_3m (20),1.52,1.69,-0.47
74.670,1,Ceiling_3x3m (7),1.57,1.70,-0.51
74.711,1,Ceiling_3x3m (7),1.63,1.70,-0.57
74.739,1,Ceiling_3x3m (7),1.62,1.70,-0.59
74.767,1,Ceiling_3x3m (7),1.62,1.70,-0.60
74.809,1,Ceiling_3x3m (7),1.61,1.70,-0.62
74.836,1,Ceiling_log_3m (20),1.52,1.68,-0.62
74.880,1,Ceiling_log_3m (20),1.52,1.66,-0.64
74.907,1,Ceiling_log_3m (20),1.52,1.64,-0.65
74.935,1,Ceiling_log_3m (20),1.52,1.65,-0.67
74.976,1,Ceiling_log_3m (20),1.52,1.65,-0.70
75.004,1,Ceiling_log_3m (20),1.52,1.62,-0.72
75.033,1,Ceiling_log_3m (20),1.52,1.59,-0.75
75.074,1,Ceiling_log_3m (20),1.52,1.54,-0.80
75.102,1,Ceiling_log_3m (20),1.52,1.52,-0.83
75.144,1,Ceiling_log_3m (20),1.46,1.50,-0.86
75.172,1,Ceiling_log_3m (20),1.52,1.51,-0.90
75.200,1,Ceiling_log_3m (20),1.52,1.52,-0.91
75.242,1,Ceiling_log_3m (20),1.52,1.53,-0.95
75.269,1,Ceiling_log_3m (20),1.52,1.56,-0.99
75.311,1,Ceiling_log_3m (20),1.52,1.61,-1.09
75.339,1,Ceiling_log_3m (20),1.52,1.61,-1.16
75.367,1,Ceiling_log_3m (20),1.52,1.61,-1.22
75.408,1,Ceiling_log_3m (20),1.52,1.62,-1.29
75.436,1,Ceiling_log_3m (20),1.52,1.65,-1.32
75.477,1,Ceiling_log_3m (20),1.52,1.63,-1.35
75.506,1,Ceiling_log_3m (20),1.52,1.63,-1.35
75.534,1,Ceiling_log_3m (20),1.52,1.63,-1.36
75.575,1,Ceiling_log_3m (20),1.52,1.60,-1.37
75.602,1,Ceiling_log_3m (20),1.52,1.59,-1.37
75.645,1,Ceiling_log_3m (20),1.52,1.58,-1.38
75.672,1,Ceiling_log_3m (20),1.52,1.58,-1.39
75.700,1,Ceiling_log_3m (20),1.52,1.56,-1.39
75.742,1,Ceiling_log_3m (20),1.52,1.56,-1.39
75.771,1,Ceiling_log_3m (20),1.52,1.55,-1.38
75.813,1,Ceiling_log_3m (20),1.52,1.54,-1.37
75.840,1,Ceiling_log_3m (20),1.52,1.56,-1.36
75.867,1,Ceiling_log_3m (20),1.52,1.58,-1.36
75.910,1,Ceiling_log_3m (20),1.52,1.66,-1.37
75.938,1,Ceiling_log_3m (20),1.52,1.69,-1.39
75.980,1,Ceiling_3x3m (6),1.54,1.70,-1.41
76.008,1,Ceiling_log_3m (20),1.52,1.70,-1.41
76.036,1,Ceiling_log_3m (20),1.52,1.69,-1.41
76.078,1,Ceiling_log_3m (20),1.52,1.68,-1.39
76.106,1,Ceiling_log_3m (20),1.52,1.68,-1.38
76.134,1,Ceiling_log_3m (20),1.52,1.66,-1.38
76.175,1,Ceiling_log_3m (20),1.52,1.65,-1.38
76.204,1,Ceiling_log_3m (20),1.52,1.65,-1.38
76.247,1,Ceiling_log_3m (20),1.52,1.64,-1.39
76.273,1,Ceiling_log_3m (20),1.52,1.64,-1.40
76.301,1,Ceiling_log_3m (20),1.52,1.64,-1.40
76.343,1,Ceiling_log_3m (20),1.52,1.63,-1.41
76.371,1,Ceiling_log_3m (20),1.52,1.62,-1.40
76.412,1,Ceiling_log_3m (20),1.52,1.59,-1.40
76.440,1,Ceiling_log_3m (20),1.52,1.58,-1.40
76.468,1,Ceiling_log_3m (20),1.52,1.56,-1.39
76.510,1,Ceiling_log_3m (20),1.52,1.52,-1.38
76.537,1,Ceiling_log_3m (20),1.51,1.50,-1.37
76.579,1,Wall_3mx20cm_Conference_Door,1.41,1.51,-1.34
76.606,1,Wall_3mx20cm_Conference_Door,1.41,1.49,-1.33
76.634,1,Wall_3mx20cm_Conference_Door,1.41,1.47,-1.32
76.676,1,Wall_3mx20cm_Conference_Door,1.41,1.45,-1.31
76.702,1,Wall_3mx20cm_Conference_Door,1.41,1.43,-1.29
76.745,1,Wall_3mx20cm_Conference_Door,1.41,1.43,-1.29
76.773,1,Wall_3mx20cm_Conference_Door,1.41,1.42,-1.29
76.801,1,Wall_3mx20cm_Conference_Door,1.41,1.42,-1.29
76.843,1,Wall_3mx20cm_Conference_Door,1.41,1.42,-1.29
76.871,1,Wall_3mx20cm_Conference_Door,1.41,1.43,-1.30
76.899,1,Wall_3mx20cm_Conference_Door,1.41,1.43,-1.30
76.943,1,Wall_3mx20cm_Conference_Door,1.41,1.43,-1.30
76.970,1,Wall_3mx20cm_Conference_Door,1.41,1.43,-1.31
77.011,1,Wall_3mx20cm_Conference_Door,1.41,1.44,-1.31
77.038,1,Wall_3mx20cm_Conference_Door,1.41,1.44,-1.31
77.066,1,Wall_3mx20cm_Conference_Door,1.41,1.44,-1.31
77.107,1,Wall_3mx20cm_Conference_Door,1.41,1.44,-1.31
77.138,1,Wall_3mx20cm_Conference_Door,1.41,1.44,-1.31
77.179,1,Wall_3mx20cm_Conference_Door,1.41,1.45,-1.31
77.208,1,Wall_3mx20cm_Conference_Door,1.41,1.45,-1.31
77.247,1,Wall_3mx20cm_Conference_Door,1.41,1.45,-1.31
77.275,1,Wall_3mx20cm_Conference_Door,1.41,1.45,-1.31
77.302,1,Wall_3mx20cm_Conference_Door,1.41,1.44,-1.31
77.345,1,Wall_3mx20cm_Conference_Door,1.41,1.44,-1.30
77.372,1,Wall_3mx20cm_Conference_Door,1.41,1.44,-1.30
77.400,1,Wall_3mx20cm_Conference_Door,1.41,1.44,-1.30
77.441,1,Wall_3mx20cm_Conference_Door,1.41,1.45,-1.30
77.469,1,Wall_3mx20cm_Conference_Door,1.41,1.45,-1.29
77.512,1,Wall_3mx20cm_Conference_Door,1.41,1.45,-1.29
77.539,1,Wall_3mx20cm_Conference_Door,1.41,1.45,-1.28
77.567,1,Wall_3mx20cm_Conference_Door,1.41,1.45,-1.29
77.609,1,Wall_3mx20cm_Conference_Door,1.41,1.46,-1.28
77.637,1,Wall_3mx20cm_Conference_Door,1.41,1.46,-1.28
77.679,1,Wall_3mx20cm_Conference_Door,1.41,1.47,-1.28
77.707,1,Wall_3mx20cm_Conference_Door,1.41,1.47,-1.28
77.734,1,Wall_3mx20cm_Conference_Door,1.41,1.48,-1.29
77.776,1,Wall_3mx20cm_Conference_Door,1.41,1.47,-1.29
77.806,1,Wall_3mx20cm_Conference_Door,1.41,1.48,-1.30
77.833,1,Wall_3mx20cm_Conference_Door,1.41,1.47,-1.30
77.874,1,Wall_3mx20cm_Conference_Door,1.41,1.47,-1.30
77.901,1,Wall_3mx20cm_Conference_Door,1.41,1.47,-1.30
77.944,1,Wall_3mx20cm_Conference_Door,1.41,1.47,-1.30
77.972,1,Wall_3mx20cm_Conference_Door,1.41,1.48,-1.30
78.000,1,Wall_3mx20cm_Conference_Door,1.41,1.47,-1.29
78.042,1,Wall_3mx20cm_Conference_Door,1.41,1.47,-1.29
78.071,1,Wall_3mx20cm_Conference_Door,1.41,1.47,-1.29
78.112,1,Wall_3mx20cm_Conference_Door,1.41,1.47,-1.29
78.141,1,Wall_3mx20cm_Conference_Door,1.41,1.48,-1.29
78.168,1,Wall_3mx20cm_Conference_Door,1.41,1.48,-1.29
78.211,1,Wall_3mx20cm_Conference_Door,1.41,1.48,-1.29
78.238,1,Wall_3mx20cm_Conference_Door,1.41,1.48,-1.28
78.279,1,Wall_3mx20cm_Conference_Door,1.41,1.48,-1.28
78.307,1,Wall_3mx20cm_Conference_Door,1.41,1.47,-1.29
78.333,1,Wall_3mx20cm_Conference_Door,1.41,1.47,-1.29
78.376,1,Wall_3mx20cm_Conference_Door,1.41,1.47,-1.29
78.403,1,Wall_3mx20cm_Conference_Door,1.41,1.47,-1.29
78.445,1,Wall_3mx20cm_Conference_Door,1.41,1.48,-1.29
78.472,1,Wall_3mx20cm_Conference_Door,1.41,1.47,-1.29
78.501,1,Wall_3mx20cm_Conference_Door,1.41,1.47,-1.29
78.541,1,Wall_3mx20cm_Conference_Door,1.41,1.47,-1.28
78.570,1,Wall_3mx20cm_Conference_Door,1.41,1.48,-1.29
78.611,1,Wall_3mx20cm_Conference_Door,1.41,1.47,-1.29
78.639,1,Wall_3mx20cm_Conference_Door,1.41,1.47,-1.29
78.670,1,Wall_3mx20cm_Conference_Door,1.41,1.47,-1.29
78.710,1,Wall_3mx20cm_Conference_Door,1.41,1.48,-1.29
78.737,1,Wall_3mx20cm_Conference_Door,1.41,1.48,-1.29
78.779,1,Wall_3mx20cm_Conference_Door,1.41,1.48,-1.29
78.807,1,Wall_3mx20cm_Conference_Door,1.41,1.49,-1.29
78.834,1,Wall_3mx20cm_Conference_Door,1.41,1.49,-1.29
78.877,1,Wall_3mx20cm_Conference_Door,1.41,1.49,-1.29
78.905,1,Wall_3mx20cm_Conference_Door,1.41,1.50,-1.29
78.947,1,Wall_3mx20cm_Conference_Door,1.41,1.49,-1.29
78.974,1,Wall_3mx20cm_Conference_Door,1.41,1.49,-1.29
79.002,1,Wall_3mx20cm_Conference_Door,1.41,1.49,-1.28
79.045,1,Wall_3mx20cm_Conference_Door,1.41,1.49,-1.28
79.073,1,Wall_3mx20cm_Conference_Door,1.41,1.50,-1.28
79.101,1,Wall_3mx20cm_Conference_Door,1.41,1.50,-1.28
79.141,1,Wall_3mx20cm_Conference_Door,1.41,1.50,-1.28
79.169,1,Wall_3mx20cm_Conference_Door,1.41,1.50,-1.28
79.210,1,Wall_3mx20cm_Conference_Door,1.41,1.50,-1.28
79.237,1,Wall_3mx20cm_Conference_Door,1.41,1.50,-1.28
79.278,1,Wall_3mx20cm_Conference_Door,1.41,1.49,-1.28
79.307,1,Wall_3mx20cm_Conference_Door,1.41,1.49,-1.28
79.335,1,Wall_3mx20cm_Conference_Door,1.41,1.49,-1.28
79.376,1,Wall_3mx20cm_Conference_Door,1.41,1.49,-1.28
79.404,1,Wall_3mx20cm_Conference_Door,1.41,1.49,-1.28
79.446,1,Wall_3mx20cm_Conference_Door,1.41,1.49,-1.28
79.474,1,Wall_3mx20cm_Conference_Door,1.41,1.49,-1.28
79.502,1,Wall_3mx20cm_Conference_Door,1.41,1.50,-1.28
79.543,1,Wall_3mx20cm_Conference_Door,1.41,1.50,-1.28
79.571,1,Wall_3mx20cm_Conference_Door,1.41,1.50,-1.28
79.613,1,Wall_3mx20cm_Conference_Door,1.41,1.50,-1.29
79.640,1,Wall_3mx20cm_Conference_Door,1.41,1.50,-1.28
79.667,1,Wall_3mx20cm_Conference_Door,1.41,1.50,-1.28
79.709,1,Wall_3mx20cm_Conference_Door,1.41,1.51,-1.28
79.737,1,Wall_3mx20cm_Conference_Door,1.41,1.51,-1.28
79.779,1,Ceiling_log_3m (20),1.43,1.50,-1.28
79.807,1,Ceiling_log_3m (20),1.45,1.50,-1.28
79.834,1,Ceiling_log_3m (20),1.45,1.50,-1.27
79.876,1,Ceiling_log_3m (20),1.44,1.50,-1.27
79.905,1,Ceiling_log_3m (20),1.45,1.50,-1.27
79.934,1,Ceiling_log_3m (20),1.45,1.50,-1.27
79.974,1,Ceiling_log_3m (20),1.47,1.50,-1.27
80.004,1,Ceiling_log_3m (20),1.47,1.50,-1.27
80.044,1,Ceiling_log_3m (20),1.48,1.50,-1.26
80.072,1,Ceiling_log_3m (20),1.49,1.50,-1.26
80.100,1,Ceiling_log_3m (20),1.49,1.50,-1.26
80.143,1,Ceiling_log_3m (20),1.50,1.50,-1.26
80.172,1,Ceiling_log_3m (20),1.50,1.50,-1.26
80.199,1,Ceiling_log_3m (20),1.50,1.50,-1.27
80.241,1,Ceiling_log_3m (20),1.49,1.50,-1.27
80.269,1,Ceiling_log_3m (20),1.48,1.50,-1.26
80.310,1,Ceiling_log_3m (20),1.48,1.50,-1.26
80.337,1,Ceiling_log_3m (20),1.48,1.50,-1.26
80.367,1,Ceiling_log_3m (20),1.49,1.50,-1.26
80.408,1,Ceiling_log_3m (20),1.50,1.50,-1.27
80.435,1,Ceiling_log_3m (20),1.50,1.50,-1.27
80.478,1,Ceiling_log_3m (20),1.50,1.50,-1.27
80.505,1,Ceiling_log_3m (20),1.50,1.50,-1.27
80.533,1,Ceiling_log_3m (20),1.49,1.50,-1.27
80.576,1,Ceiling_log_3m (20),1.50,1.50,-1.27
80.602,1,Ceiling_log_3m (20),1.50,1.50,-1.27
80.644,1,Ceiling_log_3m (20),1.50,1.50,-1.26
80.672,1,Ceiling_log_3m (20),1.51,1.50,-1.26
80.701,1,Ceiling_log_3m (20),1.51,1.50,-1.26
80.744,1,Ceiling_log_3m (20),1.52,1.50,-1.27
80.770,1,Ceiling_log_3m (20),1.52,1.51,-1.27
80.813,1,Ceiling_log_3m (20),1.52,1.50,-1.26
80.842,1,Ceiling_log_3m (20),1.52,1.50,-1.26
80.869,1,Ceiling_log_3m (20),1.52,1.50,-1.26
80.911,1,Ceiling_log_3m (20),1.52,1.50,-1.26
80.938,1,Ceiling_log_3m (20),1.52,1.51,-1.26
80.966,1,Ceiling_log_3m (20),1.52,1.51,-1.26
81.008,1,Ceiling_log_3m (20),1.52,1.50,-1.25
81.036,1,Ceiling_log_3m (20),1.52,1.51,-1.25
81.078,1,Ceiling_log_3m (20),1.51,1.50,-1.25
81.106,1,Ceiling_log_3m (20),1.50,1.50,-1.24
81.133,1,Ceiling_log_3m (20),1.49,1.50,-1.24
81.176,1,Ceiling_log_3m (20),1.48,1.50,-1.24
81.204,1,Ceiling_log_3m (20),1.47,1.50,-1.23
81.245,1,Ceiling_log_3m (20),1.46,1.50,-1.24
81.273,1,Ceiling_log_3m (20),1.44,1.50,-1.24
81.301,1,Ceiling_log_3m (20),1.43,1.50,-1.24
81.342,1,Wall_3mx20cm_Conference_Door,1.41,1.51,-1.23
81.370,1,Wall_3mx20cm_Conference_Door,1.41,1.50,-1.23
81.410,1,Wall_3mx20cm_Conference_Door,1.41,1.50,-1.23
81.439,1,Wall_3mx20cm_Conference_Door,1.41,1.50,-1.22
81.467,1,Wall_3mx20cm_Conference_Door,1.41,1.50,-1.22
81.508,1,Wall_3mx20cm_Conference_Door,1.41,1.51,-1.22
81.536,1,Wall_3mx20cm_Conference_Door,1.41,1.51,-1.22
81.577,1,Ceiling_log_3m (20),1.43,1.50,-1.22
81.605,1,Ceiling_log_3m (20),1.44,1.50,-1.23
81.633,1,Ceiling_log_3m (20),1.45,1.50,-1.23
81.675,1,Ceiling_log_3m (20),1.46,1.50,-1.22
81.704,1,Ceiling_log_3m (20),1.47,1.50,-1.22
81.746,1,Ceiling_log_3m (20),1.48,1.50,-1.22
81.775,1,Ceiling_log_3m (20),1.48,1.50,-1.22
81.801,1,Ceiling_log_3m (20),1.49,1.50,-1.22
81.843,1,Ceiling_log_3m (20),1.48,1.50,-1.21
81.871,1,Ceiling_log_3m (20),1.47,1.50,-1.21
81.913,1,Ceiling_log_3m (20),1.46,1.50,-1.21
81.942,1,Ceiling_log_3m (20),1.44,1.50,-1.21
81.969,1,Ceiling_log_3m (20),1.44,1.50,-1.20
82.011,1,Ceiling_log_3m (20),1.44,1.50,-1.19
82.038,1,Ceiling_log_3m (20),1.44,1.50,-1.18
82.066,1,Ceiling_log_3m (20),1.44,1.50,-1.18
82.108,1,Ceiling_log_3m (20),1.43,1.50,-1.18
82.136,1,Ceiling_log_3m (20),1.43,1.50,-1.17
82.178,1,Ceiling_log_3m (20),1.43,1.50,-1.17
82.206,1,Wall_3mx20cm_Conference_Door,1.41,1.51,-1.15
82.233,1,Wall_3mx20cm_Conference_Door,1.41,1.51,-1.14
82.274,1,Wall_3mx20cm_Conference_Door,1.41,1.50,-1.11
82.302,1,Wall_3mx20cm_Door (1),1.41,1.50,-1.08
82.342,1,Wall_3mx20cm_Door (1),1.41,1.50,-1.04
82.370,1,Wall_3mx20cm_Door (1),1.41,1.50,-1.02
82.399,1,Wall_3mx20cm_Door (1),1.41,1.50,-0.99
82.440,1,Wall_3mx20cm_Door (1),1.41,1.50,-0.95
82.469,1,Wall_3mx20cm_Door (1),1.41,1.51,-0.93
82.510,1,Wall_3mx20cm_Door (1),1.41,1.51,-0.88
82.538,1,Wall_3mx20cm_Door (1),1.41,1.50,-0.86
82.579,1,Wall_3mx20cm_Door (1),1.41,1.49,-0.82
82.607,1,Wall_3mx20cm_Door (1),1.41,1.48,-0.80
82.635,1,Wall_3mx20cm_Door (1),1.41,1.46,-0.78
82.677,1,Wall_3mx20cm_Door (1),1.41,1.43,-0.76
82.705,1,Wall_3mx20cm_Door (1),1.41,1.41,-0.74
82.733,1,Wall_3mx20cm_Door (1),1.41,1.38,-0.71
82.774,1,Wall_3mx20cm_Door (1),1.41,1.33,-0.67
82.802,1,Wall_3mx20cm_Door (1),1.41,1.28,-0.64
82.844,1,Wall_3mx20cm_Door (1),1.41,1.22,-0.60
82.872,1,Wall_3mx20cm_Door (1),1.41,1.19,-0.58
82.900,1,Wall_3mx20cm_Door (1),1.41,1.16,-0.56
82.941,1,Wall_3mx20cm_Door (1),1.41,1.13,-0.53
82.969,1,Wall_3mx20cm_Door (1),1.41,1.12,-0.51
83.011,1,Wall_3mx20cm_Door (1),1.41,1.09,-0.49
83.039,1,Wall_3mx20cm_Door (1),1.41,1.09,-0.48
83.067,1,Wall_3mx20cm_Door (1),1.41,1.08,-0.47
83.109,1,Wall_3mx20cm_Door (1),1.41,1.08,-0.44
83.137,1,Wall_3mx20cm_Door (1),1.41,1.08,-0.43
83.179,1,Wall_3mx20cm_Door (1),1.41,1.08,-0.40
83.206,1,Wall_3mx20cm_Door (1),1.41,1.09,-0.38
83.234,1,Wall_3mx20cm_Door (1),1.41,1.10,-0.36
83.276,1,Wall_3mx20cm_Door (1),1.41,1.11,-0.33
83.304,1,Wall_3mx20cm_Wood_Panels (2),1.42,1.12,-0.31
83.346,1,Wall_3mx20cm_Wood_Panels (2),1.54,1.09,-0.31
83.374,1,Wall_3mx20cm_Wood_Panels (2),1.60,1.09,-0.31
83.401,1,Wall_3mx20cm_Wood_Panels (2),1.66,1.07,-0.31
83.445,1,Wall_3mx20cm_Wood_Panels (2),1.75,1.05,-0.31
83.472,1,Wall_3mx20cm_Wood_Panels (2),1.80,1.04,-0.31
83.500,1,Wall_3mx20cm_Wood_Panels (2),1.85,1.02,-0.31
83.543,1,Wall_3mx20cm_Wood_Panels (2),1.90,1.01,-0.31
83.571,1,Wall_3mx20cm_Wood_Panels (2),1.94,1.00,-0.31
83.612,1,Wall_3mx20cm_Wood_Panels (2),1.97,0.99,-0.31
83.638,1,Wall_3mx20cm_Wood_Panels (2),2.01,0.98,-0.31
83.666,1,Wall_3mx20cm_Wood_Panels (2),2.03,0.98,-0.31
83.708,1,Wall_3mx20cm_Wood_Panels (2),2.06,0.97,-0.31
83.735,1,Wall_3mx20cm_Wood_Panels (2),2.08,0.97,-0.31
83.778,1,Wall_3mx20cm_Wood_Panels (2),2.09,0.96,-0.31
83.807,1,Wall_3mx20cm_Wood_Panels (2),2.09,0.96,-0.31
83.834,1,Wall_3mx20cm_Wood_Panels (2),2.09,0.96,-0.31
83.875,1,Wall_3mx20cm_Wood_Panels (2),2.08,0.97,-0.31
83.905,1,Wall_3mx20cm_Wood_Panels (2),2.06,0.98,-0.31
83.947,1,Wall_3mx20cm_Wood_Panels (2),2.03,0.99,-0.31
83.974,1,Wall_3mx20cm_Wood_Panels (2),2.00,1.00,-0.31
84.002,1,Wall_3mx20cm_Wood_Panels (2),1.98,1.01,-0.31
84.042,1,Wall_3mx20cm_Wood_Panels (2),1.93,1.03,-0.31
84.070,1,Wall_3mx20cm_Wood_Panels (2),1.89,1.03,-0.31
84.099,1,Wall_3mx20cm_Wood_Panels (2),1.86,1.04,-0.31
84.140,1,Wall_3mx20cm_Wood_Panels (2),1.80,1.05,-0.31
84.168,1,Wall_3mx20cm_Wood_Panels (2),1.77,1.07,-0.31
84.208,1,Wall_3mx20cm_Wood_Panels (2),1.72,1.09,-0.31
84.236,1,Wall_3mx20cm_Wood_Panels (2),1.70,1.10,-0.31
84.277,1,Wall_3mx20cm_Wood_Panels (2),1.67,1.12,-0.31
84.303,1,Wall_3mx20cm_Wood_Panels (2),1.66,1.12,-0.31
84.343,1,Wall_3mx20cm_Wood_Panels (2),1.66,1.13,-0.31
84.370,1,Wall_3mx20cm_Wood_Panels (2),1.66,1.13,-0.31
84.413,1,Wall_3mx20cm_Wood_Panels (2),1.67,1.13,-0.31
84.441,1,Wall_3mx20cm_Wood_Panels (2),1.67,1.14,-0.31
84.471,1,Wall_3mx20cm_Wood_Panels (2),1.67,1.14,-0.31
84.512,1,Wall_3mx20cm_Wood_Panels (2),1.67,1.14,-0.31
84.540,1,Wall_3mx20cm_Wood_Panels (2),1.67,1.15,-0.31
84.568,1,Wall_3mx20cm_Wood_Panels (2),1.65,1.15,-0.31
84.612,1,Wall_3mx20cm_Wood_Panels (2),1.64,1.17,-0.31
84.637,1,Wall_3mx20cm_Wood_Panels (2),1.64,1.17,-0.31
84.678,1,Wall_3mx20cm_Wood_Panels (2),1.62,1.18,-0.31
84.706,1,Wall_3mx20cm_Wood_Panels (2),1.62,1.19,-0.31
84.734,1,Wall_3mx20cm_Wood_Panels (2),1.62,1.19,-0.31
84.776,1,Wall_3mx20cm_Wood_Panels (2),1.62,1.20,-0.31
84.803,1,Wall_3mx20cm_Wood_Panels (2),1.63,1.20,-0.31
84.844,1,Wall_3mx20cm_Wood_Panels (2),1.65,1.19,-0.31
84.873,1,Wall_3mx20cm_Wood_Panels (2),1.67,1.19,-0.31
84.901,1,Wall_3mx20cm_Wood_Panels (2),1.69,1.19,-0.31
84.943,1,Wall_3mx20cm_Wood_Panels (2),1.73,1.17,-0.31
84.971,1,Wall_3mx20cm_Wood_Panels (2),1.75,1.16,-0.31
85.012,1,Wall_3mx20cm_Wood_Panels (2),1.78,1.14,-0.31
85.039,1,Wall_3mx20cm_Wood_Panels (2),1.81,1.13,-0.31
85.067,1,Wall_3mx20cm_Wood_Panels (2),1.83,1.13,-0.31
85.110,1,Wall_3mx20cm_Wood_Panels (2),1.85,1.12,-0.31
85.140,1,Wall_3mx20cm_Wood_Panels (2),1.86,1.12,-0.31
85.181,1,Wall_3mx20cm_Wood_Panels (2),1.85,1.13,-0.31
85.209,1,Wall_3mx20cm_Wood_Panels (2),1.82,1.15,-0.31
85.235,1,Wall_3mx20cm_Wood_Panels (2),1.78,1.16,-0.31
85.278,1,Wall_3mx20cm_Wood_Panels (2),1.68,1.19,-0.31
85.304,1,Wall_3mx20cm_Wood_Panels (2),1.63,1.20,-0.31
85.344,1,Wall_3mx20cm_Wood_Panels (2),1.56,1.23,-0.31
85.372,1,Wall_3mx20cm_Wood_Panels (2),1.54,1.24,-0.31
85.400,1,Wall_3mx20cm_Wood_Panels (2),1.52,1.25,-0.31
85.443,1,Wall_3mx20cm_Wood_Panels (2),1.52,1.26,-0.31
85.471,1,Wall_3mx20cm_Wood_Panels (2),1.53,1.27,-0.31
85.512,1,Wall_3mx20cm_Wood_Panels (2),1.52,1.27,-0.31
85.542,1,Wall_3mx20cm_Wood_Panels (2),1.53,1.27,-0.31
85.570,1,Wall_3mx20cm_Wood_Panels (2),1.54,1.28,-0.31
85.611,1,Wall_3mx20cm_Wood_Panels (2),1.55,1.27,-0.31
85.640,1,Wall_3mx20cm_Wood_Panels (2),1.56,1.27,-0.31
85.668,1,Wall_3mx20cm_Wood_Panels (2),1.57,1.27,-0.31
85.708,1,Wall_3mx20cm_Wood_Panels (2),1.57,1.27,-0.31
85.737,1,Wall_3mx20cm_Wood_Panels (2),1.56,1.27,-0.31
85.779,1,Wall_3mx20cm_Wood_Panels (2),1.53,1.28,-0.31
85.807,1,Wall_3mx20cm_Wood_Panels (2),1.50,1.28,-0.31
85.836,1,Wall_3mx20cm_Wood_Panels (2),1.47,1.29,-0.31
85.878,1,Wall_3mx20cm_Wood_Panels (2),1.44,1.30,-0.31
85.906,1,Wall_3mx20cm_Wood_Panels (2),1.42,1.31,-0.31
85.933,1,Wall_3mx20cm_Door (1),1.41,1.31,-0.31
85.975,1,Wall_3mx20cm_Door (1),1.41,1.31,-0.31
86.003,1,Wall_3mx20cm_Door (1),1.41,1.31,-0.32
86.044,1,Wall_3mx20cm_Door (1),1.41,1.31,-0.31
86.073,1,Wall_3mx20cm_Door (1),1.41,1.31,-0.31
86.100,1,Wall_3mx20cm_Door (1),1.41,1.31,-0.31
86.157,1,Wall_3mx20cm_Door (1),1.41,1.32,-0.32
86.169,1,Wall_3mx20cm_Door (1),1.41,1.32,-0.32
86.212,1,Wall_3mx20cm_Door (1),1.41,1.31,-0.33
86.240,1,Wall_3mx20cm_Door (1),1.41,1.31,-0.33
86.266,1,Wall_3mx20cm_Door (1),1.41,1.31,-0.34
86.309,1,Wall_3mx20cm_Door (1),1.41,1.31,-0.34
86.337,1,Wall_3mx20cm_Door (1),1.41,1.31,-0.34
86.379,1,Wall_3mx20cm_Door (1),1.41,1.31,-0.33
86.407,1,Wall_3mx20cm_Door (1),1.41,1.31,-0.33
86.434,1,Wall_3mx20cm_Door (1),1.41,1.31,-0.33
86.477,1,Wall_3mx20cm_Door (1),1.41,1.30,-0.33
86.505,1,Wall_3mx20cm_Door (1),1.41,1.30,-0.33
86.546,1,Wall_3mx20cm_Door (1),1.41,1.31,-0.33
86.574,1,Wall_3mx20cm_Door (1),1.41,1.30,-0.33
86.602,1,Wall_3mx20cm_Door (1),1.41,1.30,-0.34
86.644,1,Wall_3mx20cm_Door (1),1.41,1.30,-0.34
86.672,1,Wall_3mx20cm_Door (1),1.41,1.30,-0.34
86.699,1,Wall_3mx20cm_Door (1),1.41,1.31,-0.34
86.741,1,Wall_3mx20cm_Door (1),1.41,1.32,-0.34
86.770,1,Wall_3mx20cm_Door (1),1.41,1.32,-0.34
86.811,1,Wall_3mx20cm_Door (1),1.41,1.32,-0.34
86.839,1,Wall_3mx20cm_Door (1),1.41,1.32,-0.34
86.867,1,Wall_3mx20cm_Door (1),1.41,1.32,-0.34
86.910,1,Wall_3mx20cm_Door (1),1.41,1.32,-0.34
86.938,1,Wall_3mx20cm_Door (1),1.41,1.32,-0.35
86.979,1,Wall_3mx20cm_Door (1),1.41,1.31,-0.35
87.006,1,Wall_3mx20cm_Door (1),1.41,1.31,-0.35
87.034,1,Wall_3mx20cm_Door (1),1.41,1.31,-0.34
87.076,1,Wall_3mx20cm_Door (1),1.41,1.32,-0.34
87.102,1,Wall_3mx20cm_Door (1),1.41,1.32,-0.34
87.143,1,Wall_3mx20cm_Door (1),1.41,1.32,-0.35
87.172,1,Wall_3mx20cm_Door (1),1.41,1.32,-0.35
87.213,1,Wall_3mx20cm_Door (1),1.41,1.32,-0.35
87.241,1,Wall_3mx20cm_Door (1),1.41,1.32,-0.35
87.269,1,Wall_3mx20cm_Door (1),1.41,1.32,-0.35
87.312,1,Wall_3mx20cm_Door (1),1.41,1.32,-0.35
87.339,1,Wall_3mx20cm_Door (1),1.41,1.32,-0.35
87.368,1,Wall_3mx20cm_Door (1),1.41,1.32,-0.35
87.410,1,Wall_3mx20cm_Door (1),1.41,1.31,-0.35
87.437,1,Wall_3mx20cm_Door (1),1.41,1.31,-0.35
87.478,1,Wall_3mx20cm_Door (1),1.41,1.32,-0.35
87.507,1,Wall_3mx20cm_Door (1),1.41,1.32,-0.35
87.535,1,Wall_3mx20cm_Door (1),1.41,1.32,-0.35
87.577,1,Wall_3mx20cm_Door (1),1.41,1.32,-0.35
87.604,1,Wall_3mx20cm_Door (1),1.41,1.32,-0.35
87.646,1,Wall_3mx20cm_Door (1),1.41,1.33,-0.36
87.674,1,Wall_3mx20cm_Door (1),1.41,1.33,-0.36
87.701,1,Wall_3mx20cm_Door (1),1.41,1.33,-0.36
87.742,1,Wall_3mx20cm_Door (1),1.41,1.34,-0.35
87.770,1,Wall_3mx20cm_Door (1),1.41,1.34,-0.35
87.813,1,Wall_3mx20cm_Door (1),1.41,1.35,-0.34
87.840,1,Wall_3mx20cm_Door (1),1.41,1.35,-0.34
87.869,1,Wall_3mx20cm_Door (1),1.41,1.35,-0.34
87.911,1,Wall_3mx20cm_Door (1),1.41,1.35,-0.33
87.940,1,Wall_3mx20cm_Door (1),1.41,1.36,-0.33
87.967,1,Wall_3mx20cm_Door (1),1.41,1.36,-0.33
88.009,1,Wall_3mx20cm_Door (1),1.41,1.35,-0.33
88.036,1,Wall_3mx20cm_Door (1),1.41,1.35,-0.33
88.079,1,Wall_3mx20cm_Door (1),1.41,1.35,-0.33
88.106,1,Wall_3mx20cm_Door (1),1.41,1.36,-0.33
88.135,1,Wall_3mx20cm_Door (1),1.41,1.36,-0.33
88.177,1,Wall_3mx20cm_Door (1),1.41,1.35,-0.33
88.204,1,Wall_3mx20cm_Door (1),1.41,1.35,-0.33
88.233,1,Wall_3mx20cm_Door (1),1.41,1.36,-0.33
88.274,1,Wall_3mx20cm_Door (1),1.41,1.36,-0.34
88.302,1,Wall_3mx20cm_Door (1),1.41,1.36,-0.34
88.343,1,Wall_3mx20cm_Door (1),1.41,1.36,-0.34
88.370,1,Wall_3mx20cm_Door (1),1.41,1.36,-0.34
88.412,1,Wall_3mx20cm_Door (1),1.41,1.36,-0.35
88.440,1,Wall_3mx20cm_Door (1),1.41,1.36,-0.35
88.468,1,Wall_3mx20cm_Door (1),1.41,1.36,-0.35
88.509,1,Wall_3mx20cm_Door (1),1.41,1.36,-0.35
88.537,1,Wall_3mx20cm_Door (1),1.41,1.36,-0.34
88.580,1,Wall_3mx20cm_Door (1),1.41,1.37,-0.34
88.606,1,Wall_3mx20cm_Door (1),1.41,1.37,-0.34
88.634,1,Wall_3mx20cm_Door (1),1.41,1.37,-0.34
88.675,1,Wall_3mx20cm_Door (1),1.41,1.37,-0.33
88.703,1,Wall_3mx20cm_Door (1),1.41,1.37,-0.33
88.745,1,Wall_3mx20cm_Door (1),1.41,1.37,-0.33
88.773,1,Wall_3mx20cm_Door (1),1.41,1.37,-0.33
88.801,1,Wall_3mx20cm_Door (1),1.41,1.37,-0.33
88.843,1,Wall_3mx20cm_Door (1),1.41,1.36,-0.33
88.871,1,Wall_3mx20cm_Door (1),1.41,1.36,-0.33
88.899,1,Wall_3mx20cm_Door (1),1.41,1.36,-0.33
88.942,1,Wall_3mx20cm_Door (1),1.41,1.36,-0.33
88.968,1,Wall_3mx20cm_Door (1),1.41,1.36,-0.32
89.010,1,Wall_3mx20cm_Door (1),1.41,1.36,-0.32
89.039,1,Wall_3mx20cm_Door (1),1.41,1.36,-0.33
89.067,1,Wall_3mx20cm_Door (1),1.41,1.36,-0.33
89.109,1,Wall_3mx20cm_Door (1),1.41,1.36,-0.34
89.137,1,Wall_3mx20cm_Door (1),1.41,1.36,-0.34
89.176,1,Wall_3mx20cm_Door (1),1.41,1.36,-0.34
89.204,1,Wall_3mx20cm_Door (1),1.41,1.37,-0.34
89.232,1,Wall_3mx20cm_Door (1),1.41,1.37,-0.34
89.274,1,Wall_3mx20cm_Door (1),1.41,1.38,-0.34
89.303,1,Wall_3mx20cm_Door (1),1.41,1.38,-0.34
89.345,1,Wall_3mx20cm_Door (1),1.41,1.39,-0.34
89.373,1,Wall_3mx20cm_Door (1),1.41,1.40,-0.34
89.401,1,Wall_3mx20cm_Door (1),1.41,1.39,-0.34
89.443,1,Wall_3mx20cm_Door (1),1.41,1.40,-0.34
89.471,1,Wall_3mx20cm_Door (1),1.41,1.40,-0.34
89.512,1,Wall_3mx20cm_Door (1),1.41,1.41,-0.34
89.541,1,Wall_3mx20cm_Door (1),1.41,1.41,-0.34
89.569,1,Wall_3mx20cm_Door (1),1.41,1.42,-0.34
89.611,1,Wall_3mx20cm_Door (1),1.41,1.42,-0.34
89.638,1,Wall_3mx20cm_Door (1),1.41,1.42,-0.35
89.666,1,Wall_3mx20cm_Door (1),1.41,1.43,-0.35
89.708,1,Wall_3mx20cm_Door (1),1.41,1.42,-0.35
89.736,1,Wall_3mx20cm_Door (1),1.41,1.42,-0.35
89.779,1,Wall_3mx20cm_Door (1),1.41,1.42,-0.36
89.806,1,Wall_3mx20cm_Door (1),1.41,1.41,-0.36
89.834,1,Wall_3mx20cm_Door (1),1.41,1.40,-0.37
89.876,1,Wall_3mx20cm_Door (1),1.41,1.39,-0.37
89.904,1,Wall_3mx20cm_Door (1),1.41,1.40,-0.38
89.947,1,Wall_3mx20cm_Door (1),1.41,1.42,-0.38
89.974,1,Wall_3mx20cm_Door (1),1.41,1.41,-0.38
90.001,1,Wall_3mx20cm_Door (1),1.41,1.40,-0.39
90.043,1,Wall_3mx20cm_Door (1),1.41,1.39,-0.41
90.070,1,Wall_3mx20cm_Door (1),1.41,1.38,-0.43
90.112,1,Wall_3mx20cm_Door (1),1.41,1.35,-0.46
90.139,1,Wall_3mx20cm_Door (1),1.41,1.34,-0.47
90.178,1,Wall_3mx20cm_Door (1),1.41,1.32,-0.50
90.205,1,Wall_3mx20cm_Door (1),1.41,1.31,-0.51
90.236,1,Wall_3mx20cm_Door (1),1.41,1.30,-0.52
90.277,1,Wall_3mx20cm_Door (1),1.41,1.29,-0.53
90.304,1,Wall_3mx20cm_Door (1),1.41,1.29,-0.54
90.345,1,Wall_3mx20cm_Door (1),1.41,1.30,-0.56
90.373,1,Wall_3mx20cm_Door (1),1.41,1.30,-0.57
90.401,1,Wall_3mx20cm_Door (1),1.41,1.29,-0.58
90.443,1,Wall_3mx20cm_Door (1),1.41,1.30,-0.59
90.471,1,Wall_3mx20cm_Door (1),1.41,1.31,-0.60
90.513,1,Wall_3mx20cm_Door (1),1.41,1.30,-0.62
90.540,1,Wall_3mx20cm_Door (1),1.41,1.30,-0.63
90.569,1,Wall_3mx20cm_Door (1),1.41,1.29,-0.64
90.610,1,Wall_3mx20cm_Door (1),1.41,1.29,-0.66
90.639,1,Wall_3mx20cm_Door (1),1.41,1.29,-0.67
90.666,1,Wall_3mx20cm_Door (1),1.41,1.29,-0.69
90.707,1,Wall_3mx20cm_Door (1),1.41,1.29,-0.71
90.736,1,Wall_3mx20cm_Door (1),1.41,1.30,-0.73
90.778,1,Wall_3mx20cm_Door (1),1.41,1.30,-0.75
90.806,1,Wall_3mx20cm_Door (1),1.41,1.31,-0.76
90.834,1,Wall_3mx20cm_Door (1),1.41,1.33,-0.77
90.876,1,Wall_3mx20cm_Door (1),1.41,1.33,-0.77
90.904,1,Wall_3mx20cm_Door (1),1.41,1.34,-0.78
90.945,1,Wall_3mx20cm_Door (1),1.41,1.35,-0.79
90.973,1,Wall_3mx20cm_Door (1),1.41,1.35,-0.80
91.000,1,Wall_3mx20cm_Door (1),1.41,1.36,-0.81
91.043,1,Wall_3mx20cm_Door (1),1.41,1.37,-0.83
91.072,1,Wall_3mx20cm_Door (1),1.41,1.37,-0.85
91.113,1,Wall_3mx20cm_Door (1),1.41,1.37,-0.86
91.139,1,Wall_3mx20cm_Door (1),1.41,1.38,-0.88
91.168,1,Wall_3mx20cm_Door (1),1.41,1.39,-0.89
91.208,1,Wall_3mx20cm_Door (1),1.41,1.40,-0.91
91.237,1,Wall_3mx20cm_Door (1),1.41,1.41,-0.92
91.278,1,Wall_3mx20cm_Door (1),1.41,1.41,-0.94
91.307,1,Wall_3mx20cm_Door (1),1.41,1.41,-0.95
91.335,1,Wall_3mx20cm_Door (1),1.41,1.41,-0.96
91.377,1,Wall_3mx20cm_Door (1),1.41,1.43,-0.99
91.404,1,Wall_3mx20cm_Door (1),1.41,1.44,-1.00
91.433,1,Wall_3mx20cm_Door (1),1.41,1.44,-1.01
91.474,1,Wall_3mx20cm_Door (1),1.41,1.47,-1.03
91.502,1,Wall_3mx20cm_Door (1),1.41,1.49,-1.04
91.544,1,Wall_3mx20cm_Door (1),1.41,1.49,-1.06
91.571,1,Wall_3mx20cm_Door (1),1.41,1.48,-1.08
91.613,1,Wall_3mx20cm_Conference_Door,1.41,1.48,-1.11
91.640,1,Wall_3mx20cm_Conference_Door,1.41,1.47,-1.12
91.668,1,Wall_3mx20cm_Conference_Door,1.41,1.47,-1.13
91.711,1,Wall_3mx20cm_Conference_Door,1.41,1.45,-1.13
91.738,1,Wall_3mx20cm_Conference_Door,1.41,1.47,-1.13
91.768,1,Wall_3mx20cm_Conference_Door,1.41,1.47,-1.13
91.809,1,Wall_3mx20cm_Conference_Door,1.41,1.49,-1.14
91.837,1,Wall_3mx20cm_Conference_Door,1.41,1.49,-1.14
91.879,1,Wall_3mx20cm_Conference_Door,1.41,1.50,-1.14
91.906,1,Wall_3mx20cm_Conference_Door,1.41,1.47,-1.14
91.933,1,Wall_3mx20cm_Conference_Door,1.41,1.45,-1.15
91.976,1,Wall_3mx20cm_Conference_Door,1.41,1.43,-1.15
92.003,1,Wall_3mx20cm_Conference_Door,1.41,1.43,-1.15
92.045,1,Wall_3mx20cm_Conference_Door,1.41,1.42,-1.15
92.075,1,Wall_3mx20cm_Conference_Door,1.41,1.40,-1.15
92.115,1,Wall_3mx20cm_Conference_Door,1.41,1.42,-1.14
92.143,1,Wall_3mx20cm_Conference_Door,1.41,1.42,-1.13
92.171,1,Wall_3mx20cm_Conference_Door,1.41,1.41,-1.13
92.201,1,Wall_3mx20cm_Conference_Door,1.41,1.41,-1.12
92.240,1,Wall_3mx20cm_Conference_Door,1.41,1.42,-1.11
92.268,1,Wall_3mx20cm_Door (1),1.41,1.42,-1.10
92.311,1,Wall_3mx20cm_Door (1),1.41,1.42,-1.08
92.338,1,Wall_3mx20cm_Door (1),1.41,1.42,-1.08
92.367,1,Wall_3mx20cm_Door (1),1.41,1.40,-1.07
92.408,1,Wall_3mx20cm_Door (1),1.41,1.39,-1.07
92.436,1,Wall_3mx20cm_Door (1),1.41,1.39,-1.07
92.478,1,Wall_3mx20cm_Door (1),1.41,1.39,-1.08
92.507,1,Wall_3mx20cm_Door (1),1.41,1.39,-1.08
92.534,1,Wall_3mx20cm_Door (1),1.41,1.39,-1.08
92.576,1,Wall_3mx20cm_Door (1),1.41,1.39,-1.08
92.604,1,Wall_3mx20cm_Door (1),1.41,1.39,-1.08
92.646,1,Wall_3mx20cm_Door (1),1.41,1.40,-1.07
92.673,1,Wall_3mx20cm_Door (1),1.41,1.41,-1.07
92.702,1,Wall_3mx20cm_Door (1),1.41,1.41,-1.07
92.744,1,Wall_3mx20cm_Door (1),1.41,1.42,-1.08
92.771,1,Wall_3mx20cm_Door (1),1.41,1.42,-1.08
92.799,1,Wall_3mx20cm_Door (1),1.41,1.41,-1.09
92.841,1,Wall_3mx20cm_Conference_Door,1.41,1.39,-1.10
92.868,1,Wall_3mx20cm_Conference_Door,1.41,1.38,-1.10
92.909,1,Wall_3mx20cm_Conference_Door,1.41,1.38,-1.11
92.936,1,Wall_3mx20cm_Conference_Door,1.41,1.37,-1.12
92.976,1,Wall_3mx20cm_Conference_Door,1.41,1.37,-1.12
93.004,1,Wall_3mx20cm_Conference_Door,1.41,1.37,-1.12
93.033,1,Wall_3mx20cm_Conference_Door,1.41,1.36,-1.12
93.076,1,Wall_3mx20cm_Conference_Door,1.41,1.39,-1.11
93.103,1,Wall_3mx20cm_Conference_Door,1.41,1.40,-1.11
93.146,1,Wall_3mx20cm_Conference_Door,1.41,1.40,-1.11
93.174,1,Wall_3mx20cm_Conference_Door,1.41,1.40,-1.10
93.201,1,Wall_3mx20cm_Conference_Door,1.41,1.39,-1.10
93.242,1,Wall_3mx20cm_Conference_Door,1.41,1.37,-1.10
93.270,1,Wall_3mx20cm_Conference_Door,1.41,1.36,-1.10
93.312,1,Wall_3mx20cm_Conference_Door,1.41,1.37,-1.10
93.341,1,Wall_3mx20cm_Conference_Door,1.41,1.43,-1.10
93.368,1,Wall_3mx20cm_Conference_Door,1.41,1.41,-1.10
93.410,1,Wall_3mx20cm_Conference_Door,1.41,1.44,-1.11
93.439,1,Wall_3mx20cm_Conference_Door,1.41,1.42,-1.12
93.467,1,Wall_3mx20cm_Conference_Door,1.41,1.42,-1.13
93.508,1,Wall_3mx20cm_Conference_Door,1.41,1.39,-1.13
93.536,1,Wall_3mx20cm_Conference_Door,1.41,1.38,-1.14
93.578,1,Wall_3mx20cm_Conference_Door,1.41,1.39,-1.14
93.605,1,Wall_3mx20cm_Conference_Door,1.41,1.38,-1.14
93.632,1,Wall_3mx20cm_Conference_Door,1.41,1.40,-1.14
93.673,1,Wall_3mx20cm_Conference_Door,1.41,1.41,-1.14
93.701,1,Wall_3mx20cm_Conference_Door,1.41,1.42,-1.14
93.743,1,Wall_3mx20cm_Conference_Door,1.41,1.41,-1.14
93.771,1,Wall_3mx20cm_Conference_Door,1.41,1.39,-1.14
93.799,1,Wall_3mx20cm_Conference_Door,1.41,1.39,-1.14
93.841,1,Wall_3mx20cm_Conference_Door,1.41,1.39,-1.14
93.869,1,Wall_3mx20cm_Conference_Door,1.41,1.40,-1.14
93.911,1,Wall_3mx20cm_Conference_Door,1.41,1.39,-1.14
93.938,1,Wall_3mx20cm_Conference_Door,1.41,1.39,-1.14
93.979,1,Wall_3mx20cm_Conference_Door,1.41,1.38,-1.14
94.008,1,Wall_3mx20cm_Conference_Door,1.41,1.38,-1.14
94.036,1,Wall_3mx20cm_Conference_Door,1.41,1.37,-1.14
94.078,1,Wall_3mx20cm_Conference_Door,1.41,1.37,-1.14
94.105,1,Wall_3mx20cm_Conference_Door,1.41,1.38,-1.14
94.133,1,Wall_3mx20cm_Conference_Door,1.41,1.39,-1.14
94.175,1,Wall_3mx20cm_Conference_Door,1.41,1.39,-1.14
94.203,1,Wall_3mx20cm_Conference_Door,1.41,1.40,-1.14
94.244,1,Wall_3mx20cm_Conference_Door,1.41,1.41,-1.13
94.272,1,Wall_3mx20cm_Conference_Door,1.41,1.42,-1.14
94.300,1,Wall_3mx20cm_Conference_Door,1.41,1.44,-1.13
94.342,1,Wall_3mx20cm_Conference_Door,1.41,1.43,-1.13
94.370,1,Wall_3mx20cm_Conference_Door,1.41,1.43,-1.13
94.412,1,Wall_3mx20cm_Conference_Door,1.41,1.45,-1.12
94.440,1,Wall_3mx20cm_Conference_Door,1.41,1.45,-1.12
94.468,1,Wall_3mx20cm_Conference_Door,1.41,1.46,-1.12
94.509,1,Wall_3mx20cm_Conference_Door,1.41,1.47,-1.12
94.537,1,Wall_3mx20cm_Conference_Door,1.41,1.47,-1.12
94.580,1,Wall_3mx20cm_Conference_Door,1.41,1.45,-1.12
94.607,1,Wall_3mx20cm_Conference_Door,1.41,1.44,-1.12
94.635,1,Wall_3mx20cm_Conference_Door,1.41,1.44,-1.12
94.677,1,Wall_3mx20cm_Conference_Door,1.41,1.42,-1.13
94.705,1,Wall_3mx20cm_Conference_Door,1.41,1.42,-1.13
94.746,1,Wall_3mx20cm_Conference_Door,1.41,1.43,-1.13
94.774,1,Wall_3mx20cm_Conference_Door,1.41,1.45,-1.13
94.803,1,Wall_3mx20cm_Conference_Door,1.41,1.45,-1.13
94.843,1,Wall_3mx20cm_Conference_Door,1.41,1.45,-1.14
94.871,1,Wall_3mx20cm_Conference_Door,1.41,1.44,-1.14
94.899,1,Wall_3mx20cm_Conference_Door,1.41,1.44,-1.14
94.943,1,Wall_3mx20cm_Conference_Door,1.41,1.43,-1.15
94.970,1,Wall_3mx20cm_Conference_Door,1.41,1.43,-1.15
95.012,1,Wall_3mx20cm_Conference_Door,1.41,1.44,-1.14
95.040,1,Wall_3mx20cm_Conference_Door,1.41,1.46,-1.14
95.069,1,Wall_3mx20cm_Conference_Door,1.41,1.45,-1.13
95.110,1,Wall_3mx20cm_Conference_Door,1.41,1.45,-1.13
95.137,1,Wall_3mx20cm_Conference_Door,1.41,1.45,-1.13
95.166,1,Wall_3mx20cm_Conference_Door,1.41,1.44,-1.14
95.207,1,Wall_3mx20cm_Conference_Door,1.41,1.42,-1.14
95.234,1,Wall_3mx20cm_Conference_Door,1.41,1.41,-1.15
95.277,1,Wall_3mx20cm_Conference_Door,1.41,1.40,-1.15
95.305,1,Wall_3mx20cm_Conference_Door,1.41,1.39,-1.15
95.333,1,Wall_3mx20cm_Conference_Door,1.41,1.41,-1.14
95.375,1,Wall_3mx20cm_Conference_Door,1.41,1.41,-1.14
95.402,1,Wall_3mx20cm_Conference_Door,1.41,1.40,-1.14
95.445,1,Wall_3mx20cm_Conference_Door,1.41,1.40,-1.14
95.473,1,Wall_3mx20cm_Conference_Door,1.41,1.40,-1.14
95.500,1,Wall_3mx20cm_Conference_Door,1.41,1.41,-1.14
95.541,1,Wall_3mx20cm_Conference_Door,1.41,1.42,-1.15
95.569,1,Wall_3mx20cm_Conference_Door,1.41,1.42,-1.14
95.612,1,Wall_3mx20cm_Conference_Door,1.41,1.42,-1.14
95.640,1,Wall_3mx20cm_Conference_Door,1.41,1.42,-1.14
95.668,1,Wall_3mx20cm_Conference_Door,1.41,1.42,-1.15
95.709,1,Wall_3mx20cm_Conference_Door,1.41,1.42,-1.14
95.738,1,Wall_3mx20cm_Conference_Door,1.41,1.42,-1.14
95.768,1,Wall_3mx20cm_Conference_Door,1.41,1.43,-1.14
95.807,1,Wall_3mx20cm_Conference_Door,1.41,1.43,-1.14
95.834,1,Wall_3mx20cm_Conference_Door,1.41,1.43,-1.14
95.878,1,Wall_3mx20cm_Conference_Door,1.41,1.43,-1.14
95.905,1,Wall_3mx20cm_Conference_Door,1.41,1.43,-1.14
95.933,1,Wall_3mx20cm_Conference_Door,1.41,1.43,-1.14
95.973,1,Wall_3mx20cm_Conference_Door,1.41,1.42,-1.15
96.002,1,Wall_3mx20cm_Conference_Door,1.41,1.42,-1.15
96.045,1,Wall_3mx20cm_Conference_Door,1.41,1.44,-1.16
96.073,1,Wall_3mx20cm_Conference_Door,1.41,1.46,-1.16
96.113,1,Ceiling_log_3m (20),1.46,1.50,-1.16
96.140,1,Ceiling_log_3m (20),1.52,1.50,-1.16
96.169,1,Ceiling_log_3m (20),1.52,1.52,-1.15
96.210,1,Ceiling_log_3m (20),1.43,1.50,-1.13
96.238,1,Wall_3mx20cm_Conference_Door,1.41,1.50,-1.12
96.279,1,Wall_3mx20cm_Conference_Door,1.41,1.50,-1.11
96.307,1,Wall_3mx20cm_Conference_Door,1.41,1.49,-1.12
96.335,1,Wall_3mx20cm_Conference_Door,1.41,1.48,-1.12
96.378,1,Wall_3mx20cm_Conference_Door,1.41,1.46,-1.13
96.405,1,Wall_3mx20cm_Conference_Door,1.41,1.48,-1.14
96.434,1,Wall_3mx20cm_Conference_Door,1.41,1.48,-1.14
96.475,1,Wall_3mx20cm_Conference_Door,1.41,1.49,-1.14
96.503,1,Wall_3mx20cm_Conference_Door,1.41,1.49,-1.14
96.545,1,Wall_3mx20cm_Conference_Door,1.41,1.48,-1.14
96.572,1,Wall_3mx20cm_Conference_Door,1.41,1.48,-1.13
96.601,1,Wall_3mx20cm_Conference_Door,1.41,1.48,-1.13
96.644,1,Wall_3mx20cm_Conference_Door,1.41,1.48,-1.12
96.670,1,Wall_3mx20cm_Conference_Door,1.41,1.48,-1.12
96.711,1,Wall_3mx20cm_Conference_Door,1.41,1.48,-1.11
96.739,1,Wall_3mx20cm_Conference_Door,1.41,1.49,-1.12
96.767,1,Wall_3mx20cm_Conference_Door,1.41,1.50,-1.12
96.809,1,Wall_3mx20cm_Conference_Door,1.41,1.50,-1.12
96.837,1,Wall_3mx20cm_Conference_Door,1.41,1.50,-1.12
96.878,1,Wall_3mx20cm_Conference_Door,1.41,1.48,-1.13
96.907,1,Wall_3mx20cm_Conference_Door,1.41,1.49,-1.14
96.934,1,Wall_3mx20cm_Conference_Door,1.41,1.49,-1.15
96.976,1,Wall_3mx20cm_Conference_Door,1.41,1.49,-1.17
97.004,1,Wall_3mx20cm_Conference_Door,1.41,1.48,-1.19
97.046,1,Wall_3mx20cm_Conference_Door,1.41,1.47,-1.21
97.074,1,Wall_3mx20cm_Conference_Door,1.41,1.46,-1.22
97.101,1,Wall_3mx20cm_Conference_Door,1.41,1.45,-1.24
97.141,1,Wall_3mx20cm_Conference_Door,1.41,1.42,-1.26
97.169,1,Wall_3mx20cm_Conference_Door,1.41,1.43,-1.28
97.211,1,Wall_3mx20cm_Conference_Door,1.41,1.43,-1.30
97.238,1,Wall_3mx20cm_Conference_Door,1.41,1.43,-1.32
97.266,1,Wall_3mx20cm_Conference_Door,1.41,1.44,-1.34
97.308,1,Wall_3mx20cm_Conference_Door,1.41,1.45,-1.36
97.336,1,Wall_3mx20cm_Conference_Door,1.41,1.42,-1.38
97.378,1,Wall_3mx20cm_Conference_Door,1.41,1.43,-1.41
97.406,1,Wall_3mx20cm_Conference_Door,1.41,1.44,-1.43
97.433,1,Wall_3mx20cm_Conference_Door,1.41,1.44,-1.45
97.475,1,Wall_3mx20cm_Conference_Door,1.41,1.45,-1.47
97.504,1,Wall_3mx20cm_Conference_Door,1.41,1.45,-1.49
97.545,1,Wall_3mx20cm_Conference_Door,1.41,1.43,-1.51
97.573,1,Wall_3mx20cm_Conference_Door,1.41,1.44,-1.51
97.600,1,Wall_3mx20cm_Conference_Door,1.41,1.44,-1.51
97.642,1,Wall_3mx20cm_Conference_Door,1.41,1.47,-1.50
97.670,1,Wall_3mx20cm_Conference_Door,1.41,1.50,-1.50
97.712,1,Ceiling_log_3m (20),1.45,1.50,-1.52
97.740,1,Ceiling_log_3m (20),1.48,1.50,-1.53
97.768,1,Ceiling_log_3m (20),1.52,1.50,-1.55
97.810,1,Ceiling_log_3m (20),1.52,1.55,-1.58
97.838,1,Ceiling_log_3m (20),1.52,1.57,-1.60
97.880,1,Ceiling_log_3m (20),1.52,1.58,-1.62
97.908,1,Ceiling_log_3m (20),1.52,1.57,-1.63
97.935,1,Ceiling_log_3m (20),1.52,1.56,-1.63
97.978,1,Ceiling_log_3m (20),1.52,1.55,-1.63
98.005,1,Ceiling_log_3m (20),1.52,1.57,-1.63
98.033,1,Ceiling_log_3m (20),1.52,1.58,-1.63
98.076,1,Ceiling_log_3m (20),1.52,1.59,-1.63
98.103,1,Ceiling_log_3m (20),1.52,1.61,-1.64
98.145,1,Ceiling_log_3m (20),1.52,1.59,-1.65
98.173,1,Ceiling_log_3m (20),1.52,1.58,-1.66
98.201,1,Ceiling_log_3m (20),1.52,1.57,-1.66
98.244,1,Ceiling_log_3m (20),1.52,1.57,-1.67
98.271,1,Ceiling_log_3m (20),1.52,1.57,-1.67
98.299,1,Ceiling_log_3m (20),1.52,1.57,-1.67
98.344,1,Ceiling_log_3m (20),1.52,1.58,-1.67
98.372,1,Ceiling_log_3m (20),1.52,1.57,-1.66
98.411,1,Ceiling_log_3m (20),1.52,1.55,-1.65
98.440,1,Ceiling_log_3m (20),1.52,1.55,-1.65
98.466,1,Ceiling_log_3m (20),1.52,1.55,-1.65
98.509,1,Ceiling_log_3m (20),1.52,1.57,-1.65
98.537,1,Ceiling_log_3m (20),1.52,1.57,-1.65
98.566,1,Ceiling_log_3m (20),1.52,1.58,-1.65
98.608,1,Ceiling_log_3m (20),1.52,1.59,-1.63
98.635,1,Ceiling_log_3m (20),1.52,1.60,-1.62
98.676,1,Ceiling_log_3m (20),1.52,1.63,-1.60
98.703,1,Ceiling_log_3m (20),1.52,1.67,-1.59
98.744,1,Ceiling_log_3m (20),1.52,1.68,-1.58
98.771,1,Ceiling_log_3m (20),1.52,1.68,-1.58
98.812,1,Ceiling_log_3m (20),1.52,1.69,-1.57
98.841,1,Ceiling_log_3m (20),1.52,1.69,-1.57
98.868,1,Ceiling_log_3m (20),1.52,1.68,-1.57
98.910,1,Ceiling_3x3m (6),1.53,1.70,-1.58
98.938,1,Ceiling_log_3m (20),1.52,1.69,-1.58
98.966,1,Ceiling_log_3m (20),1.52,1.65,-1.58
99.009,1,Ceiling_log_3m (20),1.52,1.61,-1.59
99.036,1,Ceiling_log_3m (20),1.52,1.59,-1.59
99.079,1,Ceiling_log_3m (20),1.52,1.53,-1.60
99.107,1,Ceiling_log_3m (20),1.46,1.50,-1.60
99.134,1,Wall_3mx20cm_Conference_Door,1.41,1.45,-1.60
99.176,1,Wall_3mx20cm_Conference_Door,1.41,1.40,-1.60
99.203,1,Wall_3mx20cm_Conference_Door,1.41,1.40,-1.60
99.246,1,Wall_3mx20cm_Conference_Door,1.41,1.42,-1.61
99.273,1,Wall_3mx20cm_Conference_Door,1.41,1.44,-1.62
99.301,1,Wall_3mx20cm_Conference_Door,1.41,1.45,-1.62
99.343,1,Wall_3mx20cm_Conference_Door,1.41,1.45,-1.63
99.372,1,Wall_3mx20cm_Conference_Door,1.41,1.46,-1.64
99.413,1,Wall_3mx20cm_Conference_Door,1.41,1.46,-1.65
99.442,1,Wall_3mx20cm_Conference_Door,1.41,1.47,-1.65
99.469,1,Wall_3mx20cm_Conference_Door,1.41,1.48,-1.65
99.511,1,Wall_3mx20cm_Conference_Door,1.41,1.51,-1.65
99.538,1,Wall_3mx20cm_Conference_Door,1.41,1.48,-1.65
99.566,1,Wall_3mx20cm_Conference_Door,1.41,1.50,-1.65
99.608,1,Ceiling_log_3m (20),1.46,1.50,-1.66
99.636,1,Ceiling_log_3m (20),1.50,1.50,-1.66
99.678,1,Ceiling_log_3m (20),1.51,1.50,-1.67
99.706,1,Ceiling_log_3m (20),1.52,1.51,-1.67
99.733,1,Ceiling_log_3m (20),1.52,1.51,-1.68
99.775,1,Ceiling_log_3m (20),1.52,1.52,-1.68
99.802,1,Ceiling_log_3m (20),1.52,1.52,-1.69
99.844,1,Ceiling_log_3m (20),1.52,1.51,-1.68
99.872,1,Ceiling_log_3m (20),1.52,1.50,-1.68
99.899,1,Ceiling_log_3m (20),1.50,1.50,-1.67
99.940,1,Ceiling_log_3m (20),1.49,1.50,-1.67
99.969,1,Ceiling_log_3m (20),1.51,1.50,-1.66
100.010,1,Ceiling_log_3m (20),1.52,1.51,-1.67
100.038,1,Ceiling_log_3m (20),1.52,1.51,-1.66
100.066,1,Ceiling_log_3m (20),1.52,1.50,-1.66
100.109,1,Ceiling_log_3m (20),1.51,1.50,-1.65
100.137,1,Ceiling_log_3m (20),1.51,1.50,-1.64
100.177,1,Ceiling_log_3m (20),1.52,1.50,-1.64
100.206,1,Ceiling_log_3m (20),1.52,1.52,-1.64
100.232,1,Ceiling_log_3m (20),1.52,1.52,-1.64
100.275,1,Ceiling_log_3m (20),1.52,1.51,-1.64
100.302,1,Ceiling_log_3m (20),1.52,1.50,-1.63
100.344,1,Ceiling_log_3m (20),1.50,1.50,-1.62
100.371,1,Ceiling_log_3m (20),1.50,1.50,-1.62
100.400,1,Ceiling_log_3m (20),1.50,1.50,-1.62
100.441,1,Ceiling_log_3m (20),1.49,1.50,-1.62
100.469,1,Ceiling_log_3m (20),1.49,1.50,-1.63
100.511,1,Ceiling_log_3m (20),1.47,1.50,-1.64
100.538,1,Ceiling_log_3m (20),1.46,1.50,-1.65
100.567,1,Ceiling_log_3m (20),1.46,1.50,-1.66
100.608,1,Wall_3mx20cm_Conference_Door,1.41,1.51,-1.66
100.637,1,Wall_3mx20cm_Conference_Door,1.41,1.49,-1.66
100.679,1,Wall_3mx20cm_Conference_Door,1.41,1.49,-1.66
100.706,1,Wall_3mx20cm_Conference_Door,1.41,1.49,-1.66
100.734,1,Wall_3mx20cm_Conference_Door,1.41,1.50,-1.65
100.776,1,Ceiling_log_3m (20),1.43,1.50,-1.65
100.804,1,Ceiling_log_3m (20),1.46,1.50,-1.65
100.847,1,Ceiling_log_3m (20),1.46,1.50,-1.65
100.875,1,Ceiling_log_3m (20),1.45,1.50,-1.65
100.902,1,Ceiling_log_3m (20),1.45,1.50,-1.65
100.943,1,Ceiling_log_3m (20),1.44,1.50,-1.65
100.971,1,Wall_3mx20cm_Conference_Door,1.41,1.51,-1.64
100.999,1,Wall_3mx20cm_Conference_Door,1.41,1.50,-1.63
101.041,1,Wall_3mx20cm_Conference_Door,1.41,1.50,-1.63
101.069,1,Wall_3mx20cm_Conference_Door,1.41,1.50,-1.63
101.112,1,Wall_3mx20cm_Conference_Door,1.41,1.49,-1.63
101.139,1,Wall_3mx20cm_Conference_Door,1.41,1.49,-1.63
101.168,1,Wall_3mx20cm_Conference_Door,1.41,1.49,-1.62
101.209,1,Wall_3mx20cm_Conference_Door,1.41,1.48,-1.62
101.238,1,Wall_3mx20cm_Conference_Door,1.41,1.48,-1.62
101.279,1,Wall_3mx20cm_Conference_Door,1.41,1.48,-1.62
101.307,1,Wall_3mx20cm_Conference_Door,1.41,1.47,-1.61
101.334,1,Wall_3mx20cm_Conference_Door,1.41,1.46,-1.61
101.376,1,Wall_3mx20cm_Conference_Door,1.41,1.46,-1.61
101.405,1,Wall_3mx20cm_Conference_Door,1.41,1.46,-1.61
101.433,1,Wall_3mx20cm_Conference_Door,1.41,1.46,-1.61
101.474,1,Wall_3mx20cm_Conference_Door,1.41,1.47,-1.60
101.503,1,Wall_3mx20cm_Conference_Door,1.41,1.48,-1.60
101.547,1,Wall_3mx20cm_Conference_Door,1.41,1.49,-1.60
101.573,1,Wall_3mx20cm_Conference_Door,1.41,1.49,-1.60
101.599,1,Wall_3mx20cm_Conference_Door,1.41,1.49,-1.59
101.641,1,Wall_3mx20cm_Conference_Door,1.41,1.49,-1.58
101.669,1,Wall_3mx20cm_Conference_Door,1.41,1.49,-1.57
101.710,1,Wall_3mx20cm_Conference_Door,1.41,1.49,-1.56
101.738,1,Wall_3mx20cm_Conference_Door,1.41,1.49,-1.55
101.766,1,Wall_3mx20cm_Conference_Door,1.41,1.49,-1.54
101.807,1,Wall_3mx20cm_Conference_Door,1.41,1.49,-1.51
101.836,1,Wall_3mx20cm_Conference_Door,1.41,1.48,-1.49
101.877,1,Wall_3mx20cm_Conference_Door,1.41,1.48,-1.46
101.907,1,Wall_3mx20cm_Conference_Door,1.41,1.45,-1.44
101.933,1,Wall_3mx20cm_Conference_Door,1.41,1.45,-1.42
101.974,1,Wall_3mx20cm_Conference_Door,1.41,1.43,-1.38
102.002,1,Wall_3mx20cm_Conference_Door,1.41,1.42,-1.36
102.044,1,Wall_3mx20cm_Conference_Door,1.41,1.40,-1.33
102.074,1,Wall_3mx20cm_Conference_Door,1.41,1.40,-1.31
102.101,1,Wall_3mx20cm_Conference_Door,1.41,1.39,-1.29
102.142,1,Wall_3mx20cm_Conference_Door,1.41,1.38,-1.25
102.171,1,Wall_3mx20cm_Conference_Door,1.41,1.38,-1.23
102.199,1,Wall_3mx20cm_Conference_Door,1.41,1.39,-1.20
102.241,1,Wall_3mx20cm_Conference_Door,1.41,1.39,-1.16
102.268,1,Wall_3mx20cm_Conference_Door,1.41,1.39,-1.14
102.309,1,Wall_3mx20cm_Conference_Door,1.41,1.39,-1.10
102.337,1,Wall_3mx20cm_Door (1),1.41,1.38,-1.09
102.378,1,Wall_3mx20cm_Door (1),1.41,1.39,-1.08
102.405,1,Wall_3mx20cm_Door (1),1.41,1.39,-1.07
102.434,1,Wall_3mx20cm_Door (1),1.41,1.39,-1.07
102.475,1,Wall_3mx20cm_Door (1),1.41,1.38,-1.07
102.504,1,Wall_3mx20cm_Door (1),1.41,1.38,-1.07
102.545,1,Wall_3mx20cm_Door (1),1.41,1.37,-1.06
102.573,1,Wall_3mx20cm_Door (1),1.41,1.38,-1.07
102.601,1,Wall_3mx20cm_Door (1),1.41,1.37,-1.07
102.642,1,Wall_3mx20cm_Door (1),1.41,1.36,-1.08
102.670,1,Wall_3mx20cm_Door (1),1.41,1.35,-1.09
102.712,1,Wall_3mx20cm_Conference_Door,1.41,1.33,-1.10
102.740,1,Wall_3mx20cm_Conference_Door,1.41,1.32,-1.11
102.767,1,Wall_3mx20cm_Conference_Door,1.41,1.31,-1.12
102.810,1,Wall_3mx20cm_Conference_Door,1.41,1.30,-1.13
102.837,1,Wall_3mx20cm_Conference_Door,1.41,1.30,-1.13
102.878,1,Wall_3mx20cm_Conference_Door,1.41,1.30,-1.14
102.906,1,Wall_3mx20cm_Conference_Door,1.41,1.31,-1.15
102.934,1,Wall_3mx20cm_Conference_Door,1.41,1.32,-1.15
102.976,1,Wall_3mx20cm_Conference_Door,1.41,1.33,-1.14
103.003,1,Wall_3mx20cm_Conference_Door,1.41,1.33,-1.14
103.044,1,Wall_3mx20cm_Conference_Door,1.41,1.34,-1.14
103.072,1,Wall_3mx20cm_Conference_Door,1.41,1.34,-1.14
103.100,1,Wall_3mx20cm_Conference_Door,1.41,1.33,-1.15
103.143,1,Wall_3mx20cm_Conference_Door,1.41,1.32,-1.15
103.169,1,Wall_3mx20cm_Conference_Door,1.41,1.32,-1.14
103.211,1,Wall_3mx20cm_Conference_Door,1.41,1.32,-1.12
103.239,1,Wall_3mx20cm_Conference_Door,1.41,1.33,-1.12
103.267,1,Wall_3mx20cm_Conference_Door,1.41,1.34,-1.12
103.309,1,Wall_3mx20cm_Conference_Door,1.41,1.36,-1.12
103.337,1,Wall_3mx20cm_Conference_Door,1.41,1.37,-1.13
103.379,1,Wall_3mx20cm_Conference_Door,1.41,1.38,-1.14
103.407,1,Wall_3mx20cm_Conference_Door,1.41,1.38,-1.13
103.434,1,Wall_3mx20cm_Conference_Door,1.41,1.37,-1.13
103.476,1,Wall_3mx20cm_Conference_Door,1.41,1.37,-1.12
103.507,1,Wall_3mx20cm_Conference_Door,1.41,1.37,-1.11
103.546,1,Wall_3mx20cm_Conference_Door,1.41,1.37,-1.11
103.573,1,Wall_3mx20cm_Conference_Door,1.41,1.37,-1.10
103.601,1,Wall_3mx20cm_Conference_Door,1.41,1.37,-1.11
103.643,1,Wall_3mx20cm_Conference_Door,1.41,1.38,-1.12
103.671,1,Wall_3mx20cm_Conference_Door,1.41,1.39,-1.12
103.699,1,Wall_3mx20cm_Conference_Door,1.41,1.39,-1.13
103.741,1,Wall_3mx20cm_Conference_Door,1.41,1.40,-1.13
103.769,1,Wall_3mx20cm_Conference_Door,1.41,1.40,-1.13
103.810,1,Wall_3mx20cm_Conference_Door,1.41,1.40,-1.13
103.838,1,Wall_3mx20cm_Conference_Door,1.41,1.39,-1.13
103.867,1,Wall_3mx20cm_Conference_Door,1.41,1.39,-1.12
103.909,1,Wall_3mx20cm_Conference_Door,1.41,1.39,-1.12
103.936,1,Wall_3mx20cm_Conference_Door,1.41,1.39,-1.12
103.978,1,Wall_3mx20cm_Conference_Door,1.41,1.40,-1.12
104.006,1,Wall_3mx20cm_Conference_Door,1.41,1.40,-1.12
104.035,1,Wall_3mx20cm_Conference_Door,1.41,1.40,-1.12
104.077,1,Wall_3mx20cm_Conference_Door,1.41,1.40,-1.12
104.104,1,Wall_3mx20cm_Conference_Door,1.41,1.41,-1.12
104.132,1,Wall_3mx20cm_Conference_Door,1.41,1.41,-1.12
104.175,1,Wall_3mx20cm_Conference_Door,1.41,1.41,-1.12
104.202,1,Wall_3mx20cm_Conference_Door,1.41,1.40,-1.12
104.244,1,Wall_3mx20cm_Conference_Door,1.41,1.40,-1.12
104.272,1,Wall_3mx20cm_Conference_Door,1.41,1.40,-1.12
104.299,1,Wall_3mx20cm_Conference_Door,1.41,1.40,-1.12
104.343,1,Wall_3mx20cm_Conference_Door,1.41,1.40,-1.12
104.370,1,Wall_3mx20cm_Conference_Door,1.41,1.40,-1.12
104.412,1,Wall_3mx20cm_Conference_Door,1.41,1.40,-1.12
104.440,1,Wall_3mx20cm_Conference_Door,1.41,1.40,-1.12
104.467,1,Wall_3mx20cm_Conference_Door,1.41,1.40,-1.12
104.509,1,Wall_3mx20cm_Conference_Door,1.41,1.40,-1.12
104.537,1,Wall_3mx20cm_Conference_Door,1.41,1.40,-1.12
104.579,1,Wall_3mx20cm_Conference_Door,1.41,1.40,-1.12
104.606,1,Wall_3mx20cm_Conference_Door,1.41,1.40,-1.13
104.634,1,Wall_3mx20cm_Conference_Door,1.41,1.40,-1.13
104.675,1,Wall_3mx20cm_Conference_Door,1.41,1.40,-1.13
104.703,1,Wall_3mx20cm_Conference_Door,1.41,1.40,-1.14
104.744,1,Wall_3mx20cm_Conference_Door,1.41,1.40,-1.14
104.771,1,Wall_3mx20cm_Conference_Door,1.41,1.40,-1.14
104.812,1,Wall_3mx20cm_Conference_Door,1.41,1.40,-1.14
104.841,1,Wall_3mx20cm_Conference_Door,1.41,1.40,-1.13
104.869,1,Wall_3mx20cm_Conference_Door,1.41,1.39,-1.13
104.910,1,Wall_3mx20cm_Conference_Door,1.41,1.40,-1.13
104.939,1,Wall_3mx20cm_Conference_Door,1.41,1.40,-1.12
104.967,1,Wall_3mx20cm_Conference_Door,1.41,1.38,-1.12
105.008,1,Wall_3mx20cm_Conference_Door,1.41,1.38,-1.11
105.036,1,Wall_3mx20cm_Conference_Door,1.41,1.37,-1.10
105.079,1,Wall_3mx20cm_Door (1),1.41,1.36,-1.09
105.107,1,Wall_3mx20cm_Door (1),1.41,1.35,-1.08
105.135,1,Wall_3mx20cm_Door (1),1.41,1.33,-1.07
105.177,1,Wall_3mx20cm_Door (1),1.41,1.28,-1.04
105.204,1,Wall_3mx20cm_Door (1),1.41,1.25,-1.03
105.246,1,Wall_3mx20cm_Door (1),1.41,1.18,-1.00
105.274,1,Wall_3mx20cm_Door (1),1.41,1.13,-0.98
105.300,1,Wall_3mx20cm_Door (1),1.41,1.09,-0.96
105.343,1,Wall_3mx20cm_Door (1),1.41,1.04,-0.94
105.371,1,Wall_3mx20cm_Door (1),1.41,1.00,-0.93
105.412,1,Wall_3mx20cm_Door (1),1.41,0.96,-0.92
105.438,1,Wall_3mx20cm_Door (1),1.41,0.94,-0.92
105.467,1,Wall_3mx20cm_Door (1),1.41,0.89,-0.92
105.509,1,Wall_3mx20cm_Door (1),1.41,0.83,-0.93
105.537,1,Wall_3mx20cm_Door (1),1.41,0.77,-0.94
105.579,1,Wall_3mx20cm_Door (1),1.41,0.67,-0.95
105.607,1,Wall_3mx20cm_Door (1),1.41,0.58,-0.96
105.634,1,Wall_3mx20cm_Door (1),1.41,0.46,-0.97
105.676,1,Wall_3mx20cm_Door (1),1.41,0.29,-0.98
105.704,1,Wall_3mx20cm_Door (1),1.41,0.19,-0.99
105.732,1,Wall_3mx20cm_Door (1),1.41,0.08,-1.00
105.774,1,Wall_3mx20cm_Door (1),1.41,-0.07,-1.01
105.803,1,Wall_3mx20cm_Door (1),1.41,-0.15,-1.03
105.844,1,Wall_3mx20cm_Door (1),1.41,-0.28,-1.06
105.872,1,Wall_3mx20cm_Door (1),1.41,-0.38,-1.08
105.899,1,Wall_3mx20cm_Conference_Door,1.41,-0.49,-1.10
105.941,1,Wall_3mx20cm_Conference_Door,1.41,-0.65,-1.13
105.968,1,Wall_3mx20cm_Conference_Door,1.41,-0.73,-1.16
106.010,1,Wall_3mx20cm_Conference_Door,1.41,-0.81,-1.18
106.038,1,Wall_3mx20cm_Conference_Door,1.41,-0.87,-1.20
106.066,1,Wall_3mx20cm_Conference_Door,1.41,-0.92,-1.20
106.109,1,Wall_3mx20cm_Conference_Door,1.41,-0.99,-1.20
106.136,1,Wall_3mx20cm_Conference_Door,1.41,-1.02,-1.20
106.177,1,Wall_3mx20cm_Conference_Door,1.41,-1.04,-1.20
106.206,1,Wall_3mx20cm_Conference_Door,1.41,-1.05,-1.18
106.234,1,Wall_3mx20cm_Conference_Door,1.41,-1.05,-1.17
106.276,1,Wall_3mx20cm_Conference_Door,1.41,-1.03,-1.16
106.303,1,Wall_3mx20cm_Conference_Door,1.41,-1.01,-1.15
106.345,1,Wall_3mx20cm_Conference_Door,1.41,-0.98,-1.15
106.374,1,Wall_3mx20cm_Conference_Door,1.41,-0.97,-1.16
106.401,1,Wall_3mx20cm_Conference_Door,1.41,-0.96,-1.17
106.442,1,Wall_3mx20cm_Conference_Door,1.41,-0.96,-1.18
106.470,1,Wall_3mx20cm_Conference_Door,1.41,-0.97,-1.18
106.512,1,Wall_3mx20cm_Conference_Door,1.41,-0.97,-1.17
106.540,1,Wall_3mx20cm_Conference_Door,1.41,-0.98,-1.15
106.567,1,Wall_3mx20cm_Conference_Door,1.41,-1.00,-1.13
106.609,1,Wall_3mx20cm_Conference_Door,1.41,-1.05,-1.11
106.637,1,Wall_3mx20cm_Conference_Door,1.41,-1.08,-1.10
106.679,1,Wall_3mx20cm_Door (1),1.41,-1.18,-1.07
106.707,1,Wall_3mx20cm_Door (1),1.41,-1.23,-1.05
106.734,1,RobotHand (R),6.40,-0.78,-1.83
106.777,1,RobotHand (R),6.45,-0.77,-1.83
106.804,1,Auto Hand Player,6.61,-0.75,-1.86
106.847,1,Auto Hand Player,6.61,-0.75,-1.86
106.874,1,Auto Hand Player,6.61,-0.75,-1.86
106.902,1,Auto Hand Player,6.61,-0.75,-1.85
106.944,1,Auto Hand Player,6.61,-0.75,-1.85
106.972,1,Auto Hand Player,6.61,-0.75,-1.85
107.000,1,Auto Hand Player,6.61,-0.75,-1.85
107.042,1,Auto Hand Player,6.61,-0.75,-1.85
107.069,1,Auto Hand Player,6.61,-0.75,-1.85
107.112,1,Auto Hand Player,6.61,-0.75,-1.85
107.140,1,RobotHand (R),6.56,-0.75,-1.84
107.170,1,RobotHand (R),6.57,-0.75,-1.84
107.210,1,RobotHand (R),6.57,-0.74,-1.84
107.238,1,RobotHand (R),6.58,-0.74,-1.84
107.266,1,RobotHand (R),6.58,-0.74,-1.84
107.307,1,RobotHand (R),6.58,-0.74,-1.84
107.335,1,RobotHand (R),6.58,-0.74,-1.84
107.377,1,RobotHand (R),6.58,-0.73,-1.84
107.404,1,RobotHand (R),6.58,-0.73,-1.84
107.433,1,RobotHand (R),6.58,-0.73,-1.84
107.474,1,RobotHand (R),6.59,-0.73,-1.83
107.500,1,RobotHand (R),6.59,-0.72,-1.83
107.546,1,RobotHand (R),6.59,-0.72,-1.83
107.578,1,RobotHand (R),6.60,-0.72,-1.83
107.606,1,RobotHand (R),6.60,-0.72,-1.83
107.635,1,RobotHand (R),6.60,-0.72,-1.83
107.678,1,RobotHand (R),6.60,-0.72,-1.84
107.707,1,RobotHand (R),6.60,-0.72,-1.84
107.735,1,RobotHand (R),6.61,-0.72,-1.84
107.777,1,RobotHand (R),6.61,-0.71,-1.84
107.806,1,RobotHand (R),6.61,-0.71,-1.84
107.833,1,RobotHand (R),6.62,-0.71,-1.84
107.875,1,RobotHand (R),6.62,-0.71,-1.83
107.903,1,RobotHand (R),6.62,-0.70,-1.83
107.945,1,RobotHand (R),6.63,-0.70,-1.83
107.973,1,RobotHand (R),6.63,-0.70,-1.82
108.001,1,RobotHand (R),6.63,-0.70,-1.82
108.043,1,RobotHand (R),6.63,-0.69,-1.82
108.071,1,RobotHand (R),6.63,-0.70,-1.82
108.109,1,RobotHand (R),6.63,-0.70,-1.82
108.136,1,RobotHand (R),6.63,-0.70,-1.82
108.178,1,RobotHand (R),6.63,-0.70,-1.82
108.204,1,RobotHand (R),6.63,-0.70,-1.82
108.245,1,RobotHand (R),6.63,-0.70,-1.82
108.274,1,RobotHand (R),6.64,-0.70,-1.82
108.302,1,RobotHand (R),6.64,-0.69,-1.82
108.345,1,RobotHand (R),6.63,-0.69,-1.81
108.374,1,RobotHand (R),6.63,-0.69,-1.81
108.402,1,RobotHand (R),6.62,-0.69,-1.80
108.445,1,RobotHand (R),6.61,-0.68,-1.79
108.472,1,RobotHand (R),6.60,-0.68,-1.79
108.511,1,RobotHand (R),6.59,-0.68,-1.78
108.538,1,RobotHand (R),6.58,-0.67,-1.78
108.578,1,RobotHand (R),6.57,-0.66,-1.77
108.605,1,RobotHand (R),6.55,-0.66,-1.76
108.633,1,RobotHand (R),6.53,-0.64,-1.75
108.678,1,Wall_3mx20cm_Wood_Panels (2),4.00,0.50,-0.31
108.708,1,Wall_3mx20cm_Wood_Panels (2),3.97,0.53,-0.31
108.737,1,Wall_3mx20cm_Wood_Panels (2),3.93,0.54,-0.31
108.776,1,Wall_3mx20cm_Wood_Panels (2),3.87,0.60,-0.31
108.803,1,Wall_3mx20cm_Wood_Panels (2),3.84,0.60,-0.31
108.845,1,Wall_3mx20cm_Wood_Panels (2),3.76,0.58,-0.31
108.870,1,Wall_3mx20cm_Wood_Panels (2),3.70,0.57,-0.31
108.913,1,Wall_3mx20cm_Wood_Panels (2),3.61,0.53,-0.31
108.940,1,Wall_3mx20cm_Wood_Panels (2),3.56,0.51,-0.31
108.968,1,Wall_3mx20cm_Wood_Panels (2),3.52,0.48,-0.31
109.012,1,Wall_3mx20cm_Wood_Panels (2),3.46,0.41,-0.31
109.038,1,Wall_3mx20cm_Wood_Panels (2),3.42,0.35,-0.31
109.065,1,Wall_3mx20cm_Wood_Panels (2),3.39,0.29,-0.31
109.107,1,Wall_3mx20cm_Wood_Panels (2),3.36,0.17,-0.31
109.136,1,Wall_3mx20cm_Wood_Panels (2),3.36,0.09,-0.31
109.178,1,Wall_3mx20cm_Wood_Panels (2),3.37,-0.02,-0.31
109.207,1,Wall_3mx20cm_Wood_Panels (2),3.37,-0.07,-0.31
109.235,1,Wall_3mx20cm_Wood_Panels (2),3.36,-0.11,-0.31
109.277,1,Wall_3mx20cm_Wood_Panels (2),3.33,-0.14,-0.31
109.305,1,Wall_3mx20cm_Wood_Panels (2),3.30,-0.15,-0.31
109.333,1,Wall_3mx20cm_Wood_Panels (2),3.27,-0.16,-0.31
109.375,1,Wall_3mx20cm_Wood_Panels (2),3.21,-0.15,-0.31
109.403,1,Wall_3mx20cm_Wood_Panels (2),3.17,-0.13,-0.31
109.446,1,Wall_3mx20cm_Wood_Panels (2),3.10,-0.10,-0.31
109.475,1,Wall_3mx20cm_Wood_Panels (2),3.04,-0.09,-0.31
109.501,1,Wall_3mx20cm_Wood_Panels (2),2.97,-0.07,-0.31
109.543,1,Wall_3mx20cm_Wood_Panels (2),2.83,-0.05,-0.31
109.572,1,Wall_3mx20cm_Wood_Panels (2),2.70,-0.05,-0.31
109.600,1,Wall_3mx20cm_Wood_Panels (2),2.59,-0.05,-0.31
109.642,1,Wall_3mx20cm_Wood_Panels (2),2.42,-0.08,-0.31
109.669,1,Wall_3mx20cm_Wood_Panels (2),2.30,-0.11,-0.31
109.711,1,Wall_3mx20cm_Wood_Panels (2),2.15,-0.15,-0.31
109.739,1,Wall_3mx20cm_Wood_Panels (2),2.09,-0.18,-0.31
109.767,1,Wall_3mx20cm_Wood_Panels (2),2.07,-0.20,-0.31
109.808,1,Wall_3mx20cm_Wood_Panels (2),2.11,-0.22,-0.31
109.836,1,Wall_3mx20cm_Wood_Panels (2),2.18,-0.24,-0.31
109.878,1,Wall_3mx20cm_Wood_Panels (2),2.30,-0.26,-0.31
109.907,1,Wall_3mx20cm_Wood_Panels (2),2.35,-0.28,-0.31
109.935,1,Wall_3mx20cm_Wood_Panels (2),2.33,-0.30,-0.31
109.976,1,Wall_3mx20cm_Wood_Panels (2),2.17,-0.35,-0.31
110.004,1,Wall_3mx20cm_Wood_Panels (2),2.03,-0.39,-0.31
110.046,1,Wall_3mx20cm_Wood_Panels (2),1.68,-0.46,-0.31
110.076,1,Wall_3mx20cm_Door (1),1.41,-0.51,-0.33
110.102,1,Wall_3mx20cm_Door (1),1.41,-0.59,-0.43
110.144,1,Wall_3mx20cm_Door (1),1.41,-0.73,-0.60
110.172,1,Wall_3mx20cm_Door (1),1.41,-0.85,-0.74
110.200,1,Wall_3mx20cm_Door (1),1.41,-0.99,-0.86
110.242,1,Auto Hand Player,6.62,-0.75,-1.85
110.270,1,Auto Hand Player,6.62,-0.75,-1.85
110.312,1,Auto Hand Player,6.61,-0.76,-1.85
110.339,1,Auto Hand Player,6.61,-0.76,-1.86
110.367,1,Auto Hand Player,6.61,-0.76,-1.86
110.408,1,Auto Hand Player,6.61,-0.77,-1.86
110.437,1,Conference_table,5.23,-1.10,-1.69
110.479,1,Auto Hand Player,6.61,-0.77,-1.86
110.506,1,Auto Hand Player,6.61,-0.77,-1.86
110.532,1,Auto Hand Player,6.61,-0.77,-1.85
110.573,1,Auto Hand Player,6.61,-0.77,-1.85
110.602,1,Auto Hand Player,6.61,-0.77,-1.85
110.643,1,Auto Hand Player,6.60,-0.77,-1.85
110.671,1,Auto Hand Player,6.60,-0.77,-1.85
110.713,1,Auto Hand Player,6.61,-0.77,-1.85
110.742,1,Auto Hand Player,6.61,-0.77,-1.85
110.768,1,Auto Hand Player,6.61,-0.77,-1.85
110.811,1,Auto Hand Player,6.61,-0.77,-1.85
110.839,1,Auto Hand Player,6.61,-0.77,-1.85
110.867,1,Auto Hand Player,6.61,-0.77,-1.85
110.909,1,Auto Hand Player,6.61,-0.77,-1.85
110.937,1,Auto Hand Player,6.61,-0.77,-1.85
110.979,1,Auto Hand Player,6.61,-0.77,-1.85
111.006,1,Auto Hand Player,6.61,-0.77,-1.85
111.036,1,Auto Hand Player,6.61,-0.77,-1.85
111.077,1,Auto Hand Player,6.61,-0.77,-1.85
111.105,1,Auto Hand Player,6.61,-0.77,-1.85
111.134,1,Auto Hand Player,6.61,-0.77,-1.85
111.175,1,Auto Hand Player,6.61,-0.77,-1.85
111.202,1,Auto Hand Player,6.61,-0.77,-1.85
111.233,1,Auto Hand Player,6.61,-0.77,-1.85
111.271,1,Auto Hand Player,6.61,-0.77,-1.85
111.300,1,Auto Hand Player,6.61,-0.77,-1.85
111.342,1,Auto Hand Player,6.61,-0.77,-1.85
111.369,1,Auto Hand Player,6.61,-0.77,-1.85
111.411,1,Auto Hand Player,6.61,-0.77,-1.85
111.439,1,Auto Hand Player,6.61,-0.77,-1.85
111.466,1,Auto Hand Player,6.61,-0.77,-1.85
111.507,1,Auto Hand Player,6.61,-0.77,-1.85
111.534,1,Auto Hand Player,6.61,-0.77,-1.85
111.577,1,Auto Hand Player,6.61,-0.77,-1.85
111.606,1,Auto Hand Player,6.61,-0.77,-1.85
111.645,1,Auto Hand Player,6.61,-0.77,-1.85
111.673,1,Auto Hand Player,6.61,-0.77,-1.85
111.701,1,Auto Hand Player,6.61,-0.77,-1.85
111.744,1,Auto Hand Player,6.61,-0.77,-1.85
111.772,1,Auto Hand Player,6.61,-0.77,-1.84
111.800,1,Auto Hand Player,6.61,-0.77,-1.84
111.842,1,Auto Hand Player,6.61,-0.77,-1.84
111.871,1,Auto Hand Player,6.61,-0.77,-1.84
111.912,1,Auto Hand Player,6.61,-0.77,-1.84
111.940,1,Auto Hand Player,6.61,-0.77,-1.84
111.968,1,Auto Hand Player,6.61,-0.77,-1.84
112.009,1,Auto Hand Player,6.61,-0.77,-1.84
112.037,1,Auto Hand Player,6.61,-0.77,-1.84
112.077,1,Auto Hand Player,6.61,-0.77,-1.84
112.105,1,Auto Hand Player,6.61,-0.77,-1.84
112.134,1,Auto Hand Player,6.61,-0.77,-1.84
112.176,1,Auto Hand Player,6.61,-0.77,-1.84
112.203,1,Auto Hand Player,6.61,-0.77,-1.84
112.245,1,Auto Hand Player,6.61,-0.77,-1.84
112.274,1,Auto Hand Player,6.61,-0.77,-1.84
112.302,1,Auto Hand Player,6.61,-0.77,-1.84
112.343,1,Auto Hand Player,6.61,-0.77,-1.84
112.371,1,Auto Hand Player,6.61,-0.77,-1.84
112.399,1,Auto Hand Player,6.61,-0.77,-1.84
112.441,1,Auto Hand Player,6.61,-0.77,-1.84
112.470,1,Auto Hand Player,6.61,-0.77,-1.84
112.510,1,Auto Hand Player,6.61,-0.77,-1.84
112.539,1,Auto Hand Player,6.61,-0.77,-1.84
112.566,1,Auto Hand Player,6.61,-0.77,-1.84
112.608,1,Auto Hand Player,6.61,-0.77,-1.84
112.636,1,Auto Hand Player,6.61,-0.77,-1.84
112.678,1,Auto Hand Player,6.61,-0.77,-1.84
112.706,1,Auto Hand Player,6.61,-0.77,-1.84
112.734,1,Auto Hand Player,6.61,-0.77,-1.84
112.776,1,Auto Hand Player,6.61,-0.77,-1.84
112.804,1,Auto Hand Player,6.61,-0.77,-1.84
112.846,1,Auto Hand Player,6.61,-0.77,-1.84
112.874,1,Auto Hand Player,6.61,-0.77,-1.84
112.902,1,Auto Hand Player,6.61,-0.77,-1.84
112.944,1,Auto Hand Player,6.61,-0.77,-1.84
112.972,1,Auto Hand Player,6.61,-0.77,-1.84
113.000,1,Auto Hand Player,6.61,-0.77,-1.84
113.042,1,Auto Hand Player,6.61,-0.77,-1.84
113.069,1,Auto Hand Player,6.61,-0.77,-1.84
113.112,1,Auto Hand Player,6.61,-0.77,-1.84
113.140,1,Auto Hand Player,6.61,-0.77,-1.84
113.167,1,Auto Hand Player,6.61,-0.77,-1.84
113.209,1,Auto Hand Player,6.61,-0.77,-1.84
113.237,1,Auto Hand Player,6.61,-0.77,-1.84
113.279,1,Auto Hand Player,6.61,-0.77,-1.84
113.307,1,Auto Hand Player,6.61,-0.77,-1.84
113.335,1,Auto Hand Player,6.61,-0.77,-1.84
113.377,1,Auto Hand Player,6.61,-0.77,-1.84
113.404,1,Auto Hand Player,6.61,-0.77,-1.84
113.433,1,Auto Hand Player,6.61,-0.77,-1.84
113.472,1,Auto Hand Player,6.61,-0.77,-1.84
113.512,1,Auto Hand Player,6.61,-0.77,-1.84
113.557,1,Auto Hand Player,6.61,-0.77,-1.84
113.584,1,Auto Hand Player,6.61,-0.77,-1.84
113.630,1,Auto Hand Player,6.61,-0.77,-1.84
113.653,1,Auto Hand Player,6.61,-0.77,-1.84
113.668,1,Auto Hand Player,6.61,-0.77,-1.84
113.709,1,Auto Hand Player,6.62,-0.77,-1.84
113.749,1,Auto Hand Player,6.62,-0.77,-1.84
113.776,1,Auto Hand Player,6.62,-0.76,-1.84
113.805,1,Auto Hand Player,6.62,-0.76,-1.84
113.834,1,Auto Hand Player,6.62,-0.76,-1.84
113.875,1,Auto Hand Player,6.62,-0.76,-1.84
113.903,1,Auto Hand Player,6.62,-0.76,-1.84
113.945,1,Auto Hand Player,6.62,-0.76,-1.84
113.972,1,Auto Hand Player,6.62,-0.76,-1.84
114.001,1,Auto Hand Player,6.62,-0.76,-1.84
114.041,1,Auto Hand Player,6.62,-0.75,-1.84
114.069,1,Auto Hand Player,6.62,-0.75,-1.84
114.110,1,Wall_3mx20cm_Door (1),1.41,-0.70,-0.39
114.138,1,Wall_3mx20cm_Door (1),1.41,-0.42,-0.38
114.167,1,Wall_3mx20cm_Door (1),1.41,-0.15,-0.35
114.208,1,Wall_3mx20cm_Wood_Panels (2),1.45,0.18,-0.31
114.235,1,Wall_3mx20cm_Wood_Panels (2),1.57,0.37,-0.31
114.276,1,Wall_3mx20cm_Wood_Panels (2),1.83,0.65,-0.31
114.304,1,Wall_3mx20cm_Wood_Panels (2),2.04,0.83,-0.31
114.345,1,Wall_3mx20cm_Wood_Panels (2),2.31,1.03,-0.31
114.374,1,Wall_3mx20cm_Wood_Panels (2),2.47,1.14,-0.31
114.402,1,Wall_3mx20cm_Wood_Panels (2),2.63,1.25,-0.31
114.443,1,Wall_3mx20cm_Wood_Panels (2),2.87,1.37,-0.31
114.472,1,Wall_3mx20cm_Wood_Panels (2),3.00,1.42,-0.31
114.499,1,Wall_3mx20cm_Wood_Panels (2),3.09,1.46,-0.31
114.543,1,Wall_3mx20cm_Wood_Panels (2),3.18,1.47,-0.31
114.570,1,Wall_3mx20cm_Wood_Panels (2),3.21,1.47,-0.31
114.611,1,Wall_3mx20cm_Wood_Panels (2),3.22,1.45,-0.31
114.639,1,Wall_3mx20cm_Wood_Panels (2),3.21,1.43,-0.31
114.668,1,Wall_3mx20cm_Wood_Panels (2),3.22,1.43,-0.31
114.708,1,Wall_3mx20cm_Wood_Panels (2),3.22,1.45,-0.31
114.735,1,Wall_3mx20cm_Wood_Panels (2),3.20,1.45,-0.31
114.774,1,Wall_3mx20cm_Wood_Panels (2),3.15,1.44,-0.31
114.802,1,Wall_3mx20cm_Wood_Panels (2),3.12,1.44,-0.31
114.844,1,Wall_3mx20cm_Wood_Panels (2),3.11,1.42,-0.31
114.873,1,Wall_3mx20cm_Wood_Panels (2),3.10,1.41,-0.31
114.902,1,Wall_3mx20cm_Wood_Panels (2),3.10,1.38,-0.31
114.944,1,Wall_3mx20cm_Wood_Panels (2),3.12,1.35,-0.31
114.972,1,Wall_3mx20cm_Wood_Panels (2),3.14,1.32,-0.31
115.000,1,Wall_3mx20cm_Wood_Panels (2),3.16,1.30,-0.31
115.045,1,Wall_3mx20cm_Wood_Panels (2),3.19,1.27,-0.31
115.087,1,Wall_3mx20cm_Wood_Panels (2),3.18,1.25,-0.31
115.102,1,Wall_3mx20cm_Wood_Panels (2),3.19,1.23,-0.31
115.143,1,Wall_3mx20cm_Wood_Panels (2),3.17,1.23,-0.31
115.185,1,Wall_3mx20cm_Wood_Panels (2),3.15,1.23,-0.31
115.201,1,Wall_3mx20cm_Wood_Panels (2),3.14,1.22,-0.31
115.265,1,Wall_3mx20cm_Wood_Panels (2),3.16,1.22,-0.31
115.265,1,Wall_3mx20cm_Wood_Panels (2),3.16,1.22,-0.31
115.308,1,Wall_3mx20cm_Wood_Panels (2),3.18,1.21,-0.31
115.335,1,Wall_3mx20cm_Wood_Panels (2),3.18,1.21,-0.31
115.377,1,Wall_3mx20cm_Wood_Panels (2),3.19,1.21,-0.31
115.407,1,Wall_3mx20cm_Wood_Panels (2),3.19,1.20,-0.31
115.433,1,Wall_3mx20cm_Wood_Panels (2),3.19,1.20,-0.31
115.474,1,Wall_3mx20cm_Wood_Panels (2),3.19,1.20,-0.31
115.502,1,Wall_3mx20cm_Wood_Panels (2),3.21,1.19,-0.31
115.547,1,Wall_3mx20cm_Wood_Panels (2),3.23,1.17,-0.31
115.574,1,Wall_3mx20cm_Wood_Panels (2),3.24,1.17,-0.31
115.601,1,Wall_3mx20cm_Wood_Panels (2),3.25,1.17,-0.31
115.642,1,Wall_3mx20cm_Wood_Panels (2),3.27,1.15,-0.31
115.670,1,Wall_3mx20cm_Wood_Panels (2),3.28,1.15,-0.31
115.712,1,Wall_3mx20cm_Wood_Panels (2),3.29,1.15,-0.31
115.740,1,Wall_3mx20cm_Wood_Panels (2),3.30,1.13,-0.31
115.768,1,Wall_3mx20cm_Wood_Panels (2),3.31,1.13,-0.31
115.810,1,Wall_3mx20cm_Wood_Panels (2),3.32,1.12,-0.31
115.838,1,Wall_3mx20cm_Wood_Panels (2),3.32,1.11,-0.31
115.866,1,Wall_3mx20cm_Wood_Panels (2),3.34,1.09,-0.31
115.907,1,Wall_3mx20cm_Wood_Panels (2),3.35,1.07,-0.31
115.935,0,Wall_3mx20cm_Wood_Panels (2),3.36,1.06,-0.31
115.978,0,Wall_3mx20cm_Wood_Panels (2),3.38,1.05,-0.31
116.005,0,Wall_3mx20cm_Wood_Panels (2),3.40,1.04,-0.31
116.033,0,Wall_3mx20cm_Wood_Panels (2),3.41,1.03,-0.31
116.075,0,Wall_3mx20cm_Wood_Panels (2),3.41,1.01,-0.31
116.103,0,Wall_3mx20cm_Wood_Panels (2),3.41,1.00,-0.31
116.145,0,Wall_3mx20cm_Wood_Panels (2),3.42,0.99,-0.31
116.173,0,Wall_3mx20cm_Wood_Panels (2),3.42,0.98,-0.31
116.201,0,Wall_3mx20cm_Wood_Panels (2),3.43,0.98,-0.31
116.242,0,Wall_3mx20cm_Wood_Panels (2),3.44,0.97,-0.31
116.269,0,Wall_3mx20cm_Wood_Panels (2),3.45,0.97,-0.31
116.311,0,Wall_3mx20cm_Wood_Panels (2),3.46,0.96,-0.31
116.338,0,Wall_3mx20cm_Wood_Panels (2),3.47,0.96,-0.31
116.366,0,Wall_3mx20cm_Wood_Panels (2),3.48,0.95,-0.31
116.409,0,Wall_3mx20cm_Wood_Panels (2),3.49,0.94,-0.31
116.437,0,Wall_3mx20cm_Wood_Panels (2),3.49,0.94,-0.31
116.477,0,Wall_3mx20cm_Wood_Panels (2),3.50,0.94,-0.31
116.504,0,Wall_3mx20cm_Wood_Panels (2),3.50,0.94,-0.31
116.545,0,Wall_3mx20cm_Wood_Panels (2),3.51,0.93,-0.31
116.572,0,Wall_3mx20cm_Wood_Panels (2),3.50,0.92,-0.31
116.601,0,Wall_3mx20cm_Wood_Panels (2),3.50,0.92,-0.31
116.643,0,Wall_3mx20cm_Wood_Panels (2),3.51,0.91,-0.31
116.672,0,Wall_3mx20cm_Wood_Panels (2),3.51,0.90,-0.31
116.699,0,Wall_3mx20cm_Wood_Panels (2),3.52,0.89,-0.31
116.742,0,Wall_3mx20cm_Wood_Panels (2),3.54,0.87,-0.31
116.770,0,Wall_3mx20cm_Wood_Panels (2),3.55,0.85,-0.31
116.813,0,Wall_3mx20cm_Wood_Panels (2),3.56,0.81,-0.31
116.840,0,Wall_3mx20cm_Wood_Panels (2),3.57,0.79,-0.31
116.868,0,Wall_3mx20cm_Wood_Panels (2),3.58,0.78,-0.31
116.912,0,Wall_3mx20cm_Wood_Panels (2),3.59,0.77,-0.31
116.938,0,Wall_3mx20cm_Wood_Panels (2),3.60,0.76,-0.31
116.966,0,Wall_3mx20cm_Wood_Panels (2),3.61,0.75,-0.31
117.007,0,Wall_3mx20cm_Wood_Panels (2),3.61,0.74,-0.31
117.036,0,Wall_3mx20cm_Wood_Panels (2),3.61,0.73,-0.31
117.077,0,Wall_3mx20cm_Wood_Panels (2),3.60,0.72,-0.31
117.107,0,Wall_3mx20cm_Wood_Panels (2),3.60,0.71,-0.31
117.134,0,Wall_3mx20cm_Wood_Panels (2),3.60,0.70,-0.31
117.172,0,Wall_3mx20cm_Wood_Panels (2),3.59,0.68,-0.31
117.199,0,Wall_3mx20cm_Wood_Panels (2),3.59,0.67,-0.31
117.239,0,Wall_3mx20cm_Wood_Panels (2),3.59,0.66,-0.31
117.268,0,Wall_3mx20cm_Wood_Panels (2),3.59,0.64,-0.31
117.311,0,Wall_3mx20cm_Wood_Panels (2),3.59,0.61,-0.31
117.338,0,Wall_3mx20cm_Wood_Panels (2),3.58,0.59,-0.31
117.366,0,Wall_3mx20cm_Wood_Panels (2),3.57,0.58,-0.31
117.408,0,Wall_3mx20cm_Wood_Panels (2),3.56,0.57,-0.31
117.437,0,Wall_3mx20cm_Wood_Panels (2),3.56,0.57,-0.31
117.479,0,Wall_3mx20cm_Wood_Panels (2),3.57,0.57,-0.31
117.507,0,Wall_3mx20cm_Wood_Panels (2),3.57,0.57,-0.31
117.535,0,Wall_3mx20cm_Wood_Panels (2),3.56,0.58,-0.31
117.576,0,Wall_3mx20cm_Wood_Panels (2),3.54,0.58,-0.31
117.605,0,Wall_3mx20cm_Wood_Panels (2),3.54,0.57,-0.31
117.633,0,Wall_3mx20cm_Wood_Panels (2),3.53,0.55,-0.31
117.677,0,Wall_3mx20cm_Wood_Panels (2),3.50,0.53,-0.31
117.702,0,Wall_3mx20cm_Wood_Panels (2),3.48,0.51,-0.31
117.744,0,Wall_3mx20cm_Wood_Panels (2),3.45,0.47,-0.31
117.773,0,Wall_3mx20cm_Wood_Panels (2),3.43,0.45,-0.31
117.800,0,Wall_3mx20cm_Wood_Panels (2),3.42,0.43,-0.31
117.842,0,Wall_3mx20cm_Wood_Panels (2),3.40,0.39,-0.31
117.870,0,Wall_3mx20cm_Wood_Panels (2),3.39,0.37,-0.31
117.899,0,Wall_3mx20cm_Wood_Panels (2),3.38,0.35,-0.31
117.941,0,Wall_3mx20cm_Wood_Panels (2),3.34,0.32,-0.31
117.967,0,Wall_3mx20cm_Wood_Panels (2),3.30,0.30,-0.31
118.007,0,RobotHand (R),6.63,-0.71,-1.80
118.035,0,RobotHand (R),6.63,-0.71,-1.81
118.078,0,RobotHand (R),6.64,-0.71,-1.81
118.106,0,RobotHand (R),6.64,-0.71,-1.81
118.134,0,RobotHand (R),6.64,-0.71,-1.81
118.176,0,RobotHand (R),6.64,-0.71,-1.81
118.204,0,RobotHand (R),6.64,-0.71,-1.81
118.245,0,RobotHand (R),6.64,-0.71,-1.81
118.274,0,RobotHand (R),6.63,-0.71,-1.80
118.301,0,RobotHand (R),6.63,-0.70,-1.80
118.343,0,Wall_3mx20cm_Wood_Panels (2),2.24,0.64,-0.31
118.371,0,Wall_3mx20cm_Wood_Panels (2),2.22,0.68,-0.31
118.399,0,Wall_3mx20cm_Wood_Panels (2),2.18,0.72,-0.31
118.441,0,Wall_3mx20cm_Wood_Panels (2),2.18,0.76,-0.31
118.469,0,Wall_3mx20cm_Wood_Panels (2),2.21,0.76,-0.31
118.511,0,Wall_3mx20cm_Wood_Panels (2),2.28,0.75,-0.31
118.538,0,Wall_3mx20cm_Wood_Panels (2),2.32,0.75,-0.31
118.566,0,Wall_3mx20cm_Wood_Panels (2),2.36,0.75,-0.31
118.608,0,Wall_3mx20cm_Wood_Panels (2),2.37,0.75,-0.31
118.636,0,Wall_3mx20cm_Wood_Panels (2),2.35,0.75,-0.31
118.679,0,Wall_3mx20cm_Wood_Panels (2),2.33,0.76,-0.31
118.706,0,Wall_3mx20cm_Wood_Panels (2),2.29,0.77,-0.31
118.734,0,Wall_3mx20cm_Wood_Panels (2),2.25,0.79,-0.31
118.776,0,Wall_3mx20cm_Wood_Panels (2),2.18,0.79,-0.31
118.804,0,Wall_3mx20cm_Wood_Panels (2),2.15,0.79,-0.31
118.832,0,Wall_3mx20cm_Wood_Panels (2),2.11,0.79,-0.31
118.873,0,Wall_3mx20cm_Wood_Panels (2),2.09,0.77,-0.31
118.901,0,Wall_3mx20cm_Wood_Panels (2),2.11,0.76,-0.31
118.943,0,Wall_3mx20cm_Wood_Panels (2),2.12,0.76,-0.31
118.971,0,Wall_3mx20cm_Wood_Panels (2),2.24,0.73,-0.31
118.999,0,Wall_3mx20cm_Wood_Panels (2),2.36,0.70,-0.31
119.041,0,Wall_3mx20cm_Wood_Panels (2),2.39,0.71,-0.31
119.069,0,Wall_3mx20cm_Wood_Panels (2),2.43,0.70,-0.31
119.111,0,Wall_3mx20cm_Wood_Panels (2),2.52,0.66,-0.31
119.139,0,Wall_3mx20cm_Wood_Panels (2),2.58,0.64,-0.31
119.166,0,RobotHand (R),6.63,-0.70,-1.76
119.207,0,RobotHand (R),6.64,-0.70,-1.76
119.234,0,RobotHand (R),6.64,-0.70,-1.76
119.275,0,RobotHand (R),6.64,-0.70,-1.76
119.304,0,RobotHand (R),6.64,-0.70,-1.76
119.333,0,RobotHand (R),6.64,-0.70,-1.76
119.391,0,RobotHand (R),6.65,-0.71,-1.77
119.419,0,RobotHand (R),6.66,-0.71,-1.77
119.444,0,RobotHand (R),6.66,-0.71,-1.77
119.470,0,RobotHand (R),6.67,-0.71,-1.77
119.525,0,RobotHand (R),6.67,-0.71,-1.78
119.550,0,RobotHand (R),6.67,-0.71,-1.78
119.576,0,RobotHand (R),6.67,-0.71,-1.78
119.603,0,RobotHand (R),6.67,-0.71,-1.77
119.660,0,RobotHand (R),6.66,-0.71,-1.77
119.688,0,RobotHand (R),6.66,-0.71,-1.77
119.716,0,RobotHand (R),6.66,-0.71,-1.77
119.745,0,RobotHand (R),6.66,-0.71,-1.77
119.772,0,RobotHand (R),6.66,-0.71,-1.77
119.800,0,RobotHand (R),6.66,-0.71,-1.77
119.855,0,RobotHand (R),6.65,-0.70,-1.77
119.883,0,RobotHand (R),6.64,-0.70,-1.77
119.911,0,Wall_3mx20cm_Wood_Panels (2),2.69,0.65,-0.31
119.940,0,Wall_3mx20cm_Wood_Panels (2),2.68,0.68,-0.31
119.968,0,Wall_3mx20cm_Wood_Panels (2),2.68,0.69,-0.31
120.022,0,Wall_3mx20cm_Wood_Panels (2),2.70,0.69,-0.31
120.051,0,Wall_3mx20cm_Wood_Panels (2),2.79,0.69,-0.31
120.081,0,Wall_3mx20cm_Wood_Panels (2),2.79,0.71,-0.31
120.106,0,Wall_3mx20cm_Wood_Panels (2),2.77,0.73,-0.31
120.135,0,Wall_3mx20cm_Wood_Panels (2),2.76,0.75,-0.31
120.191,0,Wall_3mx20cm_Wood_Panels (2),2.71,0.78,-0.31
120.218,0,Wall_3mx20cm_Wood_Panels (2),2.65,0.82,-0.31
120.247,0,Wall_3mx20cm_Wood_Panels (2),2.60,0.84,-0.31
120.274,0,Wall_3mx20cm_Wood_Panels (2),2.58,0.84,-0.31
120.302,0,Wall_3mx20cm_Wood_Panels (2),2.56,0.86,-0.31
120.357,0,Wall_3mx20cm_Wood_Panels (2),2.55,0.85,-0.31
120.385,0,Wall_3mx20cm_Wood_Panels (2),2.51,0.85,-0.31
120.412,0,Wall_3mx20cm_Wood_Panels (2),2.48,0.86,-0.31
120.442,0,Wall_3mx20cm_Wood_Panels (2),2.47,0.85,-0.31
120.469,0,Wall_3mx20cm_Wood_Panels (2),2.48,0.83,-0.31
120.524,0,Wall_3mx20cm_Wood_Panels (2),2.55,0.82,-0.31
120.552,0,Wall_3mx20cm_Wood_Panels (2),2.58,0.83,-0.31
120.581,0,Wall_3mx20cm_Wood_Panels (2),2.61,0.83,-0.31
120.608,0,Wall_3mx20cm_Wood_Panels (2),2.64,0.83,-0.31
120.637,0,Wall_3mx20cm_Wood_Panels (2),2.67,0.83,-0.31
120.691,0,Wall_3mx20cm_Wood_Panels (2),2.68,0.83,-0.31
120.719,0,Wall_3mx20cm_Wood_Panels (2),2.65,0.83,-0.31
120.733,0,Wall_3mx20cm_Wood_Panels (2),2.63,0.83,-0.31
120.775,0,Wall_3mx20cm_Wood_Panels (2),2.59,0.82,-0.31
120.802,0,Wall_3mx20cm_Wood_Panels (2),2.57,0.80,-0.31
120.834,0,Wall_3mx20cm_Wood_Panels (2),2.54,0.80,-0.31
120.876,0,Wall_3mx20cm_Wood_Panels (2),2.52,0.79,-0.31
120.904,0,Wall_3mx20cm_Wood_Panels (2),2.52,0.80,-0.31
120.932,0,Wall_3mx20cm_Wood_Panels (2),2.53,0.82,-0.31
120.974,0,Wall_3mx20cm_Wood_Panels (2),2.54,0.85,-0.31
121.003,0,Wall_3mx20cm_Wood_Panels (2),2.53,0.86,-0.31
121.045,0,Wall_3mx20cm_Wood_Panels (2),2.51,0.86,-0.31
121.074,0,Wall_3mx20cm_Wood_Panels (2),2.49,0.85,-0.31
121.100,0,Wall_3mx20cm_Wood_Panels (2),2.47,0.84,-0.31
121.143,0,Wall_3mx20cm_Wood_Panels (2),2.47,0.82,-0.31
121.170,0,Wall_3mx20cm_Wood_Panels (2),2.47,0.81,-0.31
121.212,0,Wall_3mx20cm_Wood_Panels (2),2.46,0.78,-0.31
121.240,0,Wall_3mx20cm_Wood_Panels (2),2.48,0.77,-0.31
121.267,0,Wall_3mx20cm_Wood_Panels (2),2.49,0.75,-0.31
121.309,0,Wall_3mx20cm_Wood_Panels (2),2.50,0.73,-0.31
121.337,0,Wall_3mx20cm_Wood_Panels (2),2.50,0.70,-0.31
121.379,0,Wall_3mx20cm_Wood_Panels (2),2.51,0.67,-0.31
121.407,0,Wall_3mx20cm_Wood_Panels (2),2.51,0.65,-0.31
121.436,0,Wall_3mx20cm_Wood_Panels (2),2.51,0.64,-0.31
121.477,0,Wall_3mx20cm_Wood_Panels (2),2.50,0.62,-0.31
121.504,0,Wall_3mx20cm_Wood_Panels (2),2.50,0.60,-0.31
121.532,0,Wall_3mx20cm_Wood_Panels (2),2.49,0.59,-0.31
121.574,0,Wall_3mx20cm_Wood_Panels (2),2.45,0.58,-0.31
121.603,0,Wall_3mx20cm_Wood_Panels (2),2.42,0.58,-0.31
121.645,0,Wall_3mx20cm_Wood_Panels (2),2.39,0.57,-0.31
121.672,0,Wall_3mx20cm_Wood_Panels (2),2.38,0.58,-0.31
121.701,0,Wall_3mx20cm_Wood_Panels (2),2.37,0.57,-0.31
121.743,0,Wall_3mx20cm_Wood_Panels (2),2.36,0.57,-0.31
121.771,0,Wall_3mx20cm_Wood_Panels (2),2.36,0.57,-0.31
121.812,0,Wall_3mx20cm_Wood_Panels (2),2.35,0.58,-0.31
121.840,0,Wall_3mx20cm_Wood_Panels (2),2.33,0.59,-0.31
121.869,0,Wall_3mx20cm_Wood_Panels (2),2.31,0.60,-0.31
121.909,0,Wall_3mx20cm_Wood_Panels (2),2.25,0.61,-0.31
121.937,0,Wall_3mx20cm_Wood_Panels (2),2.22,0.61,-0.31
121.965,0,Wall_3mx20cm_Wood_Panels (2),2.20,0.61,-0.31
122.008,0,Wall_3mx20cm_Wood_Panels (2),2.20,0.60,-0.31
122.035,0,Wall_3mx20cm_Wood_Panels (2),2.23,0.60,-0.31
122.077,0,Wall_3mx20cm_Wood_Panels (2),2.30,0.58,-0.31
122.105,0,Wall_3mx20cm_Wood_Panels (2),2.34,0.58,-0.31
122.132,0,Wall_3mx20cm_Wood_Panels (2),2.38,0.59,-0.31
122.174,0,Wall_3mx20cm_Wood_Panels (2),2.43,0.60,-0.31
122.202,0,Wall_3mx20cm_Wood_Panels (2),2.45,0.60,-0.31
122.243,0,Wall_3mx20cm_Wood_Panels (2),2.50,0.59,-0.31
122.271,0,Wall_3mx20cm_Wood_Panels (2),2.53,0.59,-0.31
122.299,0,Wall_3mx20cm_Wood_Panels (2),2.56,0.58,-0.31
122.341,0,Wall_3mx20cm_Wood_Panels (2),2.62,0.56,-0.31
122.370,0,Wall_3mx20cm_Wood_Panels (2),2.65,0.55,-0.31
122.411,0,Wall_3mx20cm_Wood_Panels (2),2.68,0.55,-0.31
122.439,0,Wall_3mx20cm_Wood_Panels (2),2.68,0.55,-0.31
122.467,0,Wall_3mx20cm_Wood_Panels (2),2.68,0.56,-0.31
122.510,0,Wall_3mx20cm_Wood_Panels (2),2.68,0.57,-0.31
122.537,0,Wall_3mx20cm_Wood_Panels (2),2.68,0.58,-0.31
122.566,0,Wall_3mx20cm_Wood_Panels (2),2.67,0.58,-0.31
122.607,0,Wall_3mx20cm_Wood_Panels (2),2.67,0.59,-0.31
122.635,0,Wall_3mx20cm_Wood_Panels (2),2.67,0.60,-0.31
122.677,0,Wall_3mx20cm_Wood_Panels (2),2.67,0.59,-0.31
122.704,0,Wall_3mx20cm_Wood_Panels (2),2.67,0.59,-0.31
122.746,0,Wall_3mx20cm_Wood_Panels (2),2.67,0.58,-0.31
122.773,0,Wall_3mx20cm_Wood_Panels (2),2.68,0.57,-0.31
122.800,0,Wall_3mx20cm_Wood_Panels (2),2.67,0.56,-0.31
122.844,0,Wall_3mx20cm_Wood_Panels (2),2.67,0.56,-0.31
122.872,0,Wall_3mx20cm_Wood_Panels (2),2.65,0.56,-0.31
122.899,0,Wall_3mx20cm_Wood_Panels (2),2.65,0.57,-0.31
122.941,0,Wall_3mx20cm_Wood_Panels (2),2.63,0.57,-0.31
122.969,0,Wall_3mx20cm_Wood_Panels (2),2.63,0.57,-0.31
123.009,0,Wall_3mx20cm_Wood_Panels (2),2.64,0.57,-0.31
123.037,0,Wall_3mx20cm_Wood_Panels (2),2.64,0.57,-0.31
123.079,0,Wall_3mx20cm_Wood_Panels (2),2.64,0.57,-0.31
123.106,0,Wall_3mx20cm_Wood_Panels (2),2.63,0.56,-0.31
123.134,0,Wall_3mx20cm_Wood_Panels (2),2.64,0.56,-0.31
123.175,0,Wall_3mx20cm_Wood_Panels (2),2.65,0.55,-0.31
123.203,0,Wall_3mx20cm_Wood_Panels (2),2.66,0.55,-0.31
123.244,0,Wall_3mx20cm_Wood_Panels (2),2.67,0.56,-0.31
123.271,0,Wall_3mx20cm_Wood_Panels (2),2.68,0.56,-0.31
123.299,0,Wall_3mx20cm_Wood_Panels (2),2.68,0.57,-0.31
123.341,0,Wall_3mx20cm_Wood_Panels (2),2.67,0.57,-0.31
123.369,0,Wall_3mx20cm_Wood_Panels (2),2.67,0.57,-0.31
123.411,0,Wall_3mx20cm_Wood_Panels (2),2.66,0.57,-0.31
123.439,0,Wall_3mx20cm_Wood_Panels (2),2.65,0.57,-0.31
123.467,0,Wall_3mx20cm_Wood_Panels (2),2.64,0.57,-0.31
123.523,0,Wall_3mx20cm_Wood_Panels (2),2.62,0.59,-0.31
123.537,0,Wall_3mx20cm_Wood_Panels (2),2.60,0.59,-0.31
123.579,0,Wall_3mx20cm_Wood_Panels (2),2.59,0.59,-0.31
123.607,0,Wall_3mx20cm_Wood_Panels (2),2.59,0.60,-0.31
123.633,0,Wall_3mx20cm_Wood_Panels (2),2.57,0.61,-0.31
123.678,0,Wall_3mx20cm_Wood_Panels (2),2.55,0.61,-0.31
123.704,0,Wall_3mx20cm_Wood_Panels (2),2.55,0.62,-0.31
123.732,0,Wall_3mx20cm_Wood_Panels (2),2.53,0.62,-0.31
123.772,0,Wall_3mx20cm_Wood_Panels (2),2.51,0.62,-0.31
123.801,0,Wall_3mx20cm_Wood_Panels (2),2.50,0.62,-0.31
123.843,0,Wall_3mx20cm_Wood_Panels (2),2.48,0.62,-0.31
123.872,0,Wall_3mx20cm_Wood_Panels (2),2.46,0.63,-0.31
123.912,0,Wall_3mx20cm_Wood_Panels (2),2.43,0.63,-0.31
123.941,0,Wall_3mx20cm_Wood_Panels (2),2.40,0.64,-0.31
123.968,0,Wall_3mx20cm_Wood_Panels (2),2.35,0.66,-0.31
124.013,0,Wall_3mx20cm_Wood_Panels (2),2.27,0.68,-0.31
124.042,0,Wall_3mx20cm_Wood_Panels (2),2.23,0.69,-0.31
124.066,0,Wall_3mx20cm_Wood_Panels (2),2.21,0.69,-0.31
124.109,0,Wall_3mx20cm_Wood_Panels (2),2.14,0.71,-0.31
124.137,0,Wall_3mx20cm_Wood_Panels (2),2.12,0.72,-0.31
124.176,0,Wall_3mx20cm_Wood_Panels (2),2.10,0.72,-0.31
124.204,0,Wall_3mx20cm_Wood_Panels (2),2.10,0.72,-0.31
124.233,0,Wall_3mx20cm_Wood_Panels (2),2.08,0.73,-0.31
124.276,0,Wall_3mx20cm_Wood_Panels (2),2.07,0.72,-0.31
124.303,0,Wall_3mx20cm_Wood_Panels (2),2.06,0.72,-0.31
124.345,0,Wall_3mx20cm_Wood_Panels (2),2.04,0.73,-0.31
124.372,0,Wall_3mx20cm_Wood_Panels (2),2.03,0.73,-0.31
124.402,0,Wall_3mx20cm_Wood_Panels (2),2.02,0.73,-0.31
124.442,0,Wall_3mx20cm_Wood_Panels (2),2.00,0.74,-0.31
124.471,0,Wall_3mx20cm_Wood_Panels (2),1.99,0.74,-0.31
124.498,0,Wall_3mx20cm_Wood_Panels (2),1.98,0.75,-0.31
124.540,0,Wall_3mx20cm_Wood_Panels (2),1.99,0.74,-0.31
124.568,0,Wall_3mx20cm_Wood_Panels (2),1.99,0.74,-0.31
124.610,0,Wall_3mx20cm_Wood_Panels (2),1.99,0.73,-0.31
124.639,0,Wall_3mx20cm_Wood_Panels (2),1.99,0.73,-0.31
124.666,0,Wall_3mx20cm_Wood_Panels (2),1.99,0.73,-0.31
124.709,0,Wall_3mx20cm_Wood_Panels (2),2.01,0.72,-0.31
124.736,0,Wall_3mx20cm_Wood_Panels (2),2.02,0.72,-0.31
124.778,0,Wall_3mx20cm_Wood_Panels (2),2.03,0.72,-0.31
124.806,0,Wall_3mx20cm_Wood_Panels (2),2.04,0.72,-0.31
124.834,0,Wall_3mx20cm_Wood_Panels (2),2.04,0.72,-0.31
124.875,0,Wall_3mx20cm_Wood_Panels (2),2.04,0.71,-0.31
124.904,0,Wall_3mx20cm_Wood_Panels (2),2.04,0.71,-0.31
124.946,0,Wall_3mx20cm_Wood_Panels (2),2.05,0.71,-0.31
124.974,0,Wall_3mx20cm_Wood_Panels (2),2.05,0.71,-0.31
125.002,0,Wall_3mx20cm_Wood_Panels (2),2.06,0.71,-0.31
125.042,0,Wall_3mx20cm_Wood_Panels (2),2.06,0.71,-0.31
125.070,0,Wall_3mx20cm_Wood_Panels (2),2.05,0.71,-0.31
125.112,0,Wall_3mx20cm_Wood_Panels (2),2.06,0.72,-0.31
125.139,0,Wall_3mx20cm_Wood_Panels (2),2.06,0.71,-0.31
125.165,0,Wall_3mx20cm_Wood_Panels (2),2.07,0.71,-0.31
125.208,0,Wall_3mx20cm_Wood_Panels (2),2.08,0.71,-0.31
125.236,0,Wall_3mx20cm_Wood_Panels (2),2.10,0.70,-0.31
125.278,0,Wall_3mx20cm_Wood_Panels (2),2.11,0.70,-0.31
125.306,0,Wall_3mx20cm_Wood_Panels (2),2.11,0.70,-0.31
125.335,0,Wall_3mx20cm_Wood_Panels (2),2.12,0.71,-0.31
125.376,0,Wall_3mx20cm_Wood_Panels (2),2.12,0.71,-0.31
125.404,0,Wall_3mx20cm_Wood_Panels (2),2.13,0.71,-0.31
125.432,0,Wall_3mx20cm_Wood_Panels (2),2.13,0.71,-0.31
125.472,0,Wall_3mx20cm_Wood_Panels (2),2.14,0.70,-0.31
125.500,0,Wall_3mx20cm_Wood_Panels (2),2.14,0.70,-0.31
125.541,0,Wall_3mx20cm_Wood_Panels (2),2.15,0.70,-0.31
125.569,0,Wall_3mx20cm_Wood_Panels (2),2.15,0.70,-0.31
125.612,0,Wall_3mx20cm_Wood_Panels (2),2.16,0.69,-0.31
125.641,0,Wall_3mx20cm_Wood_Panels (2),2.17,0.69,-0.31
125.667,0,Wall_3mx20cm_Wood_Panels (2),2.18,0.69,-0.31
125.709,0,Wall_3mx20cm_Wood_Panels (2),2.18,0.69,-0.31
125.737,0,Wall_3mx20cm_Wood_Panels (2),2.18,0.69,-0.31
125.765,0,Wall_3mx20cm_Wood_Panels (2),2.18,0.69,-0.31
125.806,0,Wall_3mx20cm_Wood_Panels (2),2.18,0.69,-0.31
125.834,0,Wall_3mx20cm_Wood_Panels (2),2.18,0.69,-0.31
125.876,0,Wall_3mx20cm_Wood_Panels (2),2.18,0.69,-0.31
125.904,0,Wall_3mx20cm_Wood_Panels (2),2.18,0.70,-0.31
125.945,0,Wall_3mx20cm_Wood_Panels (2),2.18,0.70,-0.31
125.973,0,Wall_3mx20cm_Wood_Panels (2),2.18,0.70,-0.31
126.001,0,Wall_3mx20cm_Wood_Panels (2),2.18,0.70,-0.31
126.043,0,Wall_3mx20cm_Wood_Panels (2),2.20,0.70,-0.31
126.070,0,Wall_3mx20cm_Wood_Panels (2),2.20,0.70,-0.31
126.112,0,Wall_3mx20cm_Wood_Panels (2),2.21,0.69,-0.31
126.140,0,Wall_3mx20cm_Wood_Panels (2),2.21,0.70,-0.31
126.168,0,Wall_3mx20cm_Wood_Panels (2),2.21,0.70,-0.31
126.208,0,Wall_3mx20cm_Wood_Panels (2),2.21,0.70,-0.31
126.237,0,Wall_3mx20cm_Wood_Panels (2),2.21,0.69,-0.31
126.266,0,Wall_3mx20cm_Wood_Panels (2),2.21,0.69,-0.31
126.307,0,Wall_3mx20cm_Wood_Panels (2),2.21,0.69,-0.31
126.334,0,Wall_3mx20cm_Wood_Panels (2),2.21,0.69,-0.31
126.376,0,Wall_3mx20cm_Wood_Panels (2),2.21,0.69,-0.31
126.403,0,Wall_3mx20cm_Wood_Panels (2),2.20,0.68,-0.31
126.446,0,Wall_3mx20cm_Wood_Panels (2),2.20,0.68,-0.31
126.474,0,Wall_3mx20cm_Wood_Panels (2),2.21,0.68,-0.31
126.502,0,Wall_3mx20cm_Wood_Panels (2),2.21,0.68,-0.31
126.543,0,Wall_3mx20cm_Wood_Panels (2),2.22,0.68,-0.31
126.570,0,Wall_3mx20cm_Wood_Panels (2),2.22,0.68,-0.31
126.610,0,Wall_3mx20cm_Wood_Panels (2),2.22,0.69,-0.31
126.639,0,Wall_3mx20cm_Wood_Panels (2),2.22,0.69,-0.31
126.668,0,Wall_3mx20cm_Wood_Panels (2),2.22,0.69,-0.31
126.705,0,Wall_3mx20cm_Wood_Panels (2),2.22,0.69,-0.31
126.732,0,Wall_3mx20cm_Wood_Panels (2),2.23,0.69,-0.31
126.775,0,Wall_3mx20cm_Wood_Panels (2),2.24,0.69,-0.31
126.803,0,Wall_3mx20cm_Wood_Panels (2),2.25,0.69,-0.31
126.832,0,Wall_3mx20cm_Wood_Panels (2),2.25,0.69,-0.31
126.874,0,Wall_3mx20cm_Wood_Panels (2),2.26,0.68,-0.31
126.903,0,Wall_3mx20cm_Wood_Panels (2),2.27,0.68,-0.31
126.932,0,Wall_3mx20cm_Wood_Panels (2),2.27,0.68,-0.31
126.973,0,Wall_3mx20cm_Wood_Panels (2),2.28,0.67,-0.31
127.001,0,Wall_3mx20cm_Wood_Panels (2),2.29,0.67,-0.31
127.045,0,Wall_3mx20cm_Wood_Panels (2),2.30,0.66,-0.31
127.072,0,Wall_3mx20cm_Wood_Panels (2),2.30,0.66,-0.31
127.101,0,Wall_3mx20cm_Wood_Panels (2),2.31,0.66,-0.31
127.142,0,Wall_3mx20cm_Wood_Panels (2),2.31,0.66,-0.31
127.170,0,Wall_3mx20cm_Wood_Panels (2),2.31,0.66,-0.31
127.211,0,Wall_3mx20cm_Wood_Panels (2),2.30,0.65,-0.31
127.240,0,Wall_3mx20cm_Wood_Panels (2),2.30,0.65,-0.31
127.267,0,Wall_3mx20cm_Wood_Panels (2),2.30,0.65,-0.31
127.309,0,Wall_3mx20cm_Wood_Panels (2),2.29,0.65,-0.31
127.337,0,Wall_3mx20cm_Wood_Panels (2),2.29,0.65,-0.31
127.379,0,Wall_3mx20cm_Wood_Panels (2),2.30,0.64,-0.31
127.407,0,Wall_3mx20cm_Wood_Panels (2),2.31,0.64,-0.31
127.434,0,Wall_3mx20cm_Wood_Panels (2),2.33,0.63,-0.31
127.476,0,Wall_3mx20cm_Wood_Panels (2),2.34,0.63,-0.31
127.504,0,Wall_3mx20cm_Wood_Panels (2),2.34,0.63,-0.31
127.532,0,Wall_3mx20cm_Wood_Panels (2),2.34,0.64,-0.31
127.574,0,Wall_3mx20cm_Wood_Panels (2),2.33,0.65,-0.31
127.602,0,Wall_3mx20cm_Wood_Panels (2),2.34,0.65,-0.31
127.644,0,Wall_3mx20cm_Wood_Panels (2),2.35,0.66,-0.31
127.671,0,Wall_3mx20cm_Wood_Panels (2),2.36,0.66,-0.31
127.700,0,Wall_3mx20cm_Wood_Panels (2),2.37,0.67,-0.31
127.741,0,Wall_3mx20cm_Wood_Panels (2),2.38,0.67,-0.31
127.769,0,Wall_3mx20cm_Wood_Panels (2),2.40,0.66,-0.31
127.811,0,Wall_3mx20cm_Wood_Panels (2),2.42,0.65,-0.31
127.839,0,Wall_3mx20cm_Wood_Panels (2),2.44,0.65,-0.31
127.868,0,Wall_3mx20cm_Wood_Panels (2),2.44,0.64,-0.31
127.909,0,Wall_3mx20cm_Wood_Panels (2),2.46,0.64,-0.31
127.937,0,Wall_3mx20cm_Wood_Panels (2),2.46,0.64,-0.31
127.978,0,Wall_3mx20cm_Wood_Panels (2),2.46,0.64,-0.31
128.006,0,Wall_3mx20cm_Wood_Panels (2),2.45,0.64,-0.31
128.034,0,Wall_3mx20cm_Wood_Panels (2),2.44,0.65,-0.31
128.075,0,Wall_3mx20cm_Wood_Panels (2),2.42,0.64,-0.31
128.103,0,Wall_3mx20cm_Wood_Panels (2),2.42,0.65,-0.31
128.145,0,Wall_3mx20cm_Wood_Panels (2),2.43,0.64,-0.31
128.171,0,Wall_3mx20cm_Wood_Panels (2),2.43,0.64,-0.31
128.200,0,Wall_3mx20cm_Wood_Panels (2),2.43,0.64,-0.31
128.241,0,Wall_3mx20cm_Wood_Panels (2),2.43,0.65,-0.31
128.269,0,Wall_3mx20cm_Wood_Panels (2),2.41,0.66,-0.31
128.312,0,Wall_3mx20cm_Wood_Panels (2),2.40,0.67,-0.31
128.339,0,Wall_3mx20cm_Wood_Panels (2),2.39,0.68,-0.31
128.367,0,Wall_3mx20cm_Wood_Panels (2),2.38,0.69,-0.31
128.410,0,Wall_3mx20cm_Wood_Panels (2),2.38,0.69,-0.31
128.438,0,Wall_3mx20cm_Wood_Panels (2),2.37,0.69,-0.31
128.465,0,Wall_3mx20cm_Wood_Panels (2),2.37,0.69,-0.31
128.507,0,Wall_3mx20cm_Wood_Panels (2),2.35,0.69,-0.31
128.534,0,Wall_3mx20cm_Wood_Panels (2),2.35,0.69,-0.31
128.576,0,Wall_3mx20cm_Wood_Panels (2),2.33,0.69,-0.31
128.604,0,Wall_3mx20cm_Wood_Panels (2),2.32,0.70,-0.31
128.632,0,Wall_3mx20cm_Wood_Panels (2),2.30,0.72,-0.31
128.674,0,Wall_3mx20cm_Wood_Panels (2),2.27,0.73,-0.31
128.703,0,Wall_3mx20cm_Wood_Panels (2),2.26,0.74,-0.31
128.745,0,Wall_3mx20cm_Wood_Panels (2),2.25,0.77,-0.31
128.771,0,Wall_3mx20cm_Wood_Panels (2),2.25,0.75,-0.31
128.799,0,Wall_3mx20cm_Wood_Panels (2),2.25,0.76,-0.31
128.840,0,Wall_3mx20cm_Wood_Panels (2),2.24,0.75,-0.31
128.867,0,Wall_3mx20cm_Wood_Panels (2),2.24,0.76,-0.31
128.908,0,Wall_3mx20cm_Wood_Panels (2),2.24,0.78,-0.31
128.936,0,Wall_3mx20cm_Wood_Panels (2),2.23,0.78,-0.31
128.981,0,Wall_3mx20cm_Wood_Panels (2),2.22,0.78,-0.31
129.007,0,Wall_3mx20cm_Wood_Panels (2),2.21,0.78,-0.31
129.034,0,Wall_3mx20cm_Wood_Panels (2),2.22,0.77,-0.31
129.077,0,Wall_3mx20cm_Wood_Panels (2),2.23,0.75,-0.31
129.105,0,Wall_3mx20cm_Wood_Panels (2),2.25,0.74,-0.31
129.133,0,Wall_3mx20cm_Wood_Panels (2),2.27,0.72,-0.31
129.175,0,Wall_3mx20cm_Wood_Panels (2),2.30,0.70,-0.31
129.203,0,Wall_3mx20cm_Wood_Panels (2),2.32,0.69,-0.31
129.244,0,Wall_3mx20cm_Wood_Panels (2),2.34,0.69,-0.31
129.273,0,Wall_3mx20cm_Wood_Panels (2),2.35,0.70,-0.31
129.300,0,Wall_3mx20cm_Wood_Panels (2),2.36,0.71,-0.31
129.342,0,Wall_3mx20cm_Wood_Panels (2),2.38,0.71,-0.31
129.370,0,Wall_3mx20cm_Wood_Panels (2),2.38,0.70,-0.31
129.412,0,Wall_3mx20cm_Wood_Panels (2),2.39,0.70,-0.31
129.439,0,Wall_3mx20cm_Wood_Panels (2),2.39,0.69,-0.31
129.467,0,Wall_3mx20cm_Wood_Panels (2),2.39,0.69,-0.31
129.509,0,Wall_3mx20cm_Wood_Panels (2),2.40,0.67,-0.31
129.537,0,Wall_3mx20cm_Wood_Panels (2),2.40,0.67,-0.31
129.578,0,Wall_3mx20cm_Wood_Panels (2),2.42,0.68,-0.31
129.607,0,Wall_3mx20cm_Wood_Panels (2),2.43,0.69,-0.31
129.635,0,Wall_3mx20cm_Wood_Panels (2),2.44,0.67,-0.31
129.676,0,Wall_3mx20cm_Wood_Panels (2),2.44,0.68,-0.31
129.704,0,Wall_3mx20cm_Wood_Panels (2),2.44,0.68,-0.31
129.746,0,Wall_3mx20cm_Wood_Panels (2),2.43,0.67,-0.31
129.774,0,Wall_3mx20cm_Wood_Panels (2),2.44,0.67,-0.31
129.803,0,Wall_3mx20cm_Wood_Panels (2),2.44,0.66,-0.31
129.844,0,Wall_3mx20cm_Wood_Panels (2),2.46,0.67,-0.31
129.871,0,Wall_3mx20cm_Wood_Panels (2),2.46,0.65,-0.31
129.900,0,Wall_3mx20cm_Wood_Panels (2),2.47,0.65,-0.31
129.943,0,Wall_3mx20cm_Wood_Panels (2),2.46,0.66,-0.31
129.970,0,Wall_3mx20cm_Wood_Panels (2),2.45,0.67,-0.31
130.011,0,Wall_3mx20cm_Wood_Panels (2),2.44,0.68,-0.31
130.040,0,Wall_3mx20cm_Wood_Panels (2),2.44,0.69,-0.31
130.068,0,Wall_3mx20cm_Wood_Panels (2),2.44,0.69,-0.31
130.109,0,Wall_3mx20cm_Wood_Panels (2),2.43,0.68,-0.31
130.136,0,Wall_3mx20cm_Wood_Panels (2),2.43,0.66,-0.31
130.178,0,Wall_3mx20cm_Wood_Panels (2),2.43,0.67,-0.31
130.205,0,Wall_3mx20cm_Wood_Panels (2),2.43,0.67,-0.31
130.235,0,Wall_3mx20cm_Wood_Panels (2),2.43,0.67,-0.31
130.276,0,Wall_3mx20cm_Wood_Panels (2),2.43,0.67,-0.31
130.304,0,Wall_3mx20cm_Wood_Panels (2),2.43,0.67,-0.31
130.346,0,Wall_3mx20cm_Wood_Panels (2),2.43,0.67,-0.31
130.374,0,Wall_3mx20cm_Wood_Panels (2),2.43,0.67,-0.31
130.402,0,Wall_3mx20cm_Wood_Panels (2),2.43,0.67,-0.31
130.444,0,Wall_3mx20cm_Wood_Panels (2),2.43,0.67,-0.31
130.471,0,Wall_3mx20cm_Wood_Panels (2),2.45,0.67,-0.31
130.500,0,Wall_3mx20cm_Wood_Panels (2),2.46,0.68,-0.31
130.541,0,Wall_3mx20cm_Wood_Panels (2),2.47,0.69,-0.31
130.569,0,Wall_3mx20cm_Wood_Panels (2),2.46,0.67,-0.31
130.612,0,Wall_3mx20cm_Wood_Panels (2),2.44,0.69,-0.31
130.640,0,Wall_3mx20cm_Wood_Panels (2),2.43,0.69,-0.31
130.668,0,Wall_3mx20cm_Wood_Panels (2),2.43,0.69,-0.31
130.709,0,Wall_3mx20cm_Wood_Panels (2),2.42,0.67,-0.31
130.737,0,Wall_3mx20cm_Wood_Panels (2),2.41,0.66,-0.31
130.780,0,Wall_3mx20cm_Wood_Panels (2),2.40,0.65,-0.31
130.807,0,Wall_3mx20cm_Wood_Panels (2),2.39,0.65,-0.31
130.835,0,Wall_3mx20cm_Wood_Panels (2),2.38,0.65,-0.31
130.876,0,Wall_3mx20cm_Wood_Panels (2),2.37,0.65,-0.31
130.904,0,Wall_3mx20cm_Wood_Panels (2),2.36,0.65,-0.31
130.946,0,Wall_3mx20cm_Wood_Panels (2),2.36,0.65,-0.31
130.972,0,Wall_3mx20cm_Wood_Panels (2),2.36,0.64,-0.31
131.000,0,Wall_3mx20cm_Wood_Panels (2),2.36,0.64,-0.31
131.044,0,Wall_3mx20cm_Wood_Panels (2),2.37,0.63,-0.31
131.070,0,Wall_3mx20cm_Wood_Panels (2),2.37,0.63,-0.31
131.112,0,Wall_3mx20cm_Wood_Panels (2),2.37,0.63,-0.31
131.154,0,Wall_3mx20cm_Wood_Panels (2),2.36,0.64,-0.31
131.167,0,Wall_3mx20cm_Wood_Panels (2),2.35,0.64,-0.31
131.210,0,Wall_3mx20cm_Wood_Panels (2),2.34,0.65,-0.31
131.235,0,Wall_3mx20cm_Wood_Panels (2),2.34,0.65,-0.31
131.278,0,Wall_3mx20cm_Wood_Panels (2),2.34,0.65,-0.31
131.306,0,Wall_3mx20cm_Wood_Panels (2),2.34,0.65,-0.31
131.333,0,Wall_3mx20cm_Wood_Panels (2),2.32,0.67,-0.31
131.374,0,Wall_3mx20cm_Wood_Panels (2),2.27,0.70,-0.31
131.402,0,Wall_3mx20cm_Wood_Panels (2),2.25,0.71,-0.31
131.445,0,Wall_3mx20cm_Wood_Panels (2),2.21,0.73,-0.31
131.473,0,Wall_3mx20cm_Wood_Panels (2),2.20,0.74,-0.31
131.500,0,Wall_3mx20cm_Wood_Panels (2),2.20,0.74,-0.31
131.541,0,Wall_3mx20cm_Wood_Panels (2),2.22,0.73,-0.31
131.571,0,Wall_3mx20cm_Wood_Panels (2),2.22,0.75,-0.31
131.612,0,Wall_3mx20cm_Wood_Panels (2),2.22,0.72,-0.31
131.640,0,Wall_3mx20cm_Wood_Panels (2),2.21,0.73,-0.31
131.667,0,Wall_3mx20cm_Wood_Panels (2),2.21,0.75,-0.31
131.709,0,Wall_3mx20cm_Wood_Panels (2),2.19,0.74,-0.31
131.736,0,Wall_3mx20cm_Wood_Panels (2),2.18,0.75,-0.31
131.777,0,Wall_3mx20cm_Wood_Panels (2),2.13,0.74,-0.31
131.806,0,Wall_3mx20cm_Wood_Panels (2),2.09,0.77,-0.31
131.834,0,Wall_3mx20cm_Wood_Panels (2),2.05,0.77,-0.31
131.875,0,Wall_3mx20cm_Wood_Panels (2),1.98,0.77,-0.31
131.904,0,Wall_3mx20cm_Wood_Panels (2),1.93,0.76,-0.31
131.945,0,Wall_3mx20cm_Wood_Panels (2),1.89,0.76,-0.31
131.972,0,Wall_3mx20cm_Wood_Panels (2),1.86,0.78,-0.31
132.000,0,Wall_3mx20cm_Wood_Panels (2),1.83,0.77,-0.31
132.044,0,Wall_3mx20cm_Wood_Panels (2),1.79,0.78,-0.31
132.072,0,Wall_3mx20cm_Wood_Panels (2),1.78,0.78,-0.31
132.112,0,Wall_3mx20cm_Wood_Panels (2),1.77,0.78,-0.31
132.140,0,Wall_3mx20cm_Wood_Panels (2),1.77,0.77,-0.31
132.168,0,Wall_3mx20cm_Wood_Panels (2),1.77,0.77,-0.31
132.211,0,Wall_3mx20cm_Wood_Panels (2),1.78,0.77,-0.31
132.238,0,Wall_3mx20cm_Wood_Panels (2),1.78,0.77,-0.31
132.279,0,Wall_3mx20cm_Wood_Panels (2),1.78,0.77,-0.31
132.306,0,Wall_3mx20cm_Wood_Panels (2),1.77,0.78,-0.31
132.347,0,Wall_3mx20cm_Wood_Panels (2),1.75,0.78,-0.31
132.374,0,Wall_3mx20cm_Wood_Panels (2),1.72,0.78,-0.31
132.401,0,Wall_3mx20cm_Wood_Panels (2),1.69,0.80,-0.31
132.445,0,Wall_3mx20cm_Wood_Panels (2),1.67,0.79,-0.31
132.472,0,Wall_3mx20cm_Wood_Panels (2),1.65,0.81,-0.31
132.501,0,Wall_3mx20cm_Wood_Panels (2),1.63,0.80,-0.31
132.543,0,Wall_3mx20cm_Wood_Panels (2),1.61,0.81,-0.31
132.572,0,Wall_3mx20cm_Wood_Panels (2),1.58,0.81,-0.31
132.600,0,Wall_3mx20cm_Wood_Panels (2),1.54,0.83,-0.31
132.641,0,Wall_3mx20cm_Wood_Panels (2),1.48,0.86,-0.31
132.669,0,Wall_3mx20cm_Wood_Panels (2),1.42,0.86,-0.31
132.711,0,Wall_3mx20cm_Door (1),1.41,0.89,-0.34
132.738,0,Wall_3mx20cm_Door (1),1.41,0.89,-0.37
132.767,0,Wall_3mx20cm_Door (1),1.41,0.87,-0.39
132.808,0,Wall_3mx20cm_Door (1),1.41,0.84,-0.44
132.837,0,Wall_3mx20cm_Door (1),1.41,0.84,-0.47
132.878,0,Wall_3mx20cm_Door (1),1.41,0.82,-0.51
132.906,0,Wall_3mx20cm_Door (1),1.41,0.81,-0.53
132.934,0,Wall_3mx20cm_Door (1),1.41,0.80,-0.56
132.976,0,Wall_3mx20cm_Door (1),1.41,0.80,-0.60
133.004,0,Wall_3mx20cm_Door (1),1.41,0.80,-0.63
133.046,0,Wall_3mx20cm_Door (1),1.41,0.79,-0.66
133.074,0,Wall_3mx20cm_Door (1),1.41,0.77,-0.69
133.102,0,Wall_3mx20cm_Door (1),1.41,0.75,-0.75
133.143,0,Wall_3mx20cm_Door (1),1.41,0.73,-0.84
133.172,0,Wall_3mx20cm_Door (1),1.41,0.74,-0.93
133.213,0,Wall_3mx20cm_Conference_Door,1.41,0.77,-1.15
133.241,0,Wall_3mx20cm_Conference_Door,1.41,0.75,-1.31
133.269,0,Wall_3mx20cm_Conference_Door,1.41,0.74,-1.48
133.311,0,Timer,1.47,0.74,-1.72
133.339,0,Timer,1.47,0.74,-1.88
133.367,0,Timer,1.47,0.74,-2.02
133.409,0,Timer,1.47,0.70,-2.21
133.437,0,Timer,1.47,0.65,-2.32
133.479,0,Timer,1.47,0.52,-2.46
133.507,0,Timer,1.47,0.43,-2.54
133.535,0,Wall_3mx20cm_Conference_Door,1.28,0.35,-2.65
133.577,0,Conference_Room_Door_R,1.33,0.14,-2.76
133.605,0,Conference_Room_Door_R,1.33,0.01,-2.84
133.633,0,Conference_Room_Door_R,1.33,-0.13,-2.94
133.675,0,Conference_Room_Door_R,1.33,-0.36,-3.08
133.703,0,Conference_Room_Door_R,1.33,-0.48,-3.17
133.745,0,Conference_Room_Door_R,1.33,-0.63,-3.27
133.774,0,Conference_Room_Door_R,1.33,-0.73,-3.30
133.801,0,Conference_Room_Door_R,1.33,-0.82,-3.32
133.842,0,Auto Hand Player,6.64,-0.75,-1.87
133.869,0,Auto Hand Player,6.64,-0.75,-1.87
133.912,0,Auto Hand Player,6.64,-0.75,-1.87
133.939,0,Conference_Room_Door_R,1.33,-1.00,-3.13
133.967,0,Conference_Room_Door_R,1.33,-1.01,-3.05
134.009,0,Conference_Room_Door_R,1.33,-1.07,-2.92
134.037,0,Conference_Room_Door_R,1.33,-1.08,-2.82
134.080,0,Conference_Room_Door_R,1.33,-1.15,-2.67
134.107,0,Conference_Room_Door_L,1.33,-1.19,-2.56
134.135,0,Auto Hand Player,6.63,-0.76,-1.85
134.177,0,Auto Hand Player,6.63,-0.76,-1.85
134.204,0,Auto Hand Player,6.63,-0.76,-1.84
134.246,0,Auto Hand Player,6.62,-0.76,-1.84
134.274,0,Chair_2 (9),4.30,-1.13,-1.87
134.302,0,Auto Hand Player,6.62,-0.77,-1.84
134.344,0,Auto Hand Player,6.62,-0.77,-1.83
134.372,0,Auto Hand Player,6.62,-0.77,-1.83
134.414,0,Conference_table,5.07,-1.10,-1.71
134.443,0,Auto Hand Player,6.62,-0.77,-1.82
134.470,0,Auto Hand Player,6.62,-0.77,-1.82
134.513,0,Auto Hand Player,6.61,-0.78,-1.82
134.541,0,Auto Hand Player,6.61,-0.78,-1.82
134.567,0,Auto Hand Player,6.61,-0.78,-1.82
134.610,0,Auto Hand Player,6.61,-0.78,-1.81
134.636,0,Auto Hand Player,6.61,-0.78,-1.81
134.677,0,Auto Hand Player,6.61,-0.78,-1.81
134.704,0,Auto Hand Player,6.61,-0.78,-1.81
134.747,0,Auto Hand Player,6.61,-0.78,-1.81
134.774,0,Auto Hand Player,6.61,-0.78,-1.81
134.802,0,Auto Hand Player,6.61,-0.78,-1.81
134.845,0,Auto Hand Player,6.61,-0.78,-1.81
134.872,0,Auto Hand Player,6.61,-0.78,-1.81
134.913,0,Conference_table,5.23,-1.10,-1.65
134.942,0,Conference_table,5.23,-1.10,-1.64
134.970,0,Conference_table,5.23,-1.10,-1.64
135.011,0,Auto Hand Player,6.61,-0.78,-1.81
135.039,0,Auto Hand Player,6.61,-0.78,-1.81
135.067,0,Auto Hand Player,6.61,-0.78,-1.81
135.109,0,Auto Hand Player,6.61,-0.77,-1.81
135.136,0,Auto Hand Player,6.61,-0.77,-1.81
135.179,0,Auto Hand Player,6.61,-0.77,-1.81
135.207,0,Auto Hand Player,6.61,-0.77,-1.81
135.236,0,Auto Hand Player,6.61,-0.77,-1.81
135.276,0,Auto Hand Player,6.62,-0.77,-1.81
135.304,0,Auto Hand Player,6.62,-0.77,-1.81
135.346,0,Auto Hand Player,6.62,-0.77,-1.81
135.373,0,Auto Hand Player,6.62,-0.77,-1.81
135.402,0,Auto Hand Player,6.62,-0.77,-1.81
135.443,0,Auto Hand Player,6.62,-0.77,-1.81
135.471,0,Auto Hand Player,6.62,-0.77,-1.81
135.512,0,Auto Hand Player,6.62,-0.77,-1.81
135.542,0,Auto Hand Player,6.62,-0.77,-1.81
135.569,0,Auto Hand Player,6.62,-0.77,-1.81
135.611,0,Auto Hand Player,6.62,-0.77,-1.81
135.637,0,Auto Hand Player,6.62,-0.77,-1.81
135.680,0,Auto Hand Player,6.62,-0.77,-1.81
135.707,0,Auto Hand Player,6.61,-0.77,-1.81
135.735,0,Auto Hand Player,6.61,-0.77,-1.81
135.777,0,Auto Hand Player,6.61,-0.77,-1.82
135.805,0,Auto Hand Player,6.61,-0.77,-1.82
135.849,0,Auto Hand Player,6.61,-0.77,-1.82
135.874,0,Auto Hand Player,6.61,-0.77,-1.82
135.902,0,Auto Hand Player,6.61,-0.77,-1.82
135.945,0,Auto Hand Player,6.61,-0.77,-1.82
135.972,0,Auto Hand Player,6.61,-0.77,-1.82
136.014,0,Auto Hand Player,6.61,-0.77,-1.82
136.042,0,Auto Hand Player,6.61,-0.77,-1.82
136.069,0,Auto Hand Player,6.61,-0.77,-1.82
136.111,0,Auto Hand Player,6.61,-0.77,-1.83
136.141,0,Auto Hand Player,6.61,-0.77,-1.83
136.180,0,Auto Hand Player,6.60,-0.77,-1.83
136.208,0,Auto Hand Player,6.60,-0.77,-1.83
136.236,0,Auto Hand Player,6.59,-0.77,-1.83
136.279,0,Auto Hand Player,6.59,-0.77,-1.83
136.306,0,Auto Hand Player,6.58,-0.77,-1.83
136.334,0,Conference_table,5.23,-1.10,-1.41
136.376,0,Auto Hand Player,6.56,-0.78,-1.82
136.404,0,Auto Hand Player,6.56,-0.78,-1.82
136.446,0,Conference_table,5.46,-1.10,-1.45
136.474,0,Auto Hand Player,6.54,-0.78,-1.81
136.502,0,Conference_table,5.60,-1.10,-1.48
136.546,0,Auto Hand Player,6.52,-0.79,-1.81
136.572,0,Conference_table,5.68,-1.10,-1.49
136.614,0,Auto Hand Player,6.50,-0.79,-1.80
136.642,0,Conference_table,5.59,-1.10,-1.46
136.670,0,Auto Hand Player,6.49,-0.79,-1.79
136.712,0,Auto Hand Player,6.48,-0.78,-1.79
136.739,0,Auto Hand Player,6.48,-0.78,-1.78
136.768,0,Auto Hand Player,6.48,-0.78,-1.78
136.809,0,Conference_table,5.46,-1.10,-1.43
136.836,0,Auto Hand Player,6.47,-0.78,-1.77
136.879,0,Auto Hand Player,6.47,-0.78,-1.76
136.906,0,Auto Hand Player,6.47,-0.77,-1.76
136.934,0,Auto Hand Player,6.46,-0.77,-1.75
136.975,0,Auto Hand Player,6.46,-0.77,-1.75
137.003,0,Auto Hand Player,6.46,-0.77,-1.74
137.044,0,Auto Hand Player,6.45,-0.77,-1.74
137.071,0,Auto Hand Player,6.45,-0.77,-1.74
137.114,0,Auto Hand Player,6.45,-0.77,-1.73
137.142,0,Auto Hand Player,6.44,-0.77,-1.73
137.170,0,Auto Hand Player,6.44,-0.77,-1.73
137.211,0,Conference_table,5.61,-1.10,-1.47
137.240,0,Auto Hand Player,6.43,-0.77,-1.72
137.281,0,Auto Hand Player,6.43,-0.77,-1.72
137.308,0,Auto Hand Player,6.42,-0.77,-1.72
137.336,0,Conference_table,5.68,-1.10,-1.50
137.379,0,Auto Hand Player,6.41,-0.78,-1.72
137.406,0,Auto Hand Player,6.41,-0.78,-1.72
137.434,0,Auto Hand Player,6.41,-0.78,-1.72
137.476,0,Conference_table,5.74,-1.10,-1.52
137.504,0,Auto Hand Player,6.40,-0.78,-1.72
137.546,0,Auto Hand Player,6.40,-0.78,-1.71
137.573,0,Auto Hand Player,6.40,-0.78,-1.71
137.601,0,Auto Hand Player,6.40,-0.78,-1.71
137.644,0,Auto Hand Player,6.39,-0.78,-1.71
137.671,0,Auto Hand Player,6.39,-0.78,-1.71
137.713,0,Auto Hand Player,6.39,-0.78,-1.71
137.741,0,Auto Hand Player,6.39,-0.78,-1.71
137.769,0,Auto Hand Player,6.38,-0.78,-1.71
137.810,0,Auto Hand Player,6.38,-0.78,-1.71
137.838,0,Auto Hand Player,6.38,-0.78,-1.71
137.879,0,Auto Hand Player,6.38,-0.78,-1.71
137.908,0,Conference_table,5.79,-1.10,-1.54
137.935,0,Auto Hand Player,6.37,-0.78,-1.71
137.976,0,Auto Hand Player,6.37,-0.78,-1.71
138.004,0,Auto Hand Player,6.37,-0.78,-1.70
138.045,0,Auto Hand Player,6.36,-0.79,-1.70
138.073,0,Auto Hand Player,6.36,-0.79,-1.70
138.115,0,Conference_table,5.80,-1.10,-1.54
138.141,0,Auto Hand Player,6.36,-0.79,-1.70
138.169,0,Auto Hand Player,6.36,-0.79,-1.70
138.210,0,Auto Hand Player,6.35,-0.79,-1.70
138.239,0,Auto Hand Player,6.35,-0.79,-1.70
138.281,0,Auto Hand Player,6.35,-0.79,-1.70
138.309,0,Auto Hand Player,6.35,-0.79,-1.70
138.337,0,Auto Hand Player,6.34,-0.79,-1.70
138.378,0,Auto Hand Player,6.34,-0.79,-1.70
138.406,0,Auto Hand Player,6.34,-0.79,-1.70
138.434,0,Auto Hand Player,6.34,-0.79,-1.70
138.476,0,Auto Hand Player,6.34,-0.79,-1.70
138.504,0,Auto Hand Player,6.34,-0.79,-1.70
138.545,0,Auto Hand Player,6.34,-0.79,-1.70
138.573,0,Auto Hand Player,6.33,-0.79,-1.70
138.615,0,Auto Hand Player,6.33,-0.79,-1.70
138.642,0,Auto Hand Player,6.33,-0.79,-1.70
138.670,0,Auto Hand Player,6.33,-0.79,-1.70
138.713,0,Auto Hand Player,6.33,-0.79,-1.70
138.740,0,Auto Hand Player,6.33,-0.78,-1.70
138.768,0,Auto Hand Player,6.33,-0.78,-1.70
138.810,0,Auto Hand Player,6.33,-0.78,-1.70
138.838,0,Auto Hand Player,6.33,-0.78,-1.70
138.880,0,Auto Hand Player,6.33,-0.78,-1.70
138.908,0,Auto Hand Player,6.33,-0.78,-1.70
138.936,0,Auto Hand Player,6.33,-0.78,-1.69
138.978,0,Auto Hand Player,6.33,-0.78,-1.69
139.005,0,Auto Hand Player,6.34,-0.78,-1.69
139.048,0,Auto Hand Player,6.34,-0.78,-1.69
139.075,0,Auto Hand Player,6.34,-0.78,-1.69
139.103,0,Auto Hand Player,6.34,-0.78,-1.68
139.145,0,Auto Hand Player,6.34,-0.78,-1.68
139.173,0,Auto Hand Player,6.34,-0.78,-1.68
139.201,0,Auto Hand Player,6.34,-0.77,-1.68
139.243,0,Auto Hand Player,6.34,-0.77,-1.68
139.271,0,Auto Hand Player,6.34,-0.77,-1.68
139.313,0,Auto Hand Player,6.34,-0.77,-1.68
139.341,0,Auto Hand Player,6.34,-0.77,-1.68
139.369,0,Auto Hand Player,6.34,-0.77,-1.68
139.411,0,Auto Hand Player,6.34,-0.77,-1.68
139.440,0,Auto Hand Player,6.34,-0.77,-1.67
139.468,0,Auto Hand Player,6.33,-0.77,-1.67
139.508,0,Auto Hand Player,6.33,-0.77,-1.67
139.537,0,Auto Hand Player,6.33,-0.77,-1.67
139.578,0,Auto Hand Player,6.33,-0.77,-1.67
139.606,0,Auto Hand Player,6.33,-0.77,-1.67
139.648,0,Auto Hand Player,6.33,-0.77,-1.67
139.676,0,Auto Hand Player,6.33,-0.77,-1.67
139.704,0,Auto Hand Player,6.33,-0.77,-1.67
139.746,0,Auto Hand Player,6.33,-0.77,-1.67
139.773,0,Auto Hand Player,6.33,-0.77,-1.67
139.814,0,Auto Hand Player,6.33,-0.77,-1.67
139.842,0,Auto Hand Player,6.32,-0.78,-1.67
139.869,0,Auto Hand Player,6.32,-0.78,-1.67
139.912,0,Auto Hand Player,6.32,-0.78,-1.67
139.939,0,Auto Hand Player,6.32,-0.78,-1.67
139.981,0,Auto Hand Player,6.32,-0.78,-1.67
140.010,0,Auto Hand Player,6.32,-0.77,-1.67
140.038,0,Auto Hand Player,6.32,-0.77,-1.67
140.080,0,Auto Hand Player,6.32,-0.77,-1.67
140.108,0,Auto Hand Player,6.32,-0.77,-1.67
140.136,0,Auto Hand Player,6.32,-0.77,-1.67
140.177,0,Auto Hand Player,6.32,-0.77,-1.67
140.205,0,Auto Hand Player,6.31,-0.77,-1.67
140.247,0,Auto Hand Player,6.31,-0.78,-1.67
140.275,0,Auto Hand Player,6.31,-0.78,-1.67
140.303,0,Auto Hand Player,6.31,-0.77,-1.67
140.345,0,Auto Hand Player,6.32,-0.77,-1.67
140.373,0,Auto Hand Player,6.32,-0.77,-1.67
140.401,0,Auto Hand Player,6.32,-0.77,-1.67
140.442,0,Auto Hand Player,6.32,-0.77,-1.67
140.470,0,Auto Hand Player,6.32,-0.77,-1.67
140.512,0,Auto Hand Player,6.32,-0.77,-1.66
140.540,0,Auto Hand Player,6.32,-0.77,-1.67
140.580,0,Auto Hand Player,6.32,-0.77,-1.67
140.608,0,Auto Hand Player,6.32,-0.77,-1.67
140.636,0,Auto Hand Player,6.32,-0.77,-1.67
140.677,0,Auto Hand Player,6.32,-0.77,-1.67
140.705,0,Auto Hand Player,6.32,-0.77,-1.67
140.746,0,Auto Hand Player,6.32,-0.77,-1.66
140.773,0,Auto Hand Player,6.32,-0.77,-1.66
140.814,0,Auto Hand Player,6.32,-0.77,-1.66
140.842,0,Auto Hand Player,6.32,-0.77,-1.66
140.870,0,Auto Hand Player,6.32,-0.77,-1.66
140.913,0,Auto Hand Player,6.32,-0.76,-1.66
140.940,0,Auto Hand Player,6.32,-0.76,-1.66
140.968,0,Auto Hand Player,6.32,-0.76,-1.66
141.009,0,Auto Hand Player,6.32,-0.76,-1.66
141.037,0,Auto Hand Player,6.32,-0.77,-1.66
141.079,0,Auto Hand Player,6.32,-0.77,-1.66
141.106,0,Auto Hand Player,6.32,-0.77,-1.66
141.135,0,Auto Hand Player,6.31,-0.77,-1.66
141.178,0,Auto Hand Player,6.32,-0.76,-1.66
141.204,0,Auto Hand Player,6.32,-0.76,-1.66
141.247,0,Auto Hand Player,6.32,-0.77,-1.65
141.275,0,Auto Hand Player,6.32,-0.76,-1.65
141.302,0,Auto Hand Player,6.32,-0.76,-1.65
141.344,0,Auto Hand Player,6.32,-0.76,-1.65
141.373,0,Auto Hand Player,6.32,-0.76,-1.65
141.414,0,Auto Hand Player,6.32,-0.76,-1.65
141.441,0,Auto Hand Player,6.32,-0.76,-1.65
141.469,0,Auto Hand Player,6.32,-0.76,-1.65
141.511,0,Auto Hand Player,6.32,-0.76,-1.65
141.540,0,Auto Hand Player,6.32,-0.76,-1.65
141.581,0,Auto Hand Player,6.32,-0.76,-1.65
141.609,0,Auto Hand Player,6.32,-0.76,-1.65
141.637,0,Auto Hand Player,6.32,-0.76,-1.65
141.679,0,Auto Hand Player,6.32,-0.76,-1.65
141.707,0,Auto Hand Player,6.32,-0.76,-1.65
141.735,0,Auto Hand Player,6.32,-0.76,-1.65
141.777,0,Auto Hand Player,6.32,-0.76,-1.65
141.805,0,Auto Hand Player,6.32,-0.76,-1.65
141.847,0,Auto Hand Player,6.32,-0.76,-1.65
141.875,0,Auto Hand Player,6.32,-0.76,-1.65
141.902,0,Auto Hand Player,6.32,-0.76,-1.65
141.945,0,Auto Hand Player,6.32,-0.76,-1.65
141.972,0,Auto Hand Player,6.32,-0.76,-1.65
142.014,0,Auto Hand Player,6.32,-0.76,-1.65
142.042,0,Auto Hand Player,6.32,-0.76,-1.65
142.070,0,Auto Hand Player,6.32,-0.76,-1.65
142.113,0,Auto Hand Player,6.32,-0.76,-1.65
142.141,0,Auto Hand Player,6.31,-0.76,-1.65
142.169,0,Auto Hand Player,6.31,-0.76,-1.65
142.210,0,Auto Hand Player,6.31,-0.76,-1.65
142.239,0,Auto Hand Player,6.31,-0.76,-1.64
142.281,0,Auto Hand Player,6.31,-0.76,-1.64
142.308,0,Auto Hand Player,6.31,-0.76,-1.64
142.336,0,Auto Hand Player,6.31,-0.76,-1.64
142.377,0,Auto Hand Player,6.31,-0.76,-1.64
142.405,0,Auto Hand Player,6.31,-0.76,-1.64
142.446,0,Auto Hand Player,6.31,-0.76,-1.64
142.474,0,Auto Hand Player,6.31,-0.76,-1.64
142.515,0,Auto Hand Player,6.32,-0.76,-1.64
142.544,0,Auto Hand Player,6.32,-0.76,-1.64
142.571,0,Auto Hand Player,6.32,-0.76,-1.64
142.612,0,Auto Hand Player,6.32,-0.76,-1.64
142.641,0,Auto Hand Player,6.32,-0.76,-1.64
142.668,0,Auto Hand Player,6.32,-0.76,-1.64
142.710,0,Auto Hand Player,6.32,-0.76,-1.64
142.738,0,Auto Hand Player,6.32,-0.76,-1.64
142.780,0,Auto Hand Player,6.32,-0.76,-1.64
142.807,0,Auto Hand Player,6.32,-0.76,-1.64
142.849,0,Auto Hand Player,6.32,-0.76,-1.64
142.876,0,Auto Hand Player,6.32,-0.76,-1.64
142.904,0,Auto Hand Player,6.32,-0.76,-1.64
142.946,0,Auto Hand Player,6.32,-0.76,-1.64
142.974,0,Auto Hand Player,6.32,-0.76,-1.64
143.003,0,Auto Hand Player,6.32,-0.76,-1.64
143.044,0,Auto Hand Player,6.32,-0.76,-1.64
143.072,0,Auto Hand Player,6.32,-0.76,-1.64
143.114,0,Auto Hand Player,6.32,-0.76,-1.64
143.141,0,Auto Hand Player,6.32,-0.76,-1.64
143.169,0,Auto Hand Player,6.32,-0.76,-1.64
143.212,0,Auto Hand Player,6.32,-0.76,-1.64
143.239,0,Wall_3mx20cm_Wood_Panels (2),1.81,-1.61,-0.31
143.280,0,Auto Hand Player,6.32,-0.76,-1.64
143.308,0,Auto Hand Player,6.32,-0.76,-1.64
143.336,0,Auto Hand Player,6.32,-0.76,-1.64
143.378,0,Auto Hand Player,6.32,-0.76,-1.64
143.406,0,Auto Hand Player,6.32,-0.76,-1.64
143.447,0,Wall_3mx20cm_Wood_Panels (2),1.87,-1.59,-0.31
143.475,0,Auto Hand Player,6.32,-0.76,-1.64
143.502,0,Auto Hand Player,6.32,-0.76,-1.64
143.545,0,Auto Hand Player,6.32,-0.76,-1.64
143.572,0,Auto Hand Player,6.32,-0.76,-1.64
143.614,0,Auto Hand Player,6.32,-0.76,-1.64
143.642,0,Auto Hand Player,6.32,-0.76,-1.64
143.670,0,Auto Hand Player,6.32,-0.76,-1.64
143.712,0,Auto Hand Player,6.32,-0.76,-1.64
143.738,0,Auto Hand Player,6.32,-0.76,-1.64
143.780,0,Auto Hand Player,6.32,-0.76,-1.64
143.807,0,Auto Hand Player,6.32,-0.76,-1.64
143.835,0,Auto Hand Player,6.32,-0.76,-1.64
143.878,0,Auto Hand Player,6.32,-0.76,-1.64
143.905,0,Auto Hand Player,6.32,-0.76,-1.64
143.947,0,Auto Hand Player,6.32,-0.76,-1.64
143.975,0,Auto Hand Player,6.32,-0.76,-1.64
144.003,0,Auto Hand Player,6.32,-0.76,-1.64
144.045,0,Auto Hand Player,6.32,-0.76,-1.64
144.073,0,Auto Hand Player,6.32,-0.76,-1.64
144.114,0,Auto Hand Player,6.32,-0.76,-1.64
144.142,0,Auto Hand Player,6.32,-0.76,-1.64
144.171,0,Auto Hand Player,6.32,-0.76,-1.64
144.212,0,Auto Hand Player,6.32,-0.76,-1.64
144.239,0,Auto Hand Player,6.32,-0.76,-1.64
144.282,0,Auto Hand Player,6.32,-0.76,-1.64
144.310,0,Auto Hand Player,6.32,-0.76,-1.64
144.338,0,Auto Hand Player,6.32,-0.76,-1.64
144.380,0,Auto Hand Player,6.32,-0.76,-1.64
144.408,0,Auto Hand Player,6.32,-0.76,-1.64
144.436,0,Auto Hand Player,6.32,-0.76,-1.64
144.477,0,Auto Hand Player,6.32,-0.76,-1.64
144.505,0,Auto Hand Player,6.32,-0.76,-1.64
144.547,0,Auto Hand Player,6.32,-0.76,-1.64
144.575,0,Auto Hand Player,6.32,-0.76,-1.64
144.604,0,Auto Hand Player,6.32,-0.76,-1.64
144.645,0,Auto Hand Player,6.32,-0.76,-1.64
144.673,0,Auto Hand Player,6.32,-0.76,-1.64
144.715,0,Auto Hand Player,6.32,-0.76,-1.64
144.742,0,Auto Hand Player,6.32,-0.76,-1.64
144.771,0,Auto Hand Player,6.32,-0.76,-1.64
144.813,0,Auto Hand Player,6.32,-0.76,-1.64
144.840,0,Auto Hand Player,6.32,-0.76,-1.64
144.869,0,Auto Hand Player,6.32,-0.76,-1.64
144.911,0,Auto Hand Player,6.32,-0.76,-1.64
144.939,0,Auto Hand Player,6.32,-0.76,-1.64
144.981,0,Auto Hand Player,6.32,-0.76,-1.64
145.010,0,Auto Hand Player,6.32,-0.76,-1.64
145.036,0,Auto Hand Player,6.32,-0.76,-1.64
145.079,0,Auto Hand Player,6.32,-0.76,-1.64
145.107,0,Auto Hand Player,6.32,-0.76,-1.64
145.149,0,Auto Hand Player,6.32,-0.76,-1.64
145.176,0,Auto Hand Player,6.32,-0.76,-1.64
145.205,0,Auto Hand Player,6.32,-0.76,-1.64
145.246,0,Auto Hand Player,6.32,-0.76,-1.64
145.273,0,Auto Hand Player,6.32,-0.76,-1.64
145.315,0,Auto Hand Player,6.32,-0.76,-1.64
145.342,0,Auto Hand Player,6.32,-0.76,-1.64
145.369,0,Auto Hand Player,6.32,-0.76,-1.64
145.411,0,Auto Hand Player,6.32,-0.76,-1.64
145.438,0,Auto Hand Player,6.32,-0.76,-1.64
145.480,0,Auto Hand Player,6.32,-0.76,-1.64
145.507,0,Auto Hand Player,6.32,-0.76,-1.64
145.550,0,Auto Hand Player,6.32,-0.76,-1.64
145.578,0,Auto Hand Player,6.32,-0.76,-1.64
145.605,0,Auto Hand Player,6.32,-0.76,-1.64
145.646,0,Auto Hand Player,6.32,-0.76,-1.64
145.674,0,Auto Hand Player,6.32,-0.76,-1.64
145.716,0,Auto Hand Player,6.32,-0.76,-1.64
145.744,0,Auto Hand Player,6.32,-0.76,-1.64
145.772,0,Auto Hand Player,6.32,-0.76,-1.64
145.814,0,Auto Hand Player,6.32,-0.76,-1.64
145.841,0,Auto Hand Player,6.32,-0.76,-1.64
145.870,0,Auto Hand Player,6.32,-0.76,-1.64
145.911,0,Auto Hand Player,6.32,-0.76,-1.64
145.940,0,Auto Hand Player,6.32,-0.76,-1.64
145.980,0,Auto Hand Player,6.32,-0.76,-1.64
146.007,0,Auto Hand Player,6.32,-0.76,-1.64
146.050,0,Auto Hand Player,6.32,-0.76,-1.64
146.078,0,Auto Hand Player,6.32,-0.76,-1.64
146.104,0,Auto Hand Player,6.32,-0.76,-1.64
146.147,0,Auto Hand Player,6.32,-0.76,-1.64
146.175,0,Auto Hand Player,6.32,-0.76,-1.64
146.216,0,Auto Hand Player,6.32,-0.76,-1.64
146.243,0,Auto Hand Player,6.32,-0.76,-1.64
146.271,0,Auto Hand Player,6.32,-0.76,-1.64
146.314,0,Auto Hand Player,6.32,-0.75,-1.64
146.342,0,Auto Hand Player,6.32,-0.75,-1.64
146.370,0,Auto Hand Player,6.32,-0.75,-1.64
146.412,0,Auto Hand Player,6.32,-0.75,-1.64
146.438,0,Auto Hand Player,6.32,-0.75,-1.64
146.479,0,Auto Hand Player,6.32,-0.75,-1.64
146.507,0,Auto Hand Player,6.32,-0.75,-1.64
146.536,0,Auto Hand Player,6.32,-0.75,-1.64
146.578,0,Auto Hand Player,6.32,-0.75,-1.65
146.606,0,Auto Hand Player,6.32,-0.75,-1.65
146.647,0,Auto Hand Player,6.32,-0.75,-1.65
146.674,0,Auto Hand Player,6.32,-0.75,-1.65
146.703,0,Auto Hand Player,6.32,-0.75,-1.65
146.745,0,Auto Hand Player,6.32,-0.75,-1.65
146.773,0,Auto Hand Player,6.32,-0.75,-1.65
146.815,0,Auto Hand Player,6.32,-0.75,-1.65
146.842,0,Auto Hand Player,6.32,-0.75,-1.65
146.870,0,Auto Hand Player,6.32,-0.75,-1.65
146.912,0,Auto Hand Player,6.32,-0.75,-1.65
146.940,0,Auto Hand Player,6.32,-0.75,-1.65
146.981,0,Auto Hand Player,6.32,-0.75,-1.65
147.009,0,Auto Hand Player,6.32,-0.75,-1.65
147.037,0,Auto Hand Player,6.32,-0.75,-1.65
147.080,0,Auto Hand Player,6.32,-0.75,-1.65
147.107,0,Auto Hand Player,6.32,-0.75,-1.65
147.149,0,Auto Hand Player,6.32,-0.75,-1.65
147.179,0,Auto Hand Player,6.32,-0.75,-1.65
147.204,0,Auto Hand Player,6.32,-0.75,-1.65
147.246,0,Auto Hand Player,6.32,-0.75,-1.65
147.273,0,Auto Hand Player,6.32,-0.75,-1.65
147.316,0,Auto Hand Player,6.32,-0.75,-1.65
147.344,0,Auto Hand Player,6.32,-0.75,-1.65
147.372,0,Auto Hand Player,6.32,-0.75,-1.65
147.414,0,Auto Hand Player,6.32,-0.75,-1.65
147.443,0,Auto Hand Player,6.32,-0.75,-1.65
147.470,0,Auto Hand Player,6.32,-0.75,-1.65
147.511,0,Auto Hand Player,6.32,-0.75,-1.64
147.540,0,Auto Hand Player,6.32,-0.75,-1.64
147.582,0,Auto Hand Player,6.32,-0.75,-1.64
147.609,0,Auto Hand Player,6.32,-0.75,-1.64
147.637,0,Auto Hand Player,6.32,-0.75,-1.64
147.679,0,Auto Hand Player,6.32,-0.75,-1.64
147.707,0,Auto Hand Player,6.32,-0.75,-1.64
147.749,0,Auto Hand Player,6.32,-0.75,-1.64
147.777,0,Auto Hand Player,6.32,-0.75,-1.64
147.805,0,Auto Hand Player,6.32,-0.75,-1.64
147.847,0,Auto Hand Player,6.32,-0.75,-1.64
147.874,0,Auto Hand Player,6.32,-0.75,-1.64
147.916,0,Auto Hand Player,6.32,-0.75,-1.64
147.946,0,Auto Hand Player,6.32,-0.75,-1.64
147.973,0,Auto Hand Player,6.32,-0.75,-1.64
148.015,0,Auto Hand Player,6.32,-0.75,-1.64
148.043,0,Auto Hand Player,6.32,-0.75,-1.64
148.071,0,Auto Hand Player,6.32,-0.75,-1.64
148.114,0,Auto Hand Player,6.32,-0.75,-1.64
148.140,0,Auto Hand Player,6.32,-0.75,-1.64
148.182,0,Auto Hand Player,6.32,-0.75,-1.64
148.209,0,Auto Hand Player,6.32,-0.75,-1.64
148.238,0,Auto Hand Player,6.32,-0.75,-1.64
148.281,0,Auto Hand Player,6.33,-0.75,-1.64
148.311,0,Auto Hand Player,6.33,-0.75,-1.64
148.350,0,Auto Hand Player,6.33,-0.75,-1.64
148.376,0,Auto Hand Player,6.33,-0.75,-1.64
148.404,0,Auto Hand Player,6.33,-0.75,-1.64
148.445,0,Auto Hand Player,6.33,-0.75,-1.64
148.473,0,Auto Hand Player,6.33,-0.75,-1.64
148.515,0,Auto Hand Player,6.33,-0.75,-1.64
148.542,0,Auto Hand Player,6.33,-0.75,-1.64
148.584,0,Auto Hand Player,6.33,-0.75,-1.64
148.611,0,Wall_3mx20cm_Wood_Panels (2),2.14,-1.29,-0.31
148.639,0,Auto Hand Player,6.33,-0.75,-1.64
148.681,0,Auto Hand Player,6.33,-0.75,-1.64
148.709,0,Auto Hand Player,6.33,-0.75,-1.64
148.737,0,Auto Hand Player,6.33,-0.75,-1.64
148.779,0,Auto Hand Player,6.33,-0.75,-1.64
148.806,0,Auto Hand Player,6.32,-0.75,-1.64
148.848,0,Auto Hand Player,6.33,-0.75,-1.64
148.876,0,Auto Hand Player,6.33,-0.75,-1.64
148.904,0,Auto Hand Player,6.33,-0.75,-1.64
148.946,0,Auto Hand Player,6.32,-0.75,-1.64
148.973,0,Auto Hand Player,6.32,-0.75,-1.64
149.015,0,Auto Hand Player,6.33,-0.75,-1.64
149.043,0,Auto Hand Player,6.33,-0.75,-1.64
149.071,0,Auto Hand Player,6.33,-0.75,-1.64
149.112,0,Auto Hand Player,6.32,-0.75,-1.64
149.141,0,Auto Hand Player,6.32,-0.75,-1.64
149.181,0,Auto Hand Player,6.32,-0.75,-1.64
149.206,0,Auto Hand Player,6.33,-0.75,-1.64
149.247,0,Auto Hand Player,6.32,-0.75,-1.64
149.273,0,Auto Hand Player,6.32,-0.75,-1.64
149.315,0,Auto Hand Player,6.32,-0.75,-1.64
149.343,0,Auto Hand Player,6.32,-0.75,-1.64
149.372,0,Auto Hand Player,6.32,-0.75,-1.64
149.415,0,Auto Hand Player,6.32,-0.75,-1.64
149.443,0,Auto Hand Player,6.32,-0.75,-1.64
149.471,0,Auto Hand Player,6.32,-0.75,-1.64
149.513,0,Auto Hand Player,6.32,-0.75,-1.64
149.542,0,Auto Hand Player,6.32,-0.75,-1.64
149.583,0,Auto Hand Player,6.32,-0.75,-1.64
149.611,0,Auto Hand Player,6.32,-0.75,-1.64
149.641,0,Auto Hand Player,6.32,-0.75,-1.64
149.682,0,Auto Hand Player,6.32,-0.75,-1.64
149.709,0,Auto Hand Player,6.32,-0.75,-1.64
149.737,0,Auto Hand Player,6.32,-0.75,-1.64
149.779,0,Auto Hand Player,6.32,-0.75,-1.64
149.807,0,Auto Hand Player,6.32,-0.75,-1.64
149.849,0,Auto Hand Player,6.32,-0.75,-1.64
149.877,0,Auto Hand Player,6.32,-0.75,-1.64
149.905,0,Auto Hand Player,6.32,-0.75,-1.64
149.946,0,Auto Hand Player,6.32,-0.75,-1.64
149.974,0,Auto Hand Player,6.32,-0.75,-1.64
150.016,0,Auto Hand Player,6.32,-0.75,-1.64
150.046,0,Auto Hand Player,6.32,-0.75,-1.64
150.073,0,Auto Hand Player,6.32,-0.75,-1.64
150.113,0,Auto Hand Player,6.32,-0.75,-1.64
150.141,0,Auto Hand Player,6.32,-0.75,-1.64
150.170,0,Auto Hand Player,6.32,-0.75,-1.64
150.211,0,Auto Hand Player,6.32,-0.75,-1.64
150.240,0,Auto Hand Player,6.32,-0.75,-1.64
150.281,0,Auto Hand Player,6.32,-0.75,-1.64
150.309,0,Auto Hand Player,6.32,-0.75,-1.64
150.337,0,Auto Hand Player,6.32,-0.75,-1.64
150.379,0,Auto Hand Player,6.32,-0.75,-1.64
150.407,0,Auto Hand Player,6.32,-0.75,-1.64
150.449,0,Auto Hand Player,6.32,-0.75,-1.64
150.476,0,Auto Hand Player,6.32,-0.75,-1.64
150.504,0,Auto Hand Player,6.32,-0.75,-1.64
150.546,0,Auto Hand Player,6.32,-0.75,-1.64
150.574,0,Auto Hand Player,6.32,-0.75,-1.64
150.616,0,Auto Hand Player,6.32,-0.75,-1.64
150.644,0,Auto Hand Player,6.32,-0.75,-1.64
150.672,0,Auto Hand Player,6.32,-0.75,-1.64
150.714,0,Auto Hand Player,6.32,-0.75,-1.64
150.742,0,Auto Hand Player,6.32,-0.75,-1.64
150.783,0,Auto Hand Player,6.32,-0.75,-1.64
150.811,0,Auto Hand Player,6.32,-0.75,-1.64
150.839,0,Auto Hand Player,6.32,-0.75,-1.64
150.881,0,Auto Hand Player,6.32,-0.75,-1.64
150.908,0,Auto Hand Player,6.32,-0.75,-1.64
150.950,0,Auto Hand Player,6.32,-0.75,-1.64
150.978,0,Auto Hand Player,6.32,-0.75,-1.64
151.006,0,Auto Hand Player,6.32,-0.75,-1.64
151.048,0,Auto Hand Player,6.32,-0.75,-1.64
151.076,0,Auto Hand Player,6.32,-0.75,-1.64
151.104,0,Auto Hand Player,6.32,-0.75,-1.64
151.144,0,Auto Hand Player,6.32,-0.75,-1.64
151.173,0,Auto Hand Player,6.32,-0.75,-1.64
151.216,0,Auto Hand Player,6.32,-0.75,-1.64
151.244,0,Auto Hand Player,6.32,-0.75,-1.64
151.288,0,Auto Hand Player,6.32,-0.75,-1.64
151.317,0,Auto Hand Player,6.32,-0.75,-1.64
151.346,0,Auto Hand Player,6.32,-0.75,-1.64
151.374,0,Auto Hand Player,6.32,-0.75,-1.64
151.430,0,Auto Hand Player,6.32,-0.75,-1.64
151.458,0,Auto Hand Player,6.32,-0.75,-1.64
151.487,0,Auto Hand Player,6.32,-0.75,-1.64
151.514,0,Auto Hand Player,6.32,-0.75,-1.64
151.542,0,Auto Hand Player,6.32,-0.75,-1.64
151.571,0,Auto Hand Player,6.32,-0.75,-1.64
151.626,0,Auto Hand Player,6.32,-0.75,-1.64
151.655,0,Auto Hand Player,6.32,-0.75,-1.64
151.682,0,Auto Hand Player,6.32,-0.75,-1.64
151.711,0,Auto Hand Player,6.32,-0.75,-1.64
151.740,0,Auto Hand Player,6.32,-0.75,-1.64
151.793,0,Auto Hand Player,6.32,-0.75,-1.64
151.820,0,Auto Hand Player,6.32,-0.75,-1.64
151.849,0,Auto Hand Player,6.32,-0.75,-1.64
151.877,0,Auto Hand Player,6.32,-0.75,-1.64
151.906,0,Auto Hand Player,6.32,-0.75,-1.64
151.961,0,Auto Hand Player,6.32,-0.75,-1.64
151.990,0,Auto Hand Player,6.32,-0.75,-1.64
152.017,0,Auto Hand Player,6.32,-0.75,-1.64
152.045,0,Auto Hand Player,6.32,-0.75,-1.64
152.073,0,Auto Hand Player,6.32,-0.75,-1.64
152.129,0,Auto Hand Player,6.32,-0.75,-1.64
152.156,0,Auto Hand Player,6.32,-0.75,-1.64
152.184,0,Auto Hand Player,6.32,-0.75,-1.64
152.212,0,Auto Hand Player,6.32,-0.75,-1.64
152.240,0,Auto Hand Player,6.32,-0.75,-1.64
152.282,0,Wall_3mx20cm_Wood_Panels (2),2.08,-1.28,-0.31
152.311,0,Auto Hand Player,6.32,-0.75,-1.64
152.339,0,Auto Hand Player,6.32,-0.75,-1.64
152.382,0,Auto Hand Player,6.32,-0.75,-1.64
152.411,0,Auto Hand Player,6.32,-0.75,-1.64
152.438,0,Auto Hand Player,6.32,-0.75,-1.64
152.480,0,Auto Hand Player,6.32,-0.75,-1.64
152.507,0,Auto Hand Player,6.32,-0.75,-1.64
152.549,0,Auto Hand Player,6.32,-0.75,-1.64
152.578,0,Auto Hand Player,6.32,-0.75,-1.64
152.606,0,Auto Hand Player,6.32,-0.75,-1.64
152.648,0,Auto Hand Player,6.32,-0.75,-1.64
152.676,0,Auto Hand Player,6.33,-0.75,-1.64
152.718,0,Auto Hand Player,6.33,-0.75,-1.64
152.746,0,Auto Hand Player,6.33,-0.75,-1.64
152.773,0,Auto Hand Player,6.33,-0.75,-1.64
152.815,0,Auto Hand Player,6.33,-0.75,-1.64
152.843,0,Auto Hand Player,6.33,-0.75,-1.64
152.885,0,Auto Hand Player,6.33,-0.75,-1.64
152.912,0,Auto Hand Player,6.33,-0.75,-1.64
152.942,0,Auto Hand Player,6.33,-0.75,-1.64
152.982,0,Auto Hand Player,6.33,-0.75,-1.64
153.010,0,Auto Hand Player,6.33,-0.75,-1.64
153.038,0,Auto Hand Player,6.33,-0.75,-1.64
153.080,0,Auto Hand Player,6.33,-0.75,-1.64
153.108,0,Auto Hand Player,6.33,-0.75,-1.64
153.151,0,Auto Hand Player,6.33,-0.75,-1.64
153.178,0,Auto Hand Player,6.33,-0.75,-1.64
153.206,0,Auto Hand Player,6.33,-0.75,-1.64
153.248,0,Auto Hand Player,6.33,-0.75,-1.64
153.275,0,Auto Hand Player,6.33,-0.75,-1.64
153.317,0,Auto Hand Player,6.33,-0.75,-1.64
153.345,0,Auto Hand Player,6.33,-0.75,-1.64
153.373,0,Auto Hand Player,6.33,-0.75,-1.64
153.415,0,Auto Hand Player,6.33,-0.75,-1.64
153.442,0,Auto Hand Player,6.33,-0.75,-1.64
153.484,0,Auto Hand Player,6.33,-0.75,-1.64
153.512,0,Auto Hand Player,6.33,-0.75,-1.64
153.540,0,Auto Hand Player,6.33,-0.75,-1.64
153.582,0,Auto Hand Player,6.33,-0.75,-1.64
153.610,0,Auto Hand Player,6.33,-0.75,-1.64
153.638,0,Auto Hand Player,6.33,-0.75,-1.64
153.680,0,Auto Hand Player,6.33,-0.75,-1.64
153.708,0,Auto Hand Player,6.33,-0.75,-1.64
153.750,0,Auto Hand Player,6.33,-0.75,-1.64
153.778,0,Auto Hand Player,6.33,-0.75,-1.64
153.805,0,Auto Hand Player,6.33,-0.75,-1.64
153.848,0,Auto Hand Player,6.33,-0.75,-1.64
153.876,0,Auto Hand Player,6.33,-0.75,-1.64
153.917,0,Auto Hand Player,6.32,-0.75,-1.64
153.945,0,Auto Hand Player,6.32,-0.75,-1.64
153.974,0,Auto Hand Player,6.32,-0.75,-1.64
154.016,0,Auto Hand Player,6.32,-0.75,-1.64
154.044,0,Auto Hand Player,6.32,-0.75,-1.64
154.072,0,Auto Hand Player,6.32,-0.75,-1.64
154.114,0,Auto Hand Player,6.32,-0.75,-1.64
154.141,0,Auto Hand Player,6.32,-0.75,-1.64
154.183,0,Auto Hand Player,6.33,-0.75,-1.64
154.210,0,Auto Hand Player,6.33,-0.75,-1.64
154.238,0,Auto Hand Player,6.33,-0.75,-1.64
154.280,0,Auto Hand Player,6.33,-0.75,-1.64
154.307,0,Auto Hand Player,6.33,-0.75,-1.64
154.348,0,Auto Hand Player,6.33,-0.75,-1.64
154.376,0,Auto Hand Player,6.33,-0.75,-1.64
154.417,0,Auto Hand Player,6.33,-0.75,-1.64
154.445,0,Auto Hand Player,6.33,-0.75,-1.64
154.474,0,Auto Hand Player,6.33,-0.75,-1.64
154.516,0,Auto Hand Player,6.33,-0.75,-1.64
154.544,0,Auto Hand Player,6.33,-0.75,-1.64
154.572,0,Auto Hand Player,6.33,-0.75,-1.64
154.614,0,Auto Hand Player,6.33,-0.75,-1.64
154.642,0,Auto Hand Player,6.33,-0.75,-1.64
154.684,0,Auto Hand Player,6.33,-0.75,-1.65
154.712,0,Auto Hand Player,6.33,-0.75,-1.65
154.740,0,Auto Hand Player,6.33,-0.75,-1.64
154.781,0,Auto Hand Player,6.32,-0.75,-1.65
154.809,0,Auto Hand Player,6.32,-0.75,-1.65
154.852,0,Auto Hand Player,6.32,-0.75,-1.65
154.879,0,Auto Hand Player,6.32,-0.75,-1.65
154.909,0,Auto Hand Player,6.32,-0.75,-1.65
154.949,0,Auto Hand Player,6.32,-0.75,-1.65
154.977,0,Auto Hand Player,6.32,-0.75,-1.65
155.018,0,Auto Hand Player,6.32,-0.75,-1.64
155.045,0,Auto Hand Player,6.32,-0.75,-1.64
155.072,0,Auto Hand Player,6.32,-0.75,-1.64
155.113,0,Auto Hand Player,6.32,-0.75,-1.64
155.141,0,Auto Hand Player,6.32,-0.75,-1.64
155.183,0,Auto Hand Player,6.32,-0.75,-1.64
155.211,0,Auto Hand Player,6.32,-0.75,-1.64
155.238,0,Auto Hand Player,6.32,-0.75,-1.64
155.280,0,Auto Hand Player,6.32,-0.75,-1.64
155.307,0,Auto Hand Player,6.32,-0.75,-1.64
155.349,0,Auto Hand Player,6.32,-0.75,-1.64
155.377,0,Auto Hand Player,6.32,-0.75,-1.64
155.405,0,Auto Hand Player,6.32,-0.75,-1.64
155.446,0,Auto Hand Player,6.32,-0.75,-1.64
155.474,0,Auto Hand Player,6.33,-0.75,-1.64
155.515,0,Auto Hand Player,6.33,-0.75,-1.64
155.544,0,Auto Hand Player,6.33,-0.75,-1.64
155.572,0,Auto Hand Player,6.33,-0.75,-1.64
155.613,0,Auto Hand Player,6.33,-0.75,-1.64
155.641,0,Auto Hand Player,6.33,-0.75,-1.64
155.684,0,Auto Hand Player,6.33,-0.75,-1.64
155.712,0,Auto Hand Player,6.33,-0.75,-1.64
155.739,0,Auto Hand Player,6.33,-0.75,-1.64
155.780,0,Auto Hand Player,6.33,-0.75,-1.64
155.808,0,Auto Hand Player,6.33,-0.75,-1.64
155.850,0,Auto Hand Player,6.33,-0.75,-1.64
155.877,0,Auto Hand Player,6.33,-0.75,-1.64
155.906,0,Auto Hand Player,6.33,-0.75,-1.64
155.948,0,Auto Hand Player,6.33,-0.75,-1.64
155.975,0,Auto Hand Player,6.33,-0.75,-1.64
156.017,0,Auto Hand Player,6.33,-0.75,-1.64
156.045,0,Auto Hand Player,6.33,-0.75,-1.64
156.073,0,Auto Hand Player,6.33,-0.75,-1.64
156.115,0,Auto Hand Player,6.33,-0.75,-1.64
156.143,0,Auto Hand Player,6.33,-0.75,-1.64
156.171,0,Auto Hand Player,6.33,-0.75,-1.64
156.212,0,Auto Hand Player,6.33,-0.75,-1.64
156.240,0,Auto Hand Player,6.33,-0.75,-1.64
156.282,0,Auto Hand Player,6.33,-0.75,-1.64
156.311,0,Auto Hand Player,6.33,-0.75,-1.64
156.338,0,Auto Hand Player,6.33,-0.75,-1.64
156.382,0,Auto Hand Player,6.33,-0.75,-1.64
156.408,0,Auto Hand Player,6.33,-0.75,-1.64
156.450,0,Auto Hand Player,6.33,-0.75,-1.64
156.478,0,Auto Hand Player,6.33,-0.75,-1.64
156.505,0,Auto Hand Player,6.33,-0.75,-1.64
156.547,0,Auto Hand Player,6.33,-0.75,-1.64
156.575,0,Auto Hand Player,6.33,-0.75,-1.64
156.617,0,Auto Hand Player,6.33,-0.75,-1.64
156.646,0,Auto Hand Player,6.33,-0.75,-1.64
156.673,0,Auto Hand Player,6.33,-0.75,-1.64
156.715,0,Auto Hand Player,6.33,-0.75,-1.64
156.743,0,Auto Hand Player,6.33,-0.75,-1.64
156.772,0,Auto Hand Player,6.33,-0.75,-1.64
156.813,0,Wall_3mx20cm_Wood_Panels (2),2.07,-1.18,-0.31
156.841,0,Auto Hand Player,6.33,-0.75,-1.64
156.883,0,Auto Hand Player,6.33,-0.75,-1.64
156.912,0,Auto Hand Player,6.33,-0.75,-1.64
156.939,0,Auto Hand Player,6.33,-0.75,-1.64
156.981,0,Auto Hand Player,6.33,-0.75,-1.64
157.009,0,Auto Hand Player,6.33,-0.75,-1.64
157.050,0,Auto Hand Player,6.33,-0.75,-1.64
157.079,0,Auto Hand Player,6.33,-0.75,-1.64
157.106,0,Auto Hand Player,6.33,-0.75,-1.64
157.148,0,Auto Hand Player,6.33,-0.75,-1.64
157.176,0,Auto Hand Player,6.33,-0.75,-1.64
157.216,0,Auto Hand Player,6.33,-0.75,-1.64
157.243,0,Auto Hand Player,6.33,-0.75,-1.64
157.272,0,Auto Hand Player,6.33,-0.75,-1.64
157.313,0,Auto Hand Player,6.33,-0.75,-1.64
157.341,0,Auto Hand Player,6.33,-0.75,-1.64
157.384,0,Auto Hand Player,6.33,-0.75,-1.64
157.411,0,Auto Hand Player,6.33,-0.75,-1.64
157.439,0,Auto Hand Player,6.33,-0.75,-1.64
157.481,0,Auto Hand Player,6.33,-0.75,-1.64
157.509,0,Auto Hand Player,6.33,-0.75,-1.64
157.550,0,Auto Hand Player,6.33,-0.75,-1.64
157.578,0,Auto Hand Player,6.33,-0.75,-1.64
157.605,0,Auto Hand Player,6.33,-0.75,-1.64
157.647,0,Auto Hand Player,6.33,-0.75,-1.64
157.676,0,Auto Hand Player,6.33,-0.75,-1.64
157.717,0,Auto Hand Player,6.33,-0.75,-1.64
157.745,0,Auto Hand Player,6.33,-0.75,-1.64
157.773,0,Auto Hand Player,6.33,-0.75,-1.64
157.815,0,Auto Hand Player,6.33,-0.75,-1.64
157.844,0,Auto Hand Player,6.33,-0.75,-1.64
157.885,0,Auto Hand Player,6.33,-0.75,-1.64
157.913,0,Auto Hand Player,6.33,-0.75,-1.64
157.942,0,Auto Hand Player,6.33,-0.75,-1.64
157.982,0,Auto Hand Player,6.33,-0.75,-1.64
158.009,0,Auto Hand Player,6.33,-0.75,-1.64
158.052,0,Auto Hand Player,6.33,-0.74,-1.64
158.080,0,Auto Hand Player,6.33,-0.74,-1.64
158.107,0,Auto Hand Player,6.33,-0.74,-1.64
158.147,0,Auto Hand Player,6.33,-0.74,-1.64
158.176,0,Auto Hand Player,6.33,-0.74,-1.65
158.218,0,Auto Hand Player,6.33,-0.74,-1.65
158.245,0,Wall_3mx20cm_Wood_Panels (2),2.16,-1.09,-0.31
158.272,0,Auto Hand Player,6.33,-0.75,-1.64
158.314,0,Auto Hand Player,6.33,-0.75,-1.64
158.343,0,Auto Hand Player,6.33,-0.75,-1.64
158.383,0,Auto Hand Player,6.33,-0.75,-1.64
158.411,0,Auto Hand Player,6.33,-0.75,-1.64
158.441,0,Auto Hand Player,6.33,-0.75,-1.64
158.482,0,Auto Hand Player,6.33,-0.75,-1.64
158.508,0,Auto Hand Player,6.33,-0.75,-1.64
158.551,0,Auto Hand Player,6.33,-0.75,-1.64
158.579,0,Auto Hand Player,6.33,-0.75,-1.64
158.607,0,Auto Hand Player,6.33,-0.75,-1.64
158.648,0,Auto Hand Player,6.33,-0.75,-1.64
158.675,0,Auto Hand Player,6.33,-0.75,-1.64
158.714,0,Auto Hand Player,6.33,-0.75,-1.64
158.741,0,Auto Hand Player,6.33,-0.75,-1.64
158.782,0,Auto Hand Player,6.33,-0.75,-1.64
158.809,0,Auto Hand Player,6.33,-0.75,-1.64
158.839,0,Auto Hand Player,6.33,-0.75,-1.64
158.881,0,Auto Hand Player,6.33,-0.75,-1.64
158.910,0,Auto Hand Player,6.33,-0.75,-1.64
158.939,0,Auto Hand Player,6.33,-0.74,-1.64
158.981,0,Auto Hand Player,6.33,-0.74,-1.64
159.010,0,Auto Hand Player,6.33,-0.74,-1.64
159.052,0,Auto Hand Player,6.33,-0.74,-1.64
159.080,0,Auto Hand Player,6.33,-0.75,-1.64
159.107,0,Auto Hand Player,6.33,-0.75,-1.64
159.150,0,Auto Hand Player,6.33,-0.75,-1.64
159.178,0,Auto Hand Player,6.33,-0.75,-1.64
159.219,0,Auto Hand Player,6.33,-0.75,-1.64
159.247,0,Auto Hand Player,6.33,-0.75,-1.64
159.276,0,Auto Hand Player,6.33,-0.74,-1.64
159.317,0,Auto Hand Player,6.33,-0.74,-1.64
159.344,0,Auto Hand Player,6.33,-0.74,-1.64
159.372,0,Auto Hand Player,6.33,-0.74,-1.64
159.414,0,Auto Hand Player,6.33,-0.74,-1.64
159.443,0,Auto Hand Player,6.33,-0.74,-1.64
159.484,0,Auto Hand Player,6.33,-0.74,-1.64
159.511,0,Auto Hand Player,6.33,-0.74,-1.64
159.540,0,Auto Hand Player,6.33,-0.74,-1.64
159.581,0,Auto Hand Player,6.33,-0.74,-1.64
159.610,0,Auto Hand Player,6.33,-0.74,-1.64
159.654,0,Auto Hand Player,6.33,-0.74,-1.64
159.681,0,Auto Hand Player,6.33,-0.74,-1.64
159.708,0,Auto Hand Player,6.33,-0.74,-1.64
159.749,0,Auto Hand Player,6.33,-0.74,-1.64
159.778,0,Auto Hand Player,6.33,-0.74,-1.64
159.819,0,Auto Hand Player,6.33,-0.74,-1.64
159.847,0,Auto Hand Player,6.33,-0.74,-1.64
159.874,0,Auto Hand Player,6.33,-0.74,-1.64
159.916,0,Auto Hand Player,6.33,-0.74,-1.64
159.945,0,Auto Hand Player,6.33,-0.74,-1.64
159.972,0,Auto Hand Player,6.33,-0.74,-1.64
160.014,0,Auto Hand Player,6.33,-0.74,-1.64
160.042,0,Auto Hand Player,6.33,-0.75,-1.64
160.084,0,Auto Hand Player,6.33,-0.75,-1.64
160.112,0,Auto Hand Player,6.33,-0.75,-1.64
160.139,0,Auto Hand Player,6.33,-0.75,-1.64
160.180,0,Auto Hand Player,6.33,-0.75,-1.64
160.207,0,Auto Hand Player,6.33,-0.75,-1.64
160.249,0,Auto Hand Player,6.33,-0.75,-1.64
160.277,0,Auto Hand Player,6.33,-0.75,-1.64
160.318,0,Auto Hand Player,6.33,-0.75,-1.64
160.347,0,Auto Hand Player,6.33,-0.75,-1.64
160.374,0,Auto Hand Player,6.33,-0.75,-1.64
160.416,0,Auto Hand Player,6.33,-0.75,-1.64
160.444,0,Auto Hand Player,6.33,-0.75,-1.64
160.485,0,Auto Hand Player,6.33,-0.75,-1.64
160.513,0,Auto Hand Player,6.33,-0.75,-1.64
160.542,0,Auto Hand Player,6.33,-0.75,-1.64
160.583,0,Auto Hand Player,6.33,-0.75,-1.64
160.611,0,Auto Hand Player,6.33,-0.75,-1.64
160.639,0,Auto Hand Player,6.33,-0.75,-1.64
160.681,0,Auto Hand Player,6.33,-0.75,-1.64
160.709,0,Auto Hand Player,6.33,-0.75,-1.64
160.750,0,Auto Hand Player,6.33,-0.75,-1.64
160.779,0,Auto Hand Player,6.33,-0.75,-1.64
160.807,0,Auto Hand Player,6.33,-0.75,-1.64
160.848,0,Auto Hand Player,6.33,-0.75,-1.65
160.875,0,Auto Hand Player,6.33,-0.75,-1.65
160.917,0,Auto Hand Player,6.33,-0.75,-1.65
160.945,0,Auto Hand Player,6.33,-0.75,-1.65
160.974,0,Auto Hand Player,6.33,-0.75,-1.65
161.015,0,Auto Hand Player,6.33,-0.75,-1.65
161.042,0,Auto Hand Player,6.33,-0.75,-1.65
161.083,0,Auto Hand Player,6.33,-0.75,-1.65
161.112,0,Auto Hand Player,6.33,-0.75,-1.65
161.140,0,Auto Hand Player,6.33,-0.75,-1.64
161.182,0,Auto Hand Player,6.33,-0.75,-1.64
161.210,0,Auto Hand Player,6.33,-0.75,-1.64
161.251,0,Auto Hand Player,6.33,-0.75,-1.64
161.279,0,Auto Hand Player,6.33,-0.75,-1.64
161.307,0,Auto Hand Player,6.33,-0.75,-1.64
161.349,0,Auto Hand Player,6.33,-0.75,-1.64
161.377,0,Auto Hand Player,6.33,-0.75,-1.64
161.419,0,Auto Hand Player,6.33,-0.75,-1.64
161.449,0,Auto Hand Player,6.33,-0.75,-1.64
161.476,0,Auto Hand Player,6.33,-0.75,-1.64
161.514,0,Auto Hand Player,6.33,-0.75,-1.64
161.544,0,Auto Hand Player,6.33,-0.75,-1.64
161.585,0,Auto Hand Player,6.33,-0.75,-1.64
161.613,0,Auto Hand Player,6.33,-0.75,-1.64
161.641,0,Auto Hand Player,6.33,-0.75,-1.64
161.683,0,Auto Hand Player,6.34,-0.74,-1.65
161.711,0,Auto Hand Player,6.34,-0.74,-1.65
161.753,0,Wall_3mx20cm_Wood_Panels (2),2.71,-0.98,-0.31
161.780,0,Auto Hand Player,6.35,-0.74,-1.66
161.808,0,Auto Hand Player,6.36,-0.73,-1.66
161.850,0,Auto Hand Player,6.37,-0.73,-1.66
161.878,0,Auto Hand Player,6.37,-0.73,-1.67
161.906,0,Wall_3mx20cm_Wood_Panels (2),2.68,-0.78,-0.31
161.948,0,Auto Hand Player,6.38,-0.73,-1.67
161.975,0,Wall_3mx20cm_Wood_Panels (2),2.72,-0.72,-0.31
162.017,0,Wall_3mx20cm_Wood_Panels (2),2.76,-0.71,-0.31
162.045,0,Auto Hand Player,6.41,-0.72,-1.68
162.073,0,Auto Hand Player,6.42,-0.73,-1.69
162.114,0,Auto Hand Player,6.43,-0.73,-1.69
162.143,0,Wall_3mx20cm_Wood_Panels (2),3.01,-0.76,-0.31
162.184,0,Auto Hand Player,6.45,-0.73,-1.69
162.212,0,Auto Hand Player,6.47,-0.73,-1.70
162.240,0,Wall_3mx20cm_Wood_Panels (2),3.11,-0.77,-0.31
162.282,0,Wall_3mx20cm_Wood_Panels (2),3.09,-0.73,-0.31
162.310,0,Wall_3mx20cm_Wood_Panels (2),3.06,-0.70,-0.31
162.352,0,Wall_3mx20cm_Wood_Panels (2),2.97,-0.60,-0.31
162.380,0,Wall_3mx20cm_Wood_Panels (2),2.91,-0.50,-0.31
162.407,0,Wall_3mx20cm_Wood_Panels (2),2.85,-0.41,-0.31
162.449,0,Wall_3mx20cm_Wood_Panels (2),2.72,-0.29,-0.31
162.477,0,Wall_3mx20cm_Wood_Panels (2),2.66,-0.20,-0.31
162.519,0,Wall_3mx20cm_Wood_Panels (2),2.64,-0.08,-0.31
162.548,0,Wall_3mx20cm_Wood_Panels (2),2.70,0.04,-0.31
162.575,0,Wall_3mx20cm_Wood_Panels (2),2.84,0.15,-0.31
162.618,0,Wall_3mx20cm_Wood_Panels (2),3.07,0.23,-0.31
162.645,0,Wall_3mx20cm_Wood_Panels (2),3.21,0.31,-0.31
162.673,0,Wall_3mx20cm_Wood_Panels (2),3.32,0.39,-0.31
162.715,0,Wall_3mx20cm_Wood_Panels (2),3.47,0.41,-0.31
162.744,0,Wall_3mx20cm_Wood_Panels (2),3.50,0.40,-0.31
162.784,0,Wall_3mx20cm_Wood_Panels (2),3.49,0.38,-0.31
162.813,0,Wall_3mx20cm_Wood_Panels (2),3.46,0.38,-0.31
162.840,0,Wall_3mx20cm_Wood_Panels (2),3.44,0.38,-0.31
162.882,0,Wall_3mx20cm_Wood_Panels (2),3.35,0.40,-0.31
162.910,0,Wall_3mx20cm_Wood_Panels (2),3.23,0.39,-0.31
162.951,0,Wall_3mx20cm_Wood_Panels (2),2.92,0.41,-0.31
162.978,0,Wall_3mx20cm_Wood_Panels (2),2.66,0.46,-0.31
163.006,0,Wall_3mx20cm_Wood_Panels (2),2.43,0.52,-0.31
163.047,0,Wall_3mx20cm_Wood_Panels (2),2.12,0.61,-0.31
163.074,0,Wall_3mx20cm_Wood_Panels (2),1.95,0.64,-0.31
163.115,0,Wall_3mx20cm_Wood_Panels (2),1.77,0.62,-0.31
163.143,0,Wall_3mx20cm_Wood_Panels (2),1.68,0.60,-0.31
163.182,0,Wall_3mx20cm_Wood_Panels (2),1.57,0.62,-0.31
163.210,0,Wall_3mx20cm_Wood_Panels (2),1.56,0.67,-0.31
163.252,0,Wall_3mx20cm_Wood_Panels (2),1.62,0.81,-0.31
163.283,0,Wall_3mx20cm_Wood_Panels (2),1.66,0.95,-0.31
163.324,0,Wall_3mx20cm_Wood_Panels (2),1.75,1.08,-0.31
163.351,0,Wall_3mx20cm_Wood_Panels (2),1.88,1.25,-0.31
163.380,0,Wall_3mx20cm_Wood_Panels (2),2.00,1.34,-0.31
163.408,0,Wall_3mx20cm_Wood_Panels (2),2.10,1.40,-0.31
163.450,0,Wall_3mx20cm_Wood_Panels (2),2.15,1.42,-0.31
163.477,0,Wall_3mx20cm_Wood_Panels (2),2.10,1.41,-0.31
163.519,0,Wall_3mx20cm_Wood_Panels (2),1.89,1.38,-0.31
163.547,0,Wall_3mx20cm_Wood_Panels (2),1.72,1.41,-0.31
163.574,0,Wall_3mx20cm_Wood_Panels (2),1.59,1.49,-0.31
163.617,0,Ceiling_log_3m (20),1.52,1.57,-0.33
163.644,0,Ceiling_log_3m (20),1.52,1.55,-0.37
163.674,0,Ceiling_log_3m (20),1.47,1.50,-0.40
163.716,0,Wall_3mx20cm_Door (1),1.41,1.45,-0.41
163.744,0,Wall_3mx20cm_Door (1),1.41,1.40,-0.43
163.783,0,Wall_3mx20cm_Door (1),1.41,1.36,-0.44
163.810,0,Wall_3mx20cm_Door (1),1.41,1.35,-0.44
163.851,0,Wall_3mx20cm_Door (1),1.41,1.43,-0.36
163.878,0,Wall_3mx20cm_Wood_Panels (2),1.59,1.37,-0.31
163.906,0,Wall_3mx20cm_Wood_Panels (2),1.78,1.23,-0.31
163.950,0,Wall_3mx20cm_Wood_Panels (2),1.81,1.10,-0.31
163.979,0,Wall_3mx20cm_Wood_Panels (2),1.71,1.06,-0.31
164.007,0,Wall_3mx20cm_Wood_Panels (2),1.52,1.02,-0.31
164.048,0,Wall_3mx20cm_Door (1),1.41,0.87,-0.38
164.077,0,Wall_3mx20cm_Door (1),1.41,0.85,-0.44
164.119,0,Wall_3mx20cm_Door (1),1.41,0.80,-0.51
164.147,0,Wall_3mx20cm_Door (1),1.41,0.75,-0.55
164.175,0,Wall_3mx20cm_Door (1),1.41,0.70,-0.59
164.216,0,Wall_3mx20cm_Door (1),1.41,0.64,-0.64
164.244,0,Wall_3mx20cm_Door (1),1.41,0.63,-0.67
164.288,0,Wall_3mx20cm_Door (1),1.41,0.63,-0.71
164.315,0,Wall_3mx20cm_Door (1),1.41,0.65,-0.73
164.342,0,Wall_3mx20cm_Door (1),1.41,0.64,-0.76
164.383,0,Wall_3mx20cm_Door (1),1.41,0.61,-0.79
164.412,0,Wall_3mx20cm_Door (1),1.41,0.60,-0.81
164.453,0,Wall_3mx20cm_Door (1),1.41,0.57,-0.86
164.481,0,Wall_3mx20cm_Door (1),1.41,0.56,-0.89
164.509,0,Wall_3mx20cm_Door (1),1.41,0.52,-0.94
164.551,0,Wall_3mx20cm_Door (1),1.41,0.45,-1.01
164.579,0,Wall_3mx20cm_Door (1),1.41,0.38,-1.07
164.606,0,Wall_3mx20cm_Conference_Door,1.41,0.31,-1.12
164.648,0,Wall_3mx20cm_Conference_Door,1.41,0.21,-1.19
164.676,0,Wall_3mx20cm_Conference_Door,1.41,0.14,-1.22
164.718,0,Wall_3mx20cm_Conference_Door,1.41,0.04,-1.24
164.746,0,Wall_3mx20cm_Conference_Door,1.41,0.04,-1.23
164.774,0,Wall_3mx20cm_Conference_Door,1.41,0.08,-1.21
164.815,0,Wall_3mx20cm_Conference_Door,1.41,0.11,-1.19
164.844,0,Wall_3mx20cm_Conference_Door,1.41,0.08,-1.20
164.886,0,Wall_3mx20cm_Conference_Door,1.41,0.02,-1.25
164.914,0,Wall_3mx20cm_Conference_Door,1.41,-0.02,-1.29
164.941,0,Wall_3mx20cm_Conference_Door,1.41,-0.07,-1.33
164.983,0,Wall_3mx20cm_Conference_Door,1.41,-0.09,-1.39
165.011,0,Wall_3mx20cm_Conference_Door,1.41,-0.08,-1.43
165.053,0,Wall_3mx20cm_Conference_Door,1.41,-0.08,-1.51
165.081,0,Wall_3mx20cm_Conference_Door,1.41,-0.08,-1.57
165.109,0,Wall_3mx20cm_Conference_Door,1.41,-0.07,-1.63
165.151,0,Conference_Room_Door_L,1.33,-0.06,-1.73
165.178,0,Conference_Room_Door_L,1.33,-0.06,-1.81
165.220,0,Conference_Room_Door_L,1.33,-0.07,-1.92
165.248,0,Conference_Room_Door_L,1.33,-0.09,-1.99
165.276,0,Conference_Room_Door_L,1.33,-0.11,-2.06
165.318,0,Conference_Room_Door_L,1.33,-0.15,-2.16
165.346,0,Conference_Room_Door_L,1.33,-0.17,-2.23
165.375,0,Conference_Room_Door_L,1.33,-0.18,-2.29
165.416,0,Conference_Room_Door_L,1.33,-0.20,-2.37
165.445,0,Conference_Room_Door_L,1.33,-0.21,-2.42
165.486,0,Conference_Room_Door_L,1.33,-0.22,-2.49
165.514,0,Conference_Room_Door_L,1.33,-0.23,-2.52
165.542,0,Conference_Room_Door_L,1.33,-0.24,-2.55
165.584,0,Conference_Room_Door_L,1.33,-0.25,-2.58
165.613,0,Conference_Room_Door_L,1.33,-0.26,-2.59
165.640,0,Conference_Room_Door_L,1.33,-0.26,-2.59
165.683,0,Conference_Room_Door_L,1.33,-0.27,-2.59
165.710,0,Conference_Room_Door_L,1.33,-0.28,-2.58
165.752,0,Conference_Room_Door_L,1.33,-0.29,-2.57
165.780,0,Conference_Room_Door_L,1.33,-0.30,-2.56
165.808,0,Conference_Room_Door_L,1.33,-0.31,-2.55
165.849,0,Conference_Room_Door_L,1.33,-0.31,-2.54
165.877,0,Conference_Room_Door_L,1.33,-0.29,-2.53
165.919,0,Conference_Room_Door_L,1.33,-0.27,-2.53
165.947,0,Conference_Room_Door_L,1.33,-0.28,-2.54
165.973,0,Conference_Room_Door_L,1.33,-0.28,-2.58
166.015,0,Conference_Room_Door_R,1.33,-0.30,-2.63
166.043,0,Conference_Room_Door_R,1.33,-0.34,-2.65
166.085,0,Conference_Room_Door_R,1.33,-0.38,-2.65
166.113,0,Conference_Room_Door_R,1.33,-0.39,-2.64
166.141,0,Conference_Room_Door_R,1.33,-0.38,-2.64
166.183,0,Conference_Room_Door_R,1.33,-0.36,-2.63
166.212,0,Conference_Room_Door_R,1.33,-0.35,-2.63
166.253,0,Conference_Room_Door_R,1.33,-0.35,-2.63
166.282,0,Conference_Room_Door_R,1.33,-0.36,-2.62
166.309,0,Conference_Room_Door_R,1.33,-0.39,-2.60
166.350,0,Conference_Room_Door_L,1.33,-0.42,-2.57
166.379,0,Conference_Room_Door_L,1.33,-0.45,-2.54
166.407,0,Conference_Room_Door_L,1.33,-0.47,-2.51
166.465,0,Conference_Room_Door_L,1.33,-0.48,-2.47
166.492,0,Conference_Room_Door_L,1.33,-0.49,-2.43
166.519,0,Conference_Room_Door_L,1.33,-0.49,-2.40
166.545,0,Conference_Room_Door_L,1.33,-0.49,-2.34
166.575,0,Conference_Room_Door_L,1.33,-0.48,-2.30
166.630,0,Conference_Room_Door_L,1.33,-0.46,-2.25
166.644,0,Conference_Room_Door_L,1.33,-0.43,-2.21
166.685,0,Conference_Room_Door_L,1.33,-0.33,-2.14
166.712,0,Conference_Room_Door_L,1.33,-0.22,-2.09
166.753,0,Conference_Room_Door_L,1.33,0.04,-2.00
166.780,0,Conference_Room_Door_L,1.33,0.21,-1.94
166.808,0,Wall_3mx20cm_Conference_Door,1.41,0.38,-1.86
166.847,0,Timer,1.47,0.62,-1.75
166.875,0,Wall_3mx20cm_Conference_Door,1.41,0.79,-1.66
166.916,0,Wall_3mx20cm_Conference_Door,1.41,0.97,-1.54
166.944,0,Wall_3mx20cm_Conference_Door,1.41,1.05,-1.47
166.985,0,Wall_3mx20cm_Conference_Door,1.41,1.19,-1.36
167.013,0,Wall_3mx20cm_Conference_Door,1.41,1.27,-1.29
167.043,0,Wall_3mx20cm_Conference_Door,1.41,1.35,-1.23
167.084,0,Wall_3mx20cm_Conference_Door,1.41,1.46,-1.12
167.112,0,Ceiling_log_3m (20),1.48,1.50,-1.05
167.140,0,Ceiling_log_3m (20),1.52,1.55,-0.98
167.182,0,Ceiling_log_3m (20),1.52,1.61,-0.86
167.210,0,Ceiling_log_3m (20),1.52,1.65,-0.80
167.252,0,Ceiling_log_3m (20),1.52,1.67,-0.74
167.280,0,Ceiling_log_3m (20),1.52,1.68,-0.71
167.307,0,Ceiling_log_3m (20),1.52,1.69,-0.69
167.349,0,Ceiling_log_3m (20),1.52,1.68,-0.66
167.376,0,Ceiling_log_3m (20),1.52,1.65,-0.64
167.418,0,Ceiling_log_3m (20),1.52,1.56,-0.63
167.447,0,Ceiling_log_3m (20),1.52,1.51,-0.61
167.475,0,Wall_3mx20cm_Door (1),1.41,1.51,-0.55
167.517,0,Wall_3mx20cm_Door (1),1.41,1.47,-0.49
167.544,0,Wall_3mx20cm_Door (1),1.41,1.46,-0.44
167.585,0,Wall_3mx20cm_Door (1),1.41,1.43,-0.38
167.614,0,Wall_3mx20cm_Door (1),1.41,1.41,-0.35
167.642,0,Wall_3mx20cm_Door (1),1.41,1.38,-0.33
167.684,0,Wall_3mx20cm_Door (1),1.41,1.34,-0.31
167.712,0,Wall_3mx20cm_Door (1),1.41,1.34,-0.32
167.754,0,Wall_3mx20cm_Door (1),1.41,1.33,-0.33
167.781,0,Wall_3mx20cm_Door (1),1.41,1.34,-0.34
167.809,0,Wall_3mx20cm_Door (1),1.41,1.34,-0.35
167.851,0,Wall_3mx20cm_Door (1),1.41,1.34,-0.35
167.879,0,Wall_3mx20cm_Door (1),1.41,1.33,-0.34
167.921,0,Wall_3mx20cm_Door (1),1.41,1.30,-0.36
167.948,0,Wall_3mx20cm_Door (1),1.41,1.30,-0.36
167.976,0,Wall_3mx20cm_Door (1),1.41,1.31,-0.36
168.018,0,Wall_3mx20cm_Door (1),1.41,1.31,-0.36
168.045,0,Wall_3mx20cm_Door (1),1.41,1.30,-0.35
168.074,0,Wall_3mx20cm_Door (1),1.41,1.29,-0.34
168.116,0,Wall_3mx20cm_Door (1),1.41,1.30,-0.33
168.144,0,Wall_3mx20cm_Door (1),1.41,1.29,-0.32
168.186,0,Wall_3mx20cm_Door (1),1.41,1.25,-0.34
168.213,0,Wall_3mx20cm_Door (1),1.41,1.22,-0.34
168.241,0,Wall_3mx20cm_Door (1),1.41,1.20,-0.35
168.283,0,Wall_3mx20cm_Door (1),1.41,1.18,-0.34
168.311,0,Wall_3mx20cm_Door (1),1.41,1.17,-0.33
168.353,0,Wall_3mx20cm_Wood_Panels (2),1.42,1.17,-0.31
168.381,0,Wall_3mx20cm_Wood_Panels (2),1.48,1.15,-0.31
168.409,0,Wall_3mx20cm_Wood_Panels (2),1.52,1.12,-0.31
168.451,0,Wall_3mx20cm_Wood_Panels (2),1.56,1.09,-0.31
168.479,0,Wall_3mx20cm_Wood_Panels (2),1.60,1.08,-0.31
168.521,0,Wall_3mx20cm_Wood_Panels (2),1.63,1.06,-0.31
168.548,0,Wall_3mx20cm_Wood_Panels (2),1.64,1.05,-0.31
168.576,0,Wall_3mx20cm_Wood_Panels (2),1.65,1.04,-0.31
168.618,0,Wall_3mx20cm_Wood_Panels (2),1.63,1.03,-0.31
168.647,0,Wall_3mx20cm_Wood_Panels (2),1.62,1.03,-0.31
168.688,0,Wall_3mx20cm_Wood_Panels (2),1.63,1.03,-0.31
168.715,0,Wall_3mx20cm_Wood_Panels (2),1.63,1.03,-0.31
168.742,0,Wall_3mx20cm_Wood_Panels (2),1.63,1.02,-0.31
168.784,0,Wall_3mx20cm_Wood_Panels (2),1.65,1.01,-0.31
168.812,0,Wall_3mx20cm_Wood_Panels (2),1.65,1.00,-0.31
168.852,0,Wall_3mx20cm_Wood_Panels (2),1.66,0.99,-0.31
168.879,0,Wall_3mx20cm_Wood_Panels (2),1.67,0.98,-0.31
168.920,0,Wall_3mx20cm_Wood_Panels (2),1.70,0.97,-0.31
168.949,0,Wall_3mx20cm_Wood_Panels (2),1.73,0.95,-0.31
168.977,0,Wall_3mx20cm_Wood_Panels (2),1.76,0.93,-0.31
169.019,0,Wall_3mx20cm_Wood_Panels (2),1.78,0.91,-0.31
169.049,0,Wall_3mx20cm_Wood_Panels (2),1.78,0.90,-0.31
169.075,0,Wall_3mx20cm_Wood_Panels (2),1.78,0.90,-0.31
169.118,0,Wall_3mx20cm_Wood_Panels (2),1.76,0.92,-0.31
169.146,0,Wall_3mx20cm_Wood_Panels (2),1.75,0.92,-0.31
169.187,0,Wall_3mx20cm_Wood_Panels (2),1.74,0.92,-0.31
169.215,0,Wall_3mx20cm_Wood_Panels (2),1.73,0.91,-0.31
169.243,0,Wall_3mx20cm_Wood_Panels (2),1.72,0.91,-0.31
169.282,0,Wall_3mx20cm_Wood_Panels (2),1.69,0.90,-0.31
169.310,0,Wall_3mx20cm_Wood_Panels (2),1.66,0.90,-0.31
169.350,0,Wall_3mx20cm_Wood_Panels (2),1.64,0.90,-0.31
169.379,0,Wall_3mx20cm_Wood_Panels (2),1.64,0.91,-0.31
169.408,0,Wall_3mx20cm_Wood_Panels (2),1.65,0.91,-0.31
169.450,0,Wall_3mx20cm_Wood_Panels (2),1.68,0.89,-0.31
169.477,0,Wall_3mx20cm_Wood_Panels (2),1.71,0.87,-0.31
169.519,0,Wall_3mx20cm_Wood_Panels (2),1.74,0.85,-0.31
169.547,0,Wall_3mx20cm_Wood_Panels (2),1.75,0.83,-0.31
169.577,0,Wall_3mx20cm_Wood_Panels (2),1.76,0.83,-0.31
169.621,0,Wall_3mx20cm_Wood_Panels (2),1.76,0.84,-0.31
169.648,0,Wall_3mx20cm_Wood_Panels (2),1.76,0.85,-0.31
169.675,0,Wall_3mx20cm_Wood_Panels (2),1.76,0.86,-0.31
169.716,0,Wall_3mx20cm_Wood_Panels (2),1.75,0.84,-0.31
169.743,0,Wall_3mx20cm_Wood_Panels (2),1.74,0.82,-0.31
169.785,0,Wall_3mx20cm_Wood_Panels (2),1.73,0.81,-0.31
169.813,0,Wall_3mx20cm_Wood_Panels (2),1.73,0.80,-0.31
169.841,0,Wall_3mx20cm_Wood_Panels (2),1.73,0.80,-0.31
169.883,0,Wall_3mx20cm_Wood_Panels (2),1.72,0.82,-0.31
169.911,0,Wall_3mx20cm_Wood_Panels (2),1.73,0.82,-0.31
169.953,0,Wall_3mx20cm_Wood_Panels (2),1.74,0.80,-0.31
169.981,0,Wall_3mx20cm_Wood_Panels (2),1.74,0.78,-0.31
170.010,0,Wall_3mx20cm_Wood_Panels (2),1.75,0.77,-0.31
170.051,0,Wall_3mx20cm_Wood_Panels (2),1.75,0.76,-0.31
170.079,0,Wall_3mx20cm_Wood_Panels (2),1.74,0.77,-0.31
170.119,0,Wall_3mx20cm_Wood_Panels (2),1.73,0.78,-0.31
170.147,0,Wall_3mx20cm_Wood_Panels (2),1.72,0.79,-0.31
170.175,0,Wall_3mx20cm_Wood_Panels (2),1.72,0.78,-0.31
170.217,0,Wall_3mx20cm_Wood_Panels (2),1.71,0.76,-0.31
170.245,0,Wall_3mx20cm_Wood_Panels (2),1.71,0.75,-0.31
171.060,0,Wall_3mx20cm_Wood_Panels (2),1.50,0.77,-0.31
171.060,0,Wall_3mx20cm_Wood_Panels (2),1.50,0.77,-0.31
171.060,0,Wall_3mx20cm_Wood_Panels (2),1.50,0.77,-0.31
171.060,0,Wall_3mx20cm_Wood_Panels (2),1.50,0.77,-0.31
171.060,0,Wall_3mx20cm_Wood_Panels (2),1.50,0.77,-0.31
171.060,0,Wall_3mx20cm_Wood_Panels (2),1.50,0.77,-0.31
171.060,0,Wall_3mx20cm_Wood_Panels (2),1.50,0.77,-0.31
171.060,0,Wall_3mx20cm_Wood_Panels (2),1.50,0.77,-0.31
171.060,0,Wall_3mx20cm_Wood_Panels (2),1.50,0.77,-0.31
171.060,0,Wall_3mx20cm_Wood_Panels (2),1.50,0.77,-0.31
171.060,0,Wall_3mx20cm_Wood_Panels (2),1.50,0.77,-0.31
171.060,0,Wall_3mx20cm_Wood_Panels (2),1.50,0.77,-0.31
171.060,0,Wall_3mx20cm_Wood_Panels (2),1.50,0.77,-0.31
171.060,0,Wall_3mx20cm_Wood_Panels (2),1.50,0.77,-0.31
171.060,0,Wall_3mx20cm_Wood_Panels (2),1.50,0.77,-0.31
171.060,0,Wall_3mx20cm_Wood_Panels (2),1.50,0.77,-0.31
171.060,0,Wall_3mx20cm_Wood_Panels (2),1.50,0.77,-0.31
171.060,0,Wall_3mx20cm_Wood_Panels (2),1.50,0.77,-0.31
171.060,0,Wall_3mx20cm_Wood_Panels (2),1.50,0.77,-0.31
171.060,0,Wall_3mx20cm_Wood_Panels (2),1.50,0.77,-0.31
171.060,0,Wall_3mx20cm_Wood_Panels (2),1.50,0.77,-0.31
171.060,0,Wall_3mx20cm_Wood_Panels (2),1.50,0.77,-0.31
171.060,0,Wall_3mx20cm_Wood_Panels (2),1.50,0.77,-0.31
171.060,0,Wall_3mx20cm_Wood_Panels (2),1.50,0.77,-0.31
171.081,0,Wall_3mx20cm_Door (1),1.41,0.76,-0.32
171.109,0,Wall_3mx20cm_Door (1),1.41,0.76,-0.34
171.151,0,Wall_3mx20cm_Door (1),1.41,0.77,-0.36
171.178,0,Wall_3mx20cm_Door (1),1.41,0.76,-0.37
171.220,0,Wall_3mx20cm_Door (1),1.41,0.75,-0.38
171.248,0,Wall_3mx20cm_Door (1),1.41,0.73,-0.39
171.277,0,Wall_3mx20cm_Door (1),1.41,0.71,-0.41
171.318,0,Wall_3mx20cm_Door (1),1.41,0.72,-0.42
171.346,0,Wall_3mx20cm_Door (1),1.41,0.73,-0.42
171.387,0,Wall_3mx20cm_Door (1),1.41,0.73,-0.42
171.416,0,Wall_3mx20cm_Door (1),1.41,0.72,-0.42
171.443,0,Wall_3mx20cm_Door (1),1.41,0.70,-0.42
171.485,0,Wall_3mx20cm_Door (1),1.41,0.69,-0.43
171.514,0,Wall_3mx20cm_Door (1),1.41,0.67,-0.44
171.555,0,Wall_3mx20cm_Door (1),1.41,0.67,-0.45
171.583,0,Wall_3mx20cm_Door (1),1.41,0.68,-0.45
171.611,0,Wall_3mx20cm_Door (1),1.41,0.68,-0.45
171.653,0,Wall_3mx20cm_Door (1),1.41,0.69,-0.44
171.681,0,Wall_3mx20cm_Door (1),1.41,0.68,-0.44
171.709,0,Wall_3mx20cm_Door (1),1.41,0.67,-0.44
171.752,0,Wall_3mx20cm_Door (1),1.41,0.69,-0.44
171.779,0,Wall_3mx20cm_Door (1),1.41,0.70,-0.43
171.820,0,Wall_3mx20cm_Door (1),1.41,0.70,-0.42
171.848,0,Wall_3mx20cm_Door (1),1.41,0.70,-0.41
171.876,0,Wall_3mx20cm_Door (1),1.41,0.70,-0.39
171.917,0,Wall_3mx20cm_Door (1),1.41,0.71,-0.36
171.944,0,Wall_3mx20cm_Door (1),1.41,0.74,-0.34
171.985,0,Wall_3mx20cm_Wood_Panels (2),1.42,0.78,-0.31
172.013,0,Wall_3mx20cm_Wood_Panels (2),1.50,0.77,-0.31
172.054,0,Wall_3mx20cm_Wood_Panels (2),1.61,0.74,-0.31
172.083,0,Wall_3mx20cm_Wood_Panels (2),1.65,0.71,-0.31
172.111,0,Wall_3mx20cm_Wood_Panels (2),1.67,0.69,-0.31
172.153,0,Wall_3mx20cm_Wood_Panels (2),1.69,0.68,-0.31
172.181,0,Wall_3mx20cm_Wood_Panels (2),1.70,0.69,-0.31
172.209,0,Wall_3mx20cm_Wood_Panels (2),1.72,0.71,-0.31
172.251,0,Wall_3mx20cm_Wood_Panels (2),1.74,0.72,-0.31
172.280,0,Wall_3mx20cm_Wood_Panels (2),1.77,0.71,-0.31
172.320,0,Wall_3mx20cm_Wood_Panels (2),1.79,0.69,-0.31
172.349,0,Wall_3mx20cm_Wood_Panels (2),1.80,0.68,-0.31
172.377,0,Wall_3mx20cm_Wood_Panels (2),1.81,0.67,-0.31
172.417,0,Wall_3mx20cm_Wood_Panels (2),1.83,0.68,-0.31
172.446,0,Wall_3mx20cm_Wood_Panels (2),1.87,0.69,-0.31
172.488,0,Wall_3mx20cm_Wood_Panels (2),1.89,0.67,-0.31
172.516,0,Wall_3mx20cm_Wood_Panels (2),1.90,0.66,-0.31
172.543,0,Wall_3mx20cm_Wood_Panels (2),1.91,0.65,-0.31
172.585,0,Wall_3mx20cm_Wood_Panels (2),1.96,0.64,-0.31
172.614,0,Wall_3mx20cm_Wood_Panels (2),1.98,0.65,-0.31
172.654,0,Wall_3mx20cm_Wood_Panels (2),2.02,0.66,-0.31
172.682,0,Wall_3mx20cm_Wood_Panels (2),2.04,0.66,-0.31
172.710,0,Wall_3mx20cm_Wood_Panels (2),2.03,0.65,-0.31
172.752,0,Wall_3mx20cm_Wood_Panels (2),2.01,0.63,-0.31
172.779,0,Wall_3mx20cm_Wood_Panels (2),1.99,0.63,-0.31
172.820,0,Wall_3mx20cm_Wood_Panels (2),1.96,0.65,-0.31
172.848,0,Wall_3mx20cm_Wood_Panels (2),1.96,0.68,-0.31
172.876,0,Wall_3mx20cm_Wood_Panels (2),1.97,0.69,-0.31
172.919,0,Wall_3mx20cm_Wood_Panels (2),1.99,0.68,-0.31
172.948,0,Wall_3mx20cm_Wood_Panels (2),1.99,0.66,-0.31
172.976,0,Wall_3mx20cm_Wood_Panels (2),1.99,0.64,-0.31
173.014,0,Wall_3mx20cm_Wood_Panels (2),1.99,0.64,-0.31
173.044,0,Wall_3mx20cm_Wood_Panels (2),1.99,0.65,-0.31
173.084,0,Wall_3mx20cm_Wood_Panels (2),2.00,0.66,-0.31
173.114,0,Wall_3mx20cm_Wood_Panels (2),2.01,0.65,-0.31
173.154,0,Wall_3mx20cm_Wood_Panels (2),2.00,0.63,-0.31
173.182,0,Wall_3mx20cm_Wood_Panels (2),1.98,0.62,-0.31
173.210,0,Wall_3mx20cm_Wood_Panels (2),1.97,0.63,-0.31
173.252,0,Wall_3mx20cm_Wood_Panels (2),1.95,0.66,-0.31
173.280,0,Wall_3mx20cm_Wood_Panels (2),1.96,0.68,-0.31
173.321,0,Wall_3mx20cm_Wood_Panels (2),2.00,0.68,-0.31
173.350,0,Wall_3mx20cm_Wood_Panels (2),2.00,0.66,-0.31
173.377,0,Wall_3mx20cm_Wood_Panels (2),2.00,0.65,-0.31
173.419,0,Wall_3mx20cm_Wood_Panels (2),1.95,0.64,-0.31
173.447,0,Wall_3mx20cm_Wood_Panels (2),1.93,0.65,-0.31
173.475,0,Wall_3mx20cm_Wood_Panels (2),1.92,0.66,-0.31
173.516,0,Wall_3mx20cm_Wood_Panels (2),1.95,0.66,-0.31
173.545,0,Wall_3mx20cm_Wood_Panels (2),1.96,0.65,-0.31
173.586,0,Wall_3mx20cm_Wood_Panels (2),1.96,0.63,-0.31
173.614,0,Wall_3mx20cm_Wood_Panels (2),1.93,0.62,-0.31
173.642,0,Wall_3mx20cm_Wood_Panels (2),1.92,0.62,-0.31
173.684,0,Wall_3mx20cm_Wood_Panels (2),1.91,0.65,-0.31
173.712,0,Wall_3mx20cm_Wood_Panels (2),1.92,0.66,-0.31
173.754,0,Wall_3mx20cm_Wood_Panels (2),1.92,0.66,-0.31
173.782,0,Wall_3mx20cm_Wood_Panels (2),1.91,0.64,-0.31
173.809,0,Wall_3mx20cm_Wood_Panels (2),1.91,0.62,-0.31
173.851,0,Wall_3mx20cm_Wood_Panels (2),1.90,0.61,-0.31
173.880,0,Wall_3mx20cm_Wood_Panels (2),1.91,0.61,-0.31
173.921,0,Wall_3mx20cm_Wood_Panels (2),1.93,0.64,-0.31
173.948,0,Wall_3mx20cm_Wood_Panels (2),1.96,0.64,-0.31
173.976,0,Wall_3mx20cm_Wood_Panels (2),1.97,0.63,-0.31
174.018,0,Wall_3mx20cm_Wood_Panels (2),1.97,0.61,-0.31
174.047,0,Wall_3mx20cm_Wood_Panels (2),1.96,0.60,-0.31
174.089,0,Wall_3mx20cm_Wood_Panels (2),1.94,0.60,-0.31
174.116,0,Wall_3mx20cm_Wood_Panels (2),1.92,0.62,-0.31
174.144,0,Wall_3mx20cm_Wood_Panels (2),1.92,0.63,-0.31
174.186,0,Wall_3mx20cm_Wood_Panels (2),1.94,0.64,-0.31
174.214,0,Wall_3mx20cm_Wood_Panels (2),1.94,0.63,-0.31
174.242,0,Wall_3mx20cm_Wood_Panels (2),1.93,0.61,-0.31
174.283,0,Wall_3mx20cm_Wood_Panels (2),1.93,0.59,-0.31
174.311,0,Wall_3mx20cm_Wood_Panels (2),1.91,0.60,-0.31
174.354,0,Wall_3mx20cm_Wood_Panels (2),1.90,0.62,-0.31
174.381,0,Wall_3mx20cm_Wood_Panels (2),1.90,0.63,-0.31
174.419,0,Wall_3mx20cm_Wood_Panels (2),1.89,0.63,-0.31
174.451,0,Wall_3mx20cm_Wood_Panels (2),1.89,0.62,-0.31
174.479,0,Wall_3mx20cm_Wood_Panels (2),1.87,0.60,-0.31
174.521,0,Wall_3mx20cm_Wood_Panels (2),1.83,0.60,-0.31
174.549,0,Wall_3mx20cm_Wood_Panels (2),1.82,0.61,-0.31
174.577,0,Wall_3mx20cm_Wood_Panels (2),1.82,0.62,-0.31
174.622,0,Wall_3mx20cm_Wood_Panels (2),1.82,0.65,-0.31
174.647,0,Wall_3mx20cm_Wood_Panels (2),1.82,0.65,-0.31
174.689,0,Wall_3mx20cm_Wood_Panels (2),1.79,0.65,-0.31
174.715,0,Wall_3mx20cm_Wood_Panels (2),1.76,0.66,-0.31
174.743,0,Wall_3mx20cm_Wood_Panels (2),1.73,0.68,-0.31
174.784,0,Wall_3mx20cm_Wood_Panels (2),1.72,0.68,-0.31
174.812,0,Wall_3mx20cm_Wood_Panels (2),1.73,0.69,-0.31
174.853,0,Wall_3mx20cm_Wood_Panels (2),1.75,0.68,-0.31
174.880,0,Wall_3mx20cm_Wood_Panels (2),1.77,0.67,-0.31
174.909,0,Wall_3mx20cm_Wood_Panels (2),1.78,0.66,-0.31
174.951,0,Wall_3mx20cm_Wood_Panels (2),1.81,0.66,-0.31
174.979,0,Wall_3mx20cm_Wood_Panels (2),1.83,0.68,-0.31
175.021,0,Wall_3mx20cm_Wood_Panels (2),1.87,0.68,-0.31
175.050,0,Wall_3mx20cm_Wood_Panels (2),1.87,0.67,-0.31
175.076,0,Wall_3mx20cm_Wood_Panels (2),1.88,0.66,-0.31
175.118,0,Wall_3mx20cm_Wood_Panels (2),1.86,0.65,-0.31
175.145,0,Wall_3mx20cm_Wood_Panels (2),1.85,0.65,-0.31
175.187,0,Wall_3mx20cm_Wood_Panels (2),1.83,0.67,-0.31
175.215,0,Wall_3mx20cm_Wood_Panels (2),1.85,0.68,-0.31
175.243,0,Wall_3mx20cm_Wood_Panels (2),1.86,0.68,-0.31
175.285,0,Wall_3mx20cm_Wood_Panels (2),1.86,0.66,-0.31
175.313,0,Wall_3mx20cm_Wood_Panels (2),1.86,0.65,-0.31
175.355,0,Wall_3mx20cm_Wood_Panels (2),1.86,0.65,-0.31
175.382,0,Wall_3mx20cm_Wood_Panels (2),1.88,0.65,-0.31
175.410,0,Wall_3mx20cm_Wood_Panels (2),1.89,0.66,-0.31
175.453,0,Wall_3mx20cm_Wood_Panels (2),1.91,0.66,-0.31
175.480,0,Wall_3mx20cm_Wood_Panels (2),1.91,0.67,-0.31
175.522,0,Wall_3mx20cm_Wood_Panels (2),1.89,0.66,-0.31
175.550,0,Wall_3mx20cm_Wood_Panels (2),1.87,0.66,-0.31
175.578,0,Wall_3mx20cm_Wood_Panels (2),1.86,0.66,-0.31
175.618,0,Wall_3mx20cm_Wood_Panels (2),1.86,0.66,-0.31
175.646,0,Wall_3mx20cm_Wood_Panels (2),1.87,0.65,-0.31
175.689,0,Wall_3mx20cm_Wood_Panels (2),1.89,0.68,-0.31
175.716,0,Wall_3mx20cm_Wood_Panels (2),1.90,0.68,-0.31
175.745,0,Wall_3mx20cm_Wood_Panels (2),1.90,0.68,-0.31
175.786,0,Wall_3mx20cm_Wood_Panels (2),1.87,0.66,-0.31
175.814,0,Wall_3mx20cm_Wood_Panels (2),1.86,0.65,-0.31
175.842,0,Wall_3mx20cm_Wood_Panels (2),1.85,0.64,-0.31
175.884,0,Wall_3mx20cm_Wood_Panels (2),1.86,0.65,-0.31
175.912,0,Wall_3mx20cm_Wood_Panels (2),1.88,0.67,-0.31
175.954,0,Wall_3mx20cm_Wood_Panels (2),1.91,0.69,-0.31
175.982,0,Wall_3mx20cm_Wood_Panels (2),1.91,0.68,-0.31
176.009,0,Wall_3mx20cm_Wood_Panels (2),1.90,0.66,-0.31
176.051,0,Wall_3mx20cm_Wood_Panels (2),1.90,0.63,-0.31
176.079,0,Wall_3mx20cm_Wood_Panels (2),1.90,0.62,-0.31
176.121,0,Wall_3mx20cm_Wood_Panels (2),1.90,0.64,-0.31
176.149,0,Wall_3mx20cm_Wood_Panels (2),1.93,0.66,-0.31
176.176,0,Wall_3mx20cm_Wood_Panels (2),1.95,0.67,-0.31
176.218,0,Wall_3mx20cm_Wood_Panels (2),1.97,0.65,-0.31
176.246,0,Wall_3mx20cm_Wood_Panels (2),1.98,0.64,-0.31
176.288,0,Wall_3mx20cm_Wood_Panels (2),1.99,0.62,-0.31
176.315,0,Wall_3mx20cm_Wood_Panels (2),1.99,0.63,-0.31
176.343,0,Wall_3mx20cm_Wood_Panels (2),2.00,0.63,-0.31
176.386,0,Wall_3mx20cm_Wood_Panels (2),2.03,0.65,-0.31
176.414,0,Wall_3mx20cm_Wood_Panels (2),2.05,0.64,-0.31
176.455,0,Wall_3mx20cm_Wood_Panels (2),2.08,0.62,-0.31
176.483,0,Wall_3mx20cm_Wood_Panels (2),2.10,0.59,-0.31
176.511,0,Wall_3mx20cm_Wood_Panels (2),2.11,0.58,-0.31
176.552,0,Wall_3mx20cm_Wood_Panels (2),2.13,0.59,-0.31
176.580,0,Wall_3mx20cm_Wood_Panels (2),2.14,0.60,-0.31
176.622,0,Wall_3mx20cm_Wood_Panels (2),2.16,0.61,-0.31
176.650,0,Wall_3mx20cm_Wood_Panels (2),2.17,0.60,-0.31
176.679,0,Wall_3mx20cm_Wood_Panels (2),2.16,0.59,-0.31
176.720,0,Wall_3mx20cm_Wood_Panels (2),2.16,0.57,-0.31
176.748,0,Wall_3mx20cm_Wood_Panels (2),2.15,0.57,-0.31
176.776,0,Wall_3mx20cm_Wood_Panels (2),2.15,0.58,-0.31
176.817,0,Wall_3mx20cm_Wood_Panels (2),2.16,0.60,-0.31
176.845,0,Wall_3mx20cm_Wood_Panels (2),2.18,0.61,-0.31
176.887,0,Wall_3mx20cm_Wood_Panels (2),2.18,0.59,-0.31
176.915,0,Wall_3mx20cm_Wood_Panels (2),2.17,0.57,-0.31
176.943,0,Wall_3mx20cm_Wood_Panels (2),2.15,0.56,-0.31
176.985,0,Wall_3mx20cm_Wood_Panels (2),2.15,0.56,-0.31
177.013,0,Wall_3mx20cm_Wood_Panels (2),2.15,0.58,-0.31
177.055,0,Wall_3mx20cm_Wood_Panels (2),2.18,0.60,-0.31
177.083,0,Wall_3mx20cm_Wood_Panels (2),2.19,0.59,-0.31
177.111,0,Wall_3mx20cm_Wood_Panels (2),2.19,0.58,-0.31
177.154,0,Wall_3mx20cm_Wood_Panels (2),2.17,0.56,-0.31
177.181,0,Wall_3mx20cm_Wood_Panels (2),2.16,0.56,-0.31
177.209,0,Wall_3mx20cm_Wood_Panels (2),2.15,0.57,-0.31
177.250,0,Wall_3mx20cm_Wood_Panels (2),2.17,0.59,-0.31
177.279,0,Wall_3mx20cm_Wood_Panels (2),2.18,0.59,-0.31
177.320,0,Wall_3mx20cm_Wood_Panels (2),2.17,0.58,-0.31
177.348,0,Wall_3mx20cm_Wood_Panels (2),2.16,0.57,-0.31
177.377,0,Wall_3mx20cm_Wood_Panels (2),2.14,0.57,-0.31
177.418,0,Wall_3mx20cm_Wood_Panels (2),2.10,0.58,-0.31
177.447,0,Wall_3mx20cm_Wood_Panels (2),2.09,0.60,-0.31
177.488,0,Wall_3mx20cm_Wood_Panels (2),2.08,0.61,-0.31
177.516,0,Wall_3mx20cm_Wood_Panels (2),2.07,0.61,-0.31
177.543,0,Wall_3mx20cm_Wood_Panels (2),2.06,0.61,-0.31
177.584,0,Wall_3mx20cm_Wood_Panels (2),2.02,0.60,-0.31
177.611,0,Wall_3mx20cm_Wood_Panels (2),2.01,0.59,-0.31
177.653,0,Wall_3mx20cm_Wood_Panels (2),1.98,0.61,-0.31
177.681,0,Wall_3mx20cm_Wood_Panels (2),1.97,0.63,-0.31
177.723,0,Wall_3mx20cm_Wood_Panels (2),1.96,0.64,-0.31
177.750,0,Wall_3mx20cm_Wood_Panels (2),1.94,0.64,-0.31
177.779,0,Wall_3mx20cm_Wood_Panels (2),1.90,0.63,-0.31
177.819,0,Wall_3mx20cm_Wood_Panels (2),1.86,0.63,-0.31
177.851,0,Wall_3mx20cm_Wood_Panels (2),1.83,0.64,-0.31
177.879,0,Wall_3mx20cm_Wood_Panels (2),1.81,0.65,-0.31
177.920,0,Wall_3mx20cm_Wood_Panels (2),1.80,0.67,-0.31
177.947,0,Wall_3mx20cm_Wood_Panels (2),1.80,0.68,-0.31
177.977,0,Wall_3mx20cm_Wood_Panels (2),1.78,0.68,-0.31
178.030,0,Wall_3mx20cm_Wood_Panels (2),1.73,0.69,-0.31
178.043,0,Wall_3mx20cm_Wood_Panels (2),1.67,0.70,-0.31
178.085,0,Wall_3mx20cm_Wood_Panels (2),1.61,0.71,-0.31
178.113,0,Wall_3mx20cm_Wood_Panels (2),1.55,0.72,-0.31
178.154,0,Wall_3mx20cm_Wood_Panels (2),1.47,0.72,-0.31
178.183,0,Wall_3mx20cm_Door (1),1.41,0.73,-0.32
178.210,0,Wall_3mx20cm_Door (1),1.41,0.72,-0.35
178.252,0,Wall_3mx20cm_Door (1),1.41,0.71,-0.40
178.278,0,Wall_3mx20cm_Door (1),1.41,0.70,-0.44
178.320,0,Wall_3mx20cm_Door (1),1.41,0.68,-0.49
178.348,0,Wall_3mx20cm_Door (1),1.41,0.66,-0.52
178.376,0,Wall_3mx20cm_Door (1),1.41,0.65,-0.54
178.419,0,Wall_3mx20cm_Door (1),1.41,0.65,-0.55
178.446,0,Wall_3mx20cm_Door (1),1.41,0.64,-0.55
178.489,0,Wall_3mx20cm_Door (1),1.41,0.62,-0.56
178.516,0,Wall_3mx20cm_Door (1),1.41,0.61,-0.56
178.545,0,Wall_3mx20cm_Door (1),1.41,0.61,-0.55
178.587,0,Wall_3mx20cm_Door (1),1.41,0.64,-0.54
178.615,0,Wall_3mx20cm_Door (1),1.41,0.66,-0.53
178.656,0,Wall_3mx20cm_Door (1),1.41,0.67,-0.52
178.683,0,Wall_3mx20cm_Door (1),1.41,0.68,-0.52
178.711,0,Wall_3mx20cm_Door (1),1.41,0.68,-0.52
178.754,0,Wall_3mx20cm_Door (1),1.41,0.67,-0.53
178.781,0,Wall_3mx20cm_Door (1),1.41,0.68,-0.53
178.821,0,Wall_3mx20cm_Door (1),1.41,0.69,-0.53
178.850,0,Wall_3mx20cm_Door (1),1.41,0.69,-0.53
178.876,0,Wall_3mx20cm_Door (1),1.41,0.70,-0.51
178.917,0,Wall_3mx20cm_Door (1),1.41,0.70,-0.47
178.948,0,Wall_3mx20cm_Door (1),1.41,0.70,-0.45
178.977,0,Wall_3mx20cm_Door (1),1.41,0.70,-0.43
179.015,0,Wall_3mx20cm_Door (1),1.41,0.71,-0.40
179.043,0,Wall_3mx20cm_Door (1),1.41,0.71,-0.38
179.086,0,Wall_3mx20cm_Door (1),1.41,0.71,-0.35
179.117,0,Wall_3mx20cm_Door (1),1.41,0.71,-0.33
179.157,0,Wall_3mx20cm_Wood_Panels (2),1.45,0.70,-0.31
179.187,0,Wall_3mx20cm_Wood_Panels (2),1.54,0.67,-0.31
179.212,0,Wall_3mx20cm_Wood_Panels (2),1.56,0.66,-0.31
179.254,0,Wall_3mx20cm_Wood_Panels (2),1.64,0.61,-0.31
179.282,0,Wall_3mx20cm_Wood_Panels (2),1.65,0.59,-0.31
179.309,0,Wall_3mx20cm_Wood_Panels (2),1.63,0.58,-0.31
179.352,0,Wall_3mx20cm_Wood_Panels (2),1.59,0.59,-0.31
179.379,0,Wall_3mx20cm_Wood_Panels (2),1.56,0.59,-0.31
179.420,0,Wall_3mx20cm_Wood_Panels (2),1.53,0.60,-0.31
179.448,0,Wall_3mx20cm_Wood_Panels (2),1.54,0.58,-0.31
179.491,0,Wall_3mx20cm_Wood_Panels (2),1.55,0.55,-0.31
179.519,0,Wall_3mx20cm_Wood_Panels (2),1.55,0.52,-0.31
179.546,0,Wall_3mx20cm_Wood_Panels (2),1.55,0.51,-0.31
179.588,0,Wall_3mx20cm_Wood_Panels (2),1.57,0.51,-0.31
179.616,0,Wall_3mx20cm_Wood_Panels (2),1.57,0.51,-0.31
179.644,0,Wall_3mx20cm_Wood_Panels (2),1.55,0.51,-0.31
179.685,0,Wall_3mx20cm_Wood_Panels (2),1.50,0.51,-0.31
179.713,0,Wall_3mx20cm_Wood_Panels (2),1.49,0.51,-0.31
179.755,0,Wall_3mx20cm_Wood_Panels (2),1.49,0.51,-0.31
179.783,0,Wall_3mx20cm_Wood_Panels (2),1.50,0.51,-0.31
179.811,0,Wall_3mx20cm_Wood_Panels (2),1.52,0.52,-0.31
179.854,0,Wall_3mx20cm_Wood_Panels (2),1.53,0.53,-0.31
179.881,0,Wall_3mx20cm_Wood_Panels (2),1.52,0.53,-0.31
179.922,0,Wall_3mx20cm_Wood_Panels (2),1.49,0.54,-0.31
179.952,0,Wall_3mx20cm_Wood_Panels (2),1.47,0.55,-0.31
179.979,0,Wall_3mx20cm_Wood_Panels (2),1.43,0.54,-0.31
180.021,0,Wall_3mx20cm_Door (1),1.41,0.53,-0.33
180.048,0,Wall_3mx20cm_Door (1),1.41,0.51,-0.36
180.091,0,Wall_3mx20cm_Door (1),1.41,0.46,-0.42
180.119,0,Wall_3mx20cm_Door (1),1.41,0.43,-0.47
180.147,0,Wall_3mx20cm_Door (1),1.41,0.40,-0.54
180.188,0,Wall_3mx20cm_Door (1),1.41,0.35,-0.68
180.217,0,Wall_3mx20cm_Door (1),1.41,0.32,-0.79
180.245,0,Wall_3mx20cm_Door (1),1.41,0.30,-0.93
180.287,0,Wall_3mx20cm_Conference_Door,1.41,0.25,-1.16
180.314,0,Wall_3mx20cm_Conference_Door,1.41,0.21,-1.32
180.357,0,Wall_3mx20cm_Conference_Door,1.41,0.13,-1.58
180.385,0,Conference_Room_Door_L,1.33,0.07,-1.76
180.413,0,Conference_Room_Door_L,1.33,0.00,-1.95
180.454,0,Conference_Room_Door_L,1.33,-0.13,-2.22
180.482,0,Conference_Room_Door_L,1.33,-0.22,-2.37
180.510,0,Conference_Room_Door_L,1.33,-0.32,-2.51
180.552,0,Conference_Room_Door_R,1.33,-0.46,-2.68
180.579,0,Conference_Room_Door_R,1.33,-0.51,-2.75
180.621,0,Conference_Room_Door_R,1.33,-0.56,-2.82
180.648,0,Conference_Room_Door_R,1.33,-0.57,-2.83
180.677,0,Conference_Room_Door_R,1.33,-0.56,-2.83
180.719,0,Conference_Room_Door_R,1.33,-0.55,-2.80
180.746,0,Conference_Room_Door_R,1.33,-0.56,-2.79
180.788,0,Conference_Room_Door_R,1.33,-0.58,-2.77
180.816,0,Conference_Room_Door_R,1.33,-0.60,-2.76
180.844,0,Conference_Room_Door_R,1.33,-0.60,-2.75
180.885,0,Conference_Room_Door_R,1.33,-0.59,-2.74
180.914,0,Conference_Room_Door_R,1.33,-0.57,-2.74
180.956,0,Conference_Room_Door_R,1.33,-0.56,-2.75
180.984,0,Conference_Room_Door_R,1.33,-0.55,-2.77
181.011,0,Conference_Room_Door_R,1.33,-0.54,-2.77
181.053,0,Conference_Room_Door_R,1.33,-0.54,-2.79
181.081,0,Conference_Room_Door_R,1.33,-0.55,-2.79
181.123,0,Conference_Room_Door_R,1.33,-0.54,-2.80
181.151,0,Conference_Room_Door_R,1.33,-0.54,-2.80
181.179,0,Conference_Room_Door_R,1.33,-0.54,-2.79
181.221,0,Conference_Room_Door_R,1.33,-0.54,-2.79
181.248,0,Conference_Room_Door_R,1.33,-0.54,-2.79
181.291,0,Conference_Room_Door_R,1.33,-0.54,-2.79
181.318,0,Conference_Room_Door_R,1.33,-0.54,-2.79
181.346,0,Conference_Room_Door_R,1.33,-0.53,-2.80
181.386,0,Conference_Room_Door_R,1.33,-0.53,-2.80
181.414,0,Conference_Room_Door_R,1.33,-0.52,-2.80
181.456,0,Conference_Room_Door_R,1.33,-0.51,-2.81
181.484,0,Conference_Room_Door_R,1.33,-0.51,-2.82
181.513,0,Conference_Room_Door_R,1.33,-0.50,-2.82
181.554,0,Conference_Room_Door_R,1.33,-0.49,-2.84
181.582,0,Conference_Room_Door_R,1.33,-0.49,-2.84
181.623,0,Conference_Room_Door_R,1.33,-0.49,-2.84
181.651,0,Conference_Room_Door_R,1.33,-0.50,-2.84
181.679,0,Conference_Room_Door_R,1.33,-0.50,-2.84
181.721,0,Conference_Room_Door_R,1.33,-0.49,-2.83
181.749,0,Conference_Room_Door_R,1.33,-0.49,-2.82
181.791,0,Conference_Room_Door_R,1.33,-0.49,-2.82
181.819,0,Conference_Room_Door_R,1.33,-0.49,-2.82
181.846,0,Conference_Room_Door_R,1.33,-0.48,-2.82
181.888,0,Conference_Room_Door_R,1.33,-0.49,-2.83
181.917,0,Conference_Room_Door_R,1.33,-0.49,-2.83
181.944,0,Conference_Room_Door_R,1.33,-0.49,-2.83
181.986,0,Conference_Room_Door_R,1.33,-0.50,-2.84
182.013,0,Conference_Room_Door_R,1.33,-0.50,-2.84
182.055,0,Conference_Room_Door_R,1.33,-0.48,-2.84
182.083,0,Conference_Room_Door_R,1.33,-0.47,-2.84
182.112,0,Conference_Room_Door_R,1.33,-0.46,-2.84
182.154,0,Conference_Room_Door_R,1.33,-0.46,-2.83
182.181,0,Conference_Room_Door_R,1.33,-0.46,-2.83
182.223,0,Conference_Room_Door_R,1.33,-0.45,-2.83
182.251,0,Conference_Room_Door_R,1.33,-0.45,-2.83
182.279,0,Conference_Room_Door_R,1.33,-0.45,-2.83
182.322,0,Conference_Room_Door_R,1.33,-0.45,-2.84
182.349,0,Conference_Room_Door_R,1.33,-0.45,-2.85
182.391,0,Conference_Room_Door_R,1.33,-0.45,-2.85
182.418,0,Conference_Room_Door_R,1.33,-0.45,-2.86
182.446,0,Conference_Room_Door_R,1.33,-0.45,-2.86
182.487,0,Conference_Room_Door_R,1.33,-0.45,-2.86
182.514,0,Conference_Room_Door_R,1.33,-0.46,-2.86
182.558,0,Conference_Room_Door_R,1.33,-0.46,-2.85
182.585,0,Conference_Room_Door_R,1.33,-0.46,-2.84
182.613,0,Conference_Room_Door_R,1.33,-0.45,-2.83
182.655,0,Conference_Room_Door_R,1.33,-0.44,-2.83
182.683,0,Conference_Room_Door_R,1.33,-0.43,-2.83
182.711,0,Conference_Room_Door_R,1.33,-0.42,-2.84
182.753,0,Conference_Room_Door_R,1.33,-0.42,-2.85
182.781,0,Conference_Room_Door_R,1.33,-0.42,-2.85
182.822,0,Conference_Room_Door_R,1.33,-0.43,-2.84
182.851,0,Conference_Room_Door_R,1.33,-0.42,-2.83
182.878,0,Conference_Room_Door_R,1.33,-0.40,-2.83
182.920,0,Conference_Room_Door_R,1.33,-0.38,-2.81
182.948,0,Conference_Room_Door_R,1.33,-0.36,-2.80
182.989,0,Conference_Room_Door_R,1.33,-0.31,-2.78
183.018,0,Conference_Room_Door_R,1.33,-0.25,-2.76
183.045,0,Conference_Room_Door_R,1.33,-0.16,-2.73
183.087,0,Conference_Room_Door_R,1.33,-0.05,-2.66
183.116,0,Conference_Room_Door_R,1.33,0.04,-2.63
183.157,0,Conference_Room_Door_L,1.33,0.19,-2.56
183.184,0,None,0,0,0
183.213,0,Timer,1.47,0.48,-2.37
183.254,0,Timer,1.47,0.80,-2.16
183.281,0,Timer,1.47,0.99,-2.03
183.323,0,Wall_3mx20cm_Conference_Door,1.41,1.29,-1.85
183.351,0,Wall_3mx20cm_Conference_Door,1.41,1.48,-1.74
183.379,0,Ceiling_log_3m (20),1.52,1.61,-1.65
183.420,0,Ceiling_3x3m (6),1.86,1.70,-1.54
183.448,0,Ceiling_log_3m (21),2.46,1.51,-1.51
183.490,0,Ceiling_log_3m (21),2.46,1.64,-1.42
183.518,0,Ceiling_3x3m (6),2.46,1.70,-1.37
183.546,0,Ceiling_3x3m (6),2.54,1.70,-1.35
183.588,0,Ceiling_3x3m (6),2.58,1.70,-1.34
183.616,0,Ceiling_3x3m (6),2.56,1.70,-1.35
183.657,0,Ceiling_3x3m (6),2.51,1.70,-1.37
183.685,0,Ceiling_3x3m (6),2.49,1.70,-1.39
183.713,0,Ceiling_3x3m (6),2.46,1.70,-1.42
183.754,0,Ceiling_log_3m (21),2.46,1.70,-1.45
183.782,0,Ceiling_3x3m (6),2.47,1.70,-1.48
183.824,0,Ceiling_3x3m (6),2.49,1.70,-1.50
183.852,0,Ceiling_3x3m (6),2.50,1.70,-1.50
183.881,0,Ceiling_3x3m (6),2.49,1.70,-1.49
183.921,0,Ceiling_log_3m (21),2.46,1.69,-1.47
183.950,0,Ceiling_log_3m (21),2.46,1.68,-1.46
183.978,0,Ceiling_log_3m (21),2.46,1.69,-1.45
184.019,0,Ceiling_log_3m (21),2.46,1.68,-1.43
184.047,0,Ceiling_log_3m (21),2.46,1.68,-1.42
184.089,0,Ceiling_log_3m (21),2.46,1.67,-1.41
184.117,0,Ceiling_log_3m (21),2.46,1.66,-1.40
184.145,0,Ceiling_log_3m (21),2.46,1.65,-1.40
184.186,0,Ceiling_log_3m (21),2.46,1.65,-1.39
184.214,0,Ceiling_log_3m (21),2.46,1.65,-1.39
184.256,0,Ceiling_log_3m (21),2.46,1.65,-1.38
184.285,0,Ceiling_log_3m (21),2.46,1.66,-1.38
184.312,0,Ceiling_log_3m (21),2.46,1.66,-1.38
184.353,0,Ceiling_log_3m (21),2.46,1.66,-1.37
184.382,0,Ceiling_log_3m (21),2.46,1.65,-1.37
184.424,0,Ceiling_log_3m (21),2.46,1.64,-1.37
184.451,0,Ceiling_log_3m (21),2.46,1.63,-1.37
184.479,0,Ceiling_log_3m (21),2.46,1.62,-1.37
184.521,0,Ceiling_log_3m (21),2.46,1.62,-1.36
184.549,0,Ceiling_log_3m (21),2.46,1.63,-1.35
184.590,0,Ceiling_log_3m (21),2.46,1.63,-1.35
184.616,0,Ceiling_log_3m (21),2.46,1.64,-1.34
184.645,0,Ceiling_log_3m (21),2.46,1.64,-1.33
184.687,0,Ceiling_log_3m (21),2.46,1.64,-1.32
184.715,0,Ceiling_log_3m (21),2.46,1.63,-1.32
184.757,0,Ceiling_log_3m (21),2.46,1.62,-1.31
184.784,0,Ceiling_log_3m (21),2.46,1.60,-1.31
184.812,0,Ceiling_log_3m (21),2.46,1.60,-1.30
184.855,0,Ceiling_log_3m (21),2.46,1.59,-1.29
184.882,0,Ceiling_log_3m (21),2.46,1.59,-1.28
184.923,0,Ceiling_log_3m (21),2.46,1.58,-1.27
184.952,0,Ceiling_log_3m (21),2.46,1.59,-1.26
184.980,0,Ceiling_log_3m (21),2.46,1.59,-1.25
185.021,0,Ceiling_log_3m (21),2.46,1.59,-1.24
185.049,0,Ceiling_log_3m (21),2.46,1.59,-1.23
185.091,0,Ceiling_log_3m (21),2.46,1.57,-1.23
185.119,0,Ceiling_log_3m (21),2.46,1.56,-1.23
185.147,0,Ceiling_log_3m (21),2.46,1.54,-1.22
185.188,0,Ceiling_log_3m (21),2.46,1.53,-1.22
185.216,0,Ceiling_log_3m (21),2.46,1.53,-1.21
185.244,0,Ceiling_log_3m (21),2.46,1.55,-1.20
185.285,0,Ceiling_log_3m (21),2.46,1.56,-1.20
185.314,0,Ceiling_log_3m (21),2.46,1.57,-1.19
185.358,0,Ceiling_log_3m (21),2.46,1.55,-1.19
185.384,0,Ceiling_log_3m (21),2.46,1.53,-1.19
185.413,0,Ceiling_log_3m (21),2.46,1.51,-1.19
185.454,0,Ceiling_log_3m (21),2.41,1.50,-1.17
185.482,0,Ceiling_log_3m (21),2.38,1.50,-1.16
185.525,0,Ceiling_log_3m (21),2.40,1.50,-1.14
185.553,0,Ceiling_log_3m (21),2.42,1.50,-1.13
185.580,0,Ceiling_log_3m (21),2.43,1.50,-1.12
185.623,0,Ceiling_log_3m (21),2.39,1.50,-1.09
185.650,0,Ceiling_3x3m (7),1.96,1.70,-1.01
185.691,0,Ceiling_3x3m (7),1.89,1.70,-0.97
185.718,0,Ceiling_3x3m (7),1.87,1.70,-0.96
185.747,0,Ceiling_3x3m (7),1.90,1.70,-0.96
185.788,0,Ceiling_3x3m (7),1.97,1.70,-0.97
185.817,0,Ceiling_3x3m (7),1.98,1.70,-0.96
185.858,0,Ceiling_3x3m (7),1.93,1.70,-0.95
185.884,0,Ceiling_3x3m (7),1.88,1.70,-0.94
185.912,0,Ceiling_3x3m (7),1.82,1.70,-0.92
185.955,0,Ceiling_3x3m (7),1.82,1.70,-0.91
185.982,0,Ceiling_3x3m (7),1.85,1.70,-0.91
186.011,0,Ceiling_3x3m (7),1.89,1.70,-0.91
186.052,0,Ceiling_3x3m (7),1.89,1.70,-0.89
186.080,0,Ceiling_3x3m (7),1.84,1.70,-0.88
186.122,0,Ceiling_3x3m (7),1.75,1.70,-0.85
186.149,0,Ceiling_3x3m (7),1.74,1.70,-0.85
186.178,0,Ceiling_3x3m (7),1.76,1.70,-0.85
186.219,0,Ceiling_3x3m (7),1.77,1.70,-0.84
186.247,0,Ceiling_3x3m (7),1.76,1.70,-0.84
186.289,0,Ceiling_3x3m (7),1.69,1.70,-0.81
186.316,0,Ceiling_3x3m (7),1.63,1.70,-0.80
186.344,0,Ceiling_3x3m (7),1.62,1.70,-0.79
186.385,0,Ceiling_3x3m (7),1.63,1.70,-0.79
186.413,0,Ceiling_3x3m (7),1.64,1.70,-0.79
186.455,0,Ceiling_3x3m (7),1.66,1.70,-0.79
186.483,0,Ceiling_3x3m (7),1.62,1.70,-0.78
186.525,0,Ceiling_3x3m (7),1.54,1.70,-0.76
186.553,0,Ceiling_3x3m (7),1.54,1.70,-0.76
186.581,0,Ceiling_3x3m (7),1.56,1.70,-0.77
186.623,0,Ceiling_3x3m (7),1.63,1.70,-0.78
186.650,0,Ceiling_3x3m (7),1.61,1.70,-0.78
186.691,0,Ceiling_log_3m (20),1.52,1.69,-0.76
186.718,0,Ceiling_log_3m (20),1.52,1.64,-0.76
186.747,0,Ceiling_log_3m (20),1.52,1.61,-0.77
186.789,0,Ceiling_log_3m (20),1.52,1.59,-0.78
186.817,0,Ceiling_log_3m (20),1.52,1.59,-0.78
186.845,0,Ceiling_log_3m (20),1.52,1.58,-0.78
186.886,0,Ceiling_log_3m (20),1.52,1.55,-0.79
186.914,0,Ceiling_log_3m (20),1.52,1.52,-0.80
186.955,0,Ceiling_log_3m (20),1.45,1.50,-0.81
186.983,0,Wall_3mx20cm_Door (1),1.41,1.48,-0.83
187.012,0,Wall_3mx20cm_Door (1),1.41,1.45,-0.85
187.052,0,Wall_3mx20cm_Door (1),1.41,1.41,-0.89
187.080,0,Wall_3mx20cm_Door (1),1.41,1.39,-0.91
187.122,0,Wall_3mx20cm_Door (1),1.41,1.35,-0.95
187.149,0,Wall_3mx20cm_Door (1),1.41,1.31,-0.97
187.191,0,Wall_3mx20cm_Door (1),1.41,1.24,-1.01
187.220,0,Wall_3mx20cm_Door (1),1.41,1.18,-1.05
187.247,0,Wall_3mx20cm_Door (1),1.41,1.11,-1.08
187.290,0,Wall_3mx20cm_Conference_Door,1.41,0.96,-1.15
187.317,0,Wall_3mx20cm_Conference_Door,1.41,0.87,-1.20
187.344,0,Wall_3mx20cm_Conference_Door,1.41,0.79,-1.25
187.386,0,Wall_3mx20cm_Conference_Door,1.41,0.66,-1.32
187.414,0,Wall_3mx20cm_Conference_Door,1.41,0.58,-1.37
187.457,0,Wall_3mx20cm_Conference_Door,1.41,0.46,-1.44
187.484,0,Wall_3mx20cm_Conference_Door,1.41,0.38,-1.49
187.512,0,Wall_3mx20cm_Conference_Door,1.41,0.29,-1.55
187.554,0,Wall_3mx20cm_Conference_Door,1.41,0.12,-1.65
187.582,0,Conference_Room_Door_L,1.33,0.01,-1.72
187.624,0,Conference_Room_Door_L,1.33,-0.18,-1.82
187.651,0,Conference_Room_Door_L,1.33,-0.26,-1.89
187.679,0,Conference_Room_Door_L,1.33,-0.33,-1.96
187.721,0,Conference_Room_Door_L,1.33,-0.44,-2.06
187.748,0,Conference_Room_Door_L,1.33,-0.52,-2.11
187.790,0,Conference_Room_Door_L,1.33,-0.61,-2.19
187.818,0,Conference_Room_Door_L,1.33,-0.65,-2.24
187.846,0,Conference_Room_Door_L,1.33,-0.66,-2.30
187.888,0,Conference_Room_Door_L,1.33,-0.64,-2.38
187.916,0,Conference_Room_Door_L,1.33,-0.64,-2.43
187.957,0,Conference_Room_Door_L,1.33,-0.67,-2.50
187.985,0,Conference_Room_Door_L,1.33,-0.68,-2.54
188.013,0,Conference_Room_Door_L,1.33,-0.69,-2.57
188.055,0,Conference_Room_Door_L,1.33,-0.70,-2.59
188.083,0,Conference_Room_Door_R,1.33,-0.69,-2.61
188.125,0,Conference_Room_Door_R,1.33,-0.68,-2.62
188.152,0,Conference_Room_Door_R,1.33,-0.66,-2.62
188.180,0,Conference_Room_Door_R,1.33,-0.64,-2.62
188.222,0,Conference_Room_Door_R,1.33,-0.63,-2.62
188.250,0,Conference_Room_Door_R,1.33,-0.63,-2.62
188.292,0,Conference_Room_Door_R,1.33,-0.62,-2.62
188.320,0,Conference_Room_Door_R,1.33,-0.61,-2.62
188.348,0,Conference_Room_Door_R,1.33,-0.60,-2.60
188.389,0,Conference_Room_Door_L,1.33,-0.60,-2.59
188.417,0,Conference_Room_Door_L,1.33,-0.61,-2.57
188.446,0,Conference_Room_Door_L,1.33,-0.62,-2.56
188.488,0,Conference_Room_Door_L,1.33,-0.62,-2.54
188.515,0,Conference_Room_Door_L,1.33,-0.61,-2.53
188.546,0,Conference_Room_Door_L,1.33,-0.62,-2.53
188.586,0,Conference_Room_Door_L,1.33,-0.63,-2.52
188.614,0,Conference_Room_Door_L,1.33,-0.64,-2.51
188.655,0,Conference_Room_Door_L,1.33,-0.64,-2.50
188.684,0,Conference_Room_Door_L,1.33,-0.64,-2.48
188.725,0,Conference_Room_Door_L,1.33,-0.62,-2.46
188.753,0,Conference_Room_Door_L,1.33,-0.61,-2.44
188.781,0,Conference_Room_Door_L,1.33,-0.63,-2.41
188.822,0,Conference_Room_Door_L,1.33,-0.72,-2.35
188.850,0,Conference_Room_Door_L,1.33,-0.78,-2.31
188.892,0,Auto Hand Player,6.62,-0.74,-1.86
188.920,0,Auto Hand Player,6.62,-0.74,-1.86
188.948,0,Auto Hand Player,6.62,-0.74,-1.86
188.989,0,Conference_Room_Door_L,1.33,-0.93,-2.07
189.018,0,Conference_Room_Door_L,1.33,-0.97,-2.02
189.045,0,Conference_Room_Door_L,1.33,-1.03,-1.99
189.087,0,Auto Hand Player,6.61,-0.74,-1.85
189.114,0,Auto Hand Player,6.61,-0.74,-1.85
189.157,0,Conference_Room_Door_L,1.33,-1.15,-2.00
189.185,0,Conference_Room_Door_L,1.33,-1.18,-2.04
189.212,0,Auto Hand Player,6.61,-0.75,-1.86
189.253,0,Auto Hand Player,6.61,-0.75,-1.86
189.281,0,Auto Hand Player,6.61,-0.75,-1.86
189.323,0,Auto Hand Player,6.61,-0.75,-1.86
189.351,0,Auto Hand Player,6.61,-0.75,-1.86
189.393,0,Auto Hand Player,6.60,-0.75,-1.86
189.420,0,Auto Hand Player,6.60,-0.75,-1.86
189.448,0,Auto Hand Player,6.61,-0.75,-1.86
189.490,0,Auto Hand Player,6.61,-0.75,-1.86
189.518,0,Auto Hand Player,6.61,-0.75,-1.86
189.545,0,Auto Hand Player,6.61,-0.75,-1.86
189.588,0,Auto Hand Player,6.61,-0.75,-1.86
189.616,0,Auto Hand Player,6.61,-0.75,-1.86
189.658,0,Auto Hand Player,6.61,-0.75,-1.86
189.685,0,Auto Hand Player,6.61,-0.76,-1.86
189.713,0,Auto Hand Player,6.61,-0.76,-1.86
189.755,0,Auto Hand Player,6.61,-0.76,-1.86
189.782,0,Auto Hand Player,6.61,-0.76,-1.86
189.824,0,Auto Hand Player,6.61,-0.76,-1.86
189.851,0,Auto Hand Player,6.62,-0.76,-1.85
189.879,0,Auto Hand Player,6.62,-0.76,-1.85
189.921,0,Auto Hand Player,6.62,-0.76,-1.85
189.949,0,Auto Hand Player,6.62,-0.76,-1.85
189.991,0,Auto Hand Player,6.62,-0.75,-1.85
190.018,0,Auto Hand Player,6.62,-0.75,-1.85
190.047,0,Auto Hand Player,6.62,-0.75,-1.85
190.088,0,Auto Hand Player,6.62,-0.75,-1.85
190.117,0,Auto Hand Player,6.62,-0.75,-1.85
190.157,0,Conference_Room_Door_L,1.33,-1.11,-2.10
190.185,0,Auto Hand Player,6.62,-0.74,-1.84
190.213,0,Auto Hand Player,6.62,-0.74,-1.84
190.255,0,Auto Hand Player,6.62,-0.74,-1.84
190.281,0,Auto Hand Player,6.62,-0.74,-1.84
190.323,0,Auto Hand Player,6.62,-0.74,-1.84
190.351,0,Auto Hand Player,6.62,-0.74,-1.84
190.378,0,Auto Hand Player,6.62,-0.74,-1.84
190.420,0,Auto Hand Player,6.62,-0.74,-1.84
190.448,0,Auto Hand Player,6.62,-0.74,-1.84
190.490,0,Auto Hand Player,6.62,-0.74,-1.84
190.521,0,Auto Hand Player,6.62,-0.74,-1.84
190.546,0,Auto Hand Player,6.62,-0.74,-1.84
190.589,0,Conference_Room_Door_L,1.33,-0.69,-2.10
190.615,0,Conference_Room_Door_L,1.33,-0.66,-2.11
190.657,0,Conference_Room_Door_L,1.33,-0.65,-2.14
190.683,0,Conference_Room_Door_L,1.33,-0.65,-2.16
190.725,0,Conference_Room_Door_L,1.33,-0.67,-2.19
190.754,0,Conference_Room_Door_L,1.33,-0.66,-2.22
190.781,0,Conference_Room_Door_L,1.33,-0.63,-2.25
190.823,0,Conference_Room_Door_L,1.33,-0.59,-2.27
190.851,0,Conference_Room_Door_L,1.33,-0.56,-2.28
190.880,0,Conference_Room_Door_L,1.33,-0.53,-2.29
190.920,0,Conference_Room_Door_L,1.33,-0.51,-2.29
190.950,0,Conference_Room_Door_L,1.33,-0.48,-2.29
190.991,0,Conference_Room_Door_L,1.33,-0.43,-2.28
191.018,0,Conference_Room_Door_L,1.33,-0.40,-2.27
191.047,0,Conference_Room_Door_L,1.33,-0.36,-2.27
191.088,0,Conference_Room_Door_L,1.33,-0.28,-2.28
191.115,0,Conference_Room_Door_L,1.33,-0.25,-2.28
191.157,0,Conference_Room_Door_L,1.33,-0.22,-2.30
191.185,0,Conference_Room_Door_L,1.33,-0.19,-2.31
191.213,0,Conference_Room_Door_L,1.33,-0.18,-2.32
191.255,0,Conference_Room_Door_L,1.33,-0.16,-2.33
191.283,0,Conference_Room_Door_L,1.33,-0.15,-2.33
191.324,0,Conference_Room_Door_L,1.33,-0.15,-2.32
191.353,0,Conference_Room_Door_L,1.33,-0.15,-2.30
191.380,0,Conference_Room_Door_L,1.33,-0.13,-2.29
191.422,0,Conference_Room_Door_L,1.33,-0.08,-2.25
191.451,0,Conference_Room_Door_L,1.33,-0.03,-2.22
191.492,0,Conference_Room_Door_L,1.33,0.05,-2.17
191.519,0,Conference_Room_Door_L,1.33,0.11,-2.14
191.548,0,Conference_Room_Door_L,1.33,0.18,-2.10
191.589,0,Conference_Room_Door_L,1.33,0.29,-2.04
191.617,0,Wall_3mx20cm_Conference_Door,1.41,0.38,-2.00
191.646,0,Timer,1.47,0.48,-1.95
191.687,0,Timer,1.47,0.63,-1.88
191.716,0,Timer,1.47,0.69,-1.84
191.757,0,Timer,1.47,0.80,-1.74
191.785,0,Wall_3mx20cm_Conference_Door,1.41,0.95,-1.65
191.813,0,Wall_3mx20cm_Conference_Door,1.41,1.13,-1.52
191.855,0,Wall_3mx20cm_Conference_Door,1.41,1.41,-1.29
191.883,0,Ceiling_log_3m (20),1.52,1.53,-1.12
191.926,0,Ceiling_3x3m (7),1.61,1.70,-0.86
191.954,0,Ceiling_3x3m (7),1.82,1.70,-0.73
191.982,0,Ceiling_3x3m (7),1.98,1.70,-0.60
192.025,0,Ceiling_log_3m (21),2.46,1.55,-0.54
192.052,0,Ceiling_log_3m (21),2.46,1.63,-0.43
192.079,0,Ceiling_3x3m (7),2.49,1.70,-0.34
192.119,0,Wall_3mx20cm_Wood_Panels (2),2.60,1.68,-0.31
192.146,0,Wall_3mx20cm_Wood_Panels (2),2.62,1.69,-0.31
192.187,0,Wall_3mx20cm_Wood_Panels (2),2.61,1.67,-0.31
192.214,0,Wall_3mx20cm_Wood_Panels (2),2.56,1.68,-0.31
192.256,0,Ceiling_3x3m (7),2.47,1.70,-0.32
192.284,0,Ceiling_log_3m (21),2.46,1.69,-0.31
192.312,0,Wall_3mx20cm_Wood_Panels (2),2.47,1.67,-0.31
192.354,0,Wall_3mx20cm_Wood_Panels (2),2.48,1.62,-0.31
192.381,0,Wall_3mx20cm_Wood_Panels (2),2.52,1.59,-0.31
192.423,0,Wall_3mx20cm_Wood_Panels (2),2.63,1.50,-0.31
192.451,0,Wall_3mx20cm_Wood_Panels (2),2.74,1.42,-0.31
192.479,0,Wall_3mx20cm_Wood_Panels (2),2.87,1.33,-0.31
192.521,0,Wall_3mx20cm_Wood_Panels (2),3.08,1.19,-0.31
192.550,0,Wall_3mx20cm_Wood_Panels (2),3.17,1.14,-0.31
192.590,0,Wall_3mx20cm_Wood_Panels (2),3.25,1.07,-0.31
192.617,0,Wall_3mx20cm_Wood_Panels (2),3.29,1.02,-0.31
192.646,0,Wall_3mx20cm_Wood_Panels (2),3.32,0.97,-0.31
192.689,0,Wall_3mx20cm_Wood_Panels (2),3.38,0.91,-0.31
192.716,0,Wall_3mx20cm_Wood_Panels (2),3.41,0.87,-0.31
192.758,0,Wall_3mx20cm_Wood_Panels (2),3.43,0.83,-0.31
192.787,0,Wall_3mx20cm_Wood_Panels (2),3.44,0.80,-0.31
192.814,0,Wall_3mx20cm_Wood_Panels (2),3.45,0.78,-0.31
192.856,0,Wall_3mx20cm_Wood_Panels (2),3.45,0.75,-0.31
192.883,0,Wall_3mx20cm_Wood_Panels (2),3.44,0.75,-0.31
192.924,0,Wall_3mx20cm_Wood_Panels (2),3.41,0.74,-0.31
192.950,0,Wall_3mx20cm_Wood_Panels (2),3.41,0.74,-0.31
192.990,0,Wall_3mx20cm_Wood_Panels (2),3.41,0.73,-0.31
193.018,0,Wall_3mx20cm_Wood_Panels (2),3.40,0.71,-0.31
193.046,0,Wall_3mx20cm_Wood_Panels (2),3.40,0.70,-0.31
193.089,0,Wall_3mx20cm_Wood_Panels (2),3.36,0.68,-0.31
193.118,0,Wall_3mx20cm_Wood_Panels (2),3.34,0.67,-0.31
193.146,0,Wall_3mx20cm_Wood_Panels (2),3.33,0.66,-0.31
193.188,0,Wall_3mx20cm_Wood_Panels (2),3.31,0.64,-0.31
193.216,0,Wall_3mx20cm_Wood_Panels (2),3.30,0.64,-0.31
193.259,0,Wall_3mx20cm_Wood_Panels (2),3.28,0.63,-0.31
193.286,0,Wall_3mx20cm_Wood_Panels (2),3.28,0.62,-0.31
193.314,0,Wall_3mx20cm_Wood_Panels (2),3.27,0.61,-0.31
193.356,0,Wall_3mx20cm_Wood_Panels (2),3.25,0.60,-0.31
193.384,0,Wall_3mx20cm_Wood_Panels (2),3.25,0.59,-0.31
193.412,0,Wall_3mx20cm_Wood_Panels (2),3.25,0.59,-0.31
193.452,0,Wall_3mx20cm_Wood_Panels (2),3.25,0.57,-0.31
193.481,0,Wall_3mx20cm_Wood_Panels (2),3.25,0.56,-0.31
193.522,0,Wall_3mx20cm_Wood_Panels (2),3.25,0.54,-0.31
193.550,0,Wall_3mx20cm_Wood_Panels (2),3.25,0.52,-0.31
193.592,0,Wall_3mx20cm_Wood_Panels (2),3.25,0.51,-0.31
193.620,0,Wall_3mx20cm_Wood_Panels (2),3.25,0.50,-0.31
193.648,0,Wall_3mx20cm_Wood_Panels (2),3.24,0.49,-0.31
193.690,0,Wall_3mx20cm_Wood_Panels (2),3.24,0.49,-0.31
193.720,0,Wall_3mx20cm_Wood_Panels (2),3.25,0.49,-0.31
193.746,0,Wall_3mx20cm_Wood_Panels (2),3.25,0.49,-0.31
193.785,0,Wall_3mx20cm_Wood_Panels (2),3.27,0.48,-0.31
193.825,0,Wall_3mx20cm_Wood_Panels (2),3.28,0.48,-0.31
193.853,0,Wall_3mx20cm_Wood_Panels (2),3.28,0.49,-0.31
193.880,0,Wall_3mx20cm_Wood_Panels (2),3.28,0.49,-0.31
193.922,0,Wall_3mx20cm_Wood_Panels (2),3.27,0.49,-0.31
193.950,0,Wall_3mx20cm_Wood_Panels (2),3.27,0.48,-0.31
193.993,0,Wall_3mx20cm_Wood_Panels (2),3.28,0.47,-0.31
194.021,0,Wall_3mx20cm_Wood_Panels (2),3.28,0.47,-0.31
194.049,0,Wall_3mx20cm_Wood_Panels (2),3.30,0.47,-0.31
194.092,0,Wall_3mx20cm_Wood_Panels (2),3.33,0.49,-0.31
194.121,0,Wall_3mx20cm_Wood_Panels (2),3.34,0.50,-0.31
194.149,0,Wall_3mx20cm_Wood_Panels (2),3.35,0.50,-0.31
194.191,0,Wall_3mx20cm_Wood_Panels (2),3.37,0.49,-0.31
194.219,0,Wall_3mx20cm_Wood_Panels (2),3.37,0.49,-0.31
194.247,0,Wall_3mx20cm_Wood_Panels (2),3.37,0.49,-0.31
194.289,0,Wall_3mx20cm_Wood_Panels (2),3.38,0.48,-0.31
194.316,0,Wall_3mx20cm_Wood_Panels (2),3.38,0.48,-0.31
194.358,0,Wall_3mx20cm_Wood_Panels (2),3.39,0.48,-0.31
194.386,0,Wall_3mx20cm_Wood_Panels (2),3.40,0.47,-0.31
194.413,0,Wall_3mx20cm_Wood_Panels (2),3.41,0.46,-0.31
194.455,0,Wall_3mx20cm_Wood_Panels (2),3.42,0.47,-0.31
194.483,0,Wall_3mx20cm_Wood_Panels (2),3.42,0.47,-0.31
194.525,0,Wall_3mx20cm_Wood_Panels (2),3.43,0.48,-0.31
194.553,0,Wall_3mx20cm_Wood_Panels (2),3.42,0.48,-0.31
194.581,0,Wall_3mx20cm_Wood_Panels (2),3.42,0.48,-0.31
194.623,0,Wall_3mx20cm_Wood_Panels (2),3.42,0.47,-0.31
194.650,0,Wall_3mx20cm_Wood_Panels (2),3.42,0.47,-0.31
194.693,0,Wall_3mx20cm_Wood_Panels (2),3.43,0.46,-0.31
194.720,0,Wall_3mx20cm_Wood_Panels (2),3.43,0.46,-0.31
194.748,0,Wall_3mx20cm_Wood_Panels (2),3.43,0.46,-0.31
194.790,0,Wall_3mx20cm_Wood_Panels (2),3.43,0.47,-0.31
194.818,0,Wall_3mx20cm_Wood_Panels (2),3.44,0.48,-0.31
194.846,0,Wall_3mx20cm_Wood_Panels (2),3.45,0.48,-0.31
194.888,0,Wall_3mx20cm_Wood_Panels (2),3.46,0.48,-0.31
194.916,0,Wall_3mx20cm_Wood_Panels (2),3.46,0.48,-0.31
194.958,0,Wall_3mx20cm_Wood_Panels (2),3.46,0.47,-0.31
194.986,0,Wall_3mx20cm_Wood_Panels (2),3.45,0.46,-0.31
195.013,0,Wall_3mx20cm_Wood_Panels (2),3.45,0.46,-0.31
195.055,0,Wall_3mx20cm_Wood_Panels (2),3.45,0.46,-0.31
195.083,0,Wall_3mx20cm_Wood_Panels (2),3.46,0.46,-0.31
195.123,0,Wall_3mx20cm_Wood_Panels (2),3.47,0.47,-0.31
195.150,0,Wall_3mx20cm_Wood_Panels (2),3.48,0.47,-0.31
195.180,0,Wall_3mx20cm_Wood_Panels (2),3.48,0.46,-0.31
195.221,0,Wall_3mx20cm_Wood_Panels (2),3.49,0.46,-0.31
195.250,0,Wall_3mx20cm_Wood_Panels (2),3.49,0.45,-0.31
195.290,0,Wall_3mx20cm_Wood_Panels (2),3.49,0.44,-0.31
195.318,0,Wall_3mx20cm_Wood_Panels (2),3.49,0.44,-0.31
195.347,0,Wall_3mx20cm_Wood_Panels (2),3.49,0.43,-0.31
195.388,0,Wall_3mx20cm_Wood_Panels (2),3.50,0.43,-0.31
195.416,0,Wall_3mx20cm_Wood_Panels (2),3.50,0.43,-0.31
195.458,0,Wall_3mx20cm_Wood_Panels (2),3.51,0.43,-0.31
195.486,0,Wall_3mx20cm_Wood_Panels (2),3.51,0.43,-0.31
195.514,0,Wall_3mx20cm_Wood_Panels (2),3.51,0.43,-0.31
195.556,0,Wall_3mx20cm_Wood_Panels (2),3.51,0.43,-0.31
195.583,0,Wall_3mx20cm_Wood_Panels (2),3.51,0.43,-0.31
195.626,0,Wall_3mx20cm_Wood_Panels (2),3.52,0.42,-0.31
195.653,0,Wall_3mx20cm_Wood_Panels (2),3.52,0.42,-0.31
195.682,0,Wall_3mx20cm_Wood_Panels (2),3.52,0.42,-0.31
195.723,0,Wall_3mx20cm_Wood_Panels (2),3.53,0.42,-0.31
195.751,0,Wall_3mx20cm_Wood_Panels (2),3.54,0.42,-0.31
195.792,0,Wall_3mx20cm_Wood_Panels (2),3.56,0.42,-0.31
195.820,0,Wall_3mx20cm_Wood_Panels (2),3.57,0.42,-0.31
195.848,0,Wall_3mx20cm_Wood_Panels (2),3.59,0.41,-0.31
195.890,0,Wall_3mx20cm_Wood_Panels (2),3.60,0.41,-0.31
195.918,0,Wall_3mx20cm_Wood_Panels (2),3.61,0.40,-0.31
195.946,0,Wall_3mx20cm_Wood_Panels (2),3.62,0.40,-0.31
195.988,0,Wall_3mx20cm_Wood_Panels (2),3.61,0.40,-0.31
196.016,0,Wall_3mx20cm_Wood_Panels (2),3.61,0.41,-0.31
196.057,0,Wall_3mx20cm_Wood_Panels (2),3.60,0.41,-0.31
196.083,0,Wall_3mx20cm_Wood_Panels (2),3.60,0.41,-0.31
196.123,0,Wall_3mx20cm_Wood_Panels (2),3.61,0.40,-0.31
196.150,0,Wall_3mx20cm_Wood_Panels (2),3.61,0.40,-0.31
196.193,0,Wall_3mx20cm_Wood_Panels (2),3.62,0.40,-0.31
196.220,0,Wall_3mx20cm_Wood_Panels (2),3.62,0.40,-0.31
196.248,0,Wall_3mx20cm_Wood_Panels (2),3.62,0.40,-0.31
196.291,0,Wall_3mx20cm_Wood_Panels (2),3.62,0.40,-0.31
196.319,0,Wall_3mx20cm_Wood_Panels (2),3.62,0.40,-0.31
196.347,0,Wall_3mx20cm_Wood_Panels (2),3.62,0.40,-0.31
196.389,0,Wall_3mx20cm_Wood_Panels (2),3.63,0.40,-0.31
196.417,0,Wall_3mx20cm_Wood_Panels (2),3.63,0.40,-0.31
196.459,0,Wall_3mx20cm_Wood_Panels (2),3.63,0.41,-0.31
196.488,0,Wall_3mx20cm_Wood_Panels (2),3.64,0.41,-0.31
196.516,0,Wall_3mx20cm_Wood_Panels (2),3.65,0.41,-0.31
196.557,0,Wall_3mx20cm_Wood_Panels (2),3.65,0.41,-0.31
196.584,0,Wall_3mx20cm_Wood_Panels (2),3.65,0.41,-0.31
196.613,0,Wall_3mx20cm_Wood_Panels (2),3.65,0.41,-0.31
196.656,0,Wall_3mx20cm_Wood_Panels (2),3.66,0.41,-0.31
196.682,0,Wall_3mx20cm_Wood_Panels (2),3.66,0.41,-0.31
196.724,0,Wall_3mx20cm_Wood_Panels (2),3.66,0.41,-0.31
196.752,0,Wall_3mx20cm_Wood_Panels (2),3.65,0.41,-0.31
196.781,0,Wall_3mx20cm_Wood_Panels (2),3.65,0.41,-0.31
196.823,0,Wall_3mx20cm_Wood_Panels (2),3.65,0.41,-0.31
196.855,0,Wall_3mx20cm_Wood_Panels (2),3.65,0.40,-0.31
196.893,0,Wall_3mx20cm_Wood_Panels (2),3.65,0.40,-0.31
196.922,0,Wall_3mx20cm_Wood_Panels (2),3.65,0.41,-0.31
196.948,0,Wall_3mx20cm_Wood_Panels (2),3.65,0.41,-0.31
196.990,0,Wall_3mx20cm_Wood_Panels (2),3.64,0.40,-0.31
197.019,0,Wall_3mx20cm_Wood_Panels (2),3.63,0.40,-0.31
197.047,0,Wall_3mx20cm_Wood_Panels (2),3.61,0.40,-0.31
197.087,0,Wall_3mx20cm_Wood_Panels (2),3.59,0.39,-0.31
197.116,0,Wall_3mx20cm_Wood_Panels (2),3.59,0.39,-0.31
197.157,0,Wall_3mx20cm_Wood_Panels (2),3.60,0.39,-0.31
197.187,0,Wall_3mx20cm_Wood_Panels (2),3.61,0.39,-0.31
197.216,0,Wall_3mx20cm_Wood_Panels (2),3.62,0.39,-0.31
197.254,0,Wall_3mx20cm_Wood_Panels (2),3.64,0.39,-0.31
197.283,0,Wall_3mx20cm_Wood_Panels (2),3.65,0.38,-0.31
197.324,0,Wall_3mx20cm_Wood_Panels (2),3.66,0.38,-0.31
197.352,0,Wall_3mx20cm_Wood_Panels (2),3.66,0.37,-0.31
197.394,0,Wall_3mx20cm_Wood_Panels (2),3.66,0.37,-0.31
197.422,0,Wall_3mx20cm_Wood_Panels (2),3.66,0.39,-0.31
197.451,0,Wall_3mx20cm_Wood_Panels (2),3.66,0.39,-0.31
197.492,0,Wall_3mx20cm_Wood_Panels (2),3.66,0.38,-0.31
197.520,0,Wall_3mx20cm_Wood_Panels (2),3.66,0.39,-0.31
197.548,0,Wall_3mx20cm_Wood_Panels (2),3.66,0.39,-0.31
197.589,0,Wall_3mx20cm_Wood_Panels (2),3.65,0.38,-0.31
197.617,0,Wall_3mx20cm_Wood_Panels (2),3.65,0.38,-0.31
197.659,0,Wall_3mx20cm_Wood_Panels (2),3.65,0.39,-0.31
197.687,0,Wall_3mx20cm_Wood_Panels (2),3.64,0.39,-0.31
197.715,0,Wall_3mx20cm_Wood_Panels (2),3.64,0.39,-0.31
197.757,0,Wall_3mx20cm_Wood_Panels (2),3.63,0.38,-0.31
197.785,0,Wall_3mx20cm_Wood_Panels (2),3.62,0.38,-0.31
197.826,0,Wall_3mx20cm_Wood_Panels (2),3.62,0.38,-0.31
197.854,0,Wall_3mx20cm_Wood_Panels (2),3.61,0.38,-0.31
197.882,0,Wall_3mx20cm_Wood_Panels (2),3.61,0.38,-0.31
197.924,0,Wall_3mx20cm_Wood_Panels (2),3.60,0.38,-0.31
197.953,0,Wall_3mx20cm_Wood_Panels (2),3.59,0.38,-0.31
197.980,0,Wall_3mx20cm_Wood_Panels (2),3.59,0.39,-0.31
198.023,0,Wall_3mx20cm_Wood_Panels (2),3.57,0.39,-0.31
198.050,0,Wall_3mx20cm_Wood_Panels (2),3.56,0.39,-0.31
198.091,0,Wall_3mx20cm_Wood_Panels (2),3.55,0.39,-0.31
198.118,0,Wall_3mx20cm_Wood_Panels (2),3.55,0.39,-0.31
198.160,0,Wall_3mx20cm_Wood_Panels (2),3.54,0.37,-0.31
198.189,0,Wall_3mx20cm_Wood_Panels (2),3.53,0.36,-0.31
198.215,0,Wall_3mx20cm_Wood_Panels (2),3.54,0.37,-0.31
198.257,0,Wall_3mx20cm_Wood_Panels (2),3.54,0.38,-0.31
198.286,0,Wall_3mx20cm_Wood_Panels (2),3.54,0.38,-0.31
198.326,0,Wall_3mx20cm_Wood_Panels (2),3.55,0.39,-0.31
198.354,0,Wall_3mx20cm_Wood_Panels (2),3.56,0.39,-0.31
198.382,0,Wall_3mx20cm_Wood_Panels (2),3.56,0.39,-0.31
198.425,0,Wall_3mx20cm_Wood_Panels (2),3.55,0.38,-0.31
198.453,0,Wall_3mx20cm_Wood_Panels (2),3.54,0.37,-0.31
198.494,0,Wall_3mx20cm_Wood_Panels (2),3.52,0.37,-0.31
198.522,0,Wall_3mx20cm_Wood_Panels (2),3.51,0.37,-0.31
198.551,0,Wall_3mx20cm_Wood_Panels (2),3.50,0.38,-0.31
198.592,0,Wall_3mx20cm_Wood_Panels (2),3.50,0.39,-0.31
198.620,0,Wall_3mx20cm_Wood_Panels (2),3.51,0.39,-0.31
198.648,0,Wall_3mx20cm_Wood_Panels (2),3.51,0.38,-0.31
198.691,0,Wall_3mx20cm_Wood_Panels (2),3.51,0.38,-0.31
198.718,0,Wall_3mx20cm_Wood_Panels (2),3.51,0.37,-0.31
198.760,0,Wall_3mx20cm_Wood_Panels (2),3.50,0.36,-0.31
198.788,0,Wall_3mx20cm_Wood_Panels (2),3.50,0.36,-0.31
198.816,0,Wall_3mx20cm_Wood_Panels (2),3.49,0.36,-0.31
198.856,0,Wall_3mx20cm_Wood_Panels (2),3.48,0.35,-0.31
198.883,0,Wall_3mx20cm_Wood_Panels (2),3.47,0.35,-0.31
198.925,0,Wall_3mx20cm_Wood_Panels (2),3.46,0.34,-0.31
198.953,0,Wall_3mx20cm_Wood_Panels (2),3.46,0.33,-0.31
198.981,0,Wall_3mx20cm_Wood_Panels (2),3.46,0.32,-0.31
199.023,0,Wall_3mx20cm_Wood_Panels (2),3.46,0.32,-0.31
199.051,0,Wall_3mx20cm_Wood_Panels (2),3.46,0.32,-0.31
199.093,0,Wall_3mx20cm_Wood_Panels (2),3.45,0.32,-0.31
199.120,0,Wall_3mx20cm_Wood_Panels (2),3.44,0.33,-0.31
199.148,0,Wall_3mx20cm_Wood_Panels (2),3.43,0.33,-0.31
199.189,0,Wall_3mx20cm_Wood_Panels (2),3.41,0.33,-0.31
199.218,0,Wall_3mx20cm_Wood_Panels (2),3.41,0.32,-0.31
199.260,0,Wall_3mx20cm_Wood_Panels (2),3.41,0.32,-0.31
199.288,0,Wall_3mx20cm_Wood_Panels (2),3.42,0.32,-0.31
199.316,0,Wall_3mx20cm_Wood_Panels (2),3.43,0.32,-0.31
199.356,0,Wall_3mx20cm_Wood_Panels (2),3.44,0.31,-0.31
199.386,0,Wall_3mx20cm_Wood_Panels (2),3.45,0.30,-0.31
199.424,0,Wall_3mx20cm_Wood_Panels (2),3.45,0.29,-0.31
199.453,0,Wall_3mx20cm_Wood_Panels (2),3.45,0.29,-0.31
199.491,0,Wall_3mx20cm_Wood_Panels (2),3.45,0.29,-0.31
199.518,0,Wall_3mx20cm_Wood_Panels (2),3.45,0.30,-0.31
199.559,0,Wall_3mx20cm_Wood_Panels (2),3.44,0.30,-0.31
199.588,0,Wall_3mx20cm_Wood_Panels (2),3.43,0.30,-0.31
199.616,0,Wall_3mx20cm_Wood_Panels (2),3.42,0.31,-0.31
199.659,0,Wall_3mx20cm_Wood_Panels (2),3.40,0.31,-0.31
199.687,0,Wall_3mx20cm_Wood_Panels (2),3.38,0.31,-0.31
199.716,0,Wall_3mx20cm_Wood_Panels (2),3.35,0.31,-0.31
199.758,0,Wall_3mx20cm_Wood_Panels (2),3.27,0.34,-0.31
199.786,0,Wall_3mx20cm_Wood_Panels (2),3.19,0.36,-0.31
199.815,0,Wall_3mx20cm_Wood_Panels (2),3.08,0.38,-0.31
199.859,0,Wall_3mx20cm_Wood_Panels (2),2.86,0.45,-0.31
199.884,0,Wall_3mx20cm_Wood_Panels (2),2.69,0.50,-0.31
199.926,0,Wall_3mx20cm_Wood_Panels (2),2.34,0.61,-0.31
199.954,0,Wall_3mx20cm_Wood_Panels (2),1.99,0.71,-0.31
199.982,0,Wall_3mx20cm_Wood_Panels (2),1.54,0.84,-0.31
200.024,0,Wall_3mx20cm_Door (1),1.41,0.87,-0.56
200.052,0,Wall_3mx20cm_Door (1),1.41,0.85,-0.79
200.094,0,Wall_3mx20cm_Door (1),1.41,0.81,-1.09
200.122,0,Wall_3mx20cm_Conference_Door,1.41,0.79,-1.26
200.151,0,Wall_3mx20cm_Conference_Door,1.41,0.75,-1.43
200.191,0,Wall_3mx20cm_Conference_Door,1.41,0.73,-1.65
200.219,0,Timer,1.47,0.70,-1.76
200.247,0,Timer,1.47,0.68,-1.82
200.289,0,Timer,1.47,0.65,-1.87
200.317,0,Timer,1.47,0.63,-1.90
200.359,0,Timer,1.47,0.59,-1.93
200.387,0,Timer,1.47,0.55,-1.96
200.415,0,Timer,1.47,0.50,-1.98
200.457,0,Timer,1.47,0.48,-2.03
200.485,0,Timer,1.47,0.47,-2.06
200.527,0,Timer,1.47,0.47,-2.10
200.555,0,Timer,1.47,0.48,-2.13
200.582,0,Timer,1.47,0.47,-2.16
200.624,0,Timer,1.47,0.45,-2.20
200.652,0,Timer,1.47,0.44,-2.23
200.694,0,Timer,1.47,0.43,-2.27
200.722,0,Timer,1.47,0.42,-2.29
200.750,0,Timer,1.47,0.42,-2.32
200.792,0,Timer,1.47,0.44,-2.35
200.820,0,Timer,1.47,0.47,-2.39
200.848,0,Timer,1.47,0.49,-2.42
200.891,0,Timer,1.47,0.51,-2.46
200.918,0,Timer,1.47,0.51,-2.49
200.960,0,Timer,1.47,0.50,-2.51
200.988,0,Timer,1.47,0.48,-2.53
201.016,0,Timer,1.47,0.49,-2.55
201.058,0,Timer,1.47,0.51,-2.58
201.085,0,Timer,1.47,0.51,-2.60
201.127,0,Timer,1.47,0.52,-2.62
201.155,0,Timer,1.47,0.52,-2.64
201.181,0,Timer,1.47,0.52,-2.66
201.224,0,Timer,1.47,0.52,-2.68
201.251,0,Timer,1.47,0.53,-2.68
201.294,0,Timer,1.47,0.50,-2.69
201.321,0,Timer,1.47,0.49,-2.69
201.349,0,Timer,1.47,0.47,-2.69
201.391,0,Timer,1.47,0.46,-2.69
201.419,0,Timer,1.47,0.48,-2.70
201.460,0,Timer,1.47,0.50,-2.73
201.489,0,Timer,1.47,0.50,-2.74
201.517,0,Timer,1.47,0.51,-2.76
201.559,0,Timer,1.47,0.54,-2.78
201.586,0,Timer,1.47,0.55,-2.79
201.628,0,Timer,1.47,0.56,-2.80
201.656,0,Timer,1.47,0.55,-2.82
201.684,0,Timer,1.47,0.55,-2.83
201.726,0,Timer,1.47,0.56,-2.84
201.756,0,Timer,1.47,0.56,-2.85
201.782,0,Timer,1.47,0.56,-2.86
201.824,0,Timer,1.47,0.57,-2.86
201.852,0,Timer,1.47,0.59,-2.87
201.893,0,Timer,1.47,0.60,-2.88
201.921,0,Timer,1.47,0.61,-2.88
201.949,0,Timer,1.47,0.60,-2.88
201.990,0,Timer,1.47,0.59,-2.87
202.018,0,Timer,1.47,0.57,-2.87
202.059,0,Timer,1.47,0.51,-2.88
202.087,0,Timer,1.47,0.54,-2.90
202.114,0,Timer,1.47,0.56,-2.92
202.155,0,Timer,1.47,0.57,-2.95
202.184,0,Timer,1.47,0.58,-2.97
202.225,0,Timer,1.47,0.58,-2.98
202.254,0,Timer,1.47,0.58,-2.99
202.281,0,Timer,1.47,0.58,-2.99
202.322,0,Timer,1.47,0.58,-2.99
202.351,0,Timer,1.47,0.57,-3.00
202.393,0,Timer,1.47,0.57,-3.00
202.421,0,Timer,1.47,0.57,-3.01
202.449,0,Timer,1.47,0.58,-3.02
202.490,0,Timer,1.47,0.58,-3.03
202.518,0,Timer,1.47,0.58,-3.04
202.560,0,Timer,1.47,0.59,-3.05
202.588,0,Timer,1.47,0.60,-3.06
202.615,0,Timer,1.47,0.63,-3.08
202.656,0,Timer,1.47,0.66,-3.12
202.684,0,Timer,1.47,0.66,-3.16
202.727,0,Timer,1.47,0.66,-3.21
202.755,0,Timer,1.47,0.66,-3.24
202.783,0,Timer,1.47,0.65,-3.25
202.823,0,Timer,1.47,0.66,-3.26
202.851,0,Timer,1.47,0.67,-3.26
202.894,0,Timer,1.47,0.68,-3.26
202.923,0,Timer,1.47,0.70,-3.28
202.951,0,Timer,1.47,0.71,-3.31
202.992,0,Timer,1.47,0.74,-3.36
203.020,0,Timer,1.47,0.76,-3.39
203.062,0,Timer,1.47,0.77,-3.43
203.090,0,Timer,1.47,0.79,-3.45
203.117,0,Wall_3mx20cm_Conference_Door,1.41,0.84,-3.49
203.161,0,Wall_3mx20cm_Conference_Door,1.41,0.87,-3.51
203.187,0,Wall_3mx20cm_Conference_Door,1.41,0.89,-3.52
203.215,0,Wall_3mx20cm_Conference_Door,1.41,0.91,-3.51
203.258,0,Wall_3mx20cm_Conference_Door,1.41,0.92,-3.50
203.285,0,Timer,1.47,0.89,-3.47
203.327,0,Timer,1.47,0.86,-3.45
203.355,0,Timer,1.47,0.84,-3.43
203.383,0,Timer,1.47,0.85,-3.42
203.424,0,Timer,1.47,0.83,-3.40
203.453,0,Timer,1.47,0.82,-3.38
203.495,0,Timer,1.47,0.83,-3.35
203.523,0,Timer,1.47,0.83,-3.33
203.551,0,Timer,1.47,0.81,-3.32
203.594,0,Timer,1.47,0.80,-3.30
203.621,0,Timer,1.47,0.76,-3.29
203.650,0,Timer,1.47,0.72,-3.28
203.691,0,Timer,1.47,0.70,-3.25
203.719,0,Timer,1.47,0.71,-3.23
203.761,0,Timer,1.47,0.72,-3.19
203.789,0,Timer,1.47,0.72,-3.17
203.816,0,Timer,1.47,0.71,-3.16
203.858,0,Timer,1.47,0.71,-3.14
203.885,0,Timer,1.47,0.73,-3.13
203.927,0,Timer,1.47,0.75,-3.10
203.954,0,Timer,1.47,0.75,-3.09
203.982,0,Timer,1.47,0.75,-3.07
204.024,0,Timer,1.47,0.72,-3.05
204.052,0,Timer,1.47,0.67,-3.04
204.093,0,Timer,1.47,0.63,-3.03
204.122,0,Timer,1.47,0.63,-3.03
204.150,0,Timer,1.47,0.60,-3.04
204.192,0,Timer,1.47,0.55,-3.03
204.219,0,Timer,1.47,0.56,-3.03
204.261,0,Timer,1.47,0.53,-3.03
204.289,0,Timer,1.47,0.51,-3.01
204.317,0,Timer,1.47,0.50,-3.00
204.359,0,Timer,1.47,0.43,-2.97
204.387,0,Timer,1.43,0.39,-2.97
204.415,0,Wall_3mx20cm_Conference_Door,1.41,0.36,-2.96
204.472,0,Wall_3mx20cm_Conference_Door,1.41,0.36,-2.92
204.487,0,Wall_3mx20cm_Conference_Door,1.41,0.37,-2.90
204.528,0,Timer,1.47,0.40,-2.87
204.553,0,Timer,1.47,0.44,-2.85
204.595,0,Timer,1.47,0.48,-2.83
204.624,0,Timer,1.47,0.45,-2.82
204.653,0,Timer,1.47,0.42,-2.81
204.692,0,Timer,1.47,0.41,-2.79
204.720,0,Timer,1.47,0.40,-2.77
204.749,0,Timer,1.47,0.39,-2.76
204.789,0,Timer,1.46,0.39,-2.73
204.819,0,Timer,1.47,0.40,-2.70
204.861,0,Timer,1.47,0.42,-2.67
204.886,0,Timer,1.47,0.42,-2.65
204.928,0,Timer,1.47,0.46,-2.62
204.957,0,Timer,1.47,0.46,-2.60
204.985,0,Timer,1.47,0.45,-2.58
205.027,0,Timer,1.47,0.47,-2.56
205.054,0,Timer,1.47,0.49,-2.54
205.082,0,Timer,1.47,0.51,-2.52
205.124,0,Timer,1.47,0.53,-2.48
205.151,0,Timer,1.47,0.53,-2.45
205.193,0,Timer,1.47,0.54,-2.42
205.221,0,Timer,1.47,0.54,-2.39
205.249,0,Timer,1.47,0.53,-2.37
205.290,0,Timer,1.47,0.57,-2.35
205.318,0,Timer,1.47,0.60,-2.33
205.361,0,Timer,1.47,0.69,-2.31
205.389,0,Timer,1.47,0.75,-2.30
205.416,0,Timer,1.47,0.74,-2.30
205.458,0,Timer,1.47,0.71,-2.33
205.485,0,Timer,1.47,0.69,-2.34
205.528,0,Timer,1.47,0.70,-2.37
205.556,0,Timer,1.47,0.70,-2.39
205.583,0,Timer,1.47,0.69,-2.40
205.625,0,Timer,1.47,0.69,-2.41
205.654,0,Timer,1.47,0.68,-2.42
205.696,0,Timer,1.47,0.66,-2.42
205.723,0,Timer,1.47,0.66,-2.42
205.751,0,Timer,1.47,0.65,-2.42
205.793,0,Timer,1.47,0.66,-2.41
205.821,0,Timer,1.47,0.67,-2.40
205.850,0,Timer,1.47,0.68,-2.40
205.891,0,Timer,1.47,0.69,-2.39
205.919,0,Timer,1.47,0.69,-2.38
205.961,0,Timer,1.47,0.70,-2.38
205.989,0,Timer,1.47,0.70,-2.37
206.016,0,Timer,1.47,0.68,-2.37
206.059,0,Timer,1.47,0.65,-2.37
206.086,0,Timer,1.47,0.65,-2.37
206.128,0,Timer,1.47,0.66,-2.38
206.156,0,Timer,1.47,0.67,-2.38
206.184,0,Timer,1.47,0.67,-2.39
206.225,0,Timer,1.47,0.66,-2.39
206.253,0,Timer,1.47,0.66,-2.38
206.295,0,Timer,1.47,0.65,-2.37
206.322,0,Timer,1.47,0.65,-2.36
206.351,0,Timer,1.47,0.64,-2.35
206.393,0,Timer,1.47,0.63,-2.34
206.420,0,Timer,1.47,0.65,-2.33
206.462,0,Timer,1.47,0.66,-2.32
206.490,0,Timer,1.47,0.67,-2.33
206.518,0,Timer,1.47,0.68,-2.33
206.560,0,Timer,1.47,0.67,-2.34
206.588,0,Timer,1.47,0.66,-2.35
206.615,0,Timer,1.47,0.66,-2.35
206.657,0,Timer,1.47,0.68,-2.35
206.685,0,Timer,1.47,0.72,-2.35
206.726,0,Timer,1.47,0.73,-2.35
206.754,0,Timer,1.47,0.76,-2.34
206.796,0,Timer,1.47,0.79,-2.34
206.824,0,Timer,1.47,0.80,-2.33
206.852,0,Timer,1.47,0.81,-2.32
206.894,0,Timer,1.47,0.80,-2.31
206.922,0,Timer,1.47,0.77,-2.30
206.963,0,Timer,1.47,0.75,-2.29
206.991,0,Timer,1.47,0.74,-2.29
207.019,0,Timer,1.47,0.72,-2.28
207.061,0,Timer,1.47,0.71,-2.27
207.089,0,Timer,1.47,0.71,-2.27
207.117,0,Timer,1.47,0.71,-2.26
207.159,0,Timer,1.47,0.72,-2.25
207.187,0,Timer,1.47,0.71,-2.25
207.228,0,Timer,1.47,0.73,-2.24
207.256,0,Timer,1.47,0.78,-2.23
207.284,0,Timer,1.47,0.84,-2.21
207.326,0,Timer,1.47,0.89,-2.19
207.354,0,Timer,1.47,0.92,-2.18
207.382,0,Timer,1.47,0.96,-2.16
207.424,0,Timer,1.47,1.00,-2.15
207.451,0,Timer,1.47,0.99,-2.14
207.492,0,Timer,1.47,0.94,-2.12
207.520,0,Timer,1.47,0.93,-2.12
207.562,0,Timer,1.47,0.88,-2.10
207.590,0,Timer,1.47,0.86,-2.09
207.618,0,Timer,1.47,0.87,-2.09
207.660,0,Timer,1.47,0.84,-2.09
207.689,0,Timer,1.47,0.82,-2.09
207.716,0,Timer,1.47,0.82,-2.10
207.758,0,Timer,1.47,0.80,-2.11
207.785,0,Timer,1.47,0.78,-2.11
207.816,0,Timer,1.47,0.78,-2.10
207.856,0,Timer,1.47,0.77,-2.10
207.883,0,Timer,1.47,0.76,-2.09
207.923,0,Timer,1.47,0.77,-2.08
207.951,0,Timer,1.47,0.77,-2.08
207.995,0,Timer,1.47,0.77,-2.07
208.023,0,Timer,1.47,0.75,-2.07
208.049,0,Timer,1.47,0.74,-2.07
208.091,0,Timer,1.47,0.74,-2.07
208.119,0,Timer,1.47,0.76,-2.06
208.162,0,Timer,1.47,0.82,-2.04
208.189,0,Timer,1.47,0.85,-2.03
208.216,0,Timer,1.47,0.89,-2.01
208.258,0,Timer,1.47,0.90,-1.98
208.286,0,Timer,1.47,0.86,-1.96
208.328,0,Timer,1.47,0.82,-1.92
208.356,0,Timer,1.47,0.81,-1.88
208.383,0,Timer,1.47,0.78,-1.83
208.426,0,Timer,1.47,0.73,-1.75
208.454,0,Wall_3mx20cm_Conference_Door,1.41,0.75,-1.68
208.496,0,Wall_3mx20cm_Conference_Door,1.41,0.69,-1.51
208.523,0,Wall_3mx20cm_Conference_Door,1.41,0.63,-1.33
208.551,0,Wall_3mx20cm_Conference_Door,1.41,0.58,-1.14
208.592,0,Wall_3mx20cm_Door (1),1.41,0.54,-0.83
208.621,0,Wall_3mx20cm_Door (1),1.41,0.57,-0.62
208.662,0,Wall_3mx20cm_Door (1),1.41,0.63,-0.37
208.690,0,Wall_3mx20cm_Wood_Panels (2),1.53,0.63,-0.31
208.718,0,Wall_3mx20cm_Wood_Panels (2),1.72,0.63,-0.31
208.760,0,Wall_3mx20cm_Wood_Panels (2),1.75,0.69,-0.31
208.787,0,Wall_3mx20cm_Wood_Panels (2),1.64,0.79,-0.31
208.816,0,Wall_3mx20cm_Wood_Panels (2),1.50,0.88,-0.31
208.858,0,Wall_3mx20cm_Door (1),1.41,0.89,-0.36
208.884,0,Wall_3mx20cm_Door (1),1.41,0.85,-0.42
208.926,0,Wall_3mx20cm_Door (1),1.41,0.77,-0.50
208.955,0,Wall_3mx20cm_Door (1),1.41,0.70,-0.55
208.997,0,Wall_3mx20cm_Door (1),1.41,0.69,-0.60
209.024,0,Wall_3mx20cm_Door (1),1.41,0.73,-0.60
209.052,0,Wall_3mx20cm_Door (1),1.41,0.77,-0.59
209.093,0,Wall_3mx20cm_Door (1),1.41,0.83,-0.56
209.121,0,Wall_3mx20cm_Door (1),1.41,0.83,-0.54
209.149,0,Wall_3mx20cm_Door (1),1.41,0.80,-0.53
209.192,0,Wall_3mx20cm_Door (1),1.41,0.78,-0.50
209.219,0,Wall_3mx20cm_Door (1),1.41,0.80,-0.48
209.260,0,Wall_3mx20cm_Door (1),1.41,0.89,-0.44
209.288,0,Wall_3mx20cm_Door (1),1.41,0.94,-0.42
209.317,0,Wall_3mx20cm_Door (1),1.41,0.98,-0.41
209.358,0,Wall_3mx20cm_Door (1),1.41,0.99,-0.41
209.386,0,Wall_3mx20cm_Door (1),1.41,0.97,-0.41
209.428,0,Wall_3mx20cm_Door (1),1.41,0.95,-0.42
209.455,0,Wall_3mx20cm_Door (1),1.41,0.94,-0.42
209.483,0,Wall_3mx20cm_Door (1),1.41,0.94,-0.42
209.525,0,Wall_3mx20cm_Door (1),1.41,0.96,-0.41
209.553,0,Wall_3mx20cm_Door (1),1.41,0.98,-0.40
209.594,0,Wall_3mx20cm_Door (1),1.41,1.00,-0.38
209.622,0,Wall_3mx20cm_Door (1),1.41,1.01,-0.37
209.650,0,Wall_3mx20cm_Door (1),1.41,1.02,-0.35
209.691,0,Wall_3mx20cm_Door (1),1.41,1.03,-0.33
209.720,0,Wall_3mx20cm_Door (1),1.41,1.03,-0.33
209.761,0,Wall_3mx20cm_Door (1),1.41,1.04,-0.32
209.790,0,Wall_3mx20cm_Door (1),1.41,1.04,-0.31
209.817,0,Wall_3mx20cm_Wood_Panels (2),1.43,1.03,-0.31
209.859,0,Wall_3mx20cm_Wood_Panels (2),1.47,1.02,-0.31
209.886,0,Wall_3mx20cm_Wood_Panels (2),1.50,1.01,-0.31
209.928,0,Wall_3mx20cm_Wood_Panels (2),1.55,1.00,-0.31
209.956,0,Wall_3mx20cm_Wood_Panels (2),1.58,0.99,-0.31
209.983,0,Wall_3mx20cm_Wood_Panels (2),1.62,0.99,-0.31
210.026,0,Wall_3mx20cm_Wood_Panels (2),1.67,0.98,-0.31
210.053,0,Wall_3mx20cm_Wood_Panels (2),1.69,0.99,-0.31
210.096,0,Wall_3mx20cm_Wood_Panels (2),1.73,0.99,-0.31
210.123,0,Wall_3mx20cm_Wood_Panels (2),1.75,0.99,-0.31
210.151,0,Wall_3mx20cm_Wood_Panels (2),1.76,0.99,-0.31
210.192,0,Wall_3mx20cm_Wood_Panels (2),1.79,0.99,-0.31
210.220,0,Wall_3mx20cm_Wood_Panels (2),1.82,0.99,-0.31
210.263,0,Wall_3mx20cm_Wood_Panels (2),1.87,0.98,-0.31
210.290,0,Wall_3mx20cm_Wood_Panels (2),1.91,0.97,-0.31
210.318,0,Wall_3mx20cm_Wood_Panels (2),1.95,0.97,-0.31
210.360,0,Wall_3mx20cm_Wood_Panels (2),2.01,0.95,-0.31
210.388,0,Wall_3mx20cm_Wood_Panels (2),2.05,0.95,-0.31
210.430,0,Wall_3mx20cm_Wood_Panels (2),2.08,0.95,-0.31
210.457,0,Wall_3mx20cm_Wood_Panels (2),2.09,0.95,-0.31
210.485,0,Wall_3mx20cm_Wood_Panels (2),2.10,0.96,-0.31
210.527,0,Wall_3mx20cm_Wood_Panels (2),2.10,0.96,-0.31
210.556,0,Wall_3mx20cm_Wood_Panels (2),2.10,0.96,-0.31
210.583,0,Wall_3mx20cm_Wood_Panels (2),2.10,0.96,-0.31
210.624,0,Wall_3mx20cm_Wood_Panels (2),2.09,0.97,-0.31
210.652,0,Wall_3mx20cm_Wood_Panels (2),2.06,0.97,-0.31
210.694,0,Wall_3mx20cm_Wood_Panels (2),2.03,0.98,-0.31
210.722,0,Wall_3mx20cm_Wood_Panels (2),2.00,1.00,-0.31
210.763,0,Wall_3mx20cm_Wood_Panels (2),1.96,1.01,-0.31
210.791,0,Wall_3mx20cm_Wood_Panels (2),1.94,1.03,-0.31
210.819,0,Wall_3mx20cm_Wood_Panels (2),1.93,1.03,-0.31
210.860,0,Wall_3mx20cm_Wood_Panels (2),1.93,1.03,-0.31
210.889,0,Wall_3mx20cm_Wood_Panels (2),1.93,1.03,-0.31
210.916,0,Wall_3mx20cm_Wood_Panels (2),1.93,1.03,-0.31
210.959,0,Wall_3mx20cm_Wood_Panels (2),1.90,1.04,-0.31
210.991,0,Wall_3mx20cm_Wood_Panels (2),1.87,1.05,-0.31
211.016,0,Wall_3mx20cm_Wood_Panels (2),1.86,1.05,-0.31
211.057,0,Wall_3mx20cm_Wood_Panels (2),1.84,1.07,-0.31
211.084,0,Wall_3mx20cm_Wood_Panels (2),1.84,1.08,-0.31
211.128,0,Wall_3mx20cm_Wood_Panels (2),1.90,1.07,-0.31
211.157,0,Wall_3mx20cm_Wood_Panels (2),1.94,1.06,-0.31
211.184,0,Wall_3mx20cm_Wood_Panels (2),1.98,1.05,-0.31
211.228,0,Wall_3mx20cm_Wood_Panels (2),2.03,1.03,-0.31
211.258,0,Wall_3mx20cm_Wood_Panels (2),2.05,1.03,-0.31
211.287,0,Wall_3mx20cm_Wood_Panels (2),2.05,1.03,-0.31
211.331,0,Wall_3mx20cm_Wood_Panels (2),2.05,1.05,-0.31
211.359,0,Wall_3mx20cm_Wood_Panels (2),2.06,1.05,-0.31
211.386,0,Wall_3mx20cm_Wood_Panels (2),2.06,1.04,-0.31
211.428,0,Wall_3mx20cm_Wood_Panels (2),2.04,1.03,-0.31
211.472,0,Wall_3mx20cm_Wood_Panels (2),2.02,1.03,-0.31
211.485,0,Wall_3mx20cm_Wood_Panels (2),2.01,1.02,-0.31
211.527,0,Wall_3mx20cm_Wood_Panels (2),2.00,1.03,-0.31
211.554,0,Wall_3mx20cm_Wood_Panels (2),2.00,1.03,-0.31
211.597,0,Wall_3mx20cm_Wood_Panels (2),1.99,1.05,-0.31
211.624,0,Wall_3mx20cm_Wood_Panels (2),1.98,1.06,-0.31
211.652,0,Wall_3mx20cm_Wood_Panels (2),1.98,1.06,-0.31
211.694,0,Wall_3mx20cm_Wood_Panels (2),1.96,1.06,-0.31
211.722,0,Wall_3mx20cm_Wood_Panels (2),1.95,1.06,-0.31
211.750,0,Wall_3mx20cm_Wood_Panels (2),1.95,1.06,-0.31
211.791,0,Wall_3mx20cm_Wood_Panels (2),1.95,1.05,-0.31
211.820,0,Wall_3mx20cm_Wood_Panels (2),1.97,1.04,-0.31
211.861,0,Wall_3mx20cm_Wood_Panels (2),1.99,1.04,-0.31
211.891,0,Wall_3mx20cm_Wood_Panels (2),2.00,1.04,-0.31
211.917,0,Wall_3mx20cm_Wood_Panels (2),2.02,1.03,-0.31
211.960,0,Wall_3mx20cm_Wood_Panels (2),2.03,1.04,-0.31
211.988,0,Wall_3mx20cm_Wood_Panels (2),2.02,1.04,-0.31
212.030,0,Wall_3mx20cm_Wood_Panels (2),2.02,1.04,-0.31
212.057,0,Wall_3mx20cm_Wood_Panels (2),2.01,1.04,-0.31
212.085,0,Wall_3mx20cm_Wood_Panels (2),2.00,1.03,-0.31
212.128,0,Wall_3mx20cm_Wood_Panels (2),1.99,1.02,-0.31
212.155,0,Wall_3mx20cm_Wood_Panels (2),1.98,1.01,-0.31
212.183,0,Wall_3mx20cm_Wood_Panels (2),1.97,1.01,-0.31
212.226,0,Wall_3mx20cm_Wood_Panels (2),1.97,1.03,-0.31
212.252,0,Wall_3mx20cm_Wood_Panels (2),1.97,1.03,-0.31
212.295,0,Wall_3mx20cm_Wood_Panels (2),1.97,1.03,-0.31
212.323,0,Wall_3mx20cm_Wood_Panels (2),1.97,1.03,-0.31
212.350,0,Wall_3mx20cm_Wood_Panels (2),1.96,1.02,-0.31
212.393,0,Wall_3mx20cm_Wood_Panels (2),1.96,1.00,-0.31
212.420,0,Wall_3mx20cm_Wood_Panels (2),1.97,0.99,-0.31
212.462,0,Wall_3mx20cm_Wood_Panels (2),1.97,0.99,-0.31
212.488,0,Wall_3mx20cm_Wood_Panels (2),1.99,0.98,-0.31
212.517,0,Wall_3mx20cm_Wood_Panels (2),1.99,0.97,-0.31
212.560,0,Wall_3mx20cm_Wood_Panels (2),2.00,0.97,-0.31
212.588,0,Wall_3mx20cm_Wood_Panels (2),2.00,0.97,-0.31
212.617,0,Wall_3mx20cm_Wood_Panels (2),1.99,0.97,-0.31
212.659,0,Wall_3mx20cm_Wood_Panels (2),1.98,0.98,-0.31
212.686,0,Wall_3mx20cm_Wood_Panels (2),1.99,0.98,-0.31
212.729,0,Wall_3mx20cm_Wood_Panels (2),1.99,0.98,-0.31
212.756,0,Wall_3mx20cm_Wood_Panels (2),2.00,0.97,-0.31
212.784,0,Wall_3mx20cm_Wood_Panels (2),2.01,0.96,-0.31
212.826,0,Wall_3mx20cm_Wood_Panels (2),2.00,0.96,-0.31
212.855,0,Wall_3mx20cm_Wood_Panels (2),2.00,0.96,-0.31
212.895,0,Wall_3mx20cm_Wood_Panels (2),2.00,0.95,-0.31
212.921,0,Wall_3mx20cm_Wood_Panels (2),2.01,0.95,-0.31
212.962,0,Wall_3mx20cm_Wood_Panels (2),2.02,0.96,-0.31
212.988,0,Wall_3mx20cm_Wood_Panels (2),2.03,0.96,-0.31
213.017,0,Wall_3mx20cm_Wood_Panels (2),2.03,0.95,-0.31
213.056,0,Wall_3mx20cm_Wood_Panels (2),2.04,0.94,-0.31
213.084,0,Wall_3mx20cm_Wood_Panels (2),2.04,0.95,-0.31
213.126,0,Wall_3mx20cm_Wood_Panels (2),2.05,0.94,-0.31
213.153,0,Wall_3mx20cm_Wood_Panels (2),2.05,0.94,-0.31
213.195,0,Wall_3mx20cm_Wood_Panels (2),2.04,0.94,-0.31
213.223,0,Wall_3mx20cm_Wood_Panels (2),2.04,0.94,-0.31
213.251,0,Wall_3mx20cm_Wood_Panels (2),2.04,0.94,-0.31
213.292,0,Wall_3mx20cm_Wood_Panels (2),2.02,0.94,-0.31
213.321,0,Wall_3mx20cm_Wood_Panels (2),2.01,0.95,-0.31
213.362,0,Wall_3mx20cm_Wood_Panels (2),2.00,0.95,-0.31
213.389,0,Wall_3mx20cm_Wood_Panels (2),1.99,0.96,-0.31
213.417,0,Wall_3mx20cm_Wood_Panels (2),1.99,0.95,-0.31
213.458,0,Wall_3mx20cm_Wood_Panels (2),1.98,0.95,-0.31
213.487,0,Wall_3mx20cm_Wood_Panels (2),1.97,0.95,-0.31
213.529,0,Wall_3mx20cm_Wood_Panels (2),1.96,0.95,-0.31
213.557,0,Wall_3mx20cm_Wood_Panels (2),1.95,0.95,-0.31
213.585,0,Wall_3mx20cm_Wood_Panels (2),1.94,0.96,-0.31
213.625,0,Wall_3mx20cm_Wood_Panels (2),1.93,0.98,-0.31
213.652,0,Wall_3mx20cm_Wood_Panels (2),1.93,0.98,-0.31
213.692,0,Wall_3mx20cm_Wood_Panels (2),1.92,0.97,-0.31
213.719,0,Wall_3mx20cm_Wood_Panels (2),1.91,0.95,-0.31
213.762,0,Wall_3mx20cm_Wood_Panels (2),1.88,0.95,-0.31
213.789,0,Wall_3mx20cm_Wood_Panels (2),1.88,0.95,-0.31
213.818,0,Wall_3mx20cm_Wood_Panels (2),1.88,0.96,-0.31
213.860,0,Wall_3mx20cm_Wood_Panels (2),1.89,0.98,-0.31
213.888,0,Wall_3mx20cm_Wood_Panels (2),1.90,0.98,-0.31
213.917,0,Wall_3mx20cm_Wood_Panels (2),1.91,0.97,-0.31
213.960,0,Wall_3mx20cm_Wood_Panels (2),1.93,0.97,-0.31
213.988,0,Wall_3mx20cm_Wood_Panels (2),1.96,0.96,-0.31
214.030,0,Wall_3mx20cm_Wood_Panels (2),1.98,0.96,-0.31
214.058,0,Wall_3mx20cm_Wood_Panels (2),2.00,0.95,-0.31
214.086,0,Wall_3mx20cm_Wood_Panels (2),2.01,0.94,-0.31
214.128,0,Wall_3mx20cm_Wood_Panels (2),2.01,0.92,-0.31
214.155,0,Wall_3mx20cm_Wood_Panels (2),2.01,0.91,-0.31
214.197,0,Wall_3mx20cm_Wood_Panels (2),2.02,0.91,-0.31
214.226,0,Wall_3mx20cm_Wood_Panels (2),2.03,0.92,-0.31
214.253,0,Wall_3mx20cm_Wood_Panels (2),2.03,0.92,-0.31
214.295,0,Wall_3mx20cm_Wood_Panels (2),2.02,0.93,-0.31
214.323,0,Wall_3mx20cm_Wood_Panels (2),2.01,0.93,-0.31
214.353,0,Wall_3mx20cm_Wood_Panels (2),2.00,0.93,-0.31
214.394,0,Wall_3mx20cm_Wood_Panels (2),1.99,0.93,-0.31
214.421,0,Wall_3mx20cm_Wood_Panels (2),1.98,0.93,-0.31
214.461,0,Wall_3mx20cm_Wood_Panels (2),1.99,0.92,-0.31
214.491,0,Wall_3mx20cm_Wood_Panels (2),1.99,0.91,-0.31
214.520,0,Wall_3mx20cm_Wood_Panels (2),1.98,0.92,-0.31
214.561,0,Wall_3mx20cm_Wood_Panels (2),1.99,0.92,-0.31
214.588,0,Wall_3mx20cm_Wood_Panels (2),2.01,0.92,-0.31
214.628,0,Wall_3mx20cm_Wood_Panels (2),2.01,0.90,-0.31
214.656,0,Wall_3mx20cm_Wood_Panels (2),2.01,0.89,-0.31
214.684,0,Wall_3mx20cm_Wood_Panels (2),2.00,0.89,-0.31
214.725,0,Wall_3mx20cm_Wood_Panels (2),1.99,0.89,-0.31
214.754,0,Wall_3mx20cm_Wood_Panels (2),2.00,0.89,-0.31
214.796,0,Wall_3mx20cm_Wood_Panels (2),2.02,0.90,-0.31
214.824,0,Wall_3mx20cm_Wood_Panels (2),2.02,0.91,-0.31
214.852,0,Wall_3mx20cm_Wood_Panels (2),2.03,0.92,-0.31
214.893,0,Wall_3mx20cm_Wood_Panels (2),2.04,0.89,-0.31
214.921,0,Wall_3mx20cm_Wood_Panels (2),2.04,0.87,-0.31
214.963,0,Wall_3mx20cm_Wood_Panels (2),2.03,0.86,-0.31
214.991,0,Wall_3mx20cm_Wood_Panels (2),2.02,0.87,-0.31
215.020,0,Wall_3mx20cm_Wood_Panels (2),2.02,0.87,-0.31
215.062,0,Wall_3mx20cm_Wood_Panels (2),2.03,0.88,-0.31
215.089,0,Wall_3mx20cm_Wood_Panels (2),2.03,0.90,-0.31
215.119,0,Wall_3mx20cm_Wood_Panels (2),2.04,0.90,-0.31
215.159,0,Wall_3mx20cm_Wood_Panels (2),2.04,0.90,-0.31
215.187,0,Wall_3mx20cm_Wood_Panels (2),2.04,0.89,-0.31
215.229,0,Wall_3mx20cm_Wood_Panels (2),2.02,0.89,-0.31
215.256,0,Wall_3mx20cm_Wood_Panels (2),2.03,0.88,-0.31
215.284,0,Wall_3mx20cm_Wood_Panels (2),2.04,0.87,-0.31
215.327,0,Wall_3mx20cm_Wood_Panels (2),2.06,0.86,-0.31
215.355,0,Wall_3mx20cm_Wood_Panels (2),2.06,0.86,-0.31
215.396,0,Wall_3mx20cm_Wood_Panels (2),2.06,0.87,-0.31
215.424,0,Wall_3mx20cm_Wood_Panels (2),2.06,0.88,-0.31
215.452,0,Wall_3mx20cm_Wood_Panels (2),2.06,0.89,-0.31
215.494,0,Wall_3mx20cm_Wood_Panels (2),2.07,0.91,-0.31
215.522,0,Wall_3mx20cm_Wood_Panels (2),2.07,0.90,-0.31
215.564,0,Wall_3mx20cm_Wood_Panels (2),2.07,0.88,-0.31
215.591,0,Wall_3mx20cm_Wood_Panels (2),2.07,0.86,-0.31
215.619,0,Wall_3mx20cm_Wood_Panels (2),2.07,0.86,-0.31
215.661,0,Wall_3mx20cm_Wood_Panels (2),2.08,0.87,-0.31
215.688,0,Wall_3mx20cm_Wood_Panels (2),2.09,0.89,-0.31
215.727,0,Wall_3mx20cm_Wood_Panels (2),2.10,0.90,-0.31
215.755,0,Wall_3mx20cm_Wood_Panels (2),2.10,0.89,-0.31
215.797,0,Wall_3mx20cm_Wood_Panels (2),2.11,0.89,-0.31
215.826,0,Wall_3mx20cm_Wood_Panels (2),2.12,0.89,-0.31
215.853,0,Wall_3mx20cm_Wood_Panels (2),2.12,0.87,-0.31
215.895,0,Wall_3mx20cm_Wood_Panels (2),2.13,0.86,-0.31
215.924,0,Wall_3mx20cm_Wood_Panels (2),2.12,0.86,-0.31
215.951,0,Wall_3mx20cm_Wood_Panels (2),2.11,0.85,-0.31
215.993,0,Wall_3mx20cm_Wood_Panels (2),2.12,0.85,-0.31
216.021,0,Wall_3mx20cm_Wood_Panels (2),2.12,0.85,-0.31
216.063,0,Wall_3mx20cm_Wood_Panels (2),2.11,0.85,-0.31
216.091,0,Wall_3mx20cm_Wood_Panels (2),2.11,0.85,-0.31
216.119,0,Wall_3mx20cm_Wood_Panels (2),2.10,0.85,-0.31
216.161,0,Wall_3mx20cm_Wood_Panels (2),2.09,0.84,-0.31
216.188,0,Wall_3mx20cm_Wood_Panels (2),2.09,0.84,-0.31
216.229,0,Wall_3mx20cm_Wood_Panels (2),2.08,0.83,-0.31
216.256,0,Wall_3mx20cm_Wood_Panels (2),2.06,0.82,-0.31
216.298,0,Wall_3mx20cm_Wood_Panels (2),2.06,0.81,-0.31
216.325,0,Wall_3mx20cm_Wood_Panels (2),2.05,0.81,-0.31
216.352,0,Wall_3mx20cm_Wood_Panels (2),2.05,0.80,-0.31
216.394,0,Wall_3mx20cm_Wood_Panels (2),2.03,0.77,-0.31
216.423,0,Wall_3mx20cm_Wood_Panels (2),1.99,0.78,-0.31
216.452,0,Wall_3mx20cm_Wood_Panels (2),1.98,0.78,-0.31
216.494,0,Wall_3mx20cm_Wood_Panels (2),1.95,0.77,-0.31
216.522,0,Wall_3mx20cm_Wood_Panels (2),1.91,0.75,-0.31
216.564,0,Wall_3mx20cm_Wood_Panels (2),1.80,0.73,-0.31
216.592,0,Wall_3mx20cm_Wood_Panels (2),1.72,0.71,-0.31
216.620,0,Wall_3mx20cm_Wood_Panels (2),1.63,0.71,-0.31
216.660,0,Wall_3mx20cm_Wood_Panels (2),1.46,0.72,-0.31
216.687,0,Wall_3mx20cm_Door (1),1.41,0.71,-0.33
216.729,0,Wall_3mx20cm_Door (1),1.41,0.67,-0.38
216.758,0,Wall_3mx20cm_Door (1),1.41,0.64,-0.41
216.786,0,Wall_3mx20cm_Door (1),1.41,0.61,-0.45
216.828,0,Wall_3mx20cm_Door (1),1.41,0.54,-0.50
216.856,0,Wall_3mx20cm_Door (1),1.41,0.49,-0.53
216.898,0,Wall_3mx20cm_Door (1),1.41,0.42,-0.58
216.927,0,Wall_3mx20cm_Door (1),1.41,0.38,-0.61
216.954,0,Wall_3mx20cm_Door (1),1.41,0.34,-0.64
216.996,0,Wall_3mx20cm_Door (1),1.41,0.30,-0.67
217.023,0,Wall_3mx20cm_Door (1),1.41,0.29,-0.68
217.051,0,Wall_3mx20cm_Door (1),1.41,0.29,-0.70
217.093,0,Wall_3mx20cm_Door (1),1.41,0.29,-0.71
217.121,0,Wall_3mx20cm_Door (1),1.41,0.29,-0.72
217.162,0,Wall_3mx20cm_Door (1),1.41,0.28,-0.73
217.191,0,Wall_3mx20cm_Door (1),1.41,0.27,-0.73
217.218,0,Wall_3mx20cm_Door (1),1.41,0.26,-0.74
217.260,0,Wall_3mx20cm_Door (1),1.41,0.26,-0.74
217.287,0,Wall_3mx20cm_Door (1),1.41,0.26,-0.73
217.330,0,Wall_3mx20cm_Door (1),1.41,0.27,-0.73
217.358,0,Wall_3mx20cm_Door (1),1.41,0.27,-0.73
217.387,0,Wall_3mx20cm_Door (1),1.41,0.28,-0.74
217.428,0,Wall_3mx20cm_Door (1),1.41,0.30,-0.74
217.458,0,Wall_3mx20cm_Door (1),1.41,0.30,-0.74
217.484,0,Wall_3mx20cm_Door (1),1.41,0.30,-0.75
217.540,0,Wall_3mx20cm_Door (1),1.41,0.28,-0.77
217.556,0,Wall_3mx20cm_Door (1),1.41,0.27,-0.78
217.594,0,Wall_3mx20cm_Door (1),1.41,0.27,-0.80
217.623,0,Wall_3mx20cm_Door (1),1.41,0.28,-0.81
217.652,0,Wall_3mx20cm_Door (1),1.41,0.29,-0.82
217.693,0,Wall_3mx20cm_Door (1),1.41,0.31,-0.83
217.720,0,Wall_3mx20cm_Door (1),1.41,0.32,-0.84
217.762,0,Wall_3mx20cm_Door (1),1.41,0.31,-0.87
217.791,0,Wall_3mx20cm_Door (1),1.41,0.30,-0.88
217.819,0,Wall_3mx20cm_Door (1),1.41,0.30,-0.89
217.860,0,Wall_3mx20cm_Door (1),1.41,0.28,-0.92
217.888,0,Wall_3mx20cm_Door (1),1.41,0.27,-0.94
217.931,0,Wall_3mx20cm_Door (1),1.41,0.25,-0.98
217.959,0,Wall_3mx20cm_Door (1),1.41,0.25,-1.00
217.985,0,Wall_3mx20cm_Door (1),1.41,0.25,-1.03
218.028,0,Wall_3mx20cm_Door (1),1.41,0.28,-1.07
218.056,0,Wall_3mx20cm_Door (1),1.41,0.29,-1.09
218.097,0,Wall_3mx20cm_Conference_Door,1.41,0.29,-1.13
218.125,0,Wall_3mx20cm_Conference_Door,1.41,0.29,-1.15
218.153,0,Wall_3mx20cm_Conference_Door,1.41,0.28,-1.17
218.196,0,Wall_3mx20cm_Conference_Door,1.41,0.27,-1.19
218.223,0,Wall_3mx20cm_Conference_Door,1.41,0.26,-1.20
218.251,0,Wall_3mx20cm_Conference_Door,1.41,0.26,-1.21
218.292,0,Wall_3mx20cm_Conference_Door,1.41,0.25,-1.22
218.321,0,Wall_3mx20cm_Conference_Door,1.41,0.25,-1.24
218.364,0,Wall_3mx20cm_Conference_Door,1.41,0.25,-1.25
218.392,0,Wall_3mx20cm_Conference_Door,1.41,0.25,-1.26
218.419,0,Wall_3mx20cm_Conference_Door,1.41,0.25,-1.27
218.461,0,Wall_3mx20cm_Conference_Door,1.41,0.24,-1.29
218.488,0,Wall_3mx20cm_Conference_Door,1.41,0.24,-1.30
218.530,0,Wall_3mx20cm_Conference_Door,1.41,0.23,-1.31
218.557,0,Wall_3mx20cm_Conference_Door,1.41,0.24,-1.32
218.586,0,Wall_3mx20cm_Conference_Door,1.41,0.24,-1.33
218.626,0,Wall_3mx20cm_Conference_Door,1.41,0.24,-1.33
218.653,0,Wall_3mx20cm_Conference_Door,1.41,0.24,-1.34
218.695,0,Wall_3mx20cm_Conference_Door,1.41,0.25,-1.34
218.723,0,Wall_3mx20cm_Conference_Door,1.41,0.25,-1.35
218.751,0,Wall_3mx20cm_Conference_Door,1.41,0.25,-1.35
218.793,0,Wall_3mx20cm_Conference_Door,1.41,0.25,-1.36
218.820,0,Wall_3mx20cm_Conference_Door,1.41,0.26,-1.36
218.863,0,Wall_3mx20cm_Conference_Door,1.41,0.26,-1.36
218.891,0,Wall_3mx20cm_Conference_Door,1.41,0.26,-1.36
218.919,0,Wall_3mx20cm_Conference_Door,1.41,0.24,-1.36
218.960,0,Wall_3mx20cm_Conference_Door,1.41,0.22,-1.37
218.990,0,Wall_3mx20cm_Conference_Door,1.41,0.20,-1.37
219.032,0,Wall_3mx20cm_Conference_Door,1.41,0.21,-1.38
219.059,0,Wall_3mx20cm_Conference_Door,1.41,0.23,-1.38
219.087,0,Wall_3mx20cm_Conference_Door,1.41,0.24,-1.38
219.129,0,Wall_3mx20cm_Conference_Door,1.41,0.25,-1.39
219.159,0,Wall_3mx20cm_Conference_Door,1.41,0.24,-1.40
219.185,0,Wall_3mx20cm_Conference_Door,1.41,0.24,-1.41
219.227,0,Wall_3mx20cm_Conference_Door,1.41,0.23,-1.42
219.254,0,Wall_3mx20cm_Conference_Door,1.41,0.23,-1.42
219.294,0,Wall_3mx20cm_Conference_Door,1.41,0.24,-1.43
219.323,0,Wall_3mx20cm_Conference_Door,1.41,0.23,-1.44
219.365,0,Wall_3mx20cm_Conference_Door,1.41,0.22,-1.46
219.393,0,Wall_3mx20cm_Conference_Door,1.41,0.23,-1.47
219.421,0,Wall_3mx20cm_Conference_Door,1.41,0.24,-1.48
219.463,0,Wall_3mx20cm_Conference_Door,1.41,0.26,-1.49
219.490,0,Wall_3mx20cm_Conference_Door,1.41,0.28,-1.51
219.519,0,Wall_3mx20cm_Conference_Door,1.41,0.29,-1.52
219.561,0,Wall_3mx20cm_Conference_Door,1.41,0.29,-1.54
219.588,0,Wall_3mx20cm_Conference_Door,1.41,0.28,-1.54
219.629,0,Wall_3mx20cm_Conference_Door,1.41,0.27,-1.56
219.656,0,Wall_3mx20cm_Conference_Door,1.41,0.26,-1.56
219.698,0,Wall_3mx20cm_Conference_Door,1.41,0.25,-1.57
219.725,0,Wall_3mx20cm_Conference_Door,1.41,0.25,-1.57
219.753,0,Wall_3mx20cm_Conference_Door,1.41,0.26,-1.57
219.795,0,Wall_3mx20cm_Conference_Door,1.41,0.26,-1.57
219.823,0,Wall_3mx20cm_Conference_Door,1.41,0.27,-1.57
219.864,0,Wall_3mx20cm_Conference_Door,1.41,0.28,-1.57
219.892,0,Wall_3mx20cm_Conference_Door,1.41,0.28,-1.57
219.920,0,Wall_3mx20cm_Conference_Door,1.41,0.28,-1.57
219.962,0,Wall_3mx20cm_Conference_Door,1.41,0.27,-1.58
219.989,0,Wall_3mx20cm_Conference_Door,1.41,0.28,-1.58
220.032,0,Wall_3mx20cm_Conference_Door,1.41,0.30,-1.59
220.060,0,Wall_3mx20cm_Conference_Door,1.41,0.30,-1.59
220.088,0,Wall_3mx20cm_Conference_Door,1.41,0.29,-1.59
220.130,0,Wall_3mx20cm_Conference_Door,1.41,0.28,-1.61
220.158,0,Wall_3mx20cm_Conference_Door,1.41,0.27,-1.61
220.186,0,Wall_3mx20cm_Conference_Door,1.41,0.27,-1.61
220.227,0,Wall_3mx20cm_Conference_Door,1.41,0.28,-1.62
220.255,0,Wall_3mx20cm_Conference_Door,1.41,0.29,-1.62
220.298,0,Wall_3mx20cm_Conference_Door,1.41,0.30,-1.63
220.326,0,Wall_3mx20cm_Conference_Door,1.41,0.30,-1.63
220.353,0,Wall_3mx20cm_Conference_Door,1.41,0.30,-1.64
220.395,0,Wall_3mx20cm_Conference_Door,1.41,0.31,-1.64
220.423,0,Wall_3mx20cm_Conference_Door,1.41,0.31,-1.64
220.465,0,Wall_3mx20cm_Conference_Door,1.41,0.31,-1.65
220.492,0,Wall_3mx20cm_Conference_Door,1.41,0.31,-1.64
220.520,0,Wall_3mx20cm_Conference_Door,1.41,0.31,-1.64
220.562,0,Wall_3mx20cm_Conference_Door,1.41,0.32,-1.64
220.590,0,Wall_3mx20cm_Conference_Door,1.41,0.32,-1.64
220.632,0,Wall_3mx20cm_Conference_Door,1.41,0.32,-1.63
220.660,0,Wall_3mx20cm_Conference_Door,1.41,0.32,-1.63
220.688,0,Wall_3mx20cm_Conference_Door,1.41,0.31,-1.64
220.732,0,Wall_3mx20cm_Conference_Door,1.41,0.31,-1.64
220.774,0,Wall_3mx20cm_Conference_Door,1.41,0.31,-1.63
220.788,0,Wall_3mx20cm_Conference_Door,1.41,0.30,-1.63
220.829,0,Wall_3mx20cm_Conference_Door,1.41,0.30,-1.63
220.856,0,Wall_3mx20cm_Conference_Door,1.41,0.30,-1.63
220.898,0,Wall_3mx20cm_Conference_Door,1.41,0.30,-1.63
220.927,0,Wall_3mx20cm_Conference_Door,1.41,0.29,-1.63
220.954,0,Wall_3mx20cm_Conference_Door,1.41,0.30,-1.64
220.996,0,Wall_3mx20cm_Conference_Door,1.41,0.31,-1.63
221.024,0,Wall_3mx20cm_Conference_Door,1.41,0.31,-1.63
221.066,0,Wall_3mx20cm_Conference_Door,1.41,0.30,-1.63
221.094,0,Wall_3mx20cm_Conference_Door,1.41,0.29,-1.63
221.122,0,Wall_3mx20cm_Conference_Door,1.41,0.29,-1.63
221.164,0,Wall_3mx20cm_Conference_Door,1.41,0.29,-1.62
221.192,0,Wall_3mx20cm_Conference_Door,1.41,0.30,-1.62
221.219,0,Wall_3mx20cm_Conference_Door,1.41,0.31,-1.61
221.260,0,Wall_3mx20cm_Conference_Door,1.41,0.32,-1.61
221.288,0,Wall_3mx20cm_Conference_Door,1.41,0.32,-1.60
221.330,0,Wall_3mx20cm_Conference_Door,1.41,0.31,-1.60
221.358,0,Wall_3mx20cm_Conference_Door,1.41,0.31,-1.59
221.386,0,Wall_3mx20cm_Conference_Door,1.41,0.31,-1.59
221.428,0,Wall_3mx20cm_Conference_Door,1.41,0.30,-1.59
221.456,0,Wall_3mx20cm_Conference_Door,1.41,0.30,-1.59
221.497,0,Wall_3mx20cm_Conference_Door,1.41,0.29,-1.58
221.525,0,Wall_3mx20cm_Conference_Door,1.41,0.29,-1.58
221.553,0,Wall_3mx20cm_Conference_Door,1.41,0.29,-1.58
221.594,0,Wall_3mx20cm_Conference_Door,1.41,0.27,-1.58
221.622,0,Wall_3mx20cm_Conference_Door,1.41,0.26,-1.57
221.663,0,Wall_3mx20cm_Conference_Door,1.41,0.25,-1.55
221.690,0,Wall_3mx20cm_Conference_Door,1.41,0.26,-1.54
221.719,0,Wall_3mx20cm_Conference_Door,1.41,0.26,-1.52
221.761,0,Wall_3mx20cm_Conference_Door,1.41,0.26,-1.49
221.788,0,Wall_3mx20cm_Conference_Door,1.41,0.26,-1.48
221.830,0,Wall_3mx20cm_Conference_Door,1.41,0.25,-1.47
221.858,0,Wall_3mx20cm_Conference_Door,1.41,0.24,-1.46
221.886,0,Wall_3mx20cm_Conference_Door,1.41,0.23,-1.45
221.929,0,Wall_3mx20cm_Conference_Door,1.41,0.22,-1.45
221.956,0,Wall_3mx20cm_Conference_Door,1.41,0.21,-1.45
221.998,0,Wall_3mx20cm_Conference_Door,1.41,0.22,-1.44
222.026,0,Wall_3mx20cm_Conference_Door,1.41,0.24,-1.43
222.054,0,Wall_3mx20cm_Conference_Door,1.41,0.24,-1.42
222.095,0,Wall_3mx20cm_Conference_Door,1.41,0.23,-1.42
222.123,0,Wall_3mx20cm_Conference_Door,1.41,0.23,-1.41
222.165,0,Wall_3mx20cm_Conference_Door,1.41,0.22,-1.40
222.193,0,Wall_3mx20cm_Conference_Door,1.41,0.22,-1.40
222.221,0,Wall_3mx20cm_Conference_Door,1.41,0.22,-1.39
222.262,0,Wall_3mx20cm_Conference_Door,1.41,0.23,-1.38
222.290,0,Wall_3mx20cm_Conference_Door,1.41,0.23,-1.37
222.331,0,Wall_3mx20cm_Conference_Door,1.41,0.24,-1.37
222.358,0,Wall_3mx20cm_Conference_Door,1.41,0.24,-1.36
222.386,0,Wall_3mx20cm_Conference_Door,1.41,0.25,-1.36
222.427,0,Wall_3mx20cm_Conference_Door,1.41,0.25,-1.35
222.456,0,Wall_3mx20cm_Conference_Door,1.41,0.24,-1.35
222.498,0,Wall_3mx20cm_Conference_Door,1.41,0.24,-1.33
222.525,0,Wall_3mx20cm_Conference_Door,1.41,0.24,-1.31
222.553,0,Wall_3mx20cm_Conference_Door,1.41,0.25,-1.29
222.594,0,Wall_3mx20cm_Conference_Door,1.41,0.26,-1.26
222.622,0,Wall_3mx20cm_Conference_Door,1.41,0.26,-1.24
222.664,0,Wall_3mx20cm_Conference_Door,1.41,0.26,-1.20
222.692,0,Wall_3mx20cm_Conference_Door,1.41,0.26,-1.18
222.719,0,Wall_3mx20cm_Conference_Door,1.41,0.27,-1.16
222.761,0,Wall_3mx20cm_Conference_Door,1.41,0.26,-1.13
222.789,0,Wall_3mx20cm_Conference_Door,1.41,0.25,-1.12
222.830,0,Wall_3mx20cm_Conference_Door,1.41,0.25,-1.11
222.858,0,Wall_3mx20cm_Conference_Door,1.41,0.23,-1.10
222.886,0,Wall_3mx20cm_Door (1),1.41,0.23,-1.09
222.929,0,Wall_3mx20cm_Door (1),1.41,0.22,-1.08
222.955,0,Wall_3mx20cm_Door (1),1.41,0.21,-1.07
222.999,0,Wall_3mx20cm_Door (1),1.41,0.22,-1.06
223.026,0,Wall_3mx20cm_Door (1),1.41,0.23,-1.06
223.055,0,Wall_3mx20cm_Door (1),1.41,0.23,-1.06
223.096,0,Wall_3mx20cm_Door (1),1.41,0.24,-1.06
223.123,0,Wall_3mx20cm_Door (1),1.41,0.24,-1.06
223.165,0,Wall_3mx20cm_Door (1),1.41,0.23,-1.07
223.194,0,Wall_3mx20cm_Door (1),1.41,0.21,-1.07
223.221,0,Wall_3mx20cm_Door (1),1.41,0.19,-1.07
223.263,0,Wall_3mx20cm_Door (1),1.41,0.18,-1.07
223.291,0,Wall_3mx20cm_Door (1),1.41,0.17,-1.07
223.333,0,Wall_3mx20cm_Door (1),1.41,0.18,-1.08
223.361,0,Wall_3mx20cm_Door (1),1.41,0.20,-1.08
223.389,0,Wall_3mx20cm_Door (1),1.41,0.21,-1.09
223.431,0,Wall_3mx20cm_Door (1),1.41,0.21,-1.09
223.459,0,Wall_3mx20cm_Conference_Door,1.41,0.21,-1.10
223.487,0,Wall_3mx20cm_Conference_Door,1.41,0.20,-1.10
223.529,0,Wall_3mx20cm_Conference_Door,1.41,0.19,-1.10
223.556,0,Wall_3mx20cm_Conference_Door,1.41,0.18,-1.10
223.598,0,Wall_3mx20cm_Door (1),1.41,0.18,-1.09
223.627,0,Wall_3mx20cm_Door (1),1.41,0.19,-1.09
223.655,0,Wall_3mx20cm_Door (1),1.41,0.20,-1.08
223.697,0,Wall_3mx20cm_Door (1),1.41,0.22,-1.08
223.724,0,Wall_3mx20cm_Door (1),1.41,0.22,-1.08
223.752,0,Wall_3mx20cm_Door (1),1.41,0.23,-1.08
223.794,0,Wall_3mx20cm_Door (1),1.41,0.24,-1.08
223.823,0,Wall_3mx20cm_Door (1),1.41,0.23,-1.08
223.866,0,Wall_3mx20cm_Door (1),1.41,0.22,-1.07
223.891,0,Wall_3mx20cm_Door (1),1.41,0.21,-1.07
223.919,0,Wall_3mx20cm_Door (1),1.41,0.21,-1.08
223.963,0,Wall_3mx20cm_Door (1),1.41,0.22,-1.08
223.991,0,Wall_3mx20cm_Door (1),1.41,0.24,-1.08
224.031,0,Wall_3mx20cm_Door (1),1.41,0.27,-1.08
224.060,0,Wall_3mx20cm_Door (1),1.41,0.28,-1.08
224.087,0,Wall_3mx20cm_Door (1),1.41,0.29,-1.08
224.130,0,Wall_3mx20cm_Door (1),1.41,0.28,-1.08
224.156,0,Wall_3mx20cm_Door (1),1.41,0.27,-1.07
224.198,0,Wall_3mx20cm_Door (1),1.41,0.25,-1.07
224.226,0,Wall_3mx20cm_Door (1),1.41,0.25,-1.07
224.253,0,Wall_3mx20cm_Door (1),1.41,0.25,-1.06
224.295,0,Wall_3mx20cm_Door (1),1.41,0.26,-1.06
224.322,0,Wall_3mx20cm_Door (1),1.41,0.27,-1.06
224.363,0,Wall_3mx20cm_Door (1),1.41,0.28,-1.06
224.391,0,Wall_3mx20cm_Door (1),1.41,0.29,-1.06
224.420,0,Wall_3mx20cm_Door (1),1.41,0.28,-1.06
224.462,0,Wall_3mx20cm_Door (1),1.41,0.28,-1.06
224.489,0,Wall_3mx20cm_Door (1),1.41,0.27,-1.06
224.532,0,Wall_3mx20cm_Door (1),1.41,0.27,-1.06
224.560,0,Wall_3mx20cm_Door (1),1.41,0.27,-1.06
224.587,0,Wall_3mx20cm_Door (1),1.41,0.28,-1.05
224.629,0,Wall_3mx20cm_Door (1),1.41,0.29,-1.05
224.657,0,Wall_3mx20cm_Door (1),1.41,0.29,-1.05
224.699,0,Wall_3mx20cm_Door (1),1.41,0.29,-1.05
224.727,0,Wall_3mx20cm_Door (1),1.41,0.30,-1.04
224.755,0,Wall_3mx20cm_Door (1),1.41,0.30,-1.05
224.797,0,Wall_3mx20cm_Door (1),1.41,0.31,-1.04
224.825,0,Wall_3mx20cm_Door (1),1.41,0.31,-1.04
224.853,0,Wall_3mx20cm_Door (1),1.41,0.31,-1.04
224.894,0,Wall_3mx20cm_Door (1),1.41,0.31,-1.03
224.922,0,Wall_3mx20cm_Door (1),1.41,0.31,-1.03
224.964,0,Wall_3mx20cm_Door (1),1.41,0.31,-1.03
224.991,0,Wall_3mx20cm_Door (1),1.41,0.31,-1.03
225.020,0,Wall_3mx20cm_Door (1),1.41,0.30,-1.02
225.062,0,Wall_3mx20cm_Door (1),1.41,0.29,-1.02
225.089,0,Wall_3mx20cm_Door (1),1.41,0.29,-1.02
225.131,0,Wall_3mx20cm_Door (1),1.41,0.29,-1.01
225.159,0,Wall_3mx20cm_Door (1),1.41,0.29,-1.01
225.186,0,Wall_3mx20cm_Door (1),1.41,0.30,-1.01
225.229,0,Wall_3mx20cm_Door (1),1.41,0.30,-1.00
225.256,0,Wall_3mx20cm_Door (1),1.41,0.30,-1.00
225.298,0,Wall_3mx20cm_Door (1),1.41,0.29,-1.00
225.326,0,Wall_3mx20cm_Door (1),1.41,0.28,-1.00
225.353,0,Wall_3mx20cm_Door (1),1.41,0.27,-1.00
225.396,0,Wall_3mx20cm_Door (1),1.41,0.27,-1.00
225.423,0,Wall_3mx20cm_Door (1),1.41,0.27,-1.00
225.465,0,Wall_3mx20cm_Door (1),1.41,0.28,-0.99
225.493,0,Wall_3mx20cm_Door (1),1.41,0.30,-0.98
225.520,0,Wall_3mx20cm_Door (1),1.41,0.30,-0.97
225.562,0,Wall_3mx20cm_Door (1),1.41,0.31,-0.96
225.590,0,Wall_3mx20cm_Door (1),1.41,0.32,-0.95
225.632,0,Wall_3mx20cm_Door (1),1.41,0.32,-0.94
225.659,0,Wall_3mx20cm_Door (1),1.41,0.32,-0.93
225.687,0,Wall_3mx20cm_Door (1),1.41,0.32,-0.92
225.729,0,Wall_3mx20cm_Door (1),1.41,0.32,-0.90
225.757,0,Wall_3mx20cm_Door (1),1.41,0.32,-0.88
225.798,0,Wall_3mx20cm_Door (1),1.41,0.33,-0.85
225.826,0,Wall_3mx20cm_Door (1),1.41,0.33,-0.84
225.854,0,Wall_3mx20cm_Door (1),1.41,0.34,-0.82
225.896,0,Wall_3mx20cm_Door (1),1.41,0.36,-0.79
225.923,0,Wall_3mx20cm_Door (1),1.41,0.36,-0.77
225.965,0,Wall_3mx20cm_Door (1),1.41,0.36,-0.75
225.993,0,Wall_3mx20cm_Door (1),1.41,0.36,-0.73
226.021,0,Wall_3mx20cm_Door (1),1.41,0.36,-0.72
226.063,0,Wall_3mx20cm_Door (1),1.41,0.36,-0.70
226.091,0,Wall_3mx20cm_Door (1),1.41,0.36,-0.69
226.133,0,Wall_3mx20cm_Door (1),1.41,0.36,-0.68
226.161,0,Wall_3mx20cm_Door (1),1.41,0.36,-0.67
226.189,0,Wall_3mx20cm_Door (1),1.41,0.37,-0.66
226.231,0,Wall_3mx20cm_Door (1),1.41,0.37,-0.65
226.258,0,Wall_3mx20cm_Door (1),1.41,0.37,-0.64
226.286,0,Wall_3mx20cm_Door (1),1.41,0.37,-0.64
226.329,0,Wall_3mx20cm_Door (1),1.41,0.37,-0.63
226.356,0,Wall_3mx20cm_Door (1),1.41,0.37,-0.63
226.398,0,Wall_3mx20cm_Door (1),1.41,0.37,-0.63
226.426,0,Wall_3mx20cm_Door (1),1.41,0.38,-0.63
226.454,0,Wall_3mx20cm_Door (1),1.41,0.39,-0.62
226.496,0,Wall_3mx20cm_Door (1),1.41,0.39,-0.62
226.524,0,Wall_3mx20cm_Door (1),1.41,0.39,-0.61
226.566,0,Wall_3mx20cm_Door (1),1.41,0.39,-0.61
226.593,0,Wall_3mx20cm_Door (1),1.41,0.39,-0.60
226.621,0,Wall_3mx20cm_Door (1),1.41,0.40,-0.60
226.663,0,Wall_3mx20cm_Door (1),1.41,0.42,-0.60
226.691,0,Wall_3mx20cm_Door (1),1.41,0.43,-0.60
226.733,0,Wall_3mx20cm_Door (1),1.41,0.44,-0.60
226.760,0,Wall_3mx20cm_Door (1),1.41,0.43,-0.60
226.788,0,Wall_3mx20cm_Door (1),1.41,0.43,-0.61
226.830,0,Wall_3mx20cm_Door (1),1.41,0.40,-0.61
226.858,0,Wall_3mx20cm_Door (1),1.41,0.40,-0.61
226.900,0,Wall_3mx20cm_Door (1),1.41,0.42,-0.61
226.928,0,Wall_3mx20cm_Door (1),1.41,0.43,-0.60
226.956,0,Wall_3mx20cm_Door (1),1.41,0.44,-0.61
226.997,0,Wall_3mx20cm_Door (1),1.41,0.44,-0.61
227.026,0,Wall_3mx20cm_Door (1),1.41,0.44,-0.61
227.055,0,Wall_3mx20cm_Door (1),1.41,0.43,-0.61
227.094,0,Wall_3mx20cm_Door (1),1.41,0.43,-0.62
227.122,0,Wall_3mx20cm_Door (1),1.41,0.43,-0.62
227.163,0,Wall_3mx20cm_Door (1),1.41,0.39,-0.63
227.191,0,Wall_3mx20cm_Door (1),1.41,0.38,-0.63
227.221,0,Wall_3mx20cm_Door (1),1.41,0.40,-0.63
227.262,0,Wall_3mx20cm_Door (1),1.41,0.41,-0.62
227.289,0,Wall_3mx20cm_Door (1),1.41,0.40,-0.62
227.332,0,Wall_3mx20cm_Door (1),1.41,0.40,-0.61
227.359,0,Wall_3mx20cm_Door (1),1.41,0.41,-0.62
227.387,0,Wall_3mx20cm_Door (1),1.41,0.46,-0.62
227.428,0,Wall_3mx20cm_Door (1),1.41,0.50,-0.63
227.456,0,Wall_3mx20cm_Door (1),1.41,0.52,-0.63
227.498,0,Wall_3mx20cm_Door (1),1.41,0.53,-0.65
227.526,0,Wall_3mx20cm_Door (1),1.41,0.51,-0.66
227.553,0,Wall_3mx20cm_Door (1),1.41,0.50,-0.67
227.596,0,Wall_3mx20cm_Door (1),1.41,0.51,-0.67
227.624,0,Wall_3mx20cm_Door (1),1.41,0.49,-0.67
227.664,0,Wall_3mx20cm_Door (1),1.41,0.47,-0.67
227.692,0,Wall_3mx20cm_Door (1),1.41,0.47,-0.67
227.720,0,Wall_3mx20cm_Door (1),1.41,0.47,-0.66
227.763,0,Wall_3mx20cm_Door (1),1.41,0.50,-0.66
227.790,0,Wall_3mx20cm_Door (1),1.41,0.51,-0.66
227.831,0,Wall_3mx20cm_Door (1),1.41,0.52,-0.66
227.858,0,Wall_3mx20cm_Door (1),1.41,0.52,-0.66
227.887,0,Wall_3mx20cm_Door (1),1.41,0.52,-0.66
227.928,0,Wall_3mx20cm_Door (1),1.41,0.50,-0.67
227.956,0,Wall_3mx20cm_Door (1),1.41,0.48,-0.67
227.996,0,Wall_3mx20cm_Door (1),1.41,0.46,-0.67
228.023,0,Wall_3mx20cm_Door (1),1.41,0.47,-0.67
228.067,0,Wall_3mx20cm_Door (1),1.41,0.48,-0.66
228.095,0,Wall_3mx20cm_Door (1),1.41,0.50,-0.66
228.122,0,Wall_3mx20cm_Door (1),1.41,0.51,-0.66
228.163,0,Wall_3mx20cm_Door (1),1.41,0.50,-0.65
228.192,0,Wall_3mx20cm_Door (1),1.41,0.49,-0.65
228.233,0,Wall_3mx20cm_Door (1),1.41,0.45,-0.66
228.261,0,Wall_3mx20cm_Door (1),1.41,0.44,-0.66
228.289,0,Wall_3mx20cm_Door (1),1.41,0.43,-0.66
228.331,0,Wall_3mx20cm_Door (1),1.41,0.44,-0.67
228.358,0,Wall_3mx20cm_Door (1),1.41,0.45,-0.67
228.399,0,Wall_3mx20cm_Door (1),1.41,0.46,-0.67
228.428,0,Wall_3mx20cm_Door (1),1.41,0.48,-0.67
228.454,0,Wall_3mx20cm_Door (1),1.41,0.48,-0.67
228.497,0,Wall_3mx20cm_Door (1),1.41,0.48,-0.67
228.525,0,Wall_3mx20cm_Door (1),1.41,0.47,-0.67
228.567,0,Wall_3mx20cm_Door (1),1.41,0.48,-0.67
228.595,0,Wall_3mx20cm_Door (1),1.41,0.46,-0.67
228.623,0,Wall_3mx20cm_Door (1),1.41,0.44,-0.67
228.664,0,Wall_3mx20cm_Door (1),1.41,0.45,-0.68
228.692,0,Wall_3mx20cm_Door (1),1.41,0.46,-0.68
228.733,0,Wall_3mx20cm_Door (1),1.41,0.48,-0.67
228.761,0,Wall_3mx20cm_Door (1),1.41,0.47,-0.67
228.790,0,Wall_3mx20cm_Door (1),1.41,0.48,-0.66
228.832,0,Wall_3mx20cm_Door (1),1.41,0.47,-0.65
228.859,0,Wall_3mx20cm_Door (1),1.41,0.45,-0.65
228.887,0,Wall_3mx20cm_Door (1),1.41,0.47,-0.65
228.929,0,Wall_3mx20cm_Door (1),1.41,0.49,-0.65
228.958,0,Wall_3mx20cm_Door (1),1.41,0.48,-0.65
228.999,0,Wall_3mx20cm_Door (1),1.41,0.48,-0.67
229.027,0,Wall_3mx20cm_Door (1),1.41,0.48,-0.67
229.055,0,Wall_3mx20cm_Door (1),1.41,0.47,-0.68
229.097,0,Wall_3mx20cm_Door (1),1.41,0.46,-0.68
229.125,0,Wall_3mx20cm_Door (1),1.41,0.45,-0.68
229.166,0,Wall_3mx20cm_Door (1),1.41,0.45,-0.68
229.194,0,Wall_3mx20cm_Door (1),1.41,0.44,-0.68
229.222,0,Wall_3mx20cm_Door (1),1.41,0.45,-0.68
229.265,0,Wall_3mx20cm_Door (1),1.41,0.45,-0.67
229.292,0,Wall_3mx20cm_Door (1),1.41,0.45,-0.67
229.334,0,Wall_3mx20cm_Door (1),1.41,0.45,-0.68
229.362,0,Wall_3mx20cm_Door (1),1.41,0.45,-0.68
229.390,0,Wall_3mx20cm_Door (1),1.41,0.45,-0.68
229.432,0,Wall_3mx20cm_Door (1),1.41,0.45,-0.68
229.460,0,Wall_3mx20cm_Door (1),1.41,0.45,-0.69
229.487,0,Wall_3mx20cm_Door (1),1.41,0.44,-0.69
229.529,0,Wall_3mx20cm_Door (1),1.41,0.43,-0.69
229.558,0,Wall_3mx20cm_Door (1),1.41,0.43,-0.69
229.599,0,Wall_3mx20cm_Door (1),1.41,0.44,-0.69
229.628,0,Wall_3mx20cm_Door (1),1.41,0.45,-0.68
229.656,0,Wall_3mx20cm_Door (1),1.41,0.45,-0.68
229.698,0,Wall_3mx20cm_Door (1),1.41,0.45,-0.68
229.725,0,Wall_3mx20cm_Door (1),1.41,0.45,-0.68
229.754,0,Wall_3mx20cm_Door (1),1.41,0.44,-0.68
229.795,0,Wall_3mx20cm_Door (1),1.41,0.43,-0.69
229.823,0,Wall_3mx20cm_Door (1),1.41,0.42,-0.69
229.865,0,Wall_3mx20cm_Door (1),1.41,0.43,-0.69
229.893,0,Wall_3mx20cm_Door (1),1.41,0.43,-0.69
229.920,0,Wall_3mx20cm_Door (1),1.41,0.43,-0.69
229.963,0,Wall_3mx20cm_Door (1),1.41,0.44,-0.69
229.990,0,Wall_3mx20cm_Door (1),1.41,0.46,-0.69
230.031,0,Wall_3mx20cm_Door (1),1.41,0.46,-0.69
230.061,0,Wall_3mx20cm_Door (1),1.41,0.47,-0.69
230.087,0,Wall_3mx20cm_Door (1),1.41,0.47,-0.69
230.128,0,Wall_3mx20cm_Door (1),1.41,0.46,-0.69
230.156,0,Wall_3mx20cm_Door (1),1.41,0.47,-0.69
230.197,0,Wall_3mx20cm_Door (1),1.41,0.45,-0.69
230.225,0,Wall_3mx20cm_Door (1),1.41,0.44,-0.68
230.267,0,Wall_3mx20cm_Door (1),1.41,0.47,-0.68
230.295,0,Wall_3mx20cm_Door (1),1.41,0.46,-0.68
230.323,0,Wall_3mx20cm_Door (1),1.41,0.45,-0.68
230.365,0,Wall_3mx20cm_Door (1),1.41,0.43,-0.69
230.393,0,Wall_3mx20cm_Door (1),1.41,0.41,-0.70
230.420,0,Wall_3mx20cm_Door (1),1.41,0.40,-0.72
230.463,0,Wall_3mx20cm_Door (1),1.41,0.42,-0.73
230.491,0,Wall_3mx20cm_Door (1),1.41,0.42,-0.74
230.532,0,Wall_3mx20cm_Door (1),1.41,0.42,-0.74
230.560,0,Wall_3mx20cm_Door (1),1.41,0.42,-0.74
230.588,0,Wall_3mx20cm_Door (1),1.41,0.42,-0.74
230.629,0,Wall_3mx20cm_Door (1),1.41,0.45,-0.73
230.656,0,Wall_3mx20cm_Door (1),1.41,0.46,-0.72
230.697,0,Wall_3mx20cm_Door (1),1.41,0.48,-0.71
230.725,0,Wall_3mx20cm_Door (1),1.41,0.48,-0.71
230.754,0,Wall_3mx20cm_Door (1),1.41,0.50,-0.71
230.795,0,Wall_3mx20cm_Door (1),1.41,0.50,-0.70
230.823,0,Wall_3mx20cm_Door (1),1.41,0.51,-0.71
230.865,0,Wall_3mx20cm_Door (1),1.41,0.51,-0.70
230.893,0,Wall_3mx20cm_Door (1),1.41,0.52,-0.70
230.934,0,Wall_3mx20cm_Door (1),1.41,0.52,-0.70
230.962,0,Wall_3mx20cm_Door (1),1.41,0.52,-0.69
230.990,0,Wall_3mx20cm_Door (1),1.41,0.53,-0.69
231.032,0,Wall_3mx20cm_Door (1),1.41,0.53,-0.69
231.059,0,Wall_3mx20cm_Door (1),1.41,0.52,-0.69
231.101,0,Wall_3mx20cm_Door (1),1.41,0.53,-0.68
231.129,0,Wall_3mx20cm_Door (1),1.41,0.51,-0.68
231.157,0,Wall_3mx20cm_Door (1),1.41,0.51,-0.69
231.198,0,Wall_3mx20cm_Door (1),1.41,0.52,-0.69
231.226,0,Wall_3mx20cm_Door (1),1.41,0.52,-0.68
231.254,0,Wall_3mx20cm_Door (1),1.41,0.53,-0.69
231.297,0,Wall_3mx20cm_Door (1),1.41,0.52,-0.69
231.324,0,Wall_3mx20cm_Door (1),1.41,0.53,-0.69
231.365,0,Wall_3mx20cm_Door (1),1.41,0.55,-0.69
231.394,0,Wall_3mx20cm_Door (1),1.41,0.56,-0.70
231.422,0,Wall_3mx20cm_Door (1),1.41,0.59,-0.70
231.465,0,Wall_3mx20cm_Door (1),1.41,0.60,-0.70
231.491,0,Wall_3mx20cm_Door (1),1.41,0.59,-0.70
231.533,0,Wall_3mx20cm_Door (1),1.41,0.57,-0.70
231.561,0,Wall_3mx20cm_Door (1),1.41,0.57,-0.69
231.589,0,Wall_3mx20cm_Door (1),1.41,0.56,-0.69
231.631,0,Wall_3mx20cm_Door (1),1.41,0.55,-0.69
231.658,0,Wall_3mx20cm_Door (1),1.41,0.55,-0.70
231.699,0,Wall_3mx20cm_Door (1),1.41,0.55,-0.70
231.726,0,Wall_3mx20cm_Door (1),1.41,0.56,-0.71
231.755,0,Wall_3mx20cm_Door (1),1.41,0.56,-0.72
231.797,0,Wall_3mx20cm_Door (1),1.41,0.56,-0.73
231.824,0,Wall_3mx20cm_Door (1),1.41,0.56,-0.74
231.867,0,Wall_3mx20cm_Door (1),1.41,0.56,-0.74
231.894,0,Wall_3mx20cm_Door (1),1.41,0.55,-0.75
231.922,0,Wall_3mx20cm_Door (1),1.41,0.54,-0.76
231.964,0,Wall_3mx20cm_Door (1),1.41,0.52,-0.78
231.992,0,Wall_3mx20cm_Door (1),1.41,0.52,-0.79
232.034,0,Wall_3mx20cm_Door (1),1.41,0.53,-0.80
232.061,0,Wall_3mx20cm_Door (1),1.41,0.54,-0.80
232.088,0,Wall_3mx20cm_Door (1),1.41,0.54,-0.80
232.132,0,Wall_3mx20cm_Door (1),1.41,0.53,-0.82
232.160,0,Wall_3mx20cm_Door (1),1.41,0.52,-0.84
232.201,0,Wall_3mx20cm_Door (1),1.41,0.51,-0.87
232.229,0,Wall_3mx20cm_Door (1),1.41,0.50,-0.91
232.256,0,Wall_3mx20cm_Door (1),1.41,0.50,-0.95
232.298,0,Wall_3mx20cm_Door (1),1.41,0.51,-1.06
232.326,0,Wall_3mx20cm_Conference_Door,1.41,0.48,-1.14
232.368,0,Wall_3mx20cm_Conference_Door,1.41,0.50,-1.26
232.396,0,Wall_3mx20cm_Conference_Door,1.41,0.51,-1.33
232.424,0,Wall_3mx20cm_Conference_Door,1.41,0.51,-1.40
232.466,0,Wall_3mx20cm_Conference_Door,1.41,0.55,-1.49
232.494,0,Wall_3mx20cm_Conference_Door,1.41,0.58,-1.55
232.522,0,Wall_3mx20cm_Conference_Door,1.41,0.60,-1.61
232.565,0,Wall_3mx20cm_Conference_Door,1.41,0.65,-1.69
232.594,0,Timer,1.47,0.62,-1.74
232.635,0,Timer,1.47,0.59,-1.79
232.662,0,Timer,1.47,0.54,-1.80
232.690,0,Timer,1.47,0.46,-1.80
232.732,0,Timer,1.47,0.43,-1.79
232.759,0,Timer,1.47,0.44,-1.77
232.788,0,Timer,1.47,0.47,-1.75
232.830,0,Timer,1.47,0.50,-1.74
232.858,0,Timer,1.47,0.52,-1.73
232.900,0,Wall_3mx20cm_Conference_Door,1.41,0.56,-1.70
232.928,0,Wall_3mx20cm_Conference_Door,1.41,0.55,-1.69
232.956,0,Wall_3mx20cm_Conference_Door,1.41,0.53,-1.66
232.996,0,Wall_3mx20cm_Conference_Door,1.41,0.49,-1.62
233.024,0,Wall_3mx20cm_Conference_Door,1.41,0.48,-1.58
233.066,0,Wall_3mx20cm_Conference_Door,1.41,0.47,-1.52
233.093,0,Wall_3mx20cm_Conference_Door,1.41,0.47,-1.48
233.121,0,Wall_3mx20cm_Conference_Door,1.41,0.49,-1.43
233.164,0,Wall_3mx20cm_Conference_Door,1.41,0.52,-1.37
233.191,0,Wall_3mx20cm_Conference_Door,1.41,0.54,-1.32
233.233,0,Wall_3mx20cm_Conference_Door,1.41,0.55,-1.27
233.261,0,Wall_3mx20cm_Conference_Door,1.41,0.54,-1.23
233.289,0,Wall_3mx20cm_Conference_Door,1.41,0.53,-1.21
233.331,0,Wall_3mx20cm_Conference_Door,1.41,0.52,-1.17
233.358,0,Wall_3mx20cm_Conference_Door,1.41,0.52,-1.16
233.400,0,Wall_3mx20cm_Conference_Door,1.41,0.51,-1.15
233.427,0,Wall_3mx20cm_Conference_Door,1.41,0.50,-1.14
233.455,0,Wall_3mx20cm_Conference_Door,1.41,0.51,-1.14
233.497,0,Wall_3mx20cm_Conference_Door,1.41,0.51,-1.13
233.525,0,Wall_3mx20cm_Conference_Door,1.41,0.52,-1.12
233.568,0,Wall_3mx20cm_Conference_Door,1.41,0.54,-1.11
233.595,0,Wall_3mx20cm_Conference_Door,1.41,0.55,-1.10
233.623,0,Wall_3mx20cm_Door (1),1.41,0.54,-1.10
233.665,0,Wall_3mx20cm_Door (1),1.41,0.52,-1.09
233.693,0,Wall_3mx20cm_Door (1),1.41,0.52,-1.08
233.722,0,Wall_3mx20cm_Door (1),1.41,0.51,-1.08
233.763,0,Wall_3mx20cm_Door (1),1.41,0.51,-1.09
233.790,0,Wall_3mx20cm_Door (1),1.41,0.52,-1.10
233.831,0,Wall_3mx20cm_Conference_Door,1.41,0.54,-1.10
233.859,0,Wall_3mx20cm_Conference_Door,1.41,0.55,-1.11
233.900,0,Wall_3mx20cm_Conference_Door,1.41,0.55,-1.10
233.928,0,Wall_3mx20cm_Conference_Door,1.41,0.54,-1.10
233.956,0,Wall_3mx20cm_Conference_Door,1.41,0.54,-1.10
233.997,0,Wall_3mx20cm_Door (1),1.41,0.53,-1.09
234.025,0,Wall_3mx20cm_Door (1),1.41,0.53,-1.09
234.067,0,Wall_3mx20cm_Door (1),1.41,0.54,-1.08
234.095,0,Wall_3mx20cm_Door (1),1.41,0.55,-1.09
234.123,0,Wall_3mx20cm_Door (1),1.41,0.56,-1.09
234.165,0,Wall_3mx20cm_Door (1),1.41,0.56,-1.09
234.192,0,Wall_3mx20cm_Door (1),1.41,0.56,-1.09
234.235,0,Wall_3mx20cm_Conference_Door,1.41,0.56,-1.10
234.262,0,Wall_3mx20cm_Conference_Door,1.41,0.55,-1.10
234.290,0,Wall_3mx20cm_Door (1),1.41,0.53,-1.10
234.331,0,Wall_3mx20cm_Conference_Door,1.41,0.52,-1.10
234.359,0,Wall_3mx20cm_Door (1),1.41,0.52,-1.10
234.401,0,Wall_3mx20cm_Door (1),1.41,0.54,-1.09
234.428,0,Wall_3mx20cm_Door (1),1.41,0.54,-1.09
234.456,0,Wall_3mx20cm_Door (1),1.41,0.54,-1.09
234.497,0,Wall_3mx20cm_Door (1),1.41,0.55,-1.09
234.525,0,Wall_3mx20cm_Door (1),1.41,0.56,-1.10
234.568,0,Wall_3mx20cm_Conference_Door,1.41,0.57,-1.10
234.596,0,Wall_3mx20cm_Conference_Door,1.41,0.56,-1.10
234.623,0,Wall_3mx20cm_Conference_Door,1.41,0.54,-1.10
234.664,0,Wall_3mx20cm_Conference_Door,1.41,0.53,-1.10
234.692,0,Wall_3mx20cm_Conference_Door,1.41,0.53,-1.10
234.734,0,Wall_3mx20cm_Door (1),1.41,0.52,-1.10
234.761,0,Wall_3mx20cm_Door (1),1.41,0.53,-1.10
234.790,0,Wall_3mx20cm_Door (1),1.41,0.53,-1.09
234.832,0,Wall_3mx20cm_Door (1),1.41,0.54,-1.09
234.860,0,Wall_3mx20cm_Door (1),1.41,0.53,-1.10
234.902,0,Wall_3mx20cm_Conference_Door,1.41,0.53,-1.10
234.929,0,Wall_3mx20cm_Conference_Door,1.41,0.52,-1.10
234.961,0,Wall_3mx20cm_Door (1),1.41,0.52,-1.10
235.000,0,Wall_3mx20cm_Door (1),1.41,0.52,-1.09
235.029,0,Wall_3mx20cm_Door (1),1.41,0.52,-1.09
235.056,0,Wall_3mx20cm_Door (1),1.41,0.52,-1.08
235.097,0,Wall_3mx20cm_Door (1),1.41,0.53,-1.08
235.126,0,Wall_3mx20cm_Door (1),1.41,0.53,-1.08
235.168,0,Wall_3mx20cm_Door (1),1.41,0.54,-1.07
235.194,0,Wall_3mx20cm_Door (1),1.41,0.54,-1.07
235.223,0,Wall_3mx20cm_Door (1),1.41,0.54,-1.07
235.264,0,Wall_3mx20cm_Door (1),1.41,0.53,-1.07
235.294,0,Wall_3mx20cm_Door (1),1.41,0.52,-1.08
235.335,0,Wall_3mx20cm_Door (1),1.41,0.52,-1.08
235.364,0,Wall_3mx20cm_Door (1),1.41,0.52,-1.08
235.391,0,Wall_3mx20cm_Door (1),1.41,0.52,-1.08
235.432,0,Wall_3mx20cm_Door (1),1.41,0.52,-1.08
235.461,0,Wall_3mx20cm_Door (1),1.41,0.52,-1.08
235.488,0,Wall_3mx20cm_Door (1),1.41,0.52,-1.08
235.530,0,Wall_3mx20cm_Door (1),1.41,0.52,-1.08
235.558,0,Wall_3mx20cm_Door (1),1.41,0.52,-1.08
235.600,0,Wall_3mx20cm_Door (1),1.41,0.52,-1.07
235.628,0,Wall_3mx20cm_Door (1),1.41,0.53,-1.07
235.656,0,Wall_3mx20cm_Door (1),1.41,0.53,-1.07
235.699,0,Wall_3mx20cm_Door (1),1.41,0.53,-1.07
235.727,0,Wall_3mx20cm_Door (1),1.41,0.53,-1.07
235.767,0,Wall_3mx20cm_Door (1),1.41,0.51,-1.07
235.796,0,Wall_3mx20cm_Door (1),1.41,0.52,-1.06
235.823,0,Wall_3mx20cm_Door (1),1.41,0.52,-1.06
235.863,0,Wall_3mx20cm_Door (1),1.41,0.52,-1.05
235.890,0,Wall_3mx20cm_Door (1),1.41,0.53,-1.05
235.933,0,Wall_3mx20cm_Door (1),1.41,0.50,-1.05
235.961,0,Wall_3mx20cm_Door (1),1.41,0.51,-1.05
235.989,0,Wall_3mx20cm_Door (1),1.41,0.53,-1.05
236.029,0,Wall_3mx20cm_Door (1),1.41,0.54,-1.04
236.057,0,Wall_3mx20cm_Door (1),1.41,0.53,-1.04
236.099,0,Wall_3mx20cm_Door (1),1.41,0.53,-1.04
236.126,0,Wall_3mx20cm_Door (1),1.41,0.54,-1.04
236.168,0,Wall_3mx20cm_Door (1),1.41,0.54,-1.03
236.196,0,Wall_3mx20cm_Door (1),1.41,0.52,-1.03
236.224,0,Wall_3mx20cm_Door (1),1.41,0.52,-1.03
236.265,0,Wall_3mx20cm_Door (1),1.41,0.52,-1.03
236.293,0,Wall_3mx20cm_Door (1),1.41,0.52,-1.03
236.335,0,Wall_3mx20cm_Door (1),1.41,0.51,-1.02
236.363,0,Wall_3mx20cm_Door (1),1.41,0.51,-1.02
236.391,0,Wall_3mx20cm_Door (1),1.41,0.51,-1.02
236.433,0,Wall_3mx20cm_Door (1),1.41,0.52,-1.02
236.461,0,Wall_3mx20cm_Door (1),1.41,0.52,-1.02
236.489,0,Wall_3mx20cm_Door (1),1.41,0.52,-1.02
236.531,0,Wall_3mx20cm_Door (1),1.41,0.52,-1.02
236.558,0,Wall_3mx20cm_Door (1),1.41,0.53,-1.02
236.600,0,Wall_3mx20cm_Door (1),1.41,0.53,-1.02
236.628,0,Wall_3mx20cm_Door (1),1.41,0.53,-1.02
236.656,0,Wall_3mx20cm_Door (1),1.41,0.53,-1.02
236.697,0,Wall_3mx20cm_Door (1),1.41,0.52,-1.01
236.724,0,Wall_3mx20cm_Door (1),1.41,0.52,-1.01
236.767,0,Wall_3mx20cm_Door (1),1.41,0.52,-1.01
236.794,0,Wall_3mx20cm_Door (1),1.41,0.52,-1.01
236.822,0,Wall_3mx20cm_Door (1),1.41,0.52,-1.01
236.862,0,Wall_3mx20cm_Door (1),1.41,0.54,-1.01
236.889,0,Wall_3mx20cm_Door (1),1.41,0.55,-1.01
236.932,0,Wall_3mx20cm_Door (1),1.41,0.56,-1.02
236.961,0,Wall_3mx20cm_Door (1),1.41,0.58,-1.02
236.989,0,Wall_3mx20cm_Door (1),1.41,0.57,-1.02
237.031,0,Wall_3mx20cm_Door (1),1.41,0.56,-1.02
237.059,0,Wall_3mx20cm_Door (1),1.41,0.57,-1.02
237.100,0,Wall_3mx20cm_Door (1),1.41,0.57,-1.02
237.128,0,Wall_3mx20cm_Door (1),1.41,0.55,-1.01
237.156,0,Wall_3mx20cm_Door (1),1.41,0.58,-1.01
237.196,0,Wall_3mx20cm_Door (1),1.41,0.59,-1.00
237.223,0,Wall_3mx20cm_Door (1),1.41,0.58,-1.01
237.265,0,Wall_3mx20cm_Door (1),1.41,0.58,-1.01
237.293,0,Wall_3mx20cm_Door (1),1.41,0.58,-1.01
237.335,0,Wall_3mx20cm_Door (1),1.41,0.56,-1.02
237.364,0,Wall_3mx20cm_Door (1),1.41,0.55,-1.02
237.392,0,Wall_3mx20cm_Door (1),1.41,0.55,-1.02
237.434,0,Wall_3mx20cm_Door (1),1.41,0.55,-1.02
237.462,0,Wall_3mx20cm_Door (1),1.41,0.55,-1.01
237.490,0,Wall_3mx20cm_Door (1),1.41,0.56,-1.01
237.531,0,Wall_3mx20cm_Door (1),1.41,0.55,-1.01
237.560,0,Wall_3mx20cm_Door (1),1.41,0.55,-1.01
237.602,0,Wall_3mx20cm_Door (1),1.41,0.55,-1.01
237.629,0,Wall_3mx20cm_Door (1),1.41,0.55,-1.01
237.657,0,Wall_3mx20cm_Door (1),1.41,0.55,-1.02
237.699,0,Wall_3mx20cm_Door (1),1.41,0.55,-1.02
237.726,0,Wall_3mx20cm_Door (1),1.41,0.55,-1.02
237.755,0,Wall_3mx20cm_Door (1),1.41,0.55,-1.02
237.796,0,Wall_3mx20cm_Door (1),1.41,0.55,-1.01
237.824,0,Wall_3mx20cm_Door (1),1.41,0.55,-1.01
237.866,0,Wall_3mx20cm_Door (1),1.41,0.58,-1.02
237.894,0,Wall_3mx20cm_Door (1),1.41,0.59,-1.02
237.935,0,Wall_3mx20cm_Door (1),1.41,0.61,-1.03
237.963,0,Wall_3mx20cm_Door (1),1.41,0.61,-1.04
237.991,0,Wall_3mx20cm_Door (1),1.41,0.61,-1.05
238.033,0,Wall_3mx20cm_Door (1),1.41,0.61,-1.05
238.062,0,Wall_3mx20cm_Door (1),1.41,0.59,-1.05
238.090,0,Wall_3mx20cm_Door (1),1.41,0.57,-1.06
238.131,0,Wall_3mx20cm_Door (1),1.41,0.57,-1.06
238.159,0,Wall_3mx20cm_Door (1),1.41,0.57,-1.04
238.203,0,Wall_3mx20cm_Door (1),1.41,0.53,-1.03
238.230,0,Wall_3mx20cm_Door (1),1.41,0.52,-1.03
238.257,0,Wall_3mx20cm_Door (1),1.41,0.57,-1.03
238.300,0,Wall_3mx20cm_Door (1),1.41,0.61,-1.05
238.327,0,Wall_3mx20cm_Door (1),1.41,0.61,-1.06
238.369,0,Wall_3mx20cm_Door (1),1.41,0.57,-1.08
238.397,0,Wall_3mx20cm_Door (1),1.41,0.53,-1.09
238.425,0,Wall_3mx20cm_Conference_Door,1.41,0.52,-1.10
238.467,0,Wall_3mx20cm_Conference_Door,1.41,0.52,-1.10
238.495,0,Wall_3mx20cm_Door (1),1.41,0.49,-1.10
238.523,0,Wall_3mx20cm_Conference_Door,1.41,0.51,-1.10
238.565,0,Wall_3mx20cm_Door (1),1.41,0.54,-1.09
238.593,0,Wall_3mx20cm_Door (1),1.41,0.54,-1.09
238.635,0,Wall_3mx20cm_Conference_Door,1.41,0.56,-1.10
238.662,0,Wall_3mx20cm_Conference_Door,1.41,0.55,-1.10
238.690,0,Wall_3mx20cm_Conference_Door,1.41,0.56,-1.11
238.732,0,Wall_3mx20cm_Conference_Door,1.41,0.60,-1.12
238.760,0,Wall_3mx20cm_Conference_Door,1.41,0.60,-1.13
238.802,0,Wall_3mx20cm_Conference_Door,1.41,0.58,-1.14
238.829,0,Wall_3mx20cm_Conference_Door,1.41,0.57,-1.14
238.857,0,Wall_3mx20cm_Conference_Door,1.41,0.56,-1.14
238.899,0,Wall_3mx20cm_Conference_Door,1.41,0.55,-1.14
238.927,0,Wall_3mx20cm_Conference_Door,1.41,0.54,-1.14
238.968,0,Wall_3mx20cm_Conference_Door,1.41,0.53,-1.13
238.996,0,Wall_3mx20cm_Conference_Door,1.41,0.53,-1.12
239.024,0,Wall_3mx20cm_Conference_Door,1.41,0.51,-1.11
239.065,0,Wall_3mx20cm_Conference_Door,1.41,0.51,-1.11
239.094,0,Wall_3mx20cm_Conference_Door,1.41,0.53,-1.11
239.135,0,Wall_3mx20cm_Conference_Door,1.41,0.54,-1.10
239.164,0,Wall_3mx20cm_Conference_Door,1.41,0.54,-1.10
239.192,0,Wall_3mx20cm_Conference_Door,1.41,0.54,-1.10
239.233,0,Wall_3mx20cm_Conference_Door,1.41,0.54,-1.10
239.261,0,Wall_3mx20cm_Conference_Door,1.41,0.54,-1.11
239.303,0,Wall_3mx20cm_Conference_Door,1.41,0.53,-1.11
239.331,0,Wall_3mx20cm_Conference_Door,1.41,0.53,-1.11
239.359,0,Wall_3mx20cm_Conference_Door,1.41,0.53,-1.10
239.390,0,Wall_3mx20cm_Door (1),1.41,0.55,-1.10
239.434,0,Wall_3mx20cm_Door (1),1.41,0.59,-1.08
239.458,0,Wall_3mx20cm_Door (1),1.41,0.60,-1.08
239.501,0,Wall_3mx20cm_Door (1),1.41,0.61,-1.07
239.528,0,Wall_3mx20cm_Door (1),1.41,0.61,-1.07
239.564,0,Wall_3mx20cm_Door (1),1.41,0.61,-1.08
239.594,0,Wall_3mx20cm_Door (1),1.41,0.59,-1.09
239.636,0,Wall_3mx20cm_Conference_Door,1.41,0.53,-1.10
239.664,0,Wall_3mx20cm_Conference_Door,1.41,0.53,-1.12
239.690,0,Wall_3mx20cm_Conference_Door,1.41,0.53,-1.12
239.731,0,Wall_3mx20cm_Conference_Door,1.41,0.53,-1.13
239.758,0,Wall_3mx20cm_Conference_Door,1.41,0.51,-1.13
239.800,0,Wall_3mx20cm_Conference_Door,1.41,0.55,-1.13
239.829,0,Wall_3mx20cm_Conference_Door,1.41,0.57,-1.13
239.858,0,Wall_3mx20cm_Conference_Door,1.41,0.59,-1.13
239.899,0,Wall_3mx20cm_Conference_Door,1.41,0.59,-1.13
239.927,0,Wall_3mx20cm_Conference_Door,1.41,0.58,-1.13
239.969,0,Wall_3mx20cm_Conference_Door,1.41,0.56,-1.14
239.997,0,Wall_3mx20cm_Conference_Door,1.41,0.53,-1.14
240.025,0,Wall_3mx20cm_Conference_Door,1.41,0.52,-1.14
240.067,0,Wall_3mx20cm_Conference_Door,1.41,0.53,-1.15
240.095,0,Wall_3mx20cm_Conference_Door,1.41,0.57,-1.15
240.123,0,Wall_3mx20cm_Conference_Door,1.41,0.57,-1.16
240.163,0,Wall_3mx20cm_Conference_Door,1.41,0.59,-1.17
240.190,0,Wall_3mx20cm_Conference_Door,1.41,0.59,-1.18
240.232,0,Wall_3mx20cm_Conference_Door,1.41,0.61,-1.21
240.260,0,Wall_3mx20cm_Conference_Door,1.41,0.62,-1.22
240.300,0,Wall_3mx20cm_Conference_Door,1.41,0.61,-1.23
240.329,0,Wall_3mx20cm_Conference_Door,1.41,0.61,-1.24
240.357,0,Wall_3mx20cm_Conference_Door,1.41,0.58,-1.24
240.399,0,Wall_3mx20cm_Conference_Door,1.41,0.58,-1.25
240.427,0,Wall_3mx20cm_Conference_Door,1.41,0.57,-1.25
240.470,0,Wall_3mx20cm_Conference_Door,1.41,0.61,-1.26
240.497,0,Wall_3mx20cm_Conference_Door,1.41,0.65,-1.27
240.525,0,Wall_3mx20cm_Conference_Door,1.41,0.69,-1.28
240.567,0,Wall_3mx20cm_Conference_Door,1.41,0.75,-1.30
240.594,0,Wall_3mx20cm_Conference_Door,1.41,0.77,-1.31
240.623,0,Wall_3mx20cm_Conference_Door,1.41,0.78,-1.32
240.664,0,Wall_3mx20cm_Conference_Door,1.41,0.76,-1.34
240.692,0,Wall_3mx20cm_Conference_Door,1.41,0.73,-1.34
240.734,0,Wall_3mx20cm_Conference_Door,1.41,0.66,-1.35
240.761,0,Wall_3mx20cm_Conference_Door,1.41,0.62,-1.35
240.790,0,Wall_3mx20cm_Conference_Door,1.41,0.61,-1.36
240.832,0,Wall_3mx20cm_Conference_Door,1.41,0.60,-1.36
240.860,0,Wall_3mx20cm_Conference_Door,1.41,0.60,-1.36
240.901,0,Wall_3mx20cm_Conference_Door,1.41,0.62,-1.36
240.929,0,Wall_3mx20cm_Conference_Door,1.41,0.62,-1.36
240.957,0,Wall_3mx20cm_Conference_Door,1.41,0.63,-1.36
240.999,0,Wall_3mx20cm_Conference_Door,1.41,0.62,-1.36
241.027,0,Wall_3mx20cm_Conference_Door,1.41,0.60,-1.36
241.069,0,Wall_3mx20cm_Conference_Door,1.41,0.61,-1.35
241.097,0,Wall_3mx20cm_Conference_Door,1.41,0.60,-1.35
241.125,0,Wall_3mx20cm_Conference_Door,1.41,0.57,-1.34
241.167,0,Wall_3mx20cm_Conference_Door,1.41,0.54,-1.34
241.195,0,Wall_3mx20cm_Conference_Door,1.41,0.52,-1.34
241.237,0,Wall_3mx20cm_Conference_Door,1.41,0.50,-1.34
241.265,0,Wall_3mx20cm_Conference_Door,1.41,0.51,-1.34
241.293,0,Wall_3mx20cm_Conference_Door,1.41,0.52,-1.33
241.335,0,Wall_3mx20cm_Conference_Door,1.41,0.53,-1.33
241.363,0,Wall_3mx20cm_Conference_Door,1.41,0.53,-1.33
241.390,0,Wall_3mx20cm_Conference_Door,1.41,0.53,-1.33
241.434,0,Wall_3mx20cm_Conference_Door,1.41,0.51,-1.32
241.463,0,Wall_3mx20cm_Conference_Door,1.41,0.50,-1.31
241.489,0,Wall_3mx20cm_Conference_Door,1.41,0.51,-1.30
241.531,0,Wall_3mx20cm_Conference_Door,1.41,0.54,-1.28
241.560,0,Wall_3mx20cm_Conference_Door,1.41,0.56,-1.27
241.601,0,Wall_3mx20cm_Conference_Door,1.41,0.60,-1.25
241.627,0,Wall_3mx20cm_Conference_Door,1.41,0.63,-1.24
241.669,0,Wall_3mx20cm_Conference_Door,1.41,0.68,-1.23
241.696,0,Wall_3mx20cm_Conference_Door,1.41,0.70,-1.22
241.724,0,Wall_3mx20cm_Conference_Door,1.41,0.72,-1.21
241.765,0,Wall_3mx20cm_Conference_Door,1.41,0.75,-1.19
241.793,0,Wall_3mx20cm_Conference_Door,1.41,0.77,-1.18
241.834,0,Wall_3mx20cm_Conference_Door,1.41,0.80,-1.16
241.862,0,Wall_3mx20cm_Conference_Door,1.41,0.81,-1.15
241.890,0,Wall_3mx20cm_Conference_Door,1.41,0.81,-1.14
241.932,0,Wall_3mx20cm_Conference_Door,1.41,0.82,-1.13
241.959,0,Wall_3mx20cm_Conference_Door,1.41,0.82,-1.13
242.001,0,Wall_3mx20cm_Conference_Door,1.41,0.83,-1.12
242.030,0,Wall_3mx20cm_Conference_Door,1.41,0.84,-1.12
242.058,0,Wall_3mx20cm_Conference_Door,1.41,0.83,-1.12
242.099,0,Wall_3mx20cm_Conference_Door,1.41,0.81,-1.12
242.128,0,Wall_3mx20cm_Conference_Door,1.41,0.81,-1.13
242.169,0,Wall_3mx20cm_Conference_Door,1.41,0.82,-1.13
242.196,0,Wall_3mx20cm_Conference_Door,1.41,0.84,-1.14
242.224,0,Wall_3mx20cm_Conference_Door,1.41,0.85,-1.13
242.266,0,Wall_3mx20cm_Conference_Door,1.41,0.80,-1.12
242.294,0,Wall_3mx20cm_Conference_Door,1.41,0.79,-1.11
242.337,0,Wall_3mx20cm_Door (1),1.41,0.79,-1.08
242.365,0,Wall_3mx20cm_Door (1),1.41,0.79,-1.06
242.393,0,Wall_3mx20cm_Door (1),1.41,0.79,-1.04
242.435,0,Wall_3mx20cm_Door (1),1.41,0.77,-1.03
242.463,0,Wall_3mx20cm_Door (1),1.41,0.76,-1.02
242.491,0,Wall_3mx20cm_Door (1),1.41,0.74,-1.01
242.532,0,Wall_3mx20cm_Door (1),1.41,0.74,-1.01
242.561,0,Wall_3mx20cm_Door (1),1.41,0.73,-1.00
242.601,0,Wall_3mx20cm_Door (1),1.41,0.69,-0.99
242.630,0,Wall_3mx20cm_Door (1),1.41,0.70,-0.99
242.657,0,Wall_3mx20cm_Door (1),1.41,0.70,-0.98
242.698,0,Wall_3mx20cm_Door (1),1.41,0.69,-0.96
242.726,0,Wall_3mx20cm_Door (1),1.41,0.66,-0.94
242.768,0,Wall_3mx20cm_Door (1),1.41,0.69,-0.92
242.795,0,Wall_3mx20cm_Door (1),1.41,0.71,-0.91
242.824,0,Wall_3mx20cm_Door (1),1.41,0.73,-0.89
242.865,0,Wall_3mx20cm_Door (1),1.41,0.75,-0.88
242.894,0,Wall_3mx20cm_Door (1),1.41,0.74,-0.87
242.935,0,Wall_3mx20cm_Door (1),1.41,0.70,-0.86
242.963,0,Wall_3mx20cm_Door (1),1.41,0.67,-0.86
242.991,0,Wall_3mx20cm_Door (1),1.41,0.68,-0.86
243.033,0,Wall_3mx20cm_Door (1),1.41,0.70,-0.85
243.062,0,Wall_3mx20cm_Door (1),1.41,0.70,-0.83
243.104,0,Wall_3mx20cm_Door (1),1.41,0.68,-0.82
243.129,0,Wall_3mx20cm_Door (1),1.41,0.67,-0.82
243.159,0,Wall_3mx20cm_Door (1),1.41,0.66,-0.81
243.199,0,Wall_3mx20cm_Door (1),1.41,0.66,-0.81
243.227,0,Wall_3mx20cm_Door (1),1.41,0.68,-0.80
243.267,0,Wall_3mx20cm_Door (1),1.41,0.71,-0.80
243.295,0,Wall_3mx20cm_Door (1),1.41,0.72,-0.80
243.324,0,Wall_3mx20cm_Door (1),1.41,0.72,-0.80
243.364,0,Wall_3mx20cm_Door (1),1.41,0.69,-0.81
243.393,0,Wall_3mx20cm_Door (1),1.41,0.66,-0.81
243.435,0,Wall_3mx20cm_Door (1),1.41,0.65,-0.82
243.464,0,Wall_3mx20cm_Door (1),1.41,0.63,-0.82
243.493,0,Wall_3mx20cm_Door (1),1.41,0.62,-0.83
243.531,0,Wall_3mx20cm_Door (1),1.41,0.63,-0.83
243.559,0,Wall_3mx20cm_Door (1),1.41,0.64,-0.83
243.601,0,Wall_3mx20cm_Door (1),1.41,0.66,-0.85
243.629,0,Wall_3mx20cm_Door (1),1.41,0.68,-0.87
243.657,0,Wall_3mx20cm_Door (1),1.41,0.69,-0.90
243.699,0,Wall_3mx20cm_Door (1),1.41,0.67,-0.94
243.727,0,Wall_3mx20cm_Door (1),1.41,0.65,-0.96
243.769,0,Wall_3mx20cm_Door (1),1.41,0.64,-0.98
243.797,0,Wall_3mx20cm_Door (1),1.41,0.64,-0.98
243.825,0,Wall_3mx20cm_Door (1),1.41,0.65,-0.99
243.866,0,Wall_3mx20cm_Door (1),1.41,0.62,-1.01
243.895,0,Wall_3mx20cm_Door (1),1.41,0.64,-1.01
243.937,0,Wall_3mx20cm_Door (1),1.41,0.68,-1.01
243.964,0,Wall_3mx20cm_Door (1),1.41,0.69,-1.02
243.993,0,Wall_3mx20cm_Door (1),1.41,0.72,-1.03
244.035,0,Wall_3mx20cm_Door (1),1.41,0.76,-1.04
244.062,0,Wall_3mx20cm_Door (1),1.41,0.73,-1.05
244.090,0,Wall_3mx20cm_Door (1),1.41,0.68,-1.07
244.133,0,Wall_3mx20cm_Door (1),1.41,0.58,-1.07
244.161,0,Wall_3mx20cm_Door (1),1.41,0.60,-1.08
244.202,0,Wall_3mx20cm_Door (1),1.41,0.57,-1.09
244.230,0,Wall_3mx20cm_Door (1),1.41,0.56,-1.09
244.258,0,Wall_3mx20cm_Door (1),1.41,0.54,-1.08
244.300,0,Wall_3mx20cm_Door (1),1.41,0.55,-1.08
244.328,0,Wall_3mx20cm_Door (1),1.41,0.57,-1.08
244.370,0,Wall_3mx20cm_Door (1),1.41,0.58,-1.07
244.398,0,Wall_3mx20cm_Door (1),1.41,0.59,-1.07
244.426,0,Wall_3mx20cm_Door (1),1.41,0.59,-1.07
244.468,0,Wall_3mx20cm_Door (1),1.41,0.58,-1.07
244.496,0,Wall_3mx20cm_Door (1),1.41,0.60,-1.07
244.524,0,Wall_3mx20cm_Door (1),1.41,0.61,-1.07
244.566,0,Wall_3mx20cm_Door (1),1.41,0.63,-1.08
244.594,0,Wall_3mx20cm_Door (1),1.41,0.64,-1.08
244.635,0,Wall_3mx20cm_Door (1),1.41,0.67,-1.08
244.664,0,Wall_3mx20cm_Door (1),1.41,0.67,-1.08
244.691,0,Wall_3mx20cm_Door (1),1.41,0.67,-1.07
244.733,0,Wall_3mx20cm_Door (1),1.41,0.69,-1.07
244.761,0,Wall_3mx20cm_Door (1),1.41,0.69,-1.07
244.802,0,Wall_3mx20cm_Door (1),1.41,0.69,-1.06
244.830,0,Wall_3mx20cm_Door (1),1.41,0.69,-1.06
244.858,0,Wall_3mx20cm_Door (1),1.41,0.68,-1.06
244.900,0,Wall_3mx20cm_Door (1),1.41,0.69,-1.06
244.928,0,Wall_3mx20cm_Door (1),1.41,0.67,-1.06
244.970,0,Wall_3mx20cm_Door (1),1.41,0.71,-1.06
244.997,0,Wall_3mx20cm_Door (1),1.41,0.71,-1.07
245.026,0,Wall_3mx20cm_Door (1),1.41,0.72,-1.08
245.067,0,Wall_3mx20cm_Door (1),1.41,0.72,-1.09
245.094,0,Wall_3mx20cm_Door (1),1.41,0.73,-1.09
245.136,0,Wall_3mx20cm_Door (1),1.41,0.73,-1.08
245.164,0,Wall_3mx20cm_Door (1),1.41,0.73,-1.08
245.192,0,Wall_3mx20cm_Door (1),1.41,0.74,-1.07
245.233,0,Wall_3mx20cm_Door (1),1.41,0.79,-1.07
245.261,0,Wall_3mx20cm_Door (1),1.41,0.80,-1.07
245.303,0,Wall_3mx20cm_Door (1),1.41,0.79,-1.07
245.331,0,Wall_3mx20cm_Door (1),1.41,0.78,-1.07
245.358,0,Wall_3mx20cm_Door (1),1.41,0.77,-1.08
245.402,0,Wall_3mx20cm_Door (1),1.41,0.75,-1.08
245.428,0,Wall_3mx20cm_Door (1),1.41,0.76,-1.08
245.470,0,Wall_3mx20cm_Door (1),1.41,0.81,-1.09
245.498,0,Wall_3mx20cm_Door (1),1.41,0.85,-1.09
245.525,0,Wall_3mx20cm_Door (1),1.41,0.89,-1.09
245.566,0,Wall_3mx20cm_Door (1),1.41,0.91,-1.10
245.593,0,Wall_3mx20cm_Conference_Door,1.41,0.90,-1.10
245.635,0,Wall_3mx20cm_Conference_Door,1.41,0.86,-1.11
245.663,0,Wall_3mx20cm_Conference_Door,1.41,0.84,-1.11
245.691,0,Wall_3mx20cm_Conference_Door,1.41,0.81,-1.11
245.732,0,Wall_3mx20cm_Conference_Door,1.41,0.75,-1.11
245.761,0,Wall_3mx20cm_Conference_Door,1.41,0.73,-1.12
245.803,0,Wall_3mx20cm_Conference_Door,1.41,0.71,-1.12
245.831,0,Wall_3mx20cm_Conference_Door,1.41,0.69,-1.12
245.859,0,Wall_3mx20cm_Conference_Door,1.41,0.70,-1.12
245.900,0,Wall_3mx20cm_Conference_Door,1.41,0.74,-1.12
245.929,0,Wall_3mx20cm_Conference_Door,1.41,0.74,-1.13
245.970,0,Wall_3mx20cm_Conference_Door,1.41,0.74,-1.14
245.999,0,Wall_3mx20cm_Conference_Door,1.41,0.75,-1.15
246.026,0,Wall_3mx20cm_Conference_Door,1.41,0.78,-1.16
246.068,0,Wall_3mx20cm_Conference_Door,1.41,0.80,-1.18
246.094,0,Wall_3mx20cm_Conference_Door,1.41,0.79,-1.20
246.135,0,Wall_3mx20cm_Conference_Door,1.41,0.80,-1.24
246.163,0,Wall_3mx20cm_Conference_Door,1.41,0.80,-1.26
246.191,0,Wall_3mx20cm_Conference_Door,1.41,0.81,-1.29
246.234,0,Wall_3mx20cm_Conference_Door,1.41,0.90,-1.32
246.261,0,Wall_3mx20cm_Conference_Door,1.41,0.93,-1.33
246.303,0,Wall_3mx20cm_Conference_Door,1.41,0.92,-1.35
246.331,0,Wall_3mx20cm_Conference_Door,1.41,0.89,-1.36
246.359,0,Wall_3mx20cm_Conference_Door,1.41,0.84,-1.37
246.403,0,Wall_3mx20cm_Conference_Door,1.41,0.75,-1.38
246.443,0,Wall_3mx20cm_Conference_Door,1.41,0.73,-1.39
246.471,0,Wall_3mx20cm_Conference_Door,1.41,0.72,-1.40
246.499,0,Wall_3mx20cm_Conference_Door,1.41,0.71,-1.41
246.525,0,Wall_3mx20cm_Conference_Door,1.41,0.70,-1.41
246.569,0,Wall_3mx20cm_Conference_Door,1.41,0.68,-1.42
246.595,0,Wall_3mx20cm_Conference_Door,1.41,0.66,-1.43
246.624,0,Wall_3mx20cm_Conference_Door,1.41,0.66,-1.44
246.665,0,Wall_3mx20cm_Conference_Door,1.41,0.65,-1.46
246.692,0,Wall_3mx20cm_Conference_Door,1.41,0.64,-1.47
246.735,0,Wall_3mx20cm_Conference_Door,1.41,0.63,-1.48
246.763,0,Wall_3mx20cm_Conference_Door,1.41,0.62,-1.49
246.791,0,Wall_3mx20cm_Conference_Door,1.41,0.61,-1.49
246.833,0,Wall_3mx20cm_Conference_Door,1.41,0.60,-1.49
246.860,0,Wall_3mx20cm_Conference_Door,1.41,0.61,-1.49
246.903,0,Wall_3mx20cm_Conference_Door,1.41,0.63,-1.49
246.931,0,Wall_3mx20cm_Conference_Door,1.41,0.65,-1.49
246.959,0,Wall_3mx20cm_Conference_Door,1.41,0.66,-1.49
247.001,0,Wall_3mx20cm_Conference_Door,1.41,0.69,-1.49
247.029,0,Wall_3mx20cm_Conference_Door,1.41,0.73,-1.50
247.071,0,Wall_3mx20cm_Conference_Door,1.41,0.73,-1.50
247.099,0,Wall_3mx20cm_Conference_Door,1.41,0.71,-1.50
247.126,0,Wall_3mx20cm_Conference_Door,1.41,0.68,-1.50
247.169,0,Wall_3mx20cm_Conference_Door,1.41,0.63,-1.51
247.197,0,Wall_3mx20cm_Conference_Door,1.41,0.60,-1.52
247.224,0,Wall_3mx20cm_Conference_Door,1.41,0.58,-1.52
247.267,0,Wall_3mx20cm_Conference_Door,1.41,0.59,-1.53
247.295,0,Wall_3mx20cm_Conference_Door,1.41,0.59,-1.53
247.337,0,Wall_3mx20cm_Conference_Door,1.41,0.60,-1.52
247.365,0,Wall_3mx20cm_Conference_Door,1.41,0.62,-1.51
247.392,0,Wall_3mx20cm_Conference_Door,1.41,0.62,-1.50
247.434,0,Wall_3mx20cm_Conference_Door,1.41,0.64,-1.49
247.462,0,Wall_3mx20cm_Conference_Door,1.41,0.66,-1.48
247.504,0,Wall_3mx20cm_Conference_Door,1.41,0.68,-1.47
247.533,0,Wall_3mx20cm_Conference_Door,1.41,0.70,-1.46
247.559,0,Wall_3mx20cm_Conference_Door,1.41,0.70,-1.46
247.601,0,Wall_3mx20cm_Conference_Door,1.41,0.72,-1.46
247.627,0,Wall_3mx20cm_Conference_Door,1.41,0.73,-1.46
247.669,0,Wall_3mx20cm_Conference_Door,1.41,0.73,-1.49
247.696,0,Wall_3mx20cm_Conference_Door,1.41,0.71,-1.50
247.737,0,Wall_3mx20cm_Conference_Door,1.41,0.65,-1.52
247.764,0,Wall_3mx20cm_Conference_Door,1.41,0.61,-1.53
247.792,0,Wall_3mx20cm_Conference_Door,1.41,0.57,-1.53
247.834,0,Wall_3mx20cm_Conference_Door,1.41,0.57,-1.53
247.862,0,Wall_3mx20cm_Conference_Door,1.41,0.56,-1.53
247.904,0,Wall_3mx20cm_Conference_Door,1.41,0.55,-1.53
247.932,0,Wall_3mx20cm_Conference_Door,1.41,0.56,-1.53
247.960,0,Wall_3mx20cm_Conference_Door,1.41,0.58,-1.54
248.002,0,Wall_3mx20cm_Conference_Door,1.41,0.59,-1.54
248.030,0,Wall_3mx20cm_Conference_Door,1.41,0.59,-1.54
248.057,0,Wall_3mx20cm_Conference_Door,1.41,0.55,-1.55
248.099,0,Wall_3mx20cm_Conference_Door,1.41,0.55,-1.55
248.127,0,Wall_3mx20cm_Conference_Door,1.41,0.54,-1.54
248.170,0,Wall_3mx20cm_Conference_Door,1.41,0.53,-1.54
248.198,0,Wall_3mx20cm_Conference_Door,1.41,0.52,-1.53
248.225,0,Wall_3mx20cm_Conference_Door,1.41,0.51,-1.52
248.268,0,Wall_3mx20cm_Conference_Door,1.41,0.52,-1.51
248.294,0,Wall_3mx20cm_Conference_Door,1.41,0.54,-1.51
248.336,0,Wall_3mx20cm_Conference_Door,1.41,0.53,-1.50
248.365,0,Wall_3mx20cm_Conference_Door,1.41,0.51,-1.50
248.392,0,Wall_3mx20cm_Conference_Door,1.41,0.48,-1.50
248.434,0,Wall_3mx20cm_Conference_Door,1.41,0.48,-1.50
248.463,0,Wall_3mx20cm_Conference_Door,1.41,0.49,-1.49
248.505,0,Wall_3mx20cm_Conference_Door,1.41,0.50,-1.49
248.532,0,Wall_3mx20cm_Conference_Door,1.41,0.50,-1.48
248.560,0,Wall_3mx20cm_Conference_Door,1.41,0.51,-1.46
248.602,0,Wall_3mx20cm_Conference_Door,1.41,0.50,-1.45
248.630,0,Wall_3mx20cm_Conference_Door,1.41,0.51,-1.44
248.658,0,Wall_3mx20cm_Conference_Door,1.41,0.50,-1.43
248.699,0,Wall_3mx20cm_Conference_Door,1.41,0.51,-1.42
248.727,0,Wall_3mx20cm_Conference_Door,1.41,0.55,-1.42
248.768,0,Wall_3mx20cm_Conference_Door,1.41,0.54,-1.43
248.796,0,Wall_3mx20cm_Conference_Door,1.41,0.53,-1.43
248.838,0,Wall_3mx20cm_Conference_Door,1.41,0.54,-1.44
248.866,0,Wall_3mx20cm_Conference_Door,1.41,0.57,-1.44
248.893,0,Wall_3mx20cm_Conference_Door,1.41,0.58,-1.44
248.935,0,Wall_3mx20cm_Conference_Door,1.41,0.57,-1.43
248.963,0,Wall_3mx20cm_Conference_Door,1.41,0.60,-1.43
249.004,0,Wall_3mx20cm_Conference_Door,1.41,0.58,-1.43
249.032,0,Wall_3mx20cm_Conference_Door,1.41,0.57,-1.44
249.060,0,Wall_3mx20cm_Conference_Door,1.41,0.57,-1.44
249.102,0,Wall_3mx20cm_Conference_Door,1.41,0.57,-1.45
249.129,0,Wall_3mx20cm_Conference_Door,1.41,0.57,-1.46
249.171,0,Wall_3mx20cm_Conference_Door,1.41,0.55,-1.47
249.199,0,Wall_3mx20cm_Conference_Door,1.41,0.55,-1.48
249.227,0,Wall_3mx20cm_Conference_Door,1.41,0.55,-1.48
249.269,0,Wall_3mx20cm_Conference_Door,1.41,0.54,-1.49
249.297,0,Wall_3mx20cm_Conference_Door,1.41,0.54,-1.50
249.325,0,Wall_3mx20cm_Conference_Door,1.41,0.54,-1.52
249.368,0,Wall_3mx20cm_Conference_Door,1.41,0.53,-1.52
249.395,0,Wall_3mx20cm_Conference_Door,1.41,0.52,-1.52
249.437,0,Wall_3mx20cm_Conference_Door,1.41,0.50,-1.52
249.464,0,Wall_3mx20cm_Conference_Door,1.41,0.49,-1.52
249.494,0,Wall_3mx20cm_Conference_Door,1.41,0.48,-1.52
249.535,0,Wall_3mx20cm_Conference_Door,1.41,0.47,-1.51
249.564,0,Wall_3mx20cm_Conference_Door,1.41,0.47,-1.52
249.605,0,Wall_3mx20cm_Conference_Door,1.41,0.47,-1.52
249.633,0,Wall_3mx20cm_Conference_Door,1.41,0.47,-1.52
249.659,0,Wall_3mx20cm_Conference_Door,1.41,0.46,-1.52
249.700,0,Wall_3mx20cm_Conference_Door,1.41,0.46,-1.52
249.728,0,Wall_3mx20cm_Conference_Door,1.41,0.46,-1.53
249.771,0,Wall_3mx20cm_Conference_Door,1.41,0.46,-1.53
249.798,0,Wall_3mx20cm_Conference_Door,1.41,0.46,-1.52
249.827,0,Wall_3mx20cm_Conference_Door,1.41,0.46,-1.52
249.871,0,Wall_3mx20cm_Conference_Door,1.41,0.46,-1.53
249.897,0,Wall_3mx20cm_Conference_Door,1.41,0.45,-1.54
249.925,0,Wall_3mx20cm_Conference_Door,1.41,0.45,-1.54
249.969,0,Wall_3mx20cm_Conference_Door,1.41,0.44,-1.55
249.994,0,Wall_3mx20cm_Conference_Door,1.41,0.44,-1.56
250.035,0,Wall_3mx20cm_Conference_Door,1.41,0.44,-1.57
250.064,0,Wall_3mx20cm_Conference_Door,1.41,0.44,-1.57
250.092,0,Wall_3mx20cm_Conference_Door,1.41,0.44,-1.58
250.134,0,Wall_3mx20cm_Conference_Door,1.41,0.43,-1.58
250.162,0,Wall_3mx20cm_Conference_Door,1.41,0.43,-1.59
250.204,0,Wall_3mx20cm_Conference_Door,1.41,0.43,-1.59
250.232,0,Wall_3mx20cm_Conference_Door,1.41,0.44,-1.60
250.260,0,Wall_3mx20cm_Conference_Door,1.41,0.44,-1.60
250.303,0,Wall_3mx20cm_Conference_Door,1.41,0.43,-1.60
250.330,0,Wall_3mx20cm_Conference_Door,1.41,0.43,-1.60
250.372,0,Wall_3mx20cm_Conference_Door,1.41,0.43,-1.60
250.400,0,Wall_3mx20cm_Conference_Door,1.41,0.44,-1.59
250.427,0,Wall_3mx20cm_Conference_Door,1.41,0.44,-1.59
250.469,0,Wall_3mx20cm_Conference_Door,1.41,0.45,-1.60
250.496,0,Wall_3mx20cm_Conference_Door,1.41,0.45,-1.59
250.538,0,Wall_3mx20cm_Conference_Door,1.41,0.44,-1.59
250.566,0,Wall_3mx20cm_Conference_Door,1.41,0.42,-1.59
250.595,0,Wall_3mx20cm_Conference_Door,1.41,0.41,-1.59
250.635,0,Wall_3mx20cm_Conference_Door,1.41,0.39,-1.59
250.662,0,Wall_3mx20cm_Conference_Door,1.41,0.39,-1.59
250.704,0,Wall_3mx20cm_Conference_Door,1.41,0.40,-1.59
250.731,0,Wall_3mx20cm_Conference_Door,1.41,0.41,-1.59
250.759,0,Wall_3mx20cm_Conference_Door,1.41,0.41,-1.59
250.800,0,Wall_3mx20cm_Conference_Door,1.41,0.39,-1.58
250.827,0,Wall_3mx20cm_Conference_Door,1.41,0.38,-1.57
250.869,0,Wall_3mx20cm_Conference_Door,1.41,0.38,-1.56
250.898,0,Wall_3mx20cm_Conference_Door,1.41,0.38,-1.55
250.925,0,Wall_3mx20cm_Conference_Door,1.41,0.39,-1.54
250.967,0,Wall_3mx20cm_Conference_Door,1.41,0.40,-1.53
250.995,0,Wall_3mx20cm_Conference_Door,1.41,0.41,-1.53
251.037,0,Wall_3mx20cm_Conference_Door,1.41,0.41,-1.52
251.064,0,Wall_3mx20cm_Conference_Door,1.41,0.42,-1.52
251.093,0,Wall_3mx20cm_Conference_Door,1.41,0.43,-1.52
251.136,0,Wall_3mx20cm_Conference_Door,1.41,0.42,-1.52
251.165,0,Wall_3mx20cm_Conference_Door,1.41,0.42,-1.51
251.205,0,Wall_3mx20cm_Conference_Door,1.41,0.42,-1.49
251.233,0,Wall_3mx20cm_Conference_Door,1.41,0.43,-1.48
251.261,0,Wall_3mx20cm_Conference_Door,1.41,0.45,-1.46
251.303,0,Wall_3mx20cm_Conference_Door,1.41,0.48,-1.42
251.331,0,Wall_3mx20cm_Conference_Door,1.41,0.49,-1.39
251.371,0,Wall_3mx20cm_Conference_Door,1.41,0.51,-1.35
251.399,0,Wall_3mx20cm_Conference_Door,1.41,0.51,-1.33
251.426,0,Wall_3mx20cm_Conference_Door,1.41,0.51,-1.32
251.468,0,Wall_3mx20cm_Conference_Door,1.41,0.52,-1.27
251.495,0,Wall_3mx20cm_Conference_Door,1.41,0.52,-1.23
251.536,0,Wall_3mx20cm_Conference_Door,1.41,0.50,-1.13
251.565,0,Wall_3mx20cm_Door (1),1.41,0.47,-1.03
251.592,0,Wall_3mx20cm_Door (1),1.41,0.44,-0.92
251.635,0,Wall_3mx20cm_Door (1),1.41,0.41,-0.74
251.662,0,Wall_3mx20cm_Door (1),1.41,0.41,-0.64
251.704,0,Wall_3mx20cm_Door (1),1.41,0.41,-0.51
251.733,0,Wall_3mx20cm_Door (1),1.41,0.42,-0.46
251.761,0,Wall_3mx20cm_Door (1),1.41,0.42,-0.43
251.802,0,Wall_3mx20cm_Door (1),1.41,0.42,-0.42
251.830,0,Wall_3mx20cm_Door (1),1.41,0.42,-0.42
251.872,0,Wall_3mx20cm_Door (1),1.41,0.42,-0.45
251.900,0,Wall_3mx20cm_Door (1),1.41,0.42,-0.47
251.927,0,Wall_3mx20cm_Door (1),1.41,0.43,-0.49
251.968,0,Wall_3mx20cm_Door (1),1.41,0.44,-0.51
251.996,0,Wall_3mx20cm_Door (1),1.41,0.45,-0.52
252.037,0,Wall_3mx20cm_Door (1),1.41,0.46,-0.54
252.065,0,Wall_3mx20cm_Door (1),1.41,0.47,-0.56
252.094,0,Wall_3mx20cm_Door (1),1.41,0.47,-0.56
252.136,0,Wall_3mx20cm_Door (1),1.41,0.48,-0.57
252.164,0,Wall_3mx20cm_Door (1),1.41,0.48,-0.58
252.205,0,Wall_3mx20cm_Door (1),1.41,0.49,-0.59
252.233,0,Wall_3mx20cm_Door (1),1.41,0.48,-0.60
252.262,0,Wall_3mx20cm_Door (1),1.41,0.48,-0.61
252.302,0,Wall_3mx20cm_Door (1),1.41,0.48,-0.62
252.331,0,Wall_3mx20cm_Door (1),1.41,0.48,-0.63
252.358,0,Wall_3mx20cm_Door (1),1.41,0.48,-0.63
252.401,0,Wall_3mx20cm_Door (1),1.41,0.48,-0.63
252.429,0,Wall_3mx20cm_Door (1),1.41,0.48,-0.63
252.470,0,Wall_3mx20cm_Door (1),1.41,0.48,-0.63
252.498,0,Wall_3mx20cm_Door (1),1.41,0.49,-0.62
252.526,0,Wall_3mx20cm_Door (1),1.41,0.51,-0.62
252.569,0,Wall_3mx20cm_Door (1),1.41,0.52,-0.61
252.596,0,Wall_3mx20cm_Door (1),1.41,0.53,-0.61
252.638,0,Wall_3mx20cm_Door (1),1.41,0.53,-0.60
252.666,0,Wall_3mx20cm_Door (1),1.41,0.53,-0.60
252.694,0,Wall_3mx20cm_Door (1),1.41,0.53,-0.59
252.735,0,Wall_3mx20cm_Door (1),1.41,0.54,-0.59
252.764,0,Wall_3mx20cm_Door (1),1.41,0.55,-0.58
252.792,0,Wall_3mx20cm_Door (1),1.41,0.57,-0.57
252.834,0,Wall_3mx20cm_Door (1),1.41,0.57,-0.56
252.862,0,Wall_3mx20cm_Door (1),1.41,0.57,-0.56
252.903,0,Wall_3mx20cm_Door (1),1.41,0.58,-0.55
252.932,0,Wall_3mx20cm_Door (1),1.41,0.58,-0.55
252.961,0,Wall_3mx20cm_Door (1),1.41,0.59,-0.54
253.002,0,Wall_3mx20cm_Door (1),1.41,0.59,-0.52
253.029,0,Wall_3mx20cm_Door (1),1.41,0.60,-0.51
253.072,0,Wall_3mx20cm_Door (1),1.41,0.61,-0.48
253.100,0,Wall_3mx20cm_Door (1),1.41,0.61,-0.46
253.128,0,Wall_3mx20cm_Door (1),1.41,0.62,-0.42
253.168,0,Wall_3mx20cm_Door (1),1.41,0.66,-0.35
253.196,0,Wall_3mx20cm_Wood_Panels (2),1.54,0.66,-0.31
253.238,0,Wall_3mx20cm_Wood_Panels (2),2.01,0.59,-0.31
253.266,0,Wall_3mx20cm_Wood_Panels (2),2.35,0.54,-0.31
253.294,0,Wall_3mx20cm_Wood_Panels (2),2.70,0.48,-0.31
253.336,0,Wall_3mx20cm_Wood_Panels (2),3.13,0.40,-0.31
253.365,0,Wall_3mx20cm_Wood_Panels (2),3.38,0.36,-0.31
253.406,0,Wall_3mx20cm_Wood_Panels (2),3.68,0.29,-0.31
253.432,0,Wall_3mx20cm_Wood_Panels (2),3.83,0.26,-0.31
253.460,0,Wall_3mx20cm_Wood_Panels (2),3.94,0.24,-0.31
253.499,0,Wall_3mx20cm_Wood_Panels (2),4.06,0.22,-0.31
253.527,0,Wall_3mx20cm_Wood_Panels (2),4.10,0.22,-0.31
253.568,0,Wall_3mx20cm_Wood_Panels (2),4.13,0.22,-0.31
253.595,0,Wall_3mx20cm_Wood_Panels (2),4.15,0.23,-0.31
253.650,0,Wall_3mx20cm_Wood_Panels (2),4.14,0.25,-0.31
253.678,0,Wall_3mx20cm_Wood_Panels (2),4.14,0.26,-0.31
253.704,0,Wall_3mx20cm_Wood_Panels (2),4.14,0.28,-0.31
253.732,0,Wall_3mx20cm_Wood_Panels (2),4.13,0.29,-0.31
253.760,0,Wall_3mx20cm_Wood_Panels (2),4.13,0.31,-0.31
253.816,0,Wall_3mx20cm_Wood_Panels (2),4.15,0.36,-0.31
253.843,0,Wall_3mx20cm_Wood_Panels (2),4.16,0.37,-0.31
253.872,0,Wall_3mx20cm_Wood_Panels (2),4.15,0.38,-0.31
253.900,0,Wall_3mx20cm_Wood_Panels (2),4.15,0.41,-0.31
253.928,0,Wall_3mx20cm_Wood_Panels (2),4.15,0.42,-0.31
253.982,0,Wall_3mx20cm_Wood_Panels (2),4.12,0.46,-0.31
254.010,0,Wall_3mx20cm_Wood_Panels (2),4.11,0.47,-0.31
254.038,0,Wall_3mx20cm_Wood_Panels (2),4.09,0.49,-0.31
254.067,0,Wall_3mx20cm_Wood_Panels (2),4.08,0.49,-0.31
254.093,0,Wall_3mx20cm_Wood_Panels (2),4.07,0.49,-0.31
254.150,0,Wall_3mx20cm_Wood_Panels (2),4.05,0.49,-0.31
254.178,0,Wall_3mx20cm_Wood_Panels (2),4.05,0.49,-0.31
254.205,0,Wall_3mx20cm_Wood_Panels (2),4.04,0.50,-0.31
254.233,0,Wall_3mx20cm_Wood_Panels (2),4.02,0.51,-0.31
254.260,0,Wall_3mx20cm_Wood_Panels (2),4.01,0.51,-0.31
254.317,0,Wall_3mx20cm_Wood_Panels (2),3.98,0.50,-0.31
254.344,0,Wall_3mx20cm_Wood_Panels (2),3.97,0.50,-0.31
254.373,0,Wall_3mx20cm_Wood_Panels (2),3.96,0.50,-0.31
254.400,0,Wall_3mx20cm_Wood_Panels (2),3.96,0.49,-0.31
254.429,0,Wall_3mx20cm_Wood_Panels (2),3.96,0.49,-0.31
254.483,0,Wall_3mx20cm_Wood_Panels (2),3.98,0.49,-0.31
254.513,0,Wall_3mx20cm_Wood_Panels (2),3.99,0.48,-0.31
254.540,0,Wall_3mx20cm_Wood_Panels (2),4.00,0.48,-0.31
254.568,0,Wall_3mx20cm_Wood_Panels (2),4.01,0.47,-0.31
254.596,0,Wall_3mx20cm_Wood_Panels (2),4.01,0.47,-0.31
254.637,0,Wall_3mx20cm_Wood_Panels (2),4.00,0.47,-0.31
254.665,0,Wall_3mx20cm_Wood_Panels (2),3.99,0.47,-0.31
254.694,0,Wall_3mx20cm_Wood_Panels (2),3.98,0.47,-0.31
254.736,0,Wall_3mx20cm_Wood_Panels (2),3.97,0.48,-0.31
254.764,0,Wall_3mx20cm_Wood_Panels (2),3.96,0.49,-0.31
254.793,0,Wall_3mx20cm_Wood_Panels (2),3.96,0.49,-0.31
254.836,0,Wall_3mx20cm_Wood_Panels (2),3.95,0.49,-0.31
254.865,0,Wall_3mx20cm_Wood_Panels (2),3.94,0.49,-0.31
254.892,0,Wall_3mx20cm_Wood_Panels (2),3.93,0.49,-0.31
254.934,0,Wall_3mx20cm_Wood_Panels (2),3.92,0.49,-0.31
254.962,0,Wall_3mx20cm_Wood_Panels (2),3.91,0.49,-0.31
255.004,0,Wall_3mx20cm_Wood_Panels (2),3.90,0.50,-0.31
255.034,0,Wall_3mx20cm_Wood_Panels (2),3.89,0.50,-0.31
255.061,0,Wall_3mx20cm_Wood_Panels (2),3.89,0.50,-0.31
255.104,0,Wall_3mx20cm_Wood_Panels (2),3.89,0.50,-0.31
255.130,0,Wall_3mx20cm_Wood_Panels (2),3.89,0.49,-0.31
255.172,0,Wall_3mx20cm_Wood_Panels (2),3.89,0.49,-0.31
255.200,0,Wall_3mx20cm_Wood_Panels (2),3.89,0.48,-0.31
255.228,0,Wall_3mx20cm_Wood_Panels (2),3.89,0.48,-0.31
255.270,0,Wall_3mx20cm_Wood_Panels (2),3.89,0.48,-0.31
255.299,0,Wall_3mx20cm_Wood_Panels (2),3.89,0.48,-0.31
255.326,0,Wall_3mx20cm_Wood_Panels (2),3.88,0.48,-0.31
255.367,0,Wall_3mx20cm_Wood_Panels (2),3.88,0.47,-0.31
255.395,0,Wall_3mx20cm_Wood_Panels (2),3.88,0.47,-0.31
255.434,0,Wall_3mx20cm_Wood_Panels (2),3.87,0.48,-0.31
255.462,0,Wall_3mx20cm_Wood_Panels (2),3.86,0.48,-0.31
255.500,0,Wall_3mx20cm_Wood_Panels (2),3.86,0.47,-0.31
255.527,0,Wall_3mx20cm_Wood_Panels (2),3.85,0.48,-0.31
255.569,0,Wall_3mx20cm_Wood_Panels (2),3.83,0.48,-0.31
255.596,0,Wall_3mx20cm_Wood_Panels (2),3.82,0.48,-0.31
255.639,0,Wall_3mx20cm_Wood_Panels (2),3.80,0.49,-0.31
255.667,0,Wall_3mx20cm_Wood_Panels (2),3.79,0.50,-0.31
255.696,0,Wall_3mx20cm_Wood_Panels (2),3.77,0.50,-0.31
255.739,0,Wall_3mx20cm_Wood_Panels (2),3.75,0.50,-0.31
255.768,0,Wall_3mx20cm_Wood_Panels (2),3.73,0.50,-0.31
255.795,0,Wall_3mx20cm_Wood_Panels (2),3.71,0.50,-0.31
255.837,0,Wall_3mx20cm_Wood_Panels (2),3.68,0.50,-0.31
255.866,0,Wall_3mx20cm_Wood_Panels (2),3.67,0.50,-0.31
255.894,0,Wall_3mx20cm_Wood_Panels (2),3.65,0.50,-0.31
255.935,0,Wall_3mx20cm_Wood_Panels (2),3.64,0.51,-0.31
255.964,0,Wall_3mx20cm_Wood_Panels (2),3.64,0.52,-0.31
256.005,0,Wall_3mx20cm_Wood_Panels (2),3.65,0.53,-0.31
256.033,0,Wall_3mx20cm_Wood_Panels (2),3.66,0.52,-0.31
256.061,0,Wall_3mx20cm_Wood_Panels (2),3.67,0.52,-0.31
256.106,0,Wall_3mx20cm_Wood_Panels (2),3.69,0.52,-0.31
256.131,0,Wall_3mx20cm_Wood_Panels (2),3.70,0.52,-0.31
256.172,0,Wall_3mx20cm_Wood_Panels (2),3.70,0.53,-0.31
256.200,0,Wall_3mx20cm_Wood_Panels (2),3.69,0.53,-0.31
256.228,0,Wall_3mx20cm_Wood_Panels (2),3.69,0.53,-0.31
256.270,0,Wall_3mx20cm_Wood_Panels (2),3.68,0.54,-0.31
256.299,0,Wall_3mx20cm_Wood_Panels (2),3.68,0.55,-0.31
256.326,0,Wall_3mx20cm_Wood_Panels (2),3.68,0.55,-0.31
256.369,0,Wall_3mx20cm_Wood_Panels (2),3.68,0.55,-0.31
256.395,0,Wall_3mx20cm_Wood_Panels (2),3.68,0.55,-0.31
256.437,0,Wall_3mx20cm_Wood_Panels (2),3.66,0.55,-0.31
256.465,0,Wall_3mx20cm_Wood_Panels (2),3.65,0.55,-0.31
256.507,0,Wall_3mx20cm_Wood_Panels (2),3.64,0.54,-0.31
256.534,0,Wall_3mx20cm_Wood_Panels (2),3.63,0.54,-0.31
256.563,0,Wall_3mx20cm_Wood_Panels (2),3.62,0.54,-0.31
256.603,0,Wall_3mx20cm_Wood_Panels (2),3.60,0.54,-0.31
256.630,0,Wall_3mx20cm_Wood_Panels (2),3.59,0.54,-0.31
256.670,0,Wall_3mx20cm_Wood_Panels (2),3.57,0.54,-0.31
256.698,0,Wall_3mx20cm_Wood_Panels (2),3.56,0.54,-0.31
256.727,0,Wall_3mx20cm_Wood_Panels (2),3.55,0.54,-0.31
256.769,0,Wall_3mx20cm_Wood_Panels (2),3.54,0.54,-0.31
256.797,0,Wall_3mx20cm_Wood_Panels (2),3.54,0.54,-0.31
256.839,0,Wall_3mx20cm_Wood_Panels (2),3.53,0.54,-0.31
256.868,0,Wall_3mx20cm_Wood_Panels (2),3.52,0.54,-0.31
256.895,0,Wall_3mx20cm_Wood_Panels (2),3.51,0.54,-0.31
256.936,0,Wall_3mx20cm_Wood_Panels (2),3.47,0.54,-0.31
256.964,0,Wall_3mx20cm_Wood_Panels (2),3.42,0.54,-0.31
256.993,0,Wall_3mx20cm_Wood_Panels (2),3.33,0.53,-0.31
257.034,0,Wall_3mx20cm_Wood_Panels (2),3.16,0.51,-0.31
257.062,0,Wall_3mx20cm_Wood_Panels (2),3.03,0.48,-0.31
257.104,0,Wall_3mx20cm_Wood_Panels (2),2.80,0.45,-0.31
257.132,0,Wall_3mx20cm_Wood_Panels (2),2.62,0.43,-0.31
257.172,0,Wall_3mx20cm_Wood_Panels (2),2.34,0.41,-0.31
257.199,0,Wall_3mx20cm_Wood_Panels (2),2.13,0.37,-0.31
257.227,0,Wall_3mx20cm_Wood_Panels (2),1.89,0.35,-0.31
257.271,0,Wall_3mx20cm_Wood_Panels (2),1.51,0.31,-0.31
257.299,0,Wall_3mx20cm_Door (1),1.41,0.23,-0.36
257.327,0,Wall_3mx20cm_Door (1),1.41,0.13,-0.44
257.369,0,Wall_3mx20cm_Door (1),1.41,0.01,-0.54
257.398,0,Wall_3mx20cm_Door (1),1.41,-0.08,-0.60
257.439,0,Wall_3mx20cm_Door (1),1.41,-0.19,-0.70
257.465,0,Wall_3mx20cm_Door (1),1.41,-0.26,-0.75
257.494,0,Wall_3mx20cm_Door (1),1.41,-0.32,-0.80
257.535,0,Wall_3mx20cm_Door (1),1.41,-0.42,-0.86
257.564,0,Wall_3mx20cm_Door (1),1.41,-0.48,-0.89
257.605,0,Wall_3mx20cm_Door (1),1.41,-0.55,-0.92
257.632,0,Wall_3mx20cm_Door (1),1.41,-0.57,-0.93
257.661,0,Wall_3mx20cm_Door (1),1.41,-0.58,-0.93
257.705,0,Wall_3mx20cm_Door (1),1.41,-0.58,-0.92
257.731,0,Wall_3mx20cm_Door (1),1.41,-0.60,-0.91
257.773,0,Wall_3mx20cm_Door (1),1.41,-0.61,-0.90
257.801,0,Wall_3mx20cm_Door (1),1.41,-0.61,-0.89
257.829,0,Wall_3mx20cm_Door (1),1.41,-0.61,-0.89
257.859,0,Wall_3mx20cm_Door (1),1.41,-0.61,-0.89
257.898,0,Wall_3mx20cm_Door (1),1.41,-0.60,-0.89
257.927,0,Wall_3mx20cm_Door (1),1.41,-0.59,-0.89
257.969,0,Wall_3mx20cm_Door (1),1.41,-0.59,-0.89
257.997,0,Wall_3mx20cm_Door (1),1.41,-0.58,-0.89
258.026,0,Wall_3mx20cm_Door (1),1.41,-0.57,-0.89
258.066,0,Wall_3mx20cm_Door (1),1.41,-0.55,-0.90
258.094,0,Wall_3mx20cm_Door (1),1.41,-0.55,-0.90
258.136,0,Wall_3mx20cm_Door (1),1.41,-0.54,-0.91
258.164,0,Wall_3mx20cm_Door (1),1.41,-0.53,-0.91
258.205,0,Wall_3mx20cm_Door (1),1.41,-0.53,-0.92
258.233,0,Wall_3mx20cm_Door (1),1.41,-0.54,-0.92
258.262,0,Wall_3mx20cm_Door (1),1.41,-0.54,-0.92
258.303,0,Wall_3mx20cm_Door (1),1.41,-0.54,-0.91
258.331,0,Wall_3mx20cm_Door (1),1.41,-0.54,-0.91
258.359,0,Wall_3mx20cm_Door (1),1.41,-0.54,-0.91
258.401,0,Wall_3mx20cm_Door (1),1.41,-0.54,-0.91
258.428,0,Wall_3mx20cm_Door (1),1.41,-0.53,-0.91
258.459,0,Wall_3mx20cm_Door (1),1.41,-0.54,-0.91
258.502,0,Wall_3mx20cm_Door (1),1.41,-0.55,-0.91
258.527,0,Wall_3mx20cm_Door (1),1.41,-0.55,-0.90
258.568,0,Wall_3mx20cm_Door (1),1.41,-0.56,-0.90
258.596,0,Wall_3mx20cm_Door (1),1.41,-0.56,-0.89
258.626,0,Wall_3mx20cm_Door (1),1.41,-0.54,-0.87
258.665,0,Wall_3mx20cm_Door (1),1.41,-0.53,-0.85
258.693,0,Wall_3mx20cm_Door (1),1.41,-0.52,-0.83
258.736,0,Wall_3mx20cm_Door (1),1.41,-0.51,-0.81
258.763,0,Wall_3mx20cm_Door (1),1.41,-0.50,-0.81
258.805,0,Wall_3mx20cm_Door (1),1.41,-0.49,-0.79
258.833,0,Wall_3mx20cm_Door (1),1.41,-0.49,-0.78
258.862,0,Wall_3mx20cm_Door (1),1.41,-0.49,-0.78
258.903,0,Wall_3mx20cm_Door (1),1.41,-0.48,-0.77
258.931,0,Wall_3mx20cm_Door (1),1.41,-0.48,-0.76
258.959,0,Wall_3mx20cm_Door (1),1.41,-0.49,-0.76
259.001,0,Wall_3mx20cm_Door (1),1.41,-0.49,-0.75
259.029,0,Wall_3mx20cm_Door (1),1.41,-0.49,-0.75
259.071,0,Wall_3mx20cm_Door (1),1.41,-0.49,-0.74
259.100,0,Wall_3mx20cm_Door (1),1.41,-0.49,-0.74
259.127,0,Wall_3mx20cm_Door (1),1.41,-0.49,-0.73
259.169,0,Wall_3mx20cm_Door (1),1.41,-0.49,-0.72
259.196,0,Wall_3mx20cm_Door (1),1.41,-0.49,-0.71
259.238,0,Wall_3mx20cm_Door (1),1.41,-0.48,-0.70
259.268,0,Wall_3mx20cm_Door (1),1.41,-0.47,-0.69
259.294,0,Wall_3mx20cm_Door (1),1.41,-0.47,-0.68
259.337,0,Wall_3mx20cm_Door (1),1.41,-0.46,-0.68
259.365,0,Wall_3mx20cm_Door (1),1.41,-0.45,-0.67
259.403,0,Wall_3mx20cm_Door (1),1.41,-0.45,-0.67
259.431,0,Wall_3mx20cm_Door (1),1.41,-0.45,-0.67
259.459,0,Wall_3mx20cm_Door (1),1.41,-0.46,-0.66
259.500,0,Wall_3mx20cm_Door (1),1.41,-0.45,-0.66
259.528,0,Wall_3mx20cm_Door (1),1.41,-0.44,-0.66
259.561,0,Wall_3mx20cm_Door (1),1.41,-0.44,-0.65
259.599,0,Wall_3mx20cm_Door (1),1.41,-0.43,-0.65
259.626,0,Wall_3mx20cm_Door (1),1.41,-0.43,-0.64
259.668,0,Wall_3mx20cm_Door (1),1.41,-0.43,-0.64
259.697,0,Wall_3mx20cm_Door (1),1.41,-0.43,-0.63
259.736,0,Wall_3mx20cm_Door (1),1.41,-0.43,-0.63
259.764,0,Wall_3mx20cm_Door (1),1.41,-0.43,-0.62
259.792,0,Wall_3mx20cm_Door (1),1.41,-0.43,-0.61
259.835,0,Wall_3mx20cm_Door (1),1.41,-0.42,-0.60
259.862,0,Wall_3mx20cm_Door (1),1.41,-0.42,-0.59
259.903,0,Wall_3mx20cm_Door (1),1.41,-0.41,-0.58
259.931,0,Wall_3mx20cm_Door (1),1.41,-0.41,-0.57
259.959,0,Wall_3mx20cm_Door (1),1.41,-0.41,-0.57
260.002,0,Wall_3mx20cm_Door (1),1.41,-0.40,-0.57
260.029,0,Wall_3mx20cm_Door (1),1.41,-0.40,-0.57
260.071,0,Wall_3mx20cm_Door (1),1.41,-0.39,-0.57
260.099,0,Wall_3mx20cm_Door (1),1.41,-0.39,-0.57
260.128,0,Wall_3mx20cm_Door (1),1.41,-0.39,-0.57
260.169,0,Wall_3mx20cm_Door (1),1.41,-0.38,-0.56
260.196,0,Wall_3mx20cm_Door (1),1.41,-0.37,-0.56
260.238,0,Wall_3mx20cm_Door (1),1.41,-0.36,-0.55
260.266,0,Wall_3mx20cm_Door (1),1.41,-0.36,-0.55
260.293,0,Wall_3mx20cm_Door (1),1.41,-0.36,-0.55
260.335,0,Wall_3mx20cm_Door (1),1.41,-0.35,-0.55
260.363,0,Wall_3mx20cm_Door (1),1.41,-0.35,-0.55
260.393,0,Wall_3mx20cm_Door (1),1.41,-0.35,-0.55
260.434,0,Wall_3mx20cm_Door (1),1.41,-0.35,-0.55
260.464,0,Wall_3mx20cm_Door (1),1.41,-0.35,-0.55
260.504,0,Wall_3mx20cm_Door (1),1.41,-0.35,-0.55
260.531,0,Wall_3mx20cm_Door (1),1.41,-0.34,-0.55
260.560,0,Wall_3mx20cm_Door (1),1.41,-0.34,-0.55
260.601,0,Wall_3mx20cm_Door (1),1.41,-0.34,-0.54
260.627,0,Wall_3mx20cm_Door (1),1.41,-0.34,-0.55
260.669,0,Wall_3mx20cm_Door (1),1.41,-0.33,-0.55
260.698,0,Wall_3mx20cm_Door (1),1.41,-0.33,-0.55
260.726,0,Wall_3mx20cm_Door (1),1.41,-0.33,-0.55
260.767,0,Wall_3mx20cm_Door (1),1.41,-0.33,-0.55
260.796,0,Wall_3mx20cm_Door (1),1.41,-0.32,-0.55
260.837,0,Wall_3mx20cm_Door (1),1.41,-0.32,-0.55
260.864,0,Wall_3mx20cm_Door (1),1.41,-0.32,-0.55
260.892,0,Wall_3mx20cm_Door (1),1.41,-0.31,-0.56
260.934,0,Wall_3mx20cm_Door (1),1.41,-0.30,-0.57
260.963,0,Wall_3mx20cm_Door (1),1.41,-0.29,-0.58
261.004,0,Wall_3mx20cm_Door (1),1.41,-0.28,-0.60
261.032,0,Wall_3mx20cm_Door (1),1.41,-0.28,-0.62
261.060,0,Wall_3mx20cm_Door (1),1.41,-0.26,-0.65
261.101,0,Wall_3mx20cm_Door (1),1.41,-0.25,-0.69
261.129,0,Wall_3mx20cm_Door (1),1.41,-0.24,-0.73
261.172,0,Wall_3mx20cm_Door (1),1.41,-0.21,-0.80
261.199,0,Wall_3mx20cm_Door (1),1.41,-0.19,-0.84
261.226,0,Wall_3mx20cm_Door (1),1.41,-0.16,-0.90
261.268,0,Wall_3mx20cm_Door (1),1.41,-0.11,-0.99
261.296,0,Wall_3mx20cm_Door (1),1.41,-0.07,-1.05
261.338,0,Wall_3mx20cm_Conference_Door,1.41,-0.02,-1.14
261.366,0,Wall_3mx20cm_Conference_Door,1.41,0.01,-1.21
261.394,0,Wall_3mx20cm_Conference_Door,1.41,0.04,-1.27
261.436,0,Wall_3mx20cm_Conference_Door,1.41,0.07,-1.37
261.465,0,Wall_3mx20cm_Conference_Door,1.41,0.08,-1.43
261.492,0,Wall_3mx20cm_Conference_Door,1.41,0.10,-1.49
261.534,0,Wall_3mx20cm_Conference_Door,1.41,0.14,-1.56
261.562,0,Wall_3mx20cm_Conference_Door,1.41,0.15,-1.60
261.605,0,Wall_3mx20cm_Conference_Door,1.41,0.16,-1.65
261.632,0,None,0,0,0
261.660,0,None,0,0,0
261.702,0,Conference_Room_Door_L,1.33,0.18,-1.74
261.730,0,Conference_Room_Door_L,1.33,0.17,-1.75
261.772,0,Conference_Room_Door_L,1.33,0.16,-1.78
261.800,0,Conference_Room_Door_L,1.33,0.15,-1.79
261.828,0,Conference_Room_Door_L,1.33,0.15,-1.80
261.870,0,Conference_Room_Door_L,1.33,0.17,-1.82
261.898,0,Conference_Room_Door_L,1.33,0.17,-1.82
261.925,0,Conference_Room_Door_L,1.33,0.18,-1.82
261.968,0,Conference_Room_Door_L,1.33,0.20,-1.81
261.996,0,Conference_Room_Door_L,1.33,0.21,-1.80
262.038,0,Conference_Room_Door_L,1.33,0.25,-1.78
262.066,0,Conference_Room_Door_L,1.33,0.29,-1.77
262.093,0,Wall_3mx20cm_Conference_Door,1.26,0.35,-1.75
262.136,0,Wall_3mx20cm_Conference_Door,1.41,0.40,-1.71
262.164,0,Wall_3mx20cm_Conference_Door,1.41,0.47,-1.68
262.191,0,Wall_3mx20cm_Conference_Door,1.41,0.55,-1.65
262.233,0,Wall_3mx20cm_Conference_Door,1.41,0.75,-1.55
262.260,0,Wall_3mx20cm_Conference_Door,1.41,0.93,-1.46
262.302,0,Wall_3mx20cm_Conference_Door,1.41,1.23,-1.28
262.330,0,Wall_3mx20cm_Conference_Door,1.41,1.42,-1.14
262.358,0,Ceiling_log_3m (20),1.52,1.56,-1.02
262.399,0,Ceiling_3x3m (7),1.79,1.70,-0.84
262.427,0,Ceiling_log_3m (21),2.44,1.50,-0.83
262.468,0,Ceiling_log_3m (21),2.46,1.68,-0.64
262.495,0,Ceiling_3x3m (7),2.63,1.70,-0.56
262.537,0,Ceiling_3x3m (7),2.87,1.70,-0.45
262.565,0,Ceiling_3x3m (7),3.00,1.70,-0.39
262.593,0,Ceiling_log_3m (22),3.41,1.50,-0.45
262.632,0,Ceiling_log_3m (22),3.45,1.53,-0.35
262.662,0,Wall_3mx20cm_Wood_Panels (2),3.49,1.53,-0.31
262.702,0,Wall_3mx20cm_Wood_Panels (2),3.65,1.44,-0.31
262.729,0,Wall_3mx20cm_Wood_Panels (2),3.73,1.41,-0.31
262.772,0,Wall_3mx20cm_Wood_Panels (2),3.81,1.36,-0.31
262.800,0,Wall_3mx20cm_Wood_Panels (2),3.86,1.32,-0.31
262.828,0,Wall_3mx20cm_Wood_Panels (2),3.91,1.29,-0.31
262.869,0,Wall_3mx20cm_Wood_Panels (2),3.94,1.25,-0.31
262.898,0,Wall_3mx20cm_Wood_Panels (2),3.95,1.23,-0.31
262.925,0,Wall_3mx20cm_Wood_Panels (2),3.96,1.21,-0.31
262.966,0,Wall_3mx20cm_Wood_Panels (2),3.97,1.18,-0.31
262.995,0,Wall_3mx20cm_Wood_Panels (2),3.98,1.16,-0.31
263.038,0,Wall_3mx20cm_Wood_Panels (2),3.98,1.14,-0.31
263.064,0,Wall_3mx20cm_Wood_Panels (2),3.98,1.12,-0.31
263.092,0,Wall_3mx20cm_Wood_Panels (2),3.97,1.10,-0.31
263.133,0,Wall_3mx20cm_Wood_Panels (2),3.97,1.07,-0.31
263.161,0,Wall_3mx20cm_Wood_Panels (2),3.96,1.05,-0.31
263.204,0,Wall_3mx20cm_Wood_Panels (2),3.96,1.04,-0.31
263.231,0,Wall_3mx20cm_Wood_Panels (2),3.96,1.04,-0.31
263.259,0,Wall_3mx20cm_Wood_Panels (2),3.97,1.02,-0.31
263.301,0,Wall_3mx20cm_Wood_Panels (2),3.99,0.99,-0.31
263.329,0,Wall_3mx20cm_Wood_Panels (2),4.00,0.97,-0.31
263.371,0,Wall_3mx20cm_Wood_Panels (2),4.03,0.92,-0.31
263.398,0,Wall_3mx20cm_Wood_Panels (2),4.07,0.90,-0.31
263.425,0,Wall_3mx20cm_Wood_Panels (2),4.12,0.87,-0.31
263.466,0,Wall_3mx20cm_Wood_Panels (2),4.21,0.81,-0.31
263.495,0,Wall_3mx20cm_Wood_Panels (2),4.29,0.76,-0.31
263.538,0,Wall_3mx20cm_Wood_Panels (2),4.41,0.69,-0.31
263.565,0,Wall_3mx20cm_Wood_Panels (3),4.48,0.64,-0.31
263.593,0,Wall_3mx20cm_Wood_Panels (3),4.53,0.60,-0.31
263.635,0,Wall_3mx20cm_Wood_Panels (3),4.58,0.56,-0.31
263.664,0,Wall_3mx20cm_Wood_Panels (3),4.60,0.54,-0.31
263.691,0,Wall_3mx20cm_Wood_Panels (3),4.62,0.53,-0.31
263.731,0,Wall_3mx20cm_Wood_Panels (3),4.64,0.52,-0.31
263.758,0,Wall_3mx20cm_Wood_Panels (3),4.65,0.51,-0.31
263.799,0,Wall_3mx20cm_Wood_Panels (3),4.65,0.51,-0.31
263.826,0,Wall_3mx20cm_Wood_Panels (3),4.65,0.51,-0.31
263.868,0,Wall_3mx20cm_Wood_Panels (3),4.64,0.51,-0.31
263.897,0,Wall_3mx20cm_Wood_Panels (3),4.63,0.52,-0.31
263.926,0,Wall_3mx20cm_Wood_Panels (3),4.63,0.52,-0.31
263.968,0,Wall_3mx20cm_Wood_Panels (3),4.61,0.54,-0.31
263.995,0,Wall_3mx20cm_Wood_Panels (3),4.60,0.57,-0.31
264.024,0,Wall_3mx20cm_Wood_Panels (3),4.57,0.61,-0.31
264.066,0,Wall_3mx20cm_Wood_Panels (3),4.51,0.71,-0.31
264.094,0,Wall_3mx20cm_Wood_Panels (3),4.46,0.80,-0.31
264.137,0,Wall_3mx20cm_Wood_Panels (2),4.39,0.93,-0.31
264.164,0,Wall_3mx20cm_Wood_Panels (2),4.34,1.02,-0.31
264.193,0,Wall_3mx20cm_Wood_Panels (2),4.30,1.08,-0.31
264.234,0,Wall_3mx20cm_Wood_Panels (2),4.25,1.16,-0.31
264.262,0,Wall_3mx20cm_Wood_Panels (2),4.22,1.20,-0.31
264.303,0,Wall_3mx20cm_Wood_Panels (2),4.20,1.24,-0.31
264.332,0,Wall_3mx20cm_Wood_Panels (2),4.18,1.27,-0.31
264.360,0,Wall_3mx20cm_Wood_Panels (2),4.18,1.30,-0.31
264.402,0,Wall_3mx20cm_Wood_Panels (2),4.17,1.35,-0.31
264.429,0,Wall_3mx20cm_Wood_Panels (2),4.16,1.37,-0.31
264.471,0,Wall_3mx20cm_Wood_Panels (2),4.15,1.40,-0.31
264.499,0,Wall_3mx20cm_Wood_Panels (2),4.14,1.40,-0.31
264.527,0,Wall_3mx20cm_Wood_Panels (2),4.13,1.40,-0.31
264.569,0,Wall_3mx20cm_Wood_Panels (2),4.12,1.39,-0.31
264.597,0,Wall_3mx20cm_Wood_Panels (2),4.13,1.37,-0.31
264.624,0,Wall_3mx20cm_Wood_Panels (2),4.14,1.36,-0.31
264.666,0,Wall_3mx20cm_Wood_Panels (2),4.16,1.34,-0.31
264.695,0,Wall_3mx20cm_Wood_Panels (2),4.17,1.32,-0.31
264.736,0,Wall_3mx20cm_Wood_Panels (2),4.20,1.28,-0.31
264.764,0,Wall_3mx20cm_Wood_Panels (2),4.21,1.26,-0.31
264.792,0,Wall_3mx20cm_Wood_Panels (2),4.23,1.24,-0.31
264.834,0,Wall_3mx20cm_Wood_Panels (2),4.25,1.21,-0.31
264.862,0,Wall_3mx20cm_Wood_Panels (2),4.26,1.20,-0.31
264.903,0,Wall_3mx20cm_Wood_Panels (2),4.28,1.18,-0.31
264.931,0,Wall_3mx20cm_Wood_Panels (2),4.28,1.17,-0.31
264.960,0,Wall_3mx20cm_Wood_Panels (2),4.28,1.15,-0.31
265.000,0,Wall_3mx20cm_Wood_Panels (2),4.28,1.14,-0.31
265.028,0,Wall_3mx20cm_Wood_Panels (2),4.28,1.12,-0.31
265.070,0,Wall_3mx20cm_Wood_Panels (2),4.29,1.10,-0.31
265.098,0,Wall_3mx20cm_Wood_Panels (2),4.29,1.09,-0.31
265.125,0,Wall_3mx20cm_Wood_Panels (2),4.30,1.08,-0.31
265.167,0,Wall_3mx20cm_Wood_Panels (2),4.30,1.07,-0.31
265.195,0,Wall_3mx20cm_Wood_Panels (2),4.30,1.06,-0.31
265.236,0,Wall_3mx20cm_Wood_Panels (2),4.30,1.05,-0.31
265.265,0,Wall_3mx20cm_Wood_Panels (2),4.29,1.04,-0.31
265.292,0,Wall_3mx20cm_Wood_Panels (2),4.29,1.04,-0.31
265.333,0,Wall_3mx20cm_Wood_Panels (2),4.27,1.03,-0.31
265.362,0,Wall_3mx20cm_Wood_Panels (2),4.27,1.01,-0.31
265.401,0,Wall_3mx20cm_Wood_Panels (2),4.25,1.01,-0.31
265.427,0,Wall_3mx20cm_Wood_Panels (2),4.23,1.00,-0.31
265.470,0,Wall_3mx20cm_Wood_Panels (2),4.20,0.97,-0.31
265.497,0,Wall_3mx20cm_Wood_Panels (2),4.18,0.96,-0.31
265.525,0,Wall_3mx20cm_Wood_Panels (2),4.16,0.93,-0.31
265.568,0,Wall_3mx20cm_Wood_Panels (2),4.12,0.89,-0.31
265.595,0,Wall_3mx20cm_Wood_Panels (2),4.09,0.85,-0.31
265.637,0,Wall_3mx20cm_Wood_Panels (2),4.03,0.80,-0.31
265.665,0,Wall_3mx20cm_Wood_Panels (2),3.98,0.76,-0.31
265.691,0,Wall_3mx20cm_Wood_Panels (2),3.94,0.72,-0.31
265.736,0,Wall_3mx20cm_Wood_Panels (2),3.85,0.66,-0.31
265.763,0,Wall_3mx20cm_Wood_Panels (2),3.78,0.64,-0.31
265.792,0,Wall_3mx20cm_Wood_Panels (2),3.67,0.64,-0.31
265.832,0,Wall_3mx20cm_Wood_Panels (2),3.50,0.65,-0.31
265.858,0,Wall_3mx20cm_Wood_Panels (2),3.39,0.67,-0.31
265.899,0,Wall_3mx20cm_Wood_Panels (2),3.21,0.71,-0.31
265.927,0,Wall_3mx20cm_Wood_Panels (2),3.09,0.71,-0.31
265.970,0,Wall_3mx20cm_Wood_Panels (2),2.92,0.71,-0.31
265.998,0,Wall_3mx20cm_Wood_Panels (2),2.77,0.71,-0.31
266.026,0,Wall_3mx20cm_Wood_Panels (2),2.59,0.72,-0.31
266.069,0,Wall_3mx20cm_Wood_Panels (2),2.35,0.74,-0.31
266.096,0,Wall_3mx20cm_Wood_Panels (2),2.19,0.80,-0.31
266.124,0,Wall_3mx20cm_Wood_Panels (2),2.08,0.83,-0.31
266.167,0,Wall_3mx20cm_Wood_Panels (2),1.95,0.81,-0.31
266.195,0,Wall_3mx20cm_Wood_Panels (2),1.88,0.84,-0.31
266.223,0,Wall_3mx20cm_Wood_Panels (2),1.86,0.87,-0.31
266.265,0,Wall_3mx20cm_Wood_Panels (2),1.81,0.87,-0.31
266.292,0,Wall_3mx20cm_Wood_Panels (2),1.68,0.88,-0.31
266.334,0,Wall_3mx20cm_Wood_Panels (2),1.46,0.97,-0.31
266.363,0,Wall_3mx20cm_Door (1),1.41,1.04,-0.33
266.390,0,Wall_3mx20cm_Door (1),1.41,1.09,-0.35
266.432,0,Wall_3mx20cm_Door (1),1.41,1.19,-0.36
266.460,0,Wall_3mx20cm_Door (1),1.41,1.25,-0.34
266.503,0,Wall_3mx20cm_Door (1),1.41,1.34,-0.32
266.530,0,Wall_3mx20cm_Wood_Panels (2),1.50,1.37,-0.31
266.557,0,Wall_3mx20cm_Wood_Panels (2),1.63,1.33,-0.31
266.599,0,Wall_3mx20cm_Wood_Panels (2),1.77,1.31,-0.31
266.628,0,Wall_3mx20cm_Wood_Panels (2),1.87,1.31,-0.31
266.670,0,Wall_3mx20cm_Wood_Panels (2),1.91,1.31,-0.31
266.698,0,Wall_3mx20cm_Wood_Panels (2),1.98,1.30,-0.31
266.726,0,Wall_3mx20cm_Wood_Panels (2),2.01,1.28,-0.31
266.767,0,Wall_3mx20cm_Wood_Panels (2),2.01,1.24,-0.31
266.795,0,Wall_3mx20cm_Wood_Panels (2),2.04,1.18,-0.31
266.836,0,Wall_3mx20cm_Wood_Panels (2),2.10,1.14,-0.31
266.864,0,Wall_3mx20cm_Wood_Panels (2),2.19,1.10,-0.31
266.892,0,Wall_3mx20cm_Wood_Panels (2),2.23,1.08,-0.31
266.935,0,Wall_3mx20cm_Wood_Panels (2),2.30,1.03,-0.31
266.962,0,Wall_3mx20cm_Wood_Panels (2),2.36,1.00,-0.31
266.991,0,Wall_3mx20cm_Wood_Panels (2),2.39,0.97,-0.31
267.032,0,Wall_3mx20cm_Wood_Panels (2),2.42,0.93,-0.31
267.060,0,Wall_3mx20cm_Wood_Panels (2),2.44,0.92,-0.31
267.102,0,Wall_3mx20cm_Wood_Panels (2),2.43,0.90,-0.31
267.129,0,Wall_3mx20cm_Wood_Panels (2),2.37,0.91,-0.31
267.157,0,Wall_3mx20cm_Wood_Panels (2),2.30,0.94,-0.31
267.199,0,Wall_3mx20cm_Wood_Panels (2),2.22,0.93,-0.31
267.227,0,Wall_3mx20cm_Wood_Panels (2),2.15,0.94,-0.31
267.269,0,Wall_3mx20cm_Wood_Panels (2),2.10,0.98,-0.31
267.297,0,Wall_3mx20cm_Wood_Panels (2),2.10,0.98,-0.31
267.324,0,Wall_3mx20cm_Wood_Panels (2),2.06,1.00,-0.31
267.367,0,Wall_3mx20cm_Wood_Panels (2),2.00,1.02,-0.31
267.394,0,Wall_3mx20cm_Wood_Panels (2),1.93,1.04,-0.31
267.436,0,Wall_3mx20cm_Wood_Panels (2),1.70,1.15,-0.31
267.465,0,Wall_3mx20cm_Wood_Panels (2),1.54,1.21,-0.31
267.493,0,Wall_3mx20cm_Door (1),1.41,1.24,-0.32
267.534,0,Wall_3mx20cm_Door (1),1.41,1.19,-0.42
267.562,0,Wall_3mx20cm_Door (1),1.41,1.17,-0.47
267.603,0,Wall_3mx20cm_Door (1),1.41,1.22,-0.55
267.631,0,Wall_3mx20cm_Door (1),1.41,1.25,-0.60
267.659,0,Wall_3mx20cm_Door (1),1.41,1.27,-0.65
267.707,0,Wall_3mx20cm_Door (1),1.41,1.31,-0.71
267.732,0,Wall_3mx20cm_Door (1),1.41,1.32,-0.73
267.757,0,Wall_3mx20cm_Door (1),1.41,1.33,-0.81
267.801,0,Wall_3mx20cm_Door (1),1.41,1.28,-0.90
267.827,0,Wall_3mx20cm_Door (1),1.41,1.27,-0.97
267.870,0,Wall_3mx20cm_Conference_Door,1.41,1.26,-1.10
267.898,0,Wall_3mx20cm_Conference_Door,1.41,1.24,-1.19
267.926,0,Wall_3mx20cm_Conference_Door,1.41,1.19,-1.30
267.958,0,Wall_3mx20cm_Conference_Door,1.41,1.16,-1.40
267.996,0,Wall_3mx20cm_Conference_Door,1.41,1.14,-1.52
268.023,0,Wall_3mx20cm_Conference_Door,1.41,1.13,-1.59
268.067,0,Wall_3mx20cm_Conference_Door,1.41,1.11,-1.69
268.095,0,Timer,1.47,1.07,-1.75
268.136,0,Timer,1.47,1.07,-1.81
268.163,0,Timer,1.47,1.08,-1.86
268.191,0,Wall_3mx20cm_Conference_Door,1.41,1.15,-1.86
268.232,0,Wall_3mx20cm_Conference_Door,1.41,1.19,-1.92
268.259,0,Wall_3mx20cm_Conference_Door,1.41,1.22,-1.96
268.301,0,Wall_3mx20cm_Conference_Door,1.41,1.31,-1.97
268.330,0,Wall_3mx20cm_Conference_Door,1.41,1.37,-2.00
268.358,0,Wall_3mx20cm_Conference_Door,1.41,1.40,-2.01
268.400,0,Ceiling_log_3m (20),1.52,1.50,-1.98
268.427,0,Ceiling_log_3m (20),1.52,1.53,-1.99
268.457,0,Ceiling_log_3m (20),1.50,1.50,-2.02
268.498,0,Ceiling_log_3m (20),1.46,1.50,-2.00
268.531,0,Wall_3mx20cm_Conference_Door,1.41,1.49,-1.99
268.568,0,Wall_3mx20cm_Conference_Door,1.41,1.49,-1.98
268.596,0,Wall_3mx20cm_Conference_Door,1.41,1.51,-1.97
268.625,0,Ceiling_log_3m (20),1.44,1.50,-1.98
268.663,0,Ceiling_log_3m (20),1.46,1.50,-1.97
268.691,0,Ceiling_log_3m (20),1.43,1.50,-1.99
268.734,0,Wall_3mx20cm_Conference_Door,1.41,1.50,-1.96
268.762,0,Wall_3mx20cm_Conference_Door,1.41,1.48,-1.96
268.790,0,Wall_3mx20cm_Conference_Door,1.41,1.47,-1.94
