t,cond,pos.x,pos.y,pos.z,rot.x,rot.y,rot.z,rot.w
5.441,0,6.511,-1.054,-1.795,0.0000,-0.7148,0.0000,0.6993
5.441,0,6.511,-1.054,-1.795,0.0000,-0.7148,0.0000,0.6993
5.441,0,6.511,-1.054,-1.795,0.0000,-0.7148,0.0000,0.6993
5.441,0,6.511,-1.054,-1.795,0.0000,-0.7148,0.0000,0.6993
5.441,0,6.511,-1.054,-1.795,0.0000,-0.7148,0.0000,0.6993
5.441,0,6.511,-1.054,-1.795,0.0000,-0.7148,0.0000,0.6993
5.441,0,6.511,-1.054,-1.795,0.0000,-0.7148,0.0000,0.6993
5.441,0,6.511,-1.054,-1.795,0.0000,-0.7148,0.0000,0.6993
5.441,0,6.511,-1.054,-1.795,0.0000,-0.7148,0.0000,0.6993
5.441,0,6.511,-1.054,-1.795,0.0000,-0.7148,0.0000,0.6993
5.441,0,6.511,-1.054,-1.795,0.0000,-0.7148,0.0000,0.6993
5.441,0,6.511,-1.054,-1.795,0.0000,-0.7148,0.0000,0.6993
5.441,0,6.511,-1.054,-1.795,0.0000,-0.7148,0.0000,0.6993
5.441,0,6.511,-1.054,-1.795,0.0000,-0.7148,0.0000,0.6993
5.441,0,6.511,-1.054,-1.795,0.0000,-0.7148,0.0000,0.6993
5.441,0,6.511,-1.054,-1.795,0.0000,-0.7148,0.0000,0.6993
5.441,0,6.511,-1.054,-1.795,0.0000,-0.7148,0.0000,0.6993
5.441,0,6.511,-1.054,-1.795,0.0000,-0.7148,0.0000,0.6993
5.441,0,6.511,-1.054,-1.795,0.0000,-0.7148,0.0000,0.6993
5.441,0,6.511,-1.054,-1.795,0.0000,-0.7148,0.0000,0.6993
5.441,0,6.511,-1.054,-1.795,0.0000,-0.7148,0.0000,0.6993
5.441,0,6.511,-1.054,-1.795,0.0000,-0.7148,0.0000,0.6993
5.441,0,6.511,-1.054,-1.795,0.0000,-0.7148,0.0000,0.6993
5.441,0,6.511,-1.054,-1.795,0.0000,-0.7148,0.0000,0.6993
5.441,0,6.511,-1.054,-1.795,0.0000,-0.7148,0.0000,0.6993
5.441,0,6.511,-1.054,-1.795,0.0000,-0.7148,0.0000,0.6993
5.441,0,6.511,-1.054,-1.795,0.0000,-0.7148,0.0000,0.6993
5.441,0,6.511,-1.054,-1.795,0.0000,-0.7148,0.0000,0.6993
5.441,0,6.511,-1.054,-1.795,0.0000,-0.7148,0.0000,0.6993
5.441,0,6.511,-1.054,-1.795,0.0000,-0.7148,0.0000,0.6993
5.441,0,6.511,-1.054,-1.795,0.0000,-0.7148,0.0000,0.6993
5.441,0,6.511,-1.054,-1.795,0.0000,-0.7148,0.0000,0.6993
5.441,0,6.511,-1.054,-1.795,0.0000,-0.7148,0.0000,0.6993
5.441,0,6.511,-1.054,-1.795,0.0000,-0.7148,0.0000,0.6993
5.441,0,6.511,-1.054,-1.795,0.0000,-0.7148,0.0000,0.6993
5.441,0,6.511,-1.054,-1.795,0.0000,-0.7148,0.0000,0.6993
5.441,0,6.511,-1.054,-1.795,0.0000,-0.7148,0.0000,0.6993
5.441,0,6.511,-1.054,-1.795,0.0000,-0.7148,0.0000,0.6993
5.441,0,6.511,-1.054,-1.795,0.0000,-0.7148,0.0000,0.6993
5.441,0,6.511,-1.054,-1.795,0.0000,-0.7148,0.0000,0.6993
5.441,0,6.511,-1.054,-1.795,0.0000,-0.7148,0.0000,0.6993
5.441,0,6.511,-1.054,-1.795,0.0000,-0.7148,0.0000,0.6993
5.441,0,6.511,-1.054,-1.795,0.0000,-0.7148,0.0000,0.6993
5.441,0,6.511,-1.054,-1.795,0.0000,-0.7148,0.0000,0.6993
5.441,0,6.511,-1.054,-1.795,0.0000,-0.7148,0.0000,0.6993
5.441,0,6.511,-1.054,-1.795,0.0000,-0.7148,0.0000,0.6993
5.441,0,6.511,-1.054,-1.795,0.0000,-0.7148,0.0000,0.6993
5.441,0,6.511,-1.054,-1.795,0.0000,-0.7148,0.0000,0.6993
5.441,0,6.511,-1.054,-1.795,0.0000,-0.7148,0.0000,0.6993
5.441,0,6.511,-1.054,-1.795,0.0000,-0.7148,0.0000,0.6993
5.441,0,6.511,-1.054,-1.795,0.0000,-0.7148,0.0000,0.6993
5.441,0,6.511,-1.054,-1.795,0.0000,-0.7148,0.0000,0.6993
5.441,0,6.511,-1.054,-1.795,0.0000,-0.7148,0.0000,0.6993
5.441,0,6.511,-1.054,-1.795,0.0000,-0.7148,0.0000,0.6993
5.441,0,6.511,-1.054,-1.795,0.0000,-0.7148,0.0000,0.6993
5.441,0,6.511,-1.054,-1.795,0.0000,-0.7148,0.0000,0.6993
5.441,0,6.511,-1.054,-1.795,0.0000,-0.7148,0.0000,0.6993
5.441,0,6.511,-1.054,-1.795,0.0000,-0.7148,0.0000,0.6993
5.441,0,6.511,-1.054,-1.795,0.0000,-0.7148,0.0000,0.6993
5.441,0,6.511,-1.054,-1.795,0.0000,-0.7148,0.0000,0.6993
5.441,0,6.511,-1.054,-1.795,0.0000,-0.7148,0.0000,0.6993
5.441,0,6.511,-1.054,-1.795,0.0000,-0.7148,0.0000,0.6993
5.441,0,6.511,-1.054,-1.795,0.0000,-0.7148,0.0000,0.6993
5.441,0,6.511,-1.054,-1.795,0.0000,-0.7148,0.0000,0.6993
5.441,0,6.511,-1.054,-1.795,0.0000,-0.7148,0.0000,0.6993
5.441,0,6.511,-1.054,-1.795,0.0000,-0.7148,0.0000,0.6993
5.441,0,6.511,-1.054,-1.795,0.0000,-0.7148,0.0000,0.6993
5.441,0,6.511,-1.054,-1.795,0.0000,-0.7148,0.0000,0.6993
5.441,0,6.511,-1.054,-1.795,0.0000,-0.7148,0.0000,0.6993
5.441,0,6.511,-1.054,-1.795,0.0000,-0.7148,0.0000,0.6993
5.441,0,6.511,-1.054,-1.795,0.0000,-0.7148,0.0000,0.6993
5.441,0,6.511,-1.054,-1.795,0.0000,-0.7148,0.0000,0.6993
5.441,0,6.511,-1.054,-1.795,0.0000,-0.7148,0.0000,0.6993
5.441,0,6.511,-1.054,-1.795,0.0000,-0.7148,0.0000,0.6993
5.441,0,6.511,-1.054,-1.795,0.0000,-0.7148,0.0000,0.6993
5.441,0,6.511,-1.054,-1.795,0.0000,-0.7148,0.0000,0.6993
5.441,0,6.511,-1.054,-1.795,0.0000,-0.7148,0.0000,0.6993
5.441,0,6.511,-1.054,-1.795,0.0000,-0.7148,0.0000,0.6993
5.441,0,6.511,-1.054,-1.795,0.0000,-0.7148,0.0000,0.6993
5.441,0,6.511,-1.054,-1.795,0.0000,-0.7148,0.0000,0.6993
5.441,0,6.511,-1.054,-1.795,0.0000,-0.7148,0.0000,0.6993
5.441,0,6.511,-1.054,-1.795,0.0000,-0.7148,0.0000,0.6993
5.441,0,6.511,-1.054,-1.795,0.0000,-0.7148,0.0000,0.6993
5.441,0,6.511,-1.054,-1.795,0.0000,-0.7148,0.0000,0.6993
5.441,0,6.511,-1.054,-1.795,0.0000,-0.7148,0.0000,0.6993
5.441,0,6.511,-1.054,-1.795,0.0000,-0.7148,0.0000,0.6993
5.441,0,6.511,-1.054,-1.795,0.0000,-0.7148,0.0000,0.6993
5.441,0,6.511,-1.054,-1.795,0.0000,-0.7148,0.0000,0.6993
5.441,0,6.511,-1.054,-1.795,0.0000,-0.7148,0.0000,0.6993
5.441,0,6.511,-1.054,-1.795,0.0000,-0.7148,0.0000,0.6993
5.441,0,6.511,-1.054,-1.795,0.0000,-0.7148,0.0000,0.6993
5.441,0,6.511,-1.054,-1.795,0.0000,-0.7148,0.0000,0.6993
5.441,0,6.511,-1.054,-1.795,0.0000,-0.7148,0.0000,0.6993
5.441,0,6.511,-1.054,-1.795,0.0000,-0.7148,0.0000,0.6993
5.441,0,6.511,-1.054,-1.795,0.0000,-0.7148,0.0000,0.6993
5.441,0,6.511,-1.054,-1.795,0.0000,-0.7148,0.0000,0.6993
5.441,0,6.511,-1.054,-1.795,0.0000,-0.7148,0.0000,0.6993
5.441,0,6.511,-1.054,-1.795,0.0000,-0.7148,0.0000,0.6993
5.441,0,6.511,-1.054,-1.795,0.0000,-0.7148,0.0000,0.6993
5.441,0,6.511,-1.054,-1.795,0.0000,-0.7148,0.0000,0.6993
5.441,0,6.511,-1.054,-1.795,0.0000,-0.7148,0.0000,0.6993
5.441,0,6.511,-1.054,-1.795,0.0000,-0.7148,0.0000,0.6993
5.441,0,6.511,-1.054,-1.795,0.0000,-0.7148,0.0000,0.6993
5.441,0,6.511,-1.054,-1.795,0.0000,-0.7148,0.0000,0.6993
5.441,0,6.511,-1.054,-1.795,0.0000,-0.7148,0.0000,0.6993
5.441,0,6.511,-1.054,-1.795,0.0000,-0.7148,0.0000,0.6993
5.441,0,6.511,-1.054,-1.795,0.0000,-0.7148,0.0000,0.6993
5.441,0,6.511,-1.054,-1.795,0.0000,-0.7148,0.0000,0.6993
5.441,0,6.511,-1.054,-1.795,0.0000,-0.7148,0.0000,0.6993
5.441,0,6.511,-1.054,-1.795,0.0000,-0.7148,0.0000,0.6993
5.441,0,6.511,-1.054,-1.795,0.0000,-0.7148,0.0000,0.6993
5.441,0,6.511,-1.054,-1.795,0.0000,-0.7148,0.0000,0.6993
5.441,0,6.511,-1.054,-1.795,0.0000,-0.7148,0.0000,0.6993
5.441,0,6.511,-1.054,-1.795,0.0000,-0.7148,0.0000,0.6993
5.441,0,6.511,-1.054,-1.795,0.0000,-0.7148,0.0000,0.6993
5.441,0,6.511,-1.054,-1.795,0.0000,-0.7148,0.0000,0.6993
5.441,0,6.511,-1.054,-1.795,0.0000,-0.7148,0.0000,0.6993
5.441,0,6.511,-1.054,-1.795,0.0000,-0.7148,0.0000,0.6993
5.441,0,6.511,-1.054,-1.795,0.0000,-0.7148,0.0000,0.6993
5.441,0,6.511,-1.054,-1.795,0.0000,-0.7148,0.0000,0.6993
5.441,0,6.511,-1.054,-1.795,0.0000,-0.7148,0.0000,0.6993
5.441,0,6.511,-1.054,-1.795,0.0000,-0.7148,0.0000,0.6993
5.441,0,6.511,-1.054,-1.795,0.0000,-0.7148,0.0000,0.6993
5.441,0,6.511,-1.054,-1.795,0.0000,-0.7148,0.0000,0.6993
5.441,0,6.511,-1.054,-1.795,0.0000,-0.7148,0.0000,0.6993
5.441,0,6.511,-1.054,-1.795,0.0000,-0.7148,0.0000,0.6993
5.441,0,6.511,-1.054,-1.795,0.0000,-0.7148,0.0000,0.6993
5.441,0,6.511,-1.054,-1.795,0.0000,-0.7148,0.0000,0.6993
5.441,0,6.511,-1.054,-1.795,0.0000,-0.7148,0.0000,0.6993
5.441,0,6.511,-1.054,-1.795,0.0000,-0.7148,0.0000,0.6993
5.441,0,6.511,-1.054,-1.795,0.0000,-0.7148,0.0000,0.6993
5.441,0,6.511,-1.054,-1.795,0.0000,-0.7148,0.0000,0.6993
5.441,0,6.511,-1.054,-1.795,0.0000,-0.7148,0.0000,0.6993
5.441,0,6.511,-1.054,-1.795,0.0000,-0.7148,0.0000,0.6993
5.441,0,6.511,-1.054,-1.795,0.0000,-0.7148,0.0000,0.6993
5.441,0,6.511,-1.054,-1.795,0.0000,-0.7148,0.0000,0.6993
5.441,0,6.511,-1.054,-1.795,0.0000,-0.7148,0.0000,0.6993
5.441,0,6.511,-1.054,-1.795,0.0000,-0.7148,0.0000,0.6993
5.441,0,6.511,-1.054,-1.795,0.0000,-0.7148,0.0000,0.6993
5.441,0,6.511,-1.054,-1.795,0.0000,-0.7148,0.0000,0.6993
5.441,0,6.511,-1.054,-1.795,0.0000,-0.7148,0.0000,0.6993
5.441,0,6.511,-1.054,-1.795,0.0000,-0.7148,0.0000,0.6993
5.441,0,6.511,-1.054,-1.795,0.0000,-0.7148,0.0000,0.6993
5.441,0,6.511,-1.054,-1.795,0.0000,-0.7148,0.0000,0.6993
5.441,0,6.511,-1.054,-1.795,0.0000,-0.7148,0.0000,0.6993
5.441,0,6.511,-1.054,-1.795,0.0000,-0.7148,0.0000,0.6993
5.441,0,6.511,-1.054,-1.795,0.0000,-0.7148,0.0000,0.6993
5.441,0,6.511,-1.054,-1.795,0.0000,-0.7148,0.0000,0.6993
5.441,0,6.511,-1.054,-1.795,0.0000,-0.7148,0.0000,0.6993
5.441,0,6.511,-1.054,-1.795,0.0000,-0.7148,0.0000,0.6993
5.441,0,6.511,-1.054,-1.795,0.0000,-0.7148,0.0000,0.6993
5.441,0,6.511,-1.054,-1.795,0.0000,-0.7148,0.0000,0.6993
5.441,0,6.511,-1.054,-1.795,0.0000,-0.7148,0.0000,0.6993
5.441,0,6.511,-1.054,-1.795,0.0000,-0.7148,0.0000,0.6993
5.441,0,6.511,-1.054,-1.795,0.0000,-0.7148,0.0000,0.6993
5.441,0,6.511,-1.054,-1.795,0.0000,-0.7148,0.0000,0.6993
5.441,0,6.511,-1.054,-1.795,0.0000,-0.7148,0.0000,0.6993
5.441,0,6.511,-1.054,-1.795,0.0000,-0.7148,0.0000,0.6993
5.441,0,6.511,-1.054,-1.795,0.0000,-0.7148,0.0000,0.6993
5.441,0,6.511,-1.054,-1.795,0.0000,-0.7148,0.0000,0.6993
5.441,0,6.511,-1.054,-1.795,0.0000,-0.7148,0.0000,0.6993
5.441,0,6.511,-1.054,-1.795,0.0000,-0.7148,0.0000,0.6993
5.441,0,6.511,-1.054,-1.795,0.0000,-0.7148,0.0000,0.6993
5.441,0,6.511,-1.054,-1.795,0.0000,-0.7148,0.0000,0.6993
5.470,0,6.511,-1.142,-1.795,0.0000,-0.7148,0.0000,0.6993
5.501,0,6.511,-1.186,-1.795,0.0000,-0.7148,0.0000,0.6993
5.543,0,6.511,-1.243,-1.795,0.0000,-0.7148,0.0000,0.6993
5.571,0,6.511,-1.320,-1.795,0.0000,-0.7148,0.0000,0.6993
5.614,0,6.511,-1.420,-1.795,0.0000,-0.7148,0.0000,0.6993
5.638,0,6.511,-1.476,-1.795,0.0000,-0.7148,0.0000,0.6993
5.668,0,6.511,-1.601,-1.795,0.0000,-0.7148,0.0000,0.6993
5.709,0,6.511,-1.718,-1.795,0.0000,-0.7148,0.0000,0.6993
5.739,0,6.511,-1.701,-1.795,0.0000,-0.7148,0.0000,0.6993
5.779,0,6.511,-1.619,-1.795,0.0000,-0.7148,0.0000,0.6993
5.806,0,6.511,-1.621,-1.795,0.0000,-0.7148,0.0000,0.6993
5.837,0,6.511,-1.658,-1.795,0.0000,-0.7148,0.0000,0.6993
5.876,0,6.511,-1.646,-1.795,0.0000,-0.7148,0.0000,0.6993
5.904,0,6.511,-1.646,-1.795,0.0000,-0.7148,0.0000,0.6993
5.945,0,6.511,-1.646,-1.795,0.0000,-0.7148,0.0000,0.6993
5.973,0,6.511,-1.646,-1.795,0.0000,-0.7148,0.0000,0.6993
6.001,0,6.511,-1.646,-1.795,0.0000,-0.7148,0.0000,0.6993
6.043,0,6.511,-1.646,-1.795,0.0000,-0.7148,0.0000,0.6993
6.070,0,6.511,-1.646,-1.795,0.0000,-0.7148,0.0000,0.6993
6.113,0,6.511,-1.646,-1.795,0.0000,-0.7148,0.0000,0.6993
6.148,0,6.511,-1.646,-1.795,0.0000,-0.7148,0.0000,0.6993
6.205,0,6.468,-0.522,-1.659,-0.1872,-0.5434,-0.2558,0.7773
6.205,0,6.468,-0.522,-1.659,-0.1872,-0.5434,-0.2558,0.7773
6.256,0,6.467,-0.672,-1.660,-0.1867,-0.5441,-0.2558,0.7769
6.267,0,6.467,-0.672,-1.660,-0.1866,-0.5444,-0.2557,0.7768
6.309,0,6.467,-0.672,-1.660,-0.1864,-0.5455,-0.2548,0.7763
6.337,0,6.466,-0.672,-1.660,-0.1860,-0.5462,-0.2545,0.7761
6.379,0,6.466,-0.672,-1.660,-0.1854,-0.5480,-0.2536,0.7752
6.406,0,6.466,-0.672,-1.661,-0.1852,-0.5489,-0.2531,0.7749
6.437,0,6.466,-0.673,-1.661,-0.1848,-0.5495,-0.2528,0.7746
6.477,0,6.465,-0.673,-1.662,-0.1843,-0.5509,-0.2522,0.7739
6.505,0,6.465,-0.673,-1.662,-0.1838,-0.5518,-0.2519,0.7735
6.533,0,6.465,-0.673,-1.662,-0.1832,-0.5538,-0.2508,0.7726
6.590,0,6.464,-0.673,-1.664,-0.1812,-0.5604,-0.2477,0.7693
6.617,0,6.463,-0.673,-1.664,-0.1802,-0.5631,-0.2469,0.7677
6.645,0,6.463,-0.673,-1.665,-0.1787,-0.5651,-0.2465,0.7668
6.672,0,6.462,-0.674,-1.665,-0.1772,-0.5668,-0.2461,0.7660
6.728,0,6.461,-0.674,-1.666,-0.1735,-0.5701,-0.2453,0.7647
6.757,0,6.461,-0.674,-1.666,-0.1732,-0.5711,-0.2445,0.7642
6.785,0,6.460,-0.674,-1.666,-0.1730,-0.5713,-0.2440,0.7643
6.809,0,6.460,-0.675,-1.666,-0.1724,-0.5714,-0.2433,0.7646
6.837,0,6.460,-0.675,-1.666,-0.1719,-0.5713,-0.2430,0.7648
6.879,0,6.459,-0.675,-1.666,-0.1710,-0.5712,-0.2423,0.7654
6.907,0,6.459,-0.675,-1.666,-0.1699,-0.5720,-0.2415,0.7653
6.934,0,6.459,-0.675,-1.666,-0.1679,-0.5735,-0.2411,0.7647
6.977,0,6.459,-0.676,-1.667,-0.1631,-0.5771,-0.2412,0.7630
7.005,0,6.458,-0.677,-1.667,-0.1594,-0.5803,-0.2409,0.7615
7.047,0,6.457,-0.678,-1.668,-0.1532,-0.5865,-0.2406,0.7581
7.073,0,6.457,-0.678,-1.669,-0.1480,-0.5910,-0.2403,0.7557
7.101,0,6.456,-0.679,-1.669,-0.1435,-0.5959,-0.2396,0.7529
7.144,0,6.455,-0.679,-1.670,-0.1376,-0.6022,-0.2397,0.7490
7.171,0,6.455,-0.680,-1.670,-0.1341,-0.6056,-0.2395,0.7469
7.212,0,6.454,-0.680,-1.671,-0.1331,-0.6096,-0.2379,0.7444
7.240,0,6.453,-0.680,-1.671,-0.1326,-0.6105,-0.2367,0.7441
7.270,0,6.453,-0.681,-1.671,-0.1313,-0.6111,-0.2356,0.7442
7.311,0,6.453,-0.681,-1.672,-0.1288,-0.6121,-0.2332,0.7445
7.339,0,6.452,-0.682,-1.672,-0.1260,-0.6130,-0.2318,0.7447
7.380,0,6.451,-0.683,-1.672,-0.1215,-0.6147,-0.2297,0.7448
7.407,0,6.451,-0.683,-1.672,-0.1196,-0.6160,-0.2281,0.7444
7.436,0,6.451,-0.683,-1.672,-0.1184,-0.6170,-0.2272,0.7441
7.478,0,6.450,-0.684,-1.672,-0.1171,-0.6171,-0.2267,0.7444
7.506,0,6.450,-0.684,-1.672,-0.1167,-0.6169,-0.2262,0.7447
7.534,0,6.450,-0.683,-1.672,-0.1188,-0.6159,-0.2265,0.7451
7.576,0,6.450,-0.683,-1.672,-0.1197,-0.6138,-0.2270,0.7466
7.604,0,6.450,-0.683,-1.671,-0.1210,-0.6125,-0.2272,0.7474
7.645,0,6.450,-0.683,-1.671,-0.1231,-0.6104,-0.2265,0.7490
7.673,0,6.450,-0.683,-1.671,-0.1235,-0.6091,-0.2260,0.7501
7.701,0,6.450,-0.683,-1.670,-0.1238,-0.6084,-0.2255,0.7507
7.743,0,6.450,-0.683,-1.670,-0.1239,-0.6079,-0.2250,0.7513
7.769,0,6.450,-0.683,-1.670,-0.1233,-0.6079,-0.2248,0.7515
7.811,0,6.450,-0.683,-1.670,-0.1228,-0.6083,-0.2245,0.7514
7.840,0,6.450,-0.683,-1.670,-0.1232,-0.6085,-0.2250,0.7510
7.868,0,6.450,-0.683,-1.670,-0.1234,-0.6087,-0.2259,0.7505
7.909,0,6.450,-0.683,-1.670,-0.1249,-0.6084,-0.2263,0.7503
7.937,0,6.450,-0.682,-1.670,-0.1256,-0.6079,-0.2265,0.7506
7.980,0,6.450,-0.682,-1.670,-0.1260,-0.6072,-0.2267,0.7511
8.007,0,6.450,-0.682,-1.670,-0.1265,-0.6067,-0.2264,0.7514
8.035,0,6.450,-0.682,-1.670,-0.1266,-0.6062,-0.2262,0.7519
8.077,0,6.450,-0.682,-1.671,-0.1264,-0.6058,-0.2261,0.7522
8.105,0,6.450,-0.682,-1.671,-0.1271,-0.6059,-0.2258,0.7522
8.147,0,6.450,-0.682,-1.671,-0.1274,-0.6061,-0.2254,0.7520
8.174,0,6.450,-0.682,-1.671,-0.1274,-0.6063,-0.2255,0.7519
8.202,0,6.450,-0.682,-1.671,-0.1274,-0.6063,-0.2258,0.7518
8.243,0,6.450,-0.682,-1.671,-0.1281,-0.6062,-0.2261,0.7517
8.271,0,6.451,-0.682,-1.671,-0.1288,-0.6057,-0.2268,0.7517
8.314,0,6.451,-0.682,-1.671,-0.1294,-0.6050,-0.2269,0.7522
8.341,0,6.451,-0.682,-1.671,-0.1306,-0.6046,-0.2269,0.7523
8.369,0,6.451,-0.682,-1.671,-0.1315,-0.6037,-0.2270,0.7528
8.412,0,6.451,-0.682,-1.670,-0.1321,-0.6023,-0.2271,0.7538
8.439,0,6.451,-0.682,-1.670,-0.1326,-0.6019,-0.2271,0.7540
8.468,0,6.452,-0.682,-1.670,-0.1330,-0.6018,-0.2271,0.7541
8.509,0,6.452,-0.681,-1.670,-0.1331,-0.6015,-0.2276,0.7541
8.537,0,6.452,-0.682,-1.670,-0.1330,-0.6017,-0.2276,0.7540
8.578,0,6.452,-0.681,-1.671,-0.1328,-0.6025,-0.2278,0.7533
8.606,0,6.452,-0.681,-1.671,-0.1327,-0.6026,-0.2278,0.7532
8.636,0,6.452,-0.681,-1.671,-0.1326,-0.6028,-0.2279,0.7531
8.676,0,6.452,-0.681,-1.671,-0.1325,-0.6027,-0.2282,0.7531
8.705,0,6.452,-0.682,-1.670,-0.1321,-0.6023,-0.2277,0.7536
8.747,0,6.452,-0.682,-1.670,-0.1320,-0.6020,-0.2272,0.7540
8.774,0,6.452,-0.682,-1.670,-0.1319,-0.6019,-0.2273,0.7541
8.802,0,6.452,-0.682,-1.670,-0.1317,-0.6018,-0.2275,0.7542
8.844,0,6.452,-0.682,-1.670,-0.1320,-0.6016,-0.2274,0.7543
8.872,0,6.452,-0.682,-1.670,-0.1322,-0.6015,-0.2275,0.7543
8.914,0,6.452,-0.682,-1.670,-0.1327,-0.6013,-0.2277,0.7543
8.941,0,6.452,-0.682,-1.670,-0.1330,-0.6013,-0.2282,0.7541
8.969,0,6.452,-0.682,-1.670,-0.1330,-0.6012,-0.2283,0.7542
9.011,0,6.452,-0.681,-1.670,-0.1335,-0.6010,-0.2281,0.7543
9.040,0,6.452,-0.681,-1.670,-0.1334,-0.6010,-0.2282,0.7542
9.067,0,6.452,-0.681,-1.670,-0.1334,-0.6011,-0.2283,0.7542
9.110,0,6.452,-0.681,-1.670,-0.1340,-0.6007,-0.2287,0.7543
9.137,0,6.452,-0.681,-1.670,-0.1341,-0.6003,-0.2288,0.7545
9.179,0,6.452,-0.681,-1.670,-0.1346,-0.6002,-0.2288,0.7545
9.207,0,6.452,-0.681,-1.670,-0.1346,-0.5999,-0.2289,0.7547
9.235,0,6.452,-0.681,-1.670,-0.1345,-0.5999,-0.2290,0.7547
9.276,0,6.452,-0.681,-1.670,-0.1347,-0.5998,-0.2291,0.7547
9.305,0,6.452,-0.681,-1.670,-0.1346,-0.5998,-0.2292,0.7547
9.346,0,6.452,-0.681,-1.670,-0.1346,-0.5998,-0.2293,0.7547
9.374,0,6.452,-0.681,-1.670,-0.1347,-0.5998,-0.2294,0.7547
9.401,0,6.452,-0.681,-1.670,-0.1345,-0.5997,-0.2295,0.7547
9.443,0,6.452,-0.681,-1.670,-0.1346,-0.5995,-0.2292,0.7549
9.470,0,6.452,-0.681,-1.670,-0.1348,-0.5994,-0.2294,0.7549
9.511,0,6.452,-0.681,-1.670,-0.1347,-0.5995,-0.2295,0.7548
9.539,0,6.452,-0.681,-1.670,-0.1347,-0.5994,-0.2299,0.7548
9.569,0,6.452,-0.681,-1.670,-0.1343,-0.5994,-0.2304,0.7548
9.609,0,6.453,-0.681,-1.670,-0.1340,-0.5992,-0.2298,0.7551
9.637,0,6.453,-0.681,-1.669,-0.1341,-0.5991,-0.2299,0.7551
9.679,0,6.453,-0.681,-1.669,-0.1340,-0.5994,-0.2301,0.7549
9.707,0,6.453,-0.681,-1.669,-0.1343,-0.5994,-0.2304,0.7547
9.735,0,6.453,-0.681,-1.669,-0.1344,-0.5992,-0.2308,0.7547
9.778,0,6.453,-0.681,-1.669,-0.1346,-0.5991,-0.2309,0.7548
9.805,0,6.453,-0.681,-1.669,-0.1348,-0.5990,-0.2309,0.7548
9.847,0,6.453,-0.681,-1.669,-0.1348,-0.5992,-0.2315,0.7545
9.874,0,6.453,-0.681,-1.669,-0.1351,-0.5991,-0.2317,0.7544
9.902,0,6.453,-0.681,-1.669,-0.1355,-0.5990,-0.2314,0.7545
9.944,0,6.453,-0.681,-1.669,-0.1351,-0.5989,-0.2311,0.7548
9.972,0,6.453,-0.681,-1.669,-0.1349,-0.5989,-0.2309,0.7548
10.013,0,6.453,-0.681,-1.669,-0.1345,-0.5988,-0.2311,0.7549
10.041,0,6.453,-0.681,-1.669,-0.1349,-0.5986,-0.2312,0.7550
10.070,0,6.453,-0.681,-1.669,-0.1355,-0.5984,-0.2311,0.7551
10.110,0,6.453,-0.681,-1.669,-0.1356,-0.5983,-0.2310,0.7552
10.138,0,6.453,-0.681,-1.669,-0.1358,-0.5983,-0.2311,0.7551
10.181,0,6.453,-0.681,-1.669,-0.1358,-0.5984,-0.2312,0.7550
10.208,0,6.453,-0.681,-1.669,-0.1358,-0.5985,-0.2312,0.7549
10.237,0,6.453,-0.681,-1.669,-0.1356,-0.5985,-0.2312,0.7550
10.278,0,6.453,-0.681,-1.669,-0.1353,-0.5982,-0.2310,0.7553
10.305,0,6.453,-0.681,-1.669,-0.1356,-0.5982,-0.2313,0.7552
10.347,0,6.453,-0.681,-1.669,-0.1355,-0.5982,-0.2315,0.7551
10.375,0,6.453,-0.681,-1.669,-0.1353,-0.5983,-0.2311,0.7552
10.403,0,6.453,-0.681,-1.669,-0.1350,-0.5984,-0.2309,0.7552
10.445,0,6.453,-0.681,-1.669,-0.1340,-0.5978,-0.2320,0.7555
10.473,0,6.453,-0.681,-1.668,-0.1327,-0.5973,-0.2320,0.7562
10.500,0,6.453,-0.681,-1.667,-0.1308,-0.5970,-0.2318,0.7568
10.542,0,6.453,-0.682,-1.663,-0.1256,-0.5946,-0.2345,0.7587
10.570,0,6.453,-0.682,-1.661,-0.1201,-0.5915,-0.2384,0.7608
10.612,0,6.453,-0.683,-1.656,-0.1127,-0.5863,-0.2420,0.7648
10.640,0,6.454,-0.684,-1.652,-0.1059,-0.5829,-0.2460,0.7671
10.667,0,6.454,-0.684,-1.648,-0.0999,-0.5791,-0.2513,0.7691
10.708,0,6.454,-0.685,-1.642,-0.0925,-0.5749,-0.2573,0.7712
10.736,0,6.454,-0.685,-1.638,-0.0873,-0.5726,-0.2621,0.7719
10.777,0,6.454,-0.686,-1.633,-0.0810,-0.5696,-0.2685,0.7726
10.805,0,6.455,-0.687,-1.629,-0.0775,-0.5679,-0.2718,0.7730
10.847,0,6.455,-0.687,-1.625,-0.0731,-0.5677,-0.2758,0.7722
10.875,0,6.455,-0.688,-1.622,-0.0679,-0.5678,-0.2795,0.7713
10.903,0,6.455,-0.689,-1.619,-0.0618,-0.5678,-0.2837,0.7702
10.945,0,6.455,-0.690,-1.615,-0.0524,-0.5669,-0.2898,0.7694
10.973,0,6.455,-0.690,-1.613,-0.0478,-0.5660,-0.2933,0.7690
11.001,0,6.455,-0.691,-1.611,-0.0443,-0.5655,-0.2960,0.7685
11.043,0,6.455,-0.692,-1.608,-0.0374,-0.5648,-0.3021,0.7670
11.070,0,6.455,-0.692,-1.607,-0.0325,-0.5644,-0.3061,0.7660
11.112,0,6.455,-0.693,-1.605,-0.0252,-0.5638,-0.3115,0.7645
11.140,0,6.454,-0.694,-1.604,-0.0199,-0.5632,-0.3154,0.7635
11.168,0,6.455,-0.695,-1.603,-0.0158,-0.5622,-0.3198,0.7625
11.210,0,6.454,-0.696,-1.602,-0.0082,-0.5630,-0.3238,0.7603
11.239,0,6.454,-0.697,-1.601,-0.0023,-0.5627,-0.3289,0.7585
11.279,0,6.453,-0.698,-1.600,0.0044,-0.5634,-0.3331,0.7560
11.308,0,6.453,-0.698,-1.599,0.0088,-0.5638,-0.3360,0.7544
11.335,0,6.453,-0.699,-1.598,0.0142,-0.5637,-0.3393,0.7530
11.377,0,6.453,-0.700,-1.596,0.0203,-0.5630,-0.3442,0.7511
11.404,0,6.453,-0.701,-1.595,0.0255,-0.5618,-0.3485,0.7499
11.446,0,6.453,-0.701,-1.593,0.0295,-0.5602,-0.3528,0.7489
11.475,0,6.453,-0.701,-1.592,0.0300,-0.5594,-0.3545,0.7487
11.502,0,6.453,-0.702,-1.591,0.0314,-0.5584,-0.3565,0.7484
11.544,0,6.453,-0.702,-1.590,0.0326,-0.5575,-0.3580,0.7483
11.572,0,6.453,-0.702,-1.589,0.0334,-0.5563,-0.3587,0.7488
11.600,0,6.453,-0.702,-1.588,0.0336,-0.5557,-0.3586,0.7494
11.642,0,6.454,-0.702,-1.588,0.0323,-0.5547,-0.3580,0.7504
11.671,0,6.454,-0.702,-1.587,0.0315,-0.5544,-0.3569,0.7512
11.712,0,6.454,-0.702,-1.587,0.0299,-0.5544,-0.3558,0.7517
11.740,0,6.454,-0.702,-1.588,0.0285,-0.5548,-0.3550,0.7519
11.768,0,6.454,-0.701,-1.588,0.0263,-0.5557,-0.3536,0.7519
11.810,0,6.454,-0.699,-1.591,0.0202,-0.5585,-0.3510,0.7513
11.839,0,6.453,-0.698,-1.593,0.0152,-0.5614,-0.3487,0.7503
11.880,0,6.453,-0.697,-1.597,0.0081,-0.5679,-0.3433,0.7481
11.908,0,6.452,-0.695,-1.600,0.0020,-0.5724,-0.3390,0.7466
11.937,0,6.452,-0.694,-1.603,-0.0038,-0.5770,-0.3338,0.7454
11.978,0,6.451,-0.692,-1.609,-0.0129,-0.5854,-0.3230,0.7435
12.006,0,6.450,-0.691,-1.613,-0.0205,-0.5915,-0.3154,0.7418
12.034,0,6.449,-0.690,-1.618,-0.0278,-0.5976,-0.3077,0.7399
12.076,0,6.448,-0.689,-1.625,-0.0425,-0.6060,-0.2922,0.7386
12.104,0,6.447,-0.688,-1.631,-0.0508,-0.6116,-0.2810,0.7379
12.145,0,6.445,-0.687,-1.639,-0.0628,-0.6198,-0.2664,0.7355
12.173,0,6.445,-0.686,-1.644,-0.0705,-0.6246,-0.2568,0.7342
12.201,0,6.444,-0.686,-1.650,-0.0786,-0.6279,-0.2467,0.7339
12.243,0,6.443,-0.685,-1.658,-0.0918,-0.6327,-0.2310,0.7334
12.271,0,6.442,-0.685,-1.663,-0.1011,-0.6354,-0.2216,0.7328
12.312,0,6.441,-0.685,-1.671,-0.1158,-0.6377,-0.2091,0.7322
12.339,0,6.441,-0.684,-1.676,-0.1255,-0.6384,-0.2017,0.7321
12.367,0,6.441,-0.684,-1.681,-0.1350,-0.6387,-0.1949,0.7320
12.409,0,6.441,-0.683,-1.688,-0.1527,-0.6378,-0.1859,0.7317
12.438,0,6.441,-0.682,-1.692,-0.1683,-0.6342,-0.1788,0.7332
12.479,0,6.441,-0.681,-1.698,-0.1876,-0.6282,-0.1668,0.7364
12.508,0,6.441,-0.681,-1.702,-0.1980,-0.6244,-0.1608,0.7383
12.535,0,6.441,-0.682,-1.705,-0.2079,-0.6210,-0.1543,0.7398
12.577,0,6.441,-0.681,-1.710,-0.2191,-0.6169,-0.1459,0.7417
12.605,0,6.441,-0.682,-1.713,-0.2247,-0.6153,-0.1425,0.7420
12.647,0,6.440,-0.682,-1.718,-0.2291,-0.6157,-0.1364,0.7415
12.674,0,6.440,-0.683,-1.720,-0.2314,-0.6170,-0.1332,0.7403
12.702,0,6.439,-0.683,-1.723,-0.2326,-0.6193,-0.1308,0.7385
12.744,0,6.438,-0.684,-1.726,-0.2320,-0.6243,-0.1270,0.7350
12.772,0,6.438,-0.685,-1.728,-0.2303,-0.6275,-0.1265,0.7329
12.814,0,6.437,-0.685,-1.730,-0.2277,-0.6312,-0.1259,0.7307
12.842,0,6.437,-0.686,-1.730,-0.2265,-0.6330,-0.1254,0.7296
12.870,0,6.437,-0.686,-1.730,-0.2254,-0.6344,-0.1264,0.7285
12.911,0,6.437,-0.686,-1.731,-0.2243,-0.6350,-0.1286,0.7280
12.940,0,6.437,-0.686,-1.730,-0.2233,-0.6347,-0.1294,0.7284
12.968,0,6.437,-0.686,-1.730,-0.2218,-0.6348,-0.1302,0.7286
13.009,0,6.437,-0.686,-1.728,-0.2198,-0.6352,-0.1324,0.7284
13.037,0,6.437,-0.686,-1.728,-0.2183,-0.6358,-0.1344,0.7281
13.079,0,6.438,-0.686,-1.727,-0.2157,-0.6371,-0.1365,0.7273
13.107,0,6.438,-0.686,-1.726,-0.2149,-0.6381,-0.1379,0.7264
13.134,0,6.438,-0.686,-1.725,-0.2135,-0.6391,-0.1396,0.7256
13.176,0,6.438,-0.685,-1.724,-0.2122,-0.6404,-0.1430,0.7242
13.204,0,6.439,-0.685,-1.724,-0.2115,-0.6411,-0.1447,0.7234
13.245,0,6.439,-0.685,-1.723,-0.2102,-0.6419,-0.1478,0.7224
13.274,0,6.439,-0.685,-1.722,-0.2091,-0.6422,-0.1494,0.7222
13.301,0,6.439,-0.684,-1.722,-0.2082,-0.6425,-0.1505,0.7219
13.343,0,6.439,-0.684,-1.721,-0.2064,-0.6431,-0.1510,0.7219
13.371,0,6.439,-0.685,-1.721,-0.2048,-0.6436,-0.1508,0.7219
13.412,0,6.439,-0.685,-1.720,-0.2023,-0.6437,-0.1515,0.7223
13.440,0,6.439,-0.685,-1.720,-0.2018,-0.6432,-0.1511,0.7230
13.468,0,6.438,-0.685,-1.720,-0.2014,-0.6428,-0.1506,0.7236
13.510,0,6.438,-0.685,-1.719,-0.2005,-0.6425,-0.1503,0.7241
13.538,0,6.438,-0.685,-1.719,-0.2009,-0.6421,-0.1504,0.7243
13.579,0,6.438,-0.685,-1.719,-0.2005,-0.6422,-0.1503,0.7244
13.607,0,6.438,-0.685,-1.719,-0.1997,-0.6425,-0.1507,0.7243
13.635,0,6.438,-0.685,-1.719,-0.1996,-0.6425,-0.1514,0.7242
13.677,0,6.438,-0.685,-1.718,-0.1990,-0.6425,-0.1516,0.7243
13.705,0,6.438,-0.685,-1.718,-0.1986,-0.6423,-0.1520,0.7245
13.746,0,6.438,-0.685,-1.718,-0.1981,-0.6422,-0.1521,0.7247
13.775,0,6.439,-0.685,-1.718,-0.1980,-0.6420,-0.1528,0.7248
13.803,0,6.439,-0.685,-1.718,-0.1978,-0.6418,-0.1537,0.7249
13.844,0,6.439,-0.685,-1.717,-0.1979,-0.6412,-0.1550,0.7250
13.872,0,6.439,-0.684,-1.717,-0.1984,-0.6407,-0.1555,0.7252
13.914,0,6.439,-0.684,-1.717,-0.1984,-0.6404,-0.1551,0.7256
13.942,0,6.439,-0.684,-1.717,-0.1979,-0.6404,-0.1552,0.7257
13.970,0,6.439,-0.684,-1.717,-0.1978,-0.6401,-0.1555,0.7259
14.011,0,6.439,-0.684,-1.716,-0.1976,-0.6393,-0.1559,0.7266
14.039,0,6.439,-0.684,-1.716,-0.1973,-0.6390,-0.1562,0.7269
14.067,0,6.439,-0.684,-1.716,-0.1972,-0.6389,-0.1563,0.7270
14.109,0,6.439,-0.684,-1.716,-0.1967,-0.6389,-0.1565,0.7271
14.137,0,6.439,-0.684,-1.716,-0.1960,-0.6390,-0.1569,0.7271
14.179,0,6.439,-0.684,-1.715,-0.1960,-0.6388,-0.1573,0.7271
14.206,0,6.439,-0.684,-1.715,-0.1956,-0.6388,-0.1577,0.7272
14.234,0,6.439,-0.684,-1.715,-0.1952,-0.6388,-0.1579,0.7272
14.276,0,6.439,-0.684,-1.715,-0.1944,-0.6381,-0.1581,0.7281
14.304,0,6.438,-0.685,-1.714,-0.1939,-0.6376,-0.1579,0.7287
14.346,0,6.438,-0.685,-1.714,-0.1935,-0.6371,-0.1568,0.7294
14.374,0,6.438,-0.685,-1.714,-0.1933,-0.6369,-0.1567,0.7297
14.402,0,6.438,-0.685,-1.714,-0.1931,-0.6369,-0.1564,0.7298
14.444,0,6.438,-0.685,-1.714,-0.1930,-0.6369,-0.1564,0.7298
14.471,0,6.438,-0.685,-1.714,-0.1928,-0.6370,-0.1568,0.7297
14.513,0,6.438,-0.685,-1.714,-0.1927,-0.6375,-0.1567,0.7293
14.541,0,6.438,-0.685,-1.714,-0.1923,-0.6379,-0.1571,0.7290
14.568,0,6.438,-0.685,-1.714,-0.1924,-0.6380,-0.1575,0.7288
14.611,0,6.438,-0.685,-1.714,-0.1925,-0.6382,-0.1575,0.7286
14.638,0,6.438,-0.685,-1.714,-0.1923,-0.6381,-0.1579,0.7286
14.667,0,6.438,-0.685,-1.714,-0.1924,-0.6375,-0.1585,0.7290
14.707,0,6.438,-0.685,-1.714,-0.1926,-0.6370,-0.1583,0.7294
14.736,0,6.438,-0.685,-1.714,-0.1928,-0.6366,-0.1583,0.7297
14.778,0,6.439,-0.685,-1.714,-0.1923,-0.6364,-0.1586,0.7300
14.805,0,6.439,-0.685,-1.714,-0.1921,-0.6365,-0.1590,0.7299
14.848,0,6.439,-0.684,-1.713,-0.1925,-0.6363,-0.1604,0.7296
14.875,0,6.439,-0.684,-1.713,-0.1926,-0.6364,-0.1611,0.7293
14.903,0,6.438,-0.684,-1.713,-0.1919,-0.6369,-0.1612,0.7290
14.945,0,6.438,-0.685,-1.713,-0.1908,-0.6375,-0.1617,0.7287
14.974,0,6.438,-0.685,-1.713,-0.1896,-0.6379,-0.1613,0.7288
15.000,0,6.438,-0.685,-1.713,-0.1883,-0.6386,-0.1606,0.7287
15.042,0,6.438,-0.685,-1.713,-0.1869,-0.6399,-0.1603,0.7279
15.070,0,6.437,-0.686,-1.714,-0.1863,-0.6408,-0.1594,0.7275
15.112,0,6.437,-0.686,-1.714,-0.1847,-0.6424,-0.1587,0.7266
15.139,0,6.437,-0.686,-1.714,-0.1832,-0.6434,-0.1587,0.7262
15.167,0,6.437,-0.686,-1.714,-0.1819,-0.6442,-0.1588,0.7257
15.209,0,6.437,-0.686,-1.714,-0.1821,-0.6445,-0.1600,0.7252
15.237,0,6.438,-0.686,-1.714,-0.1830,-0.6435,-0.1614,0.7255
15.279,0,6.438,-0.686,-1.713,-0.1839,-0.6427,-0.1624,0.7257
15.307,0,6.438,-0.685,-1.713,-0.1843,-0.6424,-0.1633,0.7257
15.334,0,6.439,-0.685,-1.713,-0.1842,-0.6423,-0.1645,0.7255
15.376,0,6.439,-0.685,-1.713,-0.1835,-0.6424,-0.1655,0.7254
15.404,0,6.439,-0.685,-1.713,-0.1832,-0.6426,-0.1661,0.7252
15.446,0,6.439,-0.685,-1.712,-0.1821,-0.6427,-0.1670,0.7252
15.474,0,6.440,-0.685,-1.712,-0.1812,-0.6427,-0.1678,0.7252
15.502,0,6.440,-0.685,-1.712,-0.1817,-0.6424,-0.1681,0.7253
15.544,0,6.440,-0.685,-1.711,-0.1827,-0.6420,-0.1687,0.7253
15.571,0,6.440,-0.684,-1.711,-0.1835,-0.6414,-0.1702,0.7253
15.613,0,6.440,-0.684,-1.711,-0.1844,-0.6406,-0.1712,0.7255
15.641,0,6.440,-0.684,-1.711,-0.1850,-0.6403,-0.1715,0.7255
15.669,0,6.440,-0.684,-1.711,-0.1856,-0.6401,-0.1720,0.7254
15.710,0,6.440,-0.684,-1.711,-0.1864,-0.6398,-0.1727,0.7253
15.738,0,6.440,-0.683,-1.711,-0.1872,-0.6397,-0.1729,0.7251
15.780,0,6.440,-0.683,-1.711,-0.1882,-0.6402,-0.1732,0.7244
15.808,0,6.440,-0.683,-1.711,-0.1881,-0.6401,-0.1723,0.7247
15.836,0,6.440,-0.683,-1.711,-0.1874,-0.6401,-0.1718,0.7250
15.877,0,6.440,-0.684,-1.711,-0.1859,-0.6402,-0.1713,0.7255
15.905,0,6.440,-0.684,-1.711,-0.1855,-0.6403,-0.1718,0.7253
15.934,0,6.440,-0.683,-1.711,-0.1870,-0.6400,-0.1729,0.7249
15.975,0,6.440,-0.683,-1.711,-0.1883,-0.6395,-0.1741,0.7247
16.003,0,6.440,-0.683,-1.711,-0.1891,-0.6392,-0.1752,0.7245
16.044,0,6.440,-0.682,-1.710,-0.1909,-0.6381,-0.1763,0.7248
16.073,0,6.441,-0.682,-1.710,-0.1912,-0.6371,-0.1766,0.7255
16.100,0,6.441,-0.682,-1.710,-0.1916,-0.6362,-0.1766,0.7262
16.142,0,6.441,-0.682,-1.709,-0.1913,-0.6346,-0.1768,0.7276
16.170,0,6.442,-0.682,-1.709,-0.1918,-0.6335,-0.1776,0.7283
16.211,0,6.442,-0.682,-1.708,-0.1922,-0.6326,-0.1777,0.7289
16.239,0,6.442,-0.682,-1.708,-0.1911,-0.6325,-0.1781,0.7292
16.268,0,6.442,-0.682,-1.708,-0.1918,-0.6321,-0.1797,0.7289
16.309,0,6.443,-0.681,-1.708,-0.1940,-0.6318,-0.1819,0.7281
16.337,0,6.443,-0.681,-1.708,-0.1946,-0.6318,-0.1817,0.7280
16.379,0,6.443,-0.681,-1.708,-0.1953,-0.6317,-0.1816,0.7279
16.407,0,6.443,-0.681,-1.707,-0.1945,-0.6316,-0.1815,0.7282
16.435,0,6.443,-0.681,-1.707,-0.1933,-0.6316,-0.1812,0.7286
16.476,0,6.443,-0.681,-1.707,-0.1939,-0.6314,-0.1817,0.7285
16.504,0,6.443,-0.681,-1.707,-0.1933,-0.6311,-0.1807,0.7292
16.546,0,6.443,-0.681,-1.707,-0.1932,-0.6304,-0.1807,0.7298
16.573,0,6.443,-0.681,-1.707,-0.1954,-0.6294,-0.1815,0.7299
16.601,0,6.443,-0.680,-1.706,-0.1973,-0.6287,-0.1821,0.7298
16.643,0,6.443,-0.680,-1.706,-0.2015,-0.6262,-0.1851,0.7301
16.671,0,6.444,-0.679,-1.705,-0.2032,-0.6243,-0.1859,0.7310
16.713,0,6.444,-0.679,-1.705,-0.2038,-0.6222,-0.1854,0.7328
16.740,0,6.444,-0.679,-1.704,-0.2058,-0.6208,-0.1871,0.7329
16.769,0,6.444,-0.679,-1.704,-0.2059,-0.6193,-0.1879,0.7340
16.810,0,6.445,-0.679,-1.703,-0.2046,-0.6188,-0.1884,0.7346
16.838,0,6.445,-0.679,-1.703,-0.2030,-0.6181,-0.1891,0.7355
16.880,0,6.446,-0.679,-1.701,-0.2014,-0.6164,-0.1911,0.7368
16.908,0,6.446,-0.678,-1.701,-0.2015,-0.6139,-0.1936,0.7382
16.936,0,6.447,-0.678,-1.700,-0.2029,-0.6111,-0.1952,0.7398
16.977,0,6.447,-0.678,-1.699,-0.2043,-0.6083,-0.1964,0.7414
17.005,0,6.447,-0.678,-1.699,-0.2040,-0.6079,-0.1974,0.7415
17.048,0,6.448,-0.677,-1.698,-0.2038,-0.6083,-0.1979,0.7412
17.075,0,6.448,-0.677,-1.698,-0.2036,-0.6087,-0.1978,0.7409
17.104,0,6.447,-0.678,-1.698,-0.2021,-0.6096,-0.1975,0.7406
17.145,0,6.447,-0.678,-1.698,-0.1994,-0.6107,-0.1966,0.7407
17.173,0,6.446,-0.678,-1.698,-0.1998,-0.6110,-0.1971,0.7402
17.201,0,6.446,-0.678,-1.698,-0.2010,-0.6108,-0.1972,0.7400
17.242,0,6.446,-0.678,-1.698,-0.1995,-0.6108,-0.1970,0.7405
17.270,0,6.446,-0.678,-1.697,-0.1996,-0.6105,-0.1967,0.7407
17.312,0,6.446,-0.678,-1.697,-0.1966,-0.6115,-0.1940,0.7415
17.340,0,6.446,-0.678,-1.697,-0.1950,-0.6147,-0.1899,0.7403
17.368,0,6.447,-0.676,-1.695,-0.1963,-0.6191,-0.1840,0.7378
17.410,0,6.448,-0.676,-1.692,-0.1916,-0.6220,-0.1868,0.7358
17.438,0,6.448,-0.676,-1.691,-0.1909,-0.6198,-0.1966,0.7354
17.480,0,6.449,-0.676,-1.689,-0.1947,-0.6150,-0.2048,0.7362
17.507,0,6.450,-0.676,-1.688,-0.1938,-0.6143,-0.2025,0.7376
17.535,0,6.451,-0.675,-1.687,-0.1901,-0.6160,-0.2002,0.7378
17.576,0,6.452,-0.675,-1.686,-0.1890,-0.6182,-0.2017,0.7359
17.604,0,6.452,-0.675,-1.685,-0.1888,-0.6188,-0.2039,0.7348
17.646,0,6.454,-0.674,-1.683,-0.1876,-0.6200,-0.2088,0.7327
17.674,0,6.454,-0.674,-1.683,-0.1864,-0.6204,-0.2126,0.7315
17.702,0,6.455,-0.673,-1.682,-0.1852,-0.6204,-0.2154,0.7310
17.744,0,6.456,-0.673,-1.681,-0.1850,-0.6200,-0.2201,0.7301
17.772,0,6.456,-0.672,-1.680,-0.1849,-0.6196,-0.2225,0.7297
17.813,0,6.456,-0.673,-1.679,-0.1836,-0.6187,-0.2248,0.7300
17.841,0,6.457,-0.673,-1.679,-0.1820,-0.6186,-0.2257,0.7303
17.869,0,6.457,-0.673,-1.678,-0.1808,-0.6186,-0.2271,0.7302
17.911,0,6.457,-0.673,-1.678,-0.1808,-0.6180,-0.2279,0.7304
17.939,0,6.457,-0.672,-1.678,-0.1806,-0.6177,-0.2288,0.7305
17.980,0,6.458,-0.672,-1.677,-0.1820,-0.6170,-0.2305,0.7302
18.008,0,6.458,-0.671,-1.677,-0.1845,-0.6161,-0.2305,0.7302
18.036,0,6.459,-0.671,-1.677,-0.1854,-0.6155,-0.2321,0.7300
18.078,0,6.459,-0.671,-1.676,-0.1855,-0.6144,-0.2344,0.7302
18.105,0,6.459,-0.671,-1.676,-0.1859,-0.6138,-0.2354,0.7303
18.147,0,6.459,-0.671,-1.675,-0.1859,-0.6134,-0.2340,0.7311
18.175,0,6.458,-0.671,-1.675,-0.1839,-0.6139,-0.2322,0.7318
18.203,0,6.458,-0.671,-1.675,-0.1830,-0.6144,-0.2310,0.7319
18.244,0,6.458,-0.671,-1.674,-0.1829,-0.6148,-0.2314,0.7315
18.272,0,6.458,-0.671,-1.674,-0.1820,-0.6152,-0.2310,0.7315
18.313,0,6.458,-0.671,-1.673,-0.1806,-0.6164,-0.2304,0.7310
18.342,0,6.458,-0.671,-1.673,-0.1797,-0.6173,-0.2308,0.7303
18.370,0,6.458,-0.671,-1.673,-0.1796,-0.6181,-0.2314,0.7295
18.412,0,6.457,-0.671,-1.673,-0.1790,-0.6185,-0.2317,0.7292
18.439,0,6.457,-0.672,-1.673,-0.1771,-0.6185,-0.2299,0.7302
18.467,0,6.457,-0.672,-1.672,-0.1766,-0.6183,-0.2279,0.7312
18.509,0,6.456,-0.672,-1.672,-0.1763,-0.6159,-0.2291,0.7329
18.537,0,6.455,-0.672,-1.670,-0.1765,-0.6116,-0.2317,0.7356
18.579,0,6.455,-0.673,-1.669,-0.1744,-0.6045,-0.2330,0.7415
18.606,0,6.454,-0.673,-1.669,-0.1730,-0.6029,-0.2309,0.7438
18.634,0,6.454,-0.673,-1.669,-0.1728,-0.6030,-0.2277,0.7448
18.677,0,6.453,-0.673,-1.669,-0.1706,-0.6042,-0.2268,0.7446
18.704,0,6.452,-0.674,-1.669,-0.1681,-0.6060,-0.2256,0.7441
18.745,0,6.452,-0.674,-1.669,-0.1642,-0.6094,-0.2245,0.7425
18.774,0,6.452,-0.675,-1.668,-0.1616,-0.6104,-0.2263,0.7417
18.801,0,6.452,-0.675,-1.668,-0.1598,-0.6101,-0.2282,0.7417
18.843,0,6.452,-0.675,-1.668,-0.1564,-0.6102,-0.2272,0.7427
18.871,0,6.453,-0.675,-1.667,-0.1553,-0.6106,-0.2275,0.7425
18.912,0,6.454,-0.675,-1.667,-0.1527,-0.6120,-0.2272,0.7420
18.941,0,6.454,-0.675,-1.666,-0.1512,-0.6135,-0.2290,0.7405
18.968,0,6.454,-0.675,-1.666,-0.1512,-0.6142,-0.2332,0.7386
19.011,0,6.455,-0.675,-1.665,-0.1470,-0.6152,-0.2392,0.7367
19.038,0,6.455,-0.675,-1.665,-0.1462,-0.6173,-0.2406,0.7346
19.080,0,6.455,-0.675,-1.665,-0.1460,-0.6198,-0.2415,0.7323
19.108,0,6.455,-0.675,-1.664,-0.1453,-0.6199,-0.2433,0.7317
19.135,0,6.455,-0.675,-1.663,-0.1438,-0.6189,-0.2457,0.7321
19.177,0,6.455,-0.675,-1.663,-0.1411,-0.6177,-0.2467,0.7332
19.205,0,6.455,-0.675,-1.662,-0.1413,-0.6171,-0.2464,0.7338
19.247,0,6.456,-0.675,-1.662,-0.1420,-0.6169,-0.2450,0.7344
19.275,0,6.456,-0.675,-1.662,-0.1433,-0.6167,-0.2458,0.7340
19.303,0,6.456,-0.675,-1.662,-0.1442,-0.6166,-0.2460,0.7338
19.345,0,6.456,-0.675,-1.662,-0.1440,-0.6168,-0.2453,0.7339
19.373,0,6.455,-0.675,-1.662,-0.1441,-0.6165,-0.2457,0.7340
19.401,0,6.455,-0.675,-1.661,-0.1447,-0.6158,-0.2463,0.7343
19.442,0,6.455,-0.675,-1.661,-0.1432,-0.6156,-0.2449,0.7352
19.470,0,6.455,-0.675,-1.661,-0.1409,-0.6161,-0.2442,0.7355
19.511,0,6.454,-0.675,-1.660,-0.1408,-0.6162,-0.2457,0.7350
19.540,0,6.453,-0.674,-1.660,-0.1430,-0.6157,-0.2478,0.7342
19.567,0,6.453,-0.674,-1.660,-0.1454,-0.6154,-0.2487,0.7337
19.609,0,6.453,-0.674,-1.660,-0.1467,-0.6162,-0.2486,0.7328
19.637,0,6.453,-0.674,-1.661,-0.1462,-0.6172,-0.2471,0.7326
19.679,0,6.452,-0.674,-1.663,-0.1458,-0.6229,-0.2412,0.7298
19.706,0,6.452,-0.674,-1.665,-0.1462,-0.6295,-0.2407,0.7242
19.734,0,6.452,-0.674,-1.667,-0.1429,-0.6382,-0.2409,0.7171
19.777,0,6.451,-0.675,-1.670,-0.1400,-0.6494,-0.2395,0.7080
19.804,0,6.451,-0.675,-1.671,-0.1391,-0.6545,-0.2390,0.7037
19.846,0,6.451,-0.675,-1.673,-0.1375,-0.6585,-0.2378,0.7006
19.874,0,6.451,-0.675,-1.673,-0.1385,-0.6594,-0.2376,0.6997
19.902,0,6.451,-0.674,-1.674,-0.1405,-0.6588,-0.2385,0.6996
19.944,0,6.452,-0.674,-1.674,-0.1424,-0.6569,-0.2393,0.7007
19.972,0,6.452,-0.674,-1.674,-0.1430,-0.6555,-0.2389,0.7019
20.014,0,6.451,-0.675,-1.675,-0.1404,-0.6540,-0.2366,0.7047
20.041,0,6.451,-0.676,-1.675,-0.1387,-0.6535,-0.2346,0.7062
20.068,0,6.451,-0.676,-1.675,-0.1366,-0.6541,-0.2320,0.7069
20.111,0,6.452,-0.677,-1.676,-0.1341,-0.6557,-0.2298,0.7066
20.138,0,6.452,-0.677,-1.677,-0.1347,-0.6561,-0.2302,0.7060
20.180,0,6.452,-0.676,-1.677,-0.1376,-0.6562,-0.2327,0.7045
20.208,0,6.452,-0.676,-1.677,-0.1380,-0.6564,-0.2339,0.7039
20.236,0,6.451,-0.676,-1.677,-0.1363,-0.6564,-0.2332,0.7044
20.277,0,6.451,-0.677,-1.678,-0.1312,-0.6558,-0.2314,0.7065
20.305,0,6.451,-0.677,-1.678,-0.1292,-0.6555,-0.2303,0.7075
20.347,0,6.451,-0.677,-1.678,-0.1285,-0.6551,-0.2284,0.7086
20.375,0,6.451,-0.677,-1.678,-0.1290,-0.6545,-0.2282,0.7091
20.403,0,6.451,-0.676,-1.677,-0.1321,-0.6527,-0.2294,0.7098
20.444,0,6.452,-0.676,-1.677,-0.1341,-0.6501,-0.2330,0.7107
20.472,0,6.452,-0.676,-1.676,-0.1345,-0.6494,-0.2334,0.7111
20.514,0,6.452,-0.676,-1.676,-0.1338,-0.6485,-0.2327,0.7123
20.542,0,6.452,-0.676,-1.676,-0.1345,-0.6483,-0.2334,0.7121
20.570,0,6.452,-0.676,-1.676,-0.1352,-0.6491,-0.2325,0.7116
20.612,0,6.453,-0.676,-1.677,-0.1357,-0.6512,-0.2333,0.7093
20.639,0,6.453,-0.676,-1.677,-0.1368,-0.6518,-0.2340,0.7083
20.667,0,6.453,-0.676,-1.677,-0.1376,-0.6515,-0.2340,0.7084
20.709,0,6.453,-0.676,-1.677,-0.1391,-0.6501,-0.2335,0.7096
20.736,0,6.453,-0.676,-1.677,-0.1396,-0.6487,-0.2331,0.7109
20.779,0,6.453,-0.676,-1.678,-0.1402,-0.6469,-0.2321,0.7127
20.806,0,6.453,-0.676,-1.678,-0.1403,-0.6463,-0.2325,0.7131
20.834,0,6.453,-0.676,-1.679,-0.1412,-0.6462,-0.2329,0.7129
20.876,0,6.454,-0.676,-1.680,-0.1424,-0.6470,-0.2316,0.7124
20.903,0,6.454,-0.676,-1.681,-0.1438,-0.6480,-0.2311,0.7113
20.946,0,6.454,-0.675,-1.682,-0.1456,-0.6491,-0.2320,0.7096
20.974,0,6.454,-0.675,-1.682,-0.1475,-0.6492,-0.2318,0.7093
21.001,0,6.455,-0.675,-1.682,-0.1475,-0.6486,-0.2320,0.7098
21.043,0,6.455,-0.675,-1.682,-0.1475,-0.6469,-0.2341,0.7106
21.071,0,6.455,-0.675,-1.682,-0.1487,-0.6460,-0.2343,0.7111
21.114,0,6.455,-0.675,-1.682,-0.1503,-0.6458,-0.2342,0.7110
21.140,0,6.456,-0.674,-1.682,-0.1512,-0.6459,-0.2339,0.7108
21.168,0,6.456,-0.674,-1.682,-0.1526,-0.6459,-0.2340,0.7105
21.210,0,6.456,-0.674,-1.682,-0.1529,-0.6464,-0.2337,0.7101
21.238,0,6.456,-0.674,-1.682,-0.1535,-0.6464,-0.2344,0.7096
21.279,0,6.456,-0.674,-1.682,-0.1528,-0.6462,-0.2344,0.7100
21.307,0,6.456,-0.674,-1.681,-0.1521,-0.6457,-0.2339,0.7108
21.335,0,6.456,-0.675,-1.681,-0.1515,-0.6453,-0.2339,0.7113
21.377,0,6.456,-0.675,-1.681,-0.1485,-0.6447,-0.2323,0.7130
21.405,0,6.456,-0.675,-1.681,-0.1477,-0.6448,-0.2297,0.7139
21.446,0,6.455,-0.676,-1.681,-0.1479,-0.6448,-0.2279,0.7144
21.474,0,6.455,-0.675,-1.681,-0.1486,-0.6446,-0.2288,0.7142
21.503,0,6.455,-0.675,-1.681,-0.1505,-0.6439,-0.2300,0.7140
21.544,0,6.455,-0.675,-1.681,-0.1503,-0.6437,-0.2292,0.7145
21.572,0,6.454,-0.675,-1.681,-0.1496,-0.6440,-0.2286,0.7145
21.613,0,6.454,-0.675,-1.681,-0.1497,-0.6440,-0.2274,0.7149
21.642,0,6.454,-0.675,-1.682,-0.1491,-0.6441,-0.2270,0.7151
21.669,0,6.454,-0.675,-1.682,-0.1498,-0.6439,-0.2278,0.7149
21.711,0,6.454,-0.675,-1.682,-0.1516,-0.6439,-0.2268,0.7148
21.739,0,6.454,-0.675,-1.682,-0.1514,-0.6442,-0.2267,0.7147
21.767,0,6.454,-0.675,-1.682,-0.1531,-0.6437,-0.2280,0.7143
21.808,0,6.454,-0.674,-1.682,-0.1542,-0.6421,-0.2285,0.7154
21.837,0,6.454,-0.674,-1.682,-0.1536,-0.6417,-0.2280,0.7159
21.878,0,6.454,-0.674,-1.683,-0.1540,-0.6420,-0.2276,0.7158
21.906,0,6.454,-0.674,-1.683,-0.1545,-0.6423,-0.2272,0.7156
21.934,0,6.454,-0.674,-1.683,-0.1548,-0.6424,-0.2273,0.7154
21.976,0,6.454,-0.675,-1.683,-0.1540,-0.6429,-0.2268,0.7152
22.003,0,6.454,-0.674,-1.683,-0.1549,-0.6429,-0.2275,0.7148
22.045,0,6.455,-0.674,-1.683,-0.1554,-0.6423,-0.2289,0.7148
22.073,0,6.455,-0.674,-1.682,-0.1572,-0.6417,-0.2302,0.7145
22.101,0,6.455,-0.673,-1.682,-0.1587,-0.6410,-0.2315,0.7144
22.143,0,6.456,-0.674,-1.682,-0.1564,-0.6408,-0.2304,0.7154
22.170,0,6.455,-0.674,-1.681,-0.1538,-0.6411,-0.2292,0.7161
22.212,0,6.455,-0.675,-1.681,-0.1513,-0.6407,-0.2280,0.7174
22.241,0,6.455,-0.675,-1.680,-0.1512,-0.6398,-0.2275,0.7184
22.268,0,6.455,-0.675,-1.680,-0.1515,-0.6387,-0.2282,0.7191
22.310,0,6.455,-0.675,-1.679,-0.1512,-0.6384,-0.2290,0.7192
22.338,0,6.455,-0.675,-1.679,-0.1512,-0.6389,-0.2292,0.7186
22.379,0,6.455,-0.675,-1.679,-0.1511,-0.6395,-0.2299,0.7179
22.407,0,6.455,-0.674,-1.680,-0.1520,-0.6396,-0.2307,0.7173
22.435,0,6.455,-0.674,-1.680,-0.1527,-0.6395,-0.2312,0.7171
22.477,0,6.456,-0.674,-1.680,-0.1536,-0.6393,-0.2320,0.7168
22.505,0,6.456,-0.674,-1.680,-0.1542,-0.6391,-0.2324,0.7167
22.547,0,6.456,-0.674,-1.680,-0.1543,-0.6389,-0.2323,0.7170
22.574,0,6.456,-0.674,-1.680,-0.1543,-0.6387,-0.2319,0.7173
22.602,0,6.457,-0.674,-1.680,-0.1544,-0.6385,-0.2318,0.7175
22.644,0,6.457,-0.674,-1.680,-0.1537,-0.6389,-0.2307,0.7176
22.672,0,6.457,-0.674,-1.680,-0.1545,-0.6387,-0.2316,0.7173
22.714,0,6.456,-0.673,-1.680,-0.1575,-0.6379,-0.2342,0.7165
22.742,0,6.456,-0.673,-1.680,-0.1587,-0.6377,-0.2358,0.7160
22.769,0,6.457,-0.673,-1.681,-0.1583,-0.6382,-0.2347,0.7160
22.812,0,6.457,-0.673,-1.681,-0.1587,-0.6389,-0.2337,0.7155
22.839,0,6.457,-0.673,-1.681,-0.1587,-0.6395,-0.2324,0.7154
22.881,0,6.456,-0.674,-1.681,-0.1574,-0.6403,-0.2304,0.7156
22.909,0,6.456,-0.673,-1.681,-0.1593,-0.6403,-0.2302,0.7153
22.936,0,6.456,-0.673,-1.681,-0.1615,-0.6400,-0.2310,0.7148
22.978,0,6.456,-0.673,-1.682,-0.1610,-0.6404,-0.2305,0.7147
23.006,0,6.455,-0.673,-1.682,-0.1600,-0.6417,-0.2302,0.7139
23.034,0,6.455,-0.673,-1.682,-0.1595,-0.6431,-0.2295,0.7129
23.076,0,6.455,-0.673,-1.683,-0.1588,-0.6441,-0.2283,0.7126
23.103,0,6.455,-0.673,-1.682,-0.1583,-0.6443,-0.2284,0.7125
23.146,0,6.455,-0.673,-1.682,-0.1575,-0.6445,-0.2288,0.7124
23.173,0,6.455,-0.673,-1.682,-0.1574,-0.6444,-0.2286,0.7125
23.201,0,6.455,-0.674,-1.681,-0.1568,-0.6441,-0.2282,0.7131
23.243,0,6.455,-0.674,-1.681,-0.1556,-0.6437,-0.2288,0.7135
23.271,0,6.455,-0.674,-1.680,-0.1553,-0.6435,-0.2293,0.7136
23.312,0,6.455,-0.674,-1.680,-0.1563,-0.6430,-0.2309,0.7133
23.340,0,6.455,-0.673,-1.680,-0.1579,-0.6423,-0.2323,0.7131
23.369,0,6.456,-0.673,-1.680,-0.1589,-0.6418,-0.2328,0.7132
23.410,0,6.456,-0.673,-1.680,-0.1601,-0.6415,-0.2335,0.7130
23.438,0,6.456,-0.673,-1.680,-0.1599,-0.6417,-0.2334,0.7129
23.479,0,6.456,-0.673,-1.680,-0.1589,-0.6423,-0.2337,0.7125
23.507,0,6.456,-0.673,-1.680,-0.1580,-0.6426,-0.2331,0.7125
23.535,0,6.456,-0.673,-1.680,-0.1579,-0.6426,-0.2329,0.7126
23.577,0,6.456,-0.673,-1.680,-0.1582,-0.6425,-0.2317,0.7131
23.606,0,6.456,-0.673,-1.680,-0.1584,-0.6423,-0.2322,0.7130
23.647,0,6.457,-0.673,-1.679,-0.1588,-0.6418,-0.2340,0.7128
23.675,0,6.457,-0.673,-1.679,-0.1585,-0.6418,-0.2342,0.7128
23.703,0,6.457,-0.673,-1.679,-0.1592,-0.6418,-0.2347,0.7125
23.745,0,6.457,-0.673,-1.679,-0.1591,-0.6415,-0.2350,0.7127
23.772,0,6.457,-0.673,-1.679,-0.1581,-0.6413,-0.2346,0.7133
23.814,0,6.457,-0.673,-1.679,-0.1569,-0.6415,-0.2340,0.7135
23.842,0,6.457,-0.673,-1.679,-0.1556,-0.6418,-0.2332,0.7138
23.869,0,6.457,-0.674,-1.679,-0.1554,-0.6420,-0.2335,0.7136
23.911,0,6.457,-0.674,-1.679,-0.1550,-0.6419,-0.2335,0.7137
23.939,0,6.457,-0.674,-1.679,-0.1536,-0.6421,-0.2326,0.7142
23.980,0,6.456,-0.675,-1.679,-0.1510,-0.6424,-0.2317,0.7147
24.008,0,6.456,-0.674,-1.679,-0.1525,-0.6420,-0.2329,0.7144
24.036,0,6.456,-0.674,-1.679,-0.1515,-0.6419,-0.2322,0.7149
24.078,0,6.455,-0.674,-1.679,-0.1533,-0.6408,-0.2343,0.7148
24.106,0,6.455,-0.674,-1.679,-0.1555,-0.6401,-0.2359,0.7145
24.134,0,6.455,-0.673,-1.679,-0.1566,-0.6389,-0.2367,0.7150
24.176,0,6.454,-0.673,-1.680,-0.1570,-0.6391,-0.2361,0.7149
24.203,0,6.454,-0.674,-1.680,-0.1573,-0.6397,-0.2349,0.7147
24.245,0,6.453,-0.674,-1.681,-0.1568,-0.6412,-0.2326,0.7142
24.273,0,6.453,-0.674,-1.681,-0.1579,-0.6415,-0.2324,0.7138
24.302,0,6.452,-0.674,-1.682,-0.1582,-0.6416,-0.2319,0.7138
24.343,0,6.452,-0.674,-1.682,-0.1575,-0.6416,-0.2303,0.7145
24.371,0,6.452,-0.674,-1.682,-0.1573,-0.6416,-0.2302,0.7146
24.413,0,6.452,-0.674,-1.683,-0.1562,-0.6423,-0.2282,0.7148
24.440,0,6.452,-0.675,-1.683,-0.1560,-0.6431,-0.2274,0.7144
24.468,0,6.452,-0.675,-1.684,-0.1559,-0.6440,-0.2267,0.7139
24.510,0,6.452,-0.675,-1.685,-0.1557,-0.6451,-0.2269,0.7128
24.538,0,6.452,-0.675,-1.685,-0.1558,-0.6452,-0.2271,0.7126
24.580,0,6.452,-0.675,-1.685,-0.1550,-0.6457,-0.2262,0.7126
24.607,0,6.452,-0.675,-1.686,-0.1551,-0.6459,-0.2263,0.7124
24.635,0,6.452,-0.675,-1.686,-0.1558,-0.6457,-0.2270,0.7122
24.677,0,6.453,-0.675,-1.686,-0.1566,-0.6457,-0.2275,0.7119
24.705,0,6.453,-0.675,-1.686,-0.1572,-0.6457,-0.2276,0.7117
24.746,0,6.454,-0.675,-1.686,-0.1578,-0.6457,-0.2274,0.7116
24.774,0,6.454,-0.675,-1.686,-0.1582,-0.6457,-0.2276,0.7115
24.803,0,6.455,-0.675,-1.686,-0.1589,-0.6457,-0.2282,0.7112
24.844,0,6.455,-0.674,-1.686,-0.1598,-0.6456,-0.2298,0.7106
24.872,0,6.456,-0.674,-1.686,-0.1603,-0.6451,-0.2318,0.7102
24.914,0,6.456,-0.674,-1.686,-0.1614,-0.6441,-0.2344,0.7100
24.941,0,6.457,-0.674,-1.686,-0.1620,-0.6436,-0.2352,0.7101
24.969,0,6.457,-0.673,-1.686,-0.1628,-0.6431,-0.2357,0.7102
25.011,0,6.458,-0.673,-1.686,-0.1632,-0.6424,-0.2370,0.7103
25.039,0,6.458,-0.673,-1.685,-0.1634,-0.6421,-0.2372,0.7105
25.067,0,6.458,-0.673,-1.685,-0.1625,-0.6421,-0.2364,0.7109
25.109,0,6.458,-0.673,-1.685,-0.1633,-0.6419,-0.2372,0.7106
25.136,0,6.458,-0.673,-1.685,-0.1639,-0.6415,-0.2381,0.7106
25.178,0,6.458,-0.673,-1.684,-0.1630,-0.6407,-0.2392,0.7111
25.206,0,6.458,-0.673,-1.684,-0.1632,-0.6401,-0.2398,0.7114
25.234,0,6.458,-0.673,-1.684,-0.1628,-0.6393,-0.2403,0.7120
25.276,0,6.458,-0.673,-1.683,-0.1622,-0.6383,-0.2404,0.7131
25.304,0,6.458,-0.673,-1.682,-0.1614,-0.6378,-0.2405,0.7137
25.345,0,6.458,-0.673,-1.682,-0.1601,-0.6374,-0.2408,0.7143
25.373,0,6.457,-0.673,-1.681,-0.1596,-0.6373,-0.2415,0.7142
25.401,0,6.457,-0.674,-1.681,-0.1587,-0.6373,-0.2414,0.7144
25.443,0,6.457,-0.674,-1.681,-0.1576,-0.6370,-0.2410,0.7151
25.470,0,6.457,-0.674,-1.681,-0.1580,-0.6368,-0.2403,0.7154
25.512,0,6.457,-0.674,-1.680,-0.1564,-0.6364,-0.2399,0.7162
25.540,0,6.457,-0.674,-1.680,-0.1557,-0.6361,-0.2389,0.7170
25.569,0,6.457,-0.674,-1.680,-0.1560,-0.6359,-0.2390,0.7171
25.610,0,6.457,-0.674,-1.680,-0.1560,-0.6357,-0.2395,0.7171
25.638,0,6.457,-0.674,-1.680,-0.1564,-0.6356,-0.2400,0.7169
25.679,0,6.457,-0.674,-1.680,-0.1567,-0.6360,-0.2410,0.7162
25.707,0,6.457,-0.674,-1.680,-0.1574,-0.6362,-0.2414,0.7157
25.735,0,6.457,-0.674,-1.680,-0.1572,-0.6366,-0.2416,0.7154
25.777,0,6.457,-0.673,-1.680,-0.1576,-0.6367,-0.2423,0.7149
25.805,0,6.457,-0.673,-1.680,-0.1589,-0.6365,-0.2433,0.7145
25.834,0,6.457,-0.673,-1.680,-0.1592,-0.6365,-0.2442,0.7140
25.875,0,6.457,-0.673,-1.680,-0.1586,-0.6372,-0.2445,0.7135
25.902,0,6.456,-0.673,-1.681,-0.1572,-0.6379,-0.2426,0.7138
25.944,0,6.456,-0.673,-1.681,-0.1583,-0.6385,-0.2416,0.7134
25.972,0,6.456,-0.673,-1.681,-0.1591,-0.6384,-0.2419,0.7132
26.013,0,6.456,-0.672,-1.681,-0.1641,-0.6378,-0.2444,0.7117
26.041,0,6.456,-0.671,-1.681,-0.1671,-0.6370,-0.2463,0.7111
26.069,0,6.456,-0.671,-1.681,-0.1682,-0.6368,-0.2475,0.7106
26.111,0,6.457,-0.672,-1.682,-0.1664,-0.6374,-0.2471,0.7106
26.139,0,6.457,-0.672,-1.682,-0.1634,-0.6381,-0.2460,0.7110
26.167,0,6.457,-0.673,-1.682,-0.1614,-0.6389,-0.2438,0.7115
26.209,0,6.457,-0.674,-1.682,-0.1565,-0.6399,-0.2396,0.7132
26.237,0,6.458,-0.674,-1.682,-0.1573,-0.6395,-0.2399,0.7133
26.278,0,6.458,-0.674,-1.682,-0.1595,-0.6381,-0.2411,0.7136
26.305,0,6.458,-0.673,-1.682,-0.1606,-0.6374,-0.2421,0.7137
26.348,0,6.458,-0.673,-1.682,-0.1597,-0.6376,-0.2414,0.7140
26.376,0,6.458,-0.673,-1.682,-0.1611,-0.6375,-0.2419,0.7135
26.403,0,6.458,-0.673,-1.682,-0.1607,-0.6374,-0.2417,0.7138
26.445,0,6.457,-0.673,-1.682,-0.1615,-0.6375,-0.2430,0.7130
26.473,0,6.457,-0.673,-1.682,-0.1617,-0.6376,-0.2432,0.7129
26.501,0,6.457,-0.673,-1.682,-0.1613,-0.6376,-0.2426,0.7131
26.542,0,6.457,-0.673,-1.683,-0.1606,-0.6380,-0.2414,0.7134
26.570,0,6.457,-0.674,-1.683,-0.1602,-0.6381,-0.2411,0.7134
26.612,0,6.457,-0.673,-1.683,-0.1604,-0.6383,-0.2406,0.7134
26.640,0,6.457,-0.673,-1.683,-0.1605,-0.6383,-0.2403,0.7135
26.669,0,6.457,-0.674,-1.683,-0.1600,-0.6385,-0.2398,0.7136
26.712,0,6.457,-0.674,-1.683,-0.1598,-0.6385,-0.2397,0.7137
26.737,0,6.457,-0.674,-1.683,-0.1604,-0.6384,-0.2400,0.7135
26.779,0,6.457,-0.673,-1.683,-0.1606,-0.6383,-0.2403,0.7135
26.806,0,6.457,-0.673,-1.683,-0.1612,-0.6381,-0.2410,0.7133
26.835,0,6.457,-0.673,-1.683,-0.1612,-0.6382,-0.2410,0.7132
26.876,0,6.457,-0.673,-1.683,-0.1603,-0.6385,-0.2404,0.7133
26.904,0,6.457,-0.674,-1.683,-0.1597,-0.6391,-0.2394,0.7133
26.946,0,6.457,-0.674,-1.683,-0.1580,-0.6397,-0.2380,0.7136
26.974,0,6.457,-0.674,-1.683,-0.1578,-0.6400,-0.2377,0.7134
27.001,0,6.457,-0.674,-1.684,-0.1582,-0.6405,-0.2377,0.7129
27.043,0,6.457,-0.674,-1.684,-0.1597,-0.6410,-0.2386,0.7119
27.071,0,6.457,-0.674,-1.684,-0.1590,-0.6416,-0.2378,0.7117
27.113,0,6.457,-0.674,-1.684,-0.1583,-0.6418,-0.2373,0.7118
27.141,0,6.457,-0.674,-1.684,-0.1584,-0.6421,-0.2379,0.7114
27.168,0,6.457,-0.674,-1.684,-0.1602,-0.6421,-0.2401,0.7102
27.210,0,6.458,-0.674,-1.684,-0.1597,-0.6422,-0.2395,0.7104
27.238,0,6.458,-0.674,-1.684,-0.1595,-0.6420,-0.2393,0.7107
27.280,0,6.458,-0.674,-1.684,-0.1601,-0.6421,-0.2394,0.7105
27.308,0,6.458,-0.674,-1.685,-0.1595,-0.6425,-0.2392,0.7103
27.336,0,6.458,-0.674,-1.685,-0.1608,-0.6428,-0.2399,0.7095
27.377,0,6.459,-0.673,-1.685,-0.1618,-0.6428,-0.2409,0.7089
27.406,0,6.459,-0.673,-1.686,-0.1621,-0.6434,-0.2412,0.7082
27.433,0,6.459,-0.673,-1.686,-0.1631,-0.6442,-0.2404,0.7076
27.477,0,6.460,-0.673,-1.687,-0.1636,-0.6453,-0.2400,0.7065
27.504,0,6.460,-0.673,-1.687,-0.1647,-0.6460,-0.2408,0.7054
27.545,0,6.460,-0.672,-1.688,-0.1665,-0.6461,-0.2425,0.7043
27.572,0,6.461,-0.673,-1.688,-0.1650,-0.6460,-0.2421,0.7049
27.600,0,6.461,-0.673,-1.687,-0.1645,-0.6452,-0.2431,0.7054
27.642,0,6.461,-0.672,-1.687,-0.1659,-0.6430,-0.2449,0.7064
27.670,0,6.461,-0.672,-1.686,-0.1655,-0.6419,-0.2452,0.7074
27.712,0,6.461,-0.672,-1.686,-0.1663,-0.6407,-0.2460,0.7081
27.740,0,6.461,-0.672,-1.685,-0.1663,-0.6404,-0.2457,0.7084
27.768,0,6.461,-0.672,-1.685,-0.1667,-0.6406,-0.2460,0.7081
27.810,0,6.462,-0.672,-1.685,-0.1662,-0.6409,-0.2461,0.7078
27.837,0,6.461,-0.672,-1.685,-0.1654,-0.6412,-0.2465,0.7076
27.879,0,6.461,-0.672,-1.685,-0.1640,-0.6412,-0.2466,0.7079
27.907,0,6.461,-0.673,-1.684,-0.1629,-0.6413,-0.2461,0.7083
27.934,0,6.461,-0.673,-1.684,-0.1625,-0.6413,-0.2455,0.7086
27.977,0,6.461,-0.673,-1.684,-0.1619,-0.6406,-0.2451,0.7094
28.004,0,6.461,-0.672,-1.683,-0.1631,-0.6398,-0.2468,0.7094
28.045,0,6.461,-0.672,-1.682,-0.1654,-0.6381,-0.2490,0.7096
28.074,0,6.461,-0.671,-1.682,-0.1667,-0.6369,-0.2504,0.7098
28.102,0,6.461,-0.671,-1.682,-0.1664,-0.6361,-0.2511,0.7104
28.143,0,6.461,-0.671,-1.681,-0.1672,-0.6348,-0.2536,0.7105
28.172,0,6.461,-0.671,-1.681,-0.1671,-0.6342,-0.2543,0.7108
28.213,0,6.461,-0.671,-1.681,-0.1660,-0.6343,-0.2540,0.7111
28.241,0,6.461,-0.671,-1.681,-0.1672,-0.6339,-0.2548,0.7108
28.269,0,6.460,-0.671,-1.681,-0.1664,-0.6338,-0.2538,0.7115
28.311,0,6.460,-0.672,-1.681,-0.1635,-0.6343,-0.2511,0.7127
28.338,0,6.460,-0.672,-1.681,-0.1613,-0.6348,-0.2495,0.7133
28.380,0,6.460,-0.673,-1.681,-0.1599,-0.6352,-0.2475,0.7140
28.408,0,6.459,-0.673,-1.680,-0.1610,-0.6347,-0.2487,0.7137
28.436,0,6.459,-0.672,-1.680,-0.1621,-0.6343,-0.2498,0.7134
28.477,0,6.459,-0.672,-1.680,-0.1625,-0.6343,-0.2502,0.7132
28.505,0,6.459,-0.672,-1.680,-0.1621,-0.6345,-0.2502,0.7131
28.533,0,6.459,-0.672,-1.680,-0.1617,-0.6349,-0.2499,0.7130
28.575,0,6.459,-0.672,-1.681,-0.1613,-0.6352,-0.2496,0.7129
28.603,0,6.459,-0.672,-1.681,-0.1619,-0.6353,-0.2498,0.7126
28.645,0,6.459,-0.672,-1.681,-0.1640,-0.6351,-0.2513,0.7117
28.673,0,6.459,-0.672,-1.681,-0.1636,-0.6357,-0.2504,0.7117
28.714,0,6.459,-0.672,-1.682,-0.1644,-0.6358,-0.2499,0.7116
28.742,0,6.459,-0.672,-1.682,-0.1647,-0.6358,-0.2498,0.7115
28.770,0,6.459,-0.672,-1.682,-0.1649,-0.6359,-0.2496,0.7114
28.812,0,6.459,-0.672,-1.682,-0.1637,-0.6365,-0.2488,0.7115
28.840,0,6.459,-0.672,-1.683,-0.1624,-0.6373,-0.2472,0.7116
28.867,0,6.459,-0.673,-1.683,-0.1617,-0.6376,-0.2463,0.7118
28.910,0,6.458,-0.673,-1.683,-0.1622,-0.6376,-0.2465,0.7116
28.937,0,6.458,-0.673,-1.683,-0.1627,-0.6376,-0.2469,0.7113
28.979,0,6.458,-0.673,-1.683,-0.1625,-0.6378,-0.2468,0.7113
29.007,0,6.458,-0.673,-1.683,-0.1626,-0.6377,-0.2467,0.7113
29.035,0,6.458,-0.673,-1.683,-0.1628,-0.6380,-0.2461,0.7113
29.076,0,6.458,-0.673,-1.684,-0.1623,-0.6387,-0.2455,0.7110
29.104,0,6.458,-0.673,-1.684,-0.1628,-0.6389,-0.2462,0.7104
29.146,0,6.458,-0.673,-1.684,-0.1629,-0.6400,-0.2460,0.7094
29.173,0,6.458,-0.673,-1.685,-0.1627,-0.6412,-0.2457,0.7085
29.202,0,6.458,-0.673,-1.685,-0.1617,-0.6428,-0.2452,0.7075
29.244,0,6.458,-0.673,-1.686,-0.1600,-0.6457,-0.2444,0.7055
29.271,0,6.458,-0.673,-1.687,-0.1585,-0.6491,-0.2440,0.7029
29.313,0,6.458,-0.674,-1.689,-0.1559,-0.6556,-0.2411,0.6984
29.340,0,6.458,-0.674,-1.690,-0.1545,-0.6600,-0.2408,0.6947
29.369,0,6.457,-0.674,-1.691,-0.1533,-0.6638,-0.2421,0.6908
29.411,0,6.457,-0.673,-1.692,-0.1527,-0.6691,-0.2430,0.6855
29.438,0,6.457,-0.673,-1.693,-0.1539,-0.6718,-0.2433,0.6825
29.480,0,6.457,-0.673,-1.694,-0.1541,-0.6744,-0.2427,0.6801
29.508,0,6.457,-0.673,-1.694,-0.1541,-0.6755,-0.2419,0.6793
29.536,0,6.457,-0.673,-1.695,-0.1534,-0.6764,-0.2412,0.6788
29.578,0,6.457,-0.674,-1.695,-0.1529,-0.6766,-0.2409,0.6788
29.606,0,6.457,-0.674,-1.695,-0.1540,-0.6762,-0.2407,0.6790
29.633,0,6.457,-0.673,-1.695,-0.1553,-0.6754,-0.2407,0.6796
29.675,0,6.457,-0.674,-1.695,-0.1561,-0.6736,-0.2398,0.6814
29.703,0,6.457,-0.674,-1.695,-0.1559,-0.6730,-0.2392,0.6823
29.745,0,6.457,-0.674,-1.695,-0.1538,-0.6734,-0.2377,0.6829
29.773,0,6.457,-0.674,-1.695,-0.1528,-0.6739,-0.2372,0.6829
29.800,0,6.457,-0.674,-1.695,-0.1533,-0.6741,-0.2376,0.6823
29.842,0,6.457,-0.674,-1.696,-0.1561,-0.6746,-0.2397,0.6805
29.871,0,6.457,-0.674,-1.696,-0.1556,-0.6754,-0.2392,0.6800
29.912,0,6.457,-0.674,-1.696,-0.1550,-0.6766,-0.2391,0.6790
29.940,0,6.456,-0.674,-1.696,-0.1541,-0.6779,-0.2384,0.6781
29.968,0,6.456,-0.674,-1.697,-0.1530,-0.6799,-0.2373,0.6767
30.010,0,6.456,-0.674,-1.698,-0.1516,-0.6839,-0.2372,0.6731
30.037,0,6.456,-0.674,-1.699,-0.1505,-0.6877,-0.2373,0.6694
30.079,0,6.456,-0.675,-1.701,-0.1473,-0.6958,-0.2357,0.6623
30.107,0,6.456,-0.675,-1.702,-0.1445,-0.7020,-0.2340,0.6569
30.135,0,6.456,-0.675,-1.704,-0.1428,-0.7082,-0.2347,0.6504
30.176,0,6.455,-0.675,-1.708,-0.1400,-0.7160,-0.2403,0.6403
30.204,0,6.456,-0.674,-1.710,-0.1376,-0.7212,-0.2425,0.6342
30.246,0,6.455,-0.676,-1.715,-0.1336,-0.7292,-0.2418,0.6260
30.275,0,6.456,-0.677,-1.718,-0.1319,-0.7353,-0.2370,0.6211
30.302,0,6.456,-0.677,-1.721,-0.1312,-0.7417,-0.2316,0.6157
30.344,0,6.457,-0.676,-1.725,-0.1336,-0.7489,-0.2293,0.6073
30.371,0,6.457,-0.676,-1.727,-0.1346,-0.7517,-0.2309,0.6029
30.413,0,6.459,-0.676,-1.729,-0.1329,-0.7558,-0.2302,0.5985
30.441,0,6.460,-0.676,-1.731,-0.1317,-0.7583,-0.2303,0.5955
30.470,0,6.460,-0.676,-1.732,-0.1318,-0.7606,-0.2321,0.5918
30.512,0,6.461,-0.675,-1.734,-0.1278,-0.7651,-0.2325,0.5867
30.539,0,6.462,-0.675,-1.735,-0.1277,-0.7674,-0.2368,0.5820
30.580,0,6.463,-0.674,-1.736,-0.1275,-0.7716,-0.2365,0.5765
30.609,0,6.463,-0.674,-1.736,-0.1303,-0.7739,-0.2378,0.5723
30.636,0,6.464,-0.673,-1.737,-0.1339,-0.7751,-0.2406,0.5687
30.678,0,6.465,-0.672,-1.738,-0.1357,-0.7786,-0.2418,0.5630
30.705,0,6.465,-0.671,-1.739,-0.1386,-0.7806,-0.2425,0.5592
30.734,0,6.465,-0.672,-1.740,-0.1420,-0.7821,-0.2425,0.5563
30.777,0,6.466,-0.673,-1.743,-0.1385,-0.7868,-0.2388,0.5520
30.804,0,6.466,-0.672,-1.744,-0.1394,-0.7881,-0.2395,0.5497
30.846,0,6.466,-0.673,-1.747,-0.1357,-0.7932,-0.2389,0.5434
30.873,0,6.466,-0.673,-1.749,-0.1346,-0.7963,-0.2371,0.5400
30.901,0,6.466,-0.674,-1.752,-0.1337,-0.7985,-0.2364,0.5372
30.942,0,6.465,-0.675,-1.756,-0.1296,-0.8017,-0.2342,0.5345
30.970,0,6.464,-0.675,-1.759,-0.1254,-0.8024,-0.2339,0.5345
31.012,0,6.463,-0.676,-1.766,-0.1222,-0.8027,-0.2337,0.5349
31.040,0,6.462,-0.676,-1.771,-0.1206,-0.8028,-0.2334,0.5353
31.068,0,6.461,-0.676,-1.776,-0.1194,-0.8017,-0.2389,0.5348
31.110,0,6.459,-0.678,-1.785,-0.1173,-0.8012,-0.2407,0.5352
31.137,0,6.457,-0.677,-1.791,-0.1212,-0.8011,-0.2428,0.5335
31.179,0,6.453,-0.679,-1.800,-0.1265,-0.8011,-0.2432,0.5320
31.207,0,6.451,-0.680,-1.807,-0.1263,-0.8033,-0.2382,0.5310
31.235,0,6.448,-0.682,-1.814,-0.1272,-0.8062,-0.2317,0.5294
31.277,0,6.443,-0.683,-1.826,-0.1309,-0.8099,-0.2259,0.5253
31.305,0,6.440,-0.686,-1.834,-0.1333,-0.8132,-0.2205,0.5218
31.346,0,6.437,-0.689,-1.844,-0.1334,-0.8182,-0.2075,0.5193
31.374,0,6.435,-0.691,-1.851,-0.1323,-0.8215,-0.2022,0.5164
31.402,0,6.433,-0.692,-1.857,-0.1305,-0.8242,-0.1992,0.5138
31.444,0,6.431,-0.693,-1.865,-0.1384,-0.8256,-0.2002,0.5091
31.472,0,6.430,-0.694,-1.870,-0.1459,-0.8252,-0.1998,0.5078
31.500,0,6.429,-0.695,-1.874,-0.1511,-0.8253,-0.1988,0.5065
31.543,0,6.429,-0.697,-1.879,-0.1533,-0.8268,-0.1951,0.5048
31.575,0,6.429,-0.697,-1.881,-0.1527,-0.8274,-0.1945,0.5043
31.611,0,6.429,-0.699,-1.888,-0.1566,-0.8303,-0.1954,0.4980
31.640,0,6.430,-0.701,-1.890,-0.1595,-0.8324,-0.1926,0.4946
31.667,0,6.430,-0.701,-1.892,-0.1589,-0.8341,-0.1920,0.4921
31.709,0,6.432,-0.703,-1.894,-0.1575,-0.8359,-0.1926,0.4893
31.736,0,6.433,-0.704,-1.895,-0.1550,-0.8372,-0.1926,0.4879
31.778,0,6.434,-0.705,-1.896,-0.1542,-0.8392,-0.1926,0.4847
31.806,0,6.435,-0.704,-1.896,-0.1555,-0.8403,-0.1923,0.4824
31.836,0,6.436,-0.704,-1.896,-0.1576,-0.8409,-0.1936,0.4802
31.876,0,6.437,-0.705,-1.898,-0.1556,-0.8404,-0.1950,0.4812
31.904,0,6.437,-0.705,-1.898,-0.1584,-0.8410,-0.1896,0.4814
31.945,0,6.438,-0.704,-1.898,-0.1584,-0.8412,-0.1904,0.4807
31.973,0,6.438,-0.704,-1.898,-0.1614,-0.8412,-0.1893,0.4801
32.002,0,6.438,-0.704,-1.897,-0.1626,-0.8411,-0.1857,0.4813
32.043,0,6.439,-0.703,-1.896,-0.1594,-0.8400,-0.1898,0.4826
32.071,0,6.439,-0.703,-1.894,-0.1639,-0.8389,-0.1881,0.4837
32.113,0,6.440,-0.702,-1.891,-0.1612,-0.8359,-0.1898,0.4891
32.140,0,6.440,-0.702,-1.889,-0.1617,-0.8345,-0.1896,0.4915
32.168,0,6.441,-0.700,-1.885,-0.1628,-0.8329,-0.1862,0.4951
32.210,0,6.443,-0.700,-1.880,-0.1555,-0.8290,-0.1858,0.5040
32.238,0,6.444,-0.699,-1.875,-0.1568,-0.8249,-0.1824,0.5116
32.279,0,6.447,-0.698,-1.868,-0.1528,-0.8171,-0.1875,0.5233
32.307,0,6.449,-0.697,-1.862,-0.1531,-0.8118,-0.1885,0.5310
32.335,0,6.451,-0.695,-1.855,-0.1530,-0.8056,-0.1937,0.5386
32.376,0,6.453,-0.691,-1.846,-0.1523,-0.7957,-0.2043,0.5495
32.404,0,6.455,-0.688,-1.840,-0.1570,-0.7891,-0.2114,0.5549
32.446,0,6.457,-0.684,-1.829,-0.1574,-0.7778,-0.2217,0.5666
32.474,0,6.458,-0.682,-1.821,-0.1581,-0.7694,-0.2288,0.5751
32.501,0,6.460,-0.680,-1.814,-0.1600,-0.7612,-0.2346,0.5831
32.544,0,6.461,-0.678,-1.804,-0.1611,-0.7510,-0.2400,0.5937
32.571,0,6.462,-0.677,-1.797,-0.1599,-0.7451,-0.2431,0.6001
32.613,0,6.464,-0.675,-1.789,-0.1591,-0.7388,-0.2478,0.6062
32.641,0,6.465,-0.675,-1.784,-0.1538,-0.7361,-0.2489,0.6103
32.669,0,6.466,-0.675,-1.779,-0.1474,-0.7330,-0.2461,0.6168
32.710,0,6.468,-0.673,-1.772,-0.1473,-0.7247,-0.2499,0.6250
32.738,0,6.468,-0.674,-1.768,-0.1473,-0.7189,-0.2479,0.6324
32.780,0,6.470,-0.674,-1.762,-0.1473,-0.7105,-0.2438,0.6434
32.808,0,6.471,-0.674,-1.758,-0.1466,-0.7038,-0.2449,0.6506
32.835,0,6.471,-0.673,-1.754,-0.1510,-0.6964,-0.2475,0.6565
32.877,0,6.472,-0.671,-1.748,-0.1588,-0.6850,-0.2511,0.6652
32.905,0,6.473,-0.670,-1.744,-0.1618,-0.6777,-0.2512,0.6719
32.947,0,6.474,-0.668,-1.738,-0.1673,-0.6670,-0.2540,0.6801
32.974,0,6.474,-0.668,-1.734,-0.1679,-0.6602,-0.2561,0.6858
33.002,0,6.475,-0.668,-1.730,-0.1653,-0.6547,-0.2549,0.6922
33.044,0,6.476,-0.668,-1.725,-0.1620,-0.6479,-0.2555,0.6991
33.072,0,6.477,-0.669,-1.723,-0.1599,-0.6451,-0.2555,0.7021
33.114,0,6.479,-0.670,-1.721,-0.1536,-0.6455,-0.2535,0.7039
33.142,0,6.480,-0.670,-1.720,-0.1504,-0.6482,-0.2560,0.7012
33.170,0,6.481,-0.670,-1.719,-0.1530,-0.6509,-0.2576,0.6976
33.211,0,6.482,-0.669,-1.717,-0.1565,-0.6529,-0.2578,0.6948
33.239,0,6.483,-0.669,-1.716,-0.1565,-0.6530,-0.2583,0.6945
33.267,0,6.483,-0.668,-1.714,-0.1589,-0.6521,-0.2579,0.6950
33.308,0,6.484,-0.668,-1.711,-0.1608,-0.6499,-0.2565,0.6971
33.336,0,6.485,-0.668,-1.709,-0.1608,-0.6484,-0.2563,0.6986
33.378,0,6.485,-0.668,-1.706,-0.1607,-0.6454,-0.2553,0.7018
33.406,0,6.485,-0.668,-1.703,-0.1620,-0.6431,-0.2557,0.7034
33.434,0,6.486,-0.668,-1.701,-0.1611,-0.6406,-0.2549,0.7062
33.475,0,6.486,-0.668,-1.696,-0.1615,-0.6362,-0.2549,0.7101
33.503,0,6.486,-0.667,-1.693,-0.1630,-0.6314,-0.2579,0.7129
33.546,0,6.486,-0.667,-1.689,-0.1621,-0.6235,-0.2610,0.7189
33.573,0,6.486,-0.667,-1.686,-0.1626,-0.6184,-0.2628,0.7226
33.601,0,6.486,-0.667,-1.683,-0.1636,-0.6129,-0.2644,0.7264
33.642,0,6.486,-0.667,-1.679,-0.1650,-0.6044,-0.2675,0.7321
33.670,0,6.485,-0.667,-1.677,-0.1650,-0.5997,-0.2684,0.7356
33.712,0,6.485,-0.667,-1.674,-0.1654,-0.5939,-0.2709,0.7393
33.740,0,6.484,-0.668,-1.673,-0.1640,-0.5915,-0.2685,0.7424
33.769,0,6.483,-0.668,-1.672,-0.1635,-0.5899,-0.2673,0.7442
33.868,0,6.481,-0.668,-1.671,-0.1613,-0.5880,-0.2659,0.7467
33.868,0,6.481,-0.668,-1.671,-0.1613,-0.5880,-0.2659,0.7467
33.868,0,6.481,-0.668,-1.671,-0.1613,-0.5880,-0.2659,0.7467
33.906,0,6.476,-0.669,-1.672,-0.1583,-0.5853,-0.2594,0.7517
33.934,0,6.474,-0.670,-1.673,-0.1597,-0.5846,-0.2568,0.7528
33.976,0,6.472,-0.671,-1.674,-0.1564,-0.5851,-0.2508,0.7552
34.004,0,6.470,-0.671,-1.675,-0.1559,-0.5866,-0.2461,0.7557
34.046,0,6.467,-0.673,-1.678,-0.1535,-0.5889,-0.2353,0.7578
34.074,0,6.465,-0.674,-1.679,-0.1497,-0.5906,-0.2281,0.7594
34.101,0,6.463,-0.675,-1.680,-0.1481,-0.5933,-0.2195,0.7602
34.143,0,6.461,-0.677,-1.681,-0.1459,-0.5991,-0.2029,0.7606
34.171,0,6.460,-0.678,-1.682,-0.1429,-0.6025,-0.1974,0.7600
34.213,0,6.458,-0.679,-1.682,-0.1397,-0.6058,-0.1907,0.7597
34.241,0,6.457,-0.681,-1.682,-0.1351,-0.6074,-0.1846,0.7608
34.269,0,6.456,-0.682,-1.683,-0.1304,-0.6089,-0.1817,0.7611
34.310,0,6.454,-0.683,-1.682,-0.1272,-0.6105,-0.1786,0.7611
34.339,0,6.454,-0.683,-1.683,-0.1258,-0.6111,-0.1761,0.7614
34.380,0,6.452,-0.684,-1.683,-0.1236,-0.6131,-0.1755,0.7603
34.408,0,6.451,-0.685,-1.683,-0.1202,-0.6138,-0.1752,0.7603
34.436,0,6.451,-0.685,-1.684,-0.1160,-0.6140,-0.1743,0.7610
34.478,0,6.450,-0.686,-1.685,-0.1139,-0.6134,-0.1713,0.7625
34.505,0,6.450,-0.686,-1.686,-0.1149,-0.6131,-0.1691,0.7631
34.534,0,6.450,-0.686,-1.687,-0.1163,-0.6126,-0.1681,0.7635
34.575,0,6.449,-0.687,-1.688,-0.1179,-0.6104,-0.1672,0.7652
34.603,0,6.450,-0.688,-1.689,-0.1185,-0.6094,-0.1629,0.7669
34.645,0,6.450,-0.688,-1.691,-0.1190,-0.6094,-0.1578,0.7678
34.673,0,6.450,-0.689,-1.692,-0.1199,-0.6095,-0.1557,0.7681
34.701,0,6.450,-0.689,-1.692,-0.1212,-0.6095,-0.1538,0.7682
34.742,0,6.451,-0.689,-1.694,-0.1236,-0.6096,-0.1531,0.7679
34.770,0,6.451,-0.689,-1.694,-0.1254,-0.6095,-0.1522,0.7679
34.812,0,6.451,-0.688,-1.695,-0.1302,-0.6089,-0.1499,0.7680
34.840,0,6.451,-0.688,-1.695,-0.1334,-0.6083,-0.1479,0.7683
34.868,0,6.451,-0.688,-1.696,-0.1359,-0.6077,-0.1462,0.7687
34.910,0,6.450,-0.688,-1.696,-0.1392,-0.6068,-0.1445,0.7691
34.938,0,6.450,-0.687,-1.696,-0.1418,-0.6060,-0.1428,0.7696
34.979,0,6.449,-0.687,-1.696,-0.1450,-0.6056,-0.1390,0.7700
35.007,0,6.449,-0.687,-1.696,-0.1470,-0.6053,-0.1365,0.7703
35.035,0,6.448,-0.688,-1.696,-0.1483,-0.6049,-0.1336,0.7709
35.076,0,6.448,-0.688,-1.696,-0.1503,-0.6044,-0.1286,0.7717
35.105,0,6.447,-0.688,-1.696,-0.1526,-0.6040,-0.1246,0.7722
35.146,0,6.447,-0.688,-1.695,-0.1539,-0.6029,-0.1238,0.7729
35.175,0,6.447,-0.688,-1.695,-0.1542,-0.6019,-0.1230,0.7739
35.202,0,6.447,-0.688,-1.694,-0.1547,-0.6008,-0.1205,0.7750
35.244,0,6.447,-0.688,-1.694,-0.1566,-0.5984,-0.1188,0.7767
35.272,0,6.447,-0.688,-1.693,-0.1592,-0.5968,-0.1174,0.7776
35.319,0,6.447,-0.688,-1.693,-0.1629,-0.5952,-0.1163,0.7783
35.342,0,6.447,-0.687,-1.692,-0.1643,-0.5946,-0.1163,0.7784
35.369,0,6.447,-0.687,-1.692,-0.1693,-0.5922,-0.1150,0.7794
35.412,0,6.447,-0.686,-1.691,-0.1741,-0.5924,-0.1154,0.7781
35.438,0,6.448,-0.686,-1.691,-0.1751,-0.5929,-0.1155,0.7775
35.480,0,6.448,-0.685,-1.691,-0.1741,-0.5927,-0.1146,0.7780
35.507,0,6.448,-0.685,-1.691,-0.1757,-0.5924,-0.1149,0.7778
35.536,0,6.449,-0.684,-1.691,-0.1785,-0.5921,-0.1153,0.7773
35.577,0,6.449,-0.684,-1.691,-0.1850,-0.5924,-0.1166,0.7754
35.606,0,6.448,-0.683,-1.692,-0.1884,-0.5931,-0.1175,0.7739
35.633,0,6.448,-0.683,-1.692,-0.1894,-0.5934,-0.1163,0.7736
35.675,0,6.448,-0.683,-1.692,-0.1892,-0.5930,-0.1142,0.7743
35.703,0,6.448,-0.683,-1.692,-0.1896,-0.5929,-0.1126,0.7745
35.745,0,6.448,-0.683,-1.692,-0.1929,-0.5919,-0.1112,0.7746
35.772,0,6.448,-0.683,-1.692,-0.1955,-0.5914,-0.1090,0.7747
35.800,0,6.448,-0.683,-1.692,-0.1961,-0.5909,-0.1077,0.7751
35.842,0,6.448,-0.683,-1.692,-0.1973,-0.5899,-0.1075,0.7755
35.870,0,6.448,-0.683,-1.691,-0.1981,-0.5894,-0.1065,0.7759
35.912,0,6.448,-0.683,-1.691,-0.1978,-0.5886,-0.1073,0.7765
35.939,0,6.448,-0.683,-1.691,-0.1976,-0.5884,-0.1064,0.7768
35.968,0,6.448,-0.683,-1.691,-0.1967,-0.5889,-0.1055,0.7768
36.009,0,6.448,-0.683,-1.691,-0.1966,-0.5890,-0.1060,0.7766
36.037,0,6.448,-0.683,-1.690,-0.1965,-0.5888,-0.1056,0.7769
36.079,0,6.448,-0.683,-1.690,-0.1958,-0.5890,-0.1060,0.7769
36.107,0,6.449,-0.683,-1.690,-0.1958,-0.5890,-0.1069,0.7767
36.134,0,6.449,-0.683,-1.690,-0.1955,-0.5892,-0.1080,0.7765
36.176,0,6.449,-0.683,-1.689,-0.1958,-0.5892,-0.1095,0.7762
36.204,0,6.450,-0.682,-1.689,-0.1964,-0.5888,-0.1109,0.7761
36.246,0,6.451,-0.682,-1.689,-0.1963,-0.5884,-0.1119,0.7763
36.273,0,6.451,-0.682,-1.689,-0.1970,-0.5883,-0.1131,0.7761
36.301,0,6.451,-0.682,-1.689,-0.1970,-0.5879,-0.1146,0.7762
36.343,0,6.452,-0.681,-1.689,-0.1976,-0.5878,-0.1157,0.7759
36.371,0,6.453,-0.681,-1.689,-0.1977,-0.5875,-0.1164,0.7760
36.412,0,6.453,-0.681,-1.688,-0.1977,-0.5870,-0.1174,0.7762
36.440,0,6.453,-0.681,-1.688,-0.1981,-0.5868,-0.1176,0.7763
36.468,0,6.453,-0.681,-1.688,-0.1978,-0.5863,-0.1185,0.7766
36.511,0,6.454,-0.681,-1.688,-0.1982,-0.5857,-0.1186,0.7770
36.538,0,6.454,-0.681,-1.688,-0.1990,-0.5857,-0.1188,0.7767
36.580,0,6.454,-0.680,-1.688,-0.1990,-0.5853,-0.1207,0.7767
36.608,0,6.454,-0.680,-1.688,-0.1994,-0.5853,-0.1208,0.7766
36.635,0,6.455,-0.680,-1.688,-0.1993,-0.5856,-0.1213,0.7763
36.677,0,6.455,-0.680,-1.688,-0.1990,-0.5857,-0.1230,0.7760
36.705,0,6.455,-0.680,-1.688,-0.1994,-0.5858,-0.1241,0.7757
36.746,0,6.455,-0.680,-1.687,-0.1992,-0.5860,-0.1252,0.7754
36.774,0,6.455,-0.680,-1.687,-0.1992,-0.5864,-0.1258,0.7750
36.802,0,6.456,-0.680,-1.687,-0.1988,-0.5867,-0.1261,0.7748
36.844,0,6.456,-0.680,-1.687,-0.1977,-0.5868,-0.1279,0.7747
36.873,0,6.456,-0.680,-1.687,-0.1975,-0.5871,-0.1291,0.7744
36.914,0,6.456,-0.679,-1.687,-0.1977,-0.5877,-0.1302,0.7737
36.942,0,6.456,-0.679,-1.688,-0.1973,-0.5880,-0.1307,0.7735
36.969,0,6.456,-0.679,-1.688,-0.1973,-0.5881,-0.1311,0.7733
37.011,0,6.457,-0.679,-1.688,-0.1974,-0.5881,-0.1324,0.7731
37.039,0,6.457,-0.679,-1.688,-0.1978,-0.5883,-0.1328,0.7728
37.067,0,6.457,-0.679,-1.688,-0.1977,-0.5884,-0.1331,0.7726
37.109,0,6.457,-0.679,-1.688,-0.1979,-0.5882,-0.1334,0.7727
37.137,0,6.457,-0.679,-1.687,-0.1982,-0.5881,-0.1336,0.7726
37.178,0,6.458,-0.679,-1.687,-0.1988,-0.5876,-0.1347,0.7727
37.206,0,6.458,-0.679,-1.687,-0.1998,-0.5873,-0.1352,0.7726
37.234,0,6.458,-0.678,-1.687,-0.2001,-0.5869,-0.1357,0.7727
37.276,0,6.458,-0.678,-1.687,-0.2005,-0.5859,-0.1367,0.7732
37.304,0,6.458,-0.678,-1.687,-0.2010,-0.5855,-0.1370,0.7733
37.346,0,6.458,-0.678,-1.687,-0.2008,-0.5851,-0.1378,0.7735
37.373,0,6.458,-0.678,-1.687,-0.2007,-0.5848,-0.1377,0.7738
37.401,0,6.458,-0.678,-1.687,-0.2004,-0.5849,-0.1370,0.7739
37.443,0,6.458,-0.678,-1.687,-0.1997,-0.5849,-0.1369,0.7742
37.471,0,6.458,-0.678,-1.686,-0.1997,-0.5845,-0.1369,0.7744
37.513,0,6.458,-0.679,-1.686,-0.1991,-0.5844,-0.1366,0.7747
37.541,0,6.458,-0.678,-1.686,-0.1994,-0.5839,-0.1368,0.7750
37.568,0,6.458,-0.678,-1.686,-0.1994,-0.5833,-0.1373,0.7753
37.610,0,6.458,-0.678,-1.685,-0.1996,-0.5829,-0.1382,0.7754
37.638,0,6.458,-0.678,-1.685,-0.1997,-0.5825,-0.1384,0.7756
37.680,0,6.459,-0.678,-1.685,-0.1998,-0.5823,-0.1397,0.7756
37.707,0,6.459,-0.678,-1.685,-0.2000,-0.5817,-0.1399,0.7760
37.735,0,6.459,-0.678,-1.685,-0.2003,-0.5814,-0.1402,0.7760
37.777,0,6.459,-0.678,-1.685,-0.1996,-0.5816,-0.1402,0.7761
37.805,0,6.459,-0.678,-1.685,-0.1999,-0.5816,-0.1403,0.7760
37.847,0,6.460,-0.678,-1.685,-0.2012,-0.5815,-0.1409,0.7756
37.875,0,6.460,-0.677,-1.685,-0.2018,-0.5814,-0.1424,0.7752
37.902,0,6.460,-0.677,-1.685,-0.2025,-0.5816,-0.1429,0.7748
37.944,0,6.460,-0.677,-1.685,-0.2015,-0.5824,-0.1422,0.7746
37.972,0,6.460,-0.677,-1.685,-0.2008,-0.5825,-0.1419,0.7747
38.001,0,6.460,-0.678,-1.685,-0.2002,-0.5824,-0.1418,0.7750
38.041,0,6.460,-0.678,-1.685,-0.2002,-0.5823,-0.1419,0.7751
38.069,0,6.460,-0.678,-1.685,-0.2006,-0.5823,-0.1420,0.7750
38.111,0,6.460,-0.678,-1.685,-0.2003,-0.5820,-0.1422,0.7752
38.139,0,6.460,-0.677,-1.685,-0.2003,-0.5819,-0.1423,0.7753
38.181,0,6.460,-0.677,-1.685,-0.2007,-0.5814,-0.1432,0.7754
38.208,0,6.460,-0.677,-1.685,-0.2006,-0.5810,-0.1437,0.7756
38.236,0,6.460,-0.677,-1.684,-0.2007,-0.5809,-0.1433,0.7758
38.278,0,6.460,-0.677,-1.684,-0.2002,-0.5808,-0.1435,0.7759
38.306,0,6.460,-0.677,-1.684,-0.1999,-0.5806,-0.1439,0.7761
38.333,0,6.460,-0.677,-1.684,-0.1999,-0.5805,-0.1438,0.7761
38.376,0,6.460,-0.677,-1.684,-0.1997,-0.5802,-0.1443,0.7763
38.404,0,6.460,-0.677,-1.683,-0.1997,-0.5798,-0.1443,0.7766
38.446,0,6.460,-0.677,-1.683,-0.1991,-0.5795,-0.1445,0.7770
38.473,0,6.461,-0.677,-1.683,-0.1990,-0.5790,-0.1451,0.7772
38.501,0,6.461,-0.677,-1.683,-0.1989,-0.5787,-0.1458,0.7774
38.543,0,6.461,-0.677,-1.682,-0.1992,-0.5782,-0.1471,0.7774
38.571,0,6.461,-0.677,-1.682,-0.1993,-0.5779,-0.1476,0.7775
38.612,0,6.461,-0.677,-1.682,-0.1991,-0.5776,-0.1481,0.7777
38.640,0,6.461,-0.677,-1.682,-0.1988,-0.5776,-0.1477,0.7779
38.668,0,6.461,-0.677,-1.682,-0.1985,-0.5777,-0.1472,0.7779
38.710,0,6.461,-0.677,-1.683,-0.1988,-0.5780,-0.1469,0.7777
38.738,0,6.461,-0.677,-1.683,-0.1998,-0.5784,-0.1476,0.7770
38.779,0,6.461,-0.677,-1.683,-0.2011,-0.5788,-0.1494,0.7760
38.807,0,6.462,-0.677,-1.683,-0.2012,-0.5792,-0.1491,0.7758
38.835,0,6.462,-0.677,-1.683,-0.2010,-0.5795,-0.1487,0.7757
38.876,0,6.462,-0.677,-1.683,-0.2005,-0.5795,-0.1488,0.7758
38.905,0,6.462,-0.677,-1.683,-0.2003,-0.5794,-0.1488,0.7759
38.946,0,6.462,-0.677,-1.683,-0.2000,-0.5790,-0.1489,0.7763
38.975,0,6.462,-0.677,-1.682,-0.1993,-0.5784,-0.1488,0.7769
39.003,0,6.462,-0.677,-1.682,-0.1994,-0.5780,-0.1487,0.7772
39.044,0,6.462,-0.677,-1.682,-0.2002,-0.5773,-0.1493,0.7774
39.072,0,6.462,-0.677,-1.682,-0.2002,-0.5771,-0.1497,0.7775
39.100,0,6.462,-0.677,-1.682,-0.2000,-0.5773,-0.1501,0.7773
39.142,0,6.462,-0.677,-1.682,-0.2000,-0.5776,-0.1503,0.7771
39.169,0,6.462,-0.677,-1.682,-0.1998,-0.5780,-0.1502,0.7768
39.211,0,6.462,-0.677,-1.682,-0.1998,-0.5785,-0.1504,0.7764
39.240,0,6.462,-0.677,-1.682,-0.1996,-0.5786,-0.1503,0.7764
39.280,0,6.462,-0.677,-1.682,-0.1997,-0.5784,-0.1503,0.7765
39.308,0,6.462,-0.677,-1.683,-0.2002,-0.5784,-0.1506,0.7764
39.336,0,6.462,-0.677,-1.683,-0.2005,-0.5782,-0.1510,0.7763
39.378,0,6.462,-0.677,-1.683,-0.2003,-0.5781,-0.1514,0.7764
39.406,0,6.463,-0.676,-1.683,-0.2008,-0.5783,-0.1510,0.7762
39.434,0,6.463,-0.676,-1.683,-0.2012,-0.5786,-0.1510,0.7758
39.476,0,6.463,-0.676,-1.683,-0.2018,-0.5789,-0.1521,0.7752
39.503,0,6.463,-0.676,-1.683,-0.2028,-0.5792,-0.1525,0.7747
39.546,0,6.463,-0.676,-1.684,-0.2037,-0.5795,-0.1532,0.7741
39.573,0,6.463,-0.676,-1.684,-0.2037,-0.5797,-0.1533,0.7739
39.601,0,6.463,-0.676,-1.684,-0.2035,-0.5801,-0.1528,0.7737
39.643,0,6.463,-0.676,-1.684,-0.2029,-0.5803,-0.1530,0.7737
39.670,0,6.463,-0.676,-1.683,-0.2028,-0.5802,-0.1532,0.7738
39.712,0,6.463,-0.676,-1.683,-0.2022,-0.5799,-0.1524,0.7743
39.740,0,6.463,-0.676,-1.683,-0.2025,-0.5792,-0.1529,0.7747
39.768,0,6.463,-0.676,-1.683,-0.2026,-0.5784,-0.1530,0.7752
39.810,0,6.463,-0.676,-1.683,-0.2029,-0.5777,-0.1534,0.7756
39.837,0,6.463,-0.676,-1.683,-0.2032,-0.5774,-0.1534,0.7757
39.879,0,6.463,-0.676,-1.683,-0.2033,-0.5774,-0.1535,0.7757
39.907,0,6.463,-0.676,-1.683,-0.2033,-0.5776,-0.1537,0.7755
39.935,0,6.463,-0.676,-1.683,-0.2036,-0.5780,-0.1540,0.7750
39.976,0,6.463,-0.676,-1.683,-0.2034,-0.5784,-0.1543,0.7748
40.004,0,6.463,-0.676,-1.683,-0.2034,-0.5784,-0.1543,0.7748
40.046,0,6.463,-0.676,-1.683,-0.2034,-0.5786,-0.1540,0.7747
40.073,0,6.463,-0.676,-1.683,-0.2034,-0.5785,-0.1542,0.7747
40.102,0,6.463,-0.676,-1.683,-0.2033,-0.5781,-0.1547,0.7749
40.144,0,6.464,-0.675,-1.683,-0.2039,-0.5775,-0.1554,0.7751
40.172,0,6.464,-0.675,-1.683,-0.2042,-0.5772,-0.1558,0.7752
40.213,0,6.464,-0.675,-1.683,-0.2042,-0.5770,-0.1555,0.7754
40.241,0,6.464,-0.675,-1.683,-0.2041,-0.5771,-0.1551,0.7754
40.269,0,6.464,-0.676,-1.683,-0.2042,-0.5772,-0.1547,0.7754
40.310,0,6.464,-0.675,-1.683,-0.2047,-0.5777,-0.1549,0.7748
40.339,0,6.464,-0.675,-1.683,-0.2053,-0.5779,-0.1554,0.7744
40.380,0,6.464,-0.675,-1.683,-0.2054,-0.5782,-0.1559,0.7741
40.408,0,6.464,-0.675,-1.683,-0.2052,-0.5780,-0.1560,0.7742
40.436,0,6.464,-0.675,-1.683,-0.2052,-0.5779,-0.1560,0.7743
40.478,0,6.464,-0.675,-1.682,-0.2050,-0.5776,-0.1560,0.7746
40.505,0,6.464,-0.675,-1.682,-0.2047,-0.5773,-0.1561,0.7749
40.534,0,6.464,-0.675,-1.682,-0.2044,-0.5770,-0.1562,0.7752
40.576,0,6.464,-0.675,-1.682,-0.2044,-0.5765,-0.1568,0.7754
40.604,0,6.465,-0.675,-1.682,-0.2044,-0.5761,-0.1564,0.7758
40.645,0,6.465,-0.675,-1.682,-0.2050,-0.5757,-0.1568,0.7759
40.673,0,6.465,-0.675,-1.682,-0.2050,-0.5756,-0.1572,0.7758
40.701,0,6.465,-0.675,-1.682,-0.2055,-0.5758,-0.1572,0.7756
40.743,0,6.465,-0.675,-1.682,-0.2054,-0.5761,-0.1575,0.7753
40.770,0,6.465,-0.675,-1.682,-0.2053,-0.5763,-0.1577,0.7751
40.812,0,6.465,-0.675,-1.682,-0.2057,-0.5764,-0.1582,0.7749
40.840,0,6.465,-0.675,-1.682,-0.2059,-0.5762,-0.1587,0.7749
40.868,0,6.465,-0.675,-1.682,-0.2062,-0.5761,-0.1587,0.7749
40.911,0,6.465,-0.675,-1.682,-0.2064,-0.5759,-0.1589,0.7749
40.940,0,6.466,-0.675,-1.682,-0.2068,-0.5758,-0.1591,0.7749
40.979,0,6.466,-0.675,-1.682,-0.2067,-0.5759,-0.1591,0.7748
41.007,0,6.466,-0.675,-1.682,-0.2064,-0.5760,-0.1589,0.7749
41.035,0,6.466,-0.675,-1.683,-0.2064,-0.5761,-0.1584,0.7749
41.077,0,6.466,-0.675,-1.683,-0.2066,-0.5765,-0.1580,0.7746
41.104,0,6.466,-0.675,-1.683,-0.2070,-0.5767,-0.1587,0.7742
41.147,0,6.466,-0.675,-1.683,-0.2075,-0.5768,-0.1593,0.7739
41.174,0,6.466,-0.674,-1.683,-0.2077,-0.5768,-0.1594,0.7738
41.202,0,6.466,-0.674,-1.683,-0.2078,-0.5766,-0.1594,0.7739
41.244,0,6.466,-0.675,-1.682,-0.2075,-0.5763,-0.1591,0.7743
41.272,0,6.465,-0.675,-1.682,-0.2071,-0.5759,-0.1591,0.7747
41.314,0,6.465,-0.675,-1.682,-0.2069,-0.5754,-0.1588,0.7752
41.341,0,6.466,-0.675,-1.682,-0.2068,-0.5752,-0.1586,0.7754
41.369,0,6.466,-0.675,-1.682,-0.2068,-0.5750,-0.1585,0.7756
41.411,0,6.466,-0.675,-1.682,-0.2076,-0.5748,-0.1583,0.7755
41.439,0,6.466,-0.674,-1.682,-0.2081,-0.5746,-0.1587,0.7755
41.466,0,6.466,-0.674,-1.682,-0.2087,-0.5744,-0.1594,0.7753
41.509,0,6.466,-0.674,-1.682,-0.2091,-0.5744,-0.1594,0.7752
41.537,0,6.466,-0.674,-1.682,-0.2095,-0.5747,-0.1592,0.7749
41.578,0,6.466,-0.674,-1.682,-0.2093,-0.5753,-0.1598,0.7744
41.606,0,6.466,-0.674,-1.682,-0.2090,-0.5756,-0.1601,0.7742
41.634,0,6.467,-0.674,-1.682,-0.2087,-0.5756,-0.1606,0.7742
41.675,0,6.467,-0.674,-1.682,-0.2088,-0.5752,-0.1614,0.7743
41.703,0,6.467,-0.674,-1.682,-0.2093,-0.5747,-0.1615,0.7745
41.745,0,6.467,-0.674,-1.682,-0.2098,-0.5738,-0.1618,0.7749
41.773,0,6.467,-0.674,-1.682,-0.2098,-0.5736,-0.1618,0.7751
41.801,0,6.467,-0.674,-1.682,-0.2102,-0.5737,-0.1616,0.7750
41.843,0,6.467,-0.674,-1.682,-0.2110,-0.5742,-0.1618,0.7743
41.870,0,6.467,-0.674,-1.682,-0.2108,-0.5748,-0.1620,0.7739
41.912,0,6.467,-0.674,-1.682,-0.2102,-0.5755,-0.1618,0.7736
41.940,0,6.467,-0.674,-1.682,-0.2098,-0.5755,-0.1616,0.7737
41.968,0,6.467,-0.674,-1.682,-0.2091,-0.5752,-0.1612,0.7742
42.010,0,6.467,-0.674,-1.682,-0.2087,-0.5745,-0.1611,0.7749
42.037,0,6.467,-0.674,-1.681,-0.2083,-0.5738,-0.1607,0.7756
42.079,0,6.467,-0.674,-1.681,-0.2077,-0.5729,-0.1606,0.7765
42.107,0,6.467,-0.674,-1.681,-0.2075,-0.5724,-0.1606,0.7768
42.135,0,6.467,-0.674,-1.681,-0.2074,-0.5722,-0.1608,0.7770
42.176,0,6.467,-0.674,-1.681,-0.2069,-0.5720,-0.1612,0.7772
42.205,0,6.467,-0.674,-1.681,-0.2055,-0.5724,-0.1615,0.7772
42.246,0,6.467,-0.674,-1.681,-0.2042,-0.5721,-0.1643,0.7771
42.274,0,6.467,-0.674,-1.682,-0.2043,-0.5722,-0.1680,0.7763
42.302,0,6.467,-0.673,-1.682,-0.2019,-0.5720,-0.1733,0.7759
42.344,0,6.467,-0.673,-1.683,-0.2031,-0.5717,-0.1781,0.7747
42.372,0,6.467,-0.673,-1.683,-0.2036,-0.5720,-0.1800,0.7739
42.413,0,6.468,-0.674,-1.684,-0.1991,-0.5725,-0.1784,0.7751
42.442,0,6.469,-0.675,-1.683,-0.1969,-0.5726,-0.1776,0.7758
42.469,0,6.469,-0.675,-1.683,-0.1963,-0.5731,-0.1791,0.7752
42.511,0,6.471,-0.675,-1.682,-0.1930,-0.5729,-0.1797,0.7761
42.539,0,6.472,-0.675,-1.681,-0.1917,-0.5715,-0.1825,0.7767
42.566,0,6.474,-0.675,-1.681,-0.1916,-0.5695,-0.1867,0.7772
42.608,0,6.475,-0.674,-1.679,-0.1912,-0.5665,-0.1911,0.7785
42.636,0,6.476,-0.674,-1.679,-0.1918,-0.5647,-0.1938,0.7790
42.678,0,6.477,-0.674,-1.677,-0.1925,-0.5622,-0.1986,0.7794
42.706,0,6.478,-0.673,-1.677,-0.1920,-0.5603,-0.2016,0.7801
42.733,0,6.479,-0.673,-1.676,-0.1915,-0.5590,-0.2041,0.7805
42.775,0,6.479,-0.673,-1.676,-0.1931,-0.5569,-0.2080,0.7806
42.803,0,6.480,-0.673,-1.675,-0.1924,-0.5552,-0.2101,0.7814
42.844,0,6.480,-0.673,-1.675,-0.1909,-0.5532,-0.2095,0.7833
42.873,0,6.481,-0.673,-1.675,-0.1904,-0.5525,-0.2104,0.7837
42.901,0,6.481,-0.673,-1.675,-0.1893,-0.5519,-0.2113,0.7841
42.943,0,6.481,-0.673,-1.675,-0.1912,-0.5506,-0.2106,0.7848
42.970,0,6.481,-0.673,-1.675,-0.1917,-0.5502,-0.2105,0.7850
43.012,0,6.482,-0.673,-1.676,-0.1919,-0.5500,-0.2102,0.7852
43.040,0,6.482,-0.673,-1.676,-0.1933,-0.5501,-0.2102,0.7847
43.068,0,6.482,-0.673,-1.677,-0.1943,-0.5508,-0.2110,0.7838
43.110,0,6.482,-0.673,-1.677,-0.1937,-0.5522,-0.2098,0.7833
43.137,0,6.481,-0.673,-1.677,-0.1931,-0.5531,-0.2085,0.7832
43.179,0,6.481,-0.673,-1.678,-0.1924,-0.5540,-0.2081,0.7828
43.207,0,6.481,-0.673,-1.678,-0.1922,-0.5540,-0.2079,0.7829
43.235,0,6.480,-0.673,-1.678,-0.1923,-0.5542,-0.2071,0.7829
43.277,0,6.480,-0.674,-1.679,-0.1917,-0.5550,-0.2047,0.7832
43.305,0,6.479,-0.674,-1.679,-0.1923,-0.5554,-0.2035,0.7830
43.346,0,6.479,-0.674,-1.680,-0.1931,-0.5570,-0.2025,0.7819
43.373,0,6.479,-0.674,-1.680,-0.1929,-0.5580,-0.2017,0.7815
43.402,0,6.478,-0.674,-1.681,-0.1931,-0.5588,-0.2013,0.7810
43.444,0,6.478,-0.674,-1.681,-0.1931,-0.5596,-0.2008,0.7805
43.471,0,6.478,-0.674,-1.682,-0.1939,-0.5596,-0.2002,0.7805
43.500,0,6.478,-0.674,-1.682,-0.1948,-0.5597,-0.2004,0.7801
43.541,0,6.478,-0.674,-1.682,-0.1952,-0.5598,-0.2002,0.7800
43.568,0,6.478,-0.674,-1.682,-0.1960,-0.5595,-0.1999,0.7801
43.611,0,6.478,-0.674,-1.682,-0.1965,-0.5595,-0.1994,0.7801
43.639,0,6.477,-0.674,-1.682,-0.1966,-0.5594,-0.1994,0.7802
43.667,0,6.478,-0.674,-1.683,-0.1968,-0.5585,-0.1991,0.7809
43.708,0,6.478,-0.674,-1.683,-0.1979,-0.5569,-0.1987,0.7818
43.736,0,6.478,-0.674,-1.683,-0.1990,-0.5559,-0.1982,0.7824
43.778,0,6.478,-0.673,-1.683,-0.2017,-0.5551,-0.1979,0.7823
43.806,0,6.478,-0.673,-1.683,-0.2024,-0.5543,-0.1966,0.7830
43.833,0,6.478,-0.673,-1.682,-0.2033,-0.5523,-0.1952,0.7846
43.876,0,6.479,-0.673,-1.682,-0.2045,-0.5484,-0.1950,0.7870
43.903,0,6.479,-0.673,-1.681,-0.2041,-0.5450,-0.1936,0.7899
43.945,0,6.479,-0.673,-1.680,-0.2069,-0.5387,-0.1916,0.7939
43.973,0,6.480,-0.673,-1.678,-0.2101,-0.5334,-0.1892,0.7972
44.001,0,6.480,-0.672,-1.677,-0.2133,-0.5268,-0.1881,0.8010
44.042,0,6.480,-0.672,-1.675,-0.2169,-0.5165,-0.1861,0.8072
44.070,0,6.480,-0.672,-1.674,-0.2206,-0.5104,-0.1861,0.8100
44.113,0,6.480,-0.672,-1.673,-0.2194,-0.5026,-0.1836,0.8158
44.139,0,6.480,-0.672,-1.672,-0.2206,-0.4983,-0.1804,0.8188
44.167,0,6.480,-0.672,-1.672,-0.2227,-0.4943,-0.1768,0.8215
44.209,0,6.480,-0.673,-1.671,-0.2239,-0.4889,-0.1704,0.8258
44.237,0,6.479,-0.673,-1.671,-0.2265,-0.4847,-0.1676,0.8281
44.279,0,6.479,-0.673,-1.671,-0.2285,-0.4770,-0.1617,0.8331
44.306,0,6.479,-0.673,-1.671,-0.2312,-0.4728,-0.1582,0.8355
44.334,0,6.479,-0.673,-1.670,-0.2327,-0.4691,-0.1563,0.8375
44.376,0,6.479,-0.673,-1.670,-0.2349,-0.4647,-0.1532,0.8399
44.404,0,6.479,-0.673,-1.670,-0.2358,-0.4632,-0.1521,0.8407
44.446,0,6.478,-0.673,-1.670,-0.2373,-0.4611,-0.1521,0.8414
44.474,0,6.478,-0.673,-1.670,-0.2367,-0.4603,-0.1506,0.8422
44.502,0,6.478,-0.673,-1.671,-0.2367,-0.4617,-0.1492,0.8418
44.543,0,6.477,-0.673,-1.672,-0.2370,-0.4633,-0.1498,0.8407
44.571,0,6.477,-0.673,-1.672,-0.2352,-0.4644,-0.1498,0.8406
44.614,0,6.476,-0.673,-1.673,-0.2345,-0.4672,-0.1499,0.8392
44.641,0,6.476,-0.673,-1.674,-0.2351,-0.4682,-0.1502,0.8384
44.668,0,6.476,-0.673,-1.674,-0.2348,-0.4683,-0.1491,0.8386
44.710,0,6.476,-0.674,-1.675,-0.2353,-0.4690,-0.1480,0.8383
44.738,0,6.476,-0.673,-1.675,-0.2363,-0.4696,-0.1482,0.8377
44.780,0,6.476,-0.673,-1.676,-0.2369,-0.4714,-0.1495,0.8363
44.808,0,6.476,-0.673,-1.676,-0.2375,-0.4736,-0.1492,0.8349
44.836,0,6.475,-0.673,-1.677,-0.2387,-0.4750,-0.1488,0.8338
44.877,0,6.475,-0.673,-1.678,-0.2381,-0.4778,-0.1485,0.8324
44.905,0,6.475,-0.673,-1.678,-0.2388,-0.4794,-0.1492,0.8312
44.933,0,6.475,-0.673,-1.679,-0.2395,-0.4801,-0.1495,0.8305
44.975,0,6.475,-0.673,-1.679,-0.2395,-0.4815,-0.1491,0.8298
45.002,0,6.474,-0.673,-1.679,-0.2406,-0.4825,-0.1486,0.8290
45.044,0,6.474,-0.673,-1.680,-0.2421,-0.4829,-0.1480,0.8284
45.073,0,6.474,-0.673,-1.680,-0.2440,-0.4833,-0.1474,0.8277
45.101,0,6.474,-0.672,-1.680,-0.2453,-0.4837,-0.1471,0.8272
45.142,0,6.474,-0.672,-1.681,-0.2464,-0.4841,-0.1462,0.8268
45.170,0,6.474,-0.672,-1.682,-0.2500,-0.4845,-0.1460,0.8255
45.211,0,6.474,-0.672,-1.682,-0.2507,-0.4842,-0.1449,0.8257
45.239,0,6.474,-0.672,-1.683,-0.2517,-0.4835,-0.1437,0.8260
45.268,0,6.474,-0.672,-1.683,-0.2517,-0.4825,-0.1414,0.8269
45.309,0,6.473,-0.673,-1.683,-0.2491,-0.4818,-0.1391,0.8285
45.337,0,6.473,-0.673,-1.683,-0.2478,-0.4812,-0.1380,0.8294
45.379,0,6.473,-0.673,-1.683,-0.2454,-0.4835,-0.1385,0.8287
45.406,0,6.472,-0.673,-1.683,-0.2448,-0.4860,-0.1383,0.8275
45.434,0,6.472,-0.674,-1.684,-0.2449,-0.4878,-0.1374,0.8265
45.476,0,6.471,-0.674,-1.685,-0.2459,-0.4898,-0.1365,0.8252
45.504,0,6.471,-0.674,-1.685,-0.2462,-0.4903,-0.1349,0.8251
45.546,0,6.470,-0.674,-1.685,-0.2458,-0.4891,-0.1319,0.8264
45.573,0,6.470,-0.674,-1.685,-0.2445,-0.4891,-0.1301,0.8271
45.601,0,6.470,-0.675,-1.685,-0.2439,-0.4902,-0.1304,0.8266
45.643,0,6.469,-0.675,-1.686,-0.2438,-0.4922,-0.1311,0.8253
45.671,0,6.469,-0.675,-1.686,-0.2436,-0.4940,-0.1307,0.8244
45.713,0,6.469,-0.674,-1.687,-0.2459,-0.4951,-0.1311,0.8229
45.741,0,6.469,-0.674,-1.687,-0.2467,-0.4947,-0.1302,0.8231
45.768,0,6.469,-0.674,-1.687,-0.2473,-0.4940,-0.1285,0.8236
45.810,0,6.468,-0.675,-1.687,-0.2473,-0.4939,-0.1260,0.8240
45.838,0,6.468,-0.675,-1.688,-0.2469,-0.4937,-0.1249,0.8244
45.879,0,6.468,-0.675,-1.688,-0.2455,-0.4944,-0.1226,0.8248
45.907,0,6.467,-0.675,-1.688,-0.2466,-0.4948,-0.1238,0.8240
45.935,0,6.467,-0.675,-1.689,-0.2486,-0.4950,-0.1251,0.8231
45.977,0,6.467,-0.675,-1.690,-0.2472,-0.4973,-0.1236,0.8224
46.005,0,6.467,-0.675,-1.690,-0.2486,-0.4980,-0.1243,0.8214
46.046,0,6.467,-0.675,-1.690,-0.2492,-0.4973,-0.1230,0.8219
46.074,0,6.467,-0.675,-1.691,-0.2499,-0.4974,-0.1222,0.8217
46.103,0,6.467,-0.675,-1.691,-0.2516,-0.4973,-0.1223,0.8212
46.144,0,6.467,-0.674,-1.691,-0.2530,-0.4972,-0.1222,0.8209
46.172,0,6.467,-0.674,-1.692,-0.2545,-0.4975,-0.1223,0.8202
46.200,0,6.467,-0.674,-1.692,-0.2550,-0.4973,-0.1224,0.8202
46.241,0,6.467,-0.674,-1.692,-0.2552,-0.4972,-0.1229,0.8201
46.270,0,6.467,-0.674,-1.692,-0.2569,-0.4972,-0.1221,0.8197
46.311,0,6.467,-0.674,-1.692,-0.2558,-0.4953,-0.1216,0.8213
46.340,0,6.467,-0.674,-1.691,-0.2553,-0.4941,-0.1216,0.8221
46.367,0,6.468,-0.674,-1.691,-0.2546,-0.4936,-0.1218,0.8226
46.409,0,6.468,-0.674,-1.691,-0.2541,-0.4924,-0.1239,0.8232
46.437,0,6.468,-0.674,-1.690,-0.2534,-0.4916,-0.1233,0.8240
46.479,0,6.468,-0.675,-1.689,-0.2512,-0.4892,-0.1245,0.8259
46.507,0,6.469,-0.675,-1.688,-0.2506,-0.4865,-0.1238,0.8278
46.534,0,6.469,-0.674,-1.687,-0.2516,-0.4840,-0.1236,0.8290
46.576,0,6.469,-0.674,-1.686,-0.2522,-0.4791,-0.1245,0.8315
46.604,0,6.469,-0.674,-1.685,-0.2532,-0.4760,-0.1229,0.8332
46.645,0,6.470,-0.674,-1.684,-0.2548,-0.4712,-0.1236,0.8353
46.674,0,6.470,-0.674,-1.683,-0.2551,-0.4680,-0.1240,0.8369
46.701,0,6.471,-0.673,-1.682,-0.2555,-0.4643,-0.1255,0.8387
46.743,0,6.471,-0.674,-1.680,-0.2553,-0.4595,-0.1260,0.8413
46.771,0,6.472,-0.674,-1.679,-0.2534,-0.4561,-0.1254,0.8438
46.813,0,6.472,-0.674,-1.678,-0.2514,-0.4513,-0.1247,0.8471
46.841,0,6.472,-0.673,-1.678,-0.2528,-0.4498,-0.1251,0.8474
46.869,0,6.473,-0.674,-1.677,-0.2532,-0.4486,-0.1250,0.8479
46.910,0,6.473,-0.674,-1.677,-0.2524,-0.4491,-0.1237,0.8481
46.938,0,6.472,-0.674,-1.677,-0.2527,-0.4498,-0.1241,0.8476
46.980,0,6.472,-0.674,-1.677,-0.2530,-0.4509,-0.1223,0.8472
47.008,0,6.471,-0.674,-1.677,-0.2518,-0.4517,-0.1205,0.8474
47.036,0,6.471,-0.674,-1.677,-0.2514,-0.4520,-0.1196,0.8475
47.077,0,6.470,-0.675,-1.677,-0.2519,-0.4524,-0.1183,0.8473
47.105,0,6.470,-0.674,-1.678,-0.2529,-0.4524,-0.1181,0.8470
47.133,0,6.470,-0.674,-1.678,-0.2533,-0.4527,-0.1182,0.8467
47.174,0,6.469,-0.675,-1.678,-0.2516,-0.4553,-0.1169,0.8460
47.202,0,6.469,-0.675,-1.679,-0.2510,-0.4572,-0.1172,0.8451
47.244,0,6.468,-0.675,-1.679,-0.2510,-0.4592,-0.1171,0.8440
47.272,0,6.468,-0.675,-1.680,-0.2514,-0.4595,-0.1164,0.8439
47.300,0,6.468,-0.675,-1.680,-0.2519,-0.4605,-0.1159,0.8432
47.342,0,6.468,-0.675,-1.681,-0.2539,-0.4613,-0.1160,0.8422
47.369,0,6.468,-0.675,-1.681,-0.2550,-0.4617,-0.1148,0.8418
47.411,0,6.468,-0.674,-1.682,-0.2575,-0.4619,-0.1158,0.8408
47.439,0,6.468,-0.674,-1.682,-0.2588,-0.4623,-0.1151,0.8403
47.467,0,6.468,-0.674,-1.683,-0.2608,-0.4629,-0.1150,0.8393
47.508,0,6.468,-0.674,-1.684,-0.2631,-0.4629,-0.1156,0.8385
47.536,0,6.468,-0.673,-1.684,-0.2628,-0.4628,-0.1164,0.8386
47.578,0,6.469,-0.672,-1.684,-0.2663,-0.4626,-0.1205,0.8370
47.606,0,6.470,-0.672,-1.684,-0.2683,-0.4624,-0.1216,0.8363
47.634,0,6.470,-0.672,-1.685,-0.2677,-0.4621,-0.1215,0.8367
47.676,0,6.470,-0.673,-1.685,-0.2655,-0.4630,-0.1209,0.8370
47.704,0,6.470,-0.673,-1.684,-0.2645,-0.4629,-0.1199,0.8375
47.745,0,6.470,-0.673,-1.684,-0.2626,-0.4630,-0.1183,0.8382
47.773,0,6.470,-0.673,-1.684,-0.2625,-0.4636,-0.1183,0.8380
47.801,0,6.470,-0.673,-1.684,-0.2633,-0.4634,-0.1185,0.8378
47.843,0,6.470,-0.673,-1.684,-0.2631,-0.4629,-0.1187,0.8381
47.871,0,6.470,-0.673,-1.684,-0.2644,-0.4644,-0.1198,0.8367
47.913,0,6.469,-0.673,-1.684,-0.2649,-0.4638,-0.1191,0.8370
47.940,0,6.469,-0.673,-1.684,-0.2640,-0.4643,-0.1186,0.8371
47.968,0,6.469,-0.673,-1.684,-0.2639,-0.4649,-0.1184,0.8368
48.010,0,6.469,-0.673,-1.684,-0.2630,-0.4650,-0.1163,0.8373
48.038,0,6.468,-0.674,-1.684,-0.2627,-0.4648,-0.1159,0.8376
48.079,0,6.468,-0.674,-1.684,-0.2636,-0.4643,-0.1151,0.8377
48.108,0,6.468,-0.674,-1.684,-0.2639,-0.4642,-0.1138,0.8378
48.136,0,6.468,-0.674,-1.684,-0.2635,-0.4632,-0.1138,0.8385
48.177,0,6.468,-0.674,-1.684,-0.2637,-0.4630,-0.1148,0.8384
48.205,0,6.468,-0.673,-1.684,-0.2641,-0.4625,-0.1153,0.8385
48.246,0,6.469,-0.674,-1.684,-0.2627,-0.4618,-0.1147,0.8394
48.274,0,6.469,-0.674,-1.684,-0.2626,-0.4617,-0.1144,0.8395
48.302,0,6.469,-0.674,-1.684,-0.2630,-0.4614,-0.1143,0.8396
48.344,0,6.469,-0.674,-1.684,-0.2632,-0.4617,-0.1132,0.8395
48.372,0,6.469,-0.674,-1.684,-0.2645,-0.4611,-0.1139,0.8393
48.414,0,6.469,-0.674,-1.684,-0.2647,-0.4595,-0.1127,0.8403
48.441,0,6.469,-0.674,-1.684,-0.2636,-0.4592,-0.1123,0.8408
48.469,0,6.468,-0.674,-1.684,-0.2641,-0.4599,-0.1122,0.8403
48.511,0,6.468,-0.674,-1.683,-0.2647,-0.4593,-0.1115,0.8406
48.540,0,6.468,-0.674,-1.683,-0.2640,-0.4597,-0.1111,0.8406
48.567,0,6.468,-0.674,-1.683,-0.2644,-0.4602,-0.1117,0.8401
48.609,0,6.468,-0.674,-1.683,-0.2645,-0.4600,-0.1118,0.8402
48.636,0,6.468,-0.674,-1.683,-0.2646,-0.4589,-0.1113,0.8408
48.678,0,6.468,-0.674,-1.684,-0.2647,-0.4591,-0.1116,0.8407
48.705,0,6.468,-0.674,-1.684,-0.2650,-0.4591,-0.1119,0.8405
48.733,0,6.468,-0.674,-1.684,-0.2654,-0.4596,-0.1119,0.8401
48.775,0,6.468,-0.674,-1.684,-0.2653,-0.4610,-0.1121,0.8394
48.803,0,6.468,-0.674,-1.685,-0.2647,-0.4620,-0.1119,0.8390
48.845,0,6.468,-0.674,-1.685,-0.2646,-0.4632,-0.1124,0.8383
48.873,0,6.468,-0.674,-1.685,-0.2651,-0.4628,-0.1116,0.8385
48.901,0,6.468,-0.674,-1.685,-0.2636,-0.4626,-0.1116,0.8391
48.943,0,6.468,-0.674,-1.685,-0.2645,-0.4615,-0.1130,0.8392
48.971,0,6.468,-0.674,-1.684,-0.2664,-0.4597,-0.1125,0.8397
49.013,0,6.469,-0.674,-1.684,-0.2641,-0.4579,-0.1120,0.8415
49.040,0,6.469,-0.674,-1.684,-0.2646,-0.4573,-0.1119,0.8416
49.068,0,6.469,-0.674,-1.684,-0.2641,-0.4575,-0.1112,0.8418
49.110,0,6.469,-0.674,-1.685,-0.2625,-0.4601,-0.1122,0.8407
49.138,0,6.469,-0.674,-1.685,-0.2638,-0.4610,-0.1124,0.8398
49.180,0,6.469,-0.674,-1.685,-0.2643,-0.4614,-0.1134,0.8393
49.207,0,6.469,-0.673,-1.685,-0.2656,-0.4609,-0.1140,0.8391
49.235,0,6.469,-0.673,-1.686,-0.2660,-0.4613,-0.1132,0.8388
49.277,0,6.469,-0.674,-1.686,-0.2652,-0.4628,-0.1133,0.8382
49.305,0,6.469,-0.673,-1.686,-0.2659,-0.4630,-0.1141,0.8378
49.348,0,6.469,-0.673,-1.686,-0.2657,-0.4636,-0.1146,0.8375
49.374,0,6.470,-0.673,-1.686,-0.2663,-0.4631,-0.1157,0.8374
49.402,0,6.470,-0.673,-1.686,-0.2669,-0.4626,-0.1159,0.8375
49.444,0,6.470,-0.673,-1.686,-0.2678,-0.4625,-0.1170,0.8370
49.472,0,6.471,-0.673,-1.686,-0.2692,-0.4620,-0.1174,0.8368
49.514,0,6.471,-0.673,-1.686,-0.2688,-0.4619,-0.1178,0.8370
49.541,0,6.471,-0.673,-1.686,-0.2686,-0.4611,-0.1178,0.8375
49.569,0,6.472,-0.673,-1.686,-0.2673,-0.4603,-0.1170,0.8384
49.611,0,6.471,-0.673,-1.686,-0.2660,-0.4615,-0.1181,0.8380
49.639,0,6.471,-0.673,-1.686,-0.2666,-0.4619,-0.1173,0.8378
49.667,0,6.472,-0.673,-1.686,-0.2667,-0.4613,-0.1169,0.8381
49.709,0,6.472,-0.673,-1.687,-0.2683,-0.4628,-0.1198,0.8363
49.736,0,6.472,-0.673,-1.687,-0.2684,-0.4639,-0.1191,0.8358
49.778,0,6.472,-0.673,-1.687,-0.2692,-0.4631,-0.1190,0.8360
49.806,0,6.472,-0.673,-1.687,-0.2686,-0.4623,-0.1175,0.8368
49.834,0,6.472,-0.673,-1.688,-0.2680,-0.4625,-0.1173,0.8370
49.876,0,6.472,-0.673,-1.688,-0.2702,-0.4628,-0.1175,0.8361
49.903,0,6.472,-0.673,-1.688,-0.2698,-0.4627,-0.1175,0.8363
49.945,0,6.471,-0.673,-1.688,-0.2705,-0.4633,-0.1184,0.8355
49.973,0,6.471,-0.673,-1.688,-0.2701,-0.4636,-0.1178,0.8356
50.001,0,6.471,-0.673,-1.688,-0.2694,-0.4641,-0.1180,0.8355
50.042,0,6.471,-0.673,-1.688,-0.2686,-0.4639,-0.1175,0.8359
50.070,0,6.471,-0.673,-1.688,-0.2679,-0.4641,-0.1183,0.8359
50.112,0,6.471,-0.673,-1.688,-0.2677,-0.4651,-0.1196,0.8353
50.140,0,6.471,-0.673,-1.688,-0.2677,-0.4650,-0.1197,0.8353
50.168,0,6.471,-0.673,-1.687,-0.2677,-0.4648,-0.1196,0.8354
50.209,0,6.471,-0.673,-1.687,-0.2676,-0.4634,-0.1199,0.8362
50.237,0,6.472,-0.673,-1.687,-0.2675,-0.4630,-0.1204,0.8364
50.279,0,6.472,-0.672,-1.686,-0.2699,-0.4617,-0.1211,0.8362
50.307,0,6.472,-0.672,-1.686,-0.2698,-0.4607,-0.1216,0.8368
50.335,0,6.473,-0.672,-1.686,-0.2705,-0.4600,-0.1226,0.8368
50.377,0,6.473,-0.672,-1.686,-0.2723,-0.4595,-0.1229,0.8364
50.407,0,6.473,-0.672,-1.686,-0.2723,-0.4585,-0.1232,0.8369
50.435,0,6.473,-0.672,-1.686,-0.2712,-0.4586,-0.1230,0.8373
50.477,0,6.473,-0.672,-1.686,-0.2712,-0.4597,-0.1231,0.8367
50.505,0,6.473,-0.672,-1.686,-0.2726,-0.4599,-0.1228,0.8362
50.533,0,6.473,-0.672,-1.686,-0.2726,-0.4598,-0.1221,0.8363
50.601,0,6.473,-0.672,-1.687,-0.2736,-0.4599,-0.1219,0.8359
50.601,0,6.473,-0.672,-1.687,-0.2736,-0.4599,-0.1219,0.8359
50.641,0,6.473,-0.672,-1.687,-0.2730,-0.4607,-0.1218,0.8357
50.668,0,6.473,-0.672,-1.688,-0.2737,-0.4607,-0.1217,0.8355
50.711,0,6.473,-0.672,-1.688,-0.2729,-0.4616,-0.1224,0.8351
50.738,0,6.472,-0.672,-1.688,-0.2725,-0.4628,-0.1227,0.8346
50.780,0,6.472,-0.672,-1.688,-0.2690,-0.4656,-0.1218,0.8343
50.808,0,6.471,-0.673,-1.688,-0.2665,-0.4677,-0.1222,0.8338
50.836,0,6.471,-0.673,-1.688,-0.2654,-0.4701,-0.1231,0.8327
50.878,0,6.470,-0.674,-1.688,-0.2606,-0.4741,-0.1226,0.8320
50.906,0,6.470,-0.674,-1.688,-0.2594,-0.4758,-0.1228,0.8314
50.934,0,6.470,-0.674,-1.688,-0.2600,-0.4768,-0.1241,0.8304
50.975,0,6.470,-0.673,-1.688,-0.2609,-0.4777,-0.1259,0.8294
51.003,0,6.470,-0.673,-1.688,-0.2617,-0.4774,-0.1266,0.8292
51.045,0,6.470,-0.673,-1.688,-0.2591,-0.4773,-0.1261,0.8301
51.072,0,6.470,-0.673,-1.688,-0.2586,-0.4776,-0.1274,0.8299
51.100,0,6.470,-0.673,-1.688,-0.2577,-0.4781,-0.1281,0.8298
51.143,0,6.470,-0.674,-1.688,-0.2509,-0.4813,-0.1275,0.8301
51.170,0,6.470,-0.675,-1.689,-0.2450,-0.4854,-0.1289,0.8293
51.212,0,6.470,-0.675,-1.690,-0.2400,-0.4920,-0.1343,0.8260
51.240,0,6.470,-0.675,-1.692,-0.2384,-0.4968,-0.1387,0.8228
51.267,0,6.469,-0.675,-1.692,-0.2386,-0.5024,-0.1432,0.8187
51.309,0,6.469,-0.675,-1.693,-0.2370,-0.5110,-0.1460,0.8133
51.337,0,6.469,-0.676,-1.694,-0.2319,-0.5171,-0.1470,0.8107
51.379,0,6.468,-0.676,-1.694,-0.2293,-0.5241,-0.1551,0.8054
51.407,0,6.468,-0.675,-1.694,-0.2292,-0.5277,-0.1621,0.8017
51.435,0,6.468,-0.675,-1.694,-0.2274,-0.5327,-0.1694,0.7974
51.476,0,6.468,-0.674,-1.693,-0.2236,-0.5424,-0.1769,0.7902
51.504,0,6.469,-0.674,-1.693,-0.2180,-0.5480,-0.1782,0.7876
51.546,0,6.470,-0.676,-1.690,-0.2075,-0.5541,-0.1792,0.7860
51.574,0,6.470,-0.676,-1.690,-0.1992,-0.5572,-0.1836,0.7850
51.601,0,6.471,-0.676,-1.689,-0.1911,-0.5593,-0.1900,0.7840
51.644,0,6.471,-0.676,-1.688,-0.1841,-0.5618,-0.1997,0.7814
51.671,0,6.471,-0.676,-1.688,-0.1804,-0.5638,-0.2061,0.7792
51.700,0,6.471,-0.676,-1.687,-0.1773,-0.5657,-0.2112,0.7771
51.741,0,6.471,-0.677,-1.688,-0.1721,-0.5691,-0.2141,0.7750
51.768,0,6.471,-0.677,-1.688,-0.1682,-0.5714,-0.2142,0.7741
51.810,0,6.471,-0.678,-1.688,-0.1656,-0.5738,-0.2147,0.7728
51.838,0,6.472,-0.678,-1.688,-0.1643,-0.5754,-0.2150,0.7718
51.880,0,6.472,-0.678,-1.689,-0.1629,-0.5788,-0.2173,0.7689
51.908,0,6.471,-0.678,-1.689,-0.1621,-0.5824,-0.2204,0.7655
51.936,0,6.471,-0.678,-1.690,-0.1607,-0.5871,-0.2238,0.7612
51.977,0,6.471,-0.677,-1.690,-0.1588,-0.5929,-0.2263,0.7564
52.005,0,6.472,-0.677,-1.690,-0.1579,-0.5942,-0.2279,0.7550
52.033,0,6.472,-0.677,-1.690,-0.1579,-0.5950,-0.2300,0.7538
52.075,0,6.472,-0.677,-1.690,-0.1581,-0.5963,-0.2325,0.7519
52.103,0,6.473,-0.677,-1.689,-0.1575,-0.5968,-0.2332,0.7514
52.145,0,6.473,-0.677,-1.689,-0.1575,-0.5968,-0.2383,0.7498
52.173,0,6.473,-0.677,-1.688,-0.1561,-0.5965,-0.2421,0.7491
52.201,0,6.474,-0.677,-1.688,-0.1556,-0.5962,-0.2438,0.7490
52.242,0,6.474,-0.677,-1.687,-0.1563,-0.5957,-0.2453,0.7487
52.270,0,6.474,-0.677,-1.687,-0.1568,-0.5952,-0.2476,0.7482
52.312,0,6.475,-0.676,-1.686,-0.1571,-0.5942,-0.2518,0.7476
52.340,0,6.475,-0.676,-1.686,-0.1581,-0.5938,-0.2543,0.7468
52.368,0,6.475,-0.676,-1.686,-0.1593,-0.5934,-0.2571,0.7460
52.410,0,6.475,-0.675,-1.685,-0.1600,-0.5930,-0.2596,0.7452
52.438,0,6.476,-0.675,-1.685,-0.1598,-0.5930,-0.2609,0.7448
52.479,0,6.476,-0.675,-1.685,-0.1589,-0.5941,-0.2620,0.7437
52.507,0,6.475,-0.675,-1.685,-0.1568,-0.5954,-0.2620,0.7432
52.535,0,6.475,-0.676,-1.685,-0.1552,-0.5963,-0.2615,0.7429
52.577,0,6.475,-0.676,-1.685,-0.1537,-0.5976,-0.2627,0.7418
52.605,0,6.475,-0.676,-1.685,-0.1529,-0.5987,-0.2628,0.7410
52.646,0,6.475,-0.676,-1.685,-0.1512,-0.5995,-0.2638,0.7403
52.674,0,6.475,-0.676,-1.684,-0.1517,-0.5990,-0.2655,0.7400
52.703,0,6.475,-0.676,-1.684,-0.1513,-0.5982,-0.2661,0.7406
52.744,0,6.476,-0.676,-1.683,-0.1516,-0.5971,-0.2683,0.7406
52.771,0,6.476,-0.676,-1.683,-0.1509,-0.5962,-0.2687,0.7413
52.813,0,6.476,-0.676,-1.683,-0.1511,-0.5957,-0.2683,0.7419
52.841,0,6.477,-0.676,-1.683,-0.1511,-0.5953,-0.2682,0.7422
52.869,0,6.477,-0.676,-1.682,-0.1527,-0.5946,-0.2685,0.7423
52.911,0,6.477,-0.675,-1.682,-0.1563,-0.5949,-0.2684,0.7414
52.938,0,6.478,-0.675,-1.682,-0.1584,-0.5955,-0.2695,0.7401
52.966,0,6.478,-0.674,-1.681,-0.1605,-0.5963,-0.2717,0.7382
53.009,0,6.478,-0.673,-1.680,-0.1599,-0.5985,-0.2725,0.7362
53.036,0,6.478,-0.673,-1.680,-0.1568,-0.5995,-0.2733,0.7358
53.078,0,6.478,-0.674,-1.680,-0.1534,-0.6002,-0.2735,0.7358
53.106,0,6.477,-0.675,-1.681,-0.1507,-0.6018,-0.2709,0.7360
53.133,0,6.477,-0.675,-1.681,-0.1501,-0.6033,-0.2697,0.7353
53.176,0,6.477,-0.675,-1.681,-0.1518,-0.6055,-0.2677,0.7340
53.203,0,6.477,-0.675,-1.680,-0.1539,-0.6058,-0.2698,0.7325
53.246,0,6.477,-0.674,-1.680,-0.1497,-0.6054,-0.2734,0.7324
53.273,0,6.477,-0.674,-1.679,-0.1494,-0.6047,-0.2746,0.7325
53.300,0,6.478,-0.675,-1.679,-0.1469,-0.6048,-0.2770,0.7321
53.342,0,6.478,-0.674,-1.679,-0.1460,-0.6039,-0.2817,0.7312
53.370,0,6.478,-0.674,-1.679,-0.1472,-0.6034,-0.2825,0.7311
53.412,0,6.478,-0.675,-1.679,-0.1430,-0.6045,-0.2826,0.7309
53.440,0,6.477,-0.675,-1.680,-0.1400,-0.6059,-0.2826,0.7304
53.468,0,6.477,-0.675,-1.680,-0.1404,-0.6070,-0.2827,0.7293
53.509,0,6.476,-0.675,-1.681,-0.1411,-0.6097,-0.2815,0.7275
53.537,0,6.476,-0.675,-1.681,-0.1404,-0.6112,-0.2805,0.7267
53.579,0,6.476,-0.676,-1.682,-0.1378,-0.6129,-0.2771,0.7270
53.607,0,6.476,-0.676,-1.682,-0.1392,-0.6133,-0.2769,0.7265
53.635,0,6.476,-0.676,-1.682,-0.1405,-0.6132,-0.2782,0.7259
53.677,0,6.476,-0.675,-1.682,-0.1406,-0.6134,-0.2778,0.7258
53.704,0,6.476,-0.675,-1.682,-0.1406,-0.6139,-0.2764,0.7259
53.747,0,6.475,-0.676,-1.681,-0.1391,-0.6146,-0.2740,0.7266
53.774,0,6.475,-0.676,-1.681,-0.1378,-0.6142,-0.2739,0.7272
53.801,0,6.475,-0.676,-1.681,-0.1374,-0.6134,-0.2740,0.7278
53.843,0,6.475,-0.677,-1.681,-0.1358,-0.6128,-0.2725,0.7292
53.871,0,6.475,-0.677,-1.681,-0.1355,-0.6119,-0.2712,0.7305
53.913,0,6.475,-0.677,-1.681,-0.1346,-0.6102,-0.2691,0.7329
53.941,0,6.474,-0.677,-1.681,-0.1342,-0.6094,-0.2680,0.7340
53.968,0,6.474,-0.677,-1.681,-0.1344,-0.6085,-0.2666,0.7352
54.010,0,6.474,-0.678,-1.682,-0.1328,-0.6074,-0.2632,0.7377
54.038,0,6.474,-0.678,-1.682,-0.1329,-0.6066,-0.2604,0.7392
54.081,0,6.473,-0.679,-1.683,-0.1331,-0.6054,-0.2560,0.7418
54.109,0,6.473,-0.679,-1.684,-0.1318,-0.6048,-0.2530,0.7435
54.136,0,6.473,-0.680,-1.685,-0.1306,-0.6043,-0.2509,0.7449
54.177,0,6.473,-0.680,-1.685,-0.1280,-0.6045,-0.2514,0.7450
54.205,0,6.473,-0.680,-1.686,-0.1257,-0.6048,-0.2549,0.7439
54.233,0,6.473,-0.680,-1.687,-0.1245,-0.6063,-0.2560,0.7426
54.275,0,6.473,-0.680,-1.687,-0.1252,-0.6087,-0.2569,0.7401
54.303,0,6.473,-0.680,-1.688,-0.1274,-0.6095,-0.2580,0.7387
54.344,0,6.473,-0.679,-1.688,-0.1309,-0.6097,-0.2601,0.7372
54.372,0,6.474,-0.679,-1.688,-0.1312,-0.6101,-0.2601,0.7368
54.400,0,6.474,-0.679,-1.689,-0.1308,-0.6109,-0.2592,0.7365
54.442,0,6.474,-0.678,-1.689,-0.1339,-0.6107,-0.2605,0.7357
54.470,0,6.474,-0.678,-1.689,-0.1353,-0.6108,-0.2610,0.7352
54.512,0,6.474,-0.678,-1.688,-0.1365,-0.6110,-0.2607,0.7349
54.540,0,6.474,-0.678,-1.688,-0.1371,-0.6105,-0.2614,0.7349
54.568,0,6.474,-0.677,-1.688,-0.1368,-0.6097,-0.2617,0.7356
54.609,0,6.475,-0.678,-1.687,-0.1370,-0.6088,-0.2619,0.7362
54.637,0,6.475,-0.677,-1.687,-0.1369,-0.6084,-0.2632,0.7361
54.679,0,6.475,-0.677,-1.687,-0.1373,-0.6077,-0.2647,0.7360
54.707,0,6.475,-0.677,-1.687,-0.1373,-0.6075,-0.2645,0.7363
54.734,0,6.475,-0.678,-1.686,-0.1367,-0.6073,-0.2648,0.7365
54.776,0,6.476,-0.677,-1.686,-0.1381,-0.6074,-0.2645,0.7362
54.804,0,6.476,-0.677,-1.686,-0.1377,-0.6077,-0.2628,0.7367
54.846,0,6.476,-0.677,-1.686,-0.1371,-0.6074,-0.2655,0.7361
54.874,0,6.476,-0.677,-1.685,-0.1373,-0.6074,-0.2660,0.7358
54.903,0,6.476,-0.677,-1.685,-0.1376,-0.6074,-0.2664,0.7357
54.944,0,6.476,-0.677,-1.685,-0.1377,-0.6069,-0.2673,0.7357
54.971,0,6.476,-0.677,-1.685,-0.1385,-0.6067,-0.2676,0.7356
55.000,0,6.476,-0.677,-1.685,-0.1383,-0.6065,-0.2673,0.7359
55.041,0,6.476,-0.677,-1.685,-0.1384,-0.6062,-0.2661,0.7366
55.069,0,6.476,-0.677,-1.685,-0.1389,-0.6061,-0.2656,0.7368
55.111,0,6.475,-0.677,-1.685,-0.1384,-0.6063,-0.2658,0.7366
55.138,0,6.475,-0.677,-1.685,-0.1383,-0.6064,-0.2658,0.7366
55.166,0,6.475,-0.677,-1.685,-0.1383,-0.6066,-0.2670,0.7359
55.207,0,6.475,-0.677,-1.685,-0.1375,-0.6068,-0.2691,0.7352
55.236,0,6.475,-0.677,-1.685,-0.1372,-0.6065,-0.2697,0.7353
55.278,0,6.475,-0.678,-1.685,-0.1356,-0.6067,-0.2703,0.7352
55.306,0,6.475,-0.677,-1.685,-0.1360,-0.6065,-0.2712,0.7349
55.333,0,6.476,-0.677,-1.686,-0.1366,-0.6066,-0.2705,0.7350
55.375,0,6.476,-0.677,-1.686,-0.1384,-0.6076,-0.2698,0.7341
55.403,0,6.476,-0.677,-1.687,-0.1412,-0.6082,-0.2706,0.7327
55.445,0,6.476,-0.676,-1.687,-0.1434,-0.6092,-0.2719,0.7310
55.473,0,6.477,-0.676,-1.687,-0.1439,-0.6099,-0.2724,0.7301
55.500,0,6.477,-0.676,-1.688,-0.1446,-0.6106,-0.2726,0.7294
55.542,0,6.477,-0.676,-1.688,-0.1438,-0.6118,-0.2711,0.7291
55.570,0,6.477,-0.676,-1.687,-0.1423,-0.6121,-0.2703,0.7294
55.612,0,6.477,-0.677,-1.687,-0.1399,-0.6118,-0.2696,0.7304
55.639,0,6.476,-0.677,-1.687,-0.1396,-0.6109,-0.2706,0.7308
55.667,0,6.476,-0.677,-1.686,-0.1399,-0.6097,-0.2718,0.7313
55.709,0,6.476,-0.677,-1.686,-0.1400,-0.6089,-0.2729,0.7316
55.737,0,6.476,-0.677,-1.686,-0.1390,-0.6085,-0.2728,0.7321
55.779,0,6.476,-0.677,-1.686,-0.1380,-0.6079,-0.2716,0.7333
55.807,0,6.476,-0.677,-1.685,-0.1382,-0.6074,-0.2710,0.7338
55.834,0,6.476,-0.677,-1.685,-0.1377,-0.6073,-0.2704,0.7343
55.876,0,6.475,-0.677,-1.685,-0.1373,-0.6075,-0.2693,0.7346
55.904,0,6.475,-0.677,-1.685,-0.1370,-0.6076,-0.2697,0.7344
55.946,0,6.475,-0.677,-1.685,-0.1369,-0.6081,-0.2708,0.7336
55.973,0,6.475,-0.677,-1.685,-0.1367,-0.6084,-0.2707,0.7334
56.001,0,6.475,-0.677,-1.685,-0.1366,-0.6085,-0.2707,0.7333
56.043,0,6.475,-0.678,-1.685,-0.1359,-0.6085,-0.2694,0.7340
56.071,0,6.475,-0.678,-1.685,-0.1352,-0.6086,-0.2686,0.7343
56.113,0,6.475,-0.677,-1.685,-0.1390,-0.6075,-0.2720,0.7332
56.140,0,6.475,-0.677,-1.685,-0.1390,-0.6073,-0.2722,0.7333
56.168,0,6.475,-0.677,-1.685,-0.1393,-0.6069,-0.2724,0.7335
56.211,0,6.475,-0.677,-1.685,-0.1376,-0.6071,-0.2700,0.7345
56.238,0,6.475,-0.677,-1.685,-0.1369,-0.6074,-0.2696,0.7346
56.280,0,6.476,-0.677,-1.685,-0.1383,-0.6070,-0.2702,0.7344
56.308,0,6.476,-0.677,-1.686,-0.1396,-0.6066,-0.2707,0.7343
56.335,0,6.476,-0.677,-1.686,-0.1417,-0.6061,-0.2715,0.7341
56.377,0,6.477,-0.677,-1.686,-0.1402,-0.6064,-0.2723,0.7338
56.405,0,6.477,-0.677,-1.686,-0.1393,-0.6068,-0.2718,0.7338
56.447,0,6.477,-0.677,-1.686,-0.1396,-0.6072,-0.2711,0.7337
56.474,0,6.477,-0.677,-1.686,-0.1401,-0.6073,-0.2716,0.7334
56.502,0,6.477,-0.677,-1.686,-0.1390,-0.6078,-0.2706,0.7335
56.544,0,6.477,-0.677,-1.686,-0.1393,-0.6081,-0.2717,0.7328
56.572,0,6.477,-0.677,-1.686,-0.1380,-0.6086,-0.2714,0.7328
56.600,0,6.477,-0.677,-1.686,-0.1374,-0.6089,-0.2714,0.7326
56.642,0,6.477,-0.677,-1.686,-0.1384,-0.6086,-0.2721,0.7324
56.669,0,6.477,-0.677,-1.686,-0.1361,-0.6088,-0.2709,0.7331
56.711,0,6.477,-0.677,-1.686,-0.1373,-0.6083,-0.2718,0.7330
56.739,0,6.477,-0.677,-1.685,-0.1386,-0.6082,-0.2725,0.7326
56.767,0,6.477,-0.677,-1.685,-0.1389,-0.6072,-0.2734,0.7330
56.809,0,6.477,-0.677,-1.685,-0.1382,-0.6062,-0.2722,0.7344
56.836,0,6.477,-0.677,-1.685,-0.1376,-0.6062,-0.2728,0.7343
56.878,0,6.478,-0.678,-1.685,-0.1369,-0.6062,-0.2704,0.7353
56.906,0,6.478,-0.678,-1.685,-0.1369,-0.6055,-0.2713,0.7355
56.934,0,6.478,-0.678,-1.685,-0.1376,-0.6058,-0.2717,0.7350
56.975,0,6.477,-0.678,-1.685,-0.1380,-0.6064,-0.2720,0.7343
57.004,0,6.477,-0.677,-1.686,-0.1371,-0.6067,-0.2705,0.7348
57.045,0,6.477,-0.677,-1.686,-0.1423,-0.6053,-0.2732,0.7340
57.073,0,6.477,-0.676,-1.686,-0.1452,-0.6048,-0.2740,0.7335
57.101,0,6.477,-0.676,-1.686,-0.1456,-0.6046,-0.2735,0.7339
57.143,0,6.477,-0.676,-1.687,-0.1460,-0.6053,-0.2740,0.7330
57.171,0,6.478,-0.676,-1.687,-0.1480,-0.6058,-0.2743,0.7320
57.213,0,6.478,-0.675,-1.688,-0.1490,-0.6067,-0.2745,0.7310
57.241,0,6.478,-0.675,-1.688,-0.1497,-0.6076,-0.2750,0.7299
57.268,0,6.478,-0.675,-1.688,-0.1488,-0.6084,-0.2749,0.7295
57.310,0,6.478,-0.676,-1.689,-0.1459,-0.6094,-0.2713,0.7306
57.338,0,6.478,-0.676,-1.688,-0.1442,-0.6097,-0.2695,0.7313
57.380,0,6.478,-0.677,-1.688,-0.1426,-0.6096,-0.2698,0.7316
57.408,0,6.478,-0.677,-1.688,-0.1426,-0.6091,-0.2718,0.7313
57.435,0,6.478,-0.677,-1.688,-0.1432,-0.6085,-0.2726,0.7314
57.477,0,6.477,-0.677,-1.688,-0.1429,-0.6080,-0.2721,0.7321
57.505,0,6.477,-0.677,-1.687,-0.1427,-0.6077,-0.2709,0.7328
57.546,0,6.477,-0.677,-1.687,-0.1422,-0.6076,-0.2688,0.7337
57.574,0,6.477,-0.677,-1.687,-0.1436,-0.6075,-0.2690,0.7335
57.602,0,6.476,-0.677,-1.687,-0.1437,-0.6070,-0.2679,0.7343
57.644,0,6.476,-0.677,-1.687,-0.1426,-0.6074,-0.2646,0.7354
57.672,0,6.476,-0.678,-1.687,-0.1419,-0.6075,-0.2646,0.7354
57.699,0,6.475,-0.678,-1.687,-0.1407,-0.6075,-0.2642,0.7358
57.742,0,6.475,-0.678,-1.687,-0.1401,-0.6079,-0.2643,0.7355
57.769,0,6.475,-0.678,-1.687,-0.1406,-0.6083,-0.2647,0.7349
57.811,0,6.475,-0.678,-1.687,-0.1415,-0.6081,-0.2656,0.7346
57.839,0,6.475,-0.677,-1.687,-0.1426,-0.6075,-0.2663,0.7346
57.867,0,6.475,-0.677,-1.688,-0.1445,-0.6068,-0.2674,0.7344
57.909,0,6.476,-0.676,-1.688,-0.1475,-0.6059,-0.2675,0.7345
57.937,0,6.476,-0.676,-1.688,-0.1480,-0.6059,-0.2659,0.7350
57.978,0,6.476,-0.676,-1.688,-0.1502,-0.6060,-0.2653,0.7347
58.006,0,6.477,-0.676,-1.689,-0.1509,-0.6060,-0.2657,0.7344
58.034,0,6.477,-0.676,-1.689,-0.1511,-0.6062,-0.2650,0.7344
58.077,0,6.477,-0.676,-1.689,-0.1523,-0.6066,-0.2652,0.7339
58.104,0,6.478,-0.676,-1.689,-0.1516,-0.6069,-0.2657,0.7335
58.145,0,6.478,-0.676,-1.689,-0.1520,-0.6071,-0.2666,0.7330
58.173,0,6.478,-0.675,-1.689,-0.1521,-0.6070,-0.2672,0.7328
58.201,0,6.478,-0.675,-1.689,-0.1517,-0.6068,-0.2675,0.7330
58.243,0,6.478,-0.675,-1.689,-0.1520,-0.6061,-0.2675,0.7335
58.271,0,6.479,-0.676,-1.689,-0.1520,-0.6056,-0.2667,0.7341
58.312,0,6.479,-0.675,-1.689,-0.1531,-0.6052,-0.2672,0.7341
58.340,0,6.479,-0.675,-1.689,-0.1548,-0.6050,-0.2676,0.7338
58.369,0,6.479,-0.675,-1.689,-0.1552,-0.6051,-0.2673,0.7337
58.410,0,6.480,-0.675,-1.690,-0.1560,-0.6050,-0.2679,0.7334
58.438,0,6.480,-0.675,-1.690,-0.1575,-0.6048,-0.2690,0.7328
58.480,0,6.480,-0.675,-1.690,-0.1574,-0.6050,-0.2695,0.7325
58.507,0,6.480,-0.675,-1.690,-0.1570,-0.6053,-0.2685,0.7327
58.536,0,6.480,-0.675,-1.690,-0.1567,-0.6059,-0.2669,0.7329
58.577,0,6.480,-0.675,-1.691,-0.1574,-0.6064,-0.2683,0.7318
58.605,0,6.480,-0.675,-1.691,-0.1578,-0.6065,-0.2687,0.7315
58.646,0,6.480,-0.675,-1.691,-0.1571,-0.6072,-0.2680,0.7313
58.675,0,6.480,-0.675,-1.691,-0.1569,-0.6075,-0.2681,0.7311
58.702,0,6.480,-0.675,-1.691,-0.1572,-0.6073,-0.2682,0.7311
58.744,0,6.480,-0.675,-1.692,-0.1576,-0.6069,-0.2671,0.7317
58.772,0,6.480,-0.675,-1.692,-0.1576,-0.6071,-0.2664,0.7318
58.800,0,6.480,-0.675,-1.692,-0.1579,-0.6070,-0.2660,0.7320
58.842,0,6.480,-0.675,-1.692,-0.1588,-0.6071,-0.2656,0.7319
58.869,0,6.480,-0.675,-1.692,-0.1587,-0.6068,-0.2672,0.7316
58.911,0,6.480,-0.675,-1.692,-0.1605,-0.6061,-0.2676,0.7316
58.939,0,6.480,-0.675,-1.692,-0.1597,-0.6063,-0.2655,0.7324
58.967,0,6.480,-0.675,-1.692,-0.1598,-0.6059,-0.2657,0.7326
59.009,0,6.480,-0.675,-1.691,-0.1600,-0.6056,-0.2660,0.7327
59.036,0,6.480,-0.675,-1.691,-0.1595,-0.6056,-0.2663,0.7327
59.078,0,6.479,-0.675,-1.691,-0.1596,-0.6055,-0.2669,0.7326
59.106,0,6.479,-0.675,-1.691,-0.1592,-0.6054,-0.2672,0.7326
59.133,0,6.479,-0.675,-1.691,-0.1586,-0.6053,-0.2668,0.7330
59.175,0,6.479,-0.675,-1.691,-0.1584,-0.6049,-0.2664,0.7335
59.203,0,6.479,-0.675,-1.691,-0.1582,-0.6049,-0.2669,0.7334
59.245,0,6.478,-0.676,-1.691,-0.1572,-0.6049,-0.2666,0.7337
59.273,0,6.478,-0.676,-1.690,-0.1565,-0.6046,-0.2667,0.7341
59.301,0,6.478,-0.676,-1.691,-0.1554,-0.6041,-0.2664,0.7348
59.343,0,6.478,-0.676,-1.691,-0.1557,-0.6041,-0.2650,0.7352
59.370,0,6.478,-0.676,-1.691,-0.1547,-0.6043,-0.2644,0.7355
59.412,0,6.478,-0.676,-1.691,-0.1541,-0.6047,-0.2638,0.7355
59.441,0,6.478,-0.676,-1.691,-0.1571,-0.6044,-0.2644,0.7349
59.468,0,6.478,-0.676,-1.691,-0.1568,-0.6052,-0.2647,0.7342
59.510,0,6.478,-0.676,-1.692,-0.1562,-0.6062,-0.2650,0.7335
59.538,0,6.478,-0.676,-1.692,-0.1567,-0.6065,-0.2655,0.7329
59.579,0,6.479,-0.676,-1.692,-0.1576,-0.6065,-0.2662,0.7324
59.607,0,6.479,-0.676,-1.692,-0.1581,-0.6067,-0.2662,0.7321
59.635,0,6.479,-0.675,-1.693,-0.1589,-0.6072,-0.2661,0.7316
59.677,0,6.479,-0.675,-1.693,-0.1595,-0.6076,-0.2666,0.7309
59.704,0,6.480,-0.675,-1.693,-0.1616,-0.6075,-0.2679,0.7301
59.747,0,6.480,-0.674,-1.693,-0.1654,-0.6072,-0.2711,0.7283
59.775,0,6.480,-0.674,-1.693,-0.1650,-0.6075,-0.2708,0.7283
59.803,0,6.480,-0.674,-1.693,-0.1650,-0.6078,-0.2710,0.7279
59.844,0,6.480,-0.673,-1.694,-0.1667,-0.6079,-0.2717,0.7272
59.872,0,6.480,-0.673,-1.694,-0.1672,-0.6079,-0.2718,0.7271
59.899,0,6.480,-0.673,-1.694,-0.1669,-0.6079,-0.2718,0.7271
59.941,0,6.480,-0.674,-1.694,-0.1660,-0.6082,-0.2710,0.7273
59.969,0,6.480,-0.674,-1.694,-0.1666,-0.6084,-0.2714,0.7270
60.011,0,6.481,-0.674,-1.694,-0.1672,-0.6082,-0.2727,0.7265
60.039,0,6.482,-0.674,-1.695,-0.1652,-0.6084,-0.2712,0.7273
60.067,0,6.482,-0.674,-1.695,-0.1648,-0.6087,-0.2707,0.7273
60.109,0,6.482,-0.674,-1.695,-0.1658,-0.6086,-0.2720,0.7267
60.136,0,6.483,-0.674,-1.695,-0.1658,-0.6087,-0.2721,0.7266
60.178,0,6.483,-0.674,-1.695,-0.1661,-0.6086,-0.2728,0.7263
60.206,0,6.483,-0.674,-1.695,-0.1678,-0.6084,-0.2740,0.7257
60.234,0,6.483,-0.674,-1.695,-0.1677,-0.6086,-0.2736,0.7256
60.276,0,6.483,-0.674,-1.695,-0.1661,-0.6089,-0.2727,0.7261
60.304,0,6.483,-0.674,-1.695,-0.1664,-0.6088,-0.2727,0.7262
60.346,0,6.482,-0.674,-1.695,-0.1653,-0.6091,-0.2714,0.7266
60.373,0,6.482,-0.674,-1.695,-0.1654,-0.6091,-0.2717,0.7265
60.401,0,6.482,-0.674,-1.695,-0.1654,-0.6089,-0.2719,0.7266
60.442,0,6.482,-0.674,-1.695,-0.1642,-0.6093,-0.2706,0.7270
60.470,0,6.482,-0.674,-1.695,-0.1649,-0.6094,-0.2711,0.7266
60.513,0,6.482,-0.674,-1.695,-0.1649,-0.6091,-0.2708,0.7269
60.541,0,6.482,-0.674,-1.695,-0.1653,-0.6091,-0.2711,0.7267
60.568,0,6.482,-0.674,-1.695,-0.1677,-0.6089,-0.2722,0.7259
60.609,0,6.482,-0.673,-1.694,-0.1679,-0.6084,-0.2712,0.7267
60.637,0,6.481,-0.673,-1.694,-0.1678,-0.6081,-0.2708,0.7271
60.679,0,6.481,-0.673,-1.694,-0.1692,-0.6074,-0.2723,0.7269
60.707,0,6.481,-0.673,-1.694,-0.1686,-0.6071,-0.2722,0.7272
60.735,0,6.481,-0.673,-1.693,-0.1692,-0.6064,-0.2731,0.7274
60.777,0,6.480,-0.672,-1.693,-0.1713,-0.6059,-0.2752,0.7265
60.805,0,6.480,-0.672,-1.694,-0.1723,-0.6058,-0.2756,0.7262
60.846,0,6.480,-0.671,-1.694,-0.1751,-0.6055,-0.2773,0.7251
60.874,0,6.480,-0.671,-1.694,-0.1772,-0.6050,-0.2797,0.7241
60.902,0,6.480,-0.671,-1.694,-0.1784,-0.6044,-0.2807,0.7239
60.944,0,6.480,-0.671,-1.694,-0.1774,-0.6043,-0.2769,0.7257
60.972,0,6.480,-0.672,-1.694,-0.1750,-0.6046,-0.2739,0.7272
60.999,0,6.480,-0.672,-1.695,-0.1747,-0.6045,-0.2724,0.7279
61.042,0,6.480,-0.673,-1.694,-0.1749,-0.6042,-0.2693,0.7293
61.070,0,6.480,-0.673,-1.694,-0.1737,-0.6039,-0.2681,0.7302
61.111,0,6.481,-0.673,-1.694,-0.1718,-0.6033,-0.2674,0.7315
61.139,0,6.481,-0.674,-1.694,-0.1701,-0.6032,-0.2670,0.7320
61.167,0,6.481,-0.674,-1.694,-0.1678,-0.6032,-0.2668,0.7327
61.208,0,6.481,-0.675,-1.693,-0.1644,-0.6034,-0.2661,0.7335
61.236,0,6.481,-0.675,-1.693,-0.1635,-0.6039,-0.2660,0.7334
61.279,0,6.481,-0.675,-1.693,-0.1622,-0.6048,-0.2675,0.7324
61.306,0,6.481,-0.675,-1.693,-0.1626,-0.6044,-0.2686,0.7322
61.333,0,6.481,-0.675,-1.693,-0.1639,-0.6043,-0.2683,0.7321
61.376,0,6.481,-0.674,-1.693,-0.1665,-0.6038,-0.2679,0.7321
61.403,0,6.481,-0.675,-1.693,-0.1634,-0.6041,-0.2650,0.7336
61.445,0,6.481,-0.675,-1.693,-0.1637,-0.6047,-0.2642,0.7333
61.473,0,6.481,-0.675,-1.694,-0.1645,-0.6051,-0.2643,0.7327
61.501,0,6.481,-0.675,-1.694,-0.1650,-0.6056,-0.2647,0.7321
61.543,0,6.481,-0.675,-1.694,-0.1657,-0.6061,-0.2646,0.7316
61.570,0,6.481,-0.675,-1.694,-0.1660,-0.6069,-0.2642,0.7310
61.612,0,6.481,-0.675,-1.694,-0.1664,-0.6077,-0.2643,0.7301
61.640,0,6.482,-0.674,-1.695,-0.1676,-0.6076,-0.2660,0.7294
61.668,0,6.482,-0.674,-1.695,-0.1695,-0.6072,-0.2674,0.7287
61.709,0,6.482,-0.672,-1.695,-0.1749,-0.6067,-0.2706,0.7267
61.737,0,6.483,-0.672,-1.696,-0.1756,-0.6069,-0.2706,0.7264
61.779,0,6.483,-0.672,-1.696,-0.1773,-0.6075,-0.2709,0.7254
61.806,0,6.483,-0.671,-1.696,-0.1798,-0.6070,-0.2713,0.7250
61.835,0,6.483,-0.671,-1.697,-0.1797,-0.6069,-0.2699,0.7256
61.876,0,6.483,-0.673,-1.697,-0.1752,-0.6081,-0.2665,0.7270
61.904,0,6.482,-0.673,-1.697,-0.1744,-0.6089,-0.2661,0.7266
61.946,0,6.482,-0.673,-1.698,-0.1751,-0.6101,-0.2676,0.7249
61.974,0,6.482,-0.673,-1.698,-0.1746,-0.6114,-0.2685,0.7236
62.001,0,6.481,-0.673,-1.698,-0.1746,-0.6129,-0.2679,0.7226
62.043,0,6.481,-0.673,-1.698,-0.1727,-0.6144,-0.2664,0.7223
62.071,0,6.480,-0.673,-1.698,-0.1702,-0.6151,-0.2647,0.7229
62.100,0,6.480,-0.673,-1.698,-0.1705,-0.6151,-0.2647,0.7228
62.141,0,6.480,-0.673,-1.699,-0.1713,-0.6149,-0.2649,0.7227
62.168,0,6.480,-0.674,-1.699,-0.1704,-0.6149,-0.2638,0.7234
62.211,0,6.480,-0.674,-1.699,-0.1707,-0.6142,-0.2632,0.7241
62.239,0,6.480,-0.674,-1.699,-0.1690,-0.6144,-0.2606,0.7252
62.266,0,6.480,-0.675,-1.698,-0.1684,-0.6141,-0.2590,0.7263
62.308,0,6.480,-0.675,-1.698,-0.1688,-0.6123,-0.2583,0.7279
62.336,0,6.480,-0.675,-1.698,-0.1688,-0.6118,-0.2585,0.7283
62.377,0,6.480,-0.674,-1.698,-0.1703,-0.6113,-0.2600,0.7278
62.405,0,6.480,-0.674,-1.697,-0.1705,-0.6113,-0.2594,0.7280
62.433,0,6.479,-0.674,-1.697,-0.1700,-0.6117,-0.2586,0.7281
62.475,0,6.479,-0.674,-1.697,-0.1685,-0.6125,-0.2585,0.7278
62.503,0,6.478,-0.674,-1.698,-0.1700,-0.6125,-0.2601,0.7268
62.545,0,6.478,-0.674,-1.698,-0.1706,-0.6129,-0.2606,0.7262
62.573,0,6.478,-0.674,-1.698,-0.1703,-0.6131,-0.2606,0.7261
62.601,0,6.478,-0.674,-1.698,-0.1694,-0.6132,-0.2595,0.7266
62.642,0,6.478,-0.674,-1.698,-0.1679,-0.6136,-0.2583,0.7270
62.670,0,6.478,-0.674,-1.698,-0.1678,-0.6134,-0.2588,0.7270
62.712,0,6.479,-0.674,-1.698,-0.1688,-0.6129,-0.2592,0.7271
62.739,0,6.479,-0.674,-1.698,-0.1689,-0.6128,-0.2588,0.7273
62.768,0,6.479,-0.674,-1.698,-0.1696,-0.6127,-0.2589,0.7272
62.809,0,6.479,-0.674,-1.698,-0.1700,-0.6127,-0.2587,0.7272
62.837,0,6.479,-0.674,-1.698,-0.1705,-0.6127,-0.2591,0.7269
62.879,0,6.479,-0.674,-1.698,-0.1714,-0.6126,-0.2598,0.7265
62.906,0,6.480,-0.673,-1.698,-0.1741,-0.6120,-0.2620,0.7256
62.934,0,6.480,-0.673,-1.698,-0.1759,-0.6112,-0.2632,0.7254
62.976,0,6.480,-0.672,-1.697,-0.1762,-0.6101,-0.2638,0.7260
63.004,0,6.481,-0.672,-1.697,-0.1761,-0.6095,-0.2636,0.7267
63.046,0,6.481,-0.673,-1.697,-0.1749,-0.6090,-0.2629,0.7276
63.074,0,6.481,-0.673,-1.697,-0.1742,-0.6092,-0.2627,0.7277
63.101,0,6.481,-0.673,-1.697,-0.1744,-0.6092,-0.2633,0.7274
63.144,0,6.481,-0.673,-1.697,-0.1750,-0.6098,-0.2639,0.7265
63.171,0,6.481,-0.673,-1.697,-0.1752,-0.6099,-0.2646,0.7261
63.213,0,6.481,-0.673,-1.697,-0.1748,-0.6101,-0.2645,0.7261
63.241,0,6.481,-0.673,-1.697,-0.1752,-0.6100,-0.2641,0.7263
63.269,0,6.481,-0.673,-1.697,-0.1753,-0.6097,-0.2637,0.7266
63.310,0,6.481,-0.673,-1.697,-0.1755,-0.6080,-0.2652,0.7274
63.339,0,6.481,-0.673,-1.697,-0.1759,-0.6071,-0.2661,0.7278
63.380,0,6.481,-0.673,-1.697,-0.1757,-0.6061,-0.2672,0.7283
63.408,0,6.481,-0.673,-1.696,-0.1757,-0.6057,-0.2673,0.7286
63.436,0,6.481,-0.673,-1.696,-0.1757,-0.6056,-0.2665,0.7289
63.477,0,6.481,-0.673,-1.696,-0.1754,-0.6058,-0.2667,0.7288
63.506,0,6.481,-0.673,-1.697,-0.1756,-0.6065,-0.2673,0.7279
63.533,0,6.481,-0.673,-1.697,-0.1759,-0.6073,-0.2679,0.7269
63.575,0,6.481,-0.673,-1.697,-0.1761,-0.6082,-0.2688,0.7258
63.603,0,6.482,-0.673,-1.697,-0.1755,-0.6088,-0.2679,0.7258
63.644,0,6.482,-0.673,-1.697,-0.1728,-0.6097,-0.2670,0.7261
63.672,0,6.482,-0.673,-1.697,-0.1732,-0.6095,-0.2674,0.7260
63.701,0,6.482,-0.673,-1.697,-0.1748,-0.6091,-0.2685,0.7255
63.742,0,6.483,-0.673,-1.698,-0.1767,-0.6088,-0.2706,0.7245
63.770,0,6.483,-0.672,-1.698,-0.1778,-0.6088,-0.2715,0.7239
63.812,0,6.483,-0.672,-1.698,-0.1790,-0.6090,-0.2729,0.7229
63.840,0,6.483,-0.672,-1.698,-0.1791,-0.6089,-0.2739,0.7226
63.868,0,6.483,-0.672,-1.698,-0.1788,-0.6087,-0.2743,0.7227
63.909,0,6.483,-0.672,-1.698,-0.1768,-0.6096,-0.2719,0.7233
63.937,0,6.483,-0.673,-1.698,-0.1728,-0.6108,-0.2687,0.7245
63.979,0,6.483,-0.673,-1.698,-0.1717,-0.6115,-0.2679,0.7244
64.007,0,6.483,-0.673,-1.698,-0.1718,-0.6119,-0.2685,0.7238
64.035,0,6.482,-0.673,-1.698,-0.1721,-0.6121,-0.2689,0.7234
64.076,0,6.482,-0.673,-1.698,-0.1718,-0.6123,-0.2684,0.7235
64.104,0,6.482,-0.673,-1.698,-0.1724,-0.6122,-0.2691,0.7233
64.146,0,6.481,-0.673,-1.697,-0.1741,-0.6110,-0.2706,0.7233
64.174,0,6.481,-0.673,-1.697,-0.1720,-0.6113,-0.2688,0.7242
64.202,0,6.481,-0.674,-1.697,-0.1699,-0.6118,-0.2673,0.7248
64.244,0,6.480,-0.674,-1.697,-0.1698,-0.6115,-0.2668,0.7253
64.271,0,6.480,-0.674,-1.697,-0.1679,-0.6119,-0.2645,0.7262
64.313,0,6.479,-0.674,-1.697,-0.1680,-0.6122,-0.2625,0.7267
64.341,0,6.479,-0.674,-1.697,-0.1689,-0.6115,-0.2608,0.7277
64.369,0,6.479,-0.674,-1.697,-0.1713,-0.6104,-0.2597,0.7285
64.410,0,6.479,-0.673,-1.698,-0.1723,-0.6102,-0.2590,0.7286
64.438,0,6.478,-0.673,-1.698,-0.1737,-0.6110,-0.2590,0.7276
64.466,0,6.478,-0.673,-1.699,-0.1754,-0.6122,-0.2584,0.7265
64.508,0,6.478,-0.673,-1.700,-0.1771,-0.6139,-0.2591,0.7243
64.536,0,6.478,-0.672,-1.700,-0.1772,-0.6152,-0.2601,0.7228
64.577,0,6.478,-0.672,-1.700,-0.1761,-0.6165,-0.2613,0.7215
64.606,0,6.478,-0.673,-1.700,-0.1752,-0.6169,-0.2612,0.7215
64.634,0,6.478,-0.673,-1.700,-0.1727,-0.6171,-0.2603,0.7222
64.675,0,6.478,-0.673,-1.700,-0.1721,-0.6168,-0.2590,0.7231
64.703,0,6.478,-0.674,-1.700,-0.1712,-0.6163,-0.2591,0.7237
64.745,0,6.478,-0.674,-1.700,-0.1704,-0.6159,-0.2595,0.7241
64.773,0,6.478,-0.674,-1.699,-0.1717,-0.6155,-0.2600,0.7239
64.800,0,6.478,-0.674,-1.699,-0.1703,-0.6155,-0.2593,0.7245
64.842,0,6.478,-0.674,-1.699,-0.1695,-0.6158,-0.2589,0.7246
64.870,0,6.478,-0.674,-1.699,-0.1699,-0.6160,-0.2588,0.7243
64.912,0,6.478,-0.674,-1.699,-0.1704,-0.6164,-0.2590,0.7238
64.940,0,6.478,-0.674,-1.699,-0.1695,-0.6167,-0.2577,0.7242
64.967,0,6.477,-0.674,-1.699,-0.1685,-0.6173,-0.2565,0.7244
65.009,0,6.477,-0.674,-1.699,-0.1696,-0.6172,-0.2575,0.7239
65.037,0,6.477,-0.674,-1.699,-0.1699,-0.6169,-0.2582,0.7238
65.080,0,6.477,-0.673,-1.699,-0.1708,-0.6166,-0.2594,0.7234
65.108,0,6.477,-0.673,-1.699,-0.1719,-0.6165,-0.2604,0.7229
65.134,0,6.477,-0.672,-1.699,-0.1742,-0.6160,-0.2613,0.7224
65.176,0,6.477,-0.672,-1.698,-0.1778,-0.6145,-0.2641,0.7219
65.204,0,6.477,-0.671,-1.698,-0.1785,-0.6139,-0.2648,0.7219
65.246,0,6.477,-0.672,-1.698,-0.1776,-0.6136,-0.2637,0.7227
65.274,0,6.478,-0.672,-1.698,-0.1760,-0.6133,-0.2636,0.7235
65.301,0,6.478,-0.674,-1.698,-0.1718,-0.6140,-0.2600,0.7252
65.343,0,6.479,-0.673,-1.697,-0.1708,-0.6140,-0.2588,0.7258
65.371,0,6.479,-0.673,-1.697,-0.1724,-0.6131,-0.2615,0.7253
65.413,0,6.479,-0.673,-1.697,-0.1725,-0.6137,-0.2619,0.7245
65.441,0,6.478,-0.673,-1.697,-0.1712,-0.6139,-0.2601,0.7254
65.469,0,6.478,-0.673,-1.698,-0.1702,-0.6146,-0.2593,0.7253
65.510,0,6.478,-0.673,-1.698,-0.1710,-0.6162,-0.2608,0.7232
65.538,0,6.478,-0.673,-1.699,-0.1699,-0.6174,-0.2606,0.7225
65.566,0,6.478,-0.674,-1.699,-0.1681,-0.6192,-0.2588,0.7221
65.608,0,6.477,-0.675,-1.700,-0.1627,-0.6232,-0.2546,0.7214
65.635,0,6.477,-0.676,-1.701,-0.1587,-0.6263,-0.2519,0.7205
65.677,0,6.476,-0.678,-1.702,-0.1500,-0.6316,-0.2423,0.7210
65.705,0,6.475,-0.680,-1.703,-0.1439,-0.6354,-0.2350,0.7213
65.733,0,6.475,-0.680,-1.703,-0.1387,-0.6382,-0.2303,0.7214
65.775,0,6.474,-0.680,-1.704,-0.1376,-0.6396,-0.2283,0.7210
65.803,0,6.474,-0.680,-1.704,-0.1394,-0.6395,-0.2279,0.7209
65.845,0,6.473,-0.680,-1.704,-0.1420,-0.6388,-0.2298,0.7204
65.873,0,6.473,-0.680,-1.704,-0.1434,-0.6378,-0.2309,0.7206
65.900,0,6.473,-0.679,-1.703,-0.1450,-0.6367,-0.2329,0.7206
65.942,0,6.473,-0.679,-1.703,-0.1459,-0.6345,-0.2347,0.7218
65.970,0,6.472,-0.679,-1.702,-0.1452,-0.6331,-0.2346,0.7232
66.011,0,6.472,-0.680,-1.701,-0.1422,-0.6315,-0.2329,0.7258
66.039,0,6.472,-0.680,-1.701,-0.1402,-0.6306,-0.2323,0.7271
66.067,0,6.472,-0.681,-1.700,-0.1393,-0.6296,-0.2319,0.7282
66.110,0,6.472,-0.681,-1.700,-0.1376,-0.6284,-0.2320,0.7296
66.137,0,6.472,-0.681,-1.699,-0.1380,-0.6274,-0.2324,0.7303
66.179,0,6.472,-0.681,-1.699,-0.1375,-0.6266,-0.2313,0.7314
66.206,0,6.472,-0.681,-1.699,-0.1383,-0.6261,-0.2325,0.7313
66.234,0,6.473,-0.681,-1.698,-0.1391,-0.6256,-0.2339,0.7311
66.276,0,6.473,-0.680,-1.698,-0.1410,-0.6249,-0.2363,0.7306
66.304,0,6.473,-0.680,-1.698,-0.1422,-0.6244,-0.2379,0.7303
66.346,0,6.474,-0.679,-1.698,-0.1439,-0.6236,-0.2399,0.7299
66.373,0,6.474,-0.679,-1.698,-0.1456,-0.6231,-0.2416,0.7295
66.401,0,6.474,-0.678,-1.697,-0.1476,-0.6223,-0.2438,0.7290
66.443,0,6.474,-0.678,-1.698,-0.1484,-0.6218,-0.2441,0.7292
66.471,0,6.475,-0.678,-1.698,-0.1477,-0.6222,-0.2425,0.7295
66.513,0,6.475,-0.679,-1.698,-0.1481,-0.6224,-0.2422,0.7294
66.541,0,6.475,-0.678,-1.698,-0.1485,-0.6225,-0.2425,0.7291
66.568,0,6.475,-0.678,-1.698,-0.1490,-0.6227,-0.2428,0.7288
66.610,0,6.475,-0.678,-1.698,-0.1488,-0.6224,-0.2435,0.7288
66.638,0,6.475,-0.678,-1.698,-0.1482,-0.6217,-0.2437,0.7295
66.680,0,6.475,-0.679,-1.697,-0.1481,-0.6205,-0.2430,0.7307
66.708,0,6.475,-0.679,-1.697,-0.1467,-0.6200,-0.2416,0.7319
66.735,0,6.475,-0.679,-1.697,-0.1448,-0.6193,-0.2404,0.7333
66.777,0,6.474,-0.680,-1.696,-0.1437,-0.6178,-0.2400,0.7349
66.805,0,6.474,-0.680,-1.696,-0.1428,-0.6173,-0.2392,0.7358
66.833,0,6.474,-0.680,-1.696,-0.1414,-0.6166,-0.2378,0.7371
66.875,0,6.474,-0.681,-1.695,-0.1398,-0.6149,-0.2366,0.7391
66.902,0,6.474,-0.681,-1.695,-0.1393,-0.6136,-0.2361,0.7405
66.944,0,6.474,-0.681,-1.694,-0.1403,-0.6117,-0.2358,0.7419
66.972,0,6.474,-0.681,-1.694,-0.1411,-0.6107,-0.2363,0.7425
67.000,0,6.474,-0.680,-1.693,-0.1414,-0.6098,-0.2368,0.7430
67.042,0,6.474,-0.680,-1.693,-0.1410,-0.6087,-0.2371,0.7439
67.069,0,6.474,-0.680,-1.692,-0.1413,-0.6081,-0.2375,0.7442
67.112,0,6.474,-0.680,-1.692,-0.1414,-0.6070,-0.2384,0.7448
67.140,0,6.475,-0.680,-1.691,-0.1414,-0.6063,-0.2387,0.7453
67.167,0,6.475,-0.680,-1.691,-0.1416,-0.6055,-0.2393,0.7457
67.209,0,6.475,-0.680,-1.691,-0.1417,-0.6046,-0.2399,0.7462
67.237,0,6.475,-0.680,-1.691,-0.1422,-0.6040,-0.2404,0.7464
67.278,0,6.475,-0.680,-1.691,-0.1423,-0.6031,-0.2408,0.7470
67.306,0,6.475,-0.680,-1.691,-0.1419,-0.6026,-0.2404,0.7476
67.334,0,6.476,-0.680,-1.690,-0.1420,-0.6024,-0.2399,0.7479
67.376,0,6.476,-0.680,-1.690,-0.1425,-0.6021,-0.2404,0.7479
67.404,0,6.476,-0.680,-1.690,-0.1426,-0.6021,-0.2406,0.7478
67.445,0,6.476,-0.680,-1.690,-0.1434,-0.6018,-0.2413,0.7477
67.474,0,6.476,-0.680,-1.690,-0.1440,-0.6017,-0.2416,0.7476
67.501,0,6.476,-0.680,-1.690,-0.1449,-0.6016,-0.2416,0.7474
67.543,0,6.476,-0.679,-1.690,-0.1457,-0.6016,-0.2417,0.7473
67.570,0,6.476,-0.679,-1.690,-0.1458,-0.6015,-0.2419,0.7473
67.612,0,6.476,-0.679,-1.690,-0.1456,-0.6014,-0.2425,0.7472
67.640,0,6.476,-0.679,-1.690,-0.1456,-0.6013,-0.2426,0.7472
67.668,0,6.476,-0.679,-1.690,-0.1455,-0.6012,-0.2426,0.7474
67.710,0,6.476,-0.679,-1.690,-0.1450,-0.6012,-0.2425,0.7475
67.737,0,6.476,-0.679,-1.690,-0.1449,-0.6010,-0.2427,0.7476
67.780,0,6.476,-0.680,-1.690,-0.1449,-0.6013,-0.2420,0.7476
67.807,0,6.476,-0.680,-1.690,-0.1444,-0.6017,-0.2418,0.7474
67.835,0,6.476,-0.680,-1.690,-0.1443,-0.6022,-0.2415,0.7472
67.876,0,6.475,-0.680,-1.690,-0.1439,-0.6028,-0.2416,0.7467
67.905,0,6.475,-0.680,-1.690,-0.1435,-0.6030,-0.2414,0.7467
67.946,0,6.475,-0.680,-1.690,-0.1428,-0.6037,-0.2401,0.7467
67.974,0,6.475,-0.680,-1.690,-0.1419,-0.6040,-0.2395,0.7468
68.002,0,6.475,-0.680,-1.690,-0.1409,-0.6044,-0.2391,0.7468
68.044,0,6.474,-0.681,-1.690,-0.1401,-0.6043,-0.2386,0.7472
68.071,0,6.474,-0.681,-1.690,-0.1396,-0.6042,-0.2385,0.7474
68.113,0,6.474,-0.681,-1.690,-0.1390,-0.6041,-0.2377,0.7478
68.142,0,6.474,-0.681,-1.690,-0.1384,-0.6043,-0.2366,0.7481
68.169,0,6.474,-0.681,-1.691,-0.1373,-0.6050,-0.2345,0.7484
68.211,0,6.473,-0.682,-1.691,-0.1335,-0.6078,-0.2292,0.7485
68.239,0,6.472,-0.683,-1.692,-0.1304,-0.6099,-0.2269,0.7480
68.267,0,6.472,-0.683,-1.692,-0.1281,-0.6118,-0.2251,0.7474
68.308,0,6.471,-0.684,-1.692,-0.1248,-0.6135,-0.2227,0.7473
68.336,0,6.470,-0.684,-1.692,-0.1227,-0.6142,-0.2216,0.7474
68.378,0,6.470,-0.685,-1.692,-0.1203,-0.6152,-0.2189,0.7478
68.406,0,6.469,-0.685,-1.692,-0.1191,-0.6154,-0.2169,0.7483
68.434,0,6.468,-0.686,-1.692,-0.1179,-0.6151,-0.2157,0.7491
68.476,0,6.468,-0.685,-1.692,-0.1181,-0.6144,-0.2155,0.7497
68.503,0,6.467,-0.685,-1.692,-0.1189,-0.6139,-0.2159,0.7499
68.545,0,6.467,-0.685,-1.692,-0.1191,-0.6135,-0.2159,0.7502
68.573,0,6.467,-0.685,-1.692,-0.1191,-0.6136,-0.2153,0.7503
68.601,0,6.467,-0.686,-1.692,-0.1187,-0.6137,-0.2150,0.7504
68.642,0,6.467,-0.686,-1.692,-0.1186,-0.6141,-0.2145,0.7502
68.670,0,6.467,-0.686,-1.692,-0.1187,-0.6146,-0.2138,0.7500
68.712,0,6.467,-0.686,-1.692,-0.1194,-0.6151,-0.2139,0.7494
68.740,0,6.468,-0.686,-1.692,-0.1200,-0.6153,-0.2139,0.7492
68.768,0,6.468,-0.685,-1.692,-0.1203,-0.6153,-0.2148,0.7488
68.809,0,6.468,-0.685,-1.692,-0.1210,-0.6150,-0.2157,0.7487
68.838,0,6.468,-0.685,-1.692,-0.1211,-0.6148,-0.2157,0.7489
68.879,0,6.468,-0.685,-1.692,-0.1218,-0.6145,-0.2164,0.7488
68.907,0,6.469,-0.685,-1.692,-0.1222,-0.6141,-0.2168,0.7490
68.935,0,6.469,-0.685,-1.692,-0.1223,-0.6138,-0.2169,0.7492
68.977,0,6.469,-0.685,-1.692,-0.1226,-0.6134,-0.2171,0.7494
69.004,0,6.469,-0.685,-1.692,-0.1230,-0.6131,-0.2176,0.7494
69.033,0,6.469,-0.685,-1.692,-0.1238,-0.6128,-0.2183,0.7493
69.074,0,6.469,-0.685,-1.692,-0.1238,-0.6127,-0.2185,0.7493
69.102,0,6.469,-0.685,-1.692,-0.1239,-0.6128,-0.2182,0.7493
69.144,0,6.469,-0.684,-1.692,-0.1246,-0.6132,-0.2178,0.7491
69.172,0,6.470,-0.684,-1.692,-0.1250,-0.6135,-0.2182,0.7486
69.199,0,6.470,-0.684,-1.692,-0.1253,-0.6137,-0.2190,0.7482
69.241,0,6.470,-0.684,-1.692,-0.1259,-0.6137,-0.2198,0.7478
69.269,0,6.470,-0.684,-1.692,-0.1262,-0.6136,-0.2199,0.7478
69.311,0,6.470,-0.684,-1.692,-0.1268,-0.6132,-0.2201,0.7480
69.339,0,6.470,-0.684,-1.692,-0.1266,-0.6129,-0.2202,0.7482
69.366,0,6.470,-0.684,-1.692,-0.1264,-0.6128,-0.2203,0.7484
69.409,0,6.470,-0.684,-1.692,-0.1260,-0.6125,-0.2205,0.7486
69.436,0,6.470,-0.684,-1.691,-0.1260,-0.6123,-0.2205,0.7487
69.478,0,6.470,-0.684,-1.691,-0.1266,-0.6119,-0.2211,0.7488
69.507,0,6.470,-0.684,-1.691,-0.1273,-0.6116,-0.2218,0.7487
69.534,0,6.470,-0.683,-1.691,-0.1278,-0.6113,-0.2223,0.7487
69.575,0,6.471,-0.683,-1.691,-0.1290,-0.6110,-0.2229,0.7486
69.603,0,6.471,-0.683,-1.691,-0.1298,-0.6108,-0.2235,0.7484
69.645,0,6.471,-0.683,-1.691,-0.1304,-0.6108,-0.2241,0.7482
69.673,0,6.471,-0.683,-1.691,-0.1309,-0.6108,-0.2249,0.7478
69.701,0,6.472,-0.683,-1.691,-0.1311,-0.6106,-0.2253,0.7478
69.743,0,6.472,-0.683,-1.691,-0.1316,-0.6106,-0.2252,0.7477
69.771,0,6.472,-0.683,-1.691,-0.1316,-0.6105,-0.2258,0.7477
69.813,0,6.473,-0.682,-1.691,-0.1323,-0.6101,-0.2268,0.7475
69.840,0,6.473,-0.682,-1.691,-0.1327,-0.6099,-0.2273,0.7475
69.868,0,6.473,-0.682,-1.691,-0.1331,-0.6096,-0.2276,0.7476
69.909,0,6.473,-0.682,-1.691,-0.1341,-0.6093,-0.2281,0.7475
69.937,0,6.473,-0.682,-1.691,-0.1348,-0.6093,-0.2287,0.7472
69.979,0,6.473,-0.682,-1.691,-0.1351,-0.6094,-0.2297,0.7467
70.007,0,6.474,-0.682,-1.691,-0.1356,-0.6094,-0.2301,0.7465
70.035,0,6.474,-0.681,-1.691,-0.1359,-0.6094,-0.2302,0.7464
70.077,0,6.474,-0.682,-1.691,-0.1356,-0.6094,-0.2298,0.7466
70.104,0,6.474,-0.682,-1.692,-0.1352,-0.6094,-0.2292,0.7469
70.147,0,6.474,-0.682,-1.692,-0.1352,-0.6094,-0.2286,0.7470
70.174,0,6.474,-0.682,-1.692,-0.1354,-0.6094,-0.2288,0.7469
70.202,0,6.474,-0.682,-1.692,-0.1358,-0.6094,-0.2294,0.7467
70.244,0,6.474,-0.681,-1.692,-0.1368,-0.6094,-0.2302,0.7463
70.272,0,6.474,-0.681,-1.691,-0.1371,-0.6095,-0.2303,0.7461
70.314,0,6.474,-0.681,-1.691,-0.1369,-0.6094,-0.2303,0.7462
70.341,0,6.474,-0.681,-1.691,-0.1364,-0.6091,-0.2300,0.7466
70.369,0,6.474,-0.681,-1.691,-0.1356,-0.6088,-0.2296,0.7471
70.411,0,6.474,-0.682,-1.690,-0.1347,-0.6083,-0.2292,0.7478
70.439,0,6.474,-0.682,-1.690,-0.1345,-0.6080,-0.2292,0.7481
70.466,0,6.474,-0.682,-1.690,-0.1348,-0.6076,-0.2294,0.7483
70.508,0,6.474,-0.682,-1.690,-0.1351,-0.6071,-0.2300,0.7485
70.536,0,6.474,-0.681,-1.690,-0.1353,-0.6069,-0.2303,0.7486
70.578,0,6.474,-0.681,-1.690,-0.1358,-0.6070,-0.2310,0.7482
70.605,0,6.474,-0.681,-1.690,-0.1359,-0.6070,-0.2310,0.7482
70.633,0,6.474,-0.681,-1.690,-0.1362,-0.6071,-0.2307,0.7481
70.675,0,6.474,-0.681,-1.690,-0.1364,-0.6075,-0.2307,0.7477
70.702,0,6.474,-0.681,-1.690,-0.1363,-0.6077,-0.2307,0.7476
70.744,0,6.474,-0.681,-1.690,-0.1361,-0.6077,-0.2308,0.7476
70.772,0,6.474,-0.681,-1.690,-0.1360,-0.6075,-0.2308,0.7478
70.800,0,6.474,-0.681,-1.690,-0.1362,-0.6072,-0.2308,0.7480
70.842,0,6.474,-0.681,-1.690,-0.1369,-0.6067,-0.2313,0.7481
70.870,0,6.474,-0.681,-1.690,-0.1369,-0.6063,-0.2320,0.7482
70.911,0,6.474,-0.681,-1.690,-0.1379,-0.6055,-0.2328,0.7484
70.940,0,6.474,-0.681,-1.690,-0.1386,-0.6050,-0.2329,0.7487
70.967,0,6.475,-0.681,-1.690,-0.1387,-0.6045,-0.2327,0.7492
71.009,0,6.475,-0.681,-1.690,-0.1383,-0.6040,-0.2317,0.7500
71.037,0,6.475,-0.681,-1.690,-0.1381,-0.6041,-0.2309,0.7501
71.079,0,6.475,-0.681,-1.690,-0.1384,-0.6040,-0.2311,0.7501
71.107,0,6.475,-0.681,-1.690,-0.1393,-0.6037,-0.2319,0.7499
71.135,0,6.475,-0.681,-1.690,-0.1402,-0.6035,-0.2325,0.7498
71.176,0,6.475,-0.680,-1.690,-0.1411,-0.6029,-0.2331,0.7498
71.204,0,6.475,-0.680,-1.690,-0.1416,-0.6024,-0.2332,0.7501
71.246,0,6.475,-0.680,-1.689,-0.1416,-0.6015,-0.2328,0.7509
71.273,0,6.475,-0.680,-1.689,-0.1414,-0.6009,-0.2325,0.7515
71.301,0,6.475,-0.681,-1.689,-0.1415,-0.6002,-0.2322,0.7523
71.343,0,6.475,-0.681,-1.688,-0.1419,-0.5987,-0.2319,0.7534
71.371,0,6.475,-0.681,-1.688,-0.1423,-0.5978,-0.2320,0.7541
71.401,0,6.475,-0.680,-1.688,-0.1428,-0.5967,-0.2323,0.7547
71.441,0,6.476,-0.680,-1.688,-0.1442,-0.5955,-0.2324,0.7554
71.468,0,6.476,-0.680,-1.688,-0.1450,-0.5946,-0.2331,0.7557
71.511,0,6.476,-0.680,-1.688,-0.1464,-0.5934,-0.2337,0.7562
71.538,0,6.476,-0.680,-1.688,-0.1480,-0.5929,-0.2332,0.7565
71.568,0,6.476,-0.680,-1.688,-0.1491,-0.5922,-0.2334,0.7567
71.608,0,6.477,-0.680,-1.688,-0.1496,-0.5907,-0.2335,0.7577
71.636,0,6.477,-0.680,-1.687,-0.1501,-0.5901,-0.2331,0.7582
71.677,0,6.477,-0.680,-1.687,-0.1509,-0.5888,-0.2328,0.7592
71.705,0,6.477,-0.680,-1.687,-0.1511,-0.5880,-0.2324,0.7598
71.733,0,6.477,-0.680,-1.687,-0.1514,-0.5873,-0.2322,0.7604
71.775,0,6.477,-0.679,-1.687,-0.1526,-0.5859,-0.2329,0.7610
71.805,0,6.477,-0.679,-1.687,-0.1534,-0.5847,-0.2334,0.7616
71.844,0,6.477,-0.679,-1.687,-0.1547,-0.5831,-0.2327,0.7628
71.872,0,6.477,-0.679,-1.687,-0.1552,-0.5820,-0.2317,0.7639
71.900,0,6.477,-0.679,-1.687,-0.1558,-0.5809,-0.2308,0.7648
71.942,0,6.477,-0.679,-1.687,-0.1574,-0.5787,-0.2299,0.7664
71.969,0,6.477,-0.679,-1.686,-0.1590,-0.5773,-0.2295,0.7673
72.012,0,6.478,-0.679,-1.686,-0.1617,-0.5747,-0.2291,0.7688
72.039,0,6.478,-0.679,-1.686,-0.1633,-0.5730,-0.2284,0.7700
72.068,0,6.478,-0.679,-1.686,-0.1648,-0.5711,-0.2271,0.7714
72.109,0,6.478,-0.679,-1.686,-0.1671,-0.5687,-0.2256,0.7732
72.137,0,6.478,-0.679,-1.685,-0.1679,-0.5670,-0.2247,0.7745
72.179,0,6.478,-0.679,-1.685,-0.1691,-0.5646,-0.2237,0.7763
72.206,0,6.478,-0.678,-1.685,-0.1707,-0.5629,-0.2234,0.7772
72.234,0,6.478,-0.678,-1.685,-0.1723,-0.5612,-0.2228,0.7783
72.276,0,6.478,-0.678,-1.685,-0.1739,-0.5593,-0.2224,0.7795
72.304,0,6.478,-0.678,-1.685,-0.1750,-0.5584,-0.2221,0.7799
72.345,0,6.479,-0.678,-1.685,-0.1768,-0.5573,-0.2218,0.7804
72.373,0,6.479,-0.678,-1.685,-0.1780,-0.5567,-0.2222,0.7804
72.401,0,6.479,-0.677,-1.686,-0.1791,-0.5564,-0.2223,0.7803
72.443,0,6.479,-0.677,-1.686,-0.1798,-0.5564,-0.2218,0.7803
72.471,0,6.479,-0.677,-1.686,-0.1802,-0.5568,-0.2218,0.7799
72.499,0,6.479,-0.677,-1.686,-0.1804,-0.5571,-0.2223,0.7796
72.541,0,6.480,-0.677,-1.686,-0.1806,-0.5574,-0.2227,0.7792
72.569,0,6.480,-0.677,-1.687,-0.1809,-0.5577,-0.2227,0.7789
72.610,0,6.480,-0.677,-1.687,-0.1815,-0.5578,-0.2234,0.7785
72.639,0,6.480,-0.677,-1.687,-0.1819,-0.5578,-0.2237,0.7783
72.680,0,6.480,-0.677,-1.687,-0.1820,-0.5581,-0.2240,0.7780
72.708,0,6.480,-0.677,-1.688,-0.1818,-0.5584,-0.2238,0.7778
72.736,0,6.480,-0.677,-1.688,-0.1821,-0.5591,-0.2231,0.7775
72.778,0,6.480,-0.677,-1.689,-0.1823,-0.5600,-0.2231,0.7767
72.805,0,6.480,-0.677,-1.689,-0.1828,-0.5606,-0.2232,0.7762
72.833,0,6.480,-0.677,-1.689,-0.1832,-0.5612,-0.2234,0.7757
72.875,0,6.480,-0.676,-1.689,-0.1838,-0.5618,-0.2233,0.7750
72.903,0,6.480,-0.676,-1.690,-0.1844,-0.5622,-0.2233,0.7746
72.945,0,6.480,-0.676,-1.690,-0.1848,-0.5627,-0.2234,0.7741
72.972,0,6.480,-0.676,-1.690,-0.1846,-0.5631,-0.2229,0.7740
73.000,0,6.480,-0.676,-1.690,-0.1841,-0.5634,-0.2225,0.7741
73.042,0,6.480,-0.677,-1.690,-0.1833,-0.5637,-0.2222,0.7742
73.070,0,6.480,-0.677,-1.690,-0.1831,-0.5638,-0.2220,0.7741
73.111,0,6.480,-0.677,-1.690,-0.1832,-0.5638,-0.2218,0.7742
73.139,0,6.480,-0.677,-1.690,-0.1829,-0.5637,-0.2214,0.7745
73.167,0,6.480,-0.677,-1.690,-0.1824,-0.5637,-0.2211,0.7747
73.209,0,6.479,-0.677,-1.690,-0.1823,-0.5637,-0.2206,0.7748
73.236,0,6.479,-0.677,-1.690,-0.1824,-0.5638,-0.2205,0.7747
73.278,0,6.479,-0.677,-1.690,-0.1822,-0.5641,-0.2206,0.7745
73.306,0,6.479,-0.677,-1.690,-0.1819,-0.5646,-0.2198,0.7745
73.334,0,6.479,-0.677,-1.690,-0.1818,-0.5652,-0.2193,0.7742
73.376,0,6.479,-0.677,-1.690,-0.1804,-0.5663,-0.2191,0.7738
73.403,0,6.479,-0.677,-1.690,-0.1794,-0.5671,-0.2188,0.7735
73.446,0,6.479,-0.677,-1.690,-0.1789,-0.5680,-0.2180,0.7732
73.473,0,6.478,-0.678,-1.690,-0.1785,-0.5681,-0.2175,0.7733
73.501,0,6.478,-0.678,-1.690,-0.1781,-0.5682,-0.2169,0.7735
73.543,0,6.478,-0.678,-1.690,-0.1785,-0.5682,-0.2170,0.7734
73.571,0,6.478,-0.678,-1.690,-0.1786,-0.5681,-0.2172,0.7734
73.613,0,6.478,-0.678,-1.690,-0.1791,-0.5682,-0.2170,0.7733
73.640,0,6.478,-0.677,-1.691,-0.1798,-0.5684,-0.2170,0.7730
73.668,0,6.478,-0.677,-1.691,-0.1803,-0.5686,-0.2171,0.7727
73.710,0,6.478,-0.677,-1.691,-0.1802,-0.5691,-0.2171,0.7723
73.738,0,6.478,-0.677,-1.691,-0.1802,-0.5693,-0.2174,0.7721
73.780,0,6.478,-0.677,-1.691,-0.1804,-0.5693,-0.2178,0.7720
73.808,0,6.479,-0.677,-1.691,-0.1806,-0.5692,-0.2179,0.7719
73.835,0,6.479,-0.677,-1.691,-0.1812,-0.5692,-0.2178,0.7719
73.877,0,6.479,-0.677,-1.692,-0.1816,-0.5694,-0.2175,0.7717
73.905,0,6.479,-0.677,-1.692,-0.1816,-0.5697,-0.2178,0.7714
73.946,0,6.479,-0.677,-1.692,-0.1821,-0.5700,-0.2185,0.7709
73.975,0,6.479,-0.677,-1.692,-0.1828,-0.5700,-0.2190,0.7705
74.002,0,6.479,-0.677,-1.692,-0.1832,-0.5699,-0.2194,0.7704
74.044,0,6.479,-0.677,-1.692,-0.1834,-0.5700,-0.2196,0.7702
74.072,0,6.479,-0.677,-1.692,-0.1834,-0.5701,-0.2194,0.7702
74.100,0,6.479,-0.677,-1.692,-0.1834,-0.5702,-0.2191,0.7702
74.142,0,6.479,-0.677,-1.691,-0.1822,-0.5702,-0.2189,0.7706
74.169,0,6.479,-0.677,-1.691,-0.1816,-0.5699,-0.2187,0.7710
74.211,0,6.479,-0.677,-1.691,-0.1816,-0.5695,-0.2184,0.7713
74.239,0,6.479,-0.677,-1.691,-0.1817,-0.5693,-0.2186,0.7714
74.267,0,6.479,-0.677,-1.691,-0.1817,-0.5690,-0.2191,0.7715
74.308,0,6.479,-0.677,-1.690,-0.1818,-0.5686,-0.2198,0.7716
74.336,0,6.479,-0.676,-1.690,-0.1823,-0.5683,-0.2205,0.7715
74.378,0,6.479,-0.676,-1.690,-0.1825,-0.5682,-0.2204,0.7716
74.406,0,6.479,-0.676,-1.691,-0.1830,-0.5682,-0.2203,0.7714
74.434,0,6.479,-0.676,-1.691,-0.1830,-0.5683,-0.2204,0.7714
74.476,0,6.479,-0.676,-1.691,-0.1824,-0.5689,-0.2200,0.7712
74.503,0,6.479,-0.676,-1.691,-0.1825,-0.5693,-0.2200,0.7709
74.545,0,6.479,-0.677,-1.691,-0.1823,-0.5697,-0.2198,0.7707
74.573,0,6.479,-0.677,-1.691,-0.1819,-0.5700,-0.2196,0.7705
74.601,0,6.479,-0.677,-1.691,-0.1820,-0.5700,-0.2197,0.7705
74.642,0,6.480,-0.676,-1.691,-0.1824,-0.5693,-0.2203,0.7708
74.670,0,6.479,-0.676,-1.691,-0.1827,-0.5689,-0.2209,0.7708
74.712,0,6.479,-0.676,-1.691,-0.1834,-0.5683,-0.2212,0.7710
74.740,0,6.479,-0.676,-1.691,-0.1834,-0.5683,-0.2208,0.7711
74.768,0,6.480,-0.676,-1.691,-0.1833,-0.5685,-0.2207,0.7710
74.810,0,6.480,-0.676,-1.691,-0.1832,-0.5695,-0.2202,0.7704
74.838,0,6.480,-0.676,-1.691,-0.1833,-0.5703,-0.2205,0.7698
74.879,0,6.480,-0.676,-1.692,-0.1838,-0.5707,-0.2212,0.7691
74.907,0,6.480,-0.676,-1.691,-0.1839,-0.5710,-0.2210,0.7690
74.935,0,6.480,-0.676,-1.691,-0.1837,-0.5712,-0.2209,0.7689
74.977,0,6.480,-0.676,-1.691,-0.1833,-0.5712,-0.2208,0.7690
75.004,0,6.480,-0.676,-1.691,-0.1825,-0.5712,-0.2206,0.7693
75.046,0,6.480,-0.676,-1.691,-0.1825,-0.5705,-0.2217,0.7695
75.074,0,6.480,-0.676,-1.690,-0.1830,-0.5699,-0.2226,0.7695
75.102,0,6.480,-0.676,-1.690,-0.1836,-0.5692,-0.2230,0.7698
75.144,0,6.481,-0.676,-1.690,-0.1847,-0.5683,-0.2236,0.7700
75.172,0,6.481,-0.676,-1.690,-0.1848,-0.5680,-0.2237,0.7702
75.199,0,6.481,-0.676,-1.690,-0.1849,-0.5681,-0.2239,0.7700
75.241,0,6.482,-0.676,-1.691,-0.1854,-0.5687,-0.2244,0.7693
75.269,0,6.482,-0.676,-1.691,-0.1859,-0.5692,-0.2245,0.7688
75.311,0,6.482,-0.675,-1.691,-0.1864,-0.5697,-0.2246,0.7683
75.339,0,6.482,-0.675,-1.691,-0.1872,-0.5699,-0.2255,0.7676
75.367,0,6.482,-0.675,-1.692,-0.1877,-0.5698,-0.2266,0.7673
75.409,0,6.483,-0.675,-1.692,-0.1887,-0.5696,-0.2269,0.7671
75.436,0,6.483,-0.675,-1.692,-0.1892,-0.5695,-0.2269,0.7670
75.478,0,6.483,-0.675,-1.692,-0.1901,-0.5695,-0.2280,0.7665
75.506,0,6.483,-0.674,-1.692,-0.1908,-0.5696,-0.2288,0.7660
75.534,0,6.484,-0.674,-1.692,-0.1915,-0.5698,-0.2296,0.7654
75.576,0,6.484,-0.674,-1.692,-0.1925,-0.5703,-0.2309,0.7644
75.604,0,6.484,-0.674,-1.692,-0.1931,-0.5713,-0.2319,0.7633
75.645,0,6.484,-0.673,-1.693,-0.1928,-0.5757,-0.2355,0.7589
75.674,0,6.484,-0.673,-1.694,-0.1912,-0.5810,-0.2374,0.7547
75.702,0,6.484,-0.673,-1.695,-0.1882,-0.5868,-0.2398,0.7502
75.743,0,6.484,-0.673,-1.696,-0.1844,-0.5946,-0.2437,0.7437
75.771,0,6.484,-0.673,-1.697,-0.1823,-0.5997,-0.2464,0.7392
75.813,0,6.484,-0.673,-1.698,-0.1806,-0.6061,-0.2490,0.7335
75.841,0,6.484,-0.673,-1.698,-0.1806,-0.6091,-0.2507,0.7304
75.868,0,6.484,-0.673,-1.699,-0.1806,-0.6114,-0.2525,0.7279
75.910,0,6.485,-0.672,-1.700,-0.1805,-0.6144,-0.2548,0.7246
75.938,0,6.485,-0.672,-1.700,-0.1807,-0.6159,-0.2564,0.7227
75.980,0,6.485,-0.672,-1.701,-0.1806,-0.6177,-0.2570,0.7209
76.008,0,6.485,-0.672,-1.701,-0.1807,-0.6188,-0.2569,0.7200
76.036,0,6.486,-0.672,-1.701,-0.1803,-0.6196,-0.2573,0.7193
76.077,0,6.486,-0.672,-1.702,-0.1799,-0.6202,-0.2586,0.7184
76.105,0,6.486,-0.672,-1.702,-0.1796,-0.6210,-0.2591,0.7176
76.133,0,6.486,-0.672,-1.702,-0.1788,-0.6220,-0.2594,0.7168
76.174,0,6.487,-0.672,-1.702,-0.1782,-0.6229,-0.2596,0.7161
76.202,0,6.487,-0.672,-1.702,-0.1785,-0.6235,-0.2602,0.7153
76.244,0,6.487,-0.672,-1.702,-0.1791,-0.6241,-0.2620,0.7140
76.272,0,6.487,-0.672,-1.702,-0.1798,-0.6243,-0.2623,0.7135
76.300,0,6.487,-0.672,-1.702,-0.1799,-0.6245,-0.2625,0.7132
76.342,0,6.487,-0.672,-1.702,-0.1792,-0.6248,-0.2628,0.7130
76.370,0,6.487,-0.672,-1.702,-0.1784,-0.6251,-0.2627,0.7130
76.411,0,6.487,-0.672,-1.701,-0.1775,-0.6250,-0.2631,0.7132
76.439,0,6.487,-0.672,-1.701,-0.1768,-0.6253,-0.2633,0.7131
76.467,0,6.486,-0.672,-1.701,-0.1765,-0.6254,-0.2635,0.7129
76.509,0,6.486,-0.672,-1.701,-0.1766,-0.6254,-0.2640,0.7127
76.537,0,6.486,-0.672,-1.701,-0.1767,-0.6254,-0.2643,0.7126
76.578,0,6.486,-0.672,-1.701,-0.1768,-0.6255,-0.2644,0.7125
76.606,0,6.486,-0.672,-1.702,-0.1770,-0.6256,-0.2643,0.7123
76.634,0,6.486,-0.672,-1.702,-0.1769,-0.6257,-0.2642,0.7123
76.675,0,6.486,-0.672,-1.702,-0.1767,-0.6259,-0.2641,0.7122
76.703,0,6.486,-0.672,-1.702,-0.1764,-0.6263,-0.2640,0.7120
76.745,0,6.486,-0.672,-1.702,-0.1761,-0.6268,-0.2639,0.7117
76.773,0,6.486,-0.672,-1.702,-0.1759,-0.6271,-0.2637,0.7115
76.801,0,6.486,-0.672,-1.702,-0.1756,-0.6274,-0.2640,0.7112
76.843,0,6.486,-0.672,-1.702,-0.1755,-0.6276,-0.2650,0.7107
76.870,0,6.486,-0.672,-1.702,-0.1753,-0.6277,-0.2649,0.7107
76.913,0,6.486,-0.672,-1.702,-0.1756,-0.6277,-0.2653,0.7105
76.940,0,6.486,-0.672,-1.702,-0.1756,-0.6276,-0.2654,0.7105
76.968,0,6.486,-0.672,-1.702,-0.1754,-0.6275,-0.2653,0.7107
77.010,0,6.486,-0.672,-1.702,-0.1753,-0.6271,-0.2657,0.7109
77.038,0,6.487,-0.672,-1.701,-0.1754,-0.6269,-0.2657,0.7111
77.066,0,6.487,-0.672,-1.701,-0.1756,-0.6267,-0.2656,0.7113
77.107,0,6.487,-0.672,-1.701,-0.1758,-0.6265,-0.2660,0.7112
77.135,0,6.487,-0.672,-1.701,-0.1757,-0.6265,-0.2665,0.7110
77.177,0,6.487,-0.672,-1.701,-0.1760,-0.6266,-0.2662,0.7110
77.205,0,6.487,-0.672,-1.701,-0.1758,-0.6268,-0.2664,0.7108
77.233,0,6.487,-0.672,-1.701,-0.1757,-0.6267,-0.2664,0.7109
77.274,0,6.487,-0.672,-1.701,-0.1756,-0.6267,-0.2664,0.7109
77.302,0,6.487,-0.672,-1.701,-0.1755,-0.6267,-0.2663,0.7110
77.344,0,6.487,-0.672,-1.701,-0.1754,-0.6266,-0.2661,0.7112
77.372,0,6.487,-0.672,-1.701,-0.1753,-0.6266,-0.2659,0.7113
77.400,0,6.487,-0.672,-1.701,-0.1753,-0.6266,-0.2661,0.7113
77.442,0,6.487,-0.672,-1.701,-0.1753,-0.6264,-0.2663,0.7113
77.469,0,6.486,-0.672,-1.701,-0.1752,-0.6263,-0.2661,0.7115
77.511,0,6.486,-0.672,-1.701,-0.1751,-0.6262,-0.2662,0.7116
77.539,0,6.486,-0.672,-1.701,-0.1751,-0.6260,-0.2663,0.7117
77.567,0,6.486,-0.672,-1.701,-0.1751,-0.6260,-0.2662,0.7117
77.609,0,6.486,-0.672,-1.701,-0.1750,-0.6260,-0.2659,0.7119
77.637,0,6.486,-0.672,-1.701,-0.1750,-0.6260,-0.2659,0.7119
77.679,0,6.486,-0.672,-1.701,-0.1752,-0.6260,-0.2659,0.7119
77.706,0,6.487,-0.672,-1.701,-0.1752,-0.6260,-0.2657,0.7119
77.734,0,6.487,-0.672,-1.701,-0.1752,-0.6258,-0.2659,0.7121
77.776,0,6.487,-0.672,-1.701,-0.1753,-0.6251,-0.2661,0.7125
77.803,0,6.487,-0.672,-1.701,-0.1759,-0.6242,-0.2658,0.7133
77.845,0,6.487,-0.672,-1.700,-0.1775,-0.6217,-0.2656,0.7151
77.873,0,6.487,-0.672,-1.700,-0.1786,-0.6193,-0.2654,0.7170
77.901,0,6.487,-0.672,-1.699,-0.1797,-0.6169,-0.2651,0.7189
77.942,0,6.488,-0.672,-1.699,-0.1814,-0.6132,-0.2649,0.7217
77.971,0,6.488,-0.671,-1.698,-0.1827,-0.6105,-0.2646,0.7238
78.012,0,6.488,-0.671,-1.697,-0.1848,-0.6067,-0.2642,0.7266
78.040,0,6.488,-0.671,-1.697,-0.1862,-0.6044,-0.2642,0.7281
78.068,0,6.488,-0.671,-1.696,-0.1867,-0.6022,-0.2643,0.7298
78.110,0,6.488,-0.671,-1.696,-0.1871,-0.5993,-0.2639,0.7322
78.137,0,6.488,-0.671,-1.695,-0.1878,-0.5977,-0.2630,0.7337
78.179,0,6.488,-0.671,-1.695,-0.1880,-0.5958,-0.2622,0.7355
78.207,0,6.489,-0.671,-1.695,-0.1879,-0.5944,-0.2619,0.7367
78.235,0,6.489,-0.671,-1.694,-0.1885,-0.5933,-0.2616,0.7376
78.277,0,6.489,-0.671,-1.694,-0.1898,-0.5916,-0.2609,0.7388
78.304,0,6.489,-0.671,-1.694,-0.1906,-0.5905,-0.2605,0.7396
78.346,0,6.489,-0.671,-1.694,-0.1909,-0.5891,-0.2603,0.7408
78.374,0,6.489,-0.671,-1.694,-0.1912,-0.5884,-0.2602,0.7413
78.402,0,6.489,-0.671,-1.694,-0.1917,-0.5879,-0.2597,0.7417
78.444,0,6.489,-0.671,-1.694,-0.1927,-0.5875,-0.2588,0.7421
78.472,0,6.489,-0.671,-1.694,-0.1933,-0.5871,-0.2582,0.7425
78.499,0,6.489,-0.671,-1.694,-0.1936,-0.5866,-0.2577,0.7430
78.542,0,6.489,-0.671,-1.694,-0.1946,-0.5858,-0.2570,0.7436
78.569,0,6.489,-0.671,-1.694,-0.1950,-0.5852,-0.2565,0.7441
78.611,0,6.489,-0.671,-1.694,-0.1957,-0.5842,-0.2566,0.7447
78.639,0,6.489,-0.671,-1.694,-0.1960,-0.5837,-0.2562,0.7451
78.666,0,6.489,-0.671,-1.694,-0.1960,-0.5832,-0.2563,0.7455
78.708,0,6.489,-0.671,-1.694,-0.1955,-0.5825,-0.2559,0.7463
78.736,0,6.489,-0.671,-1.694,-0.1956,-0.5817,-0.2546,0.7474
78.778,0,6.489,-0.672,-1.694,-0.1958,-0.5806,-0.2531,0.7487
78.806,0,6.489,-0.672,-1.694,-0.1957,-0.5798,-0.2525,0.7495
78.833,0,6.489,-0.672,-1.694,-0.1961,-0.5788,-0.2519,0.7504
78.875,0,6.489,-0.672,-1.694,-0.1966,-0.5772,-0.2510,0.7517
78.903,0,6.489,-0.672,-1.694,-0.1970,-0.5766,-0.2505,0.7523
78.945,0,6.489,-0.672,-1.693,-0.1982,-0.5754,-0.2505,0.7529
78.972,0,6.489,-0.672,-1.693,-0.1983,-0.5747,-0.2505,0.7534
79.000,0,6.489,-0.672,-1.693,-0.1982,-0.5743,-0.2503,0.7538
79.042,0,6.489,-0.672,-1.693,-0.1980,-0.5740,-0.2499,0.7542
79.071,0,6.489,-0.672,-1.693,-0.1973,-0.5741,-0.2496,0.7544
79.112,0,6.488,-0.672,-1.693,-0.1969,-0.5745,-0.2492,0.7544
79.139,0,6.488,-0.672,-1.694,-0.1966,-0.5749,-0.2486,0.7543
79.167,0,6.488,-0.672,-1.694,-0.1967,-0.5752,-0.2481,0.7542
79.209,0,6.488,-0.672,-1.694,-0.1969,-0.5756,-0.2474,0.7542
79.237,0,6.488,-0.672,-1.694,-0.1970,-0.5757,-0.2468,0.7542
79.278,0,6.487,-0.672,-1.695,-0.1971,-0.5758,-0.2462,0.7543
79.306,0,6.487,-0.672,-1.695,-0.1975,-0.5758,-0.2457,0.7544
79.335,0,6.487,-0.672,-1.695,-0.1977,-0.5758,-0.2452,0.7544
79.376,0,6.487,-0.672,-1.695,-0.1975,-0.5759,-0.2443,0.7548
79.404,0,6.486,-0.673,-1.695,-0.1974,-0.5760,-0.2434,0.7550
79.446,0,6.486,-0.673,-1.695,-0.1970,-0.5763,-0.2420,0.7553
79.474,0,6.485,-0.673,-1.696,-0.1964,-0.5766,-0.2411,0.7555
79.502,0,6.485,-0.673,-1.696,-0.1965,-0.5768,-0.2399,0.7557
79.543,0,6.484,-0.673,-1.696,-0.1962,-0.5770,-0.2384,0.7561
79.571,0,6.484,-0.673,-1.696,-0.1960,-0.5770,-0.2381,0.7563
79.613,0,6.484,-0.673,-1.696,-0.1958,-0.5768,-0.2367,0.7569
79.640,0,6.484,-0.674,-1.696,-0.1956,-0.5767,-0.2358,0.7573
79.668,0,6.483,-0.674,-1.696,-0.1953,-0.5766,-0.2353,0.7576
79.709,0,6.483,-0.674,-1.696,-0.1949,-0.5761,-0.2341,0.7585
79.737,0,6.483,-0.674,-1.696,-0.1947,-0.5758,-0.2334,0.7590
79.780,0,6.483,-0.674,-1.696,-0.1946,-0.5752,-0.2325,0.7597
79.808,0,6.483,-0.674,-1.696,-0.1946,-0.5748,-0.2315,0.7603
79.835,0,6.482,-0.674,-1.696,-0.1947,-0.5745,-0.2310,0.7607
79.877,0,6.482,-0.674,-1.696,-0.1946,-0.5741,-0.2303,0.7612
79.906,0,6.482,-0.674,-1.696,-0.1950,-0.5738,-0.2301,0.7614
79.932,0,6.482,-0.674,-1.696,-0.1955,-0.5736,-0.2298,0.7616
79.975,0,6.482,-0.674,-1.696,-0.1956,-0.5737,-0.2291,0.7617
80.002,0,6.481,-0.674,-1.696,-0.1951,-0.5737,-0.2283,0.7620
80.045,0,6.481,-0.675,-1.696,-0.1945,-0.5738,-0.2277,0.7623
80.072,0,6.481,-0.675,-1.696,-0.1941,-0.5738,-0.2273,0.7625
80.100,0,6.481,-0.675,-1.695,-0.1937,-0.5738,-0.2272,0.7626
80.142,0,6.481,-0.675,-1.695,-0.1936,-0.5734,-0.2273,0.7629
80.170,0,6.481,-0.675,-1.695,-0.1936,-0.5732,-0.2273,0.7631
80.211,0,6.481,-0.675,-1.695,-0.1939,-0.5726,-0.2278,0.7633
80.239,0,6.481,-0.675,-1.695,-0.1943,-0.5723,-0.2280,0.7634
80.267,0,6.481,-0.675,-1.695,-0.1947,-0.5721,-0.2276,0.7635
80.309,0,6.481,-0.675,-1.695,-0.1950,-0.5719,-0.2273,0.7637
80.337,0,6.481,-0.675,-1.695,-0.1951,-0.5719,-0.2272,0.7637
80.378,0,6.481,-0.675,-1.696,-0.1953,-0.5722,-0.2269,0.7635
80.407,0,6.482,-0.675,-1.696,-0.1957,-0.5725,-0.2267,0.7632
80.435,0,6.482,-0.675,-1.696,-0.1959,-0.5728,-0.2267,0.7630
80.476,0,6.482,-0.674,-1.696,-0.1958,-0.5727,-0.2280,0.7627
80.504,0,6.482,-0.674,-1.696,-0.1956,-0.5723,-0.2283,0.7630
80.545,0,6.482,-0.674,-1.695,-0.1961,-0.5716,-0.2283,0.7633
80.574,0,6.482,-0.674,-1.695,-0.1961,-0.5711,-0.2285,0.7637
80.601,0,6.482,-0.674,-1.695,-0.1960,-0.5706,-0.2286,0.7640
80.643,0,6.482,-0.674,-1.695,-0.1965,-0.5705,-0.2284,0.7640
80.671,0,6.482,-0.674,-1.695,-0.1966,-0.5707,-0.2287,0.7638
80.713,0,6.482,-0.674,-1.695,-0.1967,-0.5708,-0.2290,0.7636
80.741,0,6.482,-0.674,-1.695,-0.1970,-0.5708,-0.2293,0.7634
80.768,0,6.482,-0.674,-1.695,-0.1968,-0.5707,-0.2297,0.7634
80.810,0,6.482,-0.674,-1.695,-0.1966,-0.5704,-0.2293,0.7638
80.838,0,6.482,-0.674,-1.695,-0.1964,-0.5703,-0.2292,0.7640
80.867,0,6.482,-0.674,-1.694,-0.1960,-0.5699,-0.2296,0.7642
80.908,0,6.482,-0.674,-1.694,-0.1954,-0.5696,-0.2298,0.7646
80.935,0,6.482,-0.674,-1.694,-0.1951,-0.5693,-0.2300,0.7648
80.977,0,6.482,-0.674,-1.694,-0.1950,-0.5687,-0.2298,0.7653
81.006,0,6.482,-0.674,-1.694,-0.1951,-0.5686,-0.2294,0.7655
81.033,0,6.482,-0.674,-1.694,-0.1951,-0.5687,-0.2292,0.7655
81.075,0,6.482,-0.674,-1.694,-0.1954,-0.5692,-0.2294,0.7650
81.103,0,6.482,-0.674,-1.694,-0.1957,-0.5699,-0.2297,0.7643
81.145,0,6.482,-0.674,-1.694,-0.1959,-0.5703,-0.2303,0.7637
81.172,0,6.483,-0.674,-1.694,-0.1960,-0.5704,-0.2305,0.7636
81.200,0,6.483,-0.674,-1.694,-0.1960,-0.5704,-0.2306,0.7636
81.242,0,6.483,-0.674,-1.694,-0.1962,-0.5696,-0.2307,0.7641
81.270,0,6.483,-0.674,-1.694,-0.1965,-0.5691,-0.2302,0.7645
81.312,0,6.483,-0.674,-1.694,-0.1965,-0.5690,-0.2297,0.7648
81.339,0,6.483,-0.674,-1.695,-0.1964,-0.5691,-0.2296,0.7647
81.367,0,6.483,-0.674,-1.695,-0.1966,-0.5698,-0.2294,0.7642
81.409,0,6.482,-0.674,-1.695,-0.1965,-0.5705,-0.2301,0.7635
81.437,0,6.482,-0.674,-1.695,-0.1962,-0.5707,-0.2297,0.7636
81.479,0,6.482,-0.674,-1.695,-0.1963,-0.5711,-0.2290,0.7635
81.507,0,6.482,-0.674,-1.695,-0.1959,-0.5712,-0.2292,0.7634
81.534,0,6.482,-0.674,-1.695,-0.1957,-0.5712,-0.2291,0.7635
81.576,0,6.482,-0.674,-1.695,-0.1957,-0.5710,-0.2285,0.7639
81.604,0,6.482,-0.674,-1.695,-0.1955,-0.5707,-0.2286,0.7641
81.646,0,6.482,-0.674,-1.695,-0.1957,-0.5702,-0.2283,0.7645
81.674,0,6.482,-0.674,-1.695,-0.1961,-0.5701,-0.2284,0.7644
81.702,0,6.482,-0.674,-1.695,-0.1960,-0.5702,-0.2288,0.7643
81.743,0,6.482,-0.674,-1.695,-0.1960,-0.5706,-0.2287,0.7640
81.771,0,6.482,-0.674,-1.695,-0.1960,-0.5709,-0.2285,0.7639
81.799,0,6.482,-0.674,-1.695,-0.1955,-0.5712,-0.2286,0.7637
81.841,0,6.482,-0.674,-1.695,-0.1953,-0.5711,-0.2287,0.7638
81.869,0,6.482,-0.674,-1.695,-0.1953,-0.5709,-0.2284,0.7640
81.911,0,6.482,-0.674,-1.695,-0.1953,-0.5705,-0.2285,0.7643
81.938,0,6.482,-0.674,-1.695,-0.1954,-0.5703,-0.2285,0.7644
81.966,0,6.482,-0.674,-1.695,-0.1956,-0.5703,-0.2285,0.7644
82.008,0,6.482,-0.674,-1.695,-0.1956,-0.5703,-0.2289,0.7643
82.035,0,6.482,-0.674,-1.695,-0.1958,-0.5702,-0.2289,0.7643
82.078,0,6.482,-0.674,-1.695,-0.1959,-0.5703,-0.2289,0.7642
82.105,0,6.482,-0.674,-1.695,-0.1958,-0.5704,-0.2290,0.7641
82.133,0,6.482,-0.674,-1.695,-0.1958,-0.5704,-0.2290,0.7641
82.175,0,6.482,-0.674,-1.695,-0.1959,-0.5705,-0.2288,0.7641
82.202,0,6.482,-0.674,-1.695,-0.1959,-0.5704,-0.2286,0.7642
82.244,0,6.482,-0.674,-1.695,-0.1958,-0.5704,-0.2284,0.7642
82.272,0,6.482,-0.674,-1.695,-0.1958,-0.5705,-0.2284,0.7642
82.300,0,6.482,-0.674,-1.695,-0.1957,-0.5706,-0.2283,0.7642
82.342,0,6.482,-0.674,-1.695,-0.1958,-0.5706,-0.2289,0.7640
82.370,0,6.482,-0.674,-1.695,-0.1958,-0.5704,-0.2290,0.7641
82.411,0,6.482,-0.674,-1.694,-0.1952,-0.5703,-0.2282,0.7646
82.439,0,6.482,-0.674,-1.694,-0.1955,-0.5704,-0.2283,0.7644
82.467,0,6.482,-0.674,-1.694,-0.1953,-0.5704,-0.2286,0.7643
82.509,0,6.482,-0.674,-1.694,-0.1951,-0.5705,-0.2284,0.7644
82.537,0,6.482,-0.674,-1.694,-0.1951,-0.5705,-0.2284,0.7644
82.578,0,6.482,-0.674,-1.694,-0.1955,-0.5703,-0.2284,0.7645
82.606,0,6.482,-0.674,-1.694,-0.1958,-0.5700,-0.2286,0.7645
82.634,0,6.482,-0.674,-1.694,-0.1961,-0.5697,-0.2292,0.7645
82.677,0,6.482,-0.674,-1.694,-0.1962,-0.5697,-0.2291,0.7645
82.704,0,6.482,-0.674,-1.694,-0.1961,-0.5698,-0.2287,0.7646
82.745,0,6.482,-0.674,-1.694,-0.1958,-0.5701,-0.2284,0.7645
82.774,0,6.481,-0.674,-1.694,-0.1953,-0.5707,-0.2281,0.7643
82.801,0,6.481,-0.674,-1.694,-0.1949,-0.5709,-0.2280,0.7642
82.843,0,6.481,-0.674,-1.694,-0.1949,-0.5710,-0.2277,0.7643
82.871,0,6.481,-0.674,-1.695,-0.1948,-0.5711,-0.2276,0.7643
82.913,0,6.481,-0.674,-1.694,-0.1950,-0.5708,-0.2276,0.7644
82.941,0,6.481,-0.674,-1.694,-0.1953,-0.5706,-0.2276,0.7645
82.968,0,6.481,-0.674,-1.694,-0.1951,-0.5705,-0.2277,0.7646
83.011,0,6.481,-0.674,-1.694,-0.1952,-0.5702,-0.2280,0.7647
83.038,0,6.481,-0.674,-1.694,-0.1951,-0.5703,-0.2279,0.7647
83.080,0,6.481,-0.674,-1.694,-0.1949,-0.5707,-0.2280,0.7644
83.108,0,6.481,-0.675,-1.694,-0.1943,-0.5708,-0.2282,0.7644
83.136,0,6.481,-0.675,-1.694,-0.1942,-0.5711,-0.2284,0.7642
83.178,0,6.481,-0.675,-1.695,-0.1947,-0.5711,-0.2284,0.7640
83.205,0,6.481,-0.675,-1.695,-0.1949,-0.5713,-0.2289,0.7637
83.233,0,6.481,-0.674,-1.695,-0.1947,-0.5714,-0.2298,0.7634
83.275,0,6.482,-0.674,-1.695,-0.1946,-0.5715,-0.2308,0.7630
83.302,0,6.482,-0.674,-1.695,-0.1946,-0.5717,-0.2313,0.7627
83.344,0,6.482,-0.674,-1.694,-0.1938,-0.5716,-0.2320,0.7628
83.372,0,6.482,-0.674,-1.694,-0.1937,-0.5716,-0.2318,0.7629
83.400,0,6.482,-0.674,-1.694,-0.1935,-0.5717,-0.2317,0.7629
83.442,0,6.482,-0.675,-1.694,-0.1928,-0.5715,-0.2324,0.7630
83.469,0,6.482,-0.674,-1.694,-0.1930,-0.5713,-0.2329,0.7630
83.511,0,6.482,-0.674,-1.694,-0.1931,-0.5713,-0.2331,0.7629
83.539,0,6.482,-0.674,-1.694,-0.1934,-0.5712,-0.2334,0.7628
83.567,0,6.483,-0.674,-1.694,-0.1939,-0.5713,-0.2341,0.7624
83.609,0,6.483,-0.674,-1.694,-0.1937,-0.5719,-0.2347,0.7618
83.637,0,6.483,-0.674,-1.694,-0.1935,-0.5722,-0.2347,0.7616
83.678,0,6.483,-0.674,-1.694,-0.1943,-0.5725,-0.2344,0.7613
83.706,0,6.483,-0.674,-1.694,-0.1937,-0.5726,-0.2342,0.7614
83.734,0,6.483,-0.674,-1.694,-0.1928,-0.5727,-0.2338,0.7617
83.776,0,6.482,-0.675,-1.694,-0.1913,-0.5729,-0.2326,0.7623
83.804,0,6.482,-0.675,-1.694,-0.1897,-0.5730,-0.2318,0.7629
83.846,0,6.482,-0.675,-1.694,-0.1891,-0.5725,-0.2321,0.7633
83.873,0,6.482,-0.675,-1.694,-0.1878,-0.5724,-0.2317,0.7638
83.901,0,6.482,-0.675,-1.694,-0.1873,-0.5722,-0.2315,0.7642
83.944,0,6.481,-0.676,-1.694,-0.1863,-0.5720,-0.2305,0.7648
83.971,0,6.481,-0.676,-1.694,-0.1865,-0.5721,-0.2294,0.7650
84.013,0,6.481,-0.676,-1.695,-0.1875,-0.5725,-0.2291,0.7646
84.040,0,6.481,-0.675,-1.695,-0.1898,-0.5727,-0.2306,0.7634
84.068,0,6.481,-0.675,-1.695,-0.1898,-0.5731,-0.2311,0.7630
84.110,0,6.481,-0.675,-1.695,-0.1883,-0.5740,-0.2306,0.7628
84.138,0,6.481,-0.675,-1.695,-0.1887,-0.5743,-0.2302,0.7626
84.166,0,6.481,-0.676,-1.695,-0.1877,-0.5748,-0.2298,0.7626
84.208,0,6.481,-0.676,-1.695,-0.1879,-0.5748,-0.2303,0.7624
84.236,0,6.481,-0.675,-1.695,-0.1879,-0.5742,-0.2303,0.7629
84.278,0,6.481,-0.676,-1.695,-0.1872,-0.5736,-0.2296,0.7637
84.305,0,6.481,-0.676,-1.695,-0.1871,-0.5734,-0.2298,0.7638
84.333,0,6.481,-0.676,-1.694,-0.1866,-0.5732,-0.2300,0.7640
84.374,0,6.481,-0.676,-1.694,-0.1867,-0.5728,-0.2306,0.7641
84.403,0,6.481,-0.676,-1.694,-0.1865,-0.5726,-0.2304,0.7644
84.444,0,6.481,-0.676,-1.694,-0.1865,-0.5724,-0.2305,0.7645
84.472,0,6.481,-0.676,-1.694,-0.1872,-0.5721,-0.2314,0.7643
84.500,0,6.481,-0.676,-1.694,-0.1866,-0.5720,-0.2316,0.7645
84.542,0,6.481,-0.676,-1.694,-0.1865,-0.5718,-0.2311,0.7648
84.570,0,6.481,-0.676,-1.694,-0.1870,-0.5718,-0.2309,0.7647
84.611,0,6.481,-0.676,-1.694,-0.1873,-0.5718,-0.2310,0.7646
84.639,0,6.481,-0.676,-1.694,-0.1869,-0.5720,-0.2307,0.7646
84.667,0,6.481,-0.676,-1.694,-0.1868,-0.5722,-0.2306,0.7645
84.709,0,6.481,-0.676,-1.694,-0.1869,-0.5725,-0.2308,0.7643
84.737,0,6.481,-0.676,-1.694,-0.1872,-0.5723,-0.2315,0.7641
84.778,0,6.481,-0.675,-1.694,-0.1874,-0.5718,-0.2318,0.7643
84.806,0,6.481,-0.675,-1.694,-0.1875,-0.5715,-0.2319,0.7645
84.834,0,6.481,-0.675,-1.694,-0.1877,-0.5713,-0.2317,0.7647
84.875,0,6.481,-0.675,-1.694,-0.1879,-0.5710,-0.2313,0.7650
84.903,0,6.481,-0.676,-1.694,-0.1872,-0.5708,-0.2310,0.7654
84.945,0,6.481,-0.676,-1.694,-0.1864,-0.5713,-0.2301,0.7655
84.973,0,6.480,-0.676,-1.694,-0.1866,-0.5718,-0.2297,0.7652
85.001,0,6.480,-0.676,-1.694,-0.1859,-0.5719,-0.2292,0.7654
85.043,0,6.480,-0.676,-1.694,-0.1863,-0.5719,-0.2295,0.7652
85.070,0,6.480,-0.676,-1.694,-0.1869,-0.5717,-0.2299,0.7651
85.112,0,6.480,-0.675,-1.694,-0.1873,-0.5712,-0.2307,0.7651
85.140,0,6.480,-0.675,-1.694,-0.1878,-0.5711,-0.2305,0.7651
85.168,0,6.480,-0.675,-1.694,-0.1878,-0.5713,-0.2305,0.7650
85.209,0,6.481,-0.676,-1.694,-0.1866,-0.5718,-0.2309,0.7647
85.238,0,6.481,-0.676,-1.694,-0.1872,-0.5718,-0.2314,0.7645
85.279,0,6.481,-0.676,-1.694,-0.1868,-0.5717,-0.2317,0.7646
85.307,0,6.481,-0.676,-1.694,-0.1868,-0.5714,-0.2315,0.7649
85.335,0,6.481,-0.676,-1.694,-0.1874,-0.5707,-0.2312,0.7653
85.377,0,6.481,-0.675,-1.693,-0.1880,-0.5701,-0.2325,0.7653
85.405,0,6.482,-0.675,-1.693,-0.1884,-0.5698,-0.2329,0.7652
85.432,0,6.482,-0.675,-1.693,-0.1894,-0.5695,-0.2328,0.7652
85.475,0,6.482,-0.675,-1.694,-0.1893,-0.5697,-0.2326,0.7651
85.502,0,6.481,-0.675,-1.694,-0.1894,-0.5699,-0.2327,0.7650
85.544,0,6.481,-0.675,-1.694,-0.1890,-0.5703,-0.2324,0.7648
85.572,0,6.481,-0.675,-1.694,-0.1894,-0.5708,-0.2315,0.7647
85.600,0,6.481,-0.675,-1.694,-0.1889,-0.5711,-0.2309,0.7648
85.641,0,6.481,-0.675,-1.694,-0.1885,-0.5714,-0.2307,0.7646
85.669,0,6.481,-0.675,-1.694,-0.1886,-0.5716,-0.2305,0.7646
85.711,0,6.481,-0.675,-1.694,-0.1894,-0.5714,-0.2315,0.7642
85.738,0,6.481,-0.675,-1.694,-0.1898,-0.5713,-0.2317,0.7641
85.767,0,6.481,-0.675,-1.694,-0.1903,-0.5712,-0.2320,0.7640
85.808,0,6.481,-0.675,-1.694,-0.1905,-0.5710,-0.2328,0.7639
85.836,0,6.481,-0.675,-1.694,-0.1903,-0.5709,-0.2328,0.7640
85.878,0,6.482,-0.675,-1.694,-0.1903,-0.5708,-0.2325,0.7641
85.906,0,6.482,-0.675,-1.694,-0.1909,-0.5705,-0.2333,0.7640
85.934,0,6.482,-0.675,-1.694,-0.1913,-0.5703,-0.2333,0.7640
85.975,0,6.482,-0.675,-1.694,-0.1899,-0.5698,-0.2335,0.7647
86.004,0,6.482,-0.675,-1.693,-0.1884,-0.5694,-0.2331,0.7655
86.045,0,6.482,-0.675,-1.693,-0.1886,-0.5693,-0.2325,0.7657
86.073,0,6.482,-0.675,-1.693,-0.1878,-0.5695,-0.2323,0.7658
86.101,0,6.482,-0.675,-1.693,-0.1871,-0.5694,-0.2333,0.7657
86.143,0,6.482,-0.675,-1.692,-0.1890,-0.5691,-0.2341,0.7653
86.170,0,6.482,-0.675,-1.692,-0.1882,-0.5691,-0.2341,0.7654
86.212,0,6.482,-0.675,-1.692,-0.1876,-0.5689,-0.2343,0.7657
86.240,0,6.482,-0.675,-1.692,-0.1877,-0.5685,-0.2340,0.7660
86.268,0,6.482,-0.675,-1.692,-0.1875,-0.5683,-0.2349,0.7659
86.309,0,6.482,-0.675,-1.692,-0.1879,-0.5679,-0.2349,0.7662
86.337,0,6.482,-0.675,-1.692,-0.1876,-0.5678,-0.2344,0.7665
86.379,0,6.482,-0.675,-1.692,-0.1873,-0.5677,-0.2343,0.7666
86.407,0,6.482,-0.675,-1.692,-0.1873,-0.5677,-0.2343,0.7666
86.435,0,6.482,-0.675,-1.692,-0.1874,-0.5677,-0.2343,0.7666
86.477,0,6.482,-0.675,-1.692,-0.1881,-0.5678,-0.2346,0.7663
86.505,0,6.482,-0.675,-1.692,-0.1885,-0.5678,-0.2348,0.7661
86.546,0,6.483,-0.675,-1.692,-0.1885,-0.5677,-0.2352,0.7661
86.574,0,6.483,-0.675,-1.692,-0.1885,-0.5674,-0.2358,0.7661
86.602,0,6.483,-0.675,-1.692,-0.1884,-0.5670,-0.2361,0.7663
86.644,0,6.484,-0.675,-1.691,-0.1887,-0.5667,-0.2361,0.7665
86.672,0,6.484,-0.675,-1.691,-0.1886,-0.5665,-0.2368,0.7665
86.700,0,6.484,-0.675,-1.691,-0.1889,-0.5660,-0.2381,0.7663
86.741,0,6.484,-0.674,-1.691,-0.1896,-0.5655,-0.2391,0.7662
86.769,0,6.484,-0.674,-1.690,-0.1896,-0.5651,-0.2400,0.7662
86.811,0,6.485,-0.674,-1.690,-0.1904,-0.5644,-0.2410,0.7663
86.839,0,6.485,-0.674,-1.690,-0.1907,-0.5643,-0.2409,0.7662
86.866,0,6.485,-0.674,-1.690,-0.1908,-0.5644,-0.2407,0.7662
86.908,0,6.486,-0.674,-1.690,-0.1906,-0.5639,-0.2420,0.7662
86.937,0,6.486,-0.674,-1.690,-0.1908,-0.5635,-0.2421,0.7664
86.978,0,6.486,-0.674,-1.690,-0.1911,-0.5634,-0.2424,0.7663
87.006,0,6.486,-0.674,-1.689,-0.1911,-0.5633,-0.2432,0.7662
87.033,0,6.487,-0.674,-1.689,-0.1908,-0.5633,-0.2438,0.7661
87.075,0,6.487,-0.674,-1.689,-0.1910,-0.5630,-0.2445,0.7660
87.103,0,6.486,-0.673,-1.689,-0.1910,-0.5629,-0.2448,0.7660
87.145,0,6.486,-0.674,-1.689,-0.1904,-0.5624,-0.2449,0.7665
87.173,0,6.486,-0.674,-1.688,-0.1903,-0.5623,-0.2450,0.7665
87.201,0,6.486,-0.674,-1.688,-0.1894,-0.5621,-0.2449,0.7669
87.243,0,6.486,-0.674,-1.688,-0.1877,-0.5620,-0.2443,0.7676
87.271,0,6.486,-0.674,-1.688,-0.1871,-0.5618,-0.2433,0.7682
87.312,0,6.486,-0.674,-1.688,-0.1878,-0.5618,-0.2430,0.7682
87.340,0,6.485,-0.674,-1.688,-0.1877,-0.5617,-0.2444,0.7678
87.368,0,6.485,-0.674,-1.688,-0.1883,-0.5617,-0.2442,0.7677
87.410,0,6.486,-0.674,-1.689,-0.1892,-0.5622,-0.2440,0.7672
87.438,0,6.485,-0.674,-1.689,-0.1894,-0.5625,-0.2441,0.7669
87.479,0,6.485,-0.674,-1.689,-0.1890,-0.5630,-0.2436,0.7668
87.508,0,6.485,-0.674,-1.689,-0.1891,-0.5633,-0.2432,0.7667
87.535,0,6.485,-0.674,-1.689,-0.1893,-0.5631,-0.2426,0.7670
87.578,0,6.485,-0.674,-1.689,-0.1893,-0.5628,-0.2420,0.7674
87.604,0,6.485,-0.674,-1.689,-0.1894,-0.5627,-0.2419,0.7674
87.633,0,6.485,-0.674,-1.689,-0.1893,-0.5627,-0.2421,0.7674
87.674,0,6.485,-0.674,-1.690,-0.1899,-0.5627,-0.2424,0.7672
87.702,0,6.485,-0.674,-1.690,-0.1903,-0.5629,-0.2424,0.7669
87.744,0,6.485,-0.674,-1.690,-0.1904,-0.5632,-0.2426,0.7666
87.773,0,6.485,-0.674,-1.690,-0.1908,-0.5632,-0.2423,0.7666
87.800,0,6.485,-0.674,-1.690,-0.1910,-0.5632,-0.2417,0.7668
87.841,0,6.484,-0.675,-1.691,-0.1903,-0.5631,-0.2402,0.7675
87.869,0,6.484,-0.675,-1.691,-0.1894,-0.5637,-0.2383,0.7678
87.911,0,6.483,-0.675,-1.692,-0.1886,-0.5655,-0.2363,0.7673
87.939,0,6.482,-0.676,-1.692,-0.1873,-0.5668,-0.2353,0.7670
87.967,0,6.482,-0.676,-1.692,-0.1859,-0.5683,-0.2345,0.7665
88.008,0,6.481,-0.676,-1.693,-0.1839,-0.5705,-0.2337,0.7655
88.036,0,6.481,-0.676,-1.693,-0.1821,-0.5720,-0.2330,0.7651
88.078,0,6.480,-0.677,-1.694,-0.1787,-0.5749,-0.2322,0.7640
88.106,0,6.479,-0.677,-1.694,-0.1764,-0.5773,-0.2315,0.7629
88.134,0,6.479,-0.678,-1.695,-0.1746,-0.5794,-0.2303,0.7621
88.175,0,6.478,-0.678,-1.695,-0.1718,-0.5824,-0.2274,0.7613
88.203,0,6.477,-0.679,-1.696,-0.1695,-0.5848,-0.2249,0.7607
88.245,0,6.476,-0.679,-1.697,-0.1669,-0.5881,-0.2229,0.7593
88.273,0,6.475,-0.679,-1.697,-0.1646,-0.5904,-0.2220,0.7583
88.300,0,6.475,-0.680,-1.697,-0.1638,-0.5930,-0.2221,0.7564
88.342,0,6.474,-0.680,-1.698,-0.1618,-0.5976,-0.2220,0.7533
88.370,0,6.473,-0.679,-1.699,-0.1617,-0.6010,-0.2229,0.7503
88.412,0,6.473,-0.679,-1.700,-0.1625,-0.6068,-0.2233,0.7453
88.440,0,6.473,-0.678,-1.701,-0.1644,-0.6109,-0.2244,0.7412
88.467,0,6.472,-0.678,-1.702,-0.1653,-0.6150,-0.2262,0.7371
88.510,0,6.472,-0.677,-1.703,-0.1685,-0.6199,-0.2299,0.7311
88.538,0,6.472,-0.677,-1.703,-0.1695,-0.6228,-0.2303,0.7283
88.579,0,6.471,-0.677,-1.704,-0.1681,-0.6266,-0.2294,0.7256
88.607,0,6.471,-0.677,-1.705,-0.1668,-0.6283,-0.2287,0.7247
88.635,0,6.471,-0.677,-1.705,-0.1665,-0.6289,-0.2287,0.7242
88.677,0,6.471,-0.677,-1.705,-0.1657,-0.6289,-0.2280,0.7246
88.705,0,6.471,-0.677,-1.705,-0.1664,-0.6284,-0.2284,0.7248
88.746,0,6.471,-0.676,-1.704,-0.1694,-0.6261,-0.2298,0.7256
88.774,0,6.472,-0.675,-1.704,-0.1743,-0.6239,-0.2326,0.7254
88.802,0,6.473,-0.675,-1.704,-0.1776,-0.6227,-0.2349,0.7249
88.844,0,6.474,-0.675,-1.704,-0.1794,-0.6223,-0.2361,0.7244
88.871,0,6.475,-0.675,-1.705,-0.1797,-0.6221,-0.2364,0.7244
88.899,0,6.476,-0.674,-1.705,-0.1804,-0.6222,-0.2363,0.7242
88.940,0,6.477,-0.675,-1.705,-0.1822,-0.6218,-0.2369,0.7239
88.968,0,6.478,-0.674,-1.705,-0.1826,-0.6214,-0.2362,0.7244
89.011,0,6.478,-0.674,-1.705,-0.1849,-0.6208,-0.2369,0.7241
89.039,0,6.479,-0.674,-1.705,-0.1852,-0.6207,-0.2380,0.7237
89.067,0,6.479,-0.674,-1.705,-0.1851,-0.6207,-0.2387,0.7235
89.109,0,6.479,-0.674,-1.705,-0.1850,-0.6208,-0.2390,0.7234
89.136,0,6.479,-0.674,-1.705,-0.1843,-0.6210,-0.2391,0.7233
89.178,0,6.478,-0.674,-1.705,-0.1828,-0.6214,-0.2386,0.7236
89.206,0,6.478,-0.674,-1.705,-0.1819,-0.6217,-0.2375,0.7239
89.234,0,6.478,-0.674,-1.705,-0.1808,-0.6221,-0.2368,0.7240
89.275,0,6.478,-0.674,-1.705,-0.1816,-0.6226,-0.2376,0.7231
89.303,0,6.478,-0.674,-1.705,-0.1806,-0.6232,-0.2369,0.7231
89.345,0,6.478,-0.675,-1.705,-0.1791,-0.6244,-0.2351,0.7230
89.373,0,6.478,-0.675,-1.705,-0.1785,-0.6250,-0.2351,0.7226
89.401,0,6.478,-0.675,-1.705,-0.1781,-0.6254,-0.2353,0.7224
89.443,0,6.478,-0.675,-1.705,-0.1781,-0.6255,-0.2358,0.7221
89.470,0,6.478,-0.674,-1.705,-0.1793,-0.6253,-0.2375,0.7214
89.511,0,6.478,-0.673,-1.705,-0.1825,-0.6246,-0.2403,0.7203
89.539,0,6.478,-0.673,-1.704,-0.1831,-0.6240,-0.2417,0.7202
89.568,0,6.478,-0.673,-1.704,-0.1839,-0.6232,-0.2429,0.7203
89.609,0,6.479,-0.673,-1.704,-0.1840,-0.6226,-0.2442,0.7203
89.638,0,6.479,-0.673,-1.703,-0.1844,-0.6219,-0.2454,0.7204
89.666,0,6.479,-0.673,-1.703,-0.1829,-0.6217,-0.2445,0.7213
89.707,0,6.479,-0.674,-1.703,-0.1808,-0.6215,-0.2432,0.7224
89.735,0,6.479,-0.674,-1.703,-0.1799,-0.6211,-0.2421,0.7233
89.777,0,6.480,-0.674,-1.702,-0.1792,-0.6203,-0.2428,0.7240
89.804,0,6.480,-0.674,-1.702,-0.1783,-0.6197,-0.2429,0.7247
89.832,0,6.480,-0.674,-1.702,-0.1773,-0.6195,-0.2425,0.7253
89.874,0,6.480,-0.675,-1.702,-0.1764,-0.6189,-0.2423,0.7261
89.902,0,6.480,-0.675,-1.701,-0.1758,-0.6185,-0.2423,0.7266
89.944,0,6.480,-0.675,-1.701,-0.1756,-0.6178,-0.2433,0.7268
89.972,0,6.480,-0.674,-1.700,-0.1759,-0.6171,-0.2440,0.7271
89.999,0,6.480,-0.674,-1.700,-0.1764,-0.6165,-0.2446,0.7273
90.040,0,6.480,-0.674,-1.700,-0.1764,-0.6159,-0.2447,0.7278
90.070,0,6.480,-0.674,-1.700,-0.1761,-0.6158,-0.2446,0.7280
90.111,0,6.480,-0.674,-1.700,-0.1755,-0.6156,-0.2446,0.7283
90.138,0,6.480,-0.674,-1.700,-0.1757,-0.6153,-0.2450,0.7283
90.166,0,6.480,-0.674,-1.700,-0.1757,-0.6153,-0.2444,0.7285
90.208,0,6.480,-0.675,-1.700,-0.1713,-0.6161,-0.2402,0.7303
90.236,0,6.479,-0.676,-1.700,-0.1696,-0.6164,-0.2389,0.7309
90.278,0,6.479,-0.676,-1.700,-0.1711,-0.6158,-0.2393,0.7309
90.305,0,6.479,-0.676,-1.700,-0.1713,-0.6154,-0.2398,0.7311
90.333,0,6.478,-0.676,-1.700,-0.1712,-0.6148,-0.2402,0.7315
90.376,0,6.478,-0.676,-1.699,-0.1705,-0.6145,-0.2399,0.7320
90.403,0,6.478,-0.676,-1.699,-0.1699,-0.6144,-0.2391,0.7324
90.445,0,6.478,-0.676,-1.699,-0.1698,-0.6141,-0.2390,0.7328
90.473,0,6.477,-0.676,-1.699,-0.1695,-0.6139,-0.2386,0.7331
90.500,0,6.477,-0.676,-1.699,-0.1695,-0.6139,-0.2384,0.7332
90.543,0,6.477,-0.676,-1.699,-0.1685,-0.6139,-0.2371,0.7338
90.570,0,6.477,-0.676,-1.699,-0.1679,-0.6142,-0.2369,0.7338
90.612,0,6.477,-0.676,-1.699,-0.1683,-0.6140,-0.2373,0.7338
90.640,0,6.477,-0.676,-1.699,-0.1693,-0.6136,-0.2376,0.7337
90.668,0,6.478,-0.676,-1.699,-0.1706,-0.6132,-0.2384,0.7336
90.709,0,6.478,-0.675,-1.699,-0.1711,-0.6122,-0.2401,0.7337
90.737,0,6.478,-0.675,-1.698,-0.1716,-0.6115,-0.2411,0.7338
90.778,0,6.479,-0.675,-1.698,-0.1723,-0.6107,-0.2414,0.7342
90.807,0,6.479,-0.675,-1.698,-0.1720,-0.6107,-0.2412,0.7344
90.834,0,6.479,-0.675,-1.698,-0.1718,-0.6108,-0.2411,0.7344
90.876,0,6.479,-0.675,-1.698,-0.1717,-0.6109,-0.2409,0.7343
90.904,0,6.479,-0.675,-1.698,-0.1716,-0.6111,-0.2411,0.7342
90.945,0,6.479,-0.675,-1.698,-0.1742,-0.6112,-0.2423,0.7331
90.974,0,6.480,-0.674,-1.698,-0.1770,-0.6104,-0.2432,0.7327
91.001,0,6.480,-0.674,-1.698,-0.1776,-0.6094,-0.2437,0.7333
91.043,0,6.481,-0.674,-1.698,-0.1808,-0.6068,-0.2475,0.7334
91.071,0,6.481,-0.673,-1.697,-0.1809,-0.6059,-0.2486,0.7337
91.113,0,6.482,-0.673,-1.697,-0.1822,-0.6042,-0.2507,0.7341
91.141,0,6.482,-0.673,-1.697,-0.1821,-0.6033,-0.2511,0.7347
91.168,0,6.482,-0.673,-1.696,-0.1803,-0.6027,-0.2497,0.7361
91.210,0,6.482,-0.674,-1.696,-0.1782,-0.6022,-0.2491,0.7372
91.238,0,6.482,-0.674,-1.695,-0.1750,-0.6017,-0.2483,0.7387
91.266,0,6.482,-0.675,-1.695,-0.1719,-0.6016,-0.2461,0.7402
91.307,0,6.481,-0.676,-1.695,-0.1676,-0.6017,-0.2442,0.7417
91.336,0,6.481,-0.676,-1.694,-0.1665,-0.6012,-0.2445,0.7423
91.377,0,6.481,-0.676,-1.693,-0.1644,-0.5988,-0.2457,0.7443
91.405,0,6.481,-0.677,-1.692,-0.1602,-0.5960,-0.2454,0.7476
91.433,0,6.481,-0.677,-1.691,-0.1567,-0.5927,-0.2452,0.7510
91.474,0,6.481,-0.678,-1.689,-0.1538,-0.5886,-0.2461,0.7545
91.502,0,6.480,-0.679,-1.688,-0.1496,-0.5870,-0.2468,0.7564
91.544,0,6.480,-0.681,-1.687,-0.1406,-0.5862,-0.2459,0.7590
91.572,0,6.479,-0.682,-1.686,-0.1339,-0.5869,-0.2444,0.7602
91.600,0,6.478,-0.682,-1.686,-0.1312,-0.5879,-0.2460,0.7594
91.642,0,6.478,-0.682,-1.685,-0.1291,-0.5892,-0.2477,0.7582
91.670,0,6.477,-0.682,-1.685,-0.1277,-0.5908,-0.2477,0.7571
91.712,0,6.476,-0.681,-1.685,-0.1276,-0.5961,-0.2501,0.7522
91.739,0,6.476,-0.680,-1.686,-0.1296,-0.6002,-0.2547,0.7470
91.767,0,6.476,-0.680,-1.687,-0.1297,-0.6046,-0.2561,0.7430
91.809,0,6.475,-0.680,-1.688,-0.1278,-0.6099,-0.2553,0.7392
91.836,0,6.475,-0.681,-1.688,-0.1267,-0.6130,-0.2532,0.7376
91.878,0,6.474,-0.681,-1.689,-0.1238,-0.6158,-0.2501,0.7368
91.906,0,6.474,-0.682,-1.689,-0.1217,-0.6166,-0.2482,0.7372
91.934,0,6.474,-0.682,-1.689,-0.1205,-0.6159,-0.2462,0.7386
91.976,0,6.474,-0.683,-1.689,-0.1175,-0.6143,-0.2424,0.7417
92.004,0,6.474,-0.683,-1.689,-0.1184,-0.6129,-0.2418,0.7429
92.045,0,6.473,-0.683,-1.688,-0.1214,-0.6103,-0.2424,0.7444
92.073,0,6.473,-0.682,-1.688,-0.1255,-0.6086,-0.2435,0.7447
92.101,0,6.473,-0.681,-1.688,-0.1303,-0.6065,-0.2444,0.7453
92.143,0,6.472,-0.681,-1.688,-0.1312,-0.6048,-0.2442,0.7466
92.171,0,6.472,-0.680,-1.688,-0.1332,-0.6036,-0.2452,0.7468
92.212,0,6.472,-0.680,-1.688,-0.1353,-0.6025,-0.2447,0.7475
92.240,0,6.472,-0.680,-1.688,-0.1358,-0.6023,-0.2436,0.7479
92.268,0,6.472,-0.680,-1.688,-0.1350,-0.6023,-0.2429,0.7483
92.310,0,6.472,-0.681,-1.688,-0.1334,-0.6022,-0.2411,0.7493
92.338,0,6.472,-0.681,-1.688,-0.1321,-0.6019,-0.2392,0.7504
92.366,0,6.473,-0.682,-1.688,-0.1305,-0.6014,-0.2372,0.7517
92.408,0,6.473,-0.682,-1.687,-0.1283,-0.6001,-0.2349,0.7538
92.435,0,6.473,-0.683,-1.687,-0.1280,-0.5989,-0.2350,0.7548
92.477,0,6.473,-0.682,-1.687,-0.1293,-0.5975,-0.2357,0.7555
92.504,0,6.473,-0.682,-1.687,-0.1300,-0.5967,-0.2351,0.7562
92.532,0,6.473,-0.683,-1.686,-0.1299,-0.5960,-0.2341,0.7571
92.574,0,6.474,-0.683,-1.686,-0.1291,-0.5951,-0.2317,0.7586
92.603,0,6.474,-0.683,-1.686,-0.1280,-0.5949,-0.2303,0.7594
92.644,0,6.474,-0.683,-1.686,-0.1287,-0.5940,-0.2308,0.7598
92.672,0,6.474,-0.683,-1.686,-0.1283,-0.5938,-0.2306,0.7601
92.700,0,6.474,-0.683,-1.686,-0.1290,-0.5937,-0.2316,0.7598
92.742,0,6.475,-0.683,-1.686,-0.1301,-0.5930,-0.2329,0.7597
92.769,0,6.475,-0.683,-1.686,-0.1303,-0.5929,-0.2335,0.7596
92.811,0,6.475,-0.682,-1.686,-0.1320,-0.5920,-0.2346,0.7597
92.839,0,6.475,-0.682,-1.686,-0.1331,-0.5911,-0.2353,0.7600
92.867,0,6.476,-0.682,-1.686,-0.1357,-0.5898,-0.2364,0.7601
92.908,0,6.476,-0.681,-1.686,-0.1404,-0.5879,-0.2376,0.7604
92.936,0,6.476,-0.681,-1.685,-0.1412,-0.5869,-0.2370,0.7612
92.978,0,6.476,-0.681,-1.685,-0.1416,-0.5862,-0.2364,0.7618
93.006,0,6.476,-0.680,-1.685,-0.1431,-0.5860,-0.2370,0.7615
93.034,0,6.476,-0.680,-1.685,-0.1425,-0.5862,-0.2364,0.7617
93.076,0,6.476,-0.681,-1.685,-0.1403,-0.5873,-0.2343,0.7619
93.104,0,6.476,-0.681,-1.685,-0.1385,-0.5880,-0.2345,0.7617
93.145,0,6.476,-0.682,-1.685,-0.1368,-0.5883,-0.2352,0.7615
93.173,0,6.476,-0.681,-1.685,-0.1368,-0.5885,-0.2352,0.7613
93.201,0,6.476,-0.682,-1.685,-0.1366,-0.5885,-0.2349,0.7615
93.243,0,6.475,-0.682,-1.685,-0.1371,-0.5884,-0.2347,0.7615
93.271,0,6.475,-0.682,-1.685,-0.1372,-0.5881,-0.2351,0.7616
93.313,0,6.475,-0.682,-1.685,-0.1364,-0.5876,-0.2340,0.7625
93.341,0,6.475,-0.682,-1.685,-0.1363,-0.5873,-0.2333,0.7629
93.368,0,6.475,-0.682,-1.685,-0.1363,-0.5874,-0.2332,0.7629
93.410,0,6.476,-0.682,-1.685,-0.1373,-0.5876,-0.2345,0.7621
93.438,0,6.476,-0.681,-1.686,-0.1380,-0.5877,-0.2347,0.7619
93.480,0,6.476,-0.681,-1.686,-0.1381,-0.5877,-0.2343,0.7620
93.507,0,6.476,-0.682,-1.686,-0.1382,-0.5877,-0.2340,0.7621
93.535,0,6.476,-0.681,-1.686,-0.1386,-0.5877,-0.2343,0.7619
93.577,0,6.476,-0.681,-1.686,-0.1394,-0.5875,-0.2353,0.7616
93.605,0,6.476,-0.681,-1.686,-0.1407,-0.5875,-0.2354,0.7614
93.633,0,6.476,-0.681,-1.686,-0.1416,-0.5873,-0.2358,0.7612
93.674,0,6.476,-0.681,-1.686,-0.1423,-0.5869,-0.2361,0.7613
93.703,0,6.476,-0.681,-1.686,-0.1423,-0.5866,-0.2356,0.7617
93.744,0,6.476,-0.681,-1.686,-0.1423,-0.5861,-0.2353,0.7621
93.772,0,6.476,-0.681,-1.686,-0.1423,-0.5857,-0.2353,0.7624
93.800,0,6.476,-0.681,-1.685,-0.1424,-0.5854,-0.2351,0.7628
93.841,0,6.476,-0.681,-1.685,-0.1429,-0.5847,-0.2354,0.7631
93.870,0,6.476,-0.681,-1.685,-0.1435,-0.5843,-0.2356,0.7632
93.911,0,6.477,-0.680,-1.685,-0.1444,-0.5835,-0.2359,0.7636
93.939,0,6.477,-0.680,-1.685,-0.1448,-0.5831,-0.2361,0.7638
93.967,0,6.477,-0.680,-1.685,-0.1450,-0.5829,-0.2361,0.7639
94.008,0,6.477,-0.680,-1.685,-0.1459,-0.5826,-0.2361,0.7639
94.036,0,6.477,-0.680,-1.685,-0.1465,-0.5824,-0.2362,0.7639
94.078,0,6.477,-0.680,-1.685,-0.1469,-0.5823,-0.2358,0.7640
94.106,0,6.477,-0.680,-1.685,-0.1471,-0.5824,-0.2358,0.7639
94.134,0,6.477,-0.680,-1.685,-0.1478,-0.5822,-0.2366,0.7637
94.175,0,6.478,-0.680,-1.685,-0.1483,-0.5816,-0.2375,0.7638
94.204,0,6.478,-0.680,-1.685,-0.1489,-0.5812,-0.2379,0.7639
94.245,0,6.478,-0.679,-1.685,-0.1500,-0.5806,-0.2390,0.7637
94.274,0,6.478,-0.679,-1.685,-0.1499,-0.5802,-0.2393,0.7640
94.301,0,6.479,-0.679,-1.686,-0.1505,-0.5797,-0.2392,0.7643
94.342,0,6.479,-0.679,-1.686,-0.1512,-0.5790,-0.2385,0.7649
94.370,0,6.479,-0.679,-1.686,-0.1521,-0.5786,-0.2382,0.7651
94.412,0,6.479,-0.679,-1.686,-0.1545,-0.5778,-0.2385,0.7651
94.440,0,6.479,-0.679,-1.686,-0.1555,-0.5773,-0.2386,0.7653
94.468,0,6.479,-0.679,-1.686,-0.1564,-0.5768,-0.2388,0.7654
94.510,0,6.479,-0.679,-1.686,-0.1568,-0.5769,-0.2379,0.7655
94.537,0,6.479,-0.679,-1.686,-0.1570,-0.5773,-0.2373,0.7654
94.566,0,6.479,-0.679,-1.686,-0.1568,-0.5772,-0.2367,0.7657
94.607,0,6.479,-0.679,-1.686,-0.1567,-0.5764,-0.2360,0.7665
94.635,0,6.479,-0.679,-1.686,-0.1575,-0.5756,-0.2358,0.7670
94.676,0,6.479,-0.678,-1.686,-0.1602,-0.5740,-0.2359,0.7676
94.704,0,6.479,-0.678,-1.686,-0.1618,-0.5730,-0.2358,0.7680
94.733,0,6.479,-0.678,-1.686,-0.1633,-0.5721,-0.2360,0.7683
94.774,0,6.480,-0.678,-1.687,-0.1649,-0.5711,-0.2358,0.7688
94.802,0,6.480,-0.678,-1.687,-0.1665,-0.5706,-0.2355,0.7689
94.844,0,6.480,-0.678,-1.688,-0.1689,-0.5700,-0.2342,0.7693
94.872,0,6.480,-0.678,-1.688,-0.1700,-0.5700,-0.2326,0.7695
94.900,0,6.480,-0.678,-1.689,-0.1707,-0.5701,-0.2311,0.7697
94.941,0,6.480,-0.678,-1.690,-0.1733,-0.5699,-0.2291,0.7698
94.969,0,6.480,-0.678,-1.690,-0.1746,-0.5699,-0.2272,0.7702
95.011,0,6.480,-0.677,-1.691,-0.1776,-0.5695,-0.2256,0.7702
95.039,0,6.480,-0.677,-1.692,-0.1803,-0.5683,-0.2241,0.7709
95.066,0,6.480,-0.677,-1.692,-0.1825,-0.5667,-0.2217,0.7723
95.109,0,6.480,-0.677,-1.693,-0.1876,-0.5639,-0.2188,0.7739
95.136,0,6.480,-0.677,-1.694,-0.1905,-0.5622,-0.2169,0.7750
95.178,0,6.480,-0.676,-1.695,-0.1942,-0.5603,-0.2146,0.7761
95.206,0,6.480,-0.676,-1.696,-0.1964,-0.5596,-0.2134,0.7764
95.234,0,6.480,-0.676,-1.696,-0.1981,-0.5592,-0.2124,0.7765
95.276,0,6.480,-0.676,-1.697,-0.2008,-0.5590,-0.2118,0.7761
95.304,0,6.480,-0.676,-1.698,-0.2025,-0.5590,-0.2109,0.7759
95.345,0,6.480,-0.676,-1.699,-0.2037,-0.5596,-0.2094,0.7756
95.373,0,6.480,-0.676,-1.699,-0.2035,-0.5603,-0.2092,0.7752
95.401,0,6.480,-0.676,-1.699,-0.2028,-0.5611,-0.2088,0.7749
95.442,0,6.480,-0.676,-1.700,-0.2012,-0.5629,-0.2080,0.7742
95.471,0,6.479,-0.677,-1.700,-0.2006,-0.5641,-0.2077,0.7735
95.513,0,6.479,-0.677,-1.700,-0.2000,-0.5651,-0.2071,0.7731
95.540,0,6.479,-0.677,-1.699,-0.1996,-0.5651,-0.2073,0.7732
95.568,0,6.478,-0.677,-1.699,-0.1994,-0.5649,-0.2071,0.7734
95.609,0,6.478,-0.677,-1.699,-0.1980,-0.5647,-0.2065,0.7741
95.638,0,6.478,-0.677,-1.699,-0.1977,-0.5645,-0.2065,0.7744
95.680,0,6.478,-0.677,-1.698,-0.1975,-0.5634,-0.2061,0.7753
95.707,0,6.478,-0.677,-1.698,-0.1973,-0.5627,-0.2062,0.7758
95.735,0,6.478,-0.677,-1.697,-0.1966,-0.5623,-0.2060,0.7764
95.777,0,6.478,-0.677,-1.697,-0.1960,-0.5622,-0.2058,0.7767
95.805,0,6.478,-0.677,-1.697,-0.1959,-0.5622,-0.2061,0.7766
95.833,0,6.478,-0.677,-1.696,-0.1957,-0.5621,-0.2067,0.7765
95.874,0,6.478,-0.677,-1.696,-0.1951,-0.5622,-0.2066,0.7767
95.902,0,6.478,-0.677,-1.695,-0.1947,-0.5621,-0.2064,0.7769
95.945,0,6.478,-0.677,-1.695,-0.1945,-0.5618,-0.2065,0.7771
95.972,0,6.478,-0.677,-1.695,-0.1942,-0.5616,-0.2073,0.7771
96.000,0,6.479,-0.677,-1.694,-0.1940,-0.5612,-0.2086,0.7771
96.041,1,6.479,-0.677,-1.694,-0.1941,-0.5605,-0.2109,0.7769
96.069,1,6.479,-0.677,-1.694,-0.1944,-0.5599,-0.2118,0.7771
96.111,1,6.479,-0.677,-1.694,-0.1942,-0.5582,-0.2125,0.7782
96.139,1,6.478,-0.677,-1.694,-0.1935,-0.5574,-0.2121,0.7790
96.167,1,6.478,-0.677,-1.694,-0.1939,-0.5571,-0.2115,0.7793
96.208,1,6.478,-0.677,-1.694,-0.1937,-0.5578,-0.2095,0.7794
96.236,1,6.478,-0.677,-1.694,-0.1930,-0.5590,-0.2085,0.7790
96.278,1,6.477,-0.678,-1.694,-0.1923,-0.5607,-0.2071,0.7783
96.306,1,6.477,-0.678,-1.694,-0.1914,-0.5616,-0.2069,0.7779
96.334,1,6.477,-0.678,-1.694,-0.1910,-0.5621,-0.2070,0.7777
96.377,1,6.476,-0.677,-1.694,-0.1909,-0.5616,-0.2087,0.7776
96.403,1,6.476,-0.677,-1.694,-0.1905,-0.5608,-0.2090,0.7782
96.445,1,6.476,-0.678,-1.694,-0.1896,-0.5596,-0.2085,0.7794
96.473,1,6.475,-0.678,-1.694,-0.1893,-0.5587,-0.2082,0.7802
96.501,1,6.475,-0.678,-1.694,-0.1889,-0.5579,-0.2079,0.7809
96.543,1,6.475,-0.678,-1.694,-0.1895,-0.5575,-0.2071,0.7813
96.570,1,6.474,-0.678,-1.695,-0.1893,-0.5580,-0.2053,0.7815
96.612,1,6.474,-0.678,-1.695,-0.1890,-0.5594,-0.2021,0.7813
96.640,1,6.474,-0.679,-1.696,-0.1892,-0.5604,-0.2013,0.7808
96.668,1,6.474,-0.679,-1.696,-0.1897,-0.5613,-0.2013,0.7800
96.709,1,6.474,-0.678,-1.696,-0.1897,-0.5624,-0.2009,0.7793
96.738,1,6.474,-0.678,-1.696,-0.1896,-0.5630,-0.2014,0.7788
96.779,1,6.474,-0.678,-1.695,-0.1903,-0.5627,-0.2035,0.7783
96.807,1,6.474,-0.678,-1.695,-0.1907,-0.5622,-0.2046,0.7783
96.835,1,6.474,-0.678,-1.695,-0.1904,-0.5618,-0.2051,0.7785
96.877,1,6.475,-0.678,-1.695,-0.1894,-0.5611,-0.2051,0.7793
96.904,1,6.475,-0.678,-1.695,-0.1894,-0.5604,-0.2051,0.7797
96.946,1,6.475,-0.678,-1.695,-0.1895,-0.5597,-0.2056,0.7801
96.974,1,6.475,-0.678,-1.695,-0.1898,-0.5598,-0.2052,0.7800
97.002,1,6.475,-0.678,-1.696,-0.1903,-0.5602,-0.2045,0.7799
97.044,1,6.475,-0.678,-1.696,-0.1904,-0.5614,-0.2037,0.7792
97.071,1,6.475,-0.678,-1.696,-0.1900,-0.5623,-0.2030,0.7788
97.113,1,6.475,-0.678,-1.697,-0.1897,-0.5638,-0.2019,0.7780
97.140,1,6.475,-0.678,-1.697,-0.1894,-0.5645,-0.2018,0.7777
97.168,1,6.475,-0.678,-1.697,-0.1893,-0.5648,-0.2025,0.7773
97.210,1,6.474,-0.678,-1.696,-0.1893,-0.5646,-0.2034,0.7772
97.237,1,6.474,-0.678,-1.696,-0.1892,-0.5644,-0.2038,0.7773
97.266,1,6.474,-0.678,-1.696,-0.1891,-0.5637,-0.2041,0.7777
97.309,1,6.475,-0.678,-1.696,-0.1886,-0.5629,-0.2033,0.7786
97.336,1,6.475,-0.678,-1.696,-0.1884,-0.5628,-0.2030,0.7789
97.378,1,6.475,-0.678,-1.696,-0.1884,-0.5627,-0.2030,0.7789
97.405,1,6.475,-0.678,-1.696,-0.1887,-0.5630,-0.2030,0.7786
97.434,1,6.475,-0.678,-1.696,-0.1888,-0.5635,-0.2032,0.7782
97.476,1,6.475,-0.678,-1.696,-0.1889,-0.5637,-0.2047,0.7776
97.503,1,6.475,-0.678,-1.697,-0.1891,-0.5634,-0.2045,0.7778
97.544,1,6.475,-0.678,-1.697,-0.1897,-0.5632,-0.2040,0.7780
97.573,1,6.475,-0.678,-1.697,-0.1898,-0.5630,-0.2041,0.7780
97.601,1,6.475,-0.678,-1.697,-0.1898,-0.5630,-0.2041,0.7780
97.642,1,6.475,-0.678,-1.697,-0.1902,-0.5637,-0.2045,0.7773
97.670,1,6.475,-0.678,-1.697,-0.1906,-0.5640,-0.2049,0.7769
97.712,1,6.475,-0.678,-1.697,-0.1910,-0.5643,-0.2049,0.7766
97.739,1,6.475,-0.678,-1.697,-0.1908,-0.5644,-0.2048,0.7766
97.768,1,6.475,-0.678,-1.697,-0.1901,-0.5643,-0.2048,0.7768
97.809,1,6.475,-0.678,-1.696,-0.1888,-0.5640,-0.2042,0.7775
97.837,1,6.475,-0.678,-1.696,-0.1885,-0.5639,-0.2041,0.7777
97.879,1,6.475,-0.678,-1.696,-0.1881,-0.5637,-0.2042,0.7779
97.906,1,6.475,-0.678,-1.696,-0.1877,-0.5635,-0.2042,0.7781
97.934,1,6.475,-0.678,-1.696,-0.1876,-0.5633,-0.2046,0.7782
97.977,1,6.475,-0.678,-1.696,-0.1882,-0.5630,-0.2048,0.7782
98.004,1,6.475,-0.678,-1.696,-0.1887,-0.5630,-0.2050,0.7781
98.032,1,6.475,-0.678,-1.696,-0.1890,-0.5632,-0.2050,0.7779
98.073,1,6.475,-0.678,-1.697,-0.1898,-0.5639,-0.2044,0.7773
98.101,1,6.475,-0.678,-1.697,-0.1901,-0.5645,-0.2043,0.7769
98.143,1,6.475,-0.678,-1.697,-0.1901,-0.5652,-0.2046,0.7762
98.171,1,6.475,-0.678,-1.697,-0.1901,-0.5657,-0.2046,0.7759
98.199,1,6.475,-0.678,-1.697,-0.1900,-0.5660,-0.2046,0.7757
98.241,1,6.475,-0.678,-1.697,-0.1898,-0.5660,-0.2048,0.7756
98.268,1,6.475,-0.678,-1.697,-0.1899,-0.5657,-0.2060,0.7756
98.310,1,6.475,-0.678,-1.697,-0.1897,-0.5650,-0.2063,0.7761
98.338,1,6.475,-0.678,-1.696,-0.1897,-0.5646,-0.2064,0.7763
98.367,1,6.476,-0.678,-1.696,-0.1898,-0.5643,-0.2067,0.7764
98.408,1,6.476,-0.678,-1.696,-0.1896,-0.5640,-0.2070,0.7766
98.436,1,6.476,-0.678,-1.696,-0.1895,-0.5638,-0.2071,0.7767
98.477,1,6.476,-0.678,-1.696,-0.1894,-0.5638,-0.2068,0.7768
98.505,1,6.476,-0.678,-1.696,-0.1893,-0.5640,-0.2066,0.7768
98.533,1,6.476,-0.678,-1.696,-0.1895,-0.5643,-0.2067,0.7765
98.575,1,6.476,-0.678,-1.696,-0.1894,-0.5647,-0.2074,0.7761
98.603,1,6.476,-0.678,-1.696,-0.1891,-0.5650,-0.2071,0.7759
98.645,1,6.476,-0.678,-1.696,-0.1891,-0.5653,-0.2071,0.7758
98.672,1,6.476,-0.678,-1.697,-0.1890,-0.5653,-0.2073,0.7757
98.700,1,6.476,-0.678,-1.697,-0.1888,-0.5650,-0.2076,0.7759
98.742,1,6.476,-0.678,-1.697,-0.1890,-0.5646,-0.2076,0.7762
98.770,1,6.476,-0.678,-1.697,-0.1892,-0.5645,-0.2071,0.7763
98.812,1,6.476,-0.678,-1.697,-0.1891,-0.5645,-0.2066,0.7765
98.840,1,6.476,-0.678,-1.697,-0.1890,-0.5648,-0.2064,0.7763
98.867,1,6.476,-0.678,-1.697,-0.1894,-0.5656,-0.2064,0.7757
98.909,1,6.476,-0.678,-1.697,-0.1900,-0.5663,-0.2072,0.7748
98.937,1,6.476,-0.678,-1.697,-0.1900,-0.5665,-0.2074,0.7746
98.979,1,6.476,-0.678,-1.697,-0.1899,-0.5663,-0.2073,0.7748
99.007,1,6.476,-0.678,-1.697,-0.1895,-0.5658,-0.2075,0.7752
99.035,1,6.476,-0.678,-1.697,-0.1892,-0.5652,-0.2075,0.7757
99.076,1,6.476,-0.678,-1.696,-0.1888,-0.5645,-0.2072,0.7764
99.105,1,6.476,-0.678,-1.696,-0.1885,-0.5641,-0.2077,0.7766
99.146,1,6.476,-0.678,-1.696,-0.1887,-0.5633,-0.2089,0.7768
99.174,1,6.476,-0.678,-1.696,-0.1888,-0.5631,-0.2085,0.7771
99.201,1,6.476,-0.678,-1.696,-0.1891,-0.5631,-0.2085,0.7770
99.244,1,6.477,-0.678,-1.696,-0.1894,-0.5635,-0.2088,0.7766
99.271,1,6.477,-0.678,-1.696,-0.1894,-0.5640,-0.2089,0.7761
99.299,1,6.477,-0.678,-1.696,-0.1894,-0.5644,-0.2094,0.7757
99.341,1,6.477,-0.678,-1.696,-0.1898,-0.5645,-0.2093,0.7756
99.369,1,6.477,-0.678,-1.696,-0.1900,-0.5644,-0.2092,0.7756
99.410,1,6.477,-0.678,-1.696,-0.1901,-0.5639,-0.2096,0.7758
99.438,1,6.477,-0.678,-1.696,-0.1899,-0.5637,-0.2097,0.7760
99.466,1,6.477,-0.678,-1.696,-0.1897,-0.5636,-0.2094,0.7762
99.508,1,6.477,-0.678,-1.696,-0.1895,-0.5635,-0.2094,0.7764
99.536,1,6.477,-0.678,-1.696,-0.1895,-0.5635,-0.2093,0.7763
99.577,1,6.477,-0.678,-1.696,-0.1891,-0.5638,-0.2094,0.7763
99.606,1,6.477,-0.678,-1.696,-0.1890,-0.5638,-0.2092,0.7763
99.633,1,6.477,-0.678,-1.696,-0.1888,-0.5638,-0.2089,0.7765
99.675,1,6.477,-0.678,-1.696,-0.1889,-0.5638,-0.2088,0.7764
99.703,1,6.477,-0.678,-1.696,-0.1891,-0.5639,-0.2087,0.7764
99.744,1,6.477,-0.678,-1.696,-0.1889,-0.5639,-0.2090,0.7763
99.773,1,6.477,-0.678,-1.696,-0.1890,-0.5638,-0.2092,0.7763
99.800,1,6.477,-0.678,-1.696,-0.1892,-0.5638,-0.2093,0.7762
99.842,1,6.477,-0.678,-1.696,-0.1894,-0.5637,-0.2096,0.7762
99.870,1,6.477,-0.678,-1.696,-0.1894,-0.5635,-0.2098,0.7763
99.911,1,6.477,-0.678,-1.696,-0.1897,-0.5633,-0.2096,0.7764
99.939,1,6.477,-0.678,-1.696,-0.1899,-0.5632,-0.2097,0.7764
99.967,1,6.477,-0.678,-1.696,-0.1900,-0.5631,-0.2100,0.7764
100.009,1,6.477,-0.677,-1.696,-0.1903,-0.5633,-0.2101,0.7761
100.037,1,6.477,-0.677,-1.696,-0.1903,-0.5634,-0.2111,0.7758
100.079,1,6.478,-0.677,-1.696,-0.1907,-0.5631,-0.2113,0.7758
100.107,1,6.478,-0.677,-1.696,-0.1907,-0.5629,-0.2109,0.7761
100.135,1,6.478,-0.677,-1.696,-0.1908,-0.5627,-0.2112,0.7761
100.176,1,6.478,-0.677,-1.696,-0.1906,-0.5625,-0.2118,0.7761
100.204,1,6.478,-0.677,-1.695,-0.1907,-0.5625,-0.2119,0.7761
100.246,1,6.478,-0.677,-1.695,-0.1906,-0.5622,-0.2119,0.7763
100.274,1,6.478,-0.677,-1.695,-0.1907,-0.5619,-0.2118,0.7765
100.302,1,6.478,-0.677,-1.695,-0.1909,-0.5618,-0.2119,0.7765
100.343,1,6.478,-0.677,-1.695,-0.1912,-0.5618,-0.2128,0.7762
100.371,1,6.478,-0.677,-1.695,-0.1912,-0.5618,-0.2127,0.7763
100.400,1,6.478,-0.677,-1.695,-0.1913,-0.5619,-0.2126,0.7762
100.441,1,6.478,-0.677,-1.695,-0.1913,-0.5620,-0.2126,0.7761
100.469,1,6.478,-0.677,-1.695,-0.1911,-0.5621,-0.2127,0.7761
100.510,1,6.478,-0.677,-1.695,-0.1910,-0.5619,-0.2126,0.7762
100.538,1,6.478,-0.677,-1.695,-0.1911,-0.5618,-0.2124,0.7764
100.566,1,6.478,-0.677,-1.695,-0.1911,-0.5617,-0.2123,0.7764
100.608,1,6.478,-0.677,-1.695,-0.1914,-0.5617,-0.2127,0.7763
100.636,1,6.478,-0.677,-1.695,-0.1914,-0.5617,-0.2127,0.7762
100.677,1,6.478,-0.677,-1.695,-0.1913,-0.5618,-0.2128,0.7762
100.707,1,6.478,-0.677,-1.695,-0.1914,-0.5619,-0.2130,0.7761
100.734,1,6.478,-0.677,-1.695,-0.1915,-0.5618,-0.2130,0.7761
100.775,1,6.478,-0.677,-1.695,-0.1914,-0.5619,-0.2132,0.7760
100.803,1,6.478,-0.677,-1.695,-0.1913,-0.5619,-0.2132,0.7760
100.844,1,6.478,-0.677,-1.695,-0.1913,-0.5618,-0.2129,0.7762
100.872,1,6.478,-0.677,-1.695,-0.1913,-0.5617,-0.2129,0.7762
100.900,1,6.478,-0.677,-1.695,-0.1913,-0.5616,-0.2130,0.7763
100.942,1,6.479,-0.677,-1.695,-0.1913,-0.5618,-0.2131,0.7761
100.970,1,6.479,-0.677,-1.695,-0.1915,-0.5616,-0.2141,0.7759
101.011,1,6.479,-0.677,-1.695,-0.1917,-0.5613,-0.2141,0.7761
101.039,1,6.479,-0.677,-1.695,-0.1917,-0.5612,-0.2138,0.7763
101.068,1,6.479,-0.677,-1.695,-0.1919,-0.5611,-0.2140,0.7762
101.110,1,6.479,-0.677,-1.695,-0.1916,-0.5612,-0.2144,0.7762
101.137,1,6.479,-0.677,-1.695,-0.1917,-0.5613,-0.2142,0.7761
101.179,1,6.479,-0.677,-1.695,-0.1918,-0.5612,-0.2144,0.7761
101.206,1,6.479,-0.677,-1.695,-0.1920,-0.5610,-0.2143,0.7762
101.234,1,6.479,-0.677,-1.695,-0.1923,-0.5610,-0.2146,0.7761
101.276,1,6.479,-0.677,-1.695,-0.1924,-0.5608,-0.2153,0.7760
101.304,1,6.479,-0.677,-1.695,-0.1924,-0.5608,-0.2151,0.7760
101.346,1,6.479,-0.677,-1.695,-0.1926,-0.5608,-0.2149,0.7760
101.373,1,6.479,-0.677,-1.695,-0.1924,-0.5609,-0.2150,0.7760
101.402,1,6.479,-0.677,-1.695,-0.1922,-0.5609,-0.2151,0.7760
101.443,1,6.479,-0.677,-1.695,-0.1920,-0.5609,-0.2147,0.7761
101.471,1,6.479,-0.677,-1.695,-0.1919,-0.5609,-0.2144,0.7763
101.499,1,6.479,-0.677,-1.695,-0.1917,-0.5609,-0.2142,0.7764
101.541,1,6.479,-0.677,-1.695,-0.1918,-0.5609,-0.2142,0.7764
101.568,1,6.479,-0.677,-1.695,-0.1919,-0.5608,-0.2143,0.7764
101.610,1,6.479,-0.677,-1.695,-0.1920,-0.5607,-0.2143,0.7764
101.638,1,6.479,-0.677,-1.695,-0.1921,-0.5606,-0.2145,0.7764
101.666,1,6.479,-0.677,-1.695,-0.1921,-0.5604,-0.2147,0.7765
101.708,1,6.479,-0.677,-1.694,-0.1922,-0.5601,-0.2149,0.7767
101.735,1,6.479,-0.677,-1.694,-0.1922,-0.5598,-0.2149,0.7768
101.777,1,6.479,-0.677,-1.694,-0.1922,-0.5595,-0.2150,0.7770
101.805,1,6.479,-0.677,-1.694,-0.1921,-0.5594,-0.2150,0.7771
101.833,1,6.480,-0.677,-1.694,-0.1924,-0.5594,-0.2151,0.7770
101.875,1,6.480,-0.677,-1.694,-0.1927,-0.5596,-0.2155,0.7767
101.903,1,6.480,-0.677,-1.694,-0.1929,-0.5595,-0.2161,0.7765
101.944,1,6.480,-0.676,-1.694,-0.1933,-0.5592,-0.2169,0.7765
101.972,1,6.480,-0.676,-1.694,-0.1933,-0.5588,-0.2165,0.7768
102.000,1,6.480,-0.676,-1.694,-0.1934,-0.5587,-0.2164,0.7769
102.042,1,6.480,-0.676,-1.694,-0.1933,-0.5588,-0.2169,0.7768
102.069,1,6.481,-0.676,-1.694,-0.1933,-0.5588,-0.2170,0.7767
102.112,1,6.481,-0.676,-1.694,-0.1935,-0.5589,-0.2170,0.7766
102.139,1,6.481,-0.676,-1.694,-0.1935,-0.5589,-0.2170,0.7766
102.167,1,6.481,-0.676,-1.694,-0.1936,-0.5588,-0.2171,0.7766
102.210,1,6.481,-0.676,-1.694,-0.1942,-0.5587,-0.2176,0.7764
102.236,1,6.481,-0.676,-1.694,-0.1940,-0.5586,-0.2177,0.7765
102.279,1,6.481,-0.676,-1.694,-0.1942,-0.5588,-0.2173,0.7764
102.307,1,6.481,-0.676,-1.694,-0.1942,-0.5589,-0.2171,0.7764
102.334,1,6.481,-0.676,-1.694,-0.1939,-0.5590,-0.2169,0.7764
102.376,1,6.480,-0.676,-1.694,-0.1933,-0.5591,-0.2166,0.7766
102.404,1,6.480,-0.676,-1.694,-0.1932,-0.5589,-0.2164,0.7769
102.445,1,6.480,-0.676,-1.694,-0.1931,-0.5588,-0.2161,0.7770
102.473,1,6.480,-0.676,-1.694,-0.1932,-0.5588,-0.2162,0.7770
102.501,1,6.480,-0.676,-1.694,-0.1933,-0.5587,-0.2165,0.7770
102.543,1,6.480,-0.676,-1.694,-0.1932,-0.5586,-0.2168,0.7769
102.571,1,6.480,-0.676,-1.694,-0.1934,-0.5586,-0.2167,0.7769
102.612,1,6.480,-0.676,-1.694,-0.1937,-0.5585,-0.2169,0.7768
102.640,1,6.480,-0.676,-1.694,-0.1937,-0.5586,-0.2169,0.7768
102.668,1,6.480,-0.676,-1.694,-0.1936,-0.5586,-0.2168,0.7768
102.710,1,6.480,-0.676,-1.694,-0.1936,-0.5586,-0.2168,0.7768
102.738,1,6.481,-0.676,-1.694,-0.1936,-0.5584,-0.2169,0.7769
102.766,1,6.481,-0.676,-1.694,-0.1938,-0.5582,-0.2168,0.7770
102.807,1,6.481,-0.676,-1.694,-0.1941,-0.5578,-0.2172,0.7772
102.835,1,6.481,-0.676,-1.693,-0.1940,-0.5576,-0.2172,0.7773
102.879,1,6.481,-0.676,-1.693,-0.1941,-0.5574,-0.2179,0.7773
102.906,1,6.481,-0.676,-1.693,-0.1938,-0.5570,-0.2180,0.7776
102.936,1,6.481,-0.676,-1.693,-0.1934,-0.5569,-0.2181,0.7777
102.967,1,6.481,-0.676,-1.693,-0.1934,-0.5566,-0.2186,0.7778
103.023,1,6.481,-0.676,-1.693,-0.1932,-0.5560,-0.2190,0.7782
103.036,1,6.481,-0.676,-1.692,-0.1932,-0.5555,-0.2192,0.7785
103.067,1,6.481,-0.676,-1.692,-0.1928,-0.5550,-0.2189,0.7790
103.108,1,6.482,-0.676,-1.693,-0.1932,-0.5545,-0.2190,0.7793
103.135,1,6.482,-0.676,-1.693,-0.1936,-0.5545,-0.2197,0.7790
103.177,1,6.482,-0.676,-1.693,-0.1934,-0.5547,-0.2202,0.7787
103.205,1,6.482,-0.676,-1.693,-0.1935,-0.5549,-0.2200,0.7786
103.235,1,6.482,-0.676,-1.693,-0.1940,-0.5554,-0.2199,0.7782
103.278,1,6.482,-0.676,-1.693,-0.1937,-0.5558,-0.2206,0.7777
103.304,1,6.482,-0.676,-1.693,-0.1935,-0.5557,-0.2208,0.7778
103.333,1,6.482,-0.676,-1.693,-0.1936,-0.5554,-0.2211,0.7779
103.374,1,6.482,-0.676,-1.693,-0.1932,-0.5546,-0.2210,0.7786
103.402,1,6.482,-0.676,-1.693,-0.1927,-0.5542,-0.2204,0.7792
103.444,1,6.482,-0.676,-1.693,-0.1926,-0.5544,-0.2200,0.7792
103.472,1,6.482,-0.676,-1.693,-0.1927,-0.5549,-0.2201,0.7788
103.500,1,6.482,-0.676,-1.693,-0.1924,-0.5559,-0.2208,0.7780
103.541,1,6.482,-0.676,-1.693,-0.1930,-0.5568,-0.2214,0.7770
103.570,1,6.482,-0.676,-1.693,-0.1933,-0.5573,-0.2218,0.7765
103.612,1,6.482,-0.676,-1.693,-0.1932,-0.5570,-0.2225,0.7765
103.639,1,6.482,-0.676,-1.693,-0.1931,-0.5569,-0.2221,0.7767
103.667,1,6.482,-0.676,-1.693,-0.1928,-0.5569,-0.2216,0.7769
103.709,1,6.482,-0.676,-1.692,-0.1912,-0.5570,-0.2215,0.7772
103.736,1,6.482,-0.676,-1.692,-0.1905,-0.5570,-0.2217,0.7773
103.779,1,6.482,-0.676,-1.692,-0.1903,-0.5567,-0.2227,0.7774
103.807,1,6.483,-0.676,-1.692,-0.1902,-0.5560,-0.2244,0.7774
103.835,1,6.483,-0.676,-1.692,-0.1903,-0.5551,-0.2251,0.7778
103.877,1,6.483,-0.676,-1.691,-0.1902,-0.5541,-0.2242,0.7788
103.904,1,6.483,-0.676,-1.691,-0.1905,-0.5536,-0.2244,0.7790
103.932,1,6.483,-0.676,-1.691,-0.1905,-0.5534,-0.2248,0.7790
103.974,1,6.483,-0.676,-1.691,-0.1906,-0.5537,-0.2252,0.7787
104.002,1,6.483,-0.676,-1.691,-0.1906,-0.5540,-0.2256,0.7784
104.043,1,6.483,-0.676,-1.691,-0.1913,-0.5541,-0.2255,0.7781
104.070,1,6.483,-0.676,-1.691,-0.1913,-0.5540,-0.2262,0.7780
104.113,1,6.483,-0.676,-1.691,-0.1911,-0.5536,-0.2270,0.7782
104.143,1,6.483,-0.676,-1.690,-0.1914,-0.5533,-0.2271,0.7783
104.169,1,6.483,-0.676,-1.690,-0.1913,-0.5529,-0.2273,0.7785
104.209,1,6.483,-0.676,-1.690,-0.1906,-0.5520,-0.2273,0.7793
104.236,1,6.483,-0.676,-1.689,-0.1903,-0.5519,-0.2265,0.7797
104.278,1,6.483,-0.676,-1.689,-0.1891,-0.5517,-0.2252,0.7805
104.307,1,6.483,-0.677,-1.689,-0.1885,-0.5517,-0.2249,0.7807
104.335,1,6.483,-0.677,-1.689,-0.1881,-0.5519,-0.2250,0.7806
104.376,1,6.483,-0.676,-1.688,-0.1877,-0.5523,-0.2260,0.7802
104.404,1,6.483,-0.676,-1.688,-0.1877,-0.5523,-0.2268,0.7800
104.432,1,6.483,-0.676,-1.688,-0.1873,-0.5522,-0.2279,0.7797
104.473,1,6.483,-0.676,-1.688,-0.1870,-0.5520,-0.2285,0.7798
104.501,1,6.482,-0.676,-1.688,-0.1863,-0.5519,-0.2279,0.7802
104.544,1,6.482,-0.677,-1.688,-0.1854,-0.5519,-0.2272,0.7806
104.572,1,6.482,-0.677,-1.688,-0.1852,-0.5521,-0.2270,0.7807
104.599,1,6.482,-0.677,-1.688,-0.1849,-0.5521,-0.2272,0.7806
104.641,1,6.482,-0.677,-1.688,-0.1852,-0.5519,-0.2272,0.7807
104.668,1,6.483,-0.677,-1.688,-0.1863,-0.5517,-0.2275,0.7805
104.711,1,6.483,-0.676,-1.688,-0.1868,-0.5516,-0.2293,0.7799
104.738,1,6.483,-0.676,-1.688,-0.1874,-0.5514,-0.2295,0.7799
104.766,1,6.483,-0.676,-1.688,-0.1880,-0.5516,-0.2294,0.7796
104.808,1,6.484,-0.676,-1.688,-0.1870,-0.5517,-0.2300,0.7796
104.836,1,6.484,-0.676,-1.688,-0.1868,-0.5517,-0.2300,0.7797
104.878,1,6.484,-0.676,-1.688,-0.1870,-0.5515,-0.2303,0.7797
104.906,1,6.484,-0.676,-1.688,-0.1875,-0.5508,-0.2306,0.7800
104.934,1,6.484,-0.676,-1.688,-0.1878,-0.5502,-0.2306,0.7803
104.976,1,6.484,-0.676,-1.688,-0.1879,-0.5497,-0.2314,0.7803
105.003,1,6.484,-0.676,-1.688,-0.1878,-0.5496,-0.2317,0.7804
105.032,1,6.484,-0.676,-1.688,-0.1881,-0.5497,-0.2320,0.7802
105.074,1,6.484,-0.676,-1.688,-0.1881,-0.5497,-0.2324,0.7800
105.103,1,6.484,-0.676,-1.688,-0.1882,-0.5498,-0.2325,0.7799
105.143,1,6.484,-0.676,-1.688,-0.1884,-0.5501,-0.2320,0.7798
105.171,1,6.484,-0.676,-1.689,-0.1882,-0.5503,-0.2315,0.7798
105.199,1,6.484,-0.676,-1.689,-0.1879,-0.5506,-0.2309,0.7799
105.241,1,6.484,-0.676,-1.689,-0.1878,-0.5508,-0.2307,0.7798
105.269,1,6.484,-0.676,-1.689,-0.1889,-0.5509,-0.2312,0.7793
105.310,1,6.484,-0.676,-1.689,-0.1893,-0.5509,-0.2314,0.7792
105.338,1,6.484,-0.676,-1.689,-0.1894,-0.5510,-0.2317,0.7790
105.366,1,6.484,-0.676,-1.689,-0.1888,-0.5510,-0.2319,0.7791
105.409,1,6.484,-0.676,-1.689,-0.1890,-0.5509,-0.2317,0.7792
105.437,1,6.484,-0.676,-1.689,-0.1887,-0.5509,-0.2316,0.7793
105.479,1,6.484,-0.676,-1.689,-0.1882,-0.5506,-0.2317,0.7796
105.506,1,6.484,-0.676,-1.689,-0.1879,-0.5506,-0.2314,0.7798
105.534,1,6.484,-0.676,-1.689,-0.1883,-0.5503,-0.2316,0.7798
105.577,1,6.484,-0.676,-1.688,-0.1897,-0.5493,-0.2329,0.7798
105.604,1,6.484,-0.676,-1.688,-0.1894,-0.5490,-0.2319,0.7803
105.632,1,6.484,-0.676,-1.688,-0.1901,-0.5490,-0.2314,0.7803
105.674,1,6.484,-0.676,-1.689,-0.1903,-0.5490,-0.2317,0.7802
105.702,1,6.484,-0.676,-1.689,-0.1903,-0.5494,-0.2317,0.7799
105.744,1,6.484,-0.676,-1.689,-0.1898,-0.5505,-0.2317,0.7793
105.771,1,6.484,-0.676,-1.689,-0.1903,-0.5507,-0.2325,0.7788
105.799,1,6.484,-0.676,-1.689,-0.1906,-0.5507,-0.2328,0.7786
105.840,1,6.484,-0.676,-1.689,-0.1905,-0.5507,-0.2329,0.7786
105.868,1,6.484,-0.676,-1.689,-0.1902,-0.5505,-0.2330,0.7788
105.910,1,6.484,-0.676,-1.689,-0.1894,-0.5503,-0.2316,0.7795
105.938,1,6.483,-0.676,-1.689,-0.1889,-0.5502,-0.2306,0.7800
105.979,1,6.483,-0.676,-1.689,-0.1878,-0.5505,-0.2296,0.7804
106.007,1,6.483,-0.676,-1.689,-0.1878,-0.5507,-0.2295,0.7803
106.037,1,6.483,-0.676,-1.689,-0.1880,-0.5508,-0.2298,0.7800
106.077,1,6.483,-0.676,-1.689,-0.1881,-0.5509,-0.2301,0.7798
106.105,1,6.483,-0.676,-1.689,-0.1884,-0.5508,-0.2302,0.7798
106.133,1,6.483,-0.676,-1.689,-0.1890,-0.5506,-0.2303,0.7798
106.175,1,6.483,-0.676,-1.689,-0.1890,-0.5505,-0.2301,0.7800
106.203,1,6.483,-0.676,-1.689,-0.1894,-0.5504,-0.2303,0.7798
106.244,1,6.483,-0.676,-1.689,-0.1899,-0.5502,-0.2308,0.7797
106.272,1,6.483,-0.676,-1.689,-0.1897,-0.5505,-0.2303,0.7797
106.299,1,6.484,-0.676,-1.690,-0.1889,-0.5511,-0.2307,0.7793
106.342,1,6.484,-0.676,-1.690,-0.1903,-0.5513,-0.2306,0.7789
106.370,1,6.484,-0.676,-1.690,-0.1902,-0.5515,-0.2307,0.7787
106.412,1,6.484,-0.676,-1.690,-0.1910,-0.5518,-0.2309,0.7783
106.440,1,6.484,-0.676,-1.690,-0.1912,-0.5517,-0.2320,0.7780
106.467,1,6.484,-0.676,-1.690,-0.1913,-0.5516,-0.2327,0.7779
106.509,1,6.484,-0.676,-1.690,-0.1910,-0.5513,-0.2323,0.7782
106.537,1,6.484,-0.676,-1.690,-0.1910,-0.5511,-0.2321,0.7785
106.579,1,6.484,-0.676,-1.690,-0.1902,-0.5511,-0.2316,0.7788
106.606,1,6.484,-0.676,-1.689,-0.1907,-0.5509,-0.2321,0.7786
106.634,1,6.484,-0.676,-1.689,-0.1908,-0.5507,-0.2323,0.7787
106.676,1,6.484,-0.676,-1.689,-0.1894,-0.5509,-0.2310,0.7793
106.704,1,6.484,-0.676,-1.689,-0.1900,-0.5508,-0.2311,0.7792
106.746,1,6.484,-0.676,-1.689,-0.1909,-0.5507,-0.2326,0.7785
106.774,1,6.484,-0.675,-1.689,-0.1917,-0.5506,-0.2337,0.7781
106.802,1,6.484,-0.675,-1.689,-0.1919,-0.5504,-0.2334,0.7783
106.843,1,6.484,-0.675,-1.689,-0.1917,-0.5508,-0.2335,0.7780
106.870,1,6.484,-0.676,-1.689,-0.1905,-0.5511,-0.2332,0.7782
106.912,1,6.484,-0.676,-1.689,-0.1897,-0.5513,-0.2326,0.7784
106.941,1,6.484,-0.676,-1.689,-0.1901,-0.5513,-0.2325,0.7784
106.968,1,6.484,-0.676,-1.689,-0.1894,-0.5512,-0.2322,0.7787
107.010,1,6.484,-0.676,-1.689,-0.1881,-0.5516,-0.2310,0.7791
107.042,1,6.484,-0.676,-1.689,-0.1879,-0.5518,-0.2306,0.7791
107.069,1,6.483,-0.676,-1.689,-0.1870,-0.5520,-0.2307,0.7791
107.110,1,6.483,-0.676,-1.689,-0.1871,-0.5526,-0.2309,0.7787
107.139,1,6.483,-0.676,-1.689,-0.1865,-0.5532,-0.2311,0.7784
107.166,1,6.483,-0.676,-1.689,-0.1859,-0.5538,-0.2312,0.7780
107.223,1,6.483,-0.677,-1.690,-0.1848,-0.5549,-0.2309,0.7775
107.233,1,6.482,-0.677,-1.690,-0.1834,-0.5564,-0.2305,0.7770
107.275,1,6.482,-0.677,-1.690,-0.1799,-0.5590,-0.2296,0.7762
107.303,1,6.482,-0.677,-1.690,-0.1796,-0.5612,-0.2302,0.7745
107.345,1,6.481,-0.678,-1.691,-0.1766,-0.5647,-0.2290,0.7730
107.373,1,6.480,-0.678,-1.691,-0.1736,-0.5675,-0.2281,0.7719
107.400,1,6.480,-0.678,-1.691,-0.1722,-0.5702,-0.2290,0.7699
107.442,1,6.479,-0.679,-1.692,-0.1693,-0.5740,-0.2289,0.7678
107.469,1,6.479,-0.678,-1.692,-0.1672,-0.5769,-0.2284,0.7662
107.511,1,6.478,-0.678,-1.693,-0.1669,-0.5813,-0.2301,0.7624
107.540,1,6.477,-0.678,-1.693,-0.1653,-0.5846,-0.2296,0.7604
107.567,1,6.477,-0.679,-1.693,-0.1625,-0.5881,-0.2292,0.7584
107.609,1,6.475,-0.678,-1.694,-0.1593,-0.5937,-0.2336,0.7534
107.637,1,6.475,-0.678,-1.694,-0.1568,-0.5975,-0.2359,0.7502
107.679,1,6.473,-0.679,-1.695,-0.1490,-0.6044,-0.2383,0.7455
107.707,1,6.472,-0.680,-1.695,-0.1424,-0.6097,-0.2383,0.7425
107.735,1,6.471,-0.681,-1.694,-0.1333,-0.6145,-0.2378,0.7403
107.776,1,6.470,-0.683,-1.694,-0.1174,-0.6205,-0.2394,0.7375
107.804,1,6.469,-0.685,-1.694,-0.1047,-0.6240,-0.2405,0.7361
107.832,1,6.468,-0.686,-1.693,-0.0939,-0.6276,-0.2420,0.7340
107.875,1,6.468,-0.687,-1.693,-0.0809,-0.6327,-0.2434,0.7307
107.903,1,6.468,-0.687,-1.692,-0.0756,-0.6349,-0.2467,0.7283
107.944,1,6.467,-0.689,-1.692,-0.0681,-0.6379,-0.2460,0.7266
107.972,1,6.467,-0.690,-1.692,-0.0612,-0.6396,-0.2470,0.7254
108.000,1,6.466,-0.691,-1.692,-0.0545,-0.6429,-0.2441,0.7240
108.042,1,6.466,-0.691,-1.691,-0.0496,-0.6459,-0.2424,0.7222
108.069,1,6.465,-0.691,-1.690,-0.0489,-0.6463,-0.2435,0.7216
108.114,1,6.464,-0.691,-1.689,-0.0493,-0.6449,-0.2440,0.7226
108.138,1,6.463,-0.691,-1.689,-0.0482,-0.6440,-0.2446,0.7233
108.167,1,6.463,-0.692,-1.688,-0.0466,-0.6428,-0.2454,0.7242
108.208,1,6.462,-0.692,-1.687,-0.0456,-0.6400,-0.2438,0.7272
108.236,1,6.462,-0.693,-1.687,-0.0459,-0.6376,-0.2432,0.7295
108.278,1,6.462,-0.693,-1.686,-0.0443,-0.6343,-0.2416,0.7330
108.306,1,6.462,-0.694,-1.685,-0.0447,-0.6324,-0.2406,0.7350
108.334,1,6.462,-0.694,-1.685,-0.0457,-0.6305,-0.2411,0.7364
108.375,1,6.462,-0.694,-1.684,-0.0458,-0.6277,-0.2428,0.7382
108.403,1,6.462,-0.694,-1.683,-0.0449,-0.6254,-0.2429,0.7402
108.445,1,6.463,-0.694,-1.682,-0.0449,-0.6224,-0.2418,0.7430
108.473,1,6.463,-0.695,-1.682,-0.0441,-0.6206,-0.2423,0.7444
108.501,1,6.464,-0.695,-1.681,-0.0440,-0.6186,-0.2429,0.7460
108.543,1,6.464,-0.694,-1.680,-0.0453,-0.6152,-0.2420,0.7490
108.570,1,6.464,-0.694,-1.680,-0.0470,-0.6142,-0.2428,0.7494
108.612,1,6.465,-0.694,-1.679,-0.0476,-0.6135,-0.2435,0.7497
108.640,1,6.465,-0.694,-1.679,-0.0480,-0.6127,-0.2433,0.7504
108.668,1,6.466,-0.694,-1.678,-0.0497,-0.6106,-0.2446,0.7516
108.710,1,6.467,-0.693,-1.676,-0.0539,-0.6049,-0.2454,0.7556
108.737,1,6.467,-0.693,-1.675,-0.0562,-0.6004,-0.2463,0.7587
108.779,1,6.468,-0.692,-1.674,-0.0596,-0.5933,-0.2487,0.7632
108.806,1,6.469,-0.692,-1.673,-0.0630,-0.5897,-0.2515,0.7649
108.835,1,6.469,-0.692,-1.672,-0.0638,-0.5883,-0.2538,0.7651
108.876,1,6.470,-0.692,-1.672,-0.0630,-0.5870,-0.2552,0.7657
108.903,1,6.470,-0.691,-1.672,-0.0639,-0.5865,-0.2551,0.7661
108.945,1,6.470,-0.691,-1.671,-0.0657,-0.5860,-0.2563,0.7659
108.974,1,6.470,-0.691,-1.671,-0.0652,-0.5858,-0.2557,0.7663
109.001,1,6.470,-0.691,-1.671,-0.0663,-0.5858,-0.2556,0.7662
109.044,1,6.470,-0.691,-1.671,-0.0676,-0.5864,-0.2559,0.7655
109.071,1,6.470,-0.691,-1.672,-0.0683,-0.5865,-0.2552,0.7656
109.099,1,6.470,-0.690,-1.672,-0.0700,-0.5870,-0.2542,0.7655
109.141,1,6.470,-0.690,-1.673,-0.0741,-0.5884,-0.2544,0.7639
109.169,1,6.471,-0.689,-1.673,-0.0767,-0.5896,-0.2550,0.7625
109.210,1,6.471,-0.687,-1.674,-0.0845,-0.5908,-0.2595,0.7593
109.238,1,6.471,-0.686,-1.674,-0.0894,-0.5916,-0.2599,0.7580
109.267,1,6.472,-0.686,-1.675,-0.0929,-0.5922,-0.2609,0.7567
109.308,1,6.472,-0.686,-1.675,-0.0918,-0.5927,-0.2620,0.7561
109.336,1,6.473,-0.686,-1.675,-0.0914,-0.5931,-0.2602,0.7564
109.378,1,6.473,-0.686,-1.676,-0.0908,-0.5935,-0.2605,0.7561
109.405,1,6.473,-0.685,-1.676,-0.0942,-0.5935,-0.2631,0.7548
109.433,1,6.473,-0.684,-1.676,-0.0986,-0.5940,-0.2657,0.7529
109.475,1,6.473,-0.684,-1.677,-0.1007,-0.5954,-0.2672,0.7509
109.503,1,6.472,-0.683,-1.677,-0.1034,-0.5962,-0.2681,0.7496
109.545,1,6.472,-0.683,-1.677,-0.1050,-0.5972,-0.2691,0.7483
109.573,1,6.471,-0.683,-1.677,-0.1040,-0.5980,-0.2685,0.7480
109.601,1,6.470,-0.684,-1.678,-0.1023,-0.5990,-0.2670,0.7479
109.643,1,6.470,-0.684,-1.679,-0.0975,-0.6016,-0.2635,0.7478
109.670,1,6.469,-0.685,-1.680,-0.0953,-0.6030,-0.2618,0.7475
109.712,1,6.468,-0.686,-1.681,-0.0926,-0.6062,-0.2558,0.7474
109.741,1,6.468,-0.687,-1.682,-0.0911,-0.6087,-0.2511,0.7471
109.768,1,6.467,-0.687,-1.683,-0.0915,-0.6107,-0.2476,0.7466
109.810,1,6.467,-0.686,-1.684,-0.0936,-0.6123,-0.2454,0.7457
109.837,1,6.466,-0.686,-1.684,-0.0944,-0.6129,-0.2457,0.7451
109.879,1,6.466,-0.685,-1.685,-0.0974,-0.6135,-0.2487,0.7431
109.907,1,6.466,-0.685,-1.686,-0.1001,-0.6143,-0.2499,0.7418
109.935,1,6.465,-0.684,-1.687,-0.1021,-0.6158,-0.2494,0.7404
109.977,1,6.465,-0.684,-1.688,-0.1052,-0.6184,-0.2486,0.7381
110.004,1,6.464,-0.684,-1.689,-0.1061,-0.6200,-0.2477,0.7369
110.032,1,6.464,-0.684,-1.690,-0.1058,-0.6216,-0.2464,0.7360
110.074,1,6.463,-0.685,-1.691,-0.1039,-0.6238,-0.2441,0.7351
110.102,1,6.463,-0.686,-1.692,-0.1020,-0.6261,-0.2401,0.7348
110.144,1,6.462,-0.686,-1.694,-0.1021,-0.6309,-0.2346,0.7324
110.171,1,6.462,-0.686,-1.696,-0.1035,-0.6337,-0.2330,0.7304
110.199,1,6.461,-0.686,-1.698,-0.1049,-0.6362,-0.2307,0.7288
110.241,1,6.461,-0.686,-1.700,-0.1063,-0.6404,-0.2256,0.7265
110.269,1,6.460,-0.686,-1.702,-0.1086,-0.6433,-0.2227,0.7244
110.311,1,6.460,-0.686,-1.704,-0.1100,-0.6480,-0.2180,0.7215
110.339,1,6.459,-0.686,-1.706,-0.1114,-0.6511,-0.2162,0.7190
110.367,1,6.459,-0.686,-1.707,-0.1140,-0.6543,-0.2147,0.7161
110.409,1,6.459,-0.686,-1.709,-0.1177,-0.6598,-0.2115,0.7114
110.436,1,6.459,-0.686,-1.711,-0.1198,-0.6633,-0.2097,0.7083
110.478,1,6.459,-0.685,-1.712,-0.1219,-0.6683,-0.2076,0.7039
110.506,1,6.459,-0.686,-1.713,-0.1218,-0.6709,-0.2069,0.7016
110.534,1,6.458,-0.685,-1.713,-0.1214,-0.6731,-0.2071,0.6995
110.576,1,6.458,-0.685,-1.714,-0.1222,-0.6755,-0.2091,0.6965
110.604,1,6.458,-0.685,-1.714,-0.1223,-0.6767,-0.2092,0.6952
110.645,1,6.458,-0.685,-1.714,-0.1211,-0.6782,-0.2088,0.6941
110.673,1,6.458,-0.685,-1.714,-0.1212,-0.6789,-0.2099,0.6931
110.701,1,6.458,-0.684,-1.714,-0.1220,-0.6794,-0.2111,0.6920
110.743,1,6.458,-0.684,-1.714,-0.1225,-0.6798,-0.2125,0.6911
110.771,1,6.458,-0.684,-1.713,-0.1218,-0.6797,-0.2133,0.6911
110.799,1,6.458,-0.684,-1.713,-0.1214,-0.6791,-0.2139,0.6916
110.841,1,6.458,-0.684,-1.713,-0.1208,-0.6782,-0.2133,0.6928
110.869,1,6.458,-0.684,-1.713,-0.1202,-0.6774,-0.2128,0.6938
110.911,1,6.458,-0.685,-1.713,-0.1192,-0.6769,-0.2119,0.6947
110.938,1,6.458,-0.685,-1.713,-0.1206,-0.6768,-0.2119,0.6946
110.966,1,6.458,-0.684,-1.713,-0.1219,-0.6768,-0.2120,0.6943
111.008,1,6.458,-0.685,-1.714,-0.1216,-0.6778,-0.2106,0.6939
111.036,1,6.459,-0.685,-1.714,-0.1219,-0.6786,-0.2100,0.6932
111.077,1,6.459,-0.684,-1.714,-0.1230,-0.6796,-0.2111,0.6917
111.105,1,6.459,-0.684,-1.715,-0.1236,-0.6798,-0.2122,0.6911
111.133,1,6.459,-0.684,-1.715,-0.1237,-0.6801,-0.2124,0.6907
111.175,1,6.460,-0.683,-1.715,-0.1255,-0.6801,-0.2137,0.6900
111.203,1,6.460,-0.683,-1.715,-0.1255,-0.6801,-0.2140,0.6899
111.244,1,6.460,-0.683,-1.715,-0.1262,-0.6802,-0.2154,0.6892
111.273,1,6.461,-0.683,-1.715,-0.1274,-0.6803,-0.2159,0.6888
111.300,1,6.461,-0.683,-1.715,-0.1282,-0.6803,-0.2163,0.6885
111.342,1,6.461,-0.683,-1.715,-0.1274,-0.6803,-0.2155,0.6889
111.370,1,6.461,-0.683,-1.715,-0.1271,-0.6801,-0.2152,0.6892
111.412,1,6.461,-0.683,-1.715,-0.1268,-0.6803,-0.2150,0.6892
111.439,1,6.461,-0.683,-1.715,-0.1280,-0.6804,-0.2161,0.6885
111.467,1,6.461,-0.683,-1.716,-0.1289,-0.6803,-0.2161,0.6883
111.509,1,6.461,-0.683,-1.716,-0.1288,-0.6802,-0.2161,0.6885
111.537,1,6.462,-0.683,-1.715,-0.1290,-0.6799,-0.2159,0.6888
111.579,1,6.462,-0.682,-1.715,-0.1299,-0.6792,-0.2169,0.6890
111.607,1,6.462,-0.682,-1.715,-0.1299,-0.6791,-0.2170,0.6891
111.634,1,6.462,-0.682,-1.715,-0.1302,-0.6788,-0.2178,0.6891
111.676,1,6.463,-0.682,-1.715,-0.1310,-0.6784,-0.2188,0.6890
111.704,1,6.463,-0.682,-1.714,-0.1311,-0.6782,-0.2189,0.6891
111.746,1,6.463,-0.682,-1.714,-0.1300,-0.6779,-0.2178,0.6900
111.774,1,6.463,-0.682,-1.714,-0.1302,-0.6776,-0.2181,0.6902
111.801,1,6.464,-0.682,-1.714,-0.1316,-0.6773,-0.2194,0.6898
111.843,1,6.464,-0.682,-1.714,-0.1316,-0.6771,-0.2194,0.6900
111.871,1,6.464,-0.681,-1.714,-0.1326,-0.6768,-0.2209,0.6896
111.899,1,6.464,-0.681,-1.713,-0.1333,-0.6766,-0.2215,0.6895
111.941,1,6.464,-0.681,-1.713,-0.1332,-0.6762,-0.2232,0.6893
111.969,1,6.465,-0.681,-1.713,-0.1335,-0.6758,-0.2240,0.6894
112.010,1,6.465,-0.681,-1.712,-0.1339,-0.6750,-0.2247,0.6899
112.038,1,6.465,-0.681,-1.712,-0.1337,-0.6742,-0.2249,0.6906
112.065,1,6.465,-0.681,-1.712,-0.1336,-0.6736,-0.2244,0.6914
112.108,1,6.465,-0.681,-1.711,-0.1324,-0.6731,-0.2236,0.6924
112.136,1,6.465,-0.681,-1.711,-0.1325,-0.6727,-0.2241,0.6926
112.177,1,6.465,-0.681,-1.711,-0.1321,-0.6717,-0.2244,0.6935
112.205,1,6.465,-0.681,-1.711,-0.1334,-0.6711,-0.2251,0.6937
112.233,1,6.465,-0.681,-1.711,-0.1342,-0.6705,-0.2261,0.6938
112.275,1,6.465,-0.681,-1.711,-0.1335,-0.6698,-0.2268,0.6944
112.303,1,6.466,-0.681,-1.711,-0.1339,-0.6692,-0.2274,0.6946
112.345,1,6.466,-0.681,-1.711,-0.1338,-0.6692,-0.2279,0.6945
112.373,1,6.466,-0.681,-1.711,-0.1339,-0.6691,-0.2289,0.6942
112.400,1,6.466,-0.681,-1.711,-0.1335,-0.6691,-0.2290,0.6943
112.442,1,6.466,-0.681,-1.710,-0.1332,-0.6688,-0.2291,0.6946
112.470,1,6.466,-0.681,-1.710,-0.1331,-0.6686,-0.2289,0.6949
112.511,1,6.466,-0.681,-1.710,-0.1332,-0.6681,-0.2289,0.6953
112.540,1,6.466,-0.681,-1.710,-0.1330,-0.6677,-0.2291,0.6957
112.567,1,6.467,-0.681,-1.710,-0.1327,-0.6675,-0.2290,0.6959
112.609,1,6.467,-0.681,-1.709,-0.1337,-0.6675,-0.2303,0.6953
112.637,1,6.467,-0.680,-1.709,-0.1341,-0.6674,-0.2318,0.6949
112.679,1,6.467,-0.680,-1.709,-0.1328,-0.6668,-0.2334,0.6952
112.706,1,6.467,-0.680,-1.709,-0.1327,-0.6660,-0.2343,0.6957
112.735,1,6.467,-0.680,-1.708,-0.1332,-0.6650,-0.2346,0.6964
112.776,1,6.468,-0.680,-1.708,-0.1336,-0.6634,-0.2343,0.6979
112.804,1,6.468,-0.680,-1.708,-0.1341,-0.6627,-0.2342,0.6986
112.832,1,6.468,-0.680,-1.708,-0.1344,-0.6624,-0.2339,0.6989
112.874,1,6.468,-0.680,-1.708,-0.1342,-0.6624,-0.2340,0.6989
112.902,1,6.468,-0.680,-1.708,-0.1339,-0.6625,-0.2343,0.6988
112.944,1,6.468,-0.680,-1.708,-0.1334,-0.6628,-0.2341,0.6987
112.971,1,6.468,-0.681,-1.708,-0.1331,-0.6631,-0.2331,0.6988
113.000,1,6.468,-0.681,-1.708,-0.1329,-0.6632,-0.2330,0.6987
113.041,1,6.468,-0.681,-1.708,-0.1323,-0.6634,-0.2333,0.6985
113.069,1,6.467,-0.681,-1.708,-0.1325,-0.6635,-0.2334,0.6984
113.111,1,6.467,-0.681,-1.708,-0.1324,-0.6632,-0.2329,0.6988
113.138,1,6.467,-0.681,-1.708,-0.1311,-0.6633,-0.2310,0.6996
113.166,1,6.466,-0.681,-1.708,-0.1304,-0.6637,-0.2307,0.6995
113.208,1,6.466,-0.681,-1.708,-0.1303,-0.6640,-0.2302,0.6994
113.236,1,6.465,-0.681,-1.709,-0.1304,-0.6644,-0.2296,0.6992
113.278,1,6.465,-0.681,-1.709,-0.1308,-0.6654,-0.2302,0.6979
113.306,1,6.465,-0.681,-1.709,-0.1318,-0.6657,-0.2314,0.6971
113.333,1,6.465,-0.681,-1.709,-0.1307,-0.6664,-0.2304,0.6970
113.375,1,6.465,-0.681,-1.710,-0.1303,-0.6670,-0.2287,0.6970
113.403,1,6.465,-0.681,-1.710,-0.1307,-0.6675,-0.2281,0.6966
113.445,1,6.465,-0.681,-1.710,-0.1306,-0.6684,-0.2279,0.6959
113.472,1,6.465,-0.682,-1.711,-0.1295,-0.6687,-0.2266,0.6963
113.500,1,6.465,-0.682,-1.711,-0.1301,-0.6688,-0.2266,0.6961
113.543,1,6.466,-0.681,-1.711,-0.1315,-0.6685,-0.2276,0.6957
113.570,1,6.466,-0.681,-1.711,-0.1323,-0.6683,-0.2282,0.6955
113.612,1,6.466,-0.681,-1.711,-0.1333,-0.6681,-0.2290,0.6952
113.640,1,6.467,-0.681,-1.711,-0.1343,-0.6681,-0.2294,0.6950
113.667,1,6.467,-0.681,-1.711,-0.1351,-0.6681,-0.2301,0.6946
113.709,1,6.467,-0.680,-1.711,-0.1362,-0.6681,-0.2317,0.6938
113.737,1,6.468,-0.680,-1.711,-0.1368,-0.6681,-0.2326,0.6934
113.779,1,6.468,-0.680,-1.712,-0.1371,-0.6681,-0.2321,0.6935
113.807,1,6.468,-0.680,-1.712,-0.1373,-0.6676,-0.2323,0.6939
113.835,1,6.469,-0.680,-1.711,-0.1378,-0.6671,-0.2319,0.6944
113.877,1,6.469,-0.680,-1.711,-0.1386,-0.6669,-0.2330,0.6941
113.904,1,6.470,-0.680,-1.711,-0.1392,-0.6666,-0.2342,0.6938
113.933,1,6.470,-0.679,-1.711,-0.1402,-0.6663,-0.2352,0.6936
113.974,1,6.471,-0.679,-1.711,-0.1411,-0.6658,-0.2369,0.6933
114.002,1,6.471,-0.679,-1.711,-0.1417,-0.6654,-0.2377,0.6933
114.043,1,6.472,-0.679,-1.711,-0.1424,-0.6648,-0.2384,0.6935
114.071,1,6.472,-0.679,-1.711,-0.1425,-0.6644,-0.2388,0.6937
114.099,1,6.472,-0.679,-1.711,-0.1428,-0.6640,-0.2390,0.6940
114.140,1,6.472,-0.679,-1.710,-0.1429,-0.6635,-0.2391,0.6944
114.168,1,6.472,-0.679,-1.710,-0.1417,-0.6634,-0.2387,0.6949
114.210,1,6.471,-0.679,-1.710,-0.1416,-0.6632,-0.2404,0.6945
114.238,1,6.471,-0.679,-1.710,-0.1408,-0.6634,-0.2396,0.6948
114.266,1,6.471,-0.679,-1.710,-0.1417,-0.6634,-0.2406,0.6942
114.308,1,6.471,-0.678,-1.710,-0.1428,-0.6631,-0.2417,0.6939
114.336,1,6.471,-0.678,-1.710,-0.1429,-0.6630,-0.2421,0.6938
114.377,1,6.471,-0.678,-1.710,-0.1436,-0.6640,-0.2411,0.6930
114.406,1,6.471,-0.678,-1.710,-0.1425,-0.6651,-0.2406,0.6924
114.433,1,6.471,-0.679,-1.711,-0.1411,-0.6657,-0.2400,0.6924
114.474,1,6.471,-0.679,-1.711,-0.1410,-0.6662,-0.2393,0.6921
114.502,1,6.471,-0.679,-1.711,-0.1409,-0.6662,-0.2392,0.6922
114.544,1,6.471,-0.679,-1.710,-0.1411,-0.6658,-0.2392,0.6926
114.572,1,6.472,-0.679,-1.710,-0.1418,-0.6650,-0.2399,0.6929
114.600,1,6.472,-0.679,-1.710,-0.1427,-0.6641,-0.2408,0.6932
114.642,1,6.472,-0.678,-1.710,-0.1430,-0.6632,-0.2423,0.6935
114.669,1,6.472,-0.678,-1.710,-0.1439,-0.6627,-0.2428,0.6936
114.711,1,6.472,-0.678,-1.710,-0.1439,-0.6625,-0.2422,0.6940
114.739,1,6.472,-0.678,-1.710,-0.1430,-0.6625,-0.2422,0.6942
114.767,1,6.472,-0.679,-1.710,-0.1423,-0.6625,-0.2421,0.6944
114.809,1,6.472,-0.679,-1.710,-0.1416,-0.6625,-0.2414,0.6948
114.836,1,6.472,-0.679,-1.710,-0.1412,-0.6625,-0.2410,0.6950
114.878,1,6.472,-0.679,-1.709,-0.1420,-0.6622,-0.2408,0.6952
114.906,1,6.472,-0.679,-1.709,-0.1411,-0.6624,-0.2398,0.6955
114.935,1,6.471,-0.679,-1.709,-0.1406,-0.6625,-0.2402,0.6954
114.976,1,6.471,-0.679,-1.709,-0.1431,-0.6624,-0.2419,0.6944
115.003,1,6.471,-0.678,-1.709,-0.1430,-0.6627,-0.2419,0.6942
115.045,1,6.471,-0.679,-1.709,-0.1414,-0.6627,-0.2424,0.6943
115.074,1,6.471,-0.679,-1.709,-0.1413,-0.6626,-0.2419,0.6947
115.101,1,6.471,-0.679,-1.709,-0.1389,-0.6626,-0.2396,0.6959
115.143,1,6.471,-0.680,-1.709,-0.1384,-0.6623,-0.2384,0.6967
115.171,1,6.471,-0.679,-1.709,-0.1404,-0.6620,-0.2398,0.6961
115.199,1,6.470,-0.679,-1.709,-0.1413,-0.6621,-0.2408,0.6955
115.241,1,6.471,-0.679,-1.709,-0.1408,-0.6624,-0.2403,0.6955
115.268,1,6.471,-0.679,-1.709,-0.1396,-0.6628,-0.2388,0.6959
115.310,1,6.470,-0.679,-1.710,-0.1403,-0.6630,-0.2396,0.6952
115.338,1,6.470,-0.679,-1.710,-0.1399,-0.6634,-0.2390,0.6951
115.366,1,6.470,-0.679,-1.710,-0.1394,-0.6639,-0.2379,0.6952
115.407,1,6.470,-0.680,-1.710,-0.1393,-0.6641,-0.2373,0.6951
115.436,1,6.470,-0.680,-1.710,-0.1392,-0.6642,-0.2373,0.6951
115.477,1,6.470,-0.680,-1.710,-0.1392,-0.6642,-0.2373,0.6951
115.505,1,6.470,-0.680,-1.710,-0.1395,-0.6641,-0.2374,0.6951
115.533,1,6.470,-0.680,-1.710,-0.1393,-0.6640,-0.2370,0.6954
115.575,1,6.471,-0.679,-1.710,-0.1416,-0.6631,-0.2387,0.6952
115.603,1,6.471,-0.679,-1.710,-0.1417,-0.6629,-0.2389,0.6953
115.644,1,6.470,-0.678,-1.710,-0.1438,-0.6621,-0.2405,0.6951
115.672,1,6.470,-0.679,-1.710,-0.1416,-0.6621,-0.2379,0.6964
115.700,1,6.470,-0.679,-1.710,-0.1412,-0.6622,-0.2385,0.6961
115.742,1,6.470,-0.679,-1.710,-0.1403,-0.6626,-0.2388,0.6959
115.770,1,6.470,-0.679,-1.710,-0.1404,-0.6629,-0.2407,0.6949
115.812,1,6.470,-0.679,-1.711,-0.1394,-0.6653,-0.2424,0.6923
115.839,1,6.471,-0.678,-1.711,-0.1401,-0.6670,-0.2438,0.6900
115.867,1,6.471,-0.678,-1.712,-0.1402,-0.6688,-0.2441,0.6880
115.909,1,6.472,-0.677,-1.713,-0.1440,-0.6713,-0.2469,0.6839
115.937,1,6.472,-0.677,-1.713,-0.1456,-0.6725,-0.2486,0.6817
115.965,1,6.473,-0.677,-1.714,-0.1460,-0.6733,-0.2498,0.6804
116.006,1,6.473,-0.676,-1.714,-0.1474,-0.6740,-0.2511,0.6789
116.035,1,6.473,-0.676,-1.715,-0.1468,-0.6742,-0.2503,0.6791
116.076,1,6.473,-0.677,-1.715,-0.1434,-0.6746,-0.2471,0.6806
116.104,1,6.473,-0.677,-1.715,-0.1440,-0.6744,-0.2467,0.6809
116.146,1,6.473,-0.677,-1.715,-0.1466,-0.6736,-0.2484,0.6805
116.174,1,6.473,-0.677,-1.715,-0.1471,-0.6732,-0.2486,0.6807
116.201,1,6.473,-0.677,-1.715,-0.1467,-0.6733,-0.2478,0.6810
116.244,1,6.473,-0.677,-1.715,-0.1448,-0.6739,-0.2459,0.6815
116.271,1,6.472,-0.678,-1.715,-0.1427,-0.6747,-0.2441,0.6817
116.299,1,6.472,-0.678,-1.715,-0.1409,-0.6754,-0.2429,0.6818
116.341,1,6.472,-0.678,-1.715,-0.1419,-0.6758,-0.2426,0.6814
116.368,1,6.472,-0.679,-1.715,-0.1400,-0.6765,-0.2410,0.6817
116.410,1,6.472,-0.679,-1.716,-0.1380,-0.6771,-0.2389,0.6822
116.439,1,6.471,-0.679,-1.716,-0.1379,-0.6773,-0.2387,0.6821
116.466,1,6.471,-0.679,-1.716,-0.1378,-0.6776,-0.2390,0.6818
116.508,1,6.471,-0.679,-1.716,-0.1373,-0.6781,-0.2389,0.6814
116.536,1,6.471,-0.679,-1.716,-0.1387,-0.6780,-0.2397,0.6809
116.578,1,6.472,-0.678,-1.716,-0.1413,-0.6768,-0.2417,0.6809
116.605,1,6.472,-0.678,-1.716,-0.1437,-0.6761,-0.2435,0.6804
116.633,1,6.472,-0.677,-1.716,-0.1457,-0.6756,-0.2434,0.6805
116.675,1,6.472,-0.677,-1.716,-0.1467,-0.6754,-0.2408,0.6815
116.703,1,6.472,-0.677,-1.716,-0.1475,-0.6754,-0.2405,0.6814
116.745,1,6.472,-0.678,-1.717,-0.1474,-0.6757,-0.2409,0.6809
116.773,1,6.472,-0.678,-1.717,-0.1468,-0.6762,-0.2401,0.6809
116.801,1,6.472,-0.678,-1.717,-0.1467,-0.6768,-0.2399,0.6804
116.842,1,6.472,-0.678,-1.718,-0.1464,-0.6775,-0.2395,0.6798
116.870,1,6.472,-0.678,-1.718,-0.1465,-0.6778,-0.2391,0.6796
116.911,1,6.472,-0.678,-1.718,-0.1464,-0.6781,-0.2393,0.6794
116.940,1,6.472,-0.678,-1.718,-0.1461,-0.6781,-0.2386,0.6796
116.968,1,6.472,-0.678,-1.718,-0.1463,-0.6780,-0.2386,0.6797
117.009,1,6.472,-0.678,-1.718,-0.1477,-0.6775,-0.2405,0.6792
117.037,1,6.472,-0.678,-1.718,-0.1482,-0.6774,-0.2413,0.6790
117.079,1,6.472,-0.677,-1.718,-0.1484,-0.6777,-0.2418,0.6784
117.107,1,6.472,-0.678,-1.718,-0.1482,-0.6777,-0.2420,0.6784
117.134,1,6.472,-0.678,-1.718,-0.1479,-0.6775,-0.2419,0.6786
117.177,1,6.472,-0.678,-1.718,-0.1460,-0.6778,-0.2383,0.6801
117.203,1,6.472,-0.678,-1.718,-0.1459,-0.6775,-0.2384,0.6803
117.245,1,6.473,-0.678,-1.717,-0.1460,-0.6770,-0.2383,0.6809
117.273,1,6.473,-0.678,-1.717,-0.1463,-0.6769,-0.2386,0.6807
117.300,1,6.473,-0.678,-1.717,-0.1468,-0.6770,-0.2394,0.6803
117.343,1,6.473,-0.678,-1.717,-0.1471,-0.6771,-0.2402,0.6799
117.371,1,6.473,-0.678,-1.718,-0.1475,-0.6774,-0.2401,0.6795
117.412,1,6.472,-0.678,-1.718,-0.1473,-0.6777,-0.2399,0.6794
117.440,1,6.472,-0.678,-1.718,-0.1464,-0.6778,-0.2393,0.6796
117.469,1,6.472,-0.678,-1.717,-0.1469,-0.6779,-0.2396,0.6793
117.510,1,6.472,-0.677,-1.717,-0.1473,-0.6777,-0.2412,0.6788
117.538,1,6.472,-0.677,-1.717,-0.1480,-0.6773,-0.2426,0.6786
117.580,1,6.472,-0.677,-1.717,-0.1497,-0.6766,-0.2440,0.6785
117.607,1,6.473,-0.677,-1.717,-0.1503,-0.6762,-0.2435,0.6789
117.635,1,6.473,-0.677,-1.716,-0.1487,-0.6761,-0.2419,0.6799
117.677,1,6.472,-0.677,-1.716,-0.1472,-0.6761,-0.2406,0.6807
117.705,1,6.472,-0.678,-1.716,-0.1462,-0.6763,-0.2400,0.6809
117.733,1,6.472,-0.678,-1.716,-0.1462,-0.6762,-0.2404,0.6808
117.775,1,6.472,-0.678,-1.716,-0.1462,-0.6761,-0.2405,0.6809
117.802,1,6.473,-0.678,-1.716,-0.1461,-0.6762,-0.2414,0.6805
117.844,1,6.473,-0.678,-1.716,-0.1452,-0.6762,-0.2410,0.6808
117.872,1,6.473,-0.678,-1.716,-0.1465,-0.6759,-0.2419,0.6806
117.900,1,6.473,-0.677,-1.716,-0.1484,-0.6754,-0.2436,0.6801
117.942,1,6.473,-0.676,-1.716,-0.1503,-0.6756,-0.2453,0.6788
117.969,1,6.473,-0.676,-1.716,-0.1529,-0.6755,-0.2473,0.6777
118.012,1,6.474,-0.675,-1.716,-0.1558,-0.6710,-0.2536,0.6791
118.039,1,6.474,-0.674,-1.715,-0.1576,-0.6659,-0.2559,0.6829
118.067,1,6.474,-0.674,-1.714,-0.1603,-0.6598,-0.2568,0.6878
118.109,1,6.474,-0.674,-1.714,-0.1631,-0.6527,-0.2557,0.6943
118.137,1,6.475,-0.675,-1.713,-0.1633,-0.6503,-0.2533,0.6973
118.178,1,6.475,-0.676,-1.713,-0.1593,-0.6499,-0.2485,0.7003
118.207,1,6.474,-0.677,-1.713,-0.1562,-0.6513,-0.2458,0.7007
118.234,1,6.474,-0.677,-1.713,-0.1541,-0.6529,-0.2437,0.7004
118.275,1,6.475,-0.677,-1.713,-0.1546,-0.6546,-0.2437,0.6988
118.304,1,6.475,-0.677,-1.714,-0.1535,-0.6561,-0.2429,0.6979
118.346,1,6.475,-0.677,-1.715,-0.1539,-0.6587,-0.2417,0.6957
118.373,1,6.475,-0.677,-1.716,-0.1552,-0.6605,-0.2422,0.6935
118.401,1,6.476,-0.677,-1.716,-0.1567,-0.6624,-0.2430,0.6911
118.443,1,6.476,-0.677,-1.717,-0.1576,-0.6653,-0.2425,0.6883
118.471,1,6.476,-0.677,-1.718,-0.1567,-0.6673,-0.2411,0.6870
118.499,1,6.476,-0.677,-1.719,-0.1562,-0.6693,-0.2396,0.6858
118.540,1,6.476,-0.677,-1.719,-0.1592,-0.6706,-0.2419,0.6829
118.568,1,6.477,-0.676,-1.720,-0.1588,-0.6716,-0.2411,0.6823
118.610,1,6.476,-0.676,-1.720,-0.1609,-0.6725,-0.2425,0.6805
118.638,1,6.476,-0.676,-1.721,-0.1630,-0.6733,-0.2442,0.6786
118.666,1,6.476,-0.675,-1.721,-0.1629,-0.6741,-0.2445,0.6776
118.707,1,6.475,-0.676,-1.722,-0.1605,-0.6757,-0.2420,0.6776
118.735,1,6.475,-0.676,-1.722,-0.1591,-0.6764,-0.2401,0.6778
118.777,1,6.475,-0.677,-1.723,-0.1580,-0.6770,-0.2387,0.6780
118.805,1,6.474,-0.678,-1.723,-0.1562,-0.6776,-0.2362,0.6787
118.833,1,6.474,-0.678,-1.723,-0.1539,-0.6785,-0.2330,0.6794
118.874,1,6.473,-0.678,-1.723,-0.1525,-0.6795,-0.2311,0.6794
118.902,1,6.473,-0.679,-1.724,-0.1522,-0.6802,-0.2305,0.6790
118.944,1,6.473,-0.679,-1.724,-0.1516,-0.6814,-0.2292,0.6784
118.972,1,6.472,-0.679,-1.724,-0.1505,-0.6822,-0.2281,0.6782
119.001,1,6.472,-0.679,-1.724,-0.1507,-0.6830,-0.2277,0.6775
119.041,1,6.472,-0.679,-1.724,-0.1497,-0.6839,-0.2272,0.6769
119.069,1,6.472,-0.679,-1.724,-0.1500,-0.6843,-0.2277,0.6763
119.112,1,6.472,-0.679,-1.724,-0.1507,-0.6838,-0.2288,0.6762
119.139,1,6.472,-0.679,-1.724,-0.1508,-0.6836,-0.2288,0.6765
119.167,1,6.472,-0.679,-1.723,-0.1505,-0.6833,-0.2284,0.6770
119.209,1,6.472,-0.679,-1.723,-0.1514,-0.6830,-0.2279,0.6773
119.236,1,6.472,-0.679,-1.723,-0.1523,-0.6832,-0.2277,0.6770
119.278,1,6.472,-0.678,-1.723,-0.1540,-0.6836,-0.2298,0.6754
119.306,1,6.472,-0.678,-1.723,-0.1554,-0.6840,-0.2309,0.6743
119.334,1,6.473,-0.678,-1.723,-0.1562,-0.6843,-0.2311,0.6738
119.376,1,6.473,-0.678,-1.723,-0.1553,-0.6844,-0.2315,0.6737
119.404,1,6.473,-0.678,-1.723,-0.1541,-0.6844,-0.2307,0.6743
119.445,1,6.473,-0.678,-1.723,-0.1536,-0.6842,-0.2304,0.6747
119.473,1,6.473,-0.678,-1.723,-0.1535,-0.6840,-0.2304,0.6749
119.501,1,6.473,-0.678,-1.723,-0.1533,-0.6840,-0.2300,0.6751
119.543,1,6.473,-0.678,-1.724,-0.1552,-0.6842,-0.2302,0.6743
119.570,1,6.474,-0.678,-1.724,-0.1564,-0.6846,-0.2304,0.6737
119.612,1,6.474,-0.677,-1.724,-0.1584,-0.6851,-0.2293,0.6730
119.641,1,6.474,-0.677,-1.724,-0.1591,-0.6855,-0.2293,0.6725
119.669,1,6.474,-0.677,-1.724,-0.1596,-0.6855,-0.2303,0.6720
119.710,1,6.474,-0.677,-1.724,-0.1594,-0.6855,-0.2311,0.6718
119.738,1,6.474,-0.677,-1.724,-0.1585,-0.6853,-0.2313,0.6721
119.765,1,6.474,-0.677,-1.723,-0.1574,-0.6848,-0.2311,0.6729
119.807,1,6.474,-0.678,-1.722,-0.1555,-0.6841,-0.2306,0.6743
119.835,1,6.474,-0.678,-1.722,-0.1541,-0.6837,-0.2303,0.6751
119.877,1,6.473,-0.678,-1.722,-0.1524,-0.6828,-0.2296,0.6767
119.905,1,6.473,-0.678,-1.721,-0.1530,-0.6819,-0.2300,0.6773
119.932,1,6.473,-0.678,-1.721,-0.1527,-0.6813,-0.2288,0.6783
119.974,1,6.472,-0.679,-1.720,-0.1496,-0.6810,-0.2261,0.6802
120.003,1,6.471,-0.679,-1.720,-0.1483,-0.6804,-0.2252,0.6814
120.044,1,6.471,-0.679,-1.720,-0.1460,-0.6790,-0.2247,0.6835
120.071,1,6.470,-0.679,-1.719,-0.1448,-0.6779,-0.2263,0.6843
120.099,1,6.469,-0.680,-1.719,-0.1435,-0.6772,-0.2265,0.6852
120.141,1,6.469,-0.680,-1.720,-0.1424,-0.6771,-0.2242,0.6863
120.169,1,6.469,-0.681,-1.720,-0.1406,-0.6778,-0.2211,0.6869
120.211,1,6.468,-0.682,-1.720,-0.1381,-0.6795,-0.2168,0.6872
120.239,1,6.468,-0.682,-1.720,-0.1379,-0.6805,-0.2151,0.6868
120.266,1,6.468,-0.682,-1.720,-0.1395,-0.6810,-0.2156,0.6858
120.308,1,6.468,-0.681,-1.720,-0.1433,-0.6814,-0.2182,0.6838
120.336,1,6.468,-0.679,-1.720,-0.1474,-0.6818,-0.2204,0.6818
120.377,1,6.469,-0.679,-1.719,-0.1522,-0.6817,-0.2230,0.6800
120.406,1,6.469,-0.679,-1.719,-0.1520,-0.6816,-0.2225,0.6803
120.434,1,6.469,-0.679,-1.719,-0.1515,-0.6815,-0.2225,0.6805
120.476,1,6.470,-0.679,-1.719,-0.1482,-0.6818,-0.2215,0.6813
120.503,1,6.470,-0.679,-1.719,-0.1477,-0.6818,-0.2211,0.6815
120.545,1,6.470,-0.680,-1.719,-0.1469,-0.6811,-0.2206,0.6826
120.572,1,6.471,-0.680,-1.719,-0.1478,-0.6802,-0.2205,0.6832
120.601,1,6.471,-0.680,-1.719,-0.1472,-0.6797,-0.2198,0.6842
120.642,1,6.471,-0.680,-1.719,-0.1473,-0.6786,-0.2203,0.6850
120.670,1,6.472,-0.680,-1.719,-0.1462,-0.6780,-0.2195,0.6861
120.712,1,6.472,-0.680,-1.719,-0.1465,-0.6769,-0.2198,0.6871
120.740,1,6.472,-0.680,-1.718,-0.1467,-0.6760,-0.2179,0.6885
120.767,1,6.472,-0.680,-1.718,-0.1460,-0.6751,-0.2169,0.6898
120.809,1,6.472,-0.681,-1.717,-0.1458,-0.6735,-0.2165,0.6915
120.837,1,6.472,-0.680,-1.717,-0.1466,-0.6722,-0.2174,0.6923
120.879,1,6.471,-0.680,-1.716,-0.1467,-0.6705,-0.2178,0.6939
120.907,1,6.471,-0.680,-1.716,-0.1454,-0.6696,-0.2171,0.6953
120.935,1,6.471,-0.681,-1.715,-0.1448,-0.6687,-0.2165,0.6965
120.976,1,6.471,-0.681,-1.714,-0.1450,-0.6672,-0.2179,0.6974
121.004,1,6.471,-0.681,-1.714,-0.1444,-0.6666,-0.2178,0.6981
121.033,1,6.471,-0.681,-1.714,-0.1441,-0.6665,-0.2181,0.6982
121.074,1,6.471,-0.681,-1.714,-0.1439,-0.6663,-0.2192,0.6981
121.102,1,6.471,-0.681,-1.714,-0.1436,-0.6663,-0.2194,0.6981
121.143,1,6.471,-0.680,-1.714,-0.1442,-0.6667,-0.2200,0.6974
121.172,1,6.471,-0.680,-1.714,-0.1449,-0.6668,-0.2208,0.6969
121.199,1,6.471,-0.680,-1.714,-0.1451,-0.6669,-0.2212,0.6966
121.241,1,6.471,-0.680,-1.714,-0.1452,-0.6671,-0.2196,0.6969
121.269,1,6.471,-0.680,-1.715,-0.1454,-0.6672,-0.2190,0.6970
121.311,1,6.471,-0.681,-1.715,-0.1448,-0.6675,-0.2182,0.6970
121.338,1,6.471,-0.681,-1.715,-0.1445,-0.6679,-0.2173,0.6970
121.366,1,6.471,-0.681,-1.715,-0.1446,-0.6684,-0.2171,0.6966
121.408,1,6.471,-0.681,-1.715,-0.1448,-0.6689,-0.2171,0.6960
121.436,1,6.471,-0.681,-1.716,-0.1451,-0.6692,-0.2170,0.6957
121.478,1,6.471,-0.681,-1.716,-0.1450,-0.6691,-0.2180,0.6956
121.505,1,6.471,-0.680,-1.715,-0.1454,-0.6686,-0.2187,0.6957
121.533,1,6.471,-0.680,-1.715,-0.1460,-0.6682,-0.2187,0.6959
121.575,1,6.471,-0.680,-1.715,-0.1464,-0.6678,-0.2186,0.6963
121.603,1,6.471,-0.680,-1.715,-0.1465,-0.6677,-0.2186,0.6964
121.645,1,6.471,-0.680,-1.715,-0.1466,-0.6678,-0.2187,0.6962
121.672,1,6.471,-0.680,-1.715,-0.1465,-0.6680,-0.2186,0.6961
121.701,1,6.471,-0.680,-1.715,-0.1463,-0.6680,-0.2184,0.6961
121.742,1,6.471,-0.680,-1.715,-0.1465,-0.6678,-0.2187,0.6962
121.770,1,6.471,-0.680,-1.715,-0.1467,-0.6676,-0.2188,0.6963
121.812,1,6.471,-0.680,-1.715,-0.1474,-0.6670,-0.2198,0.6965
121.840,1,6.471,-0.680,-1.715,-0.1479,-0.6665,-0.2202,0.6968
121.868,1,6.472,-0.680,-1.715,-0.1480,-0.6659,-0.2203,0.6972
121.909,1,6.472,-0.680,-1.714,-0.1481,-0.6652,-0.2207,0.6978
121.937,1,6.472,-0.680,-1.714,-0.1480,-0.6647,-0.2207,0.6982
121.979,1,6.472,-0.680,-1.714,-0.1476,-0.6641,-0.2200,0.6991
122.007,1,6.472,-0.680,-1.714,-0.1475,-0.6636,-0.2199,0.6997
122.035,1,6.472,-0.680,-1.713,-0.1479,-0.6632,-0.2202,0.6999
122.077,1,6.472,-0.680,-1.713,-0.1484,-0.6626,-0.2206,0.7002
122.104,1,6.472,-0.680,-1.713,-0.1483,-0.6622,-0.2212,0.7004
122.132,1,6.472,-0.680,-1.713,-0.1485,-0.6617,-0.2223,0.7004
122.174,1,6.472,-0.679,-1.713,-0.1490,-0.6612,-0.2228,0.7007
122.202,1,6.472,-0.680,-1.713,-0.1489,-0.6610,-0.2227,0.7009
122.244,1,6.472,-0.680,-1.713,-0.1479,-0.6610,-0.2227,0.7011
122.271,1,6.472,-0.680,-1.712,-0.1465,-0.6611,-0.2226,0.7014
122.299,1,6.472,-0.680,-1.712,-0.1450,-0.6614,-0.2227,0.7014
122.341,1,6.471,-0.680,-1.712,-0.1419,-0.6614,-0.2227,0.7020
122.369,1,6.469,-0.680,-1.712,-0.1400,-0.6614,-0.2223,0.7025
122.411,1,6.468,-0.680,-1.712,-0.1407,-0.6607,-0.2229,0.7028
122.439,1,6.467,-0.681,-1.712,-0.1387,-0.6604,-0.2216,0.7040
122.466,1,6.465,-0.681,-1.711,-0.1356,-0.6604,-0.2201,0.7050
122.508,1,6.464,-0.682,-1.710,-0.1300,-0.6612,-0.2188,0.7057
122.537,1,6.463,-0.683,-1.710,-0.1242,-0.6629,-0.2184,0.7053
122.578,1,6.462,-0.685,-1.709,-0.1162,-0.6651,-0.2167,0.7051
122.606,1,6.462,-0.685,-1.708,-0.1130,-0.6657,-0.2172,0.7049
122.633,1,6.462,-0.685,-1.707,-0.1106,-0.6659,-0.2190,0.7045
122.676,1,6.462,-0.685,-1.706,-0.1081,-0.6661,-0.2239,0.7032
122.704,1,6.462,-0.684,-1.705,-0.1058,-0.6656,-0.2268,0.7031
122.745,1,6.462,-0.684,-1.704,-0.1062,-0.6647,-0.2326,0.7020
122.773,1,6.462,-0.684,-1.703,-0.1057,-0.6643,-0.2353,0.7016
122.800,1,6.462,-0.683,-1.702,-0.1050,-0.6635,-0.2378,0.7016
122.842,1,6.462,-0.684,-1.702,-0.1029,-0.6628,-0.2404,0.7017
122.870,1,6.462,-0.684,-1.701,-0.1020,-0.6625,-0.2412,0.7017
122.912,1,6.462,-0.684,-1.701,-0.1009,-0.6616,-0.2415,0.7027
122.940,1,6.461,-0.684,-1.701,-0.1014,-0.6611,-0.2415,0.7032
122.968,1,6.461,-0.684,-1.701,-0.1011,-0.6611,-0.2416,0.7031
123.009,1,6.461,-0.684,-1.702,-0.1005,-0.6614,-0.2402,0.7034
123.038,1,6.461,-0.684,-1.702,-0.1007,-0.6610,-0.2393,0.7041
123.079,1,6.460,-0.684,-1.702,-0.1014,-0.6608,-0.2394,0.7041
123.107,1,6.460,-0.684,-1.702,-0.1012,-0.6608,-0.2389,0.7043
123.135,1,6.460,-0.685,-1.702,-0.1010,-0.6607,-0.2385,0.7045
123.176,1,6.460,-0.685,-1.702,-0.1002,-0.6613,-0.2380,0.7042
123.204,1,6.460,-0.685,-1.702,-0.0998,-0.6616,-0.2377,0.7042
123.247,1,6.459,-0.685,-1.702,-0.1000,-0.6613,-0.2376,0.7044
123.274,1,6.460,-0.685,-1.702,-0.1006,-0.6607,-0.2388,0.7045
123.302,1,6.460,-0.684,-1.702,-0.1014,-0.6601,-0.2393,0.7048
123.344,1,6.460,-0.684,-1.701,-0.1029,-0.6590,-0.2408,0.7051
123.371,1,6.460,-0.684,-1.701,-0.1030,-0.6590,-0.2417,0.7048
123.399,1,6.460,-0.684,-1.701,-0.1025,-0.6591,-0.2417,0.7048
123.440,1,6.460,-0.684,-1.701,-0.1023,-0.6586,-0.2417,0.7052
123.468,1,6.461,-0.684,-1.701,-0.1021,-0.6584,-0.2420,0.7053
123.510,1,6.461,-0.684,-1.701,-0.1029,-0.6582,-0.2421,0.7054
123.539,1,6.461,-0.684,-1.701,-0.1026,-0.6580,-0.2421,0.7056
123.566,1,6.461,-0.684,-1.701,-0.1024,-0.6580,-0.2419,0.7057
123.608,1,6.461,-0.684,-1.701,-0.1028,-0.6574,-0.2412,0.7065
123.636,1,6.461,-0.684,-1.701,-0.1036,-0.6567,-0.2425,0.7065
123.678,1,6.461,-0.684,-1.702,-0.1048,-0.6560,-0.2428,0.7069
123.705,1,6.462,-0.684,-1.702,-0.1060,-0.6553,-0.2428,0.7073
123.733,1,6.462,-0.684,-1.702,-0.1072,-0.6545,-0.2430,0.7079
123.775,1,6.462,-0.683,-1.702,-0.1097,-0.6541,-0.2423,0.7081
123.803,1,6.462,-0.683,-1.702,-0.1110,-0.6541,-0.2426,0.7078
123.846,1,6.463,-0.683,-1.703,-0.1121,-0.6542,-0.2428,0.7075
123.872,1,6.463,-0.683,-1.703,-0.1124,-0.6543,-0.2429,0.7073
123.900,1,6.463,-0.683,-1.703,-0.1121,-0.6542,-0.2429,0.7075
123.942,1,6.464,-0.683,-1.703,-0.1132,-0.6533,-0.2431,0.7081
123.970,1,6.464,-0.683,-1.702,-0.1137,-0.6525,-0.2442,0.7083
124.012,1,6.464,-0.682,-1.702,-0.1137,-0.6509,-0.2453,0.7094
124.039,1,6.464,-0.682,-1.701,-0.1144,-0.6501,-0.2460,0.7097
124.067,1,6.465,-0.682,-1.701,-0.1150,-0.6497,-0.2468,0.7097
124.109,1,6.465,-0.682,-1.701,-0.1156,-0.6485,-0.2484,0.7102
124.136,1,6.465,-0.682,-1.700,-0.1157,-0.6477,-0.2492,0.7106
124.178,1,6.465,-0.681,-1.700,-0.1164,-0.6472,-0.2504,0.7106
124.206,1,6.466,-0.681,-1.700,-0.1166,-0.6464,-0.2506,0.7112
124.234,1,6.466,-0.681,-1.700,-0.1171,-0.6454,-0.2513,0.7118
124.276,1,6.466,-0.681,-1.699,-0.1177,-0.6440,-0.2526,0.7125
124.304,1,6.467,-0.681,-1.699,-0.1183,-0.6431,-0.2532,0.7129
124.345,1,6.467,-0.681,-1.699,-0.1193,-0.6424,-0.2540,0.7131
124.374,1,6.467,-0.681,-1.699,-0.1190,-0.6419,-0.2541,0.7136
124.400,1,6.467,-0.681,-1.699,-0.1195,-0.6414,-0.2540,0.7140
124.444,1,6.467,-0.681,-1.699,-0.1201,-0.6416,-0.2554,0.7133
124.471,1,6.468,-0.681,-1.699,-0.1198,-0.6416,-0.2553,0.7133
124.499,1,6.468,-0.681,-1.699,-0.1203,-0.6413,-0.2556,0.7134
124.541,1,6.468,-0.680,-1.699,-0.1207,-0.6411,-0.2560,0.7134
124.569,1,6.468,-0.680,-1.699,-0.1208,-0.6409,-0.2557,0.7136
124.609,1,6.468,-0.680,-1.699,-0.1210,-0.6407,-0.2556,0.7138
124.638,1,6.467,-0.680,-1.699,-0.1208,-0.6407,-0.2556,0.7139
124.667,1,6.467,-0.680,-1.699,-0.1207,-0.6406,-0.2556,0.7139
124.707,1,6.467,-0.680,-1.699,-0.1208,-0.6408,-0.2551,0.7139
124.735,1,6.467,-0.681,-1.699,-0.1210,-0.6414,-0.2540,0.7138
124.777,1,6.466,-0.681,-1.699,-0.1197,-0.6432,-0.2531,0.7127
124.805,1,6.466,-0.681,-1.699,-0.1184,-0.6440,-0.2519,0.7126
124.832,1,6.466,-0.681,-1.699,-0.1187,-0.6439,-0.2503,0.7132
124.875,1,6.465,-0.681,-1.699,-0.1189,-0.6438,-0.2504,0.7132
124.903,1,6.465,-0.681,-1.699,-0.1176,-0.6436,-0.2494,0.7140
124.944,1,6.465,-0.682,-1.699,-0.1181,-0.6422,-0.2477,0.7158
124.972,1,6.465,-0.682,-1.699,-0.1178,-0.6418,-0.2481,0.7160
125.000,1,6.465,-0.682,-1.698,-0.1169,-0.6421,-0.2491,0.7156
125.042,1,6.465,-0.682,-1.698,-0.1158,-0.6417,-0.2492,0.7160
125.070,1,6.465,-0.682,-1.698,-0.1152,-0.6409,-0.2499,0.7166
125.112,1,6.465,-0.682,-1.698,-0.1151,-0.6404,-0.2496,0.7172
125.139,1,6.465,-0.682,-1.697,-0.1165,-0.6397,-0.2500,0.7175
125.167,1,6.465,-0.682,-1.697,-0.1169,-0.6386,-0.2506,0.7181
125.209,1,6.466,-0.681,-1.697,-0.1181,-0.6379,-0.2515,0.7183
125.237,1,6.466,-0.681,-1.697,-0.1187,-0.6377,-0.2515,0.7183
125.279,1,6.466,-0.681,-1.697,-0.1189,-0.6373,-0.2513,0.7187
125.306,1,6.466,-0.681,-1.697,-0.1195,-0.6374,-0.2513,0.7185
125.334,1,6.466,-0.681,-1.697,-0.1194,-0.6377,-0.2515,0.7182
125.376,1,6.467,-0.681,-1.697,-0.1197,-0.6369,-0.2517,0.7188
125.404,1,6.467,-0.681,-1.697,-0.1212,-0.6359,-0.2518,0.7194
125.432,1,6.467,-0.681,-1.697,-0.1227,-0.6351,-0.2518,0.7199
125.473,1,6.468,-0.681,-1.697,-0.1241,-0.6341,-0.2520,0.7205
125.501,1,6.468,-0.680,-1.697,-0.1252,-0.6332,-0.2518,0.7210
125.543,1,6.468,-0.680,-1.697,-0.1270,-0.6324,-0.2533,0.7210
125.570,1,6.469,-0.680,-1.697,-0.1274,-0.6324,-0.2541,0.7206
125.613,1,6.469,-0.680,-1.697,-0.1272,-0.6320,-0.2539,0.7211
125.640,1,6.469,-0.680,-1.697,-0.1274,-0.6319,-0.2537,0.7211
125.668,1,6.469,-0.680,-1.697,-0.1282,-0.6326,-0.2539,0.7203
125.710,1,6.469,-0.680,-1.698,-0.1279,-0.6341,-0.2542,0.7190
125.738,1,6.469,-0.680,-1.698,-0.1277,-0.6344,-0.2551,0.7185
125.765,1,6.470,-0.680,-1.698,-0.1280,-0.6344,-0.2554,0.7183
125.807,1,6.469,-0.680,-1.698,-0.1281,-0.6352,-0.2559,0.7174
125.835,1,6.469,-0.680,-1.698,-0.1276,-0.6355,-0.2557,0.7173
125.877,1,6.469,-0.680,-1.698,-0.1271,-0.6352,-0.2559,0.7175
125.904,1,6.469,-0.680,-1.698,-0.1271,-0.6352,-0.2561,0.7175
125.932,1,6.469,-0.680,-1.698,-0.1273,-0.6350,-0.2561,0.7177
125.974,1,6.469,-0.680,-1.698,-0.1273,-0.6347,-0.2563,0.7178
126.002,1,6.469,-0.680,-1.698,-0.1272,-0.6350,-0.2559,0.7177
126.044,1,6.469,-0.680,-1.698,-0.1273,-0.6356,-0.2565,0.7170
126.072,1,6.469,-0.680,-1.698,-0.1268,-0.6360,-0.2563,0.7167
126.099,1,6.469,-0.680,-1.698,-0.1269,-0.6364,-0.2561,0.7165
126.142,1,6.469,-0.680,-1.699,-0.1269,-0.6369,-0.2559,0.7161
126.169,1,6.469,-0.680,-1.699,-0.1266,-0.6373,-0.2561,0.7158
126.211,1,6.469,-0.680,-1.699,-0.1260,-0.6373,-0.2560,0.7158
126.240,1,6.469,-0.680,-1.698,-0.1260,-0.6371,-0.2561,0.7160
126.267,1,6.469,-0.680,-1.698,-0.1263,-0.6368,-0.2570,0.7159
126.308,1,6.469,-0.680,-1.698,-0.1266,-0.6363,-0.2574,0.7161
126.336,1,6.469,-0.680,-1.698,-0.1268,-0.6360,-0.2576,0.7163
126.378,1,6.469,-0.680,-1.698,-0.1268,-0.6360,-0.2582,0.7161
126.406,1,6.469,-0.679,-1.698,-0.1270,-0.6359,-0.2585,0.7160
126.434,1,6.470,-0.679,-1.698,-0.1271,-0.6360,-0.2589,0.7158
126.475,1,6.470,-0.679,-1.698,-0.1272,-0.6363,-0.2592,0.7154
126.503,1,6.470,-0.679,-1.698,-0.1274,-0.6364,-0.2593,0.7152
126.532,1,6.470,-0.679,-1.698,-0.1274,-0.6365,-0.2591,0.7152
126.573,1,6.470,-0.679,-1.698,-0.1276,-0.6364,-0.2594,0.7151
126.601,1,6.470,-0.679,-1.698,-0.1284,-0.6363,-0.2598,0.7150
126.642,1,6.470,-0.679,-1.698,-0.1288,-0.6359,-0.2607,0.7149
126.670,1,6.470,-0.679,-1.698,-0.1288,-0.6355,-0.2611,0.7151
126.713,1,6.470,-0.679,-1.697,-0.1286,-0.6354,-0.2609,0.7153
126.740,1,6.470,-0.679,-1.697,-0.1285,-0.6355,-0.2605,0.7153
126.768,1,6.470,-0.679,-1.697,-0.1280,-0.6357,-0.2606,0.7153
126.810,1,6.470,-0.679,-1.697,-0.1278,-0.6359,-0.2610,0.7150
126.837,1,6.470,-0.679,-1.697,-0.1279,-0.6357,-0.2606,0.7152
126.865,1,6.470,-0.679,-1.697,-0.1281,-0.6357,-0.2607,0.7152
126.907,1,6.470,-0.679,-1.697,-0.1284,-0.6357,-0.2606,0.7152
126.937,1,6.470,-0.679,-1.697,-0.1287,-0.6357,-0.2605,0.7151
126.977,1,6.470,-0.679,-1.698,-0.1289,-0.6359,-0.2611,0.7148
127.004,1,6.470,-0.679,-1.698,-0.1290,-0.6361,-0.2609,0.7146
127.032,1,6.470,-0.679,-1.698,-0.1287,-0.6367,-0.2601,0.7144
127.074,1,6.470,-0.679,-1.698,-0.1286,-0.6367,-0.2593,0.7148
127.102,1,6.470,-0.679,-1.698,-0.1296,-0.6350,-0.2583,0.7165
127.144,1,6.470,-0.679,-1.698,-0.1324,-0.6333,-0.2584,0.7174
127.172,1,6.470,-0.678,-1.698,-0.1335,-0.6327,-0.2587,0.7176
127.200,1,6.470,-0.678,-1.698,-0.1356,-0.6311,-0.2579,0.7189
127.241,1,6.471,-0.678,-1.698,-0.1401,-0.6296,-0.2548,0.7205
127.270,1,6.471,-0.677,-1.699,-0.1443,-0.6289,-0.2537,0.7206
127.311,1,6.471,-0.677,-1.700,-0.1498,-0.6266,-0.2512,0.7224
127.339,1,6.471,-0.677,-1.700,-0.1540,-0.6246,-0.2483,0.7243
127.366,1,6.471,-0.677,-1.701,-0.1574,-0.6227,-0.2446,0.7264
127.408,1,6.472,-0.676,-1.701,-0.1631,-0.6193,-0.2405,0.7294
127.436,1,6.472,-0.676,-1.702,-0.1680,-0.6174,-0.2371,0.7310
127.478,1,6.472,-0.676,-1.703,-0.1723,-0.6146,-0.2347,0.7332
127.505,1,6.472,-0.676,-1.703,-0.1748,-0.6127,-0.2332,0.7346
127.533,1,6.473,-0.676,-1.704,-0.1776,-0.6111,-0.2303,0.7362
127.576,1,6.473,-0.675,-1.705,-0.1809,-0.6100,-0.2264,0.7375
127.603,1,6.473,-0.675,-1.706,-0.1837,-0.6094,-0.2256,0.7375
127.645,1,6.473,-0.675,-1.707,-0.1874,-0.6087,-0.2221,0.7383
127.673,1,6.473,-0.675,-1.708,-0.1912,-0.6085,-0.2191,0.7384
127.700,1,6.473,-0.675,-1.709,-0.1947,-0.6082,-0.2148,0.7389
127.742,1,6.473,-0.675,-1.710,-0.1995,-0.6104,-0.2066,0.7382
127.770,1,6.473,-0.675,-1.711,-0.2018,-0.6132,-0.2026,0.7364
127.799,1,6.473,-0.676,-1.711,-0.2008,-0.6157,-0.1998,0.7353
127.840,1,6.472,-0.675,-1.712,-0.1994,-0.6187,-0.1988,0.7334
127.868,1,6.472,-0.675,-1.713,-0.2001,-0.6211,-0.1987,0.7312
127.910,1,6.472,-0.675,-1.713,-0.1998,-0.6245,-0.1981,0.7286
127.938,1,6.471,-0.675,-1.713,-0.1992,-0.6260,-0.1970,0.7277
127.965,1,6.471,-0.676,-1.712,-0.1971,-0.6271,-0.1955,0.7278
128.007,1,6.471,-0.676,-1.712,-0.1954,-0.6282,-0.1947,0.7275
128.035,1,6.471,-0.676,-1.712,-0.1946,-0.6290,-0.1929,0.7275
128.077,1,6.471,-0.677,-1.712,-0.1928,-0.6304,-0.1917,0.7271
128.105,1,6.471,-0.677,-1.713,-0.1922,-0.6310,-0.1921,0.7266
128.132,1,6.471,-0.677,-1.713,-0.1920,-0.6318,-0.1914,0.7262
128.174,1,6.470,-0.677,-1.714,-0.1923,-0.6333,-0.1912,0.7248
128.202,1,6.470,-0.677,-1.714,-0.1920,-0.6341,-0.1901,0.7245
128.244,1,6.470,-0.677,-1.714,-0.1909,-0.6345,-0.1885,0.7249
128.272,1,6.470,-0.677,-1.715,-0.1896,-0.6347,-0.1877,0.7252
128.299,1,6.470,-0.678,-1.715,-0.1896,-0.6348,-0.1862,0.7255
128.341,1,6.470,-0.678,-1.714,-0.1895,-0.6342,-0.1843,0.7266
128.370,1,6.470,-0.678,-1.714,-0.1889,-0.6340,-0.1835,0.7271
128.411,1,6.470,-0.678,-1.714,-0.1879,-0.6342,-0.1826,0.7274
128.439,1,6.470,-0.678,-1.714,-0.1870,-0.6343,-0.1830,0.7275
128.466,1,6.470,-0.678,-1.713,-0.1863,-0.6341,-0.1838,0.7276
128.508,1,6.470,-0.678,-1.713,-0.1851,-0.6331,-0.1852,0.7284
128.536,1,6.470,-0.678,-1.712,-0.1850,-0.6320,-0.1858,0.7293
128.578,1,6.470,-0.678,-1.711,-0.1851,-0.6299,-0.1856,0.7311
128.606,1,6.470,-0.678,-1.711,-0.1846,-0.6285,-0.1855,0.7324
128.633,1,6.470,-0.678,-1.711,-0.1845,-0.6271,-0.1860,0.7336
128.675,1,6.470,-0.678,-1.710,-0.1844,-0.6255,-0.1861,0.7350
128.703,1,6.471,-0.678,-1.710,-0.1855,-0.6243,-0.1866,0.7355
128.745,1,6.471,-0.678,-1.710,-0.1857,-0.6226,-0.1865,0.7370
128.773,1,6.471,-0.678,-1.709,-0.1859,-0.6215,-0.1873,0.7376
128.800,1,6.471,-0.678,-1.709,-0.1862,-0.6204,-0.1880,0.7383
128.842,1,6.472,-0.678,-1.709,-0.1872,-0.6189,-0.1881,0.7393
128.870,1,6.472,-0.678,-1.709,-0.1881,-0.6178,-0.1881,0.7399
128.912,1,6.473,-0.678,-1.709,-0.1885,-0.6167,-0.1882,0.7408
128.940,1,6.473,-0.677,-1.708,-0.1887,-0.6160,-0.1890,0.7411
128.968,1,6.473,-0.677,-1.708,-0.1899,-0.6149,-0.1902,0.7414
129.009,1,6.474,-0.677,-1.708,-0.1909,-0.6132,-0.1916,0.7422
129.037,1,6.474,-0.677,-1.708,-0.1917,-0.6122,-0.1927,0.7426
129.079,1,6.475,-0.677,-1.707,-0.1924,-0.6106,-0.1935,0.7435
129.107,1,6.475,-0.677,-1.707,-0.1916,-0.6095,-0.1934,0.7446
129.136,1,6.475,-0.677,-1.707,-0.1905,-0.6085,-0.1931,0.7458
129.176,1,6.476,-0.677,-1.707,-0.1896,-0.6060,-0.1916,0.7484
129.204,1,6.477,-0.677,-1.706,-0.1909,-0.6036,-0.1919,0.7500
129.233,1,6.477,-0.677,-1.705,-0.1922,-0.6006,-0.1917,0.7521
129.274,1,6.477,-0.676,-1.703,-0.1960,-0.5939,-0.1926,0.7562
129.302,1,6.478,-0.676,-1.702,-0.1990,-0.5879,-0.1926,0.7601
129.344,1,6.478,-0.676,-1.700,-0.2002,-0.5788,-0.1924,0.7667
129.372,1,6.478,-0.675,-1.698,-0.2012,-0.5723,-0.1934,0.7711
129.400,1,6.478,-0.675,-1.695,-0.2027,-0.5648,-0.1943,0.7760
129.442,1,6.478,-0.674,-1.692,-0.2047,-0.5522,-0.1937,0.7846
129.470,1,6.478,-0.674,-1.690,-0.2065,-0.5433,-0.1922,0.7907
129.510,1,6.479,-0.675,-1.686,-0.2085,-0.5297,-0.1905,0.7998
129.538,1,6.479,-0.675,-1.684,-0.2081,-0.5207,-0.1890,0.8061
129.565,1,6.480,-0.675,-1.682,-0.2084,-0.5124,-0.1870,0.8118
129.608,1,6.480,-0.675,-1.679,-0.2100,-0.5012,-0.1831,0.8192
129.635,1,6.481,-0.675,-1.678,-0.2109,-0.4944,-0.1810,0.8236
129.677,1,6.481,-0.675,-1.676,-0.2146,-0.4849,-0.1783,0.8288
129.705,1,6.482,-0.674,-1.675,-0.2178,-0.4789,-0.1777,0.8316
129.733,1,6.482,-0.674,-1.674,-0.2205,-0.4734,-0.1769,0.8343
129.775,1,6.482,-0.674,-1.674,-0.2260,-0.4670,-0.1744,0.8369
129.803,1,6.483,-0.674,-1.673,-0.2270,-0.4635,-0.1715,0.8392
129.844,1,6.483,-0.674,-1.673,-0.2288,-0.4592,-0.1678,0.8418
129.872,1,6.482,-0.674,-1.672,-0.2301,-0.4565,-0.1662,0.8432
129.900,1,6.482,-0.674,-1.672,-0.2303,-0.4541,-0.1647,0.8448
129.942,1,6.482,-0.674,-1.672,-0.2310,-0.4504,-0.1619,0.8471
129.970,1,6.481,-0.674,-1.671,-0.2304,-0.4483,-0.1598,0.8488
130.012,1,6.481,-0.675,-1.671,-0.2292,-0.4450,-0.1581,0.8512
130.040,1,6.481,-0.675,-1.670,-0.2291,-0.4435,-0.1559,0.8523
130.067,1,6.480,-0.675,-1.670,-0.2295,-0.4418,-0.1540,0.8535
130.110,1,6.480,-0.675,-1.670,-0.2313,-0.4406,-0.1526,0.8538
130.137,1,6.479,-0.675,-1.671,-0.2322,-0.4405,-0.1509,0.8540
130.179,1,6.478,-0.675,-1.672,-0.2339,-0.4412,-0.1493,0.8534
130.207,1,6.478,-0.675,-1.672,-0.2350,-0.4408,-0.1479,0.8536
130.235,1,6.477,-0.675,-1.673,-0.2359,-0.4407,-0.1458,0.8537
130.276,1,6.477,-0.675,-1.673,-0.2385,-0.4415,-0.1445,0.8528
130.304,1,6.476,-0.675,-1.674,-0.2394,-0.4413,-0.1436,0.8528
130.346,1,6.476,-0.675,-1.675,-0.2398,-0.4431,-0.1416,0.8521
130.374,1,6.475,-0.675,-1.676,-0.2402,-0.4456,-0.1412,0.8508
130.401,1,6.475,-0.675,-1.676,-0.2408,-0.4479,-0.1405,0.8495
130.444,1,6.474,-0.675,-1.677,-0.2409,-0.4507,-0.1396,0.8482
130.471,1,6.474,-0.675,-1.678,-0.2420,-0.4527,-0.1387,0.8469
130.513,1,6.473,-0.675,-1.679,-0.2427,-0.4552,-0.1368,0.8457
130.541,1,6.473,-0.675,-1.680,-0.2439,-0.4562,-0.1364,0.8449
130.569,1,6.472,-0.675,-1.680,-0.2441,-0.4568,-0.1351,0.8447
130.610,1,6.471,-0.675,-1.682,-0.2450,-0.4597,-0.1336,0.8431
130.638,1,6.470,-0.675,-1.683,-0.2470,-0.4619,-0.1317,0.8416
130.666,1,6.469,-0.676,-1.684,-0.2479,-0.4633,-0.1291,0.8410
130.708,1,6.468,-0.675,-1.685,-0.2506,-0.4658,-0.1283,0.8389
130.736,1,6.468,-0.675,-1.686,-0.2534,-0.4667,-0.1267,0.8378
130.778,1,6.467,-0.675,-1.688,-0.2555,-0.4684,-0.1249,0.8365
130.806,1,6.466,-0.675,-1.689,-0.2578,-0.4702,-0.1251,0.8347
130.833,1,6.466,-0.675,-1.690,-0.2596,-0.4714,-0.1246,0.8336
130.875,1,6.466,-0.675,-1.691,-0.2593,-0.4737,-0.1242,0.8324
130.903,1,6.466,-0.675,-1.691,-0.2600,-0.4746,-0.1247,0.8316
130.945,1,6.466,-0.675,-1.692,-0.2600,-0.4750,-0.1235,0.8316
130.973,1,6.466,-0.675,-1.692,-0.2602,-0.4755,-0.1234,0.8312
131.000,1,6.466,-0.675,-1.693,-0.2602,-0.4759,-0.1240,0.8309
131.042,1,6.466,-0.675,-1.693,-0.2607,-0.4758,-0.1237,0.8309
131.070,1,6.466,-0.675,-1.693,-0.2615,-0.4758,-0.1236,0.8306
131.112,1,6.466,-0.675,-1.693,-0.2614,-0.4755,-0.1232,0.8309
131.139,1,6.466,-0.675,-1.693,-0.2616,-0.4750,-0.1242,0.8310
131.167,1,6.466,-0.675,-1.693,-0.2613,-0.4746,-0.1233,0.8315
131.209,1,6.467,-0.675,-1.693,-0.2619,-0.4748,-0.1250,0.8309
131.237,1,6.466,-0.675,-1.693,-0.2609,-0.4751,-0.1247,0.8310
131.279,1,6.466,-0.675,-1.693,-0.2607,-0.4762,-0.1248,0.8305
131.307,1,6.467,-0.675,-1.693,-0.2622,-0.4759,-0.1256,0.8301
131.335,1,6.467,-0.674,-1.693,-0.2626,-0.4758,-0.1259,0.8300
131.376,1,6.467,-0.674,-1.693,-0.2639,-0.4761,-0.1267,0.8293
131.405,1,6.467,-0.674,-1.693,-0.2634,-0.4765,-0.1272,0.8291
131.446,1,6.466,-0.674,-1.694,-0.2632,-0.4777,-0.1273,0.8284
131.473,1,6.466,-0.674,-1.694,-0.2632,-0.4783,-0.1268,0.8282
131.501,1,6.467,-0.674,-1.694,-0.2633,-0.4782,-0.1272,0.8282
131.543,1,6.466,-0.674,-1.694,-0.2641,-0.4786,-0.1262,0.8278
131.571,1,6.466,-0.674,-1.694,-0.2632,-0.4789,-0.1256,0.8280
131.613,1,6.466,-0.675,-1.694,-0.2617,-0.4802,-0.1261,0.8277
131.641,1,6.466,-0.675,-1.694,-0.2607,-0.4813,-0.1267,0.8273
131.668,1,6.466,-0.675,-1.694,-0.2601,-0.4816,-0.1273,0.8272
131.710,1,6.466,-0.675,-1.695,-0.2621,-0.4814,-0.1283,0.8265
131.738,1,6.466,-0.675,-1.695,-0.2619,-0.4813,-0.1275,0.8267
131.766,1,6.466,-0.675,-1.695,-0.2616,-0.4825,-0.1275,0.8261
131.808,1,6.466,-0.675,-1.695,-0.2632,-0.4831,-0.1263,0.8255
131.835,1,6.466,-0.675,-1.695,-0.2632,-0.4825,-0.1260,0.8259
131.877,1,6.466,-0.675,-1.695,-0.2641,-0.4830,-0.1280,0.8250
131.905,1,6.466,-0.675,-1.695,-0.2637,-0.4829,-0.1275,0.8253
131.933,1,6.466,-0.675,-1.695,-0.2632,-0.4823,-0.1270,0.8258
131.975,1,6.466,-0.674,-1.695,-0.2639,-0.4814,-0.1277,0.8260
132.002,1,6.466,-0.674,-1.695,-0.2636,-0.4803,-0.1273,0.8268
132.044,1,6.466,-0.674,-1.695,-0.2635,-0.4801,-0.1274,0.8269
132.072,1,6.466,-0.674,-1.695,-0.2636,-0.4803,-0.1275,0.8268
132.100,1,6.466,-0.674,-1.695,-0.2644,-0.4809,-0.1276,0.8262
132.142,1,6.466,-0.674,-1.695,-0.2655,-0.4817,-0.1285,0.8252
132.169,1,6.466,-0.674,-1.695,-0.2641,-0.4826,-0.1285,0.8252
132.211,1,6.466,-0.674,-1.696,-0.2645,-0.4839,-0.1297,0.8240
132.239,1,6.466,-0.674,-1.696,-0.2654,-0.4843,-0.1295,0.8235
132.267,1,6.466,-0.674,-1.696,-0.2641,-0.4847,-0.1298,0.8237
132.309,1,6.466,-0.674,-1.696,-0.2631,-0.4851,-0.1290,0.8239
132.336,1,6.466,-0.675,-1.696,-0.2611,-0.4859,-0.1285,0.8242
132.379,1,6.465,-0.675,-1.696,-0.2592,-0.4870,-0.1279,0.8242
132.406,1,6.465,-0.675,-1.696,-0.2608,-0.4863,-0.1277,0.8241
132.434,1,6.465,-0.675,-1.696,-0.2604,-0.4850,-0.1268,0.8251
132.476,1,6.465,-0.675,-1.695,-0.2591,-0.4836,-0.1248,0.8267
132.504,1,6.465,-0.675,-1.695,-0.2600,-0.4830,-0.1245,0.8268
132.546,1,6.465,-0.676,-1.695,-0.2584,-0.4834,-0.1242,0.8271
132.573,1,6.464,-0.676,-1.695,-0.2588,-0.4841,-0.1242,0.8266
132.601,1,6.464,-0.676,-1.696,-0.2579,-0.4858,-0.1244,0.8258
132.643,1,6.463,-0.676,-1.696,-0.2579,-0.4878,-0.1248,0.8246
132.671,1,6.463,-0.676,-1.696,-0.2576,-0.4878,-0.1226,0.8250
132.713,1,6.463,-0.676,-1.696,-0.2575,-0.4867,-0.1221,0.8258
132.740,1,6.463,-0.676,-1.696,-0.2588,-0.4850,-0.1216,0.8264
132.769,1,6.463,-0.676,-1.696,-0.2584,-0.4842,-0.1210,0.8271
132.810,1,6.463,-0.676,-1.696,-0.2606,-0.4837,-0.1227,0.8265
132.838,1,6.464,-0.676,-1.696,-0.2607,-0.4829,-0.1223,0.8270
132.880,1,6.464,-0.676,-1.696,-0.2601,-0.4832,-0.1232,0.8269
132.907,1,6.464,-0.676,-1.696,-0.2618,-0.4823,-0.1241,0.8267
132.935,1,6.465,-0.675,-1.696,-0.2631,-0.4810,-0.1227,0.8273
132.977,1,6.465,-0.675,-1.696,-0.2640,-0.4810,-0.1225,0.8270
133.005,1,6.465,-0.675,-1.697,-0.2641,-0.4812,-0.1218,0.8270
133.047,1,6.465,-0.675,-1.697,-0.2651,-0.4824,-0.1232,0.8257
133.074,1,6.466,-0.675,-1.698,-0.2652,-0.4825,-0.1238,0.8255
133.102,1,6.466,-0.675,-1.698,-0.2655,-0.4833,-0.1243,0.8249
133.144,1,6.466,-0.675,-1.698,-0.2655,-0.4841,-0.1250,0.8243
133.172,1,6.467,-0.675,-1.699,-0.2651,-0.4846,-0.1253,0.8241
133.200,1,6.467,-0.675,-1.699,-0.2661,-0.4847,-0.1262,0.8236
133.241,1,6.467,-0.674,-1.699,-0.2665,-0.4828,-0.1263,0.8246
133.269,1,6.468,-0.675,-1.699,-0.2664,-0.4826,-0.1273,0.8246
133.311,1,6.468,-0.675,-1.699,-0.2660,-0.4830,-0.1273,0.8245
133.339,1,6.468,-0.675,-1.699,-0.2666,-0.4830,-0.1279,0.8242
133.366,1,6.468,-0.674,-1.699,-0.2670,-0.4832,-0.1284,0.8239
133.409,1,6.468,-0.674,-1.699,-0.2682,-0.4830,-0.1279,0.8237
133.436,1,6.468,-0.674,-1.699,-0.2692,-0.4829,-0.1281,0.8233
133.479,1,6.468,-0.674,-1.699,-0.2684,-0.4843,-0.1282,0.8228
133.506,1,6.468,-0.674,-1.700,-0.2693,-0.4850,-0.1286,0.8220
133.534,1,6.468,-0.674,-1.700,-0.2701,-0.4859,-0.1286,0.8213
133.576,1,6.468,-0.674,-1.701,-0.2709,-0.4870,-0.1300,0.8201
133.603,1,6.468,-0.674,-1.701,-0.2714,-0.4875,-0.1299,0.8197
133.646,1,6.468,-0.674,-1.702,-0.2725,-0.4886,-0.1303,0.8186
133.673,1,6.468,-0.674,-1.703,-0.2732,-0.4894,-0.1300,0.8179
133.701,1,6.468,-0.674,-1.703,-0.2735,-0.4895,-0.1296,0.8178
133.743,1,6.469,-0.674,-1.703,-0.2748,-0.4887,-0.1287,0.8180
133.771,1,6.469,-0.674,-1.704,-0.2745,-0.4890,-0.1284,0.8180
133.813,1,6.469,-0.674,-1.704,-0.2760,-0.4893,-0.1299,0.8170
133.840,1,6.469,-0.674,-1.704,-0.2753,-0.4888,-0.1291,0.8177
133.868,1,6.469,-0.674,-1.704,-0.2739,-0.4890,-0.1297,0.8179
133.911,1,6.469,-0.674,-1.704,-0.2741,-0.4891,-0.1304,0.8177
133.939,1,6.469,-0.674,-1.703,-0.2737,-0.4890,-0.1309,0.8178
133.980,1,6.469,-0.674,-1.703,-0.2714,-0.4899,-0.1312,0.8180
134.008,1,6.469,-0.674,-1.703,-0.2712,-0.4898,-0.1306,0.8182
134.036,1,6.469,-0.674,-1.703,-0.2711,-0.4892,-0.1299,0.8187
134.077,1,6.468,-0.674,-1.703,-0.2687,-0.4896,-0.1299,0.8193
134.105,1,6.468,-0.674,-1.702,-0.2690,-0.4906,-0.1305,0.8185
134.133,1,6.468,-0.675,-1.702,-0.2686,-0.4900,-0.1295,0.8191
134.175,1,6.467,-0.675,-1.702,-0.2683,-0.4897,-0.1301,0.8193
134.203,1,6.467,-0.674,-1.702,-0.2695,-0.4894,-0.1299,0.8191
134.244,1,6.467,-0.674,-1.702,-0.2704,-0.4892,-0.1311,0.8188
134.272,1,6.467,-0.674,-1.702,-0.2692,-0.4897,-0.1310,0.8189
134.300,1,6.466,-0.674,-1.702,-0.2702,-0.4894,-0.1297,0.8189
134.342,1,6.466,-0.674,-1.702,-0.2704,-0.4895,-0.1293,0.8189
134.369,1,6.466,-0.675,-1.703,-0.2697,-0.4903,-0.1299,0.8185
134.411,1,6.466,-0.675,-1.703,-0.2687,-0.4930,-0.1296,0.8173
134.439,1,6.466,-0.675,-1.704,-0.2665,-0.4954,-0.1305,0.8164
134.467,1,6.466,-0.675,-1.704,-0.2660,-0.4971,-0.1316,0.8153
134.509,1,6.466,-0.675,-1.704,-0.2647,-0.4996,-0.1326,0.8141
134.537,1,6.466,-0.676,-1.705,-0.2628,-0.5014,-0.1335,0.8135
134.578,1,6.467,-0.676,-1.705,-0.2612,-0.5027,-0.1347,0.8129
134.606,1,6.467,-0.676,-1.705,-0.2594,-0.5048,-0.1371,0.8119
134.635,1,6.467,-0.676,-1.705,-0.2566,-0.5071,-0.1389,0.8110
134.676,1,6.467,-0.676,-1.705,-0.2544,-0.5104,-0.1418,0.8091
134.703,1,6.467,-0.676,-1.705,-0.2504,-0.5131,-0.1430,0.8084
134.745,1,6.466,-0.676,-1.704,-0.2466,-0.5166,-0.1449,0.8071
134.773,1,6.466,-0.677,-1.704,-0.2450,-0.5175,-0.1457,0.8068
134.801,1,6.466,-0.677,-1.704,-0.2419,-0.5191,-0.1464,0.8066
134.842,1,6.466,-0.677,-1.703,-0.2380,-0.5206,-0.1496,0.8062
134.870,1,6.467,-0.677,-1.702,-0.2367,-0.5205,-0.1510,0.8064
134.912,1,6.467,-0.677,-1.702,-0.2326,-0.5220,-0.1526,0.8063
134.940,1,6.467,-0.677,-1.701,-0.2307,-0.5227,-0.1548,0.8060
134.968,1,6.467,-0.678,-1.700,-0.2289,-0.5225,-0.1551,0.8066
135.010,1,6.467,-0.678,-1.699,-0.2230,-0.5235,-0.1549,0.8076
135.037,1,6.467,-0.678,-1.699,-0.2198,-0.5256,-0.1568,0.8068
135.079,1,6.467,-0.680,-1.698,-0.2147,-0.5281,-0.1584,0.8062
135.108,1,6.467,-0.680,-1.698,-0.2094,-0.5299,-0.1577,0.8066
135.135,1,6.466,-0.679,-1.697,-0.2078,-0.5313,-0.1606,0.8054
135.177,1,6.466,-0.679,-1.696,-0.2089,-0.5306,-0.1632,0.8051
135.205,1,6.467,-0.679,-1.695,-0.2074,-0.5293,-0.1628,0.8064
135.246,1,6.467,-0.679,-1.694,-0.2057,-0.5276,-0.1650,0.8075
135.274,1,6.467,-0.679,-1.694,-0.2049,-0.5266,-0.1659,0.8082
135.302,1,6.467,-0.679,-1.693,-0.2046,-0.5258,-0.1671,0.8086
135.344,1,6.468,-0.679,-1.692,-0.2027,-0.5258,-0.1682,0.8088
135.371,1,6.468,-0.679,-1.692,-0.2008,-0.5265,-0.1698,0.8085
135.413,1,6.469,-0.680,-1.692,-0.1951,-0.5286,-0.1711,0.8082
135.441,1,6.469,-0.680,-1.692,-0.1928,-0.5302,-0.1733,0.8073
135.469,1,6.470,-0.680,-1.692,-0.1926,-0.5313,-0.1755,0.8061
135.511,1,6.470,-0.680,-1.692,-0.1920,-0.5324,-0.1782,0.8050
135.539,1,6.471,-0.679,-1.693,-0.1929,-0.5329,-0.1816,0.8036
135.580,1,6.472,-0.679,-1.693,-0.1945,-0.5339,-0.1846,0.8019
135.609,1,6.472,-0.678,-1.693,-0.1944,-0.5345,-0.1859,0.8012
135.636,1,6.472,-0.678,-1.692,-0.1950,-0.5351,-0.1885,0.8001
135.678,1,6.472,-0.678,-1.692,-0.1951,-0.5368,-0.1883,0.7989
135.706,1,6.472,-0.678,-1.691,-0.1940,-0.5382,-0.1888,0.7982
135.734,1,6.472,-0.678,-1.691,-0.1942,-0.5390,-0.1914,0.7970
135.775,1,6.472,-0.678,-1.690,-0.1914,-0.5406,-0.1926,0.7963
135.803,1,6.472,-0.678,-1.689,-0.1895,-0.5418,-0.1946,0.7954
135.845,1,6.472,-0.678,-1.687,-0.1869,-0.5431,-0.1973,0.7945
135.873,1,6.472,-0.678,-1.686,-0.1836,-0.5437,-0.1980,0.7946
135.900,1,6.472,-0.678,-1.686,-0.1806,-0.5449,-0.1992,0.7942
135.942,1,6.471,-0.679,-1.684,-0.1756,-0.5470,-0.2003,0.7936
135.970,1,6.471,-0.679,-1.684,-0.1730,-0.5477,-0.2018,0.7934
136.012,1,6.471,-0.680,-1.683,-0.1673,-0.5484,-0.2011,0.7942
136.040,1,6.470,-0.680,-1.682,-0.1640,-0.5495,-0.2006,0.7943
136.068,1,6.470,-0.681,-1.682,-0.1608,-0.5499,-0.2012,0.7946
136.110,1,6.470,-0.681,-1.681,-0.1571,-0.5497,-0.2020,0.7952
136.138,1,6.469,-0.681,-1.681,-0.1567,-0.5499,-0.2030,0.7949
136.179,1,6.469,-0.681,-1.680,-0.1553,-0.5501,-0.2034,0.7949
136.207,1,6.469,-0.682,-1.680,-0.1539,-0.5503,-0.2025,0.7953
136.235,1,6.469,-0.682,-1.679,-0.1532,-0.5501,-0.2022,0.7956
136.276,1,6.469,-0.682,-1.679,-0.1512,-0.5499,-0.2008,0.7965
136.304,1,6.469,-0.683,-1.679,-0.1498,-0.5499,-0.1994,0.7971
136.346,1,6.469,-0.683,-1.679,-0.1496,-0.5497,-0.1990,0.7974
136.374,1,6.468,-0.683,-1.678,-0.1495,-0.5494,-0.1988,0.7976
136.402,1,6.468,-0.683,-1.678,-0.1493,-0.5496,-0.1986,0.7976
136.444,1,6.468,-0.683,-1.678,-0.1494,-0.5500,-0.1986,0.7973
136.471,1,6.468,-0.683,-1.678,-0.1495,-0.5501,-0.1989,0.7972
136.513,1,6.467,-0.683,-1.678,-0.1494,-0.5499,-0.1996,0.7971
136.541,1,6.467,-0.683,-1.678,-0.1491,-0.5501,-0.1996,0.7971
136.569,1,6.467,-0.683,-1.678,-0.1488,-0.5504,-0.1988,0.7971
136.610,1,6.466,-0.683,-1.678,-0.1479,-0.5505,-0.1976,0.7975
136.639,1,6.466,-0.683,-1.678,-0.1473,-0.5505,-0.1975,0.7977
136.680,1,6.466,-0.684,-1.678,-0.1464,-0.5509,-0.1963,0.7978
136.708,1,6.466,-0.684,-1.678,-0.1462,-0.5514,-0.1958,0.7977
136.737,1,6.466,-0.684,-1.678,-0.1454,-0.5519,-0.1962,0.7974
136.778,1,6.466,-0.684,-1.679,-0.1457,-0.5531,-0.1972,0.7962
136.806,1,6.466,-0.683,-1.679,-0.1461,-0.5542,-0.1975,0.7953
136.848,1,6.466,-0.683,-1.679,-0.1471,-0.5557,-0.1993,0.7936
136.876,1,6.466,-0.683,-1.680,-0.1486,-0.5567,-0.2006,0.7923
136.903,1,6.467,-0.682,-1.680,-0.1500,-0.5576,-0.2019,0.7911
136.945,1,6.467,-0.682,-1.681,-0.1524,-0.5585,-0.2043,0.7894
136.972,1,6.467,-0.681,-1.681,-0.1534,-0.5593,-0.2058,0.7883
137.001,1,6.467,-0.681,-1.682,-0.1540,-0.5602,-0.2069,0.7872
137.043,1,6.468,-0.681,-1.682,-0.1546,-0.5617,-0.2087,0.7855
137.070,1,6.468,-0.681,-1.682,-0.1543,-0.5629,-0.2100,0.7844
137.112,1,6.468,-0.681,-1.683,-0.1537,-0.5650,-0.2119,0.7824
137.140,1,6.468,-0.681,-1.683,-0.1526,-0.5666,-0.2130,0.7813
137.168,1,6.469,-0.681,-1.684,-0.1519,-0.5684,-0.2145,0.7797
137.209,1,6.469,-0.680,-1.685,-0.1521,-0.5711,-0.2175,0.7768
137.237,1,6.469,-0.680,-1.685,-0.1529,-0.5732,-0.2187,0.7747
137.279,1,6.469,-0.680,-1.686,-0.1536,-0.5762,-0.2202,0.7719
137.307,1,6.470,-0.680,-1.686,-0.1530,-0.5782,-0.2209,0.7704
137.335,1,6.470,-0.680,-1.687,-0.1529,-0.5802,-0.2216,0.7687
137.377,1,6.470,-0.680,-1.687,-0.1523,-0.5835,-0.2221,0.7662
137.404,1,6.470,-0.680,-1.687,-0.1508,-0.5853,-0.2225,0.7650
137.446,1,6.470,-0.680,-1.687,-0.1491,-0.5878,-0.2230,0.7632
137.474,1,6.470,-0.680,-1.687,-0.1480,-0.5897,-0.2234,0.7619
137.502,1,6.470,-0.680,-1.687,-0.1474,-0.5910,-0.2244,0.7607
137.543,1,6.470,-0.680,-1.688,-0.1463,-0.5923,-0.2262,0.7593
137.571,1,6.470,-0.680,-1.688,-0.1456,-0.5935,-0.2266,0.7584
137.614,1,6.470,-0.680,-1.688,-0.1438,-0.5950,-0.2269,0.7575
137.641,1,6.470,-0.680,-1.688,-0.1434,-0.5957,-0.2270,0.7570
137.669,1,6.470,-0.680,-1.688,-0.1431,-0.5965,-0.2265,0.7566
137.711,1,6.470,-0.680,-1.688,-0.1423,-0.5978,-0.2263,0.7558
137.738,1,6.470,-0.681,-1.688,-0.1419,-0.5988,-0.2259,0.7552
137.780,1,6.470,-0.680,-1.688,-0.1420,-0.5996,-0.2261,0.7544
137.808,1,6.469,-0.681,-1.688,-0.1411,-0.6002,-0.2268,0.7539
137.836,1,6.469,-0.680,-1.688,-0.1418,-0.6006,-0.2280,0.7531
137.878,1,6.469,-0.680,-1.688,-0.1400,-0.6026,-0.2290,0.7515
137.906,1,6.469,-0.680,-1.689,-0.1392,-0.6043,-0.2299,0.7501
137.947,1,6.468,-0.681,-1.689,-0.1365,-0.6066,-0.2292,0.7489
137.975,1,6.468,-0.681,-1.690,-0.1362,-0.6078,-0.2299,0.7478
138.003,1,6.468,-0.681,-1.690,-0.1363,-0.6090,-0.2303,0.7467
138.045,1,6.468,-0.681,-1.691,-0.1366,-0.6114,-0.2289,0.7451
138.073,1,6.469,-0.681,-1.692,-0.1371,-0.6132,-0.2278,0.7438
138.114,1,6.469,-0.680,-1.693,-0.1388,-0.6152,-0.2279,0.7418
138.142,1,6.469,-0.680,-1.693,-0.1391,-0.6163,-0.2287,0.7406
138.170,1,6.469,-0.680,-1.694,-0.1391,-0.6177,-0.2290,0.7393
138.211,1,6.469,-0.680,-1.695,-0.1386,-0.6196,-0.2278,0.7382
138.240,1,6.469,-0.680,-1.695,-0.1382,-0.6207,-0.2272,0.7376
138.268,1,6.469,-0.680,-1.695,-0.1391,-0.6215,-0.2282,0.7365
138.309,1,6.469,-0.680,-1.696,-0.1408,-0.6215,-0.2303,0.7354
138.337,1,6.469,-0.680,-1.696,-0.1405,-0.6217,-0.2311,0.7351
138.379,1,6.469,-0.679,-1.696,-0.1416,-0.6219,-0.2321,0.7344
138.406,1,6.469,-0.679,-1.696,-0.1416,-0.6222,-0.2313,0.7344
138.435,1,6.469,-0.679,-1.696,-0.1414,-0.6226,-0.2308,0.7343
138.477,1,6.469,-0.680,-1.696,-0.1415,-0.6226,-0.2304,0.7343
138.505,1,6.469,-0.680,-1.696,-0.1411,-0.6232,-0.2301,0.7340
138.546,1,6.469,-0.680,-1.696,-0.1407,-0.6234,-0.2303,0.7338
138.574,1,6.469,-0.680,-1.696,-0.1390,-0.6235,-0.2294,0.7344
138.602,1,6.469,-0.680,-1.696,-0.1385,-0.6238,-0.2292,0.7343
138.643,1,6.469,-0.680,-1.696,-0.1394,-0.6241,-0.2292,0.7338
138.672,1,6.469,-0.680,-1.696,-0.1395,-0.6242,-0.2291,0.7337
138.713,1,6.469,-0.680,-1.696,-0.1399,-0.6245,-0.2288,0.7335
138.741,1,6.469,-0.680,-1.696,-0.1409,-0.6244,-0.2298,0.7331
138.769,1,6.469,-0.680,-1.697,-0.1411,-0.6247,-0.2294,0.7329
138.811,1,6.470,-0.680,-1.697,-0.1416,-0.6251,-0.2293,0.7325
138.838,1,6.470,-0.680,-1.697,-0.1420,-0.6252,-0.2301,0.7321
138.880,1,6.471,-0.680,-1.697,-0.1425,-0.6250,-0.2310,0.7319
138.908,1,6.471,-0.680,-1.697,-0.1421,-0.6249,-0.2313,0.7320
138.936,1,6.471,-0.679,-1.697,-0.1438,-0.6242,-0.2335,0.7316
138.978,1,6.472,-0.679,-1.697,-0.1449,-0.6232,-0.2343,0.7319
139.005,1,6.472,-0.679,-1.697,-0.1453,-0.6225,-0.2349,0.7323
139.047,1,6.472,-0.679,-1.697,-0.1468,-0.6215,-0.2349,0.7328
139.075,1,6.472,-0.679,-1.697,-0.1465,-0.6213,-0.2339,0.7334
139.103,1,6.472,-0.679,-1.697,-0.1470,-0.6210,-0.2338,0.7335
139.144,1,6.472,-0.679,-1.697,-0.1474,-0.6206,-0.2346,0.7335
139.173,1,6.472,-0.679,-1.696,-0.1475,-0.6207,-0.2342,0.7335
139.214,1,6.472,-0.679,-1.696,-0.1466,-0.6212,-0.2340,0.7334
139.242,1,6.472,-0.679,-1.696,-0.1452,-0.6213,-0.2337,0.7337
139.270,1,6.472,-0.679,-1.696,-0.1449,-0.6211,-0.2338,0.7339
139.312,1,6.472,-0.679,-1.696,-0.1448,-0.6207,-0.2342,0.7341
139.340,1,6.472,-0.679,-1.696,-0.1451,-0.6202,-0.2339,0.7346
139.381,1,6.472,-0.679,-1.696,-0.1453,-0.6198,-0.2330,0.7352
139.409,1,6.472,-0.679,-1.696,-0.1455,-0.6195,-0.2335,0.7352
139.437,1,6.472,-0.679,-1.696,-0.1456,-0.6194,-0.2336,0.7352
139.479,1,6.471,-0.679,-1.696,-0.1456,-0.6198,-0.2323,0.7353
139.507,1,6.471,-0.679,-1.696,-0.1456,-0.6201,-0.2323,0.7350
139.535,1,6.471,-0.679,-1.696,-0.1459,-0.6203,-0.2326,0.7348
139.576,1,6.471,-0.679,-1.696,-0.1460,-0.6204,-0.2326,0.7346
139.604,1,6.471,-0.679,-1.696,-0.1460,-0.6205,-0.2324,0.7346
139.646,1,6.471,-0.679,-1.697,-0.1458,-0.6205,-0.2320,0.7348
139.674,1,6.471,-0.679,-1.697,-0.1458,-0.6208,-0.2318,0.7346
139.702,1,6.471,-0.679,-1.697,-0.1455,-0.6209,-0.2319,0.7345
139.744,1,6.471,-0.679,-1.696,-0.1459,-0.6206,-0.2327,0.7344
139.771,1,6.472,-0.679,-1.696,-0.1464,-0.6205,-0.2330,0.7344
139.813,1,6.472,-0.679,-1.696,-0.1467,-0.6202,-0.2333,0.7344
139.841,1,6.472,-0.679,-1.696,-0.1470,-0.6200,-0.2332,0.7346
139.869,1,6.471,-0.679,-1.696,-0.1463,-0.6199,-0.2319,0.7352
139.911,1,6.471,-0.679,-1.696,-0.1456,-0.6202,-0.2311,0.7354
139.938,1,6.471,-0.679,-1.696,-0.1450,-0.6204,-0.2313,0.7353
139.980,1,6.471,-0.678,-1.696,-0.1475,-0.6200,-0.2336,0.7344
140.008,1,6.471,-0.678,-1.696,-0.1484,-0.6196,-0.2345,0.7342
140.036,1,6.471,-0.677,-1.696,-0.1510,-0.6191,-0.2365,0.7334
140.078,1,6.472,-0.677,-1.696,-0.1527,-0.6190,-0.2365,0.7332
140.105,1,6.472,-0.677,-1.696,-0.1510,-0.6194,-0.2354,0.7336
140.147,1,6.472,-0.678,-1.696,-0.1503,-0.6196,-0.2344,0.7339
140.175,1,6.472,-0.678,-1.696,-0.1505,-0.6198,-0.2348,0.7336
140.204,1,6.472,-0.678,-1.696,-0.1501,-0.6202,-0.2352,0.7332
140.245,1,6.472,-0.678,-1.697,-0.1497,-0.6207,-0.2343,0.7331
140.273,1,6.472,-0.678,-1.697,-0.1501,-0.6207,-0.2350,0.7328
140.315,1,6.471,-0.677,-1.697,-0.1515,-0.6209,-0.2356,0.7322
140.342,1,6.471,-0.677,-1.697,-0.1524,-0.6213,-0.2357,0.7316
140.370,1,6.471,-0.677,-1.697,-0.1534,-0.6218,-0.2367,0.7306
140.412,1,6.471,-0.676,-1.697,-0.1547,-0.6227,-0.2382,0.7291
140.440,1,6.471,-0.676,-1.697,-0.1543,-0.6236,-0.2377,0.7285
140.482,1,6.471,-0.677,-1.697,-0.1523,-0.6247,-0.2361,0.7285
140.509,1,6.471,-0.677,-1.697,-0.1504,-0.6252,-0.2351,0.7289
140.537,1,6.471,-0.677,-1.697,-0.1489,-0.6255,-0.2341,0.7293
140.579,1,6.471,-0.678,-1.697,-0.1476,-0.6256,-0.2329,0.7298
140.607,1,6.471,-0.678,-1.697,-0.1469,-0.6259,-0.2330,0.7297
140.635,1,6.472,-0.679,-1.697,-0.1440,-0.6263,-0.2318,0.7303
140.676,1,6.473,-0.678,-1.696,-0.1464,-0.6247,-0.2334,0.7306
140.705,1,6.474,-0.678,-1.696,-0.1488,-0.6236,-0.2362,0.7302
140.746,1,6.475,-0.678,-1.696,-0.1486,-0.6231,-0.2386,0.7299
140.774,1,6.475,-0.678,-1.696,-0.1485,-0.6231,-0.2389,0.7298
140.802,1,6.476,-0.678,-1.696,-0.1485,-0.6229,-0.2395,0.7298
140.843,1,6.477,-0.678,-1.696,-0.1496,-0.6226,-0.2412,0.7293
140.872,1,6.477,-0.677,-1.696,-0.1498,-0.6225,-0.2421,0.7290
140.913,1,6.478,-0.677,-1.696,-0.1521,-0.6219,-0.2437,0.7285
140.941,1,6.478,-0.677,-1.696,-0.1530,-0.6217,-0.2442,0.7283
140.969,1,6.479,-0.676,-1.696,-0.1542,-0.6217,-0.2447,0.7279
141.010,1,6.479,-0.676,-1.696,-0.1547,-0.6215,-0.2454,0.7277
141.038,1,6.479,-0.676,-1.696,-0.1552,-0.6217,-0.2456,0.7274
141.080,1,6.479,-0.676,-1.697,-0.1548,-0.6219,-0.2452,0.7274
141.108,1,6.479,-0.676,-1.697,-0.1546,-0.6222,-0.2447,0.7274
141.136,1,6.478,-0.677,-1.697,-0.1540,-0.6225,-0.2432,0.7278
141.177,1,6.478,-0.676,-1.697,-0.1544,-0.6228,-0.2430,0.7275
141.205,1,6.478,-0.676,-1.697,-0.1569,-0.6226,-0.2438,0.7268
141.247,1,6.478,-0.676,-1.697,-0.1582,-0.6234,-0.2436,0.7260
141.275,1,6.478,-0.675,-1.698,-0.1593,-0.6239,-0.2436,0.7253
141.303,1,6.478,-0.675,-1.698,-0.1602,-0.6240,-0.2437,0.7250
141.345,1,6.477,-0.675,-1.698,-0.1602,-0.6240,-0.2441,0.7248
141.372,1,6.477,-0.676,-1.698,-0.1584,-0.6245,-0.2426,0.7252
141.414,1,6.477,-0.676,-1.698,-0.1566,-0.6250,-0.2413,0.7257
141.442,1,6.477,-0.676,-1.698,-0.1570,-0.6249,-0.2420,0.7254
141.470,1,6.477,-0.676,-1.698,-0.1565,-0.6247,-0.2419,0.7257
141.512,1,6.477,-0.676,-1.698,-0.1550,-0.6244,-0.2415,0.7265
141.540,1,6.476,-0.677,-1.698,-0.1542,-0.6242,-0.2409,0.7270
141.581,1,6.476,-0.677,-1.697,-0.1525,-0.6244,-0.2402,0.7274
141.609,1,6.476,-0.677,-1.697,-0.1519,-0.6248,-0.2412,0.7269
141.637,1,6.476,-0.677,-1.697,-0.1515,-0.6253,-0.2420,0.7263
141.679,1,6.475,-0.677,-1.697,-0.1495,-0.6266,-0.2407,0.7260
141.706,1,6.475,-0.678,-1.697,-0.1476,-0.6272,-0.2392,0.7264
141.748,1,6.475,-0.678,-1.697,-0.1456,-0.6276,-0.2378,0.7269
141.777,1,6.474,-0.678,-1.697,-0.1461,-0.6274,-0.2384,0.7268
141.805,1,6.474,-0.678,-1.696,-0.1459,-0.6270,-0.2385,0.7271
141.846,1,6.474,-0.678,-1.696,-0.1458,-0.6263,-0.2380,0.7279
141.874,1,6.474,-0.678,-1.696,-0.1458,-0.6262,-0.2372,0.7283
141.902,1,6.473,-0.678,-1.696,-0.1466,-0.6259,-0.2375,0.7282
141.944,1,6.473,-0.677,-1.696,-0.1477,-0.6256,-0.2380,0.7282
141.971,1,6.473,-0.677,-1.695,-0.1472,-0.6256,-0.2372,0.7285
142.013,1,6.473,-0.678,-1.695,-0.1447,-0.6256,-0.2359,0.7294
142.040,1,6.473,-0.678,-1.695,-0.1439,-0.6254,-0.2356,0.7298
142.069,1,6.473,-0.678,-1.695,-0.1437,-0.6254,-0.2358,0.7298
142.111,1,6.473,-0.678,-1.695,-0.1431,-0.6254,-0.2363,0.7298
142.138,1,6.473,-0.678,-1.694,-0.1430,-0.6252,-0.2362,0.7300
142.180,1,6.473,-0.678,-1.694,-0.1419,-0.6253,-0.2354,0.7304
142.207,1,6.473,-0.678,-1.694,-0.1415,-0.6251,-0.2357,0.7305
142.235,1,6.473,-0.678,-1.694,-0.1420,-0.6249,-0.2356,0.7306
142.277,1,6.473,-0.679,-1.694,-0.1397,-0.6247,-0.2315,0.7325
142.305,1,6.472,-0.679,-1.694,-0.1383,-0.6246,-0.2305,0.7332
142.347,1,6.472,-0.679,-1.694,-0.1409,-0.6241,-0.2330,0.7324
142.374,1,6.472,-0.679,-1.694,-0.1406,-0.6242,-0.2321,0.7326
142.402,1,6.472,-0.679,-1.694,-0.1397,-0.6244,-0.2312,0.7329
142.444,1,6.472,-0.679,-1.694,-0.1394,-0.6248,-0.2312,0.7326
142.473,1,6.472,-0.679,-1.694,-0.1394,-0.6250,-0.2311,0.7325
142.514,1,6.472,-0.679,-1.694,-0.1399,-0.6245,-0.2313,0.7328
142.542,1,6.472,-0.679,-1.694,-0.1404,-0.6238,-0.2314,0.7332
142.570,1,6.472,-0.679,-1.693,-0.1407,-0.6231,-0.2315,0.7337
142.611,1,6.472,-0.679,-1.693,-0.1413,-0.6219,-0.2321,0.7345
142.639,1,6.472,-0.679,-1.693,-0.1394,-0.6216,-0.2309,0.7355
142.681,1,6.472,-0.680,-1.693,-0.1378,-0.6211,-0.2295,0.7366
142.709,1,6.473,-0.680,-1.692,-0.1383,-0.6205,-0.2300,0.7368
142.737,1,6.473,-0.679,-1.692,-0.1395,-0.6198,-0.2313,0.7368
142.779,1,6.473,-0.679,-1.692,-0.1410,-0.6188,-0.2329,0.7368
142.806,1,6.473,-0.679,-1.692,-0.1418,-0.6184,-0.2334,0.7369
142.848,1,6.473,-0.679,-1.692,-0.1427,-0.6181,-0.2339,0.7368
142.876,1,6.473,-0.679,-1.692,-0.1422,-0.6185,-0.2338,0.7366
142.904,1,6.474,-0.679,-1.692,-0.1420,-0.6187,-0.2336,0.7365
142.946,1,6.473,-0.679,-1.692,-0.1415,-0.6195,-0.2328,0.7362
142.973,1,6.473,-0.679,-1.693,-0.1396,-0.6203,-0.2314,0.7364
143.015,1,6.473,-0.679,-1.693,-0.1401,-0.6205,-0.2317,0.7359
143.044,1,6.473,-0.679,-1.693,-0.1395,-0.6208,-0.2320,0.7358
143.071,1,6.473,-0.679,-1.693,-0.1392,-0.6209,-0.2321,0.7357
143.112,1,6.473,-0.679,-1.693,-0.1399,-0.6208,-0.2321,0.7357
143.140,1,6.472,-0.679,-1.693,-0.1404,-0.6207,-0.2319,0.7357
143.182,1,6.472,-0.679,-1.693,-0.1410,-0.6207,-0.2318,0.7356
143.210,1,6.472,-0.679,-1.693,-0.1406,-0.6208,-0.2309,0.7359
143.238,1,6.472,-0.680,-1.693,-0.1397,-0.6211,-0.2296,0.7362
143.280,1,6.472,-0.680,-1.693,-0.1387,-0.6215,-0.2288,0.7363
143.307,1,6.472,-0.680,-1.693,-0.1388,-0.6217,-0.2285,0.7362
143.350,1,6.472,-0.680,-1.693,-0.1403,-0.6215,-0.2286,0.7361
143.377,1,6.472,-0.679,-1.693,-0.1421,-0.6210,-0.2287,0.7362
143.406,1,6.472,-0.679,-1.693,-0.1427,-0.6200,-0.2296,0.7365
143.446,1,6.472,-0.679,-1.693,-0.1426,-0.6193,-0.2300,0.7370
143.475,1,6.472,-0.679,-1.693,-0.1425,-0.6191,-0.2300,0.7372
143.502,1,6.472,-0.679,-1.693,-0.1421,-0.6191,-0.2301,0.7373
143.544,1,6.472,-0.680,-1.693,-0.1412,-0.6194,-0.2292,0.7375
143.572,1,6.472,-0.680,-1.693,-0.1405,-0.6199,-0.2282,0.7375
143.614,1,6.472,-0.680,-1.694,-0.1403,-0.6204,-0.2272,0.7374
143.641,1,6.472,-0.680,-1.694,-0.1405,-0.6205,-0.2270,0.7373
143.669,1,6.472,-0.680,-1.694,-0.1411,-0.6203,-0.2272,0.7373
143.711,1,6.472,-0.680,-1.694,-0.1423,-0.6199,-0.2276,0.7374
143.739,1,6.472,-0.679,-1.694,-0.1434,-0.6196,-0.2275,0.7374
143.781,1,6.473,-0.679,-1.694,-0.1445,-0.6195,-0.2273,0.7374
143.808,1,6.473,-0.679,-1.694,-0.1443,-0.6195,-0.2272,0.7374
143.836,1,6.473,-0.679,-1.694,-0.1444,-0.6197,-0.2270,0.7373
143.879,1,6.473,-0.679,-1.694,-0.1445,-0.6202,-0.2269,0.7368
143.906,1,6.473,-0.679,-1.695,-0.1444,-0.6204,-0.2268,0.7367
143.948,1,6.473,-0.679,-1.695,-0.1444,-0.6206,-0.2265,0.7367
143.976,1,6.473,-0.679,-1.695,-0.1443,-0.6206,-0.2263,0.7368
144.003,1,6.473,-0.679,-1.694,-0.1440,-0.6205,-0.2262,0.7370
144.045,1,6.472,-0.680,-1.694,-0.1434,-0.6202,-0.2256,0.7375
144.073,1,6.472,-0.680,-1.695,-0.1430,-0.6202,-0.2250,0.7377
144.115,1,6.472,-0.680,-1.695,-0.1426,-0.6202,-0.2243,0.7380
144.143,1,6.472,-0.680,-1.695,-0.1425,-0.6205,-0.2238,0.7380
144.170,1,6.471,-0.680,-1.695,-0.1421,-0.6208,-0.2228,0.7381
144.212,1,6.471,-0.680,-1.695,-0.1412,-0.6215,-0.2208,0.7383
144.240,1,6.471,-0.681,-1.695,-0.1407,-0.6220,-0.2194,0.7384
144.282,1,6.470,-0.681,-1.696,-0.1396,-0.6225,-0.2166,0.7390
144.309,1,6.470,-0.681,-1.696,-0.1384,-0.6230,-0.2148,0.7393
144.337,1,6.469,-0.682,-1.696,-0.1368,-0.6234,-0.2126,0.7399
144.380,1,6.468,-0.683,-1.696,-0.1341,-0.6242,-0.2090,0.7408
144.407,1,6.468,-0.683,-1.696,-0.1322,-0.6248,-0.2066,0.7413
144.449,1,6.467,-0.684,-1.697,-0.1292,-0.6255,-0.2029,0.7422
144.477,1,6.466,-0.684,-1.697,-0.1277,-0.6259,-0.2009,0.7427
144.504,1,6.465,-0.685,-1.697,-0.1268,-0.6261,-0.1989,0.7432
144.547,1,6.464,-0.685,-1.697,-0.1260,-0.6262,-0.1957,0.7442
144.574,1,6.464,-0.686,-1.697,-0.1255,-0.6261,-0.1939,0.7448
144.602,1,6.463,-0.686,-1.698,-0.1250,-0.6258,-0.1920,0.7455
144.643,1,6.462,-0.686,-1.698,-0.1244,-0.6253,-0.1895,0.7467
144.671,1,6.462,-0.687,-1.698,-0.1235,-0.6249,-0.1874,0.7477
144.713,1,6.461,-0.687,-1.698,-0.1228,-0.6240,-0.1843,0.7494
144.742,1,6.461,-0.688,-1.698,-0.1218,-0.6234,-0.1824,0.7505
144.769,1,6.461,-0.688,-1.698,-0.1203,-0.6231,-0.1796,0.7516
144.811,1,6.460,-0.689,-1.697,-0.1168,-0.6230,-0.1747,0.7535
144.838,1,6.459,-0.690,-1.697,-0.1159,-0.6225,-0.1728,0.7544
144.880,1,6.459,-0.691,-1.697,-0.1133,-0.6215,-0.1665,0.7571
144.909,1,6.458,-0.692,-1.696,-0.1097,-0.6201,-0.1622,0.7597
144.936,1,6.457,-0.693,-1.696,-0.1067,-0.6189,-0.1577,0.7621
144.978,1,6.457,-0.694,-1.695,-0.1043,-0.6176,-0.1522,0.7645
145.006,1,6.456,-0.695,-1.694,-0.1023,-0.6167,-0.1501,0.7660
145.048,1,6.456,-0.696,-1.694,-0.0987,-0.6147,-0.1485,0.7683
145.075,1,6.456,-0.696,-1.694,-0.0976,-0.6135,-0.1477,0.7696
145.103,1,6.456,-0.696,-1.693,-0.0982,-0.6126,-0.1471,0.7703
145.145,1,6.456,-0.696,-1.693,-0.0982,-0.6121,-0.1477,0.7706
145.173,1,6.456,-0.696,-1.693,-0.0980,-0.6121,-0.1495,0.7703
145.215,1,6.456,-0.696,-1.693,-0.0975,-0.6119,-0.1511,0.7702
145.242,1,6.456,-0.695,-1.693,-0.0970,-0.6124,-0.1527,0.7696
145.271,1,6.457,-0.695,-1.693,-0.0979,-0.6126,-0.1549,0.7688
145.312,1,6.457,-0.695,-1.693,-0.0987,-0.6125,-0.1565,0.7685
145.340,1,6.457,-0.695,-1.694,-0.0990,-0.6123,-0.1566,0.7686
145.382,1,6.458,-0.695,-1.694,-0.0987,-0.6114,-0.1577,0.7692
145.410,1,6.458,-0.695,-1.694,-0.0985,-0.6105,-0.1581,0.7698
145.438,1,6.459,-0.695,-1.693,-0.0988,-0.6098,-0.1588,0.7701
145.480,1,6.460,-0.694,-1.693,-0.1006,-0.6088,-0.1621,0.7701
146.043,1,6.463,-0.691,-1.694,-0.1107,-0.6066,-0.1753,0.7675
146.043,1,6.463,-0.691,-1.694,-0.1107,-0.6066,-0.1753,0.7675
146.043,1,6.463,-0.691,-1.694,-0.1107,-0.6066,-0.1753,0.7675
146.043,1,6.463,-0.691,-1.694,-0.1107,-0.6066,-0.1753,0.7675
146.043,1,6.463,-0.691,-1.694,-0.1107,-0.6066,-0.1753,0.7675
146.043,1,6.463,-0.691,-1.694,-0.1107,-0.6066,-0.1753,0.7675
146.043,1,6.463,-0.691,-1.694,-0.1107,-0.6066,-0.1753,0.7675
146.043,1,6.463,-0.691,-1.694,-0.1107,-0.6066,-0.1753,0.7675
146.043,1,6.463,-0.691,-1.694,-0.1107,-0.6066,-0.1753,0.7675
146.043,1,6.463,-0.691,-1.694,-0.1107,-0.6066,-0.1753,0.7675
146.043,1,6.463,-0.691,-1.694,-0.1107,-0.6066,-0.1753,0.7675
146.043,1,6.463,-0.691,-1.694,-0.1107,-0.6066,-0.1753,0.7675
146.043,1,6.463,-0.691,-1.694,-0.1107,-0.6066,-0.1753,0.7675
146.043,1,6.463,-0.691,-1.694,-0.1107,-0.6066,-0.1753,0.7675
146.043,1,6.463,-0.691,-1.694,-0.1107,-0.6066,-0.1753,0.7675
146.043,1,6.463,-0.691,-1.694,-0.1107,-0.6066,-0.1753,0.7675
146.043,1,6.463,-0.691,-1.694,-0.1107,-0.6066,-0.1753,0.7675
146.078,1,6.464,-0.691,-1.695,-0.1132,-0.6061,-0.1771,0.7671
146.107,1,6.464,-0.691,-1.695,-0.1140,-0.6062,-0.1775,0.7668
146.149,1,6.464,-0.690,-1.695,-0.1152,-0.6063,-0.1787,0.7663
146.176,1,6.465,-0.690,-1.695,-0.1157,-0.6065,-0.1792,0.7660
146.203,1,6.465,-0.690,-1.695,-0.1160,-0.6066,-0.1795,0.7657
146.245,1,6.465,-0.690,-1.695,-0.1167,-0.6069,-0.1800,0.7653
146.273,1,6.465,-0.690,-1.695,-0.1164,-0.6072,-0.1800,0.7651
146.315,1,6.465,-0.690,-1.695,-0.1161,-0.6074,-0.1801,0.7649
146.343,1,6.465,-0.690,-1.695,-0.1159,-0.6075,-0.1800,0.7649
146.371,1,6.465,-0.690,-1.695,-0.1155,-0.6077,-0.1801,0.7648
146.412,1,6.465,-0.690,-1.695,-0.1148,-0.6077,-0.1808,0.7648
146.440,1,6.465,-0.690,-1.695,-0.1144,-0.6075,-0.1807,0.7650
146.482,1,6.465,-0.690,-1.695,-0.1145,-0.6074,-0.1804,0.7651
146.510,1,6.465,-0.690,-1.695,-0.1144,-0.6072,-0.1807,0.7652
146.538,1,6.465,-0.690,-1.695,-0.1143,-0.6070,-0.1814,0.7652
146.579,1,6.465,-0.690,-1.695,-0.1149,-0.6068,-0.1819,0.7652
146.607,1,6.465,-0.690,-1.694,-0.1148,-0.6066,-0.1820,0.7654
146.649,1,6.465,-0.690,-1.694,-0.1146,-0.6063,-0.1819,0.7656
146.677,1,6.465,-0.690,-1.694,-0.1150,-0.6061,-0.1827,0.7655
146.705,1,6.465,-0.690,-1.694,-0.1150,-0.6058,-0.1834,0.7657
146.746,1,6.466,-0.689,-1.694,-0.1154,-0.6051,-0.1839,0.7660
146.775,1,6.466,-0.689,-1.694,-0.1156,-0.6046,-0.1847,0.7662
146.816,1,6.466,-0.689,-1.693,-0.1160,-0.6039,-0.1857,0.7664
146.844,1,6.466,-0.689,-1.693,-0.1162,-0.6034,-0.1860,0.7667
146.872,1,6.466,-0.689,-1.693,-0.1166,-0.6031,-0.1860,0.7668
146.914,1,6.467,-0.689,-1.693,-0.1169,-0.6029,-0.1865,0.7669
146.942,1,6.467,-0.689,-1.693,-0.1172,-0.6028,-0.1867,0.7669
146.970,1,6.467,-0.689,-1.693,-0.1176,-0.6028,-0.1866,0.7668
147.011,1,6.467,-0.689,-1.693,-0.1178,-0.6028,-0.1873,0.7666
147.039,1,6.467,-0.689,-1.693,-0.1180,-0.6025,-0.1879,0.7667
147.081,1,6.467,-0.688,-1.693,-0.1186,-0.6022,-0.1882,0.7667
147.110,1,6.467,-0.688,-1.693,-0.1189,-0.6018,-0.1888,0.7668
147.137,1,6.468,-0.688,-1.693,-0.1195,-0.6014,-0.1893,0.7669
147.178,1,6.468,-0.688,-1.693,-0.1201,-0.6011,-0.1892,0.7671
147.206,1,6.468,-0.688,-1.693,-0.1201,-0.6008,-0.1896,0.7672
147.248,1,6.468,-0.688,-1.693,-0.1208,-0.6006,-0.1897,0.7672
147.276,1,6.468,-0.688,-1.693,-0.1212,-0.6005,-0.1905,0.7670
147.303,1,6.468,-0.688,-1.693,-0.1213,-0.6003,-0.1911,0.7670
147.345,1,6.468,-0.688,-1.693,-0.1216,-0.6000,-0.1906,0.7674
147.373,1,6.468,-0.688,-1.693,-0.1218,-0.5999,-0.1910,0.7673
147.415,1,6.468,-0.688,-1.693,-0.1220,-0.5997,-0.1917,0.7673
147.442,1,6.469,-0.688,-1.693,-0.1224,-0.5994,-0.1921,0.7673
147.470,1,6.469,-0.687,-1.693,-0.1227,-0.5991,-0.1925,0.7674
147.512,1,6.469,-0.687,-1.693,-0.1231,-0.5987,-0.1927,0.7676
147.540,1,6.469,-0.687,-1.692,-0.1236,-0.5984,-0.1929,0.7677
147.581,1,6.469,-0.687,-1.692,-0.1243,-0.5980,-0.1937,0.7677
147.610,1,6.469,-0.687,-1.692,-0.1245,-0.5978,-0.1940,0.7678
147.638,1,6.469,-0.687,-1.692,-0.1250,-0.5976,-0.1944,0.7678
147.679,1,6.469,-0.687,-1.692,-0.1257,-0.5974,-0.1947,0.7677
147.707,1,6.469,-0.687,-1.692,-0.1255,-0.5975,-0.1946,0.7677
147.749,1,6.469,-0.687,-1.692,-0.1252,-0.5975,-0.1947,0.7678
147.777,1,6.469,-0.687,-1.692,-0.1249,-0.5973,-0.1943,0.7680
147.805,1,6.469,-0.687,-1.692,-0.1242,-0.5973,-0.1941,0.7682
147.846,1,6.470,-0.687,-1.691,-0.1239,-0.5968,-0.1944,0.7686
147.874,1,6.470,-0.687,-1.691,-0.1240,-0.5964,-0.1946,0.7688
147.916,1,6.470,-0.687,-1.691,-0.1243,-0.5957,-0.1951,0.7692
147.944,1,6.470,-0.687,-1.691,-0.1246,-0.5953,-0.1955,0.7694
147.972,1,6.470,-0.687,-1.691,-0.1248,-0.5950,-0.1955,0.7695
148.013,1,6.470,-0.687,-1.691,-0.1250,-0.5949,-0.1954,0.7696
148.041,1,6.470,-0.687,-1.691,-0.1252,-0.5949,-0.1953,0.7696
148.083,1,6.470,-0.687,-1.691,-0.1258,-0.5954,-0.1950,0.7692
148.111,1,6.470,-0.687,-1.691,-0.1260,-0.5955,-0.1953,0.7690
148.139,1,6.471,-0.686,-1.691,-0.1265,-0.5956,-0.1955,0.7688
148.182,1,6.471,-0.686,-1.691,-0.1270,-0.5952,-0.1974,0.7685
148.209,1,6.471,-0.686,-1.691,-0.1274,-0.5945,-0.1982,0.7688
148.237,1,6.471,-0.686,-1.691,-0.1277,-0.5939,-0.1983,0.7692
148.278,1,6.472,-0.686,-1.691,-0.1287,-0.5931,-0.1986,0.7696
148.306,1,6.472,-0.686,-1.691,-0.1293,-0.5926,-0.1990,0.7698
148.347,1,6.472,-0.685,-1.691,-0.1305,-0.5917,-0.1997,0.7701
148.375,1,6.473,-0.685,-1.691,-0.1309,-0.5912,-0.1999,0.7704
148.403,1,6.473,-0.685,-1.691,-0.1314,-0.5908,-0.2002,0.7704
148.445,1,6.473,-0.685,-1.690,-0.1322,-0.5903,-0.2008,0.7706
148.473,1,6.473,-0.685,-1.690,-0.1328,-0.5899,-0.2018,0.7705
148.515,1,6.474,-0.684,-1.690,-0.1339,-0.5894,-0.2032,0.7703
148.544,1,6.474,-0.684,-1.690,-0.1345,-0.5890,-0.2037,0.7704
148.570,1,6.474,-0.684,-1.690,-0.1346,-0.5887,-0.2037,0.7706
148.613,1,6.474,-0.684,-1.689,-0.1341,-0.5880,-0.2035,0.7712
148.640,1,6.474,-0.684,-1.689,-0.1335,-0.5878,-0.2033,0.7716
148.681,1,6.474,-0.685,-1.689,-0.1330,-0.5874,-0.2031,0.7720
148.709,1,6.474,-0.685,-1.689,-0.1329,-0.5870,-0.2033,0.7723
148.737,1,6.474,-0.685,-1.689,-0.1329,-0.5866,-0.2032,0.7726
148.779,1,6.474,-0.685,-1.689,-0.1331,-0.5862,-0.2029,0.7730
148.807,1,6.474,-0.685,-1.689,-0.1329,-0.5860,-0.2024,0.7733
148.848,1,6.473,-0.685,-1.689,-0.1325,-0.5858,-0.2015,0.7737
148.876,1,6.473,-0.685,-1.688,-0.1320,-0.5859,-0.2010,0.7739
148.905,1,6.473,-0.685,-1.688,-0.1314,-0.5862,-0.2007,0.7738
148.947,1,6.473,-0.685,-1.688,-0.1311,-0.5864,-0.2007,0.7738
148.973,1,6.473,-0.685,-1.688,-0.1310,-0.5863,-0.2009,0.7738
149.015,1,6.473,-0.685,-1.688,-0.1316,-0.5858,-0.2019,0.7738
149.043,1,6.474,-0.685,-1.688,-0.1321,-0.5853,-0.2025,0.7740
149.071,1,6.474,-0.685,-1.688,-0.1325,-0.5848,-0.2026,0.7742
149.113,1,6.474,-0.685,-1.688,-0.1330,-0.5846,-0.2025,0.7743
149.141,1,6.474,-0.685,-1.688,-0.1330,-0.5848,-0.2024,0.7742
149.183,1,6.474,-0.685,-1.688,-0.1325,-0.5854,-0.2014,0.7741
149.210,1,6.474,-0.685,-1.688,-0.1322,-0.5858,-0.2011,0.7739
149.238,1,6.474,-0.685,-1.688,-0.1322,-0.5862,-0.2010,0.7736
149.280,1,6.474,-0.685,-1.688,-0.1325,-0.5860,-0.2015,0.7736
149.307,1,6.474,-0.685,-1.688,-0.1325,-0.5855,-0.2018,0.7739
149.349,1,6.474,-0.685,-1.688,-0.1331,-0.5844,-0.2021,0.7745
149.377,1,6.474,-0.685,-1.688,-0.1338,-0.5835,-0.2022,0.7751
149.406,1,6.474,-0.684,-1.688,-0.1344,-0.5828,-0.2022,0.7755
149.447,1,6.474,-0.684,-1.687,-0.1357,-0.5810,-0.2020,0.7767
149.475,1,6.474,-0.684,-1.687,-0.1372,-0.5797,-0.2016,0.7775
149.516,1,6.475,-0.684,-1.687,-0.1394,-0.5778,-0.2013,0.7786
149.544,1,6.475,-0.684,-1.687,-0.1417,-0.5762,-0.2013,0.7793
149.572,1,6.475,-0.683,-1.687,-0.1443,-0.5742,-0.2013,0.7804
149.614,1,6.476,-0.683,-1.687,-0.1473,-0.5714,-0.2012,0.7818
149.642,1,6.477,-0.682,-1.687,-0.1499,-0.5698,-0.2011,0.7825
149.670,1,6.477,-0.682,-1.687,-0.1524,-0.5680,-0.2013,0.7833
149.711,1,6.477,-0.682,-1.688,-0.1559,-0.5659,-0.2008,0.7843
149.740,1,6.478,-0.681,-1.688,-0.1582,-0.5648,-0.2004,0.7848
149.781,1,6.478,-0.681,-1.689,-0.1626,-0.5628,-0.2000,0.7854
149.809,1,6.479,-0.681,-1.689,-0.1652,-0.5616,-0.1992,0.7859
149.837,1,6.479,-0.680,-1.690,-0.1677,-0.5606,-0.1987,0.7862
149.879,1,6.479,-0.680,-1.691,-0.1713,-0.5592,-0.1979,0.7866
149.906,1,6.479,-0.680,-1.691,-0.1731,-0.5584,-0.1973,0.7869
149.948,1,6.479,-0.679,-1.692,-0.1756,-0.5578,-0.1966,0.7870
149.976,1,6.479,-0.679,-1.692,-0.1773,-0.5576,-0.1959,0.7869
150.004,1,6.479,-0.679,-1.693,-0.1783,-0.5575,-0.1950,0.7870
150.045,1,6.479,-0.679,-1.693,-0.1801,-0.5573,-0.1943,0.7869
150.074,1,6.479,-0.679,-1.694,-0.1809,-0.5570,-0.1942,0.7869
150.115,1,6.479,-0.679,-1.694,-0.1824,-0.5567,-0.1926,0.7873
150.143,1,6.479,-0.679,-1.695,-0.1832,-0.5564,-0.1917,0.7875
150.171,1,6.479,-0.679,-1.695,-0.1838,-0.5560,-0.1909,0.7878
150.212,1,6.479,-0.679,-1.695,-0.1844,-0.5562,-0.1895,0.7879
150.240,1,6.479,-0.679,-1.696,-0.1851,-0.5563,-0.1888,0.7878
150.282,1,6.478,-0.679,-1.696,-0.1857,-0.5566,-0.1871,0.7879
150.310,1,6.478,-0.680,-1.697,-0.1855,-0.5570,-0.1865,0.7877
150.338,1,6.478,-0.680,-1.697,-0.1854,-0.5574,-0.1865,0.7875
150.380,1,6.478,-0.680,-1.698,-0.1859,-0.5584,-0.1862,0.7867
150.407,1,6.478,-0.680,-1.698,-0.1862,-0.5590,-0.1863,0.7862
150.449,1,6.477,-0.680,-1.699,-0.1867,-0.5602,-0.1856,0.7854
150.477,1,6.477,-0.680,-1.699,-0.1870,-0.5608,-0.1848,0.7851
150.505,1,6.477,-0.680,-1.699,-0.1866,-0.5610,-0.1841,0.7852
150.547,1,6.477,-0.680,-1.699,-0.1858,-0.5609,-0.1828,0.7858
150.575,1,6.477,-0.680,-1.699,-0.1858,-0.5607,-0.1822,0.7860
150.616,1,6.477,-0.680,-1.699,-0.1854,-0.5605,-0.1822,0.7863
150.644,1,6.477,-0.680,-1.699,-0.1853,-0.5602,-0.1831,0.7863
150.672,1,6.477,-0.680,-1.699,-0.1860,-0.5597,-0.1837,0.7864
150.713,1,6.477,-0.680,-1.699,-0.1866,-0.5590,-0.1844,0.7865
150.742,1,6.477,-0.680,-1.699,-0.1864,-0.5588,-0.1848,0.7866
150.783,1,6.477,-0.680,-1.699,-0.1870,-0.5586,-0.1848,0.7867
150.811,1,6.477,-0.680,-1.699,-0.1873,-0.5586,-0.1848,0.7866
150.839,1,6.478,-0.680,-1.699,-0.1873,-0.5585,-0.1850,0.7866
150.881,1,6.478,-0.680,-1.699,-0.1873,-0.5587,-0.1850,0.7864
150.908,1,6.478,-0.680,-1.699,-0.1876,-0.5589,-0.1852,0.7862
150.950,1,6.478,-0.680,-1.699,-0.1875,-0.5589,-0.1857,0.7861
150.978,1,6.478,-0.680,-1.699,-0.1873,-0.5588,-0.1858,0.7862
151.006,1,6.478,-0.680,-1.699,-0.1873,-0.5588,-0.1865,0.7861
151.048,1,6.478,-0.680,-1.699,-0.1873,-0.5586,-0.1867,0.7862
151.076,1,6.478,-0.680,-1.699,-0.1878,-0.5585,-0.1864,0.7862
151.104,1,6.478,-0.680,-1.699,-0.1887,-0.5585,-0.1864,0.7859
151.145,1,6.478,-0.680,-1.700,-0.1893,-0.5587,-0.1860,0.7857
151.173,1,6.477,-0.680,-1.700,-0.1896,-0.5590,-0.1858,0.7855
151.215,1,6.477,-0.680,-1.700,-0.1900,-0.5594,-0.1854,0.7852
151.243,1,6.477,-0.680,-1.700,-0.1897,-0.5600,-0.1846,0.7851
151.271,1,6.477,-0.680,-1.701,-0.1896,-0.5606,-0.1849,0.7846
151.313,1,6.477,-0.680,-1.701,-0.1896,-0.5609,-0.1856,0.7842
151.341,1,6.477,-0.680,-1.701,-0.1901,-0.5610,-0.1856,0.7840
151.382,1,6.477,-0.680,-1.701,-0.1902,-0.5610,-0.1860,0.7839
151.410,1,6.477,-0.680,-1.701,-0.1901,-0.5609,-0.1860,0.7840
151.438,1,6.477,-0.680,-1.701,-0.1903,-0.5608,-0.1857,0.7841
151.480,1,6.477,-0.680,-1.701,-0.1913,-0.5605,-0.1859,0.7840
151.507,1,6.477,-0.680,-1.701,-0.1914,-0.5604,-0.1859,0.7841
151.550,1,6.477,-0.679,-1.701,-0.1917,-0.5601,-0.1859,0.7842
151.577,1,6.477,-0.679,-1.701,-0.1924,-0.5600,-0.1865,0.7840
151.606,1,6.477,-0.679,-1.702,-0.1924,-0.5603,-0.1869,0.7837
151.647,1,6.477,-0.679,-1.702,-0.1922,-0.5603,-0.1877,0.7835
151.674,1,6.477,-0.679,-1.702,-0.1917,-0.5606,-0.1878,0.7834
151.716,1,6.477,-0.680,-1.702,-0.1900,-0.5614,-0.1871,0.7834
151.744,1,6.477,-0.680,-1.702,-0.1891,-0.5617,-0.1866,0.7835
151.772,1,6.477,-0.680,-1.702,-0.1887,-0.5626,-0.1860,0.7832
151.814,1,6.477,-0.680,-1.702,-0.1886,-0.5632,-0.1855,0.7828
151.841,1,6.476,-0.680,-1.703,-0.1885,-0.5637,-0.1850,0.7826
151.883,1,6.476,-0.680,-1.703,-0.1880,-0.5648,-0.1836,0.7823
151.911,1,6.476,-0.680,-1.703,-0.1870,-0.5658,-0.1828,0.7819
151.939,1,6.476,-0.681,-1.703,-0.1857,-0.5674,-0.1813,0.7815
151.981,1,6.475,-0.681,-1.703,-0.1858,-0.5695,-0.1801,0.7802
152.009,1,6.475,-0.681,-1.704,-0.1856,-0.5703,-0.1806,0.7795
152.051,1,6.475,-0.680,-1.704,-0.1854,-0.5720,-0.1814,0.7782
152.078,1,6.474,-0.680,-1.704,-0.1848,-0.5730,-0.1815,0.7776
152.107,1,6.474,-0.681,-1.704,-0.1839,-0.5732,-0.1814,0.7777
152.148,1,6.474,-0.681,-1.704,-0.1827,-0.5729,-0.1807,0.7783
152.176,1,6.474,-0.681,-1.704,-0.1824,-0.5729,-0.1806,0.7784
152.204,1,6.474,-0.681,-1.704,-0.1823,-0.5724,-0.1811,0.7787
152.245,1,6.474,-0.681,-1.703,-0.1827,-0.5711,-0.1807,0.7796
152.273,1,6.474,-0.681,-1.703,-0.1831,-0.5705,-0.1803,0.7801
152.315,1,6.474,-0.681,-1.703,-0.1828,-0.5700,-0.1800,0.7806
152.343,1,6.475,-0.681,-1.703,-0.1824,-0.5699,-0.1795,0.7808
152.371,1,6.475,-0.681,-1.703,-0.1824,-0.5701,-0.1797,0.7806
152.412,1,6.475,-0.681,-1.703,-0.1836,-0.5706,-0.1812,0.7797
152.440,1,6.475,-0.681,-1.703,-0.1839,-0.5708,-0.1817,0.7793
152.482,1,6.475,-0.680,-1.703,-0.1841,-0.5707,-0.1826,0.7792
152.511,1,6.475,-0.680,-1.703,-0.1840,-0.5706,-0.1830,0.7792
152.538,1,6.475,-0.680,-1.703,-0.1837,-0.5705,-0.1831,0.7793
152.580,1,6.475,-0.681,-1.703,-0.1831,-0.5700,-0.1830,0.7798
152.607,1,6.475,-0.681,-1.703,-0.1829,-0.5700,-0.1828,0.7799
152.649,1,6.475,-0.681,-1.702,-0.1823,-0.5698,-0.1825,0.7803
152.677,1,6.475,-0.681,-1.702,-0.1819,-0.5695,-0.1823,0.7806
152.705,1,6.476,-0.681,-1.702,-0.1819,-0.5691,-0.1822,0.7810
152.746,1,6.476,-0.681,-1.702,-0.1823,-0.5686,-0.1821,0.7812
152.774,1,6.476,-0.681,-1.702,-0.1821,-0.5685,-0.1827,0.7812
152.816,1,6.476,-0.681,-1.702,-0.1819,-0.5682,-0.1841,0.7811
152.845,1,6.476,-0.681,-1.701,-0.1818,-0.5681,-0.1844,0.7812
152.872,1,6.476,-0.681,-1.701,-0.1821,-0.5679,-0.1850,0.7811
152.914,1,6.476,-0.681,-1.701,-0.1819,-0.5678,-0.1856,0.7810
152.941,1,6.476,-0.681,-1.701,-0.1817,-0.5678,-0.1856,0.7811
152.984,1,6.476,-0.681,-1.701,-0.1809,-0.5679,-0.1846,0.7815
153.011,1,6.476,-0.681,-1.701,-0.1801,-0.5681,-0.1834,0.7818
153.039,1,6.476,-0.681,-1.701,-0.1791,-0.5684,-0.1822,0.7820
153.081,1,6.476,-0.682,-1.701,-0.1785,-0.5688,-0.1820,0.7820
153.109,1,6.475,-0.682,-1.701,-0.1781,-0.5687,-0.1832,0.7819
153.151,1,6.475,-0.681,-1.700,-0.1775,-0.5687,-0.1836,0.7819
153.178,1,6.475,-0.681,-1.700,-0.1776,-0.5684,-0.1842,0.7820
153.206,1,6.475,-0.681,-1.700,-0.1776,-0.5681,-0.1847,0.7821
153.247,1,6.475,-0.681,-1.700,-0.1777,-0.5675,-0.1844,0.7825
153.276,1,6.475,-0.681,-1.700,-0.1777,-0.5673,-0.1840,0.7828
153.317,1,6.475,-0.682,-1.700,-0.1776,-0.5675,-0.1826,0.7830
153.345,1,6.475,-0.682,-1.701,-0.1772,-0.5680,-0.1824,0.7828
153.373,1,6.475,-0.682,-1.701,-0.1771,-0.5684,-0.1826,0.7825
153.414,1,6.476,-0.682,-1.701,-0.1771,-0.5691,-0.1831,0.7818
153.443,1,6.476,-0.682,-1.701,-0.1772,-0.5691,-0.1840,0.7816
153.484,1,6.476,-0.681,-1.701,-0.1776,-0.5688,-0.1851,0.7815
153.513,1,6.476,-0.681,-1.701,-0.1780,-0.5687,-0.1854,0.7814
153.540,1,6.476,-0.681,-1.701,-0.1783,-0.5685,-0.1857,0.7814
153.582,1,6.476,-0.681,-1.701,-0.1785,-0.5682,-0.1855,0.7816
153.610,1,6.476,-0.681,-1.701,-0.1784,-0.5683,-0.1850,0.7817
153.638,1,6.476,-0.681,-1.700,-0.1780,-0.5685,-0.1844,0.7817
153.679,1,6.476,-0.681,-1.700,-0.1776,-0.5687,-0.1849,0.7816
153.707,1,6.476,-0.681,-1.700,-0.1771,-0.5686,-0.1849,0.7818
153.749,1,6.476,-0.681,-1.700,-0.1769,-0.5685,-0.1848,0.7819
153.777,1,6.476,-0.681,-1.700,-0.1768,-0.5682,-0.1853,0.7821
153.805,1,6.476,-0.681,-1.700,-0.1766,-0.5679,-0.1857,0.7822
153.847,1,6.476,-0.681,-1.700,-0.1769,-0.5677,-0.1858,0.7822
153.875,1,6.476,-0.681,-1.700,-0.1768,-0.5676,-0.1854,0.7824
153.916,1,6.476,-0.681,-1.700,-0.1764,-0.5678,-0.1844,0.7826
153.944,1,6.476,-0.681,-1.700,-0.1765,-0.5679,-0.1844,0.7825
153.972,1,6.476,-0.681,-1.700,-0.1766,-0.5685,-0.1847,0.7820
154.014,1,6.476,-0.681,-1.700,-0.1760,-0.5694,-0.1843,0.7815
154.041,1,6.476,-0.681,-1.700,-0.1761,-0.5694,-0.1842,0.7815
154.084,1,6.476,-0.681,-1.700,-0.1759,-0.5691,-0.1841,0.7819
154.112,1,6.475,-0.681,-1.700,-0.1756,-0.5689,-0.1845,0.7820
154.139,1,6.475,-0.681,-1.700,-0.1754,-0.5687,-0.1847,0.7821
154.180,1,6.475,-0.682,-1.700,-0.1749,-0.5686,-0.1842,0.7824
154.208,1,6.475,-0.682,-1.699,-0.1741,-0.5689,-0.1836,0.7825
154.250,1,6.475,-0.682,-1.699,-0.1727,-0.5697,-0.1828,0.7824
154.278,1,6.475,-0.682,-1.699,-0.1721,-0.5699,-0.1825,0.7824
154.306,1,6.475,-0.682,-1.699,-0.1717,-0.5701,-0.1825,0.7825
154.348,1,6.475,-0.682,-1.699,-0.1713,-0.5703,-0.1833,0.7822
154.376,1,6.475,-0.682,-1.699,-0.1719,-0.5700,-0.1842,0.7821
154.418,1,6.475,-0.682,-1.699,-0.1726,-0.5689,-0.1848,0.7826
154.446,1,6.475,-0.682,-1.699,-0.1724,-0.5685,-0.1845,0.7829
154.473,1,6.475,-0.682,-1.699,-0.1719,-0.5683,-0.1841,0.7833
154.515,1,6.475,-0.682,-1.699,-0.1717,-0.5686,-0.1832,0.7833
154.542,1,6.475,-0.682,-1.699,-0.1716,-0.5692,-0.1827,0.7831
154.584,1,6.475,-0.682,-1.699,-0.1713,-0.5701,-0.1837,0.7822
154.612,1,6.475,-0.682,-1.699,-0.1713,-0.5701,-0.1839,0.7822
154.640,1,6.475,-0.682,-1.699,-0.1713,-0.5701,-0.1837,0.7823
154.681,1,6.475,-0.682,-1.699,-0.1717,-0.5695,-0.1842,0.7825
154.709,1,6.475,-0.682,-1.699,-0.1721,-0.5691,-0.1851,0.7825
154.752,1,6.476,-0.682,-1.699,-0.1732,-0.5687,-0.1859,0.7823
154.779,1,6.476,-0.682,-1.699,-0.1733,-0.5686,-0.1858,0.7824
154.807,1,6.476,-0.682,-1.699,-0.1735,-0.5687,-0.1854,0.7824
154.848,1,6.476,-0.682,-1.699,-0.1734,-0.5689,-0.1853,0.7823
154.877,1,6.476,-0.682,-1.699,-0.1729,-0.5691,-0.1855,0.7822
154.904,1,6.476,-0.682,-1.699,-0.1722,-0.5693,-0.1855,0.7822
154.946,1,6.476,-0.682,-1.698,-0.1719,-0.5691,-0.1855,0.7824
154.974,1,6.476,-0.682,-1.698,-0.1719,-0.5688,-0.1857,0.7826
155.016,1,6.476,-0.682,-1.698,-0.1720,-0.5679,-0.1863,0.7830
155.044,1,6.476,-0.682,-1.698,-0.1721,-0.5675,-0.1862,0.7833
155.071,1,6.476,-0.682,-1.698,-0.1721,-0.5674,-0.1856,0.7836
155.114,1,6.475,-0.682,-1.698,-0.1718,-0.5677,-0.1846,0.7837
155.141,1,6.475,-0.682,-1.698,-0.1711,-0.5682,-0.1843,0.7835
155.183,1,6.475,-0.682,-1.698,-0.1705,-0.5693,-0.1840,0.7829
155.211,1,6.475,-0.682,-1.698,-0.1705,-0.5698,-0.1843,0.7825
155.238,1,6.475,-0.682,-1.698,-0.1709,-0.5696,-0.1849,0.7824
155.280,1,6.475,-0.682,-1.698,-0.1717,-0.5689,-0.1856,0.7826
155.308,1,6.475,-0.682,-1.698,-0.1722,-0.5683,-0.1861,0.7828
155.350,1,6.475,-0.682,-1.698,-0.1723,-0.5677,-0.1855,0.7834
155.378,1,6.475,-0.682,-1.698,-0.1716,-0.5676,-0.1842,0.7839
155.406,1,6.475,-0.682,-1.698,-0.1706,-0.5679,-0.1832,0.7841
155.447,1,6.475,-0.683,-1.698,-0.1694,-0.5685,-0.1828,0.7840
155.475,1,6.475,-0.683,-1.697,-0.1689,-0.5689,-0.1834,0.7837
155.517,1,6.475,-0.682,-1.697,-0.1690,-0.5687,-0.1856,0.7833
155.545,1,6.475,-0.682,-1.697,-0.1694,-0.5679,-0.1859,0.7837
155.572,1,6.475,-0.682,-1.697,-0.1698,-0.5671,-0.1860,0.7842
155.614,1,6.475,-0.682,-1.697,-0.1700,-0.5663,-0.1864,0.7846
155.642,1,6.476,-0.682,-1.697,-0.1700,-0.5662,-0.1863,0.7847
155.684,1,6.476,-0.682,-1.697,-0.1706,-0.5666,-0.1857,0.7845
155.712,1,6.476,-0.682,-1.697,-0.1704,-0.5670,-0.1857,0.7842
155.740,1,6.476,-0.682,-1.697,-0.1701,-0.5675,-0.1854,0.7840
155.781,1,6.476,-0.682,-1.697,-0.1703,-0.5678,-0.1863,0.7835
155.809,1,6.476,-0.682,-1.697,-0.1703,-0.5674,-0.1868,0.7837
155.852,1,6.476,-0.682,-1.697,-0.1710,-0.5670,-0.1868,0.7838
155.879,1,6.476,-0.682,-1.698,-0.1716,-0.5667,-0.1872,0.7838
155.907,1,6.476,-0.682,-1.698,-0.1720,-0.5665,-0.1876,0.7838
155.949,1,6.476,-0.682,-1.697,-0.1720,-0.5664,-0.1872,0.7839
155.976,1,6.476,-0.682,-1.697,-0.1716,-0.5666,-0.1866,0.7840
156.018,1,6.476,-0.682,-1.697,-0.1706,-0.5672,-0.1862,0.7839
156.046,1,6.476,-0.682,-1.697,-0.1703,-0.5674,-0.1863,0.7838
156.074,1,6.476,-0.682,-1.697,-0.1702,-0.5675,-0.1865,0.7837
156.116,1,6.476,-0.682,-1.697,-0.1701,-0.5673,-0.1868,0.7838
156.144,1,6.476,-0.682,-1.697,-0.1704,-0.5669,-0.1873,0.7839
156.172,1,6.476,-0.682,-1.697,-0.1707,-0.5664,-0.1877,0.7841
156.213,1,6.476,-0.682,-1.697,-0.1708,-0.5660,-0.1880,0.7843
156.241,1,6.476,-0.682,-1.697,-0.1708,-0.5661,-0.1878,0.7843
156.283,1,6.476,-0.682,-1.697,-0.1702,-0.5664,-0.1868,0.7845
156.310,1,6.476,-0.682,-1.696,-0.1697,-0.5665,-0.1859,0.7847
156.351,1,6.475,-0.682,-1.696,-0.1691,-0.5666,-0.1853,0.7849
156.379,1,6.475,-0.682,-1.696,-0.1692,-0.5667,-0.1853,0.7848
156.407,1,6.475,-0.682,-1.696,-0.1695,-0.5665,-0.1860,0.7847
156.449,1,6.475,-0.682,-1.696,-0.1702,-0.5657,-0.1877,0.7847
156.477,1,6.476,-0.682,-1.696,-0.1705,-0.5652,-0.1877,0.7850
156.505,1,6.476,-0.681,-1.696,-0.1712,-0.5647,-0.1880,0.7852
156.547,1,6.475,-0.682,-1.695,-0.1709,-0.5643,-0.1871,0.7857
156.574,1,6.475,-0.682,-1.695,-0.1703,-0.5645,-0.1861,0.7859
156.616,1,6.475,-0.682,-1.695,-0.1690,-0.5650,-0.1850,0.7861
156.644,1,6.475,-0.682,-1.695,-0.1686,-0.5653,-0.1850,0.7860
156.671,1,6.475,-0.682,-1.695,-0.1687,-0.5655,-0.1856,0.7857
156.713,1,6.476,-0.682,-1.695,-0.1694,-0.5650,-0.1875,0.7854
156.741,1,6.476,-0.682,-1.695,-0.1695,-0.5644,-0.1883,0.7857
156.783,1,6.476,-0.682,-1.695,-0.1701,-0.5632,-0.1883,0.7864
156.811,1,6.476,-0.682,-1.695,-0.1703,-0.5629,-0.1878,0.7867
156.839,1,6.476,-0.682,-1.695,-0.1700,-0.5628,-0.1874,0.7869
156.880,1,6.476,-0.682,-1.695,-0.1694,-0.5636,-0.1862,0.7867
156.908,1,6.476,-0.682,-1.695,-0.1688,-0.5644,-0.1858,0.7864
156.950,1,6.476,-0.682,-1.695,-0.1680,-0.5652,-0.1861,0.7859
156.978,1,6.475,-0.682,-1.695,-0.1681,-0.5653,-0.1863,0.7858
157.006,1,6.476,-0.682,-1.695,-0.1681,-0.5653,-0.1865,0.7858
157.047,1,6.476,-0.682,-1.695,-0.1685,-0.5644,-0.1876,0.7860
157.075,1,6.476,-0.682,-1.695,-0.1692,-0.5638,-0.1878,0.7862
157.117,1,6.476,-0.682,-1.695,-0.1694,-0.5632,-0.1881,0.7866
157.145,1,6.476,-0.682,-1.695,-0.1694,-0.5629,-0.1882,0.7868
157.173,1,6.476,-0.682,-1.695,-0.1694,-0.5629,-0.1881,0.7868
157.215,1,6.476,-0.682,-1.695,-0.1686,-0.5635,-0.1877,0.7866
157.243,1,6.476,-0.682,-1.695,-0.1679,-0.5640,-0.1876,0.7864
157.285,1,6.476,-0.682,-1.695,-0.1674,-0.5644,-0.1877,0.7862
157.313,1,6.476,-0.682,-1.695,-0.1674,-0.5644,-0.1881,0.7861
157.340,1,6.476,-0.682,-1.695,-0.1677,-0.5640,-0.1892,0.7861
157.382,1,6.476,-0.682,-1.695,-0.1681,-0.5631,-0.1896,0.7866
157.410,1,6.476,-0.682,-1.695,-0.1687,-0.5627,-0.1897,0.7868
157.439,1,6.476,-0.682,-1.695,-0.1690,-0.5626,-0.1902,0.7866
157.480,1,6.475,-0.682,-1.695,-0.1688,-0.5628,-0.1903,0.7865
157.508,1,6.475,-0.682,-1.695,-0.1685,-0.5631,-0.1895,0.7865
157.549,1,6.475,-0.682,-1.694,-0.1676,-0.5638,-0.1885,0.7865
157.577,1,6.475,-0.683,-1.694,-0.1669,-0.5641,-0.1880,0.7865
157.605,1,6.475,-0.683,-1.694,-0.1666,-0.5642,-0.1885,0.7864
157.647,1,6.476,-0.682,-1.694,-0.1664,-0.5638,-0.1898,0.7864
157.675,1,6.476,-0.682,-1.694,-0.1670,-0.5634,-0.1909,0.7863
157.716,1,6.476,-0.682,-1.693,-0.1676,-0.5624,-0.1926,0.7865
157.745,1,6.476,-0.682,-1.693,-0.1676,-0.5616,-0.1936,0.7868
157.772,1,6.476,-0.682,-1.693,-0.1679,-0.5609,-0.1940,0.7871
157.814,1,6.477,-0.682,-1.693,-0.1681,-0.5601,-0.1944,0.7876
157.842,1,6.477,-0.682,-1.693,-0.1681,-0.5600,-0.1943,0.7877
157.883,1,6.477,-0.682,-1.693,-0.1682,-0.5601,-0.1946,0.7874
157.911,1,6.478,-0.682,-1.693,-0.1684,-0.5604,-0.1951,0.7871
157.939,1,6.478,-0.682,-1.693,-0.1685,-0.5606,-0.1959,0.7867
157.981,1,6.478,-0.682,-1.694,-0.1691,-0.5606,-0.1971,0.7863
158.009,1,6.479,-0.681,-1.694,-0.1696,-0.5606,-0.1980,0.7860
158.051,1,6.479,-0.681,-1.694,-0.1704,-0.5601,-0.1994,0.7858
158.078,1,6.479,-0.681,-1.694,-0.1709,-0.5598,-0.2000,0.7858
158.106,1,6.479,-0.681,-1.694,-0.1711,-0.5596,-0.2001,0.7858
158.148,1,6.479,-0.681,-1.694,-0.1712,-0.5597,-0.2003,0.7857
158.176,1,6.479,-0.681,-1.694,-0.1712,-0.5598,-0.1999,0.7857
158.218,1,6.479,-0.681,-1.694,-0.1710,-0.5602,-0.2000,0.7855
158.246,1,6.479,-0.681,-1.694,-0.1708,-0.5604,-0.2003,0.7853
158.273,1,6.479,-0.681,-1.694,-0.1705,-0.5606,-0.2000,0.7852
158.316,1,6.479,-0.681,-1.694,-0.1706,-0.5607,-0.2003,0.7851
158.343,1,6.479,-0.681,-1.694,-0.1703,-0.5604,-0.2012,0.7852
158.385,1,6.479,-0.681,-1.694,-0.1707,-0.5600,-0.2015,0.7853
158.413,1,6.479,-0.681,-1.694,-0.1706,-0.5596,-0.2014,0.7856
158.440,1,6.479,-0.681,-1.693,-0.1704,-0.5593,-0.2007,0.7860
158.482,1,6.479,-0.681,-1.693,-0.1703,-0.5593,-0.2005,0.7861
158.510,1,6.479,-0.681,-1.693,-0.1699,-0.5595,-0.2010,0.7860
158.539,1,6.479,-0.681,-1.693,-0.1698,-0.5597,-0.2012,0.7858
158.579,1,6.479,-0.681,-1.693,-0.1702,-0.5597,-0.2018,0.7856
158.607,1,6.479,-0.681,-1.693,-0.1702,-0.5595,-0.2025,0.7855
158.650,1,6.479,-0.681,-1.693,-0.1703,-0.5593,-0.2020,0.7857
158.677,1,6.479,-0.681,-1.693,-0.1701,-0.5592,-0.2015,0.7860
158.705,1,6.479,-0.681,-1.693,-0.1698,-0.5590,-0.2007,0.7864
158.747,1,6.479,-0.681,-1.693,-0.1689,-0.5592,-0.1995,0.7868
158.775,1,6.479,-0.681,-1.693,-0.1683,-0.5594,-0.1996,0.7867
158.816,1,6.479,-0.681,-1.693,-0.1682,-0.5594,-0.2007,0.7864
158.844,1,6.479,-0.681,-1.693,-0.1685,-0.5592,-0.2015,0.7863
158.872,1,6.479,-0.681,-1.693,-0.1688,-0.5589,-0.2024,0.7863
158.914,1,6.479,-0.681,-1.693,-0.1692,-0.5582,-0.2029,0.7866
158.942,1,6.479,-0.681,-1.693,-0.1697,-0.5579,-0.2027,0.7867
158.984,1,6.479,-0.681,-1.693,-0.1701,-0.5579,-0.2024,0.7867
159.011,1,6.479,-0.681,-1.693,-0.1700,-0.5580,-0.2023,0.7867
159.039,1,6.479,-0.681,-1.693,-0.1699,-0.5582,-0.2021,0.7866
159.081,1,6.479,-0.681,-1.693,-0.1695,-0.5586,-0.2021,0.7864
159.110,1,6.480,-0.681,-1.693,-0.1693,-0.5588,-0.2019,0.7863
159.150,1,6.480,-0.681,-1.692,-0.1692,-0.5586,-0.2029,0.7862
159.178,1,6.480,-0.681,-1.692,-0.1693,-0.5582,-0.2035,0.7863
159.207,1,6.480,-0.681,-1.692,-0.1698,-0.5577,-0.2040,0.7864
159.248,1,6.480,-0.681,-1.692,-0.1700,-0.5567,-0.2045,0.7870
159.276,1,6.480,-0.681,-1.692,-0.1700,-0.5562,-0.2043,0.7874
159.317,1,6.480,-0.681,-1.692,-0.1702,-0.5558,-0.2048,0.7875
159.345,1,6.480,-0.681,-1.692,-0.1698,-0.5558,-0.2050,0.7876
159.373,1,6.480,-0.681,-1.692,-0.1696,-0.5559,-0.2049,0.7876
159.415,1,6.481,-0.681,-1.692,-0.1700,-0.5560,-0.2050,0.7873
159.443,1,6.481,-0.681,-1.692,-0.1702,-0.5561,-0.2055,0.7871
159.484,1,6.481,-0.681,-1.692,-0.1706,-0.5561,-0.2059,0.7869
159.513,1,6.481,-0.680,-1.692,-0.1712,-0.5561,-0.2058,0.7868
159.540,1,6.481,-0.681,-1.692,-0.1712,-0.5563,-0.2057,0.7867
159.582,1,6.481,-0.681,-1.692,-0.1708,-0.5569,-0.2061,0.7863
159.610,1,6.481,-0.681,-1.692,-0.1701,-0.5573,-0.2065,0.7860
159.652,1,6.480,-0.681,-1.692,-0.1695,-0.5574,-0.2067,0.7860
159.680,1,6.480,-0.681,-1.692,-0.1695,-0.5574,-0.2070,0.7860
159.707,1,6.480,-0.681,-1.692,-0.1696,-0.5573,-0.2069,0.7860
159.749,1,6.480,-0.681,-1.692,-0.1697,-0.5573,-0.2067,0.7861
159.777,1,6.479,-0.681,-1.692,-0.1696,-0.5575,-0.2065,0.7860
159.805,1,6.479,-0.681,-1.692,-0.1700,-0.5575,-0.2064,0.7859
159.847,1,6.479,-0.681,-1.692,-0.1695,-0.5577,-0.2050,0.7863
159.874,1,6.479,-0.681,-1.692,-0.1686,-0.5580,-0.2046,0.7863
159.916,1,6.478,-0.681,-1.691,-0.1674,-0.5583,-0.2046,0.7864
159.944,1,6.478,-0.681,-1.691,-0.1673,-0.5584,-0.2049,0.7863
159.972,1,6.478,-0.681,-1.691,-0.1671,-0.5584,-0.2061,0.7860
160.014,1,6.478,-0.681,-1.691,-0.1678,-0.5584,-0.2074,0.7855
160.041,1,6.478,-0.681,-1.691,-0.1679,-0.5586,-0.2077,0.7852
160.084,1,6.478,-0.681,-1.691,-0.1668,-0.5592,-0.2077,0.7851
160.111,1,6.478,-0.681,-1.691,-0.1667,-0.5595,-0.2066,0.7851
160.139,1,6.478,-0.681,-1.691,-0.1664,-0.5600,-0.2059,0.7851
160.181,1,6.478,-0.681,-1.691,-0.1652,-0.5602,-0.2059,0.7852
160.209,1,6.478,-0.681,-1.691,-0.1654,-0.5602,-0.2061,0.7850
160.251,1,6.478,-0.681,-1.691,-0.1662,-0.5601,-0.2076,0.7846
160.278,1,6.478,-0.681,-1.691,-0.1661,-0.5596,-0.2087,0.7847
160.306,1,6.478,-0.681,-1.691,-0.1659,-0.5591,-0.2081,0.7852
160.348,1,6.478,-0.681,-1.691,-0.1660,-0.5586,-0.2075,0.7857
160.376,1,6.478,-0.681,-1.691,-0.1666,-0.5582,-0.2072,0.7859
160.418,1,6.478,-0.681,-1.691,-0.1667,-0.5582,-0.2070,0.7860
160.445,1,6.478,-0.681,-1.691,-0.1667,-0.5582,-0.2072,0.7859
160.473,1,6.478,-0.681,-1.691,-0.1666,-0.5584,-0.2075,0.7857
160.515,1,6.478,-0.681,-1.691,-0.1658,-0.5588,-0.2078,0.7855
160.543,1,6.478,-0.681,-1.691,-0.1658,-0.5588,-0.2080,0.7854
160.585,1,6.478,-0.681,-1.691,-0.1661,-0.5587,-0.2082,0.7855
160.612,1,6.478,-0.681,-1.691,-0.1666,-0.5583,-0.2085,0.7855
160.640,1,6.478,-0.681,-1.691,-0.1675,-0.5580,-0.2088,0.7855
160.682,1,6.478,-0.681,-1.691,-0.1670,-0.5577,-0.2088,0.7858
160.710,1,6.478,-0.681,-1.691,-0.1669,-0.5575,-0.2090,0.7859
160.752,1,6.478,-0.681,-1.691,-0.1660,-0.5580,-0.2073,0.7862
160.780,1,6.478,-0.681,-1.691,-0.1660,-0.5586,-0.2076,0.7857
160.807,1,6.478,-0.681,-1.691,-0.1650,-0.5588,-0.2078,0.7857
160.849,1,6.478,-0.681,-1.691,-0.1652,-0.5588,-0.2081,0.7856
160.878,1,6.478,-0.681,-1.691,-0.1657,-0.5585,-0.2084,0.7856
160.919,1,6.478,-0.681,-1.691,-0.1662,-0.5576,-0.2088,0.7861
160.946,1,6.478,-0.681,-1.691,-0.1668,-0.5573,-0.2089,0.7861
160.974,1,6.478,-0.681,-1.691,-0.1668,-0.5571,-0.2092,0.7862
161.015,1,6.478,-0.681,-1.691,-0.1665,-0.5570,-0.2096,0.7862
161.044,1,6.478,-0.681,-1.691,-0.1666,-0.5572,-0.2093,0.7861
161.085,1,6.478,-0.681,-1.691,-0.1665,-0.5575,-0.2090,0.7860
161.114,1,6.478,-0.681,-1.691,-0.1665,-0.5577,-0.2090,0.7858
161.141,1,6.478,-0.681,-1.691,-0.1665,-0.5579,-0.2091,0.7856
161.183,1,6.478,-0.681,-1.691,-0.1666,-0.5579,-0.2086,0.7858
161.211,1,6.478,-0.681,-1.691,-0.1660,-0.5578,-0.2082,0.7861
161.239,1,6.478,-0.681,-1.691,-0.1652,-0.5578,-0.2086,0.7862
161.280,1,6.478,-0.681,-1.691,-0.1654,-0.5577,-0.2085,0.7862
161.308,1,6.478,-0.681,-1.691,-0.1661,-0.5575,-0.2095,0.7859
161.350,1,6.478,-0.681,-1.690,-0.1666,-0.5573,-0.2112,0.7855
161.378,1,6.478,-0.681,-1.690,-0.1671,-0.5568,-0.2115,0.7857
161.420,1,6.478,-0.681,-1.690,-0.1676,-0.5561,-0.2111,0.7862
161.447,1,6.478,-0.681,-1.690,-0.1671,-0.5561,-0.2105,0.7865
161.475,1,6.478,-0.681,-1.690,-0.1669,-0.5561,-0.2100,0.7867
161.517,1,6.478,-0.681,-1.689,-0.1663,-0.5560,-0.2101,0.7868
161.545,1,6.478,-0.681,-1.689,-0.1664,-0.5557,-0.2109,0.7868
161.573,1,6.478,-0.681,-1.689,-0.1662,-0.5549,-0.2110,0.7873
161.614,1,6.479,-0.681,-1.689,-0.1666,-0.5539,-0.2119,0.7877
161.642,1,6.479,-0.680,-1.689,-0.1667,-0.5534,-0.2128,0.7878
161.684,1,6.479,-0.681,-1.689,-0.1664,-0.5529,-0.2127,0.7883
161.712,1,6.479,-0.681,-1.689,-0.1661,-0.5528,-0.2121,0.7886
161.740,1,6.479,-0.681,-1.689,-0.1662,-0.5530,-0.2116,0.7886
161.782,1,6.479,-0.681,-1.689,-0.1664,-0.5537,-0.2112,0.7881
161.810,1,6.479,-0.681,-1.689,-0.1662,-0.5541,-0.2120,0.7877
161.851,1,6.479,-0.681,-1.689,-0.1660,-0.5542,-0.2123,0.7875
161.879,1,6.479,-0.681,-1.689,-0.1663,-0.5540,-0.2127,0.7875
161.907,1,6.479,-0.680,-1.689,-0.1673,-0.5533,-0.2133,0.7876
161.949,1,6.479,-0.680,-1.689,-0.1679,-0.5524,-0.2142,0.7879
161.976,1,6.479,-0.680,-1.689,-0.1685,-0.5521,-0.2137,0.7881
162.018,1,6.479,-0.680,-1.689,-0.1690,-0.5522,-0.2133,0.7880
162.046,1,6.479,-0.680,-1.689,-0.1687,-0.5523,-0.2131,0.7881
162.074,1,6.479,-0.681,-1.689,-0.1682,-0.5526,-0.2127,0.7881
162.116,1,6.479,-0.681,-1.689,-0.1676,-0.5533,-0.2127,0.7878
162.144,1,6.479,-0.681,-1.689,-0.1662,-0.5539,-0.2125,0.7876
162.185,1,6.479,-0.681,-1.689,-0.1666,-0.5545,-0.2127,0.7871
162.213,1,6.479,-0.681,-1.689,-0.1668,-0.5541,-0.2128,0.7873
162.241,1,6.479,-0.681,-1.689,-0.1674,-0.5535,-0.2131,0.7875
162.283,1,6.479,-0.681,-1.689,-0.1671,-0.5529,-0.2127,0.7881
162.311,1,6.479,-0.681,-1.689,-0.1678,-0.5525,-0.2127,0.7882
162.339,1,6.479,-0.681,-1.689,-0.1676,-0.5523,-0.2129,0.7884
162.380,1,6.479,-0.681,-1.689,-0.1673,-0.5525,-0.2127,0.7883
162.408,1,6.479,-0.681,-1.689,-0.1677,-0.5526,-0.2138,0.7879
162.450,1,6.479,-0.680,-1.689,-0.1687,-0.5526,-0.2142,0.7876
162.478,1,6.479,-0.680,-1.689,-0.1686,-0.5529,-0.2137,0.7875
162.520,1,6.479,-0.680,-1.689,-0.1682,-0.5534,-0.2122,0.7877
162.548,1,6.479,-0.681,-1.689,-0.1679,-0.5538,-0.2123,0.7874
162.575,1,6.479,-0.681,-1.689,-0.1681,-0.5540,-0.2130,0.7871
162.617,1,6.479,-0.681,-1.689,-0.1667,-0.5536,-0.2135,0.7875
162.645,1,6.480,-0.681,-1.688,-0.1667,-0.5530,-0.2137,0.7879
162.673,1,6.480,-0.680,-1.688,-0.1673,-0.5523,-0.2148,0.7879
162.715,1,6.480,-0.680,-1.688,-0.1680,-0.5510,-0.2165,0.7882
162.742,1,6.480,-0.680,-1.688,-0.1682,-0.5503,-0.2167,0.7886
162.784,1,6.480,-0.680,-1.688,-0.1682,-0.5501,-0.2159,0.7890
162.812,1,6.480,-0.680,-1.688,-0.1681,-0.5505,-0.2153,0.7889
162.840,1,6.480,-0.681,-1.688,-0.1677,-0.5513,-0.2148,0.7886
162.882,1,6.480,-0.681,-1.689,-0.1673,-0.5525,-0.2146,0.7879
162.911,1,6.480,-0.681,-1.689,-0.1673,-0.5530,-0.2151,0.7874
162.951,1,6.480,-0.680,-1.689,-0.1677,-0.5531,-0.2155,0.7871
162.979,1,6.480,-0.680,-1.688,-0.1680,-0.5527,-0.2161,0.7872
163.007,1,6.480,-0.680,-1.688,-0.1670,-0.5519,-0.2157,0.7880
163.049,1,6.480,-0.680,-1.688,-0.1679,-0.5508,-0.2160,0.7885
163.076,1,6.480,-0.680,-1.688,-0.1680,-0.5505,-0.2162,0.7886
163.119,1,6.480,-0.680,-1.688,-0.1680,-0.5507,-0.2157,0.7887
163.146,1,6.480,-0.680,-1.688,-0.1677,-0.5510,-0.2149,0.7887
163.174,1,6.479,-0.681,-1.688,-0.1673,-0.5516,-0.2133,0.7888
163.216,1,6.478,-0.681,-1.689,-0.1670,-0.5543,-0.2092,0.7881
163.243,1,6.477,-0.681,-1.690,-0.1674,-0.5560,-0.2073,0.7873
163.286,1,6.475,-0.682,-1.691,-0.1664,-0.5584,-0.2044,0.7866
163.313,1,6.475,-0.682,-1.692,-0.1650,-0.5600,-0.2021,0.7864
163.342,1,6.474,-0.682,-1.692,-0.1653,-0.5612,-0.2012,0.7856
163.383,1,6.473,-0.682,-1.693,-0.1647,-0.5626,-0.1986,0.7854
163.411,1,6.472,-0.682,-1.693,-0.1642,-0.5636,-0.1961,0.7855
163.439,1,6.472,-0.683,-1.693,-0.1637,-0.5643,-0.1949,0.7853
163.480,1,6.471,-0.683,-1.694,-0.1616,-0.5652,-0.1935,0.7855
163.508,1,6.471,-0.684,-1.694,-0.1599,-0.5657,-0.1925,0.7857
163.550,1,6.471,-0.684,-1.694,-0.1602,-0.5656,-0.1931,0.7856
163.578,1,6.471,-0.684,-1.694,-0.1603,-0.5654,-0.1936,0.7856
163.620,1,6.471,-0.683,-1.694,-0.1613,-0.5652,-0.1946,0.7853
163.647,1,6.471,-0.683,-1.694,-0.1618,-0.5649,-0.1952,0.7852
163.675,1,6.471,-0.683,-1.694,-0.1624,-0.5646,-0.1953,0.7853
163.717,1,6.472,-0.683,-1.694,-0.1636,-0.5649,-0.1950,0.7849
163.745,1,6.472,-0.683,-1.694,-0.1640,-0.5654,-0.1950,0.7845
163.773,1,6.472,-0.683,-1.694,-0.1644,-0.5657,-0.1956,0.7840
163.815,1,6.472,-0.683,-1.694,-0.1636,-0.5664,-0.1957,0.7836
163.843,1,6.472,-0.683,-1.694,-0.1631,-0.5668,-0.1958,0.7835
163.885,1,6.472,-0.683,-1.694,-0.1622,-0.5667,-0.1966,0.7835
163.912,1,6.472,-0.683,-1.694,-0.1612,-0.5664,-0.1968,0.7838
163.940,1,6.472,-0.683,-1.694,-0.1622,-0.5659,-0.1975,0.7839
163.981,1,6.473,-0.683,-1.694,-0.1621,-0.5650,-0.1985,0.7843
164.009,1,6.473,-0.683,-1.694,-0.1620,-0.5645,-0.1981,0.7848
164.051,1,6.473,-0.683,-1.694,-0.1631,-0.5640,-0.1985,0.7848
164.079,1,6.473,-0.683,-1.694,-0.1636,-0.5641,-0.1979,0.7847
164.107,1,6.473,-0.682,-1.695,-0.1647,-0.5646,-0.1977,0.7843
164.149,1,6.473,-0.682,-1.695,-0.1655,-0.5657,-0.1976,0.7833
164.176,1,6.474,-0.682,-1.695,-0.1654,-0.5666,-0.1979,0.7826
164.218,1,6.474,-0.682,-1.695,-0.1658,-0.5673,-0.1990,0.7817
164.246,1,6.474,-0.682,-1.695,-0.1659,-0.5670,-0.2007,0.7815
164.274,1,6.475,-0.682,-1.695,-0.1670,-0.5666,-0.2019,0.7812
164.316,1,6.475,-0.681,-1.694,-0.1678,-0.5657,-0.2032,0.7814
164.347,1,6.475,-0.681,-1.694,-0.1679,-0.5650,-0.2029,0.7819
164.375,1,6.475,-0.682,-1.694,-0.1675,-0.5646,-0.2030,0.7823
164.417,1,6.476,-0.682,-1.694,-0.1658,-0.5641,-0.2032,0.7830
164.445,1,6.476,-0.682,-1.693,-0.1655,-0.5636,-0.2030,0.7834
164.491,1,6.476,-0.682,-1.693,-0.1655,-0.5632,-0.2034,0.7837
164.513,1,6.476,-0.682,-1.693,-0.1659,-0.5631,-0.2041,0.7834
164.552,1,6.476,-0.681,-1.693,-0.1668,-0.5624,-0.2066,0.7831
164.580,1,6.476,-0.681,-1.692,-0.1671,-0.5621,-0.2067,0.7832
164.608,1,6.476,-0.681,-1.692,-0.1668,-0.5617,-0.2070,0.7835
164.649,1,6.476,-0.681,-1.692,-0.1663,-0.5613,-0.2071,0.7838
164.677,1,6.476,-0.681,-1.691,-0.1657,-0.5611,-0.2071,0.7841
164.719,1,6.476,-0.682,-1.691,-0.1648,-0.5608,-0.2072,0.7845
164.746,1,6.476,-0.682,-1.691,-0.1642,-0.5605,-0.2075,0.7848
164.774,1,6.477,-0.682,-1.690,-0.1636,-0.5600,-0.2080,0.7851
164.816,1,6.477,-0.682,-1.690,-0.1631,-0.5589,-0.2086,0.7858
164.844,1,6.477,-0.682,-1.689,-0.1626,-0.5582,-0.2091,0.7863
164.886,1,6.477,-0.682,-1.689,-0.1627,-0.5570,-0.2105,0.7867
164.914,1,6.477,-0.682,-1.689,-0.1628,-0.5565,-0.2109,0.7870
164.942,1,6.477,-0.682,-1.689,-0.1630,-0.5562,-0.2107,0.7872
164.984,1,6.477,-0.682,-1.689,-0.1622,-0.5562,-0.2109,0.7873
165.011,1,6.477,-0.682,-1.689,-0.1613,-0.5564,-0.2106,0.7874
165.053,1,6.477,-0.682,-1.688,-0.1597,-0.5571,-0.2103,0.7874
165.081,1,6.477,-0.682,-1.689,-0.1593,-0.5573,-0.2105,0.7873
165.109,1,6.477,-0.682,-1.689,-0.1593,-0.5572,-0.2110,0.7872
165.150,1,6.477,-0.682,-1.688,-0.1601,-0.5563,-0.2123,0.7873
165.178,1,6.477,-0.682,-1.688,-0.1606,-0.5555,-0.2130,0.7876
165.206,1,6.477,-0.682,-1.689,-0.1610,-0.5550,-0.2125,0.7880
165.248,1,6.478,-0.682,-1.689,-0.1616,-0.5547,-0.2116,0.7883
165.276,1,6.478,-0.682,-1.689,-0.1616,-0.5549,-0.2121,0.7880
165.317,1,6.478,-0.682,-1.689,-0.1613,-0.5559,-0.2125,0.7873
165.347,1,6.478,-0.682,-1.688,-0.1613,-0.5563,-0.2128,0.7869
165.374,1,6.478,-0.682,-1.688,-0.1611,-0.5563,-0.2130,0.7869
165.416,1,6.478,-0.682,-1.688,-0.1611,-0.5558,-0.2137,0.7871
165.443,1,6.478,-0.682,-1.688,-0.1611,-0.5550,-0.2146,0.7874
165.484,1,6.478,-0.681,-1.687,-0.1611,-0.5537,-0.2153,0.7881
165.512,1,6.479,-0.681,-1.687,-0.1617,-0.5527,-0.2159,0.7885
165.540,1,6.479,-0.681,-1.687,-0.1620,-0.5519,-0.2164,0.7889
165.582,1,6.479,-0.681,-1.687,-0.1620,-0.5510,-0.2173,0.7892
165.610,1,6.479,-0.681,-1.687,-0.1622,-0.5507,-0.2174,0.7894
165.652,1,6.479,-0.681,-1.687,-0.1630,-0.5507,-0.2174,0.7893
165.679,1,6.479,-0.681,-1.687,-0.1630,-0.5511,-0.2176,0.7889
165.707,1,6.479,-0.681,-1.687,-0.1631,-0.5516,-0.2175,0.7886
165.749,1,6.479,-0.681,-1.687,-0.1630,-0.5521,-0.2174,0.7882
165.777,1,6.480,-0.681,-1.687,-0.1628,-0.5522,-0.2184,0.7880
165.819,1,6.480,-0.681,-1.687,-0.1634,-0.5517,-0.2197,0.7878
165.847,1,6.480,-0.681,-1.687,-0.1640,-0.5513,-0.2201,0.7879
165.875,1,6.480,-0.680,-1.687,-0.1645,-0.5507,-0.2206,0.7880
165.917,1,6.480,-0.680,-1.686,-0.1651,-0.5499,-0.2206,0.7885
165.944,1,6.480,-0.681,-1.686,-0.1647,-0.5498,-0.2196,0.7889
165.986,1,6.479,-0.681,-1.686,-0.1630,-0.5502,-0.2183,0.7893
166.014,1,6.479,-0.681,-1.686,-0.1621,-0.5507,-0.2180,0.7893
166.042,1,6.479,-0.681,-1.686,-0.1615,-0.5512,-0.2178,0.7891
166.084,1,6.479,-0.681,-1.686,-0.1611,-0.5511,-0.2194,0.7888
166.112,1,6.479,-0.681,-1.686,-0.1613,-0.5505,-0.2193,0.7892
166.153,1,6.479,-0.681,-1.686,-0.1612,-0.5496,-0.2189,0.7900
166.181,1,6.479,-0.681,-1.686,-0.1611,-0.5490,-0.2191,0.7903
166.210,1,6.479,-0.682,-1.686,-0.1612,-0.5490,-0.2189,0.7904
166.251,1,6.479,-0.682,-1.686,-0.1613,-0.5493,-0.2186,0.7903
166.279,1,6.479,-0.682,-1.686,-0.1607,-0.5497,-0.2185,0.7901
166.320,1,6.479,-0.682,-1.686,-0.1606,-0.5501,-0.2185,0.7898
166.348,1,6.479,-0.681,-1.686,-0.1608,-0.5502,-0.2190,0.7896
166.376,1,6.480,-0.681,-1.686,-0.1603,-0.5497,-0.2198,0.7898
166.418,1,6.480,-0.681,-1.686,-0.1612,-0.5489,-0.2197,0.7902
166.446,1,6.480,-0.681,-1.685,-0.1618,-0.5485,-0.2201,0.7902
166.474,1,6.480,-0.681,-1.685,-0.1621,-0.5483,-0.2209,0.7901
166.516,1,6.480,-0.681,-1.685,-0.1624,-0.5483,-0.2209,0.7901
166.543,1,6.481,-0.681,-1.685,-0.1625,-0.5482,-0.2212,0.7900
166.585,1,6.481,-0.681,-1.686,-0.1626,-0.5484,-0.2217,0.7897
166.612,1,6.481,-0.681,-1.686,-0.1626,-0.5486,-0.2219,0.7895
166.641,1,6.481,-0.681,-1.686,-0.1628,-0.5488,-0.2224,0.7892
166.682,1,6.481,-0.681,-1.685,-0.1633,-0.5485,-0.2228,0.7892
166.710,1,6.481,-0.681,-1.685,-0.1636,-0.5483,-0.2230,0.7893
166.752,1,6.481,-0.681,-1.685,-0.1635,-0.5477,-0.2230,0.7897
166.780,1,6.481,-0.681,-1.685,-0.1634,-0.5476,-0.2229,0.7898
166.808,1,6.481,-0.681,-1.685,-0.1631,-0.5476,-0.2228,0.7899
166.849,1,6.481,-0.681,-1.685,-0.1623,-0.5481,-0.2224,0.7898
166.877,1,6.481,-0.681,-1.685,-0.1622,-0.5482,-0.2226,0.7897
166.919,1,6.481,-0.681,-1.685,-0.1631,-0.5483,-0.2227,0.7894
166.947,1,6.481,-0.680,-1.685,-0.1634,-0.5483,-0.2225,0.7894
166.975,1,6.481,-0.680,-1.685,-0.1643,-0.5479,-0.2232,0.7893
167.018,1,6.481,-0.679,-1.686,-0.1674,-0.5476,-0.2248,0.7884
167.045,1,6.481,-0.679,-1.686,-0.1696,-0.5482,-0.2245,0.7876
167.086,1,6.481,-0.678,-1.686,-0.1747,-0.5491,-0.2258,0.7855
167.114,1,6.481,-0.677,-1.686,-0.1775,-0.5494,-0.2286,0.7838
167.142,1,6.481,-0.677,-1.686,-0.1783,-0.5495,-0.2312,0.7828
167.183,1,6.482,-0.677,-1.686,-0.1785,-0.5470,-0.2337,0.7838
167.211,1,6.483,-0.677,-1.685,-0.1776,-0.5439,-0.2350,0.7857
167.253,1,6.483,-0.678,-1.684,-0.1763,-0.5405,-0.2353,0.7883
167.281,1,6.483,-0.678,-1.683,-0.1767,-0.5390,-0.2353,0.7892
167.309,1,6.483,-0.678,-1.683,-0.1755,-0.5378,-0.2355,0.7902
167.350,1,6.483,-0.678,-1.682,-0.1742,-0.5366,-0.2354,0.7914
167.378,1,6.483,-0.678,-1.682,-0.1732,-0.5365,-0.2347,0.7919
167.420,1,6.483,-0.678,-1.681,-0.1737,-0.5352,-0.2358,0.7923
167.448,1,6.483,-0.678,-1.681,-0.1758,-0.5334,-0.2369,0.7928
167.476,1,6.483,-0.678,-1.681,-0.1757,-0.5322,-0.2367,0.7937
167.518,1,6.483,-0.678,-1.680,-0.1746,-0.5321,-0.2369,0.7939
167.545,1,6.483,-0.678,-1.680,-0.1726,-0.5325,-0.2369,0.7941
167.587,1,6.483,-0.679,-1.680,-0.1701,-0.5332,-0.2364,0.7942
167.615,1,6.483,-0.680,-1.680,-0.1681,-0.5337,-0.2356,0.7946
167.643,1,6.483,-0.680,-1.680,-0.1664,-0.5339,-0.2358,0.7947
167.685,1,6.483,-0.680,-1.680,-0.1647,-0.5348,-0.2343,0.7950
167.713,1,6.483,-0.680,-1.679,-0.1636,-0.5354,-0.2329,0.7952
167.741,1,6.483,-0.681,-1.677,-0.1587,-0.5353,-0.2335,0.7961
167.783,1,6.483,-0.682,-1.675,-0.1494,-0.5332,-0.2377,0.7980
167.810,1,6.483,-0.683,-1.674,-0.1448,-0.5319,-0.2387,0.7995
167.852,1,6.483,-0.683,-1.672,-0.1395,-0.5302,-0.2389,0.8015
167.879,1,6.483,-0.683,-1.671,-0.1379,-0.5289,-0.2391,0.8025
167.907,1,6.482,-0.684,-1.671,-0.1373,-0.5284,-0.2387,0.8031
167.949,1,6.481,-0.684,-1.670,-0.1340,-0.5303,-0.2353,0.8034
167.977,1,6.480,-0.683,-1.670,-0.1353,-0.5322,-0.2366,0.8015
168.018,1,6.479,-0.683,-1.670,-0.1365,-0.5352,-0.2380,0.7990
168.047,1,6.478,-0.683,-1.669,-0.1344,-0.5371,-0.2371,0.7983
168.088,1,6.477,-0.684,-1.669,-0.1312,-0.5391,-0.2366,0.7976
168.117,1,6.477,-0.685,-1.669,-0.1260,-0.5407,-0.2339,0.7982
168.144,1,6.476,-0.685,-1.669,-0.1234,-0.5424,-0.2307,0.7983
168.186,1,6.476,-0.686,-1.669,-0.1205,-0.5441,-0.2263,0.7989
168.213,1,6.475,-0.687,-1.669,-0.1182,-0.5443,-0.2250,0.7994
168.242,1,6.475,-0.687,-1.669,-0.1180,-0.5445,-0.2256,0.7992
168.283,1,6.475,-0.688,-1.670,-0.1158,-0.5461,-0.2246,0.7987
168.313,1,6.475,-0.688,-1.670,-0.1156,-0.5469,-0.2249,0.7981
168.352,1,6.475,-0.687,-1.670,-0.1176,-0.5475,-0.2269,0.7968
168.380,1,6.475,-0.686,-1.671,-0.1202,-0.5485,-0.2288,0.7952
168.408,1,6.476,-0.685,-1.671,-0.1232,-0.5499,-0.2317,0.7929
168.449,1,6.476,-0.684,-1.672,-0.1266,-0.5521,-0.2361,0.7895
168.477,1,6.476,-0.684,-1.672,-0.1274,-0.5538,-0.2370,0.7880
168.519,1,6.476,-0.684,-1.673,-0.1277,-0.5559,-0.2382,0.7861
168.547,1,6.477,-0.685,-1.673,-0.1246,-0.5574,-0.2370,0.7859
168.575,1,6.477,-0.685,-1.674,-0.1234,-0.5591,-0.2355,0.7853
168.617,1,6.477,-0.686,-1.675,-0.1216,-0.5612,-0.2333,0.7848
168.644,1,6.477,-0.686,-1.675,-0.1198,-0.5631,-0.2308,0.7844
168.686,1,6.477,-0.686,-1.677,-0.1183,-0.5670,-0.2279,0.7827
168.714,1,6.477,-0.686,-1.677,-0.1196,-0.5696,-0.2301,0.7800
168.742,1,6.477,-0.686,-1.678,-0.1199,-0.5726,-0.2320,0.7771
168.784,1,6.477,-0.685,-1.680,-0.1210,-0.5774,-0.2339,0.7729
168.812,1,6.477,-0.685,-1.680,-0.1222,-0.5798,-0.2343,0.7707
168.853,1,6.477,-0.684,-1.681,-0.1238,-0.5826,-0.2354,0.7680
168.882,1,6.477,-0.684,-1.682,-0.1233,-0.5843,-0.2353,0.7668
168.910,1,6.477,-0.684,-1.683,-0.1232,-0.5861,-0.2342,0.7658
168.952,1,6.477,-0.684,-1.683,-0.1243,-0.5876,-0.2351,0.7642
168.979,1,6.477,-0.684,-1.684,-0.1245,-0.5886,-0.2354,0.7633
169.021,1,6.476,-0.684,-1.684,-0.1240,-0.5900,-0.2340,0.7627
169.050,1,6.476,-0.684,-1.684,-0.1237,-0.5912,-0.2337,0.7619
169.077,1,6.476,-0.684,-1.685,-0.1234,-0.5928,-0.2335,0.7608
169.118,1,6.476,-0.684,-1.685,-0.1221,-0.5955,-0.2331,0.7590
169.147,1,6.475,-0.684,-1.686,-0.1211,-0.5972,-0.2329,0.7579
169.174,1,6.475,-0.684,-1.686,-0.1212,-0.5986,-0.2331,0.7568
169.216,1,6.474,-0.684,-1.687,-0.1212,-0.5998,-0.2336,0.7556
169.244,1,6.474,-0.684,-1.687,-0.1215,-0.6006,-0.2337,0.7549
169.288,1,6.474,-0.684,-1.688,-0.1220,-0.6016,-0.2322,0.7545
169.314,1,6.474,-0.684,-1.688,-0.1222,-0.6020,-0.2308,0.7546
169.342,1,6.474,-0.684,-1.689,-0.1226,-0.6021,-0.2297,0.7548
169.383,1,6.474,-0.684,-1.689,-0.1234,-0.6022,-0.2284,0.7550
169.411,1,6.474,-0.684,-1.690,-0.1243,-0.6023,-0.2280,0.7549
169.453,1,6.474,-0.684,-1.690,-0.1253,-0.6024,-0.2278,0.7547
169.481,1,6.474,-0.684,-1.690,-0.1255,-0.6023,-0.2276,0.7547
169.509,1,6.474,-0.684,-1.690,-0.1257,-0.6024,-0.2278,0.7546
169.550,1,6.474,-0.684,-1.690,-0.1259,-0.6025,-0.2279,0.7544
169.578,1,6.474,-0.684,-1.690,-0.1256,-0.6026,-0.2276,0.7545
169.620,1,6.474,-0.684,-1.690,-0.1251,-0.6027,-0.2271,0.7547
169.648,1,6.474,-0.684,-1.690,-0.1247,-0.6027,-0.2267,0.7549
169.676,1,6.474,-0.684,-1.690,-0.1248,-0.6025,-0.2262,0.7551
169.717,1,6.473,-0.684,-1.690,-0.1255,-0.6024,-0.2256,0.7553
169.745,1,6.473,-0.684,-1.690,-0.1260,-0.6023,-0.2252,0.7554
169.787,1,6.473,-0.684,-1.690,-0.1258,-0.6023,-0.2244,0.7557
169.815,1,6.473,-0.684,-1.690,-0.1252,-0.6024,-0.2235,0.7560
169.842,1,6.473,-0.684,-1.690,-0.1249,-0.6024,-0.2230,0.7561
169.884,1,6.473,-0.684,-1.691,-0.1252,-0.6022,-0.2235,0.7561
169.912,1,6.473,-0.684,-1.691,-0.1258,-0.6021,-0.2244,0.7559
169.954,1,6.474,-0.684,-1.691,-0.1261,-0.6018,-0.2253,0.7558
169.981,1,6.474,-0.684,-1.691,-0.1266,-0.6014,-0.2254,0.7560
170.009,1,6.474,-0.684,-1.691,-0.1275,-0.6012,-0.2251,0.7560
170.051,1,6.474,-0.684,-1.691,-0.1276,-0.6009,-0.2249,0.7563
170.080,1,6.474,-0.684,-1.691,-0.1276,-0.6008,-0.2251,0.7564
170.108,1,6.474,-0.684,-1.691,-0.1285,-0.6007,-0.2250,0.7563
170.149,1,6.474,-0.683,-1.692,-0.1307,-0.6000,-0.2254,0.7563
170.177,1,6.474,-0.683,-1.691,-0.1323,-0.5991,-0.2255,0.7568
170.218,1,6.475,-0.683,-1.691,-0.1354,-0.5974,-0.2258,0.7575
170.246,1,6.475,-0.682,-1.691,-0.1373,-0.5960,-0.2261,0.7581
170.288,1,6.475,-0.682,-1.691,-0.1391,-0.5944,-0.2269,0.7588
170.316,1,6.476,-0.682,-1.691,-0.1398,-0.5933,-0.2271,0.7596
170.344,1,6.476,-0.682,-1.691,-0.1410,-0.5918,-0.2272,0.7604
170.386,1,6.476,-0.682,-1.690,-0.1425,-0.5888,-0.2281,0.7622
170.413,1,6.477,-0.681,-1.690,-0.1434,-0.5863,-0.2290,0.7637
170.441,1,6.477,-0.681,-1.689,-0.1451,-0.5838,-0.2300,0.7650
170.483,1,6.478,-0.681,-1.688,-0.1476,-0.5797,-0.2304,0.7675
170.511,1,6.478,-0.681,-1.688,-0.1487,-0.5772,-0.2297,0.7694
170.553,1,6.478,-0.681,-1.687,-0.1483,-0.5743,-0.2283,0.7721
170.580,1,6.479,-0.681,-1.686,-0.1493,-0.5726,-0.2278,0.7733
170.608,1,6.479,-0.681,-1.686,-0.1491,-0.5711,-0.2275,0.7745
170.650,1,6.479,-0.681,-1.685,-0.1489,-0.5693,-0.2282,0.7757
170.677,1,6.479,-0.681,-1.685,-0.1485,-0.5683,-0.2287,0.7763
170.720,1,6.479,-0.681,-1.684,-0.1474,-0.5675,-0.2303,0.7767
170.747,1,6.479,-0.681,-1.684,-0.1474,-0.5668,-0.2305,0.7771
170.775,1,6.479,-0.681,-1.684,-0.1476,-0.5664,-0.2303,0.7774
170.817,1,6.479,-0.681,-1.684,-0.1469,-0.5661,-0.2304,0.7777
170.845,1,6.479,-0.682,-1.684,-0.1470,-0.5658,-0.2303,0.7780
170.886,1,6.480,-0.681,-1.684,-0.1469,-0.5653,-0.2300,0.7784
170.915,1,6.480,-0.681,-1.684,-0.1477,-0.5646,-0.2302,0.7787
170.942,1,6.480,-0.681,-1.684,-0.1489,-0.5639,-0.2307,0.7789
170.984,1,6.480,-0.681,-1.684,-0.1505,-0.5635,-0.2314,0.7786
171.012,1,6.481,-0.681,-1.685,-0.1513,-0.5634,-0.2322,0.7783
171.054,1,6.481,-0.680,-1.685,-0.1526,-0.5640,-0.2330,0.7774
171.081,1,6.481,-0.680,-1.685,-0.1528,-0.5645,-0.2332,0.7769
171.110,1,6.481,-0.680,-1.685,-0.1522,-0.5651,-0.2332,0.7766
171.152,1,6.481,-0.680,-1.685,-0.1516,-0.5654,-0.2334,0.7765
171.179,1,6.481,-0.680,-1.685,-0.1511,-0.5654,-0.2335,0.7765
171.221,1,6.481,-0.680,-1.685,-0.1509,-0.5647,-0.2339,0.7769
171.249,1,6.481,-0.680,-1.685,-0.1516,-0.5641,-0.2343,0.7771
171.276,1,6.481,-0.680,-1.685,-0.1524,-0.5635,-0.2345,0.7773
171.319,1,6.481,-0.680,-1.684,-0.1534,-0.5633,-0.2340,0.7775
171.346,1,6.481,-0.680,-1.684,-0.1535,-0.5635,-0.2333,0.7774
171.388,1,6.481,-0.680,-1.684,-0.1523,-0.5642,-0.2326,0.7774
171.416,1,6.481,-0.681,-1.684,-0.1515,-0.5648,-0.2323,0.7772
171.444,1,6.481,-0.681,-1.684,-0.1508,-0.5653,-0.2323,0.7770
171.486,1,6.481,-0.681,-1.684,-0.1497,-0.5651,-0.2335,0.7770
171.513,1,6.481,-0.680,-1.684,-0.1496,-0.5645,-0.2339,0.7774
171.555,1,6.481,-0.680,-1.683,-0.1498,-0.5635,-0.2336,0.7781
171.583,1,6.481,-0.681,-1.683,-0.1499,-0.5631,-0.2338,0.7783
171.611,1,6.481,-0.681,-1.683,-0.1505,-0.5627,-0.2340,0.7784
171.652,1,6.481,-0.681,-1.684,-0.1502,-0.5627,-0.2328,0.7788
171.680,1,6.481,-0.681,-1.684,-0.1503,-0.5630,-0.2329,0.7786
171.708,1,6.481,-0.680,-1.684,-0.1509,-0.5637,-0.2332,0.7779
171.750,1,6.481,-0.680,-1.684,-0.1509,-0.5648,-0.2334,0.7770
171.778,1,6.481,-0.680,-1.685,-0.1512,-0.5651,-0.2336,0.7767
171.820,1,6.482,-0.680,-1.685,-0.1517,-0.5653,-0.2334,0.7765
171.848,1,6.482,-0.680,-1.685,-0.1519,-0.5651,-0.2338,0.7765
171.875,1,6.482,-0.680,-1.685,-0.1523,-0.5648,-0.2344,0.7765
171.917,1,6.482,-0.680,-1.684,-0.1529,-0.5640,-0.2353,0.7766
171.945,1,6.482,-0.680,-1.684,-0.1531,-0.5637,-0.2356,0.7767
171.988,1,6.482,-0.680,-1.684,-0.1529,-0.5631,-0.2364,0.7770
172.015,1,6.483,-0.680,-1.684,-0.1528,-0.5627,-0.2368,0.7771
172.042,1,6.483,-0.680,-1.684,-0.1533,-0.5626,-0.2372,0.7770
172.083,1,6.483,-0.680,-1.684,-0.1539,-0.5625,-0.2375,0.7768
172.113,1,6.483,-0.680,-1.684,-0.1542,-0.5626,-0.2371,0.7768
172.153,1,6.483,-0.680,-1.684,-0.1539,-0.5632,-0.2366,0.7766
172.182,1,6.483,-0.680,-1.684,-0.1531,-0.5637,-0.2370,0.7763
172.209,1,6.483,-0.680,-1.683,-0.1529,-0.5640,-0.2374,0.7760
172.251,1,6.483,-0.680,-1.683,-0.1529,-0.5641,-0.2382,0.7757
172.279,1,6.484,-0.679,-1.683,-0.1534,-0.5640,-0.2393,0.7753
172.321,1,6.484,-0.679,-1.684,-0.1540,-0.5637,-0.2401,0.7751
172.349,1,6.484,-0.679,-1.684,-0.1542,-0.5638,-0.2400,0.7751
172.376,1,6.484,-0.679,-1.684,-0.1543,-0.5638,-0.2398,0.7751
172.418,1,6.484,-0.679,-1.684,-0.1546,-0.5643,-0.2386,0.7751
172.446,1,6.484,-0.679,-1.685,-0.1548,-0.5650,-0.2378,0.7748
172.488,1,6.484,-0.679,-1.685,-0.1548,-0.5662,-0.2384,0.7737
172.516,1,6.484,-0.679,-1.685,-0.1552,-0.5669,-0.2389,0.7730
172.543,1,6.484,-0.679,-1.686,-0.1555,-0.5675,-0.2384,0.7726
172.585,1,6.484,-0.679,-1.686,-0.1560,-0.5685,-0.2384,0.7718
172.613,1,6.484,-0.679,-1.686,-0.1559,-0.5690,-0.2385,0.7714
172.641,1,6.483,-0.679,-1.686,-0.1556,-0.5697,-0.2378,0.7712
172.683,1,6.483,-0.679,-1.686,-0.1550,-0.5705,-0.2376,0.7708
172.711,1,6.483,-0.679,-1.686,-0.1544,-0.5710,-0.2375,0.7705
172.752,1,6.483,-0.679,-1.687,-0.1541,-0.5722,-0.2381,0.7695
172.780,1,6.483,-0.679,-1.687,-0.1541,-0.5734,-0.2385,0.7685
172.822,1,6.483,-0.679,-1.687,-0.1541,-0.5750,-0.2384,0.7673
172.850,1,6.483,-0.679,-1.687,-0.1538,-0.5764,-0.2374,0.7667
172.877,1,6.482,-0.679,-1.688,-0.1529,-0.5778,-0.2365,0.7661
172.919,1,6.482,-0.680,-1.688,-0.1517,-0.5799,-0.2356,0.7649
172.947,1,6.482,-0.680,-1.688,-0.1509,-0.5812,-0.2351,0.7643
172.975,1,6.482,-0.680,-1.688,-0.1498,-0.5824,-0.2348,0.7637
173.016,1,6.482,-0.680,-1.688,-0.1481,-0.5852,-0.2353,0.7618
173.045,1,6.481,-0.680,-1.689,-0.1466,-0.5880,-0.2359,0.7597
173.087,1,6.480,-0.680,-1.690,-0.1436,-0.5951,-0.2359,0.7547
173.114,1,6.480,-0.680,-1.692,-0.1407,-0.6018,-0.2353,0.7501
173.142,1,6.479,-0.681,-1.694,-0.1369,-0.6100,-0.2336,0.7447
173.184,1,6.478,-0.681,-1.697,-0.1306,-0.6264,-0.2297,0.7334
173.212,1,6.477,-0.682,-1.700,-0.1255,-0.6394,-0.2274,0.7237
173.254,1,6.476,-0.682,-1.705,-0.1177,-0.6611,-0.2275,0.7052
173.282,1,6.475,-0.682,-1.707,-0.1135,-0.6739,-0.2276,0.6937
173.309,1,6.474,-0.682,-1.710,-0.1102,-0.6841,-0.2289,0.6837
173.352,1,6.473,-0.681,-1.712,-0.1079,-0.6967,-0.2305,0.6707
173.379,1,6.472,-0.681,-1.714,-0.1079,-0.7042,-0.2313,0.6626
173.421,1,6.471,-0.680,-1.717,-0.1036,-0.7137,-0.2367,0.6511
173.449,1,6.470,-0.681,-1.719,-0.0998,-0.7194,-0.2383,0.6448
173.477,1,6.469,-0.681,-1.722,-0.0968,-0.7255,-0.2370,0.6389
173.518,1,6.468,-0.682,-1.726,-0.0924,-0.7339,-0.2357,0.6304
173.547,1,6.467,-0.682,-1.729,-0.0923,-0.7393,-0.2307,0.6259
173.588,1,6.466,-0.681,-1.733,-0.0934,-0.7466,-0.2302,0.6172
173.616,1,6.465,-0.682,-1.737,-0.0897,-0.7514,-0.2311,0.6116
173.644,1,6.464,-0.682,-1.741,-0.0873,-0.7568,-0.2288,0.6061
173.686,1,6.463,-0.682,-1.747,-0.0874,-0.7655,-0.2248,0.5965
173.714,1,6.463,-0.683,-1.752,-0.0881,-0.7719,-0.2232,0.5888
173.742,1,6.462,-0.683,-1.758,-0.0872,-0.7777,-0.2225,0.5815
173.783,1,6.462,-0.684,-1.765,-0.0877,-0.7839,-0.2202,0.5739
173.811,1,6.461,-0.684,-1.771,-0.0906,-0.7876,-0.2192,0.5688
173.853,1,6.461,-0.686,-1.780,-0.0916,-0.7928,-0.2171,0.5621
173.881,1,6.460,-0.686,-1.786,-0.0938,-0.7959,-0.2165,0.5576
173.909,1,6.459,-0.686,-1.792,-0.0986,-0.7990,-0.2164,0.5523
173.951,1,6.458,-0.687,-1.802,-0.1058,-0.8030,-0.2191,0.5440
173.979,1,6.457,-0.688,-1.809,-0.1088,-0.8054,-0.2190,0.5399
174.020,1,6.455,-0.689,-1.819,-0.1133,-0.8088,-0.2186,0.5341
174.048,1,6.454,-0.690,-1.825,-0.1163,-0.8118,-0.2173,0.5294
174.076,1,6.452,-0.691,-1.831,-0.1178,-0.8144,-0.2152,0.5259
174.118,1,6.449,-0.692,-1.840,-0.1208,-0.8181,-0.2159,0.5192
174.146,1,6.447,-0.693,-1.846,-0.1216,-0.8206,-0.2166,0.5146
174.188,1,6.445,-0.696,-1.853,-0.1210,-0.8249,-0.2107,0.5104
174.216,1,6.443,-0.697,-1.857,-0.1217,-0.8266,-0.2080,0.5085
174.244,1,6.441,-0.699,-1.862,-0.1205,-0.8282,-0.2061,0.5070
174.285,1,6.438,-0.701,-1.868,-0.1240,-0.8309,-0.2021,0.5034
174.313,1,6.437,-0.703,-1.872,-0.1246,-0.8329,-0.2013,0.5002
174.355,1,6.434,-0.705,-1.878,-0.1276,-0.8365,-0.1957,0.4957
174.383,1,6.433,-0.706,-1.881,-0.1275,-0.8384,-0.1946,0.4930
174.411,1,6.431,-0.708,-1.884,-0.1255,-0.8409,-0.1907,0.4907
174.453,1,6.429,-0.710,-1.888,-0.1233,-0.8439,-0.1837,0.4888
174.480,1,6.428,-0.711,-1.890,-0.1216,-0.8454,-0.1797,0.4881
174.509,1,6.427,-0.712,-1.892,-0.1215,-0.8464,-0.1774,0.4872
174.550,1,6.425,-0.714,-1.894,-0.1215,-0.8479,-0.1736,0.4860
174.578,1,6.424,-0.715,-1.895,-0.1189,-0.8487,-0.1710,0.4861
174.620,1,6.422,-0.716,-1.896,-0.1159,-0.8497,-0.1688,0.4858
174.648,1,6.422,-0.717,-1.897,-0.1157,-0.8505,-0.1673,0.4851
174.676,1,6.421,-0.717,-1.897,-0.1135,-0.8511,-0.1655,0.4852
174.717,1,6.420,-0.718,-1.897,-0.1121,-0.8519,-0.1631,0.4848
174.745,1,6.420,-0.719,-1.897,-0.1119,-0.8526,-0.1617,0.4842
174.787,1,6.419,-0.719,-1.897,-0.1079,-0.8538,-0.1620,0.4829
174.815,1,6.418,-0.720,-1.897,-0.1069,-0.8545,-0.1614,0.4820
174.843,1,6.418,-0.720,-1.897,-0.1055,-0.8543,-0.1609,0.4829
174.885,1,6.417,-0.720,-1.897,-0.1052,-0.8540,-0.1581,0.4845
174.912,1,6.416,-0.721,-1.897,-0.1045,-0.8536,-0.1573,0.4855
174.954,1,6.415,-0.722,-1.897,-0.1030,-0.8531,-0.1563,0.4870
174.982,1,6.415,-0.723,-1.898,-0.1025,-0.8534,-0.1533,0.4875
175.010,1,6.415,-0.723,-1.898,-0.1006,-0.8535,-0.1536,0.4876
175.051,1,6.415,-0.723,-1.899,-0.1011,-0.8542,-0.1537,0.4864
175.079,1,6.415,-0.723,-1.900,-0.0998,-0.8554,-0.1538,0.4845
175.109,1,6.416,-0.724,-1.900,-0.0979,-0.8568,-0.1530,0.4827
175.149,1,6.416,-0.725,-1.901,-0.0983,-0.8583,-0.1517,0.4802
175.177,1,6.416,-0.725,-1.901,-0.0970,-0.8600,-0.1487,0.4785
175.218,1,6.417,-0.725,-1.902,-0.0941,-0.8628,-0.1477,0.4743
175.247,1,6.417,-0.726,-1.902,-0.0930,-0.8645,-0.1465,0.4717
175.288,1,6.417,-0.726,-1.902,-0.0914,-0.8659,-0.1468,0.4694
175.316,1,6.418,-0.725,-1.902,-0.0920,-0.8663,-0.1469,0.4686
175.344,1,6.418,-0.725,-1.901,-0.0919,-0.8668,-0.1463,0.4678
175.386,1,6.418,-0.725,-1.900,-0.0916,-0.8669,-0.1484,0.4670
175.414,1,6.418,-0.724,-1.898,-0.0921,-0.8661,-0.1514,0.4675
175.455,1,6.419,-0.723,-1.896,-0.0921,-0.8639,-0.1532,0.4708
175.483,1,6.419,-0.723,-1.895,-0.0927,-0.8625,-0.1557,0.4725
175.511,1,6.419,-0.722,-1.894,-0.0931,-0.8612,-0.1574,0.4743
175.553,1,6.420,-0.721,-1.892,-0.0935,-0.8589,-0.1602,0.4773
175.580,1,6.420,-0.721,-1.891,-0.0955,-0.8579,-0.1606,0.4787
175.609,1,6.421,-0.720,-1.890,-0.0962,-0.8569,-0.1628,0.4795
175.650,1,6.422,-0.720,-1.890,-0.0965,-0.8567,-0.1654,0.4789
175.678,1,6.423,-0.720,-1.890,-0.0978,-0.8578,-0.1663,0.4764
175.720,1,6.424,-0.720,-1.890,-0.0964,-0.8597,-0.1678,0.4727
175.748,1,6.424,-0.721,-1.890,-0.0929,-0.8611,-0.1664,0.4714
175.775,1,6.425,-0.721,-1.890,-0.0901,-0.8620,-0.1663,0.4702
175.818,1,6.426,-0.721,-1.891,-0.0883,-0.8646,-0.1671,0.4655
175.845,1,6.427,-0.721,-1.891,-0.0853,-0.8662,-0.1667,0.4633
175.887,1,6.428,-0.719,-1.890,-0.0883,-0.8667,-0.1682,0.4612
175.915,1,6.428,-0.719,-1.889,-0.0890,-0.8655,-0.1710,0.4624
175.943,1,6.429,-0.718,-1.888,-0.0870,-0.8634,-0.1732,0.4657
175.984,1,6.430,-0.717,-1.887,-0.0904,-0.8610,-0.1762,0.4685
176.013,1,6.430,-0.716,-1.886,-0.0917,-0.8598,-0.1782,0.4697
176.054,1,6.431,-0.715,-1.884,-0.0964,-0.8581,-0.1793,0.4714
176.082,1,6.431,-0.715,-1.882,-0.0973,-0.8568,-0.1795,0.4735
176.111,1,6.431,-0.714,-1.881,-0.0967,-0.8556,-0.1804,0.4755
176.152,1,6.431,-0.713,-1.880,-0.0968,-0.8537,-0.1837,0.4776
176.179,1,6.431,-0.713,-1.879,-0.0959,-0.8527,-0.1832,0.4797
176.221,1,6.430,-0.714,-1.879,-0.0962,-0.8518,-0.1797,0.4826
176.249,1,6.429,-0.714,-1.879,-0.0978,-0.8517,-0.1756,0.4839
176.276,1,6.428,-0.715,-1.880,-0.0957,-0.8521,-0.1718,0.4851
176.319,1,6.426,-0.716,-1.882,-0.0953,-0.8539,-0.1621,0.4853
176.346,1,6.425,-0.718,-1.884,-0.0947,-0.8556,-0.1523,0.4856
176.388,1,6.422,-0.721,-1.888,-0.0888,-0.8591,-0.1408,0.4840
176.416,1,6.419,-0.724,-1.891,-0.0863,-0.8618,-0.1292,0.4828
176.444,1,6.417,-0.726,-1.893,-0.0842,-0.8636,-0.1198,0.4824
176.486,1,6.413,-0.732,-1.896,-0.0823,-0.8677,-0.0966,0.4807
176.514,1,6.410,-0.736,-1.899,-0.0776,-0.8716,-0.0793,0.4774
176.555,1,6.407,-0.743,-1.900,-0.0627,-0.8794,-0.0535,0.4689
176.583,1,6.406,-0.746,-1.900,-0.0486,-0.8830,-0.0393,0.4651
176.611,1,6.404,-0.750,-1.899,-0.0384,-0.8857,-0.0278,0.4619
176.653,1,6.403,-0.753,-1.897,-0.0272,-0.8899,-0.0127,0.4552
176.681,1,6.402,-0.754,-1.898,-0.0191,-0.8931,-0.0132,0.4493
176.722,1,6.402,-0.756,-1.897,-0.0128,-0.8974,-0.0108,0.4410
176.751,1,6.402,-0.757,-1.897,-0.0079,-0.8992,-0.0086,0.4375
176.779,1,6.400,-0.755,-1.896,-0.0039,-0.8970,-0.0215,0.4414
176.820,1,6.398,-0.754,-1.897,-0.0101,-0.8961,-0.0197,0.4432
176.848,1,6.399,-0.753,-1.896,-0.0067,-0.8965,-0.0226,0.4425
176.890,1,6.399,-0.751,-1.899,0.0019,-0.8991,-0.0391,0.4360
176.918,1,6.400,-0.750,-1.898,0.0104,-0.9006,-0.0429,0.4325
176.945,1,6.398,-0.749,-1.898,0.0161,-0.8996,-0.0503,0.4336
176.987,1,6.397,-0.745,-1.898,0.0172,-0.8971,-0.0516,0.4384
177.015,1,6.398,-0.742,-1.897,0.0105,-0.8959,-0.0496,0.4414
177.043,1,6.399,-0.733,-1.896,-0.0021,-0.8953,-0.0448,0.4433
177.085,1,6.400,-0.730,-1.897,-0.0300,-0.8974,-0.0541,0.4368
177.114,1,6.403,-0.727,-1.897,-0.0371,-0.8972,-0.0660,0.4350
177.154,1,6.404,-0.721,-1.896,-0.0457,-0.8956,-0.0767,0.4358
177.182,1,6.403,-0.715,-1.895,-0.0524,-0.8931,-0.0794,0.4397
177.210,1,6.402,-0.705,-1.895,-0.0615,-0.8892,-0.0767,0.4469
177.251,1,6.402,-0.689,-1.895,-0.0717,-0.8853,-0.0728,0.4537
177.279,1,6.402,-0.678,-1.895,-0.0737,-0.8829,-0.0722,0.4581
177.321,1,6.403,-0.662,-1.896,-0.0769,-0.8785,-0.0746,0.4657
177.349,1,6.402,-0.649,-1.899,-0.0729,-0.8779,-0.0695,0.4681
177.377,1,6.401,-0.636,-1.902,-0.0664,-0.8760,-0.0647,0.4734
177.418,1,6.398,-0.612,-1.907,-0.0498,-0.8734,-0.0487,0.4820
177.446,1,6.397,-0.597,-1.911,-0.0422,-0.8715,-0.0412,0.4869
177.488,1,6.394,-0.574,-1.917,-0.0308,-0.8683,-0.0300,0.4941
177.516,1,6.392,-0.559,-1.920,-0.0232,-0.8661,-0.0225,0.4988
177.543,1,6.369,-0.556,-1.941,-0.0027,-0.8740,-0.0058,0.4859
177.577,1,6.369,-0.556,-1.941,-0.0027,-0.8740,-0.0058,0.4859
177.619,1,6.369,-0.556,-1.941,-0.0027,-0.8740,-0.0058,0.4859
177.646,1,6.369,-0.556,-1.941,-0.0027,-0.8740,-0.0058,0.4859
177.683,1,6.369,-0.556,-1.941,-0.0027,-0.8740,-0.0058,0.4859
177.710,1,6.369,-0.556,-1.941,-0.0027,-0.8740,-0.0058,0.4859
177.747,1,6.369,-0.556,-1.941,-0.0027,-0.8740,-0.0058,0.4859
177.784,1,6.369,-0.556,-1.941,-0.0027,-0.8740,-0.0058,0.4859
177.812,1,6.369,-0.556,-1.941,-0.0027,-0.8740,-0.0058,0.4859
177.848,1,6.369,-0.556,-1.941,-0.0027,-0.8740,-0.0058,0.4859
177.883,1,6.369,-0.556,-1.941,-0.0027,-0.8740,-0.0058,0.4859
177.911,1,6.369,-0.556,-1.941,-0.0027,-0.8740,-0.0058,0.4859
177.949,1,6.369,-0.556,-1.941,-0.0027,-0.8740,-0.0058,0.4859
177.976,1,6.369,-0.556,-1.941,-0.0027,-0.8740,-0.0058,0.4859
178.014,1,6.369,-0.556,-1.941,-0.0027,-0.8740,-0.0058,0.4859
178.051,1,6.369,-0.556,-1.941,-0.0027,-0.8740,-0.0058,0.4859
178.081,1,6.369,-0.556,-1.941,-0.0027,-0.8740,-0.0058,0.4859
178.118,1,6.369,-0.556,-1.941,-0.0027,-0.8740,-0.0058,0.4859
178.145,1,6.369,-0.556,-1.941,-0.0027,-0.8740,-0.0058,0.4859
