t,cond,pos.x,pos.y,pos.z,rot.x,rot.y,rot.z,rot.w
6.990,1,6.511,-1.054,-1.795,0.0000,-0.7148,0.0000,0.6993
6.990,1,6.511,-1.054,-1.795,0.0000,-0.7148,0.0000,0.6993
6.990,1,6.511,-1.054,-1.795,0.0000,-0.7148,0.0000,0.6993
6.990,1,6.511,-1.054,-1.795,0.0000,-0.7148,0.0000,0.6993
6.990,1,6.511,-1.054,-1.795,0.0000,-0.7148,0.0000,0.6993
6.990,1,6.511,-1.054,-1.795,0.0000,-0.7148,0.0000,0.6993
6.990,1,6.511,-1.054,-1.795,0.0000,-0.7148,0.0000,0.6993
6.990,1,6.511,-1.054,-1.795,0.0000,-0.7148,0.0000,0.6993
6.990,1,6.511,-1.054,-1.795,0.0000,-0.7148,0.0000,0.6993
6.990,1,6.511,-1.054,-1.795,0.0000,-0.7148,0.0000,0.6993
6.990,1,6.511,-1.054,-1.795,0.0000,-0.7148,0.0000,0.6993
6.990,1,6.511,-1.054,-1.795,0.0000,-0.7148,0.0000,0.6993
6.990,1,6.511,-1.054,-1.795,0.0000,-0.7148,0.0000,0.6993
6.990,1,6.511,-1.054,-1.795,0.0000,-0.7148,0.0000,0.6993
6.990,1,6.511,-1.054,-1.795,0.0000,-0.7148,0.0000,0.6993
6.990,1,6.511,-1.054,-1.795,0.0000,-0.7148,0.0000,0.6993
6.990,1,6.511,-1.054,-1.795,0.0000,-0.7148,0.0000,0.6993
6.990,1,6.511,-1.054,-1.795,0.0000,-0.7148,0.0000,0.6993
6.990,1,6.511,-1.054,-1.795,0.0000,-0.7148,0.0000,0.6993
6.990,1,6.511,-1.054,-1.795,0.0000,-0.7148,0.0000,0.6993
6.990,1,6.511,-1.054,-1.795,0.0000,-0.7148,0.0000,0.6993
6.990,1,6.511,-1.054,-1.795,0.0000,-0.7148,0.0000,0.6993
6.990,1,6.511,-1.054,-1.795,0.0000,-0.7148,0.0000,0.6993
6.990,1,6.511,-1.054,-1.795,0.0000,-0.7148,0.0000,0.6993
6.990,1,6.511,-1.054,-1.795,0.0000,-0.7148,0.0000,0.6993
6.990,1,6.511,-1.054,-1.795,0.0000,-0.7148,0.0000,0.6993
6.990,1,6.511,-1.054,-1.795,0.0000,-0.7148,0.0000,0.6993
6.990,1,6.511,-1.054,-1.795,0.0000,-0.7148,0.0000,0.6993
6.990,1,6.511,-1.054,-1.795,0.0000,-0.7148,0.0000,0.6993
6.990,1,6.511,-1.054,-1.795,0.0000,-0.7148,0.0000,0.6993
6.990,1,6.511,-1.054,-1.795,0.0000,-0.7148,0.0000,0.6993
6.990,1,6.511,-1.054,-1.795,0.0000,-0.7148,0.0000,0.6993
6.990,1,6.511,-1.054,-1.795,0.0000,-0.7148,0.0000,0.6993
6.990,1,6.511,-1.054,-1.795,0.0000,-0.7148,0.0000,0.6993
6.990,1,6.511,-1.054,-1.795,0.0000,-0.7148,0.0000,0.6993
6.990,1,6.511,-1.054,-1.795,0.0000,-0.7148,0.0000,0.6993
6.990,1,6.511,-1.054,-1.795,0.0000,-0.7148,0.0000,0.6993
6.990,1,6.511,-1.054,-1.795,0.0000,-0.7148,0.0000,0.6993
6.990,1,6.511,-1.054,-1.795,0.0000,-0.7148,0.0000,0.6993
6.990,1,6.511,-1.054,-1.795,0.0000,-0.7148,0.0000,0.6993
6.990,1,6.511,-1.054,-1.795,0.0000,-0.7148,0.0000,0.6993
6.990,1,6.511,-1.054,-1.795,0.0000,-0.7148,0.0000,0.6993
6.990,1,6.511,-1.054,-1.795,0.0000,-0.7148,0.0000,0.6993
6.990,1,6.511,-1.054,-1.795,0.0000,-0.7148,0.0000,0.6993
6.990,1,6.511,-1.054,-1.795,0.0000,-0.7148,0.0000,0.6993
6.990,1,6.511,-1.054,-1.795,0.0000,-0.7148,0.0000,0.6993
6.990,1,6.511,-1.054,-1.795,0.0000,-0.7148,0.0000,0.6993
6.990,1,6.511,-1.054,-1.795,0.0000,-0.7148,0.0000,0.6993
6.990,1,6.511,-1.054,-1.795,0.0000,-0.7148,0.0000,0.6993
6.990,1,6.511,-1.054,-1.795,0.0000,-0.7148,0.0000,0.6993
6.990,1,6.511,-1.054,-1.795,0.0000,-0.7148,0.0000,0.6993
6.990,1,6.511,-1.054,-1.795,0.0000,-0.7148,0.0000,0.6993
6.990,1,6.511,-1.054,-1.795,0.0000,-0.7148,0.0000,0.6993
6.990,1,6.511,-1.054,-1.795,0.0000,-0.7148,0.0000,0.6993
6.990,1,6.511,-1.054,-1.795,0.0000,-0.7148,0.0000,0.6993
6.990,1,6.511,-1.054,-1.795,0.0000,-0.7148,0.0000,0.6993
6.990,1,6.511,-1.054,-1.795,0.0000,-0.7148,0.0000,0.6993
6.990,1,6.511,-1.054,-1.795,0.0000,-0.7148,0.0000,0.6993
6.990,1,6.511,-1.054,-1.795,0.0000,-0.7148,0.0000,0.6993
6.990,1,6.511,-1.054,-1.795,0.0000,-0.7148,0.0000,0.6993
6.990,1,6.511,-1.054,-1.795,0.0000,-0.7148,0.0000,0.6993
6.990,1,6.511,-1.054,-1.795,0.0000,-0.7148,0.0000,0.6993
6.990,1,6.511,-1.054,-1.795,0.0000,-0.7148,0.0000,0.6993
6.990,1,6.511,-1.054,-1.795,0.0000,-0.7148,0.0000,0.6993
6.990,1,6.511,-1.054,-1.795,0.0000,-0.7148,0.0000,0.6993
6.990,1,6.511,-1.054,-1.795,0.0000,-0.7148,0.0000,0.6993
6.990,1,6.511,-1.054,-1.795,0.0000,-0.7148,0.0000,0.6993
6.990,1,6.511,-1.054,-1.795,0.0000,-0.7148,0.0000,0.6993
6.990,1,6.511,-1.054,-1.795,0.0000,-0.7148,0.0000,0.6993
6.990,1,6.511,-1.054,-1.795,0.0000,-0.7148,0.0000,0.6993
6.990,1,6.511,-1.054,-1.795,0.0000,-0.7148,0.0000,0.6993
6.990,1,6.511,-1.054,-1.795,0.0000,-0.7148,0.0000,0.6993
6.990,1,6.511,-1.054,-1.795,0.0000,-0.7148,0.0000,0.6993
6.990,1,6.511,-1.054,-1.795,0.0000,-0.7148,0.0000,0.6993
6.990,1,6.511,-1.054,-1.795,0.0000,-0.7148,0.0000,0.6993
6.990,1,6.511,-1.054,-1.795,0.0000,-0.7148,0.0000,0.6993
6.990,1,6.511,-1.054,-1.795,0.0000,-0.7148,0.0000,0.6993
6.990,1,6.511,-1.054,-1.795,0.0000,-0.7148,0.0000,0.6993
6.990,1,6.511,-1.054,-1.795,0.0000,-0.7148,0.0000,0.6993
6.990,1,6.511,-1.054,-1.795,0.0000,-0.7148,0.0000,0.6993
6.990,1,6.511,-1.054,-1.795,0.0000,-0.7148,0.0000,0.6993
6.990,1,6.511,-1.054,-1.795,0.0000,-0.7148,0.0000,0.6993
6.990,1,6.511,-1.054,-1.795,0.0000,-0.7148,0.0000,0.6993
6.990,1,6.511,-1.054,-1.795,0.0000,-0.7148,0.0000,0.6993
6.990,1,6.511,-1.054,-1.795,0.0000,-0.7148,0.0000,0.6993
6.990,1,6.511,-1.054,-1.795,0.0000,-0.7148,0.0000,0.6993
6.990,1,6.511,-1.054,-1.795,0.0000,-0.7148,0.0000,0.6993
6.990,1,6.511,-1.054,-1.795,0.0000,-0.7148,0.0000,0.6993
6.990,1,6.511,-1.054,-1.795,0.0000,-0.7148,0.0000,0.6993
6.990,1,6.511,-1.054,-1.795,0.0000,-0.7148,0.0000,0.6993
6.990,1,6.511,-1.054,-1.795,0.0000,-0.7148,0.0000,0.6993
6.990,1,6.511,-1.054,-1.795,0.0000,-0.7148,0.0000,0.6993
6.990,1,6.511,-1.054,-1.795,0.0000,-0.7148,0.0000,0.6993
6.990,1,6.511,-1.054,-1.795,0.0000,-0.7148,0.0000,0.6993
6.990,1,6.511,-1.054,-1.795,0.0000,-0.7148,0.0000,0.6993
6.990,1,6.511,-1.054,-1.795,0.0000,-0.7148,0.0000,0.6993
6.990,1,6.511,-1.054,-1.795,0.0000,-0.7148,0.0000,0.6993
6.990,1,6.511,-1.054,-1.795,0.0000,-0.7148,0.0000,0.6993
6.990,1,6.511,-1.054,-1.795,0.0000,-0.7148,0.0000,0.6993
6.990,1,6.511,-1.054,-1.795,0.0000,-0.7148,0.0000,0.6993
6.990,1,6.511,-1.054,-1.795,0.0000,-0.7148,0.0000,0.6993
6.990,1,6.511,-1.054,-1.795,0.0000,-0.7148,0.0000,0.6993
6.990,1,6.511,-1.054,-1.795,0.0000,-0.7148,0.0000,0.6993
6.990,1,6.511,-1.054,-1.795,0.0000,-0.7148,0.0000,0.6993
6.990,1,6.511,-1.054,-1.795,0.0000,-0.7148,0.0000,0.6993
6.990,1,6.511,-1.054,-1.795,0.0000,-0.7148,0.0000,0.6993
6.990,1,6.511,-1.054,-1.795,0.0000,-0.7148,0.0000,0.6993
6.990,1,6.511,-1.054,-1.795,0.0000,-0.7148,0.0000,0.6993
6.990,1,6.511,-1.054,-1.795,0.0000,-0.7148,0.0000,0.6993
6.990,1,6.511,-1.054,-1.795,0.0000,-0.7148,0.0000,0.6993
6.990,1,6.511,-1.054,-1.795,0.0000,-0.7148,0.0000,0.6993
6.990,1,6.511,-1.054,-1.795,0.0000,-0.7148,0.0000,0.6993
6.990,1,6.511,-1.054,-1.795,0.0000,-0.7148,0.0000,0.6993
6.990,1,6.511,-1.054,-1.795,0.0000,-0.7148,0.0000,0.6993
6.990,1,6.511,-1.054,-1.795,0.0000,-0.7148,0.0000,0.6993
6.990,1,6.511,-1.054,-1.795,0.0000,-0.7148,0.0000,0.6993
6.990,1,6.511,-1.054,-1.795,0.0000,-0.7148,0.0000,0.6993
6.990,1,6.511,-1.054,-1.795,0.0000,-0.7148,0.0000,0.6993
6.990,1,6.511,-1.054,-1.795,0.0000,-0.7148,0.0000,0.6993
6.990,1,6.511,-1.054,-1.795,0.0000,-0.7148,0.0000,0.6993
6.990,1,6.511,-1.054,-1.795,0.0000,-0.7148,0.0000,0.6993
6.990,1,6.511,-1.054,-1.795,0.0000,-0.7148,0.0000,0.6993
6.990,1,6.511,-1.054,-1.795,0.0000,-0.7148,0.0000,0.6993
6.990,1,6.511,-1.054,-1.795,0.0000,-0.7148,0.0000,0.6993
6.990,1,6.511,-1.054,-1.795,0.0000,-0.7148,0.0000,0.6993
6.990,1,6.511,-1.054,-1.795,0.0000,-0.7148,0.0000,0.6993
6.990,1,6.511,-1.054,-1.795,0.0000,-0.7148,0.0000,0.6993
6.990,1,6.511,-1.054,-1.795,0.0000,-0.7148,0.0000,0.6993
6.990,1,6.511,-1.054,-1.795,0.0000,-0.7148,0.0000,0.6993
6.990,1,6.511,-1.054,-1.795,0.0000,-0.7148,0.0000,0.6993
6.990,1,6.511,-1.054,-1.795,0.0000,-0.7148,0.0000,0.6993
6.990,1,6.511,-1.054,-1.795,0.0000,-0.7148,0.0000,0.6993
6.990,1,6.511,-1.054,-1.795,0.0000,-0.7148,0.0000,0.6993
6.990,1,6.511,-1.054,-1.795,0.0000,-0.7148,0.0000,0.6993
6.990,1,6.511,-1.054,-1.795,0.0000,-0.7148,0.0000,0.6993
6.990,1,6.511,-1.054,-1.795,0.0000,-0.7148,0.0000,0.6993
6.990,1,6.511,-1.054,-1.795,0.0000,-0.7148,0.0000,0.6993
6.990,1,6.511,-1.054,-1.795,0.0000,-0.7148,0.0000,0.6993
6.990,1,6.511,-1.054,-1.795,0.0000,-0.7148,0.0000,0.6993
6.990,1,6.511,-1.054,-1.795,0.0000,-0.7148,0.0000,0.6993
6.990,1,6.511,-1.054,-1.795,0.0000,-0.7148,0.0000,0.6993
6.990,1,6.511,-1.054,-1.795,0.0000,-0.7148,0.0000,0.6993
6.990,1,6.511,-1.054,-1.795,0.0000,-0.7148,0.0000,0.6993
6.990,1,6.511,-1.054,-1.795,0.0000,-0.7148,0.0000,0.6993
6.990,1,6.511,-1.054,-1.795,0.0000,-0.7148,0.0000,0.6993
6.990,1,6.511,-1.054,-1.795,0.0000,-0.7148,0.0000,0.6993
6.990,1,6.511,-1.054,-1.795,0.0000,-0.7148,0.0000,0.6993
6.990,1,6.511,-1.054,-1.795,0.0000,-0.7148,0.0000,0.6993
6.990,1,6.511,-1.054,-1.795,0.0000,-0.7148,0.0000,0.6993
6.990,1,6.511,-1.054,-1.795,0.0000,-0.7148,0.0000,0.6993
6.990,1,6.511,-1.054,-1.795,0.0000,-0.7148,0.0000,0.6993
6.990,1,6.511,-1.054,-1.795,0.0000,-0.7148,0.0000,0.6993
6.990,1,6.511,-1.054,-1.795,0.0000,-0.7148,0.0000,0.6993
6.990,1,6.511,-1.054,-1.795,0.0000,-0.7148,0.0000,0.6993
6.990,1,6.511,-1.054,-1.795,0.0000,-0.7148,0.0000,0.6993
6.990,1,6.511,-1.054,-1.795,0.0000,-0.7148,0.0000,0.6993
6.990,1,6.511,-1.054,-1.795,0.0000,-0.7148,0.0000,0.6993
6.990,1,6.511,-1.054,-1.795,0.0000,-0.7148,0.0000,0.6993
6.990,1,6.511,-1.054,-1.795,0.0000,-0.7148,0.0000,0.6993
6.990,1,6.511,-1.054,-1.795,0.0000,-0.7148,0.0000,0.6993
6.990,1,6.511,-1.054,-1.795,0.0000,-0.7148,0.0000,0.6993
6.990,1,6.511,-1.054,-1.795,0.0000,-0.7148,0.0000,0.6993
6.990,1,6.511,-1.054,-1.795,0.0000,-0.7148,0.0000,0.6993
6.990,1,6.511,-1.054,-1.795,0.0000,-0.7148,0.0000,0.6993
6.990,1,6.511,-1.054,-1.795,0.0000,-0.7148,0.0000,0.6993
6.990,1,6.511,-1.054,-1.795,0.0000,-0.7148,0.0000,0.6993
6.990,1,6.511,-1.054,-1.795,0.0000,-0.7148,0.0000,0.6993
6.990,1,6.511,-1.054,-1.795,0.0000,-0.7148,0.0000,0.6993
6.990,1,6.511,-1.054,-1.795,0.0000,-0.7148,0.0000,0.6993
6.990,1,6.511,-1.054,-1.795,0.0000,-0.7148,0.0000,0.6993
6.990,1,6.511,-1.054,-1.795,0.0000,-0.7148,0.0000,0.6993
6.990,1,6.511,-1.054,-1.795,0.0000,-0.7148,0.0000,0.6993
6.990,1,6.511,-1.054,-1.795,0.0000,-0.7148,0.0000,0.6993
6.990,1,6.511,-1.054,-1.795,0.0000,-0.7148,0.0000,0.6993
6.990,1,6.511,-1.054,-1.795,0.0000,-0.7148,0.0000,0.6993
6.990,1,6.511,-1.054,-1.795,0.0000,-0.7148,0.0000,0.6993
6.990,1,6.511,-1.054,-1.795,0.0000,-0.7148,0.0000,0.6993
6.990,1,6.511,-1.054,-1.795,0.0000,-0.7148,0.0000,0.6993
6.990,1,6.511,-1.054,-1.795,0.0000,-0.7148,0.0000,0.6993
6.990,1,6.511,-1.054,-1.795,0.0000,-0.7148,0.0000,0.6993
6.990,1,6.511,-1.054,-1.795,0.0000,-0.7148,0.0000,0.6993
6.990,1,6.511,-1.054,-1.795,0.0000,-0.7148,0.0000,0.6993
6.990,1,6.511,-1.054,-1.795,0.0000,-0.7148,0.0000,0.6993
6.990,1,6.511,-1.054,-1.795,0.0000,-0.7148,0.0000,0.6993
6.990,1,6.511,-1.054,-1.795,0.0000,-0.7148,0.0000,0.6993
6.990,1,6.511,-1.054,-1.795,0.0000,-0.7148,0.0000,0.6993
6.990,1,6.511,-1.054,-1.795,0.0000,-0.7148,0.0000,0.6993
6.990,1,6.511,-1.054,-1.795,0.0000,-0.7148,0.0000,0.6993
6.990,1,6.511,-1.054,-1.795,0.0000,-0.7148,0.0000,0.6993
6.990,1,6.511,-1.054,-1.795,0.0000,-0.7148,0.0000,0.6993
6.990,1,6.511,-1.054,-1.795,0.0000,-0.7148,0.0000,0.6993
6.990,1,6.511,-1.054,-1.795,0.0000,-0.7148,0.0000,0.6993
6.990,1,6.511,-1.054,-1.795,0.0000,-0.7148,0.0000,0.6993
6.990,1,6.511,-1.054,-1.795,0.0000,-0.7148,0.0000,0.6993
6.990,1,6.511,-1.054,-1.795,0.0000,-0.7148,0.0000,0.6993
6.990,1,6.511,-1.054,-1.795,0.0000,-0.7148,0.0000,0.6993
6.990,1,6.511,-1.054,-1.795,0.0000,-0.7148,0.0000,0.6993
6.990,1,6.511,-1.054,-1.795,0.0000,-0.7148,0.0000,0.6993
6.990,1,6.511,-1.054,-1.795,0.0000,-0.7148,0.0000,0.6993
6.990,1,6.511,-1.054,-1.795,0.0000,-0.7148,0.0000,0.6993
6.990,1,6.511,-1.054,-1.795,0.0000,-0.7148,0.0000,0.6993
6.990,1,6.511,-1.054,-1.795,0.0000,-0.7148,0.0000,0.6993
6.990,1,6.511,-1.054,-1.795,0.0000,-0.7148,0.0000,0.6993
6.990,1,6.511,-1.054,-1.795,0.0000,-0.7148,0.0000,0.6993
6.990,1,6.511,-1.054,-1.795,0.0000,-0.7148,0.0000,0.6993
6.990,1,6.511,-1.054,-1.795,0.0000,-0.7148,0.0000,0.6993
6.990,1,6.511,-1.054,-1.795,0.0000,-0.7148,0.0000,0.6993
6.990,1,6.511,-1.054,-1.795,0.0000,-0.7148,0.0000,0.6993
6.990,1,6.511,-1.054,-1.795,0.0000,-0.7148,0.0000,0.6993
6.990,1,6.511,-1.054,-1.795,0.0000,-0.7148,0.0000,0.6993
7.007,1,6.511,-1.132,-1.795,0.0000,-0.7148,0.0000,0.6993
7.048,1,6.511,-1.237,-1.795,0.0000,-0.7148,0.0000,0.6993
7.074,1,6.511,-1.271,-1.795,0.0000,-0.7148,0.0000,0.6993
7.101,1,6.511,-1.360,-1.795,0.0000,-0.7148,0.0000,0.6993
7.143,1,6.511,-1.468,-1.795,0.0000,-0.7148,0.0000,0.6993
7.172,1,6.511,-1.528,-1.795,0.0000,-0.7148,0.0000,0.6993
7.214,1,6.511,-1.659,-1.795,0.0000,-0.7148,0.0000,0.6993
7.241,1,6.511,-1.711,-1.795,0.0000,-0.7148,0.0000,0.6993
7.270,1,6.511,-1.693,-1.795,0.0000,-0.7148,0.0000,0.6993
7.311,1,6.511,-1.616,-1.795,0.0000,-0.7148,0.0000,0.6993
7.339,1,6.511,-1.642,-1.795,0.0000,-0.7148,0.0000,0.6993
7.368,1,6.511,-1.646,-1.795,0.0000,-0.7148,0.0000,0.6993
7.404,1,6.511,-1.646,-1.795,0.0000,-0.7148,0.0000,0.6993
7.436,1,6.511,-1.646,-1.795,0.0000,-0.7148,0.0000,0.6993
7.477,1,6.511,-1.646,-1.795,0.0000,-0.7148,0.0000,0.6993
7.507,1,6.511,-1.646,-1.795,0.0000,-0.7148,0.0000,0.6993
7.534,1,6.511,-1.646,-1.795,0.0000,-0.7148,0.0000,0.6993
7.572,1,6.511,-1.646,-1.795,0.0000,-0.7148,0.0000,0.6993
7.603,1,6.511,-1.646,-1.795,0.0000,-0.7148,0.0000,0.6993
7.646,1,6.511,-1.646,-1.795,0.0000,-0.7148,0.0000,0.6993
7.742,1,6.529,-0.558,-1.809,0.0158,-0.5625,-0.0109,0.8265
7.742,1,6.529,-0.558,-1.809,0.0158,-0.5625,-0.0109,0.8265
7.742,1,6.529,-0.558,-1.809,0.0158,-0.5625,-0.0109,0.8265
7.788,1,6.529,-0.708,-1.810,0.0148,-0.5721,-0.0137,0.8199
7.813,1,6.529,-0.708,-1.811,0.0151,-0.5755,-0.0136,0.8176
7.840,1,6.529,-0.708,-1.811,0.0150,-0.5802,-0.0139,0.8142
7.868,1,6.529,-0.708,-1.812,0.0144,-0.5815,-0.0139,0.8133
7.911,1,6.528,-0.708,-1.812,0.0143,-0.5851,-0.0135,0.8107
7.937,1,6.528,-0.708,-1.813,0.0132,-0.5877,-0.0138,0.8089
7.978,1,6.527,-0.707,-1.813,0.0102,-0.5917,-0.0157,0.8059
8.007,1,6.527,-0.707,-1.814,0.0091,-0.5941,-0.0162,0.8042
8.035,1,6.527,-0.707,-1.814,0.0089,-0.5959,-0.0167,0.8028
8.078,1,6.527,-0.706,-1.815,0.0082,-0.5983,-0.0178,0.8010
8.105,1,6.526,-0.706,-1.815,0.0079,-0.5994,-0.0174,0.8002
8.146,1,6.526,-0.706,-1.816,0.0070,-0.6022,-0.0180,0.7981
8.174,1,6.526,-0.706,-1.817,0.0056,-0.6050,-0.0185,0.7960
8.202,1,6.525,-0.705,-1.818,0.0037,-0.6080,-0.0195,0.7937
8.243,1,6.525,-0.705,-1.820,0.0016,-0.6128,-0.0203,0.7899
8.271,1,6.524,-0.705,-1.820,0.0007,-0.6160,-0.0200,0.7875
8.301,1,6.524,-0.704,-1.821,0.0000,-0.6188,-0.0196,0.7853
8.342,1,6.524,-0.703,-1.822,-0.0029,-0.6229,-0.0192,0.7820
8.368,1,6.524,-0.702,-1.823,-0.0067,-0.6259,-0.0188,0.7797
8.410,1,6.524,-0.701,-1.823,-0.0122,-0.6299,-0.0187,0.7764
8.439,1,6.524,-0.700,-1.823,-0.0147,-0.6326,-0.0197,0.7741
8.468,1,6.524,-0.700,-1.823,-0.0165,-0.6351,-0.0199,0.7720
8.509,1,6.525,-0.699,-1.823,-0.0187,-0.6399,-0.0196,0.7680
8.537,1,6.525,-0.698,-1.822,-0.0204,-0.6433,-0.0213,0.7650
8.579,1,6.526,-0.697,-1.822,-0.0213,-0.6484,-0.0235,0.7606
8.606,1,6.527,-0.696,-1.822,-0.0244,-0.6532,-0.0259,0.7564
8.634,1,6.528,-0.696,-1.823,-0.0265,-0.6592,-0.0285,0.7510
8.677,1,6.530,-0.695,-1.823,-0.0291,-0.6685,-0.0295,0.7426
8.705,1,6.531,-0.695,-1.823,-0.0307,-0.6746,-0.0296,0.7370
8.746,1,6.534,-0.694,-1.824,-0.0318,-0.6826,-0.0318,0.7294
8.774,1,6.535,-0.694,-1.824,-0.0332,-0.6872,-0.0314,0.7250
8.803,1,6.538,-0.694,-1.823,-0.0345,-0.6914,-0.0306,0.7210
8.843,1,6.541,-0.694,-1.823,-0.0349,-0.6973,-0.0313,0.7152
8.871,1,6.544,-0.694,-1.822,-0.0353,-0.7007,-0.0312,0.7119
8.913,1,6.548,-0.694,-1.821,-0.0370,-0.7062,-0.0318,0.7064
8.941,1,6.550,-0.694,-1.821,-0.0379,-0.7106,-0.0332,0.7018
8.969,1,6.553,-0.693,-1.820,-0.0389,-0.7143,-0.0348,0.6978
9.011,1,6.557,-0.693,-1.818,-0.0417,-0.7197,-0.0367,0.6921
9.039,1,6.559,-0.692,-1.817,-0.0435,-0.7231,-0.0385,0.6883
9.067,1,6.562,-0.692,-1.815,-0.0457,-0.7266,-0.0404,0.6844
9.109,1,6.566,-0.692,-1.814,-0.0473,-0.7320,-0.0423,0.6784
9.137,1,6.569,-0.692,-1.812,-0.0484,-0.7354,-0.0444,0.6744
9.179,1,6.573,-0.691,-1.810,-0.0515,-0.7406,-0.0478,0.6683
9.207,1,6.575,-0.691,-1.809,-0.0525,-0.7441,-0.0493,0.6641
9.234,1,6.578,-0.691,-1.807,-0.0539,-0.7473,-0.0506,0.6604
9.277,1,6.582,-0.691,-1.805,-0.0559,-0.7515,-0.0530,0.6553
9.305,1,6.584,-0.690,-1.804,-0.0573,-0.7539,-0.0552,0.6521
9.348,1,6.588,-0.690,-1.802,-0.0593,-0.7574,-0.0567,0.6478
9.374,1,6.590,-0.691,-1.801,-0.0587,-0.7593,-0.0568,0.6456
9.403,1,6.592,-0.691,-1.799,-0.0579,-0.7609,-0.0564,0.6438
9.445,1,6.594,-0.691,-1.797,-0.0586,-0.7629,-0.0565,0.6414
9.473,1,6.595,-0.691,-1.796,-0.0584,-0.7636,-0.0566,0.6406
9.502,1,6.596,-0.691,-1.795,-0.0582,-0.7643,-0.0583,0.6396
9.541,1,6.598,-0.691,-1.794,-0.0597,-0.7656,-0.0613,0.6376
9.570,1,6.598,-0.690,-1.794,-0.0606,-0.7663,-0.0628,0.6365
9.611,1,6.599,-0.691,-1.793,-0.0614,-0.7672,-0.0627,0.6354
9.638,1,6.600,-0.691,-1.793,-0.0602,-0.7680,-0.0628,0.6345
9.679,1,6.601,-0.692,-1.792,-0.0575,-0.7691,-0.0627,0.6335
9.707,1,6.601,-0.692,-1.792,-0.0555,-0.7694,-0.0625,0.6332
9.735,1,6.602,-0.692,-1.793,-0.0545,-0.7696,-0.0628,0.6331
9.776,1,6.602,-0.692,-1.793,-0.0546,-0.7690,-0.0635,0.6337
9.804,1,6.602,-0.692,-1.793,-0.0554,-0.7684,-0.0630,0.6344
9.847,1,6.602,-0.692,-1.794,-0.0573,-0.7683,-0.0633,0.6343
9.875,1,6.602,-0.692,-1.794,-0.0573,-0.7682,-0.0632,0.6345
9.902,1,6.602,-0.692,-1.795,-0.0569,-0.7682,-0.0630,0.6346
9.944,1,6.602,-0.692,-1.796,-0.0572,-0.7684,-0.0634,0.6343
9.973,1,6.602,-0.692,-1.796,-0.0578,-0.7682,-0.0638,0.6345
10.001,1,6.601,-0.692,-1.797,-0.0586,-0.7679,-0.0645,0.6347
10.043,1,6.600,-0.692,-1.797,-0.0601,-0.7676,-0.0653,0.6347
10.070,1,6.600,-0.691,-1.798,-0.0606,-0.7675,-0.0653,0.6348
10.112,1,6.599,-0.691,-1.798,-0.0609,-0.7671,-0.0648,0.6353
10.141,1,6.599,-0.692,-1.798,-0.0605,-0.7671,-0.0635,0.6355
10.168,1,6.599,-0.692,-1.798,-0.0601,-0.7671,-0.0622,0.6357
10.209,1,6.598,-0.692,-1.798,-0.0594,-0.7670,-0.0617,0.6359
10.237,1,6.598,-0.692,-1.798,-0.0593,-0.7670,-0.0615,0.6359
10.280,1,6.598,-0.692,-1.798,-0.0596,-0.7674,-0.0624,0.6353
10.307,1,6.598,-0.692,-1.799,-0.0601,-0.7684,-0.0632,0.6340
10.335,1,6.598,-0.692,-1.799,-0.0611,-0.7693,-0.0621,0.6330
10.376,1,6.598,-0.692,-1.800,-0.0623,-0.7702,-0.0615,0.6317
10.404,1,6.598,-0.691,-1.801,-0.0631,-0.7712,-0.0634,0.6303
10.446,1,6.597,-0.691,-1.803,-0.0643,-0.7751,-0.0635,0.6254
10.473,1,6.597,-0.692,-1.804,-0.0645,-0.7781,-0.0617,0.6218
10.501,1,6.597,-0.692,-1.805,-0.0647,-0.7802,-0.0601,0.6193
10.543,1,6.597,-0.691,-1.806,-0.0668,-0.7825,-0.0600,0.6161
10.571,1,6.597,-0.691,-1.807,-0.0681,-0.7837,-0.0600,0.6145
10.614,1,6.597,-0.691,-1.808,-0.0688,-0.7844,-0.0593,0.6135
10.640,1,6.597,-0.692,-1.809,-0.0695,-0.7850,-0.0587,0.6128
10.667,1,6.596,-0.692,-1.810,-0.0699,-0.7854,-0.0575,0.6123
10.709,1,6.596,-0.692,-1.811,-0.0692,-0.7856,-0.0555,0.6124
10.740,1,6.596,-0.692,-1.811,-0.0694,-0.7861,-0.0552,0.6117
10.779,1,6.596,-0.692,-1.812,-0.0699,-0.7870,-0.0551,0.6105
10.808,1,6.595,-0.692,-1.813,-0.0699,-0.7869,-0.0551,0.6106
10.835,1,6.595,-0.692,-1.813,-0.0702,-0.7869,-0.0549,0.6106
10.877,1,6.595,-0.692,-1.814,-0.0707,-0.7865,-0.0545,0.6111
10.904,1,6.595,-0.692,-1.814,-0.0711,-0.7862,-0.0545,0.6115
10.945,1,6.595,-0.692,-1.814,-0.0716,-0.7853,-0.0554,0.6125
10.973,1,6.595,-0.691,-1.813,-0.0721,-0.7843,-0.0558,0.6137
11.001,1,6.594,-0.691,-1.813,-0.0725,-0.7831,-0.0562,0.6151
11.042,1,6.594,-0.691,-1.813,-0.0725,-0.7817,-0.0570,0.6168
11.074,1,6.594,-0.691,-1.813,-0.0726,-0.7814,-0.0569,0.6172
11.113,1,6.593,-0.691,-1.812,-0.0714,-0.7794,-0.0567,0.6198
11.141,1,6.593,-0.691,-1.812,-0.0709,-0.7782,-0.0567,0.6214
11.170,1,6.592,-0.691,-1.811,-0.0705,-0.7771,-0.0570,0.6228
11.212,1,6.592,-0.691,-1.811,-0.0698,-0.7752,-0.0576,0.6252
11.238,1,6.591,-0.691,-1.811,-0.0698,-0.7740,-0.0581,0.6266
11.280,1,6.591,-0.691,-1.811,-0.0698,-0.7728,-0.0596,0.6279
11.309,1,6.590,-0.691,-1.811,-0.0684,-0.7719,-0.0603,0.6291
11.335,1,6.590,-0.691,-1.811,-0.0680,-0.7712,-0.0593,0.6301
11.378,1,6.590,-0.691,-1.811,-0.0670,-0.7701,-0.0593,0.6316
11.406,1,6.589,-0.691,-1.811,-0.0667,-0.7692,-0.0596,0.6327
11.434,1,6.589,-0.691,-1.811,-0.0669,-0.7683,-0.0594,0.6338
11.475,1,6.589,-0.691,-1.811,-0.0672,-0.7670,-0.0605,0.6353
11.503,1,6.589,-0.691,-1.811,-0.0677,-0.7663,-0.0607,0.6361
11.545,1,6.589,-0.691,-1.811,-0.0683,-0.7650,-0.0613,0.6374
11.573,1,6.589,-0.690,-1.811,-0.0690,-0.7644,-0.0619,0.6381
11.601,1,6.588,-0.690,-1.811,-0.0697,-0.7639,-0.0621,0.6385
11.644,1,6.588,-0.690,-1.811,-0.0698,-0.7630,-0.0627,0.6396
11.671,1,6.588,-0.690,-1.811,-0.0703,-0.7624,-0.0634,0.6401
11.713,1,6.589,-0.690,-1.811,-0.0709,-0.7615,-0.0644,0.6410
11.741,1,6.589,-0.690,-1.811,-0.0712,-0.7608,-0.0648,0.6418
11.768,1,6.589,-0.690,-1.810,-0.0715,-0.7602,-0.0646,0.6426
11.810,1,6.588,-0.690,-1.810,-0.0721,-0.7593,-0.0645,0.6436
11.838,1,6.588,-0.690,-1.810,-0.0723,-0.7589,-0.0644,0.6439
11.880,1,6.589,-0.690,-1.811,-0.0723,-0.7587,-0.0645,0.6442
11.907,1,6.589,-0.690,-1.811,-0.0727,-0.7587,-0.0640,0.6442
11.935,1,6.589,-0.690,-1.811,-0.0736,-0.7593,-0.0644,0.6434
11.977,1,6.589,-0.689,-1.811,-0.0743,-0.7611,-0.0660,0.6410
12.005,1,6.589,-0.689,-1.812,-0.0743,-0.7620,-0.0659,0.6399
12.035,1,6.589,-0.689,-1.812,-0.0746,-0.7627,-0.0654,0.6391
12.074,1,6.589,-0.689,-1.813,-0.0753,-0.7635,-0.0655,0.6380
12.102,1,6.589,-0.689,-1.813,-0.0758,-0.7636,-0.0654,0.6378
12.145,1,6.590,-0.689,-1.813,-0.0774,-0.7640,-0.0653,0.6372
12.174,1,6.590,-0.689,-1.813,-0.0773,-0.7642,-0.0677,0.6367
12.201,1,6.590,-0.688,-1.813,-0.0778,-0.7646,-0.0683,0.6361
12.243,1,6.590,-0.688,-1.813,-0.0783,-0.7645,-0.0688,0.6362
12.272,1,6.591,-0.688,-1.813,-0.0790,-0.7642,-0.0704,0.6362
12.313,1,6.591,-0.688,-1.813,-0.0810,-0.7636,-0.0714,0.6366
12.340,1,6.591,-0.687,-1.813,-0.0814,-0.7632,-0.0718,0.6370
12.368,1,6.592,-0.687,-1.812,-0.0811,-0.7629,-0.0722,0.6373
12.411,1,6.592,-0.688,-1.812,-0.0810,-0.7623,-0.0721,0.6380
12.439,1,6.592,-0.688,-1.812,-0.0809,-0.7619,-0.0726,0.6386
12.481,1,6.592,-0.687,-1.812,-0.0807,-0.7613,-0.0737,0.6392
12.508,1,6.592,-0.687,-1.811,-0.0810,-0.7611,-0.0739,0.6393
12.536,1,6.592,-0.687,-1.811,-0.0808,-0.7607,-0.0739,0.6398
12.578,1,6.592,-0.687,-1.811,-0.0801,-0.7601,-0.0740,0.6406
12.605,1,6.592,-0.687,-1.811,-0.0803,-0.7597,-0.0746,0.6410
12.647,1,6.591,-0.687,-1.810,-0.0802,-0.7590,-0.0748,0.6418
12.675,1,6.591,-0.687,-1.810,-0.0792,-0.7585,-0.0741,0.6426
12.701,1,6.591,-0.687,-1.810,-0.0794,-0.7584,-0.0747,0.6426
12.742,1,6.591,-0.688,-1.810,-0.0781,-0.7586,-0.0735,0.6427
12.771,1,6.590,-0.688,-1.810,-0.0773,-0.7587,-0.0730,0.6427
12.800,1,6.590,-0.688,-1.810,-0.0771,-0.7589,-0.0733,0.6424
12.839,1,6.590,-0.688,-1.810,-0.0762,-0.7591,-0.0737,0.6422
12.867,1,6.590,-0.688,-1.810,-0.0762,-0.7588,-0.0740,0.6426
12.910,1,6.590,-0.688,-1.810,-0.0749,-0.7580,-0.0734,0.6438
12.937,1,6.589,-0.688,-1.810,-0.0751,-0.7573,-0.0740,0.6445
12.978,1,6.589,-0.688,-1.809,-0.0756,-0.7562,-0.0741,0.6457
13.007,1,6.589,-0.688,-1.809,-0.0760,-0.7555,-0.0735,0.6465
13.035,1,6.589,-0.688,-1.809,-0.0751,-0.7551,-0.0736,0.6471
13.076,1,6.589,-0.688,-1.809,-0.0727,-0.7546,-0.0729,0.6480
13.104,1,6.589,-0.689,-1.808,-0.0723,-0.7541,-0.0712,0.6489
13.146,1,6.589,-0.689,-1.808,-0.0697,-0.7526,-0.0697,0.6510
13.174,1,6.589,-0.690,-1.807,-0.0691,-0.7513,-0.0681,0.6528
13.201,1,6.588,-0.690,-1.807,-0.0697,-0.7496,-0.0676,0.6547
13.243,1,6.588,-0.690,-1.806,-0.0694,-0.7464,-0.0681,0.6584
13.271,1,6.588,-0.690,-1.805,-0.0681,-0.7440,-0.0668,0.6614
13.314,1,6.587,-0.690,-1.803,-0.0681,-0.7393,-0.0650,0.6667
13.343,1,6.587,-0.690,-1.803,-0.0678,-0.7360,-0.0645,0.6705
13.368,1,6.587,-0.691,-1.801,-0.0668,-0.7324,-0.0634,0.6746
13.410,1,6.587,-0.691,-1.800,-0.0660,-0.7266,-0.0623,0.6810
13.438,1,6.587,-0.691,-1.799,-0.0656,-0.7229,-0.0621,0.6850
13.479,1,6.587,-0.691,-1.797,-0.0646,-0.7171,-0.0616,0.6913
13.507,1,6.587,-0.691,-1.796,-0.0641,-0.7134,-0.0620,0.6951
13.535,1,6.587,-0.692,-1.795,-0.0629,-0.7097,-0.0620,0.6989
13.575,1,6.586,-0.692,-1.793,-0.0610,-0.7058,-0.0615,0.7031
13.604,1,6.586,-0.692,-1.793,-0.0594,-0.7047,-0.0620,0.7043
13.646,1,6.586,-0.692,-1.792,-0.0570,-0.7038,-0.0616,0.7055
13.675,1,6.586,-0.692,-1.792,-0.0568,-0.7037,-0.0618,0.7055
13.717,1,6.586,-0.692,-1.792,-0.0569,-0.7046,-0.0625,0.7046
13.743,1,6.586,-0.692,-1.792,-0.0558,-0.7051,-0.0622,0.7042
13.773,1,6.586,-0.693,-1.792,-0.0556,-0.7058,-0.0616,0.7035
13.802,1,6.586,-0.692,-1.792,-0.0555,-0.7066,-0.0614,0.7028
13.841,1,6.586,-0.693,-1.792,-0.0549,-0.7074,-0.0606,0.7021
13.869,1,6.586,-0.693,-1.793,-0.0550,-0.7079,-0.0601,0.7016
13.910,1,6.586,-0.693,-1.793,-0.0547,-0.7085,-0.0614,0.7009
13.939,1,6.586,-0.693,-1.793,-0.0536,-0.7085,-0.0614,0.7009
13.980,1,6.586,-0.693,-1.793,-0.0532,-0.7091,-0.0605,0.7005
14.007,1,6.585,-0.693,-1.793,-0.0528,-0.7096,-0.0606,0.7000
14.036,1,6.585,-0.693,-1.794,-0.0528,-0.7103,-0.0606,0.6993
14.077,1,6.585,-0.693,-1.794,-0.0529,-0.7114,-0.0601,0.6982
14.106,1,6.585,-0.693,-1.794,-0.0527,-0.7123,-0.0602,0.6973
14.134,1,6.585,-0.693,-1.795,-0.0528,-0.7132,-0.0599,0.6964
14.176,1,6.585,-0.693,-1.795,-0.0533,-0.7143,-0.0591,0.6953
14.203,1,6.585,-0.693,-1.796,-0.0536,-0.7153,-0.0591,0.6942
14.245,1,6.585,-0.693,-1.796,-0.0539,-0.7169,-0.0584,0.6927
14.273,1,6.585,-0.693,-1.796,-0.0536,-0.7178,-0.0584,0.6917
14.314,1,6.585,-0.693,-1.797,-0.0533,-0.7191,-0.0584,0.6904
14.342,1,6.585,-0.693,-1.797,-0.0530,-0.7196,-0.0581,0.6899
14.370,1,6.585,-0.693,-1.797,-0.0531,-0.7202,-0.0581,0.6893
14.412,1,6.585,-0.693,-1.797,-0.0528,-0.7207,-0.0583,0.6887
14.440,1,6.585,-0.693,-1.798,-0.0526,-0.7209,-0.0580,0.6886
14.467,1,6.585,-0.693,-1.798,-0.0528,-0.7209,-0.0580,0.6886
14.509,1,6.585,-0.693,-1.798,-0.0533,-0.7211,-0.0583,0.6884
14.537,1,6.585,-0.693,-1.798,-0.0534,-0.7212,-0.0583,0.6882
14.579,1,6.585,-0.693,-1.798,-0.0535,-0.7211,-0.0582,0.6883
14.607,1,6.585,-0.693,-1.798,-0.0536,-0.7212,-0.0585,0.6881
14.635,1,6.585,-0.693,-1.798,-0.0537,-0.7215,-0.0588,0.6878
14.677,1,6.585,-0.693,-1.798,-0.0539,-0.7220,-0.0584,0.6873
14.705,1,6.585,-0.693,-1.798,-0.0541,-0.7224,-0.0579,0.6869
14.747,1,6.585,-0.693,-1.798,-0.0538,-0.7225,-0.0580,0.6868
14.775,1,6.585,-0.693,-1.798,-0.0529,-0.7224,-0.0582,0.6870
14.803,1,6.585,-0.693,-1.798,-0.0533,-0.7226,-0.0573,0.6868
14.844,1,6.585,-0.693,-1.798,-0.0525,-0.7228,-0.0571,0.6867
14.873,1,6.585,-0.693,-1.798,-0.0529,-0.7231,-0.0568,0.6863
14.901,1,6.585,-0.693,-1.798,-0.0532,-0.7234,-0.0568,0.6860
14.943,1,6.585,-0.693,-1.798,-0.0528,-0.7237,-0.0571,0.6857
14.971,1,6.585,-0.693,-1.798,-0.0531,-0.7238,-0.0568,0.6856
15.012,1,6.584,-0.693,-1.798,-0.0530,-0.7238,-0.0570,0.6856
15.040,1,6.584,-0.693,-1.799,-0.0530,-0.7237,-0.0568,0.6857
15.069,1,6.584,-0.693,-1.799,-0.0534,-0.7237,-0.0560,0.6858
15.111,1,6.584,-0.693,-1.799,-0.0531,-0.7237,-0.0559,0.6858
15.138,1,6.584,-0.693,-1.799,-0.0532,-0.7238,-0.0560,0.6857
15.167,1,6.584,-0.693,-1.799,-0.0535,-0.7239,-0.0564,0.6855
15.208,1,6.584,-0.693,-1.799,-0.0536,-0.7240,-0.0564,0.6854
15.237,1,6.584,-0.693,-1.799,-0.0538,-0.7239,-0.0564,0.6855
15.279,1,6.584,-0.693,-1.799,-0.0538,-0.7238,-0.0562,0.6856
15.307,1,6.585,-0.693,-1.799,-0.0539,-0.7238,-0.0561,0.6856
15.334,1,6.585,-0.693,-1.799,-0.0541,-0.7238,-0.0563,0.6856
15.376,1,6.585,-0.693,-1.799,-0.0544,-0.7239,-0.0565,0.6854
15.405,1,6.584,-0.693,-1.799,-0.0545,-0.7242,-0.0567,0.6851
15.445,1,6.585,-0.693,-1.799,-0.0544,-0.7242,-0.0565,0.6851
15.473,1,6.585,-0.693,-1.799,-0.0545,-0.7241,-0.0563,0.6853
15.515,1,6.585,-0.693,-1.799,-0.0547,-0.7238,-0.0566,0.6855
15.542,1,6.585,-0.693,-1.799,-0.0546,-0.7237,-0.0566,0.6856
15.569,1,6.585,-0.693,-1.799,-0.0546,-0.7237,-0.0565,0.6857
15.613,1,6.584,-0.693,-1.799,-0.0547,-0.7236,-0.0570,0.6857
15.640,1,6.584,-0.693,-1.799,-0.0537,-0.7234,-0.0579,0.6859
15.682,1,6.584,-0.693,-1.799,-0.0540,-0.7233,-0.0567,0.6861
15.709,1,6.584,-0.693,-1.799,-0.0533,-0.7232,-0.0567,0.6863
15.737,1,6.585,-0.693,-1.799,-0.0535,-0.7233,-0.0566,0.6861
15.779,1,6.584,-0.693,-1.799,-0.0543,-0.7237,-0.0567,0.6856
15.806,1,6.584,-0.693,-1.799,-0.0541,-0.7240,-0.0573,0.6853
15.847,1,6.584,-0.693,-1.799,-0.0549,-0.7242,-0.0571,0.6851
15.875,1,6.585,-0.693,-1.799,-0.0546,-0.7241,-0.0575,0.6851
15.903,1,6.585,-0.693,-1.799,-0.0545,-0.7237,-0.0577,0.6856
15.944,1,6.585,-0.693,-1.799,-0.0552,-0.7231,-0.0571,0.6861
15.972,1,6.585,-0.693,-1.799,-0.0549,-0.7231,-0.0576,0.6862
16.014,1,6.585,-0.693,-1.798,-0.0545,-0.7230,-0.0579,0.6863
16.042,1,6.585,-0.693,-1.798,-0.0543,-0.7229,-0.0581,0.6864
16.070,1,6.585,-0.693,-1.798,-0.0543,-0.7227,-0.0579,0.6866
16.113,1,6.585,-0.693,-1.798,-0.0541,-0.7224,-0.0575,0.6870
16.140,1,6.585,-0.693,-1.798,-0.0541,-0.7221,-0.0574,0.6872
16.168,1,6.585,-0.693,-1.798,-0.0541,-0.7219,-0.0576,0.6875
16.209,1,6.585,-0.693,-1.798,-0.0540,-0.7212,-0.0580,0.6882
16.238,1,6.585,-0.693,-1.798,-0.0543,-0.7197,-0.0582,0.6897
16.279,1,6.585,-0.693,-1.797,-0.0542,-0.7170,-0.0584,0.6925
16.308,1,6.585,-0.693,-1.796,-0.0537,-0.7152,-0.0585,0.6944
16.335,1,6.585,-0.693,-1.796,-0.0532,-0.7130,-0.0585,0.6967
16.376,1,6.585,-0.693,-1.794,-0.0522,-0.7091,-0.0587,0.7007
16.403,1,6.585,-0.694,-1.793,-0.0514,-0.7059,-0.0587,0.7040
16.445,1,6.585,-0.694,-1.791,-0.0497,-0.7000,-0.0577,0.7101
16.472,1,6.585,-0.694,-1.790,-0.0490,-0.6957,-0.0569,0.7144
16.514,1,6.585,-0.694,-1.788,-0.0474,-0.6891,-0.0571,0.7209
16.542,1,6.585,-0.694,-1.787,-0.0462,-0.6848,-0.0572,0.7250
16.570,1,6.585,-0.695,-1.786,-0.0459,-0.6811,-0.0575,0.7284
16.611,1,6.585,-0.695,-1.784,-0.0446,-0.6764,-0.0573,0.7329
16.640,1,6.585,-0.695,-1.783,-0.0438,-0.6734,-0.0567,0.7358
16.680,1,6.585,-0.695,-1.782,-0.0440,-0.6707,-0.0568,0.7382
16.708,1,6.585,-0.695,-1.782,-0.0434,-0.6695,-0.0579,0.7393
16.736,1,6.585,-0.695,-1.781,-0.0432,-0.6683,-0.0586,0.7403
16.778,1,6.585,-0.695,-1.781,-0.0429,-0.6667,-0.0593,0.7417
16.807,1,6.585,-0.695,-1.780,-0.0426,-0.6661,-0.0594,0.7422
16.847,1,6.585,-0.695,-1.780,-0.0420,-0.6653,-0.0593,0.7430
16.874,1,6.585,-0.695,-1.780,-0.0417,-0.6650,-0.0593,0.7433
16.903,1,6.585,-0.695,-1.780,-0.0412,-0.6651,-0.0594,0.7432
16.946,1,6.584,-0.695,-1.781,-0.0399,-0.6649,-0.0593,0.7435
16.973,1,6.584,-0.696,-1.781,-0.0395,-0.6642,-0.0592,0.7442
17.001,1,6.584,-0.696,-1.780,-0.0388,-0.6632,-0.0590,0.7451
17.042,1,6.584,-0.696,-1.780,-0.0379,-0.6616,-0.0590,0.7466
17.072,1,6.584,-0.696,-1.780,-0.0375,-0.6603,-0.0589,0.7477
17.112,1,6.583,-0.696,-1.780,-0.0371,-0.6589,-0.0592,0.7489
17.140,1,6.583,-0.696,-1.780,-0.0364,-0.6577,-0.0598,0.7500
17.167,1,6.583,-0.696,-1.780,-0.0361,-0.6566,-0.0595,0.7511
17.210,1,6.583,-0.696,-1.779,-0.0350,-0.6551,-0.0592,0.7524
17.238,1,6.583,-0.696,-1.779,-0.0342,-0.6542,-0.0590,0.7533
17.280,1,6.582,-0.696,-1.779,-0.0331,-0.6533,-0.0580,0.7542
17.308,1,6.582,-0.697,-1.778,-0.0320,-0.6527,-0.0573,0.7547
17.335,1,6.582,-0.697,-1.778,-0.0311,-0.6523,-0.0568,0.7552
17.377,1,6.581,-0.697,-1.778,-0.0296,-0.6522,-0.0562,0.7554
17.405,1,6.581,-0.697,-1.777,-0.0283,-0.6522,-0.0562,0.7554
17.447,1,6.580,-0.698,-1.777,-0.0257,-0.6524,-0.0546,0.7555
17.474,1,6.580,-0.698,-1.777,-0.0246,-0.6528,-0.0528,0.7552
17.502,1,6.580,-0.699,-1.777,-0.0233,-0.6531,-0.0526,0.7551
17.544,1,6.579,-0.699,-1.777,-0.0218,-0.6539,-0.0508,0.7546
17.572,1,6.579,-0.699,-1.777,-0.0213,-0.6545,-0.0498,0.7541
17.613,1,6.578,-0.700,-1.777,-0.0208,-0.6554,-0.0499,0.7533
17.641,1,6.578,-0.699,-1.777,-0.0211,-0.6561,-0.0498,0.7527
17.669,1,6.577,-0.700,-1.777,-0.0205,-0.6566,-0.0498,0.7523
17.711,1,6.577,-0.700,-1.777,-0.0198,-0.6577,-0.0486,0.7515
17.739,1,6.577,-0.700,-1.777,-0.0199,-0.6584,-0.0483,0.7509
17.768,1,6.576,-0.700,-1.778,-0.0203,-0.6590,-0.0487,0.7503
17.809,1,6.576,-0.700,-1.778,-0.0198,-0.6598,-0.0483,0.7497
17.837,1,6.576,-0.700,-1.778,-0.0199,-0.6601,-0.0482,0.7494
17.879,1,6.576,-0.700,-1.778,-0.0203,-0.6603,-0.0473,0.7492
17.908,1,6.576,-0.700,-1.779,-0.0197,-0.6604,-0.0462,0.7492
17.935,1,6.576,-0.700,-1.779,-0.0190,-0.6605,-0.0455,0.7492
17.976,1,6.575,-0.700,-1.779,-0.0192,-0.6609,-0.0445,0.7489
18.005,1,6.575,-0.700,-1.779,-0.0195,-0.6613,-0.0440,0.7486
18.047,1,6.574,-0.700,-1.780,-0.0205,-0.6619,-0.0440,0.7480
18.075,1,6.574,-0.700,-1.780,-0.0208,-0.6625,-0.0436,0.7475
18.102,1,6.574,-0.700,-1.780,-0.0210,-0.6633,-0.0425,0.7468
18.144,1,6.573,-0.700,-1.781,-0.0212,-0.6644,-0.0417,0.7459
18.172,1,6.573,-0.700,-1.781,-0.0220,-0.6649,-0.0422,0.7454
18.201,1,6.572,-0.700,-1.781,-0.0229,-0.6654,-0.0422,0.7449
18.242,1,6.572,-0.700,-1.782,-0.0242,-0.6666,-0.0419,0.7438
18.270,1,6.572,-0.700,-1.782,-0.0239,-0.6671,-0.0428,0.7434
18.313,1,6.572,-0.700,-1.783,-0.0236,-0.6680,-0.0429,0.7425
18.342,1,6.572,-0.700,-1.783,-0.0246,-0.6684,-0.0434,0.7421
18.368,1,6.572,-0.699,-1.783,-0.0258,-0.6689,-0.0448,0.7415
18.409,1,6.572,-0.699,-1.784,-0.0261,-0.6700,-0.0471,0.7404
18.437,1,6.572,-0.699,-1.784,-0.0278,-0.6705,-0.0497,0.7397
18.478,1,6.572,-0.697,-1.784,-0.0337,-0.6704,-0.0560,0.7391
18.506,1,6.572,-0.697,-1.784,-0.0339,-0.6701,-0.0565,0.7393
18.534,1,6.572,-0.696,-1.785,-0.0346,-0.6698,-0.0578,0.7395
18.575,1,6.572,-0.696,-1.785,-0.0370,-0.6696,-0.0587,0.7395
18.603,1,6.573,-0.696,-1.785,-0.0361,-0.6691,-0.0583,0.7400
18.645,1,6.572,-0.696,-1.785,-0.0364,-0.6681,-0.0585,0.7409
18.673,1,6.572,-0.696,-1.785,-0.0375,-0.6669,-0.0588,0.7419
18.714,1,6.572,-0.696,-1.785,-0.0392,-0.6650,-0.0610,0.7433
18.742,1,6.572,-0.695,-1.785,-0.0402,-0.6638,-0.0618,0.7443
18.771,1,6.571,-0.695,-1.785,-0.0423,-0.6617,-0.0630,0.7459
18.813,1,6.570,-0.694,-1.784,-0.0466,-0.6574,-0.0669,0.7491
18.839,1,6.570,-0.694,-1.784,-0.0474,-0.6545,-0.0678,0.7515
18.868,1,6.569,-0.693,-1.784,-0.0488,-0.6527,-0.0685,0.7529
18.909,1,6.569,-0.692,-1.785,-0.0520,-0.6512,-0.0717,0.7537
18.937,1,6.568,-0.692,-1.786,-0.0537,-0.6503,-0.0731,0.7543
18.978,1,6.567,-0.691,-1.787,-0.0571,-0.6494,-0.0756,0.7545
19.007,1,6.567,-0.691,-1.789,-0.0584,-0.6490,-0.0759,0.7548
19.034,1,6.566,-0.691,-1.790,-0.0590,-0.6489,-0.0755,0.7548
19.074,1,6.566,-0.691,-1.792,-0.0582,-0.6491,-0.0738,0.7549
19.102,1,6.565,-0.691,-1.793,-0.0574,-0.6486,-0.0732,0.7554
19.142,1,6.564,-0.690,-1.794,-0.0606,-0.6483,-0.0732,0.7554
19.169,1,6.564,-0.691,-1.795,-0.0612,-0.6476,-0.0718,0.7562
19.212,1,6.563,-0.690,-1.797,-0.0630,-0.6472,-0.0702,0.7565
19.240,1,6.563,-0.690,-1.798,-0.0658,-0.6472,-0.0703,0.7562
19.268,1,6.563,-0.690,-1.799,-0.0668,-0.6475,-0.0710,0.7558
19.310,1,6.563,-0.689,-1.800,-0.0696,-0.6483,-0.0724,0.7547
19.339,1,6.563,-0.689,-1.801,-0.0707,-0.6491,-0.0716,0.7540
19.368,1,6.563,-0.689,-1.801,-0.0720,-0.6499,-0.0717,0.7532
19.409,1,6.564,-0.689,-1.802,-0.0737,-0.6514,-0.0701,0.7519
19.437,1,6.564,-0.689,-1.803,-0.0729,-0.6526,-0.0683,0.7511
19.479,1,6.564,-0.688,-1.803,-0.0762,-0.6548,-0.0701,0.7487
19.507,1,6.565,-0.688,-1.803,-0.0766,-0.6563,-0.0708,0.7473
19.535,1,6.565,-0.687,-1.804,-0.0775,-0.6582,-0.0727,0.7453
19.577,1,6.566,-0.687,-1.805,-0.0804,-0.6631,-0.0777,0.7401
19.604,1,6.567,-0.686,-1.805,-0.0805,-0.6662,-0.0812,0.7370
19.646,1,6.568,-0.686,-1.806,-0.0840,-0.6703,-0.0842,0.7325
19.673,1,6.568,-0.686,-1.806,-0.0850,-0.6728,-0.0853,0.7300
19.701,1,6.569,-0.686,-1.807,-0.0842,-0.6747,-0.0855,0.7283
19.742,1,6.569,-0.684,-1.807,-0.0862,-0.6760,-0.0867,0.7267
19.770,1,6.570,-0.684,-1.807,-0.0904,-0.6758,-0.0890,0.7261
19.812,1,6.570,-0.684,-1.807,-0.0917,-0.6748,-0.0900,0.7267
19.840,1,6.571,-0.684,-1.807,-0.0928,-0.6737,-0.0907,0.7276
19.868,1,6.571,-0.683,-1.807,-0.0935,-0.6728,-0.0910,0.7282
19.911,1,6.571,-0.683,-1.807,-0.0953,-0.6718,-0.0923,0.7288
19.938,1,6.571,-0.683,-1.807,-0.0941,-0.6710,-0.0929,0.7296
19.978,1,6.572,-0.684,-1.807,-0.0909,-0.6711,-0.0907,0.7302
20.007,1,6.571,-0.684,-1.807,-0.0907,-0.6715,-0.0907,0.7298
20.035,1,6.571,-0.684,-1.807,-0.0903,-0.6718,-0.0901,0.7297
20.077,1,6.571,-0.684,-1.807,-0.0903,-0.6722,-0.0887,0.7294
20.105,1,6.571,-0.684,-1.808,-0.0924,-0.6727,-0.0905,0.7285
20.146,1,6.571,-0.683,-1.808,-0.0953,-0.6730,-0.0926,0.7276
20.174,1,6.571,-0.683,-1.808,-0.0971,-0.6730,-0.0922,0.7274
20.203,1,6.570,-0.682,-1.808,-0.0990,-0.6728,-0.0934,0.7272
20.244,1,6.570,-0.682,-1.808,-0.0994,-0.6723,-0.0926,0.7277
20.272,1,6.570,-0.682,-1.808,-0.0988,-0.6724,-0.0919,0.7278
20.300,1,6.570,-0.682,-1.808,-0.0999,-0.6723,-0.0937,0.7275
20.342,1,6.570,-0.683,-1.808,-0.0956,-0.6729,-0.0915,0.7278
20.370,1,6.570,-0.684,-1.808,-0.0937,-0.6733,-0.0897,0.7279
20.412,1,6.570,-0.684,-1.808,-0.0915,-0.6732,-0.0874,0.7285
20.439,1,6.570,-0.685,-1.808,-0.0901,-0.6732,-0.0862,0.7288
20.467,1,6.570,-0.685,-1.808,-0.0903,-0.6728,-0.0862,0.7292
20.509,1,6.570,-0.684,-1.808,-0.0922,-0.6719,-0.0874,0.7297
20.537,1,6.569,-0.684,-1.808,-0.0924,-0.6718,-0.0873,0.7298
20.578,1,6.569,-0.684,-1.808,-0.0939,-0.6721,-0.0880,0.7292
20.606,1,6.569,-0.684,-1.808,-0.0942,-0.6724,-0.0875,0.7289
20.635,1,6.569,-0.684,-1.808,-0.0942,-0.6724,-0.0869,0.7290
20.678,1,6.568,-0.684,-1.808,-0.0935,-0.6721,-0.0855,0.7296
20.705,1,6.568,-0.685,-1.808,-0.0916,-0.6717,-0.0840,0.7303
20.746,1,6.568,-0.685,-1.808,-0.0894,-0.6715,-0.0818,0.7311
20.775,1,6.568,-0.685,-1.808,-0.0884,-0.6713,-0.0808,0.7314
20.802,1,6.568,-0.686,-1.808,-0.0871,-0.6708,-0.0806,0.7321
20.844,1,6.567,-0.685,-1.808,-0.0883,-0.6701,-0.0795,0.7326
20.872,1,6.567,-0.685,-1.808,-0.0901,-0.6693,-0.0799,0.7331
20.900,1,6.567,-0.685,-1.808,-0.0911,-0.6694,-0.0801,0.7329
20.941,1,6.567,-0.685,-1.808,-0.0910,-0.6704,-0.0798,0.7321
20.970,1,6.567,-0.685,-1.809,-0.0916,-0.6705,-0.0807,0.7318
21.011,1,6.567,-0.685,-1.809,-0.0916,-0.6706,-0.0798,0.7318
21.040,1,6.567,-0.685,-1.809,-0.0919,-0.6706,-0.0796,0.7318
21.068,1,6.567,-0.685,-1.809,-0.0916,-0.6706,-0.0793,0.7319
21.109,1,6.567,-0.686,-1.809,-0.0895,-0.6706,-0.0766,0.7324
21.137,1,6.567,-0.686,-1.809,-0.0893,-0.6710,-0.0757,0.7322
21.180,1,6.567,-0.686,-1.810,-0.0899,-0.6715,-0.0759,0.7316
21.207,1,6.567,-0.686,-1.810,-0.0903,-0.6716,-0.0757,0.7314
21.235,1,6.567,-0.686,-1.810,-0.0908,-0.6714,-0.0758,0.7316
21.277,1,6.567,-0.686,-1.810,-0.0911,-0.6711,-0.0761,0.7318
21.305,1,6.566,-0.686,-1.810,-0.0905,-0.6703,-0.0762,0.7326
21.347,1,6.566,-0.686,-1.809,-0.0907,-0.6698,-0.0745,0.7332
21.375,1,6.566,-0.686,-1.809,-0.0904,-0.6697,-0.0745,0.7333
21.403,1,6.566,-0.686,-1.809,-0.0903,-0.6694,-0.0742,0.7337
21.444,1,6.566,-0.686,-1.809,-0.0904,-0.6687,-0.0737,0.7343
21.473,1,6.566,-0.686,-1.809,-0.0901,-0.6686,-0.0741,0.7344
21.514,1,6.566,-0.686,-1.809,-0.0886,-0.6686,-0.0738,0.7347
21.541,1,6.566,-0.686,-1.809,-0.0887,-0.6684,-0.0740,0.7348
21.569,1,6.566,-0.686,-1.809,-0.0900,-0.6678,-0.0748,0.7351
21.610,1,6.566,-0.686,-1.808,-0.0899,-0.6670,-0.0746,0.7358
21.638,1,6.566,-0.686,-1.808,-0.0896,-0.6670,-0.0737,0.7360
21.667,1,6.566,-0.686,-1.808,-0.0901,-0.6668,-0.0738,0.7361
21.707,1,6.566,-0.686,-1.808,-0.0896,-0.6668,-0.0741,0.7361
21.735,1,6.566,-0.686,-1.808,-0.0892,-0.6669,-0.0729,0.7362
21.776,1,6.566,-0.686,-1.808,-0.0881,-0.6665,-0.0728,0.7367
21.803,1,6.566,-0.686,-1.808,-0.0879,-0.6661,-0.0720,0.7372
21.844,1,6.566,-0.686,-1.807,-0.0875,-0.6654,-0.0721,0.7378
21.873,1,6.566,-0.687,-1.807,-0.0867,-0.6649,-0.0720,0.7384
21.913,1,6.566,-0.686,-1.807,-0.0877,-0.6646,-0.0737,0.7384
21.941,1,6.566,-0.686,-1.807,-0.0881,-0.6641,-0.0748,0.7387
21.970,1,6.566,-0.686,-1.806,-0.0878,-0.6641,-0.0747,0.7387
22.012,1,6.566,-0.686,-1.806,-0.0893,-0.6640,-0.0769,0.7384
22.040,1,6.566,-0.686,-1.806,-0.0891,-0.6637,-0.0770,0.7386
22.068,1,6.566,-0.686,-1.805,-0.0887,-0.6633,-0.0779,0.7390
22.110,1,6.566,-0.685,-1.805,-0.0892,-0.6626,-0.0791,0.7394
22.138,1,6.566,-0.685,-1.805,-0.0885,-0.6622,-0.0790,0.7399
22.180,1,6.566,-0.686,-1.805,-0.0887,-0.6614,-0.0789,0.7406
22.207,1,6.567,-0.686,-1.804,-0.0887,-0.6609,-0.0787,0.7410
22.234,1,6.567,-0.686,-1.804,-0.0891,-0.6604,-0.0790,0.7415
22.277,1,6.567,-0.686,-1.804,-0.0890,-0.6594,-0.0789,0.7424
22.304,1,6.567,-0.686,-1.804,-0.0887,-0.6591,-0.0794,0.7426
22.346,1,6.567,-0.685,-1.803,-0.0895,-0.6589,-0.0812,0.7424
22.375,1,6.568,-0.685,-1.803,-0.0893,-0.6587,-0.0819,0.7426
22.402,1,6.568,-0.685,-1.803,-0.0902,-0.6584,-0.0831,0.7426
22.443,1,6.568,-0.684,-1.803,-0.0912,-0.6577,-0.0849,0.7429
22.470,1,6.568,-0.684,-1.802,-0.0916,-0.6572,-0.0858,0.7432
22.512,1,6.568,-0.684,-1.802,-0.0925,-0.6564,-0.0863,0.7437
22.541,1,6.568,-0.684,-1.802,-0.0925,-0.6561,-0.0859,0.7440
22.569,1,6.568,-0.684,-1.802,-0.0922,-0.6560,-0.0865,0.7441
22.609,1,6.568,-0.684,-1.802,-0.0910,-0.6558,-0.0871,0.7443
22.637,1,6.569,-0.684,-1.802,-0.0911,-0.6559,-0.0860,0.7444
22.678,1,6.569,-0.685,-1.802,-0.0902,-0.6562,-0.0865,0.7442
22.707,1,6.569,-0.685,-1.802,-0.0897,-0.6564,-0.0860,0.7441
22.735,1,6.569,-0.685,-1.802,-0.0893,-0.6566,-0.0855,0.7440
22.777,1,6.569,-0.685,-1.802,-0.0890,-0.6566,-0.0859,0.7440
22.805,1,6.569,-0.685,-1.802,-0.0894,-0.6567,-0.0857,0.7439
22.847,1,6.569,-0.685,-1.802,-0.0900,-0.6564,-0.0859,0.7440
22.875,1,6.569,-0.685,-1.802,-0.0901,-0.6565,-0.0856,0.7440
22.904,1,6.569,-0.685,-1.802,-0.0905,-0.6566,-0.0855,0.7439
22.946,1,6.569,-0.684,-1.802,-0.0917,-0.6568,-0.0866,0.7434
22.972,1,6.569,-0.684,-1.802,-0.0921,-0.6568,-0.0868,0.7434
23.000,1,6.569,-0.684,-1.802,-0.0922,-0.6567,-0.0867,0.7435
23.043,1,6.570,-0.684,-1.802,-0.0928,-0.6564,-0.0868,0.7437
23.070,1,6.570,-0.684,-1.802,-0.0931,-0.6566,-0.0870,0.7434
23.112,1,6.570,-0.684,-1.802,-0.0942,-0.6570,-0.0876,0.7428
23.140,1,6.570,-0.684,-1.803,-0.0946,-0.6573,-0.0875,0.7426
23.168,1,6.570,-0.684,-1.803,-0.0936,-0.6576,-0.0868,0.7424
23.210,1,6.570,-0.685,-1.803,-0.0912,-0.6582,-0.0849,0.7425
23.238,1,6.570,-0.685,-1.803,-0.0914,-0.6582,-0.0850,0.7424
23.279,1,6.569,-0.684,-1.803,-0.0935,-0.6578,-0.0861,0.7423
23.307,1,6.569,-0.684,-1.803,-0.0934,-0.6577,-0.0858,0.7425
23.336,1,6.569,-0.684,-1.803,-0.0936,-0.6574,-0.0858,0.7428
23.376,1,6.569,-0.684,-1.803,-0.0943,-0.6567,-0.0863,0.7433
23.405,1,6.569,-0.684,-1.803,-0.0942,-0.6560,-0.0858,0.7439
23.446,1,6.569,-0.684,-1.803,-0.0951,-0.6552,-0.0861,0.7445
23.474,1,6.569,-0.684,-1.802,-0.0964,-0.6551,-0.0870,0.7443
23.502,1,6.569,-0.683,-1.802,-0.0963,-0.6549,-0.0880,0.7444
23.545,1,6.569,-0.684,-1.802,-0.0946,-0.6552,-0.0869,0.7445
23.572,1,6.569,-0.684,-1.802,-0.0934,-0.6555,-0.0860,0.7444
23.614,1,6.569,-0.684,-1.802,-0.0931,-0.6559,-0.0863,0.7441
23.642,1,6.569,-0.684,-1.802,-0.0940,-0.6563,-0.0873,0.7435
23.671,1,6.569,-0.684,-1.802,-0.0951,-0.6564,-0.0885,0.7431
23.713,1,6.570,-0.683,-1.803,-0.0966,-0.6568,-0.0895,0.7424
23.740,1,6.570,-0.683,-1.803,-0.0976,-0.6570,-0.0904,0.7420
23.768,1,6.570,-0.682,-1.803,-0.1006,-0.6569,-0.0928,0.7414
23.810,1,6.570,-0.681,-1.803,-0.1038,-0.6570,-0.0949,0.7407
23.837,1,6.570,-0.681,-1.803,-0.1055,-0.6569,-0.0959,0.7404
23.879,1,6.570,-0.680,-1.802,-0.1076,-0.6561,-0.0982,0.7405
23.907,1,6.571,-0.680,-1.802,-0.1088,-0.6552,-0.0999,0.7408
23.935,1,6.571,-0.680,-1.802,-0.1089,-0.6545,-0.1018,0.7412
23.976,1,6.571,-0.683,-1.801,-0.0996,-0.6538,-0.0952,0.7440
24.004,1,6.571,-0.684,-1.801,-0.0930,-0.6530,-0.0898,0.7463
24.047,1,6.571,-0.684,-1.800,-0.0912,-0.6509,-0.0893,0.7483
24.074,1,6.570,-0.684,-1.799,-0.0902,-0.6497,-0.0886,0.7496
24.102,1,6.570,-0.684,-1.799,-0.0912,-0.6489,-0.0896,0.7501
24.143,1,6.570,-0.684,-1.799,-0.0899,-0.6487,-0.0889,0.7505
24.172,1,6.569,-0.684,-1.799,-0.0903,-0.6485,-0.0897,0.7505
24.213,1,6.569,-0.683,-1.798,-0.0939,-0.6478,-0.0910,0.7505
24.241,1,6.569,-0.683,-1.798,-0.0950,-0.6474,-0.0903,0.7508
24.269,1,6.569,-0.683,-1.798,-0.0970,-0.6467,-0.0910,0.7511
24.310,1,6.569,-0.683,-1.798,-0.0968,-0.6461,-0.0909,0.7516
24.338,1,6.569,-0.683,-1.798,-0.0966,-0.6462,-0.0904,0.7516
24.383,1,6.570,-0.683,-1.798,-0.0965,-0.6465,-0.0901,0.7514
24.410,1,6.570,-0.683,-1.798,-0.0961,-0.6466,-0.0907,0.7513
24.435,1,6.570,-0.683,-1.798,-0.0963,-0.6467,-0.0926,0.7509
24.476,1,6.570,-0.683,-1.798,-0.0960,-0.6468,-0.0922,0.7509
24.504,1,6.571,-0.683,-1.798,-0.0939,-0.6469,-0.0912,0.7512
24.545,1,6.571,-0.684,-1.798,-0.0916,-0.6470,-0.0901,0.7516
24.572,1,6.571,-0.684,-1.798,-0.0939,-0.6473,-0.0910,0.7510
24.601,1,6.571,-0.684,-1.798,-0.0921,-0.6484,-0.0896,0.7504
24.643,1,6.571,-0.684,-1.799,-0.0939,-0.6496,-0.0918,0.7489
24.670,1,6.571,-0.683,-1.799,-0.0955,-0.6501,-0.0924,0.7482
24.713,1,6.571,-0.683,-1.799,-0.0959,-0.6504,-0.0925,0.7478
24.741,1,6.570,-0.683,-1.799,-0.0959,-0.6507,-0.0923,0.7476
24.768,1,6.570,-0.683,-1.799,-0.0954,-0.6511,-0.0919,0.7474
24.810,1,6.570,-0.683,-1.799,-0.0954,-0.6516,-0.0934,0.7468
24.839,1,6.570,-0.683,-1.799,-0.0950,-0.6518,-0.0934,0.7466
24.879,1,6.569,-0.684,-1.799,-0.0930,-0.6523,-0.0916,0.7467
24.907,1,6.569,-0.684,-1.799,-0.0920,-0.6524,-0.0910,0.7468
24.935,1,6.569,-0.684,-1.799,-0.0919,-0.6525,-0.0912,0.7467
24.977,1,6.569,-0.684,-1.799,-0.0906,-0.6527,-0.0907,0.7467
25.005,1,6.568,-0.684,-1.799,-0.0904,-0.6528,-0.0910,0.7466
25.048,1,6.568,-0.684,-1.799,-0.0896,-0.6528,-0.0906,0.7468
25.075,1,6.568,-0.684,-1.799,-0.0888,-0.6528,-0.0895,0.7470
25.102,1,6.568,-0.684,-1.799,-0.0896,-0.6527,-0.0896,0.7469
25.144,1,6.568,-0.685,-1.799,-0.0893,-0.6529,-0.0892,0.7469
25.172,1,6.568,-0.684,-1.799,-0.0894,-0.6530,-0.0893,0.7467
25.200,1,6.568,-0.685,-1.799,-0.0883,-0.6533,-0.0885,0.7467
25.243,1,6.567,-0.684,-1.799,-0.0889,-0.6535,-0.0899,0.7463
25.270,1,6.567,-0.684,-1.799,-0.0876,-0.6539,-0.0891,0.7462
25.311,1,6.567,-0.685,-1.799,-0.0868,-0.6542,-0.0869,0.7463
25.339,1,6.567,-0.685,-1.799,-0.0854,-0.6540,-0.0859,0.7468
25.368,1,6.567,-0.686,-1.799,-0.0827,-0.6537,-0.0837,0.7476
25.409,1,6.567,-0.688,-1.799,-0.0785,-0.6533,-0.0784,0.7490
25.437,1,6.567,-0.688,-1.799,-0.0763,-0.6530,-0.0777,0.7495
25.479,1,6.566,-0.688,-1.799,-0.0777,-0.6532,-0.0781,0.7492
25.507,1,6.566,-0.688,-1.799,-0.0788,-0.6532,-0.0779,0.7490
25.535,1,6.566,-0.688,-1.799,-0.0788,-0.6534,-0.0786,0.7488
25.577,1,6.565,-0.687,-1.799,-0.0795,-0.6536,-0.0793,0.7485
25.604,1,6.564,-0.687,-1.799,-0.0822,-0.6532,-0.0816,0.7483
25.646,1,6.564,-0.687,-1.798,-0.0834,-0.6522,-0.0811,0.7491
25.673,1,6.563,-0.687,-1.798,-0.0810,-0.6522,-0.0787,0.7496
25.701,1,6.563,-0.687,-1.798,-0.0801,-0.6523,-0.0779,0.7497
25.745,1,6.563,-0.686,-1.798,-0.0834,-0.6524,-0.0808,0.7490
25.772,1,6.563,-0.686,-1.798,-0.0831,-0.6526,-0.0809,0.7488
25.813,1,6.564,-0.686,-1.798,-0.0831,-0.6522,-0.0829,0.7489
25.842,1,6.564,-0.685,-1.797,-0.0844,-0.6515,-0.0846,0.7492
25.869,1,6.565,-0.685,-1.797,-0.0838,-0.6510,-0.0853,0.7496
25.912,1,6.566,-0.685,-1.796,-0.0841,-0.6499,-0.0864,0.7504
25.939,1,6.566,-0.685,-1.796,-0.0844,-0.6489,-0.0885,0.7510
25.980,1,6.567,-0.685,-1.795,-0.0858,-0.6476,-0.0905,0.7517
26.009,1,6.567,-0.685,-1.795,-0.0873,-0.6471,-0.0915,0.7518
26.036,1,6.568,-0.685,-1.795,-0.0874,-0.6470,-0.0934,0.7517
26.079,1,6.568,-0.685,-1.795,-0.0872,-0.6466,-0.0938,0.7520
26.106,1,6.568,-0.685,-1.795,-0.0877,-0.6464,-0.0925,0.7523
26.134,1,6.568,-0.685,-1.795,-0.0875,-0.6461,-0.0921,0.7526
26.176,1,6.567,-0.685,-1.795,-0.0880,-0.6460,-0.0920,0.7527
26.205,1,6.566,-0.684,-1.796,-0.0891,-0.6461,-0.0918,0.7525
26.246,1,6.565,-0.684,-1.795,-0.0888,-0.6459,-0.0909,0.7528
26.274,1,6.565,-0.685,-1.796,-0.0861,-0.6455,-0.0901,0.7535
26.302,1,6.565,-0.686,-1.796,-0.0838,-0.6456,-0.0873,0.7540
26.344,1,6.564,-0.686,-1.796,-0.0814,-0.6458,-0.0843,0.7544
26.371,1,6.563,-0.687,-1.796,-0.0794,-0.6467,-0.0820,0.7542
26.414,1,6.563,-0.687,-1.796,-0.0774,-0.6484,-0.0795,0.7532
26.443,1,6.562,-0.687,-1.796,-0.0774,-0.6494,-0.0795,0.7523
26.470,1,6.562,-0.687,-1.796,-0.0778,-0.6507,-0.0799,0.7511
26.512,1,6.561,-0.688,-1.796,-0.0746,-0.6523,-0.0820,0.7498
26.539,1,6.561,-0.688,-1.796,-0.0728,-0.6527,-0.0819,0.7497
26.567,1,6.561,-0.688,-1.796,-0.0722,-0.6527,-0.0809,0.7498
26.609,1,6.561,-0.689,-1.796,-0.0708,-0.6526,-0.0792,0.7502
26.638,1,6.561,-0.689,-1.796,-0.0698,-0.6525,-0.0782,0.7505
26.678,1,6.561,-0.689,-1.796,-0.0712,-0.6529,-0.0777,0.7500
26.706,1,6.562,-0.688,-1.797,-0.0719,-0.6534,-0.0779,0.7495
26.733,1,6.562,-0.688,-1.797,-0.0727,-0.6541,-0.0794,0.7487
26.775,1,6.562,-0.688,-1.797,-0.0754,-0.6545,-0.0810,0.7479
26.803,1,6.563,-0.687,-1.797,-0.0763,-0.6544,-0.0811,0.7479
26.845,1,6.563,-0.686,-1.797,-0.0798,-0.6542,-0.0834,0.7474
26.871,1,6.563,-0.686,-1.797,-0.0815,-0.6542,-0.0841,0.7472
26.914,1,6.564,-0.686,-1.798,-0.0830,-0.6544,-0.0840,0.7469
26.942,1,6.564,-0.686,-1.798,-0.0833,-0.6548,-0.0842,0.7465
26.970,1,6.564,-0.686,-1.798,-0.0845,-0.6553,-0.0854,0.7458
27.012,1,6.565,-0.686,-1.799,-0.0830,-0.6562,-0.0842,0.7453
27.039,1,6.565,-0.686,-1.799,-0.0828,-0.6567,-0.0830,0.7450
27.080,1,6.564,-0.686,-1.799,-0.0832,-0.6571,-0.0827,0.7447
27.109,1,6.565,-0.687,-1.799,-0.0795,-0.6570,-0.0804,0.7454
27.137,1,6.565,-0.688,-1.799,-0.0768,-0.6573,-0.0776,0.7457
27.178,1,6.564,-0.688,-1.800,-0.0776,-0.6573,-0.0770,0.7457
27.206,1,6.564,-0.688,-1.800,-0.0792,-0.6572,-0.0771,0.7455
27.234,1,6.564,-0.687,-1.800,-0.0796,-0.6574,-0.0762,0.7454
27.277,1,6.564,-0.687,-1.800,-0.0806,-0.6575,-0.0761,0.7452
27.305,1,6.564,-0.687,-1.800,-0.0799,-0.6577,-0.0754,0.7453
27.347,1,6.564,-0.688,-1.799,-0.0791,-0.6575,-0.0754,0.7454
27.374,1,6.563,-0.688,-1.799,-0.0784,-0.6572,-0.0750,0.7458
27.402,1,6.563,-0.688,-1.799,-0.0769,-0.6566,-0.0745,0.7466
27.443,1,6.563,-0.689,-1.799,-0.0746,-0.6545,-0.0744,0.7487
27.471,1,6.563,-0.689,-1.798,-0.0740,-0.6532,-0.0741,0.7499
27.512,1,6.563,-0.689,-1.798,-0.0737,-0.6516,-0.0738,0.7514
27.539,1,6.563,-0.689,-1.798,-0.0735,-0.6506,-0.0733,0.7523
27.567,1,6.563,-0.689,-1.797,-0.0739,-0.6499,-0.0729,0.7529
27.610,1,6.563,-0.690,-1.797,-0.0705,-0.6494,-0.0701,0.7540
27.636,1,6.563,-0.690,-1.797,-0.0705,-0.6491,-0.0706,0.7541
27.678,1,6.563,-0.689,-1.796,-0.0730,-0.6488,-0.0718,0.7541
27.706,1,6.563,-0.689,-1.796,-0.0727,-0.6486,-0.0719,0.7542
27.734,1,6.562,-0.689,-1.796,-0.0737,-0.6485,-0.0725,0.7542
27.776,1,6.562,-0.689,-1.796,-0.0739,-0.6485,-0.0739,0.7540
27.804,1,6.562,-0.689,-1.795,-0.0726,-0.6484,-0.0740,0.7542
27.845,1,6.562,-0.689,-1.795,-0.0714,-0.6483,-0.0744,0.7544
27.873,1,6.562,-0.689,-1.795,-0.0712,-0.6482,-0.0745,0.7545
27.902,1,6.562,-0.689,-1.795,-0.0703,-0.6481,-0.0740,0.7547
27.944,1,6.562,-0.690,-1.795,-0.0682,-0.6496,-0.0696,0.7540
27.971,1,6.563,-0.692,-1.796,-0.0646,-0.6519,-0.0640,0.7529
28.000,1,6.563,-0.693,-1.796,-0.0591,-0.6537,-0.0599,0.7521
28.042,1,6.563,-0.693,-1.796,-0.0606,-0.6548,-0.0601,0.7510
28.070,1,6.562,-0.692,-1.796,-0.0637,-0.6549,-0.0629,0.7504
28.111,1,6.561,-0.692,-1.796,-0.0632,-0.6549,-0.0647,0.7503
28.139,1,6.561,-0.692,-1.795,-0.0625,-0.6548,-0.0633,0.7505
28.180,1,6.561,-0.693,-1.795,-0.0600,-0.6546,-0.0609,0.7511
28.208,1,6.560,-0.693,-1.795,-0.0595,-0.6542,-0.0617,0.7514
28.237,1,6.560,-0.692,-1.795,-0.0605,-0.6540,-0.0620,0.7515
28.278,1,6.559,-0.692,-1.795,-0.0624,-0.6544,-0.0620,0.7510
28.306,1,6.558,-0.692,-1.794,-0.0624,-0.6547,-0.0630,0.7507
28.334,1,6.558,-0.692,-1.794,-0.0621,-0.6551,-0.0633,0.7503
28.376,1,6.557,-0.692,-1.794,-0.0598,-0.6560,-0.0615,0.7498
28.404,1,6.556,-0.693,-1.794,-0.0580,-0.6562,-0.0597,0.7500
28.446,1,6.556,-0.694,-1.794,-0.0559,-0.6562,-0.0577,0.7503
28.473,1,6.555,-0.694,-1.794,-0.0547,-0.6563,-0.0563,0.7505
28.501,1,6.555,-0.694,-1.794,-0.0538,-0.6563,-0.0549,0.7506
28.543,1,6.554,-0.695,-1.794,-0.0532,-0.6569,-0.0535,0.7502
28.571,1,6.554,-0.695,-1.794,-0.0526,-0.6577,-0.0534,0.7495
28.612,1,6.553,-0.695,-1.794,-0.0521,-0.6591,-0.0537,0.7483
28.641,1,6.553,-0.695,-1.794,-0.0519,-0.6597,-0.0548,0.7477
28.668,1,6.553,-0.694,-1.795,-0.0520,-0.6601,-0.0558,0.7473
28.710,1,6.553,-0.695,-1.795,-0.0517,-0.6600,-0.0556,0.7474
28.738,1,6.553,-0.695,-1.795,-0.0521,-0.6598,-0.0540,0.7477
28.767,1,6.553,-0.694,-1.795,-0.0533,-0.6599,-0.0526,0.7476
28.808,1,6.553,-0.695,-1.796,-0.0527,-0.6603,-0.0521,0.7473
28.835,1,6.553,-0.695,-1.796,-0.0533,-0.6612,-0.0509,0.7466
28.877,1,6.553,-0.695,-1.797,-0.0534,-0.6622,-0.0506,0.7457
28.906,1,6.553,-0.695,-1.797,-0.0535,-0.6626,-0.0506,0.7454
28.947,1,6.553,-0.695,-1.797,-0.0540,-0.6624,-0.0505,0.7455
28.976,1,6.553,-0.695,-1.797,-0.0544,-0.6621,-0.0511,0.7457
29.003,1,6.553,-0.695,-1.797,-0.0555,-0.6617,-0.0514,0.7460
29.044,1,6.554,-0.694,-1.797,-0.0563,-0.6607,-0.0515,0.7467
29.072,1,6.554,-0.694,-1.797,-0.0560,-0.6600,-0.0513,0.7475
29.101,1,6.554,-0.695,-1.796,-0.0549,-0.6590,-0.0504,0.7485
29.142,1,6.554,-0.695,-1.796,-0.0537,-0.6570,-0.0506,0.7503
29.171,1,6.554,-0.695,-1.795,-0.0533,-0.6553,-0.0508,0.7518
29.202,1,6.554,-0.695,-1.795,-0.0518,-0.6536,-0.0507,0.7533
29.243,1,6.554,-0.695,-1.794,-0.0501,-0.6513,-0.0508,0.7555
29.272,1,6.553,-0.696,-1.793,-0.0493,-0.6502,-0.0507,0.7564
29.313,1,6.553,-0.696,-1.793,-0.0490,-0.6493,-0.0517,0.7572
29.340,1,6.553,-0.695,-1.792,-0.0494,-0.6489,-0.0521,0.7575
29.370,1,6.553,-0.696,-1.792,-0.0483,-0.6489,-0.0512,0.7576
29.411,1,6.553,-0.696,-1.792,-0.0483,-0.6495,-0.0519,0.7571
29.440,1,6.553,-0.696,-1.792,-0.0477,-0.6499,-0.0520,0.7567
29.467,1,6.553,-0.696,-1.792,-0.0471,-0.6500,-0.0514,0.7567
29.579,1,6.553,-0.696,-1.792,-0.0460,-0.6491,-0.0503,0.7576
29.579,1,6.553,-0.696,-1.792,-0.0460,-0.6491,-0.0503,0.7576
29.579,1,6.553,-0.696,-1.792,-0.0460,-0.6491,-0.0503,0.7576
29.602,1,6.553,-0.696,-1.792,-0.0451,-0.6476,-0.0500,0.7590
29.644,1,6.553,-0.696,-1.791,-0.0445,-0.6468,-0.0514,0.7596
29.672,1,6.553,-0.696,-1.791,-0.0442,-0.6463,-0.0516,0.7601
29.701,1,6.553,-0.696,-1.791,-0.0451,-0.6456,-0.0514,0.7606
29.743,1,6.553,-0.697,-1.790,-0.0427,-0.6442,-0.0512,0.7619
29.768,1,6.553,-0.697,-1.790,-0.0430,-0.6433,-0.0511,0.7627
29.810,1,6.553,-0.697,-1.790,-0.0427,-0.6421,-0.0508,0.7637
29.838,1,6.553,-0.696,-1.789,-0.0423,-0.6418,-0.0518,0.7639
29.878,1,6.553,-0.697,-1.789,-0.0421,-0.6417,-0.0516,0.7641
29.905,1,6.553,-0.697,-1.789,-0.0424,-0.6417,-0.0516,0.7640
29.947,1,6.553,-0.696,-1.789,-0.0421,-0.6418,-0.0526,0.7639
29.973,1,6.553,-0.696,-1.789,-0.0423,-0.6418,-0.0527,0.7639
30.014,1,6.553,-0.696,-1.788,-0.0425,-0.6415,-0.0532,0.7641
30.040,1,6.553,-0.696,-1.788,-0.0426,-0.6411,-0.0538,0.7644
30.069,1,6.553,-0.696,-1.788,-0.0424,-0.6407,-0.0537,0.7647
30.111,1,6.553,-0.696,-1.788,-0.0425,-0.6401,-0.0539,0.7652
30.141,1,6.553,-0.696,-1.788,-0.0426,-0.6396,-0.0540,0.7656
30.169,1,6.553,-0.696,-1.788,-0.0423,-0.6392,-0.0544,0.7659
30.212,1,6.554,-0.696,-1.788,-0.0430,-0.6386,-0.0541,0.7664
30.239,1,6.554,-0.696,-1.788,-0.0438,-0.6379,-0.0546,0.7669
30.279,1,6.554,-0.696,-1.788,-0.0443,-0.6369,-0.0554,0.7677
30.306,1,6.554,-0.696,-1.788,-0.0441,-0.6363,-0.0547,0.7683
30.346,1,6.554,-0.696,-1.788,-0.0439,-0.6357,-0.0548,0.7687
30.374,1,6.554,-0.696,-1.788,-0.0440,-0.6356,-0.0552,0.7688
30.400,1,6.555,-0.696,-1.787,-0.0442,-0.6355,-0.0556,0.7688
30.444,1,6.555,-0.695,-1.787,-0.0464,-0.6355,-0.0573,0.7685
30.472,1,6.555,-0.695,-1.787,-0.0470,-0.6357,-0.0576,0.7683
30.512,1,6.555,-0.695,-1.787,-0.0470,-0.6359,-0.0574,0.7682
30.540,1,6.555,-0.695,-1.787,-0.0465,-0.6358,-0.0582,0.7683
30.568,1,6.555,-0.695,-1.787,-0.0463,-0.6358,-0.0576,0.7683
30.608,1,6.555,-0.695,-1.787,-0.0461,-0.6359,-0.0571,0.7683
30.636,1,6.555,-0.695,-1.787,-0.0461,-0.6357,-0.0573,0.7684
30.675,1,6.555,-0.695,-1.787,-0.0468,-0.6357,-0.0578,0.7684
30.702,1,6.555,-0.695,-1.787,-0.0465,-0.6357,-0.0584,0.7683
30.743,1,6.555,-0.695,-1.787,-0.0461,-0.6355,-0.0585,0.7685
30.769,1,6.555,-0.695,-1.787,-0.0461,-0.6352,-0.0584,0.7687
30.810,1,6.555,-0.696,-1.787,-0.0448,-0.6346,-0.0583,0.7693
30.838,1,6.555,-0.696,-1.786,-0.0436,-0.6340,-0.0590,0.7699
30.880,1,6.555,-0.696,-1.786,-0.0428,-0.6327,-0.0594,0.7709
30.908,1,6.555,-0.696,-1.785,-0.0430,-0.6319,-0.0589,0.7716
30.936,1,6.555,-0.696,-1.785,-0.0425,-0.6312,-0.0591,0.7722
30.977,1,6.555,-0.696,-1.785,-0.0416,-0.6308,-0.0589,0.7726
31.005,1,6.554,-0.696,-1.785,-0.0410,-0.6308,-0.0583,0.7727
31.047,1,6.554,-0.696,-1.785,-0.0400,-0.6309,-0.0580,0.7727
31.074,1,6.554,-0.696,-1.785,-0.0407,-0.6311,-0.0587,0.7724
31.102,1,6.554,-0.696,-1.785,-0.0414,-0.6315,-0.0591,0.7720
31.145,1,6.554,-0.696,-1.785,-0.0423,-0.6321,-0.0597,0.7714
31.172,1,6.554,-0.695,-1.785,-0.0433,-0.6325,-0.0604,0.7710
31.213,1,6.554,-0.695,-1.785,-0.0454,-0.6329,-0.0621,0.7704
31.241,1,6.554,-0.694,-1.785,-0.0471,-0.6332,-0.0629,0.7700
31.269,1,6.554,-0.694,-1.785,-0.0480,-0.6336,-0.0637,0.7695
31.311,1,6.554,-0.694,-1.785,-0.0465,-0.6342,-0.0634,0.7691
31.339,1,6.555,-0.694,-1.785,-0.0465,-0.6344,-0.0634,0.7690
31.367,1,6.555,-0.694,-1.786,-0.0476,-0.6343,-0.0641,0.7689
31.409,1,6.555,-0.694,-1.786,-0.0484,-0.6340,-0.0643,0.7692
31.437,1,6.555,-0.694,-1.785,-0.0476,-0.6341,-0.0636,0.7692
31.480,1,6.556,-0.695,-1.785,-0.0456,-0.6340,-0.0636,0.7693
31.507,1,6.556,-0.695,-1.785,-0.0459,-0.6340,-0.0637,0.7693
31.535,1,6.556,-0.694,-1.785,-0.0466,-0.6339,-0.0642,0.7694
31.578,1,6.556,-0.694,-1.785,-0.0477,-0.6336,-0.0646,0.7695
31.605,1,6.556,-0.694,-1.785,-0.0482,-0.6335,-0.0640,0.7696
31.633,1,6.556,-0.694,-1.785,-0.0491,-0.6335,-0.0654,0.7694
31.675,1,6.556,-0.694,-1.785,-0.0494,-0.6335,-0.0663,0.7693
31.702,1,6.556,-0.693,-1.785,-0.0498,-0.6336,-0.0670,0.7692
31.744,1,6.556,-0.693,-1.785,-0.0507,-0.6333,-0.0677,0.7692
31.772,1,6.557,-0.694,-1.785,-0.0495,-0.6332,-0.0671,0.7695
31.800,1,6.557,-0.694,-1.785,-0.0496,-0.6330,-0.0673,0.7696
31.842,1,6.557,-0.693,-1.785,-0.0503,-0.6329,-0.0684,0.7696
31.870,1,6.557,-0.693,-1.785,-0.0505,-0.6327,-0.0690,0.7697
31.912,1,6.557,-0.693,-1.785,-0.0513,-0.6325,-0.0698,0.7697
31.940,1,6.558,-0.693,-1.785,-0.0515,-0.6322,-0.0698,0.7699
31.967,1,6.558,-0.692,-1.784,-0.0552,-0.6319,-0.0724,0.7697
32.009,1,6.558,-0.691,-1.784,-0.0588,-0.6320,-0.0754,0.7690
32.037,1,6.558,-0.691,-1.784,-0.0596,-0.6325,-0.0771,0.7684
32.079,1,6.558,-0.690,-1.785,-0.0629,-0.6333,-0.0799,0.7672
32.108,1,6.558,-0.690,-1.785,-0.0625,-0.6348,-0.0805,0.7659
32.135,1,6.558,-0.690,-1.785,-0.0618,-0.6362,-0.0804,0.7648
32.176,1,6.558,-0.690,-1.785,-0.0619,-0.6376,-0.0806,0.7636
32.204,1,6.558,-0.690,-1.786,-0.0617,-0.6379,-0.0799,0.7635
32.233,1,6.558,-0.690,-1.786,-0.0620,-0.6383,-0.0796,0.7632
32.274,1,6.558,-0.690,-1.786,-0.0636,-0.6378,-0.0799,0.7634
32.302,1,6.558,-0.690,-1.785,-0.0614,-0.6372,-0.0784,0.7643
32.345,1,6.558,-0.691,-1.785,-0.0608,-0.6362,-0.0777,0.7652
32.373,1,6.558,-0.691,-1.785,-0.0617,-0.6355,-0.0785,0.7657
32.400,1,6.558,-0.690,-1.785,-0.0625,-0.6343,-0.0796,0.7664
32.441,1,6.558,-0.690,-1.785,-0.0652,-0.6314,-0.0820,0.7683
32.469,1,6.559,-0.689,-1.784,-0.0676,-0.6285,-0.0843,0.7703
32.511,1,6.561,-0.687,-1.784,-0.0751,-0.6234,-0.0874,0.7734
32.539,1,6.563,-0.685,-1.783,-0.0812,-0.6172,-0.0921,0.7771
32.567,1,6.565,-0.683,-1.782,-0.0902,-0.6098,-0.0979,0.7813
32.609,1,6.569,-0.681,-1.782,-0.1062,-0.6027,-0.1040,0.7840
32.637,1,6.571,-0.680,-1.783,-0.1090,-0.6017,-0.1080,0.7838
32.667,1,6.573,-0.680,-1.783,-0.1092,-0.6019,-0.1117,0.7831
32.707,1,6.576,-0.680,-1.784,-0.1133,-0.6023,-0.1129,0.7821
32.734,1,6.577,-0.680,-1.784,-0.1132,-0.6037,-0.1103,0.7814
32.775,1,6.579,-0.681,-1.785,-0.1095,-0.6055,-0.1059,0.7811
32.804,1,6.579,-0.681,-1.785,-0.1081,-0.6061,-0.1040,0.7811
32.843,1,6.579,-0.681,-1.785,-0.1075,-0.6069,-0.1041,0.7806
32.871,1,6.580,-0.682,-1.785,-0.1070,-0.6073,-0.1039,0.7803
32.913,1,6.579,-0.682,-1.786,-0.1077,-0.6082,-0.1032,0.7796
32.943,1,6.579,-0.681,-1.786,-0.1084,-0.6086,-0.1037,0.7792
32.970,1,6.578,-0.681,-1.786,-0.1079,-0.6089,-0.1037,0.7790
33.010,1,6.577,-0.681,-1.786,-0.1075,-0.6087,-0.1042,0.7791
33.038,1,6.577,-0.681,-1.785,-0.1078,-0.6083,-0.1041,0.7794
33.079,1,6.576,-0.681,-1.785,-0.1081,-0.6069,-0.1041,0.7804
33.107,1,6.576,-0.681,-1.785,-0.1089,-0.6064,-0.1045,0.7807
33.135,1,6.576,-0.681,-1.785,-0.1096,-0.6061,-0.1046,0.7808
33.178,1,6.576,-0.681,-1.785,-0.1065,-0.6069,-0.1028,0.7809
33.205,1,6.576,-0.682,-1.785,-0.1058,-0.6075,-0.1021,0.7806
33.234,1,6.576,-0.682,-1.785,-0.1061,-0.6081,-0.1020,0.7801
33.274,1,6.576,-0.682,-1.786,-0.1051,-0.6092,-0.1018,0.7794
33.303,1,6.576,-0.682,-1.786,-0.1060,-0.6095,-0.1026,0.7789
33.344,1,6.577,-0.681,-1.786,-0.1072,-0.6097,-0.1030,0.7786
33.372,1,6.577,-0.681,-1.786,-0.1085,-0.6101,-0.1038,0.7780
33.400,1,6.577,-0.681,-1.786,-0.1093,-0.6103,-0.1048,0.7776
33.442,1,6.577,-0.680,-1.786,-0.1101,-0.6100,-0.1065,0.7774
33.470,1,6.578,-0.681,-1.786,-0.1102,-0.6100,-0.1057,0.7775
33.511,1,6.578,-0.681,-1.785,-0.1080,-0.6099,-0.1046,0.7781
33.539,1,6.578,-0.681,-1.785,-0.1084,-0.6097,-0.1049,0.7781
33.567,1,6.578,-0.681,-1.785,-0.1086,-0.6099,-0.1049,0.7780
33.608,1,6.577,-0.681,-1.785,-0.1062,-0.6110,-0.1046,0.7775
33.638,1,6.577,-0.681,-1.785,-0.1060,-0.6113,-0.1049,0.7772
33.678,1,6.577,-0.681,-1.785,-0.1063,-0.6115,-0.1049,0.7770
33.706,1,6.577,-0.681,-1.785,-0.1058,-0.6115,-0.1047,0.7771
33.735,1,6.577,-0.681,-1.785,-0.1054,-0.6115,-0.1042,0.7772
33.777,1,6.577,-0.682,-1.785,-0.1044,-0.6119,-0.1030,0.7772
33.804,1,6.576,-0.682,-1.785,-0.1042,-0.6122,-0.1029,0.7770
33.844,1,6.576,-0.682,-1.785,-0.1043,-0.6125,-0.1033,0.7767
33.872,1,6.576,-0.682,-1.785,-0.1042,-0.6126,-0.1032,0.7767
33.900,1,6.576,-0.682,-1.785,-0.1037,-0.6126,-0.1024,0.7769
33.943,1,6.576,-0.682,-1.785,-0.1043,-0.6124,-0.1025,0.7769
33.971,1,6.575,-0.682,-1.785,-0.1030,-0.6126,-0.1018,0.7770
34.013,1,6.575,-0.682,-1.785,-0.1021,-0.6130,-0.1013,0.7769
34.041,1,6.575,-0.682,-1.785,-0.1023,-0.6131,-0.1011,0.7768
34.069,1,6.575,-0.682,-1.785,-0.1015,-0.6132,-0.1006,0.7768
34.111,1,6.575,-0.682,-1.785,-0.1016,-0.6139,-0.1010,0.7763
34.139,1,6.575,-0.682,-1.785,-0.1022,-0.6141,-0.1010,0.7760
34.179,1,6.575,-0.682,-1.785,-0.1020,-0.6146,-0.1009,0.7757
34.206,1,6.575,-0.682,-1.785,-0.1029,-0.6149,-0.1017,0.7752
34.235,1,6.574,-0.681,-1.785,-0.1034,-0.6153,-0.1018,0.7748
34.277,1,6.574,-0.682,-1.785,-0.1031,-0.6163,-0.0997,0.7744
34.306,1,6.574,-0.682,-1.786,-0.1027,-0.6170,-0.0988,0.7740
34.347,1,6.574,-0.682,-1.786,-0.1025,-0.6181,-0.0987,0.7731
34.375,1,6.573,-0.682,-1.786,-0.1017,-0.6188,-0.0981,0.7727
34.404,1,6.573,-0.682,-1.786,-0.1004,-0.6192,-0.0980,0.7726
34.445,1,6.573,-0.683,-1.786,-0.0990,-0.6195,-0.0974,0.7726
34.473,1,6.573,-0.683,-1.786,-0.0984,-0.6195,-0.0968,0.7727
34.501,1,6.573,-0.683,-1.786,-0.0981,-0.6195,-0.0971,0.7727
34.543,1,6.573,-0.683,-1.786,-0.0985,-0.6197,-0.0971,0.7725
34.570,1,6.572,-0.683,-1.786,-0.0985,-0.6197,-0.0975,0.7725
34.613,1,6.572,-0.683,-1.786,-0.0976,-0.6197,-0.0972,0.7727
34.641,1,6.572,-0.683,-1.786,-0.0976,-0.6198,-0.0971,0.7726
34.668,1,6.572,-0.683,-1.786,-0.0971,-0.6197,-0.0972,0.7727
34.709,1,6.572,-0.683,-1.786,-0.0975,-0.6199,-0.0968,0.7726
34.738,1,6.572,-0.683,-1.786,-0.0977,-0.6200,-0.0969,0.7724
34.779,1,6.572,-0.683,-1.786,-0.0974,-0.6203,-0.0972,0.7722
34.807,1,6.572,-0.683,-1.786,-0.0972,-0.6205,-0.0979,0.7720
34.835,1,6.572,-0.683,-1.786,-0.0961,-0.6206,-0.0967,0.7722
34.877,1,6.572,-0.683,-1.785,-0.0953,-0.6203,-0.0967,0.7725
34.905,1,6.572,-0.684,-1.785,-0.0951,-0.6201,-0.0968,0.7727
34.947,1,6.572,-0.683,-1.785,-0.0954,-0.6200,-0.0973,0.7727
34.974,1,6.572,-0.683,-1.785,-0.0965,-0.6198,-0.0983,0.7726
35.002,1,6.572,-0.683,-1.785,-0.0972,-0.6196,-0.0986,0.7726
35.044,1,6.572,-0.683,-1.785,-0.0976,-0.6192,-0.0983,0.7730
35.072,1,6.572,-0.683,-1.785,-0.0979,-0.6190,-0.0986,0.7730
35.115,1,6.572,-0.683,-1.785,-0.0989,-0.6187,-0.0993,0.7730
35.142,1,6.573,-0.682,-1.785,-0.0997,-0.6188,-0.1003,0.7727
35.170,1,6.573,-0.682,-1.785,-0.0994,-0.6190,-0.1009,0.7726
35.212,1,6.573,-0.682,-1.785,-0.0986,-0.6191,-0.1007,0.7726
35.240,1,6.573,-0.683,-1.785,-0.0977,-0.6191,-0.1001,0.7727
35.267,1,6.573,-0.683,-1.785,-0.0980,-0.6191,-0.1001,0.7727
35.310,1,6.573,-0.682,-1.784,-0.0990,-0.6191,-0.1008,0.7725
35.338,1,6.573,-0.683,-1.784,-0.0986,-0.6195,-0.1003,0.7723
35.380,1,6.573,-0.683,-1.784,-0.0963,-0.6202,-0.1002,0.7721
35.407,1,6.572,-0.683,-1.784,-0.0958,-0.6206,-0.1004,0.7717
35.435,1,6.572,-0.683,-1.785,-0.0952,-0.6213,-0.0997,0.7713
35.477,1,6.572,-0.683,-1.785,-0.0950,-0.6217,-0.0999,0.7710
35.505,1,6.572,-0.683,-1.785,-0.0942,-0.6223,-0.0992,0.7707
35.533,1,6.572,-0.684,-1.785,-0.0930,-0.6231,-0.0988,0.7703
35.576,1,6.572,-0.685,-1.785,-0.0894,-0.6242,-0.0966,0.7701
35.603,1,6.572,-0.686,-1.785,-0.0865,-0.6251,-0.0945,0.7700
35.646,1,6.573,-0.687,-1.786,-0.0803,-0.6258,-0.0917,0.7704
35.674,1,6.573,-0.687,-1.786,-0.0802,-0.6257,-0.0924,0.7704
35.714,1,6.573,-0.686,-1.786,-0.0829,-0.6254,-0.0941,0.7701
35.741,1,6.573,-0.686,-1.786,-0.0849,-0.6251,-0.0961,0.7699
35.770,1,6.573,-0.685,-1.786,-0.0863,-0.6252,-0.0973,0.7696
35.810,1,6.573,-0.685,-1.786,-0.0871,-0.6255,-0.0983,0.7691
35.838,1,6.573,-0.684,-1.786,-0.0895,-0.6256,-0.1001,0.7685
35.881,1,6.573,-0.683,-1.786,-0.0942,-0.6267,-0.1025,0.7667
35.907,1,6.572,-0.683,-1.786,-0.0951,-0.6278,-0.1033,0.7656
35.934,1,6.572,-0.682,-1.787,-0.0971,-0.6287,-0.1033,0.7646
35.975,1,6.572,-0.682,-1.787,-0.0996,-0.6300,-0.1047,0.7630
36.003,1,6.572,-0.682,-1.787,-0.0988,-0.6313,-0.1051,0.7620
36.046,1,6.571,-0.682,-1.787,-0.0969,-0.6328,-0.1042,0.7612
36.074,1,6.571,-0.683,-1.787,-0.0939,-0.6328,-0.1015,0.7619
36.102,1,6.571,-0.683,-1.787,-0.0929,-0.6322,-0.0972,0.7630
36.144,1,6.570,-0.683,-1.787,-0.0956,-0.6312,-0.0948,0.7639
36.170,1,6.570,-0.684,-1.788,-0.0947,-0.6313,-0.0944,0.7639
36.212,1,6.569,-0.684,-1.788,-0.0915,-0.6325,-0.0918,0.7636
36.238,1,6.569,-0.684,-1.789,-0.0931,-0.6330,-0.0924,0.7630
36.267,1,6.569,-0.684,-1.789,-0.0933,-0.6334,-0.0911,0.7627
36.310,1,6.568,-0.684,-1.790,-0.0927,-0.6352,-0.0883,0.7617
36.338,1,6.568,-0.684,-1.791,-0.0945,-0.6362,-0.0883,0.7606
36.379,1,6.568,-0.683,-1.791,-0.0971,-0.6375,-0.0895,0.7591
36.405,1,6.568,-0.683,-1.792,-0.0994,-0.6387,-0.0893,0.7578
36.434,1,6.568,-0.683,-1.792,-0.1013,-0.6399,-0.0902,0.7564
36.476,1,6.567,-0.683,-1.793,-0.0999,-0.6420,-0.0877,0.7551
36.505,1,6.567,-0.682,-1.793,-0.1055,-0.6422,-0.0878,0.7541
36.547,1,6.566,-0.682,-1.793,-0.1117,-0.6404,-0.0809,0.7556
36.575,1,6.566,-0.682,-1.793,-0.1095,-0.6397,-0.0766,0.7570
36.602,1,6.566,-0.683,-1.794,-0.1083,-0.6402,-0.0762,0.7567
36.644,1,6.565,-0.683,-1.795,-0.1089,-0.6416,-0.0747,0.7556
36.673,1,6.564,-0.683,-1.796,-0.1087,-0.6428,-0.0728,0.7548
36.701,1,6.564,-0.683,-1.796,-0.1090,-0.6443,-0.0723,0.7535
36.742,1,6.563,-0.684,-1.797,-0.1087,-0.6465,-0.0703,0.7518
36.769,1,6.563,-0.683,-1.798,-0.1099,-0.6480,-0.0704,0.7504
36.811,1,6.563,-0.684,-1.799,-0.1105,-0.6505,-0.0699,0.7481
36.839,1,6.563,-0.684,-1.799,-0.1105,-0.6518,-0.0685,0.7471
36.867,1,6.563,-0.683,-1.800,-0.1122,-0.6525,-0.0687,0.7463
36.910,1,6.564,-0.684,-1.801,-0.1125,-0.6539,-0.0680,0.7451
36.936,1,6.564,-0.684,-1.802,-0.1122,-0.6552,-0.0675,0.7440
36.978,1,6.564,-0.684,-1.802,-0.1129,-0.6565,-0.0669,0.7428
37.006,1,6.565,-0.684,-1.803,-0.1132,-0.6574,-0.0668,0.7420
37.034,1,6.565,-0.684,-1.803,-0.1133,-0.6580,-0.0671,0.7414
37.076,1,6.565,-0.684,-1.804,-0.1143,-0.6587,-0.0674,0.7406
37.104,1,6.565,-0.683,-1.804,-0.1160,-0.6588,-0.0679,0.7402
37.146,1,6.565,-0.683,-1.804,-0.1153,-0.6586,-0.0678,0.7405
37.174,1,6.566,-0.684,-1.803,-0.1144,-0.6584,-0.0674,0.7408
37.202,1,6.566,-0.684,-1.803,-0.1121,-0.6583,-0.0662,0.7414
37.244,1,6.565,-0.684,-1.803,-0.1146,-0.6577,-0.0684,0.7414
37.272,1,6.565,-0.683,-1.802,-0.1158,-0.6571,-0.0689,0.7417
37.314,1,6.564,-0.682,-1.802,-0.1174,-0.6565,-0.0725,0.7416
37.341,1,6.563,-0.682,-1.801,-0.1169,-0.6563,-0.0732,0.7418
37.369,1,6.563,-0.682,-1.801,-0.1162,-0.6566,-0.0728,0.7416
37.412,1,6.563,-0.683,-1.801,-0.1108,-0.6575,-0.0702,0.7420
37.439,1,6.563,-0.684,-1.801,-0.1080,-0.6577,-0.0682,0.7424
37.479,1,6.563,-0.685,-1.800,-0.1042,-0.6577,-0.0646,0.7432
37.509,1,6.563,-0.685,-1.800,-0.1043,-0.6576,-0.0650,0.7432
37.537,1,6.563,-0.685,-1.800,-0.1055,-0.6576,-0.0664,0.7430
37.578,1,6.563,-0.685,-1.800,-0.1050,-0.6577,-0.0670,0.7429
37.606,1,6.563,-0.685,-1.800,-0.1060,-0.6577,-0.0680,0.7427
37.648,1,6.563,-0.685,-1.800,-0.1053,-0.6578,-0.0669,0.7428
37.676,1,6.564,-0.685,-1.800,-0.1053,-0.6577,-0.0668,0.7429
37.703,1,6.564,-0.685,-1.800,-0.1070,-0.6580,-0.0683,0.7422
37.746,1,6.564,-0.685,-1.801,-0.1088,-0.6582,-0.0677,0.7418
37.773,1,6.564,-0.684,-1.801,-0.1111,-0.6579,-0.0690,0.7417
37.801,1,6.564,-0.684,-1.801,-0.1136,-0.6577,-0.0699,0.7414
37.842,1,6.565,-0.683,-1.802,-0.1150,-0.6579,-0.0705,0.7409
37.871,1,6.565,-0.683,-1.802,-0.1173,-0.6581,-0.0714,0.7403
37.913,1,6.565,-0.683,-1.803,-0.1160,-0.6587,-0.0700,0.7401
37.940,1,6.566,-0.683,-1.803,-0.1154,-0.6590,-0.0693,0.7400
37.969,1,6.566,-0.683,-1.803,-0.1174,-0.6590,-0.0710,0.7395
38.011,1,6.566,-0.683,-1.803,-0.1183,-0.6590,-0.0719,0.7393
38.038,1,6.567,-0.683,-1.803,-0.1181,-0.6589,-0.0721,0.7394
38.080,1,6.567,-0.683,-1.803,-0.1183,-0.6587,-0.0728,0.7395
38.107,1,6.567,-0.683,-1.803,-0.1176,-0.6586,-0.0728,0.7397
38.135,1,6.567,-0.683,-1.803,-0.1170,-0.6584,-0.0726,0.7399
38.177,1,6.567,-0.683,-1.803,-0.1181,-0.6582,-0.0734,0.7399
38.205,1,6.567,-0.683,-1.803,-0.1182,-0.6581,-0.0731,0.7400
38.234,1,6.566,-0.683,-1.803,-0.1176,-0.6582,-0.0719,0.7401
38.275,1,6.566,-0.683,-1.803,-0.1167,-0.6581,-0.0721,0.7403
38.304,1,6.566,-0.683,-1.803,-0.1160,-0.6578,-0.0721,0.7407
38.345,1,6.566,-0.683,-1.803,-0.1151,-0.6573,-0.0723,0.7413
38.374,1,6.566,-0.683,-1.803,-0.1141,-0.6568,-0.0723,0.7419
38.401,1,6.566,-0.684,-1.802,-0.1130,-0.6564,-0.0714,0.7425
38.444,1,6.566,-0.684,-1.802,-0.1127,-0.6559,-0.0705,0.7430
38.472,1,6.566,-0.683,-1.802,-0.1138,-0.6554,-0.0714,0.7432
38.513,1,6.565,-0.684,-1.802,-0.1140,-0.6554,-0.0699,0.7434
38.539,1,6.566,-0.684,-1.803,-0.1125,-0.6555,-0.0702,0.7435
38.569,1,6.566,-0.684,-1.803,-0.1121,-0.6550,-0.0717,0.7438
38.612,1,6.566,-0.684,-1.802,-0.1127,-0.6534,-0.0730,0.7450
38.639,1,6.566,-0.683,-1.802,-0.1139,-0.6521,-0.0735,0.7459
38.680,1,6.566,-0.683,-1.802,-0.1145,-0.6506,-0.0755,0.7469
38.707,1,6.566,-0.683,-1.802,-0.1154,-0.6500,-0.0762,0.7473
38.735,1,6.566,-0.682,-1.801,-0.1160,-0.6495,-0.0768,0.7475
38.776,1,6.566,-0.682,-1.802,-0.1159,-0.6494,-0.0763,0.7476
38.803,1,6.566,-0.683,-1.802,-0.1151,-0.6497,-0.0748,0.7477
38.844,1,6.566,-0.683,-1.802,-0.1150,-0.6505,-0.0747,0.7470
38.871,1,6.566,-0.683,-1.802,-0.1156,-0.6516,-0.0747,0.7460
38.901,1,6.566,-0.683,-1.802,-0.1164,-0.6526,-0.0745,0.7450
38.939,1,6.566,-0.683,-1.802,-0.1163,-0.6537,-0.0748,0.7440
38.967,1,6.566,-0.682,-1.802,-0.1168,-0.6540,-0.0762,0.7435
39.010,1,6.566,-0.683,-1.802,-0.1154,-0.6536,-0.0770,0.7440
39.038,1,6.566,-0.683,-1.802,-0.1148,-0.6532,-0.0775,0.7444
39.081,1,6.566,-0.682,-1.801,-0.1168,-0.6516,-0.0785,0.7454
39.108,1,6.566,-0.682,-1.801,-0.1159,-0.6511,-0.0773,0.7461
39.136,1,6.566,-0.682,-1.801,-0.1161,-0.6510,-0.0774,0.7462
39.177,1,6.566,-0.682,-1.801,-0.1163,-0.6510,-0.0773,0.7461
39.205,1,6.566,-0.683,-1.801,-0.1146,-0.6515,-0.0760,0.7461
39.246,1,6.566,-0.683,-1.801,-0.1148,-0.6508,-0.0771,0.7465
39.274,1,6.565,-0.683,-1.801,-0.1135,-0.6506,-0.0757,0.7470
39.302,1,6.565,-0.683,-1.801,-0.1144,-0.6507,-0.0761,0.7468
39.344,1,6.566,-0.683,-1.801,-0.1135,-0.6507,-0.0750,0.7471
39.371,1,6.566,-0.683,-1.801,-0.1127,-0.6513,-0.0764,0.7465
39.400,1,6.566,-0.683,-1.801,-0.1123,-0.6513,-0.0761,0.7466
39.442,1,6.566,-0.683,-1.801,-0.1117,-0.6514,-0.0768,0.7465
39.471,1,6.566,-0.683,-1.801,-0.1140,-0.6515,-0.0786,0.7459
39.510,1,6.566,-0.681,-1.801,-0.1185,-0.6520,-0.0834,0.7443
39.538,1,6.566,-0.681,-1.801,-0.1168,-0.6532,-0.0826,0.7436
39.580,1,6.566,-0.682,-1.801,-0.1161,-0.6543,-0.0825,0.7427
39.607,1,6.566,-0.682,-1.801,-0.1175,-0.6551,-0.0825,0.7418
39.636,1,6.566,-0.682,-1.801,-0.1161,-0.6565,-0.0820,0.7408
39.679,1,6.566,-0.683,-1.802,-0.1116,-0.6582,-0.0802,0.7402
39.706,1,6.567,-0.684,-1.802,-0.1077,-0.6592,-0.0783,0.7401
39.734,1,6.567,-0.684,-1.802,-0.1043,-0.6602,-0.0764,0.7399
39.775,1,6.567,-0.685,-1.802,-0.1028,-0.6612,-0.0757,0.7393
39.803,1,6.567,-0.685,-1.802,-0.1028,-0.6617,-0.0754,0.7388
39.845,1,6.567,-0.685,-1.802,-0.1025,-0.6629,-0.0756,0.7378
39.873,1,6.567,-0.685,-1.803,-0.1015,-0.6633,-0.0744,0.7377
39.902,1,6.566,-0.686,-1.803,-0.1000,-0.6634,-0.0733,0.7379
39.944,1,6.566,-0.686,-1.803,-0.0984,-0.6635,-0.0716,0.7383
39.971,1,6.566,-0.686,-1.803,-0.0970,-0.6637,-0.0701,0.7384
40.014,1,6.565,-0.686,-1.803,-0.0991,-0.6635,-0.0706,0.7382
40.042,1,6.564,-0.686,-1.803,-0.1003,-0.6634,-0.0704,0.7381
40.070,1,6.564,-0.686,-1.803,-0.1006,-0.6638,-0.0702,0.7378
40.112,1,6.563,-0.685,-1.803,-0.1006,-0.6643,-0.0706,0.7373
40.139,1,6.563,-0.686,-1.803,-0.0986,-0.6648,-0.0690,0.7373
40.167,1,6.562,-0.686,-1.803,-0.0988,-0.6654,-0.0685,0.7367
40.209,1,6.562,-0.686,-1.803,-0.0996,-0.6662,-0.0693,0.7359
40.237,1,6.562,-0.686,-1.804,-0.0995,-0.6666,-0.0690,0.7355
40.279,1,6.562,-0.686,-1.804,-0.1000,-0.6672,-0.0694,0.7349
40.306,1,6.562,-0.686,-1.804,-0.0993,-0.6674,-0.0692,0.7348
40.334,1,6.563,-0.686,-1.804,-0.0996,-0.6675,-0.0687,0.7347
40.376,1,6.563,-0.685,-1.804,-0.1012,-0.6668,-0.0709,0.7349
40.405,1,6.563,-0.685,-1.804,-0.1038,-0.6667,-0.0721,0.7346
40.446,1,6.563,-0.685,-1.804,-0.1040,-0.6669,-0.0725,0.7343
40.474,1,6.563,-0.685,-1.804,-0.1041,-0.6668,-0.0734,0.7342
40.502,1,6.563,-0.685,-1.804,-0.1048,-0.6667,-0.0735,0.7343
40.543,1,6.563,-0.685,-1.805,-0.1049,-0.6668,-0.0723,0.7343
40.570,1,6.563,-0.684,-1.805,-0.1066,-0.6671,-0.0729,0.7337
40.614,1,6.562,-0.684,-1.805,-0.1085,-0.6676,-0.0742,0.7329
40.640,1,6.562,-0.684,-1.805,-0.1075,-0.6679,-0.0737,0.7327
40.671,1,6.562,-0.684,-1.805,-0.1071,-0.6680,-0.0733,0.7327
40.711,1,6.562,-0.684,-1.804,-0.1068,-0.6681,-0.0732,0.7328
40.738,1,6.561,-0.685,-1.804,-0.1053,-0.6679,-0.0730,0.7331
40.780,1,6.561,-0.685,-1.804,-0.1034,-0.6676,-0.0726,0.7337
40.808,1,6.561,-0.685,-1.803,-0.1012,-0.6675,-0.0711,0.7343
40.836,1,6.561,-0.686,-1.803,-0.1001,-0.6674,-0.0705,0.7346
40.878,1,6.560,-0.686,-1.803,-0.0994,-0.6668,-0.0703,0.7352
40.905,1,6.560,-0.686,-1.803,-0.0998,-0.6667,-0.0702,0.7353
40.933,1,6.560,-0.685,-1.802,-0.0999,-0.6670,-0.0705,0.7350
40.976,1,6.559,-0.685,-1.802,-0.1009,-0.6676,-0.0733,0.7340
41.003,1,6.559,-0.685,-1.802,-0.1004,-0.6681,-0.0740,0.7335
41.045,1,6.559,-0.685,-1.802,-0.0976,-0.6682,-0.0742,0.7338
41.073,1,6.559,-0.686,-1.802,-0.0968,-0.6682,-0.0731,0.7341
41.100,1,6.559,-0.686,-1.802,-0.0958,-0.6681,-0.0720,0.7344
41.143,1,6.560,-0.686,-1.802,-0.0961,-0.6683,-0.0709,0.7343
41.170,1,6.560,-0.685,-1.802,-0.0990,-0.6682,-0.0731,0.7337
41.212,1,6.560,-0.685,-1.803,-0.0993,-0.6686,-0.0731,0.7333
41.240,1,6.560,-0.685,-1.803,-0.0991,-0.6690,-0.0732,0.7330
41.268,1,6.560,-0.685,-1.803,-0.0999,-0.6690,-0.0736,0.7328
41.310,1,6.560,-0.685,-1.803,-0.1001,-0.6696,-0.0757,0.7321
41.338,1,6.561,-0.684,-1.803,-0.1012,-0.6704,-0.0773,0.7310
41.380,1,6.561,-0.684,-1.803,-0.1018,-0.6710,-0.0777,0.7303
41.408,1,6.561,-0.685,-1.803,-0.1010,-0.6713,-0.0768,0.7303
41.436,1,6.561,-0.685,-1.803,-0.0997,-0.6713,-0.0752,0.7306
41.477,1,6.561,-0.686,-1.803,-0.0979,-0.6712,-0.0731,0.7311
41.506,1,6.561,-0.686,-1.803,-0.0982,-0.6710,-0.0733,0.7312
41.534,1,6.561,-0.686,-1.803,-0.0976,-0.6710,-0.0727,0.7314
41.574,1,6.562,-0.686,-1.803,-0.0955,-0.6710,-0.0717,0.7318
41.601,1,6.561,-0.686,-1.803,-0.0973,-0.6707,-0.0730,0.7317
41.644,1,6.562,-0.686,-1.803,-0.0968,-0.6704,-0.0724,0.7321
41.671,1,6.562,-0.686,-1.803,-0.0970,-0.6703,-0.0722,0.7322
41.713,1,6.562,-0.686,-1.803,-0.0978,-0.6696,-0.0732,0.7326
41.741,1,6.562,-0.685,-1.803,-0.0984,-0.6692,-0.0737,0.7328
41.767,1,6.562,-0.685,-1.803,-0.0990,-0.6688,-0.0736,0.7331
41.808,1,6.561,-0.685,-1.803,-0.0986,-0.6690,-0.0740,0.7329
41.835,1,6.562,-0.685,-1.803,-0.0989,-0.6688,-0.0739,0.7331
41.878,1,6.561,-0.685,-1.803,-0.1004,-0.6687,-0.0753,0.7328
41.906,1,6.562,-0.685,-1.803,-0.1002,-0.6688,-0.0762,0.7327
41.934,1,6.562,-0.685,-1.803,-0.0999,-0.6687,-0.0754,0.7329
41.977,1,6.562,-0.685,-1.802,-0.1006,-0.6682,-0.0760,0.7332
42.004,1,6.562,-0.685,-1.802,-0.1017,-0.6679,-0.0775,0.7332
42.046,1,6.562,-0.684,-1.802,-0.1032,-0.6676,-0.0785,0.7331
42.073,1,6.562,-0.684,-1.802,-0.1029,-0.6674,-0.0792,0.7333
42.102,1,6.562,-0.684,-1.802,-0.1022,-0.6670,-0.0793,0.7338
42.143,1,6.562,-0.684,-1.802,-0.1008,-0.6664,-0.0777,0.7346
42.171,1,6.562,-0.685,-1.801,-0.0999,-0.6661,-0.0776,0.7350
42.212,1,6.562,-0.685,-1.801,-0.0997,-0.6656,-0.0785,0.7355
42.240,1,6.562,-0.685,-1.801,-0.0990,-0.6654,-0.0781,0.7358
42.268,1,6.562,-0.685,-1.801,-0.0986,-0.6654,-0.0777,0.7359
42.310,1,6.562,-0.685,-1.801,-0.0991,-0.6652,-0.0788,0.7358
42.340,1,6.562,-0.685,-1.801,-0.0992,-0.6651,-0.0789,0.7359
42.379,1,6.562,-0.685,-1.800,-0.0994,-0.6648,-0.0783,0.7362
42.407,1,6.562,-0.685,-1.800,-0.0995,-0.6646,-0.0782,0.7364
42.436,1,6.562,-0.685,-1.800,-0.0993,-0.6644,-0.0781,0.7366
42.477,1,6.561,-0.685,-1.800,-0.0986,-0.6643,-0.0781,0.7368
42.505,1,6.561,-0.685,-1.800,-0.0975,-0.6643,-0.0777,0.7370
42.548,1,6.561,-0.686,-1.799,-0.0942,-0.6648,-0.0771,0.7370
42.575,1,6.561,-0.686,-1.799,-0.0926,-0.6650,-0.0770,0.7371
42.603,1,6.561,-0.686,-1.799,-0.0921,-0.6648,-0.0771,0.7373
42.645,1,6.561,-0.687,-1.799,-0.0909,-0.6643,-0.0770,0.7379
42.673,1,6.561,-0.686,-1.799,-0.0908,-0.6638,-0.0769,0.7384
42.702,1,6.560,-0.686,-1.799,-0.0912,-0.6636,-0.0769,0.7385
42.743,1,6.560,-0.686,-1.799,-0.0920,-0.6638,-0.0773,0.7382
42.770,1,6.560,-0.686,-1.799,-0.0924,-0.6643,-0.0767,0.7378
42.812,1,6.560,-0.686,-1.799,-0.0922,-0.6646,-0.0772,0.7374
42.840,1,6.560,-0.686,-1.799,-0.0911,-0.6648,-0.0761,0.7376
42.868,1,6.560,-0.686,-1.799,-0.0905,-0.6648,-0.0751,0.7377
42.909,1,6.560,-0.687,-1.799,-0.0896,-0.6643,-0.0748,0.7383
42.937,1,6.560,-0.687,-1.798,-0.0903,-0.6640,-0.0754,0.7385
42.980,1,6.560,-0.686,-1.798,-0.0915,-0.6636,-0.0769,0.7385
43.008,1,6.561,-0.686,-1.798,-0.0910,-0.6635,-0.0774,0.7386
43.036,1,6.561,-0.686,-1.798,-0.0907,-0.6632,-0.0781,0.7388
43.077,1,6.561,-0.686,-1.798,-0.0931,-0.6630,-0.0790,0.7386
43.105,1,6.561,-0.685,-1.798,-0.0955,-0.6624,-0.0809,0.7387
43.146,1,6.561,-0.684,-1.798,-0.0985,-0.6615,-0.0825,0.7389
43.175,1,6.562,-0.684,-1.798,-0.0994,-0.6612,-0.0831,0.7390
43.202,1,6.562,-0.683,-1.798,-0.1016,-0.6609,-0.0847,0.7387
43.244,1,6.562,-0.683,-1.798,-0.1021,-0.6609,-0.0844,0.7387
43.272,1,6.562,-0.683,-1.799,-0.1030,-0.6610,-0.0856,0.7383
43.300,1,6.562,-0.683,-1.799,-0.1032,-0.6612,-0.0856,0.7382
43.342,1,6.562,-0.684,-1.798,-0.0999,-0.6616,-0.0841,0.7384
43.370,1,6.562,-0.684,-1.798,-0.0977,-0.6618,-0.0821,0.7387
43.411,1,6.563,-0.685,-1.798,-0.0946,-0.6617,-0.0804,0.7394
43.440,1,6.562,-0.686,-1.798,-0.0933,-0.6617,-0.0806,0.7396
43.467,1,6.562,-0.685,-1.798,-0.0952,-0.6613,-0.0817,0.7395
43.509,1,6.562,-0.685,-1.797,-0.0967,-0.6609,-0.0835,0.7395
43.537,1,6.562,-0.684,-1.797,-0.0982,-0.6609,-0.0852,0.7392
43.579,1,6.562,-0.684,-1.797,-0.1009,-0.6601,-0.0867,0.7393
43.606,1,6.562,-0.684,-1.797,-0.0969,-0.6602,-0.0835,0.7402
43.636,1,6.562,-0.685,-1.797,-0.0959,-0.6598,-0.0832,0.7407
43.676,1,6.562,-0.685,-1.797,-0.0965,-0.6595,-0.0838,0.7408
43.704,1,6.562,-0.685,-1.797,-0.0951,-0.6596,-0.0827,0.7410
43.746,1,6.562,-0.685,-1.797,-0.0955,-0.6594,-0.0836,0.7410
43.774,1,6.562,-0.685,-1.797,-0.0959,-0.6590,-0.0839,0.7413
43.803,1,6.562,-0.685,-1.797,-0.0961,-0.6590,-0.0830,0.7414
43.844,1,6.563,-0.685,-1.797,-0.0946,-0.6590,-0.0817,0.7416
43.872,1,6.563,-0.685,-1.797,-0.0953,-0.6592,-0.0816,0.7414
43.913,1,6.563,-0.685,-1.797,-0.0971,-0.6592,-0.0828,0.7410
43.941,1,6.563,-0.685,-1.798,-0.0970,-0.6594,-0.0825,0.7409
43.969,1,6.563,-0.685,-1.798,-0.0955,-0.6596,-0.0809,0.7412
44.012,1,6.563,-0.684,-1.798,-0.0992,-0.6590,-0.0827,0.7410
44.040,1,6.563,-0.684,-1.798,-0.1007,-0.6585,-0.0833,0.7412
44.067,1,6.563,-0.684,-1.798,-0.1014,-0.6586,-0.0841,0.7409
44.110,1,6.564,-0.684,-1.798,-0.1008,-0.6591,-0.0840,0.7405
44.137,1,6.564,-0.684,-1.799,-0.0980,-0.6597,-0.0824,0.7405
44.179,1,6.563,-0.684,-1.799,-0.1004,-0.6598,-0.0845,0.7399
44.207,1,6.563,-0.683,-1.799,-0.1038,-0.6593,-0.0866,0.7396
44.235,1,6.563,-0.683,-1.799,-0.1054,-0.6595,-0.0879,0.7391
44.278,1,6.563,-0.682,-1.799,-0.1070,-0.6606,-0.0891,0.7377
44.306,1,6.563,-0.682,-1.799,-0.1085,-0.6610,-0.0908,0.7369
44.333,1,6.563,-0.681,-1.800,-0.1105,-0.6616,-0.0924,0.7359
44.375,1,6.564,-0.680,-1.800,-0.1150,-0.6625,-0.0944,0.7341
44.403,1,6.564,-0.680,-1.800,-0.1166,-0.6631,-0.0958,0.7331
44.443,1,6.564,-0.680,-1.801,-0.1180,-0.6641,-0.0974,0.7318
44.470,1,6.565,-0.680,-1.801,-0.1178,-0.6648,-0.0968,0.7313
44.512,1,6.566,-0.682,-1.801,-0.1121,-0.6656,-0.0928,0.7320
44.540,1,6.566,-0.682,-1.801,-0.1097,-0.6653,-0.0930,0.7326
44.567,1,6.566,-0.682,-1.801,-0.1076,-0.6646,-0.0928,0.7335
44.610,1,6.566,-0.682,-1.800,-0.1073,-0.6637,-0.0931,0.7344
44.637,1,6.566,-0.682,-1.800,-0.1085,-0.6630,-0.0946,0.7346
44.679,1,6.566,-0.681,-1.800,-0.1109,-0.6622,-0.0963,0.7348
44.706,1,6.566,-0.681,-1.800,-0.1122,-0.6624,-0.0956,0.7345
44.734,1,6.566,-0.681,-1.800,-0.1137,-0.6630,-0.0952,0.7338
44.776,1,6.566,-0.681,-1.800,-0.1130,-0.6639,-0.0958,0.7330
44.804,1,6.566,-0.681,-1.800,-0.1134,-0.6647,-0.0966,0.7321
44.845,1,6.566,-0.680,-1.799,-0.1142,-0.6660,-0.0995,0.7304
44.872,1,6.566,-0.680,-1.799,-0.1141,-0.6669,-0.1022,0.7293
44.901,1,6.566,-0.679,-1.799,-0.1154,-0.6678,-0.1060,0.7277
44.942,1,6.566,-0.678,-1.799,-0.1163,-0.6687,-0.1103,0.7260
44.971,1,6.566,-0.678,-1.799,-0.1154,-0.6696,-0.1105,0.7253
45.013,1,6.566,-0.678,-1.799,-0.1148,-0.6717,-0.1119,0.7233
45.040,1,6.566,-0.679,-1.800,-0.1122,-0.6732,-0.1104,0.7225
45.068,1,6.565,-0.679,-1.800,-0.1098,-0.6744,-0.1094,0.7219
45.110,1,6.565,-0.679,-1.800,-0.1085,-0.6754,-0.1072,0.7215
45.139,1,6.565,-0.680,-1.800,-0.1079,-0.6756,-0.1060,0.7216
45.179,1,6.564,-0.680,-1.800,-0.1065,-0.6760,-0.1048,0.7216
45.207,1,6.564,-0.681,-1.800,-0.1048,-0.6767,-0.1035,0.7214
45.235,1,6.563,-0.681,-1.800,-0.1042,-0.6772,-0.1021,0.7212
45.276,1,6.563,-0.681,-1.800,-0.1042,-0.6774,-0.1009,0.7211
45.304,1,6.563,-0.681,-1.800,-0.1035,-0.6776,-0.0998,0.7212
45.347,1,6.563,-0.681,-1.801,-0.1042,-0.6778,-0.0999,0.7209
45.375,1,6.563,-0.681,-1.801,-0.1037,-0.6782,-0.0996,0.7207
45.403,1,6.563,-0.682,-1.801,-0.1038,-0.6784,-0.0994,0.7205
45.444,1,6.563,-0.681,-1.801,-0.1048,-0.6786,-0.0996,0.7202
45.473,1,6.563,-0.681,-1.802,-0.1045,-0.6787,-0.0996,0.7201
45.502,1,6.563,-0.681,-1.802,-0.1047,-0.6786,-0.0999,0.7201
45.542,1,6.563,-0.681,-1.802,-0.1050,-0.6787,-0.0989,0.7201
45.571,1,6.563,-0.681,-1.802,-0.1065,-0.6783,-0.0995,0.7201
45.612,1,6.564,-0.681,-1.802,-0.1070,-0.6782,-0.1000,0.7201
45.640,1,6.564,-0.681,-1.802,-0.1060,-0.6783,-0.0986,0.7203
45.667,1,6.564,-0.681,-1.802,-0.1062,-0.6783,-0.0984,0.7204
45.709,1,6.564,-0.681,-1.802,-0.1076,-0.6784,-0.0989,0.7200
45.737,1,6.564,-0.681,-1.802,-0.1080,-0.6786,-0.0989,0.7197
45.779,1,6.564,-0.680,-1.802,-0.1108,-0.6783,-0.1029,0.7190
45.806,1,6.564,-0.679,-1.802,-0.1131,-0.6782,-0.1053,0.7184
45.848,1,6.564,-0.679,-1.802,-0.1148,-0.6786,-0.1078,0.7174
45.877,1,6.564,-0.678,-1.802,-0.1144,-0.6790,-0.1081,0.7171
45.903,1,6.564,-0.678,-1.802,-0.1146,-0.6794,-0.1095,0.7164
45.945,1,6.564,-0.678,-1.803,-0.1136,-0.6811,-0.1097,0.7150
45.973,1,6.564,-0.679,-1.803,-0.1108,-0.6826,-0.1074,0.7143
46.001,1,6.564,-0.680,-1.803,-0.1093,-0.6836,-0.1052,0.7139
46.042,1,6.564,-0.680,-1.803,-0.1084,-0.6844,-0.1038,0.7135
46.071,1,6.564,-0.680,-1.804,-0.1084,-0.6846,-0.1042,0.7132
46.113,1,6.564,-0.680,-1.803,-0.1079,-0.6844,-0.1032,0.7136
46.141,1,6.564,-0.681,-1.803,-0.1063,-0.6844,-0.1019,0.7141
46.169,1,6.564,-0.681,-1.803,-0.1059,-0.6843,-0.1010,0.7144
46.210,1,6.564,-0.681,-1.803,-0.1062,-0.6837,-0.1003,0.7150
46.238,1,6.564,-0.681,-1.803,-0.1075,-0.6835,-0.1010,0.7149
46.280,1,6.564,-0.680,-1.803,-0.1096,-0.6834,-0.1024,0.7145
46.308,1,6.564,-0.680,-1.803,-0.1089,-0.6834,-0.1020,0.7146
46.337,1,6.563,-0.680,-1.803,-0.1096,-0.6832,-0.1028,0.7146
46.378,1,6.563,-0.680,-1.803,-0.1112,-0.6825,-0.1043,0.7148
46.404,1,6.563,-0.679,-1.803,-0.1121,-0.6818,-0.1059,0.7151
46.447,1,6.563,-0.678,-1.803,-0.1143,-0.6814,-0.1133,0.7140
46.475,1,6.563,-0.678,-1.803,-0.1143,-0.6822,-0.1162,0.7127
46.502,1,6.563,-0.677,-1.803,-0.1153,-0.6833,-0.1180,0.7112
46.544,1,6.563,-0.676,-1.803,-0.1177,-0.6845,-0.1228,0.7089
46.572,1,6.563,-0.677,-1.803,-0.1162,-0.6855,-0.1219,0.7083
46.601,1,6.563,-0.678,-1.803,-0.1104,-0.6861,-0.1170,0.7095
46.643,1,6.563,-0.679,-1.802,-0.1060,-0.6848,-0.1129,0.7120
46.671,1,6.563,-0.680,-1.801,-0.1049,-0.6832,-0.1100,0.7143
46.713,1,6.563,-0.682,-1.800,-0.1001,-0.6809,-0.1049,0.7179
46.741,1,6.563,-0.682,-1.800,-0.0991,-0.6799,-0.1043,0.7191
46.768,1,6.563,-0.682,-1.798,-0.0960,-0.6766,-0.1035,0.7227
46.809,1,6.564,-0.682,-1.797,-0.0938,-0.6705,-0.1095,0.7278
46.837,1,6.564,-0.682,-1.796,-0.0931,-0.6669,-0.1120,0.7308
46.879,1,6.565,-0.682,-1.794,-0.0923,-0.6628,-0.1112,0.7347
46.907,1,6.565,-0.682,-1.794,-0.0913,-0.6607,-0.1106,0.7368
46.937,1,6.565,-0.682,-1.793,-0.0923,-0.6603,-0.1111,0.7370
46.977,1,6.566,-0.682,-1.793,-0.0936,-0.6601,-0.1126,0.7368
47.004,1,6.566,-0.682,-1.792,-0.0955,-0.6597,-0.1150,0.7365
47.047,1,6.566,-0.681,-1.792,-0.0988,-0.6598,-0.1180,0.7355
47.075,1,6.566,-0.680,-1.792,-0.1000,-0.6596,-0.1185,0.7354
47.102,1,6.566,-0.680,-1.792,-0.1009,-0.6593,-0.1186,0.7356
47.145,1,6.567,-0.680,-1.792,-0.1011,-0.6594,-0.1179,0.7356
47.174,1,6.567,-0.680,-1.792,-0.1008,-0.6595,-0.1177,0.7355
47.201,1,6.567,-0.680,-1.793,-0.1009,-0.6594,-0.1187,0.7355
47.243,1,6.567,-0.680,-1.793,-0.1015,-0.6590,-0.1189,0.7358
47.271,1,6.567,-0.681,-1.793,-0.1009,-0.6590,-0.1182,0.7359
47.313,1,6.567,-0.680,-1.793,-0.1008,-0.6588,-0.1187,0.7360
47.340,1,6.567,-0.680,-1.793,-0.1011,-0.6585,-0.1188,0.7362
47.370,1,6.567,-0.680,-1.793,-0.1016,-0.6584,-0.1179,0.7364
47.411,1,6.567,-0.680,-1.794,-0.1038,-0.6581,-0.1176,0.7364
47.438,1,6.567,-0.680,-1.794,-0.1048,-0.6579,-0.1172,0.7365
47.479,1,6.567,-0.680,-1.794,-0.1065,-0.6579,-0.1167,0.7364
47.507,1,6.567,-0.680,-1.795,-0.1082,-0.6576,-0.1161,0.7364
47.535,1,6.567,-0.679,-1.795,-0.1088,-0.6573,-0.1156,0.7368
47.576,1,6.567,-0.680,-1.794,-0.1087,-0.6569,-0.1148,0.7372
47.604,1,6.567,-0.680,-1.794,-0.1089,-0.6567,-0.1140,0.7375
47.646,1,6.566,-0.680,-1.794,-0.1095,-0.6577,-0.1132,0.7366
47.672,1,6.566,-0.680,-1.794,-0.1080,-0.6586,-0.1127,0.7361
47.701,1,6.566,-0.680,-1.794,-0.1062,-0.6600,-0.1129,0.7351
47.740,1,6.566,-0.681,-1.795,-0.1042,-0.6615,-0.1136,0.7340
47.768,1,6.566,-0.681,-1.795,-0.1013,-0.6619,-0.1106,0.7344
47.810,1,6.566,-0.682,-1.795,-0.1003,-0.6626,-0.1095,0.7341
47.838,1,6.566,-0.681,-1.795,-0.1017,-0.6629,-0.1101,0.7336
47.867,1,6.566,-0.681,-1.795,-0.1043,-0.6632,-0.1101,0.7329
47.908,1,6.565,-0.680,-1.796,-0.1069,-0.6634,-0.1108,0.7322
47.937,1,6.565,-0.680,-1.796,-0.1076,-0.6634,-0.1104,0.7322
47.979,1,6.565,-0.680,-1.796,-0.1069,-0.6634,-0.1094,0.7324
48.006,1,6.564,-0.680,-1.796,-0.1063,-0.6639,-0.1108,0.7319
48.034,1,6.564,-0.680,-1.796,-0.1073,-0.6646,-0.1111,0.7311
48.075,1,6.563,-0.679,-1.796,-0.1101,-0.6649,-0.1117,0.7303
48.103,1,6.563,-0.679,-1.796,-0.1108,-0.6653,-0.1120,0.7298
48.145,1,6.563,-0.679,-1.796,-0.1095,-0.6659,-0.1103,0.7296
48.172,1,6.563,-0.680,-1.796,-0.1073,-0.6663,-0.1089,0.7299
48.200,1,6.563,-0.680,-1.796,-0.1059,-0.6664,-0.1077,0.7302
48.243,1,6.564,-0.681,-1.796,-0.1049,-0.6662,-0.1066,0.7307
48.270,1,6.564,-0.681,-1.797,-0.1038,-0.6661,-0.1057,0.7310
48.311,1,6.564,-0.681,-1.797,-0.1045,-0.6660,-0.1054,0.7310
48.339,1,6.564,-0.681,-1.797,-0.1032,-0.6663,-0.1044,0.7311
48.367,1,6.564,-0.681,-1.797,-0.1034,-0.6662,-0.1044,0.7312
48.410,1,6.564,-0.681,-1.797,-0.1053,-0.6657,-0.1046,0.7313
48.437,1,6.564,-0.681,-1.797,-0.1066,-0.6656,-0.1050,0.7312
48.480,1,6.565,-0.680,-1.798,-0.1101,-0.6649,-0.1068,0.7310
48.506,1,6.565,-0.680,-1.798,-0.1116,-0.6648,-0.1074,0.7308
48.534,1,6.565,-0.678,-1.798,-0.1128,-0.6649,-0.1100,0.7302
48.576,1,6.565,-0.677,-1.798,-0.1173,-0.6644,-0.1141,0.7292
48.604,1,6.565,-0.676,-1.798,-0.1224,-0.6633,-0.1141,0.7294
48.645,1,6.565,-0.676,-1.798,-0.1268,-0.6619,-0.1159,0.7296
48.673,1,6.565,-0.676,-1.798,-0.1264,-0.6617,-0.1153,0.7300
48.701,1,6.565,-0.677,-1.799,-0.1223,-0.6616,-0.1131,0.7312
48.743,1,6.566,-0.681,-1.799,-0.1098,-0.6618,-0.1020,0.7345
48.771,1,6.566,-0.684,-1.799,-0.1005,-0.6618,-0.0928,0.7371
48.814,1,6.565,-0.684,-1.799,-0.0927,-0.6605,-0.0883,0.7399
48.841,1,6.565,-0.684,-1.799,-0.0926,-0.6596,-0.0891,0.7406
48.869,1,6.564,-0.685,-1.799,-0.0917,-0.6592,-0.0887,0.7411
48.911,1,6.564,-0.686,-1.799,-0.0903,-0.6592,-0.0841,0.7417
48.938,1,6.564,-0.686,-1.800,-0.0897,-0.6594,-0.0826,0.7418
48.980,1,6.563,-0.685,-1.800,-0.0919,-0.6599,-0.0813,0.7413
49.008,1,6.562,-0.685,-1.800,-0.0944,-0.6599,-0.0811,0.7410
49.036,1,6.562,-0.685,-1.800,-0.0955,-0.6603,-0.0800,0.7406
49.077,1,6.561,-0.685,-1.800,-0.0954,-0.6618,-0.0782,0.7395
49.105,1,6.561,-0.686,-1.801,-0.0955,-0.6629,-0.0781,0.7384
49.133,1,6.561,-0.685,-1.801,-0.0964,-0.6642,-0.0793,0.7370
49.176,1,6.560,-0.685,-1.801,-0.0983,-0.6657,-0.0818,0.7352
49.204,1,6.560,-0.685,-1.801,-0.0980,-0.6658,-0.0822,0.7351
49.245,1,6.560,-0.685,-1.801,-0.0962,-0.6656,-0.0826,0.7355
49.272,1,6.561,-0.686,-1.802,-0.0947,-0.6654,-0.0823,0.7358
49.300,1,6.561,-0.686,-1.802,-0.0920,-0.6649,-0.0807,0.7368
49.343,1,6.561,-0.687,-1.802,-0.0900,-0.6641,-0.0767,0.7382
49.371,1,6.560,-0.687,-1.803,-0.0901,-0.6637,-0.0752,0.7387
49.413,1,6.560,-0.687,-1.803,-0.0932,-0.6625,-0.0744,0.7395
49.442,1,6.559,-0.686,-1.803,-0.0965,-0.6609,-0.0739,0.7406
49.468,1,6.559,-0.686,-1.803,-0.0972,-0.6595,-0.0721,0.7419
49.510,1,6.559,-0.687,-1.804,-0.0957,-0.6576,-0.0699,0.7440
49.539,1,6.559,-0.687,-1.804,-0.0952,-0.6567,-0.0690,0.7449
49.567,1,6.558,-0.687,-1.805,-0.0951,-0.6562,-0.0676,0.7455
49.607,1,6.557,-0.687,-1.806,-0.0964,-0.6553,-0.0673,0.7462
49.636,1,6.557,-0.687,-1.807,-0.0980,-0.6548,-0.0661,0.7465
49.678,1,6.556,-0.685,-1.808,-0.1006,-0.6545,-0.0646,0.7466
49.706,1,6.555,-0.685,-1.810,-0.1048,-0.6542,-0.0656,0.7462
49.734,1,6.554,-0.684,-1.811,-0.1071,-0.6544,-0.0640,0.7458
49.776,1,6.553,-0.683,-1.813,-0.1123,-0.6553,-0.0602,0.7445
49.803,1,6.552,-0.682,-1.815,-0.1165,-0.6557,-0.0597,0.7436
49.845,1,6.551,-0.682,-1.817,-0.1210,-0.6573,-0.0558,0.7418
49.873,1,6.550,-0.681,-1.818,-0.1241,-0.6584,-0.0526,0.7405
49.902,1,6.549,-0.681,-1.819,-0.1266,-0.6593,-0.0520,0.7393
49.943,1,6.547,-0.681,-1.821,-0.1281,-0.6609,-0.0509,0.7377
49.971,1,6.546,-0.681,-1.822,-0.1291,-0.6617,-0.0495,0.7369
50.000,1,6.544,-0.680,-1.823,-0.1311,-0.6624,-0.0475,0.7361
50.042,1,6.542,-0.680,-1.824,-0.1342,-0.6629,-0.0443,0.7352
50.070,1,6.541,-0.680,-1.825,-0.1345,-0.6629,-0.0428,0.7353
50.111,1,6.539,-0.681,-1.825,-0.1327,-0.6629,-0.0409,0.7357
50.139,1,6.538,-0.682,-1.825,-0.1303,-0.6629,-0.0401,0.7362
50.180,1,6.536,-0.682,-1.825,-0.1293,-0.6630,-0.0408,0.7362
50.208,1,6.536,-0.683,-1.825,-0.1286,-0.6631,-0.0429,0.7362
50.235,1,6.536,-0.684,-1.824,-0.1235,-0.6634,-0.0419,0.7369
50.277,1,6.536,-0.686,-1.825,-0.1143,-0.6641,-0.0384,0.7378
50.305,1,6.536,-0.686,-1.825,-0.1111,-0.6644,-0.0367,0.7382
50.347,1,6.536,-0.687,-1.825,-0.1097,-0.6650,-0.0348,0.7379
50.375,1,6.537,-0.687,-1.825,-0.1108,-0.6654,-0.0357,0.7374
50.403,1,6.537,-0.687,-1.825,-0.1125,-0.6657,-0.0368,0.7368
50.444,1,6.537,-0.686,-1.825,-0.1153,-0.6666,-0.0379,0.7355
50.472,1,6.537,-0.686,-1.824,-0.1161,-0.6667,-0.0384,0.7352
50.501,1,6.536,-0.683,-1.824,-0.1204,-0.6662,-0.0430,0.7348
50.541,1,6.536,-0.684,-1.822,-0.1225,-0.6652,-0.0472,0.7350
50.569,1,6.536,-0.685,-1.822,-0.1171,-0.6650,-0.0448,0.7363
50.611,1,6.536,-0.685,-1.820,-0.1156,-0.6632,-0.0456,0.7381
50.639,1,6.536,-0.686,-1.819,-0.1125,-0.6609,-0.0432,0.7407
50.666,1,6.536,-0.686,-1.819,-0.1096,-0.6586,-0.0416,0.7433
50.709,1,6.536,-0.685,-1.818,-0.1126,-0.6564,-0.0447,0.7446
50.737,1,6.536,-0.685,-1.818,-0.1132,-0.6559,-0.0442,0.7450
50.778,1,6.536,-0.685,-1.818,-0.1160,-0.6560,-0.0453,0.7444
50.805,1,6.536,-0.684,-1.818,-0.1188,-0.6556,-0.0488,0.7441
50.833,1,6.536,-0.682,-1.818,-0.1204,-0.6540,-0.0525,0.7450
50.875,1,6.536,-0.679,-1.818,-0.1310,-0.6515,-0.0592,0.7449
50.903,1,6.537,-0.678,-1.818,-0.1344,-0.6488,-0.0623,0.7464
50.944,1,6.538,-0.679,-1.816,-0.1355,-0.6439,-0.0608,0.7506
50.972,1,6.539,-0.678,-1.815,-0.1401,-0.6399,-0.0630,0.7530
51.013,1,6.541,-0.677,-1.811,-0.1428,-0.6300,-0.0721,0.7599
51.042,1,6.543,-0.675,-1.807,-0.1443,-0.6181,-0.0854,0.7680
51.069,1,6.546,-0.673,-1.801,-0.1467,-0.6024,-0.0987,0.7784
51.109,1,6.553,-0.667,-1.790,-0.1606,-0.5652,-0.1241,0.7996
51.135,1,6.559,-0.664,-1.781,-0.1780,-0.5324,-0.1447,0.8148
51.178,1,6.568,-0.659,-1.770,-0.2016,-0.4853,-0.1750,0.8326
51.213,1,6.575,-0.656,-1.762,-0.2182,-0.4502,-0.1952,0.8436
51.254,1,6.577,-0.657,-1.759,-0.2189,-0.4488,-0.1869,0.8460
51.281,1,6.577,-0.657,-1.755,-0.2173,-0.4519,-0.1860,0.8450
51.321,1,6.577,-0.657,-1.750,-0.2126,-0.4593,-0.1906,0.8412
51.338,1,6.577,-0.658,-1.747,-0.2122,-0.4608,-0.1887,0.8409
51.377,1,6.578,-0.659,-1.740,-0.2129,-0.4612,-0.1787,0.8427
51.405,1,6.579,-0.659,-1.737,-0.2137,-0.4603,-0.1773,0.8432
51.446,1,6.581,-0.658,-1.729,-0.2183,-0.4537,-0.1804,0.8449
51.474,1,6.583,-0.657,-1.723,-0.2254,-0.4466,-0.1822,0.8465
51.502,1,6.585,-0.657,-1.716,-0.2308,-0.4407,-0.1813,0.8483
51.543,1,6.586,-0.657,-1.712,-0.2310,-0.4430,-0.1814,0.8470
51.585,1,6.585,-0.658,-1.706,-0.2294,-0.4492,-0.1780,0.8449
51.612,1,6.585,-0.658,-1.703,-0.2293,-0.4543,-0.1757,0.8427
51.654,1,6.583,-0.658,-1.700,-0.2295,-0.4616,-0.1755,0.8387
51.751,1,6.582,-0.659,-1.696,-0.2274,-0.4652,-0.1768,0.8370
51.751,1,6.582,-0.659,-1.696,-0.2274,-0.4652,-0.1768,0.8370
51.751,1,6.582,-0.659,-1.696,-0.2274,-0.4652,-0.1768,0.8370
51.814,1,6.581,-0.659,-1.691,-0.2276,-0.4616,-0.1817,0.8379
51.814,1,6.581,-0.659,-1.691,-0.2276,-0.4616,-0.1817,0.8379
51.834,1,6.581,-0.659,-1.689,-0.2310,-0.4546,-0.1846,0.8402
51.880,1,6.586,-0.656,-1.683,-0.2554,-0.4026,-0.1931,0.8576
51.903,1,6.588,-0.656,-1.682,-0.2609,-0.3869,-0.1835,0.8652
51.945,1,6.592,-0.658,-1.681,-0.2688,-0.3455,-0.1639,0.8840
51.973,1,6.593,-0.658,-1.681,-0.2684,-0.3334,-0.1592,0.8896
52.000,1,6.594,-0.657,-1.682,-0.2683,-0.3254,-0.1617,0.8922
52.043,1,6.594,-0.658,-1.683,-0.2687,-0.3204,-0.1585,0.8945
52.070,1,6.594,-0.657,-1.684,-0.2708,-0.3205,-0.1553,0.8943
52.112,1,6.594,-0.659,-1.685,-0.2665,-0.3246,-0.1530,0.8945
52.140,1,6.594,-0.659,-1.686,-0.2630,-0.3276,-0.1536,0.8944
52.168,1,6.593,-0.659,-1.687,-0.2603,-0.3315,-0.1527,0.8939
52.211,1,6.591,-0.660,-1.689,-0.2510,-0.3450,-0.1475,0.8923
52.239,1,6.589,-0.661,-1.691,-0.2444,-0.3594,-0.1437,0.8891
52.280,1,6.585,-0.663,-1.694,-0.2293,-0.3853,-0.1405,0.8827
52.308,1,6.582,-0.664,-1.696,-0.2173,-0.4035,-0.1361,0.8783
52.339,1,6.580,-0.665,-1.698,-0.2088,-0.4214,-0.1315,0.8727
52.379,1,6.576,-0.666,-1.702,-0.2007,-0.4469,-0.1262,0.8626
52.410,1,6.573,-0.668,-1.705,-0.1920,-0.4641,-0.1228,0.8560
52.435,1,6.571,-0.669,-1.706,-0.1880,-0.4730,-0.1213,0.8522
52.479,1,6.564,-0.670,-1.713,-0.1760,-0.5094,-0.1145,0.8345
52.503,1,6.563,-0.670,-1.715,-0.1718,-0.5199,-0.1112,0.8293
52.546,1,6.555,-0.673,-1.724,-0.1532,-0.5615,-0.0983,0.8072
52.572,1,6.551,-0.675,-1.728,-0.1410,-0.5827,-0.0892,0.7954
52.600,1,6.548,-0.678,-1.733,-0.1283,-0.6015,-0.0803,0.7844
52.642,1,6.544,-0.683,-1.738,-0.1082,-0.6238,-0.0636,0.7714
52.668,1,6.541,-0.686,-1.740,-0.0971,-0.6334,-0.0508,0.7660
52.712,1,6.537,-0.691,-1.744,-0.0831,-0.6434,-0.0331,0.7603
52.739,1,6.534,-0.694,-1.746,-0.0683,-0.6490,-0.0241,0.7573
52.767,1,6.532,-0.699,-1.749,-0.0517,-0.6534,-0.0135,0.7551
52.810,1,6.529,-0.705,-1.753,-0.0296,-0.6575,0.0043,0.7528
52.838,1,6.527,-0.709,-1.756,-0.0144,-0.6598,0.0163,0.7511
52.879,1,6.525,-0.716,-1.760,0.0085,-0.6625,0.0336,0.7483
52.906,1,6.524,-0.717,-1.763,0.0159,-0.6636,0.0443,0.7466
52.935,1,6.522,-0.718,-1.765,0.0134,-0.6644,0.0501,0.7456
52.977,1,6.521,-0.718,-1.767,0.0107,-0.6616,0.0515,0.7480
53.005,1,6.520,-0.716,-1.768,0.0060,-0.6568,0.0457,0.7527
53.047,1,6.518,-0.714,-1.770,-0.0025,-0.6499,0.0385,0.7590
53.077,1,6.518,-0.715,-1.771,-0.0037,-0.6478,0.0390,0.7608
53.102,1,6.517,-0.715,-1.772,-0.0032,-0.6467,0.0395,0.7617
53.145,1,6.516,-0.715,-1.774,0.0003,-0.6447,0.0384,0.7635
53.173,1,6.515,-0.715,-1.775,0.0001,-0.6451,0.0398,0.7631
53.200,1,6.514,-0.716,-1.776,-0.0007,-0.6463,0.0431,0.7619
53.241,1,6.513,-0.716,-1.777,0.0007,-0.6478,0.0461,0.7604
53.270,1,6.513,-0.716,-1.778,0.0012,-0.6481,0.0475,0.7601
53.311,1,6.512,-0.716,-1.778,0.0002,-0.6488,0.0492,0.7594
53.339,1,6.512,-0.716,-1.778,-0.0021,-0.6499,0.0488,0.7585
53.380,1,6.511,-0.716,-1.779,-0.0024,-0.6519,0.0484,0.7568
53.408,1,6.510,-0.716,-1.779,-0.0002,-0.6533,0.0505,0.7554
53.435,1,6.510,-0.718,-1.779,0.0027,-0.6548,0.0531,0.7539
53.477,1,6.510,-0.719,-1.779,0.0085,-0.6566,0.0584,0.7519
53.505,1,6.509,-0.721,-1.779,0.0135,-0.6576,0.0622,0.7507
53.533,1,6.509,-0.722,-1.779,0.0191,-0.6586,0.0662,0.7493
53.575,1,6.509,-0.723,-1.779,0.0260,-0.6608,0.0705,0.7468
53.603,1,6.508,-0.724,-1.779,0.0274,-0.6625,0.0718,0.7451
53.643,1,6.508,-0.724,-1.779,0.0279,-0.6644,0.0715,0.7434
53.671,1,6.508,-0.724,-1.779,0.0271,-0.6651,0.0691,0.7431
53.700,1,6.508,-0.722,-1.779,0.0239,-0.6661,0.0654,0.7426
53.741,1,6.507,-0.720,-1.780,0.0189,-0.6682,0.0597,0.7413
53.769,1,6.507,-0.720,-1.780,0.0169,-0.6702,0.0573,0.7398
53.809,1,6.507,-0.720,-1.781,0.0164,-0.6729,0.0572,0.7373
53.838,1,6.507,-0.719,-1.781,0.0159,-0.6744,0.0576,0.7360
53.866,1,6.508,-0.719,-1.781,0.0160,-0.6752,0.0573,0.7352
53.907,1,6.508,-0.720,-1.781,0.0184,-0.6756,0.0586,0.7347
53.933,1,6.509,-0.721,-1.782,0.0214,-0.6753,0.0615,0.7347
54.121,1,6.510,-0.722,-1.781,0.0209,-0.6756,0.0647,0.7341
54.121,1,6.510,-0.722,-1.781,0.0209,-0.6756,0.0647,0.7341
54.121,1,6.510,-0.722,-1.781,0.0209,-0.6756,0.0647,0.7341
54.121,1,6.510,-0.722,-1.781,0.0209,-0.6756,0.0647,0.7341
54.121,1,6.510,-0.722,-1.781,0.0209,-0.6756,0.0647,0.7341
54.144,1,6.510,-0.720,-1.782,0.0166,-0.6793,0.0601,0.7312
54.170,1,6.510,-0.720,-1.783,0.0163,-0.6822,0.0580,0.7287
54.213,1,6.510,-0.720,-1.784,0.0174,-0.6868,0.0569,0.7244
54.241,1,6.510,-0.720,-1.786,0.0177,-0.6895,0.0566,0.7219
54.268,1,6.510,-0.720,-1.787,0.0172,-0.6923,0.0585,0.7190
54.311,1,6.510,-0.721,-1.789,0.0167,-0.6960,0.0601,0.7154
54.341,1,6.510,-0.721,-1.790,0.0165,-0.6986,0.0603,0.7128
54.367,1,6.510,-0.721,-1.792,0.0155,-0.7017,0.0605,0.7097
54.409,1,6.510,-0.721,-1.794,0.0137,-0.7060,0.0621,0.7054
54.438,1,6.510,-0.721,-1.796,0.0124,-0.7086,0.0629,0.7027
54.480,1,6.509,-0.720,-1.798,0.0092,-0.7130,0.0629,0.6982
54.509,1,6.509,-0.720,-1.799,0.0083,-0.7160,0.0626,0.6952
54.535,1,6.509,-0.720,-1.801,0.0080,-0.7190,0.0627,0.6921
54.576,1,6.509,-0.720,-1.803,0.0054,-0.7238,0.0624,0.6871
54.604,1,6.509,-0.720,-1.804,0.0034,-0.7267,0.0620,0.6841
54.646,1,6.509,-0.720,-1.805,0.0023,-0.7305,0.0615,0.6801
54.674,1,6.509,-0.720,-1.806,0.0020,-0.7330,0.0616,0.6774
54.703,1,6.509,-0.720,-1.807,0.0023,-0.7350,0.0610,0.6754
54.743,1,6.510,-0.720,-1.808,0.0023,-0.7381,0.0609,0.6720
54.772,1,6.511,-0.719,-1.809,0.0019,-0.7407,0.0599,0.6691
54.801,1,6.511,-0.719,-1.810,0.0009,-0.7430,0.0566,0.6669
54.840,1,6.512,-0.718,-1.811,-0.0025,-0.7460,0.0536,0.6637
54.868,1,6.513,-0.718,-1.811,-0.0045,-0.7484,0.0521,0.6612
54.911,1,6.514,-0.717,-1.812,-0.0078,-0.7508,0.0494,0.6586
54.938,1,6.515,-0.716,-1.812,-0.0102,-0.7524,0.0467,0.6569
54.980,1,6.516,-0.715,-1.813,-0.0129,-0.7548,0.0435,0.6543
55.007,1,6.516,-0.714,-1.813,-0.0151,-0.7560,0.0414,0.6531
55.036,1,6.517,-0.714,-1.813,-0.0164,-0.7568,0.0390,0.6523
55.078,1,6.518,-0.713,-1.813,-0.0185,-0.7580,0.0359,0.6511
55.105,1,6.518,-0.713,-1.813,-0.0199,-0.7590,0.0344,0.6499
55.136,1,6.519,-0.712,-1.813,-0.0204,-0.7598,0.0329,0.6490
55.176,1,6.519,-0.711,-1.814,-0.0221,-0.7617,0.0293,0.6469
55.203,1,6.520,-0.711,-1.814,-0.0234,-0.7628,0.0279,0.6456
55.245,1,6.521,-0.711,-1.814,-0.0230,-0.7644,0.0261,0.6438
55.272,1,6.521,-0.711,-1.814,-0.0237,-0.7659,0.0255,0.6420
55.301,1,6.521,-0.711,-1.814,-0.0242,-0.7665,0.0258,0.6412
55.343,1,6.522,-0.711,-1.813,-0.0247,-0.7669,0.0259,0.6408
55.370,1,6.523,-0.710,-1.813,-0.0267,-0.7675,0.0256,0.6400
55.413,1,6.523,-0.710,-1.813,-0.0296,-0.7675,0.0250,0.6398
55.441,1,6.524,-0.710,-1.813,-0.0324,-0.7679,0.0243,0.6392
55.468,1,6.524,-0.709,-1.813,-0.0341,-0.7687,0.0243,0.6382
55.511,1,6.525,-0.709,-1.813,-0.0357,-0.7690,0.0250,0.6378
55.538,1,6.525,-0.709,-1.813,-0.0372,-0.7691,0.0249,0.6375
55.580,1,6.525,-0.709,-1.812,-0.0385,-0.7695,0.0253,0.6370
55.608,1,6.526,-0.710,-1.812,-0.0385,-0.7693,0.0265,0.6372
55.636,1,6.526,-0.710,-1.811,-0.0384,-0.7687,0.0270,0.6379
55.679,1,6.526,-0.710,-1.810,-0.0377,-0.7673,0.0272,0.6396
55.707,1,6.527,-0.709,-1.809,-0.0377,-0.7664,0.0267,0.6407
55.735,1,6.527,-0.709,-1.808,-0.0383,-0.7655,0.0247,0.6418
55.776,1,6.527,-0.709,-1.807,-0.0399,-0.7641,0.0223,0.6434
55.804,1,6.527,-0.708,-1.806,-0.0403,-0.7631,0.0216,0.6446
55.844,1,6.527,-0.708,-1.805,-0.0398,-0.7617,0.0211,0.6464
55.872,1,6.527,-0.708,-1.805,-0.0395,-0.7607,0.0210,0.6475
55.900,1,6.527,-0.708,-1.804,-0.0405,-0.7602,0.0204,0.6481
55.943,1,6.527,-0.708,-1.803,-0.0405,-0.7600,0.0199,0.6484
55.970,1,6.527,-0.708,-1.803,-0.0394,-0.7598,0.0197,0.6486
56.013,1,6.527,-0.708,-1.803,-0.0392,-0.7599,0.0198,0.6486
56.039,1,6.527,-0.709,-1.803,-0.0382,-0.7601,0.0195,0.6484
56.068,1,6.527,-0.709,-1.802,-0.0380,-0.7603,0.0198,0.6481
56.109,1,6.527,-0.709,-1.802,-0.0371,-0.7601,0.0199,0.6484
56.136,1,6.526,-0.709,-1.802,-0.0370,-0.7603,0.0206,0.6482
56.175,1,6.526,-0.709,-1.802,-0.0372,-0.7606,0.0202,0.6478
56.202,1,6.526,-0.709,-1.802,-0.0377,-0.7606,0.0202,0.6478
56.244,1,6.526,-0.708,-1.802,-0.0401,-0.7614,0.0194,0.6467
56.272,1,6.526,-0.708,-1.802,-0.0405,-0.7621,0.0188,0.6459
56.300,1,6.526,-0.708,-1.802,-0.0403,-0.7625,0.0187,0.6455
56.343,1,6.526,-0.708,-1.803,-0.0408,-0.7635,0.0178,0.6443
56.371,1,6.526,-0.708,-1.803,-0.0411,-0.7636,0.0171,0.6442
56.413,1,6.525,-0.708,-1.803,-0.0414,-0.7643,0.0158,0.6434
56.441,1,6.525,-0.708,-1.803,-0.0413,-0.7648,0.0150,0.6428
56.470,1,6.525,-0.708,-1.803,-0.0415,-0.7651,0.0146,0.6423
56.512,1,6.526,-0.708,-1.803,-0.0405,-0.7655,0.0149,0.6420
56.541,1,6.526,-0.708,-1.803,-0.0403,-0.7656,0.0156,0.6419
56.569,1,6.526,-0.708,-1.803,-0.0404,-0.7656,0.0167,0.6419
56.603,1,6.526,-0.708,-1.803,-0.0400,-0.7655,0.0168,0.6420
56.638,1,6.526,-0.708,-1.803,-0.0393,-0.7656,0.0171,0.6419
56.679,1,6.526,-0.709,-1.803,-0.0393,-0.7657,0.0175,0.6417
56.707,1,6.526,-0.709,-1.803,-0.0388,-0.7660,0.0173,0.6414
56.734,1,6.526,-0.709,-1.803,-0.0380,-0.7668,0.0167,0.6405
56.776,1,6.526,-0.709,-1.803,-0.0374,-0.7675,0.0178,0.6397
56.805,1,6.525,-0.709,-1.803,-0.0374,-0.7672,0.0176,0.6401
56.846,1,6.525,-0.709,-1.803,-0.0373,-0.7669,0.0182,0.6405
56.873,1,6.525,-0.709,-1.803,-0.0370,-0.7669,0.0190,0.6405
56.902,1,6.525,-0.709,-1.803,-0.0373,-0.7672,0.0187,0.6401
56.942,1,6.524,-0.709,-1.803,-0.0364,-0.7674,0.0184,0.6399
56.971,1,6.524,-0.709,-1.803,-0.0356,-0.7678,0.0193,0.6394
57.011,1,6.524,-0.710,-1.803,-0.0347,-0.7683,0.0196,0.6389
57.040,1,6.524,-0.710,-1.803,-0.0343,-0.7686,0.0204,0.6385
57.067,1,6.524,-0.710,-1.803,-0.0343,-0.7690,0.0199,0.6380
57.110,1,6.524,-0.710,-1.803,-0.0346,-0.7691,0.0184,0.6379
57.136,1,6.524,-0.709,-1.803,-0.0349,-0.7690,0.0182,0.6381
57.178,1,6.525,-0.709,-1.803,-0.0366,-0.7688,0.0177,0.6381
57.206,1,6.525,-0.709,-1.803,-0.0372,-0.7685,0.0172,0.6385
57.235,1,6.525,-0.709,-1.803,-0.0377,-0.7684,0.0169,0.6386
57.277,1,6.525,-0.709,-1.803,-0.0386,-0.7682,0.0169,0.6388
57.305,1,6.525,-0.709,-1.803,-0.0384,-0.7680,0.0171,0.6391
57.347,1,6.525,-0.709,-1.803,-0.0388,-0.7680,0.0166,0.6390
57.375,1,6.525,-0.709,-1.803,-0.0391,-0.7680,0.0170,0.6390
57.403,1,6.525,-0.709,-1.803,-0.0390,-0.7679,0.0173,0.6391
57.445,1,6.526,-0.709,-1.804,-0.0395,-0.7684,0.0168,0.6385
57.471,1,6.526,-0.708,-1.804,-0.0400,-0.7685,0.0169,0.6384
57.501,1,6.526,-0.708,-1.804,-0.0404,-0.7685,0.0167,0.6384
57.542,1,6.526,-0.708,-1.804,-0.0409,-0.7689,0.0162,0.6379
57.570,1,6.526,-0.708,-1.804,-0.0415,-0.7688,0.0163,0.6379
57.612,1,6.526,-0.708,-1.804,-0.0419,-0.7684,0.0164,0.6384
57.639,1,6.526,-0.708,-1.804,-0.0418,-0.7681,0.0161,0.6388
57.668,1,6.526,-0.708,-1.803,-0.0420,-0.7677,0.0165,0.6393
57.710,1,6.526,-0.708,-1.803,-0.0415,-0.7672,0.0164,0.6398
57.738,1,6.525,-0.708,-1.803,-0.0415,-0.7671,0.0163,0.6400
57.779,1,6.525,-0.708,-1.803,-0.0404,-0.7662,0.0157,0.6412
57.807,1,6.525,-0.708,-1.802,-0.0406,-0.7660,0.0162,0.6413
57.835,1,6.525,-0.708,-1.802,-0.0402,-0.7658,0.0160,0.6416
57.876,1,6.525,-0.708,-1.802,-0.0401,-0.7657,0.0162,0.6417
57.905,1,6.525,-0.708,-1.802,-0.0407,-0.7659,0.0162,0.6414
57.946,1,6.525,-0.708,-1.802,-0.0409,-0.7662,0.0163,0.6411
57.974,1,6.525,-0.708,-1.803,-0.0411,-0.7664,0.0157,0.6408
58.002,1,6.525,-0.708,-1.803,-0.0420,-0.7666,0.0156,0.6406
58.043,1,6.525,-0.708,-1.803,-0.0420,-0.7663,0.0159,0.6409
58.072,1,6.526,-0.708,-1.802,-0.0415,-0.7660,0.0157,0.6413
58.100,1,6.526,-0.708,-1.802,-0.0415,-0.7660,0.0161,0.6413
58.142,1,6.526,-0.708,-1.802,-0.0411,-0.7656,0.0164,0.6418
58.169,1,6.526,-0.708,-1.802,-0.0417,-0.7656,0.0153,0.6418
58.211,1,6.526,-0.708,-1.802,-0.0423,-0.7652,0.0149,0.6423
58.239,1,6.526,-0.708,-1.802,-0.0430,-0.7649,0.0146,0.6425
58.267,1,6.526,-0.707,-1.802,-0.0436,-0.7649,0.0141,0.6425
58.309,1,6.526,-0.707,-1.802,-0.0430,-0.7649,0.0141,0.6425
58.337,1,6.526,-0.708,-1.802,-0.0426,-0.7649,0.0143,0.6425
58.379,1,6.526,-0.708,-1.801,-0.0424,-0.7646,0.0140,0.6429
58.407,1,6.526,-0.708,-1.801,-0.0421,-0.7643,0.0142,0.6433
58.434,1,6.526,-0.708,-1.801,-0.0417,-0.7639,0.0143,0.6438
58.476,1,6.526,-0.707,-1.801,-0.0420,-0.7637,0.0135,0.6440
58.505,1,6.526,-0.708,-1.801,-0.0414,-0.7635,0.0141,0.6444
58.546,1,6.526,-0.708,-1.801,-0.0412,-0.7631,0.0149,0.6448
58.574,1,6.526,-0.708,-1.801,-0.0418,-0.7630,0.0150,0.6449
58.602,1,6.526,-0.708,-1.801,-0.0423,-0.7631,0.0158,0.6448
58.644,1,6.526,-0.708,-1.801,-0.0415,-0.7630,0.0148,0.6449
58.673,1,6.526,-0.708,-1.801,-0.0419,-0.7633,0.0147,0.6445
58.700,1,6.526,-0.708,-1.801,-0.0420,-0.7637,0.0146,0.6440
58.742,1,6.526,-0.708,-1.801,-0.0414,-0.7639,0.0147,0.6438
58.770,1,6.526,-0.708,-1.801,-0.0416,-0.7639,0.0156,0.6438
58.812,1,6.526,-0.708,-1.801,-0.0415,-0.7634,0.0156,0.6444
58.841,1,6.526,-0.708,-1.801,-0.0419,-0.7630,0.0151,0.6448
58.868,1,6.526,-0.708,-1.801,-0.0426,-0.7631,0.0150,0.6447
58.910,1,6.526,-0.708,-1.801,-0.0430,-0.7629,0.0149,0.6449
58.938,1,6.526,-0.707,-1.801,-0.0434,-0.7629,0.0146,0.6449
58.967,1,6.526,-0.707,-1.801,-0.0435,-0.7631,0.0147,0.6447
59.007,1,6.526,-0.707,-1.801,-0.0432,-0.7633,0.0150,0.6444
59.037,1,6.526,-0.707,-1.801,-0.0432,-0.7634,0.0151,0.6443
59.077,1,6.526,-0.707,-1.801,-0.0433,-0.7633,0.0152,0.6445
59.105,1,6.526,-0.708,-1.801,-0.0431,-0.7632,0.0155,0.6446
59.133,1,6.526,-0.708,-1.801,-0.0427,-0.7631,0.0157,0.6446
59.174,1,6.526,-0.708,-1.801,-0.0426,-0.7632,0.0156,0.6446
59.201,1,6.526,-0.708,-1.801,-0.0423,-0.7633,0.0158,0.6445
59.243,1,6.526,-0.708,-1.801,-0.0421,-0.7634,0.0159,0.6444
59.272,1,6.526,-0.708,-1.801,-0.0424,-0.7634,0.0158,0.6443
59.311,1,6.526,-0.708,-1.801,-0.0427,-0.7632,0.0159,0.6445
59.340,1,6.526,-0.708,-1.801,-0.0426,-0.7631,0.0156,0.6447
59.367,1,6.526,-0.707,-1.801,-0.0426,-0.7631,0.0154,0.6447
59.410,1,6.526,-0.708,-1.801,-0.0428,-0.7628,0.0157,0.6450
59.436,1,6.526,-0.708,-1.801,-0.0429,-0.7627,0.0160,0.6452
59.479,1,6.526,-0.708,-1.801,-0.0431,-0.7628,0.0148,0.6451
59.506,1,6.526,-0.708,-1.801,-0.0425,-0.7627,0.0148,0.6452
59.534,1,6.526,-0.708,-1.801,-0.0425,-0.7628,0.0157,0.6450
59.575,1,6.527,-0.707,-1.801,-0.0424,-0.7628,0.0142,0.6451
59.604,1,6.527,-0.707,-1.801,-0.0439,-0.7625,0.0129,0.6453
59.645,1,6.527,-0.707,-1.801,-0.0446,-0.7618,0.0130,0.6461
59.673,1,6.527,-0.707,-1.801,-0.0439,-0.7616,0.0138,0.6465
59.701,1,6.527,-0.708,-1.801,-0.0434,-0.7615,0.0151,0.6465
59.743,1,6.527,-0.708,-1.801,-0.0433,-0.7618,0.0163,0.6461
59.772,1,6.527,-0.708,-1.801,-0.0428,-0.7620,0.0159,0.6460
59.813,1,6.527,-0.707,-1.801,-0.0437,-0.7620,0.0155,0.6459
59.840,1,6.527,-0.707,-1.801,-0.0449,-0.7623,0.0145,0.6455
59.868,1,6.527,-0.707,-1.801,-0.0453,-0.7627,0.0139,0.6451
59.909,1,6.527,-0.707,-1.801,-0.0444,-0.7629,0.0138,0.6449
59.936,1,6.527,-0.707,-1.801,-0.0444,-0.7628,0.0138,0.6450
59.980,1,6.527,-0.707,-1.801,-0.0433,-0.7621,0.0149,0.6458
60.007,1,6.527,-0.708,-1.801,-0.0423,-0.7618,0.0156,0.6463
60.036,1,6.527,-0.708,-1.800,-0.0422,-0.7615,0.0161,0.6466
60.078,1,6.527,-0.708,-1.801,-0.0427,-0.7616,0.0161,0.6465
60.105,1,6.527,-0.708,-1.801,-0.0428,-0.7618,0.0161,0.6463
60.147,1,6.527,-0.708,-1.801,-0.0431,-0.7622,0.0157,0.6457
60.175,1,6.527,-0.707,-1.801,-0.0438,-0.7624,0.0154,0.6454
60.203,1,6.527,-0.707,-1.801,-0.0440,-0.7625,0.0155,0.6453
60.244,1,6.527,-0.707,-1.801,-0.0439,-0.7624,0.0151,0.6454
60.271,1,6.527,-0.707,-1.801,-0.0440,-0.7622,0.0150,0.6457
60.313,1,6.527,-0.707,-1.801,-0.0439,-0.7618,0.0154,0.6461
60.340,1,6.527,-0.707,-1.801,-0.0440,-0.7617,0.0155,0.6463
60.367,1,6.527,-0.707,-1.801,-0.0447,-0.7619,0.0154,0.6460
60.408,1,6.527,-0.707,-1.801,-0.0439,-0.7617,0.0143,0.6462
60.436,1,6.527,-0.707,-1.801,-0.0443,-0.7618,0.0148,0.6461
60.478,1,6.527,-0.707,-1.801,-0.0442,-0.7616,0.0146,0.6464
60.506,1,6.527,-0.707,-1.801,-0.0446,-0.7616,0.0149,0.6463
60.534,1,6.527,-0.707,-1.801,-0.0447,-0.7617,0.0150,0.6462
60.577,1,6.527,-0.707,-1.801,-0.0445,-0.7619,0.0144,0.6460
60.606,1,6.527,-0.707,-1.801,-0.0444,-0.7619,0.0143,0.6460
60.633,1,6.527,-0.707,-1.801,-0.0447,-0.7619,0.0146,0.6460
60.675,1,6.527,-0.707,-1.800,-0.0445,-0.7618,0.0143,0.6461
60.703,1,6.527,-0.707,-1.800,-0.0445,-0.7616,0.0146,0.6464
60.744,1,6.527,-0.707,-1.800,-0.0445,-0.7614,0.0148,0.6466
60.773,1,6.527,-0.707,-1.800,-0.0446,-0.7614,0.0145,0.6466
60.801,1,6.527,-0.707,-1.800,-0.0447,-0.7615,0.0143,0.6465
60.842,1,6.527,-0.707,-1.800,-0.0451,-0.7616,0.0141,0.6463
60.871,1,6.527,-0.707,-1.800,-0.0451,-0.7617,0.0141,0.6462
60.912,1,6.527,-0.707,-1.801,-0.0448,-0.7617,0.0146,0.6463
60.940,1,6.527,-0.707,-1.801,-0.0450,-0.7616,0.0146,0.6463
60.968,1,6.528,-0.707,-1.801,-0.0454,-0.7616,0.0146,0.6463
61.010,1,6.528,-0.707,-1.801,-0.0457,-0.7617,0.0145,0.6462
61.038,1,6.528,-0.707,-1.801,-0.0459,-0.7618,0.0144,0.6460
61.080,1,6.528,-0.707,-1.801,-0.0463,-0.7618,0.0143,0.6460
61.107,1,6.528,-0.707,-1.801,-0.0465,-0.7618,0.0144,0.6460
61.135,1,6.528,-0.707,-1.801,-0.0469,-0.7617,0.0140,0.6460
61.177,1,6.528,-0.707,-1.801,-0.0472,-0.7617,0.0137,0.6460
61.204,1,6.528,-0.707,-1.801,-0.0471,-0.7616,0.0136,0.6462
61.233,1,6.528,-0.706,-1.801,-0.0474,-0.7615,0.0135,0.6462
61.274,1,6.528,-0.706,-1.801,-0.0478,-0.7614,0.0138,0.6464
61.303,1,6.529,-0.706,-1.801,-0.0484,-0.7616,0.0141,0.6461
61.345,1,6.529,-0.706,-1.801,-0.0481,-0.7616,0.0126,0.6461
61.372,1,6.529,-0.706,-1.801,-0.0485,-0.7616,0.0129,0.6461
61.400,1,6.529,-0.706,-1.801,-0.0487,-0.7616,0.0133,0.6461
61.443,1,6.529,-0.706,-1.801,-0.0487,-0.7615,0.0130,0.6462
61.471,1,6.529,-0.706,-1.801,-0.0491,-0.7614,0.0132,0.6463
61.512,1,6.529,-0.706,-1.801,-0.0492,-0.7615,0.0123,0.6462
61.541,1,6.529,-0.706,-1.801,-0.0493,-0.7614,0.0118,0.6462
61.571,1,6.529,-0.706,-1.801,-0.0499,-0.7615,0.0121,0.6462
61.610,1,6.529,-0.706,-1.801,-0.0497,-0.7613,0.0121,0.6464
61.639,1,6.529,-0.706,-1.801,-0.0499,-0.7612,0.0119,0.6464
61.680,1,6.529,-0.706,-1.801,-0.0503,-0.7614,0.0118,0.6462
61.709,1,6.529,-0.706,-1.801,-0.0500,-0.7616,0.0119,0.6461
61.736,1,6.529,-0.706,-1.801,-0.0498,-0.7615,0.0120,0.6461
61.779,1,6.529,-0.706,-1.801,-0.0499,-0.7614,0.0118,0.6463
61.807,1,6.529,-0.706,-1.800,-0.0497,-0.7612,0.0120,0.6464
61.834,1,6.530,-0.706,-1.800,-0.0496,-0.7611,0.0120,0.6466
61.878,1,6.530,-0.706,-1.800,-0.0501,-0.7610,0.0116,0.6467
61.904,1,6.530,-0.706,-1.800,-0.0504,-0.7610,0.0117,0.6467
61.947,1,6.530,-0.706,-1.801,-0.0504,-0.7611,0.0114,0.6465
61.973,1,6.530,-0.706,-1.801,-0.0508,-0.7612,0.0113,0.6464
62.001,1,6.530,-0.706,-1.801,-0.0511,-0.7613,0.0110,0.6463
62.043,1,6.530,-0.705,-1.801,-0.0513,-0.7613,0.0107,0.6462
62.071,1,6.530,-0.705,-1.801,-0.0516,-0.7613,0.0108,0.6463
62.112,1,6.530,-0.705,-1.801,-0.0520,-0.7612,0.0108,0.6464
62.140,1,6.530,-0.705,-1.801,-0.0520,-0.7610,0.0105,0.6465
62.168,1,6.531,-0.705,-1.801,-0.0520,-0.7610,0.0105,0.6466
62.210,1,6.531,-0.705,-1.801,-0.0518,-0.7609,0.0110,0.6467
62.238,1,6.531,-0.705,-1.801,-0.0519,-0.7608,0.0108,0.6468
62.279,1,6.531,-0.705,-1.800,-0.0528,-0.7612,0.0112,0.6463
62.307,1,6.531,-0.705,-1.800,-0.0524,-0.7610,0.0108,0.6465
62.334,1,6.531,-0.705,-1.800,-0.0521,-0.7609,0.0108,0.6466
62.377,1,6.531,-0.705,-1.801,-0.0519,-0.7609,0.0118,0.6467
62.405,1,6.531,-0.705,-1.801,-0.0518,-0.7607,0.0120,0.6469
62.446,1,6.531,-0.706,-1.801,-0.0518,-0.7608,0.0128,0.6468
62.474,1,6.531,-0.706,-1.801,-0.0517,-0.7609,0.0130,0.6467
62.502,1,6.531,-0.706,-1.801,-0.0517,-0.7608,0.0130,0.6468
62.543,1,6.531,-0.706,-1.801,-0.0519,-0.7606,0.0130,0.6470
62.570,1,6.531,-0.706,-1.801,-0.0520,-0.7605,0.0129,0.6471
62.613,1,6.531,-0.705,-1.801,-0.0520,-0.7603,0.0130,0.6474
62.640,1,6.531,-0.705,-1.801,-0.0520,-0.7601,0.0131,0.6475
62.668,1,6.531,-0.705,-1.800,-0.0521,-0.7601,0.0129,0.6476
62.709,1,6.531,-0.705,-1.800,-0.0521,-0.7601,0.0123,0.6476
62.736,1,6.531,-0.705,-1.800,-0.0522,-0.7600,0.0121,0.6477
62.778,1,6.531,-0.705,-1.800,-0.0519,-0.7599,0.0120,0.6479
62.805,1,6.531,-0.705,-1.800,-0.0520,-0.7597,0.0118,0.6481
62.846,1,6.531,-0.705,-1.800,-0.0535,-0.7588,0.0111,0.6490
62.875,1,6.531,-0.705,-1.800,-0.0545,-0.7584,0.0106,0.6494
62.904,1,6.531,-0.705,-1.800,-0.0551,-0.7582,0.0100,0.6497
62.944,1,6.532,-0.704,-1.800,-0.0565,-0.7576,0.0093,0.6502
62.972,1,6.532,-0.704,-1.800,-0.0574,-0.7572,0.0091,0.6506
63.000,1,6.532,-0.704,-1.800,-0.0578,-0.7570,0.0085,0.6508
63.041,1,6.533,-0.704,-1.800,-0.0581,-0.7568,0.0081,0.6510
63.069,1,6.533,-0.704,-1.800,-0.0588,-0.7567,0.0078,0.6511
63.112,1,6.534,-0.703,-1.800,-0.0592,-0.7566,0.0074,0.6512
63.140,1,6.534,-0.703,-1.799,-0.0590,-0.7563,0.0072,0.6515
63.168,1,6.534,-0.703,-1.799,-0.0597,-0.7563,0.0070,0.6515
63.209,1,6.534,-0.703,-1.799,-0.0602,-0.7560,0.0075,0.6517
63.237,1,6.534,-0.703,-1.799,-0.0613,-0.7560,0.0072,0.6516
63.278,1,6.534,-0.703,-1.799,-0.0626,-0.7563,0.0058,0.6512
63.307,1,6.534,-0.702,-1.800,-0.0631,-0.7564,0.0052,0.6511
63.335,1,6.534,-0.702,-1.799,-0.0637,-0.7564,0.0055,0.6510
63.376,1,6.534,-0.703,-1.800,-0.0625,-0.7565,0.0056,0.6510
63.405,1,6.534,-0.703,-1.800,-0.0619,-0.7564,0.0064,0.6511
63.446,1,6.534,-0.703,-1.800,-0.0622,-0.7563,0.0066,0.6512
63.475,1,6.534,-0.703,-1.800,-0.0622,-0.7562,0.0068,0.6514
63.503,1,6.534,-0.703,-1.800,-0.0620,-0.7562,0.0069,0.6514
63.545,1,6.534,-0.703,-1.800,-0.0624,-0.7563,0.0068,0.6512
63.572,1,6.534,-0.703,-1.800,-0.0628,-0.7563,0.0069,0.6512
63.601,1,6.534,-0.703,-1.800,-0.0634,-0.7565,0.0071,0.6509
63.643,1,6.534,-0.702,-1.800,-0.0639,-0.7565,0.0064,0.6508
63.669,1,6.534,-0.702,-1.800,-0.0645,-0.7566,0.0060,0.6507
63.712,1,6.535,-0.702,-1.800,-0.0650,-0.7564,0.0055,0.6508
63.739,1,6.535,-0.702,-1.800,-0.0649,-0.7563,0.0053,0.6509
63.767,1,6.535,-0.702,-1.800,-0.0646,-0.7561,0.0054,0.6512
63.809,1,6.535,-0.702,-1.800,-0.0640,-0.7557,0.0063,0.6517
63.837,1,6.535,-0.702,-1.799,-0.0644,-0.7554,0.0059,0.6520
63.878,1,6.535,-0.702,-1.799,-0.0648,-0.7555,0.0054,0.6519
63.906,1,6.535,-0.702,-1.799,-0.0651,-0.7556,0.0053,0.6518
63.934,1,6.535,-0.702,-1.800,-0.0657,-0.7558,0.0045,0.6514
63.976,1,6.535,-0.702,-1.800,-0.0666,-0.7559,0.0042,0.6512
64.004,1,6.535,-0.702,-1.800,-0.0668,-0.7557,0.0044,0.6514
64.045,1,6.536,-0.702,-1.800,-0.0671,-0.7556,0.0044,0.6515
64.073,1,6.536,-0.702,-1.800,-0.0670,-0.7556,0.0039,0.6516
64.101,1,6.536,-0.702,-1.800,-0.0666,-0.7556,0.0042,0.6517
64.143,1,6.536,-0.702,-1.800,-0.0657,-0.7557,0.0047,0.6516
64.172,1,6.536,-0.702,-1.800,-0.0657,-0.7557,0.0050,0.6516
64.213,1,6.535,-0.702,-1.800,-0.0655,-0.7557,0.0060,0.6516
64.241,1,6.535,-0.702,-1.800,-0.0657,-0.7559,0.0053,0.6514
64.269,1,6.535,-0.702,-1.800,-0.0655,-0.7562,0.0037,0.6511
64.311,1,6.535,-0.702,-1.800,-0.0659,-0.7563,0.0046,0.6509
64.339,1,6.535,-0.702,-1.800,-0.0655,-0.7560,0.0049,0.6513
64.367,1,6.535,-0.702,-1.800,-0.0659,-0.7559,0.0048,0.6513
64.409,1,6.535,-0.702,-1.800,-0.0664,-0.7560,0.0051,0.6512
64.437,1,6.536,-0.702,-1.800,-0.0662,-0.7560,0.0043,0.6511
64.479,1,6.536,-0.702,-1.800,-0.0668,-0.7562,0.0041,0.6509
64.507,1,6.536,-0.702,-1.800,-0.0670,-0.7562,0.0041,0.6509
64.536,1,6.536,-0.702,-1.800,-0.0670,-0.7561,0.0037,0.6510
64.578,1,6.536,-0.702,-1.800,-0.0671,-0.7561,0.0043,0.6510
64.604,1,6.536,-0.702,-1.800,-0.0668,-0.7560,0.0043,0.6511
64.634,1,6.536,-0.702,-1.800,-0.0668,-0.7560,0.0040,0.6511
64.675,1,6.536,-0.702,-1.799,-0.0674,-0.7559,0.0037,0.6512
64.703,1,6.536,-0.702,-1.799,-0.0676,-0.7558,0.0033,0.6513
64.744,1,6.536,-0.702,-1.799,-0.0676,-0.7556,0.0035,0.6515
64.773,1,6.536,-0.702,-1.799,-0.0675,-0.7556,0.0034,0.6515
64.799,1,6.536,-0.702,-1.799,-0.0674,-0.7556,0.0035,0.6516
64.842,1,6.536,-0.702,-1.799,-0.0670,-0.7558,0.0040,0.6513
64.870,1,6.536,-0.702,-1.799,-0.0669,-0.7560,0.0042,0.6511
64.911,1,6.536,-0.702,-1.799,-0.0667,-0.7562,0.0043,0.6509
64.939,1,6.536,-0.702,-1.799,-0.0666,-0.7563,0.0045,0.6508
64.967,1,6.536,-0.702,-1.799,-0.0666,-0.7563,0.0045,0.6508
65.008,1,6.536,-0.702,-1.799,-0.0665,-0.7562,0.0047,0.6509
65.036,1,6.536,-0.702,-1.799,-0.0665,-0.7562,0.0047,0.6509
65.077,1,6.536,-0.702,-1.800,-0.0674,-0.7562,0.0038,0.6509
65.105,1,6.536,-0.702,-1.800,-0.0675,-0.7561,0.0039,0.6509
65.133,1,6.536,-0.702,-1.800,-0.0678,-0.7561,0.0040,0.6509
65.174,1,6.536,-0.702,-1.800,-0.0683,-0.7561,0.0038,0.6509
65.203,1,6.536,-0.702,-1.800,-0.0688,-0.7562,0.0043,0.6507
65.244,1,6.536,-0.701,-1.800,-0.0683,-0.7560,0.0032,0.6510
65.273,1,6.536,-0.701,-1.800,-0.0687,-0.7562,0.0035,0.6508
65.315,1,6.537,-0.702,-1.800,-0.0687,-0.7562,0.0041,0.6507
65.342,1,6.537,-0.702,-1.800,-0.0691,-0.7563,0.0040,0.6506
65.371,1,6.537,-0.701,-1.800,-0.0697,-0.7564,0.0042,0.6504
65.413,1,6.537,-0.701,-1.800,-0.0700,-0.7564,0.0036,0.6503
65.440,1,6.537,-0.701,-1.800,-0.0706,-0.7564,0.0033,0.6503
65.468,1,6.537,-0.701,-1.800,-0.0710,-0.7564,0.0034,0.6502
65.510,1,6.537,-0.701,-1.800,-0.0710,-0.7565,0.0028,0.6501
65.537,1,6.537,-0.701,-1.800,-0.0714,-0.7566,0.0032,0.6500
65.578,1,6.537,-0.701,-1.800,-0.0715,-0.7566,0.0036,0.6500
65.607,1,6.537,-0.701,-1.800,-0.0715,-0.7567,0.0032,0.6498
65.634,1,6.537,-0.701,-1.800,-0.0717,-0.7569,0.0031,0.6496
65.675,1,6.537,-0.701,-1.800,-0.0717,-0.7569,0.0031,0.6496
65.718,1,6.537,-0.701,-1.800,-0.0716,-0.7568,0.0030,0.6497
65.745,1,6.537,-0.701,-1.800,-0.0717,-0.7568,0.0032,0.6497
65.772,1,6.537,-0.701,-1.800,-0.0720,-0.7568,0.0034,0.6497
65.800,1,6.537,-0.701,-1.801,-0.0721,-0.7567,0.0034,0.6498
65.842,1,6.537,-0.701,-1.801,-0.0723,-0.7568,0.0032,0.6496
65.870,1,6.537,-0.701,-1.801,-0.0723,-0.7569,0.0033,0.6495
65.912,1,6.537,-0.701,-1.801,-0.0726,-0.7568,0.0032,0.6495
65.940,1,6.537,-0.701,-1.801,-0.0729,-0.7569,0.0029,0.6495
65.967,1,6.537,-0.701,-1.801,-0.0730,-0.7569,0.0027,0.6494
66.009,1,6.537,-0.701,-1.801,-0.0732,-0.7570,0.0026,0.6493
66.038,1,6.538,-0.701,-1.801,-0.0734,-0.7569,0.0027,0.6494
66.078,1,6.538,-0.701,-1.801,-0.0734,-0.7567,0.0028,0.6496
66.105,1,6.538,-0.701,-1.801,-0.0734,-0.7566,0.0028,0.6498
66.133,1,6.538,-0.701,-1.801,-0.0737,-0.7565,0.0027,0.6498
66.175,1,6.538,-0.701,-1.801,-0.0744,-0.7565,0.0029,0.6498
66.203,1,6.538,-0.700,-1.801,-0.0740,-0.7563,0.0022,0.6500
66.233,1,6.538,-0.700,-1.801,-0.0740,-0.7565,0.0022,0.6498
66.273,1,6.538,-0.700,-1.801,-0.0742,-0.7567,0.0026,0.6495
66.301,1,6.538,-0.700,-1.801,-0.0742,-0.7569,0.0025,0.6493
66.342,1,6.538,-0.700,-1.801,-0.0746,-0.7571,0.0024,0.6491
66.370,1,6.538,-0.700,-1.801,-0.0747,-0.7572,0.0024,0.6489
66.412,1,6.538,-0.700,-1.801,-0.0749,-0.7573,0.0022,0.6488
66.441,1,6.538,-0.700,-1.801,-0.0751,-0.7574,0.0023,0.6486
66.468,1,6.538,-0.700,-1.801,-0.0749,-0.7576,0.0020,0.6484
66.510,1,6.538,-0.700,-1.801,-0.0754,-0.7580,0.0023,0.6478
66.538,1,6.538,-0.700,-1.802,-0.0756,-0.7583,0.0022,0.6475
66.580,1,6.538,-0.700,-1.802,-0.0760,-0.7588,0.0021,0.6469
66.608,1,6.538,-0.700,-1.802,-0.0759,-0.7588,0.0021,0.6469
66.637,1,6.538,-0.700,-1.802,-0.0761,-0.7589,0.0020,0.6468
66.678,1,6.538,-0.700,-1.802,-0.0762,-0.7590,0.0022,0.6466
66.706,1,6.538,-0.700,-1.802,-0.0759,-0.7591,0.0023,0.6465
66.748,1,6.538,-0.700,-1.802,-0.0762,-0.7593,0.0022,0.6462
66.774,1,6.538,-0.700,-1.802,-0.0762,-0.7595,0.0023,0.6461
66.803,1,6.538,-0.700,-1.802,-0.0766,-0.7594,0.0022,0.6461
66.845,1,6.538,-0.700,-1.802,-0.0780,-0.7595,0.0015,0.6458
66.873,1,6.538,-0.700,-1.802,-0.0781,-0.7597,0.0015,0.6456
66.900,1,6.538,-0.700,-1.803,-0.0782,-0.7598,0.0016,0.6455
66.942,1,6.539,-0.700,-1.803,-0.0794,-0.7601,0.0016,0.6449
66.971,1,6.539,-0.700,-1.803,-0.0792,-0.7604,0.0015,0.6446
67.012,1,6.539,-0.700,-1.803,-0.0785,-0.7609,0.0019,0.6442
67.042,1,6.539,-0.700,-1.803,-0.0778,-0.7609,0.0024,0.6442
67.068,1,6.539,-0.700,-1.803,-0.0771,-0.7611,0.0028,0.6440
67.110,1,6.539,-0.700,-1.803,-0.0772,-0.7622,0.0036,0.6427
67.139,1,6.539,-0.700,-1.804,-0.0774,-0.7634,0.0020,0.6413
67.166,1,6.539,-0.700,-1.805,-0.0781,-0.7658,0.0010,0.6383
67.208,1,6.539,-0.700,-1.806,-0.0783,-0.7699,0.0024,0.6333
67.236,1,6.540,-0.700,-1.807,-0.0783,-0.7722,0.0030,0.6305
67.279,1,6.540,-0.700,-1.808,-0.0793,-0.7752,0.0033,0.6267
67.306,1,6.540,-0.701,-1.809,-0.0798,-0.7768,0.0041,0.6247
67.334,1,6.540,-0.701,-1.810,-0.0796,-0.7776,0.0044,0.6237
67.375,1,6.540,-0.701,-1.810,-0.0799,-0.7784,0.0051,0.6227
67.404,1,6.540,-0.701,-1.811,-0.0795,-0.7784,0.0057,0.6227
67.446,1,6.540,-0.701,-1.811,-0.0800,-0.7782,0.0068,0.6229
67.474,1,6.540,-0.701,-1.811,-0.0800,-0.7780,0.0077,0.6231
67.502,1,6.540,-0.701,-1.811,-0.0803,-0.7780,0.0082,0.6231
67.543,1,6.540,-0.701,-1.812,-0.0816,-0.7781,0.0087,0.6227
67.571,1,6.541,-0.701,-1.812,-0.0824,-0.7782,0.0092,0.6225
67.613,1,6.541,-0.701,-1.813,-0.0839,-0.7782,0.0094,0.6224
67.641,1,6.541,-0.701,-1.813,-0.0848,-0.7780,0.0101,0.6224
67.668,1,6.541,-0.701,-1.813,-0.0853,-0.7777,0.0105,0.6228
67.711,1,6.541,-0.701,-1.813,-0.0863,-0.7772,0.0107,0.6232
67.738,1,6.541,-0.701,-1.813,-0.0864,-0.7772,0.0107,0.6233
67.779,1,6.541,-0.700,-1.813,-0.0866,-0.7766,0.0095,0.6239
67.807,1,6.541,-0.700,-1.813,-0.0871,-0.7761,0.0091,0.6245
67.835,1,6.540,-0.700,-1.813,-0.0874,-0.7755,0.0088,0.6252
67.876,1,6.540,-0.700,-1.813,-0.0871,-0.7746,0.0086,0.6263
67.904,1,6.540,-0.700,-1.813,-0.0872,-0.7743,0.0090,0.6268
67.946,1,6.540,-0.700,-1.814,-0.0875,-0.7746,0.0085,0.6264
67.974,1,6.539,-0.700,-1.814,-0.0875,-0.7748,0.0087,0.6261
68.002,1,6.539,-0.700,-1.814,-0.0879,-0.7751,0.0090,0.6256
68.044,1,6.539,-0.700,-1.815,-0.0882,-0.7753,0.0091,0.6253
68.071,1,6.539,-0.700,-1.815,-0.0877,-0.7751,0.0088,0.6257
68.113,1,6.539,-0.700,-1.815,-0.0882,-0.7744,0.0089,0.6265
68.141,1,6.539,-0.700,-1.815,-0.0888,-0.7739,0.0084,0.6270
68.168,1,6.539,-0.700,-1.815,-0.0893,-0.7733,0.0081,0.6277
68.210,1,6.539,-0.699,-1.815,-0.0898,-0.7726,0.0077,0.6285
68.238,1,6.539,-0.699,-1.815,-0.0897,-0.7724,0.0073,0.6287
68.279,1,6.539,-0.699,-1.815,-0.0901,-0.7722,0.0071,0.6289
68.307,1,6.539,-0.699,-1.815,-0.0901,-0.7721,0.0066,0.6290
68.337,1,6.539,-0.699,-1.815,-0.0902,-0.7722,0.0053,0.6289
68.377,1,6.539,-0.699,-1.814,-0.0908,-0.7722,0.0050,0.6288
68.405,1,6.539,-0.699,-1.814,-0.0907,-0.7720,0.0048,0.6291
68.433,1,6.539,-0.699,-1.814,-0.0904,-0.7716,0.0043,0.6296
68.475,1,6.539,-0.699,-1.814,-0.0908,-0.7711,0.0040,0.6302
68.501,1,6.539,-0.699,-1.814,-0.0905,-0.7707,0.0036,0.6308
68.545,1,6.539,-0.699,-1.813,-0.0902,-0.7698,0.0033,0.6319
68.572,1,6.539,-0.698,-1.813,-0.0905,-0.7692,0.0028,0.6325
68.613,1,6.539,-0.698,-1.813,-0.0905,-0.7683,0.0023,0.6337
68.642,1,6.538,-0.698,-1.813,-0.0905,-0.7678,0.0016,0.6343
68.669,1,6.538,-0.698,-1.812,-0.0907,-0.7673,0.0010,0.6348
68.709,1,6.538,-0.698,-1.812,-0.0903,-0.7662,0.0011,0.6363
68.737,1,6.538,-0.698,-1.812,-0.0901,-0.7656,0.0002,0.6370
68.779,1,6.538,-0.698,-1.812,-0.0893,-0.7657,0.0001,0.6369
68.807,1,6.538,-0.698,-1.812,-0.0886,-0.7657,0.0009,0.6370
68.834,1,6.538,-0.698,-1.811,-0.0883,-0.7656,0.0004,0.6372
68.876,1,6.538,-0.698,-1.811,-0.0884,-0.7652,0.0011,0.6377
68.905,1,6.538,-0.699,-1.811,-0.0876,-0.7650,0.0022,0.6381
68.933,1,6.538,-0.699,-1.811,-0.0871,-0.7647,0.0017,0.6385
68.974,1,6.538,-0.698,-1.811,-0.0875,-0.7646,0.0016,0.6385
69.002,1,6.538,-0.698,-1.811,-0.0885,-0.7645,0.0014,0.6385
69.044,1,6.538,-0.698,-1.811,-0.0882,-0.7640,0.0023,0.6392
69.073,1,6.538,-0.698,-1.810,-0.0880,-0.7638,0.0021,0.6394
69.114,1,6.538,-0.698,-1.810,-0.0882,-0.7636,0.0022,0.6396
69.141,1,6.538,-0.699,-1.810,-0.0883,-0.7637,0.0028,0.6395
69.170,1,6.538,-0.699,-1.810,-0.0879,-0.7637,0.0025,0.6395
69.211,1,6.538,-0.698,-1.810,-0.0886,-0.7639,0.0017,0.6392
69.239,1,6.539,-0.698,-1.810,-0.0888,-0.7638,0.0019,0.6393
69.266,1,6.539,-0.698,-1.810,-0.0884,-0.7638,0.0023,0.6394
69.309,1,6.539,-0.699,-1.810,-0.0881,-0.7637,0.0025,0.6395
69.337,1,6.539,-0.699,-1.810,-0.0881,-0.7636,0.0029,0.6396
69.379,1,6.539,-0.698,-1.810,-0.0896,-0.7632,0.0031,0.6400
69.406,1,6.539,-0.698,-1.810,-0.0898,-0.7628,0.0031,0.6404
69.434,1,6.539,-0.698,-1.810,-0.0894,-0.7628,0.0030,0.6404
69.476,1,6.539,-0.698,-1.810,-0.0892,-0.7628,0.0038,0.6404
69.504,1,6.539,-0.698,-1.810,-0.0889,-0.7626,0.0035,0.6407
69.545,1,6.539,-0.698,-1.810,-0.0888,-0.7623,0.0030,0.6411
69.572,1,6.539,-0.699,-1.810,-0.0882,-0.7622,0.0040,0.6413
69.601,1,6.539,-0.699,-1.810,-0.0879,-0.7621,0.0042,0.6414
69.643,1,6.539,-0.699,-1.810,-0.0888,-0.7620,0.0044,0.6415
69.672,1,6.539,-0.699,-1.810,-0.0888,-0.7621,0.0048,0.6414
69.700,1,6.539,-0.699,-1.811,-0.0893,-0.7623,0.0046,0.6411
69.740,1,6.539,-0.698,-1.811,-0.0911,-0.7622,0.0042,0.6409
69.768,1,6.539,-0.698,-1.811,-0.0918,-0.7624,0.0038,0.6406
69.810,1,6.539,-0.698,-1.811,-0.0915,-0.7623,0.0024,0.6407
69.838,1,6.539,-0.698,-1.811,-0.0918,-0.7623,0.0032,0.6407
69.880,1,6.540,-0.698,-1.811,-0.0910,-0.7618,0.0034,0.6414
69.908,1,6.540,-0.698,-1.811,-0.0920,-0.7616,0.0041,0.6414
69.936,1,6.540,-0.698,-1.811,-0.0927,-0.7616,0.0039,0.6413
69.978,1,6.540,-0.698,-1.811,-0.0931,-0.7617,0.0037,0.6412
70.007,1,6.540,-0.698,-1.811,-0.0935,-0.7618,0.0032,0.6411
70.034,1,6.540,-0.698,-1.811,-0.0945,-0.7618,0.0033,0.6408
70.076,1,6.541,-0.697,-1.811,-0.0954,-0.7618,0.0029,0.6407
70.104,1,6.541,-0.697,-1.811,-0.0959,-0.7617,0.0026,0.6408
70.146,1,6.541,-0.697,-1.811,-0.0960,-0.7616,0.0026,0.6409
70.174,1,6.541,-0.697,-1.811,-0.0963,-0.7615,0.0025,0.6410
70.202,1,6.541,-0.697,-1.811,-0.0963,-0.7613,0.0022,0.6412
70.244,1,6.541,-0.697,-1.811,-0.0965,-0.7610,0.0014,0.6415
70.272,1,6.541,-0.697,-1.811,-0.0966,-0.7608,0.0015,0.6417
70.300,1,6.541,-0.697,-1.811,-0.0965,-0.7607,0.0016,0.6418
70.342,1,6.541,-0.697,-1.811,-0.0964,-0.7607,0.0022,0.6419
70.369,1,6.541,-0.697,-1.811,-0.0964,-0.7609,0.0027,0.6416
70.411,1,6.541,-0.697,-1.811,-0.0964,-0.7614,0.0030,0.6411
70.439,1,6.541,-0.697,-1.812,-0.0962,-0.7617,0.0034,0.6407
70.467,1,6.541,-0.697,-1.812,-0.0960,-0.7619,0.0035,0.6406
70.509,1,6.541,-0.698,-1.812,-0.0961,-0.7623,0.0037,0.6400
70.537,1,6.541,-0.698,-1.812,-0.0962,-0.7625,0.0042,0.6397
70.578,1,6.541,-0.698,-1.812,-0.0964,-0.7626,0.0047,0.6396
70.606,1,6.541,-0.698,-1.812,-0.0965,-0.7625,0.0047,0.6397
70.634,1,6.541,-0.698,-1.812,-0.0961,-0.7622,0.0039,0.6401
70.674,1,6.541,-0.698,-1.812,-0.0964,-0.7623,0.0043,0.6400
70.701,1,6.541,-0.698,-1.812,-0.0962,-0.7621,0.0045,0.6402
70.744,1,6.541,-0.698,-1.812,-0.0965,-0.7624,0.0052,0.6399
70.772,1,6.541,-0.698,-1.813,-0.0966,-0.7625,0.0054,0.6397
70.813,1,6.541,-0.698,-1.813,-0.0970,-0.7628,0.0054,0.6393
70.841,1,6.541,-0.698,-1.813,-0.0971,-0.7629,0.0051,0.6392
70.868,1,6.541,-0.698,-1.813,-0.0977,-0.7628,0.0051,0.6392
70.910,1,6.542,-0.697,-1.813,-0.0977,-0.7625,0.0050,0.6396
70.939,1,6.542,-0.697,-1.813,-0.0978,-0.7622,0.0051,0.6399
70.966,1,6.542,-0.697,-1.812,-0.0975,-0.7618,0.0054,0.6404
71.008,1,6.542,-0.698,-1.812,-0.0971,-0.7612,0.0061,0.6412
71.035,1,6.542,-0.698,-1.812,-0.0965,-0.7607,0.0066,0.6419
71.077,1,6.542,-0.698,-1.812,-0.0957,-0.7602,0.0064,0.6426
71.106,1,6.542,-0.698,-1.812,-0.0951,-0.7600,0.0068,0.6429
71.146,1,6.541,-0.698,-1.812,-0.0947,-0.7598,0.0069,0.6432
71.174,1,6.541,-0.698,-1.812,-0.0945,-0.7598,0.0070,0.6432
71.202,1,6.541,-0.698,-1.812,-0.0943,-0.7600,0.0071,0.6430
71.243,1,6.541,-0.698,-1.812,-0.0944,-0.7602,0.0071,0.6428
71.272,1,6.541,-0.698,-1.812,-0.0944,-0.7602,0.0073,0.6427
71.313,1,6.541,-0.698,-1.812,-0.0942,-0.7602,0.0071,0.6427
71.341,1,6.541,-0.698,-1.812,-0.0942,-0.7602,0.0072,0.6428
71.369,1,6.541,-0.698,-1.811,-0.0941,-0.7600,0.0072,0.6431
71.410,1,6.541,-0.698,-1.811,-0.0945,-0.7597,0.0072,0.6434
71.439,1,6.541,-0.698,-1.811,-0.0943,-0.7593,0.0073,0.6438
71.466,1,6.542,-0.698,-1.811,-0.0948,-0.7590,0.0073,0.6441
71.508,1,6.542,-0.698,-1.811,-0.0950,-0.7584,0.0059,0.6448
71.536,1,6.542,-0.698,-1.811,-0.0948,-0.7577,0.0056,0.6457
71.577,1,6.542,-0.698,-1.810,-0.0944,-0.7550,0.0049,0.6489
71.606,1,6.542,-0.697,-1.809,-0.0946,-0.7526,0.0039,0.6516
71.634,1,6.543,-0.697,-1.808,-0.0949,-0.7503,0.0028,0.6543
71.675,1,6.543,-0.697,-1.807,-0.0944,-0.7467,0.0012,0.6584
71.703,1,6.544,-0.696,-1.806,-0.0944,-0.7439,-0.0001,0.6615
71.745,1,6.545,-0.696,-1.804,-0.0941,-0.7394,-0.0022,0.6666
71.773,1,6.545,-0.696,-1.803,-0.0939,-0.7361,-0.0035,0.6703
71.801,1,6.546,-0.696,-1.801,-0.0933,-0.7328,-0.0045,0.6741
71.842,1,6.546,-0.695,-1.799,-0.0923,-0.7275,-0.0063,0.6799
71.871,1,6.547,-0.695,-1.798,-0.0918,-0.7240,-0.0079,0.6836
71.912,1,6.547,-0.695,-1.795,-0.0899,-0.7184,-0.0089,0.6897
71.939,1,6.548,-0.695,-1.794,-0.0885,-0.7147,-0.0096,0.6937
71.967,1,6.548,-0.695,-1.792,-0.0872,-0.7108,-0.0099,0.6979
72.009,1,6.549,-0.695,-1.790,-0.0846,-0.7046,-0.0099,0.7044
72.036,1,6.549,-0.695,-1.788,-0.0833,-0.7008,-0.0111,0.7084
72.078,1,6.549,-0.695,-1.786,-0.0817,-0.6960,-0.0156,0.7132
72.106,1,6.549,-0.695,-1.785,-0.0805,-0.6923,-0.0169,0.7169
72.134,1,6.549,-0.695,-1.783,-0.0791,-0.6882,-0.0173,0.7210
72.176,1,6.549,-0.695,-1.780,-0.0761,-0.6818,-0.0180,0.7273
72.204,1,6.550,-0.695,-1.779,-0.0741,-0.6783,-0.0190,0.7308
72.245,1,6.550,-0.696,-1.777,-0.0709,-0.6730,-0.0192,0.7360
72.273,1,6.550,-0.696,-1.776,-0.0696,-0.6695,-0.0193,0.7393
72.301,1,6.550,-0.696,-1.774,-0.0686,-0.6666,-0.0205,0.7420
72.342,1,6.550,-0.696,-1.773,-0.0668,-0.6618,-0.0212,0.7464
72.370,1,6.550,-0.696,-1.772,-0.0662,-0.6595,-0.0214,0.7484
72.412,1,6.550,-0.696,-1.771,-0.0664,-0.6579,-0.0238,0.7498
72.439,1,6.551,-0.696,-1.770,-0.0662,-0.6569,-0.0246,0.7507
72.467,1,6.551,-0.696,-1.770,-0.0650,-0.6557,-0.0256,0.7518
72.509,1,6.551,-0.696,-1.769,-0.0642,-0.6542,-0.0261,0.7531
72.537,1,6.551,-0.696,-1.768,-0.0642,-0.6532,-0.0265,0.7540
72.578,1,6.551,-0.696,-1.768,-0.0643,-0.6523,-0.0274,0.7547
72.607,1,6.552,-0.695,-1.768,-0.0643,-0.6523,-0.0274,0.7547
72.635,1,6.552,-0.695,-1.768,-0.0639,-0.6526,-0.0283,0.7545
72.677,1,6.552,-0.695,-1.768,-0.0638,-0.6528,-0.0295,0.7543
72.705,1,6.552,-0.695,-1.768,-0.0645,-0.6530,-0.0294,0.7540
72.733,1,6.552,-0.695,-1.768,-0.0643,-0.6531,-0.0301,0.7539
72.774,1,6.552,-0.695,-1.768,-0.0651,-0.6536,-0.0309,0.7534
72.802,1,6.552,-0.695,-1.768,-0.0661,-0.6542,-0.0308,0.7528
72.845,1,6.551,-0.695,-1.769,-0.0670,-0.6549,-0.0315,0.7521
72.872,1,6.551,-0.694,-1.769,-0.0681,-0.6557,-0.0325,0.7512
72.902,1,6.551,-0.694,-1.770,-0.0692,-0.6568,-0.0326,0.7502
72.943,1,6.551,-0.694,-1.771,-0.0703,-0.6579,-0.0325,0.7491
72.970,1,6.551,-0.694,-1.771,-0.0707,-0.6584,-0.0324,0.7486
73.011,1,6.551,-0.694,-1.772,-0.0721,-0.6597,-0.0325,0.7474
73.040,1,6.551,-0.693,-1.773,-0.0730,-0.6606,-0.0321,0.7465
73.067,1,6.551,-0.693,-1.773,-0.0736,-0.6615,-0.0314,0.7456
73.110,1,6.551,-0.693,-1.774,-0.0745,-0.6629,-0.0312,0.7443
73.138,1,6.551,-0.693,-1.774,-0.0751,-0.6638,-0.0310,0.7435
73.179,1,6.551,-0.693,-1.775,-0.0765,-0.6647,-0.0311,0.7425
73.207,1,6.551,-0.693,-1.775,-0.0775,-0.6650,-0.0312,0.7421
73.234,1,6.551,-0.693,-1.775,-0.0780,-0.6655,-0.0312,0.7417
73.277,1,6.551,-0.693,-1.776,-0.0788,-0.6659,-0.0319,0.7412
73.305,1,6.551,-0.693,-1.776,-0.0788,-0.6661,-0.0320,0.7410
73.333,1,6.551,-0.693,-1.776,-0.0794,-0.6664,-0.0318,0.7406
73.375,1,6.551,-0.692,-1.776,-0.0802,-0.6664,-0.0331,0.7405
73.403,1,6.551,-0.692,-1.775,-0.0798,-0.6663,-0.0344,0.7406
73.445,1,6.551,-0.692,-1.775,-0.0804,-0.6662,-0.0349,0.7406
73.473,1,6.551,-0.692,-1.775,-0.0807,-0.6655,-0.0358,0.7412
73.500,1,6.552,-0.692,-1.775,-0.0817,-0.6644,-0.0374,0.7420
73.543,1,6.553,-0.691,-1.774,-0.0845,-0.6622,-0.0404,0.7434
73.571,1,6.553,-0.690,-1.774,-0.0866,-0.6606,-0.0427,0.7445
73.612,1,6.554,-0.690,-1.773,-0.0894,-0.6579,-0.0455,0.7464
73.640,1,6.555,-0.689,-1.773,-0.0915,-0.6561,-0.0478,0.7476
73.668,1,6.556,-0.689,-1.773,-0.0934,-0.6550,-0.0496,0.7482
73.709,1,6.557,-0.688,-1.773,-0.0953,-0.6540,-0.0513,0.7487
73.737,1,6.558,-0.688,-1.773,-0.0965,-0.6530,-0.0525,0.7493
73.778,1,6.559,-0.687,-1.773,-0.0997,-0.6512,-0.0551,0.7503
73.808,1,6.559,-0.687,-1.773,-0.1015,-0.6501,-0.0566,0.7509
73.834,1,6.559,-0.687,-1.774,-0.1028,-0.6491,-0.0573,0.7515
73.875,1,6.560,-0.686,-1.774,-0.1035,-0.6473,-0.0578,0.7530
73.904,1,6.560,-0.686,-1.774,-0.1037,-0.6458,-0.0577,0.7542
73.945,1,6.559,-0.686,-1.775,-0.1049,-0.6436,-0.0575,0.7559
73.974,1,6.558,-0.686,-1.776,-0.1055,-0.6423,-0.0580,0.7569
74.000,1,6.557,-0.686,-1.776,-0.1058,-0.6411,-0.0582,0.7579
74.042,1,6.556,-0.686,-1.777,-0.1072,-0.6394,-0.0579,0.7591
74.071,1,6.555,-0.686,-1.778,-0.1077,-0.6385,-0.0572,0.7599
74.112,1,6.554,-0.685,-1.779,-0.1095,-0.6375,-0.0561,0.7605
74.140,1,6.553,-0.685,-1.780,-0.1104,-0.6367,-0.0558,0.7611
74.168,1,6.552,-0.686,-1.781,-0.1100,-0.6359,-0.0540,0.7619
74.210,1,6.550,-0.686,-1.782,-0.1098,-0.6348,-0.0524,0.7630
74.237,1,6.549,-0.686,-1.783,-0.1095,-0.6342,-0.0512,0.7636
74.279,1,6.548,-0.686,-1.784,-0.1086,-0.6337,-0.0482,0.7644
74.307,1,6.546,-0.686,-1.785,-0.1086,-0.6332,-0.0469,0.7649
74.334,1,6.545,-0.686,-1.786,-0.1091,-0.6328,-0.0455,0.7653
74.376,1,6.543,-0.686,-1.787,-0.1101,-0.6330,-0.0427,0.7651
74.404,1,6.542,-0.687,-1.788,-0.1095,-0.6333,-0.0411,0.7650
74.445,1,6.541,-0.687,-1.790,-0.1098,-0.6346,-0.0381,0.7640
74.473,1,6.540,-0.687,-1.791,-0.1097,-0.6358,-0.0364,0.7632
74.500,1,6.539,-0.687,-1.792,-0.1091,-0.6369,-0.0354,0.7624
74.540,1,6.538,-0.687,-1.793,-0.1097,-0.6377,-0.0355,0.7616
74.568,1,6.537,-0.686,-1.794,-0.1109,-0.6376,-0.0355,0.7616
74.611,1,6.536,-0.687,-1.795,-0.1112,-0.6368,-0.0358,0.7621
74.639,1,6.536,-0.686,-1.795,-0.1111,-0.6364,-0.0360,0.7625
74.668,1,6.535,-0.687,-1.795,-0.1108,-0.6360,-0.0356,0.7629
74.708,1,6.535,-0.687,-1.796,-0.1100,-0.6354,-0.0338,0.7635
74.737,1,6.534,-0.687,-1.796,-0.1094,-0.6351,-0.0338,0.7639
74.778,1,6.534,-0.687,-1.796,-0.1099,-0.6351,-0.0342,0.7638
74.807,1,6.534,-0.687,-1.796,-0.1110,-0.6354,-0.0340,0.7634
74.834,1,6.534,-0.687,-1.796,-0.1115,-0.6362,-0.0339,0.7627
74.876,1,6.535,-0.687,-1.796,-0.1119,-0.6374,-0.0346,0.7616
74.904,1,6.535,-0.687,-1.796,-0.1121,-0.6379,-0.0356,0.7611
74.945,1,6.536,-0.687,-1.796,-0.1122,-0.6379,-0.0364,0.7610
74.973,1,6.536,-0.687,-1.796,-0.1116,-0.6373,-0.0369,0.7616
75.001,1,6.537,-0.687,-1.795,-0.1113,-0.6365,-0.0368,0.7623
75.043,1,6.537,-0.686,-1.795,-0.1126,-0.6355,-0.0370,0.7630
75.071,1,6.538,-0.686,-1.795,-0.1142,-0.6349,-0.0375,0.7632
75.113,1,6.538,-0.686,-1.794,-0.1148,-0.6348,-0.0385,0.7632
75.141,1,6.539,-0.687,-1.794,-0.1146,-0.6350,-0.0377,0.7630
75.168,1,6.539,-0.687,-1.794,-0.1139,-0.6353,-0.0376,0.7629
75.210,1,6.540,-0.687,-1.794,-0.1087,-0.6352,-0.0386,0.7637
75.238,1,6.539,-0.687,-1.793,-0.1100,-0.6348,-0.0408,0.7637
75.279,1,6.539,-0.687,-1.793,-0.1095,-0.6335,-0.0411,0.7649
75.307,1,6.539,-0.686,-1.793,-0.1118,-0.6331,-0.0443,0.7647
75.335,1,6.538,-0.686,-1.792,-0.1129,-0.6331,-0.0452,0.7644
75.377,1,6.538,-0.686,-1.792,-0.1100,-0.6337,-0.0431,0.7645
75.405,1,6.537,-0.686,-1.793,-0.1097,-0.6345,-0.0434,0.7639
75.433,1,6.537,-0.687,-1.793,-0.1092,-0.6350,-0.0418,0.7636
75.474,1,6.537,-0.687,-1.793,-0.1085,-0.6358,-0.0419,0.7631
75.502,1,6.537,-0.687,-1.793,-0.1063,-0.6363,-0.0405,0.7630
75.544,1,6.537,-0.688,-1.793,-0.1066,-0.6374,-0.0414,0.7620
75.572,1,6.537,-0.687,-1.794,-0.1075,-0.6377,-0.0412,0.7616
75.600,1,6.537,-0.688,-1.794,-0.1071,-0.6378,-0.0401,0.7617
75.643,1,6.538,-0.687,-1.794,-0.1078,-0.6375,-0.0403,0.7618
75.670,1,6.538,-0.687,-1.794,-0.1085,-0.6371,-0.0403,0.7620
75.712,1,6.538,-0.687,-1.794,-0.1112,-0.6361,-0.0412,0.7625
75.740,1,6.538,-0.686,-1.794,-0.1143,-0.6351,-0.0438,0.7626
75.767,1,6.538,-0.685,-1.795,-0.1164,-0.6347,-0.0451,0.7626
75.809,1,6.539,-0.685,-1.795,-0.1169,-0.6350,-0.0441,0.7623
75.837,1,6.539,-0.685,-1.795,-0.1166,-0.6360,-0.0437,0.7616
75.879,1,6.539,-0.685,-1.796,-0.1164,-0.6370,-0.0430,0.7608
75.907,1,6.539,-0.685,-1.796,-0.1172,-0.6372,-0.0429,0.7605
75.934,1,6.540,-0.685,-1.796,-0.1189,-0.6375,-0.0432,0.7600
75.976,1,6.540,-0.685,-1.797,-0.1201,-0.6379,-0.0434,0.7595
76.005,1,6.540,-0.685,-1.797,-0.1206,-0.6378,-0.0428,0.7595
76.046,1,6.540,-0.684,-1.797,-0.1232,-0.6377,-0.0427,0.7592
76.074,1,6.540,-0.684,-1.797,-0.1240,-0.6376,-0.0446,0.7590
76.102,1,6.540,-0.683,-1.796,-0.1248,-0.6376,-0.0453,0.7589
76.144,1,6.540,-0.683,-1.796,-0.1249,-0.6376,-0.0464,0.7587
76.172,1,6.540,-0.684,-1.796,-0.1216,-0.6377,-0.0457,0.7592
76.200,1,6.540,-0.684,-1.795,-0.1193,-0.6376,-0.0457,0.7597
76.242,1,6.539,-0.684,-1.795,-0.1203,-0.6375,-0.0471,0.7596
76.271,1,6.539,-0.684,-1.795,-0.1196,-0.6375,-0.0458,0.7597
76.299,1,6.539,-0.684,-1.795,-0.1199,-0.6379,-0.0460,0.7593
76.340,1,6.539,-0.684,-1.795,-0.1193,-0.6384,-0.0449,0.7591
76.369,1,6.539,-0.685,-1.795,-0.1190,-0.6385,-0.0456,0.7590
76.410,1,6.539,-0.684,-1.795,-0.1213,-0.6386,-0.0460,0.7585
76.438,1,6.539,-0.684,-1.795,-0.1202,-0.6385,-0.0455,0.7588
76.466,1,6.539,-0.684,-1.795,-0.1193,-0.6381,-0.0453,0.7593
76.507,1,6.539,-0.685,-1.795,-0.1194,-0.6378,-0.0446,0.7596
76.535,1,6.539,-0.684,-1.795,-0.1197,-0.6378,-0.0450,0.7595
76.575,1,6.538,-0.684,-1.795,-0.1206,-0.6383,-0.0458,0.7589
76.604,1,6.538,-0.684,-1.795,-0.1204,-0.6385,-0.0456,0.7588
76.645,1,6.538,-0.684,-1.795,-0.1203,-0.6390,-0.0458,0.7584
76.673,1,6.538,-0.684,-1.795,-0.1189,-0.6395,-0.0454,0.7582
76.700,1,6.538,-0.685,-1.795,-0.1168,-0.6398,-0.0438,0.7584
76.743,1,6.538,-0.686,-1.795,-0.1133,-0.6397,-0.0415,0.7591
76.771,1,6.538,-0.686,-1.795,-0.1146,-0.6396,-0.0432,0.7589
76.813,1,6.538,-0.685,-1.795,-0.1160,-0.6393,-0.0429,0.7590
76.840,1,6.538,-0.685,-1.795,-0.1173,-0.6387,-0.0434,0.7592
76.867,1,6.538,-0.685,-1.795,-0.1170,-0.6385,-0.0421,0.7595
76.909,1,6.538,-0.685,-1.795,-0.1183,-0.6384,-0.0427,0.7594
76.937,1,6.538,-0.684,-1.795,-0.1213,-0.6385,-0.0440,0.7587
76.978,1,6.538,-0.684,-1.795,-0.1233,-0.6385,-0.0457,0.7583
77.006,1,6.538,-0.683,-1.796,-0.1242,-0.6386,-0.0471,0.7580
77.033,1,6.538,-0.683,-1.796,-0.1243,-0.6386,-0.0479,0.7579
77.076,1,6.538,-0.683,-1.796,-0.1239,-0.6392,-0.0466,0.7575
77.104,1,6.539,-0.684,-1.796,-0.1216,-0.6394,-0.0452,0.7579
77.145,1,6.539,-0.684,-1.796,-0.1207,-0.6394,-0.0441,0.7581
77.172,1,6.539,-0.685,-1.797,-0.1199,-0.6395,-0.0431,0.7582
77.201,1,6.539,-0.685,-1.797,-0.1201,-0.6395,-0.0427,0.7582
77.243,1,6.539,-0.685,-1.797,-0.1206,-0.6393,-0.0417,0.7583
77.271,1,6.539,-0.685,-1.797,-0.1218,-0.6393,-0.0423,0.7581
77.313,1,6.539,-0.685,-1.797,-0.1223,-0.6389,-0.0421,0.7584
77.339,1,6.540,-0.685,-1.797,-0.1218,-0.6384,-0.0414,0.7589
77.367,1,6.539,-0.685,-1.796,-0.1216,-0.6379,-0.0412,0.7593
77.409,1,6.539,-0.685,-1.796,-0.1217,-0.6370,-0.0416,0.7601
77.438,1,6.539,-0.685,-1.796,-0.1208,-0.6363,-0.0409,0.7609
77.477,1,6.539,-0.685,-1.795,-0.1195,-0.6354,-0.0388,0.7619
77.507,1,6.539,-0.686,-1.795,-0.1185,-0.6352,-0.0386,0.7622
77.548,1,6.539,-0.686,-1.795,-0.1189,-0.6351,-0.0396,0.7622
77.575,1,6.539,-0.686,-1.795,-0.1180,-0.6352,-0.0385,0.7623
77.602,1,6.539,-0.686,-1.795,-0.1182,-0.6353,-0.0374,0.7623
77.645,1,6.539,-0.686,-1.796,-0.1194,-0.6362,-0.0379,0.7613
77.673,1,6.539,-0.686,-1.796,-0.1195,-0.6368,-0.0376,0.7608
77.701,1,6.538,-0.686,-1.796,-0.1188,-0.6370,-0.0368,0.7608
77.743,1,6.538,-0.685,-1.796,-0.1208,-0.6368,-0.0384,0.7606
77.771,1,6.538,-0.685,-1.796,-0.1219,-0.6363,-0.0391,0.7608
77.811,1,6.538,-0.685,-1.796,-0.1224,-0.6358,-0.0382,0.7611
77.839,1,6.538,-0.685,-1.796,-0.1214,-0.6360,-0.0377,0.7611
77.867,1,6.538,-0.685,-1.795,-0.1214,-0.6361,-0.0385,0.7610
77.910,1,6.538,-0.685,-1.795,-0.1197,-0.6366,-0.0376,0.7609
77.940,1,6.538,-0.685,-1.795,-0.1185,-0.6372,-0.0377,0.7606
77.966,1,6.538,-0.685,-1.795,-0.1191,-0.6375,-0.0394,0.7601
78.008,1,6.538,-0.685,-1.795,-0.1195,-0.6376,-0.0400,0.7600
78.036,1,6.538,-0.686,-1.795,-0.1186,-0.6381,-0.0378,0.7598
78.067,1,6.538,-0.686,-1.795,-0.1172,-0.6381,-0.0361,0.7601
78.107,1,6.538,-0.685,-1.795,-0.1208,-0.6388,-0.0390,0.7588
78.136,1,6.538,-0.685,-1.795,-0.1223,-0.6391,-0.0395,0.7583
78.178,1,6.537,-0.685,-1.795,-0.1212,-0.6396,-0.0378,0.7582
78.206,1,6.537,-0.686,-1.795,-0.1198,-0.6397,-0.0371,0.7583
78.233,1,6.537,-0.686,-1.795,-0.1194,-0.6397,-0.0378,0.7584
78.275,1,6.536,-0.686,-1.795,-0.1187,-0.6394,-0.0374,0.7587
78.389,1,6.536,-0.686,-1.795,-0.1185,-0.6392,-0.0366,0.7590
78.389,1,6.536,-0.686,-1.795,-0.1185,-0.6392,-0.0366,0.7590
78.389,1,6.536,-0.686,-1.795,-0.1185,-0.6392,-0.0366,0.7590
78.412,1,6.536,-0.686,-1.795,-0.1181,-0.6393,-0.0361,0.7590
78.438,1,6.536,-0.686,-1.795,-0.1164,-0.6400,-0.0345,0.7587
78.468,1,6.536,-0.687,-1.796,-0.1159,-0.6404,-0.0342,0.7585
78.509,1,6.536,-0.687,-1.796,-0.1166,-0.6408,-0.0342,0.7580
78.537,1,6.536,-0.686,-1.796,-0.1174,-0.6409,-0.0344,0.7578
78.579,1,6.536,-0.686,-1.796,-0.1190,-0.6405,-0.0351,0.7578
78.607,1,6.537,-0.686,-1.796,-0.1206,-0.6404,-0.0355,0.7577
78.635,1,6.537,-0.686,-1.796,-0.1202,-0.6403,-0.0355,0.7578
78.677,1,6.537,-0.686,-1.797,-0.1207,-0.6401,-0.0357,0.7579
78.704,1,6.537,-0.686,-1.797,-0.1217,-0.6399,-0.0359,0.7579
78.733,1,6.537,-0.685,-1.797,-0.1221,-0.6398,-0.0360,0.7579
78.774,1,6.537,-0.685,-1.797,-0.1241,-0.6399,-0.0379,0.7575
78.802,1,6.537,-0.685,-1.797,-0.1251,-0.6400,-0.0378,0.7572
78.844,1,6.537,-0.684,-1.797,-0.1265,-0.6399,-0.0397,0.7569
78.872,1,6.537,-0.684,-1.797,-0.1255,-0.6399,-0.0386,0.7571
78.899,1,6.537,-0.684,-1.797,-0.1261,-0.6397,-0.0401,0.7571
78.942,1,6.538,-0.683,-1.796,-0.1278,-0.6390,-0.0433,0.7573
78.969,1,6.538,-0.684,-1.796,-0.1263,-0.6387,-0.0429,0.7578
79.011,1,6.538,-0.684,-1.796,-0.1260,-0.6380,-0.0438,0.7584
79.039,1,6.539,-0.684,-1.796,-0.1258,-0.6377,-0.0434,0.7587
79.067,1,6.539,-0.684,-1.796,-0.1257,-0.6374,-0.0423,0.7591
79.109,1,6.539,-0.685,-1.796,-0.1225,-0.6373,-0.0407,0.7597
79.137,1,6.539,-0.685,-1.796,-0.1231,-0.6372,-0.0418,0.7597
79.179,1,6.539,-0.684,-1.796,-0.1251,-0.6371,-0.0421,0.7594
79.208,1,6.539,-0.684,-1.795,-0.1258,-0.6372,-0.0425,0.7592
79.235,1,6.539,-0.684,-1.795,-0.1253,-0.6372,-0.0423,0.7593
79.276,1,6.538,-0.683,-1.795,-0.1276,-0.6373,-0.0439,0.7587
79.304,1,6.538,-0.683,-1.795,-0.1290,-0.6376,-0.0465,0.7581
79.346,1,6.537,-0.682,-1.795,-0.1296,-0.6383,-0.0491,0.7572
79.373,1,6.536,-0.682,-1.795,-0.1316,-0.6393,-0.0520,0.7559
79.402,1,6.536,-0.682,-1.795,-0.1294,-0.6405,-0.0511,0.7553
79.442,1,6.535,-0.683,-1.795,-0.1248,-0.6424,-0.0501,0.7544
79.471,1,6.535,-0.684,-1.795,-0.1221,-0.6433,-0.0486,0.7542
79.499,1,6.535,-0.685,-1.795,-0.1189,-0.6439,-0.0452,0.7545
79.540,1,6.534,-0.685,-1.795,-0.1172,-0.6440,-0.0431,0.7548
79.566,1,6.534,-0.685,-1.795,-0.1164,-0.6434,-0.0421,0.7555
79.607,1,6.533,-0.686,-1.794,-0.1160,-0.6427,-0.0415,0.7561
79.635,1,6.533,-0.686,-1.794,-0.1155,-0.6430,-0.0408,0.7560
79.677,1,6.532,-0.686,-1.794,-0.1156,-0.6432,-0.0396,0.7559
79.705,1,6.532,-0.686,-1.792,-0.1190,-0.6411,-0.0375,0.7573
79.734,1,6.532,-0.686,-1.791,-0.1195,-0.6375,-0.0371,0.7603
79.776,1,6.532,-0.686,-1.790,-0.1173,-0.6345,-0.0411,0.7629
79.804,1,6.532,-0.687,-1.789,-0.1139,-0.6338,-0.0422,0.7639
79.844,1,6.532,-0.688,-1.789,-0.1068,-0.6347,-0.0369,0.7645
79.872,1,6.532,-0.688,-1.789,-0.1026,-0.6364,-0.0354,0.7637
79.901,1,6.532,-0.689,-1.789,-0.1017,-0.6375,-0.0361,0.7628
79.943,1,6.532,-0.688,-1.789,-0.1068,-0.6381,-0.0373,0.7616
79.971,1,6.531,-0.687,-1.789,-0.1077,-0.6389,-0.0382,0.7608
80.012,1,6.531,-0.687,-1.790,-0.1098,-0.6406,-0.0413,0.7589
80.040,1,6.532,-0.687,-1.790,-0.1097,-0.6417,-0.0408,0.7580
80.066,1,6.532,-0.687,-1.790,-0.1079,-0.6425,-0.0396,0.7576
80.108,1,6.533,-0.688,-1.791,-0.1033,-0.6431,-0.0379,0.7578
80.135,1,6.533,-0.689,-1.791,-0.1027,-0.6436,-0.0382,0.7574
80.177,1,6.533,-0.688,-1.792,-0.1034,-0.6448,-0.0409,0.7562
80.205,1,6.533,-0.688,-1.792,-0.1043,-0.6453,-0.0420,0.7556
80.233,1,6.532,-0.687,-1.792,-0.1071,-0.6453,-0.0429,0.7552
80.276,1,6.532,-0.688,-1.792,-0.1066,-0.6451,-0.0420,0.7555
80.304,1,6.532,-0.688,-1.792,-0.1069,-0.6453,-0.0420,0.7553
80.345,1,6.531,-0.687,-1.793,-0.1083,-0.6458,-0.0427,0.7545
80.373,1,6.531,-0.687,-1.793,-0.1086,-0.6468,-0.0433,0.7537
80.402,1,6.530,-0.686,-1.793,-0.1098,-0.6478,-0.0449,0.7525
80.443,1,6.530,-0.686,-1.794,-0.1113,-0.6495,-0.0469,0.7507
80.471,1,6.530,-0.686,-1.795,-0.1129,-0.6508,-0.0488,0.7492
80.513,1,6.530,-0.685,-1.796,-0.1158,-0.6527,-0.0499,0.7471
80.541,1,6.530,-0.685,-1.796,-0.1173,-0.6543,-0.0509,0.7454
80.569,1,6.530,-0.685,-1.797,-0.1173,-0.6560,-0.0507,0.7439
80.611,1,6.530,-0.685,-1.798,-0.1162,-0.6577,-0.0500,0.7426
80.639,1,6.529,-0.685,-1.798,-0.1174,-0.6586,-0.0500,0.7416
80.666,1,6.529,-0.685,-1.798,-0.1176,-0.6590,-0.0499,0.7412
80.708,1,6.530,-0.686,-1.799,-0.1147,-0.6598,-0.0496,0.7409
80.736,1,6.529,-0.686,-1.800,-0.1162,-0.6601,-0.0504,0.7405
80.778,1,6.529,-0.685,-1.800,-0.1181,-0.6600,-0.0500,0.7403
80.806,1,6.529,-0.685,-1.800,-0.1186,-0.6599,-0.0491,0.7403
80.833,1,6.529,-0.685,-1.801,-0.1209,-0.6596,-0.0484,0.7403
80.876,1,6.528,-0.684,-1.801,-0.1227,-0.6594,-0.0478,0.7401
80.903,1,6.528,-0.685,-1.801,-0.1218,-0.6597,-0.0474,0.7401
80.944,1,6.528,-0.685,-1.801,-0.1217,-0.6606,-0.0452,0.7394
80.973,1,6.527,-0.685,-1.802,-0.1215,-0.6608,-0.0445,0.7393
81.002,1,6.527,-0.685,-1.802,-0.1217,-0.6608,-0.0445,0.7392
81.043,1,6.527,-0.685,-1.802,-0.1216,-0.6610,-0.0443,0.7391
81.070,1,6.527,-0.685,-1.802,-0.1209,-0.6614,-0.0445,0.7389
81.113,1,6.528,-0.685,-1.802,-0.1207,-0.6616,-0.0454,0.7387
81.141,1,6.528,-0.685,-1.801,-0.1207,-0.6609,-0.0470,0.7392
81.169,1,6.529,-0.685,-1.801,-0.1208,-0.6596,-0.0495,0.7402
81.210,1,6.530,-0.684,-1.800,-0.1225,-0.6578,-0.0521,0.7414
81.238,1,6.530,-0.684,-1.800,-0.1231,-0.6565,-0.0526,0.7423
81.279,1,6.531,-0.684,-1.800,-0.1242,-0.6552,-0.0530,0.7433
81.308,1,6.532,-0.684,-1.800,-0.1257,-0.6545,-0.0523,0.7437
81.336,1,6.532,-0.684,-1.800,-0.1273,-0.6539,-0.0518,0.7439
81.378,1,6.533,-0.683,-1.800,-0.1285,-0.6533,-0.0509,0.7444
81.405,1,6.533,-0.683,-1.801,-0.1287,-0.6532,-0.0500,0.7445
81.433,1,6.534,-0.684,-1.801,-0.1279,-0.6532,-0.0483,0.7447
81.475,1,6.534,-0.684,-1.801,-0.1295,-0.6521,-0.0498,0.7453
81.502,1,6.535,-0.684,-1.801,-0.1301,-0.6514,-0.0485,0.7459
81.544,1,6.535,-0.683,-1.801,-0.1333,-0.6510,-0.0494,0.7456
81.572,1,6.535,-0.682,-1.802,-0.1355,-0.6512,-0.0514,0.7449
81.600,1,6.535,-0.682,-1.802,-0.1370,-0.6517,-0.0516,0.7442
81.642,1,6.535,-0.682,-1.803,-0.1366,-0.6528,-0.0504,0.7434
81.670,1,6.535,-0.682,-1.803,-0.1365,-0.6536,-0.0505,0.7427
81.712,1,6.535,-0.682,-1.804,-0.1391,-0.6543,-0.0504,0.7417
81.740,1,6.535,-0.682,-1.804,-0.1393,-0.6546,-0.0495,0.7413
81.769,1,6.535,-0.682,-1.805,-0.1395,-0.6548,-0.0500,0.7412
81.809,1,6.535,-0.683,-1.806,-0.1372,-0.6554,-0.0481,0.7412
81.837,1,6.535,-0.683,-1.807,-0.1373,-0.6560,-0.0435,0.7409
81.866,1,6.534,-0.684,-1.808,-0.1388,-0.6560,-0.0382,0.7409
81.907,1,6.534,-0.683,-1.810,-0.1457,-0.6573,-0.0348,0.7386
81.934,1,6.534,-0.684,-1.811,-0.1455,-0.6593,-0.0319,0.7370
81.977,1,6.534,-0.685,-1.813,-0.1433,-0.6626,-0.0265,0.7347
82.005,1,6.533,-0.683,-1.815,-0.1469,-0.6644,-0.0274,0.7323
82.047,1,6.533,-0.684,-1.816,-0.1516,-0.6669,-0.0277,0.7290
82.075,1,6.533,-0.684,-1.818,-0.1514,-0.6686,-0.0258,0.7276
82.103,1,6.533,-0.684,-1.819,-0.1526,-0.6699,-0.0252,0.7262
82.145,1,6.533,-0.684,-1.820,-0.1533,-0.6708,-0.0241,0.7253
82.173,1,6.532,-0.684,-1.821,-0.1551,-0.6712,-0.0237,0.7244
82.201,1,6.532,-0.684,-1.821,-0.1573,-0.6715,-0.0239,0.7237
82.243,1,6.532,-0.684,-1.822,-0.1578,-0.6715,-0.0228,0.7236
82.271,1,6.532,-0.684,-1.822,-0.1570,-0.6720,-0.0219,0.7234
82.313,1,6.532,-0.684,-1.823,-0.1580,-0.6726,-0.0214,0.7226
82.341,1,6.532,-0.684,-1.823,-0.1583,-0.6735,-0.0209,0.7217
82.369,1,6.531,-0.684,-1.823,-0.1587,-0.6745,-0.0211,0.7207
82.410,1,6.531,-0.683,-1.824,-0.1603,-0.6756,-0.0217,0.7193
82.437,1,6.531,-0.684,-1.824,-0.1599,-0.6762,-0.0209,0.7188
82.478,1,6.531,-0.684,-1.824,-0.1579,-0.6768,-0.0191,0.7188
82.508,1,6.531,-0.685,-1.824,-0.1579,-0.6769,-0.0181,0.7187
82.534,1,6.531,-0.685,-1.824,-0.1586,-0.6769,-0.0184,0.7185
82.575,1,6.531,-0.684,-1.824,-0.1590,-0.6768,-0.0185,0.7186
82.604,1,6.531,-0.685,-1.823,-0.1570,-0.6763,-0.0176,0.7195
82.645,1,6.530,-0.685,-1.823,-0.1569,-0.6761,-0.0169,0.7197
82.672,1,6.530,-0.685,-1.823,-0.1551,-0.6754,-0.0166,0.7208
82.702,1,6.530,-0.685,-1.823,-0.1544,-0.6747,-0.0178,0.7216
82.742,1,6.530,-0.685,-1.822,-0.1524,-0.6744,-0.0163,0.7222
82.770,1,6.531,-0.685,-1.822,-0.1515,-0.6747,-0.0172,0.7221
82.813,1,6.531,-0.685,-1.822,-0.1518,-0.6751,-0.0198,0.7217
82.840,1,6.531,-0.685,-1.822,-0.1504,-0.6752,-0.0199,0.7218
82.867,1,6.531,-0.685,-1.821,-0.1508,-0.6750,-0.0206,0.7219
82.908,1,6.532,-0.684,-1.821,-0.1518,-0.6747,-0.0222,0.7219
82.936,1,6.532,-0.684,-1.821,-0.1533,-0.6741,-0.0235,0.7222
82.978,1,6.532,-0.684,-1.820,-0.1549,-0.6732,-0.0234,0.7227
83.006,1,6.532,-0.684,-1.820,-0.1539,-0.6729,-0.0223,0.7232
83.033,1,6.533,-0.685,-1.820,-0.1519,-0.6722,-0.0207,0.7243
83.075,1,6.533,-0.686,-1.819,-0.1515,-0.6708,-0.0176,0.7258
83.102,1,6.533,-0.686,-1.819,-0.1510,-0.6691,-0.0164,0.7275
83.144,1,6.533,-0.685,-1.818,-0.1518,-0.6667,-0.0191,0.7294
83.171,1,6.533,-0.685,-1.818,-0.1510,-0.6653,-0.0188,0.7309
83.200,1,6.533,-0.686,-1.817,-0.1486,-0.6637,-0.0174,0.7329
83.241,1,6.533,-0.686,-1.817,-0.1481,-0.6618,-0.0180,0.7347
83.270,1,6.533,-0.686,-1.816,-0.1482,-0.6603,-0.0188,0.7360
83.312,1,6.533,-0.686,-1.816,-0.1471,-0.6588,-0.0191,0.7376
83.339,1,6.533,-0.686,-1.815,-0.1479,-0.6585,-0.0206,0.7376
83.368,1,6.532,-0.685,-1.815,-0.1485,-0.6580,-0.0219,0.7379
83.409,1,6.532,-0.685,-1.814,-0.1488,-0.6573,-0.0235,0.7384
83.438,1,6.532,-0.685,-1.814,-0.1476,-0.6571,-0.0236,0.7388
83.479,1,6.531,-0.684,-1.813,-0.1501,-0.6564,-0.0268,0.7389
83.506,1,6.531,-0.684,-1.813,-0.1501,-0.6558,-0.0274,0.7394
83.535,1,6.531,-0.684,-1.812,-0.1491,-0.6556,-0.0265,0.7398
83.576,1,6.531,-0.684,-1.812,-0.1485,-0.6545,-0.0285,0.7408
83.603,1,6.531,-0.684,-1.811,-0.1477,-0.6537,-0.0285,0.7417
83.647,1,6.531,-0.684,-1.811,-0.1451,-0.6528,-0.0262,0.7431
83.673,1,6.531,-0.685,-1.811,-0.1436,-0.6523,-0.0259,0.7438
83.703,1,6.532,-0.685,-1.811,-0.1436,-0.6521,-0.0252,0.7439
83.742,1,6.532,-0.685,-1.810,-0.1436,-0.6522,-0.0260,0.7439
83.771,1,6.532,-0.685,-1.810,-0.1442,-0.6519,-0.0272,0.7440
83.800,1,6.532,-0.685,-1.810,-0.1449,-0.6516,-0.0273,0.7441
83.841,1,6.532,-0.685,-1.810,-0.1441,-0.6505,-0.0276,0.7452
83.869,1,6.532,-0.684,-1.810,-0.1457,-0.6503,-0.0286,0.7450
83.910,1,6.532,-0.684,-1.811,-0.1469,-0.6508,-0.0290,0.7444
83.937,1,6.532,-0.684,-1.811,-0.1474,-0.6508,-0.0281,0.7442
83.980,1,6.532,-0.684,-1.811,-0.1484,-0.6514,-0.0280,0.7436
84.008,1,6.532,-0.684,-1.811,-0.1479,-0.6519,-0.0276,0.7432
84.036,1,6.532,-0.684,-1.811,-0.1471,-0.6526,-0.0281,0.7428
84.078,1,6.532,-0.684,-1.811,-0.1469,-0.6526,-0.0281,0.7428
84.106,1,6.532,-0.684,-1.811,-0.1461,-0.6521,-0.0280,0.7434
84.134,1,6.532,-0.685,-1.811,-0.1453,-0.6518,-0.0281,0.7438
84.175,1,6.532,-0.685,-1.811,-0.1454,-0.6515,-0.0277,0.7441
84.203,1,6.532,-0.685,-1.811,-0.1454,-0.6515,-0.0276,0.7441
84.245,1,6.532,-0.684,-1.811,-0.1460,-0.6520,-0.0281,0.7435
84.274,1,6.532,-0.684,-1.811,-0.1466,-0.6528,-0.0286,0.7427
84.300,1,6.532,-0.684,-1.811,-0.1462,-0.6532,-0.0280,0.7424
84.342,1,6.532,-0.685,-1.811,-0.1422,-0.6535,-0.0251,0.7430
84.370,1,6.532,-0.685,-1.811,-0.1413,-0.6534,-0.0257,0.7433
84.412,1,6.532,-0.684,-1.811,-0.1446,-0.6531,-0.0279,0.7428
84.440,1,6.532,-0.684,-1.811,-0.1452,-0.6529,-0.0277,0.7429
84.468,1,6.532,-0.684,-1.811,-0.1457,-0.6528,-0.0285,0.7428
84.510,1,6.532,-0.684,-1.810,-0.1449,-0.6525,-0.0300,0.7432
84.538,1,6.532,-0.684,-1.810,-0.1445,-0.6527,-0.0294,0.7432
84.579,1,6.533,-0.684,-1.810,-0.1451,-0.6518,-0.0306,0.7437
84.608,1,6.533,-0.684,-1.810,-0.1463,-0.6508,-0.0307,0.7444
84.635,1,6.533,-0.683,-1.809,-0.1478,-0.6502,-0.0321,0.7446
84.677,1,6.534,-0.683,-1.809,-0.1479,-0.6510,-0.0349,0.7438
84.705,1,6.534,-0.682,-1.809,-0.1500,-0.6513,-0.0374,0.7429
84.733,1,6.534,-0.682,-1.809,-0.1514,-0.6510,-0.0397,0.7428
84.775,1,6.535,-0.681,-1.809,-0.1520,-0.6501,-0.0428,0.7433
84.803,1,6.535,-0.680,-1.807,-0.1520,-0.6470,-0.0476,0.7456
84.846,1,6.536,-0.680,-1.805,-0.1505,-0.6369,-0.0526,0.7543
84.873,1,6.536,-0.680,-1.803,-0.1481,-0.6311,-0.0553,0.7594
84.901,1,6.537,-0.680,-1.802,-0.1453,-0.6263,-0.0571,0.7638
84.942,1,6.537,-0.680,-1.800,-0.1419,-0.6209,-0.0589,0.7687
84.970,1,6.537,-0.679,-1.799,-0.1430,-0.6191,-0.0611,0.7698
85.012,1,6.537,-0.678,-1.798,-0.1469,-0.6181,-0.0621,0.7698
85.040,1,6.537,-0.677,-1.797,-0.1505,-0.6175,-0.0644,0.7694
85.068,1,6.537,-0.677,-1.797,-0.1496,-0.6183,-0.0683,0.7686
85.110,1,6.536,-0.677,-1.796,-0.1469,-0.6214,-0.0717,0.7663
85.138,1,6.536,-0.677,-1.796,-0.1435,-0.6235,-0.0713,0.7652
85.166,1,6.536,-0.678,-1.795,-0.1407,-0.6253,-0.0702,0.7644
85.208,1,6.536,-0.678,-1.795,-0.1431,-0.6268,-0.0721,0.7625
85.235,1,6.536,-0.677,-1.795,-0.1449,-0.6276,-0.0735,0.7614
85.277,1,6.536,-0.677,-1.795,-0.1439,-0.6293,-0.0728,0.7603
85.305,1,6.536,-0.677,-1.795,-0.1428,-0.6302,-0.0725,0.7597
85.333,1,6.536,-0.678,-1.795,-0.1412,-0.6308,-0.0713,0.7596
85.374,1,6.536,-0.678,-1.795,-0.1410,-0.6318,-0.0719,0.7588
85.402,1,6.537,-0.678,-1.795,-0.1406,-0.6323,-0.0736,0.7583
85.443,1,6.537,-0.678,-1.795,-0.1421,-0.6318,-0.0756,0.7582
85.470,1,6.538,-0.677,-1.794,-0.1442,-0.6314,-0.0776,0.7579
85.512,1,6.538,-0.677,-1.795,-0.1455,-0.6313,-0.0802,0.7575
85.538,1,6.538,-0.677,-1.795,-0.1456,-0.6313,-0.0795,0.7576
85.567,1,6.539,-0.677,-1.795,-0.1462,-0.6310,-0.0790,0.7578
85.610,1,6.539,-0.677,-1.795,-0.1467,-0.6309,-0.0799,0.7577
85.638,1,6.539,-0.677,-1.795,-0.1470,-0.6309,-0.0798,0.7576
85.666,1,6.539,-0.677,-1.795,-0.1469,-0.6311,-0.0795,0.7575
85.706,1,6.538,-0.676,-1.796,-0.1495,-0.6315,-0.0787,0.7568
85.736,1,6.538,-0.676,-1.796,-0.1498,-0.6314,-0.0767,0.7570
85.777,1,6.538,-0.677,-1.795,-0.1468,-0.6321,-0.0736,0.7573
85.804,1,6.537,-0.677,-1.795,-0.1456,-0.6330,-0.0738,0.7568
85.833,1,6.537,-0.678,-1.795,-0.1439,-0.6340,-0.0741,0.7562
85.873,1,6.537,-0.678,-1.795,-0.1410,-0.6362,-0.0741,0.7549
85.902,1,6.537,-0.678,-1.795,-0.1401,-0.6371,-0.0752,0.7542
85.944,1,6.537,-0.678,-1.796,-0.1402,-0.6389,-0.0790,0.7523
85.971,1,6.538,-0.678,-1.796,-0.1372,-0.6414,-0.0808,0.7505
85.999,1,6.538,-0.678,-1.797,-0.1354,-0.6441,-0.0807,0.7485
86.041,1,6.539,-0.679,-1.797,-0.1343,-0.6461,-0.0775,0.7473
86.068,1,6.539,-0.679,-1.797,-0.1348,-0.6466,-0.0772,0.7468
86.110,1,6.539,-0.678,-1.798,-0.1382,-0.6469,-0.0798,0.7457
86.138,1,6.539,-0.678,-1.797,-0.1376,-0.6467,-0.0781,0.7461
86.179,1,6.540,-0.679,-1.797,-0.1384,-0.6460,-0.0780,0.7466
86.206,1,6.540,-0.678,-1.797,-0.1396,-0.6453,-0.0783,0.7469
86.234,1,6.540,-0.678,-1.797,-0.1398,-0.6447,-0.0778,0.7475
86.274,1,6.541,-0.678,-1.797,-0.1419,-0.6441,-0.0782,0.7476
86.302,1,6.541,-0.678,-1.797,-0.1431,-0.6446,-0.0771,0.7470
86.346,1,6.542,-0.679,-1.798,-0.1405,-0.6475,-0.0741,0.7453
86.374,1,6.542,-0.680,-1.799,-0.1375,-0.6504,-0.0704,0.7437
86.402,1,6.542,-0.679,-1.799,-0.1398,-0.6520,-0.0702,0.7419
86.443,1,6.542,-0.680,-1.800,-0.1410,-0.6520,-0.0706,0.7417
86.472,1,6.543,-0.680,-1.800,-0.1404,-0.6515,-0.0704,0.7422
86.500,1,6.543,-0.680,-1.800,-0.1422,-0.6510,-0.0710,0.7422
86.542,1,6.543,-0.680,-1.800,-0.1413,-0.6505,-0.0692,0.7430
86.571,1,6.543,-0.680,-1.801,-0.1416,-0.6502,-0.0698,0.7432
86.612,1,6.543,-0.679,-1.801,-0.1458,-0.6497,-0.0721,0.7426
86.639,1,6.543,-0.678,-1.801,-0.1480,-0.6496,-0.0725,0.7423
86.667,1,6.543,-0.678,-1.801,-0.1499,-0.6491,-0.0724,0.7422
86.709,1,6.543,-0.678,-1.801,-0.1504,-0.6485,-0.0727,0.7427
86.737,1,6.543,-0.678,-1.801,-0.1510,-0.6486,-0.0739,0.7423
86.780,1,6.542,-0.677,-1.800,-0.1513,-0.6485,-0.0740,0.7423
86.806,1,6.542,-0.677,-1.800,-0.1527,-0.6493,-0.0755,0.7412
86.834,1,6.541,-0.677,-1.801,-0.1533,-0.6515,-0.0774,0.7389
86.876,1,6.541,-0.676,-1.802,-0.1539,-0.6577,-0.0786,0.7332
86.904,1,6.540,-0.676,-1.803,-0.1552,-0.6626,-0.0802,0.7283
86.946,1,6.540,-0.676,-1.804,-0.1547,-0.6685,-0.0811,0.7229
86.974,1,6.540,-0.677,-1.804,-0.1542,-0.6708,-0.0804,0.7210
87.001,1,6.539,-0.677,-1.804,-0.1514,-0.6721,-0.0781,0.7206
87.043,1,6.539,-0.678,-1.804,-0.1487,-0.6722,-0.0754,0.7213
87.071,1,6.539,-0.678,-1.804,-0.1498,-0.6717,-0.0756,0.7216
87.112,1,6.539,-0.678,-1.804,-0.1495,-0.6711,-0.0746,0.7223
87.139,1,6.538,-0.678,-1.803,-0.1498,-0.6707,-0.0750,0.7226
87.167,1,6.538,-0.678,-1.803,-0.1487,-0.6701,-0.0745,0.7234
87.210,1,6.538,-0.679,-1.802,-0.1445,-0.6695,-0.0715,0.7251
87.239,1,6.538,-0.679,-1.802,-0.1436,-0.6693,-0.0717,0.7254
87.266,1,6.538,-0.679,-1.802,-0.1433,-0.6688,-0.0732,0.7258
87.308,1,6.537,-0.679,-1.802,-0.1428,-0.6689,-0.0719,0.7260
87.335,1,6.537,-0.679,-1.802,-0.1419,-0.6696,-0.0726,0.7254
87.378,1,6.537,-0.680,-1.802,-0.1400,-0.6712,-0.0705,0.7246
87.407,1,6.536,-0.680,-1.802,-0.1408,-0.6720,-0.0708,0.7236
87.434,1,6.536,-0.679,-1.802,-0.1440,-0.6730,-0.0740,0.7217
87.475,1,6.536,-0.678,-1.803,-0.1458,-0.6751,-0.0758,0.7192
87.503,1,6.536,-0.677,-1.803,-0.1488,-0.6766,-0.0779,0.7170
87.545,1,6.535,-0.676,-1.804,-0.1537,-0.6783,-0.0825,0.7138
87.573,1,6.536,-0.676,-1.804,-0.1553,-0.6796,-0.0846,0.7120
87.601,1,6.536,-0.677,-1.804,-0.1518,-0.6816,-0.0829,0.7110
87.643,1,6.536,-0.678,-1.804,-0.1470,-0.6830,-0.0810,0.7109
87.671,1,6.536,-0.678,-1.804,-0.1473,-0.6828,-0.0812,0.7110
87.713,1,6.535,-0.678,-1.804,-0.1479,-0.6817,-0.0800,0.7120
87.740,1,6.535,-0.678,-1.804,-0.1477,-0.6807,-0.0798,0.7131
87.768,1,6.535,-0.678,-1.803,-0.1468,-0.6796,-0.0786,0.7144
87.810,1,6.535,-0.680,-1.803,-0.1399,-0.6805,-0.0751,0.7153
87.838,1,6.535,-0.681,-1.803,-0.1363,-0.6812,-0.0729,0.7156
87.866,1,6.535,-0.681,-1.803,-0.1341,-0.6811,-0.0716,0.7162
87.910,1,6.534,-0.680,-1.802,-0.1375,-0.6810,-0.0741,0.7154
87.935,1,6.534,-0.680,-1.802,-0.1373,-0.6809,-0.0741,0.7155
87.978,1,6.534,-0.680,-1.802,-0.1365,-0.6809,-0.0735,0.7157
88.006,1,6.534,-0.680,-1.802,-0.1378,-0.6804,-0.0738,0.7160
88.034,1,6.534,-0.680,-1.802,-0.1386,-0.6799,-0.0747,0.7162
88.075,1,6.534,-0.680,-1.802,-0.1361,-0.6797,-0.0720,0.7171
88.103,1,6.534,-0.680,-1.802,-0.1381,-0.6791,-0.0742,0.7171
88.146,1,6.534,-0.679,-1.802,-0.1393,-0.6784,-0.0758,0.7174
88.173,1,6.534,-0.679,-1.802,-0.1398,-0.6784,-0.0753,0.7173
88.201,1,6.534,-0.678,-1.802,-0.1422,-0.6780,-0.0790,0.7169
88.244,1,6.535,-0.676,-1.803,-0.1487,-0.6780,-0.0861,0.7147
88.271,1,6.535,-0.675,-1.803,-0.1544,-0.6779,-0.0913,0.7129
88.313,1,6.537,-0.675,-1.804,-0.1568,-0.6781,-0.0917,0.7122
88.341,1,6.538,-0.675,-1.804,-0.1572,-0.6780,-0.0907,0.7123
88.368,1,6.538,-0.675,-1.805,-0.1588,-0.6781,-0.0909,0.7118
88.408,1,6.539,-0.675,-1.805,-0.1604,-0.6777,-0.0884,0.7122
88.437,1,6.540,-0.676,-1.805,-0.1581,-0.6768,-0.0862,0.7138
88.478,1,6.541,-0.676,-1.805,-0.1526,-0.6754,-0.0880,0.7161
88.505,1,6.541,-0.677,-1.805,-0.1507,-0.6748,-0.0875,0.7172
88.533,1,6.541,-0.678,-1.805,-0.1481,-0.6738,-0.0823,0.7192
88.575,1,6.542,-0.678,-1.805,-0.1472,-0.6717,-0.0781,0.7218
88.603,1,6.542,-0.678,-1.805,-0.1477,-0.6704,-0.0765,0.7231
88.645,1,6.542,-0.678,-1.805,-0.1502,-0.6689,-0.0768,0.7240
88.673,1,6.542,-0.678,-1.805,-0.1520,-0.6686,-0.0776,0.7238
88.701,1,6.542,-0.677,-1.805,-0.1528,-0.6685,-0.0772,0.7238
88.743,1,6.542,-0.678,-1.805,-0.1531,-0.6685,-0.0758,0.7239
88.771,1,6.542,-0.678,-1.805,-0.1530,-0.6685,-0.0749,0.7239
88.812,1,6.542,-0.678,-1.805,-0.1532,-0.6685,-0.0745,0.7240
88.839,1,6.542,-0.678,-1.805,-0.1543,-0.6681,-0.0745,0.7241
88.866,1,6.542,-0.677,-1.805,-0.1550,-0.6677,-0.0740,0.7243
88.905,1,6.542,-0.678,-1.805,-0.1531,-0.6664,-0.0732,0.7260
88.934,1,6.542,-0.678,-1.805,-0.1512,-0.6652,-0.0723,0.7276
88.975,1,6.542,-0.678,-1.805,-0.1505,-0.6648,-0.0719,0.7282
89.003,1,6.542,-0.677,-1.805,-0.1516,-0.6648,-0.0741,0.7277
89.045,1,6.542,-0.677,-1.805,-0.1546,-0.6654,-0.0757,0.7264
89.074,1,6.542,-0.677,-1.805,-0.1545,-0.6664,-0.0761,0.7254
89.102,1,6.542,-0.677,-1.805,-0.1529,-0.6675,-0.0750,0.7249
89.145,1,6.543,-0.677,-1.805,-0.1535,-0.6684,-0.0753,0.7239
89.172,1,6.543,-0.677,-1.805,-0.1525,-0.6685,-0.0740,0.7241
89.200,1,6.543,-0.677,-1.805,-0.1526,-0.6686,-0.0737,0.7240
89.242,1,6.543,-0.677,-1.805,-0.1533,-0.6684,-0.0744,0.7240
89.270,1,6.543,-0.677,-1.805,-0.1547,-0.6680,-0.0748,0.7241
89.312,1,6.543,-0.677,-1.805,-0.1562,-0.6683,-0.0772,0.7232
89.339,1,6.543,-0.676,-1.805,-0.1562,-0.6685,-0.0781,0.7229
89.380,1,6.543,-0.676,-1.805,-0.1593,-0.6685,-0.0792,0.7222
89.408,1,6.543,-0.676,-1.805,-0.1604,-0.6683,-0.0812,0.7218
89.436,1,6.543,-0.675,-1.805,-0.1610,-0.6684,-0.0823,0.7215
89.479,1,6.543,-0.676,-1.805,-0.1593,-0.6679,-0.0804,0.7225
89.506,1,6.544,-0.676,-1.805,-0.1572,-0.6672,-0.0783,0.7239
89.534,1,6.544,-0.677,-1.805,-0.1547,-0.6669,-0.0754,0.7250
89.576,1,6.543,-0.677,-1.805,-0.1558,-0.6664,-0.0771,0.7251
89.604,1,6.543,-0.677,-1.805,-0.1555,-0.6662,-0.0789,0.7251
89.633,1,6.543,-0.677,-1.805,-0.1544,-0.6665,-0.0782,0.7251
89.674,1,6.543,-0.677,-1.805,-0.1551,-0.6672,-0.0778,0.7244
89.703,1,6.543,-0.677,-1.805,-0.1552,-0.6674,-0.0771,0.7243
89.744,1,6.542,-0.677,-1.806,-0.1537,-0.6679,-0.0759,0.7243
89.772,1,6.542,-0.677,-1.806,-0.1530,-0.6681,-0.0755,0.7242
89.800,1,6.542,-0.677,-1.806,-0.1525,-0.6679,-0.0749,0.7246
89.842,1,6.542,-0.678,-1.806,-0.1520,-0.6681,-0.0748,0.7245
89.870,1,6.541,-0.677,-1.806,-0.1522,-0.6684,-0.0750,0.7242
89.913,1,6.541,-0.677,-1.805,-0.1525,-0.6683,-0.0749,0.7243
89.940,1,6.541,-0.677,-1.805,-0.1530,-0.6681,-0.0738,0.7244
89.967,1,6.541,-0.677,-1.805,-0.1551,-0.6684,-0.0749,0.7236
90.009,1,6.540,-0.675,-1.806,-0.1606,-0.6691,-0.0812,0.7210
90.037,1,6.540,-0.674,-1.806,-0.1634,-0.6702,-0.0838,0.7191
90.078,1,6.540,-0.674,-1.806,-0.1639,-0.6727,-0.0849,0.7165
90.107,1,6.540,-0.675,-1.806,-0.1593,-0.6748,-0.0830,0.7158
90.134,1,6.540,-0.676,-1.806,-0.1560,-0.6766,-0.0821,0.7150
90.177,1,6.540,-0.676,-1.807,-0.1519,-0.6788,-0.0806,0.7139
90.204,1,6.540,-0.677,-1.807,-0.1501,-0.6796,-0.0801,0.7136
90.246,1,6.539,-0.679,-1.806,-0.1455,-0.6799,-0.0748,0.7148
90.274,1,6.539,-0.679,-1.806,-0.1423,-0.6796,-0.0712,0.7161
90.302,1,6.538,-0.678,-1.806,-0.1427,-0.6789,-0.0714,0.7167
90.343,1,6.537,-0.677,-1.806,-0.1485,-0.6765,-0.0739,0.7175
90.372,1,6.537,-0.675,-1.806,-0.1537,-0.6749,-0.0790,0.7174
90.399,1,6.537,-0.675,-1.806,-0.1576,-0.6741,-0.0861,0.7165
90.441,1,6.536,-0.675,-1.806,-0.1559,-0.6755,-0.0843,0.7158
90.469,1,6.537,-0.676,-1.806,-0.1548,-0.6763,-0.0815,0.7155
90.511,1,6.537,-0.676,-1.807,-0.1543,-0.6767,-0.0789,0.7156
90.540,1,6.537,-0.676,-1.807,-0.1523,-0.6770,-0.0775,0.7159
90.567,1,6.537,-0.677,-1.807,-0.1503,-0.6771,-0.0760,0.7164
90.608,1,6.537,-0.677,-1.806,-0.1490,-0.6762,-0.0760,0.7174
90.637,1,6.537,-0.678,-1.806,-0.1476,-0.6756,-0.0754,0.7184
90.678,1,6.538,-0.678,-1.806,-0.1438,-0.6738,-0.0738,0.7210
90.706,1,6.538,-0.678,-1.805,-0.1435,-0.6727,-0.0743,0.7220
90.734,1,6.538,-0.679,-1.805,-0.1427,-0.6723,-0.0735,0.7227
90.776,1,6.539,-0.679,-1.805,-0.1432,-0.6712,-0.0741,0.7236
90.805,1,6.539,-0.678,-1.805,-0.1444,-0.6703,-0.0741,0.7242
90.846,1,6.539,-0.678,-1.805,-0.1458,-0.6688,-0.0750,0.7252
90.874,1,6.539,-0.678,-1.805,-0.1476,-0.6679,-0.0762,0.7255
90.902,1,6.539,-0.678,-1.805,-0.1482,-0.6673,-0.0764,0.7259
90.945,1,6.539,-0.677,-1.805,-0.1501,-0.6665,-0.0764,0.7262
90.972,1,6.539,-0.677,-1.805,-0.1515,-0.6659,-0.0757,0.7266
91.000,1,6.539,-0.677,-1.805,-0.1506,-0.6650,-0.0748,0.7277
91.041,1,6.539,-0.678,-1.805,-0.1470,-0.6644,-0.0711,0.7293
91.068,1,6.538,-0.679,-1.805,-0.1455,-0.6645,-0.0687,0.7297
91.108,1,6.537,-0.678,-1.805,-0.1482,-0.6643,-0.0687,0.7294
91.135,1,6.537,-0.678,-1.805,-0.1495,-0.6646,-0.0700,0.7288
91.176,1,6.537,-0.678,-1.804,-0.1471,-0.6653,-0.0708,0.7285
91.217,1,6.537,-0.679,-1.804,-0.1444,-0.6646,-0.0716,0.7296
91.244,1,6.538,-0.679,-1.804,-0.1432,-0.6642,-0.0711,0.7302
91.270,1,6.538,-0.679,-1.804,-0.1428,-0.6636,-0.0713,0.7308
91.327,1,6.538,-0.678,-1.804,-0.1467,-0.6624,-0.0733,0.7310
91.354,1,6.539,-0.678,-1.804,-0.1489,-0.6624,-0.0743,0.7304
91.383,1,6.539,-0.678,-1.804,-0.1501,-0.6626,-0.0745,0.7300
91.410,1,6.539,-0.677,-1.804,-0.1526,-0.6627,-0.0770,0.7291
91.438,1,6.539,-0.676,-1.804,-0.1551,-0.6625,-0.0799,0.7285
91.467,1,6.539,-0.676,-1.804,-0.1540,-0.6627,-0.0795,0.7286
91.521,1,6.540,-0.677,-1.804,-0.1526,-0.6626,-0.0795,0.7289
91.548,1,6.540,-0.677,-1.804,-0.1536,-0.6628,-0.0795,0.7286
91.577,1,6.540,-0.678,-1.803,-0.1495,-0.6632,-0.0753,0.7295
91.606,1,6.540,-0.679,-1.803,-0.1442,-0.6639,-0.0712,0.7303
91.633,1,6.540,-0.680,-1.803,-0.1401,-0.6645,-0.0676,0.7309
91.689,1,6.539,-0.681,-1.803,-0.1380,-0.6628,-0.0652,0.7331
91.716,1,6.539,-0.681,-1.802,-0.1373,-0.6619,-0.0650,0.7341
91.744,1,6.539,-0.681,-1.802,-0.1364,-0.6614,-0.0651,0.7346
91.772,1,6.539,-0.681,-1.802,-0.1368,-0.6608,-0.0649,0.7351
91.800,1,6.539,-0.681,-1.802,-0.1378,-0.6599,-0.0639,0.7358
91.855,1,6.538,-0.680,-1.802,-0.1388,-0.6588,-0.0651,0.7366
91.883,1,6.538,-0.680,-1.802,-0.1386,-0.6585,-0.0635,0.7370
91.912,1,6.538,-0.681,-1.802,-0.1385,-0.6579,-0.0630,0.7376
91.939,1,6.538,-0.680,-1.802,-0.1398,-0.6574,-0.0645,0.7376
91.968,1,6.538,-0.680,-1.802,-0.1394,-0.6572,-0.0645,0.7379
92.023,1,6.538,-0.680,-1.802,-0.1417,-0.6564,-0.0644,0.7382
92.051,1,6.538,-0.680,-1.802,-0.1399,-0.6564,-0.0632,0.7386
92.079,1,6.538,-0.681,-1.802,-0.1382,-0.6569,-0.0615,0.7387
92.107,1,6.538,-0.681,-1.802,-0.1366,-0.6573,-0.0612,0.7386
92.134,1,6.538,-0.681,-1.802,-0.1357,-0.6576,-0.0615,0.7385
92.175,1,6.538,-0.682,-1.802,-0.1329,-0.6583,-0.0592,0.7385
92.206,1,6.537,-0.682,-1.801,-0.1320,-0.6586,-0.0588,0.7385
92.236,1,6.537,-0.682,-1.801,-0.1315,-0.6590,-0.0593,0.7382
92.277,1,6.536,-0.682,-1.801,-0.1296,-0.6591,-0.0578,0.7385
92.306,1,6.536,-0.684,-1.801,-0.1256,-0.6589,-0.0548,0.7397
92.334,1,6.535,-0.683,-1.800,-0.1244,-0.6586,-0.0556,0.7400
92.375,1,6.535,-0.683,-1.800,-0.1256,-0.6582,-0.0574,0.7401
92.403,1,6.535,-0.683,-1.800,-0.1241,-0.6577,-0.0563,0.7409
92.446,1,6.534,-0.683,-1.799,-0.1258,-0.6575,-0.0582,0.7406
92.474,1,6.534,-0.683,-1.799,-0.1260,-0.6572,-0.0582,0.7408
92.503,1,6.534,-0.683,-1.799,-0.1238,-0.6573,-0.0567,0.7412
92.544,1,6.534,-0.684,-1.799,-0.1240,-0.6574,-0.0567,0.7411
92.572,1,6.534,-0.683,-1.799,-0.1248,-0.6575,-0.0576,0.7408
92.600,1,6.534,-0.684,-1.799,-0.1237,-0.6581,-0.0570,0.7405
92.641,1,6.534,-0.684,-1.800,-0.1235,-0.6588,-0.0557,0.7400
92.669,1,6.534,-0.684,-1.800,-0.1232,-0.6589,-0.0552,0.7401
92.710,1,6.534,-0.684,-1.800,-0.1243,-0.6589,-0.0566,0.7398
92.737,1,6.534,-0.684,-1.800,-0.1254,-0.6593,-0.0561,0.7392
92.766,1,6.535,-0.683,-1.800,-0.1256,-0.6596,-0.0562,0.7390
92.807,1,6.535,-0.683,-1.801,-0.1273,-0.6601,-0.0568,0.7381
92.834,1,6.535,-0.683,-1.801,-0.1284,-0.6604,-0.0566,0.7377
92.876,1,6.535,-0.683,-1.801,-0.1283,-0.6608,-0.0568,0.7373
92.903,1,6.535,-0.683,-1.801,-0.1286,-0.6610,-0.0565,0.7371
92.946,1,6.536,-0.683,-1.801,-0.1286,-0.6609,-0.0563,0.7373
92.974,1,6.536,-0.683,-1.801,-0.1301,-0.6604,-0.0577,0.7373
93.002,1,6.536,-0.682,-1.801,-0.1323,-0.6595,-0.0594,0.7376
93.043,1,6.536,-0.682,-1.801,-0.1320,-0.6586,-0.0599,0.7384
93.071,1,6.536,-0.682,-1.801,-0.1319,-0.6580,-0.0608,0.7389
93.099,1,6.537,-0.682,-1.801,-0.1328,-0.6578,-0.0603,0.7390
93.141,1,6.537,-0.682,-1.801,-0.1329,-0.6577,-0.0617,0.7389
93.169,1,6.537,-0.682,-1.801,-0.1329,-0.6578,-0.0620,0.7388
93.211,1,6.537,-0.681,-1.801,-0.1338,-0.6578,-0.0622,0.7386
93.239,1,6.537,-0.681,-1.801,-0.1341,-0.6580,-0.0624,0.7384
93.267,1,6.537,-0.681,-1.801,-0.1345,-0.6582,-0.0628,0.7380
93.309,1,6.537,-0.681,-1.801,-0.1347,-0.6589,-0.0632,0.7373
93.338,1,6.537,-0.681,-1.801,-0.1333,-0.6591,-0.0620,0.7375
93.380,1,6.536,-0.681,-1.801,-0.1356,-0.6597,-0.0647,0.7363
93.407,1,6.536,-0.679,-1.801,-0.1381,-0.6602,-0.0678,0.7352
93.435,1,6.535,-0.678,-1.801,-0.1418,-0.6607,-0.0723,0.7336
93.477,1,6.534,-0.678,-1.801,-0.1422,-0.6630,-0.0770,0.7309
93.505,1,6.534,-0.678,-1.801,-0.1420,-0.6655,-0.0772,0.7287
93.546,1,6.533,-0.678,-1.802,-0.1411,-0.6692,-0.0790,0.7253
93.574,1,6.533,-0.679,-1.803,-0.1397,-0.6729,-0.0786,0.7221
93.602,1,6.533,-0.680,-1.804,-0.1360,-0.6779,-0.0758,0.7185
93.645,1,6.533,-0.682,-1.805,-0.1284,-0.6855,-0.0692,0.7134
93.672,1,6.533,-0.683,-1.806,-0.1249,-0.6900,-0.0640,0.7101
93.700,1,6.532,-0.684,-1.808,-0.1216,-0.6948,-0.0606,0.7062
93.742,1,6.532,-0.684,-1.809,-0.1206,-0.7004,-0.0566,0.7012
93.770,1,6.531,-0.685,-1.810,-0.1202,-0.7035,-0.0536,0.6984
93.813,1,6.530,-0.686,-1.812,-0.1174,-0.7082,-0.0500,0.6944
93.840,1,6.530,-0.686,-1.812,-0.1166,-0.7101,-0.0477,0.6927
93.868,1,6.529,-0.687,-1.813,-0.1161,-0.7111,-0.0463,0.6919
93.911,1,6.528,-0.687,-1.814,-0.1150,-0.7120,-0.0446,0.6913
93.939,1,6.527,-0.687,-1.814,-0.1140,-0.7119,-0.0431,0.6916
93.966,1,6.526,-0.687,-1.814,-0.1135,-0.7120,-0.0428,0.6917
94.008,1,6.525,-0.689,-1.814,-0.1105,-0.7118,-0.0396,0.6925
94.036,1,6.524,-0.689,-1.815,-0.1085,-0.7115,-0.0376,0.6932
94.077,1,6.523,-0.689,-1.815,-0.1064,-0.7116,-0.0363,0.6936
94.105,1,6.522,-0.690,-1.815,-0.1045,-0.7122,-0.0344,0.6933
94.133,1,6.521,-0.690,-1.815,-0.1034,-0.7124,-0.0333,0.6934
94.174,1,6.521,-0.692,-1.815,-0.0971,-0.7132,-0.0276,0.6936
94.201,1,6.520,-0.693,-1.815,-0.0927,-0.7144,-0.0247,0.6932
94.243,1,6.518,-0.693,-1.816,-0.0907,-0.7160,-0.0252,0.6918
94.271,1,6.517,-0.692,-1.816,-0.0949,-0.7173,-0.0294,0.6897
94.311,1,6.517,-0.693,-1.816,-0.0944,-0.7197,-0.0274,0.6873
94.340,1,6.516,-0.693,-1.816,-0.0916,-0.7210,-0.0261,0.6863
94.368,1,6.516,-0.694,-1.816,-0.0906,-0.7223,-0.0250,0.6851
94.409,1,6.516,-0.696,-1.816,-0.0831,-0.7227,-0.0192,0.6859
94.437,1,6.516,-0.696,-1.816,-0.0803,-0.7223,-0.0174,0.6867
94.479,1,6.515,-0.697,-1.816,-0.0761,-0.7209,-0.0140,0.6887
94.507,1,6.515,-0.698,-1.816,-0.0736,-0.7200,-0.0114,0.6900
94.535,1,6.515,-0.699,-1.815,-0.0698,-0.7189,-0.0075,0.6915
94.576,1,6.514,-0.699,-1.816,-0.0699,-0.7185,-0.0071,0.6920
94.604,1,6.513,-0.699,-1.816,-0.0718,-0.7187,-0.0078,0.6916
94.632,1,6.513,-0.699,-1.816,-0.0722,-0.7189,-0.0084,0.6913
94.674,1,6.513,-0.699,-1.816,-0.0719,-0.7205,-0.0084,0.6897
94.700,1,6.513,-0.699,-1.817,-0.0724,-0.7210,-0.0078,0.6891
94.742,1,6.512,-0.698,-1.817,-0.0753,-0.7221,-0.0101,0.6876
94.770,1,6.512,-0.698,-1.817,-0.0744,-0.7229,-0.0091,0.6869
94.799,1,6.512,-0.699,-1.817,-0.0728,-0.7235,-0.0087,0.6864
94.841,1,6.511,-0.699,-1.818,-0.0729,-0.7248,-0.0096,0.6850
94.868,1,6.511,-0.699,-1.818,-0.0712,-0.7256,-0.0077,0.6844
94.909,1,6.511,-0.700,-1.818,-0.0681,-0.7259,-0.0067,0.6843
94.938,1,6.511,-0.700,-1.818,-0.0679,-0.7255,-0.0052,0.6848
94.967,1,6.511,-0.700,-1.818,-0.0676,-0.7253,-0.0030,0.6851
95.007,1,6.511,-0.701,-1.819,-0.0674,-0.7258,-0.0025,0.6846
95.035,1,6.511,-0.700,-1.819,-0.0679,-0.7263,-0.0023,0.6840
95.076,1,6.510,-0.700,-1.819,-0.0685,-0.7272,-0.0008,0.6830
95.104,1,6.510,-0.700,-1.820,-0.0678,-0.7278,-0.0008,0.6824
95.145,1,6.510,-0.701,-1.820,-0.0666,-0.7280,-0.0005,0.6823
95.174,1,6.510,-0.701,-1.820,-0.0664,-0.7278,0.0004,0.6826
95.201,1,6.510,-0.701,-1.820,-0.0668,-0.7277,0.0008,0.6826
95.242,1,6.511,-0.701,-1.820,-0.0685,-0.7278,0.0002,0.6824
95.270,1,6.511,-0.700,-1.821,-0.0685,-0.7275,-0.0012,0.6826
95.313,1,6.512,-0.700,-1.821,-0.0706,-0.7272,-0.0014,0.6827
95.342,1,6.512,-0.700,-1.821,-0.0719,-0.7271,-0.0022,0.6828
95.369,1,6.512,-0.699,-1.821,-0.0730,-0.7270,-0.0024,0.6827
95.411,1,6.513,-0.699,-1.821,-0.0742,-0.7271,-0.0028,0.6825
95.438,1,6.514,-0.699,-1.821,-0.0747,-0.7271,-0.0033,0.6825
95.466,1,6.514,-0.699,-1.821,-0.0757,-0.7270,-0.0035,0.6824
95.508,1,6.515,-0.698,-1.821,-0.0768,-0.7267,-0.0046,0.6827
95.535,1,6.515,-0.698,-1.821,-0.0776,-0.7267,-0.0050,0.6825
95.578,1,6.515,-0.698,-1.821,-0.0781,-0.7264,-0.0053,0.6828
95.606,1,6.515,-0.698,-1.821,-0.0791,-0.7262,-0.0058,0.6829
95.633,1,6.515,-0.698,-1.821,-0.0798,-0.7262,-0.0066,0.6828
95.675,1,6.515,-0.698,-1.821,-0.0792,-0.7259,-0.0068,0.6832
95.703,1,6.515,-0.698,-1.821,-0.0790,-0.7256,-0.0069,0.6835
95.745,1,6.514,-0.697,-1.820,-0.0795,-0.7254,-0.0073,0.6837
95.773,1,6.514,-0.698,-1.820,-0.0794,-0.7254,-0.0073,0.6837
95.801,1,6.514,-0.698,-1.821,-0.0793,-0.7254,-0.0072,0.6837
95.842,1,6.514,-0.698,-1.821,-0.0792,-0.7256,-0.0072,0.6835
95.870,1,6.514,-0.698,-1.821,-0.0790,-0.7257,-0.0073,0.6834
95.912,1,6.514,-0.698,-1.821,-0.0789,-0.7257,-0.0078,0.6834
95.939,1,6.514,-0.698,-1.821,-0.0791,-0.7256,-0.0076,0.6835
95.967,1,6.515,-0.698,-1.821,-0.0793,-0.7254,-0.0075,0.6837
96.010,1,6.515,-0.697,-1.821,-0.0802,-0.7251,-0.0076,0.6839
96.037,1,6.515,-0.697,-1.821,-0.0808,-0.7247,-0.0076,0.6843
96.079,1,6.515,-0.697,-1.821,-0.0818,-0.7243,-0.0087,0.6846
96.107,1,6.516,-0.697,-1.820,-0.0829,-0.7239,-0.0099,0.6848
96.135,1,6.516,-0.696,-1.820,-0.0831,-0.7233,-0.0115,0.6854
96.176,1,6.517,-0.696,-1.820,-0.0851,-0.7224,-0.0116,0.6861
96.205,1,6.517,-0.696,-1.820,-0.0850,-0.7216,-0.0120,0.6869
96.232,1,6.517,-0.696,-1.820,-0.0851,-0.7209,-0.0124,0.6876
96.275,1,6.518,-0.696,-1.819,-0.0864,-0.7196,-0.0123,0.6889
96.302,1,6.518,-0.695,-1.819,-0.0870,-0.7189,-0.0124,0.6896
96.344,1,6.519,-0.695,-1.819,-0.0876,-0.7177,-0.0130,0.6907
96.372,1,6.519,-0.695,-1.819,-0.0879,-0.7171,-0.0139,0.6912
96.400,1,6.519,-0.695,-1.818,-0.0888,-0.7169,-0.0151,0.6913
96.442,1,6.520,-0.694,-1.818,-0.0912,-0.7165,-0.0169,0.6914
96.469,1,6.520,-0.694,-1.818,-0.0920,-0.7159,-0.0180,0.6919
96.511,1,6.520,-0.693,-1.818,-0.0932,-0.7150,-0.0191,0.6926
96.540,1,6.521,-0.693,-1.818,-0.0936,-0.7144,-0.0203,0.6931
96.567,1,6.521,-0.693,-1.817,-0.0941,-0.7136,-0.0210,0.6939
96.609,1,6.521,-0.693,-1.817,-0.0946,-0.7126,-0.0210,0.6949
96.638,1,6.521,-0.693,-1.817,-0.0943,-0.7120,-0.0206,0.6956
96.679,1,6.521,-0.693,-1.816,-0.0931,-0.7114,-0.0201,0.6963
96.707,1,6.522,-0.693,-1.816,-0.0924,-0.7111,-0.0195,0.6967
96.736,1,6.522,-0.693,-1.816,-0.0919,-0.7108,-0.0195,0.6971
96.777,1,6.522,-0.693,-1.816,-0.0921,-0.7109,-0.0204,0.6970
96.804,1,6.522,-0.693,-1.816,-0.0928,-0.7103,-0.0215,0.6974
96.833,1,6.522,-0.693,-1.815,-0.0935,-0.7092,-0.0227,0.6984
96.876,1,6.522,-0.692,-1.814,-0.0939,-0.7068,-0.0235,0.7008
96.903,1,6.523,-0.692,-1.814,-0.0944,-0.7047,-0.0247,0.7027
96.944,1,6.524,-0.691,-1.812,-0.0962,-0.7009,-0.0284,0.7062
96.973,1,6.525,-0.690,-1.811,-0.0980,-0.6977,-0.0301,0.7090
96.999,1,6.526,-0.690,-1.811,-0.0984,-0.6947,-0.0320,0.7118
97.042,1,6.527,-0.689,-1.809,-0.0992,-0.6890,-0.0377,0.7169
97.068,1,6.528,-0.688,-1.807,-0.1009,-0.6849,-0.0413,0.7204
97.111,1,6.531,-0.687,-1.805,-0.1025,-0.6775,-0.0462,0.7269
97.137,1,6.532,-0.687,-1.803,-0.1032,-0.6726,-0.0485,0.7312
97.178,1,6.535,-0.686,-1.800,-0.1019,-0.6655,-0.0513,0.7377
97.205,1,6.537,-0.686,-1.798,-0.1014,-0.6599,-0.0546,0.7425
97.234,1,6.539,-0.685,-1.795,-0.1030,-0.6548,-0.0597,0.7464
97.276,1,6.542,-0.684,-1.792,-0.1063,-0.6496,-0.0662,0.7499
97.303,1,6.544,-0.684,-1.791,-0.1073,-0.6474,-0.0675,0.7515
97.345,1,6.547,-0.683,-1.787,-0.1095,-0.6438,-0.0718,0.7539
97.373,1,6.549,-0.681,-1.785,-0.1135,-0.6405,-0.0789,0.7554
97.401,1,6.552,-0.680,-1.784,-0.1159,-0.6372,-0.0882,0.7568
97.443,1,6.555,-0.678,-1.781,-0.1222,-0.6305,-0.1028,0.7596
97.471,1,6.558,-0.675,-1.779,-0.1308,-0.6238,-0.1113,0.7625
97.512,1,6.563,-0.674,-1.777,-0.1390,-0.6138,-0.1232,0.7673
97.540,1,6.567,-0.672,-1.775,-0.1459,-0.6066,-0.1326,0.7701
97.568,1,6.571,-0.669,-1.773,-0.1578,-0.5965,-0.1453,0.7734
97.609,1,6.578,-0.664,-1.771,-0.1815,-0.5757,-0.1703,0.7789
97.636,1,6.584,-0.660,-1.770,-0.1976,-0.5623,-0.1868,0.7809
97.678,1,6.591,-0.657,-1.770,-0.2233,-0.5475,-0.2054,0.7798
97.705,1,6.592,-0.656,-1.771,-0.2307,-0.5495,-0.2049,0.7764
97.733,1,6.597,-0.654,-1.772,-0.2469,-0.5496,-0.2143,0.7689
97.775,1,6.598,-0.653,-1.774,-0.2492,-0.5606,-0.2220,0.7579
97.802,1,6.599,-0.652,-1.774,-0.2493,-0.5679,-0.2258,0.7512
97.845,1,6.599,-0.651,-1.775,-0.2488,-0.5776,-0.2294,0.7429
97.874,1,6.598,-0.651,-1.775,-0.2486,-0.5825,-0.2278,0.7396
97.901,1,6.598,-0.651,-1.775,-0.2493,-0.5869,-0.2249,0.7368
97.942,1,6.595,-0.650,-1.775,-0.2477,-0.5927,-0.2244,0.7328
97.971,1,6.592,-0.650,-1.774,-0.2469,-0.5958,-0.2233,0.7309
98.000,1,6.589,-0.650,-1.773,-0.2458,-0.5985,-0.2234,0.7290
98.041,1,6.584,-0.651,-1.771,-0.2392,-0.6026,-0.2199,0.7289
98.070,1,6.582,-0.651,-1.769,-0.2335,-0.6050,-0.2162,0.7299
98.111,1,6.578,-0.652,-1.766,-0.2253,-0.6065,-0.2154,0.7314
98.139,1,6.576,-0.653,-1.763,-0.2162,-0.6072,-0.2121,0.7345
98.166,1,6.575,-0.655,-1.761,-0.2069,-0.6071,-0.2086,0.7384
98.209,1,6.573,-0.656,-1.759,-0.1941,-0.6073,-0.2068,0.7422
98.237,1,6.573,-0.657,-1.758,-0.1841,-0.6086,-0.2075,0.7434
98.278,1,6.572,-0.659,-1.757,-0.1741,-0.6093,-0.2073,0.7453
98.307,1,6.572,-0.661,-1.756,-0.1674,-0.6083,-0.2073,0.7476
98.334,1,6.572,-0.659,-1.757,-0.1713,-0.6100,-0.2228,0.7409
98.376,1,6.574,-0.660,-1.759,-0.1728,-0.6125,-0.2282,0.7369
98.403,1,6.573,-0.662,-1.759,-0.1745,-0.6121,-0.2165,0.7402
98.446,1,6.574,-0.657,-1.756,-0.1790,-0.5994,-0.2206,0.7484
98.473,1,6.575,-0.654,-1.756,-0.1765,-0.5901,-0.2416,0.7498
98.501,1,6.576,-0.655,-1.755,-0.1807,-0.5840,-0.2552,0.7491
98.543,1,6.574,-0.651,-1.754,-0.1873,-0.5834,-0.2638,0.7450
98.571,1,6.574,-0.654,-1.754,-0.1903,-0.5837,-0.2625,0.7444
98.612,1,6.573,-0.654,-1.753,-0.1864,-0.5822,-0.2488,0.7513
98.641,1,6.571,-0.653,-1.752,-0.1897,-0.5791,-0.2442,0.7543
98.669,1,6.570,-0.653,-1.750,-0.1923,-0.5773,-0.2424,0.7556
98.710,1,6.570,-0.650,-1.748,-0.2025,-0.5743,-0.2387,0.7564
98.737,1,6.571,-0.647,-1.746,-0.2050,-0.5713,-0.2428,0.7568
98.778,1,6.570,-0.650,-1.743,-0.1949,-0.5634,-0.2437,0.7650
98.806,1,6.564,-0.652,-1.744,-0.1922,-0.5617,-0.2372,0.7690
98.833,1,6.565,-0.654,-1.745,-0.1926,-0.5648,-0.2286,0.7692
98.875,1,6.558,-0.657,-1.741,-0.1974,-0.5665,-0.2072,0.7728
98.903,1,6.556,-0.658,-1.739,-0.1970,-0.5624,-0.1948,0.7791
98.933,1,6.556,-0.653,-1.741,-0.2081,-0.5581,-0.1870,0.7812
98.975,1,6.553,-0.653,-1.737,-0.2319,-0.5467,-0.1949,0.7806
99.003,1,6.550,-0.652,-1.738,-0.2413,-0.5393,-0.1957,0.7827
99.045,1,6.549,-0.651,-1.737,-0.2579,-0.5270,-0.1900,0.7872
99.072,1,6.549,-0.650,-1.736,-0.2723,-0.5186,-0.1845,0.7893
99.100,1,6.548,-0.649,-1.736,-0.2838,-0.5103,-0.1821,0.7911
99.143,1,6.547,-0.648,-1.734,-0.2951,-0.5010,-0.1794,0.7936
99.171,1,6.546,-0.649,-1.732,-0.2964,-0.4972,-0.1754,0.7963
99.212,1,6.545,-0.649,-1.729,-0.2940,-0.4908,-0.1682,0.8027
99.240,1,6.544,-0.649,-1.726,-0.2942,-0.4852,-0.1636,0.8070
99.268,1,6.543,-0.649,-1.723,-0.2967,-0.4803,-0.1588,0.8099
99.309,1,6.543,-0.650,-1.718,-0.3016,-0.4734,-0.1535,0.8133
99.337,1,6.543,-0.649,-1.716,-0.3051,-0.4684,-0.1529,0.8150
99.379,1,6.543,-0.651,-1.713,-0.3057,-0.4638,-0.1494,0.8180
99.407,1,6.543,-0.651,-1.711,-0.3052,-0.4615,-0.1495,0.8195
99.435,1,6.543,-0.651,-1.709,-0.3038,-0.4592,-0.1514,0.8209
99.477,1,6.544,-0.652,-1.707,-0.3035,-0.4556,-0.1528,0.8228
99.505,1,6.544,-0.652,-1.706,-0.3058,-0.4527,-0.1533,0.8235
99.533,1,6.545,-0.652,-1.704,-0.3087,-0.4491,-0.1539,0.8242
99.576,1,6.545,-0.653,-1.703,-0.3082,-0.4447,-0.1565,0.8263
99.604,1,6.545,-0.653,-1.702,-0.3074,-0.4419,-0.1576,0.8279
99.645,1,6.546,-0.653,-1.700,-0.3062,-0.4384,-0.1557,0.8305
99.673,1,6.546,-0.654,-1.699,-0.3030,-0.4370,-0.1536,0.8329
99.703,1,6.546,-0.654,-1.699,-0.3010,-0.4354,-0.1522,0.8347
99.741,1,6.546,-0.655,-1.697,-0.2992,-0.4333,-0.1498,0.8368
99.771,1,6.546,-0.656,-1.697,-0.2973,-0.4325,-0.1485,0.8382
99.810,1,6.546,-0.656,-1.695,-0.2963,-0.4306,-0.1462,0.8398
99.839,1,6.546,-0.656,-1.695,-0.2945,-0.4299,-0.1451,0.8411
99.867,1,6.546,-0.657,-1.694,-0.2921,-0.4294,-0.1439,0.8424
99.909,1,6.546,-0.658,-1.692,-0.2879,-0.4288,-0.1426,0.8443
99.937,1,6.546,-0.658,-1.692,-0.2841,-0.4282,-0.1423,0.8460
99.979,1,6.546,-0.659,-1.690,-0.2813,-0.4267,-0.1420,0.8477
100.006,1,6.546,-0.659,-1.690,-0.2809,-0.4254,-0.1422,0.8485
100.034,1,6.546,-0.659,-1.689,-0.2793,-0.4242,-0.1423,0.8496
100.075,1,6.547,-0.659,-1.688,-0.2786,-0.4225,-0.1415,0.8508
100.103,1,6.547,-0.660,-1.688,-0.2790,-0.4214,-0.1414,0.8512
100.141,1,6.547,-0.660,-1.687,-0.2779,-0.4201,-0.1405,0.8524
100.167,1,6.548,-0.660,-1.687,-0.2780,-0.4192,-0.1402,0.8529
100.212,1,6.549,-0.660,-1.687,-0.2782,-0.4180,-0.1404,0.8533
100.237,1,6.549,-0.660,-1.687,-0.2785,-0.4172,-0.1406,0.8536
100.267,1,6.550,-0.660,-1.687,-0.2799,-0.4164,-0.1417,0.8533
100.310,1,6.550,-0.660,-1.687,-0.2806,-0.4154,-0.1424,0.8534
100.337,1,6.551,-0.660,-1.687,-0.2811,-0.4150,-0.1426,0.8535
100.380,1,6.551,-0.660,-1.688,-0.2811,-0.4145,-0.1427,0.8537
100.407,1,6.552,-0.660,-1.688,-0.2812,-0.4143,-0.1423,0.8539
100.445,1,6.552,-0.660,-1.688,-0.2813,-0.4140,-0.1423,0.8540
100.478,1,6.552,-0.659,-1.688,-0.2817,-0.4132,-0.1428,0.8541
100.505,1,6.553,-0.659,-1.688,-0.2825,-0.4128,-0.1429,0.8541
100.554,1,6.553,-0.659,-1.688,-0.2836,-0.4118,-0.1440,0.8540
100.574,1,6.553,-0.659,-1.688,-0.2836,-0.4109,-0.1441,0.8544
100.606,1,6.553,-0.659,-1.687,-0.2832,-0.4102,-0.1441,0.8549
100.646,1,6.553,-0.660,-1.687,-0.2825,-0.4095,-0.1443,0.8554
100.674,1,6.553,-0.660,-1.687,-0.2816,-0.4093,-0.1442,0.8558
100.700,1,6.553,-0.660,-1.687,-0.2810,-0.4093,-0.1435,0.8561
100.742,1,6.552,-0.660,-1.687,-0.2804,-0.4091,-0.1427,0.8565
100.769,1,6.552,-0.660,-1.687,-0.2793,-0.4094,-0.1421,0.8569
100.813,1,6.552,-0.660,-1.687,-0.2791,-0.4094,-0.1410,0.8571
100.840,1,6.552,-0.660,-1.686,-0.2784,-0.4095,-0.1409,0.8573
100.866,1,6.552,-0.661,-1.686,-0.2775,-0.4095,-0.1411,0.8575
100.909,1,6.552,-0.661,-1.686,-0.2769,-0.4092,-0.1412,0.8579
100.935,1,6.552,-0.661,-1.685,-0.2767,-0.4089,-0.1413,0.8581
100.970,1,6.552,-0.661,-1.685,-0.2759,-0.4083,-0.1408,0.8587
101.005,1,6.551,-0.661,-1.684,-0.2756,-0.4077,-0.1397,0.8592
101.034,1,6.551,-0.661,-1.684,-0.2750,-0.4074,-0.1397,0.8596
101.076,1,6.551,-0.662,-1.683,-0.2735,-0.4075,-0.1385,0.8602
101.102,1,6.551,-0.662,-1.683,-0.2733,-0.4072,-0.1384,0.8605
101.145,1,6.551,-0.662,-1.682,-0.2722,-0.4067,-0.1380,0.8611
101.174,1,6.551,-0.662,-1.682,-0.2713,-0.4065,-0.1383,0.8614
101.201,1,6.550,-0.662,-1.682,-0.2713,-0.4060,-0.1389,0.8616
101.245,1,6.550,-0.662,-1.681,-0.2704,-0.4055,-0.1380,0.8622
101.271,1,6.550,-0.663,-1.681,-0.2693,-0.4055,-0.1372,0.8627
101.299,1,6.550,-0.663,-1.681,-0.2684,-0.4057,-0.1360,0.8631
101.343,1,6.549,-0.663,-1.680,-0.2670,-0.4057,-0.1352,0.8636
101.369,1,6.549,-0.663,-1.680,-0.2661,-0.4055,-0.1350,0.8640
101.410,1,6.549,-0.663,-1.679,-0.2656,-0.4054,-0.1343,0.8643
101.439,1,6.549,-0.663,-1.679,-0.2652,-0.4051,-0.1344,0.8646
101.467,1,6.549,-0.663,-1.679,-0.2650,-0.4048,-0.1339,0.8648
101.509,1,6.548,-0.664,-1.678,-0.2644,-0.4046,-0.1337,0.8652
101.536,1,6.548,-0.664,-1.678,-0.2638,-0.4048,-0.1331,0.8654
101.579,1,6.548,-0.664,-1.678,-0.2628,-0.4046,-0.1327,0.8658
101.606,1,6.548,-0.664,-1.677,-0.2630,-0.4041,-0.1325,0.8660
101.633,1,6.548,-0.664,-1.677,-0.2630,-0.4035,-0.1321,0.8664
101.676,1,6.548,-0.664,-1.677,-0.2626,-0.4027,-0.1313,0.8669
101.703,1,6.548,-0.664,-1.677,-0.2622,-0.4022,-0.1307,0.8674
101.744,1,6.548,-0.664,-1.677,-0.2626,-0.4009,-0.1303,0.8679
101.775,1,6.548,-0.664,-1.677,-0.2624,-0.4005,-0.1300,0.8682
101.802,1,6.548,-0.664,-1.676,-0.2627,-0.4001,-0.1296,0.8684
101.843,1,6.548,-0.664,-1.676,-0.2631,-0.3992,-0.1295,0.8687
101.872,1,6.549,-0.665,-1.676,-0.2632,-0.3989,-0.1292,0.8689
101.912,1,6.549,-0.664,-1.676,-0.2635,-0.3984,-0.1293,0.8690
101.941,1,6.549,-0.664,-1.676,-0.2633,-0.3984,-0.1289,0.8691
101.969,1,6.549,-0.665,-1.677,-0.2629,-0.3987,-0.1288,0.8691
102.010,1,6.548,-0.665,-1.677,-0.2631,-0.3993,-0.1290,0.8687
102.038,1,6.548,-0.665,-1.677,-0.2629,-0.3995,-0.1290,0.8687
102.066,1,6.548,-0.665,-1.677,-0.2628,-0.3996,-0.1290,0.8687
102.108,1,6.548,-0.665,-1.677,-0.2636,-0.3993,-0.1283,0.8687
102.135,1,6.548,-0.664,-1.676,-0.2645,-0.3988,-0.1289,0.8686
102.178,1,6.548,-0.665,-1.676,-0.2638,-0.3987,-0.1286,0.8688
102.206,1,6.549,-0.665,-1.676,-0.2635,-0.3987,-0.1286,0.8689
102.233,1,6.549,-0.665,-1.676,-0.2630,-0.3987,-0.1288,0.8691
102.276,1,6.549,-0.665,-1.676,-0.2622,-0.3991,-0.1284,0.8692
102.302,1,6.549,-0.665,-1.676,-0.2625,-0.3989,-0.1288,0.8691
102.344,1,6.549,-0.665,-1.675,-0.2626,-0.3980,-0.1287,0.8695
102.373,1,6.549,-0.665,-1.675,-0.2630,-0.3973,-0.1285,0.8697
102.402,1,6.550,-0.665,-1.675,-0.2640,-0.3968,-0.1283,0.8697
102.441,1,6.550,-0.665,-1.675,-0.2647,-0.3961,-0.1286,0.8697
102.469,1,6.550,-0.665,-1.675,-0.2654,-0.3958,-0.1283,0.8697
102.513,1,6.550,-0.665,-1.674,-0.2659,-0.3960,-0.1283,0.8695
102.540,1,6.549,-0.665,-1.674,-0.2651,-0.3966,-0.1281,0.8695
102.568,1,6.549,-0.665,-1.674,-0.2631,-0.3978,-0.1286,0.8695
102.610,1,6.549,-0.665,-1.673,-0.2626,-0.3987,-0.1285,0.8692
102.641,1,6.549,-0.665,-1.673,-0.2613,-0.3989,-0.1276,0.8697
102.668,1,6.549,-0.666,-1.673,-0.2603,-0.3987,-0.1273,0.8701
102.707,1,6.549,-0.666,-1.672,-0.2605,-0.3969,-0.1262,0.8710
102.735,1,6.549,-0.666,-1.672,-0.2606,-0.3951,-0.1256,0.8719
102.777,1,6.549,-0.666,-1.671,-0.2606,-0.3941,-0.1240,0.8726
102.804,1,6.549,-0.666,-1.671,-0.2601,-0.3944,-0.1236,0.8727
102.845,1,6.548,-0.666,-1.671,-0.2593,-0.3949,-0.1227,0.8728
102.875,1,6.548,-0.667,-1.671,-0.2589,-0.3953,-0.1225,0.8727
102.903,1,6.548,-0.667,-1.671,-0.2583,-0.3961,-0.1218,0.8727
102.945,1,6.547,-0.667,-1.672,-0.2572,-0.3971,-0.1207,0.8727
102.972,1,6.547,-0.667,-1.672,-0.2574,-0.3975,-0.1198,0.8726
103.000,1,6.547,-0.667,-1.672,-0.2578,-0.3980,-0.1189,0.8724
103.043,1,6.547,-0.667,-1.673,-0.2598,-0.3979,-0.1191,0.8718
103.068,1,6.547,-0.666,-1.673,-0.2626,-0.3972,-0.1197,0.8712
103.113,1,6.548,-0.665,-1.674,-0.2669,-0.3953,-0.1213,0.8705
103.153,1,6.548,-0.665,-1.674,-0.2708,-0.3939,-0.1201,0.8701
103.167,1,6.548,-0.664,-1.675,-0.2746,-0.3928,-0.1196,0.8695
103.207,1,6.549,-0.663,-1.677,-0.2829,-0.3910,-0.1186,0.8678
103.236,1,6.549,-0.663,-1.678,-0.2884,-0.3904,-0.1188,0.8662
103.279,1,6.550,-0.662,-1.679,-0.2920,-0.3923,-0.1202,0.8639
103.306,1,6.550,-0.662,-1.680,-0.2947,-0.3935,-0.1215,0.8623
103.348,1,6.551,-0.661,-1.681,-0.2970,-0.3952,-0.1226,0.8605
103.377,1,6.551,-0.661,-1.682,-0.2977,-0.3964,-0.1231,0.8597
103.402,1,6.551,-0.661,-1.683,-0.2991,-0.3968,-0.1233,0.8590
103.444,1,6.552,-0.661,-1.684,-0.3025,-0.3968,-0.1225,0.8579
103.472,1,6.552,-0.661,-1.684,-0.3038,-0.3966,-0.1224,0.8576
103.499,1,6.552,-0.661,-1.684,-0.3045,-0.3968,-0.1223,0.8573
103.543,1,6.553,-0.661,-1.685,-0.3055,-0.3969,-0.1231,0.8567
103.569,1,6.553,-0.661,-1.685,-0.3053,-0.3969,-0.1235,0.8567
103.611,1,6.553,-0.661,-1.684,-0.3054,-0.3966,-0.1230,0.8569
103.639,1,6.552,-0.661,-1.684,-0.3052,-0.3964,-0.1228,0.8571
103.667,1,6.552,-0.661,-1.684,-0.3052,-0.3961,-0.1229,0.8572
103.707,1,6.552,-0.661,-1.684,-0.3049,-0.3963,-0.1232,0.8572
103.738,1,6.552,-0.661,-1.684,-0.3044,-0.3965,-0.1233,0.8573
103.766,1,6.552,-0.661,-1.683,-0.3035,-0.3967,-0.1228,0.8576
103.807,1,6.552,-0.661,-1.683,-0.3021,-0.3970,-0.1222,0.8580
103.834,1,6.551,-0.662,-1.683,-0.3010,-0.3970,-0.1217,0.8585
103.875,1,6.551,-0.662,-1.682,-0.2997,-0.3971,-0.1211,0.8590
103.904,1,6.551,-0.662,-1.682,-0.2994,-0.3971,-0.1207,0.8591
103.947,1,6.551,-0.662,-1.682,-0.2977,-0.3967,-0.1204,0.8599
103.979,1,6.551,-0.662,-1.682,-0.2971,-0.3966,-0.1197,0.8603
104.002,1,6.551,-0.662,-1.682,-0.2970,-0.3965,-0.1193,0.8605
104.043,1,6.551,-0.663,-1.681,-0.2954,-0.3961,-0.1180,0.8613
104.069,1,6.550,-0.663,-1.681,-0.2949,-0.3958,-0.1181,0.8616
104.101,1,6.550,-0.663,-1.681,-0.2942,-0.3957,-0.1174,0.8621
104.135,1,6.550,-0.663,-1.681,-0.2939,-0.3956,-0.1171,0.8622
104.168,1,6.550,-0.663,-1.680,-0.2936,-0.3957,-0.1173,0.8622
104.262,1,6.550,-0.663,-1.680,-0.2927,-0.3960,-0.1174,0.8624
104.262,1,6.550,-0.663,-1.680,-0.2927,-0.3960,-0.1174,0.8624
