t,cond,hitObj,x,y,z
5.929,0,Collider,6.49,-1.24,-1.80
5.929,0,Collider,6.49,-1.24,-1.80
5.929,0,Collider,6.49,-1.24,-1.80
5.929,0,Collider,6.49,-1.24,-1.80
5.929,0,Collider,6.49,-1.24,-1.80
5.929,0,Collider,6.49,-1.24,-1.80
5.929,0,Collider,6.49,-1.24,-1.80
5.929,0,Collider,6.49,-1.24,-1.80
5.929,0,Collider,6.49,-1.24,-1.80
5.929,0,Collider,6.49,-1.24,-1.80
5.929,0,Collider,6.49,-1.24,-1.80
5.929,0,Collider,6.49,-1.24,-1.80
5.929,0,Collider,6.49,-1.24,-1.80
5.929,0,Collider,6.49,-1.24,-1.80
5.929,0,Collider,6.49,-1.24,-1.80
5.929,0,Collider,6.49,-1.24,-1.80
5.929,0,Collider,6.49,-1.24,-1.80
5.929,0,Collider,6.49,-1.24,-1.80
5.929,0,Collider,6.49,-1.24,-1.80
5.929,0,Collider,6.49,-1.24,-1.80
5.929,0,Collider,6.49,-1.24,-1.80
5.929,0,Collider,6.49,-1.24,-1.80
5.929,0,Collider,6.49,-1.24,-1.80
5.929,0,Collider,6.49,-1.24,-1.80
5.929,0,Collider,6.49,-1.24,-1.80
5.929,0,Collider,6.49,-1.24,-1.80
5.929,0,Collider,6.49,-1.24,-1.80
5.929,0,Collider,6.49,-1.24,-1.80
5.929,0,Collider,6.49,-1.24,-1.80
5.929,0,Collider,6.49,-1.24,-1.80
5.929,0,Collider,6.49,-1.24,-1.80
5.929,0,Collider,6.49,-1.24,-1.80
5.929,0,Collider,6.49,-1.24,-1.80
5.929,0,Collider,6.49,-1.24,-1.80
5.929,0,Collider,6.49,-1.24,-1.80
5.929,0,Collider,6.49,-1.24,-1.80
5.929,0,Collider,6.49,-1.24,-1.80
5.929,0,Collider,6.49,-1.24,-1.80
5.929,0,Collider,6.49,-1.24,-1.80
5.929,0,Collider,6.49,-1.24,-1.80
5.929,0,Collider,6.49,-1.24,-1.80
5.929,0,Collider,6.49,-1.24,-1.80
5.929,0,Collider,6.49,-1.24,-1.80
5.929,0,Collider,6.49,-1.24,-1.80
5.929,0,Collider,6.49,-1.24,-1.80
5.929,0,Collider,6.49,-1.24,-1.80
5.929,0,Collider,6.49,-1.24,-1.80
5.929,0,Collider,6.49,-1.24,-1.80
5.929,0,Collider,6.49,-1.24,-1.80
5.929,0,Collider,6.49,-1.24,-1.80
5.929,0,Collider,6.49,-1.24,-1.80
5.929,0,Collider,6.49,-1.24,-1.80
5.929,0,Collider,6.49,-1.24,-1.80
5.929,0,Collider,6.49,-1.24,-1.80
5.929,0,Collider,6.49,-1.24,-1.80
5.929,0,Collider,6.49,-1.24,-1.80
5.929,0,Collider,6.49,-1.24,-1.80
5.929,0,Collider,6.49,-1.24,-1.80
5.929,0,Collider,6.49,-1.24,-1.80
5.929,0,Collider,6.49,-1.24,-1.80
5.929,0,Collider,6.49,-1.24,-1.80
5.929,0,Collider,6.49,-1.24,-1.80
5.929,0,Collider,6.49,-1.24,-1.80
5.929,0,Collider,6.49,-1.24,-1.80
5.929,0,Collider,6.49,-1.24,-1.80
5.929,0,Collider,6.49,-1.24,-1.80
5.929,0,Collider,6.49,-1.24,-1.80
5.929,0,Collider,6.49,-1.24,-1.80
5.929,0,Collider,6.49,-1.24,-1.80
5.929,0,Collider,6.49,-1.24,-1.80
5.929,0,Collider,6.49,-1.24,-1.80
5.929,0,Collider,6.49,-1.24,-1.80
5.929,0,Collider,6.49,-1.24,-1.80
5.929,0,Collider,6.49,-1.24,-1.80
5.929,0,Collider,6.49,-1.24,-1.80
5.929,0,Collider,6.49,-1.24,-1.80
5.929,0,Collider,6.49,-1.24,-1.80
5.929,0,Collider,6.49,-1.24,-1.80
5.929,0,Collider,6.49,-1.24,-1.80
5.929,0,Collider,6.49,-1.24,-1.80
5.929,0,Collider,6.49,-1.24,-1.80
5.929,0,Collider,6.49,-1.24,-1.80
5.929,0,Collider,6.49,-1.24,-1.80
5.929,0,Collider,6.49,-1.24,-1.80
5.929,0,Collider,6.49,-1.24,-1.80
5.929,0,Collider,6.49,-1.24,-1.80
5.929,0,Collider,6.49,-1.24,-1.80
5.929,0,Collider,6.49,-1.24,-1.80
5.929,0,Collider,6.49,-1.24,-1.80
5.929,0,Collider,6.49,-1.24,-1.80
5.929,0,Collider,6.49,-1.24,-1.80
5.929,0,Collider,6.49,-1.24,-1.80
5.929,0,Collider,6.49,-1.24,-1.80
5.929,0,Collider,6.49,-1.24,-1.80
5.929,0,Collider,6.49,-1.24,-1.80
5.929,0,Collider,6.49,-1.24,-1.80
5.929,0,Collider,6.49,-1.24,-1.80
5.929,0,Collider,6.49,-1.24,-1.80
5.929,0,Collider,6.49,-1.24,-1.80
5.929,0,Collider,6.49,-1.24,-1.80
5.929,0,Collider,6.49,-1.24,-1.80
5.929,0,Collider,6.49,-1.24,-1.80
5.929,0,Collider,6.49,-1.24,-1.80
5.929,0,Collider,6.49,-1.24,-1.80
5.929,0,Collider,6.49,-1.24,-1.80
5.929,0,Collider,6.49,-1.24,-1.80
5.929,0,Collider,6.49,-1.24,-1.80
5.929,0,Collider,6.49,-1.24,-1.80
5.929,0,Collider,6.49,-1.24,-1.80
5.929,0,Collider,6.49,-1.24,-1.80
5.929,0,Collider,6.49,-1.24,-1.80
5.929,0,Collider,6.49,-1.24,-1.80
5.929,0,Collider,6.49,-1.24,-1.80
5.929,0,Collider,6.49,-1.24,-1.80
5.929,0,Collider,6.49,-1.24,-1.80
5.929,0,Collider,6.49,-1.24,-1.80
5.929,0,Collider,6.49,-1.24,-1.80
5.929,0,Collider,6.49,-1.24,-1.80
5.929,0,Collider,6.49,-1.24,-1.80
5.929,0,Collider,6.49,-1.24,-1.80
5.929,0,Collider,6.49,-1.24,-1.80
5.929,0,Collider,6.49,-1.24,-1.80
5.929,0,Collider,6.49,-1.24,-1.80
5.929,0,Collider,6.49,-1.24,-1.80
5.929,0,Collider,6.49,-1.24,-1.80
5.929,0,Collider,6.49,-1.24,-1.80
5.929,0,Collider,6.49,-1.24,-1.80
5.929,0,Collider,6.49,-1.24,-1.80
5.929,0,Collider,6.49,-1.24,-1.80
5.929,0,Collider,6.49,-1.24,-1.80
5.929,0,Collider,6.49,-1.24,-1.80
5.929,0,Collider,6.49,-1.24,-1.80
5.929,0,Collider,6.49,-1.24,-1.80
5.929,0,Collider,6.49,-1.24,-1.80
5.929,0,Collider,6.49,-1.24,-1.80
5.929,0,Collider,6.49,-1.24,-1.80
5.929,0,Collider,6.49,-1.24,-1.80
5.929,0,Collider,6.49,-1.24,-1.80
5.929,0,Collider,6.49,-1.24,-1.80
5.929,0,Collider,6.49,-1.24,-1.80
5.929,0,Collider,6.49,-1.24,-1.80
5.929,0,Collider,6.49,-1.24,-1.80
5.929,0,Collider,6.49,-1.24,-1.80
5.929,0,Collider,6.49,-1.24,-1.80
5.929,0,Collider,6.49,-1.24,-1.80
5.929,0,Collider,6.49,-1.24,-1.80
5.929,0,Collider,6.49,-1.24,-1.80
5.929,0,Collider,6.49,-1.24,-1.80
5.929,0,Collider,6.49,-1.24,-1.80
5.929,0,Collider,6.49,-1.24,-1.80
5.929,0,Collider,6.49,-1.24,-1.80
5.929,0,Collider,6.49,-1.24,-1.80
5.929,0,Collider,6.49,-1.24,-1.80
5.929,0,Collider,6.49,-1.24,-1.80
5.929,0,Collider,6.49,-1.24,-1.80
5.929,0,Collider,6.49,-1.24,-1.80
5.929,0,Collider,6.49,-1.24,-1.80
5.929,0,Collider,6.49,-1.24,-1.80
5.929,0,Collider,6.49,-1.24,-1.80
5.929,0,Collider,6.49,-1.24,-1.80
5.929,0,Collider,6.49,-1.24,-1.80
5.929,0,Collider,6.49,-1.24,-1.80
5.929,0,Collider,6.49,-1.24,-1.80
5.929,0,Collider,6.49,-1.24,-1.80
5.929,0,Collider,6.49,-1.24,-1.80
5.929,0,Collider,6.49,-1.24,-1.80
5.929,0,Collider,6.49,-1.24,-1.80
5.929,0,Collider,6.49,-1.24,-1.80
5.929,0,Collider,6.49,-1.24,-1.80
5.929,0,Collider,6.49,-1.24,-1.80
5.929,0,Collider,6.49,-1.24,-1.80
5.929,0,Collider,6.49,-1.24,-1.80
5.929,0,Collider,6.49,-1.24,-1.80
5.929,0,Collider,6.49,-1.24,-1.80
5.929,0,Collider,6.49,-1.24,-1.80
5.929,0,Collider,6.49,-1.24,-1.80
5.929,0,Collider,6.49,-1.24,-1.80
5.929,0,Collider,6.49,-1.24,-1.80
5.951,0,Collider,6.49,-1.28,-1.80
5.979,0,Collider,6.49,-1.37,-1.80
6.007,0,Collider,6.49,-1.43,-1.80
6.034,0,Middle,6.47,-1.55,-1.80
6.077,0,Middle,6.47,-1.68,-1.80
6.106,0,Middle1,6.47,-1.72,-1.80
6.146,0,Collider,6.49,-1.66,-1.80
6.174,0,Collider,6.49,-1.63,-1.80
6.203,0,Collider,6.49,-1.65,-1.80
6.243,0,Collider,6.49,-1.65,-1.80
6.271,0,Collider,6.49,-1.65,-1.80
6.313,0,Collider,6.49,-1.65,-1.80
6.341,0,Collider,6.49,-1.65,-1.80
6.369,0,Collider,6.49,-1.65,-1.80
6.411,0,Collider,6.49,-1.65,-1.80
6.438,0,Collider,6.49,-1.65,-1.80
6.481,0,Collider,6.49,-1.65,-1.80
6.516,0,Collider,6.49,-1.65,-1.80
6.581,0,Wall_3mx20cm_Conference_Door,1.41,-0.18,-1.32
6.581,0,Wall_3mx20cm_Conference_Door,1.41,-0.18,-1.32
6.601,0,Wall_3mx20cm_Conference_Door,1.41,-0.29,-1.31
6.643,0,Wall_3mx20cm_Conference_Door,1.41,-0.34,-1.31
6.673,0,Wall_3mx20cm_Conference_Door,1.41,-0.37,-1.32
6.701,0,Wall_3mx20cm_Conference_Door,1.41,-0.38,-1.33
6.744,0,Wall_3mx20cm_Conference_Door,1.41,-0.35,-1.34
6.773,0,Wall_3mx20cm_Conference_Door,1.41,-0.32,-1.34
6.814,0,Wall_3mx20cm_Conference_Door,1.41,-0.32,-1.33
6.842,0,Wall_3mx20cm_Conference_Door,1.41,-0.35,-1.33
6.868,0,Wall_3mx20cm_Conference_Door,1.41,-0.38,-1.34
6.912,0,Wall_3mx20cm_Conference_Door,1.41,-0.39,-1.35
6.939,0,Wall_3mx20cm_Conference_Door,1.41,-0.38,-1.35
6.968,0,Wall_3mx20cm_Conference_Door,1.41,-0.35,-1.34
7.012,0,Wall_3mx20cm_Conference_Door,1.41,-0.35,-1.33
7.040,0,Wall_3mx20cm_Conference_Door,1.41,-0.36,-1.33
7.067,0,Wall_3mx20cm_Conference_Door,1.41,-0.38,-1.33
7.124,0,Wall_3mx20cm_Conference_Door,1.41,-0.39,-1.34
7.150,0,Wall_3mx20cm_Conference_Door,1.41,-0.37,-1.34
7.179,0,Wall_3mx20cm_Conference_Door,1.41,-0.33,-1.35
7.205,0,Wall_3mx20cm_Conference_Door,1.41,-0.31,-1.36
7.234,0,Wall_3mx20cm_Conference_Door,1.41,-0.31,-1.38
7.290,0,Wall_3mx20cm_Conference_Door,1.41,-0.36,-1.41
7.318,0,Wall_3mx20cm_Conference_Door,1.41,-0.38,-1.42
7.346,0,Wall_3mx20cm_Conference_Door,1.41,-0.37,-1.43
7.374,0,Wall_3mx20cm_Conference_Door,1.41,-0.34,-1.44
7.402,0,Wall_3mx20cm_Conference_Door,1.41,-0.31,-1.44
7.456,0,Wall_3mx20cm_Conference_Door,1.41,-0.33,-1.45
7.471,0,Wall_3mx20cm_Conference_Door,1.41,-0.35,-1.46
7.513,0,Wall_3mx20cm_Conference_Door,1.41,-0.39,-1.47
7.541,0,Wall_3mx20cm_Conference_Door,1.41,-0.38,-1.47
7.568,0,Wall_3mx20cm_Conference_Door,1.41,-0.34,-1.48
7.609,0,Wall_3mx20cm_Conference_Door,1.41,-0.29,-1.48
7.637,0,Wall_3mx20cm_Conference_Door,1.41,-0.30,-1.48
7.679,0,Wall_3mx20cm_Conference_Door,1.41,-0.35,-1.49
7.706,0,Wall_3mx20cm_Conference_Door,1.41,-0.38,-1.50
7.735,0,Wall_3mx20cm_Conference_Door,1.41,-0.38,-1.51
7.777,0,Wall_3mx20cm_Conference_Door,1.41,-0.33,-1.51
7.804,0,Wall_3mx20cm_Conference_Door,1.41,-0.30,-1.51
7.845,0,Wall_3mx20cm_Conference_Door,1.41,-0.30,-1.51
7.873,0,Wall_3mx20cm_Conference_Door,1.41,-0.34,-1.52
7.901,0,Wall_3mx20cm_Conference_Door,1.41,-0.37,-1.55
7.943,0,Wall_3mx20cm_Conference_Door,1.41,-0.39,-1.56
7.970,0,Wall_3mx20cm_Conference_Door,1.41,-0.36,-1.57
8.011,0,Wall_3mx20cm_Conference_Door,1.41,-0.28,-1.56
8.039,0,Wall_3mx20cm_Conference_Door,1.41,-0.27,-1.55
8.080,0,Wall_3mx20cm_Conference_Door,1.41,-0.31,-1.56
8.109,0,Wall_3mx20cm_Conference_Door,1.41,-0.36,-1.57
8.137,0,Wall_3mx20cm_Conference_Door,1.41,-0.38,-1.57
8.178,0,Wall_3mx20cm_Conference_Door,1.41,-0.35,-1.56
8.205,0,Wall_3mx20cm_Conference_Door,1.41,-0.30,-1.55
8.234,0,Wall_3mx20cm_Conference_Door,1.41,-0.29,-1.53
8.276,0,Wall_3mx20cm_Conference_Door,1.41,-0.32,-1.52
8.304,0,Wall_3mx20cm_Conference_Door,1.41,-0.35,-1.52
8.346,0,Wall_3mx20cm_Conference_Door,1.41,-0.37,-1.52
8.375,0,Wall_3mx20cm_Conference_Door,1.41,-0.35,-1.51
8.403,0,Wall_3mx20cm_Conference_Door,1.41,-0.30,-1.49
8.445,0,Wall_3mx20cm_Conference_Door,1.41,-0.24,-1.48
8.472,0,Wall_3mx20cm_Conference_Door,1.41,-0.25,-1.48
8.513,0,Wall_3mx20cm_Conference_Door,1.41,-0.29,-1.48
8.541,0,Wall_3mx20cm_Conference_Door,1.41,-0.32,-1.49
8.570,0,Wall_3mx20cm_Conference_Door,1.41,-0.33,-1.49
8.611,0,Wall_3mx20cm_Conference_Door,1.41,-0.28,-1.47
8.639,0,Wall_3mx20cm_Conference_Door,1.41,-0.24,-1.46
8.681,0,Wall_3mx20cm_Conference_Door,1.41,-0.24,-1.45
8.709,0,Wall_3mx20cm_Conference_Door,1.41,-0.26,-1.46
8.737,0,Wall_3mx20cm_Conference_Door,1.41,-0.29,-1.46
8.778,0,Wall_3mx20cm_Conference_Door,1.41,-0.32,-1.47
8.807,0,Wall_3mx20cm_Conference_Door,1.41,-0.30,-1.46
8.834,0,Wall_3mx20cm_Conference_Door,1.41,-0.27,-1.45
8.877,0,Wall_3mx20cm_Conference_Door,1.41,-0.25,-1.44
8.904,0,Wall_3mx20cm_Conference_Door,1.41,-0.28,-1.43
8.945,0,Wall_3mx20cm_Conference_Door,1.41,-0.33,-1.44
8.974,0,Wall_3mx20cm_Conference_Door,1.41,-0.36,-1.44
9.002,0,Wall_3mx20cm_Conference_Door,1.41,-0.36,-1.44
9.042,0,Wall_3mx20cm_Conference_Door,1.41,-0.32,-1.43
9.070,0,Wall_3mx20cm_Conference_Door,1.41,-0.31,-1.42
9.112,0,Wall_3mx20cm_Conference_Door,1.41,-0.34,-1.42
9.140,0,Wall_3mx20cm_Conference_Door,1.41,-0.38,-1.43
9.169,0,Wall_3mx20cm_Conference_Door,1.41,-0.40,-1.43
9.209,0,Wall_3mx20cm_Conference_Door,1.41,-0.41,-1.43
9.237,0,Wall_3mx20cm_Conference_Door,1.41,-0.38,-1.43
9.278,0,Wall_3mx20cm_Conference_Door,1.41,-0.36,-1.43
9.305,0,Wall_3mx20cm_Conference_Door,1.41,-0.40,-1.43
9.334,0,Wall_3mx20cm_Conference_Door,1.41,-0.48,-1.44
9.376,0,Wall_3mx20cm_Conference_Door,1.41,-0.60,-1.46
9.403,0,Wall_3mx20cm_Conference_Door,1.41,-0.66,-1.47
9.445,0,Wall_3mx20cm_Conference_Door,1.41,-0.69,-1.47
9.477,0,Wall_3mx20cm_Conference_Door,1.41,-0.69,-1.45
9.500,0,Wall_3mx20cm_Conference_Door,1.41,-0.73,-1.44
9.543,0,Wall_3mx20cm_Conference_Door,1.41,-0.90,-1.42
9.571,0,Wall_3mx20cm_Conference_Door,1.41,-1.02,-1.42
9.600,0,Auto Hand Player,6.66,-0.68,-1.84
9.641,0,Auto Hand Player,6.66,-0.68,-1.84
9.669,0,Auto Hand Player,6.66,-0.68,-1.84
9.710,0,Auto Hand Player,6.66,-0.68,-1.84
9.739,0,Auto Hand Player,6.66,-0.68,-1.84
9.780,0,Wall_3mx20cm_Conference_Door,1.41,-1.12,-1.54
9.807,0,Wall_3mx20cm_Conference_Door,1.41,-1.12,-1.55
9.836,0,Wall_3mx20cm_Conference_Door,1.41,-1.14,-1.54
9.878,0,Wall_3mx20cm_Conference_Door,1.41,-1.17,-1.53
9.906,0,Wall_3mx20cm_Conference_Door,1.41,-1.21,-1.53
9.934,0,Auto Hand Player,6.66,-0.69,-1.84
9.975,0,Auto Hand Player,6.66,-0.69,-1.84
10.003,0,Auto Hand Player,6.66,-0.69,-1.84
10.046,0,Auto Hand Player,6.66,-0.69,-1.84
10.073,0,Auto Hand Player,6.66,-0.69,-1.84
10.100,0,Auto Hand Player,6.66,-0.69,-1.84
10.143,0,Auto Hand Player,6.66,-0.69,-1.84
10.170,0,Wall_3mx20cm_Conference_Door,1.41,-1.29,-1.56
10.214,0,Auto Hand Player,6.66,-0.69,-1.84
10.241,0,Auto Hand Player,6.66,-0.69,-1.84
10.269,0,Auto Hand Player,6.66,-0.69,-1.84
10.311,0,Auto Hand Player,6.66,-0.69,-1.84
10.339,0,Auto Hand Player,6.66,-0.69,-1.84
10.368,0,Auto Hand Player,6.66,-0.69,-1.84
10.410,0,Auto Hand Player,6.66,-0.69,-1.84
10.438,0,Auto Hand Player,6.66,-0.69,-1.85
10.479,0,Auto Hand Player,6.66,-0.69,-1.85
10.507,0,Auto Hand Player,6.66,-0.69,-1.84
10.534,0,Auto Hand Player,6.66,-0.69,-1.84
10.576,0,Auto Hand Player,6.66,-0.69,-1.84
10.603,0,Auto Hand Player,6.66,-0.69,-1.84
10.643,0,Auto Hand Player,6.66,-0.69,-1.84
10.671,0,Auto Hand Player,6.66,-0.69,-1.84
10.713,0,Auto Hand Player,6.65,-0.69,-1.84
10.741,0,Auto Hand Player,6.65,-0.69,-1.84
10.768,0,Auto Hand Player,6.65,-0.69,-1.84
10.808,0,Auto Hand Player,6.66,-0.69,-1.84
10.836,0,Auto Hand Player,6.66,-0.69,-1.84
10.878,0,Auto Hand Player,6.66,-0.69,-1.84
10.906,0,Auto Hand Player,6.66,-0.69,-1.84
10.935,0,Auto Hand Player,6.66,-0.69,-1.84
10.977,0,Auto Hand Player,6.66,-0.69,-1.84
11.004,0,Auto Hand Player,6.66,-0.69,-1.84
11.046,0,Auto Hand Player,6.66,-0.69,-1.84
11.073,0,Auto Hand Player,6.66,-0.69,-1.84
11.102,0,Auto Hand Player,6.66,-0.68,-1.84
11.144,0,Auto Hand Player,6.66,-0.68,-1.84
11.172,0,Auto Hand Player,6.66,-0.68,-1.84
11.200,0,Auto Hand Player,6.66,-0.68,-1.84
11.242,0,Auto Hand Player,6.66,-0.68,-1.84
11.270,0,Auto Hand Player,6.67,-0.68,-1.84
11.311,0,Auto Hand Player,6.67,-0.68,-1.85
11.339,0,Auto Hand Player,6.66,-0.68,-1.85
11.367,0,Auto Hand Player,6.66,-0.68,-1.85
11.408,0,Auto Hand Player,6.66,-0.68,-1.85
11.435,0,Auto Hand Player,6.66,-0.68,-1.85
11.477,0,Auto Hand Player,6.67,-0.68,-1.85
11.505,0,Auto Hand Player,6.67,-0.68,-1.85
11.545,0,Conference_Room_Door_L,1.33,-0.78,-2.16
11.573,0,Conference_Room_Door_L,1.33,-0.69,-2.27
11.602,0,Conference_Room_Door_L,1.33,-0.65,-2.39
11.644,0,Conference_Room_Door_R,1.33,-0.65,-2.60
11.671,0,Conference_Room_Door_R,1.33,-0.67,-2.75
11.714,0,Conference_Room_Door_R,1.33,-0.67,-2.93
11.742,0,Conference_Room_Door_R,1.33,-0.62,-3.05
11.770,0,Conference_Room_Door_R,1.33,-0.55,-3.14
11.812,0,Conference_Room_Door_R,1.33,-0.48,-3.26
11.840,0,Conference_Room_Door_R,1.33,-0.49,-3.33
11.868,0,Conference_Room_Door_R,1.33,-0.53,-3.40
11.910,0,Wall_3mx20cm_Conference_Door,1.25,-0.54,-3.53
11.939,0,Wall_3mx20cm_Conference_Door,1.41,-0.56,-3.53
11.980,0,Wall_3mx20cm_Conference_Door,1.41,-0.54,-3.59
12.008,0,Wall_3mx20cm_Conference_Door,1.41,-0.52,-3.60
12.036,0,Wall_3mx20cm_Conference_Door,1.41,-0.55,-3.58
12.077,0,Wall_3mx20cm_Conference_Door,1.41,-0.61,-3.56
12.105,0,Wall_3mx20cm_Conference_Door,1.41,-0.63,-3.53
12.147,0,Wall_3mx40cm_Window,-0.69,-0.58,-4.10
12.174,0,Conference_Room_Door_R,1.33,-0.54,-3.45
12.202,0,Conference_Room_Door_R,1.33,-0.49,-3.40
12.244,0,Conference_Room_Door_R,1.33,-0.50,-3.32
12.273,0,Conference_Room_Door_R,1.33,-0.52,-3.28
12.301,0,Conference_Room_Door_R,1.33,-0.55,-3.25
12.343,0,Conference_Room_Door_R,1.33,-0.54,-3.21
12.371,0,Conference_Room_Door_R,1.33,-0.49,-3.19
12.412,0,Conference_Room_Door_R,1.33,-0.41,-3.15
12.440,0,Conference_Room_Door_R,1.33,-0.39,-3.13
12.468,0,Conference_Room_Door_R,1.33,-0.39,-3.11
12.510,0,Conference_Room_Door_R,1.33,-0.43,-3.10
12.537,0,Conference_Room_Door_R,1.33,-0.43,-3.09
12.580,0,Conference_Room_Door_R,1.33,-0.37,-3.07
12.608,0,Conference_Room_Door_R,1.33,-0.31,-3.04
12.635,0,Conference_Room_Door_R,1.33,-0.28,-3.01
12.677,0,Conference_Room_Door_R,1.33,-0.29,-2.99
12.705,0,Conference_Room_Door_R,1.33,-0.32,-2.98
12.747,0,Conference_Room_Door_R,1.33,-0.34,-2.98
12.774,0,Conference_Room_Door_R,1.33,-0.32,-2.98
12.802,0,Conference_Room_Door_R,1.33,-0.27,-2.97
12.844,0,Conference_Room_Door_R,1.33,-0.24,-2.96
12.872,0,Conference_Room_Door_R,1.33,-0.26,-2.95
12.914,0,Conference_Room_Door_R,1.33,-0.30,-2.96
12.942,0,Conference_Room_Door_R,1.33,-0.31,-2.97
12.970,0,Conference_Room_Door_R,1.33,-0.31,-2.97
13.012,0,Conference_Room_Door_R,1.33,-0.24,-2.94
13.040,0,Conference_Room_Door_R,1.33,-0.21,-2.90
13.068,0,Conference_Room_Door_R,1.33,-0.20,-2.87
13.110,0,Conference_Room_Door_R,1.33,-0.23,-2.84
13.138,0,Conference_Room_Door_R,1.33,-0.25,-2.83
13.180,0,Conference_Room_Door_R,1.33,-0.24,-2.81
13.208,0,Conference_Room_Door_R,1.33,-0.21,-2.79
13.236,0,Conference_Room_Door_R,1.33,-0.19,-2.77
13.278,0,Conference_Room_Door_R,1.33,-0.19,-2.74
13.306,0,Conference_Room_Door_R,1.33,-0.23,-2.72
13.333,0,Conference_Room_Door_R,1.33,-0.26,-2.71
13.375,0,Conference_Room_Door_R,1.33,-0.26,-2.69
13.403,0,Conference_Room_Door_R,1.33,-0.24,-2.67
13.445,0,Conference_Room_Door_R,1.33,-0.20,-2.65
13.473,0,Conference_Room_Door_R,1.33,-0.19,-2.63
13.501,0,Conference_Room_Door_R,1.33,-0.21,-2.62
13.542,0,Conference_Room_Door_R,1.33,-0.26,-2.61
13.570,0,Conference_Room_Door_R,1.33,-0.27,-2.61
13.612,0,Conference_Room_Door_L,1.33,-0.23,-2.59
13.639,0,Conference_Room_Door_L,1.33,-0.20,-2.58
13.667,0,Conference_Room_Door_L,1.33,-0.19,-2.56
13.709,0,Conference_Room_Door_L,1.33,-0.22,-2.54
13.737,0,Conference_Room_Door_L,1.33,-0.25,-2.53
13.779,0,Conference_Room_Door_L,1.33,-0.27,-2.51
13.806,0,Conference_Room_Door_L,1.33,-0.26,-2.50
13.834,0,Conference_Room_Door_L,1.33,-0.24,-2.48
13.875,0,Conference_Room_Door_L,1.33,-0.20,-2.46
13.904,0,Conference_Room_Door_L,1.33,-0.22,-2.44
13.947,0,Conference_Room_Door_L,1.33,-0.25,-2.44
13.974,0,Conference_Room_Door_L,1.33,-0.27,-2.44
14.002,0,Conference_Room_Door_L,1.33,-0.27,-2.44
14.045,0,Conference_Room_Door_L,1.33,-0.23,-2.44
14.072,0,Conference_Room_Door_L,1.33,-0.20,-2.44
14.113,0,Conference_Room_Door_L,1.33,-0.18,-2.46
14.141,0,Conference_Room_Door_L,1.33,-0.18,-2.47
14.169,0,Conference_Room_Door_L,1.33,-0.20,-2.49
14.211,0,Conference_Room_Door_L,1.33,-0.23,-2.50
14.239,0,Conference_Room_Door_L,1.33,-0.22,-2.50
14.280,0,Conference_Room_Door_L,1.33,-0.20,-2.50
14.309,0,Conference_Room_Door_L,1.33,-0.19,-2.49
14.337,0,Conference_Room_Door_L,1.33,-0.18,-2.48
14.378,0,Conference_Room_Door_L,1.33,-0.18,-2.47
14.406,0,Conference_Room_Door_L,1.33,-0.19,-2.47
14.447,0,Conference_Room_Door_L,1.33,-0.21,-2.46
14.476,0,Conference_Room_Door_L,1.33,-0.22,-2.46
14.503,0,Conference_Room_Door_L,1.33,-0.22,-2.45
14.545,0,Conference_Room_Door_L,1.33,-0.22,-2.45
14.573,0,Conference_Room_Door_L,1.33,-0.23,-2.45
14.601,0,Conference_Room_Door_L,1.33,-0.23,-2.45
14.642,0,Conference_Room_Door_L,1.33,-0.24,-2.45
14.670,0,Conference_Room_Door_L,1.33,-0.24,-2.45
14.712,0,Conference_Room_Door_L,1.33,-0.25,-2.45
14.740,0,Conference_Room_Door_L,1.33,-0.24,-2.44
14.768,0,Conference_Room_Door_L,1.33,-0.25,-2.44
14.809,0,Conference_Room_Door_L,1.33,-0.25,-2.44
14.837,0,Conference_Room_Door_L,1.33,-0.25,-2.44
14.879,0,Conference_Room_Door_L,1.33,-0.24,-2.45
14.907,0,Conference_Room_Door_L,1.33,-0.24,-2.45
14.934,0,Conference_Room_Door_L,1.33,-0.24,-2.45
14.977,0,Conference_Room_Door_L,1.33,-0.23,-2.46
15.003,0,Conference_Room_Door_L,1.33,-0.23,-2.46
15.046,0,Conference_Room_Door_L,1.33,-0.23,-2.46
15.073,0,Conference_Room_Door_L,1.33,-0.23,-2.46
15.102,0,Conference_Room_Door_L,1.33,-0.23,-2.46
15.144,0,Conference_Room_Door_L,1.33,-0.22,-2.47
15.171,0,Conference_Room_Door_L,1.33,-0.21,-2.46
15.213,0,Conference_Room_Door_L,1.33,-0.21,-2.46
15.241,0,Conference_Room_Door_L,1.33,-0.21,-2.46
15.269,0,Conference_Room_Door_L,1.33,-0.20,-2.46
15.311,0,Conference_Room_Door_L,1.33,-0.20,-2.46
15.339,0,Conference_Room_Door_L,1.33,-0.20,-2.46
15.367,0,Conference_Room_Door_L,1.33,-0.20,-2.46
15.408,0,Conference_Room_Door_L,1.33,-0.19,-2.46
15.436,0,Conference_Room_Door_L,1.33,-0.19,-2.46
15.479,0,Conference_Room_Door_L,1.33,-0.19,-2.46
15.506,0,Conference_Room_Door_L,1.33,-0.19,-2.46
15.534,0,Conference_Room_Door_L,1.33,-0.18,-2.46
15.576,0,Conference_Room_Door_L,1.33,-0.18,-2.47
15.604,0,Conference_Room_Door_L,1.33,-0.17,-2.47
15.646,0,Conference_Room_Door_L,1.33,-0.17,-2.47
15.674,0,Conference_Room_Door_L,1.33,-0.16,-2.47
15.702,0,Conference_Room_Door_L,1.33,-0.16,-2.46
15.744,0,Conference_Room_Door_L,1.33,-0.16,-2.46
15.771,0,Conference_Room_Door_L,1.33,-0.15,-2.45
15.813,0,Conference_Room_Door_L,1.33,-0.14,-2.44
15.841,0,Conference_Room_Door_L,1.33,-0.15,-2.43
15.869,0,Conference_Room_Door_L,1.33,-0.14,-2.42
15.910,0,Conference_Room_Door_L,1.33,-0.14,-2.41
15.938,0,Conference_Room_Door_L,1.33,-0.13,-2.41
15.980,0,Conference_Room_Door_L,1.33,-0.13,-2.40
16.008,0,Conference_Room_Door_L,1.33,-0.12,-2.40
16.036,0,Conference_Room_Door_L,1.33,-0.11,-2.40
16.077,0,Conference_Room_Door_L,1.33,-0.11,-2.40
16.104,0,Conference_Room_Door_L,1.33,-0.10,-2.40
16.147,0,Conference_Room_Door_L,1.33,-0.10,-2.39
16.175,0,Conference_Room_Door_L,1.33,-0.09,-2.39
16.202,0,Conference_Room_Door_L,1.33,-0.08,-2.38
16.245,0,Conference_Room_Door_L,1.33,-0.07,-2.37
16.272,0,Conference_Room_Door_L,1.33,-0.07,-2.37
16.301,0,Conference_Room_Door_L,1.33,-0.07,-2.36
16.342,0,Conference_Room_Door_L,1.33,-0.05,-2.35
16.369,0,Conference_Room_Door_L,1.33,-0.05,-2.34
16.412,0,Conference_Room_Door_L,1.33,-0.03,-2.34
16.440,0,Conference_Room_Door_L,1.33,-0.02,-2.33
16.468,0,Conference_Room_Door_L,1.33,-0.01,-2.33
16.509,0,Conference_Room_Door_L,1.33,0.00,-2.32
16.536,0,Conference_Room_Door_L,1.33,0.01,-2.31
16.579,0,Conference_Room_Door_L,1.33,0.03,-2.30
16.606,0,Conference_Room_Door_L,1.33,0.04,-2.29
16.634,0,Conference_Room_Door_L,1.33,0.05,-2.28
16.676,0,Conference_Room_Door_L,1.33,0.05,-2.26
16.703,0,Conference_Room_Door_L,1.33,0.06,-2.25
16.745,0,Conference_Room_Door_L,1.33,0.07,-2.23
16.773,0,Conference_Room_Door_L,1.33,0.08,-2.22
16.801,0,Conference_Room_Door_L,1.33,0.08,-2.21
16.843,0,Conference_Room_Door_L,1.33,0.09,-2.19
16.871,0,Conference_Room_Door_L,1.33,0.09,-2.18
16.912,0,Conference_Room_Door_L,1.33,0.09,-2.16
16.941,0,Conference_Room_Door_L,1.33,0.08,-2.15
16.968,0,Conference_Room_Door_L,1.33,0.08,-2.14
17.011,0,Conference_Room_Door_L,1.33,0.07,-2.12
17.037,0,Conference_Room_Door_L,1.33,0.07,-2.10
17.080,0,Conference_Room_Door_L,1.33,0.06,-2.06
17.108,0,Conference_Room_Door_L,1.33,0.06,-2.04
17.135,0,Conference_Room_Door_L,1.33,0.05,-2.01
17.177,0,Conference_Room_Door_L,1.33,0.05,-1.97
17.205,0,Conference_Room_Door_L,1.33,0.04,-1.94
17.247,0,Conference_Room_Door_L,1.33,0.04,-1.90
17.274,0,Conference_Room_Door_L,1.33,0.04,-1.87
17.301,0,Conference_Room_Door_L,1.33,0.05,-1.85
17.343,0,Conference_Room_Door_L,1.33,0.07,-1.82
17.371,0,Conference_Room_Door_L,1.33,0.07,-1.81
17.413,0,Conference_Room_Door_L,1.33,0.07,-1.79
17.440,0,Conference_Room_Door_L,1.33,0.05,-1.79
17.468,0,Conference_Room_Door_L,1.33,0.04,-1.78
17.509,0,Conference_Room_Door_L,1.33,0.04,-1.77
17.537,0,Conference_Room_Door_L,1.33,0.03,-1.76
17.579,0,Conference_Room_Door_L,1.33,0.03,-1.75
17.607,0,Conference_Room_Door_L,1.33,0.04,-1.74
17.635,0,Conference_Room_Door_L,1.33,0.05,-1.73
17.677,0,Conference_Room_Door_L,1.33,0.07,-1.72
17.705,0,None,0,0,0
17.746,0,None,0,0,0
17.774,0,None,0,0,0
17.803,0,None,0,0,0
17.844,0,None,0,0,0
17.873,0,None,0,0,0
17.914,0,Wall_3mx20cm_Conference_Door,1.31,0.03,-1.67
17.942,0,Wall_3mx20cm_Conference_Door,1.30,0.04,-1.67
17.969,0,Wall_3mx20cm_Conference_Door,1.24,0.05,-1.67
18.011,0,None,0,0,0
18.039,0,None,0,0,0
18.067,0,None,0,0,0
18.109,0,None,0,0,0
18.136,0,Wall_3mx20cm_Conference_Door,1.37,0.10,-1.67
18.179,0,Wall_3mx20cm_Conference_Door,1.41,0.07,-1.66
18.207,0,Wall_3mx20cm_Conference_Door,1.41,0.06,-1.65
18.235,0,Wall_3mx20cm_Conference_Door,1.41,0.04,-1.65
18.277,0,Wall_3mx20cm_Conference_Door,1.41,0.04,-1.65
18.304,0,Wall_3mx20cm_Conference_Door,1.41,0.04,-1.65
18.346,0,Wall_3mx20cm_Conference_Door,1.41,0.06,-1.66
18.374,0,Wall_3mx20cm_Conference_Door,1.41,0.06,-1.66
18.401,0,Wall_3mx20cm_Conference_Door,1.41,0.08,-1.67
18.444,0,Wall_3mx20cm_Conference_Door,1.41,0.08,-1.67
18.471,0,Wall_3mx20cm_Conference_Door,1.41,0.08,-1.66
18.513,0,Wall_3mx20cm_Conference_Door,1.41,0.08,-1.66
18.541,0,Wall_3mx20cm_Conference_Door,1.41,0.07,-1.66
18.569,0,Wall_3mx20cm_Conference_Door,1.41,0.07,-1.66
18.611,0,Wall_3mx20cm_Conference_Door,1.41,0.06,-1.65
18.639,0,Wall_3mx20cm_Conference_Door,1.41,0.05,-1.65
18.667,0,Wall_3mx20cm_Conference_Door,1.41,0.05,-1.65
18.708,0,Wall_3mx20cm_Conference_Door,1.41,0.06,-1.65
18.736,0,Wall_3mx20cm_Conference_Door,1.41,0.06,-1.65
18.779,0,Wall_3mx20cm_Conference_Door,1.41,0.06,-1.65
18.806,0,Wall_3mx20cm_Conference_Door,1.41,0.07,-1.65
18.834,0,Wall_3mx20cm_Conference_Door,1.41,0.07,-1.65
18.875,0,Wall_3mx20cm_Conference_Door,1.41,0.08,-1.65
18.903,0,Wall_3mx20cm_Conference_Door,1.41,0.08,-1.65
18.947,0,Wall_3mx20cm_Conference_Door,1.41,0.07,-1.64
18.973,0,Wall_3mx20cm_Conference_Door,1.41,0.07,-1.64
19.001,0,Wall_3mx20cm_Conference_Door,1.41,0.06,-1.64
19.043,0,Wall_3mx20cm_Conference_Door,1.41,0.07,-1.63
19.071,0,Wall_3mx20cm_Conference_Door,1.41,0.07,-1.63
19.112,0,Wall_3mx20cm_Conference_Door,1.41,0.07,-1.63
19.140,0,Wall_3mx20cm_Conference_Door,1.41,0.09,-1.63
19.168,0,Wall_3mx20cm_Conference_Door,1.41,0.09,-1.63
19.210,0,Wall_3mx20cm_Conference_Door,1.41,0.09,-1.63
19.238,0,Wall_3mx20cm_Conference_Door,1.41,0.09,-1.62
19.279,0,Wall_3mx20cm_Conference_Door,1.41,0.08,-1.62
19.307,0,Wall_3mx20cm_Conference_Door,1.41,0.07,-1.62
19.335,0,Wall_3mx20cm_Conference_Door,1.41,0.07,-1.62
19.377,0,Wall_3mx20cm_Conference_Door,1.41,0.07,-1.62
19.405,0,Wall_3mx20cm_Conference_Door,1.41,0.08,-1.62
19.447,0,Wall_3mx20cm_Conference_Door,1.41,0.10,-1.62
19.475,0,Wall_3mx20cm_Conference_Door,1.41,0.09,-1.62
19.502,0,Wall_3mx20cm_Conference_Door,1.41,0.09,-1.62
19.544,0,Wall_3mx20cm_Conference_Door,1.41,0.09,-1.63
19.572,0,Wall_3mx20cm_Conference_Door,1.41,0.09,-1.62
19.614,0,Wall_3mx20cm_Conference_Door,1.41,0.08,-1.62
19.642,0,Wall_3mx20cm_Conference_Door,1.41,0.08,-1.62
19.670,0,Wall_3mx20cm_Conference_Door,1.41,0.09,-1.62
19.711,0,Wall_3mx20cm_Conference_Door,1.41,0.09,-1.62
19.739,0,Wall_3mx20cm_Conference_Door,1.41,0.10,-1.62
19.767,0,Wall_3mx20cm_Conference_Door,1.41,0.08,-1.62
19.809,0,Wall_3mx20cm_Conference_Door,1.41,0.08,-1.63
19.836,0,Wall_3mx20cm_Conference_Door,1.41,0.09,-1.62
19.878,0,Wall_3mx20cm_Conference_Door,1.41,0.07,-1.63
19.907,0,Wall_3mx20cm_Conference_Door,1.41,0.08,-1.62
19.934,0,Wall_3mx20cm_Conference_Door,1.41,0.07,-1.63
19.976,0,Wall_3mx20cm_Conference_Door,1.41,0.06,-1.63
20.004,0,Wall_3mx20cm_Conference_Door,1.41,0.09,-1.63
20.046,0,Wall_3mx20cm_Conference_Door,1.41,0.08,-1.63
20.074,0,Wall_3mx20cm_Conference_Door,1.41,0.08,-1.62
20.101,0,Wall_3mx20cm_Conference_Door,1.41,0.10,-1.62
20.142,0,Wall_3mx20cm_Conference_Door,1.41,0.09,-1.61
20.171,0,Wall_3mx20cm_Conference_Door,1.41,0.11,-1.60
20.213,0,Wall_3mx20cm_Conference_Door,1.41,0.13,-1.58
20.240,0,Wall_3mx20cm_Conference_Door,1.41,0.13,-1.58
20.268,0,Wall_3mx20cm_Conference_Door,1.41,0.12,-1.57
20.309,0,Wall_3mx20cm_Conference_Door,1.41,0.12,-1.57
20.337,0,Wall_3mx20cm_Conference_Door,1.41,0.07,-1.57
20.380,0,Wall_3mx20cm_Conference_Door,1.41,0.07,-1.56
20.407,0,Wall_3mx20cm_Conference_Door,1.41,0.06,-1.55
20.436,0,Wall_3mx20cm_Conference_Door,1.41,0.06,-1.55
20.476,0,Wall_3mx20cm_Conference_Door,1.41,0.06,-1.55
20.505,0,Wall_3mx20cm_Conference_Door,1.41,0.05,-1.55
20.546,0,Wall_3mx20cm_Conference_Door,1.41,0.06,-1.54
20.574,0,Wall_3mx20cm_Conference_Door,1.41,0.05,-1.54
20.602,0,Wall_3mx20cm_Conference_Door,1.41,0.04,-1.53
20.644,0,Wall_3mx20cm_Conference_Door,1.41,0.05,-1.53
20.671,0,Wall_3mx20cm_Conference_Door,1.41,0.05,-1.52
20.713,0,Wall_3mx20cm_Conference_Door,1.41,0.02,-1.53
20.740,0,Wall_3mx20cm_Conference_Door,1.41,0.03,-1.53
20.768,0,Wall_3mx20cm_Conference_Door,1.41,0.04,-1.53
20.811,0,Wall_3mx20cm_Conference_Door,1.41,0.05,-1.53
20.838,0,Wall_3mx20cm_Conference_Door,1.41,0.05,-1.53
20.880,0,Wall_3mx20cm_Conference_Door,1.41,0.03,-1.53
20.908,0,Wall_3mx20cm_Conference_Door,1.41,0.03,-1.53
20.936,0,Wall_3mx20cm_Conference_Door,1.41,0.05,-1.52
20.978,0,Wall_3mx20cm_Conference_Door,1.41,0.03,-1.52
21.006,0,Wall_3mx20cm_Conference_Door,1.41,0.03,-1.52
21.033,0,Wall_3mx20cm_Conference_Door,1.41,0.02,-1.52
21.076,0,Wall_3mx20cm_Conference_Door,1.41,0.03,-1.52
21.103,0,Wall_3mx20cm_Conference_Door,1.41,0.03,-1.52
21.145,0,Wall_3mx20cm_Conference_Door,1.41,0.05,-1.53
21.173,0,Wall_3mx20cm_Conference_Door,1.41,0.06,-1.53
21.201,0,Wall_3mx20cm_Conference_Door,1.41,0.06,-1.53
21.243,0,Wall_3mx20cm_Conference_Door,1.41,0.06,-1.53
21.270,0,Wall_3mx20cm_Conference_Door,1.41,0.05,-1.53
21.312,0,Wall_3mx20cm_Conference_Door,1.41,0.04,-1.53
21.340,0,Wall_3mx20cm_Conference_Door,1.41,0.04,-1.52
21.368,0,Wall_3mx20cm_Conference_Door,1.41,0.03,-1.52
21.410,0,Wall_3mx20cm_Conference_Door,1.41,0.02,-1.52
21.438,0,Wall_3mx20cm_Conference_Door,1.41,0.02,-1.53
21.480,0,Wall_3mx20cm_Conference_Door,1.41,0.01,-1.53
21.507,0,Wall_3mx20cm_Conference_Door,1.41,0.01,-1.53
21.535,0,Wall_3mx20cm_Conference_Door,1.41,0.01,-1.53
21.577,0,Wall_3mx20cm_Conference_Door,1.41,0.02,-1.54
21.605,0,Wall_3mx20cm_Conference_Door,1.41,0.03,-1.55
21.647,0,Wall_3mx20cm_Conference_Door,1.41,0.03,-1.54
21.675,0,Wall_3mx20cm_Conference_Door,1.41,0.04,-1.54
21.703,0,Wall_3mx20cm_Conference_Door,1.41,0.02,-1.53
21.744,0,Wall_3mx20cm_Conference_Door,1.41,0.01,-1.53
21.772,0,Wall_3mx20cm_Conference_Door,1.41,0.02,-1.53
21.800,0,Wall_3mx20cm_Conference_Door,1.41,0.02,-1.53
21.841,0,Wall_3mx20cm_Conference_Door,1.41,0.01,-1.53
21.869,0,Wall_3mx20cm_Conference_Door,1.41,0.02,-1.53
21.911,0,Wall_3mx20cm_Conference_Door,1.41,0.02,-1.54
21.939,0,Wall_3mx20cm_Conference_Door,1.41,0.01,-1.56
21.968,0,Wall_3mx20cm_Conference_Door,1.41,0.02,-1.57
22.009,0,Wall_3mx20cm_Conference_Door,1.41,0.04,-1.59
22.037,0,Wall_3mx20cm_Conference_Door,1.41,0.03,-1.61
22.078,0,Wall_3mx20cm_Conference_Door,1.41,0.03,-1.62
22.106,0,Wall_3mx20cm_Conference_Door,1.41,0.03,-1.63
22.134,0,Wall_3mx20cm_Conference_Door,1.41,0.01,-1.63
22.176,0,Wall_3mx20cm_Conference_Door,1.41,0.00,-1.64
22.203,0,Wall_3mx20cm_Conference_Door,1.41,0.00,-1.64
22.245,0,Wall_3mx20cm_Conference_Door,1.41,0.00,-1.65
22.273,0,Wall_3mx20cm_Conference_Door,1.41,-0.01,-1.65
22.301,0,Wall_3mx20cm_Conference_Door,1.41,0.00,-1.66
22.343,0,None,0,0,0
22.371,0,None,0,0,0
22.412,0,None,0,0,0
22.440,0,None,0,0,0
22.468,0,None,0,0,0
22.509,0,None,0,0,0
22.538,0,None,0,0,0
22.579,0,None,0,0,0
22.608,0,None,0,0,0
22.635,0,None,0,0,0
22.677,0,None,0,0,0
22.705,0,None,0,0,0
22.746,0,None,0,0,0
22.774,0,Wall_3mx20cm_Conference_Door,1.29,-0.01,-1.67
22.803,0,Wall_3mx20cm_Conference_Door,1.41,-0.03,-1.67
22.844,0,Wall_3mx20cm_Conference_Door,1.41,-0.02,-1.66
22.872,0,Wall_3mx20cm_Conference_Door,1.41,-0.02,-1.65
22.914,0,Wall_3mx20cm_Conference_Door,1.41,-0.01,-1.64
22.941,0,Wall_3mx20cm_Conference_Door,1.41,0.00,-1.63
22.969,0,Wall_3mx20cm_Conference_Door,1.41,0.01,-1.63
23.012,0,Wall_3mx20cm_Conference_Door,1.41,0.01,-1.62
23.038,0,Wall_3mx20cm_Conference_Door,1.41,0.01,-1.62
23.080,0,Wall_3mx20cm_Conference_Door,1.41,0.01,-1.61
23.109,0,Wall_3mx20cm_Conference_Door,1.41,0.01,-1.60
23.136,0,Wall_3mx20cm_Conference_Door,1.41,0.00,-1.59
23.178,0,Wall_3mx20cm_Conference_Door,1.41,-0.01,-1.58
23.205,0,Wall_3mx20cm_Conference_Door,1.41,-0.01,-1.57
23.247,0,Wall_3mx20cm_Conference_Door,1.41,-0.01,-1.56
23.275,0,Wall_3mx20cm_Conference_Door,1.41,-0.01,-1.56
23.303,0,Wall_3mx20cm_Conference_Door,1.41,0.00,-1.55
23.345,0,Wall_3mx20cm_Conference_Door,1.41,0.01,-1.55
23.373,0,Wall_3mx20cm_Conference_Door,1.41,0.01,-1.55
23.400,0,Wall_3mx20cm_Conference_Door,1.41,-0.01,-1.54
23.442,0,Wall_3mx20cm_Conference_Door,1.41,-0.02,-1.53
23.470,0,Wall_3mx20cm_Conference_Door,1.41,-0.02,-1.52
23.512,0,Wall_3mx20cm_Conference_Door,1.41,-0.03,-1.51
23.540,0,Wall_3mx20cm_Conference_Door,1.41,-0.02,-1.50
23.568,0,Wall_3mx20cm_Conference_Door,1.41,-0.01,-1.49
23.609,0,Wall_3mx20cm_Conference_Door,1.41,-0.01,-1.49
23.637,0,Wall_3mx20cm_Conference_Door,1.41,-0.01,-1.50
23.679,0,Wall_3mx20cm_Conference_Door,1.41,-0.01,-1.51
23.707,0,Wall_3mx20cm_Conference_Door,1.41,-0.02,-1.52
23.735,0,Wall_3mx20cm_Conference_Door,1.41,-0.02,-1.52
23.777,0,Wall_3mx20cm_Conference_Door,1.41,-0.02,-1.52
23.804,0,Wall_3mx20cm_Conference_Door,1.41,-0.03,-1.51
23.846,0,Wall_3mx20cm_Conference_Door,1.41,-0.03,-1.50
23.874,0,Wall_3mx20cm_Conference_Door,1.41,-0.02,-1.50
23.902,0,Wall_3mx20cm_Conference_Door,1.41,-0.03,-1.50
23.944,0,Wall_3mx20cm_Conference_Door,1.41,-0.03,-1.50
23.971,0,Wall_3mx20cm_Conference_Door,1.41,-0.04,-1.50
24.013,0,Wall_3mx20cm_Conference_Door,1.41,-0.02,-1.50
24.041,0,Wall_3mx20cm_Conference_Door,1.41,-0.01,-1.50
24.069,0,Wall_3mx20cm_Conference_Door,1.41,-0.02,-1.50
24.110,0,Wall_3mx20cm_Conference_Door,1.41,-0.03,-1.50
24.138,0,Wall_3mx20cm_Conference_Door,1.41,-0.03,-1.50
24.180,0,Wall_3mx20cm_Conference_Door,1.41,-0.02,-1.50
24.208,0,Wall_3mx20cm_Conference_Door,1.41,-0.04,-1.50
24.236,0,Wall_3mx20cm_Conference_Door,1.41,-0.04,-1.51
24.278,0,Wall_3mx20cm_Conference_Door,1.41,-0.02,-1.50
24.306,0,Wall_3mx20cm_Conference_Door,1.41,0.00,-1.50
24.334,0,Wall_3mx20cm_Conference_Door,1.41,0.02,-1.49
24.376,0,Wall_3mx20cm_Conference_Door,1.41,0.02,-1.49
24.403,0,Wall_3mx20cm_Conference_Door,1.41,0.03,-1.49
24.445,0,Wall_3mx20cm_Conference_Door,1.41,0.00,-1.50
24.473,0,Wall_3mx20cm_Conference_Door,1.41,0.01,-1.51
24.501,0,Wall_3mx20cm_Conference_Door,1.41,0.02,-1.51
24.542,0,Wall_3mx20cm_Conference_Door,1.41,0.01,-1.51
24.570,0,Wall_3mx20cm_Conference_Door,1.41,-0.02,-1.51
24.612,0,Wall_3mx20cm_Conference_Door,1.41,-0.05,-1.51
24.640,0,Wall_3mx20cm_Conference_Door,1.41,-0.03,-1.51
24.668,0,Wall_3mx20cm_Conference_Door,1.41,-0.02,-1.51
24.709,0,Wall_3mx20cm_Conference_Door,1.41,-0.02,-1.50
24.737,0,Wall_3mx20cm_Conference_Door,1.41,-0.01,-1.50
24.779,0,Wall_3mx20cm_Conference_Door,1.41,0.00,-1.50
24.807,0,Wall_3mx20cm_Conference_Door,1.41,0.00,-1.50
24.835,0,Wall_3mx20cm_Conference_Door,1.41,-0.01,-1.50
24.878,0,Wall_3mx20cm_Conference_Door,1.41,0.00,-1.50
24.904,0,Wall_3mx20cm_Conference_Door,1.41,-0.01,-1.50
24.946,0,Wall_3mx20cm_Conference_Door,1.41,-0.02,-1.49
24.973,0,Wall_3mx20cm_Conference_Door,1.41,-0.03,-1.49
25.001,0,Wall_3mx20cm_Conference_Door,1.41,0.00,-1.48
25.043,0,Wall_3mx20cm_Conference_Door,1.41,0.00,-1.47
25.071,0,Wall_3mx20cm_Conference_Door,1.41,0.01,-1.46
25.113,0,Wall_3mx20cm_Conference_Door,1.41,0.02,-1.45
25.141,0,Wall_3mx20cm_Conference_Door,1.41,0.02,-1.45
25.169,0,Wall_3mx20cm_Conference_Door,1.41,0.00,-1.46
25.211,0,Wall_3mx20cm_Conference_Door,1.41,-0.01,-1.50
25.238,0,Wall_3mx20cm_Conference_Door,1.41,0.02,-1.52
25.280,0,Wall_3mx20cm_Conference_Door,1.41,0.01,-1.54
25.308,0,Wall_3mx20cm_Conference_Door,1.41,0.01,-1.54
25.336,0,Wall_3mx20cm_Conference_Door,1.41,0.00,-1.53
25.378,0,Wall_3mx20cm_Conference_Door,1.41,-0.02,-1.52
25.405,0,Wall_3mx20cm_Conference_Door,1.41,0.01,-1.50
25.447,0,Wall_3mx20cm_Conference_Door,1.41,0.00,-1.48
25.475,0,Wall_3mx20cm_Conference_Door,1.41,0.02,-1.48
25.502,0,Wall_3mx20cm_Conference_Door,1.41,0.02,-1.47
25.544,0,Wall_3mx20cm_Conference_Door,1.41,0.03,-1.46
25.574,0,Wall_3mx20cm_Conference_Door,1.41,0.03,-1.46
25.601,0,Wall_3mx20cm_Conference_Door,1.41,0.01,-1.46
25.642,0,Wall_3mx20cm_Conference_Door,1.41,0.02,-1.46
25.670,0,Wall_3mx20cm_Conference_Door,1.41,0.06,-1.46
25.711,0,Wall_3mx20cm_Conference_Door,1.41,0.07,-1.47
25.739,0,Wall_3mx20cm_Conference_Door,1.41,0.06,-1.46
25.767,0,Wall_3mx20cm_Conference_Door,1.41,0.07,-1.46
25.809,0,Wall_3mx20cm_Conference_Door,1.41,0.08,-1.46
25.837,0,Wall_3mx20cm_Conference_Door,1.41,0.08,-1.45
25.878,0,Wall_3mx20cm_Conference_Door,1.41,0.07,-1.45
25.906,0,Wall_3mx20cm_Conference_Door,1.41,0.07,-1.45
25.934,0,Wall_3mx20cm_Conference_Door,1.41,0.06,-1.45
25.976,0,Wall_3mx20cm_Conference_Door,1.41,0.07,-1.45
26.003,0,Wall_3mx20cm_Conference_Door,1.41,0.06,-1.45
26.046,0,Wall_3mx20cm_Conference_Door,1.41,0.04,-1.44
26.073,0,Wall_3mx20cm_Conference_Door,1.41,0.03,-1.44
26.101,0,Wall_3mx20cm_Conference_Door,1.41,0.03,-1.44
26.143,0,Wall_3mx20cm_Conference_Door,1.41,0.02,-1.43
26.171,0,Wall_3mx20cm_Conference_Door,1.41,0.03,-1.43
26.212,0,Wall_3mx20cm_Conference_Door,1.41,0.04,-1.43
26.240,0,Wall_3mx20cm_Conference_Door,1.41,0.02,-1.42
26.269,0,Wall_3mx20cm_Conference_Door,1.41,0.00,-1.42
26.310,0,Wall_3mx20cm_Conference_Door,1.41,-0.01,-1.42
26.338,0,Wall_3mx20cm_Conference_Door,1.41,-0.01,-1.41
26.380,0,Wall_3mx20cm_Conference_Door,1.41,-0.01,-1.41
26.407,0,Wall_3mx20cm_Conference_Door,1.41,-0.01,-1.40
26.435,0,Wall_3mx20cm_Conference_Door,1.41,-0.01,-1.40
26.477,0,Wall_3mx20cm_Conference_Door,1.41,0.00,-1.40
26.505,0,Wall_3mx20cm_Conference_Door,1.41,0.01,-1.40
26.547,0,Wall_3mx20cm_Conference_Door,1.41,0.02,-1.39
26.574,0,Wall_3mx20cm_Conference_Door,1.41,0.02,-1.39
26.603,0,Wall_3mx20cm_Conference_Door,1.41,0.02,-1.38
26.644,0,Wall_3mx20cm_Conference_Door,1.41,0.03,-1.37
26.672,0,Wall_3mx20cm_Conference_Door,1.41,0.04,-1.36
26.713,0,Wall_3mx20cm_Conference_Door,1.41,0.07,-1.36
26.741,0,Wall_3mx20cm_Conference_Door,1.41,0.08,-1.36
26.769,0,Wall_3mx20cm_Conference_Door,1.41,0.07,-1.36
26.811,0,Wall_3mx20cm_Conference_Door,1.41,0.04,-1.37
26.839,0,Wall_3mx20cm_Conference_Door,1.41,0.04,-1.38
26.867,0,Wall_3mx20cm_Conference_Door,1.41,0.03,-1.39
26.909,0,Wall_3mx20cm_Conference_Door,1.41,0.02,-1.39
26.936,0,Wall_3mx20cm_Conference_Door,1.41,0.01,-1.39
26.978,0,Wall_3mx20cm_Conference_Door,1.41,0.01,-1.39
27.006,0,Wall_3mx20cm_Conference_Door,1.41,0.01,-1.39
27.034,0,Wall_3mx20cm_Conference_Door,1.41,0.00,-1.39
27.076,0,Wall_3mx20cm_Conference_Door,1.41,0.00,-1.39
27.104,0,Wall_3mx20cm_Conference_Door,1.41,0.00,-1.39
27.146,0,Wall_3mx20cm_Conference_Door,1.41,0.01,-1.39
27.174,0,Wall_3mx20cm_Conference_Door,1.41,0.02,-1.39
27.201,0,Wall_3mx20cm_Conference_Door,1.41,0.02,-1.39
27.243,0,Wall_3mx20cm_Conference_Door,1.41,0.02,-1.38
27.271,0,Wall_3mx20cm_Conference_Door,1.41,0.02,-1.38
27.313,0,Wall_3mx20cm_Conference_Door,1.41,0.03,-1.37
27.341,0,Wall_3mx20cm_Conference_Door,1.41,0.03,-1.37
27.369,0,Wall_3mx20cm_Conference_Door,1.41,0.04,-1.37
27.410,0,Wall_3mx20cm_Conference_Door,1.41,0.05,-1.37
27.438,0,Wall_3mx20cm_Conference_Door,1.41,0.05,-1.37
27.480,0,Wall_3mx20cm_Conference_Door,1.41,0.05,-1.37
27.508,0,Wall_3mx20cm_Conference_Door,1.41,0.05,-1.37
27.536,0,Wall_3mx20cm_Conference_Door,1.41,0.04,-1.37
27.577,0,Wall_3mx20cm_Conference_Door,1.41,0.04,-1.37
27.605,0,Wall_3mx20cm_Conference_Door,1.41,0.04,-1.37
27.647,0,Wall_3mx20cm_Conference_Door,1.41,0.04,-1.37
27.675,0,Wall_3mx20cm_Conference_Door,1.41,0.05,-1.37
27.702,0,Wall_3mx20cm_Conference_Door,1.41,0.05,-1.37
27.744,0,Wall_3mx20cm_Conference_Door,1.41,0.05,-1.36
27.772,0,Wall_3mx20cm_Conference_Door,1.41,0.05,-1.36
27.800,0,Wall_3mx20cm_Conference_Door,1.41,0.05,-1.36
27.842,0,Wall_3mx20cm_Conference_Door,1.41,0.04,-1.36
27.870,0,Wall_3mx20cm_Conference_Door,1.41,0.04,-1.36
27.911,0,Wall_3mx20cm_Conference_Door,1.41,0.05,-1.36
27.939,0,Wall_3mx20cm_Conference_Door,1.41,0.07,-1.36
27.967,0,Wall_3mx20cm_Conference_Door,1.41,0.06,-1.36
28.009,0,Wall_3mx20cm_Conference_Door,1.41,0.05,-1.36
28.037,0,Wall_3mx20cm_Conference_Door,1.41,0.07,-1.35
28.078,0,Wall_3mx20cm_Conference_Door,1.41,0.12,-1.35
28.106,0,Wall_3mx20cm_Conference_Door,1.41,0.13,-1.36
28.134,0,Wall_3mx20cm_Conference_Door,1.41,0.12,-1.37
28.176,0,Wall_3mx20cm_Conference_Door,1.41,0.13,-1.37
28.204,0,Wall_3mx20cm_Conference_Door,1.41,0.13,-1.38
28.245,0,Wall_3mx20cm_Conference_Door,1.41,0.14,-1.37
28.273,0,Wall_3mx20cm_Conference_Door,1.41,0.14,-1.37
28.300,0,Wall_3mx20cm_Conference_Door,1.41,0.14,-1.36
28.343,0,Wall_3mx20cm_Conference_Door,1.41,0.13,-1.36
28.370,0,Wall_3mx20cm_Conference_Door,1.41,0.13,-1.36
28.412,0,Wall_3mx20cm_Conference_Door,1.41,0.13,-1.37
28.440,0,Wall_3mx20cm_Conference_Door,1.41,0.12,-1.38
28.468,0,Wall_3mx20cm_Conference_Door,1.41,0.12,-1.39
28.510,0,Wall_3mx20cm_Conference_Door,1.41,0.14,-1.40
28.538,0,Wall_3mx20cm_Conference_Door,1.41,0.13,-1.40
28.579,0,Wall_3mx20cm_Conference_Door,1.41,0.14,-1.39
28.607,0,Wall_3mx20cm_Conference_Door,1.41,0.12,-1.39
28.635,0,Wall_3mx20cm_Conference_Door,1.41,0.10,-1.39
28.677,0,Wall_3mx20cm_Conference_Door,1.41,0.09,-1.39
28.705,0,Wall_3mx20cm_Conference_Door,1.41,0.07,-1.38
28.746,0,Wall_3mx20cm_Conference_Door,1.41,0.08,-1.37
28.775,0,Wall_3mx20cm_Conference_Door,1.41,0.08,-1.37
28.802,0,Wall_3mx20cm_Conference_Door,1.41,0.09,-1.37
28.844,0,Wall_3mx20cm_Conference_Door,1.41,0.09,-1.36
28.872,0,Wall_3mx20cm_Conference_Door,1.41,0.09,-1.36
28.914,0,Wall_3mx20cm_Conference_Door,1.41,0.10,-1.36
28.941,0,Wall_3mx20cm_Conference_Door,1.41,0.10,-1.36
28.968,0,Wall_3mx20cm_Conference_Door,1.41,0.10,-1.36
29.011,0,Wall_3mx20cm_Conference_Door,1.41,0.09,-1.36
29.039,0,Wall_3mx20cm_Conference_Door,1.41,0.09,-1.35
29.067,0,Wall_3mx20cm_Conference_Door,1.41,0.10,-1.33
29.109,0,Wall_3mx20cm_Conference_Door,1.41,0.11,-1.31
29.137,0,Wall_3mx20cm_Conference_Door,1.41,0.12,-1.30
29.178,0,Wall_3mx20cm_Conference_Door,1.41,0.11,-1.28
29.206,0,Wall_3mx20cm_Conference_Door,1.41,0.10,-1.28
29.234,0,Wall_3mx20cm_Conference_Door,1.41,0.08,-1.27
29.276,0,Wall_3mx20cm_Conference_Door,1.41,0.07,-1.28
29.303,0,Wall_3mx20cm_Conference_Door,1.41,0.06,-1.28
29.345,0,Wall_3mx20cm_Conference_Door,1.41,0.07,-1.28
29.373,0,Wall_3mx20cm_Conference_Door,1.41,0.07,-1.29
29.401,0,Wall_3mx20cm_Conference_Door,1.41,0.08,-1.30
29.442,0,Wall_3mx20cm_Conference_Door,1.41,0.08,-1.31
29.470,0,Wall_3mx20cm_Conference_Door,1.41,0.07,-1.32
29.513,0,Wall_3mx20cm_Conference_Door,1.41,0.09,-1.32
29.540,0,Wall_3mx20cm_Conference_Door,1.41,0.11,-1.31
29.568,0,Wall_3mx20cm_Conference_Door,1.41,0.13,-1.30
29.610,0,Wall_3mx20cm_Conference_Door,1.41,0.17,-1.28
29.639,0,Wall_3mx20cm_Conference_Door,1.41,0.19,-1.28
29.679,0,Wall_3mx20cm_Conference_Door,1.41,0.19,-1.28
29.707,0,Wall_3mx20cm_Conference_Door,1.41,0.20,-1.27
29.735,0,Wall_3mx20cm_Conference_Door,1.41,0.18,-1.27
29.777,0,Wall_3mx20cm_Conference_Door,1.41,0.17,-1.27
29.805,0,Wall_3mx20cm_Conference_Door,1.41,0.16,-1.26
29.846,0,Wall_3mx20cm_Conference_Door,1.41,0.16,-1.25
29.875,0,Wall_3mx20cm_Conference_Door,1.41,0.15,-1.25
29.903,0,Wall_3mx20cm_Conference_Door,1.41,0.16,-1.25
29.944,0,Wall_3mx20cm_Conference_Door,1.41,0.18,-1.24
29.972,0,Wall_3mx20cm_Conference_Door,1.41,0.17,-1.25
30.000,0,Wall_3mx20cm_Conference_Door,1.41,0.17,-1.25
30.042,0,Wall_3mx20cm_Conference_Door,1.41,0.17,-1.25
30.069,0,Wall_3mx20cm_Conference_Door,1.41,0.17,-1.26
30.111,0,Wall_3mx20cm_Conference_Door,1.41,0.16,-1.25
30.139,0,Wall_3mx20cm_Conference_Door,1.41,0.17,-1.25
30.167,0,Wall_3mx20cm_Conference_Door,1.41,0.16,-1.25
30.208,0,Wall_3mx20cm_Conference_Door,1.41,0.17,-1.25
30.237,0,Wall_3mx20cm_Conference_Door,1.41,0.18,-1.25
30.278,0,Wall_3mx20cm_Conference_Door,1.41,0.17,-1.25
30.306,0,Wall_3mx20cm_Conference_Door,1.41,0.17,-1.26
30.334,0,Wall_3mx20cm_Conference_Door,1.41,0.16,-1.26
30.376,0,Wall_3mx20cm_Conference_Door,1.41,0.18,-1.25
30.405,0,Wall_3mx20cm_Conference_Door,1.41,0.16,-1.25
30.433,0,Wall_3mx20cm_Conference_Door,1.41,0.17,-1.25
30.474,0,Wall_3mx20cm_Conference_Door,1.41,0.17,-1.25
30.501,0,Wall_3mx20cm_Conference_Door,1.41,0.17,-1.25
30.543,0,Wall_3mx20cm_Conference_Door,1.41,0.19,-1.24
30.572,0,Wall_3mx20cm_Conference_Door,1.41,0.17,-1.24
30.613,0,Wall_3mx20cm_Conference_Door,1.41,0.16,-1.25
30.640,0,Wall_3mx20cm_Conference_Door,1.41,0.16,-1.24
30.668,0,Wall_3mx20cm_Conference_Door,1.41,0.17,-1.24
30.710,0,Wall_3mx20cm_Conference_Door,1.41,0.18,-1.24
30.738,0,Wall_3mx20cm_Conference_Door,1.41,0.18,-1.24
30.779,0,Wall_3mx20cm_Conference_Door,1.41,0.16,-1.24
30.807,0,Wall_3mx20cm_Conference_Door,1.41,0.16,-1.25
30.835,0,Wall_3mx20cm_Conference_Door,1.41,0.16,-1.25
30.877,0,Wall_3mx20cm_Conference_Door,1.41,0.16,-1.25
30.905,0,Wall_3mx20cm_Conference_Door,1.41,0.15,-1.24
30.947,0,Wall_3mx20cm_Conference_Door,1.41,0.20,-1.24
30.974,0,Wall_3mx20cm_Conference_Door,1.41,0.19,-1.23
31.002,0,Wall_3mx20cm_Conference_Door,1.41,0.17,-1.23
31.044,0,Wall_3mx20cm_Conference_Door,1.41,0.19,-1.23
31.071,0,Wall_3mx20cm_Conference_Door,1.41,0.21,-1.23
31.113,0,Wall_3mx20cm_Conference_Door,1.41,0.19,-1.23
31.141,0,Wall_3mx20cm_Conference_Door,1.41,0.15,-1.23
31.169,0,Wall_3mx20cm_Conference_Door,1.41,0.13,-1.23
31.210,0,Wall_3mx20cm_Conference_Door,1.41,0.13,-1.23
31.239,0,Wall_3mx20cm_Conference_Door,1.41,0.13,-1.23
31.281,0,Wall_3mx20cm_Conference_Door,1.41,0.12,-1.24
31.308,0,Wall_3mx20cm_Conference_Door,1.41,0.12,-1.24
31.336,0,Wall_3mx20cm_Conference_Door,1.41,0.15,-1.24
31.378,0,Wall_3mx20cm_Conference_Door,1.41,0.16,-1.24
31.405,0,Wall_3mx20cm_Conference_Door,1.41,0.15,-1.24
31.433,0,Wall_3mx20cm_Conference_Door,1.41,0.16,-1.24
31.475,0,Wall_3mx20cm_Conference_Door,1.41,0.14,-1.25
31.503,0,Wall_3mx20cm_Conference_Door,1.41,0.15,-1.25
31.545,0,Wall_3mx20cm_Conference_Door,1.41,0.18,-1.25
31.573,0,Wall_3mx20cm_Conference_Door,1.41,0.16,-1.25
31.601,0,Wall_3mx20cm_Conference_Door,1.41,0.14,-1.26
31.643,0,Wall_3mx20cm_Conference_Door,1.41,0.13,-1.27
31.671,0,Wall_3mx20cm_Conference_Door,1.41,0.11,-1.27
31.712,0,Wall_3mx20cm_Conference_Door,1.41,0.13,-1.28
31.740,0,Wall_3mx20cm_Conference_Door,1.41,0.14,-1.28
31.768,0,Wall_3mx20cm_Conference_Door,1.41,0.14,-1.28
31.809,0,Wall_3mx20cm_Conference_Door,1.41,0.15,-1.28
31.837,0,Wall_3mx20cm_Conference_Door,1.41,0.15,-1.27
31.880,0,Wall_3mx20cm_Conference_Door,1.41,0.14,-1.27
31.907,0,Wall_3mx20cm_Conference_Door,1.41,0.14,-1.26
31.934,0,Wall_3mx20cm_Conference_Door,1.41,0.15,-1.26
31.976,0,Wall_3mx20cm_Conference_Door,1.41,0.16,-1.26
32.004,0,Wall_3mx20cm_Conference_Door,1.41,0.17,-1.26
32.046,0,Wall_3mx20cm_Conference_Door,1.41,0.16,-1.26
32.074,0,Wall_3mx20cm_Conference_Door,1.41,0.14,-1.26
32.102,0,Wall_3mx20cm_Conference_Door,1.41,0.13,-1.27
32.144,0,Wall_3mx20cm_Conference_Door,1.41,0.12,-1.27
32.171,0,Wall_3mx20cm_Conference_Door,1.41,0.14,-1.27
32.213,0,Wall_3mx20cm_Conference_Door,1.41,0.16,-1.28
32.241,0,Wall_3mx20cm_Conference_Door,1.41,0.18,-1.28
32.269,0,Wall_3mx20cm_Conference_Door,1.41,0.20,-1.28
32.310,0,Wall_3mx20cm_Conference_Door,1.41,0.21,-1.29
32.338,0,Wall_3mx20cm_Conference_Door,1.41,0.21,-1.29
32.381,0,Wall_3mx20cm_Conference_Door,1.41,0.19,-1.29
32.408,0,Wall_3mx20cm_Conference_Door,1.41,0.17,-1.30
32.436,0,Wall_3mx20cm_Conference_Door,1.41,0.16,-1.30
32.478,0,Wall_3mx20cm_Conference_Door,1.41,0.17,-1.30
32.506,0,Wall_3mx20cm_Conference_Door,1.41,0.17,-1.30
32.533,0,Wall_3mx20cm_Conference_Door,1.41,0.17,-1.30
32.575,0,Wall_3mx20cm_Conference_Door,1.41,0.16,-1.30
32.603,0,Wall_3mx20cm_Conference_Door,1.41,0.17,-1.29
32.645,0,Wall_3mx20cm_Conference_Door,1.41,0.17,-1.27
32.672,0,Wall_3mx20cm_Conference_Door,1.41,0.17,-1.25
32.700,0,Wall_3mx20cm_Conference_Door,1.41,0.16,-1.24
32.743,0,Wall_3mx20cm_Conference_Door,1.41,0.19,-1.23
32.770,0,Wall_3mx20cm_Conference_Door,1.41,0.21,-1.22
32.812,0,Wall_3mx20cm_Conference_Door,1.41,0.22,-1.23
32.839,0,Wall_3mx20cm_Conference_Door,1.41,0.22,-1.23
32.867,0,Wall_3mx20cm_Conference_Door,1.41,0.21,-1.23
32.909,0,Wall_3mx20cm_Conference_Door,1.41,0.19,-1.25
32.937,0,Wall_3mx20cm_Conference_Door,1.41,0.16,-1.25
32.979,0,Wall_3mx20cm_Conference_Door,1.41,0.15,-1.25
33.006,0,Wall_3mx20cm_Conference_Door,1.41,0.16,-1.25
33.035,0,Wall_3mx20cm_Conference_Door,1.41,0.17,-1.25
33.077,0,Wall_3mx20cm_Conference_Door,1.41,0.18,-1.25
33.105,0,Wall_3mx20cm_Conference_Door,1.41,0.18,-1.25
33.147,0,Wall_3mx20cm_Conference_Door,1.41,0.20,-1.25
33.174,0,Wall_3mx20cm_Conference_Door,1.41,0.17,-1.25
33.202,0,Wall_3mx20cm_Conference_Door,1.41,0.18,-1.26
33.244,0,Wall_3mx20cm_Conference_Door,1.41,0.18,-1.27
33.272,0,Wall_3mx20cm_Conference_Door,1.41,0.19,-1.28
33.313,0,Wall_3mx20cm_Conference_Door,1.41,0.23,-1.29
33.341,0,Wall_3mx20cm_Conference_Door,1.41,0.23,-1.31
33.370,0,Wall_3mx20cm_Conference_Door,1.41,0.24,-1.32
33.411,0,Wall_3mx20cm_Conference_Door,1.41,0.25,-1.36
33.438,0,Wall_3mx20cm_Conference_Door,1.41,0.26,-1.39
33.480,0,Wall_3mx20cm_Conference_Door,1.41,0.30,-1.44
33.508,0,Wall_3mx20cm_Conference_Door,1.41,0.33,-1.48
33.535,0,Wall_3mx20cm_Conference_Door,1.41,0.38,-1.51
33.577,0,Wall_3mx20cm_Conference_Door,1.41,0.44,-1.56
33.606,0,Wall_3mx20cm_Conference_Door,1.41,0.45,-1.58
33.648,0,Wall_3mx20cm_Conference_Door,1.41,0.44,-1.60
33.675,0,Wall_3mx20cm_Conference_Door,1.41,0.45,-1.61
33.702,0,Wall_3mx20cm_Conference_Door,1.41,0.44,-1.62
33.745,0,Wall_3mx20cm_Conference_Door,1.41,0.42,-1.64
33.772,0,Wall_3mx20cm_Conference_Door,1.41,0.40,-1.64
33.801,0,Wall_3mx20cm_Conference_Door,1.41,0.37,-1.65
33.842,0,Wall_3mx20cm_Conference_Door,1.41,0.37,-1.66
33.870,0,Wall_3mx20cm_Conference_Door,1.41,0.38,-1.66
33.912,0,Wall_3mx20cm_Conference_Door,1.41,0.37,-1.66
33.940,0,Wall_3mx20cm_Conference_Door,1.41,0.37,-1.66
33.968,0,Wall_3mx20cm_Conference_Door,1.41,0.37,-1.66
34.009,0,Wall_3mx20cm_Conference_Door,1.41,0.35,-1.65
34.037,0,Wall_3mx20cm_Conference_Door,1.41,0.34,-1.65
34.079,0,Wall_3mx20cm_Conference_Door,1.41,0.34,-1.65
34.107,0,Wall_3mx20cm_Conference_Door,1.41,0.34,-1.65
34.135,0,Wall_3mx20cm_Conference_Door,1.41,0.36,-1.64
34.176,0,Wall_3mx20cm_Conference_Door,1.41,0.35,-1.63
34.203,0,Wall_3mx20cm_Conference_Door,1.41,0.32,-1.63
34.246,0,Wall_3mx20cm_Conference_Door,1.41,0.38,-1.64
34.274,0,Wall_3mx20cm_Conference_Door,1.41,0.38,-1.64
34.302,0,Wall_3mx20cm_Conference_Door,1.41,0.39,-1.64
34.343,0,Wall_3mx20cm_Conference_Door,1.41,0.39,-1.63
34.371,0,Wall_3mx20cm_Conference_Door,1.41,0.40,-1.63
34.413,0,Wall_3mx20cm_Conference_Door,1.41,0.40,-1.62
34.441,0,Wall_3mx20cm_Conference_Door,1.41,0.39,-1.63
34.469,0,Wall_3mx20cm_Conference_Door,1.41,0.40,-1.63
34.511,0,Wall_3mx20cm_Conference_Door,1.41,0.40,-1.64
34.539,0,Wall_3mx20cm_Conference_Door,1.41,0.37,-1.64
34.580,0,Wall_3mx20cm_Conference_Door,1.41,0.32,-1.65
34.607,0,Wall_3mx20cm_Conference_Door,1.41,0.32,-1.65
34.635,0,Wall_3mx20cm_Conference_Door,1.41,0.32,-1.65
34.677,0,Wall_3mx20cm_Conference_Door,1.41,0.39,-1.64
34.705,0,Wall_3mx20cm_Conference_Door,1.41,0.48,-1.63
34.747,0,Wall_3mx20cm_Conference_Door,1.41,0.59,-1.62
34.775,0,Wall_3mx20cm_Conference_Door,1.41,0.59,-1.61
34.802,0,Wall_3mx20cm_Conference_Door,1.41,0.59,-1.61
34.844,0,Wall_3mx20cm_Conference_Door,1.41,0.60,-1.61
34.872,0,Wall_3mx20cm_Conference_Door,1.41,0.59,-1.61
34.914,0,Wall_3mx20cm_Conference_Door,1.41,0.55,-1.61
34.942,0,Wall_3mx20cm_Conference_Door,1.41,0.52,-1.61
34.969,0,Wall_3mx20cm_Conference_Door,1.41,0.51,-1.60
35.012,0,Wall_3mx20cm_Conference_Door,1.41,0.48,-1.60
35.040,0,Wall_3mx20cm_Conference_Door,1.41,0.48,-1.59
35.067,0,Wall_3mx20cm_Conference_Door,1.41,0.49,-1.58
35.109,0,Wall_3mx20cm_Conference_Door,1.41,0.50,-1.55
35.137,0,Wall_3mx20cm_Conference_Door,1.41,0.54,-1.55
35.178,0,Wall_3mx20cm_Conference_Door,1.41,0.57,-1.53
35.206,0,Wall_3mx20cm_Conference_Door,1.41,0.60,-1.52
35.234,0,Wall_3mx20cm_Conference_Door,1.41,0.63,-1.51
35.276,0,Wall_3mx20cm_Conference_Door,1.41,0.64,-1.49
35.304,0,Wall_3mx20cm_Conference_Door,1.41,0.65,-1.48
35.345,0,Wall_3mx20cm_Conference_Door,1.41,0.64,-1.46
35.373,0,Wall_3mx20cm_Conference_Door,1.41,0.63,-1.45
35.401,0,Wall_3mx20cm_Conference_Door,1.41,0.61,-1.45
35.443,0,Wall_3mx20cm_Conference_Door,1.41,0.60,-1.44
35.470,0,Wall_3mx20cm_Conference_Door,1.41,0.59,-1.43
35.512,0,Wall_3mx20cm_Conference_Door,1.41,0.60,-1.42
35.541,0,Wall_3mx20cm_Conference_Door,1.41,0.61,-1.41
35.569,0,Wall_3mx20cm_Conference_Door,1.41,0.61,-1.41
35.610,0,Wall_3mx20cm_Conference_Door,1.41,0.61,-1.41
35.638,0,Wall_3mx20cm_Conference_Door,1.41,0.62,-1.41
35.680,0,Wall_3mx20cm_Conference_Door,1.41,0.61,-1.42
35.707,0,Wall_3mx20cm_Conference_Door,1.41,0.60,-1.42
35.735,0,Wall_3mx20cm_Conference_Door,1.41,0.59,-1.42
35.777,0,Wall_3mx20cm_Conference_Door,1.41,0.57,-1.42
35.805,0,Wall_3mx20cm_Conference_Door,1.41,0.58,-1.41
35.847,0,Wall_3mx20cm_Conference_Door,1.41,0.59,-1.41
35.875,0,Wall_3mx20cm_Conference_Door,1.41,0.60,-1.41
35.903,0,Wall_3mx20cm_Conference_Door,1.41,0.61,-1.41
35.944,0,Wall_3mx20cm_Conference_Door,1.41,0.61,-1.42
35.973,0,Wall_3mx20cm_Conference_Door,1.41,0.60,-1.42
36.000,0,Wall_3mx20cm_Conference_Door,1.41,0.60,-1.42
36.042,0,Wall_3mx20cm_Conference_Door,1.41,0.57,-1.43
36.070,0,Wall_3mx20cm_Conference_Door,1.41,0.56,-1.42
36.111,0,Wall_3mx20cm_Conference_Door,1.41,0.55,-1.42
36.140,0,Wall_3mx20cm_Conference_Door,1.41,0.54,-1.42
36.168,0,Wall_3mx20cm_Conference_Door,1.41,0.54,-1.42
36.209,0,Wall_3mx20cm_Conference_Door,1.41,0.55,-1.42
36.237,0,Wall_3mx20cm_Conference_Door,1.41,0.55,-1.42
36.279,0,Wall_3mx20cm_Conference_Door,1.41,0.56,-1.42
36.307,0,Wall_3mx20cm_Conference_Door,1.41,0.56,-1.43
36.335,0,Wall_3mx20cm_Conference_Door,1.41,0.58,-1.43
36.376,0,Wall_3mx20cm_Conference_Door,1.41,0.59,-1.43
36.404,0,Wall_3mx20cm_Conference_Door,1.41,0.58,-1.43
36.445,0,Wall_3mx20cm_Conference_Door,1.41,0.60,-1.44
36.473,0,Wall_3mx20cm_Conference_Door,1.41,0.60,-1.44
36.501,0,Wall_3mx20cm_Conference_Door,1.41,0.61,-1.44
36.543,0,Wall_3mx20cm_Conference_Door,1.41,0.60,-1.45
36.571,0,Wall_3mx20cm_Conference_Door,1.41,0.60,-1.45
36.613,0,Wall_3mx20cm_Conference_Door,1.41,0.59,-1.46
36.641,0,Wall_3mx20cm_Conference_Door,1.41,0.59,-1.46
36.668,0,Wall_3mx20cm_Conference_Door,1.41,0.58,-1.45
36.710,0,Wall_3mx20cm_Conference_Door,1.41,0.56,-1.44
36.738,0,Wall_3mx20cm_Conference_Door,1.41,0.53,-1.44
36.767,0,Wall_3mx20cm_Conference_Door,1.41,0.50,-1.43
36.807,0,Wall_3mx20cm_Conference_Door,1.41,0.40,-1.40
36.835,0,Wall_3mx20cm_Conference_Door,1.41,0.31,-1.37
36.877,0,Wall_3mx20cm_Conference_Door,1.41,0.22,-1.31
36.905,0,Wall_3mx20cm_Conference_Door,1.41,0.17,-1.27
36.933,0,Wall_3mx20cm_Conference_Door,1.41,0.08,-1.23
36.974,0,Wall_3mx20cm_Conference_Door,1.41,-0.02,-1.17
37.002,0,Wall_3mx20cm_Conference_Door,1.41,-0.11,-1.15
37.044,0,Wall_3mx20cm_Conference_Door,1.41,-0.21,-1.11
37.071,0,Wall_3mx20cm_Door (1),1.41,-0.25,-1.09
37.114,0,Wall_3mx20cm_Door (1),1.41,-0.34,-1.06
37.142,0,Wall_3mx20cm_Door (1),1.41,-0.41,-1.05
37.169,0,Wall_3mx20cm_Door (1),1.41,-0.45,-1.04
37.211,0,Wall_3mx20cm_Door (1),1.41,-0.51,-1.01
37.239,0,Wall_3mx20cm_Door (1),1.41,-0.55,-0.98
37.281,0,Wall_3mx20cm_Door (1),1.41,-0.60,-0.95
37.308,0,Wall_3mx20cm_Door (1),1.41,-0.62,-0.93
37.336,0,Wall_3mx20cm_Door (1),1.41,-0.64,-0.91
37.378,0,Wall_3mx20cm_Door (1),1.41,-0.64,-0.88
37.406,0,Wall_3mx20cm_Door (1),1.41,-0.65,-0.88
37.433,0,Wall_3mx20cm_Door (1),1.41,-0.63,-0.88
37.476,0,Wall_3mx20cm_Door (1),1.41,-0.63,-0.89
37.504,0,Wall_3mx20cm_Door (1),1.41,-0.61,-0.90
37.545,0,Wall_3mx20cm_Door (1),1.41,-0.54,-0.93
37.573,0,Wall_3mx20cm_Door (1),1.41,-0.51,-0.95
37.601,0,Wall_3mx20cm_Door (1),1.41,-0.47,-0.98
37.643,0,Wall_3mx20cm_Door (1),1.41,-0.41,-1.02
37.671,0,Wall_3mx20cm_Door (1),1.41,-0.37,-1.05
37.712,0,Wall_3mx20cm_Door (1),1.41,-0.31,-1.08
37.740,0,Wall_3mx20cm_Door (1),1.41,-0.28,-1.09
37.768,0,Wall_3mx20cm_Conference_Door,1.41,-0.25,-1.10
37.809,0,Wall_3mx20cm_Conference_Door,1.41,-0.20,-1.12
37.839,0,Wall_3mx20cm_Conference_Door,1.41,-0.17,-1.13
37.879,0,Wall_3mx20cm_Conference_Door,1.41,-0.14,-1.16
37.907,0,Wall_3mx20cm_Conference_Door,1.41,-0.12,-1.18
37.935,0,Wall_3mx20cm_Conference_Door,1.41,-0.11,-1.20
38.063,0,Wall_3mx20cm_Conference_Door,1.41,-0.10,-1.23
38.063,0,Wall_3mx20cm_Conference_Door,1.41,-0.10,-1.23
38.063,0,Wall_3mx20cm_Conference_Door,1.41,-0.10,-1.23
38.074,0,Wall_3mx20cm_Conference_Door,1.41,-0.08,-1.27
38.101,0,Wall_3mx20cm_Conference_Door,1.41,-0.07,-1.28
38.143,0,Wall_3mx20cm_Conference_Door,1.41,-0.06,-1.30
38.171,0,Wall_3mx20cm_Conference_Door,1.41,-0.05,-1.31
38.213,0,Wall_3mx20cm_Conference_Door,1.41,-0.05,-1.33
38.240,0,Wall_3mx20cm_Conference_Door,1.41,-0.04,-1.34
38.268,0,Wall_3mx20cm_Conference_Door,1.41,-0.04,-1.35
38.311,0,Wall_3mx20cm_Conference_Door,1.41,-0.04,-1.36
38.338,0,Wall_3mx20cm_Conference_Door,1.41,-0.03,-1.37
38.380,0,Wall_3mx20cm_Conference_Door,1.41,-0.02,-1.38
38.408,0,Wall_3mx20cm_Conference_Door,1.41,-0.02,-1.38
38.436,0,Wall_3mx20cm_Conference_Door,1.41,-0.01,-1.39
38.477,0,Wall_3mx20cm_Conference_Door,1.41,-0.01,-1.40
38.505,0,Wall_3mx20cm_Conference_Door,1.41,-0.01,-1.40
38.547,0,Wall_3mx20cm_Conference_Door,1.41,0.00,-1.41
38.575,0,Wall_3mx20cm_Conference_Door,1.41,0.01,-1.42
38.602,0,Wall_3mx20cm_Conference_Door,1.41,0.01,-1.43
38.644,0,Wall_3mx20cm_Conference_Door,1.41,0.02,-1.44
38.672,0,Wall_3mx20cm_Conference_Door,1.41,0.02,-1.45
38.700,0,Wall_3mx20cm_Conference_Door,1.41,0.03,-1.47
38.742,0,Wall_3mx20cm_Conference_Door,1.41,0.04,-1.50
38.770,0,Wall_3mx20cm_Conference_Door,1.41,0.04,-1.51
38.812,0,Wall_3mx20cm_Conference_Door,1.41,0.05,-1.53
38.839,0,Wall_3mx20cm_Conference_Door,1.41,0.06,-1.55
38.868,0,Wall_3mx20cm_Conference_Door,1.41,0.06,-1.56
38.909,0,Wall_3mx20cm_Conference_Door,1.41,0.07,-1.58
38.937,0,Wall_3mx20cm_Conference_Door,1.41,0.08,-1.60
38.979,0,Wall_3mx20cm_Conference_Door,1.41,0.08,-1.62
39.008,0,Wall_3mx20cm_Conference_Door,1.41,0.08,-1.63
39.035,0,Wall_3mx20cm_Conference_Door,1.41,0.08,-1.65
39.076,0,None,0,0,0
39.106,0,None,0,0,0
39.146,0,Conference_Room_Door_L,1.33,0.10,-1.71
39.175,0,Conference_Room_Door_L,1.33,0.10,-1.72
39.202,0,Conference_Room_Door_L,1.33,0.10,-1.74
39.243,0,Conference_Room_Door_L,1.33,0.09,-1.76
39.272,0,Conference_Room_Door_L,1.33,0.09,-1.77
39.314,0,Conference_Room_Door_L,1.33,0.09,-1.79
39.342,0,Conference_Room_Door_L,1.33,0.08,-1.80
39.370,0,Conference_Room_Door_L,1.33,0.08,-1.81
39.411,0,Conference_Room_Door_L,1.33,0.08,-1.81
39.439,0,Conference_Room_Door_L,1.33,0.08,-1.82
39.467,0,Conference_Room_Door_L,1.33,0.07,-1.82
39.508,0,Conference_Room_Door_L,1.33,0.06,-1.83
39.536,0,Conference_Room_Door_L,1.33,0.06,-1.83
39.578,0,Conference_Room_Door_L,1.33,0.06,-1.83
39.606,0,Conference_Room_Door_L,1.33,0.05,-1.83
39.634,0,Conference_Room_Door_L,1.33,0.05,-1.83
39.675,0,Conference_Room_Door_L,1.33,0.05,-1.83
39.704,0,Conference_Room_Door_L,1.33,0.05,-1.83
39.745,0,Conference_Room_Door_L,1.33,0.05,-1.83
39.773,0,Conference_Room_Door_L,1.33,0.05,-1.83
39.801,0,Conference_Room_Door_L,1.33,0.05,-1.83
39.842,0,Conference_Room_Door_L,1.33,0.05,-1.83
39.871,0,Conference_Room_Door_L,1.33,0.05,-1.83
39.912,0,Conference_Room_Door_L,1.33,0.06,-1.83
39.940,0,Conference_Room_Door_L,1.33,0.06,-1.83
39.968,0,Conference_Room_Door_L,1.33,0.06,-1.83
40.010,0,Conference_Room_Door_L,1.33,0.05,-1.83
40.038,0,Conference_Room_Door_L,1.33,0.05,-1.83
40.079,0,Conference_Room_Door_L,1.33,0.05,-1.83
40.107,0,Conference_Room_Door_L,1.33,0.05,-1.84
40.136,0,Conference_Room_Door_L,1.33,0.05,-1.84
40.177,0,Conference_Room_Door_L,1.33,0.05,-1.84
40.205,0,Conference_Room_Door_L,1.33,0.05,-1.84
40.247,0,Conference_Room_Door_L,1.33,0.05,-1.84
40.274,0,Conference_Room_Door_L,1.33,0.04,-1.84
40.302,0,Conference_Room_Door_L,1.33,0.04,-1.84
40.344,0,Conference_Room_Door_L,1.33,0.04,-1.84
40.372,0,Conference_Room_Door_L,1.33,0.04,-1.85
40.413,0,Conference_Room_Door_L,1.33,0.04,-1.85
40.461,0,Conference_Room_Door_L,1.33,0.04,-1.85
40.472,0,Conference_Room_Door_L,1.33,0.05,-1.86
40.511,0,Conference_Room_Door_L,1.33,0.04,-1.86
40.538,0,Conference_Room_Door_L,1.33,0.05,-1.87
40.567,0,Conference_Room_Door_L,1.33,0.05,-1.88
40.609,0,Conference_Room_Door_L,1.33,0.05,-1.88
40.636,0,Conference_Room_Door_L,1.33,0.05,-1.88
40.678,0,Conference_Room_Door_L,1.33,0.05,-1.88
40.706,0,Conference_Room_Door_L,1.33,0.06,-1.88
40.734,0,Conference_Room_Door_L,1.33,0.06,-1.88
40.775,0,Conference_Room_Door_L,1.33,0.06,-1.88
40.803,0,Conference_Room_Door_L,1.33,0.06,-1.88
40.845,0,Conference_Room_Door_L,1.33,0.04,-1.88
40.872,0,Conference_Room_Door_L,1.33,0.04,-1.88
40.914,0,Conference_Room_Door_L,1.33,0.04,-1.89
40.942,0,Conference_Room_Door_L,1.33,0.05,-1.89
40.970,0,Conference_Room_Door_L,1.33,0.05,-1.89
41.012,0,Conference_Room_Door_L,1.33,0.05,-1.89
41.040,0,Conference_Room_Door_L,1.33,0.06,-1.89
41.068,0,Conference_Room_Door_L,1.33,0.05,-1.88
41.109,0,Conference_Room_Door_L,1.33,0.05,-1.88
41.137,0,Conference_Room_Door_L,1.33,0.05,-1.88
41.179,0,Conference_Room_Door_L,1.33,0.05,-1.88
41.207,0,Conference_Room_Door_L,1.33,0.05,-1.89
41.234,0,Conference_Room_Door_L,1.33,0.05,-1.89
41.277,0,Conference_Room_Door_L,1.33,0.06,-1.88
41.304,0,Conference_Room_Door_L,1.33,0.06,-1.88
41.346,0,Conference_Room_Door_L,1.33,0.06,-1.88
41.374,0,Conference_Room_Door_L,1.33,0.06,-1.88
41.402,0,Conference_Room_Door_L,1.33,0.06,-1.89
41.444,0,Conference_Room_Door_L,1.33,0.06,-1.89
41.472,0,Conference_Room_Door_L,1.33,0.06,-1.89
41.514,0,Conference_Room_Door_L,1.33,0.06,-1.88
41.541,0,Conference_Room_Door_L,1.33,0.06,-1.88
41.569,0,Conference_Room_Door_L,1.33,0.06,-1.88
41.611,0,Conference_Room_Door_L,1.33,0.06,-1.88
41.640,0,Conference_Room_Door_L,1.33,0.07,-1.88
41.667,0,Conference_Room_Door_L,1.33,0.06,-1.88
41.708,0,Conference_Room_Door_L,1.33,0.06,-1.88
41.736,0,Conference_Room_Door_L,1.33,0.06,-1.87
41.778,0,Conference_Room_Door_L,1.33,0.06,-1.88
41.806,0,Conference_Room_Door_L,1.33,0.07,-1.88
41.834,0,Conference_Room_Door_L,1.33,0.07,-1.88
41.877,0,Conference_Room_Door_L,1.33,0.07,-1.88
41.903,0,Conference_Room_Door_L,1.33,0.07,-1.87
41.945,0,Conference_Room_Door_L,1.33,0.07,-1.87
41.973,0,Conference_Room_Door_L,1.33,0.06,-1.87
42.001,0,Conference_Room_Door_L,1.33,0.06,-1.87
42.042,0,Conference_Room_Door_L,1.33,0.06,-1.88
42.070,0,Conference_Room_Door_L,1.33,0.06,-1.88
42.112,0,Conference_Room_Door_L,1.33,0.07,-1.88
42.141,0,Conference_Room_Door_L,1.33,0.07,-1.88
42.168,0,Conference_Room_Door_L,1.33,0.07,-1.88
42.209,0,Conference_Room_Door_L,1.33,0.07,-1.88
42.237,0,Conference_Room_Door_L,1.33,0.07,-1.88
42.279,0,Conference_Room_Door_L,1.33,0.07,-1.88
42.307,0,Conference_Room_Door_L,1.33,0.07,-1.88
42.335,0,Conference_Room_Door_L,1.33,0.07,-1.88
42.377,0,Conference_Room_Door_L,1.33,0.08,-1.87
42.404,0,Conference_Room_Door_L,1.33,0.08,-1.87
42.446,0,Conference_Room_Door_L,1.33,0.07,-1.87
42.475,0,Conference_Room_Door_L,1.33,0.07,-1.87
42.502,0,Conference_Room_Door_L,1.33,0.08,-1.87
42.544,0,Conference_Room_Door_L,1.33,0.07,-1.87
42.572,0,Conference_Room_Door_L,1.33,0.07,-1.87
42.614,0,Conference_Room_Door_L,1.33,0.07,-1.88
42.641,0,Conference_Room_Door_L,1.33,0.07,-1.88
42.669,0,Conference_Room_Door_L,1.33,0.07,-1.88
42.711,0,Conference_Room_Door_L,1.33,0.07,-1.87
42.738,0,Conference_Room_Door_L,1.33,0.07,-1.87
42.780,0,Conference_Room_Door_L,1.33,0.07,-1.87
42.808,0,Conference_Room_Door_L,1.33,0.07,-1.87
42.837,0,Conference_Room_Door_L,1.33,0.07,-1.87
42.878,0,Conference_Room_Door_L,1.33,0.07,-1.87
42.906,0,Conference_Room_Door_L,1.33,0.07,-1.87
42.934,0,Conference_Room_Door_L,1.33,0.07,-1.87
42.975,0,Conference_Room_Door_L,1.33,0.07,-1.87
43.003,0,Conference_Room_Door_L,1.33,0.07,-1.87
43.045,0,Conference_Room_Door_L,1.33,0.07,-1.87
43.073,0,Conference_Room_Door_L,1.33,0.07,-1.87
43.101,0,Conference_Room_Door_L,1.33,0.07,-1.87
43.142,0,Conference_Room_Door_L,1.33,0.07,-1.87
43.170,0,Conference_Room_Door_L,1.33,0.07,-1.87
43.212,0,Conference_Room_Door_L,1.33,0.07,-1.87
43.240,0,Conference_Room_Door_L,1.33,0.07,-1.87
43.268,0,Conference_Room_Door_L,1.33,0.07,-1.87
43.310,0,Conference_Room_Door_L,1.33,0.07,-1.86
43.338,0,Conference_Room_Door_L,1.33,0.07,-1.86
43.379,0,Conference_Room_Door_L,1.33,0.08,-1.86
43.407,0,Conference_Room_Door_L,1.33,0.07,-1.86
43.435,0,Conference_Room_Door_L,1.33,0.07,-1.87
43.476,0,Conference_Room_Door_L,1.33,0.07,-1.87
43.505,0,Conference_Room_Door_L,1.33,0.07,-1.87
43.546,0,Conference_Room_Door_L,1.33,0.08,-1.87
43.573,0,Conference_Room_Door_L,1.33,0.08,-1.87
43.602,0,Conference_Room_Door_L,1.33,0.08,-1.87
43.644,0,Conference_Room_Door_L,1.33,0.08,-1.86
43.672,0,Conference_Room_Door_L,1.33,0.08,-1.86
43.713,0,Conference_Room_Door_L,1.33,0.08,-1.86
43.741,0,Conference_Room_Door_L,1.33,0.08,-1.86
43.769,0,Conference_Room_Door_L,1.33,0.08,-1.86
43.811,0,Conference_Room_Door_L,1.33,0.08,-1.86
43.839,0,Conference_Room_Door_L,1.33,0.08,-1.86
43.880,0,Conference_Room_Door_L,1.33,0.08,-1.86
43.909,0,Conference_Room_Door_L,1.33,0.08,-1.86
43.936,0,Conference_Room_Door_L,1.33,0.08,-1.86
43.978,0,Conference_Room_Door_L,1.33,0.09,-1.86
44.005,0,Conference_Room_Door_L,1.33,0.09,-1.86
44.034,0,Conference_Room_Door_L,1.33,0.09,-1.86
44.075,0,Conference_Room_Door_L,1.33,0.09,-1.86
44.102,0,Conference_Room_Door_L,1.33,0.09,-1.86
44.145,0,Conference_Room_Door_L,1.33,0.10,-1.86
44.172,0,Conference_Room_Door_L,1.33,0.10,-1.86
44.200,0,Conference_Room_Door_L,1.33,0.10,-1.86
44.243,0,Conference_Room_Door_L,1.33,0.10,-1.86
44.273,0,Conference_Room_Door_L,1.33,0.11,-1.86
44.310,0,Conference_Room_Door_L,1.33,0.10,-1.86
44.340,0,Conference_Room_Door_L,1.33,0.10,-1.86
44.368,0,Conference_Room_Door_L,1.33,0.10,-1.86
44.409,0,Conference_Room_Door_L,1.33,0.11,-1.86
44.437,0,Conference_Room_Door_L,1.33,0.11,-1.86
44.478,0,Conference_Room_Door_L,1.33,0.11,-1.86
44.507,0,Conference_Room_Door_L,1.33,0.12,-1.86
44.534,0,Conference_Room_Door_L,1.33,0.12,-1.85
44.576,0,Conference_Room_Door_L,1.33,0.11,-1.85
44.603,0,Conference_Room_Door_L,1.33,0.10,-1.85
44.645,0,Conference_Room_Door_L,1.33,0.10,-1.85
44.674,0,Conference_Room_Door_L,1.33,0.10,-1.85
44.701,0,Conference_Room_Door_L,1.33,0.10,-1.86
44.743,0,Conference_Room_Door_L,1.33,0.10,-1.85
44.771,0,Conference_Room_Door_L,1.33,0.10,-1.85
44.813,0,Conference_Room_Door_L,1.33,0.11,-1.86
44.841,0,Conference_Room_Door_L,1.33,0.10,-1.86
44.869,0,Conference_Room_Door_L,1.33,0.10,-1.86
44.910,0,Conference_Room_Door_L,1.33,0.12,-1.86
44.938,0,Conference_Room_Door_L,1.33,0.12,-1.86
44.980,0,Conference_Room_Door_L,1.33,0.12,-1.86
45.007,0,Conference_Room_Door_L,1.33,0.13,-1.86
45.035,0,Conference_Room_Door_L,1.33,0.13,-1.86
45.076,0,Conference_Room_Door_L,1.33,0.12,-1.86
45.105,0,Conference_Room_Door_L,1.33,0.13,-1.86
45.147,0,Conference_Room_Door_L,1.33,0.13,-1.86
45.175,0,Conference_Room_Door_L,1.33,0.13,-1.86
45.202,0,Conference_Room_Door_L,1.33,0.12,-1.87
45.244,0,Conference_Room_Door_L,1.33,0.12,-1.87
45.273,0,Conference_Room_Door_L,1.33,0.13,-1.87
45.314,0,Conference_Room_Door_L,1.33,0.14,-1.88
45.341,0,Conference_Room_Door_L,1.33,0.14,-1.88
45.370,0,Conference_Room_Door_L,1.33,0.14,-1.89
45.412,0,Conference_Room_Door_L,1.33,0.14,-1.88
45.440,0,Conference_Room_Door_L,1.33,0.14,-1.88
45.468,0,Conference_Room_Door_L,1.33,0.13,-1.88
45.509,0,Conference_Room_Door_L,1.33,0.13,-1.88
45.537,0,Conference_Room_Door_L,1.33,0.13,-1.88
45.579,0,Conference_Room_Door_L,1.33,0.13,-1.88
45.607,0,Conference_Room_Door_L,1.33,0.13,-1.88
45.634,0,Conference_Room_Door_L,1.33,0.14,-1.88
45.676,0,Conference_Room_Door_L,1.33,0.14,-1.88
45.704,0,Conference_Room_Door_L,1.33,0.15,-1.89
45.745,0,Conference_Room_Door_L,1.33,0.15,-1.89
45.773,0,Conference_Room_Door_L,1.33,0.16,-1.89
45.800,0,Conference_Room_Door_L,1.33,0.16,-1.90
45.843,0,Conference_Room_Door_L,1.33,0.16,-1.90
45.871,0,Conference_Room_Door_L,1.33,0.16,-1.90
45.912,0,Conference_Room_Door_L,1.33,0.17,-1.90
45.940,0,Conference_Room_Door_L,1.33,0.17,-1.89
45.968,0,Conference_Room_Door_L,1.33,0.17,-1.89
46.010,0,Conference_Room_Door_L,1.33,0.17,-1.89
46.039,0,Conference_Room_Door_L,1.33,0.17,-1.89
46.080,0,Conference_Room_Door_L,1.33,0.17,-1.90
46.107,0,Conference_Room_Door_L,1.33,0.17,-1.90
46.136,0,Conference_Room_Door_L,1.33,0.18,-1.90
46.178,0,Conference_Room_Door_L,1.33,0.18,-1.91
46.206,0,Conference_Room_Door_L,1.33,0.18,-1.91
46.247,0,Conference_Room_Door_L,1.33,0.18,-1.91
46.275,0,Conference_Room_Door_L,1.33,0.18,-1.91
46.303,0,Conference_Room_Door_L,1.33,0.17,-1.91
46.344,0,Conference_Room_Door_L,1.33,0.17,-1.90
46.372,0,Conference_Room_Door_L,1.33,0.17,-1.90
46.400,0,Conference_Room_Door_L,1.33,0.17,-1.90
46.442,0,Conference_Room_Door_L,1.33,0.17,-1.90
46.469,0,Conference_Room_Door_L,1.33,0.17,-1.90
46.511,0,Conference_Room_Door_L,1.33,0.17,-1.90
46.539,0,Conference_Room_Door_L,1.33,0.17,-1.90
46.567,0,Conference_Room_Door_L,1.33,0.17,-1.90
46.609,0,Conference_Room_Door_L,1.33,0.17,-1.90
46.636,0,Conference_Room_Door_L,1.33,0.17,-1.91
46.679,0,Conference_Room_Door_L,1.33,0.17,-1.91
46.706,0,Conference_Room_Door_L,1.33,0.17,-1.91
46.734,0,Conference_Room_Door_L,1.33,0.17,-1.91
46.776,0,Conference_Room_Door_L,1.33,0.17,-1.90
46.804,0,Conference_Room_Door_L,1.33,0.17,-1.90
46.845,0,Conference_Room_Door_L,1.33,0.18,-1.90
46.873,0,Conference_Room_Door_L,1.33,0.18,-1.90
46.901,0,Conference_Room_Door_L,1.33,0.18,-1.90
46.944,0,Conference_Room_Door_L,1.33,0.18,-1.91
46.971,0,Conference_Room_Door_L,1.33,0.17,-1.90
47.012,0,Conference_Room_Door_L,1.33,0.18,-1.91
47.041,0,Conference_Room_Door_L,1.33,0.18,-1.91
47.069,0,Conference_Room_Door_L,1.33,0.18,-1.91
47.110,0,Conference_Room_Door_L,1.33,0.18,-1.90
47.138,0,Conference_Room_Door_L,1.33,0.18,-1.90
47.180,0,Conference_Room_Door_L,1.33,0.18,-1.90
47.207,0,Conference_Room_Door_L,1.33,0.18,-1.90
47.235,0,Conference_Room_Door_L,1.33,0.18,-1.90
47.278,0,Conference_Room_Door_L,1.33,0.17,-1.90
47.305,0,Conference_Room_Door_L,1.33,0.17,-1.90
47.348,0,Conference_Room_Door_L,1.33,0.17,-1.90
47.375,0,Conference_Room_Door_L,1.33,0.17,-1.90
47.403,0,Conference_Room_Door_L,1.33,0.17,-1.91
47.445,0,Conference_Room_Door_L,1.33,0.17,-1.92
47.473,0,Conference_Room_Door_L,1.33,0.17,-1.92
47.501,0,Conference_Room_Door_L,1.33,0.17,-1.92
47.542,0,Conference_Room_Door_L,1.33,0.17,-1.92
47.570,0,Conference_Room_Door_L,1.33,0.18,-1.92
47.611,0,Conference_Room_Door_L,1.33,0.18,-1.92
47.639,0,Conference_Room_Door_L,1.33,0.18,-1.92
47.667,0,Conference_Room_Door_L,1.33,0.18,-1.92
47.709,0,Conference_Room_Door_L,1.33,0.18,-1.92
47.737,0,Conference_Room_Door_L,1.33,0.18,-1.91
47.779,0,Conference_Room_Door_L,1.33,0.17,-1.91
47.807,0,Conference_Room_Door_L,1.33,0.17,-1.91
47.835,0,Conference_Room_Door_L,1.33,0.16,-1.90
47.877,0,Conference_Room_Door_L,1.33,0.17,-1.90
47.904,0,Conference_Room_Door_L,1.33,0.17,-1.91
47.946,0,Conference_Room_Door_L,1.33,0.17,-1.91
47.973,0,Conference_Room_Door_L,1.33,0.17,-1.91
48.002,0,Conference_Room_Door_L,1.33,0.17,-1.91
48.043,0,Conference_Room_Door_L,1.33,0.17,-1.91
48.072,0,Conference_Room_Door_L,1.33,0.16,-1.90
48.113,0,Conference_Room_Door_L,1.33,0.16,-1.90
48.140,0,Conference_Room_Door_L,1.33,0.16,-1.90
48.168,0,Conference_Room_Door_L,1.33,0.17,-1.90
48.210,0,Conference_Room_Door_L,1.33,0.17,-1.90
48.239,0,Conference_Room_Door_L,1.33,0.17,-1.90
48.280,0,Conference_Room_Door_L,1.33,0.17,-1.91
48.307,0,Conference_Room_Door_L,1.33,0.17,-1.91
48.336,0,Conference_Room_Door_L,1.33,0.17,-1.91
48.378,0,Conference_Room_Door_L,1.33,0.18,-1.91
48.405,0,Conference_Room_Door_L,1.33,0.18,-1.91
48.434,0,Conference_Room_Door_L,1.33,0.18,-1.91
48.474,0,Conference_Room_Door_L,1.33,0.18,-1.91
48.503,0,Conference_Room_Door_L,1.33,0.18,-1.91
48.544,0,Conference_Room_Door_L,1.33,0.18,-1.90
48.572,0,Conference_Room_Door_L,1.33,0.18,-1.90
48.614,0,Conference_Room_Door_L,1.33,0.18,-1.90
48.641,0,Conference_Room_Door_L,1.33,0.18,-1.90
48.670,0,Conference_Room_Door_L,1.33,0.18,-1.90
48.711,0,Conference_Room_Door_L,1.33,0.19,-1.91
48.739,0,Conference_Room_Door_L,1.33,0.19,-1.91
48.767,0,Conference_Room_Door_L,1.33,0.19,-1.92
48.808,0,Conference_Room_Door_L,1.33,0.20,-1.92
48.836,0,Conference_Room_Door_L,1.33,0.20,-1.91
48.878,0,Conference_Room_Door_L,1.33,0.19,-1.91
48.906,0,Conference_Room_Door_L,1.33,0.19,-1.91
48.935,0,Conference_Room_Door_L,1.33,0.19,-1.91
48.975,0,Conference_Room_Door_L,1.33,0.19,-1.91
49.003,0,Conference_Room_Door_L,1.33,0.19,-1.91
49.045,0,Conference_Room_Door_L,1.33,0.19,-1.91
49.074,0,Conference_Room_Door_L,1.33,0.19,-1.91
49.101,0,Conference_Room_Door_L,1.33,0.19,-1.91
49.143,0,Conference_Room_Door_L,1.33,0.19,-1.92
49.171,0,Conference_Room_Door_L,1.33,0.19,-1.92
49.213,0,Conference_Room_Door_L,1.33,0.19,-1.92
49.241,0,Conference_Room_Door_L,1.33,0.19,-1.92
49.269,0,Conference_Room_Door_L,1.33,0.19,-1.92
49.310,0,Conference_Room_Door_L,1.33,0.18,-1.92
49.337,0,Conference_Room_Door_L,1.33,0.18,-1.91
49.379,0,Conference_Room_Door_L,1.33,0.19,-1.91
49.407,0,Conference_Room_Door_L,1.33,0.19,-1.91
49.435,0,Conference_Room_Door_L,1.33,0.18,-1.91
49.477,0,Conference_Room_Door_L,1.33,0.18,-1.91
49.505,0,Conference_Room_Door_L,1.33,0.18,-1.92
49.546,0,Conference_Room_Door_L,1.33,0.19,-1.92
49.575,0,Conference_Room_Door_L,1.33,0.19,-1.92
49.603,0,Conference_Room_Door_L,1.33,0.19,-1.92
49.644,0,Conference_Room_Door_L,1.33,0.19,-1.92
49.672,0,Conference_Room_Door_L,1.33,0.20,-1.91
49.714,0,Conference_Room_Door_L,1.33,0.19,-1.91
49.742,0,Conference_Room_Door_L,1.33,0.19,-1.91
49.769,0,Conference_Room_Door_L,1.33,0.19,-1.91
49.811,0,Conference_Room_Door_L,1.33,0.19,-1.91
49.839,0,Conference_Room_Door_L,1.33,0.19,-1.91
49.867,0,Conference_Room_Door_L,1.33,0.19,-1.91
49.910,0,Conference_Room_Door_L,1.33,0.19,-1.91
49.937,0,Conference_Room_Door_L,1.33,0.19,-1.91
49.978,0,Conference_Room_Door_L,1.33,0.19,-1.92
50.006,0,Conference_Room_Door_L,1.33,0.19,-1.92
50.035,0,Conference_Room_Door_L,1.33,0.20,-1.92
50.075,0,Conference_Room_Door_L,1.33,0.19,-1.92
50.104,0,Conference_Room_Door_L,1.33,0.19,-1.91
50.145,0,Conference_Room_Door_L,1.33,0.19,-1.91
50.173,0,Conference_Room_Door_L,1.33,0.19,-1.91
50.200,0,Conference_Room_Door_L,1.33,0.20,-1.91
50.243,0,Conference_Room_Door_L,1.33,0.19,-1.91
50.271,0,Conference_Room_Door_L,1.33,0.19,-1.91
50.312,0,Conference_Room_Door_L,1.33,0.19,-1.91
50.341,0,Conference_Room_Door_L,1.33,0.19,-1.92
50.369,0,Conference_Room_Door_L,1.33,0.19,-1.92
50.410,0,Conference_Room_Door_L,1.33,0.19,-1.92
50.438,0,Conference_Room_Door_L,1.33,0.19,-1.92
50.479,0,Conference_Room_Door_L,1.33,0.19,-1.92
50.508,0,Conference_Room_Door_L,1.33,0.19,-1.92
50.535,0,Conference_Room_Door_L,1.33,0.19,-1.92
50.577,0,Conference_Room_Door_L,1.33,0.19,-1.92
50.605,0,Conference_Room_Door_L,1.33,0.19,-1.92
50.647,0,Conference_Room_Door_L,1.33,0.19,-1.92
50.675,0,Conference_Room_Door_L,1.33,0.19,-1.92
50.703,0,Conference_Room_Door_L,1.33,0.19,-1.92
50.744,0,Conference_Room_Door_L,1.33,0.19,-1.92
50.772,0,Conference_Room_Door_L,1.33,0.19,-1.92
50.801,0,Conference_Room_Door_L,1.33,0.20,-1.92
50.843,0,Conference_Room_Door_L,1.33,0.20,-1.92
50.870,0,Conference_Room_Door_L,1.33,0.20,-1.92
50.911,0,Conference_Room_Door_L,1.33,0.20,-1.92
50.939,0,Conference_Room_Door_L,1.33,0.20,-1.92
50.967,0,Conference_Room_Door_L,1.33,0.20,-1.92
51.009,0,Conference_Room_Door_L,1.33,0.20,-1.91
51.037,0,Conference_Room_Door_L,1.33,0.20,-1.91
51.079,0,Conference_Room_Door_L,1.33,0.20,-1.91
51.107,0,Conference_Room_Door_L,1.33,0.19,-1.91
51.134,0,Conference_Room_Door_L,1.33,0.19,-1.91
51.176,0,Conference_Room_Door_L,1.33,0.20,-1.91
51.204,0,Conference_Room_Door_L,1.33,0.20,-1.92
51.249,0,Conference_Room_Door_L,1.33,0.20,-1.92
51.290,0,Conference_Room_Door_L,1.33,0.20,-1.91
51.306,0,Conference_Room_Door_L,1.33,0.20,-1.91
51.348,0,Conference_Room_Door_L,1.33,0.19,-1.91
51.373,0,Conference_Room_Door_L,1.33,0.19,-1.91
51.415,0,Conference_Room_Door_L,1.33,0.19,-1.91
51.444,0,Conference_Room_Door_L,1.33,0.19,-1.91
51.486,0,Conference_Room_Door_L,1.33,0.19,-1.91
51.512,0,Conference_Room_Door_L,1.33,0.19,-1.92
51.537,0,Conference_Room_Door_L,1.33,0.19,-1.92
51.578,0,Conference_Room_Door_L,1.33,0.19,-1.92
51.607,0,Conference_Room_Door_L,1.33,0.19,-1.92
51.634,0,Conference_Room_Door_L,1.33,0.19,-1.92
51.676,0,Conference_Room_Door_L,1.33,0.19,-1.92
51.705,0,Conference_Room_Door_L,1.33,0.19,-1.92
51.747,0,Conference_Room_Door_L,1.33,0.19,-1.92
51.774,0,Conference_Room_Door_L,1.33,0.19,-1.92
51.802,0,Conference_Room_Door_L,1.33,0.19,-1.92
51.844,0,Conference_Room_Door_L,1.33,0.20,-1.92
51.872,0,Conference_Room_Door_L,1.33,0.20,-1.92
51.913,0,Conference_Room_Door_L,1.33,0.19,-1.92
51.942,0,Conference_Room_Door_L,1.33,0.19,-1.92
51.969,0,Conference_Room_Door_L,1.33,0.19,-1.92
52.011,0,Conference_Room_Door_L,1.33,0.20,-1.92
52.039,0,Conference_Room_Door_L,1.33,0.19,-1.93
52.067,0,Conference_Room_Door_L,1.33,0.19,-1.93
52.108,0,Conference_Room_Door_L,1.33,0.19,-1.93
52.136,0,Conference_Room_Door_L,1.33,0.19,-1.93
52.178,0,Conference_Room_Door_L,1.33,0.19,-1.93
52.205,0,Conference_Room_Door_L,1.33,0.19,-1.93
52.233,0,Conference_Room_Door_L,1.33,0.19,-1.93
52.275,0,Conference_Room_Door_L,1.33,0.19,-1.93
52.303,0,Conference_Room_Door_L,1.33,0.19,-1.93
52.345,0,Conference_Room_Door_L,1.33,0.19,-1.93
52.373,0,Conference_Room_Door_L,1.33,0.19,-1.93
52.400,0,Conference_Room_Door_L,1.33,0.19,-1.93
52.442,0,Conference_Room_Door_L,1.33,0.19,-1.93
52.470,0,Conference_Room_Door_L,1.33,0.20,-1.93
52.511,0,Conference_Room_Door_L,1.33,0.20,-1.93
52.540,0,Conference_Room_Door_L,1.33,0.19,-1.93
52.568,0,Conference_Room_Door_L,1.33,0.19,-1.93
52.609,0,Conference_Room_Door_L,1.33,0.19,-1.92
52.637,0,Conference_Room_Door_L,1.33,0.19,-1.92
52.679,0,Conference_Room_Door_L,1.33,0.19,-1.92
52.707,0,Conference_Room_Door_L,1.33,0.18,-1.92
52.734,0,Conference_Room_Door_L,1.33,0.19,-1.92
52.776,0,Conference_Room_Door_L,1.33,0.19,-1.93
52.804,0,Conference_Room_Door_L,1.33,0.20,-1.94
52.846,0,Conference_Room_Door_L,1.33,0.19,-1.94
52.874,0,Conference_Room_Door_L,1.33,0.19,-1.94
52.902,0,Conference_Room_Door_L,1.33,0.19,-1.94
52.944,0,Conference_Room_Door_L,1.33,0.19,-1.94
52.971,0,Conference_Room_Door_L,1.33,0.19,-1.93
53.012,0,Conference_Room_Door_L,1.33,0.19,-1.93
53.042,0,Conference_Room_Door_L,1.33,0.19,-1.93
53.069,0,Conference_Room_Door_L,1.33,0.19,-1.94
53.110,0,Conference_Room_Door_L,1.33,0.19,-1.94
53.138,0,Conference_Room_Door_L,1.33,0.20,-1.93
53.167,0,Conference_Room_Door_L,1.33,0.20,-1.93
53.208,0,Conference_Room_Door_L,1.33,0.19,-1.93
53.237,0,Conference_Room_Door_L,1.33,0.20,-1.93
53.278,0,Conference_Room_Door_L,1.33,0.20,-1.93
53.306,0,Conference_Room_Door_L,1.33,0.20,-1.93
53.334,0,Conference_Room_Door_L,1.33,0.20,-1.93
53.376,0,Conference_Room_Door_L,1.33,0.20,-1.93
53.403,0,Conference_Room_Door_L,1.33,0.20,-1.93
53.445,0,Conference_Room_Door_L,1.33,0.20,-1.93
53.473,0,Conference_Room_Door_L,1.33,0.20,-1.92
53.501,0,Conference_Room_Door_L,1.33,0.20,-1.92
53.542,0,Conference_Room_Door_L,1.33,0.20,-1.92
53.570,0,Conference_Room_Door_L,1.33,0.20,-1.92
53.612,0,Conference_Room_Door_L,1.33,0.20,-1.93
53.641,0,Conference_Room_Door_L,1.33,0.20,-1.93
53.667,0,Conference_Room_Door_L,1.33,0.20,-1.93
53.709,0,Conference_Room_Door_L,1.33,0.20,-1.93
53.738,0,Conference_Room_Door_L,1.33,0.20,-1.93
53.779,0,Conference_Room_Door_L,1.33,0.20,-1.92
53.806,0,Conference_Room_Door_L,1.33,0.20,-1.92
53.835,0,Conference_Room_Door_L,1.33,0.20,-1.92
53.876,0,Conference_Room_Door_L,1.33,0.20,-1.92
53.904,0,Conference_Room_Door_L,1.33,0.20,-1.91
53.946,0,Conference_Room_Door_L,1.33,0.20,-1.92
53.974,0,Conference_Room_Door_L,1.33,0.20,-1.92
54.002,0,Conference_Room_Door_L,1.33,0.20,-1.91
54.043,0,Conference_Room_Door_L,1.33,0.20,-1.92
54.071,0,Conference_Room_Door_L,1.33,0.20,-1.92
54.113,0,Conference_Room_Door_L,1.33,0.20,-1.92
54.141,0,Conference_Room_Door_L,1.33,0.20,-1.92
54.169,0,Conference_Room_Door_L,1.33,0.20,-1.91
54.211,0,Conference_Room_Door_L,1.33,0.20,-1.91
54.239,0,Conference_Room_Door_L,1.33,0.20,-1.91
54.281,0,Conference_Room_Door_L,1.33,0.21,-1.91
54.308,0,Conference_Room_Door_L,1.33,0.20,-1.91
54.336,0,Conference_Room_Door_L,1.33,0.20,-1.91
54.378,0,Conference_Room_Door_L,1.33,0.20,-1.91
54.405,0,Conference_Room_Door_L,1.33,0.20,-1.91
54.433,0,Conference_Room_Door_L,1.33,0.20,-1.91
54.475,0,Conference_Room_Door_L,1.33,0.20,-1.91
54.503,0,Conference_Room_Door_L,1.33,0.20,-1.91
54.544,0,Conference_Room_Door_L,1.33,0.21,-1.91
54.572,0,Conference_Room_Door_L,1.33,0.20,-1.90
54.600,0,Conference_Room_Door_L,1.33,0.20,-1.90
54.643,0,Conference_Room_Door_L,1.33,0.20,-1.90
54.670,0,Conference_Room_Door_L,1.33,0.20,-1.91
54.712,0,Conference_Room_Door_L,1.33,0.20,-1.91
54.740,0,Conference_Room_Door_L,1.33,0.20,-1.90
54.768,0,Conference_Room_Door_L,1.33,0.20,-1.90
54.809,0,Conference_Room_Door_L,1.33,0.20,-1.90
54.837,0,Conference_Room_Door_L,1.33,0.20,-1.90
54.879,0,Conference_Room_Door_L,1.33,0.20,-1.91
54.906,0,Conference_Room_Door_L,1.33,0.20,-1.91
54.934,0,Conference_Room_Door_L,1.33,0.20,-1.91
54.976,0,Conference_Room_Door_L,1.33,0.20,-1.91
55.004,0,Conference_Room_Door_L,1.33,0.20,-1.91
55.046,0,Conference_Room_Door_L,1.33,0.21,-1.90
55.074,0,Conference_Room_Door_L,1.33,0.21,-1.90
55.101,0,Conference_Room_Door_L,1.33,0.22,-1.90
55.144,0,Conference_Room_Door_L,1.33,0.21,-1.90
55.171,0,Conference_Room_Door_L,1.33,0.21,-1.90
55.212,0,Conference_Room_Door_L,1.33,0.22,-1.90
55.241,0,Conference_Room_Door_L,1.33,0.22,-1.90
55.268,0,Conference_Room_Door_L,1.33,0.23,-1.91
55.310,0,Conference_Room_Door_L,1.33,0.22,-1.91
55.338,0,Conference_Room_Door_L,1.33,0.23,-1.91
55.380,0,Conference_Room_Door_L,1.33,0.23,-1.91
55.407,0,Conference_Room_Door_L,1.33,0.22,-1.91
55.436,0,Conference_Room_Door_L,1.33,0.22,-1.91
55.477,0,Conference_Room_Door_L,1.33,0.21,-1.91
55.505,0,Conference_Room_Door_L,1.33,0.21,-1.91
55.533,0,Conference_Room_Door_L,1.33,0.21,-1.91
55.574,0,Conference_Room_Door_L,1.33,0.21,-1.91
55.603,0,Conference_Room_Door_L,1.33,0.21,-1.91
55.644,0,Conference_Room_Door_L,1.33,0.21,-1.92
55.672,0,Conference_Room_Door_L,1.33,0.21,-1.92
55.700,0,Conference_Room_Door_L,1.33,0.21,-1.92
55.742,0,Conference_Room_Door_L,1.33,0.21,-1.92
55.770,0,Conference_Room_Door_L,1.33,0.21,-1.92
55.812,0,Conference_Room_Door_L,1.33,0.20,-1.92
55.839,0,Conference_Room_Door_L,1.33,0.20,-1.92
55.867,0,Conference_Room_Door_L,1.33,0.20,-1.92
55.909,0,Conference_Room_Door_L,1.33,0.21,-1.92
55.937,0,Conference_Room_Door_L,1.33,0.22,-1.92
55.979,0,Conference_Room_Door_L,1.33,0.22,-1.91
56.007,0,Conference_Room_Door_L,1.33,0.21,-1.92
56.034,0,Conference_Room_Door_L,1.33,0.21,-1.92
56.076,0,Conference_Room_Door_L,1.33,0.22,-1.92
56.104,0,Conference_Room_Door_L,1.33,0.22,-1.92
56.146,0,Conference_Room_Door_L,1.33,0.22,-1.93
56.174,0,Conference_Room_Door_L,1.33,0.22,-1.93
56.201,0,Conference_Room_Door_L,1.33,0.22,-1.93
56.243,0,Conference_Room_Door_L,1.33,0.22,-1.92
56.271,0,Conference_Room_Door_L,1.33,0.21,-1.92
56.313,0,Conference_Room_Door_L,1.33,0.21,-1.92
56.341,0,Conference_Room_Door_L,1.33,0.21,-1.92
56.369,0,Conference_Room_Door_L,1.33,0.21,-1.92
56.411,0,Conference_Room_Door_L,1.33,0.21,-1.92
56.438,0,Conference_Room_Door_L,1.33,0.21,-1.92
56.466,0,Conference_Room_Door_L,1.33,0.21,-1.92
56.509,0,Conference_Room_Door_L,1.33,0.21,-1.92
56.536,0,Conference_Room_Door_L,1.33,0.21,-1.92
56.577,0,Conference_Room_Door_L,1.33,0.21,-1.92
56.605,0,Conference_Room_Door_L,1.33,0.20,-1.91
56.633,0,Conference_Room_Door_L,1.33,0.20,-1.91
56.675,0,Conference_Room_Door_L,1.33,0.21,-1.91
56.703,0,Conference_Room_Door_L,1.33,0.21,-1.91
56.744,0,Conference_Room_Door_L,1.33,0.21,-1.91
56.773,0,Conference_Room_Door_L,1.33,0.22,-1.91
56.800,0,Conference_Room_Door_L,1.33,0.22,-1.91
56.842,0,Conference_Room_Door_L,1.33,0.21,-1.91
56.870,0,Conference_Room_Door_L,1.33,0.21,-1.92
56.911,0,Conference_Room_Door_L,1.33,0.21,-1.92
56.940,0,Conference_Room_Door_L,1.33,0.21,-1.92
56.967,0,Conference_Room_Door_L,1.33,0.21,-1.92
57.009,0,Conference_Room_Door_L,1.33,0.21,-1.92
57.037,0,Conference_Room_Door_L,1.33,0.21,-1.92
57.079,0,Conference_Room_Door_L,1.33,0.21,-1.91
57.107,0,Conference_Room_Door_L,1.33,0.21,-1.91
57.135,0,Conference_Room_Door_L,1.33,0.21,-1.91
57.176,0,Conference_Room_Door_L,1.33,0.21,-1.91
57.204,0,Conference_Room_Door_L,1.33,0.22,-1.91
57.245,0,Conference_Room_Door_L,1.33,0.21,-1.91
57.274,0,Conference_Room_Door_L,1.33,0.21,-1.91
57.301,0,Conference_Room_Door_L,1.33,0.21,-1.91
57.343,0,Conference_Room_Door_L,1.33,0.21,-1.91
57.372,0,Conference_Room_Door_L,1.33,0.21,-1.91
57.412,0,Conference_Room_Door_L,1.33,0.21,-1.91
57.440,0,Conference_Room_Door_L,1.33,0.22,-1.91
57.468,0,Conference_Room_Door_L,1.33,0.22,-1.91
57.510,0,Conference_Room_Door_L,1.33,0.22,-1.91
57.537,0,Conference_Room_Door_L,1.33,0.22,-1.91
57.579,0,Conference_Room_Door_L,1.33,0.22,-1.90
57.607,0,Conference_Room_Door_L,1.33,0.22,-1.90
57.635,0,Conference_Room_Door_L,1.33,0.22,-1.90
57.677,0,Conference_Room_Door_L,1.33,0.21,-1.90
57.705,0,Conference_Room_Door_L,1.33,0.20,-1.89
57.746,0,Conference_Room_Door_L,1.33,0.21,-1.89
57.775,0,Conference_Room_Door_L,1.33,0.22,-1.89
57.803,0,Conference_Room_Door_L,1.33,0.22,-1.89
57.844,0,Conference_Room_Door_L,1.33,0.23,-1.88
57.872,0,Conference_Room_Door_L,1.33,0.24,-1.87
57.900,0,Conference_Room_Door_L,1.33,0.24,-1.86
57.942,0,Conference_Room_Door_L,1.33,0.24,-1.84
57.969,0,Conference_Room_Door_L,1.33,0.24,-1.83
58.011,0,Conference_Room_Door_L,1.33,0.24,-1.81
58.039,0,Conference_Room_Door_L,1.33,0.24,-1.80
58.080,0,Conference_Room_Door_L,1.33,0.25,-1.78
58.108,0,Conference_Room_Door_L,1.33,0.26,-1.77
58.137,0,Conference_Room_Door_L,1.33,0.27,-1.75
58.178,0,Conference_Room_Door_L,1.33,0.27,-1.73
58.206,0,Conference_Room_Door_L,1.33,0.25,-1.72
58.234,0,None,0,0,0
58.275,0,Wall_3mx20cm_Conference_Door,1.23,0.22,-1.67
58.304,0,Wall_3mx20cm_Conference_Door,1.41,0.21,-1.66
58.345,0,Wall_3mx20cm_Conference_Door,1.41,0.20,-1.64
58.373,0,Wall_3mx20cm_Conference_Door,1.41,0.19,-1.63
58.401,0,Wall_3mx20cm_Conference_Door,1.41,0.20,-1.62
58.444,0,Wall_3mx20cm_Conference_Door,1.41,0.20,-1.62
58.471,0,Wall_3mx20cm_Conference_Door,1.41,0.20,-1.62
58.512,0,Wall_3mx20cm_Conference_Door,1.41,0.21,-1.62
58.541,0,Wall_3mx20cm_Conference_Door,1.41,0.21,-1.63
58.567,0,Wall_3mx20cm_Conference_Door,1.41,0.21,-1.63
58.609,0,Wall_3mx20cm_Conference_Door,1.41,0.22,-1.62
58.638,0,Wall_3mx20cm_Conference_Door,1.41,0.21,-1.61
58.680,0,Wall_3mx20cm_Conference_Door,1.41,0.20,-1.61
58.707,0,Wall_3mx20cm_Conference_Door,1.41,0.23,-1.61
58.735,0,Wall_3mx20cm_Conference_Door,1.41,0.25,-1.60
58.777,0,Wall_3mx20cm_Conference_Door,1.41,0.25,-1.60
58.805,0,Wall_3mx20cm_Conference_Door,1.41,0.25,-1.59
58.847,0,Wall_3mx20cm_Conference_Door,1.41,0.25,-1.59
58.874,0,Wall_3mx20cm_Conference_Door,1.41,0.26,-1.60
58.902,0,Wall_3mx20cm_Conference_Door,1.41,0.27,-1.59
58.944,0,Wall_3mx20cm_Conference_Door,1.41,0.26,-1.58
58.971,0,Wall_3mx20cm_Conference_Door,1.41,0.26,-1.57
59.014,0,Wall_3mx20cm_Conference_Door,1.41,0.25,-1.56
59.042,0,Wall_3mx20cm_Conference_Door,1.41,0.26,-1.56
59.070,0,Wall_3mx20cm_Conference_Door,1.41,0.26,-1.55
59.112,0,Wall_3mx20cm_Conference_Door,1.41,0.26,-1.55
59.139,0,Wall_3mx20cm_Conference_Door,1.41,0.28,-1.55
59.166,0,Wall_3mx20cm_Conference_Door,1.41,0.28,-1.54
59.208,0,Wall_3mx20cm_Conference_Door,1.41,0.30,-1.53
59.236,0,Wall_3mx20cm_Conference_Door,1.41,0.29,-1.53
59.279,0,Wall_3mx20cm_Conference_Door,1.41,0.29,-1.52
59.306,0,Wall_3mx20cm_Conference_Door,1.41,0.29,-1.52
59.334,0,Wall_3mx20cm_Conference_Door,1.41,0.32,-1.52
59.376,0,Wall_3mx20cm_Conference_Door,1.41,0.33,-1.52
59.404,0,Wall_3mx20cm_Conference_Door,1.41,0.33,-1.52
59.445,0,Wall_3mx20cm_Conference_Door,1.41,0.32,-1.52
59.473,0,Wall_3mx20cm_Conference_Door,1.41,0.30,-1.52
59.501,0,Wall_3mx20cm_Conference_Door,1.41,0.31,-1.53
59.544,0,Wall_3mx20cm_Conference_Door,1.41,0.31,-1.54
59.571,0,Wall_3mx20cm_Conference_Door,1.41,0.31,-1.54
59.612,0,Wall_3mx20cm_Conference_Door,1.41,0.33,-1.56
59.640,0,Wall_3mx20cm_Conference_Door,1.41,0.33,-1.57
59.668,0,Wall_3mx20cm_Conference_Door,1.41,0.33,-1.58
59.710,0,Wall_3mx20cm_Conference_Door,1.41,0.33,-1.60
59.737,0,Wall_3mx20cm_Conference_Door,1.41,0.33,-1.60
59.780,0,Wall_3mx20cm_Conference_Door,1.41,0.34,-1.61
59.806,0,Wall_3mx20cm_Conference_Door,1.41,0.36,-1.62
59.835,0,Wall_3mx20cm_Conference_Door,1.41,0.39,-1.63
59.877,0,Wall_3mx20cm_Conference_Door,1.41,0.41,-1.66
59.904,0,Wall_3mx20cm_Conference_Door,1.41,0.42,-1.67
59.946,0,Wall_3mx20cm_Conference_Door,1.41,0.42,-1.69
59.974,0,Wall_3mx20cm_Conference_Door,1.41,0.42,-1.70
60.002,0,Wall_3mx20cm_Conference_Door,1.41,0.44,-1.70
60.044,0,Wall_3mx20cm_Conference_Door,1.41,0.44,-1.70
60.072,0,Wall_3mx20cm_Conference_Door,1.41,0.44,-1.71
60.114,0,Wall_3mx20cm_Conference_Door,1.41,0.45,-1.72
60.141,0,Timer,1.47,0.43,-1.72
60.169,0,Timer,1.47,0.43,-1.72
60.211,0,Timer,1.47,0.44,-1.72
60.240,0,Timer,1.47,0.44,-1.72
60.267,0,Timer,1.47,0.43,-1.73
60.309,0,Timer,1.47,0.44,-1.73
60.336,0,Timer,1.47,0.44,-1.73
60.378,0,Timer,1.47,0.45,-1.73
60.406,0,Timer,1.47,0.45,-1.73
60.434,0,Timer,1.47,0.43,-1.73
60.475,0,Wall_3mx20cm_Conference_Door,1.41,0.43,-1.72
60.503,0,Wall_3mx20cm_Conference_Door,1.41,0.42,-1.72
60.545,0,Wall_3mx20cm_Conference_Door,1.41,0.41,-1.72
60.572,0,Wall_3mx20cm_Conference_Door,1.41,0.40,-1.71
60.601,0,Wall_3mx20cm_Conference_Door,1.41,0.40,-1.71
60.642,0,Wall_3mx20cm_Conference_Door,1.41,0.40,-1.71
60.670,0,Wall_3mx20cm_Conference_Door,1.41,0.40,-1.71
60.713,0,Wall_3mx20cm_Conference_Door,1.41,0.40,-1.71
60.740,0,Wall_3mx20cm_Conference_Door,1.41,0.42,-1.70
60.768,0,Wall_3mx20cm_Conference_Door,1.41,0.43,-1.70
60.809,0,Wall_3mx20cm_Conference_Door,1.41,0.46,-1.71
60.838,0,Wall_3mx20cm_Conference_Door,1.41,0.48,-1.70
60.879,0,Wall_3mx20cm_Conference_Door,1.41,0.48,-1.70
60.907,0,Wall_3mx20cm_Conference_Door,1.41,0.47,-1.70
60.935,0,Wall_3mx20cm_Conference_Door,1.41,0.46,-1.70
60.976,0,Timer,1.47,0.46,-1.72
61.005,0,Timer,1.47,0.45,-1.74
61.047,0,Timer,1.47,0.44,-1.77
61.074,0,Timer,1.47,0.42,-1.79
61.102,0,Timer,1.47,0.40,-1.80
61.143,0,Wall_3mx20cm_Conference_Door,1.41,0.36,-1.82
61.171,0,Wall_3mx20cm_Conference_Door,1.32,0.35,-1.83
61.213,0,None,0,0,0
61.241,0,Conference_Room_Door_L,1.33,0.29,-1.84
61.268,0,Conference_Room_Door_L,1.33,0.29,-1.84
61.310,0,Conference_Room_Door_L,1.33,0.30,-1.83
61.338,0,None,0,0,0
61.380,0,None,0,0,0
61.408,0,Wall_3mx20cm_Conference_Door,1.25,0.35,-1.83
61.436,0,Wall_3mx20cm_Conference_Door,1.33,0.35,-1.83
61.478,0,Wall_3mx20cm_Conference_Door,1.41,0.36,-1.83
61.506,0,Wall_3mx20cm_Conference_Door,1.41,0.37,-1.82
61.533,0,Wall_3mx20cm_Conference_Door,1.41,0.39,-1.82
61.575,0,Wall_3mx20cm_Conference_Door,1.41,0.36,-1.82
61.603,0,Wall_3mx20cm_Conference_Door,1.39,0.35,-1.82
61.644,0,Wall_3mx20cm_Conference_Door,1.28,0.35,-1.82
61.672,0,Wall_3mx20cm_Conference_Door,1.31,0.35,-1.83
61.700,0,Wall_3mx20cm_Conference_Door,1.34,0.35,-1.84
61.742,0,Wall_3mx20cm_Conference_Door,1.41,0.38,-1.85
61.770,0,Timer,1.41,0.39,-1.86
61.812,0,Timer,1.47,0.42,-1.86
61.839,0,Timer,1.47,0.43,-1.87
61.867,0,Timer,1.47,0.43,-1.87
61.910,0,Timer,1.47,0.41,-1.88
61.938,0,Wall_3mx20cm_Conference_Door,1.41,0.37,-1.88
61.979,0,Wall_3mx20cm_Conference_Door,1.41,0.38,-1.89
62.007,0,Wall_3mx20cm_Conference_Door,1.41,0.38,-1.89
62.034,0,Wall_3mx20cm_Conference_Door,1.41,0.36,-1.89
62.076,0,Wall_3mx20cm_Conference_Door,1.41,0.36,-1.89
62.104,0,Wall_3mx20cm_Conference_Door,1.38,0.35,-1.89
62.146,0,Wall_3mx20cm_Conference_Door,1.33,0.35,-1.88
62.174,0,Wall_3mx20cm_Conference_Door,1.22,0.35,-1.89
62.202,0,Wall_3mx20cm_Conference_Door,1.23,0.35,-1.89
62.244,0,Wall_3mx20cm_Conference_Door,1.31,0.35,-1.90
62.272,0,Wall_3mx20cm_Conference_Door,1.28,0.35,-1.90
62.300,0,Wall_3mx20cm_Conference_Door,1.41,0.35,-1.90
62.342,0,Wall_3mx20cm_Conference_Door,1.41,0.38,-1.89
62.369,0,Wall_3mx20cm_Conference_Door,1.41,0.39,-1.88
62.410,0,Timer,1.47,0.39,-1.87
62.439,0,Timer,1.47,0.39,-1.86
62.466,0,Timer,1.42,0.39,-1.86
62.508,0,Timer,1.47,0.40,-1.85
62.536,0,Timer,1.47,0.40,-1.85
62.578,0,Timer,1.47,0.39,-1.86
62.606,0,Wall_3mx20cm_Conference_Door,1.41,0.39,-1.87
62.633,0,Wall_3mx20cm_Conference_Door,1.41,0.38,-1.88
62.676,0,Wall_3mx20cm_Conference_Door,1.41,0.39,-1.89
62.703,0,Wall_3mx20cm_Conference_Door,1.41,0.38,-1.90
62.745,0,Wall_3mx20cm_Conference_Door,1.38,0.35,-1.92
62.772,0,Wall_3mx20cm_Conference_Door,1.34,0.35,-1.93
62.801,0,Wall_3mx20cm_Conference_Door,1.36,0.35,-1.95
62.842,0,Wall_3mx20cm_Conference_Door,1.40,0.35,-1.96
62.870,0,Wall_3mx20cm_Conference_Door,1.36,0.35,-1.96
62.912,0,None,0,0,0
62.940,0,Conference_Room_Door_L,1.33,0.29,-1.93
62.968,0,Conference_Room_Door_L,1.33,0.26,-1.92
63.009,0,Conference_Room_Door_L,1.33,0.22,-1.92
63.037,0,Conference_Room_Door_L,1.33,0.20,-1.92
63.079,0,Conference_Room_Door_L,1.33,0.19,-1.93
63.107,0,Conference_Room_Door_L,1.33,0.20,-1.94
63.135,0,Conference_Room_Door_L,1.33,0.21,-1.94
63.176,0,Conference_Room_Door_L,1.33,0.19,-1.95
63.205,0,Conference_Room_Door_L,1.33,0.19,-1.95
63.246,0,Conference_Room_Door_L,1.33,0.20,-1.95
63.273,0,Conference_Room_Door_L,1.33,0.20,-1.95
63.301,0,Conference_Room_Door_L,1.33,0.21,-1.95
63.343,0,Conference_Room_Door_L,1.33,0.22,-1.95
63.372,0,Conference_Room_Door_L,1.33,0.22,-1.95
63.413,0,Conference_Room_Door_L,1.33,0.22,-1.95
63.441,0,Conference_Room_Door_L,1.33,0.23,-1.95
63.469,0,Conference_Room_Door_L,1.33,0.23,-1.95
63.511,0,Conference_Room_Door_L,1.33,0.24,-1.95
63.538,0,Conference_Room_Door_L,1.33,0.24,-1.95
63.580,0,Conference_Room_Door_L,1.33,0.25,-1.95
63.608,0,Conference_Room_Door_L,1.33,0.24,-1.94
63.636,0,Conference_Room_Door_L,1.33,0.25,-1.94
63.678,0,Conference_Room_Door_L,1.33,0.25,-1.94
63.706,0,Conference_Room_Door_L,1.33,0.24,-1.93
63.733,0,Conference_Room_Door_L,1.33,0.24,-1.93
63.775,0,Conference_Room_Door_L,1.33,0.23,-1.93
63.803,0,Conference_Room_Door_L,1.33,0.24,-1.93
63.845,0,Conference_Room_Door_L,1.33,0.25,-1.94
63.872,0,Conference_Room_Door_L,1.33,0.26,-1.94
63.900,0,Conference_Room_Door_L,1.33,0.26,-1.94
63.943,0,Conference_Room_Door_L,1.33,0.25,-1.94
63.970,0,Conference_Room_Door_L,1.33,0.24,-1.94
64.012,0,Conference_Room_Door_L,1.33,0.23,-1.93
64.040,0,Conference_Room_Door_L,1.33,0.22,-1.93
64.068,0,Conference_Room_Door_L,1.33,0.23,-1.93
64.109,0,Conference_Room_Door_L,1.33,0.23,-1.93
64.137,0,Conference_Room_Door_L,1.33,0.23,-1.93
64.179,0,Conference_Room_Door_L,1.33,0.23,-1.94
64.208,0,Conference_Room_Door_L,1.33,0.24,-1.94
64.234,0,Conference_Room_Door_L,1.33,0.24,-1.94
64.278,0,Conference_Room_Door_L,1.33,0.24,-1.95
64.305,0,Conference_Room_Door_L,1.33,0.24,-1.94
64.346,0,Conference_Room_Door_L,1.33,0.25,-1.94
64.374,0,Conference_Room_Door_L,1.33,0.25,-1.94
64.403,0,Conference_Room_Door_L,1.33,0.25,-1.93
64.443,0,Conference_Room_Door_L,1.33,0.26,-1.93
64.471,0,Conference_Room_Door_L,1.33,0.25,-1.93
64.514,0,Conference_Room_Door_L,1.33,0.25,-1.94
64.541,0,Conference_Room_Door_L,1.33,0.25,-1.94
64.569,0,Conference_Room_Door_L,1.33,0.25,-1.94
64.611,0,Conference_Room_Door_L,1.33,0.24,-1.94
64.638,0,Conference_Room_Door_L,1.33,0.24,-1.94
64.680,0,Conference_Room_Door_L,1.33,0.24,-1.94
64.708,0,Conference_Room_Door_L,1.33,0.24,-1.94
64.736,0,Conference_Room_Door_L,1.33,0.24,-1.93
64.778,0,Conference_Room_Door_L,1.33,0.25,-1.93
64.806,0,Conference_Room_Door_L,1.33,0.25,-1.93
64.833,0,Conference_Room_Door_L,1.33,0.25,-1.93
64.876,0,Conference_Room_Door_L,1.33,0.24,-1.94
64.903,0,Conference_Room_Door_L,1.33,0.24,-1.94
64.945,0,Conference_Room_Door_L,1.33,0.24,-1.95
64.973,0,Conference_Room_Door_L,1.33,0.24,-1.95
65.001,0,Conference_Room_Door_L,1.33,0.24,-1.94
65.042,0,Conference_Room_Door_L,1.33,0.24,-1.94
65.070,0,Conference_Room_Door_L,1.33,0.24,-1.94
65.112,0,Conference_Room_Door_L,1.33,0.25,-1.94
65.140,0,Conference_Room_Door_L,1.33,0.25,-1.95
65.168,0,Conference_Room_Door_L,1.33,0.25,-1.95
65.209,0,Conference_Room_Door_L,1.33,0.25,-1.95
65.237,0,Conference_Room_Door_L,1.33,0.25,-1.96
65.279,0,Conference_Room_Door_L,1.33,0.25,-1.96
65.307,0,Conference_Room_Door_L,1.33,0.25,-1.96
65.335,0,Conference_Room_Door_L,1.33,0.25,-1.96
65.377,0,Conference_Room_Door_L,1.33,0.24,-1.96
65.404,0,Conference_Room_Door_L,1.33,0.23,-1.97
65.446,0,Conference_Room_Door_L,1.33,0.23,-1.97
65.474,0,Conference_Room_Door_L,1.33,0.23,-1.97
65.502,0,Conference_Room_Door_L,1.33,0.23,-1.97
65.543,0,Conference_Room_Door_L,1.33,0.23,-1.97
65.571,0,Conference_Room_Door_L,1.33,0.23,-1.97
65.613,0,Conference_Room_Door_L,1.33,0.23,-1.97
65.641,0,Conference_Room_Door_L,1.33,0.24,-1.97
65.669,0,Conference_Room_Door_L,1.33,0.24,-1.96
65.710,0,Conference_Room_Door_L,1.33,0.24,-1.96
65.738,0,Conference_Room_Door_L,1.33,0.25,-1.96
65.766,0,Conference_Room_Door_L,1.33,0.25,-1.96
65.808,0,Conference_Room_Door_L,1.33,0.25,-1.97
65.836,0,Conference_Room_Door_L,1.33,0.25,-1.97
65.878,0,Conference_Room_Door_L,1.33,0.26,-1.96
65.904,0,Conference_Room_Door_L,1.33,0.26,-1.96
65.934,0,Conference_Room_Door_L,1.33,0.26,-1.96
65.974,0,Conference_Room_Door_L,1.33,0.25,-1.96
66.002,0,Conference_Room_Door_L,1.33,0.26,-1.96
66.045,0,Conference_Room_Door_L,1.33,0.25,-1.96
66.072,0,Conference_Room_Door_L,1.33,0.25,-1.96
66.100,0,Conference_Room_Door_L,1.33,0.25,-1.96
66.142,0,Conference_Room_Door_L,1.33,0.25,-1.96
66.170,0,Conference_Room_Door_L,1.33,0.24,-1.96
66.211,0,Conference_Room_Door_L,1.33,0.24,-1.96
66.239,0,Conference_Room_Door_L,1.33,0.24,-1.96
66.267,0,Conference_Room_Door_L,1.33,0.25,-1.96
66.308,0,Conference_Room_Door_L,1.33,0.25,-1.96
66.336,0,Conference_Room_Door_L,1.33,0.25,-1.97
66.378,0,Conference_Room_Door_L,1.33,0.25,-1.97
66.405,0,Conference_Room_Door_L,1.33,0.25,-1.96
66.433,0,Conference_Room_Door_L,1.33,0.26,-1.96
66.476,0,Conference_Room_Door_L,1.33,0.25,-1.96
66.504,0,Conference_Room_Door_L,1.33,0.25,-1.96
66.545,0,Conference_Room_Door_L,1.33,0.25,-1.96
66.573,0,Conference_Room_Door_L,1.33,0.26,-1.96
66.601,0,Conference_Room_Door_L,1.33,0.26,-1.96
66.642,0,Conference_Room_Door_L,1.33,0.26,-1.96
66.670,0,Conference_Room_Door_L,1.33,0.26,-1.96
66.712,0,Conference_Room_Door_L,1.33,0.26,-1.96
66.740,0,Conference_Room_Door_L,1.33,0.25,-1.96
66.768,0,Conference_Room_Door_L,1.33,0.26,-1.96
66.809,0,Conference_Room_Door_L,1.33,0.26,-1.96
66.838,0,Conference_Room_Door_L,1.33,0.25,-1.96
66.879,0,Conference_Room_Door_L,1.33,0.25,-1.96
66.908,0,Conference_Room_Door_L,1.33,0.25,-1.96
66.935,0,Conference_Room_Door_L,1.33,0.24,-1.96
66.977,0,Conference_Room_Door_L,1.33,0.24,-1.96
67.005,0,Conference_Room_Door_L,1.33,0.24,-1.96
67.033,0,Conference_Room_Door_L,1.33,0.25,-1.97
67.074,0,Conference_Room_Door_L,1.33,0.25,-1.96
67.102,0,Conference_Room_Door_L,1.33,0.25,-1.96
67.144,0,Conference_Room_Door_L,1.33,0.25,-1.96
67.171,0,Conference_Room_Door_L,1.33,0.25,-1.96
67.200,0,Conference_Room_Door_L,1.33,0.25,-1.96
67.242,0,Conference_Room_Door_L,1.33,0.25,-1.95
67.269,0,Conference_Room_Door_L,1.33,0.25,-1.96
67.311,0,Conference_Room_Door_L,1.33,0.25,-1.96
67.339,0,Conference_Room_Door_L,1.33,0.26,-1.96
67.367,0,Conference_Room_Door_L,1.33,0.26,-1.96
67.408,0,Conference_Room_Door_L,1.33,0.26,-1.96
67.436,0,Conference_Room_Door_L,1.33,0.26,-1.96
67.478,0,Conference_Room_Door_L,1.33,0.25,-1.96
67.506,0,Conference_Room_Door_L,1.33,0.25,-1.96
67.534,0,Conference_Room_Door_L,1.33,0.25,-1.96
67.575,0,Conference_Room_Door_L,1.33,0.25,-1.96
67.604,0,Conference_Room_Door_L,1.33,0.25,-1.96
67.646,0,Conference_Room_Door_L,1.33,0.24,-1.96
67.673,0,Conference_Room_Door_L,1.33,0.24,-1.95
67.701,0,Conference_Room_Door_L,1.33,0.24,-1.95
67.743,0,Conference_Room_Door_L,1.33,0.24,-1.95
67.770,0,Conference_Room_Door_L,1.33,0.24,-1.95
67.812,0,Conference_Room_Door_L,1.33,0.23,-1.95
67.841,0,Conference_Room_Door_L,1.33,0.24,-1.96
67.868,0,Conference_Room_Door_L,1.33,0.24,-1.96
67.910,0,Conference_Room_Door_L,1.33,0.24,-1.96
67.938,0,Conference_Room_Door_L,1.33,0.25,-1.96
67.980,0,Conference_Room_Door_L,1.33,0.25,-1.95
68.007,0,Conference_Room_Door_L,1.33,0.25,-1.95
68.035,0,Conference_Room_Door_L,1.33,0.25,-1.95
68.077,0,Conference_Room_Door_L,1.33,0.26,-1.95
68.105,0,Conference_Room_Door_L,1.33,0.26,-1.95
68.133,0,Conference_Room_Door_L,1.33,0.26,-1.95
68.175,0,Conference_Room_Door_L,1.33,0.26,-1.95
68.202,0,Conference_Room_Door_L,1.33,0.26,-1.95
68.244,0,Conference_Room_Door_L,1.33,0.26,-1.95
68.272,0,Conference_Room_Door_L,1.33,0.26,-1.95
68.300,0,Conference_Room_Door_L,1.33,0.26,-1.95
68.342,0,Conference_Room_Door_L,1.33,0.26,-1.95
68.370,0,Conference_Room_Door_L,1.33,0.27,-1.95
68.400,0,Conference_Room_Door_L,1.33,0.27,-1.95
68.439,0,Conference_Room_Door_L,1.33,0.27,-1.94
68.467,0,Conference_Room_Door_L,1.33,0.27,-1.94
68.509,0,Conference_Room_Door_L,1.33,0.27,-1.94
68.537,0,Conference_Room_Door_L,1.33,0.27,-1.94
68.579,0,Conference_Room_Door_L,1.33,0.27,-1.94
68.606,0,Conference_Room_Door_L,1.33,0.27,-1.94
68.635,0,Conference_Room_Door_L,1.33,0.27,-1.94
68.676,0,Conference_Room_Door_L,1.33,0.28,-1.95
68.704,0,Conference_Room_Door_L,1.33,0.28,-1.95
68.745,0,Conference_Room_Door_L,1.33,0.28,-1.95
68.773,0,Conference_Room_Door_L,1.33,0.28,-1.94
68.801,0,Conference_Room_Door_L,1.33,0.28,-1.94
68.843,0,Conference_Room_Door_L,1.33,0.28,-1.94
68.871,0,Conference_Room_Door_L,1.33,0.28,-1.94
68.913,0,Conference_Room_Door_L,1.33,0.28,-1.94
68.940,0,Conference_Room_Door_L,1.33,0.28,-1.94
68.968,0,Conference_Room_Door_L,1.33,0.28,-1.94
69.009,0,Conference_Room_Door_L,1.33,0.27,-1.94
69.038,0,Conference_Room_Door_L,1.33,0.28,-1.94
69.079,0,Conference_Room_Door_L,1.33,0.27,-1.94
69.106,0,Conference_Room_Door_L,1.33,0.27,-1.94
69.135,0,Conference_Room_Door_L,1.33,0.27,-1.94
69.177,0,Conference_Room_Door_L,1.33,0.27,-1.94
69.205,0,Conference_Room_Door_L,1.33,0.27,-1.93
69.233,0,Conference_Room_Door_L,1.33,0.26,-1.93
69.275,0,Conference_Room_Door_L,1.33,0.26,-1.93
69.302,0,Conference_Room_Door_L,1.33,0.26,-1.93
69.344,0,Conference_Room_Door_L,1.33,0.26,-1.93
69.372,0,Conference_Room_Door_L,1.33,0.26,-1.93
69.400,0,Conference_Room_Door_L,1.33,0.25,-1.93
69.441,0,Conference_Room_Door_L,1.33,0.24,-1.94
69.469,0,Conference_Room_Door_L,1.33,0.24,-1.94
69.511,0,Conference_Room_Door_L,1.33,0.24,-1.95
69.539,0,Conference_Room_Door_L,1.33,0.24,-1.95
69.567,0,Conference_Room_Door_L,1.33,0.23,-1.96
69.608,0,Conference_Room_Door_L,1.33,0.22,-1.96
69.636,0,Conference_Room_Door_L,1.33,0.21,-1.96
69.678,0,Conference_Room_Door_L,1.33,0.20,-1.97
69.706,0,Conference_Room_Door_L,1.33,0.20,-1.97
69.734,0,Conference_Room_Door_L,1.33,0.20,-1.97
69.776,0,Conference_Room_Door_L,1.33,0.21,-1.97
69.803,0,Conference_Room_Door_L,1.33,0.20,-1.97
69.845,0,Conference_Room_Door_L,1.33,0.20,-1.97
69.873,0,Conference_Room_Door_L,1.33,0.20,-1.97
69.900,0,Conference_Room_Door_L,1.33,0.20,-1.97
69.942,0,Conference_Room_Door_L,1.33,0.19,-1.97
69.971,0,Conference_Room_Door_L,1.33,0.19,-1.97
70.012,0,Conference_Room_Door_L,1.33,0.19,-1.98
70.041,0,Conference_Room_Door_L,1.33,0.19,-1.98
70.068,0,Conference_Room_Door_L,1.33,0.20,-1.98
70.110,0,Conference_Room_Door_L,1.33,0.20,-1.98
70.137,0,Conference_Room_Door_L,1.33,0.19,-1.99
70.180,0,Conference_Room_Door_L,1.33,0.19,-1.99
70.207,0,Conference_Room_Door_L,1.33,0.20,-1.99
70.235,0,Conference_Room_Door_L,1.33,0.20,-2.00
70.277,0,Conference_Room_Door_L,1.33,0.19,-1.99
70.305,0,Conference_Room_Door_L,1.33,0.19,-1.99
70.333,0,Conference_Room_Door_L,1.33,0.18,-1.99
70.374,0,Conference_Room_Door_L,1.33,0.19,-1.99
70.402,0,Conference_Room_Door_L,1.33,0.18,-1.99
70.444,0,Conference_Room_Door_L,1.33,0.18,-1.99
70.472,0,Conference_Room_Door_L,1.33,0.19,-1.99
70.513,0,Conference_Room_Door_L,1.33,0.19,-1.98
70.541,0,Conference_Room_Door_L,1.33,0.19,-1.98
70.569,0,Conference_Room_Door_L,1.33,0.20,-1.98
70.612,0,Conference_Room_Door_L,1.33,0.20,-1.98
70.640,0,Conference_Room_Door_L,1.33,0.20,-1.98
70.667,0,Conference_Room_Door_L,1.33,0.20,-1.98
70.708,0,Conference_Room_Door_L,1.33,0.20,-1.98
70.736,0,Conference_Room_Door_L,1.33,0.20,-1.98
70.778,0,Conference_Room_Door_L,1.33,0.21,-1.98
70.806,0,Conference_Room_Door_L,1.33,0.21,-1.98
70.834,0,Conference_Room_Door_L,1.33,0.21,-1.99
70.876,0,Conference_Room_Door_L,1.33,0.21,-1.99
70.903,0,Conference_Room_Door_L,1.33,0.21,-1.99
70.945,0,Conference_Room_Door_L,1.33,0.21,-1.99
70.973,0,Conference_Room_Door_L,1.33,0.21,-1.99
71.001,0,Conference_Room_Door_L,1.33,0.21,-1.99
71.042,0,Conference_Room_Door_L,1.33,0.20,-1.99
71.070,0,Conference_Room_Door_L,1.33,0.21,-1.99
71.112,0,Conference_Room_Door_L,1.33,0.20,-1.99
71.140,0,Conference_Room_Door_L,1.33,0.20,-1.99
71.168,0,Conference_Room_Door_L,1.33,0.20,-1.99
71.210,0,Conference_Room_Door_L,1.33,0.20,-1.99
71.238,0,Conference_Room_Door_L,1.33,0.20,-1.99
71.279,0,Conference_Room_Door_L,1.33,0.20,-1.99
71.308,0,Conference_Room_Door_L,1.33,0.21,-1.99
71.335,0,Conference_Room_Door_L,1.33,0.21,-1.99
71.376,0,Conference_Room_Door_L,1.33,0.21,-1.98
71.404,0,Conference_Room_Door_L,1.33,0.21,-1.99
71.446,0,Conference_Room_Door_L,1.33,0.21,-1.99
71.474,0,Conference_Room_Door_L,1.33,0.21,-1.99
71.502,0,Conference_Room_Door_L,1.33,0.21,-1.99
71.543,0,Conference_Room_Door_L,1.33,0.21,-1.99
71.571,0,Conference_Room_Door_L,1.33,0.21,-1.99
71.600,0,Conference_Room_Door_L,1.33,0.21,-1.99
71.641,0,Conference_Room_Door_L,1.33,0.21,-1.99
71.669,0,Conference_Room_Door_L,1.33,0.21,-2.00
71.711,0,Conference_Room_Door_L,1.33,0.21,-2.00
71.739,0,Conference_Room_Door_L,1.33,0.21,-2.00
71.767,0,Conference_Room_Door_L,1.33,0.21,-2.00
71.808,0,Conference_Room_Door_L,1.33,0.21,-2.00
71.836,0,Conference_Room_Door_L,1.33,0.21,-2.00
71.878,0,Conference_Room_Door_L,1.33,0.21,-2.01
71.905,0,Conference_Room_Door_L,1.33,0.21,-2.00
71.933,0,Conference_Room_Door_L,1.33,0.21,-2.01
71.975,0,Conference_Room_Door_L,1.33,0.21,-2.02
72.003,0,Conference_Room_Door_L,1.33,0.20,-2.02
72.045,0,Conference_Room_Door_L,1.33,0.20,-2.04
72.073,0,Conference_Room_Door_L,1.33,0.20,-2.05
72.101,0,Conference_Room_Door_L,1.33,0.20,-2.06
72.143,0,Conference_Room_Door_L,1.33,0.19,-2.07
72.170,0,Conference_Room_Door_L,1.33,0.19,-2.08
72.211,0,Conference_Room_Door_L,1.33,0.19,-2.10
72.239,0,Conference_Room_Door_L,1.33,0.19,-2.11
72.267,0,Conference_Room_Door_L,1.33,0.19,-2.12
72.308,0,Conference_Room_Door_L,1.33,0.19,-2.12
72.336,0,Conference_Room_Door_L,1.33,0.18,-2.12
72.378,0,Conference_Room_Door_L,1.33,0.18,-2.11
72.406,0,Conference_Room_Door_L,1.33,0.17,-2.09
72.433,0,Conference_Room_Door_L,1.33,0.17,-2.08
72.475,0,Conference_Room_Door_L,1.33,0.17,-2.05
72.504,0,Conference_Room_Door_L,1.33,0.17,-2.04
72.546,0,Conference_Room_Door_L,1.33,0.18,-2.04
72.573,0,Conference_Room_Door_L,1.33,0.19,-2.04
72.601,0,Conference_Room_Door_L,1.33,0.19,-2.05
72.643,0,Conference_Room_Door_L,1.33,0.20,-2.06
72.671,0,Conference_Room_Door_L,1.33,0.20,-2.06
72.713,0,Conference_Room_Door_L,1.33,0.21,-2.05
72.740,0,Conference_Room_Door_L,1.33,0.22,-2.04
72.768,0,Conference_Room_Door_L,1.33,0.22,-2.03
72.810,0,Conference_Room_Door_L,1.33,0.22,-2.01
72.838,0,Conference_Room_Door_L,1.33,0.22,-2.01
72.879,0,Conference_Room_Door_L,1.33,0.23,-2.01
72.907,0,Conference_Room_Door_L,1.33,0.22,-2.02
72.935,0,Conference_Room_Door_L,1.33,0.22,-2.03
72.977,0,Conference_Room_Door_L,1.33,0.22,-2.06
73.005,0,Conference_Room_Door_L,1.33,0.22,-2.08
73.046,0,Conference_Room_Door_L,1.33,0.22,-2.12
73.075,0,Conference_Room_Door_L,1.33,0.23,-2.15
73.102,0,Conference_Room_Door_L,1.33,0.23,-2.18
73.144,0,Conference_Room_Door_L,1.33,0.23,-2.21
73.173,0,Conference_Room_Door_L,1.33,0.23,-2.23
73.199,0,Conference_Room_Door_L,1.33,0.23,-2.26
73.241,0,Conference_Room_Door_L,1.33,0.23,-2.29
73.269,0,Conference_Room_Door_L,1.33,0.23,-2.30
73.311,0,Conference_Room_Door_L,1.33,0.23,-2.33
73.338,0,Conference_Room_Door_L,1.33,0.23,-2.34
73.366,0,Conference_Room_Door_L,1.33,0.22,-2.35
73.408,0,Conference_Room_Door_L,1.33,0.22,-2.36
73.436,0,Conference_Room_Door_L,1.33,0.21,-2.37
73.478,0,Conference_Room_Door_L,1.33,0.21,-2.37
73.506,0,Conference_Room_Door_L,1.33,0.21,-2.38
73.534,0,Conference_Room_Door_L,1.33,0.20,-2.38
73.576,0,Conference_Room_Door_L,1.33,0.19,-2.39
73.603,0,Conference_Room_Door_L,1.33,0.19,-2.39
73.645,0,Conference_Room_Door_L,1.33,0.18,-2.39
73.673,0,Conference_Room_Door_L,1.33,0.18,-2.39
73.701,0,Conference_Room_Door_L,1.33,0.17,-2.39
73.744,0,Conference_Room_Door_L,1.33,0.17,-2.39
73.771,0,Conference_Room_Door_L,1.33,0.17,-2.38
73.813,0,Conference_Room_Door_L,1.33,0.15,-2.38
73.840,0,Conference_Room_Door_L,1.33,0.15,-2.38
73.868,0,Conference_Room_Door_L,1.33,0.15,-2.38
73.910,0,Conference_Room_Door_L,1.33,0.15,-2.38
73.938,0,Conference_Room_Door_L,1.33,0.15,-2.38
73.966,0,Conference_Room_Door_L,1.33,0.14,-2.39
74.008,0,Conference_Room_Door_L,1.33,0.14,-2.39
74.035,0,Conference_Room_Door_L,1.33,0.14,-2.39
74.077,0,Conference_Room_Door_L,1.33,0.14,-2.39
74.105,0,Conference_Room_Door_L,1.33,0.14,-2.39
74.133,0,Conference_Room_Door_L,1.33,0.14,-2.38
74.175,0,Conference_Room_Door_L,1.33,0.15,-2.38
74.203,0,Conference_Room_Door_L,1.33,0.15,-2.37
74.244,0,Conference_Room_Door_L,1.33,0.15,-2.37
74.273,0,Conference_Room_Door_L,1.33,0.15,-2.37
74.301,0,Conference_Room_Door_L,1.33,0.15,-2.37
74.342,0,Conference_Room_Door_L,1.33,0.16,-2.38
74.370,0,Conference_Room_Door_L,1.33,0.16,-2.38
74.412,0,Conference_Room_Door_L,1.33,0.16,-2.38
74.440,0,Conference_Room_Door_L,1.33,0.16,-2.38
74.467,0,Conference_Room_Door_L,1.33,0.16,-2.38
74.509,0,Conference_Room_Door_L,1.33,0.16,-2.37
74.537,0,Conference_Room_Door_L,1.33,0.16,-2.37
74.579,0,Conference_Room_Door_L,1.33,0.16,-2.37
74.606,0,Conference_Room_Door_L,1.33,0.16,-2.37
74.634,0,Conference_Room_Door_L,1.33,0.16,-2.36
74.676,0,Conference_Room_Door_L,1.33,0.15,-2.36
74.704,0,Conference_Room_Door_L,1.33,0.15,-2.36
74.745,0,Conference_Room_Door_L,1.33,0.16,-2.37
74.773,0,Conference_Room_Door_L,1.33,0.17,-2.37
74.801,0,Conference_Room_Door_L,1.33,0.17,-2.37
74.843,0,Conference_Room_Door_L,1.33,0.16,-2.37
74.871,0,Conference_Room_Door_L,1.33,0.17,-2.36
74.913,0,Conference_Room_Door_L,1.33,0.17,-2.36
74.941,0,Conference_Room_Door_L,1.33,0.17,-2.35
74.968,0,Conference_Room_Door_L,1.33,0.17,-2.35
75.010,0,Conference_Room_Door_L,1.33,0.17,-2.36
75.037,0,Conference_Room_Door_L,1.33,0.17,-2.36
75.079,0,Conference_Room_Door_L,1.33,0.17,-2.36
75.107,0,Conference_Room_Door_L,1.33,0.17,-2.36
75.136,0,Conference_Room_Door_L,1.33,0.17,-2.36
75.177,0,Conference_Room_Door_L,1.33,0.16,-2.36
75.205,0,Conference_Room_Door_L,1.33,0.16,-2.36
75.233,0,Conference_Room_Door_L,1.33,0.16,-2.36
75.275,0,Conference_Room_Door_L,1.33,0.16,-2.35
75.302,0,Conference_Room_Door_L,1.33,0.17,-2.35
75.344,0,Conference_Room_Door_L,1.33,0.16,-2.35
75.372,0,Conference_Room_Door_L,1.33,0.16,-2.34
75.399,0,Conference_Room_Door_L,1.33,0.16,-2.34
75.442,0,Conference_Room_Door_L,1.33,0.17,-2.34
75.469,0,Conference_Room_Door_L,1.33,0.17,-2.34
75.511,0,Conference_Room_Door_L,1.33,0.16,-2.34
75.539,0,Conference_Room_Door_L,1.33,0.16,-2.34
75.567,0,Conference_Room_Door_L,1.33,0.16,-2.34
75.608,0,Conference_Room_Door_L,1.33,0.17,-2.34
75.636,0,Conference_Room_Door_L,1.33,0.17,-2.34
75.678,0,Conference_Room_Door_L,1.33,0.17,-2.34
75.706,0,Conference_Room_Door_L,1.33,0.17,-2.34
75.734,0,Conference_Room_Door_L,1.33,0.18,-2.34
75.776,0,Conference_Room_Door_L,1.33,0.17,-2.34
75.803,0,Conference_Room_Door_L,1.33,0.17,-2.34
75.845,0,Conference_Room_Door_L,1.33,0.17,-2.34
75.873,0,Conference_Room_Door_L,1.33,0.17,-2.34
75.901,0,Conference_Room_Door_L,1.33,0.16,-2.34
75.944,0,Conference_Room_Door_L,1.33,0.16,-2.34
75.971,0,Conference_Room_Door_L,1.33,0.16,-2.34
76.012,0,Conference_Room_Door_L,1.33,0.16,-2.34
76.041,0,Conference_Room_Door_L,1.33,0.16,-2.34
76.068,0,Conference_Room_Door_L,1.33,0.17,-2.34
76.110,0,Conference_Room_Door_L,1.33,0.17,-2.34
76.138,0,Conference_Room_Door_L,1.33,0.17,-2.34
76.179,0,Conference_Room_Door_L,1.33,0.17,-2.34
76.207,0,Conference_Room_Door_L,1.33,0.17,-2.34
76.235,0,Conference_Room_Door_L,1.33,0.17,-2.33
76.277,0,Conference_Room_Door_L,1.33,0.17,-2.33
76.305,0,Conference_Room_Door_L,1.33,0.17,-2.33
76.333,0,Conference_Room_Door_L,1.33,0.18,-2.33
76.374,0,Conference_Room_Door_L,1.33,0.17,-2.33
76.402,0,Conference_Room_Door_L,1.33,0.17,-2.33
76.443,0,Conference_Room_Door_L,1.33,0.17,-2.33
76.472,0,Conference_Room_Door_L,1.33,0.18,-2.33
76.500,0,Conference_Room_Door_L,1.33,0.18,-2.33
76.542,0,Conference_Room_Door_L,1.33,0.17,-2.33
76.569,0,Conference_Room_Door_L,1.33,0.17,-2.33
76.612,0,Conference_Room_Door_L,1.33,0.18,-2.33
76.639,0,Conference_Room_Door_L,1.33,0.17,-2.33
76.667,0,Conference_Room_Door_L,1.33,0.17,-2.33
76.709,0,Conference_Room_Door_L,1.33,0.17,-2.33
76.737,0,Conference_Room_Door_L,1.33,0.17,-2.33
76.778,0,Conference_Room_Door_L,1.33,0.18,-2.33
76.807,0,Conference_Room_Door_L,1.33,0.18,-2.33
76.834,0,Conference_Room_Door_L,1.33,0.18,-2.33
76.876,0,Conference_Room_Door_L,1.33,0.17,-2.33
76.903,0,Conference_Room_Door_L,1.33,0.17,-2.33
76.945,0,Conference_Room_Door_L,1.33,0.17,-2.33
76.973,0,Conference_Room_Door_L,1.33,0.18,-2.32
77.001,0,Conference_Room_Door_L,1.33,0.18,-2.32
77.043,0,Conference_Room_Door_L,1.33,0.18,-2.32
77.071,0,Conference_Room_Door_L,1.33,0.18,-2.32
77.113,0,Conference_Room_Door_L,1.33,0.18,-2.32
77.140,0,Conference_Room_Door_L,1.33,0.18,-2.32
77.168,0,Conference_Room_Door_L,1.33,0.18,-2.32
77.210,0,Conference_Room_Door_L,1.33,0.18,-2.32
77.238,0,Conference_Room_Door_L,1.33,0.17,-2.32
77.279,0,Conference_Room_Door_L,1.33,0.17,-2.32
77.307,0,Conference_Room_Door_L,1.33,0.17,-2.32
77.335,0,Conference_Room_Door_L,1.33,0.17,-2.32
77.378,0,Conference_Room_Door_L,1.33,0.18,-2.32
77.405,0,Conference_Room_Door_L,1.33,0.17,-2.32
77.433,0,Conference_Room_Door_L,1.33,0.17,-2.32
77.474,0,Conference_Room_Door_L,1.33,0.18,-2.32
77.502,0,Conference_Room_Door_L,1.33,0.18,-2.32
77.544,0,Conference_Room_Door_L,1.33,0.18,-2.32
77.572,0,Conference_Room_Door_L,1.33,0.18,-2.32
77.600,0,Conference_Room_Door_L,1.33,0.18,-2.32
77.642,0,Conference_Room_Door_L,1.33,0.18,-2.32
77.669,0,Conference_Room_Door_L,1.33,0.18,-2.32
77.711,0,Conference_Room_Door_L,1.33,0.18,-2.32
77.739,0,Conference_Room_Door_L,1.33,0.18,-2.32
77.767,0,Conference_Room_Door_L,1.33,0.18,-2.32
77.808,0,Conference_Room_Door_L,1.33,0.18,-2.32
77.836,0,Conference_Room_Door_L,1.33,0.19,-2.32
77.878,0,Conference_Room_Door_L,1.33,0.19,-2.32
77.906,0,Conference_Room_Door_L,1.33,0.19,-2.32
77.933,0,Conference_Room_Door_L,1.33,0.19,-2.32
77.975,0,Conference_Room_Door_L,1.33,0.18,-2.32
78.003,0,Conference_Room_Door_L,1.33,0.18,-2.32
78.045,0,Conference_Room_Door_L,1.33,0.18,-2.32
78.073,0,Conference_Room_Door_L,1.33,0.18,-2.32
78.100,0,Conference_Room_Door_L,1.33,0.18,-2.31
78.142,0,Conference_Room_Door_L,1.33,0.18,-2.32
78.170,0,Conference_Room_Door_L,1.33,0.18,-2.31
78.212,0,Conference_Room_Door_L,1.33,0.18,-2.32
78.240,0,Conference_Room_Door_L,1.33,0.19,-2.32
78.268,0,Conference_Room_Door_L,1.33,0.18,-2.32
78.309,0,Conference_Room_Door_L,1.33,0.19,-2.32
78.337,0,Conference_Room_Door_L,1.33,0.19,-2.31
78.379,0,Conference_Room_Door_L,1.33,0.19,-2.31
78.406,0,Conference_Room_Door_L,1.33,0.19,-2.31
78.434,0,Conference_Room_Door_L,1.33,0.19,-2.31
78.476,0,Conference_Room_Door_L,1.33,0.19,-2.31
78.504,0,Conference_Room_Door_L,1.33,0.20,-2.31
78.545,0,Conference_Room_Door_L,1.33,0.19,-2.31
78.573,0,Conference_Room_Door_L,1.33,0.19,-2.31
78.601,0,Conference_Room_Door_L,1.33,0.19,-2.31
78.643,0,Conference_Room_Door_L,1.33,0.19,-2.31
78.671,0,Conference_Room_Door_L,1.33,0.19,-2.31
78.713,0,Conference_Room_Door_L,1.33,0.19,-2.31
78.741,0,Conference_Room_Door_L,1.33,0.19,-2.31
78.769,0,Conference_Room_Door_L,1.33,0.19,-2.31
78.810,0,Conference_Room_Door_L,1.33,0.19,-2.31
78.838,0,Conference_Room_Door_L,1.33,0.19,-2.30
78.866,0,Conference_Room_Door_L,1.33,0.19,-2.30
78.909,0,Conference_Room_Door_L,1.33,0.19,-2.29
78.936,0,Conference_Room_Door_L,1.33,0.19,-2.29
78.978,0,Conference_Room_Door_L,1.33,0.19,-2.29
79.006,0,Conference_Room_Door_L,1.33,0.19,-2.29
79.033,0,Conference_Room_Door_L,1.33,0.19,-2.28
79.075,0,Conference_Room_Door_L,1.33,0.20,-2.28
79.103,0,Conference_Room_Door_L,1.33,0.20,-2.28
79.145,0,Conference_Room_Door_L,1.33,0.20,-2.28
79.173,0,Conference_Room_Door_L,1.33,0.20,-2.28
79.200,0,Conference_Room_Door_L,1.33,0.20,-2.27
79.242,0,Conference_Room_Door_L,1.33,0.20,-2.27
79.270,0,Conference_Room_Door_L,1.33,0.20,-2.26
79.312,0,Conference_Room_Door_L,1.33,0.20,-2.26
79.339,0,Conference_Room_Door_L,1.33,0.20,-2.26
79.367,0,Conference_Room_Door_L,1.33,0.20,-2.26
79.409,0,Conference_Room_Door_L,1.33,0.20,-2.26
79.438,0,Conference_Room_Door_L,1.33,0.20,-2.26
79.479,0,Conference_Room_Door_L,1.33,0.20,-2.26
79.507,0,Conference_Room_Door_L,1.33,0.20,-2.27
79.535,0,Conference_Room_Door_L,1.33,0.20,-2.27
79.576,0,Conference_Room_Door_L,1.33,0.20,-2.27
79.603,0,Conference_Room_Door_L,1.33,0.20,-2.27
79.646,0,Conference_Room_Door_L,1.33,0.20,-2.27
79.674,0,Conference_Room_Door_L,1.33,0.20,-2.27
79.702,0,Conference_Room_Door_L,1.33,0.21,-2.26
79.744,0,Conference_Room_Door_L,1.33,0.22,-2.26
79.771,0,Conference_Room_Door_L,1.33,0.22,-2.26
79.800,0,Conference_Room_Door_L,1.33,0.22,-2.26
79.841,0,Conference_Room_Door_L,1.33,0.23,-2.26
79.869,0,Conference_Room_Door_L,1.33,0.23,-2.25
79.911,0,Conference_Room_Door_L,1.33,0.24,-2.25
79.940,0,Conference_Room_Door_L,1.33,0.24,-2.24
79.967,0,Conference_Room_Door_L,1.33,0.25,-2.24
80.008,0,Conference_Room_Door_L,1.33,0.26,-2.23
80.036,0,Conference_Room_Door_L,1.33,0.27,-2.23
80.078,0,Conference_Room_Door_L,1.33,0.27,-2.22
80.106,0,Conference_Room_Door_L,1.33,0.28,-2.22
80.134,0,Conference_Room_Door_L,1.33,0.28,-2.22
80.175,0,Conference_Room_Door_L,1.33,0.27,-2.21
80.203,0,Conference_Room_Door_L,1.33,0.27,-2.21
80.245,0,Conference_Room_Door_L,1.33,0.27,-2.21
80.273,0,Conference_Room_Door_L,1.33,0.28,-2.20
80.301,0,Conference_Room_Door_L,1.33,0.28,-2.20
80.342,0,Conference_Room_Door_L,1.33,0.29,-2.19
80.371,0,Conference_Room_Door_L,1.33,0.28,-2.18
80.412,0,Conference_Room_Door_L,1.33,0.26,-2.18
80.441,0,Conference_Room_Door_L,1.33,0.25,-2.17
80.468,0,Conference_Room_Door_L,1.33,0.24,-2.17
80.510,0,Conference_Room_Door_L,1.33,0.24,-2.16
80.538,0,Conference_Room_Door_L,1.33,0.24,-2.16
80.579,0,Conference_Room_Door_L,1.33,0.25,-2.17
80.607,0,Conference_Room_Door_L,1.33,0.26,-2.18
80.635,0,Conference_Room_Door_L,1.33,0.27,-2.19
80.676,0,Conference_Room_Door_L,1.33,0.27,-2.19
80.705,0,Conference_Room_Door_L,1.33,0.26,-2.20
80.747,0,Conference_Room_Door_L,1.33,0.24,-2.19
80.774,0,Conference_Room_Door_L,1.33,0.24,-2.19
80.802,0,Conference_Room_Door_L,1.33,0.24,-2.18
80.844,0,Conference_Room_Door_L,1.33,0.25,-2.18
80.872,0,Conference_Room_Door_L,1.33,0.26,-2.18
80.899,0,Conference_Room_Door_L,1.33,0.27,-2.19
80.942,0,Conference_Room_Door_L,1.33,0.26,-2.19
80.969,0,Conference_Room_Door_L,1.33,0.25,-2.19
81.011,0,Conference_Room_Door_L,1.33,0.24,-2.19
81.039,0,Conference_Room_Door_L,1.33,0.25,-2.19
81.067,0,Conference_Room_Door_L,1.33,0.26,-2.19
81.108,0,Conference_Room_Door_L,1.33,0.25,-2.18
81.136,0,Conference_Room_Door_L,1.33,0.24,-2.18
81.178,0,Conference_Room_Door_L,1.33,0.24,-2.17
81.206,0,Conference_Room_Door_L,1.33,0.24,-2.17
81.233,0,Conference_Room_Door_L,1.33,0.24,-2.18
81.276,0,Conference_Room_Door_L,1.33,0.25,-2.18
81.303,0,Conference_Room_Door_L,1.33,0.25,-2.18
81.345,0,Conference_Room_Door_L,1.33,0.24,-2.18
81.374,0,Conference_Room_Door_L,1.33,0.25,-2.18
81.401,0,Conference_Room_Door_L,1.33,0.25,-2.18
81.442,0,Conference_Room_Door_L,1.33,0.24,-2.18
81.470,0,Conference_Room_Door_L,1.33,0.24,-2.18
81.512,0,Conference_Room_Door_L,1.33,0.24,-2.19
81.540,0,Conference_Room_Door_L,1.33,0.24,-2.18
81.567,0,Conference_Room_Door_L,1.33,0.24,-2.18
81.610,0,Conference_Room_Door_L,1.33,0.25,-2.18
81.637,0,Conference_Room_Door_L,1.33,0.25,-2.18
81.679,0,Conference_Room_Door_L,1.33,0.24,-2.18
81.707,0,Conference_Room_Door_L,1.33,0.24,-2.18
81.735,0,Conference_Room_Door_L,1.33,0.25,-2.18
81.777,0,Conference_Room_Door_L,1.33,0.25,-2.17
81.804,0,Conference_Room_Door_L,1.33,0.28,-2.17
81.833,0,Conference_Room_Door_L,1.33,0.28,-2.17
81.875,0,Conference_Room_Door_L,1.33,0.28,-2.16
81.902,0,Conference_Room_Door_L,1.33,0.27,-2.15
81.944,0,Conference_Room_Door_L,1.33,0.28,-2.15
81.972,0,Conference_Room_Door_L,1.33,0.28,-2.14
81.999,0,Conference_Room_Door_L,1.33,0.26,-2.14
82.041,0,Conference_Room_Door_L,1.33,0.27,-2.15
82.069,0,Conference_Room_Door_L,1.33,0.28,-2.15
82.111,0,Conference_Room_Door_L,1.33,0.28,-2.15
82.139,0,Conference_Room_Door_L,1.33,0.30,-2.15
82.166,0,Conference_Room_Door_L,1.33,0.30,-2.15
82.208,0,Conference_Room_Door_L,1.33,0.27,-2.15
82.236,0,Conference_Room_Door_L,1.33,0.27,-2.16
82.278,0,Conference_Room_Door_L,1.33,0.27,-2.15
82.306,0,Conference_Room_Door_L,1.33,0.26,-2.15
82.334,0,Conference_Room_Door_L,1.33,0.26,-2.15
82.375,0,Conference_Room_Door_L,1.33,0.26,-2.15
82.403,0,Conference_Room_Door_L,1.33,0.26,-2.15
82.445,0,Conference_Room_Door_L,1.33,0.26,-2.16
82.473,0,Conference_Room_Door_L,1.33,0.26,-2.16
82.501,0,Conference_Room_Door_L,1.33,0.27,-2.17
82.543,0,Conference_Room_Door_L,1.33,0.29,-2.17
82.571,0,Conference_Room_Door_L,1.33,0.29,-2.16
82.612,0,Conference_Room_Door_L,1.33,0.30,-2.16
82.640,0,Conference_Room_Door_L,1.33,0.29,-2.16
82.668,0,Conference_Room_Door_L,1.33,0.28,-2.16
82.710,0,Conference_Room_Door_L,1.33,0.28,-2.16
82.737,0,Conference_Room_Door_L,1.33,0.30,-2.16
82.779,0,None,0,0,0
82.807,0,None,0,0,0
82.835,0,None,0,0,0
82.876,0,None,0,0,0
82.904,0,Wall_3mx20cm_Conference_Door,1.23,0.35,-2.17
82.933,0,Wall_3mx20cm_Conference_Door,1.25,0.35,-2.17
82.974,0,None,0,0,0
83.002,0,None,0,0,0
83.044,0,None,0,0,0
83.071,0,None,0,0,0
83.099,0,None,0,0,0
83.141,0,Conference_Room_Door_L,1.33,0.30,-2.16
83.170,0,None,0,0,0
83.210,0,Conference_Room_Door_L,1.33,0.30,-2.17
83.238,0,Conference_Room_Door_L,1.33,0.30,-2.18
83.266,0,Conference_Room_Door_L,1.33,0.30,-2.18
83.308,0,Conference_Room_Door_L,1.33,0.30,-2.17
83.337,0,Conference_Room_Door_L,1.33,0.29,-2.17
83.378,0,Conference_Room_Door_L,1.33,0.29,-2.16
83.406,0,Conference_Room_Door_L,1.33,0.29,-2.16
83.434,0,Conference_Room_Door_L,1.33,0.29,-2.16
83.476,0,Conference_Room_Door_L,1.33,0.30,-2.16
83.503,0,None,0,0,0
83.544,0,None,0,0,0
83.573,0,None,0,0,0
83.601,0,None,0,0,0
83.642,0,None,0,0,0
83.670,0,None,0,0,0
83.712,0,None,0,0,0
83.741,0,None,0,0,0
83.768,0,None,0,0,0
83.809,0,Wall_3mx20cm_Conference_Door,1.37,0.35,-2.17
83.837,0,Wall_3mx20cm_Conference_Door,1.41,0.36,-2.18
83.879,0,Wall_3mx20cm_Conference_Door,1.39,0.35,-2.21
83.907,0,None,0,0,0
83.935,0,None,0,0,0
83.976,0,None,0,0,0
84.004,0,None,0,0,0
84.045,0,None,0,0,0
84.073,0,Conference_Room_Door_L,1.33,0.30,-2.19
84.101,0,Conference_Room_Door_L,1.33,0.29,-2.19
84.143,0,Conference_Room_Door_L,1.33,0.29,-2.19
84.171,0,None,0,0,0
84.212,0,None,0,0,0
84.241,0,None,0,0,0
84.268,0,None,0,0,0
84.310,0,None,0,0,0
84.338,0,None,0,0,0
84.366,0,None,0,0,0
84.408,0,None,0,0,0
84.435,0,None,0,0,0
84.477,0,Conference_Room_Door_L,1.33,0.29,-2.20
84.505,0,Conference_Room_Door_L,1.33,0.28,-2.21
84.533,0,None,0,0,0
84.575,0,None,0,0,0
84.602,0,None,0,0,0
84.645,0,None,0,0,0
84.672,0,None,0,0,0
84.700,0,None,0,0,0
84.742,0,Wall_3mx20cm_Conference_Door,1.24,0.35,-2.20
84.769,0,Wall_3mx20cm_Conference_Door,1.28,0.35,-2.20
84.811,0,Wall_3mx20cm_Conference_Door,1.41,0.36,-2.18
84.839,0,Wall_3mx20cm_Conference_Door,1.37,0.35,-2.18
84.867,0,Wall_3mx20cm_Conference_Door,1.29,0.35,-2.19
84.908,0,Wall_3mx20cm_Conference_Door,1.28,0.35,-2.18
84.937,0,None,0,0,0
84.978,0,Wall_3mx20cm_Conference_Door,1.22,0.35,-2.19
85.006,0,Wall_3mx20cm_Conference_Door,1.34,0.35,-2.18
85.035,0,Wall_3mx20cm_Conference_Door,1.35,0.35,-2.18
85.076,0,Wall_3mx20cm_Conference_Door,1.41,0.37,-2.18
85.104,0,Timer,1.47,0.40,-2.17
85.145,0,Timer,1.47,0.41,-2.17
85.173,0,Timer,1.47,0.43,-2.17
85.201,0,Timer,1.47,0.45,-2.18
85.243,0,Timer,1.47,0.42,-2.19
85.270,0,Timer,1.47,0.39,-2.19
85.299,0,Wall_3mx20cm_Conference_Door,1.41,0.39,-2.20
85.340,0,Wall_3mx20cm_Conference_Door,1.41,0.36,-2.19
85.368,0,Wall_3mx20cm_Conference_Door,1.41,0.37,-2.19
85.411,0,Wall_3mx20cm_Conference_Door,1.41,0.36,-2.17
85.438,0,Wall_3mx20cm_Conference_Door,1.41,0.36,-2.17
85.466,0,Wall_3mx20cm_Conference_Door,1.41,0.36,-2.16
85.508,0,Wall_3mx20cm_Conference_Door,1.41,0.37,-2.16
85.536,0,Wall_3mx20cm_Conference_Door,1.41,0.37,-2.16
85.577,0,Wall_3mx20cm_Conference_Door,1.41,0.37,-2.17
85.605,0,Wall_3mx20cm_Conference_Door,1.41,0.36,-2.18
85.633,0,Wall_3mx20cm_Conference_Door,1.41,0.36,-2.18
85.675,0,Wall_3mx20cm_Conference_Door,1.41,0.37,-2.18
85.703,0,Wall_3mx20cm_Conference_Door,1.41,0.37,-2.17
85.744,0,Wall_3mx20cm_Conference_Door,1.41,0.37,-2.16
85.772,0,Wall_3mx20cm_Conference_Door,1.41,0.37,-2.15
85.800,0,Wall_3mx20cm_Conference_Door,1.41,0.37,-2.14
85.842,0,Wall_3mx20cm_Conference_Door,1.41,0.37,-2.14
85.870,0,Wall_3mx20cm_Conference_Door,1.41,0.37,-2.14
85.912,0,Wall_3mx20cm_Conference_Door,1.41,0.36,-2.15
85.939,0,Wall_3mx20cm_Conference_Door,1.41,0.38,-2.16
85.967,0,Wall_3mx20cm_Conference_Door,1.41,0.38,-2.16
86.009,0,Wall_3mx20cm_Conference_Door,1.41,0.37,-2.17
86.037,0,Wall_3mx20cm_Conference_Door,1.41,0.36,-2.17
86.079,0,Wall_3mx20cm_Conference_Door,1.34,0.35,-2.17
86.106,0,Wall_3mx20cm_Conference_Door,1.40,0.35,-2.16
86.134,0,Wall_3mx20cm_Conference_Door,1.41,0.36,-2.16
86.176,0,Wall_3mx20cm_Conference_Door,1.41,0.38,-2.16
86.204,0,Wall_3mx20cm_Conference_Door,1.41,0.37,-2.16
86.246,0,Wall_3mx20cm_Conference_Door,1.41,0.37,-2.16
86.274,0,Wall_3mx20cm_Conference_Door,1.39,0.35,-2.16
86.301,0,Wall_3mx20cm_Conference_Door,1.41,0.36,-2.15
86.343,0,Wall_3mx20cm_Conference_Door,1.41,0.37,-2.15
86.371,0,Wall_3mx20cm_Conference_Door,1.41,0.36,-2.15
86.413,0,Wall_3mx20cm_Conference_Door,1.39,0.35,-2.15
86.440,0,Wall_3mx20cm_Conference_Door,1.36,0.35,-2.16
86.469,0,Wall_3mx20cm_Conference_Door,1.37,0.35,-2.16
86.510,0,Wall_3mx20cm_Conference_Door,1.28,0.35,-2.17
86.538,0,Wall_3mx20cm_Conference_Door,1.23,0.35,-2.18
86.567,0,Wall_3mx20cm_Conference_Door,1.23,0.35,-2.17
86.607,0,Wall_3mx20cm_Conference_Door,1.25,0.35,-2.16
86.635,0,None,0,0,0
86.676,0,None,0,0,0
86.704,0,None,0,0,0
86.746,0,Wall_3mx20cm_Conference_Door,1.31,0.35,-2.14
86.774,0,Wall_3mx20cm_Conference_Door,1.38,0.35,-2.14
86.803,0,Wall_3mx20cm_Conference_Door,1.26,0.35,-2.14
86.844,0,None,0,0,0
86.872,0,None,0,0,0
86.900,0,Wall_3mx20cm_Conference_Door,1.25,0.35,-2.14
86.941,0,Wall_3mx20cm_Conference_Door,1.29,0.35,-2.15
86.969,0,Wall_3mx20cm_Conference_Door,1.33,0.35,-2.16
87.011,0,Wall_3mx20cm_Conference_Door,1.31,0.35,-2.16
87.039,0,Wall_3mx20cm_Conference_Door,1.27,0.35,-2.17
87.067,0,Wall_3mx20cm_Conference_Door,1.39,0.35,-2.16
87.108,0,Wall_3mx20cm_Conference_Door,1.35,0.35,-2.15
87.136,0,None,0,0,0
87.179,0,Conference_Room_Door_L,1.33,0.29,-2.15
87.206,0,Conference_Room_Door_L,1.33,0.28,-2.15
87.234,0,Conference_Room_Door_L,1.33,0.28,-2.15
87.276,0,Conference_Room_Door_L,1.33,0.26,-2.17
87.303,0,Conference_Room_Door_L,1.33,0.27,-2.18
87.345,0,Conference_Room_Door_L,1.33,0.29,-2.19
87.372,0,Conference_Room_Door_L,1.33,0.30,-2.19
87.401,0,None,0,0,0
87.443,0,None,0,0,0
87.471,0,None,0,0,0
87.512,0,None,0,0,0
87.540,0,Wall_3mx20cm_Conference_Door,1.22,0.35,-2.19
87.568,0,Wall_3mx20cm_Conference_Door,1.28,0.35,-2.19
87.610,0,Wall_3mx20cm_Conference_Door,1.41,0.35,-2.19
87.637,0,Wall_3mx20cm_Conference_Door,1.41,0.38,-2.19
87.679,0,Timer,1.47,0.41,-2.19
87.707,0,Timer,1.47,0.42,-2.20
87.735,0,Timer,1.47,0.45,-2.20
87.777,0,Timer,1.47,0.49,-2.21
87.805,0,Timer,1.47,0.52,-2.21
87.846,0,Timer,1.47,0.53,-2.21
87.874,0,Timer,1.47,0.54,-2.21
87.902,0,Timer,1.47,0.54,-2.21
87.944,0,Timer,1.47,0.53,-2.21
87.972,0,Timer,1.47,0.54,-2.21
88.000,0,Timer,1.47,0.55,-2.21
88.041,0,Timer,1.47,0.56,-2.22
88.069,0,Timer,1.47,0.57,-2.22
88.111,0,Timer,1.47,0.58,-2.22
88.139,0,Timer,1.47,0.58,-2.21
88.167,0,Timer,1.47,0.58,-2.21
88.209,0,Timer,1.47,0.57,-2.20
88.236,0,Timer,1.47,0.55,-2.20
88.278,0,Timer,1.47,0.53,-2.21
88.306,0,Timer,1.47,0.53,-2.21
88.334,0,Timer,1.47,0.52,-2.22
88.376,0,Timer,1.47,0.50,-2.22
88.403,0,Timer,1.47,0.50,-2.23
88.445,0,Timer,1.47,0.51,-2.23
88.473,0,Timer,1.47,0.51,-2.23
88.501,0,Timer,1.47,0.52,-2.22
88.543,0,Timer,1.47,0.52,-2.22
88.571,0,Timer,1.47,0.53,-2.21
88.612,0,Timer,1.47,0.52,-2.21
88.641,0,Timer,1.47,0.51,-2.21
88.669,0,Timer,1.47,0.51,-2.20
88.710,0,Timer,1.47,0.42,-2.18
88.738,0,Timer,1.47,0.41,-2.18
88.766,0,Timer,1.47,0.43,-2.18
88.808,0,Timer,1.47,0.47,-2.18
88.835,0,Timer,1.47,0.49,-2.19
88.877,0,Timer,1.47,0.47,-2.20
88.905,0,Timer,1.47,0.42,-2.20
88.933,0,Wall_3mx20cm_Conference_Door,1.41,0.39,-2.20
88.974,0,Timer,1.47,0.40,-2.19
89.002,0,Timer,1.47,0.39,-2.19
89.043,0,Wall_3mx20cm_Conference_Door,1.41,0.37,-2.19
89.072,0,Wall_3mx20cm_Conference_Door,1.35,0.35,-2.19
89.099,0,Wall_3mx20cm_Conference_Door,1.38,0.35,-2.19
89.141,0,Wall_3mx20cm_Conference_Door,1.27,0.35,-2.20
89.169,0,Wall_3mx20cm_Conference_Door,1.28,0.35,-2.20
89.211,0,Wall_3mx20cm_Conference_Door,1.34,0.35,-2.20
89.239,0,Wall_3mx20cm_Conference_Door,1.41,0.38,-2.19
89.267,0,Timer,1.47,0.41,-2.19
89.308,0,Timer,1.47,0.44,-2.19
89.336,0,Timer,1.47,0.45,-2.19
89.378,0,Timer,1.47,0.44,-2.19
89.406,0,Timer,1.47,0.45,-2.18
89.433,0,Timer,1.47,0.44,-2.18
89.476,0,Timer,1.47,0.43,-2.18
89.503,0,Timer,1.47,0.44,-2.18
89.545,0,Timer,1.47,0.41,-2.18
89.574,0,Timer,1.47,0.40,-2.18
89.603,0,Timer,1.47,0.41,-2.17
89.646,0,Timer,1.47,0.41,-2.17
89.677,0,Timer,1.47,0.41,-2.17
89.706,0,Timer,1.47,0.40,-2.16
89.734,0,Timer,1.47,0.39,-2.17
89.777,0,Wall_3mx20cm_Conference_Door,1.41,0.38,-2.17
89.806,0,Wall_3mx20cm_Conference_Door,1.41,0.37,-2.17
89.833,0,Wall_3mx20cm_Conference_Door,1.41,0.38,-2.17
89.875,0,Wall_3mx20cm_Conference_Door,1.41,0.38,-2.17
89.903,0,Wall_3mx20cm_Conference_Door,1.41,0.39,-2.18
89.947,0,Wall_3mx20cm_Conference_Door,1.41,0.38,-2.18
89.974,0,Wall_3mx20cm_Conference_Door,1.41,0.38,-2.19
90.002,0,Wall_3mx20cm_Conference_Door,1.41,0.37,-2.19
90.044,0,Wall_3mx20cm_Conference_Door,1.41,0.37,-2.20
90.074,0,Wall_3mx20cm_Conference_Door,1.41,0.36,-2.19
90.100,0,Wall_3mx20cm_Conference_Door,1.40,0.35,-2.19
90.142,0,Wall_3mx20cm_Conference_Door,1.41,0.35,-2.18
90.171,0,Wall_3mx20cm_Conference_Door,1.40,0.35,-2.17
90.212,0,Wall_3mx20cm_Conference_Door,1.37,0.35,-2.17
90.239,0,Wall_3mx20cm_Conference_Door,1.35,0.35,-2.17
90.267,0,Wall_3mx20cm_Conference_Door,1.34,0.35,-2.17
90.309,0,Wall_3mx20cm_Conference_Door,1.39,0.35,-2.16
90.336,0,Wall_3mx20cm_Conference_Door,1.40,0.35,-2.16
90.378,0,Wall_3mx20cm_Conference_Door,1.40,0.35,-2.15
90.406,0,Wall_3mx20cm_Conference_Door,1.41,0.36,-2.15
90.436,0,Wall_3mx20cm_Conference_Door,1.41,0.36,-2.15
90.476,0,Wall_3mx20cm_Conference_Door,1.41,0.37,-2.15
90.504,0,Wall_3mx20cm_Conference_Door,1.41,0.37,-2.14
90.546,0,Wall_3mx20cm_Conference_Door,1.41,0.36,-2.13
90.573,0,Wall_3mx20cm_Conference_Door,1.41,0.36,-2.13
90.601,0,Wall_3mx20cm_Conference_Door,1.39,0.35,-2.13
90.643,0,Wall_3mx20cm_Conference_Door,1.35,0.35,-2.14
90.672,0,Wall_3mx20cm_Conference_Door,1.34,0.35,-2.14
90.699,0,Wall_3mx20cm_Conference_Door,1.34,0.35,-2.15
90.741,0,Wall_3mx20cm_Conference_Door,1.32,0.35,-2.16
90.769,0,Wall_3mx20cm_Conference_Door,1.29,0.35,-2.16
90.811,0,Wall_3mx20cm_Conference_Door,1.26,0.35,-2.16
90.838,0,None,0,0,0
90.866,0,None,0,0,0
90.907,0,None,0,0,0
90.935,0,None,0,0,0
90.977,0,Conference_Room_Door_L,1.33,0.30,-2.14
91.004,0,Conference_Room_Door_L,1.33,0.30,-2.13
91.046,0,Conference_Room_Door_L,1.33,0.30,-2.13
91.073,0,Conference_Room_Door_L,1.33,0.30,-2.12
91.102,0,Conference_Room_Door_L,1.33,0.30,-2.12
91.143,0,None,0,0,0
91.170,0,Conference_Room_Door_L,1.33,0.30,-2.11
91.212,0,Conference_Room_Door_L,1.33,0.30,-2.10
91.240,0,Conference_Room_Door_L,1.33,0.30,-2.09
91.268,0,Conference_Room_Door_L,1.33,0.29,-2.08
91.309,0,Conference_Room_Door_L,1.33,0.29,-2.06
91.338,0,Conference_Room_Door_L,1.33,0.28,-2.04
91.379,0,Conference_Room_Door_L,1.33,0.28,-2.03
91.408,0,Conference_Room_Door_L,1.33,0.29,-2.02
91.435,0,Conference_Room_Door_L,1.33,0.29,-2.01
91.477,0,Conference_Room_Door_L,1.33,0.29,-2.01
91.505,0,Conference_Room_Door_L,1.33,0.29,-2.01
91.548,0,Conference_Room_Door_L,1.33,0.29,-2.02
91.575,0,Conference_Room_Door_L,1.33,0.28,-2.02
91.602,0,Conference_Room_Door_L,1.33,0.27,-2.02
91.644,0,Conference_Room_Door_L,1.33,0.27,-2.01
91.672,0,Conference_Room_Door_L,1.33,0.26,-2.01
91.700,0,Conference_Room_Door_L,1.33,0.26,-2.01
91.742,0,Conference_Room_Door_L,1.33,0.25,-2.01
91.771,0,Conference_Room_Door_L,1.33,0.25,-2.01
91.813,0,Conference_Room_Door_L,1.33,0.25,-2.01
91.840,0,Conference_Room_Door_L,1.33,0.25,-2.01
91.868,0,Conference_Room_Door_L,1.33,0.25,-2.01
91.910,0,Conference_Room_Door_L,1.33,0.24,-2.01
91.938,0,Conference_Room_Door_L,1.33,0.24,-2.00
91.966,0,Conference_Room_Door_L,1.33,0.23,-2.00
92.009,0,Conference_Room_Door_L,1.33,0.21,-1.99
92.035,0,Conference_Room_Door_L,1.33,0.21,-1.99
92.078,0,Conference_Room_Door_L,1.33,0.20,-1.98
92.105,0,Conference_Room_Door_L,1.33,0.20,-1.98
92.134,0,Conference_Room_Door_L,1.33,0.19,-1.98
92.175,0,Conference_Room_Door_L,1.33,0.19,-1.98
92.203,0,Conference_Room_Door_L,1.33,0.19,-1.98
92.245,0,Conference_Room_Door_L,1.33,0.19,-1.98
92.273,0,Conference_Room_Door_L,1.33,0.18,-1.98
92.301,0,Conference_Room_Door_L,1.33,0.17,-1.98
92.342,0,Conference_Room_Door_L,1.33,0.17,-1.98
92.370,0,Conference_Room_Door_L,1.33,0.16,-1.97
92.412,0,Conference_Room_Door_L,1.33,0.15,-1.96
92.441,0,Conference_Room_Door_L,1.33,0.14,-1.96
92.468,0,Conference_Room_Door_L,1.33,0.13,-1.96
92.509,0,Conference_Room_Door_L,1.33,0.11,-1.95
92.537,0,Conference_Room_Door_L,1.33,0.10,-1.95
92.578,0,Conference_Room_Door_L,1.33,0.09,-1.93
92.607,0,Conference_Room_Door_L,1.33,0.07,-1.92
92.634,0,Conference_Room_Door_L,1.33,0.06,-1.90
92.676,0,Conference_Room_Door_L,1.33,0.04,-1.87
92.704,0,Conference_Room_Door_L,1.33,0.02,-1.85
92.746,0,Conference_Room_Door_L,1.33,-0.02,-1.82
92.776,0,Conference_Room_Door_L,1.33,-0.05,-1.81
92.802,0,Conference_Room_Door_L,1.33,-0.08,-1.79
92.844,0,Conference_Room_Door_L,1.33,-0.12,-1.76
92.871,0,Conference_Room_Door_L,1.33,-0.14,-1.74
92.913,0,None,0,0,0
92.941,0,None,0,0,0
92.969,0,None,0,0,0
93.010,0,Wall_3mx20cm_Conference_Door,1.41,-0.21,-1.66
93.038,0,Wall_3mx20cm_Conference_Door,1.41,-0.22,-1.64
93.066,0,Wall_3mx20cm_Conference_Door,1.41,-0.23,-1.64
93.108,0,Wall_3mx20cm_Conference_Door,1.41,-0.24,-1.63
93.136,0,Wall_3mx20cm_Conference_Door,1.41,-0.24,-1.64
93.178,0,Wall_3mx20cm_Conference_Door,1.41,-0.24,-1.64
93.205,0,Wall_3mx20cm_Conference_Door,1.41,-0.24,-1.65
93.233,0,Wall_3mx20cm_Conference_Door,1.41,-0.24,-1.66
93.275,0,Wall_3mx20cm_Conference_Door,1.41,-0.23,-1.66
93.303,0,Wall_3mx20cm_Conference_Door,1.41,-0.22,-1.67
93.345,0,Wall_3mx20cm_Conference_Door,1.33,-0.21,-1.67
93.373,0,None,0,0,0
93.401,0,None,0,0,0
93.443,0,None,0,0,0
93.470,0,None,0,0,0
93.512,0,None,0,0,0
93.540,0,None,0,0,0
93.567,0,None,0,0,0
93.609,0,None,0,0,0
93.637,0,None,0,0,0
93.679,0,None,0,0,0
93.707,0,None,0,0,0
93.735,0,None,0,0,0
93.776,0,None,0,0,0
93.804,0,None,0,0,0
93.846,0,None,0,0,0
93.874,0,None,0,0,0
93.902,0,None,0,0,0
93.943,0,None,0,0,0
93.971,0,None,0,0,0
93.999,0,Wall_3mx20cm_Conference_Door,1.24,-0.18,-1.67
94.041,0,Wall_3mx20cm_Conference_Door,1.34,-0.19,-1.67
94.069,0,Wall_3mx20cm_Conference_Door,1.40,-0.20,-1.67
94.110,0,Wall_3mx20cm_Conference_Door,1.41,-0.20,-1.66
94.138,0,Wall_3mx20cm_Conference_Door,1.41,-0.20,-1.66
94.166,0,Wall_3mx20cm_Conference_Door,1.41,-0.20,-1.66
94.208,0,Wall_3mx20cm_Conference_Door,1.41,-0.20,-1.66
94.236,0,Wall_3mx20cm_Conference_Door,1.41,-0.20,-1.65
94.278,0,Wall_3mx20cm_Conference_Door,1.41,-0.21,-1.64
94.306,0,Wall_3mx20cm_Conference_Door,1.41,-0.20,-1.63
94.333,0,Wall_3mx20cm_Conference_Door,1.41,-0.20,-1.61
94.375,0,Wall_3mx20cm_Conference_Door,1.41,-0.20,-1.58
94.403,0,Wall_3mx20cm_Conference_Door,1.41,-0.20,-1.57
94.445,0,Wall_3mx20cm_Conference_Door,1.41,-0.20,-1.53
94.473,0,Wall_3mx20cm_Conference_Door,1.41,-0.20,-1.51
94.501,0,Wall_3mx20cm_Conference_Door,1.41,-0.21,-1.49
94.543,0,Wall_3mx20cm_Conference_Door,1.41,-0.22,-1.46
94.570,0,Wall_3mx20cm_Conference_Door,1.41,-0.22,-1.44
94.612,0,Wall_3mx20cm_Conference_Door,1.41,-0.22,-1.42
94.640,0,Wall_3mx20cm_Conference_Door,1.41,-0.22,-1.40
94.668,0,Wall_3mx20cm_Conference_Door,1.41,-0.23,-1.39
94.710,0,Wall_3mx20cm_Conference_Door,1.41,-0.24,-1.37
94.738,0,Wall_3mx20cm_Conference_Door,1.41,-0.24,-1.36
94.779,0,Wall_3mx20cm_Conference_Door,1.41,-0.24,-1.33
94.807,0,Wall_3mx20cm_Conference_Door,1.41,-0.25,-1.31
94.835,0,Wall_3mx20cm_Conference_Door,1.41,-0.24,-1.29
94.876,0,Wall_3mx20cm_Conference_Door,1.41,-0.24,-1.27
94.904,0,Wall_3mx20cm_Conference_Door,1.41,-0.25,-1.25
94.947,0,Wall_3mx20cm_Conference_Door,1.41,-0.25,-1.22
94.973,0,Wall_3mx20cm_Conference_Door,1.41,-0.24,-1.20
95.002,0,Wall_3mx20cm_Conference_Door,1.41,-0.23,-1.18
95.043,0,Wall_3mx20cm_Conference_Door,1.41,-0.23,-1.15
95.071,0,Wall_3mx20cm_Conference_Door,1.41,-0.24,-1.14
95.099,0,Wall_3mx20cm_Conference_Door,1.41,-0.23,-1.12
95.141,0,Wall_3mx20cm_Conference_Door,1.41,-0.22,-1.10
95.169,0,Wall_3mx20cm_Door (1),1.41,-0.21,-1.08
95.211,0,Wall_3mx20cm_Door (1),1.41,-0.21,-1.06
95.238,0,Wall_3mx20cm_Door (1),1.41,-0.21,-1.04
95.267,0,Wall_3mx20cm_Door (1),1.41,-0.21,-1.03
95.308,0,Wall_3mx20cm_Door (1),1.41,-0.21,-1.02
95.336,0,Wall_3mx20cm_Door (1),1.41,-0.21,-1.02
95.378,0,Wall_3mx20cm_Door (1),1.41,-0.22,-1.02
95.406,0,Wall_3mx20cm_Door (1),1.41,-0.21,-1.02
95.433,0,Wall_3mx20cm_Door (1),1.41,-0.20,-1.01
95.475,0,Wall_3mx20cm_Door (1),1.41,-0.19,-1.00
95.502,0,Wall_3mx20cm_Door (1),1.41,-0.19,-1.00
95.545,0,Wall_3mx20cm_Door (1),1.41,-0.19,-0.99
95.572,0,Wall_3mx20cm_Door (1),1.41,-0.20,-0.99
95.600,0,Wall_3mx20cm_Door (1),1.41,-0.21,-1.00
95.641,0,Wall_3mx20cm_Door (1),1.41,-0.21,-1.00
95.670,0,Wall_3mx20cm_Door (1),1.41,-0.21,-1.00
95.711,0,Wall_3mx20cm_Door (1),1.41,-0.20,-1.00
95.739,0,Wall_3mx20cm_Door (1),1.41,-0.20,-1.00
95.767,0,Wall_3mx20cm_Door (1),1.41,-0.20,-1.00
95.809,0,Wall_3mx20cm_Door (1),1.41,-0.19,-1.00
95.837,0,Wall_3mx20cm_Door (1),1.41,-0.18,-1.00
95.878,0,Wall_3mx20cm_Door (1),1.41,-0.17,-1.00
95.907,0,Wall_3mx20cm_Door (1),1.41,-0.16,-1.01
95.934,0,Wall_3mx20cm_Door (1),1.41,-0.15,-1.01
95.976,0,Wall_3mx20cm_Door (1),1.41,-0.15,-1.01
96.004,0,Wall_3mx20cm_Door (1),1.41,-0.15,-1.02
96.046,0,Wall_3mx20cm_Door (1),1.41,-0.17,-1.02
96.073,0,Wall_3mx20cm_Door (1),1.41,-0.18,-1.03
96.101,0,Wall_3mx20cm_Door (1),1.41,-0.18,-1.04
96.143,0,Wall_3mx20cm_Door (1),1.41,-0.17,-1.05
96.171,0,Wall_3mx20cm_Door (1),1.41,-0.16,-1.05
96.212,0,Wall_3mx20cm_Door (1),1.41,-0.15,-1.06
96.240,0,Wall_3mx20cm_Door (1),1.41,-0.14,-1.05
96.268,0,Wall_3mx20cm_Door (1),1.41,-0.14,-1.05
96.310,0,Wall_3mx20cm_Door (1),1.41,-0.13,-1.04
96.338,0,Wall_3mx20cm_Door (1),1.41,-0.13,-1.04
96.366,0,Wall_3mx20cm_Door (1),1.41,-0.13,-1.03
96.407,0,Wall_3mx20cm_Door (1),1.41,-0.13,-1.02
96.435,0,Wall_3mx20cm_Door (1),1.41,-0.13,-1.01
96.476,0,Wall_3mx20cm_Door (1),1.41,-0.14,-1.00
96.504,0,Wall_3mx20cm_Door (1),1.41,-0.14,-0.99
96.546,0,Wall_3mx20cm_Door (1),1.41,-0.15,-0.99
96.574,0,Wall_3mx20cm_Door (1),1.41,-0.16,-0.99
96.602,0,Wall_3mx20cm_Door (1),1.41,-0.16,-0.99
96.644,0,Wall_3mx20cm_Door (1),1.41,-0.16,-0.99
96.672,0,Wall_3mx20cm_Door (1),1.41,-0.17,-0.99
96.738,0,Wall_3mx20cm_Door (1),1.41,-0.18,-0.98
96.738,0,Wall_3mx20cm_Door (1),1.41,-0.18,-0.98
96.777,0,Wall_3mx20cm_Door (1),1.41,-0.19,-0.97
96.806,0,Wall_3mx20cm_Door (1),1.41,-0.20,-0.95
96.839,0,Wall_3mx20cm_Door (1),1.41,-0.21,-0.92
96.867,0,Wall_3mx20cm_Door (1),1.41,-0.21,-0.91
96.909,0,Wall_3mx20cm_Door (1),1.41,-0.20,-0.89
96.936,0,Wall_3mx20cm_Door (1),1.41,-0.20,-0.88
96.978,0,Wall_3mx20cm_Door (1),1.41,-0.25,-0.87
97.007,0,Wall_3mx20cm_Door (1),1.41,-0.28,-0.86
97.033,0,Wall_3mx20cm_Door (1),1.41,-0.29,-0.85
97.076,0,Wall_3mx20cm_Door (1),1.41,-0.30,-0.84
97.104,0,Wall_3mx20cm_Door (1),1.41,-0.31,-0.82
97.146,0,Wall_3mx20cm_Door (1),1.41,-0.34,-0.81
97.173,0,Wall_3mx20cm_Door (1),1.41,-0.35,-0.81
97.202,0,Wall_3mx20cm_Door (1),1.41,-0.36,-0.80
97.243,0,Wall_3mx20cm_Door (1),1.41,-0.38,-0.80
97.271,0,Wall_3mx20cm_Door (1),1.41,-0.39,-0.80
97.313,0,Wall_3mx20cm_Door (1),1.41,-0.42,-0.80
97.342,0,Wall_3mx20cm_Door (1),1.41,-0.44,-0.80
97.371,0,Wall_3mx20cm_Door (1),1.41,-0.47,-0.80
97.411,0,Wall_3mx20cm_Door (1),1.41,-0.50,-0.80
97.439,0,Wall_3mx20cm_Door (1),1.41,-0.52,-0.79
97.466,0,Wall_3mx20cm_Door (1),1.41,-0.55,-0.79
97.509,0,Wall_3mx20cm_Door (1),1.41,-0.58,-0.78
97.536,0,Wall_3mx20cm_Door (1),1.41,-0.60,-0.78
97.577,0,Wall_3mx20cm_Door (1),1.41,-0.61,-0.76
97.605,0,Wall_3mx20cm_Door (1),1.41,-0.63,-0.76
97.633,0,Wall_3mx20cm_Door (1),1.41,-0.63,-0.75
97.675,0,Wall_3mx20cm_Door (1),1.41,-0.64,-0.74
97.704,0,Wall_3mx20cm_Door (1),1.41,-0.64,-0.74
97.745,0,Wall_3mx20cm_Door (1),1.41,-0.65,-0.73
97.772,0,Wall_3mx20cm_Door (1),1.41,-0.66,-0.72
97.800,0,Wall_3mx20cm_Door (1),1.41,-0.66,-0.72
97.843,0,Wall_3mx20cm_Door (1),1.41,-0.66,-0.72
97.870,0,Wall_3mx20cm_Door (1),1.41,-0.66,-0.72
97.912,0,Wall_3mx20cm_Door (1),1.41,-0.65,-0.72
97.939,0,Wall_3mx20cm_Door (1),1.41,-0.64,-0.72
97.967,0,Wall_3mx20cm_Door (1),1.41,-0.64,-0.72
98.009,0,Wall_3mx20cm_Door (1),1.41,-0.63,-0.72
98.037,0,Wall_3mx20cm_Door (1),1.41,-0.62,-0.72
98.079,0,Wall_3mx20cm_Door (1),1.41,-0.61,-0.72
98.107,0,Wall_3mx20cm_Door (1),1.41,-0.60,-0.71
98.134,0,Wall_3mx20cm_Door (1),1.41,-0.60,-0.71
98.176,0,Wall_3mx20cm_Door (1),1.41,-0.59,-0.71
98.204,0,Wall_3mx20cm_Door (1),1.41,-0.59,-0.71
98.245,0,Wall_3mx20cm_Door (1),1.41,-0.58,-0.71
98.271,0,Wall_3mx20cm_Door (1),1.41,-0.58,-0.71
98.301,0,Wall_3mx20cm_Door (1),1.41,-0.58,-0.72
98.343,0,Wall_3mx20cm_Door (1),1.41,-0.57,-0.72
98.369,0,Wall_3mx20cm_Door (1),1.41,-0.57,-0.72
98.401,0,Wall_3mx20cm_Door (1),1.41,-0.57,-0.71
98.447,0,Wall_3mx20cm_Door (1),1.41,-0.58,-0.71
98.476,0,Wall_3mx20cm_Door (1),1.41,-0.57,-0.71
98.520,0,Wall_3mx20cm_Door (1),1.41,-0.58,-0.70
98.533,0,Wall_3mx20cm_Door (1),1.41,-0.59,-0.70
98.576,0,Wall_3mx20cm_Door (1),1.41,-0.59,-0.70
98.604,0,Wall_3mx20cm_Door (1),1.41,-0.59,-0.71
98.633,0,Wall_3mx20cm_Door (1),1.41,-0.59,-0.71
98.675,0,Wall_3mx20cm_Door (1),1.41,-0.58,-0.71
98.704,0,Wall_3mx20cm_Door (1),1.41,-0.58,-0.71
98.746,0,Wall_3mx20cm_Door (1),1.41,-0.58,-0.70
98.773,0,Wall_3mx20cm_Door (1),1.41,-0.58,-0.70
98.801,0,Wall_3mx20cm_Door (1),1.41,-0.58,-0.69
98.842,0,Wall_3mx20cm_Door (1),1.41,-0.58,-0.69
98.868,0,Wall_3mx20cm_Door (1),1.41,-0.58,-0.68
98.910,0,Wall_3mx20cm_Door (1),1.41,-0.58,-0.67
98.938,0,Wall_3mx20cm_Door (1),1.41,-0.58,-0.67
98.980,0,Wall_3mx20cm_Door (1),1.41,-0.58,-0.65
99.008,0,Wall_3mx20cm_Door (1),1.41,-0.58,-0.64
99.036,0,Wall_3mx20cm_Door (1),1.41,-0.58,-0.63
99.079,0,Wall_3mx20cm_Door (1),1.41,-0.59,-0.61
99.106,0,Wall_3mx20cm_Door (1),1.41,-0.59,-0.61
99.135,0,Wall_3mx20cm_Door (1),1.41,-0.59,-0.60
99.176,0,Wall_3mx20cm_Door (1),1.41,-0.59,-0.60
99.203,0,Wall_3mx20cm_Door (1),1.41,-0.59,-0.59
99.245,0,Wall_3mx20cm_Door (1),1.41,-0.58,-0.59
99.272,0,Wall_3mx20cm_Door (1),1.41,-0.58,-0.58
99.300,0,Wall_3mx20cm_Door (1),1.41,-0.57,-0.58
99.343,0,Wall_3mx20cm_Door (1),1.41,-0.57,-0.56
99.371,0,Wall_3mx20cm_Door (1),1.41,-0.57,-0.55
99.413,0,Wall_3mx20cm_Door (1),1.41,-0.57,-0.54
99.440,0,Wall_3mx20cm_Door (1),1.41,-0.57,-0.54
99.467,0,Wall_3mx20cm_Door (1),1.41,-0.57,-0.55
99.510,0,Wall_3mx20cm_Door (1),1.41,-0.57,-0.56
99.538,0,Wall_3mx20cm_Door (1),1.41,-0.56,-0.57
99.566,0,Wall_3mx20cm_Door (1),1.41,-0.56,-0.58
99.608,0,Wall_3mx20cm_Door (1),1.41,-0.56,-0.59
99.635,0,Wall_3mx20cm_Door (1),1.41,-0.56,-0.60
99.678,0,Wall_3mx20cm_Door (1),1.41,-0.56,-0.59
99.704,0,Wall_3mx20cm_Door (1),1.41,-0.56,-0.59
99.746,0,Wall_3mx20cm_Door (1),1.41,-0.56,-0.58
99.774,0,Wall_3mx20cm_Door (1),1.41,-0.55,-0.57
99.802,0,Wall_3mx20cm_Door (1),1.41,-0.55,-0.57
99.844,0,Wall_3mx20cm_Door (1),1.41,-0.54,-0.57
99.872,0,Wall_3mx20cm_Door (1),1.41,-0.54,-0.58
99.900,0,Wall_3mx20cm_Door (1),1.41,-0.54,-0.58
99.941,0,Wall_3mx20cm_Door (1),1.41,-0.54,-0.58
99.969,0,Wall_3mx20cm_Door (1),1.41,-0.54,-0.58
100.011,0,Wall_3mx20cm_Door (1),1.41,-0.54,-0.58
100.032,0,Wall_3mx20cm_Door (1),1.41,-0.53,-0.58
100.066,0,Wall_3mx20cm_Door (1),1.41,-0.53,-0.57
100.110,0,Wall_3mx20cm_Door (1),1.41,-0.53,-0.57
100.135,0,Wall_3mx20cm_Door (1),1.41,-0.53,-0.57
100.177,0,Wall_3mx20cm_Door (1),1.41,-0.53,-0.56
100.206,0,Wall_3mx20cm_Door (1),1.41,-0.53,-0.56
100.234,0,Wall_3mx20cm_Door (1),1.41,-0.54,-0.56
100.274,0,Wall_3mx20cm_Door (1),1.41,-0.54,-0.56
100.303,0,Wall_3mx20cm_Door (1),1.41,-0.54,-0.56
100.345,0,Wall_3mx20cm_Door (1),1.41,-0.54,-0.56
100.373,0,Wall_3mx20cm_Door (1),1.41,-0.54,-0.56
100.401,0,Wall_3mx20cm_Door (1),1.41,-0.54,-0.56
100.443,0,Wall_3mx20cm_Door (1),1.41,-0.55,-0.55
100.471,0,Wall_3mx20cm_Door (1),1.41,-0.55,-0.55
100.499,0,Wall_3mx20cm_Door (1),1.41,-0.56,-0.55
100.541,0,Wall_3mx20cm_Door (1),1.41,-0.56,-0.55
100.568,0,Wall_3mx20cm_Door (1),1.41,-0.56,-0.55
100.611,0,Wall_3mx20cm_Door (1),1.41,-0.56,-0.55
100.638,0,Wall_3mx20cm_Door (1),1.41,-0.56,-0.55
100.666,0,Wall_3mx20cm_Door (1),1.41,-0.56,-0.55
100.708,0,Wall_3mx20cm_Door (1),1.41,-0.55,-0.56
100.736,0,Wall_3mx20cm_Door (1),1.41,-0.55,-0.56
100.779,0,Wall_3mx20cm_Door (1),1.41,-0.54,-0.56
100.806,0,Wall_3mx20cm_Door (1),1.41,-0.52,-0.56
100.834,0,Wall_3mx20cm_Door (1),1.41,-0.51,-0.55
100.876,0,Wall_3mx20cm_Door (1),1.41,-0.50,-0.55
100.903,0,Wall_3mx20cm_Door (1),1.41,-0.50,-0.54
100.946,0,Wall_3mx20cm_Door (1),1.41,-0.49,-0.54
100.973,0,Wall_3mx20cm_Door (1),1.41,-0.48,-0.55
101.002,0,Wall_3mx20cm_Door (1),1.41,-0.48,-0.55
101.043,0,Wall_3mx20cm_Door (1),1.41,-0.48,-0.56
101.071,0,Wall_3mx20cm_Door (1),1.41,-0.49,-0.56
101.099,0,Wall_3mx20cm_Door (1),1.41,-0.49,-0.56
101.140,0,Wall_3mx20cm_Door (1),1.41,-0.50,-0.57
101.168,0,Wall_3mx20cm_Door (1),1.41,-0.50,-0.57
101.209,0,Wall_3mx20cm_Door (1),1.41,-0.50,-0.57
101.238,0,Wall_3mx20cm_Door (1),1.41,-0.50,-0.58
101.278,0,Wall_3mx20cm_Door (1),1.41,-0.51,-0.58
101.306,0,Wall_3mx20cm_Door (1),1.41,-0.51,-0.59
101.334,0,Wall_3mx20cm_Door (1),1.41,-0.51,-0.59
101.376,0,Wall_3mx20cm_Door (1),1.41,-0.52,-0.60
101.403,0,Wall_3mx20cm_Door (1),1.41,-0.52,-0.60
101.444,0,Wall_3mx20cm_Door (1),1.41,-0.52,-0.59
101.473,0,Wall_3mx20cm_Door (1),1.41,-0.53,-0.59
101.500,0,Wall_3mx20cm_Door (1),1.41,-0.53,-0.59
101.541,0,Wall_3mx20cm_Door (1),1.41,-0.53,-0.59
101.569,0,Wall_3mx20cm_Door (1),1.41,-0.53,-0.59
101.612,0,Wall_3mx20cm_Door (1),1.41,-0.53,-0.60
101.640,0,Wall_3mx20cm_Door (1),1.41,-0.52,-0.60
101.668,0,Wall_3mx20cm_Door (1),1.41,-0.52,-0.60
101.709,0,Wall_3mx20cm_Door (1),1.41,-0.52,-0.60
101.738,0,Wall_3mx20cm_Door (1),1.41,-0.52,-0.60
101.766,0,Wall_3mx20cm_Door (1),1.41,-0.52,-0.60
101.808,0,Wall_3mx20cm_Door (1),1.41,-0.52,-0.60
101.836,0,Wall_3mx20cm_Door (1),1.41,-0.52,-0.59
101.877,0,Wall_3mx20cm_Door (1),1.41,-0.52,-0.59
101.904,0,Wall_3mx20cm_Door (1),1.41,-0.51,-0.60
101.946,0,Wall_3mx20cm_Door (1),1.41,-0.52,-0.60
101.975,0,Wall_3mx20cm_Door (1),1.41,-0.52,-0.61
102.001,0,Wall_3mx20cm_Door (1),1.41,-0.52,-0.61
102.043,0,Wall_3mx20cm_Door (1),1.41,-0.52,-0.61
102.070,0,Wall_3mx20cm_Door (1),1.41,-0.52,-0.61
102.112,0,Wall_3mx20cm_Door (1),1.41,-0.52,-0.61
102.139,0,Wall_3mx20cm_Door (1),1.41,-0.52,-0.61
102.167,0,Wall_3mx20cm_Door (1),1.41,-0.53,-0.61
102.208,0,Wall_3mx20cm_Door (1),1.41,-0.52,-0.60
102.236,0,Wall_3mx20cm_Door (1),1.41,-0.52,-0.60
102.278,0,Wall_3mx20cm_Door (1),1.41,-0.52,-0.60
102.307,0,Wall_3mx20cm_Door (1),1.41,-0.52,-0.60
102.334,0,Wall_3mx20cm_Door (1),1.41,-0.52,-0.60
102.376,0,Wall_3mx20cm_Door (1),1.41,-0.51,-0.60
102.403,0,Wall_3mx20cm_Door (1),1.41,-0.51,-0.61
102.446,0,Wall_3mx20cm_Door (1),1.41,-0.50,-0.61
102.472,0,Wall_3mx20cm_Door (1),1.41,-0.50,-0.62
102.500,0,Wall_3mx20cm_Door (1),1.41,-0.50,-0.62
102.541,0,Wall_3mx20cm_Door (1),1.41,-0.50,-0.62
102.569,0,Wall_3mx20cm_Door (1),1.41,-0.50,-0.61
102.611,0,Wall_3mx20cm_Door (1),1.41,-0.51,-0.60
102.639,0,Wall_3mx20cm_Door (1),1.41,-0.50,-0.60
102.667,0,Wall_3mx20cm_Door (1),1.41,-0.50,-0.60
102.710,0,Wall_3mx20cm_Door (1),1.41,-0.50,-0.62
102.738,0,Wall_3mx20cm_Door (1),1.41,-0.50,-0.63
102.779,0,Wall_3mx20cm_Door (1),1.41,-0.49,-0.63
102.807,0,Wall_3mx20cm_Door (1),1.41,-0.49,-0.63
102.835,0,Wall_3mx20cm_Door (1),1.41,-0.49,-0.62
102.877,0,Wall_3mx20cm_Door (1),1.41,-0.49,-0.62
102.905,0,Wall_3mx20cm_Door (1),1.41,-0.48,-0.62
102.932,0,Wall_3mx20cm_Door (1),1.41,-0.48,-0.62
102.974,0,Wall_3mx20cm_Door (1),1.41,-0.48,-0.61
103.002,0,Wall_3mx20cm_Door (1),1.41,-0.48,-0.61
103.043,0,Wall_3mx20cm_Door (1),1.41,-0.48,-0.61
103.072,0,Wall_3mx20cm_Door (1),1.41,-0.48,-0.61
103.099,0,Wall_3mx20cm_Door (1),1.41,-0.48,-0.62
103.141,0,Wall_3mx20cm_Door (1),1.41,-0.48,-0.63
103.169,0,Wall_3mx20cm_Door (1),1.41,-0.48,-0.63
103.211,0,Wall_3mx20cm_Door (1),1.41,-0.48,-0.63
103.239,0,Wall_3mx20cm_Door (1),1.41,-0.48,-0.63
103.267,0,Wall_3mx20cm_Door (1),1.41,-0.48,-0.63
103.309,0,Wall_3mx20cm_Door (1),1.41,-0.47,-0.62
103.336,0,Wall_3mx20cm_Door (1),1.41,-0.47,-0.62
103.379,0,Wall_3mx20cm_Door (1),1.41,-0.48,-0.62
103.407,0,Wall_3mx20cm_Door (1),1.41,-0.48,-0.62
103.435,0,Wall_3mx20cm_Door (1),1.41,-0.47,-0.63
103.477,0,Wall_3mx20cm_Door (1),1.41,-0.48,-0.63
103.504,0,Wall_3mx20cm_Door (1),1.41,-0.48,-0.64
103.532,0,Wall_3mx20cm_Door (1),1.41,-0.48,-0.64
103.574,0,Wall_3mx20cm_Door (1),1.41,-0.48,-0.64
103.602,0,Wall_3mx20cm_Door (1),1.41,-0.48,-0.64
103.644,0,Wall_3mx20cm_Door (1),1.41,-0.49,-0.64
103.672,0,Wall_3mx20cm_Door (1),1.41,-0.50,-0.64
103.699,0,Wall_3mx20cm_Door (1),1.41,-0.49,-0.65
103.741,0,Wall_3mx20cm_Door (1),1.41,-0.50,-0.65
103.768,0,Wall_3mx20cm_Door (1),1.41,-0.49,-0.65
103.811,0,Wall_3mx20cm_Door (1),1.41,-0.49,-0.65
103.839,0,Wall_3mx20cm_Door (1),1.41,-0.49,-0.65
103.867,0,Wall_3mx20cm_Door (1),1.41,-0.49,-0.65
103.909,0,Wall_3mx20cm_Door (1),1.41,-0.49,-0.65
103.937,0,Wall_3mx20cm_Door (1),1.41,-0.48,-0.65
103.980,0,Wall_3mx20cm_Door (1),1.41,-0.48,-0.65
104.008,0,Wall_3mx20cm_Door (1),1.41,-0.48,-0.65
104.036,0,Wall_3mx20cm_Door (1),1.41,-0.48,-0.65
104.078,0,Wall_3mx20cm_Door (1),1.41,-0.48,-0.65
104.105,0,Wall_3mx20cm_Door (1),1.41,-0.47,-0.65
104.133,0,Wall_3mx20cm_Door (1),1.41,-0.47,-0.65
104.172,0,Wall_3mx20cm_Door (1),1.41,-0.47,-0.64
104.200,0,Wall_3mx20cm_Door (1),1.41,-0.47,-0.64
104.242,0,Wall_3mx20cm_Door (1),1.41,-0.47,-0.65
104.270,0,Wall_3mx20cm_Door (1),1.41,-0.47,-0.65
104.312,0,Wall_3mx20cm_Door (1),1.41,-0.47,-0.65
104.340,0,Wall_3mx20cm_Door (1),1.41,-0.47,-0.65
104.368,0,Wall_3mx20cm_Door (1),1.41,-0.47,-0.65
104.410,0,Wall_3mx20cm_Door (1),1.41,-0.47,-0.64
104.438,0,Wall_3mx20cm_Door (1),1.41,-0.47,-0.64
104.466,0,Wall_3mx20cm_Door (1),1.41,-0.47,-0.64
104.508,0,Wall_3mx20cm_Door (1),1.41,-0.47,-0.64
104.536,0,Wall_3mx20cm_Door (1),1.41,-0.48,-0.64
104.579,0,Wall_3mx20cm_Door (1),1.41,-0.48,-0.64
104.606,0,Wall_3mx20cm_Door (1),1.41,-0.47,-0.64
104.633,0,Wall_3mx20cm_Door (1),1.41,-0.47,-0.64
104.674,0,Wall_3mx20cm_Door (1),1.41,-0.47,-0.64
104.702,0,Wall_3mx20cm_Door (1),1.41,-0.47,-0.65
104.744,0,Wall_3mx20cm_Door (1),1.41,-0.47,-0.64
104.772,0,Wall_3mx20cm_Door (1),1.41,-0.46,-0.64
104.800,0,Wall_3mx20cm_Door (1),1.41,-0.46,-0.64
104.843,0,Wall_3mx20cm_Door (1),1.41,-0.46,-0.64
104.870,0,Wall_3mx20cm_Door (1),1.41,-0.45,-0.64
104.911,0,Wall_3mx20cm_Door (1),1.41,-0.46,-0.63
104.939,0,Wall_3mx20cm_Door (1),1.41,-0.47,-0.63
104.967,0,Wall_3mx20cm_Door (1),1.41,-0.46,-0.63
105.010,0,Wall_3mx20cm_Door (1),1.41,-0.46,-0.64
105.037,0,Wall_3mx20cm_Door (1),1.41,-0.47,-0.64
105.070,0,Wall_3mx20cm_Door (1),1.41,-0.47,-0.64
105.111,0,Wall_3mx20cm_Door (1),1.41,-0.46,-0.64
105.138,0,Wall_3mx20cm_Door (1),1.41,-0.46,-0.64
105.180,0,Wall_3mx20cm_Door (1),1.41,-0.46,-0.63
105.221,0,Wall_3mx20cm_Door (1),1.41,-0.47,-0.63
105.235,0,Wall_3mx20cm_Door (1),1.41,-0.47,-0.62
105.269,0,Wall_3mx20cm_Door (1),1.41,-0.47,-0.63
105.302,0,Wall_3mx20cm_Door (1),1.41,-0.47,-0.63
105.342,0,Wall_3mx20cm_Door (1),1.41,-0.46,-0.63
105.369,0,Wall_3mx20cm_Door (1),1.41,-0.46,-0.63
105.410,0,Wall_3mx20cm_Door (1),1.41,-0.46,-0.62
105.439,0,Wall_3mx20cm_Door (1),1.41,-0.46,-0.63
105.466,0,Wall_3mx20cm_Door (1),1.41,-0.46,-0.63
105.509,0,Wall_3mx20cm_Door (1),1.41,-0.46,-0.63
105.537,0,Wall_3mx20cm_Door (1),1.41,-0.46,-0.63
105.578,0,Wall_3mx20cm_Door (1),1.41,-0.46,-0.62
105.605,0,Wall_3mx20cm_Door (1),1.41,-0.46,-0.62
105.646,0,Wall_3mx20cm_Door (1),1.41,-0.45,-0.62
105.674,0,Wall_3mx20cm_Door (1),1.41,-0.45,-0.62
105.702,0,Wall_3mx20cm_Door (1),1.41,-0.45,-0.62
105.744,0,Wall_3mx20cm_Door (1),1.41,-0.45,-0.62
105.773,0,Wall_3mx20cm_Door (1),1.41,-0.44,-0.62
105.801,0,Wall_3mx20cm_Door (1),1.41,-0.44,-0.63
105.842,0,Wall_3mx20cm_Door (1),1.41,-0.44,-0.62
105.870,0,Wall_3mx20cm_Door (1),1.41,-0.44,-0.62
105.912,0,Wall_3mx20cm_Door (1),1.41,-0.44,-0.61
105.940,0,Wall_3mx20cm_Door (1),1.41,-0.45,-0.61
105.968,0,Wall_3mx20cm_Door (1),1.41,-0.45,-0.62
106.009,0,Wall_3mx20cm_Door (1),1.41,-0.46,-0.62
106.037,0,Wall_3mx20cm_Door (1),1.41,-0.46,-0.62
106.079,0,Wall_3mx20cm_Door (1),1.41,-0.46,-0.62
106.107,0,Wall_3mx20cm_Door (1),1.41,-0.45,-0.62
106.135,0,Wall_3mx20cm_Door (1),1.41,-0.46,-0.61
106.177,0,Wall_3mx20cm_Door (1),1.41,-0.47,-0.61
106.205,0,Wall_3mx20cm_Door (1),1.41,-0.47,-0.61
106.233,0,Wall_3mx20cm_Door (1),1.41,-0.47,-0.61
106.275,0,Wall_3mx20cm_Door (1),1.41,-0.47,-0.61
106.302,0,Wall_3mx20cm_Door (1),1.41,-0.47,-0.60
106.345,0,Wall_3mx20cm_Door (1),1.41,-0.46,-0.60
106.373,0,Wall_3mx20cm_Door (1),1.41,-0.45,-0.60
106.401,0,Wall_3mx20cm_Door (1),1.41,-0.45,-0.59
106.443,0,Wall_3mx20cm_Door (1),1.41,-0.44,-0.59
106.470,0,Wall_3mx20cm_Door (1),1.41,-0.44,-0.59
106.512,0,Wall_3mx20cm_Door (1),1.41,-0.44,-0.60
106.541,0,Wall_3mx20cm_Door (1),1.41,-0.44,-0.60
106.568,0,Wall_3mx20cm_Door (1),1.41,-0.44,-0.61
106.610,0,Wall_3mx20cm_Door (1),1.41,-0.44,-0.61
106.638,0,Wall_3mx20cm_Door (1),1.41,-0.44,-0.61
106.681,0,Wall_3mx20cm_Door (1),1.41,-0.43,-0.61
106.709,0,Wall_3mx20cm_Door (1),1.41,-0.43,-0.61
106.736,0,Wall_3mx20cm_Door (1),1.41,-0.43,-0.61
106.778,0,Wall_3mx20cm_Door (1),1.41,-0.44,-0.61
106.805,0,Wall_3mx20cm_Door (1),1.41,-0.45,-0.61
106.834,0,Wall_3mx20cm_Door (1),1.41,-0.45,-0.61
106.876,0,Wall_3mx20cm_Door (1),1.41,-0.45,-0.60
106.904,0,Wall_3mx20cm_Door (1),1.41,-0.45,-0.59
106.945,0,Wall_3mx20cm_Door (1),1.41,-0.45,-0.59
106.973,0,Wall_3mx20cm_Door (1),1.41,-0.45,-0.59
106.999,0,Wall_3mx20cm_Door (1),1.41,-0.45,-0.59
107.040,0,Wall_3mx20cm_Door (1),1.41,-0.44,-0.60
107.068,0,Wall_3mx20cm_Door (1),1.41,-0.44,-0.61
107.111,0,Wall_3mx20cm_Door (1),1.41,-0.43,-0.61
107.139,0,Wall_3mx20cm_Door (1),1.41,-0.43,-0.60
107.167,0,Wall_3mx20cm_Door (1),1.41,-0.42,-0.60
107.209,0,Wall_3mx20cm_Door (1),1.41,-0.41,-0.59
107.236,0,Wall_3mx20cm_Door (1),1.41,-0.41,-0.59
107.279,0,Wall_3mx20cm_Door (1),1.41,-0.42,-0.60
107.306,0,Wall_3mx20cm_Door (1),1.41,-0.41,-0.61
107.334,0,Wall_3mx20cm_Door (1),1.41,-0.41,-0.62
107.377,0,Wall_3mx20cm_Door (1),1.41,-0.41,-0.64
107.404,0,Wall_3mx20cm_Door (1),1.41,-0.41,-0.64
107.446,0,Wall_3mx20cm_Door (1),1.41,-0.40,-0.64
107.474,0,Wall_3mx20cm_Door (1),1.41,-0.40,-0.63
107.502,0,Wall_3mx20cm_Door (1),1.41,-0.40,-0.63
107.545,0,Wall_3mx20cm_Door (1),1.41,-0.40,-0.62
107.572,0,Wall_3mx20cm_Door (1),1.41,-0.40,-0.62
107.600,0,Wall_3mx20cm_Door (1),1.41,-0.40,-0.64
107.644,0,Wall_3mx20cm_Door (1),1.41,-0.41,-0.65
107.669,0,Wall_3mx20cm_Door (1),1.41,-0.41,-0.66
107.710,0,Wall_3mx20cm_Door (1),1.41,-0.40,-0.67
107.738,0,Wall_3mx20cm_Door (1),1.41,-0.40,-0.69
107.766,0,Wall_3mx20cm_Door (1),1.41,-0.39,-0.72
107.809,0,Wall_3mx20cm_Door (1),1.41,-0.38,-0.78
107.836,0,Wall_3mx20cm_Door (1),1.41,-0.36,-0.86
107.878,0,Wall_3mx20cm_Door (1),1.41,-0.33,-1.00
107.905,0,Wall_3mx20cm_Conference_Door,1.41,-0.29,-1.12
107.932,0,Wall_3mx20cm_Conference_Door,1.41,-0.25,-1.29
107.974,0,Wall_3mx20cm_Conference_Door,1.41,-0.18,-1.60
108.002,0,Conference_Room_Door_L,1.33,-0.12,-1.83
108.044,0,Conference_Room_Door_L,1.33,-0.01,-2.27
108.072,0,Conference_Room_Door_L,1.33,0.03,-2.58
108.099,0,Conference_Room_Door_R,1.33,0.05,-2.85
108.141,0,Conference_Room_Door_R,1.33,0.09,-3.23
108.169,0,Conference_Room_Door_R,1.33,0.10,-3.48
108.210,0,Wall_3mx20cm_Conference_Door,1.41,0.06,-3.78
108.238,0,Wall_3mx20cm_Conference_Door,1.41,0.04,-3.99
108.266,0,Wall_3mx40cm_Window,1.61,-0.01,-4.10
108.309,0,Wall_3mx40cm_Window,2.12,-0.12,-4.10
108.337,0,Wall_3mx40cm_Window,2.38,-0.17,-4.10
108.378,0,Wall_3mx40cm_Window,2.66,-0.25,-4.10
108.406,0,Wall_3mx40cm_Window,2.82,-0.27,-4.10
108.434,0,Wall_3mx40cm_Window,2.95,-0.29,-4.10
108.476,0,Wall_3mx40cm_Window,3.08,-0.33,-4.10
108.503,0,Wall_3mx40cm_Window,3.15,-0.34,-4.10
108.545,0,Wall_3mx40cm_Window,3.21,-0.36,-4.10
108.573,0,Wall_3mx40cm_Window,3.25,-0.36,-4.10
108.601,0,Wall_3mx40cm_Window,3.29,-0.36,-4.10
108.644,0,Wall_3mx40cm_Window,3.37,-0.39,-4.10
108.670,0,Wall_3mx40cm_Window,3.43,-0.41,-4.10
108.712,0,Wall_3mx40cm_Window,3.52,-0.43,-4.10
108.740,0,Wall_3mx40cm_Window,3.58,-0.45,-4.10
108.768,0,Wall_3mx40cm_Window,3.65,-0.49,-4.10
108.810,0,Wall_3mx40cm_Window,3.79,-0.54,-4.10
108.837,0,Wall_3mx40cm_Window,3.85,-0.57,-4.10
108.880,0,Wall_3mx40cm_Window,3.90,-0.56,-4.10
108.907,0,Wall_3mx40cm_Window,3.94,-0.59,-4.10
108.936,0,Wall_3mx40cm_Window,3.98,-0.63,-4.10
108.978,0,Wall_3mx40cm_Window,4.04,-0.59,-4.10
109.005,0,Wall_3mx40cm_Window,4.07,-0.58,-4.10
109.033,0,Wall_3mx40cm_Window,4.09,-0.62,-4.10
109.075,0,Wall_3mx40cm_Window,4.15,-0.62,-4.10
109.103,0,Wall_3mx40cm_Window,4.18,-0.64,-4.10
109.145,0,Wall_3mx40cm_Window,4.24,-0.64,-4.10
109.173,0,Wall_3mx40cm_Window,4.29,-0.64,-4.10
109.201,0,Wall_3mx40cm_Window,4.31,-0.66,-4.10
109.243,0,Wall_3mx40cm_Window,4.35,-0.67,-4.10
109.271,0,Wall_3mx40cm_Window,4.39,-0.67,-4.10
109.313,0,Wall_3mx40cm_Window,4.46,-0.69,-4.10
109.341,0,Wall_3mx40cm_Window,4.49,-0.71,-4.10
109.369,0,Wall_3mx40cm_Window,4.53,-0.71,-4.10
109.411,0,Wall_3mx40cm_Window,4.57,-0.74,-4.10
109.439,0,Wall_3mx40cm_Window,4.59,-0.77,-4.10
109.467,0,Wall_3mx40cm_Window,4.61,-0.79,-4.10
109.508,0,Wall_3mx40cm_Window,4.62,-0.84,-4.10
109.536,0,Wall_3mx40cm_Window,4.62,-0.86,-4.10
109.578,0,Auto Hand Player,6.62,-0.68,-2.03
109.606,0,Auto Hand Player,6.62,-0.68,-2.03
109.634,0,Auto Hand Player,6.62,-0.68,-2.03
109.676,0,Auto Hand Player,6.62,-0.68,-2.03
109.704,0,Auto Hand Player,6.62,-0.68,-2.03
109.746,0,Auto Hand Player,6.62,-0.68,-2.03
109.773,0,Auto Hand Player,6.62,-0.68,-2.02
109.801,0,Auto Hand Player,6.62,-0.68,-2.02
109.843,0,Auto Hand Player,6.62,-0.68,-2.02
109.871,0,Auto Hand Player,6.62,-0.68,-2.02
109.899,0,Auto Hand Player,6.62,-0.68,-2.02
109.940,0,Auto Hand Player,6.62,-0.68,-2.01
109.969,0,Auto Hand Player,6.62,-0.68,-2.01
110.009,0,Auto Hand Player,6.62,-0.68,-2.01
110.037,0,Auto Hand Player,6.62,-0.68,-2.01
110.079,0,Auto Hand Player,6.61,-0.68,-2.00
110.107,0,Wall_3mx40cm_Window,4.22,-0.87,-4.10
110.135,0,Auto Hand Player,6.62,-0.68,-2.00
110.177,0,Auto Hand Player,6.61,-0.68,-1.99
110.205,0,Auto Hand Player,6.61,-0.68,-1.99
110.233,0,Auto Hand Player,6.61,-0.68,-1.99
110.275,0,Auto Hand Player,6.61,-0.68,-1.98
110.302,0,Auto Hand Player,6.61,-0.68,-1.98
110.344,0,Auto Hand Player,6.61,-0.68,-1.98
110.372,0,Auto Hand Player,6.61,-0.69,-1.98
110.400,0,Auto Hand Player,6.61,-0.69,-1.98
110.442,0,Auto Hand Player,6.61,-0.69,-1.97
110.469,0,Radiator,2.62,-1.34,-4.10
110.511,0,Auto Hand Player,6.61,-0.69,-1.96
110.539,0,Auto Hand Player,6.61,-0.69,-1.96
110.567,0,Auto Hand Player,6.61,-0.69,-1.96
110.609,0,Auto Hand Player,6.61,-0.69,-1.95
110.636,0,Auto Hand Player,6.61,-0.69,-1.94
110.678,0,Auto Hand Player,6.61,-0.69,-1.93
110.706,0,Auto Hand Player,6.61,-0.69,-1.93
110.734,0,Auto Hand Player,6.61,-0.69,-1.92
110.775,0,Wall_3mx20cm_Conference_Door,1.41,-1.10,-3.76
110.803,0,Auto Hand Player,6.61,-0.68,-1.90
110.845,0,Wall_3mx20cm_Conference_Door,1.41,-0.77,-3.60
110.873,0,Wall_3mx20cm_Conference_Door,1.41,-0.71,-3.55
110.900,0,Wall_3mx20cm_Conference_Door,1.33,-0.53,-3.53
110.942,0,Conference_Room_Door_R,1.33,-0.22,-3.40
110.970,0,Conference_Room_Door_R,1.33,0.08,-3.36
111.012,0,Timer,1.47,0.42,-3.43
111.041,0,Wall_3mx20cm_Conference_Door,1.41,0.65,-3.51
111.069,0,Wall_3mx20cm_Conference_Door,1.41,0.78,-3.51
111.110,0,Wall_3mx20cm_Conference_Door,1.41,1.14,-3.50
111.137,0,Wall_3mx20cm_Conference_Door,1.41,1.24,-3.43
111.190,0,Wall_3mx20cm_Conference_Door,1.41,1.37,-3.35
111.211,0,Wall_3mx20cm_Conference_Door,1.41,1.43,-3.35
111.234,0,Ceiling_log_3m (20),1.52,1.63,-3.30
111.276,0,Ceiling_3x3m (6),1.85,1.70,-3.18
111.304,0,Ceiling_log_3m (21),2.46,1.55,-2.98
111.345,0,Ceiling_3x3m (6),2.62,1.70,-2.87
111.374,0,Ceiling_3x3m (6),2.77,1.70,-2.77
111.402,0,Ceiling_3x3m (6),2.92,1.70,-2.66
111.443,0,Ceiling_log_3m (22),3.45,1.52,-2.48
111.472,0,Ceiling_log_3m (22),3.45,1.56,-2.44
111.499,0,Ceiling_log_3m (22),3.45,1.64,-2.38
111.541,0,Ceiling_3x3m (8),3.51,1.70,-2.34
111.569,0,Ceiling_3x3m (8),3.55,1.70,-2.31
111.611,0,Ceiling_3x3m (8),3.53,1.70,-2.33
111.639,0,Ceiling_3x3m (8),3.49,1.70,-2.35
111.667,0,Ceiling_log_3m (22),3.45,1.66,-2.36
111.709,0,Ceiling_log_3m (22),3.45,1.60,-2.38
111.739,0,Ceiling_log_3m (22),3.45,1.61,-2.39
111.778,0,Ceiling_log_3m (22),3.45,1.64,-2.38
111.806,0,Ceiling_log_3m (22),3.45,1.66,-2.37
111.834,0,Ceiling_log_3m (22),3.45,1.69,-2.36
111.877,0,Ceiling_3x3m (8),3.51,1.70,-2.35
111.904,0,Ceiling_3x3m (8),3.53,1.70,-2.35
111.946,0,Ceiling_3x3m (8),3.60,1.70,-2.33
111.975,0,Ceiling_3x3m (8),3.62,1.70,-2.32
112.002,0,Ceiling_3x3m (8),3.61,1.70,-2.31
112.043,0,Ceiling_3x3m (8),3.66,1.70,-2.29
112.072,0,Ceiling_3x3m (8),3.63,1.70,-2.30
112.100,0,Ceiling_3x3m (8),3.61,1.70,-2.30
112.140,0,Ceiling_3x3m (8),3.61,1.70,-2.29
112.171,0,Ceiling_3x3m (8),3.57,1.70,-2.30
112.211,0,Ceiling_3x3m (8),3.57,1.70,-2.30
112.237,0,Ceiling_3x3m (8),3.57,1.70,-2.31
112.280,0,Ceiling_3x3m (8),3.58,1.70,-2.31
112.307,0,Ceiling_3x3m (8),3.60,1.70,-2.31
112.335,0,Ceiling_3x3m (8),3.62,1.70,-2.31
112.377,0,Ceiling_3x3m (8),3.61,1.70,-2.33
112.405,0,Ceiling_3x3m (8),3.62,1.70,-2.34
112.433,0,Ceiling_3x3m (8),3.61,1.70,-2.36
112.474,0,Ceiling_3x3m (8),3.62,1.70,-2.39
112.502,0,Ceiling_3x3m (8),3.63,1.70,-2.42
112.544,0,Ceiling_3x3m (8),3.65,1.70,-2.46
112.572,0,Ceiling_3x3m (8),3.64,1.70,-2.49
112.838,0,Ceiling_3x3m (8),3.61,1.70,-2.99
112.838,0,Ceiling_3x3m (8),3.61,1.70,-2.99
112.838,0,Ceiling_3x3m (8),3.61,1.70,-2.99
112.838,0,Ceiling_3x3m (8),3.61,1.70,-2.99
112.838,0,Ceiling_3x3m (8),3.61,1.70,-2.99
112.838,0,Ceiling_3x3m (8),3.61,1.70,-2.99
112.838,0,Ceiling_3x3m (8),3.61,1.70,-2.99
112.838,0,Ceiling_3x3m (8),3.61,1.70,-2.99
112.986,0,Ceiling_3x3m (8),3.63,1.70,-3.12
112.986,0,Ceiling_3x3m (8),3.63,1.70,-3.12
112.986,0,Ceiling_3x3m (8),3.63,1.70,-3.12
112.986,0,Ceiling_3x3m (8),3.63,1.70,-3.12
