t,cond,hitObj,x,y,z
8.619,0,Collider,6.49,-1.05,-1.80
8.619,0,Collider,6.49,-1.05,-1.80
8.619,0,Collider,6.49,-1.05,-1.80
8.619,0,Collider,6.49,-1.05,-1.80
8.619,0,Collider,6.49,-1.05,-1.80
8.619,0,Collider,6.49,-1.05,-1.80
8.619,0,Collider,6.49,-1.05,-1.80
8.619,0,Collider,6.49,-1.05,-1.80
8.619,0,Collider,6.49,-1.05,-1.80
8.619,0,Collider,6.49,-1.05,-1.80
8.619,0,Collider,6.49,-1.05,-1.80
8.619,0,Collider,6.49,-1.05,-1.80
8.619,0,Collider,6.49,-1.05,-1.80
8.619,0,Collider,6.49,-1.05,-1.80
8.619,0,Collider,6.49,-1.05,-1.80
8.619,0,Collider,6.49,-1.05,-1.80
8.619,0,Collider,6.49,-1.05,-1.80
8.619,0,Collider,6.49,-1.05,-1.80
8.619,0,Collider,6.49,-1.05,-1.80
8.619,0,Collider,6.49,-1.05,-1.80
8.619,0,Collider,6.49,-1.05,-1.80
8.619,0,Collider,6.49,-1.05,-1.80
8.619,0,Collider,6.49,-1.05,-1.80
8.619,0,Collider,6.49,-1.05,-1.80
8.619,0,Collider,6.49,-1.05,-1.80
8.619,0,Collider,6.49,-1.05,-1.80
8.619,0,Collider,6.49,-1.05,-1.80
8.619,0,Collider,6.49,-1.05,-1.80
8.619,0,Collider,6.49,-1.05,-1.80
8.619,0,Collider,6.49,-1.05,-1.80
8.619,0,Collider,6.49,-1.05,-1.80
8.619,0,Collider,6.49,-1.05,-1.80
8.619,0,Collider,6.49,-1.05,-1.80
8.619,0,Collider,6.49,-1.05,-1.80
8.619,0,Collider,6.49,-1.05,-1.80
8.619,0,Collider,6.49,-1.05,-1.80
8.619,0,Collider,6.49,-1.05,-1.80
8.619,0,Collider,6.49,-1.05,-1.80
8.619,0,Collider,6.49,-1.05,-1.80
8.619,0,Collider,6.49,-1.05,-1.80
8.619,0,Collider,6.49,-1.05,-1.80
8.619,0,Collider,6.49,-1.05,-1.80
8.619,0,Collider,6.49,-1.05,-1.80
8.619,0,Collider,6.49,-1.05,-1.80
8.619,0,Collider,6.49,-1.05,-1.80
8.619,0,Collider,6.49,-1.05,-1.80
8.619,0,Collider,6.49,-1.05,-1.80
8.619,0,Collider,6.49,-1.05,-1.80
8.619,0,Collider,6.49,-1.05,-1.80
8.619,0,Collider,6.49,-1.05,-1.80
8.619,0,Collider,6.49,-1.05,-1.80
8.619,0,Collider,6.49,-1.05,-1.80
8.619,0,Collider,6.49,-1.05,-1.80
8.619,0,Collider,6.49,-1.05,-1.80
8.619,0,Collider,6.49,-1.05,-1.80
8.619,0,Collider,6.49,-1.05,-1.80
8.619,0,Collider,6.49,-1.05,-1.80
8.619,0,Collider,6.49,-1.05,-1.80
8.619,0,Collider,6.49,-1.05,-1.80
8.619,0,Collider,6.49,-1.05,-1.80
8.619,0,Collider,6.49,-1.05,-1.80
8.619,0,Collider,6.49,-1.05,-1.80
8.619,0,Collider,6.49,-1.05,-1.80
8.619,0,Collider,6.49,-1.05,-1.80
8.619,0,Collider,6.49,-1.05,-1.80
8.619,0,Collider,6.49,-1.05,-1.80
8.619,0,Collider,6.49,-1.05,-1.80
8.619,0,Collider,6.49,-1.05,-1.80
8.619,0,Collider,6.49,-1.05,-1.80
8.619,0,Collider,6.49,-1.05,-1.80
8.619,0,Collider,6.49,-1.05,-1.80
8.619,0,Collider,6.49,-1.05,-1.80
8.619,0,Collider,6.49,-1.05,-1.80
8.619,0,Collider,6.49,-1.05,-1.80
8.619,0,Collider,6.49,-1.05,-1.80
8.619,0,Collider,6.49,-1.05,-1.80
8.619,0,Collider,6.49,-1.05,-1.80
8.619,0,Collider,6.49,-1.05,-1.80
8.619,0,Collider,6.49,-1.05,-1.80
8.619,0,Collider,6.49,-1.05,-1.80
8.619,0,Collider,6.49,-1.05,-1.80
8.619,0,Collider,6.49,-1.05,-1.80
8.619,0,Collider,6.49,-1.05,-1.80
8.619,0,Collider,6.49,-1.05,-1.80
8.619,0,Collider,6.49,-1.05,-1.80
8.619,0,Collider,6.49,-1.05,-1.80
8.619,0,Collider,6.49,-1.05,-1.80
8.619,0,Collider,6.49,-1.05,-1.80
8.619,0,Collider,6.49,-1.05,-1.80
8.619,0,Collider,6.49,-1.05,-1.80
8.619,0,Collider,6.49,-1.05,-1.80
8.619,0,Collider,6.49,-1.05,-1.80
8.619,0,Collider,6.49,-1.05,-1.80
8.619,0,Collider,6.49,-1.05,-1.80
8.619,0,Collider,6.49,-1.05,-1.80
8.619,0,Collider,6.49,-1.05,-1.80
8.619,0,Collider,6.49,-1.05,-1.80
8.619,0,Collider,6.49,-1.05,-1.80
8.619,0,Collider,6.49,-1.05,-1.80
8.619,0,Collider,6.49,-1.05,-1.80
8.619,0,Collider,6.49,-1.05,-1.80
8.619,0,Collider,6.49,-1.05,-1.80
8.619,0,Collider,6.49,-1.05,-1.80
8.619,0,Collider,6.49,-1.05,-1.80
8.619,0,Collider,6.49,-1.05,-1.80
8.619,0,Collider,6.49,-1.05,-1.80
8.619,0,Collider,6.49,-1.05,-1.80
8.619,0,Collider,6.49,-1.05,-1.80
8.619,0,Collider,6.49,-1.05,-1.80
8.619,0,Collider,6.49,-1.05,-1.80
8.619,0,Collider,6.49,-1.05,-1.80
8.619,0,Collider,6.49,-1.05,-1.80
8.619,0,Collider,6.49,-1.05,-1.80
8.619,0,Collider,6.49,-1.05,-1.80
8.619,0,Collider,6.49,-1.05,-1.80
8.619,0,Collider,6.49,-1.05,-1.80
8.619,0,Collider,6.49,-1.05,-1.80
8.619,0,Collider,6.49,-1.05,-1.80
8.619,0,Collider,6.49,-1.05,-1.80
8.619,0,Collider,6.49,-1.05,-1.80
8.619,0,Collider,6.49,-1.05,-1.80
8.619,0,Collider,6.49,-1.05,-1.80
8.619,0,Collider,6.49,-1.05,-1.80
8.619,0,Collider,6.49,-1.05,-1.80
8.619,0,Collider,6.49,-1.05,-1.80
8.619,0,Collider,6.49,-1.05,-1.80
8.619,0,Collider,6.49,-1.05,-1.80
8.619,0,Collider,6.49,-1.05,-1.80
8.619,0,Collider,6.49,-1.05,-1.80
8.619,0,Collider,6.49,-1.05,-1.80
8.619,0,Collider,6.49,-1.05,-1.80
8.619,0,Collider,6.49,-1.05,-1.80
8.619,0,Collider,6.49,-1.05,-1.80
8.619,0,Collider,6.49,-1.05,-1.80
8.619,0,Collider,6.49,-1.05,-1.80
8.619,0,Collider,6.49,-1.05,-1.80
8.619,0,Collider,6.49,-1.05,-1.80
8.619,0,Collider,6.49,-1.05,-1.80
8.619,0,Collider,6.49,-1.05,-1.80
8.619,0,Collider,6.49,-1.05,-1.80
8.619,0,Collider,6.49,-1.05,-1.80
8.619,0,Collider,6.49,-1.05,-1.80
8.619,0,Collider,6.49,-1.05,-1.80
8.619,0,Collider,6.49,-1.05,-1.80
8.619,0,Collider,6.49,-1.05,-1.80
8.619,0,Collider,6.49,-1.05,-1.80
8.619,0,Collider,6.49,-1.05,-1.80
8.619,0,Collider,6.49,-1.05,-1.80
8.619,0,Collider,6.49,-1.05,-1.80
8.619,0,Collider,6.49,-1.05,-1.80
8.619,0,Collider,6.49,-1.05,-1.80
8.619,0,Collider,6.49,-1.05,-1.80
8.619,0,Collider,6.49,-1.05,-1.80
8.619,0,Collider,6.49,-1.05,-1.80
8.619,0,Collider,6.49,-1.05,-1.80
8.619,0,Collider,6.49,-1.05,-1.80
8.619,0,Collider,6.49,-1.05,-1.80
8.619,0,Collider,6.49,-1.05,-1.80
8.619,0,Collider,6.49,-1.05,-1.80
8.619,0,Collider,6.49,-1.05,-1.80
8.619,0,Collider,6.49,-1.05,-1.80
8.619,0,Collider,6.49,-1.05,-1.80
8.619,0,Collider,6.49,-1.05,-1.80
8.619,0,Collider,6.49,-1.05,-1.80
8.619,0,Collider,6.49,-1.05,-1.80
8.619,0,Collider,6.49,-1.05,-1.80
8.619,0,Collider,6.49,-1.05,-1.80
8.619,0,Collider,6.49,-1.05,-1.80
8.619,0,Collider,6.49,-1.05,-1.80
8.619,0,Collider,6.49,-1.05,-1.80
8.619,0,Collider,6.49,-1.05,-1.80
8.619,0,Collider,6.49,-1.05,-1.80
8.619,0,Collider,6.49,-1.05,-1.80
8.619,0,Collider,6.49,-1.05,-1.80
8.619,0,Collider,6.49,-1.05,-1.80
8.619,0,Collider,6.49,-1.05,-1.80
8.619,0,Collider,6.49,-1.05,-1.80
8.619,0,Collider,6.49,-1.05,-1.80
8.619,0,Collider,6.49,-1.05,-1.80
8.619,0,Collider,6.49,-1.05,-1.80
8.619,0,Collider,6.49,-1.05,-1.80
8.619,0,Collider,6.49,-1.05,-1.80
8.619,0,Collider,6.49,-1.05,-1.80
8.619,0,Collider,6.49,-1.05,-1.80
8.619,0,Collider,6.49,-1.05,-1.80
8.619,0,Collider,6.49,-1.05,-1.80
8.619,0,Collider,6.49,-1.05,-1.80
8.619,0,Collider,6.49,-1.05,-1.80
8.619,0,Collider,6.49,-1.05,-1.80
8.619,0,Collider,6.49,-1.05,-1.80
8.619,0,Collider,6.49,-1.05,-1.80
8.619,0,Collider,6.49,-1.05,-1.80
8.619,0,Collider,6.49,-1.05,-1.80
8.619,0,Collider,6.49,-1.05,-1.80
8.619,0,Collider,6.49,-1.05,-1.80
8.619,0,Collider,6.49,-1.05,-1.80
8.619,0,Collider,6.49,-1.05,-1.80
8.619,0,Collider,6.49,-1.05,-1.80
8.619,0,Collider,6.49,-1.05,-1.80
8.619,0,Collider,6.49,-1.05,-1.80
8.619,0,Collider,6.49,-1.05,-1.80
8.619,0,Collider,6.49,-1.05,-1.80
8.619,0,Collider,6.49,-1.05,-1.80
8.619,0,Collider,6.49,-1.05,-1.80
8.619,0,Collider,6.49,-1.05,-1.80
8.619,0,Collider,6.49,-1.05,-1.80
8.619,0,Collider,6.49,-1.05,-1.80
8.619,0,Collider,6.49,-1.05,-1.80
8.619,0,Collider,6.49,-1.05,-1.80
8.619,0,Collider,6.49,-1.05,-1.80
8.619,0,Collider,6.49,-1.05,-1.80
8.619,0,Collider,6.49,-1.05,-1.80
8.619,0,Collider,6.49,-1.05,-1.80
8.619,0,Collider,6.49,-1.05,-1.80
8.619,0,Collider,6.49,-1.05,-1.80
8.619,0,Collider,6.49,-1.05,-1.80
8.619,0,Collider,6.49,-1.05,-1.80
8.619,0,Collider,6.49,-1.05,-1.80
8.619,0,Collider,6.49,-1.05,-1.80
8.619,0,Collider,6.49,-1.05,-1.80
8.619,0,Collider,6.49,-1.05,-1.80
8.619,0,Collider,6.49,-1.05,-1.80
8.619,0,Collider,6.49,-1.05,-1.80
8.619,0,Collider,6.49,-1.05,-1.80
8.619,0,Collider,6.49,-1.05,-1.80
8.619,0,Collider,6.49,-1.05,-1.80
8.619,0,Collider,6.49,-1.05,-1.80
8.619,0,Collider,6.49,-1.05,-1.80
8.619,0,Collider,6.49,-1.05,-1.80
8.619,0,Collider,6.49,-1.05,-1.80
8.619,0,Collider,6.49,-1.05,-1.80
8.619,0,Collider,6.49,-1.05,-1.80
8.619,0,Collider,6.49,-1.05,-1.80
8.619,0,Collider,6.49,-1.05,-1.80
8.619,0,Collider,6.49,-1.05,-1.80
8.619,0,Collider,6.49,-1.05,-1.80
8.619,0,Collider,6.49,-1.05,-1.80
8.619,0,Collider,6.49,-1.05,-1.80
8.619,0,Collider,6.49,-1.05,-1.80
8.619,0,Collider,6.49,-1.05,-1.80
8.619,0,Collider,6.49,-1.05,-1.80
8.619,0,Collider,6.49,-1.05,-1.80
8.619,0,Collider,6.49,-1.05,-1.80
8.619,0,Collider,6.49,-1.05,-1.80
8.619,0,Collider,6.49,-1.05,-1.80
8.619,0,Collider,6.49,-1.05,-1.80
8.619,0,Collider,6.49,-1.05,-1.80
8.619,0,Collider,6.49,-1.05,-1.80
8.619,0,Collider,6.49,-1.05,-1.80
8.619,0,Collider,6.49,-1.05,-1.80
8.619,0,Collider,6.49,-1.05,-1.80
8.619,0,Collider,6.49,-1.05,-1.80
8.619,0,Collider,6.49,-1.05,-1.80
8.619,0,Collider,6.49,-1.05,-1.80
8.619,0,Collider,6.49,-1.05,-1.80
8.619,0,Collider,6.49,-1.05,-1.80
8.619,0,Collider,6.49,-1.05,-1.80
8.619,0,Collider,6.49,-1.05,-1.80
8.619,0,Collider,6.49,-1.05,-1.80
8.649,0,Collider,6.49,-1.32,-1.80
8.670,0,Collider,6.49,-1.54,-1.80
8.710,0,Middle,6.47,-1.67,-1.80
8.741,0,Middle1,6.48,-1.72,-1.80
8.780,0,Collider,6.49,-1.66,-1.80
8.807,0,Collider,6.49,-1.63,-1.80
8.835,0,Collider,6.49,-1.65,-1.80
8.877,0,Collider,6.49,-1.65,-1.80
8.905,0,Collider,6.49,-1.65,-1.80
8.946,0,Collider,6.49,-1.65,-1.80
8.973,0,Collider,6.49,-1.65,-1.80
9.003,0,Collider,6.49,-1.65,-1.80
9.044,0,Collider,6.49,-1.65,-1.80
9.072,0,Collider,6.49,-1.65,-1.80
9.101,0,Collider,6.49,-1.65,-1.80
9.141,0,Collider,6.49,-1.65,-1.80
9.176,0,Collider,6.49,-1.65,-1.80
9.257,0,Wall_3mx20cm_Wood_Panels (2),3.64,1.49,-0.31
9.257,0,Wall_3mx20cm_Wood_Panels (2),3.64,1.49,-0.31
9.283,0,Wall_3mx20cm_Wood_Panels (2),3.65,1.34,-0.31
9.303,0,Wall_3mx20cm_Wood_Panels (2),3.67,1.35,-0.31
9.336,0,Wall_3mx20cm_Wood_Panels (2),3.67,1.36,-0.31
9.372,0,Wall_3mx20cm_Wood_Panels (2),3.65,1.36,-0.31
9.403,0,Wall_3mx20cm_Wood_Panels (2),3.63,1.36,-0.31
9.459,0,Wall_3mx20cm_Wood_Panels (2),3.62,1.36,-0.31
9.474,0,Wall_3mx20cm_Wood_Panels (2),3.62,1.35,-0.31
9.502,0,Wall_3mx20cm_Wood_Panels (2),3.62,1.34,-0.31
9.544,0,Wall_3mx20cm_Wood_Panels (2),3.63,1.33,-0.31
9.569,0,Wall_3mx20cm_Wood_Panels (2),3.63,1.33,-0.31
9.611,0,Wall_3mx20cm_Wood_Panels (2),3.64,1.33,-0.31
9.640,0,Wall_3mx20cm_Wood_Panels (2),3.65,1.33,-0.31
9.681,0,Wall_3mx20cm_Wood_Panels (2),3.65,1.33,-0.31
9.707,0,Wall_3mx20cm_Wood_Panels (2),3.65,1.33,-0.31
9.734,0,Wall_3mx20cm_Wood_Panels (2),3.65,1.33,-0.31
9.775,0,Wall_3mx20cm_Wood_Panels (2),3.64,1.34,-0.31
9.802,0,Wall_3mx20cm_Wood_Panels (2),3.64,1.33,-0.31
9.845,0,Wall_3mx20cm_Wood_Panels (2),3.64,1.33,-0.31
9.872,0,Wall_3mx20cm_Wood_Panels (2),3.64,1.32,-0.31
9.903,0,Wall_3mx20cm_Wood_Panels (2),3.65,1.33,-0.31
9.946,0,Wall_3mx20cm_Wood_Panels (2),3.65,1.32,-0.31
9.972,0,Wall_3mx20cm_Wood_Panels (2),3.65,1.32,-0.31
10.014,0,Wall_3mx20cm_Wood_Panels (2),3.65,1.33,-0.31
10.042,0,Wall_3mx20cm_Wood_Panels (2),3.66,1.33,-0.31
10.071,0,Wall_3mx20cm_Wood_Panels (2),3.67,1.33,-0.31
10.113,0,Wall_3mx20cm_Wood_Panels (2),3.67,1.32,-0.31
10.140,0,Wall_3mx20cm_Wood_Panels (2),3.67,1.32,-0.31
10.168,0,Wall_3mx20cm_Wood_Panels (2),3.67,1.32,-0.31
10.210,0,Wall_3mx20cm_Wood_Panels (2),3.66,1.32,-0.31
10.239,0,Wall_3mx20cm_Wood_Panels (2),3.65,1.32,-0.31
10.278,0,Wall_3mx20cm_Wood_Panels (2),3.64,1.32,-0.31
10.308,0,Wall_3mx20cm_Wood_Panels (2),3.64,1.32,-0.31
10.335,0,Wall_3mx20cm_Wood_Panels (2),3.64,1.32,-0.31
10.378,0,Wall_3mx20cm_Wood_Panels (2),3.64,1.34,-0.31
10.407,0,Wall_3mx20cm_Wood_Panels (2),3.64,1.34,-0.31
10.434,0,Wall_3mx20cm_Wood_Panels (2),3.64,1.34,-0.31
10.476,0,Wall_3mx20cm_Wood_Panels (2),3.65,1.34,-0.31
10.502,0,Wall_3mx20cm_Wood_Panels (2),3.65,1.34,-0.31
10.543,0,Wall_3mx20cm_Wood_Panels (2),3.65,1.35,-0.31
10.570,0,Wall_3mx20cm_Wood_Panels (2),3.65,1.36,-0.31
10.612,0,Wall_3mx20cm_Wood_Panels (2),3.66,1.35,-0.31
10.640,0,Wall_3mx20cm_Wood_Panels (2),3.66,1.35,-0.31
10.668,0,Wall_3mx20cm_Wood_Panels (2),3.67,1.35,-0.31
10.709,0,Wall_3mx20cm_Wood_Panels (2),3.67,1.34,-0.31
10.739,0,Wall_3mx20cm_Wood_Panels (2),3.67,1.35,-0.31
10.780,0,Wall_3mx20cm_Wood_Panels (2),3.66,1.35,-0.31
10.808,0,Wall_3mx20cm_Wood_Panels (2),3.67,1.35,-0.31
10.835,0,Wall_3mx20cm_Wood_Panels (2),3.67,1.35,-0.31
10.877,0,Wall_3mx20cm_Wood_Panels (2),3.65,1.34,-0.31
10.905,0,Wall_3mx20cm_Wood_Panels (2),3.66,1.33,-0.31
10.934,0,Wall_3mx20cm_Wood_Panels (2),3.65,1.33,-0.31
10.976,0,Wall_3mx20cm_Wood_Panels (2),3.64,1.34,-0.31
11.005,0,Wall_3mx20cm_Wood_Panels (2),3.63,1.35,-0.31
11.044,0,Wall_3mx20cm_Wood_Panels (2),3.63,1.35,-0.31
11.073,0,Wall_3mx20cm_Wood_Panels (2),3.62,1.35,-0.31
11.100,0,Wall_3mx20cm_Wood_Panels (2),3.60,1.37,-0.31
11.144,0,Wall_3mx20cm_Wood_Panels (2),3.60,1.36,-0.31
11.171,0,Wall_3mx20cm_Wood_Panels (2),3.61,1.36,-0.31
11.212,0,Wall_3mx20cm_Wood_Panels (2),3.61,1.35,-0.31
11.241,0,Wall_3mx20cm_Wood_Panels (2),3.58,1.36,-0.31
11.269,0,Wall_3mx20cm_Wood_Panels (2),3.56,1.36,-0.31
11.311,0,Wall_3mx20cm_Wood_Panels (2),3.55,1.37,-0.31
11.339,0,Wall_3mx20cm_Wood_Panels (2),3.54,1.37,-0.31
11.367,0,Wall_3mx20cm_Wood_Panels (2),3.54,1.37,-0.31
11.409,0,Wall_3mx20cm_Wood_Panels (2),3.53,1.37,-0.31
11.438,0,Wall_3mx20cm_Wood_Panels (2),3.53,1.37,-0.31
11.479,0,Wall_3mx20cm_Wood_Panels (2),3.51,1.37,-0.31
11.507,0,Wall_3mx20cm_Wood_Panels (2),3.50,1.38,-0.31
11.535,0,Wall_3mx20cm_Wood_Panels (2),3.50,1.38,-0.31
11.577,0,Wall_3mx20cm_Wood_Panels (2),3.49,1.39,-0.31
11.606,0,Wall_3mx20cm_Wood_Panels (2),3.49,1.40,-0.31
11.634,0,Wall_3mx20cm_Wood_Panels (2),3.50,1.40,-0.31
11.674,0,Wall_3mx20cm_Wood_Panels (2),3.50,1.40,-0.31
11.703,0,Wall_3mx20cm_Wood_Panels (2),3.52,1.39,-0.31
11.744,0,Wall_3mx20cm_Wood_Panels (2),3.54,1.37,-0.31
11.773,0,Wall_3mx20cm_Wood_Panels (2),3.54,1.37,-0.31
11.813,0,Wall_3mx20cm_Wood_Panels (2),3.54,1.37,-0.31
11.841,0,Wall_3mx20cm_Wood_Panels (2),3.54,1.36,-0.31
11.869,0,Wall_3mx20cm_Wood_Panels (2),3.54,1.36,-0.31
11.911,0,Wall_3mx20cm_Wood_Panels (2),3.53,1.37,-0.31
11.939,0,Wall_3mx20cm_Wood_Panels (2),3.52,1.38,-0.31
11.967,0,Wall_3mx20cm_Wood_Panels (2),3.51,1.38,-0.31
12.009,0,Wall_3mx20cm_Wood_Panels (2),3.51,1.38,-0.31
12.037,0,Wall_3mx20cm_Wood_Panels (2),3.51,1.38,-0.31
12.080,0,Wall_3mx20cm_Wood_Panels (2),3.51,1.39,-0.31
12.106,0,Wall_3mx20cm_Wood_Panels (2),3.51,1.39,-0.31
12.134,0,Wall_3mx20cm_Wood_Panels (2),3.51,1.40,-0.31
12.176,0,Wall_3mx20cm_Wood_Panels (2),3.52,1.40,-0.31
12.204,0,Wall_3mx20cm_Wood_Panels (2),3.52,1.40,-0.31
12.247,0,Wall_3mx20cm_Wood_Panels (2),3.53,1.39,-0.31
12.274,0,Wall_3mx20cm_Wood_Panels (2),3.53,1.40,-0.31
12.302,0,Wall_3mx20cm_Wood_Panels (2),3.53,1.40,-0.31
12.345,0,Wall_3mx20cm_Wood_Panels (2),3.52,1.41,-0.31
12.372,0,Wall_3mx20cm_Wood_Panels (2),3.52,1.42,-0.31
12.412,0,Wall_3mx20cm_Wood_Panels (2),3.52,1.42,-0.31
12.440,0,Wall_3mx20cm_Wood_Panels (2),3.52,1.42,-0.31
12.469,0,Wall_3mx20cm_Wood_Panels (2),3.53,1.42,-0.31
12.510,0,Wall_3mx20cm_Wood_Panels (2),3.54,1.41,-0.31
12.539,0,Wall_3mx20cm_Wood_Panels (2),3.55,1.41,-0.31
12.578,0,Wall_3mx20cm_Wood_Panels (2),3.54,1.41,-0.31
12.608,0,Wall_3mx20cm_Wood_Panels (2),3.54,1.41,-0.31
12.634,0,Wall_3mx20cm_Wood_Panels (2),3.53,1.41,-0.31
12.679,0,Wall_3mx20cm_Wood_Panels (2),3.53,1.41,-0.31
12.704,0,Wall_3mx20cm_Wood_Panels (2),3.52,1.41,-0.31
12.746,0,Wall_3mx20cm_Wood_Panels (2),3.52,1.41,-0.31
12.774,0,Wall_3mx20cm_Wood_Panels (2),3.52,1.41,-0.31
12.802,0,Wall_3mx20cm_Wood_Panels (2),3.52,1.41,-0.31
12.843,0,Wall_3mx20cm_Wood_Panels (2),3.52,1.41,-0.31
12.871,0,Wall_3mx20cm_Wood_Panels (2),3.52,1.41,-0.31
12.914,0,Wall_3mx20cm_Wood_Panels (2),3.51,1.41,-0.31
12.941,0,Wall_3mx20cm_Wood_Panels (2),3.50,1.42,-0.31
12.970,0,Wall_3mx20cm_Wood_Panels (2),3.50,1.42,-0.31
13.011,0,Wall_3mx20cm_Wood_Panels (2),3.50,1.42,-0.31
13.038,0,Wall_3mx20cm_Wood_Panels (2),3.50,1.42,-0.31
13.080,0,Wall_3mx20cm_Wood_Panels (2),3.50,1.42,-0.31
13.110,0,Wall_3mx20cm_Wood_Panels (2),3.50,1.42,-0.31
13.136,0,Wall_3mx20cm_Wood_Panels (2),3.50,1.43,-0.31
13.177,0,Wall_3mx20cm_Wood_Panels (2),3.49,1.44,-0.31
13.204,0,Wall_3mx20cm_Wood_Panels (2),3.48,1.44,-0.31
13.236,0,Wall_3mx20cm_Wood_Panels (2),3.49,1.43,-0.31
13.274,0,Wall_3mx20cm_Wood_Panels (2),3.51,1.43,-0.31
13.301,0,Wall_3mx20cm_Wood_Panels (2),3.52,1.42,-0.31
13.343,0,Wall_3mx20cm_Wood_Panels (2),3.55,1.40,-0.31
13.371,0,Wall_3mx20cm_Wood_Panels (2),3.57,1.40,-0.31
13.402,0,Wall_3mx20cm_Wood_Panels (2),3.59,1.39,-0.31
13.442,0,Wall_3mx20cm_Wood_Panels (2),3.63,1.37,-0.31
13.470,0,Wall_3mx20cm_Wood_Panels (2),3.65,1.36,-0.31
13.510,0,Wall_3mx20cm_Wood_Panels (2),3.65,1.35,-0.31
13.537,0,Wall_3mx20cm_Wood_Panels (2),3.65,1.36,-0.31
13.579,0,Wall_3mx20cm_Wood_Panels (2),3.64,1.38,-0.31
13.608,0,Wall_3mx20cm_Wood_Panels (2),3.64,1.40,-0.31
13.636,0,Wall_3mx20cm_Wood_Panels (2),3.67,1.42,-0.31
13.678,0,Wall_3mx20cm_Wood_Panels (2),3.74,1.46,-0.31
13.706,0,Wall_3mx20cm_Wood_Panels (2),3.78,1.46,-0.31
13.734,0,Wall_3mx20cm_Wood_Panels (2),3.81,1.45,-0.31
13.776,0,Wall_3mx20cm_Wood_Panels (2),3.81,1.48,-0.31
13.804,0,Wall_3mx20cm_Wood_Panels (2),3.80,1.49,-0.31
13.846,0,Wall_3mx20cm_Wood_Panels (2),3.78,1.54,-0.31
13.874,0,Wall_3mx20cm_Wood_Panels (2),3.78,1.59,-0.31
13.902,0,Wall_3mx20cm_Wood_Panels (2),3.76,1.61,-0.31
13.945,0,Wall_3mx20cm_Wood_Panels (2),3.74,1.58,-0.31
13.973,0,Wall_3mx20cm_Wood_Panels (2),3.74,1.55,-0.31
14.001,0,Wall_3mx20cm_Wood_Panels (2),3.71,1.51,-0.31
14.040,0,Wall_3mx20cm_Wood_Panels (2),3.69,1.47,-0.31
14.069,0,Wall_3mx20cm_Wood_Panels (2),3.68,1.46,-0.31
14.110,0,Wall_3mx20cm_Wood_Panels (2),3.67,1.46,-0.31
14.138,0,Wall_3mx20cm_Wood_Panels (2),3.69,1.44,-0.31
14.168,0,Wall_3mx20cm_Wood_Panels (2),3.74,1.41,-0.31
14.207,0,Wall_3mx20cm_Wood_Panels (2),3.78,1.38,-0.31
14.235,0,Wall_3mx20cm_Wood_Panels (2),3.79,1.37,-0.31
14.279,0,Wall_3mx20cm_Wood_Panels (2),3.79,1.41,-0.31
14.306,0,Wall_3mx20cm_Wood_Panels (2),3.78,1.43,-0.31
14.334,0,Wall_3mx20cm_Wood_Panels (2),3.78,1.43,-0.31
14.375,0,Wall_3mx20cm_Wood_Panels (2),3.78,1.44,-0.31
14.403,0,Wall_3mx20cm_Wood_Panels (2),3.77,1.44,-0.31
14.447,0,Wall_3mx20cm_Wood_Panels (2),3.75,1.41,-0.31
14.474,0,Wall_3mx20cm_Wood_Panels (2),3.73,1.38,-0.31
14.501,0,Wall_3mx20cm_Wood_Panels (2),3.71,1.34,-0.31
14.543,0,Wall_3mx20cm_Wood_Panels (2),3.67,1.31,-0.31
14.572,0,Wall_3mx20cm_Wood_Panels (2),3.66,1.32,-0.31
14.600,0,Wall_3mx20cm_Wood_Panels (2),3.66,1.32,-0.31
14.640,0,Wall_3mx20cm_Wood_Panels (2),3.66,1.29,-0.31
14.668,0,Wall_3mx20cm_Wood_Panels (2),3.65,1.28,-0.31
14.710,0,Wall_3mx20cm_Wood_Panels (2),3.62,1.27,-0.31
14.738,0,Wall_3mx20cm_Wood_Panels (2),3.61,1.27,-0.31
14.780,0,Wall_3mx20cm_Wood_Panels (2),3.58,1.29,-0.31
14.807,0,Wall_3mx20cm_Wood_Panels (2),3.54,1.29,-0.31
14.836,0,Wall_3mx20cm_Wood_Panels (2),3.50,1.29,-0.31
14.878,0,Wall_3mx20cm_Wood_Panels (2),3.43,1.30,-0.31
14.907,0,Wall_3mx20cm_Wood_Panels (2),3.39,1.32,-0.31
14.947,0,Wall_3mx20cm_Wood_Panels (2),3.33,1.36,-0.31
14.976,0,Wall_3mx20cm_Wood_Panels (2),3.27,1.40,-0.31
15.003,0,Wall_3mx20cm_Wood_Panels (2),3.22,1.43,-0.31
15.046,0,Wall_3mx20cm_Wood_Panels (2),3.16,1.46,-0.31
15.074,0,Wall_3mx20cm_Wood_Panels (2),3.14,1.46,-0.31
15.100,0,Wall_3mx20cm_Wood_Panels (2),3.13,1.46,-0.31
15.143,0,Wall_3mx20cm_Wood_Panels (2),3.10,1.47,-0.31
15.170,0,Wall_3mx20cm_Wood_Panels (2),3.08,1.48,-0.31
15.213,0,Wall_3mx20cm_Wood_Panels (2),3.07,1.48,-0.31
15.240,0,Wall_3mx20cm_Wood_Panels (2),3.07,1.49,-0.31
15.268,0,Wall_3mx20cm_Wood_Panels (2),3.08,1.50,-0.31
15.309,0,Wall_3mx20cm_Wood_Panels (2),3.08,1.51,-0.31
15.338,0,Wall_3mx20cm_Wood_Panels (2),3.08,1.52,-0.31
15.378,0,Wall_3mx20cm_Wood_Panels (2),3.08,1.53,-0.31
15.406,0,Wall_3mx20cm_Wood_Panels (2),3.10,1.53,-0.31
15.433,0,Wall_3mx20cm_Wood_Panels (2),3.12,1.52,-0.31
15.476,0,Wall_3mx20cm_Wood_Panels (2),3.15,1.50,-0.31
15.506,0,Wall_3mx20cm_Wood_Panels (2),3.17,1.47,-0.31
15.538,0,Wall_3mx20cm_Wood_Panels (2),3.17,1.45,-0.31
15.575,0,Wall_3mx20cm_Wood_Panels (2),3.15,1.48,-0.31
15.602,0,Wall_3mx20cm_Wood_Panels (2),3.14,1.51,-0.31
15.644,0,Wall_3mx20cm_Wood_Panels (2),3.14,1.54,-0.31
15.670,0,Wall_3mx20cm_Wood_Panels (2),3.14,1.56,-0.31
15.712,0,Wall_3mx20cm_Wood_Panels (2),3.12,1.56,-0.31
15.740,0,Wall_3mx20cm_Wood_Panels (2),3.10,1.57,-0.31
15.768,0,Wall_3mx20cm_Wood_Panels (2),3.06,1.59,-0.31
15.808,0,Wall_3mx20cm_Wood_Panels (2),2.98,1.61,-0.31
15.836,0,Wall_3mx20cm_Wood_Panels (2),2.97,1.62,-0.31
15.878,0,Wall_3mx20cm_Wood_Panels (2),2.95,1.61,-0.31
15.906,0,Wall_3mx20cm_Wood_Panels (2),2.94,1.62,-0.31
15.935,0,Wall_3mx20cm_Wood_Panels (2),2.94,1.62,-0.31
15.975,0,Wall_3mx20cm_Wood_Panels (2),2.97,1.61,-0.31
16.004,0,Wall_3mx20cm_Wood_Panels (2),2.98,1.60,-0.31
16.045,0,Wall_3mx20cm_Wood_Panels (2),3.00,1.60,-0.31
16.073,0,Wall_3mx20cm_Wood_Panels (2),3.00,1.61,-0.31
16.101,0,Wall_3mx20cm_Wood_Panels (2),3.00,1.61,-0.31
16.142,0,Wall_3mx20cm_Wood_Panels (2),3.00,1.62,-0.31
16.171,0,Wall_3mx20cm_Wood_Panels (2),2.98,1.62,-0.31
16.211,0,Wall_3mx20cm_Wood_Panels (2),2.96,1.62,-0.31
16.238,0,Wall_3mx20cm_Wood_Panels (2),2.96,1.62,-0.31
16.268,0,Wall_3mx20cm_Wood_Panels (2),2.94,1.64,-0.31
16.310,0,Wall_3mx20cm_Wood_Panels (2),2.93,1.65,-0.31
16.339,0,Wall_3mx20cm_Wood_Panels (2),2.95,1.66,-0.31
16.382,0,Wall_3mx20cm_Wood_Panels (2),2.96,1.66,-0.31
16.409,0,Wall_3mx20cm_Wood_Panels (2),2.98,1.65,-0.31
16.438,0,Wall_3mx20cm_Wood_Panels (2),2.99,1.65,-0.31
16.468,0,Wall_3mx20cm_Wood_Panels (2),3.00,1.63,-0.31
16.511,0,Wall_3mx20cm_Wood_Panels (2),3.05,1.61,-0.31
16.538,0,Wall_3mx20cm_Wood_Panels (2),3.10,1.59,-0.31
16.567,0,Wall_3mx20cm_Wood_Panels (2),3.13,1.57,-0.31
16.608,0,Wall_3mx20cm_Wood_Panels (2),3.14,1.54,-0.31
16.636,0,Wall_3mx20cm_Wood_Panels (2),3.13,1.55,-0.31
16.678,0,Wall_3mx20cm_Wood_Panels (2),3.11,1.56,-0.31
16.707,0,Wall_3mx20cm_Wood_Panels (2),3.09,1.56,-0.31
16.735,0,Wall_3mx20cm_Wood_Panels (2),3.08,1.55,-0.31
16.777,0,Wall_3mx20cm_Wood_Panels (2),3.10,1.51,-0.31
16.804,0,Wall_3mx20cm_Wood_Panels (2),3.10,1.50,-0.31
16.846,0,Wall_3mx20cm_Wood_Panels (2),3.11,1.53,-0.31
16.873,0,Wall_3mx20cm_Wood_Panels (2),3.11,1.54,-0.31
16.902,0,Wall_3mx20cm_Wood_Panels (2),3.11,1.53,-0.31
16.944,0,Wall_3mx20cm_Wood_Panels (2),3.12,1.50,-0.31
16.972,0,Wall_3mx20cm_Wood_Panels (2),3.12,1.50,-0.31
17.014,0,Wall_3mx20cm_Wood_Panels (2),3.11,1.50,-0.31
17.052,0,Wall_3mx20cm_Wood_Panels (2),3.06,1.53,-0.31
17.081,0,Wall_3mx20cm_Wood_Panels (2),3.02,1.55,-0.31
17.105,0,Wall_3mx20cm_Wood_Panels (2),2.98,1.58,-0.31
17.145,0,Wall_3mx20cm_Wood_Panels (2),2.94,1.65,-0.31
17.172,0,Wall_3mx20cm_Wood_Panels (2),2.94,1.68,-0.31
17.200,0,Ceiling_3x3m (7),2.97,1.70,-0.33
17.241,0,Ceiling_3x3m (7),3.06,1.70,-0.39
17.270,0,Ceiling_log_3m (22),3.40,1.50,-0.54
17.311,0,Ceiling_log_3m (22),3.43,1.50,-0.58
17.340,0,Ceiling_log_3m (22),3.42,1.50,-0.59
17.367,0,Ceiling_log_3m (22),3.42,1.50,-0.59
17.410,0,Ceiling_log_3m (22),3.39,1.50,-0.60
17.437,0,Ceiling_log_3m (22),3.41,1.50,-0.61
17.479,0,Ceiling_log_3m (22),3.44,1.50,-0.61
17.506,0,Ceiling_log_3m (22),3.42,1.50,-0.61
17.535,0,Ceiling_log_3m (22),3.37,1.50,-0.60
17.577,0,Ceiling_3x3m (7),3.02,1.70,-0.49
17.605,0,Ceiling_3x3m (7),2.98,1.70,-0.49
17.647,0,Ceiling_3x3m (7),2.93,1.70,-0.51
17.675,0,Ceiling_3x3m (7),2.92,1.70,-0.53
17.703,0,Ceiling_3x3m (7),2.93,1.70,-0.55
17.744,0,Ceiling_3x3m (7),2.90,1.70,-0.57
17.773,0,Ceiling_3x3m (7),2.89,1.70,-0.58
17.800,0,Ceiling_3x3m (7),2.92,1.70,-0.61
17.842,0,Ceiling_3x3m (7),2.91,1.70,-0.65
17.870,0,Ceiling_3x3m (7),2.84,1.70,-0.67
17.912,0,Ceiling_3x3m (7),2.78,1.70,-0.69
17.940,0,Ceiling_3x3m (7),2.72,1.70,-0.69
17.968,0,Ceiling_3x3m (7),2.68,1.70,-0.69
18.010,0,Ceiling_3x3m (7),2.69,1.70,-0.70
18.039,0,Ceiling_3x3m (7),2.74,1.70,-0.70
18.079,0,Ceiling_3x3m (7),2.80,1.70,-0.69
18.107,0,Ceiling_3x3m (7),2.86,1.70,-0.69
18.136,0,Ceiling_3x3m (7),2.91,1.70,-0.68
18.176,0,Ceiling_3x3m (7),2.92,1.70,-0.68
18.204,0,Ceiling_3x3m (7),2.97,1.70,-0.69
18.247,0,Ceiling_3x3m (7),3.06,1.70,-0.72
18.274,0,Ceiling_log_3m (22),3.36,1.50,-0.81
18.302,0,Ceiling_log_3m (22),3.38,1.50,-0.80
18.343,0,Ceiling_log_3m (22),3.37,1.50,-0.79
18.371,0,Ceiling_3x3m (7),3.05,1.70,-0.69
18.411,0,Ceiling_3x3m (7),3.02,1.70,-0.70
18.439,0,Ceiling_3x3m (7),2.98,1.70,-0.68
18.468,0,Ceiling_3x3m (7),2.97,1.70,-0.67
18.509,0,Ceiling_3x3m (7),3.02,1.70,-0.68
18.538,0,Ceiling_log_3m (22),3.36,1.50,-0.78
18.579,0,Ceiling_log_3m (22),3.43,1.50,-0.79
18.608,0,Ceiling_log_3m (22),3.42,1.50,-0.78
18.635,0,Ceiling_log_3m (22),3.42,1.50,-0.77
18.677,0,Ceiling_log_3m (22),3.45,1.51,-0.78
18.704,0,Ceiling_log_3m (22),3.45,1.51,-0.77
18.745,0,Ceiling_log_3m (22),3.45,1.50,-0.75
18.772,0,Ceiling_log_3m (22),3.45,1.50,-0.76
18.813,0,Ceiling_log_3m (22),3.43,1.50,-0.76
18.842,0,Ceiling_log_3m (22),3.44,1.50,-0.76
18.871,0,Ceiling_log_3m (22),3.45,1.51,-0.76
18.912,0,Ceiling_log_3m (22),3.45,1.54,-0.73
18.939,0,Ceiling_log_3m (22),3.45,1.56,-0.71
18.967,0,Ceiling_log_3m (22),3.45,1.56,-0.70
19.008,0,Ceiling_log_3m (22),3.45,1.55,-0.70
19.035,0,Ceiling_log_3m (22),3.45,1.56,-0.69
19.077,0,Ceiling_log_3m (22),3.45,1.58,-0.69
19.104,0,Ceiling_log_3m (22),3.45,1.59,-0.69
19.147,0,Ceiling_log_3m (22),3.45,1.59,-0.70
19.176,0,Ceiling_log_3m (22),3.45,1.59,-0.71
19.204,0,Ceiling_log_3m (22),3.45,1.58,-0.72
19.246,0,Ceiling_log_3m (22),3.45,1.57,-0.72
19.274,0,Ceiling_log_3m (22),3.45,1.58,-0.71
19.302,0,Ceiling_log_3m (22),3.45,1.56,-0.69
19.344,0,Ceiling_log_3m (22),3.45,1.53,-0.67
19.371,0,Ceiling_log_3m (22),3.45,1.51,-0.66
19.402,0,Ceiling_log_3m (22),3.45,1.51,-0.65
19.440,0,Ceiling_log_3m (22),3.45,1.52,-0.64
19.469,0,Ceiling_log_3m (22),3.45,1.54,-0.63
19.510,0,Ceiling_log_3m (22),3.45,1.57,-0.61
19.537,0,Ceiling_log_3m (22),3.45,1.56,-0.60
19.580,0,Ceiling_log_3m (22),3.45,1.56,-0.60
19.608,0,Ceiling_log_3m (22),3.45,1.56,-0.59
19.636,0,Ceiling_log_3m (22),3.45,1.56,-0.58
19.678,0,Ceiling_log_3m (22),3.45,1.55,-0.56
19.707,0,Ceiling_log_3m (22),3.45,1.59,-0.56
19.734,0,Ceiling_log_3m (22),3.45,1.60,-0.55
19.776,0,Ceiling_log_3m (22),3.45,1.64,-0.54
19.804,0,Ceiling_log_3m (22),3.45,1.61,-0.55
19.847,0,Ceiling_log_3m (22),3.45,1.65,-0.57
19.875,0,Ceiling_log_3m (22),3.45,1.64,-0.59
19.902,0,Ceiling_log_3m (22),3.45,1.64,-0.60
19.944,0,Ceiling_log_3m (22),3.45,1.62,-0.62
19.972,0,Ceiling_log_3m (22),3.45,1.60,-0.62
20.014,0,Ceiling_log_3m (22),3.45,1.61,-0.62
20.041,0,Ceiling_log_3m (22),3.45,1.58,-0.62
20.070,0,Ceiling_log_3m (22),3.45,1.59,-0.61
20.111,0,Ceiling_log_3m (22),3.45,1.57,-0.60
20.138,0,Ceiling_log_3m (22),3.45,1.60,-0.58
20.178,0,Ceiling_log_3m (22),3.45,1.64,-0.56
20.207,0,Ceiling_log_3m (22),3.45,1.66,-0.56
20.235,0,Ceiling_log_3m (22),3.45,1.65,-0.57
20.277,0,Ceiling_log_3m (22),3.45,1.68,-0.58
20.306,0,Ceiling_3x3m (9),3.47,1.70,-0.59
20.336,0,Ceiling_3x3m (9),3.46,1.70,-0.60
20.376,0,Ceiling_log_3m (22),3.45,1.69,-0.61
20.404,0,Ceiling_3x3m (9),3.47,1.70,-0.62
20.445,0,Ceiling_log_3m (22),3.45,1.68,-0.63
20.474,0,Ceiling_log_3m (22),3.45,1.68,-0.64
20.501,0,Ceiling_log_3m (22),3.45,1.66,-0.64
20.544,0,Ceiling_log_3m (22),3.45,1.67,-0.65
20.571,0,Ceiling_log_3m (22),3.45,1.67,-0.65
20.613,0,Ceiling_3x3m (9),3.47,1.70,-0.63
20.641,0,Ceiling_3x3m (9),3.48,1.70,-0.63
20.669,0,Ceiling_3x3m (9),3.46,1.70,-0.62
20.710,0,Ceiling_log_3m (22),3.45,1.67,-0.64
20.738,0,Ceiling_log_3m (22),3.45,1.66,-0.65
20.780,0,Ceiling_log_3m (22),3.45,1.65,-0.66
20.807,0,Ceiling_log_3m (22),3.45,1.64,-0.67
20.836,0,Ceiling_log_3m (22),3.45,1.63,-0.66
20.878,0,Ceiling_log_3m (22),3.45,1.60,-0.65
20.905,0,Ceiling_log_3m (22),3.45,1.59,-0.64
20.947,0,Ceiling_log_3m (22),3.45,1.55,-0.63
20.975,0,Ceiling_log_3m (22),3.45,1.53,-0.63
21.003,0,Ceiling_log_3m (22),3.45,1.51,-0.64
21.045,0,Ceiling_log_3m (22),3.44,1.50,-0.63
21.073,0,Ceiling_log_3m (22),3.43,1.50,-0.62
21.100,0,Ceiling_log_3m (22),3.45,1.50,-0.62
21.143,0,Ceiling_log_3m (22),3.45,1.50,-0.62
21.172,0,Ceiling_log_3m (22),3.44,1.50,-0.62
21.211,0,Ceiling_log_3m (22),3.42,1.50,-0.62
21.237,0,Ceiling_log_3m (22),3.42,1.50,-0.62
21.279,0,Ceiling_log_3m (22),3.42,1.50,-0.62
21.306,0,Ceiling_log_3m (22),3.44,1.50,-0.62
21.335,0,Ceiling_log_3m (22),3.45,1.50,-0.63
21.379,0,Ceiling_log_3m (22),3.45,1.52,-0.62
21.405,0,Ceiling_log_3m (22),3.45,1.54,-0.62
21.433,0,Ceiling_log_3m (22),3.45,1.54,-0.62
21.476,0,Ceiling_log_3m (22),3.45,1.54,-0.61
21.503,0,Ceiling_log_3m (22),3.45,1.54,-0.61
21.544,0,Ceiling_log_3m (22),3.45,1.58,-0.62
21.572,0,Ceiling_log_3m (22),3.45,1.60,-0.61
21.612,0,Ceiling_log_3m (22),3.45,1.59,-0.62
21.639,0,Ceiling_log_3m (22),3.45,1.60,-0.62
21.680,0,Ceiling_log_3m (22),3.45,1.62,-0.61
21.709,0,Ceiling_log_3m (22),3.45,1.62,-0.61
21.738,0,Ceiling_log_3m (22),3.45,1.62,-0.61
21.780,0,Ceiling_log_3m (22),3.45,1.63,-0.60
21.807,0,Ceiling_log_3m (22),3.45,1.63,-0.59
21.835,0,Ceiling_log_3m (22),3.45,1.64,-0.59
21.876,0,Ceiling_log_3m (22),3.45,1.63,-0.58
21.904,0,Ceiling_log_3m (22),3.45,1.63,-0.57
21.945,0,Ceiling_log_3m (22),3.45,1.64,-0.56
21.974,0,Ceiling_log_3m (22),3.45,1.67,-0.55
22.004,0,Ceiling_log_3m (22),3.45,1.68,-0.55
22.044,0,Ceiling_log_3m (22),3.45,1.69,-0.54
22.072,0,Ceiling_log_3m (22),3.45,1.69,-0.54
22.113,0,Ceiling_log_3m (22),3.45,1.67,-0.54
22.142,0,Ceiling_log_3m (22),3.45,1.68,-0.54
22.170,0,Ceiling_log_3m (22),3.45,1.66,-0.54
22.212,0,Ceiling_log_3m (22),3.45,1.68,-0.54
22.239,0,Ceiling_log_3m (22),3.45,1.67,-0.54
22.267,0,Ceiling_log_3m (22),3.45,1.67,-0.54
22.310,0,Ceiling_log_3m (22),3.45,1.66,-0.53
22.337,0,Ceiling_log_3m (22),3.45,1.67,-0.53
22.379,0,Ceiling_log_3m (22),3.45,1.68,-0.52
22.408,0,Ceiling_log_3m (22),3.45,1.69,-0.52
22.436,0,Ceiling_3x3m (9),3.49,1.70,-0.52
22.478,0,Ceiling_3x3m (9),3.51,1.70,-0.52
22.506,0,Ceiling_3x3m (9),3.47,1.70,-0.51
22.546,0,Ceiling_log_3m (22),3.45,1.64,-0.50
22.574,0,Ceiling_log_3m (22),3.45,1.62,-0.50
22.603,0,Ceiling_log_3m (22),3.45,1.62,-0.50
22.644,0,Ceiling_log_3m (22),3.45,1.62,-0.50
22.672,0,Ceiling_log_3m (22),3.45,1.65,-0.51
22.700,0,Ceiling_log_3m (22),3.45,1.66,-0.52
22.743,0,Ceiling_log_3m (22),3.45,1.67,-0.53
22.770,0,Ceiling_3x3m (9),3.47,1.70,-0.54
22.812,0,Ceiling_3x3m (9),3.49,1.70,-0.56
22.841,0,Ceiling_3x3m (9),3.51,1.70,-0.57
22.880,0,Ceiling_3x3m (9),3.53,1.70,-0.58
22.908,0,Ceiling_3x3m (9),3.56,1.70,-0.60
22.937,0,Ceiling_3x3m (9),3.54,1.70,-0.60
22.978,0,Ceiling_3x3m (9),3.54,1.70,-0.61
23.006,0,Ceiling_3x3m (9),3.54,1.70,-0.61
23.035,0,Ceiling_3x3m (9),3.51,1.70,-0.61
23.077,0,Ceiling_3x3m (9),3.49,1.70,-0.60
23.104,0,Ceiling_3x3m (9),3.49,1.70,-0.60
23.146,0,Ceiling_3x3m (9),3.48,1.70,-0.59
23.173,0,Ceiling_3x3m (9),3.51,1.70,-0.60
23.202,0,Ceiling_3x3m (9),3.55,1.70,-0.62
23.244,0,Ceiling_3x3m (9),3.55,1.70,-0.61
23.272,0,Ceiling_3x3m (9),3.55,1.70,-0.60
23.314,0,Ceiling_3x3m (9),3.53,1.70,-0.59
23.341,0,Ceiling_3x3m (9),3.53,1.70,-0.58
23.370,0,Ceiling_3x3m (9),3.55,1.70,-0.58
23.410,0,Ceiling_3x3m (9),3.54,1.70,-0.58
23.438,0,Ceiling_3x3m (9),3.54,1.70,-0.57
23.467,0,Ceiling_3x3m (9),3.51,1.70,-0.57
23.508,0,Ceiling_3x3m (9),3.53,1.70,-0.58
23.536,0,Ceiling_3x3m (9),3.56,1.70,-0.60
23.578,0,Ceiling_3x3m (9),3.55,1.70,-0.61
23.605,0,Ceiling_3x3m (9),3.56,1.70,-0.63
23.634,0,Ceiling_3x3m (9),3.56,1.70,-0.64
23.678,0,Ceiling_3x3m (9),3.57,1.70,-0.65
23.703,0,Ceiling_3x3m (9),3.55,1.70,-0.65
23.745,0,Ceiling_3x3m (9),3.55,1.70,-0.65
23.773,0,Ceiling_3x3m (9),3.55,1.70,-0.66
23.801,0,Ceiling_3x3m (9),3.57,1.70,-0.67
23.843,0,Ceiling_3x3m (9),3.57,1.70,-0.66
23.870,0,Ceiling_3x3m (9),3.63,1.70,-0.68
23.913,0,Ceiling_3x3m (9),3.63,1.70,-0.67
23.941,0,Ceiling_3x3m (9),3.64,1.70,-0.67
23.969,0,Ceiling_3x3m (9),3.65,1.70,-0.67
24.011,0,Ceiling_3x3m (9),3.65,1.70,-0.68
24.038,0,Ceiling_3x3m (9),3.64,1.70,-0.68
24.080,0,Ceiling_3x3m (9),3.64,1.70,-0.69
24.108,0,Ceiling_3x3m (9),3.64,1.70,-0.69
24.136,0,Ceiling_3x3m (9),3.64,1.70,-0.69
24.178,0,Ceiling_3x3m (9),3.63,1.70,-0.69
24.207,0,Ceiling_3x3m (9),3.61,1.70,-0.68
24.247,0,Ceiling_3x3m (9),3.62,1.70,-0.68
24.274,0,Ceiling_3x3m (9),3.64,1.70,-0.69
24.302,0,Ceiling_3x3m (9),3.62,1.70,-0.68
24.341,0,Ceiling_3x3m (9),3.63,1.70,-0.68
24.370,0,Ceiling_3x3m (9),3.65,1.70,-0.69
24.413,0,Ceiling_3x3m (9),3.67,1.70,-0.70
24.440,0,Ceiling_3x3m (9),3.66,1.70,-0.70
24.469,0,Ceiling_3x3m (9),3.66,1.70,-0.71
24.511,0,Ceiling_3x3m (9),3.64,1.70,-0.71
24.537,0,Ceiling_3x3m (9),3.63,1.70,-0.72
24.578,0,Ceiling_3x3m (9),3.66,1.70,-0.74
24.604,0,Ceiling_3x3m (9),3.65,1.70,-0.74
24.646,0,Ceiling_3x3m (9),3.62,1.70,-0.74
24.675,0,Ceiling_3x3m (9),3.65,1.70,-0.76
24.701,0,Ceiling_3x3m (9),3.65,1.70,-0.76
24.743,0,Ceiling_3x3m (9),3.67,1.70,-0.77
24.772,0,Ceiling_3x3m (9),3.66,1.70,-0.77
24.800,0,Ceiling_3x3m (9),3.67,1.70,-0.77
24.842,0,Ceiling_3x3m (9),3.70,1.70,-0.78
24.870,0,Ceiling_3x3m (9),3.72,1.70,-0.79
24.911,0,Ceiling_3x3m (9),3.72,1.70,-0.78
24.939,0,Ceiling_3x3m (9),3.74,1.70,-0.80
24.967,0,Ceiling_3x3m (9),3.74,1.70,-0.80
25.008,0,Ceiling_3x3m (9),3.72,1.70,-0.79
25.036,0,Ceiling_3x3m (9),3.75,1.70,-0.80
25.079,0,Ceiling_3x3m (9),3.77,1.70,-0.78
25.106,0,Ceiling_3x3m (9),3.77,1.70,-0.76
25.135,0,Ceiling_3x3m (9),3.78,1.70,-0.74
25.176,0,Ceiling_3x3m (9),3.78,1.70,-0.72
25.205,0,Ceiling_3x3m (9),3.77,1.70,-0.72
25.247,0,Ceiling_3x3m (9),3.76,1.70,-0.71
25.274,0,Ceiling_3x3m (9),3.76,1.70,-0.71
25.301,0,Ceiling_3x3m (9),3.75,1.70,-0.72
25.346,0,Ceiling_3x3m (9),3.75,1.70,-0.73
25.373,0,Ceiling_3x3m (9),3.75,1.70,-0.74
25.401,0,Ceiling_3x3m (9),3.75,1.70,-0.76
25.443,0,Ceiling_3x3m (9),3.74,1.70,-0.78
25.470,0,Ceiling_3x3m (9),3.75,1.70,-0.79
25.512,0,Ceiling_3x3m (9),3.76,1.70,-0.81
25.539,0,Ceiling_3x3m (9),3.74,1.70,-0.80
25.567,0,Ceiling_3x3m (9),3.73,1.70,-0.81
25.609,0,Ceiling_3x3m (9),3.74,1.70,-0.81
25.637,0,Ceiling_3x3m (9),3.74,1.70,-0.81
25.679,0,Ceiling_3x3m (9),3.74,1.70,-0.81
25.706,0,Ceiling_3x3m (9),3.72,1.70,-0.80
25.735,0,Ceiling_3x3m (9),3.72,1.70,-0.80
25.777,0,Ceiling_3x3m (9),3.66,1.70,-0.78
25.805,0,Ceiling_3x3m (9),3.63,1.70,-0.77
25.846,0,Ceiling_3x3m (9),3.64,1.70,-0.78
25.875,0,Ceiling_3x3m (9),3.63,1.70,-0.79
25.903,0,Ceiling_3x3m (9),3.63,1.70,-0.80
25.945,0,Ceiling_3x3m (9),3.60,1.70,-0.80
25.975,0,Ceiling_3x3m (9),3.58,1.70,-0.79
26.000,0,Ceiling_3x3m (9),3.58,1.70,-0.79
26.042,0,Ceiling_3x3m (9),3.61,1.70,-0.80
26.070,0,Ceiling_3x3m (9),3.62,1.70,-0.81
26.111,0,Ceiling_3x3m (9),3.62,1.70,-0.81
26.139,0,Ceiling_3x3m (9),3.64,1.70,-0.82
26.167,0,Ceiling_3x3m (9),3.66,1.70,-0.84
26.209,0,Ceiling_3x3m (9),3.71,1.70,-0.86
26.237,0,Ceiling_3x3m (9),3.75,1.70,-0.88
26.279,0,Ceiling_3x3m (9),3.81,1.70,-0.92
26.306,0,Ceiling_3x3m (9),3.82,1.70,-0.94
26.334,0,Ceiling_3x3m (9),3.83,1.70,-0.95
26.375,0,Ceiling_3x3m (9),3.81,1.70,-0.95
26.404,0,Ceiling_3x3m (9),3.73,1.70,-0.92
26.446,0,Ceiling_3x3m (9),3.63,1.70,-0.89
26.474,0,Ceiling_3x3m (9),3.62,1.70,-0.88
26.501,0,Ceiling_3x3m (9),3.64,1.70,-0.89
26.543,0,Ceiling_3x3m (9),3.63,1.70,-0.91
26.571,0,Ceiling_3x3m (9),3.62,1.70,-0.92
26.601,0,Ceiling_3x3m (9),3.62,1.70,-0.93
26.641,0,Ceiling_3x3m (9),3.62,1.70,-0.94
26.670,0,Ceiling_3x3m (9),3.60,1.70,-0.93
26.710,0,Ceiling_3x3m (9),3.60,1.70,-0.93
26.739,0,Ceiling_3x3m (9),3.59,1.70,-0.93
26.767,0,Ceiling_3x3m (9),3.59,1.70,-0.92
26.811,0,Ceiling_3x3m (9),3.60,1.70,-0.93
26.836,0,Ceiling_3x3m (9),3.60,1.70,-0.92
26.878,0,Ceiling_3x3m (9),3.61,1.70,-0.92
26.906,0,Ceiling_3x3m (9),3.61,1.70,-0.92
26.934,0,Ceiling_3x3m (9),3.56,1.70,-0.90
26.976,0,Ceiling_3x3m (9),3.47,1.70,-0.86
27.004,0,Ceiling_3x3m (9),3.48,1.70,-0.86
27.046,0,Ceiling_3x3m (9),3.50,1.70,-0.86
27.074,0,Ceiling_3x3m (9),3.52,1.70,-0.86
27.102,0,Ceiling_3x3m (9),3.52,1.70,-0.85
27.144,0,Ceiling_3x3m (9),3.49,1.70,-0.83
27.172,0,Ceiling_3x3m (9),3.50,1.70,-0.83
27.214,0,Ceiling_3x3m (9),3.51,1.70,-0.82
27.241,0,Ceiling_3x3m (9),3.53,1.70,-0.83
27.269,0,Ceiling_3x3m (9),3.58,1.70,-0.85
27.311,0,Ceiling_3x3m (9),3.63,1.70,-0.86
27.338,0,Ceiling_3x3m (9),3.62,1.70,-0.85
27.380,0,Ceiling_3x3m (9),3.61,1.70,-0.85
27.408,0,Ceiling_3x3m (9),3.58,1.70,-0.84
27.438,0,Ceiling_3x3m (9),3.51,1.70,-0.82
27.477,0,Ceiling_3x3m (9),3.50,1.70,-0.83
27.505,0,Ceiling_3x3m (9),3.53,1.70,-0.84
27.547,0,Ceiling_3x3m (9),3.52,1.70,-0.84
27.575,0,Ceiling_3x3m (9),3.52,1.70,-0.85
27.603,0,Ceiling_3x3m (9),3.54,1.70,-0.85
27.645,0,Ceiling_3x3m (9),3.55,1.70,-0.86
27.673,0,Ceiling_3x3m (9),3.54,1.70,-0.85
27.701,0,Ceiling_3x3m (9),3.53,1.70,-0.84
27.743,0,Ceiling_3x3m (9),3.51,1.70,-0.84
27.769,0,Ceiling_3x3m (9),3.53,1.70,-0.85
27.811,0,Ceiling_3x3m (9),3.55,1.70,-0.85
27.839,0,Ceiling_3x3m (9),3.55,1.70,-0.84
27.867,0,Ceiling_3x3m (9),3.56,1.70,-0.83
27.909,0,Ceiling_3x3m (9),3.63,1.70,-0.83
27.937,0,Ceiling_3x3m (9),3.65,1.70,-0.83
27.979,0,Ceiling_3x3m (9),3.63,1.70,-0.80
28.006,0,Ceiling_3x3m (9),3.64,1.70,-0.79
28.034,0,Ceiling_3x3m (9),3.62,1.70,-0.77
28.076,0,Ceiling_3x3m (9),3.61,1.70,-0.76
28.104,0,Ceiling_3x3m (9),3.61,1.70,-0.75
28.145,0,Ceiling_3x3m (9),3.62,1.70,-0.74
28.173,0,Ceiling_3x3m (9),3.62,1.70,-0.73
28.214,0,Ceiling_3x3m (9),3.62,1.70,-0.72
28.241,0,Ceiling_3x3m (9),3.65,1.70,-0.72
28.271,0,Ceiling_3x3m (9),3.66,1.70,-0.71
28.310,0,Ceiling_3x3m (9),3.68,1.70,-0.70
28.338,0,Ceiling_3x3m (9),3.67,1.70,-0.68
28.378,0,Ceiling_3x3m (9),3.68,1.70,-0.66
28.404,0,Ceiling_3x3m (9),3.70,1.70,-0.66
28.445,0,Ceiling_3x3m (9),3.74,1.70,-0.66
28.477,0,Ceiling_3x3m (9),3.71,1.70,-0.64
28.503,0,Ceiling_3x3m (9),3.69,1.70,-0.62
28.545,0,Ceiling_3x3m (9),3.68,1.70,-0.61
28.572,0,Ceiling_3x3m (9),3.67,1.70,-0.59
28.600,0,Ceiling_3x3m (9),3.66,1.70,-0.57
28.642,0,Ceiling_3x3m (9),3.65,1.70,-0.56
28.671,0,Ceiling_3x3m (9),3.68,1.70,-0.57
28.713,0,Ceiling_3x3m (9),3.76,1.70,-0.60
28.741,0,Ceiling_3x3m (9),3.76,1.70,-0.60
28.769,0,Ceiling_3x3m (9),3.74,1.70,-0.59
28.811,0,Ceiling_3x3m (9),3.72,1.70,-0.58
28.839,0,Ceiling_3x3m (9),3.71,1.70,-0.57
28.868,0,Ceiling_3x3m (9),3.70,1.70,-0.57
28.909,0,Ceiling_3x3m (9),3.69,1.70,-0.57
28.938,0,Ceiling_3x3m (9),3.68,1.70,-0.58
28.979,0,Ceiling_3x3m (9),3.73,1.70,-0.63
29.007,0,Ceiling_3x3m (9),3.73,1.70,-0.63
29.034,0,Ceiling_3x3m (9),3.69,1.70,-0.63
29.076,0,Ceiling_3x3m (9),3.68,1.70,-0.64
29.106,0,Ceiling_3x3m (9),3.68,1.70,-0.64
29.147,0,Ceiling_3x3m (9),3.70,1.70,-0.65
29.175,0,Ceiling_3x3m (9),3.70,1.70,-0.65
29.202,0,Ceiling_3x3m (9),3.70,1.70,-0.64
29.244,0,Ceiling_3x3m (9),3.70,1.70,-0.63
29.272,0,Ceiling_3x3m (9),3.69,1.70,-0.60
29.316,0,Ceiling_3x3m (9),3.69,1.70,-0.59
29.341,0,Ceiling_3x3m (9),3.73,1.70,-0.59
29.370,0,Ceiling_3x3m (9),3.74,1.70,-0.58
29.411,0,Ceiling_3x3m (9),3.81,1.70,-0.57
29.439,0,Ceiling_3x3m (9),3.80,1.70,-0.55
29.467,0,Ceiling_3x3m (9),3.77,1.70,-0.52
29.509,0,Ceiling_3x3m (9),3.72,1.70,-0.49
29.536,0,Ceiling_3x3m (9),3.68,1.70,-0.46
29.578,0,Ceiling_3x3m (9),3.70,1.70,-0.48
29.607,0,Ceiling_3x3m (9),3.75,1.70,-0.51
29.634,0,Ceiling_3x3m (9),3.80,1.70,-0.55
29.676,0,Ceiling_3x3m (9),3.84,1.70,-0.61
29.704,0,Ceiling_3x3m (9),3.86,1.70,-0.63
29.734,0,Ceiling_3x3m (9),3.83,1.70,-0.62
29.773,0,Ceiling_3x3m (9),3.85,1.70,-0.62
29.802,0,Ceiling_3x3m (9),3.85,1.70,-0.63
29.844,0,Ceiling_3x3m (9),3.84,1.70,-0.64
29.871,0,Ceiling_3x3m (9),3.86,1.70,-0.66
29.914,0,Ceiling_3x3m (9),3.89,1.70,-0.68
29.943,0,Ceiling_3x3m (9),3.90,1.70,-0.69
29.969,0,Ceiling_3x3m (9),3.91,1.70,-0.70
30.011,0,Ceiling_3x3m (9),3.92,1.70,-0.71
30.039,0,Ceiling_3x3m (9),3.95,1.70,-0.72
30.067,0,Ceiling_3x3m (9),3.95,1.70,-0.72
30.108,0,Ceiling_3x3m (9),3.94,1.70,-0.70
30.136,0,Ceiling_3x3m (9),3.99,1.70,-0.70
30.177,0,Ceiling_3x3m (9),4.00,1.70,-0.67
30.205,0,Ceiling_3x3m (9),3.98,1.70,-0.64
30.246,0,Ceiling_3x3m (9),4.00,1.70,-0.62
30.274,0,Ceiling_3x3m (9),3.96,1.70,-0.57
30.302,0,Ceiling_3x3m (9),3.92,1.70,-0.54
30.343,0,Ceiling_3x3m (9),3.91,1.70,-0.52
30.371,0,Ceiling_3x3m (9),3.89,1.70,-0.52
30.413,0,Ceiling_3x3m (9),3.89,1.70,-0.52
30.440,0,Ceiling_3x3m (9),3.90,1.70,-0.52
30.468,0,Ceiling_3x3m (9),3.91,1.70,-0.52
30.511,0,Ceiling_3x3m (9),3.95,1.70,-0.52
30.538,0,Ceiling_3x3m (9),3.96,1.70,-0.51
30.567,0,Ceiling_3x3m (9),3.97,1.70,-0.51
30.607,0,Ceiling_3x3m (9),3.99,1.70,-0.51
30.635,0,Ceiling_3x3m (9),4.00,1.70,-0.51
30.677,0,Ceiling_3x3m (9),4.02,1.70,-0.50
30.704,0,Ceiling_3x3m (9),4.01,1.70,-0.48
30.745,0,Ceiling_3x3m (9),3.99,1.70,-0.45
30.774,0,Ceiling_3x3m (9),3.98,1.70,-0.45
30.800,0,Ceiling_3x3m (9),3.94,1.70,-0.43
30.844,0,Ceiling_3x3m (9),3.91,1.70,-0.42
30.872,0,Ceiling_3x3m (9),3.92,1.70,-0.43
30.913,0,Ceiling_3x3m (9),3.95,1.70,-0.46
30.941,0,Ceiling_3x3m (9),3.95,1.70,-0.48
30.969,0,Ceiling_3x3m (9),3.94,1.70,-0.48
31.011,0,Ceiling_3x3m (9),3.91,1.70,-0.47
31.038,0,Ceiling_3x3m (9),3.91,1.70,-0.48
31.080,0,Ceiling_3x3m (9),3.92,1.70,-0.48
31.108,0,Ceiling_3x3m (9),3.92,1.70,-0.48
31.135,0,Ceiling_3x3m (9),3.91,1.70,-0.48
31.177,0,Ceiling_3x3m (9),3.87,1.70,-0.46
31.206,0,Ceiling_3x3m (9),3.85,1.70,-0.46
31.234,0,Ceiling_3x3m (9),3.84,1.70,-0.45
31.276,0,Ceiling_3x3m (9),3.80,1.70,-0.43
31.304,0,Ceiling_3x3m (9),3.80,1.70,-0.42
31.346,0,Ceiling_3x3m (9),3.82,1.70,-0.42
31.589,0,Ceiling_3x3m (9),3.89,1.70,-0.42
31.589,0,Ceiling_3x3m (9),3.89,1.70,-0.42
31.589,0,Ceiling_3x3m (9),3.89,1.70,-0.42
31.589,0,Ceiling_3x3m (9),3.89,1.70,-0.42
31.589,0,Ceiling_3x3m (9),3.89,1.70,-0.42
31.589,0,Ceiling_3x3m (9),3.89,1.70,-0.42
31.589,0,Ceiling_3x3m (9),3.89,1.70,-0.42
31.612,0,Ceiling_3x3m (9),3.89,1.70,-0.41
31.638,0,Ceiling_3x3m (9),3.89,1.70,-0.41
31.680,0,Ceiling_3x3m (9),3.91,1.70,-0.42
31.707,0,Ceiling_3x3m (9),3.93,1.70,-0.42
31.736,0,Ceiling_3x3m (9),3.93,1.70,-0.43
31.778,0,Ceiling_3x3m (9),3.93,1.70,-0.43
31.806,0,Ceiling_3x3m (9),3.93,1.70,-0.44
31.846,0,Ceiling_3x3m (9),3.92,1.70,-0.44
31.875,0,Ceiling_3x3m (9),3.91,1.70,-0.43
31.902,0,Ceiling_3x3m (9),3.92,1.70,-0.43
31.944,0,Ceiling_3x3m (9),3.93,1.70,-0.43
31.973,0,Ceiling_3x3m (9),3.93,1.70,-0.42
32.000,0,Ceiling_3x3m (9),3.93,1.70,-0.42
32.042,0,Ceiling_3x3m (9),3.91,1.70,-0.41
32.070,0,Ceiling_3x3m (9),3.90,1.70,-0.41
32.112,0,Ceiling_3x3m (9),3.91,1.70,-0.41
32.140,0,Ceiling_3x3m (9),3.91,1.70,-0.42
32.168,0,Ceiling_3x3m (9),3.90,1.70,-0.42
32.210,0,Ceiling_3x3m (9),3.91,1.70,-0.43
32.237,0,Ceiling_3x3m (9),3.91,1.70,-0.43
32.279,0,Ceiling_3x3m (9),3.90,1.70,-0.43
32.307,0,Ceiling_3x3m (9),3.89,1.70,-0.42
32.335,0,Ceiling_3x3m (9),3.88,1.70,-0.42
32.377,0,Ceiling_3x3m (9),3.88,1.70,-0.42
32.404,0,Ceiling_3x3m (9),3.87,1.70,-0.41
32.435,0,Ceiling_3x3m (9),3.87,1.70,-0.41
32.475,0,Ceiling_3x3m (9),3.86,1.70,-0.41
32.502,0,Ceiling_3x3m (9),3.86,1.70,-0.41
32.545,0,Ceiling_3x3m (9),3.85,1.70,-0.40
32.572,0,Ceiling_3x3m (9),3.83,1.70,-0.39
32.601,0,Ceiling_3x3m (9),3.82,1.70,-0.38
32.643,0,Ceiling_3x3m (9),3.81,1.70,-0.38
32.670,0,Ceiling_3x3m (9),3.81,1.70,-0.37
32.711,0,Ceiling_3x3m (9),3.81,1.70,-0.37
32.740,0,Ceiling_3x3m (9),3.80,1.70,-0.36
32.767,0,Ceiling_3x3m (9),3.80,1.70,-0.36
32.810,0,Ceiling_3x3m (9),3.80,1.70,-0.35
32.837,0,Ceiling_3x3m (9),3.80,1.70,-0.35
32.879,0,Ceiling_3x3m (9),3.80,1.70,-0.35
32.908,0,Ceiling_3x3m (9),3.80,1.70,-0.35
32.935,0,Ceiling_3x3m (9),3.80,1.70,-0.35
32.977,0,Ceiling_3x3m (9),3.80,1.70,-0.34
33.005,0,Ceiling_3x3m (9),3.80,1.70,-0.34
33.033,0,Ceiling_3x3m (9),3.79,1.70,-0.34
33.075,0,Ceiling_3x3m (9),3.78,1.70,-0.33
33.102,0,Ceiling_3x3m (9),3.77,1.70,-0.32
33.144,0,Ceiling_3x3m (9),3.75,1.70,-0.31
33.172,0,Wall_3mx20cm_Wood_Panels (2),3.76,1.69,-0.31
33.215,0,Wall_3mx20cm_Wood_Panels (2),3.77,1.67,-0.31
33.247,0,Wall_3mx20cm_Wood_Panels (2),3.79,1.65,-0.31
33.290,0,Wall_3mx20cm_Wood_Panels (2),3.82,1.63,-0.31
33.316,0,Wall_3mx20cm_Wood_Panels (2),3.83,1.60,-0.31
33.343,0,Wall_3mx20cm_Wood_Panels (2),3.85,1.59,-0.31
33.385,0,Wall_3mx20cm_Wood_Panels (2),3.88,1.57,-0.31
33.402,0,Wall_3mx20cm_Wood_Panels (2),3.90,1.55,-0.31
33.455,0,Wall_3mx20cm_Wood_Panels (2),3.93,1.53,-0.31
33.470,0,Wall_3mx20cm_Wood_Panels (2),3.94,1.52,-0.31
33.522,0,Wall_3mx20cm_Wood_Panels (2),3.96,1.50,-0.31
33.550,0,Wall_3mx20cm_Wood_Panels (2),3.97,1.49,-0.31
33.590,0,Wall_3mx20cm_Wood_Panels (2),3.99,1.48,-0.31
33.605,0,Wall_3mx20cm_Wood_Panels (2),4.00,1.47,-0.31
33.646,0,Wall_3mx20cm_Wood_Panels (2),4.01,1.46,-0.31
33.686,0,Wall_3mx20cm_Wood_Panels (2),4.01,1.45,-0.31
33.702,0,Wall_3mx20cm_Wood_Panels (2),4.02,1.45,-0.31
33.832,0,Wall_3mx20cm_Wood_Panels (2),4.01,1.45,-0.31
33.832,0,Wall_3mx20cm_Wood_Panels (2),4.01,1.45,-0.31
33.832,0,Wall_3mx20cm_Wood_Panels (2),4.01,1.45,-0.31
33.849,0,Wall_3mx20cm_Wood_Panels (2),4.01,1.45,-0.31
33.878,0,Wall_3mx20cm_Wood_Panels (2),4.01,1.46,-0.31
33.907,0,Wall_3mx20cm_Wood_Panels (2),4.00,1.46,-0.31
33.946,0,Wall_3mx20cm_Wood_Panels (2),4.00,1.47,-0.31
33.976,0,Wall_3mx20cm_Wood_Panels (2),4.00,1.47,-0.31
34.004,0,Wall_3mx20cm_Wood_Panels (2),4.00,1.47,-0.31
34.045,0,Wall_3mx20cm_Wood_Panels (2),4.00,1.47,-0.31
34.072,0,Wall_3mx20cm_Wood_Panels (2),4.00,1.46,-0.31
34.115,0,Wall_3mx20cm_Wood_Panels (2),4.01,1.45,-0.31
34.141,0,Wall_3mx20cm_Wood_Panels (2),4.02,1.44,-0.31
34.169,0,Wall_3mx20cm_Wood_Panels (2),4.02,1.43,-0.31
34.211,0,Wall_3mx20cm_Wood_Panels (2),4.01,1.44,-0.31
34.239,0,Wall_3mx20cm_Wood_Panels (2),4.01,1.44,-0.31
34.279,0,Wall_3mx20cm_Wood_Panels (2),4.00,1.46,-0.31
34.307,0,Wall_3mx20cm_Wood_Panels (2),4.00,1.46,-0.31
34.337,0,Wall_3mx20cm_Wood_Panels (2),4.01,1.45,-0.31
34.375,0,Wall_3mx20cm_Wood_Panels (2),4.02,1.45,-0.31
34.403,0,Wall_3mx20cm_Wood_Panels (2),4.02,1.45,-0.31
34.443,0,Wall_3mx20cm_Wood_Panels (2),4.01,1.45,-0.31
34.471,0,Wall_3mx20cm_Wood_Panels (2),4.01,1.45,-0.31
34.501,0,Wall_3mx20cm_Wood_Panels (2),4.01,1.46,-0.31
34.542,0,Wall_3mx20cm_Wood_Panels (2),4.00,1.47,-0.31
34.570,0,Wall_3mx20cm_Wood_Panels (2),3.99,1.47,-0.31
34.611,0,Wall_3mx20cm_Wood_Panels (2),3.98,1.48,-0.31
34.639,0,Wall_3mx20cm_Wood_Panels (2),3.97,1.48,-0.31
34.667,0,Wall_3mx20cm_Wood_Panels (2),3.97,1.48,-0.31
34.708,0,Wall_3mx20cm_Wood_Panels (2),3.97,1.48,-0.31
34.736,0,Wall_3mx20cm_Wood_Panels (2),3.97,1.48,-0.31
34.773,0,Wall_3mx20cm_Wood_Panels (2),3.98,1.47,-0.31
34.801,0,Wall_3mx20cm_Wood_Panels (2),3.98,1.47,-0.31
34.840,0,Wall_3mx20cm_Wood_Panels (2),3.98,1.47,-0.31
34.868,0,Wall_3mx20cm_Wood_Panels (2),3.99,1.46,-0.31
34.910,0,Wall_3mx20cm_Wood_Panels (2),4.01,1.45,-0.31
34.940,0,Wall_3mx20cm_Wood_Panels (2),4.02,1.44,-0.31
34.980,0,Wall_3mx20cm_Wood_Panels (2),4.03,1.43,-0.31
35.006,0,Wall_3mx20cm_Wood_Panels (2),4.04,1.43,-0.31
35.035,0,Wall_3mx20cm_Wood_Panels (2),4.04,1.42,-0.31
35.076,0,Wall_3mx20cm_Wood_Panels (2),4.04,1.42,-0.31
35.104,0,Wall_3mx20cm_Wood_Panels (2),4.04,1.42,-0.31
35.148,0,Wall_3mx20cm_Wood_Panels (2),4.03,1.44,-0.31
35.174,0,Wall_3mx20cm_Wood_Panels (2),4.04,1.43,-0.31
35.202,0,Wall_3mx20cm_Wood_Panels (2),4.04,1.43,-0.31
35.244,0,Wall_3mx20cm_Wood_Panels (2),4.05,1.43,-0.31
35.272,0,Wall_3mx20cm_Wood_Panels (2),4.05,1.43,-0.31
35.313,0,Wall_3mx20cm_Wood_Panels (2),4.06,1.44,-0.31
35.341,0,Wall_3mx20cm_Wood_Panels (2),4.05,1.45,-0.31
35.370,0,Wall_3mx20cm_Wood_Panels (2),4.04,1.45,-0.31
35.411,0,Wall_3mx20cm_Wood_Panels (2),4.03,1.47,-0.31
35.439,0,Wall_3mx20cm_Wood_Panels (2),4.02,1.48,-0.31
35.467,0,Wall_3mx20cm_Wood_Panels (2),4.01,1.47,-0.31
35.509,0,Wall_3mx20cm_Wood_Panels (2),4.00,1.48,-0.31
35.537,0,Wall_3mx20cm_Wood_Panels (2),3.99,1.48,-0.31
35.578,0,Wall_3mx20cm_Wood_Panels (2),3.99,1.47,-0.31
35.606,0,Wall_3mx20cm_Wood_Panels (2),4.00,1.46,-0.31
35.634,0,Wall_3mx20cm_Wood_Panels (2),4.01,1.46,-0.31
35.676,0,Wall_3mx20cm_Wood_Panels (2),4.02,1.45,-0.31
35.704,0,Wall_3mx20cm_Wood_Panels (2),4.02,1.44,-0.31
35.746,0,Wall_3mx20cm_Wood_Panels (2),4.02,1.44,-0.31
35.775,0,Wall_3mx20cm_Wood_Panels (2),4.02,1.44,-0.31
35.802,0,Wall_3mx20cm_Wood_Panels (2),4.03,1.44,-0.31
35.842,0,Wall_3mx20cm_Wood_Panels (2),4.04,1.43,-0.31
35.869,0,Wall_3mx20cm_Wood_Panels (2),4.04,1.43,-0.31
35.912,0,Wall_3mx20cm_Wood_Panels (2),4.04,1.42,-0.31
35.942,0,Wall_3mx20cm_Wood_Panels (2),4.05,1.42,-0.31
35.971,0,Wall_3mx20cm_Wood_Panels (2),4.05,1.42,-0.31
36.014,0,Wall_3mx20cm_Wood_Panels (2),4.04,1.43,-0.31
36.042,0,Wall_3mx20cm_Wood_Panels (2),4.04,1.44,-0.31
36.091,0,Wall_3mx20cm_Wood_Panels (2),4.05,1.45,-0.31
36.119,0,Wall_3mx20cm_Wood_Panels (2),4.05,1.44,-0.31
36.142,0,Wall_3mx20cm_Wood_Panels (2),4.05,1.44,-0.31
36.170,0,Wall_3mx20cm_Wood_Panels (2),4.06,1.45,-0.31
36.227,0,Wall_3mx20cm_Wood_Panels (2),4.04,1.47,-0.31
36.253,0,Wall_3mx20cm_Wood_Panels (2),4.02,1.48,-0.31
36.281,0,Wall_3mx20cm_Wood_Panels (2),4.01,1.49,-0.31
36.309,0,Wall_3mx20cm_Wood_Panels (2),4.00,1.50,-0.31
36.337,0,Wall_3mx20cm_Wood_Panels (2),4.00,1.50,-0.31
36.393,0,Wall_3mx20cm_Wood_Panels (2),3.99,1.51,-0.31
36.421,0,Wall_3mx20cm_Wood_Panels (2),3.99,1.51,-0.31
36.451,0,Wall_3mx20cm_Wood_Panels (2),3.99,1.51,-0.31
36.477,0,Wall_3mx20cm_Wood_Panels (2),3.99,1.51,-0.31
36.505,0,Wall_3mx20cm_Wood_Panels (2),4.00,1.50,-0.31
36.561,0,Wall_3mx20cm_Wood_Panels (2),4.01,1.49,-0.31
36.589,0,Wall_3mx20cm_Wood_Panels (2),4.02,1.48,-0.31
36.616,0,Wall_3mx20cm_Wood_Panels (2),4.03,1.47,-0.31
36.644,0,Wall_3mx20cm_Wood_Panels (2),4.03,1.46,-0.31
36.674,0,Wall_3mx20cm_Wood_Panels (2),4.04,1.46,-0.31
36.700,0,Wall_3mx20cm_Wood_Panels (2),4.04,1.45,-0.31
36.757,0,Wall_3mx20cm_Wood_Panels (2),4.05,1.44,-0.31
36.785,0,Wall_3mx20cm_Wood_Panels (2),4.05,1.44,-0.31
36.813,0,Wall_3mx20cm_Wood_Panels (2),4.05,1.44,-0.31
36.840,0,Wall_3mx20cm_Wood_Panels (2),4.06,1.43,-0.31
36.869,0,Wall_3mx20cm_Wood_Panels (2),4.08,1.42,-0.31
36.924,0,Wall_3mx20cm_Wood_Panels (2),4.13,1.38,-0.31
36.953,0,Wall_3mx20cm_Wood_Panels (2),4.15,1.35,-0.31
36.980,0,Wall_3mx20cm_Wood_Panels (2),4.17,1.32,-0.31
37.008,0,Wall_3mx20cm_Wood_Panels (2),4.18,1.31,-0.31
37.035,0,Wall_3mx20cm_Wood_Panels (2),4.21,1.29,-0.31
37.091,0,Wall_3mx20cm_Wood_Panels (2),4.30,1.25,-0.31
37.121,0,Wall_3mx20cm_Wood_Panels (2),4.34,1.23,-0.31
37.148,0,Wall_3mx20cm_Wood_Panels (2),4.39,1.19,-0.31
37.175,0,Wall_3mx20cm_Wood_Panels (3),4.42,1.15,-0.31
37.202,0,Wall_3mx20cm_Wood_Panels (3),4.44,1.13,-0.31
37.259,0,Wall_3mx20cm_Wood_Panels (2),4.40,1.12,-0.31
37.287,0,Wall_3mx20cm_Wood_Panels (2),4.38,1.15,-0.31
37.314,0,Wall_3mx20cm_Wood_Panels (2),4.37,1.17,-0.31
37.345,0,Wall_3mx20cm_Wood_Panels (2),4.37,1.19,-0.31
37.370,0,Wall_3mx20cm_Wood_Panels (2),4.36,1.19,-0.31
37.425,0,Wall_3mx20cm_Wood_Panels (2),4.36,1.22,-0.31
37.453,0,Wall_3mx20cm_Wood_Panels (2),4.34,1.23,-0.31
37.481,0,Wall_3mx20cm_Wood_Panels (2),4.32,1.26,-0.31
37.510,0,Wall_3mx20cm_Wood_Panels (2),4.28,1.30,-0.31
37.537,0,Wall_3mx20cm_Wood_Panels (2),4.24,1.33,-0.31
37.567,0,Wall_3mx20cm_Wood_Panels (2),4.20,1.36,-0.31
37.621,0,Wall_3mx20cm_Wood_Panels (2),4.13,1.40,-0.31
37.649,0,Wall_3mx20cm_Wood_Panels (2),4.10,1.43,-0.31
37.676,0,Wall_3mx20cm_Wood_Panels (2),4.09,1.44,-0.31
37.705,0,Wall_3mx20cm_Wood_Panels (2),4.10,1.45,-0.31
37.733,0,Wall_3mx20cm_Wood_Panels (2),4.10,1.46,-0.31
37.776,0,Wall_3mx20cm_Wood_Panels (2),4.10,1.46,-0.31
37.804,0,Wall_3mx20cm_Wood_Panels (2),4.12,1.46,-0.31
37.834,0,Wall_3mx20cm_Wood_Panels (2),4.13,1.45,-0.31
37.876,0,Wall_3mx20cm_Wood_Panels (2),4.15,1.44,-0.31
37.903,0,Wall_3mx20cm_Wood_Panels (2),4.16,1.44,-0.31
37.946,0,Wall_3mx20cm_Wood_Panels (2),4.16,1.46,-0.31
37.975,0,Wall_3mx20cm_Wood_Panels (2),4.16,1.45,-0.31
38.002,0,Wall_3mx20cm_Wood_Panels (2),4.16,1.45,-0.31
38.044,0,Wall_3mx20cm_Wood_Panels (2),4.18,1.45,-0.31
38.075,0,Wall_3mx20cm_Wood_Panels (2),4.19,1.46,-0.31
38.113,0,Wall_3mx20cm_Wood_Panels (2),4.20,1.47,-0.31
38.141,0,Wall_3mx20cm_Wood_Panels (2),4.20,1.48,-0.31
38.169,0,Wall_3mx20cm_Wood_Panels (2),4.19,1.48,-0.31
38.212,0,Wall_3mx20cm_Wood_Panels (2),4.19,1.50,-0.31
38.239,0,Wall_3mx20cm_Wood_Panels (2),4.19,1.51,-0.31
38.267,0,Wall_3mx20cm_Wood_Panels (2),4.19,1.52,-0.31
38.309,0,Wall_3mx20cm_Wood_Panels (2),4.20,1.53,-0.31
38.337,0,Wall_3mx20cm_Wood_Panels (2),4.20,1.53,-0.31
38.380,0,Wall_3mx20cm_Wood_Panels (2),4.20,1.54,-0.31
38.411,0,Wall_3mx20cm_Wood_Panels (2),4.22,1.53,-0.31
38.436,0,Wall_3mx20cm_Wood_Panels (2),4.24,1.52,-0.31
38.478,0,Wall_3mx20cm_Wood_Panels (2),4.25,1.53,-0.31
38.505,0,Wall_3mx20cm_Wood_Panels (2),4.26,1.52,-0.31
38.546,0,Wall_3mx20cm_Wood_Panels (2),4.27,1.52,-0.31
38.573,0,Wall_3mx20cm_Wood_Panels (2),4.28,1.52,-0.31
38.602,0,Wall_3mx20cm_Wood_Panels (2),4.29,1.53,-0.31
38.643,0,Wall_3mx20cm_Wood_Panels (2),4.29,1.53,-0.31
38.670,0,Wall_3mx20cm_Wood_Panels (2),4.29,1.53,-0.31
38.711,0,Wall_3mx20cm_Wood_Panels (2),4.30,1.51,-0.31
38.739,0,Wall_3mx20cm_Wood_Panels (2),4.32,1.52,-0.31
38.781,0,Wall_3mx20cm_Wood_Panels (2),4.32,1.49,-0.31
38.810,0,Wall_3mx20cm_Wood_Panels (2),4.31,1.48,-0.31
38.836,0,Wall_3mx20cm_Wood_Panels (2),4.30,1.48,-0.31
38.878,0,Wall_3mx20cm_Wood_Panels (2),4.27,1.49,-0.31
38.905,0,Wall_3mx20cm_Wood_Panels (2),4.25,1.52,-0.31
38.934,0,Wall_3mx20cm_Wood_Panels (2),4.23,1.55,-0.31
38.975,0,Wall_3mx20cm_Wood_Panels (2),4.19,1.56,-0.31
39.004,0,Wall_3mx20cm_Wood_Panels (2),4.15,1.57,-0.31
39.045,0,Wall_3mx20cm_Wood_Panels (2),4.08,1.57,-0.31
39.073,0,Wall_3mx20cm_Wood_Panels (2),4.04,1.61,-0.31
39.101,0,Wall_3mx20cm_Wood_Panels (2),4.01,1.62,-0.31
39.142,0,Wall_3mx20cm_Wood_Panels (2),3.96,1.63,-0.31
39.168,0,Wall_3mx20cm_Wood_Panels (2),3.94,1.62,-0.31
39.212,0,Wall_3mx20cm_Wood_Panels (2),3.93,1.61,-0.31
39.239,0,Wall_3mx20cm_Wood_Panels (2),3.91,1.61,-0.31
39.267,0,Wall_3mx20cm_Wood_Panels (2),3.91,1.60,-0.31
39.307,0,Wall_3mx20cm_Wood_Panels (2),3.93,1.58,-0.31
39.336,0,Wall_3mx20cm_Wood_Panels (2),3.93,1.59,-0.31
39.376,0,Wall_3mx20cm_Wood_Panels (2),3.95,1.55,-0.31
39.404,0,Wall_3mx20cm_Wood_Panels (2),3.96,1.52,-0.31
39.433,0,Wall_3mx20cm_Wood_Panels (2),3.93,1.48,-0.31
39.475,0,Wall_3mx20cm_Wood_Panels (2),3.89,1.46,-0.31
39.501,0,Wall_3mx20cm_Wood_Panels (2),3.86,1.50,-0.31
39.544,0,Wall_3mx20cm_Wood_Panels (2),3.87,1.51,-0.31
39.572,0,Wall_3mx20cm_Wood_Panels (2),3.88,1.52,-0.31
39.613,0,Wall_3mx20cm_Wood_Panels (2),3.88,1.53,-0.31
39.642,0,Wall_3mx20cm_Wood_Panels (2),3.91,1.54,-0.31
39.667,0,Wall_3mx20cm_Wood_Panels (2),3.93,1.53,-0.31
39.710,0,Wall_3mx20cm_Wood_Panels (2),3.95,1.51,-0.31
39.737,0,Wall_3mx20cm_Wood_Panels (2),3.96,1.49,-0.31
39.780,0,Wall_3mx20cm_Wood_Panels (2),3.97,1.46,-0.31
39.807,0,Wall_3mx20cm_Wood_Panels (2),3.97,1.45,-0.31
39.836,0,Wall_3mx20cm_Wood_Panels (2),3.97,1.45,-0.31
39.878,0,Wall_3mx20cm_Wood_Panels (2),4.00,1.44,-0.31
39.906,0,Wall_3mx20cm_Wood_Panels (2),4.03,1.43,-0.31
39.934,0,Wall_3mx20cm_Wood_Panels (2),4.06,1.43,-0.31
39.976,0,Wall_3mx20cm_Wood_Panels (2),4.10,1.45,-0.31
40.003,0,Wall_3mx20cm_Wood_Panels (2),4.12,1.44,-0.31
40.045,0,Wall_3mx20cm_Wood_Panels (2),4.15,1.44,-0.31
40.074,0,Wall_3mx20cm_Wood_Panels (2),4.17,1.43,-0.31
40.101,0,Wall_3mx20cm_Wood_Panels (2),4.19,1.43,-0.31
40.143,0,Wall_3mx20cm_Wood_Panels (2),4.21,1.43,-0.31
40.171,0,Wall_3mx20cm_Wood_Panels (2),4.22,1.43,-0.31
40.213,0,Wall_3mx20cm_Wood_Panels (2),4.23,1.42,-0.31
40.241,0,Wall_3mx20cm_Wood_Panels (2),4.24,1.41,-0.31
40.272,0,Wall_3mx20cm_Wood_Panels (2),4.25,1.41,-0.31
40.311,0,Wall_3mx20cm_Wood_Panels (2),4.27,1.40,-0.31
40.340,0,Wall_3mx20cm_Wood_Panels (2),4.28,1.40,-0.31
40.367,0,Wall_3mx20cm_Wood_Panels (2),4.30,1.39,-0.31
40.409,0,Wall_3mx20cm_Wood_Panels (2),4.32,1.37,-0.31
40.438,0,Wall_3mx20cm_Wood_Panels (2),4.34,1.35,-0.31
40.481,0,Wall_3mx20cm_Wood_Panels (2),4.37,1.32,-0.31
40.507,0,Wall_3mx20cm_Wood_Panels (2),4.39,1.30,-0.31
40.535,0,Wall_3mx20cm_Wood_Panels (3),4.42,1.28,-0.31
40.576,0,Wall_3mx20cm_Wood_Panels (3),4.48,1.27,-0.31
40.604,0,Wall_3mx20cm_Wood_Panels (3),4.50,1.23,-0.31
40.646,0,Wall_3mx20cm_Wood_Panels (3),4.55,1.20,-0.31
40.676,0,Wall_3mx20cm_Wood_Panels (3),4.57,1.18,-0.31
40.701,0,Wall_3mx20cm_Wood_Panels (3),4.58,1.16,-0.31
40.744,0,Wall_3mx20cm_Wood_Panels (3),4.60,1.14,-0.31
40.771,0,Wall_3mx20cm_Wood_Panels (3),4.60,1.11,-0.31
40.813,0,Wall_3mx20cm_Wood_Panels (3),4.59,1.09,-0.31
40.842,0,Wall_3mx20cm_Wood_Panels (3),4.59,1.11,-0.31
40.869,0,Wall_3mx20cm_Wood_Panels (3),4.58,1.12,-0.31
40.911,0,Wall_3mx20cm_Wood_Panels (3),4.59,1.15,-0.31
40.938,0,Wall_3mx20cm_Wood_Panels (3),4.57,1.14,-0.31
40.967,0,Wall_3mx20cm_Wood_Panels (3),4.53,1.13,-0.31
41.009,0,Wall_3mx20cm_Wood_Panels (3),4.48,1.15,-0.31
41.036,0,Wall_3mx20cm_Wood_Panels (3),4.45,1.17,-0.31
41.078,0,Wall_3mx20cm_Wood_Panels (3),4.44,1.20,-0.31
41.107,0,Wall_3mx20cm_Wood_Panels (3),4.44,1.20,-0.31
41.134,0,Wall_3mx20cm_Wood_Panels (3),4.44,1.18,-0.31
41.176,0,Wall_3mx20cm_Wood_Panels (3),4.44,1.17,-0.31
41.204,0,Wall_3mx20cm_Wood_Panels (3),4.44,1.16,-0.31
41.245,0,Wall_3mx20cm_Wood_Panels (3),4.45,1.14,-0.31
41.273,0,Wall_3mx20cm_Wood_Panels (3),4.47,1.13,-0.31
41.301,0,Wall_3mx20cm_Wood_Panels (3),4.48,1.13,-0.31
41.344,0,Wall_3mx20cm_Wood_Panels (3),4.51,1.13,-0.31
41.371,0,Wall_3mx20cm_Wood_Panels (3),4.52,1.12,-0.31
41.413,0,Wall_3mx20cm_Wood_Panels (3),4.53,1.12,-0.31
41.441,0,Wall_3mx20cm_Wood_Panels (3),4.52,1.12,-0.31
41.469,0,Wall_3mx20cm_Wood_Panels (3),4.52,1.13,-0.31
41.511,0,Wall_3mx20cm_Wood_Panels (3),4.50,1.14,-0.31
41.539,0,Wall_3mx20cm_Wood_Panels (3),4.49,1.15,-0.31
41.567,0,Wall_3mx20cm_Wood_Panels (3),4.48,1.15,-0.31
41.609,0,Wall_3mx20cm_Wood_Panels (3),4.48,1.16,-0.31
41.637,0,Wall_3mx20cm_Wood_Panels (3),4.48,1.15,-0.31
41.679,0,Wall_3mx20cm_Wood_Panels (3),4.50,1.13,-0.31
41.706,0,Wall_3mx20cm_Wood_Panels (3),4.52,1.12,-0.31
41.736,0,Wall_3mx20cm_Wood_Panels (3),4.53,1.11,-0.31
41.776,0,Wall_3mx20cm_Wood_Panels (3),4.55,1.09,-0.31
41.803,0,Wall_3mx20cm_Wood_Panels (3),4.55,1.09,-0.31
41.844,0,Wall_3mx20cm_Wood_Panels (3),4.55,1.10,-0.31
41.872,0,Wall_3mx20cm_Wood_Panels (3),4.55,1.11,-0.31
41.914,0,Wall_3mx20cm_Wood_Panels (3),4.54,1.11,-0.31
41.945,0,Wall_3mx20cm_Wood_Panels (3),4.54,1.13,-0.31
41.974,0,Wall_3mx20cm_Wood_Panels (3),4.54,1.14,-0.31
42.002,0,Wall_3mx20cm_Wood_Panels (3),4.53,1.15,-0.31
42.045,0,Wall_3mx20cm_Wood_Panels (3),4.52,1.16,-0.31
42.074,0,Wall_3mx20cm_Wood_Panels (3),4.52,1.16,-0.31
42.102,0,Wall_3mx20cm_Wood_Panels (3),4.51,1.15,-0.31
42.144,0,Wall_3mx20cm_Wood_Panels (3),4.50,1.16,-0.31
42.169,0,Wall_3mx20cm_Wood_Panels (3),4.51,1.17,-0.31
42.210,0,Wall_3mx20cm_Wood_Panels (3),4.50,1.17,-0.31
42.237,0,Wall_3mx20cm_Wood_Panels (3),4.50,1.17,-0.31
42.278,0,Wall_3mx20cm_Wood_Panels (3),4.49,1.18,-0.31
42.305,0,Wall_3mx20cm_Wood_Panels (3),4.48,1.19,-0.31
42.333,0,Wall_3mx20cm_Wood_Panels (3),4.48,1.19,-0.31
42.374,0,Wall_3mx20cm_Wood_Panels (3),4.47,1.22,-0.31
42.400,0,Wall_3mx20cm_Wood_Panels (3),4.47,1.21,-0.31
42.441,0,Wall_3mx20cm_Wood_Panels (3),4.47,1.20,-0.31
42.468,0,Wall_3mx20cm_Wood_Panels (3),4.47,1.19,-0.31
42.508,0,Wall_3mx20cm_Wood_Panels (3),4.47,1.19,-0.31
42.535,0,Wall_3mx20cm_Wood_Panels (3),4.47,1.19,-0.31
42.580,0,Wall_3mx20cm_Wood_Panels (3),4.46,1.22,-0.31
42.605,0,Wall_3mx20cm_Wood_Panels (3),4.46,1.22,-0.31
42.634,0,Wall_3mx20cm_Wood_Panels (3),4.46,1.22,-0.31
42.677,0,Wall_3mx20cm_Wood_Panels (3),4.46,1.23,-0.31
42.704,0,Wall_3mx20cm_Wood_Panels (3),4.46,1.23,-0.31
42.746,0,Wall_3mx20cm_Wood_Panels (3),4.46,1.22,-0.31
42.773,0,Wall_3mx20cm_Wood_Panels (3),4.46,1.22,-0.31
42.801,0,Wall_3mx20cm_Wood_Panels (3),4.46,1.22,-0.31
42.843,0,Wall_3mx20cm_Wood_Panels (3),4.45,1.21,-0.31
42.872,0,Wall_3mx20cm_Wood_Panels (3),4.45,1.21,-0.31
42.901,0,Wall_3mx20cm_Wood_Panels (3),4.45,1.21,-0.31
42.942,0,Wall_3mx20cm_Wood_Panels (3),4.46,1.21,-0.31
42.970,0,Wall_3mx20cm_Wood_Panels (3),4.46,1.21,-0.31
43.012,0,Wall_3mx20cm_Wood_Panels (3),4.45,1.22,-0.31
43.041,0,Wall_3mx20cm_Wood_Panels (3),4.44,1.23,-0.31
43.069,0,Wall_3mx20cm_Wood_Panels (3),4.44,1.24,-0.31
43.107,0,Wall_3mx20cm_Wood_Panels (3),4.44,1.24,-0.31
43.134,0,Wall_3mx20cm_Wood_Panels (3),4.43,1.24,-0.31
43.176,0,Wall_3mx20cm_Wood_Panels (3),4.42,1.23,-0.31
43.206,0,Wall_3mx20cm_Wood_Panels (3),4.41,1.23,-0.31
43.246,0,Wall_3mx20cm_Wood_Panels (2),4.41,1.23,-0.31
43.274,0,Wall_3mx20cm_Wood_Panels (2),4.41,1.23,-0.31
43.303,0,Wall_3mx20cm_Wood_Panels (2),4.41,1.23,-0.31
43.344,0,Wall_3mx20cm_Wood_Panels (3),4.42,1.21,-0.31
43.371,0,Wall_3mx20cm_Wood_Panels (3),4.44,1.20,-0.31
43.413,0,Wall_3mx20cm_Wood_Panels (3),4.46,1.18,-0.31
43.438,0,Wall_3mx20cm_Wood_Panels (3),4.47,1.16,-0.31
43.480,0,Wall_3mx20cm_Wood_Panels (3),4.48,1.17,-0.31
43.508,0,Wall_3mx20cm_Wood_Panels (3),4.49,1.17,-0.31
43.537,0,Wall_3mx20cm_Wood_Panels (3),4.49,1.17,-0.31
43.580,0,Wall_3mx20cm_Wood_Panels (3),4.50,1.18,-0.31
43.609,0,Wall_3mx20cm_Wood_Panels (3),4.50,1.18,-0.31
43.637,0,Wall_3mx20cm_Wood_Panels (3),4.50,1.18,-0.31
43.678,0,Wall_3mx20cm_Wood_Panels (3),4.48,1.19,-0.31
43.706,0,Wall_3mx20cm_Wood_Panels (3),4.47,1.21,-0.31
43.735,0,Wall_3mx20cm_Wood_Panels (3),4.47,1.22,-0.31
43.777,0,Wall_3mx20cm_Wood_Panels (3),4.46,1.24,-0.31
43.805,0,Wall_3mx20cm_Wood_Panels (3),4.45,1.24,-0.31
43.835,0,Wall_3mx20cm_Wood_Panels (3),4.45,1.24,-0.31
43.875,0,Wall_3mx20cm_Wood_Panels (3),4.44,1.25,-0.31
43.903,0,Wall_3mx20cm_Wood_Panels (3),4.43,1.25,-0.31
43.946,0,Wall_3mx20cm_Wood_Panels (3),4.42,1.26,-0.31
43.973,0,Wall_3mx20cm_Wood_Panels (3),4.41,1.27,-0.31
44.001,0,Wall_3mx20cm_Wood_Panels (2),4.41,1.27,-0.31
44.045,0,Wall_3mx20cm_Wood_Panels (2),4.41,1.27,-0.31
44.071,0,Wall_3mx20cm_Wood_Panels (2),4.40,1.27,-0.31
44.113,0,Wall_3mx20cm_Wood_Panels (2),4.39,1.28,-0.31
44.141,0,Wall_3mx20cm_Wood_Panels (2),4.38,1.29,-0.31
44.169,0,Wall_3mx20cm_Wood_Panels (2),4.38,1.30,-0.31
44.211,0,Wall_3mx20cm_Wood_Panels (2),4.37,1.32,-0.31
44.239,0,Wall_3mx20cm_Wood_Panels (2),4.37,1.32,-0.31
44.267,0,Wall_3mx20cm_Wood_Panels (2),4.38,1.32,-0.31
44.309,0,Wall_3mx20cm_Wood_Panels (2),4.39,1.32,-0.31
44.337,0,Wall_3mx20cm_Wood_Panels (2),4.40,1.32,-0.31
44.378,0,Wall_3mx20cm_Wood_Panels (2),4.40,1.32,-0.31
44.406,0,Wall_3mx20cm_Wood_Panels (2),4.40,1.32,-0.31
44.434,0,Wall_3mx20cm_Wood_Panels (2),4.40,1.31,-0.31
44.475,0,Wall_3mx20cm_Wood_Panels (2),4.40,1.31,-0.31
44.504,0,Wall_3mx20cm_Wood_Panels (2),4.41,1.31,-0.31
44.545,0,Wall_3mx20cm_Wood_Panels (3),4.41,1.30,-0.31
44.572,0,Wall_3mx20cm_Wood_Panels (3),4.42,1.30,-0.31
44.600,0,Wall_3mx20cm_Wood_Panels (3),4.42,1.29,-0.31
44.642,0,Wall_3mx20cm_Wood_Panels (3),4.41,1.29,-0.31
44.671,0,Wall_3mx20cm_Wood_Panels (2),4.41,1.29,-0.31
44.712,0,Wall_3mx20cm_Wood_Panels (2),4.40,1.29,-0.31
44.740,0,Wall_3mx20cm_Wood_Panels (2),4.40,1.29,-0.31
44.779,0,Wall_3mx20cm_Wood_Panels (2),4.39,1.30,-0.31
44.806,0,Wall_3mx20cm_Wood_Panels (2),4.39,1.30,-0.31
44.833,0,Wall_3mx20cm_Wood_Panels (2),4.39,1.30,-0.31
44.875,0,Wall_3mx20cm_Wood_Panels (2),4.38,1.30,-0.31
44.901,0,Wall_3mx20cm_Wood_Panels (2),4.38,1.31,-0.31
44.943,0,Wall_3mx20cm_Wood_Panels (2),4.39,1.32,-0.31
44.970,0,Wall_3mx20cm_Wood_Panels (2),4.39,1.32,-0.31
45.013,0,Wall_3mx20cm_Wood_Panels (2),4.38,1.33,-0.31
45.042,0,Wall_3mx20cm_Wood_Panels (2),4.37,1.33,-0.31
45.071,0,Wall_3mx20cm_Wood_Panels (2),4.37,1.34,-0.31
45.113,0,Wall_3mx20cm_Wood_Panels (2),4.35,1.34,-0.31
45.140,0,Wall_3mx20cm_Wood_Panels (2),4.35,1.34,-0.31
45.167,0,Wall_3mx20cm_Wood_Panels (2),4.35,1.33,-0.31
45.210,0,Wall_3mx20cm_Wood_Panels (2),4.35,1.33,-0.31
45.238,0,Wall_3mx20cm_Wood_Panels (2),4.36,1.32,-0.31
45.279,0,Wall_3mx20cm_Wood_Panels (2),4.36,1.31,-0.31
45.307,0,Wall_3mx20cm_Wood_Panels (2),4.36,1.31,-0.31
45.335,0,Wall_3mx20cm_Wood_Panels (2),4.37,1.30,-0.31
45.377,0,Wall_3mx20cm_Wood_Panels (2),4.38,1.30,-0.31
45.405,0,Wall_3mx20cm_Wood_Panels (2),4.40,1.29,-0.31
45.446,0,Wall_3mx20cm_Wood_Panels (2),4.41,1.28,-0.31
45.475,0,Wall_3mx20cm_Wood_Panels (3),4.41,1.28,-0.31
45.504,0,Wall_3mx20cm_Wood_Panels (3),4.42,1.28,-0.31
45.544,0,Wall_3mx20cm_Wood_Panels (3),4.42,1.28,-0.31
45.572,0,Wall_3mx20cm_Wood_Panels (3),4.42,1.29,-0.31
45.613,0,Wall_3mx20cm_Wood_Panels (3),4.41,1.30,-0.31
45.641,0,Wall_3mx20cm_Wood_Panels (2),4.40,1.31,-0.31
45.671,0,Wall_3mx20cm_Wood_Panels (2),4.39,1.32,-0.31
45.712,0,Wall_3mx20cm_Wood_Panels (2),4.37,1.33,-0.31
45.739,0,Wall_3mx20cm_Wood_Panels (2),4.36,1.34,-0.31
45.767,0,Wall_3mx20cm_Wood_Panels (2),4.36,1.34,-0.31
45.808,0,Wall_3mx20cm_Wood_Panels (2),4.37,1.33,-0.31
45.837,0,Wall_3mx20cm_Wood_Panels (2),4.37,1.33,-0.31
45.878,0,Wall_3mx20cm_Wood_Panels (2),4.39,1.32,-0.31
45.906,0,Wall_3mx20cm_Wood_Panels (2),4.40,1.32,-0.31
45.934,0,Wall_3mx20cm_Wood_Panels (2),4.40,1.33,-0.31
45.976,0,Wall_3mx20cm_Wood_Panels (2),4.40,1.34,-0.31
46.004,0,Wall_3mx20cm_Wood_Panels (2),4.39,1.35,-0.31
46.046,0,Wall_3mx20cm_Wood_Panels (2),4.38,1.37,-0.31
46.074,0,Wall_3mx20cm_Wood_Panels (2),4.37,1.39,-0.31
46.102,0,Wall_3mx20cm_Wood_Panels (2),4.37,1.39,-0.31
46.144,0,Wall_3mx20cm_Wood_Panels (2),4.36,1.39,-0.31
46.172,0,Wall_3mx20cm_Wood_Panels (2),4.37,1.41,-0.31
46.200,0,Wall_3mx20cm_Wood_Panels (2),4.38,1.42,-0.31
46.243,0,Wall_3mx20cm_Wood_Panels (2),4.38,1.44,-0.31
46.271,0,Wall_3mx20cm_Wood_Panels (2),4.39,1.43,-0.31
46.313,0,Wall_3mx20cm_Wood_Panels (2),4.41,1.43,-0.31
46.342,0,Wall_3mx20cm_Wood_Panels (3),4.42,1.43,-0.31
46.368,0,Wall_3mx20cm_Wood_Panels (3),4.43,1.41,-0.31
46.410,0,Wall_3mx20cm_Wood_Panels (3),4.43,1.39,-0.31
46.438,0,Wall_3mx20cm_Wood_Panels (3),4.43,1.38,-0.31
46.480,0,Wall_3mx20cm_Wood_Panels (3),4.42,1.36,-0.31
46.508,0,Wall_3mx20cm_Wood_Panels (3),4.41,1.35,-0.31
46.535,0,Wall_3mx20cm_Wood_Panels (2),4.41,1.34,-0.31
46.577,0,Wall_3mx20cm_Wood_Panels (3),4.42,1.31,-0.31
46.606,0,Wall_3mx20cm_Wood_Panels (3),4.44,1.30,-0.31
46.634,0,Wall_3mx20cm_Wood_Panels (3),4.46,1.29,-0.31
46.675,0,Wall_3mx20cm_Wood_Panels (3),4.48,1.27,-0.31
46.703,0,Wall_3mx20cm_Wood_Panels (3),4.48,1.25,-0.31
46.746,0,Wall_3mx20cm_Wood_Panels (3),4.49,1.22,-0.31
46.772,0,Wall_3mx20cm_Wood_Panels (3),4.49,1.21,-0.31
46.801,0,Wall_3mx20cm_Wood_Panels (3),4.49,1.20,-0.31
46.842,0,Wall_3mx20cm_Wood_Panels (3),4.48,1.19,-0.31
46.870,0,Wall_3mx20cm_Wood_Panels (3),4.48,1.20,-0.31
46.912,0,Wall_3mx20cm_Wood_Panels (3),4.46,1.20,-0.31
46.940,0,Wall_3mx20cm_Wood_Panels (3),4.46,1.21,-0.31
46.969,0,Wall_3mx20cm_Wood_Panels (3),4.46,1.22,-0.31
47.010,0,Wall_3mx20cm_Wood_Panels (3),4.45,1.24,-0.31
47.038,0,Wall_3mx20cm_Wood_Panels (3),4.45,1.24,-0.31
47.080,0,Wall_3mx20cm_Wood_Panels (3),4.43,1.25,-0.31
47.108,0,Wall_3mx20cm_Wood_Panels (3),4.43,1.25,-0.31
47.135,0,Wall_3mx20cm_Wood_Panels (3),4.43,1.25,-0.31
47.178,0,Wall_3mx20cm_Wood_Panels (3),4.43,1.25,-0.31
47.205,0,Wall_3mx20cm_Wood_Panels (3),4.44,1.24,-0.31
47.233,0,Wall_3mx20cm_Wood_Panels (3),4.45,1.24,-0.31
47.276,0,Wall_3mx20cm_Wood_Panels (3),4.46,1.24,-0.31
47.303,0,Wall_3mx20cm_Wood_Panels (3),4.46,1.23,-0.31
47.345,0,Wall_3mx20cm_Wood_Panels (3),4.47,1.24,-0.31
47.373,0,Wall_3mx20cm_Wood_Panels (3),4.46,1.25,-0.31
47.400,0,Wall_3mx20cm_Wood_Panels (3),4.46,1.25,-0.31
47.441,0,Wall_3mx20cm_Wood_Panels (3),4.45,1.27,-0.31
47.468,0,Wall_3mx20cm_Wood_Panels (3),4.45,1.27,-0.31
47.510,0,Wall_3mx20cm_Wood_Panels (3),4.44,1.27,-0.31
47.537,0,Wall_3mx20cm_Wood_Panels (3),4.44,1.27,-0.31
47.577,0,Wall_3mx20cm_Wood_Panels (3),4.43,1.26,-0.31
47.605,0,Wall_3mx20cm_Wood_Panels (3),4.41,1.28,-0.31
47.646,0,Wall_3mx20cm_Wood_Panels (2),4.41,1.31,-0.31
47.673,0,Wall_3mx20cm_Wood_Panels (2),4.41,1.31,-0.31
47.701,0,Wall_3mx20cm_Wood_Panels (2),4.40,1.30,-0.31
47.744,0,Wall_3mx20cm_Wood_Panels (2),4.40,1.28,-0.31
47.772,0,Wall_3mx20cm_Wood_Panels (2),4.40,1.26,-0.31
47.802,0,Wall_3mx20cm_Wood_Panels (2),4.40,1.24,-0.31
47.841,0,Wall_3mx20cm_Wood_Panels (2),4.37,1.22,-0.31
47.867,0,Wall_3mx20cm_Wood_Panels (2),4.34,1.21,-0.31
47.910,0,Wall_3mx20cm_Wood_Panels (2),4.30,1.23,-0.31
47.939,0,Wall_3mx20cm_Wood_Panels (2),4.26,1.23,-0.31
47.967,0,Wall_3mx20cm_Wood_Panels (2),4.21,1.22,-0.31
48.009,0,Wall_3mx20cm_Wood_Panels (2),4.13,1.23,-0.31
48.036,0,Wall_3mx20cm_Wood_Panels (2),4.06,1.25,-0.31
48.078,0,Wall_3mx20cm_Wood_Panels (2),3.95,1.27,-0.31
48.106,0,Wall_3mx20cm_Wood_Panels (2),3.87,1.31,-0.31
48.135,0,Wall_3mx20cm_Wood_Panels (2),3.75,1.37,-0.31
48.177,0,Wall_3mx20cm_Wood_Panels (2),3.53,1.48,-0.31
48.205,0,Ceiling_log_3m (22),3.45,1.53,-0.34
48.233,0,Ceiling_log_3m (22),3.45,1.53,-0.41
48.274,0,Ceiling_log_3m (22),3.45,1.54,-0.49
48.302,0,Ceiling_log_3m (22),3.45,1.55,-0.53
48.343,0,Ceiling_log_3m (22),3.45,1.56,-0.55
48.371,0,Ceiling_log_3m (22),3.45,1.57,-0.55
48.400,0,Ceiling_log_3m (22),3.45,1.58,-0.54
48.442,0,Ceiling_log_3m (22),3.45,1.61,-0.51
48.469,0,Ceiling_log_3m (22),3.45,1.63,-0.48
48.510,0,Ceiling_log_3m (22),3.45,1.66,-0.44
48.537,0,Ceiling_log_3m (22),3.45,1.67,-0.42
48.580,0,Ceiling_log_3m (22),3.45,1.67,-0.38
48.608,0,Ceiling_log_3m (22),3.45,1.67,-0.38
48.637,0,Ceiling_log_3m (22),3.45,1.68,-0.38
48.678,0,Ceiling_log_3m (22),3.45,1.67,-0.39
48.706,0,Ceiling_log_3m (22),3.45,1.65,-0.42
48.733,0,Ceiling_log_3m (22),3.45,1.64,-0.44
48.777,0,Ceiling_log_3m (22),3.45,1.68,-0.44
48.804,0,Ceiling_log_3m (22),3.45,1.67,-0.44
48.847,0,Ceiling_3x3m (9),3.47,1.70,-0.42
48.874,0,Ceiling_log_3m (22),3.45,1.69,-0.40
48.901,0,Ceiling_log_3m (22),3.45,1.69,-0.38
48.943,0,Ceiling_log_3m (22),3.45,1.67,-0.37
48.972,0,Ceiling_log_3m (22),3.45,1.65,-0.38
49.014,0,Ceiling_log_3m (22),3.45,1.66,-0.38
49.041,0,Ceiling_log_3m (22),3.45,1.65,-0.39
49.069,0,Ceiling_log_3m (22),3.45,1.66,-0.38
49.111,0,Ceiling_log_3m (22),3.45,1.68,-0.36
49.140,0,Ceiling_log_3m (22),3.45,1.68,-0.34
49.167,0,Ceiling_log_3m (22),3.45,1.67,-0.32
49.207,0,Wall_3mx20cm_Wood_Panels (2),3.46,1.66,-0.31
49.234,0,Wall_3mx20cm_Wood_Panels (2),3.48,1.63,-0.31
49.274,0,Wall_3mx20cm_Wood_Panels (2),3.46,1.61,-0.31
49.300,0,Ceiling_log_3m (22),3.45,1.63,-0.31
49.342,0,Wall_3mx20cm_Wood_Panels (2),3.46,1.64,-0.31
49.370,0,Wall_3mx20cm_Wood_Panels (2),3.47,1.63,-0.31
49.401,0,Wall_3mx20cm_Wood_Panels (2),3.49,1.62,-0.31
49.443,0,Wall_3mx20cm_Wood_Panels (2),3.51,1.62,-0.31
49.472,0,Wall_3mx20cm_Wood_Panels (2),3.53,1.62,-0.31
49.513,0,Wall_3mx20cm_Wood_Panels (2),3.55,1.61,-0.31
49.541,0,Wall_3mx20cm_Wood_Panels (2),3.56,1.61,-0.31
49.569,0,Wall_3mx20cm_Wood_Panels (2),3.57,1.61,-0.31
49.611,0,Wall_3mx20cm_Wood_Panels (2),3.57,1.60,-0.31
49.639,0,Wall_3mx20cm_Wood_Panels (2),3.57,1.59,-0.31
49.667,0,Wall_3mx20cm_Wood_Panels (2),3.58,1.61,-0.31
49.710,0,Wall_3mx20cm_Wood_Panels (2),3.60,1.61,-0.31
49.737,0,Wall_3mx20cm_Wood_Panels (2),3.62,1.58,-0.31
49.779,0,Wall_3mx20cm_Wood_Panels (2),3.66,1.59,-0.31
49.807,0,Wall_3mx20cm_Wood_Panels (2),3.69,1.60,-0.31
49.835,0,Wall_3mx20cm_Wood_Panels (2),3.70,1.60,-0.31
49.877,0,Wall_3mx20cm_Wood_Panels (2),3.70,1.61,-0.31
49.905,0,Wall_3mx20cm_Wood_Panels (2),3.69,1.61,-0.31
49.947,0,Wall_3mx20cm_Wood_Panels (2),3.66,1.61,-0.31
49.975,0,Wall_3mx20cm_Wood_Panels (2),3.63,1.65,-0.31
50.002,0,Wall_3mx20cm_Wood_Panels (2),3.61,1.68,-0.31
50.044,0,Wall_3mx20cm_Wood_Panels (2),3.57,1.68,-0.31
50.072,0,Wall_3mx20cm_Wood_Panels (2),3.55,1.68,-0.31
50.101,0,Wall_3mx20cm_Wood_Panels (2),3.53,1.69,-0.31
50.142,0,Wall_3mx20cm_Wood_Panels (2),3.51,1.69,-0.31
50.170,0,Ceiling_3x3m (9),3.51,1.70,-0.32
50.211,0,Ceiling_3x3m (9),3.50,1.70,-0.31
50.239,0,Wall_3mx20cm_Wood_Panels (2),3.50,1.70,-0.31
50.267,0,Ceiling_3x3m (9),3.52,1.70,-0.31
50.310,0,Ceiling_3x3m (9),3.55,1.70,-0.31
50.337,0,Ceiling_3x3m (9),3.55,1.70,-0.31
50.380,0,Ceiling_3x3m (9),3.58,1.70,-0.33
50.408,0,Ceiling_3x3m (9),3.59,1.70,-0.34
50.434,0,Ceiling_3x3m (9),3.62,1.70,-0.36
50.477,0,Ceiling_3x3m (9),3.66,1.70,-0.38
50.505,0,Ceiling_3x3m (9),3.64,1.70,-0.38
50.545,0,Ceiling_3x3m (9),3.58,1.70,-0.35
50.573,0,Ceiling_3x3m (9),3.56,1.70,-0.34
50.600,0,Ceiling_3x3m (9),3.57,1.70,-0.34
50.755,0,Ceiling_3x3m (9),3.54,1.70,-0.35
50.755,0,Ceiling_3x3m (9),3.54,1.70,-0.35
50.755,0,Ceiling_3x3m (9),3.54,1.70,-0.35
50.755,0,Ceiling_3x3m (9),3.54,1.70,-0.35
50.780,0,Ceiling_3x3m (9),3.55,1.70,-0.36
50.808,0,Ceiling_3x3m (9),3.60,1.70,-0.39
50.836,0,Ceiling_3x3m (9),3.61,1.70,-0.39
50.876,0,Ceiling_3x3m (9),3.62,1.70,-0.39
50.905,0,Ceiling_3x3m (9),3.63,1.70,-0.38
50.934,0,Ceiling_3x3m (9),3.61,1.70,-0.36
50.975,0,Ceiling_3x3m (9),3.61,1.70,-0.35
51.000,0,Ceiling_3x3m (9),3.61,1.70,-0.34
51.042,0,Ceiling_3x3m (9),3.58,1.70,-0.32
51.070,0,Ceiling_3x3m (9),3.58,1.70,-0.32
51.112,0,Ceiling_3x3m (9),3.59,1.70,-0.32
51.141,0,Ceiling_3x3m (9),3.59,1.70,-0.32
51.169,0,Ceiling_3x3m (9),3.60,1.70,-0.31
51.211,0,Wall_3mx20cm_Wood_Panels (2),3.61,1.69,-0.31
51.241,0,Ceiling_3x3m (9),3.61,1.70,-0.31
51.282,0,Wall_3mx20cm_Wood_Panels (2),3.61,1.69,-0.31
51.311,0,Wall_3mx20cm_Wood_Panels (2),3.61,1.69,-0.31
51.349,0,Wall_3mx20cm_Wood_Panels (2),3.62,1.69,-0.31
51.378,0,Wall_3mx20cm_Wood_Panels (2),3.64,1.68,-0.31
51.418,0,Wall_3mx20cm_Wood_Panels (2),3.66,1.66,-0.31
51.446,0,Wall_3mx20cm_Wood_Panels (2),3.69,1.64,-0.31
51.474,0,Wall_3mx20cm_Wood_Panels (2),3.70,1.64,-0.31
51.503,0,Wall_3mx20cm_Wood_Panels (2),3.72,1.63,-0.31
51.546,0,Wall_3mx20cm_Wood_Panels (2),3.74,1.64,-0.31
51.572,0,Wall_3mx20cm_Wood_Panels (2),3.75,1.64,-0.31
51.616,0,Wall_3mx20cm_Wood_Panels (2),3.78,1.64,-0.31
51.642,0,Wall_3mx20cm_Wood_Panels (2),3.80,1.64,-0.31
51.764,0,Wall_3mx20cm_Wood_Panels (2),3.83,1.60,-0.31
51.764,0,Wall_3mx20cm_Wood_Panels (2),3.83,1.60,-0.31
51.764,0,Wall_3mx20cm_Wood_Panels (2),3.83,1.60,-0.31
51.785,0,Wall_3mx20cm_Wood_Panels (2),3.84,1.58,-0.31
51.832,0,Wall_3mx20cm_Wood_Panels (2),3.88,1.57,-0.31
51.851,0,Wall_3mx20cm_Wood_Panels (2),3.90,1.56,-0.31
51.873,0,Wall_3mx20cm_Wood_Panels (2),3.92,1.56,-0.31
51.900,0,Wall_3mx20cm_Wood_Panels (2),3.92,1.55,-0.31
51.975,0,Wall_3mx20cm_Wood_Panels (2),3.94,1.54,-0.31
51.975,0,Wall_3mx20cm_Wood_Panels (2),3.94,1.54,-0.31
52.093,0,Wall_3mx20cm_Wood_Panels (2),4.00,1.52,-0.31
52.093,0,Wall_3mx20cm_Wood_Panels (2),4.00,1.52,-0.31
52.093,0,Wall_3mx20cm_Wood_Panels (2),4.00,1.52,-0.31
52.123,0,Wall_3mx20cm_Wood_Panels (2),4.02,1.51,-0.31
52.167,0,Wall_3mx20cm_Wood_Panels (2),4.06,1.49,-0.31
52.167,0,Wall_3mx20cm_Wood_Panels (2),4.06,1.49,-0.31
52.200,0,Wall_3mx20cm_Wood_Panels (2),4.09,1.48,-0.31
52.242,0,Wall_3mx20cm_Wood_Panels (2),4.09,1.48,-0.31
52.272,0,Wall_3mx20cm_Wood_Panels (2),4.10,1.51,-0.31
52.316,0,Wall_3mx20cm_Wood_Panels (2),4.10,1.53,-0.31
52.340,0,Wall_3mx20cm_Wood_Panels (2),4.10,1.52,-0.31
52.381,0,Wall_3mx20cm_Wood_Panels (2),4.11,1.52,-0.31
52.424,0,Wall_3mx20cm_Wood_Panels (2),4.14,1.54,-0.31
52.438,0,Wall_3mx20cm_Wood_Panels (2),4.15,1.55,-0.31
52.477,0,Wall_3mx20cm_Wood_Panels (2),4.17,1.56,-0.31
52.507,0,Wall_3mx20cm_Wood_Panels (2),4.19,1.56,-0.31
52.537,0,Wall_3mx20cm_Wood_Panels (2),4.21,1.53,-0.31
52.576,0,Wall_3mx20cm_Wood_Panels (2),4.21,1.48,-0.31
52.606,0,Wall_3mx20cm_Wood_Panels (2),4.22,1.46,-0.31
52.714,0,Wall_3mx20cm_Wood_Panels (2),4.23,1.46,-0.31
52.714,0,Wall_3mx20cm_Wood_Panels (2),4.23,1.46,-0.31
52.714,0,Wall_3mx20cm_Wood_Panels (2),4.23,1.46,-0.31
52.745,0,Wall_3mx20cm_Wood_Panels (2),4.24,1.43,-0.31
52.772,0,Wall_3mx20cm_Wood_Panels (2),4.25,1.44,-0.31
52.815,0,Wall_3mx20cm_Wood_Panels (2),4.26,1.40,-0.31
52.842,0,Wall_3mx20cm_Wood_Panels (2),4.28,1.39,-0.31
52.870,0,Wall_3mx20cm_Wood_Panels (2),4.27,1.39,-0.31
52.913,0,Wall_3mx20cm_Wood_Panels (2),4.30,1.46,-0.31
52.939,0,Wall_3mx20cm_Wood_Panels (2),4.31,1.46,-0.31
52.968,0,Wall_3mx20cm_Wood_Panels (2),4.31,1.46,-0.31
53.010,0,Wall_3mx20cm_Wood_Panels (2),4.33,1.43,-0.31
53.038,0,Wall_3mx20cm_Wood_Panels (2),4.34,1.41,-0.31
53.079,0,Wall_3mx20cm_Wood_Panels (2),4.34,1.39,-0.31
53.107,0,Wall_3mx20cm_Wood_Panels (2),4.34,1.38,-0.31
53.138,0,Wall_3mx20cm_Wood_Panels (2),4.33,1.38,-0.31
53.179,0,Wall_3mx20cm_Wood_Panels (2),4.33,1.35,-0.31
53.204,0,Wall_3mx20cm_Wood_Panels (2),4.33,1.35,-0.31
53.247,0,Wall_3mx20cm_Wood_Panels (2),4.32,1.34,-0.31
53.292,0,Wall_3mx20cm_Wood_Panels (2),4.32,1.34,-0.31
53.318,0,Wall_3mx20cm_Wood_Panels (2),4.31,1.35,-0.31
53.333,0,Wall_3mx20cm_Wood_Panels (2),4.31,1.36,-0.31
53.373,0,Wall_3mx20cm_Wood_Panels (2),4.30,1.39,-0.31
53.401,0,Wall_3mx20cm_Wood_Panels (2),4.30,1.42,-0.31
53.442,0,Wall_3mx20cm_Wood_Panels (2),4.31,1.42,-0.31
53.467,0,Wall_3mx20cm_Wood_Panels (2),4.31,1.42,-0.31
53.508,0,Wall_3mx20cm_Wood_Panels (2),4.34,1.42,-0.31
53.540,0,Wall_3mx20cm_Wood_Panels (2),4.34,1.42,-0.31
53.570,0,Wall_3mx20cm_Wood_Panels (2),4.34,1.41,-0.31
53.623,0,Wall_3mx20cm_Wood_Panels (2),4.34,1.38,-0.31
53.651,0,Wall_3mx20cm_Wood_Panels (2),4.33,1.36,-0.31
53.679,0,Wall_3mx20cm_Wood_Panels (2),4.33,1.36,-0.31
53.814,0,Wall_3mx20cm_Wood_Panels (2),4.32,1.36,-0.31
53.814,0,Wall_3mx20cm_Wood_Panels (2),4.32,1.36,-0.31
53.814,0,Wall_3mx20cm_Wood_Panels (2),4.32,1.36,-0.31
53.814,0,Wall_3mx20cm_Wood_Panels (2),4.32,1.36,-0.31
53.840,0,Wall_3mx20cm_Wood_Panels (2),4.32,1.37,-0.31
53.871,0,Wall_3mx20cm_Wood_Panels (2),4.35,1.37,-0.31
53.901,0,Wall_3mx20cm_Wood_Panels (2),4.39,1.40,-0.31
53.956,0,Wall_3mx20cm_Wood_Panels (3),4.42,1.40,-0.31
53.983,0,Wall_3mx20cm_Wood_Panels (3),4.43,1.39,-0.31
54.089,0,Wall_3mx20cm_Wood_Panels (3),4.43,1.36,-0.31
54.089,0,Wall_3mx20cm_Wood_Panels (3),4.43,1.36,-0.31
54.089,0,Wall_3mx20cm_Wood_Panels (3),4.43,1.36,-0.31
54.111,0,Wall_3mx20cm_Wood_Panels (3),4.43,1.35,-0.31
54.138,0,Wall_3mx20cm_Wood_Panels (2),4.41,1.35,-0.31
54.194,0,Wall_3mx20cm_Wood_Panels (2),4.37,1.36,-0.31
54.221,0,Wall_3mx20cm_Wood_Panels (2),4.34,1.33,-0.31
54.251,0,Wall_3mx20cm_Wood_Panels (2),4.33,1.32,-0.31
54.278,0,Wall_3mx20cm_Wood_Panels (2),4.33,1.30,-0.31
54.306,0,Wall_3mx20cm_Wood_Panels (2),4.32,1.29,-0.31
54.337,0,Wall_3mx20cm_Wood_Panels (2),4.31,1.31,-0.31
54.387,0,Wall_3mx20cm_Wood_Panels (2),4.28,1.34,-0.31
54.403,0,Wall_3mx20cm_Wood_Panels (2),4.28,1.34,-0.31
54.442,0,Wall_3mx20cm_Wood_Panels (2),4.27,1.34,-0.31
54.470,0,Wall_3mx20cm_Wood_Panels (2),4.28,1.34,-0.31
54.514,0,Wall_3mx20cm_Wood_Panels (2),4.30,1.32,-0.31
54.555,0,Wall_3mx20cm_Wood_Panels (2),4.31,1.31,-0.31
54.582,0,Wall_3mx20cm_Wood_Panels (2),4.31,1.31,-0.31
54.609,0,Wall_3mx20cm_Wood_Panels (2),4.31,1.32,-0.31
54.639,0,Wall_3mx20cm_Wood_Panels (2),4.31,1.32,-0.31
54.667,0,Wall_3mx20cm_Wood_Panels (2),4.31,1.33,-0.31
54.708,0,Wall_3mx20cm_Wood_Panels (2),4.29,1.38,-0.31
54.737,0,Wall_3mx20cm_Wood_Panels (2),4.27,1.39,-0.31
54.777,0,Wall_3mx20cm_Wood_Panels (2),4.25,1.43,-0.31
54.806,0,Wall_3mx20cm_Wood_Panels (2),4.24,1.45,-0.31
54.834,0,Wall_3mx20cm_Wood_Panels (2),4.23,1.47,-0.31
54.875,0,Wall_3mx20cm_Wood_Panels (2),4.27,1.49,-0.31
54.903,0,Wall_3mx20cm_Wood_Panels (2),4.29,1.47,-0.31
54.947,0,Wall_3mx20cm_Wood_Panels (2),4.30,1.42,-0.31
54.974,0,Wall_3mx20cm_Wood_Panels (2),4.32,1.39,-0.31
55.001,0,Wall_3mx20cm_Wood_Panels (2),4.32,1.37,-0.31
55.043,0,Wall_3mx20cm_Wood_Panels (2),4.32,1.37,-0.31
55.071,0,Wall_3mx20cm_Wood_Panels (2),4.30,1.39,-0.31
55.112,0,Wall_3mx20cm_Wood_Panels (2),4.29,1.40,-0.31
55.139,0,Wall_3mx20cm_Wood_Panels (2),4.28,1.41,-0.31
55.166,0,Wall_3mx20cm_Wood_Panels (2),4.28,1.43,-0.31
55.208,0,Wall_3mx20cm_Wood_Panels (2),4.28,1.44,-0.31
55.237,0,Wall_3mx20cm_Wood_Panels (2),4.28,1.42,-0.31
55.279,0,Wall_3mx20cm_Wood_Panels (2),4.29,1.41,-0.31
55.307,0,Wall_3mx20cm_Wood_Panels (2),4.29,1.42,-0.31
55.335,0,Wall_3mx20cm_Wood_Panels (2),4.29,1.42,-0.31
55.377,0,Wall_3mx20cm_Wood_Panels (2),4.29,1.43,-0.31
55.405,0,Wall_3mx20cm_Wood_Panels (2),4.29,1.43,-0.31
55.446,0,Wall_3mx20cm_Wood_Panels (2),4.30,1.42,-0.31
55.474,0,Wall_3mx20cm_Wood_Panels (2),4.32,1.40,-0.31
55.502,0,Wall_3mx20cm_Wood_Panels (2),4.33,1.38,-0.31
55.544,0,Wall_3mx20cm_Wood_Panels (2),4.36,1.36,-0.31
55.573,0,Wall_3mx20cm_Wood_Panels (2),4.38,1.36,-0.31
55.613,0,Wall_3mx20cm_Wood_Panels (2),4.39,1.34,-0.31
55.641,0,Wall_3mx20cm_Wood_Panels (2),4.39,1.35,-0.31
55.669,0,Wall_3mx20cm_Wood_Panels (2),4.38,1.35,-0.31
55.711,0,Wall_3mx20cm_Wood_Panels (2),4.37,1.35,-0.31
55.739,0,Wall_3mx20cm_Wood_Panels (2),4.37,1.39,-0.31
55.767,0,Wall_3mx20cm_Wood_Panels (2),4.35,1.40,-0.31
55.809,0,Wall_3mx20cm_Wood_Panels (2),4.34,1.43,-0.31
55.837,0,Wall_3mx20cm_Wood_Panels (2),4.33,1.46,-0.31
55.879,0,Wall_3mx20cm_Wood_Panels (2),4.32,1.50,-0.31
55.907,0,Wall_3mx20cm_Wood_Panels (2),4.31,1.53,-0.31
55.935,0,Ceiling_log_3m (23),4.35,1.50,-0.33
55.977,0,Ceiling_log_3m (23),4.38,1.50,-0.35
56.004,0,Ceiling_log_3m (23),4.40,1.50,-0.35
56.046,0,Ceiling_log_3m (23),4.41,1.50,-0.34
56.073,0,Ceiling_log_3m (23),4.40,1.50,-0.33
56.101,0,Ceiling_log_3m (23),4.39,1.50,-0.33
56.143,0,Ceiling_log_3m (23),4.38,1.50,-0.32
56.171,0,Ceiling_log_3m (23),4.39,1.50,-0.33
56.201,0,Ceiling_log_3m (23),4.40,1.50,-0.35
56.239,0,Ceiling_log_3m (23),4.42,1.50,-0.36
56.268,0,Ceiling_log_3m (23),4.45,1.50,-0.39
56.310,0,Ceiling_log_3m (23),4.45,1.52,-0.39
56.339,0,Ceiling_log_3m (23),4.45,1.53,-0.39
56.376,0,Ceiling_log_3m (23),4.45,1.57,-0.38
56.404,0,Ceiling_log_3m (23),4.45,1.58,-0.37
56.444,0,Ceiling_log_3m (23),4.45,1.61,-0.36
56.471,0,Ceiling_log_3m (23),4.45,1.61,-0.36
56.512,0,Ceiling_log_3m (23),4.45,1.56,-0.36
56.541,0,Ceiling_log_3m (23),4.45,1.60,-0.36
56.568,0,Ceiling_log_3m (23),4.45,1.64,-0.36
56.612,0,Ceiling_log_3m (23),4.45,1.59,-0.36
56.640,0,Ceiling_log_3m (23),4.45,1.58,-0.36
56.668,0,Ceiling_log_3m (23),4.45,1.56,-0.36
56.710,0,Ceiling_log_3m (23),4.45,1.55,-0.37
56.738,0,Ceiling_log_3m (23),4.45,1.55,-0.37
56.767,0,Ceiling_log_3m (23),4.45,1.56,-0.37
56.807,0,Ceiling_log_3m (23),4.45,1.56,-0.37
56.835,0,Ceiling_log_3m (23),4.45,1.55,-0.37
56.878,0,Ceiling_log_3m (23),4.45,1.53,-0.37
56.906,0,Ceiling_log_3m (23),4.45,1.52,-0.38
56.933,0,Ceiling_log_3m (23),4.45,1.50,-0.38
56.974,0,Ceiling_log_3m (23),4.42,1.50,-0.37
57.000,0,Ceiling_log_3m (23),4.41,1.50,-0.37
57.042,0,Ceiling_log_3m (23),4.39,1.50,-0.37
57.068,0,Ceiling_log_3m (23),4.39,1.50,-0.37
57.111,0,Ceiling_log_3m (23),4.37,1.50,-0.36
57.140,0,Ceiling_log_3m (23),4.37,1.50,-0.36
57.169,0,Ceiling_log_3m (23),4.38,1.50,-0.37
57.210,0,Ceiling_log_3m (23),4.41,1.50,-0.39
57.240,0,Ceiling_log_3m (23),4.41,1.50,-0.38
57.280,0,Ceiling_log_3m (23),4.39,1.50,-0.37
57.308,0,Ceiling_log_3m (23),4.39,1.50,-0.36
57.343,0,Ceiling_log_3m (23),4.42,1.50,-0.38
57.367,0,Ceiling_log_3m (23),4.42,1.50,-0.38
57.410,0,Ceiling_log_3m (23),4.44,1.50,-0.39
57.438,0,Ceiling_log_3m (23),4.43,1.50,-0.39
57.479,0,Ceiling_log_3m (23),4.44,1.50,-0.40
57.509,0,Ceiling_log_3m (23),4.44,1.50,-0.40
57.534,0,Ceiling_log_3m (23),4.45,1.50,-0.40
57.577,0,Ceiling_log_3m (23),4.45,1.50,-0.40
57.618,0,Ceiling_log_3m (23),4.42,1.50,-0.38
57.645,0,Ceiling_log_3m (23),4.41,1.50,-0.37
57.674,0,Ceiling_log_3m (23),4.41,1.50,-0.37
57.702,0,Ceiling_log_3m (23),4.40,1.50,-0.37
57.799,0,Ceiling_log_3m (23),4.40,1.50,-0.37
57.799,0,Ceiling_log_3m (23),4.40,1.50,-0.37
57.812,0,Ceiling_log_3m (23),4.42,1.50,-0.38
57.839,0,Ceiling_log_3m (23),4.43,1.50,-0.39
57.870,0,Ceiling_log_3m (23),4.44,1.50,-0.39
57.910,0,Ceiling_log_3m (23),4.45,1.50,-0.39
57.937,0,Ceiling_log_3m (23),4.45,1.52,-0.39
57.978,0,Ceiling_log_3m (23),4.45,1.53,-0.38
58.007,0,Ceiling_log_3m (23),4.45,1.55,-0.37
58.036,0,Ceiling_log_3m (23),4.45,1.56,-0.37
58.078,0,Ceiling_log_3m (23),4.45,1.52,-0.36
58.105,0,Ceiling_log_3m (23),4.45,1.51,-0.35
58.133,0,Ceiling_log_3m (23),4.41,1.50,-0.33
58.174,0,Wall_3mx20cm_Wood_Panels (2),4.38,1.47,-0.31
58.202,0,Wall_3mx20cm_Wood_Panels (2),4.39,1.48,-0.31
58.243,0,Wall_3mx20cm_Wood_Panels (2),4.40,1.47,-0.31
58.272,0,Wall_3mx20cm_Wood_Panels (2),4.41,1.46,-0.31
58.300,0,Wall_3mx20cm_Wood_Panels (2),4.41,1.46,-0.31
58.343,0,Wall_3mx20cm_Wood_Panels (3),4.42,1.45,-0.31
58.370,0,Wall_3mx20cm_Wood_Panels (3),4.42,1.44,-0.31
58.412,0,Wall_3mx20cm_Wood_Panels (3),4.42,1.42,-0.31
58.440,0,Wall_3mx20cm_Wood_Panels (3),4.42,1.41,-0.31
58.468,0,Wall_3mx20cm_Wood_Panels (3),4.42,1.46,-0.31
58.509,0,Wall_3mx20cm_Wood_Panels (3),4.41,1.48,-0.31
58.537,0,Wall_3mx20cm_Wood_Panels (2),4.41,1.49,-0.31
58.579,0,Ceiling_log_3m (23),4.44,1.50,-0.34
58.607,0,Ceiling_log_3m (23),4.45,1.51,-0.37
58.635,0,Ceiling_log_3m (23),4.45,1.51,-0.37
58.677,0,Ceiling_log_3m (23),4.44,1.50,-0.37
58.707,0,Ceiling_log_3m (23),4.44,1.50,-0.37
58.746,0,Ceiling_log_3m (23),4.43,1.50,-0.36
58.775,0,Ceiling_log_3m (23),4.41,1.50,-0.35
58.802,0,Ceiling_log_3m (23),4.40,1.50,-0.33
58.844,0,Wall_3mx20cm_Wood_Panels (2),4.37,1.49,-0.31
58.874,0,Wall_3mx20cm_Wood_Panels (2),4.39,1.48,-0.31
58.901,0,Wall_3mx20cm_Wood_Panels (2),4.40,1.47,-0.31
58.942,0,Wall_3mx20cm_Wood_Panels (2),4.40,1.47,-0.31
58.970,0,Wall_3mx20cm_Wood_Panels (2),4.40,1.48,-0.31
59.011,0,Wall_3mx20cm_Wood_Panels (3),4.41,1.50,-0.31
59.038,0,Ceiling_log_3m (23),4.41,1.50,-0.32
59.066,0,Ceiling_log_3m (23),4.40,1.50,-0.32
59.106,0,Ceiling_log_3m (23),4.39,1.50,-0.32
59.134,0,Ceiling_log_3m (23),4.39,1.50,-0.32
59.176,0,Ceiling_log_3m (23),4.39,1.50,-0.33
59.204,0,Ceiling_log_3m (23),4.39,1.50,-0.32
59.233,0,Wall_3mx20cm_Wood_Panels (2),4.39,1.50,-0.31
59.274,0,Wall_3mx20cm_Wood_Panels (3),4.42,1.45,-0.31
59.303,0,Wall_3mx20cm_Wood_Panels (3),4.43,1.42,-0.31
59.345,0,Wall_3mx20cm_Wood_Panels (3),4.43,1.38,-0.31
59.373,0,Wall_3mx20cm_Wood_Panels (3),4.42,1.38,-0.31
59.401,0,Wall_3mx20cm_Wood_Panels (3),4.41,1.39,-0.31
59.440,0,Wall_3mx20cm_Wood_Panels (2),4.41,1.37,-0.31
59.480,0,Wall_3mx20cm_Wood_Panels (3),4.41,1.42,-0.31
59.506,0,Wall_3mx20cm_Wood_Panels (3),4.41,1.42,-0.31
59.536,0,Wall_3mx20cm_Wood_Panels (3),4.42,1.43,-0.31
59.576,0,Wall_3mx20cm_Wood_Panels (3),4.44,1.45,-0.31
59.605,0,Wall_3mx20cm_Wood_Panels (3),4.45,1.45,-0.31
59.633,0,Wall_3mx20cm_Wood_Panels (3),4.46,1.45,-0.31
59.675,0,Wall_3mx20cm_Wood_Panels (3),4.47,1.43,-0.31
59.703,0,Wall_3mx20cm_Wood_Panels (3),4.48,1.43,-0.31
59.748,0,Wall_3mx20cm_Wood_Panels (3),4.47,1.42,-0.31
59.772,0,Wall_3mx20cm_Wood_Panels (3),4.48,1.43,-0.31
59.800,0,Wall_3mx20cm_Wood_Panels (3),4.48,1.43,-0.31
59.843,0,Wall_3mx20cm_Wood_Panels (3),4.47,1.41,-0.31
59.871,0,Wall_3mx20cm_Wood_Panels (3),4.47,1.44,-0.31
59.913,0,Wall_3mx20cm_Wood_Panels (3),4.48,1.43,-0.31
59.940,0,Wall_3mx20cm_Wood_Panels (3),4.48,1.40,-0.31
59.968,0,Wall_3mx20cm_Wood_Panels (3),4.49,1.39,-0.31
60.010,0,Wall_3mx20cm_Wood_Panels (3),4.49,1.41,-0.31
60.037,0,Wall_3mx20cm_Wood_Panels (3),4.49,1.42,-0.31
60.078,0,Wall_3mx20cm_Wood_Panels (3),4.50,1.43,-0.31
60.108,0,Wall_3mx20cm_Wood_Panels (3),4.50,1.46,-0.31
60.135,0,Wall_3mx20cm_Wood_Panels (3),4.50,1.46,-0.31
60.177,0,Wall_3mx20cm_Wood_Panels (3),4.50,1.45,-0.31
60.204,0,Wall_3mx20cm_Wood_Panels (3),4.51,1.44,-0.31
60.246,0,Wall_3mx20cm_Wood_Panels (3),4.53,1.38,-0.31
60.274,0,Wall_3mx20cm_Wood_Panels (3),4.54,1.36,-0.31
60.302,0,Wall_3mx20cm_Wood_Panels (3),4.55,1.35,-0.31
60.345,0,Wall_3mx20cm_Wood_Panels (3),4.55,1.35,-0.31
60.372,0,Wall_3mx20cm_Wood_Panels (3),4.54,1.36,-0.31
60.413,0,Wall_3mx20cm_Wood_Panels (3),4.53,1.38,-0.31
60.441,0,Wall_3mx20cm_Wood_Panels (3),4.52,1.40,-0.31
60.468,0,Wall_3mx20cm_Wood_Panels (3),4.52,1.43,-0.31
60.510,0,Wall_3mx20cm_Wood_Panels (3),4.53,1.45,-0.31
60.537,0,Wall_3mx20cm_Wood_Panels (3),4.52,1.46,-0.31
60.581,0,Wall_3mx20cm_Wood_Panels (3),4.54,1.48,-0.31
60.609,0,Wall_3mx20cm_Wood_Panels (3),4.54,1.48,-0.31
60.636,0,Wall_3mx20cm_Wood_Panels (3),4.54,1.46,-0.31
60.678,0,Wall_3mx20cm_Wood_Panels (3),4.56,1.42,-0.31
60.707,0,Wall_3mx20cm_Wood_Panels (3),4.56,1.42,-0.31
60.735,0,Wall_3mx20cm_Wood_Panels (3),4.55,1.39,-0.31
60.777,0,Wall_3mx20cm_Wood_Panels (3),4.55,1.34,-0.31
60.805,0,Wall_3mx20cm_Wood_Panels (3),4.55,1.33,-0.31
60.833,0,Wall_3mx20cm_Wood_Panels (3),4.55,1.33,-0.31
60.875,0,Wall_3mx20cm_Wood_Panels (3),4.55,1.33,-0.31
60.903,0,Wall_3mx20cm_Wood_Panels (3),4.55,1.35,-0.31
60.946,0,Wall_3mx20cm_Wood_Panels (3),4.55,1.36,-0.31
60.972,0,Wall_3mx20cm_Wood_Panels (3),4.55,1.36,-0.31
61.003,0,Wall_3mx20cm_Wood_Panels (3),4.54,1.35,-0.31
61.043,0,Wall_3mx20cm_Wood_Panels (3),4.54,1.34,-0.31
61.070,0,Wall_3mx20cm_Wood_Panels (3),4.53,1.33,-0.31
61.112,0,Wall_3mx20cm_Wood_Panels (3),4.52,1.34,-0.31
61.140,0,Wall_3mx20cm_Wood_Panels (3),4.51,1.35,-0.31
61.168,0,Wall_3mx20cm_Wood_Panels (3),4.51,1.35,-0.31
61.210,0,Wall_3mx20cm_Wood_Panels (3),4.52,1.35,-0.31
61.238,0,Wall_3mx20cm_Wood_Panels (3),4.53,1.38,-0.31
61.279,0,Wall_3mx20cm_Wood_Panels (3),4.52,1.41,-0.31
61.308,0,Wall_3mx20cm_Wood_Panels (3),4.53,1.41,-0.31
61.335,0,Wall_3mx20cm_Wood_Panels (3),4.53,1.44,-0.31
61.377,0,Wall_3mx20cm_Wood_Panels (3),4.50,1.49,-0.31
61.406,0,Wall_3mx20cm_Wood_Panels (3),4.47,1.49,-0.31
61.434,0,Wall_3mx20cm_Wood_Panels (3),4.44,1.49,-0.31
61.475,0,Wall_3mx20cm_Wood_Panels (2),4.38,1.50,-0.31
61.502,0,Wall_3mx20cm_Wood_Panels (2),4.34,1.51,-0.31
61.544,0,Wall_3mx20cm_Wood_Panels (2),4.31,1.53,-0.31
61.572,0,Wall_3mx20cm_Wood_Panels (2),4.28,1.54,-0.31
61.600,0,Ceiling_log_3m (23),4.35,1.50,-0.36
61.642,0,Wall_3mx20cm_Wood_Panels (2),4.27,1.58,-0.31
61.670,0,Wall_3mx20cm_Wood_Panels (2),4.25,1.59,-0.31
61.711,0,Wall_3mx20cm_Wood_Panels (2),4.22,1.58,-0.31
61.740,0,Wall_3mx20cm_Wood_Panels (2),4.21,1.58,-0.31
61.767,0,Wall_3mx20cm_Wood_Panels (2),4.20,1.59,-0.31
61.810,0,Wall_3mx20cm_Wood_Panels (2),4.16,1.62,-0.31
61.839,0,Wall_3mx20cm_Wood_Panels (2),4.14,1.66,-0.31
61.879,0,Ceiling_log_3m (23),4.36,1.50,-0.45
61.908,0,Ceiling_log_3m (23),4.36,1.50,-0.46
61.936,0,Ceiling_log_3m (23),4.37,1.50,-0.45
61.977,0,Wall_3mx20cm_Wood_Panels (2),4.14,1.68,-0.31
62.004,0,Wall_3mx20cm_Wood_Panels (2),4.15,1.62,-0.31
62.047,0,Wall_3mx20cm_Wood_Panels (2),4.19,1.60,-0.31
62.072,0,Wall_3mx20cm_Wood_Panels (2),4.20,1.53,-0.31
62.112,0,Wall_3mx20cm_Wood_Panels (2),4.22,1.48,-0.31
62.140,0,Wall_3mx20cm_Wood_Panels (2),4.23,1.45,-0.31
62.169,0,Wall_3mx20cm_Wood_Panels (2),4.24,1.42,-0.31
62.211,0,Wall_3mx20cm_Wood_Panels (2),4.28,1.42,-0.31
62.240,0,Wall_3mx20cm_Wood_Panels (2),4.29,1.40,-0.31
62.268,0,Wall_3mx20cm_Wood_Panels (2),4.29,1.42,-0.31
62.309,0,Wall_3mx20cm_Wood_Panels (2),4.29,1.37,-0.31
62.338,0,Wall_3mx20cm_Wood_Panels (2),4.30,1.35,-0.31
62.378,0,Wall_3mx20cm_Wood_Panels (2),4.31,1.32,-0.31
62.404,0,Wall_3mx20cm_Wood_Panels (2),4.32,1.27,-0.31
62.446,0,Wall_3mx20cm_Wood_Panels (2),4.35,1.22,-0.31
62.475,0,Wall_3mx20cm_Wood_Panels (2),4.37,1.17,-0.31
62.502,0,Wall_3mx20cm_Wood_Panels (2),4.39,1.14,-0.31
62.544,0,Wall_3mx20cm_Wood_Panels (3),4.44,1.11,-0.31
62.571,0,Wall_3mx20cm_Wood_Panels (3),4.47,1.10,-0.31
62.600,0,Wall_3mx20cm_Wood_Panels (3),4.50,1.09,-0.31
62.643,0,Wall_3mx20cm_Wood_Panels (3),4.53,1.07,-0.31
62.672,0,Wall_3mx20cm_Wood_Panels (3),4.55,1.08,-0.31
62.712,0,Wall_3mx20cm_Wood_Panels (3),4.58,1.08,-0.31
62.739,0,Wall_3mx20cm_Wood_Panels (3),4.59,1.08,-0.31
62.768,0,Wall_3mx20cm_Wood_Panels (3),4.59,1.07,-0.31
62.808,0,Wall_3mx20cm_Wood_Panels (3),4.59,1.09,-0.31
62.839,0,Wall_3mx20cm_Wood_Panels (3),4.57,1.10,-0.31
62.882,0,Wall_3mx20cm_Wood_Panels (3),4.56,1.12,-0.31
62.906,0,Wall_3mx20cm_Wood_Panels (3),4.55,1.13,-0.31
62.934,0,Wall_3mx20cm_Wood_Panels (3),4.53,1.14,-0.31
62.976,0,Wall_3mx20cm_Wood_Panels (3),4.51,1.14,-0.31
63.004,0,Wall_3mx20cm_Wood_Panels (3),4.50,1.15,-0.31
63.044,0,Wall_3mx20cm_Wood_Panels (3),4.49,1.17,-0.31
63.072,0,Wall_3mx20cm_Wood_Panels (3),4.49,1.18,-0.31
63.100,0,Wall_3mx20cm_Wood_Panels (3),4.49,1.19,-0.31
63.142,0,Wall_3mx20cm_Wood_Panels (3),4.50,1.19,-0.31
63.171,0,Wall_3mx20cm_Wood_Panels (3),4.51,1.19,-0.31
63.213,0,Wall_3mx20cm_Wood_Panels (3),4.53,1.18,-0.31
63.242,0,Wall_3mx20cm_Wood_Panels (3),4.53,1.17,-0.31
63.270,0,Wall_3mx20cm_Wood_Panels (3),4.54,1.17,-0.31
63.311,0,Wall_3mx20cm_Wood_Panels (3),4.53,1.17,-0.31
63.340,0,Wall_3mx20cm_Wood_Panels (3),4.52,1.19,-0.31
63.367,0,Wall_3mx20cm_Wood_Panels (3),4.51,1.20,-0.31
63.409,0,Wall_3mx20cm_Wood_Panels (3),4.51,1.21,-0.31
63.437,0,Wall_3mx20cm_Wood_Panels (3),4.51,1.21,-0.31
63.479,0,Wall_3mx20cm_Wood_Panels (3),4.52,1.21,-0.31
63.509,0,Wall_3mx20cm_Wood_Panels (3),4.52,1.20,-0.31
63.535,0,Wall_3mx20cm_Wood_Panels (3),4.53,1.20,-0.31
63.576,0,Wall_3mx20cm_Wood_Panels (3),4.53,1.21,-0.31
63.603,0,Wall_3mx20cm_Wood_Panels (3),4.53,1.22,-0.31
63.645,0,Wall_3mx20cm_Wood_Panels (3),4.54,1.22,-0.31
63.673,0,Wall_3mx20cm_Wood_Panels (3),4.55,1.22,-0.31
63.702,0,Wall_3mx20cm_Wood_Panels (3),4.55,1.23,-0.31
63.744,0,Wall_3mx20cm_Wood_Panels (3),4.56,1.23,-0.31
63.771,0,Wall_3mx20cm_Wood_Panels (3),4.56,1.23,-0.31
63.813,0,Wall_3mx20cm_Wood_Panels (3),4.55,1.23,-0.31
63.841,0,Wall_3mx20cm_Wood_Panels (3),4.54,1.24,-0.31
63.868,0,Wall_3mx20cm_Wood_Panels (3),4.54,1.24,-0.31
63.910,0,Wall_3mx20cm_Wood_Panels (3),4.53,1.25,-0.31
63.939,0,Wall_3mx20cm_Wood_Panels (3),4.52,1.26,-0.31
63.966,0,Wall_3mx20cm_Wood_Panels (3),4.52,1.26,-0.31
64.010,0,Wall_3mx20cm_Wood_Panels (3),4.52,1.26,-0.31
64.035,0,Wall_3mx20cm_Wood_Panels (3),4.52,1.26,-0.31
64.078,0,Wall_3mx20cm_Wood_Panels (3),4.52,1.26,-0.31
64.106,0,Wall_3mx20cm_Wood_Panels (3),4.52,1.26,-0.31
64.135,0,Wall_3mx20cm_Wood_Panels (3),4.51,1.26,-0.31
64.175,0,Wall_3mx20cm_Wood_Panels (3),4.51,1.26,-0.31
64.205,0,Wall_3mx20cm_Wood_Panels (3),4.50,1.26,-0.31
64.245,0,Wall_3mx20cm_Wood_Panels (3),4.49,1.26,-0.31
64.273,0,Wall_3mx20cm_Wood_Panels (3),4.49,1.27,-0.31
64.300,0,Wall_3mx20cm_Wood_Panels (3),4.49,1.28,-0.31
64.344,0,Wall_3mx20cm_Wood_Panels (3),4.48,1.28,-0.31
64.371,0,Wall_3mx20cm_Wood_Panels (3),4.48,1.28,-0.31
64.413,0,Wall_3mx20cm_Wood_Panels (3),4.48,1.28,-0.31
64.440,0,Wall_3mx20cm_Wood_Panels (3),4.47,1.29,-0.31
64.468,0,Wall_3mx20cm_Wood_Panels (3),4.47,1.29,-0.31
64.511,0,Wall_3mx20cm_Wood_Panels (3),4.46,1.29,-0.31
64.538,0,Wall_3mx20cm_Wood_Panels (3),4.46,1.29,-0.31
64.566,0,Wall_3mx20cm_Wood_Panels (3),4.46,1.29,-0.31
64.608,0,Wall_3mx20cm_Wood_Panels (3),4.46,1.29,-0.31
64.636,0,Wall_3mx20cm_Wood_Panels (3),4.45,1.29,-0.31
64.678,0,Wall_3mx20cm_Wood_Panels (3),4.45,1.29,-0.31
64.706,0,Wall_3mx20cm_Wood_Panels (3),4.45,1.29,-0.31
64.734,0,Wall_3mx20cm_Wood_Panels (3),4.44,1.29,-0.31
64.776,0,Wall_3mx20cm_Wood_Panels (3),4.43,1.29,-0.31
64.804,0,Wall_3mx20cm_Wood_Panels (3),4.42,1.29,-0.31
64.845,0,Wall_3mx20cm_Wood_Panels (3),4.41,1.29,-0.31
64.874,0,Wall_3mx20cm_Wood_Panels (2),4.40,1.29,-0.31
64.902,0,Wall_3mx20cm_Wood_Panels (2),4.40,1.29,-0.31
64.943,0,Wall_3mx20cm_Wood_Panels (2),4.39,1.29,-0.31
64.972,0,Wall_3mx20cm_Wood_Panels (2),4.38,1.30,-0.31
65.012,0,Wall_3mx20cm_Wood_Panels (2),4.38,1.30,-0.31
65.038,0,Wall_3mx20cm_Wood_Panels (2),4.37,1.30,-0.31
65.079,0,Wall_3mx20cm_Wood_Panels (2),4.36,1.32,-0.31
65.107,0,Wall_3mx20cm_Wood_Panels (2),4.35,1.32,-0.31
65.135,0,Wall_3mx20cm_Wood_Panels (2),4.35,1.33,-0.31
65.177,0,Wall_3mx20cm_Wood_Panels (2),4.34,1.32,-0.31
65.205,0,Wall_3mx20cm_Wood_Panels (2),4.33,1.32,-0.31
65.236,0,Wall_3mx20cm_Wood_Panels (2),4.33,1.33,-0.31
65.281,0,Wall_3mx20cm_Wood_Panels (2),4.33,1.32,-0.31
65.306,0,Wall_3mx20cm_Wood_Panels (2),4.33,1.31,-0.31
65.334,0,Wall_3mx20cm_Wood_Panels (2),4.33,1.31,-0.31
65.373,0,Wall_3mx20cm_Wood_Panels (2),4.32,1.32,-0.31
65.400,0,Wall_3mx20cm_Wood_Panels (2),4.32,1.32,-0.31
65.442,0,Wall_3mx20cm_Wood_Panels (2),4.33,1.31,-0.31
65.469,0,Wall_3mx20cm_Wood_Panels (2),4.32,1.32,-0.31
65.509,0,Wall_3mx20cm_Wood_Panels (2),4.32,1.31,-0.31
65.539,0,Wall_3mx20cm_Wood_Panels (2),4.31,1.33,-0.31
65.567,0,Wall_3mx20cm_Wood_Panels (2),4.31,1.33,-0.31
65.609,0,Wall_3mx20cm_Wood_Panels (2),4.30,1.34,-0.31
65.634,0,Wall_3mx20cm_Wood_Panels (2),4.30,1.34,-0.31
65.675,0,Wall_3mx20cm_Wood_Panels (2),4.31,1.34,-0.31
65.701,0,Wall_3mx20cm_Wood_Panels (2),4.31,1.35,-0.31
65.742,0,Wall_3mx20cm_Wood_Panels (2),4.30,1.35,-0.31
65.771,0,Wall_3mx20cm_Wood_Panels (2),4.30,1.35,-0.31
65.802,0,Wall_3mx20cm_Wood_Panels (2),4.29,1.35,-0.31
65.842,0,Wall_3mx20cm_Wood_Panels (2),4.28,1.36,-0.31
65.869,0,Wall_3mx20cm_Wood_Panels (2),4.28,1.36,-0.31
65.911,0,Wall_3mx20cm_Wood_Panels (2),4.28,1.35,-0.31
65.940,0,Wall_3mx20cm_Wood_Panels (2),4.28,1.36,-0.31
65.967,0,Wall_3mx20cm_Wood_Panels (2),4.29,1.37,-0.31
66.010,0,Wall_3mx20cm_Wood_Panels (2),4.28,1.37,-0.31
66.037,0,Wall_3mx20cm_Wood_Panels (2),4.28,1.37,-0.31
66.079,0,Wall_3mx20cm_Wood_Panels (2),4.27,1.37,-0.31
66.107,0,Wall_3mx20cm_Wood_Panels (2),4.27,1.38,-0.31
66.135,0,Wall_3mx20cm_Wood_Panels (2),4.26,1.38,-0.31
66.178,0,Wall_3mx20cm_Wood_Panels (2),4.26,1.37,-0.31
66.205,0,Wall_3mx20cm_Wood_Panels (2),4.26,1.38,-0.31
66.233,0,Wall_3mx20cm_Wood_Panels (2),4.27,1.38,-0.31
66.275,0,Wall_3mx20cm_Wood_Panels (2),4.26,1.39,-0.31
66.302,0,Wall_3mx20cm_Wood_Panels (2),4.26,1.39,-0.31
66.345,0,Wall_3mx20cm_Wood_Panels (2),4.26,1.39,-0.31
66.372,0,Wall_3mx20cm_Wood_Panels (2),4.25,1.39,-0.31
66.411,0,Wall_3mx20cm_Wood_Panels (2),4.25,1.38,-0.31
66.438,0,Wall_3mx20cm_Wood_Panels (2),4.25,1.38,-0.31
66.480,0,Wall_3mx20cm_Wood_Panels (2),4.26,1.36,-0.31
66.507,0,Wall_3mx20cm_Wood_Panels (2),4.27,1.37,-0.31
66.536,0,Wall_3mx20cm_Wood_Panels (2),4.26,1.37,-0.31
66.579,0,Wall_3mx20cm_Wood_Panels (2),4.26,1.37,-0.31
66.606,0,Wall_3mx20cm_Wood_Panels (2),4.26,1.37,-0.31
66.636,0,Wall_3mx20cm_Wood_Panels (2),4.25,1.37,-0.31
66.677,0,Wall_3mx20cm_Wood_Panels (2),4.26,1.36,-0.31
66.705,0,Wall_3mx20cm_Wood_Panels (2),4.27,1.36,-0.31
66.733,0,Wall_3mx20cm_Wood_Panels (2),4.28,1.36,-0.31
66.776,0,Wall_3mx20cm_Wood_Panels (2),4.28,1.35,-0.31
66.804,0,Wall_3mx20cm_Wood_Panels (2),4.29,1.34,-0.31
66.847,0,Wall_3mx20cm_Wood_Panels (2),4.31,1.32,-0.31
66.874,0,Wall_3mx20cm_Wood_Panels (2),4.35,1.31,-0.31
66.902,0,Wall_3mx20cm_Wood_Panels (2),4.39,1.29,-0.31
66.943,0,Wall_3mx20cm_Wood_Panels (2),4.40,1.25,-0.31
66.972,0,Wall_3mx20cm_Wood_Panels (3),4.42,1.23,-0.31
67.000,0,Wall_3mx20cm_Wood_Panels (3),4.46,1.22,-0.31
67.043,0,Wall_3mx20cm_Wood_Panels (3),4.52,1.14,-0.31
67.069,0,Wall_3mx20cm_Wood_Panels (3),4.55,1.11,-0.31
67.111,0,Wall_3mx20cm_Wood_Panels (3),4.58,1.06,-0.31
67.140,0,Wall_3mx20cm_Wood_Panels (3),4.61,1.03,-0.31
67.168,0,Wall_3mx20cm_Wood_Panels (3),4.63,1.00,-0.31
67.210,0,Wall_3mx20cm_Wood_Panels (3),4.65,0.97,-0.31
67.237,0,Wall_3mx20cm_Wood_Panels (3),4.68,0.95,-0.31
67.266,0,Wall_3mx20cm_Wood_Panels (3),4.69,0.93,-0.31
67.307,0,Wall_3mx20cm_Wood_Panels (3),4.70,0.91,-0.31
67.335,0,Wall_3mx20cm_Wood_Panels (3),4.71,0.90,-0.31
67.377,0,Wall_3mx20cm_Wood_Panels (3),4.75,0.86,-0.31
67.405,0,Wall_3mx20cm_Wood_Panels (3),4.76,0.85,-0.31
67.433,0,Wall_3mx20cm_Wood_Panels (3),4.77,0.84,-0.31
67.476,0,Wall_3mx20cm_Wood_Panels (3),4.77,0.79,-0.31
67.502,0,Wall_3mx20cm_Wood_Panels (3),4.78,0.76,-0.31
67.544,0,Wall_3mx20cm_Wood_Panels (3),4.80,0.77,-0.31
67.571,0,Wall_3mx20cm_Wood_Panels (3),4.81,0.80,-0.31
67.600,0,Wall_3mx20cm_Wood_Panels (3),4.80,0.83,-0.31
67.641,0,Wall_3mx20cm_Wood_Panels (3),4.80,0.84,-0.31
67.670,0,Wall_3mx20cm_Wood_Panels (3),4.79,0.86,-0.31
67.712,0,Wall_3mx20cm_Wood_Panels (3),4.77,0.88,-0.31
67.739,0,Wall_3mx20cm_Wood_Panels (3),4.75,0.88,-0.31
67.767,0,Wall_3mx20cm_Wood_Panels (3),4.73,0.89,-0.31
67.809,0,Wall_3mx20cm_Wood_Panels (3),4.71,0.88,-0.31
67.837,0,Wall_3mx20cm_Wood_Panels (3),4.70,0.88,-0.31
67.883,0,Wall_3mx20cm_Wood_Panels (3),4.69,0.92,-0.31
67.914,0,Wall_3mx20cm_Wood_Panels (3),4.70,0.92,-0.31
67.935,0,Wall_3mx20cm_Wood_Panels (3),4.69,0.92,-0.31
67.975,0,Wall_3mx20cm_Wood_Panels (3),4.67,0.94,-0.31
68.004,0,Wall_3mx20cm_Wood_Panels (3),4.66,0.93,-0.31
68.044,0,Wall_3mx20cm_Wood_Panels (3),4.64,0.94,-0.31
68.072,0,Wall_3mx20cm_Wood_Panels (3),4.64,0.95,-0.31
68.101,0,Wall_3mx20cm_Wood_Panels (3),4.63,0.94,-0.31
68.145,0,Wall_3mx20cm_Wood_Panels (3),4.61,0.92,-0.31
68.173,0,Wall_3mx20cm_Wood_Panels (3),4.61,0.88,-0.31
68.214,0,Wall_3mx20cm_Wood_Panels (3),4.59,0.88,-0.31
68.242,0,Wall_3mx20cm_Wood_Panels (3),4.58,0.88,-0.31
68.271,0,Wall_3mx20cm_Wood_Panels (3),4.58,0.87,-0.31
68.311,0,Wall_3mx20cm_Wood_Panels (3),4.57,0.86,-0.31
68.351,0,Wall_3mx20cm_Wood_Panels (3),4.57,0.87,-0.31
68.367,0,Wall_3mx20cm_Wood_Panels (3),4.57,0.87,-0.31
68.406,0,Wall_3mx20cm_Wood_Panels (3),4.57,0.84,-0.31
68.438,0,Wall_3mx20cm_Wood_Panels (3),4.57,0.84,-0.31
68.474,0,Wall_3mx20cm_Wood_Panels (3),4.56,0.84,-0.31
68.506,0,Wall_3mx20cm_Wood_Panels (3),4.56,0.84,-0.31
68.534,0,Wall_3mx20cm_Wood_Panels (3),4.55,0.86,-0.31
68.573,0,Wall_3mx20cm_Wood_Panels (3),4.55,0.86,-0.31
68.601,0,Wall_3mx20cm_Wood_Panels (3),4.56,0.85,-0.31
68.644,0,Wall_3mx20cm_Wood_Panels (3),4.57,0.85,-0.31
68.673,0,Wall_3mx20cm_Wood_Panels (3),4.58,0.85,-0.31
68.700,0,Wall_3mx20cm_Wood_Panels (3),4.58,0.85,-0.31
68.740,0,Wall_3mx20cm_Wood_Panels (3),4.58,0.86,-0.31
68.767,0,Wall_3mx20cm_Wood_Panels (3),4.58,0.87,-0.31
68.810,0,Wall_3mx20cm_Wood_Panels (3),4.56,0.89,-0.31
68.836,0,Wall_3mx20cm_Wood_Panels (3),4.56,0.89,-0.31
68.880,0,Wall_3mx20cm_Wood_Panels (3),4.54,0.90,-0.31
68.907,0,Wall_3mx20cm_Wood_Panels (3),4.54,0.91,-0.31
68.935,0,Wall_3mx20cm_Wood_Panels (3),4.54,0.91,-0.31
68.975,0,Wall_3mx20cm_Wood_Panels (3),4.54,0.92,-0.31
69.002,0,Wall_3mx20cm_Wood_Panels (3),4.54,0.92,-0.31
69.042,0,Wall_3mx20cm_Wood_Panels (3),4.54,0.93,-0.31
69.070,0,Wall_3mx20cm_Wood_Panels (3),4.53,0.94,-0.31
69.112,0,Wall_3mx20cm_Wood_Panels (3),4.52,0.94,-0.31
69.164,0,Wall_3mx20cm_Wood_Panels (3),4.51,0.94,-0.31
69.184,0,Wall_3mx20cm_Wood_Panels (3),4.51,0.95,-0.31
69.211,0,Wall_3mx20cm_Wood_Panels (3),4.50,0.96,-0.31
69.239,0,Wall_3mx20cm_Wood_Panels (3),4.50,0.96,-0.31
69.268,0,Wall_3mx20cm_Wood_Panels (3),4.49,0.96,-0.31
69.309,0,Wall_3mx20cm_Wood_Panels (3),4.48,0.95,-0.31
69.334,0,Wall_3mx20cm_Wood_Panels (3),4.47,0.96,-0.31
69.376,0,Wall_3mx20cm_Wood_Panels (3),4.46,0.97,-0.31
69.402,0,Wall_3mx20cm_Wood_Panels (3),4.44,0.97,-0.31
69.443,0,Wall_3mx20cm_Wood_Panels (3),4.42,0.98,-0.31
69.472,0,Wall_3mx20cm_Wood_Panels (3),4.42,0.98,-0.31
69.513,0,Wall_3mx20cm_Wood_Panels (2),4.41,0.98,-0.31
69.542,0,Wall_3mx20cm_Wood_Panels (2),4.39,0.99,-0.31
69.571,0,Wall_3mx20cm_Wood_Panels (2),4.39,1.01,-0.31
69.611,0,Wall_3mx20cm_Wood_Panels (2),4.41,1.00,-0.31
69.639,0,Wall_3mx20cm_Wood_Panels (3),4.41,1.00,-0.31
69.667,0,Wall_3mx20cm_Wood_Panels (3),4.42,0.99,-0.31
69.708,0,Wall_3mx20cm_Wood_Panels (3),4.42,0.98,-0.31
69.736,0,Wall_3mx20cm_Wood_Panels (3),4.42,0.98,-0.31
69.776,0,Wall_3mx20cm_Wood_Panels (3),4.43,0.99,-0.31
69.802,0,Wall_3mx20cm_Wood_Panels (3),4.42,1.00,-0.31
69.844,0,Wall_3mx20cm_Wood_Panels (2),4.41,1.00,-0.31
69.872,0,Wall_3mx20cm_Wood_Panels (2),4.40,1.00,-0.31
69.911,0,Wall_3mx20cm_Wood_Panels (2),4.40,1.01,-0.31
69.938,0,Wall_3mx20cm_Wood_Panels (2),4.39,1.01,-0.31
69.967,0,Wall_3mx20cm_Wood_Panels (2),4.39,1.01,-0.31
70.006,0,Wall_3mx20cm_Wood_Panels (2),4.38,1.01,-0.31
70.033,0,Wall_3mx20cm_Wood_Panels (2),4.38,1.00,-0.31
70.074,0,Wall_3mx20cm_Wood_Panels (2),4.38,0.98,-0.31
70.102,0,Wall_3mx20cm_Wood_Panels (2),4.38,0.95,-0.31
70.144,0,Wall_3mx20cm_Wood_Panels (2),4.38,0.92,-0.31
70.173,0,Wall_3mx20cm_Wood_Panels (2),4.38,0.91,-0.31
70.213,0,Wall_3mx20cm_Wood_Panels (2),4.38,0.90,-0.31
70.241,0,Wall_3mx20cm_Wood_Panels (2),4.38,0.90,-0.31
70.270,0,Wall_3mx20cm_Wood_Panels (2),4.38,0.91,-0.31
70.312,0,Wall_3mx20cm_Wood_Panels (2),4.37,0.92,-0.31
70.340,0,Wall_3mx20cm_Wood_Panels (2),4.37,0.93,-0.31
70.368,0,Wall_3mx20cm_Wood_Panels (2),4.37,0.94,-0.31
70.411,0,Wall_3mx20cm_Wood_Panels (2),4.37,0.96,-0.31
70.438,0,Wall_3mx20cm_Wood_Panels (2),4.38,0.98,-0.31
70.480,0,Wall_3mx20cm_Wood_Panels (2),4.38,0.99,-0.31
70.508,0,Wall_3mx20cm_Wood_Panels (2),4.38,1.00,-0.31
70.535,0,Wall_3mx20cm_Wood_Panels (2),4.38,1.01,-0.31
70.578,0,Wall_3mx20cm_Wood_Panels (2),4.37,1.02,-0.31
70.606,0,Wall_3mx20cm_Wood_Panels (2),4.37,1.02,-0.31
70.635,0,Wall_3mx20cm_Wood_Panels (2),4.37,1.02,-0.31
70.674,0,Wall_3mx20cm_Wood_Panels (2),4.37,1.02,-0.31
70.703,0,Wall_3mx20cm_Wood_Panels (2),4.37,1.03,-0.31
70.745,0,Wall_3mx20cm_Wood_Panels (2),4.38,1.03,-0.31
70.773,0,Wall_3mx20cm_Wood_Panels (2),4.38,1.02,-0.31
70.802,0,Wall_3mx20cm_Wood_Panels (2),4.38,1.02,-0.31
70.842,0,Wall_3mx20cm_Wood_Panels (2),4.39,1.01,-0.31
70.872,0,Wall_3mx20cm_Wood_Panels (2),4.39,1.01,-0.31
70.913,0,Wall_3mx20cm_Wood_Panels (2),4.39,1.01,-0.31
70.939,0,Wall_3mx20cm_Wood_Panels (2),4.40,1.02,-0.31
70.968,0,Wall_3mx20cm_Wood_Panels (2),4.40,1.01,-0.31
71.011,0,Wall_3mx20cm_Wood_Panels (2),4.41,1.01,-0.31
71.038,0,Wall_3mx20cm_Wood_Panels (3),4.41,1.02,-0.31
71.078,0,Wall_3mx20cm_Wood_Panels (3),4.42,1.03,-0.31
71.107,0,Wall_3mx20cm_Wood_Panels (3),4.42,1.03,-0.31
71.135,0,Wall_3mx20cm_Wood_Panels (3),4.42,1.04,-0.31
71.177,0,Wall_3mx20cm_Wood_Panels (3),4.43,1.04,-0.31
71.205,0,Wall_3mx20cm_Wood_Panels (3),4.43,1.04,-0.31
71.245,0,Wall_3mx20cm_Wood_Panels (3),4.44,1.05,-0.31
71.271,0,Wall_3mx20cm_Wood_Panels (3),4.45,1.06,-0.31
71.313,0,Wall_3mx20cm_Wood_Panels (3),4.47,1.05,-0.31
71.340,0,Wall_3mx20cm_Wood_Panels (3),4.48,1.04,-0.31
71.366,0,Wall_3mx20cm_Wood_Panels (3),4.49,1.04,-0.31
71.410,0,Wall_3mx20cm_Wood_Panels (3),4.51,1.03,-0.31
71.439,0,Wall_3mx20cm_Wood_Panels (3),4.52,1.03,-0.31
71.467,0,Wall_3mx20cm_Wood_Panels (3),4.54,1.03,-0.31
71.508,0,Wall_3mx20cm_Wood_Panels (3),4.57,1.02,-0.31
71.537,0,Wall_3mx20cm_Wood_Panels (3),4.59,1.01,-0.31
71.577,0,Wall_3mx20cm_Wood_Panels (3),4.62,1.01,-0.31
71.604,0,Wall_3mx20cm_Wood_Panels (3),4.63,1.00,-0.31
71.633,0,Wall_3mx20cm_Wood_Panels (3),4.62,1.00,-0.31
71.674,0,Wall_3mx20cm_Wood_Panels (3),4.62,1.01,-0.31
71.702,0,Wall_3mx20cm_Wood_Panels (3),4.61,1.01,-0.31
71.745,0,Wall_3mx20cm_Wood_Panels (3),4.59,1.02,-0.31
71.773,0,Wall_3mx20cm_Wood_Panels (3),4.59,1.01,-0.31
71.801,0,Wall_3mx20cm_Wood_Panels (3),4.59,1.01,-0.31
71.844,0,Wall_3mx20cm_Wood_Panels (3),4.58,1.02,-0.31
71.871,0,Wall_3mx20cm_Wood_Panels (3),4.57,1.03,-0.31
71.913,0,Wall_3mx20cm_Wood_Panels (3),4.56,1.05,-0.31
71.941,0,Wall_3mx20cm_Wood_Panels (3),4.56,1.05,-0.31
71.968,0,Wall_3mx20cm_Wood_Panels (3),4.56,1.05,-0.31
72.010,0,Wall_3mx20cm_Wood_Panels (3),4.55,1.06,-0.31
72.039,0,Wall_3mx20cm_Wood_Panels (3),4.54,1.08,-0.31
72.080,0,Wall_3mx20cm_Wood_Panels (3),4.53,1.07,-0.31
72.107,0,Wall_3mx20cm_Wood_Panels (3),4.52,1.08,-0.31
72.135,0,Wall_3mx20cm_Wood_Panels (3),4.52,1.09,-0.31
72.177,0,Wall_3mx20cm_Wood_Panels (3),4.51,1.11,-0.31
72.204,0,Wall_3mx20cm_Wood_Panels (3),4.51,1.09,-0.31
72.233,0,Wall_3mx20cm_Wood_Panels (3),4.51,1.09,-0.31
72.274,0,Wall_3mx20cm_Wood_Panels (3),4.50,1.10,-0.31
72.302,0,Wall_3mx20cm_Wood_Panels (3),4.50,1.11,-0.31
72.344,0,Wall_3mx20cm_Wood_Panels (3),4.48,1.12,-0.31
72.372,0,Wall_3mx20cm_Wood_Panels (3),4.47,1.12,-0.31
72.400,0,Wall_3mx20cm_Wood_Panels (3),4.47,1.12,-0.31
72.443,0,Wall_3mx20cm_Wood_Panels (3),4.46,1.13,-0.31
72.472,0,Wall_3mx20cm_Wood_Panels (3),4.46,1.14,-0.31
72.512,0,Wall_3mx20cm_Wood_Panels (3),4.46,1.13,-0.31
72.541,0,Wall_3mx20cm_Wood_Panels (3),4.45,1.13,-0.31
72.569,0,Wall_3mx20cm_Wood_Panels (3),4.45,1.13,-0.31
72.611,0,Wall_3mx20cm_Wood_Panels (3),4.45,1.12,-0.31
72.639,0,Wall_3mx20cm_Wood_Panels (3),4.45,1.12,-0.31
72.667,0,Wall_3mx20cm_Wood_Panels (3),4.44,1.13,-0.31
72.707,0,Wall_3mx20cm_Wood_Panels (3),4.43,1.14,-0.31
72.735,0,Wall_3mx20cm_Wood_Panels (3),4.42,1.14,-0.31
72.779,0,Wall_3mx20cm_Wood_Panels (2),4.41,1.15,-0.31
72.806,0,Wall_3mx20cm_Wood_Panels (2),4.40,1.15,-0.31
72.835,0,Wall_3mx20cm_Wood_Panels (2),4.39,1.15,-0.31
72.876,0,Wall_3mx20cm_Wood_Panels (2),4.38,1.16,-0.31
72.904,0,Wall_3mx20cm_Wood_Panels (2),4.38,1.17,-0.31
72.946,0,Wall_3mx20cm_Wood_Panels (2),4.38,1.18,-0.31
72.976,0,Wall_3mx20cm_Wood_Panels (2),4.37,1.20,-0.31
73.006,0,Wall_3mx20cm_Wood_Panels (2),4.36,1.21,-0.31
73.044,0,Wall_3mx20cm_Wood_Panels (2),4.35,1.21,-0.31
73.072,0,Wall_3mx20cm_Wood_Panels (2),4.35,1.21,-0.31
73.102,0,Wall_3mx20cm_Wood_Panels (2),4.34,1.22,-0.31
73.133,0,Wall_3mx20cm_Wood_Panels (2),4.34,1.22,-0.31
73.171,0,Wall_3mx20cm_Wood_Panels (2),4.34,1.21,-0.31
73.212,0,Wall_3mx20cm_Wood_Panels (2),4.33,1.22,-0.31
73.240,0,Wall_3mx20cm_Wood_Panels (2),4.32,1.22,-0.31
73.267,0,Wall_3mx20cm_Wood_Panels (2),4.32,1.22,-0.31
73.311,0,Wall_3mx20cm_Wood_Panels (2),4.30,1.23,-0.31
73.338,0,Wall_3mx20cm_Wood_Panels (2),4.30,1.22,-0.31
73.367,0,Wall_3mx20cm_Wood_Panels (2),4.30,1.21,-0.31
73.408,0,Wall_3mx20cm_Wood_Panels (2),4.30,1.22,-0.31
73.436,0,Wall_3mx20cm_Wood_Panels (2),4.31,1.21,-0.31
73.478,0,Wall_3mx20cm_Wood_Panels (2),4.32,1.21,-0.31
73.505,0,Wall_3mx20cm_Wood_Panels (2),4.32,1.21,-0.31
73.546,0,Wall_3mx20cm_Wood_Panels (2),4.32,1.20,-0.31
73.574,0,Wall_3mx20cm_Wood_Panels (2),4.32,1.21,-0.31
73.601,0,Wall_3mx20cm_Wood_Panels (2),4.32,1.20,-0.31
73.642,0,Wall_3mx20cm_Wood_Panels (2),4.32,1.21,-0.31
73.668,0,Wall_3mx20cm_Wood_Panels (2),4.31,1.21,-0.31
73.699,0,Wall_3mx20cm_Wood_Panels (2),4.29,1.22,-0.31
73.743,0,Wall_3mx20cm_Wood_Panels (2),4.25,1.24,-0.31
73.770,0,Wall_3mx20cm_Wood_Panels (2),4.20,1.26,-0.31
73.812,0,Wall_3mx20cm_Wood_Panels (2),4.10,1.32,-0.31
73.840,0,Wall_3mx20cm_Wood_Panels (2),4.05,1.34,-0.31
73.868,0,Wall_3mx20cm_Wood_Panels (2),3.97,1.39,-0.31
73.909,0,Wall_3mx20cm_Wood_Panels (2),3.81,1.50,-0.31
73.937,0,Wall_3mx20cm_Wood_Panels (2),3.68,1.59,-0.31
73.981,0,Ceiling_3x3m (9),3.46,1.70,-0.32
74.002,0,Ceiling_log_3m (22),3.45,1.66,-0.37
74.047,0,Ceiling_log_3m (22),3.45,1.58,-0.57
74.081,0,Ceiling_log_3m (22),3.45,1.53,-0.65
74.100,0,Ceiling_log_3m (22),3.42,1.50,-0.75
74.144,0,Ceiling_3x3m (7),2.99,1.70,-0.85
74.172,0,Ceiling_3x3m (7),2.90,1.70,-0.94
74.208,0,Ceiling_3x3m (7),2.79,1.70,-1.06
74.238,0,Ceiling_3x3m (6),2.74,1.70,-1.12
74.279,0,Ceiling_3x3m (6),2.70,1.70,-1.18
74.307,0,Ceiling_3x3m (6),2.72,1.70,-1.21
74.335,0,Ceiling_3x3m (6),2.72,1.70,-1.23
74.377,0,Ceiling_3x3m (6),2.74,1.70,-1.25
74.407,0,Ceiling_3x3m (6),2.76,1.70,-1.26
74.435,0,Ceiling_3x3m (6),2.76,1.70,-1.26
74.479,0,Ceiling_3x3m (6),2.75,1.70,-1.26
74.505,0,Ceiling_3x3m (6),2.77,1.70,-1.26
74.537,0,Ceiling_3x3m (6),2.81,1.70,-1.27
74.573,0,Ceiling_3x3m (6),2.82,1.70,-1.25
74.600,0,Ceiling_3x3m (6),2.84,1.70,-1.21
74.642,0,Ceiling_3x3m (6),2.89,1.70,-1.10
74.670,0,Ceiling_3x3m (7),2.95,1.70,-1.02
74.713,0,Ceiling_3x3m (7),3.02,1.70,-0.86
74.740,0,Ceiling_log_3m (22),3.38,1.50,-0.86
74.767,0,Ceiling_log_3m (22),3.44,1.50,-0.78
74.809,0,Ceiling_log_3m (22),3.45,1.53,-0.66
74.837,0,Ceiling_log_3m (22),3.45,1.54,-0.59
74.866,0,Ceiling_log_3m (22),3.45,1.54,-0.54
74.908,0,Ceiling_log_3m (22),3.45,1.57,-0.48
74.934,0,Ceiling_log_3m (22),3.45,1.59,-0.44
74.976,0,Ceiling_log_3m (22),3.45,1.62,-0.38
75.004,0,Ceiling_log_3m (22),3.45,1.64,-0.33
75.045,0,Wall_3mx20cm_Wood_Panels (2),3.55,1.57,-0.31
75.074,0,Wall_3mx20cm_Wood_Panels (2),3.63,1.52,-0.31
75.103,0,Wall_3mx20cm_Wood_Panels (2),3.72,1.47,-0.31
75.145,0,Wall_3mx20cm_Wood_Panels (2),3.82,1.39,-0.31
75.176,0,Wall_3mx20cm_Wood_Panels (2),3.88,1.37,-0.31
75.207,0,Wall_3mx20cm_Wood_Panels (2),3.90,1.37,-0.31
75.261,0,Wall_3mx20cm_Wood_Panels (2),3.99,1.33,-0.31
75.286,0,Wall_3mx20cm_Wood_Panels (2),4.02,1.32,-0.31
75.300,0,Wall_3mx20cm_Wood_Panels (2),4.05,1.31,-0.31
75.341,0,Wall_3mx20cm_Wood_Panels (2),4.07,1.30,-0.31
75.369,0,Wall_3mx20cm_Wood_Panels (2),4.09,1.29,-0.31
75.411,0,Wall_3mx20cm_Wood_Panels (2),4.10,1.29,-0.31
75.437,0,Wall_3mx20cm_Wood_Panels (2),4.11,1.29,-0.31
75.478,0,Wall_3mx20cm_Wood_Panels (2),4.10,1.29,-0.31
75.505,0,Wall_3mx20cm_Wood_Panels (2),4.10,1.29,-0.31
75.534,0,Wall_3mx20cm_Wood_Panels (2),4.09,1.28,-0.31
75.576,0,Wall_3mx20cm_Wood_Panels (2),4.07,1.29,-0.31
75.604,0,Wall_3mx20cm_Wood_Panels (2),4.05,1.29,-0.31
75.645,0,Wall_3mx20cm_Wood_Panels (2),4.01,1.30,-0.31
75.674,0,Wall_3mx20cm_Wood_Panels (2),3.98,1.31,-0.31
75.702,0,Wall_3mx20cm_Wood_Panels (2),3.95,1.33,-0.31
75.744,0,Wall_3mx20cm_Wood_Panels (2),3.92,1.35,-0.31
75.772,0,Wall_3mx20cm_Wood_Panels (2),3.90,1.37,-0.31
75.801,0,Wall_3mx20cm_Wood_Panels (2),3.87,1.40,-0.31
75.840,0,Wall_3mx20cm_Wood_Panels (2),3.82,1.44,-0.31
75.868,0,Wall_3mx20cm_Wood_Panels (2),3.80,1.47,-0.31
75.910,0,Wall_3mx20cm_Wood_Panels (2),3.72,1.52,-0.31
75.938,0,Wall_3mx20cm_Wood_Panels (2),3.66,1.55,-0.31
75.967,0,Wall_3mx20cm_Wood_Panels (2),3.59,1.59,-0.31
76.010,0,Ceiling_log_3m (22),3.45,1.64,-0.31
76.037,0,Ceiling_log_3m (22),3.45,1.63,-0.35
76.078,0,Ceiling_log_3m (22),3.45,1.62,-0.41
76.106,0,Ceiling_log_3m (22),3.45,1.62,-0.44
76.134,0,Ceiling_log_3m (22),3.45,1.63,-0.47
76.176,0,Ceiling_log_3m (22),3.45,1.64,-0.51
76.204,0,Ceiling_log_3m (22),3.45,1.66,-0.54
76.245,0,Ceiling_3x3m (9),3.45,1.70,-0.57
76.274,0,Ceiling_3x3m (9),3.49,1.70,-0.60
76.302,0,Ceiling_3x3m (9),3.51,1.70,-0.61
76.343,0,Ceiling_3x3m (9),3.52,1.70,-0.60
76.371,0,Ceiling_3x3m (9),3.54,1.70,-0.59
76.400,0,Ceiling_3x3m (9),3.55,1.70,-0.58
76.440,0,Ceiling_3x3m (9),3.56,1.70,-0.55
76.470,0,Ceiling_3x3m (9),3.58,1.70,-0.54
76.511,0,Ceiling_3x3m (9),3.61,1.70,-0.54
76.539,0,Ceiling_3x3m (9),3.64,1.70,-0.54
76.580,0,Ceiling_3x3m (9),3.67,1.70,-0.54
76.607,0,Ceiling_3x3m (9),3.68,1.70,-0.54
76.637,0,Ceiling_3x3m (9),3.70,1.70,-0.55
76.677,0,Ceiling_3x3m (9),3.69,1.70,-0.55
76.705,0,Ceiling_3x3m (9),3.69,1.70,-0.55
76.746,0,Ceiling_3x3m (9),3.70,1.70,-0.56
76.774,0,Ceiling_3x3m (9),3.72,1.70,-0.56
76.802,0,Ceiling_3x3m (9),3.74,1.70,-0.57
76.846,0,Ceiling_3x3m (9),3.79,1.70,-0.58
76.874,0,Ceiling_3x3m (9),3.84,1.70,-0.58
76.902,0,Ceiling_3x3m (9),3.88,1.70,-0.58
76.943,0,Ceiling_3x3m (9),3.92,1.70,-0.56
76.974,0,Ceiling_3x3m (9),3.97,1.70,-0.55
77.009,0,Ceiling_3x3m (9),4.01,1.70,-0.54
77.038,0,Ceiling_3x3m (9),4.03,1.70,-0.51
77.079,0,Ceiling_3x3m (9),4.04,1.70,-0.48
77.108,0,Ceiling_3x3m (9),4.04,1.70,-0.46
77.136,0,Ceiling_3x3m (9),4.04,1.70,-0.43
77.180,0,Ceiling_3x3m (9),4.03,1.70,-0.41
77.204,0,Ceiling_3x3m (9),4.01,1.70,-0.39
77.246,0,Ceiling_3x3m (9),3.98,1.70,-0.39
77.276,0,Ceiling_3x3m (9),3.96,1.70,-0.39
77.301,0,Ceiling_3x3m (9),3.94,1.70,-0.39
77.333,0,Ceiling_3x3m (9),3.91,1.70,-0.40
77.372,0,Ceiling_3x3m (9),3.90,1.70,-0.41
77.399,0,Ceiling_3x3m (9),3.87,1.70,-0.42
77.446,0,Ceiling_3x3m (9),3.86,1.70,-0.43
77.473,0,Ceiling_3x3m (9),3.83,1.70,-0.44
77.511,0,Ceiling_3x3m (9),3.80,1.70,-0.47
77.539,0,Ceiling_3x3m (9),3.79,1.70,-0.49
77.567,0,Ceiling_3x3m (9),3.78,1.70,-0.51
77.609,0,Ceiling_3x3m (9),3.78,1.70,-0.54
77.637,0,Ceiling_3x3m (9),3.77,1.70,-0.55
77.667,0,Ceiling_3x3m (9),3.75,1.70,-0.56
77.707,0,Ceiling_3x3m (9),3.74,1.70,-0.58
77.735,0,Ceiling_3x3m (9),3.72,1.70,-0.59
78.003,0,Ceiling_3x3m (9),3.71,1.70,-0.75
78.003,0,Ceiling_3x3m (9),3.71,1.70,-0.75
78.003,0,Ceiling_3x3m (9),3.71,1.70,-0.75
78.003,0,Ceiling_3x3m (9),3.71,1.70,-0.75
78.003,0,Ceiling_3x3m (9),3.71,1.70,-0.75
78.003,0,Ceiling_3x3m (9),3.71,1.70,-0.75
78.003,0,Ceiling_3x3m (9),3.71,1.70,-0.75
78.003,0,Ceiling_3x3m (9),3.71,1.70,-0.75
78.185,0,Ceiling_3x3m (9),3.71,1.70,-0.78
78.185,0,Ceiling_3x3m (9),3.71,1.70,-0.78
78.185,0,Ceiling_3x3m (9),3.71,1.70,-0.78
78.185,0,Ceiling_3x3m (9),3.71,1.70,-0.78
78.185,0,Ceiling_3x3m (9),3.71,1.70,-0.78
