t,cond,pos.x,pos.y,pos.z,rot.x,rot.y,rot.z,rot.w
11.589,1,6.511,-1.054,-1.795,0.0000,-0.7148,0.0000,0.6993
11.589,1,6.511,-1.054,-1.795,0.0000,-0.7148,0.0000,0.6993
11.589,1,6.511,-1.054,-1.795,0.0000,-0.7148,0.0000,0.6993
11.589,1,6.511,-1.054,-1.795,0.0000,-0.7148,0.0000,0.6993
11.589,1,6.511,-1.054,-1.795,0.0000,-0.7148,0.0000,0.6993
11.589,1,6.511,-1.054,-1.795,0.0000,-0.7148,0.0000,0.6993
11.589,1,6.511,-1.054,-1.795,0.0000,-0.7148,0.0000,0.6993
11.589,1,6.511,-1.054,-1.795,0.0000,-0.7148,0.0000,0.6993
11.589,1,6.511,-1.054,-1.795,0.0000,-0.7148,0.0000,0.6993
11.589,1,6.511,-1.054,-1.795,0.0000,-0.7148,0.0000,0.6993
11.589,1,6.511,-1.054,-1.795,0.0000,-0.7148,0.0000,0.6993
11.589,1,6.511,-1.054,-1.795,0.0000,-0.7148,0.0000,0.6993
11.589,1,6.511,-1.054,-1.795,0.0000,-0.7148,0.0000,0.6993
11.589,1,6.511,-1.054,-1.795,0.0000,-0.7148,0.0000,0.6993
11.589,1,6.511,-1.054,-1.795,0.0000,-0.7148,0.0000,0.6993
11.589,1,6.511,-1.054,-1.795,0.0000,-0.7148,0.0000,0.6993
11.589,1,6.511,-1.054,-1.795,0.0000,-0.7148,0.0000,0.6993
11.589,1,6.511,-1.054,-1.795,0.0000,-0.7148,0.0000,0.6993
11.589,1,6.511,-1.054,-1.795,0.0000,-0.7148,0.0000,0.6993
11.589,1,6.511,-1.054,-1.795,0.0000,-0.7148,0.0000,0.6993
11.589,1,6.511,-1.054,-1.795,0.0000,-0.7148,0.0000,0.6993
11.589,1,6.511,-1.054,-1.795,0.0000,-0.7148,0.0000,0.6993
11.589,1,6.511,-1.054,-1.795,0.0000,-0.7148,0.0000,0.6993
11.589,1,6.511,-1.054,-1.795,0.0000,-0.7148,0.0000,0.6993
11.589,1,6.511,-1.054,-1.795,0.0000,-0.7148,0.0000,0.6993
11.589,1,6.511,-1.054,-1.795,0.0000,-0.7148,0.0000,0.6993
11.589,1,6.511,-1.054,-1.795,0.0000,-0.7148,0.0000,0.6993
11.589,1,6.511,-1.054,-1.795,0.0000,-0.7148,0.0000,0.6993
11.589,1,6.511,-1.054,-1.795,0.0000,-0.7148,0.0000,0.6993
11.589,1,6.511,-1.054,-1.795,0.0000,-0.7148,0.0000,0.6993
11.589,1,6.511,-1.054,-1.795,0.0000,-0.7148,0.0000,0.6993
11.589,1,6.511,-1.054,-1.795,0.0000,-0.7148,0.0000,0.6993
11.589,1,6.511,-1.054,-1.795,0.0000,-0.7148,0.0000,0.6993
11.589,1,6.511,-1.054,-1.795,0.0000,-0.7148,0.0000,0.6993
11.589,1,6.511,-1.054,-1.795,0.0000,-0.7148,0.0000,0.6993
11.589,1,6.511,-1.054,-1.795,0.0000,-0.7148,0.0000,0.6993
11.589,1,6.511,-1.054,-1.795,0.0000,-0.7148,0.0000,0.6993
11.589,1,6.511,-1.054,-1.795,0.0000,-0.7148,0.0000,0.6993
11.589,1,6.511,-1.054,-1.795,0.0000,-0.7148,0.0000,0.6993
11.589,1,6.511,-1.054,-1.795,0.0000,-0.7148,0.0000,0.6993
11.589,1,6.511,-1.054,-1.795,0.0000,-0.7148,0.0000,0.6993
11.589,1,6.511,-1.054,-1.795,0.0000,-0.7148,0.0000,0.6993
11.589,1,6.511,-1.054,-1.795,0.0000,-0.7148,0.0000,0.6993
11.589,1,6.511,-1.054,-1.795,0.0000,-0.7148,0.0000,0.6993
11.589,1,6.511,-1.054,-1.795,0.0000,-0.7148,0.0000,0.6993
11.589,1,6.511,-1.054,-1.795,0.0000,-0.7148,0.0000,0.6993
11.589,1,6.511,-1.054,-1.795,0.0000,-0.7148,0.0000,0.6993
11.589,1,6.511,-1.054,-1.795,0.0000,-0.7148,0.0000,0.6993
11.589,1,6.511,-1.054,-1.795,0.0000,-0.7148,0.0000,0.6993
11.589,1,6.511,-1.054,-1.795,0.0000,-0.7148,0.0000,0.6993
11.589,1,6.511,-1.054,-1.795,0.0000,-0.7148,0.0000,0.6993
11.589,1,6.511,-1.054,-1.795,0.0000,-0.7148,0.0000,0.6993
11.589,1,6.511,-1.054,-1.795,0.0000,-0.7148,0.0000,0.6993
11.589,1,6.511,-1.054,-1.795,0.0000,-0.7148,0.0000,0.6993
11.589,1,6.511,-1.054,-1.795,0.0000,-0.7148,0.0000,0.6993
11.589,1,6.511,-1.054,-1.795,0.0000,-0.7148,0.0000,0.6993
11.589,1,6.511,-1.054,-1.795,0.0000,-0.7148,0.0000,0.6993
11.589,1,6.511,-1.054,-1.795,0.0000,-0.7148,0.0000,0.6993
11.589,1,6.511,-1.054,-1.795,0.0000,-0.7148,0.0000,0.6993
11.589,1,6.511,-1.054,-1.795,0.0000,-0.7148,0.0000,0.6993
11.589,1,6.511,-1.054,-1.795,0.0000,-0.7148,0.0000,0.6993
11.589,1,6.511,-1.054,-1.795,0.0000,-0.7148,0.0000,0.6993
11.589,1,6.511,-1.054,-1.795,0.0000,-0.7148,0.0000,0.6993
11.589,1,6.511,-1.054,-1.795,0.0000,-0.7148,0.0000,0.6993
11.589,1,6.511,-1.054,-1.795,0.0000,-0.7148,0.0000,0.6993
11.589,1,6.511,-1.054,-1.795,0.0000,-0.7148,0.0000,0.6993
11.589,1,6.511,-1.054,-1.795,0.0000,-0.7148,0.0000,0.6993
11.589,1,6.511,-1.054,-1.795,0.0000,-0.7148,0.0000,0.6993
11.589,1,6.511,-1.054,-1.795,0.0000,-0.7148,0.0000,0.6993
11.589,1,6.511,-1.054,-1.795,0.0000,-0.7148,0.0000,0.6993
11.589,1,6.511,-1.054,-1.795,0.0000,-0.7148,0.0000,0.6993
11.589,1,6.511,-1.054,-1.795,0.0000,-0.7148,0.0000,0.6993
11.589,1,6.511,-1.054,-1.795,0.0000,-0.7148,0.0000,0.6993
11.589,1,6.511,-1.054,-1.795,0.0000,-0.7148,0.0000,0.6993
11.589,1,6.511,-1.054,-1.795,0.0000,-0.7148,0.0000,0.6993
11.589,1,6.511,-1.054,-1.795,0.0000,-0.7148,0.0000,0.6993
11.589,1,6.511,-1.054,-1.795,0.0000,-0.7148,0.0000,0.6993
11.589,1,6.511,-1.054,-1.795,0.0000,-0.7148,0.0000,0.6993
11.589,1,6.511,-1.054,-1.795,0.0000,-0.7148,0.0000,0.6993
11.589,1,6.511,-1.054,-1.795,0.0000,-0.7148,0.0000,0.6993
11.589,1,6.511,-1.054,-1.795,0.0000,-0.7148,0.0000,0.6993
11.589,1,6.511,-1.054,-1.795,0.0000,-0.7148,0.0000,0.6993
11.589,1,6.511,-1.054,-1.795,0.0000,-0.7148,0.0000,0.6993
11.589,1,6.511,-1.054,-1.795,0.0000,-0.7148,0.0000,0.6993
11.589,1,6.511,-1.054,-1.795,0.0000,-0.7148,0.0000,0.6993
11.589,1,6.511,-1.054,-1.795,0.0000,-0.7148,0.0000,0.6993
11.589,1,6.511,-1.054,-1.795,0.0000,-0.7148,0.0000,0.6993
11.589,1,6.511,-1.054,-1.795,0.0000,-0.7148,0.0000,0.6993
11.589,1,6.511,-1.054,-1.795,0.0000,-0.7148,0.0000,0.6993
11.589,1,6.511,-1.054,-1.795,0.0000,-0.7148,0.0000,0.6993
11.589,1,6.511,-1.054,-1.795,0.0000,-0.7148,0.0000,0.6993
11.589,1,6.511,-1.054,-1.795,0.0000,-0.7148,0.0000,0.6993
11.589,1,6.511,-1.054,-1.795,0.0000,-0.7148,0.0000,0.6993
11.589,1,6.511,-1.054,-1.795,0.0000,-0.7148,0.0000,0.6993
11.589,1,6.511,-1.054,-1.795,0.0000,-0.7148,0.0000,0.6993
11.589,1,6.511,-1.054,-1.795,0.0000,-0.7148,0.0000,0.6993
11.589,1,6.511,-1.054,-1.795,0.0000,-0.7148,0.0000,0.6993
11.589,1,6.511,-1.054,-1.795,0.0000,-0.7148,0.0000,0.6993
11.589,1,6.511,-1.054,-1.795,0.0000,-0.7148,0.0000,0.6993
11.589,1,6.511,-1.054,-1.795,0.0000,-0.7148,0.0000,0.6993
11.589,1,6.511,-1.054,-1.795,0.0000,-0.7148,0.0000,0.6993
11.589,1,6.511,-1.054,-1.795,0.0000,-0.7148,0.0000,0.6993
11.589,1,6.511,-1.054,-1.795,0.0000,-0.7148,0.0000,0.6993
11.589,1,6.511,-1.054,-1.795,0.0000,-0.7148,0.0000,0.6993
11.589,1,6.511,-1.054,-1.795,0.0000,-0.7148,0.0000,0.6993
11.589,1,6.511,-1.054,-1.795,0.0000,-0.7148,0.0000,0.6993
11.589,1,6.511,-1.054,-1.795,0.0000,-0.7148,0.0000,0.6993
11.589,1,6.511,-1.054,-1.795,0.0000,-0.7148,0.0000,0.6993
11.589,1,6.511,-1.054,-1.795,0.0000,-0.7148,0.0000,0.6993
11.589,1,6.511,-1.054,-1.795,0.0000,-0.7148,0.0000,0.6993
11.589,1,6.511,-1.054,-1.795,0.0000,-0.7148,0.0000,0.6993
11.589,1,6.511,-1.054,-1.795,0.0000,-0.7148,0.0000,0.6993
11.589,1,6.511,-1.054,-1.795,0.0000,-0.7148,0.0000,0.6993
11.589,1,6.511,-1.054,-1.795,0.0000,-0.7148,0.0000,0.6993
11.589,1,6.511,-1.054,-1.795,0.0000,-0.7148,0.0000,0.6993
11.589,1,6.511,-1.054,-1.795,0.0000,-0.7148,0.0000,0.6993
11.589,1,6.511,-1.054,-1.795,0.0000,-0.7148,0.0000,0.6993
11.589,1,6.511,-1.054,-1.795,0.0000,-0.7148,0.0000,0.6993
11.589,1,6.511,-1.054,-1.795,0.0000,-0.7148,0.0000,0.6993
11.589,1,6.511,-1.054,-1.795,0.0000,-0.7148,0.0000,0.6993
11.589,1,6.511,-1.054,-1.795,0.0000,-0.7148,0.0000,0.6993
11.589,1,6.511,-1.054,-1.795,0.0000,-0.7148,0.0000,0.6993
11.589,1,6.511,-1.054,-1.795,0.0000,-0.7148,0.0000,0.6993
11.589,1,6.511,-1.054,-1.795,0.0000,-0.7148,0.0000,0.6993
11.589,1,6.511,-1.054,-1.795,0.0000,-0.7148,0.0000,0.6993
11.589,1,6.511,-1.054,-1.795,0.0000,-0.7148,0.0000,0.6993
11.589,1,6.511,-1.054,-1.795,0.0000,-0.7148,0.0000,0.6993
11.589,1,6.511,-1.054,-1.795,0.0000,-0.7148,0.0000,0.6993
11.589,1,6.511,-1.054,-1.795,0.0000,-0.7148,0.0000,0.6993
11.589,1,6.511,-1.054,-1.795,0.0000,-0.7148,0.0000,0.6993
11.589,1,6.511,-1.054,-1.795,0.0000,-0.7148,0.0000,0.6993
11.589,1,6.511,-1.054,-1.795,0.0000,-0.7148,0.0000,0.6993
11.589,1,6.511,-1.054,-1.795,0.0000,-0.7148,0.0000,0.6993
11.589,1,6.511,-1.054,-1.795,0.0000,-0.7148,0.0000,0.6993
11.589,1,6.511,-1.054,-1.795,0.0000,-0.7148,0.0000,0.6993
11.589,1,6.511,-1.054,-1.795,0.0000,-0.7148,0.0000,0.6993
11.589,1,6.511,-1.054,-1.795,0.0000,-0.7148,0.0000,0.6993
11.589,1,6.511,-1.054,-1.795,0.0000,-0.7148,0.0000,0.6993
11.589,1,6.511,-1.054,-1.795,0.0000,-0.7148,0.0000,0.6993
11.589,1,6.511,-1.054,-1.795,0.0000,-0.7148,0.0000,0.6993
11.589,1,6.511,-1.054,-1.795,0.0000,-0.7148,0.0000,0.6993
11.589,1,6.511,-1.054,-1.795,0.0000,-0.7148,0.0000,0.6993
11.589,1,6.511,-1.054,-1.795,0.0000,-0.7148,0.0000,0.6993
11.589,1,6.511,-1.054,-1.795,0.0000,-0.7148,0.0000,0.6993
11.589,1,6.511,-1.054,-1.795,0.0000,-0.7148,0.0000,0.6993
11.589,1,6.511,-1.054,-1.795,0.0000,-0.7148,0.0000,0.6993
11.589,1,6.511,-1.054,-1.795,0.0000,-0.7148,0.0000,0.6993
11.589,1,6.511,-1.054,-1.795,0.0000,-0.7148,0.0000,0.6993
11.589,1,6.511,-1.054,-1.795,0.0000,-0.7148,0.0000,0.6993
11.589,1,6.511,-1.054,-1.795,0.0000,-0.7148,0.0000,0.6993
11.589,1,6.511,-1.054,-1.795,0.0000,-0.7148,0.0000,0.6993
11.589,1,6.511,-1.054,-1.795,0.0000,-0.7148,0.0000,0.6993
11.589,1,6.511,-1.054,-1.795,0.0000,-0.7148,0.0000,0.6993
11.589,1,6.511,-1.054,-1.795,0.0000,-0.7148,0.0000,0.6993
11.589,1,6.511,-1.054,-1.795,0.0000,-0.7148,0.0000,0.6993
11.589,1,6.511,-1.054,-1.795,0.0000,-0.7148,0.0000,0.6993
11.589,1,6.511,-1.054,-1.795,0.0000,-0.7148,0.0000,0.6993
11.589,1,6.511,-1.054,-1.795,0.0000,-0.7148,0.0000,0.6993
11.589,1,6.511,-1.054,-1.795,0.0000,-0.7148,0.0000,0.6993
11.589,1,6.511,-1.054,-1.795,0.0000,-0.7148,0.0000,0.6993
11.589,1,6.511,-1.054,-1.795,0.0000,-0.7148,0.0000,0.6993
11.589,1,6.511,-1.054,-1.795,0.0000,-0.7148,0.0000,0.6993
11.589,1,6.511,-1.054,-1.795,0.0000,-0.7148,0.0000,0.6993
11.589,1,6.511,-1.054,-1.795,0.0000,-0.7148,0.0000,0.6993
11.589,1,6.511,-1.054,-1.795,0.0000,-0.7148,0.0000,0.6993
11.589,1,6.511,-1.054,-1.795,0.0000,-0.7148,0.0000,0.6993
11.589,1,6.511,-1.054,-1.795,0.0000,-0.7148,0.0000,0.6993
11.589,1,6.511,-1.054,-1.795,0.0000,-0.7148,0.0000,0.6993
11.589,1,6.511,-1.054,-1.795,0.0000,-0.7148,0.0000,0.6993
11.589,1,6.511,-1.054,-1.795,0.0000,-0.7148,0.0000,0.6993
11.589,1,6.511,-1.054,-1.795,0.0000,-0.7148,0.0000,0.6993
11.589,1,6.511,-1.054,-1.795,0.0000,-0.7148,0.0000,0.6993
11.589,1,6.511,-1.054,-1.795,0.0000,-0.7148,0.0000,0.6993
11.589,1,6.511,-1.054,-1.795,0.0000,-0.7148,0.0000,0.6993
11.589,1,6.511,-1.054,-1.795,0.0000,-0.7148,0.0000,0.6993
11.589,1,6.511,-1.054,-1.795,0.0000,-0.7148,0.0000,0.6993
11.589,1,6.511,-1.054,-1.795,0.0000,-0.7148,0.0000,0.6993
11.589,1,6.511,-1.054,-1.795,0.0000,-0.7148,0.0000,0.6993
11.589,1,6.511,-1.054,-1.795,0.0000,-0.7148,0.0000,0.6993
11.589,1,6.511,-1.054,-1.795,0.0000,-0.7148,0.0000,0.6993
11.589,1,6.511,-1.054,-1.795,0.0000,-0.7148,0.0000,0.6993
11.589,1,6.511,-1.054,-1.795,0.0000,-0.7148,0.0000,0.6993
11.589,1,6.511,-1.054,-1.795,0.0000,-0.7148,0.0000,0.6993
11.589,1,6.511,-1.054,-1.795,0.0000,-0.7148,0.0000,0.6993
11.589,1,6.511,-1.054,-1.795,0.0000,-0.7148,0.0000,0.6993
11.589,1,6.511,-1.054,-1.795,0.0000,-0.7148,0.0000,0.6993
11.589,1,6.511,-1.054,-1.795,0.0000,-0.7148,0.0000,0.6993
11.589,1,6.511,-1.054,-1.795,0.0000,-0.7148,0.0000,0.6993
11.589,1,6.511,-1.054,-1.795,0.0000,-0.7148,0.0000,0.6993
11.589,1,6.511,-1.054,-1.795,0.0000,-0.7148,0.0000,0.6993
11.589,1,6.511,-1.054,-1.795,0.0000,-0.7148,0.0000,0.6993
11.589,1,6.511,-1.054,-1.795,0.0000,-0.7148,0.0000,0.6993
11.589,1,6.511,-1.054,-1.795,0.0000,-0.7148,0.0000,0.6993
11.589,1,6.511,-1.054,-1.795,0.0000,-0.7148,0.0000,0.6993
11.589,1,6.511,-1.054,-1.795,0.0000,-0.7148,0.0000,0.6993
11.589,1,6.511,-1.054,-1.795,0.0000,-0.7148,0.0000,0.6993
11.589,1,6.511,-1.054,-1.795,0.0000,-0.7148,0.0000,0.6993
11.589,1,6.511,-1.054,-1.795,0.0000,-0.7148,0.0000,0.6993
11.589,1,6.511,-1.054,-1.795,0.0000,-0.7148,0.0000,0.6993
11.589,1,6.511,-1.054,-1.795,0.0000,-0.7148,0.0000,0.6993
11.589,1,6.511,-1.054,-1.795,0.0000,-0.7148,0.0000,0.6993
11.589,1,6.511,-1.054,-1.795,0.0000,-0.7148,0.0000,0.6993
11.589,1,6.511,-1.054,-1.795,0.0000,-0.7148,0.0000,0.6993
11.589,1,6.511,-1.054,-1.795,0.0000,-0.7148,0.0000,0.6993
11.589,1,6.511,-1.054,-1.795,0.0000,-0.7148,0.0000,0.6993
11.589,1,6.511,-1.054,-1.795,0.0000,-0.7148,0.0000,0.6993
11.589,1,6.511,-1.054,-1.795,0.0000,-0.7148,0.0000,0.6993
11.589,1,6.511,-1.054,-1.795,0.0000,-0.7148,0.0000,0.6993
11.589,1,6.511,-1.054,-1.795,0.0000,-0.7148,0.0000,0.6993
11.589,1,6.511,-1.054,-1.795,0.0000,-0.7148,0.0000,0.6993
11.589,1,6.511,-1.054,-1.795,0.0000,-0.7148,0.0000,0.6993
11.589,1,6.511,-1.054,-1.795,0.0000,-0.7148,0.0000,0.6993
11.589,1,6.511,-1.054,-1.795,0.0000,-0.7148,0.0000,0.6993
11.589,1,6.511,-1.054,-1.795,0.0000,-0.7148,0.0000,0.6993
11.589,1,6.511,-1.054,-1.795,0.0000,-0.7148,0.0000,0.6993
11.589,1,6.511,-1.054,-1.795,0.0000,-0.7148,0.0000,0.6993
11.589,1,6.511,-1.054,-1.795,0.0000,-0.7148,0.0000,0.6993
11.589,1,6.511,-1.054,-1.795,0.0000,-0.7148,0.0000,0.6993
11.589,1,6.511,-1.054,-1.795,0.0000,-0.7148,0.0000,0.6993
11.589,1,6.511,-1.054,-1.795,0.0000,-0.7148,0.0000,0.6993
11.589,1,6.511,-1.054,-1.795,0.0000,-0.7148,0.0000,0.6993
11.589,1,6.511,-1.054,-1.795,0.0000,-0.7148,0.0000,0.6993
11.589,1,6.511,-1.054,-1.795,0.0000,-0.7148,0.0000,0.6993
11.589,1,6.511,-1.054,-1.795,0.0000,-0.7148,0.0000,0.6993
11.589,1,6.511,-1.054,-1.795,0.0000,-0.7148,0.0000,0.6993
11.589,1,6.511,-1.054,-1.795,0.0000,-0.7148,0.0000,0.6993
11.589,1,6.511,-1.054,-1.795,0.0000,-0.7148,0.0000,0.6993
11.589,1,6.511,-1.054,-1.795,0.0000,-0.7148,0.0000,0.6993
11.589,1,6.511,-1.054,-1.795,0.0000,-0.7148,0.0000,0.6993
11.589,1,6.511,-1.054,-1.795,0.0000,-0.7148,0.0000,0.6993
11.589,1,6.511,-1.054,-1.795,0.0000,-0.7148,0.0000,0.6993
11.589,1,6.511,-1.054,-1.795,0.0000,-0.7148,0.0000,0.6993
11.589,1,6.511,-1.054,-1.795,0.0000,-0.7148,0.0000,0.6993
11.589,1,6.511,-1.054,-1.795,0.0000,-0.7148,0.0000,0.6993
11.589,1,6.511,-1.054,-1.795,0.0000,-0.7148,0.0000,0.6993
11.589,1,6.511,-1.054,-1.795,0.0000,-0.7148,0.0000,0.6993
11.589,1,6.511,-1.054,-1.795,0.0000,-0.7148,0.0000,0.6993
11.589,1,6.511,-1.054,-1.795,0.0000,-0.7148,0.0000,0.6993
11.589,1,6.511,-1.054,-1.795,0.0000,-0.7148,0.0000,0.6993
11.589,1,6.511,-1.054,-1.795,0.0000,-0.7148,0.0000,0.6993
11.589,1,6.511,-1.054,-1.795,0.0000,-0.7148,0.0000,0.6993
11.589,1,6.511,-1.054,-1.795,0.0000,-0.7148,0.0000,0.6993
11.589,1,6.511,-1.054,-1.795,0.0000,-0.7148,0.0000,0.6993
11.589,1,6.511,-1.054,-1.795,0.0000,-0.7148,0.0000,0.6993
11.589,1,6.511,-1.054,-1.795,0.0000,-0.7148,0.0000,0.6993
11.589,1,6.511,-1.054,-1.795,0.0000,-0.7148,0.0000,0.6993
11.589,1,6.511,-1.054,-1.795,0.0000,-0.7148,0.0000,0.6993
11.589,1,6.511,-1.054,-1.795,0.0000,-0.7148,0.0000,0.6993
11.589,1,6.511,-1.054,-1.795,0.0000,-0.7148,0.0000,0.6993
11.589,1,6.511,-1.054,-1.795,0.0000,-0.7148,0.0000,0.6993
11.589,1,6.511,-1.054,-1.795,0.0000,-0.7148,0.0000,0.6993
11.589,1,6.511,-1.054,-1.795,0.0000,-0.7148,0.0000,0.6993
11.589,1,6.511,-1.054,-1.795,0.0000,-0.7148,0.0000,0.6993
11.589,1,6.511,-1.054,-1.795,0.0000,-0.7148,0.0000,0.6993
11.589,1,6.511,-1.054,-1.795,0.0000,-0.7148,0.0000,0.6993
11.589,1,6.511,-1.054,-1.795,0.0000,-0.7148,0.0000,0.6993
11.589,1,6.511,-1.054,-1.795,0.0000,-0.7148,0.0000,0.6993
11.589,1,6.511,-1.054,-1.795,0.0000,-0.7148,0.0000,0.6993
11.589,1,6.511,-1.054,-1.795,0.0000,-0.7148,0.0000,0.6993
11.589,1,6.511,-1.054,-1.795,0.0000,-0.7148,0.0000,0.6993
11.589,1,6.511,-1.054,-1.795,0.0000,-0.7148,0.0000,0.6993
11.589,1,6.511,-1.054,-1.795,0.0000,-0.7148,0.0000,0.6993
11.589,1,6.511,-1.054,-1.795,0.0000,-0.7148,0.0000,0.6993
11.589,1,6.511,-1.054,-1.795,0.0000,-0.7148,0.0000,0.6993
11.589,1,6.511,-1.054,-1.795,0.0000,-0.7148,0.0000,0.6993
11.589,1,6.511,-1.054,-1.795,0.0000,-0.7148,0.0000,0.6993
11.589,1,6.511,-1.054,-1.795,0.0000,-0.7148,0.0000,0.6993
11.589,1,6.511,-1.054,-1.795,0.0000,-0.7148,0.0000,0.6993
11.589,1,6.511,-1.054,-1.795,0.0000,-0.7148,0.0000,0.6993
11.589,1,6.511,-1.054,-1.795,0.0000,-0.7148,0.0000,0.6993
11.589,1,6.511,-1.054,-1.795,0.0000,-0.7148,0.0000,0.6993
11.589,1,6.511,-1.054,-1.795,0.0000,-0.7148,0.0000,0.6993
11.589,1,6.511,-1.054,-1.795,0.0000,-0.7148,0.0000,0.6993
11.589,1,6.511,-1.054,-1.795,0.0000,-0.7148,0.0000,0.6993
11.589,1,6.511,-1.054,-1.795,0.0000,-0.7148,0.0000,0.6993
11.589,1,6.511,-1.054,-1.795,0.0000,-0.7148,0.0000,0.6993
11.589,1,6.511,-1.054,-1.795,0.0000,-0.7148,0.0000,0.6993
11.589,1,6.511,-1.054,-1.795,0.0000,-0.7148,0.0000,0.6993
11.589,1,6.511,-1.054,-1.795,0.0000,-0.7148,0.0000,0.6993
11.589,1,6.511,-1.054,-1.795,0.0000,-0.7148,0.0000,0.6993
11.589,1,6.511,-1.054,-1.795,0.0000,-0.7148,0.0000,0.6993
11.589,1,6.511,-1.054,-1.795,0.0000,-0.7148,0.0000,0.6993
11.589,1,6.511,-1.054,-1.795,0.0000,-0.7148,0.0000,0.6993
11.589,1,6.511,-1.054,-1.795,0.0000,-0.7148,0.0000,0.6993
11.589,1,6.511,-1.054,-1.795,0.0000,-0.7148,0.0000,0.6993
11.589,1,6.511,-1.054,-1.795,0.0000,-0.7148,0.0000,0.6993
11.589,1,6.511,-1.054,-1.795,0.0000,-0.7148,0.0000,0.6993
11.589,1,6.511,-1.054,-1.795,0.0000,-0.7148,0.0000,0.6993
11.589,1,6.511,-1.054,-1.795,0.0000,-0.7148,0.0000,0.6993
11.589,1,6.511,-1.054,-1.795,0.0000,-0.7148,0.0000,0.6993
11.589,1,6.511,-1.054,-1.795,0.0000,-0.7148,0.0000,0.6993
11.589,1,6.511,-1.054,-1.795,0.0000,-0.7148,0.0000,0.6993
11.589,1,6.511,-1.054,-1.795,0.0000,-0.7148,0.0000,0.6993
11.589,1,6.511,-1.054,-1.795,0.0000,-0.7148,0.0000,0.6993
11.589,1,6.511,-1.054,-1.795,0.0000,-0.7148,0.0000,0.6993
11.589,1,6.511,-1.054,-1.795,0.0000,-0.7148,0.0000,0.6993
11.589,1,6.511,-1.054,-1.795,0.0000,-0.7148,0.0000,0.6993
11.589,1,6.511,-1.054,-1.795,0.0000,-0.7148,0.0000,0.6993
11.589,1,6.511,-1.054,-1.795,0.0000,-0.7148,0.0000,0.6993
11.589,1,6.511,-1.054,-1.795,0.0000,-0.7148,0.0000,0.6993
11.589,1,6.511,-1.054,-1.795,0.0000,-0.7148,0.0000,0.6993
11.589,1,6.511,-1.054,-1.795,0.0000,-0.7148,0.0000,0.6993
11.589,1,6.511,-1.054,-1.795,0.0000,-0.7148,0.0000,0.6993
11.589,1,6.511,-1.054,-1.795,0.0000,-0.7148,0.0000,0.6993
11.589,1,6.511,-1.054,-1.795,0.0000,-0.7148,0.0000,0.6993
11.589,1,6.511,-1.054,-1.795,0.0000,-0.7148,0.0000,0.6993
11.589,1,6.511,-1.054,-1.795,0.0000,-0.7148,0.0000,0.6993
11.589,1,6.511,-1.054,-1.795,0.0000,-0.7148,0.0000,0.6993
11.589,1,6.511,-1.054,-1.795,0.0000,-0.7148,0.0000,0.6993
11.589,1,6.511,-1.054,-1.795,0.0000,-0.7148,0.0000,0.6993
11.589,1,6.511,-1.054,-1.795,0.0000,-0.7148,0.0000,0.6993
11.589,1,6.511,-1.054,-1.795,0.0000,-0.7148,0.0000,0.6993
11.589,1,6.511,-1.054,-1.795,0.0000,-0.7148,0.0000,0.6993
11.589,1,6.511,-1.054,-1.795,0.0000,-0.7148,0.0000,0.6993
11.589,1,6.511,-1.054,-1.795,0.0000,-0.7148,0.0000,0.6993
11.589,1,6.511,-1.054,-1.795,0.0000,-0.7148,0.0000,0.6993
11.589,1,6.511,-1.054,-1.795,0.0000,-0.7148,0.0000,0.6993
11.589,1,6.511,-1.054,-1.795,0.0000,-0.7148,0.0000,0.6993
11.589,1,6.511,-1.054,-1.795,0.0000,-0.7148,0.0000,0.6993
11.589,1,6.511,-1.054,-1.795,0.0000,-0.7148,0.0000,0.6993
11.589,1,6.511,-1.054,-1.795,0.0000,-0.7148,0.0000,0.6993
11.589,1,6.511,-1.054,-1.795,0.0000,-0.7148,0.0000,0.6993
11.589,1,6.511,-1.054,-1.795,0.0000,-0.7148,0.0000,0.6993
11.589,1,6.511,-1.054,-1.795,0.0000,-0.7148,0.0000,0.6993
11.589,1,6.511,-1.054,-1.795,0.0000,-0.7148,0.0000,0.6993
11.589,1,6.511,-1.054,-1.795,0.0000,-0.7148,0.0000,0.6993
11.589,1,6.511,-1.054,-1.795,0.0000,-0.7148,0.0000,0.6993
11.589,1,6.511,-1.054,-1.795,0.0000,-0.7148,0.0000,0.6993
11.589,1,6.511,-1.054,-1.795,0.0000,-0.7148,0.0000,0.6993
11.589,1,6.511,-1.054,-1.795,0.0000,-0.7148,0.0000,0.6993
11.589,1,6.511,-1.054,-1.795,0.0000,-0.7148,0.0000,0.6993
11.589,1,6.511,-1.054,-1.795,0.0000,-0.7148,0.0000,0.6993
11.589,1,6.511,-1.054,-1.795,0.0000,-0.7148,0.0000,0.6993
11.589,1,6.511,-1.054,-1.795,0.0000,-0.7148,0.0000,0.6993
11.589,1,6.511,-1.054,-1.795,0.0000,-0.7148,0.0000,0.6993
11.589,1,6.511,-1.054,-1.795,0.0000,-0.7148,0.0000,0.6993
11.589,1,6.511,-1.054,-1.795,0.0000,-0.7148,0.0000,0.6993
11.589,1,6.511,-1.054,-1.795,0.0000,-0.7148,0.0000,0.6993
11.589,1,6.511,-1.054,-1.795,0.0000,-0.7148,0.0000,0.6993
11.589,1,6.511,-1.054,-1.795,0.0000,-0.7148,0.0000,0.6993
11.589,1,6.511,-1.054,-1.795,0.0000,-0.7148,0.0000,0.6993
11.589,1,6.511,-1.054,-1.795,0.0000,-0.7148,0.0000,0.6993
11.589,1,6.511,-1.054,-1.795,0.0000,-0.7148,0.0000,0.6993
11.589,1,6.511,-1.054,-1.795,0.0000,-0.7148,0.0000,0.6993
11.589,1,6.511,-1.054,-1.795,0.0000,-0.7148,0.0000,0.6993
11.589,1,6.511,-1.054,-1.795,0.0000,-0.7148,0.0000,0.6993
11.589,1,6.511,-1.054,-1.795,0.0000,-0.7148,0.0000,0.6993
11.589,1,6.511,-1.054,-1.795,0.0000,-0.7148,0.0000,0.6993
11.732,1,6.511,-1.182,-1.795,0.0000,-0.7148,0.0000,0.6993
11.732,1,6.511,-1.182,-1.795,0.0000,-0.7148,0.0000,0.6993
11.732,1,6.511,-1.182,-1.795,0.0000,-0.7148,0.0000,0.6993
11.732,1,6.511,-1.182,-1.795,0.0000,-0.7148,0.0000,0.6993
11.747,1,6.511,-1.708,-1.795,0.0000,-0.7148,0.0000,0.6993
11.771,1,6.511,-1.736,-1.795,0.0000,-0.7148,0.0000,0.6993
11.800,1,6.511,-1.796,-1.795,0.0000,-0.7148,0.0000,0.6993
11.839,1,6.511,-1.693,-1.795,0.0000,-0.7148,0.0000,0.6993
11.870,1,6.511,-1.620,-1.795,0.0000,-0.7148,0.0000,0.6993
11.910,1,6.511,-1.613,-1.795,0.0000,-0.7148,0.0000,0.6993
11.938,1,6.511,-1.641,-1.795,0.0000,-0.7148,0.0000,0.6993
11.982,1,6.511,-1.654,-1.795,0.0000,-0.7148,0.0000,0.6993
12.008,1,6.511,-1.638,-1.795,0.0000,-0.7148,0.0000,0.6993
12.037,1,6.511,-1.646,-1.795,0.0000,-0.7148,0.0000,0.6993
12.077,1,6.511,-1.646,-1.795,0.0000,-0.7148,0.0000,0.6993
12.106,1,6.511,-1.646,-1.795,0.0000,-0.7148,0.0000,0.6993
12.134,1,6.511,-1.646,-1.795,0.0000,-0.7148,0.0000,0.6993
12.176,1,6.511,-1.646,-1.795,0.0000,-0.7148,0.0000,0.6993
12.307,1,6.648,-0.568,-1.892,-0.1827,-0.3254,-0.1837,0.9094
12.307,1,6.648,-0.568,-1.892,-0.1827,-0.3254,-0.1837,0.9094
12.307,1,6.648,-0.568,-1.892,-0.1827,-0.3254,-0.1837,0.9094
12.307,1,6.648,-0.568,-1.892,-0.1827,-0.3254,-0.1837,0.9094
12.364,1,6.648,-0.718,-1.892,-0.1829,-0.3250,-0.1841,0.9094
12.394,1,6.648,-0.718,-1.892,-0.1832,-0.3248,-0.1849,0.9093
12.421,1,6.648,-0.718,-1.892,-0.1836,-0.3247,-0.1846,0.9093
12.437,1,6.648,-0.718,-1.892,-0.1835,-0.3247,-0.1842,0.9094
12.478,1,6.649,-0.718,-1.892,-0.1828,-0.3246,-0.1846,0.9095
12.507,1,6.649,-0.718,-1.892,-0.1830,-0.3242,-0.1847,0.9096
12.535,1,6.649,-0.718,-1.892,-0.1836,-0.3241,-0.1848,0.9095
12.579,1,6.649,-0.718,-1.892,-0.1834,-0.3243,-0.1850,0.9094
12.607,1,6.649,-0.718,-1.892,-0.1834,-0.3244,-0.1848,0.9094
12.633,1,6.649,-0.718,-1.892,-0.1838,-0.3246,-0.1849,0.9092
12.675,1,6.649,-0.718,-1.892,-0.1842,-0.3245,-0.1854,0.9090
12.703,1,6.649,-0.718,-1.892,-0.1839,-0.3245,-0.1853,0.9092
12.745,1,6.649,-0.718,-1.892,-0.1836,-0.3243,-0.1850,0.9093
12.773,1,6.649,-0.718,-1.892,-0.1836,-0.3246,-0.1852,0.9092
12.800,1,6.648,-0.718,-1.892,-0.1831,-0.3253,-0.1854,0.9090
12.844,1,6.648,-0.719,-1.892,-0.1821,-0.3259,-0.1849,0.9091
12.871,1,6.648,-0.719,-1.892,-0.1819,-0.3261,-0.1847,0.9091
12.915,1,6.648,-0.719,-1.891,-0.1818,-0.3262,-0.1846,0.9091
12.940,1,6.648,-0.719,-1.891,-0.1817,-0.3264,-0.1847,0.9090
12.968,1,6.648,-0.719,-1.891,-0.1816,-0.3266,-0.1846,0.9090
13.010,1,6.648,-0.719,-1.892,-0.1818,-0.3270,-0.1848,0.9088
13.038,1,6.648,-0.719,-1.892,-0.1818,-0.3276,-0.1849,0.9085
13.080,1,6.648,-0.719,-1.892,-0.1819,-0.3279,-0.1850,0.9084
13.108,1,6.648,-0.719,-1.892,-0.1818,-0.3284,-0.1853,0.9082
13.135,1,6.647,-0.719,-1.892,-0.1817,-0.3290,-0.1855,0.9079
13.178,1,6.647,-0.719,-1.892,-0.1815,-0.3294,-0.1855,0.9078
13.207,1,6.647,-0.719,-1.892,-0.1816,-0.3294,-0.1854,0.9078
13.247,1,6.647,-0.718,-1.892,-0.1818,-0.3293,-0.1854,0.9078
13.275,1,6.647,-0.718,-1.892,-0.1821,-0.3292,-0.1857,0.9078
13.303,1,6.648,-0.718,-1.892,-0.1825,-0.3287,-0.1858,0.9078
13.345,1,6.648,-0.718,-1.892,-0.1824,-0.3289,-0.1854,0.9079
13.374,1,6.648,-0.718,-1.892,-0.1823,-0.3290,-0.1854,0.9078
13.416,1,6.648,-0.719,-1.892,-0.1820,-0.3291,-0.1861,0.9077
13.443,1,6.648,-0.719,-1.892,-0.1823,-0.3297,-0.1863,0.9074
13.470,1,6.648,-0.719,-1.892,-0.1824,-0.3303,-0.1864,0.9071
13.512,1,6.648,-0.718,-1.892,-0.1820,-0.3304,-0.1865,0.9072
13.540,1,6.648,-0.719,-1.892,-0.1821,-0.3305,-0.1865,0.9071
13.568,1,6.648,-0.718,-1.892,-0.1828,-0.3309,-0.1869,0.9067
13.609,1,6.648,-0.718,-1.892,-0.1824,-0.3313,-0.1870,0.9067
13.638,1,6.647,-0.718,-1.892,-0.1824,-0.3323,-0.1874,0.9062
13.682,1,6.647,-0.718,-1.892,-0.1823,-0.3354,-0.1882,0.9049
13.707,1,6.647,-0.718,-1.892,-0.1819,-0.3370,-0.1885,0.9043
13.735,1,6.646,-0.718,-1.892,-0.1813,-0.3387,-0.1891,0.9037
13.775,1,6.646,-0.718,-1.893,-0.1811,-0.3413,-0.1901,0.9025
13.803,1,6.646,-0.718,-1.893,-0.1804,-0.3428,-0.1910,0.9019
13.835,1,6.645,-0.718,-1.893,-0.1801,-0.3444,-0.1917,0.9012
13.872,1,6.645,-0.718,-1.893,-0.1805,-0.3471,-0.1920,0.9001
13.901,1,6.645,-0.718,-1.893,-0.1802,-0.3483,-0.1922,0.8996
13.942,1,6.644,-0.718,-1.894,-0.1798,-0.3500,-0.1924,0.8990
13.973,1,6.644,-0.718,-1.894,-0.1802,-0.3507,-0.1924,0.8986
14.012,1,6.644,-0.718,-1.894,-0.1802,-0.3514,-0.1927,0.8983
14.041,1,6.644,-0.718,-1.894,-0.1801,-0.3517,-0.1929,0.8981
14.068,1,6.644,-0.718,-1.894,-0.1801,-0.3515,-0.1927,0.8982
14.108,1,6.644,-0.718,-1.894,-0.1804,-0.3510,-0.1921,0.8985
14.135,1,6.644,-0.718,-1.894,-0.1807,-0.3505,-0.1922,0.8986
14.176,1,6.644,-0.718,-1.894,-0.1808,-0.3503,-0.1928,0.8986
14.204,1,6.644,-0.718,-1.894,-0.1811,-0.3499,-0.1929,0.8986
14.246,1,6.645,-0.718,-1.893,-0.1812,-0.3492,-0.1936,0.8987
14.274,1,6.645,-0.718,-1.893,-0.1807,-0.3489,-0.1935,0.8990
14.302,1,6.645,-0.718,-1.893,-0.1804,-0.3486,-0.1931,0.8992
14.344,1,6.645,-0.718,-1.893,-0.1803,-0.3479,-0.1943,0.8993
14.371,1,6.646,-0.718,-1.893,-0.1807,-0.3477,-0.1945,0.8992
14.412,1,6.646,-0.718,-1.893,-0.1809,-0.3474,-0.1950,0.8992
14.440,1,6.646,-0.718,-1.893,-0.1808,-0.3470,-0.1952,0.8994
14.468,1,6.646,-0.718,-1.893,-0.1809,-0.3468,-0.1951,0.8994
14.509,1,6.646,-0.718,-1.893,-0.1817,-0.3464,-0.1958,0.8993
14.537,1,6.646,-0.718,-1.893,-0.1814,-0.3461,-0.1958,0.8994
14.578,1,6.646,-0.718,-1.893,-0.1809,-0.3460,-0.1954,0.8996
14.606,1,6.646,-0.718,-1.892,-0.1805,-0.3460,-0.1954,0.8997
14.634,1,6.646,-0.718,-1.892,-0.1800,-0.3462,-0.1953,0.8998
14.677,1,6.646,-0.718,-1.892,-0.1798,-0.3464,-0.1949,0.8998
14.705,1,6.646,-0.718,-1.892,-0.1796,-0.3465,-0.1949,0.8999
14.734,1,6.646,-0.718,-1.892,-0.1796,-0.3465,-0.1950,0.8998
14.777,1,6.646,-0.718,-1.893,-0.1800,-0.3463,-0.1948,0.8999
14.805,1,6.646,-0.718,-1.893,-0.1804,-0.3461,-0.1947,0.8999
14.846,1,6.646,-0.718,-1.893,-0.1807,-0.3458,-0.1947,0.8999
14.875,1,6.646,-0.718,-1.893,-0.1809,-0.3460,-0.1947,0.8998
14.902,1,6.646,-0.718,-1.893,-0.1811,-0.3459,-0.1948,0.8998
14.944,1,6.646,-0.718,-1.893,-0.1812,-0.3460,-0.1951,0.8997
14.972,1,6.646,-0.718,-1.893,-0.1812,-0.3462,-0.1953,0.8995
15.013,1,6.646,-0.718,-1.893,-0.1816,-0.3458,-0.1955,0.8996
15.041,1,6.646,-0.718,-1.893,-0.1815,-0.3454,-0.1954,0.8998
15.070,1,6.646,-0.718,-1.893,-0.1814,-0.3451,-0.1954,0.8999
15.113,1,6.647,-0.718,-1.893,-0.1815,-0.3448,-0.1954,0.9000
15.140,1,6.647,-0.718,-1.893,-0.1814,-0.3447,-0.1956,0.9000
15.167,1,6.647,-0.718,-1.892,-0.1814,-0.3446,-0.1959,0.9000
15.210,1,6.647,-0.718,-1.892,-0.1815,-0.3443,-0.1964,0.9000
15.238,1,6.647,-0.718,-1.892,-0.1811,-0.3444,-0.1960,0.9001
15.278,1,6.647,-0.718,-1.892,-0.1808,-0.3446,-0.1957,0.9001
15.306,1,6.647,-0.718,-1.892,-0.1807,-0.3445,-0.1963,0.9001
15.334,1,6.647,-0.718,-1.892,-0.1806,-0.3444,-0.1963,0.9001
15.378,1,6.647,-0.719,-1.892,-0.1804,-0.3444,-0.1964,0.9002
15.406,1,6.647,-0.718,-1.892,-0.1805,-0.3442,-0.1965,0.9002
15.446,1,6.647,-0.718,-1.892,-0.1812,-0.3439,-0.1964,0.9002
15.473,1,6.647,-0.718,-1.892,-0.1814,-0.3435,-0.1968,0.9002
15.501,1,6.647,-0.718,-1.892,-0.1813,-0.3432,-0.1965,0.9004
15.542,1,6.647,-0.718,-1.892,-0.1812,-0.3431,-0.1964,0.9005
15.571,1,6.647,-0.719,-1.892,-0.1808,-0.3431,-0.1966,0.9005
15.613,1,6.647,-0.719,-1.892,-0.1804,-0.3435,-0.1964,0.9005
15.641,1,6.647,-0.719,-1.892,-0.1802,-0.3436,-0.1963,0.9005
15.669,1,6.647,-0.719,-1.892,-0.1801,-0.3435,-0.1961,0.9006
15.712,1,6.647,-0.719,-1.892,-0.1801,-0.3433,-0.1960,0.9007
15.738,1,6.647,-0.719,-1.892,-0.1802,-0.3434,-0.1962,0.9006
15.779,1,6.647,-0.719,-1.892,-0.1802,-0.3435,-0.1960,0.9006
15.808,1,6.647,-0.719,-1.892,-0.1802,-0.3435,-0.1961,0.9006
15.837,1,6.647,-0.719,-1.892,-0.1803,-0.3435,-0.1963,0.9006
15.877,1,6.647,-0.719,-1.892,-0.1802,-0.3433,-0.1962,0.9007
15.907,1,6.647,-0.719,-1.892,-0.1801,-0.3432,-0.1964,0.9007
15.936,1,6.647,-0.719,-1.892,-0.1798,-0.3429,-0.1966,0.9008
15.978,1,6.647,-0.719,-1.892,-0.1799,-0.3426,-0.1967,0.9009
16.004,1,6.647,-0.719,-1.892,-0.1798,-0.3424,-0.1966,0.9010
16.044,1,6.647,-0.719,-1.892,-0.1796,-0.3422,-0.1966,0.9011
16.071,1,6.647,-0.719,-1.892,-0.1797,-0.3422,-0.1966,0.9011
16.113,1,6.647,-0.719,-1.891,-0.1797,-0.3421,-0.1968,0.9011
16.142,1,6.647,-0.719,-1.891,-0.1800,-0.3421,-0.1972,0.9009
16.169,1,6.647,-0.719,-1.891,-0.1800,-0.3420,-0.1974,0.9010
16.211,1,6.647,-0.719,-1.891,-0.1795,-0.3421,-0.1967,0.9012
16.240,1,6.647,-0.719,-1.891,-0.1794,-0.3420,-0.1967,0.9012
16.268,1,6.647,-0.719,-1.891,-0.1794,-0.3419,-0.1972,0.9011
16.309,1,6.647,-0.719,-1.891,-0.1796,-0.3419,-0.1971,0.9011
16.339,1,6.647,-0.719,-1.891,-0.1797,-0.3420,-0.1973,0.9010
16.379,1,6.647,-0.719,-1.891,-0.1798,-0.3419,-0.1973,0.9011
16.407,1,6.648,-0.719,-1.891,-0.1803,-0.3419,-0.1972,0.9010
16.436,1,6.648,-0.719,-1.891,-0.1801,-0.3415,-0.1976,0.9010
16.477,1,6.648,-0.719,-1.891,-0.1797,-0.3413,-0.1971,0.9013
16.505,1,6.647,-0.719,-1.891,-0.1794,-0.3413,-0.1970,0.9014
16.548,1,6.647,-0.719,-1.891,-0.1794,-0.3415,-0.1969,0.9013
16.575,1,6.647,-0.719,-1.891,-0.1796,-0.3417,-0.1969,0.9012
16.603,1,6.647,-0.719,-1.891,-0.1797,-0.3417,-0.1969,0.9012
16.644,1,6.647,-0.719,-1.891,-0.1794,-0.3417,-0.1968,0.9013
16.671,1,6.647,-0.719,-1.891,-0.1795,-0.3416,-0.1967,0.9013
16.714,1,6.647,-0.719,-1.891,-0.1798,-0.3416,-0.1970,0.9012
16.741,1,6.647,-0.719,-1.891,-0.1796,-0.3416,-0.1970,0.9013
16.768,1,6.647,-0.719,-1.891,-0.1796,-0.3416,-0.1970,0.9013
16.810,1,6.648,-0.719,-1.891,-0.1793,-0.3415,-0.1971,0.9013
16.839,1,6.648,-0.719,-1.891,-0.1793,-0.3414,-0.1970,0.9014
16.881,1,6.648,-0.719,-1.891,-0.1795,-0.3415,-0.1971,0.9013
16.907,1,6.648,-0.719,-1.891,-0.1795,-0.3416,-0.1973,0.9012
16.947,1,6.648,-0.719,-1.891,-0.1797,-0.3416,-0.1975,0.9011
16.974,1,6.648,-0.719,-1.891,-0.1797,-0.3414,-0.1975,0.9012
17.002,1,6.648,-0.719,-1.891,-0.1797,-0.3412,-0.1974,0.9013
17.049,1,6.648,-0.719,-1.891,-0.1793,-0.3410,-0.1974,0.9014
17.076,1,6.648,-0.719,-1.891,-0.1794,-0.3410,-0.1974,0.9015
17.105,1,6.648,-0.719,-1.891,-0.1798,-0.3410,-0.1980,0.9012
17.133,1,6.648,-0.719,-1.891,-0.1797,-0.3407,-0.1982,0.9013
17.177,1,6.648,-0.719,-1.891,-0.1792,-0.3409,-0.1971,0.9016
17.206,1,6.648,-0.719,-1.891,-0.1792,-0.3412,-0.1973,0.9014
17.246,1,6.648,-0.719,-1.891,-0.1791,-0.3412,-0.1978,0.9013
17.272,1,6.648,-0.719,-1.891,-0.1792,-0.3415,-0.1976,0.9012
17.312,1,6.648,-0.719,-1.891,-0.1794,-0.3416,-0.1982,0.9010
17.341,1,6.648,-0.719,-1.891,-0.1796,-0.3414,-0.1983,0.9010
17.379,1,6.648,-0.719,-1.891,-0.1796,-0.3411,-0.1985,0.9011
17.406,1,6.648,-0.719,-1.891,-0.1794,-0.3407,-0.1986,0.9013
17.448,1,6.648,-0.719,-1.891,-0.1791,-0.3403,-0.1981,0.9016
17.474,1,6.648,-0.719,-1.891,-0.1785,-0.3402,-0.1983,0.9017
17.502,1,6.648,-0.719,-1.891,-0.1782,-0.3404,-0.1980,0.9018
17.544,1,6.648,-0.719,-1.891,-0.1780,-0.3408,-0.1982,0.9016
17.574,1,6.648,-0.719,-1.891,-0.1781,-0.3411,-0.1982,0.9015
17.602,1,6.648,-0.719,-1.891,-0.1778,-0.3413,-0.1980,0.9015
17.642,1,6.648,-0.719,-1.891,-0.1781,-0.3412,-0.1978,0.9015
17.671,1,6.648,-0.719,-1.891,-0.1783,-0.3411,-0.1977,0.9015
17.713,1,6.648,-0.719,-1.891,-0.1784,-0.3408,-0.1979,0.9016
17.741,1,6.648,-0.719,-1.891,-0.1783,-0.3408,-0.1979,0.9016
17.769,1,6.648,-0.719,-1.891,-0.1783,-0.3407,-0.1979,0.9016
17.811,1,6.648,-0.719,-1.891,-0.1785,-0.3408,-0.1981,0.9015
17.839,1,6.648,-0.719,-1.891,-0.1785,-0.3411,-0.1982,0.9014
17.880,1,6.648,-0.719,-1.891,-0.1788,-0.3412,-0.1983,0.9013
17.909,1,6.648,-0.719,-1.891,-0.1791,-0.3411,-0.1982,0.9013
17.936,1,6.648,-0.719,-1.891,-0.1794,-0.3407,-0.1983,0.9014
17.978,1,6.648,-0.719,-1.891,-0.1797,-0.3403,-0.1985,0.9014
18.005,1,6.649,-0.719,-1.891,-0.1797,-0.3400,-0.1986,0.9015
18.047,1,6.649,-0.719,-1.891,-0.1800,-0.3398,-0.1988,0.9015
18.074,1,6.649,-0.719,-1.891,-0.1802,-0.3395,-0.1995,0.9014
18.103,1,6.649,-0.719,-1.891,-0.1800,-0.3391,-0.1995,0.9016
18.144,1,6.649,-0.719,-1.891,-0.1794,-0.3390,-0.1989,0.9018
18.172,1,6.649,-0.719,-1.891,-0.1794,-0.3390,-0.1992,0.9018
18.201,1,6.649,-0.719,-1.891,-0.1795,-0.3391,-0.1997,0.9016
18.242,1,6.649,-0.719,-1.891,-0.1791,-0.3393,-0.1996,0.9016
18.270,1,6.649,-0.719,-1.891,-0.1789,-0.3393,-0.1997,0.9016
18.312,1,6.649,-0.719,-1.891,-0.1794,-0.3391,-0.1995,0.9017
18.341,1,6.649,-0.719,-1.891,-0.1793,-0.3389,-0.1997,0.9017
18.369,1,6.649,-0.719,-1.891,-0.1790,-0.3389,-0.1999,0.9018
18.411,1,6.649,-0.719,-1.891,-0.1786,-0.3391,-0.1995,0.9018
18.440,1,6.649,-0.719,-1.891,-0.1784,-0.3392,-0.1996,0.9018
18.467,1,6.649,-0.719,-1.891,-0.1781,-0.3394,-0.1995,0.9018
18.509,1,6.649,-0.719,-1.890,-0.1778,-0.3401,-0.1994,0.9016
18.537,1,6.649,-0.719,-1.891,-0.1777,-0.3404,-0.1993,0.9016
18.578,1,6.648,-0.719,-1.891,-0.1777,-0.3407,-0.1994,0.9014
18.605,1,6.648,-0.719,-1.891,-0.1777,-0.3408,-0.1993,0.9014
18.647,1,6.649,-0.719,-1.891,-0.1777,-0.3405,-0.1991,0.9016
18.675,1,6.649,-0.719,-1.891,-0.1778,-0.3404,-0.1993,0.9015
18.703,1,6.648,-0.719,-1.891,-0.1780,-0.3404,-0.1993,0.9015
18.745,1,6.649,-0.719,-1.891,-0.1778,-0.3405,-0.1992,0.9015
18.774,1,6.649,-0.719,-1.891,-0.1780,-0.3407,-0.1995,0.9013
18.802,1,6.649,-0.719,-1.891,-0.1784,-0.3408,-0.1998,0.9012
18.843,1,6.649,-0.719,-1.891,-0.1782,-0.3409,-0.1999,0.9011
18.871,1,6.649,-0.719,-1.891,-0.1784,-0.3409,-0.2000,0.9011
18.913,1,6.649,-0.719,-1.891,-0.1784,-0.3407,-0.2001,0.9011
18.941,1,6.649,-0.719,-1.891,-0.1782,-0.3405,-0.2002,0.9012
18.969,1,6.649,-0.719,-1.891,-0.1781,-0.3404,-0.2001,0.9013
19.010,1,6.649,-0.719,-1.890,-0.1783,-0.3400,-0.2004,0.9014
19.039,1,6.649,-0.719,-1.890,-0.1781,-0.3398,-0.2008,0.9014
19.081,1,6.649,-0.719,-1.890,-0.1774,-0.3400,-0.2003,0.9015
19.108,1,6.649,-0.719,-1.890,-0.1774,-0.3402,-0.2001,0.9015
19.135,1,6.649,-0.719,-1.890,-0.1773,-0.3402,-0.2005,0.9014
19.178,1,6.649,-0.719,-1.890,-0.1774,-0.3405,-0.2005,0.9013
19.206,1,6.649,-0.719,-1.890,-0.1772,-0.3406,-0.2006,0.9013
19.235,1,6.649,-0.719,-1.890,-0.1773,-0.3405,-0.2005,0.9013
19.275,1,6.649,-0.719,-1.890,-0.1778,-0.3402,-0.2005,0.9013
19.304,1,6.649,-0.719,-1.890,-0.1778,-0.3400,-0.2008,0.9014
19.345,1,6.649,-0.719,-1.890,-0.1777,-0.3398,-0.2003,0.9016
19.373,1,6.649,-0.719,-1.890,-0.1775,-0.3397,-0.2006,0.9016
19.401,1,6.649,-0.720,-1.890,-0.1775,-0.3398,-0.2007,0.9015
19.443,1,6.649,-0.720,-1.890,-0.1772,-0.3404,-0.2007,0.9014
19.470,1,6.649,-0.720,-1.890,-0.1769,-0.3408,-0.2008,0.9013
19.513,1,6.649,-0.720,-1.890,-0.1772,-0.3408,-0.2008,0.9012
19.539,1,6.649,-0.720,-1.890,-0.1775,-0.3406,-0.2006,0.9012
19.569,1,6.649,-0.720,-1.890,-0.1775,-0.3404,-0.2005,0.9013
19.608,1,6.649,-0.720,-1.890,-0.1774,-0.3401,-0.2005,0.9015
19.639,1,6.649,-0.720,-1.890,-0.1774,-0.3402,-0.2006,0.9014
19.669,1,6.649,-0.720,-1.890,-0.1770,-0.3401,-0.2007,0.9015
19.711,1,6.649,-0.720,-1.890,-0.1771,-0.3399,-0.2008,0.9015
19.739,1,6.649,-0.720,-1.890,-0.1773,-0.3398,-0.2009,0.9015
19.768,1,6.649,-0.720,-1.890,-0.1769,-0.3397,-0.2011,0.9016
19.811,1,6.649,-0.720,-1.890,-0.1774,-0.3397,-0.2012,0.9015
19.840,1,6.649,-0.720,-1.890,-0.1775,-0.3398,-0.2011,0.9014
19.870,1,6.649,-0.720,-1.890,-0.1769,-0.3396,-0.2011,0.9016
19.912,1,6.649,-0.720,-1.890,-0.1768,-0.3396,-0.2009,0.9017
19.939,1,6.649,-0.720,-1.890,-0.1771,-0.3392,-0.2008,0.9018
19.979,1,6.649,-0.720,-1.890,-0.1772,-0.3394,-0.2013,0.9016
20.007,1,6.649,-0.720,-1.890,-0.1767,-0.3397,-0.2011,0.9016
20.035,1,6.649,-0.720,-1.890,-0.1769,-0.3399,-0.2006,0.9016
20.076,1,6.649,-0.720,-1.890,-0.1766,-0.3400,-0.2011,0.9015
20.101,1,6.649,-0.720,-1.890,-0.1768,-0.3399,-0.2014,0.9015
20.140,1,6.649,-0.720,-1.890,-0.1773,-0.3396,-0.2015,0.9015
20.182,1,6.650,-0.720,-1.890,-0.1771,-0.3388,-0.2014,0.9018
20.207,1,6.650,-0.720,-1.890,-0.1778,-0.3384,-0.2014,0.9018
20.234,1,6.650,-0.720,-1.890,-0.1781,-0.3379,-0.2019,0.9019
20.274,1,6.650,-0.720,-1.890,-0.1781,-0.3378,-0.2018,0.9019
20.301,1,6.650,-0.720,-1.890,-0.1779,-0.3377,-0.2018,0.9020
20.342,1,6.650,-0.720,-1.890,-0.1775,-0.3377,-0.2022,0.9020
20.370,1,6.650,-0.720,-1.890,-0.1772,-0.3378,-0.2023,0.9020
20.412,1,6.650,-0.720,-1.890,-0.1769,-0.3380,-0.2023,0.9020
20.440,1,6.650,-0.720,-1.890,-0.1767,-0.3379,-0.2023,0.9020
20.467,1,6.650,-0.720,-1.890,-0.1767,-0.3378,-0.2021,0.9021
20.507,1,6.650,-0.720,-1.890,-0.1768,-0.3376,-0.2021,0.9022
20.534,1,6.650,-0.720,-1.890,-0.1770,-0.3377,-0.2021,0.9021
20.575,1,6.650,-0.720,-1.890,-0.1768,-0.3375,-0.2021,0.9022
20.603,1,6.650,-0.720,-1.890,-0.1771,-0.3374,-0.2017,0.9023
20.645,1,6.650,-0.720,-1.890,-0.1772,-0.3377,-0.2019,0.9021
20.672,1,6.650,-0.720,-1.890,-0.1773,-0.3378,-0.2021,0.9020
20.712,1,6.650,-0.720,-1.890,-0.1772,-0.3377,-0.2022,0.9021
20.737,1,6.650,-0.720,-1.890,-0.1773,-0.3374,-0.2022,0.9021
20.779,1,6.650,-0.720,-1.890,-0.1774,-0.3372,-0.2023,0.9022
20.808,1,6.650,-0.720,-1.890,-0.1775,-0.3371,-0.2022,0.9022
20.837,1,6.650,-0.720,-1.890,-0.1777,-0.3370,-0.2023,0.9022
20.879,1,6.650,-0.720,-1.890,-0.1781,-0.3369,-0.2024,0.9021
20.909,1,6.650,-0.719,-1.890,-0.1786,-0.3368,-0.2031,0.9019
20.935,1,6.650,-0.720,-1.890,-0.1784,-0.3365,-0.2031,0.9020
20.977,1,6.650,-0.720,-1.890,-0.1783,-0.3365,-0.2023,0.9022
21.006,1,6.650,-0.720,-1.890,-0.1781,-0.3365,-0.2027,0.9022
21.034,1,6.650,-0.720,-1.890,-0.1779,-0.3364,-0.2033,0.9021
21.075,1,6.650,-0.720,-1.890,-0.1780,-0.3365,-0.2031,0.9021
21.103,1,6.650,-0.720,-1.890,-0.1779,-0.3366,-0.2032,0.9021
21.145,1,6.650,-0.720,-1.890,-0.1782,-0.3365,-0.2031,0.9021
21.174,1,6.650,-0.720,-1.890,-0.1785,-0.3363,-0.2033,0.9021
21.200,1,6.650,-0.720,-1.889,-0.1784,-0.3361,-0.2034,0.9021
21.240,1,6.650,-0.720,-1.889,-0.1780,-0.3362,-0.2028,0.9023
21.267,1,6.650,-0.720,-1.889,-0.1777,-0.3364,-0.2027,0.9023
21.307,1,6.650,-0.720,-1.890,-0.1778,-0.3370,-0.2027,0.9021
21.334,1,6.650,-0.720,-1.890,-0.1776,-0.3375,-0.2027,0.9019
21.373,1,6.650,-0.720,-1.890,-0.1776,-0.3378,-0.2024,0.9019
21.402,1,6.650,-0.720,-1.890,-0.1778,-0.3379,-0.2021,0.9019
21.443,1,6.650,-0.720,-1.890,-0.1778,-0.3379,-0.2019,0.9019
21.471,1,6.650,-0.720,-1.890,-0.1777,-0.3378,-0.2018,0.9020
21.513,1,6.650,-0.720,-1.890,-0.1778,-0.3375,-0.2018,0.9021
21.540,1,6.650,-0.720,-1.890,-0.1778,-0.3375,-0.2020,0.9020
21.568,1,6.650,-0.720,-1.890,-0.1779,-0.3375,-0.2022,0.9020
21.610,1,6.650,-0.720,-1.890,-0.1781,-0.3374,-0.2025,0.9019
21.638,1,6.650,-0.720,-1.890,-0.1781,-0.3372,-0.2028,0.9019
21.680,1,6.650,-0.720,-1.890,-0.1782,-0.3371,-0.2028,0.9019
21.708,1,6.650,-0.720,-1.890,-0.1782,-0.3368,-0.2030,0.9020
21.737,1,6.650,-0.720,-1.890,-0.1781,-0.3366,-0.2031,0.9021
21.778,1,6.650,-0.720,-1.890,-0.1779,-0.3363,-0.2033,0.9022
21.807,1,6.651,-0.720,-1.890,-0.1778,-0.3362,-0.2034,0.9022
21.835,1,6.651,-0.720,-1.889,-0.1780,-0.3360,-0.2040,0.9021
21.876,1,6.651,-0.720,-1.889,-0.1779,-0.3358,-0.2041,0.9022
21.904,1,6.651,-0.720,-1.889,-0.1775,-0.3358,-0.2037,0.9024
21.948,1,6.651,-0.720,-1.889,-0.1774,-0.3358,-0.2037,0.9024
21.974,1,6.651,-0.720,-1.889,-0.1775,-0.3358,-0.2041,0.9023
22.003,1,6.651,-0.720,-1.889,-0.1773,-0.3360,-0.2040,0.9022
22.044,1,6.651,-0.720,-1.889,-0.1774,-0.3362,-0.2037,0.9022
22.072,1,6.651,-0.720,-1.889,-0.1777,-0.3362,-0.2036,0.9022
22.100,1,6.651,-0.720,-1.890,-0.1780,-0.3361,-0.2038,0.9021
22.142,1,6.651,-0.720,-1.890,-0.1779,-0.3359,-0.2037,0.9023
22.169,1,6.651,-0.720,-1.890,-0.1777,-0.3357,-0.2034,0.9024
22.212,1,6.651,-0.720,-1.890,-0.1775,-0.3357,-0.2034,0.9024
22.239,1,6.651,-0.720,-1.890,-0.1775,-0.3357,-0.2035,0.9024
22.267,1,6.651,-0.720,-1.890,-0.1778,-0.3356,-0.2040,0.9023
22.309,1,6.650,-0.720,-1.890,-0.1777,-0.3352,-0.2038,0.9025
22.336,1,6.650,-0.720,-1.890,-0.1779,-0.3349,-0.2037,0.9026
22.377,1,6.650,-0.720,-1.890,-0.1779,-0.3350,-0.2031,0.9027
22.407,1,6.650,-0.720,-1.890,-0.1778,-0.3353,-0.2029,0.9027
22.434,1,6.650,-0.720,-1.890,-0.1782,-0.3359,-0.2030,0.9023
22.476,1,6.650,-0.720,-1.890,-0.1773,-0.3370,-0.2026,0.9022
22.504,1,6.650,-0.720,-1.890,-0.1773,-0.3371,-0.2025,0.9022
22.546,1,6.650,-0.720,-1.890,-0.1777,-0.3371,-0.2024,0.9021
22.576,1,6.650,-0.720,-1.889,-0.1777,-0.3367,-0.2024,0.9023
22.602,1,6.650,-0.720,-1.889,-0.1778,-0.3364,-0.2024,0.9024
22.641,1,6.650,-0.720,-1.889,-0.1783,-0.3362,-0.2026,0.9023
22.671,1,6.650,-0.720,-1.889,-0.1783,-0.3362,-0.2033,0.9021
22.702,1,6.650,-0.720,-1.889,-0.1781,-0.3359,-0.2040,0.9021
22.745,1,6.651,-0.720,-1.889,-0.1781,-0.3356,-0.2036,0.9023
22.776,1,6.651,-0.720,-1.889,-0.1779,-0.3353,-0.2039,0.9024
22.802,1,6.651,-0.720,-1.889,-0.1781,-0.3349,-0.2042,0.9025
22.844,1,6.651,-0.720,-1.889,-0.1787,-0.3346,-0.2037,0.9025
22.872,1,6.651,-0.720,-1.889,-0.1784,-0.3351,-0.2035,0.9025
22.902,1,6.651,-0.720,-1.889,-0.1786,-0.3355,-0.2040,0.9022
22.943,1,6.651,-0.720,-1.889,-0.1785,-0.3360,-0.2042,0.9020
22.971,1,6.651,-0.720,-1.889,-0.1788,-0.3360,-0.2043,0.9019
23.012,1,6.651,-0.720,-1.889,-0.1784,-0.3361,-0.2044,0.9019
23.040,1,6.651,-0.720,-1.889,-0.1787,-0.3359,-0.2041,0.9020
23.068,1,6.651,-0.720,-1.889,-0.1773,-0.3356,-0.2044,0.9023
23.110,1,6.651,-0.720,-1.889,-0.1799,-0.3349,-0.2044,0.9021
23.138,1,6.651,-0.720,-1.889,-0.1784,-0.3348,-0.2039,0.9025
23.179,1,6.651,-0.720,-1.889,-0.1779,-0.3349,-0.2036,0.9026
23.221,1,6.651,-0.720,-1.889,-0.1772,-0.3356,-0.2029,0.9027
23.234,1,6.651,-0.720,-1.889,-0.1769,-0.3361,-0.2029,0.9025
23.275,1,6.651,-0.720,-1.889,-0.1768,-0.3367,-0.2037,0.9022
23.304,1,6.651,-0.720,-1.889,-0.1778,-0.3365,-0.2039,0.9020
23.343,1,6.651,-0.720,-1.889,-0.1782,-0.3365,-0.2038,0.9019
23.370,1,6.651,-0.720,-1.889,-0.1783,-0.3367,-0.2035,0.9019
23.410,1,6.651,-0.720,-1.889,-0.1783,-0.3367,-0.2037,0.9019
23.438,1,6.651,-0.720,-1.889,-0.1788,-0.3363,-0.2034,0.9020
23.478,1,6.651,-0.720,-1.889,-0.1783,-0.3363,-0.2030,0.9021
23.505,1,6.651,-0.720,-1.889,-0.1783,-0.3364,-0.2037,0.9020
23.547,1,6.651,-0.720,-1.889,-0.1784,-0.3366,-0.2038,0.9018
23.574,1,6.651,-0.720,-1.889,-0.1782,-0.3364,-0.2036,0.9020
23.604,1,6.651,-0.720,-1.889,-0.1779,-0.3361,-0.2040,0.9021
23.644,1,6.651,-0.720,-1.889,-0.1788,-0.3355,-0.2046,0.9020
23.672,1,6.652,-0.720,-1.889,-0.1797,-0.3350,-0.2046,0.9020
23.714,1,6.652,-0.720,-1.889,-0.1796,-0.3348,-0.2055,0.9019
23.742,1,6.652,-0.720,-1.889,-0.1791,-0.3348,-0.2052,0.9021
23.770,1,6.652,-0.720,-1.889,-0.1794,-0.3346,-0.2052,0.9021
23.813,1,6.652,-0.720,-1.889,-0.1784,-0.3351,-0.2057,0.9020
23.841,1,6.652,-0.720,-1.889,-0.1780,-0.3350,-0.2057,0.9021
23.868,1,6.652,-0.720,-1.889,-0.1783,-0.3352,-0.2055,0.9020
23.910,1,6.652,-0.720,-1.889,-0.1779,-0.3352,-0.2057,0.9020
23.938,1,6.652,-0.720,-1.889,-0.1778,-0.3350,-0.2055,0.9022
23.980,1,6.652,-0.720,-1.889,-0.1788,-0.3346,-0.2057,0.9021
24.008,1,6.652,-0.720,-1.889,-0.1785,-0.3345,-0.2057,0.9022
24.035,1,6.652,-0.720,-1.889,-0.1784,-0.3342,-0.2052,0.9024
24.078,1,6.652,-0.720,-1.889,-0.1790,-0.3343,-0.2053,0.9023
24.106,1,6.652,-0.720,-1.889,-0.1791,-0.3345,-0.2059,0.9020
24.134,1,6.652,-0.720,-1.889,-0.1789,-0.3349,-0.2060,0.9019
24.175,1,6.652,-0.720,-1.889,-0.1787,-0.3352,-0.2062,0.9018
24.203,1,6.652,-0.720,-1.889,-0.1789,-0.3351,-0.2061,0.9018
24.245,1,6.652,-0.720,-1.889,-0.1788,-0.3347,-0.2059,0.9020
24.273,1,6.653,-0.720,-1.889,-0.1792,-0.3346,-0.2059,0.9020
24.301,1,6.653,-0.720,-1.889,-0.1792,-0.3346,-0.2059,0.9020
24.342,1,6.653,-0.720,-1.889,-0.1795,-0.3346,-0.2063,0.9018
24.370,1,6.653,-0.720,-1.889,-0.1797,-0.3347,-0.2064,0.9017
24.412,1,6.653,-0.720,-1.889,-0.1792,-0.3347,-0.2063,0.9018
24.441,1,6.653,-0.720,-1.889,-0.1788,-0.3349,-0.2065,0.9018
24.468,1,6.653,-0.720,-1.889,-0.1794,-0.3347,-0.2068,0.9017
24.509,1,6.653,-0.720,-1.889,-0.1796,-0.3347,-0.2070,0.9016
24.534,1,6.653,-0.720,-1.889,-0.1797,-0.3348,-0.2070,0.9016
24.575,1,6.653,-0.720,-1.889,-0.1797,-0.3346,-0.2064,0.9017
24.603,1,6.653,-0.720,-1.889,-0.1805,-0.3345,-0.2068,0.9016
24.647,1,6.653,-0.720,-1.889,-0.1807,-0.3340,-0.2078,0.9015
24.673,1,6.654,-0.720,-1.889,-0.1803,-0.3337,-0.2079,0.9016
24.703,1,6.654,-0.720,-1.889,-0.1802,-0.3336,-0.2076,0.9017
24.745,1,6.654,-0.720,-1.889,-0.1792,-0.3336,-0.2077,0.9019
24.773,1,6.654,-0.720,-1.889,-0.1793,-0.3333,-0.2078,0.9020
24.802,1,6.654,-0.720,-1.889,-0.1796,-0.3335,-0.2083,0.9017
24.843,1,6.654,-0.720,-1.889,-0.1803,-0.3334,-0.2086,0.9016
24.872,1,6.654,-0.720,-1.889,-0.1808,-0.3333,-0.2080,0.9017
24.913,1,6.654,-0.720,-1.889,-0.1813,-0.3332,-0.2082,0.9015
24.941,1,6.654,-0.720,-1.889,-0.1812,-0.3334,-0.2081,0.9015
24.970,1,6.654,-0.720,-1.889,-0.1812,-0.3336,-0.2079,0.9014
25.011,1,6.654,-0.720,-1.889,-0.1816,-0.3340,-0.2079,0.9013
25.038,1,6.654,-0.720,-1.889,-0.1811,-0.3346,-0.2076,0.9012
25.068,1,6.654,-0.720,-1.889,-0.1809,-0.3348,-0.2077,0.9011
25.108,1,6.654,-0.720,-1.889,-0.1812,-0.3348,-0.2077,0.9011
25.136,1,6.654,-0.719,-1.889,-0.1819,-0.3344,-0.2080,0.9010
25.179,1,6.654,-0.720,-1.889,-0.1809,-0.3343,-0.2075,0.9014
25.206,1,6.654,-0.720,-1.889,-0.1803,-0.3341,-0.2073,0.9016
25.234,1,6.654,-0.720,-1.889,-0.1803,-0.3341,-0.2074,0.9016
25.278,1,6.654,-0.720,-1.889,-0.1798,-0.3343,-0.2076,0.9016
25.304,1,6.654,-0.720,-1.889,-0.1805,-0.3342,-0.2078,0.9014
25.347,1,6.654,-0.720,-1.889,-0.1814,-0.3339,-0.2079,0.9013
25.373,1,6.654,-0.720,-1.889,-0.1811,-0.3339,-0.2081,0.9014
25.400,1,6.654,-0.720,-1.889,-0.1820,-0.3338,-0.2083,0.9011
25.442,1,6.654,-0.720,-1.889,-0.1820,-0.3338,-0.2084,0.9011
25.470,1,6.654,-0.720,-1.889,-0.1809,-0.3337,-0.2080,0.9014
25.513,1,6.655,-0.720,-1.889,-0.1807,-0.3336,-0.2084,0.9015
25.540,1,6.655,-0.720,-1.889,-0.1813,-0.3335,-0.2092,0.9012
25.568,1,6.655,-0.720,-1.889,-0.1814,-0.3332,-0.2094,0.9012
25.610,1,6.655,-0.720,-1.889,-0.1801,-0.3334,-0.2088,0.9016
25.638,1,6.655,-0.720,-1.889,-0.1830,-0.3329,-0.2088,0.9012
25.680,1,6.655,-0.719,-1.889,-0.1826,-0.3330,-0.2092,0.9011
25.708,1,6.655,-0.719,-1.890,-0.1828,-0.3332,-0.2092,0.9010
25.734,1,6.655,-0.719,-1.890,-0.1828,-0.3334,-0.2092,0.9009
25.775,1,6.655,-0.719,-1.890,-0.1839,-0.3331,-0.2089,0.9009
25.804,1,6.655,-0.719,-1.890,-0.1832,-0.3332,-0.2086,0.9010
25.846,1,6.655,-0.719,-1.890,-0.1836,-0.3331,-0.2088,0.9010
25.874,1,6.655,-0.719,-1.890,-0.1849,-0.3333,-0.2088,0.9006
25.902,1,6.655,-0.719,-1.890,-0.1850,-0.3333,-0.2087,0.9006
25.943,1,6.655,-0.719,-1.890,-0.1844,-0.3331,-0.2087,0.9008
25.972,1,6.655,-0.719,-1.890,-0.1849,-0.3328,-0.2090,0.9008
26.012,1,6.655,-0.719,-1.891,-0.1844,-0.3326,-0.2094,0.9008
26.040,1,6.655,-0.719,-1.891,-0.1847,-0.3327,-0.2093,0.9008
26.067,1,6.656,-0.719,-1.891,-0.1854,-0.3325,-0.2098,0.9006
26.110,1,6.656,-0.719,-1.891,-0.1854,-0.3325,-0.2098,0.9006
26.136,1,6.656,-0.719,-1.891,-0.1864,-0.3321,-0.2096,0.9006
26.177,1,6.656,-0.719,-1.891,-0.1860,-0.3320,-0.2100,0.9006
26.205,1,6.656,-0.719,-1.891,-0.1858,-0.3323,-0.2098,0.9006
26.234,1,6.656,-0.719,-1.891,-0.1858,-0.3325,-0.2099,0.9005
26.277,1,6.656,-0.719,-1.890,-0.1856,-0.3322,-0.2104,0.9005
26.304,1,6.656,-0.719,-1.890,-0.1849,-0.3319,-0.2104,0.9008
26.345,1,6.656,-0.719,-1.890,-0.1849,-0.3315,-0.2106,0.9009
26.372,1,6.656,-0.719,-1.890,-0.1851,-0.3314,-0.2106,0.9009
26.413,1,6.656,-0.719,-1.890,-0.1848,-0.3314,-0.2109,0.9008
26.440,1,6.656,-0.719,-1.890,-0.1845,-0.3317,-0.2109,0.9008
26.469,1,6.656,-0.719,-1.890,-0.1849,-0.3320,-0.2109,0.9006
26.511,1,6.656,-0.719,-1.890,-0.1839,-0.3321,-0.2111,0.9007
26.539,1,6.656,-0.720,-1.890,-0.1838,-0.3322,-0.2112,0.9007
26.568,1,6.656,-0.720,-1.890,-0.1842,-0.3321,-0.2110,0.9007
26.610,1,6.656,-0.720,-1.890,-0.1846,-0.3316,-0.2110,0.9008
26.638,1,6.656,-0.720,-1.890,-0.1847,-0.3316,-0.2111,0.9007
26.681,1,6.657,-0.719,-1.890,-0.1857,-0.3316,-0.2112,0.9005
26.709,1,6.657,-0.719,-1.891,-0.1866,-0.3316,-0.2119,0.9002
26.738,1,6.657,-0.719,-1.891,-0.1867,-0.3312,-0.2129,0.9001
26.778,1,6.657,-0.720,-1.891,-0.1866,-0.3300,-0.2118,0.9008
26.806,1,6.657,-0.720,-1.891,-0.1867,-0.3297,-0.2109,0.9011
26.835,1,6.657,-0.720,-1.891,-0.1868,-0.3294,-0.2113,0.9011
26.876,1,6.657,-0.719,-1.891,-0.1875,-0.3294,-0.2120,0.9008
26.905,1,6.657,-0.719,-1.891,-0.1876,-0.3293,-0.2120,0.9008
26.947,1,6.656,-0.719,-1.891,-0.1884,-0.3288,-0.2118,0.9009
26.973,1,6.656,-0.719,-1.891,-0.1888,-0.3285,-0.2118,0.9009
27.002,1,6.656,-0.719,-1.891,-0.1889,-0.3282,-0.2115,0.9011
27.044,1,6.656,-0.719,-1.892,-0.1886,-0.3279,-0.2108,0.9014
27.071,1,6.655,-0.719,-1.892,-0.1878,-0.3279,-0.2104,0.9016
27.113,1,6.655,-0.719,-1.892,-0.1866,-0.3283,-0.2094,0.9020
27.142,1,6.655,-0.719,-1.892,-0.1857,-0.3291,-0.2088,0.9020
27.168,1,6.654,-0.719,-1.892,-0.1857,-0.3296,-0.2087,0.9019
27.209,1,6.654,-0.719,-1.892,-0.1859,-0.3302,-0.2086,0.9016
27.236,1,6.653,-0.719,-1.893,-0.1861,-0.3308,-0.2072,0.9017
27.278,1,6.653,-0.719,-1.893,-0.1849,-0.3329,-0.2062,0.9014
27.307,1,6.652,-0.720,-1.893,-0.1841,-0.3338,-0.2064,0.9011
27.336,1,6.653,-0.719,-1.893,-0.1849,-0.3337,-0.2068,0.9010
27.379,1,6.653,-0.720,-1.893,-0.1841,-0.3334,-0.2067,0.9012
27.405,1,6.653,-0.720,-1.893,-0.1848,-0.3331,-0.2074,0.9010
27.446,1,6.654,-0.719,-1.893,-0.1864,-0.3315,-0.2076,0.9013
27.474,1,6.654,-0.719,-1.893,-0.1876,-0.3310,-0.2079,0.9011
27.502,1,6.655,-0.719,-1.893,-0.1885,-0.3307,-0.2085,0.9009
27.544,1,6.655,-0.719,-1.893,-0.1883,-0.3297,-0.2102,0.9009
27.573,1,6.655,-0.719,-1.892,-0.1878,-0.3295,-0.2107,0.9010
27.600,1,6.656,-0.719,-1.892,-0.1875,-0.3296,-0.2114,0.9008
27.642,1,6.656,-0.720,-1.892,-0.1865,-0.3287,-0.2121,0.9012
27.670,1,6.656,-0.720,-1.892,-0.1860,-0.3281,-0.2123,0.9015
27.712,1,6.656,-0.720,-1.892,-0.1850,-0.3276,-0.2118,0.9020
27.740,1,6.656,-0.720,-1.892,-0.1850,-0.3274,-0.2113,0.9022
27.768,1,6.656,-0.720,-1.892,-0.1848,-0.3275,-0.2112,0.9022
27.809,1,6.656,-0.720,-1.891,-0.1851,-0.3279,-0.2118,0.9018
27.838,1,6.656,-0.720,-1.891,-0.1855,-0.3283,-0.2120,0.9016
27.879,1,6.656,-0.720,-1.891,-0.1863,-0.3284,-0.2121,0.9013
27.907,1,6.656,-0.720,-1.891,-0.1854,-0.3285,-0.2115,0.9016
27.935,1,6.656,-0.720,-1.891,-0.1845,-0.3285,-0.2109,0.9020
27.977,1,6.655,-0.720,-1.891,-0.1846,-0.3281,-0.2112,0.9020
28.005,1,6.655,-0.720,-1.891,-0.1837,-0.3281,-0.2111,0.9022
28.047,1,6.655,-0.720,-1.891,-0.1832,-0.3285,-0.2105,0.9023
28.075,1,6.655,-0.720,-1.891,-0.1835,-0.3287,-0.2106,0.9022
28.102,1,6.655,-0.720,-1.891,-0.1827,-0.3292,-0.2106,0.9022
28.145,1,6.655,-0.720,-1.891,-0.1832,-0.3296,-0.2107,0.9019
28.172,1,6.655,-0.720,-1.891,-0.1848,-0.3292,-0.2117,0.9015
28.202,1,6.655,-0.720,-1.891,-0.1844,-0.3291,-0.2116,0.9016
28.242,1,6.656,-0.720,-1.891,-0.1852,-0.3287,-0.2114,0.9016
28.269,1,6.656,-0.720,-1.891,-0.1861,-0.3280,-0.2125,0.9015
28.311,1,6.656,-0.720,-1.891,-0.1847,-0.3274,-0.2124,0.9020
28.341,1,6.656,-0.720,-1.890,-0.1847,-0.3272,-0.2118,0.9022
28.370,1,6.656,-0.720,-1.890,-0.1848,-0.3273,-0.2119,0.9021
28.416,1,6.656,-0.720,-1.890,-0.1848,-0.3274,-0.2123,0.9020
28.442,1,6.656,-0.720,-1.890,-0.1842,-0.3279,-0.2123,0.9019
28.469,1,6.656,-0.720,-1.890,-0.1847,-0.3281,-0.2125,0.9017
28.510,1,6.656,-0.720,-1.891,-0.1857,-0.3277,-0.2129,0.9015
28.536,1,6.656,-0.720,-1.891,-0.1852,-0.3277,-0.2121,0.9018
28.577,1,6.656,-0.720,-1.891,-0.1859,-0.3273,-0.2126,0.9017
28.604,1,6.656,-0.720,-1.890,-0.1860,-0.3270,-0.2126,0.9018
28.646,1,6.656,-0.720,-1.890,-0.1858,-0.3269,-0.2122,0.9020
28.671,1,6.656,-0.720,-1.890,-0.1855,-0.3273,-0.2121,0.9019
28.700,1,6.656,-0.720,-1.890,-0.1862,-0.3274,-0.2126,0.9016
28.742,1,6.656,-0.720,-1.891,-0.1853,-0.3279,-0.2128,0.9016
28.769,1,6.656,-0.720,-1.891,-0.1852,-0.3277,-0.2127,0.9017
28.808,1,6.656,-0.720,-1.890,-0.1843,-0.3271,-0.2128,0.9021
28.849,1,6.656,-0.720,-1.890,-0.1832,-0.3269,-0.2122,0.9025
28.877,1,6.656,-0.720,-1.890,-0.1842,-0.3268,-0.2125,0.9023
28.905,1,6.656,-0.720,-1.890,-0.1843,-0.3267,-0.2129,0.9022
28.934,1,6.656,-0.720,-1.890,-0.1838,-0.3269,-0.2130,0.9022
28.976,1,6.656,-0.720,-1.890,-0.1851,-0.3270,-0.2134,0.9018
29.004,1,6.656,-0.720,-1.890,-0.1852,-0.3270,-0.2133,0.9018
29.060,1,6.656,-0.720,-1.890,-0.1848,-0.3269,-0.2130,0.9020
29.073,1,6.656,-0.720,-1.890,-0.1850,-0.3268,-0.2130,0.9020
29.101,1,6.656,-0.720,-1.890,-0.1852,-0.3269,-0.2130,0.9019
29.143,1,6.656,-0.720,-1.890,-0.1840,-0.3273,-0.2130,0.9020
29.171,1,6.656,-0.720,-1.890,-0.1843,-0.3270,-0.2134,0.9020
29.212,1,6.657,-0.720,-1.890,-0.1845,-0.3263,-0.2132,0.9022
29.242,1,6.657,-0.720,-1.890,-0.1856,-0.3260,-0.2130,0.9022
29.268,1,6.657,-0.720,-1.890,-0.1853,-0.3259,-0.2138,0.9021
29.311,1,6.657,-0.720,-1.890,-0.1851,-0.3260,-0.2135,0.9022
29.338,1,6.657,-0.720,-1.890,-0.1845,-0.3261,-0.2132,0.9023
29.380,1,6.657,-0.720,-1.890,-0.1831,-0.3265,-0.2119,0.9028
29.409,1,6.657,-0.720,-1.889,-0.1845,-0.3264,-0.2123,0.9024
29.436,1,6.657,-0.720,-1.889,-0.1878,-0.3260,-0.2132,0.9017
29.478,1,6.656,-0.719,-1.889,-0.1880,-0.3262,-0.2121,0.9018
29.506,1,6.656,-0.719,-1.890,-0.1888,-0.3263,-0.2115,0.9017
29.534,1,6.656,-0.719,-1.890,-0.1883,-0.3269,-0.2115,0.9016
29.576,1,6.656,-0.719,-1.890,-0.1890,-0.3270,-0.2124,0.9012
29.604,1,6.656,-0.719,-1.890,-0.1882,-0.3277,-0.2120,0.9013
29.645,1,6.656,-0.719,-1.890,-0.1887,-0.3269,-0.2130,0.9012
29.673,1,6.656,-0.719,-1.890,-0.1882,-0.3265,-0.2129,0.9015
29.702,1,6.656,-0.719,-1.890,-0.1881,-0.3261,-0.2126,0.9017
29.744,1,6.656,-0.719,-1.890,-0.1879,-0.3261,-0.2130,0.9017
29.772,1,6.657,-0.719,-1.890,-0.1877,-0.3263,-0.2133,0.9016
29.814,1,6.657,-0.720,-1.890,-0.1869,-0.3265,-0.2139,0.9015
29.842,1,6.657,-0.719,-1.890,-0.1874,-0.3261,-0.2140,0.9015
29.872,1,6.657,-0.719,-1.890,-0.1892,-0.3256,-0.2144,0.9012
29.911,1,6.657,-0.719,-1.890,-0.1896,-0.3252,-0.2144,0.9013
29.937,1,6.658,-0.719,-1.890,-0.1910,-0.3250,-0.2142,0.9011
29.981,1,6.658,-0.718,-1.890,-0.1928,-0.3248,-0.2144,0.9008
30.011,1,6.658,-0.718,-1.890,-0.1935,-0.3251,-0.2143,0.9005
30.039,1,6.657,-0.719,-1.890,-0.1916,-0.3260,-0.2136,0.9008
30.080,1,6.657,-0.719,-1.890,-0.1880,-0.3266,-0.2128,0.9015
30.105,1,6.657,-0.719,-1.890,-0.1879,-0.3266,-0.2128,0.9016
30.133,1,6.656,-0.720,-1.890,-0.1866,-0.3265,-0.2129,0.9018
30.175,1,6.656,-0.720,-1.890,-0.1872,-0.3262,-0.2126,0.9019
30.202,1,6.656,-0.719,-1.890,-0.1876,-0.3262,-0.2127,0.9018
30.244,1,6.656,-0.719,-1.890,-0.1879,-0.3264,-0.2139,0.9013
30.272,1,6.657,-0.719,-1.890,-0.1883,-0.3263,-0.2140,0.9012
30.314,1,6.657,-0.719,-1.890,-0.1887,-0.3263,-0.2141,0.9011
30.341,1,6.657,-0.719,-1.890,-0.1890,-0.3261,-0.2145,0.9011
30.369,1,6.657,-0.719,-1.890,-0.1892,-0.3258,-0.2151,0.9010
30.412,1,6.657,-0.719,-1.890,-0.1886,-0.3257,-0.2153,0.9011
30.440,1,6.657,-0.719,-1.890,-0.1884,-0.3257,-0.2151,0.9012
30.467,1,6.657,-0.719,-1.890,-0.1880,-0.3258,-0.2151,0.9013
30.509,1,6.657,-0.720,-1.890,-0.1872,-0.3260,-0.2148,0.9014
30.537,1,6.657,-0.720,-1.890,-0.1874,-0.3261,-0.2149,0.9013
30.579,1,6.657,-0.719,-1.890,-0.1889,-0.3255,-0.2151,0.9012
30.606,1,6.657,-0.719,-1.890,-0.1894,-0.3254,-0.2153,0.9010
30.634,1,6.657,-0.719,-1.890,-0.1897,-0.3258,-0.2151,0.9009
30.676,1,6.658,-0.719,-1.890,-0.1917,-0.3257,-0.2154,0.9004
30.704,1,6.658,-0.719,-1.890,-0.1925,-0.3255,-0.2154,0.9003
30.746,1,6.658,-0.718,-1.891,-0.1942,-0.3252,-0.2161,0.8999
30.774,1,6.658,-0.718,-1.891,-0.1947,-0.3254,-0.2161,0.8997
30.802,1,6.658,-0.718,-1.891,-0.1940,-0.3262,-0.2149,0.8999
30.845,1,6.658,-0.718,-1.891,-0.1948,-0.3257,-0.2153,0.8998
30.872,1,6.658,-0.719,-1.891,-0.1940,-0.3256,-0.2156,0.8999
30.916,1,6.658,-0.719,-1.891,-0.1917,-0.3261,-0.2149,0.9004
30.941,1,6.658,-0.719,-1.891,-0.1922,-0.3258,-0.2154,0.9003
30.970,1,6.658,-0.719,-1.891,-0.1919,-0.3255,-0.2154,0.9005
31.014,1,6.658,-0.719,-1.891,-0.1932,-0.3253,-0.2150,0.9003
31.039,1,6.658,-0.719,-1.891,-0.1929,-0.3254,-0.2151,0.9003
31.067,1,6.658,-0.719,-1.891,-0.1931,-0.3255,-0.2153,0.9002
31.109,1,6.658,-0.719,-1.891,-0.1926,-0.3254,-0.2149,0.9005
31.137,1,6.658,-0.718,-1.891,-0.1938,-0.3251,-0.2151,0.9003
31.180,1,6.658,-0.719,-1.891,-0.1917,-0.3259,-0.2146,0.9006
31.206,1,6.658,-0.719,-1.891,-0.1906,-0.3259,-0.2136,0.9010
31.247,1,6.658,-0.719,-1.891,-0.1907,-0.3262,-0.2141,0.9008
31.272,1,6.657,-0.719,-1.891,-0.1908,-0.3263,-0.2145,0.9006
31.302,1,6.657,-0.719,-1.890,-0.1898,-0.3263,-0.2138,0.9010
31.333,1,6.657,-0.719,-1.890,-0.1892,-0.3265,-0.2133,0.9012
31.375,1,6.657,-0.720,-1.890,-0.1856,-0.3265,-0.2116,0.9023
31.401,1,6.657,-0.720,-1.890,-0.1850,-0.3260,-0.2111,0.9027
31.442,1,6.657,-0.720,-1.890,-0.1871,-0.3254,-0.2125,0.9022
31.468,1,6.657,-0.720,-1.890,-0.1860,-0.3258,-0.2123,0.9023
31.508,1,6.656,-0.720,-1.890,-0.1865,-0.3264,-0.2125,0.9020
31.537,1,6.656,-0.719,-1.890,-0.1888,-0.3262,-0.2136,0.9013
31.577,1,6.657,-0.719,-1.890,-0.1879,-0.3265,-0.2132,0.9015
31.606,1,6.657,-0.719,-1.890,-0.1879,-0.3266,-0.2130,0.9015
31.635,1,6.657,-0.720,-1.890,-0.1872,-0.3265,-0.2131,0.9016
31.676,1,6.657,-0.720,-1.890,-0.1872,-0.3264,-0.2132,0.9016
31.704,1,6.657,-0.720,-1.890,-0.1853,-0.3266,-0.2131,0.9020
31.748,1,6.657,-0.720,-1.890,-0.1860,-0.3271,-0.2129,0.9017
31.775,1,6.657,-0.720,-1.891,-0.1875,-0.3276,-0.2136,0.9010
31.802,1,6.657,-0.719,-1.891,-0.1880,-0.3279,-0.2139,0.9008
31.844,1,6.658,-0.719,-1.891,-0.1887,-0.3274,-0.2139,0.9008
31.871,1,6.658,-0.719,-1.891,-0.1897,-0.3270,-0.2139,0.9007
31.912,1,6.658,-0.719,-1.891,-0.1903,-0.3257,-0.2140,0.9011
31.938,1,6.658,-0.719,-1.891,-0.1893,-0.3252,-0.2137,0.9015
31.980,1,6.658,-0.719,-1.891,-0.1900,-0.3252,-0.2138,0.9014
32.004,1,6.658,-0.719,-1.891,-0.1902,-0.3255,-0.2145,0.9010
32.045,1,6.658,-0.719,-1.891,-0.1924,-0.3259,-0.2148,0.9004
32.072,1,6.659,-0.718,-1.892,-0.1945,-0.3261,-0.2156,0.8996
32.111,1,6.659,-0.718,-1.892,-0.1954,-0.3258,-0.2168,0.8993
32.136,1,6.659,-0.718,-1.892,-0.1951,-0.3254,-0.2166,0.8995
32.191,1,6.660,-0.719,-1.892,-0.1943,-0.3256,-0.2156,0.8999
32.204,1,6.660,-0.719,-1.892,-0.1930,-0.3252,-0.2162,0.9001
32.246,1,6.660,-0.719,-1.892,-0.1938,-0.3243,-0.2172,0.9000
32.273,1,6.660,-0.719,-1.892,-0.1939,-0.3242,-0.2175,0.9000
32.302,1,6.661,-0.719,-1.892,-0.1939,-0.3241,-0.2181,0.8999
32.344,1,6.661,-0.718,-1.892,-0.1980,-0.3227,-0.2186,0.8994
32.373,1,6.661,-0.718,-1.892,-0.1969,-0.3222,-0.2187,0.8998
32.400,1,6.661,-0.718,-1.892,-0.1972,-0.3222,-0.2184,0.8998
32.442,1,6.661,-0.718,-1.892,-0.1964,-0.3225,-0.2181,0.8999
32.470,1,6.661,-0.718,-1.892,-0.1961,-0.3227,-0.2183,0.8999
32.512,1,6.661,-0.718,-1.892,-0.1961,-0.3227,-0.2183,0.8999
32.540,1,6.661,-0.718,-1.892,-0.1961,-0.3231,-0.2184,0.8997
32.567,1,6.661,-0.718,-1.892,-0.1958,-0.3240,-0.2185,0.8994
32.609,1,6.661,-0.718,-1.892,-0.1951,-0.3241,-0.2182,0.8996
32.637,1,6.661,-0.719,-1.892,-0.1946,-0.3243,-0.2187,0.8995
32.680,1,6.661,-0.719,-1.892,-0.1947,-0.3241,-0.2191,0.8994
32.708,1,6.661,-0.719,-1.892,-0.1947,-0.3237,-0.2191,0.8996
32.736,1,6.661,-0.718,-1.892,-0.1954,-0.3231,-0.2190,0.8997
32.777,1,6.661,-0.718,-1.892,-0.1967,-0.3224,-0.2182,0.8998
32.805,1,6.661,-0.718,-1.892,-0.1973,-0.3226,-0.2186,0.8995
32.834,1,6.662,-0.718,-1.892,-0.1975,-0.3231,-0.2189,0.8993
32.875,1,6.662,-0.718,-1.892,-0.1978,-0.3239,-0.2194,0.8988
32.903,1,6.662,-0.718,-1.892,-0.1982,-0.3242,-0.2198,0.8985
32.945,1,6.662,-0.717,-1.893,-0.2006,-0.3231,-0.2190,0.8986
32.973,1,6.663,-0.717,-1.893,-0.2028,-0.3221,-0.2193,0.8984
33.004,1,6.663,-0.717,-1.893,-0.2029,-0.3214,-0.2205,0.8983
33.043,1,6.664,-0.717,-1.893,-0.2027,-0.3207,-0.2216,0.8983
33.071,1,6.664,-0.717,-1.893,-0.2029,-0.3204,-0.2221,0.8983
33.114,1,6.665,-0.717,-1.892,-0.2030,-0.3193,-0.2234,0.8983
33.141,1,6.665,-0.717,-1.892,-0.2023,-0.3190,-0.2234,0.8985
33.169,1,6.665,-0.717,-1.892,-0.2028,-0.3187,-0.2234,0.8985
33.212,1,6.666,-0.718,-1.892,-0.2025,-0.3185,-0.2250,0.8983
33.238,1,6.666,-0.718,-1.892,-0.2023,-0.3184,-0.2249,0.8984
33.281,1,6.666,-0.718,-1.892,-0.2017,-0.3177,-0.2250,0.8988
33.308,1,6.666,-0.718,-1.891,-0.2019,-0.3169,-0.2250,0.8990
33.336,1,6.666,-0.717,-1.891,-0.2029,-0.3160,-0.2252,0.8990
33.378,1,6.666,-0.717,-1.891,-0.2020,-0.3158,-0.2255,0.8992
33.406,1,6.666,-0.718,-1.891,-0.2019,-0.3161,-0.2246,0.8994
33.434,1,6.666,-0.718,-1.891,-0.2012,-0.3169,-0.2245,0.8993
33.476,1,6.665,-0.718,-1.891,-0.2002,-0.3180,-0.2250,0.8990
33.503,1,6.665,-0.718,-1.891,-0.2001,-0.3188,-0.2253,0.8987
33.545,1,6.665,-0.718,-1.891,-0.1994,-0.3198,-0.2254,0.8984
33.573,1,6.665,-0.718,-1.891,-0.1993,-0.3199,-0.2253,0.8984
33.601,1,6.665,-0.718,-1.891,-0.2000,-0.3197,-0.2255,0.8983
33.643,1,6.665,-0.718,-1.891,-0.2007,-0.3194,-0.2262,0.8981
33.671,1,6.666,-0.718,-1.891,-0.2004,-0.3192,-0.2260,0.8983
33.713,1,6.666,-0.718,-1.891,-0.2014,-0.3180,-0.2262,0.8984
33.740,1,6.666,-0.718,-1.891,-0.2015,-0.3175,-0.2264,0.8985
33.768,1,6.666,-0.718,-1.891,-0.2015,-0.3173,-0.2264,0.8986
33.810,1,6.666,-0.718,-1.891,-0.2022,-0.3173,-0.2266,0.8984
33.840,1,6.666,-0.718,-1.891,-0.2028,-0.3172,-0.2270,0.8982
33.880,1,6.666,-0.718,-1.891,-0.2022,-0.3178,-0.2266,0.8982
33.908,1,6.666,-0.718,-1.890,-0.2002,-0.3186,-0.2261,0.8985
33.935,1,6.666,-0.718,-1.890,-0.1987,-0.3188,-0.2258,0.8988
33.977,1,6.666,-0.719,-1.890,-0.1973,-0.3192,-0.2258,0.8990
34.006,1,6.666,-0.718,-1.890,-0.1986,-0.3191,-0.2260,0.8987
34.034,1,6.666,-0.718,-1.890,-0.2006,-0.3188,-0.2264,0.8982
34.076,1,6.666,-0.717,-1.890,-0.2043,-0.3181,-0.2265,0.8976
34.103,1,6.666,-0.717,-1.890,-0.2048,-0.3179,-0.2272,0.8974
34.145,1,6.666,-0.717,-1.890,-0.2040,-0.3198,-0.2261,0.8972
34.173,1,6.666,-0.717,-1.890,-0.2046,-0.3202,-0.2259,0.8970
34.201,1,6.666,-0.717,-1.891,-0.2036,-0.3205,-0.2260,0.8971
34.240,1,6.666,-0.717,-1.891,-0.2024,-0.3211,-0.2252,0.8973
34.284,1,6.666,-0.717,-1.891,-0.2020,-0.3212,-0.2252,0.8974
34.313,1,6.665,-0.717,-1.891,-0.2028,-0.3215,-0.2252,0.8971
34.339,1,6.665,-0.717,-1.891,-0.2044,-0.3216,-0.2257,0.8966
34.381,1,6.665,-0.717,-1.891,-0.2044,-0.3221,-0.2261,0.8963
34.408,1,6.665,-0.717,-1.892,-0.2041,-0.3221,-0.2256,0.8965
34.434,1,6.665,-0.717,-1.892,-0.2044,-0.3217,-0.2251,0.8967
34.476,1,6.666,-0.717,-1.892,-0.2060,-0.3210,-0.2259,0.8964
34.505,1,6.666,-0.716,-1.892,-0.2061,-0.3209,-0.2260,0.8964
34.547,1,6.666,-0.716,-1.892,-0.2069,-0.3212,-0.2262,0.8960
34.575,1,6.666,-0.716,-1.892,-0.2064,-0.3219,-0.2260,0.8959
34.602,1,6.666,-0.717,-1.892,-0.2048,-0.3229,-0.2258,0.8960
34.644,1,6.666,-0.717,-1.892,-0.2062,-0.3238,-0.2269,0.8951
34.675,1,6.666,-0.717,-1.892,-0.2064,-0.3242,-0.2269,0.8949
34.704,1,6.667,-0.717,-1.893,-0.2067,-0.3238,-0.2270,0.8949
34.744,1,6.667,-0.717,-1.893,-0.2068,-0.3231,-0.2278,0.8950
34.770,1,6.667,-0.717,-1.893,-0.2071,-0.3227,-0.2277,0.8951
34.811,1,6.667,-0.717,-1.893,-0.2080,-0.3221,-0.2279,0.8950
34.840,1,6.667,-0.716,-1.893,-0.2084,-0.3215,-0.2283,0.8950
34.871,1,6.667,-0.716,-1.893,-0.2080,-0.3212,-0.2283,0.8953
34.909,1,6.667,-0.716,-1.893,-0.2097,-0.3203,-0.2287,0.8950
34.936,1,6.667,-0.716,-1.893,-0.2090,-0.3206,-0.2283,0.8952
34.977,1,6.667,-0.716,-1.893,-0.2086,-0.3214,-0.2277,0.8952
35.005,1,6.667,-0.716,-1.893,-0.2092,-0.3219,-0.2277,0.8949
35.046,1,6.667,-0.716,-1.892,-0.2101,-0.3226,-0.2286,0.8942
35.073,1,6.667,-0.716,-1.892,-0.2090,-0.3234,-0.2282,0.8942
35.100,1,6.667,-0.716,-1.892,-0.2077,-0.3236,-0.2277,0.8946
35.142,1,6.667,-0.716,-1.892,-0.2081,-0.3233,-0.2282,0.8945
35.170,1,6.667,-0.716,-1.892,-0.2079,-0.3233,-0.2283,0.8945
35.211,1,6.667,-0.716,-1.892,-0.2074,-0.3232,-0.2288,0.8945
35.239,1,6.668,-0.716,-1.892,-0.2086,-0.3225,-0.2290,0.8944
35.267,1,6.668,-0.716,-1.892,-0.2080,-0.3223,-0.2288,0.8947
35.309,1,6.668,-0.716,-1.892,-0.2080,-0.3221,-0.2290,0.8947
35.337,1,6.668,-0.716,-1.892,-0.2094,-0.3213,-0.2295,0.8945
35.378,1,6.668,-0.716,-1.892,-0.2079,-0.3214,-0.2293,0.8949
35.407,1,6.668,-0.716,-1.892,-0.2071,-0.3215,-0.2287,0.8952
35.435,1,6.668,-0.716,-1.892,-0.2081,-0.3214,-0.2291,0.8949
35.477,1,6.668,-0.716,-1.892,-0.2080,-0.3219,-0.2294,0.8947
35.507,1,6.668,-0.716,-1.892,-0.2077,-0.3220,-0.2292,0.8948
35.545,1,6.668,-0.716,-1.892,-0.2088,-0.3220,-0.2290,0.8946
35.573,1,6.668,-0.716,-1.892,-0.2083,-0.3220,-0.2291,0.8947
35.601,1,6.668,-0.716,-1.892,-0.2080,-0.3218,-0.2292,0.8948
35.644,1,6.668,-0.716,-1.891,-0.2082,-0.3218,-0.2290,0.8948
35.671,1,6.668,-0.716,-1.891,-0.2082,-0.3216,-0.2294,0.8948
35.700,1,6.668,-0.716,-1.891,-0.2077,-0.3219,-0.2292,0.8948
35.741,1,6.668,-0.716,-1.891,-0.2074,-0.3220,-0.2293,0.8948
35.769,1,6.668,-0.716,-1.891,-0.2081,-0.3219,-0.2296,0.8946
35.812,1,6.668,-0.716,-1.891,-0.2081,-0.3218,-0.2297,0.8947
35.839,1,6.668,-0.716,-1.891,-0.2084,-0.3213,-0.2296,0.8948
35.868,1,6.668,-0.716,-1.891,-0.2089,-0.3202,-0.2296,0.8950
35.910,1,6.669,-0.716,-1.891,-0.2083,-0.3198,-0.2293,0.8954
35.938,1,6.669,-0.716,-1.891,-0.2088,-0.3198,-0.2295,0.8952
35.981,1,6.669,-0.716,-1.892,-0.2097,-0.3203,-0.2300,0.8947
36.008,1,6.669,-0.716,-1.892,-0.2102,-0.3204,-0.2305,0.8944
36.036,1,6.669,-0.716,-1.892,-0.2099,-0.3203,-0.2306,0.8945
36.079,1,6.669,-0.716,-1.892,-0.2107,-0.3195,-0.2304,0.8947
36.107,1,6.670,-0.716,-1.892,-0.2113,-0.3191,-0.2299,0.8948
36.136,1,6.670,-0.716,-1.892,-0.2106,-0.3189,-0.2303,0.8949
36.176,1,6.670,-0.716,-1.892,-0.2116,-0.3183,-0.2312,0.8947
36.204,1,6.670,-0.716,-1.892,-0.2117,-0.3185,-0.2311,0.8946
36.246,1,6.670,-0.716,-1.892,-0.2119,-0.3184,-0.2316,0.8945
36.274,1,6.671,-0.716,-1.891,-0.2124,-0.3176,-0.2320,0.8945
36.302,1,6.671,-0.716,-1.891,-0.2119,-0.3172,-0.2328,0.8946
36.345,1,6.670,-0.716,-1.891,-0.2090,-0.3170,-0.2319,0.8956
36.371,1,6.670,-0.717,-1.890,-0.2080,-0.3170,-0.2313,0.8959
36.413,1,6.670,-0.717,-1.890,-0.2074,-0.3171,-0.2312,0.8961
36.442,1,6.670,-0.717,-1.890,-0.2073,-0.3177,-0.2317,0.8958
36.469,1,6.670,-0.716,-1.890,-0.2078,-0.3181,-0.2322,0.8954
36.511,1,6.670,-0.716,-1.890,-0.2086,-0.3181,-0.2316,0.8953
36.539,1,6.670,-0.716,-1.890,-0.2085,-0.3184,-0.2319,0.8952
36.567,1,6.670,-0.716,-1.890,-0.2078,-0.3187,-0.2322,0.8952
36.608,1,6.670,-0.716,-1.890,-0.2091,-0.3190,-0.2323,0.8948
36.636,1,6.671,-0.716,-1.891,-0.2091,-0.3198,-0.2322,0.8944
36.678,1,6.671,-0.716,-1.891,-0.2111,-0.3198,-0.2329,0.8938
36.706,1,6.671,-0.716,-1.891,-0.2113,-0.3200,-0.2339,0.8934
36.734,1,6.671,-0.716,-1.891,-0.2103,-0.3199,-0.2335,0.8938
36.776,1,6.672,-0.716,-1.892,-0.2102,-0.3193,-0.2331,0.8942
36.804,1,6.672,-0.716,-1.892,-0.2121,-0.3186,-0.2339,0.8937
36.847,1,6.672,-0.716,-1.892,-0.2127,-0.3184,-0.2341,0.8936
36.874,1,6.672,-0.716,-1.892,-0.2124,-0.3186,-0.2339,0.8937
36.902,1,6.672,-0.716,-1.892,-0.2128,-0.3183,-0.2342,0.8936
36.943,1,6.672,-0.716,-1.892,-0.2137,-0.3182,-0.2346,0.8933
36.971,1,6.672,-0.716,-1.892,-0.2132,-0.3183,-0.2343,0.8935
37.012,1,6.672,-0.716,-1.892,-0.2131,-0.3188,-0.2341,0.8934
37.039,1,6.672,-0.716,-1.892,-0.2119,-0.3199,-0.2337,0.8934
37.080,1,6.672,-0.715,-1.892,-0.2134,-0.3206,-0.2329,0.8930
37.108,1,6.671,-0.715,-1.892,-0.2135,-0.3218,-0.2329,0.8925
37.134,1,6.671,-0.715,-1.892,-0.2138,-0.3227,-0.2331,0.8921
37.178,1,6.671,-0.715,-1.892,-0.2129,-0.3232,-0.2332,0.8921
37.205,1,6.671,-0.715,-1.892,-0.2125,-0.3233,-0.2332,0.8921
37.234,1,6.671,-0.715,-1.892,-0.2123,-0.3234,-0.2330,0.8922
37.276,1,6.671,-0.715,-1.892,-0.2120,-0.3231,-0.2330,0.8924
37.305,1,6.671,-0.716,-1.892,-0.2112,-0.3226,-0.2329,0.8928
37.346,1,6.671,-0.716,-1.892,-0.2100,-0.3222,-0.2324,0.8934
37.373,1,6.671,-0.715,-1.891,-0.2123,-0.3220,-0.2321,0.8930
37.402,1,6.670,-0.716,-1.891,-0.2069,-0.3236,-0.2317,0.8937
37.442,1,6.670,-0.716,-1.891,-0.2090,-0.3238,-0.2322,0.8931
37.469,1,6.670,-0.716,-1.891,-0.2082,-0.3237,-0.2319,0.8933
37.510,1,6.670,-0.716,-1.891,-0.2089,-0.3241,-0.2314,0.8932
37.538,1,6.670,-0.716,-1.891,-0.2093,-0.3244,-0.2317,0.8929
37.580,1,6.670,-0.716,-1.891,-0.2086,-0.3244,-0.2317,0.8931
37.607,1,6.670,-0.716,-1.891,-0.2089,-0.3238,-0.2315,0.8932
37.636,1,6.670,-0.716,-1.891,-0.2087,-0.3233,-0.2318,0.8934
37.677,1,6.671,-0.716,-1.891,-0.2089,-0.3229,-0.2314,0.8936
37.705,1,6.671,-0.716,-1.891,-0.2094,-0.3229,-0.2317,0.8934
37.745,1,6.671,-0.716,-1.891,-0.2104,-0.3224,-0.2325,0.8932
37.772,1,6.671,-0.716,-1.891,-0.2106,-0.3226,-0.2324,0.8931
37.802,1,6.671,-0.716,-1.891,-0.2096,-0.3230,-0.2322,0.8932
37.840,1,6.671,-0.716,-1.891,-0.2110,-0.3228,-0.2322,0.8929
37.879,1,6.671,-0.716,-1.892,-0.2120,-0.3235,-0.2325,0.8924
37.905,1,6.671,-0.716,-1.892,-0.2116,-0.3235,-0.2325,0.8925
37.946,1,6.671,-0.716,-1.892,-0.2126,-0.3229,-0.2326,0.8924
37.972,1,6.671,-0.716,-1.892,-0.2132,-0.3223,-0.2324,0.8926
38.003,1,6.671,-0.716,-1.892,-0.2124,-0.3222,-0.2323,0.8928
38.041,1,6.671,-0.716,-1.892,-0.2135,-0.3221,-0.2326,0.8925
38.438,1,6.672,-0.716,-1.892,-0.2143,-0.3204,-0.2345,0.8924
38.438,1,6.672,-0.716,-1.892,-0.2143,-0.3204,-0.2345,0.8924
38.438,1,6.672,-0.716,-1.892,-0.2143,-0.3204,-0.2345,0.8924
38.438,1,6.672,-0.716,-1.892,-0.2143,-0.3204,-0.2345,0.8924
38.438,1,6.672,-0.716,-1.892,-0.2143,-0.3204,-0.2345,0.8924
38.438,1,6.672,-0.716,-1.892,-0.2143,-0.3204,-0.2345,0.8924
38.438,1,6.672,-0.716,-1.892,-0.2143,-0.3204,-0.2345,0.8924
38.438,1,6.672,-0.716,-1.892,-0.2143,-0.3204,-0.2345,0.8924
38.438,1,6.672,-0.716,-1.892,-0.2143,-0.3204,-0.2345,0.8924
38.438,1,6.672,-0.716,-1.892,-0.2143,-0.3204,-0.2345,0.8924
38.438,1,6.672,-0.716,-1.892,-0.2143,-0.3204,-0.2345,0.8924
38.438,1,6.672,-0.716,-1.892,-0.2143,-0.3204,-0.2345,0.8924
38.473,1,6.673,-0.716,-1.891,-0.2128,-0.3199,-0.2348,0.8929
38.501,1,6.673,-0.716,-1.891,-0.2129,-0.3196,-0.2347,0.8930
38.543,1,6.673,-0.716,-1.891,-0.2129,-0.3191,-0.2346,0.8932
38.570,1,6.673,-0.716,-1.891,-0.2132,-0.3185,-0.2347,0.8933
38.613,1,6.673,-0.716,-1.891,-0.2136,-0.3177,-0.2348,0.8935
38.641,1,6.673,-0.716,-1.891,-0.2136,-0.3175,-0.2344,0.8937
38.666,1,6.673,-0.716,-1.891,-0.2134,-0.3175,-0.2344,0.8937
38.713,1,6.673,-0.716,-1.891,-0.2135,-0.3179,-0.2348,0.8934
38.740,1,6.673,-0.716,-1.892,-0.2140,-0.3182,-0.2348,0.8932
38.782,1,6.673,-0.716,-1.892,-0.2143,-0.3181,-0.2348,0.8932
38.823,1,6.673,-0.716,-1.892,-0.2153,-0.3176,-0.2352,0.8930
38.838,1,6.673,-0.716,-1.892,-0.2161,-0.3175,-0.2352,0.8929
38.869,1,6.673,-0.716,-1.892,-0.2167,-0.3173,-0.2348,0.8929
38.907,1,6.673,-0.716,-1.892,-0.2162,-0.3169,-0.2351,0.8930
38.936,1,6.673,-0.716,-1.892,-0.2167,-0.3168,-0.2350,0.8930
38.977,1,6.673,-0.716,-1.892,-0.2167,-0.3169,-0.2348,0.8930
39.005,1,6.673,-0.716,-1.893,-0.2161,-0.3169,-0.2346,0.8932
39.046,1,6.673,-0.716,-1.893,-0.2165,-0.3170,-0.2346,0.8931
39.078,1,6.673,-0.716,-1.893,-0.2176,-0.3168,-0.2345,0.8929
39.102,1,6.672,-0.716,-1.893,-0.2175,-0.3168,-0.2344,0.8930
39.216,1,6.672,-0.716,-1.893,-0.2169,-0.3165,-0.2340,0.8933
39.216,1,6.672,-0.716,-1.893,-0.2169,-0.3165,-0.2340,0.8933
39.216,1,6.672,-0.716,-1.893,-0.2169,-0.3165,-0.2340,0.8933
39.239,1,6.672,-0.716,-1.893,-0.2168,-0.3163,-0.2340,0.8934
39.266,1,6.672,-0.716,-1.893,-0.2158,-0.3158,-0.2338,0.8939
39.309,1,6.672,-0.716,-1.893,-0.2157,-0.3163,-0.2332,0.8939
39.336,1,6.671,-0.716,-1.892,-0.2150,-0.3165,-0.2335,0.8939
39.378,1,6.671,-0.716,-1.892,-0.2142,-0.3164,-0.2335,0.8942
39.405,1,6.671,-0.716,-1.892,-0.2145,-0.3162,-0.2332,0.8942
39.446,1,6.671,-0.716,-1.892,-0.2149,-0.3152,-0.2331,0.8945
39.474,1,6.671,-0.716,-1.892,-0.2148,-0.3147,-0.2327,0.8948
39.503,1,6.671,-0.716,-1.892,-0.2145,-0.3147,-0.2326,0.8949
39.546,1,6.671,-0.716,-1.892,-0.2134,-0.3151,-0.2327,0.8950
39.572,1,6.671,-0.716,-1.892,-0.2132,-0.3153,-0.2325,0.8950
39.601,1,6.670,-0.716,-1.892,-0.2133,-0.3151,-0.2323,0.8951
39.642,1,6.670,-0.717,-1.892,-0.2122,-0.3147,-0.2319,0.8956
39.671,1,6.670,-0.717,-1.891,-0.2119,-0.3147,-0.2317,0.8958
39.700,1,6.670,-0.717,-1.891,-0.2119,-0.3146,-0.2318,0.8957
39.741,1,6.670,-0.717,-1.891,-0.2123,-0.3144,-0.2321,0.8957
39.768,1,6.670,-0.717,-1.891,-0.2119,-0.3144,-0.2321,0.8958
39.811,1,6.669,-0.717,-1.891,-0.2107,-0.3142,-0.2312,0.8963
39.838,1,6.669,-0.717,-1.891,-0.2107,-0.3144,-0.2310,0.8963
39.880,1,6.669,-0.717,-1.891,-0.2105,-0.3146,-0.2312,0.8963
39.909,1,6.669,-0.717,-1.891,-0.2100,-0.3149,-0.2312,0.8962
39.935,1,6.669,-0.717,-1.891,-0.2099,-0.3151,-0.2310,0.8962
39.978,1,6.669,-0.717,-1.891,-0.2099,-0.3152,-0.2308,0.8963
40.005,1,6.669,-0.717,-1.891,-0.2101,-0.3152,-0.2306,0.8963
40.047,1,6.669,-0.717,-1.891,-0.2099,-0.3149,-0.2309,0.8963
40.076,1,6.669,-0.717,-1.890,-0.2099,-0.3147,-0.2306,0.8965
40.103,1,6.669,-0.717,-1.890,-0.2098,-0.3147,-0.2306,0.8965
40.144,1,6.669,-0.717,-1.890,-0.2094,-0.3144,-0.2307,0.8967
40.172,1,6.669,-0.717,-1.890,-0.2089,-0.3143,-0.2308,0.8968
40.200,1,6.669,-0.717,-1.890,-0.2087,-0.3140,-0.2310,0.8969
40.240,1,6.669,-0.717,-1.890,-0.2089,-0.3137,-0.2315,0.8969
40.268,1,6.669,-0.717,-1.890,-0.2084,-0.3135,-0.2317,0.8970
40.309,1,6.669,-0.717,-1.890,-0.2088,-0.3132,-0.2317,0.8970
40.350,1,6.669,-0.717,-1.890,-0.2093,-0.3132,-0.2317,0.8969
40.378,1,6.670,-0.717,-1.890,-0.2094,-0.3133,-0.2319,0.8968
40.406,1,6.670,-0.717,-1.890,-0.2086,-0.3134,-0.2327,0.8967
40.434,1,6.670,-0.717,-1.889,-0.2080,-0.3135,-0.2329,0.8968
40.477,1,6.670,-0.717,-1.889,-0.2077,-0.3131,-0.2329,0.8970
40.505,1,6.670,-0.717,-1.889,-0.2079,-0.3125,-0.2331,0.8971
40.534,1,6.670,-0.717,-1.889,-0.2076,-0.3119,-0.2333,0.8973
40.572,1,6.670,-0.717,-1.889,-0.2085,-0.3114,-0.2331,0.8973
40.600,1,6.670,-0.717,-1.889,-0.2083,-0.3114,-0.2332,0.8974
40.642,1,6.670,-0.717,-1.889,-0.2070,-0.3115,-0.2334,0.8976
40.669,1,6.670,-0.718,-1.888,-0.2067,-0.3118,-0.2329,0.8977
40.710,1,6.670,-0.718,-1.888,-0.2058,-0.3121,-0.2333,0.8977
40.739,1,6.670,-0.718,-1.888,-0.2058,-0.3121,-0.2334,0.8976
40.780,1,6.670,-0.718,-1.888,-0.2061,-0.3123,-0.2331,0.8976
40.808,1,6.670,-0.718,-1.888,-0.2060,-0.3123,-0.2331,0.8976
40.837,1,6.670,-0.718,-1.888,-0.2057,-0.3121,-0.2334,0.8977
40.879,1,6.670,-0.718,-1.888,-0.2066,-0.3115,-0.2332,0.8977
40.909,1,6.670,-0.718,-1.888,-0.2060,-0.3110,-0.2339,0.8978
40.940,1,6.670,-0.718,-1.887,-0.2054,-0.3108,-0.2333,0.8982
40.968,1,6.670,-0.718,-1.887,-0.2051,-0.3111,-0.2335,0.8981
41.012,1,6.670,-0.718,-1.887,-0.2041,-0.3116,-0.2338,0.8981
41.041,1,6.670,-0.718,-1.887,-0.2036,-0.3118,-0.2342,0.8981
41.069,1,6.670,-0.718,-1.887,-0.2031,-0.3118,-0.2342,0.8981
41.107,1,6.670,-0.718,-1.887,-0.2027,-0.3118,-0.2340,0.8983
41.135,1,6.670,-0.718,-1.886,-0.2023,-0.3117,-0.2338,0.8985
41.174,1,6.670,-0.718,-1.886,-0.2022,-0.3115,-0.2342,0.8984
41.201,1,6.670,-0.718,-1.886,-0.2025,-0.3112,-0.2345,0.8984
41.242,1,6.670,-0.718,-1.886,-0.2023,-0.3108,-0.2343,0.8986
41.269,1,6.670,-0.718,-1.886,-0.2020,-0.3105,-0.2344,0.8988
41.312,1,6.670,-0.719,-1.886,-0.2017,-0.3105,-0.2347,0.8988
41.339,1,6.670,-0.719,-1.885,-0.2012,-0.3107,-0.2349,0.8988
41.381,1,6.670,-0.719,-1.885,-0.2006,-0.3107,-0.2349,0.8989
41.408,1,6.670,-0.719,-1.885,-0.2005,-0.3107,-0.2349,0.8990
41.437,1,6.670,-0.719,-1.885,-0.2008,-0.3106,-0.2346,0.8990
41.478,1,6.670,-0.719,-1.885,-0.2016,-0.3110,-0.2349,0.8986
41.507,1,6.670,-0.719,-1.885,-0.2013,-0.3113,-0.2352,0.8985
41.534,1,6.670,-0.719,-1.885,-0.2004,-0.3114,-0.2349,0.8987
41.576,1,6.670,-0.719,-1.885,-0.1993,-0.3117,-0.2351,0.8988
41.604,1,6.670,-0.719,-1.885,-0.1988,-0.3116,-0.2352,0.8989
41.644,1,6.670,-0.719,-1.885,-0.1990,-0.3114,-0.2354,0.8989
41.670,1,6.670,-0.719,-1.885,-0.1995,-0.3113,-0.2354,0.8988
41.712,1,6.670,-0.719,-1.885,-0.1996,-0.3110,-0.2351,0.8990
41.741,1,6.670,-0.719,-1.885,-0.1997,-0.3106,-0.2350,0.8991
41.770,1,6.670,-0.719,-1.885,-0.1997,-0.3103,-0.2350,0.8992
41.811,1,6.670,-0.719,-1.885,-0.1992,-0.3103,-0.2346,0.8994
41.839,1,6.670,-0.719,-1.885,-0.1993,-0.3105,-0.2347,0.8993
41.867,1,6.670,-0.719,-1.885,-0.1993,-0.3107,-0.2346,0.8993
41.909,1,6.670,-0.719,-1.885,-0.1996,-0.3104,-0.2351,0.8992
41.937,1,6.670,-0.719,-1.885,-0.1999,-0.3100,-0.2354,0.8992
41.981,1,6.671,-0.719,-1.885,-0.2004,-0.3095,-0.2350,0.8993
42.008,1,6.670,-0.719,-1.885,-0.2005,-0.3097,-0.2349,0.8993
42.035,1,6.671,-0.719,-1.885,-0.2005,-0.3099,-0.2354,0.8991
42.079,1,6.671,-0.719,-1.885,-0.2009,-0.3098,-0.2357,0.8989
42.106,1,6.671,-0.719,-1.885,-0.2012,-0.3097,-0.2355,0.8990
42.134,1,6.671,-0.719,-1.885,-0.2012,-0.3097,-0.2353,0.8990
42.176,1,6.671,-0.719,-1.885,-0.2015,-0.3098,-0.2355,0.8989
42.203,1,6.671,-0.719,-1.885,-0.2021,-0.3101,-0.2356,0.8986
42.246,1,6.671,-0.719,-1.885,-0.2018,-0.3103,-0.2356,0.8986
42.273,1,6.671,-0.719,-1.885,-0.2017,-0.3101,-0.2357,0.8987
42.302,1,6.671,-0.719,-1.885,-0.2012,-0.3101,-0.2356,0.8988
42.342,1,6.670,-0.719,-1.885,-0.2005,-0.3100,-0.2353,0.8991
42.372,1,6.670,-0.719,-1.885,-0.2007,-0.3099,-0.2357,0.8990
42.400,1,6.670,-0.719,-1.885,-0.2017,-0.3096,-0.2361,0.8987
42.441,1,6.670,-0.719,-1.885,-0.2011,-0.3096,-0.2361,0.8989
42.470,1,6.670,-0.719,-1.885,-0.2009,-0.3094,-0.2356,0.8991
42.511,1,6.670,-0.719,-1.885,-0.2005,-0.3094,-0.2353,0.8993
42.538,1,6.670,-0.719,-1.885,-0.2001,-0.3092,-0.2354,0.8994
42.580,1,6.670,-0.719,-1.885,-0.1998,-0.3093,-0.2353,0.8995
42.609,1,6.670,-0.719,-1.885,-0.1996,-0.3096,-0.2352,0.8994
42.636,1,6.670,-0.719,-1.885,-0.1993,-0.3098,-0.2351,0.8995
42.678,1,6.670,-0.719,-1.885,-0.2002,-0.3097,-0.2353,0.8992
42.707,1,6.670,-0.719,-1.885,-0.2008,-0.3092,-0.2354,0.8993
42.733,1,6.670,-0.719,-1.885,-0.2005,-0.3090,-0.2351,0.8995
42.775,1,6.670,-0.719,-1.885,-0.2003,-0.3089,-0.2348,0.8996
42.803,1,6.670,-0.719,-1.885,-0.2007,-0.3089,-0.2347,0.8996
42.845,1,6.669,-0.719,-1.885,-0.2003,-0.3091,-0.2346,0.8996
42.873,1,6.669,-0.719,-1.885,-0.1998,-0.3091,-0.2347,0.8997
42.901,1,6.669,-0.719,-1.885,-0.1996,-0.3090,-0.2344,0.8999
42.943,1,6.669,-0.719,-1.885,-0.1998,-0.3092,-0.2341,0.8998
42.971,1,6.669,-0.719,-1.885,-0.2002,-0.3092,-0.2342,0.8997
43.013,1,6.669,-0.719,-1.885,-0.2010,-0.3092,-0.2339,0.8996
43.041,1,6.669,-0.719,-1.885,-0.2009,-0.3092,-0.2336,0.8997
43.069,1,6.669,-0.719,-1.885,-0.2005,-0.3093,-0.2331,0.8999
43.110,1,6.669,-0.719,-1.886,-0.2005,-0.3096,-0.2331,0.8998
43.140,1,6.669,-0.719,-1.886,-0.1999,-0.3100,-0.2335,0.8997
43.169,1,6.668,-0.719,-1.886,-0.1996,-0.3101,-0.2331,0.8998
43.212,1,6.668,-0.719,-1.885,-0.1992,-0.3101,-0.2332,0.8999
43.242,1,6.668,-0.719,-1.885,-0.1990,-0.3100,-0.2330,0.9000
43.269,1,6.668,-0.719,-1.885,-0.1989,-0.3099,-0.2327,0.9001
43.311,1,6.668,-0.719,-1.885,-0.1993,-0.3100,-0.2328,0.9000
43.339,1,6.668,-0.719,-1.885,-0.1997,-0.3099,-0.2331,0.8998
43.369,1,6.668,-0.719,-1.885,-0.1990,-0.3100,-0.2333,0.9000
43.411,1,6.668,-0.719,-1.885,-0.1981,-0.3100,-0.2320,0.9004
43.439,1,6.668,-0.719,-1.885,-0.1980,-0.3100,-0.2328,0.9003
43.468,1,6.668,-0.719,-1.885,-0.1978,-0.3101,-0.2333,0.9002
43.510,1,6.669,-0.719,-1.885,-0.1978,-0.3102,-0.2339,0.9000
43.538,1,6.669,-0.719,-1.885,-0.1979,-0.3101,-0.2341,0.8999
43.566,1,6.669,-0.719,-1.885,-0.1982,-0.3097,-0.2341,0.9000
43.607,1,6.669,-0.719,-1.884,-0.1990,-0.3085,-0.2346,0.9001
43.635,1,6.669,-0.719,-1.884,-0.1992,-0.3078,-0.2349,0.9002
43.675,1,6.669,-0.719,-1.884,-0.1993,-0.3072,-0.2347,0.9004
43.702,1,6.669,-0.719,-1.884,-0.1992,-0.3071,-0.2348,0.9005
43.743,1,6.669,-0.719,-1.884,-0.1987,-0.3076,-0.2345,0.9005
43.772,1,6.669,-0.719,-1.884,-0.1983,-0.3081,-0.2346,0.9004
43.815,1,6.669,-0.719,-1.884,-0.1980,-0.3086,-0.2345,0.9003
43.843,1,6.669,-0.719,-1.884,-0.1977,-0.3090,-0.2343,0.9003
43.872,1,6.669,-0.719,-1.884,-0.1977,-0.3090,-0.2343,0.9003
43.913,1,6.669,-0.719,-1.884,-0.1979,-0.3088,-0.2344,0.9003
43.941,1,6.669,-0.719,-1.884,-0.1980,-0.3085,-0.2343,0.9004
43.969,1,6.669,-0.719,-1.884,-0.1982,-0.3083,-0.2343,0.9004
44.011,1,6.669,-0.719,-1.884,-0.1982,-0.3081,-0.2344,0.9005
44.040,1,6.669,-0.719,-1.884,-0.1982,-0.3081,-0.2344,0.9005
44.082,1,6.669,-0.719,-1.884,-0.1978,-0.3082,-0.2348,0.9004
44.108,1,6.669,-0.719,-1.884,-0.1977,-0.3083,-0.2347,0.9005
44.135,1,6.669,-0.719,-1.884,-0.1974,-0.3084,-0.2345,0.9005
44.177,1,6.669,-0.719,-1.884,-0.1973,-0.3084,-0.2345,0.9005
44.206,1,6.669,-0.719,-1.884,-0.1976,-0.3085,-0.2346,0.9004
44.234,1,6.669,-0.719,-1.884,-0.1980,-0.3086,-0.2347,0.9003
44.275,1,6.669,-0.719,-1.884,-0.1979,-0.3083,-0.2350,0.9003
44.303,1,6.669,-0.719,-1.884,-0.1974,-0.3081,-0.2351,0.9005
44.345,1,6.669,-0.719,-1.883,-0.1973,-0.3077,-0.2349,0.9007
44.374,1,6.669,-0.719,-1.883,-0.1972,-0.3075,-0.2351,0.9007
44.402,1,6.669,-0.719,-1.883,-0.1970,-0.3075,-0.2353,0.9007
44.444,1,6.669,-0.719,-1.883,-0.1974,-0.3077,-0.2355,0.9005
44.472,1,6.669,-0.719,-1.883,-0.1974,-0.3078,-0.2356,0.9004
44.502,1,6.669,-0.720,-1.884,-0.1975,-0.3077,-0.2356,0.9004
44.543,1,6.669,-0.720,-1.884,-0.1978,-0.3075,-0.2353,0.9005
44.570,1,6.669,-0.719,-1.884,-0.1979,-0.3072,-0.2357,0.9005
44.613,1,6.670,-0.719,-1.884,-0.1981,-0.3070,-0.2354,0.9006
44.640,1,6.670,-0.719,-1.883,-0.1983,-0.3072,-0.2355,0.9005
44.668,1,6.670,-0.719,-1.883,-0.1981,-0.3072,-0.2356,0.9005
44.711,1,6.669,-0.720,-1.883,-0.1973,-0.3072,-0.2354,0.9007
44.738,1,6.669,-0.720,-1.883,-0.1969,-0.3073,-0.2355,0.9007
44.780,1,6.669,-0.720,-1.883,-0.1966,-0.3074,-0.2356,0.9007
44.808,1,6.669,-0.720,-1.883,-0.1969,-0.3076,-0.2355,0.9006
44.836,1,6.669,-0.719,-1.883,-0.1976,-0.3076,-0.2357,0.9004
44.875,1,6.669,-0.719,-1.883,-0.1979,-0.3074,-0.2356,0.9005
44.903,1,6.669,-0.719,-1.883,-0.1975,-0.3072,-0.2354,0.9007
44.946,1,6.669,-0.720,-1.883,-0.1972,-0.3072,-0.2355,0.9007
44.975,1,6.670,-0.719,-1.883,-0.1975,-0.3072,-0.2357,0.9006
45.002,1,6.670,-0.719,-1.883,-0.1976,-0.3071,-0.2359,0.9006
45.044,1,6.670,-0.720,-1.883,-0.1975,-0.3068,-0.2363,0.9006
45.072,1,6.670,-0.719,-1.883,-0.1977,-0.3065,-0.2367,0.9005
45.101,1,6.670,-0.719,-1.883,-0.1979,-0.3063,-0.2365,0.9006
45.142,1,6.670,-0.719,-1.883,-0.1978,-0.3062,-0.2365,0.9007
45.170,1,6.670,-0.719,-1.883,-0.1979,-0.3062,-0.2368,0.9006
45.212,1,6.671,-0.719,-1.883,-0.1987,-0.3059,-0.2369,0.9004
45.240,1,6.671,-0.719,-1.883,-0.1987,-0.3056,-0.2375,0.9004
45.268,1,6.671,-0.719,-1.883,-0.1986,-0.3055,-0.2377,0.9004
45.310,1,6.671,-0.719,-1.883,-0.1983,-0.3054,-0.2375,0.9005
45.340,1,6.671,-0.719,-1.883,-0.1984,-0.3057,-0.2372,0.9005
45.379,1,6.671,-0.719,-1.883,-0.1985,-0.3060,-0.2379,0.9002
45.407,1,6.671,-0.719,-1.883,-0.1986,-0.3061,-0.2378,0.9002
45.434,1,6.671,-0.719,-1.883,-0.1986,-0.3062,-0.2375,0.9002
45.477,1,6.671,-0.719,-1.883,-0.1986,-0.3062,-0.2375,0.9002
45.505,1,6.671,-0.719,-1.883,-0.1987,-0.3061,-0.2372,0.9003
45.533,1,6.671,-0.719,-1.883,-0.1990,-0.3060,-0.2372,0.9003
45.575,1,6.671,-0.719,-1.883,-0.1994,-0.3057,-0.2371,0.9003
45.602,1,6.671,-0.719,-1.883,-0.1994,-0.3057,-0.2372,0.9003
45.644,1,6.671,-0.719,-1.883,-0.1990,-0.3056,-0.2371,0.9004
45.672,1,6.671,-0.719,-1.883,-0.1988,-0.3057,-0.2372,0.9004
45.701,1,6.671,-0.719,-1.883,-0.1989,-0.3059,-0.2370,0.9004
45.743,1,6.671,-0.719,-1.883,-0.1991,-0.3062,-0.2370,0.9003
45.770,1,6.671,-0.719,-1.883,-0.1992,-0.3063,-0.2371,0.9002
45.812,1,6.671,-0.719,-1.883,-0.1991,-0.3064,-0.2370,0.9002
45.840,1,6.671,-0.719,-1.883,-0.1991,-0.3066,-0.2367,0.9002
45.867,1,6.671,-0.719,-1.883,-0.1988,-0.3068,-0.2368,0.9002
45.909,1,6.671,-0.719,-1.883,-0.1991,-0.3069,-0.2371,0.9000
45.937,1,6.671,-0.719,-1.884,-0.1997,-0.3069,-0.2374,0.8998
45.978,1,6.671,-0.719,-1.884,-0.1996,-0.3066,-0.2370,0.9000
46.005,1,6.671,-0.719,-1.884,-0.1995,-0.3064,-0.2370,0.9001
46.033,1,6.671,-0.719,-1.884,-0.1996,-0.3062,-0.2372,0.9001
46.075,1,6.671,-0.719,-1.884,-0.1993,-0.3059,-0.2372,0.9003
46.104,1,6.671,-0.719,-1.884,-0.1995,-0.3058,-0.2371,0.9003
46.143,1,6.671,-0.719,-1.884,-0.2005,-0.3062,-0.2369,0.9000
46.175,1,6.671,-0.719,-1.884,-0.2006,-0.3065,-0.2366,0.8999
46.202,1,6.671,-0.719,-1.884,-0.2004,-0.3071,-0.2365,0.8998
46.246,1,6.671,-0.719,-1.884,-0.2000,-0.3072,-0.2375,0.8996
46.274,1,6.671,-0.719,-1.884,-0.2003,-0.3070,-0.2376,0.8995
46.303,1,6.671,-0.719,-1.884,-0.2000,-0.3068,-0.2375,0.8997
46.344,1,6.671,-0.719,-1.884,-0.2008,-0.3059,-0.2372,0.8999
46.375,1,6.671,-0.719,-1.884,-0.2009,-0.3058,-0.2375,0.8998
46.414,1,6.672,-0.719,-1.884,-0.2010,-0.3057,-0.2376,0.8998
46.441,1,6.672,-0.719,-1.884,-0.2011,-0.3057,-0.2377,0.8998
46.470,1,6.672,-0.719,-1.884,-0.2017,-0.3056,-0.2379,0.8996
46.509,1,6.672,-0.719,-1.885,-0.2017,-0.3056,-0.2376,0.8997
46.536,1,6.672,-0.719,-1.885,-0.2020,-0.3057,-0.2379,0.8995
46.578,1,6.672,-0.719,-1.885,-0.2016,-0.3059,-0.2380,0.8995
46.604,1,6.672,-0.719,-1.885,-0.2013,-0.3059,-0.2380,0.8996
46.645,1,6.672,-0.719,-1.884,-0.2009,-0.3057,-0.2379,0.8998
46.672,1,6.671,-0.719,-1.884,-0.2009,-0.3055,-0.2377,0.8999
46.713,1,6.671,-0.719,-1.884,-0.2009,-0.3053,-0.2376,0.9000
46.739,1,6.671,-0.719,-1.884,-0.2007,-0.3053,-0.2377,0.9000
46.781,1,6.671,-0.719,-1.884,-0.2005,-0.3055,-0.2373,0.9001
46.807,1,6.671,-0.719,-1.884,-0.2003,-0.3057,-0.2370,0.9002
46.836,1,6.671,-0.719,-1.884,-0.2000,-0.3057,-0.2369,0.9002
46.878,1,6.670,-0.719,-1.884,-0.2001,-0.3059,-0.2364,0.9003
46.909,1,6.670,-0.719,-1.884,-0.1999,-0.3063,-0.2362,0.9003
46.936,1,6.670,-0.719,-1.884,-0.1998,-0.3065,-0.2361,0.9002
46.978,1,6.670,-0.719,-1.884,-0.1998,-0.3068,-0.2361,0.9001
47.006,1,6.670,-0.719,-1.885,-0.1998,-0.3068,-0.2361,0.9001
47.034,1,6.670,-0.719,-1.885,-0.2000,-0.3067,-0.2358,0.9002
47.076,1,6.670,-0.719,-1.885,-0.2003,-0.3066,-0.2360,0.9001
47.104,1,6.670,-0.719,-1.885,-0.2003,-0.3065,-0.2359,0.9001
47.145,1,6.670,-0.719,-1.885,-0.2005,-0.3066,-0.2358,0.9001
47.173,1,6.670,-0.719,-1.885,-0.2008,-0.3065,-0.2358,0.9001
47.202,1,6.670,-0.719,-1.885,-0.2006,-0.3062,-0.2360,0.9002
47.243,1,6.670,-0.719,-1.885,-0.2004,-0.3058,-0.2358,0.9004
47.271,1,6.670,-0.719,-1.885,-0.2009,-0.3058,-0.2356,0.9003
47.312,1,6.669,-0.719,-1.885,-0.2005,-0.3064,-0.2353,0.9003
47.340,1,6.669,-0.719,-1.885,-0.1998,-0.3069,-0.2349,0.9004
47.368,1,6.669,-0.719,-1.885,-0.1994,-0.3070,-0.2353,0.9003
47.412,1,6.669,-0.719,-1.885,-0.1984,-0.3067,-0.2357,0.9006
47.438,1,6.669,-0.719,-1.885,-0.1980,-0.3066,-0.2352,0.9008
47.481,1,6.669,-0.719,-1.885,-0.1986,-0.3065,-0.2355,0.9006
47.508,1,6.669,-0.719,-1.885,-0.1988,-0.3063,-0.2355,0.9007
47.536,1,6.669,-0.719,-1.885,-0.1994,-0.3062,-0.2354,0.9006
47.578,1,6.669,-0.719,-1.884,-0.1995,-0.3058,-0.2357,0.9006
47.607,1,6.669,-0.719,-1.884,-0.1990,-0.3058,-0.2347,0.9010
47.634,1,6.669,-0.719,-1.884,-0.1984,-0.3063,-0.2349,0.9009
47.676,1,6.669,-0.719,-1.884,-0.1982,-0.3071,-0.2352,0.9006
47.704,1,6.669,-0.719,-1.884,-0.1980,-0.3074,-0.2355,0.9005
47.745,1,6.669,-0.719,-1.884,-0.1979,-0.3076,-0.2354,0.9005
47.773,1,6.669,-0.719,-1.884,-0.1977,-0.3076,-0.2354,0.9005
47.801,1,6.669,-0.719,-1.884,-0.1978,-0.3073,-0.2355,0.9006
47.843,1,6.670,-0.719,-1.885,-0.1990,-0.3066,-0.2361,0.9004
47.870,1,6.670,-0.719,-1.885,-0.1997,-0.3061,-0.2362,0.9004
47.913,1,6.670,-0.719,-1.885,-0.2007,-0.3052,-0.2365,0.9004
47.940,1,6.670,-0.719,-1.885,-0.2008,-0.3049,-0.2363,0.9005
47.968,1,6.670,-0.719,-1.885,-0.2013,-0.3049,-0.2365,0.9003
48.011,1,6.670,-0.719,-1.885,-0.2016,-0.3052,-0.2368,0.9001
48.039,1,6.670,-0.719,-1.885,-0.2014,-0.3053,-0.2367,0.9001
48.080,1,6.670,-0.719,-1.885,-0.2003,-0.3055,-0.2368,0.9003
48.108,1,6.670,-0.719,-1.885,-0.2000,-0.3056,-0.2362,0.9004
48.136,1,6.670,-0.720,-1.885,-0.1996,-0.3057,-0.2361,0.9006
48.177,1,6.670,-0.719,-1.885,-0.1994,-0.3057,-0.2360,0.9006
48.205,1,6.670,-0.719,-1.885,-0.2002,-0.3055,-0.2365,0.9004
48.234,1,6.670,-0.719,-1.885,-0.2006,-0.3056,-0.2371,0.9001
48.276,1,6.670,-0.719,-1.885,-0.2001,-0.3053,-0.2366,0.9004
48.303,1,6.670,-0.719,-1.884,-0.1990,-0.3052,-0.2360,0.9009
48.344,1,6.670,-0.719,-1.884,-0.1989,-0.3050,-0.2364,0.9008
48.372,1,6.670,-0.720,-1.884,-0.1987,-0.3050,-0.2366,0.9008
48.400,1,6.670,-0.720,-1.884,-0.1983,-0.3052,-0.2366,0.9008
48.442,1,6.670,-0.720,-1.884,-0.1978,-0.3051,-0.2366,0.9010
48.470,1,6.671,-0.720,-1.884,-0.1974,-0.3051,-0.2362,0.9012
48.512,1,6.670,-0.720,-1.884,-0.1987,-0.3049,-0.2356,0.9011
48.539,1,6.670,-0.719,-1.884,-0.2005,-0.3045,-0.2363,0.9007
48.567,1,6.670,-0.719,-1.884,-0.2008,-0.3047,-0.2365,0.9005
48.610,1,6.670,-0.719,-1.884,-0.1999,-0.3051,-0.2358,0.9008
48.638,1,6.670,-0.719,-1.884,-0.1993,-0.3054,-0.2362,0.9007
48.666,1,6.670,-0.719,-1.884,-0.1990,-0.3057,-0.2362,0.9006
48.708,1,6.670,-0.719,-1.884,-0.1993,-0.3059,-0.2362,0.9005
48.735,1,6.670,-0.719,-1.884,-0.1994,-0.3057,-0.2361,0.9006
48.777,1,6.670,-0.720,-1.884,-0.1989,-0.3057,-0.2357,0.9008
48.805,1,6.670,-0.720,-1.884,-0.1981,-0.3058,-0.2352,0.9010
48.834,1,6.669,-0.720,-1.884,-0.1981,-0.3060,-0.2350,0.9011
48.876,1,6.669,-0.720,-1.884,-0.1981,-0.3066,-0.2349,0.9009
48.902,1,6.669,-0.720,-1.884,-0.1978,-0.3069,-0.2350,0.9008
48.946,1,6.669,-0.720,-1.884,-0.1979,-0.3069,-0.2354,0.9007
48.975,1,6.670,-0.720,-1.884,-0.1986,-0.3067,-0.2359,0.9005
49.002,1,6.670,-0.720,-1.884,-0.1980,-0.3065,-0.2357,0.9007
49.045,1,6.670,-0.720,-1.884,-0.1980,-0.3062,-0.2361,0.9007
49.074,1,6.670,-0.720,-1.884,-0.1981,-0.3058,-0.2364,0.9008
49.102,1,6.670,-0.720,-1.883,-0.1970,-0.3056,-0.2361,0.9012
49.143,1,6.670,-0.720,-1.883,-0.1966,-0.3054,-0.2361,0.9013
49.171,1,6.670,-0.720,-1.883,-0.1969,-0.3053,-0.2361,0.9013
49.200,1,6.670,-0.720,-1.883,-0.1969,-0.3052,-0.2362,0.9013
49.242,1,6.670,-0.720,-1.883,-0.1966,-0.3056,-0.2364,0.9012
49.269,1,6.670,-0.720,-1.883,-0.1961,-0.3060,-0.2362,0.9012
49.312,1,6.670,-0.720,-1.883,-0.1961,-0.3062,-0.2363,0.9011
49.338,1,6.670,-0.720,-1.883,-0.1962,-0.3060,-0.2369,0.9010
49.379,1,6.670,-0.720,-1.883,-0.1970,-0.3057,-0.2365,0.9010
49.404,1,6.670,-0.720,-1.883,-0.1974,-0.3056,-0.2364,0.9010
49.445,1,6.670,-0.720,-1.883,-0.1977,-0.3052,-0.2367,0.9010
49.471,1,6.670,-0.720,-1.883,-0.1980,-0.3053,-0.2365,0.9009
49.502,1,6.670,-0.720,-1.883,-0.1982,-0.3053,-0.2366,0.9009
49.540,1,6.670,-0.720,-1.883,-0.1982,-0.3051,-0.2367,0.9009
49.580,1,6.670,-0.720,-1.883,-0.1976,-0.3053,-0.2362,0.9011
49.606,1,6.670,-0.720,-1.883,-0.1972,-0.3054,-0.2364,0.9011
49.634,1,6.670,-0.720,-1.883,-0.1969,-0.3055,-0.2364,0.9011
49.675,1,6.670,-0.720,-1.883,-0.1969,-0.3058,-0.2366,0.9010
49.705,1,6.670,-0.720,-1.883,-0.1971,-0.3060,-0.2365,0.9009
49.747,1,6.670,-0.720,-1.883,-0.1974,-0.3058,-0.2364,0.9009
49.774,1,6.670,-0.720,-1.883,-0.1973,-0.3055,-0.2364,0.9011
49.802,1,6.670,-0.720,-1.883,-0.1973,-0.3051,-0.2362,0.9012
49.843,1,6.670,-0.720,-1.883,-0.1971,-0.3052,-0.2361,0.9013
49.870,1,6.670,-0.720,-1.883,-0.1969,-0.3056,-0.2359,0.9012
49.914,1,6.670,-0.720,-1.883,-0.1963,-0.3063,-0.2361,0.9011
49.939,1,6.670,-0.720,-1.883,-0.1962,-0.3062,-0.2361,0.9011
49.966,1,6.670,-0.720,-1.883,-0.1958,-0.3062,-0.2362,0.9012
50.008,1,6.670,-0.720,-1.883,-0.1956,-0.3060,-0.2363,0.9013
50.035,1,6.670,-0.720,-1.883,-0.1961,-0.3057,-0.2365,0.9012
50.078,1,6.670,-0.720,-1.883,-0.1974,-0.3048,-0.2367,0.9012
50.105,1,6.670,-0.720,-1.883,-0.1978,-0.3044,-0.2365,0.9013
50.147,1,6.671,-0.720,-1.883,-0.1981,-0.3042,-0.2367,0.9012
50.174,1,6.671,-0.720,-1.883,-0.1979,-0.3042,-0.2367,0.9013
50.202,1,6.670,-0.720,-1.883,-0.1971,-0.3046,-0.2369,0.9013
50.245,1,6.670,-0.720,-1.883,-0.1968,-0.3052,-0.2368,0.9011
50.271,1,6.670,-0.720,-1.883,-0.1965,-0.3056,-0.2369,0.9010
50.362,1,6.670,-0.720,-1.883,-0.1965,-0.3057,-0.2368,0.9010
50.362,1,6.670,-0.720,-1.883,-0.1965,-0.3057,-0.2368,0.9010
50.384,1,6.670,-0.720,-1.883,-0.1969,-0.3055,-0.2369,0.9010
50.406,1,6.670,-0.720,-1.883,-0.1972,-0.3056,-0.2369,0.9009
50.446,1,6.670,-0.720,-1.883,-0.1980,-0.3050,-0.2371,0.9009
50.474,1,6.670,-0.720,-1.882,-0.1979,-0.3047,-0.2369,0.9010
50.501,1,6.670,-0.720,-1.882,-0.1976,-0.3044,-0.2369,0.9012
50.542,1,6.670,-0.720,-1.882,-0.1975,-0.3045,-0.2368,0.9012
50.571,1,6.670,-0.720,-1.882,-0.1974,-0.3047,-0.2367,0.9012
50.612,1,6.670,-0.720,-1.882,-0.1970,-0.3052,-0.2367,0.9011
50.640,1,6.670,-0.720,-1.882,-0.1971,-0.3056,-0.2365,0.9010
50.668,1,6.670,-0.720,-1.882,-0.1971,-0.3059,-0.2366,0.9009
50.709,1,6.670,-0.720,-1.883,-0.1966,-0.3059,-0.2366,0.9010
50.739,1,6.670,-0.720,-1.883,-0.1965,-0.3057,-0.2365,0.9011
50.780,1,6.670,-0.720,-1.883,-0.1970,-0.3055,-0.2367,0.9010
50.808,1,6.670,-0.720,-1.883,-0.1971,-0.3054,-0.2367,0.9010
50.835,1,6.670,-0.720,-1.883,-0.1975,-0.3053,-0.2368,0.9010
50.878,1,6.670,-0.720,-1.883,-0.1979,-0.3054,-0.2372,0.9007
50.906,1,6.671,-0.720,-1.883,-0.1982,-0.3053,-0.2373,0.9007
50.933,1,6.671,-0.720,-1.883,-0.1981,-0.3052,-0.2372,0.9007
50.976,1,6.671,-0.720,-1.883,-0.1980,-0.3052,-0.2373,0.9008
51.003,1,6.671,-0.720,-1.883,-0.1978,-0.3052,-0.2372,0.9008
51.045,1,6.671,-0.720,-1.883,-0.1980,-0.3052,-0.2372,0.9008
51.073,1,6.671,-0.720,-1.883,-0.1984,-0.3054,-0.2373,0.9006
51.101,1,6.671,-0.719,-1.883,-0.1984,-0.3055,-0.2374,0.9005
51.142,1,6.671,-0.719,-1.883,-0.1987,-0.3052,-0.2381,0.9004
51.170,1,6.671,-0.719,-1.883,-0.1984,-0.3050,-0.2380,0.9005
51.212,1,6.671,-0.719,-1.883,-0.1985,-0.3046,-0.2373,0.9008
51.240,1,6.671,-0.720,-1.883,-0.1987,-0.3045,-0.2375,0.9008
51.268,1,6.671,-0.720,-1.883,-0.1986,-0.3046,-0.2377,0.9007
51.310,1,6.671,-0.720,-1.883,-0.1986,-0.3048,-0.2381,0.9005
51.338,1,6.671,-0.719,-1.883,-0.1987,-0.3050,-0.2382,0.9004
51.366,1,6.671,-0.719,-1.883,-0.1990,-0.3052,-0.2378,0.9004
51.408,1,6.672,-0.719,-1.883,-0.1997,-0.3049,-0.2381,0.9003
51.435,1,6.672,-0.719,-1.883,-0.1994,-0.3046,-0.2381,0.9004
51.477,1,6.672,-0.720,-1.883,-0.1989,-0.3041,-0.2382,0.9007
51.505,1,6.672,-0.720,-1.883,-0.1987,-0.3041,-0.2380,0.9008
51.533,1,6.672,-0.720,-1.883,-0.1990,-0.3044,-0.2378,0.9007
51.576,1,6.672,-0.719,-1.883,-0.1999,-0.3047,-0.2387,0.9001
51.603,1,6.672,-0.719,-1.883,-0.2004,-0.3046,-0.2385,0.9001
51.643,1,6.672,-0.719,-1.884,-0.2004,-0.3044,-0.2378,0.9003
51.671,1,6.672,-0.719,-1.884,-0.2002,-0.3041,-0.2378,0.9005
51.701,1,6.672,-0.719,-1.884,-0.2005,-0.3041,-0.2377,0.9004
51.745,1,6.672,-0.719,-1.884,-0.2003,-0.3046,-0.2375,0.9004
51.774,1,6.671,-0.719,-1.884,-0.2000,-0.3049,-0.2378,0.9003
51.803,1,6.671,-0.719,-1.884,-0.2001,-0.3053,-0.2377,0.9002
51.859,1,6.671,-0.719,-1.884,-0.1999,-0.3055,-0.2378,0.9001
51.886,1,6.671,-0.719,-1.884,-0.1999,-0.3053,-0.2375,0.9002
51.914,1,6.671,-0.719,-1.884,-0.2000,-0.3051,-0.2375,0.9003
51.943,1,6.671,-0.719,-1.884,-0.1996,-0.3048,-0.2374,0.9005
51.970,1,6.671,-0.719,-1.884,-0.1994,-0.3048,-0.2369,0.9007
52.028,1,6.670,-0.719,-1.884,-0.1994,-0.3052,-0.2364,0.9007
52.054,1,6.670,-0.719,-1.884,-0.1993,-0.3056,-0.2362,0.9006
52.083,1,6.670,-0.719,-1.884,-0.1994,-0.3059,-0.2362,0.9005
52.111,1,6.670,-0.719,-1.884,-0.1997,-0.3060,-0.2365,0.9003
52.139,1,6.670,-0.719,-1.884,-0.1998,-0.3059,-0.2366,0.9003
52.166,1,6.670,-0.719,-1.884,-0.1992,-0.3058,-0.2364,0.9005
52.223,1,6.670,-0.719,-1.884,-0.1991,-0.3056,-0.2360,0.9007
52.253,1,6.670,-0.719,-1.884,-0.1993,-0.3055,-0.2361,0.9007
52.279,1,6.670,-0.719,-1.885,-0.1998,-0.3056,-0.2361,0.9005
52.307,1,6.670,-0.719,-1.885,-0.2001,-0.3058,-0.2362,0.9004
52.334,1,6.670,-0.719,-1.885,-0.2002,-0.3059,-0.2359,0.9004
52.391,1,6.670,-0.719,-1.885,-0.2009,-0.3060,-0.2361,0.9002
52.418,1,6.670,-0.719,-1.885,-0.2007,-0.3059,-0.2362,0.9002
52.446,1,6.670,-0.719,-1.885,-0.2006,-0.3059,-0.2357,0.9004
52.475,1,6.670,-0.719,-1.885,-0.2003,-0.3057,-0.2356,0.9005
52.502,1,6.670,-0.719,-1.885,-0.2001,-0.3055,-0.2357,0.9006
52.559,1,6.670,-0.719,-1.885,-0.1997,-0.3054,-0.2354,0.9008
52.586,1,6.669,-0.719,-1.885,-0.1993,-0.3054,-0.2354,0.9009
52.613,1,6.669,-0.719,-1.885,-0.1990,-0.3054,-0.2354,0.9009
52.642,1,6.669,-0.719,-1.885,-0.1989,-0.3056,-0.2351,0.9010
52.670,1,6.669,-0.719,-1.885,-0.1991,-0.3058,-0.2345,0.9010
52.724,1,6.669,-0.719,-1.885,-0.1997,-0.3065,-0.2341,0.9008
52.753,1,6.668,-0.719,-1.885,-0.1992,-0.3067,-0.2343,0.9008
52.767,1,6.668,-0.719,-1.885,-0.1987,-0.3068,-0.2344,0.9008
52.808,1,6.668,-0.720,-1.885,-0.1976,-0.3069,-0.2341,0.9011
52.838,1,6.668,-0.720,-1.884,-0.1973,-0.3069,-0.2344,0.9011
52.866,1,6.669,-0.720,-1.884,-0.1973,-0.3066,-0.2349,0.9010
52.907,1,6.669,-0.720,-1.884,-0.1978,-0.3061,-0.2351,0.9011
52.934,1,6.669,-0.720,-1.884,-0.1986,-0.3056,-0.2353,0.9010
52.978,1,6.669,-0.720,-1.884,-0.1983,-0.3052,-0.2354,0.9012
53.005,1,6.670,-0.720,-1.884,-0.1982,-0.3049,-0.2357,0.9012
53.033,1,6.670,-0.720,-1.884,-0.1989,-0.3045,-0.2360,0.9011
53.076,1,6.670,-0.720,-1.884,-0.1996,-0.3040,-0.2364,0.9010
53.105,1,6.670,-0.720,-1.884,-0.1997,-0.3038,-0.2365,0.9011
53.147,1,6.670,-0.720,-1.884,-0.1988,-0.3039,-0.2362,0.9013
53.175,1,6.670,-0.720,-1.884,-0.1985,-0.3043,-0.2359,0.9013
53.203,1,6.670,-0.720,-1.884,-0.1983,-0.3046,-0.2364,0.9011
53.245,1,6.670,-0.720,-1.884,-0.1986,-0.3050,-0.2364,0.9009
53.272,1,6.670,-0.720,-1.884,-0.1986,-0.3052,-0.2364,0.9008
53.300,1,6.670,-0.720,-1.884,-0.1984,-0.3052,-0.2363,0.9009
53.340,1,6.670,-0.720,-1.884,-0.1985,-0.3051,-0.2358,0.9011
53.368,1,6.670,-0.720,-1.884,-0.1984,-0.3049,-0.2361,0.9011
53.409,1,6.670,-0.720,-1.884,-0.1984,-0.3045,-0.2361,0.9012
53.438,1,6.670,-0.720,-1.884,-0.1984,-0.3043,-0.2356,0.9014
53.480,1,6.670,-0.720,-1.884,-0.1979,-0.3043,-0.2355,0.9015
53.508,1,6.670,-0.720,-1.884,-0.1975,-0.3047,-0.2355,0.9015
53.536,1,6.670,-0.720,-1.884,-0.1971,-0.3050,-0.2357,0.9014
53.579,1,6.670,-0.720,-1.884,-0.1968,-0.3051,-0.2360,0.9014
53.607,1,6.670,-0.720,-1.884,-0.1971,-0.3049,-0.2360,0.9014
53.635,1,6.670,-0.720,-1.884,-0.1972,-0.3047,-0.2359,0.9014
53.677,1,6.670,-0.720,-1.884,-0.1970,-0.3048,-0.2361,0.9014
53.705,1,6.670,-0.720,-1.884,-0.1969,-0.3049,-0.2362,0.9014
53.734,1,6.670,-0.720,-1.884,-0.1970,-0.3047,-0.2363,0.9014
53.775,1,6.670,-0.720,-1.883,-0.1970,-0.3043,-0.2364,0.9015
53.801,1,6.670,-0.720,-1.883,-0.1971,-0.3042,-0.2364,0.9015
53.844,1,6.670,-0.720,-1.883,-0.1970,-0.3041,-0.2363,0.9016
53.874,1,6.670,-0.720,-1.883,-0.1967,-0.3040,-0.2364,0.9016
53.900,1,6.670,-0.720,-1.883,-0.1964,-0.3041,-0.2365,0.9017
53.942,1,6.670,-0.720,-1.883,-0.1964,-0.3041,-0.2363,0.9017
53.968,1,6.670,-0.720,-1.883,-0.1968,-0.3043,-0.2361,0.9016
54.010,1,6.670,-0.720,-1.883,-0.1974,-0.3045,-0.2363,0.9014
54.038,1,6.670,-0.720,-1.883,-0.1976,-0.3046,-0.2365,0.9012
54.066,1,6.670,-0.720,-1.883,-0.1972,-0.3045,-0.2366,0.9013
54.108,1,6.670,-0.720,-1.883,-0.1961,-0.3041,-0.2363,0.9018
54.136,1,6.670,-0.720,-1.883,-0.1962,-0.3040,-0.2361,0.9019
54.178,1,6.670,-0.720,-1.883,-0.1964,-0.3037,-0.2371,0.9016
54.206,1,6.670,-0.720,-1.883,-0.1968,-0.3036,-0.2371,0.9016
54.234,1,6.670,-0.720,-1.883,-0.1968,-0.3037,-0.2370,0.9016
54.275,1,6.670,-0.720,-1.883,-0.1966,-0.3037,-0.2369,0.9017
54.305,1,6.670,-0.720,-1.883,-0.1967,-0.3037,-0.2368,0.9017
54.345,1,6.670,-0.720,-1.883,-0.1972,-0.3035,-0.2370,0.9015
54.373,1,6.670,-0.720,-1.883,-0.1969,-0.3034,-0.2371,0.9017
54.401,1,6.670,-0.720,-1.883,-0.1966,-0.3034,-0.2368,0.9018
54.443,1,6.670,-0.720,-1.883,-0.1960,-0.3034,-0.2367,0.9019
54.471,1,6.670,-0.720,-1.883,-0.1957,-0.3036,-0.2365,0.9020
54.513,1,6.670,-0.720,-1.883,-0.1958,-0.3040,-0.2368,0.9018
54.541,1,6.670,-0.720,-1.883,-0.1958,-0.3043,-0.2365,0.9017
54.570,1,6.670,-0.720,-1.883,-0.1959,-0.3044,-0.2364,0.9017
54.611,1,6.670,-0.720,-1.883,-0.1960,-0.3043,-0.2360,0.9018
54.639,1,6.670,-0.720,-1.883,-0.1961,-0.3043,-0.2361,0.9018
54.667,1,6.670,-0.720,-1.883,-0.1963,-0.3042,-0.2361,0.9018
54.707,1,6.670,-0.720,-1.883,-0.1964,-0.3043,-0.2360,0.9017
54.734,1,6.670,-0.720,-1.883,-0.1966,-0.3045,-0.2361,0.9016
54.778,1,6.670,-0.720,-1.883,-0.1970,-0.3048,-0.2365,0.9013
54.804,1,6.670,-0.720,-1.883,-0.1975,-0.3045,-0.2365,0.9013
54.845,1,6.670,-0.720,-1.884,-0.1981,-0.3040,-0.2364,0.9014
54.873,1,6.670,-0.720,-1.884,-0.1988,-0.3035,-0.2365,0.9014
54.901,1,6.670,-0.720,-1.884,-0.1990,-0.3033,-0.2360,0.9015
54.942,1,6.669,-0.720,-1.884,-0.1988,-0.3035,-0.2357,0.9015
54.970,1,6.669,-0.720,-1.884,-0.1988,-0.3037,-0.2358,0.9015
55.012,1,6.669,-0.720,-1.884,-0.1990,-0.3036,-0.2358,0.9015
55.039,1,6.669,-0.720,-1.884,-0.1993,-0.3036,-0.2359,0.9014
55.080,1,6.669,-0.720,-1.884,-0.1987,-0.3036,-0.2360,0.9015
55.107,1,6.669,-0.720,-1.884,-0.1983,-0.3038,-0.2352,0.9017
55.134,1,6.669,-0.720,-1.884,-0.1983,-0.3039,-0.2353,0.9016
55.177,1,6.669,-0.720,-1.884,-0.1983,-0.3040,-0.2361,0.9014
55.205,1,6.669,-0.720,-1.885,-0.1985,-0.3040,-0.2358,0.9014
55.234,1,6.669,-0.719,-1.885,-0.1991,-0.3038,-0.2358,0.9014
55.276,1,6.669,-0.719,-1.885,-0.2002,-0.3036,-0.2356,0.9013
55.303,1,6.669,-0.719,-1.885,-0.2007,-0.3034,-0.2357,0.9012
55.345,1,6.669,-0.719,-1.885,-0.2007,-0.3029,-0.2364,0.9011
55.372,1,6.669,-0.719,-1.885,-0.2008,-0.3029,-0.2358,0.9013
55.411,1,6.669,-0.719,-1.885,-0.2007,-0.3028,-0.2358,0.9013
55.439,1,6.669,-0.719,-1.885,-0.2007,-0.3027,-0.2360,0.9013
55.467,1,6.669,-0.719,-1.885,-0.2004,-0.3027,-0.2357,0.9015
55.509,1,6.669,-0.719,-1.885,-0.2007,-0.3031,-0.2351,0.9014
55.538,1,6.669,-0.719,-1.886,-0.2000,-0.3040,-0.2355,0.9011
55.566,1,6.669,-0.719,-1.886,-0.1996,-0.3046,-0.2358,0.9010
55.609,1,6.669,-0.719,-1.885,-0.1998,-0.3048,-0.2361,0.9008
55.640,1,6.669,-0.719,-1.885,-0.1996,-0.3045,-0.2364,0.9009
55.667,1,6.670,-0.720,-1.885,-0.1993,-0.3040,-0.2363,0.9011
55.712,1,6.670,-0.719,-1.885,-0.2000,-0.3027,-0.2373,0.9011
55.741,1,6.670,-0.719,-1.885,-0.1996,-0.3028,-0.2376,0.9011
55.769,1,6.670,-0.720,-1.884,-0.1998,-0.3022,-0.2372,0.9014
55.814,1,6.670,-0.720,-1.884,-0.1994,-0.3021,-0.2381,0.9012
55.841,1,6.670,-0.720,-1.884,-0.1985,-0.3023,-0.2380,0.9014
55.869,1,6.670,-0.720,-1.883,-0.1974,-0.3023,-0.2378,0.9017
55.911,1,6.670,-0.720,-1.883,-0.1958,-0.3023,-0.2385,0.9019
55.936,1,6.670,-0.720,-1.883,-0.1955,-0.3025,-0.2385,0.9019
55.977,1,6.670,-0.720,-1.883,-0.1935,-0.3027,-0.2381,0.9024
56.004,1,6.670,-0.720,-1.883,-0.1941,-0.3025,-0.2380,0.9023
56.045,1,6.670,-0.721,-1.882,-0.1934,-0.3026,-0.2384,0.9023
56.071,1,6.670,-0.721,-1.882,-0.1931,-0.3029,-0.2386,0.9023
56.110,1,6.670,-0.721,-1.882,-0.1928,-0.3026,-0.2390,0.9023
56.136,1,6.670,-0.721,-1.882,-0.1937,-0.3020,-0.2394,0.9022
56.177,1,6.670,-0.721,-1.882,-0.1948,-0.3012,-0.2392,0.9023
56.205,1,6.670,-0.721,-1.882,-0.1941,-0.3012,-0.2386,0.9026
56.234,1,6.670,-0.721,-1.882,-0.1943,-0.3009,-0.2381,0.9028
56.276,1,6.670,-0.721,-1.882,-0.1951,-0.3012,-0.2397,0.9021
56.304,1,6.670,-0.721,-1.882,-0.1944,-0.3012,-0.2396,0.9023
56.346,1,6.670,-0.721,-1.882,-0.1947,-0.3008,-0.2394,0.9024
56.375,1,6.670,-0.721,-1.882,-0.1950,-0.3006,-0.2394,0.9024
56.402,1,6.670,-0.721,-1.882,-0.1951,-0.3007,-0.2392,0.9024
56.443,1,6.670,-0.721,-1.882,-0.1951,-0.3013,-0.2395,0.9021
56.471,1,6.670,-0.720,-1.882,-0.1964,-0.3014,-0.2394,0.9018
56.513,1,6.670,-0.721,-1.882,-0.1942,-0.3017,-0.2390,0.9023
56.542,1,6.670,-0.721,-1.882,-0.1956,-0.3013,-0.2388,0.9022
56.569,1,6.670,-0.721,-1.882,-0.1952,-0.3012,-0.2391,0.9022
56.611,1,6.670,-0.721,-1.882,-0.1951,-0.3013,-0.2392,0.9022
56.640,1,6.670,-0.721,-1.882,-0.1952,-0.3014,-0.2395,0.9021
56.667,1,6.671,-0.721,-1.882,-0.1952,-0.3014,-0.2395,0.9020
56.710,1,6.670,-0.721,-1.882,-0.1948,-0.3011,-0.2396,0.9022
56.737,1,6.670,-0.721,-1.882,-0.1942,-0.3010,-0.2395,0.9024
56.780,1,6.670,-0.721,-1.882,-0.1943,-0.3008,-0.2397,0.9024
56.808,1,6.670,-0.721,-1.882,-0.1941,-0.3009,-0.2395,0.9025
56.836,1,6.670,-0.721,-1.882,-0.1939,-0.3008,-0.2390,0.9027
56.878,1,6.670,-0.721,-1.882,-0.1933,-0.3013,-0.2390,0.9026
56.905,1,6.670,-0.721,-1.882,-0.1933,-0.3019,-0.2387,0.9025
56.933,1,6.670,-0.721,-1.882,-0.1941,-0.3024,-0.2390,0.9021
56.975,1,6.670,-0.721,-1.882,-0.1947,-0.3022,-0.2402,0.9017
57.003,1,6.670,-0.721,-1.882,-0.1941,-0.3021,-0.2399,0.9020
57.045,1,6.670,-0.721,-1.882,-0.1935,-0.3017,-0.2385,0.9026
57.072,1,6.671,-0.721,-1.882,-0.1936,-0.3014,-0.2392,0.9025
57.100,1,6.670,-0.721,-1.882,-0.1932,-0.3014,-0.2394,0.9025
57.142,1,6.671,-0.721,-1.882,-0.1925,-0.3018,-0.2396,0.9024
57.170,1,6.671,-0.721,-1.882,-0.1926,-0.3018,-0.2396,0.9025
57.212,1,6.671,-0.721,-1.882,-0.1929,-0.3016,-0.2391,0.9026
57.240,1,6.671,-0.721,-1.882,-0.1933,-0.3015,-0.2393,0.9025
57.269,1,6.671,-0.721,-1.881,-0.1932,-0.3014,-0.2396,0.9025
57.309,1,6.670,-0.721,-1.881,-0.1928,-0.3011,-0.2391,0.9028
57.338,1,6.670,-0.721,-1.881,-0.1942,-0.3007,-0.2394,0.9025
57.379,1,6.670,-0.721,-1.881,-0.1921,-0.3017,-0.2392,0.9027
57.407,1,6.670,-0.720,-1.881,-0.1944,-0.3021,-0.2391,0.9021
57.435,1,6.669,-0.720,-1.881,-0.1947,-0.3029,-0.2384,0.9020
57.479,1,6.669,-0.720,-1.881,-0.1947,-0.3051,-0.2378,0.9014
57.505,1,6.669,-0.720,-1.881,-0.1939,-0.3065,-0.2373,0.9012
57.547,1,6.669,-0.720,-1.880,-0.1919,-0.3094,-0.2364,0.9009
57.575,1,6.669,-0.720,-1.880,-0.1911,-0.3114,-0.2360,0.9004
57.603,1,6.669,-0.720,-1.880,-0.1905,-0.3137,-0.2358,0.8998
57.644,1,6.669,-0.720,-1.879,-0.1892,-0.3173,-0.2355,0.8989
57.671,1,6.670,-0.720,-1.879,-0.1890,-0.3196,-0.2357,0.8981
57.714,1,6.671,-0.720,-1.878,-0.1892,-0.3227,-0.2367,0.8967
57.742,1,6.672,-0.720,-1.877,-0.1893,-0.3246,-0.2375,0.8958
57.770,1,6.673,-0.720,-1.876,-0.1886,-0.3263,-0.2382,0.8951
57.810,1,6.675,-0.720,-1.875,-0.1874,-0.3292,-0.2394,0.8940
57.839,1,6.676,-0.720,-1.873,-0.1871,-0.3312,-0.2403,0.8931
57.869,1,6.678,-0.720,-1.872,-0.1860,-0.3347,-0.2419,0.8916
57.901,1,6.679,-0.720,-1.870,-0.1852,-0.3373,-0.2431,0.8904
57.942,1,6.681,-0.720,-1.868,-0.1842,-0.3420,-0.2448,0.8883
57.970,1,6.682,-0.720,-1.867,-0.1825,-0.3458,-0.2453,0.8871
58.012,1,6.684,-0.720,-1.865,-0.1803,-0.3521,-0.2457,0.8849
58.040,1,6.685,-0.721,-1.864,-0.1789,-0.3565,-0.2470,0.8831
58.069,1,6.686,-0.721,-1.863,-0.1782,-0.3608,-0.2479,0.8813
58.113,1,6.688,-0.721,-1.860,-0.1772,-0.3668,-0.2491,0.8786
58.140,1,6.690,-0.721,-1.859,-0.1761,-0.3705,-0.2503,0.8770
58.169,1,6.691,-0.721,-1.857,-0.1753,-0.3744,-0.2509,0.8753
58.211,1,6.693,-0.721,-1.855,-0.1745,-0.3798,-0.2526,0.8726
58.240,1,6.694,-0.721,-1.853,-0.1735,-0.3836,-0.2540,0.8708
58.267,1,6.696,-0.721,-1.852,-0.1724,-0.3874,-0.2547,0.8691
58.310,1,6.698,-0.721,-1.849,-0.1700,-0.3932,-0.2566,0.8664
58.337,1,6.699,-0.721,-1.847,-0.1683,-0.3973,-0.2575,0.8646
58.379,1,6.701,-0.721,-1.845,-0.1661,-0.4031,-0.2586,0.8620
58.407,1,6.702,-0.721,-1.843,-0.1658,-0.4066,-0.2591,0.8603
58.434,1,6.703,-0.722,-1.842,-0.1646,-0.4101,-0.2598,0.8586
58.475,1,6.704,-0.722,-1.839,-0.1621,-0.4155,-0.2612,0.8561
58.502,1,6.705,-0.722,-1.837,-0.1604,-0.4188,-0.2617,0.8546
58.544,1,6.707,-0.722,-1.835,-0.1587,-0.4238,-0.2632,0.8520
58.572,1,6.708,-0.722,-1.833,-0.1559,-0.4273,-0.2635,0.8507
58.601,1,6.709,-0.722,-1.832,-0.1562,-0.4299,-0.2646,0.8490
58.643,1,6.710,-0.722,-1.830,-0.1552,-0.4339,-0.2661,0.8467
58.672,1,6.711,-0.722,-1.828,-0.1544,-0.4366,-0.2664,0.8453
58.713,1,6.712,-0.722,-1.826,-0.1536,-0.4403,-0.2691,0.8427
58.741,1,6.713,-0.722,-1.825,-0.1546,-0.4414,-0.2707,0.8414
58.768,1,6.714,-0.722,-1.824,-0.1536,-0.4427,-0.2711,0.8408
58.810,1,6.715,-0.722,-1.822,-0.1510,-0.4451,-0.2710,0.8400
58.838,1,6.716,-0.722,-1.821,-0.1511,-0.4462,-0.2717,0.8392
58.866,1,6.716,-0.722,-1.820,-0.1509,-0.4478,-0.2728,0.8380
58.908,1,6.717,-0.722,-1.819,-0.1508,-0.4504,-0.2736,0.8364
58.936,1,6.717,-0.722,-1.819,-0.1505,-0.4519,-0.2742,0.8354
58.978,1,6.718,-0.722,-1.818,-0.1505,-0.4539,-0.2745,0.8342
59.005,1,6.718,-0.722,-1.817,-0.1512,-0.4551,-0.2748,0.8333
59.033,1,6.718,-0.722,-1.817,-0.1502,-0.4569,-0.2747,0.8326
59.076,1,6.718,-0.722,-1.816,-0.1483,-0.4593,-0.2745,0.8317
59.102,1,6.718,-0.722,-1.816,-0.1486,-0.4603,-0.2758,0.8306
59.145,1,6.719,-0.722,-1.816,-0.1485,-0.4613,-0.2758,0.8301
59.172,1,6.719,-0.722,-1.816,-0.1489,-0.4616,-0.2759,0.8299
59.201,1,6.720,-0.722,-1.815,-0.1497,-0.4616,-0.2762,0.8296
59.244,1,6.720,-0.722,-1.815,-0.1513,-0.4611,-0.2771,0.8293
59.272,1,6.720,-0.722,-1.815,-0.1495,-0.4616,-0.2771,0.8293
59.313,1,6.720,-0.722,-1.815,-0.1500,-0.4618,-0.2771,0.8291
59.342,1,6.720,-0.722,-1.815,-0.1499,-0.4620,-0.2773,0.8290
59.371,1,6.720,-0.722,-1.815,-0.1495,-0.4622,-0.2774,0.8289
59.412,1,6.720,-0.722,-1.815,-0.1486,-0.4627,-0.2767,0.8290
59.440,1,6.720,-0.722,-1.815,-0.1479,-0.4629,-0.2764,0.8291
59.468,1,6.719,-0.722,-1.815,-0.1488,-0.4628,-0.2764,0.8290
59.508,1,6.719,-0.722,-1.815,-0.1496,-0.4627,-0.2756,0.8292
59.536,1,6.719,-0.722,-1.815,-0.1495,-0.4627,-0.2749,0.8294
59.579,1,6.719,-0.722,-1.815,-0.1490,-0.4634,-0.2746,0.8293
59.605,1,6.719,-0.722,-1.816,-0.1486,-0.4639,-0.2737,0.8293
59.633,1,6.719,-0.722,-1.816,-0.1498,-0.4643,-0.2731,0.8291
59.677,1,6.718,-0.721,-1.816,-0.1537,-0.4644,-0.2741,0.8280
59.705,1,6.719,-0.720,-1.816,-0.1578,-0.4637,-0.2769,0.8267
59.746,1,6.719,-0.719,-1.816,-0.1610,-0.4638,-0.2789,0.8254
59.773,1,6.719,-0.719,-1.816,-0.1610,-0.4637,-0.2798,0.8251
59.801,1,6.719,-0.719,-1.817,-0.1615,-0.4634,-0.2795,0.8253
59.844,1,6.719,-0.717,-1.817,-0.1707,-0.4607,-0.2819,0.8241
59.871,1,6.720,-0.717,-1.818,-0.1729,-0.4594,-0.2846,0.8234
59.911,1,6.720,-0.717,-1.819,-0.1737,-0.4600,-0.2824,0.8237
59.939,1,6.720,-0.717,-1.819,-0.1735,-0.4598,-0.2811,0.8243
59.968,1,6.720,-0.718,-1.820,-0.1707,-0.4593,-0.2805,0.8254
60.011,1,6.720,-0.718,-1.821,-0.1692,-0.4592,-0.2773,0.8268
60.038,1,6.720,-0.719,-1.822,-0.1677,-0.4587,-0.2760,0.8278
60.067,1,6.720,-0.719,-1.823,-0.1656,-0.4581,-0.2752,0.8289
60.108,1,6.720,-0.719,-1.824,-0.1650,-0.4560,-0.2755,0.8300
60.136,1,6.720,-0.720,-1.825,-0.1644,-0.4545,-0.2759,0.8308
60.178,1,6.719,-0.720,-1.826,-0.1643,-0.4527,-0.2752,0.8321
60.207,1,6.719,-0.720,-1.827,-0.1646,-0.4511,-0.2747,0.8330
60.233,1,6.718,-0.720,-1.828,-0.1654,-0.4493,-0.2747,0.8339
60.276,1,6.717,-0.719,-1.830,-0.1678,-0.4462,-0.2739,0.8353
60.304,1,6.716,-0.719,-1.831,-0.1690,-0.4440,-0.2738,0.8363
60.345,1,6.715,-0.719,-1.832,-0.1705,-0.4399,-0.2729,0.8384
60.374,1,6.714,-0.719,-1.833,-0.1713,-0.4371,-0.2722,0.8399
60.401,1,6.713,-0.719,-1.834,-0.1700,-0.4349,-0.2707,0.8418
60.444,1,6.712,-0.719,-1.836,-0.1705,-0.4303,-0.2700,0.8443
60.472,1,6.710,-0.720,-1.837,-0.1703,-0.4273,-0.2689,0.8462
60.514,1,6.709,-0.720,-1.839,-0.1698,-0.4229,-0.2668,0.8492
60.541,1,6.708,-0.720,-1.840,-0.1696,-0.4195,-0.2663,0.8511
60.567,1,6.707,-0.720,-1.841,-0.1695,-0.4160,-0.2656,0.8530
60.611,1,6.705,-0.720,-1.844,-0.1692,-0.4105,-0.2643,0.8562
60.640,1,6.704,-0.720,-1.846,-0.1728,-0.4037,-0.2639,0.8588
60.679,1,6.703,-0.719,-1.848,-0.1769,-0.3990,-0.2635,0.8603
60.705,1,6.702,-0.719,-1.849,-0.1810,-0.3944,-0.2630,0.8617
60.735,1,6.700,-0.719,-1.851,-0.1830,-0.3904,-0.2615,0.8635
60.779,1,6.697,-0.720,-1.855,-0.1794,-0.3837,-0.2577,0.8684
60.806,1,6.695,-0.720,-1.857,-0.1781,-0.3806,-0.2549,0.8709
60.834,1,6.694,-0.720,-1.858,-0.1788,-0.3788,-0.2537,0.8719
60.874,1,6.692,-0.720,-1.861,-0.1797,-0.3724,-0.2527,0.8748
60.902,1,6.690,-0.719,-1.862,-0.1827,-0.3674,-0.2514,0.8766
60.944,1,6.688,-0.719,-1.865,-0.1867,-0.3594,-0.2500,0.8795
60.971,1,6.686,-0.719,-1.867,-0.1878,-0.3544,-0.2489,0.8815
61.013,1,6.683,-0.719,-1.870,-0.1901,-0.3478,-0.2473,0.8842
61.042,1,6.682,-0.718,-1.871,-0.1930,-0.3434,-0.2471,0.8853
61.067,1,6.680,-0.718,-1.873,-0.1957,-0.3386,-0.2468,0.8866
61.110,1,6.677,-0.717,-1.876,-0.2012,-0.3321,-0.2455,0.8883
61.137,1,6.676,-0.717,-1.878,-0.2044,-0.3278,-0.2441,0.8895
61.176,1,6.673,-0.718,-1.880,-0.2045,-0.3209,-0.2423,0.8925
61.203,1,6.671,-0.717,-1.882,-0.2052,-0.3157,-0.2418,0.8943
61.245,1,6.669,-0.717,-1.884,-0.2068,-0.3063,-0.2400,0.8977
61.272,1,6.668,-0.717,-1.886,-0.2084,-0.2999,-0.2391,0.8997
61.300,1,6.666,-0.717,-1.887,-0.2103,-0.2939,-0.2393,0.9012
61.343,1,6.664,-0.718,-1.889,-0.2113,-0.2860,-0.2381,0.9038
61.371,1,6.662,-0.718,-1.891,-0.2106,-0.2816,-0.2365,0.9058
61.412,1,6.659,-0.718,-1.892,-0.2107,-0.2756,-0.2354,0.9079
61.439,1,6.657,-0.719,-1.894,-0.2099,-0.2714,-0.2342,0.9096
61.479,1,6.654,-0.718,-1.895,-0.2100,-0.2653,-0.2320,0.9120
61.508,1,6.652,-0.719,-1.896,-0.2121,-0.2609,-0.2304,0.9132
61.536,1,6.650,-0.718,-1.897,-0.2111,-0.2578,-0.2287,0.9147
61.574,1,6.647,-0.718,-1.899,-0.2133,-0.2525,-0.2268,0.9161
61.601,1,6.647,-0.718,-1.900,-0.2130,-0.2513,-0.2264,0.9166
61.641,1,6.644,-0.718,-1.901,-0.2137,-0.2465,-0.2245,0.9182
61.668,1,6.643,-0.718,-1.902,-0.2144,-0.2429,-0.2235,0.9193
61.709,1,6.640,-0.719,-1.903,-0.2149,-0.2372,-0.2221,0.9210
61.735,1,6.639,-0.718,-1.904,-0.2146,-0.2334,-0.2212,0.9223
61.774,1,6.637,-0.718,-1.905,-0.2155,-0.2280,-0.2197,0.9237
61.801,1,6.636,-0.718,-1.906,-0.2168,-0.2251,-0.2191,0.9243
61.843,1,6.634,-0.718,-1.907,-0.2185,-0.2218,-0.2177,0.9250
61.870,1,6.633,-0.718,-1.908,-0.2194,-0.2202,-0.2169,0.9254
61.914,1,6.631,-0.718,-1.909,-0.2200,-0.2186,-0.2155,0.9259
61.941,1,6.631,-0.718,-1.910,-0.2202,-0.2178,-0.2145,0.9263
61.970,1,6.630,-0.717,-1.910,-0.2215,-0.2169,-0.2141,0.9263
62.012,1,6.630,-0.717,-1.911,-0.2236,-0.2152,-0.2130,0.9265
62.040,1,6.629,-0.717,-1.911,-0.2242,-0.2146,-0.2122,0.9266
62.069,1,6.629,-0.717,-1.912,-0.2239,-0.2143,-0.2116,0.9269
62.109,1,6.629,-0.717,-1.912,-0.2261,-0.2136,-0.2119,0.9265
62.138,1,6.629,-0.717,-1.913,-0.2269,-0.2138,-0.2130,0.9260
62.180,1,6.630,-0.717,-1.913,-0.2258,-0.2137,-0.2137,0.9261
62.208,1,6.630,-0.717,-1.913,-0.2265,-0.2133,-0.2142,0.9259
62.236,1,6.631,-0.717,-1.912,-0.2263,-0.2134,-0.2145,0.9259
62.279,1,6.632,-0.717,-1.912,-0.2253,-0.2135,-0.2156,0.9259
62.305,1,6.632,-0.717,-1.911,-0.2269,-0.2126,-0.2155,0.9257
62.334,1,6.633,-0.717,-1.911,-0.2263,-0.2130,-0.2165,0.9255
62.375,1,6.633,-0.717,-1.911,-0.2278,-0.2149,-0.2186,0.9242
62.403,1,6.634,-0.717,-1.911,-0.2289,-0.2182,-0.2203,0.9227
62.446,1,6.634,-0.716,-1.911,-0.2268,-0.2235,-0.2220,0.9216
62.474,1,6.635,-0.717,-1.911,-0.2273,-0.2247,-0.2225,0.9210
62.502,1,6.635,-0.717,-1.911,-0.2275,-0.2251,-0.2233,0.9207
62.544,1,6.637,-0.717,-1.910,-0.2278,-0.2250,-0.2232,0.9207
62.572,1,6.638,-0.717,-1.910,-0.2282,-0.2246,-0.2235,0.9206
62.599,1,6.638,-0.717,-1.910,-0.2266,-0.2259,-0.2241,0.9205
62.641,1,6.639,-0.718,-1.910,-0.2244,-0.2289,-0.2249,0.9201
62.669,1,6.640,-0.717,-1.909,-0.2236,-0.2314,-0.2255,0.9196
62.710,1,6.642,-0.717,-1.908,-0.2260,-0.2337,-0.2277,0.9178
62.739,1,6.643,-0.717,-1.908,-0.2272,-0.2353,-0.2287,0.9169
62.767,1,6.644,-0.717,-1.908,-0.2268,-0.2376,-0.2286,0.9164
62.808,1,6.645,-0.717,-1.907,-0.2268,-0.2409,-0.2289,0.9155
62.836,1,6.647,-0.717,-1.906,-0.2262,-0.2428,-0.2301,0.9148
62.879,1,6.649,-0.717,-1.906,-0.2242,-0.2463,-0.2318,0.9140
62.908,1,6.650,-0.717,-1.905,-0.2250,-0.2479,-0.2350,0.9125
62.934,1,6.652,-0.718,-1.904,-0.2239,-0.2487,-0.2360,0.9123
62.977,1,6.654,-0.717,-1.902,-0.2212,-0.2498,-0.2367,0.9125
63.004,1,6.655,-0.718,-1.902,-0.2227,-0.2498,-0.2373,0.9120
63.046,1,6.656,-0.718,-1.900,-0.2195,-0.2532,-0.2367,0.9120
63.074,1,6.658,-0.718,-1.899,-0.2217,-0.2548,-0.2367,0.9110
63.102,1,6.658,-0.718,-1.898,-0.2181,-0.2582,-0.2377,0.9106
63.143,1,6.660,-0.717,-1.897,-0.2216,-0.2615,-0.2390,0.9085
63.171,1,6.661,-0.717,-1.897,-0.2233,-0.2632,-0.2386,0.9077
63.213,1,6.662,-0.717,-1.896,-0.2197,-0.2683,-0.2393,0.9069
63.241,1,6.663,-0.718,-1.896,-0.2196,-0.2723,-0.2394,0.9057
63.270,1,6.664,-0.718,-1.895,-0.2154,-0.2768,-0.2396,0.9053
63.310,1,6.665,-0.718,-1.895,-0.2162,-0.2835,-0.2421,0.9024
63.338,1,6.665,-0.718,-1.895,-0.2171,-0.2904,-0.2470,0.8986
63.367,1,6.666,-0.717,-1.894,-0.2166,-0.2985,-0.2502,0.8952
63.410,1,6.666,-0.717,-1.894,-0.2154,-0.3073,-0.2514,0.8922
63.436,1,6.666,-0.717,-1.894,-0.2139,-0.3104,-0.2521,0.8913
63.478,1,6.667,-0.717,-1.893,-0.2138,-0.3125,-0.2534,0.8902
63.506,1,6.667,-0.717,-1.893,-0.2133,-0.3122,-0.2537,0.8903
63.534,1,6.668,-0.718,-1.892,-0.2115,-0.3113,-0.2534,0.8911
63.573,1,6.668,-0.718,-1.891,-0.2095,-0.3108,-0.2511,0.8924
63.600,1,6.668,-0.718,-1.891,-0.2081,-0.3113,-0.2505,0.8928
63.642,1,6.668,-0.718,-1.891,-0.2078,-0.3119,-0.2505,0.8926
63.671,1,6.668,-0.719,-1.891,-0.2052,-0.3130,-0.2497,0.8931
63.701,1,6.668,-0.719,-1.890,-0.2032,-0.3138,-0.2488,0.8935
63.747,1,6.668,-0.718,-1.890,-0.2057,-0.3132,-0.2497,0.8929
63.772,1,6.668,-0.719,-1.890,-0.2032,-0.3149,-0.2490,0.8931
63.813,1,6.668,-0.718,-1.890,-0.2045,-0.3151,-0.2487,0.8928
63.841,1,6.668,-0.718,-1.890,-0.2045,-0.3150,-0.2486,0.8929
63.867,1,6.668,-0.718,-1.890,-0.2050,-0.3148,-0.2484,0.8928
63.907,1,6.668,-0.718,-1.890,-0.2077,-0.3131,-0.2480,0.8929
63.950,1,6.668,-0.718,-1.891,-0.2085,-0.3112,-0.2464,0.8938
63.966,1,6.668,-0.718,-1.891,-0.2091,-0.3095,-0.2446,0.8948
64.005,1,6.668,-0.718,-1.891,-0.2083,-0.3054,-0.2417,0.8972
64.034,1,6.668,-0.718,-1.891,-0.2080,-0.3040,-0.2425,0.8975
64.077,1,6.668,-0.718,-1.891,-0.2078,-0.3050,-0.2433,0.8970
64.105,1,6.668,-0.718,-1.892,-0.2064,-0.3067,-0.2434,0.8967
64.134,1,6.668,-0.718,-1.892,-0.2062,-0.3084,-0.2435,0.8961
64.176,1,6.668,-0.718,-1.892,-0.2076,-0.3098,-0.2447,0.8950
64.201,1,6.668,-0.718,-1.892,-0.2080,-0.3099,-0.2448,0.8948
64.243,1,6.668,-0.718,-1.892,-0.2093,-0.3098,-0.2445,0.8947
64.354,1,6.668,-0.718,-1.892,-0.2090,-0.3088,-0.2447,0.8950
64.354,1,6.668,-0.718,-1.892,-0.2090,-0.3088,-0.2447,0.8950
64.354,1,6.668,-0.718,-1.892,-0.2090,-0.3088,-0.2447,0.8950
64.381,1,6.669,-0.718,-1.891,-0.2093,-0.3073,-0.2451,0.8954
64.408,1,6.669,-0.718,-1.891,-0.2096,-0.3066,-0.2451,0.8955
64.436,1,6.669,-0.718,-1.891,-0.2097,-0.3063,-0.2450,0.8956
64.477,1,6.669,-0.718,-1.891,-0.2097,-0.3061,-0.2449,0.8957
64.502,1,6.669,-0.718,-1.891,-0.2095,-0.3060,-0.2445,0.8959
64.544,1,6.669,-0.718,-1.891,-0.2086,-0.3062,-0.2445,0.8961
64.573,1,6.668,-0.718,-1.891,-0.2084,-0.3065,-0.2444,0.8960
64.600,1,6.668,-0.718,-1.891,-0.2081,-0.3071,-0.2441,0.8960
64.643,1,6.668,-0.718,-1.891,-0.2077,-0.3073,-0.2440,0.8961
64.671,1,6.668,-0.718,-1.891,-0.2081,-0.3072,-0.2438,0.8960
64.713,1,6.668,-0.718,-1.891,-0.2094,-0.3067,-0.2437,0.8959
64.740,1,6.668,-0.718,-1.891,-0.2102,-0.3066,-0.2436,0.8958
64.769,1,6.668,-0.718,-1.891,-0.2104,-0.3066,-0.2434,0.8958
64.811,1,6.668,-0.718,-1.892,-0.2104,-0.3068,-0.2435,0.8957
64.839,1,6.668,-0.718,-1.892,-0.2110,-0.3066,-0.2442,0.8954
64.867,1,6.668,-0.717,-1.891,-0.2113,-0.3067,-0.2442,0.8954
64.909,1,6.668,-0.718,-1.891,-0.2102,-0.3069,-0.2442,0.8955
64.937,1,6.668,-0.718,-1.891,-0.2098,-0.3068,-0.2439,0.8958
64.978,1,6.668,-0.718,-1.891,-0.2092,-0.3065,-0.2442,0.8959
65.008,1,6.669,-0.718,-1.891,-0.2094,-0.3065,-0.2441,0.8959
65.035,1,6.669,-0.718,-1.891,-0.2097,-0.3066,-0.2442,0.8958
65.077,1,6.669,-0.718,-1.891,-0.2108,-0.3064,-0.2442,0.8956
65.106,1,6.669,-0.718,-1.891,-0.2109,-0.3064,-0.2443,0.8955
65.133,1,6.669,-0.718,-1.891,-0.2108,-0.3066,-0.2443,0.8955
65.175,1,6.669,-0.718,-1.891,-0.2106,-0.3065,-0.2445,0.8955
65.203,1,6.668,-0.718,-1.891,-0.2101,-0.3063,-0.2446,0.8957
65.245,1,6.668,-0.718,-1.891,-0.2096,-0.3064,-0.2445,0.8958
65.273,1,6.668,-0.718,-1.891,-0.2092,-0.3066,-0.2447,0.8957
65.301,1,6.668,-0.718,-1.891,-0.2090,-0.3065,-0.2451,0.8957
65.343,1,6.668,-0.718,-1.890,-0.2095,-0.3062,-0.2454,0.8956
65.371,1,6.668,-0.718,-1.890,-0.2095,-0.3063,-0.2451,0.8957
65.411,1,6.668,-0.718,-1.890,-0.2087,-0.3058,-0.2452,0.8960
65.440,1,6.668,-0.718,-1.890,-0.2085,-0.3053,-0.2455,0.8961
65.468,1,6.668,-0.718,-1.890,-0.2090,-0.3050,-0.2456,0.8961
65.509,1,6.668,-0.718,-1.890,-0.2087,-0.3051,-0.2450,0.8963
65.537,1,6.668,-0.719,-1.890,-0.2076,-0.3050,-0.2453,0.8965
65.580,1,6.668,-0.719,-1.890,-0.2078,-0.3046,-0.2455,0.8965
65.607,1,6.668,-0.718,-1.890,-0.2083,-0.3045,-0.2452,0.8965
65.636,1,6.668,-0.718,-1.890,-0.2083,-0.3045,-0.2446,0.8967
65.676,1,6.668,-0.718,-1.890,-0.2083,-0.3044,-0.2452,0.8966
65.704,1,6.667,-0.718,-1.890,-0.2082,-0.3046,-0.2453,0.8965
65.747,1,6.667,-0.718,-1.890,-0.2086,-0.3049,-0.2449,0.8964
65.775,1,6.667,-0.718,-1.890,-0.2080,-0.3047,-0.2449,0.8966
65.802,1,6.667,-0.718,-1.889,-0.2076,-0.3044,-0.2446,0.8969
65.847,1,6.667,-0.719,-1.889,-0.2070,-0.3047,-0.2437,0.8972
65.872,1,6.667,-0.719,-1.889,-0.2065,-0.3046,-0.2437,0.8973
65.901,1,6.667,-0.719,-1.889,-0.2061,-0.3046,-0.2436,0.8974
65.942,1,6.667,-0.719,-1.889,-0.2068,-0.3048,-0.2436,0.8972
65.970,1,6.666,-0.719,-1.889,-0.2069,-0.3048,-0.2433,0.8973
66.011,1,6.666,-0.718,-1.889,-0.2073,-0.3046,-0.2429,0.8973
66.039,1,6.666,-0.718,-1.889,-0.2074,-0.3046,-0.2431,0.8973
66.067,1,6.666,-0.718,-1.889,-0.2072,-0.3043,-0.2431,0.8974
66.109,1,6.666,-0.719,-1.889,-0.2072,-0.3039,-0.2423,0.8978
66.137,1,6.666,-0.719,-1.889,-0.2071,-0.3036,-0.2422,0.8979
66.179,1,6.666,-0.719,-1.889,-0.2067,-0.3037,-0.2417,0.8981
66.207,1,6.666,-0.719,-1.889,-0.2067,-0.3039,-0.2416,0.8981
66.235,1,6.665,-0.718,-1.889,-0.2065,-0.3043,-0.2416,0.8980
66.275,1,6.665,-0.718,-1.889,-0.2065,-0.3050,-0.2414,0.8978
66.303,1,6.665,-0.718,-1.889,-0.2064,-0.3051,-0.2415,0.8978
66.347,1,6.665,-0.718,-1.889,-0.2065,-0.3050,-0.2413,0.8978
66.374,1,6.665,-0.718,-1.889,-0.2066,-0.3048,-0.2409,0.8980
66.401,1,6.665,-0.718,-1.889,-0.2065,-0.3047,-0.2406,0.8981
66.441,1,6.665,-0.718,-1.889,-0.2062,-0.3045,-0.2409,0.8982
66.469,1,6.665,-0.718,-1.889,-0.2060,-0.3046,-0.2412,0.8981
66.509,1,6.665,-0.719,-1.889,-0.2057,-0.3048,-0.2411,0.8981
66.537,1,6.665,-0.719,-1.889,-0.2054,-0.3048,-0.2413,0.8981
66.579,1,6.665,-0.719,-1.889,-0.2053,-0.3045,-0.2417,0.8982
66.608,1,6.665,-0.719,-1.889,-0.2057,-0.3042,-0.2418,0.8982
66.636,1,6.665,-0.719,-1.889,-0.2062,-0.3036,-0.2419,0.8982
66.679,1,6.665,-0.718,-1.888,-0.2066,-0.3030,-0.2421,0.8983
66.706,1,6.665,-0.718,-1.888,-0.2068,-0.3026,-0.2416,0.8985
66.734,1,6.665,-0.719,-1.888,-0.2069,-0.3027,-0.2409,0.8986
66.775,1,6.665,-0.718,-1.888,-0.2071,-0.3031,-0.2408,0.8985
66.802,1,6.665,-0.718,-1.888,-0.2066,-0.3039,-0.2402,0.8985
66.844,1,6.664,-0.718,-1.888,-0.2060,-0.3053,-0.2396,0.8983
66.871,1,6.664,-0.718,-1.888,-0.2055,-0.3060,-0.2390,0.8983
66.912,1,6.663,-0.718,-1.888,-0.2052,-0.3065,-0.2381,0.8985
66.939,1,6.663,-0.718,-1.888,-0.2046,-0.3065,-0.2381,0.8986
66.966,1,6.662,-0.718,-1.887,-0.2041,-0.3064,-0.2377,0.8989
67.009,1,6.662,-0.719,-1.887,-0.2036,-0.3060,-0.2372,0.8992
67.037,1,6.662,-0.719,-1.887,-0.2034,-0.3057,-0.2373,0.8994
67.080,1,6.662,-0.719,-1.887,-0.2035,-0.3059,-0.2369,0.8994
67.106,1,6.662,-0.719,-1.887,-0.2033,-0.3061,-0.2369,0.8994
67.135,1,6.662,-0.719,-1.887,-0.2032,-0.3064,-0.2374,0.8992
67.177,1,6.663,-0.719,-1.888,-0.2040,-0.3065,-0.2380,0.8988
67.205,1,6.663,-0.719,-1.888,-0.2037,-0.3064,-0.2380,0.8989
67.247,1,6.663,-0.719,-1.888,-0.2039,-0.3054,-0.2384,0.8991
67.276,1,6.663,-0.719,-1.888,-0.2043,-0.3049,-0.2386,0.8991
67.305,1,6.664,-0.719,-1.888,-0.2043,-0.3045,-0.2389,0.8991
67.346,1,6.664,-0.719,-1.887,-0.2048,-0.3039,-0.2396,0.8990
67.374,1,6.664,-0.719,-1.887,-0.2057,-0.3036,-0.2395,0.8990
67.402,1,6.664,-0.719,-1.887,-0.2057,-0.3035,-0.2396,0.8990
67.443,1,6.664,-0.718,-1.887,-0.2059,-0.3038,-0.2404,0.8986
67.471,1,6.664,-0.718,-1.887,-0.2056,-0.3042,-0.2402,0.8986
67.500,1,6.664,-0.719,-1.887,-0.2044,-0.3045,-0.2401,0.8988
67.540,1,6.664,-0.719,-1.887,-0.2029,-0.3036,-0.2411,0.8992
67.566,1,6.664,-0.719,-1.886,-0.2029,-0.3032,-0.2405,0.8995
67.607,1,6.664,-0.719,-1.886,-0.2026,-0.3024,-0.2402,0.8999
67.636,1,6.664,-0.719,-1.886,-0.2040,-0.3024,-0.2407,0.8994
67.676,1,6.664,-0.719,-1.887,-0.2052,-0.3038,-0.2396,0.8990
67.703,1,6.664,-0.719,-1.887,-0.2044,-0.3047,-0.2394,0.8989
67.745,1,6.664,-0.719,-1.886,-0.2043,-0.3050,-0.2393,0.8989
67.774,1,6.663,-0.718,-1.886,-0.2049,-0.3045,-0.2387,0.8990
67.803,1,6.662,-0.718,-1.886,-0.2063,-0.3041,-0.2380,0.8991
67.846,1,6.660,-0.717,-1.885,-0.2076,-0.3038,-0.2346,0.8998
67.874,1,6.658,-0.717,-1.883,-0.2084,-0.3048,-0.2309,0.9002
67.902,1,6.655,-0.716,-1.882,-0.2088,-0.3071,-0.2271,0.9003
67.944,1,6.650,-0.714,-1.879,-0.2062,-0.3122,-0.2184,0.9013
67.972,1,6.644,-0.713,-1.877,-0.2050,-0.3171,-0.2103,0.9018
68.000,1,6.639,-0.711,-1.874,-0.2033,-0.3224,-0.2010,0.9024
68.041,1,6.629,-0.709,-1.869,-0.1987,-0.3295,-0.1850,0.9043
68.069,1,6.620,-0.707,-1.866,-0.1954,-0.3355,-0.1692,0.9059
68.111,1,6.605,-0.703,-1.861,-0.1927,-0.3411,-0.1406,0.9093
68.141,1,6.592,-0.700,-1.858,-0.1914,-0.3462,-0.1130,0.9115
68.168,1,6.580,-0.697,-1.854,-0.1953,-0.3539,-0.0852,0.9107
68.209,1,6.559,-0.694,-1.850,-0.2001,-0.3642,-0.0465,0.9084
68.237,1,6.546,-0.693,-1.849,-0.2013,-0.3726,-0.0209,0.9056
68.266,1,6.534,-0.691,-1.847,-0.2083,-0.3793,-0.0022,0.9015
68.308,1,6.520,-0.691,-1.846,-0.2187,-0.3891,0.0268,0.8944
68.336,1,6.514,-0.690,-1.843,-0.2221,-0.3938,0.0382,0.8912
68.378,1,6.509,-0.688,-1.839,-0.2211,-0.3994,0.0348,0.8890
68.406,1,6.506,-0.685,-1.837,-0.2184,-0.4071,0.0287,0.8864
68.435,1,6.504,-0.682,-1.835,-0.2181,-0.4147,0.0213,0.8832
68.476,1,6.501,-0.679,-1.833,-0.2177,-0.4202,0.0136,0.8808
68.503,1,6.499,-0.677,-1.832,-0.2168,-0.4242,0.0126,0.8792
68.545,1,6.496,-0.674,-1.830,-0.2186,-0.4323,0.0091,0.8748
68.573,1,6.493,-0.673,-1.829,-0.2186,-0.4416,0.0071,0.8701
68.601,1,6.491,-0.671,-1.828,-0.2172,-0.4549,0.0013,0.8637
68.644,1,6.487,-0.669,-1.827,-0.2087,-0.4777,-0.0109,0.8533
68.671,1,6.483,-0.668,-1.827,-0.2014,-0.4958,-0.0157,0.8446
68.713,1,6.478,-0.667,-1.827,-0.1873,-0.5298,-0.0252,0.8268
68.742,1,6.473,-0.666,-1.828,-0.1760,-0.5539,-0.0354,0.8130
68.770,1,6.469,-0.666,-1.828,-0.1646,-0.5775,-0.0430,0.7985
68.810,1,6.464,-0.664,-1.828,-0.1510,-0.6080,-0.0516,0.7777
68.840,1,6.461,-0.663,-1.828,-0.1501,-0.6247,-0.0587,0.7641
68.867,1,6.457,-0.661,-1.828,-0.1501,-0.6391,-0.0657,0.7514
68.909,1,6.451,-0.660,-1.828,-0.1509,-0.6548,-0.0721,0.7371
68.936,1,6.448,-0.659,-1.827,-0.1491,-0.6635,-0.0737,0.7295
68.980,1,6.442,-0.657,-1.827,-0.1469,-0.6752,-0.0767,0.7187
69.006,1,6.439,-0.656,-1.826,-0.1469,-0.6834,-0.0781,0.7108
69.034,1,6.435,-0.655,-1.827,-0.1428,-0.6920,-0.0802,0.7031
69.075,1,6.429,-0.654,-1.828,-0.1375,-0.7033,-0.0853,0.6922
69.103,1,6.426,-0.654,-1.829,-0.1340,-0.7090,-0.0852,0.6871
69.145,1,6.421,-0.653,-1.831,-0.1333,-0.7181,-0.0867,0.6776
69.172,1,6.418,-0.651,-1.832,-0.1344,-0.7249,-0.0880,0.6698
69.200,1,6.416,-0.651,-1.834,-0.1311,-0.7328,-0.0902,0.6615
69.242,1,6.411,-0.649,-1.837,-0.1286,-0.7417,-0.0930,0.6517
69.271,1,6.408,-0.647,-1.839,-0.1326,-0.7471,-0.0937,0.6446
69.312,1,6.404,-0.647,-1.842,-0.1294,-0.7544,-0.0946,0.6365
69.340,1,6.402,-0.645,-1.844,-0.1277,-0.7583,-0.0947,0.6322
69.368,1,6.400,-0.645,-1.845,-0.1280,-0.7622,-0.0942,0.6276
69.410,1,6.397,-0.644,-1.849,-0.1241,-0.7671,-0.1001,0.6214
69.438,1,6.395,-0.643,-1.851,-0.1241,-0.7687,-0.1035,0.6189
69.466,1,6.393,-0.643,-1.854,-0.1266,-0.7698,-0.1052,0.6166
69.508,1,6.390,-0.642,-1.858,-0.1278,-0.7706,-0.1070,0.6151
69.536,1,6.388,-0.642,-1.861,-0.1313,-0.7715,-0.1079,0.6131
69.577,1,6.386,-0.641,-1.866,-0.1278,-0.7741,-0.1107,0.6100
69.607,1,6.383,-0.641,-1.869,-0.1299,-0.7748,-0.1099,0.6089
69.633,1,6.381,-0.641,-1.872,-0.1339,-0.7749,-0.1090,0.6081
69.675,1,6.378,-0.641,-1.877,-0.1357,-0.7758,-0.1054,0.6071
69.703,1,6.376,-0.641,-1.879,-0.1369,-0.7765,-0.1035,0.6063
69.745,1,6.373,-0.642,-1.882,-0.1373,-0.7766,-0.1004,0.6066
69.773,1,6.372,-0.642,-1.884,-0.1380,-0.7764,-0.0986,0.6070
69.801,1,6.370,-0.642,-1.885,-0.1381,-0.7757,-0.0978,0.6081
69.842,1,6.368,-0.641,-1.887,-0.1382,-0.7731,-0.0997,0.6110
69.871,1,6.367,-0.642,-1.888,-0.1386,-0.7718,-0.0996,0.6125
69.900,1,6.367,-0.642,-1.888,-0.1376,-0.7704,-0.0976,0.6149
69.939,1,6.366,-0.642,-1.888,-0.1386,-0.7674,-0.0960,0.6186
69.967,1,6.366,-0.642,-1.888,-0.1388,-0.7650,-0.0954,0.6217
70.008,1,6.365,-0.643,-1.887,-0.1398,-0.7600,-0.0940,0.6277
70.036,1,6.366,-0.643,-1.886,-0.1415,-0.7564,-0.0930,0.6318
70.078,1,6.367,-0.642,-1.883,-0.1424,-0.7508,-0.0948,0.6380
70.107,1,6.368,-0.643,-1.881,-0.1433,-0.7473,-0.0938,0.6420
70.133,1,6.369,-0.642,-1.879,-0.1449,-0.7437,-0.0934,0.6459
70.175,1,6.371,-0.640,-1.874,-0.1480,-0.7353,-0.0981,0.6541
70.203,1,6.373,-0.639,-1.871,-0.1502,-0.7254,-0.1045,0.6636
70.246,1,6.376,-0.636,-1.864,-0.1599,-0.7042,-0.1083,0.6833
70.273,1,6.377,-0.635,-1.860,-0.1684,-0.6882,-0.1115,0.6968
70.299,1,6.379,-0.633,-1.855,-0.1770,-0.6708,-0.1137,0.7112
70.341,1,6.383,-0.633,-1.849,-0.1871,-0.6463,-0.1115,0.7314
70.371,1,6.385,-0.631,-1.845,-0.1918,-0.6314,-0.1112,0.7431
70.400,1,6.389,-0.629,-1.838,-0.2026,-0.6087,-0.1132,0.7587
70.445,1,6.393,-0.628,-1.831,-0.2083,-0.5883,-0.1145,0.7730
70.473,1,6.395,-0.628,-1.827,-0.2120,-0.5757,-0.1180,0.7809
70.500,1,6.397,-0.627,-1.823,-0.2143,-0.5638,-0.1196,0.7886
70.543,1,6.400,-0.627,-1.818,-0.2184,-0.5481,-0.1199,0.7984
70.572,1,6.402,-0.627,-1.814,-0.2221,-0.5377,-0.1196,0.8045
70.613,1,6.404,-0.626,-1.808,-0.2296,-0.5196,-0.1193,0.8143
70.641,1,6.406,-0.626,-1.805,-0.2325,-0.5088,-0.1174,0.8205
70.669,1,6.407,-0.626,-1.801,-0.2358,-0.5001,-0.1171,0.8249
70.711,1,6.409,-0.627,-1.796,-0.2433,-0.4892,-0.1110,0.8302
70.741,1,6.411,-0.628,-1.793,-0.2451,-0.4828,-0.1066,0.8339
70.770,1,6.412,-0.627,-1.790,-0.2457,-0.4780,-0.1061,0.8366
70.811,1,6.415,-0.629,-1.785,-0.2459,-0.4731,-0.0990,0.8402
70.841,1,6.417,-0.628,-1.782,-0.2472,-0.4708,-0.0962,0.8414
70.868,1,6.418,-0.628,-1.780,-0.2487,-0.4686,-0.0934,0.8425
70.910,1,6.420,-0.629,-1.776,-0.2506,-0.4678,-0.0869,0.8431
70.938,1,6.421,-0.630,-1.773,-0.2497,-0.4694,-0.0850,0.8427
70.966,1,6.422,-0.631,-1.771,-0.2463,-0.4723,-0.0815,0.8424
71.008,1,6.422,-0.632,-1.768,-0.2398,-0.4784,-0.0785,0.8411
71.038,1,6.423,-0.632,-1.766,-0.2357,-0.4821,-0.0795,0.8401
71.067,1,6.423,-0.633,-1.764,-0.2338,-0.4852,-0.0804,0.8387
71.107,1,6.424,-0.633,-1.761,-0.2322,-0.4901,-0.0802,0.8363
71.135,1,6.424,-0.634,-1.758,-0.2293,-0.4926,-0.0803,0.8357
71.176,1,6.425,-0.633,-1.753,-0.2240,-0.4957,-0.0762,0.8357
71.204,1,6.427,-0.633,-1.750,-0.2285,-0.4859,-0.0826,0.8396
71.247,1,6.429,-0.632,-1.746,-0.2305,-0.4763,-0.1093,0.8415
71.275,1,6.430,-0.633,-1.744,-0.2254,-0.4745,-0.1138,0.8432
71.303,1,6.430,-0.631,-1.742,-0.2303,-0.4756,-0.1183,0.8407
71.344,1,6.430,-0.629,-1.742,-0.2374,-0.4750,-0.1251,0.8381
71.372,1,6.431,-0.626,-1.741,-0.2438,-0.4737,-0.1362,0.8353
71.404,1,6.431,-0.622,-1.742,-0.2514,-0.4703,-0.1474,0.8330
71.443,1,6.433,-0.620,-1.742,-0.2605,-0.4682,-0.1555,0.8299
71.471,1,6.434,-0.618,-1.744,-0.2633,-0.4670,-0.1600,0.8288
71.500,1,6.436,-0.615,-1.744,-0.2650,-0.4654,-0.1699,0.8272
71.540,1,6.439,-0.613,-1.746,-0.2699,-0.4614,-0.1773,0.8264
71.567,1,6.441,-0.610,-1.747,-0.2713,-0.4597,-0.1809,0.8260
71.611,1,6.444,-0.608,-1.748,-0.2754,-0.4570,-0.1931,0.8234
71.637,1,6.446,-0.606,-1.750,-0.2753,-0.4572,-0.2024,0.8211
71.679,1,6.451,-0.603,-1.751,-0.2829,-0.4549,-0.2123,0.8173
71.707,1,6.453,-0.601,-1.753,-0.2889,-0.4513,-0.2205,0.8150
71.736,1,6.455,-0.599,-1.755,-0.2943,-0.4503,-0.2266,0.8119
71.767,1,6.457,-0.598,-1.756,-0.3007,-0.4471,-0.2304,0.8103
71.807,1,6.459,-0.596,-1.758,-0.3122,-0.4430,-0.2349,0.8069
71.833,1,6.461,-0.596,-1.761,-0.3120,-0.4419,-0.2381,0.8066
71.874,1,6.463,-0.597,-1.763,-0.3190,-0.4390,-0.2451,0.8034
71.903,1,6.464,-0.596,-1.764,-0.3233,-0.4370,-0.2494,0.8015
71.944,1,6.461,-0.599,-1.762,-0.3092,-0.4583,-0.2495,0.7951
71.974,1,6.461,-0.599,-1.762,-0.3094,-0.4588,-0.2479,0.7952
72.000,1,6.461,-0.599,-1.762,-0.3094,-0.4588,-0.2479,0.7952
72.039,1,6.461,-0.599,-1.762,-0.3094,-0.4588,-0.2479,0.7952
72.076,1,6.461,-0.599,-1.762,-0.3094,-0.4588,-0.2479,0.7952
72.110,1,6.461,-0.599,-1.762,-0.3094,-0.4588,-0.2479,0.7952
72.140,1,6.461,-0.599,-1.762,-0.3094,-0.4588,-0.2479,0.7952
72.171,1,6.461,-0.599,-1.762,-0.3094,-0.4588,-0.2479,0.7952
72.200,1,6.461,-0.599,-1.762,-0.3094,-0.4588,-0.2479,0.7952
72.241,1,6.461,-0.599,-1.762,-0.3094,-0.4588,-0.2479,0.7952
72.270,1,6.461,-0.599,-1.762,-0.3094,-0.4588,-0.2479,0.7952
72.306,1,6.461,-0.599,-1.762,-0.3094,-0.4588,-0.2479,0.7952
72.340,1,6.461,-0.599,-1.762,-0.3094,-0.4588,-0.2479,0.7952
72.373,1,6.461,-0.599,-1.762,-0.3094,-0.4588,-0.2479,0.7952
72.408,1,6.461,-0.599,-1.762,-0.3094,-0.4588,-0.2479,0.7952
72.434,1,6.461,-0.599,-1.762,-0.3094,-0.4588,-0.2479,0.7952
72.467,1,6.461,-0.599,-1.762,-0.3094,-0.4588,-0.2479,0.7952
72.502,1,6.461,-0.599,-1.762,-0.3094,-0.4588,-0.2479,0.7952
72.538,1,6.461,-0.599,-1.762,-0.3094,-0.4588,-0.2479,0.7952
72.575,1,6.461,-0.599,-1.762,-0.3094,-0.4588,-0.2479,0.7952
72.603,1,6.461,-0.599,-1.762,-0.3094,-0.4588,-0.2479,0.7952
72.644,1,6.461,-0.599,-1.762,-0.3094,-0.4588,-0.2479,0.7952
72.668,1,6.461,-0.599,-1.762,-0.3094,-0.4588,-0.2479,0.7952
72.707,1,6.461,-0.599,-1.762,-0.3094,-0.4588,-0.2479,0.7952
72.744,1,6.461,-0.599,-1.762,-0.3094,-0.4588,-0.2479,0.7952
72.767,1,6.461,-0.599,-1.762,-0.3094,-0.4588,-0.2479,0.7952
72.809,1,6.461,-0.599,-1.762,-0.3094,-0.4588,-0.2479,0.7952
72.840,1,6.461,-0.599,-1.762,-0.3094,-0.4588,-0.2479,0.7952
72.872,1,6.461,-0.599,-1.762,-0.3094,-0.4588,-0.2479,0.7952
72.903,1,6.461,-0.599,-1.762,-0.3094,-0.4588,-0.2479,0.7952
72.936,1,6.461,-0.599,-1.762,-0.3094,-0.4588,-0.2479,0.7952
72.967,1,6.461,-0.599,-1.762,-0.3094,-0.4588,-0.2479,0.7952
73.004,1,6.461,-0.599,-1.762,-0.3094,-0.4588,-0.2479,0.7952
73.033,1,6.461,-0.599,-1.762,-0.3094,-0.4588,-0.2479,0.7952
73.078,1,6.461,-0.599,-1.762,-0.3094,-0.4588,-0.2479,0.7952
73.105,1,6.461,-0.599,-1.762,-0.3094,-0.4588,-0.2479,0.7952
73.134,1,6.461,-0.599,-1.762,-0.3094,-0.4588,-0.2479,0.7952
73.171,1,6.461,-0.599,-1.762,-0.3094,-0.4588,-0.2479,0.7952
73.204,1,6.461,-0.599,-1.762,-0.3094,-0.4588,-0.2479,0.7952
73.236,1,6.461,-0.599,-1.762,-0.3094,-0.4588,-0.2479,0.7952
73.271,1,6.461,-0.599,-1.762,-0.3094,-0.4588,-0.2479,0.7952
73.310,1,6.461,-0.599,-1.762,-0.3094,-0.4588,-0.2479,0.7952
73.334,1,6.461,-0.599,-1.762,-0.3094,-0.4588,-0.2479,0.7952
73.372,1,6.461,-0.599,-1.762,-0.3094,-0.4588,-0.2479,0.7952
73.403,1,6.461,-0.599,-1.762,-0.3094,-0.4588,-0.2479,0.7952
73.435,1,6.461,-0.599,-1.762,-0.3094,-0.4588,-0.2479,0.7952
73.467,1,6.461,-0.599,-1.762,-0.3094,-0.4588,-0.2479,0.7952
73.502,1,6.461,-0.599,-1.762,-0.3094,-0.4588,-0.2479,0.7952
73.537,1,6.461,-0.599,-1.762,-0.3094,-0.4588,-0.2479,0.7952
73.576,1,6.461,-0.599,-1.762,-0.3094,-0.4588,-0.2479,0.7952
73.606,1,6.461,-0.599,-1.762,-0.3094,-0.4588,-0.2479,0.7952
73.636,1,6.461,-0.599,-1.762,-0.3094,-0.4588,-0.2479,0.7952
73.670,1,6.461,-0.599,-1.762,-0.3094,-0.4588,-0.2479,0.7952
73.703,1,6.461,-0.599,-1.762,-0.3094,-0.4588,-0.2479,0.7952
73.737,1,6.461,-0.599,-1.762,-0.3094,-0.4588,-0.2479,0.7952
73.769,1,6.461,-0.599,-1.762,-0.3094,-0.4588,-0.2479,0.7952
73.801,1,6.461,-0.599,-1.762,-0.3094,-0.4588,-0.2479,0.7952
73.835,1,6.461,-0.599,-1.762,-0.3094,-0.4588,-0.2479,0.7952
73.871,1,6.461,-0.599,-1.762,-0.3094,-0.4588,-0.2479,0.7952
73.899,1,6.461,-0.599,-1.762,-0.3094,-0.4588,-0.2479,0.7952
73.934,1,6.461,-0.599,-1.762,-0.3094,-0.4588,-0.2479,0.7952
74.000,1,6.461,-0.599,-1.762,-0.3094,-0.4588,-0.2479,0.7952
74.000,1,6.461,-0.599,-1.762,-0.3094,-0.4588,-0.2479,0.7952
