t,cond,hitObj,x,y,z
7.650,0,Collider,6.49,-1.05,-1.80
7.650,0,Collider,6.49,-1.05,-1.80
7.650,0,Collider,6.49,-1.05,-1.80
7.650,0,Collider,6.49,-1.05,-1.80
7.650,0,Collider,6.49,-1.05,-1.80
7.650,0,Collider,6.49,-1.05,-1.80
7.650,0,Collider,6.49,-1.05,-1.80
7.650,0,Collider,6.49,-1.05,-1.80
7.650,0,Collider,6.49,-1.05,-1.80
7.650,0,Collider,6.49,-1.05,-1.80
7.650,0,Collider,6.49,-1.05,-1.80
7.650,0,Collider,6.49,-1.05,-1.80
7.650,0,Collider,6.49,-1.05,-1.80
7.650,0,Collider,6.49,-1.05,-1.80
7.650,0,Collider,6.49,-1.05,-1.80
7.650,0,Collider,6.49,-1.05,-1.80
7.650,0,Collider,6.49,-1.05,-1.80
7.650,0,Collider,6.49,-1.05,-1.80
7.650,0,Collider,6.49,-1.05,-1.80
7.650,0,Collider,6.49,-1.05,-1.80
7.650,0,Collider,6.49,-1.05,-1.80
7.650,0,Collider,6.49,-1.05,-1.80
7.650,0,Collider,6.49,-1.05,-1.80
7.650,0,Collider,6.49,-1.05,-1.80
7.650,0,Collider,6.49,-1.05,-1.80
7.650,0,Collider,6.49,-1.05,-1.80
7.650,0,Collider,6.49,-1.05,-1.80
7.650,0,Collider,6.49,-1.05,-1.80
7.650,0,Collider,6.49,-1.05,-1.80
7.650,0,Collider,6.49,-1.05,-1.80
7.650,0,Collider,6.49,-1.05,-1.80
7.650,0,Collider,6.49,-1.05,-1.80
7.650,0,Collider,6.49,-1.05,-1.80
7.650,0,Collider,6.49,-1.05,-1.80
7.650,0,Collider,6.49,-1.05,-1.80
7.650,0,Collider,6.49,-1.05,-1.80
7.650,0,Collider,6.49,-1.05,-1.80
7.650,0,Collider,6.49,-1.05,-1.80
7.650,0,Collider,6.49,-1.05,-1.80
7.650,0,Collider,6.49,-1.05,-1.80
7.650,0,Collider,6.49,-1.05,-1.80
7.650,0,Collider,6.49,-1.05,-1.80
7.650,0,Collider,6.49,-1.05,-1.80
7.650,0,Collider,6.49,-1.05,-1.80
7.650,0,Collider,6.49,-1.05,-1.80
7.650,0,Collider,6.49,-1.05,-1.80
7.650,0,Collider,6.49,-1.05,-1.80
7.650,0,Collider,6.49,-1.05,-1.80
7.650,0,Collider,6.49,-1.05,-1.80
7.650,0,Collider,6.49,-1.05,-1.80
7.650,0,Collider,6.49,-1.05,-1.80
7.650,0,Collider,6.49,-1.05,-1.80
7.650,0,Collider,6.49,-1.05,-1.80
7.650,0,Collider,6.49,-1.05,-1.80
7.650,0,Collider,6.49,-1.05,-1.80
7.650,0,Collider,6.49,-1.05,-1.80
7.650,0,Collider,6.49,-1.05,-1.80
7.650,0,Collider,6.49,-1.05,-1.80
7.650,0,Collider,6.49,-1.05,-1.80
7.650,0,Collider,6.49,-1.05,-1.80
7.650,0,Collider,6.49,-1.05,-1.80
7.650,0,Collider,6.49,-1.05,-1.80
7.650,0,Collider,6.49,-1.05,-1.80
7.650,0,Collider,6.49,-1.05,-1.80
7.650,0,Collider,6.49,-1.05,-1.80
7.650,0,Collider,6.49,-1.05,-1.80
7.650,0,Collider,6.49,-1.05,-1.80
7.650,0,Collider,6.49,-1.05,-1.80
7.650,0,Collider,6.49,-1.05,-1.80
7.650,0,Collider,6.49,-1.05,-1.80
7.650,0,Collider,6.49,-1.05,-1.80
7.650,0,Collider,6.49,-1.05,-1.80
7.650,0,Collider,6.49,-1.05,-1.80
7.650,0,Collider,6.49,-1.05,-1.80
7.650,0,Collider,6.49,-1.05,-1.80
7.650,0,Collider,6.49,-1.05,-1.80
7.650,0,Collider,6.49,-1.05,-1.80
7.650,0,Collider,6.49,-1.05,-1.80
7.650,0,Collider,6.49,-1.05,-1.80
7.650,0,Collider,6.49,-1.05,-1.80
7.650,0,Collider,6.49,-1.05,-1.80
7.650,0,Collider,6.49,-1.05,-1.80
7.650,0,Collider,6.49,-1.05,-1.80
7.650,0,Collider,6.49,-1.05,-1.80
7.650,0,Collider,6.49,-1.05,-1.80
7.650,0,Collider,6.49,-1.05,-1.80
7.650,0,Collider,6.49,-1.05,-1.80
7.650,0,Collider,6.49,-1.05,-1.80
7.650,0,Collider,6.49,-1.05,-1.80
7.650,0,Collider,6.49,-1.05,-1.80
7.650,0,Collider,6.49,-1.05,-1.80
7.650,0,Collider,6.49,-1.05,-1.80
7.650,0,Collider,6.49,-1.05,-1.80
7.650,0,Collider,6.49,-1.05,-1.80
7.650,0,Collider,6.49,-1.05,-1.80
7.650,0,Collider,6.49,-1.05,-1.80
7.650,0,Collider,6.49,-1.05,-1.80
7.650,0,Collider,6.49,-1.05,-1.80
7.650,0,Collider,6.49,-1.05,-1.80
7.650,0,Collider,6.49,-1.05,-1.80
7.650,0,Collider,6.49,-1.05,-1.80
7.650,0,Collider,6.49,-1.05,-1.80
7.650,0,Collider,6.49,-1.05,-1.80
7.650,0,Collider,6.49,-1.05,-1.80
7.650,0,Collider,6.49,-1.05,-1.80
7.650,0,Collider,6.49,-1.05,-1.80
7.650,0,Collider,6.49,-1.05,-1.80
7.650,0,Collider,6.49,-1.05,-1.80
7.650,0,Collider,6.49,-1.05,-1.80
7.650,0,Collider,6.49,-1.05,-1.80
7.650,0,Collider,6.49,-1.05,-1.80
7.650,0,Collider,6.49,-1.05,-1.80
7.650,0,Collider,6.49,-1.05,-1.80
7.650,0,Collider,6.49,-1.05,-1.80
7.650,0,Collider,6.49,-1.05,-1.80
7.650,0,Collider,6.49,-1.05,-1.80
7.650,0,Collider,6.49,-1.05,-1.80
7.650,0,Collider,6.49,-1.05,-1.80
7.650,0,Collider,6.49,-1.05,-1.80
7.650,0,Collider,6.49,-1.05,-1.80
7.650,0,Collider,6.49,-1.05,-1.80
7.650,0,Collider,6.49,-1.05,-1.80
7.650,0,Collider,6.49,-1.05,-1.80
7.650,0,Collider,6.49,-1.05,-1.80
7.650,0,Collider,6.49,-1.05,-1.80
7.650,0,Collider,6.49,-1.05,-1.80
7.650,0,Collider,6.49,-1.05,-1.80
7.650,0,Collider,6.49,-1.05,-1.80
7.650,0,Collider,6.49,-1.05,-1.80
7.650,0,Collider,6.49,-1.05,-1.80
7.650,0,Collider,6.49,-1.05,-1.80
7.650,0,Collider,6.49,-1.05,-1.80
7.650,0,Collider,6.49,-1.05,-1.80
7.650,0,Collider,6.49,-1.05,-1.80
7.650,0,Collider,6.49,-1.05,-1.80
7.650,0,Collider,6.49,-1.05,-1.80
7.650,0,Collider,6.49,-1.05,-1.80
7.650,0,Collider,6.49,-1.05,-1.80
7.650,0,Collider,6.49,-1.05,-1.80
7.650,0,Collider,6.49,-1.05,-1.80
7.650,0,Collider,6.49,-1.05,-1.80
7.650,0,Collider,6.49,-1.05,-1.80
7.650,0,Collider,6.49,-1.05,-1.80
7.650,0,Collider,6.49,-1.05,-1.80
7.650,0,Collider,6.49,-1.05,-1.80
7.650,0,Collider,6.49,-1.05,-1.80
7.650,0,Collider,6.49,-1.05,-1.80
7.650,0,Collider,6.49,-1.05,-1.80
7.650,0,Collider,6.49,-1.05,-1.80
7.650,0,Collider,6.49,-1.05,-1.80
7.650,0,Collider,6.49,-1.05,-1.80
7.650,0,Collider,6.49,-1.05,-1.80
7.650,0,Collider,6.49,-1.05,-1.80
7.650,0,Collider,6.49,-1.05,-1.80
7.650,0,Collider,6.49,-1.05,-1.80
7.650,0,Collider,6.49,-1.05,-1.80
7.650,0,Collider,6.49,-1.05,-1.80
7.650,0,Collider,6.49,-1.05,-1.80
7.650,0,Collider,6.49,-1.05,-1.80
7.650,0,Collider,6.49,-1.05,-1.80
7.650,0,Collider,6.49,-1.05,-1.80
7.650,0,Collider,6.49,-1.05,-1.80
7.650,0,Collider,6.49,-1.05,-1.80
7.650,0,Collider,6.49,-1.05,-1.80
7.650,0,Collider,6.49,-1.05,-1.80
7.650,0,Collider,6.49,-1.05,-1.80
7.650,0,Collider,6.49,-1.05,-1.80
7.650,0,Collider,6.49,-1.05,-1.80
7.650,0,Collider,6.49,-1.05,-1.80
7.650,0,Collider,6.49,-1.05,-1.80
7.650,0,Collider,6.49,-1.05,-1.80
7.650,0,Collider,6.49,-1.05,-1.80
7.650,0,Collider,6.49,-1.05,-1.80
7.650,0,Collider,6.49,-1.05,-1.80
7.650,0,Collider,6.49,-1.05,-1.80
7.650,0,Collider,6.49,-1.05,-1.80
7.650,0,Collider,6.49,-1.05,-1.80
7.650,0,Collider,6.49,-1.05,-1.80
7.650,0,Collider,6.49,-1.05,-1.80
7.650,0,Collider,6.49,-1.05,-1.80
7.650,0,Collider,6.49,-1.05,-1.80
7.650,0,Collider,6.49,-1.05,-1.80
7.650,0,Collider,6.49,-1.05,-1.80
7.650,0,Collider,6.49,-1.05,-1.80
7.650,0,Collider,6.49,-1.05,-1.80
7.650,0,Collider,6.49,-1.05,-1.80
7.650,0,Collider,6.49,-1.05,-1.80
7.650,0,Collider,6.49,-1.05,-1.80
7.650,0,Collider,6.49,-1.05,-1.80
7.650,0,Collider,6.49,-1.05,-1.80
7.650,0,Collider,6.49,-1.05,-1.80
7.650,0,Collider,6.49,-1.05,-1.80
7.650,0,Collider,6.49,-1.05,-1.80
7.650,0,Collider,6.49,-1.05,-1.80
7.650,0,Collider,6.49,-1.05,-1.80
7.650,0,Collider,6.49,-1.05,-1.80
7.650,0,Collider,6.49,-1.05,-1.80
7.650,0,Collider,6.49,-1.05,-1.80
7.650,0,Collider,6.49,-1.05,-1.80
7.650,0,Collider,6.49,-1.05,-1.80
7.650,0,Collider,6.49,-1.05,-1.80
7.650,0,Collider,6.49,-1.05,-1.80
7.650,0,Collider,6.49,-1.05,-1.80
7.650,0,Collider,6.49,-1.05,-1.80
7.650,0,Collider,6.49,-1.05,-1.80
7.650,0,Collider,6.49,-1.05,-1.80
7.650,0,Collider,6.49,-1.05,-1.80
7.650,0,Collider,6.49,-1.05,-1.80
7.650,0,Collider,6.49,-1.05,-1.80
7.650,0,Collider,6.49,-1.05,-1.80
7.650,0,Collider,6.49,-1.05,-1.80
7.650,0,Collider,6.49,-1.05,-1.80
7.650,0,Collider,6.49,-1.05,-1.80
7.650,0,Collider,6.49,-1.05,-1.80
7.650,0,Collider,6.49,-1.05,-1.80
7.650,0,Collider,6.49,-1.05,-1.80
7.650,0,Collider,6.49,-1.05,-1.80
7.650,0,Collider,6.49,-1.05,-1.80
7.650,0,Collider,6.49,-1.05,-1.80
7.650,0,Collider,6.49,-1.05,-1.80
7.650,0,Collider,6.49,-1.05,-1.80
7.650,0,Collider,6.49,-1.05,-1.80
7.650,0,Collider,6.49,-1.05,-1.80
7.650,0,Collider,6.49,-1.05,-1.80
7.650,0,Collider,6.49,-1.05,-1.80
7.650,0,Collider,6.49,-1.05,-1.80
7.650,0,Collider,6.49,-1.05,-1.80
7.650,0,Collider,6.49,-1.05,-1.80
7.650,0,Collider,6.49,-1.05,-1.80
7.650,0,Collider,6.49,-1.05,-1.80
7.683,0,Collider,6.49,-1.22,-1.80
7.701,0,Collider,6.49,-1.35,-1.80
7.745,0,Collider,6.49,-1.45,-1.80
7.778,0,Collider,6.49,-1.57,-1.80
7.820,0,Collider,6.49,-1.64,-1.80
7.841,0,Middle,6.47,-1.70,-1.80
7.882,0,Middle,6.48,-1.72,-1.80
7.916,0,Middle,6.47,-1.65,-1.80
7.937,0,Collider,6.49,-1.61,-1.80
7.972,0,Collider,6.49,-1.63,-1.80
8.011,0,Collider,6.49,-1.65,-1.80
8.049,0,Collider,6.49,-1.65,-1.80
8.068,0,Collider,6.49,-1.65,-1.80
8.105,0,Collider,6.49,-1.65,-1.80
8.145,0,Collider,6.49,-1.65,-1.80
8.180,0,Collider,6.49,-1.65,-1.80
8.217,0,Collider,6.49,-1.65,-1.80
8.236,0,Collider,6.49,-1.65,-1.80
8.277,0,Collider,6.49,-1.65,-1.80
8.365,0,Wall_3mx20cm_Wood_Panels (2),4.18,0.81,-0.31
8.365,0,Wall_3mx20cm_Wood_Panels (2),4.18,0.81,-0.31
8.390,0,Wall_3mx20cm_Wood_Panels (2),4.19,0.66,-0.31
8.409,0,Wall_3mx20cm_Wood_Panels (2),4.20,0.65,-0.31
8.449,0,Wall_3mx20cm_Wood_Panels (2),4.20,0.65,-0.31
8.471,0,Wall_3mx20cm_Wood_Panels (2),4.20,0.65,-0.31
8.514,0,Wall_3mx20cm_Wood_Panels (2),4.19,0.65,-0.31
8.547,0,Wall_3mx20cm_Wood_Panels (2),4.19,0.65,-0.31
8.568,0,Wall_3mx20cm_Wood_Panels (2),4.19,0.65,-0.31
8.607,0,Wall_3mx20cm_Wood_Panels (2),4.19,0.65,-0.31
8.648,0,Wall_3mx20cm_Wood_Panels (2),4.19,0.65,-0.31
8.682,0,Wall_3mx20cm_Wood_Panels (2),4.19,0.65,-0.31
8.704,0,Wall_3mx20cm_Wood_Panels (2),4.19,0.65,-0.31
8.743,0,Wall_3mx20cm_Wood_Panels (2),4.19,0.65,-0.31
8.787,0,Wall_3mx20cm_Wood_Panels (2),4.19,0.65,-0.31
8.801,0,Wall_3mx20cm_Wood_Panels (2),4.19,0.65,-0.31
8.841,0,Wall_3mx20cm_Wood_Panels (2),4.19,0.65,-0.31
8.881,0,Wall_3mx20cm_Wood_Panels (2),4.19,0.65,-0.31
8.916,0,Wall_3mx20cm_Wood_Panels (2),4.19,0.66,-0.31
8.937,0,Wall_3mx20cm_Wood_Panels (2),4.19,0.66,-0.31
8.976,0,Wall_3mx20cm_Wood_Panels (2),4.19,0.66,-0.31
9.015,0,Wall_3mx20cm_Wood_Panels (2),4.20,0.65,-0.31
9.036,0,Wall_3mx20cm_Wood_Panels (2),4.20,0.65,-0.31
9.078,0,Wall_3mx20cm_Wood_Panels (2),4.21,0.65,-0.31
9.113,0,Wall_3mx20cm_Wood_Panels (2),4.21,0.65,-0.31
9.149,0,Wall_3mx20cm_Wood_Panels (2),4.21,0.66,-0.31
9.169,0,Wall_3mx20cm_Wood_Panels (2),4.21,0.66,-0.31
9.208,0,Wall_3mx20cm_Wood_Panels (2),4.21,0.66,-0.31
9.267,0,Wall_3mx20cm_Wood_Panels (2),4.21,0.66,-0.31
9.267,0,Wall_3mx20cm_Wood_Panels (2),4.21,0.66,-0.31
9.305,0,Wall_3mx20cm_Wood_Panels (2),4.22,0.65,-0.31
9.343,0,Wall_3mx20cm_Wood_Panels (2),4.22,0.65,-0.31
9.384,0,Wall_3mx20cm_Wood_Panels (2),4.21,0.65,-0.31
9.401,0,Wall_3mx20cm_Wood_Panels (2),4.21,0.65,-0.31
9.440,0,Wall_3mx20cm_Wood_Panels (2),4.21,0.64,-0.31
9.480,0,Wall_3mx20cm_Wood_Panels (2),4.21,0.64,-0.31
9.523,0,Wall_3mx20cm_Wood_Panels (2),4.21,0.64,-0.31
9.539,0,Wall_3mx20cm_Wood_Panels (2),4.21,0.64,-0.31
9.578,0,Wall_3mx20cm_Wood_Panels (2),4.21,0.63,-0.31
9.622,0,Wall_3mx20cm_Wood_Panels (2),4.21,0.63,-0.31
9.653,0,Wall_3mx20cm_Wood_Panels (2),4.21,0.63,-0.31
9.676,0,Wall_3mx20cm_Wood_Panels (2),4.21,0.62,-0.31
9.717,0,Wall_3mx20cm_Wood_Panels (2),4.21,0.63,-0.31
9.735,0,Wall_3mx20cm_Wood_Panels (2),4.21,0.63,-0.31
9.773,0,Wall_3mx20cm_Wood_Panels (2),4.20,0.63,-0.31
9.816,0,Wall_3mx20cm_Wood_Panels (2),4.20,0.63,-0.31
9.851,0,Wall_3mx20cm_Wood_Panels (2),4.19,0.63,-0.31
9.872,0,Wall_3mx20cm_Wood_Panels (2),4.19,0.63,-0.31
9.912,0,Wall_3mx20cm_Wood_Panels (2),4.19,0.63,-0.31
9.945,0,Wall_3mx20cm_Wood_Panels (2),4.18,0.63,-0.31
9.969,0,Wall_3mx20cm_Wood_Panels (2),4.19,0.62,-0.31
10.002,0,Wall_3mx20cm_Wood_Panels (2),4.19,0.62,-0.31
10.039,0,Wall_3mx20cm_Wood_Panels (2),4.19,0.62,-0.31
10.080,0,Wall_3mx20cm_Wood_Panels (2),4.18,0.62,-0.31
10.122,0,Wall_3mx20cm_Wood_Panels (2),4.19,0.63,-0.31
10.139,0,Wall_3mx20cm_Wood_Panels (2),4.19,0.63,-0.31
10.177,0,Wall_3mx20cm_Wood_Panels (2),4.19,0.63,-0.31
10.219,0,Wall_3mx20cm_Wood_Panels (2),4.19,0.63,-0.31
10.235,0,Wall_3mx20cm_Wood_Panels (2),4.18,0.63,-0.31
10.275,0,Wall_3mx20cm_Wood_Panels (2),4.17,0.63,-0.31
10.317,0,Wall_3mx20cm_Wood_Panels (2),4.16,0.63,-0.31
10.350,0,Wall_3mx20cm_Wood_Panels (2),4.15,0.63,-0.31
10.373,0,Wall_3mx20cm_Wood_Panels (2),4.15,0.63,-0.31
10.407,0,Wall_3mx20cm_Wood_Panels (2),4.14,0.64,-0.31
10.447,0,Wall_3mx20cm_Wood_Panels (2),4.13,0.64,-0.31
10.469,0,Wall_3mx20cm_Wood_Panels (2),4.13,0.64,-0.31
10.504,0,Wall_3mx20cm_Wood_Panels (2),4.12,0.65,-0.31
10.542,0,Wall_3mx20cm_Wood_Panels (2),4.12,0.65,-0.31
10.568,0,Wall_3mx20cm_Wood_Panels (2),4.12,0.65,-0.31
10.610,0,Wall_3mx20cm_Wood_Panels (2),4.12,0.64,-0.31
10.641,0,Wall_3mx20cm_Wood_Panels (2),4.13,0.64,-0.31
10.680,0,Wall_3mx20cm_Wood_Panels (2),4.13,0.64,-0.31
10.721,0,Wall_3mx20cm_Wood_Panels (2),4.14,0.63,-0.31
10.738,0,Wall_3mx20cm_Wood_Panels (2),4.14,0.63,-0.31
10.776,0,Wall_3mx20cm_Wood_Panels (2),4.14,0.63,-0.31
10.817,0,Wall_3mx20cm_Wood_Panels (2),4.14,0.63,-0.31
10.835,0,Wall_3mx20cm_Wood_Panels (2),4.14,0.63,-0.31
10.876,0,Wall_3mx20cm_Wood_Panels (2),4.14,0.63,-0.31
10.901,0,Wall_3mx20cm_Wood_Panels (2),4.15,0.63,-0.31
10.937,0,Wall_3mx20cm_Wood_Panels (2),4.15,0.63,-0.31
10.974,0,Wall_3mx20cm_Wood_Panels (2),4.16,0.63,-0.31
11.032,0,Wall_3mx20cm_Wood_Panels (2),4.16,0.62,-0.31
11.052,0,Wall_3mx20cm_Wood_Panels (2),4.16,0.62,-0.31
11.078,0,Wall_3mx20cm_Wood_Panels (2),4.16,0.62,-0.31
11.110,0,Wall_3mx20cm_Wood_Panels (2),4.15,0.63,-0.31
11.135,0,Wall_3mx20cm_Wood_Panels (2),4.15,0.63,-0.31
11.170,0,Wall_3mx20cm_Wood_Panels (2),4.15,0.63,-0.31
11.216,0,Wall_3mx20cm_Wood_Panels (2),4.14,0.64,-0.31
11.247,0,Wall_3mx20cm_Wood_Panels (2),4.14,0.64,-0.31
11.273,0,Wall_3mx20cm_Wood_Panels (2),4.14,0.64,-0.31
11.306,0,Wall_3mx20cm_Wood_Panels (2),4.15,0.64,-0.31
11.362,0,Wall_3mx20cm_Wood_Panels (2),4.15,0.64,-0.31
11.384,0,Wall_3mx20cm_Wood_Panels (2),4.16,0.64,-0.31
11.423,0,Wall_3mx20cm_Wood_Panels (2),4.16,0.64,-0.31
11.443,0,Wall_3mx20cm_Wood_Panels (2),4.16,0.65,-0.31
11.467,0,Wall_3mx20cm_Wood_Panels (2),4.16,0.64,-0.31
11.523,0,Wall_3mx20cm_Wood_Panels (2),4.16,0.64,-0.31
11.558,0,Wall_3mx20cm_Wood_Panels (2),4.17,0.64,-0.31
11.580,0,Wall_3mx20cm_Wood_Panels (2),4.17,0.64,-0.31
11.615,0,Wall_3mx20cm_Wood_Panels (2),4.16,0.64,-0.31
11.635,0,Wall_3mx20cm_Wood_Panels (2),4.16,0.64,-0.31
11.672,0,Wall_3mx20cm_Wood_Panels (2),4.15,0.64,-0.31
11.729,0,Wall_3mx20cm_Wood_Panels (2),4.15,0.64,-0.31
11.747,0,Wall_3mx20cm_Wood_Panels (2),4.15,0.64,-0.31
11.776,0,Wall_3mx20cm_Wood_Panels (2),4.15,0.64,-0.31
11.806,0,Wall_3mx20cm_Wood_Panels (2),4.16,0.63,-0.31
11.863,0,Wall_3mx20cm_Wood_Panels (2),4.17,0.63,-0.31
11.887,0,Wall_3mx20cm_Wood_Panels (2),4.17,0.63,-0.31
11.920,0,Wall_3mx20cm_Wood_Panels (2),4.17,0.63,-0.31
11.943,0,Wall_3mx20cm_Wood_Panels (2),4.17,0.63,-0.31
11.976,0,Wall_3mx20cm_Wood_Panels (2),4.17,0.62,-0.31
12.014,0,Wall_3mx20cm_Wood_Panels (2),4.17,0.62,-0.31
12.034,0,Wall_3mx20cm_Wood_Panels (2),4.17,0.63,-0.31
12.074,0,Wall_3mx20cm_Wood_Panels (2),4.16,0.63,-0.31
12.114,0,Wall_3mx20cm_Wood_Panels (2),4.16,0.63,-0.31
12.151,0,Wall_3mx20cm_Wood_Panels (2),4.16,0.64,-0.31
12.170,0,Wall_3mx20cm_Wood_Panels (2),4.16,0.64,-0.31
12.213,0,Wall_3mx20cm_Wood_Panels (2),4.16,0.64,-0.31
12.247,0,Wall_3mx20cm_Wood_Panels (2),4.16,0.65,-0.31
12.287,0,Wall_3mx20cm_Wood_Panels (2),4.16,0.65,-0.31
12.308,0,Wall_3mx20cm_Wood_Panels (2),4.16,0.65,-0.31
12.350,0,Wall_3mx20cm_Wood_Panels (2),4.16,0.65,-0.31
12.383,0,Wall_3mx20cm_Wood_Panels (2),4.17,0.64,-0.31
12.405,0,Wall_3mx20cm_Wood_Panels (2),4.17,0.64,-0.31
12.443,0,Wall_3mx20cm_Wood_Panels (2),4.17,0.64,-0.31
12.480,0,Wall_3mx20cm_Wood_Panels (2),4.17,0.64,-0.31
12.503,0,Wall_3mx20cm_Wood_Panels (2),4.16,0.64,-0.31
12.544,0,Wall_3mx20cm_Wood_Panels (2),4.16,0.65,-0.31
12.578,0,Wall_3mx20cm_Wood_Panels (2),4.16,0.65,-0.31
12.601,0,Wall_3mx20cm_Wood_Panels (2),4.16,0.65,-0.31
12.642,0,Wall_3mx20cm_Wood_Panels (2),4.17,0.65,-0.31
12.677,0,Wall_3mx20cm_Wood_Panels (2),4.16,0.65,-0.31
12.716,0,Wall_3mx20cm_Wood_Panels (2),4.16,0.65,-0.31
12.737,0,Wall_3mx20cm_Wood_Panels (2),4.16,0.65,-0.31
12.780,0,Wall_3mx20cm_Wood_Panels (2),4.16,0.65,-0.31
12.813,0,Wall_3mx20cm_Wood_Panels (2),4.16,0.65,-0.31
12.838,0,Wall_3mx20cm_Wood_Panels (2),4.16,0.64,-0.31
12.877,0,Wall_3mx20cm_Wood_Panels (2),4.16,0.64,-0.31
12.911,0,Wall_3mx20cm_Wood_Panels (2),4.17,0.64,-0.31
12.934,0,Wall_3mx20cm_Wood_Panels (2),4.17,0.64,-0.31
12.967,0,Wall_3mx20cm_Wood_Panels (2),4.17,0.65,-0.31
13.004,0,Wall_3mx20cm_Wood_Panels (2),4.16,0.65,-0.31
13.046,0,Wall_3mx20cm_Wood_Panels (2),4.16,0.66,-0.31
13.088,0,Wall_3mx20cm_Wood_Panels (2),4.16,0.65,-0.31
13.102,0,Wall_3mx20cm_Wood_Panels (2),4.16,0.65,-0.31
13.143,0,Wall_3mx20cm_Wood_Panels (2),4.16,0.65,-0.31
13.178,0,Wall_3mx20cm_Wood_Panels (2),4.16,0.64,-0.31
13.216,0,Wall_3mx20cm_Wood_Panels (2),4.16,0.64,-0.31
13.240,0,Wall_3mx20cm_Wood_Panels (2),4.16,0.64,-0.31
13.274,0,Wall_3mx20cm_Wood_Panels (2),4.16,0.65,-0.31
13.314,0,Wall_3mx20cm_Wood_Panels (2),4.16,0.65,-0.31
13.337,0,Wall_3mx20cm_Wood_Panels (2),4.16,0.65,-0.31
13.372,0,Wall_3mx20cm_Wood_Panels (2),4.17,0.65,-0.31
13.410,0,Wall_3mx20cm_Wood_Panels (2),4.17,0.64,-0.31
13.435,0,Wall_3mx20cm_Wood_Panels (2),4.17,0.64,-0.31
13.467,0,Wall_3mx20cm_Wood_Panels (2),4.18,0.63,-0.31
13.505,0,Wall_3mx20cm_Wood_Panels (2),4.17,0.63,-0.31
13.547,0,Wall_3mx20cm_Wood_Panels (2),4.17,0.63,-0.31
13.579,0,Wall_3mx20cm_Wood_Panels (2),4.17,0.62,-0.31
13.602,0,Wall_3mx20cm_Wood_Panels (2),4.17,0.62,-0.31
13.637,0,Wall_3mx20cm_Wood_Panels (2),4.17,0.62,-0.31
13.675,0,Wall_3mx20cm_Wood_Panels (2),4.17,0.62,-0.31
13.714,0,Wall_3mx20cm_Wood_Panels (2),4.17,0.61,-0.31
13.755,0,Wall_3mx20cm_Wood_Panels (2),4.18,0.61,-0.31
13.769,0,Wall_3mx20cm_Wood_Panels (2),4.18,0.61,-0.31
13.813,0,Wall_3mx20cm_Wood_Panels (2),4.18,0.61,-0.31
13.853,0,Wall_3mx20cm_Wood_Panels (2),4.18,0.61,-0.31
13.883,0,Wall_3mx20cm_Wood_Panels (2),4.17,0.61,-0.31
13.901,0,Wall_3mx20cm_Wood_Panels (2),4.17,0.61,-0.31
13.940,0,Wall_3mx20cm_Wood_Panels (2),4.17,0.60,-0.31
13.978,0,Wall_3mx20cm_Wood_Panels (2),4.18,0.60,-0.31
14.020,0,Wall_3mx20cm_Wood_Panels (2),4.18,0.60,-0.31
14.035,0,Wall_3mx20cm_Wood_Panels (2),4.18,0.60,-0.31
14.076,0,Wall_3mx20cm_Wood_Panels (2),4.18,0.60,-0.31
14.112,0,Wall_3mx20cm_Wood_Panels (2),4.17,0.61,-0.31
14.150,0,Wall_3mx20cm_Wood_Panels (2),4.17,0.61,-0.31
14.174,0,Wall_3mx20cm_Wood_Panels (2),4.17,0.61,-0.31
14.205,0,Wall_3mx20cm_Wood_Panels (2),4.18,0.61,-0.31
14.245,0,Wall_3mx20cm_Wood_Panels (2),4.18,0.60,-0.31
14.286,0,Wall_3mx20cm_Wood_Panels (2),4.18,0.60,-0.31
14.303,0,Wall_3mx20cm_Wood_Panels (2),4.18,0.60,-0.31
14.362,0,Wall_3mx20cm_Wood_Panels (2),4.18,0.60,-0.31
14.383,0,Wall_3mx20cm_Wood_Panels (2),4.17,0.60,-0.31
14.426,0,Wall_3mx20cm_Wood_Panels (2),4.17,0.61,-0.31
14.443,0,Wall_3mx20cm_Wood_Panels (2),4.16,0.61,-0.31
14.469,0,Wall_3mx20cm_Wood_Panels (2),4.17,0.61,-0.31
14.501,0,Wall_3mx20cm_Wood_Panels (2),4.17,0.61,-0.31
14.539,0,Wall_3mx20cm_Wood_Panels (2),4.17,0.61,-0.31
14.579,0,Wall_3mx20cm_Wood_Panels (2),4.18,0.61,-0.31
14.621,0,Wall_3mx20cm_Wood_Panels (2),4.18,0.61,-0.31
14.635,0,Wall_3mx20cm_Wood_Panels (2),4.18,0.61,-0.31
14.676,0,Wall_3mx20cm_Wood_Panels (2),4.17,0.61,-0.31
14.719,0,Wall_3mx20cm_Wood_Panels (2),4.17,0.61,-0.31
14.752,0,Wall_3mx20cm_Wood_Panels (2),4.17,0.61,-0.31
14.773,0,Wall_3mx20cm_Wood_Panels (2),4.17,0.61,-0.31
14.816,0,Wall_3mx20cm_Wood_Panels (2),4.18,0.61,-0.31
14.848,0,Wall_3mx20cm_Wood_Panels (2),4.18,0.61,-0.31
14.872,0,Wall_3mx20cm_Wood_Panels (2),4.18,0.61,-0.31
14.912,0,Wall_3mx20cm_Wood_Panels (2),4.18,0.61,-0.31
14.944,0,Wall_3mx20cm_Wood_Panels (2),4.18,0.61,-0.31
14.968,0,Wall_3mx20cm_Wood_Panels (2),4.17,0.62,-0.31
15.001,0,Wall_3mx20cm_Wood_Panels (2),4.18,0.62,-0.31
15.040,0,Wall_3mx20cm_Wood_Panels (2),4.18,0.62,-0.31
15.079,0,Wall_3mx20cm_Wood_Panels (2),4.18,0.61,-0.31
15.120,0,Wall_3mx20cm_Wood_Panels (2),4.18,0.61,-0.31
15.136,0,Wall_3mx20cm_Wood_Panels (2),4.18,0.61,-0.31
15.177,0,Wall_3mx20cm_Wood_Panels (2),4.18,0.61,-0.31
15.218,0,Wall_3mx20cm_Wood_Panels (2),4.17,0.61,-0.31
15.234,0,Wall_3mx20cm_Wood_Panels (2),4.17,0.61,-0.31
15.273,0,Wall_3mx20cm_Wood_Panels (2),4.17,0.61,-0.31
15.316,0,Wall_3mx20cm_Wood_Panels (2),4.17,0.62,-0.31
15.349,0,Wall_3mx20cm_Wood_Panels (2),4.17,0.62,-0.31
15.373,0,Wall_3mx20cm_Wood_Panels (2),4.17,0.62,-0.31
15.414,0,Wall_3mx20cm_Wood_Panels (2),4.18,0.62,-0.31
15.445,0,Wall_3mx20cm_Wood_Panels (2),4.18,0.61,-0.31
15.469,0,Wall_3mx20cm_Wood_Panels (2),4.18,0.61,-0.31
15.503,0,Wall_3mx20cm_Wood_Panels (2),4.18,0.61,-0.31
15.542,0,Wall_3mx20cm_Wood_Panels (2),4.18,0.61,-0.31
15.580,0,Wall_3mx20cm_Wood_Panels (2),4.17,0.62,-0.31
15.622,0,Wall_3mx20cm_Wood_Panels (2),4.18,0.62,-0.31
15.637,0,Wall_3mx20cm_Wood_Panels (2),4.18,0.61,-0.31
15.679,0,Wall_3mx20cm_Wood_Panels (2),4.19,0.61,-0.31
15.721,0,Wall_3mx20cm_Wood_Panels (2),4.19,0.61,-0.31
15.753,0,Wall_3mx20cm_Wood_Panels (2),4.19,0.61,-0.31
15.776,0,Wall_3mx20cm_Wood_Panels (2),4.19,0.61,-0.31
15.813,0,Wall_3mx20cm_Wood_Panels (2),4.19,0.61,-0.31
15.859,0,Wall_3mx20cm_Wood_Panels (2),4.19,0.61,-0.31
15.872,0,Wall_3mx20cm_Wood_Panels (2),4.19,0.61,-0.31
15.915,0,Wall_3mx20cm_Wood_Panels (2),4.19,0.61,-0.31
15.957,0,Wall_3mx20cm_Wood_Panels (2),4.19,0.61,-0.31
15.971,0,Wall_3mx20cm_Wood_Panels (2),4.20,0.60,-0.31
16.012,0,Wall_3mx20cm_Wood_Panels (2),4.19,0.60,-0.31
16.055,0,Wall_3mx20cm_Wood_Panels (2),4.19,0.60,-0.31
16.068,0,Wall_3mx20cm_Wood_Panels (2),4.19,0.60,-0.31
16.108,0,Wall_3mx20cm_Wood_Panels (2),4.18,0.60,-0.31
16.151,0,Wall_3mx20cm_Wood_Panels (2),4.18,0.60,-0.31
16.183,0,Wall_3mx20cm_Wood_Panels (2),4.18,0.60,-0.31
16.207,0,Wall_3mx20cm_Wood_Panels (2),4.18,0.61,-0.31
16.241,0,Wall_3mx20cm_Wood_Panels (2),4.18,0.61,-0.31
16.278,0,Wall_3mx20cm_Wood_Panels (2),4.18,0.61,-0.31
16.318,0,Wall_3mx20cm_Wood_Panels (2),4.18,0.61,-0.31
16.335,0,Wall_3mx20cm_Wood_Panels (2),4.18,0.61,-0.31
16.375,0,Wall_3mx20cm_Wood_Panels (2),4.18,0.61,-0.31
16.416,0,Wall_3mx20cm_Wood_Panels (2),4.18,0.61,-0.31
16.451,0,Wall_3mx20cm_Wood_Panels (2),4.18,0.61,-0.31
16.473,0,Wall_3mx20cm_Wood_Panels (2),4.18,0.62,-0.31
16.514,0,Wall_3mx20cm_Wood_Panels (2),4.19,0.61,-0.31
16.547,0,Wall_3mx20cm_Wood_Panels (2),4.20,0.61,-0.31
16.569,0,Wall_3mx20cm_Wood_Panels (2),4.20,0.61,-0.31
16.603,0,Wall_3mx20cm_Wood_Panels (2),4.20,0.61,-0.31
16.641,0,Wall_3mx20cm_Wood_Panels (2),4.20,0.61,-0.31
16.683,0,Wall_3mx20cm_Wood_Panels (2),4.19,0.61,-0.31
16.710,0,Wall_3mx20cm_Wood_Panels (2),4.19,0.61,-0.31
16.760,0,Wall_3mx20cm_Wood_Panels (2),4.19,0.62,-0.31
16.779,0,Wall_3mx20cm_Wood_Panels (2),4.19,0.62,-0.31
16.820,0,Wall_3mx20cm_Wood_Panels (2),4.19,0.61,-0.31
16.836,0,Wall_3mx20cm_Wood_Panels (2),4.19,0.61,-0.31
16.876,0,Wall_3mx20cm_Wood_Panels (2),4.20,0.61,-0.31
16.918,0,Wall_3mx20cm_Wood_Panels (2),4.19,0.61,-0.31
16.935,0,Wall_3mx20cm_Wood_Panels (2),4.19,0.61,-0.31
16.976,0,Wall_3mx20cm_Wood_Panels (2),4.19,0.61,-0.31
17.001,0,Wall_3mx20cm_Wood_Panels (2),4.19,0.61,-0.31
17.036,0,Wall_3mx20cm_Wood_Panels (2),4.19,0.61,-0.31
17.075,0,Wall_3mx20cm_Wood_Panels (2),4.19,0.61,-0.31
17.113,0,Wall_3mx20cm_Wood_Panels (2),4.19,0.61,-0.31
17.155,0,Wall_3mx20cm_Wood_Panels (2),4.20,0.61,-0.31
17.169,0,Wall_3mx20cm_Wood_Panels (2),4.20,0.61,-0.31
17.211,0,Wall_3mx20cm_Wood_Panels (2),4.20,0.61,-0.31
17.246,0,Wall_3mx20cm_Wood_Panels (2),4.20,0.61,-0.31
17.267,0,Wall_3mx20cm_Wood_Panels (2),4.20,0.61,-0.31
17.308,0,Wall_3mx20cm_Wood_Panels (2),4.20,0.61,-0.31
17.342,0,Wall_3mx20cm_Wood_Panels (2),4.20,0.62,-0.31
17.384,0,Wall_3mx20cm_Wood_Panels (2),4.20,0.62,-0.31
17.408,0,Wall_3mx20cm_Wood_Panels (2),4.20,0.62,-0.31
17.442,0,Wall_3mx20cm_Wood_Panels (2),4.20,0.62,-0.31
17.479,0,Wall_3mx20cm_Wood_Panels (2),4.21,0.62,-0.31
17.504,0,Wall_3mx20cm_Wood_Panels (2),4.21,0.62,-0.31
17.537,0,Wall_3mx20cm_Wood_Panels (2),4.21,0.62,-0.31
17.575,0,Wall_3mx20cm_Wood_Panels (2),4.21,0.61,-0.31
17.616,0,Wall_3mx20cm_Wood_Panels (2),4.21,0.61,-0.31
17.652,0,Wall_3mx20cm_Wood_Panels (2),4.21,0.61,-0.31
17.671,0,Wall_3mx20cm_Wood_Panels (2),4.22,0.61,-0.31
17.712,0,Wall_3mx20cm_Wood_Panels (2),4.22,0.61,-0.31
17.749,0,Wall_3mx20cm_Wood_Panels (2),4.22,0.60,-0.31
17.769,0,Wall_3mx20cm_Wood_Panels (2),4.22,0.60,-0.31
17.809,0,Wall_3mx20cm_Wood_Panels (2),4.22,0.60,-0.31
17.843,0,Wall_3mx20cm_Wood_Panels (2),4.22,0.59,-0.31
17.882,0,Wall_3mx20cm_Wood_Panels (2),4.22,0.59,-0.31
17.906,0,Wall_3mx20cm_Wood_Panels (2),4.22,0.59,-0.31
17.939,0,Wall_3mx20cm_Wood_Panels (2),4.22,0.59,-0.31
17.976,0,Wall_3mx20cm_Wood_Panels (2),4.23,0.59,-0.31
18.016,0,Wall_3mx20cm_Wood_Panels (2),4.23,0.59,-0.31
18.035,0,Wall_3mx20cm_Wood_Panels (2),4.23,0.59,-0.31
18.072,0,Wall_3mx20cm_Wood_Panels (2),4.23,0.60,-0.31
18.112,0,Wall_3mx20cm_Wood_Panels (2),4.23,0.60,-0.31
18.148,0,Wall_3mx20cm_Wood_Panels (2),4.23,0.60,-0.31
18.170,0,Wall_3mx20cm_Wood_Panels (2),4.23,0.60,-0.31
18.205,0,Wall_3mx20cm_Wood_Panels (2),4.23,0.61,-0.31
18.244,0,Wall_3mx20cm_Wood_Panels (2),4.24,0.61,-0.31
18.268,0,Wall_3mx20cm_Wood_Panels (2),4.24,0.60,-0.31
18.301,0,Wall_3mx20cm_Wood_Panels (2),4.24,0.60,-0.31
18.340,0,Wall_3mx20cm_Wood_Panels (2),4.24,0.60,-0.31
18.380,0,Wall_3mx20cm_Wood_Panels (2),4.24,0.60,-0.31
18.420,0,Wall_3mx20cm_Wood_Panels (2),4.24,0.60,-0.31
18.435,0,Wall_3mx20cm_Wood_Panels (2),4.24,0.60,-0.31
18.475,0,Wall_3mx20cm_Wood_Panels (2),4.23,0.61,-0.31
18.512,0,Wall_3mx20cm_Wood_Panels (2),4.23,0.62,-0.31
18.550,0,Wall_3mx20cm_Wood_Panels (2),4.23,0.62,-0.31
18.573,0,Wall_3mx20cm_Wood_Panels (2),4.23,0.62,-0.31
18.608,0,Wall_3mx20cm_Wood_Panels (2),4.24,0.63,-0.31
18.646,0,Wall_3mx20cm_Wood_Panels (2),4.24,0.64,-0.31
18.685,0,Wall_3mx20cm_Wood_Panels (2),4.23,0.64,-0.31
18.704,0,Wall_3mx20cm_Wood_Panels (2),4.23,0.65,-0.31
18.742,0,Wall_3mx20cm_Wood_Panels (2),4.23,0.65,-0.31
18.780,0,Wall_3mx20cm_Wood_Panels (2),4.24,0.65,-0.31
18.822,0,Wall_3mx20cm_Wood_Panels (2),4.24,0.66,-0.31
18.838,0,Wall_3mx20cm_Wood_Panels (2),4.25,0.66,-0.31
18.881,0,Wall_3mx20cm_Wood_Panels (2),4.25,0.66,-0.31
18.915,0,Wall_3mx20cm_Wood_Panels (2),4.26,0.66,-0.31
18.934,0,Wall_3mx20cm_Wood_Panels (2),4.26,0.66,-0.31
18.976,0,Wall_3mx20cm_Wood_Panels (2),4.27,0.66,-0.31
19.021,0,Wall_3mx20cm_Wood_Panels (2),4.28,0.67,-0.31
19.052,0,Wall_3mx20cm_Wood_Panels (2),4.28,0.67,-0.31
19.076,0,Wall_3mx20cm_Wood_Panels (2),4.29,0.67,-0.31
19.110,0,Wall_3mx20cm_Wood_Panels (2),4.30,0.67,-0.31
19.149,0,Wall_3mx20cm_Wood_Panels (2),4.30,0.66,-0.31
19.173,0,Wall_3mx20cm_Wood_Panels (2),4.31,0.65,-0.31
19.213,0,Wall_3mx20cm_Wood_Panels (2),4.31,0.63,-0.31
19.264,0,Wall_3mx20cm_Wood_Panels (2),4.32,0.63,-0.31
19.284,0,Wall_3mx20cm_Wood_Panels (2),4.32,0.62,-0.31
19.302,0,Wall_3mx20cm_Wood_Panels (2),4.32,0.63,-0.31
19.340,0,Wall_3mx20cm_Wood_Panels (2),4.32,0.63,-0.31
19.381,0,Wall_3mx20cm_Wood_Panels (2),4.32,0.62,-0.31
19.422,0,Wall_3mx20cm_Wood_Panels (2),4.33,0.63,-0.31
19.438,0,Wall_3mx20cm_Wood_Panels (2),4.33,0.62,-0.31
19.478,0,Wall_3mx20cm_Wood_Panels (2),4.34,0.62,-0.31
19.513,0,Wall_3mx20cm_Wood_Panels (2),4.34,0.62,-0.31
19.551,0,Wall_3mx20cm_Wood_Panels (2),4.34,0.63,-0.31
19.576,0,Wall_3mx20cm_Wood_Panels (2),4.34,0.63,-0.31
19.610,0,Wall_3mx20cm_Wood_Panels (2),4.34,0.63,-0.31
19.648,0,Wall_3mx20cm_Wood_Panels (2),4.35,0.64,-0.31
19.667,0,Wall_3mx20cm_Wood_Panels (2),4.35,0.64,-0.31
19.708,0,Wall_3mx20cm_Wood_Panels (2),4.36,0.64,-0.31
19.749,0,Wall_3mx20cm_Wood_Panels (2),4.37,0.64,-0.31
19.771,0,Wall_3mx20cm_Wood_Panels (2),4.37,0.64,-0.31
19.813,0,Wall_3mx20cm_Wood_Panels (2),4.37,0.64,-0.31
19.846,0,Wall_3mx20cm_Wood_Panels (2),4.37,0.64,-0.31
19.870,0,Wall_3mx20cm_Wood_Panels (2),4.37,0.64,-0.31
19.911,0,Wall_3mx20cm_Wood_Panels (2),4.37,0.64,-0.31
19.942,0,Wall_3mx20cm_Wood_Panels (2),4.37,0.64,-0.31
19.981,0,Wall_3mx20cm_Wood_Panels (2),4.38,0.62,-0.31
20.022,0,Wall_3mx20cm_Wood_Panels (2),4.38,0.62,-0.31
20.038,0,Wall_3mx20cm_Wood_Panels (2),4.38,0.62,-0.31
20.079,0,Wall_3mx20cm_Wood_Panels (2),4.38,0.62,-0.31
20.119,0,Wall_3mx20cm_Wood_Panels (2),4.37,0.62,-0.31
20.151,0,Wall_3mx20cm_Wood_Panels (2),4.37,0.62,-0.31
20.176,0,Wall_3mx20cm_Wood_Panels (2),4.38,0.62,-0.31
20.209,0,Wall_3mx20cm_Wood_Panels (2),4.38,0.62,-0.31
20.249,0,Wall_3mx20cm_Wood_Panels (2),4.38,0.62,-0.31
20.273,0,Wall_3mx20cm_Wood_Panels (2),4.38,0.62,-0.31
20.307,0,Wall_3mx20cm_Wood_Panels (2),4.39,0.62,-0.31
20.347,0,Wall_3mx20cm_Wood_Panels (2),4.39,0.61,-0.31
20.371,0,Wall_3mx20cm_Wood_Panels (2),4.39,0.61,-0.31
20.404,0,Wall_3mx20cm_Wood_Panels (2),4.39,0.61,-0.31
20.443,0,Wall_3mx20cm_Wood_Panels (2),4.39,0.61,-0.31
20.468,0,Wall_3mx20cm_Wood_Panels (2),4.39,0.61,-0.31
20.501,0,Wall_3mx20cm_Wood_Panels (2),4.39,0.63,-0.31
20.540,0,Wall_3mx20cm_Wood_Panels (2),4.40,0.64,-0.31
20.580,0,Wall_3mx20cm_Wood_Panels (2),4.40,0.63,-0.31
20.621,0,Wall_3mx20cm_Wood_Panels (2),4.40,0.63,-0.31
20.636,0,Wall_3mx20cm_Wood_Panels (2),4.40,0.63,-0.31
20.676,0,Wall_3mx20cm_Wood_Panels (2),4.40,0.63,-0.31
20.719,0,Wall_3mx20cm_Wood_Panels (2),4.41,0.63,-0.31
20.734,0,Wall_3mx20cm_Wood_Panels (3),4.41,0.63,-0.31
20.772,0,Wall_3mx20cm_Wood_Panels (3),4.41,0.62,-0.31
20.815,0,Wall_3mx20cm_Wood_Panels (3),4.42,0.62,-0.31
20.849,0,Wall_3mx20cm_Wood_Panels (3),4.42,0.63,-0.31
20.870,0,Wall_3mx20cm_Wood_Panels (3),4.43,0.63,-0.31
20.912,0,Wall_3mx20cm_Wood_Panels (3),4.43,0.63,-0.31
20.947,0,Wall_3mx20cm_Wood_Panels (3),4.44,0.63,-0.31
20.968,0,Wall_3mx20cm_Wood_Panels (3),4.44,0.63,-0.31
21.004,0,Wall_3mx20cm_Wood_Panels (3),4.45,0.62,-0.31
21.043,0,Wall_3mx20cm_Wood_Panels (3),4.47,0.62,-0.31
21.081,0,Wall_3mx20cm_Wood_Panels (3),4.49,0.61,-0.31
21.101,0,Wall_3mx20cm_Wood_Panels (3),4.49,0.61,-0.31
21.140,0,Wall_3mx20cm_Wood_Panels (3),4.51,0.60,-0.31
21.179,0,Wall_3mx20cm_Wood_Panels (3),4.52,0.61,-0.31
21.206,0,Wall_3mx20cm_Wood_Panels (3),4.52,0.60,-0.31
21.247,0,Wall_3mx20cm_Wood_Panels (3),4.52,0.60,-0.31
21.278,0,Wall_3mx20cm_Wood_Panels (3),4.52,0.61,-0.31
21.302,0,Wall_3mx20cm_Wood_Panels (3),4.52,0.61,-0.31
21.335,0,Wall_3mx20cm_Wood_Panels (3),4.51,0.60,-0.31
21.374,0,Wall_3mx20cm_Wood_Panels (3),4.51,0.61,-0.31
21.415,0,Wall_3mx20cm_Wood_Panels (3),4.51,0.61,-0.31
21.450,0,Wall_3mx20cm_Wood_Panels (3),4.51,0.61,-0.31
21.472,0,Wall_3mx20cm_Wood_Panels (3),4.51,0.61,-0.31
21.513,0,Wall_3mx20cm_Wood_Panels (3),4.51,0.60,-0.31
21.555,0,Wall_3mx20cm_Wood_Panels (3),4.51,0.59,-0.31
21.589,0,Wall_3mx20cm_Wood_Panels (3),4.50,0.59,-0.31
21.612,0,Wall_3mx20cm_Wood_Panels (3),4.50,0.60,-0.31
21.649,0,Wall_3mx20cm_Wood_Panels (3),4.49,0.59,-0.31
21.670,0,Wall_3mx20cm_Wood_Panels (3),4.48,0.59,-0.31
21.731,0,Wall_3mx20cm_Wood_Panels (3),4.46,0.59,-0.31
21.752,0,Wall_3mx20cm_Wood_Panels (3),4.45,0.59,-0.31
21.790,0,Wall_3mx20cm_Wood_Panels (3),4.43,0.59,-0.31
21.812,0,Wall_3mx20cm_Wood_Panels (3),4.42,0.60,-0.31
21.835,0,Wall_3mx20cm_Wood_Panels (3),4.42,0.62,-0.31
21.935,0,Wall_3mx20cm_Wood_Panels (3),4.42,0.64,-0.31
21.935,0,Wall_3mx20cm_Wood_Panels (3),4.42,0.64,-0.31
21.935,0,Wall_3mx20cm_Wood_Panels (3),4.42,0.64,-0.31
21.985,0,Wall_3mx20cm_Wood_Panels (3),4.43,0.65,-0.31
22.002,0,Wall_3mx20cm_Wood_Panels (3),4.44,0.65,-0.31
22.064,0,Wall_3mx20cm_Wood_Panels (3),4.45,0.65,-0.31
22.082,0,Wall_3mx20cm_Wood_Panels (3),4.45,0.65,-0.31
22.123,0,Wall_3mx20cm_Wood_Panels (3),4.45,0.65,-0.31
22.138,0,Wall_3mx20cm_Wood_Panels (3),4.44,0.65,-0.31
22.179,0,Wall_3mx20cm_Wood_Panels (3),4.44,0.66,-0.31
22.213,0,Wall_3mx20cm_Wood_Panels (3),4.43,0.65,-0.31
22.236,0,Wall_3mx20cm_Wood_Panels (3),4.42,0.65,-0.31
22.277,0,Wall_3mx20cm_Wood_Panels (3),4.42,0.64,-0.31
22.310,0,Wall_3mx20cm_Wood_Panels (3),4.42,0.63,-0.31
22.348,0,Wall_3mx20cm_Wood_Panels (3),4.43,0.63,-0.31
22.367,0,Wall_3mx20cm_Wood_Panels (3),4.43,0.63,-0.31
22.407,0,Wall_3mx20cm_Wood_Panels (3),4.44,0.63,-0.31
22.447,0,Wall_3mx20cm_Wood_Panels (3),4.44,0.63,-0.31
22.472,0,Wall_3mx20cm_Wood_Panels (3),4.44,0.63,-0.31
22.504,0,Wall_3mx20cm_Wood_Panels (3),4.44,0.64,-0.31
22.541,0,Wall_3mx20cm_Wood_Panels (3),4.44,0.64,-0.31
22.583,0,Wall_3mx20cm_Wood_Panels (3),4.44,0.64,-0.31
22.618,0,Wall_3mx20cm_Wood_Panels (3),4.45,0.64,-0.31
22.639,0,Wall_3mx20cm_Wood_Panels (3),4.46,0.65,-0.31
22.681,0,Wall_3mx20cm_Wood_Panels (3),4.46,0.64,-0.31
22.715,0,Wall_3mx20cm_Wood_Panels (3),4.47,0.66,-0.31
22.736,0,Wall_3mx20cm_Wood_Panels (3),4.47,0.66,-0.31
22.771,0,Wall_3mx20cm_Wood_Panels (3),4.47,0.67,-0.31
22.809,0,Wall_3mx20cm_Wood_Panels (3),4.47,0.67,-0.31
22.848,0,Wall_3mx20cm_Wood_Panels (3),4.48,0.68,-0.31
22.890,0,Wall_3mx20cm_Wood_Panels (3),4.48,0.67,-0.31
22.904,0,Wall_3mx20cm_Wood_Panels (3),4.48,0.68,-0.31
22.946,0,Wall_3mx20cm_Wood_Panels (3),4.48,0.67,-0.31
22.981,0,Wall_3mx20cm_Wood_Panels (3),4.48,0.66,-0.31
23.001,0,Wall_3mx20cm_Wood_Panels (3),4.48,0.66,-0.31
23.038,0,Wall_3mx20cm_Wood_Panels (3),4.48,0.65,-0.31
23.077,0,Wall_3mx20cm_Wood_Panels (3),4.48,0.64,-0.31
23.114,0,Wall_3mx20cm_Wood_Panels (3),4.48,0.64,-0.31
23.155,0,Wall_3mx20cm_Wood_Panels (3),4.48,0.64,-0.31
23.170,0,Wall_3mx20cm_Wood_Panels (3),4.48,0.64,-0.31
23.211,0,Wall_3mx20cm_Wood_Panels (3),4.49,0.63,-0.31
23.253,0,Wall_3mx20cm_Wood_Panels (3),4.49,0.63,-0.31
23.268,0,Wall_3mx20cm_Wood_Panels (3),4.49,0.63,-0.31
23.308,0,Wall_3mx20cm_Wood_Panels (3),4.49,0.63,-0.31
23.345,0,Wall_3mx20cm_Wood_Panels (3),4.49,0.64,-0.31
23.382,0,Wall_3mx20cm_Wood_Panels (3),4.49,0.65,-0.31
23.402,0,Wall_3mx20cm_Wood_Panels (3),4.49,0.65,-0.31
23.441,0,Wall_3mx20cm_Wood_Panels (3),4.49,0.66,-0.31
23.479,0,Wall_3mx20cm_Wood_Panels (3),4.49,0.67,-0.31
23.506,0,Wall_3mx20cm_Wood_Panels (3),4.49,0.65,-0.31
23.540,0,Wall_3mx20cm_Wood_Panels (3),4.49,0.64,-0.31
23.579,0,Wall_3mx20cm_Wood_Panels (3),4.49,0.62,-0.31
23.600,0,Wall_3mx20cm_Wood_Panels (3),4.49,0.62,-0.31
23.641,0,Wall_3mx20cm_Wood_Panels (3),4.49,0.62,-0.31
23.684,0,Wall_3mx20cm_Wood_Panels (3),4.48,0.63,-0.31
23.716,0,Wall_3mx20cm_Wood_Panels (3),4.49,0.64,-0.31
23.739,0,Wall_3mx20cm_Wood_Panels (3),4.49,0.64,-0.31
23.774,0,Wall_3mx20cm_Wood_Panels (3),4.49,0.63,-0.31
23.815,0,Wall_3mx20cm_Wood_Panels (3),4.49,0.64,-0.31
23.837,0,Wall_3mx20cm_Wood_Panels (3),4.49,0.65,-0.31
23.879,0,Wall_3mx20cm_Wood_Panels (3),4.49,0.66,-0.31
23.912,0,Wall_3mx20cm_Wood_Panels (3),4.48,0.66,-0.31
23.952,0,Wall_3mx20cm_Wood_Panels (3),4.48,0.66,-0.31
23.976,0,Wall_3mx20cm_Wood_Panels (3),4.48,0.67,-0.31
24.011,0,Wall_3mx20cm_Wood_Panels (3),4.48,0.65,-0.31
24.049,0,Wall_3mx20cm_Wood_Panels (3),4.48,0.65,-0.31
24.073,0,Wall_3mx20cm_Wood_Panels (3),4.48,0.65,-0.31
24.106,0,Wall_3mx20cm_Wood_Panels (3),4.50,0.64,-0.31
24.145,0,Wall_3mx20cm_Wood_Panels (3),4.50,0.65,-0.31
24.184,0,Wall_3mx20cm_Wood_Panels (3),4.51,0.64,-0.31
24.201,0,Wall_3mx20cm_Wood_Panels (3),4.51,0.62,-0.31
24.240,0,Wall_3mx20cm_Wood_Panels (3),4.52,0.63,-0.31
24.282,0,Wall_3mx20cm_Wood_Panels (3),4.51,0.63,-0.31
24.318,0,Wall_3mx20cm_Wood_Panels (3),4.51,0.66,-0.31
24.339,0,Wall_3mx20cm_Wood_Panels (3),4.51,0.67,-0.31
24.379,0,Wall_3mx20cm_Wood_Panels (3),4.50,0.67,-0.31
24.412,0,Wall_3mx20cm_Wood_Panels (3),4.50,0.67,-0.31
24.435,0,Wall_3mx20cm_Wood_Panels (3),4.50,0.67,-0.31
24.471,0,Wall_3mx20cm_Wood_Panels (3),4.50,0.66,-0.31
24.511,0,Wall_3mx20cm_Wood_Panels (3),4.50,0.66,-0.31
24.550,0,Wall_3mx20cm_Wood_Panels (3),4.50,0.66,-0.31
24.576,0,Wall_3mx20cm_Wood_Panels (3),4.50,0.65,-0.31
24.606,0,Wall_3mx20cm_Wood_Panels (3),4.50,0.66,-0.31
24.645,0,Wall_3mx20cm_Wood_Panels (3),4.50,0.67,-0.31
24.671,0,Wall_3mx20cm_Wood_Panels (3),4.50,0.65,-0.31
24.722,0,Wall_3mx20cm_Wood_Panels (3),4.49,0.66,-0.31
24.741,0,Wall_3mx20cm_Wood_Panels (3),4.48,0.65,-0.31
24.783,0,Wall_3mx20cm_Wood_Panels (3),4.48,0.65,-0.31
24.817,0,Wall_3mx20cm_Wood_Panels (3),4.47,0.63,-0.31
24.838,0,Wall_3mx20cm_Wood_Panels (3),4.47,0.63,-0.31
24.880,0,Wall_3mx20cm_Wood_Panels (3),4.47,0.62,-0.31
24.911,0,Wall_3mx20cm_Wood_Panels (3),4.47,0.63,-0.31
24.935,0,Wall_3mx20cm_Wood_Panels (3),4.47,0.63,-0.31
24.970,0,Wall_3mx20cm_Wood_Panels (3),4.47,0.64,-0.31
25.009,0,Wall_3mx20cm_Wood_Panels (3),4.47,0.65,-0.31
25.033,0,Wall_3mx20cm_Wood_Panels (3),4.46,0.66,-0.31
25.088,0,Wall_3mx20cm_Wood_Panels (3),4.47,0.66,-0.31
25.104,0,Wall_3mx20cm_Wood_Panels (3),4.47,0.67,-0.31
25.144,0,Wall_3mx20cm_Wood_Panels (3),4.47,0.67,-0.31
25.188,0,Wall_3mx20cm_Wood_Panels (3),4.49,0.67,-0.31
25.202,0,Wall_3mx20cm_Wood_Panels (3),4.50,0.67,-0.31
25.242,0,Wall_3mx20cm_Wood_Panels (3),4.52,0.68,-0.31
25.277,0,Wall_3mx20cm_Wood_Panels (3),4.54,0.67,-0.31
25.315,0,Wall_3mx20cm_Wood_Panels (3),4.55,0.66,-0.31
25.340,0,Wall_3mx20cm_Wood_Panels (3),4.56,0.65,-0.31
25.371,0,Wall_3mx20cm_Wood_Panels (3),4.57,0.65,-0.31
25.410,0,Wall_3mx20cm_Wood_Panels (3),4.58,0.65,-0.31
25.450,0,Wall_3mx20cm_Wood_Panels (3),4.58,0.65,-0.31
25.467,0,Wall_3mx20cm_Wood_Panels (3),4.59,0.65,-0.31
25.507,0,Wall_3mx20cm_Wood_Panels (3),4.60,0.65,-0.31
25.549,0,Wall_3mx20cm_Wood_Panels (3),4.61,0.65,-0.31
25.585,0,Wall_3mx20cm_Wood_Panels (3),4.62,0.63,-0.31
25.605,0,Wall_3mx20cm_Wood_Panels (3),4.63,0.63,-0.31
25.646,0,Wall_3mx20cm_Wood_Panels (3),4.65,0.63,-0.31
25.680,0,Wall_3mx20cm_Wood_Panels (3),4.66,0.63,-0.31
25.702,0,Wall_3mx20cm_Wood_Panels (3),4.66,0.63,-0.31
25.744,0,Wall_3mx20cm_Wood_Panels (3),4.66,0.64,-0.31
25.778,0,Wall_3mx20cm_Wood_Panels (3),4.65,0.64,-0.31
25.817,0,Wall_3mx20cm_Wood_Panels (3),4.65,0.64,-0.31
25.841,0,Wall_3mx20cm_Wood_Panels (3),4.65,0.64,-0.31
25.875,0,Wall_3mx20cm_Wood_Panels (3),4.65,0.64,-0.31
25.912,0,Wall_3mx20cm_Wood_Panels (3),4.66,0.65,-0.31
25.952,0,Wall_3mx20cm_Wood_Panels (3),4.66,0.65,-0.31
25.973,0,Wall_3mx20cm_Wood_Panels (3),4.66,0.65,-0.31
26.010,0,Wall_3mx20cm_Wood_Panels (3),4.66,0.64,-0.31
26.050,0,Wall_3mx20cm_Wood_Panels (3),4.66,0.63,-0.31
26.068,0,Wall_3mx20cm_Wood_Panels (3),4.66,0.62,-0.31
26.107,0,Wall_3mx20cm_Wood_Panels (3),4.66,0.62,-0.31
26.148,0,Wall_3mx20cm_Wood_Panels (3),4.65,0.62,-0.31
26.190,0,Wall_3mx20cm_Wood_Panels (3),4.65,0.63,-0.31
26.203,0,Wall_3mx20cm_Wood_Panels (3),4.65,0.63,-0.31
26.247,0,Wall_3mx20cm_Wood_Panels (3),4.64,0.63,-0.31
26.281,0,Wall_3mx20cm_Wood_Panels (3),4.64,0.64,-0.31
26.302,0,Wall_3mx20cm_Wood_Panels (3),4.64,0.64,-0.31
26.338,0,Wall_3mx20cm_Wood_Panels (3),4.63,0.65,-0.31
26.375,0,Wall_3mx20cm_Wood_Panels (3),4.63,0.66,-0.31
26.400,0,Wall_3mx20cm_Wood_Panels (3),4.63,0.66,-0.31
26.442,0,Wall_3mx20cm_Wood_Panels (3),4.63,0.66,-0.31
26.475,0,Wall_3mx20cm_Wood_Panels (3),4.63,0.65,-0.31
26.512,0,Wall_3mx20cm_Wood_Panels (3),4.64,0.66,-0.31
26.552,0,Wall_3mx20cm_Wood_Panels (3),4.64,0.66,-0.31
26.568,0,Wall_3mx20cm_Wood_Panels (3),4.63,0.66,-0.31
26.608,0,Wall_3mx20cm_Wood_Panels (3),4.62,0.66,-0.31
26.651,0,Wall_3mx20cm_Wood_Panels (3),4.61,0.66,-0.31
26.690,0,Wall_3mx20cm_Wood_Panels (3),4.60,0.67,-0.31
26.706,0,Wall_3mx20cm_Wood_Panels (3),4.59,0.68,-0.31
26.749,0,Wall_3mx20cm_Wood_Panels (3),4.58,0.69,-0.31
26.788,0,Wall_3mx20cm_Wood_Panels (3),4.57,0.69,-0.31
26.802,0,Wall_3mx20cm_Wood_Panels (3),4.56,0.69,-0.31
26.844,0,Wall_3mx20cm_Wood_Panels (3),4.56,0.69,-0.31
26.879,0,Wall_3mx20cm_Wood_Panels (3),4.56,0.67,-0.31
26.922,0,Wall_3mx20cm_Wood_Panels (3),4.56,0.66,-0.31
26.942,0,Wall_3mx20cm_Wood_Panels (3),4.57,0.66,-0.31
26.971,0,Wall_3mx20cm_Wood_Panels (3),4.59,0.62,-0.31
27.011,0,Wall_3mx20cm_Wood_Panels (3),4.59,0.63,-0.31
27.052,0,Wall_3mx20cm_Wood_Panels (3),4.60,0.62,-0.31
27.068,0,Wall_3mx20cm_Wood_Panels (3),4.60,0.61,-0.31
27.107,0,Wall_3mx20cm_Wood_Panels (3),4.61,0.62,-0.31
27.149,0,Wall_3mx20cm_Wood_Panels (3),4.61,0.61,-0.31
27.182,0,Wall_3mx20cm_Wood_Panels (3),4.62,0.61,-0.31
27.206,0,Wall_3mx20cm_Wood_Panels (3),4.62,0.60,-0.31
27.238,0,Wall_3mx20cm_Wood_Panels (3),4.63,0.60,-0.31
27.276,0,Wall_3mx20cm_Wood_Panels (3),4.64,0.61,-0.31
27.315,0,Wall_3mx20cm_Wood_Panels (3),4.64,0.60,-0.31
27.334,0,Wall_3mx20cm_Wood_Panels (3),4.65,0.60,-0.31
27.372,0,Wall_3mx20cm_Wood_Panels (3),4.65,0.59,-0.31
27.414,0,Wall_3mx20cm_Wood_Panels (3),4.65,0.59,-0.31
27.457,0,Wall_3mx20cm_Wood_Panels (3),4.65,0.61,-0.31
27.474,0,Wall_3mx20cm_Wood_Panels (3),4.65,0.61,-0.31
27.512,0,Wall_3mx20cm_Wood_Panels (3),4.65,0.61,-0.31
27.552,0,Wall_3mx20cm_Wood_Panels (3),4.65,0.60,-0.31
27.567,0,Wall_3mx20cm_Wood_Panels (3),4.66,0.60,-0.31
27.608,0,Wall_3mx20cm_Wood_Panels (3),4.65,0.60,-0.31
27.643,0,Wall_3mx20cm_Wood_Panels (3),4.65,0.59,-0.31
27.681,0,Wall_3mx20cm_Wood_Panels (3),4.64,0.60,-0.31
27.700,0,Wall_3mx20cm_Wood_Panels (3),4.64,0.60,-0.31
27.738,0,Wall_3mx20cm_Wood_Panels (3),4.65,0.60,-0.31
27.777,0,Wall_3mx20cm_Wood_Panels (3),4.66,0.60,-0.31
27.818,0,Wall_3mx20cm_Wood_Panels (3),4.67,0.60,-0.31
27.851,0,Wall_3mx20cm_Wood_Panels (3),4.69,0.59,-0.31
27.872,0,Wall_3mx20cm_Wood_Panels (3),4.69,0.58,-0.31
27.915,0,Wall_3mx20cm_Wood_Panels (3),4.70,0.57,-0.31
27.946,0,Wall_3mx20cm_Wood_Panels (3),4.70,0.56,-0.31
27.971,0,Wall_3mx20cm_Wood_Panels (3),4.70,0.56,-0.31
28.006,0,Wall_3mx20cm_Wood_Panels (3),4.69,0.56,-0.31
28.044,0,Wall_3mx20cm_Wood_Panels (3),4.68,0.57,-0.31
28.068,0,Wall_3mx20cm_Wood_Panels (3),4.68,0.57,-0.31
28.100,0,Wall_3mx20cm_Wood_Panels (3),4.68,0.58,-0.31
28.141,0,Wall_3mx20cm_Wood_Panels (3),4.68,0.58,-0.31
28.181,0,Wall_3mx20cm_Wood_Panels (3),4.68,0.57,-0.31
28.222,0,Wall_3mx20cm_Wood_Panels (3),4.68,0.57,-0.31
28.236,0,Wall_3mx20cm_Wood_Panels (3),4.68,0.58,-0.31
28.277,0,Wall_3mx20cm_Wood_Panels (3),4.68,0.58,-0.31
28.320,0,Wall_3mx20cm_Wood_Panels (3),4.68,0.59,-0.31
28.336,0,Wall_3mx20cm_Wood_Panels (3),4.68,0.60,-0.31
28.369,0,Wall_3mx20cm_Wood_Panels (3),4.68,0.60,-0.31
28.408,0,Wall_3mx20cm_Wood_Panels (3),4.69,0.60,-0.31
28.446,0,Wall_3mx20cm_Wood_Panels (3),4.70,0.59,-0.31
28.485,0,Wall_3mx20cm_Wood_Panels (3),4.71,0.59,-0.31
28.501,0,Wall_3mx20cm_Wood_Panels (3),4.71,0.59,-0.31
28.542,0,Wall_3mx20cm_Wood_Panels (3),4.71,0.59,-0.31
28.585,0,Wall_3mx20cm_Wood_Panels (3),4.70,0.59,-0.31
28.617,0,Wall_3mx20cm_Wood_Panels (3),4.70,0.60,-0.31
28.640,0,Wall_3mx20cm_Wood_Panels (3),4.70,0.60,-0.31
28.681,0,Wall_3mx20cm_Wood_Panels (3),4.70,0.59,-0.31
28.725,0,Wall_3mx20cm_Wood_Panels (3),4.70,0.59,-0.31
28.759,0,Wall_3mx20cm_Wood_Panels (3),4.71,0.59,-0.31
28.780,0,Wall_3mx20cm_Wood_Panels (3),4.71,0.59,-0.31
28.822,0,Wall_3mx20cm_Wood_Panels (3),4.71,0.59,-0.31
28.855,0,Wall_3mx20cm_Wood_Panels (3),4.71,0.59,-0.31
28.877,0,Wall_3mx20cm_Wood_Panels (3),4.71,0.58,-0.31
28.918,0,Wall_3mx20cm_Wood_Panels (3),4.71,0.58,-0.31
28.947,0,Wall_3mx20cm_Wood_Panels (3),4.71,0.57,-0.31
28.967,0,Wall_3mx20cm_Wood_Panels (3),4.71,0.58,-0.31
29.004,0,Wall_3mx20cm_Wood_Panels (3),4.71,0.58,-0.31
29.044,0,Wall_3mx20cm_Wood_Panels (3),4.71,0.59,-0.31
29.085,0,Wall_3mx20cm_Wood_Panels (3),4.71,0.59,-0.31
29.118,0,Wall_3mx20cm_Wood_Panels (3),4.71,0.60,-0.31
29.141,0,Wall_3mx20cm_Wood_Panels (3),4.71,0.60,-0.31
29.183,0,Wall_3mx20cm_Wood_Panels (3),4.72,0.60,-0.31
29.225,0,Wall_3mx20cm_Wood_Panels (3),4.72,0.59,-0.31
29.239,0,Wall_3mx20cm_Wood_Panels (3),4.72,0.59,-0.31
29.272,0,Wall_3mx20cm_Wood_Panels (3),4.72,0.59,-0.31
29.310,0,Wall_3mx20cm_Wood_Panels (3),4.72,0.59,-0.31
29.352,0,Wall_3mx20cm_Wood_Panels (3),4.72,0.59,-0.31
29.369,0,Wall_3mx20cm_Wood_Panels (3),4.72,0.59,-0.31
29.409,0,Wall_3mx20cm_Wood_Panels (3),4.72,0.58,-0.31
29.435,0,Wall_3mx20cm_Wood_Panels (3),4.72,0.58,-0.31
29.490,0,Wall_3mx20cm_Wood_Panels (3),4.72,0.58,-0.31
29.525,0,Wall_3mx20cm_Wood_Panels (3),4.72,0.58,-0.31
29.544,0,Wall_3mx20cm_Wood_Panels (3),4.71,0.58,-0.31
29.586,0,Wall_3mx20cm_Wood_Panels (3),4.71,0.57,-0.31
29.603,0,Wall_3mx20cm_Wood_Panels (3),4.71,0.57,-0.31
29.643,0,Wall_3mx20cm_Wood_Panels (3),4.71,0.58,-0.31
29.682,0,Wall_3mx20cm_Wood_Panels (3),4.72,0.57,-0.31
29.701,0,Wall_3mx20cm_Wood_Panels (3),4.72,0.58,-0.31
29.740,0,Wall_3mx20cm_Wood_Panels (3),4.73,0.58,-0.31
29.780,0,Wall_3mx20cm_Wood_Panels (3),4.73,0.60,-0.31
29.821,0,Wall_3mx20cm_Wood_Panels (3),4.73,0.60,-0.31
29.840,0,Wall_3mx20cm_Wood_Panels (3),4.72,0.60,-0.31
29.880,0,Wall_3mx20cm_Wood_Panels (3),4.72,0.64,-0.31
29.907,0,Wall_3mx20cm_Wood_Panels (3),4.72,0.64,-0.31
29.948,0,Wall_3mx20cm_Wood_Panels (3),4.71,0.65,-0.31
29.978,0,Wall_3mx20cm_Wood_Panels (3),4.71,0.65,-0.31
30.003,0,Wall_3mx20cm_Wood_Panels (3),4.71,0.65,-0.31
30.046,0,Wall_3mx20cm_Wood_Panels (3),4.71,0.66,-0.31
30.075,0,Wall_3mx20cm_Wood_Panels (3),4.70,0.66,-0.31
30.114,0,Wall_3mx20cm_Wood_Panels (3),4.71,0.66,-0.31
30.156,0,Wall_3mx20cm_Wood_Panels (3),4.71,0.67,-0.31
30.169,0,Wall_3mx20cm_Wood_Panels (3),4.71,0.67,-0.31
30.213,0,Wall_3mx20cm_Wood_Panels (3),4.71,0.68,-0.31
30.245,0,Wall_3mx20cm_Wood_Panels (3),4.71,0.66,-0.31
30.267,0,Wall_3mx20cm_Wood_Panels (3),4.71,0.66,-0.31
30.302,0,Wall_3mx20cm_Wood_Panels (3),4.70,0.65,-0.31
30.340,0,Wall_3mx20cm_Wood_Panels (3),4.70,0.65,-0.31
30.380,0,Wall_3mx20cm_Wood_Panels (3),4.70,0.64,-0.31
30.416,0,Wall_3mx20cm_Wood_Panels (3),4.71,0.62,-0.31
30.435,0,Wall_3mx20cm_Wood_Panels (3),4.71,0.63,-0.31
30.477,0,Wall_3mx20cm_Wood_Panels (3),4.72,0.64,-0.31
30.511,0,Wall_3mx20cm_Wood_Panels (3),4.71,0.65,-0.31
30.549,0,Wall_3mx20cm_Wood_Panels (3),4.71,0.66,-0.31
30.568,0,Wall_3mx20cm_Wood_Panels (3),4.71,0.67,-0.31
30.606,0,Wall_3mx20cm_Wood_Panels (3),4.71,0.69,-0.31
30.646,0,Wall_3mx20cm_Wood_Panels (3),4.69,0.68,-0.31
30.685,0,Wall_3mx20cm_Wood_Panels (3),4.69,0.69,-0.31
30.704,0,Wall_3mx20cm_Wood_Panels (3),4.69,0.70,-0.31
30.743,0,Wall_3mx20cm_Wood_Panels (3),4.70,0.70,-0.31
30.769,0,Wall_3mx20cm_Wood_Panels (3),4.70,0.70,-0.31
30.800,0,Wall_3mx20cm_Wood_Panels (3),4.70,0.68,-0.31
30.839,0,Wall_3mx20cm_Wood_Panels (3),4.71,0.67,-0.31
30.879,0,Wall_3mx20cm_Wood_Panels (3),4.71,0.67,-0.31
30.923,0,Wall_3mx20cm_Wood_Panels (3),4.70,0.68,-0.31
30.937,0,Wall_3mx20cm_Wood_Panels (3),4.70,0.68,-0.31
30.978,0,Wall_3mx20cm_Wood_Panels (3),4.69,0.68,-0.31
31.011,0,Wall_3mx20cm_Wood_Panels (3),4.67,0.69,-0.31
31.052,0,Wall_3mx20cm_Wood_Panels (3),4.66,0.69,-0.31
31.075,0,Wall_3mx20cm_Wood_Panels (3),4.66,0.69,-0.31
31.117,0,Wall_3mx20cm_Wood_Panels (3),4.66,0.69,-0.31
31.150,0,Wall_3mx20cm_Wood_Panels (3),4.65,0.69,-0.31
31.173,0,Wall_3mx20cm_Wood_Panels (3),4.65,0.69,-0.31
31.208,0,Wall_3mx20cm_Wood_Panels (3),4.66,0.70,-0.31
31.248,0,Wall_3mx20cm_Wood_Panels (3),4.66,0.71,-0.31
31.270,0,Wall_3mx20cm_Wood_Panels (3),4.66,0.71,-0.31
31.312,0,Wall_3mx20cm_Wood_Panels (3),4.67,0.71,-0.31
31.348,0,Wall_3mx20cm_Wood_Panels (3),4.67,0.71,-0.31
31.368,0,Wall_3mx20cm_Wood_Panels (3),4.67,0.71,-0.31
31.410,0,Wall_3mx20cm_Wood_Panels (3),4.67,0.73,-0.31
31.445,0,Wall_3mx20cm_Wood_Panels (3),4.67,0.71,-0.31
31.484,0,Wall_3mx20cm_Wood_Panels (3),4.67,0.71,-0.31
31.507,0,Wall_3mx20cm_Wood_Panels (3),4.67,0.70,-0.31
31.541,0,Wall_3mx20cm_Wood_Panels (3),4.67,0.69,-0.31
31.580,0,Wall_3mx20cm_Wood_Panels (3),4.68,0.71,-0.31
31.606,0,Wall_3mx20cm_Wood_Panels (3),4.68,0.71,-0.31
31.642,0,Wall_3mx20cm_Wood_Panels (3),4.69,0.71,-0.31
31.680,0,Wall_3mx20cm_Wood_Panels (3),4.69,0.71,-0.31
31.702,0,Wall_3mx20cm_Wood_Panels (3),4.69,0.71,-0.31
31.738,0,Wall_3mx20cm_Wood_Panels (3),4.70,0.72,-0.31
31.777,0,Wall_3mx20cm_Wood_Panels (3),4.70,0.72,-0.31
31.814,0,Wall_3mx20cm_Wood_Panels (3),4.68,0.71,-0.31
31.857,0,Wall_3mx20cm_Wood_Panels (3),4.68,0.70,-0.31
31.871,0,Wall_3mx20cm_Wood_Panels (3),4.67,0.70,-0.31
31.913,0,Wall_3mx20cm_Wood_Panels (3),4.67,0.71,-0.31
31.953,0,Wall_3mx20cm_Wood_Panels (3),4.66,0.71,-0.31
31.969,0,Wall_3mx20cm_Wood_Panels (3),4.66,0.71,-0.31
32.009,0,Wall_3mx20cm_Wood_Panels (3),4.66,0.70,-0.31
32.051,0,Wall_3mx20cm_Wood_Panels (3),4.66,0.70,-0.31
32.085,0,Wall_3mx20cm_Wood_Panels (3),4.66,0.70,-0.31
32.107,0,Wall_3mx20cm_Wood_Panels (3),4.66,0.70,-0.31
32.143,0,Wall_3mx20cm_Wood_Panels (3),4.66,0.70,-0.31
32.181,0,Wall_3mx20cm_Wood_Panels (3),4.66,0.70,-0.31
32.207,0,Wall_3mx20cm_Wood_Panels (3),4.66,0.69,-0.31
32.238,0,Wall_3mx20cm_Wood_Panels (3),4.66,0.69,-0.31
32.276,0,Wall_3mx20cm_Wood_Panels (3),4.66,0.69,-0.31
32.301,0,Wall_3mx20cm_Wood_Panels (3),4.66,0.68,-0.31
32.356,0,Wall_3mx20cm_Wood_Panels (3),4.66,0.69,-0.31
32.370,0,Wall_3mx20cm_Wood_Panels (3),4.66,0.69,-0.31
32.412,0,Wall_3mx20cm_Wood_Panels (3),4.66,0.69,-0.31
32.452,0,Wall_3mx20cm_Wood_Panels (3),4.66,0.69,-0.31
32.467,0,Wall_3mx20cm_Wood_Panels (3),4.66,0.69,-0.31
32.509,0,Wall_3mx20cm_Wood_Panels (3),4.66,0.70,-0.31
32.550,0,Wall_3mx20cm_Wood_Panels (3),4.66,0.69,-0.31
32.584,0,Wall_3mx20cm_Wood_Panels (3),4.65,0.70,-0.31
32.606,0,Wall_3mx20cm_Wood_Panels (3),4.65,0.69,-0.31
32.640,0,Wall_3mx20cm_Wood_Panels (3),4.65,0.68,-0.31
32.679,0,Wall_3mx20cm_Wood_Panels (3),4.66,0.68,-0.31
32.718,0,Wall_3mx20cm_Wood_Panels (3),4.66,0.70,-0.31
32.737,0,Wall_3mx20cm_Wood_Panels (3),4.66,0.70,-0.31
32.776,0,Wall_3mx20cm_Wood_Panels (3),4.66,0.69,-0.31
32.801,0,Wall_3mx20cm_Wood_Panels (3),4.66,0.70,-0.31
32.858,0,Wall_3mx20cm_Wood_Panels (3),4.65,0.71,-0.31
32.871,0,Wall_3mx20cm_Wood_Panels (3),4.65,0.71,-0.31
32.912,0,Wall_3mx20cm_Wood_Panels (3),4.65,0.71,-0.31
32.947,0,Wall_3mx20cm_Wood_Panels (3),4.65,0.71,-0.31
32.969,0,Wall_3mx20cm_Wood_Panels (3),4.65,0.71,-0.31
33.008,0,Wall_3mx20cm_Wood_Panels (3),4.66,0.71,-0.31
33.043,0,Wall_3mx20cm_Wood_Panels (3),4.66,0.72,-0.31
33.080,0,Wall_3mx20cm_Wood_Panels (3),4.66,0.72,-0.31
33.101,0,Wall_3mx20cm_Wood_Panels (3),4.66,0.71,-0.31
33.142,0,Wall_3mx20cm_Wood_Panels (3),4.66,0.71,-0.31
33.180,0,Wall_3mx20cm_Wood_Panels (3),4.66,0.71,-0.31
33.205,0,Wall_3mx20cm_Wood_Panels (3),4.67,0.70,-0.31
33.240,0,Wall_3mx20cm_Wood_Panels (3),4.67,0.71,-0.31
33.278,0,Wall_3mx20cm_Wood_Panels (3),4.67,0.70,-0.31
33.302,0,Wall_3mx20cm_Wood_Panels (3),4.67,0.71,-0.31
33.343,0,Wall_3mx20cm_Wood_Panels (3),4.66,0.70,-0.31
33.375,0,Wall_3mx20cm_Wood_Panels (3),4.66,0.71,-0.31
33.413,0,Wall_3mx20cm_Wood_Panels (3),4.66,0.71,-0.31
33.435,0,Wall_3mx20cm_Wood_Panels (3),4.67,0.71,-0.31
33.472,0,Wall_3mx20cm_Wood_Panels (3),4.66,0.69,-0.31
33.511,0,Wall_3mx20cm_Wood_Panels (3),4.67,0.68,-0.31
33.553,0,Wall_3mx20cm_Wood_Panels (3),4.68,0.67,-0.31
33.570,0,Wall_3mx20cm_Wood_Panels (3),4.69,0.67,-0.31
33.609,0,Wall_3mx20cm_Wood_Panels (3),4.70,0.69,-0.31
33.650,0,Wall_3mx20cm_Wood_Panels (3),4.70,0.69,-0.31
33.687,0,Wall_3mx20cm_Wood_Panels (3),4.70,0.70,-0.31
33.706,0,Wall_3mx20cm_Wood_Panels (3),4.70,0.71,-0.31
33.748,0,Wall_3mx20cm_Wood_Panels (3),4.71,0.70,-0.31
33.790,0,Wall_3mx20cm_Wood_Panels (3),4.71,0.68,-0.31
33.805,0,Wall_3mx20cm_Wood_Panels (3),4.71,0.67,-0.31
33.845,0,Wall_3mx20cm_Wood_Panels (3),4.71,0.66,-0.31
33.881,0,Wall_3mx20cm_Wood_Panels (3),4.71,0.65,-0.31
33.902,0,Wall_3mx20cm_Wood_Panels (3),4.71,0.65,-0.31
33.942,0,Wall_3mx20cm_Wood_Panels (3),4.70,0.65,-0.31
33.984,0,Wall_3mx20cm_Wood_Panels (3),4.70,0.65,-0.31
34.019,0,Wall_3mx20cm_Wood_Panels (3),4.70,0.66,-0.31
34.040,0,Wall_3mx20cm_Wood_Panels (3),4.70,0.66,-0.31
34.075,0,Wall_3mx20cm_Wood_Panels (3),4.70,0.68,-0.31
34.115,0,Wall_3mx20cm_Wood_Panels (3),4.69,0.69,-0.31
34.138,0,Wall_3mx20cm_Wood_Panels (3),4.68,0.68,-0.31
34.172,0,Wall_3mx20cm_Wood_Panels (3),4.68,0.67,-0.31
34.211,0,Wall_3mx20cm_Wood_Panels (3),4.68,0.67,-0.31
34.236,0,Wall_3mx20cm_Wood_Panels (3),4.68,0.68,-0.31
34.267,0,Wall_3mx20cm_Wood_Panels (3),4.69,0.68,-0.31
34.306,0,Wall_3mx20cm_Wood_Panels (3),4.69,0.67,-0.31
34.347,0,Wall_3mx20cm_Wood_Panels (3),4.69,0.67,-0.31
34.388,0,Wall_3mx20cm_Wood_Panels (3),4.70,0.67,-0.31
34.404,0,Wall_3mx20cm_Wood_Panels (3),4.70,0.68,-0.31
34.444,0,Wall_3mx20cm_Wood_Panels (3),4.71,0.67,-0.31
34.479,0,Wall_3mx20cm_Wood_Panels (3),4.71,0.67,-0.31
34.500,0,Wall_3mx20cm_Wood_Panels (3),4.71,0.68,-0.31
34.543,0,Wall_3mx20cm_Wood_Panels (3),4.71,0.68,-0.31
34.571,0,Wall_3mx20cm_Wood_Panels (3),4.72,0.68,-0.31
34.612,0,Wall_3mx20cm_Wood_Panels (3),4.72,0.67,-0.31
34.654,0,Wall_3mx20cm_Wood_Panels (3),4.73,0.67,-0.31
34.672,0,Wall_3mx20cm_Wood_Panels (3),4.73,0.66,-0.31
34.710,0,Wall_3mx20cm_Wood_Panels (3),4.74,0.66,-0.31
34.753,0,Wall_3mx20cm_Wood_Panels (3),4.75,0.66,-0.31
34.779,0,Wall_3mx20cm_Wood_Panels (3),4.75,0.66,-0.31
34.807,0,Wall_3mx20cm_Wood_Panels (3),4.74,0.66,-0.31
34.849,0,Wall_3mx20cm_Wood_Panels (3),4.74,0.66,-0.31
34.890,0,Wall_3mx20cm_Wood_Panels (3),4.73,0.65,-0.31
34.905,0,Wall_3mx20cm_Wood_Panels (3),4.72,0.66,-0.31
34.939,0,Wall_3mx20cm_Wood_Panels (3),4.72,0.67,-0.31
34.980,0,Wall_3mx20cm_Wood_Panels (3),4.71,0.68,-0.31
35.004,0,Wall_3mx20cm_Wood_Panels (3),4.71,0.68,-0.31
35.037,0,Wall_3mx20cm_Wood_Panels (3),4.70,0.70,-0.31
35.073,0,Wall_3mx20cm_Wood_Panels (3),4.69,0.71,-0.31
35.114,0,Wall_3mx20cm_Wood_Panels (3),4.68,0.72,-0.31
35.150,0,Wall_3mx20cm_Wood_Panels (3),4.67,0.74,-0.31
35.170,0,Wall_3mx20cm_Wood_Panels (3),4.67,0.75,-0.31
35.211,0,Wall_3mx20cm_Wood_Panels (3),4.65,0.74,-0.31
35.245,0,Wall_3mx20cm_Wood_Panels (3),4.63,0.73,-0.31
35.268,0,Wall_3mx20cm_Wood_Panels (3),4.63,0.73,-0.31
35.303,0,Wall_3mx20cm_Wood_Panels (3),4.62,0.72,-0.31
35.343,0,Wall_3mx20cm_Wood_Panels (3),4.61,0.70,-0.31
35.382,0,Wall_3mx20cm_Wood_Panels (3),4.61,0.70,-0.31
35.406,0,Wall_3mx20cm_Wood_Panels (3),4.61,0.69,-0.31
35.447,0,Wall_3mx20cm_Wood_Panels (3),4.60,0.68,-0.31
35.480,0,Wall_3mx20cm_Wood_Panels (3),4.60,0.68,-0.31
35.503,0,Wall_3mx20cm_Wood_Panels (3),4.60,0.68,-0.31
35.545,0,Wall_3mx20cm_Wood_Panels (3),4.61,0.67,-0.31
35.577,0,Wall_3mx20cm_Wood_Panels (3),4.61,0.67,-0.31
35.601,0,Wall_3mx20cm_Wood_Panels (3),4.61,0.68,-0.31
35.635,0,Wall_3mx20cm_Wood_Panels (3),4.62,0.67,-0.31
35.673,0,Wall_3mx20cm_Wood_Panels (3),4.63,0.65,-0.31
35.733,0,Wall_3mx20cm_Wood_Panels (3),4.65,0.64,-0.31
35.754,0,Wall_3mx20cm_Wood_Panels (3),4.66,0.64,-0.31
35.771,0,Wall_3mx20cm_Wood_Panels (3),4.66,0.63,-0.31
35.810,0,Wall_3mx20cm_Wood_Panels (3),4.65,0.62,-0.31
35.851,0,Wall_3mx20cm_Wood_Panels (3),4.65,0.63,-0.31
35.884,0,Wall_3mx20cm_Wood_Panels (3),4.64,0.64,-0.31
35.905,0,Wall_3mx20cm_Wood_Panels (3),4.63,0.64,-0.31
35.947,0,Wall_3mx20cm_Wood_Panels (3),4.61,0.66,-0.31
35.982,0,Wall_3mx20cm_Wood_Panels (3),4.59,0.66,-0.31
36.003,0,Wall_3mx20cm_Wood_Panels (3),4.59,0.66,-0.31
36.046,0,Wall_3mx20cm_Wood_Panels (3),4.59,0.66,-0.31
36.079,0,Wall_3mx20cm_Wood_Panels (3),4.59,0.64,-0.31
36.101,0,Wall_3mx20cm_Wood_Panels (3),4.59,0.65,-0.31
36.136,0,Wall_3mx20cm_Wood_Panels (3),4.60,0.65,-0.31
36.173,0,Wall_3mx20cm_Wood_Panels (3),4.62,0.65,-0.31
36.214,0,Wall_3mx20cm_Wood_Panels (3),4.63,0.62,-0.31
36.255,0,Wall_3mx20cm_Wood_Panels (3),4.65,0.61,-0.31
36.270,0,Wall_3mx20cm_Wood_Panels (3),4.66,0.59,-0.31
36.310,0,Wall_3mx20cm_Wood_Panels (3),4.67,0.59,-0.31
36.352,0,Wall_3mx20cm_Wood_Panels (3),4.68,0.58,-0.31
36.369,0,Wall_3mx20cm_Wood_Panels (3),4.69,0.59,-0.31
36.408,0,Wall_3mx20cm_Wood_Panels (3),4.69,0.58,-0.31
36.451,0,Wall_3mx20cm_Wood_Panels (3),4.69,0.58,-0.31
36.483,0,Wall_3mx20cm_Wood_Panels (3),4.69,0.57,-0.31
36.503,0,Wall_3mx20cm_Wood_Panels (3),4.69,0.57,-0.31
36.546,0,Wall_3mx20cm_Wood_Panels (3),4.69,0.55,-0.31
36.585,0,Wall_3mx20cm_Wood_Panels (3),4.70,0.53,-0.31
36.606,0,Wall_3mx20cm_Wood_Panels (3),4.71,0.53,-0.31
36.633,0,Wall_3mx20cm_Wood_Panels (3),4.72,0.53,-0.31
36.668,0,Wall_3mx20cm_Wood_Panels (3),4.72,0.53,-0.31
36.728,0,Wall_3mx20cm_Wood_Panels (3),4.71,0.55,-0.31
36.749,0,Wall_3mx20cm_Wood_Panels (3),4.69,0.56,-0.31
36.772,0,Wall_3mx20cm_Wood_Panels (3),4.67,0.58,-0.31
36.808,0,Wall_3mx20cm_Wood_Panels (3),4.64,0.60,-0.31
36.857,0,Wall_3mx20cm_Wood_Panels (3),4.60,0.64,-0.31
36.889,0,Wall_3mx20cm_Wood_Panels (3),4.58,0.65,-0.31
36.912,0,Wall_3mx20cm_Wood_Panels (3),4.55,0.67,-0.31
36.948,0,Wall_3mx20cm_Wood_Panels (3),4.53,0.70,-0.31
36.968,0,Wall_3mx20cm_Wood_Panels (3),4.50,0.72,-0.31
37.095,0,Wall_3mx20cm_Wood_Panels (2),4.40,0.77,-0.31
37.095,0,Wall_3mx20cm_Wood_Panels (2),4.40,0.77,-0.31
37.095,0,Wall_3mx20cm_Wood_Panels (2),4.40,0.77,-0.31
37.123,0,Wall_3mx20cm_Wood_Panels (2),4.37,0.79,-0.31
37.147,0,Wall_3mx20cm_Wood_Panels (2),4.29,0.82,-0.31
37.187,0,Wall_3mx20cm_Wood_Panels (2),4.26,0.82,-0.31
37.201,0,Wall_3mx20cm_Wood_Panels (2),4.25,0.80,-0.31
37.242,0,Wall_3mx20cm_Wood_Panels (2),4.25,0.80,-0.31
37.277,0,Wall_3mx20cm_Wood_Panels (2),4.25,0.80,-0.31
37.315,0,Wall_3mx20cm_Wood_Panels (2),4.24,0.76,-0.31
37.335,0,Wall_3mx20cm_Wood_Panels (2),4.24,0.76,-0.31
37.372,0,Wall_3mx20cm_Wood_Panels (2),4.25,0.76,-0.31
37.412,0,Wall_3mx20cm_Wood_Panels (2),4.26,0.77,-0.31
37.451,0,Wall_3mx20cm_Wood_Panels (2),4.28,0.78,-0.31
37.468,0,Wall_3mx20cm_Wood_Panels (2),4.30,0.77,-0.31
37.507,0,Wall_3mx20cm_Wood_Panels (2),4.32,0.77,-0.31
37.550,0,Wall_3mx20cm_Wood_Panels (2),4.34,0.78,-0.31
37.582,0,Wall_3mx20cm_Wood_Panels (2),4.37,0.79,-0.31
37.605,0,Wall_3mx20cm_Wood_Panels (2),4.37,0.80,-0.31
37.641,0,Wall_3mx20cm_Wood_Panels (2),4.39,0.79,-0.31
37.679,0,Wall_3mx20cm_Wood_Panels (3),4.41,0.80,-0.31
37.704,0,Wall_3mx20cm_Wood_Panels (3),4.42,0.79,-0.31
37.737,0,Wall_3mx20cm_Wood_Panels (3),4.44,0.77,-0.31
37.775,0,Wall_3mx20cm_Wood_Panels (3),4.45,0.74,-0.31
37.815,0,Wall_3mx20cm_Wood_Panels (3),4.46,0.73,-0.31
37.857,0,Wall_3mx20cm_Wood_Panels (3),4.49,0.71,-0.31
37.872,0,Wall_3mx20cm_Wood_Panels (3),4.50,0.70,-0.31
37.913,0,Wall_3mx20cm_Wood_Panels (3),4.50,0.71,-0.31
37.957,0,Wall_3mx20cm_Wood_Panels (3),4.51,0.71,-0.31
37.970,0,Wall_3mx20cm_Wood_Panels (3),4.51,0.72,-0.31
38.010,0,Wall_3mx20cm_Wood_Panels (3),4.50,0.72,-0.31
38.046,0,Wall_3mx20cm_Wood_Panels (3),4.50,0.72,-0.31
38.067,0,Wall_3mx20cm_Wood_Panels (3),4.50,0.72,-0.31
38.108,0,Wall_3mx20cm_Wood_Panels (3),4.50,0.71,-0.31
38.148,0,Wall_3mx20cm_Wood_Panels (3),4.49,0.72,-0.31
38.180,0,Wall_3mx20cm_Wood_Panels (3),4.49,0.71,-0.31
38.204,0,Wall_3mx20cm_Wood_Panels (3),4.49,0.71,-0.31
38.237,0,Wall_3mx20cm_Wood_Panels (3),4.49,0.71,-0.31
38.275,0,Wall_3mx20cm_Wood_Panels (3),4.50,0.71,-0.31
38.316,0,Wall_3mx20cm_Wood_Panels (3),4.51,0.71,-0.31
38.361,0,Wall_3mx20cm_Wood_Panels (3),4.52,0.71,-0.31
38.395,0,Collider,6.52,-0.67,-1.77
38.415,0,Collider,6.52,-0.67,-1.77
38.440,0,Collider,6.52,-0.67,-1.77
38.482,0,Collider,6.52,-0.67,-1.77
38.711,0,Ring,6.54,-0.68,-1.78
38.711,0,Ring,6.54,-0.68,-1.78
38.711,0,Ring,6.54,-0.68,-1.78
38.711,0,Ring,6.54,-0.68,-1.78
38.711,0,Ring,6.54,-0.68,-1.78
38.711,0,Ring,6.54,-0.68,-1.78
38.711,0,Ring,6.54,-0.68,-1.78
38.743,0,Ring,6.54,-0.68,-1.78
38.789,0,Ring,6.54,-0.68,-1.78
38.804,0,Ring,6.54,-0.68,-1.78
38.845,0,Ring,6.54,-0.68,-1.78
38.886,0,Ring,6.54,-0.68,-1.78
38.902,0,Ring,6.54,-0.68,-1.78
38.943,0,Ring,6.54,-0.68,-1.78
38.969,0,Ring,6.54,-0.68,-1.78
39.001,0,Ring,6.54,-0.68,-1.78
39.042,0,Ring,6.54,-0.68,-1.78
39.067,0,Ring,6.54,-0.68,-1.78
39.100,0,Ring,6.54,-0.68,-1.78
39.138,0,Ring,6.54,-0.68,-1.78
39.181,0,Ring,6.54,-0.68,-1.78
39.206,0,Ring,6.53,-0.68,-1.78
39.241,0,Ring,6.53,-0.68,-1.79
39.279,0,Ring,6.53,-0.68,-1.79
39.303,0,Ring,6.53,-0.68,-1.79
39.345,0,Ring,6.53,-0.68,-1.79
39.376,0,Ring,6.53,-0.68,-1.79
39.400,0,Ring,6.53,-0.68,-1.79
39.434,0,Ring,6.53,-0.68,-1.79
39.471,0,Ring,6.53,-0.68,-1.79
39.512,0,Ring,6.53,-0.68,-1.79
39.548,0,Ring,6.53,-0.68,-1.79
39.568,0,Ring,6.53,-0.68,-1.79
39.609,0,Ring,6.53,-0.68,-1.79
39.644,0,Ring,6.53,-0.68,-1.79
39.682,0,Ring,6.53,-0.68,-1.79
39.707,0,Ring,6.53,-0.69,-1.79
39.741,0,Ring,6.53,-0.69,-1.79
39.780,0,Middle,6.51,-0.69,-1.78
39.805,0,Middle,6.51,-0.69,-1.78
39.841,0,Middle,6.51,-0.69,-1.78
39.878,0,Middle,6.51,-0.70,-1.78
39.902,0,Middle,6.51,-0.70,-1.78
39.936,0,Middle,6.51,-0.70,-1.78
39.974,0,Middle,6.51,-0.70,-1.78
40.014,0,Middle,6.51,-0.70,-1.78
40.055,0,Middle,6.51,-0.70,-1.78
40.070,0,Middle,6.51,-0.70,-1.78
40.110,0,Middle,6.51,-0.70,-1.78
40.153,0,Middle,6.51,-0.70,-1.78
40.167,0,Middle,6.51,-0.70,-1.78
40.210,0,Middle,6.51,-0.70,-1.78
40.242,0,Middle,6.51,-0.70,-1.78
40.291,0,Middle,6.51,-0.70,-1.78
40.305,0,Middle,6.51,-0.70,-1.78
40.341,0,Middle,6.51,-0.70,-1.78
40.380,0,Middle,6.51,-0.70,-1.78
40.403,0,Middle,6.51,-0.70,-1.78
40.439,0,Middle,6.51,-0.70,-1.78
40.477,0,Middle,6.51,-0.70,-1.78
40.501,0,Middle,6.51,-0.70,-1.78
40.551,0,Middle,6.51,-0.70,-1.78
40.571,0,Middle,6.51,-0.70,-1.78
40.613,0,Middle,6.51,-0.70,-1.78
40.646,0,Middle,6.51,-0.70,-1.78
40.668,0,Middle,6.51,-0.70,-1.78
40.704,0,Middle,6.51,-0.70,-1.78
40.743,0,Middle,6.51,-0.70,-1.78
40.781,0,Middle,6.51,-0.70,-1.78
40.822,0,Middle,6.51,-0.70,-1.78
40.839,0,Middle,6.51,-0.70,-1.78
40.879,0,Middle,6.51,-0.70,-1.78
40.920,0,Middle,6.51,-0.70,-1.78
40.937,0,Middle,6.51,-0.70,-1.78
40.975,0,Middle,6.51,-0.70,-1.78
41.017,0,Middle,6.51,-0.70,-1.78
41.050,0,Middle,6.51,-0.70,-1.78
41.074,0,Middle,6.51,-0.70,-1.78
41.107,0,Middle,6.51,-0.70,-1.78
41.145,0,Middle,6.51,-0.70,-1.78
41.170,0,Middle,6.51,-0.70,-1.78
41.204,0,Middle,6.51,-0.70,-1.78
41.243,0,Middle,6.51,-0.70,-1.78
41.267,0,Middle,6.51,-0.70,-1.78
41.300,0,Middle,6.51,-0.70,-1.78
41.338,0,Middle,6.51,-0.70,-1.78
41.378,0,Middle,6.51,-0.70,-1.78
41.419,0,Middle,6.51,-0.70,-1.78
41.436,0,Middle,6.51,-0.70,-1.78
41.476,0,Middle,6.51,-0.70,-1.78
41.516,0,Middle,6.51,-0.70,-1.78
41.550,0,Middle,6.51,-0.70,-1.78
41.572,0,Middle,6.51,-0.70,-1.78
41.608,0,Middle,6.51,-0.70,-1.78
41.647,0,Middle,6.51,-0.70,-1.78
41.669,0,Middle,6.51,-0.70,-1.78
41.710,0,Middle,6.51,-0.70,-1.78
41.743,0,Middle,6.51,-0.70,-1.78
41.767,0,Middle,6.51,-0.70,-1.78
41.800,0,Middle,6.51,-0.70,-1.78
41.837,0,Middle,6.51,-0.70,-1.78
41.878,0,Middle,6.51,-0.70,-1.78
41.921,0,Middle,6.51,-0.70,-1.78
41.937,0,Middle,6.51,-0.69,-1.78
41.976,0,Middle,6.51,-0.69,-1.78
42.016,0,Middle,6.51,-0.69,-1.78
42.035,0,Middle,6.51,-0.69,-1.78
42.073,0,Middle,6.51,-0.69,-1.78
42.115,0,Middle,6.51,-0.69,-1.78
42.148,0,Middle,6.51,-0.69,-1.78
42.171,0,Middle,6.51,-0.69,-1.78
42.212,0,Middle,6.51,-0.69,-1.78
42.245,0,Middle,6.51,-0.69,-1.78
42.267,0,Middle,6.51,-0.69,-1.78
42.301,0,Middle,6.51,-0.69,-1.78
42.336,0,Middle,6.51,-0.69,-1.78
42.378,0,Middle,6.51,-0.69,-1.78
42.413,0,Middle,6.51,-0.69,-1.78
42.434,0,Middle,6.51,-0.69,-1.78
42.469,0,Middle,6.51,-0.69,-1.78
42.508,0,Middle,6.51,-0.69,-1.78
42.535,0,Middle,6.51,-0.69,-1.78
42.588,0,Middle,6.51,-0.69,-1.78
42.605,0,Middle,6.51,-0.69,-1.78
42.644,0,Middle,6.51,-0.69,-1.78
42.686,0,Middle,6.51,-0.69,-1.78
42.703,0,Middle,6.51,-0.69,-1.78
42.743,0,Middle,6.51,-0.69,-1.78
42.781,0,Middle,6.51,-0.69,-1.78
42.825,0,Middle,6.51,-0.69,-1.78
42.839,0,Middle,6.51,-0.69,-1.78
42.881,0,Middle,6.51,-0.69,-1.78
42.911,0,Middle,6.51,-0.69,-1.78
42.937,0,Middle,6.51,-0.69,-1.78
42.977,0,Middle,6.51,-0.69,-1.78
43.008,0,Middle,6.51,-0.69,-1.78
43.048,0,Middle,6.51,-0.69,-1.78
43.090,0,Middle,6.51,-0.69,-1.78
43.105,0,Middle,6.51,-0.69,-1.78
43.145,0,Middle,6.51,-0.69,-1.78
43.181,0,Middle,6.51,-0.69,-1.78
43.201,0,Middle,6.51,-0.69,-1.78
43.243,0,Middle,6.51,-0.69,-1.78
43.284,0,Middle,6.51,-0.69,-1.78
43.316,0,Middle,6.51,-0.69,-1.78
43.340,0,Middle,6.51,-0.69,-1.78
43.373,0,Middle,6.51,-0.69,-1.78
43.411,0,Middle,6.51,-0.69,-1.78
43.452,0,Middle,6.51,-0.69,-1.78
43.471,0,Middle,6.51,-0.69,-1.78
43.512,0,Middle,6.51,-0.69,-1.78
43.536,0,Middle,6.51,-0.69,-1.78
43.572,0,Middle,6.51,-0.69,-1.78
43.611,0,Middle,6.51,-0.69,-1.78
43.634,0,Middle,6.51,-0.69,-1.78
43.668,0,Middle,6.51,-0.70,-1.78
43.708,0,Middle,6.51,-0.70,-1.78
43.746,0,Middle,6.51,-0.70,-1.78
43.787,0,Middle,6.51,-0.69,-1.78
43.803,0,Middle,6.51,-0.69,-1.78
43.843,0,Middle,6.51,-0.69,-1.78
43.884,0,Middle,6.51,-0.69,-1.78
43.920,0,Middle,6.51,-0.69,-1.78
43.939,0,Middle,6.51,-0.69,-1.78
43.983,0,Middle,6.51,-0.69,-1.78
44.023,0,Middle,6.51,-0.69,-1.78
44.037,0,Middle,6.51,-0.69,-1.78
44.078,0,Middle,6.51,-0.69,-1.78
44.113,0,Middle,6.51,-0.69,-1.78
44.134,0,Middle,6.51,-0.69,-1.78
44.175,0,Middle,6.51,-0.69,-1.78
44.210,0,Middle,6.51,-0.69,-1.78
44.234,0,Middle,6.51,-0.69,-1.78
44.269,0,Middle,6.51,-0.69,-1.78
44.307,0,Middle,6.51,-0.69,-1.78
44.343,0,Middle,6.51,-0.69,-1.78
44.385,0,Middle,6.51,-0.69,-1.78
44.416,0,Middle,6.51,-0.69,-1.78
44.442,0,Middle,6.51,-0.69,-1.78
44.476,0,Middle,6.51,-0.69,-1.78
44.515,0,Middle,6.51,-0.70,-1.78
44.538,0,Middle,6.51,-0.70,-1.78
44.571,0,Middle,6.51,-0.70,-1.78
44.607,0,Middle,6.51,-0.70,-1.78
44.650,0,Middle,6.51,-0.69,-1.78
44.678,0,Middle,6.51,-0.69,-1.78
44.704,0,Middle,6.51,-0.69,-1.78
44.736,0,Middle,6.51,-0.69,-1.78
44.774,0,Middle,6.51,-0.69,-1.78
44.815,0,Middle,6.51,-0.69,-1.78
44.850,0,Middle,6.51,-0.69,-1.78
44.872,0,Middle,6.51,-0.69,-1.78
44.905,0,Middle,6.51,-0.69,-1.78
44.941,0,Middle,6.51,-0.69,-1.78
44.982,0,Middle,6.51,-0.69,-1.78
45.016,0,Middle,6.51,-0.69,-1.78
45.037,0,Middle,6.51,-0.69,-1.78
45.070,0,Middle,6.51,-0.69,-1.78
45.109,0,Middle,6.51,-0.69,-1.78
45.149,0,Middle,6.51,-0.69,-1.78
45.191,0,Middle,6.51,-0.69,-1.78
45.204,0,Middle,6.51,-0.69,-1.78
45.248,0,Middle,6.51,-0.69,-1.78
45.289,0,Middle,6.51,-0.69,-1.78
45.303,0,Middle,6.51,-0.69,-1.78
45.345,0,Middle,6.51,-0.69,-1.78
45.375,0,Middle,6.51,-0.69,-1.78
45.414,0,Middle,6.51,-0.69,-1.78
45.454,0,Middle,6.51,-0.69,-1.78
45.469,0,Middle,6.51,-0.69,-1.77
45.512,0,Middle,6.51,-0.69,-1.77
45.545,0,Middle,6.51,-0.69,-1.77
45.583,0,Middle,6.51,-0.69,-1.77
45.608,0,Middle,6.51,-0.69,-1.77
45.640,0,Wall_3mx20cm_Wood_Panels (2),4.03,0.37,-0.31
45.679,0,Wall_3mx20cm_Wood_Panels (2),4.03,0.38,-0.31
45.721,0,Wall_3mx20cm_Wood_Panels (2),4.04,0.38,-0.31
45.737,0,Collider,6.48,-0.68,-1.76
45.776,0,Collider,6.48,-0.68,-1.76
45.812,0,Collider,6.49,-0.68,-1.76
45.852,0,Collider,6.49,-0.68,-1.76
45.874,0,Collider,6.49,-0.68,-1.76
45.909,0,Collider,6.49,-0.68,-1.76
45.948,0,Collider,6.49,-0.68,-1.76
45.971,0,Collider,6.49,-0.68,-1.76
46.005,0,Middle,6.51,-0.69,-1.77
46.043,0,Middle,6.51,-0.69,-1.77
46.083,0,Middle,6.51,-0.69,-1.77
46.100,0,Middle,6.51,-0.69,-1.77
46.139,0,Middle,6.51,-0.69,-1.77
46.180,0,Collider,6.48,-0.68,-1.76
46.222,0,Collider,6.48,-0.68,-1.76
46.238,0,Wall_3mx20cm_Wood_Panels (2),4.07,0.37,-0.31
46.277,0,Wall_3mx20cm_Wood_Panels (2),4.08,0.37,-0.31
46.321,0,Wall_3mx20cm_Wood_Panels (2),4.08,0.37,-0.31
46.334,0,Wall_3mx20cm_Wood_Panels (2),4.09,0.37,-0.31
46.376,0,Wall_3mx20cm_Wood_Panels (2),4.09,0.36,-0.31
46.416,0,Wall_3mx20cm_Wood_Panels (2),4.09,0.36,-0.31
46.436,0,Wall_3mx20cm_Wood_Panels (2),4.09,0.37,-0.31
46.474,0,Collider,6.48,-0.68,-1.76
46.514,0,Collider,6.49,-0.68,-1.76
46.549,0,Collider,6.49,-0.68,-1.76
46.571,0,Collider,6.49,-0.68,-1.76
46.605,0,Collider,6.49,-0.68,-1.76
46.642,0,Collider,6.49,-0.68,-1.76
46.681,0,Collider,6.49,-0.68,-1.76
46.723,0,Collider,6.49,-0.68,-1.76
46.739,0,Collider,6.49,-0.68,-1.76
46.780,0,Collider,6.49,-0.68,-1.76
46.821,0,Collider,6.49,-0.68,-1.76
46.836,0,Collider,6.49,-0.68,-1.76
46.876,0,Collider,6.49,-0.68,-1.76
46.919,0,Collider,6.49,-0.68,-1.76
46.934,0,Wall_3mx20cm_Wood_Panels (2),4.10,0.37,-0.31
47.031,0,Collider,6.49,-0.68,-1.76
47.031,0,Collider,6.49,-0.68,-1.76
47.050,0,Collider,6.49,-0.68,-1.76
47.072,0,Collider,6.49,-0.68,-1.76
47.106,0,Collider,6.49,-0.68,-1.76
47.144,0,Wall_3mx20cm_Wood_Panels (2),4.10,0.37,-0.31
47.171,0,Wall_3mx20cm_Wood_Panels (2),4.10,0.37,-0.31
47.203,0,Wall_3mx20cm_Wood_Panels (2),4.10,0.37,-0.31
47.240,0,Wall_3mx20cm_Wood_Panels (2),4.11,0.36,-0.31
47.280,0,Wall_3mx20cm_Wood_Panels (2),4.11,0.37,-0.31
47.320,0,Ring,6.52,-0.69,-1.78
47.335,0,Ring,6.52,-0.69,-1.78
47.379,0,Ring,6.52,-0.69,-1.78
47.409,0,Ring,6.52,-0.69,-1.78
47.434,0,Ring,6.52,-0.69,-1.78
47.466,0,Ring,6.52,-0.69,-1.78
47.506,0,Ring,6.52,-0.69,-1.78
47.565,0,Ring,6.53,-0.69,-1.78
47.592,0,Ring,6.53,-0.69,-1.78
47.623,0,Ring,6.53,-0.69,-1.78
47.643,0,Ring,6.53,-0.69,-1.78
47.671,0,Ring,6.53,-0.69,-1.78
47.706,0,Ring,6.53,-0.69,-1.78
47.753,0,Ring,6.53,-0.69,-1.78
47.785,0,Ring,6.52,-0.69,-1.78
47.814,0,Ring,6.52,-0.69,-1.78
47.846,0,Ring,6.52,-0.69,-1.78
47.895,0,Ring,6.52,-0.69,-1.78
47.927,0,Ring,6.52,-0.69,-1.78
47.949,0,Ring,6.52,-0.69,-1.78
48.128,0,Ring,6.52,-0.69,-1.78
48.128,0,Ring,6.52,-0.69,-1.78
48.128,0,Ring,6.52,-0.69,-1.78
48.128,0,Ring,6.52,-0.69,-1.78
48.128,0,Ring,6.52,-0.69,-1.78
48.170,0,Ring,6.52,-0.69,-1.78
48.170,0,Ring,6.52,-0.69,-1.78
48.225,0,Ring,6.52,-0.69,-1.78
48.258,0,Ring,6.52,-0.69,-1.78
48.289,0,Ring,6.52,-0.69,-1.78
48.313,0,Ring,6.52,-0.69,-1.78
48.396,0,Ring,6.52,-0.69,-1.78
48.396,0,Ring,6.52,-0.69,-1.78
48.427,0,Ring,6.52,-0.69,-1.78
48.451,0,Ring,6.52,-0.69,-1.78
48.486,0,Ring,6.52,-0.69,-1.78
48.506,0,Ring,6.52,-0.69,-1.78
48.533,0,Ring,6.52,-0.69,-1.78
48.567,0,Ring,6.52,-0.69,-1.78
48.615,0,Ring,6.52,-0.69,-1.78
48.647,0,Ring,6.52,-0.69,-1.78
48.669,0,Ring,6.52,-0.69,-1.78
48.726,0,Ring,6.52,-0.69,-1.78
48.751,0,Ring,6.52,-0.69,-1.78
48.785,0,Ring,6.52,-0.69,-1.78
48.807,0,Ring,6.52,-0.69,-1.78
48.844,0,Ring,6.52,-0.69,-1.78
48.901,0,Ring,6.52,-0.69,-1.78
48.901,0,Ring,6.52,-0.69,-1.78
48.946,0,Ring,6.53,-0.69,-1.78
48.981,0,Ring,6.53,-0.69,-1.78
49.001,0,Ring,6.53,-0.69,-1.78
49.060,0,Ring,6.53,-0.69,-1.78
49.085,0,Ring,6.53,-0.69,-1.78
49.204,0,Ring,6.53,-0.69,-1.78
49.204,0,Ring,6.53,-0.69,-1.78
49.204,0,Ring,6.53,-0.69,-1.78
49.204,0,Ring,6.53,-0.69,-1.78
49.312,0,Ring,6.53,-0.69,-1.78
49.312,0,Ring,6.53,-0.69,-1.78
49.312,0,Ring,6.53,-0.69,-1.78
49.340,0,Ring,6.53,-0.69,-1.78
49.398,0,Ring,6.53,-0.69,-1.78
49.420,0,Ring,6.53,-0.69,-1.78
49.459,0,Ring,6.53,-0.69,-1.78
49.478,0,Ring,6.53,-0.69,-1.78
49.503,0,Ring,6.53,-0.69,-1.78
49.537,0,Ring,6.53,-0.69,-1.78
49.594,0,Ring,6.52,-0.69,-1.78
49.615,0,Ring,6.52,-0.69,-1.78
49.644,0,Ring,6.52,-0.69,-1.78
49.672,0,Ring,6.52,-0.69,-1.78
49.710,0,Ring,6.52,-0.69,-1.78
49.749,0,Wall_3mx20cm_Wood_Panels (2),4.10,0.38,-0.31
49.773,0,Wall_3mx20cm_Wood_Panels (2),4.10,0.38,-0.31
49.813,0,Ring,6.52,-0.69,-1.78
49.849,0,Ring,6.52,-0.69,-1.78
49.871,0,Ring,6.52,-0.69,-1.78
49.906,0,Ring,6.52,-0.69,-1.78
49.955,0,Ring,6.52,-0.69,-1.78
49.988,0,Ring,6.52,-0.69,-1.78
50.009,0,Ring,6.52,-0.69,-1.78
50.053,0,Ring,6.52,-0.69,-1.78
50.087,0,Ring,6.52,-0.69,-1.78
50.108,0,Ring,6.52,-0.69,-1.78
50.137,0,Ring,6.52,-0.69,-1.78
50.169,0,Ring,6.52,-0.69,-1.78
50.218,0,Ring,6.52,-0.69,-1.78
50.248,0,Ring,6.52,-0.69,-1.78
50.300,0,Ring,6.52,-0.69,-1.78
50.300,0,Ring,6.52,-0.69,-1.78
50.366,0,Ring,6.52,-0.69,-1.78
50.389,0,Ring,6.52,-0.69,-1.78
50.430,0,Ring,6.52,-0.69,-1.78
50.470,0,Ring,6.52,-0.69,-1.78
50.470,0,Ring,6.52,-0.69,-1.78
50.622,0,Ring,6.52,-0.69,-1.78
50.622,0,Ring,6.52,-0.69,-1.78
50.622,0,Ring,6.52,-0.69,-1.78
50.622,0,Ring,6.52,-0.69,-1.78
50.668,0,Ring,6.52,-0.69,-1.78
50.668,0,Ring,6.52,-0.69,-1.78
50.726,0,Ring,6.52,-0.69,-1.78
50.749,0,Ring,6.52,-0.69,-1.78
50.778,0,Ring,6.52,-0.69,-1.78
50.807,0,Ring,6.52,-0.69,-1.78
50.866,0,Ring,6.52,-0.69,-1.78
50.887,0,Ring,6.52,-0.69,-1.78
50.925,0,Ring,6.52,-0.69,-1.78
50.943,0,Ring,6.52,-0.69,-1.78
50.969,0,Ring,6.52,-0.69,-1.78
51.010,0,Ring,6.52,-0.69,-1.78
51.052,0,Ring,6.52,-0.69,-1.78
51.070,0,Ring,6.52,-0.69,-1.78
51.101,0,Ring,6.52,-0.69,-1.78
51.137,0,Ring,6.52,-0.69,-1.78
51.177,0,Ring,6.53,-0.69,-1.78
51.219,0,Ring,6.53,-0.69,-1.78
51.235,0,Ring,6.52,-0.69,-1.78
51.277,0,Ring,6.52,-0.69,-1.78
51.302,0,Ring,6.52,-0.69,-1.78
51.354,0,Ring,6.52,-0.69,-1.78
51.374,0,Ring,6.52,-0.69,-1.78
51.413,0,Ring,6.52,-0.69,-1.78
51.457,0,Wall_3mx20cm_Wood_Panels (2),4.07,0.40,-0.31
51.488,0,Wall_3mx20cm_Wood_Panels (2),4.08,0.39,-0.31
51.516,0,Wall_3mx20cm_Wood_Panels (2),4.08,0.39,-0.31
51.546,0,Wall_3mx20cm_Wood_Panels (2),4.08,0.39,-0.31
51.568,0,Wall_3mx20cm_Wood_Panels (2),4.08,0.39,-0.31
51.604,0,Wall_3mx20cm_Wood_Panels (2),4.08,0.39,-0.31
51.643,0,Wall_3mx20cm_Wood_Panels (2),4.08,0.40,-0.31
51.684,0,Wall_3mx20cm_Wood_Panels (2),4.08,0.40,-0.31
51.708,0,Wall_3mx20cm_Wood_Panels (2),4.08,0.39,-0.31
51.750,0,Wall_3mx20cm_Wood_Panels (2),4.08,0.39,-0.31
51.781,0,Wall_3mx20cm_Wood_Panels (2),4.08,0.39,-0.31
51.804,0,Wall_3mx20cm_Wood_Panels (2),4.08,0.39,-0.31
51.840,0,Wall_3mx20cm_Wood_Panels (2),4.08,0.39,-0.31
51.878,0,Wall_3mx20cm_Wood_Panels (2),4.08,0.39,-0.31
51.902,0,Wall_3mx20cm_Wood_Panels (2),4.08,0.39,-0.31
51.939,0,Wall_3mx20cm_Wood_Panels (2),4.09,0.38,-0.31
51.977,0,Ring,6.52,-0.69,-1.78
52.000,0,Ring,6.52,-0.69,-1.78
52.042,0,Ring,6.52,-0.69,-1.78
52.076,0,Ring,6.52,-0.69,-1.78
52.114,0,Ring,6.53,-0.69,-1.78
52.154,0,Ring,6.53,-0.69,-1.78
52.170,0,Ring,6.53,-0.69,-1.78
52.210,0,Ring,6.53,-0.69,-1.78
52.252,0,Ring,6.53,-0.69,-1.78
52.279,0,Ring,6.53,-0.69,-1.78
52.310,0,Ring,6.53,-0.69,-1.78
52.335,0,Ring,6.53,-0.69,-1.78
52.370,0,Ring,6.53,-0.69,-1.78
52.408,0,Ring,6.53,-0.69,-1.78
52.446,0,Ring,6.53,-0.69,-1.78
52.467,0,Ring,6.53,-0.69,-1.78
52.507,0,Ring,6.53,-0.69,-1.78
52.550,0,Ring,6.53,-0.69,-1.78
52.574,0,Ring,6.53,-0.69,-1.78
52.600,0,Ring,6.53,-0.69,-1.78
52.655,0,Ring,6.53,-0.69,-1.78
52.668,0,Ring,6.53,-0.69,-1.78
52.710,0,Ring,6.53,-0.69,-1.78
52.750,0,Ring,6.53,-0.69,-1.78
52.769,0,Ring,6.53,-0.69,-1.78
52.827,0,Ring,6.53,-0.69,-1.78
52.847,0,Ring,6.53,-0.69,-1.78
52.872,0,Ring,6.53,-0.69,-1.78
52.905,0,Ring,6.53,-0.69,-1.78
52.964,0,Ring,6.53,-0.69,-1.78
52.985,0,Ring,6.53,-0.69,-1.78
53.010,0,Ring,6.53,-0.69,-1.78
53.041,0,Ring,6.53,-0.69,-1.78
53.103,0,Ring,6.53,-0.69,-1.78
53.103,0,Ring,6.53,-0.69,-1.78
53.150,0,Ring,6.53,-0.69,-1.78
53.181,0,Ring,6.53,-0.69,-1.78
53.206,0,Ring,6.53,-0.69,-1.78
53.237,0,Ring,6.53,-0.69,-1.78
53.295,0,Ring,6.53,-0.69,-1.78
53.317,0,Ring,6.53,-0.69,-1.78
53.350,0,Ring,6.53,-0.69,-1.78
53.373,0,Ring,6.53,-0.69,-1.78
53.408,0,Ring,6.53,-0.69,-1.78
53.463,0,Ring,6.53,-0.69,-1.78
53.485,0,Ring,6.53,-0.69,-1.78
53.520,0,Ring,6.53,-0.69,-1.78
53.539,0,Ring,6.53,-0.69,-1.78
53.577,0,Ring,6.53,-0.69,-1.78
53.624,0,Ring,6.53,-0.69,-1.78
53.654,0,Ring,6.53,-0.69,-1.78
53.679,0,Ring,6.53,-0.69,-1.78
53.711,0,Ring,6.53,-0.69,-1.78
53.736,0,Ring,6.53,-0.69,-1.78
53.767,0,Ring,6.53,-0.69,-1.78
53.805,0,Ring,6.53,-0.69,-1.78
53.851,0,Ring,6.53,-0.69,-1.78
53.883,0,Ring,6.53,-0.69,-1.78
53.905,0,Ring,6.53,-0.69,-1.78
53.940,0,Ring,6.53,-0.69,-1.78
53.979,0,Ring,6.53,-0.69,-1.78
54.018,0,Ring,6.53,-0.69,-1.78
54.037,0,Ring,6.53,-0.69,-1.78
54.076,0,Ring,6.53,-0.69,-1.78
54.102,0,Ring,6.53,-0.69,-1.78
54.143,0,Ring,6.53,-0.69,-1.78
54.178,0,Ring,6.53,-0.69,-1.78
54.217,0,Ring,6.53,-0.69,-1.78
54.241,0,Ring,6.53,-0.69,-1.78
54.273,0,Ring,6.53,-0.69,-1.78
54.313,0,Ring,6.53,-0.69,-1.78
54.354,0,Ring,6.53,-0.69,-1.78
54.369,0,Ring,6.53,-0.69,-1.78
54.409,0,Ring,6.53,-0.69,-1.78
54.440,0,Ring,6.53,-0.69,-1.78
54.474,0,Ring,6.53,-0.69,-1.78
54.530,0,Ring,6.53,-0.69,-1.78
54.552,0,Ring,6.53,-0.69,-1.78
54.580,0,Ring,6.53,-0.69,-1.78
54.615,0,Ring,6.53,-0.69,-1.78
54.635,0,Ring,6.53,-0.69,-1.78
54.698,0,Ring,6.53,-0.69,-1.78
54.721,0,Ring,6.53,-0.69,-1.78
54.759,0,Ring,6.53,-0.69,-1.78
54.798,0,Ring,6.53,-0.69,-1.78
54.818,0,Ring,6.53,-0.69,-1.78
54.844,0,Ring,6.53,-0.69,-1.78
54.880,0,Ring,6.53,-0.69,-1.78
54.901,0,Ring,6.53,-0.69,-1.78
55.008,0,Ring,6.53,-0.69,-1.78
55.008,0,Ring,6.53,-0.69,-1.78
55.008,0,Ring,6.53,-0.69,-1.78
55.058,0,Ring,6.53,-0.69,-1.78
55.077,0,Ring,6.53,-0.69,-1.78
55.120,0,Ring,6.53,-0.69,-1.78
55.136,0,Ring,6.53,-0.69,-1.78
55.176,0,Ring,6.53,-0.69,-1.78
55.226,0,Ring,6.53,-0.69,-1.78
55.245,0,Ring,6.53,-0.69,-1.78
55.287,0,Ring,6.53,-0.69,-1.78
55.304,0,Ring,6.53,-0.69,-1.78
55.344,0,Ring,6.53,-0.69,-1.78
55.385,0,Ring,6.53,-0.69,-1.78
55.417,0,Ring1,6.53,-0.70,-1.78
55.441,0,Ring1,6.53,-0.70,-1.78
55.475,0,Ring,6.53,-0.69,-1.78
55.514,0,Ring,6.53,-0.69,-1.78
55.538,0,Ring,6.53,-0.69,-1.78
55.590,0,Ring,6.53,-0.69,-1.78
55.608,0,Ring,6.53,-0.69,-1.78
55.635,0,Ring,6.53,-0.69,-1.78
55.668,0,Ring,6.53,-0.69,-1.78
55.708,0,Ring,6.53,-0.69,-1.78
55.746,0,Ring,6.53,-0.69,-1.78
55.787,0,Ring,6.53,-0.69,-1.78
55.804,0,Ring,6.53,-0.69,-1.78
55.844,0,Ring,6.53,-0.69,-1.78
55.885,0,Ring,6.53,-0.69,-1.78
55.902,0,Ring,6.53,-0.69,-1.78
55.940,0,Ring,6.53,-0.69,-1.78
55.982,0,Ring1,6.53,-0.70,-1.78
56.013,0,Ring1,6.53,-0.69,-1.78
56.037,0,Ring1,6.53,-0.69,-1.78
56.071,0,Ring,6.53,-0.69,-1.78
56.108,0,Ring,6.53,-0.69,-1.78
56.148,0,Ring,6.53,-0.69,-1.78
56.183,0,Ring,6.53,-0.69,-1.78
56.204,0,Ring,6.53,-0.69,-1.78
56.246,0,Ring,6.53,-0.69,-1.78
56.279,0,Ring,6.53,-0.69,-1.78
56.302,0,Ring,6.53,-0.69,-1.78
56.335,0,Ring,6.53,-0.69,-1.78
56.373,0,Ring,6.53,-0.69,-1.78
56.400,0,Ring,6.53,-0.69,-1.78
56.450,0,Ring,6.53,-0.69,-1.78
56.468,0,Ring1,6.53,-0.69,-1.78
56.510,0,Ring1,6.53,-0.69,-1.78
56.544,0,Ring1,6.53,-0.69,-1.78
56.582,0,Ring,6.53,-0.69,-1.78
56.601,0,Ring,6.53,-0.69,-1.78
56.638,0,Ring,6.53,-0.69,-1.78
56.678,0,Ring,6.53,-0.69,-1.78
56.717,0,Ring,6.53,-0.69,-1.78
56.735,0,Ring,6.53,-0.69,-1.78
56.775,0,Ring,6.53,-0.69,-1.78
56.816,0,Ring,6.53,-0.69,-1.78
56.834,0,Ring,6.54,-0.69,-1.78
56.872,0,Ring,6.54,-0.69,-1.77
56.914,0,Ring,6.54,-0.69,-1.77
56.949,0,Wall_3mx20cm_Wood_Panels (2),4.30,0.47,-0.31
56.969,0,Wall_3mx20cm_Wood_Panels (2),4.32,0.46,-0.31
57.011,0,Wall_3mx20cm_Wood_Panels (2),4.34,0.46,-0.31
57.044,0,Pinky,6.55,-0.69,-1.77
57.066,0,Pinky,6.55,-0.69,-1.77
57.102,0,Pinky,6.55,-0.69,-1.77
57.140,0,Pinky,6.56,-0.69,-1.77
57.178,0,Pinky,6.56,-0.69,-1.77
57.220,0,Pinky,6.56,-0.69,-1.77
57.236,0,Pinky,6.56,-0.68,-1.76
57.276,0,Pinky,6.56,-0.68,-1.76
57.310,0,Pinky1,6.56,-0.68,-1.76
57.333,0,Wall_3mx20cm_Wood_Panels (3),4.61,0.49,-0.31
57.368,0,Wall_3mx20cm_Wood_Panels (3),4.64,0.47,-0.31
57.405,0,Wall_3mx20cm_Wood_Panels (3),4.65,0.45,-0.31
57.444,0,Wall_3mx20cm_Wood_Panels (3),4.66,0.46,-0.31
57.484,0,Wall_3mx20cm_Wood_Panels (3),4.68,0.43,-0.31
57.500,0,Wall_3mx20cm_Wood_Panels (3),4.69,0.41,-0.31
57.541,0,Wall_3mx20cm_Wood_Panels (3),4.69,0.39,-0.31
57.583,0,Wall_3mx20cm_Wood_Panels (3),4.71,0.38,-0.31
57.618,0,Wall_3mx20cm_Wood_Panels (3),4.72,0.38,-0.31
57.639,0,Wall_3mx20cm_Wood_Panels (3),4.72,0.38,-0.31
57.681,0,Wall_3mx20cm_Wood_Panels (3),4.73,0.39,-0.31
57.714,0,Wall_3mx20cm_Wood_Panels (3),4.73,0.40,-0.31
57.736,0,Wall_3mx20cm_Wood_Panels (3),4.73,0.41,-0.31
57.772,0,Wall_3mx20cm_Wood_Panels (3),4.73,0.42,-0.31
57.811,0,Wall_3mx20cm_Wood_Panels (3),4.73,0.44,-0.31
57.833,0,Wall_3mx20cm_Wood_Panels (3),4.73,0.44,-0.31
57.869,0,Wall_3mx20cm_Wood_Panels (3),4.73,0.45,-0.31
57.907,0,Wall_3mx20cm_Wood_Panels (3),4.73,0.46,-0.31
57.945,0,Wall_3mx20cm_Wood_Panels (3),4.72,0.48,-0.31
57.988,0,Wall_3mx20cm_Wood_Panels (3),4.73,0.48,-0.31
58.001,0,Wall_3mx20cm_Wood_Panels (3),4.74,0.48,-0.31
58.043,0,Wall_3mx20cm_Wood_Panels (3),4.74,0.49,-0.31
58.077,0,Wall_3mx20cm_Wood_Panels (3),4.77,0.51,-0.31
58.115,0,Wall_3mx20cm_Wood_Panels (3),4.78,0.50,-0.31
58.133,0,Wall_3mx20cm_Wood_Panels (3),4.78,0.51,-0.31
58.171,0,Wall_3mx20cm_Wood_Panels (3),4.79,0.51,-0.31
58.210,0,Wall_3mx20cm_Wood_Panels (3),4.79,0.51,-0.31
58.251,0,Wall_3mx20cm_Wood_Panels (3),4.79,0.50,-0.31
58.267,0,Wall_3mx20cm_Wood_Panels (3),4.80,0.50,-0.31
58.307,0,Wall_3mx20cm_Wood_Panels (3),4.80,0.49,-0.31
58.343,0,Wall_3mx20cm_Wood_Panels (3),4.80,0.48,-0.31
58.381,0,Wall_3mx20cm_Wood_Panels (3),4.80,0.46,-0.31
58.405,0,Wall_3mx20cm_Wood_Panels (3),4.81,0.46,-0.31
58.439,0,Wall_3mx20cm_Wood_Panels (3),4.81,0.45,-0.31
58.478,0,Wall_3mx20cm_Wood_Panels (3),4.81,0.45,-0.31
58.504,0,Wall_3mx20cm_Wood_Panels (3),4.82,0.46,-0.31
58.537,0,Wall_3mx20cm_Wood_Panels (3),4.82,0.46,-0.31
58.574,0,Wall_3mx20cm_Wood_Panels (3),4.82,0.47,-0.31
58.614,0,Wall_3mx20cm_Wood_Panels (3),4.81,0.46,-0.31
58.655,0,Wall_3mx20cm_Wood_Panels (3),4.81,0.47,-0.31
58.671,0,Wall_3mx20cm_Wood_Panels (3),4.80,0.47,-0.31
58.711,0,Wall_3mx20cm_Wood_Panels (3),4.80,0.46,-0.31
58.737,0,Wall_3mx20cm_Wood_Panels (3),4.80,0.47,-0.31
58.769,0,Wall_3mx20cm_Wood_Panels (3),4.80,0.47,-0.31
58.808,0,Wall_3mx20cm_Wood_Panels (3),4.80,0.47,-0.31
58.849,0,Wall_3mx20cm_Wood_Panels (3),4.80,0.47,-0.31
58.885,0,Wall_3mx20cm_Wood_Panels (3),4.80,0.47,-0.31
58.906,0,Wall_3mx20cm_Wood_Panels (3),4.80,0.48,-0.31
58.947,0,Wall_3mx20cm_Wood_Panels (3),4.81,0.50,-0.31
58.990,0,Wall_3mx20cm_Wood_Panels (3),4.81,0.49,-0.31
59.005,0,Wall_3mx20cm_Wood_Panels (3),4.81,0.49,-0.31
59.044,0,Wall_3mx20cm_Wood_Panels (3),4.82,0.50,-0.31
59.086,0,Wall_3mx20cm_Wood_Panels (3),4.82,0.50,-0.31
59.100,0,Wall_3mx20cm_Wood_Panels (3),4.82,0.50,-0.31
59.144,0,Wall_3mx20cm_Wood_Panels (3),4.82,0.49,-0.31
59.177,0,Wall_3mx20cm_Wood_Panels (3),4.81,0.49,-0.31
59.215,0,Wall_3mx20cm_Wood_Panels (3),4.81,0.49,-0.31
59.240,0,Wall_3mx20cm_Wood_Panels (3),4.81,0.49,-0.31
59.273,0,Wall_3mx20cm_Wood_Panels (3),4.81,0.49,-0.31
59.311,0,Wall_3mx20cm_Wood_Panels (3),4.81,0.48,-0.31
59.353,0,Wall_3mx20cm_Wood_Panels (3),4.81,0.49,-0.31
59.378,0,Wall_3mx20cm_Wood_Panels (3),4.81,0.49,-0.31
59.408,0,Wall_3mx20cm_Wood_Panels (3),4.81,0.48,-0.31
59.448,0,Wall_3mx20cm_Wood_Panels (3),4.82,0.48,-0.31
59.467,0,Wall_3mx20cm_Wood_Panels (3),4.82,0.49,-0.31
59.505,0,Wall_3mx20cm_Wood_Panels (3),4.83,0.48,-0.31
59.545,0,Wall_3mx20cm_Wood_Panels (3),4.83,0.48,-0.31
59.587,0,Wall_3mx20cm_Wood_Panels (3),4.83,0.47,-0.31
59.601,0,Wall_3mx20cm_Wood_Panels (3),4.83,0.47,-0.31
59.642,0,Wall_3mx20cm_Wood_Panels (3),4.83,0.47,-0.31
59.685,0,Wall_3mx20cm_Wood_Panels (3),4.84,0.47,-0.31
59.700,0,Wall_3mx20cm_Wood_Panels (3),4.84,0.47,-0.31
59.740,0,Wall_3mx20cm_Wood_Panels (3),4.85,0.46,-0.31
59.783,0,Wall_3mx20cm_Wood_Panels (3),4.86,0.47,-0.31
59.816,0,Wall_3mx20cm_Wood_Panels (3),4.86,0.46,-0.31
59.836,0,Wall_3mx20cm_Wood_Panels (3),4.85,0.46,-0.31
59.873,0,Wall_3mx20cm_Wood_Panels (3),4.85,0.46,-0.31
59.918,0,Wall_3mx20cm_Wood_Panels (3),4.85,0.46,-0.31
59.949,0,Wall_3mx20cm_Wood_Panels (3),4.85,0.46,-0.31
59.971,0,Wall_3mx20cm_Wood_Panels (3),4.86,0.46,-0.31
60.007,0,Wall_3mx20cm_Wood_Panels (3),4.86,0.46,-0.31
60.065,0,Wall_3mx20cm_Wood_Panels (3),4.87,0.46,-0.31
60.084,0,Wall_3mx20cm_Wood_Panels (3),4.87,0.47,-0.31
60.111,0,Wall_3mx20cm_Wood_Panels (3),4.88,0.47,-0.31
60.143,0,Wall_3mx20cm_Wood_Panels (3),4.87,0.47,-0.31
60.167,0,Wall_3mx20cm_Wood_Panels (3),4.88,0.47,-0.31
60.201,0,Wall_3mx20cm_Wood_Panels (3),4.88,0.47,-0.31
60.259,0,Wall_3mx20cm_Wood_Panels (3),4.88,0.47,-0.31
60.278,0,Wall_3mx20cm_Wood_Panels (3),4.88,0.48,-0.31
60.307,0,Wall_3mx20cm_Wood_Panels (3),4.88,0.48,-0.31
60.336,0,Wall_3mx20cm_Wood_Panels (3),4.88,0.48,-0.31
60.393,0,Wall_3mx20cm_Wood_Panels (3),4.88,0.46,-0.31
60.418,0,Wall_3mx20cm_Wood_Panels (3),4.88,0.46,-0.31
60.450,0,Wall_3mx20cm_Wood_Panels (3),4.88,0.42,-0.31
60.474,0,Wall_3mx20cm_Wood_Panels (3),4.88,0.45,-0.31
60.509,0,Wall_3mx20cm_Wood_Panels (3),4.87,0.46,-0.31
60.567,0,Wall_3mx20cm_Wood_Panels (3),4.87,0.45,-0.31
60.567,0,Wall_3mx20cm_Wood_Panels (3),4.87,0.45,-0.31
60.614,0,Wall_3mx20cm_Wood_Panels (3),4.87,0.43,-0.31
60.643,0,Wall_3mx20cm_Wood_Panels (3),4.88,0.42,-0.31
60.670,0,Wall_3mx20cm_Wood_Panels (3),4.88,0.42,-0.31
60.703,0,Wall_3mx20cm_Wood_Panels (3),4.88,0.43,-0.31
60.761,0,Wall_3mx20cm_Wood_Panels (3),4.90,0.44,-0.31
60.780,0,Wall_3mx20cm_Wood_Panels (3),4.90,0.44,-0.31
60.817,0,Wall_3mx20cm_Wood_Panels (3),4.91,0.42,-0.31
60.836,0,Wall_3mx20cm_Wood_Panels (3),4.91,0.42,-0.31
60.882,0,Wall_3mx20cm_Wood_Panels (3),4.93,0.42,-0.31
60.914,0,Wall_3mx20cm_Wood_Panels (3),4.95,0.42,-0.31
60.937,0,Wall_3mx20cm_Wood_Panels (3),4.95,0.42,-0.31
60.970,0,Wall_3mx20cm_Wood_Panels (3),4.96,0.41,-0.31
61.008,0,Wall_3mx20cm_Wood_Panels (3),4.97,0.41,-0.31
61.051,0,Wall_3mx20cm_Wood_Panels (3),4.97,0.41,-0.31
61.066,0,Wall_3mx20cm_Wood_Panels (3),4.97,0.41,-0.31
61.106,0,Wall_3mx20cm_Wood_Panels (3),4.97,0.41,-0.31
61.148,0,Wall_3mx20cm_Wood_Panels (3),4.97,0.43,-0.31
61.184,0,Wall_3mx20cm_Wood_Panels (3),4.97,0.44,-0.31
61.204,0,Wall_3mx20cm_Wood_Panels (3),4.97,0.44,-0.31
61.246,0,Wall_3mx20cm_Wood_Panels (3),4.96,0.45,-0.31
61.280,0,Wall_3mx20cm_Wood_Panels (3),4.96,0.46,-0.31
61.303,0,Wall_3mx20cm_Wood_Panels (3),4.96,0.46,-0.31
61.335,0,Wall_3mx20cm_Wood_Panels (3),4.96,0.47,-0.31
61.373,0,Wall_3mx20cm_Wood_Panels (3),4.96,0.47,-0.31
61.415,0,Wall_3mx20cm_Wood_Panels (3),4.96,0.46,-0.31
61.448,0,Wall_3mx20cm_Wood_Panels (3),4.97,0.46,-0.31
61.469,0,Wall_3mx20cm_Wood_Panels (3),4.97,0.46,-0.31
61.505,0,Wall_3mx20cm_Wood_Panels (3),4.98,0.47,-0.31
61.542,0,Wall_3mx20cm_Wood_Panels (3),4.99,0.47,-0.31
61.566,0,Wall_3mx20cm_Wood_Panels (3),4.99,0.47,-0.31
61.601,0,Wall_3mx20cm_Wood_Panels (3),4.99,0.47,-0.31
61.638,0,Wall_3mx20cm_Wood_Panels (3),4.99,0.47,-0.31
61.677,0,Wall_3mx20cm_Wood_Panels (3),4.98,0.47,-0.31
61.719,0,Wall_3mx20cm_Wood_Panels (3),4.98,0.48,-0.31
61.736,0,Wall_3mx20cm_Wood_Panels (3),4.97,0.48,-0.31
61.776,0,Wall_3mx20cm_Wood_Panels (3),4.97,0.47,-0.31
61.815,0,Wall_3mx20cm_Wood_Panels (3),4.97,0.47,-0.31
61.858,0,Wall_3mx20cm_Wood_Panels (3),4.98,0.46,-0.31
61.872,0,Wall_3mx20cm_Wood_Panels (3),4.98,0.45,-0.31
61.912,0,Wall_3mx20cm_Wood_Panels (3),4.99,0.45,-0.31
61.945,0,Wall_3mx20cm_Wood_Panels (3),4.99,0.45,-0.31
61.968,0,Wall_3mx20cm_Wood_Panels (3),4.99,0.46,-0.31
62.002,0,Wall_3mx20cm_Wood_Panels (3),5.00,0.46,-0.31
62.041,0,Wall_3mx20cm_Wood_Panels (3),5.00,0.45,-0.31
62.079,0,Wall_3mx20cm_Wood_Panels (3),5.00,0.45,-0.31
62.121,0,Wall_3mx20cm_Wood_Panels (3),5.00,0.46,-0.31
62.137,0,Wall_3mx20cm_Wood_Panels (3),4.99,0.45,-0.31
62.177,0,Wall_3mx20cm_Wood_Panels (3),4.99,0.45,-0.31
62.211,0,Wall_3mx20cm_Wood_Panels (3),4.98,0.43,-0.31
62.233,0,Wall_3mx20cm_Wood_Panels (3),4.98,0.42,-0.31
62.268,0,Wall_3mx20cm_Wood_Panels (3),4.97,0.40,-0.31
62.308,0,Wall_3mx20cm_Wood_Panels (3),4.97,0.43,-0.31
62.346,0,Wall_3mx20cm_Wood_Panels (3),4.96,0.44,-0.31
62.387,0,Wall_3mx20cm_Wood_Panels (3),4.96,0.44,-0.31
62.404,0,Wall_3mx20cm_Wood_Panels (3),4.95,0.42,-0.31
62.442,0,Wall_3mx20cm_Wood_Panels (3),4.95,0.42,-0.31
62.483,0,Wall_3mx20cm_Wood_Panels (3),4.96,0.42,-0.31
62.518,0,Wall_3mx20cm_Wood_Panels (3),4.96,0.42,-0.31
62.539,0,Wall_3mx20cm_Wood_Panels (3),4.96,0.42,-0.31
62.575,0,Wall_3mx20cm_Wood_Panels (3),4.97,0.42,-0.31
62.611,0,Wall_3mx20cm_Wood_Panels (3),4.97,0.41,-0.31
62.636,0,Wall_3mx20cm_Wood_Panels (3),4.97,0.41,-0.31
62.671,0,Wall_3mx20cm_Wood_Panels (3),4.97,0.42,-0.31
62.710,0,Wall_3mx20cm_Wood_Panels (3),4.97,0.42,-0.31
62.734,0,Wall_3mx20cm_Wood_Panels (3),4.97,0.42,-0.31
62.769,0,Wall_3mx20cm_Wood_Panels (3),4.96,0.42,-0.31
62.806,0,Wall_3mx20cm_Wood_Panels (3),4.96,0.41,-0.31
62.845,0,Wall_3mx20cm_Wood_Panels (3),4.96,0.41,-0.31
62.887,0,Wall_3mx20cm_Wood_Panels (3),4.97,0.40,-0.31
62.901,0,Wall_3mx20cm_Wood_Panels (3),4.97,0.39,-0.31
62.942,0,Wall_3mx20cm_Wood_Panels (3),4.97,0.40,-0.31
62.979,0,Wall_3mx20cm_Wood_Panels (3),4.97,0.40,-0.31
63.017,0,Wall_3mx20cm_Wood_Panels (3),4.97,0.40,-0.31
63.039,0,Wall_3mx20cm_Wood_Panels (3),4.97,0.40,-0.31
63.074,0,Wall_3mx20cm_Wood_Panels (3),4.97,0.41,-0.31
63.113,0,Wall_3mx20cm_Wood_Panels (3),4.96,0.42,-0.31
63.152,0,Wall_3mx20cm_Wood_Panels (3),4.96,0.42,-0.31
63.170,0,Wall_3mx20cm_Wood_Panels (3),4.96,0.42,-0.31
63.209,0,Wall_3mx20cm_Wood_Panels (3),4.96,0.42,-0.31
63.248,0,Wall_3mx20cm_Wood_Panels (3),4.97,0.41,-0.31
63.290,0,Wall_3mx20cm_Wood_Panels (3),4.97,0.41,-0.31
63.305,0,Wall_3mx20cm_Wood_Panels (3),4.97,0.41,-0.31
63.347,0,Wall_3mx20cm_Wood_Panels (3),4.98,0.40,-0.31
63.382,0,Wall_3mx20cm_Wood_Panels (3),4.99,0.39,-0.31
63.404,0,Wall_3mx20cm_Wood_Panels (3),4.99,0.39,-0.31
63.445,0,Wall_3mx20cm_Wood_Panels (3),5.00,0.39,-0.31
63.479,0,Wall_3mx20cm_Wood_Panels (3),5.01,0.38,-0.31
63.516,0,Wall_3mx20cm_Wood_Panels (3),5.03,0.40,-0.31
63.536,0,Wall_3mx20cm_Wood_Panels (3),5.03,0.40,-0.31
63.573,0,Wall_3mx20cm_Wood_Panels (3),5.04,0.41,-0.31
63.613,0,Wall_3mx20cm_Wood_Panels (3),5.05,0.43,-0.31
63.653,0,Wall_3mx20cm_Wood_Panels (3),5.05,0.43,-0.31
63.669,0,Wall_3mx20cm_Wood_Panels (3),5.05,0.44,-0.31
63.709,0,Wall_3mx20cm_Wood_Panels (3),5.05,0.45,-0.31
63.751,0,Wall_3mx20cm_Wood_Panels (3),5.05,0.43,-0.31
63.785,0,Wall_3mx20cm_Wood_Panels (3),5.05,0.43,-0.31
63.806,0,Wall_3mx20cm_Wood_Panels (3),5.05,0.42,-0.31
63.849,0,Wall_3mx20cm_Wood_Panels (3),5.07,0.43,-0.31
63.882,0,Wall_3mx20cm_Wood_Panels (3),5.07,0.44,-0.31
63.903,0,Wall_3mx20cm_Wood_Panels (3),5.07,0.45,-0.31
63.946,0,Wall_3mx20cm_Wood_Panels (3),5.07,0.45,-0.31
63.980,0,Wall_3mx20cm_Wood_Panels (3),5.06,0.46,-0.31
64.002,0,Wall_3mx20cm_Wood_Panels (3),5.07,0.46,-0.31
64.044,0,Wall_3mx20cm_Wood_Panels (3),5.07,0.46,-0.31
64.076,0,Wall_3mx20cm_Wood_Panels (3),5.07,0.46,-0.31
64.115,0,Wall_3mx20cm_Wood_Panels (3),5.07,0.46,-0.31
64.140,0,Wall_3mx20cm_Wood_Panels (3),5.07,0.46,-0.31
64.172,0,Wall_3mx20cm_Wood_Panels (3),5.07,0.46,-0.31
64.210,0,Wall_3mx20cm_Wood_Panels (3),5.07,0.45,-0.31
64.255,0,Wall_3mx20cm_Wood_Panels (3),5.08,0.45,-0.31
64.268,0,Wall_3mx20cm_Wood_Panels (3),5.08,0.44,-0.31
64.308,0,Wall_3mx20cm_Wood_Panels (3),5.08,0.44,-0.31
64.350,0,Wall_3mx20cm_Wood_Panels (3),5.09,0.44,-0.31
64.383,0,Wall_3mx20cm_Wood_Panels (3),5.09,0.44,-0.31
64.406,0,Wall_3mx20cm_Wood_Panels (3),5.08,0.44,-0.31
64.440,0,Wall_3mx20cm_Wood_Panels (3),5.08,0.45,-0.31
64.478,0,Wall_3mx20cm_Wood_Panels (3),5.07,0.45,-0.31
64.518,0,Wall_3mx20cm_Wood_Panels (3),5.07,0.46,-0.31
64.537,0,Wall_3mx20cm_Wood_Panels (3),5.07,0.46,-0.31
64.574,0,Wall_3mx20cm_Wood_Panels (3),5.07,0.46,-0.31
64.615,0,Wall_3mx20cm_Wood_Panels (3),5.07,0.46,-0.31
64.650,0,Wall_3mx20cm_Wood_Panels (3),5.08,0.46,-0.31
64.672,0,Wall_3mx20cm_Wood_Panels (3),5.08,0.46,-0.31
64.712,0,Wall_3mx20cm_Wood_Panels (3),5.08,0.46,-0.31
64.747,0,Wall_3mx20cm_Wood_Panels (3),5.08,0.47,-0.31
64.766,0,Wall_3mx20cm_Wood_Panels (3),5.08,0.47,-0.31
64.808,0,Wall_3mx20cm_Wood_Panels (3),5.08,0.47,-0.31
64.844,0,Wall_3mx20cm_Wood_Panels (3),5.07,0.48,-0.31
64.882,0,Wall_3mx20cm_Wood_Panels (3),5.07,0.47,-0.31
64.906,0,Wall_3mx20cm_Wood_Panels (3),5.07,0.47,-0.31
64.948,0,Wall_3mx20cm_Wood_Panels (3),5.06,0.46,-0.31
64.981,0,Wall_3mx20cm_Wood_Panels (3),5.06,0.46,-0.31
65.003,0,Wall_3mx20cm_Wood_Panels (3),5.06,0.45,-0.31
65.047,0,Wall_3mx20cm_Wood_Panels (3),5.06,0.46,-0.31
65.087,0,Wall_3mx20cm_Wood_Panels (3),5.06,0.46,-0.31
65.104,0,Wall_3mx20cm_Wood_Panels (3),5.06,0.46,-0.31
65.135,0,Wall_3mx20cm_Wood_Panels (3),5.07,0.47,-0.31
65.171,0,Wall_3mx20cm_Wood_Panels (3),5.07,0.48,-0.31
65.213,0,Wall_3mx20cm_Wood_Panels (3),5.07,0.48,-0.31
65.254,0,Wall_3mx20cm_Wood_Panels (3),5.07,0.48,-0.31
65.268,0,Wall_3mx20cm_Wood_Panels (3),5.06,0.48,-0.31
65.310,0,Wall_3mx20cm_Wood_Panels (3),5.06,0.48,-0.31
65.351,0,Wall_3mx20cm_Wood_Panels (3),5.06,0.49,-0.31
65.384,0,Wall_3mx20cm_Wood_Panels (3),5.06,0.49,-0.31
65.407,0,Wall_3mx20cm_Wood_Panels (3),5.07,0.51,-0.31
65.442,0,Wall_3mx20cm_Wood_Panels (3),5.09,0.50,-0.31
65.479,0,Wall_3mx20cm_Wood_Panels (3),5.10,0.49,-0.31
65.519,0,Wall_3mx20cm_Wood_Panels (3),5.09,0.46,-0.31
65.537,0,Wall_3mx20cm_Wood_Panels (3),5.08,0.44,-0.31
65.575,0,Wall_3mx20cm_Wood_Panels (3),5.08,0.45,-0.31
65.615,0,Wall_3mx20cm_Wood_Panels (3),5.08,0.46,-0.31
65.634,0,Wall_3mx20cm_Wood_Panels (3),5.08,0.45,-0.31
65.673,0,Wall_3mx20cm_Wood_Panels (3),5.08,0.45,-0.31
65.713,0,Wall_3mx20cm_Wood_Panels (3),5.08,0.45,-0.31
65.756,0,Wall_3mx20cm_Wood_Panels (3),5.09,0.46,-0.31
65.769,0,Wall_3mx20cm_Wood_Panels (3),5.09,0.46,-0.31
65.812,0,Wall_3mx20cm_Wood_Panels (3),5.09,0.46,-0.31
65.854,0,Wall_3mx20cm_Wood_Panels (3),5.08,0.48,-0.31
65.868,0,Wall_3mx20cm_Wood_Panels (3),5.08,0.49,-0.31
65.907,0,Wall_3mx20cm_Wood_Panels (3),5.08,0.50,-0.31
65.951,0,Wall_3mx20cm_Wood_Panels (3),5.08,0.50,-0.31
65.982,0,Wall_3mx20cm_Wood_Panels (3),5.08,0.50,-0.31
66.005,0,Wall_3mx20cm_Wood_Panels (3),5.08,0.49,-0.31
66.040,0,Wall_3mx20cm_Wood_Panels (3),5.08,0.49,-0.31
66.077,0,Wall_3mx20cm_Wood_Panels (3),5.08,0.51,-0.31
66.134,0,Wall_3mx20cm_Wood_Panels (3),5.08,0.53,-0.31
66.134,0,Wall_3mx20cm_Wood_Panels (3),5.08,0.53,-0.31
66.192,0,Wall_3mx20cm_Wood_Panels (3),5.07,0.53,-0.31
66.211,0,Wall_3mx20cm_Wood_Panels (3),5.07,0.53,-0.31
66.236,0,Wall_3mx20cm_Wood_Panels (3),5.07,0.52,-0.31
66.271,0,Wall_3mx20cm_Wood_Panels (3),5.07,0.51,-0.31
66.320,0,Wall_3mx20cm_Wood_Panels (3),5.06,0.51,-0.31
66.349,0,Wall_3mx20cm_Wood_Panels (3),5.05,0.51,-0.31
66.377,0,Wall_3mx20cm_Wood_Panels (3),5.05,0.51,-0.31
66.406,0,Wall_3mx20cm_Wood_Panels (3),5.04,0.53,-0.31
66.464,0,Wall_3mx20cm_Wood_Panels (3),5.03,0.58,-0.31
66.488,0,Wall_3mx20cm_Wood_Panels (3),5.02,0.60,-0.31
66.521,0,Wall_3mx20cm_Wood_Panels (3),5.02,0.60,-0.31
66.543,0,Wall_3mx20cm_Wood_Panels (3),5.02,0.61,-0.31
66.577,0,Wall_3mx20cm_Wood_Panels (3),5.03,0.65,-0.31
66.600,0,Wall_3mx20cm_Wood_Panels (3),5.04,0.65,-0.31
66.633,0,Wall_3mx20cm_Wood_Panels (3),5.03,0.62,-0.31
66.691,0,Wall_3mx20cm_Wood_Panels (3),5.01,0.62,-0.31
66.710,0,Wall_3mx20cm_Wood_Panels (3),5.00,0.61,-0.31
66.739,0,Wall_3mx20cm_Wood_Panels (3),4.99,0.60,-0.31
66.771,0,Wall_3mx20cm_Wood_Panels (3),4.99,0.59,-0.31
66.828,0,Wall_3mx20cm_Wood_Panels (3),4.98,0.58,-0.31
66.850,0,Wall_3mx20cm_Wood_Panels (3),4.98,0.58,-0.31
66.886,0,Wall_3mx20cm_Wood_Panels (3),4.99,0.57,-0.31
66.906,0,Wall_3mx20cm_Wood_Panels (3),5.00,0.57,-0.31
66.942,0,Wall_3mx20cm_Wood_Panels (3),5.01,0.56,-0.31
66.998,0,Wall_3mx20cm_Wood_Panels (3),5.02,0.55,-0.31
67.019,0,Wall_3mx20cm_Wood_Panels (3),5.02,0.55,-0.31
67.057,0,Wall_3mx20cm_Wood_Panels (3),5.02,0.54,-0.31
67.075,0,Wall_3mx20cm_Wood_Panels (3),5.01,0.51,-0.31
67.102,0,Wall_3mx20cm_Wood_Panels (3),5.00,0.50,-0.31
67.134,0,Wall_3mx20cm_Wood_Panels (3),5.00,0.45,-0.31
67.196,0,Wall_3mx20cm_Wood_Panels (3),5.02,0.44,-0.31
67.216,0,Wall_3mx20cm_Wood_Panels (3),5.04,0.43,-0.31
67.244,0,Wall_3mx20cm_Wood_Panels (3),5.05,0.43,-0.31
67.273,0,Wall_3mx20cm_Wood_Panels (3),5.06,0.44,-0.31
67.329,0,Wall_3mx20cm_Wood_Panels (3),5.05,0.40,-0.31
67.353,0,Wall_3mx20cm_Wood_Panels (3),5.05,0.40,-0.31
67.388,0,Wall_3mx20cm_Wood_Panels (3),5.04,0.41,-0.31
67.409,0,Wall_3mx20cm_Wood_Panels (3),5.03,0.42,-0.31
67.444,0,Wall_3mx20cm_Wood_Panels (3),5.03,0.43,-0.31
67.483,0,Wall_3mx20cm_Wood_Panels (3),5.03,0.45,-0.31
67.506,0,Wall_3mx20cm_Wood_Panels (3),5.04,0.46,-0.31
67.542,0,Wall_3mx20cm_Wood_Panels (3),5.05,0.45,-0.31
67.579,0,Wall_3mx20cm_Wood_Panels (3),5.07,0.46,-0.31
67.620,0,Wall_3mx20cm_Wood_Panels (3),5.07,0.47,-0.31
67.636,0,Wall_3mx20cm_Wood_Panels (3),5.08,0.47,-0.31
67.677,0,Wall_3mx20cm_Wood_Panels (3),5.08,0.49,-0.31
67.713,0,Wall_3mx20cm_Wood_Panels (3),5.08,0.50,-0.31
67.751,0,Wall_3mx20cm_Wood_Panels (3),5.07,0.50,-0.31
67.772,0,Wall_3mx20cm_Wood_Panels (3),5.07,0.49,-0.31
67.808,0,Wall_3mx20cm_Wood_Panels (3),5.06,0.50,-0.31
67.846,0,Wall_3mx20cm_Wood_Panels (3),5.05,0.50,-0.31
67.887,0,Wall_3mx20cm_Wood_Panels (3),5.04,0.50,-0.31
67.903,0,Wall_3mx20cm_Wood_Panels (3),5.04,0.49,-0.31
67.943,0,Wall_3mx20cm_Wood_Panels (3),5.04,0.49,-0.31
67.983,0,Wall_3mx20cm_Wood_Panels (3),5.04,0.47,-0.31
68.003,0,Wall_3mx20cm_Wood_Panels (3),5.04,0.45,-0.31
68.042,0,Wall_3mx20cm_Wood_Panels (3),5.04,0.47,-0.31
68.066,0,Wall_3mx20cm_Wood_Panels (3),5.05,0.46,-0.31
68.107,0,Wall_3mx20cm_Wood_Panels (3),5.05,0.46,-0.31
68.138,0,Wall_3mx20cm_Wood_Panels (3),5.04,0.47,-0.31
68.178,0,Wall_3mx20cm_Wood_Panels (3),5.03,0.49,-0.31
68.220,0,Wall_3mx20cm_Wood_Panels (3),5.02,0.50,-0.31
68.235,0,Wall_3mx20cm_Wood_Panels (3),5.02,0.50,-0.31
68.274,0,Wall_3mx20cm_Wood_Panels (3),5.01,0.52,-0.31
68.316,0,Wall_3mx20cm_Wood_Panels (3),5.01,0.52,-0.31
68.350,0,Wall_3mx20cm_Wood_Panels (3),5.00,0.51,-0.31
68.374,0,Wall_3mx20cm_Wood_Panels (3),5.00,0.51,-0.31
68.414,0,Wall_3mx20cm_Wood_Panels (3),5.00,0.50,-0.31
68.447,0,Wall_3mx20cm_Wood_Panels (3),5.00,0.49,-0.31
68.470,0,Wall_3mx20cm_Wood_Panels (3),4.99,0.50,-0.31
68.514,0,Wall_3mx20cm_Wood_Panels (3),4.96,0.51,-0.31
68.549,0,Wall_3mx20cm_Wood_Panels (3),4.95,0.52,-0.31
68.568,0,Wall_3mx20cm_Wood_Panels (3),4.94,0.52,-0.31
68.608,0,Wall_3mx20cm_Wood_Panels (3),4.92,0.53,-0.31
68.644,0,Wall_3mx20cm_Wood_Panels (3),4.89,0.53,-0.31
68.681,0,Wall_3mx20cm_Wood_Panels (3),4.87,0.54,-0.31
68.706,0,Wall_3mx20cm_Wood_Panels (3),4.87,0.55,-0.31
68.741,0,Wall_3mx20cm_Wood_Panels (3),4.85,0.58,-0.31
68.781,0,Wall_3mx20cm_Wood_Panels (3),4.82,0.57,-0.31
68.804,0,Wall_3mx20cm_Wood_Panels (3),4.81,0.58,-0.31
68.839,0,Wall_3mx20cm_Wood_Panels (3),4.77,0.61,-0.31
68.877,0,Wall_3mx20cm_Wood_Panels (3),4.72,0.63,-0.31
68.902,0,Wall_3mx20cm_Wood_Panels (3),4.70,0.64,-0.31
68.935,0,Wall_3mx20cm_Wood_Panels (3),4.65,0.66,-0.31
68.975,0,Wall_3mx20cm_Wood_Panels (3),4.60,0.69,-0.31
69.015,0,Wall_3mx20cm_Wood_Panels (3),4.55,0.70,-0.31
69.033,0,Wall_3mx20cm_Wood_Panels (3),4.53,0.72,-0.31
69.071,0,Wall_3mx20cm_Wood_Panels (3),4.48,0.76,-0.31
69.113,0,Wall_3mx20cm_Wood_Panels (3),4.41,0.80,-0.31
69.137,0,Wall_3mx20cm_Wood_Panels (2),4.39,0.81,-0.31
69.168,0,Pinky,6.56,-0.68,-1.77
69.208,0,Collider,6.55,-0.67,-1.76
69.249,0,Collider,6.54,-0.67,-1.77
69.268,0,Collider,6.54,-0.67,-1.77
69.305,0,Pinky,6.55,-0.68,-1.78
69.346,0,Pinky,6.55,-0.68,-1.78
69.382,0,Collider,6.54,-0.67,-1.78
69.403,0,Collider,6.54,-0.67,-1.78
69.444,0,Collider,6.54,-0.67,-1.79
69.486,0,Collider,6.54,-0.67,-1.79
69.500,0,Collider,6.53,-0.67,-1.79
69.541,0,Collider,6.53,-0.67,-1.80
69.573,0,Collider,6.53,-0.67,-1.80
69.611,0,Collider,6.53,-0.67,-1.80
69.654,0,Collider,6.53,-0.67,-1.80
69.667,0,Collider,6.53,-0.67,-1.80
69.710,0,Collider,6.52,-0.67,-1.80
69.752,0,Collider,6.52,-0.67,-1.80
69.766,0,Collider,6.52,-0.67,-1.80
69.807,0,Collider,6.52,-0.67,-1.80
69.848,0,Collider,6.52,-0.67,-1.80
69.881,0,Collider,6.52,-0.67,-1.80
69.904,0,Collider,6.52,-0.67,-1.80
69.938,0,Collider,6.52,-0.67,-1.80
69.976,0,Collider,6.52,-0.67,-1.80
70.016,0,Collider,6.52,-0.67,-1.80
70.058,0,Collider,6.52,-0.67,-1.80
70.075,0,Collider,6.52,-0.67,-1.80
70.099,0,Collider,6.52,-0.67,-1.80
70.134,0,Collider,6.52,-0.67,-1.80
70.171,0,Collider,6.52,-0.67,-1.80
70.212,0,Collider,6.52,-0.67,-1.80
70.253,0,Collider,6.52,-0.67,-1.80
70.268,0,Collider,6.52,-0.67,-1.80
70.308,0,Collider,6.52,-0.67,-1.80
70.351,0,Collider,6.52,-0.67,-1.80
70.384,0,Collider,6.52,-0.67,-1.80
70.406,0,Collider,6.52,-0.67,-1.80
70.440,0,Collider,6.51,-0.67,-1.79
70.479,0,Middle,6.51,-0.68,-1.79
70.502,0,Middle,6.51,-0.68,-1.79
70.538,0,Middle,6.51,-0.69,-1.79
70.576,0,Middle,6.51,-0.69,-1.79
70.600,0,Middle,6.51,-0.69,-1.79
70.656,0,Middle,6.51,-0.70,-1.79
70.670,0,Middle,6.51,-0.70,-1.79
70.712,0,Middle,6.51,-0.71,-1.79
70.754,0,Middle,6.51,-0.71,-1.79
70.767,0,Middle1,6.51,-0.71,-1.79
70.810,0,Middle1,6.51,-0.72,-1.79
70.843,0,Middle1,6.51,-0.72,-1.79
70.881,0,Middle1,6.51,-0.72,-1.79
70.921,0,Index1,6.48,-0.72,-1.78
70.937,0,Index1,6.48,-0.72,-1.78
70.976,0,Index1,6.48,-0.72,-1.78
71.011,0,Index1,6.48,-0.72,-1.78
71.051,0,Middle1,6.51,-0.72,-1.79
71.075,0,Middle1,6.51,-0.72,-1.79
71.108,0,Middle1,6.51,-0.71,-1.79
71.146,0,Middle,6.51,-0.71,-1.79
71.185,0,Middle,6.51,-0.71,-1.79
71.203,0,Middle,6.51,-0.71,-1.79
71.241,0,Middle,6.51,-0.70,-1.79
71.282,0,Middle,6.51,-0.70,-1.79
71.318,0,Middle,6.50,-0.70,-1.79
71.337,0,Middle,6.50,-0.70,-1.79
71.380,0,Index,6.48,-0.69,-1.79
71.413,0,Index,6.48,-0.69,-1.79
71.435,0,Index,6.48,-0.69,-1.79
71.478,0,Index,6.48,-0.69,-1.79
71.520,0,Index,6.48,-0.69,-1.79
71.533,0,Index,6.48,-0.69,-1.79
71.573,0,Index,6.48,-0.69,-1.79
71.615,0,Index,6.48,-0.68,-1.79
71.648,0,Index,6.48,-0.68,-1.79
71.670,0,Index,6.48,-0.68,-1.79
71.707,0,Index,6.48,-0.68,-1.79
71.749,0,Index,6.48,-0.68,-1.79
71.783,0,Index,6.48,-0.68,-1.79
71.806,0,Index,6.48,-0.68,-1.79
71.842,0,Index,6.48,-0.68,-1.79
71.898,0,Index,6.49,-0.68,-1.79
71.919,0,Middle,6.50,-0.69,-1.79
71.954,0,Middle,6.50,-0.69,-1.79
71.973,0,Middle,6.51,-0.69,-1.79
72.001,0,Middle,6.51,-0.69,-1.79
72.035,0,Middle,6.51,-0.69,-1.79
72.092,0,Middle,6.51,-0.69,-1.79
72.112,0,Middle,6.51,-0.68,-1.79
72.148,0,Middle,6.51,-0.68,-1.79
72.168,0,Middle,6.51,-0.68,-1.79
72.205,0,Middle,6.51,-0.68,-1.79
72.252,0,Middle,6.50,-0.68,-1.79
72.282,0,Middle,6.50,-0.68,-1.79
72.308,0,Collider,6.49,-0.68,-1.79
72.343,0,Collider,6.49,-0.68,-1.79
72.400,0,Index,6.49,-0.68,-1.79
72.400,0,Index,6.49,-0.68,-1.79
72.459,0,Index,6.48,-0.68,-1.79
72.477,0,Index,6.48,-0.68,-1.79
72.504,0,Index,6.48,-0.68,-1.79
72.535,0,Index,6.48,-0.68,-1.79
72.593,0,Index,6.48,-0.69,-1.79
72.616,0,Index,6.48,-0.69,-1.79
72.650,0,Index,6.47,-0.69,-1.79
72.671,0,Wall_3mx20cm_Wood_Panels (2),2.22,0.29,-0.31
72.707,0,Wall_3mx20cm_Wood_Panels (2),2.07,0.13,-0.31
72.764,0,Wall_3mx20cm_Wood_Panels (2),1.79,-0.28,-0.31
72.785,0,Wall_3mx20cm_Wood_Panels (2),1.68,-0.53,-0.31
72.819,0,Wall_3mx20cm_Wood_Panels (2),1.55,-0.81,-0.31
72.840,0,Wall_3mx20cm_Wood_Panels (2),1.46,-1.10,-0.31
72.876,0,Wall_3mx20cm_Wood_Panels (2),1.50,-1.31,-0.31
72.933,0,Auto Hand Player,6.48,-0.75,-1.81
72.933,0,Auto Hand Player,6.48,-0.75,-1.81
72.978,0,Auto Hand Player,6.47,-0.75,-1.80
73.007,0,Auto Hand Player,6.47,-0.76,-1.80
73.034,0,Conference_table,5.07,-1.10,-1.35
73.089,0,Auto Hand Player,6.47,-0.77,-1.80
73.124,0,Auto Hand Player,6.47,-0.77,-1.80
73.145,0,Auto Hand Player,6.47,-0.77,-1.80
73.181,0,Auto Hand Player,6.47,-0.77,-1.80
73.202,0,Auto Hand Player,6.47,-0.77,-1.80
73.261,0,Auto Hand Player,6.47,-0.77,-1.80
73.284,0,Auto Hand Player,6.47,-0.77,-1.80
73.319,0,Auto Hand Player,6.47,-0.77,-1.80
73.342,0,Auto Hand Player,6.47,-0.77,-1.80
73.377,0,Auto Hand Player,6.47,-0.77,-1.80
73.434,0,Auto Hand Player,6.47,-0.77,-1.81
73.434,0,Auto Hand Player,6.47,-0.77,-1.81
73.480,0,Auto Hand Player,6.47,-0.77,-1.81
73.509,0,Auto Hand Player,6.47,-0.77,-1.81
73.536,0,Auto Hand Player,6.47,-0.77,-1.81
73.567,0,Auto Hand Player,6.47,-0.77,-1.81
73.622,0,Auto Hand Player,6.46,-0.76,-1.81
73.655,0,Auto Hand Player,6.46,-0.76,-1.81
73.677,0,Auto Hand Player,6.46,-0.76,-1.82
73.714,0,Conference_table,5.17,-1.10,-1.45
73.735,0,Auto Hand Player,6.47,-0.76,-1.82
73.796,0,Auto Hand Player,6.47,-0.76,-1.82
73.817,0,Auto Hand Player,6.47,-0.76,-1.82
73.845,0,Auto Hand Player,6.47,-0.75,-1.82
73.880,0,Auto Hand Player,6.47,-0.75,-1.82
73.901,0,Auto Hand Player,6.47,-0.75,-1.82
73.964,0,Auto Hand Player,6.48,-0.74,-1.82
73.985,0,Auto Hand Player,6.48,-0.74,-1.82
74.012,0,Wall_3mx20cm_Door (1),1.41,-1.05,-0.37
74.047,0,Auto Hand Player,6.48,-0.73,-1.82
74.149,0,Wall_3mx20cm_Door (1),1.41,-0.59,-0.32
74.149,0,Wall_3mx20cm_Door (1),1.41,-0.59,-0.32
74.149,0,Wall_3mx20cm_Door (1),1.41,-0.59,-0.32
74.176,0,Wall_3mx20cm_Wood_Panels (2),1.44,-0.42,-0.31
74.207,0,Wall_3mx20cm_Wood_Panels (2),1.67,0.14,-0.31
74.266,0,Wall_3mx20cm_Wood_Panels (2),1.83,0.43,-0.31
74.266,0,Wall_3mx20cm_Wood_Panels (2),1.83,0.43,-0.31
74.324,0,Wall_3mx20cm_Wood_Panels (2),1.97,0.65,-0.31
74.342,0,Wall_3mx20cm_Wood_Panels (2),2.05,0.73,-0.31
74.381,0,Collider,6.47,-0.67,-1.80
74.426,0,Collider,6.48,-0.68,-1.80
74.460,0,Collider,6.48,-0.68,-1.80
74.483,0,Collider,6.49,-0.67,-1.80
74.522,0,Collider,6.49,-0.67,-1.80
74.540,0,Collider,6.49,-0.67,-1.80
74.597,0,Collider,6.49,-0.67,-1.80
74.621,0,Collider,6.50,-0.67,-1.80
74.653,0,Collider,6.50,-0.66,-1.80
74.678,0,Collider,6.50,-0.66,-1.80
74.711,0,Collider,6.50,-0.66,-1.80
74.734,0,Collider,6.50,-0.66,-1.80
74.770,0,Collider,6.50,-0.66,-1.80
74.826,0,Collider,6.50,-0.66,-1.80
74.845,0,Collider,6.50,-0.66,-1.80
74.872,0,Collider,6.50,-0.66,-1.80
74.902,0,Collider,6.50,-0.66,-1.80
74.960,0,Collider,6.52,-0.66,-1.80
74.984,0,Collider,6.52,-0.66,-1.80
75.017,0,Collider,6.53,-0.66,-1.80
75.040,0,Collider,6.53,-0.66,-1.80
75.072,0,Collider,6.53,-0.66,-1.80
75.131,0,Collider,6.54,-0.66,-1.80
75.153,0,Collider,6.55,-0.66,-1.80
75.189,0,Collider,6.55,-0.67,-1.80
75.208,0,Collider,6.56,-0.67,-1.80
75.236,0,Collider,6.56,-0.67,-1.80
75.266,0,Collider,6.56,-0.66,-1.80
75.322,0,Collider,6.56,-0.65,-1.79
75.348,0,Collider,6.56,-0.65,-1.78
75.381,0,Collider,6.55,-0.64,-1.78
75.404,0,Collider,6.55,-0.64,-1.77
75.438,0,Collider,6.55,-0.63,-1.77
75.495,0,Collider,6.55,-0.63,-1.76
75.515,0,Collider,6.55,-0.63,-1.76
75.550,0,Wall_3mx20cm_Wood_Panels (3),4.69,1.11,-0.31
75.571,0,Wall_3mx20cm_Wood_Panels (3),4.71,1.09,-0.31
75.607,0,Wall_3mx20cm_Wood_Panels (3),4.72,1.09,-0.31
75.656,0,Wall_3mx20cm_Wood_Panels (3),4.73,1.14,-0.31
75.685,0,Wall_3mx20cm_Wood_Panels (3),4.72,1.16,-0.31
75.710,0,Wall_3mx20cm_Wood_Panels (3),4.70,1.15,-0.31
75.743,0,Wall_3mx20cm_Wood_Panels (3),4.70,1.13,-0.31
75.800,0,Wall_3mx20cm_Wood_Panels (3),4.60,1.13,-0.31
75.800,0,Wall_3mx20cm_Wood_Panels (3),4.60,1.13,-0.31
75.858,0,Wall_3mx20cm_Wood_Panels (3),4.52,1.13,-0.31
75.879,0,Wall_3mx20cm_Wood_Panels (3),4.51,1.16,-0.31
75.905,0,Wall_3mx20cm_Wood_Panels (3),4.50,1.17,-0.31
75.935,0,Wall_3mx20cm_Wood_Panels (3),4.51,1.15,-0.31
75.991,0,Wall_3mx20cm_Wood_Panels (3),4.54,1.10,-0.31
76.017,0,Wall_3mx20cm_Wood_Panels (3),4.53,1.08,-0.31
76.049,0,Wall_3mx20cm_Wood_Panels (3),4.52,1.07,-0.31
76.072,0,Wall_3mx20cm_Wood_Panels (3),4.54,1.06,-0.31
76.106,0,Wall_3mx20cm_Wood_Panels (3),4.55,1.06,-0.31
76.164,0,Wall_3mx20cm_Wood_Panels (3),4.53,1.06,-0.31
76.183,0,Wall_3mx20cm_Wood_Panels (3),4.53,1.06,-0.31
76.203,0,Wall_3mx20cm_Wood_Panels (3),4.52,1.05,-0.31
76.241,0,Wall_3mx20cm_Wood_Panels (3),4.49,1.09,-0.31
76.281,0,Wall_3mx20cm_Wood_Panels (3),4.44,1.14,-0.31
76.299,0,Wall_3mx20cm_Wood_Panels (2),4.41,1.17,-0.31
76.337,0,Wall_3mx20cm_Wood_Panels (2),4.33,1.20,-0.31
76.380,0,Wall_3mx20cm_Wood_Panels (2),4.28,1.24,-0.31
76.414,0,Wall_3mx20cm_Wood_Panels (2),4.20,1.30,-0.31
76.436,0,Wall_3mx20cm_Wood_Panels (2),4.18,1.32,-0.31
76.471,0,Wall_3mx20cm_Wood_Panels (2),4.11,1.36,-0.31
76.510,0,Wall_3mx20cm_Wood_Panels (2),4.07,1.41,-0.31
76.548,0,Wall_3mx20cm_Wood_Panels (2),4.09,1.41,-0.31
76.567,0,Wall_3mx20cm_Wood_Panels (2),4.10,1.42,-0.31
76.606,0,Wall_3mx20cm_Wood_Panels (2),4.12,1.47,-0.31
76.644,0,Wall_3mx20cm_Wood_Panels (2),4.13,1.49,-0.31
76.686,0,Wall_3mx20cm_Wood_Panels (2),4.15,1.47,-0.31
76.701,0,Wall_3mx20cm_Wood_Panels (2),4.17,1.46,-0.31
76.741,0,Wall_3mx20cm_Wood_Panels (2),4.16,1.45,-0.31
76.783,0,Wall_3mx20cm_Wood_Panels (2),4.17,1.46,-0.31
76.819,0,Wall_3mx20cm_Wood_Panels (2),4.16,1.47,-0.31
76.838,0,Wall_3mx20cm_Wood_Panels (2),4.15,1.46,-0.31
76.880,0,Wall_3mx20cm_Wood_Panels (2),4.15,1.45,-0.31
76.915,0,Wall_3mx20cm_Wood_Panels (2),4.15,1.48,-0.31
76.935,0,Wall_3mx20cm_Wood_Panels (2),4.15,1.49,-0.31
76.976,0,Wall_3mx20cm_Wood_Panels (2),4.16,1.53,-0.31
77.009,0,Wall_3mx20cm_Wood_Panels (2),4.16,1.52,-0.31
77.047,0,Wall_3mx20cm_Wood_Panels (2),4.15,1.50,-0.31
77.088,0,Wall_3mx20cm_Wood_Panels (2),4.16,1.48,-0.31
77.102,0,Wall_3mx20cm_Wood_Panels (2),4.17,1.46,-0.31
77.144,0,Wall_3mx20cm_Wood_Panels (2),4.15,1.48,-0.31
77.180,0,Wall_3mx20cm_Wood_Panels (2),4.15,1.43,-0.31
77.200,0,Wall_3mx20cm_Wood_Panels (2),4.15,1.41,-0.31
77.241,0,Wall_3mx20cm_Wood_Panels (2),4.10,1.41,-0.31
77.278,0,Wall_3mx20cm_Wood_Panels (2),3.99,1.49,-0.31
77.315,0,Wall_3mx20cm_Wood_Panels (2),3.81,1.56,-0.31
77.339,0,Wall_3mx20cm_Wood_Panels (2),3.68,1.65,-0.31
77.373,0,Ceiling_3x3m (9),3.68,1.70,-0.50
77.411,0,Ceiling_3x3m (9),3.69,1.70,-0.68
77.436,0,Ceiling_3x3m (9),3.69,1.70,-0.85
77.469,0,Collider,6.56,-0.65,-1.76
77.516,0,Collider,6.56,-0.65,-1.77
77.545,0,Collider,6.56,-0.65,-1.77
77.571,0,Collider,6.56,-0.66,-1.78
77.601,0,Collider,6.56,-0.66,-1.78
77.657,0,Collider,6.56,-0.66,-1.79
77.683,0,Collider,6.56,-0.66,-1.80
77.715,0,Ceiling_log_3m (22),3.45,1.67,-1.53
77.742,0,Collider,6.53,-0.65,-1.80
77.777,0,Collider,6.48,-0.62,-1.80
77.831,0,Ceiling_log_3m (22),3.45,1.54,-1.70
77.851,0,Ceiling_log_3m (22),3.45,1.53,-1.72
77.888,0,Ceiling_log_3m (22),3.39,1.50,-1.71
77.908,0,Ceiling_3x3m (6),3.02,1.70,-1.71
77.935,0,Ceiling_3x3m (6),2.96,1.70,-1.72
77.990,0,Ceiling_3x3m (6),2.91,1.70,-1.77
78.023,0,Ceiling_3x3m (6),2.94,1.70,-1.81
78.046,0,Ceiling_3x3m (6),2.88,1.70,-1.83
78.081,0,Ceiling_3x3m (6),2.82,1.70,-1.83
78.102,0,Ceiling_3x3m (6),2.77,1.70,-1.85
78.140,0,Ceiling_3x3m (6),2.69,1.70,-1.86
78.187,0,Ceiling_3x3m (6),2.57,1.70,-1.88
78.218,0,Ceiling_3x3m (6),2.53,1.70,-1.89
78.243,0,Ceiling_3x3m (6),2.51,1.70,-1.90
78.276,0,Ceiling_3x3m (6),2.50,1.70,-1.90
78.333,0,Ceiling_3x3m (6),2.47,1.70,-1.91
78.333,0,Ceiling_3x3m (6),2.47,1.70,-1.91
78.411,0,Ceiling_3x3m (6),2.49,1.70,-1.91
78.411,0,Ceiling_3x3m (6),2.49,1.70,-1.91
78.442,0,Ceiling_3x3m (6),2.50,1.70,-1.92
78.471,0,Ceiling_3x3m (6),2.53,1.70,-1.92
78.510,0,Ceiling_3x3m (6),2.56,1.70,-1.92
78.539,0,Ceiling_3x3m (6),2.56,1.70,-1.93
78.574,0,Ceiling_3x3m (6),2.57,1.70,-1.92
78.630,0,Ceiling_3x3m (6),2.54,1.70,-1.88
78.649,0,Ceiling_3x3m (6),2.55,1.70,-1.85
78.668,0,Ceiling_3x3m (6),2.54,1.70,-1.83
78.711,0,Ceiling_3x3m (6),2.53,1.70,-1.79
78.733,0,Ceiling_3x3m (6),2.53,1.70,-1.77
78.768,0,Ceiling_3x3m (6),2.54,1.70,-1.72
78.808,0,Ceiling_3x3m (6),2.57,1.70,-1.68
78.849,0,Ceiling_3x3m (6),2.57,1.70,-1.62
78.876,0,Ceiling_3x3m (6),2.61,1.70,-1.61
78.909,0,Ceiling_3x3m (6),2.64,1.70,-1.60
78.947,0,Ceiling_3x3m (6),2.68,1.70,-1.57
78.971,0,Ceiling_3x3m (6),2.68,1.70,-1.56
79.014,0,Ceiling_3x3m (6),2.67,1.70,-1.57
79.044,0,Ceiling_3x3m (6),2.67,1.70,-1.57
79.068,0,Ceiling_3x3m (6),2.66,1.70,-1.58
79.110,0,Ceiling_3x3m (6),2.61,1.70,-1.59
79.141,0,Ceiling_3x3m (6),2.56,1.70,-1.61
79.182,0,Ceiling_3x3m (6),2.57,1.70,-1.62
79.207,0,Ceiling_3x3m (6),2.57,1.70,-1.62
79.240,0,Ceiling_3x3m (6),2.59,1.70,-1.62
79.279,0,Ceiling_3x3m (6),2.61,1.70,-1.62
79.302,0,Ceiling_3x3m (6),2.63,1.70,-1.62
79.343,0,Ceiling_3x3m (6),2.65,1.70,-1.61
79.376,0,Ceiling_3x3m (6),2.66,1.70,-1.60
79.399,0,Ceiling_3x3m (6),2.66,1.70,-1.60
79.441,0,Ceiling_3x3m (6),2.66,1.70,-1.59
79.473,0,Ceiling_3x3m (6),2.65,1.70,-1.59
79.514,0,Ceiling_3x3m (6),2.66,1.70,-1.59
79.539,0,Ceiling_3x3m (6),2.66,1.70,-1.59
79.574,0,Ceiling_3x3m (6),2.67,1.70,-1.58
79.613,0,Ceiling_3x3m (6),2.66,1.70,-1.56
79.637,0,Ceiling_3x3m (6),2.66,1.70,-1.54
79.670,0,Ceiling_3x3m (6),2.69,1.70,-1.52
79.732,0,Ceiling_3x3m (6),2.70,1.70,-1.49
79.764,0,Ceiling_3x3m (6),2.74,1.70,-1.48
79.794,0,Ceiling_3x3m (6),2.74,1.70,-1.46
79.816,0,Ceiling_3x3m (6),2.73,1.70,-1.43
79.833,0,Ceiling_3x3m (6),2.72,1.70,-1.41
79.876,0,Ceiling_3x3m (6),2.62,1.70,-1.36
79.900,0,Ceiling_3x3m (6),2.57,1.70,-1.33
79.947,0,Ceiling_3x3m (6),2.49,1.70,-1.26
79.970,0,Ceiling_log_3m (21),2.46,1.64,-1.19
80.007,0,Ceiling_log_3m (21),2.46,1.56,-1.06
80.055,0,Ceiling_3x3m (7),1.91,1.70,-0.65
80.087,0,Ceiling_3x3m (7),1.86,1.70,-0.49
80.107,0,Ceiling_3x3m (7),1.81,1.70,-0.34
80.150,0,Wall_3mx20cm_Wood_Panels (2),2.25,1.43,-0.31
80.184,0,Wall_3mx20cm_Wood_Panels (2),2.58,1.29,-0.31
80.206,0,Wall_3mx20cm_Wood_Panels (2),2.63,1.30,-0.31
80.241,0,Wall_3mx20cm_Wood_Panels (2),2.85,1.26,-0.31
80.281,0,Wall_3mx20cm_Wood_Panels (2),3.08,1.21,-0.31
80.303,0,Wall_3mx20cm_Wood_Panels (2),3.14,1.20,-0.31
80.338,0,Wall_3mx20cm_Wood_Panels (2),3.30,1.16,-0.31
80.378,0,Collider,6.47,-0.66,-1.80
80.401,0,Collider,6.47,-0.66,-1.80
80.443,0,Collider,6.47,-0.66,-1.80
80.477,0,Collider,6.48,-0.66,-1.80
80.515,0,Collider,6.48,-0.66,-1.80
80.535,0,Collider,6.48,-0.66,-1.80
80.572,0,Collider,6.49,-0.66,-1.80
80.613,0,Collider,6.49,-0.66,-1.80
80.651,0,Collider,6.49,-0.66,-1.80
80.671,0,Collider,6.50,-0.66,-1.80
80.709,0,Collider,6.50,-0.66,-1.80
80.749,0,Collider,6.50,-0.66,-1.80
80.768,0,Collider,6.50,-0.66,-1.80
80.807,0,Collider,6.50,-0.66,-1.80
80.846,0,Collider,6.51,-0.66,-1.80
80.890,0,Collider,6.51,-0.67,-1.80
80.905,0,Collider,6.51,-0.67,-1.80
80.945,0,Wall_3mx20cm_Wood_Panels (2),4.37,0.89,-0.31
80.985,0,Wall_3mx20cm_Wood_Panels (2),4.37,0.88,-0.31
81.002,0,Wall_3mx20cm_Wood_Panels (2),4.37,0.87,-0.31
81.042,0,Wall_3mx20cm_Wood_Panels (2),4.37,0.87,-0.31
81.083,0,Wall_3mx20cm_Wood_Panels (2),4.38,0.88,-0.31
81.100,0,Wall_3mx20cm_Wood_Panels (2),4.39,0.88,-0.31
81.139,0,Wall_3mx20cm_Wood_Panels (2),4.40,0.88,-0.31
81.182,0,Wall_3mx20cm_Wood_Panels (2),4.41,0.88,-0.31
81.225,0,Wall_3mx20cm_Wood_Panels (3),4.42,0.87,-0.31
81.257,0,Wall_3mx20cm_Wood_Panels (3),4.43,0.86,-0.31
81.279,0,Wall_3mx20cm_Wood_Panels (3),4.44,0.86,-0.31
81.322,0,Wall_3mx20cm_Wood_Panels (3),4.45,0.86,-0.31
81.336,0,Wall_3mx20cm_Wood_Panels (3),4.46,0.86,-0.31
81.376,0,Wall_3mx20cm_Wood_Panels (3),4.47,0.86,-0.31
81.418,0,Wall_3mx20cm_Wood_Panels (3),4.49,0.84,-0.31
81.434,0,Wall_3mx20cm_Wood_Panels (3),4.51,0.85,-0.31
81.478,0,Wall_3mx20cm_Wood_Panels (3),4.56,0.86,-0.31
81.504,0,Wall_3mx20cm_Wood_Panels (3),4.59,0.87,-0.31
81.538,0,Wall_3mx20cm_Wood_Panels (3),4.61,0.89,-0.31
81.577,0,Wall_3mx20cm_Wood_Panels (3),4.64,0.89,-0.31
81.600,0,Wall_3mx20cm_Wood_Panels (3),4.64,0.88,-0.31
81.635,0,Wall_3mx20cm_Wood_Panels (3),4.65,0.87,-0.31
81.674,0,Wall_3mx20cm_Wood_Panels (3),4.66,0.83,-0.31
81.714,0,Wall_3mx20cm_Wood_Panels (3),4.66,0.81,-0.31
81.733,0,Wall_3mx20cm_Wood_Panels (3),4.66,0.81,-0.31
81.771,0,Wall_3mx20cm_Wood_Panels (3),4.67,0.81,-0.31
81.809,0,Wall_3mx20cm_Wood_Panels (3),4.69,0.80,-0.31
81.852,0,Wall_3mx20cm_Wood_Panels (3),4.72,0.80,-0.31
81.867,0,Wall_3mx20cm_Wood_Panels (3),4.74,0.80,-0.31
81.908,0,Wall_3mx20cm_Wood_Panels (3),4.77,0.79,-0.31
81.950,0,Wall_3mx20cm_Wood_Panels (3),4.81,0.79,-0.31
81.984,0,Wall_3mx20cm_Wood_Panels (3),4.84,0.78,-0.31
82.005,0,Wall_3mx20cm_Wood_Panels (3),4.85,0.76,-0.31
82.046,0,Wall_3mx20cm_Wood_Panels (3),4.87,0.73,-0.31
82.081,0,Wall_3mx20cm_Wood_Panels (3),4.89,0.70,-0.31
82.101,0,Wall_3mx20cm_Wood_Panels (3),4.90,0.68,-0.31
82.142,0,Wall_3mx20cm_Wood_Panels (3),4.90,0.67,-0.31
82.184,0,Wall_3mx20cm_Wood_Panels (3),4.90,0.67,-0.31
82.200,0,Wall_3mx20cm_Wood_Panels (3),4.90,0.67,-0.31
82.259,0,Wall_3mx20cm_Wood_Panels (3),4.90,0.67,-0.31
82.281,0,Wall_3mx20cm_Wood_Panels (3),4.90,0.67,-0.31
82.300,0,Wall_3mx20cm_Wood_Panels (3),4.91,0.67,-0.31
82.340,0,Wall_3mx20cm_Wood_Panels (3),4.91,0.67,-0.31
82.381,0,Wall_3mx20cm_Wood_Panels (3),4.91,0.67,-0.31
82.416,0,Wall_3mx20cm_Wood_Panels (3),4.91,0.67,-0.31
82.436,0,Wall_3mx20cm_Wood_Panels (3),4.92,0.67,-0.31
82.477,0,Wall_3mx20cm_Wood_Panels (3),4.93,0.67,-0.31
82.517,0,Wall_3mx20cm_Wood_Panels (3),4.93,0.67,-0.31
82.551,0,Wall_3mx20cm_Wood_Panels (3),4.94,0.68,-0.31
82.575,0,Wall_3mx20cm_Wood_Panels (3),4.94,0.68,-0.31
82.609,0,Wall_3mx20cm_Wood_Panels (3),4.95,0.69,-0.31
82.647,0,Wall_3mx20cm_Wood_Panels (3),4.95,0.70,-0.31
82.671,0,Wall_3mx20cm_Wood_Panels (3),4.95,0.70,-0.31
82.717,0,Wall_3mx20cm_Wood_Panels (3),4.95,0.70,-0.31
82.745,0,Wall_3mx20cm_Wood_Panels (3),4.95,0.70,-0.31
82.770,0,Wall_3mx20cm_Wood_Panels (3),4.95,0.71,-0.31
82.802,0,Wall_3mx20cm_Wood_Panels (3),4.95,0.70,-0.31
82.860,0,Wall_3mx20cm_Wood_Panels (3),4.95,0.70,-0.31
82.880,0,Wall_3mx20cm_Wood_Panels (3),4.95,0.71,-0.31
82.901,0,Wall_3mx20cm_Wood_Panels (3),4.95,0.71,-0.31
82.938,0,Wall_3mx20cm_Wood_Panels (3),4.95,0.71,-0.31
82.980,0,Wall_3mx20cm_Wood_Panels (3),4.95,0.70,-0.31
83.005,0,Wall_3mx20cm_Wood_Panels (3),4.95,0.70,-0.31
83.036,0,Wall_3mx20cm_Wood_Panels (3),4.95,0.70,-0.31
83.076,0,Wall_3mx20cm_Wood_Panels (3),4.95,0.69,-0.31
83.118,0,Wall_3mx20cm_Wood_Panels (3),4.94,0.69,-0.31
83.134,0,Wall_3mx20cm_Wood_Panels (3),4.94,0.69,-0.31
83.173,0,Wall_3mx20cm_Wood_Panels (3),4.94,0.69,-0.31
83.214,0,Wall_3mx20cm_Wood_Panels (3),4.94,0.69,-0.31
83.259,0,Wall_3mx20cm_Wood_Panels (3),4.94,0.69,-0.31
83.292,0,Wall_3mx20cm_Wood_Panels (3),4.94,0.69,-0.31
83.312,0,Wall_3mx20cm_Wood_Panels (3),4.94,0.69,-0.31
83.354,0,Wall_3mx20cm_Wood_Panels (3),4.94,0.69,-0.31
83.390,0,Wall_3mx20cm_Wood_Panels (3),4.94,0.69,-0.31
83.409,0,Wall_3mx20cm_Wood_Panels (3),4.94,0.69,-0.31
83.450,0,Wall_3mx20cm_Wood_Panels (3),4.94,0.69,-0.31
83.469,0,Wall_3mx20cm_Wood_Panels (3),4.94,0.69,-0.31
83.508,0,Wall_3mx20cm_Wood_Panels (3),4.94,0.69,-0.31
83.547,0,Wall_3mx20cm_Wood_Panels (3),4.94,0.68,-0.31
83.590,0,Wall_3mx20cm_Wood_Panels (3),4.94,0.68,-0.31
83.603,0,Wall_3mx20cm_Wood_Panels (3),4.95,0.67,-0.31
83.644,0,Wall_3mx20cm_Wood_Panels (3),4.95,0.67,-0.31
83.689,0,Wall_3mx20cm_Wood_Panels (3),4.95,0.67,-0.31
83.722,0,Wall_3mx20cm_Wood_Panels (3),4.94,0.68,-0.31
83.741,0,Wall_3mx20cm_Wood_Panels (3),4.94,0.68,-0.31
83.783,0,Wall_3mx20cm_Wood_Panels (3),4.94,0.68,-0.31
83.799,0,Wall_3mx20cm_Wood_Panels (3),4.94,0.67,-0.31
83.840,0,Wall_3mx20cm_Wood_Panels (3),4.94,0.67,-0.31
83.883,0,Wall_3mx20cm_Wood_Panels (3),4.94,0.67,-0.31
83.901,0,Wall_3mx20cm_Wood_Panels (3),4.94,0.67,-0.31
83.940,0,Wall_3mx20cm_Wood_Panels (3),4.94,0.66,-0.31
83.979,0,Wall_3mx20cm_Wood_Panels (3),4.94,0.66,-0.31
84.021,0,Wall_3mx20cm_Wood_Panels (3),4.93,0.66,-0.31
84.040,0,Wall_3mx20cm_Wood_Panels (3),4.93,0.66,-0.31
84.079,0,Wall_3mx20cm_Wood_Panels (3),4.94,0.65,-0.31
84.105,0,Wall_3mx20cm_Wood_Panels (3),4.94,0.64,-0.31
84.149,0,Wall_3mx20cm_Wood_Panels (3),4.95,0.62,-0.31
84.182,0,Wall_3mx20cm_Wood_Panels (3),4.95,0.62,-0.31
84.206,0,Wall_3mx20cm_Wood_Panels (3),4.95,0.61,-0.31
84.239,0,Wall_3mx20cm_Wood_Panels (3),4.96,0.61,-0.31
84.278,0,Wall_3mx20cm_Wood_Panels (3),4.96,0.63,-0.31
84.301,0,Wall_3mx20cm_Wood_Panels (3),4.96,0.64,-0.31
84.346,0,Wall_3mx20cm_Wood_Panels (3),4.97,0.59,-0.31
84.377,0,Wall_3mx20cm_Wood_Panels (3),4.99,0.55,-0.31
84.416,0,Wall_3mx20cm_Wood_Panels (3),5.03,0.50,-0.31
84.440,0,Wall_3mx20cm_Wood_Panels (3),5.03,0.50,-0.31
84.481,0,Wall_3mx20cm_Wood_Panels (3),5.05,0.48,-0.31
84.515,0,Wall_3mx20cm_Wood_Panels (3),5.07,0.47,-0.31
84.537,0,Wall_3mx20cm_Wood_Panels (3),5.07,0.48,-0.31
84.579,0,Wall_3mx20cm_Wood_Panels (3),5.08,0.49,-0.31
84.613,0,Wall_3mx20cm_Wood_Panels (3),5.10,0.50,-0.31
84.635,0,Wall_3mx20cm_Wood_Panels (3),5.10,0.50,-0.31
84.671,0,Wall_3mx20cm_Wood_Panels (3),5.09,0.50,-0.31
84.711,0,Wall_3mx20cm_Wood_Panels (3),5.10,0.49,-0.31
84.733,0,Wall_3mx20cm_Wood_Panels (3),5.10,0.49,-0.31
84.775,0,Wall_3mx20cm_Wood_Panels (3),5.11,0.47,-0.31
84.811,0,Wall_3mx20cm_Wood_Panels (3),5.12,0.46,-0.31
84.851,0,Wall_3mx20cm_Wood_Panels (3),5.11,0.49,-0.31
84.873,0,Wall_3mx20cm_Wood_Panels (3),5.12,0.51,-0.31
84.915,0,Wall_3mx20cm_Wood_Panels (3),5.12,0.54,-0.31
84.957,0,Wall_3mx20cm_Wood_Panels (3),5.13,0.57,-0.31
84.970,0,Wall_3mx20cm_Wood_Panels (3),5.14,0.58,-0.31
85.011,0,Wall_3mx20cm_Wood_Panels (3),5.15,0.58,-0.31
85.044,0,Wall_3mx20cm_Wood_Panels (3),5.15,0.58,-0.31
85.083,0,Wall_3mx20cm_Wood_Panels (3),5.15,0.57,-0.31
85.106,0,Wall_3mx20cm_Wood_Panels (3),5.15,0.56,-0.31
85.141,0,Wall_3mx20cm_Wood_Panels (3),5.13,0.55,-0.31
85.180,0,Wall_3mx20cm_Wood_Panels (3),5.11,0.53,-0.31
85.218,0,Wall_3mx20cm_Wood_Panels (3),5.09,0.51,-0.31
85.237,0,Wall_3mx20cm_Wood_Panels (3),5.07,0.51,-0.31
85.277,0,Wall_3mx20cm_Wood_Panels (3),5.05,0.51,-0.31
85.301,0,Wall_3mx20cm_Wood_Panels (3),5.05,0.51,-0.31
85.335,0,Wall_3mx20cm_Wood_Panels (3),5.04,0.52,-0.31
85.374,0,Wall_3mx20cm_Wood_Panels (3),5.04,0.53,-0.31
85.399,0,Wall_3mx20cm_Wood_Panels (3),5.03,0.54,-0.31
85.441,0,Wall_3mx20cm_Wood_Panels (3),5.02,0.57,-0.31
85.472,0,Wall_3mx20cm_Wood_Panels (3),4.99,0.60,-0.31
85.511,0,Wall_3mx20cm_Wood_Panels (3),4.96,0.63,-0.31
85.553,0,Wall_3mx20cm_Wood_Panels (3),4.92,0.66,-0.31
85.571,0,Wall_3mx20cm_Wood_Panels (3),4.88,0.67,-0.31
85.609,0,Wall_3mx20cm_Wood_Panels (3),4.81,0.68,-0.31
85.650,0,Wall_3mx20cm_Wood_Panels (3),4.75,0.67,-0.31
85.667,0,Wall_3mx20cm_Wood_Panels (3),4.70,0.66,-0.31
85.707,0,Wall_3mx20cm_Wood_Panels (3),4.62,0.65,-0.31
85.750,0,Wall_3mx20cm_Wood_Panels (3),4.57,0.64,-0.31
85.786,0,Wall_3mx20cm_Wood_Panels (3),4.51,0.63,-0.31
85.805,0,Wall_3mx20cm_Wood_Panels (3),4.45,0.61,-0.31
85.846,0,Wall_3mx20cm_Wood_Panels (2),4.34,0.58,-0.31
85.888,0,Wall_3mx20cm_Wood_Panels (2),4.24,0.59,-0.31
85.904,0,Wall_3mx20cm_Wood_Panels (2),4.19,0.59,-0.31
85.944,0,Wall_3mx20cm_Wood_Panels (2),4.12,0.61,-0.31
85.984,0,Wall_3mx20cm_Wood_Panels (2),4.08,0.63,-0.31
86.002,0,Wall_3mx20cm_Wood_Panels (2),4.04,0.65,-0.31
86.060,0,Wall_3mx20cm_Wood_Panels (2),4.00,0.66,-0.31
86.082,0,Wall_3mx20cm_Wood_Panels (2),3.98,0.66,-0.31
86.125,0,Wall_3mx20cm_Wood_Panels (2),3.97,0.65,-0.31
86.156,0,Wall_3mx20cm_Wood_Panels (2),3.95,0.65,-0.31
86.178,0,Wall_3mx20cm_Wood_Panels (2),3.93,0.64,-0.31
86.214,0,Wall_3mx20cm_Wood_Panels (2),3.89,0.63,-0.31
86.235,0,Wall_3mx20cm_Wood_Panels (2),3.88,0.63,-0.31
86.276,0,Wall_3mx20cm_Wood_Panels (2),3.82,0.64,-0.31
86.320,0,Wall_3mx20cm_Wood_Panels (2),3.74,0.66,-0.31
86.355,0,Wall_3mx20cm_Wood_Panels (2),3.67,0.67,-0.31
86.375,0,Wall_3mx20cm_Wood_Panels (2),3.60,0.68,-0.31
86.402,0,Wall_3mx20cm_Wood_Panels (2),3.54,0.68,-0.31
86.456,0,Wall_3mx20cm_Wood_Panels (2),3.49,0.67,-0.31
86.475,0,Wall_3mx20cm_Wood_Panels (2),3.47,0.66,-0.31
86.515,0,Wall_3mx20cm_Wood_Panels (2),3.45,0.67,-0.31
86.534,0,Wall_3mx20cm_Wood_Panels (2),3.48,0.67,-0.31
86.573,0,Wall_3mx20cm_Wood_Panels (2),3.52,0.66,-0.31
86.612,0,Wall_3mx20cm_Wood_Panels (2),3.54,0.65,-0.31
86.639,0,Wall_3mx20cm_Wood_Panels (2),3.54,0.66,-0.31
86.671,0,Wall_3mx20cm_Wood_Panels (2),3.57,0.66,-0.31
86.712,0,Wall_3mx20cm_Wood_Panels (2),3.57,0.65,-0.31
86.735,0,Wall_3mx20cm_Wood_Panels (2),3.57,0.65,-0.31
86.771,0,Wall_3mx20cm_Wood_Panels (2),3.56,0.64,-0.31
86.809,0,Wall_3mx20cm_Wood_Panels (2),3.58,0.63,-0.31
86.834,0,Wall_3mx20cm_Wood_Panels (2),3.59,0.63,-0.31
86.866,0,Wall_3mx20cm_Wood_Panels (2),3.62,0.61,-0.31
86.905,0,Wall_3mx20cm_Wood_Panels (2),3.66,0.60,-0.31
86.946,0,Wall_3mx20cm_Wood_Panels (2),3.69,0.60,-0.31
86.986,0,Wall_3mx20cm_Wood_Panels (2),3.69,0.62,-0.31
87.002,0,Wall_3mx20cm_Wood_Panels (2),3.70,0.63,-0.31
87.042,0,Wall_3mx20cm_Wood_Panels (2),3.69,0.62,-0.31
87.086,0,Wall_3mx20cm_Wood_Panels (2),3.69,0.62,-0.31
87.120,0,Wall_3mx20cm_Wood_Panels (2),3.69,0.62,-0.31
87.140,0,Wall_3mx20cm_Wood_Panels (2),3.69,0.62,-0.31
87.183,0,Wall_3mx20cm_Wood_Panels (2),3.70,0.63,-0.31
87.215,0,Wall_3mx20cm_Wood_Panels (2),3.72,0.62,-0.31
87.237,0,Wall_3mx20cm_Wood_Panels (2),3.73,0.61,-0.31
87.272,0,Wall_3mx20cm_Wood_Panels (2),3.76,0.61,-0.31
87.310,0,Wall_3mx20cm_Wood_Panels (2),3.76,0.61,-0.31
87.335,0,Wall_3mx20cm_Wood_Panels (2),3.75,0.61,-0.31
87.369,0,Wall_3mx20cm_Wood_Panels (2),3.74,0.60,-0.31
87.407,0,Wall_3mx20cm_Wood_Panels (2),3.74,0.60,-0.31
87.433,0,Wall_3mx20cm_Wood_Panels (2),3.74,0.60,-0.31
87.489,0,Wall_3mx20cm_Wood_Panels (2),3.72,0.62,-0.31
87.505,0,Wall_3mx20cm_Wood_Panels (2),3.71,0.62,-0.31
87.545,0,Wall_3mx20cm_Wood_Panels (2),3.71,0.62,-0.31
87.587,0,Wall_3mx20cm_Wood_Panels (2),3.71,0.62,-0.31
87.603,0,Wall_3mx20cm_Wood_Panels (2),3.72,0.62,-0.31
87.644,0,Wall_3mx20cm_Wood_Panels (2),3.72,0.62,-0.31
87.684,0,Wall_3mx20cm_Wood_Panels (2),3.72,0.62,-0.31
87.704,0,Wall_3mx20cm_Wood_Panels (2),3.72,0.62,-0.31
87.763,0,Wall_3mx20cm_Wood_Panels (2),3.73,0.62,-0.31
87.783,0,Wall_3mx20cm_Wood_Panels (2),3.73,0.63,-0.31
87.808,0,Wall_3mx20cm_Wood_Panels (2),3.73,0.62,-0.31
87.843,0,Wall_3mx20cm_Wood_Panels (2),3.73,0.62,-0.31
87.883,0,Wall_3mx20cm_Wood_Panels (2),3.72,0.61,-0.31
87.906,0,Wall_3mx20cm_Wood_Panels (2),3.72,0.62,-0.31
87.947,0,Wall_3mx20cm_Wood_Panels (2),3.69,0.63,-0.31
87.990,0,Wall_3mx20cm_Wood_Panels (2),3.64,0.65,-0.31
88.005,0,Wall_3mx20cm_Wood_Panels (2),3.59,0.67,-0.31
88.044,0,Wall_3mx20cm_Wood_Panels (2),3.53,0.70,-0.31
88.087,0,Wall_3mx20cm_Wood_Panels (2),3.46,0.72,-0.31
88.101,0,Wall_3mx20cm_Wood_Panels (2),3.40,0.74,-0.31
88.144,0,Wall_3mx20cm_Wood_Panels (2),3.36,0.73,-0.31
88.184,0,Wall_3mx20cm_Wood_Panels (2),3.26,0.74,-0.31
88.215,0,Wall_3mx20cm_Wood_Panels (2),3.18,0.75,-0.31
88.240,0,Wall_3mx20cm_Wood_Panels (2),3.18,0.74,-0.31
88.274,0,Wall_3mx20cm_Wood_Panels (2),3.16,0.73,-0.31
88.315,0,Wall_3mx20cm_Wood_Panels (2),3.14,0.74,-0.31
88.338,0,Wall_3mx20cm_Wood_Panels (2),3.15,0.76,-0.31
88.379,0,Wall_3mx20cm_Wood_Panels (2),3.12,0.80,-0.31
88.411,0,Wall_3mx20cm_Wood_Panels (2),3.07,0.84,-0.31
88.435,0,Wall_3mx20cm_Wood_Panels (2),3.06,0.85,-0.31
88.470,0,Wall_3mx20cm_Wood_Panels (2),2.98,0.86,-0.31
88.508,0,Wall_3mx20cm_Wood_Panels (2),2.88,0.91,-0.31
88.534,0,Middle,6.49,-0.67,-1.80
88.576,0,Wall_3mx20cm_Wood_Panels (2),2.85,0.98,-0.31
88.608,0,Collider,6.49,-0.67,-1.80
88.648,0,Collider,6.50,-0.67,-1.80
88.672,0,Collider,6.50,-0.67,-1.80
88.713,0,Collider,6.50,-0.67,-1.80
88.748,0,Collider,6.50,-0.68,-1.80
88.768,0,Collider,6.50,-0.68,-1.80
88.810,0,Collider,6.50,-0.68,-1.80
88.852,0,Collider,6.50,-0.68,-1.80
88.890,0,Collider,6.51,-0.68,-1.80
88.908,0,Collider,6.50,-0.68,-1.80
88.933,0,Collider,6.50,-0.68,-1.80
88.966,0,Collider,6.51,-0.68,-1.80
89.025,0,Collider,6.51,-0.68,-1.80
89.045,0,Collider,6.51,-0.68,-1.80
89.070,0,Collider,6.51,-0.67,-1.80
89.104,0,Collider,6.52,-0.68,-1.80
89.162,0,Collider,6.51,-0.67,-1.80
89.181,0,Collider,6.51,-0.67,-1.80
89.209,0,Wall_3mx20cm_Wood_Panels (2),3.29,0.97,-0.31
89.240,0,Wall_3mx20cm_Wood_Panels (2),3.32,0.97,-0.31
89.296,0,Wall_3mx20cm_Wood_Panels (2),3.43,0.96,-0.31
89.322,0,Wall_3mx20cm_Wood_Panels (2),3.48,0.97,-0.31
89.357,0,Wall_3mx20cm_Wood_Panels (2),3.55,0.96,-0.31
89.376,0,Wall_3mx20cm_Wood_Panels (2),3.61,0.96,-0.31
89.414,0,Wall_3mx20cm_Wood_Panels (2),3.68,0.96,-0.31
89.434,0,Wall_3mx20cm_Wood_Panels (2),3.74,0.97,-0.31
89.494,0,Wall_3mx20cm_Wood_Panels (2),3.85,0.97,-0.31
89.516,0,Wall_3mx20cm_Wood_Panels (2),3.90,0.98,-0.31
89.551,0,Wall_3mx20cm_Wood_Panels (2),3.96,0.98,-0.31
89.571,0,Wall_3mx20cm_Wood_Panels (2),4.02,0.98,-0.31
89.609,0,Wall_3mx20cm_Wood_Panels (2),4.07,0.95,-0.31
89.666,0,Wall_3mx20cm_Wood_Panels (2),4.17,0.89,-0.31
89.666,0,Wall_3mx20cm_Wood_Panels (2),4.17,0.89,-0.31
89.712,0,Wall_3mx20cm_Wood_Panels (2),4.26,0.88,-0.31
89.744,0,Wall_3mx20cm_Wood_Panels (2),4.30,0.89,-0.31
89.769,0,Wall_3mx20cm_Wood_Panels (2),4.34,0.90,-0.31
89.803,0,Wall_3mx20cm_Wood_Panels (2),4.39,0.90,-0.31
89.858,0,Wall_3mx20cm_Wood_Panels (3),4.46,0.88,-0.31
89.881,0,Wall_3mx20cm_Wood_Panels (3),4.49,0.87,-0.31
89.940,0,Wall_3mx20cm_Wood_Panels (3),4.52,0.83,-0.31
89.940,0,Wall_3mx20cm_Wood_Panels (3),4.52,0.83,-0.31
89.974,0,Wall_3mx20cm_Wood_Panels (3),4.55,0.80,-0.31
90.028,0,Wall_3mx20cm_Wood_Panels (3),4.63,0.81,-0.31
90.047,0,Wall_3mx20cm_Wood_Panels (3),4.66,0.84,-0.31
90.084,0,Wall_3mx20cm_Wood_Panels (3),4.68,0.86,-0.31
90.108,0,Wall_3mx20cm_Wood_Panels (3),4.70,0.89,-0.31
90.135,0,Wall_3mx20cm_Wood_Panels (3),4.72,0.91,-0.31
90.189,0,Wall_3mx20cm_Wood_Panels (3),4.75,0.90,-0.31
90.223,0,Wall_3mx20cm_Wood_Panels (3),4.78,0.90,-0.31
90.244,0,Wall_3mx20cm_Wood_Panels (3),4.79,0.91,-0.31
90.278,0,Wall_3mx20cm_Wood_Panels (3),4.81,0.90,-0.31
90.300,0,Wall_3mx20cm_Wood_Panels (3),4.83,0.90,-0.31
90.336,0,Wall_3mx20cm_Wood_Panels (3),4.84,0.89,-0.31
90.384,0,Wall_3mx20cm_Wood_Panels (3),4.87,0.87,-0.31
90.414,0,Wall_3mx20cm_Wood_Panels (3),4.88,0.86,-0.31
90.440,0,Wall_3mx20cm_Wood_Panels (3),4.88,0.87,-0.31
90.473,0,Wall_3mx20cm_Wood_Panels (3),4.90,0.87,-0.31
90.510,0,Wall_3mx20cm_Wood_Panels (3),4.92,0.88,-0.31
90.557,0,Wall_3mx20cm_Wood_Panels (3),4.93,0.87,-0.31
90.588,0,Wall_3mx20cm_Wood_Panels (3),4.94,0.87,-0.31
90.613,0,Wall_3mx20cm_Wood_Panels (3),4.94,0.88,-0.31
90.644,0,Wall_3mx20cm_Wood_Panels (3),4.95,0.88,-0.31
90.668,0,Wall_3mx20cm_Wood_Panels (3),4.95,0.89,-0.31
90.719,0,Wall_3mx20cm_Wood_Panels (3),4.95,0.88,-0.31
90.737,0,Wall_3mx20cm_Wood_Panels (3),4.95,0.87,-0.31
90.776,0,Wall_3mx20cm_Wood_Panels (3),4.95,0.84,-0.31
90.817,0,Wall_3mx20cm_Wood_Panels (3),4.96,0.83,-0.31
90.834,0,Wall_3mx20cm_Wood_Panels (3),4.96,0.84,-0.31
90.892,0,Wall_3mx20cm_Wood_Panels (3),4.97,0.90,-0.31
90.916,0,Wall_3mx20cm_Wood_Panels (3),4.98,0.93,-0.31
90.948,0,Wall_3mx20cm_Wood_Panels (3),5.00,0.93,-0.31
90.971,0,Wall_3mx20cm_Wood_Panels (3),5.00,0.92,-0.31
91.012,0,Wall_3mx20cm_Wood_Panels (3),5.03,0.87,-0.31
91.054,0,Wall_3mx20cm_Wood_Panels (3),5.06,0.84,-0.31
91.067,0,Wall_3mx20cm_Wood_Panels (3),5.08,0.83,-0.31
91.108,0,Wall_3mx20cm_Wood_Panels (3),5.09,0.84,-0.31
91.144,0,Wall_3mx20cm_Wood_Panels (3),5.10,0.84,-0.31
91.184,0,Wall_3mx20cm_Wood_Panels (3),5.11,0.84,-0.31
91.207,0,Wall_3mx20cm_Wood_Panels (3),5.11,0.84,-0.31
91.249,0,Wall_3mx20cm_Wood_Panels (3),5.11,0.83,-0.31
91.281,0,Wall_3mx20cm_Wood_Panels (3),5.12,0.83,-0.31
91.304,0,Wall_3mx20cm_Wood_Panels (3),5.12,0.83,-0.31
91.340,0,Wall_3mx20cm_Wood_Panels (3),5.12,0.84,-0.31
91.377,0,Wall_3mx20cm_Wood_Panels (3),5.13,0.84,-0.31
91.403,0,Wall_3mx20cm_Wood_Panels (3),5.13,0.84,-0.31
91.434,0,Wall_3mx20cm_Wood_Panels (3),5.14,0.85,-0.31
91.473,0,Wall_3mx20cm_Wood_Panels (3),5.14,0.85,-0.31
91.511,0,Wall_3mx20cm_Wood_Panels (3),5.14,0.84,-0.31
91.534,0,Wall_3mx20cm_Wood_Panels (3),5.13,0.84,-0.31
91.572,0,Wall_3mx20cm_Wood_Panels (3),5.13,0.84,-0.31
91.610,0,Wall_3mx20cm_Wood_Panels (3),5.12,0.83,-0.31
91.648,0,Wall_3mx20cm_Wood_Panels (3),5.12,0.83,-0.31
91.667,0,Wall_3mx20cm_Wood_Panels (3),5.12,0.83,-0.31
91.706,0,Wall_3mx20cm_Wood_Panels (3),5.12,0.82,-0.31
91.748,0,Wall_3mx20cm_Wood_Panels (3),5.11,0.82,-0.31
91.782,0,Wall_3mx20cm_Wood_Panels (3),5.11,0.81,-0.31
91.805,0,Wall_3mx20cm_Wood_Panels (3),5.10,0.82,-0.31
91.840,0,Wall_3mx20cm_Wood_Panels (3),5.10,0.82,-0.31
91.876,0,Wall_3mx20cm_Wood_Panels (3),5.09,0.81,-0.31
91.900,0,Wall_3mx20cm_Wood_Panels (3),5.09,0.81,-0.31
91.936,0,Wall_3mx20cm_Wood_Panels (3),5.08,0.81,-0.31
91.976,0,Wall_3mx20cm_Wood_Panels (3),5.07,0.80,-0.31
92.013,0,Wall_3mx20cm_Wood_Panels (3),5.06,0.80,-0.31
92.054,0,Wall_3mx20cm_Wood_Panels (3),5.05,0.79,-0.31
92.068,0,Wall_3mx20cm_Wood_Panels (3),5.05,0.79,-0.31
92.110,0,Wall_3mx20cm_Wood_Panels (3),5.04,0.79,-0.31
92.142,0,Wall_3mx20cm_Wood_Panels (3),5.03,0.80,-0.31
92.180,0,Wall_3mx20cm_Wood_Panels (3),5.02,0.79,-0.31
92.199,0,Wall_3mx20cm_Wood_Panels (3),5.02,0.78,-0.31
92.237,0,Wall_3mx20cm_Wood_Panels (3),5.01,0.77,-0.31
92.278,0,Wall_3mx20cm_Wood_Panels (3),5.00,0.77,-0.31
92.320,0,Wall_3mx20cm_Wood_Panels (3),4.99,0.76,-0.31
92.336,0,Wall_3mx20cm_Wood_Panels (3),4.98,0.76,-0.31
92.379,0,Wall_3mx20cm_Wood_Panels (3),4.97,0.75,-0.31
92.410,0,Wall_3mx20cm_Wood_Panels (3),4.96,0.75,-0.31
92.450,0,Wall_3mx20cm_Wood_Panels (3),4.93,0.74,-0.31
92.471,0,Wall_3mx20cm_Wood_Panels (3),4.92,0.75,-0.31
92.506,0,Wall_3mx20cm_Wood_Panels (3),4.89,0.75,-0.31
92.546,0,Wall_3mx20cm_Wood_Panels (3),4.87,0.75,-0.31
92.570,0,Wall_3mx20cm_Wood_Panels (3),4.86,0.75,-0.31
92.603,0,Wall_3mx20cm_Wood_Panels (3),4.85,0.74,-0.31
92.642,0,Wall_3mx20cm_Wood_Panels (3),4.83,0.74,-0.31
92.668,0,Wall_3mx20cm_Wood_Panels (3),4.83,0.74,-0.31
92.711,0,Wall_3mx20cm_Wood_Panels (3),4.81,0.73,-0.31
92.745,0,Wall_3mx20cm_Wood_Panels (3),4.80,0.73,-0.31
92.767,0,Wall_3mx20cm_Wood_Panels (3),4.78,0.73,-0.31
92.804,0,Wall_3mx20cm_Wood_Panels (3),4.76,0.74,-0.31
92.849,0,Wall_3mx20cm_Wood_Panels (3),4.71,0.75,-0.31
92.869,0,Wall_3mx20cm_Wood_Panels (3),4.68,0.76,-0.31
92.905,0,Wall_3mx20cm_Wood_Panels (3),4.61,0.79,-0.31
92.946,0,Wall_3mx20cm_Wood_Panels (3),4.54,0.83,-0.31
92.979,0,Wall_3mx20cm_Wood_Panels (3),4.45,0.86,-0.31
93.002,0,Wall_3mx20cm_Wood_Panels (3),4.41,0.87,-0.31
93.043,0,Wall_3mx20cm_Wood_Panels (2),4.32,0.89,-0.31
93.076,0,Wall_3mx20cm_Wood_Panels (2),4.25,0.91,-0.31
93.116,0,Wall_3mx20cm_Wood_Panels (2),4.22,0.91,-0.31
93.141,0,Wall_3mx20cm_Wood_Panels (2),4.22,0.91,-0.31
93.173,0,Wall_3mx20cm_Wood_Panels (2),4.22,0.90,-0.31
93.215,0,Wall_3mx20cm_Wood_Panels (2),4.25,0.88,-0.31
93.239,0,Wall_3mx20cm_Wood_Panels (2),4.26,0.87,-0.31
93.281,0,Wall_3mx20cm_Wood_Panels (2),4.29,0.85,-0.31
93.323,0,Wall_3mx20cm_Wood_Panels (2),4.32,0.83,-0.31
93.356,0,Wall_3mx20cm_Wood_Panels (2),4.33,0.82,-0.31
93.379,0,Wall_3mx20cm_Wood_Panels (2),4.34,0.82,-0.31
93.421,0,Wall_3mx20cm_Wood_Panels (2),4.34,0.80,-0.31
93.436,0,Wall_3mx20cm_Wood_Panels (2),4.35,0.79,-0.31
93.477,0,Wall_3mx20cm_Wood_Panels (2),4.36,0.77,-0.31
93.519,0,Wall_3mx20cm_Wood_Panels (2),4.35,0.77,-0.31
93.554,0,Wall_3mx20cm_Wood_Panels (2),4.35,0.77,-0.31
93.575,0,Wall_3mx20cm_Wood_Panels (2),4.35,0.77,-0.31
93.617,0,Wall_3mx20cm_Wood_Panels (2),4.34,0.77,-0.31
93.650,0,Wall_3mx20cm_Wood_Panels (2),4.34,0.78,-0.31
93.673,0,Wall_3mx20cm_Wood_Panels (2),4.34,0.78,-0.31
93.709,0,Wall_3mx20cm_Wood_Panels (2),4.34,0.78,-0.31
93.755,0,Wall_3mx20cm_Wood_Panels (2),4.34,0.78,-0.31
93.790,0,Wall_3mx20cm_Wood_Panels (2),4.34,0.78,-0.31
93.814,0,Wall_3mx20cm_Wood_Panels (2),4.34,0.78,-0.31
93.837,0,Wall_3mx20cm_Wood_Panels (2),4.34,0.79,-0.31
93.876,0,Wall_3mx20cm_Wood_Panels (2),4.34,0.79,-0.31
93.921,0,Wall_3mx20cm_Wood_Panels (2),4.33,0.80,-0.31
93.957,0,Wall_3mx20cm_Wood_Panels (2),4.32,0.81,-0.31
93.977,0,Wall_3mx20cm_Wood_Panels (2),4.31,0.82,-0.31
94.001,0,Wall_3mx20cm_Wood_Panels (2),4.29,0.84,-0.31
94.034,0,Wall_3mx20cm_Wood_Panels (2),4.24,0.88,-0.31
94.073,0,Wall_3mx20cm_Wood_Panels (2),4.17,0.92,-0.31
94.100,0,Wall_3mx20cm_Wood_Panels (2),4.14,0.93,-0.31
94.141,0,Wall_3mx20cm_Wood_Panels (2),4.10,0.96,-0.31
94.174,0,Wall_3mx20cm_Wood_Panels (2),4.09,0.96,-0.31
94.217,0,Wall_3mx20cm_Wood_Panels (2),4.09,0.95,-0.31
94.239,0,Wall_3mx20cm_Wood_Panels (2),4.10,0.95,-0.31
94.281,0,Wall_3mx20cm_Wood_Panels (2),4.13,0.93,-0.31
94.323,0,Wall_3mx20cm_Wood_Panels (2),4.16,0.92,-0.31
94.338,0,Wall_3mx20cm_Wood_Panels (2),4.17,0.91,-0.31
94.379,0,Wall_3mx20cm_Wood_Panels (2),4.19,0.90,-0.31
94.420,0,Wall_3mx20cm_Wood_Panels (2),4.21,0.89,-0.31
94.436,0,Wall_3mx20cm_Wood_Panels (2),4.23,0.89,-0.31
94.474,0,Wall_3mx20cm_Wood_Panels (2),4.24,0.88,-0.31
94.517,0,Wall_3mx20cm_Wood_Panels (2),4.24,0.88,-0.31
94.549,0,Wall_3mx20cm_Wood_Panels (2),4.24,0.88,-0.31
94.579,0,Wall_3mx20cm_Wood_Panels (2),4.23,0.88,-0.31
94.612,0,Wall_3mx20cm_Wood_Panels (2),4.22,0.90,-0.31
94.653,0,Wall_3mx20cm_Wood_Panels (2),4.19,0.92,-0.31
94.671,0,Wall_3mx20cm_Wood_Panels (2),4.17,0.92,-0.31
94.712,0,Wall_3mx20cm_Wood_Panels (2),4.12,0.95,-0.31
94.755,0,Wall_3mx20cm_Wood_Panels (2),4.04,0.99,-0.31
94.781,0,Wall_3mx20cm_Wood_Panels (2),3.97,1.01,-0.31
94.814,0,Wall_3mx20cm_Wood_Panels (2),3.90,1.04,-0.31
94.838,0,Wall_3mx20cm_Wood_Panels (2),3.82,1.09,-0.31
94.875,0,Wall_3mx20cm_Wood_Panels (2),3.74,1.13,-0.31
94.924,0,Wall_3mx20cm_Wood_Panels (2),3.55,1.23,-0.31
94.954,0,Wall_3mx20cm_Wood_Panels (2),3.43,1.31,-0.31
94.976,0,Wall_3mx20cm_Wood_Panels (2),3.31,1.38,-0.31
95.010,0,Wall_3mx20cm_Wood_Panels (2),3.15,1.46,-0.31
95.033,0,Wall_3mx20cm_Wood_Panels (2),3.12,1.47,-0.31
95.077,0,Wall_3mx20cm_Wood_Panels (2),3.03,1.50,-0.31
95.113,0,Wall_3mx20cm_Wood_Panels (2),3.00,1.51,-0.31
95.133,0,Wall_3mx20cm_Wood_Panels (2),2.97,1.52,-0.31
95.175,0,Wall_3mx20cm_Wood_Panels (2),2.97,1.51,-0.31
95.208,0,Wall_3mx20cm_Wood_Panels (2),2.98,1.51,-0.31
95.268,0,Wall_3mx20cm_Wood_Panels (2),2.96,1.53,-0.31
95.268,0,Wall_3mx20cm_Wood_Panels (2),2.96,1.53,-0.31
95.316,0,Wall_3mx20cm_Wood_Panels (2),2.94,1.55,-0.31
95.350,0,Wall_3mx20cm_Wood_Panels (2),2.92,1.56,-0.31
95.372,0,Wall_3mx20cm_Wood_Panels (2),2.90,1.58,-0.31
95.400,0,Wall_3mx20cm_Wood_Panels (2),2.87,1.59,-0.31
95.435,0,Wall_3mx20cm_Wood_Panels (2),2.82,1.62,-0.31
95.561,0,Ceiling_3x3m (7),2.68,1.70,-0.35
95.561,0,Ceiling_3x3m (7),2.68,1.70,-0.35
95.561,0,Ceiling_3x3m (7),2.68,1.70,-0.35
95.577,0,Ceiling_3x3m (7),2.67,1.70,-0.37
95.611,0,Ceiling_3x3m (7),2.62,1.70,-0.51
95.650,0,Ceiling_3x3m (7),2.59,1.70,-0.59
95.675,0,Ceiling_3x3m (7),2.57,1.70,-0.62
95.728,0,Ceiling_3x3m (7),2.50,1.70,-0.72
95.748,0,Ceiling_3x3m (7),2.47,1.70,-0.80
95.772,0,Ceiling_log_3m (21),2.46,1.68,-0.88
95.808,0,Ceiling_log_3m (21),2.46,1.67,-0.99
95.866,0,Ceiling_log_3m (21),2.46,1.66,-1.07
95.866,0,Ceiling_log_3m (21),2.46,1.66,-1.07
95.925,0,Ceiling_log_3m (21),2.46,1.64,-1.16
95.964,0,Ceiling_log_3m (21),2.46,1.62,-1.20
95.983,0,Ceiling_log_3m (21),2.46,1.61,-1.24
96.010,0,Ceiling_log_3m (21),2.46,1.61,-1.27
96.041,0,Ceiling_log_3m (21),2.46,1.60,-1.29
96.081,0,Ceiling_log_3m (21),2.46,1.58,-1.32
96.108,0,Ceiling_log_3m (21),2.46,1.58,-1.32
96.141,0,Ceiling_log_3m (21),2.46,1.58,-1.34
96.177,0,Ceiling_log_3m (21),2.46,1.57,-1.36
96.219,0,Ceiling_log_3m (21),2.46,1.56,-1.36
96.257,0,Ceiling_log_3m (21),2.46,1.56,-1.36
96.279,0,Ceiling_log_3m (21),2.46,1.56,-1.38
96.302,0,Ceiling_log_3m (21),2.46,1.55,-1.38
96.339,0,Ceiling_log_3m (21),2.46,1.53,-1.39
96.386,0,Ceiling_log_3m (21),2.44,1.50,-1.41
96.423,0,Ceiling_log_3m (21),2.41,1.50,-1.42
96.441,0,Ceiling_log_3m (21),2.39,1.50,-1.43
96.482,0,Ceiling_log_3m (21),2.36,1.50,-1.44
96.500,0,Ceiling_3x3m (6),1.97,1.70,-1.42
96.540,0,Ceiling_3x3m (6),1.93,1.70,-1.43
96.580,0,Ceiling_3x3m (6),1.89,1.70,-1.42
96.622,0,Ceiling_3x3m (6),1.78,1.70,-1.39
96.636,0,Ceiling_3x3m (6),1.70,1.70,-1.36
96.677,0,Ceiling_log_3m (20),1.52,1.69,-1.28
96.714,0,Ceiling_log_3m (20),1.52,1.62,-1.18
96.734,0,Ceiling_log_3m (20),1.52,1.56,-1.09
96.774,0,Ceiling_log_3m (20),1.52,1.53,-0.92
96.815,0,Ceiling_log_3m (20),1.46,1.50,-0.79
96.857,0,Wall_3mx20cm_Door (1),1.41,1.48,-0.65
96.871,0,Wall_3mx20cm_Door (1),1.41,1.46,-0.57
96.915,0,Wall_3mx20cm_Door (1),1.41,1.45,-0.52
96.948,0,Wall_3mx20cm_Door (1),1.41,1.46,-0.48
96.969,0,Wall_3mx20cm_Door (1),1.41,1.48,-0.45
97.010,0,Ceiling_log_3m (20),1.51,1.50,-0.47
97.051,0,Ceiling_log_3m (20),1.52,1.57,-0.46
97.085,0,Ceiling_log_3m (20),1.52,1.63,-0.47
97.108,0,Ceiling_log_3m (20),1.52,1.63,-0.47
97.140,0,Ceiling_log_3m (20),1.52,1.67,-0.50
97.178,0,Ceiling_3x3m (7),1.57,1.70,-0.56
97.220,0,Ceiling_log_3m (20),1.52,1.67,-0.58
97.237,0,Ceiling_log_3m (20),1.52,1.66,-0.63
97.275,0,Ceiling_log_3m (20),1.52,1.62,-0.72
97.316,0,Ceiling_log_3m (20),1.52,1.66,-0.78
97.334,0,Ceiling_3x3m (7),1.55,1.70,-0.87
97.375,0,Ceiling_3x3m (7),1.70,1.70,-1.05
97.401,0,Ceiling_3x3m (6),1.74,1.70,-1.10
97.441,0,Ceiling_3x3m (6),1.83,1.70,-1.21
97.475,0,Ceiling_3x3m (6),1.93,1.70,-1.30
97.514,0,Ceiling_log_3m (21),2.41,1.50,-1.41
97.541,0,Ceiling_log_3m (21),2.44,1.50,-1.42
97.581,0,Ceiling_log_3m (21),2.42,1.50,-1.43
97.632,0,Ceiling_log_3m (21),2.42,1.50,-1.43
97.652,0,Ceiling_log_3m (21),2.44,1.50,-1.44
97.671,0,Ceiling_log_3m (21),2.45,1.50,-1.44
97.712,0,Ceiling_log_3m (21),2.43,1.50,-1.42
97.737,0,Ceiling_log_3m (21),2.44,1.50,-1.41
97.778,0,Ceiling_log_3m (21),2.46,1.52,-1.40
97.812,0,Ceiling_log_3m (21),2.46,1.54,-1.39
97.833,0,Ceiling_log_3m (21),2.46,1.56,-1.38
97.876,0,Ceiling_log_3m (21),2.46,1.58,-1.36
97.912,0,Ceiling_log_3m (21),2.46,1.56,-1.35
97.958,0,Ceiling_log_3m (21),2.46,1.55,-1.34
97.972,0,Ceiling_log_3m (21),2.46,1.55,-1.33
98.014,0,Ceiling_log_3m (21),2.46,1.57,-1.33
98.033,0,Ceiling_log_3m (21),2.46,1.58,-1.33
98.072,0,Ceiling_log_3m (21),2.46,1.57,-1.31
98.110,0,Ceiling_log_3m (21),2.46,1.58,-1.29
98.152,0,Ceiling_log_3m (21),2.46,1.57,-1.28
98.182,0,Ceiling_log_3m (21),2.46,1.59,-1.28
98.216,0,Ceiling_log_3m (21),2.46,1.61,-1.28
98.239,0,Ceiling_log_3m (21),2.46,1.62,-1.28
98.279,0,Ceiling_log_3m (21),2.46,1.63,-1.25
98.316,0,Ceiling_log_3m (21),2.46,1.63,-1.26
98.335,0,Ceiling_log_3m (21),2.46,1.63,-1.26
98.375,0,Ceiling_log_3m (21),2.46,1.59,-1.28
98.416,0,Ceiling_log_3m (21),2.46,1.57,-1.28
98.434,0,Ceiling_log_3m (21),2.46,1.56,-1.28
98.474,0,Ceiling_log_3m (21),2.46,1.57,-1.28
98.500,0,Ceiling_log_3m (21),2.46,1.58,-1.28
98.556,0,Ceiling_log_3m (21),2.46,1.57,-1.31
98.570,0,Ceiling_log_3m (21),2.46,1.59,-1.32
98.612,0,Ceiling_log_3m (21),2.46,1.63,-1.33
98.656,0,Ceiling_log_3m (21),2.46,1.63,-1.32
98.690,0,Ceiling_log_3m (21),2.46,1.62,-1.32
98.709,0,Ceiling_log_3m (21),2.46,1.60,-1.33
98.751,0,Ceiling_log_3m (21),2.46,1.58,-1.34
98.767,0,Ceiling_log_3m (21),2.46,1.55,-1.34
98.827,0,Ceiling_log_3m (21),2.46,1.53,-1.35
98.850,0,Ceiling_log_3m (21),2.46,1.53,-1.36
98.877,0,Ceiling_log_3m (21),2.46,1.52,-1.37
98.909,0,Ceiling_log_3m (21),2.46,1.51,-1.37
98.933,0,Ceiling_log_3m (21),2.46,1.52,-1.37
98.974,0,Ceiling_log_3m (21),2.46,1.52,-1.35
99.015,0,Ceiling_log_3m (21),2.46,1.53,-1.34
99.047,0,Ceiling_log_3m (21),2.38,1.50,-1.32
99.072,0,Ceiling_log_3m (21),2.36,1.50,-1.31
99.112,0,Ceiling_log_3m (21),2.40,1.50,-1.31
99.144,0,Ceiling_log_3m (21),2.40,1.50,-1.34
99.170,0,Ceiling_log_3m (21),2.41,1.50,-1.36
99.211,0,Ceiling_log_3m (21),2.37,1.50,-1.38
99.243,0,Ceiling_3x3m (6),1.94,1.70,-1.35
99.266,0,Ceiling_3x3m (6),1.96,1.70,-1.35
99.300,0,Ceiling_3x3m (6),1.96,1.70,-1.37
99.340,0,Ceiling_3x3m (6),1.95,1.70,-1.40
99.379,0,Ceiling_3x3m (6),1.86,1.70,-1.42
99.420,0,Ceiling_3x3m (6),1.80,1.70,-1.44
99.441,0,Ceiling_3x3m (6),1.74,1.70,-1.46
99.480,0,Ceiling_3x3m (6),1.79,1.70,-1.49
99.504,0,Ceiling_3x3m (6),1.83,1.70,-1.51
99.538,0,Ceiling_3x3m (6),1.84,1.70,-1.55
99.578,0,Ceiling_3x3m (6),1.73,1.70,-1.57
99.603,0,Ceiling_3x3m (6),1.73,1.70,-1.58
99.636,0,Ceiling_3x3m (6),1.71,1.70,-1.60
99.677,0,Ceiling_3x3m (6),1.72,1.70,-1.62
99.700,0,Ceiling_3x3m (6),1.72,1.70,-1.63
99.738,0,Ceiling_3x3m (6),1.68,1.70,-1.62
99.782,0,Ceiling_3x3m (6),1.63,1.70,-1.62
99.817,0,Ceiling_3x3m (6),1.63,1.70,-1.62
99.837,0,Ceiling_3x3m (6),1.63,1.70,-1.62
99.880,0,Ceiling_3x3m (6),1.72,1.70,-1.62
99.921,0,Ceiling_3x3m (6),1.77,1.70,-1.63
99.938,0,Ceiling_3x3m (6),1.79,1.70,-1.63
99.977,0,Ceiling_3x3m (6),1.84,1.70,-1.63
100.018,0,Ceiling_3x3m (6),1.75,1.70,-1.61
100.036,0,Ceiling_3x3m (6),1.67,1.70,-1.60
100.076,0,Ceiling_3x3m (6),1.63,1.70,-1.60
100.100,0,Ceiling_3x3m (6),1.69,1.70,-1.61
100.135,0,Ceiling_3x3m (6),1.79,1.70,-1.60
100.174,0,Ceiling_3x3m (6),1.86,1.70,-1.60
100.213,0,Ceiling_3x3m (6),1.88,1.70,-1.59
100.255,0,Ceiling_3x3m (6),1.93,1.70,-1.58
100.271,0,Ceiling_3x3m (6),1.96,1.70,-1.58
100.310,0,Ceiling_3x3m (6),1.91,1.70,-1.57
100.352,0,Ceiling_3x3m (6),1.87,1.70,-1.56
100.370,0,Ceiling_3x3m (6),1.88,1.70,-1.56
100.409,0,Ceiling_3x3m (6),1.97,1.70,-1.56
100.435,0,Ceiling_log_3m (21),2.36,1.50,-1.57
100.469,0,Ceiling_log_3m (21),2.41,1.50,-1.56
100.508,0,Ceiling_log_3m (21),2.45,1.50,-1.54
100.547,0,Ceiling_log_3m (21),2.46,1.50,-1.52
100.566,0,Ceiling_log_3m (21),2.46,1.51,-1.51
100.605,0,Ceiling_log_3m (21),2.46,1.51,-1.50
100.644,0,Ceiling_log_3m (21),2.43,1.50,-1.50
100.687,0,Ceiling_log_3m (21),2.46,1.51,-1.50
100.702,0,Ceiling_log_3m (21),2.46,1.53,-1.50
100.742,0,Ceiling_log_3m (21),2.46,1.56,-1.49
100.783,0,Ceiling_log_3m (21),2.46,1.54,-1.49
100.806,0,Ceiling_log_3m (21),2.46,1.53,-1.49
100.855,0,Ceiling_log_3m (21),2.46,1.56,-1.47
100.890,0,Ceiling_log_3m (21),2.46,1.57,-1.47
100.911,0,Ceiling_log_3m (21),2.46,1.58,-1.47
100.938,0,Ceiling_log_3m (21),2.46,1.58,-1.46
100.970,0,Ceiling_log_3m (21),2.46,1.57,-1.46
101.010,0,Ceiling_log_3m (21),2.46,1.57,-1.45
101.038,0,Ceiling_log_3m (21),2.46,1.58,-1.45
101.073,0,Ceiling_log_3m (21),2.46,1.55,-1.44
101.119,0,Ceiling_log_3m (21),2.46,1.51,-1.44
101.133,0,Ceiling_log_3m (21),2.39,1.50,-1.44
101.174,0,Ceiling_3x3m (6),1.90,1.70,-1.38
101.215,0,Ceiling_3x3m (6),1.83,1.70,-1.38
101.258,0,Ceiling_3x3m (6),1.92,1.70,-1.39
101.271,0,Ceiling_log_3m (21),2.37,1.50,-1.44
101.312,0,Ceiling_log_3m (21),2.44,1.50,-1.45
101.347,0,Ceiling_3x3m (6),1.91,1.70,-1.42
101.368,0,Ceiling_3x3m (6),1.81,1.70,-1.40
101.404,0,Ceiling_3x3m (6),1.92,1.70,-1.38
101.445,0,Ceiling_log_3m (21),2.46,1.51,-1.46
101.468,0,Ceiling_log_3m (21),2.46,1.54,-1.45
101.503,0,Ceiling_log_3m (21),2.46,1.63,-1.45
101.541,0,Ceiling_log_3m (21),2.46,1.67,-1.46
101.579,0,Ceiling_log_3m (21),2.46,1.61,-1.45
101.607,0,Ceiling_log_3m (21),2.46,1.63,-1.44
101.647,0,Ceiling_log_3m (21),2.46,1.65,-1.45
101.697,0,Ceiling_log_3m (21),2.46,1.66,-1.45
101.718,0,Ceiling_log_3m (21),2.46,1.66,-1.44
101.735,0,Ceiling_log_3m (21),2.46,1.66,-1.45
101.775,0,Ceiling_log_3m (21),2.46,1.66,-1.45
101.802,0,Ceiling_log_3m (21),2.46,1.66,-1.44
101.834,0,Ceiling_log_3m (21),2.46,1.68,-1.44
101.874,0,Ceiling_log_3m (21),2.46,1.66,-1.44
101.913,0,Ceiling_log_3m (21),2.46,1.66,-1.45
101.955,0,Ceiling_log_3m (21),2.46,1.68,-1.45
101.971,0,Ceiling_log_3m (21),2.46,1.69,-1.45
102.012,0,Ceiling_3x3m (6),2.50,1.70,-1.44
102.052,0,Ceiling_3x3m (6),2.51,1.70,-1.42
102.070,0,Ceiling_3x3m (6),2.53,1.70,-1.42
102.110,0,Ceiling_3x3m (6),2.53,1.70,-1.40
102.152,0,Ceiling_3x3m (6),2.53,1.70,-1.38
102.179,0,Ceiling_3x3m (6),2.54,1.70,-1.37
102.213,0,Ceiling_3x3m (6),2.55,1.70,-1.34
102.234,0,Ceiling_3x3m (6),2.57,1.70,-1.32
102.279,0,Ceiling_3x3m (6),2.61,1.70,-1.29
102.312,0,Ceiling_3x3m (6),2.66,1.70,-1.26
102.351,0,Ceiling_3x3m (6),2.79,1.70,-1.24
102.372,0,Ceiling_3x3m (6),2.83,1.70,-1.23
102.415,0,Ceiling_3x3m (6),2.93,1.70,-1.21
102.456,0,Ceiling_3x3m (6),3.03,1.70,-1.19
102.471,0,Ceiling_log_3m (22),3.36,1.50,-1.22
102.530,0,Ceiling_log_3m (22),3.39,1.50,-1.15
102.554,0,Ceiling_log_3m (22),3.43,1.50,-1.12
102.569,0,Ceiling_log_3m (22),3.45,1.52,-1.08
102.611,0,Ceiling_log_3m (22),3.45,1.53,-1.01
102.637,0,Ceiling_log_3m (22),3.45,1.54,-0.99
102.669,0,Ceiling_log_3m (22),3.45,1.55,-0.94
102.709,0,Ceiling_log_3m (22),3.45,1.59,-0.83
102.735,0,Ceiling_log_3m (22),3.45,1.60,-0.79
102.775,0,Ceiling_log_3m (22),3.45,1.64,-0.67
102.809,0,Ceiling_log_3m (22),3.45,1.69,-0.53
102.848,0,Ceiling_3x3m (9),3.53,1.70,-0.42
102.873,0,Ceiling_3x3m (9),3.56,1.70,-0.40
102.917,0,Ceiling_3x3m (9),3.64,1.70,-0.32
102.950,0,Wall_3mx20cm_Wood_Panels (2),3.75,1.64,-0.31
102.971,0,Wall_3mx20cm_Wood_Panels (2),3.86,1.59,-0.31
103.012,0,Wall_3mx20cm_Wood_Panels (2),3.96,1.53,-0.31
103.048,0,Wall_3mx20cm_Wood_Panels (2),4.04,1.50,-0.31
103.067,0,Wall_3mx20cm_Wood_Panels (2),4.07,1.50,-0.31
103.109,0,Wall_3mx20cm_Wood_Panels (2),4.14,1.48,-0.31
103.147,0,Wall_3mx20cm_Wood_Panels (2),4.19,1.46,-0.31
103.167,0,Wall_3mx20cm_Wood_Panels (2),4.21,1.46,-0.31
103.223,0,Wall_3mx20cm_Wood_Panels (2),4.24,1.44,-0.31
103.249,0,Wall_3mx20cm_Wood_Panels (2),4.26,1.43,-0.31
103.290,0,Wall_3mx20cm_Wood_Panels (2),4.27,1.42,-0.31
103.306,0,Wall_3mx20cm_Wood_Panels (2),4.27,1.41,-0.31
103.348,0,Wall_3mx20cm_Wood_Panels (2),4.28,1.41,-0.31
103.382,0,Wall_3mx20cm_Wood_Panels (2),4.28,1.41,-0.31
103.401,0,Wall_3mx20cm_Wood_Panels (2),4.29,1.40,-0.31
103.443,0,Wall_3mx20cm_Wood_Panels (2),4.30,1.39,-0.31
103.484,0,Wall_3mx20cm_Wood_Panels (2),4.31,1.38,-0.31
103.500,0,Wall_3mx20cm_Wood_Panels (2),4.32,1.37,-0.31
103.541,0,Wall_3mx20cm_Wood_Panels (2),4.33,1.37,-0.31
103.578,0,Wall_3mx20cm_Wood_Panels (2),4.33,1.36,-0.31
103.617,0,Wall_3mx20cm_Wood_Panels (2),4.34,1.34,-0.31
103.638,0,Wall_3mx20cm_Wood_Panels (2),4.34,1.34,-0.31
103.680,0,Wall_3mx20cm_Wood_Panels (2),4.34,1.32,-0.31
103.722,0,Wall_3mx20cm_Wood_Panels (2),4.35,1.30,-0.31
103.737,0,Wall_3mx20cm_Wood_Panels (2),4.35,1.29,-0.31
103.782,0,Wall_3mx20cm_Wood_Panels (2),4.36,1.27,-0.31
103.805,0,Wall_3mx20cm_Wood_Panels (2),4.36,1.26,-0.31
103.858,0,Wall_3mx20cm_Wood_Panels (2),4.36,1.24,-0.31
103.876,0,Wall_3mx20cm_Wood_Panels (2),4.37,1.23,-0.31
103.919,0,Wall_3mx20cm_Wood_Panels (2),4.37,1.20,-0.31
103.945,0,Wall_3mx20cm_Wood_Panels (2),4.36,1.19,-0.31
103.998,0,Wall_3mx20cm_Wood_Panels (2),4.36,1.17,-0.31
104.016,0,Wall_3mx20cm_Wood_Panels (2),4.36,1.15,-0.31
104.034,0,Wall_3mx20cm_Wood_Panels (2),4.36,1.13,-0.31
104.073,0,Wall_3mx20cm_Wood_Panels (2),4.36,1.11,-0.31
104.115,0,Wall_3mx20cm_Wood_Panels (2),4.36,1.09,-0.31
104.139,0,Wall_3mx20cm_Wood_Panels (2),4.36,1.08,-0.31
104.194,0,Wall_3mx20cm_Wood_Panels (2),4.36,1.05,-0.31
104.213,0,Wall_3mx20cm_Wood_Panels (2),4.36,1.03,-0.31
104.238,0,Wall_3mx20cm_Wood_Panels (2),4.36,1.02,-0.31
104.274,0,Wall_3mx20cm_Wood_Panels (2),4.35,1.01,-0.31
104.312,0,Wall_3mx20cm_Wood_Panels (2),4.34,1.00,-0.31
104.334,0,Wall_3mx20cm_Wood_Panels (2),4.33,0.99,-0.31
104.377,0,Wall_3mx20cm_Wood_Panels (2),4.31,0.97,-0.31
104.414,0,Wall_3mx20cm_Wood_Panels (2),4.28,0.96,-0.31
104.435,0,Wall_3mx20cm_Wood_Panels (2),4.28,0.96,-0.31
104.491,0,Wall_3mx20cm_Wood_Panels (2),4.26,0.96,-0.31
104.517,0,Wall_3mx20cm_Wood_Panels (2),4.24,0.95,-0.31
104.549,0,Wall_3mx20cm_Wood_Panels (2),4.23,0.93,-0.31
104.572,0,Wall_3mx20cm_Wood_Panels (2),4.22,0.92,-0.31
104.613,0,Wall_3mx20cm_Wood_Panels (2),4.21,0.93,-0.31
104.646,0,Wall_3mx20cm_Wood_Panels (2),4.20,0.94,-0.31
104.669,0,Wall_3mx20cm_Wood_Panels (2),4.19,0.95,-0.31
104.705,0,Wall_3mx20cm_Wood_Panels (2),4.18,0.96,-0.31
104.746,0,Wall_3mx20cm_Wood_Panels (2),4.18,0.97,-0.31
104.767,0,Wall_3mx20cm_Wood_Panels (2),4.19,0.98,-0.31
104.809,0,Wall_3mx20cm_Wood_Panels (2),4.18,0.96,-0.31
104.843,0,Wall_3mx20cm_Wood_Panels (2),4.19,0.96,-0.31
104.882,0,Wall_3mx20cm_Wood_Panels (2),4.19,0.99,-0.31
104.905,0,Wall_3mx20cm_Wood_Panels (2),4.19,0.98,-0.31
104.939,0,Wall_3mx20cm_Wood_Panels (2),4.19,0.98,-0.31
104.979,0,Wall_3mx20cm_Wood_Panels (2),4.20,0.93,-0.31
105.003,0,Wall_3mx20cm_Wood_Panels (2),4.21,0.94,-0.31
105.036,0,Wall_3mx20cm_Wood_Panels (2),4.24,0.92,-0.31
105.075,0,Wall_3mx20cm_Wood_Panels (2),4.25,0.92,-0.31
105.115,0,Wall_3mx20cm_Wood_Panels (2),4.25,0.89,-0.31
105.134,0,Wall_3mx20cm_Wood_Panels (2),4.27,0.88,-0.31
105.172,0,Wall_3mx20cm_Wood_Panels (2),4.29,0.89,-0.31
105.213,0,Wall_3mx20cm_Wood_Panels (2),4.32,0.88,-0.31
105.254,0,Wall_3mx20cm_Wood_Panels (2),4.36,0.86,-0.31
105.270,0,Wall_3mx20cm_Wood_Panels (2),4.38,0.83,-0.31
105.310,0,Wall_3mx20cm_Wood_Panels (2),4.41,0.76,-0.31
105.351,0,Wall_3mx20cm_Wood_Panels (3),4.44,0.77,-0.31
105.368,0,Wall_3mx20cm_Wood_Panels (3),4.47,0.74,-0.31
105.406,0,Wall_3mx20cm_Wood_Panels (3),4.50,0.73,-0.31
105.448,0,Wall_3mx20cm_Wood_Panels (3),4.51,0.72,-0.31
105.489,0,Wall_3mx20cm_Wood_Panels (3),4.53,0.70,-0.31
105.506,0,Wall_3mx20cm_Wood_Panels (3),4.55,0.70,-0.31
105.545,0,Wall_3mx20cm_Wood_Panels (3),4.57,0.69,-0.31
105.581,0,Wall_3mx20cm_Wood_Panels (3),4.58,0.69,-0.31
105.600,0,Wall_3mx20cm_Wood_Panels (3),4.59,0.70,-0.31
105.643,0,Wall_3mx20cm_Wood_Panels (3),4.61,0.70,-0.31
105.685,0,Wall_3mx20cm_Wood_Panels (3),4.63,0.70,-0.31
105.700,0,Wall_3mx20cm_Wood_Panels (3),4.64,0.68,-0.31
105.739,0,Wall_3mx20cm_Wood_Panels (3),4.64,0.68,-0.31
105.781,0,Wall_3mx20cm_Wood_Panels (3),4.65,0.67,-0.31
105.816,0,Wall_3mx20cm_Wood_Panels (3),4.65,0.67,-0.31
105.837,0,Wall_3mx20cm_Wood_Panels (3),4.66,0.68,-0.31
105.878,0,Wall_3mx20cm_Wood_Panels (3),4.65,0.67,-0.31
105.911,0,Wall_3mx20cm_Wood_Panels (3),4.66,0.67,-0.31
105.935,0,Wall_3mx20cm_Wood_Panels (3),4.66,0.67,-0.31
105.969,0,Wall_3mx20cm_Wood_Panels (3),4.66,0.67,-0.31
106.008,0,Wall_3mx20cm_Wood_Panels (3),4.67,0.66,-0.31
106.047,0,Wall_3mx20cm_Wood_Panels (3),4.68,0.68,-0.31
106.073,0,Wall_3mx20cm_Wood_Panels (3),4.69,0.67,-0.31
106.105,0,Wall_3mx20cm_Wood_Panels (3),4.70,0.66,-0.31
106.145,0,Wall_3mx20cm_Wood_Panels (3),4.70,0.66,-0.31
106.169,0,Wall_3mx20cm_Wood_Panels (3),4.70,0.65,-0.31
106.203,0,Wall_3mx20cm_Wood_Panels (3),4.71,0.63,-0.31
106.242,0,Wall_3mx20cm_Wood_Panels (3),4.72,0.61,-0.31
106.282,0,Wall_3mx20cm_Wood_Panels (3),4.72,0.61,-0.31
106.301,0,Wall_3mx20cm_Wood_Panels (3),4.73,0.60,-0.31
106.339,0,Wall_3mx20cm_Wood_Panels (3),4.74,0.59,-0.31
106.366,0,Wall_3mx20cm_Wood_Panels (3),4.74,0.60,-0.31
106.420,0,Wall_3mx20cm_Wood_Panels (3),4.75,0.59,-0.31
106.435,0,Wall_3mx20cm_Wood_Panels (3),4.77,0.59,-0.31
106.476,0,Wall_3mx20cm_Wood_Panels (3),4.78,0.58,-0.31
106.511,0,Wall_3mx20cm_Wood_Panels (3),4.79,0.57,-0.31
106.532,0,Wall_3mx20cm_Wood_Panels (3),4.79,0.57,-0.31
106.575,0,Wall_3mx20cm_Wood_Panels (3),4.80,0.56,-0.31
106.607,0,Wall_3mx20cm_Wood_Panels (3),4.81,0.57,-0.31
106.648,0,Wall_3mx20cm_Wood_Panels (3),4.82,0.57,-0.31
106.672,0,Wall_3mx20cm_Wood_Panels (3),4.83,0.57,-0.31
106.712,0,Wall_3mx20cm_Wood_Panels (3),4.83,0.59,-0.31
106.755,0,Wall_3mx20cm_Wood_Panels (3),4.84,0.59,-0.31
106.770,0,Wall_3mx20cm_Wood_Panels (3),4.85,0.59,-0.31
106.810,0,Wall_3mx20cm_Wood_Panels (3),4.85,0.59,-0.31
106.855,0,Wall_3mx20cm_Wood_Panels (3),4.87,0.59,-0.31
106.887,0,Wall_3mx20cm_Wood_Panels (3),4.87,0.60,-0.31
106.909,0,Wall_3mx20cm_Wood_Panels (3),4.87,0.59,-0.31
106.950,0,Wall_3mx20cm_Wood_Panels (3),4.88,0.58,-0.31
106.968,0,Wall_3mx20cm_Wood_Panels (3),4.89,0.59,-0.31
107.008,0,Wall_3mx20cm_Wood_Panels (3),4.91,0.59,-0.31
107.047,0,Wall_3mx20cm_Wood_Panels (3),4.92,0.58,-0.31
107.067,0,Wall_3mx20cm_Wood_Panels (3),4.93,0.57,-0.31
107.106,0,Wall_3mx20cm_Wood_Panels (3),4.93,0.57,-0.31
107.145,0,Wall_3mx20cm_Wood_Panels (3),4.92,0.56,-0.31
107.188,0,Wall_3mx20cm_Wood_Panels (3),4.92,0.59,-0.31
107.203,0,Wall_3mx20cm_Wood_Panels (3),4.92,0.61,-0.31
107.243,0,Wall_3mx20cm_Wood_Panels (3),4.92,0.62,-0.31
107.285,0,Wall_3mx20cm_Wood_Panels (3),4.92,0.61,-0.31
107.302,0,Wall_3mx20cm_Wood_Panels (3),4.92,0.60,-0.31
107.343,0,Wall_3mx20cm_Wood_Panels (3),4.94,0.58,-0.31
107.384,0,Wall_3mx20cm_Wood_Panels (3),4.96,0.59,-0.31
107.411,0,Wall_3mx20cm_Wood_Panels (3),4.97,0.58,-0.31
107.444,0,Wall_3mx20cm_Wood_Panels (3),4.99,0.58,-0.31
107.466,0,Wall_3mx20cm_Wood_Panels (3),5.01,0.57,-0.31
107.509,0,Wall_3mx20cm_Wood_Panels (3),5.04,0.57,-0.31
107.542,0,Wall_3mx20cm_Wood_Panels (3),5.06,0.57,-0.31
107.582,0,Wall_3mx20cm_Wood_Panels (3),5.11,0.55,-0.31
107.606,0,Wall_3mx20cm_Wood_Panels (3),5.12,0.55,-0.31
107.641,0,Wall_3mx20cm_Wood_Panels (3),5.15,0.54,-0.31
107.681,0,Wall_3mx20cm_Wood_Panels (3),5.16,0.52,-0.31
107.704,0,Wall_3mx20cm_Wood_Panels (3),5.17,0.52,-0.31
107.745,0,Wall_3mx20cm_Wood_Panels (3),5.19,0.51,-0.31
107.780,0,Wall_3mx20cm_Wood_Panels (3),5.20,0.47,-0.31
107.801,0,Wall_3mx20cm_Wood_Panels (3),5.20,0.47,-0.31
107.843,0,Wall_3mx20cm_Wood_Panels (3),5.21,0.46,-0.31
107.884,0,Wall_3mx20cm_Wood_Panels (3),5.22,0.44,-0.31
107.899,0,Wall_3mx20cm_Wood_Panels (3),5.24,0.44,-0.31
107.940,0,Wall_3mx20cm_Wood_Panels (3),5.26,0.46,-0.31
107.982,0,Wall_3mx20cm_Wood_Panels (3),5.27,0.46,-0.31
108.015,0,Wall_3mx20cm_Wood_Panels (3),5.29,0.48,-0.31
108.039,0,Wall_3mx20cm_Wood_Panels (3),5.29,0.47,-0.31
108.080,0,Wall_3mx20cm_Wood_Panels (3),5.29,0.46,-0.31
108.114,0,Wall_3mx20cm_Wood_Panels (3),5.29,0.46,-0.31
108.135,0,Wall_3mx20cm_Wood_Panels (3),5.29,0.46,-0.31
108.177,0,Wall_3mx20cm_Wood_Panels (3),5.29,0.46,-0.31
108.214,0,Wall_3mx20cm_Wood_Panels (3),5.29,0.47,-0.31
108.233,0,Wall_3mx20cm_Wood_Panels (3),5.29,0.47,-0.31
108.274,0,Wall_3mx20cm_Wood_Panels (3),5.28,0.47,-0.31
108.317,0,Wall_3mx20cm_Wood_Panels (3),5.28,0.47,-0.31
108.349,0,Wall_3mx20cm_Wood_Panels (3),5.27,0.47,-0.31
108.371,0,Wall_3mx20cm_Wood_Panels (3),5.27,0.47,-0.31
108.413,0,Wall_3mx20cm_Wood_Panels (3),5.27,0.47,-0.31
108.447,0,Wall_3mx20cm_Wood_Panels (3),5.27,0.48,-0.31
108.469,0,Wall_3mx20cm_Wood_Panels (3),5.27,0.48,-0.31
108.511,0,Wall_3mx20cm_Wood_Panels (3),5.27,0.47,-0.31
108.544,0,Wall_3mx20cm_Wood_Panels (3),5.27,0.47,-0.31
108.583,0,Wall_3mx20cm_Wood_Panels (3),5.28,0.46,-0.31
108.608,0,Wall_3mx20cm_Wood_Panels (3),5.28,0.46,-0.31
108.642,0,Wall_3mx20cm_Wood_Panels (3),5.28,0.47,-0.31
108.681,0,Wall_3mx20cm_Wood_Panels (3),5.28,0.47,-0.31
108.706,0,Wall_3mx20cm_Wood_Panels (3),5.28,0.47,-0.31
108.749,0,Wall_3mx20cm_Wood_Panels (3),5.27,0.46,-0.31
108.781,0,Wall_3mx20cm_Wood_Panels (3),5.27,0.45,-0.31
108.801,0,Wall_3mx20cm_Wood_Panels (3),5.27,0.45,-0.31
108.844,0,Wall_3mx20cm_Wood_Panels (3),5.27,0.45,-0.31
108.880,0,Wall_3mx20cm_Wood_Panels (3),5.27,0.45,-0.31
108.919,0,Wall_3mx20cm_Wood_Panels (3),5.26,0.44,-0.31
108.940,0,Wall_3mx20cm_Wood_Panels (3),5.25,0.44,-0.31
108.982,0,Wall_3mx20cm_Wood_Panels (3),5.24,0.44,-0.31
109.015,0,Wall_3mx20cm_Wood_Panels (3),5.24,0.43,-0.31
109.038,0,Wall_3mx20cm_Wood_Panels (3),5.24,0.43,-0.31
109.081,0,Wall_3mx20cm_Wood_Panels (3),5.24,0.43,-0.31
109.116,0,Wall_3mx20cm_Wood_Panels (3),5.25,0.44,-0.31
109.136,0,Wall_3mx20cm_Wood_Panels (3),5.25,0.45,-0.31
109.178,0,Wall_3mx20cm_Wood_Panels (3),5.24,0.46,-0.31
109.219,0,Wall_3mx20cm_Wood_Panels (3),5.23,0.47,-0.31
109.235,0,Wall_3mx20cm_Wood_Panels (3),5.23,0.48,-0.31
109.275,0,Wall_3mx20cm_Wood_Panels (3),5.22,0.48,-0.31
109.317,0,Wall_3mx20cm_Wood_Panels (3),5.20,0.46,-0.31
109.350,0,Wall_3mx20cm_Wood_Panels (3),5.19,0.45,-0.31
109.374,0,Wall_3mx20cm_Wood_Panels (3),5.19,0.44,-0.31
109.408,0,Wall_3mx20cm_Wood_Panels (3),5.17,0.42,-0.31
109.447,0,Wall_3mx20cm_Wood_Panels (3),5.16,0.41,-0.31
109.470,0,Wall_3mx20cm_Wood_Panels (3),5.17,0.41,-0.31
109.505,0,Wall_3mx20cm_Wood_Panels (3),5.17,0.41,-0.31
109.543,0,Wall_3mx20cm_Wood_Panels (3),5.17,0.42,-0.31
109.567,0,Wall_3mx20cm_Wood_Panels (3),5.16,0.42,-0.31
109.601,0,Wall_3mx20cm_Wood_Panels (3),5.17,0.42,-0.31
109.640,0,Wall_3mx20cm_Wood_Panels (3),5.18,0.43,-0.31
109.679,0,Wall_3mx20cm_Wood_Panels (3),5.18,0.44,-0.31
109.720,0,Wall_3mx20cm_Wood_Panels (3),5.19,0.44,-0.31
109.738,0,Wall_3mx20cm_Wood_Panels (3),5.19,0.44,-0.31
109.777,0,Wall_3mx20cm_Wood_Panels (3),5.19,0.45,-0.31
109.799,0,Wall_3mx20cm_Wood_Panels (3),5.19,0.45,-0.31
109.839,0,Wall_3mx20cm_Wood_Panels (3),5.19,0.45,-0.31
109.879,0,Wall_3mx20cm_Wood_Panels (3),5.19,0.45,-0.31
109.900,0,Wall_3mx20cm_Wood_Panels (3),5.19,0.45,-0.31
109.935,0,Wall_3mx20cm_Wood_Panels (3),5.18,0.44,-0.31
109.974,0,Wall_3mx20cm_Wood_Panels (3),5.18,0.44,-0.31
110.014,0,Wall_3mx20cm_Wood_Panels (3),5.17,0.42,-0.31
110.041,0,Wall_3mx20cm_Wood_Panels (3),5.16,0.42,-0.31
110.073,0,Wall_3mx20cm_Wood_Panels (3),5.15,0.41,-0.31
110.111,0,Wall_3mx20cm_Wood_Panels (3),5.15,0.42,-0.31
110.151,0,Wall_3mx20cm_Wood_Panels (3),5.14,0.43,-0.31
110.171,0,Wall_3mx20cm_Wood_Panels (3),5.14,0.44,-0.31
110.209,0,Wall_3mx20cm_Wood_Panels (3),5.14,0.46,-0.31
110.250,0,Wall_3mx20cm_Wood_Panels (3),5.13,0.46,-0.31
110.266,0,Wall_3mx20cm_Wood_Panels (3),5.13,0.46,-0.31
110.305,0,Wall_3mx20cm_Wood_Panels (3),5.13,0.45,-0.31
110.347,0,Wall_3mx20cm_Wood_Panels (3),5.13,0.44,-0.31
110.389,0,Wall_3mx20cm_Wood_Panels (3),5.14,0.46,-0.31
110.403,0,Wall_3mx20cm_Wood_Panels (3),5.15,0.45,-0.31
110.446,0,Wall_3mx20cm_Wood_Panels (3),5.15,0.47,-0.31
110.488,0,Wall_3mx20cm_Wood_Panels (3),5.14,0.46,-0.31
110.502,0,Wall_3mx20cm_Wood_Panels (3),5.14,0.45,-0.31
110.543,0,Wall_3mx20cm_Wood_Panels (3),5.13,0.44,-0.31
110.584,0,Wall_3mx20cm_Wood_Panels (3),5.13,0.45,-0.31
110.618,0,Wall_3mx20cm_Wood_Panels (3),5.13,0.45,-0.31
110.640,0,Wall_3mx20cm_Wood_Panels (3),5.13,0.45,-0.31
110.682,0,Wall_3mx20cm_Wood_Panels (3),5.13,0.45,-0.31
110.719,0,Wall_3mx20cm_Wood_Panels (3),5.14,0.44,-0.31
110.738,0,Wall_3mx20cm_Wood_Panels (3),5.15,0.45,-0.31
110.780,0,Wall_3mx20cm_Wood_Panels (3),5.16,0.45,-0.31
110.821,0,Wall_3mx20cm_Wood_Panels (3),5.18,0.46,-0.31
110.839,0,Wall_3mx20cm_Wood_Panels (3),5.18,0.47,-0.31
110.880,0,Wall_3mx20cm_Wood_Panels (3),5.18,0.48,-0.31
110.907,0,Wall_3mx20cm_Wood_Panels (3),5.18,0.47,-0.31
110.939,0,Wall_3mx20cm_Wood_Panels (3),5.18,0.47,-0.31
110.978,0,Wall_3mx20cm_Wood_Panels (3),5.18,0.47,-0.31
111.002,0,Wall_3mx20cm_Wood_Panels (3),5.18,0.47,-0.31
111.036,0,Wall_3mx20cm_Wood_Panels (3),5.18,0.46,-0.31
111.075,0,Wall_3mx20cm_Wood_Panels (3),5.17,0.45,-0.31
111.101,0,Wall_3mx20cm_Wood_Panels (3),5.16,0.45,-0.31
111.144,0,Wall_3mx20cm_Wood_Panels (3),5.13,0.45,-0.31
111.181,0,Wall_3mx20cm_Wood_Panels (3),5.12,0.47,-0.31
111.199,0,Wall_3mx20cm_Wood_Panels (3),5.11,0.49,-0.31
111.245,0,Wall_3mx20cm_Wood_Panels (3),5.08,0.50,-0.31
111.269,0,Wall_3mx20cm_Wood_Panels (3),5.07,0.51,-0.31
111.304,0,Wall_3mx20cm_Wood_Panels (3),5.06,0.51,-0.31
111.350,0,Wall_3mx20cm_Wood_Panels (3),5.04,0.52,-0.31
111.368,0,Wall_3mx20cm_Wood_Panels (3),5.03,0.54,-0.31
111.407,0,Wall_3mx20cm_Wood_Panels (3),5.01,0.57,-0.31
111.449,0,Wall_3mx20cm_Wood_Panels (3),4.99,0.57,-0.31
111.465,0,Wall_3mx20cm_Wood_Panels (3),4.97,0.58,-0.31
111.506,0,Wall_3mx20cm_Wood_Panels (3),4.94,0.53,-0.31
111.536,0,Wall_3mx20cm_Wood_Panels (3),4.94,0.53,-0.31
111.588,0,Wall_3mx20cm_Wood_Panels (3),4.95,0.53,-0.31
111.603,0,Wall_3mx20cm_Wood_Panels (3),4.96,0.53,-0.31
111.644,0,Wall_3mx20cm_Wood_Panels (3),4.96,0.51,-0.31
111.684,0,Wall_3mx20cm_Wood_Panels (3),4.98,0.50,-0.31
111.702,0,Wall_3mx20cm_Wood_Panels (3),4.99,0.51,-0.31
111.761,0,Wall_3mx20cm_Wood_Panels (3),5.00,0.52,-0.31
111.781,0,Wall_3mx20cm_Wood_Panels (3),5.01,0.52,-0.31
111.801,0,Wall_3mx20cm_Wood_Panels (3),5.01,0.52,-0.31
111.842,0,Wall_3mx20cm_Wood_Panels (3),5.01,0.51,-0.31
111.865,0,Wall_3mx20cm_Wood_Panels (3),5.01,0.49,-0.31
111.907,0,Wall_3mx20cm_Wood_Panels (3),5.03,0.50,-0.31
111.936,0,Wall_3mx20cm_Wood_Panels (3),5.04,0.50,-0.31
111.985,0,Wall_3mx20cm_Wood_Panels (3),5.06,0.49,-0.31
112.005,0,Wall_3mx20cm_Wood_Panels (3),5.07,0.49,-0.31
112.047,0,Wall_3mx20cm_Wood_Panels (3),5.08,0.47,-0.31
112.090,0,Wall_3mx20cm_Wood_Panels (3),5.09,0.48,-0.31
112.125,0,Wall_3mx20cm_Wood_Panels (3),5.09,0.47,-0.31
112.149,0,Wall_3mx20cm_Wood_Panels (3),5.09,0.47,-0.31
112.175,0,Wall_3mx20cm_Wood_Panels (3),5.08,0.44,-0.31
112.208,0,Wall_3mx20cm_Wood_Panels (3),5.06,0.42,-0.31
112.248,0,Wall_3mx20cm_Wood_Panels (3),5.03,0.43,-0.31
112.267,0,Wall_3mx20cm_Wood_Panels (3),5.03,0.46,-0.31
112.310,0,Wall_3mx20cm_Wood_Panels (3),5.00,0.49,-0.31
112.351,0,Wall_3mx20cm_Wood_Panels (3),4.98,0.52,-0.31
112.370,0,Wall_3mx20cm_Wood_Panels (3),4.97,0.54,-0.31
112.408,0,Wall_3mx20cm_Wood_Panels (3),4.95,0.56,-0.31
112.437,0,Wall_3mx20cm_Wood_Panels (3),4.96,0.57,-0.31
112.467,0,Wall_3mx20cm_Wood_Panels (3),4.96,0.58,-0.31
112.518,0,Wall_3mx20cm_Wood_Panels (3),4.96,0.56,-0.31
112.548,0,Wall_3mx20cm_Wood_Panels (3),4.97,0.56,-0.31
112.570,0,Wall_3mx20cm_Wood_Panels (3),4.98,0.57,-0.31
112.609,0,Wall_3mx20cm_Wood_Panels (3),4.99,0.59,-0.31
112.655,0,Wall_3mx20cm_Wood_Panels (3),5.01,0.62,-0.31
112.687,0,Wall_3mx20cm_Wood_Panels (3),5.02,0.64,-0.31
112.710,0,Wall_3mx20cm_Wood_Panels (3),5.03,0.66,-0.31
112.748,0,Wall_3mx20cm_Wood_Panels (3),5.06,0.70,-0.31
112.768,0,Wall_3mx20cm_Wood_Panels (3),5.09,0.73,-0.31
112.826,0,Wall_3mx20cm_Wood_Panels (3),5.11,0.73,-0.31
112.849,0,Wall_3mx20cm_Wood_Panels (3),5.10,0.70,-0.31
112.888,0,Wall_3mx20cm_Wood_Panels (3),5.10,0.67,-0.31
112.907,0,Wall_3mx20cm_Wood_Panels (3),5.09,0.66,-0.31
112.967,0,Wall_3mx20cm_Wood_Panels (3),5.08,0.63,-0.31
112.967,0,Wall_3mx20cm_Wood_Panels (3),5.08,0.63,-0.31
113.025,0,Wall_3mx20cm_Wood_Panels (3),5.05,0.60,-0.31
113.046,0,Wall_3mx20cm_Wood_Panels (3),5.04,0.59,-0.31
113.075,0,Wall_3mx20cm_Wood_Panels (3),5.04,0.58,-0.31
113.109,0,Wall_3mx20cm_Wood_Panels (3),5.03,0.58,-0.31
113.157,0,Wall_3mx20cm_Wood_Panels (3),5.03,0.59,-0.31
113.189,0,Wall_3mx20cm_Wood_Panels (3),5.03,0.60,-0.31
113.214,0,Wall_3mx20cm_Wood_Panels (3),5.04,0.62,-0.31
113.248,0,Wall_3mx20cm_Wood_Panels (3),5.05,0.63,-0.31
113.269,0,Wall_3mx20cm_Wood_Panels (3),5.05,0.64,-0.31
113.328,0,Wall_3mx20cm_Wood_Panels (3),5.07,0.65,-0.31
113.352,0,Wall_3mx20cm_Wood_Panels (3),5.08,0.65,-0.31
113.379,0,Wall_3mx20cm_Wood_Panels (3),5.09,0.65,-0.31
113.408,0,Wall_3mx20cm_Wood_Panels (3),5.09,0.64,-0.31
113.449,0,Wall_3mx20cm_Wood_Panels (3),5.10,0.63,-0.31
113.468,0,Wall_3mx20cm_Wood_Panels (3),5.10,0.63,-0.31
113.508,0,Wall_3mx20cm_Wood_Panels (3),5.10,0.63,-0.31
113.551,0,Wall_3mx20cm_Wood_Panels (3),5.10,0.62,-0.31
113.566,0,Wall_3mx20cm_Wood_Panels (3),5.10,0.61,-0.31
113.606,0,Wall_3mx20cm_Wood_Panels (3),5.12,0.60,-0.31
113.648,0,Wall_3mx20cm_Wood_Panels (3),5.12,0.59,-0.31
113.666,0,Wall_3mx20cm_Wood_Panels (3),5.14,0.58,-0.31
113.726,0,Wall_3mx20cm_Wood_Panels (3),5.15,0.59,-0.31
113.748,0,Wall_3mx20cm_Wood_Panels (3),5.16,0.59,-0.31
113.775,0,Wall_3mx20cm_Wood_Panels (3),5.17,0.58,-0.31
113.826,0,Wall_3mx20cm_Wood_Panels (3),5.18,0.60,-0.31
113.846,0,Wall_3mx20cm_Wood_Panels (3),5.19,0.61,-0.31
113.887,0,Wall_3mx20cm_Wood_Panels (3),5.19,0.62,-0.31
113.906,0,Wall_3mx20cm_Wood_Panels (3),5.18,0.63,-0.31
113.946,0,Wall_3mx20cm_Wood_Panels (3),5.15,0.61,-0.31
113.972,0,Wall_3mx20cm_Wood_Panels (3),5.15,0.59,-0.31
114.015,0,Wall_3mx20cm_Wood_Panels (3),5.13,0.54,-0.31
114.039,0,Wall_3mx20cm_Wood_Panels (3),5.14,0.52,-0.31
114.083,0,Wall_3mx20cm_Wood_Panels (3),5.15,0.52,-0.31
114.114,0,Wall_3mx20cm_Wood_Panels (3),5.16,0.51,-0.31
114.138,0,Wall_3mx20cm_Wood_Panels (3),5.16,0.51,-0.31
114.172,0,Wall_3mx20cm_Wood_Panels (3),5.16,0.52,-0.31
114.211,0,Wall_3mx20cm_Wood_Panels (3),5.17,0.54,-0.31
114.234,0,Wall_3mx20cm_Wood_Panels (3),5.17,0.56,-0.31
114.274,0,Wall_3mx20cm_Wood_Panels (3),5.17,0.58,-0.31
114.317,0,Wall_3mx20cm_Wood_Panels (3),5.17,0.57,-0.31
114.350,0,Wall_3mx20cm_Wood_Panels (3),5.18,0.57,-0.31
114.371,0,Wall_3mx20cm_Wood_Panels (3),5.19,0.56,-0.31
114.416,0,Wall_3mx20cm_Wood_Panels (3),5.20,0.55,-0.31
114.448,0,Wall_3mx20cm_Wood_Panels (3),5.20,0.54,-0.31
114.469,0,Wall_3mx20cm_Wood_Panels (3),5.19,0.52,-0.31
114.514,0,Wall_3mx20cm_Wood_Panels (3),5.19,0.52,-0.31
114.545,0,Wall_3mx20cm_Wood_Panels (3),5.20,0.51,-0.31
114.567,0,Wall_3mx20cm_Wood_Panels (3),5.20,0.52,-0.31
114.607,0,Wall_3mx20cm_Wood_Panels (3),5.21,0.52,-0.31
114.649,0,Wall_3mx20cm_Wood_Panels (3),5.22,0.51,-0.31
114.692,0,Wall_3mx20cm_Wood_Panels (3),5.22,0.50,-0.31
114.706,0,Wall_3mx20cm_Wood_Panels (3),5.21,0.49,-0.31
114.747,0,Wall_3mx20cm_Wood_Panels (3),5.21,0.49,-0.31
114.783,0,Wall_3mx20cm_Wood_Panels (3),5.21,0.50,-0.31
114.802,0,Wall_3mx20cm_Wood_Panels (3),5.21,0.50,-0.31
114.845,0,Wall_3mx20cm_Wood_Panels (3),5.22,0.50,-0.31
114.889,0,Wall_3mx20cm_Wood_Panels (3),5.22,0.50,-0.31
114.915,0,Wall_3mx20cm_Wood_Panels (3),5.22,0.49,-0.31
114.947,0,Wall_3mx20cm_Wood_Panels (3),5.22,0.49,-0.31
114.975,0,Wall_3mx20cm_Wood_Panels (3),5.23,0.51,-0.31
115.011,0,Wall_3mx20cm_Wood_Panels (3),5.22,0.51,-0.31
115.046,0,Wall_3mx20cm_Wood_Panels (3),5.22,0.51,-0.31
115.067,0,Wall_3mx20cm_Wood_Panels (3),5.23,0.50,-0.31
115.109,0,Wall_3mx20cm_Wood_Panels (3),5.23,0.50,-0.31
115.142,0,Wall_3mx20cm_Wood_Panels (3),5.23,0.48,-0.31
115.183,0,Wall_3mx20cm_Wood_Panels (3),5.23,0.47,-0.31
115.207,0,Wall_3mx20cm_Wood_Panels (3),5.23,0.46,-0.31
115.247,0,Wall_3mx20cm_Wood_Panels (3),5.24,0.46,-0.31
115.281,0,Wall_3mx20cm_Wood_Panels (3),5.24,0.47,-0.31
115.304,0,Wall_3mx20cm_Wood_Panels (3),5.24,0.46,-0.31
115.346,0,Wall_3mx20cm_Wood_Panels (3),5.23,0.45,-0.31
115.380,0,Wall_3mx20cm_Wood_Panels (3),5.23,0.45,-0.31
115.404,0,Wall_3mx20cm_Wood_Panels (3),5.23,0.45,-0.31
115.440,0,Wall_3mx20cm_Wood_Panels (3),5.22,0.45,-0.31
115.484,0,Wall_3mx20cm_Wood_Panels (3),5.22,0.45,-0.31
115.500,0,Wall_3mx20cm_Wood_Panels (3),5.22,0.46,-0.31
115.540,0,Wall_3mx20cm_Wood_Panels (3),5.21,0.47,-0.31
115.582,0,Wall_3mx20cm_Wood_Panels (3),5.21,0.49,-0.31
115.599,0,Wall_3mx20cm_Wood_Panels (3),5.22,0.50,-0.31
115.639,0,Wall_3mx20cm_Wood_Panels (3),5.22,0.51,-0.31
115.678,0,Wall_3mx20cm_Wood_Panels (3),5.21,0.50,-0.31
115.721,0,Wall_3mx20cm_Wood_Panels (3),5.20,0.48,-0.31
115.737,0,Wall_3mx20cm_Wood_Panels (3),5.20,0.47,-0.31
115.783,0,Wall_3mx20cm_Wood_Panels (3),5.20,0.47,-0.31
115.809,0,Wall_3mx20cm_Wood_Panels (3),5.21,0.47,-0.31
115.845,0,Wall_3mx20cm_Wood_Panels (3),5.21,0.48,-0.31
115.866,0,Wall_3mx20cm_Wood_Panels (3),5.21,0.48,-0.31
115.907,0,Wall_3mx20cm_Wood_Panels (3),5.21,0.49,-0.31
115.948,0,Wall_3mx20cm_Wood_Panels (3),5.20,0.48,-0.31
115.972,0,Wall_3mx20cm_Wood_Panels (3),5.20,0.48,-0.31
116.016,0,Wall_3mx20cm_Wood_Panels (3),5.20,0.49,-0.31
116.047,0,Wall_3mx20cm_Wood_Panels (3),5.20,0.49,-0.31
116.070,0,Wall_3mx20cm_Wood_Panels (3),5.20,0.49,-0.31
116.112,0,Wall_3mx20cm_Wood_Panels (3),5.22,0.50,-0.31
116.146,0,Wall_3mx20cm_Wood_Panels (3),5.22,0.53,-0.31
116.168,0,Wall_3mx20cm_Wood_Panels (3),5.21,0.52,-0.31
116.204,0,Wall_3mx20cm_Wood_Panels (3),5.20,0.52,-0.31
116.243,0,Wall_3mx20cm_Wood_Panels (3),5.20,0.53,-0.31
116.282,0,Wall_3mx20cm_Wood_Panels (3),5.19,0.54,-0.31
116.306,0,Wall_3mx20cm_Wood_Panels (3),5.19,0.55,-0.31
116.339,0,Wall_3mx20cm_Wood_Panels (3),5.17,0.60,-0.31
116.380,0,Wall_3mx20cm_Wood_Panels (3),5.09,0.68,-0.31
116.405,0,Wall_3mx20cm_Wood_Panels (3),5.05,0.71,-0.31
116.438,0,Wall_3mx20cm_Wood_Panels (3),5.00,0.74,-0.31
116.476,0,Wall_3mx20cm_Wood_Panels (3),4.92,0.75,-0.31
116.516,0,Wall_3mx20cm_Wood_Panels (3),4.91,0.72,-0.31
116.534,0,Wall_3mx20cm_Wood_Panels (3),4.89,0.72,-0.31
116.574,0,Wall_3mx20cm_Wood_Panels (3),4.83,0.74,-0.31
116.599,0,Wall_3mx20cm_Wood_Panels (3),4.79,0.77,-0.31
116.634,0,Wall_3mx20cm_Wood_Panels (3),4.62,0.89,-0.31
116.685,0,Wall_3mx20cm_Wood_Panels (2),4.23,1.14,-0.31
116.720,0,Wall_3mx20cm_Wood_Panels (2),3.85,1.37,-0.31
116.743,0,Ceiling_log_3m (22),3.45,1.61,-0.34
116.768,0,Ceiling_log_3m (22),3.45,1.58,-0.57
116.799,0,Ceiling_log_3m (22),3.45,1.55,-0.88
116.840,0,Ceiling_log_3m (22),3.45,1.55,-1.14
116.879,0,Ceiling_log_3m (22),3.45,1.55,-1.33
116.899,0,Ceiling_log_3m (22),3.45,1.54,-1.37
116.939,0,Ceiling_log_3m (22),3.44,1.50,-1.46
116.979,0,Ceiling_3x3m (6),3.03,1.70,-1.45
117.005,0,Ceiling_3x3m (6),2.98,1.70,-1.44
117.040,0,Ceiling_3x3m (6),2.88,1.70,-1.46
117.080,0,Ceiling_3x3m (6),2.75,1.70,-1.45
117.102,0,Ceiling_3x3m (6),2.70,1.70,-1.44
117.144,0,Ceiling_3x3m (6),2.57,1.70,-1.43
117.178,0,Ceiling_3x3m (6),2.53,1.70,-1.42
117.200,0,Ceiling_3x3m (6),2.54,1.70,-1.42
117.241,0,Ceiling_3x3m (6),2.53,1.70,-1.42
117.280,0,Ceiling_3x3m (6),2.55,1.70,-1.43
117.299,0,Ceiling_3x3m (6),2.57,1.70,-1.43
117.340,0,Ceiling_3x3m (6),2.59,1.70,-1.45
117.366,0,Ceiling_3x3m (6),2.59,1.70,-1.45
117.401,0,Ceiling_3x3m (6),2.58,1.70,-1.44
117.441,0,Ceiling_3x3m (6),2.55,1.70,-1.44
117.483,0,Ceiling_3x3m (6),2.51,1.70,-1.43
117.504,0,Ceiling_3x3m (6),2.48,1.70,-1.43
117.546,0,Ceiling_log_3m (21),2.46,1.67,-1.42
117.581,0,Ceiling_log_3m (21),2.46,1.64,-1.41
117.608,0,Ceiling_log_3m (21),2.46,1.63,-1.39
117.650,0,Ceiling_log_3m (21),2.46,1.59,-1.33
117.671,0,Ceiling_log_3m (21),2.46,1.59,-1.30
117.714,0,Ceiling_log_3m (21),2.46,1.58,-1.23
117.756,0,Ceiling_log_3m (21),2.46,1.60,-1.17
117.771,0,Ceiling_log_3m (21),2.46,1.60,-1.14
117.811,0,Ceiling_log_3m (21),2.46,1.61,-1.10
117.833,0,Ceiling_log_3m (21),2.46,1.62,-1.05
117.873,0,Ceiling_log_3m (21),2.46,1.67,-0.95
117.913,0,Ceiling_3x3m (7),2.47,1.70,-0.82
117.937,0,Ceiling_3x3m (7),2.48,1.70,-0.75
117.972,0,Ceiling_3x3m (7),2.55,1.70,-0.64
118.021,0,Ceiling_3x3m (7),2.69,1.70,-0.41
118.051,0,Wall_3mx20cm_Wood_Panels (2),2.79,1.68,-0.31
118.075,0,Wall_3mx20cm_Wood_Panels (2),3.10,1.51,-0.31
118.106,0,Wall_3mx20cm_Wood_Panels (2),3.46,1.33,-0.31
118.134,0,Wall_3mx20cm_Wood_Panels (2),3.52,1.29,-0.31
118.185,0,Wall_3mx20cm_Wood_Panels (2),3.77,1.18,-0.31
118.205,0,Wall_3mx20cm_Wood_Panels (2),3.88,1.13,-0.31
118.249,0,Index,6.50,-0.65,-1.76
118.270,0,Wall_3mx20cm_Wood_Panels (2),4.03,1.04,-0.31
118.324,0,Ring,6.54,-0.68,-1.78
118.343,0,Ring,6.54,-0.68,-1.78
118.367,0,Ring,6.54,-0.68,-1.78
118.409,0,Ring,6.54,-0.68,-1.77
118.454,0,Pinky,6.54,-0.68,-1.78
118.481,0,Collider,6.53,-0.67,-1.76
118.521,0,Collider,6.53,-0.67,-1.76
118.567,0,Collider,6.53,-0.67,-1.76
118.567,0,Collider,6.53,-0.67,-1.76
118.632,0,Wall_3mx20cm_Wood_Panels (3),4.76,0.57,-0.31
118.678,0,Wall_3mx20cm_Wood_Panels (3),4.80,0.55,-0.31
118.678,0,Wall_3mx20cm_Wood_Panels (3),4.80,0.55,-0.31
118.707,0,Wall_3mx20cm_Wood_Panels (3),4.85,0.54,-0.31
118.746,0,Wall_3mx20cm_Wood_Panels (3),4.89,0.52,-0.31
118.787,0,Wall_3mx20cm_Wood_Panels (3),4.92,0.51,-0.31
118.827,0,Wall_3mx20cm_Wood_Panels (3),4.95,0.49,-0.31
118.871,0,Wall_3mx20cm_Wood_Panels (3),4.96,0.50,-0.31
118.871,0,Wall_3mx20cm_Wood_Panels (3),4.96,0.50,-0.31
118.935,0,Wall_3mx20cm_Wood_Panels (3),4.95,0.50,-0.31
118.935,0,Wall_3mx20cm_Wood_Panels (3),4.95,0.50,-0.31
118.980,0,Wall_3mx20cm_Wood_Panels (3),4.93,0.52,-0.31
119.003,0,Wall_3mx20cm_Wood_Panels (3),4.93,0.52,-0.31
119.041,0,Wall_3mx20cm_Wood_Panels (3),4.93,0.52,-0.31
119.091,0,Wall_3mx20cm_Wood_Panels (3),4.93,0.52,-0.31
119.126,0,Wall_3mx20cm_Wood_Panels (3),4.92,0.52,-0.31
119.146,0,Pinky1,6.56,-0.68,-1.77
119.172,0,Pinky1,6.56,-0.68,-1.77
119.210,0,Collider,6.54,-0.67,-1.76
119.256,0,Collider,6.54,-0.67,-1.76
119.292,0,Collider,6.54,-0.67,-1.76
119.312,0,Collider,6.54,-0.67,-1.76
119.339,0,Collider,6.54,-0.67,-1.76
119.376,0,Collider,6.54,-0.67,-1.76
119.423,0,Collider,6.54,-0.67,-1.76
119.464,0,Collider,6.54,-0.67,-1.76
119.508,0,Collider,6.54,-0.67,-1.76
119.508,0,Collider,6.54,-0.67,-1.76
119.546,0,Collider,6.54,-0.67,-1.76
119.567,0,Collider,6.54,-0.67,-1.76
119.628,0,Collider,6.54,-0.67,-1.76
119.648,0,Collider,6.54,-0.67,-1.76
119.675,0,Collider,6.54,-0.67,-1.76
119.710,0,Collider,6.54,-0.67,-1.76
119.758,0,Collider,6.54,-0.67,-1.76
119.794,0,Collider,6.54,-0.67,-1.76
119.815,0,Collider,6.54,-0.67,-1.76
119.841,0,Collider,6.54,-0.67,-1.76
119.879,0,Collider,6.54,-0.67,-1.76
119.900,0,Collider,6.54,-0.67,-1.76
119.965,0,Collider,6.54,-0.67,-1.76
119.985,0,Collider,6.54,-0.67,-1.76
120.012,0,Collider,6.54,-0.67,-1.76
120.047,0,Collider,6.54,-0.67,-1.76
120.069,0,Collider,6.54,-0.67,-1.76
120.108,0,Collider,6.54,-0.67,-1.76
120.152,0,Collider,6.54,-0.67,-1.76
120.194,0,Collider,6.54,-0.67,-1.76
120.223,0,Collider,6.54,-0.67,-1.76
120.259,0,Collider,6.54,-0.67,-1.76
120.281,0,Collider,6.54,-0.67,-1.76
120.398,0,Collider,6.54,-0.67,-1.76
120.398,0,Collider,6.54,-0.67,-1.76
120.398,0,Collider,6.54,-0.67,-1.76
120.417,0,Collider,6.54,-0.67,-1.76
120.447,0,Collider,6.54,-0.67,-1.76
120.470,0,Collider,6.54,-0.67,-1.76
120.510,0,Collider,6.54,-0.67,-1.76
120.552,0,Collider,6.54,-0.67,-1.76
120.568,0,Collider,6.54,-0.67,-1.76
120.606,0,Collider,6.54,-0.67,-1.76
120.650,0,Pinky,6.56,-0.68,-1.78
120.667,0,Pinky,6.56,-0.68,-1.78
120.707,0,Collider,6.54,-0.67,-1.77
120.733,0,Pinky,6.56,-0.68,-1.78
120.767,0,Pinky,6.56,-0.68,-1.78
120.808,0,Pinky,6.56,-0.68,-1.78
120.847,0,Pinky,6.55,-0.68,-1.78
120.872,0,Pinky,6.55,-0.68,-1.78
120.909,0,Pinky,6.55,-0.68,-1.78
120.958,0,Ring,6.54,-0.67,-1.78
120.992,0,Ring,6.53,-0.67,-1.79
121.013,0,Ring,6.53,-0.67,-1.79
121.039,0,Collider,6.53,-0.67,-1.79
121.071,0,Collider,6.53,-0.67,-1.80
121.110,0,Collider,6.53,-0.67,-1.80
121.151,0,Collider,6.51,-0.66,-1.80
121.169,0,Collider,6.48,-0.65,-1.80
121.230,0,Ceiling_log_3m (21),2.41,1.50,-1.53
121.249,0,Ceiling_log_3m (21),2.38,1.50,-1.63
121.269,0,Ceiling_log_3m (21),2.36,1.50,-1.73
121.309,0,Ceiling_log_3m (21),2.42,1.50,-1.83
121.333,0,Ceiling_log_3m (21),2.43,1.50,-1.85
121.366,0,Ceiling_log_3m (21),2.46,1.52,-1.92
121.405,0,Ceiling_log_3m (21),2.46,1.57,-2.00
121.445,0,Ceiling_log_3m (21),2.46,1.66,-2.09
121.485,0,Ceiling_log_3m (21),2.46,1.66,-2.12
121.503,0,Ceiling_log_3m (21),2.46,1.65,-2.16
121.542,0,Ceiling_log_3m (21),2.46,1.66,-2.20
121.583,0,Ceiling_log_3m (21),2.46,1.63,-2.20
121.604,0,Ceiling_log_3m (21),2.46,1.62,-2.23
121.642,0,Ceiling_log_3m (21),2.46,1.65,-2.24
121.668,0,Ceiling_3x3m (6),2.46,1.70,-2.22
121.712,0,Ceiling_3x3m (6),2.65,1.70,-2.16
121.745,0,Ceiling_3x3m (6),2.87,1.70,-2.10
121.766,0,Ceiling_3x3m (6),2.81,1.70,-2.08
121.808,0,Ceiling_3x3m (6),2.62,1.70,-2.11
121.848,0,Ceiling_3x3m (6),2.59,1.70,-2.16
121.866,0,Ceiling_3x3m (6),2.63,1.70,-2.18
121.930,0,Ceiling_3x3m (6),2.98,1.70,-2.12
121.951,0,Ceiling_log_3m (22),3.38,1.50,-2.08
121.974,0,Ceiling_log_3m (22),3.45,1.51,-2.08
122.016,0,Ceiling_log_3m (22),3.45,1.56,-2.09
122.034,0,Ceiling_log_3m (22),3.45,1.59,-2.08
122.074,0,Ceiling_log_3m (22),3.45,1.63,-2.05
122.114,0,Ceiling_log_3m (22),3.45,1.65,-2.00
122.156,0,Ceiling_log_3m (22),3.45,1.67,-1.97
122.191,0,Ceiling_log_3m (22),3.45,1.69,-1.95
122.213,0,Ceiling_3x3m (8),3.47,1.70,-1.92
122.238,0,Ceiling_3x3m (8),3.49,1.70,-1.89
122.280,0,Ceiling_3x3m (8),3.48,1.70,-1.86
122.332,0,Ceiling_3x3m (8),3.49,1.70,-1.86
122.332,0,Ceiling_3x3m (8),3.49,1.70,-1.86
122.370,0,Ceiling_3x3m (8),3.53,1.70,-1.87
122.432,0,Ceiling_3x3m (8),3.57,1.70,-1.88
122.452,0,Ceiling_3x3m (8),3.58,1.70,-1.89
122.476,0,Ceiling_3x3m (8),3.59,1.70,-1.90
122.509,0,Ceiling_3x3m (8),3.62,1.70,-1.89
122.548,0,Ceiling_3x3m (8),3.67,1.70,-1.87
122.574,0,Ceiling_3x3m (8),3.67,1.70,-1.87
122.616,0,Ceiling_3x3m (8),3.71,1.70,-1.86
122.649,0,Ceiling_3x3m (8),3.73,1.70,-1.87
122.674,0,Ceiling_3x3m (8),3.73,1.70,-1.88
122.708,0,Ceiling_3x3m (8),3.75,1.70,-1.89
122.756,0,Ceiling_3x3m (8),3.78,1.70,-1.92
122.789,0,Ceiling_3x3m (8),3.77,1.70,-1.94
122.813,0,Ceiling_3x3m (8),3.78,1.70,-1.95
122.853,0,Ceiling_3x3m (8),3.78,1.70,-1.97
122.882,0,Ceiling_3x3m (8),3.78,1.70,-1.98
122.917,0,Ceiling_3x3m (8),3.80,1.70,-2.00
122.939,0,Ceiling_3x3m (8),3.81,1.70,-2.00
122.978,0,Ceiling_3x3m (8),3.84,1.70,-2.00
123.002,0,Ceiling_3x3m (8),3.84,1.70,-2.00
123.044,0,Ceiling_3x3m (8),3.83,1.70,-1.99
123.077,0,Ceiling_3x3m (8),3.82,1.70,-1.98
123.101,0,Ceiling_3x3m (8),3.82,1.70,-1.97
123.136,0,Ceiling_3x3m (8),3.81,1.70,-1.97
123.175,0,Ceiling_3x3m (8),3.80,1.70,-1.96
123.215,0,Ceiling_3x3m (8),3.79,1.70,-1.95
123.242,0,Ceiling_3x3m (8),3.80,1.70,-1.95
123.282,0,Ceiling_3x3m (8),3.80,1.70,-1.95
123.324,0,Ceiling_3x3m (8),3.78,1.70,-1.94
123.356,0,Ceiling_3x3m (8),3.76,1.70,-1.93
123.379,0,Ceiling_3x3m (8),3.74,1.70,-1.93
123.421,0,Ceiling_3x3m (8),3.70,1.70,-1.92
123.437,0,Ceiling_3x3m (8),3.68,1.70,-1.92
123.476,0,Ceiling_3x3m (8),3.67,1.70,-1.91
123.519,0,Ceiling_3x3m (8),3.68,1.70,-1.90
123.539,0,Ceiling_3x3m (8),3.68,1.70,-1.90
123.580,0,Ceiling_3x3m (8),3.68,1.70,-1.89
123.601,0,Ceiling_3x3m (8),3.68,1.70,-1.89
123.643,0,Ceiling_3x3m (8),3.67,1.70,-1.88
123.687,0,Ceiling_3x3m (8),3.67,1.70,-1.87
123.721,0,Ceiling_3x3m (8),3.67,1.70,-1.86
123.741,0,Ceiling_3x3m (8),3.68,1.70,-1.85
123.784,0,Ceiling_3x3m (8),3.68,1.70,-1.82
123.832,0,Ceiling_3x3m (8),3.69,1.70,-1.80
123.832,0,Ceiling_3x3m (8),3.69,1.70,-1.80
123.882,0,Ceiling_3x3m (8),3.71,1.70,-1.72
123.917,0,Ceiling_3x3m (8),3.73,1.70,-1.69
123.936,0,Ceiling_3x3m (8),3.74,1.70,-1.66
123.979,0,Ceiling_3x3m (8),3.75,1.70,-1.65
124.005,0,Ceiling_3x3m (8),3.76,1.70,-1.65
124.046,0,Ceiling_3x3m (8),3.77,1.70,-1.66
124.081,0,Ceiling_3x3m (8),3.77,1.70,-1.68
124.102,0,Ceiling_3x3m (8),3.77,1.70,-1.68
124.145,0,Ceiling_3x3m (8),3.77,1.70,-1.69
124.185,0,Ceiling_3x3m (8),3.76,1.70,-1.69
124.199,0,Ceiling_3x3m (8),3.75,1.70,-1.69
124.243,0,Ceiling_3x3m (8),3.74,1.70,-1.69
124.277,0,Ceiling_3x3m (8),3.74,1.70,-1.69
124.299,0,Ceiling_3x3m (8),3.74,1.70,-1.69
124.339,0,Ceiling_3x3m (8),3.74,1.70,-1.69
124.382,0,Ceiling_3x3m (8),3.73,1.70,-1.69
124.418,0,Ceiling_3x3m (8),3.72,1.70,-1.69
124.438,0,Ceiling_3x3m (8),3.72,1.70,-1.69
124.477,0,Ceiling_3x3m (8),3.71,1.70,-1.70
124.520,0,Ceiling_3x3m (8),3.72,1.70,-1.70
124.536,0,Ceiling_3x3m (8),3.72,1.70,-1.70
124.576,0,Ceiling_3x3m (8),3.71,1.70,-1.70
124.619,0,Ceiling_3x3m (8),3.70,1.70,-1.69
124.637,0,Ceiling_3x3m (8),3.70,1.70,-1.69
124.679,0,Ceiling_3x3m (8),3.69,1.70,-1.70
124.704,0,Ceiling_3x3m (8),3.69,1.70,-1.70
124.744,0,Ceiling_3x3m (8),3.70,1.70,-1.70
124.778,0,Ceiling_3x3m (8),3.70,1.70,-1.70
124.803,0,Ceiling_3x3m (8),3.70,1.70,-1.70
124.838,0,Ceiling_3x3m (8),3.69,1.70,-1.70
124.886,0,Ceiling_3x3m (8),3.69,1.70,-1.71
124.919,0,Ceiling_3x3m (8),3.69,1.70,-1.71
124.940,0,Ceiling_3x3m (8),3.68,1.70,-1.71
124.981,0,Ceiling_3x3m (8),3.68,1.70,-1.71
125.000,0,Ceiling_3x3m (8),3.68,1.70,-1.71
125.040,0,Ceiling_3x3m (8),3.68,1.70,-1.71
125.065,0,Ceiling_3x3m (8),3.67,1.70,-1.71
125.116,0,Ceiling_3x3m (8),3.66,1.70,-1.71
125.135,0,Ceiling_3x3m (8),3.65,1.70,-1.71
125.176,0,Ceiling_3x3m (8),3.64,1.70,-1.71
125.204,0,Ceiling_3x3m (8),3.63,1.70,-1.71
125.247,0,Ceiling_3x3m (8),3.63,1.70,-1.71
125.298,0,Ceiling_3x3m (8),3.62,1.70,-1.70
125.318,0,Ceiling_3x3m (8),3.62,1.70,-1.70
125.344,0,Ceiling_3x3m (8),3.62,1.70,-1.70
125.379,0,Ceiling_3x3m (8),3.61,1.70,-1.69
125.402,0,Ceiling_3x3m (8),3.61,1.70,-1.69
125.441,0,Ceiling_3x3m (8),3.61,1.70,-1.69
125.482,0,Ceiling_3x3m (8),3.61,1.70,-1.69
125.501,0,Ceiling_3x3m (8),3.60,1.70,-1.68
125.544,0,Ceiling_3x3m (8),3.60,1.70,-1.68
125.567,0,Ceiling_3x3m (8),3.60,1.70,-1.68
125.608,0,Ceiling_3x3m (8),3.60,1.70,-1.69
125.651,0,Ceiling_3x3m (8),3.60,1.70,-1.69
125.665,0,Ceiling_3x3m (8),3.60,1.70,-1.68
125.707,0,Ceiling_3x3m (8),3.61,1.70,-1.67
125.752,0,Ceiling_3x3m (8),3.61,1.70,-1.66
125.780,0,Ceiling_3x3m (8),3.61,1.70,-1.65
125.811,0,Ceiling_3x3m (8),3.61,1.70,-1.64
125.852,0,Ceiling_3x3m (8),3.61,1.70,-1.61
125.872,0,Ceiling_3x3m (8),3.61,1.70,-1.61
125.914,0,Ceiling_3x3m (8),3.62,1.70,-1.60
125.958,0,Ceiling_3x3m (8),3.61,1.70,-1.59
125.989,0,Ceiling_3x3m (8),3.61,1.70,-1.58
126.011,0,Ceiling_3x3m (8),3.62,1.70,-1.56
126.054,0,Ceiling_3x3m (8),3.64,1.70,-1.50
126.069,0,Ceiling_3x3m (8),3.66,1.70,-1.45
126.109,0,Ceiling_3x3m (8),3.71,1.70,-1.34
126.133,0,Ceiling_3x3m (8),3.72,1.70,-1.29
126.171,0,Collider,6.48,-0.60,-1.80
126.210,0,Collider,6.51,-0.62,-1.80
126.234,0,Collider,6.51,-0.62,-1.80
126.277,0,Collider,6.53,-0.63,-1.80
126.307,0,Collider,6.53,-0.64,-1.80
126.367,0,Collider,6.54,-0.64,-1.80
126.367,0,Collider,6.54,-0.64,-1.80
126.407,0,Collider,6.55,-0.65,-1.80
126.446,0,Collider,6.55,-0.65,-1.80
126.469,0,Collider,6.55,-0.65,-1.80
126.503,0,Collider,6.55,-0.65,-1.80
126.542,0,Collider,6.55,-0.65,-1.80
126.571,0,Collider,6.55,-0.65,-1.80
126.603,0,Collider,6.55,-0.65,-1.80
126.641,0,Collider,6.56,-0.65,-1.80
126.671,0,Collider,6.56,-0.65,-1.80
126.729,0,Collider,6.56,-0.65,-1.80
126.751,0,Collider,6.56,-0.65,-1.80
126.776,0,Collider,6.55,-0.65,-1.80
126.809,0,Collider,6.55,-0.65,-1.80
126.840,0,Collider,6.55,-0.65,-1.80
126.869,0,Collider,6.55,-0.65,-1.80
126.917,0,Collider,6.55,-0.65,-1.80
126.966,0,Collider,6.55,-0.65,-1.80
126.966,0,Collider,6.55,-0.65,-1.80
127.006,0,Collider,6.55,-0.65,-1.80
127.071,0,Collider,6.55,-0.65,-1.80
127.071,0,Collider,6.55,-0.65,-1.80
127.113,0,Collider,6.54,-0.64,-1.80
127.403,0,Collider,6.50,-0.61,-1.80
127.403,0,Collider,6.50,-0.61,-1.80
127.403,0,Collider,6.50,-0.61,-1.80
127.403,0,Collider,6.50,-0.61,-1.80
127.403,0,Collider,6.50,-0.61,-1.80
127.403,0,Collider,6.50,-0.61,-1.80
127.403,0,Collider,6.50,-0.61,-1.80
127.403,0,Collider,6.50,-0.61,-1.80
127.403,0,Collider,6.50,-0.61,-1.80
127.598,0,Collider,6.48,-0.59,-1.80
127.598,0,Collider,6.48,-0.59,-1.80
127.598,0,Collider,6.48,-0.59,-1.80
127.598,0,Collider,6.48,-0.59,-1.80
127.598,0,Collider,6.48,-0.59,-1.80
