t,cond,pos.x,pos.y,pos.z,rot.x,rot.y,rot.z,rot.w
4.855,1,6.511,-1.054,-1.795,0.0000,-0.7148,0.0000,0.6993
4.855,1,6.511,-1.054,-1.795,0.0000,-0.7148,0.0000,0.6993
4.855,1,6.511,-1.054,-1.795,0.0000,-0.7148,0.0000,0.6993
4.855,1,6.511,-1.054,-1.795,0.0000,-0.7148,0.0000,0.6993
4.855,1,6.511,-1.054,-1.795,0.0000,-0.7148,0.0000,0.6993
4.855,1,6.511,-1.054,-1.795,0.0000,-0.7148,0.0000,0.6993
4.855,1,6.511,-1.054,-1.795,0.0000,-0.7148,0.0000,0.6993
4.855,1,6.511,-1.054,-1.795,0.0000,-0.7148,0.0000,0.6993
4.855,1,6.511,-1.054,-1.795,0.0000,-0.7148,0.0000,0.6993
4.855,1,6.511,-1.054,-1.795,0.0000,-0.7148,0.0000,0.6993
4.855,1,6.511,-1.054,-1.795,0.0000,-0.7148,0.0000,0.6993
4.855,1,6.511,-1.054,-1.795,0.0000,-0.7148,0.0000,0.6993
4.855,1,6.511,-1.054,-1.795,0.0000,-0.7148,0.0000,0.6993
4.855,1,6.511,-1.054,-1.795,0.0000,-0.7148,0.0000,0.6993
4.855,1,6.511,-1.054,-1.795,0.0000,-0.7148,0.0000,0.6993
4.855,1,6.511,-1.054,-1.795,0.0000,-0.7148,0.0000,0.6993
4.855,1,6.511,-1.054,-1.795,0.0000,-0.7148,0.0000,0.6993
4.855,1,6.511,-1.054,-1.795,0.0000,-0.7148,0.0000,0.6993
4.855,1,6.511,-1.054,-1.795,0.0000,-0.7148,0.0000,0.6993
4.855,1,6.511,-1.054,-1.795,0.0000,-0.7148,0.0000,0.6993
4.855,1,6.511,-1.054,-1.795,0.0000,-0.7148,0.0000,0.6993
4.855,1,6.511,-1.054,-1.795,0.0000,-0.7148,0.0000,0.6993
4.855,1,6.511,-1.054,-1.795,0.0000,-0.7148,0.0000,0.6993
4.855,1,6.511,-1.054,-1.795,0.0000,-0.7148,0.0000,0.6993
4.855,1,6.511,-1.054,-1.795,0.0000,-0.7148,0.0000,0.6993
4.855,1,6.511,-1.054,-1.795,0.0000,-0.7148,0.0000,0.6993
4.855,1,6.511,-1.054,-1.795,0.0000,-0.7148,0.0000,0.6993
4.855,1,6.511,-1.054,-1.795,0.0000,-0.7148,0.0000,0.6993
4.855,1,6.511,-1.054,-1.795,0.0000,-0.7148,0.0000,0.6993
4.855,1,6.511,-1.054,-1.795,0.0000,-0.7148,0.0000,0.6993
4.855,1,6.511,-1.054,-1.795,0.0000,-0.7148,0.0000,0.6993
4.855,1,6.511,-1.054,-1.795,0.0000,-0.7148,0.0000,0.6993
4.855,1,6.511,-1.054,-1.795,0.0000,-0.7148,0.0000,0.6993
4.855,1,6.511,-1.054,-1.795,0.0000,-0.7148,0.0000,0.6993
4.855,1,6.511,-1.054,-1.795,0.0000,-0.7148,0.0000,0.6993
4.855,1,6.511,-1.054,-1.795,0.0000,-0.7148,0.0000,0.6993
4.855,1,6.511,-1.054,-1.795,0.0000,-0.7148,0.0000,0.6993
4.855,1,6.511,-1.054,-1.795,0.0000,-0.7148,0.0000,0.6993
4.855,1,6.511,-1.054,-1.795,0.0000,-0.7148,0.0000,0.6993
4.855,1,6.511,-1.054,-1.795,0.0000,-0.7148,0.0000,0.6993
4.855,1,6.511,-1.054,-1.795,0.0000,-0.7148,0.0000,0.6993
4.855,1,6.511,-1.054,-1.795,0.0000,-0.7148,0.0000,0.6993
4.855,1,6.511,-1.054,-1.795,0.0000,-0.7148,0.0000,0.6993
4.855,1,6.511,-1.054,-1.795,0.0000,-0.7148,0.0000,0.6993
4.855,1,6.511,-1.054,-1.795,0.0000,-0.7148,0.0000,0.6993
4.855,1,6.511,-1.054,-1.795,0.0000,-0.7148,0.0000,0.6993
4.855,1,6.511,-1.054,-1.795,0.0000,-0.7148,0.0000,0.6993
4.855,1,6.511,-1.054,-1.795,0.0000,-0.7148,0.0000,0.6993
4.855,1,6.511,-1.054,-1.795,0.0000,-0.7148,0.0000,0.6993
4.855,1,6.511,-1.054,-1.795,0.0000,-0.7148,0.0000,0.6993
4.855,1,6.511,-1.054,-1.795,0.0000,-0.7148,0.0000,0.6993
4.855,1,6.511,-1.054,-1.795,0.0000,-0.7148,0.0000,0.6993
4.855,1,6.511,-1.054,-1.795,0.0000,-0.7148,0.0000,0.6993
4.855,1,6.511,-1.054,-1.795,0.0000,-0.7148,0.0000,0.6993
4.855,1,6.511,-1.054,-1.795,0.0000,-0.7148,0.0000,0.6993
4.855,1,6.511,-1.054,-1.795,0.0000,-0.7148,0.0000,0.6993
4.855,1,6.511,-1.054,-1.795,0.0000,-0.7148,0.0000,0.6993
4.855,1,6.511,-1.054,-1.795,0.0000,-0.7148,0.0000,0.6993
4.855,1,6.511,-1.054,-1.795,0.0000,-0.7148,0.0000,0.6993
4.855,1,6.511,-1.054,-1.795,0.0000,-0.7148,0.0000,0.6993
4.855,1,6.511,-1.054,-1.795,0.0000,-0.7148,0.0000,0.6993
4.855,1,6.511,-1.054,-1.795,0.0000,-0.7148,0.0000,0.6993
4.855,1,6.511,-1.054,-1.795,0.0000,-0.7148,0.0000,0.6993
4.855,1,6.511,-1.054,-1.795,0.0000,-0.7148,0.0000,0.6993
4.855,1,6.511,-1.054,-1.795,0.0000,-0.7148,0.0000,0.6993
4.855,1,6.511,-1.054,-1.795,0.0000,-0.7148,0.0000,0.6993
4.855,1,6.511,-1.054,-1.795,0.0000,-0.7148,0.0000,0.6993
4.855,1,6.511,-1.054,-1.795,0.0000,-0.7148,0.0000,0.6993
4.855,1,6.511,-1.054,-1.795,0.0000,-0.7148,0.0000,0.6993
4.855,1,6.511,-1.054,-1.795,0.0000,-0.7148,0.0000,0.6993
4.855,1,6.511,-1.054,-1.795,0.0000,-0.7148,0.0000,0.6993
4.855,1,6.511,-1.054,-1.795,0.0000,-0.7148,0.0000,0.6993
4.855,1,6.511,-1.054,-1.795,0.0000,-0.7148,0.0000,0.6993
4.855,1,6.511,-1.054,-1.795,0.0000,-0.7148,0.0000,0.6993
4.855,1,6.511,-1.054,-1.795,0.0000,-0.7148,0.0000,0.6993
4.855,1,6.511,-1.054,-1.795,0.0000,-0.7148,0.0000,0.6993
4.855,1,6.511,-1.054,-1.795,0.0000,-0.7148,0.0000,0.6993
4.855,1,6.511,-1.054,-1.795,0.0000,-0.7148,0.0000,0.6993
4.855,1,6.511,-1.054,-1.795,0.0000,-0.7148,0.0000,0.6993
4.855,1,6.511,-1.054,-1.795,0.0000,-0.7148,0.0000,0.6993
4.855,1,6.511,-1.054,-1.795,0.0000,-0.7148,0.0000,0.6993
4.855,1,6.511,-1.054,-1.795,0.0000,-0.7148,0.0000,0.6993
4.855,1,6.511,-1.054,-1.795,0.0000,-0.7148,0.0000,0.6993
4.855,1,6.511,-1.054,-1.795,0.0000,-0.7148,0.0000,0.6993
4.855,1,6.511,-1.054,-1.795,0.0000,-0.7148,0.0000,0.6993
4.855,1,6.511,-1.054,-1.795,0.0000,-0.7148,0.0000,0.6993
4.855,1,6.511,-1.054,-1.795,0.0000,-0.7148,0.0000,0.6993
4.855,1,6.511,-1.054,-1.795,0.0000,-0.7148,0.0000,0.6993
4.855,1,6.511,-1.054,-1.795,0.0000,-0.7148,0.0000,0.6993
4.855,1,6.511,-1.054,-1.795,0.0000,-0.7148,0.0000,0.6993
4.855,1,6.511,-1.054,-1.795,0.0000,-0.7148,0.0000,0.6993
4.855,1,6.511,-1.054,-1.795,0.0000,-0.7148,0.0000,0.6993
4.855,1,6.511,-1.054,-1.795,0.0000,-0.7148,0.0000,0.6993
4.855,1,6.511,-1.054,-1.795,0.0000,-0.7148,0.0000,0.6993
4.855,1,6.511,-1.054,-1.795,0.0000,-0.7148,0.0000,0.6993
4.855,1,6.511,-1.054,-1.795,0.0000,-0.7148,0.0000,0.6993
4.855,1,6.511,-1.054,-1.795,0.0000,-0.7148,0.0000,0.6993
4.855,1,6.511,-1.054,-1.795,0.0000,-0.7148,0.0000,0.6993
4.855,1,6.511,-1.054,-1.795,0.0000,-0.7148,0.0000,0.6993
4.855,1,6.511,-1.054,-1.795,0.0000,-0.7148,0.0000,0.6993
4.855,1,6.511,-1.054,-1.795,0.0000,-0.7148,0.0000,0.6993
4.855,1,6.511,-1.054,-1.795,0.0000,-0.7148,0.0000,0.6993
4.855,1,6.511,-1.054,-1.795,0.0000,-0.7148,0.0000,0.6993
4.855,1,6.511,-1.054,-1.795,0.0000,-0.7148,0.0000,0.6993
4.855,1,6.511,-1.054,-1.795,0.0000,-0.7148,0.0000,0.6993
4.855,1,6.511,-1.054,-1.795,0.0000,-0.7148,0.0000,0.6993
4.855,1,6.511,-1.054,-1.795,0.0000,-0.7148,0.0000,0.6993
4.855,1,6.511,-1.054,-1.795,0.0000,-0.7148,0.0000,0.6993
4.855,1,6.511,-1.054,-1.795,0.0000,-0.7148,0.0000,0.6993
4.855,1,6.511,-1.054,-1.795,0.0000,-0.7148,0.0000,0.6993
4.855,1,6.511,-1.054,-1.795,0.0000,-0.7148,0.0000,0.6993
4.855,1,6.511,-1.054,-1.795,0.0000,-0.7148,0.0000,0.6993
4.855,1,6.511,-1.054,-1.795,0.0000,-0.7148,0.0000,0.6993
4.855,1,6.511,-1.054,-1.795,0.0000,-0.7148,0.0000,0.6993
4.855,1,6.511,-1.054,-1.795,0.0000,-0.7148,0.0000,0.6993
4.855,1,6.511,-1.054,-1.795,0.0000,-0.7148,0.0000,0.6993
4.855,1,6.511,-1.054,-1.795,0.0000,-0.7148,0.0000,0.6993
4.855,1,6.511,-1.054,-1.795,0.0000,-0.7148,0.0000,0.6993
4.855,1,6.511,-1.054,-1.795,0.0000,-0.7148,0.0000,0.6993
4.855,1,6.511,-1.054,-1.795,0.0000,-0.7148,0.0000,0.6993
4.855,1,6.511,-1.054,-1.795,0.0000,-0.7148,0.0000,0.6993
4.855,1,6.511,-1.054,-1.795,0.0000,-0.7148,0.0000,0.6993
4.855,1,6.511,-1.054,-1.795,0.0000,-0.7148,0.0000,0.6993
4.855,1,6.511,-1.054,-1.795,0.0000,-0.7148,0.0000,0.6993
4.855,1,6.511,-1.054,-1.795,0.0000,-0.7148,0.0000,0.6993
4.855,1,6.511,-1.054,-1.795,0.0000,-0.7148,0.0000,0.6993
4.855,1,6.511,-1.054,-1.795,0.0000,-0.7148,0.0000,0.6993
4.855,1,6.511,-1.054,-1.795,0.0000,-0.7148,0.0000,0.6993
4.855,1,6.511,-1.054,-1.795,0.0000,-0.7148,0.0000,0.6993
4.855,1,6.511,-1.054,-1.795,0.0000,-0.7148,0.0000,0.6993
4.855,1,6.511,-1.054,-1.795,0.0000,-0.7148,0.0000,0.6993
4.855,1,6.511,-1.054,-1.795,0.0000,-0.7148,0.0000,0.6993
4.855,1,6.511,-1.054,-1.795,0.0000,-0.7148,0.0000,0.6993
4.855,1,6.511,-1.054,-1.795,0.0000,-0.7148,0.0000,0.6993
4.855,1,6.511,-1.054,-1.795,0.0000,-0.7148,0.0000,0.6993
4.855,1,6.511,-1.054,-1.795,0.0000,-0.7148,0.0000,0.6993
4.855,1,6.511,-1.054,-1.795,0.0000,-0.7148,0.0000,0.6993
4.855,1,6.511,-1.054,-1.795,0.0000,-0.7148,0.0000,0.6993
4.855,1,6.511,-1.054,-1.795,0.0000,-0.7148,0.0000,0.6993
4.855,1,6.511,-1.054,-1.795,0.0000,-0.7148,0.0000,0.6993
4.855,1,6.511,-1.054,-1.795,0.0000,-0.7148,0.0000,0.6993
4.855,1,6.511,-1.054,-1.795,0.0000,-0.7148,0.0000,0.6993
4.855,1,6.511,-1.054,-1.795,0.0000,-0.7148,0.0000,0.6993
4.855,1,6.511,-1.054,-1.795,0.0000,-0.7148,0.0000,0.6993
4.855,1,6.511,-1.054,-1.795,0.0000,-0.7148,0.0000,0.6993
4.855,1,6.511,-1.054,-1.795,0.0000,-0.7148,0.0000,0.6993
4.893,1,6.511,-1.115,-1.795,0.0000,-0.7148,0.0000,0.6993
4.914,1,6.511,-1.178,-1.795,0.0000,-0.7148,0.0000,0.6993
4.944,1,6.511,-1.213,-1.795,0.0000,-0.7148,0.0000,0.6993
4.970,1,6.511,-1.294,-1.795,0.0000,-0.7148,0.0000,0.6993
5.000,1,6.511,-1.340,-1.795,0.0000,-0.7148,0.0000,0.6993
5.059,1,6.511,-1.503,-1.795,0.0000,-0.7148,0.0000,0.6993
5.082,1,6.511,-1.565,-1.795,0.0000,-0.7148,0.0000,0.6993
5.110,1,6.511,-1.701,-1.795,0.0000,-0.7148,0.0000,0.6993
5.139,1,6.511,-1.740,-1.795,0.0000,-0.7148,0.0000,0.6993
5.194,1,6.511,-1.628,-1.795,0.0000,-0.7148,0.0000,0.6993
5.221,1,6.511,-1.584,-1.795,0.0000,-0.7148,0.0000,0.6993
5.247,1,6.511,-1.644,-1.795,0.0000,-0.7148,0.0000,0.6993
5.273,1,6.511,-1.688,-1.795,0.0000,-0.7148,0.0000,0.6993
5.304,1,6.511,-1.664,-1.795,0.0000,-0.7148,0.0000,0.6993
5.359,1,6.511,-1.646,-1.795,0.0000,-0.7148,0.0000,0.6993
5.388,1,6.511,-1.646,-1.795,0.0000,-0.7148,0.0000,0.6993
5.415,1,6.511,-1.646,-1.795,0.0000,-0.7148,0.0000,0.6993
5.445,1,6.511,-1.646,-1.795,0.0000,-0.7148,0.0000,0.6993
5.471,1,6.511,-1.646,-1.795,0.0000,-0.7148,0.0000,0.6993
5.530,1,6.511,-1.646,-1.795,0.0000,-0.7148,0.0000,0.6993
5.559,1,6.511,-1.646,-1.795,0.0000,-0.7148,0.0000,0.6993
5.598,1,6.511,-1.646,-1.795,0.0000,-0.7148,0.0000,0.6993
5.674,1,6.524,-0.505,-1.752,-0.2114,-0.4562,-0.1220,0.8558
5.674,1,6.524,-0.505,-1.752,-0.2114,-0.4562,-0.1220,0.8558
5.674,1,6.524,-0.505,-1.752,-0.2114,-0.4562,-0.1220,0.8558
5.702,1,6.522,-0.629,-1.751,-0.2102,-0.4576,-0.1204,0.8555
5.758,1,6.520,-0.657,-1.748,-0.2034,-0.4575,-0.1181,0.8576
5.786,1,6.519,-0.658,-1.748,-0.1999,-0.4572,-0.1176,0.8586
5.816,1,6.519,-0.658,-1.748,-0.1998,-0.4563,-0.1169,0.8592
5.843,1,6.519,-0.658,-1.748,-0.2002,-0.4551,-0.1167,0.8598
5.877,1,6.519,-0.658,-1.748,-0.2004,-0.4540,-0.1168,0.8603
5.901,1,6.519,-0.658,-1.748,-0.2005,-0.4537,-0.1175,0.8603
5.954,1,6.518,-0.658,-1.748,-0.2027,-0.4532,-0.1181,0.8600
5.982,1,6.518,-0.658,-1.748,-0.2033,-0.4526,-0.1175,0.8602
6.009,1,6.518,-0.658,-1.748,-0.2040,-0.4519,-0.1179,0.8604
6.038,1,6.519,-0.658,-1.747,-0.2050,-0.4510,-0.1173,0.8607
6.068,1,6.519,-0.658,-1.747,-0.2068,-0.4501,-0.1174,0.8608
6.125,1,6.519,-0.657,-1.747,-0.2083,-0.4495,-0.1182,0.8606
6.153,1,6.519,-0.657,-1.747,-0.2088,-0.4497,-0.1195,0.8602
6.181,1,6.519,-0.657,-1.747,-0.2096,-0.4499,-0.1204,0.8597
6.209,1,6.519,-0.657,-1.747,-0.2102,-0.4504,-0.1203,0.8594
6.238,1,6.519,-0.657,-1.747,-0.2109,-0.4507,-0.1206,0.8590
6.268,1,6.519,-0.657,-1.747,-0.2122,-0.4509,-0.1205,0.8586
6.323,1,6.519,-0.657,-1.748,-0.2138,-0.4509,-0.1193,0.8583
6.362,1,6.519,-0.657,-1.748,-0.2138,-0.4515,-0.1196,0.8580
6.397,1,6.519,-0.657,-1.748,-0.2134,-0.4518,-0.1199,0.8579
6.436,1,6.520,-0.657,-1.748,-0.2127,-0.4516,-0.1202,0.8581
6.436,1,6.520,-0.657,-1.748,-0.2127,-0.4516,-0.1202,0.8581
6.492,1,6.520,-0.657,-1.749,-0.2129,-0.4499,-0.1198,0.8590
6.518,1,6.520,-0.657,-1.749,-0.2125,-0.4495,-0.1196,0.8593
6.547,1,6.520,-0.657,-1.749,-0.2121,-0.4493,-0.1196,0.8595
6.574,1,6.520,-0.657,-1.749,-0.2120,-0.4491,-0.1197,0.8597
6.602,1,6.520,-0.657,-1.749,-0.2120,-0.4489,-0.1195,0.8598
6.659,1,6.520,-0.657,-1.750,-0.2118,-0.4490,-0.1198,0.8597
6.686,1,6.520,-0.657,-1.750,-0.2122,-0.4489,-0.1197,0.8597
6.715,1,6.520,-0.657,-1.750,-0.2126,-0.4486,-0.1190,0.8599
6.744,1,6.519,-0.657,-1.751,-0.2133,-0.4483,-0.1184,0.8599
6.773,1,6.519,-0.657,-1.751,-0.2146,-0.4480,-0.1181,0.8598
6.826,1,6.519,-0.657,-1.752,-0.2163,-0.4480,-0.1180,0.8594
6.859,1,6.519,-0.657,-1.752,-0.2164,-0.4484,-0.1178,0.8592
6.894,1,6.519,-0.657,-1.752,-0.2169,-0.4483,-0.1174,0.8592
6.922,1,6.519,-0.657,-1.753,-0.2176,-0.4481,-0.1169,0.8592
6.950,1,6.519,-0.656,-1.753,-0.2179,-0.4478,-0.1170,0.8592
6.980,1,6.519,-0.656,-1.753,-0.2182,-0.4473,-0.1167,0.8595
7.007,1,6.519,-0.656,-1.753,-0.2187,-0.4467,-0.1163,0.8597
7.037,1,6.519,-0.656,-1.753,-0.2190,-0.4457,-0.1162,0.8602
7.088,1,6.519,-0.656,-1.753,-0.2201,-0.4440,-0.1161,0.8608
7.117,1,6.519,-0.656,-1.754,-0.2202,-0.4439,-0.1163,0.8608
7.145,1,6.519,-0.656,-1.754,-0.2203,-0.4437,-0.1163,0.8608
7.172,1,6.519,-0.656,-1.754,-0.2205,-0.4437,-0.1161,0.8608
7.202,1,6.519,-0.656,-1.754,-0.2199,-0.4439,-0.1160,0.8609
7.254,1,6.519,-0.656,-1.754,-0.2179,-0.4442,-0.1161,0.8612
7.282,1,6.519,-0.656,-1.754,-0.2179,-0.4442,-0.1155,0.8614
7.308,1,6.518,-0.656,-1.755,-0.2180,-0.4439,-0.1152,0.8615
7.338,1,6.518,-0.656,-1.755,-0.2184,-0.4437,-0.1150,0.8615
7.392,1,6.518,-0.656,-1.755,-0.2187,-0.4439,-0.1147,0.8614
7.420,1,6.518,-0.656,-1.755,-0.2186,-0.4439,-0.1147,0.8614
7.448,1,6.518,-0.656,-1.755,-0.2176,-0.4445,-0.1147,0.8614
7.475,1,6.518,-0.656,-1.755,-0.2167,-0.4455,-0.1146,0.8611
7.504,1,6.518,-0.656,-1.756,-0.2155,-0.4468,-0.1144,0.8607
7.559,1,6.517,-0.656,-1.756,-0.2157,-0.4487,-0.1136,0.8598
7.589,1,6.517,-0.656,-1.756,-0.2170,-0.4488,-0.1136,0.8594
7.615,1,6.517,-0.656,-1.756,-0.2179,-0.4495,-0.1142,0.8587
7.643,1,6.517,-0.656,-1.757,-0.2188,-0.4506,-0.1147,0.8579
7.671,1,6.517,-0.656,-1.757,-0.2198,-0.4515,-0.1147,0.8571
7.728,1,6.517,-0.655,-1.758,-0.2215,-0.4535,-0.1148,0.8556
7.756,1,6.516,-0.655,-1.759,-0.2230,-0.4544,-0.1149,0.8547
7.783,1,6.516,-0.655,-1.760,-0.2233,-0.4551,-0.1150,0.8543
7.810,1,6.516,-0.655,-1.760,-0.2232,-0.4559,-0.1149,0.8539
7.837,1,6.516,-0.655,-1.760,-0.2228,-0.4571,-0.1146,0.8534
7.894,1,6.516,-0.656,-1.761,-0.2209,-0.4600,-0.1146,0.8524
7.922,1,6.515,-0.656,-1.762,-0.2207,-0.4613,-0.1141,0.8517
7.949,1,6.515,-0.656,-1.762,-0.2201,-0.4628,-0.1141,0.8511
7.976,1,6.515,-0.656,-1.763,-0.2191,-0.4647,-0.1145,0.8502
8.004,1,6.514,-0.656,-1.763,-0.2180,-0.4669,-0.1144,0.8493
8.061,1,6.513,-0.657,-1.764,-0.2141,-0.4709,-0.1146,0.8481
8.087,1,6.513,-0.657,-1.764,-0.2121,-0.4730,-0.1146,0.8474
8.114,1,6.512,-0.657,-1.764,-0.2098,-0.4757,-0.1147,0.8465
8.144,1,6.512,-0.658,-1.765,-0.2069,-0.4786,-0.1147,0.8456
8.171,1,6.511,-0.658,-1.765,-0.2042,-0.4820,-0.1147,0.8443
8.226,1,6.509,-0.659,-1.766,-0.1994,-0.4924,-0.1156,0.8393
8.255,1,6.508,-0.659,-1.767,-0.1975,-0.4972,-0.1155,0.8369
8.283,1,6.508,-0.659,-1.767,-0.1954,-0.5006,-0.1150,0.8355
8.311,1,6.507,-0.660,-1.767,-0.1931,-0.5032,-0.1141,0.8346
8.338,1,6.506,-0.660,-1.767,-0.1909,-0.5052,-0.1132,0.8340
8.367,1,6.506,-0.660,-1.767,-0.1897,-0.5062,-0.1121,0.8338
8.421,1,6.505,-0.661,-1.767,-0.1886,-0.5063,-0.1112,0.8341
8.450,1,6.505,-0.661,-1.767,-0.1876,-0.5067,-0.1109,0.8341
8.479,1,6.504,-0.661,-1.767,-0.1869,-0.5066,-0.1102,0.8344
8.506,1,6.504,-0.661,-1.767,-0.1863,-0.5065,-0.1096,0.8347
8.534,1,6.504,-0.661,-1.766,-0.1856,-0.5068,-0.1097,0.8347
8.590,1,6.503,-0.661,-1.766,-0.1850,-0.5078,-0.1101,0.8341
8.617,1,6.503,-0.661,-1.766,-0.1844,-0.5079,-0.1100,0.8342
8.645,1,6.503,-0.661,-1.766,-0.1845,-0.5077,-0.1092,0.8344
8.674,1,6.503,-0.661,-1.766,-0.1846,-0.5074,-0.1091,0.8346
8.703,1,6.503,-0.661,-1.766,-0.1845,-0.5072,-0.1091,0.8348
8.756,1,6.503,-0.661,-1.766,-0.1846,-0.5071,-0.1090,0.8348
8.786,1,6.503,-0.661,-1.766,-0.1847,-0.5072,-0.1098,0.8346
8.812,1,6.503,-0.661,-1.766,-0.1847,-0.5073,-0.1104,0.8345
8.841,1,6.503,-0.661,-1.766,-0.1850,-0.5073,-0.1106,0.8344
8.868,1,6.504,-0.661,-1.766,-0.1850,-0.5072,-0.1110,0.8344
8.926,1,6.504,-0.662,-1.766,-0.1843,-0.5066,-0.1115,0.8348
8.951,1,6.504,-0.662,-1.766,-0.1842,-0.5061,-0.1119,0.8351
8.981,1,6.504,-0.662,-1.766,-0.1844,-0.5053,-0.1124,0.8355
9.007,1,6.504,-0.661,-1.766,-0.1851,-0.5044,-0.1124,0.8359
9.039,1,6.504,-0.661,-1.766,-0.1856,-0.5038,-0.1124,0.8362
9.090,1,6.504,-0.661,-1.766,-0.1862,-0.5038,-0.1130,0.8359
9.118,1,6.504,-0.661,-1.766,-0.1858,-0.5042,-0.1132,0.8357
9.149,1,6.504,-0.662,-1.766,-0.1854,-0.5046,-0.1131,0.8356
9.174,1,6.504,-0.662,-1.766,-0.1851,-0.5050,-0.1127,0.8355
9.202,1,6.504,-0.662,-1.766,-0.1849,-0.5053,-0.1124,0.8354
9.257,1,6.504,-0.662,-1.767,-0.1845,-0.5059,-0.1121,0.8351
9.287,1,6.504,-0.662,-1.767,-0.1846,-0.5059,-0.1122,0.8351
9.315,1,6.504,-0.662,-1.767,-0.1852,-0.5057,-0.1125,0.8350
9.343,1,6.504,-0.662,-1.767,-0.1860,-0.5056,-0.1129,0.8349
9.370,1,6.504,-0.661,-1.767,-0.1868,-0.5054,-0.1132,0.8348
9.426,1,6.504,-0.661,-1.767,-0.1877,-0.5052,-0.1138,0.8346
9.454,1,6.504,-0.661,-1.767,-0.1873,-0.5050,-0.1139,0.8348
9.483,1,6.504,-0.661,-1.767,-0.1872,-0.5049,-0.1134,0.8350
9.509,1,6.504,-0.661,-1.767,-0.1867,-0.5049,-0.1130,0.8351
9.537,1,6.504,-0.662,-1.767,-0.1864,-0.5049,-0.1131,0.8352
9.595,1,6.504,-0.662,-1.767,-0.1866,-0.5053,-0.1127,0.8349
9.622,1,6.504,-0.662,-1.767,-0.1867,-0.5055,-0.1130,0.8347
9.650,1,6.504,-0.661,-1.767,-0.1868,-0.5056,-0.1133,0.8347
9.678,1,6.504,-0.661,-1.767,-0.1875,-0.5051,-0.1137,0.8347
9.705,1,6.504,-0.661,-1.767,-0.1885,-0.5040,-0.1142,0.8351
9.734,1,6.505,-0.661,-1.767,-0.1894,-0.5030,-0.1148,0.8355
9.789,1,6.505,-0.661,-1.767,-0.1918,-0.5019,-0.1158,0.8354
9.817,1,6.506,-0.660,-1.767,-0.1950,-0.5008,-0.1162,0.8353
9.844,1,6.506,-0.659,-1.767,-0.1999,-0.4992,-0.1171,0.8350
9.871,1,6.507,-0.658,-1.767,-0.2046,-0.4973,-0.1186,0.8347
9.901,1,6.508,-0.658,-1.768,-0.2084,-0.4957,-0.1196,0.8346
9.955,1,6.509,-0.657,-1.768,-0.2137,-0.4923,-0.1211,0.8351
9.984,1,6.510,-0.657,-1.768,-0.2149,-0.4905,-0.1213,0.8358
10.010,1,6.511,-0.657,-1.768,-0.2155,-0.4889,-0.1208,0.8367
10.040,1,6.512,-0.657,-1.768,-0.2155,-0.4872,-0.1204,0.8377
10.067,1,6.512,-0.657,-1.768,-0.2158,-0.4854,-0.1202,0.8387
10.123,1,6.513,-0.657,-1.768,-0.2168,-0.4826,-0.1205,0.8400
10.149,1,6.513,-0.657,-1.768,-0.2170,-0.4818,-0.1209,0.8404
10.178,1,6.513,-0.657,-1.768,-0.2175,-0.4811,-0.1209,0.8406
10.208,1,6.514,-0.657,-1.768,-0.2179,-0.4806,-0.1210,0.8408
10.234,1,6.514,-0.657,-1.768,-0.2179,-0.4803,-0.1211,0.8410
10.291,1,6.514,-0.657,-1.767,-0.2176,-0.4795,-0.1213,0.8414
10.317,1,6.513,-0.657,-1.767,-0.2169,-0.4792,-0.1205,0.8419
10.346,1,6.513,-0.657,-1.767,-0.2159,-0.4788,-0.1198,0.8425
10.374,1,6.513,-0.657,-1.767,-0.2150,-0.4784,-0.1192,0.8431
10.401,1,6.513,-0.657,-1.766,-0.2146,-0.4779,-0.1185,0.8435
10.456,1,6.513,-0.657,-1.766,-0.2138,-0.4775,-0.1183,0.8440
10.487,1,6.513,-0.657,-1.766,-0.2137,-0.4776,-0.1185,0.8439
10.511,1,6.513,-0.657,-1.766,-0.2140,-0.4776,-0.1184,0.8439
10.540,1,6.513,-0.657,-1.766,-0.2142,-0.4774,-0.1187,0.8439
10.568,1,6.513,-0.657,-1.766,-0.2144,-0.4770,-0.1191,0.8440
10.622,1,6.514,-0.657,-1.766,-0.2150,-0.4765,-0.1192,0.8441
10.652,1,6.514,-0.657,-1.766,-0.2151,-0.4762,-0.1197,0.8442
10.682,1,6.514,-0.657,-1.766,-0.2152,-0.4756,-0.1197,0.8445
10.721,1,6.514,-0.657,-1.765,-0.2154,-0.4748,-0.1197,0.8449
10.747,1,6.514,-0.657,-1.765,-0.2155,-0.4740,-0.1197,0.8453
10.775,1,6.515,-0.657,-1.765,-0.2155,-0.4729,-0.1196,0.8460
10.803,1,6.515,-0.657,-1.765,-0.2158,-0.4722,-0.1196,0.8463
10.858,1,6.515,-0.657,-1.765,-0.2165,-0.4717,-0.1197,0.8463
10.887,1,6.515,-0.657,-1.765,-0.2167,-0.4718,-0.1199,0.8462
10.915,1,6.515,-0.657,-1.765,-0.2171,-0.4718,-0.1199,0.8461
10.945,1,6.515,-0.657,-1.765,-0.2174,-0.4717,-0.1198,0.8461
10.971,1,6.515,-0.657,-1.765,-0.2175,-0.4716,-0.1199,0.8461
11.026,1,6.515,-0.656,-1.765,-0.2190,-0.4710,-0.1204,0.8460
11.055,1,6.515,-0.656,-1.765,-0.2193,-0.4705,-0.1207,0.8461
11.083,1,6.515,-0.656,-1.765,-0.2197,-0.4700,-0.1212,0.8463
11.110,1,6.515,-0.656,-1.765,-0.2207,-0.4693,-0.1208,0.8464
11.140,1,6.515,-0.656,-1.765,-0.2216,-0.4684,-0.1204,0.8468
11.194,1,6.516,-0.655,-1.765,-0.2259,-0.4657,-0.1201,0.8471
11.223,1,6.516,-0.655,-1.765,-0.2300,-0.4639,-0.1202,0.8470
11.249,1,6.517,-0.654,-1.766,-0.2337,-0.4616,-0.1207,0.8472
11.279,1,6.518,-0.654,-1.766,-0.2371,-0.4593,-0.1212,0.8474
11.309,1,6.518,-0.653,-1.766,-0.2402,-0.4571,-0.1215,0.8477
11.364,1,6.519,-0.653,-1.767,-0.2435,-0.4542,-0.1231,0.8481
11.391,1,6.520,-0.653,-1.767,-0.2433,-0.4537,-0.1235,0.8483
11.414,1,6.520,-0.653,-1.767,-0.2423,-0.4538,-0.1231,0.8486
11.445,1,6.520,-0.653,-1.767,-0.2409,-0.4542,-0.1225,0.8489
11.472,1,6.520,-0.653,-1.767,-0.2408,-0.4548,-0.1225,0.8486
11.528,1,6.520,-0.653,-1.768,-0.2409,-0.4569,-0.1229,0.8474
11.556,1,6.520,-0.653,-1.768,-0.2407,-0.4581,-0.1232,0.8468
11.584,1,6.520,-0.654,-1.769,-0.2400,-0.4593,-0.1231,0.8463
11.612,1,6.520,-0.654,-1.769,-0.2396,-0.4603,-0.1230,0.8459
11.639,1,6.520,-0.654,-1.769,-0.2396,-0.4608,-0.1228,0.8457
11.668,1,6.519,-0.654,-1.769,-0.2390,-0.4615,-0.1224,0.8455
11.724,1,6.519,-0.654,-1.769,-0.2373,-0.4636,-0.1221,0.8449
11.751,1,6.519,-0.654,-1.769,-0.2362,-0.4646,-0.1224,0.8446
11.778,1,6.518,-0.654,-1.769,-0.2343,-0.4661,-0.1231,0.8443
11.807,1,6.518,-0.654,-1.769,-0.2324,-0.4676,-0.1236,0.8438
11.836,1,6.517,-0.655,-1.769,-0.2316,-0.4689,-0.1232,0.8434
11.890,1,6.516,-0.655,-1.770,-0.2295,-0.4715,-0.1227,0.8426
11.928,1,6.516,-0.655,-1.770,-0.2282,-0.4727,-0.1220,0.8424
11.965,1,6.516,-0.655,-1.770,-0.2270,-0.4740,-0.1215,0.8420
11.993,1,6.516,-0.655,-1.770,-0.2250,-0.4762,-0.1214,0.8414
12.040,1,6.515,-0.655,-1.770,-0.2244,-0.4778,-0.1214,0.8406
12.040,1,6.515,-0.655,-1.770,-0.2244,-0.4778,-0.1214,0.8406
12.077,1,6.515,-0.656,-1.770,-0.2234,-0.4797,-0.1212,0.8398
12.107,1,6.515,-0.656,-1.770,-0.2221,-0.4815,-0.1210,0.8392
12.147,1,6.514,-0.656,-1.770,-0.2213,-0.4823,-0.1207,0.8389
12.176,1,6.514,-0.656,-1.769,-0.2201,-0.4833,-0.1203,0.8388
12.251,1,6.514,-0.656,-1.769,-0.2185,-0.4842,-0.1200,0.8387
12.251,1,6.514,-0.656,-1.769,-0.2185,-0.4842,-0.1200,0.8387
12.284,1,6.513,-0.656,-1.769,-0.2173,-0.4848,-0.1198,0.8387
12.311,1,6.513,-0.657,-1.768,-0.2149,-0.4857,-0.1197,0.8388
12.341,1,6.513,-0.657,-1.768,-0.2135,-0.4858,-0.1192,0.8392
12.393,1,6.513,-0.657,-1.767,-0.2102,-0.4863,-0.1183,0.8399
12.421,1,6.512,-0.657,-1.767,-0.2090,-0.4864,-0.1177,0.8402
12.449,1,6.512,-0.658,-1.767,-0.2081,-0.4863,-0.1173,0.8405
12.476,1,6.512,-0.658,-1.766,-0.2074,-0.4859,-0.1169,0.8410
12.506,1,6.512,-0.658,-1.766,-0.2073,-0.4851,-0.1166,0.8415
12.559,1,6.512,-0.657,-1.765,-0.2072,-0.4839,-0.1168,0.8422
12.587,1,6.512,-0.658,-1.765,-0.2067,-0.4837,-0.1168,0.8424
12.612,1,6.512,-0.658,-1.764,-0.2061,-0.4834,-0.1167,0.8427
12.642,1,6.512,-0.658,-1.764,-0.2059,-0.4828,-0.1162,0.8432
12.672,1,6.511,-0.658,-1.764,-0.2061,-0.4823,-0.1161,0.8434
12.726,1,6.512,-0.658,-1.763,-0.2060,-0.4807,-0.1162,0.8444
12.754,1,6.512,-0.658,-1.763,-0.2055,-0.4803,-0.1158,0.8448
12.780,1,6.512,-0.658,-1.762,-0.2047,-0.4801,-0.1161,0.8451
12.809,1,6.512,-0.658,-1.762,-0.2039,-0.4802,-0.1163,0.8452
12.836,1,6.512,-0.658,-1.762,-0.2034,-0.4803,-0.1162,0.8452
12.892,1,6.512,-0.658,-1.762,-0.2031,-0.4805,-0.1165,0.8452
12.921,1,6.512,-0.658,-1.761,-0.2028,-0.4805,-0.1167,0.8452
12.947,1,6.512,-0.658,-1.761,-0.2031,-0.4806,-0.1171,0.8450
12.975,1,6.512,-0.658,-1.761,-0.2032,-0.4806,-0.1177,0.8449
13.003,1,6.513,-0.658,-1.761,-0.2033,-0.4805,-0.1179,0.8449
13.058,1,6.513,-0.658,-1.761,-0.2037,-0.4801,-0.1180,0.8450
13.087,1,6.513,-0.658,-1.761,-0.2036,-0.4800,-0.1182,0.8451
13.114,1,6.513,-0.658,-1.761,-0.2033,-0.4799,-0.1183,0.8452
13.142,1,6.513,-0.658,-1.761,-0.2031,-0.4800,-0.1183,0.8452
13.169,1,6.513,-0.658,-1.761,-0.2029,-0.4800,-0.1185,0.8452
13.226,1,6.513,-0.658,-1.760,-0.2016,-0.4805,-0.1185,0.8453
13.253,1,6.513,-0.658,-1.760,-0.2010,-0.4806,-0.1185,0.8453
13.281,1,6.513,-0.658,-1.760,-0.2008,-0.4808,-0.1186,0.8452
13.310,1,6.513,-0.658,-1.760,-0.2002,-0.4808,-0.1188,0.8454
13.339,1,6.513,-0.658,-1.760,-0.1990,-0.4808,-0.1187,0.8456
13.393,1,6.513,-0.659,-1.760,-0.1959,-0.4811,-0.1178,0.8464
13.421,1,6.512,-0.659,-1.759,-0.1934,-0.4821,-0.1160,0.8466
13.449,1,6.512,-0.659,-1.759,-0.1895,-0.4841,-0.1135,0.8467
13.476,1,6.512,-0.659,-1.759,-0.1858,-0.4865,-0.1121,0.8463
13.505,1,6.512,-0.660,-1.759,-0.1839,-0.4881,-0.1136,0.8456
13.561,1,6.510,-0.659,-1.758,-0.1861,-0.4888,-0.1200,0.8438
13.588,1,6.510,-0.659,-1.759,-0.1847,-0.4894,-0.1214,0.8436
13.615,1,6.509,-0.660,-1.759,-0.1814,-0.4903,-0.1205,0.8439
13.643,1,6.508,-0.660,-1.760,-0.1787,-0.4916,-0.1154,0.8444
13.674,1,6.507,-0.661,-1.761,-0.1757,-0.4937,-0.1097,0.8446
13.700,1,6.507,-0.661,-1.762,-0.1714,-0.4966,-0.1049,0.8444
13.756,1,6.506,-0.663,-1.764,-0.1646,-0.5034,-0.0960,0.8428
13.783,1,6.506,-0.663,-1.765,-0.1636,-0.5061,-0.0941,0.8416
13.810,1,6.505,-0.663,-1.765,-0.1634,-0.5083,-0.0925,0.8405
13.837,1,6.505,-0.663,-1.766,-0.1627,-0.5109,-0.0916,0.8391
13.896,1,6.505,-0.663,-1.766,-0.1603,-0.5144,-0.0913,0.8375
13.921,1,6.505,-0.663,-1.767,-0.1586,-0.5174,-0.0910,0.8360
13.950,1,6.504,-0.664,-1.768,-0.1552,-0.5237,-0.0893,0.8329
13.977,1,6.504,-0.664,-1.769,-0.1534,-0.5282,-0.0878,0.8306
14.007,1,6.504,-0.664,-1.770,-0.1526,-0.5320,-0.0872,0.8283
14.034,1,6.504,-0.664,-1.771,-0.1523,-0.5346,-0.0867,0.8267
14.088,1,6.504,-0.664,-1.771,-0.1540,-0.5374,-0.0854,0.8247
14.116,1,6.504,-0.664,-1.771,-0.1557,-0.5371,-0.0855,0.8246
14.145,1,6.505,-0.664,-1.771,-0.1578,-0.5359,-0.0870,0.8248
14.172,1,6.505,-0.663,-1.770,-0.1579,-0.5341,-0.0871,0.8260
14.200,1,6.505,-0.664,-1.770,-0.1568,-0.5347,-0.0879,0.8257
14.255,1,6.506,-0.664,-1.769,-0.1547,-0.5345,-0.0876,0.8263
14.283,1,6.506,-0.663,-1.769,-0.1531,-0.5349,-0.0903,0.8260
14.311,1,6.506,-0.663,-1.769,-0.1491,-0.5358,-0.0946,0.8257
14.339,1,6.506,-0.663,-1.769,-0.1475,-0.5391,-0.0999,0.8232
14.367,1,6.506,-0.663,-1.769,-0.1459,-0.5419,-0.1020,0.8214
14.426,1,6.507,-0.663,-1.770,-0.1434,-0.5487,-0.1074,0.8166
14.453,1,6.507,-0.663,-1.770,-0.1433,-0.5514,-0.1093,0.8145
14.479,1,6.507,-0.663,-1.770,-0.1420,-0.5536,-0.1093,0.8132
14.507,1,6.508,-0.663,-1.770,-0.1422,-0.5556,-0.1103,0.8117
14.536,1,6.508,-0.662,-1.771,-0.1427,-0.5569,-0.1117,0.8106
14.591,1,6.510,-0.661,-1.772,-0.1456,-0.5588,-0.1193,0.8077
14.620,1,6.511,-0.660,-1.772,-0.1491,-0.5589,-0.1227,0.8065
14.648,1,6.511,-0.659,-1.771,-0.1535,-0.5570,-0.1236,0.8068
14.676,1,6.512,-0.659,-1.771,-0.1573,-0.5544,-0.1233,0.8079
14.705,1,6.513,-0.659,-1.771,-0.1602,-0.5525,-0.1220,0.8088
14.758,1,6.514,-0.658,-1.770,-0.1660,-0.5496,-0.1191,0.8101
14.786,1,6.515,-0.658,-1.770,-0.1680,-0.5476,-0.1202,0.8108
14.813,1,6.515,-0.658,-1.770,-0.1679,-0.5467,-0.1214,0.8113
14.841,1,6.516,-0.658,-1.770,-0.1668,-0.5474,-0.1222,0.8109
14.869,1,6.516,-0.658,-1.770,-0.1645,-0.5485,-0.1241,0.8104
14.925,1,6.517,-0.658,-1.770,-0.1588,-0.5519,-0.1286,0.8085
14.953,1,6.517,-0.658,-1.770,-0.1571,-0.5533,-0.1309,0.8075
14.982,1,6.517,-0.658,-1.770,-0.1559,-0.5548,-0.1320,0.8065
15.008,1,6.517,-0.659,-1.770,-0.1550,-0.5563,-0.1324,0.8056
15.037,1,6.517,-0.659,-1.770,-0.1558,-0.5570,-0.1339,0.8047
15.092,1,6.517,-0.659,-1.769,-0.1582,-0.5584,-0.1320,0.8036
15.121,1,6.516,-0.659,-1.768,-0.1593,-0.5591,-0.1305,0.8031
15.148,1,6.515,-0.659,-1.768,-0.1598,-0.5590,-0.1316,0.8029
15.176,1,6.514,-0.659,-1.767,-0.1595,-0.5594,-0.1309,0.8028
15.204,1,6.514,-0.659,-1.767,-0.1596,-0.5602,-0.1304,0.8023
15.261,1,6.512,-0.660,-1.765,-0.1603,-0.5608,-0.1272,0.8023
15.288,1,6.511,-0.660,-1.764,-0.1615,-0.5611,-0.1271,0.8018
15.316,1,6.510,-0.660,-1.763,-0.1602,-0.5620,-0.1276,0.8014
15.344,1,6.509,-0.661,-1.762,-0.1578,-0.5632,-0.1274,0.8010
15.371,1,6.508,-0.661,-1.761,-0.1557,-0.5642,-0.1281,0.8006
15.428,1,6.507,-0.661,-1.759,-0.1529,-0.5648,-0.1300,0.8004
15.455,1,6.507,-0.661,-1.759,-0.1529,-0.5653,-0.1298,0.8001
15.481,1,6.507,-0.662,-1.758,-0.1523,-0.5654,-0.1290,0.8003
15.509,1,6.507,-0.662,-1.757,-0.1534,-0.5652,-0.1287,0.8003
15.537,1,6.507,-0.662,-1.757,-0.1552,-0.5654,-0.1289,0.7998
15.593,1,6.508,-0.661,-1.756,-0.1601,-0.5652,-0.1311,0.7986
15.622,1,6.508,-0.662,-1.755,-0.1608,-0.5648,-0.1316,0.7987
15.649,1,6.509,-0.661,-1.754,-0.1615,-0.5648,-0.1324,0.7984
15.676,1,6.509,-0.662,-1.754,-0.1616,-0.5651,-0.1329,0.7981
15.705,1,6.510,-0.662,-1.753,-0.1610,-0.5654,-0.1331,0.7979
15.760,1,6.511,-0.662,-1.752,-0.1597,-0.5659,-0.1336,0.7977
15.789,1,6.511,-0.662,-1.752,-0.1597,-0.5659,-0.1338,0.7977
15.815,1,6.511,-0.662,-1.752,-0.1598,-0.5660,-0.1333,0.7977
15.842,1,6.512,-0.662,-1.752,-0.1601,-0.5659,-0.1323,0.7979
15.872,1,6.512,-0.662,-1.751,-0.1600,-0.5655,-0.1321,0.7982
15.926,1,6.512,-0.662,-1.751,-0.1590,-0.5656,-0.1303,0.7986
15.954,1,6.512,-0.663,-1.751,-0.1584,-0.5661,-0.1304,0.7984
15.981,1,6.512,-0.663,-1.751,-0.1580,-0.5663,-0.1313,0.7982
16.010,1,6.512,-0.663,-1.750,-0.1580,-0.5663,-0.1314,0.7982
16.037,1,6.512,-0.663,-1.750,-0.1577,-0.5662,-0.1313,0.7983
16.067,1,6.512,-0.663,-1.750,-0.1579,-0.5658,-0.1307,0.7987
16.121,1,6.512,-0.663,-1.750,-0.1591,-0.5647,-0.1302,0.7993
16.148,1,6.512,-0.663,-1.749,-0.1591,-0.5642,-0.1304,0.7996
16.175,1,6.512,-0.663,-1.749,-0.1589,-0.5636,-0.1300,0.8002
16.204,1,6.511,-0.663,-1.749,-0.1593,-0.5631,-0.1294,0.8005
16.260,1,6.511,-0.663,-1.749,-0.1589,-0.5625,-0.1294,0.8010
16.288,1,6.511,-0.663,-1.748,-0.1578,-0.5627,-0.1288,0.8012
16.316,1,6.511,-0.663,-1.748,-0.1559,-0.5630,-0.1278,0.8015
16.344,1,6.510,-0.664,-1.748,-0.1555,-0.5629,-0.1289,0.8014
16.371,1,6.510,-0.663,-1.748,-0.1568,-0.5630,-0.1300,0.8010
16.428,1,6.510,-0.663,-1.748,-0.1568,-0.5634,-0.1288,0.8009
16.457,1,6.510,-0.663,-1.748,-0.1574,-0.5633,-0.1289,0.8008
16.484,1,6.511,-0.663,-1.748,-0.1579,-0.5630,-0.1287,0.8010
16.512,1,6.511,-0.663,-1.748,-0.1586,-0.5623,-0.1284,0.8014
16.539,1,6.511,-0.663,-1.748,-0.1599,-0.5614,-0.1281,0.8018
16.594,1,6.512,-0.663,-1.748,-0.1609,-0.5597,-0.1270,0.8029
16.623,1,6.513,-0.663,-1.747,-0.1621,-0.5589,-0.1278,0.8031
16.652,1,6.513,-0.663,-1.747,-0.1615,-0.5582,-0.1281,0.8037
16.680,1,6.513,-0.663,-1.747,-0.1617,-0.5576,-0.1285,0.8040
16.709,1,6.513,-0.663,-1.747,-0.1618,-0.5573,-0.1289,0.8041
16.737,1,6.513,-0.663,-1.746,-0.1609,-0.5570,-0.1285,0.8046
16.789,1,6.513,-0.663,-1.746,-0.1640,-0.5557,-0.1303,0.8046
16.817,1,6.513,-0.663,-1.746,-0.1632,-0.5560,-0.1300,0.8046
16.845,1,6.513,-0.663,-1.746,-0.1631,-0.5562,-0.1300,0.8045
16.873,1,6.514,-0.663,-1.746,-0.1641,-0.5563,-0.1305,0.8041
16.901,1,6.514,-0.663,-1.746,-0.1638,-0.5563,-0.1313,0.8040
16.957,1,6.514,-0.663,-1.746,-0.1626,-0.5559,-0.1309,0.8046
16.984,1,6.514,-0.663,-1.746,-0.1616,-0.5557,-0.1294,0.8052
17.012,1,6.514,-0.663,-1.746,-0.1622,-0.5552,-0.1300,0.8054
17.039,1,6.514,-0.662,-1.746,-0.1653,-0.5546,-0.1315,0.8048
17.069,1,6.514,-0.662,-1.746,-0.1657,-0.5546,-0.1308,0.8049
17.125,1,6.515,-0.662,-1.746,-0.1667,-0.5541,-0.1304,0.8051
17.151,1,6.515,-0.662,-1.746,-0.1675,-0.5537,-0.1303,0.8053
17.179,1,6.515,-0.662,-1.746,-0.1684,-0.5533,-0.1298,0.8054
17.207,1,6.515,-0.662,-1.746,-0.1680,-0.5531,-0.1285,0.8058
17.236,1,6.515,-0.663,-1.746,-0.1678,-0.5531,-0.1281,0.8059
17.291,1,6.514,-0.663,-1.746,-0.1672,-0.5533,-0.1273,0.8060
17.318,1,6.514,-0.663,-1.746,-0.1661,-0.5534,-0.1263,0.8063
17.349,1,6.514,-0.663,-1.746,-0.1652,-0.5534,-0.1258,0.8066
17.376,1,6.514,-0.663,-1.746,-0.1658,-0.5534,-0.1259,0.8065
17.403,1,6.514,-0.663,-1.746,-0.1660,-0.5532,-0.1260,0.8066
17.460,1,6.514,-0.663,-1.746,-0.1673,-0.5527,-0.1258,0.8066
17.486,1,6.514,-0.663,-1.746,-0.1672,-0.5527,-0.1254,0.8068
17.514,1,6.514,-0.663,-1.746,-0.1675,-0.5528,-0.1252,0.8066
17.543,1,6.514,-0.663,-1.747,-0.1679,-0.5533,-0.1250,0.8063
17.571,1,6.514,-0.663,-1.747,-0.1683,-0.5536,-0.1248,0.8060
17.628,1,6.514,-0.663,-1.747,-0.1709,-0.5537,-0.1257,0.8052
17.656,1,6.514,-0.662,-1.747,-0.1717,-0.5539,-0.1261,0.8049
17.682,1,6.514,-0.663,-1.747,-0.1713,-0.5543,-0.1260,0.8047
17.711,1,6.514,-0.663,-1.747,-0.1704,-0.5546,-0.1256,0.8048
17.739,1,6.514,-0.663,-1.747,-0.1704,-0.5548,-0.1257,0.8046
17.795,1,6.514,-0.663,-1.747,-0.1688,-0.5546,-0.1246,0.8052
17.821,1,6.514,-0.663,-1.747,-0.1695,-0.5538,-0.1245,0.8056
17.848,1,6.513,-0.663,-1.747,-0.1682,-0.5533,-0.1231,0.8065
17.876,1,6.513,-0.664,-1.746,-0.1662,-0.5526,-0.1212,0.8076
17.905,1,6.513,-0.664,-1.746,-0.1649,-0.5515,-0.1206,0.8088
17.960,1,6.513,-0.665,-1.745,-0.1606,-0.5484,-0.1180,0.8121
17.988,1,6.513,-0.665,-1.744,-0.1583,-0.5463,-0.1167,0.8142
18.018,1,6.512,-0.665,-1.743,-0.1581,-0.5444,-0.1165,0.8155
18.044,1,6.512,-0.666,-1.743,-0.1567,-0.5432,-0.1157,0.8167
18.073,1,6.512,-0.666,-1.742,-0.1560,-0.5422,-0.1154,0.8176
18.100,1,6.512,-0.666,-1.742,-0.1562,-0.5413,-0.1153,0.8181
18.157,1,6.511,-0.666,-1.742,-0.1555,-0.5411,-0.1153,0.8184
18.186,1,6.511,-0.666,-1.741,-0.1561,-0.5412,-0.1165,0.8180
18.213,1,6.511,-0.666,-1.741,-0.1562,-0.5413,-0.1178,0.8178
18.242,1,6.511,-0.666,-1.741,-0.1548,-0.5414,-0.1172,0.8180
18.268,1,6.511,-0.666,-1.740,-0.1539,-0.5415,-0.1166,0.8182
18.322,1,6.511,-0.666,-1.740,-0.1558,-0.5409,-0.1178,0.8181
18.355,1,6.510,-0.666,-1.740,-0.1564,-0.5406,-0.1180,0.8182
18.377,1,6.510,-0.666,-1.740,-0.1567,-0.5401,-0.1186,0.8183
18.405,1,6.510,-0.666,-1.740,-0.1560,-0.5397,-0.1184,0.8188
18.462,1,6.510,-0.667,-1.739,-0.1526,-0.5403,-0.1176,0.8191
18.490,1,6.509,-0.667,-1.740,-0.1508,-0.5412,-0.1180,0.8188
18.518,1,6.509,-0.667,-1.740,-0.1503,-0.5421,-0.1186,0.8182
18.546,1,6.509,-0.667,-1.740,-0.1497,-0.5429,-0.1194,0.8177
18.573,1,6.509,-0.667,-1.740,-0.1501,-0.5436,-0.1205,0.8169
18.601,1,6.509,-0.667,-1.741,-0.1506,-0.5440,-0.1204,0.8166
18.657,1,6.509,-0.666,-1.742,-0.1542,-0.5441,-0.1211,0.8158
18.685,1,6.509,-0.666,-1.742,-0.1554,-0.5438,-0.1216,0.8157
18.712,1,6.509,-0.666,-1.743,-0.1551,-0.5440,-0.1214,0.8157
18.739,1,6.509,-0.666,-1.743,-0.1547,-0.5444,-0.1207,0.8155
18.796,1,6.510,-0.666,-1.744,-0.1554,-0.5449,-0.1207,0.8151
18.822,1,6.510,-0.666,-1.744,-0.1565,-0.5450,-0.1213,0.8148
18.850,1,6.510,-0.666,-1.744,-0.1574,-0.5450,-0.1216,0.8145
18.879,1,6.510,-0.666,-1.744,-0.1570,-0.5450,-0.1218,0.8145
18.907,1,6.510,-0.666,-1.744,-0.1567,-0.5451,-0.1221,0.8145
18.934,1,6.510,-0.666,-1.745,-0.1560,-0.5453,-0.1214,0.8146
18.994,1,6.510,-0.666,-1.744,-0.1563,-0.5451,-0.1223,0.8145
19.016,1,6.510,-0.665,-1.744,-0.1575,-0.5448,-0.1235,0.8143
19.045,1,6.511,-0.665,-1.744,-0.1578,-0.5442,-0.1241,0.8146
19.073,1,6.511,-0.665,-1.744,-0.1589,-0.5436,-0.1247,0.8146
19.101,1,6.511,-0.665,-1.744,-0.1594,-0.5431,-0.1253,0.8148
19.156,1,6.511,-0.664,-1.743,-0.1620,-0.5422,-0.1273,0.8146
19.184,1,6.511,-0.664,-1.743,-0.1618,-0.5418,-0.1279,0.8148
19.212,1,6.512,-0.664,-1.743,-0.1611,-0.5414,-0.1275,0.8153
19.240,1,6.512,-0.665,-1.743,-0.1594,-0.5409,-0.1259,0.8162
19.268,1,6.512,-0.665,-1.743,-0.1600,-0.5403,-0.1261,0.8165
19.323,1,6.513,-0.665,-1.744,-0.1597,-0.5395,-0.1261,0.8170
19.351,1,6.513,-0.665,-1.744,-0.1595,-0.5397,-0.1260,0.8169
19.378,1,6.513,-0.665,-1.744,-0.1589,-0.5401,-0.1262,0.8168
19.407,1,6.513,-0.665,-1.744,-0.1592,-0.5406,-0.1271,0.8162
19.436,1,6.513,-0.665,-1.744,-0.1598,-0.5411,-0.1275,0.8157
19.490,1,6.513,-0.665,-1.745,-0.1584,-0.5416,-0.1277,0.8156
19.518,1,6.512,-0.665,-1.745,-0.1583,-0.5413,-0.1276,0.8159
19.546,1,6.512,-0.665,-1.745,-0.1585,-0.5409,-0.1278,0.8161
19.575,1,6.512,-0.665,-1.745,-0.1587,-0.5403,-0.1277,0.8165
19.602,1,6.512,-0.665,-1.745,-0.1590,-0.5396,-0.1273,0.8169
19.662,1,6.512,-0.665,-1.745,-0.1607,-0.5389,-0.1271,0.8171
19.686,1,6.512,-0.665,-1.745,-0.1617,-0.5392,-0.1271,0.8166
19.713,1,6.511,-0.664,-1.746,-0.1632,-0.5398,-0.1279,0.8158
19.742,1,6.511,-0.664,-1.746,-0.1645,-0.5407,-0.1282,0.8150
19.769,1,6.511,-0.664,-1.746,-0.1642,-0.5420,-0.1271,0.8143
19.824,1,6.510,-0.664,-1.745,-0.1638,-0.5432,-0.1261,0.8137
19.852,1,6.509,-0.664,-1.745,-0.1636,-0.5431,-0.1261,0.8138
19.879,1,6.509,-0.664,-1.745,-0.1640,-0.5427,-0.1260,0.8141
19.908,1,6.509,-0.664,-1.744,-0.1642,-0.5419,-0.1260,0.8146
19.937,1,6.509,-0.664,-1.744,-0.1634,-0.5414,-0.1261,0.8150
19.991,1,6.509,-0.665,-1.744,-0.1608,-0.5409,-0.1247,0.8161
20.020,1,6.509,-0.665,-1.743,-0.1599,-0.5408,-0.1243,0.8164
20.048,1,6.509,-0.665,-1.743,-0.1587,-0.5407,-0.1239,0.8168
20.076,1,6.509,-0.666,-1.743,-0.1579,-0.5406,-0.1236,0.8171
20.104,1,6.509,-0.666,-1.743,-0.1568,-0.5406,-0.1229,0.8173
20.158,1,6.509,-0.666,-1.743,-0.1551,-0.5397,-0.1236,0.8181
20.187,1,6.509,-0.666,-1.743,-0.1544,-0.5393,-0.1234,0.8186
20.215,1,6.509,-0.666,-1.742,-0.1540,-0.5388,-0.1231,0.8191
20.244,1,6.509,-0.666,-1.742,-0.1551,-0.5380,-0.1234,0.8193
20.274,1,6.509,-0.666,-1.742,-0.1558,-0.5374,-0.1230,0.8196
20.328,1,6.509,-0.666,-1.742,-0.1546,-0.5366,-0.1217,0.8205
20.354,1,6.509,-0.666,-1.742,-0.1546,-0.5362,-0.1211,0.8209
20.382,1,6.509,-0.666,-1.742,-0.1553,-0.5362,-0.1211,0.8208
20.411,1,6.509,-0.666,-1.742,-0.1561,-0.5361,-0.1215,0.8206
20.437,1,6.509,-0.666,-1.742,-0.1571,-0.5359,-0.1223,0.8205
20.493,1,6.509,-0.666,-1.742,-0.1577,-0.5358,-0.1240,0.8202
20.522,1,6.509,-0.666,-1.743,-0.1575,-0.5357,-0.1242,0.8202
20.550,1,6.509,-0.666,-1.743,-0.1574,-0.5353,-0.1239,0.8205
20.578,1,6.508,-0.666,-1.743,-0.1585,-0.5346,-0.1233,0.8209
20.606,1,6.508,-0.666,-1.743,-0.1588,-0.5339,-0.1219,0.8215
20.662,1,6.508,-0.666,-1.743,-0.1601,-0.5327,-0.1209,0.8222
20.691,1,6.509,-0.666,-1.744,-0.1611,-0.5316,-0.1208,0.8227
20.717,1,6.509,-0.665,-1.744,-0.1626,-0.5303,-0.1201,0.8233
20.746,1,6.509,-0.665,-1.744,-0.1647,-0.5289,-0.1208,0.8238
20.773,1,6.509,-0.664,-1.744,-0.1664,-0.5277,-0.1221,0.8240
20.801,1,6.510,-0.664,-1.744,-0.1674,-0.5268,-0.1225,0.8243
20.857,1,6.511,-0.664,-1.744,-0.1697,-0.5253,-0.1247,0.8245
20.885,1,6.511,-0.664,-1.744,-0.1707,-0.5247,-0.1257,0.8244
20.913,1,6.512,-0.663,-1.744,-0.1715,-0.5241,-0.1268,0.8245
20.941,1,6.512,-0.663,-1.744,-0.1714,-0.5235,-0.1276,0.8248
20.968,1,6.512,-0.663,-1.745,-0.1714,-0.5227,-0.1280,0.8253
21.025,1,6.513,-0.663,-1.745,-0.1699,-0.5208,-0.1284,0.8267
21.053,1,6.513,-0.663,-1.745,-0.1703,-0.5196,-0.1289,0.8273
21.086,1,6.513,-0.663,-1.745,-0.1719,-0.5186,-0.1297,0.8275
21.111,1,6.513,-0.663,-1.745,-0.1728,-0.5177,-0.1303,0.8277
21.140,1,6.513,-0.662,-1.746,-0.1743,-0.5169,-0.1306,0.8279
21.170,1,6.513,-0.662,-1.746,-0.1755,-0.5162,-0.1305,0.8281
21.224,1,6.513,-0.662,-1.747,-0.1763,-0.5161,-0.1302,0.8280
21.251,1,6.513,-0.662,-1.748,-0.1763,-0.5167,-0.1297,0.8277
21.279,1,6.513,-0.662,-1.748,-0.1755,-0.5178,-0.1287,0.8273
21.308,1,6.513,-0.662,-1.749,-0.1753,-0.5193,-0.1283,0.8265
21.334,1,6.512,-0.663,-1.749,-0.1744,-0.5210,-0.1276,0.8257
21.430,1,6.512,-0.663,-1.750,-0.1746,-0.5240,-0.1269,0.8239
21.430,1,6.512,-0.663,-1.750,-0.1746,-0.5240,-0.1269,0.8239
21.460,1,6.511,-0.663,-1.751,-0.1751,-0.5263,-0.1262,0.8224
21.485,1,6.511,-0.663,-1.752,-0.1757,-0.5268,-0.1263,0.8220
21.514,1,6.511,-0.662,-1.752,-0.1759,-0.5270,-0.1263,0.8218
21.538,1,6.511,-0.663,-1.752,-0.1757,-0.5270,-0.1254,0.8220
21.593,1,6.511,-0.662,-1.752,-0.1755,-0.5270,-0.1252,0.8221
21.622,1,6.511,-0.662,-1.752,-0.1769,-0.5265,-0.1261,0.8220
21.650,1,6.511,-0.663,-1.752,-0.1752,-0.5265,-0.1249,0.8225
21.677,1,6.511,-0.663,-1.752,-0.1747,-0.5266,-0.1247,0.8226
21.705,1,6.511,-0.663,-1.752,-0.1742,-0.5269,-0.1252,0.8224
21.760,1,6.511,-0.663,-1.752,-0.1742,-0.5265,-0.1257,0.8226
21.790,1,6.511,-0.663,-1.752,-0.1730,-0.5262,-0.1249,0.8232
21.817,1,6.511,-0.663,-1.751,-0.1736,-0.5257,-0.1253,0.8233
21.844,1,6.511,-0.663,-1.751,-0.1732,-0.5252,-0.1252,0.8237
21.871,1,6.511,-0.663,-1.751,-0.1741,-0.5245,-0.1256,0.8239
21.928,1,6.511,-0.662,-1.751,-0.1760,-0.5228,-0.1269,0.8243
21.958,1,6.511,-0.662,-1.750,-0.1781,-0.5213,-0.1281,0.8247
21.984,1,6.512,-0.661,-1.750,-0.1810,-0.5193,-0.1289,0.8252
22.012,1,6.512,-0.661,-1.750,-0.1836,-0.5171,-0.1301,0.8258
22.041,1,6.513,-0.661,-1.750,-0.1859,-0.5151,-0.1317,0.8263
22.067,1,6.513,-0.660,-1.750,-0.1881,-0.5136,-0.1327,0.8266
22.124,1,6.515,-0.660,-1.750,-0.1899,-0.5110,-0.1338,0.8276
22.149,1,6.515,-0.660,-1.750,-0.1904,-0.5098,-0.1343,0.8281
22.178,1,6.516,-0.660,-1.751,-0.1922,-0.5091,-0.1342,0.8281
22.207,1,6.516,-0.660,-1.751,-0.1933,-0.5089,-0.1345,0.8280
22.234,1,6.517,-0.660,-1.751,-0.1938,-0.5086,-0.1352,0.8279
22.290,1,6.518,-0.660,-1.751,-0.1943,-0.5074,-0.1378,0.8282
22.319,1,6.518,-0.660,-1.752,-0.1952,-0.5062,-0.1378,0.8287
22.347,1,6.518,-0.659,-1.752,-0.1963,-0.5048,-0.1382,0.8292
22.375,1,6.519,-0.659,-1.752,-0.1966,-0.5033,-0.1392,0.8298
22.402,1,6.519,-0.659,-1.752,-0.1974,-0.5018,-0.1394,0.8306
22.459,1,6.520,-0.659,-1.752,-0.1999,-0.4985,-0.1390,0.8320
22.486,1,6.520,-0.659,-1.752,-0.2018,-0.4967,-0.1388,0.8326
22.513,1,6.520,-0.659,-1.752,-0.2029,-0.4953,-0.1390,0.8332
22.540,1,6.520,-0.658,-1.752,-0.2033,-0.4939,-0.1396,0.8338
22.572,1,6.520,-0.658,-1.752,-0.2037,-0.4926,-0.1395,0.8345
22.625,1,6.521,-0.658,-1.751,-0.2053,-0.4902,-0.1393,0.8356
22.654,1,6.521,-0.658,-1.751,-0.2053,-0.4892,-0.1394,0.8361
22.681,1,6.521,-0.658,-1.751,-0.2056,-0.4884,-0.1398,0.8364
22.710,1,6.521,-0.658,-1.751,-0.2056,-0.4879,-0.1399,0.8367
22.737,1,6.521,-0.658,-1.751,-0.2052,-0.4875,-0.1399,0.8371
22.790,1,6.522,-0.658,-1.751,-0.2049,-0.4866,-0.1402,0.8376
22.821,1,6.521,-0.658,-1.751,-0.2042,-0.4867,-0.1397,0.8378
22.849,1,6.521,-0.659,-1.751,-0.2035,-0.4868,-0.1393,0.8380
22.877,1,6.521,-0.659,-1.751,-0.2037,-0.4870,-0.1390,0.8379
22.906,1,6.521,-0.659,-1.751,-0.2042,-0.4873,-0.1386,0.8376
22.961,1,6.522,-0.658,-1.752,-0.2057,-0.4881,-0.1393,0.8367
22.989,1,6.522,-0.658,-1.752,-0.2070,-0.4883,-0.1397,0.8362
23.015,1,6.522,-0.658,-1.752,-0.2077,-0.4885,-0.1401,0.8358
23.044,1,6.522,-0.658,-1.752,-0.2076,-0.4883,-0.1406,0.8359
23.071,1,6.522,-0.658,-1.752,-0.2075,-0.4879,-0.1406,0.8361
23.127,1,6.522,-0.658,-1.751,-0.2081,-0.4869,-0.1414,0.8364
23.153,1,6.523,-0.658,-1.751,-0.2077,-0.4865,-0.1414,0.8368
23.185,1,6.523,-0.658,-1.751,-0.2076,-0.4862,-0.1410,0.8371
23.210,1,6.523,-0.658,-1.751,-0.2079,-0.4857,-0.1412,0.8372
23.239,1,6.523,-0.658,-1.751,-0.2084,-0.4855,-0.1414,0.8372
23.294,1,6.524,-0.657,-1.751,-0.2087,-0.4850,-0.1420,0.8373
23.321,1,6.524,-0.657,-1.751,-0.2094,-0.4848,-0.1427,0.8371
23.349,1,6.525,-0.657,-1.751,-0.2103,-0.4846,-0.1429,0.8370
23.377,1,6.525,-0.657,-1.751,-0.2109,-0.4843,-0.1434,0.8369
23.404,1,6.525,-0.657,-1.751,-0.2116,-0.4839,-0.1444,0.8368
23.462,1,6.526,-0.657,-1.751,-0.2132,-0.4829,-0.1452,0.8368
23.488,1,6.526,-0.657,-1.751,-0.2134,-0.4823,-0.1451,0.8371
23.518,1,6.526,-0.657,-1.751,-0.2133,-0.4818,-0.1450,0.8374
23.545,1,6.526,-0.657,-1.751,-0.2135,-0.4814,-0.1451,0.8376
23.572,1,6.526,-0.657,-1.751,-0.2131,-0.4814,-0.1450,0.8377
23.627,1,6.526,-0.657,-1.751,-0.2125,-0.4818,-0.1442,0.8378
23.657,1,6.526,-0.657,-1.751,-0.2126,-0.4819,-0.1444,0.8377
23.685,1,6.526,-0.657,-1.751,-0.2127,-0.4821,-0.1445,0.8375
23.712,1,6.526,-0.657,-1.751,-0.2129,-0.4821,-0.1443,0.8375
23.743,1,6.525,-0.657,-1.751,-0.2130,-0.4819,-0.1442,0.8376
23.767,1,6.525,-0.657,-1.751,-0.2127,-0.4814,-0.1448,0.8379
23.823,1,6.525,-0.657,-1.751,-0.2122,-0.4806,-0.1435,0.8387
23.851,1,6.525,-0.657,-1.751,-0.2122,-0.4801,-0.1436,0.8390
23.877,1,6.525,-0.657,-1.751,-0.2125,-0.4798,-0.1436,0.8391
23.906,1,6.525,-0.657,-1.751,-0.2123,-0.4798,-0.1429,0.8392
23.960,1,6.524,-0.657,-1.750,-0.2122,-0.4793,-0.1428,0.8395
24.009,1,6.524,-0.657,-1.750,-0.2126,-0.4793,-0.1425,0.8395
24.009,1,6.524,-0.657,-1.750,-0.2126,-0.4793,-0.1425,0.8395
24.049,1,6.524,-0.657,-1.750,-0.2129,-0.4792,-0.1428,0.8394
24.077,1,6.524,-0.656,-1.750,-0.2154,-0.4789,-0.1438,0.8388
24.102,1,6.524,-0.656,-1.751,-0.2158,-0.4788,-0.1435,0.8388
24.156,1,6.524,-0.656,-1.751,-0.2178,-0.4786,-0.1439,0.8384
24.185,1,6.524,-0.656,-1.751,-0.2181,-0.4783,-0.1434,0.8385
24.213,1,6.524,-0.656,-1.751,-0.2181,-0.4776,-0.1434,0.8389
24.238,1,6.524,-0.656,-1.751,-0.2187,-0.4771,-0.1437,0.8390
24.303,1,6.523,-0.656,-1.751,-0.2177,-0.4768,-0.1433,0.8395
24.303,1,6.523,-0.656,-1.751,-0.2177,-0.4768,-0.1433,0.8395
24.337,1,6.523,-0.656,-1.751,-0.2185,-0.4770,-0.1435,0.8391
24.394,1,6.523,-0.657,-1.751,-0.2178,-0.4765,-0.1428,0.8397
24.422,1,6.523,-0.657,-1.751,-0.2186,-0.4760,-0.1429,0.8398
24.449,1,6.523,-0.656,-1.751,-0.2185,-0.4755,-0.1429,0.8401
24.477,1,6.523,-0.656,-1.750,-0.2193,-0.4748,-0.1430,0.8402
24.505,1,6.523,-0.656,-1.750,-0.2204,-0.4740,-0.1439,0.8403
24.560,1,6.523,-0.656,-1.750,-0.2201,-0.4734,-0.1430,0.8408
24.589,1,6.523,-0.656,-1.750,-0.2191,-0.4732,-0.1427,0.8412
24.615,1,6.523,-0.657,-1.750,-0.2191,-0.4733,-0.1425,0.8413
24.643,1,6.523,-0.656,-1.750,-0.2194,-0.4734,-0.1424,0.8411
24.672,1,6.523,-0.656,-1.750,-0.2196,-0.4738,-0.1428,0.8408
24.729,1,6.524,-0.657,-1.750,-0.2194,-0.4742,-0.1429,0.8406
24.757,1,6.524,-0.656,-1.750,-0.2203,-0.4744,-0.1436,0.8401
24.782,1,6.524,-0.656,-1.750,-0.2204,-0.4744,-0.1443,0.8400
24.810,1,6.524,-0.656,-1.749,-0.2205,-0.4742,-0.1443,0.8401
24.837,1,6.524,-0.656,-1.749,-0.2203,-0.4739,-0.1443,0.8403
24.893,1,6.524,-0.656,-1.749,-0.2221,-0.4731,-0.1457,0.8400
24.921,1,6.524,-0.656,-1.748,-0.2220,-0.4730,-0.1454,0.8402
24.949,1,6.524,-0.656,-1.748,-0.2221,-0.4727,-0.1454,0.8403
24.977,1,6.524,-0.656,-1.748,-0.2215,-0.4725,-0.1451,0.8406
25.005,1,6.524,-0.656,-1.748,-0.2209,-0.4725,-0.1447,0.8409
25.034,1,6.524,-0.656,-1.748,-0.2210,-0.4725,-0.1446,0.8408
25.087,1,6.523,-0.656,-1.748,-0.2201,-0.4730,-0.1441,0.8409
25.115,1,6.523,-0.656,-1.748,-0.2189,-0.4734,-0.1437,0.8410
25.143,1,6.523,-0.656,-1.748,-0.2189,-0.4737,-0.1435,0.8409
25.172,1,6.523,-0.657,-1.748,-0.2188,-0.4739,-0.1431,0.8409
25.201,1,6.523,-0.657,-1.748,-0.2186,-0.4741,-0.1428,0.8409
25.256,1,6.522,-0.656,-1.748,-0.2193,-0.4741,-0.1432,0.8406
25.284,1,6.522,-0.657,-1.748,-0.2191,-0.4737,-0.1426,0.8410
25.312,1,6.522,-0.656,-1.749,-0.2197,-0.4736,-0.1421,0.8410
25.339,1,6.522,-0.657,-1.749,-0.2189,-0.4739,-0.1416,0.8411
25.367,1,6.522,-0.657,-1.749,-0.2178,-0.4742,-0.1410,0.8413
25.423,1,6.521,-0.657,-1.749,-0.2178,-0.4748,-0.1408,0.8410
25.450,1,6.521,-0.657,-1.749,-0.2184,-0.4748,-0.1411,0.8408
25.478,1,6.521,-0.657,-1.749,-0.2192,-0.4745,-0.1408,0.8408
25.506,1,6.521,-0.657,-1.749,-0.2187,-0.4743,-0.1404,0.8411
25.534,1,6.521,-0.657,-1.749,-0.2184,-0.4742,-0.1401,0.8413
25.590,1,6.521,-0.657,-1.748,-0.2164,-0.4742,-0.1388,0.8420
25.617,1,6.521,-0.657,-1.748,-0.2157,-0.4741,-0.1389,0.8423
25.647,1,6.521,-0.657,-1.748,-0.2155,-0.4740,-0.1391,0.8423
25.672,1,6.521,-0.657,-1.748,-0.2155,-0.4736,-0.1388,0.8426
25.701,1,6.521,-0.658,-1.748,-0.2148,-0.4731,-0.1382,0.8432
25.756,1,6.521,-0.658,-1.748,-0.2160,-0.4721,-0.1378,0.8435
25.785,1,6.521,-0.658,-1.748,-0.2157,-0.4722,-0.1375,0.8436
25.845,1,6.521,-0.658,-1.748,-0.2157,-0.4728,-0.1367,0.8433
25.845,1,6.521,-0.658,-1.748,-0.2157,-0.4728,-0.1367,0.8433
27.348,1,6.523,-0.657,-1.742,-0.2299,-0.4297,-0.1288,0.8637
27.348,1,6.523,-0.657,-1.742,-0.2299,-0.4297,-0.1288,0.8637
27.348,1,6.523,-0.657,-1.742,-0.2299,-0.4297,-0.1288,0.8637
27.348,1,6.523,-0.657,-1.742,-0.2299,-0.4297,-0.1288,0.8637
27.348,1,6.523,-0.657,-1.742,-0.2299,-0.4297,-0.1288,0.8637
27.348,1,6.523,-0.657,-1.742,-0.2299,-0.4297,-0.1288,0.8637
27.348,1,6.523,-0.657,-1.742,-0.2299,-0.4297,-0.1288,0.8637
27.348,1,6.523,-0.657,-1.742,-0.2299,-0.4297,-0.1288,0.8637
27.348,1,6.523,-0.657,-1.742,-0.2299,-0.4297,-0.1288,0.8637
27.348,1,6.523,-0.657,-1.742,-0.2299,-0.4297,-0.1288,0.8637
27.348,1,6.523,-0.657,-1.742,-0.2299,-0.4297,-0.1288,0.8637
27.348,1,6.523,-0.657,-1.742,-0.2299,-0.4297,-0.1288,0.8637
27.348,1,6.523,-0.657,-1.742,-0.2299,-0.4297,-0.1288,0.8637
27.348,1,6.523,-0.657,-1.742,-0.2299,-0.4297,-0.1288,0.8637
27.348,1,6.523,-0.657,-1.742,-0.2299,-0.4297,-0.1288,0.8637
27.348,1,6.523,-0.657,-1.742,-0.2299,-0.4297,-0.1288,0.8637
27.348,1,6.523,-0.657,-1.742,-0.2299,-0.4297,-0.1288,0.8637
27.348,1,6.523,-0.657,-1.742,-0.2299,-0.4297,-0.1288,0.8637
27.348,1,6.523,-0.657,-1.742,-0.2299,-0.4297,-0.1288,0.8637
27.348,1,6.523,-0.657,-1.742,-0.2299,-0.4297,-0.1288,0.8637
27.348,1,6.523,-0.657,-1.742,-0.2299,-0.4297,-0.1288,0.8637
27.348,1,6.523,-0.657,-1.742,-0.2299,-0.4297,-0.1288,0.8637
27.348,1,6.523,-0.657,-1.742,-0.2299,-0.4297,-0.1288,0.8637
27.348,1,6.523,-0.657,-1.742,-0.2299,-0.4297,-0.1288,0.8637
27.348,1,6.523,-0.657,-1.742,-0.2299,-0.4297,-0.1288,0.8637
27.348,1,6.523,-0.657,-1.742,-0.2299,-0.4297,-0.1288,0.8637
27.348,1,6.523,-0.657,-1.742,-0.2299,-0.4297,-0.1288,0.8637
27.348,1,6.523,-0.657,-1.742,-0.2299,-0.4297,-0.1288,0.8637
27.348,1,6.523,-0.657,-1.742,-0.2299,-0.4297,-0.1288,0.8637
27.348,1,6.523,-0.657,-1.742,-0.2299,-0.4297,-0.1288,0.8637
27.348,1,6.523,-0.657,-1.742,-0.2299,-0.4297,-0.1288,0.8637
27.348,1,6.523,-0.657,-1.742,-0.2299,-0.4297,-0.1288,0.8637
27.348,1,6.523,-0.657,-1.742,-0.2299,-0.4297,-0.1288,0.8637
27.348,1,6.523,-0.657,-1.742,-0.2299,-0.4297,-0.1288,0.8637
27.348,1,6.523,-0.657,-1.742,-0.2299,-0.4297,-0.1288,0.8637
27.348,1,6.523,-0.657,-1.742,-0.2299,-0.4297,-0.1288,0.8637
27.348,1,6.523,-0.657,-1.742,-0.2299,-0.4297,-0.1288,0.8637
27.348,1,6.523,-0.657,-1.742,-0.2299,-0.4297,-0.1288,0.8637
27.348,1,6.523,-0.657,-1.742,-0.2299,-0.4297,-0.1288,0.8637
27.348,1,6.523,-0.657,-1.742,-0.2299,-0.4297,-0.1288,0.8637
27.348,1,6.523,-0.657,-1.742,-0.2299,-0.4297,-0.1288,0.8637
27.348,1,6.523,-0.657,-1.742,-0.2299,-0.4297,-0.1288,0.8637
27.348,1,6.523,-0.657,-1.742,-0.2299,-0.4297,-0.1288,0.8637
27.348,1,6.523,-0.657,-1.742,-0.2299,-0.4297,-0.1288,0.8637
27.348,1,6.523,-0.657,-1.742,-0.2299,-0.4297,-0.1288,0.8637
27.370,1,6.523,-0.657,-1.742,-0.2301,-0.4300,-0.1288,0.8635
27.402,1,6.523,-0.657,-1.743,-0.2299,-0.4313,-0.1283,0.8629
27.446,1,6.523,-0.657,-1.743,-0.2301,-0.4316,-0.1283,0.8627
27.473,1,6.522,-0.657,-1.743,-0.2302,-0.4320,-0.1283,0.8625
27.516,1,6.523,-0.657,-1.743,-0.2302,-0.4321,-0.1284,0.8625
27.542,1,6.522,-0.657,-1.744,-0.2302,-0.4321,-0.1284,0.8624
27.569,1,6.522,-0.657,-1.744,-0.2304,-0.4324,-0.1279,0.8623
27.608,1,6.522,-0.657,-1.744,-0.2306,-0.4328,-0.1291,0.8619
27.637,1,6.522,-0.657,-1.744,-0.2302,-0.4328,-0.1287,0.8621
27.667,1,6.522,-0.657,-1.744,-0.2301,-0.4330,-0.1278,0.8621
27.708,1,6.522,-0.657,-1.744,-0.2295,-0.4334,-0.1278,0.8621
27.737,1,6.522,-0.657,-1.744,-0.2296,-0.4336,-0.1273,0.8620
27.778,1,6.522,-0.657,-1.744,-0.2292,-0.4340,-0.1273,0.8619
27.806,1,6.522,-0.657,-1.744,-0.2292,-0.4342,-0.1274,0.8618
27.835,1,6.522,-0.657,-1.744,-0.2291,-0.4341,-0.1274,0.8619
27.876,1,6.522,-0.657,-1.743,-0.2292,-0.4335,-0.1279,0.8621
27.904,1,6.522,-0.657,-1.743,-0.2292,-0.4328,-0.1278,0.8625
27.949,1,6.522,-0.657,-1.743,-0.2292,-0.4320,-0.1278,0.8629
27.973,1,6.522,-0.657,-1.743,-0.2290,-0.4319,-0.1279,0.8629
28.001,1,6.522,-0.657,-1.743,-0.2289,-0.4319,-0.1280,0.8629
28.044,1,6.522,-0.657,-1.743,-0.2287,-0.4322,-0.1285,0.8628
28.071,1,6.522,-0.657,-1.743,-0.2287,-0.4324,-0.1282,0.8627
28.112,1,6.522,-0.657,-1.743,-0.2288,-0.4326,-0.1279,0.8627
28.139,1,6.522,-0.657,-1.743,-0.2290,-0.4328,-0.1278,0.8625
28.180,1,6.522,-0.657,-1.743,-0.2291,-0.4333,-0.1276,0.8623
28.210,1,6.522,-0.657,-1.743,-0.2292,-0.4334,-0.1279,0.8621
28.237,1,6.522,-0.657,-1.743,-0.2295,-0.4336,-0.1281,0.8619
28.279,1,6.523,-0.657,-1.743,-0.2301,-0.4338,-0.1284,0.8616
28.307,1,6.523,-0.657,-1.743,-0.2303,-0.4342,-0.1287,0.8613
28.335,1,6.523,-0.657,-1.744,-0.2308,-0.4344,-0.1289,0.8611
28.377,1,6.523,-0.657,-1.744,-0.2314,-0.4346,-0.1288,0.8608
28.404,1,6.523,-0.657,-1.744,-0.2316,-0.4347,-0.1287,0.8607
28.446,1,6.523,-0.656,-1.744,-0.2319,-0.4348,-0.1297,0.8604
28.474,1,6.523,-0.657,-1.744,-0.2315,-0.4348,-0.1291,0.8606
28.503,1,6.523,-0.656,-1.744,-0.2317,-0.4347,-0.1286,0.8607
28.544,1,6.523,-0.657,-1.743,-0.2311,-0.4347,-0.1292,0.8608
28.573,1,6.523,-0.657,-1.743,-0.2310,-0.4347,-0.1288,0.8609
28.600,1,6.523,-0.657,-1.743,-0.2301,-0.4349,-0.1286,0.8610
28.641,1,6.523,-0.657,-1.743,-0.2289,-0.4353,-0.1290,0.8611
28.669,1,6.522,-0.657,-1.743,-0.2287,-0.4354,-0.1288,0.8611
28.712,1,6.522,-0.657,-1.743,-0.2288,-0.4353,-0.1281,0.8612
28.738,1,6.522,-0.657,-1.743,-0.2282,-0.4350,-0.1280,0.8616
28.767,1,6.522,-0.657,-1.743,-0.2289,-0.4345,-0.1277,0.8617
28.824,1,6.523,-0.657,-1.743,-0.2299,-0.4344,-0.1282,0.8614
28.852,1,6.523,-0.657,-1.743,-0.2303,-0.4346,-0.1288,0.8611
28.878,1,6.523,-0.657,-1.743,-0.2306,-0.4352,-0.1298,0.8606
28.904,1,6.523,-0.657,-1.743,-0.2306,-0.4357,-0.1301,0.8603
28.947,1,6.523,-0.657,-1.743,-0.2302,-0.4359,-0.1294,0.8604
28.975,1,6.523,-0.657,-1.743,-0.2294,-0.4356,-0.1289,0.8608
29.003,1,6.523,-0.657,-1.743,-0.2286,-0.4354,-0.1285,0.8612
29.046,1,6.523,-0.657,-1.743,-0.2290,-0.4350,-0.1283,0.8613
29.079,1,6.523,-0.657,-1.743,-0.2293,-0.4351,-0.1281,0.8613
29.101,1,6.523,-0.657,-1.743,-0.2296,-0.4351,-0.1282,0.8611
29.142,1,6.523,-0.657,-1.744,-0.2310,-0.4353,-0.1292,0.8605
29.169,1,6.523,-0.657,-1.744,-0.2313,-0.4356,-0.1294,0.8603
29.211,1,6.523,-0.656,-1.744,-0.2319,-0.4356,-0.1295,0.8601
29.240,1,6.523,-0.656,-1.744,-0.2323,-0.4357,-0.1295,0.8599
29.268,1,6.523,-0.656,-1.744,-0.2322,-0.4358,-0.1293,0.8599
29.309,1,6.523,-0.656,-1.744,-0.2323,-0.4356,-0.1308,0.8597
29.337,1,6.523,-0.656,-1.744,-0.2321,-0.4354,-0.1306,0.8599
29.380,1,6.524,-0.656,-1.744,-0.2313,-0.4350,-0.1300,0.8605
29.408,1,6.524,-0.657,-1.744,-0.2305,-0.4348,-0.1296,0.8608
29.437,1,6.524,-0.657,-1.744,-0.2307,-0.4352,-0.1290,0.8607
29.477,1,6.524,-0.657,-1.744,-0.2309,-0.4359,-0.1294,0.8602
29.504,1,6.524,-0.657,-1.744,-0.2309,-0.4368,-0.1298,0.8597
29.546,1,6.523,-0.657,-1.744,-0.2308,-0.4375,-0.1300,0.8593
29.576,1,6.524,-0.656,-1.744,-0.2317,-0.4375,-0.1302,0.8591
29.603,1,6.524,-0.656,-1.744,-0.2316,-0.4371,-0.1305,0.8592
29.645,1,6.524,-0.656,-1.745,-0.2321,-0.4364,-0.1302,0.8595
29.674,1,6.524,-0.656,-1.745,-0.2327,-0.4362,-0.1300,0.8595
29.702,1,6.524,-0.656,-1.745,-0.2332,-0.4360,-0.1301,0.8594
29.741,1,6.524,-0.656,-1.744,-0.2331,-0.4362,-0.1305,0.8593
29.770,1,6.524,-0.656,-1.744,-0.2327,-0.4365,-0.1309,0.8591
29.801,1,6.524,-0.656,-1.744,-0.2324,-0.4371,-0.1311,0.8589
29.840,1,6.524,-0.656,-1.745,-0.2323,-0.4377,-0.1299,0.8588
29.881,1,6.523,-0.656,-1.745,-0.2322,-0.4380,-0.1295,0.8588
29.909,1,6.523,-0.656,-1.745,-0.2321,-0.4384,-0.1292,0.8586
29.937,1,6.523,-0.656,-1.745,-0.2319,-0.4387,-0.1292,0.8585
29.977,1,6.523,-0.656,-1.745,-0.2318,-0.4391,-0.1296,0.8583
30.005,1,6.523,-0.656,-1.745,-0.2320,-0.4390,-0.1297,0.8583
30.033,1,6.523,-0.656,-1.745,-0.2319,-0.4387,-0.1297,0.8584
30.076,1,6.523,-0.656,-1.745,-0.2317,-0.4382,-0.1294,0.8588
30.104,1,6.524,-0.656,-1.745,-0.2322,-0.4382,-0.1297,0.8586
30.145,1,6.523,-0.656,-1.745,-0.2329,-0.4388,-0.1300,0.8581
30.174,1,6.523,-0.656,-1.745,-0.2337,-0.4392,-0.1309,0.8576
30.215,1,6.523,-0.656,-1.745,-0.2331,-0.4396,-0.1302,0.8576
30.244,1,6.523,-0.656,-1.745,-0.2333,-0.4404,-0.1304,0.8571
30.269,1,6.523,-0.656,-1.745,-0.2331,-0.4408,-0.1311,0.8568
30.314,1,6.523,-0.656,-1.745,-0.2338,-0.4412,-0.1307,0.8565
30.340,1,6.523,-0.656,-1.745,-0.2337,-0.4411,-0.1306,0.8566
30.367,1,6.523,-0.656,-1.745,-0.2334,-0.4410,-0.1306,0.8568
30.410,1,6.522,-0.656,-1.745,-0.2331,-0.4408,-0.1301,0.8570
30.437,1,6.522,-0.656,-1.744,-0.2335,-0.4409,-0.1299,0.8569
30.478,1,6.522,-0.657,-1.744,-0.2324,-0.4406,-0.1303,0.8573
30.507,1,6.521,-0.657,-1.744,-0.2322,-0.4405,-0.1294,0.8575
30.535,1,6.521,-0.657,-1.744,-0.2317,-0.4405,-0.1288,0.8577
30.575,1,6.520,-0.657,-1.743,-0.2310,-0.4407,-0.1286,0.8578
30.603,1,6.520,-0.657,-1.743,-0.2306,-0.4408,-0.1281,0.8580
30.646,1,6.520,-0.657,-1.743,-0.2304,-0.4406,-0.1278,0.8582
30.674,1,6.519,-0.657,-1.743,-0.2312,-0.4405,-0.1274,0.8581
30.700,1,6.519,-0.657,-1.743,-0.2315,-0.4405,-0.1268,0.8581
30.742,1,6.519,-0.657,-1.743,-0.2314,-0.4408,-0.1264,0.8580
30.772,1,6.518,-0.657,-1.743,-0.2315,-0.4413,-0.1263,0.8578
30.812,1,6.518,-0.657,-1.744,-0.2315,-0.4418,-0.1260,0.8576
30.840,1,6.518,-0.657,-1.744,-0.2314,-0.4421,-0.1257,0.8574
30.868,1,6.518,-0.657,-1.744,-0.2315,-0.4426,-0.1259,0.8571
30.910,1,6.518,-0.657,-1.744,-0.2314,-0.4432,-0.1259,0.8568
30.938,1,6.518,-0.657,-1.744,-0.2318,-0.4434,-0.1260,0.8566
30.980,1,6.518,-0.657,-1.744,-0.2322,-0.4437,-0.1259,0.8564
31.006,1,6.518,-0.657,-1.745,-0.2324,-0.4439,-0.1263,0.8562
31.047,1,6.518,-0.657,-1.745,-0.2329,-0.4434,-0.1264,0.8563
31.077,1,6.518,-0.657,-1.745,-0.2333,-0.4434,-0.1264,0.8561
31.104,1,6.519,-0.657,-1.745,-0.2335,-0.4434,-0.1269,0.8560
31.148,1,6.519,-0.657,-1.745,-0.2347,-0.4435,-0.1270,0.8556
31.174,1,6.519,-0.657,-1.745,-0.2351,-0.4438,-0.1274,0.8553
31.202,1,6.519,-0.656,-1.746,-0.2359,-0.4444,-0.1285,0.8546
31.244,1,6.520,-0.656,-1.746,-0.2360,-0.4450,-0.1290,0.8542
31.272,1,6.520,-0.656,-1.746,-0.2362,-0.4451,-0.1291,0.8541
31.313,1,6.520,-0.656,-1.746,-0.2371,-0.4452,-0.1301,0.8536
31.340,1,6.520,-0.656,-1.746,-0.2372,-0.4450,-0.1298,0.8538
31.369,1,6.520,-0.656,-1.746,-0.2372,-0.4448,-0.1298,0.8538
31.411,1,6.520,-0.656,-1.746,-0.2377,-0.4452,-0.1298,0.8535
31.440,1,6.520,-0.656,-1.746,-0.2376,-0.4453,-0.1296,0.8535
31.468,1,6.520,-0.656,-1.747,-0.2376,-0.4453,-0.1294,0.8535
31.510,1,6.520,-0.656,-1.747,-0.2382,-0.4459,-0.1293,0.8531
31.537,1,6.520,-0.656,-1.747,-0.2386,-0.4463,-0.1291,0.8528
31.582,1,6.520,-0.656,-1.748,-0.2386,-0.4470,-0.1285,0.8525
31.605,1,6.520,-0.656,-1.748,-0.2381,-0.4473,-0.1286,0.8525
31.635,1,6.521,-0.656,-1.748,-0.2379,-0.4472,-0.1286,0.8526
31.677,1,6.521,-0.656,-1.748,-0.2373,-0.4471,-0.1281,0.8529
31.707,1,6.521,-0.656,-1.748,-0.2374,-0.4470,-0.1285,0.8528
31.746,1,6.521,-0.656,-1.749,-0.2378,-0.4475,-0.1293,0.8523
31.773,1,6.521,-0.656,-1.749,-0.2374,-0.4480,-0.1301,0.8521
31.801,1,6.522,-0.656,-1.749,-0.2374,-0.4481,-0.1305,0.8519
31.846,1,6.522,-0.655,-1.749,-0.2386,-0.4483,-0.1306,0.8515
31.871,1,6.522,-0.655,-1.749,-0.2394,-0.4486,-0.1312,0.8510
31.912,1,6.522,-0.655,-1.750,-0.2388,-0.4489,-0.1318,0.8509
31.940,1,6.522,-0.655,-1.750,-0.2384,-0.4490,-0.1314,0.8511
31.970,1,6.522,-0.655,-1.750,-0.2381,-0.4491,-0.1306,0.8512
32.010,1,6.522,-0.655,-1.750,-0.2368,-0.4495,-0.1297,0.8515
32.037,1,6.522,-0.655,-1.750,-0.2363,-0.4499,-0.1292,0.8515
32.079,1,6.522,-0.655,-1.751,-0.2363,-0.4511,-0.1294,0.8509
32.108,1,6.522,-0.655,-1.751,-0.2361,-0.4519,-0.1295,0.8505
32.136,1,6.522,-0.655,-1.752,-0.2354,-0.4528,-0.1296,0.8502
32.178,1,6.523,-0.655,-1.753,-0.2349,-0.4544,-0.1304,0.8493
32.205,1,6.523,-0.655,-1.753,-0.2348,-0.4553,-0.1305,0.8488
32.246,1,6.524,-0.655,-1.754,-0.2354,-0.4562,-0.1307,0.8482
32.275,1,6.524,-0.655,-1.755,-0.2357,-0.4568,-0.1311,0.8477
32.302,1,6.524,-0.655,-1.755,-0.2352,-0.4579,-0.1312,0.8472
32.344,1,6.524,-0.655,-1.756,-0.2308,-0.4609,-0.1302,0.8469
32.372,1,6.523,-0.655,-1.757,-0.2246,-0.4645,-0.1279,0.8470
32.400,1,6.522,-0.657,-1.758,-0.2153,-0.4695,-0.1237,0.8473
32.442,1,6.519,-0.659,-1.762,-0.1946,-0.4828,-0.1114,0.8465
32.471,1,6.516,-0.662,-1.765,-0.1742,-0.4973,-0.1002,0.8440
32.511,1,6.509,-0.666,-1.770,-0.1420,-0.5247,-0.0882,0.8347
32.540,1,6.505,-0.670,-1.775,-0.1196,-0.5470,-0.0789,0.8248
32.568,1,6.501,-0.674,-1.781,-0.0948,-0.5729,-0.0676,0.8113
32.610,1,6.495,-0.681,-1.789,-0.0620,-0.6097,-0.0573,0.7881
32.637,1,6.492,-0.685,-1.793,-0.0433,-0.6289,-0.0461,0.7749
32.680,1,6.488,-0.694,-1.798,-0.0169,-0.6503,-0.0198,0.7592
32.708,1,6.486,-0.699,-1.802,0.0035,-0.6623,-0.0050,0.7492
32.736,1,6.484,-0.705,-1.807,0.0260,-0.6730,0.0077,0.7391
32.778,1,6.481,-0.711,-1.813,0.0541,-0.6902,0.0255,0.7211
32.807,1,6.478,-0.713,-1.818,0.0655,-0.7014,0.0296,0.7092
32.835,1,6.475,-0.716,-1.823,0.0736,-0.7093,0.0292,0.7004
32.877,1,6.474,-0.721,-1.828,0.0908,-0.7149,0.0374,0.6923
32.904,1,6.473,-0.724,-1.833,0.1023,-0.7169,0.0459,0.6881
32.933,1,6.470,-0.725,-1.837,0.1031,-0.7207,0.0520,0.6836
32.974,1,6.467,-0.728,-1.843,0.0996,-0.7266,0.0632,0.6769
33.001,1,6.465,-0.731,-1.847,0.1017,-0.7280,0.0719,0.6741
33.044,1,6.464,-0.735,-1.851,0.1124,-0.7270,0.0878,0.6717
33.072,1,6.463,-0.736,-1.854,0.1151,-0.7260,0.0944,0.6714
33.114,1,6.461,-0.737,-1.857,0.1147,-0.7239,0.0998,0.6729
33.142,1,6.461,-0.739,-1.860,0.1166,-0.7272,0.0997,0.6690
33.169,1,6.460,-0.738,-1.863,0.1262,-0.7248,0.1058,0.6690
33.210,1,6.459,-0.743,-1.865,0.1239,-0.7294,0.1144,0.6629
33.239,1,6.459,-0.745,-1.866,0.1274,-0.7321,0.1129,0.6596
33.281,1,6.460,-0.752,-1.869,0.1279,-0.7354,0.1326,0.6521
33.308,1,6.459,-0.754,-1.871,0.1298,-0.7396,0.1350,0.6464
33.336,1,6.460,-0.754,-1.875,0.1344,-0.7402,0.1424,0.6432
33.378,1,6.460,-0.754,-1.879,0.1337,-0.7440,0.1480,0.6377
33.406,1,6.459,-0.753,-1.882,0.1332,-0.7448,0.1466,0.6372
33.435,1,6.457,-0.753,-1.884,0.1267,-0.7452,0.1462,0.6382
33.476,1,6.455,-0.753,-1.887,0.1196,-0.7432,0.1466,0.6418
33.503,1,6.450,-0.751,-1.889,0.0978,-0.7456,0.1457,0.6429
33.546,1,6.450,-0.752,-1.894,0.0901,-0.7429,0.1374,0.6489
33.573,1,6.449,-0.753,-1.897,0.0897,-0.7432,0.1434,0.6473
33.601,1,6.448,-0.754,-1.900,0.0939,-0.7441,0.1518,0.6438
33.644,1,6.446,-0.756,-1.905,0.1018,-0.7458,0.1557,0.6397
33.671,1,6.445,-0.758,-1.908,0.1065,-0.7480,0.1587,0.6356
33.712,1,6.443,-0.760,-1.914,0.1137,-0.7511,0.1610,0.6301
33.741,1,6.441,-0.761,-1.918,0.1173,-0.7523,0.1625,0.6276
33.769,1,6.438,-0.760,-1.921,0.1169,-0.7539,0.1627,0.6257
33.810,1,6.433,-0.759,-1.927,0.1083,-0.7560,0.1571,0.6262
33.838,1,6.431,-0.760,-1.930,0.1088,-0.7538,0.1556,0.6291
33.880,1,6.426,-0.760,-1.934,0.1073,-0.7499,0.1585,0.6333
33.907,1,6.422,-0.760,-1.937,0.1055,-0.7464,0.1585,0.6377
33.935,1,6.419,-0.760,-1.940,0.1040,-0.7435,0.1568,0.6417
33.977,1,6.414,-0.760,-1.944,0.1016,-0.7397,0.1558,0.6467
34.005,1,6.411,-0.760,-1.948,0.0997,-0.7377,0.1556,0.6494
34.047,1,6.406,-0.760,-1.953,0.0955,-0.7367,0.1537,0.6515
34.075,1,6.403,-0.760,-1.957,0.0919,-0.7383,0.1526,0.6506
34.104,1,6.401,-0.761,-1.961,0.0908,-0.7399,0.1523,0.6490
34.144,1,6.398,-0.761,-1.967,0.0897,-0.7412,0.1519,0.6477
34.173,1,6.396,-0.761,-1.971,0.0869,-0.7429,0.1528,0.6460
34.214,1,6.393,-0.760,-1.977,0.0804,-0.7453,0.1506,0.6445
34.242,1,6.392,-0.760,-1.980,0.0771,-0.7468,0.1495,0.6434
34.270,1,6.391,-0.760,-1.983,0.0732,-0.7488,0.1491,0.6417
34.311,1,6.390,-0.760,-1.987,0.0716,-0.7499,0.1487,0.6407
34.339,1,6.389,-0.759,-1.989,0.0686,-0.7510,0.1480,0.6398
34.368,1,6.388,-0.759,-1.991,0.0644,-0.7522,0.1455,0.6394
34.408,1,6.388,-0.759,-1.994,0.0600,-0.7525,0.1438,0.6399
34.436,1,6.389,-0.758,-1.996,0.0569,-0.7523,0.1436,0.6404
34.478,1,6.389,-0.758,-1.997,0.0523,-0.7527,0.1437,0.6403
34.505,1,6.389,-0.757,-1.999,0.0495,-0.7536,0.1413,0.6400
34.535,1,6.390,-0.757,-2.000,0.0490,-0.7540,0.1399,0.6400
34.575,1,6.392,-0.756,-2.000,0.0463,-0.7545,0.1398,0.6396
34.603,1,6.392,-0.754,-2.001,0.0426,-0.7547,0.1361,0.6403
34.645,1,6.393,-0.752,-2.001,0.0364,-0.7549,0.1286,0.6421
34.672,1,6.395,-0.752,-2.001,0.0331,-0.7544,0.1270,0.6432
34.701,1,6.395,-0.752,-2.001,0.0317,-0.7536,0.1287,0.6438
34.742,1,6.397,-0.749,-2.000,0.0237,-0.7539,0.1249,0.6446
34.770,1,6.398,-0.748,-2.000,0.0210,-0.7547,0.1189,0.6448
34.812,1,6.400,-0.745,-2.000,0.0138,-0.7558,0.1105,0.6453
34.839,1,6.402,-0.743,-1.999,0.0076,-0.7563,0.1046,0.6458
34.867,1,6.403,-0.740,-1.999,0.0014,-0.7567,0.0988,0.6463
34.910,1,6.405,-0.738,-1.998,-0.0030,-0.7561,0.0919,0.6480
34.937,1,6.407,-0.735,-1.997,-0.0116,-0.7557,0.0811,0.6497
34.979,1,6.409,-0.734,-1.996,-0.0138,-0.7549,0.0762,0.6512
35.007,1,6.411,-0.730,-1.995,-0.0196,-0.7541,0.0652,0.6532
35.035,1,6.413,-0.728,-1.993,-0.0242,-0.7531,0.0560,0.6551
35.078,1,6.416,-0.725,-1.991,-0.0287,-0.7515,0.0455,0.6575
35.106,1,6.416,-0.724,-1.991,-0.0318,-0.7513,0.0444,0.6577
35.147,1,6.418,-0.722,-1.989,-0.0385,-0.7493,0.0362,0.6602
35.175,1,6.419,-0.721,-1.988,-0.0398,-0.7482,0.0315,0.6615
35.202,1,6.419,-0.721,-1.987,-0.0423,-0.7478,0.0302,0.6619
35.244,1,6.420,-0.722,-1.987,-0.0404,-0.7484,0.0351,0.6611
35.274,1,6.420,-0.722,-1.987,-0.0373,-0.7488,0.0372,0.6606
35.301,1,6.420,-0.722,-1.986,-0.0381,-0.7495,0.0399,0.6597
35.342,1,6.420,-0.722,-1.986,-0.0347,-0.7499,0.0421,0.6593
35.370,1,6.420,-0.724,-1.986,-0.0296,-0.7501,0.0442,0.6592
35.412,1,6.420,-0.725,-1.986,-0.0256,-0.7512,0.0516,0.6575
35.440,1,6.421,-0.726,-1.986,-0.0203,-0.7518,0.0562,0.6566
35.467,1,6.421,-0.727,-1.986,-0.0162,-0.7525,0.0608,0.6556
35.509,1,6.421,-0.728,-1.986,-0.0106,-0.7536,0.0684,0.6536
35.538,1,6.421,-0.729,-1.986,-0.0055,-0.7539,0.0725,0.6530
35.579,1,6.422,-0.731,-1.985,-0.0019,-0.7558,0.0803,0.6499
35.607,1,6.422,-0.732,-1.984,0.0048,-0.7556,0.0814,0.6499
35.635,1,6.423,-0.733,-1.983,0.0099,-0.7546,0.0808,0.6511
35.677,1,6.424,-0.733,-1.981,0.0128,-0.7523,0.0824,0.6535
35.705,1,6.424,-0.733,-1.980,0.0149,-0.7501,0.0833,0.6559
35.747,1,6.425,-0.733,-1.977,0.0185,-0.7466,0.0846,0.6596
35.774,1,6.425,-0.733,-1.975,0.0199,-0.7451,0.0837,0.6614
35.802,1,6.426,-0.733,-1.974,0.0228,-0.7432,0.0830,0.6635
35.843,1,6.428,-0.735,-1.970,0.0300,-0.7389,0.0865,0.6675
35.873,1,6.429,-0.735,-1.968,0.0335,-0.7356,0.0894,0.6706
35.914,1,6.430,-0.736,-1.965,0.0385,-0.7308,0.0915,0.6754
35.942,1,6.431,-0.737,-1.961,0.0447,-0.7236,0.0941,0.6823
35.969,1,6.432,-0.737,-1.957,0.0469,-0.7186,0.0942,0.6875
36.011,1,6.435,-0.738,-1.952,0.0522,-0.7106,0.0953,0.6952
36.039,1,6.436,-0.739,-1.949,0.0553,-0.7055,0.0952,0.7001
36.081,1,6.439,-0.740,-1.943,0.0607,-0.6971,0.0981,0.7076
36.108,1,6.442,-0.740,-1.940,0.0638,-0.6919,0.1026,0.7118
36.136,1,6.443,-0.740,-1.936,0.0639,-0.6887,0.1031,0.7149
36.177,1,6.446,-0.738,-1.932,0.0638,-0.6832,0.1016,0.7203
36.204,1,6.447,-0.737,-1.929,0.0630,-0.6802,0.0982,0.7236
36.246,1,6.448,-0.736,-1.926,0.0646,-0.6779,0.0924,0.7264
36.274,1,6.449,-0.735,-1.923,0.0658,-0.6751,0.0911,0.7292
36.303,1,6.449,-0.734,-1.920,0.0647,-0.6718,0.0885,0.7325
36.343,1,6.450,-0.732,-1.915,0.0614,-0.6647,0.0841,0.7398
36.372,1,6.450,-0.732,-1.911,0.0627,-0.6568,0.0824,0.7469
36.400,1,6.451,-0.732,-1.907,0.0639,-0.6464,0.0805,0.7561
36.441,1,6.452,-0.732,-1.900,0.0650,-0.6306,0.0801,0.7693
36.469,1,6.454,-0.732,-1.896,0.0689,-0.6194,0.0783,0.7781
36.511,1,6.456,-0.732,-1.889,0.0712,-0.6015,0.0729,0.7923
36.538,1,6.458,-0.732,-1.884,0.0719,-0.5905,0.0706,0.8007
36.582,1,6.461,-0.733,-1.877,0.0741,-0.5741,0.0657,0.8128
36.609,1,6.463,-0.733,-1.872,0.0750,-0.5634,0.0625,0.8204
36.636,1,6.464,-0.733,-1.866,0.0768,-0.5537,0.0615,0.8269
36.678,1,6.467,-0.735,-1.859,0.0827,-0.5400,0.0602,0.8354
36.705,1,6.468,-0.735,-1.854,0.0834,-0.5334,0.0607,0.8395
36.733,1,6.469,-0.735,-1.849,0.0836,-0.5287,0.0616,0.8424
36.774,1,6.471,-0.736,-1.842,0.0894,-0.5211,0.0616,0.8466
36.802,1,6.471,-0.736,-1.837,0.0909,-0.5179,0.0629,0.8483
36.844,1,6.471,-0.735,-1.830,0.0915,-0.5144,0.0639,0.8503
36.871,1,6.471,-0.735,-1.825,0.0929,-0.5116,0.0632,0.8518
36.913,1,6.469,-0.734,-1.817,0.0930,-0.5093,0.0606,0.8534
36.941,1,6.467,-0.734,-1.812,0.0927,-0.5080,0.0592,0.8543
36.969,1,6.466,-0.734,-1.808,0.0946,-0.5075,0.0599,0.8544
37.010,1,6.462,-0.734,-1.800,0.0984,-0.5071,0.0606,0.8541
37.038,1,6.460,-0.734,-1.795,0.0995,-0.5071,0.0607,0.8540
37.079,1,6.456,-0.735,-1.789,0.1054,-0.5073,0.0625,0.8530
37.106,1,6.454,-0.734,-1.785,0.1069,-0.5074,0.0621,0.8528
37.134,1,6.452,-0.735,-1.780,0.1072,-0.5066,0.0634,0.8531
37.175,1,6.449,-0.735,-1.774,0.1114,-0.5060,0.0650,0.8528
37.204,1,6.446,-0.735,-1.770,0.1145,-0.5056,0.0630,0.8528
37.245,1,6.444,-0.735,-1.766,0.1183,-0.5053,0.0637,0.8524
37.272,1,6.443,-0.734,-1.763,0.1192,-0.5044,0.0629,0.8529
37.302,1,6.441,-0.733,-1.760,0.1160,-0.5035,0.0618,0.8539
37.343,1,6.439,-0.732,-1.756,0.1114,-0.5049,0.0626,0.8536
37.371,1,6.438,-0.732,-1.754,0.1130,-0.5056,0.0638,0.8530
37.413,1,6.437,-0.734,-1.750,0.1178,-0.5065,0.0688,0.8514
37.441,1,6.437,-0.735,-1.748,0.1213,-0.5088,0.0741,0.8491
37.468,1,6.437,-0.735,-1.747,0.1249,-0.5106,0.0759,0.8473
37.509,1,6.439,-0.737,-1.745,0.1264,-0.5132,0.0767,0.8454
37.537,1,6.441,-0.738,-1.744,0.1284,-0.5172,0.0797,0.8424
37.579,1,6.445,-0.738,-1.744,0.1325,-0.5216,0.0771,0.8393
37.607,1,6.448,-0.737,-1.744,0.1322,-0.5245,0.0759,0.8377
37.635,1,6.452,-0.737,-1.745,0.1327,-0.5275,0.0760,0.8357
37.678,1,6.457,-0.735,-1.747,0.1301,-0.5327,0.0715,0.8332
37.705,1,6.461,-0.734,-1.748,0.1262,-0.5361,0.0684,0.8318
37.734,1,6.466,-0.732,-1.750,0.1228,-0.5398,0.0660,0.8301
37.775,1,6.472,-0.730,-1.753,0.1146,-0.5443,0.0586,0.8290
37.803,1,6.476,-0.728,-1.755,0.1088,-0.5464,0.0553,0.8286
37.845,1,6.482,-0.725,-1.759,0.0979,-0.5507,0.0497,0.8274
37.873,1,6.486,-0.722,-1.760,0.0876,-0.5541,0.0446,0.8266
37.901,1,6.490,-0.720,-1.763,0.0791,-0.5576,0.0400,0.8254
37.943,1,6.496,-0.717,-1.766,0.0706,-0.5621,0.0322,0.8234
37.971,1,6.499,-0.716,-1.768,0.0646,-0.5645,0.0268,0.8224
38.012,1,6.504,-0.714,-1.770,0.0570,-0.5682,0.0226,0.8206
38.041,1,6.507,-0.713,-1.772,0.0535,-0.5707,0.0213,0.8191
38.068,1,6.509,-0.712,-1.773,0.0503,-0.5724,0.0186,0.8182
38.110,1,6.512,-0.710,-1.775,0.0469,-0.5754,0.0152,0.8164
38.137,1,6.512,-0.710,-1.776,0.0460,-0.5778,0.0150,0.8147
38.179,1,6.513,-0.709,-1.777,0.0438,-0.5825,0.0129,0.8115
38.208,1,6.513,-0.709,-1.778,0.0433,-0.5861,0.0122,0.8090
38.236,1,6.513,-0.709,-1.779,0.0445,-0.5893,0.0131,0.8066
38.278,1,6.512,-0.710,-1.780,0.0481,-0.5933,0.0153,0.8034
38.305,1,6.512,-0.711,-1.780,0.0511,-0.5956,0.0177,0.8014
38.334,1,6.511,-0.711,-1.781,0.0550,-0.5976,0.0205,0.7996
38.375,1,6.510,-0.713,-1.781,0.0608,-0.5996,0.0248,0.7976
38.404,1,6.509,-0.714,-1.781,0.0645,-0.6004,0.0272,0.7966
38.445,1,6.508,-0.715,-1.782,0.0686,-0.6017,0.0292,0.7952
38.478,1,6.507,-0.716,-1.782,0.0712,-0.6024,0.0313,0.7944
38.501,1,6.507,-0.717,-1.782,0.0747,-0.6031,0.0343,0.7934
38.543,1,6.505,-0.719,-1.783,0.0794,-0.6043,0.0403,0.7917
38.571,1,6.505,-0.720,-1.783,0.0823,-0.6050,0.0439,0.7907
38.613,1,6.504,-0.722,-1.783,0.0880,-0.6052,0.0479,0.7897
38.642,1,6.503,-0.723,-1.784,0.0912,-0.6055,0.0504,0.7890
38.668,1,6.503,-0.723,-1.784,0.0930,-0.6052,0.0517,0.7889
38.711,1,6.500,-0.726,-1.784,0.0987,-0.6055,0.0606,0.7874
38.738,1,6.500,-0.727,-1.784,0.1002,-0.6059,0.0653,0.7865
38.767,1,6.500,-0.728,-1.785,0.1044,-0.6057,0.0684,0.7859
38.809,1,6.499,-0.730,-1.785,0.1098,-0.6049,0.0729,0.7854
38.851,1,6.498,-0.729,-1.785,0.1091,-0.6058,0.0738,0.7846
38.878,1,6.498,-0.730,-1.785,0.1105,-0.6064,0.0755,0.7839
38.904,1,6.498,-0.730,-1.785,0.1116,-0.6062,0.0761,0.7837
38.946,1,6.497,-0.730,-1.785,0.1127,-0.6066,0.0774,0.7832
38.973,1,6.497,-0.730,-1.784,0.1125,-0.6072,0.0773,0.7828
39.001,1,6.497,-0.731,-1.784,0.1134,-0.6076,0.0778,0.7823
39.042,1,6.498,-0.731,-1.784,0.1163,-0.6075,0.0780,0.7819
39.069,1,6.498,-0.731,-1.784,0.1170,-0.6077,0.0770,0.7817
39.110,1,6.499,-0.730,-1.783,0.1154,-0.6072,0.0758,0.7824
39.137,1,6.499,-0.730,-1.783,0.1145,-0.6075,0.0750,0.7825
39.178,1,6.500,-0.729,-1.783,0.1117,-0.6080,0.0729,0.7826
39.219,1,6.500,-0.729,-1.783,0.1106,-0.6086,0.0723,0.7824
39.246,1,6.501,-0.728,-1.783,0.1093,-0.6094,0.0709,0.7821
39.275,1,6.501,-0.727,-1.783,0.1075,-0.6100,0.0700,0.7820
39.304,1,6.501,-0.727,-1.783,0.1064,-0.6102,0.0699,0.7820
39.344,1,6.502,-0.727,-1.783,0.1065,-0.6102,0.0691,0.7820
39.372,1,6.502,-0.727,-1.783,0.1073,-0.6103,0.0688,0.7819
39.400,1,6.503,-0.727,-1.783,0.1074,-0.6101,0.0678,0.7821
39.442,1,6.503,-0.727,-1.783,0.1067,-0.6097,0.0670,0.7826
39.470,1,6.503,-0.727,-1.783,0.1082,-0.6079,0.0665,0.7838
39.512,1,6.504,-0.727,-1.782,0.1069,-0.6059,0.0669,0.7855
39.541,1,6.504,-0.727,-1.782,0.1047,-0.6052,0.0658,0.7864
39.569,1,6.504,-0.726,-1.782,0.1035,-0.6040,0.0635,0.7877
39.610,1,6.504,-0.726,-1.781,0.1015,-0.6021,0.0608,0.7896
39.637,1,6.503,-0.725,-1.780,0.1003,-0.6007,0.0593,0.7910
39.680,1,6.501,-0.725,-1.779,0.1008,-0.5969,0.0582,0.7938
39.708,1,6.501,-0.725,-1.778,0.1018,-0.5935,0.0574,0.7963
39.735,1,6.499,-0.725,-1.777,0.1024,-0.5900,0.0570,0.7988
39.777,1,6.497,-0.725,-1.775,0.0992,-0.5855,0.0554,0.8027
39.805,1,6.496,-0.725,-1.774,0.1006,-0.5821,0.0567,0.8049
39.833,1,6.494,-0.725,-1.773,0.1000,-0.5795,0.0577,0.8067
39.875,1,6.493,-0.726,-1.771,0.0986,-0.5740,0.0567,0.8109
39.903,1,6.492,-0.726,-1.770,0.0984,-0.5721,0.0609,0.8120
39.945,1,6.490,-0.726,-1.768,0.0939,-0.5675,0.0592,0.8158
39.975,1,6.488,-0.726,-1.768,0.0942,-0.5639,0.0588,0.8183
40.001,1,6.486,-0.725,-1.766,0.0916,-0.5626,0.0604,0.8194
40.042,1,6.483,-0.725,-1.764,0.0870,-0.5574,0.0558,0.8238
40.070,1,6.480,-0.725,-1.763,0.0883,-0.5541,0.0562,0.8258
40.112,1,6.476,-0.724,-1.760,0.0840,-0.5523,0.0563,0.8275
40.142,1,6.472,-0.724,-1.759,0.0825,-0.5508,0.0557,0.8287
40.168,1,6.469,-0.724,-1.757,0.0824,-0.5499,0.0564,0.8292
40.210,1,6.464,-0.724,-1.755,0.0819,-0.5476,0.0548,0.8309
40.238,1,6.460,-0.724,-1.754,0.0802,-0.5460,0.0559,0.8320
40.280,1,6.455,-0.724,-1.752,0.0796,-0.5453,0.0591,0.8324
40.307,1,6.451,-0.724,-1.751,0.0792,-0.5444,0.0580,0.8331
40.337,1,6.448,-0.724,-1.750,0.0781,-0.5443,0.0575,0.8333
40.377,1,6.442,-0.724,-1.749,0.0760,-0.5453,0.0596,0.8327
40.405,1,6.439,-0.724,-1.748,0.0749,-0.5453,0.0581,0.8329
40.447,1,6.434,-0.723,-1.747,0.0741,-0.5462,0.0584,0.8324
40.475,1,6.432,-0.723,-1.747,0.0742,-0.5473,0.0583,0.8316
40.503,1,6.429,-0.723,-1.747,0.0741,-0.5481,0.0584,0.8311
40.544,1,6.426,-0.723,-1.746,0.0729,-0.5493,0.0581,0.8304
40.572,1,6.424,-0.723,-1.746,0.0730,-0.5494,0.0572,0.8304
40.600,1,6.422,-0.722,-1.746,0.0726,-0.5497,0.0559,0.8304
40.646,1,6.419,-0.721,-1.745,0.0699,-0.5497,0.0529,0.8307
40.671,1,6.418,-0.722,-1.745,0.0698,-0.5495,0.0532,0.8309
40.712,1,6.415,-0.721,-1.745,0.0689,-0.5494,0.0518,0.8311
40.740,1,6.414,-0.721,-1.745,0.0670,-0.5500,0.0513,0.8309
40.768,1,6.412,-0.722,-1.745,0.0674,-0.5502,0.0508,0.8307
40.867,1,6.411,-0.722,-1.745,0.0689,-0.5503,0.0520,0.8305
40.867,1,6.411,-0.722,-1.745,0.0689,-0.5503,0.0520,0.8305
40.867,1,6.411,-0.722,-1.745,0.0689,-0.5503,0.0520,0.8305
40.907,1,6.409,-0.722,-1.745,0.0686,-0.5505,0.0532,0.8303
40.935,1,6.409,-0.722,-1.745,0.0671,-0.5507,0.0537,0.8303
40.977,1,6.408,-0.721,-1.746,0.0664,-0.5519,0.0511,0.8297
41.005,1,6.408,-0.720,-1.746,0.0642,-0.5532,0.0500,0.8291
41.047,1,6.408,-0.719,-1.748,0.0597,-0.5562,0.0484,0.8275
41.075,1,6.409,-0.719,-1.749,0.0572,-0.5583,0.0476,0.8263
41.103,1,6.409,-0.717,-1.750,0.0536,-0.5606,0.0457,0.8251
41.145,1,6.411,-0.716,-1.752,0.0482,-0.5658,0.0450,0.8219
41.172,1,6.412,-0.714,-1.754,0.0426,-0.5710,0.0423,0.8187
41.200,1,6.414,-0.712,-1.757,0.0372,-0.5766,0.0368,0.8153
41.243,1,6.418,-0.710,-1.761,0.0285,-0.5884,0.0312,0.8075
41.270,1,6.421,-0.707,-1.765,0.0215,-0.5977,0.0243,0.8011
41.312,1,6.425,-0.704,-1.771,0.0106,-0.6130,0.0127,0.7899
41.340,1,6.428,-0.702,-1.775,0.0028,-0.6237,0.0074,0.7817
41.368,1,6.432,-0.701,-1.780,-0.0024,-0.6335,0.0013,0.7737
41.410,1,6.438,-0.699,-1.786,-0.0080,-0.6456,-0.0050,0.7636
41.439,1,6.442,-0.698,-1.790,-0.0112,-0.6531,-0.0052,0.7572
41.479,1,6.448,-0.696,-1.796,-0.0170,-0.6633,-0.0095,0.7481
41.506,1,6.453,-0.696,-1.799,-0.0213,-0.6691,-0.0124,0.7428
41.534,1,6.457,-0.695,-1.803,-0.0259,-0.6747,-0.0150,0.7374
41.576,1,6.464,-0.693,-1.808,-0.0286,-0.6821,-0.0212,0.7304
41.604,1,6.468,-0.693,-1.811,-0.0303,-0.6854,-0.0248,0.7271
41.645,1,6.475,-0.691,-1.817,-0.0367,-0.6914,-0.0292,0.7210
41.672,1,6.479,-0.690,-1.820,-0.0417,-0.6953,-0.0312,0.7168
41.713,1,6.486,-0.689,-1.825,-0.0484,-0.7002,-0.0340,0.7115
41.741,1,6.490,-0.688,-1.829,-0.0513,-0.7034,-0.0373,0.7080
41.769,1,6.494,-0.688,-1.832,-0.0537,-0.7067,-0.0403,0.7043
41.811,1,6.500,-0.687,-1.837,-0.0568,-0.7109,-0.0417,0.6998
41.839,1,6.503,-0.686,-1.840,-0.0579,-0.7124,-0.0437,0.6980
41.867,1,6.506,-0.686,-1.842,-0.0603,-0.7140,-0.0460,0.6960
41.909,1,6.510,-0.686,-1.846,-0.0626,-0.7159,-0.0453,0.6940
41.937,1,6.512,-0.687,-1.849,-0.0635,-0.7169,-0.0441,0.6928
41.979,1,6.515,-0.686,-1.852,-0.0666,-0.7194,-0.0437,0.6900
42.007,1,6.516,-0.686,-1.854,-0.0678,-0.7204,-0.0445,0.6888
42.035,1,6.517,-0.685,-1.856,-0.0687,-0.7214,-0.0451,0.6876
42.077,1,6.519,-0.684,-1.859,-0.0716,-0.7230,-0.0483,0.6854
42.103,1,6.520,-0.685,-1.860,-0.0718,-0.7242,-0.0492,0.6841
42.145,1,6.520,-0.684,-1.863,-0.0719,-0.7261,-0.0516,0.6819
42.173,1,6.521,-0.684,-1.865,-0.0729,-0.7268,-0.0529,0.6809
42.201,1,6.521,-0.684,-1.866,-0.0732,-0.7281,-0.0526,0.6796
42.243,1,6.521,-0.683,-1.868,-0.0742,-0.7293,-0.0533,0.6781
42.271,1,6.521,-0.683,-1.870,-0.0749,-0.7296,-0.0537,0.6776
42.313,1,6.521,-0.683,-1.871,-0.0750,-0.7313,-0.0537,0.6758
42.341,1,6.521,-0.683,-1.873,-0.0750,-0.7318,-0.0543,0.6752
42.368,1,6.521,-0.683,-1.874,-0.0750,-0.7321,-0.0557,0.6748
42.410,1,6.521,-0.684,-1.875,-0.0744,-0.7325,-0.0552,0.6744
42.440,1,6.521,-0.684,-1.876,-0.0740,-0.7328,-0.0553,0.6742
42.479,1,6.521,-0.684,-1.877,-0.0735,-0.7332,-0.0560,0.6737
42.507,1,6.521,-0.684,-1.878,-0.0737,-0.7336,-0.0553,0.6733
42.535,1,6.521,-0.684,-1.879,-0.0741,-0.7338,-0.0552,0.6730
42.576,1,6.521,-0.684,-1.879,-0.0747,-0.7345,-0.0552,0.6722
42.604,1,6.521,-0.684,-1.880,-0.0747,-0.7355,-0.0550,0.6711
42.648,1,6.522,-0.684,-1.881,-0.0747,-0.7368,-0.0554,0.6697
42.674,1,6.522,-0.684,-1.882,-0.0756,-0.7383,-0.0560,0.6679
42.700,1,6.522,-0.684,-1.883,-0.0755,-0.7406,-0.0563,0.6653
42.744,1,6.523,-0.684,-1.884,-0.0745,-0.7442,-0.0562,0.6614
42.785,1,6.523,-0.683,-1.885,-0.0753,-0.7467,-0.0569,0.6585
42.813,1,6.524,-0.683,-1.886,-0.0756,-0.7499,-0.0574,0.6547
42.841,1,6.524,-0.683,-1.887,-0.0763,-0.7519,-0.0583,0.6522
42.869,1,6.525,-0.683,-1.888,-0.0772,-0.7538,-0.0603,0.6498
42.911,1,6.525,-0.682,-1.889,-0.0786,-0.7560,-0.0620,0.6469
42.943,1,6.526,-0.682,-1.889,-0.0793,-0.7569,-0.0640,0.6456
42.967,1,6.526,-0.682,-1.889,-0.0801,-0.7571,-0.0654,0.6450
43.009,1,6.527,-0.681,-1.890,-0.0822,-0.7588,-0.0681,0.6426
43.036,1,6.527,-0.681,-1.890,-0.0828,-0.7591,-0.0695,0.6419
43.079,1,6.528,-0.680,-1.890,-0.0840,-0.7592,-0.0710,0.6415
43.107,1,6.528,-0.680,-1.890,-0.0849,-0.7590,-0.0714,0.6415
43.141,1,6.529,-0.680,-1.890,-0.0856,-0.7585,-0.0717,0.6420
43.176,1,6.529,-0.680,-1.890,-0.0862,-0.7577,-0.0730,0.6427
43.203,1,6.529,-0.680,-1.889,-0.0862,-0.7572,-0.0730,0.6434
43.246,1,6.529,-0.680,-1.889,-0.0850,-0.7564,-0.0723,0.6446
43.274,1,6.529,-0.680,-1.889,-0.0844,-0.7561,-0.0717,0.6451
43.302,1,6.529,-0.680,-1.889,-0.0840,-0.7558,-0.0705,0.6456
43.346,1,6.528,-0.680,-1.888,-0.0830,-0.7558,-0.0704,0.6457
43.370,1,6.528,-0.680,-1.888,-0.0828,-0.7557,-0.0708,0.6458
43.413,1,6.528,-0.681,-1.888,-0.0827,-0.7552,-0.0696,0.6465
43.441,1,6.528,-0.681,-1.888,-0.0817,-0.7552,-0.0693,0.6467
43.467,1,6.528,-0.681,-1.888,-0.0816,-0.7552,-0.0689,0.6468
43.510,1,6.528,-0.681,-1.887,-0.0817,-0.7550,-0.0685,0.6470
43.555,1,6.527,-0.681,-1.887,-0.0808,-0.7548,-0.0681,0.6474
43.569,1,6.527,-0.681,-1.887,-0.0805,-0.7546,-0.0678,0.6477
43.610,1,6.527,-0.681,-1.887,-0.0803,-0.7543,-0.0675,0.6480
43.641,1,6.527,-0.681,-1.887,-0.0791,-0.7540,-0.0669,0.6487
43.667,1,6.527,-0.682,-1.887,-0.0787,-0.7538,-0.0670,0.6489
43.711,1,6.526,-0.682,-1.886,-0.0782,-0.7533,-0.0665,0.6496
43.736,1,6.526,-0.682,-1.886,-0.0779,-0.7532,-0.0661,0.6498
43.779,1,6.526,-0.682,-1.886,-0.0762,-0.7527,-0.0653,0.6506
43.819,1,6.525,-0.682,-1.886,-0.0755,-0.7521,-0.0651,0.6514
43.833,1,6.525,-0.682,-1.886,-0.0748,-0.7516,-0.0647,0.6522
43.902,1,6.525,-0.682,-1.886,-0.0744,-0.7511,-0.0646,0.6528
43.902,1,6.525,-0.682,-1.886,-0.0744,-0.7511,-0.0646,0.6528
43.942,1,6.524,-0.683,-1.885,-0.0720,-0.7497,-0.0631,0.6548
43.970,1,6.524,-0.683,-1.885,-0.0717,-0.7493,-0.0632,0.6553
44.012,1,6.524,-0.683,-1.885,-0.0714,-0.7482,-0.0630,0.6566
44.040,1,6.524,-0.683,-1.884,-0.0708,-0.7475,-0.0630,0.6575
44.068,1,6.524,-0.683,-1.884,-0.0706,-0.7464,-0.0629,0.6587
44.110,1,6.524,-0.683,-1.883,-0.0705,-0.7447,-0.0628,0.6607
44.138,1,6.524,-0.683,-1.883,-0.0703,-0.7437,-0.0629,0.6618
44.180,1,6.523,-0.683,-1.882,-0.0700,-0.7418,-0.0642,0.6638
44.207,1,6.523,-0.683,-1.881,-0.0695,-0.7409,-0.0642,0.6649
44.236,1,6.524,-0.683,-1.881,-0.0689,-0.7400,-0.0639,0.6660
44.277,1,6.524,-0.683,-1.880,-0.0678,-0.7386,-0.0645,0.6676
44.306,1,6.524,-0.683,-1.880,-0.0678,-0.7378,-0.0647,0.6685
44.334,1,6.524,-0.683,-1.879,-0.0683,-0.7372,-0.0655,0.6691
44.376,1,6.524,-0.683,-1.879,-0.0680,-0.7362,-0.0666,0.6700
44.404,1,6.524,-0.683,-1.878,-0.0682,-0.7351,-0.0667,0.6712
44.446,1,6.524,-0.683,-1.878,-0.0685,-0.7336,-0.0681,0.6727
44.473,1,6.524,-0.683,-1.877,-0.0683,-0.7324,-0.0687,0.6739
44.501,1,6.524,-0.683,-1.877,-0.0688,-0.7313,-0.0687,0.6751
44.542,1,6.525,-0.683,-1.876,-0.0687,-0.7301,-0.0690,0.6764
44.570,1,6.525,-0.683,-1.876,-0.0688,-0.7293,-0.0694,0.6772
44.612,1,6.525,-0.682,-1.875,-0.0697,-0.7282,-0.0701,0.6782
44.640,1,6.525,-0.682,-1.875,-0.0698,-0.7280,-0.0708,0.6784
44.668,1,6.525,-0.682,-1.875,-0.0696,-0.7276,-0.0716,0.6787
44.710,1,6.525,-0.682,-1.874,-0.0702,-0.7269,-0.0723,0.6794
44.738,1,6.526,-0.682,-1.874,-0.0706,-0.7266,-0.0729,0.6795
44.767,1,6.526,-0.682,-1.874,-0.0705,-0.7267,-0.0731,0.6795
44.806,1,6.526,-0.682,-1.874,-0.0707,-0.7267,-0.0728,0.6794
44.834,1,6.526,-0.682,-1.874,-0.0706,-0.7271,-0.0726,0.6790
44.876,1,6.526,-0.682,-1.874,-0.0702,-0.7275,-0.0724,0.6787
44.904,1,6.526,-0.682,-1.874,-0.0707,-0.7275,-0.0719,0.6786
44.946,1,6.526,-0.682,-1.874,-0.0709,-0.7280,-0.0713,0.6782
44.974,1,6.526,-0.682,-1.875,-0.0713,-0.7284,-0.0715,0.6777
45.002,1,6.526,-0.682,-1.875,-0.0709,-0.7285,-0.0721,0.6776
45.043,1,6.526,-0.682,-1.875,-0.0711,-0.7285,-0.0720,0.6775
45.071,1,6.526,-0.682,-1.874,-0.0710,-0.7282,-0.0722,0.6778
45.111,1,6.526,-0.682,-1.874,-0.0707,-0.7276,-0.0720,0.6786
45.139,1,6.526,-0.682,-1.874,-0.0708,-0.7272,-0.0720,0.6789
45.167,1,6.526,-0.682,-1.874,-0.0707,-0.7270,-0.0725,0.6791
45.208,1,6.526,-0.682,-1.874,-0.0707,-0.7269,-0.0728,0.6792
45.235,1,6.526,-0.682,-1.874,-0.0710,-0.7271,-0.0728,0.6790
45.278,1,6.526,-0.682,-1.874,-0.0712,-0.7271,-0.0733,0.6789
45.306,1,6.526,-0.682,-1.874,-0.0714,-0.7271,-0.0734,0.6789
45.334,1,6.526,-0.682,-1.874,-0.0717,-0.7272,-0.0728,0.6788
45.375,1,6.526,-0.682,-1.874,-0.0712,-0.7274,-0.0726,0.6786
45.403,1,6.526,-0.682,-1.874,-0.0712,-0.7275,-0.0727,0.6785
45.445,1,6.526,-0.682,-1.874,-0.0711,-0.7276,-0.0726,0.6784
45.473,1,6.526,-0.682,-1.873,-0.0709,-0.7275,-0.0727,0.6786
45.501,1,6.526,-0.682,-1.873,-0.0708,-0.7272,-0.0729,0.6789
45.543,1,6.526,-0.682,-1.873,-0.0710,-0.7268,-0.0729,0.6792
45.570,1,6.526,-0.682,-1.873,-0.0705,-0.7266,-0.0732,0.6795
45.613,1,6.526,-0.682,-1.873,-0.0704,-0.7263,-0.0732,0.6798
45.640,1,6.526,-0.682,-1.873,-0.0706,-0.7262,-0.0732,0.6799
45.668,1,6.526,-0.682,-1.873,-0.0704,-0.7262,-0.0734,0.6799
45.708,1,6.526,-0.682,-1.873,-0.0703,-0.7262,-0.0735,0.6799
45.737,1,6.526,-0.682,-1.873,-0.0707,-0.7261,-0.0736,0.6799
45.779,1,6.526,-0.682,-1.873,-0.0718,-0.7258,-0.0741,0.6801
45.808,1,6.526,-0.681,-1.873,-0.0724,-0.7256,-0.0747,0.6802
45.833,1,6.526,-0.681,-1.872,-0.0731,-0.7252,-0.0766,0.6803
45.876,1,6.527,-0.680,-1.872,-0.0770,-0.7239,-0.0797,0.6809
45.904,1,6.527,-0.679,-1.872,-0.0800,-0.7224,-0.0822,0.6819
45.946,1,6.529,-0.677,-1.871,-0.0852,-0.7196,-0.0877,0.6835
45.974,1,6.530,-0.676,-1.870,-0.0939,-0.7157,-0.0959,0.6853
46.002,1,6.531,-0.673,-1.869,-0.1026,-0.7114,-0.1018,0.6878
46.043,1,6.534,-0.669,-1.866,-0.1232,-0.6981,-0.1167,0.6956
46.072,1,6.537,-0.665,-1.864,-0.1398,-0.6859,-0.1251,0.7031
46.113,1,6.542,-0.661,-1.859,-0.1651,-0.6629,-0.1398,0.7168
46.141,1,6.546,-0.658,-1.856,-0.1822,-0.6437,-0.1498,0.7280
46.169,1,6.550,-0.655,-1.853,-0.2020,-0.6209,-0.1584,0.7407
46.211,1,6.558,-0.650,-1.847,-0.2367,-0.5798,-0.1692,0.7610
46.238,1,6.564,-0.647,-1.845,-0.2591,-0.5518,-0.1749,0.7732
46.279,1,6.572,-0.643,-1.842,-0.2870,-0.5143,-0.1815,0.7875
46.308,1,6.576,-0.642,-1.840,-0.3027,-0.4946,-0.1842,0.7937
46.336,1,6.580,-0.641,-1.840,-0.3126,-0.4799,-0.1842,0.7988
46.378,1,6.584,-0.641,-1.839,-0.3200,-0.4656,-0.1798,0.8053
46.406,1,6.586,-0.641,-1.838,-0.3216,-0.4600,-0.1759,0.8087
46.434,1,6.586,-0.641,-1.837,-0.3215,-0.4560,-0.1738,0.8115
46.475,1,6.586,-0.641,-1.836,-0.3159,-0.4561,-0.1715,0.8141
46.503,1,6.586,-0.642,-1.836,-0.3116,-0.4580,-0.1699,0.8150
46.545,1,6.585,-0.642,-1.835,-0.3073,-0.4618,-0.1687,0.8147
46.573,1,6.584,-0.642,-1.834,-0.3039,-0.4654,-0.1683,0.8141
46.601,1,6.583,-0.643,-1.834,-0.3021,-0.4679,-0.1664,0.8137
46.645,1,6.582,-0.642,-1.832,-0.3032,-0.4654,-0.1628,0.8155
46.670,1,6.581,-0.643,-1.832,-0.3023,-0.4650,-0.1628,0.8160
46.713,1,6.579,-0.644,-1.831,-0.2940,-0.4714,-0.1647,0.8150
46.755,1,6.579,-0.644,-1.830,-0.2911,-0.4730,-0.1638,0.8153
46.768,1,6.578,-0.644,-1.830,-0.2891,-0.4736,-0.1629,0.8159
46.810,1,6.576,-0.644,-1.829,-0.2866,-0.4746,-0.1594,0.8168
46.838,1,6.575,-0.645,-1.829,-0.2845,-0.4762,-0.1577,0.8170
46.879,1,6.574,-0.645,-1.828,-0.2818,-0.4767,-0.1557,0.8180
46.911,1,6.573,-0.646,-1.828,-0.2789,-0.4780,-0.1546,0.8184
46.936,1,6.573,-0.646,-1.829,-0.2780,-0.4791,-0.1546,0.8181
46.977,1,6.572,-0.646,-1.829,-0.2754,-0.4805,-0.1532,0.8184
47.006,1,6.572,-0.646,-1.828,-0.2754,-0.4799,-0.1515,0.8191
47.033,1,6.572,-0.646,-1.828,-0.2755,-0.4797,-0.1511,0.8192
47.075,1,6.571,-0.646,-1.829,-0.2758,-0.4803,-0.1517,0.8187
47.104,1,6.571,-0.646,-1.829,-0.2764,-0.4809,-0.1522,0.8181
47.145,1,6.571,-0.646,-1.829,-0.2741,-0.4832,-0.1521,0.8174
47.173,1,6.571,-0.647,-1.829,-0.2716,-0.4851,-0.1512,0.8173
47.201,1,6.570,-0.647,-1.830,-0.2702,-0.4868,-0.1508,0.8169
47.243,1,6.570,-0.647,-1.830,-0.2679,-0.4892,-0.1501,0.8164
47.276,1,6.569,-0.648,-1.830,-0.2668,-0.4902,-0.1492,0.8163
47.313,1,6.569,-0.648,-1.830,-0.2652,-0.4916,-0.1488,0.8160
47.341,1,6.568,-0.648,-1.830,-0.2635,-0.4925,-0.1482,0.8161
47.369,1,6.568,-0.648,-1.830,-0.2620,-0.4936,-0.1472,0.8161
47.410,1,6.567,-0.649,-1.830,-0.2603,-0.4948,-0.1455,0.8163
47.438,1,6.566,-0.649,-1.830,-0.2591,-0.4961,-0.1437,0.8161
47.469,1,6.566,-0.649,-1.830,-0.2564,-0.4981,-0.1426,0.8160
47.509,1,6.564,-0.650,-1.830,-0.2516,-0.5011,-0.1405,0.8160
47.536,1,6.563,-0.650,-1.829,-0.2474,-0.5036,-0.1380,0.8162
47.575,1,6.562,-0.652,-1.829,-0.2407,-0.5057,-0.1352,0.8173
47.603,1,6.561,-0.653,-1.828,-0.2332,-0.5077,-0.1322,0.8188
47.645,1,6.560,-0.654,-1.827,-0.2242,-0.5104,-0.1278,0.8203
47.686,1,6.559,-0.655,-1.827,-0.2186,-0.5119,-0.1252,0.8213
47.700,1,6.558,-0.656,-1.827,-0.2134,-0.5135,-0.1221,0.8221
47.742,1,6.557,-0.657,-1.826,-0.2066,-0.5159,-0.1186,0.8228
47.769,1,6.556,-0.657,-1.826,-0.2033,-0.5173,-0.1163,0.8231
47.811,1,6.555,-0.657,-1.825,-0.2020,-0.5180,-0.1141,0.8233
47.837,1,6.555,-0.658,-1.825,-0.2018,-0.5179,-0.1134,0.8235
47.877,1,6.554,-0.658,-1.824,-0.2022,-0.5178,-0.1133,0.8235
47.905,1,6.554,-0.658,-1.824,-0.2033,-0.5174,-0.1140,0.8234
47.945,1,6.554,-0.657,-1.824,-0.2053,-0.5171,-0.1153,0.8229
47.973,1,6.554,-0.657,-1.824,-0.2077,-0.5170,-0.1165,0.8222
48.003,1,6.554,-0.656,-1.824,-0.2087,-0.5168,-0.1169,0.8220
48.045,1,6.554,-0.656,-1.824,-0.2096,-0.5172,-0.1169,0.8215
48.073,1,6.554,-0.656,-1.824,-0.2114,-0.5172,-0.1177,0.8210
48.100,1,6.554,-0.656,-1.824,-0.2122,-0.5171,-0.1186,0.8207
48.143,1,6.554,-0.656,-1.824,-0.2125,-0.5168,-0.1198,0.8206
48.171,1,6.555,-0.656,-1.824,-0.2127,-0.5166,-0.1200,0.8207
48.213,1,6.555,-0.656,-1.823,-0.2108,-0.5164,-0.1198,0.8213
48.241,1,6.555,-0.656,-1.823,-0.2093,-0.5164,-0.1191,0.8218
48.268,1,6.555,-0.656,-1.823,-0.2086,-0.5163,-0.1188,0.8220
48.310,1,6.555,-0.656,-1.822,-0.2082,-0.5163,-0.1195,0.8221
48.338,1,6.555,-0.656,-1.822,-0.2079,-0.5165,-0.1192,0.8220
48.380,1,6.555,-0.656,-1.822,-0.2096,-0.5167,-0.1199,0.8214
48.407,1,6.555,-0.656,-1.822,-0.2087,-0.5167,-0.1206,0.8216
48.436,1,6.556,-0.656,-1.822,-0.2094,-0.5168,-0.1204,0.8213
48.480,1,6.556,-0.656,-1.822,-0.2108,-0.5166,-0.1218,0.8209
48.506,1,6.556,-0.656,-1.822,-0.2103,-0.5165,-0.1219,0.8210
48.535,1,6.556,-0.656,-1.822,-0.2104,-0.5162,-0.1216,0.8213
48.576,1,6.556,-0.656,-1.822,-0.2107,-0.5159,-0.1225,0.8212
48.603,1,6.556,-0.656,-1.822,-0.2111,-0.5156,-0.1222,0.8214
48.646,1,6.556,-0.656,-1.822,-0.2099,-0.5157,-0.1209,0.8219
48.673,1,6.556,-0.656,-1.822,-0.2098,-0.5160,-0.1203,0.8218
48.702,1,6.555,-0.656,-1.823,-0.2097,-0.5162,-0.1202,0.8217
48.745,1,6.555,-0.656,-1.823,-0.2095,-0.5165,-0.1198,0.8216
48.773,1,6.555,-0.656,-1.823,-0.2097,-0.5165,-0.1197,0.8216
48.812,1,6.555,-0.656,-1.823,-0.2097,-0.5167,-0.1195,0.8214
48.839,1,6.555,-0.656,-1.823,-0.2094,-0.5169,-0.1198,0.8213
48.867,1,6.555,-0.656,-1.823,-0.2091,-0.5172,-0.1197,0.8213
48.909,1,6.554,-0.657,-1.823,-0.2083,-0.5173,-0.1191,0.8215
48.937,1,6.554,-0.657,-1.823,-0.2083,-0.5176,-0.1191,0.8213
48.980,1,6.554,-0.657,-1.823,-0.2079,-0.5181,-0.1193,0.8211
49.008,1,6.554,-0.657,-1.823,-0.2076,-0.5185,-0.1191,0.8209
49.037,1,6.554,-0.657,-1.823,-0.2075,-0.5187,-0.1188,0.8208
49.079,1,6.554,-0.657,-1.823,-0.2068,-0.5188,-0.1181,0.8210
49.106,1,6.553,-0.657,-1.823,-0.2061,-0.5191,-0.1177,0.8211
49.134,1,6.553,-0.657,-1.823,-0.2054,-0.5193,-0.1177,0.8211
49.176,1,6.553,-0.657,-1.823,-0.2048,-0.5200,-0.1170,0.8209
49.203,1,6.553,-0.657,-1.824,-0.2038,-0.5214,-0.1175,0.8202
49.246,1,6.552,-0.658,-1.824,-0.2023,-0.5238,-0.1172,0.8191
49.274,1,6.552,-0.658,-1.824,-0.2029,-0.5245,-0.1168,0.8186
49.302,1,6.552,-0.658,-1.824,-0.2028,-0.5249,-0.1169,0.8184
49.344,1,6.552,-0.658,-1.824,-0.2022,-0.5244,-0.1166,0.8188
49.372,1,6.552,-0.658,-1.824,-0.2019,-0.5237,-0.1165,0.8194
49.413,1,6.552,-0.658,-1.823,-0.2018,-0.5228,-0.1167,0.8200
49.441,1,6.552,-0.658,-1.823,-0.2020,-0.5219,-0.1165,0.8205
49.470,1,6.552,-0.658,-1.823,-0.2023,-0.5214,-0.1163,0.8208
49.511,1,6.552,-0.658,-1.823,-0.2020,-0.5213,-0.1165,0.8209
49.538,1,6.552,-0.658,-1.823,-0.2022,-0.5211,-0.1169,0.8209
49.580,1,6.552,-0.658,-1.823,-0.2021,-0.5210,-0.1172,0.8210
49.608,1,6.552,-0.658,-1.823,-0.2019,-0.5208,-0.1171,0.8211
49.635,1,6.552,-0.658,-1.823,-0.2017,-0.5206,-0.1167,0.8214
49.677,1,6.552,-0.658,-1.823,-0.2008,-0.5208,-0.1161,0.8216
49.706,1,6.552,-0.658,-1.823,-0.2008,-0.5211,-0.1158,0.8214
49.733,1,6.552,-0.658,-1.823,-0.2011,-0.5212,-0.1157,0.8213
49.775,1,6.552,-0.658,-1.823,-0.2012,-0.5218,-0.1158,0.8209
49.803,1,6.552,-0.658,-1.823,-0.2013,-0.5221,-0.1162,0.8206
49.845,1,6.552,-0.658,-1.823,-0.2017,-0.5220,-0.1168,0.8205
49.873,1,6.552,-0.658,-1.823,-0.2016,-0.5220,-0.1168,0.8205
49.900,1,6.552,-0.658,-1.823,-0.2020,-0.5218,-0.1169,0.8206
49.942,1,6.552,-0.658,-1.823,-0.2026,-0.5214,-0.1172,0.8206
49.970,1,6.552,-0.658,-1.823,-0.2026,-0.5215,-0.1173,0.8205
50.012,1,6.552,-0.658,-1.823,-0.2022,-0.5214,-0.1181,0.8206
50.040,1,6.552,-0.658,-1.823,-0.2021,-0.5213,-0.1174,0.8207
50.068,1,6.552,-0.658,-1.823,-0.2022,-0.5212,-0.1170,0.8208
50.110,1,6.552,-0.658,-1.823,-0.2021,-0.5211,-0.1167,0.8210
50.138,1,6.552,-0.658,-1.823,-0.2024,-0.5211,-0.1165,0.8209
50.179,1,6.552,-0.658,-1.823,-0.2022,-0.5213,-0.1170,0.8208
50.208,1,6.552,-0.658,-1.823,-0.2021,-0.5215,-0.1171,0.8206
50.234,1,6.552,-0.658,-1.823,-0.2020,-0.5217,-0.1170,0.8206
50.276,1,6.552,-0.658,-1.823,-0.2019,-0.5217,-0.1173,0.8205
50.303,1,6.552,-0.658,-1.823,-0.2015,-0.5217,-0.1172,0.8207
50.345,1,6.552,-0.658,-1.823,-0.2013,-0.5216,-0.1168,0.8209
50.374,1,6.552,-0.658,-1.823,-0.2007,-0.5217,-0.1168,0.8209
50.402,1,6.552,-0.658,-1.823,-0.2006,-0.5217,-0.1165,0.8210
50.445,1,6.552,-0.658,-1.823,-0.2000,-0.5213,-0.1163,0.8214
50.471,1,6.552,-0.658,-1.823,-0.1997,-0.5211,-0.1161,0.8216
50.501,1,6.552,-0.658,-1.823,-0.1997,-0.5207,-0.1160,0.8219
50.540,1,6.552,-0.658,-1.822,-0.1997,-0.5206,-0.1157,0.8220
50.568,1,6.552,-0.658,-1.822,-0.1993,-0.5207,-0.1156,0.8220
50.610,1,6.551,-0.658,-1.822,-0.1993,-0.5211,-0.1157,0.8218
50.638,1,6.551,-0.658,-1.822,-0.1993,-0.5212,-0.1159,0.8217
50.681,1,6.551,-0.658,-1.822,-0.1988,-0.5211,-0.1159,0.8219
50.709,1,6.551,-0.658,-1.822,-0.1989,-0.5210,-0.1160,0.8219
50.736,1,6.551,-0.658,-1.822,-0.1988,-0.5207,-0.1161,0.8221
50.776,1,6.551,-0.658,-1.822,-0.1986,-0.5204,-0.1159,0.8223
50.803,1,6.551,-0.658,-1.822,-0.1987,-0.5203,-0.1158,0.8224
50.843,1,6.551,-0.658,-1.822,-0.1989,-0.5203,-0.1160,0.8224
50.872,1,6.552,-0.658,-1.822,-0.1992,-0.5201,-0.1168,0.8223
50.913,1,6.552,-0.658,-1.822,-0.1998,-0.5193,-0.1158,0.8228
50.940,1,6.552,-0.658,-1.822,-0.1998,-0.5189,-0.1158,0.8230
50.967,1,6.552,-0.658,-1.822,-0.1994,-0.5189,-0.1159,0.8232
51.010,1,6.552,-0.658,-1.822,-0.1999,-0.5193,-0.1153,0.8229
51.042,1,6.552,-0.658,-1.822,-0.2008,-0.5194,-0.1160,0.8224
51.067,1,6.552,-0.658,-1.822,-0.2009,-0.5195,-0.1162,0.8224
51.110,1,6.552,-0.658,-1.822,-0.2009,-0.5194,-0.1164,0.8224
51.138,1,6.552,-0.658,-1.822,-0.2013,-0.5194,-0.1172,0.8222
51.179,1,6.552,-0.658,-1.822,-0.2012,-0.5195,-0.1174,0.8221
51.208,1,6.552,-0.658,-1.822,-0.2015,-0.5196,-0.1172,0.8220
51.235,1,6.552,-0.658,-1.822,-0.2014,-0.5197,-0.1173,0.8220
51.277,1,6.552,-0.658,-1.822,-0.2010,-0.5200,-0.1174,0.8219
51.304,1,6.552,-0.658,-1.822,-0.2005,-0.5199,-0.1172,0.8220
51.346,1,6.552,-0.658,-1.822,-0.2002,-0.5194,-0.1169,0.8225
51.375,1,6.552,-0.658,-1.822,-0.2001,-0.5192,-0.1164,0.8227
51.406,1,6.552,-0.658,-1.822,-0.1998,-0.5192,-0.1161,0.8229
51.443,1,6.551,-0.658,-1.822,-0.1998,-0.5193,-0.1159,0.8228
51.471,1,6.551,-0.658,-1.822,-0.1998,-0.5196,-0.1157,0.8226
51.500,1,6.551,-0.658,-1.822,-0.1996,-0.5203,-0.1156,0.8223
51.542,1,6.551,-0.658,-1.822,-0.1992,-0.5208,-0.1155,0.8220
51.571,1,6.551,-0.658,-1.822,-0.1993,-0.5208,-0.1156,0.8220
51.611,1,6.551,-0.658,-1.822,-0.1988,-0.5207,-0.1157,0.8222
51.639,1,6.551,-0.658,-1.822,-0.1989,-0.5205,-0.1155,0.8223
51.670,1,6.551,-0.658,-1.822,-0.1991,-0.5202,-0.1155,0.8224
51.709,1,6.551,-0.658,-1.822,-0.1995,-0.5200,-0.1157,0.8224
51.737,1,6.551,-0.658,-1.822,-0.1996,-0.5197,-0.1165,0.8225
51.784,1,6.551,-0.658,-1.822,-0.1993,-0.5194,-0.1160,0.8229
51.807,1,6.551,-0.658,-1.822,-0.1993,-0.5192,-0.1160,0.8229
51.835,1,6.551,-0.658,-1.822,-0.1987,-0.5192,-0.1161,0.8231
51.877,1,6.551,-0.658,-1.822,-0.1990,-0.5194,-0.1154,0.8230
51.905,1,6.551,-0.658,-1.822,-0.1988,-0.5196,-0.1156,0.8228
51.945,1,6.551,-0.658,-1.822,-0.1985,-0.5198,-0.1158,0.8228
51.973,1,6.551,-0.658,-1.822,-0.1987,-0.5198,-0.1159,0.8227
52.000,1,6.551,-0.658,-1.822,-0.1992,-0.5197,-0.1164,0.8226
52.043,1,6.552,-0.658,-1.822,-0.1989,-0.5193,-0.1167,0.8229
52.071,1,6.552,-0.658,-1.821,-0.1991,-0.5192,-0.1165,0.8230
52.113,1,6.552,-0.658,-1.821,-0.1987,-0.5190,-0.1167,0.8231
52.141,1,6.552,-0.658,-1.821,-0.1985,-0.5189,-0.1169,0.8232
52.169,1,6.552,-0.658,-1.821,-0.1984,-0.5187,-0.1170,0.8233
52.211,1,6.552,-0.658,-1.821,-0.1985,-0.5186,-0.1171,0.8234
52.239,1,6.552,-0.658,-1.821,-0.1988,-0.5184,-0.1171,0.8234
52.280,1,6.552,-0.658,-1.821,-0.1985,-0.5183,-0.1173,0.8235
52.308,1,6.552,-0.658,-1.821,-0.1983,-0.5182,-0.1174,0.8236
52.337,1,6.552,-0.658,-1.821,-0.1983,-0.5182,-0.1174,0.8236
52.378,1,6.552,-0.658,-1.821,-0.1980,-0.5180,-0.1174,0.8238
52.406,1,6.552,-0.658,-1.821,-0.1979,-0.5180,-0.1175,0.8238
52.433,1,6.552,-0.658,-1.821,-0.1979,-0.5181,-0.1176,0.8237
52.475,1,6.552,-0.659,-1.821,-0.1976,-0.5185,-0.1175,0.8236
52.504,1,6.552,-0.659,-1.821,-0.1975,-0.5185,-0.1173,0.8237
52.545,1,6.552,-0.659,-1.821,-0.1976,-0.5185,-0.1171,0.8236
52.573,1,6.551,-0.659,-1.821,-0.1978,-0.5187,-0.1172,0.8235
52.601,1,6.551,-0.658,-1.821,-0.1978,-0.5187,-0.1183,0.8233
52.643,1,6.552,-0.659,-1.820,-0.1969,-0.5182,-0.1182,0.8239
52.671,1,6.552,-0.659,-1.820,-0.1971,-0.5177,-0.1183,0.8241
52.714,1,6.552,-0.659,-1.820,-0.1965,-0.5169,-0.1188,0.8247
52.741,1,6.552,-0.659,-1.820,-0.1967,-0.5167,-0.1189,0.8247
52.768,1,6.552,-0.658,-1.820,-0.1967,-0.5166,-0.1194,0.8247
52.810,1,6.552,-0.658,-1.820,-0.1969,-0.5166,-0.1197,0.8246
52.838,1,6.552,-0.658,-1.820,-0.1968,-0.5168,-0.1197,0.8246
52.880,1,6.552,-0.658,-1.820,-0.1970,-0.5170,-0.1199,0.8243
52.908,1,6.553,-0.658,-1.820,-0.1970,-0.5169,-0.1202,0.8243
52.936,1,6.553,-0.658,-1.820,-0.1971,-0.5168,-0.1199,0.8244
52.977,1,6.553,-0.658,-1.820,-0.1973,-0.5170,-0.1197,0.8243
53.006,1,6.553,-0.658,-1.820,-0.1972,-0.5172,-0.1197,0.8242
53.034,1,6.553,-0.658,-1.820,-0.1970,-0.5173,-0.1199,0.8241
53.076,1,6.553,-0.658,-1.819,-0.1969,-0.5173,-0.1200,0.8242
53.104,1,6.553,-0.658,-1.819,-0.1969,-0.5171,-0.1199,0.8243
53.145,1,6.553,-0.658,-1.819,-0.1969,-0.5168,-0.1200,0.8245
53.174,1,6.552,-0.658,-1.819,-0.1967,-0.5165,-0.1200,0.8247
53.202,1,6.552,-0.658,-1.819,-0.1966,-0.5163,-0.1198,0.8249
53.244,1,6.552,-0.659,-1.819,-0.1965,-0.5165,-0.1195,0.8248
53.271,1,6.552,-0.659,-1.819,-0.1965,-0.5166,-0.1196,0.8247
53.313,1,6.552,-0.659,-1.819,-0.1963,-0.5170,-0.1197,0.8245
53.341,1,6.552,-0.659,-1.819,-0.1962,-0.5173,-0.1195,0.8244
53.368,1,6.552,-0.659,-1.820,-0.1962,-0.5174,-0.1195,0.8243
53.409,1,6.552,-0.659,-1.820,-0.1963,-0.5173,-0.1192,0.8244
53.436,1,6.552,-0.659,-1.820,-0.1964,-0.5174,-0.1190,0.8244
53.477,1,6.552,-0.658,-1.820,-0.1964,-0.5176,-0.1199,0.8241
53.506,1,6.552,-0.659,-1.820,-0.1959,-0.5175,-0.1199,0.8243
53.547,1,6.552,-0.659,-1.820,-0.1963,-0.5175,-0.1194,0.8242
53.574,1,6.552,-0.659,-1.820,-0.1959,-0.5176,-0.1195,0.8243
53.602,1,6.552,-0.659,-1.820,-0.1957,-0.5176,-0.1191,0.8244
53.644,1,6.552,-0.659,-1.820,-0.1960,-0.5177,-0.1193,0.8243
53.671,1,6.552,-0.659,-1.820,-0.1962,-0.5176,-0.1195,0.8242
53.711,1,6.552,-0.659,-1.820,-0.1961,-0.5177,-0.1197,0.8242
53.738,1,6.553,-0.659,-1.820,-0.1964,-0.5177,-0.1199,0.8241
53.779,1,6.553,-0.659,-1.820,-0.1964,-0.5173,-0.1205,0.8242
53.806,1,6.553,-0.659,-1.820,-0.1966,-0.5172,-0.1203,0.8243
53.836,1,6.553,-0.658,-1.819,-0.1968,-0.5172,-0.1201,0.8242
53.878,1,6.553,-0.658,-1.819,-0.1964,-0.5175,-0.1205,0.8241
53.907,1,6.553,-0.659,-1.819,-0.1961,-0.5176,-0.1207,0.8240
53.935,1,6.553,-0.658,-1.819,-0.1961,-0.5176,-0.1206,0.8241
53.977,1,6.553,-0.658,-1.819,-0.1960,-0.5170,-0.1205,0.8245
54.004,1,6.553,-0.658,-1.819,-0.1961,-0.5167,-0.1205,0.8246
54.045,1,6.553,-0.659,-1.819,-0.1960,-0.5166,-0.1203,0.8247
54.073,1,6.553,-0.659,-1.819,-0.1961,-0.5169,-0.1201,0.8246
54.100,1,6.553,-0.659,-1.819,-0.1962,-0.5172,-0.1201,0.8244
54.144,1,6.553,-0.658,-1.819,-0.1959,-0.5176,-0.1201,0.8242
54.173,1,6.553,-0.658,-1.819,-0.1957,-0.5176,-0.1202,0.8242
54.201,1,6.553,-0.658,-1.819,-0.1957,-0.5175,-0.1202,0.8243
54.242,1,6.553,-0.659,-1.819,-0.1959,-0.5174,-0.1202,0.8243
54.270,1,6.553,-0.659,-1.820,-0.1962,-0.5174,-0.1200,0.8243
54.310,1,6.553,-0.658,-1.820,-0.1962,-0.5174,-0.1198,0.8243
54.337,1,6.553,-0.658,-1.820,-0.1963,-0.5177,-0.1201,0.8240
54.377,1,6.553,-0.658,-1.820,-0.1963,-0.5179,-0.1209,0.8238
54.405,1,6.553,-0.658,-1.820,-0.1961,-0.5178,-0.1202,0.8240
54.447,1,6.553,-0.659,-1.820,-0.1957,-0.5177,-0.1201,0.8242
54.477,1,6.553,-0.659,-1.820,-0.1958,-0.5177,-0.1199,0.8242
54.504,1,6.553,-0.659,-1.820,-0.1962,-0.5176,-0.1197,0.8242
54.545,1,6.553,-0.659,-1.820,-0.1959,-0.5177,-0.1200,0.8241
54.573,1,6.553,-0.659,-1.820,-0.1960,-0.5179,-0.1202,0.8239
54.601,1,6.553,-0.658,-1.820,-0.1963,-0.5179,-0.1203,0.8239
54.644,1,6.553,-0.658,-1.820,-0.1964,-0.5178,-0.1207,0.8239
54.675,1,6.553,-0.658,-1.820,-0.1962,-0.5177,-0.1210,0.8239
54.716,1,6.553,-0.658,-1.820,-0.1968,-0.5177,-0.1207,0.8238
54.742,1,6.553,-0.658,-1.820,-0.1967,-0.5177,-0.1210,0.8238
54.770,1,6.553,-0.658,-1.820,-0.1964,-0.5179,-0.1211,0.8238
54.812,1,6.553,-0.658,-1.819,-0.1964,-0.5177,-0.1214,0.8238
54.839,1,6.553,-0.658,-1.819,-0.1962,-0.5176,-0.1214,0.8239
54.868,1,6.553,-0.659,-1.819,-0.1957,-0.5177,-0.1215,0.8239
54.909,1,6.553,-0.659,-1.819,-0.1955,-0.5182,-0.1211,0.8238
54.937,1,6.553,-0.659,-1.819,-0.1949,-0.5188,-0.1212,0.8235
54.980,1,6.553,-0.659,-1.820,-0.1938,-0.5211,-0.1209,0.8223
55.022,1,6.552,-0.659,-1.820,-0.1939,-0.5227,-0.1203,0.8214
55.034,1,6.552,-0.659,-1.820,-0.1936,-0.5239,-0.1202,0.8207
55.077,1,6.551,-0.659,-1.820,-0.1925,-0.5260,-0.1196,0.8197
55.105,1,6.551,-0.659,-1.821,-0.1913,-0.5279,-0.1193,0.8188
55.133,1,6.550,-0.660,-1.822,-0.1897,-0.5313,-0.1179,0.8172
55.177,1,6.548,-0.661,-1.823,-0.1859,-0.5397,-0.1155,0.8129
55.206,1,6.546,-0.662,-1.825,-0.1811,-0.5495,-0.1119,0.8079
55.236,1,6.543,-0.663,-1.827,-0.1738,-0.5625,-0.1079,0.8011
55.275,1,6.537,-0.667,-1.833,-0.1543,-0.5957,-0.1005,0.7818
55.301,1,6.535,-0.669,-1.835,-0.1463,-0.6078,-0.0974,0.7744
55.365,1,6.529,-0.672,-1.843,-0.1257,-0.6445,-0.0888,0.7489
55.385,1,6.525,-0.675,-1.846,-0.1169,-0.6606,-0.0842,0.7368
55.413,1,6.520,-0.677,-1.852,-0.1055,-0.6812,-0.0795,0.7201
55.443,1,6.516,-0.677,-1.855,-0.1021,-0.6903,-0.0810,0.7117
55.468,1,6.514,-0.678,-1.857,-0.1012,-0.6934,-0.0801,0.7089
55.513,1,6.505,-0.679,-1.863,-0.0958,-0.7099,-0.0781,0.6934
55.538,1,6.503,-0.680,-1.864,-0.0945,-0.7124,-0.0780,0.6910
55.579,1,6.493,-0.682,-1.871,-0.0873,-0.7264,-0.0728,0.6778
55.608,1,6.487,-0.682,-1.874,-0.0841,-0.7331,-0.0714,0.6711
55.636,1,6.484,-0.683,-1.876,-0.0828,-0.7353,-0.0726,0.6688
55.692,1,6.473,-0.685,-1.884,-0.0785,-0.7459,-0.0681,0.6579
55.722,1,6.468,-0.685,-1.889,-0.0790,-0.7513,-0.0695,0.6515
55.755,1,6.462,-0.685,-1.893,-0.0787,-0.7543,-0.0700,0.6480
55.778,1,6.456,-0.686,-1.897,-0.0774,-0.7578,-0.0681,0.6443
55.819,1,6.448,-0.687,-1.904,-0.0739,-0.7625,-0.0636,0.6396
55.847,1,6.443,-0.687,-1.909,-0.0726,-0.7645,-0.0616,0.6376
55.873,1,6.436,-0.688,-1.916,-0.0700,-0.7682,-0.0574,0.6338
55.901,1,6.432,-0.688,-1.921,-0.0671,-0.7704,-0.0561,0.6315
55.945,1,6.425,-0.688,-1.928,-0.0647,-0.7719,-0.0565,0.6300
55.984,1,6.422,-0.689,-1.933,-0.0663,-0.7728,-0.0537,0.6289
56.012,1,6.417,-0.689,-1.939,-0.0674,-0.7737,-0.0543,0.6276
56.041,1,6.414,-0.689,-1.943,-0.0687,-0.7738,-0.0529,0.6275
56.069,1,6.412,-0.690,-1.947,-0.0694,-0.7735,-0.0490,0.6281
56.114,1,6.408,-0.690,-1.953,-0.0726,-0.7720,-0.0463,0.6298
56.139,1,6.408,-0.690,-1.954,-0.0744,-0.7722,-0.0437,0.6295
56.181,1,6.405,-0.690,-1.959,-0.0766,-0.7719,-0.0405,0.6298
56.223,1,6.402,-0.690,-1.963,-0.0804,-0.7720,-0.0391,0.6293
56.237,1,6.401,-0.690,-1.965,-0.0823,-0.7721,-0.0387,0.6289
56.276,1,6.399,-0.690,-1.967,-0.0834,-0.7713,-0.0389,0.6297
56.303,1,6.398,-0.689,-1.968,-0.0843,-0.7707,-0.0395,0.6304
56.334,1,6.397,-0.690,-1.969,-0.0841,-0.7703,-0.0386,0.6309
56.374,1,6.395,-0.689,-1.970,-0.0836,-0.7696,-0.0390,0.6318
56.400,1,6.394,-0.689,-1.971,-0.0824,-0.7697,-0.0404,0.6318
56.441,1,6.392,-0.690,-1.971,-0.0822,-0.7703,-0.0378,0.6313
56.471,1,6.391,-0.689,-1.972,-0.0823,-0.7704,-0.0384,0.6311
56.512,1,6.390,-0.690,-1.972,-0.0796,-0.7710,-0.0383,0.6307
56.540,1,6.389,-0.690,-1.971,-0.0785,-0.7705,-0.0371,0.6315
56.568,1,6.388,-0.691,-1.971,-0.0786,-0.7696,-0.0361,0.6326
56.610,1,6.387,-0.690,-1.971,-0.0789,-0.7694,-0.0361,0.6328
56.636,1,6.386,-0.691,-1.970,-0.0782,-0.7697,-0.0354,0.6326
56.679,1,6.384,-0.690,-1.970,-0.0779,-0.7694,-0.0358,0.6330
56.707,1,6.384,-0.690,-1.970,-0.0769,-0.7690,-0.0357,0.6337
56.735,1,6.383,-0.690,-1.969,-0.0755,-0.7686,-0.0349,0.6343
56.777,1,6.382,-0.691,-1.968,-0.0745,-0.7678,-0.0350,0.6354
56.807,1,6.381,-0.691,-1.968,-0.0738,-0.7669,-0.0357,0.6365
56.835,1,6.380,-0.691,-1.967,-0.0725,-0.7659,-0.0350,0.6378
56.873,1,6.379,-0.691,-1.966,-0.0708,-0.7648,-0.0332,0.6395
56.901,1,6.379,-0.692,-1.965,-0.0708,-0.7637,-0.0335,0.6408
56.944,1,6.378,-0.691,-1.964,-0.0708,-0.7625,-0.0311,0.6423
56.971,1,6.378,-0.691,-1.963,-0.0695,-0.7618,-0.0325,0.6432
57.000,1,6.379,-0.691,-1.962,-0.0689,-0.7613,-0.0334,0.6438
57.044,1,6.379,-0.691,-1.961,-0.0698,-0.7606,-0.0343,0.6446
57.069,1,6.379,-0.691,-1.961,-0.0693,-0.7608,-0.0358,0.6443
57.111,1,6.380,-0.690,-1.959,-0.0704,-0.7609,-0.0384,0.6439
57.139,1,6.381,-0.689,-1.958,-0.0720,-0.7604,-0.0396,0.6442
57.168,1,6.382,-0.689,-1.958,-0.0720,-0.7602,-0.0415,0.6443
57.209,1,6.383,-0.688,-1.957,-0.0720,-0.7601,-0.0426,0.6444
57.237,1,6.384,-0.688,-1.955,-0.0730,-0.7598,-0.0437,0.6445
57.278,1,6.385,-0.687,-1.954,-0.0734,-0.7595,-0.0455,0.6447
57.321,1,6.386,-0.687,-1.953,-0.0727,-0.7587,-0.0454,0.6457
57.350,1,6.387,-0.686,-1.952,-0.0734,-0.7581,-0.0465,0.6463
57.376,1,6.388,-0.686,-1.951,-0.0740,-0.7578,-0.0469,0.6466
57.404,1,6.389,-0.686,-1.950,-0.0744,-0.7571,-0.0472,0.6473
57.445,1,6.389,-0.686,-1.948,-0.0753,-0.7571,-0.0472,0.6472
57.472,1,6.389,-0.686,-1.947,-0.0748,-0.7577,-0.0458,0.6467
57.500,1,6.389,-0.686,-1.946,-0.0723,-0.7580,-0.0441,0.6467
57.547,1,6.388,-0.688,-1.944,-0.0662,-0.7584,-0.0398,0.6472
57.571,1,6.388,-0.688,-1.944,-0.0629,-0.7587,-0.0377,0.6473
57.613,1,6.388,-0.690,-1.941,-0.0532,-0.7600,-0.0294,0.6471
57.640,1,6.388,-0.692,-1.940,-0.0483,-0.7611,-0.0235,0.6464
57.669,1,6.388,-0.694,-1.939,-0.0417,-0.7627,-0.0175,0.6452
57.709,1,6.388,-0.697,-1.937,-0.0316,-0.7640,-0.0070,0.6444
57.738,1,6.389,-0.699,-1.935,-0.0243,-0.7643,-0.0010,0.6444
57.766,1,6.390,-0.700,-1.933,-0.0176,-0.7645,0.0048,0.6443
57.807,1,6.391,-0.702,-1.930,-0.0108,-0.7641,0.0107,0.6450
57.835,1,6.392,-0.703,-1.928,-0.0080,-0.7639,0.0151,0.6451
57.877,1,6.394,-0.706,-1.923,-0.0005,-0.7615,0.0243,0.6478
57.904,1,6.396,-0.707,-1.920,0.0060,-0.7584,0.0284,0.6511
57.946,1,6.399,-0.709,-1.914,0.0144,-0.7522,0.0306,0.6581
57.974,1,6.401,-0.710,-1.909,0.0185,-0.7463,0.0325,0.6645
58.002,1,6.403,-0.710,-1.904,0.0218,-0.7387,0.0349,0.6728
58.044,1,6.407,-0.710,-1.896,0.0221,-0.7278,0.0353,0.6845
58.072,1,6.409,-0.710,-1.892,0.0213,-0.7207,0.0351,0.6920
58.100,1,6.413,-0.711,-1.887,0.0213,-0.7141,0.0382,0.6987
58.141,1,6.418,-0.712,-1.881,0.0227,-0.7064,0.0453,0.7060
58.169,1,6.421,-0.712,-1.878,0.0224,-0.7034,0.0486,0.7087
58.211,1,6.427,-0.713,-1.872,0.0214,-0.7000,0.0550,0.7117
58.239,1,6.430,-0.714,-1.868,0.0231,-0.6983,0.0581,0.7131
58.267,1,6.434,-0.714,-1.865,0.0243,-0.6974,0.0605,0.7137
58.308,1,6.440,-0.715,-1.858,0.0263,-0.6964,0.0652,0.7142
58.336,1,6.444,-0.715,-1.854,0.0312,-0.6930,0.0651,0.7173
58.378,1,6.448,-0.716,-1.848,0.0342,-0.6902,0.0676,0.7196
58.406,1,6.451,-0.716,-1.844,0.0297,-0.6879,0.0680,0.7220
58.434,1,6.453,-0.716,-1.840,0.0321,-0.6867,0.0685,0.7230
58.475,1,6.457,-0.718,-1.833,0.0359,-0.6842,0.0699,0.7250
58.503,1,6.458,-0.717,-1.831,0.0424,-0.6801,0.0671,0.7288
58.546,1,6.460,-0.714,-1.826,0.0411,-0.6775,0.0499,0.7326
58.574,1,6.460,-0.712,-1.823,0.0364,-0.6783,0.0374,0.7329
58.602,1,6.460,-0.707,-1.820,0.0259,-0.6790,0.0224,0.7333
58.644,1,6.461,-0.704,-1.816,0.0057,-0.6785,0.0073,0.7345
58.671,1,6.462,-0.699,-1.813,0.0014,-0.6793,-0.0033,0.7338
58.701,1,6.462,-0.696,-1.810,-0.0066,-0.6782,-0.0161,0.7347
58.744,1,6.464,-0.693,-1.807,-0.0073,-0.6751,-0.0312,0.7370
58.784,1,6.465,-0.687,-1.804,-0.0179,-0.6728,-0.0474,0.7381
58.800,1,6.467,-0.684,-1.803,-0.0233,-0.6721,-0.0580,0.7378
58.838,1,6.470,-0.678,-1.801,-0.0330,-0.6723,-0.0721,0.7360
58.879,1,6.472,-0.672,-1.799,-0.0496,-0.6702,-0.0870,0.7354
58.907,1,6.474,-0.667,-1.798,-0.0677,-0.6676,-0.0927,0.7356
58.935,1,6.477,-0.663,-1.797,-0.0880,-0.6633,-0.0944,0.7372
58.978,1,6.481,-0.656,-1.797,-0.1090,-0.6559,-0.1058,0.7394
59.006,1,6.481,-0.654,-1.796,-0.1216,-0.6519,-0.1163,0.7394
59.036,1,6.485,-0.654,-1.796,-0.1241,-0.6475,-0.1280,0.7409
59.076,1,6.488,-0.651,-1.795,-0.1291,-0.6431,-0.1421,0.7413
59.103,1,6.492,-0.650,-1.794,-0.1389,-0.6399,-0.1520,0.7404
59.144,1,6.496,-0.646,-1.794,-0.1612,-0.6342,-0.1595,0.7392
59.173,1,6.500,-0.643,-1.794,-0.1837,-0.6262,-0.1632,0.7399
59.201,1,6.504,-0.641,-1.793,-0.2035,-0.6163,-0.1684,0.7419
59.243,1,6.509,-0.638,-1.792,-0.2236,-0.5990,-0.1778,0.7480
59.271,1,6.513,-0.637,-1.791,-0.2307,-0.5878,-0.1849,0.7530
59.313,1,6.517,-0.637,-1.789,-0.2412,-0.5738,-0.1860,0.7603
59.341,1,6.520,-0.637,-1.786,-0.2501,-0.5636,-0.1837,0.7655
59.382,1,6.523,-0.636,-1.785,-0.2545,-0.5505,-0.1805,0.7743
59.410,1,6.527,-0.637,-1.781,-0.2621,-0.5331,-0.1768,0.7848
59.450,1,6.530,-0.637,-1.779,-0.2649,-0.5217,-0.1737,0.7922
59.477,1,6.534,-0.638,-1.775,-0.2681,-0.5047,-0.1736,0.8020
59.505,1,6.536,-0.638,-1.773,-0.2697,-0.4939,-0.1771,0.8075
59.535,1,6.537,-0.638,-1.770,-0.2734,-0.4836,-0.1804,0.8116
59.576,1,6.538,-0.638,-1.770,-0.2744,-0.4798,-0.1822,0.8132
59.617,1,6.540,-0.638,-1.766,-0.2778,-0.4636,-0.1858,0.8206
59.646,1,6.541,-0.639,-1.763,-0.2802,-0.4537,-0.1867,0.8251
59.686,1,6.542,-0.639,-1.762,-0.2809,-0.4491,-0.1887,0.8269
59.703,1,6.542,-0.640,-1.761,-0.2837,-0.4442,-0.1881,0.8287
59.734,1,6.542,-0.640,-1.760,-0.2865,-0.4424,-0.1883,0.8287
59.784,1,6.542,-0.640,-1.759,-0.2925,-0.4329,-0.1927,0.8306
59.811,1,6.542,-0.641,-1.757,-0.2945,-0.4296,-0.1905,0.8321
59.841,1,6.542,-0.640,-1.756,-0.2972,-0.4253,-0.1904,0.8333
59.880,1,6.541,-0.641,-1.755,-0.2969,-0.4249,-0.1887,0.8341
59.912,1,6.541,-0.641,-1.754,-0.2966,-0.4236,-0.1878,0.8351
59.939,1,6.541,-0.641,-1.753,-0.2969,-0.4230,-0.1887,0.8351
59.980,1,6.541,-0.642,-1.751,-0.2983,-0.4196,-0.1861,0.8369
60.005,1,6.541,-0.642,-1.751,-0.2975,-0.4189,-0.1847,0.8378
60.035,1,6.541,-0.642,-1.750,-0.2970,-0.4171,-0.1841,0.8390
60.074,1,6.541,-0.642,-1.747,-0.2956,-0.4123,-0.1803,0.8427
60.112,1,6.541,-0.642,-1.746,-0.2970,-0.4088,-0.1787,0.8443
60.146,1,6.541,-0.643,-1.744,-0.2974,-0.4040,-0.1768,0.8468
60.241,1,6.542,-0.643,-1.743,-0.2958,-0.4024,-0.1757,0.8483
60.241,1,6.542,-0.643,-1.743,-0.2958,-0.4024,-0.1757,0.8483
60.241,1,6.542,-0.643,-1.743,-0.2958,-0.4024,-0.1757,0.8483
