t,cond,pos.x,pos.y,pos.z,rot.x,rot.y,rot.z,rot.w
6.866,1,6.511,-1.747,-1.795,0.0000,-0.7148,0.0000,0.6993
6.930,1,6.511,-1.604,-1.795,0.0000,-0.7148,0.0000,0.6993
6.930,1,6.511,-1.604,-1.795,0.0000,-0.7148,0.0000,0.6993
6.972,1,6.511,-1.661,-1.795,0.0000,-0.7148,0.0000,0.6993
6.996,1,6.511,-1.633,-1.795,0.0000,-0.7148,0.0000,0.6993
7.033,1,6.511,-1.646,-1.795,0.0000,-0.7148,0.0000,0.6993
7.069,1,6.511,-1.646,-1.795,0.0000,-0.7148,0.0000,0.6993
7.102,1,6.511,-1.646,-1.795,0.0000,-0.7148,0.0000,0.6993
7.130,1,6.511,-1.646,-1.795,0.0000,-0.7148,0.0000,0.6993
7.171,1,6.511,-1.646,-1.795,0.0000,-0.7148,0.0000,0.6993
7.197,1,6.511,-1.646,-1.795,0.0000,-0.7148,0.0000,0.6993
7.237,1,6.511,-1.646,-1.795,0.0000,-0.7148,0.0000,0.6993
7.267,1,6.511,-1.646,-1.795,0.0000,-0.7148,0.0000,0.6993
7.296,1,6.511,-1.646,-1.795,0.0000,-0.7148,0.0000,0.6993
7.334,1,6.511,-1.646,-1.795,0.0000,-0.7148,0.0000,0.6993
7.373,1,6.511,-1.646,-1.795,0.0000,-0.7148,0.0000,0.6993
7.397,1,6.511,-1.646,-1.795,0.0000,-0.7148,0.0000,0.6993
7.434,1,6.511,-1.646,-1.795,0.0000,-0.7148,0.0000,0.6993
7.469,1,6.511,-1.646,-1.795,0.0000,-0.7148,0.0000,0.6993
7.504,1,6.511,-1.646,-1.795,0.0000,-0.7148,0.0000,0.6993
7.538,1,6.511,-1.646,-1.795,0.0000,-0.7148,0.0000,0.6993
7.579,1,6.511,-1.646,-1.795,0.0000,-0.7148,0.0000,0.6993
7.604,1,6.511,-1.646,-1.795,0.0000,-0.7148,0.0000,0.6993
7.650,1,6.511,-1.646,-1.795,0.0000,-0.7148,0.0000,0.6993
7.760,1,6.511,-1.646,-1.795,0.0000,-0.7148,0.0000,0.6993
7.760,1,6.511,-1.646,-1.795,0.0000,-0.7148,0.0000,0.6993
7.760,1,6.511,-1.646,-1.795,0.0000,-0.7148,0.0000,0.6993
7.782,1,6.511,-1.646,-1.795,0.0000,-0.7148,0.0000,0.6993
7.797,1,6.511,-1.646,-1.795,0.0000,-0.7148,0.0000,0.6993
7.840,1,6.511,-1.646,-1.795,0.0000,-0.7148,0.0000,0.6993
7.869,1,6.511,-1.646,-1.795,0.0000,-0.7148,0.0000,0.6993
7.896,1,6.511,-1.646,-1.795,0.0000,-0.7148,0.0000,0.6993
7.942,1,6.511,-1.646,-1.795,0.0000,-0.7148,0.0000,0.6993
7.973,1,6.511,-1.646,-1.795,0.0000,-0.7148,0.0000,0.6993
7.999,1,6.511,-1.646,-1.795,0.0000,-0.7148,0.0000,0.6993
8.036,1,6.511,-1.646,-1.795,0.0000,-0.7148,0.0000,0.6993
8.068,1,6.511,-1.646,-1.795,0.0000,-0.7148,0.0000,0.6993
8.099,1,6.511,-1.646,-1.795,0.0000,-0.7148,0.0000,0.6993
8.137,1,6.511,-1.646,-1.795,0.0000,-0.7148,0.0000,0.6993
8.166,1,6.511,-1.646,-1.795,0.0000,-0.7148,0.0000,0.6993
8.207,1,6.511,-1.646,-1.795,0.0000,-0.7148,0.0000,0.6993
8.232,1,6.511,-1.646,-1.795,0.0000,-0.7148,0.0000,0.6993
8.271,1,6.511,-1.646,-1.795,0.0000,-0.7148,0.0000,0.6993
8.296,1,6.511,-1.646,-1.795,0.0000,-0.7148,0.0000,0.6993
8.336,1,6.511,-1.646,-1.795,0.0000,-0.7148,0.0000,0.6993
8.375,1,6.511,-1.646,-1.795,0.0000,-0.7148,0.0000,0.6993
8.401,1,6.511,-1.646,-1.795,0.0000,-0.7148,0.0000,0.6993
8.437,1,6.511,-1.646,-1.795,0.0000,-0.7148,0.0000,0.6993
8.475,1,6.511,-1.646,-1.795,0.0000,-0.7148,0.0000,0.6993
8.502,1,6.511,-1.646,-1.795,0.0000,-0.7148,0.0000,0.6993
8.541,1,6.511,-1.646,-1.795,0.0000,-0.7148,0.0000,0.6993
8.570,1,6.511,-1.646,-1.795,0.0000,-0.7148,0.0000,0.6993
8.608,1,6.511,-1.646,-1.795,0.0000,-0.7148,0.0000,0.6993
8.632,1,6.511,-1.646,-1.795,0.0000,-0.7148,0.0000,0.6993
8.666,1,6.511,-1.646,-1.795,0.0000,-0.7148,0.0000,0.6993
8.701,1,6.511,-1.646,-1.795,0.0000,-0.7148,0.0000,0.6993
8.733,1,6.511,-1.646,-1.795,0.0000,-0.7148,0.0000,0.6993
8.771,1,6.511,-1.646,-1.795,0.0000,-0.7148,0.0000,0.6993
8.797,1,6.511,-1.646,-1.795,0.0000,-0.7148,0.0000,0.6993
8.833,1,6.511,-1.646,-1.795,0.0000,-0.7148,0.0000,0.6993
8.869,1,6.511,-1.646,-1.795,0.0000,-0.7148,0.0000,0.6993
8.906,1,6.511,-1.646,-1.795,0.0000,-0.7148,0.0000,0.6993
8.929,1,6.511,-1.646,-1.795,0.0000,-0.7148,0.0000,0.6993
8.966,1,6.511,-1.646,-1.795,0.0000,-0.7148,0.0000,0.6993
9.003,1,6.511,-1.646,-1.795,0.0000,-0.7148,0.0000,0.6993
9.038,1,6.511,-1.646,-1.795,0.0000,-0.7148,0.0000,0.6993
9.071,1,6.511,-1.646,-1.795,0.0000,-0.7148,0.0000,0.6993
9.104,1,6.511,-1.646,-1.795,0.0000,-0.7148,0.0000,0.6993
9.138,1,6.511,-1.646,-1.795,0.0000,-0.7148,0.0000,0.6993
9.173,1,6.511,-1.646,-1.795,0.0000,-0.7148,0.0000,0.6993
9.207,1,6.511,-1.646,-1.795,0.0000,-0.7148,0.0000,0.6993
9.231,1,6.511,-1.646,-1.795,0.0000,-0.7148,0.0000,0.6993
9.270,1,6.511,-1.646,-1.795,0.0000,-0.7148,0.0000,0.6993
9.305,1,6.511,-1.646,-1.795,0.0000,-0.7148,0.0000,0.6993
9.336,1,6.511,-1.646,-1.795,0.0000,-0.7148,0.0000,0.6993
9.367,1,6.511,-1.646,-1.795,0.0000,-0.7148,0.0000,0.6993
9.399,1,6.511,-1.646,-1.795,0.0000,-0.7148,0.0000,0.6993
9.433,1,6.511,-1.646,-1.795,0.0000,-0.7148,0.0000,0.6993
9.473,1,6.511,-1.646,-1.795,0.0000,-0.7148,0.0000,0.6993
9.504,1,6.511,-1.646,-1.795,0.0000,-0.7148,0.0000,0.6993
9.537,1,6.511,-1.646,-1.795,0.0000,-0.7148,0.0000,0.6993
9.571,1,6.511,-1.646,-1.795,0.0000,-0.7148,0.0000,0.6993
9.603,1,6.511,-1.646,-1.795,0.0000,-0.7148,0.0000,0.6993
9.635,1,6.511,-1.646,-1.795,0.0000,-0.7148,0.0000,0.6993
9.666,1,6.511,-1.646,-1.795,0.0000,-0.7148,0.0000,0.6993
9.698,1,6.511,-1.646,-1.795,0.0000,-0.7148,0.0000,0.6993
9.729,1,6.511,-1.646,-1.795,0.0000,-0.7148,0.0000,0.6993
9.766,1,6.511,-1.646,-1.795,0.0000,-0.7148,0.0000,0.6993
9.798,1,6.511,-1.646,-1.795,0.0000,-0.7148,0.0000,0.6993
9.831,1,6.511,-1.646,-1.795,0.0000,-0.7148,0.0000,0.6993
9.865,1,6.511,-1.646,-1.795,0.0000,-0.7148,0.0000,0.6993
9.897,1,6.511,-1.646,-1.795,0.0000,-0.7148,0.0000,0.6993
9.939,1,6.511,-1.646,-1.795,0.0000,-0.7148,0.0000,0.6993
9.969,1,6.511,-1.646,-1.795,0.0000,-0.7148,0.0000,0.6993
9.999,1,6.511,-1.646,-1.795,0.0000,-0.7148,0.0000,0.6993
10.030,1,6.511,-1.646,-1.795,0.0000,-0.7148,0.0000,0.6993
10.063,1,6.511,-1.646,-1.795,0.0000,-0.7148,0.0000,0.6993
10.099,1,6.511,-1.646,-1.795,0.0000,-0.7148,0.0000,0.6993
10.132,1,6.511,-1.646,-1.795,0.0000,-0.7148,0.0000,0.6993
10.166,1,6.511,-1.646,-1.795,0.0000,-0.7148,0.0000,0.6993
10.202,1,6.511,-1.646,-1.795,0.0000,-0.7148,0.0000,0.6993
10.237,1,6.511,-1.646,-1.795,0.0000,-0.7148,0.0000,0.6993
10.270,1,6.511,-1.646,-1.795,0.0000,-0.7148,0.0000,0.6993
10.301,1,6.511,-1.646,-1.795,0.0000,-0.7148,0.0000,0.6993
10.336,1,6.511,-1.646,-1.795,0.0000,-0.7148,0.0000,0.6993
10.369,1,6.511,-1.646,-1.795,0.0000,-0.7148,0.0000,0.6993
10.402,1,6.511,-1.646,-1.795,0.0000,-0.7148,0.0000,0.6993
10.435,1,6.511,-1.646,-1.795,0.0000,-0.7148,0.0000,0.6993
10.466,1,6.511,-1.646,-1.795,0.0000,-0.7148,0.0000,0.6993
10.501,1,6.511,-1.646,-1.795,0.0000,-0.7148,0.0000,0.6993
10.534,1,6.511,-1.646,-1.795,0.0000,-0.7148,0.0000,0.6993
10.566,1,6.511,-1.646,-1.795,0.0000,-0.7148,0.0000,0.6993
10.598,1,6.511,-1.646,-1.795,0.0000,-0.7148,0.0000,0.6993
10.630,1,6.511,-1.646,-1.795,0.0000,-0.7148,0.0000,0.6993
10.672,1,6.511,-1.646,-1.795,0.0000,-0.7148,0.0000,0.6993
10.703,1,6.511,-1.646,-1.795,0.0000,-0.7148,0.0000,0.6993
10.734,1,6.511,-1.646,-1.795,0.0000,-0.7148,0.0000,0.6993
10.770,1,6.511,-1.646,-1.795,0.0000,-0.7148,0.0000,0.6993
10.796,1,6.511,-1.646,-1.795,0.0000,-0.7148,0.0000,0.6993
10.829,1,6.511,-1.646,-1.795,0.0000,-0.7148,0.0000,0.6993
10.864,1,6.511,-1.646,-1.795,0.0000,-0.7148,0.0000,0.6993
10.901,1,6.511,-1.646,-1.795,0.0000,-0.7148,0.0000,0.6993
10.938,1,6.511,-1.646,-1.795,0.0000,-0.7148,0.0000,0.6993
10.965,1,6.511,-1.646,-1.795,0.0000,-0.7148,0.0000,0.6993
11.007,1,6.511,-1.646,-1.795,0.0000,-0.7148,0.0000,0.6993
11.032,1,6.511,-1.646,-1.795,0.0000,-0.7148,0.0000,0.6993
11.072,1,6.511,-1.646,-1.795,0.0000,-0.7148,0.0000,0.6993
11.098,1,6.511,-1.646,-1.795,0.0000,-0.7148,0.0000,0.6993
11.135,1,6.511,-1.646,-1.795,0.0000,-0.7148,0.0000,0.6993
11.172,1,6.511,-1.646,-1.795,0.0000,-0.7148,0.0000,0.6993
11.197,1,6.511,-1.646,-1.795,0.0000,-0.7148,0.0000,0.6993
11.234,1,6.511,-1.646,-1.795,0.0000,-0.7148,0.0000,0.6993
11.272,1,6.511,-1.646,-1.795,0.0000,-0.7148,0.0000,0.6993
11.299,1,6.511,-1.646,-1.795,0.0000,-0.7148,0.0000,0.6993
11.341,1,6.511,-1.646,-1.795,0.0000,-0.7148,0.0000,0.6993
11.370,1,6.511,-1.646,-1.795,0.0000,-0.7148,0.0000,0.6993
11.408,1,6.511,-1.646,-1.795,0.0000,-0.7148,0.0000,0.6993
11.434,1,6.511,-1.646,-1.795,0.0000,-0.7148,0.0000,0.6993
11.475,1,6.511,-1.646,-1.795,0.0000,-0.7148,0.0000,0.6993
11.503,1,6.511,-1.646,-1.795,0.0000,-0.7148,0.0000,0.6993
11.530,1,6.511,-1.646,-1.795,0.0000,-0.7148,0.0000,0.6993
11.569,1,6.511,-1.646,-1.795,0.0000,-0.7148,0.0000,0.6993
11.607,1,6.511,-1.646,-1.795,0.0000,-0.7148,0.0000,0.6993
11.634,1,6.511,-1.646,-1.795,0.0000,-0.7148,0.0000,0.6993
11.674,1,6.511,-1.646,-1.795,0.0000,-0.7148,0.0000,0.6993
11.703,1,6.511,-1.646,-1.795,0.0000,-0.7148,0.0000,0.6993
11.729,1,6.511,-1.646,-1.795,0.0000,-0.7148,0.0000,0.6993
11.770,1,6.511,-1.646,-1.795,0.0000,-0.7148,0.0000,0.6993
11.807,1,6.511,-1.646,-1.795,0.0000,-0.7148,0.0000,0.6993
11.834,1,6.511,-1.646,-1.795,0.0000,-0.7148,0.0000,0.6993
11.875,1,6.511,-1.646,-1.795,0.0000,-0.7148,0.0000,0.6993
11.901,1,6.511,-1.646,-1.795,0.0000,-0.7148,0.0000,0.6993
11.930,1,6.511,-1.646,-1.795,0.0000,-0.7148,0.0000,0.6993
11.969,1,6.511,-1.646,-1.795,0.0000,-0.7148,0.0000,0.6993
12.005,1,6.511,-1.646,-1.795,0.0000,-0.7148,0.0000,0.6993
12.031,1,6.511,-1.646,-1.795,0.0000,-0.7148,0.0000,0.6993
12.068,1,6.511,-1.646,-1.795,0.0000,-0.7148,0.0000,0.6993
12.104,1,6.511,-1.646,-1.795,0.0000,-0.7148,0.0000,0.6993
12.139,1,6.511,-1.646,-1.795,0.0000,-0.7148,0.0000,0.6993
12.163,1,6.511,-1.646,-1.795,0.0000,-0.7148,0.0000,0.6993
12.202,1,6.511,-1.646,-1.795,0.0000,-0.7148,0.0000,0.6993
12.238,1,6.511,-1.646,-1.795,0.0000,-0.7148,0.0000,0.6993
12.273,1,6.511,-1.646,-1.795,0.0000,-0.7148,0.0000,0.6993
12.299,1,6.511,-1.646,-1.795,0.0000,-0.7148,0.0000,0.6993
12.338,1,6.511,-1.646,-1.795,0.0000,-0.7148,0.0000,0.6993
12.365,1,6.511,-1.646,-1.795,0.0000,-0.7148,0.0000,0.6993
12.402,1,6.511,-1.646,-1.795,0.0000,-0.7148,0.0000,0.6993
12.439,1,6.511,-1.646,-1.795,0.0000,-0.7148,0.0000,0.6993
12.474,1,6.511,-1.646,-1.795,0.0000,-0.7148,0.0000,0.6993
12.500,1,6.511,-1.646,-1.795,0.0000,-0.7148,0.0000,0.6993
12.538,1,6.511,-1.646,-1.795,0.0000,-0.7148,0.0000,0.6993
12.567,1,6.511,-1.646,-1.795,0.0000,-0.7148,0.0000,0.6993
12.607,1,6.511,-1.646,-1.795,0.0000,-0.7148,0.0000,0.6993
12.634,1,6.511,-1.646,-1.795,0.0000,-0.7148,0.0000,0.6993
12.674,1,6.511,-1.646,-1.795,0.0000,-0.7148,0.0000,0.6993
12.701,1,6.511,-1.646,-1.795,0.0000,-0.7148,0.0000,0.6993
12.738,1,6.511,-1.646,-1.795,0.0000,-0.7148,0.0000,0.6993
12.763,1,6.511,-1.646,-1.795,0.0000,-0.7148,0.0000,0.6993
12.801,1,6.511,-1.646,-1.795,0.0000,-0.7148,0.0000,0.6993
12.839,1,6.511,-1.646,-1.795,0.0000,-0.7148,0.0000,0.6993
12.864,1,6.511,-1.646,-1.795,0.0000,-0.7148,0.0000,0.6993
12.898,1,6.511,-1.646,-1.795,0.0000,-0.7148,0.0000,0.6993
12.936,1,6.511,-1.646,-1.795,0.0000,-0.7148,0.0000,0.6993
12.970,1,6.511,-1.646,-1.795,0.0000,-0.7148,0.0000,0.6993
13.008,1,6.511,-1.646,-1.795,0.0000,-0.7148,0.0000,0.6993
13.033,1,6.511,-1.646,-1.795,0.0000,-0.7148,0.0000,0.6993
13.072,1,6.511,-1.646,-1.795,0.0000,-0.7148,0.0000,0.6993
13.099,1,6.511,-1.646,-1.795,0.0000,-0.7148,0.0000,0.6993
13.140,1,6.511,-1.646,-1.795,0.0000,-0.7148,0.0000,0.6993
13.165,1,6.511,-1.646,-1.795,0.0000,-0.7148,0.0000,0.6993
13.204,1,6.511,-1.646,-1.795,0.0000,-0.7148,0.0000,0.6993
13.239,1,6.511,-1.646,-1.795,0.0000,-0.7148,0.0000,0.6993
13.264,1,6.511,-1.646,-1.795,0.0000,-0.7148,0.0000,0.6993
13.300,1,6.511,-1.646,-1.795,0.0000,-0.7148,0.0000,0.6993
13.337,1,6.511,-1.646,-1.795,0.0000,-0.7148,0.0000,0.6993
13.375,1,6.511,-1.646,-1.795,0.0000,-0.7148,0.0000,0.6993
13.404,1,6.511,-1.646,-1.795,0.0000,-0.7148,0.0000,0.6993
13.436,1,6.511,-1.646,-1.795,0.0000,-0.7148,0.0000,0.6993
13.474,1,6.511,-1.646,-1.795,0.0000,-0.7148,0.0000,0.6993
13.497,1,6.511,-1.646,-1.795,0.0000,-0.7148,0.0000,0.6993
13.543,1,6.511,-1.646,-1.795,0.0000,-0.7148,0.0000,0.6993
13.569,1,6.511,-1.646,-1.795,0.0000,-0.7148,0.0000,0.6993
13.606,1,6.511,-1.646,-1.795,0.0000,-0.7148,0.0000,0.6993
13.635,1,6.511,-1.646,-1.795,0.0000,-0.7148,0.0000,0.6993
13.671,1,6.511,-1.646,-1.795,0.0000,-0.7148,0.0000,0.6993
13.706,1,6.511,-1.646,-1.795,0.0000,-0.7148,0.0000,0.6993
13.740,1,6.511,-1.646,-1.795,0.0000,-0.7148,0.0000,0.6993
13.763,1,6.511,-1.646,-1.795,0.0000,-0.7148,0.0000,0.6993
13.799,1,6.511,-1.646,-1.795,0.0000,-0.7148,0.0000,0.6993
13.831,1,6.511,-1.646,-1.795,0.0000,-0.7148,0.0000,0.6993
13.866,1,6.511,-1.646,-1.795,0.0000,-0.7148,0.0000,0.6993
13.900,1,6.511,-1.646,-1.795,0.0000,-0.7148,0.0000,0.6993
13.934,1,6.511,-1.646,-1.795,0.0000,-0.7148,0.0000,0.6993
13.970,1,6.511,-1.646,-1.795,0.0000,-0.7148,0.0000,0.6993
14.001,1,6.511,-1.646,-1.795,0.0000,-0.7148,0.0000,0.6993
14.040,1,6.511,-1.646,-1.795,0.0000,-0.7148,0.0000,0.6993
14.064,1,6.511,-1.646,-1.795,0.0000,-0.7148,0.0000,0.6993
14.104,1,6.511,-1.646,-1.795,0.0000,-0.7148,0.0000,0.6993
14.129,1,6.511,-1.646,-1.795,0.0000,-0.7148,0.0000,0.6993
14.167,1,6.511,-1.646,-1.795,0.0000,-0.7148,0.0000,0.6993
14.196,1,6.511,-1.646,-1.795,0.0000,-0.7148,0.0000,0.6993
14.238,1,6.511,-1.646,-1.795,0.0000,-0.7148,0.0000,0.6993
14.267,1,6.511,-1.646,-1.795,0.0000,-0.7148,0.0000,0.6993
14.302,1,6.511,-1.646,-1.795,0.0000,-0.7148,0.0000,0.6993
14.339,1,6.511,-1.646,-1.795,0.0000,-0.7148,0.0000,0.6993
14.365,1,6.511,-1.646,-1.795,0.0000,-0.7148,0.0000,0.6993
14.403,1,6.511,-1.646,-1.795,0.0000,-0.7148,0.0000,0.6993
14.429,1,6.511,-1.646,-1.795,0.0000,-0.7148,0.0000,0.6993
14.468,1,6.511,-1.646,-1.795,0.0000,-0.7148,0.0000,0.6993
14.505,1,6.511,-1.646,-1.795,0.0000,-0.7148,0.0000,0.6993
14.541,1,6.511,-1.646,-1.795,0.0000,-0.7148,0.0000,0.6993
14.564,1,6.511,-1.646,-1.795,0.0000,-0.7148,0.0000,0.6993
14.598,1,6.511,-1.646,-1.795,0.0000,-0.7148,0.0000,0.6993
14.631,1,6.511,-1.646,-1.795,0.0000,-0.7148,0.0000,0.6993
14.667,1,6.511,-1.646,-1.795,0.0000,-0.7148,0.0000,0.6993
14.701,1,6.511,-1.646,-1.795,0.0000,-0.7148,0.0000,0.6993
14.736,1,6.511,-1.646,-1.795,0.0000,-0.7148,0.0000,0.6993
14.771,1,6.511,-1.646,-1.795,0.0000,-0.7148,0.0000,0.6993
14.807,1,6.511,-1.646,-1.795,0.0000,-0.7148,0.0000,0.6993
14.830,1,6.511,-1.646,-1.795,0.0000,-0.7148,0.0000,0.6993
14.865,1,6.511,-1.646,-1.795,0.0000,-0.7148,0.0000,0.6993
14.900,1,6.511,-1.646,-1.795,0.0000,-0.7148,0.0000,0.6993
14.936,1,6.511,-1.646,-1.795,0.0000,-0.7148,0.0000,0.6993
14.970,1,6.511,-1.646,-1.795,0.0000,-0.7148,0.0000,0.6993
15.008,1,6.511,-1.646,-1.795,0.0000,-0.7148,0.0000,0.6993
15.032,1,6.511,-1.646,-1.795,0.0000,-0.7148,0.0000,0.6993
15.065,1,6.511,-1.646,-1.795,0.0000,-0.7148,0.0000,0.6993
15.099,1,6.511,-1.646,-1.795,0.0000,-0.7148,0.0000,0.6993
15.131,1,6.511,-1.646,-1.795,0.0000,-0.7148,0.0000,0.6993
15.166,1,6.511,-1.646,-1.795,0.0000,-0.7148,0.0000,0.6993
15.202,1,6.511,-1.646,-1.795,0.0000,-0.7148,0.0000,0.6993
15.238,1,6.511,-1.646,-1.795,0.0000,-0.7148,0.0000,0.6993
15.273,1,6.511,-1.646,-1.795,0.0000,-0.7148,0.0000,0.6993
15.306,1,6.511,-1.646,-1.795,0.0000,-0.7148,0.0000,0.6993
15.330,1,6.511,-1.646,-1.795,0.0000,-0.7148,0.0000,0.6993
15.366,1,6.511,-1.646,-1.795,0.0000,-0.7148,0.0000,0.6993
15.401,1,6.511,-1.646,-1.795,0.0000,-0.7148,0.0000,0.6993
15.439,1,6.511,-1.646,-1.795,0.0000,-0.7148,0.0000,0.6993
15.465,1,6.511,-1.646,-1.795,0.0000,-0.7148,0.0000,0.6993
15.501,1,6.511,-1.646,-1.795,0.0000,-0.7148,0.0000,0.6993
15.538,1,6.511,-1.646,-1.795,0.0000,-0.7148,0.0000,0.6993
15.571,1,6.511,-1.646,-1.795,0.0000,-0.7148,0.0000,0.6993
15.600,1,6.511,-1.646,-1.795,0.0000,-0.7148,0.0000,0.6993
15.630,1,6.511,-1.646,-1.795,0.0000,-0.7148,0.0000,0.6993
15.664,1,6.511,-1.646,-1.795,0.0000,-0.7148,0.0000,0.6993
15.701,1,6.511,-1.646,-1.795,0.0000,-0.7148,0.0000,0.6993
15.734,1,6.511,-1.646,-1.795,0.0000,-0.7148,0.0000,0.6993
15.767,1,6.511,-1.646,-1.795,0.0000,-0.7148,0.0000,0.6993
15.802,1,6.511,-1.646,-1.795,0.0000,-0.7148,0.0000,0.6993
15.837,1,6.511,-1.646,-1.795,0.0000,-0.7148,0.0000,0.6993
15.864,1,6.511,-1.646,-1.795,0.0000,-0.7148,0.0000,0.6993
15.901,1,6.511,-1.646,-1.795,0.0000,-0.7148,0.0000,0.6993
15.939,1,6.511,-1.646,-1.795,0.0000,-0.7148,0.0000,0.6993
15.963,1,6.511,-1.646,-1.795,0.0000,-0.7148,0.0000,0.6993
16.002,1,6.511,-1.646,-1.795,0.0000,-0.7148,0.0000,0.6993
16.030,1,6.511,-1.646,-1.795,0.0000,-0.7148,0.0000,0.6993
16.070,1,6.511,-1.646,-1.795,0.0000,-0.7148,0.0000,0.6993
16.099,1,6.511,-1.646,-1.795,0.0000,-0.7148,0.0000,0.6993
16.142,1,6.511,-1.646,-1.795,0.0000,-0.7148,0.0000,0.6993
16.173,1,6.511,-1.646,-1.795,0.0000,-0.7148,0.0000,0.6993
16.202,1,6.511,-1.646,-1.795,0.0000,-0.7148,0.0000,0.6993
16.229,1,6.511,-1.646,-1.795,0.0000,-0.7148,0.0000,0.6993
16.278,1,6.511,-1.646,-1.795,0.0000,-0.7148,0.0000,0.6993
16.309,1,6.511,-1.646,-1.795,0.0000,-0.7148,0.0000,0.6993
16.337,1,6.511,-1.646,-1.795,0.0000,-0.7148,0.0000,0.6993
16.368,1,6.511,-1.646,-1.795,0.0000,-0.7148,0.0000,0.6993
16.403,1,6.511,-1.646,-1.795,0.0000,-0.7148,0.0000,0.6993
16.440,1,6.511,-1.646,-1.795,0.0000,-0.7148,0.0000,0.6993
16.466,1,6.511,-1.646,-1.795,0.0000,-0.7148,0.0000,0.6993
16.496,1,6.511,-1.646,-1.795,0.0000,-0.7148,0.0000,0.6993
16.529,1,6.511,-1.646,-1.795,0.0000,-0.7148,0.0000,0.6993
16.564,1,6.511,-1.646,-1.795,0.0000,-0.7148,0.0000,0.6993
16.597,1,6.511,-1.646,-1.795,0.0000,-0.7148,0.0000,0.6993
16.630,1,6.511,-1.646,-1.795,0.0000,-0.7148,0.0000,0.6993
16.663,1,6.511,-1.646,-1.795,0.0000,-0.7148,0.0000,0.6993
16.705,1,6.511,-1.646,-1.795,0.0000,-0.7148,0.0000,0.6993
16.735,1,6.511,-1.646,-1.795,0.0000,-0.7148,0.0000,0.6993
16.763,1,6.511,-1.646,-1.795,0.0000,-0.7148,0.0000,0.6993
16.805,1,6.511,-1.646,-1.795,0.0000,-0.7148,0.0000,0.6993
16.838,1,6.511,-1.646,-1.795,0.0000,-0.7148,0.0000,0.6993
16.867,1,6.511,-1.646,-1.795,0.0000,-0.7148,0.0000,0.6993
16.897,1,6.511,-1.646,-1.795,0.0000,-0.7148,0.0000,0.6993
16.935,1,6.511,-1.646,-1.795,0.0000,-0.7148,0.0000,0.6993
16.970,1,6.511,-1.646,-1.795,0.0000,-0.7148,0.0000,0.6993
17.003,1,6.511,-1.646,-1.795,0.0000,-0.7148,0.0000,0.6993
17.036,1,6.511,-1.646,-1.795,0.0000,-0.7148,0.0000,0.6993
17.069,1,6.511,-1.646,-1.795,0.0000,-0.7148,0.0000,0.6993
17.102,1,6.511,-1.646,-1.795,0.0000,-0.7148,0.0000,0.6993
17.139,1,6.511,-1.646,-1.795,0.0000,-0.7148,0.0000,0.6993
17.176,1,6.511,-1.646,-1.795,0.0000,-0.7148,0.0000,0.6993
17.199,1,6.511,-1.646,-1.795,0.0000,-0.7148,0.0000,0.6993
17.230,1,6.511,-1.646,-1.795,0.0000,-0.7148,0.0000,0.6993
17.271,1,6.511,-1.646,-1.795,0.0000,-0.7148,0.0000,0.6993
17.301,1,6.511,-1.646,-1.795,0.0000,-0.7148,0.0000,0.6993
17.332,1,6.511,-1.646,-1.795,0.0000,-0.7148,0.0000,0.6993
17.363,1,6.511,-1.646,-1.795,0.0000,-0.7148,0.0000,0.6993
17.400,1,6.511,-1.646,-1.795,0.0000,-0.7148,0.0000,0.6993
17.433,1,6.511,-1.646,-1.795,0.0000,-0.7148,0.0000,0.6993
17.467,1,6.511,-1.646,-1.795,0.0000,-0.7148,0.0000,0.6993
17.497,1,6.511,-1.646,-1.795,0.0000,-0.7148,0.0000,0.6993
17.531,1,6.511,-1.646,-1.795,0.0000,-0.7148,0.0000,0.6993
17.564,1,6.511,-1.646,-1.795,0.0000,-0.7148,0.0000,0.6993
17.596,1,6.511,-1.646,-1.795,0.0000,-0.7148,0.0000,0.6993
17.639,1,6.511,-1.646,-1.795,0.0000,-0.7148,0.0000,0.6993
17.670,1,6.511,-1.646,-1.795,0.0000,-0.7148,0.0000,0.6993
17.701,1,6.511,-1.646,-1.795,0.0000,-0.7148,0.0000,0.6993
17.733,1,6.511,-1.646,-1.795,0.0000,-0.7148,0.0000,0.6993
17.769,1,6.511,-1.646,-1.795,0.0000,-0.7148,0.0000,0.6993
17.803,1,6.511,-1.646,-1.795,0.0000,-0.7148,0.0000,0.6993
17.837,1,6.511,-1.646,-1.795,0.0000,-0.7148,0.0000,0.6993
17.871,1,6.511,-1.646,-1.795,0.0000,-0.7148,0.0000,0.6993
17.902,1,6.511,-1.646,-1.795,0.0000,-0.7148,0.0000,0.6993
17.931,1,6.511,-1.646,-1.795,0.0000,-0.7148,0.0000,0.6993
17.970,1,6.511,-1.646,-1.795,0.0000,-0.7148,0.0000,0.6993
17.999,1,6.511,-1.646,-1.795,0.0000,-0.7148,0.0000,0.6993
18.038,1,6.511,-1.646,-1.795,0.0000,-0.7148,0.0000,0.6993
18.069,1,6.511,-1.646,-1.795,0.0000,-0.7148,0.0000,0.6993
18.100,1,6.511,-1.646,-1.795,0.0000,-0.7148,0.0000,0.6993
18.130,1,6.511,-1.646,-1.795,0.0000,-0.7148,0.0000,0.6993
18.171,1,6.511,-1.646,-1.795,0.0000,-0.7148,0.0000,0.6993
18.203,1,6.511,-1.646,-1.795,0.0000,-0.7148,0.0000,0.6993
18.233,1,6.511,-1.646,-1.795,0.0000,-0.7148,0.0000,0.6993
18.264,1,6.511,-1.646,-1.795,0.0000,-0.7148,0.0000,0.6993
18.296,1,6.511,-1.646,-1.795,0.0000,-0.7148,0.0000,0.6993
18.337,1,6.511,-1.646,-1.795,0.0000,-0.7148,0.0000,0.6993
18.369,1,6.511,-1.646,-1.795,0.0000,-0.7148,0.0000,0.6993
18.398,1,6.511,-1.646,-1.795,0.0000,-0.7148,0.0000,0.6993
18.430,1,6.511,-1.646,-1.795,0.0000,-0.7148,0.0000,0.6993
18.469,1,6.511,-1.646,-1.795,0.0000,-0.7148,0.0000,0.6993
18.500,1,6.511,-1.646,-1.795,0.0000,-0.7148,0.0000,0.6993
18.530,1,6.511,-1.646,-1.795,0.0000,-0.7148,0.0000,0.6993
18.570,1,6.511,-1.646,-1.795,0.0000,-0.7148,0.0000,0.6993
18.601,1,6.511,-1.646,-1.795,0.0000,-0.7148,0.0000,0.6993
18.631,1,6.511,-1.646,-1.795,0.0000,-0.7148,0.0000,0.6993
18.672,1,6.511,-1.646,-1.795,0.0000,-0.7148,0.0000,0.6993
18.703,1,6.511,-1.646,-1.795,0.0000,-0.7148,0.0000,0.6993
18.733,1,6.511,-1.646,-1.795,0.0000,-0.7148,0.0000,0.6993
18.762,1,6.511,-1.646,-1.795,0.0000,-0.7148,0.0000,0.6993
18.803,1,6.511,-1.646,-1.795,0.0000,-0.7148,0.0000,0.6993
18.833,1,6.511,-1.646,-1.795,0.0000,-0.7148,0.0000,0.6993
18.865,1,6.511,-1.646,-1.795,0.0000,-0.7148,0.0000,0.6993
18.906,1,6.511,-1.646,-1.795,0.0000,-0.7148,0.0000,0.6993
18.937,1,6.511,-1.646,-1.795,0.0000,-0.7148,0.0000,0.6993
18.966,1,6.511,-1.646,-1.795,0.0000,-0.7148,0.0000,0.6993
18.996,1,6.511,-1.646,-1.795,0.0000,-0.7148,0.0000,0.6993
19.037,1,6.511,-1.646,-1.795,0.0000,-0.7148,0.0000,0.6993
19.068,1,6.511,-1.646,-1.795,0.0000,-0.7148,0.0000,0.6993
19.099,1,6.511,-1.646,-1.795,0.0000,-0.7148,0.0000,0.6993
19.139,1,6.511,-1.646,-1.795,0.0000,-0.7148,0.0000,0.6993
19.170,1,6.511,-1.646,-1.795,0.0000,-0.7148,0.0000,0.6993
19.201,1,6.511,-1.646,-1.795,0.0000,-0.7148,0.0000,0.6993
19.231,1,6.511,-1.646,-1.795,0.0000,-0.7148,0.0000,0.6993
19.272,1,6.511,-1.646,-1.795,0.0000,-0.7148,0.0000,0.6993
19.302,1,6.511,-1.646,-1.795,0.0000,-0.7148,0.0000,0.6993
19.333,1,6.511,-1.646,-1.795,0.0000,-0.7148,0.0000,0.6993
19.370,1,6.511,-1.646,-1.795,0.0000,-0.7148,0.0000,0.6993
19.397,1,6.511,-1.646,-1.795,0.0000,-0.7148,0.0000,0.6993
19.437,1,6.511,-1.646,-1.795,0.0000,-0.7148,0.0000,0.6993
19.468,1,6.511,-1.646,-1.795,0.0000,-0.7148,0.0000,0.6993
19.499,1,6.511,-1.646,-1.795,0.0000,-0.7148,0.0000,0.6993
19.532,1,6.511,-1.646,-1.795,0.0000,-0.7148,0.0000,0.6993
19.565,1,6.511,-1.646,-1.795,0.0000,-0.7148,0.0000,0.6993
19.603,1,6.511,-1.646,-1.795,0.0000,-0.7148,0.0000,0.6993
19.633,1,6.511,-1.646,-1.795,0.0000,-0.7148,0.0000,0.6993
19.665,1,6.511,-1.646,-1.795,0.0000,-0.7148,0.0000,0.6993
19.705,1,6.511,-1.646,-1.795,0.0000,-0.7148,0.0000,0.6993
19.740,1,6.511,-1.646,-1.795,0.0000,-0.7148,0.0000,0.6993
19.771,1,6.511,-1.646,-1.795,0.0000,-0.7148,0.0000,0.6993
19.802,1,6.511,-1.646,-1.795,0.0000,-0.7148,0.0000,0.6993
19.831,1,6.511,-1.646,-1.795,0.0000,-0.7148,0.0000,0.6993
19.870,1,6.511,-1.646,-1.795,0.0000,-0.7148,0.0000,0.6993
19.901,1,6.511,-1.646,-1.795,0.0000,-0.7148,0.0000,0.6993
19.931,1,6.511,-1.646,-1.795,0.0000,-0.7148,0.0000,0.6993
19.973,1,6.511,-1.646,-1.795,0.0000,-0.7148,0.0000,0.6993
20.004,1,6.511,-1.646,-1.795,0.0000,-0.7148,0.0000,0.6993
20.034,1,6.511,-1.646,-1.795,0.0000,-0.7148,0.0000,0.6993
20.064,1,6.511,-1.646,-1.795,0.0000,-0.7148,0.0000,0.6993
20.105,1,6.511,-1.646,-1.795,0.0000,-0.7148,0.0000,0.6993
20.136,1,6.511,-1.646,-1.795,0.0000,-0.7148,0.0000,0.6993
20.167,1,6.511,-1.646,-1.795,0.0000,-0.7148,0.0000,0.6993
20.197,1,6.511,-1.646,-1.795,0.0000,-0.7148,0.0000,0.6993
20.239,1,6.511,-1.646,-1.795,0.0000,-0.7148,0.0000,0.6993
20.269,1,6.511,-1.646,-1.795,0.0000,-0.7148,0.0000,0.6993
20.299,1,6.511,-1.646,-1.795,0.0000,-0.7148,0.0000,0.6993
20.331,1,6.511,-1.646,-1.795,0.0000,-0.7148,0.0000,0.6993
20.395,1,6.511,-1.646,-1.795,0.0000,-0.7148,0.0000,0.6993
25.237,1,6.511,-1.646,-1.795,0.0000,-0.7148,0.0000,0.6993
25.237,1,6.511,-1.646,-1.795,0.0000,-0.7148,0.0000,0.6993
25.237,1,6.511,-1.646,-1.795,0.0000,-0.7148,0.0000,0.6993
25.237,1,6.511,-1.646,-1.795,0.0000,-0.7148,0.0000,0.6993
25.237,1,6.511,-1.646,-1.795,0.0000,-0.7148,0.0000,0.6993
25.237,1,6.511,-1.646,-1.795,0.0000,-0.7148,0.0000,0.6993
25.237,1,6.511,-1.646,-1.795,0.0000,-0.7148,0.0000,0.6993
25.237,1,6.511,-1.646,-1.795,0.0000,-0.7148,0.0000,0.6993
25.237,1,6.511,-1.646,-1.795,0.0000,-0.7148,0.0000,0.6993
25.237,1,6.511,-1.646,-1.795,0.0000,-0.7148,0.0000,0.6993
25.237,1,6.511,-1.646,-1.795,0.0000,-0.7148,0.0000,0.6993
25.237,1,6.511,-1.646,-1.795,0.0000,-0.7148,0.0000,0.6993
25.237,1,6.511,-1.646,-1.795,0.0000,-0.7148,0.0000,0.6993
25.237,1,6.511,-1.646,-1.795,0.0000,-0.7148,0.0000,0.6993
25.237,1,6.511,-1.646,-1.795,0.0000,-0.7148,0.0000,0.6993
25.237,1,6.511,-1.646,-1.795,0.0000,-0.7148,0.0000,0.6993
25.237,1,6.511,-1.646,-1.795,0.0000,-0.7148,0.0000,0.6993
25.237,1,6.511,-1.646,-1.795,0.0000,-0.7148,0.0000,0.6993
25.237,1,6.511,-1.646,-1.795,0.0000,-0.7148,0.0000,0.6993
25.237,1,6.511,-1.646,-1.795,0.0000,-0.7148,0.0000,0.6993
25.237,1,6.511,-1.646,-1.795,0.0000,-0.7148,0.0000,0.6993
25.237,1,6.511,-1.646,-1.795,0.0000,-0.7148,0.0000,0.6993
25.237,1,6.511,-1.646,-1.795,0.0000,-0.7148,0.0000,0.6993
25.237,1,6.511,-1.646,-1.795,0.0000,-0.7148,0.0000,0.6993
25.237,1,6.511,-1.646,-1.795,0.0000,-0.7148,0.0000,0.6993
25.237,1,6.511,-1.646,-1.795,0.0000,-0.7148,0.0000,0.6993
25.237,1,6.511,-1.646,-1.795,0.0000,-0.7148,0.0000,0.6993
25.237,1,6.511,-1.646,-1.795,0.0000,-0.7148,0.0000,0.6993
25.237,1,6.511,-1.646,-1.795,0.0000,-0.7148,0.0000,0.6993
25.237,1,6.511,-1.646,-1.795,0.0000,-0.7148,0.0000,0.6993
25.237,1,6.511,-1.646,-1.795,0.0000,-0.7148,0.0000,0.6993
25.237,1,6.511,-1.646,-1.795,0.0000,-0.7148,0.0000,0.6993
25.237,1,6.511,-1.646,-1.795,0.0000,-0.7148,0.0000,0.6993
25.237,1,6.511,-1.646,-1.795,0.0000,-0.7148,0.0000,0.6993
25.237,1,6.511,-1.646,-1.795,0.0000,-0.7148,0.0000,0.6993
25.237,1,6.511,-1.646,-1.795,0.0000,-0.7148,0.0000,0.6993
25.237,1,6.511,-1.646,-1.795,0.0000,-0.7148,0.0000,0.6993
25.237,1,6.511,-1.646,-1.795,0.0000,-0.7148,0.0000,0.6993
25.237,1,6.511,-1.646,-1.795,0.0000,-0.7148,0.0000,0.6993
25.237,1,6.511,-1.646,-1.795,0.0000,-0.7148,0.0000,0.6993
25.237,1,6.511,-1.646,-1.795,0.0000,-0.7148,0.0000,0.6993
25.237,1,6.511,-1.646,-1.795,0.0000,-0.7148,0.0000,0.6993
25.237,1,6.511,-1.646,-1.795,0.0000,-0.7148,0.0000,0.6993
25.237,1,6.511,-1.646,-1.795,0.0000,-0.7148,0.0000,0.6993
25.237,1,6.511,-1.646,-1.795,0.0000,-0.7148,0.0000,0.6993
25.237,1,6.511,-1.646,-1.795,0.0000,-0.7148,0.0000,0.6993
25.237,1,6.511,-1.646,-1.795,0.0000,-0.7148,0.0000,0.6993
25.237,1,6.511,-1.646,-1.795,0.0000,-0.7148,0.0000,0.6993
25.237,1,6.511,-1.646,-1.795,0.0000,-0.7148,0.0000,0.6993
25.237,1,6.511,-1.646,-1.795,0.0000,-0.7148,0.0000,0.6993
25.237,1,6.511,-1.646,-1.795,0.0000,-0.7148,0.0000,0.6993
25.237,1,6.511,-1.646,-1.795,0.0000,-0.7148,0.0000,0.6993
25.237,1,6.511,-1.646,-1.795,0.0000,-0.7148,0.0000,0.6993
25.237,1,6.511,-1.646,-1.795,0.0000,-0.7148,0.0000,0.6993
25.237,1,6.511,-1.646,-1.795,0.0000,-0.7148,0.0000,0.6993
25.237,1,6.511,-1.646,-1.795,0.0000,-0.7148,0.0000,0.6993
25.237,1,6.511,-1.646,-1.795,0.0000,-0.7148,0.0000,0.6993
25.237,1,6.511,-1.646,-1.795,0.0000,-0.7148,0.0000,0.6993
25.237,1,6.511,-1.646,-1.795,0.0000,-0.7148,0.0000,0.6993
25.237,1,6.511,-1.646,-1.795,0.0000,-0.7148,0.0000,0.6993
25.237,1,6.511,-1.646,-1.795,0.0000,-0.7148,0.0000,0.6993
25.237,1,6.511,-1.646,-1.795,0.0000,-0.7148,0.0000,0.6993
25.237,1,6.511,-1.646,-1.795,0.0000,-0.7148,0.0000,0.6993
25.237,1,6.511,-1.646,-1.795,0.0000,-0.7148,0.0000,0.6993
25.237,1,6.511,-1.646,-1.795,0.0000,-0.7148,0.0000,0.6993
25.237,1,6.511,-1.646,-1.795,0.0000,-0.7148,0.0000,0.6993
25.237,1,6.511,-1.646,-1.795,0.0000,-0.7148,0.0000,0.6993
25.237,1,6.511,-1.646,-1.795,0.0000,-0.7148,0.0000,0.6993
25.237,1,6.511,-1.646,-1.795,0.0000,-0.7148,0.0000,0.6993
25.237,1,6.511,-1.646,-1.795,0.0000,-0.7148,0.0000,0.6993
25.237,1,6.511,-1.646,-1.795,0.0000,-0.7148,0.0000,0.6993
25.237,1,6.511,-1.646,-1.795,0.0000,-0.7148,0.0000,0.6993
25.237,1,6.511,-1.646,-1.795,0.0000,-0.7148,0.0000,0.6993
25.237,1,6.511,-1.646,-1.795,0.0000,-0.7148,0.0000,0.6993
25.237,1,6.511,-1.646,-1.795,0.0000,-0.7148,0.0000,0.6993
25.237,1,6.511,-1.646,-1.795,0.0000,-0.7148,0.0000,0.6993
25.237,1,6.511,-1.646,-1.795,0.0000,-0.7148,0.0000,0.6993
25.237,1,6.511,-1.646,-1.795,0.0000,-0.7148,0.0000,0.6993
25.237,1,6.511,-1.646,-1.795,0.0000,-0.7148,0.0000,0.6993
25.237,1,6.511,-1.646,-1.795,0.0000,-0.7148,0.0000,0.6993
25.237,1,6.511,-1.646,-1.795,0.0000,-0.7148,0.0000,0.6993
25.237,1,6.511,-1.646,-1.795,0.0000,-0.7148,0.0000,0.6993
25.237,1,6.511,-1.646,-1.795,0.0000,-0.7148,0.0000,0.6993
25.237,1,6.511,-1.646,-1.795,0.0000,-0.7148,0.0000,0.6993
25.237,1,6.511,-1.646,-1.795,0.0000,-0.7148,0.0000,0.6993
25.237,1,6.511,-1.646,-1.795,0.0000,-0.7148,0.0000,0.6993
25.237,1,6.511,-1.646,-1.795,0.0000,-0.7148,0.0000,0.6993
25.237,1,6.511,-1.646,-1.795,0.0000,-0.7148,0.0000,0.6993
25.237,1,6.511,-1.646,-1.795,0.0000,-0.7148,0.0000,0.6993
25.237,1,6.511,-1.646,-1.795,0.0000,-0.7148,0.0000,0.6993
25.237,1,6.511,-1.646,-1.795,0.0000,-0.7148,0.0000,0.6993
25.237,1,6.511,-1.646,-1.795,0.0000,-0.7148,0.0000,0.6993
25.237,1,6.511,-1.646,-1.795,0.0000,-0.7148,0.0000,0.6993
25.237,1,6.511,-1.646,-1.795,0.0000,-0.7148,0.0000,0.6993
25.237,1,6.511,-1.646,-1.795,0.0000,-0.7148,0.0000,0.6993
25.237,1,6.511,-1.646,-1.795,0.0000,-0.7148,0.0000,0.6993
25.237,1,6.511,-1.646,-1.795,0.0000,-0.7148,0.0000,0.6993
25.237,1,6.511,-1.646,-1.795,0.0000,-0.7148,0.0000,0.6993
25.237,1,6.511,-1.646,-1.795,0.0000,-0.7148,0.0000,0.6993
25.237,1,6.511,-1.646,-1.795,0.0000,-0.7148,0.0000,0.6993
25.237,1,6.511,-1.646,-1.795,0.0000,-0.7148,0.0000,0.6993
25.237,1,6.511,-1.646,-1.795,0.0000,-0.7148,0.0000,0.6993
25.237,1,6.511,-1.646,-1.795,0.0000,-0.7148,0.0000,0.6993
25.237,1,6.511,-1.646,-1.795,0.0000,-0.7148,0.0000,0.6993
25.237,1,6.511,-1.646,-1.795,0.0000,-0.7148,0.0000,0.6993
25.237,1,6.511,-1.646,-1.795,0.0000,-0.7148,0.0000,0.6993
25.237,1,6.511,-1.646,-1.795,0.0000,-0.7148,0.0000,0.6993
25.237,1,6.511,-1.646,-1.795,0.0000,-0.7148,0.0000,0.6993
25.237,1,6.511,-1.646,-1.795,0.0000,-0.7148,0.0000,0.6993
25.237,1,6.511,-1.646,-1.795,0.0000,-0.7148,0.0000,0.6993
25.237,1,6.511,-1.646,-1.795,0.0000,-0.7148,0.0000,0.6993
25.237,1,6.511,-1.646,-1.795,0.0000,-0.7148,0.0000,0.6993
25.237,1,6.511,-1.646,-1.795,0.0000,-0.7148,0.0000,0.6993
25.237,1,6.511,-1.646,-1.795,0.0000,-0.7148,0.0000,0.6993
25.237,1,6.511,-1.646,-1.795,0.0000,-0.7148,0.0000,0.6993
25.237,1,6.511,-1.646,-1.795,0.0000,-0.7148,0.0000,0.6993
25.237,1,6.511,-1.646,-1.795,0.0000,-0.7148,0.0000,0.6993
25.237,1,6.511,-1.646,-1.795,0.0000,-0.7148,0.0000,0.6993
25.237,1,6.511,-1.646,-1.795,0.0000,-0.7148,0.0000,0.6993
25.237,1,6.511,-1.646,-1.795,0.0000,-0.7148,0.0000,0.6993
25.237,1,6.511,-1.646,-1.795,0.0000,-0.7148,0.0000,0.6993
25.237,1,6.511,-1.646,-1.795,0.0000,-0.7148,0.0000,0.6993
25.237,1,6.511,-1.646,-1.795,0.0000,-0.7148,0.0000,0.6993
25.237,1,6.511,-1.646,-1.795,0.0000,-0.7148,0.0000,0.6993
25.237,1,6.511,-1.646,-1.795,0.0000,-0.7148,0.0000,0.6993
25.237,1,6.511,-1.646,-1.795,0.0000,-0.7148,0.0000,0.6993
25.237,1,6.511,-1.646,-1.795,0.0000,-0.7148,0.0000,0.6993
25.237,1,6.511,-1.646,-1.795,0.0000,-0.7148,0.0000,0.6993
25.237,1,6.511,-1.646,-1.795,0.0000,-0.7148,0.0000,0.6993
25.237,1,6.511,-1.646,-1.795,0.0000,-0.7148,0.0000,0.6993
25.237,1,6.511,-1.646,-1.795,0.0000,-0.7148,0.0000,0.6993
25.237,1,6.511,-1.646,-1.795,0.0000,-0.7148,0.0000,0.6993
25.237,1,6.511,-1.646,-1.795,0.0000,-0.7148,0.0000,0.6993
25.237,1,6.511,-1.646,-1.795,0.0000,-0.7148,0.0000,0.6993
25.237,1,6.511,-1.646,-1.795,0.0000,-0.7148,0.0000,0.6993
25.237,1,6.511,-1.646,-1.795,0.0000,-0.7148,0.0000,0.6993
25.237,1,6.511,-1.646,-1.795,0.0000,-0.7148,0.0000,0.6993
25.237,1,6.511,-1.646,-1.795,0.0000,-0.7148,0.0000,0.6993
25.237,1,6.511,-1.646,-1.795,0.0000,-0.7148,0.0000,0.6993
25.237,1,6.511,-1.646,-1.795,0.0000,-0.7148,0.0000,0.6993
25.237,1,6.511,-1.646,-1.795,0.0000,-0.7148,0.0000,0.6993
25.237,1,6.511,-1.646,-1.795,0.0000,-0.7148,0.0000,0.6993
25.237,1,6.511,-1.646,-1.795,0.0000,-0.7148,0.0000,0.6993
25.237,1,6.511,-1.646,-1.795,0.0000,-0.7148,0.0000,0.6993
25.237,1,6.511,-1.646,-1.795,0.0000,-0.7148,0.0000,0.6993
25.237,1,6.511,-1.646,-1.795,0.0000,-0.7148,0.0000,0.6993
25.354,1,6.511,-1.646,-1.795,0.0000,-0.7148,0.0000,0.6993
25.354,1,6.511,-1.646,-1.795,0.0000,-0.7148,0.0000,0.6993
25.354,1,6.511,-1.646,-1.795,0.0000,-0.7148,0.0000,0.6993
27.513,1,6.511,-1.646,-1.795,0.0000,-0.7148,0.0000,0.6993
27.513,1,6.511,-1.646,-1.795,0.0000,-0.7148,0.0000,0.6993
27.513,1,6.511,-1.646,-1.795,0.0000,-0.7148,0.0000,0.6993
27.513,1,6.511,-1.646,-1.795,0.0000,-0.7148,0.0000,0.6993
27.513,1,6.511,-1.646,-1.795,0.0000,-0.7148,0.0000,0.6993
27.513,1,6.511,-1.646,-1.795,0.0000,-0.7148,0.0000,0.6993
27.513,1,6.511,-1.646,-1.795,0.0000,-0.7148,0.0000,0.6993
27.513,1,6.511,-1.646,-1.795,0.0000,-0.7148,0.0000,0.6993
27.513,1,6.511,-1.646,-1.795,0.0000,-0.7148,0.0000,0.6993
27.513,1,6.511,-1.646,-1.795,0.0000,-0.7148,0.0000,0.6993
27.513,1,6.511,-1.646,-1.795,0.0000,-0.7148,0.0000,0.6993
27.513,1,6.511,-1.646,-1.795,0.0000,-0.7148,0.0000,0.6993
27.513,1,6.511,-1.646,-1.795,0.0000,-0.7148,0.0000,0.6993
27.513,1,6.511,-1.646,-1.795,0.0000,-0.7148,0.0000,0.6993
27.513,1,6.511,-1.646,-1.795,0.0000,-0.7148,0.0000,0.6993
27.513,1,6.511,-1.646,-1.795,0.0000,-0.7148,0.0000,0.6993
27.513,1,6.511,-1.646,-1.795,0.0000,-0.7148,0.0000,0.6993
27.513,1,6.511,-1.646,-1.795,0.0000,-0.7148,0.0000,0.6993
27.513,1,6.511,-1.646,-1.795,0.0000,-0.7148,0.0000,0.6993
27.513,1,6.511,-1.646,-1.795,0.0000,-0.7148,0.0000,0.6993
27.513,1,6.511,-1.646,-1.795,0.0000,-0.7148,0.0000,0.6993
27.513,1,6.511,-1.646,-1.795,0.0000,-0.7148,0.0000,0.6993
27.513,1,6.511,-1.646,-1.795,0.0000,-0.7148,0.0000,0.6993
27.513,1,6.511,-1.646,-1.795,0.0000,-0.7148,0.0000,0.6993
27.513,1,6.511,-1.646,-1.795,0.0000,-0.7148,0.0000,0.6993
27.513,1,6.511,-1.646,-1.795,0.0000,-0.7148,0.0000,0.6993
27.513,1,6.511,-1.646,-1.795,0.0000,-0.7148,0.0000,0.6993
27.513,1,6.511,-1.646,-1.795,0.0000,-0.7148,0.0000,0.6993
27.513,1,6.511,-1.646,-1.795,0.0000,-0.7148,0.0000,0.6993
27.513,1,6.511,-1.646,-1.795,0.0000,-0.7148,0.0000,0.6993
27.513,1,6.511,-1.646,-1.795,0.0000,-0.7148,0.0000,0.6993
27.513,1,6.511,-1.646,-1.795,0.0000,-0.7148,0.0000,0.6993
27.513,1,6.511,-1.646,-1.795,0.0000,-0.7148,0.0000,0.6993
27.513,1,6.511,-1.646,-1.795,0.0000,-0.7148,0.0000,0.6993
27.513,1,6.511,-1.646,-1.795,0.0000,-0.7148,0.0000,0.6993
27.513,1,6.511,-1.646,-1.795,0.0000,-0.7148,0.0000,0.6993
27.513,1,6.511,-1.646,-1.795,0.0000,-0.7148,0.0000,0.6993
27.513,1,6.511,-1.646,-1.795,0.0000,-0.7148,0.0000,0.6993
27.513,1,6.511,-1.646,-1.795,0.0000,-0.7148,0.0000,0.6993
27.513,1,6.511,-1.646,-1.795,0.0000,-0.7148,0.0000,0.6993
27.513,1,6.511,-1.646,-1.795,0.0000,-0.7148,0.0000,0.6993
27.513,1,6.511,-1.646,-1.795,0.0000,-0.7148,0.0000,0.6993
27.513,1,6.511,-1.646,-1.795,0.0000,-0.7148,0.0000,0.6993
27.513,1,6.511,-1.646,-1.795,0.0000,-0.7148,0.0000,0.6993
27.513,1,6.511,-1.646,-1.795,0.0000,-0.7148,0.0000,0.6993
27.513,1,6.511,-1.646,-1.795,0.0000,-0.7148,0.0000,0.6993
27.513,1,6.511,-1.646,-1.795,0.0000,-0.7148,0.0000,0.6993
27.513,1,6.511,-1.646,-1.795,0.0000,-0.7148,0.0000,0.6993
27.513,1,6.511,-1.646,-1.795,0.0000,-0.7148,0.0000,0.6993
27.513,1,6.511,-1.646,-1.795,0.0000,-0.7148,0.0000,0.6993
27.513,1,6.511,-1.646,-1.795,0.0000,-0.7148,0.0000,0.6993
27.513,1,6.511,-1.646,-1.795,0.0000,-0.7148,0.0000,0.6993
27.513,1,6.511,-1.646,-1.795,0.0000,-0.7148,0.0000,0.6993
27.513,1,6.511,-1.646,-1.795,0.0000,-0.7148,0.0000,0.6993
27.513,1,6.511,-1.646,-1.795,0.0000,-0.7148,0.0000,0.6993
27.513,1,6.511,-1.646,-1.795,0.0000,-0.7148,0.0000,0.6993
27.513,1,6.511,-1.646,-1.795,0.0000,-0.7148,0.0000,0.6993
27.513,1,6.511,-1.646,-1.795,0.0000,-0.7148,0.0000,0.6993
27.513,1,6.511,-1.646,-1.795,0.0000,-0.7148,0.0000,0.6993
27.513,1,6.511,-1.646,-1.795,0.0000,-0.7148,0.0000,0.6993
27.513,1,6.511,-1.646,-1.795,0.0000,-0.7148,0.0000,0.6993
27.513,1,6.511,-1.646,-1.795,0.0000,-0.7148,0.0000,0.6993
27.513,1,6.511,-1.646,-1.795,0.0000,-0.7148,0.0000,0.6993
27.513,1,6.511,-1.646,-1.795,0.0000,-0.7148,0.0000,0.6993
27.513,1,6.511,-1.646,-1.795,0.0000,-0.7148,0.0000,0.6993
27.537,1,6.511,-1.646,-1.795,0.0000,-0.7148,0.0000,0.6993
27.567,1,6.511,-1.646,-1.795,0.0000,-0.7148,0.0000,0.6993
27.599,1,6.511,-1.646,-1.795,0.0000,-0.7148,0.0000,0.6993
27.632,1,6.511,-1.646,-1.795,0.0000,-0.7148,0.0000,0.6993
27.664,1,6.511,-1.646,-1.795,0.0000,-0.7148,0.0000,0.6993
27.696,1,6.511,-1.646,-1.795,0.0000,-0.7148,0.0000,0.6993
27.730,1,6.511,-1.646,-1.795,0.0000,-0.7148,0.0000,0.6993
27.763,1,6.511,-1.646,-1.795,0.0000,-0.7148,0.0000,0.6993
27.797,1,6.511,-1.646,-1.795,0.0000,-0.7148,0.0000,0.6993
27.831,1,6.511,-1.646,-1.795,0.0000,-0.7148,0.0000,0.6993
27.863,1,6.511,-1.646,-1.795,0.0000,-0.7148,0.0000,0.6993
27.904,1,6.511,-1.646,-1.795,0.0000,-0.7148,0.0000,0.6993
27.935,1,6.511,-1.646,-1.795,0.0000,-0.7148,0.0000,0.6993
27.965,1,6.511,-1.646,-1.795,0.0000,-0.7148,0.0000,0.6993
28.003,1,6.511,-1.646,-1.795,0.0000,-0.7148,0.0000,0.6993
28.029,1,6.511,-1.646,-1.795,0.0000,-0.7148,0.0000,0.6993
28.070,1,6.511,-1.646,-1.795,0.0000,-0.7148,0.0000,0.6993
28.099,1,6.511,-1.646,-1.795,0.0000,-0.7148,0.0000,0.6993
28.130,1,6.511,-1.646,-1.795,0.0000,-0.7148,0.0000,0.6993
28.173,1,6.511,-1.646,-1.795,0.0000,-0.7148,0.0000,0.6993
28.203,1,6.511,-1.646,-1.795,0.0000,-0.7148,0.0000,0.6993
28.236,1,6.511,-1.646,-1.795,0.0000,-0.7148,0.0000,0.6993
28.264,1,6.511,-1.646,-1.795,0.0000,-0.7148,0.0000,0.6993
28.304,1,6.511,-1.646,-1.795,0.0000,-0.7148,0.0000,0.6993
28.335,1,6.511,-1.646,-1.795,0.0000,-0.7148,0.0000,0.6993
28.366,1,6.511,-1.646,-1.795,0.0000,-0.7148,0.0000,0.6993
28.396,1,6.511,-1.646,-1.795,0.0000,-0.7148,0.0000,0.6993
28.437,1,6.511,-1.646,-1.795,0.0000,-0.7148,0.0000,0.6993
28.467,1,6.511,-1.646,-1.795,0.0000,-0.7148,0.0000,0.6993
28.498,1,6.511,-1.646,-1.795,0.0000,-0.7148,0.0000,0.6993
28.529,1,6.511,-1.646,-1.795,0.0000,-0.7148,0.0000,0.6993
28.571,1,6.511,-1.646,-1.795,0.0000,-0.7148,0.0000,0.6993
28.601,1,6.511,-1.646,-1.795,0.0000,-0.7148,0.0000,0.6993
28.631,1,6.511,-1.646,-1.795,0.0000,-0.7148,0.0000,0.6993
28.663,1,6.511,-1.646,-1.795,0.0000,-0.7148,0.0000,0.6993
28.704,1,6.511,-1.646,-1.795,0.0000,-0.7148,0.0000,0.6993
28.740,1,6.511,-1.646,-1.795,0.0000,-0.7148,0.0000,0.6993
28.770,1,6.511,-1.646,-1.795,0.0000,-0.7148,0.0000,0.6993
28.798,1,6.511,-1.646,-1.795,0.0000,-0.7148,0.0000,0.6993
28.837,1,6.511,-1.646,-1.795,0.0000,-0.7148,0.0000,0.6993
28.871,1,6.511,-1.646,-1.795,0.0000,-0.7148,0.0000,0.6993
28.903,1,6.511,-1.646,-1.795,0.0000,-0.7148,0.0000,0.6993
28.933,1,6.511,-1.646,-1.795,0.0000,-0.7148,0.0000,0.6993
28.971,1,6.511,-1.646,-1.795,0.0000,-0.7148,0.0000,0.6993
28.996,1,6.511,-1.646,-1.795,0.0000,-0.7148,0.0000,0.6993
29.036,1,6.511,-1.646,-1.795,0.0000,-0.7148,0.0000,0.6993
29.067,1,6.511,-1.646,-1.795,0.0000,-0.7148,0.0000,0.6993
29.105,1,6.511,-1.646,-1.795,0.0000,-0.7148,0.0000,0.6993
29.133,1,6.511,-1.646,-1.795,0.0000,-0.7148,0.0000,0.6993
29.165,1,6.511,-1.646,-1.795,0.0000,-0.7148,0.0000,0.6993
29.204,1,6.511,-1.646,-1.795,0.0000,-0.7148,0.0000,0.6993
29.233,1,6.511,-1.646,-1.795,0.0000,-0.7148,0.0000,0.6993
29.264,1,6.511,-1.646,-1.795,0.0000,-0.7148,0.0000,0.6993
29.305,1,6.511,-1.646,-1.795,0.0000,-0.7148,0.0000,0.6993
29.337,1,6.511,-1.646,-1.795,0.0000,-0.7148,0.0000,0.6993
29.366,1,6.511,-1.646,-1.795,0.0000,-0.7148,0.0000,0.6993
29.398,1,6.511,-1.646,-1.795,0.0000,-0.7148,0.0000,0.6993
29.437,1,6.511,-1.646,-1.795,0.0000,-0.7148,0.0000,0.6993
29.466,1,6.511,-1.646,-1.795,0.0000,-0.7148,0.0000,0.6993
29.499,1,6.511,-1.646,-1.795,0.0000,-0.7148,0.0000,0.6993
29.531,1,6.511,-1.646,-1.795,0.0000,-0.7148,0.0000,0.6993
29.572,1,6.511,-1.646,-1.795,0.0000,-0.7148,0.0000,0.6993
29.603,1,6.511,-1.646,-1.795,0.0000,-0.7148,0.0000,0.6993
29.634,1,6.511,-1.646,-1.795,0.0000,-0.7148,0.0000,0.6993
29.668,1,6.511,-1.646,-1.795,0.0000,-0.7148,0.0000,0.6993
29.697,1,6.511,-1.646,-1.795,0.0000,-0.7148,0.0000,0.6993
29.735,1,6.511,-1.646,-1.795,0.0000,-0.7148,0.0000,0.6993
29.763,1,6.511,-1.646,-1.795,0.0000,-0.7148,0.0000,0.6993
29.804,1,6.511,-1.646,-1.795,0.0000,-0.7148,0.0000,0.6993
29.835,1,6.511,-1.646,-1.795,0.0000,-0.7148,0.0000,0.6993
29.865,1,6.511,-1.646,-1.795,0.0000,-0.7148,0.0000,0.6993
29.905,1,6.511,-1.646,-1.795,0.0000,-0.7148,0.0000,0.6993
29.936,1,6.511,-1.646,-1.795,0.0000,-0.7148,0.0000,0.6993
29.967,1,6.511,-1.646,-1.795,0.0000,-0.7148,0.0000,0.6993
29.997,1,6.511,-1.646,-1.795,0.0000,-0.7148,0.0000,0.6993
30.037,1,6.511,-1.646,-1.795,0.0000,-0.7148,0.0000,0.6993
30.068,1,6.511,-1.646,-1.795,0.0000,-0.7148,0.0000,0.6993
30.098,1,6.511,-1.646,-1.795,0.0000,-0.7148,0.0000,0.6993
30.133,1,6.511,-1.646,-1.795,0.0000,-0.7148,0.0000,0.6993
30.169,1,6.511,-1.646,-1.795,0.0000,-0.7148,0.0000,0.6993
30.201,1,6.511,-1.646,-1.795,0.0000,-0.7148,0.0000,0.6993
30.231,1,6.511,-1.646,-1.795,0.0000,-0.7148,0.0000,0.6993
30.272,1,6.511,-1.646,-1.795,0.0000,-0.7148,0.0000,0.6993
30.303,1,6.511,-1.646,-1.795,0.0000,-0.7148,0.0000,0.6993
30.333,1,6.511,-1.646,-1.795,0.0000,-0.7148,0.0000,0.6993
30.365,1,6.511,-1.646,-1.795,0.0000,-0.7148,0.0000,0.6993
30.404,1,6.511,-1.646,-1.795,0.0000,-0.7148,0.0000,0.6993
30.435,1,6.511,-1.646,-1.795,0.0000,-0.7148,0.0000,0.6993
30.466,1,6.511,-1.646,-1.795,0.0000,-0.7148,0.0000,0.6993
30.496,1,6.511,-1.646,-1.795,0.0000,-0.7148,0.0000,0.6993
30.537,1,6.511,-1.646,-1.795,0.0000,-0.7148,0.0000,0.6993
30.567,1,6.511,-1.646,-1.795,0.0000,-0.7148,0.0000,0.6993
30.598,1,6.511,-1.646,-1.795,0.0000,-0.7148,0.0000,0.6993
30.639,1,6.511,-1.646,-1.795,0.0000,-0.7148,0.0000,0.6993
30.670,1,6.511,-1.646,-1.795,0.0000,-0.7148,0.0000,0.6993
30.701,1,6.511,-1.646,-1.795,0.0000,-0.7148,0.0000,0.6993
30.731,1,6.511,-1.646,-1.795,0.0000,-0.7148,0.0000,0.6993
30.763,1,6.511,-1.646,-1.795,0.0000,-0.7148,0.0000,0.6993
30.803,1,6.511,-1.646,-1.795,0.0000,-0.7148,0.0000,0.6993
30.834,1,6.511,-1.646,-1.795,0.0000,-0.7148,0.0000,0.6993
30.865,1,6.511,-1.646,-1.795,0.0000,-0.7148,0.0000,0.6993
30.905,1,6.511,-1.646,-1.795,0.0000,-0.7148,0.0000,0.6993
30.936,1,6.511,-1.646,-1.795,0.0000,-0.7148,0.0000,0.6993
30.966,1,6.511,-1.646,-1.795,0.0000,-0.7148,0.0000,0.6993
30.997,1,6.511,-1.646,-1.795,0.0000,-0.7148,0.0000,0.6993
31.039,1,6.511,-1.646,-1.795,0.0000,-0.7148,0.0000,0.6993
31.069,1,6.511,-1.646,-1.795,0.0000,-0.7148,0.0000,0.6993
31.100,1,6.511,-1.646,-1.795,0.0000,-0.7148,0.0000,0.6993
31.131,1,6.511,-1.646,-1.795,0.0000,-0.7148,0.0000,0.6993
31.170,1,6.511,-1.646,-1.795,0.0000,-0.7148,0.0000,0.6993
31.202,1,6.511,-1.646,-1.795,0.0000,-0.7148,0.0000,0.6993
31.232,1,6.511,-1.646,-1.795,0.0000,-0.7148,0.0000,0.6993
31.265,1,6.511,-1.646,-1.795,0.0000,-0.7148,0.0000,0.6993
31.303,1,6.511,-1.646,-1.795,0.0000,-0.7148,0.0000,0.6993
31.334,1,6.511,-1.646,-1.795,0.0000,-0.7148,0.0000,0.6993
31.365,1,6.511,-1.646,-1.795,0.0000,-0.7148,0.0000,0.6993
31.406,1,6.511,-1.646,-1.795,0.0000,-0.7148,0.0000,0.6993
31.436,1,6.511,-1.646,-1.795,0.0000,-0.7148,0.0000,0.6993
31.466,1,6.511,-1.646,-1.795,0.0000,-0.7148,0.0000,0.6993
31.498,1,6.511,-1.646,-1.795,0.0000,-0.7148,0.0000,0.6993
31.529,1,6.511,-1.646,-1.795,0.0000,-0.7148,0.0000,0.6993
31.564,1,6.511,-1.646,-1.795,0.0000,-0.7148,0.0000,0.6993
31.600,1,6.511,-1.646,-1.795,0.0000,-0.7148,0.0000,0.6993
31.631,1,6.511,-1.646,-1.795,0.0000,-0.7148,0.0000,0.6993
31.671,1,6.511,-1.646,-1.795,0.0000,-0.7148,0.0000,0.6993
31.703,1,6.511,-1.646,-1.795,0.0000,-0.7148,0.0000,0.6993
31.733,1,6.511,-1.646,-1.795,0.0000,-0.7148,0.0000,0.6993
31.763,1,6.511,-1.646,-1.795,0.0000,-0.7148,0.0000,0.6993
31.799,1,6.511,-1.646,-1.795,0.0000,-0.7148,0.0000,0.6993
31.836,1,6.511,-1.646,-1.795,0.0000,-0.7148,0.0000,0.6993
31.867,1,6.511,-1.646,-1.795,0.0000,-0.7148,0.0000,0.6993
31.897,1,6.511,-1.646,-1.795,0.0000,-0.7148,0.0000,0.6993
31.938,1,6.511,-1.646,-1.795,0.0000,-0.7148,0.0000,0.6993
31.972,1,6.511,-1.646,-1.795,0.0000,-0.7148,0.0000,0.6993
32.002,1,6.511,-1.646,-1.795,0.0000,-0.7148,0.0000,0.6993
32.032,1,6.511,-1.646,-1.795,0.0000,-0.7148,0.0000,0.6993
32.063,1,6.511,-1.646,-1.795,0.0000,-0.7148,0.0000,0.6993
32.105,1,6.511,-1.646,-1.795,0.0000,-0.7148,0.0000,0.6993
32.135,1,6.511,-1.646,-1.795,0.0000,-0.7148,0.0000,0.6993
32.166,1,6.511,-1.646,-1.795,0.0000,-0.7148,0.0000,0.6993
32.197,1,6.511,-1.646,-1.795,0.0000,-0.7148,0.0000,0.6993
32.237,1,6.511,-1.646,-1.795,0.0000,-0.7148,0.0000,0.6993
32.268,1,6.511,-1.646,-1.795,0.0000,-0.7148,0.0000,0.6993
32.299,1,6.511,-1.646,-1.795,0.0000,-0.7148,0.0000,0.6993
32.329,1,6.511,-1.646,-1.795,0.0000,-0.7148,0.0000,0.6993
32.371,1,6.511,-1.646,-1.795,0.0000,-0.7148,0.0000,0.6993
32.400,1,6.511,-1.646,-1.795,0.0000,-0.7148,0.0000,0.6993
32.429,1,6.511,-1.646,-1.795,0.0000,-0.7148,0.0000,0.6993
32.471,1,6.511,-1.646,-1.795,0.0000,-0.7148,0.0000,0.6993
32.502,1,6.511,-1.646,-1.795,0.0000,-0.7148,0.0000,0.6993
32.532,1,6.511,-1.646,-1.795,0.0000,-0.7148,0.0000,0.6993
32.572,1,6.511,-1.646,-1.795,0.0000,-0.7148,0.0000,0.6993
32.608,1,6.511,-1.646,-1.795,0.0000,-0.7148,0.0000,0.6993
32.634,1,6.511,-1.646,-1.795,0.0000,-0.7148,0.0000,0.6993
32.665,1,6.511,-1.646,-1.795,0.0000,-0.7148,0.0000,0.6993
32.705,1,6.511,-1.646,-1.795,0.0000,-0.7148,0.0000,0.6993
32.735,1,6.511,-1.646,-1.795,0.0000,-0.7148,0.0000,0.6993
32.765,1,6.511,-1.646,-1.795,0.0000,-0.7148,0.0000,0.6993
32.797,1,6.511,-1.646,-1.795,0.0000,-0.7148,0.0000,0.6993
32.836,1,6.511,-1.646,-1.795,0.0000,-0.7148,0.0000,0.6993
32.869,1,6.511,-1.646,-1.795,0.0000,-0.7148,0.0000,0.6993
32.897,1,6.511,-1.646,-1.795,0.0000,-0.7148,0.0000,0.6993
32.939,1,6.511,-1.646,-1.795,0.0000,-0.7148,0.0000,0.6993
32.970,1,6.511,-1.646,-1.795,0.0000,-0.7148,0.0000,0.6993
32.996,1,6.511,-1.646,-1.795,0.0000,-0.7148,0.0000,0.6993
33.030,1,6.511,-1.646,-1.795,0.0000,-0.7148,0.0000,0.6993
33.073,1,6.511,-1.646,-1.795,0.0000,-0.7148,0.0000,0.6993
33.103,1,6.511,-1.646,-1.795,0.0000,-0.7148,0.0000,0.6993
33.133,1,6.511,-1.646,-1.795,0.0000,-0.7148,0.0000,0.6993
33.165,1,6.511,-1.646,-1.795,0.0000,-0.7148,0.0000,0.6993
33.205,1,6.511,-1.646,-1.795,0.0000,-0.7148,0.0000,0.6993
33.235,1,6.511,-1.646,-1.795,0.0000,-0.7148,0.0000,0.6993
33.265,1,6.511,-1.646,-1.795,0.0000,-0.7148,0.0000,0.6993
33.296,1,6.511,-1.646,-1.795,0.0000,-0.7148,0.0000,0.6993
33.339,1,6.511,-1.646,-1.795,0.0000,-0.7148,0.0000,0.6993
33.370,1,6.511,-1.646,-1.795,0.0000,-0.7148,0.0000,0.6993
33.401,1,6.511,-1.646,-1.795,0.0000,-0.7148,0.0000,0.6993
33.431,1,6.511,-1.646,-1.795,0.0000,-0.7148,0.0000,0.6993
33.462,1,6.511,-1.646,-1.795,0.0000,-0.7148,0.0000,0.6993
33.506,1,6.511,-1.646,-1.795,0.0000,-0.7148,0.0000,0.6993
33.537,1,6.511,-1.646,-1.795,0.0000,-0.7148,0.0000,0.6993
33.568,1,6.511,-1.646,-1.795,0.0000,-0.7148,0.0000,0.6993
33.599,1,6.511,-1.646,-1.795,0.0000,-0.7148,0.0000,0.6993
33.630,1,6.511,-1.646,-1.795,0.0000,-0.7148,0.0000,0.6993
33.671,1,6.511,-1.646,-1.795,0.0000,-0.7148,0.0000,0.6993
33.703,1,6.511,-1.646,-1.795,0.0000,-0.7148,0.0000,0.6993
33.734,1,6.511,-1.646,-1.795,0.0000,-0.7148,0.0000,0.6993
33.764,1,6.511,-1.646,-1.795,0.0000,-0.7148,0.0000,0.6993
33.796,1,6.511,-1.646,-1.795,0.0000,-0.7148,0.0000,0.6993
33.838,1,6.511,-1.646,-1.795,0.0000,-0.7148,0.0000,0.6993
33.869,1,6.511,-1.646,-1.795,0.0000,-0.7148,0.0000,0.6993
33.900,1,6.511,-1.646,-1.795,0.0000,-0.7148,0.0000,0.6993
33.930,1,6.511,-1.646,-1.795,0.0000,-0.7148,0.0000,0.6993
33.962,1,6.511,-1.646,-1.795,0.0000,-0.7148,0.0000,0.6993
34.009,1,6.511,-1.646,-1.795,0.0000,-0.7148,0.0000,0.6993
34.038,1,6.511,-1.646,-1.795,0.0000,-0.7148,0.0000,0.6993
34.067,1,6.511,-1.646,-1.795,0.0000,-0.7148,0.0000,0.6993
34.097,1,6.511,-1.646,-1.795,0.0000,-0.7148,0.0000,0.6993
34.139,1,6.511,-1.646,-1.795,0.0000,-0.7148,0.0000,0.6993
34.173,1,6.511,-1.646,-1.795,0.0000,-0.7148,0.0000,0.6993
34.196,1,6.511,-1.646,-1.795,0.0000,-0.7148,0.0000,0.6993
34.233,1,6.511,-1.646,-1.795,0.0000,-0.7148,0.0000,0.6993
34.264,1,6.511,-1.646,-1.795,0.0000,-0.7148,0.0000,0.6993
34.297,1,6.511,-1.646,-1.795,0.0000,-0.7148,0.0000,0.6993
34.340,1,6.511,-1.646,-1.795,0.0000,-0.7148,0.0000,0.6993
34.371,1,6.511,-1.646,-1.795,0.0000,-0.7148,0.0000,0.6993
34.402,1,6.511,-1.646,-1.795,0.0000,-0.7148,0.0000,0.6993
34.431,1,6.511,-1.646,-1.795,0.0000,-0.7148,0.0000,0.6993
34.463,1,6.511,-1.646,-1.795,0.0000,-0.7148,0.0000,0.6993
34.505,1,6.511,-1.646,-1.795,0.0000,-0.7148,0.0000,0.6993
34.537,1,6.511,-1.646,-1.795,0.0000,-0.7148,0.0000,0.6993
34.567,1,6.511,-1.646,-1.795,0.0000,-0.7148,0.0000,0.6993
34.598,1,6.511,-1.646,-1.795,0.0000,-0.7148,0.0000,0.6993
34.629,1,6.511,-1.646,-1.795,0.0000,-0.7148,0.0000,0.6993
34.670,1,6.511,-1.646,-1.795,0.0000,-0.7148,0.0000,0.6993
34.702,1,6.511,-1.646,-1.795,0.0000,-0.7148,0.0000,0.6993
34.732,1,6.511,-1.646,-1.795,0.0000,-0.7148,0.0000,0.6993
34.764,1,6.511,-1.646,-1.795,0.0000,-0.7148,0.0000,0.6993
34.805,1,6.511,-1.646,-1.795,0.0000,-0.7148,0.0000,0.6993
34.836,1,6.511,-1.646,-1.795,0.0000,-0.7148,0.0000,0.6993
34.867,1,6.511,-1.646,-1.795,0.0000,-0.7148,0.0000,0.6993
34.896,1,6.511,-1.646,-1.795,0.0000,-0.7148,0.0000,0.6993
34.938,1,6.511,-1.646,-1.795,0.0000,-0.7148,0.0000,0.6993
34.968,1,6.511,-1.646,-1.795,0.0000,-0.7148,0.0000,0.6993
34.999,1,6.511,-1.646,-1.795,0.0000,-0.7148,0.0000,0.6993
35.029,1,6.511,-1.646,-1.795,0.0000,-0.7148,0.0000,0.6993
35.071,1,6.511,-1.646,-1.795,0.0000,-0.7148,0.0000,0.6993
35.101,1,6.511,-1.646,-1.795,0.0000,-0.7148,0.0000,0.6993
35.131,1,6.511,-1.646,-1.795,0.0000,-0.7148,0.0000,0.6993
35.172,1,6.511,-1.646,-1.795,0.0000,-0.7148,0.0000,0.6993
35.202,1,6.511,-1.646,-1.795,0.0000,-0.7148,0.0000,0.6993
35.233,1,6.511,-1.646,-1.795,0.0000,-0.7148,0.0000,0.6993
35.263,1,6.511,-1.646,-1.795,0.0000,-0.7148,0.0000,0.6993
35.306,1,6.511,-1.646,-1.795,0.0000,-0.7148,0.0000,0.6993
35.336,1,6.511,-1.646,-1.795,0.0000,-0.7148,0.0000,0.6993
35.367,1,6.511,-1.646,-1.795,0.0000,-0.7148,0.0000,0.6993
35.398,1,6.511,-1.646,-1.795,0.0000,-0.7148,0.0000,0.6993
35.440,1,6.511,-1.646,-1.795,0.0000,-0.7148,0.0000,0.6993
35.464,1,6.511,-1.646,-1.795,0.0000,-0.7148,0.0000,0.6993
35.507,1,6.511,-1.646,-1.795,0.0000,-0.7148,0.0000,0.6993
35.530,1,6.511,-1.646,-1.795,0.0000,-0.7148,0.0000,0.6993
35.566,1,6.511,-1.646,-1.795,0.0000,-0.7148,0.0000,0.6993
35.600,1,6.511,-1.646,-1.795,0.0000,-0.7148,0.0000,0.6993
35.630,1,6.511,-1.646,-1.795,0.0000,-0.7148,0.0000,0.6993
35.672,1,6.511,-1.646,-1.795,0.0000,-0.7148,0.0000,0.6993
35.701,1,6.511,-1.646,-1.795,0.0000,-0.7148,0.0000,0.6993
35.732,1,6.511,-1.646,-1.795,0.0000,-0.7148,0.0000,0.6993
35.763,1,6.511,-1.646,-1.795,0.0000,-0.7148,0.0000,0.6993
35.805,1,6.511,-1.646,-1.795,0.0000,-0.7148,0.0000,0.6993
35.836,1,6.511,-1.646,-1.795,0.0000,-0.7148,0.0000,0.6993
35.870,1,6.511,-1.646,-1.795,0.0000,-0.7148,0.0000,0.6993
35.898,1,6.511,-1.646,-1.795,0.0000,-0.7148,0.0000,0.6993
35.935,1,6.511,-1.646,-1.795,0.0000,-0.7148,0.0000,0.6993
35.972,1,6.511,-1.646,-1.795,0.0000,-0.7148,0.0000,0.6993
36.001,1,6.511,-1.646,-1.795,0.0000,-0.7148,0.0000,0.6993
36.032,1,6.511,-1.646,-1.795,0.0000,-0.7148,0.0000,0.6993
36.072,1,6.511,-1.646,-1.795,0.0000,-0.7148,0.0000,0.6993
36.098,1,6.511,-1.646,-1.795,0.0000,-0.7148,0.0000,0.6993
36.133,1,6.511,-1.646,-1.795,0.0000,-0.7148,0.0000,0.6993
36.163,1,6.511,-1.646,-1.795,0.0000,-0.7148,0.0000,0.6993
36.204,1,6.511,-1.646,-1.795,0.0000,-0.7148,0.0000,0.6993
36.235,1,6.511,-1.646,-1.795,0.0000,-0.7148,0.0000,0.6993
36.266,1,6.511,-1.646,-1.795,0.0000,-0.7148,0.0000,0.6993
36.296,1,6.511,-1.646,-1.795,0.0000,-0.7148,0.0000,0.6993
36.336,1,6.511,-1.646,-1.795,0.0000,-0.7148,0.0000,0.6993
36.368,1,6.511,-1.646,-1.795,0.0000,-0.7148,0.0000,0.6993
36.399,1,6.511,-1.646,-1.795,0.0000,-0.7148,0.0000,0.6993
36.430,1,6.511,-1.646,-1.795,0.0000,-0.7148,0.0000,0.6993
36.462,1,6.511,-1.646,-1.795,0.0000,-0.7148,0.0000,0.6993
36.504,1,6.511,-1.646,-1.795,0.0000,-0.7148,0.0000,0.6993
36.534,1,6.511,-1.646,-1.795,0.0000,-0.7148,0.0000,0.6993
36.564,1,6.511,-1.646,-1.795,0.0000,-0.7148,0.0000,0.6993
36.596,1,6.511,-1.646,-1.795,0.0000,-0.7148,0.0000,0.6993
36.636,1,6.511,-1.646,-1.795,0.0000,-0.7148,0.0000,0.6993
36.666,1,6.511,-1.646,-1.795,0.0000,-0.7148,0.0000,0.6993
36.696,1,6.511,-1.646,-1.795,0.0000,-0.7148,0.0000,0.6993
36.738,1,6.511,-1.646,-1.795,0.0000,-0.7148,0.0000,0.6993
36.769,1,6.511,-1.646,-1.795,0.0000,-0.7148,0.0000,0.6993
36.798,1,6.511,-1.646,-1.795,0.0000,-0.7148,0.0000,0.6993
36.829,1,6.511,-1.646,-1.795,0.0000,-0.7148,0.0000,0.6993
36.870,1,6.511,-1.646,-1.795,0.0000,-0.7148,0.0000,0.6993
36.901,1,6.511,-1.646,-1.795,0.0000,-0.7148,0.0000,0.6993
36.931,1,6.511,-1.646,-1.795,0.0000,-0.7148,0.0000,0.6993
36.971,1,6.511,-1.646,-1.795,0.0000,-0.7148,0.0000,0.6993
37.002,1,6.511,-1.646,-1.795,0.0000,-0.7148,0.0000,0.6993
37.033,1,6.511,-1.646,-1.795,0.0000,-0.7148,0.0000,0.6993
37.064,1,6.511,-1.646,-1.795,0.0000,-0.7148,0.0000,0.6993
37.104,1,6.511,-1.646,-1.795,0.0000,-0.7148,0.0000,0.6993
37.135,1,6.511,-1.646,-1.795,0.0000,-0.7148,0.0000,0.6993
37.166,1,6.511,-1.646,-1.795,0.0000,-0.7148,0.0000,0.6993
37.196,1,6.511,-1.646,-1.795,0.0000,-0.7148,0.0000,0.6993
37.238,1,6.511,-1.646,-1.795,0.0000,-0.7148,0.0000,0.6993
37.270,1,6.511,-1.646,-1.795,0.0000,-0.7148,0.0000,0.6993
37.301,1,6.511,-1.646,-1.795,0.0000,-0.7148,0.0000,0.6993
37.330,1,6.511,-1.646,-1.795,0.0000,-0.7148,0.0000,0.6993
37.370,1,6.511,-1.646,-1.795,0.0000,-0.7148,0.0000,0.6993
37.401,1,6.511,-1.646,-1.795,0.0000,-0.7148,0.0000,0.6993
37.431,1,6.511,-1.646,-1.795,0.0000,-0.7148,0.0000,0.6993
37.472,1,6.511,-1.646,-1.795,0.0000,-0.7148,0.0000,0.6993
37.502,1,6.511,-1.646,-1.795,0.0000,-0.7148,0.0000,0.6993
37.533,1,6.511,-1.646,-1.795,0.0000,-0.7148,0.0000,0.6993
37.563,1,6.511,-1.646,-1.795,0.0000,-0.7148,0.0000,0.6993
37.604,1,6.511,-1.646,-1.795,0.0000,-0.7148,0.0000,0.6993
37.635,1,6.511,-1.646,-1.795,0.0000,-0.7148,0.0000,0.6993
37.673,1,6.511,-1.646,-1.795,0.0000,-0.7148,0.0000,0.6993
37.702,1,6.511,-1.646,-1.795,0.0000,-0.7148,0.0000,0.6993
37.730,1,6.511,-1.646,-1.795,0.0000,-0.7148,0.0000,0.6993
37.770,1,6.511,-1.646,-1.795,0.0000,-0.7148,0.0000,0.6993
37.800,1,6.511,-1.646,-1.795,0.0000,-0.7148,0.0000,0.6993
37.835,1,6.511,-1.646,-1.795,0.0000,-0.7148,0.0000,0.6993
37.872,1,6.511,-1.646,-1.795,0.0000,-0.7148,0.0000,0.6993
37.904,1,6.511,-1.646,-1.795,0.0000,-0.7148,0.0000,0.6993
37.935,1,6.511,-1.646,-1.795,0.0000,-0.7148,0.0000,0.6993
37.965,1,6.511,-1.646,-1.795,0.0000,-0.7148,0.0000,0.6993
38.004,1,6.511,-1.646,-1.795,0.0000,-0.7148,0.0000,0.6993
38.030,1,6.511,-1.646,-1.795,0.0000,-0.7148,0.0000,0.6993
38.070,1,6.511,-1.646,-1.795,0.0000,-0.7148,0.0000,0.6993
38.099,1,6.511,-1.646,-1.795,0.0000,-0.7148,0.0000,0.6993
38.130,1,6.511,-1.646,-1.795,0.0000,-0.7148,0.0000,0.6993
38.173,1,6.511,-1.646,-1.795,0.0000,-0.7148,0.0000,0.6993
38.203,1,6.511,-1.646,-1.795,0.0000,-0.7148,0.0000,0.6993
38.233,1,6.511,-1.646,-1.795,0.0000,-0.7148,0.0000,0.6993
38.271,1,6.511,-1.646,-1.795,0.0000,-0.7148,0.0000,0.6993
38.303,1,6.511,-1.646,-1.795,0.0000,-0.7148,0.0000,0.6993
38.333,1,6.511,-1.646,-1.795,0.0000,-0.7148,0.0000,0.6993
38.365,1,6.511,-1.646,-1.795,0.0000,-0.7148,0.0000,0.6993
38.396,1,6.511,-1.646,-1.795,0.0000,-0.7148,0.0000,0.6993
38.436,1,6.511,-1.646,-1.795,0.0000,-0.7148,0.0000,0.6993
38.469,1,6.511,-1.646,-1.795,0.0000,-0.7148,0.0000,0.6993
38.499,1,6.511,-1.646,-1.795,0.0000,-0.7148,0.0000,0.6993
38.540,1,6.511,-1.646,-1.795,0.0000,-0.7148,0.0000,0.6993
38.570,1,6.511,-1.646,-1.795,0.0000,-0.7148,0.0000,0.6993
38.600,1,6.511,-1.646,-1.795,0.0000,-0.7148,0.0000,0.6993
38.632,1,6.511,-1.646,-1.795,0.0000,-0.7148,0.0000,0.6993
38.671,1,6.511,-1.646,-1.795,0.0000,-0.7148,0.0000,0.6993
38.703,1,6.511,-1.646,-1.795,0.0000,-0.7148,0.0000,0.6993
38.734,1,6.511,-1.646,-1.795,0.0000,-0.7148,0.0000,0.6993
38.764,1,6.511,-1.646,-1.795,0.0000,-0.7148,0.0000,0.6993
38.806,1,6.511,-1.646,-1.795,0.0000,-0.7148,0.0000,0.6993
38.837,1,6.511,-1.646,-1.795,0.0000,-0.7148,0.0000,0.6993
38.867,1,6.511,-1.646,-1.795,0.0000,-0.7148,0.0000,0.6993
38.898,1,6.511,-1.646,-1.795,0.0000,-0.7148,0.0000,0.6993
38.939,1,6.511,-1.646,-1.795,0.0000,-0.7148,0.0000,0.6993
38.969,1,6.511,-1.646,-1.795,0.0000,-0.7148,0.0000,0.6993
38.999,1,6.511,-1.646,-1.795,0.0000,-0.7148,0.0000,0.6993
39.030,1,6.511,-1.646,-1.795,0.0000,-0.7148,0.0000,0.6993
39.071,1,6.511,-1.646,-1.795,0.0000,-0.7148,0.0000,0.6993
39.102,1,6.511,-1.646,-1.795,0.0000,-0.7148,0.0000,0.6993
39.131,1,6.511,-1.646,-1.795,0.0000,-0.7148,0.0000,0.6993
39.171,1,6.511,-1.646,-1.795,0.0000,-0.7148,0.0000,0.6993
39.201,1,6.511,-1.646,-1.795,0.0000,-0.7148,0.0000,0.6993
39.233,1,6.511,-1.646,-1.795,0.0000,-0.7148,0.0000,0.6993
39.263,1,6.511,-1.646,-1.795,0.0000,-0.7148,0.0000,0.6993
39.303,1,6.511,-1.646,-1.795,0.0000,-0.7148,0.0000,0.6993
39.334,1,6.511,-1.646,-1.795,0.0000,-0.7148,0.0000,0.6993
39.364,1,6.511,-1.646,-1.795,0.0000,-0.7148,0.0000,0.6993
39.404,1,6.511,-1.646,-1.795,0.0000,-0.7148,0.0000,0.6993
39.434,1,6.511,-1.646,-1.795,0.0000,-0.7148,0.0000,0.6993
39.465,1,6.511,-1.646,-1.795,0.0000,-0.7148,0.0000,0.6993
39.505,1,6.511,-1.646,-1.795,0.0000,-0.7148,0.0000,0.6993
39.535,1,6.511,-1.646,-1.795,0.0000,-0.7148,0.0000,0.6993
39.565,1,6.511,-1.646,-1.795,0.0000,-0.7148,0.0000,0.6993
39.596,1,6.511,-1.646,-1.795,0.0000,-0.7148,0.0000,0.6993
39.637,1,6.511,-1.646,-1.795,0.0000,-0.7148,0.0000,0.6993
39.667,1,6.511,-1.646,-1.795,0.0000,-0.7148,0.0000,0.6993
39.697,1,6.511,-1.646,-1.795,0.0000,-0.7148,0.0000,0.6993
39.738,1,6.511,-1.646,-1.795,0.0000,-0.7148,0.0000,0.6993
39.768,1,6.511,-1.646,-1.795,0.0000,-0.7148,0.0000,0.6993
39.799,1,6.511,-1.646,-1.795,0.0000,-0.7148,0.0000,0.6993
39.830,1,6.511,-1.646,-1.795,0.0000,-0.7148,0.0000,0.6993
39.870,1,6.511,-1.646,-1.795,0.0000,-0.7148,0.0000,0.6993
39.901,1,6.511,-1.646,-1.795,0.0000,-0.7148,0.0000,0.6993
39.932,1,6.511,-1.646,-1.795,0.0000,-0.7148,0.0000,0.6993
39.962,1,6.511,-1.646,-1.795,0.0000,-0.7148,0.0000,0.6993
40.003,1,6.511,-1.646,-1.795,0.0000,-0.7148,0.0000,0.6993
40.034,1,6.511,-1.646,-1.795,0.0000,-0.7148,0.0000,0.6993
40.064,1,6.511,-1.646,-1.795,0.0000,-0.7148,0.0000,0.6993
40.105,1,6.511,-1.646,-1.795,0.0000,-0.7148,0.0000,0.6993
40.136,1,6.511,-1.646,-1.795,0.0000,-0.7148,0.0000,0.6993
40.167,1,6.511,-1.646,-1.795,0.0000,-0.7148,0.0000,0.6993
40.198,1,6.511,-1.646,-1.795,0.0000,-0.7148,0.0000,0.6993
40.238,1,6.511,-1.646,-1.795,0.0000,-0.7148,0.0000,0.6993
40.269,1,6.511,-1.646,-1.795,0.0000,-0.7148,0.0000,0.6993
40.299,1,6.511,-1.646,-1.795,0.0000,-0.7148,0.0000,0.6993
40.330,1,6.511,-1.646,-1.795,0.0000,-0.7148,0.0000,0.6993
40.371,1,6.511,-1.646,-1.795,0.0000,-0.7148,0.0000,0.6993
40.401,1,6.511,-1.646,-1.795,0.0000,-0.7148,0.0000,0.6993
40.432,1,6.511,-1.646,-1.795,0.0000,-0.7148,0.0000,0.6993
40.463,1,6.511,-1.646,-1.795,0.0000,-0.7148,0.0000,0.6993
40.504,1,6.511,-1.646,-1.795,0.0000,-0.7148,0.0000,0.6993
40.535,1,6.511,-1.646,-1.795,0.0000,-0.7148,0.0000,0.6993
40.566,1,6.511,-1.646,-1.795,0.0000,-0.7148,0.0000,0.6993
40.596,1,6.511,-1.646,-1.795,0.0000,-0.7148,0.0000,0.6993
40.638,1,6.511,-1.646,-1.795,0.0000,-0.7148,0.0000,0.6993
40.669,1,6.511,-1.646,-1.795,0.0000,-0.7148,0.0000,0.6993
40.702,1,6.511,-1.646,-1.795,0.0000,-0.7148,0.0000,0.6993
40.732,1,6.511,-1.646,-1.795,0.0000,-0.7148,0.0000,0.6993
40.762,1,6.511,-1.646,-1.795,0.0000,-0.7148,0.0000,0.6993
40.802,1,6.511,-1.646,-1.795,0.0000,-0.7148,0.0000,0.6993
40.833,1,6.511,-1.646,-1.795,0.0000,-0.7148,0.0000,0.6993
40.863,1,6.511,-1.646,-1.795,0.0000,-0.7148,0.0000,0.6993
40.904,1,6.511,-1.646,-1.795,0.0000,-0.7148,0.0000,0.6993
40.935,1,6.511,-1.646,-1.795,0.0000,-0.7148,0.0000,0.6993
40.966,1,6.511,-1.646,-1.795,0.0000,-0.7148,0.0000,0.6993
41.003,1,6.511,-1.646,-1.795,0.0000,-0.7148,0.0000,0.6993
41.039,1,6.511,-1.646,-1.795,0.0000,-0.7148,0.0000,0.6993
41.064,1,6.511,-1.646,-1.795,0.0000,-0.7148,0.0000,0.6993
41.111,1,6.511,-1.646,-1.795,0.0000,-0.7148,0.0000,0.6993
41.135,1,6.511,-1.646,-1.795,0.0000,-0.7148,0.0000,0.6993
41.163,1,6.511,-1.646,-1.795,0.0000,-0.7148,0.0000,0.6993
41.197,1,6.511,-1.646,-1.795,0.0000,-0.7148,0.0000,0.6993
41.235,1,6.511,-1.646,-1.795,0.0000,-0.7148,0.0000,0.6993
41.265,1,6.511,-1.646,-1.795,0.0000,-0.7148,0.0000,0.6993
41.306,1,6.511,-1.646,-1.795,0.0000,-0.7148,0.0000,0.6993
41.337,1,6.511,-1.646,-1.795,0.0000,-0.7148,0.0000,0.6993
41.368,1,6.511,-1.646,-1.795,0.0000,-0.7148,0.0000,0.6993
41.398,1,6.511,-1.646,-1.795,0.0000,-0.7148,0.0000,0.6993
41.429,1,6.511,-1.646,-1.795,0.0000,-0.7148,0.0000,0.6993
41.470,1,6.511,-1.646,-1.795,0.0000,-0.7148,0.0000,0.6993
41.501,1,6.511,-1.646,-1.795,0.0000,-0.7148,0.0000,0.6993
41.532,1,6.511,-1.646,-1.795,0.0000,-0.7148,0.0000,0.6993
41.572,1,6.511,-1.646,-1.795,0.0000,-0.7148,0.0000,0.6993
41.603,1,6.511,-1.646,-1.795,0.0000,-0.7148,0.0000,0.6993
41.633,1,6.511,-1.646,-1.795,0.0000,-0.7148,0.0000,0.6993
41.664,1,6.511,-1.646,-1.795,0.0000,-0.7148,0.0000,0.6993
41.705,1,6.511,-1.646,-1.795,0.0000,-0.7148,0.0000,0.6993
41.736,1,6.511,-1.646,-1.795,0.0000,-0.7148,0.0000,0.6993
41.766,1,6.511,-1.646,-1.795,0.0000,-0.7148,0.0000,0.6993
41.797,1,6.511,-1.646,-1.795,0.0000,-0.7148,0.0000,0.6993
41.837,1,6.511,-1.646,-1.795,0.0000,-0.7148,0.0000,0.6993
41.869,1,6.511,-1.646,-1.795,0.0000,-0.7148,0.0000,0.6993
41.899,1,6.511,-1.646,-1.795,0.0000,-0.7148,0.0000,0.6993
41.932,1,6.511,-1.646,-1.795,0.0000,-0.7148,0.0000,0.6993
41.964,1,6.511,-1.646,-1.795,0.0000,-0.7148,0.0000,0.6993
42.004,1,6.511,-1.646,-1.795,0.0000,-0.7148,0.0000,0.6993
42.034,1,6.511,-1.646,-1.795,0.0000,-0.7148,0.0000,0.6993
42.065,1,6.511,-1.646,-1.795,0.0000,-0.7148,0.0000,0.6993
42.096,1,6.511,-1.646,-1.795,0.0000,-0.7148,0.0000,0.6993
42.137,1,6.511,-1.646,-1.795,0.0000,-0.7148,0.0000,0.6993
42.167,1,6.511,-1.646,-1.795,0.0000,-0.7148,0.0000,0.6993
42.199,1,6.511,-1.646,-1.795,0.0000,-0.7148,0.0000,0.6993
42.229,1,6.511,-1.646,-1.795,0.0000,-0.7148,0.0000,0.6993
42.270,1,6.511,-1.646,-1.795,0.0000,-0.7148,0.0000,0.6993
42.300,1,6.511,-1.646,-1.795,0.0000,-0.7148,0.0000,0.6993
42.332,1,6.511,-1.646,-1.795,0.0000,-0.7148,0.0000,0.6993
42.362,1,6.511,-1.646,-1.795,0.0000,-0.7148,0.0000,0.6993
42.403,1,6.511,-1.646,-1.795,0.0000,-0.7148,0.0000,0.6993
42.433,1,6.511,-1.646,-1.795,0.0000,-0.7148,0.0000,0.6993
42.463,1,6.511,-1.646,-1.795,0.0000,-0.7148,0.0000,0.6993
42.504,1,6.511,-1.646,-1.795,0.0000,-0.7148,0.0000,0.6993
42.534,1,6.511,-1.646,-1.795,0.0000,-0.7148,0.0000,0.6993
42.564,1,6.511,-1.646,-1.795,0.0000,-0.7148,0.0000,0.6993
42.604,1,6.511,-1.646,-1.795,0.0000,-0.7148,0.0000,0.6993
42.634,1,6.511,-1.646,-1.795,0.0000,-0.7148,0.0000,0.6993
42.665,1,6.511,-1.646,-1.795,0.0000,-0.7148,0.0000,0.6993
42.696,1,6.511,-1.646,-1.795,0.0000,-0.7148,0.0000,0.6993
42.737,1,6.511,-1.646,-1.795,0.0000,-0.7148,0.0000,0.6993
42.768,1,6.511,-1.646,-1.795,0.0000,-0.7148,0.0000,0.6993
42.798,1,6.511,-1.646,-1.795,0.0000,-0.7148,0.0000,0.6993
42.829,1,6.511,-1.646,-1.795,0.0000,-0.7148,0.0000,0.6993
42.869,1,6.511,-1.646,-1.795,0.0000,-0.7148,0.0000,0.6993
42.899,1,6.511,-1.646,-1.795,0.0000,-0.7148,0.0000,0.6993
42.930,1,6.511,-1.646,-1.795,0.0000,-0.7148,0.0000,0.6993
42.972,1,6.511,-1.646,-1.795,0.0000,-0.7148,0.0000,0.6993
43.002,1,6.511,-1.646,-1.795,0.0000,-0.7148,0.0000,0.6993
43.031,1,6.511,-1.646,-1.795,0.0000,-0.7148,0.0000,0.6993
43.073,1,6.511,-1.646,-1.795,0.0000,-0.7148,0.0000,0.6993
43.102,1,6.511,-1.646,-1.795,0.0000,-0.7148,0.0000,0.6993
43.133,1,6.511,-1.646,-1.795,0.0000,-0.7148,0.0000,0.6993
43.164,1,6.511,-1.646,-1.795,0.0000,-0.7148,0.0000,0.6993
43.204,1,6.511,-1.646,-1.795,0.0000,-0.7148,0.0000,0.6993
43.234,1,6.511,-1.646,-1.795,0.0000,-0.7148,0.0000,0.6993
43.265,1,6.511,-1.646,-1.795,0.0000,-0.7148,0.0000,0.6993
43.306,1,6.511,-1.646,-1.795,0.0000,-0.7148,0.0000,0.6993
43.338,1,6.511,-1.646,-1.795,0.0000,-0.7148,0.0000,0.6993
43.368,1,6.511,-1.646,-1.795,0.0000,-0.7148,0.0000,0.6993
43.398,1,6.511,-1.646,-1.795,0.0000,-0.7148,0.0000,0.6993
43.429,1,6.511,-1.646,-1.795,0.0000,-0.7148,0.0000,0.6993
43.470,1,6.511,-1.646,-1.795,0.0000,-0.7148,0.0000,0.6993
43.501,1,6.511,-1.646,-1.795,0.0000,-0.7148,0.0000,0.6993
43.532,1,6.511,-1.646,-1.795,0.0000,-0.7148,0.0000,0.6993
43.563,1,6.511,-1.646,-1.795,0.0000,-0.7148,0.0000,0.6993
43.603,1,6.511,-1.646,-1.795,0.0000,-0.7148,0.0000,0.6993
43.634,1,6.511,-1.646,-1.795,0.0000,-0.7148,0.0000,0.6993
43.665,1,6.511,-1.646,-1.795,0.0000,-0.7148,0.0000,0.6993
43.706,1,6.511,-1.646,-1.795,0.0000,-0.7148,0.0000,0.6993
43.736,1,6.511,-1.646,-1.795,0.0000,-0.7148,0.0000,0.6993
43.767,1,6.511,-1.646,-1.795,0.0000,-0.7148,0.0000,0.6993
43.798,1,6.511,-1.646,-1.795,0.0000,-0.7148,0.0000,0.6993
43.829,1,6.511,-1.646,-1.795,0.0000,-0.7148,0.0000,0.6993
43.869,1,6.511,-1.646,-1.795,0.0000,-0.7148,0.0000,0.6993
43.900,1,6.511,-1.646,-1.795,0.0000,-0.7148,0.0000,0.6993
43.931,1,6.511,-1.646,-1.795,0.0000,-0.7148,0.0000,0.6993
43.962,1,6.511,-1.646,-1.795,0.0000,-0.7148,0.0000,0.6993
44.002,1,6.511,-1.646,-1.795,0.0000,-0.7148,0.0000,0.6993
44.033,1,6.511,-1.646,-1.795,0.0000,-0.7148,0.0000,0.6993
44.063,1,6.511,-1.646,-1.795,0.0000,-0.7148,0.0000,0.6993
44.104,1,6.511,-1.646,-1.795,0.0000,-0.7148,0.0000,0.6993
44.134,1,6.511,-1.646,-1.795,0.0000,-0.7148,0.0000,0.6993
44.165,1,6.511,-1.646,-1.795,0.0000,-0.7148,0.0000,0.6993
44.206,1,6.511,-1.646,-1.795,0.0000,-0.7148,0.0000,0.6993
44.237,1,6.511,-1.646,-1.795,0.0000,-0.7148,0.0000,0.6993
44.267,1,6.511,-1.646,-1.795,0.0000,-0.7148,0.0000,0.6993
44.298,1,6.511,-1.646,-1.795,0.0000,-0.7148,0.0000,0.6993
44.339,1,6.511,-1.646,-1.795,0.0000,-0.7148,0.0000,0.6993
44.370,1,6.511,-1.646,-1.795,0.0000,-0.7148,0.0000,0.6993
44.401,1,6.511,-1.646,-1.795,0.0000,-0.7148,0.0000,0.6993
44.431,1,6.511,-1.646,-1.795,0.0000,-0.7148,0.0000,0.6993
44.472,1,6.511,-1.646,-1.795,0.0000,-0.7148,0.0000,0.6993
44.502,1,6.511,-1.646,-1.795,0.0000,-0.7148,0.0000,0.6993
44.535,1,6.511,-1.646,-1.795,0.0000,-0.7148,0.0000,0.6993
44.564,1,6.511,-1.646,-1.795,0.0000,-0.7148,0.0000,0.6993
44.605,1,6.511,-1.646,-1.795,0.0000,-0.7148,0.0000,0.6993
44.636,1,6.511,-1.646,-1.795,0.0000,-0.7148,0.0000,0.6993
44.668,1,6.511,-1.646,-1.795,0.0000,-0.7148,0.0000,0.6993
44.699,1,6.511,-1.646,-1.795,0.0000,-0.7148,0.0000,0.6993
44.729,1,6.511,-1.646,-1.795,0.0000,-0.7148,0.0000,0.6993
44.771,1,6.511,-1.646,-1.795,0.0000,-0.7148,0.0000,0.6993
44.801,1,6.511,-1.646,-1.795,0.0000,-0.7148,0.0000,0.6993
44.833,1,6.511,-1.646,-1.795,0.0000,-0.7148,0.0000,0.6993
44.863,1,6.511,-1.646,-1.795,0.0000,-0.7148,0.0000,0.6993
44.905,1,6.511,-1.646,-1.795,0.0000,-0.7148,0.0000,0.6993
44.936,1,6.511,-1.646,-1.795,0.0000,-0.7148,0.0000,0.6993
44.966,1,6.511,-1.646,-1.795,0.0000,-0.7148,0.0000,0.6993
44.998,1,6.511,-1.646,-1.795,0.0000,-0.7148,0.0000,0.6993
45.029,1,6.511,-1.646,-1.795,0.0000,-0.7148,0.0000,0.6993
45.070,1,6.511,-1.646,-1.795,0.0000,-0.7148,0.0000,0.6993
45.101,1,6.511,-1.646,-1.795,0.0000,-0.7148,0.0000,0.6993
45.131,1,6.511,-1.646,-1.795,0.0000,-0.7148,0.0000,0.6993
45.172,1,6.511,-1.646,-1.795,0.0000,-0.7148,0.0000,0.6993
45.203,1,6.511,-1.646,-1.795,0.0000,-0.7148,0.0000,0.6993
45.234,1,6.511,-1.646,-1.795,0.0000,-0.7148,0.0000,0.6993
45.264,1,6.511,-1.646,-1.795,0.0000,-0.7148,0.0000,0.6993
45.305,1,6.511,-1.646,-1.795,0.0000,-0.7148,0.0000,0.6993
45.336,1,6.511,-1.646,-1.795,0.0000,-0.7148,0.0000,0.6993
45.367,1,6.511,-1.646,-1.795,0.0000,-0.7148,0.0000,0.6993
45.398,1,6.511,-1.646,-1.795,0.0000,-0.7148,0.0000,0.6993
45.429,1,6.511,-1.646,-1.795,0.0000,-0.7148,0.0000,0.6993
45.469,1,6.511,-1.646,-1.795,0.0000,-0.7148,0.0000,0.6993
45.501,1,6.511,-1.646,-1.795,0.0000,-0.7148,0.0000,0.6993
45.532,1,6.511,-1.646,-1.795,0.0000,-0.7148,0.0000,0.6993
45.562,1,6.511,-1.646,-1.795,0.0000,-0.7148,0.0000,0.6993
45.605,1,6.511,-1.646,-1.795,0.0000,-0.7148,0.0000,0.6993
45.636,1,6.511,-1.646,-1.795,0.0000,-0.7148,0.0000,0.6993
45.666,1,6.511,-1.646,-1.795,0.0000,-0.7148,0.0000,0.6993
45.697,1,6.511,-1.646,-1.795,0.0000,-0.7148,0.0000,0.6993
45.738,1,6.511,-1.646,-1.795,0.0000,-0.7148,0.0000,0.6993
45.769,1,6.511,-1.646,-1.795,0.0000,-0.7148,0.0000,0.6993
45.799,1,6.511,-1.646,-1.795,0.0000,-0.7148,0.0000,0.6993
45.830,1,6.511,-1.646,-1.795,0.0000,-0.7148,0.0000,0.6993
45.870,1,6.511,-1.646,-1.795,0.0000,-0.7148,0.0000,0.6993
45.900,1,6.511,-1.646,-1.795,0.0000,-0.7148,0.0000,0.6993
45.931,1,6.511,-1.646,-1.795,0.0000,-0.7148,0.0000,0.6993
45.971,1,6.511,-1.646,-1.795,0.0000,-0.7148,0.0000,0.6993
46.001,1,6.511,-1.646,-1.795,0.0000,-0.7148,0.0000,0.6993
46.032,1,6.511,-1.646,-1.795,0.0000,-0.7148,0.0000,0.6993
46.062,1,6.511,-1.646,-1.795,0.0000,-0.7148,0.0000,0.6993
46.110,1,6.511,-1.646,-1.795,0.0000,-0.7148,0.0000,0.6993
46.137,1,6.511,-1.646,-1.795,0.0000,-0.7148,0.0000,0.6993
46.170,1,6.511,-1.646,-1.795,0.0000,-0.7148,0.0000,0.6993
46.201,1,6.511,-1.646,-1.795,0.0000,-0.7148,0.0000,0.6993
46.233,1,6.511,-1.646,-1.795,0.0000,-0.7148,0.0000,0.6993
46.264,1,6.511,-1.646,-1.795,0.0000,-0.7148,0.0000,0.6993
46.296,1,6.511,-1.646,-1.795,0.0000,-0.7148,0.0000,0.6993
46.329,1,6.511,-1.646,-1.795,0.0000,-0.7148,0.0000,0.6993
46.371,1,6.511,-1.646,-1.795,0.0000,-0.7148,0.0000,0.6993
46.404,1,6.511,-1.646,-1.795,0.0000,-0.7148,0.0000,0.6993
46.437,1,6.511,-1.646,-1.795,0.0000,-0.7148,0.0000,0.6993
46.469,1,6.511,-1.646,-1.795,0.0000,-0.7148,0.0000,0.6993
46.503,1,6.511,-1.646,-1.795,0.0000,-0.7148,0.0000,0.6993
46.537,1,6.511,-1.646,-1.795,0.0000,-0.7148,0.0000,0.6993
46.570,1,6.511,-1.646,-1.795,0.0000,-0.7148,0.0000,0.6993
46.602,1,6.511,-1.646,-1.795,0.0000,-0.7148,0.0000,0.6993
46.632,1,6.511,-1.646,-1.795,0.0000,-0.7148,0.0000,0.6993
46.665,1,6.511,-1.646,-1.795,0.0000,-0.7148,0.0000,0.6993
46.697,1,6.511,-1.646,-1.795,0.0000,-0.7148,0.0000,0.6993
46.729,1,6.511,-1.646,-1.795,0.0000,-0.7148,0.0000,0.6993
46.769,1,6.511,-1.646,-1.795,0.0000,-0.7148,0.0000,0.6993
46.804,1,6.511,-1.646,-1.795,0.0000,-0.7148,0.0000,0.6993
46.836,1,6.511,-1.646,-1.795,0.0000,-0.7148,0.0000,0.6993
46.866,1,6.511,-1.646,-1.795,0.0000,-0.7148,0.0000,0.6993
46.897,1,6.511,-1.646,-1.795,0.0000,-0.7148,0.0000,0.6993
46.936,1,6.511,-1.646,-1.795,0.0000,-0.7148,0.0000,0.6993
46.965,1,6.511,-1.646,-1.795,0.0000,-0.7148,0.0000,0.6993
47.002,1,6.511,-1.646,-1.795,0.0000,-0.7148,0.0000,0.6993
47.033,1,6.511,-1.646,-1.795,0.0000,-0.7148,0.0000,0.6993
47.063,1,6.511,-1.646,-1.795,0.0000,-0.7148,0.0000,0.6993
47.096,1,6.511,-1.646,-1.795,0.0000,-0.7148,0.0000,0.6993
47.137,1,6.511,-1.646,-1.795,0.0000,-0.7148,0.0000,0.6993
47.169,1,6.511,-1.646,-1.795,0.0000,-0.7148,0.0000,0.6993
47.196,1,6.511,-1.646,-1.795,0.0000,-0.7148,0.0000,0.6993
47.236,1,6.511,-1.646,-1.795,0.0000,-0.7148,0.0000,0.6993
47.272,1,6.511,-1.646,-1.795,0.0000,-0.7148,0.0000,0.6993
47.300,1,6.511,-1.646,-1.795,0.0000,-0.7148,0.0000,0.6993
47.333,1,6.511,-1.646,-1.795,0.0000,-0.7148,0.0000,0.6993
47.367,1,6.511,-1.646,-1.795,0.0000,-0.7148,0.0000,0.6993
47.400,1,6.511,-1.646,-1.795,0.0000,-0.7148,0.0000,0.6993
47.430,1,6.511,-1.646,-1.795,0.0000,-0.7148,0.0000,0.6993
47.462,1,6.511,-1.646,-1.795,0.0000,-0.7148,0.0000,0.6993
47.503,1,6.511,-1.646,-1.795,0.0000,-0.7148,0.0000,0.6993
47.533,1,6.511,-1.646,-1.795,0.0000,-0.7148,0.0000,0.6993
47.571,1,6.511,-1.646,-1.795,0.0000,-0.7148,0.0000,0.6993
47.601,1,6.511,-1.646,-1.795,0.0000,-0.7148,0.0000,0.6993
47.630,1,6.511,-1.646,-1.795,0.0000,-0.7148,0.0000,0.6993
47.669,1,6.511,-1.646,-1.795,0.0000,-0.7148,0.0000,0.6993
47.697,1,6.511,-1.646,-1.795,0.0000,-0.7148,0.0000,0.6993
47.737,1,6.511,-1.646,-1.795,0.0000,-0.7148,0.0000,0.6993
47.768,1,6.511,-1.646,-1.795,0.0000,-0.7148,0.0000,0.6993
47.799,1,6.511,-1.646,-1.795,0.0000,-0.7148,0.0000,0.6993
47.831,1,6.511,-1.646,-1.795,0.0000,-0.7148,0.0000,0.6993
47.873,1,6.511,-1.646,-1.795,0.0000,-0.7148,0.0000,0.6993
47.902,1,6.511,-1.646,-1.795,0.0000,-0.7148,0.0000,0.6993
47.933,1,6.511,-1.646,-1.795,0.0000,-0.7148,0.0000,0.6993
47.964,1,6.511,-1.646,-1.795,0.0000,-0.7148,0.0000,0.6993
48.005,1,6.511,-1.646,-1.795,0.0000,-0.7148,0.0000,0.6993
48.036,1,6.511,-1.646,-1.795,0.0000,-0.7148,0.0000,0.6993
48.069,1,6.511,-1.646,-1.795,0.0000,-0.7148,0.0000,0.6993
48.097,1,6.511,-1.646,-1.795,0.0000,-0.7148,0.0000,0.6993
48.138,1,6.511,-1.646,-1.795,0.0000,-0.7148,0.0000,0.6993
48.168,1,6.511,-1.646,-1.795,0.0000,-0.7148,0.0000,0.6993
48.199,1,6.511,-1.646,-1.795,0.0000,-0.7148,0.0000,0.6993
48.230,1,6.511,-1.646,-1.795,0.0000,-0.7148,0.0000,0.6993
48.272,1,6.511,-1.646,-1.795,0.0000,-0.7148,0.0000,0.6993
48.303,1,6.511,-1.646,-1.795,0.0000,-0.7148,0.0000,0.6993
48.333,1,6.511,-1.646,-1.795,0.0000,-0.7148,0.0000,0.6993
48.363,1,6.511,-1.646,-1.795,0.0000,-0.7148,0.0000,0.6993
48.407,1,6.511,-1.646,-1.795,0.0000,-0.7148,0.0000,0.6993
48.436,1,6.511,-1.646,-1.795,0.0000,-0.7148,0.0000,0.6993
48.466,1,6.511,-1.646,-1.795,0.0000,-0.7148,0.0000,0.6993
48.497,1,6.511,-1.646,-1.795,0.0000,-0.7148,0.0000,0.6993
48.538,1,6.511,-1.646,-1.795,0.0000,-0.7148,0.0000,0.6993
48.569,1,6.511,-1.646,-1.795,0.0000,-0.7148,0.0000,0.6993
48.599,1,6.511,-1.646,-1.795,0.0000,-0.7148,0.0000,0.6993
48.629,1,6.511,-1.646,-1.795,0.0000,-0.7148,0.0000,0.6993
48.671,1,6.511,-1.646,-1.795,0.0000,-0.7148,0.0000,0.6993
48.703,1,6.511,-1.646,-1.795,0.0000,-0.7148,0.0000,0.6993
48.734,1,6.511,-1.646,-1.795,0.0000,-0.7148,0.0000,0.6993
48.764,1,6.511,-1.646,-1.795,0.0000,-0.7148,0.0000,0.6993
48.805,1,6.511,-1.646,-1.795,0.0000,-0.7148,0.0000,0.6993
48.836,1,6.511,-1.646,-1.795,0.0000,-0.7148,0.0000,0.6993
48.868,1,6.511,-1.646,-1.795,0.0000,-0.7148,0.0000,0.6993
48.898,1,6.511,-1.646,-1.795,0.0000,-0.7148,0.0000,0.6993
48.929,1,6.511,-1.646,-1.795,0.0000,-0.7148,0.0000,0.6993
48.974,1,6.511,-1.646,-1.795,0.0000,-0.7148,0.0000,0.6993
49.005,1,6.511,-1.646,-1.795,0.0000,-0.7148,0.0000,0.6993
49.042,1,6.511,-1.646,-1.795,0.0000,-0.7148,0.0000,0.6993
49.066,1,6.511,-1.646,-1.795,0.0000,-0.7148,0.0000,0.6993
49.098,1,6.511,-1.646,-1.795,0.0000,-0.7148,0.0000,0.6993
49.131,1,6.511,-1.646,-1.795,0.0000,-0.7148,0.0000,0.6993
49.164,1,6.511,-1.646,-1.795,0.0000,-0.7148,0.0000,0.6993
49.198,1,6.511,-1.646,-1.795,0.0000,-0.7148,0.0000,0.6993
49.236,1,6.511,-1.646,-1.795,0.0000,-0.7148,0.0000,0.6993
49.265,1,6.511,-1.646,-1.795,0.0000,-0.7148,0.0000,0.6993
49.301,1,6.511,-1.646,-1.795,0.0000,-0.7148,0.0000,0.6993
49.329,1,6.511,-1.646,-1.795,0.0000,-0.7148,0.0000,0.6993
49.369,1,6.511,-1.646,-1.795,0.0000,-0.7148,0.0000,0.6993
49.398,1,6.511,-1.646,-1.795,0.0000,-0.7148,0.0000,0.6993
49.438,1,6.511,-1.646,-1.795,0.0000,-0.7148,0.0000,0.6993
49.462,1,6.511,-1.646,-1.795,0.0000,-0.7148,0.0000,0.6993
49.501,1,6.511,-1.646,-1.795,0.0000,-0.7148,0.0000,0.6993
49.532,1,6.511,-1.646,-1.795,0.0000,-0.7148,0.0000,0.6993
49.562,1,6.511,-1.646,-1.795,0.0000,-0.7148,0.0000,0.6993
49.604,1,6.511,-1.646,-1.795,0.0000,-0.7148,0.0000,0.6993
49.633,1,6.511,-1.646,-1.795,0.0000,-0.7148,0.0000,0.6993
49.664,1,6.511,-1.646,-1.795,0.0000,-0.7148,0.0000,0.6993
49.704,1,6.511,-1.646,-1.795,0.0000,-0.7148,0.0000,0.6993
49.735,1,6.511,-1.646,-1.795,0.0000,-0.7148,0.0000,0.6993
49.765,1,6.511,-1.646,-1.795,0.0000,-0.7148,0.0000,0.6993
49.795,1,6.511,-1.646,-1.795,0.0000,-0.7148,0.0000,0.6993
49.837,1,6.511,-1.646,-1.795,0.0000,-0.7148,0.0000,0.6993
49.868,1,6.511,-1.646,-1.795,0.0000,-0.7148,0.0000,0.6993
49.897,1,6.511,-1.646,-1.795,0.0000,-0.7148,0.0000,0.6993
49.929,1,6.511,-1.646,-1.795,0.0000,-0.7148,0.0000,0.6993
49.969,1,6.511,-1.646,-1.795,0.0000,-0.7148,0.0000,0.6993
50.000,1,6.511,-1.646,-1.795,0.0000,-0.7148,0.0000,0.6993
50.033,1,6.511,-1.646,-1.795,0.0000,-0.7148,0.0000,0.6993
50.071,1,6.511,-1.646,-1.795,0.0000,-0.7148,0.0000,0.6993
50.102,1,6.511,-1.646,-1.795,0.0000,-0.7148,0.0000,0.6993
50.132,1,6.511,-1.646,-1.795,0.0000,-0.7148,0.0000,0.6993
50.164,1,6.511,-1.646,-1.795,0.0000,-0.7148,0.0000,0.6993
50.205,1,6.511,-1.646,-1.795,0.0000,-0.7148,0.0000,0.6993
50.235,1,6.511,-1.646,-1.795,0.0000,-0.7148,0.0000,0.6993
50.266,1,6.511,-1.646,-1.795,0.0000,-0.7148,0.0000,0.6993
50.296,1,6.511,-1.646,-1.795,0.0000,-0.7148,0.0000,0.6993
50.338,1,6.511,-1.646,-1.795,0.0000,-0.7148,0.0000,0.6993
50.369,1,6.511,-1.646,-1.795,0.0000,-0.7148,0.0000,0.6993
50.399,1,6.511,-1.646,-1.795,0.0000,-0.7148,0.0000,0.6993
50.430,1,6.511,-1.646,-1.795,0.0000,-0.7148,0.0000,0.6993
50.472,1,6.511,-1.646,-1.795,0.0000,-0.7148,0.0000,0.6993
50.503,1,6.511,-1.646,-1.795,0.0000,-0.7148,0.0000,0.6993
50.533,1,6.511,-1.646,-1.795,0.0000,-0.7148,0.0000,0.6993
50.563,1,6.511,-1.646,-1.795,0.0000,-0.7148,0.0000,0.6993
50.605,1,6.511,-1.646,-1.795,0.0000,-0.7148,0.0000,0.6993
50.635,1,6.511,-1.646,-1.795,0.0000,-0.7148,0.0000,0.6993
50.667,1,6.511,-1.646,-1.795,0.0000,-0.7148,0.0000,0.6993
50.698,1,6.511,-1.646,-1.795,0.0000,-0.7148,0.0000,0.6993
50.739,1,6.511,-1.646,-1.795,0.0000,-0.7148,0.0000,0.6993
50.772,1,6.511,-1.646,-1.795,0.0000,-0.7148,0.0000,0.6993
50.801,1,6.511,-1.646,-1.795,0.0000,-0.7148,0.0000,0.6993
50.832,1,6.511,-1.646,-1.795,0.0000,-0.7148,0.0000,0.6993
50.862,1,6.511,-1.646,-1.795,0.0000,-0.7148,0.0000,0.6993
50.903,1,6.511,-1.646,-1.795,0.0000,-0.7148,0.0000,0.6993
50.933,1,6.511,-1.646,-1.795,0.0000,-0.7148,0.0000,0.6993
50.965,1,6.511,-1.646,-1.795,0.0000,-0.7148,0.0000,0.6993
51.005,1,6.511,-1.646,-1.795,0.0000,-0.7148,0.0000,0.6993
51.036,1,6.511,-1.646,-1.795,0.0000,-0.7148,0.0000,0.6993
51.067,1,6.511,-1.646,-1.795,0.0000,-0.7148,0.0000,0.6993
51.097,1,6.511,-1.646,-1.795,0.0000,-0.7148,0.0000,0.6993
51.139,1,6.511,-1.646,-1.795,0.0000,-0.7148,0.0000,0.6993
51.170,1,6.511,-1.646,-1.795,0.0000,-0.7148,0.0000,0.6993
51.200,1,6.511,-1.646,-1.795,0.0000,-0.7148,0.0000,0.6993
51.231,1,6.511,-1.646,-1.795,0.0000,-0.7148,0.0000,0.6993
51.271,1,6.511,-1.646,-1.795,0.0000,-0.7148,0.0000,0.6993
51.302,1,6.511,-1.646,-1.795,0.0000,-0.7148,0.0000,0.6993
51.333,1,6.511,-1.646,-1.795,0.0000,-0.7148,0.0000,0.6993
51.364,1,6.511,-1.646,-1.795,0.0000,-0.7148,0.0000,0.6993
51.405,1,6.511,-1.646,-1.795,0.0000,-0.7148,0.0000,0.6993
51.435,1,6.511,-1.646,-1.795,0.0000,-0.7148,0.0000,0.6993
51.466,1,6.511,-1.646,-1.795,0.0000,-0.7148,0.0000,0.6993
51.497,1,6.511,-1.646,-1.795,0.0000,-0.7148,0.0000,0.6993
51.538,1,6.511,-1.646,-1.795,0.0000,-0.7148,0.0000,0.6993
51.569,1,6.511,-1.646,-1.795,0.0000,-0.7148,0.0000,0.6993
51.599,1,6.511,-1.646,-1.795,0.0000,-0.7148,0.0000,0.6993
51.630,1,6.511,-1.646,-1.795,0.0000,-0.7148,0.0000,0.6993
51.672,1,6.511,-1.646,-1.795,0.0000,-0.7148,0.0000,0.6993
51.702,1,6.511,-1.646,-1.795,0.0000,-0.7148,0.0000,0.6993
51.734,1,6.511,-1.646,-1.795,0.0000,-0.7148,0.0000,0.6993
51.768,1,6.511,-1.646,-1.795,0.0000,-0.7148,0.0000,0.6993
51.800,1,6.511,-1.646,-1.795,0.0000,-0.7148,0.0000,0.6993
51.830,1,6.511,-1.646,-1.795,0.0000,-0.7148,0.0000,0.6993
51.870,1,6.511,-1.646,-1.795,0.0000,-0.7148,0.0000,0.6993
51.903,1,6.511,-1.646,-1.795,0.0000,-0.7148,0.0000,0.6993
51.936,1,6.511,-1.646,-1.795,0.0000,-0.7148,0.0000,0.6993
51.966,1,6.511,-1.646,-1.795,0.0000,-0.7148,0.0000,0.6993
51.998,1,6.511,-1.646,-1.795,0.0000,-0.7148,0.0000,0.6993
52.035,1,6.511,-1.646,-1.795,0.0000,-0.7148,0.0000,0.6993
52.064,1,6.511,-1.646,-1.795,0.0000,-0.7148,0.0000,0.6993
52.105,1,6.511,-1.646,-1.795,0.0000,-0.7148,0.0000,0.6993
52.135,1,6.511,-1.646,-1.795,0.0000,-0.7148,0.0000,0.6993
52.168,1,6.511,-1.646,-1.795,0.0000,-0.7148,0.0000,0.6993
52.197,1,6.511,-1.646,-1.795,0.0000,-0.7148,0.0000,0.6993
52.229,1,6.511,-1.646,-1.795,0.0000,-0.7148,0.0000,0.6993
52.269,1,6.511,-1.646,-1.795,0.0000,-0.7148,0.0000,0.6993
52.300,1,6.511,-1.646,-1.795,0.0000,-0.7148,0.0000,0.6993
52.332,1,6.511,-1.646,-1.795,0.0000,-0.7148,0.0000,0.6993
52.362,1,6.511,-1.646,-1.795,0.0000,-0.7148,0.0000,0.6993
52.403,1,6.511,-1.646,-1.795,0.0000,-0.7148,0.0000,0.6993
52.434,1,6.511,-1.646,-1.795,0.0000,-0.7148,0.0000,0.6993
52.464,1,6.511,-1.646,-1.795,0.0000,-0.7148,0.0000,0.6993
52.496,1,6.511,-1.646,-1.795,0.0000,-0.7148,0.0000,0.6993
52.538,1,6.511,-1.646,-1.795,0.0000,-0.7148,0.0000,0.6993
52.568,1,6.511,-1.646,-1.795,0.0000,-0.7148,0.0000,0.6993
52.599,1,6.511,-1.646,-1.795,0.0000,-0.7148,0.0000,0.6993
52.631,1,6.511,-1.646,-1.795,0.0000,-0.7148,0.0000,0.6993
52.663,1,6.511,-1.646,-1.795,0.0000,-0.7148,0.0000,0.6993
52.703,1,6.511,-1.646,-1.795,0.0000,-0.7148,0.0000,0.6993
52.732,1,6.511,-1.646,-1.795,0.0000,-0.7148,0.0000,0.6993
52.763,1,6.511,-1.646,-1.795,0.0000,-0.7148,0.0000,0.6993
52.803,1,6.511,-1.646,-1.795,0.0000,-0.7148,0.0000,0.6993
52.834,1,6.511,-1.646,-1.795,0.0000,-0.7148,0.0000,0.6993
52.864,1,6.511,-1.646,-1.795,0.0000,-0.7148,0.0000,0.6993
52.906,1,6.511,-1.646,-1.795,0.0000,-0.7148,0.0000,0.6993
52.930,1,6.511,-1.646,-1.795,0.0000,-0.7148,0.0000,0.6993
52.970,1,6.511,-1.646,-1.795,0.0000,-0.7148,0.0000,0.6993
52.997,1,6.511,-1.646,-1.795,0.0000,-0.7148,0.0000,0.6993
53.037,1,6.511,-1.646,-1.795,0.0000,-0.7148,0.0000,0.6993
53.069,1,6.511,-1.646,-1.795,0.0000,-0.7148,0.0000,0.6993
53.098,1,6.511,-1.646,-1.795,0.0000,-0.7148,0.0000,0.6993
53.129,1,6.511,-1.646,-1.795,0.0000,-0.7148,0.0000,0.6993
53.170,1,6.511,-1.646,-1.795,0.0000,-0.7148,0.0000,0.6993
53.201,1,6.511,-1.646,-1.795,0.0000,-0.7148,0.0000,0.6993
53.232,1,6.511,-1.646,-1.795,0.0000,-0.7148,0.0000,0.6993
53.263,1,6.511,-1.646,-1.795,0.0000,-0.7148,0.0000,0.6993
53.306,1,6.511,-1.646,-1.795,0.0000,-0.7148,0.0000,0.6993
53.337,1,6.511,-1.646,-1.795,0.0000,-0.7148,0.0000,0.6993
53.368,1,6.511,-1.646,-1.795,0.0000,-0.7148,0.0000,0.6993
53.399,1,6.511,-1.646,-1.795,0.0000,-0.7148,0.0000,0.6993
53.430,1,6.511,-1.646,-1.795,0.0000,-0.7148,0.0000,0.6993
53.472,1,6.511,-1.646,-1.795,0.0000,-0.7148,0.0000,0.6993
53.509,1,6.511,-1.646,-1.795,0.0000,-0.7148,0.0000,0.6993
53.536,1,6.511,-1.646,-1.795,0.0000,-0.7148,0.0000,0.6993
53.567,1,6.511,-1.646,-1.795,0.0000,-0.7148,0.0000,0.6993
53.599,1,6.511,-1.646,-1.795,0.0000,-0.7148,0.0000,0.6993
53.637,1,6.511,-1.646,-1.795,0.0000,-0.7148,0.0000,0.6993
53.666,1,6.511,-1.646,-1.795,0.0000,-0.7148,0.0000,0.6993
53.705,1,6.511,-1.646,-1.795,0.0000,-0.7148,0.0000,0.6993
53.736,1,6.511,-1.646,-1.795,0.0000,-0.7148,0.0000,0.6993
53.766,1,6.511,-1.646,-1.795,0.0000,-0.7148,0.0000,0.6993
53.800,1,6.511,-1.646,-1.795,0.0000,-0.7148,0.0000,0.6993
53.835,1,6.511,-1.646,-1.795,0.0000,-0.7148,0.0000,0.6993
53.866,1,6.511,-1.646,-1.795,0.0000,-0.7148,0.0000,0.6993
53.897,1,6.511,-1.646,-1.795,0.0000,-0.7148,0.0000,0.6993
53.935,1,6.511,-1.646,-1.795,0.0000,-0.7148,0.0000,0.6993
53.965,1,6.511,-1.646,-1.795,0.0000,-0.7148,0.0000,0.6993
53.998,1,6.511,-1.646,-1.795,0.0000,-0.7148,0.0000,0.6993
54.040,1,6.511,-1.646,-1.795,0.0000,-0.7148,0.0000,0.6993
54.071,1,6.511,-1.646,-1.795,0.0000,-0.7148,0.0000,0.6993
54.103,1,6.511,-1.646,-1.795,0.0000,-0.7148,0.0000,0.6993
54.132,1,6.511,-1.646,-1.795,0.0000,-0.7148,0.0000,0.6993
54.165,1,6.511,-1.646,-1.795,0.0000,-0.7148,0.0000,0.6993
54.196,1,6.511,-1.646,-1.795,0.0000,-0.7148,0.0000,0.6993
54.234,1,6.511,-1.646,-1.795,0.0000,-0.7148,0.0000,0.6993
54.263,1,6.511,-1.646,-1.795,0.0000,-0.7148,0.0000,0.6993
54.301,1,6.511,-1.646,-1.795,0.0000,-0.7148,0.0000,0.6993
54.333,1,6.511,-1.646,-1.795,0.0000,-0.7148,0.0000,0.6993
54.364,1,6.511,-1.646,-1.795,0.0000,-0.7148,0.0000,0.6993
54.406,1,6.511,-1.646,-1.795,0.0000,-0.7148,0.0000,0.6993
54.437,1,6.511,-1.646,-1.795,0.0000,-0.7148,0.0000,0.6993
54.468,1,6.511,-1.646,-1.795,0.0000,-0.7148,0.0000,0.6993
54.500,1,6.511,-1.646,-1.795,0.0000,-0.7148,0.0000,0.6993
54.531,1,6.511,-1.646,-1.795,0.0000,-0.7148,0.0000,0.6993
54.564,1,6.511,-1.646,-1.795,0.0000,-0.7148,0.0000,0.6993
54.606,1,6.511,-1.646,-1.795,0.0000,-0.7148,0.0000,0.6993
54.637,1,6.511,-1.646,-1.795,0.0000,-0.7148,0.0000,0.6993
54.670,1,6.511,-1.646,-1.795,0.0000,-0.7148,0.0000,0.6993
54.702,1,6.511,-1.646,-1.795,0.0000,-0.7148,0.0000,0.6993
54.735,1,6.511,-1.646,-1.795,0.0000,-0.7148,0.0000,0.6993
54.766,1,6.511,-1.646,-1.795,0.0000,-0.7148,0.0000,0.6993
54.797,1,6.511,-1.646,-1.795,0.0000,-0.7148,0.0000,0.6993
54.829,1,6.511,-1.646,-1.795,0.0000,-0.7148,0.0000,0.6993
54.871,1,6.511,-1.646,-1.795,0.0000,-0.7148,0.0000,0.6993
54.902,1,6.511,-1.646,-1.795,0.0000,-0.7148,0.0000,0.6993
54.933,1,6.511,-1.646,-1.795,0.0000,-0.7148,0.0000,0.6993
54.966,1,6.511,-1.646,-1.795,0.0000,-0.7148,0.0000,0.6993
54.997,1,6.511,-1.646,-1.795,0.0000,-0.7148,0.0000,0.6993
55.029,1,6.511,-1.646,-1.795,0.0000,-0.7148,0.0000,0.6993
55.071,1,6.511,-1.646,-1.795,0.0000,-0.7148,0.0000,0.6993
55.104,1,6.511,-1.646,-1.795,0.0000,-0.7148,0.0000,0.6993
55.134,1,6.511,-1.646,-1.795,0.0000,-0.7148,0.0000,0.6993
55.167,1,6.511,-1.646,-1.795,0.0000,-0.7148,0.0000,0.6993
55.204,1,6.511,-1.646,-1.795,0.0000,-0.7148,0.0000,0.6993
55.234,1,6.511,-1.646,-1.795,0.0000,-0.7148,0.0000,0.6993
55.264,1,6.511,-1.646,-1.795,0.0000,-0.7148,0.0000,0.6993
55.296,1,6.511,-1.646,-1.795,0.0000,-0.7148,0.0000,0.6993
55.338,1,6.511,-1.646,-1.795,0.0000,-0.7148,0.0000,0.6993
55.369,1,6.511,-1.646,-1.795,0.0000,-0.7148,0.0000,0.6993
55.400,1,6.511,-1.646,-1.795,0.0000,-0.7148,0.0000,0.6993
55.429,1,6.511,-1.646,-1.795,0.0000,-0.7148,0.0000,0.6993
55.472,1,6.511,-1.646,-1.795,0.0000,-0.7148,0.0000,0.6993
55.503,1,6.511,-1.646,-1.795,0.0000,-0.7148,0.0000,0.6993
55.534,1,6.511,-1.646,-1.795,0.0000,-0.7148,0.0000,0.6993
55.566,1,6.511,-1.646,-1.795,0.0000,-0.7148,0.0000,0.6993
55.597,1,6.511,-1.646,-1.795,0.0000,-0.7148,0.0000,0.6993
55.629,1,6.511,-1.646,-1.795,0.0000,-0.7148,0.0000,0.6993
55.671,1,6.511,-1.646,-1.795,0.0000,-0.7148,0.0000,0.6993
55.703,1,6.511,-1.646,-1.795,0.0000,-0.7148,0.0000,0.6993
55.734,1,6.511,-1.646,-1.795,0.0000,-0.7148,0.0000,0.6993
55.766,1,6.511,-1.646,-1.795,0.0000,-0.7148,0.0000,0.6993
55.798,1,6.511,-1.646,-1.795,0.0000,-0.7148,0.0000,0.6993
55.830,1,6.511,-1.646,-1.795,0.0000,-0.7148,0.0000,0.6993
55.862,1,6.511,-1.646,-1.795,0.0000,-0.7148,0.0000,0.6993
55.904,1,6.511,-1.646,-1.795,0.0000,-0.7148,0.0000,0.6993
55.935,1,6.511,-1.646,-1.795,0.0000,-0.7148,0.0000,0.6993
55.967,1,6.511,-1.646,-1.795,0.0000,-0.7148,0.0000,0.6993
55.999,1,6.511,-1.646,-1.795,0.0000,-0.7148,0.0000,0.6993
56.030,1,6.511,-1.646,-1.795,0.0000,-0.7148,0.0000,0.6993
56.073,1,6.511,-1.646,-1.795,0.0000,-0.7148,0.0000,0.6993
56.104,1,6.511,-1.646,-1.795,0.0000,-0.7148,0.0000,0.6993
56.135,1,6.511,-1.646,-1.795,0.0000,-0.7148,0.0000,0.6993
56.165,1,6.511,-1.646,-1.795,0.0000,-0.7148,0.0000,0.6993
56.198,1,6.511,-1.646,-1.795,0.0000,-0.7148,0.0000,0.6993
56.237,1,6.511,-1.646,-1.795,0.0000,-0.7148,0.0000,0.6993
56.269,1,6.511,-1.646,-1.795,0.0000,-0.7148,0.0000,0.6993
56.299,1,6.511,-1.646,-1.795,0.0000,-0.7148,0.0000,0.6993
56.332,1,6.511,-1.646,-1.795,0.0000,-0.7148,0.0000,0.6993
56.363,1,6.511,-1.646,-1.795,0.0000,-0.7148,0.0000,0.6993
56.405,1,6.511,-1.646,-1.795,0.0000,-0.7148,0.0000,0.6993
56.435,1,6.511,-1.646,-1.795,0.0000,-0.7148,0.0000,0.6993
56.466,1,6.511,-1.646,-1.795,0.0000,-0.7148,0.0000,0.6993
56.498,1,6.511,-1.646,-1.795,0.0000,-0.7148,0.0000,0.6993
56.530,1,6.511,-1.646,-1.795,0.0000,-0.7148,0.0000,0.6993
56.570,1,6.511,-1.646,-1.795,0.0000,-0.7148,0.0000,0.6993
56.602,1,6.511,-1.646,-1.795,0.0000,-0.7148,0.0000,0.6993
56.632,1,6.511,-1.646,-1.795,0.0000,-0.7148,0.0000,0.6993
56.666,1,6.511,-1.646,-1.795,0.0000,-0.7148,0.0000,0.6993
56.695,1,6.511,-1.646,-1.795,0.0000,-0.7148,0.0000,0.6993
56.738,1,6.511,-1.646,-1.795,0.0000,-0.7148,0.0000,0.6993
56.768,1,6.511,-1.646,-1.795,0.0000,-0.7148,0.0000,0.6993
56.799,1,6.511,-1.646,-1.795,0.0000,-0.7148,0.0000,0.6993
56.831,1,6.511,-1.646,-1.795,0.0000,-0.7148,0.0000,0.6993
56.872,1,6.511,-1.646,-1.795,0.0000,-0.7148,0.0000,0.6993
56.903,1,6.511,-1.646,-1.795,0.0000,-0.7148,0.0000,0.6993
56.935,1,6.511,-1.646,-1.795,0.0000,-0.7148,0.0000,0.6993
56.966,1,6.511,-1.646,-1.795,0.0000,-0.7148,0.0000,0.6993
56.997,1,6.511,-1.646,-1.795,0.0000,-0.7148,0.0000,0.6993
57.040,1,6.511,-1.646,-1.795,0.0000,-0.7148,0.0000,0.6993
57.070,1,6.511,-1.646,-1.795,0.0000,-0.7148,0.0000,0.6993
57.102,1,6.511,-1.646,-1.795,0.0000,-0.7148,0.0000,0.6993
57.133,1,6.511,-1.646,-1.795,0.0000,-0.7148,0.0000,0.6993
57.164,1,6.511,-1.646,-1.795,0.0000,-0.7148,0.0000,0.6993
57.196,1,6.511,-1.646,-1.795,0.0000,-0.7148,0.0000,0.6993
57.238,1,6.511,-1.646,-1.795,0.0000,-0.7148,0.0000,0.6993
57.269,1,6.511,-1.646,-1.795,0.0000,-0.7148,0.0000,0.6993
57.306,1,6.511,-1.646,-1.795,0.0000,-0.7148,0.0000,0.6993
57.332,1,6.511,-1.646,-1.795,0.0000,-0.7148,0.0000,0.6993
57.364,1,6.511,-1.646,-1.795,0.0000,-0.7148,0.0000,0.6993
57.398,1,6.511,-1.646,-1.795,0.0000,-0.7148,0.0000,0.6993
57.437,1,6.511,-1.646,-1.795,0.0000,-0.7148,0.0000,0.6993
57.469,1,6.511,-1.646,-1.795,0.0000,-0.7148,0.0000,0.6993
57.500,1,6.511,-1.646,-1.795,0.0000,-0.7148,0.0000,0.6993
57.532,1,6.511,-1.646,-1.795,0.0000,-0.7148,0.0000,0.6993
57.563,1,6.511,-1.646,-1.795,0.0000,-0.7148,0.0000,0.6993
57.605,1,6.511,-1.646,-1.795,0.0000,-0.7148,0.0000,0.6993
57.644,1,6.511,-1.646,-1.795,0.0000,-0.7148,0.0000,0.6993
57.669,1,6.511,-1.646,-1.795,0.0000,-0.7148,0.0000,0.6993
57.701,1,6.511,-1.646,-1.795,0.0000,-0.7148,0.0000,0.6993
57.731,1,6.511,-1.646,-1.795,0.0000,-0.7148,0.0000,0.6993
57.762,1,6.511,-1.646,-1.795,0.0000,-0.7148,0.0000,0.6993
57.803,1,6.511,-1.646,-1.795,0.0000,-0.7148,0.0000,0.6993
57.833,1,6.511,-1.646,-1.795,0.0000,-0.7148,0.0000,0.6993
57.871,1,6.511,-1.646,-1.795,0.0000,-0.7148,0.0000,0.6993
57.898,1,6.511,-1.646,-1.795,0.0000,-0.7148,0.0000,0.6993
57.929,1,6.511,-1.646,-1.795,0.0000,-0.7148,0.0000,0.6993
57.970,1,6.511,-1.646,-1.795,0.0000,-0.7148,0.0000,0.6993
58.001,1,6.511,-1.646,-1.795,0.0000,-0.7148,0.0000,0.6993
58.032,1,6.511,-1.646,-1.795,0.0000,-0.7148,0.0000,0.6993
58.065,1,6.511,-1.646,-1.795,0.0000,-0.7148,0.0000,0.6993
58.097,1,6.511,-1.646,-1.795,0.0000,-0.7148,0.0000,0.6993
58.137,1,6.511,-1.646,-1.795,0.0000,-0.7148,0.0000,0.6993
58.167,1,6.511,-1.646,-1.795,0.0000,-0.7148,0.0000,0.6993
58.199,1,6.511,-1.646,-1.795,0.0000,-0.7148,0.0000,0.6993
58.230,1,6.511,-1.646,-1.795,0.0000,-0.7148,0.0000,0.6993
58.268,1,6.511,-1.646,-1.795,0.0000,-0.7148,0.0000,0.6993
58.296,1,6.511,-1.646,-1.795,0.0000,-0.7148,0.0000,0.6993
58.334,1,6.511,-1.646,-1.795,0.0000,-0.7148,0.0000,0.6993
58.366,1,6.511,-1.646,-1.795,0.0000,-0.7148,0.0000,0.6993
58.396,1,6.511,-1.646,-1.795,0.0000,-0.7148,0.0000,0.6993
58.437,1,6.511,-1.646,-1.795,0.0000,-0.7148,0.0000,0.6993
58.468,1,6.511,-1.646,-1.795,0.0000,-0.7148,0.0000,0.6993
58.500,1,6.511,-1.646,-1.795,0.0000,-0.7148,0.0000,0.6993
58.531,1,6.511,-1.646,-1.795,0.0000,-0.7148,0.0000,0.6993
58.562,1,6.511,-1.646,-1.795,0.0000,-0.7148,0.0000,0.6993
58.602,1,6.511,-1.646,-1.795,0.0000,-0.7148,0.0000,0.6993
58.633,1,6.511,-1.646,-1.795,0.0000,-0.7148,0.0000,0.6993
58.665,1,6.511,-1.646,-1.795,0.0000,-0.7148,0.0000,0.6993
58.698,1,6.511,-1.646,-1.795,0.0000,-0.7148,0.0000,0.6993
58.735,1,6.511,-1.646,-1.795,0.0000,-0.7148,0.0000,0.6993
58.768,1,6.511,-1.646,-1.795,0.0000,-0.7148,0.0000,0.6993
58.798,1,6.511,-1.646,-1.795,0.0000,-0.7148,0.0000,0.6993
58.829,1,6.511,-1.646,-1.795,0.0000,-0.7148,0.0000,0.6993
58.870,1,6.511,-1.646,-1.795,0.0000,-0.7148,0.0000,0.6993
58.901,1,6.511,-1.646,-1.795,0.0000,-0.7148,0.0000,0.6993
58.932,1,6.511,-1.646,-1.795,0.0000,-0.7148,0.0000,0.6993
58.962,1,6.511,-1.646,-1.795,0.0000,-0.7148,0.0000,0.6993
59.005,1,6.511,-1.646,-1.795,0.0000,-0.7148,0.0000,0.6993
59.035,1,6.511,-1.646,-1.795,0.0000,-0.7148,0.0000,0.6993
59.066,1,6.511,-1.646,-1.795,0.0000,-0.7148,0.0000,0.6993
59.099,1,6.511,-1.646,-1.795,0.0000,-0.7148,0.0000,0.6993
59.129,1,6.511,-1.646,-1.795,0.0000,-0.7148,0.0000,0.6993
59.171,1,6.511,-1.646,-1.795,0.0000,-0.7148,0.0000,0.6993
59.202,1,6.511,-1.646,-1.795,0.0000,-0.7148,0.0000,0.6993
59.233,1,6.511,-1.646,-1.795,0.0000,-0.7148,0.0000,0.6993
59.264,1,6.511,-1.646,-1.795,0.0000,-0.7148,0.0000,0.6993
59.305,1,6.511,-1.646,-1.795,0.0000,-0.7148,0.0000,0.6993
59.335,1,6.511,-1.646,-1.795,0.0000,-0.7148,0.0000,0.6993
59.368,1,6.511,-1.646,-1.795,0.0000,-0.7148,0.0000,0.6993
59.401,1,6.511,-1.646,-1.795,0.0000,-0.7148,0.0000,0.6993
59.430,1,6.511,-1.646,-1.795,0.0000,-0.7148,0.0000,0.6993
59.472,1,6.511,-1.646,-1.795,0.0000,-0.7148,0.0000,0.6993
59.503,1,6.511,-1.646,-1.795,0.0000,-0.7148,0.0000,0.6993
59.534,1,6.511,-1.646,-1.795,0.0000,-0.7148,0.0000,0.6993
59.566,1,6.511,-1.646,-1.795,0.0000,-0.7148,0.0000,0.6993
59.606,1,6.511,-1.646,-1.795,0.0000,-0.7148,0.0000,0.6993
59.635,1,6.511,-1.646,-1.795,0.0000,-0.7148,0.0000,0.6993
59.667,1,6.511,-1.646,-1.795,0.0000,-0.7148,0.0000,0.6993
59.699,1,6.511,-1.646,-1.795,0.0000,-0.7148,0.0000,0.6993
59.731,1,6.511,-1.646,-1.795,0.0000,-0.7148,0.0000,0.6993
59.771,1,6.511,-1.646,-1.795,0.0000,-0.7148,0.0000,0.6993
59.802,1,6.511,-1.646,-1.795,0.0000,-0.7148,0.0000,0.6993
59.833,1,6.511,-1.646,-1.795,0.0000,-0.7148,0.0000,0.6993
59.864,1,6.511,-1.646,-1.795,0.0000,-0.7148,0.0000,0.6993
59.896,1,6.511,-1.646,-1.795,0.0000,-0.7148,0.0000,0.6993
59.939,1,6.511,-1.646,-1.795,0.0000,-0.7148,0.0000,0.6993
59.967,1,6.511,-1.646,-1.795,0.0000,-0.7148,0.0000,0.6993
60.000,1,6.511,-1.646,-1.795,0.0000,-0.7148,0.0000,0.6993
60.029,1,6.511,-1.646,-1.795,0.0000,-0.7148,0.0000,0.6993
60.069,1,6.511,-1.646,-1.795,0.0000,-0.7148,0.0000,0.6993
60.100,1,6.511,-1.646,-1.795,0.0000,-0.7148,0.0000,0.6993
60.130,1,6.511,-1.646,-1.795,0.0000,-0.7148,0.0000,0.6993
60.162,1,6.511,-1.646,-1.795,0.0000,-0.7148,0.0000,0.6993
60.203,1,6.511,-1.646,-1.795,0.0000,-0.7148,0.0000,0.6993
60.234,1,6.511,-1.646,-1.795,0.0000,-0.7148,0.0000,0.6993
60.264,1,6.511,-1.646,-1.795,0.0000,-0.7148,0.0000,0.6993
60.295,1,6.511,-1.646,-1.795,0.0000,-0.7148,0.0000,0.6993
60.337,1,6.511,-1.646,-1.795,0.0000,-0.7148,0.0000,0.6993
60.369,1,6.511,-1.646,-1.795,0.0000,-0.7148,0.0000,0.6993
60.399,1,6.511,-1.646,-1.795,0.0000,-0.7148,0.0000,0.6993
60.431,1,6.511,-1.646,-1.795,0.0000,-0.7148,0.0000,0.6993
60.472,1,6.511,-1.646,-1.795,0.0000,-0.7148,0.0000,0.6993
60.503,1,6.511,-1.646,-1.795,0.0000,-0.7148,0.0000,0.6993
60.534,1,6.511,-1.646,-1.795,0.0000,-0.7148,0.0000,0.6993
60.565,1,6.511,-1.646,-1.795,0.0000,-0.7148,0.0000,0.6993
60.596,1,6.511,-1.646,-1.795,0.0000,-0.7148,0.0000,0.6993
60.637,1,6.511,-1.646,-1.795,0.0000,-0.7148,0.0000,0.6993
60.669,1,6.511,-1.646,-1.795,0.0000,-0.7148,0.0000,0.6993
60.700,1,6.511,-1.646,-1.795,0.0000,-0.7148,0.0000,0.6993
60.732,1,6.511,-1.646,-1.795,0.0000,-0.7148,0.0000,0.6993
60.765,1,6.511,-1.646,-1.795,0.0000,-0.7148,0.0000,0.6993
60.797,1,6.511,-1.646,-1.795,0.0000,-0.7148,0.0000,0.6993
60.838,1,6.511,-1.646,-1.795,0.0000,-0.7148,0.0000,0.6993
60.870,1,6.511,-1.646,-1.795,0.0000,-0.7148,0.0000,0.6993
60.902,1,6.511,-1.646,-1.795,0.0000,-0.7148,0.0000,0.6993
60.931,1,6.511,-1.646,-1.795,0.0000,-0.7148,0.0000,0.6993
60.972,1,6.511,-1.646,-1.795,0.0000,-0.7148,0.0000,0.6993
61.003,1,6.511,-1.646,-1.795,0.0000,-0.7148,0.0000,0.6993
61.036,1,6.511,-1.646,-1.795,0.0000,-0.7148,0.0000,0.6993
61.066,1,6.511,-1.646,-1.795,0.0000,-0.7148,0.0000,0.6993
61.097,1,6.511,-1.646,-1.795,0.0000,-0.7148,0.0000,0.6993
61.138,1,6.511,-1.646,-1.795,0.0000,-0.7148,0.0000,0.6993
61.170,1,6.511,-1.646,-1.795,0.0000,-0.7148,0.0000,0.6993
61.201,1,6.511,-1.646,-1.795,0.0000,-0.7148,0.0000,0.6993
61.232,1,6.511,-1.646,-1.795,0.0000,-0.7148,0.0000,0.6993
61.262,1,6.511,-1.646,-1.795,0.0000,-0.7148,0.0000,0.6993
61.303,1,6.511,-1.646,-1.795,0.0000,-0.7148,0.0000,0.6993
61.334,1,6.511,-1.646,-1.795,0.0000,-0.7148,0.0000,0.6993
61.366,1,6.511,-1.646,-1.795,0.0000,-0.7148,0.0000,0.6993
61.397,1,6.511,-1.646,-1.795,0.0000,-0.7148,0.0000,0.6993
61.438,1,6.511,-1.646,-1.795,0.0000,-0.7148,0.0000,0.6993
61.469,1,6.511,-1.646,-1.795,0.0000,-0.7148,0.0000,0.6993
61.501,1,6.511,-1.646,-1.795,0.0000,-0.7148,0.0000,0.6993
61.532,1,6.511,-1.646,-1.795,0.0000,-0.7148,0.0000,0.6993
61.563,1,6.511,-1.646,-1.795,0.0000,-0.7148,0.0000,0.6993
61.605,1,6.511,-1.646,-1.795,0.0000,-0.7148,0.0000,0.6993
61.632,1,6.511,-1.646,-1.795,0.0000,-0.7148,0.0000,0.6993
62.360,1,6.511,-1.646,-1.795,0.0000,-0.7148,0.0000,0.6993
62.360,1,6.511,-1.646,-1.795,0.0000,-0.7148,0.0000,0.6993
62.360,1,6.511,-1.646,-1.795,0.0000,-0.7148,0.0000,0.6993
62.360,1,6.511,-1.646,-1.795,0.0000,-0.7148,0.0000,0.6993
62.360,1,6.511,-1.646,-1.795,0.0000,-0.7148,0.0000,0.6993
62.360,1,6.511,-1.646,-1.795,0.0000,-0.7148,0.0000,0.6993
62.360,1,6.511,-1.646,-1.795,0.0000,-0.7148,0.0000,0.6993
62.360,1,6.511,-1.646,-1.795,0.0000,-0.7148,0.0000,0.6993
62.360,1,6.511,-1.646,-1.795,0.0000,-0.7148,0.0000,0.6993
62.360,1,6.511,-1.646,-1.795,0.0000,-0.7148,0.0000,0.6993
62.360,1,6.511,-1.646,-1.795,0.0000,-0.7148,0.0000,0.6993
62.360,1,6.511,-1.646,-1.795,0.0000,-0.7148,0.0000,0.6993
62.360,1,6.511,-1.646,-1.795,0.0000,-0.7148,0.0000,0.6993
62.360,1,6.511,-1.646,-1.795,0.0000,-0.7148,0.0000,0.6993
62.360,1,6.511,-1.646,-1.795,0.0000,-0.7148,0.0000,0.6993
62.360,1,6.511,-1.646,-1.795,0.0000,-0.7148,0.0000,0.6993
62.360,1,6.511,-1.646,-1.795,0.0000,-0.7148,0.0000,0.6993
62.360,1,6.511,-1.646,-1.795,0.0000,-0.7148,0.0000,0.6993
62.360,1,6.511,-1.646,-1.795,0.0000,-0.7148,0.0000,0.6993
62.360,1,6.511,-1.646,-1.795,0.0000,-0.7148,0.0000,0.6993
62.360,1,6.511,-1.646,-1.795,0.0000,-0.7148,0.0000,0.6993
62.374,1,6.511,-1.646,-1.795,0.0000,-0.7148,0.0000,0.6993
62.404,1,6.511,-1.646,-1.795,0.0000,-0.7148,0.0000,0.6993
62.433,1,6.511,-1.646,-1.795,0.0000,-0.7148,0.0000,0.6993
62.464,1,6.511,-1.646,-1.795,0.0000,-0.7148,0.0000,0.6993
62.503,1,6.511,-1.646,-1.795,0.0000,-0.7148,0.0000,0.6993
62.535,1,6.511,-1.646,-1.795,0.0000,-0.7148,0.0000,0.6993
62.567,1,6.511,-1.646,-1.795,0.0000,-0.7148,0.0000,0.6993
62.600,1,6.511,-1.646,-1.795,0.0000,-0.7148,0.0000,0.6993
62.633,1,6.511,-1.646,-1.795,0.0000,-0.7148,0.0000,0.6993
62.667,1,6.511,-1.646,-1.795,0.0000,-0.7148,0.0000,0.6993
62.697,1,6.511,-1.646,-1.795,0.0000,-0.7148,0.0000,0.6993
62.735,1,6.511,-1.646,-1.795,0.0000,-0.7148,0.0000,0.6993
62.762,1,6.511,-1.646,-1.795,0.0000,-0.7148,0.0000,0.6993
62.803,1,6.511,-1.646,-1.795,0.0000,-0.7148,0.0000,0.6993
62.836,1,6.511,-1.646,-1.795,0.0000,-0.7148,0.0000,0.6993
62.866,1,6.511,-1.646,-1.795,0.0000,-0.7148,0.0000,0.6993
62.898,1,6.511,-1.646,-1.795,0.0000,-0.7148,0.0000,0.6993
62.934,1,6.511,-1.646,-1.795,0.0000,-0.7148,0.0000,0.6993
62.963,1,6.511,-1.646,-1.795,0.0000,-0.7148,0.0000,0.6993
63.002,1,6.511,-1.646,-1.795,0.0000,-0.7148,0.0000,0.6993
63.033,1,6.511,-1.646,-1.795,0.0000,-0.7148,0.0000,0.6993
63.064,1,6.511,-1.646,-1.795,0.0000,-0.7148,0.0000,0.6993
63.105,1,6.511,-1.646,-1.795,0.0000,-0.7148,0.0000,0.6993
63.136,1,6.511,-1.646,-1.795,0.0000,-0.7148,0.0000,0.6993
63.167,1,6.511,-1.646,-1.795,0.0000,-0.7148,0.0000,0.6993
63.198,1,6.511,-1.646,-1.795,0.0000,-0.7148,0.0000,0.6993
63.229,1,6.511,-1.646,-1.795,0.0000,-0.7148,0.0000,0.6993
63.270,1,6.511,-1.646,-1.795,0.0000,-0.7148,0.0000,0.6993
63.301,1,6.511,-1.646,-1.795,0.0000,-0.7148,0.0000,0.6993
63.333,1,6.511,-1.646,-1.795,0.0000,-0.7148,0.0000,0.6993
63.364,1,6.511,-1.646,-1.795,0.0000,-0.7148,0.0000,0.6993
63.395,1,6.511,-1.646,-1.795,0.0000,-0.7148,0.0000,0.6993
63.436,1,6.511,-1.646,-1.795,0.0000,-0.7148,0.0000,0.6993
63.466,1,6.511,-1.646,-1.795,0.0000,-0.7148,0.0000,0.6993
63.499,1,6.511,-1.646,-1.795,0.0000,-0.7148,0.0000,0.6993
63.529,1,6.511,-1.646,-1.795,0.0000,-0.7148,0.0000,0.6993
63.570,1,6.511,-1.646,-1.795,0.0000,-0.7148,0.0000,0.6993
63.601,1,6.511,-1.646,-1.795,0.0000,-0.7148,0.0000,0.6993
63.631,1,6.511,-1.646,-1.795,0.0000,-0.7148,0.0000,0.6993
63.671,1,6.511,-1.646,-1.795,0.0000,-0.7148,0.0000,0.6993
63.703,1,6.511,-1.646,-1.795,0.0000,-0.7148,0.0000,0.6993
63.732,1,6.511,-1.646,-1.795,0.0000,-0.7148,0.0000,0.6993
63.773,1,6.511,-1.646,-1.795,0.0000,-0.7148,0.0000,0.6993
63.803,1,6.511,-1.646,-1.795,0.0000,-0.7148,0.0000,0.6993
63.834,1,6.511,-1.646,-1.795,0.0000,-0.7148,0.0000,0.6993
63.865,1,6.511,-1.646,-1.795,0.0000,-0.7148,0.0000,0.6993
63.896,1,6.511,-1.646,-1.795,0.0000,-0.7148,0.0000,0.6993
63.936,1,6.511,-1.646,-1.795,0.0000,-0.7148,0.0000,0.6993
63.966,1,6.511,-1.646,-1.795,0.0000,-0.7148,0.0000,0.6993
63.998,1,6.511,-1.646,-1.795,0.0000,-0.7148,0.0000,0.6993
64.039,1,6.511,-1.646,-1.795,0.0000,-0.7148,0.0000,0.6993
64.069,1,6.511,-1.646,-1.795,0.0000,-0.7148,0.0000,0.6993
64.099,1,6.511,-1.646,-1.795,0.0000,-0.7148,0.0000,0.6993
64.129,1,6.511,-1.646,-1.795,0.0000,-0.7148,0.0000,0.6993
64.171,1,6.511,-1.646,-1.795,0.0000,-0.7148,0.0000,0.6993
64.202,1,6.511,-1.646,-1.795,0.0000,-0.7148,0.0000,0.6993
64.232,1,6.511,-1.646,-1.795,0.0000,-0.7148,0.0000,0.6993
64.262,1,6.511,-1.646,-1.795,0.0000,-0.7148,0.0000,0.6993
64.303,1,6.511,-1.646,-1.795,0.0000,-0.7148,0.0000,0.6993
64.343,1,6.511,-1.646,-1.795,0.0000,-0.7148,0.0000,0.6993
64.363,1,6.511,-1.646,-1.795,0.0000,-0.7148,0.0000,0.6993
64.404,1,6.511,-1.646,-1.795,0.0000,-0.7148,0.0000,0.6993
64.436,1,6.511,-1.646,-1.795,0.0000,-0.7148,0.0000,0.6993
64.468,1,6.511,-1.646,-1.795,0.0000,-0.7148,0.0000,0.6993
64.500,1,6.511,-1.646,-1.795,0.0000,-0.7148,0.0000,0.6993
64.532,1,6.511,-1.646,-1.795,0.0000,-0.7148,0.0000,0.6993
64.564,1,6.511,-1.646,-1.795,0.0000,-0.7148,0.0000,0.6993
64.604,1,6.511,-1.646,-1.795,0.0000,-0.7148,0.0000,0.6993
64.628,1,6.511,-1.646,-1.795,0.0000,-0.7148,0.0000,0.6993
64.671,1,6.511,-1.646,-1.795,0.0000,-0.7148,0.0000,0.6993
64.703,1,6.511,-1.646,-1.795,0.0000,-0.7148,0.0000,0.6993
64.734,1,6.511,-1.646,-1.795,0.0000,-0.7148,0.0000,0.6993
64.765,1,6.511,-1.646,-1.795,0.0000,-0.7148,0.0000,0.6993
64.804,1,6.511,-1.646,-1.795,0.0000,-0.7148,0.0000,0.6993
64.833,1,6.511,-1.646,-1.795,0.0000,-0.7148,0.0000,0.6993
64.862,1,6.511,-1.646,-1.795,0.0000,-0.7148,0.0000,0.6993
64.900,1,6.511,-1.646,-1.795,0.0000,-0.7148,0.0000,0.6993
64.931,1,6.511,-1.646,-1.795,0.0000,-0.7148,0.0000,0.6993
64.972,1,6.511,-1.646,-1.795,0.0000,-0.7148,0.0000,0.6993
65.004,1,6.511,-1.646,-1.795,0.0000,-0.7148,0.0000,0.6993
65.035,1,6.511,-1.646,-1.795,0.0000,-0.7148,0.0000,0.6993
65.335,1,6.511,-1.646,-1.795,0.0000,-0.7148,0.0000,0.6993
65.335,1,6.511,-1.646,-1.795,0.0000,-0.7148,0.0000,0.6993
65.335,1,6.511,-1.646,-1.795,0.0000,-0.7148,0.0000,0.6993
65.335,1,6.511,-1.646,-1.795,0.0000,-0.7148,0.0000,0.6993
65.335,1,6.511,-1.646,-1.795,0.0000,-0.7148,0.0000,0.6993
65.335,1,6.511,-1.646,-1.795,0.0000,-0.7148,0.0000,0.6993
65.335,1,6.511,-1.646,-1.795,0.0000,-0.7148,0.0000,0.6993
65.335,1,6.511,-1.646,-1.795,0.0000,-0.7148,0.0000,0.6993
65.335,1,6.511,-1.646,-1.795,0.0000,-0.7148,0.0000,0.6993
65.393,1,6.511,-1.646,-1.795,0.0000,-0.7148,0.0000,0.6993
65.413,1,6.511,-1.646,-1.795,0.0000,-0.7148,0.0000,0.6993
65.432,1,6.511,-1.646,-1.795,0.0000,-0.7148,0.0000,0.6993
65.470,1,6.511,-1.646,-1.795,0.0000,-0.7148,0.0000,0.6993
65.500,1,6.511,-1.646,-1.795,0.0000,-0.7148,0.0000,0.6993
65.532,1,6.511,-1.646,-1.795,0.0000,-0.7148,0.0000,0.6993
65.571,1,6.511,-1.646,-1.795,0.0000,-0.7148,0.0000,0.6993
65.597,1,6.511,-1.646,-1.795,0.0000,-0.7148,0.0000,0.6993
65.629,1,6.511,-1.646,-1.795,0.0000,-0.7148,0.0000,0.6993
65.670,1,6.511,-1.646,-1.795,0.0000,-0.7148,0.0000,0.6993
65.702,1,6.511,-1.646,-1.795,0.0000,-0.7148,0.0000,0.6993
65.732,1,6.511,-1.646,-1.795,0.0000,-0.7148,0.0000,0.6993
65.763,1,6.511,-1.646,-1.795,0.0000,-0.7148,0.0000,0.6993
65.804,1,6.511,-1.646,-1.795,0.0000,-0.7148,0.0000,0.6993
65.836,1,6.511,-1.646,-1.795,0.0000,-0.7148,0.0000,0.6993
65.867,1,6.511,-1.646,-1.795,0.0000,-0.7148,0.0000,0.6993
65.898,1,6.511,-1.646,-1.795,0.0000,-0.7148,0.0000,0.6993
65.930,1,6.511,-1.646,-1.795,0.0000,-0.7148,0.0000,0.6993
65.971,1,6.511,-1.646,-1.795,0.0000,-0.7148,0.0000,0.6993
66.002,1,6.511,-1.646,-1.795,0.0000,-0.7148,0.0000,0.6993
66.035,1,6.511,-1.646,-1.795,0.0000,-0.7148,0.0000,0.6993
66.064,1,6.511,-1.646,-1.795,0.0000,-0.7148,0.0000,0.6993
66.096,1,6.511,-1.646,-1.795,0.0000,-0.7148,0.0000,0.6993
66.647,1,6.511,-1.646,-1.795,0.0000,-0.7148,0.0000,0.6993
66.647,1,6.511,-1.646,-1.795,0.0000,-0.7148,0.0000,0.6993
66.647,1,6.511,-1.646,-1.795,0.0000,-0.7148,0.0000,0.6993
66.647,1,6.511,-1.646,-1.795,0.0000,-0.7148,0.0000,0.6993
66.647,1,6.511,-1.646,-1.795,0.0000,-0.7148,0.0000,0.6993
66.647,1,6.511,-1.646,-1.795,0.0000,-0.7148,0.0000,0.6993
66.647,1,6.511,-1.646,-1.795,0.0000,-0.7148,0.0000,0.6993
66.647,1,6.511,-1.646,-1.795,0.0000,-0.7148,0.0000,0.6993
66.647,1,6.511,-1.646,-1.795,0.0000,-0.7148,0.0000,0.6993
66.647,1,6.511,-1.646,-1.795,0.0000,-0.7148,0.0000,0.6993
66.647,1,6.511,-1.646,-1.795,0.0000,-0.7148,0.0000,0.6993
66.647,1,6.511,-1.646,-1.795,0.0000,-0.7148,0.0000,0.6993
66.647,1,6.511,-1.646,-1.795,0.0000,-0.7148,0.0000,0.6993
66.647,1,6.511,-1.646,-1.795,0.0000,-0.7148,0.0000,0.6993
66.647,1,6.511,-1.646,-1.795,0.0000,-0.7148,0.0000,0.6993
66.647,1,6.511,-1.646,-1.795,0.0000,-0.7148,0.0000,0.6993
66.684,1,6.511,-1.646,-1.795,0.0000,-0.7148,0.0000,0.6993
66.711,1,6.511,-1.646,-1.795,0.0000,-0.7148,0.0000,0.6993
66.735,1,6.511,-1.646,-1.795,0.0000,-0.7148,0.0000,0.6993
66.767,1,6.511,-1.646,-1.795,0.0000,-0.7148,0.0000,0.6993
66.800,1,6.511,-1.646,-1.795,0.0000,-0.7148,0.0000,0.6993
66.838,1,6.511,-1.646,-1.795,0.0000,-0.7148,0.0000,0.6993
66.871,1,6.511,-1.646,-1.795,0.0000,-0.7148,0.0000,0.6993
66.902,1,6.511,-1.646,-1.795,0.0000,-0.7148,0.0000,0.6993
66.940,1,6.511,-1.646,-1.795,0.0000,-0.7148,0.0000,0.6993
66.962,1,6.511,-1.646,-1.795,0.0000,-0.7148,0.0000,0.6993
66.998,1,6.511,-1.646,-1.795,0.0000,-0.7148,0.0000,0.6993
67.033,1,6.511,-1.646,-1.795,0.0000,-0.7148,0.0000,0.6993
67.069,1,6.511,-1.646,-1.795,0.0000,-0.7148,0.0000,0.6993
67.105,1,6.511,-1.646,-1.795,0.0000,-0.7148,0.0000,0.6993
67.129,1,6.511,-1.646,-1.795,0.0000,-0.7148,0.0000,0.6993
67.166,1,6.511,-1.646,-1.795,0.0000,-0.7148,0.0000,0.6993
67.202,1,6.511,-1.646,-1.795,0.0000,-0.7148,0.0000,0.6993
67.236,1,6.511,-1.646,-1.795,0.0000,-0.7148,0.0000,0.6993
67.272,1,6.511,-1.646,-1.795,0.0000,-0.7148,0.0000,0.6993
67.295,1,6.511,-1.646,-1.795,0.0000,-0.7148,0.0000,0.6993
67.331,1,6.511,-1.646,-1.795,0.0000,-0.7148,0.0000,0.6993
67.366,1,6.511,-1.646,-1.795,0.0000,-0.7148,0.0000,0.6993
67.402,1,6.511,-1.646,-1.795,0.0000,-0.7148,0.0000,0.6993
67.437,1,6.511,-1.646,-1.795,0.0000,-0.7148,0.0000,0.6993
67.474,1,6.511,-1.646,-1.795,0.0000,-0.7148,0.0000,0.6993
67.498,1,6.511,-1.646,-1.795,0.0000,-0.7148,0.0000,0.6993
67.534,1,6.511,-1.646,-1.795,0.0000,-0.7148,0.0000,0.6993
67.570,1,6.511,-1.646,-1.795,0.0000,-0.7148,0.0000,0.6993
67.604,1,6.511,-1.646,-1.795,0.0000,-0.7148,0.0000,0.6993
67.640,1,6.511,-1.646,-1.795,0.0000,-0.7148,0.0000,0.6993
67.663,1,6.511,-1.646,-1.795,0.0000,-0.7148,0.0000,0.6993
67.700,1,6.511,-1.646,-1.795,0.0000,-0.7148,0.0000,0.6993
67.735,1,6.511,-1.646,-1.795,0.0000,-0.7148,0.0000,0.6993
67.772,1,6.511,-1.646,-1.795,0.0000,-0.7148,0.0000,0.6993
67.796,1,6.511,-1.646,-1.795,0.0000,-0.7148,0.0000,0.6993
67.835,1,6.511,-1.646,-1.795,0.0000,-0.7148,0.0000,0.6993
67.865,1,6.511,-1.646,-1.795,0.0000,-0.7148,0.0000,0.6993
67.898,1,6.511,-1.646,-1.795,0.0000,-0.7148,0.0000,0.6993
67.929,1,6.511,-1.646,-1.795,0.0000,-0.7148,0.0000,0.6993
67.965,1,6.511,-1.646,-1.795,0.0000,-0.7148,0.0000,0.6993
68.006,1,6.511,-1.646,-1.795,0.0000,-0.7148,0.0000,0.6993
68.037,1,6.511,-1.646,-1.795,0.0000,-0.7148,0.0000,0.6993
68.073,1,6.511,-1.646,-1.795,0.0000,-0.7148,0.0000,0.6993
68.105,1,6.511,-1.646,-1.795,0.0000,-0.7148,0.0000,0.6993
68.136,1,6.511,-1.646,-1.795,0.0000,-0.7148,0.0000,0.6993
68.164,1,6.511,-1.646,-1.795,0.0000,-0.7148,0.0000,0.6993
68.196,1,6.511,-1.646,-1.795,0.0000,-0.7148,0.0000,0.6993
68.229,1,6.511,-1.646,-1.795,0.0000,-0.7148,0.0000,0.6993
68.274,1,6.511,-1.646,-1.795,0.0000,-0.7148,0.0000,0.6993
68.298,1,6.511,-1.646,-1.795,0.0000,-0.7148,0.0000,0.6993
68.334,1,6.511,-1.646,-1.795,0.0000,-0.7148,0.0000,0.6993
68.368,1,6.511,-1.646,-1.795,0.0000,-0.7148,0.0000,0.6993
68.403,1,6.511,-1.646,-1.795,0.0000,-0.7148,0.0000,0.6993
68.437,1,6.511,-1.646,-1.795,0.0000,-0.7148,0.0000,0.6993
68.474,1,6.511,-1.646,-1.795,0.0000,-0.7148,0.0000,0.6993
68.496,1,6.511,-1.646,-1.795,0.0000,-0.7148,0.0000,0.6993
68.537,1,6.511,-1.646,-1.795,0.0000,-0.7148,0.0000,0.6993
68.562,1,6.511,-1.646,-1.795,0.0000,-0.7148,0.0000,0.6993
68.600,1,6.511,-1.646,-1.795,0.0000,-0.7148,0.0000,0.6993
68.637,1,6.511,-1.646,-1.795,0.0000,-0.7148,0.0000,0.6993
68.673,1,6.511,-1.646,-1.795,0.0000,-0.7148,0.0000,0.6993
68.696,1,6.511,-1.646,-1.795,0.0000,-0.7148,0.0000,0.6993
68.730,1,6.511,-1.646,-1.795,0.0000,-0.7148,0.0000,0.6993
68.766,1,6.511,-1.646,-1.795,0.0000,-0.7148,0.0000,0.6993
68.808,1,6.511,-1.646,-1.795,0.0000,-0.7148,0.0000,0.6993
68.834,1,6.511,-1.646,-1.795,0.0000,-0.7148,0.0000,0.6993
68.871,1,6.511,-1.646,-1.795,0.0000,-0.7148,0.0000,0.6993
68.903,1,6.511,-1.646,-1.795,0.0000,-0.7148,0.0000,0.6993
68.936,1,6.511,-1.646,-1.795,0.0000,-0.7148,0.0000,0.6993
68.971,1,6.511,-1.646,-1.795,0.0000,-0.7148,0.0000,0.6993
69.004,1,6.511,-1.646,-1.795,0.0000,-0.7148,0.0000,0.6993
69.039,1,6.511,-1.646,-1.795,0.0000,-0.7148,0.0000,0.6993
69.071,1,6.511,-1.646,-1.795,0.0000,-0.7148,0.0000,0.6993
69.096,1,6.511,-1.646,-1.795,0.0000,-0.7148,0.0000,0.6993
69.130,1,6.511,-1.646,-1.795,0.0000,-0.7148,0.0000,0.6993
69.163,1,6.511,-1.646,-1.795,0.0000,-0.7148,0.0000,0.6993
69.196,1,6.511,-1.646,-1.795,0.0000,-0.7148,0.0000,0.6993
69.230,1,6.511,-1.646,-1.795,0.0000,-0.7148,0.0000,0.6993
69.266,1,6.511,-1.646,-1.795,0.0000,-0.7148,0.0000,0.6993
69.303,1,6.511,-1.646,-1.795,0.0000,-0.7148,0.0000,0.6993
69.338,1,6.511,-1.646,-1.795,0.0000,-0.7148,0.0000,0.6993
69.365,1,6.511,-1.646,-1.795,0.0000,-0.7148,0.0000,0.6993
69.400,1,6.511,-1.646,-1.795,0.0000,-0.7148,0.0000,0.6993
69.434,1,6.511,-1.646,-1.795,0.0000,-0.7148,0.0000,0.6993
69.472,1,6.511,-1.646,-1.795,0.0000,-0.7148,0.0000,0.6993
69.496,1,6.511,-1.646,-1.795,0.0000,-0.7148,0.0000,0.6993
69.530,1,6.511,-1.646,-1.795,0.0000,-0.7148,0.0000,0.6993
69.567,1,6.511,-1.646,-1.795,0.0000,-0.7148,0.0000,0.6993
69.601,1,6.511,-1.646,-1.795,0.0000,-0.7148,0.0000,0.6993
69.636,1,6.511,-1.646,-1.795,0.0000,-0.7148,0.0000,0.6993
69.670,1,6.511,-1.646,-1.795,0.0000,-0.7148,0.0000,0.6993
69.707,1,6.511,-1.646,-1.795,0.0000,-0.7148,0.0000,0.6993
69.739,1,6.511,-1.646,-1.795,0.0000,-0.7148,0.0000,0.6993
69.773,1,6.511,-1.646,-1.795,0.0000,-0.7148,0.0000,0.6993
69.798,1,6.511,-1.646,-1.795,0.0000,-0.7148,0.0000,0.6993
69.834,1,6.511,-1.646,-1.795,0.0000,-0.7148,0.0000,0.6993
69.870,1,6.511,-1.646,-1.795,0.0000,-0.7148,0.0000,0.6993
69.905,1,6.511,-1.646,-1.795,0.0000,-0.7148,0.0000,0.6993
69.928,1,6.511,-1.646,-1.795,0.0000,-0.7148,0.0000,0.6993
69.967,1,6.511,-1.646,-1.795,0.0000,-0.7148,0.0000,0.6993
70.003,1,6.511,-1.646,-1.795,0.0000,-0.7148,0.0000,0.6993
70.039,1,6.511,-1.646,-1.795,0.0000,-0.7148,0.0000,0.6993
70.063,1,6.511,-1.646,-1.795,0.0000,-0.7148,0.0000,0.6993
70.098,1,6.511,-1.646,-1.795,0.0000,-0.7148,0.0000,0.6993
70.140,1,6.511,-1.646,-1.795,0.0000,-0.7148,0.0000,0.6993
70.169,1,6.511,-1.646,-1.795,0.0000,-0.7148,0.0000,0.6993
70.202,1,6.511,-1.646,-1.795,0.0000,-0.7148,0.0000,0.6993
70.234,1,6.511,-1.646,-1.795,0.0000,-0.7148,0.0000,0.6993
70.271,1,6.511,-1.646,-1.795,0.0000,-0.7148,0.0000,0.6993
70.304,1,6.511,-1.646,-1.795,0.0000,-0.7148,0.0000,0.6993
70.329,1,6.511,-1.646,-1.795,0.0000,-0.7148,0.0000,0.6993
70.366,1,6.511,-1.646,-1.795,0.0000,-0.7148,0.0000,0.6993
70.403,1,6.511,-1.646,-1.795,0.0000,-0.7148,0.0000,0.6993
70.438,1,6.511,-1.646,-1.795,0.0000,-0.7148,0.0000,0.6993
70.473,1,6.511,-1.646,-1.795,0.0000,-0.7148,0.0000,0.6993
70.497,1,6.511,-1.646,-1.795,0.0000,-0.7148,0.0000,0.6993
70.537,1,6.511,-1.646,-1.795,0.0000,-0.7148,0.0000,0.6993
70.571,1,6.511,-1.646,-1.795,0.0000,-0.7148,0.0000,0.6993
70.603,1,6.511,-1.646,-1.795,0.0000,-0.7148,0.0000,0.6993
70.635,1,6.511,-1.646,-1.795,0.0000,-0.7148,0.0000,0.6993
70.662,1,6.511,-1.646,-1.795,0.0000,-0.7148,0.0000,0.6993
70.696,1,6.511,-1.646,-1.795,0.0000,-0.7148,0.0000,0.6993
70.741,1,6.511,-1.646,-1.795,0.0000,-0.7148,0.0000,0.6993
70.772,1,6.511,-1.646,-1.795,0.0000,-0.7148,0.0000,0.6993
70.795,1,6.511,-1.646,-1.795,0.0000,-0.7148,0.0000,0.6993
70.829,1,6.511,-1.646,-1.795,0.0000,-0.7148,0.0000,0.6993
70.862,1,6.511,-1.646,-1.795,0.0000,-0.7148,0.0000,0.6993
70.899,1,6.511,-1.646,-1.795,0.0000,-0.7148,0.0000,0.6993
70.941,1,6.511,-1.646,-1.795,0.0000,-0.7148,0.0000,0.6993
70.966,1,6.511,-1.646,-1.795,0.0000,-0.7148,0.0000,0.6993
70.996,1,6.511,-1.646,-1.795,0.0000,-0.7148,0.0000,0.6993
71.032,1,6.511,-1.646,-1.795,0.0000,-0.7148,0.0000,0.6993
71.070,1,6.511,-1.646,-1.795,0.0000,-0.7148,0.0000,0.6993
71.101,1,6.511,-1.646,-1.795,0.0000,-0.7148,0.0000,0.6993
71.137,1,6.511,-1.646,-1.795,0.0000,-0.7148,0.0000,0.6993
71.165,1,6.511,-1.646,-1.795,0.0000,-0.7148,0.0000,0.6993
71.197,1,6.511,-1.646,-1.795,0.0000,-0.7148,0.0000,0.6993
71.228,1,6.511,-1.646,-1.795,0.0000,-0.7148,0.0000,0.6993
71.264,1,6.511,-1.646,-1.795,0.0000,-0.7148,0.0000,0.6993
71.296,1,6.511,-1.646,-1.795,0.0000,-0.7148,0.0000,0.6993
71.331,1,6.511,-1.646,-1.795,0.0000,-0.7148,0.0000,0.6993
71.363,1,6.511,-1.646,-1.795,0.0000,-0.7148,0.0000,0.6993
71.399,1,6.511,-1.646,-1.795,0.0000,-0.7148,0.0000,0.6993
71.435,1,6.511,-1.646,-1.795,0.0000,-0.7148,0.0000,0.6993
71.465,1,6.511,-1.646,-1.795,0.0000,-0.7148,0.0000,0.6993
71.496,1,6.511,-1.646,-1.795,0.0000,-0.7148,0.0000,0.6993
71.532,1,6.511,-1.646,-1.795,0.0000,-0.7148,0.0000,0.6993
71.562,1,6.511,-1.646,-1.795,0.0000,-0.7148,0.0000,0.6993
71.598,1,6.511,-1.646,-1.795,0.0000,-0.7148,0.0000,0.6993
71.638,1,6.511,-1.646,-1.795,0.0000,-0.7148,0.0000,0.6993
71.663,1,6.511,-1.646,-1.795,0.0000,-0.7148,0.0000,0.6993
71.706,1,6.511,-1.646,-1.795,0.0000,-0.7148,0.0000,0.6993
71.734,1,6.511,-1.646,-1.795,0.0000,-0.7148,0.0000,0.6993
71.764,1,6.511,-1.646,-1.795,0.0000,-0.7148,0.0000,0.6993
71.796,1,6.511,-1.646,-1.795,0.0000,-0.7148,0.0000,0.6993
71.840,1,6.511,-1.646,-1.795,0.0000,-0.7148,0.0000,0.6993
71.870,1,6.511,-1.646,-1.795,0.0000,-0.7148,0.0000,0.6993
71.906,1,6.511,-1.646,-1.795,0.0000,-0.7148,0.0000,0.6993
71.934,1,6.511,-1.646,-1.795,0.0000,-0.7148,0.0000,0.6993
71.975,1,6.511,-1.646,-1.795,0.0000,-0.7148,0.0000,0.6993
72.005,1,6.511,-1.646,-1.795,0.0000,-0.7148,0.0000,0.6993
72.036,1,6.511,-1.646,-1.795,0.0000,-0.7148,0.0000,0.6993
72.065,1,6.511,-1.646,-1.795,0.0000,-0.7148,0.0000,0.6993
72.096,1,6.511,-1.646,-1.795,0.0000,-0.7148,0.0000,0.6993
72.141,1,6.511,-1.646,-1.795,0.0000,-0.7148,0.0000,0.6993
72.171,1,6.511,-1.646,-1.795,0.0000,-0.7148,0.0000,0.6993
72.201,1,6.511,-1.646,-1.795,0.0000,-0.7148,0.0000,0.6993
72.231,1,6.511,-1.646,-1.795,0.0000,-0.7148,0.0000,0.6993
72.263,1,6.511,-1.646,-1.795,0.0000,-0.7148,0.0000,0.6993
72.307,1,6.511,-1.646,-1.795,0.0000,-0.7148,0.0000,0.6993
72.336,1,6.511,-1.646,-1.795,0.0000,-0.7148,0.0000,0.6993
72.365,1,6.511,-1.646,-1.795,0.0000,-0.7148,0.0000,0.6993
72.397,1,6.511,-1.646,-1.795,0.0000,-0.7148,0.0000,0.6993
72.440,1,6.511,-1.646,-1.795,0.0000,-0.7148,0.0000,0.6993
72.470,1,6.511,-1.646,-1.795,0.0000,-0.7148,0.0000,0.6993
72.501,1,6.511,-1.646,-1.795,0.0000,-0.7148,0.0000,0.6993
72.530,1,6.511,-1.646,-1.795,0.0000,-0.7148,0.0000,0.6993
72.575,1,6.511,-1.646,-1.795,0.0000,-0.7148,0.0000,0.6993
72.605,1,6.511,-1.646,-1.795,0.0000,-0.7148,0.0000,0.6993
72.635,1,6.511,-1.646,-1.795,0.0000,-0.7148,0.0000,0.6993
72.664,1,6.511,-1.646,-1.795,0.0000,-0.7148,0.0000,0.6993
72.696,1,6.511,-1.646,-1.795,0.0000,-0.7148,0.0000,0.6993
72.740,1,6.511,-1.646,-1.795,0.0000,-0.7148,0.0000,0.6993
72.770,1,6.511,-1.646,-1.795,0.0000,-0.7148,0.0000,0.6993
72.802,1,6.511,-1.646,-1.795,0.0000,-0.7148,0.0000,0.6993
72.840,1,6.511,-1.646,-1.795,0.0000,-0.7148,0.0000,0.6993
72.869,1,6.511,-1.646,-1.795,0.0000,-0.7148,0.0000,0.6993
72.904,1,6.511,-1.646,-1.795,0.0000,-0.7148,0.0000,0.6993
72.939,1,6.511,-1.646,-1.795,0.0000,-0.7148,0.0000,0.6993
72.969,1,6.511,-1.646,-1.795,0.0000,-0.7148,0.0000,0.6993
73.001,1,6.511,-1.646,-1.795,0.0000,-0.7148,0.0000,0.6993
73.038,1,6.511,-1.646,-1.795,0.0000,-0.7148,0.0000,0.6993
73.073,1,6.511,-1.646,-1.795,0.0000,-0.7148,0.0000,0.6993
73.104,1,6.511,-1.646,-1.795,0.0000,-0.7148,0.0000,0.6993
73.144,1,6.511,-1.646,-1.795,0.0000,-0.7148,0.0000,0.6993
73.176,1,6.511,-1.646,-1.795,0.0000,-0.7148,0.0000,0.6993
73.205,1,6.511,-1.646,-1.795,0.0000,-0.7148,0.0000,0.6993
73.236,1,6.511,-1.646,-1.795,0.0000,-0.7148,0.0000,0.6993
73.271,1,6.511,-1.646,-1.795,0.0000,-0.7148,0.0000,0.6993
73.300,1,6.511,-1.646,-1.795,0.0000,-0.7148,0.0000,0.6993
73.344,1,6.511,-1.646,-1.795,0.0000,-0.7148,0.0000,0.6993
73.373,1,6.511,-1.646,-1.795,0.0000,-0.7148,0.0000,0.6993
73.405,1,6.511,-1.646,-1.795,0.0000,-0.7148,0.0000,0.6993
73.437,1,6.511,-1.646,-1.795,0.0000,-0.7148,0.0000,0.6993
73.466,1,6.511,-1.646,-1.795,0.0000,-0.7148,0.0000,0.6993
73.508,1,6.511,-1.646,-1.795,0.0000,-0.7148,0.0000,0.6993
73.536,1,6.511,-1.646,-1.795,0.0000,-0.7148,0.0000,0.6993
73.563,1,6.511,-1.646,-1.795,0.0000,-0.7148,0.0000,0.6993
73.604,1,6.511,-1.646,-1.795,0.0000,-0.7148,0.0000,0.6993
73.630,1,6.511,-1.646,-1.795,0.0000,-0.7148,0.0000,0.6993
73.671,1,6.511,-1.646,-1.795,0.0000,-0.7148,0.0000,0.6993
73.698,1,6.511,-1.646,-1.795,0.0000,-0.7148,0.0000,0.6993
73.738,1,6.511,-1.646,-1.795,0.0000,-0.7148,0.0000,0.6993
73.766,1,6.511,-1.646,-1.795,0.0000,-0.7148,0.0000,0.6993
73.807,1,6.511,-1.646,-1.795,0.0000,-0.7148,0.0000,0.6993
73.834,1,6.511,-1.646,-1.795,0.0000,-0.7148,0.0000,0.6993
73.862,1,6.511,-1.646,-1.795,0.0000,-0.7148,0.0000,0.6993
73.906,1,6.511,-1.646,-1.795,0.0000,-0.7148,0.0000,0.6993
73.933,1,6.511,-1.646,-1.795,0.0000,-0.7148,0.0000,0.6993
73.973,1,6.511,-1.646,-1.795,0.0000,-0.7148,0.0000,0.6993
74.003,1,6.511,-1.646,-1.795,0.0000,-0.7148,0.0000,0.6993
74.033,1,6.511,-1.646,-1.795,0.0000,-0.7148,0.0000,0.6993
74.065,1,6.511,-1.646,-1.795,0.0000,-0.7148,0.0000,0.6993
74.095,1,6.511,-1.646,-1.795,0.0000,-0.7148,0.0000,0.6993
74.135,1,6.511,-1.646,-1.795,0.0000,-0.7148,0.0000,0.6993
74.172,1,6.511,-1.646,-1.795,0.0000,-0.7148,0.0000,0.6993
74.202,1,6.511,-1.646,-1.795,0.0000,-0.7148,0.0000,0.6993
74.229,1,6.511,-1.646,-1.795,0.0000,-0.7148,0.0000,0.6993
74.271,1,6.511,-1.646,-1.795,0.0000,-0.7148,0.0000,0.6993
74.298,1,6.511,-1.646,-1.795,0.0000,-0.7148,0.0000,0.6993
74.341,1,6.511,-1.646,-1.795,0.0000,-0.7148,0.0000,0.6993
74.371,1,6.511,-1.646,-1.795,0.0000,-0.7148,0.0000,0.6993
74.399,1,6.511,-1.646,-1.795,0.0000,-0.7148,0.0000,0.6993
74.444,1,6.511,-1.646,-1.795,0.0000,-0.7148,0.0000,0.6993
74.470,1,6.511,-1.646,-1.795,0.0000,-0.7148,0.0000,0.6993
74.497,1,6.511,-1.646,-1.795,0.0000,-0.7148,0.0000,0.6993
74.536,1,6.511,-1.646,-1.795,0.0000,-0.7148,0.0000,0.6993
74.562,1,6.511,-1.646,-1.795,0.0000,-0.7148,0.0000,0.6993
74.601,1,6.511,-1.646,-1.795,0.0000,-0.7148,0.0000,0.6993
74.638,1,6.511,-1.646,-1.795,0.0000,-0.7148,0.0000,0.6993
74.666,1,6.511,-1.646,-1.795,0.0000,-0.7148,0.0000,0.6993
74.702,1,6.511,-1.646,-1.795,0.0000,-0.7148,0.0000,0.6993
74.740,1,6.511,-1.646,-1.795,0.0000,-0.7148,0.0000,0.6993
74.764,1,6.511,-1.646,-1.795,0.0000,-0.7148,0.0000,0.6993
74.799,1,6.511,-1.646,-1.795,0.0000,-0.7148,0.0000,0.6993
74.836,1,6.511,-1.646,-1.795,0.0000,-0.7148,0.0000,0.6993
74.874,1,6.511,-1.646,-1.795,0.0000,-0.7148,0.0000,0.6993
74.904,1,6.511,-1.646,-1.795,0.0000,-0.7148,0.0000,0.6993
74.935,1,6.511,-1.646,-1.795,0.0000,-0.7148,0.0000,0.6993
74.963,1,6.511,-1.646,-1.795,0.0000,-0.7148,0.0000,0.6993
75.003,1,6.511,-1.646,-1.795,0.0000,-0.7148,0.0000,0.6993
75.039,1,6.511,-1.646,-1.795,0.0000,-0.7148,0.0000,0.6993
75.066,1,6.511,-1.646,-1.795,0.0000,-0.7148,0.0000,0.6993
75.105,1,6.511,-1.646,-1.795,0.0000,-0.7148,0.0000,0.6993
75.131,1,6.511,-1.646,-1.795,0.0000,-0.7148,0.0000,0.6993
75.168,1,6.511,-1.646,-1.795,0.0000,-0.7148,0.0000,0.6993
75.210,1,6.511,-1.646,-1.795,0.0000,-0.7148,0.0000,0.6993
75.235,1,6.511,-1.646,-1.795,0.0000,-0.7148,0.0000,0.6993
75.273,1,6.511,-1.646,-1.795,0.0000,-0.7148,0.0000,0.6993
75.299,1,6.511,-1.646,-1.795,0.0000,-0.7148,0.0000,0.6993
75.338,1,6.511,-1.646,-1.795,0.0000,-0.7148,0.0000,0.6993
75.362,1,6.511,-1.646,-1.795,0.0000,-0.7148,0.0000,0.6993
75.398,1,6.511,-1.646,-1.795,0.0000,-0.7148,0.0000,0.6993
75.438,1,6.511,-1.646,-1.795,0.0000,-0.7148,0.0000,0.6993
75.465,1,6.511,-1.646,-1.795,0.0000,-0.7148,0.0000,0.6993
75.511,1,6.511,-1.646,-1.795,0.0000,-0.7148,0.0000,0.6993
75.537,1,6.511,-1.646,-1.795,0.0000,-0.7148,0.0000,0.6993
75.570,1,6.511,-1.646,-1.795,0.0000,-0.7148,0.0000,0.6993
75.614,1,6.511,-1.646,-1.795,0.0000,-0.7148,0.0000,0.6993
75.640,1,6.511,-1.646,-1.795,0.0000,-0.7148,0.0000,0.6993
75.663,1,6.511,-1.646,-1.795,0.0000,-0.7148,0.0000,0.6993
75.698,1,6.511,-1.646,-1.795,0.0000,-0.7148,0.0000,0.6993
75.731,1,6.511,-1.646,-1.795,0.0000,-0.7148,0.0000,0.6993
75.763,1,6.511,-1.646,-1.795,0.0000,-0.7148,0.0000,0.6993
75.796,1,6.511,-1.646,-1.795,0.0000,-0.7148,0.0000,0.6993
75.829,1,6.511,-1.646,-1.795,0.0000,-0.7148,0.0000,0.6993
75.864,1,6.511,-1.646,-1.795,0.0000,-0.7148,0.0000,0.6993
75.901,1,6.511,-1.646,-1.795,0.0000,-0.7148,0.0000,0.6993
75.938,1,6.511,-1.646,-1.795,0.0000,-0.7148,0.0000,0.6993
75.962,1,6.511,-1.646,-1.795,0.0000,-0.7148,0.0000,0.6993
75.997,1,6.511,-1.646,-1.795,0.0000,-0.7148,0.0000,0.6993
76.032,1,6.511,-1.646,-1.795,0.0000,-0.7148,0.0000,0.6993
76.066,1,6.511,-1.646,-1.795,0.0000,-0.7148,0.0000,0.6993
76.100,1,6.511,-1.646,-1.795,0.0000,-0.7148,0.0000,0.6993
76.137,1,6.511,-1.646,-1.795,0.0000,-0.7148,0.0000,0.6993
76.172,1,6.511,-1.646,-1.795,0.0000,-0.7148,0.0000,0.6993
76.206,1,6.511,-1.646,-1.795,0.0000,-0.7148,0.0000,0.6993
76.239,1,6.511,-1.646,-1.795,0.0000,-0.7148,0.0000,0.6993
76.262,1,6.511,-1.646,-1.795,0.0000,-0.7148,0.0000,0.6993
76.296,1,6.511,-1.646,-1.795,0.0000,-0.7148,0.0000,0.6993
76.331,1,6.511,-1.646,-1.795,0.0000,-0.7148,0.0000,0.6993
76.368,1,6.511,-1.646,-1.795,0.0000,-0.7148,0.0000,0.6993
76.402,1,6.511,-1.646,-1.795,0.0000,-0.7148,0.0000,0.6993
76.437,1,6.511,-1.646,-1.795,0.0000,-0.7148,0.0000,0.6993
76.471,1,6.511,-1.646,-1.795,0.0000,-0.7148,0.0000,0.6993
76.507,1,6.511,-1.646,-1.795,0.0000,-0.7148,0.0000,0.6993
76.530,1,6.511,-1.646,-1.795,0.0000,-0.7148,0.0000,0.6993
76.563,1,6.511,-1.646,-1.795,0.0000,-0.7148,0.0000,0.6993
76.601,1,6.511,-1.646,-1.795,0.0000,-0.7148,0.0000,0.6993
76.630,1,6.511,-1.646,-1.795,0.0000,-0.7148,0.0000,0.6993
76.664,1,6.511,-1.646,-1.795,0.0000,-0.7148,0.0000,0.6993
76.703,1,6.511,-1.646,-1.795,0.0000,-0.7148,0.0000,0.6993
76.737,1,6.511,-1.646,-1.795,0.0000,-0.7148,0.0000,0.6993
76.772,1,6.511,-1.646,-1.795,0.0000,-0.7148,0.0000,0.6993
76.795,1,6.511,-1.646,-1.795,0.0000,-0.7148,0.0000,0.6993
76.841,1,6.511,-1.646,-1.795,0.0000,-0.7148,0.0000,0.6993
76.867,1,6.511,-1.646,-1.795,0.0000,-0.7148,0.0000,0.6993
76.905,1,6.511,-1.646,-1.795,0.0000,-0.7148,0.0000,0.6993
76.942,1,6.511,-1.646,-1.795,0.0000,-0.7148,0.0000,0.6993
76.967,1,6.511,-1.646,-1.795,0.0000,-0.7148,0.0000,0.6993
76.998,1,6.511,-1.646,-1.795,0.0000,-0.7148,0.0000,0.6993
77.030,1,6.511,-1.646,-1.795,0.0000,-0.7148,0.0000,0.6993
77.073,1,6.511,-1.646,-1.795,0.0000,-0.7148,0.0000,0.6993
77.105,1,6.511,-1.646,-1.795,0.0000,-0.7148,0.0000,0.6993
77.140,1,6.511,-1.646,-1.795,0.0000,-0.7148,0.0000,0.6993
77.173,1,6.511,-1.646,-1.795,0.0000,-0.7148,0.0000,0.6993
77.196,1,6.511,-1.646,-1.795,0.0000,-0.7148,0.0000,0.6993
77.229,1,6.511,-1.646,-1.795,0.0000,-0.7148,0.0000,0.6993
77.263,1,6.511,-1.646,-1.795,0.0000,-0.7148,0.0000,0.6993
77.297,1,6.511,-1.646,-1.795,0.0000,-0.7148,0.0000,0.6993
77.332,1,6.511,-1.646,-1.795,0.0000,-0.7148,0.0000,0.6993
77.368,1,6.511,-1.646,-1.795,0.0000,-0.7148,0.0000,0.6993
77.401,1,6.511,-1.646,-1.795,0.0000,-0.7148,0.0000,0.6993
77.431,1,6.511,-1.646,-1.795,0.0000,-0.7148,0.0000,0.6993
77.465,1,6.511,-1.646,-1.795,0.0000,-0.7148,0.0000,0.6993
77.500,1,6.511,-1.646,-1.795,0.0000,-0.7148,0.0000,0.6993
77.538,1,6.511,-1.646,-1.795,0.0000,-0.7148,0.0000,0.6993
77.562,1,6.511,-1.646,-1.795,0.0000,-0.7148,0.0000,0.6993
77.596,1,6.511,-1.646,-1.795,0.0000,-0.7148,0.0000,0.6993
77.631,1,6.511,-1.646,-1.795,0.0000,-0.7148,0.0000,0.6993
77.665,1,6.511,-1.646,-1.795,0.0000,-0.7148,0.0000,0.6993
77.699,1,6.511,-1.646,-1.795,0.0000,-0.7148,0.0000,0.6993
77.732,1,6.511,-1.646,-1.795,0.0000,-0.7148,0.0000,0.6993
77.765,1,6.511,-1.646,-1.795,0.0000,-0.7148,0.0000,0.6993
77.798,1,6.511,-1.646,-1.795,0.0000,-0.7148,0.0000,0.6993
77.836,1,6.511,-1.646,-1.795,0.0000,-0.7148,0.0000,0.6993
77.867,1,6.511,-1.646,-1.795,0.0000,-0.7148,0.0000,0.6993
77.899,1,6.511,-1.646,-1.795,0.0000,-0.7148,0.0000,0.6993
77.931,1,6.511,-1.646,-1.795,0.0000,-0.7148,0.0000,0.6993
77.962,1,6.511,-1.646,-1.795,0.0000,-0.7148,0.0000,0.6993
78.003,1,6.511,-1.646,-1.795,0.0000,-0.7148,0.0000,0.6993
78.035,1,6.511,-1.646,-1.795,0.0000,-0.7148,0.0000,0.6993
78.065,1,6.511,-1.646,-1.795,0.0000,-0.7148,0.0000,0.6993
78.098,1,6.511,-1.646,-1.795,0.0000,-0.7148,0.0000,0.6993
78.129,1,6.511,-1.646,-1.795,0.0000,-0.7148,0.0000,0.6993
78.169,1,6.511,-1.646,-1.795,0.0000,-0.7148,0.0000,0.6993
78.200,1,6.511,-1.646,-1.795,0.0000,-0.7148,0.0000,0.6993
78.232,1,6.511,-1.646,-1.795,0.0000,-0.7148,0.0000,0.6993
78.265,1,6.511,-1.646,-1.795,0.0000,-0.7148,0.0000,0.6993
78.305,1,6.511,-1.646,-1.795,0.0000,-0.7148,0.0000,0.6993
78.337,1,6.511,-1.646,-1.795,0.0000,-0.7148,0.0000,0.6993
78.368,1,6.511,-1.646,-1.795,0.0000,-0.7148,0.0000,0.6993
78.400,1,6.511,-1.646,-1.795,0.0000,-0.7148,0.0000,0.6993
78.435,1,6.511,-1.646,-1.795,0.0000,-0.7148,0.0000,0.6993
78.468,1,6.511,-1.646,-1.795,0.0000,-0.7148,0.0000,0.6993
78.500,1,6.511,-1.646,-1.795,0.0000,-0.7148,0.0000,0.6993
78.532,1,6.511,-1.646,-1.795,0.0000,-0.7148,0.0000,0.6993
78.567,1,6.511,-1.646,-1.795,0.0000,-0.7148,0.0000,0.6993
78.598,1,6.511,-1.646,-1.795,0.0000,-0.7148,0.0000,0.6993
78.628,1,6.511,-1.646,-1.795,0.0000,-0.7148,0.0000,0.6993
78.670,1,6.511,-1.646,-1.795,0.0000,-0.7148,0.0000,0.6993
78.699,1,6.511,-1.646,-1.795,0.0000,-0.7148,0.0000,0.6993
78.740,1,6.511,-1.646,-1.795,0.0000,-0.7148,0.0000,0.6993
78.771,1,6.511,-1.646,-1.795,0.0000,-0.7148,0.0000,0.6993
78.799,1,6.511,-1.646,-1.795,0.0000,-0.7148,0.0000,0.6993
78.833,1,6.511,-1.646,-1.795,0.0000,-0.7148,0.0000,0.6993
78.870,1,6.511,-1.646,-1.795,0.0000,-0.7148,0.0000,0.6993
78.901,1,6.511,-1.646,-1.795,0.0000,-0.7148,0.0000,0.6993
78.937,1,6.511,-1.646,-1.795,0.0000,-0.7148,0.0000,0.6993
78.965,1,6.511,-1.646,-1.795,0.0000,-0.7148,0.0000,0.6993
78.997,1,6.511,-1.646,-1.795,0.0000,-0.7148,0.0000,0.6993
79.034,1,6.511,-1.646,-1.795,0.0000,-0.7148,0.0000,0.6993
79.065,1,6.511,-1.646,-1.795,0.0000,-0.7148,0.0000,0.6993
79.095,1,6.511,-1.646,-1.795,0.0000,-0.7148,0.0000,0.6993
79.136,1,6.511,-1.646,-1.795,0.0000,-0.7148,0.0000,0.6993
79.166,1,6.511,-1.646,-1.795,0.0000,-0.7148,0.0000,0.6993
79.203,1,6.511,-1.646,-1.795,0.0000,-0.7148,0.0000,0.6993
79.233,1,6.511,-1.646,-1.795,0.0000,-0.7148,0.0000,0.6993
79.262,1,6.511,-1.646,-1.795,0.0000,-0.7148,0.0000,0.6993
79.302,1,6.511,-1.646,-1.795,0.0000,-0.7148,0.0000,0.6993
79.335,1,6.511,-1.646,-1.795,0.0000,-0.7148,0.0000,0.6993
79.368,1,6.511,-1.646,-1.795,0.0000,-0.7148,0.0000,0.6993
79.399,1,6.511,-1.646,-1.795,0.0000,-0.7148,0.0000,0.6993
79.431,1,6.511,-1.646,-1.795,0.0000,-0.7148,0.0000,0.6993
79.462,1,6.511,-1.646,-1.795,0.0000,-0.7148,0.0000,0.6993
79.501,1,6.511,-1.646,-1.795,0.0000,-0.7148,0.0000,0.6993
79.530,1,6.511,-1.646,-1.795,0.0000,-0.7148,0.0000,0.6993
79.570,1,6.511,-1.646,-1.795,0.0000,-0.7148,0.0000,0.6993
79.600,1,6.511,-1.646,-1.795,0.0000,-0.7148,0.0000,0.6993
79.632,1,6.511,-1.646,-1.795,0.0000,-0.7148,0.0000,0.6993
79.670,1,6.511,-1.646,-1.795,0.0000,-0.7148,0.0000,0.6993
79.699,1,6.511,-1.646,-1.795,0.0000,-0.7148,0.0000,0.6993
79.738,1,6.511,-1.646,-1.795,0.0000,-0.7148,0.0000,0.6993
79.770,1,6.511,-1.646,-1.795,0.0000,-0.7148,0.0000,0.6993
79.803,1,6.511,-1.646,-1.795,0.0000,-0.7148,0.0000,0.6993
79.834,1,6.511,-1.646,-1.795,0.0000,-0.7148,0.0000,0.6993
79.865,1,6.511,-1.646,-1.795,0.0000,-0.7148,0.0000,0.6993
79.897,1,6.511,-1.646,-1.795,0.0000,-0.7148,0.0000,0.6993
79.929,1,6.511,-1.646,-1.795,0.0000,-0.7148,0.0000,0.6993
79.971,1,6.511,-1.646,-1.795,0.0000,-0.7148,0.0000,0.6993
80.004,1,6.511,-1.646,-1.795,0.0000,-0.7148,0.0000,0.6993
80.035,1,6.511,-1.646,-1.795,0.0000,-0.7148,0.0000,0.6993
80.067,1,6.511,-1.646,-1.795,0.0000,-0.7148,0.0000,0.6993
80.098,1,6.511,-1.646,-1.795,0.0000,-0.7148,0.0000,0.6993
80.132,1,6.511,-1.646,-1.795,0.0000,-0.7148,0.0000,0.6993
80.165,1,6.511,-1.646,-1.795,0.0000,-0.7148,0.0000,0.6993
80.205,1,6.511,-1.646,-1.795,0.0000,-0.7148,0.0000,0.6993
80.236,1,6.511,-1.646,-1.795,0.0000,-0.7148,0.0000,0.6993
80.268,1,6.511,-1.646,-1.795,0.0000,-0.7148,0.0000,0.6993
80.299,1,6.511,-1.646,-1.795,0.0000,-0.7148,0.0000,0.6993
80.331,1,6.511,-1.646,-1.795,0.0000,-0.7148,0.0000,0.6993
80.364,1,6.511,-1.646,-1.795,0.0000,-0.7148,0.0000,0.6993
80.396,1,6.511,-1.646,-1.795,0.0000,-0.7148,0.0000,0.6993
80.437,1,6.511,-1.646,-1.795,0.0000,-0.7148,0.0000,0.6993
80.469,1,6.511,-1.646,-1.795,0.0000,-0.7148,0.0000,0.6993
80.501,1,6.511,-1.646,-1.795,0.0000,-0.7148,0.0000,0.6993
80.533,1,6.511,-1.646,-1.795,0.0000,-0.7148,0.0000,0.6993
80.602,1,6.511,-1.646,-1.795,0.0000,-0.7148,0.0000,0.6993
80.602,1,6.511,-1.646,-1.795,0.0000,-0.7148,0.0000,0.6993
80.644,1,6.511,-1.646,-1.795,0.0000,-0.7148,0.0000,0.6993
80.664,1,6.511,-1.646,-1.795,0.0000,-0.7148,0.0000,0.6993
80.704,1,6.511,-1.646,-1.795,0.0000,-0.7148,0.0000,0.6993
80.733,1,6.511,-1.646,-1.795,0.0000,-0.7148,0.0000,0.6993
80.763,1,6.511,-1.646,-1.795,0.0000,-0.7148,0.0000,0.6993
80.803,1,6.511,-1.646,-1.795,0.0000,-0.7148,0.0000,0.6993
80.831,1,6.511,-1.646,-1.795,0.0000,-0.7148,0.0000,0.6993
80.870,1,6.511,-1.646,-1.795,0.0000,-0.7148,0.0000,0.6993
80.902,1,6.511,-1.646,-1.795,0.0000,-0.7148,0.0000,0.6993
80.931,1,6.511,-1.646,-1.795,0.0000,-0.7148,0.0000,0.6993
80.973,1,6.511,-1.646,-1.795,0.0000,-0.7148,0.0000,0.6993
81.003,1,6.511,-1.646,-1.795,0.0000,-0.7148,0.0000,0.6993
81.032,1,6.511,-1.646,-1.795,0.0000,-0.7148,0.0000,0.6993
81.076,1,6.511,-1.646,-1.795,0.0000,-0.7148,0.0000,0.6993
81.106,1,6.511,-1.646,-1.795,0.0000,-0.7148,0.0000,0.6993
81.134,1,6.511,-1.646,-1.795,0.0000,-0.7148,0.0000,0.6993
81.166,1,6.511,-1.646,-1.795,0.0000,-0.7148,0.0000,0.6993
81.198,1,6.511,-1.646,-1.795,0.0000,-0.7148,0.0000,0.6993
81.231,1,6.511,-1.646,-1.795,0.0000,-0.7148,0.0000,0.6993
81.263,1,6.511,-1.646,-1.795,0.0000,-0.7148,0.0000,0.6993
81.298,1,6.511,-1.646,-1.795,0.0000,-0.7148,0.0000,0.6993
81.334,1,6.511,-1.646,-1.795,0.0000,-0.7148,0.0000,0.6993
81.368,1,6.511,-1.646,-1.795,0.0000,-0.7148,0.0000,0.6993
81.404,1,6.511,-1.646,-1.795,0.0000,-0.7148,0.0000,0.6993
81.429,1,6.511,-1.646,-1.795,0.0000,-0.7148,0.0000,0.6993
81.464,1,6.511,-1.646,-1.795,0.0000,-0.7148,0.0000,0.6993
81.500,1,6.511,-1.646,-1.795,0.0000,-0.7148,0.0000,0.6993
81.536,1,6.511,-1.646,-1.795,0.0000,-0.7148,0.0000,0.6993
81.572,1,6.511,-1.646,-1.795,0.0000,-0.7148,0.0000,0.6993
81.595,1,6.511,-1.646,-1.795,0.0000,-0.7148,0.0000,0.6993
81.632,1,6.511,-1.646,-1.795,0.0000,-0.7148,0.0000,0.6993
81.668,1,6.511,-1.646,-1.795,0.0000,-0.7148,0.0000,0.6993
81.704,1,6.511,-1.646,-1.795,0.0000,-0.7148,0.0000,0.6993
81.739,1,6.511,-1.646,-1.795,0.0000,-0.7148,0.0000,0.6993
81.764,1,6.511,-1.646,-1.795,0.0000,-0.7148,0.0000,0.6993
81.800,1,6.511,-1.646,-1.795,0.0000,-0.7148,0.0000,0.6993
81.835,1,6.511,-1.646,-1.795,0.0000,-0.7148,0.0000,0.6993
81.870,1,6.511,-1.646,-1.795,0.0000,-0.7148,0.0000,0.6993
81.906,1,6.511,-1.646,-1.795,0.0000,-0.7148,0.0000,0.6993
81.930,1,6.511,-1.646,-1.795,0.0000,-0.7148,0.0000,0.6993
81.967,1,6.511,-1.646,-1.795,0.0000,-0.7148,0.0000,0.6993
82.006,1,6.511,-1.646,-1.795,0.0000,-0.7148,0.0000,0.6993
82.030,1,6.511,-1.646,-1.795,0.0000,-0.7148,0.0000,0.6993
82.067,1,6.511,-1.646,-1.795,0.0000,-0.7148,0.0000,0.6993
82.101,1,6.511,-1.646,-1.795,0.0000,-0.7148,0.0000,0.6993
82.136,1,6.511,-1.646,-1.795,0.0000,-0.7148,0.0000,0.6993
82.170,1,6.511,-1.646,-1.795,0.0000,-0.7148,0.0000,0.6993
82.195,1,6.511,-1.646,-1.795,0.0000,-0.7148,0.0000,0.6993
82.230,1,6.511,-1.646,-1.795,0.0000,-0.7148,0.0000,0.6993
82.266,1,6.511,-1.646,-1.795,0.0000,-0.7148,0.0000,0.6993
82.303,1,6.511,-1.646,-1.795,0.0000,-0.7148,0.0000,0.6993
82.339,1,6.511,-1.646,-1.795,0.0000,-0.7148,0.0000,0.6993
82.363,1,6.511,-1.646,-1.795,0.0000,-0.7148,0.0000,0.6993
82.398,1,6.511,-1.646,-1.795,0.0000,-0.7148,0.0000,0.6993
82.436,1,6.511,-1.646,-1.795,0.0000,-0.7148,0.0000,0.6993
82.465,1,6.511,-1.646,-1.795,0.0000,-0.7148,0.0000,0.6993
82.500,1,6.511,-1.646,-1.795,0.0000,-0.7148,0.0000,0.6993
82.535,1,6.511,-1.646,-1.795,0.0000,-0.7148,0.0000,0.6993
82.570,1,6.511,-1.646,-1.795,0.0000,-0.7148,0.0000,0.6993
82.605,1,6.511,-1.646,-1.795,0.0000,-0.7148,0.0000,0.6993
82.639,1,6.511,-1.646,-1.795,0.0000,-0.7148,0.0000,0.6993
82.663,1,6.511,-1.646,-1.795,0.0000,-0.7148,0.0000,0.6993
82.699,1,6.511,-1.646,-1.795,0.0000,-0.7148,0.0000,0.6993
82.735,1,6.511,-1.646,-1.795,0.0000,-0.7148,0.0000,0.6993
82.770,1,6.511,-1.646,-1.795,0.0000,-0.7148,0.0000,0.6993
82.806,1,6.511,-1.646,-1.795,0.0000,-0.7148,0.0000,0.6993
82.832,1,6.511,-1.646,-1.795,0.0000,-0.7148,0.0000,0.6993
82.868,1,6.511,-1.646,-1.795,0.0000,-0.7148,0.0000,0.6993
82.903,1,6.511,-1.646,-1.795,0.0000,-0.7148,0.0000,0.6993
82.937,1,6.511,-1.646,-1.795,0.0000,-0.7148,0.0000,0.6993
82.962,1,6.511,-1.646,-1.795,0.0000,-0.7148,0.0000,0.6993
82.997,1,6.511,-1.646,-1.795,0.0000,-0.7148,0.0000,0.6993
83.034,1,6.511,-1.646,-1.795,0.0000,-0.7148,0.0000,0.6993
83.069,1,6.511,-1.646,-1.795,0.0000,-0.7148,0.0000,0.6993
83.104,1,6.511,-1.646,-1.795,0.0000,-0.7148,0.0000,0.6993
83.128,1,6.511,-1.646,-1.795,0.0000,-0.7148,0.0000,0.6993
83.165,1,6.511,-1.646,-1.795,0.0000,-0.7148,0.0000,0.6993
83.201,1,6.511,-1.646,-1.795,0.0000,-0.7148,0.0000,0.6993
83.238,1,6.511,-1.646,-1.795,0.0000,-0.7148,0.0000,0.6993
83.261,1,6.511,-1.646,-1.795,0.0000,-0.7148,0.0000,0.6993
83.298,1,6.511,-1.646,-1.795,0.0000,-0.7148,0.0000,0.6993
83.333,1,6.511,-1.646,-1.795,0.0000,-0.7148,0.0000,0.6993
83.369,1,6.511,-1.646,-1.795,0.0000,-0.7148,0.0000,0.6993
83.405,1,6.511,-1.646,-1.795,0.0000,-0.7148,0.0000,0.6993
83.429,1,6.511,-1.646,-1.795,0.0000,-0.7148,0.0000,0.6993
83.465,1,6.511,-1.646,-1.795,0.0000,-0.7148,0.0000,0.6993
83.504,1,6.511,-1.646,-1.795,0.0000,-0.7148,0.0000,0.6993
83.538,1,6.511,-1.646,-1.795,0.0000,-0.7148,0.0000,0.6993
83.575,1,6.511,-1.646,-1.795,0.0000,-0.7148,0.0000,0.6993
83.597,1,6.511,-1.646,-1.795,0.0000,-0.7148,0.0000,0.6993
83.633,1,6.511,-1.646,-1.795,0.0000,-0.7148,0.0000,0.6993
83.669,1,6.511,-1.646,-1.795,0.0000,-0.7148,0.0000,0.6993
83.704,1,6.511,-1.646,-1.795,0.0000,-0.7148,0.0000,0.6993
83.729,1,6.511,-1.646,-1.795,0.0000,-0.7148,0.0000,0.6993
83.765,1,6.511,-1.646,-1.795,0.0000,-0.7148,0.0000,0.6993
83.802,1,6.511,-1.646,-1.795,0.0000,-0.7148,0.0000,0.6993
83.837,1,6.511,-1.646,-1.795,0.0000,-0.7148,0.0000,0.6993
83.873,1,6.511,-1.646,-1.795,0.0000,-0.7148,0.0000,0.6993
83.897,1,6.511,-1.646,-1.795,0.0000,-0.7148,0.0000,0.6993
83.936,1,6.511,-1.646,-1.795,0.0000,-0.7148,0.0000,0.6993
83.965,1,6.511,-1.646,-1.795,0.0000,-0.7148,0.0000,0.6993
83.998,1,6.511,-1.646,-1.795,0.0000,-0.7148,0.0000,0.6993
84.032,1,6.511,-1.646,-1.795,0.0000,-0.7148,0.0000,0.6993
84.065,1,6.511,-1.646,-1.795,0.0000,-0.7148,0.0000,0.6993
84.096,1,6.511,-1.646,-1.795,0.0000,-0.7148,0.0000,0.6993
84.138,1,6.511,-1.646,-1.795,0.0000,-0.7148,0.0000,0.6993
84.164,1,6.511,-1.646,-1.795,0.0000,-0.7148,0.0000,0.6993
84.202,1,6.511,-1.646,-1.795,0.0000,-0.7148,0.0000,0.6993
84.233,1,6.511,-1.646,-1.795,0.0000,-0.7148,0.0000,0.6993
84.266,1,6.511,-1.646,-1.795,0.0000,-0.7148,0.0000,0.6993
84.299,1,6.511,-1.646,-1.795,0.0000,-0.7148,0.0000,0.6993
84.333,1,6.511,-1.646,-1.795,0.0000,-0.7148,0.0000,0.6993
84.367,1,6.511,-1.646,-1.795,0.0000,-0.7148,0.0000,0.6993
84.402,1,6.511,-1.646,-1.795,0.0000,-0.7148,0.0000,0.6993
84.438,1,6.511,-1.646,-1.795,0.0000,-0.7148,0.0000,0.6993
84.463,1,6.511,-1.646,-1.795,0.0000,-0.7148,0.0000,0.6993
84.498,1,6.511,-1.646,-1.795,0.0000,-0.7148,0.0000,0.6993
84.535,1,6.511,-1.646,-1.795,0.0000,-0.7148,0.0000,0.6993
84.569,1,6.511,-1.646,-1.795,0.0000,-0.7148,0.0000,0.6993
84.605,1,6.511,-1.646,-1.795,0.0000,-0.7148,0.0000,0.6993
84.630,1,6.511,-1.646,-1.795,0.0000,-0.7148,0.0000,0.6993
84.665,1,6.511,-1.646,-1.795,0.0000,-0.7148,0.0000,0.6993
84.701,1,6.511,-1.646,-1.795,0.0000,-0.7148,0.0000,0.6993
84.736,1,6.511,-1.646,-1.795,0.0000,-0.7148,0.0000,0.6993
84.762,1,6.511,-1.646,-1.795,0.0000,-0.7148,0.0000,0.6993
84.805,1,6.511,-1.646,-1.795,0.0000,-0.7148,0.0000,0.6993
84.829,1,6.511,-1.646,-1.795,0.0000,-0.7148,0.0000,0.6993
84.871,1,6.511,-1.646,-1.795,0.0000,-0.7148,0.0000,0.6993
84.908,1,6.511,-1.646,-1.795,0.0000,-0.7148,0.0000,0.6993
84.929,1,6.511,-1.646,-1.795,0.0000,-0.7148,0.0000,0.6993
84.966,1,6.511,-1.646,-1.795,0.0000,-0.7148,0.0000,0.6993
85.002,1,6.511,-1.646,-1.795,0.0000,-0.7148,0.0000,0.6993
85.038,1,6.511,-1.646,-1.795,0.0000,-0.7148,0.0000,0.6993
85.062,1,6.511,-1.646,-1.795,0.0000,-0.7148,0.0000,0.6993
85.098,1,6.511,-1.646,-1.795,0.0000,-0.7148,0.0000,0.6993
85.134,1,6.511,-1.646,-1.795,0.0000,-0.7148,0.0000,0.6993
85.171,1,6.511,-1.646,-1.795,0.0000,-0.7148,0.0000,0.6993
85.195,1,6.511,-1.646,-1.795,0.0000,-0.7148,0.0000,0.6993
85.231,1,6.511,-1.646,-1.795,0.0000,-0.7148,0.0000,0.6993
85.267,1,6.511,-1.646,-1.795,0.0000,-0.7148,0.0000,0.6993
85.303,1,6.511,-1.646,-1.795,0.0000,-0.7148,0.0000,0.6993
85.340,1,6.511,-1.646,-1.795,0.0000,-0.7148,0.0000,0.6993
85.364,1,6.511,-1.646,-1.795,0.0000,-0.7148,0.0000,0.6993
85.401,1,6.511,-1.646,-1.795,0.0000,-0.7148,0.0000,0.6993
85.437,1,6.511,-1.646,-1.795,0.0000,-0.7148,0.0000,0.6993
85.472,1,6.511,-1.646,-1.795,0.0000,-0.7148,0.0000,0.6993
85.498,1,6.511,-1.646,-1.795,0.0000,-0.7148,0.0000,0.6993
85.534,1,6.511,-1.646,-1.795,0.0000,-0.7148,0.0000,0.6993
85.564,1,6.511,-1.646,-1.795,0.0000,-0.7148,0.0000,0.6993
85.600,1,6.511,-1.646,-1.795,0.0000,-0.7148,0.0000,0.6993
85.635,1,6.511,-1.646,-1.795,0.0000,-0.7148,0.0000,0.6993
85.666,1,6.511,-1.646,-1.795,0.0000,-0.7148,0.0000,0.6993
85.719,1,6.511,-1.646,-1.795,0.0000,-0.7148,0.0000,0.6993
85.745,1,6.511,-1.646,-1.795,0.0000,-0.7148,0.0000,0.6993
85.767,1,6.511,-1.646,-1.795,0.0000,-0.7148,0.0000,0.6993
85.799,1,6.511,-1.646,-1.795,0.0000,-0.7148,0.0000,0.6993
85.830,1,6.511,-1.646,-1.795,0.0000,-0.7148,0.0000,0.6993
85.861,1,6.511,-1.646,-1.795,0.0000,-0.7148,0.0000,0.6993
85.897,1,6.511,-1.646,-1.795,0.0000,-0.7148,0.0000,0.6993
85.934,1,6.511,-1.646,-1.795,0.0000,-0.7148,0.0000,0.6993
85.971,1,6.511,-1.646,-1.795,0.0000,-0.7148,0.0000,0.6993
85.996,1,6.511,-1.646,-1.795,0.0000,-0.7148,0.0000,0.6993
86.032,1,6.511,-1.646,-1.795,0.0000,-0.7148,0.0000,0.6993
86.069,1,6.511,-1.646,-1.795,0.0000,-0.7148,0.0000,0.6993
86.104,1,6.511,-1.646,-1.795,0.0000,-0.7148,0.0000,0.6993
86.130,1,6.511,-1.646,-1.795,0.0000,-0.7148,0.0000,0.6993
86.166,1,6.511,-1.646,-1.795,0.0000,-0.7148,0.0000,0.6993
86.202,1,6.511,-1.646,-1.795,0.0000,-0.7148,0.0000,0.6993
86.239,1,6.511,-1.646,-1.795,0.0000,-0.7148,0.0000,0.6993
86.263,1,6.511,-1.646,-1.795,0.0000,-0.7148,0.0000,0.6993
86.300,1,6.511,-1.646,-1.795,0.0000,-0.7148,0.0000,0.6993
86.336,1,6.511,-1.646,-1.795,0.0000,-0.7148,0.0000,0.6993
86.375,1,6.511,-1.646,-1.795,0.0000,-0.7148,0.0000,0.6993
86.399,1,6.511,-1.646,-1.795,0.0000,-0.7148,0.0000,0.6993
86.434,1,6.511,-1.646,-1.795,0.0000,-0.7148,0.0000,0.6993
86.470,1,6.511,-1.646,-1.795,0.0000,-0.7148,0.0000,0.6993
86.495,1,6.511,-1.646,-1.795,0.0000,-0.7148,0.0000,0.6993
86.534,1,6.511,-1.646,-1.795,0.0000,-0.7148,0.0000,0.6993
86.571,1,6.511,-1.646,-1.795,0.0000,-0.7148,0.0000,0.6993
86.599,1,6.511,-1.646,-1.795,0.0000,-0.7148,0.0000,0.6993
86.636,1,6.511,-1.646,-1.795,0.0000,-0.7148,0.0000,0.6993
86.673,1,6.511,-1.646,-1.795,0.0000,-0.7148,0.0000,0.6993
86.699,1,6.511,-1.646,-1.795,0.0000,-0.7148,0.0000,0.6993
86.738,1,6.511,-1.646,-1.795,0.0000,-0.7148,0.0000,0.6993
86.772,1,6.511,-1.646,-1.795,0.0000,-0.7148,0.0000,0.6993
86.797,1,6.511,-1.646,-1.795,0.0000,-0.7148,0.0000,0.6993
86.832,1,6.511,-1.646,-1.795,0.0000,-0.7148,0.0000,0.6993
86.867,1,6.511,-1.646,-1.795,0.0000,-0.7148,0.0000,0.6993
86.903,1,6.511,-1.646,-1.795,0.0000,-0.7148,0.0000,0.6993
86.936,1,6.511,-1.646,-1.795,0.0000,-0.7148,0.0000,0.6993
86.973,1,6.511,-1.646,-1.795,0.0000,-0.7148,0.0000,0.6993
86.997,1,6.511,-1.646,-1.795,0.0000,-0.7148,0.0000,0.6993
87.032,1,6.511,-1.646,-1.795,0.0000,-0.7148,0.0000,0.6993
87.067,1,6.511,-1.646,-1.795,0.0000,-0.7148,0.0000,0.6993
87.105,1,6.511,-1.646,-1.795,0.0000,-0.7148,0.0000,0.6993
87.128,1,6.511,-1.646,-1.795,0.0000,-0.7148,0.0000,0.6993
87.164,1,6.511,-1.646,-1.795,0.0000,-0.7148,0.0000,0.6993
87.201,1,6.511,-1.646,-1.795,0.0000,-0.7148,0.0000,0.6993
87.237,1,6.511,-1.646,-1.795,0.0000,-0.7148,0.0000,0.6993
87.272,1,6.511,-1.646,-1.795,0.0000,-0.7148,0.0000,0.6993
87.307,1,6.511,-1.646,-1.795,0.0000,-0.7148,0.0000,0.6993
87.330,1,6.511,-1.646,-1.795,0.0000,-0.7148,0.0000,0.6993
87.366,1,6.511,-1.646,-1.795,0.0000,-0.7148,0.0000,0.6993
87.404,1,6.511,-1.646,-1.795,0.0000,-0.7148,0.0000,0.6993
87.432,1,6.511,-1.646,-1.795,0.0000,-0.7148,0.0000,0.6993
87.466,1,6.511,-1.646,-1.795,0.0000,-0.7148,0.0000,0.6993
87.500,1,6.511,-1.646,-1.795,0.0000,-0.7148,0.0000,0.6993
87.532,1,6.511,-1.646,-1.795,0.0000,-0.7148,0.0000,0.6993
87.564,1,6.511,-1.646,-1.795,0.0000,-0.7148,0.0000,0.6993
87.595,1,6.511,-1.646,-1.795,0.0000,-0.7148,0.0000,0.6993
87.629,1,6.511,-1.646,-1.795,0.0000,-0.7148,0.0000,0.6993
87.665,1,6.511,-1.646,-1.795,0.0000,-0.7148,0.0000,0.6993
87.724,1,6.511,-1.646,-1.795,0.0000,-0.7148,0.0000,0.6993
87.734,1,6.511,-1.646,-1.795,0.0000,-0.7148,0.0000,0.6993
87.766,1,6.511,-1.646,-1.795,0.0000,-0.7148,0.0000,0.6993
87.821,1,6.511,-1.646,-1.795,0.0000,-0.7148,0.0000,0.6993
87.846,1,6.511,-1.646,-1.795,0.0000,-0.7148,0.0000,0.6993
87.871,1,6.511,-1.646,-1.795,0.0000,-0.7148,0.0000,0.6993
87.917,1,6.511,-1.646,-1.795,0.0000,-0.7148,0.0000,0.6993
87.940,1,6.511,-1.646,-1.795,0.0000,-0.7148,0.0000,0.6993
87.965,1,6.511,-1.646,-1.795,0.0000,-0.7148,0.0000,0.6993
88.003,1,6.511,-1.646,-1.795,0.0000,-0.7148,0.0000,0.6993
88.035,1,6.511,-1.646,-1.795,0.0000,-0.7148,0.0000,0.6993
88.070,1,6.511,-1.646,-1.795,0.0000,-0.7148,0.0000,0.6993
88.104,1,6.511,-1.646,-1.795,0.0000,-0.7148,0.0000,0.6993
88.138,1,6.511,-1.646,-1.795,0.0000,-0.7148,0.0000,0.6993
88.172,1,6.511,-1.646,-1.795,0.0000,-0.7148,0.0000,0.6993
88.205,1,6.511,-1.646,-1.795,0.0000,-0.7148,0.0000,0.6993
88.238,1,6.511,-1.646,-1.795,0.0000,-0.7148,0.0000,0.6993
88.263,1,6.511,-1.646,-1.795,0.0000,-0.7148,0.0000,0.6993
88.299,1,6.511,-1.646,-1.795,0.0000,-0.7148,0.0000,0.6993
88.334,1,6.511,-1.646,-1.795,0.0000,-0.7148,0.0000,0.6993
88.369,1,6.511,-1.646,-1.795,0.0000,-0.7148,0.0000,0.6993
88.405,1,6.511,-1.646,-1.795,0.0000,-0.7148,0.0000,0.6993
88.428,1,6.511,-1.646,-1.795,0.0000,-0.7148,0.0000,0.6993
88.465,1,6.511,-1.646,-1.795,0.0000,-0.7148,0.0000,0.6993
88.501,1,6.511,-1.646,-1.795,0.0000,-0.7148,0.0000,0.6993
88.536,1,6.511,-1.646,-1.795,0.0000,-0.7148,0.0000,0.6993
88.571,1,6.511,-1.646,-1.795,0.0000,-0.7148,0.0000,0.6993
88.597,1,6.511,-1.646,-1.795,0.0000,-0.7148,0.0000,0.6993
88.633,1,6.511,-1.646,-1.795,0.0000,-0.7148,0.0000,0.6993
88.668,1,6.511,-1.646,-1.795,0.0000,-0.7148,0.0000,0.6993
88.703,1,6.511,-1.646,-1.795,0.0000,-0.7148,0.0000,0.6993
88.739,1,6.511,-1.646,-1.795,0.0000,-0.7148,0.0000,0.6993
88.763,1,6.511,-1.646,-1.795,0.0000,-0.7148,0.0000,0.6993
88.799,1,6.511,-1.646,-1.795,0.0000,-0.7148,0.0000,0.6993
88.836,1,6.511,-1.646,-1.795,0.0000,-0.7148,0.0000,0.6993
88.871,1,6.511,-1.646,-1.795,0.0000,-0.7148,0.0000,0.6993
88.906,1,6.511,-1.646,-1.795,0.0000,-0.7148,0.0000,0.6993
88.945,1,6.511,-1.646,-1.795,0.0000,-0.7148,0.0000,0.6993
88.967,1,6.511,-1.646,-1.795,0.0000,-0.7148,0.0000,0.6993
88.999,1,6.511,-1.646,-1.795,0.0000,-0.7148,0.0000,0.6993
89.032,1,6.511,-1.646,-1.795,0.0000,-0.7148,0.0000,0.6993
89.065,1,6.511,-1.646,-1.795,0.0000,-0.7148,0.0000,0.6993
89.103,1,6.511,-1.646,-1.795,0.0000,-0.7148,0.0000,0.6993
89.137,1,6.511,-1.646,-1.795,0.0000,-0.7148,0.0000,0.6993
89.168,1,6.511,-1.646,-1.795,0.0000,-0.7148,0.0000,0.6993
89.196,1,6.511,-1.646,-1.795,0.0000,-0.7148,0.0000,0.6993
89.233,1,6.511,-1.646,-1.795,0.0000,-0.7148,0.0000,0.6993
89.271,1,6.511,-1.646,-1.795,0.0000,-0.7148,0.0000,0.6993
89.302,1,6.511,-1.646,-1.795,0.0000,-0.7148,0.0000,0.6993
89.331,1,6.511,-1.646,-1.795,0.0000,-0.7148,0.0000,0.6993
89.368,1,6.511,-1.646,-1.795,0.0000,-0.7148,0.0000,0.6993
89.419,1,6.511,-1.646,-1.795,0.0000,-0.7148,0.0000,0.6993
89.429,1,6.511,-1.646,-1.795,0.0000,-0.7148,0.0000,0.6993
89.470,1,6.511,-1.646,-1.795,0.0000,-0.7148,0.0000,0.6993
89.499,1,6.511,-1.646,-1.795,0.0000,-0.7148,0.0000,0.6993
89.536,1,6.511,-1.646,-1.795,0.0000,-0.7148,0.0000,0.6993
89.575,1,6.511,-1.646,-1.795,0.0000,-0.7148,0.0000,0.6993
89.596,1,6.511,-1.646,-1.795,0.0000,-0.7148,0.0000,0.6993
89.636,1,6.511,-1.646,-1.795,0.0000,-0.7148,0.0000,0.6993
89.667,1,6.511,-1.646,-1.795,0.0000,-0.7148,0.0000,0.6993
89.704,1,6.511,-1.646,-1.795,0.0000,-0.7148,0.0000,0.6993
89.731,1,6.511,-1.646,-1.795,0.0000,-0.7148,0.0000,0.6993
89.769,1,6.511,-1.646,-1.795,0.0000,-0.7148,0.0000,0.6993
89.800,1,6.511,-1.646,-1.795,0.0000,-0.7148,0.0000,0.6993
89.836,1,6.511,-1.646,-1.795,0.0000,-0.7148,0.0000,0.6993
89.872,1,6.511,-1.646,-1.795,0.0000,-0.7148,0.0000,0.6993
89.895,1,6.511,-1.646,-1.795,0.0000,-0.7148,0.0000,0.6993
89.931,1,6.511,-1.646,-1.795,0.0000,-0.7148,0.0000,0.6993
89.967,1,6.511,-1.646,-1.795,0.0000,-0.7148,0.0000,0.6993
90.003,1,6.511,-1.646,-1.795,0.0000,-0.7148,0.0000,0.6993
90.039,1,6.511,-1.646,-1.795,0.0000,-0.7148,0.0000,0.6993
90.063,1,6.511,-1.646,-1.795,0.0000,-0.7148,0.0000,0.6993
90.098,1,6.511,-1.646,-1.795,0.0000,-0.7148,0.0000,0.6993
90.135,1,6.511,-1.646,-1.795,0.0000,-0.7148,0.0000,0.6993
90.171,1,6.511,-1.646,-1.795,0.0000,-0.7148,0.0000,0.6993
90.195,1,6.511,-1.646,-1.795,0.0000,-0.7148,0.0000,0.6993
90.231,1,6.511,-1.646,-1.795,0.0000,-0.7148,0.0000,0.6993
90.270,1,6.511,-1.646,-1.795,0.0000,-0.7148,0.0000,0.6993
90.305,1,6.511,-1.646,-1.795,0.0000,-0.7148,0.0000,0.6993
90.329,1,6.511,-1.646,-1.795,0.0000,-0.7148,0.0000,0.6993
90.363,1,6.511,-1.646,-1.795,0.0000,-0.7148,0.0000,0.6993
90.399,1,6.511,-1.646,-1.795,0.0000,-0.7148,0.0000,0.6993
90.435,1,6.511,-1.646,-1.795,0.0000,-0.7148,0.0000,0.6993
90.472,1,6.511,-1.646,-1.795,0.0000,-0.7148,0.0000,0.6993
90.496,1,6.511,-1.646,-1.795,0.0000,-0.7148,0.0000,0.6993
90.538,1,6.511,-1.646,-1.795,0.0000,-0.7148,0.0000,0.6993
90.564,1,6.511,-1.646,-1.795,0.0000,-0.7148,0.0000,0.6993
90.658,1,6.511,-1.646,-1.795,0.0000,-0.7148,0.0000,0.6993
90.658,1,6.511,-1.646,-1.795,0.0000,-0.7148,0.0000,0.6993
90.686,1,6.511,-1.646,-1.795,0.0000,-0.7148,0.0000,0.6993
90.700,1,6.511,-1.646,-1.795,0.0000,-0.7148,0.0000,0.6993
90.734,1,6.511,-1.646,-1.795,0.0000,-0.7148,0.0000,0.6993
90.763,1,6.511,-1.646,-1.795,0.0000,-0.7148,0.0000,0.6993
90.795,1,6.511,-1.646,-1.795,0.0000,-0.7148,0.0000,0.6993
90.838,1,6.511,-1.646,-1.795,0.0000,-0.7148,0.0000,0.6993
90.871,1,6.511,-1.646,-1.795,0.0000,-0.7148,0.0000,0.6993
90.905,1,6.511,-1.646,-1.795,0.0000,-0.7148,0.0000,0.6993
90.931,1,6.511,-1.646,-1.795,0.0000,-0.7148,0.0000,0.6993
90.969,1,6.511,-1.646,-1.795,0.0000,-0.7148,0.0000,0.6993
91.004,1,6.511,-1.646,-1.795,0.0000,-0.7148,0.0000,0.6993
91.028,1,6.511,-1.646,-1.795,0.0000,-0.7148,0.0000,0.6993
91.062,1,6.511,-1.646,-1.795,0.0000,-0.7148,0.0000,0.6993
91.106,1,6.511,-1.646,-1.795,0.0000,-0.7148,0.0000,0.6993
91.132,1,6.511,-1.646,-1.795,0.0000,-0.7148,0.0000,0.6993
91.169,1,6.511,-1.646,-1.795,0.0000,-0.7148,0.0000,0.6993
91.203,1,6.511,-1.646,-1.795,0.0000,-0.7148,0.0000,0.6993
91.237,1,6.511,-1.646,-1.795,0.0000,-0.7148,0.0000,0.6993
91.262,1,6.511,-1.646,-1.795,0.0000,-0.7148,0.0000,0.6993
91.296,1,6.511,-1.646,-1.795,0.0000,-0.7148,0.0000,0.6993
91.331,1,6.511,-1.646,-1.795,0.0000,-0.7148,0.0000,0.6993
91.366,1,6.511,-1.646,-1.795,0.0000,-0.7148,0.0000,0.6993
91.400,1,6.511,-1.646,-1.795,0.0000,-0.7148,0.0000,0.6993
91.435,1,6.511,-1.646,-1.795,0.0000,-0.7148,0.0000,0.6993
91.469,1,6.511,-1.646,-1.795,0.0000,-0.7148,0.0000,0.6993
91.504,1,6.511,-1.646,-1.795,0.0000,-0.7148,0.0000,0.6993
91.529,1,6.511,-1.646,-1.795,0.0000,-0.7148,0.0000,0.6993
91.561,1,6.511,-1.646,-1.795,0.0000,-0.7148,0.0000,0.6993
91.604,1,6.511,-1.646,-1.795,0.0000,-0.7148,0.0000,0.6993
91.640,1,6.511,-1.646,-1.795,0.0000,-0.7148,0.0000,0.6993
91.666,1,6.511,-1.646,-1.795,0.0000,-0.7148,0.0000,0.6993
91.703,1,6.511,-1.646,-1.795,0.0000,-0.7148,0.0000,0.6993
91.736,1,6.511,-1.646,-1.795,0.0000,-0.7148,0.0000,0.6993
91.767,1,6.511,-1.646,-1.795,0.0000,-0.7148,0.0000,0.6993
91.803,1,6.511,-1.646,-1.795,0.0000,-0.7148,0.0000,0.6993
91.835,1,6.511,-1.646,-1.795,0.0000,-0.7148,0.0000,0.6993
91.870,1,6.511,-1.646,-1.795,0.0000,-0.7148,0.0000,0.6993
91.903,1,6.511,-1.646,-1.795,0.0000,-0.7148,0.0000,0.6993
91.938,1,6.511,-1.646,-1.795,0.0000,-0.7148,0.0000,0.6993
91.963,1,6.511,-1.646,-1.795,0.0000,-0.7148,0.0000,0.6993
91.999,1,6.511,-1.646,-1.795,0.0000,-0.7148,0.0000,0.6993
92.035,1,6.511,-1.646,-1.795,0.0000,-0.7148,0.0000,0.6993
92.070,1,6.511,-1.646,-1.795,0.0000,-0.7148,0.0000,0.6993
92.106,1,6.511,-1.646,-1.795,0.0000,-0.7148,0.0000,0.6993
92.131,1,6.511,-1.646,-1.795,0.0000,-0.7148,0.0000,0.6993
92.166,1,6.511,-1.646,-1.795,0.0000,-0.7148,0.0000,0.6993
92.202,1,6.511,-1.646,-1.795,0.0000,-0.7148,0.0000,0.6993
92.237,1,6.511,-1.646,-1.795,0.0000,-0.7148,0.0000,0.6993
92.273,1,6.511,-1.646,-1.795,0.0000,-0.7148,0.0000,0.6993
92.298,1,6.511,-1.646,-1.795,0.0000,-0.7148,0.0000,0.6993
92.333,1,6.511,-1.646,-1.795,0.0000,-0.7148,0.0000,0.6993
92.370,1,6.511,-1.646,-1.795,0.0000,-0.7148,0.0000,0.6993
92.399,1,6.511,-1.646,-1.795,0.0000,-0.7148,0.0000,0.6993
92.434,1,6.511,-1.646,-1.795,0.0000,-0.7148,0.0000,0.6993
92.465,1,6.511,-1.646,-1.795,0.0000,-0.7148,0.0000,0.6993
92.501,1,6.511,-1.646,-1.795,0.0000,-0.7148,0.0000,0.6993
92.530,1,6.511,-1.646,-1.795,0.0000,-0.7148,0.0000,0.6993
