t,cond,pos.x,pos.y,pos.z,rot.x,rot.y,rot.z,rot.w
5.272,1,6.511,-1.745,-1.795,0.0000,-0.7148,0.0000,0.6993
5.329,1,6.511,-1.794,-1.795,0.0000,-0.7148,0.0000,0.6993
5.390,1,6.511,-1.462,-1.795,0.0000,-0.7148,0.0000,0.6993
5.390,1,6.511,-1.462,-1.795,0.0000,-0.7148,0.0000,0.6993
5.462,1,6.511,-1.725,-1.795,0.0000,-0.7148,0.0000,0.6993
5.462,1,6.511,-1.725,-1.795,0.0000,-0.7148,0.0000,0.6993
5.492,1,6.511,-1.464,-1.795,0.0000,-0.7148,0.0000,0.6993
5.513,1,6.511,-1.582,-1.795,0.0000,-0.7148,0.0000,0.6993
5.535,1,6.511,-1.651,-1.795,0.0000,-0.7148,0.0000,0.6993
5.576,1,6.511,-1.730,-1.795,0.0000,-0.7148,0.0000,0.6993
5.616,1,6.511,-1.655,-1.795,0.0000,-0.7148,0.0000,0.6993
5.639,1,6.511,-1.623,-1.795,0.0000,-0.7148,0.0000,0.6993
5.674,1,6.511,-1.646,-1.795,0.0000,-0.7148,0.0000,0.6993
5.707,1,6.511,-1.646,-1.795,0.0000,-0.7148,0.0000,0.6993
5.738,1,6.511,-1.646,-1.795,0.0000,-0.7148,0.0000,0.6993
5.774,1,6.511,-1.646,-1.795,0.0000,-0.7148,0.0000,0.6993
5.810,1,6.511,-1.646,-1.795,0.0000,-0.7148,0.0000,0.6993
5.843,1,6.511,-1.646,-1.795,0.0000,-0.7148,0.0000,0.6993
5.877,1,6.511,-1.646,-1.795,0.0000,-0.7148,0.0000,0.6993
5.909,1,6.511,-1.646,-1.795,0.0000,-0.7148,0.0000,0.6993
5.935,1,6.511,-1.646,-1.795,0.0000,-0.7148,0.0000,0.6993
5.971,1,6.511,-1.646,-1.795,0.0000,-0.7148,0.0000,0.6993
6.008,1,6.511,-1.646,-1.795,0.0000,-0.7148,0.0000,0.6993
6.039,1,6.511,-1.646,-1.795,0.0000,-0.7148,0.0000,0.6993
6.074,1,6.511,-1.646,-1.795,0.0000,-0.7148,0.0000,0.6993
6.110,1,6.511,-1.646,-1.795,0.0000,-0.7148,0.0000,0.6993
6.138,1,6.511,-1.646,-1.795,0.0000,-0.7148,0.0000,0.6993
6.174,1,6.511,-1.646,-1.795,0.0000,-0.7148,0.0000,0.6993
6.214,1,6.511,-1.646,-1.795,0.0000,-0.7148,0.0000,0.6993
6.235,1,6.511,-1.646,-1.795,0.0000,-0.7148,0.0000,0.6993
6.269,1,6.511,-1.646,-1.795,0.0000,-0.7148,0.0000,0.6993
6.302,1,6.511,-1.646,-1.795,0.0000,-0.7148,0.0000,0.6993
6.335,1,6.511,-1.646,-1.795,0.0000,-0.7148,0.0000,0.6993
6.369,1,6.511,-1.646,-1.795,0.0000,-0.7148,0.0000,0.6993
6.411,1,6.511,-1.646,-1.795,0.0000,-0.7148,0.0000,0.6993
6.435,1,6.511,-1.646,-1.795,0.0000,-0.7148,0.0000,0.6993
6.476,1,6.511,-1.646,-1.795,0.0000,-0.7148,0.0000,0.6993
6.501,1,6.511,-1.646,-1.795,0.0000,-0.7148,0.0000,0.6993
6.538,1,6.511,-1.646,-1.795,0.0000,-0.7148,0.0000,0.6993
6.573,1,6.511,-1.646,-1.795,0.0000,-0.7148,0.0000,0.6993
6.610,1,6.511,-1.646,-1.795,0.0000,-0.7148,0.0000,0.6993
6.634,1,6.511,-1.646,-1.795,0.0000,-0.7148,0.0000,0.6993
6.668,1,6.511,-1.646,-1.795,0.0000,-0.7148,0.0000,0.6993
6.703,1,6.511,-1.646,-1.795,0.0000,-0.7148,0.0000,0.6993
6.745,1,6.511,-1.646,-1.795,0.0000,-0.7148,0.0000,0.6993
6.768,1,6.511,-1.646,-1.795,0.0000,-0.7148,0.0000,0.6993
6.801,1,6.511,-1.646,-1.795,0.0000,-0.7148,0.0000,0.6993
6.837,1,6.511,-1.646,-1.795,0.0000,-0.7148,0.0000,0.6993
6.876,1,6.511,-1.646,-1.795,0.0000,-0.7148,0.0000,0.6993
6.906,1,6.511,-1.646,-1.795,0.0000,-0.7148,0.0000,0.6993
6.938,1,6.511,-1.646,-1.795,0.0000,-0.7148,0.0000,0.6993
6.972,1,6.511,-1.646,-1.795,0.0000,-0.7148,0.0000,0.6993
7.006,1,6.511,-1.646,-1.795,0.0000,-0.7148,0.0000,0.6993
7.042,1,6.511,-1.646,-1.795,0.0000,-0.7148,0.0000,0.6993
7.072,1,6.511,-1.646,-1.795,0.0000,-0.7148,0.0000,0.6993
7.106,1,6.511,-1.646,-1.795,0.0000,-0.7148,0.0000,0.6993
7.136,1,6.511,-1.646,-1.795,0.0000,-0.7148,0.0000,0.6993
7.180,1,6.511,-1.646,-1.795,0.0000,-0.7148,0.0000,0.6993
7.201,1,6.511,-1.646,-1.795,0.0000,-0.7148,0.0000,0.6993
7.244,1,6.511,-1.646,-1.795,0.0000,-0.7148,0.0000,0.6993
7.288,1,6.511,-1.646,-1.795,0.0000,-0.7148,0.0000,0.6993
7.321,1,6.511,-1.646,-1.795,0.0000,-0.7148,0.0000,0.6993
7.355,1,6.511,-1.646,-1.795,0.0000,-0.7148,0.0000,0.6993
7.379,1,6.511,-1.646,-1.795,0.0000,-0.7148,0.0000,0.6993
7.411,1,6.511,-1.646,-1.795,0.0000,-0.7148,0.0000,0.6993
7.445,1,6.511,-1.646,-1.795,0.0000,-0.7148,0.0000,0.6993
7.477,1,6.511,-1.646,-1.795,0.0000,-0.7148,0.0000,0.6993
7.510,1,6.511,-1.646,-1.795,0.0000,-0.7148,0.0000,0.6993
7.553,1,6.511,-1.646,-1.795,0.0000,-0.7148,0.0000,0.6993
7.575,1,6.511,-1.646,-1.795,0.0000,-0.7148,0.0000,0.6993
7.617,1,6.511,-1.646,-1.795,0.0000,-0.7148,0.0000,0.6993
7.639,1,6.511,-1.646,-1.795,0.0000,-0.7148,0.0000,0.6993
7.675,1,6.511,-1.646,-1.795,0.0000,-0.7148,0.0000,0.6993
7.705,1,6.511,-1.646,-1.795,0.0000,-0.7148,0.0000,0.6993
7.743,1,6.511,-1.646,-1.795,0.0000,-0.7148,0.0000,0.6993
7.770,1,6.511,-1.646,-1.795,0.0000,-0.7148,0.0000,0.6993
7.804,1,6.511,-1.646,-1.795,0.0000,-0.7148,0.0000,0.6993
7.838,1,6.511,-1.646,-1.795,0.0000,-0.7148,0.0000,0.6993
7.872,1,6.511,-1.646,-1.795,0.0000,-0.7148,0.0000,0.6993
7.904,1,6.511,-1.646,-1.795,0.0000,-0.7148,0.0000,0.6993
7.935,1,6.511,-1.646,-1.795,0.0000,-0.7148,0.0000,0.6993
7.972,1,6.511,-1.646,-1.795,0.0000,-0.7148,0.0000,0.6993
8.006,1,6.511,-1.646,-1.795,0.0000,-0.7148,0.0000,0.6993
8.039,1,6.511,-1.646,-1.795,0.0000,-0.7148,0.0000,0.6993
8.072,1,6.511,-1.646,-1.795,0.0000,-0.7148,0.0000,0.6993
8.105,1,6.511,-1.646,-1.795,0.0000,-0.7148,0.0000,0.6993
8.137,1,6.511,-1.646,-1.795,0.0000,-0.7148,0.0000,0.6993
8.170,1,6.511,-1.646,-1.795,0.0000,-0.7148,0.0000,0.6993
8.204,1,6.511,-1.646,-1.795,0.0000,-0.7148,0.0000,0.6993
8.239,1,6.511,-1.646,-1.795,0.0000,-0.7148,0.0000,0.6993
8.270,1,6.511,-1.646,-1.795,0.0000,-0.7148,0.0000,0.6993
8.303,1,6.511,-1.646,-1.795,0.0000,-0.7148,0.0000,0.6993
8.336,1,6.511,-1.646,-1.795,0.0000,-0.7148,0.0000,0.6993
8.369,1,6.511,-1.646,-1.795,0.0000,-0.7148,0.0000,0.6993
8.404,1,6.511,-1.646,-1.795,0.0000,-0.7148,0.0000,0.6993
8.437,1,6.511,-1.646,-1.795,0.0000,-0.7148,0.0000,0.6993
8.470,1,6.511,-1.646,-1.795,0.0000,-0.7148,0.0000,0.6993
8.503,1,6.511,-1.646,-1.795,0.0000,-0.7148,0.0000,0.6993
8.535,1,6.511,-1.646,-1.795,0.0000,-0.7148,0.0000,0.6993
8.570,1,6.511,-1.646,-1.795,0.0000,-0.7148,0.0000,0.6993
8.605,1,6.511,-1.646,-1.795,0.0000,-0.7148,0.0000,0.6993
8.641,1,6.511,-1.646,-1.795,0.0000,-0.7148,0.0000,0.6993
8.671,1,6.511,-1.646,-1.795,0.0000,-0.7148,0.0000,0.6993
8.703,1,6.511,-1.646,-1.795,0.0000,-0.7148,0.0000,0.6993
8.735,1,6.511,-1.646,-1.795,0.0000,-0.7148,0.0000,0.6993
8.767,1,6.511,-1.646,-1.795,0.0000,-0.7148,0.0000,0.6993
8.811,1,6.511,-1.646,-1.795,0.0000,-0.7148,0.0000,0.6993
8.843,1,6.511,-1.646,-1.795,0.0000,-0.7148,0.0000,0.6993
8.876,1,6.511,-1.646,-1.795,0.0000,-0.7148,0.0000,0.6993
8.912,1,6.511,-1.646,-1.795,0.0000,-0.7148,0.0000,0.6993
8.943,1,6.511,-1.646,-1.795,0.0000,-0.7148,0.0000,0.6993
8.974,1,6.511,-1.646,-1.795,0.0000,-0.7148,0.0000,0.6993
9.004,1,6.511,-1.646,-1.795,0.0000,-0.7148,0.0000,0.6993
9.034,1,6.511,-1.646,-1.795,0.0000,-0.7148,0.0000,0.6993
9.077,1,6.511,-1.646,-1.795,0.0000,-0.7148,0.0000,0.6993
9.105,1,6.511,-1.646,-1.795,0.0000,-0.7148,0.0000,0.6993
9.135,1,6.511,-1.646,-1.795,0.0000,-0.7148,0.0000,0.6993
9.176,1,6.511,-1.646,-1.795,0.0000,-0.7148,0.0000,0.6993
9.208,1,6.511,-1.646,-1.795,0.0000,-0.7148,0.0000,0.6993
9.240,1,6.511,-1.646,-1.795,0.0000,-0.7148,0.0000,0.6993
9.273,1,6.511,-1.646,-1.795,0.0000,-0.7148,0.0000,0.6993
9.306,1,6.511,-1.646,-1.795,0.0000,-0.7148,0.0000,0.6993
9.335,1,6.511,-1.646,-1.795,0.0000,-0.7148,0.0000,0.6993
9.375,1,6.511,-1.646,-1.795,0.0000,-0.7148,0.0000,0.6993
9.406,1,6.511,-1.646,-1.795,0.0000,-0.7148,0.0000,0.6993
9.438,1,6.511,-1.646,-1.795,0.0000,-0.7148,0.0000,0.6993
9.471,1,6.511,-1.646,-1.795,0.0000,-0.7148,0.0000,0.6993
9.503,1,6.511,-1.646,-1.795,0.0000,-0.7148,0.0000,0.6993
9.537,1,6.511,-1.646,-1.795,0.0000,-0.7148,0.0000,0.6993
9.579,1,6.511,-1.646,-1.795,0.0000,-0.7148,0.0000,0.6993
9.602,1,6.511,-1.646,-1.795,0.0000,-0.7148,0.0000,0.6993
9.636,1,6.511,-1.646,-1.795,0.0000,-0.7148,0.0000,0.6993
9.672,1,6.511,-1.646,-1.795,0.0000,-0.7148,0.0000,0.6993
9.704,1,6.511,-1.646,-1.795,0.0000,-0.7148,0.0000,0.6993
9.743,1,6.511,-1.646,-1.795,0.0000,-0.7148,0.0000,0.6993
9.776,1,6.511,-1.646,-1.795,0.0000,-0.7148,0.0000,0.6993
9.809,1,6.511,-1.646,-1.795,0.0000,-0.7148,0.0000,0.6993
9.841,1,6.511,-1.646,-1.795,0.0000,-0.7148,0.0000,0.6993
9.873,1,6.511,-1.646,-1.795,0.0000,-0.7148,0.0000,0.6993
9.906,1,6.511,-1.646,-1.795,0.0000,-0.7148,0.0000,0.6993
9.937,1,6.511,-1.646,-1.795,0.0000,-0.7148,0.0000,0.6993
9.971,1,6.511,-1.646,-1.795,0.0000,-0.7148,0.0000,0.6993
10.002,1,6.511,-1.646,-1.795,0.0000,-0.7148,0.0000,0.6993
10.044,1,6.511,-1.646,-1.795,0.0000,-0.7148,0.0000,0.6993
10.076,1,6.511,-1.646,-1.795,0.0000,-0.7148,0.0000,0.6993
10.108,1,6.511,-1.646,-1.795,0.0000,-0.7148,0.0000,0.6993
10.139,1,6.511,-1.646,-1.795,0.0000,-0.7148,0.0000,0.6993
10.169,1,6.511,-1.646,-1.795,0.0000,-0.7148,0.0000,0.6993
10.205,1,6.511,-1.646,-1.795,0.0000,-0.7148,0.0000,0.6993
10.238,1,6.511,-1.646,-1.795,0.0000,-0.7148,0.0000,0.6993
10.270,1,6.511,-1.646,-1.795,0.0000,-0.7148,0.0000,0.6993
10.305,1,6.511,-1.646,-1.795,0.0000,-0.7148,0.0000,0.6993
10.335,1,6.511,-1.646,-1.795,0.0000,-0.7148,0.0000,0.6993
10.377,1,6.511,-1.646,-1.795,0.0000,-0.7148,0.0000,0.6993
10.410,1,6.511,-1.646,-1.795,0.0000,-0.7148,0.0000,0.6993
10.440,1,6.511,-1.646,-1.795,0.0000,-0.7148,0.0000,0.6993
10.468,1,6.511,-1.646,-1.795,0.0000,-0.7148,0.0000,0.6993
10.509,1,6.511,-1.646,-1.795,0.0000,-0.7148,0.0000,0.6993
10.541,1,6.511,-1.646,-1.795,0.0000,-0.7148,0.0000,0.6993
10.573,1,6.511,-1.646,-1.795,0.0000,-0.7148,0.0000,0.6993
10.604,1,6.511,-1.646,-1.795,0.0000,-0.7148,0.0000,0.6993
10.644,1,6.511,-1.646,-1.795,0.0000,-0.7148,0.0000,0.6993
10.677,1,6.511,-1.646,-1.795,0.0000,-0.7148,0.0000,0.6993
10.708,1,6.511,-1.646,-1.795,0.0000,-0.7148,0.0000,0.6993
10.740,1,6.511,-1.646,-1.795,0.0000,-0.7148,0.0000,0.6993
10.772,1,6.511,-1.646,-1.795,0.0000,-0.7148,0.0000,0.6993
10.803,1,6.511,-1.646,-1.795,0.0000,-0.7148,0.0000,0.6993
10.838,1,6.511,-1.646,-1.795,0.0000,-0.7148,0.0000,0.6993
10.870,1,6.511,-1.646,-1.795,0.0000,-0.7148,0.0000,0.6993
10.902,1,6.511,-1.646,-1.795,0.0000,-0.7148,0.0000,0.6993
10.944,1,6.511,-1.646,-1.795,0.0000,-0.7148,0.0000,0.6993
10.976,1,6.511,-1.646,-1.795,0.0000,-0.7148,0.0000,0.6993
11.008,1,6.511,-1.646,-1.795,0.0000,-0.7148,0.0000,0.6993
11.041,1,6.511,-1.646,-1.795,0.0000,-0.7148,0.0000,0.6993
11.072,1,6.511,-1.646,-1.795,0.0000,-0.7148,0.0000,0.6993
11.111,1,6.511,-1.646,-1.795,0.0000,-0.7148,0.0000,0.6993
11.138,1,6.511,-1.646,-1.795,0.0000,-0.7148,0.0000,0.6993
11.172,1,6.511,-1.646,-1.795,0.0000,-0.7148,0.0000,0.6993
11.207,1,6.511,-1.646,-1.795,0.0000,-0.7148,0.0000,0.6993
11.238,1,6.511,-1.646,-1.795,0.0000,-0.7148,0.0000,0.6993
11.270,1,6.511,-1.646,-1.795,0.0000,-0.7148,0.0000,0.6993
11.310,1,6.511,-1.646,-1.795,0.0000,-0.7148,0.0000,0.6993
11.342,1,6.511,-1.646,-1.795,0.0000,-0.7148,0.0000,0.6993
11.372,1,6.511,-1.646,-1.795,0.0000,-0.7148,0.0000,0.6993
11.403,1,6.511,-1.646,-1.795,0.0000,-0.7148,0.0000,0.6993
11.443,1,6.511,-1.646,-1.795,0.0000,-0.7148,0.0000,0.6993
11.475,1,6.511,-1.646,-1.795,0.0000,-0.7148,0.0000,0.6993
11.506,1,6.511,-1.646,-1.795,0.0000,-0.7148,0.0000,0.6993
11.542,1,6.511,-1.646,-1.795,0.0000,-0.7148,0.0000,0.6993
11.577,1,6.511,-1.646,-1.795,0.0000,-0.7148,0.0000,0.6993
11.610,1,6.511,-1.646,-1.795,0.0000,-0.7148,0.0000,0.6993
11.640,1,6.511,-1.646,-1.795,0.0000,-0.7148,0.0000,0.6993
11.669,1,6.511,-1.646,-1.795,0.0000,-0.7148,0.0000,0.6993
11.701,1,6.511,-1.646,-1.795,0.0000,-0.7148,0.0000,0.6993
11.738,1,6.511,-1.646,-1.795,0.0000,-0.7148,0.0000,0.6993
11.771,1,6.511,-1.646,-1.795,0.0000,-0.7148,0.0000,0.6993
11.806,1,6.511,-1.646,-1.795,0.0000,-0.7148,0.0000,0.6993
11.840,1,6.511,-1.646,-1.795,0.0000,-0.7148,0.0000,0.6993
11.874,1,6.511,-1.646,-1.795,0.0000,-0.7148,0.0000,0.6993
11.908,1,6.511,-1.646,-1.795,0.0000,-0.7148,0.0000,0.6993
11.943,1,6.511,-1.646,-1.795,0.0000,-0.7148,0.0000,0.6993
11.976,1,6.511,-1.646,-1.795,0.0000,-0.7148,0.0000,0.6993
12.007,1,6.511,-1.646,-1.795,0.0000,-0.7148,0.0000,0.6993
12.040,1,6.511,-1.646,-1.795,0.0000,-0.7148,0.0000,0.6993
12.075,1,6.511,-1.646,-1.795,0.0000,-0.7148,0.0000,0.6993
12.108,1,6.511,-1.646,-1.795,0.0000,-0.7148,0.0000,0.6993
12.138,1,6.511,-1.646,-1.795,0.0000,-0.7148,0.0000,0.6993
12.168,1,6.511,-1.646,-1.795,0.0000,-0.7148,0.0000,0.6993
12.209,1,6.511,-1.646,-1.795,0.0000,-0.7148,0.0000,0.6993
12.238,1,6.511,-1.646,-1.795,0.0000,-0.7148,0.0000,0.6993
12.267,1,6.511,-1.646,-1.795,0.0000,-0.7148,0.0000,0.6993
12.310,1,6.511,-1.646,-1.795,0.0000,-0.7148,0.0000,0.6993
12.343,1,6.511,-1.646,-1.795,0.0000,-0.7148,0.0000,0.6993
12.375,1,6.511,-1.646,-1.795,0.0000,-0.7148,0.0000,0.6993
12.407,1,6.511,-1.646,-1.795,0.0000,-0.7148,0.0000,0.6993
12.439,1,6.511,-1.646,-1.795,0.0000,-0.7148,0.0000,0.6993
12.469,1,6.511,-1.646,-1.795,0.0000,-0.7148,0.0000,0.6993
12.501,1,6.511,-1.646,-1.795,0.0000,-0.7148,0.0000,0.6993
12.544,1,6.511,-1.646,-1.795,0.0000,-0.7148,0.0000,0.6993
12.573,1,6.511,-1.646,-1.795,0.0000,-0.7148,0.0000,0.6993
12.601,1,6.511,-1.646,-1.795,0.0000,-0.7148,0.0000,0.6993
12.642,1,6.511,-1.646,-1.795,0.0000,-0.7148,0.0000,0.6993
12.673,1,6.511,-1.646,-1.795,0.0000,-0.7148,0.0000,0.6993
12.706,1,6.511,-1.646,-1.795,0.0000,-0.7148,0.0000,0.6993
12.739,1,6.511,-1.646,-1.795,0.0000,-0.7148,0.0000,0.6993
12.772,1,6.511,-1.646,-1.795,0.0000,-0.7148,0.0000,0.6993
12.806,1,6.511,-1.646,-1.795,0.0000,-0.7148,0.0000,0.6993
12.838,1,6.511,-1.646,-1.795,0.0000,-0.7148,0.0000,0.6993
12.868,1,6.511,-1.646,-1.795,0.0000,-0.7148,0.0000,0.6993
12.908,1,6.511,-1.646,-1.795,0.0000,-0.7148,0.0000,0.6993
12.948,1,6.511,-1.646,-1.795,0.0000,-0.7148,0.0000,0.6993
12.968,1,6.511,-1.646,-1.795,0.0000,-0.7148,0.0000,0.6993
13.008,1,6.511,-1.646,-1.795,0.0000,-0.7148,0.0000,0.6993
13.042,1,6.511,-1.646,-1.795,0.0000,-0.7148,0.0000,0.6993
13.071,1,6.511,-1.646,-1.795,0.0000,-0.7148,0.0000,0.6993
13.103,1,6.511,-1.646,-1.795,0.0000,-0.7148,0.0000,0.6993
13.135,1,6.511,-1.646,-1.795,0.0000,-0.7148,0.0000,0.6993
13.168,1,6.511,-1.646,-1.795,0.0000,-0.7148,0.0000,0.6993
13.204,1,6.511,-1.646,-1.795,0.0000,-0.7148,0.0000,0.6993
13.234,1,6.511,-1.646,-1.795,0.0000,-0.7148,0.0000,0.6993
13.273,1,6.511,-1.646,-1.795,0.0000,-0.7148,0.0000,0.6993
13.309,1,6.511,-1.646,-1.795,0.0000,-0.7148,0.0000,0.6993
13.337,1,6.511,-1.646,-1.795,0.0000,-0.7148,0.0000,0.6993
13.370,1,6.511,-1.646,-1.795,0.0000,-0.7148,0.0000,0.6993
13.406,1,6.511,-1.646,-1.795,0.0000,-0.7148,0.0000,0.6993
13.438,1,6.511,-1.646,-1.795,0.0000,-0.7148,0.0000,0.6993
13.487,1,6.511,-1.646,-1.795,0.0000,-0.7148,0.0000,0.6993
13.517,1,6.511,-1.646,-1.795,0.0000,-0.7148,0.0000,0.6993
13.534,1,6.511,-1.646,-1.795,0.0000,-0.7148,0.0000,0.6993
13.568,1,6.511,-1.646,-1.795,0.0000,-0.7148,0.0000,0.6993
13.607,1,6.511,-1.646,-1.795,0.0000,-0.7148,0.0000,0.6993
13.637,1,6.511,-1.646,-1.795,0.0000,-0.7148,0.0000,0.6993
13.669,1,6.511,-1.646,-1.795,0.0000,-0.7148,0.0000,0.6993
13.703,1,6.511,-1.646,-1.795,0.0000,-0.7148,0.0000,0.6993
13.742,1,6.511,-1.646,-1.795,0.0000,-0.7148,0.0000,0.6993
13.772,1,6.511,-1.646,-1.795,0.0000,-0.7148,0.0000,0.6993
13.802,1,6.511,-1.646,-1.795,0.0000,-0.7148,0.0000,0.6993
13.842,1,6.511,-1.646,-1.795,0.0000,-0.7148,0.0000,0.6993
13.873,1,6.511,-1.646,-1.795,0.0000,-0.7148,0.0000,0.6993
13.914,1,6.511,-1.646,-1.795,0.0000,-0.7148,0.0000,0.6993
13.934,1,6.511,-1.646,-1.795,0.0000,-0.7148,0.0000,0.6993
13.974,1,6.511,-1.646,-1.795,0.0000,-0.7148,0.0000,0.6993
14.002,1,6.511,-1.646,-1.795,0.0000,-0.7148,0.0000,0.6993
14.038,1,6.511,-1.646,-1.795,0.0000,-0.7148,0.0000,0.6993
14.078,1,6.511,-1.646,-1.795,0.0000,-0.7148,0.0000,0.6993
14.107,1,6.511,-1.646,-1.795,0.0000,-0.7148,0.0000,0.6993
14.138,1,6.511,-1.646,-1.795,0.0000,-0.7148,0.0000,0.6993
14.173,1,6.511,-1.646,-1.795,0.0000,-0.7148,0.0000,0.6993
14.203,1,6.511,-1.646,-1.795,0.0000,-0.7148,0.0000,0.6993
14.241,1,6.511,-1.646,-1.795,0.0000,-0.7148,0.0000,0.6993
14.271,1,6.511,-1.646,-1.795,0.0000,-0.7148,0.0000,0.6993
14.302,1,6.511,-1.646,-1.795,0.0000,-0.7148,0.0000,0.6993
14.334,1,6.511,-1.646,-1.795,0.0000,-0.7148,0.0000,0.6993
14.374,1,6.511,-1.646,-1.795,0.0000,-0.7148,0.0000,0.6993
14.405,1,6.511,-1.646,-1.795,0.0000,-0.7148,0.0000,0.6993
14.436,1,6.511,-1.646,-1.795,0.0000,-0.7148,0.0000,0.6993
14.468,1,6.511,-1.646,-1.795,0.0000,-0.7148,0.0000,0.6993
14.508,1,6.511,-1.646,-1.795,0.0000,-0.7148,0.0000,0.6993
14.542,1,6.511,-1.646,-1.795,0.0000,-0.7148,0.0000,0.6993
14.572,1,6.511,-1.646,-1.795,0.0000,-0.7148,0.0000,0.6993
14.603,1,6.511,-1.646,-1.795,0.0000,-0.7148,0.0000,0.6993
14.642,1,6.511,-1.646,-1.795,0.0000,-0.7148,0.0000,0.6993
14.672,1,6.511,-1.646,-1.795,0.0000,-0.7148,0.0000,0.6993
14.702,1,6.511,-1.646,-1.795,0.0000,-0.7148,0.0000,0.6993
14.743,1,6.511,-1.646,-1.795,0.0000,-0.7148,0.0000,0.6993
14.774,1,6.511,-1.646,-1.795,0.0000,-0.7148,0.0000,0.6993
14.805,1,6.511,-1.646,-1.795,0.0000,-0.7148,0.0000,0.6993
14.836,1,6.511,-1.646,-1.795,0.0000,-0.7148,0.0000,0.6993
14.877,1,6.511,-1.646,-1.795,0.0000,-0.7148,0.0000,0.6993
14.908,1,6.511,-1.646,-1.795,0.0000,-0.7148,0.0000,0.6993
14.938,1,6.511,-1.646,-1.795,0.0000,-0.7148,0.0000,0.6993
14.970,1,6.511,-1.646,-1.795,0.0000,-0.7148,0.0000,0.6993
15.010,1,6.511,-1.646,-1.795,0.0000,-0.7148,0.0000,0.6993
15.043,1,6.511,-1.646,-1.795,0.0000,-0.7148,0.0000,0.6993
15.072,1,6.511,-1.646,-1.795,0.0000,-0.7148,0.0000,0.6993
15.102,1,6.511,-1.646,-1.795,0.0000,-0.7148,0.0000,0.6993
15.142,1,6.511,-1.646,-1.795,0.0000,-0.7148,0.0000,0.6993
15.171,1,6.511,-1.646,-1.795,0.0000,-0.7148,0.0000,0.6993
15.203,1,6.511,-1.646,-1.795,0.0000,-0.7148,0.0000,0.6993
15.244,1,6.511,-1.646,-1.795,0.0000,-0.7148,0.0000,0.6993
15.274,1,6.511,-1.646,-1.795,0.0000,-0.7148,0.0000,0.6993
15.305,1,6.511,-1.646,-1.795,0.0000,-0.7148,0.0000,0.6993
15.336,1,6.511,-1.646,-1.795,0.0000,-0.7148,0.0000,0.6993
15.372,1,6.511,-1.646,-1.795,0.0000,-0.7148,0.0000,0.6993
15.406,1,6.511,-1.646,-1.795,0.0000,-0.7148,0.0000,0.6993
15.441,1,6.511,-1.646,-1.795,0.0000,-0.7148,0.0000,0.6993
15.473,1,6.511,-1.646,-1.795,0.0000,-0.7148,0.0000,0.6993
15.505,1,6.511,-1.646,-1.795,0.0000,-0.7148,0.0000,0.6993
15.537,1,6.511,-1.646,-1.795,0.0000,-0.7148,0.0000,0.6993
15.569,1,6.511,-1.646,-1.795,0.0000,-0.7148,0.0000,0.6993
15.610,1,6.511,-1.646,-1.795,0.0000,-0.7148,0.0000,0.6993
15.641,1,6.511,-1.646,-1.795,0.0000,-0.7148,0.0000,0.6993
15.670,1,6.511,-1.646,-1.795,0.0000,-0.7148,0.0000,0.6993
15.702,1,6.511,-1.646,-1.795,0.0000,-0.7148,0.0000,0.6993
15.743,1,6.511,-1.646,-1.795,0.0000,-0.7148,0.0000,0.6993
15.773,1,6.511,-1.646,-1.795,0.0000,-0.7148,0.0000,0.6993
15.804,1,6.511,-1.646,-1.795,0.0000,-0.7148,0.0000,0.6993
15.841,1,6.511,-1.646,-1.795,0.0000,-0.7148,0.0000,0.6993
15.870,1,6.511,-1.646,-1.795,0.0000,-0.7148,0.0000,0.6993
15.907,1,6.511,-1.646,-1.795,0.0000,-0.7148,0.0000,0.6993
15.937,1,6.511,-1.646,-1.795,0.0000,-0.7148,0.0000,0.6993
15.977,1,6.511,-1.646,-1.795,0.0000,-0.7148,0.0000,0.6993
16.010,1,6.511,-1.646,-1.795,0.0000,-0.7148,0.0000,0.6993
16.041,1,6.511,-1.646,-1.795,0.0000,-0.7148,0.0000,0.6993
16.068,1,6.511,-1.646,-1.795,0.0000,-0.7148,0.0000,0.6993
16.107,1,6.511,-1.646,-1.795,0.0000,-0.7148,0.0000,0.6993
16.135,1,6.511,-1.646,-1.795,0.0000,-0.7148,0.0000,0.6993
16.174,1,6.511,-1.646,-1.795,0.0000,-0.7148,0.0000,0.6993
16.205,1,6.511,-1.646,-1.795,0.0000,-0.7148,0.0000,0.6993
16.243,1,6.511,-1.646,-1.795,0.0000,-0.7148,0.0000,0.6993
16.274,1,6.511,-1.646,-1.795,0.0000,-0.7148,0.0000,0.6993
16.304,1,6.511,-1.646,-1.795,0.0000,-0.7148,0.0000,0.6993
16.335,1,6.511,-1.646,-1.795,0.0000,-0.7148,0.0000,0.6993
16.371,1,6.511,-1.646,-1.795,0.0000,-0.7148,0.0000,0.6993
16.401,1,6.511,-1.646,-1.795,0.0000,-0.7148,0.0000,0.6993
16.443,1,6.511,-1.646,-1.795,0.0000,-0.7148,0.0000,0.6993
16.471,1,6.511,-1.646,-1.795,0.0000,-0.7148,0.0000,0.6993
16.501,1,6.511,-1.646,-1.795,0.0000,-0.7148,0.0000,0.6993
16.544,1,6.511,-1.646,-1.795,0.0000,-0.7148,0.0000,0.6993
16.573,1,6.511,-1.646,-1.795,0.0000,-0.7148,0.0000,0.6993
16.608,1,6.511,-1.646,-1.795,0.0000,-0.7148,0.0000,0.6993
16.635,1,6.511,-1.646,-1.795,0.0000,-0.7148,0.0000,0.6993
16.674,1,6.511,-1.646,-1.795,0.0000,-0.7148,0.0000,0.6993
16.705,1,6.511,-1.646,-1.795,0.0000,-0.7148,0.0000,0.6993
16.735,1,6.511,-1.646,-1.795,0.0000,-0.7148,0.0000,0.6993
16.777,1,6.511,-1.646,-1.795,0.0000,-0.7148,0.0000,0.6993
16.805,1,6.511,-1.646,-1.795,0.0000,-0.7148,0.0000,0.6993
16.835,1,6.511,-1.646,-1.795,0.0000,-0.7148,0.0000,0.6993
16.875,1,6.511,-1.646,-1.795,0.0000,-0.7148,0.0000,0.6993
16.905,1,6.511,-1.646,-1.795,0.0000,-0.7148,0.0000,0.6993
16.935,1,6.511,-1.646,-1.795,0.0000,-0.7148,0.0000,0.6993
16.975,1,6.511,-1.646,-1.795,0.0000,-0.7148,0.0000,0.6993
17.005,1,6.511,-1.646,-1.795,0.0000,-0.7148,0.0000,0.6993
17.035,1,6.511,-1.646,-1.795,0.0000,-0.7148,0.0000,0.6993
17.075,1,6.511,-1.646,-1.795,0.0000,-0.7148,0.0000,0.6993
17.106,1,6.511,-1.646,-1.795,0.0000,-0.7148,0.0000,0.6993
17.136,1,6.511,-1.646,-1.795,0.0000,-0.7148,0.0000,0.6993
17.176,1,6.511,-1.646,-1.795,0.0000,-0.7148,0.0000,0.6993
17.206,1,6.511,-1.646,-1.795,0.0000,-0.7148,0.0000,0.6993
17.236,1,6.511,-1.646,-1.795,0.0000,-0.7148,0.0000,0.6993
17.276,1,6.511,-1.646,-1.795,0.0000,-0.7148,0.0000,0.6993
17.305,1,6.511,-1.646,-1.795,0.0000,-0.7148,0.0000,0.6993
17.336,1,6.511,-1.646,-1.795,0.0000,-0.7148,0.0000,0.6993
17.377,1,6.511,-1.646,-1.795,0.0000,-0.7148,0.0000,0.6993
17.407,1,6.511,-1.646,-1.795,0.0000,-0.7148,0.0000,0.6993
17.436,1,6.511,-1.646,-1.795,0.0000,-0.7148,0.0000,0.6993
17.468,1,6.511,-1.646,-1.795,0.0000,-0.7148,0.0000,0.6993
17.508,1,6.511,-1.646,-1.795,0.0000,-0.7148,0.0000,0.6993
17.538,1,6.511,-1.646,-1.795,0.0000,-0.7148,0.0000,0.6993
17.568,1,6.511,-1.646,-1.795,0.0000,-0.7148,0.0000,0.6993
17.608,1,6.511,-1.646,-1.795,0.0000,-0.7148,0.0000,0.6993
17.638,1,6.511,-1.646,-1.795,0.0000,-0.7148,0.0000,0.6993
17.668,1,6.511,-1.646,-1.795,0.0000,-0.7148,0.0000,0.6993
17.709,1,6.511,-1.646,-1.795,0.0000,-0.7148,0.0000,0.6993
17.746,1,6.511,-1.646,-1.795,0.0000,-0.7148,0.0000,0.6993
17.774,1,6.511,-1.646,-1.795,0.0000,-0.7148,0.0000,0.6993
17.801,1,6.511,-1.646,-1.795,0.0000,-0.7148,0.0000,0.6993
17.842,1,6.511,-1.646,-1.795,0.0000,-0.7148,0.0000,0.6993
17.872,1,6.511,-1.646,-1.795,0.0000,-0.7148,0.0000,0.6993
17.903,1,6.511,-1.646,-1.795,0.0000,-0.7148,0.0000,0.6993
17.944,1,6.511,-1.646,-1.795,0.0000,-0.7148,0.0000,0.6993
17.974,1,6.511,-1.646,-1.795,0.0000,-0.7148,0.0000,0.6993
18.004,1,6.511,-1.646,-1.795,0.0000,-0.7148,0.0000,0.6993
18.035,1,6.511,-1.646,-1.795,0.0000,-0.7148,0.0000,0.6993
18.078,1,6.511,-1.646,-1.795,0.0000,-0.7148,0.0000,0.6993
18.108,1,6.511,-1.646,-1.795,0.0000,-0.7148,0.0000,0.6993
18.138,1,6.511,-1.646,-1.795,0.0000,-0.7148,0.0000,0.6993
18.168,1,6.511,-1.646,-1.795,0.0000,-0.7148,0.0000,0.6993
18.210,1,6.511,-1.646,-1.795,0.0000,-0.7148,0.0000,0.6993
18.242,1,6.511,-1.646,-1.795,0.0000,-0.7148,0.0000,0.6993
18.272,1,6.511,-1.646,-1.795,0.0000,-0.7148,0.0000,0.6993
18.303,1,6.511,-1.646,-1.795,0.0000,-0.7148,0.0000,0.6993
18.344,1,6.511,-1.646,-1.795,0.0000,-0.7148,0.0000,0.6993
18.374,1,6.511,-1.646,-1.795,0.0000,-0.7148,0.0000,0.6993
18.405,1,6.511,-1.646,-1.795,0.0000,-0.7148,0.0000,0.6993
18.435,1,6.511,-1.646,-1.795,0.0000,-0.7148,0.0000,0.6993
18.476,1,6.511,-1.646,-1.795,0.0000,-0.7148,0.0000,0.6993
18.507,1,6.511,-1.646,-1.795,0.0000,-0.7148,0.0000,0.6993
18.537,1,6.511,-1.646,-1.795,0.0000,-0.7148,0.0000,0.6993
18.576,1,6.511,-1.646,-1.795,0.0000,-0.7148,0.0000,0.6993
18.607,1,6.511,-1.646,-1.795,0.0000,-0.7148,0.0000,0.6993
18.638,1,6.511,-1.646,-1.795,0.0000,-0.7148,0.0000,0.6993
18.669,1,6.511,-1.646,-1.795,0.0000,-0.7148,0.0000,0.6993
18.710,1,6.511,-1.646,-1.795,0.0000,-0.7148,0.0000,0.6993
18.740,1,6.511,-1.646,-1.795,0.0000,-0.7148,0.0000,0.6993
18.776,1,6.511,-1.646,-1.795,0.0000,-0.7148,0.0000,0.6993
18.806,1,6.511,-1.646,-1.795,0.0000,-0.7148,0.0000,0.6993
18.845,1,6.511,-1.646,-1.795,0.0000,-0.7148,0.0000,0.6993
18.875,1,6.511,-1.646,-1.795,0.0000,-0.7148,0.0000,0.6993
18.905,1,6.511,-1.646,-1.795,0.0000,-0.7148,0.0000,0.6993
18.934,1,6.511,-1.646,-1.795,0.0000,-0.7148,0.0000,0.6993
18.975,1,6.511,-1.646,-1.795,0.0000,-0.7148,0.0000,0.6993
19.005,1,6.511,-1.646,-1.795,0.0000,-0.7148,0.0000,0.6993
19.037,1,6.511,-1.646,-1.795,0.0000,-0.7148,0.0000,0.6993
19.077,1,6.511,-1.646,-1.795,0.0000,-0.7148,0.0000,0.6993
19.107,1,6.511,-1.646,-1.795,0.0000,-0.7148,0.0000,0.6993
19.137,1,6.511,-1.646,-1.795,0.0000,-0.7148,0.0000,0.6993
19.168,1,6.511,-1.646,-1.795,0.0000,-0.7148,0.0000,0.6993
19.209,1,6.511,-1.646,-1.795,0.0000,-0.7148,0.0000,0.6993
19.239,1,6.511,-1.646,-1.795,0.0000,-0.7148,0.0000,0.6993
19.270,1,6.511,-1.646,-1.795,0.0000,-0.7148,0.0000,0.6993
19.311,1,6.511,-1.646,-1.795,0.0000,-0.7148,0.0000,0.6993
19.342,1,6.511,-1.646,-1.795,0.0000,-0.7148,0.0000,0.6993
19.372,1,6.511,-1.646,-1.795,0.0000,-0.7148,0.0000,0.6993
19.403,1,6.511,-1.646,-1.795,0.0000,-0.7148,0.0000,0.6993
19.435,1,6.511,-1.646,-1.795,0.0000,-0.7148,0.0000,0.6993
19.474,1,6.511,-1.646,-1.795,0.0000,-0.7148,0.0000,0.6993
19.504,1,6.511,-1.646,-1.795,0.0000,-0.7148,0.0000,0.6993
19.535,1,6.511,-1.646,-1.795,0.0000,-0.7148,0.0000,0.6993
19.576,1,6.511,-1.646,-1.795,0.0000,-0.7148,0.0000,0.6993
19.606,1,6.511,-1.646,-1.795,0.0000,-0.7148,0.0000,0.6993
19.636,1,6.511,-1.646,-1.795,0.0000,-0.7148,0.0000,0.6993
19.677,1,6.511,-1.646,-1.795,0.0000,-0.7148,0.0000,0.6993
19.708,1,6.511,-1.646,-1.795,0.0000,-0.7148,0.0000,0.6993
19.739,1,6.511,-1.646,-1.795,0.0000,-0.7148,0.0000,0.6993
19.769,1,6.511,-1.646,-1.795,0.0000,-0.7148,0.0000,0.6993
19.809,1,6.511,-1.646,-1.795,0.0000,-0.7148,0.0000,0.6993
19.840,1,6.511,-1.646,-1.795,0.0000,-0.7148,0.0000,0.6993
19.871,1,6.511,-1.646,-1.795,0.0000,-0.7148,0.0000,0.6993
19.902,1,6.511,-1.646,-1.795,0.0000,-0.7148,0.0000,0.6993
19.943,1,6.511,-1.646,-1.795,0.0000,-0.7148,0.0000,0.6993
19.973,1,6.511,-1.646,-1.795,0.0000,-0.7148,0.0000,0.6993
20.003,1,6.511,-1.646,-1.795,0.0000,-0.7148,0.0000,0.6993
20.035,1,6.511,-1.646,-1.795,0.0000,-0.7148,0.0000,0.6993
20.075,1,6.511,-1.646,-1.795,0.0000,-0.7148,0.0000,0.6993
20.106,1,6.511,-1.646,-1.795,0.0000,-0.7148,0.0000,0.6993
20.136,1,6.511,-1.646,-1.795,0.0000,-0.7148,0.0000,0.6993
20.176,1,6.511,-1.646,-1.795,0.0000,-0.7148,0.0000,0.6993
20.206,1,6.511,-1.646,-1.795,0.0000,-0.7148,0.0000,0.6993
20.236,1,6.511,-1.646,-1.795,0.0000,-0.7148,0.0000,0.6993
20.276,1,6.511,-1.646,-1.795,0.0000,-0.7148,0.0000,0.6993
20.305,1,6.511,-1.646,-1.795,0.0000,-0.7148,0.0000,0.6993
20.335,1,6.511,-1.646,-1.795,0.0000,-0.7148,0.0000,0.6993
20.375,1,6.511,-1.646,-1.795,0.0000,-0.7148,0.0000,0.6993
20.406,1,6.511,-1.646,-1.795,0.0000,-0.7148,0.0000,0.6993
20.437,1,6.511,-1.646,-1.795,0.0000,-0.7148,0.0000,0.6993
20.477,1,6.511,-1.646,-1.795,0.0000,-0.7148,0.0000,0.6993
20.506,1,6.511,-1.646,-1.795,0.0000,-0.7148,0.0000,0.6993
20.538,1,6.511,-1.646,-1.795,0.0000,-0.7148,0.0000,0.6993
20.576,1,6.511,-1.646,-1.795,0.0000,-0.7148,0.0000,0.6993
20.606,1,6.511,-1.646,-1.795,0.0000,-0.7148,0.0000,0.6993
20.637,1,6.511,-1.646,-1.795,0.0000,-0.7148,0.0000,0.6993
20.668,1,6.511,-1.646,-1.795,0.0000,-0.7148,0.0000,0.6993
20.708,1,6.511,-1.646,-1.795,0.0000,-0.7148,0.0000,0.6993
20.739,1,6.511,-1.646,-1.795,0.0000,-0.7148,0.0000,0.6993
20.768,1,6.511,-1.646,-1.795,0.0000,-0.7148,0.0000,0.6993
20.810,1,6.511,-1.646,-1.795,0.0000,-0.7148,0.0000,0.6993
20.839,1,6.511,-1.646,-1.795,0.0000,-0.7148,0.0000,0.6993
20.869,1,6.511,-1.646,-1.795,0.0000,-0.7148,0.0000,0.6993
20.909,1,6.511,-1.646,-1.795,0.0000,-0.7148,0.0000,0.6993
20.940,1,6.511,-1.646,-1.795,0.0000,-0.7148,0.0000,0.6993
20.969,1,6.511,-1.646,-1.795,0.0000,-0.7148,0.0000,0.6993
21.009,1,6.511,-1.646,-1.795,0.0000,-0.7148,0.0000,0.6993
21.040,1,6.511,-1.646,-1.795,0.0000,-0.7148,0.0000,0.6993
21.070,1,6.511,-1.646,-1.795,0.0000,-0.7148,0.0000,0.6993
21.111,1,6.511,-1.646,-1.795,0.0000,-0.7148,0.0000,0.6993
21.141,1,6.511,-1.646,-1.795,0.0000,-0.7148,0.0000,0.6993
21.171,1,6.511,-1.646,-1.795,0.0000,-0.7148,0.0000,0.6993
21.201,1,6.511,-1.646,-1.795,0.0000,-0.7148,0.0000,0.6993
21.241,1,6.511,-1.646,-1.795,0.0000,-0.7148,0.0000,0.6993
21.271,1,6.511,-1.646,-1.795,0.0000,-0.7148,0.0000,0.6993
21.302,1,6.511,-1.646,-1.795,0.0000,-0.7148,0.0000,0.6993
21.342,1,6.511,-1.646,-1.795,0.0000,-0.7148,0.0000,0.6993
21.373,1,6.511,-1.646,-1.795,0.0000,-0.7148,0.0000,0.6993
21.402,1,6.511,-1.646,-1.795,0.0000,-0.7148,0.0000,0.6993
21.443,1,6.511,-1.646,-1.795,0.0000,-0.7148,0.0000,0.6993
21.472,1,6.511,-1.646,-1.795,0.0000,-0.7148,0.0000,0.6993
21.502,1,6.511,-1.646,-1.795,0.0000,-0.7148,0.0000,0.6993
21.543,1,6.511,-1.646,-1.795,0.0000,-0.7148,0.0000,0.6993
21.574,1,6.511,-1.646,-1.795,0.0000,-0.7148,0.0000,0.6993
21.604,1,6.511,-1.646,-1.795,0.0000,-0.7148,0.0000,0.6993
21.634,1,6.511,-1.646,-1.795,0.0000,-0.7148,0.0000,0.6993
21.675,1,6.511,-1.646,-1.795,0.0000,-0.7148,0.0000,0.6993
21.705,1,6.511,-1.646,-1.795,0.0000,-0.7148,0.0000,0.6993
21.737,1,6.511,-1.646,-1.795,0.0000,-0.7148,0.0000,0.6993
21.776,1,6.511,-1.646,-1.795,0.0000,-0.7148,0.0000,0.6993
21.805,1,6.511,-1.646,-1.795,0.0000,-0.7148,0.0000,0.6993
21.836,1,6.511,-1.646,-1.795,0.0000,-0.7148,0.0000,0.6993
21.876,1,6.511,-1.646,-1.795,0.0000,-0.7148,0.0000,0.6993
21.906,1,6.511,-1.646,-1.795,0.0000,-0.7148,0.0000,0.6993
21.936,1,6.511,-1.646,-1.795,0.0000,-0.7148,0.0000,0.6993
21.976,1,6.511,-1.646,-1.795,0.0000,-0.7148,0.0000,0.6993
22.005,1,6.511,-1.646,-1.795,0.0000,-0.7148,0.0000,0.6993
22.037,1,6.511,-1.646,-1.795,0.0000,-0.7148,0.0000,0.6993
22.076,1,6.511,-1.646,-1.795,0.0000,-0.7148,0.0000,0.6993
22.107,1,6.511,-1.646,-1.795,0.0000,-0.7148,0.0000,0.6993
22.137,1,6.511,-1.646,-1.795,0.0000,-0.7148,0.0000,0.6993
22.177,1,6.511,-1.646,-1.795,0.0000,-0.7148,0.0000,0.6993
22.207,1,6.511,-1.646,-1.795,0.0000,-0.7148,0.0000,0.6993
22.238,1,6.511,-1.646,-1.795,0.0000,-0.7148,0.0000,0.6993
22.268,1,6.511,-1.646,-1.795,0.0000,-0.7148,0.0000,0.6993
22.310,1,6.511,-1.646,-1.795,0.0000,-0.7148,0.0000,0.6993
22.339,1,6.511,-1.646,-1.795,0.0000,-0.7148,0.0000,0.6993
22.370,1,6.511,-1.646,-1.795,0.0000,-0.7148,0.0000,0.6993
22.410,1,6.511,-1.646,-1.795,0.0000,-0.7148,0.0000,0.6993
22.441,1,6.511,-1.646,-1.795,0.0000,-0.7148,0.0000,0.6993
22.472,1,6.511,-1.646,-1.795,0.0000,-0.7148,0.0000,0.6993
22.502,1,6.511,-1.646,-1.795,0.0000,-0.7148,0.0000,0.6993
22.542,1,6.511,-1.646,-1.795,0.0000,-0.7148,0.0000,0.6993
22.573,1,6.511,-1.646,-1.795,0.0000,-0.7148,0.0000,0.6993
22.603,1,6.511,-1.646,-1.795,0.0000,-0.7148,0.0000,0.6993
22.643,1,6.511,-1.646,-1.795,0.0000,-0.7148,0.0000,0.6993
22.672,1,6.511,-1.646,-1.795,0.0000,-0.7148,0.0000,0.6993
22.704,1,6.511,-1.646,-1.795,0.0000,-0.7148,0.0000,0.6993
22.744,1,6.511,-1.646,-1.795,0.0000,-0.7148,0.0000,0.6993
22.774,1,6.511,-1.646,-1.795,0.0000,-0.7148,0.0000,0.6993
22.804,1,6.511,-1.646,-1.795,0.0000,-0.7148,0.0000,0.6993
22.844,1,6.511,-1.646,-1.795,0.0000,-0.7148,0.0000,0.6993
22.875,1,6.511,-1.646,-1.795,0.0000,-0.7148,0.0000,0.6993
22.905,1,6.511,-1.646,-1.795,0.0000,-0.7148,0.0000,0.6993
22.935,1,6.511,-1.646,-1.795,0.0000,-0.7148,0.0000,0.6993
22.976,1,6.511,-1.646,-1.795,0.0000,-0.7148,0.0000,0.6993
23.005,1,6.511,-1.646,-1.795,0.0000,-0.7148,0.0000,0.6993
23.038,1,6.511,-1.646,-1.795,0.0000,-0.7148,0.0000,0.6993
23.077,1,6.511,-1.646,-1.795,0.0000,-0.7148,0.0000,0.6993
23.107,1,6.511,-1.646,-1.795,0.0000,-0.7148,0.0000,0.6993
23.136,1,6.511,-1.646,-1.795,0.0000,-0.7148,0.0000,0.6993
23.177,1,6.511,-1.646,-1.795,0.0000,-0.7148,0.0000,0.6993
23.208,1,6.511,-1.646,-1.795,0.0000,-0.7148,0.0000,0.6993
23.238,1,6.511,-1.646,-1.795,0.0000,-0.7148,0.0000,0.6993
23.269,1,6.511,-1.646,-1.795,0.0000,-0.7148,0.0000,0.6993
23.310,1,6.511,-1.646,-1.795,0.0000,-0.7148,0.0000,0.6993
23.340,1,6.511,-1.646,-1.795,0.0000,-0.7148,0.0000,0.6993
23.371,1,6.511,-1.646,-1.795,0.0000,-0.7148,0.0000,0.6993
23.411,1,6.511,-1.646,-1.795,0.0000,-0.7148,0.0000,0.6993
23.441,1,6.511,-1.646,-1.795,0.0000,-0.7148,0.0000,0.6993
23.472,1,6.511,-1.646,-1.795,0.0000,-0.7148,0.0000,0.6993
23.502,1,6.511,-1.646,-1.795,0.0000,-0.7148,0.0000,0.6993
23.542,1,6.511,-1.646,-1.795,0.0000,-0.7148,0.0000,0.6993
23.572,1,6.511,-1.646,-1.795,0.0000,-0.7148,0.0000,0.6993
23.603,1,6.511,-1.646,-1.795,0.0000,-0.7148,0.0000,0.6993
23.642,1,6.511,-1.646,-1.795,0.0000,-0.7148,0.0000,0.6993
23.671,1,6.511,-1.646,-1.795,0.0000,-0.7148,0.0000,0.6993
23.701,1,6.511,-1.646,-1.795,0.0000,-0.7148,0.0000,0.6993
23.742,1,6.511,-1.646,-1.795,0.0000,-0.7148,0.0000,0.6993
23.772,1,6.511,-1.646,-1.795,0.0000,-0.7148,0.0000,0.6993
23.802,1,6.511,-1.646,-1.795,0.0000,-0.7148,0.0000,0.6993
23.842,1,6.511,-1.646,-1.795,0.0000,-0.7148,0.0000,0.6993
23.872,1,6.511,-1.646,-1.795,0.0000,-0.7148,0.0000,0.6993
23.902,1,6.511,-1.646,-1.795,0.0000,-0.7148,0.0000,0.6993
23.943,1,6.511,-1.646,-1.795,0.0000,-0.7148,0.0000,0.6993
23.974,1,6.511,-1.646,-1.795,0.0000,-0.7148,0.0000,0.6993
24.003,1,6.511,-1.646,-1.795,0.0000,-0.7148,0.0000,0.6993
24.034,1,6.511,-1.646,-1.795,0.0000,-0.7148,0.0000,0.6993
24.073,1,6.511,-1.646,-1.795,0.0000,-0.7148,0.0000,0.6993
24.104,1,6.511,-1.646,-1.795,0.0000,-0.7148,0.0000,0.6993
24.142,1,6.511,-1.646,-1.795,0.0000,-0.7148,0.0000,0.6993
24.173,1,6.511,-1.646,-1.795,0.0000,-0.7148,0.0000,0.6993
24.202,1,6.511,-1.646,-1.795,0.0000,-0.7148,0.0000,0.6993
24.241,1,6.511,-1.646,-1.795,0.0000,-0.7148,0.0000,0.6993
24.270,1,6.511,-1.646,-1.795,0.0000,-0.7148,0.0000,0.6993
24.310,1,6.511,-1.646,-1.795,0.0000,-0.7148,0.0000,0.6993
24.339,1,6.511,-1.646,-1.795,0.0000,-0.7148,0.0000,0.6993
24.370,1,6.511,-1.646,-1.795,0.0000,-0.7148,0.0000,0.6993
24.408,1,6.511,-1.646,-1.795,0.0000,-0.7148,0.0000,0.6993
24.438,1,6.511,-1.646,-1.795,0.0000,-0.7148,0.0000,0.6993
24.468,1,6.511,-1.646,-1.795,0.0000,-0.7148,0.0000,0.6993
24.509,1,6.511,-1.646,-1.795,0.0000,-0.7148,0.0000,0.6993
24.539,1,6.511,-1.646,-1.795,0.0000,-0.7148,0.0000,0.6993
24.576,1,6.511,-1.646,-1.795,0.0000,-0.7148,0.0000,0.6993
24.604,1,6.511,-1.646,-1.795,0.0000,-0.7148,0.0000,0.6993
24.641,1,6.511,-1.646,-1.795,0.0000,-0.7148,0.0000,0.6993
24.673,1,6.511,-1.646,-1.795,0.0000,-0.7148,0.0000,0.6993
24.703,1,6.511,-1.646,-1.795,0.0000,-0.7148,0.0000,0.6993
24.744,1,6.511,-1.646,-1.795,0.0000,-0.7148,0.0000,0.6993
24.773,1,6.511,-1.646,-1.795,0.0000,-0.7148,0.0000,0.6993
24.801,1,6.511,-1.646,-1.795,0.0000,-0.7148,0.0000,0.6993
24.838,1,6.511,-1.646,-1.795,0.0000,-0.7148,0.0000,0.6993
24.868,1,6.511,-1.646,-1.795,0.0000,-0.7148,0.0000,0.6993
24.908,1,6.511,-1.646,-1.795,0.0000,-0.7148,0.0000,0.6993
24.939,1,6.511,-1.646,-1.795,0.0000,-0.7148,0.0000,0.6993
24.970,1,6.511,-1.646,-1.795,0.0000,-0.7148,0.0000,0.6993
25.001,1,6.511,-1.646,-1.795,0.0000,-0.7148,0.0000,0.6993
25.035,1,6.511,-1.646,-1.795,0.0000,-0.7148,0.0000,0.6993
25.073,1,6.511,-1.646,-1.795,0.0000,-0.7148,0.0000,0.6993
25.101,1,6.511,-1.646,-1.795,0.0000,-0.7148,0.0000,0.6993
25.140,1,6.511,-1.646,-1.795,0.0000,-0.7148,0.0000,0.6993
25.170,1,6.511,-1.646,-1.795,0.0000,-0.7148,0.0000,0.6993
25.201,1,6.511,-1.646,-1.795,0.0000,-0.7148,0.0000,0.6993
25.240,1,6.511,-1.646,-1.795,0.0000,-0.7148,0.0000,0.6993
25.269,1,6.511,-1.646,-1.795,0.0000,-0.7148,0.0000,0.6993
25.308,1,6.511,-1.646,-1.795,0.0000,-0.7148,0.0000,0.6993
25.337,1,6.511,-1.646,-1.795,0.0000,-0.7148,0.0000,0.6993
25.368,1,6.511,-1.646,-1.795,0.0000,-0.7148,0.0000,0.6993
25.409,1,6.511,-1.646,-1.795,0.0000,-0.7148,0.0000,0.6993
25.438,1,6.511,-1.646,-1.795,0.0000,-0.7148,0.0000,0.6993
25.468,1,6.511,-1.646,-1.795,0.0000,-0.7148,0.0000,0.6993
25.508,1,6.511,-1.646,-1.795,0.0000,-0.7148,0.0000,0.6993
25.538,1,6.511,-1.646,-1.795,0.0000,-0.7148,0.0000,0.6993
25.569,1,6.511,-1.646,-1.795,0.0000,-0.7148,0.0000,0.6993
25.601,1,6.511,-1.646,-1.795,0.0000,-0.7148,0.0000,0.6993
25.638,1,6.511,-1.646,-1.795,0.0000,-0.7148,0.0000,0.6993
25.668,1,6.511,-1.646,-1.795,0.0000,-0.7148,0.0000,0.6993
25.708,1,6.511,-1.646,-1.795,0.0000,-0.7148,0.0000,0.6993
25.738,1,6.511,-1.646,-1.795,0.0000,-0.7148,0.0000,0.6993
25.768,1,6.511,-1.646,-1.795,0.0000,-0.7148,0.0000,0.6993
25.808,1,6.511,-1.646,-1.795,0.0000,-0.7148,0.0000,0.6993
25.837,1,6.511,-1.646,-1.795,0.0000,-0.7148,0.0000,0.6993
25.868,1,6.511,-1.646,-1.795,0.0000,-0.7148,0.0000,0.6993
25.908,1,6.511,-1.646,-1.795,0.0000,-0.7148,0.0000,0.6993
25.937,1,6.511,-1.646,-1.795,0.0000,-0.7148,0.0000,0.6993
25.967,1,6.511,-1.646,-1.795,0.0000,-0.7148,0.0000,0.6993
26.007,1,6.511,-1.646,-1.795,0.0000,-0.7148,0.0000,0.6993
26.037,1,6.511,-1.646,-1.795,0.0000,-0.7148,0.0000,0.6993
26.077,1,6.511,-1.646,-1.795,0.0000,-0.7148,0.0000,0.6993
26.107,1,6.511,-1.646,-1.795,0.0000,-0.7148,0.0000,0.6993
26.136,1,6.511,-1.646,-1.795,0.0000,-0.7148,0.0000,0.6993
26.180,1,6.511,-1.646,-1.795,0.0000,-0.7148,0.0000,0.6993
26.202,1,6.511,-1.646,-1.795,0.0000,-0.7148,0.0000,0.6993
26.238,1,6.511,-1.646,-1.795,0.0000,-0.7148,0.0000,0.6993
26.269,1,6.511,-1.646,-1.795,0.0000,-0.7148,0.0000,0.6993
26.308,1,6.511,-1.646,-1.795,0.0000,-0.7148,0.0000,0.6993
26.338,1,6.511,-1.646,-1.795,0.0000,-0.7148,0.0000,0.6993
26.368,1,6.511,-1.646,-1.795,0.0000,-0.7148,0.0000,0.6993
26.407,1,6.511,-1.646,-1.795,0.0000,-0.7148,0.0000,0.6993
26.437,1,6.511,-1.646,-1.795,0.0000,-0.7148,0.0000,0.6993
26.468,1,6.511,-1.646,-1.795,0.0000,-0.7148,0.0000,0.6993
26.507,1,6.511,-1.646,-1.795,0.0000,-0.7148,0.0000,0.6993
26.535,1,6.511,-1.646,-1.795,0.0000,-0.7148,0.0000,0.6993
26.575,1,6.511,-1.646,-1.795,0.0000,-0.7148,0.0000,0.6993
26.605,1,6.511,-1.646,-1.795,0.0000,-0.7148,0.0000,0.6993
26.635,1,6.511,-1.646,-1.795,0.0000,-0.7148,0.0000,0.6993
26.675,1,6.511,-1.646,-1.795,0.0000,-0.7148,0.0000,0.6993
26.709,1,6.511,-1.646,-1.795,0.0000,-0.7148,0.0000,0.6993
26.738,1,6.511,-1.646,-1.795,0.0000,-0.7148,0.0000,0.6993
26.776,1,6.511,-1.646,-1.795,0.0000,-0.7148,0.0000,0.6993
26.806,1,6.511,-1.646,-1.795,0.0000,-0.7148,0.0000,0.6993
26.835,1,6.511,-1.646,-1.795,0.0000,-0.7148,0.0000,0.6993
26.874,1,6.511,-1.646,-1.795,0.0000,-0.7148,0.0000,0.6993
26.906,1,6.511,-1.646,-1.795,0.0000,-0.7148,0.0000,0.6993
26.935,1,6.511,-1.646,-1.795,0.0000,-0.7148,0.0000,0.6993
26.976,1,6.511,-1.646,-1.795,0.0000,-0.7148,0.0000,0.6993
27.005,1,6.511,-1.646,-1.795,0.0000,-0.7148,0.0000,0.6993
27.036,1,6.511,-1.646,-1.795,0.0000,-0.7148,0.0000,0.6993
27.075,1,6.511,-1.646,-1.795,0.0000,-0.7148,0.0000,0.6993
27.104,1,6.511,-1.646,-1.795,0.0000,-0.7148,0.0000,0.6993
27.135,1,6.511,-1.646,-1.795,0.0000,-0.7148,0.0000,0.6993
27.173,1,6.511,-1.646,-1.795,0.0000,-0.7148,0.0000,0.6993
27.206,1,6.511,-1.646,-1.795,0.0000,-0.7148,0.0000,0.6993
27.237,1,6.511,-1.646,-1.795,0.0000,-0.7148,0.0000,0.6993
27.275,1,6.511,-1.646,-1.795,0.0000,-0.7148,0.0000,0.6993
27.305,1,6.511,-1.646,-1.795,0.0000,-0.7148,0.0000,0.6993
27.339,1,6.511,-1.646,-1.795,0.0000,-0.7148,0.0000,0.6993
27.369,1,6.511,-1.646,-1.795,0.0000,-0.7148,0.0000,0.6993
27.405,1,6.511,-1.646,-1.795,0.0000,-0.7148,0.0000,0.6993
27.436,1,6.511,-1.646,-1.795,0.0000,-0.7148,0.0000,0.6993
27.475,1,6.511,-1.646,-1.795,0.0000,-0.7148,0.0000,0.6993
27.504,1,6.511,-1.646,-1.795,0.0000,-0.7148,0.0000,0.6993
27.535,1,6.511,-1.646,-1.795,0.0000,-0.7148,0.0000,0.6993
27.577,1,6.511,-1.646,-1.795,0.0000,-0.7148,0.0000,0.6993
27.606,1,6.511,-1.646,-1.795,0.0000,-0.7148,0.0000,0.6993
27.636,1,6.511,-1.646,-1.795,0.0000,-0.7148,0.0000,0.6993
27.676,1,6.511,-1.646,-1.795,0.0000,-0.7148,0.0000,0.6993
27.713,1,6.511,-1.646,-1.795,0.0000,-0.7148,0.0000,0.6993
27.739,1,6.511,-1.646,-1.795,0.0000,-0.7148,0.0000,0.6993
27.777,1,6.511,-1.646,-1.795,0.0000,-0.7148,0.0000,0.6993
27.808,1,6.511,-1.646,-1.795,0.0000,-0.7148,0.0000,0.6993
27.838,1,6.511,-1.646,-1.795,0.0000,-0.7148,0.0000,0.6993
27.868,1,6.511,-1.646,-1.795,0.0000,-0.7148,0.0000,0.6993
27.911,1,6.511,-1.646,-1.795,0.0000,-0.7148,0.0000,0.6993
27.941,1,6.511,-1.646,-1.795,0.0000,-0.7148,0.0000,0.6993
27.970,1,6.511,-1.646,-1.795,0.0000,-0.7148,0.0000,0.6993
28.001,1,6.511,-1.646,-1.795,0.0000,-0.7148,0.0000,0.6993
28.040,1,6.511,-1.646,-1.795,0.0000,-0.7148,0.0000,0.6993
28.071,1,6.511,-1.646,-1.795,0.0000,-0.7148,0.0000,0.6993
28.104,1,6.511,-1.646,-1.795,0.0000,-0.7148,0.0000,0.6993
28.136,1,6.511,-1.646,-1.795,0.0000,-0.7148,0.0000,0.6993
28.169,1,6.511,-1.646,-1.795,0.0000,-0.7148,0.0000,0.6993
28.204,1,6.511,-1.646,-1.795,0.0000,-0.7148,0.0000,0.6993
28.234,1,6.511,-1.646,-1.795,0.0000,-0.7148,0.0000,0.6993
28.276,1,6.511,-1.646,-1.795,0.0000,-0.7148,0.0000,0.6993
28.307,1,6.511,-1.646,-1.795,0.0000,-0.7148,0.0000,0.6993
28.339,1,6.511,-1.646,-1.795,0.0000,-0.7148,0.0000,0.6993
28.374,1,6.511,-1.646,-1.795,0.0000,-0.7148,0.0000,0.6993
28.402,1,6.511,-1.646,-1.795,0.0000,-0.7148,0.0000,0.6993
28.443,1,6.511,-1.646,-1.795,0.0000,-0.7148,0.0000,0.6993
28.472,1,6.511,-1.646,-1.795,0.0000,-0.7148,0.0000,0.6993
28.504,1,6.511,-1.646,-1.795,0.0000,-0.7148,0.0000,0.6993
28.535,1,6.511,-1.646,-1.795,0.0000,-0.7148,0.0000,0.6993
28.575,1,6.511,-1.646,-1.795,0.0000,-0.7148,0.0000,0.6993
28.606,1,6.511,-1.646,-1.795,0.0000,-0.7148,0.0000,0.6993
28.636,1,6.511,-1.646,-1.795,0.0000,-0.7148,0.0000,0.6993
28.677,1,6.511,-1.646,-1.795,0.0000,-0.7148,0.0000,0.6993
28.709,1,6.511,-1.646,-1.795,0.0000,-0.7148,0.0000,0.6993
28.740,1,6.511,-1.646,-1.795,0.0000,-0.7148,0.0000,0.6993
28.771,1,6.511,-1.646,-1.795,0.0000,-0.7148,0.0000,0.6993
28.803,1,6.511,-1.646,-1.795,0.0000,-0.7148,0.0000,0.6993
28.835,1,6.511,-1.646,-1.795,0.0000,-0.7148,0.0000,0.6993
28.871,1,6.511,-1.646,-1.795,0.0000,-0.7148,0.0000,0.6993
28.903,1,6.511,-1.646,-1.795,0.0000,-0.7148,0.0000,0.6993
28.939,1,6.511,-1.646,-1.795,0.0000,-0.7148,0.0000,0.6993
28.971,1,6.511,-1.646,-1.795,0.0000,-0.7148,0.0000,0.6993
29.005,1,6.511,-1.646,-1.795,0.0000,-0.7148,0.0000,0.6993
29.043,1,6.511,-1.646,-1.795,0.0000,-0.7148,0.0000,0.6993
29.073,1,6.511,-1.646,-1.795,0.0000,-0.7148,0.0000,0.6993
29.104,1,6.511,-1.646,-1.795,0.0000,-0.7148,0.0000,0.6993
29.136,1,6.511,-1.646,-1.795,0.0000,-0.7148,0.0000,0.6993
29.177,1,6.511,-1.646,-1.795,0.0000,-0.7148,0.0000,0.6993
29.205,1,6.511,-1.646,-1.795,0.0000,-0.7148,0.0000,0.6993
29.237,1,6.511,-1.646,-1.795,0.0000,-0.7148,0.0000,0.6993
29.268,1,6.511,-1.646,-1.795,0.0000,-0.7148,0.0000,0.6993
29.308,1,6.511,-1.646,-1.795,0.0000,-0.7148,0.0000,0.6993
29.336,1,6.511,-1.646,-1.795,0.0000,-0.7148,0.0000,0.6993
29.377,1,6.511,-1.646,-1.795,0.0000,-0.7148,0.0000,0.6993
29.409,1,6.511,-1.646,-1.795,0.0000,-0.7148,0.0000,0.6993
29.439,1,6.511,-1.646,-1.795,0.0000,-0.7148,0.0000,0.6993
29.471,1,6.511,-1.646,-1.795,0.0000,-0.7148,0.0000,0.6993
29.501,1,6.511,-1.646,-1.795,0.0000,-0.7148,0.0000,0.6993
29.542,1,6.511,-1.646,-1.795,0.0000,-0.7148,0.0000,0.6993
29.572,1,6.511,-1.646,-1.795,0.0000,-0.7148,0.0000,0.6993
29.603,1,6.511,-1.646,-1.795,0.0000,-0.7148,0.0000,0.6993
29.644,1,6.511,-1.646,-1.795,0.0000,-0.7148,0.0000,0.6993
29.674,1,6.511,-1.646,-1.795,0.0000,-0.7148,0.0000,0.6993
29.705,1,6.511,-1.646,-1.795,0.0000,-0.7148,0.0000,0.6993
29.735,1,6.511,-1.646,-1.795,0.0000,-0.7148,0.0000,0.6993
29.776,1,6.511,-1.646,-1.795,0.0000,-0.7148,0.0000,0.6993
29.802,1,6.511,-1.646,-1.795,0.0000,-0.7148,0.0000,0.6993
29.837,1,6.511,-1.646,-1.795,0.0000,-0.7148,0.0000,0.6993
29.869,1,6.511,-1.646,-1.795,0.0000,-0.7148,0.0000,0.6993
29.910,1,6.511,-1.646,-1.795,0.0000,-0.7148,0.0000,0.6993
29.941,1,6.511,-1.646,-1.795,0.0000,-0.7148,0.0000,0.6993
29.970,1,6.511,-1.646,-1.795,0.0000,-0.7148,0.0000,0.6993
30.002,1,6.511,-1.646,-1.795,0.0000,-0.7148,0.0000,0.6993
30.045,1,6.511,-1.646,-1.795,0.0000,-0.7148,0.0000,0.6993
30.068,1,6.511,-1.646,-1.795,0.0000,-0.7148,0.0000,0.6993
30.106,1,6.511,-1.646,-1.795,0.0000,-0.7148,0.0000,0.6993
30.138,1,6.511,-1.646,-1.795,0.0000,-0.7148,0.0000,0.6993
30.168,1,6.511,-1.646,-1.795,0.0000,-0.7148,0.0000,0.6993
30.209,1,6.511,-1.646,-1.795,0.0000,-0.7148,0.0000,0.6993
30.238,1,6.511,-1.646,-1.795,0.0000,-0.7148,0.0000,0.6993
30.268,1,6.511,-1.646,-1.795,0.0000,-0.7148,0.0000,0.6993
30.309,1,6.511,-1.646,-1.795,0.0000,-0.7148,0.0000,0.6993
30.339,1,6.511,-1.646,-1.795,0.0000,-0.7148,0.0000,0.6993
30.369,1,6.511,-1.646,-1.795,0.0000,-0.7148,0.0000,0.6993
30.409,1,6.511,-1.646,-1.795,0.0000,-0.7148,0.0000,0.6993
30.438,1,6.511,-1.646,-1.795,0.0000,-0.7148,0.0000,0.6993
30.469,1,6.511,-1.646,-1.795,0.0000,-0.7148,0.0000,0.6993
30.507,1,6.511,-1.646,-1.795,0.0000,-0.7148,0.0000,0.6993
30.538,1,6.511,-1.646,-1.795,0.0000,-0.7148,0.0000,0.6993
30.576,1,6.511,-1.646,-1.795,0.0000,-0.7148,0.0000,0.6993
30.607,1,6.511,-1.646,-1.795,0.0000,-0.7148,0.0000,0.6993
30.636,1,6.511,-1.646,-1.795,0.0000,-0.7148,0.0000,0.6993
30.668,1,6.511,-1.646,-1.795,0.0000,-0.7148,0.0000,0.6993
30.707,1,6.511,-1.646,-1.795,0.0000,-0.7148,0.0000,0.6993
30.736,1,6.511,-1.646,-1.795,0.0000,-0.7148,0.0000,0.6993
30.776,1,6.511,-1.646,-1.795,0.0000,-0.7148,0.0000,0.6993
30.809,1,6.511,-1.646,-1.795,0.0000,-0.7148,0.0000,0.6993
30.837,1,6.511,-1.646,-1.795,0.0000,-0.7148,0.0000,0.6993
30.868,1,6.511,-1.646,-1.795,0.0000,-0.7148,0.0000,0.6993
30.908,1,6.511,-1.646,-1.795,0.0000,-0.7148,0.0000,0.6993
30.937,1,6.511,-1.646,-1.795,0.0000,-0.7148,0.0000,0.6993
30.967,1,6.511,-1.646,-1.795,0.0000,-0.7148,0.0000,0.6993
31.007,1,6.511,-1.646,-1.795,0.0000,-0.7148,0.0000,0.6993
31.038,1,6.511,-1.646,-1.795,0.0000,-0.7148,0.0000,0.6993
31.077,1,6.511,-1.646,-1.795,0.0000,-0.7148,0.0000,0.6993
31.107,1,6.511,-1.646,-1.795,0.0000,-0.7148,0.0000,0.6993
31.137,1,6.511,-1.646,-1.795,0.0000,-0.7148,0.0000,0.6993
31.167,1,6.511,-1.646,-1.795,0.0000,-0.7148,0.0000,0.6993
31.207,1,6.511,-1.646,-1.795,0.0000,-0.7148,0.0000,0.6993
31.237,1,6.511,-1.646,-1.795,0.0000,-0.7148,0.0000,0.6993
31.268,1,6.511,-1.646,-1.795,0.0000,-0.7148,0.0000,0.6993
31.308,1,6.511,-1.646,-1.795,0.0000,-0.7148,0.0000,0.6993
31.339,1,6.511,-1.646,-1.795,0.0000,-0.7148,0.0000,0.6993
31.368,1,6.511,-1.646,-1.795,0.0000,-0.7148,0.0000,0.6993
31.408,1,6.511,-1.646,-1.795,0.0000,-0.7148,0.0000,0.6993
31.438,1,6.511,-1.646,-1.795,0.0000,-0.7148,0.0000,0.6993
31.475,1,6.511,-1.646,-1.795,0.0000,-0.7148,0.0000,0.6993
31.505,1,6.511,-1.646,-1.795,0.0000,-0.7148,0.0000,0.6993
31.543,1,6.511,-1.646,-1.795,0.0000,-0.7148,0.0000,0.6993
31.572,1,6.511,-1.646,-1.795,0.0000,-0.7148,0.0000,0.6993
31.601,1,6.511,-1.646,-1.795,0.0000,-0.7148,0.0000,0.6993
31.640,1,6.511,-1.646,-1.795,0.0000,-0.7148,0.0000,0.6993
31.669,1,6.511,-1.646,-1.795,0.0000,-0.7148,0.0000,0.6993
31.710,1,6.511,-1.646,-1.795,0.0000,-0.7148,0.0000,0.6993
31.742,1,6.511,-1.646,-1.795,0.0000,-0.7148,0.0000,0.6993
31.772,1,6.511,-1.646,-1.795,0.0000,-0.7148,0.0000,0.6993
31.802,1,6.511,-1.646,-1.795,0.0000,-0.7148,0.0000,0.6993
31.845,1,6.511,-1.646,-1.795,0.0000,-0.7148,0.0000,0.6993
31.873,1,6.511,-1.646,-1.795,0.0000,-0.7148,0.0000,0.6993
31.904,1,6.511,-1.646,-1.795,0.0000,-0.7148,0.0000,0.6993
31.942,1,6.511,-1.646,-1.795,0.0000,-0.7148,0.0000,0.6993
31.972,1,6.511,-1.646,-1.795,0.0000,-0.7148,0.0000,0.6993
32.002,1,6.511,-1.646,-1.795,0.0000,-0.7148,0.0000,0.6993
32.043,1,6.511,-1.646,-1.795,0.0000,-0.7148,0.0000,0.6993
32.074,1,6.511,-1.646,-1.795,0.0000,-0.7148,0.0000,0.6993
32.103,1,6.511,-1.646,-1.795,0.0000,-0.7148,0.0000,0.6993
32.144,1,6.511,-1.646,-1.795,0.0000,-0.7148,0.0000,0.6993
32.173,1,6.511,-1.646,-1.795,0.0000,-0.7148,0.0000,0.6993
32.203,1,6.511,-1.646,-1.795,0.0000,-0.7148,0.0000,0.6993
32.235,1,6.511,-1.646,-1.795,0.0000,-0.7148,0.0000,0.6993
32.276,1,6.511,-1.646,-1.795,0.0000,-0.7148,0.0000,0.6993
32.305,1,6.511,-1.646,-1.795,0.0000,-0.7148,0.0000,0.6993
32.337,1,6.511,-1.646,-1.795,0.0000,-0.7148,0.0000,0.6993
32.369,1,6.511,-1.646,-1.795,0.0000,-0.7148,0.0000,0.6993
32.401,1,6.511,-1.646,-1.795,0.0000,-0.7148,0.0000,0.6993
32.444,1,6.511,-1.646,-1.795,0.0000,-0.7148,0.0000,0.6993
32.468,1,6.511,-1.646,-1.795,0.0000,-0.7148,0.0000,0.6993
32.508,1,6.511,-1.646,-1.795,0.0000,-0.7148,0.0000,0.6993
32.539,1,6.511,-1.646,-1.795,0.0000,-0.7148,0.0000,0.6993
32.572,1,6.511,-1.646,-1.795,0.0000,-0.7148,0.0000,0.6993
32.607,1,6.511,-1.646,-1.795,0.0000,-0.7148,0.0000,0.6993
32.636,1,6.511,-1.646,-1.795,0.0000,-0.7148,0.0000,0.6993
32.678,1,6.511,-1.646,-1.795,0.0000,-0.7148,0.0000,0.6993
32.708,1,6.511,-1.646,-1.795,0.0000,-0.7148,0.0000,0.6993
32.736,1,6.511,-1.646,-1.795,0.0000,-0.7148,0.0000,0.6993
32.774,1,6.511,-1.646,-1.795,0.0000,-0.7148,0.0000,0.6993
32.804,1,6.511,-1.646,-1.795,0.0000,-0.7148,0.0000,0.6993
32.836,1,6.511,-1.646,-1.795,0.0000,-0.7148,0.0000,0.6993
32.875,1,6.511,-1.646,-1.795,0.0000,-0.7148,0.0000,0.6993
32.907,1,6.511,-1.646,-1.795,0.0000,-0.7148,0.0000,0.6993
32.935,1,6.511,-1.646,-1.795,0.0000,-0.7148,0.0000,0.6993
32.975,1,6.511,-1.646,-1.795,0.0000,-0.7148,0.0000,0.6993
33.003,1,6.511,-1.646,-1.795,0.0000,-0.7148,0.0000,0.6993
33.042,1,6.511,-1.646,-1.795,0.0000,-0.7148,0.0000,0.6993
33.073,1,6.511,-1.646,-1.795,0.0000,-0.7148,0.0000,0.6993
33.102,1,6.511,-1.646,-1.795,0.0000,-0.7148,0.0000,0.6993
33.134,1,6.511,-1.646,-1.795,0.0000,-0.7148,0.0000,0.6993
33.175,1,6.511,-1.646,-1.795,0.0000,-0.7148,0.0000,0.6993
33.205,1,6.511,-1.646,-1.795,0.0000,-0.7148,0.0000,0.6993
33.235,1,6.511,-1.646,-1.795,0.0000,-0.7148,0.0000,0.6993
33.275,1,6.511,-1.646,-1.795,0.0000,-0.7148,0.0000,0.6993
33.306,1,6.511,-1.646,-1.795,0.0000,-0.7148,0.0000,0.6993
33.335,1,6.511,-1.646,-1.795,0.0000,-0.7148,0.0000,0.6993
33.377,1,6.511,-1.646,-1.795,0.0000,-0.7148,0.0000,0.6993
33.409,1,6.511,-1.646,-1.795,0.0000,-0.7148,0.0000,0.6993
33.444,1,6.511,-1.646,-1.795,0.0000,-0.7148,0.0000,0.6993
33.469,1,6.511,-1.646,-1.795,0.0000,-0.7148,0.0000,0.6993
33.505,1,6.511,-1.646,-1.795,0.0000,-0.7148,0.0000,0.6993
33.540,1,6.511,-1.646,-1.795,0.0000,-0.7148,0.0000,0.6993
33.568,1,6.511,-1.646,-1.795,0.0000,-0.7148,0.0000,0.6993
33.604,1,6.511,-1.646,-1.795,0.0000,-0.7148,0.0000,0.6993
33.635,1,6.511,-1.646,-1.795,0.0000,-0.7148,0.0000,0.6993
33.673,1,6.511,-1.646,-1.795,0.0000,-0.7148,0.0000,0.6993
33.701,1,6.511,-1.646,-1.795,0.0000,-0.7148,0.0000,0.6993
33.741,1,6.511,-1.646,-1.795,0.0000,-0.7148,0.0000,0.6993
33.768,1,6.511,-1.646,-1.795,0.0000,-0.7148,0.0000,0.6993
33.808,1,6.511,-1.646,-1.795,0.0000,-0.7148,0.0000,0.6993
33.837,1,6.511,-1.646,-1.795,0.0000,-0.7148,0.0000,0.6993
33.875,1,6.511,-1.646,-1.795,0.0000,-0.7148,0.0000,0.6993
33.905,1,6.511,-1.646,-1.795,0.0000,-0.7148,0.0000,0.6993
33.935,1,6.511,-1.646,-1.795,0.0000,-0.7148,0.0000,0.6993
33.974,1,6.511,-1.646,-1.795,0.0000,-0.7148,0.0000,0.6993
34.004,1,6.511,-1.646,-1.795,0.0000,-0.7148,0.0000,0.6993
34.034,1,6.511,-1.646,-1.795,0.0000,-0.7148,0.0000,0.6993
34.075,1,6.511,-1.646,-1.795,0.0000,-0.7148,0.0000,0.6993
34.105,1,6.511,-1.646,-1.795,0.0000,-0.7148,0.0000,0.6993
34.135,1,6.511,-1.646,-1.795,0.0000,-0.7148,0.0000,0.6993
34.175,1,6.511,-1.646,-1.795,0.0000,-0.7148,0.0000,0.6993
34.206,1,6.511,-1.646,-1.795,0.0000,-0.7148,0.0000,0.6993
34.235,1,6.511,-1.646,-1.795,0.0000,-0.7148,0.0000,0.6993
34.275,1,6.511,-1.646,-1.795,0.0000,-0.7148,0.0000,0.6993
34.305,1,6.511,-1.646,-1.795,0.0000,-0.7148,0.0000,0.6993
34.335,1,6.511,-1.646,-1.795,0.0000,-0.7148,0.0000,0.6993
34.374,1,6.511,-1.646,-1.795,0.0000,-0.7148,0.0000,0.6993
34.405,1,6.511,-1.646,-1.795,0.0000,-0.7148,0.0000,0.6993
34.435,1,6.511,-1.646,-1.795,0.0000,-0.7148,0.0000,0.6993
34.475,1,6.511,-1.646,-1.795,0.0000,-0.7148,0.0000,0.6993
34.504,1,6.511,-1.646,-1.795,0.0000,-0.7148,0.0000,0.6993
34.535,1,6.511,-1.646,-1.795,0.0000,-0.7148,0.0000,0.6993
34.575,1,6.511,-1.646,-1.795,0.0000,-0.7148,0.0000,0.6993
34.605,1,6.511,-1.646,-1.795,0.0000,-0.7148,0.0000,0.6993
34.635,1,6.511,-1.646,-1.795,0.0000,-0.7148,0.0000,0.6993
34.676,1,6.511,-1.646,-1.795,0.0000,-0.7148,0.0000,0.6993
34.707,1,6.511,-1.646,-1.795,0.0000,-0.7148,0.0000,0.6993
34.737,1,6.511,-1.646,-1.795,0.0000,-0.7148,0.0000,0.6993
34.768,1,6.511,-1.646,-1.795,0.0000,-0.7148,0.0000,0.6993
34.808,1,6.511,-1.646,-1.795,0.0000,-0.7148,0.0000,0.6993
34.837,1,6.511,-1.646,-1.795,0.0000,-0.7148,0.0000,0.6993
34.878,1,6.511,-1.646,-1.795,0.0000,-0.7148,0.0000,0.6993
34.909,1,6.511,-1.646,-1.795,0.0000,-0.7148,0.0000,0.6993
34.939,1,6.511,-1.646,-1.795,0.0000,-0.7148,0.0000,0.6993
34.969,1,6.511,-1.646,-1.795,0.0000,-0.7148,0.0000,0.6993
35.013,1,6.511,-1.646,-1.795,0.0000,-0.7148,0.0000,0.6993
35.034,1,6.511,-1.646,-1.795,0.0000,-0.7148,0.0000,0.6993
35.072,1,6.511,-1.646,-1.795,0.0000,-0.7148,0.0000,0.6993
35.102,1,6.511,-1.646,-1.795,0.0000,-0.7148,0.0000,0.6993
35.142,1,6.511,-1.646,-1.795,0.0000,-0.7148,0.0000,0.6993
35.174,1,6.511,-1.646,-1.795,0.0000,-0.7148,0.0000,0.6993
35.205,1,6.511,-1.646,-1.795,0.0000,-0.7148,0.0000,0.6993
35.235,1,6.511,-1.646,-1.795,0.0000,-0.7148,0.0000,0.6993
35.276,1,6.511,-1.646,-1.795,0.0000,-0.7148,0.0000,0.6993
35.306,1,6.511,-1.646,-1.795,0.0000,-0.7148,0.0000,0.6993
35.336,1,6.511,-1.646,-1.795,0.0000,-0.7148,0.0000,0.6993
35.377,1,6.511,-1.646,-1.795,0.0000,-0.7148,0.0000,0.6993
35.409,1,6.511,-1.646,-1.795,0.0000,-0.7148,0.0000,0.6993
35.439,1,6.511,-1.646,-1.795,0.0000,-0.7148,0.0000,0.6993
35.470,1,6.511,-1.646,-1.795,0.0000,-0.7148,0.0000,0.6993
35.509,1,6.511,-1.646,-1.795,0.0000,-0.7148,0.0000,0.6993
35.539,1,6.511,-1.646,-1.795,0.0000,-0.7148,0.0000,0.6993
35.569,1,6.511,-1.646,-1.795,0.0000,-0.7148,0.0000,0.6993
35.601,1,6.511,-1.646,-1.795,0.0000,-0.7148,0.0000,0.6993
35.642,1,6.511,-1.646,-1.795,0.0000,-0.7148,0.0000,0.6993
35.673,1,6.511,-1.646,-1.795,0.0000,-0.7148,0.0000,0.6993
35.704,1,6.511,-1.646,-1.795,0.0000,-0.7148,0.0000,0.6993
35.736,1,6.511,-1.646,-1.795,0.0000,-0.7148,0.0000,0.6993
35.768,1,6.511,-1.646,-1.795,0.0000,-0.7148,0.0000,0.6993
35.809,1,6.511,-1.646,-1.795,0.0000,-0.7148,0.0000,0.6993
35.836,1,6.511,-1.646,-1.795,0.0000,-0.7148,0.0000,0.6993
35.877,1,6.511,-1.646,-1.795,0.0000,-0.7148,0.0000,0.6993
35.906,1,6.511,-1.646,-1.795,0.0000,-0.7148,0.0000,0.6993
35.935,1,6.511,-1.646,-1.795,0.0000,-0.7148,0.0000,0.6993
35.969,1,6.511,-1.646,-1.795,0.0000,-0.7148,0.0000,0.6993
36.005,1,6.511,-1.646,-1.795,0.0000,-0.7148,0.0000,0.6993
36.036,1,6.511,-1.646,-1.795,0.0000,-0.7148,0.0000,0.6993
36.076,1,6.511,-1.646,-1.795,0.0000,-0.7148,0.0000,0.6993
36.108,1,6.511,-1.646,-1.795,0.0000,-0.7148,0.0000,0.6993
36.137,1,6.511,-1.646,-1.795,0.0000,-0.7148,0.0000,0.6993
36.169,1,6.511,-1.646,-1.795,0.0000,-0.7148,0.0000,0.6993
36.208,1,6.511,-1.646,-1.795,0.0000,-0.7148,0.0000,0.6993
36.239,1,6.511,-1.646,-1.795,0.0000,-0.7148,0.0000,0.6993
36.270,1,6.511,-1.646,-1.795,0.0000,-0.7148,0.0000,0.6993
36.303,1,6.511,-1.646,-1.795,0.0000,-0.7148,0.0000,0.6993
36.335,1,6.511,-1.646,-1.795,0.0000,-0.7148,0.0000,0.6993
36.371,1,6.511,-1.646,-1.795,0.0000,-0.7148,0.0000,0.6993
36.410,1,6.511,-1.646,-1.795,0.0000,-0.7148,0.0000,0.6993
36.441,1,6.511,-1.646,-1.795,0.0000,-0.7148,0.0000,0.6993
36.471,1,6.511,-1.646,-1.795,0.0000,-0.7148,0.0000,0.6993
36.501,1,6.511,-1.646,-1.795,0.0000,-0.7148,0.0000,0.6993
36.542,1,6.511,-1.646,-1.795,0.0000,-0.7148,0.0000,0.6993
36.572,1,6.511,-1.646,-1.795,0.0000,-0.7148,0.0000,0.6993
36.605,1,6.511,-1.646,-1.795,0.0000,-0.7148,0.0000,0.6993
36.635,1,6.511,-1.646,-1.795,0.0000,-0.7148,0.0000,0.6993
39.153,1,6.511,-1.646,-1.795,0.0000,-0.7148,0.0000,0.6993
39.153,1,6.511,-1.646,-1.795,0.0000,-0.7148,0.0000,0.6993
39.153,1,6.511,-1.646,-1.795,0.0000,-0.7148,0.0000,0.6993
39.153,1,6.511,-1.646,-1.795,0.0000,-0.7148,0.0000,0.6993
39.153,1,6.511,-1.646,-1.795,0.0000,-0.7148,0.0000,0.6993
39.153,1,6.511,-1.646,-1.795,0.0000,-0.7148,0.0000,0.6993
39.153,1,6.511,-1.646,-1.795,0.0000,-0.7148,0.0000,0.6993
39.153,1,6.511,-1.646,-1.795,0.0000,-0.7148,0.0000,0.6993
39.153,1,6.511,-1.646,-1.795,0.0000,-0.7148,0.0000,0.6993
39.153,1,6.511,-1.646,-1.795,0.0000,-0.7148,0.0000,0.6993
39.153,1,6.511,-1.646,-1.795,0.0000,-0.7148,0.0000,0.6993
39.153,1,6.511,-1.646,-1.795,0.0000,-0.7148,0.0000,0.6993
39.153,1,6.511,-1.646,-1.795,0.0000,-0.7148,0.0000,0.6993
39.153,1,6.511,-1.646,-1.795,0.0000,-0.7148,0.0000,0.6993
39.153,1,6.511,-1.646,-1.795,0.0000,-0.7148,0.0000,0.6993
39.153,1,6.511,-1.646,-1.795,0.0000,-0.7148,0.0000,0.6993
39.153,1,6.511,-1.646,-1.795,0.0000,-0.7148,0.0000,0.6993
39.153,1,6.511,-1.646,-1.795,0.0000,-0.7148,0.0000,0.6993
39.153,1,6.511,-1.646,-1.795,0.0000,-0.7148,0.0000,0.6993
39.153,1,6.511,-1.646,-1.795,0.0000,-0.7148,0.0000,0.6993
39.153,1,6.511,-1.646,-1.795,0.0000,-0.7148,0.0000,0.6993
39.153,1,6.511,-1.646,-1.795,0.0000,-0.7148,0.0000,0.6993
39.153,1,6.511,-1.646,-1.795,0.0000,-0.7148,0.0000,0.6993
39.153,1,6.511,-1.646,-1.795,0.0000,-0.7148,0.0000,0.6993
39.153,1,6.511,-1.646,-1.795,0.0000,-0.7148,0.0000,0.6993
39.153,1,6.511,-1.646,-1.795,0.0000,-0.7148,0.0000,0.6993
39.153,1,6.511,-1.646,-1.795,0.0000,-0.7148,0.0000,0.6993
39.153,1,6.511,-1.646,-1.795,0.0000,-0.7148,0.0000,0.6993
39.153,1,6.511,-1.646,-1.795,0.0000,-0.7148,0.0000,0.6993
39.153,1,6.511,-1.646,-1.795,0.0000,-0.7148,0.0000,0.6993
39.153,1,6.511,-1.646,-1.795,0.0000,-0.7148,0.0000,0.6993
39.153,1,6.511,-1.646,-1.795,0.0000,-0.7148,0.0000,0.6993
39.153,1,6.511,-1.646,-1.795,0.0000,-0.7148,0.0000,0.6993
39.153,1,6.511,-1.646,-1.795,0.0000,-0.7148,0.0000,0.6993
39.153,1,6.511,-1.646,-1.795,0.0000,-0.7148,0.0000,0.6993
39.153,1,6.511,-1.646,-1.795,0.0000,-0.7148,0.0000,0.6993
39.153,1,6.511,-1.646,-1.795,0.0000,-0.7148,0.0000,0.6993
39.153,1,6.511,-1.646,-1.795,0.0000,-0.7148,0.0000,0.6993
39.153,1,6.511,-1.646,-1.795,0.0000,-0.7148,0.0000,0.6993
39.153,1,6.511,-1.646,-1.795,0.0000,-0.7148,0.0000,0.6993
39.153,1,6.511,-1.646,-1.795,0.0000,-0.7148,0.0000,0.6993
39.153,1,6.511,-1.646,-1.795,0.0000,-0.7148,0.0000,0.6993
39.153,1,6.511,-1.646,-1.795,0.0000,-0.7148,0.0000,0.6993
39.153,1,6.511,-1.646,-1.795,0.0000,-0.7148,0.0000,0.6993
39.153,1,6.511,-1.646,-1.795,0.0000,-0.7148,0.0000,0.6993
39.153,1,6.511,-1.646,-1.795,0.0000,-0.7148,0.0000,0.6993
39.153,1,6.511,-1.646,-1.795,0.0000,-0.7148,0.0000,0.6993
39.153,1,6.511,-1.646,-1.795,0.0000,-0.7148,0.0000,0.6993
39.153,1,6.511,-1.646,-1.795,0.0000,-0.7148,0.0000,0.6993
39.153,1,6.511,-1.646,-1.795,0.0000,-0.7148,0.0000,0.6993
39.153,1,6.511,-1.646,-1.795,0.0000,-0.7148,0.0000,0.6993
39.153,1,6.511,-1.646,-1.795,0.0000,-0.7148,0.0000,0.6993
39.153,1,6.511,-1.646,-1.795,0.0000,-0.7148,0.0000,0.6993
39.153,1,6.511,-1.646,-1.795,0.0000,-0.7148,0.0000,0.6993
39.153,1,6.511,-1.646,-1.795,0.0000,-0.7148,0.0000,0.6993
39.153,1,6.511,-1.646,-1.795,0.0000,-0.7148,0.0000,0.6993
39.153,1,6.511,-1.646,-1.795,0.0000,-0.7148,0.0000,0.6993
39.153,1,6.511,-1.646,-1.795,0.0000,-0.7148,0.0000,0.6993
39.153,1,6.511,-1.646,-1.795,0.0000,-0.7148,0.0000,0.6993
39.153,1,6.511,-1.646,-1.795,0.0000,-0.7148,0.0000,0.6993
39.153,1,6.511,-1.646,-1.795,0.0000,-0.7148,0.0000,0.6993
39.153,1,6.511,-1.646,-1.795,0.0000,-0.7148,0.0000,0.6993
39.153,1,6.511,-1.646,-1.795,0.0000,-0.7148,0.0000,0.6993
39.153,1,6.511,-1.646,-1.795,0.0000,-0.7148,0.0000,0.6993
39.153,1,6.511,-1.646,-1.795,0.0000,-0.7148,0.0000,0.6993
39.153,1,6.511,-1.646,-1.795,0.0000,-0.7148,0.0000,0.6993
39.153,1,6.511,-1.646,-1.795,0.0000,-0.7148,0.0000,0.6993
39.153,1,6.511,-1.646,-1.795,0.0000,-0.7148,0.0000,0.6993
39.153,1,6.511,-1.646,-1.795,0.0000,-0.7148,0.0000,0.6993
39.153,1,6.511,-1.646,-1.795,0.0000,-0.7148,0.0000,0.6993
39.153,1,6.511,-1.646,-1.795,0.0000,-0.7148,0.0000,0.6993
39.153,1,6.511,-1.646,-1.795,0.0000,-0.7148,0.0000,0.6993
39.153,1,6.511,-1.646,-1.795,0.0000,-0.7148,0.0000,0.6993
39.153,1,6.511,-1.646,-1.795,0.0000,-0.7148,0.0000,0.6993
39.153,1,6.511,-1.646,-1.795,0.0000,-0.7148,0.0000,0.6993
39.230,1,6.511,-1.646,-1.795,0.0000,-0.7148,0.0000,0.6993
39.230,1,6.511,-1.646,-1.795,0.0000,-0.7148,0.0000,0.6993
39.246,1,6.511,-1.646,-1.795,0.0000,-0.7148,0.0000,0.6993
39.276,1,6.511,-1.646,-1.795,0.0000,-0.7148,0.0000,0.6993
39.317,1,6.511,-1.646,-1.795,0.0000,-0.7148,0.0000,0.6993
39.350,1,6.511,-1.646,-1.795,0.0000,-0.7148,0.0000,0.6993
39.390,1,6.511,-1.646,-1.795,0.0000,-0.7148,0.0000,0.6993
39.426,1,6.511,-1.646,-1.795,0.0000,-0.7148,0.0000,0.6993
39.462,1,6.511,-1.646,-1.795,0.0000,-0.7148,0.0000,0.6993
39.488,1,6.511,-1.646,-1.795,0.0000,-0.7148,0.0000,0.6993
39.510,1,6.511,-1.646,-1.795,0.0000,-0.7148,0.0000,0.6993
39.543,1,6.511,-1.646,-1.795,0.0000,-0.7148,0.0000,0.6993
39.570,1,6.511,-1.646,-1.795,0.0000,-0.7148,0.0000,0.6993
39.605,1,6.511,-1.646,-1.795,0.0000,-0.7148,0.0000,0.6993
39.638,1,6.511,-1.646,-1.795,0.0000,-0.7148,0.0000,0.6993
39.669,1,6.511,-1.646,-1.795,0.0000,-0.7148,0.0000,0.6993
39.709,1,6.511,-1.646,-1.795,0.0000,-0.7148,0.0000,0.6993
39.740,1,6.511,-1.646,-1.795,0.0000,-0.7148,0.0000,0.6993
39.769,1,6.511,-1.646,-1.795,0.0000,-0.7148,0.0000,0.6993
39.808,1,6.511,-1.646,-1.795,0.0000,-0.7148,0.0000,0.6993
39.838,1,6.511,-1.646,-1.795,0.0000,-0.7148,0.0000,0.6993
39.868,1,6.511,-1.646,-1.795,0.0000,-0.7148,0.0000,0.6993
39.909,1,6.511,-1.646,-1.795,0.0000,-0.7148,0.0000,0.6993
39.938,1,6.511,-1.646,-1.795,0.0000,-0.7148,0.0000,0.6993
39.968,1,6.511,-1.646,-1.795,0.0000,-0.7148,0.0000,0.6993
40.009,1,6.511,-1.646,-1.795,0.0000,-0.7148,0.0000,0.6993
40.040,1,6.511,-1.646,-1.795,0.0000,-0.7148,0.0000,0.6993
40.069,1,6.511,-1.646,-1.795,0.0000,-0.7148,0.0000,0.6993
40.109,1,6.511,-1.646,-1.795,0.0000,-0.7148,0.0000,0.6993
40.139,1,6.511,-1.646,-1.795,0.0000,-0.7148,0.0000,0.6993
40.168,1,6.511,-1.646,-1.795,0.0000,-0.7148,0.0000,0.6993
40.208,1,6.511,-1.646,-1.795,0.0000,-0.7148,0.0000,0.6993
40.237,1,6.511,-1.646,-1.795,0.0000,-0.7148,0.0000,0.6993
40.268,1,6.511,-1.646,-1.795,0.0000,-0.7148,0.0000,0.6993
40.308,1,6.511,-1.646,-1.795,0.0000,-0.7148,0.0000,0.6993
40.337,1,6.511,-1.646,-1.795,0.0000,-0.7148,0.0000,0.6993
40.367,1,6.511,-1.646,-1.795,0.0000,-0.7148,0.0000,0.6993
40.406,1,6.511,-1.646,-1.795,0.0000,-0.7148,0.0000,0.6993
40.437,1,6.511,-1.646,-1.795,0.0000,-0.7148,0.0000,0.6993
40.477,1,6.511,-1.646,-1.795,0.0000,-0.7148,0.0000,0.6993
40.508,1,6.511,-1.646,-1.795,0.0000,-0.7148,0.0000,0.6993
40.538,1,6.511,-1.646,-1.795,0.0000,-0.7148,0.0000,0.6993
40.568,1,6.511,-1.646,-1.795,0.0000,-0.7148,0.0000,0.6993
40.609,1,6.511,-1.646,-1.795,0.0000,-0.7148,0.0000,0.6993
40.639,1,6.511,-1.646,-1.795,0.0000,-0.7148,0.0000,0.6993
40.670,1,6.511,-1.646,-1.795,0.0000,-0.7148,0.0000,0.6993
40.702,1,6.511,-1.646,-1.795,0.0000,-0.7148,0.0000,0.6993
40.741,1,6.511,-1.646,-1.795,0.0000,-0.7148,0.0000,0.6993
40.772,1,6.511,-1.646,-1.795,0.0000,-0.7148,0.0000,0.6993
40.801,1,6.511,-1.646,-1.795,0.0000,-0.7148,0.0000,0.6993
40.840,1,6.511,-1.646,-1.795,0.0000,-0.7148,0.0000,0.6993
40.871,1,6.511,-1.646,-1.795,0.0000,-0.7148,0.0000,0.6993
40.901,1,6.511,-1.646,-1.795,0.0000,-0.7148,0.0000,0.6993
40.942,1,6.511,-1.646,-1.795,0.0000,-0.7148,0.0000,0.6993
40.973,1,6.511,-1.646,-1.795,0.0000,-0.7148,0.0000,0.6993
41.001,1,6.511,-1.646,-1.795,0.0000,-0.7148,0.0000,0.6993
41.041,1,6.511,-1.646,-1.795,0.0000,-0.7148,0.0000,0.6993
41.070,1,6.511,-1.646,-1.795,0.0000,-0.7148,0.0000,0.6993
41.101,1,6.511,-1.646,-1.795,0.0000,-0.7148,0.0000,0.6993
41.141,1,6.511,-1.646,-1.795,0.0000,-0.7148,0.0000,0.6993
41.170,1,6.511,-1.646,-1.795,0.0000,-0.7148,0.0000,0.6993
41.210,1,6.511,-1.646,-1.795,0.0000,-0.7148,0.0000,0.6993
41.241,1,6.511,-1.646,-1.795,0.0000,-0.7148,0.0000,0.6993
41.271,1,6.511,-1.646,-1.795,0.0000,-0.7148,0.0000,0.6993
41.312,1,6.511,-1.646,-1.795,0.0000,-0.7148,0.0000,0.6993
41.341,1,6.511,-1.646,-1.795,0.0000,-0.7148,0.0000,0.6993
41.372,1,6.511,-1.646,-1.795,0.0000,-0.7148,0.0000,0.6993
41.403,1,6.511,-1.646,-1.795,0.0000,-0.7148,0.0000,0.6993
41.444,1,6.511,-1.646,-1.795,0.0000,-0.7148,0.0000,0.6993
41.477,1,6.511,-1.646,-1.795,0.0000,-0.7148,0.0000,0.6993
41.506,1,6.511,-1.646,-1.795,0.0000,-0.7148,0.0000,0.6993
41.535,1,6.511,-1.646,-1.795,0.0000,-0.7148,0.0000,0.6993
41.572,1,6.511,-1.646,-1.795,0.0000,-0.7148,0.0000,0.6993
41.601,1,6.511,-1.646,-1.795,0.0000,-0.7148,0.0000,0.6993
41.641,1,6.511,-1.646,-1.795,0.0000,-0.7148,0.0000,0.6993
41.671,1,6.511,-1.646,-1.795,0.0000,-0.7148,0.0000,0.6993
41.702,1,6.511,-1.646,-1.795,0.0000,-0.7148,0.0000,0.6993
41.742,1,6.511,-1.646,-1.795,0.0000,-0.7148,0.0000,0.6993
41.771,1,6.511,-1.646,-1.795,0.0000,-0.7148,0.0000,0.6993
41.802,1,6.511,-1.646,-1.795,0.0000,-0.7148,0.0000,0.6993
41.842,1,6.511,-1.646,-1.795,0.0000,-0.7148,0.0000,0.6993
41.872,1,6.511,-1.646,-1.795,0.0000,-0.7148,0.0000,0.6993
41.902,1,6.511,-1.646,-1.795,0.0000,-0.7148,0.0000,0.6993
41.941,1,6.511,-1.646,-1.795,0.0000,-0.7148,0.0000,0.6993
53.511,1,6.511,-1.646,-1.795,0.0000,-0.7148,0.0000,0.6993
53.511,1,6.511,-1.646,-1.795,0.0000,-0.7148,0.0000,0.6993
53.511,1,6.511,-1.646,-1.795,0.0000,-0.7148,0.0000,0.6993
53.511,1,6.511,-1.646,-1.795,0.0000,-0.7148,0.0000,0.6993
53.511,1,6.511,-1.646,-1.795,0.0000,-0.7148,0.0000,0.6993
53.511,1,6.511,-1.646,-1.795,0.0000,-0.7148,0.0000,0.6993
53.511,1,6.511,-1.646,-1.795,0.0000,-0.7148,0.0000,0.6993
53.511,1,6.511,-1.646,-1.795,0.0000,-0.7148,0.0000,0.6993
53.511,1,6.511,-1.646,-1.795,0.0000,-0.7148,0.0000,0.6993
53.511,1,6.511,-1.646,-1.795,0.0000,-0.7148,0.0000,0.6993
53.511,1,6.511,-1.646,-1.795,0.0000,-0.7148,0.0000,0.6993
53.511,1,6.511,-1.646,-1.795,0.0000,-0.7148,0.0000,0.6993
53.511,1,6.511,-1.646,-1.795,0.0000,-0.7148,0.0000,0.6993
53.511,1,6.511,-1.646,-1.795,0.0000,-0.7148,0.0000,0.6993
53.511,1,6.511,-1.646,-1.795,0.0000,-0.7148,0.0000,0.6993
53.511,1,6.511,-1.646,-1.795,0.0000,-0.7148,0.0000,0.6993
53.511,1,6.511,-1.646,-1.795,0.0000,-0.7148,0.0000,0.6993
53.511,1,6.511,-1.646,-1.795,0.0000,-0.7148,0.0000,0.6993
53.511,1,6.511,-1.646,-1.795,0.0000,-0.7148,0.0000,0.6993
53.511,1,6.511,-1.646,-1.795,0.0000,-0.7148,0.0000,0.6993
53.511,1,6.511,-1.646,-1.795,0.0000,-0.7148,0.0000,0.6993
53.511,1,6.511,-1.646,-1.795,0.0000,-0.7148,0.0000,0.6993
53.511,1,6.511,-1.646,-1.795,0.0000,-0.7148,0.0000,0.6993
53.511,1,6.511,-1.646,-1.795,0.0000,-0.7148,0.0000,0.6993
53.511,1,6.511,-1.646,-1.795,0.0000,-0.7148,0.0000,0.6993
53.511,1,6.511,-1.646,-1.795,0.0000,-0.7148,0.0000,0.6993
53.511,1,6.511,-1.646,-1.795,0.0000,-0.7148,0.0000,0.6993
53.511,1,6.511,-1.646,-1.795,0.0000,-0.7148,0.0000,0.6993
53.511,1,6.511,-1.646,-1.795,0.0000,-0.7148,0.0000,0.6993
53.511,1,6.511,-1.646,-1.795,0.0000,-0.7148,0.0000,0.6993
53.511,1,6.511,-1.646,-1.795,0.0000,-0.7148,0.0000,0.6993
53.511,1,6.511,-1.646,-1.795,0.0000,-0.7148,0.0000,0.6993
53.511,1,6.511,-1.646,-1.795,0.0000,-0.7148,0.0000,0.6993
53.511,1,6.511,-1.646,-1.795,0.0000,-0.7148,0.0000,0.6993
53.511,1,6.511,-1.646,-1.795,0.0000,-0.7148,0.0000,0.6993
53.511,1,6.511,-1.646,-1.795,0.0000,-0.7148,0.0000,0.6993
53.511,1,6.511,-1.646,-1.795,0.0000,-0.7148,0.0000,0.6993
53.511,1,6.511,-1.646,-1.795,0.0000,-0.7148,0.0000,0.6993
53.511,1,6.511,-1.646,-1.795,0.0000,-0.7148,0.0000,0.6993
53.511,1,6.511,-1.646,-1.795,0.0000,-0.7148,0.0000,0.6993
53.511,1,6.511,-1.646,-1.795,0.0000,-0.7148,0.0000,0.6993
53.511,1,6.511,-1.646,-1.795,0.0000,-0.7148,0.0000,0.6993
53.511,1,6.511,-1.646,-1.795,0.0000,-0.7148,0.0000,0.6993
53.511,1,6.511,-1.646,-1.795,0.0000,-0.7148,0.0000,0.6993
53.511,1,6.511,-1.646,-1.795,0.0000,-0.7148,0.0000,0.6993
53.511,1,6.511,-1.646,-1.795,0.0000,-0.7148,0.0000,0.6993
53.511,1,6.511,-1.646,-1.795,0.0000,-0.7148,0.0000,0.6993
53.511,1,6.511,-1.646,-1.795,0.0000,-0.7148,0.0000,0.6993
53.511,1,6.511,-1.646,-1.795,0.0000,-0.7148,0.0000,0.6993
53.511,1,6.511,-1.646,-1.795,0.0000,-0.7148,0.0000,0.6993
53.511,1,6.511,-1.646,-1.795,0.0000,-0.7148,0.0000,0.6993
53.511,1,6.511,-1.646,-1.795,0.0000,-0.7148,0.0000,0.6993
53.511,1,6.511,-1.646,-1.795,0.0000,-0.7148,0.0000,0.6993
53.511,1,6.511,-1.646,-1.795,0.0000,-0.7148,0.0000,0.6993
53.511,1,6.511,-1.646,-1.795,0.0000,-0.7148,0.0000,0.6993
53.511,1,6.511,-1.646,-1.795,0.0000,-0.7148,0.0000,0.6993
53.511,1,6.511,-1.646,-1.795,0.0000,-0.7148,0.0000,0.6993
53.511,1,6.511,-1.646,-1.795,0.0000,-0.7148,0.0000,0.6993
53.511,1,6.511,-1.646,-1.795,0.0000,-0.7148,0.0000,0.6993
53.511,1,6.511,-1.646,-1.795,0.0000,-0.7148,0.0000,0.6993
53.511,1,6.511,-1.646,-1.795,0.0000,-0.7148,0.0000,0.6993
53.511,1,6.511,-1.646,-1.795,0.0000,-0.7148,0.0000,0.6993
53.511,1,6.511,-1.646,-1.795,0.0000,-0.7148,0.0000,0.6993
53.511,1,6.511,-1.646,-1.795,0.0000,-0.7148,0.0000,0.6993
53.511,1,6.511,-1.646,-1.795,0.0000,-0.7148,0.0000,0.6993
53.511,1,6.511,-1.646,-1.795,0.0000,-0.7148,0.0000,0.6993
53.511,1,6.511,-1.646,-1.795,0.0000,-0.7148,0.0000,0.6993
53.511,1,6.511,-1.646,-1.795,0.0000,-0.7148,0.0000,0.6993
53.511,1,6.511,-1.646,-1.795,0.0000,-0.7148,0.0000,0.6993
53.511,1,6.511,-1.646,-1.795,0.0000,-0.7148,0.0000,0.6993
53.511,1,6.511,-1.646,-1.795,0.0000,-0.7148,0.0000,0.6993
53.511,1,6.511,-1.646,-1.795,0.0000,-0.7148,0.0000,0.6993
53.511,1,6.511,-1.646,-1.795,0.0000,-0.7148,0.0000,0.6993
53.511,1,6.511,-1.646,-1.795,0.0000,-0.7148,0.0000,0.6993
53.511,1,6.511,-1.646,-1.795,0.0000,-0.7148,0.0000,0.6993
53.511,1,6.511,-1.646,-1.795,0.0000,-0.7148,0.0000,0.6993
53.511,1,6.511,-1.646,-1.795,0.0000,-0.7148,0.0000,0.6993
53.511,1,6.511,-1.646,-1.795,0.0000,-0.7148,0.0000,0.6993
53.511,1,6.511,-1.646,-1.795,0.0000,-0.7148,0.0000,0.6993
53.511,1,6.511,-1.646,-1.795,0.0000,-0.7148,0.0000,0.6993
53.511,1,6.511,-1.646,-1.795,0.0000,-0.7148,0.0000,0.6993
53.511,1,6.511,-1.646,-1.795,0.0000,-0.7148,0.0000,0.6993
53.511,1,6.511,-1.646,-1.795,0.0000,-0.7148,0.0000,0.6993
53.511,1,6.511,-1.646,-1.795,0.0000,-0.7148,0.0000,0.6993
53.511,1,6.511,-1.646,-1.795,0.0000,-0.7148,0.0000,0.6993
53.511,1,6.511,-1.646,-1.795,0.0000,-0.7148,0.0000,0.6993
53.511,1,6.511,-1.646,-1.795,0.0000,-0.7148,0.0000,0.6993
53.511,1,6.511,-1.646,-1.795,0.0000,-0.7148,0.0000,0.6993
53.511,1,6.511,-1.646,-1.795,0.0000,-0.7148,0.0000,0.6993
53.511,1,6.511,-1.646,-1.795,0.0000,-0.7148,0.0000,0.6993
53.511,1,6.511,-1.646,-1.795,0.0000,-0.7148,0.0000,0.6993
53.511,1,6.511,-1.646,-1.795,0.0000,-0.7148,0.0000,0.6993
53.511,1,6.511,-1.646,-1.795,0.0000,-0.7148,0.0000,0.6993
53.511,1,6.511,-1.646,-1.795,0.0000,-0.7148,0.0000,0.6993
53.511,1,6.511,-1.646,-1.795,0.0000,-0.7148,0.0000,0.6993
53.511,1,6.511,-1.646,-1.795,0.0000,-0.7148,0.0000,0.6993
53.511,1,6.511,-1.646,-1.795,0.0000,-0.7148,0.0000,0.6993
53.511,1,6.511,-1.646,-1.795,0.0000,-0.7148,0.0000,0.6993
53.511,1,6.511,-1.646,-1.795,0.0000,-0.7148,0.0000,0.6993
53.511,1,6.511,-1.646,-1.795,0.0000,-0.7148,0.0000,0.6993
53.511,1,6.511,-1.646,-1.795,0.0000,-0.7148,0.0000,0.6993
53.511,1,6.511,-1.646,-1.795,0.0000,-0.7148,0.0000,0.6993
53.511,1,6.511,-1.646,-1.795,0.0000,-0.7148,0.0000,0.6993
53.511,1,6.511,-1.646,-1.795,0.0000,-0.7148,0.0000,0.6993
53.511,1,6.511,-1.646,-1.795,0.0000,-0.7148,0.0000,0.6993
53.511,1,6.511,-1.646,-1.795,0.0000,-0.7148,0.0000,0.6993
53.511,1,6.511,-1.646,-1.795,0.0000,-0.7148,0.0000,0.6993
53.511,1,6.511,-1.646,-1.795,0.0000,-0.7148,0.0000,0.6993
53.511,1,6.511,-1.646,-1.795,0.0000,-0.7148,0.0000,0.6993
53.511,1,6.511,-1.646,-1.795,0.0000,-0.7148,0.0000,0.6993
53.511,1,6.511,-1.646,-1.795,0.0000,-0.7148,0.0000,0.6993
53.511,1,6.511,-1.646,-1.795,0.0000,-0.7148,0.0000,0.6993
53.511,1,6.511,-1.646,-1.795,0.0000,-0.7148,0.0000,0.6993
53.511,1,6.511,-1.646,-1.795,0.0000,-0.7148,0.0000,0.6993
53.511,1,6.511,-1.646,-1.795,0.0000,-0.7148,0.0000,0.6993
53.511,1,6.511,-1.646,-1.795,0.0000,-0.7148,0.0000,0.6993
53.511,1,6.511,-1.646,-1.795,0.0000,-0.7148,0.0000,0.6993
53.511,1,6.511,-1.646,-1.795,0.0000,-0.7148,0.0000,0.6993
53.511,1,6.511,-1.646,-1.795,0.0000,-0.7148,0.0000,0.6993
53.511,1,6.511,-1.646,-1.795,0.0000,-0.7148,0.0000,0.6993
53.511,1,6.511,-1.646,-1.795,0.0000,-0.7148,0.0000,0.6993
53.511,1,6.511,-1.646,-1.795,0.0000,-0.7148,0.0000,0.6993
53.511,1,6.511,-1.646,-1.795,0.0000,-0.7148,0.0000,0.6993
53.511,1,6.511,-1.646,-1.795,0.0000,-0.7148,0.0000,0.6993
53.511,1,6.511,-1.646,-1.795,0.0000,-0.7148,0.0000,0.6993
53.511,1,6.511,-1.646,-1.795,0.0000,-0.7148,0.0000,0.6993
53.511,1,6.511,-1.646,-1.795,0.0000,-0.7148,0.0000,0.6993
53.511,1,6.511,-1.646,-1.795,0.0000,-0.7148,0.0000,0.6993
53.511,1,6.511,-1.646,-1.795,0.0000,-0.7148,0.0000,0.6993
53.511,1,6.511,-1.646,-1.795,0.0000,-0.7148,0.0000,0.6993
53.511,1,6.511,-1.646,-1.795,0.0000,-0.7148,0.0000,0.6993
53.511,1,6.511,-1.646,-1.795,0.0000,-0.7148,0.0000,0.6993
53.511,1,6.511,-1.646,-1.795,0.0000,-0.7148,0.0000,0.6993
53.511,1,6.511,-1.646,-1.795,0.0000,-0.7148,0.0000,0.6993
53.511,1,6.511,-1.646,-1.795,0.0000,-0.7148,0.0000,0.6993
53.511,1,6.511,-1.646,-1.795,0.0000,-0.7148,0.0000,0.6993
53.511,1,6.511,-1.646,-1.795,0.0000,-0.7148,0.0000,0.6993
53.511,1,6.511,-1.646,-1.795,0.0000,-0.7148,0.0000,0.6993
53.511,1,6.511,-1.646,-1.795,0.0000,-0.7148,0.0000,0.6993
53.511,1,6.511,-1.646,-1.795,0.0000,-0.7148,0.0000,0.6993
53.511,1,6.511,-1.646,-1.795,0.0000,-0.7148,0.0000,0.6993
53.511,1,6.511,-1.646,-1.795,0.0000,-0.7148,0.0000,0.6993
53.511,1,6.511,-1.646,-1.795,0.0000,-0.7148,0.0000,0.6993
53.511,1,6.511,-1.646,-1.795,0.0000,-0.7148,0.0000,0.6993
53.511,1,6.511,-1.646,-1.795,0.0000,-0.7148,0.0000,0.6993
53.511,1,6.511,-1.646,-1.795,0.0000,-0.7148,0.0000,0.6993
53.511,1,6.511,-1.646,-1.795,0.0000,-0.7148,0.0000,0.6993
53.511,1,6.511,-1.646,-1.795,0.0000,-0.7148,0.0000,0.6993
53.511,1,6.511,-1.646,-1.795,0.0000,-0.7148,0.0000,0.6993
53.511,1,6.511,-1.646,-1.795,0.0000,-0.7148,0.0000,0.6993
53.511,1,6.511,-1.646,-1.795,0.0000,-0.7148,0.0000,0.6993
53.511,1,6.511,-1.646,-1.795,0.0000,-0.7148,0.0000,0.6993
53.511,1,6.511,-1.646,-1.795,0.0000,-0.7148,0.0000,0.6993
53.511,1,6.511,-1.646,-1.795,0.0000,-0.7148,0.0000,0.6993
53.511,1,6.511,-1.646,-1.795,0.0000,-0.7148,0.0000,0.6993
53.511,1,6.511,-1.646,-1.795,0.0000,-0.7148,0.0000,0.6993
53.511,1,6.511,-1.646,-1.795,0.0000,-0.7148,0.0000,0.6993
53.511,1,6.511,-1.646,-1.795,0.0000,-0.7148,0.0000,0.6993
53.511,1,6.511,-1.646,-1.795,0.0000,-0.7148,0.0000,0.6993
53.511,1,6.511,-1.646,-1.795,0.0000,-0.7148,0.0000,0.6993
53.511,1,6.511,-1.646,-1.795,0.0000,-0.7148,0.0000,0.6993
53.511,1,6.511,-1.646,-1.795,0.0000,-0.7148,0.0000,0.6993
53.511,1,6.511,-1.646,-1.795,0.0000,-0.7148,0.0000,0.6993
53.511,1,6.511,-1.646,-1.795,0.0000,-0.7148,0.0000,0.6993
53.511,1,6.511,-1.646,-1.795,0.0000,-0.7148,0.0000,0.6993
53.511,1,6.511,-1.646,-1.795,0.0000,-0.7148,0.0000,0.6993
53.511,1,6.511,-1.646,-1.795,0.0000,-0.7148,0.0000,0.6993
53.511,1,6.511,-1.646,-1.795,0.0000,-0.7148,0.0000,0.6993
53.511,1,6.511,-1.646,-1.795,0.0000,-0.7148,0.0000,0.6993
53.511,1,6.511,-1.646,-1.795,0.0000,-0.7148,0.0000,0.6993
53.511,1,6.511,-1.646,-1.795,0.0000,-0.7148,0.0000,0.6993
53.511,1,6.511,-1.646,-1.795,0.0000,-0.7148,0.0000,0.6993
53.511,1,6.511,-1.646,-1.795,0.0000,-0.7148,0.0000,0.6993
53.511,1,6.511,-1.646,-1.795,0.0000,-0.7148,0.0000,0.6993
53.511,1,6.511,-1.646,-1.795,0.0000,-0.7148,0.0000,0.6993
53.511,1,6.511,-1.646,-1.795,0.0000,-0.7148,0.0000,0.6993
53.511,1,6.511,-1.646,-1.795,0.0000,-0.7148,0.0000,0.6993
53.511,1,6.511,-1.646,-1.795,0.0000,-0.7148,0.0000,0.6993
53.511,1,6.511,-1.646,-1.795,0.0000,-0.7148,0.0000,0.6993
53.511,1,6.511,-1.646,-1.795,0.0000,-0.7148,0.0000,0.6993
53.511,1,6.511,-1.646,-1.795,0.0000,-0.7148,0.0000,0.6993
53.511,1,6.511,-1.646,-1.795,0.0000,-0.7148,0.0000,0.6993
53.511,1,6.511,-1.646,-1.795,0.0000,-0.7148,0.0000,0.6993
53.511,1,6.511,-1.646,-1.795,0.0000,-0.7148,0.0000,0.6993
53.511,1,6.511,-1.646,-1.795,0.0000,-0.7148,0.0000,0.6993
53.511,1,6.511,-1.646,-1.795,0.0000,-0.7148,0.0000,0.6993
53.511,1,6.511,-1.646,-1.795,0.0000,-0.7148,0.0000,0.6993
53.511,1,6.511,-1.646,-1.795,0.0000,-0.7148,0.0000,0.6993
53.511,1,6.511,-1.646,-1.795,0.0000,-0.7148,0.0000,0.6993
53.511,1,6.511,-1.646,-1.795,0.0000,-0.7148,0.0000,0.6993
53.511,1,6.511,-1.646,-1.795,0.0000,-0.7148,0.0000,0.6993
53.511,1,6.511,-1.646,-1.795,0.0000,-0.7148,0.0000,0.6993
53.511,1,6.511,-1.646,-1.795,0.0000,-0.7148,0.0000,0.6993
53.511,1,6.511,-1.646,-1.795,0.0000,-0.7148,0.0000,0.6993
53.511,1,6.511,-1.646,-1.795,0.0000,-0.7148,0.0000,0.6993
53.511,1,6.511,-1.646,-1.795,0.0000,-0.7148,0.0000,0.6993
53.511,1,6.511,-1.646,-1.795,0.0000,-0.7148,0.0000,0.6993
53.511,1,6.511,-1.646,-1.795,0.0000,-0.7148,0.0000,0.6993
53.511,1,6.511,-1.646,-1.795,0.0000,-0.7148,0.0000,0.6993
53.511,1,6.511,-1.646,-1.795,0.0000,-0.7148,0.0000,0.6993
53.511,1,6.511,-1.646,-1.795,0.0000,-0.7148,0.0000,0.6993
53.511,1,6.511,-1.646,-1.795,0.0000,-0.7148,0.0000,0.6993
53.511,1,6.511,-1.646,-1.795,0.0000,-0.7148,0.0000,0.6993
53.511,1,6.511,-1.646,-1.795,0.0000,-0.7148,0.0000,0.6993
53.511,1,6.511,-1.646,-1.795,0.0000,-0.7148,0.0000,0.6993
53.511,1,6.511,-1.646,-1.795,0.0000,-0.7148,0.0000,0.6993
53.511,1,6.511,-1.646,-1.795,0.0000,-0.7148,0.0000,0.6993
53.511,1,6.511,-1.646,-1.795,0.0000,-0.7148,0.0000,0.6993
53.511,1,6.511,-1.646,-1.795,0.0000,-0.7148,0.0000,0.6993
53.511,1,6.511,-1.646,-1.795,0.0000,-0.7148,0.0000,0.6993
53.511,1,6.511,-1.646,-1.795,0.0000,-0.7148,0.0000,0.6993
53.511,1,6.511,-1.646,-1.795,0.0000,-0.7148,0.0000,0.6993
53.511,1,6.511,-1.646,-1.795,0.0000,-0.7148,0.0000,0.6993
53.511,1,6.511,-1.646,-1.795,0.0000,-0.7148,0.0000,0.6993
53.511,1,6.511,-1.646,-1.795,0.0000,-0.7148,0.0000,0.6993
53.511,1,6.511,-1.646,-1.795,0.0000,-0.7148,0.0000,0.6993
53.511,1,6.511,-1.646,-1.795,0.0000,-0.7148,0.0000,0.6993
53.511,1,6.511,-1.646,-1.795,0.0000,-0.7148,0.0000,0.6993
53.511,1,6.511,-1.646,-1.795,0.0000,-0.7148,0.0000,0.6993
53.511,1,6.511,-1.646,-1.795,0.0000,-0.7148,0.0000,0.6993
53.511,1,6.511,-1.646,-1.795,0.0000,-0.7148,0.0000,0.6993
53.511,1,6.511,-1.646,-1.795,0.0000,-0.7148,0.0000,0.6993
53.511,1,6.511,-1.646,-1.795,0.0000,-0.7148,0.0000,0.6993
53.511,1,6.511,-1.646,-1.795,0.0000,-0.7148,0.0000,0.6993
53.511,1,6.511,-1.646,-1.795,0.0000,-0.7148,0.0000,0.6993
53.511,1,6.511,-1.646,-1.795,0.0000,-0.7148,0.0000,0.6993
53.511,1,6.511,-1.646,-1.795,0.0000,-0.7148,0.0000,0.6993
53.511,1,6.511,-1.646,-1.795,0.0000,-0.7148,0.0000,0.6993
53.511,1,6.511,-1.646,-1.795,0.0000,-0.7148,0.0000,0.6993
53.511,1,6.511,-1.646,-1.795,0.0000,-0.7148,0.0000,0.6993
53.511,1,6.511,-1.646,-1.795,0.0000,-0.7148,0.0000,0.6993
53.511,1,6.511,-1.646,-1.795,0.0000,-0.7148,0.0000,0.6993
53.511,1,6.511,-1.646,-1.795,0.0000,-0.7148,0.0000,0.6993
53.511,1,6.511,-1.646,-1.795,0.0000,-0.7148,0.0000,0.6993
53.511,1,6.511,-1.646,-1.795,0.0000,-0.7148,0.0000,0.6993
53.511,1,6.511,-1.646,-1.795,0.0000,-0.7148,0.0000,0.6993
53.511,1,6.511,-1.646,-1.795,0.0000,-0.7148,0.0000,0.6993
53.511,1,6.511,-1.646,-1.795,0.0000,-0.7148,0.0000,0.6993
53.511,1,6.511,-1.646,-1.795,0.0000,-0.7148,0.0000,0.6993
53.511,1,6.511,-1.646,-1.795,0.0000,-0.7148,0.0000,0.6993
53.511,1,6.511,-1.646,-1.795,0.0000,-0.7148,0.0000,0.6993
53.511,1,6.511,-1.646,-1.795,0.0000,-0.7148,0.0000,0.6993
53.511,1,6.511,-1.646,-1.795,0.0000,-0.7148,0.0000,0.6993
53.511,1,6.511,-1.646,-1.795,0.0000,-0.7148,0.0000,0.6993
53.511,1,6.511,-1.646,-1.795,0.0000,-0.7148,0.0000,0.6993
53.511,1,6.511,-1.646,-1.795,0.0000,-0.7148,0.0000,0.6993
53.511,1,6.511,-1.646,-1.795,0.0000,-0.7148,0.0000,0.6993
53.511,1,6.511,-1.646,-1.795,0.0000,-0.7148,0.0000,0.6993
53.511,1,6.511,-1.646,-1.795,0.0000,-0.7148,0.0000,0.6993
53.511,1,6.511,-1.646,-1.795,0.0000,-0.7148,0.0000,0.6993
53.511,1,6.511,-1.646,-1.795,0.0000,-0.7148,0.0000,0.6993
53.511,1,6.511,-1.646,-1.795,0.0000,-0.7148,0.0000,0.6993
53.511,1,6.511,-1.646,-1.795,0.0000,-0.7148,0.0000,0.6993
53.511,1,6.511,-1.646,-1.795,0.0000,-0.7148,0.0000,0.6993
53.511,1,6.511,-1.646,-1.795,0.0000,-0.7148,0.0000,0.6993
53.511,1,6.511,-1.646,-1.795,0.0000,-0.7148,0.0000,0.6993
53.511,1,6.511,-1.646,-1.795,0.0000,-0.7148,0.0000,0.6993
53.511,1,6.511,-1.646,-1.795,0.0000,-0.7148,0.0000,0.6993
53.511,1,6.511,-1.646,-1.795,0.0000,-0.7148,0.0000,0.6993
53.511,1,6.511,-1.646,-1.795,0.0000,-0.7148,0.0000,0.6993
53.511,1,6.511,-1.646,-1.795,0.0000,-0.7148,0.0000,0.6993
53.511,1,6.511,-1.646,-1.795,0.0000,-0.7148,0.0000,0.6993
53.511,1,6.511,-1.646,-1.795,0.0000,-0.7148,0.0000,0.6993
53.511,1,6.511,-1.646,-1.795,0.0000,-0.7148,0.0000,0.6993
53.511,1,6.511,-1.646,-1.795,0.0000,-0.7148,0.0000,0.6993
53.511,1,6.511,-1.646,-1.795,0.0000,-0.7148,0.0000,0.6993
53.511,1,6.511,-1.646,-1.795,0.0000,-0.7148,0.0000,0.6993
53.511,1,6.511,-1.646,-1.795,0.0000,-0.7148,0.0000,0.6993
53.511,1,6.511,-1.646,-1.795,0.0000,-0.7148,0.0000,0.6993
53.511,1,6.511,-1.646,-1.795,0.0000,-0.7148,0.0000,0.6993
53.511,1,6.511,-1.646,-1.795,0.0000,-0.7148,0.0000,0.6993
53.511,1,6.511,-1.646,-1.795,0.0000,-0.7148,0.0000,0.6993
53.511,1,6.511,-1.646,-1.795,0.0000,-0.7148,0.0000,0.6993
53.511,1,6.511,-1.646,-1.795,0.0000,-0.7148,0.0000,0.6993
53.511,1,6.511,-1.646,-1.795,0.0000,-0.7148,0.0000,0.6993
53.511,1,6.511,-1.646,-1.795,0.0000,-0.7148,0.0000,0.6993
53.511,1,6.511,-1.646,-1.795,0.0000,-0.7148,0.0000,0.6993
53.511,1,6.511,-1.646,-1.795,0.0000,-0.7148,0.0000,0.6993
53.511,1,6.511,-1.646,-1.795,0.0000,-0.7148,0.0000,0.6993
53.511,1,6.511,-1.646,-1.795,0.0000,-0.7148,0.0000,0.6993
53.511,1,6.511,-1.646,-1.795,0.0000,-0.7148,0.0000,0.6993
53.511,1,6.511,-1.646,-1.795,0.0000,-0.7148,0.0000,0.6993
53.511,1,6.511,-1.646,-1.795,0.0000,-0.7148,0.0000,0.6993
53.511,1,6.511,-1.646,-1.795,0.0000,-0.7148,0.0000,0.6993
53.511,1,6.511,-1.646,-1.795,0.0000,-0.7148,0.0000,0.6993
53.511,1,6.511,-1.646,-1.795,0.0000,-0.7148,0.0000,0.6993
53.511,1,6.511,-1.646,-1.795,0.0000,-0.7148,0.0000,0.6993
53.511,1,6.511,-1.646,-1.795,0.0000,-0.7148,0.0000,0.6993
53.511,1,6.511,-1.646,-1.795,0.0000,-0.7148,0.0000,0.6993
53.511,1,6.511,-1.646,-1.795,0.0000,-0.7148,0.0000,0.6993
53.511,1,6.511,-1.646,-1.795,0.0000,-0.7148,0.0000,0.6993
53.511,1,6.511,-1.646,-1.795,0.0000,-0.7148,0.0000,0.6993
53.511,1,6.511,-1.646,-1.795,0.0000,-0.7148,0.0000,0.6993
53.511,1,6.511,-1.646,-1.795,0.0000,-0.7148,0.0000,0.6993
53.511,1,6.511,-1.646,-1.795,0.0000,-0.7148,0.0000,0.6993
53.511,1,6.511,-1.646,-1.795,0.0000,-0.7148,0.0000,0.6993
53.511,1,6.511,-1.646,-1.795,0.0000,-0.7148,0.0000,0.6993
53.511,1,6.511,-1.646,-1.795,0.0000,-0.7148,0.0000,0.6993
53.511,1,6.511,-1.646,-1.795,0.0000,-0.7148,0.0000,0.6993
53.511,1,6.511,-1.646,-1.795,0.0000,-0.7148,0.0000,0.6993
53.511,1,6.511,-1.646,-1.795,0.0000,-0.7148,0.0000,0.6993
53.511,1,6.511,-1.646,-1.795,0.0000,-0.7148,0.0000,0.6993
53.511,1,6.511,-1.646,-1.795,0.0000,-0.7148,0.0000,0.6993
53.511,1,6.511,-1.646,-1.795,0.0000,-0.7148,0.0000,0.6993
53.511,1,6.511,-1.646,-1.795,0.0000,-0.7148,0.0000,0.6993
53.511,1,6.511,-1.646,-1.795,0.0000,-0.7148,0.0000,0.6993
53.511,1,6.511,-1.646,-1.795,0.0000,-0.7148,0.0000,0.6993
53.511,1,6.511,-1.646,-1.795,0.0000,-0.7148,0.0000,0.6993
53.511,1,6.511,-1.646,-1.795,0.0000,-0.7148,0.0000,0.6993
53.511,1,6.511,-1.646,-1.795,0.0000,-0.7148,0.0000,0.6993
53.511,1,6.511,-1.646,-1.795,0.0000,-0.7148,0.0000,0.6993
53.511,1,6.511,-1.646,-1.795,0.0000,-0.7148,0.0000,0.6993
53.511,1,6.511,-1.646,-1.795,0.0000,-0.7148,0.0000,0.6993
53.511,1,6.511,-1.646,-1.795,0.0000,-0.7148,0.0000,0.6993
53.511,1,6.511,-1.646,-1.795,0.0000,-0.7148,0.0000,0.6993
53.511,1,6.511,-1.646,-1.795,0.0000,-0.7148,0.0000,0.6993
53.511,1,6.511,-1.646,-1.795,0.0000,-0.7148,0.0000,0.6993
53.511,1,6.511,-1.646,-1.795,0.0000,-0.7148,0.0000,0.6993
53.511,1,6.511,-1.646,-1.795,0.0000,-0.7148,0.0000,0.6993
53.511,1,6.511,-1.646,-1.795,0.0000,-0.7148,0.0000,0.6993
53.511,1,6.511,-1.646,-1.795,0.0000,-0.7148,0.0000,0.6993
53.511,1,6.511,-1.646,-1.795,0.0000,-0.7148,0.0000,0.6993
53.511,1,6.511,-1.646,-1.795,0.0000,-0.7148,0.0000,0.6993
53.511,1,6.511,-1.646,-1.795,0.0000,-0.7148,0.0000,0.6993
53.511,1,6.511,-1.646,-1.795,0.0000,-0.7148,0.0000,0.6993
53.511,1,6.511,-1.646,-1.795,0.0000,-0.7148,0.0000,0.6993
53.511,1,6.511,-1.646,-1.795,0.0000,-0.7148,0.0000,0.6993
53.511,1,6.511,-1.646,-1.795,0.0000,-0.7148,0.0000,0.6993
53.511,1,6.511,-1.646,-1.795,0.0000,-0.7148,0.0000,0.6993
53.511,1,6.511,-1.646,-1.795,0.0000,-0.7148,0.0000,0.6993
53.511,1,6.511,-1.646,-1.795,0.0000,-0.7148,0.0000,0.6993
53.511,1,6.511,-1.646,-1.795,0.0000,-0.7148,0.0000,0.6993
53.511,1,6.511,-1.646,-1.795,0.0000,-0.7148,0.0000,0.6993
53.511,1,6.511,-1.646,-1.795,0.0000,-0.7148,0.0000,0.6993
53.511,1,6.511,-1.646,-1.795,0.0000,-0.7148,0.0000,0.6993
53.511,1,6.511,-1.646,-1.795,0.0000,-0.7148,0.0000,0.6993
53.511,1,6.511,-1.646,-1.795,0.0000,-0.7148,0.0000,0.6993
53.511,1,6.511,-1.646,-1.795,0.0000,-0.7148,0.0000,0.6993
53.511,1,6.511,-1.646,-1.795,0.0000,-0.7148,0.0000,0.6993
53.511,1,6.511,-1.646,-1.795,0.0000,-0.7148,0.0000,0.6993
53.511,1,6.511,-1.646,-1.795,0.0000,-0.7148,0.0000,0.6993
53.511,1,6.511,-1.646,-1.795,0.0000,-0.7148,0.0000,0.6993
53.511,1,6.511,-1.646,-1.795,0.0000,-0.7148,0.0000,0.6993
53.511,1,6.511,-1.646,-1.795,0.0000,-0.7148,0.0000,0.6993
53.511,1,6.511,-1.646,-1.795,0.0000,-0.7148,0.0000,0.6993
53.511,1,6.511,-1.646,-1.795,0.0000,-0.7148,0.0000,0.6993
53.511,1,6.511,-1.646,-1.795,0.0000,-0.7148,0.0000,0.6993
249.796,1,6.511,-1.646,-1.795,0.0000,-0.7148,0.0000,0.6993
249.796,1,6.511,-1.646,-1.795,0.0000,-0.7148,0.0000,0.6993
249.796,1,6.511,-1.646,-1.795,0.0000,-0.7148,0.0000,0.6993
249.796,1,6.511,-1.646,-1.795,0.0000,-0.7148,0.0000,0.6993
249.796,1,6.511,-1.646,-1.795,0.0000,-0.7148,0.0000,0.6993
249.796,1,6.511,-1.646,-1.795,0.0000,-0.7148,0.0000,0.6993
249.796,1,6.511,-1.646,-1.795,0.0000,-0.7148,0.0000,0.6993
249.796,1,6.511,-1.646,-1.795,0.0000,-0.7148,0.0000,0.6993
249.796,1,6.511,-1.646,-1.795,0.0000,-0.7148,0.0000,0.6993
249.796,1,6.511,-1.646,-1.795,0.0000,-0.7148,0.0000,0.6993
249.796,1,6.511,-1.646,-1.795,0.0000,-0.7148,0.0000,0.6993
249.796,1,6.511,-1.646,-1.795,0.0000,-0.7148,0.0000,0.6993
249.796,1,6.511,-1.646,-1.795,0.0000,-0.7148,0.0000,0.6993
249.796,1,6.511,-1.646,-1.795,0.0000,-0.7148,0.0000,0.6993
249.796,1,6.511,-1.646,-1.795,0.0000,-0.7148,0.0000,0.6993
249.796,1,6.511,-1.646,-1.795,0.0000,-0.7148,0.0000,0.6993
249.796,1,6.511,-1.646,-1.795,0.0000,-0.7148,0.0000,0.6993
249.796,1,6.511,-1.646,-1.795,0.0000,-0.7148,0.0000,0.6993
249.796,1,6.511,-1.646,-1.795,0.0000,-0.7148,0.0000,0.6993
249.796,1,6.511,-1.646,-1.795,0.0000,-0.7148,0.0000,0.6993
249.796,1,6.511,-1.646,-1.795,0.0000,-0.7148,0.0000,0.6993
249.796,1,6.511,-1.646,-1.795,0.0000,-0.7148,0.0000,0.6993
249.796,1,6.511,-1.646,-1.795,0.0000,-0.7148,0.0000,0.6993
249.796,1,6.511,-1.646,-1.795,0.0000,-0.7148,0.0000,0.6993
249.796,1,6.511,-1.646,-1.795,0.0000,-0.7148,0.0000,0.6993
249.796,1,6.511,-1.646,-1.795,0.0000,-0.7148,0.0000,0.6993
249.796,1,6.511,-1.646,-1.795,0.0000,-0.7148,0.0000,0.6993
249.796,1,6.511,-1.646,-1.795,0.0000,-0.7148,0.0000,0.6993
249.796,1,6.511,-1.646,-1.795,0.0000,-0.7148,0.0000,0.6993
249.796,1,6.511,-1.646,-1.795,0.0000,-0.7148,0.0000,0.6993
249.796,1,6.511,-1.646,-1.795,0.0000,-0.7148,0.0000,0.6993
249.796,1,6.511,-1.646,-1.795,0.0000,-0.7148,0.0000,0.6993
249.796,1,6.511,-1.646,-1.795,0.0000,-0.7148,0.0000,0.6993
249.796,1,6.511,-1.646,-1.795,0.0000,-0.7148,0.0000,0.6993
249.796,1,6.511,-1.646,-1.795,0.0000,-0.7148,0.0000,0.6993
249.796,1,6.511,-1.646,-1.795,0.0000,-0.7148,0.0000,0.6993
249.796,1,6.511,-1.646,-1.795,0.0000,-0.7148,0.0000,0.6993
249.796,1,6.511,-1.646,-1.795,0.0000,-0.7148,0.0000,0.6993
249.796,1,6.511,-1.646,-1.795,0.0000,-0.7148,0.0000,0.6993
249.796,1,6.511,-1.646,-1.795,0.0000,-0.7148,0.0000,0.6993
249.796,1,6.511,-1.646,-1.795,0.0000,-0.7148,0.0000,0.6993
249.796,1,6.511,-1.646,-1.795,0.0000,-0.7148,0.0000,0.6993
249.796,1,6.511,-1.646,-1.795,0.0000,-0.7148,0.0000,0.6993
249.796,1,6.511,-1.646,-1.795,0.0000,-0.7148,0.0000,0.6993
249.796,1,6.511,-1.646,-1.795,0.0000,-0.7148,0.0000,0.6993
249.796,1,6.511,-1.646,-1.795,0.0000,-0.7148,0.0000,0.6993
249.796,1,6.511,-1.646,-1.795,0.0000,-0.7148,0.0000,0.6993
249.796,1,6.511,-1.646,-1.795,0.0000,-0.7148,0.0000,0.6993
249.796,1,6.511,-1.646,-1.795,0.0000,-0.7148,0.0000,0.6993
249.796,1,6.511,-1.646,-1.795,0.0000,-0.7148,0.0000,0.6993
249.796,1,6.511,-1.646,-1.795,0.0000,-0.7148,0.0000,0.6993
249.796,1,6.511,-1.646,-1.795,0.0000,-0.7148,0.0000,0.6993
249.796,1,6.511,-1.646,-1.795,0.0000,-0.7148,0.0000,0.6993
249.796,1,6.511,-1.646,-1.795,0.0000,-0.7148,0.0000,0.6993
249.796,1,6.511,-1.646,-1.795,0.0000,-0.7148,0.0000,0.6993
249.796,1,6.511,-1.646,-1.795,0.0000,-0.7148,0.0000,0.6993
249.796,1,6.511,-1.646,-1.795,0.0000,-0.7148,0.0000,0.6993
249.796,1,6.511,-1.646,-1.795,0.0000,-0.7148,0.0000,0.6993
249.796,1,6.511,-1.646,-1.795,0.0000,-0.7148,0.0000,0.6993
249.796,1,6.511,-1.646,-1.795,0.0000,-0.7148,0.0000,0.6993
249.796,1,6.511,-1.646,-1.795,0.0000,-0.7148,0.0000,0.6993
249.796,1,6.511,-1.646,-1.795,0.0000,-0.7148,0.0000,0.6993
249.796,1,6.511,-1.646,-1.795,0.0000,-0.7148,0.0000,0.6993
249.796,1,6.511,-1.646,-1.795,0.0000,-0.7148,0.0000,0.6993
249.796,1,6.511,-1.646,-1.795,0.0000,-0.7148,0.0000,0.6993
249.796,1,6.511,-1.646,-1.795,0.0000,-0.7148,0.0000,0.6993
249.796,1,6.511,-1.646,-1.795,0.0000,-0.7148,0.0000,0.6993
249.796,1,6.511,-1.646,-1.795,0.0000,-0.7148,0.0000,0.6993
249.796,1,6.511,-1.646,-1.795,0.0000,-0.7148,0.0000,0.6993
249.796,1,6.511,-1.646,-1.795,0.0000,-0.7148,0.0000,0.6993
249.796,1,6.511,-1.646,-1.795,0.0000,-0.7148,0.0000,0.6993
249.796,1,6.511,-1.646,-1.795,0.0000,-0.7148,0.0000,0.6993
249.796,1,6.511,-1.646,-1.795,0.0000,-0.7148,0.0000,0.6993
249.796,1,6.511,-1.646,-1.795,0.0000,-0.7148,0.0000,0.6993
249.796,1,6.511,-1.646,-1.795,0.0000,-0.7148,0.0000,0.6993
249.796,1,6.511,-1.646,-1.795,0.0000,-0.7148,0.0000,0.6993
249.796,1,6.511,-1.646,-1.795,0.0000,-0.7148,0.0000,0.6993
249.796,1,6.511,-1.646,-1.795,0.0000,-0.7148,0.0000,0.6993
249.796,1,6.511,-1.646,-1.795,0.0000,-0.7148,0.0000,0.6993
249.796,1,6.511,-1.646,-1.795,0.0000,-0.7148,0.0000,0.6993
249.796,1,6.511,-1.646,-1.795,0.0000,-0.7148,0.0000,0.6993
249.796,1,6.511,-1.646,-1.795,0.0000,-0.7148,0.0000,0.6993
249.796,1,6.511,-1.646,-1.795,0.0000,-0.7148,0.0000,0.6993
249.796,1,6.511,-1.646,-1.795,0.0000,-0.7148,0.0000,0.6993
249.796,1,6.511,-1.646,-1.795,0.0000,-0.7148,0.0000,0.6993
249.796,1,6.511,-1.646,-1.795,0.0000,-0.7148,0.0000,0.6993
249.796,1,6.511,-1.646,-1.795,0.0000,-0.7148,0.0000,0.6993
249.796,1,6.511,-1.646,-1.795,0.0000,-0.7148,0.0000,0.6993
249.796,1,6.511,-1.646,-1.795,0.0000,-0.7148,0.0000,0.6993
249.796,1,6.511,-1.646,-1.795,0.0000,-0.7148,0.0000,0.6993
249.796,1,6.511,-1.646,-1.795,0.0000,-0.7148,0.0000,0.6993
249.796,1,6.511,-1.646,-1.795,0.0000,-0.7148,0.0000,0.6993
249.796,1,6.511,-1.646,-1.795,0.0000,-0.7148,0.0000,0.6993
249.796,1,6.511,-1.646,-1.795,0.0000,-0.7148,0.0000,0.6993
249.796,1,6.511,-1.646,-1.795,0.0000,-0.7148,0.0000,0.6993
249.796,1,6.511,-1.646,-1.795,0.0000,-0.7148,0.0000,0.6993
249.796,1,6.511,-1.646,-1.795,0.0000,-0.7148,0.0000,0.6993
249.796,1,6.511,-1.646,-1.795,0.0000,-0.7148,0.0000,0.6993
249.796,1,6.511,-1.646,-1.795,0.0000,-0.7148,0.0000,0.6993
249.796,1,6.511,-1.646,-1.795,0.0000,-0.7148,0.0000,0.6993
249.796,1,6.511,-1.646,-1.795,0.0000,-0.7148,0.0000,0.6993
249.796,1,6.511,-1.646,-1.795,0.0000,-0.7148,0.0000,0.6993
249.796,1,6.511,-1.646,-1.795,0.0000,-0.7148,0.0000,0.6993
249.796,1,6.511,-1.646,-1.795,0.0000,-0.7148,0.0000,0.6993
249.796,1,6.511,-1.646,-1.795,0.0000,-0.7148,0.0000,0.6993
249.796,1,6.511,-1.646,-1.795,0.0000,-0.7148,0.0000,0.6993
249.796,1,6.511,-1.646,-1.795,0.0000,-0.7148,0.0000,0.6993
249.796,1,6.511,-1.646,-1.795,0.0000,-0.7148,0.0000,0.6993
249.796,1,6.511,-1.646,-1.795,0.0000,-0.7148,0.0000,0.6993
249.796,1,6.511,-1.646,-1.795,0.0000,-0.7148,0.0000,0.6993
249.796,1,6.511,-1.646,-1.795,0.0000,-0.7148,0.0000,0.6993
249.796,1,6.511,-1.646,-1.795,0.0000,-0.7148,0.0000,0.6993
249.796,1,6.511,-1.646,-1.795,0.0000,-0.7148,0.0000,0.6993
249.796,1,6.511,-1.646,-1.795,0.0000,-0.7148,0.0000,0.6993
249.796,1,6.511,-1.646,-1.795,0.0000,-0.7148,0.0000,0.6993
249.796,1,6.511,-1.646,-1.795,0.0000,-0.7148,0.0000,0.6993
249.796,1,6.511,-1.646,-1.795,0.0000,-0.7148,0.0000,0.6993
249.796,1,6.511,-1.646,-1.795,0.0000,-0.7148,0.0000,0.6993
249.796,1,6.511,-1.646,-1.795,0.0000,-0.7148,0.0000,0.6993
249.796,1,6.511,-1.646,-1.795,0.0000,-0.7148,0.0000,0.6993
249.796,1,6.511,-1.646,-1.795,0.0000,-0.7148,0.0000,0.6993
249.796,1,6.511,-1.646,-1.795,0.0000,-0.7148,0.0000,0.6993
249.796,1,6.511,-1.646,-1.795,0.0000,-0.7148,0.0000,0.6993
249.796,1,6.511,-1.646,-1.795,0.0000,-0.7148,0.0000,0.6993
249.796,1,6.511,-1.646,-1.795,0.0000,-0.7148,0.0000,0.6993
249.796,1,6.511,-1.646,-1.795,0.0000,-0.7148,0.0000,0.6993
249.796,1,6.511,-1.646,-1.795,0.0000,-0.7148,0.0000,0.6993
249.796,1,6.511,-1.646,-1.795,0.0000,-0.7148,0.0000,0.6993
249.796,1,6.511,-1.646,-1.795,0.0000,-0.7148,0.0000,0.6993
249.796,1,6.511,-1.646,-1.795,0.0000,-0.7148,0.0000,0.6993
249.796,1,6.511,-1.646,-1.795,0.0000,-0.7148,0.0000,0.6993
249.796,1,6.511,-1.646,-1.795,0.0000,-0.7148,0.0000,0.6993
249.796,1,6.511,-1.646,-1.795,0.0000,-0.7148,0.0000,0.6993
249.796,1,6.511,-1.646,-1.795,0.0000,-0.7148,0.0000,0.6993
249.796,1,6.511,-1.646,-1.795,0.0000,-0.7148,0.0000,0.6993
249.796,1,6.511,-1.646,-1.795,0.0000,-0.7148,0.0000,0.6993
249.796,1,6.511,-1.646,-1.795,0.0000,-0.7148,0.0000,0.6993
249.796,1,6.511,-1.646,-1.795,0.0000,-0.7148,0.0000,0.6993
249.796,1,6.511,-1.646,-1.795,0.0000,-0.7148,0.0000,0.6993
249.796,1,6.511,-1.646,-1.795,0.0000,-0.7148,0.0000,0.6993
249.796,1,6.511,-1.646,-1.795,0.0000,-0.7148,0.0000,0.6993
249.796,1,6.511,-1.646,-1.795,0.0000,-0.7148,0.0000,0.6993
249.796,1,6.511,-1.646,-1.795,0.0000,-0.7148,0.0000,0.6993
249.796,1,6.511,-1.646,-1.795,0.0000,-0.7148,0.0000,0.6993
249.796,1,6.511,-1.646,-1.795,0.0000,-0.7148,0.0000,0.6993
249.796,1,6.511,-1.646,-1.795,0.0000,-0.7148,0.0000,0.6993
249.796,1,6.511,-1.646,-1.795,0.0000,-0.7148,0.0000,0.6993
249.796,1,6.511,-1.646,-1.795,0.0000,-0.7148,0.0000,0.6993
249.796,1,6.511,-1.646,-1.795,0.0000,-0.7148,0.0000,0.6993
249.796,1,6.511,-1.646,-1.795,0.0000,-0.7148,0.0000,0.6993
249.796,1,6.511,-1.646,-1.795,0.0000,-0.7148,0.0000,0.6993
249.796,1,6.511,-1.646,-1.795,0.0000,-0.7148,0.0000,0.6993
249.796,1,6.511,-1.646,-1.795,0.0000,-0.7148,0.0000,0.6993
249.796,1,6.511,-1.646,-1.795,0.0000,-0.7148,0.0000,0.6993
249.796,1,6.511,-1.646,-1.795,0.0000,-0.7148,0.0000,0.6993
249.796,1,6.511,-1.646,-1.795,0.0000,-0.7148,0.0000,0.6993
249.796,1,6.511,-1.646,-1.795,0.0000,-0.7148,0.0000,0.6993
249.796,1,6.511,-1.646,-1.795,0.0000,-0.7148,0.0000,0.6993
249.796,1,6.511,-1.646,-1.795,0.0000,-0.7148,0.0000,0.6993
249.796,1,6.511,-1.646,-1.795,0.0000,-0.7148,0.0000,0.6993
249.796,1,6.511,-1.646,-1.795,0.0000,-0.7148,0.0000,0.6993
249.796,1,6.511,-1.646,-1.795,0.0000,-0.7148,0.0000,0.6993
249.796,1,6.511,-1.646,-1.795,0.0000,-0.7148,0.0000,0.6993
249.796,1,6.511,-1.646,-1.795,0.0000,-0.7148,0.0000,0.6993
249.796,1,6.511,-1.646,-1.795,0.0000,-0.7148,0.0000,0.6993
249.796,1,6.511,-1.646,-1.795,0.0000,-0.7148,0.0000,0.6993
249.796,1,6.511,-1.646,-1.795,0.0000,-0.7148,0.0000,0.6993
249.796,1,6.511,-1.646,-1.795,0.0000,-0.7148,0.0000,0.6993
249.796,1,6.511,-1.646,-1.795,0.0000,-0.7148,0.0000,0.6993
249.796,1,6.511,-1.646,-1.795,0.0000,-0.7148,0.0000,0.6993
249.796,1,6.511,-1.646,-1.795,0.0000,-0.7148,0.0000,0.6993
249.796,1,6.511,-1.646,-1.795,0.0000,-0.7148,0.0000,0.6993
249.796,1,6.511,-1.646,-1.795,0.0000,-0.7148,0.0000,0.6993
249.796,1,6.511,-1.646,-1.795,0.0000,-0.7148,0.0000,0.6993
249.796,1,6.511,-1.646,-1.795,0.0000,-0.7148,0.0000,0.6993
249.796,1,6.511,-1.646,-1.795,0.0000,-0.7148,0.0000,0.6993
249.796,1,6.511,-1.646,-1.795,0.0000,-0.7148,0.0000,0.6993
249.796,1,6.511,-1.646,-1.795,0.0000,-0.7148,0.0000,0.6993
249.796,1,6.511,-1.646,-1.795,0.0000,-0.7148,0.0000,0.6993
249.796,1,6.511,-1.646,-1.795,0.0000,-0.7148,0.0000,0.6993
249.796,1,6.511,-1.646,-1.795,0.0000,-0.7148,0.0000,0.6993
249.796,1,6.511,-1.646,-1.795,0.0000,-0.7148,0.0000,0.6993
249.796,1,6.511,-1.646,-1.795,0.0000,-0.7148,0.0000,0.6993
249.796,1,6.511,-1.646,-1.795,0.0000,-0.7148,0.0000,0.6993
249.796,1,6.511,-1.646,-1.795,0.0000,-0.7148,0.0000,0.6993
249.796,1,6.511,-1.646,-1.795,0.0000,-0.7148,0.0000,0.6993
249.796,1,6.511,-1.646,-1.795,0.0000,-0.7148,0.0000,0.6993
249.796,1,6.511,-1.646,-1.795,0.0000,-0.7148,0.0000,0.6993
249.796,1,6.511,-1.646,-1.795,0.0000,-0.7148,0.0000,0.6993
249.796,1,6.511,-1.646,-1.795,0.0000,-0.7148,0.0000,0.6993
249.796,1,6.511,-1.646,-1.795,0.0000,-0.7148,0.0000,0.6993
249.796,1,6.511,-1.646,-1.795,0.0000,-0.7148,0.0000,0.6993
249.796,1,6.511,-1.646,-1.795,0.0000,-0.7148,0.0000,0.6993
249.796,1,6.511,-1.646,-1.795,0.0000,-0.7148,0.0000,0.6993
249.796,1,6.511,-1.646,-1.795,0.0000,-0.7148,0.0000,0.6993
249.796,1,6.511,-1.646,-1.795,0.0000,-0.7148,0.0000,0.6993
249.796,1,6.511,-1.646,-1.795,0.0000,-0.7148,0.0000,0.6993
249.796,1,6.511,-1.646,-1.795,0.0000,-0.7148,0.0000,0.6993
249.796,1,6.511,-1.646,-1.795,0.0000,-0.7148,0.0000,0.6993
249.796,1,6.511,-1.646,-1.795,0.0000,-0.7148,0.0000,0.6993
249.796,1,6.511,-1.646,-1.795,0.0000,-0.7148,0.0000,0.6993
249.796,1,6.511,-1.646,-1.795,0.0000,-0.7148,0.0000,0.6993
249.796,1,6.511,-1.646,-1.795,0.0000,-0.7148,0.0000,0.6993
249.796,1,6.511,-1.646,-1.795,0.0000,-0.7148,0.0000,0.6993
249.796,1,6.511,-1.646,-1.795,0.0000,-0.7148,0.0000,0.6993
249.796,1,6.511,-1.646,-1.795,0.0000,-0.7148,0.0000,0.6993
249.796,1,6.511,-1.646,-1.795,0.0000,-0.7148,0.0000,0.6993
249.796,1,6.511,-1.646,-1.795,0.0000,-0.7148,0.0000,0.6993
249.796,1,6.511,-1.646,-1.795,0.0000,-0.7148,0.0000,0.6993
249.796,1,6.511,-1.646,-1.795,0.0000,-0.7148,0.0000,0.6993
249.796,1,6.511,-1.646,-1.795,0.0000,-0.7148,0.0000,0.6993
249.796,1,6.511,-1.646,-1.795,0.0000,-0.7148,0.0000,0.6993
249.796,1,6.511,-1.646,-1.795,0.0000,-0.7148,0.0000,0.6993
249.796,1,6.511,-1.646,-1.795,0.0000,-0.7148,0.0000,0.6993
249.796,1,6.511,-1.646,-1.795,0.0000,-0.7148,0.0000,0.6993
249.796,1,6.511,-1.646,-1.795,0.0000,-0.7148,0.0000,0.6993
249.796,1,6.511,-1.646,-1.795,0.0000,-0.7148,0.0000,0.6993
249.796,1,6.511,-1.646,-1.795,0.0000,-0.7148,0.0000,0.6993
249.796,1,6.511,-1.646,-1.795,0.0000,-0.7148,0.0000,0.6993
249.796,1,6.511,-1.646,-1.795,0.0000,-0.7148,0.0000,0.6993
249.796,1,6.511,-1.646,-1.795,0.0000,-0.7148,0.0000,0.6993
249.796,1,6.511,-1.646,-1.795,0.0000,-0.7148,0.0000,0.6993
249.796,1,6.511,-1.646,-1.795,0.0000,-0.7148,0.0000,0.6993
249.796,1,6.511,-1.646,-1.795,0.0000,-0.7148,0.0000,0.6993
249.796,1,6.511,-1.646,-1.795,0.0000,-0.7148,0.0000,0.6993
249.796,1,6.511,-1.646,-1.795,0.0000,-0.7148,0.0000,0.6993
249.796,1,6.511,-1.646,-1.795,0.0000,-0.7148,0.0000,0.6993
249.796,1,6.511,-1.646,-1.795,0.0000,-0.7148,0.0000,0.6993
249.796,1,6.511,-1.646,-1.795,0.0000,-0.7148,0.0000,0.6993
249.796,1,6.511,-1.646,-1.795,0.0000,-0.7148,0.0000,0.6993
249.796,1,6.511,-1.646,-1.795,0.0000,-0.7148,0.0000,0.6993
249.796,1,6.511,-1.646,-1.795,0.0000,-0.7148,0.0000,0.6993
249.796,1,6.511,-1.646,-1.795,0.0000,-0.7148,0.0000,0.6993
249.796,1,6.511,-1.646,-1.795,0.0000,-0.7148,0.0000,0.6993
249.796,1,6.511,-1.646,-1.795,0.0000,-0.7148,0.0000,0.6993
249.796,1,6.511,-1.646,-1.795,0.0000,-0.7148,0.0000,0.6993
249.796,1,6.511,-1.646,-1.795,0.0000,-0.7148,0.0000,0.6993
249.796,1,6.511,-1.646,-1.795,0.0000,-0.7148,0.0000,0.6993
249.796,1,6.511,-1.646,-1.795,0.0000,-0.7148,0.0000,0.6993
249.796,1,6.511,-1.646,-1.795,0.0000,-0.7148,0.0000,0.6993
249.796,1,6.511,-1.646,-1.795,0.0000,-0.7148,0.0000,0.6993
249.796,1,6.511,-1.646,-1.795,0.0000,-0.7148,0.0000,0.6993
249.796,1,6.511,-1.646,-1.795,0.0000,-0.7148,0.0000,0.6993
249.796,1,6.511,-1.646,-1.795,0.0000,-0.7148,0.0000,0.6993
249.796,1,6.511,-1.646,-1.795,0.0000,-0.7148,0.0000,0.6993
249.796,1,6.511,-1.646,-1.795,0.0000,-0.7148,0.0000,0.6993
249.796,1,6.511,-1.646,-1.795,0.0000,-0.7148,0.0000,0.6993
249.796,1,6.511,-1.646,-1.795,0.0000,-0.7148,0.0000,0.6993
249.796,1,6.511,-1.646,-1.795,0.0000,-0.7148,0.0000,0.6993
249.796,1,6.511,-1.646,-1.795,0.0000,-0.7148,0.0000,0.6993
249.796,1,6.511,-1.646,-1.795,0.0000,-0.7148,0.0000,0.6993
249.796,1,6.511,-1.646,-1.795,0.0000,-0.7148,0.0000,0.6993
249.796,1,6.511,-1.646,-1.795,0.0000,-0.7148,0.0000,0.6993
249.796,1,6.511,-1.646,-1.795,0.0000,-0.7148,0.0000,0.6993
249.796,1,6.511,-1.646,-1.795,0.0000,-0.7148,0.0000,0.6993
249.796,1,6.511,-1.646,-1.795,0.0000,-0.7148,0.0000,0.6993
249.796,1,6.511,-1.646,-1.795,0.0000,-0.7148,0.0000,0.6993
249.796,1,6.511,-1.646,-1.795,0.0000,-0.7148,0.0000,0.6993
249.796,1,6.511,-1.646,-1.795,0.0000,-0.7148,0.0000,0.6993
249.796,1,6.511,-1.646,-1.795,0.0000,-0.7148,0.0000,0.6993
249.796,1,6.511,-1.646,-1.795,0.0000,-0.7148,0.0000,0.6993
249.796,1,6.511,-1.646,-1.795,0.0000,-0.7148,0.0000,0.6993
249.796,1,6.511,-1.646,-1.795,0.0000,-0.7148,0.0000,0.6993
249.796,1,6.511,-1.646,-1.795,0.0000,-0.7148,0.0000,0.6993
249.796,1,6.511,-1.646,-1.795,0.0000,-0.7148,0.0000,0.6993
249.796,1,6.511,-1.646,-1.795,0.0000,-0.7148,0.0000,0.6993
249.796,1,6.511,-1.646,-1.795,0.0000,-0.7148,0.0000,0.6993
249.796,1,6.511,-1.646,-1.795,0.0000,-0.7148,0.0000,0.6993
249.796,1,6.511,-1.646,-1.795,0.0000,-0.7148,0.0000,0.6993
249.796,1,6.511,-1.646,-1.795,0.0000,-0.7148,0.0000,0.6993
249.796,1,6.511,-1.646,-1.795,0.0000,-0.7148,0.0000,0.6993
249.796,1,6.511,-1.646,-1.795,0.0000,-0.7148,0.0000,0.6993
249.796,1,6.511,-1.646,-1.795,0.0000,-0.7148,0.0000,0.6993
249.796,1,6.511,-1.646,-1.795,0.0000,-0.7148,0.0000,0.6993
249.796,1,6.511,-1.646,-1.795,0.0000,-0.7148,0.0000,0.6993
249.796,1,6.511,-1.646,-1.795,0.0000,-0.7148,0.0000,0.6993
249.796,1,6.511,-1.646,-1.795,0.0000,-0.7148,0.0000,0.6993
249.796,1,6.511,-1.646,-1.795,0.0000,-0.7148,0.0000,0.6993
249.796,1,6.511,-1.646,-1.795,0.0000,-0.7148,0.0000,0.6993
249.796,1,6.511,-1.646,-1.795,0.0000,-0.7148,0.0000,0.6993
249.796,1,6.511,-1.646,-1.795,0.0000,-0.7148,0.0000,0.6993
249.796,1,6.511,-1.646,-1.795,0.0000,-0.7148,0.0000,0.6993
249.796,1,6.511,-1.646,-1.795,0.0000,-0.7148,0.0000,0.6993
249.796,1,6.511,-1.646,-1.795,0.0000,-0.7148,0.0000,0.6993
249.796,1,6.511,-1.646,-1.795,0.0000,-0.7148,0.0000,0.6993
249.796,1,6.511,-1.646,-1.795,0.0000,-0.7148,0.0000,0.6993
249.796,1,6.511,-1.646,-1.795,0.0000,-0.7148,0.0000,0.6993
249.796,1,6.511,-1.646,-1.795,0.0000,-0.7148,0.0000,0.6993
249.796,1,6.511,-1.646,-1.795,0.0000,-0.7148,0.0000,0.6993
249.796,1,6.511,-1.646,-1.795,0.0000,-0.7148,0.0000,0.6993
249.796,1,6.511,-1.646,-1.795,0.0000,-0.7148,0.0000,0.6993
249.796,1,6.511,-1.646,-1.795,0.0000,-0.7148,0.0000,0.6993
249.796,1,6.511,-1.646,-1.795,0.0000,-0.7148,0.0000,0.6993
249.796,1,6.511,-1.646,-1.795,0.0000,-0.7148,0.0000,0.6993
249.796,1,6.511,-1.646,-1.795,0.0000,-0.7148,0.0000,0.6993
249.796,1,6.511,-1.646,-1.795,0.0000,-0.7148,0.0000,0.6993
249.796,1,6.511,-1.646,-1.795,0.0000,-0.7148,0.0000,0.6993
249.796,1,6.511,-1.646,-1.795,0.0000,-0.7148,0.0000,0.6993
249.796,1,6.511,-1.646,-1.795,0.0000,-0.7148,0.0000,0.6993
249.796,1,6.511,-1.646,-1.795,0.0000,-0.7148,0.0000,0.6993
249.796,1,6.511,-1.646,-1.795,0.0000,-0.7148,0.0000,0.6993
249.796,1,6.511,-1.646,-1.795,0.0000,-0.7148,0.0000,0.6993
249.796,1,6.511,-1.646,-1.795,0.0000,-0.7148,0.0000,0.6993
249.796,1,6.511,-1.646,-1.795,0.0000,-0.7148,0.0000,0.6993
249.796,1,6.511,-1.646,-1.795,0.0000,-0.7148,0.0000,0.6993
249.796,1,6.511,-1.646,-1.795,0.0000,-0.7148,0.0000,0.6993
249.796,1,6.511,-1.646,-1.795,0.0000,-0.7148,0.0000,0.6993
249.796,1,6.511,-1.646,-1.795,0.0000,-0.7148,0.0000,0.6993
249.796,1,6.511,-1.646,-1.795,0.0000,-0.7148,0.0000,0.6993
249.796,1,6.511,-1.646,-1.795,0.0000,-0.7148,0.0000,0.6993
249.796,1,6.511,-1.646,-1.795,0.0000,-0.7148,0.0000,0.6993
249.796,1,6.511,-1.646,-1.795,0.0000,-0.7148,0.0000,0.6993
249.796,1,6.511,-1.646,-1.795,0.0000,-0.7148,0.0000,0.6993
249.796,1,6.511,-1.646,-1.795,0.0000,-0.7148,0.0000,0.6993
249.796,1,6.511,-1.646,-1.795,0.0000,-0.7148,0.0000,0.6993
249.796,1,6.511,-1.646,-1.795,0.0000,-0.7148,0.0000,0.6993
249.796,1,6.511,-1.646,-1.795,0.0000,-0.7148,0.0000,0.6993
249.796,1,6.511,-1.646,-1.795,0.0000,-0.7148,0.0000,0.6993
249.796,1,6.511,-1.646,-1.795,0.0000,-0.7148,0.0000,0.6993
249.796,1,6.511,-1.646,-1.795,0.0000,-0.7148,0.0000,0.6993
249.796,1,6.511,-1.646,-1.795,0.0000,-0.7148,0.0000,0.6993
249.796,1,6.511,-1.646,-1.795,0.0000,-0.7148,0.0000,0.6993
249.796,1,6.511,-1.646,-1.795,0.0000,-0.7148,0.0000,0.6993
249.796,1,6.511,-1.646,-1.795,0.0000,-0.7148,0.0000,0.6993
249.796,1,6.511,-1.646,-1.795,0.0000,-0.7148,0.0000,0.6993
249.796,1,6.511,-1.646,-1.795,0.0000,-0.7148,0.0000,0.6993
249.796,1,6.511,-1.646,-1.795,0.0000,-0.7148,0.0000,0.6993
249.796,1,6.511,-1.646,-1.795,0.0000,-0.7148,0.0000,0.6993
249.796,1,6.511,-1.646,-1.795,0.0000,-0.7148,0.0000,0.6993
249.796,1,6.511,-1.646,-1.795,0.0000,-0.7148,0.0000,0.6993
249.796,1,6.511,-1.646,-1.795,0.0000,-0.7148,0.0000,0.6993
249.796,1,6.511,-1.646,-1.795,0.0000,-0.7148,0.0000,0.6993
249.796,1,6.511,-1.646,-1.795,0.0000,-0.7148,0.0000,0.6993
249.796,1,6.511,-1.646,-1.795,0.0000,-0.7148,0.0000,0.6993
249.796,1,6.511,-1.646,-1.795,0.0000,-0.7148,0.0000,0.6993
249.796,1,6.511,-1.646,-1.795,0.0000,-0.7148,0.0000,0.6993
249.796,1,6.511,-1.646,-1.795,0.0000,-0.7148,0.0000,0.6993
249.796,1,6.511,-1.646,-1.795,0.0000,-0.7148,0.0000,0.6993
249.796,1,6.511,-1.646,-1.795,0.0000,-0.7148,0.0000,0.6993
249.796,1,6.511,-1.646,-1.795,0.0000,-0.7148,0.0000,0.6993
249.796,1,6.511,-1.646,-1.795,0.0000,-0.7148,0.0000,0.6993
249.796,1,6.511,-1.646,-1.795,0.0000,-0.7148,0.0000,0.6993
249.796,1,6.511,-1.646,-1.795,0.0000,-0.7148,0.0000,0.6993
249.796,1,6.511,-1.646,-1.795,0.0000,-0.7148,0.0000,0.6993
249.796,1,6.511,-1.646,-1.795,0.0000,-0.7148,0.0000,0.6993
249.796,1,6.511,-1.646,-1.795,0.0000,-0.7148,0.0000,0.6993
249.796,1,6.511,-1.646,-1.795,0.0000,-0.7148,0.0000,0.6993
249.796,1,6.511,-1.646,-1.795,0.0000,-0.7148,0.0000,0.6993
249.796,1,6.511,-1.646,-1.795,0.0000,-0.7148,0.0000,0.6993
249.796,1,6.511,-1.646,-1.795,0.0000,-0.7148,0.0000,0.6993
249.796,1,6.511,-1.646,-1.795,0.0000,-0.7148,0.0000,0.6993
249.796,1,6.511,-1.646,-1.795,0.0000,-0.7148,0.0000,0.6993
249.796,1,6.511,-1.646,-1.795,0.0000,-0.7148,0.0000,0.6993
249.796,1,6.511,-1.646,-1.795,0.0000,-0.7148,0.0000,0.6993
249.796,1,6.511,-1.646,-1.795,0.0000,-0.7148,0.0000,0.6993
249.796,1,6.511,-1.646,-1.795,0.0000,-0.7148,0.0000,0.6993
249.796,1,6.511,-1.646,-1.795,0.0000,-0.7148,0.0000,0.6993
249.796,1,6.511,-1.646,-1.795,0.0000,-0.7148,0.0000,0.6993
249.796,1,6.511,-1.646,-1.795,0.0000,-0.7148,0.0000,0.6993
249.796,1,6.511,-1.646,-1.795,0.0000,-0.7148,0.0000,0.6993
249.796,1,6.511,-1.646,-1.795,0.0000,-0.7148,0.0000,0.6993
249.796,1,6.511,-1.646,-1.795,0.0000,-0.7148,0.0000,0.6993
249.796,1,6.511,-1.646,-1.795,0.0000,-0.7148,0.0000,0.6993
249.796,1,6.511,-1.646,-1.795,0.0000,-0.7148,0.0000,0.6993
249.796,1,6.511,-1.646,-1.795,0.0000,-0.7148,0.0000,0.6993
249.796,1,6.511,-1.646,-1.795,0.0000,-0.7148,0.0000,0.6993
249.796,1,6.511,-1.646,-1.795,0.0000,-0.7148,0.0000,0.6993
249.796,1,6.511,-1.646,-1.795,0.0000,-0.7148,0.0000,0.6993
249.796,1,6.511,-1.646,-1.795,0.0000,-0.7148,0.0000,0.6993
249.796,1,6.511,-1.646,-1.795,0.0000,-0.7148,0.0000,0.6993
249.796,1,6.511,-1.646,-1.795,0.0000,-0.7148,0.0000,0.6993
249.796,1,6.511,-1.646,-1.795,0.0000,-0.7148,0.0000,0.6993
249.796,1,6.511,-1.646,-1.795,0.0000,-0.7148,0.0000,0.6993
249.796,1,6.511,-1.646,-1.795,0.0000,-0.7148,0.0000,0.6993
249.796,1,6.511,-1.646,-1.795,0.0000,-0.7148,0.0000,0.6993
249.796,1,6.511,-1.646,-1.795,0.0000,-0.7148,0.0000,0.6993
249.796,1,6.511,-1.646,-1.795,0.0000,-0.7148,0.0000,0.6993
249.796,1,6.511,-1.646,-1.795,0.0000,-0.7148,0.0000,0.6993
249.796,1,6.511,-1.646,-1.795,0.0000,-0.7148,0.0000,0.6993
249.796,1,6.511,-1.646,-1.795,0.0000,-0.7148,0.0000,0.6993
249.796,1,6.511,-1.646,-1.795,0.0000,-0.7148,0.0000,0.6993
249.796,1,6.511,-1.646,-1.795,0.0000,-0.7148,0.0000,0.6993
249.796,1,6.511,-1.646,-1.795,0.0000,-0.7148,0.0000,0.6993
249.796,1,6.511,-1.646,-1.795,0.0000,-0.7148,0.0000,0.6993
249.796,1,6.511,-1.646,-1.795,0.0000,-0.7148,0.0000,0.6993
249.796,1,6.511,-1.646,-1.795,0.0000,-0.7148,0.0000,0.6993
249.796,1,6.511,-1.646,-1.795,0.0000,-0.7148,0.0000,0.6993
249.796,1,6.511,-1.646,-1.795,0.0000,-0.7148,0.0000,0.6993
249.796,1,6.511,-1.646,-1.795,0.0000,-0.7148,0.0000,0.6993
249.796,1,6.511,-1.646,-1.795,0.0000,-0.7148,0.0000,0.6993
249.796,1,6.511,-1.646,-1.795,0.0000,-0.7148,0.0000,0.6993
249.796,1,6.511,-1.646,-1.795,0.0000,-0.7148,0.0000,0.6993
249.796,1,6.511,-1.646,-1.795,0.0000,-0.7148,0.0000,0.6993
249.796,1,6.511,-1.646,-1.795,0.0000,-0.7148,0.0000,0.6993
249.796,1,6.511,-1.646,-1.795,0.0000,-0.7148,0.0000,0.6993
249.796,1,6.511,-1.646,-1.795,0.0000,-0.7148,0.0000,0.6993
249.796,1,6.511,-1.646,-1.795,0.0000,-0.7148,0.0000,0.6993
249.796,1,6.511,-1.646,-1.795,0.0000,-0.7148,0.0000,0.6993
249.796,1,6.511,-1.646,-1.795,0.0000,-0.7148,0.0000,0.6993
249.796,1,6.511,-1.646,-1.795,0.0000,-0.7148,0.0000,0.6993
249.796,1,6.511,-1.646,-1.795,0.0000,-0.7148,0.0000,0.6993
249.796,1,6.511,-1.646,-1.795,0.0000,-0.7148,0.0000,0.6993
249.796,1,6.511,-1.646,-1.795,0.0000,-0.7148,0.0000,0.6993
249.796,1,6.511,-1.646,-1.795,0.0000,-0.7148,0.0000,0.6993
249.796,1,6.511,-1.646,-1.795,0.0000,-0.7148,0.0000,0.6993
249.796,1,6.511,-1.646,-1.795,0.0000,-0.7148,0.0000,0.6993
249.796,1,6.511,-1.646,-1.795,0.0000,-0.7148,0.0000,0.6993
249.796,1,6.511,-1.646,-1.795,0.0000,-0.7148,0.0000,0.6993
249.796,1,6.511,-1.646,-1.795,0.0000,-0.7148,0.0000,0.6993
249.796,1,6.511,-1.646,-1.795,0.0000,-0.7148,0.0000,0.6993
249.796,1,6.511,-1.646,-1.795,0.0000,-0.7148,0.0000,0.6993
249.796,1,6.511,-1.646,-1.795,0.0000,-0.7148,0.0000,0.6993
249.796,1,6.511,-1.646,-1.795,0.0000,-0.7148,0.0000,0.6993
249.796,1,6.511,-1.646,-1.795,0.0000,-0.7148,0.0000,0.6993
249.796,1,6.511,-1.646,-1.795,0.0000,-0.7148,0.0000,0.6993
249.796,1,6.511,-1.646,-1.795,0.0000,-0.7148,0.0000,0.6993
249.796,1,6.511,-1.646,-1.795,0.0000,-0.7148,0.0000,0.6993
249.796,1,6.511,-1.646,-1.795,0.0000,-0.7148,0.0000,0.6993
249.796,1,6.511,-1.646,-1.795,0.0000,-0.7148,0.0000,0.6993
249.796,1,6.511,-1.646,-1.795,0.0000,-0.7148,0.0000,0.6993
249.796,1,6.511,-1.646,-1.795,0.0000,-0.7148,0.0000,0.6993
249.796,1,6.511,-1.646,-1.795,0.0000,-0.7148,0.0000,0.6993
249.796,1,6.511,-1.646,-1.795,0.0000,-0.7148,0.0000,0.6993
249.796,1,6.511,-1.646,-1.795,0.0000,-0.7148,0.0000,0.6993
249.796,1,6.511,-1.646,-1.795,0.0000,-0.7148,0.0000,0.6993
249.796,1,6.511,-1.646,-1.795,0.0000,-0.7148,0.0000,0.6993
249.796,1,6.511,-1.646,-1.795,0.0000,-0.7148,0.0000,0.6993
249.796,1,6.511,-1.646,-1.795,0.0000,-0.7148,0.0000,0.6993
249.796,1,6.511,-1.646,-1.795,0.0000,-0.7148,0.0000,0.6993
249.796,1,6.511,-1.646,-1.795,0.0000,-0.7148,0.0000,0.6993
249.796,1,6.511,-1.646,-1.795,0.0000,-0.7148,0.0000,0.6993
249.796,1,6.511,-1.646,-1.795,0.0000,-0.7148,0.0000,0.6993
249.796,1,6.511,-1.646,-1.795,0.0000,-0.7148,0.0000,0.6993
249.796,1,6.511,-1.646,-1.795,0.0000,-0.7148,0.0000,0.6993
249.796,1,6.511,-1.646,-1.795,0.0000,-0.7148,0.0000,0.6993
249.796,1,6.511,-1.646,-1.795,0.0000,-0.7148,0.0000,0.6993
249.796,1,6.511,-1.646,-1.795,0.0000,-0.7148,0.0000,0.6993
249.796,1,6.511,-1.646,-1.795,0.0000,-0.7148,0.0000,0.6993
249.796,1,6.511,-1.646,-1.795,0.0000,-0.7148,0.0000,0.6993
249.796,1,6.511,-1.646,-1.795,0.0000,-0.7148,0.0000,0.6993
249.796,1,6.511,-1.646,-1.795,0.0000,-0.7148,0.0000,0.6993
249.796,1,6.511,-1.646,-1.795,0.0000,-0.7148,0.0000,0.6993
249.796,1,6.511,-1.646,-1.795,0.0000,-0.7148,0.0000,0.6993
249.796,1,6.511,-1.646,-1.795,0.0000,-0.7148,0.0000,0.6993
249.796,1,6.511,-1.646,-1.795,0.0000,-0.7148,0.0000,0.6993
249.796,1,6.511,-1.646,-1.795,0.0000,-0.7148,0.0000,0.6993
249.796,1,6.511,-1.646,-1.795,0.0000,-0.7148,0.0000,0.6993
249.796,1,6.511,-1.646,-1.795,0.0000,-0.7148,0.0000,0.6993
249.796,1,6.511,-1.646,-1.795,0.0000,-0.7148,0.0000,0.6993
249.796,1,6.511,-1.646,-1.795,0.0000,-0.7148,0.0000,0.6993
249.796,1,6.511,-1.646,-1.795,0.0000,-0.7148,0.0000,0.6993
249.796,1,6.511,-1.646,-1.795,0.0000,-0.7148,0.0000,0.6993
249.796,1,6.511,-1.646,-1.795,0.0000,-0.7148,0.0000,0.6993
249.796,1,6.511,-1.646,-1.795,0.0000,-0.7148,0.0000,0.6993
249.796,1,6.511,-1.646,-1.795,0.0000,-0.7148,0.0000,0.6993
249.796,1,6.511,-1.646,-1.795,0.0000,-0.7148,0.0000,0.6993
249.796,1,6.511,-1.646,-1.795,0.0000,-0.7148,0.0000,0.6993
249.796,1,6.511,-1.646,-1.795,0.0000,-0.7148,0.0000,0.6993
249.796,1,6.511,-1.646,-1.795,0.0000,-0.7148,0.0000,0.6993
249.796,1,6.511,-1.646,-1.795,0.0000,-0.7148,0.0000,0.6993
249.796,1,6.511,-1.646,-1.795,0.0000,-0.7148,0.0000,0.6993
249.796,1,6.511,-1.646,-1.795,0.0000,-0.7148,0.0000,0.6993
249.796,1,6.511,-1.646,-1.795,0.0000,-0.7148,0.0000,0.6993
249.796,1,6.511,-1.646,-1.795,0.0000,-0.7148,0.0000,0.6993
249.796,1,6.511,-1.646,-1.795,0.0000,-0.7148,0.0000,0.6993
249.796,1,6.511,-1.646,-1.795,0.0000,-0.7148,0.0000,0.6993
249.796,1,6.511,-1.646,-1.795,0.0000,-0.7148,0.0000,0.6993
249.796,1,6.511,-1.646,-1.795,0.0000,-0.7148,0.0000,0.6993
249.796,1,6.511,-1.646,-1.795,0.0000,-0.7148,0.0000,0.6993
249.796,1,6.511,-1.646,-1.795,0.0000,-0.7148,0.0000,0.6993
249.796,1,6.511,-1.646,-1.795,0.0000,-0.7148,0.0000,0.6993
249.796,1,6.511,-1.646,-1.795,0.0000,-0.7148,0.0000,0.6993
249.796,1,6.511,-1.646,-1.795,0.0000,-0.7148,0.0000,0.6993
249.796,1,6.511,-1.646,-1.795,0.0000,-0.7148,0.0000,0.6993
249.796,1,6.511,-1.646,-1.795,0.0000,-0.7148,0.0000,0.6993
249.796,1,6.511,-1.646,-1.795,0.0000,-0.7148,0.0000,0.6993
249.796,1,6.511,-1.646,-1.795,0.0000,-0.7148,0.0000,0.6993
249.796,1,6.511,-1.646,-1.795,0.0000,-0.7148,0.0000,0.6993
249.796,1,6.511,-1.646,-1.795,0.0000,-0.7148,0.0000,0.6993
249.796,1,6.511,-1.646,-1.795,0.0000,-0.7148,0.0000,0.6993
249.796,1,6.511,-1.646,-1.795,0.0000,-0.7148,0.0000,0.6993
249.796,1,6.511,-1.646,-1.795,0.0000,-0.7148,0.0000,0.6993
249.796,1,6.511,-1.646,-1.795,0.0000,-0.7148,0.0000,0.6993
249.796,1,6.511,-1.646,-1.795,0.0000,-0.7148,0.0000,0.6993
249.796,1,6.511,-1.646,-1.795,0.0000,-0.7148,0.0000,0.6993
249.796,1,6.511,-1.646,-1.795,0.0000,-0.7148,0.0000,0.6993
249.796,1,6.511,-1.646,-1.795,0.0000,-0.7148,0.0000,0.6993
249.796,1,6.511,-1.646,-1.795,0.0000,-0.7148,0.0000,0.6993
249.796,1,6.511,-1.646,-1.795,0.0000,-0.7148,0.0000,0.6993
249.796,1,6.511,-1.646,-1.795,0.0000,-0.7148,0.0000,0.6993
249.796,1,6.511,-1.646,-1.795,0.0000,-0.7148,0.0000,0.6993
249.796,1,6.511,-1.646,-1.795,0.0000,-0.7148,0.0000,0.6993
249.796,1,6.511,-1.646,-1.795,0.0000,-0.7148,0.0000,0.6993
249.796,1,6.511,-1.646,-1.795,0.0000,-0.7148,0.0000,0.6993
249.796,1,6.511,-1.646,-1.795,0.0000,-0.7148,0.0000,0.6993
249.796,1,6.511,-1.646,-1.795,0.0000,-0.7148,0.0000,0.6993
249.796,1,6.511,-1.646,-1.795,0.0000,-0.7148,0.0000,0.6993
249.796,1,6.511,-1.646,-1.795,0.0000,-0.7148,0.0000,0.6993
249.796,1,6.511,-1.646,-1.795,0.0000,-0.7148,0.0000,0.6993
249.796,1,6.511,-1.646,-1.795,0.0000,-0.7148,0.0000,0.6993
249.796,1,6.511,-1.646,-1.795,0.0000,-0.7148,0.0000,0.6993
249.796,1,6.511,-1.646,-1.795,0.0000,-0.7148,0.0000,0.6993
249.796,1,6.511,-1.646,-1.795,0.0000,-0.7148,0.0000,0.6993
249.796,1,6.511,-1.646,-1.795,0.0000,-0.7148,0.0000,0.6993
249.796,1,6.511,-1.646,-1.795,0.0000,-0.7148,0.0000,0.6993
249.796,1,6.511,-1.646,-1.795,0.0000,-0.7148,0.0000,0.6993
249.796,1,6.511,-1.646,-1.795,0.0000,-0.7148,0.0000,0.6993
249.796,1,6.511,-1.646,-1.795,0.0000,-0.7148,0.0000,0.6993
249.796,1,6.511,-1.646,-1.795,0.0000,-0.7148,0.0000,0.6993
249.796,1,6.511,-1.646,-1.795,0.0000,-0.7148,0.0000,0.6993
249.796,1,6.511,-1.646,-1.795,0.0000,-0.7148,0.0000,0.6993
249.796,1,6.511,-1.646,-1.795,0.0000,-0.7148,0.0000,0.6993
249.796,1,6.511,-1.646,-1.795,0.0000,-0.7148,0.0000,0.6993
249.796,1,6.511,-1.646,-1.795,0.0000,-0.7148,0.0000,0.6993
249.796,1,6.511,-1.646,-1.795,0.0000,-0.7148,0.0000,0.6993
249.796,1,6.511,-1.646,-1.795,0.0000,-0.7148,0.0000,0.6993
249.796,1,6.511,-1.646,-1.795,0.0000,-0.7148,0.0000,0.6993
249.796,1,6.511,-1.646,-1.795,0.0000,-0.7148,0.0000,0.6993
249.796,1,6.511,-1.646,-1.795,0.0000,-0.7148,0.0000,0.6993
249.796,1,6.511,-1.646,-1.795,0.0000,-0.7148,0.0000,0.6993
249.796,1,6.511,-1.646,-1.795,0.0000,-0.7148,0.0000,0.6993
249.796,1,6.511,-1.646,-1.795,0.0000,-0.7148,0.0000,0.6993
249.796,1,6.511,-1.646,-1.795,0.0000,-0.7148,0.0000,0.6993
249.796,1,6.511,-1.646,-1.795,0.0000,-0.7148,0.0000,0.6993
249.796,1,6.511,-1.646,-1.795,0.0000,-0.7148,0.0000,0.6993
249.796,1,6.511,-1.646,-1.795,0.0000,-0.7148,0.0000,0.6993
249.796,1,6.511,-1.646,-1.795,0.0000,-0.7148,0.0000,0.6993
249.796,1,6.511,-1.646,-1.795,0.0000,-0.7148,0.0000,0.6993
249.796,1,6.511,-1.646,-1.795,0.0000,-0.7148,0.0000,0.6993
249.796,1,6.511,-1.646,-1.795,0.0000,-0.7148,0.0000,0.6993
249.796,1,6.511,-1.646,-1.795,0.0000,-0.7148,0.0000,0.6993
249.796,1,6.511,-1.646,-1.795,0.0000,-0.7148,0.0000,0.6993
249.796,1,6.511,-1.646,-1.795,0.0000,-0.7148,0.0000,0.6993
249.796,1,6.511,-1.646,-1.795,0.0000,-0.7148,0.0000,0.6993
249.796,1,6.511,-1.646,-1.795,0.0000,-0.7148,0.0000,0.6993
249.796,1,6.511,-1.646,-1.795,0.0000,-0.7148,0.0000,0.6993
249.796,1,6.511,-1.646,-1.795,0.0000,-0.7148,0.0000,0.6993
249.796,1,6.511,-1.646,-1.795,0.0000,-0.7148,0.0000,0.6993
249.796,1,6.511,-1.646,-1.795,0.0000,-0.7148,0.0000,0.6993
249.796,1,6.511,-1.646,-1.795,0.0000,-0.7148,0.0000,0.6993
249.796,1,6.511,-1.646,-1.795,0.0000,-0.7148,0.0000,0.6993
249.796,1,6.511,-1.646,-1.795,0.0000,-0.7148,0.0000,0.6993
249.796,1,6.511,-1.646,-1.795,0.0000,-0.7148,0.0000,0.6993
249.796,1,6.511,-1.646,-1.795,0.0000,-0.7148,0.0000,0.6993
249.796,1,6.511,-1.646,-1.795,0.0000,-0.7148,0.0000,0.6993
249.796,1,6.511,-1.646,-1.795,0.0000,-0.7148,0.0000,0.6993
249.796,1,6.511,-1.646,-1.795,0.0000,-0.7148,0.0000,0.6993
249.796,1,6.511,-1.646,-1.795,0.0000,-0.7148,0.0000,0.6993
249.796,1,6.511,-1.646,-1.795,0.0000,-0.7148,0.0000,0.6993
249.796,1,6.511,-1.646,-1.795,0.0000,-0.7148,0.0000,0.6993
249.796,1,6.511,-1.646,-1.795,0.0000,-0.7148,0.0000,0.6993
249.796,1,6.511,-1.646,-1.795,0.0000,-0.7148,0.0000,0.6993
249.796,1,6.511,-1.646,-1.795,0.0000,-0.7148,0.0000,0.6993
249.796,1,6.511,-1.646,-1.795,0.0000,-0.7148,0.0000,0.6993
249.796,1,6.511,-1.646,-1.795,0.0000,-0.7148,0.0000,0.6993
249.796,1,6.511,-1.646,-1.795,0.0000,-0.7148,0.0000,0.6993
249.796,1,6.511,-1.646,-1.795,0.0000,-0.7148,0.0000,0.6993
249.796,1,6.511,-1.646,-1.795,0.0000,-0.7148,0.0000,0.6993
249.796,1,6.511,-1.646,-1.795,0.0000,-0.7148,0.0000,0.6993
249.796,1,6.511,-1.646,-1.795,0.0000,-0.7148,0.0000,0.6993
249.796,1,6.511,-1.646,-1.795,0.0000,-0.7148,0.0000,0.6993
249.796,1,6.511,-1.646,-1.795,0.0000,-0.7148,0.0000,0.6993
249.796,1,6.511,-1.646,-1.795,0.0000,-0.7148,0.0000,0.6993
249.796,1,6.511,-1.646,-1.795,0.0000,-0.7148,0.0000,0.6993
249.796,1,6.511,-1.646,-1.795,0.0000,-0.7148,0.0000,0.6993
249.796,1,6.511,-1.646,-1.795,0.0000,-0.7148,0.0000,0.6993
249.796,1,6.511,-1.646,-1.795,0.0000,-0.7148,0.0000,0.6993
249.796,1,6.511,-1.646,-1.795,0.0000,-0.7148,0.0000,0.6993
249.796,1,6.511,-1.646,-1.795,0.0000,-0.7148,0.0000,0.6993
249.796,1,6.511,-1.646,-1.795,0.0000,-0.7148,0.0000,0.6993
249.796,1,6.511,-1.646,-1.795,0.0000,-0.7148,0.0000,0.6993
249.796,1,6.511,-1.646,-1.795,0.0000,-0.7148,0.0000,0.6993
249.796,1,6.511,-1.646,-1.795,0.0000,-0.7148,0.0000,0.6993
249.796,1,6.511,-1.646,-1.795,0.0000,-0.7148,0.0000,0.6993
249.796,1,6.511,-1.646,-1.795,0.0000,-0.7148,0.0000,0.6993
249.796,1,6.511,-1.646,-1.795,0.0000,-0.7148,0.0000,0.6993
249.796,1,6.511,-1.646,-1.795,0.0000,-0.7148,0.0000,0.6993
249.796,1,6.511,-1.646,-1.795,0.0000,-0.7148,0.0000,0.6993
249.796,1,6.511,-1.646,-1.795,0.0000,-0.7148,0.0000,0.6993
249.796,1,6.511,-1.646,-1.795,0.0000,-0.7148,0.0000,0.6993
249.796,1,6.511,-1.646,-1.795,0.0000,-0.7148,0.0000,0.6993
249.796,1,6.511,-1.646,-1.795,0.0000,-0.7148,0.0000,0.6993
249.796,1,6.511,-1.646,-1.795,0.0000,-0.7148,0.0000,0.6993
249.796,1,6.511,-1.646,-1.795,0.0000,-0.7148,0.0000,0.6993
249.796,1,6.511,-1.646,-1.795,0.0000,-0.7148,0.0000,0.6993
249.796,1,6.511,-1.646,-1.795,0.0000,-0.7148,0.0000,0.6993
249.796,1,6.511,-1.646,-1.795,0.0000,-0.7148,0.0000,0.6993
249.796,1,6.511,-1.646,-1.795,0.0000,-0.7148,0.0000,0.6993
249.796,1,6.511,-1.646,-1.795,0.0000,-0.7148,0.0000,0.6993
249.796,1,6.511,-1.646,-1.795,0.0000,-0.7148,0.0000,0.6993
249.796,1,6.511,-1.646,-1.795,0.0000,-0.7148,0.0000,0.6993
249.796,1,6.511,-1.646,-1.795,0.0000,-0.7148,0.0000,0.6993
249.796,1,6.511,-1.646,-1.795,0.0000,-0.7148,0.0000,0.6993
249.796,1,6.511,-1.646,-1.795,0.0000,-0.7148,0.0000,0.6993
249.796,1,6.511,-1.646,-1.795,0.0000,-0.7148,0.0000,0.6993
249.796,1,6.511,-1.646,-1.795,0.0000,-0.7148,0.0000,0.6993
249.796,1,6.511,-1.646,-1.795,0.0000,-0.7148,0.0000,0.6993
249.796,1,6.511,-1.646,-1.795,0.0000,-0.7148,0.0000,0.6993
249.796,1,6.511,-1.646,-1.795,0.0000,-0.7148,0.0000,0.6993
249.796,1,6.511,-1.646,-1.795,0.0000,-0.7148,0.0000,0.6993
249.796,1,6.511,-1.646,-1.795,0.0000,-0.7148,0.0000,0.6993
249.796,1,6.511,-1.646,-1.795,0.0000,-0.7148,0.0000,0.6993
249.796,1,6.511,-1.646,-1.795,0.0000,-0.7148,0.0000,0.6993
249.796,1,6.511,-1.646,-1.795,0.0000,-0.7148,0.0000,0.6993
249.796,1,6.511,-1.646,-1.795,0.0000,-0.7148,0.0000,0.6993
249.796,1,6.511,-1.646,-1.795,0.0000,-0.7148,0.0000,0.6993
249.796,1,6.511,-1.646,-1.795,0.0000,-0.7148,0.0000,0.6993
249.796,1,6.511,-1.646,-1.795,0.0000,-0.7148,0.0000,0.6993
249.796,1,6.511,-1.646,-1.795,0.0000,-0.7148,0.0000,0.6993
249.796,1,6.511,-1.646,-1.795,0.0000,-0.7148,0.0000,0.6993
249.796,1,6.511,-1.646,-1.795,0.0000,-0.7148,0.0000,0.6993
249.796,1,6.511,-1.646,-1.795,0.0000,-0.7148,0.0000,0.6993
249.796,1,6.511,-1.646,-1.795,0.0000,-0.7148,0.0000,0.6993
249.796,1,6.511,-1.646,-1.795,0.0000,-0.7148,0.0000,0.6993
249.796,1,6.511,-1.646,-1.795,0.0000,-0.7148,0.0000,0.6993
249.796,1,6.511,-1.646,-1.795,0.0000,-0.7148,0.0000,0.6993
249.796,1,6.511,-1.646,-1.795,0.0000,-0.7148,0.0000,0.6993
249.796,1,6.511,-1.646,-1.795,0.0000,-0.7148,0.0000,0.6993
249.796,1,6.511,-1.646,-1.795,0.0000,-0.7148,0.0000,0.6993
249.796,1,6.511,-1.646,-1.795,0.0000,-0.7148,0.0000,0.6993
249.796,1,6.511,-1.646,-1.795,0.0000,-0.7148,0.0000,0.6993
249.796,1,6.511,-1.646,-1.795,0.0000,-0.7148,0.0000,0.6993
249.796,1,6.511,-1.646,-1.795,0.0000,-0.7148,0.0000,0.6993
249.796,1,6.511,-1.646,-1.795,0.0000,-0.7148,0.0000,0.6993
249.796,1,6.511,-1.646,-1.795,0.0000,-0.7148,0.0000,0.6993
249.796,1,6.511,-1.646,-1.795,0.0000,-0.7148,0.0000,0.6993
249.796,1,6.511,-1.646,-1.795,0.0000,-0.7148,0.0000,0.6993
249.796,1,6.511,-1.646,-1.795,0.0000,-0.7148,0.0000,0.6993
249.796,1,6.511,-1.646,-1.795,0.0000,-0.7148,0.0000,0.6993
249.796,1,6.511,-1.646,-1.795,0.0000,-0.7148,0.0000,0.6993
249.796,1,6.511,-1.646,-1.795,0.0000,-0.7148,0.0000,0.6993
249.796,1,6.511,-1.646,-1.795,0.0000,-0.7148,0.0000,0.6993
249.796,1,6.511,-1.646,-1.795,0.0000,-0.7148,0.0000,0.6993
249.796,1,6.511,-1.646,-1.795,0.0000,-0.7148,0.0000,0.6993
249.796,1,6.511,-1.646,-1.795,0.0000,-0.7148,0.0000,0.6993
249.796,1,6.511,-1.646,-1.795,0.0000,-0.7148,0.0000,0.6993
249.796,1,6.511,-1.646,-1.795,0.0000,-0.7148,0.0000,0.6993
249.796,1,6.511,-1.646,-1.795,0.0000,-0.7148,0.0000,0.6993
249.796,1,6.511,-1.646,-1.795,0.0000,-0.7148,0.0000,0.6993
249.796,1,6.511,-1.646,-1.795,0.0000,-0.7148,0.0000,0.6993
249.796,1,6.511,-1.646,-1.795,0.0000,-0.7148,0.0000,0.6993
249.796,1,6.511,-1.646,-1.795,0.0000,-0.7148,0.0000,0.6993
249.796,1,6.511,-1.646,-1.795,0.0000,-0.7148,0.0000,0.6993
249.796,1,6.511,-1.646,-1.795,0.0000,-0.7148,0.0000,0.6993
249.796,1,6.511,-1.646,-1.795,0.0000,-0.7148,0.0000,0.6993
249.796,1,6.511,-1.646,-1.795,0.0000,-0.7148,0.0000,0.6993
249.796,1,6.511,-1.646,-1.795,0.0000,-0.7148,0.0000,0.6993
249.796,1,6.511,-1.646,-1.795,0.0000,-0.7148,0.0000,0.6993
249.796,1,6.511,-1.646,-1.795,0.0000,-0.7148,0.0000,0.6993
249.796,1,6.511,-1.646,-1.795,0.0000,-0.7148,0.0000,0.6993
249.796,1,6.511,-1.646,-1.795,0.0000,-0.7148,0.0000,0.6993
249.796,1,6.511,-1.646,-1.795,0.0000,-0.7148,0.0000,0.6993
249.796,1,6.511,-1.646,-1.795,0.0000,-0.7148,0.0000,0.6993
249.796,1,6.511,-1.646,-1.795,0.0000,-0.7148,0.0000,0.6993
249.796,1,6.511,-1.646,-1.795,0.0000,-0.7148,0.0000,0.6993
249.796,1,6.511,-1.646,-1.795,0.0000,-0.7148,0.0000,0.6993
249.796,1,6.511,-1.646,-1.795,0.0000,-0.7148,0.0000,0.6993
249.796,1,6.511,-1.646,-1.795,0.0000,-0.7148,0.0000,0.6993
249.796,1,6.511,-1.646,-1.795,0.0000,-0.7148,0.0000,0.6993
249.796,1,6.511,-1.646,-1.795,0.0000,-0.7148,0.0000,0.6993
249.796,1,6.511,-1.646,-1.795,0.0000,-0.7148,0.0000,0.6993
249.796,1,6.511,-1.646,-1.795,0.0000,-0.7148,0.0000,0.6993
249.796,1,6.511,-1.646,-1.795,0.0000,-0.7148,0.0000,0.6993
249.796,1,6.511,-1.646,-1.795,0.0000,-0.7148,0.0000,0.6993
249.796,1,6.511,-1.646,-1.795,0.0000,-0.7148,0.0000,0.6993
249.796,1,6.511,-1.646,-1.795,0.0000,-0.7148,0.0000,0.6993
249.796,1,6.511,-1.646,-1.795,0.0000,-0.7148,0.0000,0.6993
249.796,1,6.511,-1.646,-1.795,0.0000,-0.7148,0.0000,0.6993
249.796,1,6.511,-1.646,-1.795,0.0000,-0.7148,0.0000,0.6993
249.796,1,6.511,-1.646,-1.795,0.0000,-0.7148,0.0000,0.6993
249.796,1,6.511,-1.646,-1.795,0.0000,-0.7148,0.0000,0.6993
249.796,1,6.511,-1.646,-1.795,0.0000,-0.7148,0.0000,0.6993
249.796,1,6.511,-1.646,-1.795,0.0000,-0.7148,0.0000,0.6993
249.796,1,6.511,-1.646,-1.795,0.0000,-0.7148,0.0000,0.6993
249.796,1,6.511,-1.646,-1.795,0.0000,-0.7148,0.0000,0.6993
249.796,1,6.511,-1.646,-1.795,0.0000,-0.7148,0.0000,0.6993
249.796,1,6.511,-1.646,-1.795,0.0000,-0.7148,0.0000,0.6993
249.796,1,6.511,-1.646,-1.795,0.0000,-0.7148,0.0000,0.6993
249.796,1,6.511,-1.646,-1.795,0.0000,-0.7148,0.0000,0.6993
249.796,1,6.511,-1.646,-1.795,0.0000,-0.7148,0.0000,0.6993
249.796,1,6.511,-1.646,-1.795,0.0000,-0.7148,0.0000,0.6993
249.796,1,6.511,-1.646,-1.795,0.0000,-0.7148,0.0000,0.6993
249.796,1,6.511,-1.646,-1.795,0.0000,-0.7148,0.0000,0.6993
249.796,1,6.511,-1.646,-1.795,0.0000,-0.7148,0.0000,0.6993
249.796,1,6.511,-1.646,-1.795,0.0000,-0.7148,0.0000,0.6993
249.796,1,6.511,-1.646,-1.795,0.0000,-0.7148,0.0000,0.6993
249.796,1,6.511,-1.646,-1.795,0.0000,-0.7148,0.0000,0.6993
249.796,1,6.511,-1.646,-1.795,0.0000,-0.7148,0.0000,0.6993
249.796,1,6.511,-1.646,-1.795,0.0000,-0.7148,0.0000,0.6993
249.796,1,6.511,-1.646,-1.795,0.0000,-0.7148,0.0000,0.6993
249.796,1,6.511,-1.646,-1.795,0.0000,-0.7148,0.0000,0.6993
249.796,1,6.511,-1.646,-1.795,0.0000,-0.7148,0.0000,0.6993
249.796,1,6.511,-1.646,-1.795,0.0000,-0.7148,0.0000,0.6993
249.796,1,6.511,-1.646,-1.795,0.0000,-0.7148,0.0000,0.6993
249.796,1,6.511,-1.646,-1.795,0.0000,-0.7148,0.0000,0.6993
249.796,1,6.511,-1.646,-1.795,0.0000,-0.7148,0.0000,0.6993
249.796,1,6.511,-1.646,-1.795,0.0000,-0.7148,0.0000,0.6993
249.796,1,6.511,-1.646,-1.795,0.0000,-0.7148,0.0000,0.6993
249.796,1,6.511,-1.646,-1.795,0.0000,-0.7148,0.0000,0.6993
249.796,1,6.511,-1.646,-1.795,0.0000,-0.7148,0.0000,0.6993
249.796,1,6.511,-1.646,-1.795,0.0000,-0.7148,0.0000,0.6993
249.796,1,6.511,-1.646,-1.795,0.0000,-0.7148,0.0000,0.6993
249.796,1,6.511,-1.646,-1.795,0.0000,-0.7148,0.0000,0.6993
249.796,1,6.511,-1.646,-1.795,0.0000,-0.7148,0.0000,0.6993
249.796,1,6.511,-1.646,-1.795,0.0000,-0.7148,0.0000,0.6993
249.796,1,6.511,-1.646,-1.795,0.0000,-0.7148,0.0000,0.6993
249.796,1,6.511,-1.646,-1.795,0.0000,-0.7148,0.0000,0.6993
249.796,1,6.511,-1.646,-1.795,0.0000,-0.7148,0.0000,0.6993
249.796,1,6.511,-1.646,-1.795,0.0000,-0.7148,0.0000,0.6993
249.796,1,6.511,-1.646,-1.795,0.0000,-0.7148,0.0000,0.6993
249.796,1,6.511,-1.646,-1.795,0.0000,-0.7148,0.0000,0.6993
249.796,1,6.511,-1.646,-1.795,0.0000,-0.7148,0.0000,0.6993
249.796,1,6.511,-1.646,-1.795,0.0000,-0.7148,0.0000,0.6993
249.796,1,6.511,-1.646,-1.795,0.0000,-0.7148,0.0000,0.6993
249.796,1,6.511,-1.646,-1.795,0.0000,-0.7148,0.0000,0.6993
249.796,1,6.511,-1.646,-1.795,0.0000,-0.7148,0.0000,0.6993
249.796,1,6.511,-1.646,-1.795,0.0000,-0.7148,0.0000,0.6993
249.796,1,6.511,-1.646,-1.795,0.0000,-0.7148,0.0000,0.6993
249.796,1,6.511,-1.646,-1.795,0.0000,-0.7148,0.0000,0.6993
249.796,1,6.511,-1.646,-1.795,0.0000,-0.7148,0.0000,0.6993
249.796,1,6.511,-1.646,-1.795,0.0000,-0.7148,0.0000,0.6993
249.796,1,6.511,-1.646,-1.795,0.0000,-0.7148,0.0000,0.6993
249.796,1,6.511,-1.646,-1.795,0.0000,-0.7148,0.0000,0.6993
249.796,1,6.511,-1.646,-1.795,0.0000,-0.7148,0.0000,0.6993
249.796,1,6.511,-1.646,-1.795,0.0000,-0.7148,0.0000,0.6993
249.796,1,6.511,-1.646,-1.795,0.0000,-0.7148,0.0000,0.6993
249.796,1,6.511,-1.646,-1.795,0.0000,-0.7148,0.0000,0.6993
249.796,1,6.511,-1.646,-1.795,0.0000,-0.7148,0.0000,0.6993
249.796,1,6.511,-1.646,-1.795,0.0000,-0.7148,0.0000,0.6993
249.796,1,6.511,-1.646,-1.795,0.0000,-0.7148,0.0000,0.6993
249.796,1,6.511,-1.646,-1.795,0.0000,-0.7148,0.0000,0.6993
249.796,1,6.511,-1.646,-1.795,0.0000,-0.7148,0.0000,0.6993
249.796,1,6.511,-1.646,-1.795,0.0000,-0.7148,0.0000,0.6993
249.796,1,6.511,-1.646,-1.795,0.0000,-0.7148,0.0000,0.6993
249.796,1,6.511,-1.646,-1.795,0.0000,-0.7148,0.0000,0.6993
249.796,1,6.511,-1.646,-1.795,0.0000,-0.7148,0.0000,0.6993
249.796,1,6.511,-1.646,-1.795,0.0000,-0.7148,0.0000,0.6993
249.796,1,6.511,-1.646,-1.795,0.0000,-0.7148,0.0000,0.6993
249.796,1,6.511,-1.646,-1.795,0.0000,-0.7148,0.0000,0.6993
249.796,1,6.511,-1.646,-1.795,0.0000,-0.7148,0.0000,0.6993
249.796,1,6.511,-1.646,-1.795,0.0000,-0.7148,0.0000,0.6993
249.796,1,6.511,-1.646,-1.795,0.0000,-0.7148,0.0000,0.6993
249.796,1,6.511,-1.646,-1.795,0.0000,-0.7148,0.0000,0.6993
249.796,1,6.511,-1.646,-1.795,0.0000,-0.7148,0.0000,0.6993
249.796,1,6.511,-1.646,-1.795,0.0000,-0.7148,0.0000,0.6993
249.796,1,6.511,-1.646,-1.795,0.0000,-0.7148,0.0000,0.6993
249.796,1,6.511,-1.646,-1.795,0.0000,-0.7148,0.0000,0.6993
249.796,1,6.511,-1.646,-1.795,0.0000,-0.7148,0.0000,0.6993
249.796,1,6.511,-1.646,-1.795,0.0000,-0.7148,0.0000,0.6993
249.796,1,6.511,-1.646,-1.795,0.0000,-0.7148,0.0000,0.6993
249.796,1,6.511,-1.646,-1.795,0.0000,-0.7148,0.0000,0.6993
249.796,1,6.511,-1.646,-1.795,0.0000,-0.7148,0.0000,0.6993
249.796,1,6.511,-1.646,-1.795,0.0000,-0.7148,0.0000,0.6993
249.796,1,6.511,-1.646,-1.795,0.0000,-0.7148,0.0000,0.6993
249.796,1,6.511,-1.646,-1.795,0.0000,-0.7148,0.0000,0.6993
249.796,1,6.511,-1.646,-1.795,0.0000,-0.7148,0.0000,0.6993
249.796,1,6.511,-1.646,-1.795,0.0000,-0.7148,0.0000,0.6993
249.796,1,6.511,-1.646,-1.795,0.0000,-0.7148,0.0000,0.6993
249.796,1,6.511,-1.646,-1.795,0.0000,-0.7148,0.0000,0.6993
249.796,1,6.511,-1.646,-1.795,0.0000,-0.7148,0.0000,0.6993
249.796,1,6.511,-1.646,-1.795,0.0000,-0.7148,0.0000,0.6993
249.796,1,6.511,-1.646,-1.795,0.0000,-0.7148,0.0000,0.6993
249.796,1,6.511,-1.646,-1.795,0.0000,-0.7148,0.0000,0.6993
249.796,1,6.511,-1.646,-1.795,0.0000,-0.7148,0.0000,0.6993
249.796,1,6.511,-1.646,-1.795,0.0000,-0.7148,0.0000,0.6993
249.796,1,6.511,-1.646,-1.795,0.0000,-0.7148,0.0000,0.6993
249.796,1,6.511,-1.646,-1.795,0.0000,-0.7148,0.0000,0.6993
249.796,1,6.511,-1.646,-1.795,0.0000,-0.7148,0.0000,0.6993
249.796,1,6.511,-1.646,-1.795,0.0000,-0.7148,0.0000,0.6993
249.796,1,6.511,-1.646,-1.795,0.0000,-0.7148,0.0000,0.6993
249.796,1,6.511,-1.646,-1.795,0.0000,-0.7148,0.0000,0.6993
249.796,1,6.511,-1.646,-1.795,0.0000,-0.7148,0.0000,0.6993
249.796,1,6.511,-1.646,-1.795,0.0000,-0.7148,0.0000,0.6993
249.796,1,6.511,-1.646,-1.795,0.0000,-0.7148,0.0000,0.6993
249.796,1,6.511,-1.646,-1.795,0.0000,-0.7148,0.0000,0.6993
249.796,1,6.511,-1.646,-1.795,0.0000,-0.7148,0.0000,0.6993
249.796,1,6.511,-1.646,-1.795,0.0000,-0.7148,0.0000,0.6993
249.796,1,6.511,-1.646,-1.795,0.0000,-0.7148,0.0000,0.6993
249.796,1,6.511,-1.646,-1.795,0.0000,-0.7148,0.0000,0.6993
249.796,1,6.511,-1.646,-1.795,0.0000,-0.7148,0.0000,0.6993
249.796,1,6.511,-1.646,-1.795,0.0000,-0.7148,0.0000,0.6993
249.796,1,6.511,-1.646,-1.795,0.0000,-0.7148,0.0000,0.6993
249.796,1,6.511,-1.646,-1.795,0.0000,-0.7148,0.0000,0.6993
249.796,1,6.511,-1.646,-1.795,0.0000,-0.7148,0.0000,0.6993
249.796,1,6.511,-1.646,-1.795,0.0000,-0.7148,0.0000,0.6993
249.796,1,6.511,-1.646,-1.795,0.0000,-0.7148,0.0000,0.6993
249.796,1,6.511,-1.646,-1.795,0.0000,-0.7148,0.0000,0.6993
249.796,1,6.511,-1.646,-1.795,0.0000,-0.7148,0.0000,0.6993
249.796,1,6.511,-1.646,-1.795,0.0000,-0.7148,0.0000,0.6993
249.796,1,6.511,-1.646,-1.795,0.0000,-0.7148,0.0000,0.6993
249.796,1,6.511,-1.646,-1.795,0.0000,-0.7148,0.0000,0.6993
249.796,1,6.511,-1.646,-1.795,0.0000,-0.7148,0.0000,0.6993
249.796,1,6.511,-1.646,-1.795,0.0000,-0.7148,0.0000,0.6993
249.796,1,6.511,-1.646,-1.795,0.0000,-0.7148,0.0000,0.6993
249.796,1,6.511,-1.646,-1.795,0.0000,-0.7148,0.0000,0.6993
249.796,1,6.511,-1.646,-1.795,0.0000,-0.7148,0.0000,0.6993
249.796,1,6.511,-1.646,-1.795,0.0000,-0.7148,0.0000,0.6993
249.796,1,6.511,-1.646,-1.795,0.0000,-0.7148,0.0000,0.6993
249.796,1,6.511,-1.646,-1.795,0.0000,-0.7148,0.0000,0.6993
249.796,1,6.511,-1.646,-1.795,0.0000,-0.7148,0.0000,0.6993
249.796,1,6.511,-1.646,-1.795,0.0000,-0.7148,0.0000,0.6993
249.796,1,6.511,-1.646,-1.795,0.0000,-0.7148,0.0000,0.6993
249.796,1,6.511,-1.646,-1.795,0.0000,-0.7148,0.0000,0.6993
249.796,1,6.511,-1.646,-1.795,0.0000,-0.7148,0.0000,0.6993
249.796,1,6.511,-1.646,-1.795,0.0000,-0.7148,0.0000,0.6993
249.796,1,6.511,-1.646,-1.795,0.0000,-0.7148,0.0000,0.6993
249.796,1,6.511,-1.646,-1.795,0.0000,-0.7148,0.0000,0.6993
249.796,1,6.511,-1.646,-1.795,0.0000,-0.7148,0.0000,0.6993
249.796,1,6.511,-1.646,-1.795,0.0000,-0.7148,0.0000,0.6993
249.796,1,6.511,-1.646,-1.795,0.0000,-0.7148,0.0000,0.6993
249.796,1,6.511,-1.646,-1.795,0.0000,-0.7148,0.0000,0.6993
249.796,1,6.511,-1.646,-1.795,0.0000,-0.7148,0.0000,0.6993
249.796,1,6.511,-1.646,-1.795,0.0000,-0.7148,0.0000,0.6993
249.796,1,6.511,-1.646,-1.795,0.0000,-0.7148,0.0000,0.6993
249.796,1,6.511,-1.646,-1.795,0.0000,-0.7148,0.0000,0.6993
249.796,1,6.511,-1.646,-1.795,0.0000,-0.7148,0.0000,0.6993
249.796,1,6.511,-1.646,-1.795,0.0000,-0.7148,0.0000,0.6993
249.796,1,6.511,-1.646,-1.795,0.0000,-0.7148,0.0000,0.6993
249.796,1,6.511,-1.646,-1.795,0.0000,-0.7148,0.0000,0.6993
249.796,1,6.511,-1.646,-1.795,0.0000,-0.7148,0.0000,0.6993
249.796,1,6.511,-1.646,-1.795,0.0000,-0.7148,0.0000,0.6993
249.796,1,6.511,-1.646,-1.795,0.0000,-0.7148,0.0000,0.6993
249.796,1,6.511,-1.646,-1.795,0.0000,-0.7148,0.0000,0.6993
249.796,1,6.511,-1.646,-1.795,0.0000,-0.7148,0.0000,0.6993
249.796,1,6.511,-1.646,-1.795,0.0000,-0.7148,0.0000,0.6993
249.796,1,6.511,-1.646,-1.795,0.0000,-0.7148,0.0000,0.6993
249.796,1,6.511,-1.646,-1.795,0.0000,-0.7148,0.0000,0.6993
249.796,1,6.511,-1.646,-1.795,0.0000,-0.7148,0.0000,0.6993
249.796,1,6.511,-1.646,-1.795,0.0000,-0.7148,0.0000,0.6993
249.796,1,6.511,-1.646,-1.795,0.0000,-0.7148,0.0000,0.6993
249.796,1,6.511,-1.646,-1.795,0.0000,-0.7148,0.0000,0.6993
249.796,1,6.511,-1.646,-1.795,0.0000,-0.7148,0.0000,0.6993
249.796,1,6.511,-1.646,-1.795,0.0000,-0.7148,0.0000,0.6993
249.796,1,6.511,-1.646,-1.795,0.0000,-0.7148,0.0000,0.6993
249.796,1,6.511,-1.646,-1.795,0.0000,-0.7148,0.0000,0.6993
249.796,1,6.511,-1.646,-1.795,0.0000,-0.7148,0.0000,0.6993
249.796,1,6.511,-1.646,-1.795,0.0000,-0.7148,0.0000,0.6993
249.796,1,6.511,-1.646,-1.795,0.0000,-0.7148,0.0000,0.6993
249.796,1,6.511,-1.646,-1.795,0.0000,-0.7148,0.0000,0.6993
249.796,1,6.511,-1.646,-1.795,0.0000,-0.7148,0.0000,0.6993
249.796,1,6.511,-1.646,-1.795,0.0000,-0.7148,0.0000,0.6993
249.796,1,6.511,-1.646,-1.795,0.0000,-0.7148,0.0000,0.6993
249.796,1,6.511,-1.646,-1.795,0.0000,-0.7148,0.0000,0.6993
249.796,1,6.511,-1.646,-1.795,0.0000,-0.7148,0.0000,0.6993
249.796,1,6.511,-1.646,-1.795,0.0000,-0.7148,0.0000,0.6993
249.796,1,6.511,-1.646,-1.795,0.0000,-0.7148,0.0000,0.6993
249.796,1,6.511,-1.646,-1.795,0.0000,-0.7148,0.0000,0.6993
249.796,1,6.511,-1.646,-1.795,0.0000,-0.7148,0.0000,0.6993
249.796,1,6.511,-1.646,-1.795,0.0000,-0.7148,0.0000,0.6993
249.796,1,6.511,-1.646,-1.795,0.0000,-0.7148,0.0000,0.6993
249.796,1,6.511,-1.646,-1.795,0.0000,-0.7148,0.0000,0.6993
249.796,1,6.511,-1.646,-1.795,0.0000,-0.7148,0.0000,0.6993
249.796,1,6.511,-1.646,-1.795,0.0000,-0.7148,0.0000,0.6993
249.796,1,6.511,-1.646,-1.795,0.0000,-0.7148,0.0000,0.6993
249.796,1,6.511,-1.646,-1.795,0.0000,-0.7148,0.0000,0.6993
249.796,1,6.511,-1.646,-1.795,0.0000,-0.7148,0.0000,0.6993
249.796,1,6.511,-1.646,-1.795,0.0000,-0.7148,0.0000,0.6993
249.796,1,6.511,-1.646,-1.795,0.0000,-0.7148,0.0000,0.6993
249.796,1,6.511,-1.646,-1.795,0.0000,-0.7148,0.0000,0.6993
249.796,1,6.511,-1.646,-1.795,0.0000,-0.7148,0.0000,0.6993
249.796,1,6.511,-1.646,-1.795,0.0000,-0.7148,0.0000,0.6993
249.796,1,6.511,-1.646,-1.795,0.0000,-0.7148,0.0000,0.6993
249.796,1,6.511,-1.646,-1.795,0.0000,-0.7148,0.0000,0.6993
249.796,1,6.511,-1.646,-1.795,0.0000,-0.7148,0.0000,0.6993
249.796,1,6.511,-1.646,-1.795,0.0000,-0.7148,0.0000,0.6993
249.796,1,6.511,-1.646,-1.795,0.0000,-0.7148,0.0000,0.6993
249.796,1,6.511,-1.646,-1.795,0.0000,-0.7148,0.0000,0.6993
249.796,1,6.511,-1.646,-1.795,0.0000,-0.7148,0.0000,0.6993
249.796,1,6.511,-1.646,-1.795,0.0000,-0.7148,0.0000,0.6993
249.796,1,6.511,-1.646,-1.795,0.0000,-0.7148,0.0000,0.6993
249.796,1,6.511,-1.646,-1.795,0.0000,-0.7148,0.0000,0.6993
249.796,1,6.511,-1.646,-1.795,0.0000,-0.7148,0.0000,0.6993
249.796,1,6.511,-1.646,-1.795,0.0000,-0.7148,0.0000,0.6993
249.796,1,6.511,-1.646,-1.795,0.0000,-0.7148,0.0000,0.6993
249.796,1,6.511,-1.646,-1.795,0.0000,-0.7148,0.0000,0.6993
249.796,1,6.511,-1.646,-1.795,0.0000,-0.7148,0.0000,0.6993
249.796,1,6.511,-1.646,-1.795,0.0000,-0.7148,0.0000,0.6993
249.796,1,6.511,-1.646,-1.795,0.0000,-0.7148,0.0000,0.6993
249.796,1,6.511,-1.646,-1.795,0.0000,-0.7148,0.0000,0.6993
249.796,1,6.511,-1.646,-1.795,0.0000,-0.7148,0.0000,0.6993
249.796,1,6.511,-1.646,-1.795,0.0000,-0.7148,0.0000,0.6993
249.796,1,6.511,-1.646,-1.795,0.0000,-0.7148,0.0000,0.6993
249.796,1,6.511,-1.646,-1.795,0.0000,-0.7148,0.0000,0.6993
249.796,1,6.511,-1.646,-1.795,0.0000,-0.7148,0.0000,0.6993
249.796,1,6.511,-1.646,-1.795,0.0000,-0.7148,0.0000,0.6993
249.796,1,6.511,-1.646,-1.795,0.0000,-0.7148,0.0000,0.6993
249.796,1,6.511,-1.646,-1.795,0.0000,-0.7148,0.0000,0.6993
249.796,1,6.511,-1.646,-1.795,0.0000,-0.7148,0.0000,0.6993
249.796,1,6.511,-1.646,-1.795,0.0000,-0.7148,0.0000,0.6993
249.796,1,6.511,-1.646,-1.795,0.0000,-0.7148,0.0000,0.6993
249.796,1,6.511,-1.646,-1.795,0.0000,-0.7148,0.0000,0.6993
249.796,1,6.511,-1.646,-1.795,0.0000,-0.7148,0.0000,0.6993
249.796,1,6.511,-1.646,-1.795,0.0000,-0.7148,0.0000,0.6993
249.796,1,6.511,-1.646,-1.795,0.0000,-0.7148,0.0000,0.6993
249.796,1,6.511,-1.646,-1.795,0.0000,-0.7148,0.0000,0.6993
249.796,1,6.511,-1.646,-1.795,0.0000,-0.7148,0.0000,0.6993
249.796,1,6.511,-1.646,-1.795,0.0000,-0.7148,0.0000,0.6993
249.796,1,6.511,-1.646,-1.795,0.0000,-0.7148,0.0000,0.6993
249.796,1,6.511,-1.646,-1.795,0.0000,-0.7148,0.0000,0.6993
249.796,1,6.511,-1.646,-1.795,0.0000,-0.7148,0.0000,0.6993
249.796,1,6.511,-1.646,-1.795,0.0000,-0.7148,0.0000,0.6993
249.796,1,6.511,-1.646,-1.795,0.0000,-0.7148,0.0000,0.6993
249.796,1,6.511,-1.646,-1.795,0.0000,-0.7148,0.0000,0.6993
249.796,1,6.511,-1.646,-1.795,0.0000,-0.7148,0.0000,0.6993
249.796,1,6.511,-1.646,-1.795,0.0000,-0.7148,0.0000,0.6993
249.796,1,6.511,-1.646,-1.795,0.0000,-0.7148,0.0000,0.6993
249.796,1,6.511,-1.646,-1.795,0.0000,-0.7148,0.0000,0.6993
249.796,1,6.511,-1.646,-1.795,0.0000,-0.7148,0.0000,0.6993
249.796,1,6.511,-1.646,-1.795,0.0000,-0.7148,0.0000,0.6993
249.796,1,6.511,-1.646,-1.795,0.0000,-0.7148,0.0000,0.6993
249.796,1,6.511,-1.646,-1.795,0.0000,-0.7148,0.0000,0.6993
249.796,1,6.511,-1.646,-1.795,0.0000,-0.7148,0.0000,0.6993
249.796,1,6.511,-1.646,-1.795,0.0000,-0.7148,0.0000,0.6993
249.796,1,6.511,-1.646,-1.795,0.0000,-0.7148,0.0000,0.6993
249.796,1,6.511,-1.646,-1.795,0.0000,-0.7148,0.0000,0.6993
249.796,1,6.511,-1.646,-1.795,0.0000,-0.7148,0.0000,0.6993
249.796,1,6.511,-1.646,-1.795,0.0000,-0.7148,0.0000,0.6993
249.796,1,6.511,-1.646,-1.795,0.0000,-0.7148,0.0000,0.6993
249.796,1,6.511,-1.646,-1.795,0.0000,-0.7148,0.0000,0.6993
249.796,1,6.511,-1.646,-1.795,0.0000,-0.7148,0.0000,0.6993
249.796,1,6.511,-1.646,-1.795,0.0000,-0.7148,0.0000,0.6993
249.796,1,6.511,-1.646,-1.795,0.0000,-0.7148,0.0000,0.6993
249.796,1,6.511,-1.646,-1.795,0.0000,-0.7148,0.0000,0.6993
249.796,1,6.511,-1.646,-1.795,0.0000,-0.7148,0.0000,0.6993
249.796,1,6.511,-1.646,-1.795,0.0000,-0.7148,0.0000,0.6993
249.796,1,6.511,-1.646,-1.795,0.0000,-0.7148,0.0000,0.6993
249.796,1,6.511,-1.646,-1.795,0.0000,-0.7148,0.0000,0.6993
249.796,1,6.511,-1.646,-1.795,0.0000,-0.7148,0.0000,0.6993
249.796,1,6.511,-1.646,-1.795,0.0000,-0.7148,0.0000,0.6993
249.796,1,6.511,-1.646,-1.795,0.0000,-0.7148,0.0000,0.6993
249.796,1,6.511,-1.646,-1.795,0.0000,-0.7148,0.0000,0.6993
249.796,1,6.511,-1.646,-1.795,0.0000,-0.7148,0.0000,0.6993
249.796,1,6.511,-1.646,-1.795,0.0000,-0.7148,0.0000,0.6993
249.796,1,6.511,-1.646,-1.795,0.0000,-0.7148,0.0000,0.6993
249.796,1,6.511,-1.646,-1.795,0.0000,-0.7148,0.0000,0.6993
249.796,1,6.511,-1.646,-1.795,0.0000,-0.7148,0.0000,0.6993
249.796,1,6.511,-1.646,-1.795,0.0000,-0.7148,0.0000,0.6993
249.796,1,6.511,-1.646,-1.795,0.0000,-0.7148,0.0000,0.6993
249.796,1,6.511,-1.646,-1.795,0.0000,-0.7148,0.0000,0.6993
249.796,1,6.511,-1.646,-1.795,0.0000,-0.7148,0.0000,0.6993
249.796,1,6.511,-1.646,-1.795,0.0000,-0.7148,0.0000,0.6993
249.796,1,6.511,-1.646,-1.795,0.0000,-0.7148,0.0000,0.6993
249.796,1,6.511,-1.646,-1.795,0.0000,-0.7148,0.0000,0.6993
249.796,1,6.511,-1.646,-1.795,0.0000,-0.7148,0.0000,0.6993
249.796,1,6.511,-1.646,-1.795,0.0000,-0.7148,0.0000,0.6993
249.796,1,6.511,-1.646,-1.795,0.0000,-0.7148,0.0000,0.6993
249.796,1,6.511,-1.646,-1.795,0.0000,-0.7148,0.0000,0.6993
249.796,1,6.511,-1.646,-1.795,0.0000,-0.7148,0.0000,0.6993
249.796,1,6.511,-1.646,-1.795,0.0000,-0.7148,0.0000,0.6993
249.796,1,6.511,-1.646,-1.795,0.0000,-0.7148,0.0000,0.6993
249.796,1,6.511,-1.646,-1.795,0.0000,-0.7148,0.0000,0.6993
249.796,1,6.511,-1.646,-1.795,0.0000,-0.7148,0.0000,0.6993
249.796,1,6.511,-1.646,-1.795,0.0000,-0.7148,0.0000,0.6993
249.796,1,6.511,-1.646,-1.795,0.0000,-0.7148,0.0000,0.6993
249.796,1,6.511,-1.646,-1.795,0.0000,-0.7148,0.0000,0.6993
249.796,1,6.511,-1.646,-1.795,0.0000,-0.7148,0.0000,0.6993
249.796,1,6.511,-1.646,-1.795,0.0000,-0.7148,0.0000,0.6993
249.796,1,6.511,-1.646,-1.795,0.0000,-0.7148,0.0000,0.6993
249.796,1,6.511,-1.646,-1.795,0.0000,-0.7148,0.0000,0.6993
249.796,1,6.511,-1.646,-1.795,0.0000,-0.7148,0.0000,0.6993
249.796,1,6.511,-1.646,-1.795,0.0000,-0.7148,0.0000,0.6993
249.796,1,6.511,-1.646,-1.795,0.0000,-0.7148,0.0000,0.6993
249.796,1,6.511,-1.646,-1.795,0.0000,-0.7148,0.0000,0.6993
249.796,1,6.511,-1.646,-1.795,0.0000,-0.7148,0.0000,0.6993
249.796,1,6.511,-1.646,-1.795,0.0000,-0.7148,0.0000,0.6993
249.796,1,6.511,-1.646,-1.795,0.0000,-0.7148,0.0000,0.6993
249.796,1,6.511,-1.646,-1.795,0.0000,-0.7148,0.0000,0.6993
249.796,1,6.511,-1.646,-1.795,0.0000,-0.7148,0.0000,0.6993
249.796,1,6.511,-1.646,-1.795,0.0000,-0.7148,0.0000,0.6993
249.796,1,6.511,-1.646,-1.795,0.0000,-0.7148,0.0000,0.6993
249.796,1,6.511,-1.646,-1.795,0.0000,-0.7148,0.0000,0.6993
249.796,1,6.511,-1.646,-1.795,0.0000,-0.7148,0.0000,0.6993
249.796,1,6.511,-1.646,-1.795,0.0000,-0.7148,0.0000,0.6993
249.796,1,6.511,-1.646,-1.795,0.0000,-0.7148,0.0000,0.6993
249.796,1,6.511,-1.646,-1.795,0.0000,-0.7148,0.0000,0.6993
249.796,1,6.511,-1.646,-1.795,0.0000,-0.7148,0.0000,0.6993
249.796,1,6.511,-1.646,-1.795,0.0000,-0.7148,0.0000,0.6993
249.796,1,6.511,-1.646,-1.795,0.0000,-0.7148,0.0000,0.6993
249.796,1,6.511,-1.646,-1.795,0.0000,-0.7148,0.0000,0.6993
249.796,1,6.511,-1.646,-1.795,0.0000,-0.7148,0.0000,0.6993
249.796,1,6.511,-1.646,-1.795,0.0000,-0.7148,0.0000,0.6993
249.796,1,6.511,-1.646,-1.795,0.0000,-0.7148,0.0000,0.6993
249.796,1,6.511,-1.646,-1.795,0.0000,-0.7148,0.0000,0.6993
249.796,1,6.511,-1.646,-1.795,0.0000,-0.7148,0.0000,0.6993
249.796,1,6.511,-1.646,-1.795,0.0000,-0.7148,0.0000,0.6993
249.796,1,6.511,-1.646,-1.795,0.0000,-0.7148,0.0000,0.6993
249.796,1,6.511,-1.646,-1.795,0.0000,-0.7148,0.0000,0.6993
249.796,1,6.511,-1.646,-1.795,0.0000,-0.7148,0.0000,0.6993
249.796,1,6.511,-1.646,-1.795,0.0000,-0.7148,0.0000,0.6993
249.796,1,6.511,-1.646,-1.795,0.0000,-0.7148,0.0000,0.6993
249.796,1,6.511,-1.646,-1.795,0.0000,-0.7148,0.0000,0.6993
249.796,1,6.511,-1.646,-1.795,0.0000,-0.7148,0.0000,0.6993
249.796,1,6.511,-1.646,-1.795,0.0000,-0.7148,0.0000,0.6993
249.796,1,6.511,-1.646,-1.795,0.0000,-0.7148,0.0000,0.6993
249.796,1,6.511,-1.646,-1.795,0.0000,-0.7148,0.0000,0.6993
249.796,1,6.511,-1.646,-1.795,0.0000,-0.7148,0.0000,0.6993
249.796,1,6.511,-1.646,-1.795,0.0000,-0.7148,0.0000,0.6993
249.796,1,6.511,-1.646,-1.795,0.0000,-0.7148,0.0000,0.6993
249.796,1,6.511,-1.646,-1.795,0.0000,-0.7148,0.0000,0.6993
249.796,1,6.511,-1.646,-1.795,0.0000,-0.7148,0.0000,0.6993
249.796,1,6.511,-1.646,-1.795,0.0000,-0.7148,0.0000,0.6993
249.796,1,6.511,-1.646,-1.795,0.0000,-0.7148,0.0000,0.6993
249.796,1,6.511,-1.646,-1.795,0.0000,-0.7148,0.0000,0.6993
249.796,1,6.511,-1.646,-1.795,0.0000,-0.7148,0.0000,0.6993
249.796,1,6.511,-1.646,-1.795,0.0000,-0.7148,0.0000,0.6993
249.796,1,6.511,-1.646,-1.795,0.0000,-0.7148,0.0000,0.6993
249.796,1,6.511,-1.646,-1.795,0.0000,-0.7148,0.0000,0.6993
249.796,1,6.511,-1.646,-1.795,0.0000,-0.7148,0.0000,0.6993
249.796,1,6.511,-1.646,-1.795,0.0000,-0.7148,0.0000,0.6993
249.796,1,6.511,-1.646,-1.795,0.0000,-0.7148,0.0000,0.6993
249.796,1,6.511,-1.646,-1.795,0.0000,-0.7148,0.0000,0.6993
249.796,1,6.511,-1.646,-1.795,0.0000,-0.7148,0.0000,0.6993
249.796,1,6.511,-1.646,-1.795,0.0000,-0.7148,0.0000,0.6993
249.796,1,6.511,-1.646,-1.795,0.0000,-0.7148,0.0000,0.6993
249.796,1,6.511,-1.646,-1.795,0.0000,-0.7148,0.0000,0.6993
249.796,1,6.511,-1.646,-1.795,0.0000,-0.7148,0.0000,0.6993
249.796,1,6.511,-1.646,-1.795,0.0000,-0.7148,0.0000,0.6993
249.796,1,6.511,-1.646,-1.795,0.0000,-0.7148,0.0000,0.6993
249.796,1,6.511,-1.646,-1.795,0.0000,-0.7148,0.0000,0.6993
249.796,1,6.511,-1.646,-1.795,0.0000,-0.7148,0.0000,0.6993
249.796,1,6.511,-1.646,-1.795,0.0000,-0.7148,0.0000,0.6993
249.796,1,6.511,-1.646,-1.795,0.0000,-0.7148,0.0000,0.6993
249.796,1,6.511,-1.646,-1.795,0.0000,-0.7148,0.0000,0.6993
249.796,1,6.511,-1.646,-1.795,0.0000,-0.7148,0.0000,0.6993
249.796,1,6.511,-1.646,-1.795,0.0000,-0.7148,0.0000,0.6993
249.796,1,6.511,-1.646,-1.795,0.0000,-0.7148,0.0000,0.6993
249.796,1,6.511,-1.646,-1.795,0.0000,-0.7148,0.0000,0.6993
249.796,1,6.511,-1.646,-1.795,0.0000,-0.7148,0.0000,0.6993
249.796,1,6.511,-1.646,-1.795,0.0000,-0.7148,0.0000,0.6993
249.796,1,6.511,-1.646,-1.795,0.0000,-0.7148,0.0000,0.6993
249.796,1,6.511,-1.646,-1.795,0.0000,-0.7148,0.0000,0.6993
249.796,1,6.511,-1.646,-1.795,0.0000,-0.7148,0.0000,0.6993
249.796,1,6.511,-1.646,-1.795,0.0000,-0.7148,0.0000,0.6993
249.796,1,6.511,-1.646,-1.795,0.0000,-0.7148,0.0000,0.6993
249.796,1,6.511,-1.646,-1.795,0.0000,-0.7148,0.0000,0.6993
249.796,1,6.511,-1.646,-1.795,0.0000,-0.7148,0.0000,0.6993
249.796,1,6.511,-1.646,-1.795,0.0000,-0.7148,0.0000,0.6993
249.796,1,6.511,-1.646,-1.795,0.0000,-0.7148,0.0000,0.6993
249.796,1,6.511,-1.646,-1.795,0.0000,-0.7148,0.0000,0.6993
249.796,1,6.511,-1.646,-1.795,0.0000,-0.7148,0.0000,0.6993
249.796,1,6.511,-1.646,-1.795,0.0000,-0.7148,0.0000,0.6993
249.796,1,6.511,-1.646,-1.795,0.0000,-0.7148,0.0000,0.6993
249.796,1,6.511,-1.646,-1.795,0.0000,-0.7148,0.0000,0.6993
249.796,1,6.511,-1.646,-1.795,0.0000,-0.7148,0.0000,0.6993
249.796,1,6.511,-1.646,-1.795,0.0000,-0.7148,0.0000,0.6993
249.796,1,6.511,-1.646,-1.795,0.0000,-0.7148,0.0000,0.6993
249.796,1,6.511,-1.646,-1.795,0.0000,-0.7148,0.0000,0.6993
249.796,1,6.511,-1.646,-1.795,0.0000,-0.7148,0.0000,0.6993
249.796,1,6.511,-1.646,-1.795,0.0000,-0.7148,0.0000,0.6993
249.796,1,6.511,-1.646,-1.795,0.0000,-0.7148,0.0000,0.6993
249.796,1,6.511,-1.646,-1.795,0.0000,-0.7148,0.0000,0.6993
249.796,1,6.511,-1.646,-1.795,0.0000,-0.7148,0.0000,0.6993
249.796,1,6.511,-1.646,-1.795,0.0000,-0.7148,0.0000,0.6993
249.796,1,6.511,-1.646,-1.795,0.0000,-0.7148,0.0000,0.6993
249.796,1,6.511,-1.646,-1.795,0.0000,-0.7148,0.0000,0.6993
249.796,1,6.511,-1.646,-1.795,0.0000,-0.7148,0.0000,0.6993
249.796,1,6.511,-1.646,-1.795,0.0000,-0.7148,0.0000,0.6993
249.796,1,6.511,-1.646,-1.795,0.0000,-0.7148,0.0000,0.6993
249.796,1,6.511,-1.646,-1.795,0.0000,-0.7148,0.0000,0.6993
249.796,1,6.511,-1.646,-1.795,0.0000,-0.7148,0.0000,0.6993
249.796,1,6.511,-1.646,-1.795,0.0000,-0.7148,0.0000,0.6993
249.796,1,6.511,-1.646,-1.795,0.0000,-0.7148,0.0000,0.6993
249.796,1,6.511,-1.646,-1.795,0.0000,-0.7148,0.0000,0.6993
249.796,1,6.511,-1.646,-1.795,0.0000,-0.7148,0.0000,0.6993
249.796,1,6.511,-1.646,-1.795,0.0000,-0.7148,0.0000,0.6993
249.796,1,6.511,-1.646,-1.795,0.0000,-0.7148,0.0000,0.6993
249.796,1,6.511,-1.646,-1.795,0.0000,-0.7148,0.0000,0.6993
249.796,1,6.511,-1.646,-1.795,0.0000,-0.7148,0.0000,0.6993
249.796,1,6.511,-1.646,-1.795,0.0000,-0.7148,0.0000,0.6993
249.796,1,6.511,-1.646,-1.795,0.0000,-0.7148,0.0000,0.6993
249.796,1,6.511,-1.646,-1.795,0.0000,-0.7148,0.0000,0.6993
249.796,1,6.511,-1.646,-1.795,0.0000,-0.7148,0.0000,0.6993
249.796,1,6.511,-1.646,-1.795,0.0000,-0.7148,0.0000,0.6993
249.796,1,6.511,-1.646,-1.795,0.0000,-0.7148,0.0000,0.6993
249.796,1,6.511,-1.646,-1.795,0.0000,-0.7148,0.0000,0.6993
249.796,1,6.511,-1.646,-1.795,0.0000,-0.7148,0.0000,0.6993
249.796,1,6.511,-1.646,-1.795,0.0000,-0.7148,0.0000,0.6993
249.796,1,6.511,-1.646,-1.795,0.0000,-0.7148,0.0000,0.6993
249.796,1,6.511,-1.646,-1.795,0.0000,-0.7148,0.0000,0.6993
249.796,1,6.511,-1.646,-1.795,0.0000,-0.7148,0.0000,0.6993
249.796,1,6.511,-1.646,-1.795,0.0000,-0.7148,0.0000,0.6993
249.796,1,6.511,-1.646,-1.795,0.0000,-0.7148,0.0000,0.6993
249.796,1,6.511,-1.646,-1.795,0.0000,-0.7148,0.0000,0.6993
249.796,1,6.511,-1.646,-1.795,0.0000,-0.7148,0.0000,0.6993
249.796,1,6.511,-1.646,-1.795,0.0000,-0.7148,0.0000,0.6993
249.796,1,6.511,-1.646,-1.795,0.0000,-0.7148,0.0000,0.6993
249.796,1,6.511,-1.646,-1.795,0.0000,-0.7148,0.0000,0.6993
249.796,1,6.511,-1.646,-1.795,0.0000,-0.7148,0.0000,0.6993
249.796,1,6.511,-1.646,-1.795,0.0000,-0.7148,0.0000,0.6993
249.796,1,6.511,-1.646,-1.795,0.0000,-0.7148,0.0000,0.6993
249.796,1,6.511,-1.646,-1.795,0.0000,-0.7148,0.0000,0.6993
249.796,1,6.511,-1.646,-1.795,0.0000,-0.7148,0.0000,0.6993
249.796,1,6.511,-1.646,-1.795,0.0000,-0.7148,0.0000,0.6993
249.796,1,6.511,-1.646,-1.795,0.0000,-0.7148,0.0000,0.6993
249.796,1,6.511,-1.646,-1.795,0.0000,-0.7148,0.0000,0.6993
249.796,1,6.511,-1.646,-1.795,0.0000,-0.7148,0.0000,0.6993
249.796,1,6.511,-1.646,-1.795,0.0000,-0.7148,0.0000,0.6993
249.796,1,6.511,-1.646,-1.795,0.0000,-0.7148,0.0000,0.6993
249.796,1,6.511,-1.646,-1.795,0.0000,-0.7148,0.0000,0.6993
249.796,1,6.511,-1.646,-1.795,0.0000,-0.7148,0.0000,0.6993
249.796,1,6.511,-1.646,-1.795,0.0000,-0.7148,0.0000,0.6993
249.796,1,6.511,-1.646,-1.795,0.0000,-0.7148,0.0000,0.6993
249.796,1,6.511,-1.646,-1.795,0.0000,-0.7148,0.0000,0.6993
249.796,1,6.511,-1.646,-1.795,0.0000,-0.7148,0.0000,0.6993
249.796,1,6.511,-1.646,-1.795,0.0000,-0.7148,0.0000,0.6993
249.796,1,6.511,-1.646,-1.795,0.0000,-0.7148,0.0000,0.6993
249.796,1,6.511,-1.646,-1.795,0.0000,-0.7148,0.0000,0.6993
249.796,1,6.511,-1.646,-1.795,0.0000,-0.7148,0.0000,0.6993
249.796,1,6.511,-1.646,-1.795,0.0000,-0.7148,0.0000,0.6993
249.796,1,6.511,-1.646,-1.795,0.0000,-0.7148,0.0000,0.6993
249.796,1,6.511,-1.646,-1.795,0.0000,-0.7148,0.0000,0.6993
249.796,1,6.511,-1.646,-1.795,0.0000,-0.7148,0.0000,0.6993
249.796,1,6.511,-1.646,-1.795,0.0000,-0.7148,0.0000,0.6993
249.796,1,6.511,-1.646,-1.795,0.0000,-0.7148,0.0000,0.6993
249.796,1,6.511,-1.646,-1.795,0.0000,-0.7148,0.0000,0.6993
249.796,1,6.511,-1.646,-1.795,0.0000,-0.7148,0.0000,0.6993
249.796,1,6.511,-1.646,-1.795,0.0000,-0.7148,0.0000,0.6993
249.796,1,6.511,-1.646,-1.795,0.0000,-0.7148,0.0000,0.6993
249.796,1,6.511,-1.646,-1.795,0.0000,-0.7148,0.0000,0.6993
249.796,1,6.511,-1.646,-1.795,0.0000,-0.7148,0.0000,0.6993
249.796,1,6.511,-1.646,-1.795,0.0000,-0.7148,0.0000,0.6993
249.796,1,6.511,-1.646,-1.795,0.0000,-0.7148,0.0000,0.6993
249.796,1,6.511,-1.646,-1.795,0.0000,-0.7148,0.0000,0.6993
249.796,1,6.511,-1.646,-1.795,0.0000,-0.7148,0.0000,0.6993
249.796,1,6.511,-1.646,-1.795,0.0000,-0.7148,0.0000,0.6993
249.796,1,6.511,-1.646,-1.795,0.0000,-0.7148,0.0000,0.6993
249.796,1,6.511,-1.646,-1.795,0.0000,-0.7148,0.0000,0.6993
249.796,1,6.511,-1.646,-1.795,0.0000,-0.7148,0.0000,0.6993
249.796,1,6.511,-1.646,-1.795,0.0000,-0.7148,0.0000,0.6993
249.796,1,6.511,-1.646,-1.795,0.0000,-0.7148,0.0000,0.6993
249.796,1,6.511,-1.646,-1.795,0.0000,-0.7148,0.0000,0.6993
249.796,1,6.511,-1.646,-1.795,0.0000,-0.7148,0.0000,0.6993
249.796,1,6.511,-1.646,-1.795,0.0000,-0.7148,0.0000,0.6993
249.796,1,6.511,-1.646,-1.795,0.0000,-0.7148,0.0000,0.6993
249.796,1,6.511,-1.646,-1.795,0.0000,-0.7148,0.0000,0.6993
249.796,1,6.511,-1.646,-1.795,0.0000,-0.7148,0.0000,0.6993
249.796,1,6.511,-1.646,-1.795,0.0000,-0.7148,0.0000,0.6993
249.796,1,6.511,-1.646,-1.795,0.0000,-0.7148,0.0000,0.6993
249.796,1,6.511,-1.646,-1.795,0.0000,-0.7148,0.0000,0.6993
249.796,1,6.511,-1.646,-1.795,0.0000,-0.7148,0.0000,0.6993
249.796,1,6.511,-1.646,-1.795,0.0000,-0.7148,0.0000,0.6993
249.796,1,6.511,-1.646,-1.795,0.0000,-0.7148,0.0000,0.6993
249.796,1,6.511,-1.646,-1.795,0.0000,-0.7148,0.0000,0.6993
249.796,1,6.511,-1.646,-1.795,0.0000,-0.7148,0.0000,0.6993
249.796,1,6.511,-1.646,-1.795,0.0000,-0.7148,0.0000,0.6993
249.796,1,6.511,-1.646,-1.795,0.0000,-0.7148,0.0000,0.6993
249.796,1,6.511,-1.646,-1.795,0.0000,-0.7148,0.0000,0.6993
249.796,1,6.511,-1.646,-1.795,0.0000,-0.7148,0.0000,0.6993
249.796,1,6.511,-1.646,-1.795,0.0000,-0.7148,0.0000,0.6993
249.796,1,6.511,-1.646,-1.795,0.0000,-0.7148,0.0000,0.6993
249.796,1,6.511,-1.646,-1.795,0.0000,-0.7148,0.0000,0.6993
249.796,1,6.511,-1.646,-1.795,0.0000,-0.7148,0.0000,0.6993
249.796,1,6.511,-1.646,-1.795,0.0000,-0.7148,0.0000,0.6993
249.796,1,6.511,-1.646,-1.795,0.0000,-0.7148,0.0000,0.6993
249.796,1,6.511,-1.646,-1.795,0.0000,-0.7148,0.0000,0.6993
249.796,1,6.511,-1.646,-1.795,0.0000,-0.7148,0.0000,0.6993
249.796,1,6.511,-1.646,-1.795,0.0000,-0.7148,0.0000,0.6993
249.796,1,6.511,-1.646,-1.795,0.0000,-0.7148,0.0000,0.6993
249.796,1,6.511,-1.646,-1.795,0.0000,-0.7148,0.0000,0.6993
249.796,1,6.511,-1.646,-1.795,0.0000,-0.7148,0.0000,0.6993
249.796,1,6.511,-1.646,-1.795,0.0000,-0.7148,0.0000,0.6993
249.796,1,6.511,-1.646,-1.795,0.0000,-0.7148,0.0000,0.6993
249.796,1,6.511,-1.646,-1.795,0.0000,-0.7148,0.0000,0.6993
249.796,1,6.511,-1.646,-1.795,0.0000,-0.7148,0.0000,0.6993
249.796,1,6.511,-1.646,-1.795,0.0000,-0.7148,0.0000,0.6993
249.796,1,6.511,-1.646,-1.795,0.0000,-0.7148,0.0000,0.6993
249.796,1,6.511,-1.646,-1.795,0.0000,-0.7148,0.0000,0.6993
249.796,1,6.511,-1.646,-1.795,0.0000,-0.7148,0.0000,0.6993
249.796,1,6.511,-1.646,-1.795,0.0000,-0.7148,0.0000,0.6993
249.796,1,6.511,-1.646,-1.795,0.0000,-0.7148,0.0000,0.6993
249.796,1,6.511,-1.646,-1.795,0.0000,-0.7148,0.0000,0.6993
249.796,1,6.511,-1.646,-1.795,0.0000,-0.7148,0.0000,0.6993
249.796,1,6.511,-1.646,-1.795,0.0000,-0.7148,0.0000,0.6993
249.796,1,6.511,-1.646,-1.795,0.0000,-0.7148,0.0000,0.6993
249.796,1,6.511,-1.646,-1.795,0.0000,-0.7148,0.0000,0.6993
249.796,1,6.511,-1.646,-1.795,0.0000,-0.7148,0.0000,0.6993
249.796,1,6.511,-1.646,-1.795,0.0000,-0.7148,0.0000,0.6993
249.796,1,6.511,-1.646,-1.795,0.0000,-0.7148,0.0000,0.6993
249.796,1,6.511,-1.646,-1.795,0.0000,-0.7148,0.0000,0.6993
249.796,1,6.511,-1.646,-1.795,0.0000,-0.7148,0.0000,0.6993
249.796,1,6.511,-1.646,-1.795,0.0000,-0.7148,0.0000,0.6993
249.796,1,6.511,-1.646,-1.795,0.0000,-0.7148,0.0000,0.6993
249.796,1,6.511,-1.646,-1.795,0.0000,-0.7148,0.0000,0.6993
249.796,1,6.511,-1.646,-1.795,0.0000,-0.7148,0.0000,0.6993
249.796,1,6.511,-1.646,-1.795,0.0000,-0.7148,0.0000,0.6993
249.796,1,6.511,-1.646,-1.795,0.0000,-0.7148,0.0000,0.6993
249.796,1,6.511,-1.646,-1.795,0.0000,-0.7148,0.0000,0.6993
249.796,1,6.511,-1.646,-1.795,0.0000,-0.7148,0.0000,0.6993
249.796,1,6.511,-1.646,-1.795,0.0000,-0.7148,0.0000,0.6993
249.796,1,6.511,-1.646,-1.795,0.0000,-0.7148,0.0000,0.6993
249.796,1,6.511,-1.646,-1.795,0.0000,-0.7148,0.0000,0.6993
249.796,1,6.511,-1.646,-1.795,0.0000,-0.7148,0.0000,0.6993
249.796,1,6.511,-1.646,-1.795,0.0000,-0.7148,0.0000,0.6993
249.796,1,6.511,-1.646,-1.795,0.0000,-0.7148,0.0000,0.6993
249.796,1,6.511,-1.646,-1.795,0.0000,-0.7148,0.0000,0.6993
249.796,1,6.511,-1.646,-1.795,0.0000,-0.7148,0.0000,0.6993
249.796,1,6.511,-1.646,-1.795,0.0000,-0.7148,0.0000,0.6993
249.796,1,6.511,-1.646,-1.795,0.0000,-0.7148,0.0000,0.6993
249.796,1,6.511,-1.646,-1.795,0.0000,-0.7148,0.0000,0.6993
249.796,1,6.511,-1.646,-1.795,0.0000,-0.7148,0.0000,0.6993
249.796,1,6.511,-1.646,-1.795,0.0000,-0.7148,0.0000,0.6993
249.796,1,6.511,-1.646,-1.795,0.0000,-0.7148,0.0000,0.6993
249.796,1,6.511,-1.646,-1.795,0.0000,-0.7148,0.0000,0.6993
249.796,1,6.511,-1.646,-1.795,0.0000,-0.7148,0.0000,0.6993
249.796,1,6.511,-1.646,-1.795,0.0000,-0.7148,0.0000,0.6993
249.796,1,6.511,-1.646,-1.795,0.0000,-0.7148,0.0000,0.6993
249.796,1,6.511,-1.646,-1.795,0.0000,-0.7148,0.0000,0.6993
249.796,1,6.511,-1.646,-1.795,0.0000,-0.7148,0.0000,0.6993
249.796,1,6.511,-1.646,-1.795,0.0000,-0.7148,0.0000,0.6993
249.796,1,6.511,-1.646,-1.795,0.0000,-0.7148,0.0000,0.6993
249.796,1,6.511,-1.646,-1.795,0.0000,-0.7148,0.0000,0.6993
249.796,1,6.511,-1.646,-1.795,0.0000,-0.7148,0.0000,0.6993
249.796,1,6.511,-1.646,-1.795,0.0000,-0.7148,0.0000,0.6993
249.796,1,6.511,-1.646,-1.795,0.0000,-0.7148,0.0000,0.6993
249.796,1,6.511,-1.646,-1.795,0.0000,-0.7148,0.0000,0.6993
249.796,1,6.511,-1.646,-1.795,0.0000,-0.7148,0.0000,0.6993
249.796,1,6.511,-1.646,-1.795,0.0000,-0.7148,0.0000,0.6993
249.796,1,6.511,-1.646,-1.795,0.0000,-0.7148,0.0000,0.6993
249.796,1,6.511,-1.646,-1.795,0.0000,-0.7148,0.0000,0.6993
249.796,1,6.511,-1.646,-1.795,0.0000,-0.7148,0.0000,0.6993
249.796,1,6.511,-1.646,-1.795,0.0000,-0.7148,0.0000,0.6993
249.796,1,6.511,-1.646,-1.795,0.0000,-0.7148,0.0000,0.6993
249.796,1,6.511,-1.646,-1.795,0.0000,-0.7148,0.0000,0.6993
249.796,1,6.511,-1.646,-1.795,0.0000,-0.7148,0.0000,0.6993
249.796,1,6.511,-1.646,-1.795,0.0000,-0.7148,0.0000,0.6993
249.796,1,6.511,-1.646,-1.795,0.0000,-0.7148,0.0000,0.6993
249.796,1,6.511,-1.646,-1.795,0.0000,-0.7148,0.0000,0.6993
249.796,1,6.511,-1.646,-1.795,0.0000,-0.7148,0.0000,0.6993
249.796,1,6.511,-1.646,-1.795,0.0000,-0.7148,0.0000,0.6993
249.796,1,6.511,-1.646,-1.795,0.0000,-0.7148,0.0000,0.6993
249.796,1,6.511,-1.646,-1.795,0.0000,-0.7148,0.0000,0.6993
249.796,1,6.511,-1.646,-1.795,0.0000,-0.7148,0.0000,0.6993
249.796,1,6.511,-1.646,-1.795,0.0000,-0.7148,0.0000,0.6993
249.796,1,6.511,-1.646,-1.795,0.0000,-0.7148,0.0000,0.6993
249.796,1,6.511,-1.646,-1.795,0.0000,-0.7148,0.0000,0.6993
249.796,1,6.511,-1.646,-1.795,0.0000,-0.7148,0.0000,0.6993
249.796,1,6.511,-1.646,-1.795,0.0000,-0.7148,0.0000,0.6993
249.796,1,6.511,-1.646,-1.795,0.0000,-0.7148,0.0000,0.6993
249.796,1,6.511,-1.646,-1.795,0.0000,-0.7148,0.0000,0.6993
249.796,1,6.511,-1.646,-1.795,0.0000,-0.7148,0.0000,0.6993
249.796,1,6.511,-1.646,-1.795,0.0000,-0.7148,0.0000,0.6993
249.796,1,6.511,-1.646,-1.795,0.0000,-0.7148,0.0000,0.6993
249.796,1,6.511,-1.646,-1.795,0.0000,-0.7148,0.0000,0.6993
249.796,1,6.511,-1.646,-1.795,0.0000,-0.7148,0.0000,0.6993
249.796,1,6.511,-1.646,-1.795,0.0000,-0.7148,0.0000,0.6993
249.796,1,6.511,-1.646,-1.795,0.0000,-0.7148,0.0000,0.6993
249.796,1,6.511,-1.646,-1.795,0.0000,-0.7148,0.0000,0.6993
249.796,1,6.511,-1.646,-1.795,0.0000,-0.7148,0.0000,0.6993
249.796,1,6.511,-1.646,-1.795,0.0000,-0.7148,0.0000,0.6993
249.796,1,6.511,-1.646,-1.795,0.0000,-0.7148,0.0000,0.6993
249.796,1,6.511,-1.646,-1.795,0.0000,-0.7148,0.0000,0.6993
249.796,1,6.511,-1.646,-1.795,0.0000,-0.7148,0.0000,0.6993
249.796,1,6.511,-1.646,-1.795,0.0000,-0.7148,0.0000,0.6993
249.796,1,6.511,-1.646,-1.795,0.0000,-0.7148,0.0000,0.6993
249.796,1,6.511,-1.646,-1.795,0.0000,-0.7148,0.0000,0.6993
249.796,1,6.511,-1.646,-1.795,0.0000,-0.7148,0.0000,0.6993
249.796,1,6.511,-1.646,-1.795,0.0000,-0.7148,0.0000,0.6993
249.796,1,6.511,-1.646,-1.795,0.0000,-0.7148,0.0000,0.6993
249.796,1,6.511,-1.646,-1.795,0.0000,-0.7148,0.0000,0.6993
249.796,1,6.511,-1.646,-1.795,0.0000,-0.7148,0.0000,0.6993
249.796,1,6.511,-1.646,-1.795,0.0000,-0.7148,0.0000,0.6993
249.796,1,6.511,-1.646,-1.795,0.0000,-0.7148,0.0000,0.6993
249.796,1,6.511,-1.646,-1.795,0.0000,-0.7148,0.0000,0.6993
249.796,1,6.511,-1.646,-1.795,0.0000,-0.7148,0.0000,0.6993
249.796,1,6.511,-1.646,-1.795,0.0000,-0.7148,0.0000,0.6993
249.796,1,6.511,-1.646,-1.795,0.0000,-0.7148,0.0000,0.6993
249.796,1,6.511,-1.646,-1.795,0.0000,-0.7148,0.0000,0.6993
249.796,1,6.511,-1.646,-1.795,0.0000,-0.7148,0.0000,0.6993
249.796,1,6.511,-1.646,-1.795,0.0000,-0.7148,0.0000,0.6993
249.796,1,6.511,-1.646,-1.795,0.0000,-0.7148,0.0000,0.6993
249.796,1,6.511,-1.646,-1.795,0.0000,-0.7148,0.0000,0.6993
249.796,1,6.511,-1.646,-1.795,0.0000,-0.7148,0.0000,0.6993
249.796,1,6.511,-1.646,-1.795,0.0000,-0.7148,0.0000,0.6993
249.796,1,6.511,-1.646,-1.795,0.0000,-0.7148,0.0000,0.6993
249.796,1,6.511,-1.646,-1.795,0.0000,-0.7148,0.0000,0.6993
249.796,1,6.511,-1.646,-1.795,0.0000,-0.7148,0.0000,0.6993
249.796,1,6.511,-1.646,-1.795,0.0000,-0.7148,0.0000,0.6993
249.796,1,6.511,-1.646,-1.795,0.0000,-0.7148,0.0000,0.6993
249.796,1,6.511,-1.646,-1.795,0.0000,-0.7148,0.0000,0.6993
249.796,1,6.511,-1.646,-1.795,0.0000,-0.7148,0.0000,0.6993
249.796,1,6.511,-1.646,-1.795,0.0000,-0.7148,0.0000,0.6993
249.796,1,6.511,-1.646,-1.795,0.0000,-0.7148,0.0000,0.6993
249.796,1,6.511,-1.646,-1.795,0.0000,-0.7148,0.0000,0.6993
249.796,1,6.511,-1.646,-1.795,0.0000,-0.7148,0.0000,0.6993
249.796,1,6.511,-1.646,-1.795,0.0000,-0.7148,0.0000,0.6993
249.796,1,6.511,-1.646,-1.795,0.0000,-0.7148,0.0000,0.6993
249.796,1,6.511,-1.646,-1.795,0.0000,-0.7148,0.0000,0.6993
249.796,1,6.511,-1.646,-1.795,0.0000,-0.7148,0.0000,0.6993
249.796,1,6.511,-1.646,-1.795,0.0000,-0.7148,0.0000,0.6993
249.796,1,6.511,-1.646,-1.795,0.0000,-0.7148,0.0000,0.6993
249.796,1,6.511,-1.646,-1.795,0.0000,-0.7148,0.0000,0.6993
249.796,1,6.511,-1.646,-1.795,0.0000,-0.7148,0.0000,0.6993
249.796,1,6.511,-1.646,-1.795,0.0000,-0.7148,0.0000,0.6993
249.796,1,6.511,-1.646,-1.795,0.0000,-0.7148,0.0000,0.6993
249.796,1,6.511,-1.646,-1.795,0.0000,-0.7148,0.0000,0.6993
249.796,1,6.511,-1.646,-1.795,0.0000,-0.7148,0.0000,0.6993
249.796,1,6.511,-1.646,-1.795,0.0000,-0.7148,0.0000,0.6993
249.796,1,6.511,-1.646,-1.795,0.0000,-0.7148,0.0000,0.6993
249.796,1,6.511,-1.646,-1.795,0.0000,-0.7148,0.0000,0.6993
249.796,1,6.511,-1.646,-1.795,0.0000,-0.7148,0.0000,0.6993
249.796,1,6.511,-1.646,-1.795,0.0000,-0.7148,0.0000,0.6993
249.796,1,6.511,-1.646,-1.795,0.0000,-0.7148,0.0000,0.6993
249.796,1,6.511,-1.646,-1.795,0.0000,-0.7148,0.0000,0.6993
249.796,1,6.511,-1.646,-1.795,0.0000,-0.7148,0.0000,0.6993
249.796,1,6.511,-1.646,-1.795,0.0000,-0.7148,0.0000,0.6993
249.796,1,6.511,-1.646,-1.795,0.0000,-0.7148,0.0000,0.6993
249.796,1,6.511,-1.646,-1.795,0.0000,-0.7148,0.0000,0.6993
249.796,1,6.511,-1.646,-1.795,0.0000,-0.7148,0.0000,0.6993
249.796,1,6.511,-1.646,-1.795,0.0000,-0.7148,0.0000,0.6993
249.796,1,6.511,-1.646,-1.795,0.0000,-0.7148,0.0000,0.6993
249.796,1,6.511,-1.646,-1.795,0.0000,-0.7148,0.0000,0.6993
249.796,1,6.511,-1.646,-1.795,0.0000,-0.7148,0.0000,0.6993
249.796,1,6.511,-1.646,-1.795,0.0000,-0.7148,0.0000,0.6993
249.796,1,6.511,-1.646,-1.795,0.0000,-0.7148,0.0000,0.6993
249.796,1,6.511,-1.646,-1.795,0.0000,-0.7148,0.0000,0.6993
249.796,1,6.511,-1.646,-1.795,0.0000,-0.7148,0.0000,0.6993
249.796,1,6.511,-1.646,-1.795,0.0000,-0.7148,0.0000,0.6993
249.796,1,6.511,-1.646,-1.795,0.0000,-0.7148,0.0000,0.6993
249.796,1,6.511,-1.646,-1.795,0.0000,-0.7148,0.0000,0.6993
249.796,1,6.511,-1.646,-1.795,0.0000,-0.7148,0.0000,0.6993
249.796,1,6.511,-1.646,-1.795,0.0000,-0.7148,0.0000,0.6993
249.796,1,6.511,-1.646,-1.795,0.0000,-0.7148,0.0000,0.6993
249.796,1,6.511,-1.646,-1.795,0.0000,-0.7148,0.0000,0.6993
249.796,1,6.511,-1.646,-1.795,0.0000,-0.7148,0.0000,0.6993
249.796,1,6.511,-1.646,-1.795,0.0000,-0.7148,0.0000,0.6993
249.796,1,6.511,-1.646,-1.795,0.0000,-0.7148,0.0000,0.6993
249.796,1,6.511,-1.646,-1.795,0.0000,-0.7148,0.0000,0.6993
249.796,1,6.511,-1.646,-1.795,0.0000,-0.7148,0.0000,0.6993
249.796,1,6.511,-1.646,-1.795,0.0000,-0.7148,0.0000,0.6993
249.796,1,6.511,-1.646,-1.795,0.0000,-0.7148,0.0000,0.6993
249.796,1,6.511,-1.646,-1.795,0.0000,-0.7148,0.0000,0.6993
249.796,1,6.511,-1.646,-1.795,0.0000,-0.7148,0.0000,0.6993
249.796,1,6.511,-1.646,-1.795,0.0000,-0.7148,0.0000,0.6993
249.796,1,6.511,-1.646,-1.795,0.0000,-0.7148,0.0000,0.6993
249.796,1,6.511,-1.646,-1.795,0.0000,-0.7148,0.0000,0.6993
249.796,1,6.511,-1.646,-1.795,0.0000,-0.7148,0.0000,0.6993
249.796,1,6.511,-1.646,-1.795,0.0000,-0.7148,0.0000,0.6993
249.796,1,6.511,-1.646,-1.795,0.0000,-0.7148,0.0000,0.6993
249.796,1,6.511,-1.646,-1.795,0.0000,-0.7148,0.0000,0.6993
249.796,1,6.511,-1.646,-1.795,0.0000,-0.7148,0.0000,0.6993
249.796,1,6.511,-1.646,-1.795,0.0000,-0.7148,0.0000,0.6993
249.796,1,6.511,-1.646,-1.795,0.0000,-0.7148,0.0000,0.6993
249.796,1,6.511,-1.646,-1.795,0.0000,-0.7148,0.0000,0.6993
249.796,1,6.511,-1.646,-1.795,0.0000,-0.7148,0.0000,0.6993
249.796,1,6.511,-1.646,-1.795,0.0000,-0.7148,0.0000,0.6993
249.796,1,6.511,-1.646,-1.795,0.0000,-0.7148,0.0000,0.6993
249.796,1,6.511,-1.646,-1.795,0.0000,-0.7148,0.0000,0.6993
249.796,1,6.511,-1.646,-1.795,0.0000,-0.7148,0.0000,0.6993
249.796,1,6.511,-1.646,-1.795,0.0000,-0.7148,0.0000,0.6993
249.796,1,6.511,-1.646,-1.795,0.0000,-0.7148,0.0000,0.6993
249.796,1,6.511,-1.646,-1.795,0.0000,-0.7148,0.0000,0.6993
249.796,1,6.511,-1.646,-1.795,0.0000,-0.7148,0.0000,0.6993
249.796,1,6.511,-1.646,-1.795,0.0000,-0.7148,0.0000,0.6993
249.796,1,6.511,-1.646,-1.795,0.0000,-0.7148,0.0000,0.6993
249.796,1,6.511,-1.646,-1.795,0.0000,-0.7148,0.0000,0.6993
249.796,1,6.511,-1.646,-1.795,0.0000,-0.7148,0.0000,0.6993
249.796,1,6.511,-1.646,-1.795,0.0000,-0.7148,0.0000,0.6993
249.796,1,6.511,-1.646,-1.795,0.0000,-0.7148,0.0000,0.6993
249.796,1,6.511,-1.646,-1.795,0.0000,-0.7148,0.0000,0.6993
249.796,1,6.511,-1.646,-1.795,0.0000,-0.7148,0.0000,0.6993
249.796,1,6.511,-1.646,-1.795,0.0000,-0.7148,0.0000,0.6993
249.796,1,6.511,-1.646,-1.795,0.0000,-0.7148,0.0000,0.6993
249.796,1,6.511,-1.646,-1.795,0.0000,-0.7148,0.0000,0.6993
249.796,1,6.511,-1.646,-1.795,0.0000,-0.7148,0.0000,0.6993
249.796,1,6.511,-1.646,-1.795,0.0000,-0.7148,0.0000,0.6993
249.796,1,6.511,-1.646,-1.795,0.0000,-0.7148,0.0000,0.6993
249.796,1,6.511,-1.646,-1.795,0.0000,-0.7148,0.0000,0.6993
249.796,1,6.511,-1.646,-1.795,0.0000,-0.7148,0.0000,0.6993
249.796,1,6.511,-1.646,-1.795,0.0000,-0.7148,0.0000,0.6993
249.796,1,6.511,-1.646,-1.795,0.0000,-0.7148,0.0000,0.6993
249.796,1,6.511,-1.646,-1.795,0.0000,-0.7148,0.0000,0.6993
249.796,1,6.511,-1.646,-1.795,0.0000,-0.7148,0.0000,0.6993
249.796,1,6.511,-1.646,-1.795,0.0000,-0.7148,0.0000,0.6993
249.796,1,6.511,-1.646,-1.795,0.0000,-0.7148,0.0000,0.6993
249.796,1,6.511,-1.646,-1.795,0.0000,-0.7148,0.0000,0.6993
249.796,1,6.511,-1.646,-1.795,0.0000,-0.7148,0.0000,0.6993
249.796,1,6.511,-1.646,-1.795,0.0000,-0.7148,0.0000,0.6993
249.796,1,6.511,-1.646,-1.795,0.0000,-0.7148,0.0000,0.6993
249.796,1,6.511,-1.646,-1.795,0.0000,-0.7148,0.0000,0.6993
249.796,1,6.511,-1.646,-1.795,0.0000,-0.7148,0.0000,0.6993
249.796,1,6.511,-1.646,-1.795,0.0000,-0.7148,0.0000,0.6993
249.796,1,6.511,-1.646,-1.795,0.0000,-0.7148,0.0000,0.6993
249.796,1,6.511,-1.646,-1.795,0.0000,-0.7148,0.0000,0.6993
249.796,1,6.511,-1.646,-1.795,0.0000,-0.7148,0.0000,0.6993
249.796,1,6.511,-1.646,-1.795,0.0000,-0.7148,0.0000,0.6993
249.796,1,6.511,-1.646,-1.795,0.0000,-0.7148,0.0000,0.6993
249.796,1,6.511,-1.646,-1.795,0.0000,-0.7148,0.0000,0.6993
249.796,1,6.511,-1.646,-1.795,0.0000,-0.7148,0.0000,0.6993
249.796,1,6.511,-1.646,-1.795,0.0000,-0.7148,0.0000,0.6993
249.796,1,6.511,-1.646,-1.795,0.0000,-0.7148,0.0000,0.6993
249.796,1,6.511,-1.646,-1.795,0.0000,-0.7148,0.0000,0.6993
249.796,1,6.511,-1.646,-1.795,0.0000,-0.7148,0.0000,0.6993
249.796,1,6.511,-1.646,-1.795,0.0000,-0.7148,0.0000,0.6993
249.796,1,6.511,-1.646,-1.795,0.0000,-0.7148,0.0000,0.6993
249.796,1,6.511,-1.646,-1.795,0.0000,-0.7148,0.0000,0.6993
249.796,1,6.511,-1.646,-1.795,0.0000,-0.7148,0.0000,0.6993
249.796,1,6.511,-1.646,-1.795,0.0000,-0.7148,0.0000,0.6993
249.796,1,6.511,-1.646,-1.795,0.0000,-0.7148,0.0000,0.6993
249.796,1,6.511,-1.646,-1.795,0.0000,-0.7148,0.0000,0.6993
249.796,1,6.511,-1.646,-1.795,0.0000,-0.7148,0.0000,0.6993
249.796,1,6.511,-1.646,-1.795,0.0000,-0.7148,0.0000,0.6993
249.796,1,6.511,-1.646,-1.795,0.0000,-0.7148,0.0000,0.6993
249.796,1,6.511,-1.646,-1.795,0.0000,-0.7148,0.0000,0.6993
249.796,1,6.511,-1.646,-1.795,0.0000,-0.7148,0.0000,0.6993
249.796,1,6.511,-1.646,-1.795,0.0000,-0.7148,0.0000,0.6993
249.796,1,6.511,-1.646,-1.795,0.0000,-0.7148,0.0000,0.6993
249.796,1,6.511,-1.646,-1.795,0.0000,-0.7148,0.0000,0.6993
249.796,1,6.511,-1.646,-1.795,0.0000,-0.7148,0.0000,0.6993
249.796,1,6.511,-1.646,-1.795,0.0000,-0.7148,0.0000,0.6993
249.796,1,6.511,-1.646,-1.795,0.0000,-0.7148,0.0000,0.6993
249.796,1,6.511,-1.646,-1.795,0.0000,-0.7148,0.0000,0.6993
249.796,1,6.511,-1.646,-1.795,0.0000,-0.7148,0.0000,0.6993
249.796,1,6.511,-1.646,-1.795,0.0000,-0.7148,0.0000,0.6993
249.796,1,6.511,-1.646,-1.795,0.0000,-0.7148,0.0000,0.6993
249.796,1,6.511,-1.646,-1.795,0.0000,-0.7148,0.0000,0.6993
249.796,1,6.511,-1.646,-1.795,0.0000,-0.7148,0.0000,0.6993
249.796,1,6.511,-1.646,-1.795,0.0000,-0.7148,0.0000,0.6993
249.796,1,6.511,-1.646,-1.795,0.0000,-0.7148,0.0000,0.6993
249.796,1,6.511,-1.646,-1.795,0.0000,-0.7148,0.0000,0.6993
249.796,1,6.511,-1.646,-1.795,0.0000,-0.7148,0.0000,0.6993
249.796,1,6.511,-1.646,-1.795,0.0000,-0.7148,0.0000,0.6993
249.796,1,6.511,-1.646,-1.795,0.0000,-0.7148,0.0000,0.6993
249.796,1,6.511,-1.646,-1.795,0.0000,-0.7148,0.0000,0.6993
249.796,1,6.511,-1.646,-1.795,0.0000,-0.7148,0.0000,0.6993
249.796,1,6.511,-1.646,-1.795,0.0000,-0.7148,0.0000,0.6993
249.796,1,6.511,-1.646,-1.795,0.0000,-0.7148,0.0000,0.6993
249.796,1,6.511,-1.646,-1.795,0.0000,-0.7148,0.0000,0.6993
249.796,1,6.511,-1.646,-1.795,0.0000,-0.7148,0.0000,0.6993
249.796,1,6.511,-1.646,-1.795,0.0000,-0.7148,0.0000,0.6993
249.796,1,6.511,-1.646,-1.795,0.0000,-0.7148,0.0000,0.6993
249.796,1,6.511,-1.646,-1.795,0.0000,-0.7148,0.0000,0.6993
249.796,1,6.511,-1.646,-1.795,0.0000,-0.7148,0.0000,0.6993
249.796,1,6.511,-1.646,-1.795,0.0000,-0.7148,0.0000,0.6993
249.796,1,6.511,-1.646,-1.795,0.0000,-0.7148,0.0000,0.6993
249.796,1,6.511,-1.646,-1.795,0.0000,-0.7148,0.0000,0.6993
249.796,1,6.511,-1.646,-1.795,0.0000,-0.7148,0.0000,0.6993
249.796,1,6.511,-1.646,-1.795,0.0000,-0.7148,0.0000,0.6993
249.796,1,6.511,-1.646,-1.795,0.0000,-0.7148,0.0000,0.6993
249.796,1,6.511,-1.646,-1.795,0.0000,-0.7148,0.0000,0.6993
249.796,1,6.511,-1.646,-1.795,0.0000,-0.7148,0.0000,0.6993
249.796,1,6.511,-1.646,-1.795,0.0000,-0.7148,0.0000,0.6993
249.796,1,6.511,-1.646,-1.795,0.0000,-0.7148,0.0000,0.6993
249.796,1,6.511,-1.646,-1.795,0.0000,-0.7148,0.0000,0.6993
249.796,1,6.511,-1.646,-1.795,0.0000,-0.7148,0.0000,0.6993
249.796,1,6.511,-1.646,-1.795,0.0000,-0.7148,0.0000,0.6993
249.796,1,6.511,-1.646,-1.795,0.0000,-0.7148,0.0000,0.6993
249.796,1,6.511,-1.646,-1.795,0.0000,-0.7148,0.0000,0.6993
249.796,1,6.511,-1.646,-1.795,0.0000,-0.7148,0.0000,0.6993
249.796,1,6.511,-1.646,-1.795,0.0000,-0.7148,0.0000,0.6993
249.796,1,6.511,-1.646,-1.795,0.0000,-0.7148,0.0000,0.6993
249.796,1,6.511,-1.646,-1.795,0.0000,-0.7148,0.0000,0.6993
249.796,1,6.511,-1.646,-1.795,0.0000,-0.7148,0.0000,0.6993
249.796,1,6.511,-1.646,-1.795,0.0000,-0.7148,0.0000,0.6993
249.796,1,6.511,-1.646,-1.795,0.0000,-0.7148,0.0000,0.6993
249.796,1,6.511,-1.646,-1.795,0.0000,-0.7148,0.0000,0.6993
249.796,1,6.511,-1.646,-1.795,0.0000,-0.7148,0.0000,0.6993
249.796,1,6.511,-1.646,-1.795,0.0000,-0.7148,0.0000,0.6993
249.796,1,6.511,-1.646,-1.795,0.0000,-0.7148,0.0000,0.6993
249.796,1,6.511,-1.646,-1.795,0.0000,-0.7148,0.0000,0.6993
249.796,1,6.511,-1.646,-1.795,0.0000,-0.7148,0.0000,0.6993
249.796,1,6.511,-1.646,-1.795,0.0000,-0.7148,0.0000,0.6993
249.796,1,6.511,-1.646,-1.795,0.0000,-0.7148,0.0000,0.6993
249.796,1,6.511,-1.646,-1.795,0.0000,-0.7148,0.0000,0.6993
249.796,1,6.511,-1.646,-1.795,0.0000,-0.7148,0.0000,0.6993
249.796,1,6.511,-1.646,-1.795,0.0000,-0.7148,0.0000,0.6993
249.796,1,6.511,-1.646,-1.795,0.0000,-0.7148,0.0000,0.6993
249.796,1,6.511,-1.646,-1.795,0.0000,-0.7148,0.0000,0.6993
249.796,1,6.511,-1.646,-1.795,0.0000,-0.7148,0.0000,0.6993
249.796,1,6.511,-1.646,-1.795,0.0000,-0.7148,0.0000,0.6993
249.796,1,6.511,-1.646,-1.795,0.0000,-0.7148,0.0000,0.6993
249.796,1,6.511,-1.646,-1.795,0.0000,-0.7148,0.0000,0.6993
249.796,1,6.511,-1.646,-1.795,0.0000,-0.7148,0.0000,0.6993
249.796,1,6.511,-1.646,-1.795,0.0000,-0.7148,0.0000,0.6993
249.796,1,6.511,-1.646,-1.795,0.0000,-0.7148,0.0000,0.6993
249.796,1,6.511,-1.646,-1.795,0.0000,-0.7148,0.0000,0.6993
249.796,1,6.511,-1.646,-1.795,0.0000,-0.7148,0.0000,0.6993
249.796,1,6.511,-1.646,-1.795,0.0000,-0.7148,0.0000,0.6993
249.796,1,6.511,-1.646,-1.795,0.0000,-0.7148,0.0000,0.6993
249.796,1,6.511,-1.646,-1.795,0.0000,-0.7148,0.0000,0.6993
249.796,1,6.511,-1.646,-1.795,0.0000,-0.7148,0.0000,0.6993
249.796,1,6.511,-1.646,-1.795,0.0000,-0.7148,0.0000,0.6993
249.796,1,6.511,-1.646,-1.795,0.0000,-0.7148,0.0000,0.6993
249.796,1,6.511,-1.646,-1.795,0.0000,-0.7148,0.0000,0.6993
249.796,1,6.511,-1.646,-1.795,0.0000,-0.7148,0.0000,0.6993
249.796,1,6.511,-1.646,-1.795,0.0000,-0.7148,0.0000,0.6993
249.796,1,6.511,-1.646,-1.795,0.0000,-0.7148,0.0000,0.6993
249.796,1,6.511,-1.646,-1.795,0.0000,-0.7148,0.0000,0.6993
249.796,1,6.511,-1.646,-1.795,0.0000,-0.7148,0.0000,0.6993
249.796,1,6.511,-1.646,-1.795,0.0000,-0.7148,0.0000,0.6993
249.796,1,6.511,-1.646,-1.795,0.0000,-0.7148,0.0000,0.6993
249.796,1,6.511,-1.646,-1.795,0.0000,-0.7148,0.0000,0.6993
249.796,1,6.511,-1.646,-1.795,0.0000,-0.7148,0.0000,0.6993
249.796,1,6.511,-1.646,-1.795,0.0000,-0.7148,0.0000,0.6993
249.796,1,6.511,-1.646,-1.795,0.0000,-0.7148,0.0000,0.6993
249.796,1,6.511,-1.646,-1.795,0.0000,-0.7148,0.0000,0.6993
249.796,1,6.511,-1.646,-1.795,0.0000,-0.7148,0.0000,0.6993
249.796,1,6.511,-1.646,-1.795,0.0000,-0.7148,0.0000,0.6993
249.796,1,6.511,-1.646,-1.795,0.0000,-0.7148,0.0000,0.6993
249.796,1,6.511,-1.646,-1.795,0.0000,-0.7148,0.0000,0.6993
249.796,1,6.511,-1.646,-1.795,0.0000,-0.7148,0.0000,0.6993
249.796,1,6.511,-1.646,-1.795,0.0000,-0.7148,0.0000,0.6993
249.796,1,6.511,-1.646,-1.795,0.0000,-0.7148,0.0000,0.6993
249.796,1,6.511,-1.646,-1.795,0.0000,-0.7148,0.0000,0.6993
249.796,1,6.511,-1.646,-1.795,0.0000,-0.7148,0.0000,0.6993
249.796,1,6.511,-1.646,-1.795,0.0000,-0.7148,0.0000,0.6993
249.796,1,6.511,-1.646,-1.795,0.0000,-0.7148,0.0000,0.6993
249.796,1,6.511,-1.646,-1.795,0.0000,-0.7148,0.0000,0.6993
249.796,1,6.511,-1.646,-1.795,0.0000,-0.7148,0.0000,0.6993
249.796,1,6.511,-1.646,-1.795,0.0000,-0.7148,0.0000,0.6993
249.796,1,6.511,-1.646,-1.795,0.0000,-0.7148,0.0000,0.6993
249.796,1,6.511,-1.646,-1.795,0.0000,-0.7148,0.0000,0.6993
249.796,1,6.511,-1.646,-1.795,0.0000,-0.7148,0.0000,0.6993
249.796,1,6.511,-1.646,-1.795,0.0000,-0.7148,0.0000,0.6993
249.796,1,6.511,-1.646,-1.795,0.0000,-0.7148,0.0000,0.6993
249.796,1,6.511,-1.646,-1.795,0.0000,-0.7148,0.0000,0.6993
249.796,1,6.511,-1.646,-1.795,0.0000,-0.7148,0.0000,0.6993
249.796,1,6.511,-1.646,-1.795,0.0000,-0.7148,0.0000,0.6993
249.796,1,6.511,-1.646,-1.795,0.0000,-0.7148,0.0000,0.6993
249.796,1,6.511,-1.646,-1.795,0.0000,-0.7148,0.0000,0.6993
249.796,1,6.511,-1.646,-1.795,0.0000,-0.7148,0.0000,0.6993
249.796,1,6.511,-1.646,-1.795,0.0000,-0.7148,0.0000,0.6993
249.796,1,6.511,-1.646,-1.795,0.0000,-0.7148,0.0000,0.6993
249.796,1,6.511,-1.646,-1.795,0.0000,-0.7148,0.0000,0.6993
249.796,1,6.511,-1.646,-1.795,0.0000,-0.7148,0.0000,0.6993
249.796,1,6.511,-1.646,-1.795,0.0000,-0.7148,0.0000,0.6993
249.796,1,6.511,-1.646,-1.795,0.0000,-0.7148,0.0000,0.6993
249.796,1,6.511,-1.646,-1.795,0.0000,-0.7148,0.0000,0.6993
249.796,1,6.511,-1.646,-1.795,0.0000,-0.7148,0.0000,0.6993
249.796,1,6.511,-1.646,-1.795,0.0000,-0.7148,0.0000,0.6993
249.796,1,6.511,-1.646,-1.795,0.0000,-0.7148,0.0000,0.6993
249.796,1,6.511,-1.646,-1.795,0.0000,-0.7148,0.0000,0.6993
249.796,1,6.511,-1.646,-1.795,0.0000,-0.7148,0.0000,0.6993
249.796,1,6.511,-1.646,-1.795,0.0000,-0.7148,0.0000,0.6993
249.796,1,6.511,-1.646,-1.795,0.0000,-0.7148,0.0000,0.6993
249.796,1,6.511,-1.646,-1.795,0.0000,-0.7148,0.0000,0.6993
249.796,1,6.511,-1.646,-1.795,0.0000,-0.7148,0.0000,0.6993
249.796,1,6.511,-1.646,-1.795,0.0000,-0.7148,0.0000,0.6993
249.796,1,6.511,-1.646,-1.795,0.0000,-0.7148,0.0000,0.6993
249.796,1,6.511,-1.646,-1.795,0.0000,-0.7148,0.0000,0.6993
249.796,1,6.511,-1.646,-1.795,0.0000,-0.7148,0.0000,0.6993
249.796,1,6.511,-1.646,-1.795,0.0000,-0.7148,0.0000,0.6993
249.796,1,6.511,-1.646,-1.795,0.0000,-0.7148,0.0000,0.6993
249.796,1,6.511,-1.646,-1.795,0.0000,-0.7148,0.0000,0.6993
249.796,1,6.511,-1.646,-1.795,0.0000,-0.7148,0.0000,0.6993
249.796,1,6.511,-1.646,-1.795,0.0000,-0.7148,0.0000,0.6993
249.796,1,6.511,-1.646,-1.795,0.0000,-0.7148,0.0000,0.6993
249.796,1,6.511,-1.646,-1.795,0.0000,-0.7148,0.0000,0.6993
249.796,1,6.511,-1.646,-1.795,0.0000,-0.7148,0.0000,0.6993
249.796,1,6.511,-1.646,-1.795,0.0000,-0.7148,0.0000,0.6993
249.796,1,6.511,-1.646,-1.795,0.0000,-0.7148,0.0000,0.6993
249.796,1,6.511,-1.646,-1.795,0.0000,-0.7148,0.0000,0.6993
249.796,1,6.511,-1.646,-1.795,0.0000,-0.7148,0.0000,0.6993
249.796,1,6.511,-1.646,-1.795,0.0000,-0.7148,0.0000,0.6993
249.796,1,6.511,-1.646,-1.795,0.0000,-0.7148,0.0000,0.6993
249.796,1,6.511,-1.646,-1.795,0.0000,-0.7148,0.0000,0.6993
249.796,1,6.511,-1.646,-1.795,0.0000,-0.7148,0.0000,0.6993
249.796,1,6.511,-1.646,-1.795,0.0000,-0.7148,0.0000,0.6993
249.796,1,6.511,-1.646,-1.795,0.0000,-0.7148,0.0000,0.6993
249.796,1,6.511,-1.646,-1.795,0.0000,-0.7148,0.0000,0.6993
249.796,1,6.511,-1.646,-1.795,0.0000,-0.7148,0.0000,0.6993
249.796,1,6.511,-1.646,-1.795,0.0000,-0.7148,0.0000,0.6993
249.796,1,6.511,-1.646,-1.795,0.0000,-0.7148,0.0000,0.6993
249.796,1,6.511,-1.646,-1.795,0.0000,-0.7148,0.0000,0.6993
249.796,1,6.511,-1.646,-1.795,0.0000,-0.7148,0.0000,0.6993
249.796,1,6.511,-1.646,-1.795,0.0000,-0.7148,0.0000,0.6993
249.796,1,6.511,-1.646,-1.795,0.0000,-0.7148,0.0000,0.6993
249.796,1,6.511,-1.646,-1.795,0.0000,-0.7148,0.0000,0.6993
249.796,1,6.511,-1.646,-1.795,0.0000,-0.7148,0.0000,0.6993
249.796,1,6.511,-1.646,-1.795,0.0000,-0.7148,0.0000,0.6993
249.796,1,6.511,-1.646,-1.795,0.0000,-0.7148,0.0000,0.6993
249.796,1,6.511,-1.646,-1.795,0.0000,-0.7148,0.0000,0.6993
249.796,1,6.511,-1.646,-1.795,0.0000,-0.7148,0.0000,0.6993
249.796,1,6.511,-1.646,-1.795,0.0000,-0.7148,0.0000,0.6993
249.796,1,6.511,-1.646,-1.795,0.0000,-0.7148,0.0000,0.6993
249.796,1,6.511,-1.646,-1.795,0.0000,-0.7148,0.0000,0.6993
249.796,1,6.511,-1.646,-1.795,0.0000,-0.7148,0.0000,0.6993
249.796,1,6.511,-1.646,-1.795,0.0000,-0.7148,0.0000,0.6993
249.796,1,6.511,-1.646,-1.795,0.0000,-0.7148,0.0000,0.6993
249.796,1,6.511,-1.646,-1.795,0.0000,-0.7148,0.0000,0.6993
249.796,1,6.511,-1.646,-1.795,0.0000,-0.7148,0.0000,0.6993
249.796,1,6.511,-1.646,-1.795,0.0000,-0.7148,0.0000,0.6993
249.796,1,6.511,-1.646,-1.795,0.0000,-0.7148,0.0000,0.6993
249.796,1,6.511,-1.646,-1.795,0.0000,-0.7148,0.0000,0.6993
249.796,1,6.511,-1.646,-1.795,0.0000,-0.7148,0.0000,0.6993
249.796,1,6.511,-1.646,-1.795,0.0000,-0.7148,0.0000,0.6993
249.796,1,6.511,-1.646,-1.795,0.0000,-0.7148,0.0000,0.6993
249.796,1,6.511,-1.646,-1.795,0.0000,-0.7148,0.0000,0.6993
249.796,1,6.511,-1.646,-1.795,0.0000,-0.7148,0.0000,0.6993
249.796,1,6.511,-1.646,-1.795,0.0000,-0.7148,0.0000,0.6993
249.796,1,6.511,-1.646,-1.795,0.0000,-0.7148,0.0000,0.6993
249.796,1,6.511,-1.646,-1.795,0.0000,-0.7148,0.0000,0.6993
249.796,1,6.511,-1.646,-1.795,0.0000,-0.7148,0.0000,0.6993
249.796,1,6.511,-1.646,-1.795,0.0000,-0.7148,0.0000,0.6993
249.796,1,6.511,-1.646,-1.795,0.0000,-0.7148,0.0000,0.6993
249.796,1,6.511,-1.646,-1.795,0.0000,-0.7148,0.0000,0.6993
249.796,1,6.511,-1.646,-1.795,0.0000,-0.7148,0.0000,0.6993
249.796,1,6.511,-1.646,-1.795,0.0000,-0.7148,0.0000,0.6993
249.796,1,6.511,-1.646,-1.795,0.0000,-0.7148,0.0000,0.6993
249.796,1,6.511,-1.646,-1.795,0.0000,-0.7148,0.0000,0.6993
249.796,1,6.511,-1.646,-1.795,0.0000,-0.7148,0.0000,0.6993
249.796,1,6.511,-1.646,-1.795,0.0000,-0.7148,0.0000,0.6993
249.796,1,6.511,-1.646,-1.795,0.0000,-0.7148,0.0000,0.6993
249.796,1,6.511,-1.646,-1.795,0.0000,-0.7148,0.0000,0.6993
249.796,1,6.511,-1.646,-1.795,0.0000,-0.7148,0.0000,0.6993
249.796,1,6.511,-1.646,-1.795,0.0000,-0.7148,0.0000,0.6993
249.796,1,6.511,-1.646,-1.795,0.0000,-0.7148,0.0000,0.6993
249.796,1,6.511,-1.646,-1.795,0.0000,-0.7148,0.0000,0.6993
249.796,1,6.511,-1.646,-1.795,0.0000,-0.7148,0.0000,0.6993
249.796,1,6.511,-1.646,-1.795,0.0000,-0.7148,0.0000,0.6993
249.796,1,6.511,-1.646,-1.795,0.0000,-0.7148,0.0000,0.6993
249.796,1,6.511,-1.646,-1.795,0.0000,-0.7148,0.0000,0.6993
249.796,1,6.511,-1.646,-1.795,0.0000,-0.7148,0.0000,0.6993
249.796,1,6.511,-1.646,-1.795,0.0000,-0.7148,0.0000,0.6993
249.796,1,6.511,-1.646,-1.795,0.0000,-0.7148,0.0000,0.6993
249.796,1,6.511,-1.646,-1.795,0.0000,-0.7148,0.0000,0.6993
249.796,1,6.511,-1.646,-1.795,0.0000,-0.7148,0.0000,0.6993
249.796,1,6.511,-1.646,-1.795,0.0000,-0.7148,0.0000,0.6993
249.796,1,6.511,-1.646,-1.795,0.0000,-0.7148,0.0000,0.6993
249.796,1,6.511,-1.646,-1.795,0.0000,-0.7148,0.0000,0.6993
249.796,1,6.511,-1.646,-1.795,0.0000,-0.7148,0.0000,0.6993
249.796,1,6.511,-1.646,-1.795,0.0000,-0.7148,0.0000,0.6993
249.796,1,6.511,-1.646,-1.795,0.0000,-0.7148,0.0000,0.6993
249.796,1,6.511,-1.646,-1.795,0.0000,-0.7148,0.0000,0.6993
249.796,1,6.511,-1.646,-1.795,0.0000,-0.7148,0.0000,0.6993
249.796,1,6.511,-1.646,-1.795,0.0000,-0.7148,0.0000,0.6993
249.796,1,6.511,-1.646,-1.795,0.0000,-0.7148,0.0000,0.6993
249.796,1,6.511,-1.646,-1.795,0.0000,-0.7148,0.0000,0.6993
249.796,1,6.511,-1.646,-1.795,0.0000,-0.7148,0.0000,0.6993
249.796,1,6.511,-1.646,-1.795,0.0000,-0.7148,0.0000,0.6993
249.796,1,6.511,-1.646,-1.795,0.0000,-0.7148,0.0000,0.6993
249.796,1,6.511,-1.646,-1.795,0.0000,-0.7148,0.0000,0.6993
249.796,1,6.511,-1.646,-1.795,0.0000,-0.7148,0.0000,0.6993
249.796,1,6.511,-1.646,-1.795,0.0000,-0.7148,0.0000,0.6993
249.796,1,6.511,-1.646,-1.795,0.0000,-0.7148,0.0000,0.6993
249.796,1,6.511,-1.646,-1.795,0.0000,-0.7148,0.0000,0.6993
249.796,1,6.511,-1.646,-1.795,0.0000,-0.7148,0.0000,0.6993
249.796,1,6.511,-1.646,-1.795,0.0000,-0.7148,0.0000,0.6993
249.796,1,6.511,-1.646,-1.795,0.0000,-0.7148,0.0000,0.6993
249.796,1,6.511,-1.646,-1.795,0.0000,-0.7148,0.0000,0.6993
249.796,1,6.511,-1.646,-1.795,0.0000,-0.7148,0.0000,0.6993
249.796,1,6.511,-1.646,-1.795,0.0000,-0.7148,0.0000,0.6993
249.796,1,6.511,-1.646,-1.795,0.0000,-0.7148,0.0000,0.6993
249.796,1,6.511,-1.646,-1.795,0.0000,-0.7148,0.0000,0.6993
249.796,1,6.511,-1.646,-1.795,0.0000,-0.7148,0.0000,0.6993
249.796,1,6.511,-1.646,-1.795,0.0000,-0.7148,0.0000,0.6993
249.796,1,6.511,-1.646,-1.795,0.0000,-0.7148,0.0000,0.6993
249.796,1,6.511,-1.646,-1.795,0.0000,-0.7148,0.0000,0.6993
249.796,1,6.511,-1.646,-1.795,0.0000,-0.7148,0.0000,0.6993
249.796,1,6.511,-1.646,-1.795,0.0000,-0.7148,0.0000,0.6993
249.796,1,6.511,-1.646,-1.795,0.0000,-0.7148,0.0000,0.6993
249.796,1,6.511,-1.646,-1.795,0.0000,-0.7148,0.0000,0.6993
249.796,1,6.511,-1.646,-1.795,0.0000,-0.7148,0.0000,0.6993
249.796,1,6.511,-1.646,-1.795,0.0000,-0.7148,0.0000,0.6993
249.796,1,6.511,-1.646,-1.795,0.0000,-0.7148,0.0000,0.6993
249.796,1,6.511,-1.646,-1.795,0.0000,-0.7148,0.0000,0.6993
249.796,1,6.511,-1.646,-1.795,0.0000,-0.7148,0.0000,0.6993
249.796,1,6.511,-1.646,-1.795,0.0000,-0.7148,0.0000,0.6993
249.796,1,6.511,-1.646,-1.795,0.0000,-0.7148,0.0000,0.6993
249.796,1,6.511,-1.646,-1.795,0.0000,-0.7148,0.0000,0.6993
249.796,1,6.511,-1.646,-1.795,0.0000,-0.7148,0.0000,0.6993
249.796,1,6.511,-1.646,-1.795,0.0000,-0.7148,0.0000,0.6993
249.796,1,6.511,-1.646,-1.795,0.0000,-0.7148,0.0000,0.6993
249.796,1,6.511,-1.646,-1.795,0.0000,-0.7148,0.0000,0.6993
249.796,1,6.511,-1.646,-1.795,0.0000,-0.7148,0.0000,0.6993
249.796,1,6.511,-1.646,-1.795,0.0000,-0.7148,0.0000,0.6993
249.796,1,6.511,-1.646,-1.795,0.0000,-0.7148,0.0000,0.6993
249.796,1,6.511,-1.646,-1.795,0.0000,-0.7148,0.0000,0.6993
249.796,1,6.511,-1.646,-1.795,0.0000,-0.7148,0.0000,0.6993
249.796,1,6.511,-1.646,-1.795,0.0000,-0.7148,0.0000,0.6993
249.796,1,6.511,-1.646,-1.795,0.0000,-0.7148,0.0000,0.6993
249.796,1,6.511,-1.646,-1.795,0.0000,-0.7148,0.0000,0.6993
249.796,1,6.511,-1.646,-1.795,0.0000,-0.7148,0.0000,0.6993
249.796,1,6.511,-1.646,-1.795,0.0000,-0.7148,0.0000,0.6993
249.796,1,6.511,-1.646,-1.795,0.0000,-0.7148,0.0000,0.6993
249.796,1,6.511,-1.646,-1.795,0.0000,-0.7148,0.0000,0.6993
249.796,1,6.511,-1.646,-1.795,0.0000,-0.7148,0.0000,0.6993
249.796,1,6.511,-1.646,-1.795,0.0000,-0.7148,0.0000,0.6993
249.796,1,6.511,-1.646,-1.795,0.0000,-0.7148,0.0000,0.6993
249.796,1,6.511,-1.646,-1.795,0.0000,-0.7148,0.0000,0.6993
249.796,1,6.511,-1.646,-1.795,0.0000,-0.7148,0.0000,0.6993
249.796,1,6.511,-1.646,-1.795,0.0000,-0.7148,0.0000,0.6993
249.796,1,6.511,-1.646,-1.795,0.0000,-0.7148,0.0000,0.6993
249.796,1,6.511,-1.646,-1.795,0.0000,-0.7148,0.0000,0.6993
249.796,1,6.511,-1.646,-1.795,0.0000,-0.7148,0.0000,0.6993
249.796,1,6.511,-1.646,-1.795,0.0000,-0.7148,0.0000,0.6993
249.796,1,6.511,-1.646,-1.795,0.0000,-0.7148,0.0000,0.6993
249.796,1,6.511,-1.646,-1.795,0.0000,-0.7148,0.0000,0.6993
249.796,1,6.511,-1.646,-1.795,0.0000,-0.7148,0.0000,0.6993
249.796,1,6.511,-1.646,-1.795,0.0000,-0.7148,0.0000,0.6993
249.796,1,6.511,-1.646,-1.795,0.0000,-0.7148,0.0000,0.6993
249.796,1,6.511,-1.646,-1.795,0.0000,-0.7148,0.0000,0.6993
249.796,1,6.511,-1.646,-1.795,0.0000,-0.7148,0.0000,0.6993
249.796,1,6.511,-1.646,-1.795,0.0000,-0.7148,0.0000,0.6993
249.796,1,6.511,-1.646,-1.795,0.0000,-0.7148,0.0000,0.6993
249.796,1,6.511,-1.646,-1.795,0.0000,-0.7148,0.0000,0.6993
249.796,1,6.511,-1.646,-1.795,0.0000,-0.7148,0.0000,0.6993
249.796,1,6.511,-1.646,-1.795,0.0000,-0.7148,0.0000,0.6993
249.796,1,6.511,-1.646,-1.795,0.0000,-0.7148,0.0000,0.6993
249.796,1,6.511,-1.646,-1.795,0.0000,-0.7148,0.0000,0.6993
249.796,1,6.511,-1.646,-1.795,0.0000,-0.7148,0.0000,0.6993
249.796,1,6.511,-1.646,-1.795,0.0000,-0.7148,0.0000,0.6993
249.796,1,6.511,-1.646,-1.795,0.0000,-0.7148,0.0000,0.6993
249.796,1,6.511,-1.646,-1.795,0.0000,-0.7148,0.0000,0.6993
249.796,1,6.511,-1.646,-1.795,0.0000,-0.7148,0.0000,0.6993
249.796,1,6.511,-1.646,-1.795,0.0000,-0.7148,0.0000,0.6993
249.796,1,6.511,-1.646,-1.795,0.0000,-0.7148,0.0000,0.6993
249.796,1,6.511,-1.646,-1.795,0.0000,-0.7148,0.0000,0.6993
249.796,1,6.511,-1.646,-1.795,0.0000,-0.7148,0.0000,0.6993
249.796,1,6.511,-1.646,-1.795,0.0000,-0.7148,0.0000,0.6993
249.796,1,6.511,-1.646,-1.795,0.0000,-0.7148,0.0000,0.6993
249.796,1,6.511,-1.646,-1.795,0.0000,-0.7148,0.0000,0.6993
249.796,1,6.511,-1.646,-1.795,0.0000,-0.7148,0.0000,0.6993
249.796,1,6.511,-1.646,-1.795,0.0000,-0.7148,0.0000,0.6993
249.796,1,6.511,-1.646,-1.795,0.0000,-0.7148,0.0000,0.6993
249.796,1,6.511,-1.646,-1.795,0.0000,-0.7148,0.0000,0.6993
249.796,1,6.511,-1.646,-1.795,0.0000,-0.7148,0.0000,0.6993
249.796,1,6.511,-1.646,-1.795,0.0000,-0.7148,0.0000,0.6993
249.796,1,6.511,-1.646,-1.795,0.0000,-0.7148,0.0000,0.6993
249.796,1,6.511,-1.646,-1.795,0.0000,-0.7148,0.0000,0.6993
249.796,1,6.511,-1.646,-1.795,0.0000,-0.7148,0.0000,0.6993
249.796,1,6.511,-1.646,-1.795,0.0000,-0.7148,0.0000,0.6993
249.796,1,6.511,-1.646,-1.795,0.0000,-0.7148,0.0000,0.6993
249.796,1,6.511,-1.646,-1.795,0.0000,-0.7148,0.0000,0.6993
249.796,1,6.511,-1.646,-1.795,0.0000,-0.7148,0.0000,0.6993
249.796,1,6.511,-1.646,-1.795,0.0000,-0.7148,0.0000,0.6993
249.796,1,6.511,-1.646,-1.795,0.0000,-0.7148,0.0000,0.6993
249.796,1,6.511,-1.646,-1.795,0.0000,-0.7148,0.0000,0.6993
249.796,1,6.511,-1.646,-1.795,0.0000,-0.7148,0.0000,0.6993
249.796,1,6.511,-1.646,-1.795,0.0000,-0.7148,0.0000,0.6993
249.796,1,6.511,-1.646,-1.795,0.0000,-0.7148,0.0000,0.6993
249.796,1,6.511,-1.646,-1.795,0.0000,-0.7148,0.0000,0.6993
249.796,1,6.511,-1.646,-1.795,0.0000,-0.7148,0.0000,0.6993
249.796,1,6.511,-1.646,-1.795,0.0000,-0.7148,0.0000,0.6993
249.796,1,6.511,-1.646,-1.795,0.0000,-0.7148,0.0000,0.6993
249.796,1,6.511,-1.646,-1.795,0.0000,-0.7148,0.0000,0.6993
249.796,1,6.511,-1.646,-1.795,0.0000,-0.7148,0.0000,0.6993
249.796,1,6.511,-1.646,-1.795,0.0000,-0.7148,0.0000,0.6993
249.796,1,6.511,-1.646,-1.795,0.0000,-0.7148,0.0000,0.6993
249.796,1,6.511,-1.646,-1.795,0.0000,-0.7148,0.0000,0.6993
249.796,1,6.511,-1.646,-1.795,0.0000,-0.7148,0.0000,0.6993
249.796,1,6.511,-1.646,-1.795,0.0000,-0.7148,0.0000,0.6993
249.796,1,6.511,-1.646,-1.795,0.0000,-0.7148,0.0000,0.6993
249.796,1,6.511,-1.646,-1.795,0.0000,-0.7148,0.0000,0.6993
249.796,1,6.511,-1.646,-1.795,0.0000,-0.7148,0.0000,0.6993
249.796,1,6.511,-1.646,-1.795,0.0000,-0.7148,0.0000,0.6993
249.796,1,6.511,-1.646,-1.795,0.0000,-0.7148,0.0000,0.6993
249.796,1,6.511,-1.646,-1.795,0.0000,-0.7148,0.0000,0.6993
249.796,1,6.511,-1.646,-1.795,0.0000,-0.7148,0.0000,0.6993
249.796,1,6.511,-1.646,-1.795,0.0000,-0.7148,0.0000,0.6993
249.796,1,6.511,-1.646,-1.795,0.0000,-0.7148,0.0000,0.6993
249.796,1,6.511,-1.646,-1.795,0.0000,-0.7148,0.0000,0.6993
249.796,1,6.511,-1.646,-1.795,0.0000,-0.7148,0.0000,0.6993
249.796,1,6.511,-1.646,-1.795,0.0000,-0.7148,0.0000,0.6993
249.796,1,6.511,-1.646,-1.795,0.0000,-0.7148,0.0000,0.6993
249.796,1,6.511,-1.646,-1.795,0.0000,-0.7148,0.0000,0.6993
249.796,1,6.511,-1.646,-1.795,0.0000,-0.7148,0.0000,0.6993
249.796,1,6.511,-1.646,-1.795,0.0000,-0.7148,0.0000,0.6993
249.796,1,6.511,-1.646,-1.795,0.0000,-0.7148,0.0000,0.6993
249.796,1,6.511,-1.646,-1.795,0.0000,-0.7148,0.0000,0.6993
249.796,1,6.511,-1.646,-1.795,0.0000,-0.7148,0.0000,0.6993
249.796,1,6.511,-1.646,-1.795,0.0000,-0.7148,0.0000,0.6993
249.796,1,6.511,-1.646,-1.795,0.0000,-0.7148,0.0000,0.6993
249.796,1,6.511,-1.646,-1.795,0.0000,-0.7148,0.0000,0.6993
249.796,1,6.511,-1.646,-1.795,0.0000,-0.7148,0.0000,0.6993
249.796,1,6.511,-1.646,-1.795,0.0000,-0.7148,0.0000,0.6993
249.796,1,6.511,-1.646,-1.795,0.0000,-0.7148,0.0000,0.6993
249.796,1,6.511,-1.646,-1.795,0.0000,-0.7148,0.0000,0.6993
249.796,1,6.511,-1.646,-1.795,0.0000,-0.7148,0.0000,0.6993
249.796,1,6.511,-1.646,-1.795,0.0000,-0.7148,0.0000,0.6993
249.796,1,6.511,-1.646,-1.795,0.0000,-0.7148,0.0000,0.6993
249.796,1,6.511,-1.646,-1.795,0.0000,-0.7148,0.0000,0.6993
249.796,1,6.511,-1.646,-1.795,0.0000,-0.7148,0.0000,0.6993
249.796,1,6.511,-1.646,-1.795,0.0000,-0.7148,0.0000,0.6993
249.796,1,6.511,-1.646,-1.795,0.0000,-0.7148,0.0000,0.6993
249.796,1,6.511,-1.646,-1.795,0.0000,-0.7148,0.0000,0.6993
249.796,1,6.511,-1.646,-1.795,0.0000,-0.7148,0.0000,0.6993
249.796,1,6.511,-1.646,-1.795,0.0000,-0.7148,0.0000,0.6993
249.796,1,6.511,-1.646,-1.795,0.0000,-0.7148,0.0000,0.6993
249.796,1,6.511,-1.646,-1.795,0.0000,-0.7148,0.0000,0.6993
249.796,1,6.511,-1.646,-1.795,0.0000,-0.7148,0.0000,0.6993
249.796,1,6.511,-1.646,-1.795,0.0000,-0.7148,0.0000,0.6993
249.796,1,6.511,-1.646,-1.795,0.0000,-0.7148,0.0000,0.6993
249.796,1,6.511,-1.646,-1.795,0.0000,-0.7148,0.0000,0.6993
249.796,1,6.511,-1.646,-1.795,0.0000,-0.7148,0.0000,0.6993
249.796,1,6.511,-1.646,-1.795,0.0000,-0.7148,0.0000,0.6993
249.796,1,6.511,-1.646,-1.795,0.0000,-0.7148,0.0000,0.6993
249.796,1,6.511,-1.646,-1.795,0.0000,-0.7148,0.0000,0.6993
249.796,1,6.511,-1.646,-1.795,0.0000,-0.7148,0.0000,0.6993
249.796,1,6.511,-1.646,-1.795,0.0000,-0.7148,0.0000,0.6993
249.796,1,6.511,-1.646,-1.795,0.0000,-0.7148,0.0000,0.6993
249.796,1,6.511,-1.646,-1.795,0.0000,-0.7148,0.0000,0.6993
249.796,1,6.511,-1.646,-1.795,0.0000,-0.7148,0.0000,0.6993
249.796,1,6.511,-1.646,-1.795,0.0000,-0.7148,0.0000,0.6993
249.796,1,6.511,-1.646,-1.795,0.0000,-0.7148,0.0000,0.6993
249.796,1,6.511,-1.646,-1.795,0.0000,-0.7148,0.0000,0.6993
249.796,1,6.511,-1.646,-1.795,0.0000,-0.7148,0.0000,0.6993
249.796,1,6.511,-1.646,-1.795,0.0000,-0.7148,0.0000,0.6993
249.796,1,6.511,-1.646,-1.795,0.0000,-0.7148,0.0000,0.6993
249.796,1,6.511,-1.646,-1.795,0.0000,-0.7148,0.0000,0.6993
249.796,1,6.511,-1.646,-1.795,0.0000,-0.7148,0.0000,0.6993
249.796,1,6.511,-1.646,-1.795,0.0000,-0.7148,0.0000,0.6993
249.796,1,6.511,-1.646,-1.795,0.0000,-0.7148,0.0000,0.6993
249.796,1,6.511,-1.646,-1.795,0.0000,-0.7148,0.0000,0.6993
249.796,1,6.511,-1.646,-1.795,0.0000,-0.7148,0.0000,0.6993
249.796,1,6.511,-1.646,-1.795,0.0000,-0.7148,0.0000,0.6993
249.796,1,6.511,-1.646,-1.795,0.0000,-0.7148,0.0000,0.6993
249.796,1,6.511,-1.646,-1.795,0.0000,-0.7148,0.0000,0.6993
249.796,1,6.511,-1.646,-1.795,0.0000,-0.7148,0.0000,0.6993
249.796,1,6.511,-1.646,-1.795,0.0000,-0.7148,0.0000,0.6993
249.796,1,6.511,-1.646,-1.795,0.0000,-0.7148,0.0000,0.6993
249.796,1,6.511,-1.646,-1.795,0.0000,-0.7148,0.0000,0.6993
249.796,1,6.511,-1.646,-1.795,0.0000,-0.7148,0.0000,0.6993
249.796,1,6.511,-1.646,-1.795,0.0000,-0.7148,0.0000,0.6993
249.796,1,6.511,-1.646,-1.795,0.0000,-0.7148,0.0000,0.6993
249.796,1,6.511,-1.646,-1.795,0.0000,-0.7148,0.0000,0.6993
249.796,1,6.511,-1.646,-1.795,0.0000,-0.7148,0.0000,0.6993
249.796,1,6.511,-1.646,-1.795,0.0000,-0.7148,0.0000,0.6993
249.796,1,6.511,-1.646,-1.795,0.0000,-0.7148,0.0000,0.6993
249.796,1,6.511,-1.646,-1.795,0.0000,-0.7148,0.0000,0.6993
249.796,1,6.511,-1.646,-1.795,0.0000,-0.7148,0.0000,0.6993
249.796,1,6.511,-1.646,-1.795,0.0000,-0.7148,0.0000,0.6993
249.796,1,6.511,-1.646,-1.795,0.0000,-0.7148,0.0000,0.6993
249.796,1,6.511,-1.646,-1.795,0.0000,-0.7148,0.0000,0.6993
249.796,1,6.511,-1.646,-1.795,0.0000,-0.7148,0.0000,0.6993
249.796,1,6.511,-1.646,-1.795,0.0000,-0.7148,0.0000,0.6993
249.796,1,6.511,-1.646,-1.795,0.0000,-0.7148,0.0000,0.6993
249.796,1,6.511,-1.646,-1.795,0.0000,-0.7148,0.0000,0.6993
249.796,1,6.511,-1.646,-1.795,0.0000,-0.7148,0.0000,0.6993
249.796,1,6.511,-1.646,-1.795,0.0000,-0.7148,0.0000,0.6993
249.796,1,6.511,-1.646,-1.795,0.0000,-0.7148,0.0000,0.6993
249.796,1,6.511,-1.646,-1.795,0.0000,-0.7148,0.0000,0.6993
249.796,1,6.511,-1.646,-1.795,0.0000,-0.7148,0.0000,0.6993
249.796,1,6.511,-1.646,-1.795,0.0000,-0.7148,0.0000,0.6993
249.796,1,6.511,-1.646,-1.795,0.0000,-0.7148,0.0000,0.6993
249.796,1,6.511,-1.646,-1.795,0.0000,-0.7148,0.0000,0.6993
249.796,1,6.511,-1.646,-1.795,0.0000,-0.7148,0.0000,0.6993
249.796,1,6.511,-1.646,-1.795,0.0000,-0.7148,0.0000,0.6993
249.796,1,6.511,-1.646,-1.795,0.0000,-0.7148,0.0000,0.6993
249.796,1,6.511,-1.646,-1.795,0.0000,-0.7148,0.0000,0.6993
249.796,1,6.511,-1.646,-1.795,0.0000,-0.7148,0.0000,0.6993
249.796,1,6.511,-1.646,-1.795,0.0000,-0.7148,0.0000,0.6993
249.796,1,6.511,-1.646,-1.795,0.0000,-0.7148,0.0000,0.6993
249.796,1,6.511,-1.646,-1.795,0.0000,-0.7148,0.0000,0.6993
249.796,1,6.511,-1.646,-1.795,0.0000,-0.7148,0.0000,0.6993
249.796,1,6.511,-1.646,-1.795,0.0000,-0.7148,0.0000,0.6993
249.796,1,6.511,-1.646,-1.795,0.0000,-0.7148,0.0000,0.6993
249.796,1,6.511,-1.646,-1.795,0.0000,-0.7148,0.0000,0.6993
249.796,1,6.511,-1.646,-1.795,0.0000,-0.7148,0.0000,0.6993
249.796,1,6.511,-1.646,-1.795,0.0000,-0.7148,0.0000,0.6993
249.796,1,6.511,-1.646,-1.795,0.0000,-0.7148,0.0000,0.6993
249.796,1,6.511,-1.646,-1.795,0.0000,-0.7148,0.0000,0.6993
249.796,1,6.511,-1.646,-1.795,0.0000,-0.7148,0.0000,0.6993
249.796,1,6.511,-1.646,-1.795,0.0000,-0.7148,0.0000,0.6993
249.796,1,6.511,-1.646,-1.795,0.0000,-0.7148,0.0000,0.6993
249.796,1,6.511,-1.646,-1.795,0.0000,-0.7148,0.0000,0.6993
249.796,1,6.511,-1.646,-1.795,0.0000,-0.7148,0.0000,0.6993
249.796,1,6.511,-1.646,-1.795,0.0000,-0.7148,0.0000,0.6993
249.796,1,6.511,-1.646,-1.795,0.0000,-0.7148,0.0000,0.6993
249.796,1,6.511,-1.646,-1.795,0.0000,-0.7148,0.0000,0.6993
249.796,1,6.511,-1.646,-1.795,0.0000,-0.7148,0.0000,0.6993
249.796,1,6.511,-1.646,-1.795,0.0000,-0.7148,0.0000,0.6993
249.796,1,6.511,-1.646,-1.795,0.0000,-0.7148,0.0000,0.6993
249.796,1,6.511,-1.646,-1.795,0.0000,-0.7148,0.0000,0.6993
249.796,1,6.511,-1.646,-1.795,0.0000,-0.7148,0.0000,0.6993
249.796,1,6.511,-1.646,-1.795,0.0000,-0.7148,0.0000,0.6993
249.796,1,6.511,-1.646,-1.795,0.0000,-0.7148,0.0000,0.6993
249.796,1,6.511,-1.646,-1.795,0.0000,-0.7148,0.0000,0.6993
249.796,1,6.511,-1.646,-1.795,0.0000,-0.7148,0.0000,0.6993
249.796,1,6.511,-1.646,-1.795,0.0000,-0.7148,0.0000,0.6993
249.796,1,6.511,-1.646,-1.795,0.0000,-0.7148,0.0000,0.6993
249.796,1,6.511,-1.646,-1.795,0.0000,-0.7148,0.0000,0.6993
249.796,1,6.511,-1.646,-1.795,0.0000,-0.7148,0.0000,0.6993
249.796,1,6.511,-1.646,-1.795,0.0000,-0.7148,0.0000,0.6993
249.796,1,6.511,-1.646,-1.795,0.0000,-0.7148,0.0000,0.6993
249.796,1,6.511,-1.646,-1.795,0.0000,-0.7148,0.0000,0.6993
249.796,1,6.511,-1.646,-1.795,0.0000,-0.7148,0.0000,0.6993
249.796,1,6.511,-1.646,-1.795,0.0000,-0.7148,0.0000,0.6993
249.796,1,6.511,-1.646,-1.795,0.0000,-0.7148,0.0000,0.6993
249.796,1,6.511,-1.646,-1.795,0.0000,-0.7148,0.0000,0.6993
249.796,1,6.511,-1.646,-1.795,0.0000,-0.7148,0.0000,0.6993
249.796,1,6.511,-1.646,-1.795,0.0000,-0.7148,0.0000,0.6993
249.796,1,6.511,-1.646,-1.795,0.0000,-0.7148,0.0000,0.6993
249.796,1,6.511,-1.646,-1.795,0.0000,-0.7148,0.0000,0.6993
249.796,1,6.511,-1.646,-1.795,0.0000,-0.7148,0.0000,0.6993
249.796,1,6.511,-1.646,-1.795,0.0000,-0.7148,0.0000,0.6993
249.796,1,6.511,-1.646,-1.795,0.0000,-0.7148,0.0000,0.6993
249.796,1,6.511,-1.646,-1.795,0.0000,-0.7148,0.0000,0.6993
249.796,1,6.511,-1.646,-1.795,0.0000,-0.7148,0.0000,0.6993
249.796,1,6.511,-1.646,-1.795,0.0000,-0.7148,0.0000,0.6993
249.796,1,6.511,-1.646,-1.795,0.0000,-0.7148,0.0000,0.6993
249.796,1,6.511,-1.646,-1.795,0.0000,-0.7148,0.0000,0.6993
249.796,1,6.511,-1.646,-1.795,0.0000,-0.7148,0.0000,0.6993
249.796,1,6.511,-1.646,-1.795,0.0000,-0.7148,0.0000,0.6993
249.796,1,6.511,-1.646,-1.795,0.0000,-0.7148,0.0000,0.6993
249.796,1,6.511,-1.646,-1.795,0.0000,-0.7148,0.0000,0.6993
249.796,1,6.511,-1.646,-1.795,0.0000,-0.7148,0.0000,0.6993
249.796,1,6.511,-1.646,-1.795,0.0000,-0.7148,0.0000,0.6993
249.796,1,6.511,-1.646,-1.795,0.0000,-0.7148,0.0000,0.6993
249.796,1,6.511,-1.646,-1.795,0.0000,-0.7148,0.0000,0.6993
249.796,1,6.511,-1.646,-1.795,0.0000,-0.7148,0.0000,0.6993
249.796,1,6.511,-1.646,-1.795,0.0000,-0.7148,0.0000,0.6993
249.796,1,6.511,-1.646,-1.795,0.0000,-0.7148,0.0000,0.6993
249.796,1,6.511,-1.646,-1.795,0.0000,-0.7148,0.0000,0.6993
249.796,1,6.511,-1.646,-1.795,0.0000,-0.7148,0.0000,0.6993
249.796,1,6.511,-1.646,-1.795,0.0000,-0.7148,0.0000,0.6993
249.796,1,6.511,-1.646,-1.795,0.0000,-0.7148,0.0000,0.6993
249.796,1,6.511,-1.646,-1.795,0.0000,-0.7148,0.0000,0.6993
249.796,1,6.511,-1.646,-1.795,0.0000,-0.7148,0.0000,0.6993
249.796,1,6.511,-1.646,-1.795,0.0000,-0.7148,0.0000,0.6993
249.796,1,6.511,-1.646,-1.795,0.0000,-0.7148,0.0000,0.6993
249.796,1,6.511,-1.646,-1.795,0.0000,-0.7148,0.0000,0.6993
249.796,1,6.511,-1.646,-1.795,0.0000,-0.7148,0.0000,0.6993
249.796,1,6.511,-1.646,-1.795,0.0000,-0.7148,0.0000,0.6993
249.796,1,6.511,-1.646,-1.795,0.0000,-0.7148,0.0000,0.6993
249.796,1,6.511,-1.646,-1.795,0.0000,-0.7148,0.0000,0.6993
249.796,1,6.511,-1.646,-1.795,0.0000,-0.7148,0.0000,0.6993
249.796,1,6.511,-1.646,-1.795,0.0000,-0.7148,0.0000,0.6993
249.796,1,6.511,-1.646,-1.795,0.0000,-0.7148,0.0000,0.6993
249.796,1,6.511,-1.646,-1.795,0.0000,-0.7148,0.0000,0.6993
249.796,1,6.511,-1.646,-1.795,0.0000,-0.7148,0.0000,0.6993
249.796,1,6.511,-1.646,-1.795,0.0000,-0.7148,0.0000,0.6993
249.796,1,6.511,-1.646,-1.795,0.0000,-0.7148,0.0000,0.6993
249.796,1,6.511,-1.646,-1.795,0.0000,-0.7148,0.0000,0.6993
249.796,1,6.511,-1.646,-1.795,0.0000,-0.7148,0.0000,0.6993
249.796,1,6.511,-1.646,-1.795,0.0000,-0.7148,0.0000,0.6993
249.796,1,6.511,-1.646,-1.795,0.0000,-0.7148,0.0000,0.6993
249.796,1,6.511,-1.646,-1.795,0.0000,-0.7148,0.0000,0.6993
249.796,1,6.511,-1.646,-1.795,0.0000,-0.7148,0.0000,0.6993
249.796,1,6.511,-1.646,-1.795,0.0000,-0.7148,0.0000,0.6993
249.796,1,6.511,-1.646,-1.795,0.0000,-0.7148,0.0000,0.6993
249.796,1,6.511,-1.646,-1.795,0.0000,-0.7148,0.0000,0.6993
249.796,1,6.511,-1.646,-1.795,0.0000,-0.7148,0.0000,0.6993
249.796,1,6.511,-1.646,-1.795,0.0000,-0.7148,0.0000,0.6993
249.796,1,6.511,-1.646,-1.795,0.0000,-0.7148,0.0000,0.6993
249.796,1,6.511,-1.646,-1.795,0.0000,-0.7148,0.0000,0.6993
249.796,1,6.511,-1.646,-1.795,0.0000,-0.7148,0.0000,0.6993
249.796,1,6.511,-1.646,-1.795,0.0000,-0.7148,0.0000,0.6993
249.796,1,6.511,-1.646,-1.795,0.0000,-0.7148,0.0000,0.6993
249.796,1,6.511,-1.646,-1.795,0.0000,-0.7148,0.0000,0.6993
249.796,1,6.511,-1.646,-1.795,0.0000,-0.7148,0.0000,0.6993
249.796,1,6.511,-1.646,-1.795,0.0000,-0.7148,0.0000,0.6993
249.796,1,6.511,-1.646,-1.795,0.0000,-0.7148,0.0000,0.6993
249.796,1,6.511,-1.646,-1.795,0.0000,-0.7148,0.0000,0.6993
249.796,1,6.511,-1.646,-1.795,0.0000,-0.7148,0.0000,0.6993
249.796,1,6.511,-1.646,-1.795,0.0000,-0.7148,0.0000,0.6993
249.796,1,6.511,-1.646,-1.795,0.0000,-0.7148,0.0000,0.6993
249.796,1,6.511,-1.646,-1.795,0.0000,-0.7148,0.0000,0.6993
249.796,1,6.511,-1.646,-1.795,0.0000,-0.7148,0.0000,0.6993
249.796,1,6.511,-1.646,-1.795,0.0000,-0.7148,0.0000,0.6993
249.796,1,6.511,-1.646,-1.795,0.0000,-0.7148,0.0000,0.6993
249.796,1,6.511,-1.646,-1.795,0.0000,-0.7148,0.0000,0.6993
249.796,1,6.511,-1.646,-1.795,0.0000,-0.7148,0.0000,0.6993
249.796,1,6.511,-1.646,-1.795,0.0000,-0.7148,0.0000,0.6993
249.796,1,6.511,-1.646,-1.795,0.0000,-0.7148,0.0000,0.6993
249.796,1,6.511,-1.646,-1.795,0.0000,-0.7148,0.0000,0.6993
249.796,1,6.511,-1.646,-1.795,0.0000,-0.7148,0.0000,0.6993
249.796,1,6.511,-1.646,-1.795,0.0000,-0.7148,0.0000,0.6993
249.796,1,6.511,-1.646,-1.795,0.0000,-0.7148,0.0000,0.6993
249.796,1,6.511,-1.646,-1.795,0.0000,-0.7148,0.0000,0.6993
249.796,1,6.511,-1.646,-1.795,0.0000,-0.7148,0.0000,0.6993
249.796,1,6.511,-1.646,-1.795,0.0000,-0.7148,0.0000,0.6993
249.796,1,6.511,-1.646,-1.795,0.0000,-0.7148,0.0000,0.6993
249.796,1,6.511,-1.646,-1.795,0.0000,-0.7148,0.0000,0.6993
249.796,1,6.511,-1.646,-1.795,0.0000,-0.7148,0.0000,0.6993
249.796,1,6.511,-1.646,-1.795,0.0000,-0.7148,0.0000,0.6993
249.796,1,6.511,-1.646,-1.795,0.0000,-0.7148,0.0000,0.6993
249.796,1,6.511,-1.646,-1.795,0.0000,-0.7148,0.0000,0.6993
249.796,1,6.511,-1.646,-1.795,0.0000,-0.7148,0.0000,0.6993
249.796,1,6.511,-1.646,-1.795,0.0000,-0.7148,0.0000,0.6993
249.796,1,6.511,-1.646,-1.795,0.0000,-0.7148,0.0000,0.6993
249.796,1,6.511,-1.646,-1.795,0.0000,-0.7148,0.0000,0.6993
249.796,1,6.511,-1.646,-1.795,0.0000,-0.7148,0.0000,0.6993
249.796,1,6.511,-1.646,-1.795,0.0000,-0.7148,0.0000,0.6993
249.796,1,6.511,-1.646,-1.795,0.0000,-0.7148,0.0000,0.6993
249.796,1,6.511,-1.646,-1.795,0.0000,-0.7148,0.0000,0.6993
249.796,1,6.511,-1.646,-1.795,0.0000,-0.7148,0.0000,0.6993
249.796,1,6.511,-1.646,-1.795,0.0000,-0.7148,0.0000,0.6993
249.796,1,6.511,-1.646,-1.795,0.0000,-0.7148,0.0000,0.6993
249.796,1,6.511,-1.646,-1.795,0.0000,-0.7148,0.0000,0.6993
249.796,1,6.511,-1.646,-1.795,0.0000,-0.7148,0.0000,0.6993
249.796,1,6.511,-1.646,-1.795,0.0000,-0.7148,0.0000,0.6993
249.796,1,6.511,-1.646,-1.795,0.0000,-0.7148,0.0000,0.6993
249.796,1,6.511,-1.646,-1.795,0.0000,-0.7148,0.0000,0.6993
249.796,1,6.511,-1.646,-1.795,0.0000,-0.7148,0.0000,0.6993
249.796,1,6.511,-1.646,-1.795,0.0000,-0.7148,0.0000,0.6993
249.796,1,6.511,-1.646,-1.795,0.0000,-0.7148,0.0000,0.6993
249.796,1,6.511,-1.646,-1.795,0.0000,-0.7148,0.0000,0.6993
249.796,1,6.511,-1.646,-1.795,0.0000,-0.7148,0.0000,0.6993
249.796,1,6.511,-1.646,-1.795,0.0000,-0.7148,0.0000,0.6993
249.796,1,6.511,-1.646,-1.795,0.0000,-0.7148,0.0000,0.6993
249.796,1,6.511,-1.646,-1.795,0.0000,-0.7148,0.0000,0.6993
249.796,1,6.511,-1.646,-1.795,0.0000,-0.7148,0.0000,0.6993
249.796,1,6.511,-1.646,-1.795,0.0000,-0.7148,0.0000,0.6993
249.796,1,6.511,-1.646,-1.795,0.0000,-0.7148,0.0000,0.6993
249.796,1,6.511,-1.646,-1.795,0.0000,-0.7148,0.0000,0.6993
249.796,1,6.511,-1.646,-1.795,0.0000,-0.7148,0.0000,0.6993
249.796,1,6.511,-1.646,-1.795,0.0000,-0.7148,0.0000,0.6993
249.796,1,6.511,-1.646,-1.795,0.0000,-0.7148,0.0000,0.6993
249.796,1,6.511,-1.646,-1.795,0.0000,-0.7148,0.0000,0.6993
249.796,1,6.511,-1.646,-1.795,0.0000,-0.7148,0.0000,0.6993
249.796,1,6.511,-1.646,-1.795,0.0000,-0.7148,0.0000,0.6993
249.796,1,6.511,-1.646,-1.795,0.0000,-0.7148,0.0000,0.6993
249.796,1,6.511,-1.646,-1.795,0.0000,-0.7148,0.0000,0.6993
249.796,1,6.511,-1.646,-1.795,0.0000,-0.7148,0.0000,0.6993
249.796,1,6.511,-1.646,-1.795,0.0000,-0.7148,0.0000,0.6993
249.796,1,6.511,-1.646,-1.795,0.0000,-0.7148,0.0000,0.6993
249.796,1,6.511,-1.646,-1.795,0.0000,-0.7148,0.0000,0.6993
249.796,1,6.511,-1.646,-1.795,0.0000,-0.7148,0.0000,0.6993
249.796,1,6.511,-1.646,-1.795,0.0000,-0.7148,0.0000,0.6993
249.796,1,6.511,-1.646,-1.795,0.0000,-0.7148,0.0000,0.6993
249.796,1,6.511,-1.646,-1.795,0.0000,-0.7148,0.0000,0.6993
249.796,1,6.511,-1.646,-1.795,0.0000,-0.7148,0.0000,0.6993
249.796,1,6.511,-1.646,-1.795,0.0000,-0.7148,0.0000,0.6993
249.796,1,6.511,-1.646,-1.795,0.0000,-0.7148,0.0000,0.6993
249.796,1,6.511,-1.646,-1.795,0.0000,-0.7148,0.0000,0.6993
249.796,1,6.511,-1.646,-1.795,0.0000,-0.7148,0.0000,0.6993
249.796,1,6.511,-1.646,-1.795,0.0000,-0.7148,0.0000,0.6993
249.796,1,6.511,-1.646,-1.795,0.0000,-0.7148,0.0000,0.6993
249.796,1,6.511,-1.646,-1.795,0.0000,-0.7148,0.0000,0.6993
249.796,1,6.511,-1.646,-1.795,0.0000,-0.7148,0.0000,0.6993
249.796,1,6.511,-1.646,-1.795,0.0000,-0.7148,0.0000,0.6993
249.796,1,6.511,-1.646,-1.795,0.0000,-0.7148,0.0000,0.6993
249.796,1,6.511,-1.646,-1.795,0.0000,-0.7148,0.0000,0.6993
249.796,1,6.511,-1.646,-1.795,0.0000,-0.7148,0.0000,0.6993
249.796,1,6.511,-1.646,-1.795,0.0000,-0.7148,0.0000,0.6993
249.796,1,6.511,-1.646,-1.795,0.0000,-0.7148,0.0000,0.6993
249.796,1,6.511,-1.646,-1.795,0.0000,-0.7148,0.0000,0.6993
249.796,1,6.511,-1.646,-1.795,0.0000,-0.7148,0.0000,0.6993
249.796,1,6.511,-1.646,-1.795,0.0000,-0.7148,0.0000,0.6993
249.796,1,6.511,-1.646,-1.795,0.0000,-0.7148,0.0000,0.6993
249.796,1,6.511,-1.646,-1.795,0.0000,-0.7148,0.0000,0.6993
249.796,1,6.511,-1.646,-1.795,0.0000,-0.7148,0.0000,0.6993
249.796,1,6.511,-1.646,-1.795,0.0000,-0.7148,0.0000,0.6993
249.796,1,6.511,-1.646,-1.795,0.0000,-0.7148,0.0000,0.6993
249.796,1,6.511,-1.646,-1.795,0.0000,-0.7148,0.0000,0.6993
249.796,1,6.511,-1.646,-1.795,0.0000,-0.7148,0.0000,0.6993
249.796,1,6.511,-1.646,-1.795,0.0000,-0.7148,0.0000,0.6993
249.796,1,6.511,-1.646,-1.795,0.0000,-0.7148,0.0000,0.6993
249.796,1,6.511,-1.646,-1.795,0.0000,-0.7148,0.0000,0.6993
249.796,1,6.511,-1.646,-1.795,0.0000,-0.7148,0.0000,0.6993
249.796,1,6.511,-1.646,-1.795,0.0000,-0.7148,0.0000,0.6993
249.796,1,6.511,-1.646,-1.795,0.0000,-0.7148,0.0000,0.6993
249.796,1,6.511,-1.646,-1.795,0.0000,-0.7148,0.0000,0.6993
249.796,1,6.511,-1.646,-1.795,0.0000,-0.7148,0.0000,0.6993
249.796,1,6.511,-1.646,-1.795,0.0000,-0.7148,0.0000,0.6993
249.796,1,6.511,-1.646,-1.795,0.0000,-0.7148,0.0000,0.6993
249.796,1,6.511,-1.646,-1.795,0.0000,-0.7148,0.0000,0.6993
249.796,1,6.511,-1.646,-1.795,0.0000,-0.7148,0.0000,0.6993
249.796,1,6.511,-1.646,-1.795,0.0000,-0.7148,0.0000,0.6993
249.796,1,6.511,-1.646,-1.795,0.0000,-0.7148,0.0000,0.6993
249.796,1,6.511,-1.646,-1.795,0.0000,-0.7148,0.0000,0.6993
249.796,1,6.511,-1.646,-1.795,0.0000,-0.7148,0.0000,0.6993
249.796,1,6.511,-1.646,-1.795,0.0000,-0.7148,0.0000,0.6993
249.796,1,6.511,-1.646,-1.795,0.0000,-0.7148,0.0000,0.6993
249.796,1,6.511,-1.646,-1.795,0.0000,-0.7148,0.0000,0.6993
249.796,1,6.511,-1.646,-1.795,0.0000,-0.7148,0.0000,0.6993
249.796,1,6.511,-1.646,-1.795,0.0000,-0.7148,0.0000,0.6993
249.796,1,6.511,-1.646,-1.795,0.0000,-0.7148,0.0000,0.6993
249.796,1,6.511,-1.646,-1.795,0.0000,-0.7148,0.0000,0.6993
249.796,1,6.511,-1.646,-1.795,0.0000,-0.7148,0.0000,0.6993
249.796,1,6.511,-1.646,-1.795,0.0000,-0.7148,0.0000,0.6993
249.796,1,6.511,-1.646,-1.795,0.0000,-0.7148,0.0000,0.6993
249.796,1,6.511,-1.646,-1.795,0.0000,-0.7148,0.0000,0.6993
249.796,1,6.511,-1.646,-1.795,0.0000,-0.7148,0.0000,0.6993
249.796,1,6.511,-1.646,-1.795,0.0000,-0.7148,0.0000,0.6993
249.796,1,6.511,-1.646,-1.795,0.0000,-0.7148,0.0000,0.6993
249.796,1,6.511,-1.646,-1.795,0.0000,-0.7148,0.0000,0.6993
249.796,1,6.511,-1.646,-1.795,0.0000,-0.7148,0.0000,0.6993
249.796,1,6.511,-1.646,-1.795,0.0000,-0.7148,0.0000,0.6993
249.796,1,6.511,-1.646,-1.795,0.0000,-0.7148,0.0000,0.6993
249.796,1,6.511,-1.646,-1.795,0.0000,-0.7148,0.0000,0.6993
249.796,1,6.511,-1.646,-1.795,0.0000,-0.7148,0.0000,0.6993
249.796,1,6.511,-1.646,-1.795,0.0000,-0.7148,0.0000,0.6993
249.796,1,6.511,-1.646,-1.795,0.0000,-0.7148,0.0000,0.6993
249.796,1,6.511,-1.646,-1.795,0.0000,-0.7148,0.0000,0.6993
249.796,1,6.511,-1.646,-1.795,0.0000,-0.7148,0.0000,0.6993
249.796,1,6.511,-1.646,-1.795,0.0000,-0.7148,0.0000,0.6993
249.796,1,6.511,-1.646,-1.795,0.0000,-0.7148,0.0000,0.6993
249.796,1,6.511,-1.646,-1.795,0.0000,-0.7148,0.0000,0.6993
249.796,1,6.511,-1.646,-1.795,0.0000,-0.7148,0.0000,0.6993
249.796,1,6.511,-1.646,-1.795,0.0000,-0.7148,0.0000,0.6993
249.796,1,6.511,-1.646,-1.795,0.0000,-0.7148,0.0000,0.6993
249.796,1,6.511,-1.646,-1.795,0.0000,-0.7148,0.0000,0.6993
249.796,1,6.511,-1.646,-1.795,0.0000,-0.7148,0.0000,0.6993
249.796,1,6.511,-1.646,-1.795,0.0000,-0.7148,0.0000,0.6993
249.796,1,6.511,-1.646,-1.795,0.0000,-0.7148,0.0000,0.6993
249.796,1,6.511,-1.646,-1.795,0.0000,-0.7148,0.0000,0.6993
249.796,1,6.511,-1.646,-1.795,0.0000,-0.7148,0.0000,0.6993
249.796,1,6.511,-1.646,-1.795,0.0000,-0.7148,0.0000,0.6993
249.796,1,6.511,-1.646,-1.795,0.0000,-0.7148,0.0000,0.6993
249.796,1,6.511,-1.646,-1.795,0.0000,-0.7148,0.0000,0.6993
249.796,1,6.511,-1.646,-1.795,0.0000,-0.7148,0.0000,0.6993
249.796,1,6.511,-1.646,-1.795,0.0000,-0.7148,0.0000,0.6993
249.796,1,6.511,-1.646,-1.795,0.0000,-0.7148,0.0000,0.6993
249.796,1,6.511,-1.646,-1.795,0.0000,-0.7148,0.0000,0.6993
249.796,1,6.511,-1.646,-1.795,0.0000,-0.7148,0.0000,0.6993
249.796,1,6.511,-1.646,-1.795,0.0000,-0.7148,0.0000,0.6993
249.796,1,6.511,-1.646,-1.795,0.0000,-0.7148,0.0000,0.6993
249.796,1,6.511,-1.646,-1.795,0.0000,-0.7148,0.0000,0.6993
249.796,1,6.511,-1.646,-1.795,0.0000,-0.7148,0.0000,0.6993
249.796,1,6.511,-1.646,-1.795,0.0000,-0.7148,0.0000,0.6993
249.796,1,6.511,-1.646,-1.795,0.0000,-0.7148,0.0000,0.6993
249.796,1,6.511,-1.646,-1.795,0.0000,-0.7148,0.0000,0.6993
249.796,1,6.511,-1.646,-1.795,0.0000,-0.7148,0.0000,0.6993
249.796,1,6.511,-1.646,-1.795,0.0000,-0.7148,0.0000,0.6993
249.796,1,6.511,-1.646,-1.795,0.0000,-0.7148,0.0000,0.6993
249.796,1,6.511,-1.646,-1.795,0.0000,-0.7148,0.0000,0.6993
249.796,1,6.511,-1.646,-1.795,0.0000,-0.7148,0.0000,0.6993
249.796,1,6.511,-1.646,-1.795,0.0000,-0.7148,0.0000,0.6993
249.796,1,6.511,-1.646,-1.795,0.0000,-0.7148,0.0000,0.6993
249.796,1,6.511,-1.646,-1.795,0.0000,-0.7148,0.0000,0.6993
249.796,1,6.511,-1.646,-1.795,0.0000,-0.7148,0.0000,0.6993
249.796,1,6.511,-1.646,-1.795,0.0000,-0.7148,0.0000,0.6993
249.796,1,6.511,-1.646,-1.795,0.0000,-0.7148,0.0000,0.6993
249.796,1,6.511,-1.646,-1.795,0.0000,-0.7148,0.0000,0.6993
249.796,1,6.511,-1.646,-1.795,0.0000,-0.7148,0.0000,0.6993
249.796,1,6.511,-1.646,-1.795,0.0000,-0.7148,0.0000,0.6993
249.796,1,6.511,-1.646,-1.795,0.0000,-0.7148,0.0000,0.6993
249.796,1,6.511,-1.646,-1.795,0.0000,-0.7148,0.0000,0.6993
249.796,1,6.511,-1.646,-1.795,0.0000,-0.7148,0.0000,0.6993
249.796,1,6.511,-1.646,-1.795,0.0000,-0.7148,0.0000,0.6993
249.796,1,6.511,-1.646,-1.795,0.0000,-0.7148,0.0000,0.6993
249.796,1,6.511,-1.646,-1.795,0.0000,-0.7148,0.0000,0.6993
249.796,1,6.511,-1.646,-1.795,0.0000,-0.7148,0.0000,0.6993
249.796,1,6.511,-1.646,-1.795,0.0000,-0.7148,0.0000,0.6993
249.796,1,6.511,-1.646,-1.795,0.0000,-0.7148,0.0000,0.6993
249.796,1,6.511,-1.646,-1.795,0.0000,-0.7148,0.0000,0.6993
249.796,1,6.511,-1.646,-1.795,0.0000,-0.7148,0.0000,0.6993
249.796,1,6.511,-1.646,-1.795,0.0000,-0.7148,0.0000,0.6993
249.796,1,6.511,-1.646,-1.795,0.0000,-0.7148,0.0000,0.6993
249.796,1,6.511,-1.646,-1.795,0.0000,-0.7148,0.0000,0.6993
249.796,1,6.511,-1.646,-1.795,0.0000,-0.7148,0.0000,0.6993
249.796,1,6.511,-1.646,-1.795,0.0000,-0.7148,0.0000,0.6993
249.796,1,6.511,-1.646,-1.795,0.0000,-0.7148,0.0000,0.6993
249.796,1,6.511,-1.646,-1.795,0.0000,-0.7148,0.0000,0.6993
249.796,1,6.511,-1.646,-1.795,0.0000,-0.7148,0.0000,0.6993
249.796,1,6.511,-1.646,-1.795,0.0000,-0.7148,0.0000,0.6993
249.796,1,6.511,-1.646,-1.795,0.0000,-0.7148,0.0000,0.6993
249.796,1,6.511,-1.646,-1.795,0.0000,-0.7148,0.0000,0.6993
249.796,1,6.511,-1.646,-1.795,0.0000,-0.7148,0.0000,0.6993
249.796,1,6.511,-1.646,-1.795,0.0000,-0.7148,0.0000,0.6993
249.796,1,6.511,-1.646,-1.795,0.0000,-0.7148,0.0000,0.6993
249.796,1,6.511,-1.646,-1.795,0.0000,-0.7148,0.0000,0.6993
249.796,1,6.511,-1.646,-1.795,0.0000,-0.7148,0.0000,0.6993
249.796,1,6.511,-1.646,-1.795,0.0000,-0.7148,0.0000,0.6993
249.796,1,6.511,-1.646,-1.795,0.0000,-0.7148,0.0000,0.6993
249.796,1,6.511,-1.646,-1.795,0.0000,-0.7148,0.0000,0.6993
249.796,1,6.511,-1.646,-1.795,0.0000,-0.7148,0.0000,0.6993
249.796,1,6.511,-1.646,-1.795,0.0000,-0.7148,0.0000,0.6993
249.796,1,6.511,-1.646,-1.795,0.0000,-0.7148,0.0000,0.6993
249.796,1,6.511,-1.646,-1.795,0.0000,-0.7148,0.0000,0.6993
249.796,1,6.511,-1.646,-1.795,0.0000,-0.7148,0.0000,0.6993
249.796,1,6.511,-1.646,-1.795,0.0000,-0.7148,0.0000,0.6993
249.796,1,6.511,-1.646,-1.795,0.0000,-0.7148,0.0000,0.6993
249.796,1,6.511,-1.646,-1.795,0.0000,-0.7148,0.0000,0.6993
249.796,1,6.511,-1.646,-1.795,0.0000,-0.7148,0.0000,0.6993
249.796,1,6.511,-1.646,-1.795,0.0000,-0.7148,0.0000,0.6993
249.796,1,6.511,-1.646,-1.795,0.0000,-0.7148,0.0000,0.6993
249.796,1,6.511,-1.646,-1.795,0.0000,-0.7148,0.0000,0.6993
249.796,1,6.511,-1.646,-1.795,0.0000,-0.7148,0.0000,0.6993
249.796,1,6.511,-1.646,-1.795,0.0000,-0.7148,0.0000,0.6993
249.796,1,6.511,-1.646,-1.795,0.0000,-0.7148,0.0000,0.6993
249.796,1,6.511,-1.646,-1.795,0.0000,-0.7148,0.0000,0.6993
249.796,1,6.511,-1.646,-1.795,0.0000,-0.7148,0.0000,0.6993
249.796,1,6.511,-1.646,-1.795,0.0000,-0.7148,0.0000,0.6993
249.796,1,6.511,-1.646,-1.795,0.0000,-0.7148,0.0000,0.6993
249.796,1,6.511,-1.646,-1.795,0.0000,-0.7148,0.0000,0.6993
249.796,1,6.511,-1.646,-1.795,0.0000,-0.7148,0.0000,0.6993
249.796,1,6.511,-1.646,-1.795,0.0000,-0.7148,0.0000,0.6993
249.796,1,6.511,-1.646,-1.795,0.0000,-0.7148,0.0000,0.6993
249.796,1,6.511,-1.646,-1.795,0.0000,-0.7148,0.0000,0.6993
249.796,1,6.511,-1.646,-1.795,0.0000,-0.7148,0.0000,0.6993
249.796,1,6.511,-1.646,-1.795,0.0000,-0.7148,0.0000,0.6993
249.796,1,6.511,-1.646,-1.795,0.0000,-0.7148,0.0000,0.6993
249.796,1,6.511,-1.646,-1.795,0.0000,-0.7148,0.0000,0.6993
249.796,1,6.511,-1.646,-1.795,0.0000,-0.7148,0.0000,0.6993
249.796,1,6.511,-1.646,-1.795,0.0000,-0.7148,0.0000,0.6993
249.796,1,6.511,-1.646,-1.795,0.0000,-0.7148,0.0000,0.6993
249.796,1,6.511,-1.646,-1.795,0.0000,-0.7148,0.0000,0.6993
249.796,1,6.511,-1.646,-1.795,0.0000,-0.7148,0.0000,0.6993
249.796,1,6.511,-1.646,-1.795,0.0000,-0.7148,0.0000,0.6993
249.796,1,6.511,-1.646,-1.795,0.0000,-0.7148,0.0000,0.6993
249.796,1,6.511,-1.646,-1.795,0.0000,-0.7148,0.0000,0.6993
249.796,1,6.511,-1.646,-1.795,0.0000,-0.7148,0.0000,0.6993
249.796,1,6.511,-1.646,-1.795,0.0000,-0.7148,0.0000,0.6993
249.796,1,6.511,-1.646,-1.795,0.0000,-0.7148,0.0000,0.6993
249.796,1,6.511,-1.646,-1.795,0.0000,-0.7148,0.0000,0.6993
249.796,1,6.511,-1.646,-1.795,0.0000,-0.7148,0.0000,0.6993
249.796,1,6.511,-1.646,-1.795,0.0000,-0.7148,0.0000,0.6993
249.796,1,6.511,-1.646,-1.795,0.0000,-0.7148,0.0000,0.6993
249.796,1,6.511,-1.646,-1.795,0.0000,-0.7148,0.0000,0.6993
249.796,1,6.511,-1.646,-1.795,0.0000,-0.7148,0.0000,0.6993
249.796,1,6.511,-1.646,-1.795,0.0000,-0.7148,0.0000,0.6993
249.796,1,6.511,-1.646,-1.795,0.0000,-0.7148,0.0000,0.6993
249.796,1,6.511,-1.646,-1.795,0.0000,-0.7148,0.0000,0.6993
249.796,1,6.511,-1.646,-1.795,0.0000,-0.7148,0.0000,0.6993
249.796,1,6.511,-1.646,-1.795,0.0000,-0.7148,0.0000,0.6993
249.796,1,6.511,-1.646,-1.795,0.0000,-0.7148,0.0000,0.6993
249.796,1,6.511,-1.646,-1.795,0.0000,-0.7148,0.0000,0.6993
249.796,1,6.511,-1.646,-1.795,0.0000,-0.7148,0.0000,0.6993
249.796,1,6.511,-1.646,-1.795,0.0000,-0.7148,0.0000,0.6993
249.796,1,6.511,-1.646,-1.795,0.0000,-0.7148,0.0000,0.6993
249.796,1,6.511,-1.646,-1.795,0.0000,-0.7148,0.0000,0.6993
249.796,1,6.511,-1.646,-1.795,0.0000,-0.7148,0.0000,0.6993
249.796,1,6.511,-1.646,-1.795,0.0000,-0.7148,0.0000,0.6993
249.796,1,6.511,-1.646,-1.795,0.0000,-0.7148,0.0000,0.6993
249.796,1,6.511,-1.646,-1.795,0.0000,-0.7148,0.0000,0.6993
249.796,1,6.511,-1.646,-1.795,0.0000,-0.7148,0.0000,0.6993
249.796,1,6.511,-1.646,-1.795,0.0000,-0.7148,0.0000,0.6993
249.796,1,6.511,-1.646,-1.795,0.0000,-0.7148,0.0000,0.6993
249.796,1,6.511,-1.646,-1.795,0.0000,-0.7148,0.0000,0.6993
249.796,1,6.511,-1.646,-1.795,0.0000,-0.7148,0.0000,0.6993
249.796,1,6.511,-1.646,-1.795,0.0000,-0.7148,0.0000,0.6993
249.796,1,6.511,-1.646,-1.795,0.0000,-0.7148,0.0000,0.6993
249.796,1,6.511,-1.646,-1.795,0.0000,-0.7148,0.0000,0.6993
249.796,1,6.511,-1.646,-1.795,0.0000,-0.7148,0.0000,0.6993
249.796,1,6.511,-1.646,-1.795,0.0000,-0.7148,0.0000,0.6993
249.796,1,6.511,-1.646,-1.795,0.0000,-0.7148,0.0000,0.6993
249.796,1,6.511,-1.646,-1.795,0.0000,-0.7148,0.0000,0.6993
249.796,1,6.511,-1.646,-1.795,0.0000,-0.7148,0.0000,0.6993
249.796,1,6.511,-1.646,-1.795,0.0000,-0.7148,0.0000,0.6993
249.796,1,6.511,-1.646,-1.795,0.0000,-0.7148,0.0000,0.6993
249.796,1,6.511,-1.646,-1.795,0.0000,-0.7148,0.0000,0.6993
249.796,1,6.511,-1.646,-1.795,0.0000,-0.7148,0.0000,0.6993
249.796,1,6.511,-1.646,-1.795,0.0000,-0.7148,0.0000,0.6993
249.796,1,6.511,-1.646,-1.795,0.0000,-0.7148,0.0000,0.6993
249.796,1,6.511,-1.646,-1.795,0.0000,-0.7148,0.0000,0.6993
249.796,1,6.511,-1.646,-1.795,0.0000,-0.7148,0.0000,0.6993
249.796,1,6.511,-1.646,-1.795,0.0000,-0.7148,0.0000,0.6993
249.796,1,6.511,-1.646,-1.795,0.0000,-0.7148,0.0000,0.6993
249.796,1,6.511,-1.646,-1.795,0.0000,-0.7148,0.0000,0.6993
249.796,1,6.511,-1.646,-1.795,0.0000,-0.7148,0.0000,0.6993
249.796,1,6.511,-1.646,-1.795,0.0000,-0.7148,0.0000,0.6993
249.796,1,6.511,-1.646,-1.795,0.0000,-0.7148,0.0000,0.6993
249.796,1,6.511,-1.646,-1.795,0.0000,-0.7148,0.0000,0.6993
249.796,1,6.511,-1.646,-1.795,0.0000,-0.7148,0.0000,0.6993
249.796,1,6.511,-1.646,-1.795,0.0000,-0.7148,0.0000,0.6993
249.796,1,6.511,-1.646,-1.795,0.0000,-0.7148,0.0000,0.6993
249.796,1,6.511,-1.646,-1.795,0.0000,-0.7148,0.0000,0.6993
249.796,1,6.511,-1.646,-1.795,0.0000,-0.7148,0.0000,0.6993
249.796,1,6.511,-1.646,-1.795,0.0000,-0.7148,0.0000,0.6993
249.796,1,6.511,-1.646,-1.795,0.0000,-0.7148,0.0000,0.6993
249.796,1,6.511,-1.646,-1.795,0.0000,-0.7148,0.0000,0.6993
249.796,1,6.511,-1.646,-1.795,0.0000,-0.7148,0.0000,0.6993
249.796,1,6.511,-1.646,-1.795,0.0000,-0.7148,0.0000,0.6993
249.796,1,6.511,-1.646,-1.795,0.0000,-0.7148,0.0000,0.6993
249.796,1,6.511,-1.646,-1.795,0.0000,-0.7148,0.0000,0.6993
249.796,1,6.511,-1.646,-1.795,0.0000,-0.7148,0.0000,0.6993
249.796,1,6.511,-1.646,-1.795,0.0000,-0.7148,0.0000,0.6993
249.796,1,6.511,-1.646,-1.795,0.0000,-0.7148,0.0000,0.6993
249.796,1,6.511,-1.646,-1.795,0.0000,-0.7148,0.0000,0.6993
249.796,1,6.511,-1.646,-1.795,0.0000,-0.7148,0.0000,0.6993
249.796,1,6.511,-1.646,-1.795,0.0000,-0.7148,0.0000,0.6993
249.796,1,6.511,-1.646,-1.795,0.0000,-0.7148,0.0000,0.6993
249.796,1,6.511,-1.646,-1.795,0.0000,-0.7148,0.0000,0.6993
249.796,1,6.511,-1.646,-1.795,0.0000,-0.7148,0.0000,0.6993
249.796,1,6.511,-1.646,-1.795,0.0000,-0.7148,0.0000,0.6993
249.796,1,6.511,-1.646,-1.795,0.0000,-0.7148,0.0000,0.6993
249.796,1,6.511,-1.646,-1.795,0.0000,-0.7148,0.0000,0.6993
249.796,1,6.511,-1.646,-1.795,0.0000,-0.7148,0.0000,0.6993
249.796,1,6.511,-1.646,-1.795,0.0000,-0.7148,0.0000,0.6993
249.796,1,6.511,-1.646,-1.795,0.0000,-0.7148,0.0000,0.6993
249.796,1,6.511,-1.646,-1.795,0.0000,-0.7148,0.0000,0.6993
249.796,1,6.511,-1.646,-1.795,0.0000,-0.7148,0.0000,0.6993
249.796,1,6.511,-1.646,-1.795,0.0000,-0.7148,0.0000,0.6993
249.796,1,6.511,-1.646,-1.795,0.0000,-0.7148,0.0000,0.6993
249.796,1,6.511,-1.646,-1.795,0.0000,-0.7148,0.0000,0.6993
249.796,1,6.511,-1.646,-1.795,0.0000,-0.7148,0.0000,0.6993
249.796,1,6.511,-1.646,-1.795,0.0000,-0.7148,0.0000,0.6993
249.796,1,6.511,-1.646,-1.795,0.0000,-0.7148,0.0000,0.6993
249.796,1,6.511,-1.646,-1.795,0.0000,-0.7148,0.0000,0.6993
249.796,1,6.511,-1.646,-1.795,0.0000,-0.7148,0.0000,0.6993
249.796,1,6.511,-1.646,-1.795,0.0000,-0.7148,0.0000,0.6993
249.796,1,6.511,-1.646,-1.795,0.0000,-0.7148,0.0000,0.6993
249.796,1,6.511,-1.646,-1.795,0.0000,-0.7148,0.0000,0.6993
249.796,1,6.511,-1.646,-1.795,0.0000,-0.7148,0.0000,0.6993
249.796,1,6.511,-1.646,-1.795,0.0000,-0.7148,0.0000,0.6993
249.796,1,6.511,-1.646,-1.795,0.0000,-0.7148,0.0000,0.6993
249.796,1,6.511,-1.646,-1.795,0.0000,-0.7148,0.0000,0.6993
249.796,1,6.511,-1.646,-1.795,0.0000,-0.7148,0.0000,0.6993
249.796,1,6.511,-1.646,-1.795,0.0000,-0.7148,0.0000,0.6993
249.796,1,6.511,-1.646,-1.795,0.0000,-0.7148,0.0000,0.6993
249.796,1,6.511,-1.646,-1.795,0.0000,-0.7148,0.0000,0.6993
249.796,1,6.511,-1.646,-1.795,0.0000,-0.7148,0.0000,0.6993
249.796,1,6.511,-1.646,-1.795,0.0000,-0.7148,0.0000,0.6993
249.796,1,6.511,-1.646,-1.795,0.0000,-0.7148,0.0000,0.6993
249.796,1,6.511,-1.646,-1.795,0.0000,-0.7148,0.0000,0.6993
249.796,1,6.511,-1.646,-1.795,0.0000,-0.7148,0.0000,0.6993
249.796,1,6.511,-1.646,-1.795,0.0000,-0.7148,0.0000,0.6993
249.796,1,6.511,-1.646,-1.795,0.0000,-0.7148,0.0000,0.6993
249.796,1,6.511,-1.646,-1.795,0.0000,-0.7148,0.0000,0.6993
249.796,1,6.511,-1.646,-1.795,0.0000,-0.7148,0.0000,0.6993
249.796,1,6.511,-1.646,-1.795,0.0000,-0.7148,0.0000,0.6993
249.796,1,6.511,-1.646,-1.795,0.0000,-0.7148,0.0000,0.6993
249.796,1,6.511,-1.646,-1.795,0.0000,-0.7148,0.0000,0.6993
249.796,1,6.511,-1.646,-1.795,0.0000,-0.7148,0.0000,0.6993
249.796,1,6.511,-1.646,-1.795,0.0000,-0.7148,0.0000,0.6993
249.796,1,6.511,-1.646,-1.795,0.0000,-0.7148,0.0000,0.6993
249.796,1,6.511,-1.646,-1.795,0.0000,-0.7148,0.0000,0.6993
249.796,1,6.511,-1.646,-1.795,0.0000,-0.7148,0.0000,0.6993
249.796,1,6.511,-1.646,-1.795,0.0000,-0.7148,0.0000,0.6993
249.796,1,6.511,-1.646,-1.795,0.0000,-0.7148,0.0000,0.6993
249.796,1,6.511,-1.646,-1.795,0.0000,-0.7148,0.0000,0.6993
249.796,1,6.511,-1.646,-1.795,0.0000,-0.7148,0.0000,0.6993
249.796,1,6.511,-1.646,-1.795,0.0000,-0.7148,0.0000,0.6993
249.796,1,6.511,-1.646,-1.795,0.0000,-0.7148,0.0000,0.6993
249.796,1,6.511,-1.646,-1.795,0.0000,-0.7148,0.0000,0.6993
249.796,1,6.511,-1.646,-1.795,0.0000,-0.7148,0.0000,0.6993
249.796,1,6.511,-1.646,-1.795,0.0000,-0.7148,0.0000,0.6993
249.796,1,6.511,-1.646,-1.795,0.0000,-0.7148,0.0000,0.6993
249.796,1,6.511,-1.646,-1.795,0.0000,-0.7148,0.0000,0.6993
249.796,1,6.511,-1.646,-1.795,0.0000,-0.7148,0.0000,0.6993
249.796,1,6.511,-1.646,-1.795,0.0000,-0.7148,0.0000,0.6993
249.796,1,6.511,-1.646,-1.795,0.0000,-0.7148,0.0000,0.6993
249.796,1,6.511,-1.646,-1.795,0.0000,-0.7148,0.0000,0.6993
249.796,1,6.511,-1.646,-1.795,0.0000,-0.7148,0.0000,0.6993
249.796,1,6.511,-1.646,-1.795,0.0000,-0.7148,0.0000,0.6993
249.796,1,6.511,-1.646,-1.795,0.0000,-0.7148,0.0000,0.6993
249.796,1,6.511,-1.646,-1.795,0.0000,-0.7148,0.0000,0.6993
249.796,1,6.511,-1.646,-1.795,0.0000,-0.7148,0.0000,0.6993
249.796,1,6.511,-1.646,-1.795,0.0000,-0.7148,0.0000,0.6993
249.796,1,6.511,-1.646,-1.795,0.0000,-0.7148,0.0000,0.6993
249.796,1,6.511,-1.646,-1.795,0.0000,-0.7148,0.0000,0.6993
249.796,1,6.511,-1.646,-1.795,0.0000,-0.7148,0.0000,0.6993
249.796,1,6.511,-1.646,-1.795,0.0000,-0.7148,0.0000,0.6993
249.796,1,6.511,-1.646,-1.795,0.0000,-0.7148,0.0000,0.6993
249.796,1,6.511,-1.646,-1.795,0.0000,-0.7148,0.0000,0.6993
249.796,1,6.511,-1.646,-1.795,0.0000,-0.7148,0.0000,0.6993
249.796,1,6.511,-1.646,-1.795,0.0000,-0.7148,0.0000,0.6993
249.796,1,6.511,-1.646,-1.795,0.0000,-0.7148,0.0000,0.6993
249.796,1,6.511,-1.646,-1.795,0.0000,-0.7148,0.0000,0.6993
249.796,1,6.511,-1.646,-1.795,0.0000,-0.7148,0.0000,0.6993
249.796,1,6.511,-1.646,-1.795,0.0000,-0.7148,0.0000,0.6993
249.796,1,6.511,-1.646,-1.795,0.0000,-0.7148,0.0000,0.6993
249.796,1,6.511,-1.646,-1.795,0.0000,-0.7148,0.0000,0.6993
249.796,1,6.511,-1.646,-1.795,0.0000,-0.7148,0.0000,0.6993
249.796,1,6.511,-1.646,-1.795,0.0000,-0.7148,0.0000,0.6993
249.796,1,6.511,-1.646,-1.795,0.0000,-0.7148,0.0000,0.6993
249.796,1,6.511,-1.646,-1.795,0.0000,-0.7148,0.0000,0.6993
249.796,1,6.511,-1.646,-1.795,0.0000,-0.7148,0.0000,0.6993
249.796,1,6.511,-1.646,-1.795,0.0000,-0.7148,0.0000,0.6993
249.796,1,6.511,-1.646,-1.795,0.0000,-0.7148,0.0000,0.6993
249.796,1,6.511,-1.646,-1.795,0.0000,-0.7148,0.0000,0.6993
249.796,1,6.511,-1.646,-1.795,0.0000,-0.7148,0.0000,0.6993
249.796,1,6.511,-1.646,-1.795,0.0000,-0.7148,0.0000,0.6993
249.796,1,6.511,-1.646,-1.795,0.0000,-0.7148,0.0000,0.6993
249.796,1,6.511,-1.646,-1.795,0.0000,-0.7148,0.0000,0.6993
249.796,1,6.511,-1.646,-1.795,0.0000,-0.7148,0.0000,0.6993
249.796,1,6.511,-1.646,-1.795,0.0000,-0.7148,0.0000,0.6993
249.796,1,6.511,-1.646,-1.795,0.0000,-0.7148,0.0000,0.6993
249.796,1,6.511,-1.646,-1.795,0.0000,-0.7148,0.0000,0.6993
249.796,1,6.511,-1.646,-1.795,0.0000,-0.7148,0.0000,0.6993
249.796,1,6.511,-1.646,-1.795,0.0000,-0.7148,0.0000,0.6993
249.796,1,6.511,-1.646,-1.795,0.0000,-0.7148,0.0000,0.6993
249.796,1,6.511,-1.646,-1.795,0.0000,-0.7148,0.0000,0.6993
249.796,1,6.511,-1.646,-1.795,0.0000,-0.7148,0.0000,0.6993
249.796,1,6.511,-1.646,-1.795,0.0000,-0.7148,0.0000,0.6993
249.796,1,6.511,-1.646,-1.795,0.0000,-0.7148,0.0000,0.6993
249.796,1,6.511,-1.646,-1.795,0.0000,-0.7148,0.0000,0.6993
249.796,1,6.511,-1.646,-1.795,0.0000,-0.7148,0.0000,0.6993
249.796,1,6.511,-1.646,-1.795,0.0000,-0.7148,0.0000,0.6993
249.796,1,6.511,-1.646,-1.795,0.0000,-0.7148,0.0000,0.6993
249.796,1,6.511,-1.646,-1.795,0.0000,-0.7148,0.0000,0.6993
249.796,1,6.511,-1.646,-1.795,0.0000,-0.7148,0.0000,0.6993
249.796,1,6.511,-1.646,-1.795,0.0000,-0.7148,0.0000,0.6993
249.796,1,6.511,-1.646,-1.795,0.0000,-0.7148,0.0000,0.6993
249.796,1,6.511,-1.646,-1.795,0.0000,-0.7148,0.0000,0.6993
249.796,1,6.511,-1.646,-1.795,0.0000,-0.7148,0.0000,0.6993
249.796,1,6.511,-1.646,-1.795,0.0000,-0.7148,0.0000,0.6993
249.796,1,6.511,-1.646,-1.795,0.0000,-0.7148,0.0000,0.6993
249.796,1,6.511,-1.646,-1.795,0.0000,-0.7148,0.0000,0.6993
249.796,1,6.511,-1.646,-1.795,0.0000,-0.7148,0.0000,0.6993
249.796,1,6.511,-1.646,-1.795,0.0000,-0.7148,0.0000,0.6993
249.796,1,6.511,-1.646,-1.795,0.0000,-0.7148,0.0000,0.6993
249.796,1,6.511,-1.646,-1.795,0.0000,-0.7148,0.0000,0.6993
249.796,1,6.511,-1.646,-1.795,0.0000,-0.7148,0.0000,0.6993
249.796,1,6.511,-1.646,-1.795,0.0000,-0.7148,0.0000,0.6993
249.796,1,6.511,-1.646,-1.795,0.0000,-0.7148,0.0000,0.6993
249.796,1,6.511,-1.646,-1.795,0.0000,-0.7148,0.0000,0.6993
249.796,1,6.511,-1.646,-1.795,0.0000,-0.7148,0.0000,0.6993
249.796,1,6.511,-1.646,-1.795,0.0000,-0.7148,0.0000,0.6993
249.796,1,6.511,-1.646,-1.795,0.0000,-0.7148,0.0000,0.6993
249.796,1,6.511,-1.646,-1.795,0.0000,-0.7148,0.0000,0.6993
249.796,1,6.511,-1.646,-1.795,0.0000,-0.7148,0.0000,0.6993
249.796,1,6.511,-1.646,-1.795,0.0000,-0.7148,0.0000,0.6993
249.796,1,6.511,-1.646,-1.795,0.0000,-0.7148,0.0000,0.6993
249.796,1,6.511,-1.646,-1.795,0.0000,-0.7148,0.0000,0.6993
249.796,1,6.511,-1.646,-1.795,0.0000,-0.7148,0.0000,0.6993
249.796,1,6.511,-1.646,-1.795,0.0000,-0.7148,0.0000,0.6993
249.796,1,6.511,-1.646,-1.795,0.0000,-0.7148,0.0000,0.6993
249.796,1,6.511,-1.646,-1.795,0.0000,-0.7148,0.0000,0.6993
249.796,1,6.511,-1.646,-1.795,0.0000,-0.7148,0.0000,0.6993
249.796,1,6.511,-1.646,-1.795,0.0000,-0.7148,0.0000,0.6993
249.796,1,6.511,-1.646,-1.795,0.0000,-0.7148,0.0000,0.6993
249.796,1,6.511,-1.646,-1.795,0.0000,-0.7148,0.0000,0.6993
249.796,1,6.511,-1.646,-1.795,0.0000,-0.7148,0.0000,0.6993
249.796,1,6.511,-1.646,-1.795,0.0000,-0.7148,0.0000,0.6993
249.796,1,6.511,-1.646,-1.795,0.0000,-0.7148,0.0000,0.6993
249.796,1,6.511,-1.646,-1.795,0.0000,-0.7148,0.0000,0.6993
249.796,1,6.511,-1.646,-1.795,0.0000,-0.7148,0.0000,0.6993
249.796,1,6.511,-1.646,-1.795,0.0000,-0.7148,0.0000,0.6993
249.796,1,6.511,-1.646,-1.795,0.0000,-0.7148,0.0000,0.6993
249.796,1,6.511,-1.646,-1.795,0.0000,-0.7148,0.0000,0.6993
249.796,1,6.511,-1.646,-1.795,0.0000,-0.7148,0.0000,0.6993
249.796,1,6.511,-1.646,-1.795,0.0000,-0.7148,0.0000,0.6993
249.796,1,6.511,-1.646,-1.795,0.0000,-0.7148,0.0000,0.6993
249.796,1,6.511,-1.646,-1.795,0.0000,-0.7148,0.0000,0.6993
249.796,1,6.511,-1.646,-1.795,0.0000,-0.7148,0.0000,0.6993
249.796,1,6.511,-1.646,-1.795,0.0000,-0.7148,0.0000,0.6993
249.796,1,6.511,-1.646,-1.795,0.0000,-0.7148,0.0000,0.6993
249.796,1,6.511,-1.646,-1.795,0.0000,-0.7148,0.0000,0.6993
249.796,1,6.511,-1.646,-1.795,0.0000,-0.7148,0.0000,0.6993
249.796,1,6.511,-1.646,-1.795,0.0000,-0.7148,0.0000,0.6993
249.796,1,6.511,-1.646,-1.795,0.0000,-0.7148,0.0000,0.6993
249.796,1,6.511,-1.646,-1.795,0.0000,-0.7148,0.0000,0.6993
249.796,1,6.511,-1.646,-1.795,0.0000,-0.7148,0.0000,0.6993
249.796,1,6.511,-1.646,-1.795,0.0000,-0.7148,0.0000,0.6993
249.796,1,6.511,-1.646,-1.795,0.0000,-0.7148,0.0000,0.6993
249.796,1,6.511,-1.646,-1.795,0.0000,-0.7148,0.0000,0.6993
249.796,1,6.511,-1.646,-1.795,0.0000,-0.7148,0.0000,0.6993
249.796,1,6.511,-1.646,-1.795,0.0000,-0.7148,0.0000,0.6993
249.796,1,6.511,-1.646,-1.795,0.0000,-0.7148,0.0000,0.6993
249.796,1,6.511,-1.646,-1.795,0.0000,-0.7148,0.0000,0.6993
249.796,1,6.511,-1.646,-1.795,0.0000,-0.7148,0.0000,0.6993
249.796,1,6.511,-1.646,-1.795,0.0000,-0.7148,0.0000,0.6993
249.796,1,6.511,-1.646,-1.795,0.0000,-0.7148,0.0000,0.6993
249.796,1,6.511,-1.646,-1.795,0.0000,-0.7148,0.0000,0.6993
249.796,1,6.511,-1.646,-1.795,0.0000,-0.7148,0.0000,0.6993
249.796,1,6.511,-1.646,-1.795,0.0000,-0.7148,0.0000,0.6993
249.796,1,6.511,-1.646,-1.795,0.0000,-0.7148,0.0000,0.6993
249.796,1,6.511,-1.646,-1.795,0.0000,-0.7148,0.0000,0.6993
249.796,1,6.511,-1.646,-1.795,0.0000,-0.7148,0.0000,0.6993
249.796,1,6.511,-1.646,-1.795,0.0000,-0.7148,0.0000,0.6993
249.796,1,6.511,-1.646,-1.795,0.0000,-0.7148,0.0000,0.6993
249.796,1,6.511,-1.646,-1.795,0.0000,-0.7148,0.0000,0.6993
249.796,1,6.511,-1.646,-1.795,0.0000,-0.7148,0.0000,0.6993
249.796,1,6.511,-1.646,-1.795,0.0000,-0.7148,0.0000,0.6993
249.796,1,6.511,-1.646,-1.795,0.0000,-0.7148,0.0000,0.6993
249.796,1,6.511,-1.646,-1.795,0.0000,-0.7148,0.0000,0.6993
249.796,1,6.511,-1.646,-1.795,0.0000,-0.7148,0.0000,0.6993
249.796,1,6.511,-1.646,-1.795,0.0000,-0.7148,0.0000,0.6993
249.796,1,6.511,-1.646,-1.795,0.0000,-0.7148,0.0000,0.6993
249.796,1,6.511,-1.646,-1.795,0.0000,-0.7148,0.0000,0.6993
249.796,1,6.511,-1.646,-1.795,0.0000,-0.7148,0.0000,0.6993
249.796,1,6.511,-1.646,-1.795,0.0000,-0.7148,0.0000,0.6993
249.796,1,6.511,-1.646,-1.795,0.0000,-0.7148,0.0000,0.6993
249.796,1,6.511,-1.646,-1.795,0.0000,-0.7148,0.0000,0.6993
249.796,1,6.511,-1.646,-1.795,0.0000,-0.7148,0.0000,0.6993
249.796,1,6.511,-1.646,-1.795,0.0000,-0.7148,0.0000,0.6993
249.796,1,6.511,-1.646,-1.795,0.0000,-0.7148,0.0000,0.6993
249.796,1,6.511,-1.646,-1.795,0.0000,-0.7148,0.0000,0.6993
249.796,1,6.511,-1.646,-1.795,0.0000,-0.7148,0.0000,0.6993
249.796,1,6.511,-1.646,-1.795,0.0000,-0.7148,0.0000,0.6993
249.796,1,6.511,-1.646,-1.795,0.0000,-0.7148,0.0000,0.6993
249.796,1,6.511,-1.646,-1.795,0.0000,-0.7148,0.0000,0.6993
249.796,1,6.511,-1.646,-1.795,0.0000,-0.7148,0.0000,0.6993
249.796,1,6.511,-1.646,-1.795,0.0000,-0.7148,0.0000,0.6993
249.796,1,6.511,-1.646,-1.795,0.0000,-0.7148,0.0000,0.6993
249.796,1,6.511,-1.646,-1.795,0.0000,-0.7148,0.0000,0.6993
249.796,1,6.511,-1.646,-1.795,0.0000,-0.7148,0.0000,0.6993
249.796,1,6.511,-1.646,-1.795,0.0000,-0.7148,0.0000,0.6993
249.796,1,6.511,-1.646,-1.795,0.0000,-0.7148,0.0000,0.6993
249.796,1,6.511,-1.646,-1.795,0.0000,-0.7148,0.0000,0.6993
249.796,1,6.511,-1.646,-1.795,0.0000,-0.7148,0.0000,0.6993
249.796,1,6.511,-1.646,-1.795,0.0000,-0.7148,0.0000,0.6993
249.796,1,6.511,-1.646,-1.795,0.0000,-0.7148,0.0000,0.6993
249.796,1,6.511,-1.646,-1.795,0.0000,-0.7148,0.0000,0.6993
249.796,1,6.511,-1.646,-1.795,0.0000,-0.7148,0.0000,0.6993
249.796,1,6.511,-1.646,-1.795,0.0000,-0.7148,0.0000,0.6993
249.796,1,6.511,-1.646,-1.795,0.0000,-0.7148,0.0000,0.6993
249.796,1,6.511,-1.646,-1.795,0.0000,-0.7148,0.0000,0.6993
249.796,1,6.511,-1.646,-1.795,0.0000,-0.7148,0.0000,0.6993
249.796,1,6.511,-1.646,-1.795,0.0000,-0.7148,0.0000,0.6993
249.796,1,6.511,-1.646,-1.795,0.0000,-0.7148,0.0000,0.6993
249.796,1,6.511,-1.646,-1.795,0.0000,-0.7148,0.0000,0.6993
249.796,1,6.511,-1.646,-1.795,0.0000,-0.7148,0.0000,0.6993
249.796,1,6.511,-1.646,-1.795,0.0000,-0.7148,0.0000,0.6993
249.796,1,6.511,-1.646,-1.795,0.0000,-0.7148,0.0000,0.6993
249.796,1,6.511,-1.646,-1.795,0.0000,-0.7148,0.0000,0.6993
249.796,1,6.511,-1.646,-1.795,0.0000,-0.7148,0.0000,0.6993
249.796,1,6.511,-1.646,-1.795,0.0000,-0.7148,0.0000,0.6993
249.796,1,6.511,-1.646,-1.795,0.0000,-0.7148,0.0000,0.6993
249.796,1,6.511,-1.646,-1.795,0.0000,-0.7148,0.0000,0.6993
249.796,1,6.511,-1.646,-1.795,0.0000,-0.7148,0.0000,0.6993
249.796,1,6.511,-1.646,-1.795,0.0000,-0.7148,0.0000,0.6993
249.796,1,6.511,-1.646,-1.795,0.0000,-0.7148,0.0000,0.6993
249.796,1,6.511,-1.646,-1.795,0.0000,-0.7148,0.0000,0.6993
249.796,1,6.511,-1.646,-1.795,0.0000,-0.7148,0.0000,0.6993
249.796,1,6.511,-1.646,-1.795,0.0000,-0.7148,0.0000,0.6993
249.796,1,6.511,-1.646,-1.795,0.0000,-0.7148,0.0000,0.6993
249.796,1,6.511,-1.646,-1.795,0.0000,-0.7148,0.0000,0.6993
249.796,1,6.511,-1.646,-1.795,0.0000,-0.7148,0.0000,0.6993
249.796,1,6.511,-1.646,-1.795,0.0000,-0.7148,0.0000,0.6993
249.796,1,6.511,-1.646,-1.795,0.0000,-0.7148,0.0000,0.6993
249.796,1,6.511,-1.646,-1.795,0.0000,-0.7148,0.0000,0.6993
249.796,1,6.511,-1.646,-1.795,0.0000,-0.7148,0.0000,0.6993
249.796,1,6.511,-1.646,-1.795,0.0000,-0.7148,0.0000,0.6993
249.796,1,6.511,-1.646,-1.795,0.0000,-0.7148,0.0000,0.6993
249.796,1,6.511,-1.646,-1.795,0.0000,-0.7148,0.0000,0.6993
249.796,1,6.511,-1.646,-1.795,0.0000,-0.7148,0.0000,0.6993
249.796,1,6.511,-1.646,-1.795,0.0000,-0.7148,0.0000,0.6993
249.796,1,6.511,-1.646,-1.795,0.0000,-0.7148,0.0000,0.6993
249.796,1,6.511,-1.646,-1.795,0.0000,-0.7148,0.0000,0.6993
249.796,1,6.511,-1.646,-1.795,0.0000,-0.7148,0.0000,0.6993
249.796,1,6.511,-1.646,-1.795,0.0000,-0.7148,0.0000,0.6993
249.796,1,6.511,-1.646,-1.795,0.0000,-0.7148,0.0000,0.6993
249.796,1,6.511,-1.646,-1.795,0.0000,-0.7148,0.0000,0.6993
249.796,1,6.511,-1.646,-1.795,0.0000,-0.7148,0.0000,0.6993
249.796,1,6.511,-1.646,-1.795,0.0000,-0.7148,0.0000,0.6993
249.796,1,6.511,-1.646,-1.795,0.0000,-0.7148,0.0000,0.6993
249.796,1,6.511,-1.646,-1.795,0.0000,-0.7148,0.0000,0.6993
249.796,1,6.511,-1.646,-1.795,0.0000,-0.7148,0.0000,0.6993
249.796,1,6.511,-1.646,-1.795,0.0000,-0.7148,0.0000,0.6993
249.796,1,6.511,-1.646,-1.795,0.0000,-0.7148,0.0000,0.6993
249.796,1,6.511,-1.646,-1.795,0.0000,-0.7148,0.0000,0.6993
249.796,1,6.511,-1.646,-1.795,0.0000,-0.7148,0.0000,0.6993
249.796,1,6.511,-1.646,-1.795,0.0000,-0.7148,0.0000,0.6993
249.796,1,6.511,-1.646,-1.795,0.0000,-0.7148,0.0000,0.6993
249.796,1,6.511,-1.646,-1.795,0.0000,-0.7148,0.0000,0.6993
249.796,1,6.511,-1.646,-1.795,0.0000,-0.7148,0.0000,0.6993
249.796,1,6.511,-1.646,-1.795,0.0000,-0.7148,0.0000,0.6993
249.796,1,6.511,-1.646,-1.795,0.0000,-0.7148,0.0000,0.6993
249.796,1,6.511,-1.646,-1.795,0.0000,-0.7148,0.0000,0.6993
249.796,1,6.511,-1.646,-1.795,0.0000,-0.7148,0.0000,0.6993
249.796,1,6.511,-1.646,-1.795,0.0000,-0.7148,0.0000,0.6993
249.796,1,6.511,-1.646,-1.795,0.0000,-0.7148,0.0000,0.6993
249.796,1,6.511,-1.646,-1.795,0.0000,-0.7148,0.0000,0.6993
249.796,1,6.511,-1.646,-1.795,0.0000,-0.7148,0.0000,0.6993
249.796,1,6.511,-1.646,-1.795,0.0000,-0.7148,0.0000,0.6993
249.796,1,6.511,-1.646,-1.795,0.0000,-0.7148,0.0000,0.6993
249.796,1,6.511,-1.646,-1.795,0.0000,-0.7148,0.0000,0.6993
249.796,1,6.511,-1.646,-1.795,0.0000,-0.7148,0.0000,0.6993
249.796,1,6.511,-1.646,-1.795,0.0000,-0.7148,0.0000,0.6993
249.796,1,6.511,-1.646,-1.795,0.0000,-0.7148,0.0000,0.6993
249.796,1,6.511,-1.646,-1.795,0.0000,-0.7148,0.0000,0.6993
249.796,1,6.511,-1.646,-1.795,0.0000,-0.7148,0.0000,0.6993
249.796,1,6.511,-1.646,-1.795,0.0000,-0.7148,0.0000,0.6993
249.796,1,6.511,-1.646,-1.795,0.0000,-0.7148,0.0000,0.6993
249.796,1,6.511,-1.646,-1.795,0.0000,-0.7148,0.0000,0.6993
249.796,1,6.511,-1.646,-1.795,0.0000,-0.7148,0.0000,0.6993
249.796,1,6.511,-1.646,-1.795,0.0000,-0.7148,0.0000,0.6993
249.796,1,6.511,-1.646,-1.795,0.0000,-0.7148,0.0000,0.6993
249.796,1,6.511,-1.646,-1.795,0.0000,-0.7148,0.0000,0.6993
249.796,1,6.511,-1.646,-1.795,0.0000,-0.7148,0.0000,0.6993
249.796,1,6.511,-1.646,-1.795,0.0000,-0.7148,0.0000,0.6993
249.796,1,6.511,-1.646,-1.795,0.0000,-0.7148,0.0000,0.6993
249.796,1,6.511,-1.646,-1.795,0.0000,-0.7148,0.0000,0.6993
249.796,1,6.511,-1.646,-1.795,0.0000,-0.7148,0.0000,0.6993
249.796,1,6.511,-1.646,-1.795,0.0000,-0.7148,0.0000,0.6993
249.796,1,6.511,-1.646,-1.795,0.0000,-0.7148,0.0000,0.6993
249.796,1,6.511,-1.646,-1.795,0.0000,-0.7148,0.0000,0.6993
249.796,1,6.511,-1.646,-1.795,0.0000,-0.7148,0.0000,0.6993
249.796,1,6.511,-1.646,-1.795,0.0000,-0.7148,0.0000,0.6993
249.796,1,6.511,-1.646,-1.795,0.0000,-0.7148,0.0000,0.6993
249.796,1,6.511,-1.646,-1.795,0.0000,-0.7148,0.0000,0.6993
249.796,1,6.511,-1.646,-1.795,0.0000,-0.7148,0.0000,0.6993
249.796,1,6.511,-1.646,-1.795,0.0000,-0.7148,0.0000,0.6993
249.796,1,6.511,-1.646,-1.795,0.0000,-0.7148,0.0000,0.6993
249.796,1,6.511,-1.646,-1.795,0.0000,-0.7148,0.0000,0.6993
249.796,1,6.511,-1.646,-1.795,0.0000,-0.7148,0.0000,0.6993
249.796,1,6.511,-1.646,-1.795,0.0000,-0.7148,0.0000,0.6993
249.796,1,6.511,-1.646,-1.795,0.0000,-0.7148,0.0000,0.6993
249.796,1,6.511,-1.646,-1.795,0.0000,-0.7148,0.0000,0.6993
249.796,1,6.511,-1.646,-1.795,0.0000,-0.7148,0.0000,0.6993
249.796,1,6.511,-1.646,-1.795,0.0000,-0.7148,0.0000,0.6993
249.796,1,6.511,-1.646,-1.795,0.0000,-0.7148,0.0000,0.6993
249.796,1,6.511,-1.646,-1.795,0.0000,-0.7148,0.0000,0.6993
249.796,1,6.511,-1.646,-1.795,0.0000,-0.7148,0.0000,0.6993
249.796,1,6.511,-1.646,-1.795,0.0000,-0.7148,0.0000,0.6993
249.796,1,6.511,-1.646,-1.795,0.0000,-0.7148,0.0000,0.6993
249.796,1,6.511,-1.646,-1.795,0.0000,-0.7148,0.0000,0.6993
249.796,1,6.511,-1.646,-1.795,0.0000,-0.7148,0.0000,0.6993
249.796,1,6.511,-1.646,-1.795,0.0000,-0.7148,0.0000,0.6993
249.796,1,6.511,-1.646,-1.795,0.0000,-0.7148,0.0000,0.6993
249.796,1,6.511,-1.646,-1.795,0.0000,-0.7148,0.0000,0.6993
249.796,1,6.511,-1.646,-1.795,0.0000,-0.7148,0.0000,0.6993
249.796,1,6.511,-1.646,-1.795,0.0000,-0.7148,0.0000,0.6993
249.796,1,6.511,-1.646,-1.795,0.0000,-0.7148,0.0000,0.6993
249.796,1,6.511,-1.646,-1.795,0.0000,-0.7148,0.0000,0.6993
249.796,1,6.511,-1.646,-1.795,0.0000,-0.7148,0.0000,0.6993
249.796,1,6.511,-1.646,-1.795,0.0000,-0.7148,0.0000,0.6993
249.796,1,6.511,-1.646,-1.795,0.0000,-0.7148,0.0000,0.6993
249.796,1,6.511,-1.646,-1.795,0.0000,-0.7148,0.0000,0.6993
249.796,1,6.511,-1.646,-1.795,0.0000,-0.7148,0.0000,0.6993
249.796,1,6.511,-1.646,-1.795,0.0000,-0.7148,0.0000,0.6993
249.796,1,6.511,-1.646,-1.795,0.0000,-0.7148,0.0000,0.6993
249.796,1,6.511,-1.646,-1.795,0.0000,-0.7148,0.0000,0.6993
249.796,1,6.511,-1.646,-1.795,0.0000,-0.7148,0.0000,0.6993
249.796,1,6.511,-1.646,-1.795,0.0000,-0.7148,0.0000,0.6993
249.796,1,6.511,-1.646,-1.795,0.0000,-0.7148,0.0000,0.6993
249.796,1,6.511,-1.646,-1.795,0.0000,-0.7148,0.0000,0.6993
249.796,1,6.511,-1.646,-1.795,0.0000,-0.7148,0.0000,0.6993
249.796,1,6.511,-1.646,-1.795,0.0000,-0.7148,0.0000,0.6993
249.796,1,6.511,-1.646,-1.795,0.0000,-0.7148,0.0000,0.6993
249.796,1,6.511,-1.646,-1.795,0.0000,-0.7148,0.0000,0.6993
249.796,1,6.511,-1.646,-1.795,0.0000,-0.7148,0.0000,0.6993
249.796,1,6.511,-1.646,-1.795,0.0000,-0.7148,0.0000,0.6993
249.796,1,6.511,-1.646,-1.795,0.0000,-0.7148,0.0000,0.6993
249.796,1,6.511,-1.646,-1.795,0.0000,-0.7148,0.0000,0.6993
249.796,1,6.511,-1.646,-1.795,0.0000,-0.7148,0.0000,0.6993
249.796,1,6.511,-1.646,-1.795,0.0000,-0.7148,0.0000,0.6993
249.796,1,6.511,-1.646,-1.795,0.0000,-0.7148,0.0000,0.6993
249.796,1,6.511,-1.646,-1.795,0.0000,-0.7148,0.0000,0.6993
249.796,1,6.511,-1.646,-1.795,0.0000,-0.7148,0.0000,0.6993
249.796,1,6.511,-1.646,-1.795,0.0000,-0.7148,0.0000,0.6993
249.796,1,6.511,-1.646,-1.795,0.0000,-0.7148,0.0000,0.6993
249.796,1,6.511,-1.646,-1.795,0.0000,-0.7148,0.0000,0.6993
249.796,1,6.511,-1.646,-1.795,0.0000,-0.7148,0.0000,0.6993
249.796,1,6.511,-1.646,-1.795,0.0000,-0.7148,0.0000,0.6993
249.796,1,6.511,-1.646,-1.795,0.0000,-0.7148,0.0000,0.6993
249.796,1,6.511,-1.646,-1.795,0.0000,-0.7148,0.0000,0.6993
249.796,1,6.511,-1.646,-1.795,0.0000,-0.7148,0.0000,0.6993
249.796,1,6.511,-1.646,-1.795,0.0000,-0.7148,0.0000,0.6993
249.796,1,6.511,-1.646,-1.795,0.0000,-0.7148,0.0000,0.6993
249.796,1,6.511,-1.646,-1.795,0.0000,-0.7148,0.0000,0.6993
249.796,1,6.511,-1.646,-1.795,0.0000,-0.7148,0.0000,0.6993
249.796,1,6.511,-1.646,-1.795,0.0000,-0.7148,0.0000,0.6993
249.796,1,6.511,-1.646,-1.795,0.0000,-0.7148,0.0000,0.6993
249.796,1,6.511,-1.646,-1.795,0.0000,-0.7148,0.0000,0.6993
249.796,1,6.511,-1.646,-1.795,0.0000,-0.7148,0.0000,0.6993
249.796,1,6.511,-1.646,-1.795,0.0000,-0.7148,0.0000,0.6993
249.796,1,6.511,-1.646,-1.795,0.0000,-0.7148,0.0000,0.6993
249.796,1,6.511,-1.646,-1.795,0.0000,-0.7148,0.0000,0.6993
249.796,1,6.511,-1.646,-1.795,0.0000,-0.7148,0.0000,0.6993
249.796,1,6.511,-1.646,-1.795,0.0000,-0.7148,0.0000,0.6993
249.796,1,6.511,-1.646,-1.795,0.0000,-0.7148,0.0000,0.6993
249.796,1,6.511,-1.646,-1.795,0.0000,-0.7148,0.0000,0.6993
249.796,1,6.511,-1.646,-1.795,0.0000,-0.7148,0.0000,0.6993
249.796,1,6.511,-1.646,-1.795,0.0000,-0.7148,0.0000,0.6993
249.796,1,6.511,-1.646,-1.795,0.0000,-0.7148,0.0000,0.6993
249.796,1,6.511,-1.646,-1.795,0.0000,-0.7148,0.0000,0.6993
249.796,1,6.511,-1.646,-1.795,0.0000,-0.7148,0.0000,0.6993
249.796,1,6.511,-1.646,-1.795,0.0000,-0.7148,0.0000,0.6993
249.796,1,6.511,-1.646,-1.795,0.0000,-0.7148,0.0000,0.6993
249.796,1,6.511,-1.646,-1.795,0.0000,-0.7148,0.0000,0.6993
249.796,1,6.511,-1.646,-1.795,0.0000,-0.7148,0.0000,0.6993
249.796,1,6.511,-1.646,-1.795,0.0000,-0.7148,0.0000,0.6993
249.796,1,6.511,-1.646,-1.795,0.0000,-0.7148,0.0000,0.6993
249.796,1,6.511,-1.646,-1.795,0.0000,-0.7148,0.0000,0.6993
249.796,1,6.511,-1.646,-1.795,0.0000,-0.7148,0.0000,0.6993
249.796,1,6.511,-1.646,-1.795,0.0000,-0.7148,0.0000,0.6993
249.796,1,6.511,-1.646,-1.795,0.0000,-0.7148,0.0000,0.6993
249.796,1,6.511,-1.646,-1.795,0.0000,-0.7148,0.0000,0.6993
249.796,1,6.511,-1.646,-1.795,0.0000,-0.7148,0.0000,0.6993
249.796,1,6.511,-1.646,-1.795,0.0000,-0.7148,0.0000,0.6993
249.796,1,6.511,-1.646,-1.795,0.0000,-0.7148,0.0000,0.6993
249.796,1,6.511,-1.646,-1.795,0.0000,-0.7148,0.0000,0.6993
249.796,1,6.511,-1.646,-1.795,0.0000,-0.7148,0.0000,0.6993
249.796,1,6.511,-1.646,-1.795,0.0000,-0.7148,0.0000,0.6993
249.796,1,6.511,-1.646,-1.795,0.0000,-0.7148,0.0000,0.6993
249.796,1,6.511,-1.646,-1.795,0.0000,-0.7148,0.0000,0.6993
249.796,1,6.511,-1.646,-1.795,0.0000,-0.7148,0.0000,0.6993
249.796,1,6.511,-1.646,-1.795,0.0000,-0.7148,0.0000,0.6993
249.796,1,6.511,-1.646,-1.795,0.0000,-0.7148,0.0000,0.6993
249.796,1,6.511,-1.646,-1.795,0.0000,-0.7148,0.0000,0.6993
249.796,1,6.511,-1.646,-1.795,0.0000,-0.7148,0.0000,0.6993
249.796,1,6.511,-1.646,-1.795,0.0000,-0.7148,0.0000,0.6993
249.796,1,6.511,-1.646,-1.795,0.0000,-0.7148,0.0000,0.6993
249.796,1,6.511,-1.646,-1.795,0.0000,-0.7148,0.0000,0.6993
249.796,1,6.511,-1.646,-1.795,0.0000,-0.7148,0.0000,0.6993
249.796,1,6.511,-1.646,-1.795,0.0000,-0.7148,0.0000,0.6993
249.796,1,6.511,-1.646,-1.795,0.0000,-0.7148,0.0000,0.6993
249.796,1,6.511,-1.646,-1.795,0.0000,-0.7148,0.0000,0.6993
249.796,1,6.511,-1.646,-1.795,0.0000,-0.7148,0.0000,0.6993
249.796,1,6.511,-1.646,-1.795,0.0000,-0.7148,0.0000,0.6993
249.796,1,6.511,-1.646,-1.795,0.0000,-0.7148,0.0000,0.6993
249.796,1,6.511,-1.646,-1.795,0.0000,-0.7148,0.0000,0.6993
249.796,1,6.511,-1.646,-1.795,0.0000,-0.7148,0.0000,0.6993
249.796,1,6.511,-1.646,-1.795,0.0000,-0.7148,0.0000,0.6993
249.796,1,6.511,-1.646,-1.795,0.0000,-0.7148,0.0000,0.6993
249.796,1,6.511,-1.646,-1.795,0.0000,-0.7148,0.0000,0.6993
249.796,1,6.511,-1.646,-1.795,0.0000,-0.7148,0.0000,0.6993
249.796,1,6.511,-1.646,-1.795,0.0000,-0.7148,0.0000,0.6993
249.796,1,6.511,-1.646,-1.795,0.0000,-0.7148,0.0000,0.6993
249.796,1,6.511,-1.646,-1.795,0.0000,-0.7148,0.0000,0.6993
249.796,1,6.511,-1.646,-1.795,0.0000,-0.7148,0.0000,0.6993
249.796,1,6.511,-1.646,-1.795,0.0000,-0.7148,0.0000,0.6993
249.796,1,6.511,-1.646,-1.795,0.0000,-0.7148,0.0000,0.6993
249.796,1,6.511,-1.646,-1.795,0.0000,-0.7148,0.0000,0.6993
249.796,1,6.511,-1.646,-1.795,0.0000,-0.7148,0.0000,0.6993
249.796,1,6.511,-1.646,-1.795,0.0000,-0.7148,0.0000,0.6993
249.796,1,6.511,-1.646,-1.795,0.0000,-0.7148,0.0000,0.6993
249.796,1,6.511,-1.646,-1.795,0.0000,-0.7148,0.0000,0.6993
249.796,1,6.511,-1.646,-1.795,0.0000,-0.7148,0.0000,0.6993
249.796,1,6.511,-1.646,-1.795,0.0000,-0.7148,0.0000,0.6993
249.796,1,6.511,-1.646,-1.795,0.0000,-0.7148,0.0000,0.6993
249.796,1,6.511,-1.646,-1.795,0.0000,-0.7148,0.0000,0.6993
249.796,1,6.511,-1.646,-1.795,0.0000,-0.7148,0.0000,0.6993
249.796,1,6.511,-1.646,-1.795,0.0000,-0.7148,0.0000,0.6993
249.796,1,6.511,-1.646,-1.795,0.0000,-0.7148,0.0000,0.6993
249.796,1,6.511,-1.646,-1.795,0.0000,-0.7148,0.0000,0.6993
249.796,1,6.511,-1.646,-1.795,0.0000,-0.7148,0.0000,0.6993
249.796,1,6.511,-1.646,-1.795,0.0000,-0.7148,0.0000,0.6993
249.796,1,6.511,-1.646,-1.795,0.0000,-0.7148,0.0000,0.6993
249.796,1,6.511,-1.646,-1.795,0.0000,-0.7148,0.0000,0.6993
249.796,1,6.511,-1.646,-1.795,0.0000,-0.7148,0.0000,0.6993
249.796,1,6.511,-1.646,-1.795,0.0000,-0.7148,0.0000,0.6993
249.796,1,6.511,-1.646,-1.795,0.0000,-0.7148,0.0000,0.6993
249.796,1,6.511,-1.646,-1.795,0.0000,-0.7148,0.0000,0.6993
249.796,1,6.511,-1.646,-1.795,0.0000,-0.7148,0.0000,0.6993
249.796,1,6.511,-1.646,-1.795,0.0000,-0.7148,0.0000,0.6993
249.796,1,6.511,-1.646,-1.795,0.0000,-0.7148,0.0000,0.6993
249.796,1,6.511,-1.646,-1.795,0.0000,-0.7148,0.0000,0.6993
249.796,1,6.511,-1.646,-1.795,0.0000,-0.7148,0.0000,0.6993
249.796,1,6.511,-1.646,-1.795,0.0000,-0.7148,0.0000,0.6993
249.796,1,6.511,-1.646,-1.795,0.0000,-0.7148,0.0000,0.6993
249.796,1,6.511,-1.646,-1.795,0.0000,-0.7148,0.0000,0.6993
249.796,1,6.511,-1.646,-1.795,0.0000,-0.7148,0.0000,0.6993
249.796,1,6.511,-1.646,-1.795,0.0000,-0.7148,0.0000,0.6993
249.796,1,6.511,-1.646,-1.795,0.0000,-0.7148,0.0000,0.6993
249.796,1,6.511,-1.646,-1.795,0.0000,-0.7148,0.0000,0.6993
249.796,1,6.511,-1.646,-1.795,0.0000,-0.7148,0.0000,0.6993
249.796,1,6.511,-1.646,-1.795,0.0000,-0.7148,0.0000,0.6993
249.796,1,6.511,-1.646,-1.795,0.0000,-0.7148,0.0000,0.6993
249.796,1,6.511,-1.646,-1.795,0.0000,-0.7148,0.0000,0.6993
249.796,1,6.511,-1.646,-1.795,0.0000,-0.7148,0.0000,0.6993
249.796,1,6.511,-1.646,-1.795,0.0000,-0.7148,0.0000,0.6993
249.796,1,6.511,-1.646,-1.795,0.0000,-0.7148,0.0000,0.6993
249.796,1,6.511,-1.646,-1.795,0.0000,-0.7148,0.0000,0.6993
249.796,1,6.511,-1.646,-1.795,0.0000,-0.7148,0.0000,0.6993
249.796,1,6.511,-1.646,-1.795,0.0000,-0.7148,0.0000,0.6993
249.796,1,6.511,-1.646,-1.795,0.0000,-0.7148,0.0000,0.6993
249.796,1,6.511,-1.646,-1.795,0.0000,-0.7148,0.0000,0.6993
249.796,1,6.511,-1.646,-1.795,0.0000,-0.7148,0.0000,0.6993
249.796,1,6.511,-1.646,-1.795,0.0000,-0.7148,0.0000,0.6993
249.796,1,6.511,-1.646,-1.795,0.0000,-0.7148,0.0000,0.6993
249.796,1,6.511,-1.646,-1.795,0.0000,-0.7148,0.0000,0.6993
249.796,1,6.511,-1.646,-1.795,0.0000,-0.7148,0.0000,0.6993
249.796,1,6.511,-1.646,-1.795,0.0000,-0.7148,0.0000,0.6993
249.796,1,6.511,-1.646,-1.795,0.0000,-0.7148,0.0000,0.6993
249.796,1,6.511,-1.646,-1.795,0.0000,-0.7148,0.0000,0.6993
249.796,1,6.511,-1.646,-1.795,0.0000,-0.7148,0.0000,0.6993
249.796,1,6.511,-1.646,-1.795,0.0000,-0.7148,0.0000,0.6993
249.796,1,6.511,-1.646,-1.795,0.0000,-0.7148,0.0000,0.6993
249.796,1,6.511,-1.646,-1.795,0.0000,-0.7148,0.0000,0.6993
249.796,1,6.511,-1.646,-1.795,0.0000,-0.7148,0.0000,0.6993
249.796,1,6.511,-1.646,-1.795,0.0000,-0.7148,0.0000,0.6993
249.796,1,6.511,-1.646,-1.795,0.0000,-0.7148,0.0000,0.6993
249.796,1,6.511,-1.646,-1.795,0.0000,-0.7148,0.0000,0.6993
249.796,1,6.511,-1.646,-1.795,0.0000,-0.7148,0.0000,0.6993
249.796,1,6.511,-1.646,-1.795,0.0000,-0.7148,0.0000,0.6993
249.796,1,6.511,-1.646,-1.795,0.0000,-0.7148,0.0000,0.6993
249.796,1,6.511,-1.646,-1.795,0.0000,-0.7148,0.0000,0.6993
249.796,1,6.511,-1.646,-1.795,0.0000,-0.7148,0.0000,0.6993
249.796,1,6.511,-1.646,-1.795,0.0000,-0.7148,0.0000,0.6993
249.796,1,6.511,-1.646,-1.795,0.0000,-0.7148,0.0000,0.6993
249.796,1,6.511,-1.646,-1.795,0.0000,-0.7148,0.0000,0.6993
249.796,1,6.511,-1.646,-1.795,0.0000,-0.7148,0.0000,0.6993
249.796,1,6.511,-1.646,-1.795,0.0000,-0.7148,0.0000,0.6993
249.796,1,6.511,-1.646,-1.795,0.0000,-0.7148,0.0000,0.6993
249.796,1,6.511,-1.646,-1.795,0.0000,-0.7148,0.0000,0.6993
249.796,1,6.511,-1.646,-1.795,0.0000,-0.7148,0.0000,0.6993
249.796,1,6.511,-1.646,-1.795,0.0000,-0.7148,0.0000,0.6993
249.796,1,6.511,-1.646,-1.795,0.0000,-0.7148,0.0000,0.6993
249.796,1,6.511,-1.646,-1.795,0.0000,-0.7148,0.0000,0.6993
249.796,1,6.511,-1.646,-1.795,0.0000,-0.7148,0.0000,0.6993
249.796,1,6.511,-1.646,-1.795,0.0000,-0.7148,0.0000,0.6993
249.796,1,6.511,-1.646,-1.795,0.0000,-0.7148,0.0000,0.6993
249.796,1,6.511,-1.646,-1.795,0.0000,-0.7148,0.0000,0.6993
249.796,1,6.511,-1.646,-1.795,0.0000,-0.7148,0.0000,0.6993
249.796,1,6.511,-1.646,-1.795,0.0000,-0.7148,0.0000,0.6993
249.796,1,6.511,-1.646,-1.795,0.0000,-0.7148,0.0000,0.6993
249.796,1,6.511,-1.646,-1.795,0.0000,-0.7148,0.0000,0.6993
249.796,1,6.511,-1.646,-1.795,0.0000,-0.7148,0.0000,0.6993
249.796,1,6.511,-1.646,-1.795,0.0000,-0.7148,0.0000,0.6993
249.796,1,6.511,-1.646,-1.795,0.0000,-0.7148,0.0000,0.6993
249.796,1,6.511,-1.646,-1.795,0.0000,-0.7148,0.0000,0.6993
249.796,1,6.511,-1.646,-1.795,0.0000,-0.7148,0.0000,0.6993
249.796,1,6.511,-1.646,-1.795,0.0000,-0.7148,0.0000,0.6993
249.796,1,6.511,-1.646,-1.795,0.0000,-0.7148,0.0000,0.6993
249.796,1,6.511,-1.646,-1.795,0.0000,-0.7148,0.0000,0.6993
249.796,1,6.511,-1.646,-1.795,0.0000,-0.7148,0.0000,0.6993
249.796,1,6.511,-1.646,-1.795,0.0000,-0.7148,0.0000,0.6993
249.796,1,6.511,-1.646,-1.795,0.0000,-0.7148,0.0000,0.6993
249.796,1,6.511,-1.646,-1.795,0.0000,-0.7148,0.0000,0.6993
249.796,1,6.511,-1.646,-1.795,0.0000,-0.7148,0.0000,0.6993
249.796,1,6.511,-1.646,-1.795,0.0000,-0.7148,0.0000,0.6993
249.796,1,6.511,-1.646,-1.795,0.0000,-0.7148,0.0000,0.6993
249.796,1,6.511,-1.646,-1.795,0.0000,-0.7148,0.0000,0.6993
249.796,1,6.511,-1.646,-1.795,0.0000,-0.7148,0.0000,0.6993
249.796,1,6.511,-1.646,-1.795,0.0000,-0.7148,0.0000,0.6993
249.796,1,6.511,-1.646,-1.795,0.0000,-0.7148,0.0000,0.6993
249.796,1,6.511,-1.646,-1.795,0.0000,-0.7148,0.0000,0.6993
249.796,1,6.511,-1.646,-1.795,0.0000,-0.7148,0.0000,0.6993
249.796,1,6.511,-1.646,-1.795,0.0000,-0.7148,0.0000,0.6993
249.796,1,6.511,-1.646,-1.795,0.0000,-0.7148,0.0000,0.6993
249.796,1,6.511,-1.646,-1.795,0.0000,-0.7148,0.0000,0.6993
249.796,1,6.511,-1.646,-1.795,0.0000,-0.7148,0.0000,0.6993
249.796,1,6.511,-1.646,-1.795,0.0000,-0.7148,0.0000,0.6993
249.796,1,6.511,-1.646,-1.795,0.0000,-0.7148,0.0000,0.6993
249.796,1,6.511,-1.646,-1.795,0.0000,-0.7148,0.0000,0.6993
249.796,1,6.511,-1.646,-1.795,0.0000,-0.7148,0.0000,0.6993
249.796,1,6.511,-1.646,-1.795,0.0000,-0.7148,0.0000,0.6993
249.796,1,6.511,-1.646,-1.795,0.0000,-0.7148,0.0000,0.6993
249.796,1,6.511,-1.646,-1.795,0.0000,-0.7148,0.0000,0.6993
249.796,1,6.511,-1.646,-1.795,0.0000,-0.7148,0.0000,0.6993
249.796,1,6.511,-1.646,-1.795,0.0000,-0.7148,0.0000,0.6993
249.796,1,6.511,-1.646,-1.795,0.0000,-0.7148,0.0000,0.6993
249.796,1,6.511,-1.646,-1.795,0.0000,-0.7148,0.0000,0.6993
249.796,1,6.511,-1.646,-1.795,0.0000,-0.7148,0.0000,0.6993
249.796,1,6.511,-1.646,-1.795,0.0000,-0.7148,0.0000,0.6993
249.796,1,6.511,-1.646,-1.795,0.0000,-0.7148,0.0000,0.6993
249.796,1,6.511,-1.646,-1.795,0.0000,-0.7148,0.0000,0.6993
249.796,1,6.511,-1.646,-1.795,0.0000,-0.7148,0.0000,0.6993
249.796,1,6.511,-1.646,-1.795,0.0000,-0.7148,0.0000,0.6993
249.796,1,6.511,-1.646,-1.795,0.0000,-0.7148,0.0000,0.6993
249.796,1,6.511,-1.646,-1.795,0.0000,-0.7148,0.0000,0.6993
249.796,1,6.511,-1.646,-1.795,0.0000,-0.7148,0.0000,0.6993
249.796,1,6.511,-1.646,-1.795,0.0000,-0.7148,0.0000,0.6993
249.796,1,6.511,-1.646,-1.795,0.0000,-0.7148,0.0000,0.6993
249.796,1,6.511,-1.646,-1.795,0.0000,-0.7148,0.0000,0.6993
249.796,1,6.511,-1.646,-1.795,0.0000,-0.7148,0.0000,0.6993
249.796,1,6.511,-1.646,-1.795,0.0000,-0.7148,0.0000,0.6993
249.796,1,6.511,-1.646,-1.795,0.0000,-0.7148,0.0000,0.6993
249.796,1,6.511,-1.646,-1.795,0.0000,-0.7148,0.0000,0.6993
249.796,1,6.511,-1.646,-1.795,0.0000,-0.7148,0.0000,0.6993
249.796,1,6.511,-1.646,-1.795,0.0000,-0.7148,0.0000,0.6993
249.796,1,6.511,-1.646,-1.795,0.0000,-0.7148,0.0000,0.6993
249.796,1,6.511,-1.646,-1.795,0.0000,-0.7148,0.0000,0.6993
249.796,1,6.511,-1.646,-1.795,0.0000,-0.7148,0.0000,0.6993
249.796,1,6.511,-1.646,-1.795,0.0000,-0.7148,0.0000,0.6993
249.796,1,6.511,-1.646,-1.795,0.0000,-0.7148,0.0000,0.6993
249.796,1,6.511,-1.646,-1.795,0.0000,-0.7148,0.0000,0.6993
249.796,1,6.511,-1.646,-1.795,0.0000,-0.7148,0.0000,0.6993
249.796,1,6.511,-1.646,-1.795,0.0000,-0.7148,0.0000,0.6993
249.796,1,6.511,-1.646,-1.795,0.0000,-0.7148,0.0000,0.6993
249.796,1,6.511,-1.646,-1.795,0.0000,-0.7148,0.0000,0.6993
249.796,1,6.511,-1.646,-1.795,0.0000,-0.7148,0.0000,0.6993
249.796,1,6.511,-1.646,-1.795,0.0000,-0.7148,0.0000,0.6993
249.796,1,6.511,-1.646,-1.795,0.0000,-0.7148,0.0000,0.6993
249.796,1,6.511,-1.646,-1.795,0.0000,-0.7148,0.0000,0.6993
249.796,1,6.511,-1.646,-1.795,0.0000,-0.7148,0.0000,0.6993
249.796,1,6.511,-1.646,-1.795,0.0000,-0.7148,0.0000,0.6993
249.796,1,6.511,-1.646,-1.795,0.0000,-0.7148,0.0000,0.6993
249.796,1,6.511,-1.646,-1.795,0.0000,-0.7148,0.0000,0.6993
249.796,1,6.511,-1.646,-1.795,0.0000,-0.7148,0.0000,0.6993
249.796,1,6.511,-1.646,-1.795,0.0000,-0.7148,0.0000,0.6993
249.796,1,6.511,-1.646,-1.795,0.0000,-0.7148,0.0000,0.6993
249.796,1,6.511,-1.646,-1.795,0.0000,-0.7148,0.0000,0.6993
249.796,1,6.511,-1.646,-1.795,0.0000,-0.7148,0.0000,0.6993
249.796,1,6.511,-1.646,-1.795,0.0000,-0.7148,0.0000,0.6993
249.796,1,6.511,-1.646,-1.795,0.0000,-0.7148,0.0000,0.6993
249.796,1,6.511,-1.646,-1.795,0.0000,-0.7148,0.0000,0.6993
249.796,1,6.511,-1.646,-1.795,0.0000,-0.7148,0.0000,0.6993
249.796,1,6.511,-1.646,-1.795,0.0000,-0.7148,0.0000,0.6993
249.796,1,6.511,-1.646,-1.795,0.0000,-0.7148,0.0000,0.6993
249.796,1,6.511,-1.646,-1.795,0.0000,-0.7148,0.0000,0.6993
249.796,1,6.511,-1.646,-1.795,0.0000,-0.7148,0.0000,0.6993
249.796,1,6.511,-1.646,-1.795,0.0000,-0.7148,0.0000,0.6993
249.796,1,6.511,-1.646,-1.795,0.0000,-0.7148,0.0000,0.6993
249.796,1,6.511,-1.646,-1.795,0.0000,-0.7148,0.0000,0.6993
249.796,1,6.511,-1.646,-1.795,0.0000,-0.7148,0.0000,0.6993
249.796,1,6.511,-1.646,-1.795,0.0000,-0.7148,0.0000,0.6993
249.796,1,6.511,-1.646,-1.795,0.0000,-0.7148,0.0000,0.6993
249.796,1,6.511,-1.646,-1.795,0.0000,-0.7148,0.0000,0.6993
249.796,1,6.511,-1.646,-1.795,0.0000,-0.7148,0.0000,0.6993
249.796,1,6.511,-1.646,-1.795,0.0000,-0.7148,0.0000,0.6993
249.796,1,6.511,-1.646,-1.795,0.0000,-0.7148,0.0000,0.6993
249.796,1,6.511,-1.646,-1.795,0.0000,-0.7148,0.0000,0.6993
249.796,1,6.511,-1.646,-1.795,0.0000,-0.7148,0.0000,0.6993
249.796,1,6.511,-1.646,-1.795,0.0000,-0.7148,0.0000,0.6993
249.796,1,6.511,-1.646,-1.795,0.0000,-0.7148,0.0000,0.6993
249.796,1,6.511,-1.646,-1.795,0.0000,-0.7148,0.0000,0.6993
249.796,1,6.511,-1.646,-1.795,0.0000,-0.7148,0.0000,0.6993
249.796,1,6.511,-1.646,-1.795,0.0000,-0.7148,0.0000,0.6993
249.796,1,6.511,-1.646,-1.795,0.0000,-0.7148,0.0000,0.6993
249.796,1,6.511,-1.646,-1.795,0.0000,-0.7148,0.0000,0.6993
249.796,1,6.511,-1.646,-1.795,0.0000,-0.7148,0.0000,0.6993
249.796,1,6.511,-1.646,-1.795,0.0000,-0.7148,0.0000,0.6993
249.796,1,6.511,-1.646,-1.795,0.0000,-0.7148,0.0000,0.6993
249.796,1,6.511,-1.646,-1.795,0.0000,-0.7148,0.0000,0.6993
249.796,1,6.511,-1.646,-1.795,0.0000,-0.7148,0.0000,0.6993
249.796,1,6.511,-1.646,-1.795,0.0000,-0.7148,0.0000,0.6993
249.796,1,6.511,-1.646,-1.795,0.0000,-0.7148,0.0000,0.6993
249.796,1,6.511,-1.646,-1.795,0.0000,-0.7148,0.0000,0.6993
249.796,1,6.511,-1.646,-1.795,0.0000,-0.7148,0.0000,0.6993
249.796,1,6.511,-1.646,-1.795,0.0000,-0.7148,0.0000,0.6993
249.796,1,6.511,-1.646,-1.795,0.0000,-0.7148,0.0000,0.6993
249.796,1,6.511,-1.646,-1.795,0.0000,-0.7148,0.0000,0.6993
249.796,1,6.511,-1.646,-1.795,0.0000,-0.7148,0.0000,0.6993
249.796,1,6.511,-1.646,-1.795,0.0000,-0.7148,0.0000,0.6993
249.796,1,6.511,-1.646,-1.795,0.0000,-0.7148,0.0000,0.6993
249.796,1,6.511,-1.646,-1.795,0.0000,-0.7148,0.0000,0.6993
249.796,1,6.511,-1.646,-1.795,0.0000,-0.7148,0.0000,0.6993
249.796,1,6.511,-1.646,-1.795,0.0000,-0.7148,0.0000,0.6993
249.796,1,6.511,-1.646,-1.795,0.0000,-0.7148,0.0000,0.6993
249.796,1,6.511,-1.646,-1.795,0.0000,-0.7148,0.0000,0.6993
249.796,1,6.511,-1.646,-1.795,0.0000,-0.7148,0.0000,0.6993
249.796,1,6.511,-1.646,-1.795,0.0000,-0.7148,0.0000,0.6993
249.796,1,6.511,-1.646,-1.795,0.0000,-0.7148,0.0000,0.6993
249.796,1,6.511,-1.646,-1.795,0.0000,-0.7148,0.0000,0.6993
249.796,1,6.511,-1.646,-1.795,0.0000,-0.7148,0.0000,0.6993
249.796,1,6.511,-1.646,-1.795,0.0000,-0.7148,0.0000,0.6993
249.796,1,6.511,-1.646,-1.795,0.0000,-0.7148,0.0000,0.6993
249.796,1,6.511,-1.646,-1.795,0.0000,-0.7148,0.0000,0.6993
249.796,1,6.511,-1.646,-1.795,0.0000,-0.7148,0.0000,0.6993
249.796,1,6.511,-1.646,-1.795,0.0000,-0.7148,0.0000,0.6993
249.796,1,6.511,-1.646,-1.795,0.0000,-0.7148,0.0000,0.6993
249.796,1,6.511,-1.646,-1.795,0.0000,-0.7148,0.0000,0.6993
249.796,1,6.511,-1.646,-1.795,0.0000,-0.7148,0.0000,0.6993
249.796,1,6.511,-1.646,-1.795,0.0000,-0.7148,0.0000,0.6993
249.796,1,6.511,-1.646,-1.795,0.0000,-0.7148,0.0000,0.6993
249.796,1,6.511,-1.646,-1.795,0.0000,-0.7148,0.0000,0.6993
249.796,1,6.511,-1.646,-1.795,0.0000,-0.7148,0.0000,0.6993
249.796,1,6.511,-1.646,-1.795,0.0000,-0.7148,0.0000,0.6993
249.796,1,6.511,-1.646,-1.795,0.0000,-0.7148,0.0000,0.6993
249.796,1,6.511,-1.646,-1.795,0.0000,-0.7148,0.0000,0.6993
249.796,1,6.511,-1.646,-1.795,0.0000,-0.7148,0.0000,0.6993
249.796,1,6.511,-1.646,-1.795,0.0000,-0.7148,0.0000,0.6993
249.796,1,6.511,-1.646,-1.795,0.0000,-0.7148,0.0000,0.6993
249.796,1,6.511,-1.646,-1.795,0.0000,-0.7148,0.0000,0.6993
249.796,1,6.511,-1.646,-1.795,0.0000,-0.7148,0.0000,0.6993
249.796,1,6.511,-1.646,-1.795,0.0000,-0.7148,0.0000,0.6993
249.796,1,6.511,-1.646,-1.795,0.0000,-0.7148,0.0000,0.6993
249.796,1,6.511,-1.646,-1.795,0.0000,-0.7148,0.0000,0.6993
249.796,1,6.511,-1.646,-1.795,0.0000,-0.7148,0.0000,0.6993
249.796,1,6.511,-1.646,-1.795,0.0000,-0.7148,0.0000,0.6993
249.796,1,6.511,-1.646,-1.795,0.0000,-0.7148,0.0000,0.6993
249.796,1,6.511,-1.646,-1.795,0.0000,-0.7148,0.0000,0.6993
249.796,1,6.511,-1.646,-1.795,0.0000,-0.7148,0.0000,0.6993
249.796,1,6.511,-1.646,-1.795,0.0000,-0.7148,0.0000,0.6993
249.796,1,6.511,-1.646,-1.795,0.0000,-0.7148,0.0000,0.6993
249.796,1,6.511,-1.646,-1.795,0.0000,-0.7148,0.0000,0.6993
249.796,1,6.511,-1.646,-1.795,0.0000,-0.7148,0.0000,0.6993
249.796,1,6.511,-1.646,-1.795,0.0000,-0.7148,0.0000,0.6993
249.796,1,6.511,-1.646,-1.795,0.0000,-0.7148,0.0000,0.6993
249.796,1,6.511,-1.646,-1.795,0.0000,-0.7148,0.0000,0.6993
249.796,1,6.511,-1.646,-1.795,0.0000,-0.7148,0.0000,0.6993
249.796,1,6.511,-1.646,-1.795,0.0000,-0.7148,0.0000,0.6993
249.796,1,6.511,-1.646,-1.795,0.0000,-0.7148,0.0000,0.6993
249.796,1,6.511,-1.646,-1.795,0.0000,-0.7148,0.0000,0.6993
249.796,1,6.511,-1.646,-1.795,0.0000,-0.7148,0.0000,0.6993
249.796,1,6.511,-1.646,-1.795,0.0000,-0.7148,0.0000,0.6993
249.796,1,6.511,-1.646,-1.795,0.0000,-0.7148,0.0000,0.6993
249.796,1,6.511,-1.646,-1.795,0.0000,-0.7148,0.0000,0.6993
249.796,1,6.511,-1.646,-1.795,0.0000,-0.7148,0.0000,0.6993
249.796,1,6.511,-1.646,-1.795,0.0000,-0.7148,0.0000,0.6993
249.796,1,6.511,-1.646,-1.795,0.0000,-0.7148,0.0000,0.6993
249.796,1,6.511,-1.646,-1.795,0.0000,-0.7148,0.0000,0.6993
249.796,1,6.511,-1.646,-1.795,0.0000,-0.7148,0.0000,0.6993
249.796,1,6.511,-1.646,-1.795,0.0000,-0.7148,0.0000,0.6993
249.796,1,6.511,-1.646,-1.795,0.0000,-0.7148,0.0000,0.6993
249.796,1,6.511,-1.646,-1.795,0.0000,-0.7148,0.0000,0.6993
249.796,1,6.511,-1.646,-1.795,0.0000,-0.7148,0.0000,0.6993
249.796,1,6.511,-1.646,-1.795,0.0000,-0.7148,0.0000,0.6993
249.796,1,6.511,-1.646,-1.795,0.0000,-0.7148,0.0000,0.6993
249.796,1,6.511,-1.646,-1.795,0.0000,-0.7148,0.0000,0.6993
249.796,1,6.511,-1.646,-1.795,0.0000,-0.7148,0.0000,0.6993
249.796,1,6.511,-1.646,-1.795,0.0000,-0.7148,0.0000,0.6993
249.796,1,6.511,-1.646,-1.795,0.0000,-0.7148,0.0000,0.6993
249.796,1,6.511,-1.646,-1.795,0.0000,-0.7148,0.0000,0.6993
249.796,1,6.511,-1.646,-1.795,0.0000,-0.7148,0.0000,0.6993
249.796,1,6.511,-1.646,-1.795,0.0000,-0.7148,0.0000,0.6993
249.796,1,6.511,-1.646,-1.795,0.0000,-0.7148,0.0000,0.6993
249.796,1,6.511,-1.646,-1.795,0.0000,-0.7148,0.0000,0.6993
249.796,1,6.511,-1.646,-1.795,0.0000,-0.7148,0.0000,0.6993
249.796,1,6.511,-1.646,-1.795,0.0000,-0.7148,0.0000,0.6993
249.796,1,6.511,-1.646,-1.795,0.0000,-0.7148,0.0000,0.6993
249.796,1,6.511,-1.646,-1.795,0.0000,-0.7148,0.0000,0.6993
249.796,1,6.511,-1.646,-1.795,0.0000,-0.7148,0.0000,0.6993
249.796,1,6.511,-1.646,-1.795,0.0000,-0.7148,0.0000,0.6993
249.796,1,6.511,-1.646,-1.795,0.0000,-0.7148,0.0000,0.6993
249.796,1,6.511,-1.646,-1.795,0.0000,-0.7148,0.0000,0.6993
249.796,1,6.511,-1.646,-1.795,0.0000,-0.7148,0.0000,0.6993
249.796,1,6.511,-1.646,-1.795,0.0000,-0.7148,0.0000,0.6993
249.796,1,6.511,-1.646,-1.795,0.0000,-0.7148,0.0000,0.6993
249.796,1,6.511,-1.646,-1.795,0.0000,-0.7148,0.0000,0.6993
249.796,1,6.511,-1.646,-1.795,0.0000,-0.7148,0.0000,0.6993
249.796,1,6.511,-1.646,-1.795,0.0000,-0.7148,0.0000,0.6993
249.796,1,6.511,-1.646,-1.795,0.0000,-0.7148,0.0000,0.6993
249.796,1,6.511,-1.646,-1.795,0.0000,-0.7148,0.0000,0.6993
249.796,1,6.511,-1.646,-1.795,0.0000,-0.7148,0.0000,0.6993
249.796,1,6.511,-1.646,-1.795,0.0000,-0.7148,0.0000,0.6993
249.796,1,6.511,-1.646,-1.795,0.0000,-0.7148,0.0000,0.6993
249.796,1,6.511,-1.646,-1.795,0.0000,-0.7148,0.0000,0.6993
249.796,1,6.511,-1.646,-1.795,0.0000,-0.7148,0.0000,0.6993
249.796,1,6.511,-1.646,-1.795,0.0000,-0.7148,0.0000,0.6993
249.796,1,6.511,-1.646,-1.795,0.0000,-0.7148,0.0000,0.6993
249.796,1,6.511,-1.646,-1.795,0.0000,-0.7148,0.0000,0.6993
249.796,1,6.511,-1.646,-1.795,0.0000,-0.7148,0.0000,0.6993
249.796,1,6.511,-1.646,-1.795,0.0000,-0.7148,0.0000,0.6993
249.796,1,6.511,-1.646,-1.795,0.0000,-0.7148,0.0000,0.6993
249.796,1,6.511,-1.646,-1.795,0.0000,-0.7148,0.0000,0.6993
249.796,1,6.511,-1.646,-1.795,0.0000,-0.7148,0.0000,0.6993
249.796,1,6.511,-1.646,-1.795,0.0000,-0.7148,0.0000,0.6993
249.796,1,6.511,-1.646,-1.795,0.0000,-0.7148,0.0000,0.6993
249.796,1,6.511,-1.646,-1.795,0.0000,-0.7148,0.0000,0.6993
249.796,1,6.511,-1.646,-1.795,0.0000,-0.7148,0.0000,0.6993
249.796,1,6.511,-1.646,-1.795,0.0000,-0.7148,0.0000,0.6993
249.796,1,6.511,-1.646,-1.795,0.0000,-0.7148,0.0000,0.6993
249.796,1,6.511,-1.646,-1.795,0.0000,-0.7148,0.0000,0.6993
249.796,1,6.511,-1.646,-1.795,0.0000,-0.7148,0.0000,0.6993
249.796,1,6.511,-1.646,-1.795,0.0000,-0.7148,0.0000,0.6993
249.796,1,6.511,-1.646,-1.795,0.0000,-0.7148,0.0000,0.6993
249.796,1,6.511,-1.646,-1.795,0.0000,-0.7148,0.0000,0.6993
249.796,1,6.511,-1.646,-1.795,0.0000,-0.7148,0.0000,0.6993
249.796,1,6.511,-1.646,-1.795,0.0000,-0.7148,0.0000,0.6993
249.796,1,6.511,-1.646,-1.795,0.0000,-0.7148,0.0000,0.6993
249.796,1,6.511,-1.646,-1.795,0.0000,-0.7148,0.0000,0.6993
249.796,1,6.511,-1.646,-1.795,0.0000,-0.7148,0.0000,0.6993
249.796,1,6.511,-1.646,-1.795,0.0000,-0.7148,0.0000,0.6993
249.796,1,6.511,-1.646,-1.795,0.0000,-0.7148,0.0000,0.6993
249.796,1,6.511,-1.646,-1.795,0.0000,-0.7148,0.0000,0.6993
249.796,1,6.511,-1.646,-1.795,0.0000,-0.7148,0.0000,0.6993
249.796,1,6.511,-1.646,-1.795,0.0000,-0.7148,0.0000,0.6993
249.796,1,6.511,-1.646,-1.795,0.0000,-0.7148,0.0000,0.6993
249.796,1,6.511,-1.646,-1.795,0.0000,-0.7148,0.0000,0.6993
249.796,1,6.511,-1.646,-1.795,0.0000,-0.7148,0.0000,0.6993
249.796,1,6.511,-1.646,-1.795,0.0000,-0.7148,0.0000,0.6993
249.796,1,6.511,-1.646,-1.795,0.0000,-0.7148,0.0000,0.6993
249.796,1,6.511,-1.646,-1.795,0.0000,-0.7148,0.0000,0.6993
249.796,1,6.511,-1.646,-1.795,0.0000,-0.7148,0.0000,0.6993
249.796,1,6.511,-1.646,-1.795,0.0000,-0.7148,0.0000,0.6993
249.796,1,6.511,-1.646,-1.795,0.0000,-0.7148,0.0000,0.6993
249.796,1,6.511,-1.646,-1.795,0.0000,-0.7148,0.0000,0.6993
249.796,1,6.511,-1.646,-1.795,0.0000,-0.7148,0.0000,0.6993
249.796,1,6.511,-1.646,-1.795,0.0000,-0.7148,0.0000,0.6993
249.796,1,6.511,-1.646,-1.795,0.0000,-0.7148,0.0000,0.6993
249.796,1,6.511,-1.646,-1.795,0.0000,-0.7148,0.0000,0.6993
249.796,1,6.511,-1.646,-1.795,0.0000,-0.7148,0.0000,0.6993
249.796,1,6.511,-1.646,-1.795,0.0000,-0.7148,0.0000,0.6993
249.796,1,6.511,-1.646,-1.795,0.0000,-0.7148,0.0000,0.6993
249.796,1,6.511,-1.646,-1.795,0.0000,-0.7148,0.0000,0.6993
249.796,1,6.511,-1.646,-1.795,0.0000,-0.7148,0.0000,0.6993
249.796,1,6.511,-1.646,-1.795,0.0000,-0.7148,0.0000,0.6993
249.796,1,6.511,-1.646,-1.795,0.0000,-0.7148,0.0000,0.6993
249.796,1,6.511,-1.646,-1.795,0.0000,-0.7148,0.0000,0.6993
249.796,1,6.511,-1.646,-1.795,0.0000,-0.7148,0.0000,0.6993
249.796,1,6.511,-1.646,-1.795,0.0000,-0.7148,0.0000,0.6993
249.796,1,6.511,-1.646,-1.795,0.0000,-0.7148,0.0000,0.6993
249.796,1,6.511,-1.646,-1.795,0.0000,-0.7148,0.0000,0.6993
249.796,1,6.511,-1.646,-1.795,0.0000,-0.7148,0.0000,0.6993
249.796,1,6.511,-1.646,-1.795,0.0000,-0.7148,0.0000,0.6993
249.796,1,6.511,-1.646,-1.795,0.0000,-0.7148,0.0000,0.6993
249.796,1,6.511,-1.646,-1.795,0.0000,-0.7148,0.0000,0.6993
249.796,1,6.511,-1.646,-1.795,0.0000,-0.7148,0.0000,0.6993
249.796,1,6.511,-1.646,-1.795,0.0000,-0.7148,0.0000,0.6993
249.796,1,6.511,-1.646,-1.795,0.0000,-0.7148,0.0000,0.6993
249.796,1,6.511,-1.646,-1.795,0.0000,-0.7148,0.0000,0.6993
249.796,1,6.511,-1.646,-1.795,0.0000,-0.7148,0.0000,0.6993
249.796,1,6.511,-1.646,-1.795,0.0000,-0.7148,0.0000,0.6993
249.796,1,6.511,-1.646,-1.795,0.0000,-0.7148,0.0000,0.6993
249.796,1,6.511,-1.646,-1.795,0.0000,-0.7148,0.0000,0.6993
249.796,1,6.511,-1.646,-1.795,0.0000,-0.7148,0.0000,0.6993
249.796,1,6.511,-1.646,-1.795,0.0000,-0.7148,0.0000,0.6993
249.796,1,6.511,-1.646,-1.795,0.0000,-0.7148,0.0000,0.6993
249.796,1,6.511,-1.646,-1.795,0.0000,-0.7148,0.0000,0.6993
249.796,1,6.511,-1.646,-1.795,0.0000,-0.7148,0.0000,0.6993
249.796,1,6.511,-1.646,-1.795,0.0000,-0.7148,0.0000,0.6993
249.796,1,6.511,-1.646,-1.795,0.0000,-0.7148,0.0000,0.6993
249.796,1,6.511,-1.646,-1.795,0.0000,-0.7148,0.0000,0.6993
249.796,1,6.511,-1.646,-1.795,0.0000,-0.7148,0.0000,0.6993
249.796,1,6.511,-1.646,-1.795,0.0000,-0.7148,0.0000,0.6993
249.796,1,6.511,-1.646,-1.795,0.0000,-0.7148,0.0000,0.6993
249.796,1,6.511,-1.646,-1.795,0.0000,-0.7148,0.0000,0.6993
249.796,1,6.511,-1.646,-1.795,0.0000,-0.7148,0.0000,0.6993
249.796,1,6.511,-1.646,-1.795,0.0000,-0.7148,0.0000,0.6993
249.796,1,6.511,-1.646,-1.795,0.0000,-0.7148,0.0000,0.6993
249.796,1,6.511,-1.646,-1.795,0.0000,-0.7148,0.0000,0.6993
249.796,1,6.511,-1.646,-1.795,0.0000,-0.7148,0.0000,0.6993
249.796,1,6.511,-1.646,-1.795,0.0000,-0.7148,0.0000,0.6993
249.796,1,6.511,-1.646,-1.795,0.0000,-0.7148,0.0000,0.6993
249.796,1,6.511,-1.646,-1.795,0.0000,-0.7148,0.0000,0.6993
249.796,1,6.511,-1.646,-1.795,0.0000,-0.7148,0.0000,0.6993
249.796,1,6.511,-1.646,-1.795,0.0000,-0.7148,0.0000,0.6993
249.796,1,6.511,-1.646,-1.795,0.0000,-0.7148,0.0000,0.6993
249.796,1,6.511,-1.646,-1.795,0.0000,-0.7148,0.0000,0.6993
249.796,1,6.511,-1.646,-1.795,0.0000,-0.7148,0.0000,0.6993
249.796,1,6.511,-1.646,-1.795,0.0000,-0.7148,0.0000,0.6993
249.796,1,6.511,-1.646,-1.795,0.0000,-0.7148,0.0000,0.6993
249.796,1,6.511,-1.646,-1.795,0.0000,-0.7148,0.0000,0.6993
249.796,1,6.511,-1.646,-1.795,0.0000,-0.7148,0.0000,0.6993
249.796,1,6.511,-1.646,-1.795,0.0000,-0.7148,0.0000,0.6993
249.796,1,6.511,-1.646,-1.795,0.0000,-0.7148,0.0000,0.6993
249.796,1,6.511,-1.646,-1.795,0.0000,-0.7148,0.0000,0.6993
249.796,1,6.511,-1.646,-1.795,0.0000,-0.7148,0.0000,0.6993
249.796,1,6.511,-1.646,-1.795,0.0000,-0.7148,0.0000,0.6993
249.796,1,6.511,-1.646,-1.795,0.0000,-0.7148,0.0000,0.6993
249.796,1,6.511,-1.646,-1.795,0.0000,-0.7148,0.0000,0.6993
249.796,1,6.511,-1.646,-1.795,0.0000,-0.7148,0.0000,0.6993
249.796,1,6.511,-1.646,-1.795,0.0000,-0.7148,0.0000,0.6993
249.796,1,6.511,-1.646,-1.795,0.0000,-0.7148,0.0000,0.6993
249.796,1,6.511,-1.646,-1.795,0.0000,-0.7148,0.0000,0.6993
249.796,1,6.511,-1.646,-1.795,0.0000,-0.7148,0.0000,0.6993
249.796,1,6.511,-1.646,-1.795,0.0000,-0.7148,0.0000,0.6993
249.796,1,6.511,-1.646,-1.795,0.0000,-0.7148,0.0000,0.6993
249.796,1,6.511,-1.646,-1.795,0.0000,-0.7148,0.0000,0.6993
249.796,1,6.511,-1.646,-1.795,0.0000,-0.7148,0.0000,0.6993
249.796,1,6.511,-1.646,-1.795,0.0000,-0.7148,0.0000,0.6993
249.796,1,6.511,-1.646,-1.795,0.0000,-0.7148,0.0000,0.6993
249.796,1,6.511,-1.646,-1.795,0.0000,-0.7148,0.0000,0.6993
249.796,1,6.511,-1.646,-1.795,0.0000,-0.7148,0.0000,0.6993
249.796,1,6.511,-1.646,-1.795,0.0000,-0.7148,0.0000,0.6993
249.796,1,6.511,-1.646,-1.795,0.0000,-0.7148,0.0000,0.6993
249.796,1,6.511,-1.646,-1.795,0.0000,-0.7148,0.0000,0.6993
249.796,1,6.511,-1.646,-1.795,0.0000,-0.7148,0.0000,0.6993
249.796,1,6.511,-1.646,-1.795,0.0000,-0.7148,0.0000,0.6993
249.796,1,6.511,-1.646,-1.795,0.0000,-0.7148,0.0000,0.6993
249.796,1,6.511,-1.646,-1.795,0.0000,-0.7148,0.0000,0.6993
249.796,1,6.511,-1.646,-1.795,0.0000,-0.7148,0.0000,0.6993
249.796,1,6.511,-1.646,-1.795,0.0000,-0.7148,0.0000,0.6993
249.796,1,6.511,-1.646,-1.795,0.0000,-0.7148,0.0000,0.6993
249.796,1,6.511,-1.646,-1.795,0.0000,-0.7148,0.0000,0.6993
249.796,1,6.511,-1.646,-1.795,0.0000,-0.7148,0.0000,0.6993
249.796,1,6.511,-1.646,-1.795,0.0000,-0.7148,0.0000,0.6993
249.796,1,6.511,-1.646,-1.795,0.0000,-0.7148,0.0000,0.6993
249.796,1,6.511,-1.646,-1.795,0.0000,-0.7148,0.0000,0.6993
249.796,1,6.511,-1.646,-1.795,0.0000,-0.7148,0.0000,0.6993
249.796,1,6.511,-1.646,-1.795,0.0000,-0.7148,0.0000,0.6993
249.796,1,6.511,-1.646,-1.795,0.0000,-0.7148,0.0000,0.6993
249.796,1,6.511,-1.646,-1.795,0.0000,-0.7148,0.0000,0.6993
249.796,1,6.511,-1.646,-1.795,0.0000,-0.7148,0.0000,0.6993
249.796,1,6.511,-1.646,-1.795,0.0000,-0.7148,0.0000,0.6993
249.796,1,6.511,-1.646,-1.795,0.0000,-0.7148,0.0000,0.6993
249.796,1,6.511,-1.646,-1.795,0.0000,-0.7148,0.0000,0.6993
249.796,1,6.511,-1.646,-1.795,0.0000,-0.7148,0.0000,0.6993
249.796,1,6.511,-1.646,-1.795,0.0000,-0.7148,0.0000,0.6993
249.796,1,6.511,-1.646,-1.795,0.0000,-0.7148,0.0000,0.6993
249.796,1,6.511,-1.646,-1.795,0.0000,-0.7148,0.0000,0.6993
249.796,1,6.511,-1.646,-1.795,0.0000,-0.7148,0.0000,0.6993
249.796,1,6.511,-1.646,-1.795,0.0000,-0.7148,0.0000,0.6993
249.796,1,6.511,-1.646,-1.795,0.0000,-0.7148,0.0000,0.6993
249.796,1,6.511,-1.646,-1.795,0.0000,-0.7148,0.0000,0.6993
249.796,1,6.511,-1.646,-1.795,0.0000,-0.7148,0.0000,0.6993
249.796,1,6.511,-1.646,-1.795,0.0000,-0.7148,0.0000,0.6993
249.796,1,6.511,-1.646,-1.795,0.0000,-0.7148,0.0000,0.6993
249.796,1,6.511,-1.646,-1.795,0.0000,-0.7148,0.0000,0.6993
249.796,1,6.511,-1.646,-1.795,0.0000,-0.7148,0.0000,0.6993
249.796,1,6.511,-1.646,-1.795,0.0000,-0.7148,0.0000,0.6993
249.796,1,6.511,-1.646,-1.795,0.0000,-0.7148,0.0000,0.6993
249.796,1,6.511,-1.646,-1.795,0.0000,-0.7148,0.0000,0.6993
249.796,1,6.511,-1.646,-1.795,0.0000,-0.7148,0.0000,0.6993
249.796,1,6.511,-1.646,-1.795,0.0000,-0.7148,0.0000,0.6993
249.796,1,6.511,-1.646,-1.795,0.0000,-0.7148,0.0000,0.6993
249.796,1,6.511,-1.646,-1.795,0.0000,-0.7148,0.0000,0.6993
249.796,1,6.511,-1.646,-1.795,0.0000,-0.7148,0.0000,0.6993
249.796,1,6.511,-1.646,-1.795,0.0000,-0.7148,0.0000,0.6993
249.796,1,6.511,-1.646,-1.795,0.0000,-0.7148,0.0000,0.6993
249.796,1,6.511,-1.646,-1.795,0.0000,-0.7148,0.0000,0.6993
249.796,1,6.511,-1.646,-1.795,0.0000,-0.7148,0.0000,0.6993
249.796,1,6.511,-1.646,-1.795,0.0000,-0.7148,0.0000,0.6993
249.796,1,6.511,-1.646,-1.795,0.0000,-0.7148,0.0000,0.6993
249.796,1,6.511,-1.646,-1.795,0.0000,-0.7148,0.0000,0.6993
249.796,1,6.511,-1.646,-1.795,0.0000,-0.7148,0.0000,0.6993
249.796,1,6.511,-1.646,-1.795,0.0000,-0.7148,0.0000,0.6993
249.796,1,6.511,-1.646,-1.795,0.0000,-0.7148,0.0000,0.6993
249.796,1,6.511,-1.646,-1.795,0.0000,-0.7148,0.0000,0.6993
249.796,1,6.511,-1.646,-1.795,0.0000,-0.7148,0.0000,0.6993
249.796,1,6.511,-1.646,-1.795,0.0000,-0.7148,0.0000,0.6993
249.796,1,6.511,-1.646,-1.795,0.0000,-0.7148,0.0000,0.6993
249.796,1,6.511,-1.646,-1.795,0.0000,-0.7148,0.0000,0.6993
249.796,1,6.511,-1.646,-1.795,0.0000,-0.7148,0.0000,0.6993
249.796,1,6.511,-1.646,-1.795,0.0000,-0.7148,0.0000,0.6993
249.796,1,6.511,-1.646,-1.795,0.0000,-0.7148,0.0000,0.6993
249.796,1,6.511,-1.646,-1.795,0.0000,-0.7148,0.0000,0.6993
249.796,1,6.511,-1.646,-1.795,0.0000,-0.7148,0.0000,0.6993
249.796,1,6.511,-1.646,-1.795,0.0000,-0.7148,0.0000,0.6993
249.796,1,6.511,-1.646,-1.795,0.0000,-0.7148,0.0000,0.6993
249.796,1,6.511,-1.646,-1.795,0.0000,-0.7148,0.0000,0.6993
249.796,1,6.511,-1.646,-1.795,0.0000,-0.7148,0.0000,0.6993
249.796,1,6.511,-1.646,-1.795,0.0000,-0.7148,0.0000,0.6993
249.796,1,6.511,-1.646,-1.795,0.0000,-0.7148,0.0000,0.6993
249.796,1,6.511,-1.646,-1.795,0.0000,-0.7148,0.0000,0.6993
249.796,1,6.511,-1.646,-1.795,0.0000,-0.7148,0.0000,0.6993
249.796,1,6.511,-1.646,-1.795,0.0000,-0.7148,0.0000,0.6993
249.796,1,6.511,-1.646,-1.795,0.0000,-0.7148,0.0000,0.6993
249.796,1,6.511,-1.646,-1.795,0.0000,-0.7148,0.0000,0.6993
249.796,1,6.511,-1.646,-1.795,0.0000,-0.7148,0.0000,0.6993
249.796,1,6.511,-1.646,-1.795,0.0000,-0.7148,0.0000,0.6993
249.796,1,6.511,-1.646,-1.795,0.0000,-0.7148,0.0000,0.6993
249.796,1,6.511,-1.646,-1.795,0.0000,-0.7148,0.0000,0.6993
249.796,1,6.511,-1.646,-1.795,0.0000,-0.7148,0.0000,0.6993
249.796,1,6.511,-1.646,-1.795,0.0000,-0.7148,0.0000,0.6993
249.796,1,6.511,-1.646,-1.795,0.0000,-0.7148,0.0000,0.6993
249.796,1,6.511,-1.646,-1.795,0.0000,-0.7148,0.0000,0.6993
249.796,1,6.511,-1.646,-1.795,0.0000,-0.7148,0.0000,0.6993
249.796,1,6.511,-1.646,-1.795,0.0000,-0.7148,0.0000,0.6993
249.796,1,6.511,-1.646,-1.795,0.0000,-0.7148,0.0000,0.6993
249.796,1,6.511,-1.646,-1.795,0.0000,-0.7148,0.0000,0.6993
249.796,1,6.511,-1.646,-1.795,0.0000,-0.7148,0.0000,0.6993
249.796,1,6.511,-1.646,-1.795,0.0000,-0.7148,0.0000,0.6993
249.796,1,6.511,-1.646,-1.795,0.0000,-0.7148,0.0000,0.6993
249.796,1,6.511,-1.646,-1.795,0.0000,-0.7148,0.0000,0.6993
249.796,1,6.511,-1.646,-1.795,0.0000,-0.7148,0.0000,0.6993
249.796,1,6.511,-1.646,-1.795,0.0000,-0.7148,0.0000,0.6993
249.796,1,6.511,-1.646,-1.795,0.0000,-0.7148,0.0000,0.6993
249.796,1,6.511,-1.646,-1.795,0.0000,-0.7148,0.0000,0.6993
249.796,1,6.511,-1.646,-1.795,0.0000,-0.7148,0.0000,0.6993
249.796,1,6.511,-1.646,-1.795,0.0000,-0.7148,0.0000,0.6993
249.796,1,6.511,-1.646,-1.795,0.0000,-0.7148,0.0000,0.6993
249.796,1,6.511,-1.646,-1.795,0.0000,-0.7148,0.0000,0.6993
249.796,1,6.511,-1.646,-1.795,0.0000,-0.7148,0.0000,0.6993
249.796,1,6.511,-1.646,-1.795,0.0000,-0.7148,0.0000,0.6993
249.796,1,6.511,-1.646,-1.795,0.0000,-0.7148,0.0000,0.6993
249.796,1,6.511,-1.646,-1.795,0.0000,-0.7148,0.0000,0.6993
249.796,1,6.511,-1.646,-1.795,0.0000,-0.7148,0.0000,0.6993
249.796,1,6.511,-1.646,-1.795,0.0000,-0.7148,0.0000,0.6993
249.796,1,6.511,-1.646,-1.795,0.0000,-0.7148,0.0000,0.6993
249.796,1,6.511,-1.646,-1.795,0.0000,-0.7148,0.0000,0.6993
249.796,1,6.511,-1.646,-1.795,0.0000,-0.7148,0.0000,0.6993
249.796,1,6.511,-1.646,-1.795,0.0000,-0.7148,0.0000,0.6993
249.796,1,6.511,-1.646,-1.795,0.0000,-0.7148,0.0000,0.6993
249.796,1,6.511,-1.646,-1.795,0.0000,-0.7148,0.0000,0.6993
249.796,1,6.511,-1.646,-1.795,0.0000,-0.7148,0.0000,0.6993
249.796,1,6.511,-1.646,-1.795,0.0000,-0.7148,0.0000,0.6993
249.796,1,6.511,-1.646,-1.795,0.0000,-0.7148,0.0000,0.6993
249.796,1,6.511,-1.646,-1.795,0.0000,-0.7148,0.0000,0.6993
249.796,1,6.511,-1.646,-1.795,0.0000,-0.7148,0.0000,0.6993
249.796,1,6.511,-1.646,-1.795,0.0000,-0.7148,0.0000,0.6993
249.796,1,6.511,-1.646,-1.795,0.0000,-0.7148,0.0000,0.6993
249.796,1,6.511,-1.646,-1.795,0.0000,-0.7148,0.0000,0.6993
249.796,1,6.511,-1.646,-1.795,0.0000,-0.7148,0.0000,0.6993
249.796,1,6.511,-1.646,-1.795,0.0000,-0.7148,0.0000,0.6993
249.796,1,6.511,-1.646,-1.795,0.0000,-0.7148,0.0000,0.6993
249.796,1,6.511,-1.646,-1.795,0.0000,-0.7148,0.0000,0.6993
249.796,1,6.511,-1.646,-1.795,0.0000,-0.7148,0.0000,0.6993
249.796,1,6.511,-1.646,-1.795,0.0000,-0.7148,0.0000,0.6993
249.796,1,6.511,-1.646,-1.795,0.0000,-0.7148,0.0000,0.6993
249.796,1,6.511,-1.646,-1.795,0.0000,-0.7148,0.0000,0.6993
249.796,1,6.511,-1.646,-1.795,0.0000,-0.7148,0.0000,0.6993
249.796,1,6.511,-1.646,-1.795,0.0000,-0.7148,0.0000,0.6993
249.796,1,6.511,-1.646,-1.795,0.0000,-0.7148,0.0000,0.6993
249.796,1,6.511,-1.646,-1.795,0.0000,-0.7148,0.0000,0.6993
249.796,1,6.511,-1.646,-1.795,0.0000,-0.7148,0.0000,0.6993
249.796,1,6.511,-1.646,-1.795,0.0000,-0.7148,0.0000,0.6993
249.796,1,6.511,-1.646,-1.795,0.0000,-0.7148,0.0000,0.6993
249.796,1,6.511,-1.646,-1.795,0.0000,-0.7148,0.0000,0.6993
249.796,1,6.511,-1.646,-1.795,0.0000,-0.7148,0.0000,0.6993
249.796,1,6.511,-1.646,-1.795,0.0000,-0.7148,0.0000,0.6993
249.796,1,6.511,-1.646,-1.795,0.0000,-0.7148,0.0000,0.6993
249.796,1,6.511,-1.646,-1.795,0.0000,-0.7148,0.0000,0.6993
249.796,1,6.511,-1.646,-1.795,0.0000,-0.7148,0.0000,0.6993
249.796,1,6.511,-1.646,-1.795,0.0000,-0.7148,0.0000,0.6993
249.796,1,6.511,-1.646,-1.795,0.0000,-0.7148,0.0000,0.6993
249.796,1,6.511,-1.646,-1.795,0.0000,-0.7148,0.0000,0.6993
249.796,1,6.511,-1.646,-1.795,0.0000,-0.7148,0.0000,0.6993
249.796,1,6.511,-1.646,-1.795,0.0000,-0.7148,0.0000,0.6993
249.796,1,6.511,-1.646,-1.795,0.0000,-0.7148,0.0000,0.6993
249.796,1,6.511,-1.646,-1.795,0.0000,-0.7148,0.0000,0.6993
249.796,1,6.511,-1.646,-1.795,0.0000,-0.7148,0.0000,0.6993
249.796,1,6.511,-1.646,-1.795,0.0000,-0.7148,0.0000,0.6993
249.796,1,6.511,-1.646,-1.795,0.0000,-0.7148,0.0000,0.6993
249.796,1,6.511,-1.646,-1.795,0.0000,-0.7148,0.0000,0.6993
249.796,1,6.511,-1.646,-1.795,0.0000,-0.7148,0.0000,0.6993
249.796,1,6.511,-1.646,-1.795,0.0000,-0.7148,0.0000,0.6993
249.796,1,6.511,-1.646,-1.795,0.0000,-0.7148,0.0000,0.6993
249.796,1,6.511,-1.646,-1.795,0.0000,-0.7148,0.0000,0.6993
249.796,1,6.511,-1.646,-1.795,0.0000,-0.7148,0.0000,0.6993
249.796,1,6.511,-1.646,-1.795,0.0000,-0.7148,0.0000,0.6993
249.796,1,6.511,-1.646,-1.795,0.0000,-0.7148,0.0000,0.6993
249.796,1,6.511,-1.646,-1.795,0.0000,-0.7148,0.0000,0.6993
249.796,1,6.511,-1.646,-1.795,0.0000,-0.7148,0.0000,0.6993
249.796,1,6.511,-1.646,-1.795,0.0000,-0.7148,0.0000,0.6993
249.796,1,6.511,-1.646,-1.795,0.0000,-0.7148,0.0000,0.6993
249.796,1,6.511,-1.646,-1.795,0.0000,-0.7148,0.0000,0.6993
249.796,1,6.511,-1.646,-1.795,0.0000,-0.7148,0.0000,0.6993
249.796,1,6.511,-1.646,-1.795,0.0000,-0.7148,0.0000,0.6993
249.796,1,6.511,-1.646,-1.795,0.0000,-0.7148,0.0000,0.6993
249.796,1,6.511,-1.646,-1.795,0.0000,-0.7148,0.0000,0.6993
249.796,1,6.511,-1.646,-1.795,0.0000,-0.7148,0.0000,0.6993
249.796,1,6.511,-1.646,-1.795,0.0000,-0.7148,0.0000,0.6993
249.796,1,6.511,-1.646,-1.795,0.0000,-0.7148,0.0000,0.6993
249.796,1,6.511,-1.646,-1.795,0.0000,-0.7148,0.0000,0.6993
249.796,1,6.511,-1.646,-1.795,0.0000,-0.7148,0.0000,0.6993
249.796,1,6.511,-1.646,-1.795,0.0000,-0.7148,0.0000,0.6993
249.796,1,6.511,-1.646,-1.795,0.0000,-0.7148,0.0000,0.6993
249.796,1,6.511,-1.646,-1.795,0.0000,-0.7148,0.0000,0.6993
249.796,1,6.511,-1.646,-1.795,0.0000,-0.7148,0.0000,0.6993
249.796,1,6.511,-1.646,-1.795,0.0000,-0.7148,0.0000,0.6993
249.796,1,6.511,-1.646,-1.795,0.0000,-0.7148,0.0000,0.6993
249.796,1,6.511,-1.646,-1.795,0.0000,-0.7148,0.0000,0.6993
249.796,1,6.511,-1.646,-1.795,0.0000,-0.7148,0.0000,0.6993
249.796,1,6.511,-1.646,-1.795,0.0000,-0.7148,0.0000,0.6993
249.796,1,6.511,-1.646,-1.795,0.0000,-0.7148,0.0000,0.6993
249.796,1,6.511,-1.646,-1.795,0.0000,-0.7148,0.0000,0.6993
249.796,1,6.511,-1.646,-1.795,0.0000,-0.7148,0.0000,0.6993
249.796,1,6.511,-1.646,-1.795,0.0000,-0.7148,0.0000,0.6993
249.796,1,6.511,-1.646,-1.795,0.0000,-0.7148,0.0000,0.6993
249.796,1,6.511,-1.646,-1.795,0.0000,-0.7148,0.0000,0.6993
249.796,1,6.511,-1.646,-1.795,0.0000,-0.7148,0.0000,0.6993
249.796,1,6.511,-1.646,-1.795,0.0000,-0.7148,0.0000,0.6993
249.796,1,6.511,-1.646,-1.795,0.0000,-0.7148,0.0000,0.6993
249.796,1,6.511,-1.646,-1.795,0.0000,-0.7148,0.0000,0.6993
249.796,1,6.511,-1.646,-1.795,0.0000,-0.7148,0.0000,0.6993
249.796,1,6.511,-1.646,-1.795,0.0000,-0.7148,0.0000,0.6993
249.796,1,6.511,-1.646,-1.795,0.0000,-0.7148,0.0000,0.6993
249.796,1,6.511,-1.646,-1.795,0.0000,-0.7148,0.0000,0.6993
249.796,1,6.511,-1.646,-1.795,0.0000,-0.7148,0.0000,0.6993
249.796,1,6.511,-1.646,-1.795,0.0000,-0.7148,0.0000,0.6993
249.796,1,6.511,-1.646,-1.795,0.0000,-0.7148,0.0000,0.6993
249.796,1,6.511,-1.646,-1.795,0.0000,-0.7148,0.0000,0.6993
249.796,1,6.511,-1.646,-1.795,0.0000,-0.7148,0.0000,0.6993
249.796,1,6.511,-1.646,-1.795,0.0000,-0.7148,0.0000,0.6993
249.796,1,6.511,-1.646,-1.795,0.0000,-0.7148,0.0000,0.6993
249.796,1,6.511,-1.646,-1.795,0.0000,-0.7148,0.0000,0.6993
249.796,1,6.511,-1.646,-1.795,0.0000,-0.7148,0.0000,0.6993
249.796,1,6.511,-1.646,-1.795,0.0000,-0.7148,0.0000,0.6993
249.796,1,6.511,-1.646,-1.795,0.0000,-0.7148,0.0000,0.6993
249.796,1,6.511,-1.646,-1.795,0.0000,-0.7148,0.0000,0.6993
249.796,1,6.511,-1.646,-1.795,0.0000,-0.7148,0.0000,0.6993
249.796,1,6.511,-1.646,-1.795,0.0000,-0.7148,0.0000,0.6993
249.796,1,6.511,-1.646,-1.795,0.0000,-0.7148,0.0000,0.6993
249.796,1,6.511,-1.646,-1.795,0.0000,-0.7148,0.0000,0.6993
249.796,1,6.511,-1.646,-1.795,0.0000,-0.7148,0.0000,0.6993
249.796,1,6.511,-1.646,-1.795,0.0000,-0.7148,0.0000,0.6993
249.796,1,6.511,-1.646,-1.795,0.0000,-0.7148,0.0000,0.6993
249.796,1,6.511,-1.646,-1.795,0.0000,-0.7148,0.0000,0.6993
249.796,1,6.511,-1.646,-1.795,0.0000,-0.7148,0.0000,0.6993
249.796,1,6.511,-1.646,-1.795,0.0000,-0.7148,0.0000,0.6993
249.796,1,6.511,-1.646,-1.795,0.0000,-0.7148,0.0000,0.6993
249.796,1,6.511,-1.646,-1.795,0.0000,-0.7148,0.0000,0.6993
249.796,1,6.511,-1.646,-1.795,0.0000,-0.7148,0.0000,0.6993
249.796,1,6.511,-1.646,-1.795,0.0000,-0.7148,0.0000,0.6993
249.796,1,6.511,-1.646,-1.795,0.0000,-0.7148,0.0000,0.6993
249.796,1,6.511,-1.646,-1.795,0.0000,-0.7148,0.0000,0.6993
249.796,1,6.511,-1.646,-1.795,0.0000,-0.7148,0.0000,0.6993
249.796,1,6.511,-1.646,-1.795,0.0000,-0.7148,0.0000,0.6993
249.796,1,6.511,-1.646,-1.795,0.0000,-0.7148,0.0000,0.6993
249.796,1,6.511,-1.646,-1.795,0.0000,-0.7148,0.0000,0.6993
249.796,1,6.511,-1.646,-1.795,0.0000,-0.7148,0.0000,0.6993
249.796,1,6.511,-1.646,-1.795,0.0000,-0.7148,0.0000,0.6993
249.796,1,6.511,-1.646,-1.795,0.0000,-0.7148,0.0000,0.6993
249.796,1,6.511,-1.646,-1.795,0.0000,-0.7148,0.0000,0.6993
249.796,1,6.511,-1.646,-1.795,0.0000,-0.7148,0.0000,0.6993
249.796,1,6.511,-1.646,-1.795,0.0000,-0.7148,0.0000,0.6993
249.796,1,6.511,-1.646,-1.795,0.0000,-0.7148,0.0000,0.6993
249.796,1,6.511,-1.646,-1.795,0.0000,-0.7148,0.0000,0.6993
249.796,1,6.511,-1.646,-1.795,0.0000,-0.7148,0.0000,0.6993
249.796,1,6.511,-1.646,-1.795,0.0000,-0.7148,0.0000,0.6993
249.796,1,6.511,-1.646,-1.795,0.0000,-0.7148,0.0000,0.6993
249.796,1,6.511,-1.646,-1.795,0.0000,-0.7148,0.0000,0.6993
249.796,1,6.511,-1.646,-1.795,0.0000,-0.7148,0.0000,0.6993
249.796,1,6.511,-1.646,-1.795,0.0000,-0.7148,0.0000,0.6993
249.796,1,6.511,-1.646,-1.795,0.0000,-0.7148,0.0000,0.6993
249.796,1,6.511,-1.646,-1.795,0.0000,-0.7148,0.0000,0.6993
249.796,1,6.511,-1.646,-1.795,0.0000,-0.7148,0.0000,0.6993
249.796,1,6.511,-1.646,-1.795,0.0000,-0.7148,0.0000,0.6993
249.796,1,6.511,-1.646,-1.795,0.0000,-0.7148,0.0000,0.6993
249.796,1,6.511,-1.646,-1.795,0.0000,-0.7148,0.0000,0.6993
249.796,1,6.511,-1.646,-1.795,0.0000,-0.7148,0.0000,0.6993
249.796,1,6.511,-1.646,-1.795,0.0000,-0.7148,0.0000,0.6993
249.796,1,6.511,-1.646,-1.795,0.0000,-0.7148,0.0000,0.6993
249.796,1,6.511,-1.646,-1.795,0.0000,-0.7148,0.0000,0.6993
249.796,1,6.511,-1.646,-1.795,0.0000,-0.7148,0.0000,0.6993
249.796,1,6.511,-1.646,-1.795,0.0000,-0.7148,0.0000,0.6993
249.796,1,6.511,-1.646,-1.795,0.0000,-0.7148,0.0000,0.6993
249.796,1,6.511,-1.646,-1.795,0.0000,-0.7148,0.0000,0.6993
249.796,1,6.511,-1.646,-1.795,0.0000,-0.7148,0.0000,0.6993
249.796,1,6.511,-1.646,-1.795,0.0000,-0.7148,0.0000,0.6993
249.796,1,6.511,-1.646,-1.795,0.0000,-0.7148,0.0000,0.6993
249.796,1,6.511,-1.646,-1.795,0.0000,-0.7148,0.0000,0.6993
249.796,1,6.511,-1.646,-1.795,0.0000,-0.7148,0.0000,0.6993
249.796,1,6.511,-1.646,-1.795,0.0000,-0.7148,0.0000,0.6993
249.796,1,6.511,-1.646,-1.795,0.0000,-0.7148,0.0000,0.6993
249.796,1,6.511,-1.646,-1.795,0.0000,-0.7148,0.0000,0.6993
249.796,1,6.511,-1.646,-1.795,0.0000,-0.7148,0.0000,0.6993
249.796,1,6.511,-1.646,-1.795,0.0000,-0.7148,0.0000,0.6993
249.796,1,6.511,-1.646,-1.795,0.0000,-0.7148,0.0000,0.6993
249.796,1,6.511,-1.646,-1.795,0.0000,-0.7148,0.0000,0.6993
249.796,1,6.511,-1.646,-1.795,0.0000,-0.7148,0.0000,0.6993
249.796,1,6.511,-1.646,-1.795,0.0000,-0.7148,0.0000,0.6993
249.796,1,6.511,-1.646,-1.795,0.0000,-0.7148,0.0000,0.6993
249.796,1,6.511,-1.646,-1.795,0.0000,-0.7148,0.0000,0.6993
249.796,1,6.511,-1.646,-1.795,0.0000,-0.7148,0.0000,0.6993
249.796,1,6.511,-1.646,-1.795,0.0000,-0.7148,0.0000,0.6993
249.796,1,6.511,-1.646,-1.795,0.0000,-0.7148,0.0000,0.6993
249.796,1,6.511,-1.646,-1.795,0.0000,-0.7148,0.0000,0.6993
249.796,1,6.511,-1.646,-1.795,0.0000,-0.7148,0.0000,0.6993
249.796,1,6.511,-1.646,-1.795,0.0000,-0.7148,0.0000,0.6993
249.796,1,6.511,-1.646,-1.795,0.0000,-0.7148,0.0000,0.6993
249.796,1,6.511,-1.646,-1.795,0.0000,-0.7148,0.0000,0.6993
249.796,1,6.511,-1.646,-1.795,0.0000,-0.7148,0.0000,0.6993
249.796,1,6.511,-1.646,-1.795,0.0000,-0.7148,0.0000,0.6993
249.796,1,6.511,-1.646,-1.795,0.0000,-0.7148,0.0000,0.6993
249.796,1,6.511,-1.646,-1.795,0.0000,-0.7148,0.0000,0.6993
249.796,1,6.511,-1.646,-1.795,0.0000,-0.7148,0.0000,0.6993
249.796,1,6.511,-1.646,-1.795,0.0000,-0.7148,0.0000,0.6993
249.796,1,6.511,-1.646,-1.795,0.0000,-0.7148,0.0000,0.6993
249.796,1,6.511,-1.646,-1.795,0.0000,-0.7148,0.0000,0.6993
249.796,1,6.511,-1.646,-1.795,0.0000,-0.7148,0.0000,0.6993
249.796,1,6.511,-1.646,-1.795,0.0000,-0.7148,0.0000,0.6993
249.796,1,6.511,-1.646,-1.795,0.0000,-0.7148,0.0000,0.6993
249.796,1,6.511,-1.646,-1.795,0.0000,-0.7148,0.0000,0.6993
249.796,1,6.511,-1.646,-1.795,0.0000,-0.7148,0.0000,0.6993
249.796,1,6.511,-1.646,-1.795,0.0000,-0.7148,0.0000,0.6993
249.796,1,6.511,-1.646,-1.795,0.0000,-0.7148,0.0000,0.6993
249.796,1,6.511,-1.646,-1.795,0.0000,-0.7148,0.0000,0.6993
249.796,1,6.511,-1.646,-1.795,0.0000,-0.7148,0.0000,0.6993
249.796,1,6.511,-1.646,-1.795,0.0000,-0.7148,0.0000,0.6993
249.796,1,6.511,-1.646,-1.795,0.0000,-0.7148,0.0000,0.6993
249.796,1,6.511,-1.646,-1.795,0.0000,-0.7148,0.0000,0.6993
249.796,1,6.511,-1.646,-1.795,0.0000,-0.7148,0.0000,0.6993
249.796,1,6.511,-1.646,-1.795,0.0000,-0.7148,0.0000,0.6993
249.796,1,6.511,-1.646,-1.795,0.0000,-0.7148,0.0000,0.6993
249.796,1,6.511,-1.646,-1.795,0.0000,-0.7148,0.0000,0.6993
249.796,1,6.511,-1.646,-1.795,0.0000,-0.7148,0.0000,0.6993
249.796,1,6.511,-1.646,-1.795,0.0000,-0.7148,0.0000,0.6993
249.796,1,6.511,-1.646,-1.795,0.0000,-0.7148,0.0000,0.6993
249.796,1,6.511,-1.646,-1.795,0.0000,-0.7148,0.0000,0.6993
249.796,1,6.511,-1.646,-1.795,0.0000,-0.7148,0.0000,0.6993
249.796,1,6.511,-1.646,-1.795,0.0000,-0.7148,0.0000,0.6993
249.796,1,6.511,-1.646,-1.795,0.0000,-0.7148,0.0000,0.6993
249.796,1,6.511,-1.646,-1.795,0.0000,-0.7148,0.0000,0.6993
249.796,1,6.511,-1.646,-1.795,0.0000,-0.7148,0.0000,0.6993
249.796,1,6.511,-1.646,-1.795,0.0000,-0.7148,0.0000,0.6993
249.796,1,6.511,-1.646,-1.795,0.0000,-0.7148,0.0000,0.6993
249.796,1,6.511,-1.646,-1.795,0.0000,-0.7148,0.0000,0.6993
249.796,1,6.511,-1.646,-1.795,0.0000,-0.7148,0.0000,0.6993
249.796,1,6.511,-1.646,-1.795,0.0000,-0.7148,0.0000,0.6993
249.796,1,6.511,-1.646,-1.795,0.0000,-0.7148,0.0000,0.6993
249.796,1,6.511,-1.646,-1.795,0.0000,-0.7148,0.0000,0.6993
249.796,1,6.511,-1.646,-1.795,0.0000,-0.7148,0.0000,0.6993
249.796,1,6.511,-1.646,-1.795,0.0000,-0.7148,0.0000,0.6993
249.796,1,6.511,-1.646,-1.795,0.0000,-0.7148,0.0000,0.6993
249.796,1,6.511,-1.646,-1.795,0.0000,-0.7148,0.0000,0.6993
249.796,1,6.511,-1.646,-1.795,0.0000,-0.7148,0.0000,0.6993
249.796,1,6.511,-1.646,-1.795,0.0000,-0.7148,0.0000,0.6993
249.796,1,6.511,-1.646,-1.795,0.0000,-0.7148,0.0000,0.6993
249.796,1,6.511,-1.646,-1.795,0.0000,-0.7148,0.0000,0.6993
249.796,1,6.511,-1.646,-1.795,0.0000,-0.7148,0.0000,0.6993
249.796,1,6.511,-1.646,-1.795,0.0000,-0.7148,0.0000,0.6993
249.796,1,6.511,-1.646,-1.795,0.0000,-0.7148,0.0000,0.6993
249.796,1,6.511,-1.646,-1.795,0.0000,-0.7148,0.0000,0.6993
249.796,1,6.511,-1.646,-1.795,0.0000,-0.7148,0.0000,0.6993
249.796,1,6.511,-1.646,-1.795,0.0000,-0.7148,0.0000,0.6993
249.796,1,6.511,-1.646,-1.795,0.0000,-0.7148,0.0000,0.6993
249.796,1,6.511,-1.646,-1.795,0.0000,-0.7148,0.0000,0.6993
249.796,1,6.511,-1.646,-1.795,0.0000,-0.7148,0.0000,0.6993
249.796,1,6.511,-1.646,-1.795,0.0000,-0.7148,0.0000,0.6993
249.796,1,6.511,-1.646,-1.795,0.0000,-0.7148,0.0000,0.6993
249.796,1,6.511,-1.646,-1.795,0.0000,-0.7148,0.0000,0.6993
249.796,1,6.511,-1.646,-1.795,0.0000,-0.7148,0.0000,0.6993
249.796,1,6.511,-1.646,-1.795,0.0000,-0.7148,0.0000,0.6993
249.796,1,6.511,-1.646,-1.795,0.0000,-0.7148,0.0000,0.6993
249.796,1,6.511,-1.646,-1.795,0.0000,-0.7148,0.0000,0.6993
249.796,1,6.511,-1.646,-1.795,0.0000,-0.7148,0.0000,0.6993
249.796,1,6.511,-1.646,-1.795,0.0000,-0.7148,0.0000,0.6993
249.796,1,6.511,-1.646,-1.795,0.0000,-0.7148,0.0000,0.6993
249.796,1,6.511,-1.646,-1.795,0.0000,-0.7148,0.0000,0.6993
249.796,1,6.511,-1.646,-1.795,0.0000,-0.7148,0.0000,0.6993
249.796,1,6.511,-1.646,-1.795,0.0000,-0.7148,0.0000,0.6993
249.796,1,6.511,-1.646,-1.795,0.0000,-0.7148,0.0000,0.6993
249.796,1,6.511,-1.646,-1.795,0.0000,-0.7148,0.0000,0.6993
249.796,1,6.511,-1.646,-1.795,0.0000,-0.7148,0.0000,0.6993
249.796,1,6.511,-1.646,-1.795,0.0000,-0.7148,0.0000,0.6993
249.796,1,6.511,-1.646,-1.795,0.0000,-0.7148,0.0000,0.6993
249.796,1,6.511,-1.646,-1.795,0.0000,-0.7148,0.0000,0.6993
249.796,1,6.511,-1.646,-1.795,0.0000,-0.7148,0.0000,0.6993
249.796,1,6.511,-1.646,-1.795,0.0000,-0.7148,0.0000,0.6993
249.796,1,6.511,-1.646,-1.795,0.0000,-0.7148,0.0000,0.6993
249.796,1,6.511,-1.646,-1.795,0.0000,-0.7148,0.0000,0.6993
249.796,1,6.511,-1.646,-1.795,0.0000,-0.7148,0.0000,0.6993
249.796,1,6.511,-1.646,-1.795,0.0000,-0.7148,0.0000,0.6993
249.796,1,6.511,-1.646,-1.795,0.0000,-0.7148,0.0000,0.6993
249.796,1,6.511,-1.646,-1.795,0.0000,-0.7148,0.0000,0.6993
249.796,1,6.511,-1.646,-1.795,0.0000,-0.7148,0.0000,0.6993
249.796,1,6.511,-1.646,-1.795,0.0000,-0.7148,0.0000,0.6993
249.796,1,6.511,-1.646,-1.795,0.0000,-0.7148,0.0000,0.6993
249.796,1,6.511,-1.646,-1.795,0.0000,-0.7148,0.0000,0.6993
249.796,1,6.511,-1.646,-1.795,0.0000,-0.7148,0.0000,0.6993
249.796,1,6.511,-1.646,-1.795,0.0000,-0.7148,0.0000,0.6993
249.796,1,6.511,-1.646,-1.795,0.0000,-0.7148,0.0000,0.6993
249.796,1,6.511,-1.646,-1.795,0.0000,-0.7148,0.0000,0.6993
249.796,1,6.511,-1.646,-1.795,0.0000,-0.7148,0.0000,0.6993
249.796,1,6.511,-1.646,-1.795,0.0000,-0.7148,0.0000,0.6993
249.796,1,6.511,-1.646,-1.795,0.0000,-0.7148,0.0000,0.6993
249.796,1,6.511,-1.646,-1.795,0.0000,-0.7148,0.0000,0.6993
249.796,1,6.511,-1.646,-1.795,0.0000,-0.7148,0.0000,0.6993
249.796,1,6.511,-1.646,-1.795,0.0000,-0.7148,0.0000,0.6993
249.796,1,6.511,-1.646,-1.795,0.0000,-0.7148,0.0000,0.6993
249.796,1,6.511,-1.646,-1.795,0.0000,-0.7148,0.0000,0.6993
249.796,1,6.511,-1.646,-1.795,0.0000,-0.7148,0.0000,0.6993
249.796,1,6.511,-1.646,-1.795,0.0000,-0.7148,0.0000,0.6993
249.796,1,6.511,-1.646,-1.795,0.0000,-0.7148,0.0000,0.6993
249.796,1,6.511,-1.646,-1.795,0.0000,-0.7148,0.0000,0.6993
249.796,1,6.511,-1.646,-1.795,0.0000,-0.7148,0.0000,0.6993
249.796,1,6.511,-1.646,-1.795,0.0000,-0.7148,0.0000,0.6993
249.796,1,6.511,-1.646,-1.795,0.0000,-0.7148,0.0000,0.6993
249.796,1,6.511,-1.646,-1.795,0.0000,-0.7148,0.0000,0.6993
249.796,1,6.511,-1.646,-1.795,0.0000,-0.7148,0.0000,0.6993
249.796,1,6.511,-1.646,-1.795,0.0000,-0.7148,0.0000,0.6993
249.796,1,6.511,-1.646,-1.795,0.0000,-0.7148,0.0000,0.6993
249.796,1,6.511,-1.646,-1.795,0.0000,-0.7148,0.0000,0.6993
249.796,1,6.511,-1.646,-1.795,0.0000,-0.7148,0.0000,0.6993
249.796,1,6.511,-1.646,-1.795,0.0000,-0.7148,0.0000,0.6993
249.796,1,6.511,-1.646,-1.795,0.0000,-0.7148,0.0000,0.6993
249.796,1,6.511,-1.646,-1.795,0.0000,-0.7148,0.0000,0.6993
249.796,1,6.511,-1.646,-1.795,0.0000,-0.7148,0.0000,0.6993
249.796,1,6.511,-1.646,-1.795,0.0000,-0.7148,0.0000,0.6993
249.796,1,6.511,-1.646,-1.795,0.0000,-0.7148,0.0000,0.6993
249.796,1,6.511,-1.646,-1.795,0.0000,-0.7148,0.0000,0.6993
249.796,1,6.511,-1.646,-1.795,0.0000,-0.7148,0.0000,0.6993
249.796,1,6.511,-1.646,-1.795,0.0000,-0.7148,0.0000,0.6993
249.796,1,6.511,-1.646,-1.795,0.0000,-0.7148,0.0000,0.6993
249.796,1,6.511,-1.646,-1.795,0.0000,-0.7148,0.0000,0.6993
249.796,1,6.511,-1.646,-1.795,0.0000,-0.7148,0.0000,0.6993
249.796,1,6.511,-1.646,-1.795,0.0000,-0.7148,0.0000,0.6993
249.796,1,6.511,-1.646,-1.795,0.0000,-0.7148,0.0000,0.6993
249.796,1,6.511,-1.646,-1.795,0.0000,-0.7148,0.0000,0.6993
249.796,1,6.511,-1.646,-1.795,0.0000,-0.7148,0.0000,0.6993
249.796,1,6.511,-1.646,-1.795,0.0000,-0.7148,0.0000,0.6993
249.796,1,6.511,-1.646,-1.795,0.0000,-0.7148,0.0000,0.6993
249.796,1,6.511,-1.646,-1.795,0.0000,-0.7148,0.0000,0.6993
249.796,1,6.511,-1.646,-1.795,0.0000,-0.7148,0.0000,0.6993
249.796,1,6.511,-1.646,-1.795,0.0000,-0.7148,0.0000,0.6993
249.796,1,6.511,-1.646,-1.795,0.0000,-0.7148,0.0000,0.6993
249.796,1,6.511,-1.646,-1.795,0.0000,-0.7148,0.0000,0.6993
249.796,1,6.511,-1.646,-1.795,0.0000,-0.7148,0.0000,0.6993
249.796,1,6.511,-1.646,-1.795,0.0000,-0.7148,0.0000,0.6993
249.796,1,6.511,-1.646,-1.795,0.0000,-0.7148,0.0000,0.6993
249.796,1,6.511,-1.646,-1.795,0.0000,-0.7148,0.0000,0.6993
249.796,1,6.511,-1.646,-1.795,0.0000,-0.7148,0.0000,0.6993
249.796,1,6.511,-1.646,-1.795,0.0000,-0.7148,0.0000,0.6993
249.796,1,6.511,-1.646,-1.795,0.0000,-0.7148,0.0000,0.6993
249.796,1,6.511,-1.646,-1.795,0.0000,-0.7148,0.0000,0.6993
249.796,1,6.511,-1.646,-1.795,0.0000,-0.7148,0.0000,0.6993
249.796,1,6.511,-1.646,-1.795,0.0000,-0.7148,0.0000,0.6993
249.796,1,6.511,-1.646,-1.795,0.0000,-0.7148,0.0000,0.6993
249.796,1,6.511,-1.646,-1.795,0.0000,-0.7148,0.0000,0.6993
249.796,1,6.511,-1.646,-1.795,0.0000,-0.7148,0.0000,0.6993
249.796,1,6.511,-1.646,-1.795,0.0000,-0.7148,0.0000,0.6993
249.796,1,6.511,-1.646,-1.795,0.0000,-0.7148,0.0000,0.6993
249.796,1,6.511,-1.646,-1.795,0.0000,-0.7148,0.0000,0.6993
249.796,1,6.511,-1.646,-1.795,0.0000,-0.7148,0.0000,0.6993
249.796,1,6.511,-1.646,-1.795,0.0000,-0.7148,0.0000,0.6993
249.796,1,6.511,-1.646,-1.795,0.0000,-0.7148,0.0000,0.6993
249.796,1,6.511,-1.646,-1.795,0.0000,-0.7148,0.0000,0.6993
249.796,1,6.511,-1.646,-1.795,0.0000,-0.7148,0.0000,0.6993
249.796,1,6.511,-1.646,-1.795,0.0000,-0.7148,0.0000,0.6993
249.796,1,6.511,-1.646,-1.795,0.0000,-0.7148,0.0000,0.6993
249.796,1,6.511,-1.646,-1.795,0.0000,-0.7148,0.0000,0.6993
249.796,1,6.511,-1.646,-1.795,0.0000,-0.7148,0.0000,0.6993
249.796,1,6.511,-1.646,-1.795,0.0000,-0.7148,0.0000,0.6993
249.796,1,6.511,-1.646,-1.795,0.0000,-0.7148,0.0000,0.6993
249.796,1,6.511,-1.646,-1.795,0.0000,-0.7148,0.0000,0.6993
249.796,1,6.511,-1.646,-1.795,0.0000,-0.7148,0.0000,0.6993
249.796,1,6.511,-1.646,-1.795,0.0000,-0.7148,0.0000,0.6993
249.796,1,6.511,-1.646,-1.795,0.0000,-0.7148,0.0000,0.6993
249.796,1,6.511,-1.646,-1.795,0.0000,-0.7148,0.0000,0.6993
249.796,1,6.511,-1.646,-1.795,0.0000,-0.7148,0.0000,0.6993
249.796,1,6.511,-1.646,-1.795,0.0000,-0.7148,0.0000,0.6993
249.796,1,6.511,-1.646,-1.795,0.0000,-0.7148,0.0000,0.6993
249.796,1,6.511,-1.646,-1.795,0.0000,-0.7148,0.0000,0.6993
249.796,1,6.511,-1.646,-1.795,0.0000,-0.7148,0.0000,0.6993
249.796,1,6.511,-1.646,-1.795,0.0000,-0.7148,0.0000,0.6993
249.796,1,6.511,-1.646,-1.795,0.0000,-0.7148,0.0000,0.6993
249.796,1,6.511,-1.646,-1.795,0.0000,-0.7148,0.0000,0.6993
249.796,1,6.511,-1.646,-1.795,0.0000,-0.7148,0.0000,0.6993
249.796,1,6.511,-1.646,-1.795,0.0000,-0.7148,0.0000,0.6993
249.796,1,6.511,-1.646,-1.795,0.0000,-0.7148,0.0000,0.6993
249.796,1,6.511,-1.646,-1.795,0.0000,-0.7148,0.0000,0.6993
249.796,1,6.511,-1.646,-1.795,0.0000,-0.7148,0.0000,0.6993
249.796,1,6.511,-1.646,-1.795,0.0000,-0.7148,0.0000,0.6993
249.796,1,6.511,-1.646,-1.795,0.0000,-0.7148,0.0000,0.6993
249.796,1,6.511,-1.646,-1.795,0.0000,-0.7148,0.0000,0.6993
249.796,1,6.511,-1.646,-1.795,0.0000,-0.7148,0.0000,0.6993
249.796,1,6.511,-1.646,-1.795,0.0000,-0.7148,0.0000,0.6993
249.796,1,6.511,-1.646,-1.795,0.0000,-0.7148,0.0000,0.6993
249.796,1,6.511,-1.646,-1.795,0.0000,-0.7148,0.0000,0.6993
249.796,1,6.511,-1.646,-1.795,0.0000,-0.7148,0.0000,0.6993
249.796,1,6.511,-1.646,-1.795,0.0000,-0.7148,0.0000,0.6993
249.796,1,6.511,-1.646,-1.795,0.0000,-0.7148,0.0000,0.6993
249.796,1,6.511,-1.646,-1.795,0.0000,-0.7148,0.0000,0.6993
249.796,1,6.511,-1.646,-1.795,0.0000,-0.7148,0.0000,0.6993
249.796,1,6.511,-1.646,-1.795,0.0000,-0.7148,0.0000,0.6993
249.796,1,6.511,-1.646,-1.795,0.0000,-0.7148,0.0000,0.6993
249.796,1,6.511,-1.646,-1.795,0.0000,-0.7148,0.0000,0.6993
249.796,1,6.511,-1.646,-1.795,0.0000,-0.7148,0.0000,0.6993
249.796,1,6.511,-1.646,-1.795,0.0000,-0.7148,0.0000,0.6993
249.796,1,6.511,-1.646,-1.795,0.0000,-0.7148,0.0000,0.6993
249.796,1,6.511,-1.646,-1.795,0.0000,-0.7148,0.0000,0.6993
249.796,1,6.511,-1.646,-1.795,0.0000,-0.7148,0.0000,0.6993
249.796,1,6.511,-1.646,-1.795,0.0000,-0.7148,0.0000,0.6993
249.796,1,6.511,-1.646,-1.795,0.0000,-0.7148,0.0000,0.6993
249.796,1,6.511,-1.646,-1.795,0.0000,-0.7148,0.0000,0.6993
249.796,1,6.511,-1.646,-1.795,0.0000,-0.7148,0.0000,0.6993
249.796,1,6.511,-1.646,-1.795,0.0000,-0.7148,0.0000,0.6993
249.796,1,6.511,-1.646,-1.795,0.0000,-0.7148,0.0000,0.6993
249.796,1,6.511,-1.646,-1.795,0.0000,-0.7148,0.0000,0.6993
249.796,1,6.511,-1.646,-1.795,0.0000,-0.7148,0.0000,0.6993
249.796,1,6.511,-1.646,-1.795,0.0000,-0.7148,0.0000,0.6993
249.796,1,6.511,-1.646,-1.795,0.0000,-0.7148,0.0000,0.6993
249.796,1,6.511,-1.646,-1.795,0.0000,-0.7148,0.0000,0.6993
249.796,1,6.511,-1.646,-1.795,0.0000,-0.7148,0.0000,0.6993
249.796,1,6.511,-1.646,-1.795,0.0000,-0.7148,0.0000,0.6993
249.796,1,6.511,-1.646,-1.795,0.0000,-0.7148,0.0000,0.6993
249.796,1,6.511,-1.646,-1.795,0.0000,-0.7148,0.0000,0.6993
249.796,1,6.511,-1.646,-1.795,0.0000,-0.7148,0.0000,0.6993
249.796,1,6.511,-1.646,-1.795,0.0000,-0.7148,0.0000,0.6993
249.796,1,6.511,-1.646,-1.795,0.0000,-0.7148,0.0000,0.6993
249.796,1,6.511,-1.646,-1.795,0.0000,-0.7148,0.0000,0.6993
249.796,1,6.511,-1.646,-1.795,0.0000,-0.7148,0.0000,0.6993
249.796,1,6.511,-1.646,-1.795,0.0000,-0.7148,0.0000,0.6993
249.796,1,6.511,-1.646,-1.795,0.0000,-0.7148,0.0000,0.6993
249.796,1,6.511,-1.646,-1.795,0.0000,-0.7148,0.0000,0.6993
249.796,1,6.511,-1.646,-1.795,0.0000,-0.7148,0.0000,0.6993
249.796,1,6.511,-1.646,-1.795,0.0000,-0.7148,0.0000,0.6993
249.796,1,6.511,-1.646,-1.795,0.0000,-0.7148,0.0000,0.6993
249.796,1,6.511,-1.646,-1.795,0.0000,-0.7148,0.0000,0.6993
249.796,1,6.511,-1.646,-1.795,0.0000,-0.7148,0.0000,0.6993
249.796,1,6.511,-1.646,-1.795,0.0000,-0.7148,0.0000,0.6993
249.796,1,6.511,-1.646,-1.795,0.0000,-0.7148,0.0000,0.6993
249.796,1,6.511,-1.646,-1.795,0.0000,-0.7148,0.0000,0.6993
249.796,1,6.511,-1.646,-1.795,0.0000,-0.7148,0.0000,0.6993
249.796,1,6.511,-1.646,-1.795,0.0000,-0.7148,0.0000,0.6993
249.796,1,6.511,-1.646,-1.795,0.0000,-0.7148,0.0000,0.6993
249.796,1,6.511,-1.646,-1.795,0.0000,-0.7148,0.0000,0.6993
249.796,1,6.511,-1.646,-1.795,0.0000,-0.7148,0.0000,0.6993
249.796,1,6.511,-1.646,-1.795,0.0000,-0.7148,0.0000,0.6993
249.796,1,6.511,-1.646,-1.795,0.0000,-0.7148,0.0000,0.6993
249.796,1,6.511,-1.646,-1.795,0.0000,-0.7148,0.0000,0.6993
249.796,1,6.511,-1.646,-1.795,0.0000,-0.7148,0.0000,0.6993
249.796,1,6.511,-1.646,-1.795,0.0000,-0.7148,0.0000,0.6993
249.796,1,6.511,-1.646,-1.795,0.0000,-0.7148,0.0000,0.6993
249.796,1,6.511,-1.646,-1.795,0.0000,-0.7148,0.0000,0.6993
249.796,1,6.511,-1.646,-1.795,0.0000,-0.7148,0.0000,0.6993
249.796,1,6.511,-1.646,-1.795,0.0000,-0.7148,0.0000,0.6993
249.796,1,6.511,-1.646,-1.795,0.0000,-0.7148,0.0000,0.6993
249.796,1,6.511,-1.646,-1.795,0.0000,-0.7148,0.0000,0.6993
249.796,1,6.511,-1.646,-1.795,0.0000,-0.7148,0.0000,0.6993
249.796,1,6.511,-1.646,-1.795,0.0000,-0.7148,0.0000,0.6993
249.796,1,6.511,-1.646,-1.795,0.0000,-0.7148,0.0000,0.6993
249.796,1,6.511,-1.646,-1.795,0.0000,-0.7148,0.0000,0.6993
249.796,1,6.511,-1.646,-1.795,0.0000,-0.7148,0.0000,0.6993
249.796,1,6.511,-1.646,-1.795,0.0000,-0.7148,0.0000,0.6993
249.796,1,6.511,-1.646,-1.795,0.0000,-0.7148,0.0000,0.6993
249.796,1,6.511,-1.646,-1.795,0.0000,-0.7148,0.0000,0.6993
249.796,1,6.511,-1.646,-1.795,0.0000,-0.7148,0.0000,0.6993
249.796,1,6.511,-1.646,-1.795,0.0000,-0.7148,0.0000,0.6993
249.796,1,6.511,-1.646,-1.795,0.0000,-0.7148,0.0000,0.6993
249.796,1,6.511,-1.646,-1.795,0.0000,-0.7148,0.0000,0.6993
249.796,1,6.511,-1.646,-1.795,0.0000,-0.7148,0.0000,0.6993
249.796,1,6.511,-1.646,-1.795,0.0000,-0.7148,0.0000,0.6993
249.796,1,6.511,-1.646,-1.795,0.0000,-0.7148,0.0000,0.6993
249.796,1,6.511,-1.646,-1.795,0.0000,-0.7148,0.0000,0.6993
249.796,1,6.511,-1.646,-1.795,0.0000,-0.7148,0.0000,0.6993
249.796,1,6.511,-1.646,-1.795,0.0000,-0.7148,0.0000,0.6993
249.796,1,6.511,-1.646,-1.795,0.0000,-0.7148,0.0000,0.6993
249.796,1,6.511,-1.646,-1.795,0.0000,-0.7148,0.0000,0.6993
249.796,1,6.511,-1.646,-1.795,0.0000,-0.7148,0.0000,0.6993
249.796,1,6.511,-1.646,-1.795,0.0000,-0.7148,0.0000,0.6993
249.796,1,6.511,-1.646,-1.795,0.0000,-0.7148,0.0000,0.6993
249.796,1,6.511,-1.646,-1.795,0.0000,-0.7148,0.0000,0.6993
249.796,1,6.511,-1.646,-1.795,0.0000,-0.7148,0.0000,0.6993
249.796,1,6.511,-1.646,-1.795,0.0000,-0.7148,0.0000,0.6993
249.796,1,6.511,-1.646,-1.795,0.0000,-0.7148,0.0000,0.6993
249.796,1,6.511,-1.646,-1.795,0.0000,-0.7148,0.0000,0.6993
249.796,1,6.511,-1.646,-1.795,0.0000,-0.7148,0.0000,0.6993
249.796,1,6.511,-1.646,-1.795,0.0000,-0.7148,0.0000,0.6993
249.796,1,6.511,-1.646,-1.795,0.0000,-0.7148,0.0000,0.6993
249.796,1,6.511,-1.646,-1.795,0.0000,-0.7148,0.0000,0.6993
249.796,1,6.511,-1.646,-1.795,0.0000,-0.7148,0.0000,0.6993
249.796,1,6.511,-1.646,-1.795,0.0000,-0.7148,0.0000,0.6993
249.796,1,6.511,-1.646,-1.795,0.0000,-0.7148,0.0000,0.6993
249.796,1,6.511,-1.646,-1.795,0.0000,-0.7148,0.0000,0.6993
249.796,1,6.511,-1.646,-1.795,0.0000,-0.7148,0.0000,0.6993
249.796,1,6.511,-1.646,-1.795,0.0000,-0.7148,0.0000,0.6993
249.796,1,6.511,-1.646,-1.795,0.0000,-0.7148,0.0000,0.6993
249.796,1,6.511,-1.646,-1.795,0.0000,-0.7148,0.0000,0.6993
249.796,1,6.511,-1.646,-1.795,0.0000,-0.7148,0.0000,0.6993
249.796,1,6.511,-1.646,-1.795,0.0000,-0.7148,0.0000,0.6993
249.796,1,6.511,-1.646,-1.795,0.0000,-0.7148,0.0000,0.6993
249.796,1,6.511,-1.646,-1.795,0.0000,-0.7148,0.0000,0.6993
249.796,1,6.511,-1.646,-1.795,0.0000,-0.7148,0.0000,0.6993
249.796,1,6.511,-1.646,-1.795,0.0000,-0.7148,0.0000,0.6993
249.796,1,6.511,-1.646,-1.795,0.0000,-0.7148,0.0000,0.6993
249.796,1,6.511,-1.646,-1.795,0.0000,-0.7148,0.0000,0.6993
249.796,1,6.511,-1.646,-1.795,0.0000,-0.7148,0.0000,0.6993
249.796,1,6.511,-1.646,-1.795,0.0000,-0.7148,0.0000,0.6993
249.796,1,6.511,-1.646,-1.795,0.0000,-0.7148,0.0000,0.6993
249.796,1,6.511,-1.646,-1.795,0.0000,-0.7148,0.0000,0.6993
249.796,1,6.511,-1.646,-1.795,0.0000,-0.7148,0.0000,0.6993
249.796,1,6.511,-1.646,-1.795,0.0000,-0.7148,0.0000,0.6993
249.796,1,6.511,-1.646,-1.795,0.0000,-0.7148,0.0000,0.6993
249.796,1,6.511,-1.646,-1.795,0.0000,-0.7148,0.0000,0.6993
249.796,1,6.511,-1.646,-1.795,0.0000,-0.7148,0.0000,0.6993
249.796,1,6.511,-1.646,-1.795,0.0000,-0.7148,0.0000,0.6993
249.796,1,6.511,-1.646,-1.795,0.0000,-0.7148,0.0000,0.6993
249.796,1,6.511,-1.646,-1.795,0.0000,-0.7148,0.0000,0.6993
249.796,1,6.511,-1.646,-1.795,0.0000,-0.7148,0.0000,0.6993
249.796,1,6.511,-1.646,-1.795,0.0000,-0.7148,0.0000,0.6993
249.796,1,6.511,-1.646,-1.795,0.0000,-0.7148,0.0000,0.6993
249.796,1,6.511,-1.646,-1.795,0.0000,-0.7148,0.0000,0.6993
249.796,1,6.511,-1.646,-1.795,0.0000,-0.7148,0.0000,0.6993
249.796,1,6.511,-1.646,-1.795,0.0000,-0.7148,0.0000,0.6993
249.796,1,6.511,-1.646,-1.795,0.0000,-0.7148,0.0000,0.6993
249.796,1,6.511,-1.646,-1.795,0.0000,-0.7148,0.0000,0.6993
249.796,1,6.511,-1.646,-1.795,0.0000,-0.7148,0.0000,0.6993
249.796,1,6.511,-1.646,-1.795,0.0000,-0.7148,0.0000,0.6993
249.796,1,6.511,-1.646,-1.795,0.0000,-0.7148,0.0000,0.6993
249.796,1,6.511,-1.646,-1.795,0.0000,-0.7148,0.0000,0.6993
249.796,1,6.511,-1.646,-1.795,0.0000,-0.7148,0.0000,0.6993
249.796,1,6.511,-1.646,-1.795,0.0000,-0.7148,0.0000,0.6993
249.796,1,6.511,-1.646,-1.795,0.0000,-0.7148,0.0000,0.6993
249.796,1,6.511,-1.646,-1.795,0.0000,-0.7148,0.0000,0.6993
249.796,1,6.511,-1.646,-1.795,0.0000,-0.7148,0.0000,0.6993
249.796,1,6.511,-1.646,-1.795,0.0000,-0.7148,0.0000,0.6993
249.796,1,6.511,-1.646,-1.795,0.0000,-0.7148,0.0000,0.6993
249.796,1,6.511,-1.646,-1.795,0.0000,-0.7148,0.0000,0.6993
249.796,1,6.511,-1.646,-1.795,0.0000,-0.7148,0.0000,0.6993
249.796,1,6.511,-1.646,-1.795,0.0000,-0.7148,0.0000,0.6993
249.796,1,6.511,-1.646,-1.795,0.0000,-0.7148,0.0000,0.6993
249.796,1,6.511,-1.646,-1.795,0.0000,-0.7148,0.0000,0.6993
249.796,1,6.511,-1.646,-1.795,0.0000,-0.7148,0.0000,0.6993
249.796,1,6.511,-1.646,-1.795,0.0000,-0.7148,0.0000,0.6993
249.796,1,6.511,-1.646,-1.795,0.0000,-0.7148,0.0000,0.6993
249.796,1,6.511,-1.646,-1.795,0.0000,-0.7148,0.0000,0.6993
249.796,1,6.511,-1.646,-1.795,0.0000,-0.7148,0.0000,0.6993
249.796,1,6.511,-1.646,-1.795,0.0000,-0.7148,0.0000,0.6993
249.796,1,6.511,-1.646,-1.795,0.0000,-0.7148,0.0000,0.6993
249.796,1,6.511,-1.646,-1.795,0.0000,-0.7148,0.0000,0.6993
249.796,1,6.511,-1.646,-1.795,0.0000,-0.7148,0.0000,0.6993
249.796,1,6.511,-1.646,-1.795,0.0000,-0.7148,0.0000,0.6993
249.796,1,6.511,-1.646,-1.795,0.0000,-0.7148,0.0000,0.6993
249.796,1,6.511,-1.646,-1.795,0.0000,-0.7148,0.0000,0.6993
249.796,1,6.511,-1.646,-1.795,0.0000,-0.7148,0.0000,0.6993
249.796,1,6.511,-1.646,-1.795,0.0000,-0.7148,0.0000,0.6993
249.796,1,6.511,-1.646,-1.795,0.0000,-0.7148,0.0000,0.6993
249.796,1,6.511,-1.646,-1.795,0.0000,-0.7148,0.0000,0.6993
249.796,1,6.511,-1.646,-1.795,0.0000,-0.7148,0.0000,0.6993
249.796,1,6.511,-1.646,-1.795,0.0000,-0.7148,0.0000,0.6993
249.796,1,6.511,-1.646,-1.795,0.0000,-0.7148,0.0000,0.6993
249.796,1,6.511,-1.646,-1.795,0.0000,-0.7148,0.0000,0.6993
249.796,1,6.511,-1.646,-1.795,0.0000,-0.7148,0.0000,0.6993
249.796,1,6.511,-1.646,-1.795,0.0000,-0.7148,0.0000,0.6993
249.796,1,6.511,-1.646,-1.795,0.0000,-0.7148,0.0000,0.6993
249.796,1,6.511,-1.646,-1.795,0.0000,-0.7148,0.0000,0.6993
249.796,1,6.511,-1.646,-1.795,0.0000,-0.7148,0.0000,0.6993
249.796,1,6.511,-1.646,-1.795,0.0000,-0.7148,0.0000,0.6993
249.796,1,6.511,-1.646,-1.795,0.0000,-0.7148,0.0000,0.6993
249.796,1,6.511,-1.646,-1.795,0.0000,-0.7148,0.0000,0.6993
249.796,1,6.511,-1.646,-1.795,0.0000,-0.7148,0.0000,0.6993
249.796,1,6.511,-1.646,-1.795,0.0000,-0.7148,0.0000,0.6993
249.796,1,6.511,-1.646,-1.795,0.0000,-0.7148,0.0000,0.6993
249.796,1,6.511,-1.646,-1.795,0.0000,-0.7148,0.0000,0.6993
249.796,1,6.511,-1.646,-1.795,0.0000,-0.7148,0.0000,0.6993
249.796,1,6.511,-1.646,-1.795,0.0000,-0.7148,0.0000,0.6993
249.796,1,6.511,-1.646,-1.795,0.0000,-0.7148,0.0000,0.6993
249.796,1,6.511,-1.646,-1.795,0.0000,-0.7148,0.0000,0.6993
249.796,1,6.511,-1.646,-1.795,0.0000,-0.7148,0.0000,0.6993
249.796,1,6.511,-1.646,-1.795,0.0000,-0.7148,0.0000,0.6993
249.796,1,6.511,-1.646,-1.795,0.0000,-0.7148,0.0000,0.6993
249.796,1,6.511,-1.646,-1.795,0.0000,-0.7148,0.0000,0.6993
249.796,1,6.511,-1.646,-1.795,0.0000,-0.7148,0.0000,0.6993
249.796,1,6.511,-1.646,-1.795,0.0000,-0.7148,0.0000,0.6993
249.796,1,6.511,-1.646,-1.795,0.0000,-0.7148,0.0000,0.6993
249.796,1,6.511,-1.646,-1.795,0.0000,-0.7148,0.0000,0.6993
249.796,1,6.511,-1.646,-1.795,0.0000,-0.7148,0.0000,0.6993
249.796,1,6.511,-1.646,-1.795,0.0000,-0.7148,0.0000,0.6993
249.796,1,6.511,-1.646,-1.795,0.0000,-0.7148,0.0000,0.6993
249.796,1,6.511,-1.646,-1.795,0.0000,-0.7148,0.0000,0.6993
249.796,1,6.511,-1.646,-1.795,0.0000,-0.7148,0.0000,0.6993
249.796,1,6.511,-1.646,-1.795,0.0000,-0.7148,0.0000,0.6993
249.796,1,6.511,-1.646,-1.795,0.0000,-0.7148,0.0000,0.6993
249.796,1,6.511,-1.646,-1.795,0.0000,-0.7148,0.0000,0.6993
249.796,1,6.511,-1.646,-1.795,0.0000,-0.7148,0.0000,0.6993
249.796,1,6.511,-1.646,-1.795,0.0000,-0.7148,0.0000,0.6993
249.796,1,6.511,-1.646,-1.795,0.0000,-0.7148,0.0000,0.6993
249.796,1,6.511,-1.646,-1.795,0.0000,-0.7148,0.0000,0.6993
249.796,1,6.511,-1.646,-1.795,0.0000,-0.7148,0.0000,0.6993
249.796,1,6.511,-1.646,-1.795,0.0000,-0.7148,0.0000,0.6993
249.796,1,6.511,-1.646,-1.795,0.0000,-0.7148,0.0000,0.6993
249.796,1,6.511,-1.646,-1.795,0.0000,-0.7148,0.0000,0.6993
249.796,1,6.511,-1.646,-1.795,0.0000,-0.7148,0.0000,0.6993
249.796,1,6.511,-1.646,-1.795,0.0000,-0.7148,0.0000,0.6993
249.796,1,6.511,-1.646,-1.795,0.0000,-0.7148,0.0000,0.6993
249.796,1,6.511,-1.646,-1.795,0.0000,-0.7148,0.0000,0.6993
249.796,1,6.511,-1.646,-1.795,0.0000,-0.7148,0.0000,0.6993
249.796,1,6.511,-1.646,-1.795,0.0000,-0.7148,0.0000,0.6993
249.796,1,6.511,-1.646,-1.795,0.0000,-0.7148,0.0000,0.6993
249.796,1,6.511,-1.646,-1.795,0.0000,-0.7148,0.0000,0.6993
249.796,1,6.511,-1.646,-1.795,0.0000,-0.7148,0.0000,0.6993
249.796,1,6.511,-1.646,-1.795,0.0000,-0.7148,0.0000,0.6993
249.796,1,6.511,-1.646,-1.795,0.0000,-0.7148,0.0000,0.6993
249.796,1,6.511,-1.646,-1.795,0.0000,-0.7148,0.0000,0.6993
249.796,1,6.511,-1.646,-1.795,0.0000,-0.7148,0.0000,0.6993
249.796,1,6.511,-1.646,-1.795,0.0000,-0.7148,0.0000,0.6993
249.796,1,6.511,-1.646,-1.795,0.0000,-0.7148,0.0000,0.6993
249.796,1,6.511,-1.646,-1.795,0.0000,-0.7148,0.0000,0.6993
249.796,1,6.511,-1.646,-1.795,0.0000,-0.7148,0.0000,0.6993
249.796,1,6.511,-1.646,-1.795,0.0000,-0.7148,0.0000,0.6993
249.796,1,6.511,-1.646,-1.795,0.0000,-0.7148,0.0000,0.6993
249.796,1,6.511,-1.646,-1.795,0.0000,-0.7148,0.0000,0.6993
249.796,1,6.511,-1.646,-1.795,0.0000,-0.7148,0.0000,0.6993
249.796,1,6.511,-1.646,-1.795,0.0000,-0.7148,0.0000,0.6993
249.796,1,6.511,-1.646,-1.795,0.0000,-0.7148,0.0000,0.6993
249.796,1,6.511,-1.646,-1.795,0.0000,-0.7148,0.0000,0.6993
249.796,1,6.511,-1.646,-1.795,0.0000,-0.7148,0.0000,0.6993
249.796,1,6.511,-1.646,-1.795,0.0000,-0.7148,0.0000,0.6993
249.796,1,6.511,-1.646,-1.795,0.0000,-0.7148,0.0000,0.6993
249.796,1,6.511,-1.646,-1.795,0.0000,-0.7148,0.0000,0.6993
249.796,1,6.511,-1.646,-1.795,0.0000,-0.7148,0.0000,0.6993
249.796,1,6.511,-1.646,-1.795,0.0000,-0.7148,0.0000,0.6993
249.796,1,6.511,-1.646,-1.795,0.0000,-0.7148,0.0000,0.6993
249.796,1,6.511,-1.646,-1.795,0.0000,-0.7148,0.0000,0.6993
249.796,1,6.511,-1.646,-1.795,0.0000,-0.7148,0.0000,0.6993
249.796,1,6.511,-1.646,-1.795,0.0000,-0.7148,0.0000,0.6993
249.796,1,6.511,-1.646,-1.795,0.0000,-0.7148,0.0000,0.6993
249.796,1,6.511,-1.646,-1.795,0.0000,-0.7148,0.0000,0.6993
249.796,1,6.511,-1.646,-1.795,0.0000,-0.7148,0.0000,0.6993
249.796,1,6.511,-1.646,-1.795,0.0000,-0.7148,0.0000,0.6993
249.796,1,6.511,-1.646,-1.795,0.0000,-0.7148,0.0000,0.6993
249.796,1,6.511,-1.646,-1.795,0.0000,-0.7148,0.0000,0.6993
249.796,1,6.511,-1.646,-1.795,0.0000,-0.7148,0.0000,0.6993
249.796,1,6.511,-1.646,-1.795,0.0000,-0.7148,0.0000,0.6993
249.796,1,6.511,-1.646,-1.795,0.0000,-0.7148,0.0000,0.6993
249.796,1,6.511,-1.646,-1.795,0.0000,-0.7148,0.0000,0.6993
249.796,1,6.511,-1.646,-1.795,0.0000,-0.7148,0.0000,0.6993
249.796,1,6.511,-1.646,-1.795,0.0000,-0.7148,0.0000,0.6993
249.796,1,6.511,-1.646,-1.795,0.0000,-0.7148,0.0000,0.6993
249.796,1,6.511,-1.646,-1.795,0.0000,-0.7148,0.0000,0.6993
249.796,1,6.511,-1.646,-1.795,0.0000,-0.7148,0.0000,0.6993
249.796,1,6.511,-1.646,-1.795,0.0000,-0.7148,0.0000,0.6993
249.796,1,6.511,-1.646,-1.795,0.0000,-0.7148,0.0000,0.6993
249.796,1,6.511,-1.646,-1.795,0.0000,-0.7148,0.0000,0.6993
249.796,1,6.511,-1.646,-1.795,0.0000,-0.7148,0.0000,0.6993
249.796,1,6.511,-1.646,-1.795,0.0000,-0.7148,0.0000,0.6993
249.796,1,6.511,-1.646,-1.795,0.0000,-0.7148,0.0000,0.6993
249.796,1,6.511,-1.646,-1.795,0.0000,-0.7148,0.0000,0.6993
249.796,1,6.511,-1.646,-1.795,0.0000,-0.7148,0.0000,0.6993
249.796,1,6.511,-1.646,-1.795,0.0000,-0.7148,0.0000,0.6993
249.796,1,6.511,-1.646,-1.795,0.0000,-0.7148,0.0000,0.6993
249.796,1,6.511,-1.646,-1.795,0.0000,-0.7148,0.0000,0.6993
249.796,1,6.511,-1.646,-1.795,0.0000,-0.7148,0.0000,0.6993
249.796,1,6.511,-1.646,-1.795,0.0000,-0.7148,0.0000,0.6993
249.796,1,6.511,-1.646,-1.795,0.0000,-0.7148,0.0000,0.6993
249.796,1,6.511,-1.646,-1.795,0.0000,-0.7148,0.0000,0.6993
249.796,1,6.511,-1.646,-1.795,0.0000,-0.7148,0.0000,0.6993
249.796,1,6.511,-1.646,-1.795,0.0000,-0.7148,0.0000,0.6993
249.796,1,6.511,-1.646,-1.795,0.0000,-0.7148,0.0000,0.6993
249.796,1,6.511,-1.646,-1.795,0.0000,-0.7148,0.0000,0.6993
249.796,1,6.511,-1.646,-1.795,0.0000,-0.7148,0.0000,0.6993
249.796,1,6.511,-1.646,-1.795,0.0000,-0.7148,0.0000,0.6993
249.796,1,6.511,-1.646,-1.795,0.0000,-0.7148,0.0000,0.6993
249.796,1,6.511,-1.646,-1.795,0.0000,-0.7148,0.0000,0.6993
249.796,1,6.511,-1.646,-1.795,0.0000,-0.7148,0.0000,0.6993
249.796,1,6.511,-1.646,-1.795,0.0000,-0.7148,0.0000,0.6993
249.796,1,6.511,-1.646,-1.795,0.0000,-0.7148,0.0000,0.6993
249.796,1,6.511,-1.646,-1.795,0.0000,-0.7148,0.0000,0.6993
249.796,1,6.511,-1.646,-1.795,0.0000,-0.7148,0.0000,0.6993
249.796,1,6.511,-1.646,-1.795,0.0000,-0.7148,0.0000,0.6993
249.796,1,6.511,-1.646,-1.795,0.0000,-0.7148,0.0000,0.6993
249.796,1,6.511,-1.646,-1.795,0.0000,-0.7148,0.0000,0.6993
249.796,1,6.511,-1.646,-1.795,0.0000,-0.7148,0.0000,0.6993
249.796,1,6.511,-1.646,-1.795,0.0000,-0.7148,0.0000,0.6993
249.796,1,6.511,-1.646,-1.795,0.0000,-0.7148,0.0000,0.6993
249.796,1,6.511,-1.646,-1.795,0.0000,-0.7148,0.0000,0.6993
249.796,1,6.511,-1.646,-1.795,0.0000,-0.7148,0.0000,0.6993
249.796,1,6.511,-1.646,-1.795,0.0000,-0.7148,0.0000,0.6993
249.796,1,6.511,-1.646,-1.795,0.0000,-0.7148,0.0000,0.6993
249.796,1,6.511,-1.646,-1.795,0.0000,-0.7148,0.0000,0.6993
249.796,1,6.511,-1.646,-1.795,0.0000,-0.7148,0.0000,0.6993
249.796,1,6.511,-1.646,-1.795,0.0000,-0.7148,0.0000,0.6993
249.796,1,6.511,-1.646,-1.795,0.0000,-0.7148,0.0000,0.6993
249.796,1,6.511,-1.646,-1.795,0.0000,-0.7148,0.0000,0.6993
249.796,1,6.511,-1.646,-1.795,0.0000,-0.7148,0.0000,0.6993
249.796,1,6.511,-1.646,-1.795,0.0000,-0.7148,0.0000,0.6993
249.796,1,6.511,-1.646,-1.795,0.0000,-0.7148,0.0000,0.6993
249.796,1,6.511,-1.646,-1.795,0.0000,-0.7148,0.0000,0.6993
249.796,1,6.511,-1.646,-1.795,0.0000,-0.7148,0.0000,0.6993
249.796,1,6.511,-1.646,-1.795,0.0000,-0.7148,0.0000,0.6993
249.796,1,6.511,-1.646,-1.795,0.0000,-0.7148,0.0000,0.6993
249.796,1,6.511,-1.646,-1.795,0.0000,-0.7148,0.0000,0.6993
249.796,1,6.511,-1.646,-1.795,0.0000,-0.7148,0.0000,0.6993
249.796,1,6.511,-1.646,-1.795,0.0000,-0.7148,0.0000,0.6993
249.796,1,6.511,-1.646,-1.795,0.0000,-0.7148,0.0000,0.6993
249.796,1,6.511,-1.646,-1.795,0.0000,-0.7148,0.0000,0.6993
249.796,1,6.511,-1.646,-1.795,0.0000,-0.7148,0.0000,0.6993
249.796,1,6.511,-1.646,-1.795,0.0000,-0.7148,0.0000,0.6993
249.796,1,6.511,-1.646,-1.795,0.0000,-0.7148,0.0000,0.6993
249.796,1,6.511,-1.646,-1.795,0.0000,-0.7148,0.0000,0.6993
249.796,1,6.511,-1.646,-1.795,0.0000,-0.7148,0.0000,0.6993
249.796,1,6.511,-1.646,-1.795,0.0000,-0.7148,0.0000,0.6993
249.796,1,6.511,-1.646,-1.795,0.0000,-0.7148,0.0000,0.6993
249.796,1,6.511,-1.646,-1.795,0.0000,-0.7148,0.0000,0.6993
249.796,1,6.511,-1.646,-1.795,0.0000,-0.7148,0.0000,0.6993
249.796,1,6.511,-1.646,-1.795,0.0000,-0.7148,0.0000,0.6993
249.796,1,6.511,-1.646,-1.795,0.0000,-0.7148,0.0000,0.6993
249.796,1,6.511,-1.646,-1.795,0.0000,-0.7148,0.0000,0.6993
249.796,1,6.511,-1.646,-1.795,0.0000,-0.7148,0.0000,0.6993
249.796,1,6.511,-1.646,-1.795,0.0000,-0.7148,0.0000,0.6993
249.796,1,6.511,-1.646,-1.795,0.0000,-0.7148,0.0000,0.6993
249.796,1,6.511,-1.646,-1.795,0.0000,-0.7148,0.0000,0.6993
249.796,1,6.511,-1.646,-1.795,0.0000,-0.7148,0.0000,0.6993
249.796,1,6.511,-1.646,-1.795,0.0000,-0.7148,0.0000,0.6993
249.796,1,6.511,-1.646,-1.795,0.0000,-0.7148,0.0000,0.6993
249.796,1,6.511,-1.646,-1.795,0.0000,-0.7148,0.0000,0.6993
249.796,1,6.511,-1.646,-1.795,0.0000,-0.7148,0.0000,0.6993
249.796,1,6.511,-1.646,-1.795,0.0000,-0.7148,0.0000,0.6993
249.796,1,6.511,-1.646,-1.795,0.0000,-0.7148,0.0000,0.6993
249.796,1,6.511,-1.646,-1.795,0.0000,-0.7148,0.0000,0.6993
249.796,1,6.511,-1.646,-1.795,0.0000,-0.7148,0.0000,0.6993
249.796,1,6.511,-1.646,-1.795,0.0000,-0.7148,0.0000,0.6993
249.796,1,6.511,-1.646,-1.795,0.0000,-0.7148,0.0000,0.6993
249.796,1,6.511,-1.646,-1.795,0.0000,-0.7148,0.0000,0.6993
249.796,1,6.511,-1.646,-1.795,0.0000,-0.7148,0.0000,0.6993
249.796,1,6.511,-1.646,-1.795,0.0000,-0.7148,0.0000,0.6993
249.796,1,6.511,-1.646,-1.795,0.0000,-0.7148,0.0000,0.6993
249.796,1,6.511,-1.646,-1.795,0.0000,-0.7148,0.0000,0.6993
249.796,1,6.511,-1.646,-1.795,0.0000,-0.7148,0.0000,0.6993
249.796,1,6.511,-1.646,-1.795,0.0000,-0.7148,0.0000,0.6993
249.796,1,6.511,-1.646,-1.795,0.0000,-0.7148,0.0000,0.6993
249.796,1,6.511,-1.646,-1.795,0.0000,-0.7148,0.0000,0.6993
249.796,1,6.511,-1.646,-1.795,0.0000,-0.7148,0.0000,0.6993
249.796,1,6.511,-1.646,-1.795,0.0000,-0.7148,0.0000,0.6993
249.796,1,6.511,-1.646,-1.795,0.0000,-0.7148,0.0000,0.6993
249.796,1,6.511,-1.646,-1.795,0.0000,-0.7148,0.0000,0.6993
249.796,1,6.511,-1.646,-1.795,0.0000,-0.7148,0.0000,0.6993
249.796,1,6.511,-1.646,-1.795,0.0000,-0.7148,0.0000,0.6993
249.796,1,6.511,-1.646,-1.795,0.0000,-0.7148,0.0000,0.6993
249.796,1,6.511,-1.646,-1.795,0.0000,-0.7148,0.0000,0.6993
249.796,1,6.511,-1.646,-1.795,0.0000,-0.7148,0.0000,0.6993
249.796,1,6.511,-1.646,-1.795,0.0000,-0.7148,0.0000,0.6993
249.796,1,6.511,-1.646,-1.795,0.0000,-0.7148,0.0000,0.6993
249.796,1,6.511,-1.646,-1.795,0.0000,-0.7148,0.0000,0.6993
249.796,1,6.511,-1.646,-1.795,0.0000,-0.7148,0.0000,0.6993
249.796,1,6.511,-1.646,-1.795,0.0000,-0.7148,0.0000,0.6993
249.796,1,6.511,-1.646,-1.795,0.0000,-0.7148,0.0000,0.6993
249.796,1,6.511,-1.646,-1.795,0.0000,-0.7148,0.0000,0.6993
249.796,1,6.511,-1.646,-1.795,0.0000,-0.7148,0.0000,0.6993
249.796,1,6.511,-1.646,-1.795,0.0000,-0.7148,0.0000,0.6993
249.796,1,6.511,-1.646,-1.795,0.0000,-0.7148,0.0000,0.6993
249.796,1,6.511,-1.646,-1.795,0.0000,-0.7148,0.0000,0.6993
249.796,1,6.511,-1.646,-1.795,0.0000,-0.7148,0.0000,0.6993
249.796,1,6.511,-1.646,-1.795,0.0000,-0.7148,0.0000,0.6993
249.796,1,6.511,-1.646,-1.795,0.0000,-0.7148,0.0000,0.6993
249.796,1,6.511,-1.646,-1.795,0.0000,-0.7148,0.0000,0.6993
249.796,1,6.511,-1.646,-1.795,0.0000,-0.7148,0.0000,0.6993
249.796,1,6.511,-1.646,-1.795,0.0000,-0.7148,0.0000,0.6993
249.796,1,6.511,-1.646,-1.795,0.0000,-0.7148,0.0000,0.6993
249.796,1,6.511,-1.646,-1.795,0.0000,-0.7148,0.0000,0.6993
249.796,1,6.511,-1.646,-1.795,0.0000,-0.7148,0.0000,0.6993
249.796,1,6.511,-1.646,-1.795,0.0000,-0.7148,0.0000,0.6993
249.796,1,6.511,-1.646,-1.795,0.0000,-0.7148,0.0000,0.6993
249.796,1,6.511,-1.646,-1.795,0.0000,-0.7148,0.0000,0.6993
249.796,1,6.511,-1.646,-1.795,0.0000,-0.7148,0.0000,0.6993
249.796,1,6.511,-1.646,-1.795,0.0000,-0.7148,0.0000,0.6993
249.796,1,6.511,-1.646,-1.795,0.0000,-0.7148,0.0000,0.6993
249.796,1,6.511,-1.646,-1.795,0.0000,-0.7148,0.0000,0.6993
249.796,1,6.511,-1.646,-1.795,0.0000,-0.7148,0.0000,0.6993
249.796,1,6.511,-1.646,-1.795,0.0000,-0.7148,0.0000,0.6993
249.796,1,6.511,-1.646,-1.795,0.0000,-0.7148,0.0000,0.6993
249.796,1,6.511,-1.646,-1.795,0.0000,-0.7148,0.0000,0.6993
249.796,1,6.511,-1.646,-1.795,0.0000,-0.7148,0.0000,0.6993
249.796,1,6.511,-1.646,-1.795,0.0000,-0.7148,0.0000,0.6993
249.796,1,6.511,-1.646,-1.795,0.0000,-0.7148,0.0000,0.6993
249.796,1,6.511,-1.646,-1.795,0.0000,-0.7148,0.0000,0.6993
249.796,1,6.511,-1.646,-1.795,0.0000,-0.7148,0.0000,0.6993
249.796,1,6.511,-1.646,-1.795,0.0000,-0.7148,0.0000,0.6993
249.796,1,6.511,-1.646,-1.795,0.0000,-0.7148,0.0000,0.6993
249.796,1,6.511,-1.646,-1.795,0.0000,-0.7148,0.0000,0.6993
249.796,1,6.511,-1.646,-1.795,0.0000,-0.7148,0.0000,0.6993
249.796,1,6.511,-1.646,-1.795,0.0000,-0.7148,0.0000,0.6993
249.796,1,6.511,-1.646,-1.795,0.0000,-0.7148,0.0000,0.6993
249.796,1,6.511,-1.646,-1.795,0.0000,-0.7148,0.0000,0.6993
249.796,1,6.511,-1.646,-1.795,0.0000,-0.7148,0.0000,0.6993
249.796,1,6.511,-1.646,-1.795,0.0000,-0.7148,0.0000,0.6993
249.796,1,6.511,-1.646,-1.795,0.0000,-0.7148,0.0000,0.6993
249.796,1,6.511,-1.646,-1.795,0.0000,-0.7148,0.0000,0.6993
249.796,1,6.511,-1.646,-1.795,0.0000,-0.7148,0.0000,0.6993
249.796,1,6.511,-1.646,-1.795,0.0000,-0.7148,0.0000,0.6993
249.796,1,6.511,-1.646,-1.795,0.0000,-0.7148,0.0000,0.6993
249.796,1,6.511,-1.646,-1.795,0.0000,-0.7148,0.0000,0.6993
249.796,1,6.511,-1.646,-1.795,0.0000,-0.7148,0.0000,0.6993
249.796,1,6.511,-1.646,-1.795,0.0000,-0.7148,0.0000,0.6993
249.796,1,6.511,-1.646,-1.795,0.0000,-0.7148,0.0000,0.6993
249.796,1,6.511,-1.646,-1.795,0.0000,-0.7148,0.0000,0.6993
249.796,1,6.511,-1.646,-1.795,0.0000,-0.7148,0.0000,0.6993
249.796,1,6.511,-1.646,-1.795,0.0000,-0.7148,0.0000,0.6993
249.796,1,6.511,-1.646,-1.795,0.0000,-0.7148,0.0000,0.6993
249.796,1,6.511,-1.646,-1.795,0.0000,-0.7148,0.0000,0.6993
249.796,1,6.511,-1.646,-1.795,0.0000,-0.7148,0.0000,0.6993
249.796,1,6.511,-1.646,-1.795,0.0000,-0.7148,0.0000,0.6993
249.796,1,6.511,-1.646,-1.795,0.0000,-0.7148,0.0000,0.6993
249.796,1,6.511,-1.646,-1.795,0.0000,-0.7148,0.0000,0.6993
249.796,1,6.511,-1.646,-1.795,0.0000,-0.7148,0.0000,0.6993
249.796,1,6.511,-1.646,-1.795,0.0000,-0.7148,0.0000,0.6993
249.796,1,6.511,-1.646,-1.795,0.0000,-0.7148,0.0000,0.6993
249.796,1,6.511,-1.646,-1.795,0.0000,-0.7148,0.0000,0.6993
249.796,1,6.511,-1.646,-1.795,0.0000,-0.7148,0.0000,0.6993
249.796,1,6.511,-1.646,-1.795,0.0000,-0.7148,0.0000,0.6993
249.796,1,6.511,-1.646,-1.795,0.0000,-0.7148,0.0000,0.6993
249.796,1,6.511,-1.646,-1.795,0.0000,-0.7148,0.0000,0.6993
249.796,1,6.511,-1.646,-1.795,0.0000,-0.7148,0.0000,0.6993
249.796,1,6.511,-1.646,-1.795,0.0000,-0.7148,0.0000,0.6993
249.796,1,6.511,-1.646,-1.795,0.0000,-0.7148,0.0000,0.6993
249.796,1,6.511,-1.646,-1.795,0.0000,-0.7148,0.0000,0.6993
249.796,1,6.511,-1.646,-1.795,0.0000,-0.7148,0.0000,0.6993
249.796,1,6.511,-1.646,-1.795,0.0000,-0.7148,0.0000,0.6993
249.796,1,6.511,-1.646,-1.795,0.0000,-0.7148,0.0000,0.6993
249.796,1,6.511,-1.646,-1.795,0.0000,-0.7148,0.0000,0.6993
249.796,1,6.511,-1.646,-1.795,0.0000,-0.7148,0.0000,0.6993
249.796,1,6.511,-1.646,-1.795,0.0000,-0.7148,0.0000,0.6993
249.796,1,6.511,-1.646,-1.795,0.0000,-0.7148,0.0000,0.6993
249.796,1,6.511,-1.646,-1.795,0.0000,-0.7148,0.0000,0.6993
249.796,1,6.511,-1.646,-1.795,0.0000,-0.7148,0.0000,0.6993
249.796,1,6.511,-1.646,-1.795,0.0000,-0.7148,0.0000,0.6993
249.796,1,6.511,-1.646,-1.795,0.0000,-0.7148,0.0000,0.6993
249.796,1,6.511,-1.646,-1.795,0.0000,-0.7148,0.0000,0.6993
249.796,1,6.511,-1.646,-1.795,0.0000,-0.7148,0.0000,0.6993
249.796,1,6.511,-1.646,-1.795,0.0000,-0.7148,0.0000,0.6993
249.796,1,6.511,-1.646,-1.795,0.0000,-0.7148,0.0000,0.6993
249.796,1,6.511,-1.646,-1.795,0.0000,-0.7148,0.0000,0.6993
249.796,1,6.511,-1.646,-1.795,0.0000,-0.7148,0.0000,0.6993
249.796,1,6.511,-1.646,-1.795,0.0000,-0.7148,0.0000,0.6993
249.796,1,6.511,-1.646,-1.795,0.0000,-0.7148,0.0000,0.6993
249.796,1,6.511,-1.646,-1.795,0.0000,-0.7148,0.0000,0.6993
249.796,1,6.511,-1.646,-1.795,0.0000,-0.7148,0.0000,0.6993
249.796,1,6.511,-1.646,-1.795,0.0000,-0.7148,0.0000,0.6993
249.796,1,6.511,-1.646,-1.795,0.0000,-0.7148,0.0000,0.6993
249.796,1,6.511,-1.646,-1.795,0.0000,-0.7148,0.0000,0.6993
249.796,1,6.511,-1.646,-1.795,0.0000,-0.7148,0.0000,0.6993
249.796,1,6.511,-1.646,-1.795,0.0000,-0.7148,0.0000,0.6993
249.796,1,6.511,-1.646,-1.795,0.0000,-0.7148,0.0000,0.6993
249.796,1,6.511,-1.646,-1.795,0.0000,-0.7148,0.0000,0.6993
249.796,1,6.511,-1.646,-1.795,0.0000,-0.7148,0.0000,0.6993
249.796,1,6.511,-1.646,-1.795,0.0000,-0.7148,0.0000,0.6993
249.796,1,6.511,-1.646,-1.795,0.0000,-0.7148,0.0000,0.6993
249.796,1,6.511,-1.646,-1.795,0.0000,-0.7148,0.0000,0.6993
249.796,1,6.511,-1.646,-1.795,0.0000,-0.7148,0.0000,0.6993
249.796,1,6.511,-1.646,-1.795,0.0000,-0.7148,0.0000,0.6993
249.796,1,6.511,-1.646,-1.795,0.0000,-0.7148,0.0000,0.6993
249.796,1,6.511,-1.646,-1.795,0.0000,-0.7148,0.0000,0.6993
249.796,1,6.511,-1.646,-1.795,0.0000,-0.7148,0.0000,0.6993
249.796,1,6.511,-1.646,-1.795,0.0000,-0.7148,0.0000,0.6993
249.796,1,6.511,-1.646,-1.795,0.0000,-0.7148,0.0000,0.6993
249.796,1,6.511,-1.646,-1.795,0.0000,-0.7148,0.0000,0.6993
249.796,1,6.511,-1.646,-1.795,0.0000,-0.7148,0.0000,0.6993
249.796,1,6.511,-1.646,-1.795,0.0000,-0.7148,0.0000,0.6993
249.796,1,6.511,-1.646,-1.795,0.0000,-0.7148,0.0000,0.6993
249.796,1,6.511,-1.646,-1.795,0.0000,-0.7148,0.0000,0.6993
249.796,1,6.511,-1.646,-1.795,0.0000,-0.7148,0.0000,0.6993
249.796,1,6.511,-1.646,-1.795,0.0000,-0.7148,0.0000,0.6993
249.796,1,6.511,-1.646,-1.795,0.0000,-0.7148,0.0000,0.6993
249.796,1,6.511,-1.646,-1.795,0.0000,-0.7148,0.0000,0.6993
249.796,1,6.511,-1.646,-1.795,0.0000,-0.7148,0.0000,0.6993
249.796,1,6.511,-1.646,-1.795,0.0000,-0.7148,0.0000,0.6993
249.796,1,6.511,-1.646,-1.795,0.0000,-0.7148,0.0000,0.6993
249.796,1,6.511,-1.646,-1.795,0.0000,-0.7148,0.0000,0.6993
249.796,1,6.511,-1.646,-1.795,0.0000,-0.7148,0.0000,0.6993
249.796,1,6.511,-1.646,-1.795,0.0000,-0.7148,0.0000,0.6993
249.796,1,6.511,-1.646,-1.795,0.0000,-0.7148,0.0000,0.6993
249.796,1,6.511,-1.646,-1.795,0.0000,-0.7148,0.0000,0.6993
249.796,1,6.511,-1.646,-1.795,0.0000,-0.7148,0.0000,0.6993
249.796,1,6.511,-1.646,-1.795,0.0000,-0.7148,0.0000,0.6993
249.796,1,6.511,-1.646,-1.795,0.0000,-0.7148,0.0000,0.6993
249.796,1,6.511,-1.646,-1.795,0.0000,-0.7148,0.0000,0.6993
249.796,1,6.511,-1.646,-1.795,0.0000,-0.7148,0.0000,0.6993
249.796,1,6.511,-1.646,-1.795,0.0000,-0.7148,0.0000,0.6993
249.796,1,6.511,-1.646,-1.795,0.0000,-0.7148,0.0000,0.6993
249.796,1,6.511,-1.646,-1.795,0.0000,-0.7148,0.0000,0.6993
249.796,1,6.511,-1.646,-1.795,0.0000,-0.7148,0.0000,0.6993
249.796,1,6.511,-1.646,-1.795,0.0000,-0.7148,0.0000,0.6993
249.796,1,6.511,-1.646,-1.795,0.0000,-0.7148,0.0000,0.6993
249.796,1,6.511,-1.646,-1.795,0.0000,-0.7148,0.0000,0.6993
249.796,1,6.511,-1.646,-1.795,0.0000,-0.7148,0.0000,0.6993
249.796,1,6.511,-1.646,-1.795,0.0000,-0.7148,0.0000,0.6993
249.796,1,6.511,-1.646,-1.795,0.0000,-0.7148,0.0000,0.6993
249.796,1,6.511,-1.646,-1.795,0.0000,-0.7148,0.0000,0.6993
249.796,1,6.511,-1.646,-1.795,0.0000,-0.7148,0.0000,0.6993
249.796,1,6.511,-1.646,-1.795,0.0000,-0.7148,0.0000,0.6993
249.796,1,6.511,-1.646,-1.795,0.0000,-0.7148,0.0000,0.6993
249.796,1,6.511,-1.646,-1.795,0.0000,-0.7148,0.0000,0.6993
249.796,1,6.511,-1.646,-1.795,0.0000,-0.7148,0.0000,0.6993
249.796,1,6.511,-1.646,-1.795,0.0000,-0.7148,0.0000,0.6993
249.796,1,6.511,-1.646,-1.795,0.0000,-0.7148,0.0000,0.6993
249.796,1,6.511,-1.646,-1.795,0.0000,-0.7148,0.0000,0.6993
249.796,1,6.511,-1.646,-1.795,0.0000,-0.7148,0.0000,0.6993
249.796,1,6.511,-1.646,-1.795,0.0000,-0.7148,0.0000,0.6993
249.796,1,6.511,-1.646,-1.795,0.0000,-0.7148,0.0000,0.6993
249.796,1,6.511,-1.646,-1.795,0.0000,-0.7148,0.0000,0.6993
249.796,1,6.511,-1.646,-1.795,0.0000,-0.7148,0.0000,0.6993
249.796,1,6.511,-1.646,-1.795,0.0000,-0.7148,0.0000,0.6993
249.796,1,6.511,-1.646,-1.795,0.0000,-0.7148,0.0000,0.6993
249.796,1,6.511,-1.646,-1.795,0.0000,-0.7148,0.0000,0.6993
249.796,1,6.511,-1.646,-1.795,0.0000,-0.7148,0.0000,0.6993
249.796,1,6.511,-1.646,-1.795,0.0000,-0.7148,0.0000,0.6993
249.796,1,6.511,-1.646,-1.795,0.0000,-0.7148,0.0000,0.6993
249.796,1,6.511,-1.646,-1.795,0.0000,-0.7148,0.0000,0.6993
249.796,1,6.511,-1.646,-1.795,0.0000,-0.7148,0.0000,0.6993
249.796,1,6.511,-1.646,-1.795,0.0000,-0.7148,0.0000,0.6993
249.796,1,6.511,-1.646,-1.795,0.0000,-0.7148,0.0000,0.6993
249.796,1,6.511,-1.646,-1.795,0.0000,-0.7148,0.0000,0.6993
249.796,1,6.511,-1.646,-1.795,0.0000,-0.7148,0.0000,0.6993
249.796,1,6.511,-1.646,-1.795,0.0000,-0.7148,0.0000,0.6993
249.796,1,6.511,-1.646,-1.795,0.0000,-0.7148,0.0000,0.6993
249.796,1,6.511,-1.646,-1.795,0.0000,-0.7148,0.0000,0.6993
249.796,1,6.511,-1.646,-1.795,0.0000,-0.7148,0.0000,0.6993
249.796,1,6.511,-1.646,-1.795,0.0000,-0.7148,0.0000,0.6993
249.796,1,6.511,-1.646,-1.795,0.0000,-0.7148,0.0000,0.6993
249.796,1,6.511,-1.646,-1.795,0.0000,-0.7148,0.0000,0.6993
249.796,1,6.511,-1.646,-1.795,0.0000,-0.7148,0.0000,0.6993
249.796,1,6.511,-1.646,-1.795,0.0000,-0.7148,0.0000,0.6993
249.796,1,6.511,-1.646,-1.795,0.0000,-0.7148,0.0000,0.6993
249.796,1,6.511,-1.646,-1.795,0.0000,-0.7148,0.0000,0.6993
249.796,1,6.511,-1.646,-1.795,0.0000,-0.7148,0.0000,0.6993
249.796,1,6.511,-1.646,-1.795,0.0000,-0.7148,0.0000,0.6993
249.796,1,6.511,-1.646,-1.795,0.0000,-0.7148,0.0000,0.6993
249.796,1,6.511,-1.646,-1.795,0.0000,-0.7148,0.0000,0.6993
249.796,1,6.511,-1.646,-1.795,0.0000,-0.7148,0.0000,0.6993
249.796,1,6.511,-1.646,-1.795,0.0000,-0.7148,0.0000,0.6993
249.796,1,6.511,-1.646,-1.795,0.0000,-0.7148,0.0000,0.6993
249.796,1,6.511,-1.646,-1.795,0.0000,-0.7148,0.0000,0.6993
249.796,1,6.511,-1.646,-1.795,0.0000,-0.7148,0.0000,0.6993
249.796,1,6.511,-1.646,-1.795,0.0000,-0.7148,0.0000,0.6993
249.796,1,6.511,-1.646,-1.795,0.0000,-0.7148,0.0000,0.6993
249.796,1,6.511,-1.646,-1.795,0.0000,-0.7148,0.0000,0.6993
249.796,1,6.511,-1.646,-1.795,0.0000,-0.7148,0.0000,0.6993
249.796,1,6.511,-1.646,-1.795,0.0000,-0.7148,0.0000,0.6993
249.796,1,6.511,-1.646,-1.795,0.0000,-0.7148,0.0000,0.6993
249.796,1,6.511,-1.646,-1.795,0.0000,-0.7148,0.0000,0.6993
249.796,1,6.511,-1.646,-1.795,0.0000,-0.7148,0.0000,0.6993
249.796,1,6.511,-1.646,-1.795,0.0000,-0.7148,0.0000,0.6993
249.796,1,6.511,-1.646,-1.795,0.0000,-0.7148,0.0000,0.6993
249.796,1,6.511,-1.646,-1.795,0.0000,-0.7148,0.0000,0.6993
249.796,1,6.511,-1.646,-1.795,0.0000,-0.7148,0.0000,0.6993
249.796,1,6.511,-1.646,-1.795,0.0000,-0.7148,0.0000,0.6993
249.796,1,6.511,-1.646,-1.795,0.0000,-0.7148,0.0000,0.6993
249.796,1,6.511,-1.646,-1.795,0.0000,-0.7148,0.0000,0.6993
249.796,1,6.511,-1.646,-1.795,0.0000,-0.7148,0.0000,0.6993
249.796,1,6.511,-1.646,-1.795,0.0000,-0.7148,0.0000,0.6993
249.796,1,6.511,-1.646,-1.795,0.0000,-0.7148,0.0000,0.6993
249.796,1,6.511,-1.646,-1.795,0.0000,-0.7148,0.0000,0.6993
249.796,1,6.511,-1.646,-1.795,0.0000,-0.7148,0.0000,0.6993
249.796,1,6.511,-1.646,-1.795,0.0000,-0.7148,0.0000,0.6993
249.796,1,6.511,-1.646,-1.795,0.0000,-0.7148,0.0000,0.6993
249.796,1,6.511,-1.646,-1.795,0.0000,-0.7148,0.0000,0.6993
249.796,1,6.511,-1.646,-1.795,0.0000,-0.7148,0.0000,0.6993
249.796,1,6.511,-1.646,-1.795,0.0000,-0.7148,0.0000,0.6993
249.796,1,6.511,-1.646,-1.795,0.0000,-0.7148,0.0000,0.6993
249.796,1,6.511,-1.646,-1.795,0.0000,-0.7148,0.0000,0.6993
249.796,1,6.511,-1.646,-1.795,0.0000,-0.7148,0.0000,0.6993
249.796,1,6.511,-1.646,-1.795,0.0000,-0.7148,0.0000,0.6993
249.796,1,6.511,-1.646,-1.795,0.0000,-0.7148,0.0000,0.6993
249.796,1,6.511,-1.646,-1.795,0.0000,-0.7148,0.0000,0.6993
249.796,1,6.511,-1.646,-1.795,0.0000,-0.7148,0.0000,0.6993
249.796,1,6.511,-1.646,-1.795,0.0000,-0.7148,0.0000,0.6993
249.796,1,6.511,-1.646,-1.795,0.0000,-0.7148,0.0000,0.6993
249.796,1,6.511,-1.646,-1.795,0.0000,-0.7148,0.0000,0.6993
249.796,1,6.511,-1.646,-1.795,0.0000,-0.7148,0.0000,0.6993
249.796,1,6.511,-1.646,-1.795,0.0000,-0.7148,0.0000,0.6993
249.796,1,6.511,-1.646,-1.795,0.0000,-0.7148,0.0000,0.6993
249.796,1,6.511,-1.646,-1.795,0.0000,-0.7148,0.0000,0.6993
249.796,1,6.511,-1.646,-1.795,0.0000,-0.7148,0.0000,0.6993
249.796,1,6.511,-1.646,-1.795,0.0000,-0.7148,0.0000,0.6993
249.796,1,6.511,-1.646,-1.795,0.0000,-0.7148,0.0000,0.6993
249.796,1,6.511,-1.646,-1.795,0.0000,-0.7148,0.0000,0.6993
249.796,1,6.511,-1.646,-1.795,0.0000,-0.7148,0.0000,0.6993
249.796,1,6.511,-1.646,-1.795,0.0000,-0.7148,0.0000,0.6993
249.796,1,6.511,-1.646,-1.795,0.0000,-0.7148,0.0000,0.6993
249.796,1,6.511,-1.646,-1.795,0.0000,-0.7148,0.0000,0.6993
249.796,1,6.511,-1.646,-1.795,0.0000,-0.7148,0.0000,0.6993
249.796,1,6.511,-1.646,-1.795,0.0000,-0.7148,0.0000,0.6993
249.796,1,6.511,-1.646,-1.795,0.0000,-0.7148,0.0000,0.6993
249.796,1,6.511,-1.646,-1.795,0.0000,-0.7148,0.0000,0.6993
249.796,1,6.511,-1.646,-1.795,0.0000,-0.7148,0.0000,0.6993
249.796,1,6.511,-1.646,-1.795,0.0000,-0.7148,0.0000,0.6993
249.796,1,6.511,-1.646,-1.795,0.0000,-0.7148,0.0000,0.6993
249.796,1,6.511,-1.646,-1.795,0.0000,-0.7148,0.0000,0.6993
249.796,1,6.511,-1.646,-1.795,0.0000,-0.7148,0.0000,0.6993
249.796,1,6.511,-1.646,-1.795,0.0000,-0.7148,0.0000,0.6993
249.796,1,6.511,-1.646,-1.795,0.0000,-0.7148,0.0000,0.6993
249.796,1,6.511,-1.646,-1.795,0.0000,-0.7148,0.0000,0.6993
249.796,1,6.511,-1.646,-1.795,0.0000,-0.7148,0.0000,0.6993
249.796,1,6.511,-1.646,-1.795,0.0000,-0.7148,0.0000,0.6993
249.796,1,6.511,-1.646,-1.795,0.0000,-0.7148,0.0000,0.6993
249.796,1,6.511,-1.646,-1.795,0.0000,-0.7148,0.0000,0.6993
249.796,1,6.511,-1.646,-1.795,0.0000,-0.7148,0.0000,0.6993
249.796,1,6.511,-1.646,-1.795,0.0000,-0.7148,0.0000,0.6993
249.796,1,6.511,-1.646,-1.795,0.0000,-0.7148,0.0000,0.6993
249.796,1,6.511,-1.646,-1.795,0.0000,-0.7148,0.0000,0.6993
249.796,1,6.511,-1.646,-1.795,0.0000,-0.7148,0.0000,0.6993
249.796,1,6.511,-1.646,-1.795,0.0000,-0.7148,0.0000,0.6993
249.796,1,6.511,-1.646,-1.795,0.0000,-0.7148,0.0000,0.6993
249.796,1,6.511,-1.646,-1.795,0.0000,-0.7148,0.0000,0.6993
249.796,1,6.511,-1.646,-1.795,0.0000,-0.7148,0.0000,0.6993
249.796,1,6.511,-1.646,-1.795,0.0000,-0.7148,0.0000,0.6993
249.796,1,6.511,-1.646,-1.795,0.0000,-0.7148,0.0000,0.6993
249.796,1,6.511,-1.646,-1.795,0.0000,-0.7148,0.0000,0.6993
249.796,1,6.511,-1.646,-1.795,0.0000,-0.7148,0.0000,0.6993
249.796,1,6.511,-1.646,-1.795,0.0000,-0.7148,0.0000,0.6993
249.796,1,6.511,-1.646,-1.795,0.0000,-0.7148,0.0000,0.6993
249.796,1,6.511,-1.646,-1.795,0.0000,-0.7148,0.0000,0.6993
249.796,1,6.511,-1.646,-1.795,0.0000,-0.7148,0.0000,0.6993
249.796,1,6.511,-1.646,-1.795,0.0000,-0.7148,0.0000,0.6993
249.796,1,6.511,-1.646,-1.795,0.0000,-0.7148,0.0000,0.6993
249.796,1,6.511,-1.646,-1.795,0.0000,-0.7148,0.0000,0.6993
249.796,1,6.511,-1.646,-1.795,0.0000,-0.7148,0.0000,0.6993
249.796,1,6.511,-1.646,-1.795,0.0000,-0.7148,0.0000,0.6993
249.796,1,6.511,-1.646,-1.795,0.0000,-0.7148,0.0000,0.6993
249.796,1,6.511,-1.646,-1.795,0.0000,-0.7148,0.0000,0.6993
249.796,1,6.511,-1.646,-1.795,0.0000,-0.7148,0.0000,0.6993
249.796,1,6.511,-1.646,-1.795,0.0000,-0.7148,0.0000,0.6993
249.796,1,6.511,-1.646,-1.795,0.0000,-0.7148,0.0000,0.6993
249.796,1,6.511,-1.646,-1.795,0.0000,-0.7148,0.0000,0.6993
249.796,1,6.511,-1.646,-1.795,0.0000,-0.7148,0.0000,0.6993
249.796,1,6.511,-1.646,-1.795,0.0000,-0.7148,0.0000,0.6993
249.796,1,6.511,-1.646,-1.795,0.0000,-0.7148,0.0000,0.6993
249.796,1,6.511,-1.646,-1.795,0.0000,-0.7148,0.0000,0.6993
249.796,1,6.511,-1.646,-1.795,0.0000,-0.7148,0.0000,0.6993
249.796,1,6.511,-1.646,-1.795,0.0000,-0.7148,0.0000,0.6993
249.796,1,6.511,-1.646,-1.795,0.0000,-0.7148,0.0000,0.6993
249.796,1,6.511,-1.646,-1.795,0.0000,-0.7148,0.0000,0.6993
249.796,1,6.511,-1.646,-1.795,0.0000,-0.7148,0.0000,0.6993
249.796,1,6.511,-1.646,-1.795,0.0000,-0.7148,0.0000,0.6993
249.796,1,6.511,-1.646,-1.795,0.0000,-0.7148,0.0000,0.6993
249.796,1,6.511,-1.646,-1.795,0.0000,-0.7148,0.0000,0.6993
249.796,1,6.511,-1.646,-1.795,0.0000,-0.7148,0.0000,0.6993
249.796,1,6.511,-1.646,-1.795,0.0000,-0.7148,0.0000,0.6993
249.796,1,6.511,-1.646,-1.795,0.0000,-0.7148,0.0000,0.6993
249.796,1,6.511,-1.646,-1.795,0.0000,-0.7148,0.0000,0.6993
249.796,1,6.511,-1.646,-1.795,0.0000,-0.7148,0.0000,0.6993
249.796,1,6.511,-1.646,-1.795,0.0000,-0.7148,0.0000,0.6993
249.796,1,6.511,-1.646,-1.795,0.0000,-0.7148,0.0000,0.6993
249.796,1,6.511,-1.646,-1.795,0.0000,-0.7148,0.0000,0.6993
249.796,1,6.511,-1.646,-1.795,0.0000,-0.7148,0.0000,0.6993
249.796,1,6.511,-1.646,-1.795,0.0000,-0.7148,0.0000,0.6993
249.796,1,6.511,-1.646,-1.795,0.0000,-0.7148,0.0000,0.6993
249.796,1,6.511,-1.646,-1.795,0.0000,-0.7148,0.0000,0.6993
249.796,1,6.511,-1.646,-1.795,0.0000,-0.7148,0.0000,0.6993
249.796,1,6.511,-1.646,-1.795,0.0000,-0.7148,0.0000,0.6993
249.796,1,6.511,-1.646,-1.795,0.0000,-0.7148,0.0000,0.6993
249.796,1,6.511,-1.646,-1.795,0.0000,-0.7148,0.0000,0.6993
249.796,1,6.511,-1.646,-1.795,0.0000,-0.7148,0.0000,0.6993
249.796,1,6.511,-1.646,-1.795,0.0000,-0.7148,0.0000,0.6993
249.796,1,6.511,-1.646,-1.795,0.0000,-0.7148,0.0000,0.6993
249.796,1,6.511,-1.646,-1.795,0.0000,-0.7148,0.0000,0.6993
249.796,1,6.511,-1.646,-1.795,0.0000,-0.7148,0.0000,0.6993
249.796,1,6.511,-1.646,-1.795,0.0000,-0.7148,0.0000,0.6993
249.796,1,6.511,-1.646,-1.795,0.0000,-0.7148,0.0000,0.6993
249.796,1,6.511,-1.646,-1.795,0.0000,-0.7148,0.0000,0.6993
249.796,1,6.511,-1.646,-1.795,0.0000,-0.7148,0.0000,0.6993
249.796,1,6.511,-1.646,-1.795,0.0000,-0.7148,0.0000,0.6993
249.796,1,6.511,-1.646,-1.795,0.0000,-0.7148,0.0000,0.6993
249.796,1,6.511,-1.646,-1.795,0.0000,-0.7148,0.0000,0.6993
249.796,1,6.511,-1.646,-1.795,0.0000,-0.7148,0.0000,0.6993
249.796,1,6.511,-1.646,-1.795,0.0000,-0.7148,0.0000,0.6993
249.796,1,6.511,-1.646,-1.795,0.0000,-0.7148,0.0000,0.6993
249.796,1,6.511,-1.646,-1.795,0.0000,-0.7148,0.0000,0.6993
249.796,1,6.511,-1.646,-1.795,0.0000,-0.7148,0.0000,0.6993
249.796,1,6.511,-1.646,-1.795,0.0000,-0.7148,0.0000,0.6993
249.796,1,6.511,-1.646,-1.795,0.0000,-0.7148,0.0000,0.6993
249.796,1,6.511,-1.646,-1.795,0.0000,-0.7148,0.0000,0.6993
249.796,1,6.511,-1.646,-1.795,0.0000,-0.7148,0.0000,0.6993
249.796,1,6.511,-1.646,-1.795,0.0000,-0.7148,0.0000,0.6993
249.796,1,6.511,-1.646,-1.795,0.0000,-0.7148,0.0000,0.6993
249.796,1,6.511,-1.646,-1.795,0.0000,-0.7148,0.0000,0.6993
249.796,1,6.511,-1.646,-1.795,0.0000,-0.7148,0.0000,0.6993
249.796,1,6.511,-1.646,-1.795,0.0000,-0.7148,0.0000,0.6993
249.796,1,6.511,-1.646,-1.795,0.0000,-0.7148,0.0000,0.6993
249.796,1,6.511,-1.646,-1.795,0.0000,-0.7148,0.0000,0.6993
249.796,1,6.511,-1.646,-1.795,0.0000,-0.7148,0.0000,0.6993
249.796,1,6.511,-1.646,-1.795,0.0000,-0.7148,0.0000,0.6993
249.796,1,6.511,-1.646,-1.795,0.0000,-0.7148,0.0000,0.6993
249.796,1,6.511,-1.646,-1.795,0.0000,-0.7148,0.0000,0.6993
249.796,1,6.511,-1.646,-1.795,0.0000,-0.7148,0.0000,0.6993
249.796,1,6.511,-1.646,-1.795,0.0000,-0.7148,0.0000,0.6993
249.796,1,6.511,-1.646,-1.795,0.0000,-0.7148,0.0000,0.6993
249.796,1,6.511,-1.646,-1.795,0.0000,-0.7148,0.0000,0.6993
249.796,1,6.511,-1.646,-1.795,0.0000,-0.7148,0.0000,0.6993
249.796,1,6.511,-1.646,-1.795,0.0000,-0.7148,0.0000,0.6993
249.796,1,6.511,-1.646,-1.795,0.0000,-0.7148,0.0000,0.6993
249.796,1,6.511,-1.646,-1.795,0.0000,-0.7148,0.0000,0.6993
249.796,1,6.511,-1.646,-1.795,0.0000,-0.7148,0.0000,0.6993
249.796,1,6.511,-1.646,-1.795,0.0000,-0.7148,0.0000,0.6993
249.796,1,6.511,-1.646,-1.795,0.0000,-0.7148,0.0000,0.6993
249.796,1,6.511,-1.646,-1.795,0.0000,-0.7148,0.0000,0.6993
249.796,1,6.511,-1.646,-1.795,0.0000,-0.7148,0.0000,0.6993
249.796,1,6.511,-1.646,-1.795,0.0000,-0.7148,0.0000,0.6993
249.796,1,6.511,-1.646,-1.795,0.0000,-0.7148,0.0000,0.6993
249.796,1,6.511,-1.646,-1.795,0.0000,-0.7148,0.0000,0.6993
249.796,1,6.511,-1.646,-1.795,0.0000,-0.7148,0.0000,0.6993
249.796,1,6.511,-1.646,-1.795,0.0000,-0.7148,0.0000,0.6993
249.796,1,6.511,-1.646,-1.795,0.0000,-0.7148,0.0000,0.6993
249.796,1,6.511,-1.646,-1.795,0.0000,-0.7148,0.0000,0.6993
249.796,1,6.511,-1.646,-1.795,0.0000,-0.7148,0.0000,0.6993
249.796,1,6.511,-1.646,-1.795,0.0000,-0.7148,0.0000,0.6993
249.796,1,6.511,-1.646,-1.795,0.0000,-0.7148,0.0000,0.6993
249.796,1,6.511,-1.646,-1.795,0.0000,-0.7148,0.0000,0.6993
249.796,1,6.511,-1.646,-1.795,0.0000,-0.7148,0.0000,0.6993
249.796,1,6.511,-1.646,-1.795,0.0000,-0.7148,0.0000,0.6993
249.796,1,6.511,-1.646,-1.795,0.0000,-0.7148,0.0000,0.6993
249.796,1,6.511,-1.646,-1.795,0.0000,-0.7148,0.0000,0.6993
249.796,1,6.511,-1.646,-1.795,0.0000,-0.7148,0.0000,0.6993
249.796,1,6.511,-1.646,-1.795,0.0000,-0.7148,0.0000,0.6993
249.796,1,6.511,-1.646,-1.795,0.0000,-0.7148,0.0000,0.6993
249.796,1,6.511,-1.646,-1.795,0.0000,-0.7148,0.0000,0.6993
249.796,1,6.511,-1.646,-1.795,0.0000,-0.7148,0.0000,0.6993
249.796,1,6.511,-1.646,-1.795,0.0000,-0.7148,0.0000,0.6993
249.796,1,6.511,-1.646,-1.795,0.0000,-0.7148,0.0000,0.6993
249.796,1,6.511,-1.646,-1.795,0.0000,-0.7148,0.0000,0.6993
249.796,1,6.511,-1.646,-1.795,0.0000,-0.7148,0.0000,0.6993
249.796,1,6.511,-1.646,-1.795,0.0000,-0.7148,0.0000,0.6993
249.796,1,6.511,-1.646,-1.795,0.0000,-0.7148,0.0000,0.6993
249.796,1,6.511,-1.646,-1.795,0.0000,-0.7148,0.0000,0.6993
249.796,1,6.511,-1.646,-1.795,0.0000,-0.7148,0.0000,0.6993
249.796,1,6.511,-1.646,-1.795,0.0000,-0.7148,0.0000,0.6993
249.796,1,6.511,-1.646,-1.795,0.0000,-0.7148,0.0000,0.6993
249.796,1,6.511,-1.646,-1.795,0.0000,-0.7148,0.0000,0.6993
249.796,1,6.511,-1.646,-1.795,0.0000,-0.7148,0.0000,0.6993
249.796,1,6.511,-1.646,-1.795,0.0000,-0.7148,0.0000,0.6993
249.796,1,6.511,-1.646,-1.795,0.0000,-0.7148,0.0000,0.6993
249.796,1,6.511,-1.646,-1.795,0.0000,-0.7148,0.0000,0.6993
249.796,1,6.511,-1.646,-1.795,0.0000,-0.7148,0.0000,0.6993
249.796,1,6.511,-1.646,-1.795,0.0000,-0.7148,0.0000,0.6993
249.796,1,6.511,-1.646,-1.795,0.0000,-0.7148,0.0000,0.6993
249.796,1,6.511,-1.646,-1.795,0.0000,-0.7148,0.0000,0.6993
249.796,1,6.511,-1.646,-1.795,0.0000,-0.7148,0.0000,0.6993
249.796,1,6.511,-1.646,-1.795,0.0000,-0.7148,0.0000,0.6993
249.796,1,6.511,-1.646,-1.795,0.0000,-0.7148,0.0000,0.6993
249.796,1,6.511,-1.646,-1.795,0.0000,-0.7148,0.0000,0.6993
249.796,1,6.511,-1.646,-1.795,0.0000,-0.7148,0.0000,0.6993
249.796,1,6.511,-1.646,-1.795,0.0000,-0.7148,0.0000,0.6993
249.796,1,6.511,-1.646,-1.795,0.0000,-0.7148,0.0000,0.6993
249.796,1,6.511,-1.646,-1.795,0.0000,-0.7148,0.0000,0.6993
249.796,1,6.511,-1.646,-1.795,0.0000,-0.7148,0.0000,0.6993
249.796,1,6.511,-1.646,-1.795,0.0000,-0.7148,0.0000,0.6993
249.796,1,6.511,-1.646,-1.795,0.0000,-0.7148,0.0000,0.6993
249.796,1,6.511,-1.646,-1.795,0.0000,-0.7148,0.0000,0.6993
249.796,1,6.511,-1.646,-1.795,0.0000,-0.7148,0.0000,0.6993
249.796,1,6.511,-1.646,-1.795,0.0000,-0.7148,0.0000,0.6993
249.796,1,6.511,-1.646,-1.795,0.0000,-0.7148,0.0000,0.6993
249.796,1,6.511,-1.646,-1.795,0.0000,-0.7148,0.0000,0.6993
249.796,1,6.511,-1.646,-1.795,0.0000,-0.7148,0.0000,0.6993
249.796,1,6.511,-1.646,-1.795,0.0000,-0.7148,0.0000,0.6993
249.796,1,6.511,-1.646,-1.795,0.0000,-0.7148,0.0000,0.6993
249.796,1,6.511,-1.646,-1.795,0.0000,-0.7148,0.0000,0.6993
249.796,1,6.511,-1.646,-1.795,0.0000,-0.7148,0.0000,0.6993
249.796,1,6.511,-1.646,-1.795,0.0000,-0.7148,0.0000,0.6993
249.796,1,6.511,-1.646,-1.795,0.0000,-0.7148,0.0000,0.6993
249.796,1,6.511,-1.646,-1.795,0.0000,-0.7148,0.0000,0.6993
249.796,1,6.511,-1.646,-1.795,0.0000,-0.7148,0.0000,0.6993
249.796,1,6.511,-1.646,-1.795,0.0000,-0.7148,0.0000,0.6993
249.796,1,6.511,-1.646,-1.795,0.0000,-0.7148,0.0000,0.6993
249.796,1,6.511,-1.646,-1.795,0.0000,-0.7148,0.0000,0.6993
249.796,1,6.511,-1.646,-1.795,0.0000,-0.7148,0.0000,0.6993
249.796,1,6.511,-1.646,-1.795,0.0000,-0.7148,0.0000,0.6993
249.796,1,6.511,-1.646,-1.795,0.0000,-0.7148,0.0000,0.6993
249.796,1,6.511,-1.646,-1.795,0.0000,-0.7148,0.0000,0.6993
249.796,1,6.511,-1.646,-1.795,0.0000,-0.7148,0.0000,0.6993
249.796,1,6.511,-1.646,-1.795,0.0000,-0.7148,0.0000,0.6993
249.796,1,6.511,-1.646,-1.795,0.0000,-0.7148,0.0000,0.6993
249.796,1,6.511,-1.646,-1.795,0.0000,-0.7148,0.0000,0.6993
249.796,1,6.511,-1.646,-1.795,0.0000,-0.7148,0.0000,0.6993
249.796,1,6.511,-1.646,-1.795,0.0000,-0.7148,0.0000,0.6993
249.796,1,6.511,-1.646,-1.795,0.0000,-0.7148,0.0000,0.6993
249.796,1,6.511,-1.646,-1.795,0.0000,-0.7148,0.0000,0.6993
249.796,1,6.511,-1.646,-1.795,0.0000,-0.7148,0.0000,0.6993
249.796,1,6.511,-1.646,-1.795,0.0000,-0.7148,0.0000,0.6993
249.796,1,6.511,-1.646,-1.795,0.0000,-0.7148,0.0000,0.6993
249.796,1,6.511,-1.646,-1.795,0.0000,-0.7148,0.0000,0.6993
249.796,1,6.511,-1.646,-1.795,0.0000,-0.7148,0.0000,0.6993
249.796,1,6.511,-1.646,-1.795,0.0000,-0.7148,0.0000,0.6993
249.796,1,6.511,-1.646,-1.795,0.0000,-0.7148,0.0000,0.6993
249.796,1,6.511,-1.646,-1.795,0.0000,-0.7148,0.0000,0.6993
249.796,1,6.511,-1.646,-1.795,0.0000,-0.7148,0.0000,0.6993
249.796,1,6.511,-1.646,-1.795,0.0000,-0.7148,0.0000,0.6993
249.796,1,6.511,-1.646,-1.795,0.0000,-0.7148,0.0000,0.6993
249.796,1,6.511,-1.646,-1.795,0.0000,-0.7148,0.0000,0.6993
249.796,1,6.511,-1.646,-1.795,0.0000,-0.7148,0.0000,0.6993
249.796,1,6.511,-1.646,-1.795,0.0000,-0.7148,0.0000,0.6993
249.796,1,6.511,-1.646,-1.795,0.0000,-0.7148,0.0000,0.6993
249.796,1,6.511,-1.646,-1.795,0.0000,-0.7148,0.0000,0.6993
249.796,1,6.511,-1.646,-1.795,0.0000,-0.7148,0.0000,0.6993
249.796,1,6.511,-1.646,-1.795,0.0000,-0.7148,0.0000,0.6993
249.796,1,6.511,-1.646,-1.795,0.0000,-0.7148,0.0000,0.6993
249.796,1,6.511,-1.646,-1.795,0.0000,-0.7148,0.0000,0.6993
249.796,1,6.511,-1.646,-1.795,0.0000,-0.7148,0.0000,0.6993
249.796,1,6.511,-1.646,-1.795,0.0000,-0.7148,0.0000,0.6993
249.796,1,6.511,-1.646,-1.795,0.0000,-0.7148,0.0000,0.6993
249.796,1,6.511,-1.646,-1.795,0.0000,-0.7148,0.0000,0.6993
249.796,1,6.511,-1.646,-1.795,0.0000,-0.7148,0.0000,0.6993
249.796,1,6.511,-1.646,-1.795,0.0000,-0.7148,0.0000,0.6993
249.796,1,6.511,-1.646,-1.795,0.0000,-0.7148,0.0000,0.6993
249.796,1,6.511,-1.646,-1.795,0.0000,-0.7148,0.0000,0.6993
249.796,1,6.511,-1.646,-1.795,0.0000,-0.7148,0.0000,0.6993
249.796,1,6.511,-1.646,-1.795,0.0000,-0.7148,0.0000,0.6993
249.796,1,6.511,-1.646,-1.795,0.0000,-0.7148,0.0000,0.6993
249.796,1,6.511,-1.646,-1.795,0.0000,-0.7148,0.0000,0.6993
249.796,1,6.511,-1.646,-1.795,0.0000,-0.7148,0.0000,0.6993
249.796,1,6.511,-1.646,-1.795,0.0000,-0.7148,0.0000,0.6993
249.796,1,6.511,-1.646,-1.795,0.0000,-0.7148,0.0000,0.6993
249.796,1,6.511,-1.646,-1.795,0.0000,-0.7148,0.0000,0.6993
249.796,1,6.511,-1.646,-1.795,0.0000,-0.7148,0.0000,0.6993
249.796,1,6.511,-1.646,-1.795,0.0000,-0.7148,0.0000,0.6993
249.796,1,6.511,-1.646,-1.795,0.0000,-0.7148,0.0000,0.6993
249.796,1,6.511,-1.646,-1.795,0.0000,-0.7148,0.0000,0.6993
249.796,1,6.511,-1.646,-1.795,0.0000,-0.7148,0.0000,0.6993
249.796,1,6.511,-1.646,-1.795,0.0000,-0.7148,0.0000,0.6993
249.796,1,6.511,-1.646,-1.795,0.0000,-0.7148,0.0000,0.6993
249.796,1,6.511,-1.646,-1.795,0.0000,-0.7148,0.0000,0.6993
249.796,1,6.511,-1.646,-1.795,0.0000,-0.7148,0.0000,0.6993
249.796,1,6.511,-1.646,-1.795,0.0000,-0.7148,0.0000,0.6993
249.796,1,6.511,-1.646,-1.795,0.0000,-0.7148,0.0000,0.6993
249.796,1,6.511,-1.646,-1.795,0.0000,-0.7148,0.0000,0.6993
249.796,1,6.511,-1.646,-1.795,0.0000,-0.7148,0.0000,0.6993
249.796,1,6.511,-1.646,-1.795,0.0000,-0.7148,0.0000,0.6993
249.796,1,6.511,-1.646,-1.795,0.0000,-0.7148,0.0000,0.6993
249.796,1,6.511,-1.646,-1.795,0.0000,-0.7148,0.0000,0.6993
249.796,1,6.511,-1.646,-1.795,0.0000,-0.7148,0.0000,0.6993
249.796,1,6.511,-1.646,-1.795,0.0000,-0.7148,0.0000,0.6993
249.796,1,6.511,-1.646,-1.795,0.0000,-0.7148,0.0000,0.6993
249.796,1,6.511,-1.646,-1.795,0.0000,-0.7148,0.0000,0.6993
249.796,1,6.511,-1.646,-1.795,0.0000,-0.7148,0.0000,0.6993
249.796,1,6.511,-1.646,-1.795,0.0000,-0.7148,0.0000,0.6993
249.796,1,6.511,-1.646,-1.795,0.0000,-0.7148,0.0000,0.6993
249.796,1,6.511,-1.646,-1.795,0.0000,-0.7148,0.0000,0.6993
249.796,1,6.511,-1.646,-1.795,0.0000,-0.7148,0.0000,0.6993
249.796,1,6.511,-1.646,-1.795,0.0000,-0.7148,0.0000,0.6993
249.796,1,6.511,-1.646,-1.795,0.0000,-0.7148,0.0000,0.6993
249.796,1,6.511,-1.646,-1.795,0.0000,-0.7148,0.0000,0.6993
249.796,1,6.511,-1.646,-1.795,0.0000,-0.7148,0.0000,0.6993
249.796,1,6.511,-1.646,-1.795,0.0000,-0.7148,0.0000,0.6993
249.796,1,6.511,-1.646,-1.795,0.0000,-0.7148,0.0000,0.6993
249.796,1,6.511,-1.646,-1.795,0.0000,-0.7148,0.0000,0.6993
249.796,1,6.511,-1.646,-1.795,0.0000,-0.7148,0.0000,0.6993
249.796,1,6.511,-1.646,-1.795,0.0000,-0.7148,0.0000,0.6993
249.796,1,6.511,-1.646,-1.795,0.0000,-0.7148,0.0000,0.6993
249.796,1,6.511,-1.646,-1.795,0.0000,-0.7148,0.0000,0.6993
249.796,1,6.511,-1.646,-1.795,0.0000,-0.7148,0.0000,0.6993
249.796,1,6.511,-1.646,-1.795,0.0000,-0.7148,0.0000,0.6993
249.796,1,6.511,-1.646,-1.795,0.0000,-0.7148,0.0000,0.6993
249.796,1,6.511,-1.646,-1.795,0.0000,-0.7148,0.0000,0.6993
249.796,1,6.511,-1.646,-1.795,0.0000,-0.7148,0.0000,0.6993
249.796,1,6.511,-1.646,-1.795,0.0000,-0.7148,0.0000,0.6993
249.796,1,6.511,-1.646,-1.795,0.0000,-0.7148,0.0000,0.6993
249.796,1,6.511,-1.646,-1.795,0.0000,-0.7148,0.0000,0.6993
249.796,1,6.511,-1.646,-1.795,0.0000,-0.7148,0.0000,0.6993
249.796,1,6.511,-1.646,-1.795,0.0000,-0.7148,0.0000,0.6993
249.796,1,6.511,-1.646,-1.795,0.0000,-0.7148,0.0000,0.6993
249.796,1,6.511,-1.646,-1.795,0.0000,-0.7148,0.0000,0.6993
249.796,1,6.511,-1.646,-1.795,0.0000,-0.7148,0.0000,0.6993
249.796,1,6.511,-1.646,-1.795,0.0000,-0.7148,0.0000,0.6993
249.796,1,6.511,-1.646,-1.795,0.0000,-0.7148,0.0000,0.6993
249.796,1,6.511,-1.646,-1.795,0.0000,-0.7148,0.0000,0.6993
249.796,1,6.511,-1.646,-1.795,0.0000,-0.7148,0.0000,0.6993
249.796,1,6.511,-1.646,-1.795,0.0000,-0.7148,0.0000,0.6993
249.796,1,6.511,-1.646,-1.795,0.0000,-0.7148,0.0000,0.6993
249.796,1,6.511,-1.646,-1.795,0.0000,-0.7148,0.0000,0.6993
249.796,1,6.511,-1.646,-1.795,0.0000,-0.7148,0.0000,0.6993
249.796,1,6.511,-1.646,-1.795,0.0000,-0.7148,0.0000,0.6993
249.796,1,6.511,-1.646,-1.795,0.0000,-0.7148,0.0000,0.6993
249.796,1,6.511,-1.646,-1.795,0.0000,-0.7148,0.0000,0.6993
249.796,1,6.511,-1.646,-1.795,0.0000,-0.7148,0.0000,0.6993
249.796,1,6.511,-1.646,-1.795,0.0000,-0.7148,0.0000,0.6993
249.796,1,6.511,-1.646,-1.795,0.0000,-0.7148,0.0000,0.6993
249.796,1,6.511,-1.646,-1.795,0.0000,-0.7148,0.0000,0.6993
249.796,1,6.511,-1.646,-1.795,0.0000,-0.7148,0.0000,0.6993
249.796,1,6.511,-1.646,-1.795,0.0000,-0.7148,0.0000,0.6993
249.796,1,6.511,-1.646,-1.795,0.0000,-0.7148,0.0000,0.6993
249.796,1,6.511,-1.646,-1.795,0.0000,-0.7148,0.0000,0.6993
249.796,1,6.511,-1.646,-1.795,0.0000,-0.7148,0.0000,0.6993
249.796,1,6.511,-1.646,-1.795,0.0000,-0.7148,0.0000,0.6993
249.796,1,6.511,-1.646,-1.795,0.0000,-0.7148,0.0000,0.6993
249.796,1,6.511,-1.646,-1.795,0.0000,-0.7148,0.0000,0.6993
249.796,1,6.511,-1.646,-1.795,0.0000,-0.7148,0.0000,0.6993
249.796,1,6.511,-1.646,-1.795,0.0000,-0.7148,0.0000,0.6993
249.796,1,6.511,-1.646,-1.795,0.0000,-0.7148,0.0000,0.6993
249.796,1,6.511,-1.646,-1.795,0.0000,-0.7148,0.0000,0.6993
249.796,1,6.511,-1.646,-1.795,0.0000,-0.7148,0.0000,0.6993
249.796,1,6.511,-1.646,-1.795,0.0000,-0.7148,0.0000,0.6993
249.796,1,6.511,-1.646,-1.795,0.0000,-0.7148,0.0000,0.6993
249.796,1,6.511,-1.646,-1.795,0.0000,-0.7148,0.0000,0.6993
249.796,1,6.511,-1.646,-1.795,0.0000,-0.7148,0.0000,0.6993
249.796,1,6.511,-1.646,-1.795,0.0000,-0.7148,0.0000,0.6993
249.796,1,6.511,-1.646,-1.795,0.0000,-0.7148,0.0000,0.6993
249.796,1,6.511,-1.646,-1.795,0.0000,-0.7148,0.0000,0.6993
249.796,1,6.511,-1.646,-1.795,0.0000,-0.7148,0.0000,0.6993
249.796,1,6.511,-1.646,-1.795,0.0000,-0.7148,0.0000,0.6993
249.796,1,6.511,-1.646,-1.795,0.0000,-0.7148,0.0000,0.6993
249.796,1,6.511,-1.646,-1.795,0.0000,-0.7148,0.0000,0.6993
249.796,1,6.511,-1.646,-1.795,0.0000,-0.7148,0.0000,0.6993
249.796,1,6.511,-1.646,-1.795,0.0000,-0.7148,0.0000,0.6993
249.796,1,6.511,-1.646,-1.795,0.0000,-0.7148,0.0000,0.6993
249.796,1,6.511,-1.646,-1.795,0.0000,-0.7148,0.0000,0.6993
249.796,1,6.511,-1.646,-1.795,0.0000,-0.7148,0.0000,0.6993
249.796,1,6.511,-1.646,-1.795,0.0000,-0.7148,0.0000,0.6993
249.796,1,6.511,-1.646,-1.795,0.0000,-0.7148,0.0000,0.6993
249.796,1,6.511,-1.646,-1.795,0.0000,-0.7148,0.0000,0.6993
249.796,1,6.511,-1.646,-1.795,0.0000,-0.7148,0.0000,0.6993
249.796,1,6.511,-1.646,-1.795,0.0000,-0.7148,0.0000,0.6993
249.796,1,6.511,-1.646,-1.795,0.0000,-0.7148,0.0000,0.6993
249.796,1,6.511,-1.646,-1.795,0.0000,-0.7148,0.0000,0.6993
249.796,1,6.511,-1.646,-1.795,0.0000,-0.7148,0.0000,0.6993
249.796,1,6.511,-1.646,-1.795,0.0000,-0.7148,0.0000,0.6993
249.796,1,6.511,-1.646,-1.795,0.0000,-0.7148,0.0000,0.6993
249.796,1,6.511,-1.646,-1.795,0.0000,-0.7148,0.0000,0.6993
249.796,1,6.511,-1.646,-1.795,0.0000,-0.7148,0.0000,0.6993
249.796,1,6.511,-1.646,-1.795,0.0000,-0.7148,0.0000,0.6993
249.796,1,6.511,-1.646,-1.795,0.0000,-0.7148,0.0000,0.6993
249.796,1,6.511,-1.646,-1.795,0.0000,-0.7148,0.0000,0.6993
249.796,1,6.511,-1.646,-1.795,0.0000,-0.7148,0.0000,0.6993
249.796,1,6.511,-1.646,-1.795,0.0000,-0.7148,0.0000,0.6993
249.796,1,6.511,-1.646,-1.795,0.0000,-0.7148,0.0000,0.6993
249.796,1,6.511,-1.646,-1.795,0.0000,-0.7148,0.0000,0.6993
249.796,1,6.511,-1.646,-1.795,0.0000,-0.7148,0.0000,0.6993
249.796,1,6.511,-1.646,-1.795,0.0000,-0.7148,0.0000,0.6993
249.796,1,6.511,-1.646,-1.795,0.0000,-0.7148,0.0000,0.6993
249.796,1,6.511,-1.646,-1.795,0.0000,-0.7148,0.0000,0.6993
249.796,1,6.511,-1.646,-1.795,0.0000,-0.7148,0.0000,0.6993
249.796,1,6.511,-1.646,-1.795,0.0000,-0.7148,0.0000,0.6993
249.796,1,6.511,-1.646,-1.795,0.0000,-0.7148,0.0000,0.6993
249.796,1,6.511,-1.646,-1.795,0.0000,-0.7148,0.0000,0.6993
249.796,1,6.511,-1.646,-1.795,0.0000,-0.7148,0.0000,0.6993
249.796,1,6.511,-1.646,-1.795,0.0000,-0.7148,0.0000,0.6993
249.796,1,6.511,-1.646,-1.795,0.0000,-0.7148,0.0000,0.6993
249.796,1,6.511,-1.646,-1.795,0.0000,-0.7148,0.0000,0.6993
249.796,1,6.511,-1.646,-1.795,0.0000,-0.7148,0.0000,0.6993
249.796,1,6.511,-1.646,-1.795,0.0000,-0.7148,0.0000,0.6993
249.796,1,6.511,-1.646,-1.795,0.0000,-0.7148,0.0000,0.6993
249.796,1,6.511,-1.646,-1.795,0.0000,-0.7148,0.0000,0.6993
249.796,1,6.511,-1.646,-1.795,0.0000,-0.7148,0.0000,0.6993
249.796,1,6.511,-1.646,-1.795,0.0000,-0.7148,0.0000,0.6993
249.796,1,6.511,-1.646,-1.795,0.0000,-0.7148,0.0000,0.6993
249.796,1,6.511,-1.646,-1.795,0.0000,-0.7148,0.0000,0.6993
249.796,1,6.511,-1.646,-1.795,0.0000,-0.7148,0.0000,0.6993
249.796,1,6.511,-1.646,-1.795,0.0000,-0.7148,0.0000,0.6993
249.796,1,6.511,-1.646,-1.795,0.0000,-0.7148,0.0000,0.6993
249.796,1,6.511,-1.646,-1.795,0.0000,-0.7148,0.0000,0.6993
249.796,1,6.511,-1.646,-1.795,0.0000,-0.7148,0.0000,0.6993
249.796,1,6.511,-1.646,-1.795,0.0000,-0.7148,0.0000,0.6993
249.796,1,6.511,-1.646,-1.795,0.0000,-0.7148,0.0000,0.6993
249.796,1,6.511,-1.646,-1.795,0.0000,-0.7148,0.0000,0.6993
249.796,1,6.511,-1.646,-1.795,0.0000,-0.7148,0.0000,0.6993
249.796,1,6.511,-1.646,-1.795,0.0000,-0.7148,0.0000,0.6993
249.796,1,6.511,-1.646,-1.795,0.0000,-0.7148,0.0000,0.6993
249.796,1,6.511,-1.646,-1.795,0.0000,-0.7148,0.0000,0.6993
249.796,1,6.511,-1.646,-1.795,0.0000,-0.7148,0.0000,0.6993
249.796,1,6.511,-1.646,-1.795,0.0000,-0.7148,0.0000,0.6993
249.796,1,6.511,-1.646,-1.795,0.0000,-0.7148,0.0000,0.6993
249.796,1,6.511,-1.646,-1.795,0.0000,-0.7148,0.0000,0.6993
249.796,1,6.511,-1.646,-1.795,0.0000,-0.7148,0.0000,0.6993
249.796,1,6.511,-1.646,-1.795,0.0000,-0.7148,0.0000,0.6993
249.796,1,6.511,-1.646,-1.795,0.0000,-0.7148,0.0000,0.6993
249.796,1,6.511,-1.646,-1.795,0.0000,-0.7148,0.0000,0.6993
249.796,1,6.511,-1.646,-1.795,0.0000,-0.7148,0.0000,0.6993
249.796,1,6.511,-1.646,-1.795,0.0000,-0.7148,0.0000,0.6993
249.796,1,6.511,-1.646,-1.795,0.0000,-0.7148,0.0000,0.6993
249.796,1,6.511,-1.646,-1.795,0.0000,-0.7148,0.0000,0.6993
249.796,1,6.511,-1.646,-1.795,0.0000,-0.7148,0.0000,0.6993
249.796,1,6.511,-1.646,-1.795,0.0000,-0.7148,0.0000,0.6993
249.796,1,6.511,-1.646,-1.795,0.0000,-0.7148,0.0000,0.6993
249.796,1,6.511,-1.646,-1.795,0.0000,-0.7148,0.0000,0.6993
249.796,1,6.511,-1.646,-1.795,0.0000,-0.7148,0.0000,0.6993
249.796,1,6.511,-1.646,-1.795,0.0000,-0.7148,0.0000,0.6993
249.796,1,6.511,-1.646,-1.795,0.0000,-0.7148,0.0000,0.6993
249.796,1,6.511,-1.646,-1.795,0.0000,-0.7148,0.0000,0.6993
249.796,1,6.511,-1.646,-1.795,0.0000,-0.7148,0.0000,0.6993
249.796,1,6.511,-1.646,-1.795,0.0000,-0.7148,0.0000,0.6993
249.796,1,6.511,-1.646,-1.795,0.0000,-0.7148,0.0000,0.6993
249.796,1,6.511,-1.646,-1.795,0.0000,-0.7148,0.0000,0.6993
249.796,1,6.511,-1.646,-1.795,0.0000,-0.7148,0.0000,0.6993
249.796,1,6.511,-1.646,-1.795,0.0000,-0.7148,0.0000,0.6993
249.796,1,6.511,-1.646,-1.795,0.0000,-0.7148,0.0000,0.6993
249.796,1,6.511,-1.646,-1.795,0.0000,-0.7148,0.0000,0.6993
249.796,1,6.511,-1.646,-1.795,0.0000,-0.7148,0.0000,0.6993
249.796,1,6.511,-1.646,-1.795,0.0000,-0.7148,0.0000,0.6993
249.796,1,6.511,-1.646,-1.795,0.0000,-0.7148,0.0000,0.6993
249.796,1,6.511,-1.646,-1.795,0.0000,-0.7148,0.0000,0.6993
249.796,1,6.511,-1.646,-1.795,0.0000,-0.7148,0.0000,0.6993
249.796,1,6.511,-1.646,-1.795,0.0000,-0.7148,0.0000,0.6993
249.796,1,6.511,-1.646,-1.795,0.0000,-0.7148,0.0000,0.6993
249.796,1,6.511,-1.646,-1.795,0.0000,-0.7148,0.0000,0.6993
249.796,1,6.511,-1.646,-1.795,0.0000,-0.7148,0.0000,0.6993
249.796,1,6.511,-1.646,-1.795,0.0000,-0.7148,0.0000,0.6993
249.796,1,6.511,-1.646,-1.795,0.0000,-0.7148,0.0000,0.6993
249.796,1,6.511,-1.646,-1.795,0.0000,-0.7148,0.0000,0.6993
249.796,1,6.511,-1.646,-1.795,0.0000,-0.7148,0.0000,0.6993
249.796,1,6.511,-1.646,-1.795,0.0000,-0.7148,0.0000,0.6993
249.796,1,6.511,-1.646,-1.795,0.0000,-0.7148,0.0000,0.6993
249.796,1,6.511,-1.646,-1.795,0.0000,-0.7148,0.0000,0.6993
249.796,1,6.511,-1.646,-1.795,0.0000,-0.7148,0.0000,0.6993
249.796,1,6.511,-1.646,-1.795,0.0000,-0.7148,0.0000,0.6993
249.796,1,6.511,-1.646,-1.795,0.0000,-0.7148,0.0000,0.6993
249.796,1,6.511,-1.646,-1.795,0.0000,-0.7148,0.0000,0.6993
249.796,1,6.511,-1.646,-1.795,0.0000,-0.7148,0.0000,0.6993
249.796,1,6.511,-1.646,-1.795,0.0000,-0.7148,0.0000,0.6993
249.796,1,6.511,-1.646,-1.795,0.0000,-0.7148,0.0000,0.6993
249.796,1,6.511,-1.646,-1.795,0.0000,-0.7148,0.0000,0.6993
249.796,1,6.511,-1.646,-1.795,0.0000,-0.7148,0.0000,0.6993
249.796,1,6.511,-1.646,-1.795,0.0000,-0.7148,0.0000,0.6993
249.796,1,6.511,-1.646,-1.795,0.0000,-0.7148,0.0000,0.6993
249.796,1,6.511,-1.646,-1.795,0.0000,-0.7148,0.0000,0.6993
249.796,1,6.511,-1.646,-1.795,0.0000,-0.7148,0.0000,0.6993
249.796,1,6.511,-1.646,-1.795,0.0000,-0.7148,0.0000,0.6993
249.796,1,6.511,-1.646,-1.795,0.0000,-0.7148,0.0000,0.6993
249.796,1,6.511,-1.646,-1.795,0.0000,-0.7148,0.0000,0.6993
249.796,1,6.511,-1.646,-1.795,0.0000,-0.7148,0.0000,0.6993
249.796,1,6.511,-1.646,-1.795,0.0000,-0.7148,0.0000,0.6993
249.796,1,6.511,-1.646,-1.795,0.0000,-0.7148,0.0000,0.6993
249.796,1,6.511,-1.646,-1.795,0.0000,-0.7148,0.0000,0.6993
249.796,1,6.511,-1.646,-1.795,0.0000,-0.7148,0.0000,0.6993
249.796,1,6.511,-1.646,-1.795,0.0000,-0.7148,0.0000,0.6993
249.796,1,6.511,-1.646,-1.795,0.0000,-0.7148,0.0000,0.6993
249.796,1,6.511,-1.646,-1.795,0.0000,-0.7148,0.0000,0.6993
249.796,1,6.511,-1.646,-1.795,0.0000,-0.7148,0.0000,0.6993
249.796,1,6.511,-1.646,-1.795,0.0000,-0.7148,0.0000,0.6993
249.796,1,6.511,-1.646,-1.795,0.0000,-0.7148,0.0000,0.6993
249.796,1,6.511,-1.646,-1.795,0.0000,-0.7148,0.0000,0.6993
249.796,1,6.511,-1.646,-1.795,0.0000,-0.7148,0.0000,0.6993
249.796,1,6.511,-1.646,-1.795,0.0000,-0.7148,0.0000,0.6993
249.796,1,6.511,-1.646,-1.795,0.0000,-0.7148,0.0000,0.6993
249.796,1,6.511,-1.646,-1.795,0.0000,-0.7148,0.0000,0.6993
249.796,1,6.511,-1.646,-1.795,0.0000,-0.7148,0.0000,0.6993
249.796,1,6.511,-1.646,-1.795,0.0000,-0.7148,0.0000,0.6993
249.796,1,6.511,-1.646,-1.795,0.0000,-0.7148,0.0000,0.6993
249.796,1,6.511,-1.646,-1.795,0.0000,-0.7148,0.0000,0.6993
249.796,1,6.511,-1.646,-1.795,0.0000,-0.7148,0.0000,0.6993
249.796,1,6.511,-1.646,-1.795,0.0000,-0.7148,0.0000,0.6993
249.796,1,6.511,-1.646,-1.795,0.0000,-0.7148,0.0000,0.6993
249.796,1,6.511,-1.646,-1.795,0.0000,-0.7148,0.0000,0.6993
249.796,1,6.511,-1.646,-1.795,0.0000,-0.7148,0.0000,0.6993
249.796,1,6.511,-1.646,-1.795,0.0000,-0.7148,0.0000,0.6993
249.796,1,6.511,-1.646,-1.795,0.0000,-0.7148,0.0000,0.6993
249.796,1,6.511,-1.646,-1.795,0.0000,-0.7148,0.0000,0.6993
249.796,1,6.511,-1.646,-1.795,0.0000,-0.7148,0.0000,0.6993
249.796,1,6.511,-1.646,-1.795,0.0000,-0.7148,0.0000,0.6993
249.796,1,6.511,-1.646,-1.795,0.0000,-0.7148,0.0000,0.6993
249.796,1,6.511,-1.646,-1.795,0.0000,-0.7148,0.0000,0.6993
249.796,1,6.511,-1.646,-1.795,0.0000,-0.7148,0.0000,0.6993
249.796,1,6.511,-1.646,-1.795,0.0000,-0.7148,0.0000,0.6993
249.796,1,6.511,-1.646,-1.795,0.0000,-0.7148,0.0000,0.6993
249.796,1,6.511,-1.646,-1.795,0.0000,-0.7148,0.0000,0.6993
249.796,1,6.511,-1.646,-1.795,0.0000,-0.7148,0.0000,0.6993
249.796,1,6.511,-1.646,-1.795,0.0000,-0.7148,0.0000,0.6993
249.796,1,6.511,-1.646,-1.795,0.0000,-0.7148,0.0000,0.6993
249.796,1,6.511,-1.646,-1.795,0.0000,-0.7148,0.0000,0.6993
249.796,1,6.511,-1.646,-1.795,0.0000,-0.7148,0.0000,0.6993
249.796,1,6.511,-1.646,-1.795,0.0000,-0.7148,0.0000,0.6993
249.796,1,6.511,-1.646,-1.795,0.0000,-0.7148,0.0000,0.6993
249.796,1,6.511,-1.646,-1.795,0.0000,-0.7148,0.0000,0.6993
249.796,1,6.511,-1.646,-1.795,0.0000,-0.7148,0.0000,0.6993
249.796,1,6.511,-1.646,-1.795,0.0000,-0.7148,0.0000,0.6993
249.796,1,6.511,-1.646,-1.795,0.0000,-0.7148,0.0000,0.6993
249.796,1,6.511,-1.646,-1.795,0.0000,-0.7148,0.0000,0.6993
249.796,1,6.511,-1.646,-1.795,0.0000,-0.7148,0.0000,0.6993
249.796,1,6.511,-1.646,-1.795,0.0000,-0.7148,0.0000,0.6993
249.796,1,6.511,-1.646,-1.795,0.0000,-0.7148,0.0000,0.6993
249.796,1,6.511,-1.646,-1.795,0.0000,-0.7148,0.0000,0.6993
249.796,1,6.511,-1.646,-1.795,0.0000,-0.7148,0.0000,0.6993
249.796,1,6.511,-1.646,-1.795,0.0000,-0.7148,0.0000,0.6993
249.796,1,6.511,-1.646,-1.795,0.0000,-0.7148,0.0000,0.6993
249.796,1,6.511,-1.646,-1.795,0.0000,-0.7148,0.0000,0.6993
249.796,1,6.511,-1.646,-1.795,0.0000,-0.7148,0.0000,0.6993
249.796,1,6.511,-1.646,-1.795,0.0000,-0.7148,0.0000,0.6993
249.796,1,6.511,-1.646,-1.795,0.0000,-0.7148,0.0000,0.6993
249.796,1,6.511,-1.646,-1.795,0.0000,-0.7148,0.0000,0.6993
249.796,1,6.511,-1.646,-1.795,0.0000,-0.7148,0.0000,0.6993
249.796,1,6.511,-1.646,-1.795,0.0000,-0.7148,0.0000,0.6993
249.796,1,6.511,-1.646,-1.795,0.0000,-0.7148,0.0000,0.6993
249.796,1,6.511,-1.646,-1.795,0.0000,-0.7148,0.0000,0.6993
249.796,1,6.511,-1.646,-1.795,0.0000,-0.7148,0.0000,0.6993
249.796,1,6.511,-1.646,-1.795,0.0000,-0.7148,0.0000,0.6993
249.796,1,6.511,-1.646,-1.795,0.0000,-0.7148,0.0000,0.6993
249.796,1,6.511,-1.646,-1.795,0.0000,-0.7148,0.0000,0.6993
249.796,1,6.511,-1.646,-1.795,0.0000,-0.7148,0.0000,0.6993
249.796,1,6.511,-1.646,-1.795,0.0000,-0.7148,0.0000,0.6993
249.796,1,6.511,-1.646,-1.795,0.0000,-0.7148,0.0000,0.6993
249.796,1,6.511,-1.646,-1.795,0.0000,-0.7148,0.0000,0.6993
249.796,1,6.511,-1.646,-1.795,0.0000,-0.7148,0.0000,0.6993
249.796,1,6.511,-1.646,-1.795,0.0000,-0.7148,0.0000,0.6993
249.796,1,6.511,-1.646,-1.795,0.0000,-0.7148,0.0000,0.6993
249.796,1,6.511,-1.646,-1.795,0.0000,-0.7148,0.0000,0.6993
249.796,1,6.511,-1.646,-1.795,0.0000,-0.7148,0.0000,0.6993
249.796,1,6.511,-1.646,-1.795,0.0000,-0.7148,0.0000,0.6993
249.796,1,6.511,-1.646,-1.795,0.0000,-0.7148,0.0000,0.6993
249.796,1,6.511,-1.646,-1.795,0.0000,-0.7148,0.0000,0.6993
249.796,1,6.511,-1.646,-1.795,0.0000,-0.7148,0.0000,0.6993
249.796,1,6.511,-1.646,-1.795,0.0000,-0.7148,0.0000,0.6993
249.796,1,6.511,-1.646,-1.795,0.0000,-0.7148,0.0000,0.6993
249.796,1,6.511,-1.646,-1.795,0.0000,-0.7148,0.0000,0.6993
249.796,1,6.511,-1.646,-1.795,0.0000,-0.7148,0.0000,0.6993
249.796,1,6.511,-1.646,-1.795,0.0000,-0.7148,0.0000,0.6993
249.796,1,6.511,-1.646,-1.795,0.0000,-0.7148,0.0000,0.6993
249.796,1,6.511,-1.646,-1.795,0.0000,-0.7148,0.0000,0.6993
249.796,1,6.511,-1.646,-1.795,0.0000,-0.7148,0.0000,0.6993
249.796,1,6.511,-1.646,-1.795,0.0000,-0.7148,0.0000,0.6993
249.796,1,6.511,-1.646,-1.795,0.0000,-0.7148,0.0000,0.6993
249.796,1,6.511,-1.646,-1.795,0.0000,-0.7148,0.0000,0.6993
249.796,1,6.511,-1.646,-1.795,0.0000,-0.7148,0.0000,0.6993
249.796,1,6.511,-1.646,-1.795,0.0000,-0.7148,0.0000,0.6993
249.796,1,6.511,-1.646,-1.795,0.0000,-0.7148,0.0000,0.6993
249.796,1,6.511,-1.646,-1.795,0.0000,-0.7148,0.0000,0.6993
249.796,1,6.511,-1.646,-1.795,0.0000,-0.7148,0.0000,0.6993
249.796,1,6.511,-1.646,-1.795,0.0000,-0.7148,0.0000,0.6993
249.796,1,6.511,-1.646,-1.795,0.0000,-0.7148,0.0000,0.6993
249.796,1,6.511,-1.646,-1.795,0.0000,-0.7148,0.0000,0.6993
249.796,1,6.511,-1.646,-1.795,0.0000,-0.7148,0.0000,0.6993
249.796,1,6.511,-1.646,-1.795,0.0000,-0.7148,0.0000,0.6993
249.796,1,6.511,-1.646,-1.795,0.0000,-0.7148,0.0000,0.6993
249.796,1,6.511,-1.646,-1.795,0.0000,-0.7148,0.0000,0.6993
249.796,1,6.511,-1.646,-1.795,0.0000,-0.7148,0.0000,0.6993
249.796,1,6.511,-1.646,-1.795,0.0000,-0.7148,0.0000,0.6993
249.796,1,6.511,-1.646,-1.795,0.0000,-0.7148,0.0000,0.6993
249.796,1,6.511,-1.646,-1.795,0.0000,-0.7148,0.0000,0.6993
249.796,1,6.511,-1.646,-1.795,0.0000,-0.7148,0.0000,0.6993
249.796,1,6.511,-1.646,-1.795,0.0000,-0.7148,0.0000,0.6993
249.796,1,6.511,-1.646,-1.795,0.0000,-0.7148,0.0000,0.6993
249.796,1,6.511,-1.646,-1.795,0.0000,-0.7148,0.0000,0.6993
249.796,1,6.511,-1.646,-1.795,0.0000,-0.7148,0.0000,0.6993
249.796,1,6.511,-1.646,-1.795,0.0000,-0.7148,0.0000,0.6993
249.796,1,6.511,-1.646,-1.795,0.0000,-0.7148,0.0000,0.6993
249.796,1,6.511,-1.646,-1.795,0.0000,-0.7148,0.0000,0.6993
249.796,1,6.511,-1.646,-1.795,0.0000,-0.7148,0.0000,0.6993
249.796,1,6.511,-1.646,-1.795,0.0000,-0.7148,0.0000,0.6993
249.796,1,6.511,-1.646,-1.795,0.0000,-0.7148,0.0000,0.6993
249.796,1,6.511,-1.646,-1.795,0.0000,-0.7148,0.0000,0.6993
249.796,1,6.511,-1.646,-1.795,0.0000,-0.7148,0.0000,0.6993
249.796,1,6.511,-1.646,-1.795,0.0000,-0.7148,0.0000,0.6993
249.796,1,6.511,-1.646,-1.795,0.0000,-0.7148,0.0000,0.6993
249.796,1,6.511,-1.646,-1.795,0.0000,-0.7148,0.0000,0.6993
249.796,1,6.511,-1.646,-1.795,0.0000,-0.7148,0.0000,0.6993
249.796,1,6.511,-1.646,-1.795,0.0000,-0.7148,0.0000,0.6993
249.796,1,6.511,-1.646,-1.795,0.0000,-0.7148,0.0000,0.6993
249.796,1,6.511,-1.646,-1.795,0.0000,-0.7148,0.0000,0.6993
249.796,1,6.511,-1.646,-1.795,0.0000,-0.7148,0.0000,0.6993
249.796,1,6.511,-1.646,-1.795,0.0000,-0.7148,0.0000,0.6993
249.796,1,6.511,-1.646,-1.795,0.0000,-0.7148,0.0000,0.6993
249.796,1,6.511,-1.646,-1.795,0.0000,-0.7148,0.0000,0.6993
249.796,1,6.511,-1.646,-1.795,0.0000,-0.7148,0.0000,0.6993
249.796,1,6.511,-1.646,-1.795,0.0000,-0.7148,0.0000,0.6993
249.796,1,6.511,-1.646,-1.795,0.0000,-0.7148,0.0000,0.6993
249.796,1,6.511,-1.646,-1.795,0.0000,-0.7148,0.0000,0.6993
249.796,1,6.511,-1.646,-1.795,0.0000,-0.7148,0.0000,0.6993
249.796,1,6.511,-1.646,-1.795,0.0000,-0.7148,0.0000,0.6993
249.796,1,6.511,-1.646,-1.795,0.0000,-0.7148,0.0000,0.6993
249.796,1,6.511,-1.646,-1.795,0.0000,-0.7148,0.0000,0.6993
249.796,1,6.511,-1.646,-1.795,0.0000,-0.7148,0.0000,0.6993
249.796,1,6.511,-1.646,-1.795,0.0000,-0.7148,0.0000,0.6993
249.796,1,6.511,-1.646,-1.795,0.0000,-0.7148,0.0000,0.6993
249.796,1,6.511,-1.646,-1.795,0.0000,-0.7148,0.0000,0.6993
249.796,1,6.511,-1.646,-1.795,0.0000,-0.7148,0.0000,0.6993
249.796,1,6.511,-1.646,-1.795,0.0000,-0.7148,0.0000,0.6993
249.796,1,6.511,-1.646,-1.795,0.0000,-0.7148,0.0000,0.6993
249.796,1,6.511,-1.646,-1.795,0.0000,-0.7148,0.0000,0.6993
249.796,1,6.511,-1.646,-1.795,0.0000,-0.7148,0.0000,0.6993
249.796,1,6.511,-1.646,-1.795,0.0000,-0.7148,0.0000,0.6993
249.796,1,6.511,-1.646,-1.795,0.0000,-0.7148,0.0000,0.6993
249.796,1,6.511,-1.646,-1.795,0.0000,-0.7148,0.0000,0.6993
249.796,1,6.511,-1.646,-1.795,0.0000,-0.7148,0.0000,0.6993
249.796,1,6.511,-1.646,-1.795,0.0000,-0.7148,0.0000,0.6993
249.796,1,6.511,-1.646,-1.795,0.0000,-0.7148,0.0000,0.6993
249.796,1,6.511,-1.646,-1.795,0.0000,-0.7148,0.0000,0.6993
249.796,1,6.511,-1.646,-1.795,0.0000,-0.7148,0.0000,0.6993
249.796,1,6.511,-1.646,-1.795,0.0000,-0.7148,0.0000,0.6993
249.796,1,6.511,-1.646,-1.795,0.0000,-0.7148,0.0000,0.6993
249.796,1,6.511,-1.646,-1.795,0.0000,-0.7148,0.0000,0.6993
249.796,1,6.511,-1.646,-1.795,0.0000,-0.7148,0.0000,0.6993
249.796,1,6.511,-1.646,-1.795,0.0000,-0.7148,0.0000,0.6993
249.796,1,6.511,-1.646,-1.795,0.0000,-0.7148,0.0000,0.6993
249.796,1,6.511,-1.646,-1.795,0.0000,-0.7148,0.0000,0.6993
249.796,1,6.511,-1.646,-1.795,0.0000,-0.7148,0.0000,0.6993
249.796,1,6.511,-1.646,-1.795,0.0000,-0.7148,0.0000,0.6993
249.796,1,6.511,-1.646,-1.795,0.0000,-0.7148,0.0000,0.6993
249.796,1,6.511,-1.646,-1.795,0.0000,-0.7148,0.0000,0.6993
249.796,1,6.511,-1.646,-1.795,0.0000,-0.7148,0.0000,0.6993
249.796,1,6.511,-1.646,-1.795,0.0000,-0.7148,0.0000,0.6993
249.796,1,6.511,-1.646,-1.795,0.0000,-0.7148,0.0000,0.6993
249.796,1,6.511,-1.646,-1.795,0.0000,-0.7148,0.0000,0.6993
249.796,1,6.511,-1.646,-1.795,0.0000,-0.7148,0.0000,0.6993
249.796,1,6.511,-1.646,-1.795,0.0000,-0.7148,0.0000,0.6993
249.796,1,6.511,-1.646,-1.795,0.0000,-0.7148,0.0000,0.6993
249.796,1,6.511,-1.646,-1.795,0.0000,-0.7148,0.0000,0.6993
249.796,1,6.511,-1.646,-1.795,0.0000,-0.7148,0.0000,0.6993
249.796,1,6.511,-1.646,-1.795,0.0000,-0.7148,0.0000,0.6993
249.796,1,6.511,-1.646,-1.795,0.0000,-0.7148,0.0000,0.6993
249.796,1,6.511,-1.646,-1.795,0.0000,-0.7148,0.0000,0.6993
249.796,1,6.511,-1.646,-1.795,0.0000,-0.7148,0.0000,0.6993
249.796,1,6.511,-1.646,-1.795,0.0000,-0.7148,0.0000,0.6993
249.796,1,6.511,-1.646,-1.795,0.0000,-0.7148,0.0000,0.6993
249.796,1,6.511,-1.646,-1.795,0.0000,-0.7148,0.0000,0.6993
249.796,1,6.511,-1.646,-1.795,0.0000,-0.7148,0.0000,0.6993
249.796,1,6.511,-1.646,-1.795,0.0000,-0.7148,0.0000,0.6993
249.796,1,6.511,-1.646,-1.795,0.0000,-0.7148,0.0000,0.6993
249.796,1,6.511,-1.646,-1.795,0.0000,-0.7148,0.0000,0.6993
249.796,1,6.511,-1.646,-1.795,0.0000,-0.7148,0.0000,0.6993
249.796,1,6.511,-1.646,-1.795,0.0000,-0.7148,0.0000,0.6993
249.796,1,6.511,-1.646,-1.795,0.0000,-0.7148,0.0000,0.6993
249.796,1,6.511,-1.646,-1.795,0.0000,-0.7148,0.0000,0.6993
249.796,1,6.511,-1.646,-1.795,0.0000,-0.7148,0.0000,0.6993
249.796,1,6.511,-1.646,-1.795,0.0000,-0.7148,0.0000,0.6993
249.796,1,6.511,-1.646,-1.795,0.0000,-0.7148,0.0000,0.6993
249.796,1,6.511,-1.646,-1.795,0.0000,-0.7148,0.0000,0.6993
249.796,1,6.511,-1.646,-1.795,0.0000,-0.7148,0.0000,0.6993
249.796,1,6.511,-1.646,-1.795,0.0000,-0.7148,0.0000,0.6993
249.796,1,6.511,-1.646,-1.795,0.0000,-0.7148,0.0000,0.6993
249.796,1,6.511,-1.646,-1.795,0.0000,-0.7148,0.0000,0.6993
249.796,1,6.511,-1.646,-1.795,0.0000,-0.7148,0.0000,0.6993
249.796,1,6.511,-1.646,-1.795,0.0000,-0.7148,0.0000,0.6993
249.796,1,6.511,-1.646,-1.795,0.0000,-0.7148,0.0000,0.6993
249.796,1,6.511,-1.646,-1.795,0.0000,-0.7148,0.0000,0.6993
249.796,1,6.511,-1.646,-1.795,0.0000,-0.7148,0.0000,0.6993
249.796,1,6.511,-1.646,-1.795,0.0000,-0.7148,0.0000,0.6993
249.796,1,6.511,-1.646,-1.795,0.0000,-0.7148,0.0000,0.6993
249.796,1,6.511,-1.646,-1.795,0.0000,-0.7148,0.0000,0.6993
249.796,1,6.511,-1.646,-1.795,0.0000,-0.7148,0.0000,0.6993
249.796,1,6.511,-1.646,-1.795,0.0000,-0.7148,0.0000,0.6993
249.796,1,6.511,-1.646,-1.795,0.0000,-0.7148,0.0000,0.6993
249.796,1,6.511,-1.646,-1.795,0.0000,-0.7148,0.0000,0.6993
249.796,1,6.511,-1.646,-1.795,0.0000,-0.7148,0.0000,0.6993
249.796,1,6.511,-1.646,-1.795,0.0000,-0.7148,0.0000,0.6993
249.796,1,6.511,-1.646,-1.795,0.0000,-0.7148,0.0000,0.6993
249.796,1,6.511,-1.646,-1.795,0.0000,-0.7148,0.0000,0.6993
249.796,1,6.511,-1.646,-1.795,0.0000,-0.7148,0.0000,0.6993
249.796,1,6.511,-1.646,-1.795,0.0000,-0.7148,0.0000,0.6993
249.796,1,6.511,-1.646,-1.795,0.0000,-0.7148,0.0000,0.6993
249.796,1,6.511,-1.646,-1.795,0.0000,-0.7148,0.0000,0.6993
249.796,1,6.511,-1.646,-1.795,0.0000,-0.7148,0.0000,0.6993
249.796,1,6.511,-1.646,-1.795,0.0000,-0.7148,0.0000,0.6993
249.796,1,6.511,-1.646,-1.795,0.0000,-0.7148,0.0000,0.6993
249.796,1,6.511,-1.646,-1.795,0.0000,-0.7148,0.0000,0.6993
249.796,1,6.511,-1.646,-1.795,0.0000,-0.7148,0.0000,0.6993
249.796,1,6.511,-1.646,-1.795,0.0000,-0.7148,0.0000,0.6993
249.796,1,6.511,-1.646,-1.795,0.0000,-0.7148,0.0000,0.6993
249.796,1,6.511,-1.646,-1.795,0.0000,-0.7148,0.0000,0.6993
249.796,1,6.511,-1.646,-1.795,0.0000,-0.7148,0.0000,0.6993
249.796,1,6.511,-1.646,-1.795,0.0000,-0.7148,0.0000,0.6993
249.796,1,6.511,-1.646,-1.795,0.0000,-0.7148,0.0000,0.6993
249.796,1,6.511,-1.646,-1.795,0.0000,-0.7148,0.0000,0.6993
249.796,1,6.511,-1.646,-1.795,0.0000,-0.7148,0.0000,0.6993
249.796,1,6.511,-1.646,-1.795,0.0000,-0.7148,0.0000,0.6993
249.796,1,6.511,-1.646,-1.795,0.0000,-0.7148,0.0000,0.6993
249.796,1,6.511,-1.646,-1.795,0.0000,-0.7148,0.0000,0.6993
249.796,1,6.511,-1.646,-1.795,0.0000,-0.7148,0.0000,0.6993
249.796,1,6.511,-1.646,-1.795,0.0000,-0.7148,0.0000,0.6993
249.796,1,6.511,-1.646,-1.795,0.0000,-0.7148,0.0000,0.6993
249.796,1,6.511,-1.646,-1.795,0.0000,-0.7148,0.0000,0.6993
249.796,1,6.511,-1.646,-1.795,0.0000,-0.7148,0.0000,0.6993
249.796,1,6.511,-1.646,-1.795,0.0000,-0.7148,0.0000,0.6993
249.796,1,6.511,-1.646,-1.795,0.0000,-0.7148,0.0000,0.6993
249.796,1,6.511,-1.646,-1.795,0.0000,-0.7148,0.0000,0.6993
249.796,1,6.511,-1.646,-1.795,0.0000,-0.7148,0.0000,0.6993
249.796,1,6.511,-1.646,-1.795,0.0000,-0.7148,0.0000,0.6993
249.796,1,6.511,-1.646,-1.795,0.0000,-0.7148,0.0000,0.6993
249.796,1,6.511,-1.646,-1.795,0.0000,-0.7148,0.0000,0.6993
249.796,1,6.511,-1.646,-1.795,0.0000,-0.7148,0.0000,0.6993
249.796,1,6.511,-1.646,-1.795,0.0000,-0.7148,0.0000,0.6993
249.796,1,6.511,-1.646,-1.795,0.0000,-0.7148,0.0000,0.6993
249.796,1,6.511,-1.646,-1.795,0.0000,-0.7148,0.0000,0.6993
249.796,1,6.511,-1.646,-1.795,0.0000,-0.7148,0.0000,0.6993
249.796,1,6.511,-1.646,-1.795,0.0000,-0.7148,0.0000,0.6993
249.796,1,6.511,-1.646,-1.795,0.0000,-0.7148,0.0000,0.6993
249.796,1,6.511,-1.646,-1.795,0.0000,-0.7148,0.0000,0.6993
249.796,1,6.511,-1.646,-1.795,0.0000,-0.7148,0.0000,0.6993
249.796,1,6.511,-1.646,-1.795,0.0000,-0.7148,0.0000,0.6993
249.796,1,6.511,-1.646,-1.795,0.0000,-0.7148,0.0000,0.6993
249.796,1,6.511,-1.646,-1.795,0.0000,-0.7148,0.0000,0.6993
249.796,1,6.511,-1.646,-1.795,0.0000,-0.7148,0.0000,0.6993
249.796,1,6.511,-1.646,-1.795,0.0000,-0.7148,0.0000,0.6993
249.796,1,6.511,-1.646,-1.795,0.0000,-0.7148,0.0000,0.6993
249.796,1,6.511,-1.646,-1.795,0.0000,-0.7148,0.0000,0.6993
249.796,1,6.511,-1.646,-1.795,0.0000,-0.7148,0.0000,0.6993
249.796,1,6.511,-1.646,-1.795,0.0000,-0.7148,0.0000,0.6993
249.796,1,6.511,-1.646,-1.795,0.0000,-0.7148,0.0000,0.6993
249.796,1,6.511,-1.646,-1.795,0.0000,-0.7148,0.0000,0.6993
249.796,1,6.511,-1.646,-1.795,0.0000,-0.7148,0.0000,0.6993
249.796,1,6.511,-1.646,-1.795,0.0000,-0.7148,0.0000,0.6993
249.796,1,6.511,-1.646,-1.795,0.0000,-0.7148,0.0000,0.6993
249.796,1,6.511,-1.646,-1.795,0.0000,-0.7148,0.0000,0.6993
249.796,1,6.511,-1.646,-1.795,0.0000,-0.7148,0.0000,0.6993
249.796,1,6.511,-1.646,-1.795,0.0000,-0.7148,0.0000,0.6993
249.796,1,6.511,-1.646,-1.795,0.0000,-0.7148,0.0000,0.6993
249.796,1,6.511,-1.646,-1.795,0.0000,-0.7148,0.0000,0.6993
249.796,1,6.511,-1.646,-1.795,0.0000,-0.7148,0.0000,0.6993
249.796,1,6.511,-1.646,-1.795,0.0000,-0.7148,0.0000,0.6993
249.796,1,6.511,-1.646,-1.795,0.0000,-0.7148,0.0000,0.6993
249.796,1,6.511,-1.646,-1.795,0.0000,-0.7148,0.0000,0.6993
249.796,1,6.511,-1.646,-1.795,0.0000,-0.7148,0.0000,0.6993
249.796,1,6.511,-1.646,-1.795,0.0000,-0.7148,0.0000,0.6993
249.796,1,6.511,-1.646,-1.795,0.0000,-0.7148,0.0000,0.6993
249.796,1,6.511,-1.646,-1.795,0.0000,-0.7148,0.0000,0.6993
249.796,1,6.511,-1.646,-1.795,0.0000,-0.7148,0.0000,0.6993
249.796,1,6.511,-1.646,-1.795,0.0000,-0.7148,0.0000,0.6993
249.796,1,6.511,-1.646,-1.795,0.0000,-0.7148,0.0000,0.6993
249.796,1,6.511,-1.646,-1.795,0.0000,-0.7148,0.0000,0.6993
249.796,1,6.511,-1.646,-1.795,0.0000,-0.7148,0.0000,0.6993
249.796,1,6.511,-1.646,-1.795,0.0000,-0.7148,0.0000,0.6993
249.796,1,6.511,-1.646,-1.795,0.0000,-0.7148,0.0000,0.6993
249.796,1,6.511,-1.646,-1.795,0.0000,-0.7148,0.0000,0.6993
249.796,1,6.511,-1.646,-1.795,0.0000,-0.7148,0.0000,0.6993
249.796,1,6.511,-1.646,-1.795,0.0000,-0.7148,0.0000,0.6993
249.796,1,6.511,-1.646,-1.795,0.0000,-0.7148,0.0000,0.6993
249.796,1,6.511,-1.646,-1.795,0.0000,-0.7148,0.0000,0.6993
249.796,1,6.511,-1.646,-1.795,0.0000,-0.7148,0.0000,0.6993
249.796,1,6.511,-1.646,-1.795,0.0000,-0.7148,0.0000,0.6993
249.796,1,6.511,-1.646,-1.795,0.0000,-0.7148,0.0000,0.6993
249.796,1,6.511,-1.646,-1.795,0.0000,-0.7148,0.0000,0.6993
249.796,1,6.511,-1.646,-1.795,0.0000,-0.7148,0.0000,0.6993
249.796,1,6.511,-1.646,-1.795,0.0000,-0.7148,0.0000,0.6993
249.796,1,6.511,-1.646,-1.795,0.0000,-0.7148,0.0000,0.6993
249.796,1,6.511,-1.646,-1.795,0.0000,-0.7148,0.0000,0.6993
249.796,1,6.511,-1.646,-1.795,0.0000,-0.7148,0.0000,0.6993
249.796,1,6.511,-1.646,-1.795,0.0000,-0.7148,0.0000,0.6993
249.796,1,6.511,-1.646,-1.795,0.0000,-0.7148,0.0000,0.6993
249.796,1,6.511,-1.646,-1.795,0.0000,-0.7148,0.0000,0.6993
249.796,1,6.511,-1.646,-1.795,0.0000,-0.7148,0.0000,0.6993
249.796,1,6.511,-1.646,-1.795,0.0000,-0.7148,0.0000,0.6993
249.796,1,6.511,-1.646,-1.795,0.0000,-0.7148,0.0000,0.6993
249.796,1,6.511,-1.646,-1.795,0.0000,-0.7148,0.0000,0.6993
249.796,1,6.511,-1.646,-1.795,0.0000,-0.7148,0.0000,0.6993
249.796,1,6.511,-1.646,-1.795,0.0000,-0.7148,0.0000,0.6993
249.796,1,6.511,-1.646,-1.795,0.0000,-0.7148,0.0000,0.6993
249.796,1,6.511,-1.646,-1.795,0.0000,-0.7148,0.0000,0.6993
249.796,1,6.511,-1.646,-1.795,0.0000,-0.7148,0.0000,0.6993
249.796,1,6.511,-1.646,-1.795,0.0000,-0.7148,0.0000,0.6993
249.796,1,6.511,-1.646,-1.795,0.0000,-0.7148,0.0000,0.6993
249.796,1,6.511,-1.646,-1.795,0.0000,-0.7148,0.0000,0.6993
249.796,1,6.511,-1.646,-1.795,0.0000,-0.7148,0.0000,0.6993
249.796,1,6.511,-1.646,-1.795,0.0000,-0.7148,0.0000,0.6993
249.796,1,6.511,-1.646,-1.795,0.0000,-0.7148,0.0000,0.6993
249.796,1,6.511,-1.646,-1.795,0.0000,-0.7148,0.0000,0.6993
249.796,1,6.511,-1.646,-1.795,0.0000,-0.7148,0.0000,0.6993
249.796,1,6.511,-1.646,-1.795,0.0000,-0.7148,0.0000,0.6993
249.796,1,6.511,-1.646,-1.795,0.0000,-0.7148,0.0000,0.6993
249.796,1,6.511,-1.646,-1.795,0.0000,-0.7148,0.0000,0.6993
249.796,1,6.511,-1.646,-1.795,0.0000,-0.7148,0.0000,0.6993
249.796,1,6.511,-1.646,-1.795,0.0000,-0.7148,0.0000,0.6993
249.796,1,6.511,-1.646,-1.795,0.0000,-0.7148,0.0000,0.6993
249.796,1,6.511,-1.646,-1.795,0.0000,-0.7148,0.0000,0.6993
249.796,1,6.511,-1.646,-1.795,0.0000,-0.7148,0.0000,0.6993
249.796,1,6.511,-1.646,-1.795,0.0000,-0.7148,0.0000,0.6993
249.796,1,6.511,-1.646,-1.795,0.0000,-0.7148,0.0000,0.6993
249.796,1,6.511,-1.646,-1.795,0.0000,-0.7148,0.0000,0.6993
249.796,1,6.511,-1.646,-1.795,0.0000,-0.7148,0.0000,0.6993
249.796,1,6.511,-1.646,-1.795,0.0000,-0.7148,0.0000,0.6993
249.796,1,6.511,-1.646,-1.795,0.0000,-0.7148,0.0000,0.6993
249.796,1,6.511,-1.646,-1.795,0.0000,-0.7148,0.0000,0.6993
249.796,1,6.511,-1.646,-1.795,0.0000,-0.7148,0.0000,0.6993
249.796,1,6.511,-1.646,-1.795,0.0000,-0.7148,0.0000,0.6993
249.796,1,6.511,-1.646,-1.795,0.0000,-0.7148,0.0000,0.6993
249.796,1,6.511,-1.646,-1.795,0.0000,-0.7148,0.0000,0.6993
249.796,1,6.511,-1.646,-1.795,0.0000,-0.7148,0.0000,0.6993
249.796,1,6.511,-1.646,-1.795,0.0000,-0.7148,0.0000,0.6993
249.796,1,6.511,-1.646,-1.795,0.0000,-0.7148,0.0000,0.6993
249.796,1,6.511,-1.646,-1.795,0.0000,-0.7148,0.0000,0.6993
249.796,1,6.511,-1.646,-1.795,0.0000,-0.7148,0.0000,0.6993
249.796,1,6.511,-1.646,-1.795,0.0000,-0.7148,0.0000,0.6993
249.796,1,6.511,-1.646,-1.795,0.0000,-0.7148,0.0000,0.6993
249.796,1,6.511,-1.646,-1.795,0.0000,-0.7148,0.0000,0.6993
249.796,1,6.511,-1.646,-1.795,0.0000,-0.7148,0.0000,0.6993
249.796,1,6.511,-1.646,-1.795,0.0000,-0.7148,0.0000,0.6993
249.796,1,6.511,-1.646,-1.795,0.0000,-0.7148,0.0000,0.6993
249.796,1,6.511,-1.646,-1.795,0.0000,-0.7148,0.0000,0.6993
249.796,1,6.511,-1.646,-1.795,0.0000,-0.7148,0.0000,0.6993
249.796,1,6.511,-1.646,-1.795,0.0000,-0.7148,0.0000,0.6993
249.796,1,6.511,-1.646,-1.795,0.0000,-0.7148,0.0000,0.6993
249.796,1,6.511,-1.646,-1.795,0.0000,-0.7148,0.0000,0.6993
249.796,1,6.511,-1.646,-1.795,0.0000,-0.7148,0.0000,0.6993
249.796,1,6.511,-1.646,-1.795,0.0000,-0.7148,0.0000,0.6993
249.796,1,6.511,-1.646,-1.795,0.0000,-0.7148,0.0000,0.6993
249.796,1,6.511,-1.646,-1.795,0.0000,-0.7148,0.0000,0.6993
249.796,1,6.511,-1.646,-1.795,0.0000,-0.7148,0.0000,0.6993
249.796,1,6.511,-1.646,-1.795,0.0000,-0.7148,0.0000,0.6993
249.796,1,6.511,-1.646,-1.795,0.0000,-0.7148,0.0000,0.6993
249.796,1,6.511,-1.646,-1.795,0.0000,-0.7148,0.0000,0.6993
249.796,1,6.511,-1.646,-1.795,0.0000,-0.7148,0.0000,0.6993
249.796,1,6.511,-1.646,-1.795,0.0000,-0.7148,0.0000,0.6993
249.796,1,6.511,-1.646,-1.795,0.0000,-0.7148,0.0000,0.6993
249.796,1,6.511,-1.646,-1.795,0.0000,-0.7148,0.0000,0.6993
249.796,1,6.511,-1.646,-1.795,0.0000,-0.7148,0.0000,0.6993
249.796,1,6.511,-1.646,-1.795,0.0000,-0.7148,0.0000,0.6993
249.796,1,6.511,-1.646,-1.795,0.0000,-0.7148,0.0000,0.6993
249.796,1,6.511,-1.646,-1.795,0.0000,-0.7148,0.0000,0.6993
249.796,1,6.511,-1.646,-1.795,0.0000,-0.7148,0.0000,0.6993
249.796,1,6.511,-1.646,-1.795,0.0000,-0.7148,0.0000,0.6993
249.796,1,6.511,-1.646,-1.795,0.0000,-0.7148,0.0000,0.6993
249.796,1,6.511,-1.646,-1.795,0.0000,-0.7148,0.0000,0.6993
249.796,1,6.511,-1.646,-1.795,0.0000,-0.7148,0.0000,0.6993
249.796,1,6.511,-1.646,-1.795,0.0000,-0.7148,0.0000,0.6993
249.796,1,6.511,-1.646,-1.795,0.0000,-0.7148,0.0000,0.6993
249.796,1,6.511,-1.646,-1.795,0.0000,-0.7148,0.0000,0.6993
249.796,1,6.511,-1.646,-1.795,0.0000,-0.7148,0.0000,0.6993
249.796,1,6.511,-1.646,-1.795,0.0000,-0.7148,0.0000,0.6993
249.796,1,6.511,-1.646,-1.795,0.0000,-0.7148,0.0000,0.6993
249.796,1,6.511,-1.646,-1.795,0.0000,-0.7148,0.0000,0.6993
249.796,1,6.511,-1.646,-1.795,0.0000,-0.7148,0.0000,0.6993
249.796,1,6.511,-1.646,-1.795,0.0000,-0.7148,0.0000,0.6993
249.796,1,6.511,-1.646,-1.795,0.0000,-0.7148,0.0000,0.6993
249.796,1,6.511,-1.646,-1.795,0.0000,-0.7148,0.0000,0.6993
249.796,1,6.511,-1.646,-1.795,0.0000,-0.7148,0.0000,0.6993
249.796,1,6.511,-1.646,-1.795,0.0000,-0.7148,0.0000,0.6993
249.796,1,6.511,-1.646,-1.795,0.0000,-0.7148,0.0000,0.6993
249.796,1,6.511,-1.646,-1.795,0.0000,-0.7148,0.0000,0.6993
249.796,1,6.511,-1.646,-1.795,0.0000,-0.7148,0.0000,0.6993
249.796,1,6.511,-1.646,-1.795,0.0000,-0.7148,0.0000,0.6993
249.796,1,6.511,-1.646,-1.795,0.0000,-0.7148,0.0000,0.6993
249.796,1,6.511,-1.646,-1.795,0.0000,-0.7148,0.0000,0.6993
249.796,1,6.511,-1.646,-1.795,0.0000,-0.7148,0.0000,0.6993
249.796,1,6.511,-1.646,-1.795,0.0000,-0.7148,0.0000,0.6993
249.796,1,6.511,-1.646,-1.795,0.0000,-0.7148,0.0000,0.6993
249.796,1,6.511,-1.646,-1.795,0.0000,-0.7148,0.0000,0.6993
249.796,1,6.511,-1.646,-1.795,0.0000,-0.7148,0.0000,0.6993
249.796,1,6.511,-1.646,-1.795,0.0000,-0.7148,0.0000,0.6993
249.796,1,6.511,-1.646,-1.795,0.0000,-0.7148,0.0000,0.6993
249.796,1,6.511,-1.646,-1.795,0.0000,-0.7148,0.0000,0.6993
249.796,1,6.511,-1.646,-1.795,0.0000,-0.7148,0.0000,0.6993
249.796,1,6.511,-1.646,-1.795,0.0000,-0.7148,0.0000,0.6993
249.796,1,6.511,-1.646,-1.795,0.0000,-0.7148,0.0000,0.6993
249.796,1,6.511,-1.646,-1.795,0.0000,-0.7148,0.0000,0.6993
249.796,1,6.511,-1.646,-1.795,0.0000,-0.7148,0.0000,0.6993
249.796,1,6.511,-1.646,-1.795,0.0000,-0.7148,0.0000,0.6993
249.796,1,6.511,-1.646,-1.795,0.0000,-0.7148,0.0000,0.6993
249.796,1,6.511,-1.646,-1.795,0.0000,-0.7148,0.0000,0.6993
249.796,1,6.511,-1.646,-1.795,0.0000,-0.7148,0.0000,0.6993
249.796,1,6.511,-1.646,-1.795,0.0000,-0.7148,0.0000,0.6993
249.796,1,6.511,-1.646,-1.795,0.0000,-0.7148,0.0000,0.6993
249.796,1,6.511,-1.646,-1.795,0.0000,-0.7148,0.0000,0.6993
249.796,1,6.511,-1.646,-1.795,0.0000,-0.7148,0.0000,0.6993
249.796,1,6.511,-1.646,-1.795,0.0000,-0.7148,0.0000,0.6993
249.796,1,6.511,-1.646,-1.795,0.0000,-0.7148,0.0000,0.6993
249.796,1,6.511,-1.646,-1.795,0.0000,-0.7148,0.0000,0.6993
249.796,1,6.511,-1.646,-1.795,0.0000,-0.7148,0.0000,0.6993
249.796,1,6.511,-1.646,-1.795,0.0000,-0.7148,0.0000,0.6993
249.796,1,6.511,-1.646,-1.795,0.0000,-0.7148,0.0000,0.6993
249.796,1,6.511,-1.646,-1.795,0.0000,-0.7148,0.0000,0.6993
249.796,1,6.511,-1.646,-1.795,0.0000,-0.7148,0.0000,0.6993
249.796,1,6.511,-1.646,-1.795,0.0000,-0.7148,0.0000,0.6993
249.796,1,6.511,-1.646,-1.795,0.0000,-0.7148,0.0000,0.6993
249.796,1,6.511,-1.646,-1.795,0.0000,-0.7148,0.0000,0.6993
249.796,1,6.511,-1.646,-1.795,0.0000,-0.7148,0.0000,0.6993
249.796,1,6.511,-1.646,-1.795,0.0000,-0.7148,0.0000,0.6993
249.796,1,6.511,-1.646,-1.795,0.0000,-0.7148,0.0000,0.6993
249.796,1,6.511,-1.646,-1.795,0.0000,-0.7148,0.0000,0.6993
249.796,1,6.511,-1.646,-1.795,0.0000,-0.7148,0.0000,0.6993
249.796,1,6.511,-1.646,-1.795,0.0000,-0.7148,0.0000,0.6993
249.796,1,6.511,-1.646,-1.795,0.0000,-0.7148,0.0000,0.6993
249.796,1,6.511,-1.646,-1.795,0.0000,-0.7148,0.0000,0.6993
249.796,1,6.511,-1.646,-1.795,0.0000,-0.7148,0.0000,0.6993
249.796,1,6.511,-1.646,-1.795,0.0000,-0.7148,0.0000,0.6993
249.796,1,6.511,-1.646,-1.795,0.0000,-0.7148,0.0000,0.6993
249.796,1,6.511,-1.646,-1.795,0.0000,-0.7148,0.0000,0.6993
249.796,1,6.511,-1.646,-1.795,0.0000,-0.7148,0.0000,0.6993
249.796,1,6.511,-1.646,-1.795,0.0000,-0.7148,0.0000,0.6993
249.796,1,6.511,-1.646,-1.795,0.0000,-0.7148,0.0000,0.6993
249.796,1,6.511,-1.646,-1.795,0.0000,-0.7148,0.0000,0.6993
249.796,1,6.511,-1.646,-1.795,0.0000,-0.7148,0.0000,0.6993
249.796,1,6.511,-1.646,-1.795,0.0000,-0.7148,0.0000,0.6993
249.796,1,6.511,-1.646,-1.795,0.0000,-0.7148,0.0000,0.6993
249.796,1,6.511,-1.646,-1.795,0.0000,-0.7148,0.0000,0.6993
249.796,1,6.511,-1.646,-1.795,0.0000,-0.7148,0.0000,0.6993
249.796,1,6.511,-1.646,-1.795,0.0000,-0.7148,0.0000,0.6993
249.796,1,6.511,-1.646,-1.795,0.0000,-0.7148,0.0000,0.6993
249.796,1,6.511,-1.646,-1.795,0.0000,-0.7148,0.0000,0.6993
249.796,1,6.511,-1.646,-1.795,0.0000,-0.7148,0.0000,0.6993
249.796,1,6.511,-1.646,-1.795,0.0000,-0.7148,0.0000,0.6993
249.796,1,6.511,-1.646,-1.795,0.0000,-0.7148,0.0000,0.6993
249.796,1,6.511,-1.646,-1.795,0.0000,-0.7148,0.0000,0.6993
249.796,1,6.511,-1.646,-1.795,0.0000,-0.7148,0.0000,0.6993
249.796,1,6.511,-1.646,-1.795,0.0000,-0.7148,0.0000,0.6993
249.796,1,6.511,-1.646,-1.795,0.0000,-0.7148,0.0000,0.6993
249.796,1,6.511,-1.646,-1.795,0.0000,-0.7148,0.0000,0.6993
249.796,1,6.511,-1.646,-1.795,0.0000,-0.7148,0.0000,0.6993
249.796,1,6.511,-1.646,-1.795,0.0000,-0.7148,0.0000,0.6993
249.796,1,6.511,-1.646,-1.795,0.0000,-0.7148,0.0000,0.6993
249.796,1,6.511,-1.646,-1.795,0.0000,-0.7148,0.0000,0.6993
249.796,1,6.511,-1.646,-1.795,0.0000,-0.7148,0.0000,0.6993
249.796,1,6.511,-1.646,-1.795,0.0000,-0.7148,0.0000,0.6993
249.796,1,6.511,-1.646,-1.795,0.0000,-0.7148,0.0000,0.6993
249.796,1,6.511,-1.646,-1.795,0.0000,-0.7148,0.0000,0.6993
249.796,1,6.511,-1.646,-1.795,0.0000,-0.7148,0.0000,0.6993
249.796,1,6.511,-1.646,-1.795,0.0000,-0.7148,0.0000,0.6993
249.796,1,6.511,-1.646,-1.795,0.0000,-0.7148,0.0000,0.6993
249.796,1,6.511,-1.646,-1.795,0.0000,-0.7148,0.0000,0.6993
249.796,1,6.511,-1.646,-1.795,0.0000,-0.7148,0.0000,0.6993
249.796,1,6.511,-1.646,-1.795,0.0000,-0.7148,0.0000,0.6993
249.796,1,6.511,-1.646,-1.795,0.0000,-0.7148,0.0000,0.6993
249.796,1,6.511,-1.646,-1.795,0.0000,-0.7148,0.0000,0.6993
249.796,1,6.511,-1.646,-1.795,0.0000,-0.7148,0.0000,0.6993
249.796,1,6.511,-1.646,-1.795,0.0000,-0.7148,0.0000,0.6993
249.796,1,6.511,-1.646,-1.795,0.0000,-0.7148,0.0000,0.6993
249.796,1,6.511,-1.646,-1.795,0.0000,-0.7148,0.0000,0.6993
249.796,1,6.511,-1.646,-1.795,0.0000,-0.7148,0.0000,0.6993
249.796,1,6.511,-1.646,-1.795,0.0000,-0.7148,0.0000,0.6993
249.796,1,6.511,-1.646,-1.795,0.0000,-0.7148,0.0000,0.6993
249.796,1,6.511,-1.646,-1.795,0.0000,-0.7148,0.0000,0.6993
249.796,1,6.511,-1.646,-1.795,0.0000,-0.7148,0.0000,0.6993
249.796,1,6.511,-1.646,-1.795,0.0000,-0.7148,0.0000,0.6993
249.796,1,6.511,-1.646,-1.795,0.0000,-0.7148,0.0000,0.6993
249.796,1,6.511,-1.646,-1.795,0.0000,-0.7148,0.0000,0.6993
249.796,1,6.511,-1.646,-1.795,0.0000,-0.7148,0.0000,0.6993
249.796,1,6.511,-1.646,-1.795,0.0000,-0.7148,0.0000,0.6993
249.796,1,6.511,-1.646,-1.795,0.0000,-0.7148,0.0000,0.6993
249.796,1,6.511,-1.646,-1.795,0.0000,-0.7148,0.0000,0.6993
249.796,1,6.511,-1.646,-1.795,0.0000,-0.7148,0.0000,0.6993
249.796,1,6.511,-1.646,-1.795,0.0000,-0.7148,0.0000,0.6993
249.796,1,6.511,-1.646,-1.795,0.0000,-0.7148,0.0000,0.6993
249.796,1,6.511,-1.646,-1.795,0.0000,-0.7148,0.0000,0.6993
249.796,1,6.511,-1.646,-1.795,0.0000,-0.7148,0.0000,0.6993
249.796,1,6.511,-1.646,-1.795,0.0000,-0.7148,0.0000,0.6993
249.796,1,6.511,-1.646,-1.795,0.0000,-0.7148,0.0000,0.6993
249.796,1,6.511,-1.646,-1.795,0.0000,-0.7148,0.0000,0.6993
249.796,1,6.511,-1.646,-1.795,0.0000,-0.7148,0.0000,0.6993
249.796,1,6.511,-1.646,-1.795,0.0000,-0.7148,0.0000,0.6993
249.796,1,6.511,-1.646,-1.795,0.0000,-0.7148,0.0000,0.6993
249.796,1,6.511,-1.646,-1.795,0.0000,-0.7148,0.0000,0.6993
249.796,1,6.511,-1.646,-1.795,0.0000,-0.7148,0.0000,0.6993
249.796,1,6.511,-1.646,-1.795,0.0000,-0.7148,0.0000,0.6993
249.796,1,6.511,-1.646,-1.795,0.0000,-0.7148,0.0000,0.6993
249.796,1,6.511,-1.646,-1.795,0.0000,-0.7148,0.0000,0.6993
249.796,1,6.511,-1.646,-1.795,0.0000,-0.7148,0.0000,0.6993
249.796,1,6.511,-1.646,-1.795,0.0000,-0.7148,0.0000,0.6993
249.796,1,6.511,-1.646,-1.795,0.0000,-0.7148,0.0000,0.6993
249.796,1,6.511,-1.646,-1.795,0.0000,-0.7148,0.0000,0.6993
249.796,1,6.511,-1.646,-1.795,0.0000,-0.7148,0.0000,0.6993
249.796,1,6.511,-1.646,-1.795,0.0000,-0.7148,0.0000,0.6993
249.796,1,6.511,-1.646,-1.795,0.0000,-0.7148,0.0000,0.6993
249.796,1,6.511,-1.646,-1.795,0.0000,-0.7148,0.0000,0.6993
249.796,1,6.511,-1.646,-1.795,0.0000,-0.7148,0.0000,0.6993
249.796,1,6.511,-1.646,-1.795,0.0000,-0.7148,0.0000,0.6993
249.796,1,6.511,-1.646,-1.795,0.0000,-0.7148,0.0000,0.6993
249.796,1,6.511,-1.646,-1.795,0.0000,-0.7148,0.0000,0.6993
249.796,1,6.511,-1.646,-1.795,0.0000,-0.7148,0.0000,0.6993
249.796,1,6.511,-1.646,-1.795,0.0000,-0.7148,0.0000,0.6993
249.796,1,6.511,-1.646,-1.795,0.0000,-0.7148,0.0000,0.6993
249.796,1,6.511,-1.646,-1.795,0.0000,-0.7148,0.0000,0.6993
249.796,1,6.511,-1.646,-1.795,0.0000,-0.7148,0.0000,0.6993
249.796,1,6.511,-1.646,-1.795,0.0000,-0.7148,0.0000,0.6993
249.796,1,6.511,-1.646,-1.795,0.0000,-0.7148,0.0000,0.6993
249.796,1,6.511,-1.646,-1.795,0.0000,-0.7148,0.0000,0.6993
249.796,1,6.511,-1.646,-1.795,0.0000,-0.7148,0.0000,0.6993
249.796,1,6.511,-1.646,-1.795,0.0000,-0.7148,0.0000,0.6993
249.796,1,6.511,-1.646,-1.795,0.0000,-0.7148,0.0000,0.6993
249.796,1,6.511,-1.646,-1.795,0.0000,-0.7148,0.0000,0.6993
249.796,1,6.511,-1.646,-1.795,0.0000,-0.7148,0.0000,0.6993
249.796,1,6.511,-1.646,-1.795,0.0000,-0.7148,0.0000,0.6993
249.796,1,6.511,-1.646,-1.795,0.0000,-0.7148,0.0000,0.6993
249.796,1,6.511,-1.646,-1.795,0.0000,-0.7148,0.0000,0.6993
249.796,1,6.511,-1.646,-1.795,0.0000,-0.7148,0.0000,0.6993
249.796,1,6.511,-1.646,-1.795,0.0000,-0.7148,0.0000,0.6993
249.796,1,6.511,-1.646,-1.795,0.0000,-0.7148,0.0000,0.6993
249.796,1,6.511,-1.646,-1.795,0.0000,-0.7148,0.0000,0.6993
249.796,1,6.511,-1.646,-1.795,0.0000,-0.7148,0.0000,0.6993
249.796,1,6.511,-1.646,-1.795,0.0000,-0.7148,0.0000,0.6993
249.796,1,6.511,-1.646,-1.795,0.0000,-0.7148,0.0000,0.6993
249.796,1,6.511,-1.646,-1.795,0.0000,-0.7148,0.0000,0.6993
249.796,1,6.511,-1.646,-1.795,0.0000,-0.7148,0.0000,0.6993
249.796,1,6.511,-1.646,-1.795,0.0000,-0.7148,0.0000,0.6993
249.796,1,6.511,-1.646,-1.795,0.0000,-0.7148,0.0000,0.6993
249.796,1,6.511,-1.646,-1.795,0.0000,-0.7148,0.0000,0.6993
249.796,1,6.511,-1.646,-1.795,0.0000,-0.7148,0.0000,0.6993
249.796,1,6.511,-1.646,-1.795,0.0000,-0.7148,0.0000,0.6993
249.796,1,6.511,-1.646,-1.795,0.0000,-0.7148,0.0000,0.6993
249.796,1,6.511,-1.646,-1.795,0.0000,-0.7148,0.0000,0.6993
249.796,1,6.511,-1.646,-1.795,0.0000,-0.7148,0.0000,0.6993
249.796,1,6.511,-1.646,-1.795,0.0000,-0.7148,0.0000,0.6993
249.796,1,6.511,-1.646,-1.795,0.0000,-0.7148,0.0000,0.6993
249.796,1,6.511,-1.646,-1.795,0.0000,-0.7148,0.0000,0.6993
249.796,1,6.511,-1.646,-1.795,0.0000,-0.7148,0.0000,0.6993
249.796,1,6.511,-1.646,-1.795,0.0000,-0.7148,0.0000,0.6993
249.796,1,6.511,-1.646,-1.795,0.0000,-0.7148,0.0000,0.6993
249.796,1,6.511,-1.646,-1.795,0.0000,-0.7148,0.0000,0.6993
249.796,1,6.511,-1.646,-1.795,0.0000,-0.7148,0.0000,0.6993
249.796,1,6.511,-1.646,-1.795,0.0000,-0.7148,0.0000,0.6993
249.796,1,6.511,-1.646,-1.795,0.0000,-0.7148,0.0000,0.6993
249.796,1,6.511,-1.646,-1.795,0.0000,-0.7148,0.0000,0.6993
249.796,1,6.511,-1.646,-1.795,0.0000,-0.7148,0.0000,0.6993
249.796,1,6.511,-1.646,-1.795,0.0000,-0.7148,0.0000,0.6993
249.796,1,6.511,-1.646,-1.795,0.0000,-0.7148,0.0000,0.6993
249.796,1,6.511,-1.646,-1.795,0.0000,-0.7148,0.0000,0.6993
249.796,1,6.511,-1.646,-1.795,0.0000,-0.7148,0.0000,0.6993
249.796,1,6.511,-1.646,-1.795,0.0000,-0.7148,0.0000,0.6993
249.796,1,6.511,-1.646,-1.795,0.0000,-0.7148,0.0000,0.6993
249.796,1,6.511,-1.646,-1.795,0.0000,-0.7148,0.0000,0.6993
249.796,1,6.511,-1.646,-1.795,0.0000,-0.7148,0.0000,0.6993
249.796,1,6.511,-1.646,-1.795,0.0000,-0.7148,0.0000,0.6993
249.796,1,6.511,-1.646,-1.795,0.0000,-0.7148,0.0000,0.6993
249.796,1,6.511,-1.646,-1.795,0.0000,-0.7148,0.0000,0.6993
249.796,1,6.511,-1.646,-1.795,0.0000,-0.7148,0.0000,0.6993
249.796,1,6.511,-1.646,-1.795,0.0000,-0.7148,0.0000,0.6993
249.796,1,6.511,-1.646,-1.795,0.0000,-0.7148,0.0000,0.6993
249.796,1,6.511,-1.646,-1.795,0.0000,-0.7148,0.0000,0.6993
249.796,1,6.511,-1.646,-1.795,0.0000,-0.7148,0.0000,0.6993
249.796,1,6.511,-1.646,-1.795,0.0000,-0.7148,0.0000,0.6993
249.796,1,6.511,-1.646,-1.795,0.0000,-0.7148,0.0000,0.6993
249.796,1,6.511,-1.646,-1.795,0.0000,-0.7148,0.0000,0.6993
249.796,1,6.511,-1.646,-1.795,0.0000,-0.7148,0.0000,0.6993
249.796,1,6.511,-1.646,-1.795,0.0000,-0.7148,0.0000,0.6993
249.796,1,6.511,-1.646,-1.795,0.0000,-0.7148,0.0000,0.6993
249.796,1,6.511,-1.646,-1.795,0.0000,-0.7148,0.0000,0.6993
249.796,1,6.511,-1.646,-1.795,0.0000,-0.7148,0.0000,0.6993
249.796,1,6.511,-1.646,-1.795,0.0000,-0.7148,0.0000,0.6993
249.796,1,6.511,-1.646,-1.795,0.0000,-0.7148,0.0000,0.6993
249.796,1,6.511,-1.646,-1.795,0.0000,-0.7148,0.0000,0.6993
249.796,1,6.511,-1.646,-1.795,0.0000,-0.7148,0.0000,0.6993
249.796,1,6.511,-1.646,-1.795,0.0000,-0.7148,0.0000,0.6993
249.796,1,6.511,-1.646,-1.795,0.0000,-0.7148,0.0000,0.6993
249.796,1,6.511,-1.646,-1.795,0.0000,-0.7148,0.0000,0.6993
249.796,1,6.511,-1.646,-1.795,0.0000,-0.7148,0.0000,0.6993
249.796,1,6.511,-1.646,-1.795,0.0000,-0.7148,0.0000,0.6993
249.796,1,6.511,-1.646,-1.795,0.0000,-0.7148,0.0000,0.6993
249.796,1,6.511,-1.646,-1.795,0.0000,-0.7148,0.0000,0.6993
249.796,1,6.511,-1.646,-1.795,0.0000,-0.7148,0.0000,0.6993
249.796,1,6.511,-1.646,-1.795,0.0000,-0.7148,0.0000,0.6993
249.796,1,6.511,-1.646,-1.795,0.0000,-0.7148,0.0000,0.6993
249.796,1,6.511,-1.646,-1.795,0.0000,-0.7148,0.0000,0.6993
249.796,1,6.511,-1.646,-1.795,0.0000,-0.7148,0.0000,0.6993
249.796,1,6.511,-1.646,-1.795,0.0000,-0.7148,0.0000,0.6993
249.796,1,6.511,-1.646,-1.795,0.0000,-0.7148,0.0000,0.6993
249.796,1,6.511,-1.646,-1.795,0.0000,-0.7148,0.0000,0.6993
249.796,1,6.511,-1.646,-1.795,0.0000,-0.7148,0.0000,0.6993
249.796,1,6.511,-1.646,-1.795,0.0000,-0.7148,0.0000,0.6993
249.796,1,6.511,-1.646,-1.795,0.0000,-0.7148,0.0000,0.6993
249.796,1,6.511,-1.646,-1.795,0.0000,-0.7148,0.0000,0.6993
249.796,1,6.511,-1.646,-1.795,0.0000,-0.7148,0.0000,0.6993
249.796,1,6.511,-1.646,-1.795,0.0000,-0.7148,0.0000,0.6993
249.796,1,6.511,-1.646,-1.795,0.0000,-0.7148,0.0000,0.6993
249.796,1,6.511,-1.646,-1.795,0.0000,-0.7148,0.0000,0.6993
249.796,1,6.511,-1.646,-1.795,0.0000,-0.7148,0.0000,0.6993
249.796,1,6.511,-1.646,-1.795,0.0000,-0.7148,0.0000,0.6993
249.796,1,6.511,-1.646,-1.795,0.0000,-0.7148,0.0000,0.6993
249.796,1,6.511,-1.646,-1.795,0.0000,-0.7148,0.0000,0.6993
249.796,1,6.511,-1.646,-1.795,0.0000,-0.7148,0.0000,0.6993
249.796,1,6.511,-1.646,-1.795,0.0000,-0.7148,0.0000,0.6993
249.796,1,6.511,-1.646,-1.795,0.0000,-0.7148,0.0000,0.6993
249.796,1,6.511,-1.646,-1.795,0.0000,-0.7148,0.0000,0.6993
249.796,1,6.511,-1.646,-1.795,0.0000,-0.7148,0.0000,0.6993
249.796,1,6.511,-1.646,-1.795,0.0000,-0.7148,0.0000,0.6993
249.796,1,6.511,-1.646,-1.795,0.0000,-0.7148,0.0000,0.6993
249.796,1,6.511,-1.646,-1.795,0.0000,-0.7148,0.0000,0.6993
249.796,1,6.511,-1.646,-1.795,0.0000,-0.7148,0.0000,0.6993
249.796,1,6.511,-1.646,-1.795,0.0000,-0.7148,0.0000,0.6993
249.796,1,6.511,-1.646,-1.795,0.0000,-0.7148,0.0000,0.6993
249.796,1,6.511,-1.646,-1.795,0.0000,-0.7148,0.0000,0.6993
249.796,1,6.511,-1.646,-1.795,0.0000,-0.7148,0.0000,0.6993
249.796,1,6.511,-1.646,-1.795,0.0000,-0.7148,0.0000,0.6993
249.796,1,6.511,-1.646,-1.795,0.0000,-0.7148,0.0000,0.6993
249.796,1,6.511,-1.646,-1.795,0.0000,-0.7148,0.0000,0.6993
249.796,1,6.511,-1.646,-1.795,0.0000,-0.7148,0.0000,0.6993
249.796,1,6.511,-1.646,-1.795,0.0000,-0.7148,0.0000,0.6993
249.796,1,6.511,-1.646,-1.795,0.0000,-0.7148,0.0000,0.6993
249.796,1,6.511,-1.646,-1.795,0.0000,-0.7148,0.0000,0.6993
249.796,1,6.511,-1.646,-1.795,0.0000,-0.7148,0.0000,0.6993
249.796,1,6.511,-1.646,-1.795,0.0000,-0.7148,0.0000,0.6993
249.796,1,6.511,-1.646,-1.795,0.0000,-0.7148,0.0000,0.6993
249.796,1,6.511,-1.646,-1.795,0.0000,-0.7148,0.0000,0.6993
249.796,1,6.511,-1.646,-1.795,0.0000,-0.7148,0.0000,0.6993
249.796,1,6.511,-1.646,-1.795,0.0000,-0.7148,0.0000,0.6993
249.796,1,6.511,-1.646,-1.795,0.0000,-0.7148,0.0000,0.6993
249.796,1,6.511,-1.646,-1.795,0.0000,-0.7148,0.0000,0.6993
249.796,1,6.511,-1.646,-1.795,0.0000,-0.7148,0.0000,0.6993
249.796,1,6.511,-1.646,-1.795,0.0000,-0.7148,0.0000,0.6993
249.796,1,6.511,-1.646,-1.795,0.0000,-0.7148,0.0000,0.6993
249.796,1,6.511,-1.646,-1.795,0.0000,-0.7148,0.0000,0.6993
249.796,1,6.511,-1.646,-1.795,0.0000,-0.7148,0.0000,0.6993
249.796,1,6.511,-1.646,-1.795,0.0000,-0.7148,0.0000,0.6993
249.796,1,6.511,-1.646,-1.795,0.0000,-0.7148,0.0000,0.6993
249.796,1,6.511,-1.646,-1.795,0.0000,-0.7148,0.0000,0.6993
249.796,1,6.511,-1.646,-1.795,0.0000,-0.7148,0.0000,0.6993
249.796,1,6.511,-1.646,-1.795,0.0000,-0.7148,0.0000,0.6993
249.796,1,6.511,-1.646,-1.795,0.0000,-0.7148,0.0000,0.6993
249.796,1,6.511,-1.646,-1.795,0.0000,-0.7148,0.0000,0.6993
249.796,1,6.511,-1.646,-1.795,0.0000,-0.7148,0.0000,0.6993
249.796,1,6.511,-1.646,-1.795,0.0000,-0.7148,0.0000,0.6993
249.796,1,6.511,-1.646,-1.795,0.0000,-0.7148,0.0000,0.6993
249.796,1,6.511,-1.646,-1.795,0.0000,-0.7148,0.0000,0.6993
249.796,1,6.511,-1.646,-1.795,0.0000,-0.7148,0.0000,0.6993
249.796,1,6.511,-1.646,-1.795,0.0000,-0.7148,0.0000,0.6993
249.796,1,6.511,-1.646,-1.795,0.0000,-0.7148,0.0000,0.6993
249.796,1,6.511,-1.646,-1.795,0.0000,-0.7148,0.0000,0.6993
249.796,1,6.511,-1.646,-1.795,0.0000,-0.7148,0.0000,0.6993
249.796,1,6.511,-1.646,-1.795,0.0000,-0.7148,0.0000,0.6993
249.796,1,6.511,-1.646,-1.795,0.0000,-0.7148,0.0000,0.6993
249.796,1,6.511,-1.646,-1.795,0.0000,-0.7148,0.0000,0.6993
249.796,1,6.511,-1.646,-1.795,0.0000,-0.7148,0.0000,0.6993
249.796,1,6.511,-1.646,-1.795,0.0000,-0.7148,0.0000,0.6993
249.796,1,6.511,-1.646,-1.795,0.0000,-0.7148,0.0000,0.6993
249.796,1,6.511,-1.646,-1.795,0.0000,-0.7148,0.0000,0.6993
249.796,1,6.511,-1.646,-1.795,0.0000,-0.7148,0.0000,0.6993
249.796,1,6.511,-1.646,-1.795,0.0000,-0.7148,0.0000,0.6993
249.796,1,6.511,-1.646,-1.795,0.0000,-0.7148,0.0000,0.6993
249.796,1,6.511,-1.646,-1.795,0.0000,-0.7148,0.0000,0.6993
249.796,1,6.511,-1.646,-1.795,0.0000,-0.7148,0.0000,0.6993
249.796,1,6.511,-1.646,-1.795,0.0000,-0.7148,0.0000,0.6993
249.796,1,6.511,-1.646,-1.795,0.0000,-0.7148,0.0000,0.6993
249.796,1,6.511,-1.646,-1.795,0.0000,-0.7148,0.0000,0.6993
249.796,1,6.511,-1.646,-1.795,0.0000,-0.7148,0.0000,0.6993
249.796,1,6.511,-1.646,-1.795,0.0000,-0.7148,0.0000,0.6993
249.796,1,6.511,-1.646,-1.795,0.0000,-0.7148,0.0000,0.6993
249.796,1,6.511,-1.646,-1.795,0.0000,-0.7148,0.0000,0.6993
249.796,1,6.511,-1.646,-1.795,0.0000,-0.7148,0.0000,0.6993
249.796,1,6.511,-1.646,-1.795,0.0000,-0.7148,0.0000,0.6993
249.796,1,6.511,-1.646,-1.795,0.0000,-0.7148,0.0000,0.6993
249.796,1,6.511,-1.646,-1.795,0.0000,-0.7148,0.0000,0.6993
249.796,1,6.511,-1.646,-1.795,0.0000,-0.7148,0.0000,0.6993
249.796,1,6.511,-1.646,-1.795,0.0000,-0.7148,0.0000,0.6993
249.796,1,6.511,-1.646,-1.795,0.0000,-0.7148,0.0000,0.6993
249.796,1,6.511,-1.646,-1.795,0.0000,-0.7148,0.0000,0.6993
249.796,1,6.511,-1.646,-1.795,0.0000,-0.7148,0.0000,0.6993
249.796,1,6.511,-1.646,-1.795,0.0000,-0.7148,0.0000,0.6993
249.796,1,6.511,-1.646,-1.795,0.0000,-0.7148,0.0000,0.6993
249.796,1,6.511,-1.646,-1.795,0.0000,-0.7148,0.0000,0.6993
249.796,1,6.511,-1.646,-1.795,0.0000,-0.7148,0.0000,0.6993
249.796,1,6.511,-1.646,-1.795,0.0000,-0.7148,0.0000,0.6993
249.796,1,6.511,-1.646,-1.795,0.0000,-0.7148,0.0000,0.6993
249.796,1,6.511,-1.646,-1.795,0.0000,-0.7148,0.0000,0.6993
249.796,1,6.511,-1.646,-1.795,0.0000,-0.7148,0.0000,0.6993
249.796,1,6.511,-1.646,-1.795,0.0000,-0.7148,0.0000,0.6993
249.796,1,6.511,-1.646,-1.795,0.0000,-0.7148,0.0000,0.6993
249.796,1,6.511,-1.646,-1.795,0.0000,-0.7148,0.0000,0.6993
249.796,1,6.511,-1.646,-1.795,0.0000,-0.7148,0.0000,0.6993
249.796,1,6.511,-1.646,-1.795,0.0000,-0.7148,0.0000,0.6993
249.796,1,6.511,-1.646,-1.795,0.0000,-0.7148,0.0000,0.6993
249.796,1,6.511,-1.646,-1.795,0.0000,-0.7148,0.0000,0.6993
249.796,1,6.511,-1.646,-1.795,0.0000,-0.7148,0.0000,0.6993
249.796,1,6.511,-1.646,-1.795,0.0000,-0.7148,0.0000,0.6993
249.796,1,6.511,-1.646,-1.795,0.0000,-0.7148,0.0000,0.6993
249.796,1,6.511,-1.646,-1.795,0.0000,-0.7148,0.0000,0.6993
249.796,1,6.511,-1.646,-1.795,0.0000,-0.7148,0.0000,0.6993
249.796,1,6.511,-1.646,-1.795,0.0000,-0.7148,0.0000,0.6993
249.796,1,6.511,-1.646,-1.795,0.0000,-0.7148,0.0000,0.6993
249.796,1,6.511,-1.646,-1.795,0.0000,-0.7148,0.0000,0.6993
249.796,1,6.511,-1.646,-1.795,0.0000,-0.7148,0.0000,0.6993
249.796,1,6.511,-1.646,-1.795,0.0000,-0.7148,0.0000,0.6993
249.796,1,6.511,-1.646,-1.795,0.0000,-0.7148,0.0000,0.6993
249.796,1,6.511,-1.646,-1.795,0.0000,-0.7148,0.0000,0.6993
249.796,1,6.511,-1.646,-1.795,0.0000,-0.7148,0.0000,0.6993
249.796,1,6.511,-1.646,-1.795,0.0000,-0.7148,0.0000,0.6993
249.796,1,6.511,-1.646,-1.795,0.0000,-0.7148,0.0000,0.6993
249.796,1,6.511,-1.646,-1.795,0.0000,-0.7148,0.0000,0.6993
249.796,1,6.511,-1.646,-1.795,0.0000,-0.7148,0.0000,0.6993
249.796,1,6.511,-1.646,-1.795,0.0000,-0.7148,0.0000,0.6993
249.796,1,6.511,-1.646,-1.795,0.0000,-0.7148,0.0000,0.6993
249.796,1,6.511,-1.646,-1.795,0.0000,-0.7148,0.0000,0.6993
249.796,1,6.511,-1.646,-1.795,0.0000,-0.7148,0.0000,0.6993
249.796,1,6.511,-1.646,-1.795,0.0000,-0.7148,0.0000,0.6993
249.796,1,6.511,-1.646,-1.795,0.0000,-0.7148,0.0000,0.6993
249.796,1,6.511,-1.646,-1.795,0.0000,-0.7148,0.0000,0.6993
249.796,1,6.511,-1.646,-1.795,0.0000,-0.7148,0.0000,0.6993
249.796,1,6.511,-1.646,-1.795,0.0000,-0.7148,0.0000,0.6993
249.796,1,6.511,-1.646,-1.795,0.0000,-0.7148,0.0000,0.6993
249.796,1,6.511,-1.646,-1.795,0.0000,-0.7148,0.0000,0.6993
249.796,1,6.511,-1.646,-1.795,0.0000,-0.7148,0.0000,0.6993
249.796,1,6.511,-1.646,-1.795,0.0000,-0.7148,0.0000,0.6993
249.796,1,6.511,-1.646,-1.795,0.0000,-0.7148,0.0000,0.6993
249.796,1,6.511,-1.646,-1.795,0.0000,-0.7148,0.0000,0.6993
249.796,1,6.511,-1.646,-1.795,0.0000,-0.7148,0.0000,0.6993
249.796,1,6.511,-1.646,-1.795,0.0000,-0.7148,0.0000,0.6993
249.796,1,6.511,-1.646,-1.795,0.0000,-0.7148,0.0000,0.6993
249.796,1,6.511,-1.646,-1.795,0.0000,-0.7148,0.0000,0.6993
249.796,1,6.511,-1.646,-1.795,0.0000,-0.7148,0.0000,0.6993
249.796,1,6.511,-1.646,-1.795,0.0000,-0.7148,0.0000,0.6993
249.796,1,6.511,-1.646,-1.795,0.0000,-0.7148,0.0000,0.6993
249.796,1,6.511,-1.646,-1.795,0.0000,-0.7148,0.0000,0.6993
249.796,1,6.511,-1.646,-1.795,0.0000,-0.7148,0.0000,0.6993
249.796,1,6.511,-1.646,-1.795,0.0000,-0.7148,0.0000,0.6993
249.796,1,6.511,-1.646,-1.795,0.0000,-0.7148,0.0000,0.6993
249.796,1,6.511,-1.646,-1.795,0.0000,-0.7148,0.0000,0.6993
249.796,1,6.511,-1.646,-1.795,0.0000,-0.7148,0.0000,0.6993
249.796,1,6.511,-1.646,-1.795,0.0000,-0.7148,0.0000,0.6993
249.796,1,6.511,-1.646,-1.795,0.0000,-0.7148,0.0000,0.6993
249.796,1,6.511,-1.646,-1.795,0.0000,-0.7148,0.0000,0.6993
249.796,1,6.511,-1.646,-1.795,0.0000,-0.7148,0.0000,0.6993
249.796,1,6.511,-1.646,-1.795,0.0000,-0.7148,0.0000,0.6993
249.796,1,6.511,-1.646,-1.795,0.0000,-0.7148,0.0000,0.6993
249.796,1,6.511,-1.646,-1.795,0.0000,-0.7148,0.0000,0.6993
249.796,1,6.511,-1.646,-1.795,0.0000,-0.7148,0.0000,0.6993
249.796,1,6.511,-1.646,-1.795,0.0000,-0.7148,0.0000,0.6993
249.796,1,6.511,-1.646,-1.795,0.0000,-0.7148,0.0000,0.6993
249.796,1,6.511,-1.646,-1.795,0.0000,-0.7148,0.0000,0.6993
249.796,1,6.511,-1.646,-1.795,0.0000,-0.7148,0.0000,0.6993
249.796,1,6.511,-1.646,-1.795,0.0000,-0.7148,0.0000,0.6993
249.796,1,6.511,-1.646,-1.795,0.0000,-0.7148,0.0000,0.6993
249.796,1,6.511,-1.646,-1.795,0.0000,-0.7148,0.0000,0.6993
249.796,1,6.511,-1.646,-1.795,0.0000,-0.7148,0.0000,0.6993
249.796,1,6.511,-1.646,-1.795,0.0000,-0.7148,0.0000,0.6993
249.796,1,6.511,-1.646,-1.795,0.0000,-0.7148,0.0000,0.6993
249.796,1,6.511,-1.646,-1.795,0.0000,-0.7148,0.0000,0.6993
249.796,1,6.511,-1.646,-1.795,0.0000,-0.7148,0.0000,0.6993
249.796,1,6.511,-1.646,-1.795,0.0000,-0.7148,0.0000,0.6993
249.796,1,6.511,-1.646,-1.795,0.0000,-0.7148,0.0000,0.6993
249.796,1,6.511,-1.646,-1.795,0.0000,-0.7148,0.0000,0.6993
249.796,1,6.511,-1.646,-1.795,0.0000,-0.7148,0.0000,0.6993
249.796,1,6.511,-1.646,-1.795,0.0000,-0.7148,0.0000,0.6993
249.796,1,6.511,-1.646,-1.795,0.0000,-0.7148,0.0000,0.6993
249.796,1,6.511,-1.646,-1.795,0.0000,-0.7148,0.0000,0.6993
249.796,1,6.511,-1.646,-1.795,0.0000,-0.7148,0.0000,0.6993
249.796,1,6.511,-1.646,-1.795,0.0000,-0.7148,0.0000,0.6993
249.796,1,6.511,-1.646,-1.795,0.0000,-0.7148,0.0000,0.6993
249.796,1,6.511,-1.646,-1.795,0.0000,-0.7148,0.0000,0.6993
249.796,1,6.511,-1.646,-1.795,0.0000,-0.7148,0.0000,0.6993
249.796,1,6.511,-1.646,-1.795,0.0000,-0.7148,0.0000,0.6993
249.796,1,6.511,-1.646,-1.795,0.0000,-0.7148,0.0000,0.6993
249.796,1,6.511,-1.646,-1.795,0.0000,-0.7148,0.0000,0.6993
249.796,1,6.511,-1.646,-1.795,0.0000,-0.7148,0.0000,0.6993
249.796,1,6.511,-1.646,-1.795,0.0000,-0.7148,0.0000,0.6993
249.796,1,6.511,-1.646,-1.795,0.0000,-0.7148,0.0000,0.6993
249.796,1,6.511,-1.646,-1.795,0.0000,-0.7148,0.0000,0.6993
249.796,1,6.511,-1.646,-1.795,0.0000,-0.7148,0.0000,0.6993
249.796,1,6.511,-1.646,-1.795,0.0000,-0.7148,0.0000,0.6993
249.796,1,6.511,-1.646,-1.795,0.0000,-0.7148,0.0000,0.6993
249.796,1,6.511,-1.646,-1.795,0.0000,-0.7148,0.0000,0.6993
249.796,1,6.511,-1.646,-1.795,0.0000,-0.7148,0.0000,0.6993
249.796,1,6.511,-1.646,-1.795,0.0000,-0.7148,0.0000,0.6993
249.796,1,6.511,-1.646,-1.795,0.0000,-0.7148,0.0000,0.6993
249.796,1,6.511,-1.646,-1.795,0.0000,-0.7148,0.0000,0.6993
249.796,1,6.511,-1.646,-1.795,0.0000,-0.7148,0.0000,0.6993
249.796,1,6.511,-1.646,-1.795,0.0000,-0.7148,0.0000,0.6993
249.796,1,6.511,-1.646,-1.795,0.0000,-0.7148,0.0000,0.6993
249.796,1,6.511,-1.646,-1.795,0.0000,-0.7148,0.0000,0.6993
249.796,1,6.511,-1.646,-1.795,0.0000,-0.7148,0.0000,0.6993
249.796,1,6.511,-1.646,-1.795,0.0000,-0.7148,0.0000,0.6993
249.796,1,6.511,-1.646,-1.795,0.0000,-0.7148,0.0000,0.6993
249.796,1,6.511,-1.646,-1.795,0.0000,-0.7148,0.0000,0.6993
249.796,1,6.511,-1.646,-1.795,0.0000,-0.7148,0.0000,0.6993
249.796,1,6.511,-1.646,-1.795,0.0000,-0.7148,0.0000,0.6993
249.796,1,6.511,-1.646,-1.795,0.0000,-0.7148,0.0000,0.6993
249.796,1,6.511,-1.646,-1.795,0.0000,-0.7148,0.0000,0.6993
249.796,1,6.511,-1.646,-1.795,0.0000,-0.7148,0.0000,0.6993
249.796,1,6.511,-1.646,-1.795,0.0000,-0.7148,0.0000,0.6993
249.796,1,6.511,-1.646,-1.795,0.0000,-0.7148,0.0000,0.6993
249.796,1,6.511,-1.646,-1.795,0.0000,-0.7148,0.0000,0.6993
249.796,1,6.511,-1.646,-1.795,0.0000,-0.7148,0.0000,0.6993
249.796,1,6.511,-1.646,-1.795,0.0000,-0.7148,0.0000,0.6993
249.796,1,6.511,-1.646,-1.795,0.0000,-0.7148,0.0000,0.6993
249.796,1,6.511,-1.646,-1.795,0.0000,-0.7148,0.0000,0.6993
249.796,1,6.511,-1.646,-1.795,0.0000,-0.7148,0.0000,0.6993
249.796,1,6.511,-1.646,-1.795,0.0000,-0.7148,0.0000,0.6993
249.796,1,6.511,-1.646,-1.795,0.0000,-0.7148,0.0000,0.6993
249.796,1,6.511,-1.646,-1.795,0.0000,-0.7148,0.0000,0.6993
249.796,1,6.511,-1.646,-1.795,0.0000,-0.7148,0.0000,0.6993
249.796,1,6.511,-1.646,-1.795,0.0000,-0.7148,0.0000,0.6993
249.796,1,6.511,-1.646,-1.795,0.0000,-0.7148,0.0000,0.6993
249.796,1,6.511,-1.646,-1.795,0.0000,-0.7148,0.0000,0.6993
249.796,1,6.511,-1.646,-1.795,0.0000,-0.7148,0.0000,0.6993
249.796,1,6.511,-1.646,-1.795,0.0000,-0.7148,0.0000,0.6993
249.796,1,6.511,-1.646,-1.795,0.0000,-0.7148,0.0000,0.6993
249.796,1,6.511,-1.646,-1.795,0.0000,-0.7148,0.0000,0.6993
249.796,1,6.511,-1.646,-1.795,0.0000,-0.7148,0.0000,0.6993
249.796,1,6.511,-1.646,-1.795,0.0000,-0.7148,0.0000,0.6993
249.796,1,6.511,-1.646,-1.795,0.0000,-0.7148,0.0000,0.6993
249.796,1,6.511,-1.646,-1.795,0.0000,-0.7148,0.0000,0.6993
249.796,1,6.511,-1.646,-1.795,0.0000,-0.7148,0.0000,0.6993
249.796,1,6.511,-1.646,-1.795,0.0000,-0.7148,0.0000,0.6993
249.796,1,6.511,-1.646,-1.795,0.0000,-0.7148,0.0000,0.6993
249.796,1,6.511,-1.646,-1.795,0.0000,-0.7148,0.0000,0.6993
249.796,1,6.511,-1.646,-1.795,0.0000,-0.7148,0.0000,0.6993
249.796,1,6.511,-1.646,-1.795,0.0000,-0.7148,0.0000,0.6993
249.796,1,6.511,-1.646,-1.795,0.0000,-0.7148,0.0000,0.6993
249.796,1,6.511,-1.646,-1.795,0.0000,-0.7148,0.0000,0.6993
249.796,1,6.511,-1.646,-1.795,0.0000,-0.7148,0.0000,0.6993
249.796,1,6.511,-1.646,-1.795,0.0000,-0.7148,0.0000,0.6993
249.796,1,6.511,-1.646,-1.795,0.0000,-0.7148,0.0000,0.6993
249.796,1,6.511,-1.646,-1.795,0.0000,-0.7148,0.0000,0.6993
249.796,1,6.511,-1.646,-1.795,0.0000,-0.7148,0.0000,0.6993
249.796,1,6.511,-1.646,-1.795,0.0000,-0.7148,0.0000,0.6993
249.796,1,6.511,-1.646,-1.795,0.0000,-0.7148,0.0000,0.6993
249.796,1,6.511,-1.646,-1.795,0.0000,-0.7148,0.0000,0.6993
249.796,1,6.511,-1.646,-1.795,0.0000,-0.7148,0.0000,0.6993
249.796,1,6.511,-1.646,-1.795,0.0000,-0.7148,0.0000,0.6993
249.796,1,6.511,-1.646,-1.795,0.0000,-0.7148,0.0000,0.6993
249.796,1,6.511,-1.646,-1.795,0.0000,-0.7148,0.0000,0.6993
249.796,1,6.511,-1.646,-1.795,0.0000,-0.7148,0.0000,0.6993
249.796,1,6.511,-1.646,-1.795,0.0000,-0.7148,0.0000,0.6993
249.796,1,6.511,-1.646,-1.795,0.0000,-0.7148,0.0000,0.6993
249.796,1,6.511,-1.646,-1.795,0.0000,-0.7148,0.0000,0.6993
249.796,1,6.511,-1.646,-1.795,0.0000,-0.7148,0.0000,0.6993
249.796,1,6.511,-1.646,-1.795,0.0000,-0.7148,0.0000,0.6993
249.796,1,6.511,-1.646,-1.795,0.0000,-0.7148,0.0000,0.6993
249.796,1,6.511,-1.646,-1.795,0.0000,-0.7148,0.0000,0.6993
249.796,1,6.511,-1.646,-1.795,0.0000,-0.7148,0.0000,0.6993
249.796,1,6.511,-1.646,-1.795,0.0000,-0.7148,0.0000,0.6993
249.796,1,6.511,-1.646,-1.795,0.0000,-0.7148,0.0000,0.6993
249.796,1,6.511,-1.646,-1.795,0.0000,-0.7148,0.0000,0.6993
249.796,1,6.511,-1.646,-1.795,0.0000,-0.7148,0.0000,0.6993
249.796,1,6.511,-1.646,-1.795,0.0000,-0.7148,0.0000,0.6993
249.796,1,6.511,-1.646,-1.795,0.0000,-0.7148,0.0000,0.6993
249.796,1,6.511,-1.646,-1.795,0.0000,-0.7148,0.0000,0.6993
249.796,1,6.511,-1.646,-1.795,0.0000,-0.7148,0.0000,0.6993
249.796,1,6.511,-1.646,-1.795,0.0000,-0.7148,0.0000,0.6993
249.796,1,6.511,-1.646,-1.795,0.0000,-0.7148,0.0000,0.6993
249.796,1,6.511,-1.646,-1.795,0.0000,-0.7148,0.0000,0.6993
249.796,1,6.511,-1.646,-1.795,0.0000,-0.7148,0.0000,0.6993
249.796,1,6.511,-1.646,-1.795,0.0000,-0.7148,0.0000,0.6993
249.796,1,6.511,-1.646,-1.795,0.0000,-0.7148,0.0000,0.6993
249.796,1,6.511,-1.646,-1.795,0.0000,-0.7148,0.0000,0.6993
249.796,1,6.511,-1.646,-1.795,0.0000,-0.7148,0.0000,0.6993
249.796,1,6.511,-1.646,-1.795,0.0000,-0.7148,0.0000,0.6993
249.796,1,6.511,-1.646,-1.795,0.0000,-0.7148,0.0000,0.6993
249.796,1,6.511,-1.646,-1.795,0.0000,-0.7148,0.0000,0.6993
249.796,1,6.511,-1.646,-1.795,0.0000,-0.7148,0.0000,0.6993
249.796,1,6.511,-1.646,-1.795,0.0000,-0.7148,0.0000,0.6993
249.796,1,6.511,-1.646,-1.795,0.0000,-0.7148,0.0000,0.6993
249.796,1,6.511,-1.646,-1.795,0.0000,-0.7148,0.0000,0.6993
249.796,1,6.511,-1.646,-1.795,0.0000,-0.7148,0.0000,0.6993
249.796,1,6.511,-1.646,-1.795,0.0000,-0.7148,0.0000,0.6993
249.796,1,6.511,-1.646,-1.795,0.0000,-0.7148,0.0000,0.6993
249.796,1,6.511,-1.646,-1.795,0.0000,-0.7148,0.0000,0.6993
249.796,1,6.511,-1.646,-1.795,0.0000,-0.7148,0.0000,0.6993
249.796,1,6.511,-1.646,-1.795,0.0000,-0.7148,0.0000,0.6993
249.796,1,6.511,-1.646,-1.795,0.0000,-0.7148,0.0000,0.6993
249.796,1,6.511,-1.646,-1.795,0.0000,-0.7148,0.0000,0.6993
249.796,1,6.511,-1.646,-1.795,0.0000,-0.7148,0.0000,0.6993
249.796,1,6.511,-1.646,-1.795,0.0000,-0.7148,0.0000,0.6993
249.796,1,6.511,-1.646,-1.795,0.0000,-0.7148,0.0000,0.6993
249.796,1,6.511,-1.646,-1.795,0.0000,-0.7148,0.0000,0.6993
249.796,1,6.511,-1.646,-1.795,0.0000,-0.7148,0.0000,0.6993
249.796,1,6.511,-1.646,-1.795,0.0000,-0.7148,0.0000,0.6993
249.796,1,6.511,-1.646,-1.795,0.0000,-0.7148,0.0000,0.6993
249.796,1,6.511,-1.646,-1.795,0.0000,-0.7148,0.0000,0.6993
249.796,1,6.511,-1.646,-1.795,0.0000,-0.7148,0.0000,0.6993
249.796,1,6.511,-1.646,-1.795,0.0000,-0.7148,0.0000,0.6993
249.796,1,6.511,-1.646,-1.795,0.0000,-0.7148,0.0000,0.6993
249.796,1,6.511,-1.646,-1.795,0.0000,-0.7148,0.0000,0.6993
249.796,1,6.511,-1.646,-1.795,0.0000,-0.7148,0.0000,0.6993
249.796,1,6.511,-1.646,-1.795,0.0000,-0.7148,0.0000,0.6993
249.796,1,6.511,-1.646,-1.795,0.0000,-0.7148,0.0000,0.6993
249.796,1,6.511,-1.646,-1.795,0.0000,-0.7148,0.0000,0.6993
249.796,1,6.511,-1.646,-1.795,0.0000,-0.7148,0.0000,0.6993
249.796,1,6.511,-1.646,-1.795,0.0000,-0.7148,0.0000,0.6993
249.796,1,6.511,-1.646,-1.795,0.0000,-0.7148,0.0000,0.6993
249.796,1,6.511,-1.646,-1.795,0.0000,-0.7148,0.0000,0.6993
249.796,1,6.511,-1.646,-1.795,0.0000,-0.7148,0.0000,0.6993
249.796,1,6.511,-1.646,-1.795,0.0000,-0.7148,0.0000,0.6993
249.796,1,6.511,-1.646,-1.795,0.0000,-0.7148,0.0000,0.6993
249.796,1,6.511,-1.646,-1.795,0.0000,-0.7148,0.0000,0.6993
249.796,1,6.511,-1.646,-1.795,0.0000,-0.7148,0.0000,0.6993
249.796,1,6.511,-1.646,-1.795,0.0000,-0.7148,0.0000,0.6993
249.796,1,6.511,-1.646,-1.795,0.0000,-0.7148,0.0000,0.6993
249.796,1,6.511,-1.646,-1.795,0.0000,-0.7148,0.0000,0.6993
249.796,1,6.511,-1.646,-1.795,0.0000,-0.7148,0.0000,0.6993
249.796,1,6.511,-1.646,-1.795,0.0000,-0.7148,0.0000,0.6993
249.796,1,6.511,-1.646,-1.795,0.0000,-0.7148,0.0000,0.6993
249.796,1,6.511,-1.646,-1.795,0.0000,-0.7148,0.0000,0.6993
249.796,1,6.511,-1.646,-1.795,0.0000,-0.7148,0.0000,0.6993
249.796,1,6.511,-1.646,-1.795,0.0000,-0.7148,0.0000,0.6993
249.796,1,6.511,-1.646,-1.795,0.0000,-0.7148,0.0000,0.6993
249.796,1,6.511,-1.646,-1.795,0.0000,-0.7148,0.0000,0.6993
249.796,1,6.511,-1.646,-1.795,0.0000,-0.7148,0.0000,0.6993
249.796,1,6.511,-1.646,-1.795,0.0000,-0.7148,0.0000,0.6993
249.796,1,6.511,-1.646,-1.795,0.0000,-0.7148,0.0000,0.6993
249.796,1,6.511,-1.646,-1.795,0.0000,-0.7148,0.0000,0.6993
249.796,1,6.511,-1.646,-1.795,0.0000,-0.7148,0.0000,0.6993
249.796,1,6.511,-1.646,-1.795,0.0000,-0.7148,0.0000,0.6993
249.796,1,6.511,-1.646,-1.795,0.0000,-0.7148,0.0000,0.6993
249.796,1,6.511,-1.646,-1.795,0.0000,-0.7148,0.0000,0.6993
249.796,1,6.511,-1.646,-1.795,0.0000,-0.7148,0.0000,0.6993
249.796,1,6.511,-1.646,-1.795,0.0000,-0.7148,0.0000,0.6993
249.796,1,6.511,-1.646,-1.795,0.0000,-0.7148,0.0000,0.6993
249.796,1,6.511,-1.646,-1.795,0.0000,-0.7148,0.0000,0.6993
249.796,1,6.511,-1.646,-1.795,0.0000,-0.7148,0.0000,0.6993
249.796,1,6.511,-1.646,-1.795,0.0000,-0.7148,0.0000,0.6993
249.796,1,6.511,-1.646,-1.795,0.0000,-0.7148,0.0000,0.6993
249.796,1,6.511,-1.646,-1.795,0.0000,-0.7148,0.0000,0.6993
249.796,1,6.511,-1.646,-1.795,0.0000,-0.7148,0.0000,0.6993
249.796,1,6.511,-1.646,-1.795,0.0000,-0.7148,0.0000,0.6993
249.796,1,6.511,-1.646,-1.795,0.0000,-0.7148,0.0000,0.6993
249.796,1,6.511,-1.646,-1.795,0.0000,-0.7148,0.0000,0.6993
249.796,1,6.511,-1.646,-1.795,0.0000,-0.7148,0.0000,0.6993
249.796,1,6.511,-1.646,-1.795,0.0000,-0.7148,0.0000,0.6993
249.796,1,6.511,-1.646,-1.795,0.0000,-0.7148,0.0000,0.6993
249.796,1,6.511,-1.646,-1.795,0.0000,-0.7148,0.0000,0.6993
249.796,1,6.511,-1.646,-1.795,0.0000,-0.7148,0.0000,0.6993
249.796,1,6.511,-1.646,-1.795,0.0000,-0.7148,0.0000,0.6993
249.796,1,6.511,-1.646,-1.795,0.0000,-0.7148,0.0000,0.6993
249.796,1,6.511,-1.646,-1.795,0.0000,-0.7148,0.0000,0.6993
249.796,1,6.511,-1.646,-1.795,0.0000,-0.7148,0.0000,0.6993
249.796,1,6.511,-1.646,-1.795,0.0000,-0.7148,0.0000,0.6993
249.796,1,6.511,-1.646,-1.795,0.0000,-0.7148,0.0000,0.6993
249.796,1,6.511,-1.646,-1.795,0.0000,-0.7148,0.0000,0.6993
249.796,1,6.511,-1.646,-1.795,0.0000,-0.7148,0.0000,0.6993
249.796,1,6.511,-1.646,-1.795,0.0000,-0.7148,0.0000,0.6993
249.796,1,6.511,-1.646,-1.795,0.0000,-0.7148,0.0000,0.6993
249.796,1,6.511,-1.646,-1.795,0.0000,-0.7148,0.0000,0.6993
249.796,1,6.511,-1.646,-1.795,0.0000,-0.7148,0.0000,0.6993
249.796,1,6.511,-1.646,-1.795,0.0000,-0.7148,0.0000,0.6993
249.796,1,6.511,-1.646,-1.795,0.0000,-0.7148,0.0000,0.6993
249.796,1,6.511,-1.646,-1.795,0.0000,-0.7148,0.0000,0.6993
249.796,1,6.511,-1.646,-1.795,0.0000,-0.7148,0.0000,0.6993
249.796,1,6.511,-1.646,-1.795,0.0000,-0.7148,0.0000,0.6993
249.796,1,6.511,-1.646,-1.795,0.0000,-0.7148,0.0000,0.6993
249.796,1,6.511,-1.646,-1.795,0.0000,-0.7148,0.0000,0.6993
249.796,1,6.511,-1.646,-1.795,0.0000,-0.7148,0.0000,0.6993
249.796,1,6.511,-1.646,-1.795,0.0000,-0.7148,0.0000,0.6993
249.796,1,6.511,-1.646,-1.795,0.0000,-0.7148,0.0000,0.6993
249.796,1,6.511,-1.646,-1.795,0.0000,-0.7148,0.0000,0.6993
249.796,1,6.511,-1.646,-1.795,0.0000,-0.7148,0.0000,0.6993
249.796,1,6.511,-1.646,-1.795,0.0000,-0.7148,0.0000,0.6993
249.796,1,6.511,-1.646,-1.795,0.0000,-0.7148,0.0000,0.6993
249.796,1,6.511,-1.646,-1.795,0.0000,-0.7148,0.0000,0.6993
249.796,1,6.511,-1.646,-1.795,0.0000,-0.7148,0.0000,0.6993
249.796,1,6.511,-1.646,-1.795,0.0000,-0.7148,0.0000,0.6993
249.796,1,6.511,-1.646,-1.795,0.0000,-0.7148,0.0000,0.6993
249.796,1,6.511,-1.646,-1.795,0.0000,-0.7148,0.0000,0.6993
249.796,1,6.511,-1.646,-1.795,0.0000,-0.7148,0.0000,0.6993
249.796,1,6.511,-1.646,-1.795,0.0000,-0.7148,0.0000,0.6993
249.796,1,6.511,-1.646,-1.795,0.0000,-0.7148,0.0000,0.6993
249.796,1,6.511,-1.646,-1.795,0.0000,-0.7148,0.0000,0.6993
249.796,1,6.511,-1.646,-1.795,0.0000,-0.7148,0.0000,0.6993
249.796,1,6.511,-1.646,-1.795,0.0000,-0.7148,0.0000,0.6993
249.796,1,6.511,-1.646,-1.795,0.0000,-0.7148,0.0000,0.6993
249.796,1,6.511,-1.646,-1.795,0.0000,-0.7148,0.0000,0.6993
249.796,1,6.511,-1.646,-1.795,0.0000,-0.7148,0.0000,0.6993
249.796,1,6.511,-1.646,-1.795,0.0000,-0.7148,0.0000,0.6993
249.796,1,6.511,-1.646,-1.795,0.0000,-0.7148,0.0000,0.6993
249.796,1,6.511,-1.646,-1.795,0.0000,-0.7148,0.0000,0.6993
249.796,1,6.511,-1.646,-1.795,0.0000,-0.7148,0.0000,0.6993
249.796,1,6.511,-1.646,-1.795,0.0000,-0.7148,0.0000,0.6993
249.796,1,6.511,-1.646,-1.795,0.0000,-0.7148,0.0000,0.6993
249.796,1,6.511,-1.646,-1.795,0.0000,-0.7148,0.0000,0.6993
249.796,1,6.511,-1.646,-1.795,0.0000,-0.7148,0.0000,0.6993
249.796,1,6.511,-1.646,-1.795,0.0000,-0.7148,0.0000,0.6993
249.796,1,6.511,-1.646,-1.795,0.0000,-0.7148,0.0000,0.6993
249.796,1,6.511,-1.646,-1.795,0.0000,-0.7148,0.0000,0.6993
249.796,1,6.511,-1.646,-1.795,0.0000,-0.7148,0.0000,0.6993
249.796,1,6.511,-1.646,-1.795,0.0000,-0.7148,0.0000,0.6993
249.796,1,6.511,-1.646,-1.795,0.0000,-0.7148,0.0000,0.6993
249.796,1,6.511,-1.646,-1.795,0.0000,-0.7148,0.0000,0.6993
249.796,1,6.511,-1.646,-1.795,0.0000,-0.7148,0.0000,0.6993
249.796,1,6.511,-1.646,-1.795,0.0000,-0.7148,0.0000,0.6993
249.796,1,6.511,-1.646,-1.795,0.0000,-0.7148,0.0000,0.6993
249.796,1,6.511,-1.646,-1.795,0.0000,-0.7148,0.0000,0.6993
249.796,1,6.511,-1.646,-1.795,0.0000,-0.7148,0.0000,0.6993
249.796,1,6.511,-1.646,-1.795,0.0000,-0.7148,0.0000,0.6993
249.796,1,6.511,-1.646,-1.795,0.0000,-0.7148,0.0000,0.6993
249.796,1,6.511,-1.646,-1.795,0.0000,-0.7148,0.0000,0.6993
249.796,1,6.511,-1.646,-1.795,0.0000,-0.7148,0.0000,0.6993
249.796,1,6.511,-1.646,-1.795,0.0000,-0.7148,0.0000,0.6993
249.796,1,6.511,-1.646,-1.795,0.0000,-0.7148,0.0000,0.6993
249.796,1,6.511,-1.646,-1.795,0.0000,-0.7148,0.0000,0.6993
249.796,1,6.511,-1.646,-1.795,0.0000,-0.7148,0.0000,0.6993
249.796,1,6.511,-1.646,-1.795,0.0000,-0.7148,0.0000,0.6993
249.796,1,6.511,-1.646,-1.795,0.0000,-0.7148,0.0000,0.6993
249.796,1,6.511,-1.646,-1.795,0.0000,-0.7148,0.0000,0.6993
249.796,1,6.511,-1.646,-1.795,0.0000,-0.7148,0.0000,0.6993
249.796,1,6.511,-1.646,-1.795,0.0000,-0.7148,0.0000,0.6993
249.796,1,6.511,-1.646,-1.795,0.0000,-0.7148,0.0000,0.6993
249.796,1,6.511,-1.646,-1.795,0.0000,-0.7148,0.0000,0.6993
249.796,1,6.511,-1.646,-1.795,0.0000,-0.7148,0.0000,0.6993
249.796,1,6.511,-1.646,-1.795,0.0000,-0.7148,0.0000,0.6993
249.796,1,6.511,-1.646,-1.795,0.0000,-0.7148,0.0000,0.6993
249.796,1,6.511,-1.646,-1.795,0.0000,-0.7148,0.0000,0.6993
249.796,1,6.511,-1.646,-1.795,0.0000,-0.7148,0.0000,0.6993
249.796,1,6.511,-1.646,-1.795,0.0000,-0.7148,0.0000,0.6993
249.796,1,6.511,-1.646,-1.795,0.0000,-0.7148,0.0000,0.6993
249.796,1,6.511,-1.646,-1.795,0.0000,-0.7148,0.0000,0.6993
249.796,1,6.511,-1.646,-1.795,0.0000,-0.7148,0.0000,0.6993
249.796,1,6.511,-1.646,-1.795,0.0000,-0.7148,0.0000,0.6993
249.796,1,6.511,-1.646,-1.795,0.0000,-0.7148,0.0000,0.6993
249.796,1,6.511,-1.646,-1.795,0.0000,-0.7148,0.0000,0.6993
249.796,1,6.511,-1.646,-1.795,0.0000,-0.7148,0.0000,0.6993
249.796,1,6.511,-1.646,-1.795,0.0000,-0.7148,0.0000,0.6993
249.796,1,6.511,-1.646,-1.795,0.0000,-0.7148,0.0000,0.6993
249.796,1,6.511,-1.646,-1.795,0.0000,-0.7148,0.0000,0.6993
249.796,1,6.511,-1.646,-1.795,0.0000,-0.7148,0.0000,0.6993
249.796,1,6.511,-1.646,-1.795,0.0000,-0.7148,0.0000,0.6993
249.796,1,6.511,-1.646,-1.795,0.0000,-0.7148,0.0000,0.6993
249.796,1,6.511,-1.646,-1.795,0.0000,-0.7148,0.0000,0.6993
249.796,1,6.511,-1.646,-1.795,0.0000,-0.7148,0.0000,0.6993
249.796,1,6.511,-1.646,-1.795,0.0000,-0.7148,0.0000,0.6993
249.796,1,6.511,-1.646,-1.795,0.0000,-0.7148,0.0000,0.6993
249.796,1,6.511,-1.646,-1.795,0.0000,-0.7148,0.0000,0.6993
249.796,1,6.511,-1.646,-1.795,0.0000,-0.7148,0.0000,0.6993
249.796,1,6.511,-1.646,-1.795,0.0000,-0.7148,0.0000,0.6993
249.796,1,6.511,-1.646,-1.795,0.0000,-0.7148,0.0000,0.6993
249.796,1,6.511,-1.646,-1.795,0.0000,-0.7148,0.0000,0.6993
249.796,1,6.511,-1.646,-1.795,0.0000,-0.7148,0.0000,0.6993
249.796,1,6.511,-1.646,-1.795,0.0000,-0.7148,0.0000,0.6993
249.796,1,6.511,-1.646,-1.795,0.0000,-0.7148,0.0000,0.6993
249.796,1,6.511,-1.646,-1.795,0.0000,-0.7148,0.0000,0.6993
249.796,1,6.511,-1.646,-1.795,0.0000,-0.7148,0.0000,0.6993
249.796,1,6.511,-1.646,-1.795,0.0000,-0.7148,0.0000,0.6993
249.796,1,6.511,-1.646,-1.795,0.0000,-0.7148,0.0000,0.6993
249.796,1,6.511,-1.646,-1.795,0.0000,-0.7148,0.0000,0.6993
249.796,1,6.511,-1.646,-1.795,0.0000,-0.7148,0.0000,0.6993
249.796,1,6.511,-1.646,-1.795,0.0000,-0.7148,0.0000,0.6993
249.796,1,6.511,-1.646,-1.795,0.0000,-0.7148,0.0000,0.6993
249.796,1,6.511,-1.646,-1.795,0.0000,-0.7148,0.0000,0.6993
249.796,1,6.511,-1.646,-1.795,0.0000,-0.7148,0.0000,0.6993
249.796,1,6.511,-1.646,-1.795,0.0000,-0.7148,0.0000,0.6993
249.796,1,6.511,-1.646,-1.795,0.0000,-0.7148,0.0000,0.6993
249.796,1,6.511,-1.646,-1.795,0.0000,-0.7148,0.0000,0.6993
249.796,1,6.511,-1.646,-1.795,0.0000,-0.7148,0.0000,0.6993
249.796,1,6.511,-1.646,-1.795,0.0000,-0.7148,0.0000,0.6993
249.796,1,6.511,-1.646,-1.795,0.0000,-0.7148,0.0000,0.6993
249.796,1,6.511,-1.646,-1.795,0.0000,-0.7148,0.0000,0.6993
249.796,1,6.511,-1.646,-1.795,0.0000,-0.7148,0.0000,0.6993
249.796,1,6.511,-1.646,-1.795,0.0000,-0.7148,0.0000,0.6993
249.796,1,6.511,-1.646,-1.795,0.0000,-0.7148,0.0000,0.6993
249.796,1,6.511,-1.646,-1.795,0.0000,-0.7148,0.0000,0.6993
249.796,1,6.511,-1.646,-1.795,0.0000,-0.7148,0.0000,0.6993
249.796,1,6.511,-1.646,-1.795,0.0000,-0.7148,0.0000,0.6993
249.796,1,6.511,-1.646,-1.795,0.0000,-0.7148,0.0000,0.6993
249.796,1,6.511,-1.646,-1.795,0.0000,-0.7148,0.0000,0.6993
249.796,1,6.511,-1.646,-1.795,0.0000,-0.7148,0.0000,0.6993
249.796,1,6.511,-1.646,-1.795,0.0000,-0.7148,0.0000,0.6993
249.796,1,6.511,-1.646,-1.795,0.0000,-0.7148,0.0000,0.6993
249.796,1,6.511,-1.646,-1.795,0.0000,-0.7148,0.0000,0.6993
249.796,1,6.511,-1.646,-1.795,0.0000,-0.7148,0.0000,0.6993
249.796,1,6.511,-1.646,-1.795,0.0000,-0.7148,0.0000,0.6993
249.796,1,6.511,-1.646,-1.795,0.0000,-0.7148,0.0000,0.6993
249.796,1,6.511,-1.646,-1.795,0.0000,-0.7148,0.0000,0.6993
249.796,1,6.511,-1.646,-1.795,0.0000,-0.7148,0.0000,0.6993
249.796,1,6.511,-1.646,-1.795,0.0000,-0.7148,0.0000,0.6993
249.796,1,6.511,-1.646,-1.795,0.0000,-0.7148,0.0000,0.6993
249.796,1,6.511,-1.646,-1.795,0.0000,-0.7148,0.0000,0.6993
249.796,1,6.511,-1.646,-1.795,0.0000,-0.7148,0.0000,0.6993
249.796,1,6.511,-1.646,-1.795,0.0000,-0.7148,0.0000,0.6993
249.796,1,6.511,-1.646,-1.795,0.0000,-0.7148,0.0000,0.6993
249.796,1,6.511,-1.646,-1.795,0.0000,-0.7148,0.0000,0.6993
249.796,1,6.511,-1.646,-1.795,0.0000,-0.7148,0.0000,0.6993
249.796,1,6.511,-1.646,-1.795,0.0000,-0.7148,0.0000,0.6993
249.796,1,6.511,-1.646,-1.795,0.0000,-0.7148,0.0000,0.6993
249.796,1,6.511,-1.646,-1.795,0.0000,-0.7148,0.0000,0.6993
249.796,1,6.511,-1.646,-1.795,0.0000,-0.7148,0.0000,0.6993
249.796,1,6.511,-1.646,-1.795,0.0000,-0.7148,0.0000,0.6993
249.796,1,6.511,-1.646,-1.795,0.0000,-0.7148,0.0000,0.6993
249.796,1,6.511,-1.646,-1.795,0.0000,-0.7148,0.0000,0.6993
249.796,1,6.511,-1.646,-1.795,0.0000,-0.7148,0.0000,0.6993
249.796,1,6.511,-1.646,-1.795,0.0000,-0.7148,0.0000,0.6993
249.796,1,6.511,-1.646,-1.795,0.0000,-0.7148,0.0000,0.6993
249.796,1,6.511,-1.646,-1.795,0.0000,-0.7148,0.0000,0.6993
249.796,1,6.511,-1.646,-1.795,0.0000,-0.7148,0.0000,0.6993
249.796,1,6.511,-1.646,-1.795,0.0000,-0.7148,0.0000,0.6993
249.796,1,6.511,-1.646,-1.795,0.0000,-0.7148,0.0000,0.6993
249.796,1,6.511,-1.646,-1.795,0.0000,-0.7148,0.0000,0.6993
249.796,1,6.511,-1.646,-1.795,0.0000,-0.7148,0.0000,0.6993
249.796,1,6.511,-1.646,-1.795,0.0000,-0.7148,0.0000,0.6993
249.796,1,6.511,-1.646,-1.795,0.0000,-0.7148,0.0000,0.6993
249.796,1,6.511,-1.646,-1.795,0.0000,-0.7148,0.0000,0.6993
249.796,1,6.511,-1.646,-1.795,0.0000,-0.7148,0.0000,0.6993
249.796,1,6.511,-1.646,-1.795,0.0000,-0.7148,0.0000,0.6993
249.796,1,6.511,-1.646,-1.795,0.0000,-0.7148,0.0000,0.6993
249.796,1,6.511,-1.646,-1.795,0.0000,-0.7148,0.0000,0.6993
249.796,1,6.511,-1.646,-1.795,0.0000,-0.7148,0.0000,0.6993
249.796,1,6.511,-1.646,-1.795,0.0000,-0.7148,0.0000,0.6993
249.796,1,6.511,-1.646,-1.795,0.0000,-0.7148,0.0000,0.6993
249.796,1,6.511,-1.646,-1.795,0.0000,-0.7148,0.0000,0.6993
249.796,1,6.511,-1.646,-1.795,0.0000,-0.7148,0.0000,0.6993
249.796,1,6.511,-1.646,-1.795,0.0000,-0.7148,0.0000,0.6993
249.796,1,6.511,-1.646,-1.795,0.0000,-0.7148,0.0000,0.6993
249.796,1,6.511,-1.646,-1.795,0.0000,-0.7148,0.0000,0.6993
249.796,1,6.511,-1.646,-1.795,0.0000,-0.7148,0.0000,0.6993
249.796,1,6.511,-1.646,-1.795,0.0000,-0.7148,0.0000,0.6993
249.796,1,6.511,-1.646,-1.795,0.0000,-0.7148,0.0000,0.6993
249.796,1,6.511,-1.646,-1.795,0.0000,-0.7148,0.0000,0.6993
249.796,1,6.511,-1.646,-1.795,0.0000,-0.7148,0.0000,0.6993
249.796,1,6.511,-1.646,-1.795,0.0000,-0.7148,0.0000,0.6993
249.796,1,6.511,-1.646,-1.795,0.0000,-0.7148,0.0000,0.6993
249.796,1,6.511,-1.646,-1.795,0.0000,-0.7148,0.0000,0.6993
249.796,1,6.511,-1.646,-1.795,0.0000,-0.7148,0.0000,0.6993
249.796,1,6.511,-1.646,-1.795,0.0000,-0.7148,0.0000,0.6993
249.796,1,6.511,-1.646,-1.795,0.0000,-0.7148,0.0000,0.6993
249.796,1,6.511,-1.646,-1.795,0.0000,-0.7148,0.0000,0.6993
249.796,1,6.511,-1.646,-1.795,0.0000,-0.7148,0.0000,0.6993
249.796,1,6.511,-1.646,-1.795,0.0000,-0.7148,0.0000,0.6993
249.796,1,6.511,-1.646,-1.795,0.0000,-0.7148,0.0000,0.6993
249.796,1,6.511,-1.646,-1.795,0.0000,-0.7148,0.0000,0.6993
249.796,1,6.511,-1.646,-1.795,0.0000,-0.7148,0.0000,0.6993
249.796,1,6.511,-1.646,-1.795,0.0000,-0.7148,0.0000,0.6993
249.796,1,6.511,-1.646,-1.795,0.0000,-0.7148,0.0000,0.6993
249.796,1,6.511,-1.646,-1.795,0.0000,-0.7148,0.0000,0.6993
249.796,1,6.511,-1.646,-1.795,0.0000,-0.7148,0.0000,0.6993
249.796,1,6.511,-1.646,-1.795,0.0000,-0.7148,0.0000,0.6993
249.796,1,6.511,-1.646,-1.795,0.0000,-0.7148,0.0000,0.6993
249.796,1,6.511,-1.646,-1.795,0.0000,-0.7148,0.0000,0.6993
249.796,1,6.511,-1.646,-1.795,0.0000,-0.7148,0.0000,0.6993
249.796,1,6.511,-1.646,-1.795,0.0000,-0.7148,0.0000,0.6993
249.796,1,6.511,-1.646,-1.795,0.0000,-0.7148,0.0000,0.6993
249.796,1,6.511,-1.646,-1.795,0.0000,-0.7148,0.0000,0.6993
249.796,1,6.511,-1.646,-1.795,0.0000,-0.7148,0.0000,0.6993
249.796,1,6.511,-1.646,-1.795,0.0000,-0.7148,0.0000,0.6993
249.796,1,6.511,-1.646,-1.795,0.0000,-0.7148,0.0000,0.6993
249.796,1,6.511,-1.646,-1.795,0.0000,-0.7148,0.0000,0.6993
249.796,1,6.511,-1.646,-1.795,0.0000,-0.7148,0.0000,0.6993
249.796,1,6.511,-1.646,-1.795,0.0000,-0.7148,0.0000,0.6993
249.796,1,6.511,-1.646,-1.795,0.0000,-0.7148,0.0000,0.6993
249.796,1,6.511,-1.646,-1.795,0.0000,-0.7148,0.0000,0.6993
249.796,1,6.511,-1.646,-1.795,0.0000,-0.7148,0.0000,0.6993
249.796,1,6.511,-1.646,-1.795,0.0000,-0.7148,0.0000,0.6993
249.796,1,6.511,-1.646,-1.795,0.0000,-0.7148,0.0000,0.6993
249.796,1,6.511,-1.646,-1.795,0.0000,-0.7148,0.0000,0.6993
249.796,1,6.511,-1.646,-1.795,0.0000,-0.7148,0.0000,0.6993
249.796,1,6.511,-1.646,-1.795,0.0000,-0.7148,0.0000,0.6993
249.796,1,6.511,-1.646,-1.795,0.0000,-0.7148,0.0000,0.6993
249.796,1,6.511,-1.646,-1.795,0.0000,-0.7148,0.0000,0.6993
249.796,1,6.511,-1.646,-1.795,0.0000,-0.7148,0.0000,0.6993
249.796,1,6.511,-1.646,-1.795,0.0000,-0.7148,0.0000,0.6993
249.796,1,6.511,-1.646,-1.795,0.0000,-0.7148,0.0000,0.6993
249.796,1,6.511,-1.646,-1.795,0.0000,-0.7148,0.0000,0.6993
249.796,1,6.511,-1.646,-1.795,0.0000,-0.7148,0.0000,0.6993
249.796,1,6.511,-1.646,-1.795,0.0000,-0.7148,0.0000,0.6993
249.796,1,6.511,-1.646,-1.795,0.0000,-0.7148,0.0000,0.6993
249.796,1,6.511,-1.646,-1.795,0.0000,-0.7148,0.0000,0.6993
249.796,1,6.511,-1.646,-1.795,0.0000,-0.7148,0.0000,0.6993
249.796,1,6.511,-1.646,-1.795,0.0000,-0.7148,0.0000,0.6993
249.796,1,6.511,-1.646,-1.795,0.0000,-0.7148,0.0000,0.6993
249.796,1,6.511,-1.646,-1.795,0.0000,-0.7148,0.0000,0.6993
249.796,1,6.511,-1.646,-1.795,0.0000,-0.7148,0.0000,0.6993
249.796,1,6.511,-1.646,-1.795,0.0000,-0.7148,0.0000,0.6993
249.796,1,6.511,-1.646,-1.795,0.0000,-0.7148,0.0000,0.6993
249.796,1,6.511,-1.646,-1.795,0.0000,-0.7148,0.0000,0.6993
249.796,1,6.511,-1.646,-1.795,0.0000,-0.7148,0.0000,0.6993
249.796,1,6.511,-1.646,-1.795,0.0000,-0.7148,0.0000,0.6993
249.796,1,6.511,-1.646,-1.795,0.0000,-0.7148,0.0000,0.6993
249.796,1,6.511,-1.646,-1.795,0.0000,-0.7148,0.0000,0.6993
249.796,1,6.511,-1.646,-1.795,0.0000,-0.7148,0.0000,0.6993
249.796,1,6.511,-1.646,-1.795,0.0000,-0.7148,0.0000,0.6993
249.796,1,6.511,-1.646,-1.795,0.0000,-0.7148,0.0000,0.6993
249.796,1,6.511,-1.646,-1.795,0.0000,-0.7148,0.0000,0.6993
249.796,1,6.511,-1.646,-1.795,0.0000,-0.7148,0.0000,0.6993
249.796,1,6.511,-1.646,-1.795,0.0000,-0.7148,0.0000,0.6993
249.796,1,6.511,-1.646,-1.795,0.0000,-0.7148,0.0000,0.6993
249.796,1,6.511,-1.646,-1.795,0.0000,-0.7148,0.0000,0.6993
249.796,1,6.511,-1.646,-1.795,0.0000,-0.7148,0.0000,0.6993
249.796,1,6.511,-1.646,-1.795,0.0000,-0.7148,0.0000,0.6993
249.796,1,6.511,-1.646,-1.795,0.0000,-0.7148,0.0000,0.6993
249.796,1,6.511,-1.646,-1.795,0.0000,-0.7148,0.0000,0.6993
249.796,1,6.511,-1.646,-1.795,0.0000,-0.7148,0.0000,0.6993
249.796,1,6.511,-1.646,-1.795,0.0000,-0.7148,0.0000,0.6993
249.796,1,6.511,-1.646,-1.795,0.0000,-0.7148,0.0000,0.6993
249.796,1,6.511,-1.646,-1.795,0.0000,-0.7148,0.0000,0.6993
249.796,1,6.511,-1.646,-1.795,0.0000,-0.7148,0.0000,0.6993
249.796,1,6.511,-1.646,-1.795,0.0000,-0.7148,0.0000,0.6993
249.796,1,6.511,-1.646,-1.795,0.0000,-0.7148,0.0000,0.6993
249.796,1,6.511,-1.646,-1.795,0.0000,-0.7148,0.0000,0.6993
249.796,1,6.511,-1.646,-1.795,0.0000,-0.7148,0.0000,0.6993
249.796,1,6.511,-1.646,-1.795,0.0000,-0.7148,0.0000,0.6993
249.796,1,6.511,-1.646,-1.795,0.0000,-0.7148,0.0000,0.6993
249.796,1,6.511,-1.646,-1.795,0.0000,-0.7148,0.0000,0.6993
249.796,1,6.511,-1.646,-1.795,0.0000,-0.7148,0.0000,0.6993
249.796,1,6.511,-1.646,-1.795,0.0000,-0.7148,0.0000,0.6993
249.796,1,6.511,-1.646,-1.795,0.0000,-0.7148,0.0000,0.6993
249.796,1,6.511,-1.646,-1.795,0.0000,-0.7148,0.0000,0.6993
249.796,1,6.511,-1.646,-1.795,0.0000,-0.7148,0.0000,0.6993
249.796,1,6.511,-1.646,-1.795,0.0000,-0.7148,0.0000,0.6993
249.796,1,6.511,-1.646,-1.795,0.0000,-0.7148,0.0000,0.6993
249.796,1,6.511,-1.646,-1.795,0.0000,-0.7148,0.0000,0.6993
249.796,1,6.511,-1.646,-1.795,0.0000,-0.7148,0.0000,0.6993
249.796,1,6.511,-1.646,-1.795,0.0000,-0.7148,0.0000,0.6993
249.796,1,6.511,-1.646,-1.795,0.0000,-0.7148,0.0000,0.6993
249.796,1,6.511,-1.646,-1.795,0.0000,-0.7148,0.0000,0.6993
249.796,1,6.511,-1.646,-1.795,0.0000,-0.7148,0.0000,0.6993
249.796,1,6.511,-1.646,-1.795,0.0000,-0.7148,0.0000,0.6993
249.796,1,6.511,-1.646,-1.795,0.0000,-0.7148,0.0000,0.6993
249.796,1,6.511,-1.646,-1.795,0.0000,-0.7148,0.0000,0.6993
249.796,1,6.511,-1.646,-1.795,0.0000,-0.7148,0.0000,0.6993
249.796,1,6.511,-1.646,-1.795,0.0000,-0.7148,0.0000,0.6993
249.796,1,6.511,-1.646,-1.795,0.0000,-0.7148,0.0000,0.6993
249.796,1,6.511,-1.646,-1.795,0.0000,-0.7148,0.0000,0.6993
249.796,1,6.511,-1.646,-1.795,0.0000,-0.7148,0.0000,0.6993
249.796,1,6.511,-1.646,-1.795,0.0000,-0.7148,0.0000,0.6993
249.796,1,6.511,-1.646,-1.795,0.0000,-0.7148,0.0000,0.6993
249.796,1,6.511,-1.646,-1.795,0.0000,-0.7148,0.0000,0.6993
249.796,1,6.511,-1.646,-1.795,0.0000,-0.7148,0.0000,0.6993
249.796,1,6.511,-1.646,-1.795,0.0000,-0.7148,0.0000,0.6993
249.796,1,6.511,-1.646,-1.795,0.0000,-0.7148,0.0000,0.6993
249.796,1,6.511,-1.646,-1.795,0.0000,-0.7148,0.0000,0.6993
249.796,1,6.511,-1.646,-1.795,0.0000,-0.7148,0.0000,0.6993
249.796,1,6.511,-1.646,-1.795,0.0000,-0.7148,0.0000,0.6993
249.796,1,6.511,-1.646,-1.795,0.0000,-0.7148,0.0000,0.6993
249.796,1,6.511,-1.646,-1.795,0.0000,-0.7148,0.0000,0.6993
249.796,1,6.511,-1.646,-1.795,0.0000,-0.7148,0.0000,0.6993
249.796,1,6.511,-1.646,-1.795,0.0000,-0.7148,0.0000,0.6993
249.796,1,6.511,-1.646,-1.795,0.0000,-0.7148,0.0000,0.6993
249.796,1,6.511,-1.646,-1.795,0.0000,-0.7148,0.0000,0.6993
249.796,1,6.511,-1.646,-1.795,0.0000,-0.7148,0.0000,0.6993
249.796,1,6.511,-1.646,-1.795,0.0000,-0.7148,0.0000,0.6993
249.796,1,6.511,-1.646,-1.795,0.0000,-0.7148,0.0000,0.6993
249.796,1,6.511,-1.646,-1.795,0.0000,-0.7148,0.0000,0.6993
249.796,1,6.511,-1.646,-1.795,0.0000,-0.7148,0.0000,0.6993
249.796,1,6.511,-1.646,-1.795,0.0000,-0.7148,0.0000,0.6993
249.796,1,6.511,-1.646,-1.795,0.0000,-0.7148,0.0000,0.6993
249.796,1,6.511,-1.646,-1.795,0.0000,-0.7148,0.0000,0.6993
249.796,1,6.511,-1.646,-1.795,0.0000,-0.7148,0.0000,0.6993
249.796,1,6.511,-1.646,-1.795,0.0000,-0.7148,0.0000,0.6993
249.796,1,6.511,-1.646,-1.795,0.0000,-0.7148,0.0000,0.6993
249.796,1,6.511,-1.646,-1.795,0.0000,-0.7148,0.0000,0.6993
249.796,1,6.511,-1.646,-1.795,0.0000,-0.7148,0.0000,0.6993
249.796,1,6.511,-1.646,-1.795,0.0000,-0.7148,0.0000,0.6993
249.796,1,6.511,-1.646,-1.795,0.0000,-0.7148,0.0000,0.6993
249.796,1,6.511,-1.646,-1.795,0.0000,-0.7148,0.0000,0.6993
249.796,1,6.511,-1.646,-1.795,0.0000,-0.7148,0.0000,0.6993
249.796,1,6.511,-1.646,-1.795,0.0000,-0.7148,0.0000,0.6993
249.796,1,6.511,-1.646,-1.795,0.0000,-0.7148,0.0000,0.6993
249.796,1,6.511,-1.646,-1.795,0.0000,-0.7148,0.0000,0.6993
249.796,1,6.511,-1.646,-1.795,0.0000,-0.7148,0.0000,0.6993
249.796,1,6.511,-1.646,-1.795,0.0000,-0.7148,0.0000,0.6993
249.796,1,6.511,-1.646,-1.795,0.0000,-0.7148,0.0000,0.6993
249.796,1,6.511,-1.646,-1.795,0.0000,-0.7148,0.0000,0.6993
249.796,1,6.511,-1.646,-1.795,0.0000,-0.7148,0.0000,0.6993
249.796,1,6.511,-1.646,-1.795,0.0000,-0.7148,0.0000,0.6993
249.796,1,6.511,-1.646,-1.795,0.0000,-0.7148,0.0000,0.6993
249.796,1,6.511,-1.646,-1.795,0.0000,-0.7148,0.0000,0.6993
249.796,1,6.511,-1.646,-1.795,0.0000,-0.7148,0.0000,0.6993
249.796,1,6.511,-1.646,-1.795,0.0000,-0.7148,0.0000,0.6993
249.796,1,6.511,-1.646,-1.795,0.0000,-0.7148,0.0000,0.6993
249.796,1,6.511,-1.646,-1.795,0.0000,-0.7148,0.0000,0.6993
249.796,1,6.511,-1.646,-1.795,0.0000,-0.7148,0.0000,0.6993
250.064,1,6.511,-1.646,-1.795,0.0000,-0.7148,0.0000,0.6993
250.064,1,6.511,-1.646,-1.795,0.0000,-0.7148,0.0000,0.6993
250.064,1,6.511,-1.646,-1.795,0.0000,-0.7148,0.0000,0.6993
250.064,1,6.511,-1.646,-1.795,0.0000,-0.7148,0.0000,0.6993
250.064,1,6.511,-1.646,-1.795,0.0000,-0.7148,0.0000,0.6993
250.064,1,6.511,-1.646,-1.795,0.0000,-0.7148,0.0000,0.6993
250.064,1,6.511,-1.646,-1.795,0.0000,-0.7148,0.0000,0.6993
250.064,1,6.511,-1.646,-1.795,0.0000,-0.7148,0.0000,0.6993
250.096,1,6.511,-1.646,-1.795,0.0000,-0.7148,0.0000,0.6993
250.136,1,6.511,-1.646,-1.795,0.0000,-0.7148,0.0000,0.6993
250.165,1,6.511,-1.646,-1.795,0.0000,-0.7148,0.0000,0.6993
250.198,1,6.511,-1.646,-1.795,0.0000,-0.7148,0.0000,0.6993
250.229,1,6.511,-1.646,-1.795,0.0000,-0.7148,0.0000,0.6993
250.259,1,6.511,-1.646,-1.795,0.0000,-0.7148,0.0000,0.6993
250.301,1,6.511,-1.646,-1.795,0.0000,-0.7148,0.0000,0.6993
250.327,1,6.511,-1.646,-1.795,0.0000,-0.7148,0.0000,0.6993
250.365,1,6.511,-1.646,-1.795,0.0000,-0.7148,0.0000,0.6993
250.393,1,6.511,-1.646,-1.795,0.0000,-0.7148,0.0000,0.6993
250.431,1,6.511,-1.646,-1.795,0.0000,-0.7148,0.0000,0.6993
250.464,1,6.511,-1.646,-1.795,0.0000,-0.7148,0.0000,0.6993
250.500,1,6.511,-1.646,-1.795,0.0000,-0.7148,0.0000,0.6993
250.527,1,6.511,-1.646,-1.795,0.0000,-0.7148,0.0000,0.6993
250.563,1,6.511,-1.646,-1.795,0.0000,-0.7148,0.0000,0.6993
250.594,1,6.511,-1.646,-1.795,0.0000,-0.7148,0.0000,0.6993
250.633,1,6.511,-1.646,-1.795,0.0000,-0.7148,0.0000,0.6993
250.663,1,6.511,-1.646,-1.795,0.0000,-0.7148,0.0000,0.6993
250.695,1,6.511,-1.646,-1.795,0.0000,-0.7148,0.0000,0.6993
250.734,1,6.511,-1.646,-1.795,0.0000,-0.7148,0.0000,0.6993
250.764,1,6.511,-1.646,-1.795,0.0000,-0.7148,0.0000,0.6993
250.794,1,6.511,-1.646,-1.795,0.0000,-0.7148,0.0000,0.6993
250.835,1,6.511,-1.646,-1.795,0.0000,-0.7148,0.0000,0.6993
250.866,1,6.511,-1.646,-1.795,0.0000,-0.7148,0.0000,0.6993
250.896,1,6.511,-1.646,-1.795,0.0000,-0.7148,0.0000,0.6993
250.933,1,6.511,-1.646,-1.795,0.0000,-0.7148,0.0000,0.6993
250.964,1,6.511,-1.646,-1.795,0.0000,-0.7148,0.0000,0.6993
250.995,1,6.511,-1.646,-1.795,0.0000,-0.7148,0.0000,0.6993
251.034,1,6.511,-1.646,-1.795,0.0000,-0.7148,0.0000,0.6993
251.065,1,6.511,-1.646,-1.795,0.0000,-0.7148,0.0000,0.6993
251.096,1,6.511,-1.646,-1.795,0.0000,-0.7148,0.0000,0.6993
251.147,1,6.511,-1.646,-1.795,0.0000,-0.7148,0.0000,0.6993
251.173,1,6.511,-1.646,-1.795,0.0000,-0.7148,0.0000,0.6993
251.194,1,6.511,-1.646,-1.795,0.0000,-0.7148,0.0000,0.6993
251.226,1,6.511,-1.646,-1.795,0.0000,-0.7148,0.0000,0.6993
251.260,1,6.511,-1.646,-1.795,0.0000,-0.7148,0.0000,0.6993
251.298,1,6.511,-1.646,-1.795,0.0000,-0.7148,0.0000,0.6993
251.326,1,6.511,-1.646,-1.795,0.0000,-0.7148,0.0000,0.6993
251.365,1,6.511,-1.646,-1.795,0.0000,-0.7148,0.0000,0.6993
251.393,1,6.511,-1.646,-1.795,0.0000,-0.7148,0.0000,0.6993
251.436,1,6.511,-1.646,-1.795,0.0000,-0.7148,0.0000,0.6993
251.466,1,6.511,-1.646,-1.795,0.0000,-0.7148,0.0000,0.6993
251.494,1,6.511,-1.646,-1.795,0.0000,-0.7148,0.0000,0.6993
251.536,1,6.511,-1.646,-1.795,0.0000,-0.7148,0.0000,0.6993
251.566,1,6.511,-1.646,-1.795,0.0000,-0.7148,0.0000,0.6993
251.595,1,6.511,-1.646,-1.795,0.0000,-0.7148,0.0000,0.6993
251.637,1,6.511,-1.646,-1.795,0.0000,-0.7148,0.0000,0.6993
251.662,1,6.511,-1.646,-1.795,0.0000,-0.7148,0.0000,0.6993
251.704,1,6.511,-1.646,-1.795,0.0000,-0.7148,0.0000,0.6993
251.732,1,6.511,-1.646,-1.795,0.0000,-0.7148,0.0000,0.6993
251.761,1,6.511,-1.646,-1.795,0.0000,-0.7148,0.0000,0.6993
251.798,1,6.511,-1.646,-1.795,0.0000,-0.7148,0.0000,0.6993
251.827,1,6.511,-1.646,-1.795,0.0000,-0.7148,0.0000,0.6993
251.870,1,6.511,-1.646,-1.795,0.0000,-0.7148,0.0000,0.6993
251.901,1,6.511,-1.646,-1.795,0.0000,-0.7148,0.0000,0.6993
251.931,1,6.511,-1.646,-1.795,0.0000,-0.7148,0.0000,0.6993
251.965,1,6.511,-1.646,-1.795,0.0000,-0.7148,0.0000,0.6993
251.997,1,6.511,-1.646,-1.795,0.0000,-0.7148,0.0000,0.6993
252.026,1,6.511,-1.646,-1.795,0.0000,-0.7148,0.0000,0.6993
252.069,1,6.511,-1.646,-1.795,0.0000,-0.7148,0.0000,0.6993
252.102,1,6.511,-1.646,-1.795,0.0000,-0.7148,0.0000,0.6993
252.131,1,6.511,-1.646,-1.795,0.0000,-0.7148,0.0000,0.6993
252.161,1,6.511,-1.646,-1.795,0.0000,-0.7148,0.0000,0.6993
252.193,1,6.511,-1.646,-1.795,0.0000,-0.7148,0.0000,0.6993
252.235,1,6.511,-1.646,-1.795,0.0000,-0.7148,0.0000,0.6993
252.266,1,6.511,-1.646,-1.795,0.0000,-0.7148,0.0000,0.6993
252.298,1,6.511,-1.646,-1.795,0.0000,-0.7148,0.0000,0.6993
252.329,1,6.511,-1.646,-1.795,0.0000,-0.7148,0.0000,0.6993
252.360,1,6.511,-1.646,-1.795,0.0000,-0.7148,0.0000,0.6993
252.402,1,6.511,-1.646,-1.795,0.0000,-0.7148,0.0000,0.6993
252.434,1,6.511,-1.646,-1.795,0.0000,-0.7148,0.0000,0.6993
252.465,1,6.511,-1.646,-1.795,0.0000,-0.7148,0.0000,0.6993
252.496,1,6.511,-1.646,-1.795,0.0000,-0.7148,0.0000,0.6993
252.528,1,6.511,-1.646,-1.795,0.0000,-0.7148,0.0000,0.6993
252.569,1,6.511,-1.646,-1.795,0.0000,-0.7148,0.0000,0.6993
252.600,1,6.511,-1.646,-1.795,0.0000,-0.7148,0.0000,0.6993
252.632,1,6.511,-1.646,-1.795,0.0000,-0.7148,0.0000,0.6993
252.663,1,6.511,-1.646,-1.795,0.0000,-0.7148,0.0000,0.6993
252.693,1,6.511,-1.646,-1.795,0.0000,-0.7148,0.0000,0.6993
252.735,1,6.511,-1.646,-1.795,0.0000,-0.7148,0.0000,0.6993
252.766,1,6.511,-1.646,-1.795,0.0000,-0.7148,0.0000,0.6993
252.798,1,6.511,-1.646,-1.795,0.0000,-0.7148,0.0000,0.6993
252.829,1,6.511,-1.646,-1.795,0.0000,-0.7148,0.0000,0.6993
252.861,1,6.511,-1.646,-1.795,0.0000,-0.7148,0.0000,0.6993
252.896,1,6.511,-1.646,-1.795,0.0000,-0.7148,0.0000,0.6993
252.934,1,6.511,-1.646,-1.795,0.0000,-0.7148,0.0000,0.6993
252.966,1,6.511,-1.646,-1.795,0.0000,-0.7148,0.0000,0.6993
252.999,1,6.511,-1.646,-1.795,0.0000,-0.7148,0.0000,0.6993
253.030,1,6.511,-1.646,-1.795,0.0000,-0.7148,0.0000,0.6993
253.062,1,6.511,-1.646,-1.795,0.0000,-0.7148,0.0000,0.6993
253.094,1,6.511,-1.646,-1.795,0.0000,-0.7148,0.0000,0.6993
253.130,1,6.511,-1.646,-1.795,0.0000,-0.7148,0.0000,0.6993
253.168,1,6.511,-1.646,-1.795,0.0000,-0.7148,0.0000,0.6993
253.198,1,6.511,-1.646,-1.795,0.0000,-0.7148,0.0000,0.6993
253.229,1,6.511,-1.646,-1.795,0.0000,-0.7148,0.0000,0.6993
253.261,1,6.511,-1.646,-1.795,0.0000,-0.7148,0.0000,0.6993
253.301,1,6.511,-1.646,-1.795,0.0000,-0.7148,0.0000,0.6993
253.330,1,6.511,-1.646,-1.795,0.0000,-0.7148,0.0000,0.6993
253.361,1,6.511,-1.646,-1.795,0.0000,-0.7148,0.0000,0.6993
253.398,1,6.511,-1.646,-1.795,0.0000,-0.7148,0.0000,0.6993
253.430,1,6.511,-1.646,-1.795,0.0000,-0.7148,0.0000,0.6993
253.462,1,6.511,-1.646,-1.795,0.0000,-0.7148,0.0000,0.6993
253.495,1,6.511,-1.646,-1.795,0.0000,-0.7148,0.0000,0.6993
253.527,1,6.511,-1.646,-1.795,0.0000,-0.7148,0.0000,0.6993
253.569,1,6.511,-1.646,-1.795,0.0000,-0.7148,0.0000,0.6993
253.601,1,6.511,-1.646,-1.795,0.0000,-0.7148,0.0000,0.6993
253.634,1,6.511,-1.646,-1.795,0.0000,-0.7148,0.0000,0.6993
253.668,1,6.511,-1.646,-1.795,0.0000,-0.7148,0.0000,0.6993
253.694,1,6.511,-1.646,-1.795,0.0000,-0.7148,0.0000,0.6993
253.735,1,6.511,-1.646,-1.795,0.0000,-0.7148,0.0000,0.6993
253.764,1,6.511,-1.646,-1.795,0.0000,-0.7148,0.0000,0.6993
253.797,1,6.511,-1.646,-1.795,0.0000,-0.7148,0.0000,0.6993
253.829,1,6.511,-1.646,-1.795,0.0000,-0.7148,0.0000,0.6993
253.861,1,6.511,-1.646,-1.795,0.0000,-0.7148,0.0000,0.6993
253.893,1,6.511,-1.646,-1.795,0.0000,-0.7148,0.0000,0.6993
253.926,1,6.511,-1.646,-1.795,0.0000,-0.7148,0.0000,0.6993
253.960,1,6.511,-1.646,-1.795,0.0000,-0.7148,0.0000,0.6993
254.001,1,6.511,-1.646,-1.795,0.0000,-0.7148,0.0000,0.6993
254.034,1,6.511,-1.646,-1.795,0.0000,-0.7148,0.0000,0.6993
254.066,1,6.511,-1.646,-1.795,0.0000,-0.7148,0.0000,0.6993
254.099,1,6.511,-1.646,-1.795,0.0000,-0.7148,0.0000,0.6993
254.132,1,6.511,-1.646,-1.795,0.0000,-0.7148,0.0000,0.6993
254.163,1,6.511,-1.646,-1.795,0.0000,-0.7148,0.0000,0.6993
254.195,1,6.511,-1.646,-1.795,0.0000,-0.7148,0.0000,0.6993
254.227,1,6.511,-1.646,-1.795,0.0000,-0.7148,0.0000,0.6993
254.260,1,6.511,-1.646,-1.795,0.0000,-0.7148,0.0000,0.6993
254.303,1,6.511,-1.646,-1.795,0.0000,-0.7148,0.0000,0.6993
254.327,1,6.511,-1.646,-1.795,0.0000,-0.7148,0.0000,0.6993
254.367,1,6.511,-1.646,-1.795,0.0000,-0.7148,0.0000,0.6993
254.399,1,6.511,-1.646,-1.795,0.0000,-0.7148,0.0000,0.6993
254.432,1,6.511,-1.646,-1.795,0.0000,-0.7148,0.0000,0.6993
254.466,1,6.511,-1.646,-1.795,0.0000,-0.7148,0.0000,0.6993
254.495,1,6.511,-1.646,-1.795,0.0000,-0.7148,0.0000,0.6993
254.527,1,6.511,-1.646,-1.795,0.0000,-0.7148,0.0000,0.6993
254.562,1,6.511,-1.646,-1.795,0.0000,-0.7148,0.0000,0.6993
254.603,1,6.511,-1.646,-1.795,0.0000,-0.7148,0.0000,0.6993
254.632,1,6.511,-1.646,-1.795,0.0000,-0.7148,0.0000,0.6993
254.671,1,6.511,-1.646,-1.795,0.0000,-0.7148,0.0000,0.6993
254.700,1,6.511,-1.646,-1.795,0.0000,-0.7148,0.0000,0.6993
254.729,1,6.511,-1.646,-1.795,0.0000,-0.7148,0.0000,0.6993
254.768,1,6.511,-1.646,-1.795,0.0000,-0.7148,0.0000,0.6993
254.796,1,6.511,-1.646,-1.795,0.0000,-0.7148,0.0000,0.6993
254.834,1,6.511,-1.646,-1.795,0.0000,-0.7148,0.0000,0.6993
254.863,1,6.511,-1.646,-1.795,0.0000,-0.7148,0.0000,0.6993
254.899,1,6.511,-1.646,-1.795,0.0000,-0.7148,0.0000,0.6993
254.933,1,6.511,-1.646,-1.795,0.0000,-0.7148,0.0000,0.6993
254.966,1,6.511,-1.646,-1.795,0.0000,-0.7148,0.0000,0.6993
254.998,1,6.511,-1.646,-1.795,0.0000,-0.7148,0.0000,0.6993
255.029,1,6.511,-1.646,-1.795,0.0000,-0.7148,0.0000,0.6993
255.063,1,6.511,-1.646,-1.795,0.0000,-0.7148,0.0000,0.6993
255.100,1,6.511,-1.646,-1.795,0.0000,-0.7148,0.0000,0.6993
255.132,1,6.511,-1.646,-1.795,0.0000,-0.7148,0.0000,0.6993
255.164,1,6.511,-1.646,-1.795,0.0000,-0.7148,0.0000,0.6993
255.196,1,6.511,-1.646,-1.795,0.0000,-0.7148,0.0000,0.6993
255.233,1,6.511,-1.646,-1.795,0.0000,-0.7148,0.0000,0.6993
255.262,1,6.511,-1.646,-1.795,0.0000,-0.7148,0.0000,0.6993
255.300,1,6.511,-1.646,-1.795,0.0000,-0.7148,0.0000,0.6993
255.331,1,6.511,-1.646,-1.795,0.0000,-0.7148,0.0000,0.6993
255.375,1,6.511,-1.646,-1.795,0.0000,-0.7148,0.0000,0.6993
255.402,1,6.511,-1.646,-1.795,0.0000,-0.7148,0.0000,0.6993
255.429,1,6.511,-1.646,-1.795,0.0000,-0.7148,0.0000,0.6993
255.461,1,6.511,-1.646,-1.795,0.0000,-0.7148,0.0000,0.6993
255.494,1,6.511,-1.646,-1.795,0.0000,-0.7148,0.0000,0.6993
255.527,1,6.511,-1.646,-1.795,0.0000,-0.7148,0.0000,0.6993
255.569,1,6.511,-1.646,-1.795,0.0000,-0.7148,0.0000,0.6993
255.600,1,6.511,-1.646,-1.795,0.0000,-0.7148,0.0000,0.6993
255.633,1,6.511,-1.646,-1.795,0.0000,-0.7148,0.0000,0.6993
255.678,1,6.511,-1.646,-1.795,0.0000,-0.7148,0.0000,0.6993
255.697,1,6.511,-1.646,-1.795,0.0000,-0.7148,0.0000,0.6993
255.734,1,6.511,-1.646,-1.795,0.0000,-0.7148,0.0000,0.6993
255.764,1,6.511,-1.646,-1.795,0.0000,-0.7148,0.0000,0.6993
255.796,1,6.511,-1.646,-1.795,0.0000,-0.7148,0.0000,0.6993
255.830,1,6.511,-1.646,-1.795,0.0000,-0.7148,0.0000,0.6993
255.861,1,6.511,-1.646,-1.795,0.0000,-0.7148,0.0000,0.6993
255.904,1,6.511,-1.646,-1.795,0.0000,-0.7148,0.0000,0.6993
255.936,1,6.511,-1.646,-1.795,0.0000,-0.7148,0.0000,0.6993
255.969,1,6.511,-1.646,-1.795,0.0000,-0.7148,0.0000,0.6993
256.001,1,6.511,-1.646,-1.795,0.0000,-0.7148,0.0000,0.6993
256.033,1,6.511,-1.646,-1.795,0.0000,-0.7148,0.0000,0.6993
256.065,1,6.511,-1.646,-1.795,0.0000,-0.7148,0.0000,0.6993
256.097,1,6.511,-1.646,-1.795,0.0000,-0.7148,0.0000,0.6993
256.130,1,6.511,-1.646,-1.795,0.0000,-0.7148,0.0000,0.6993
256.161,1,6.511,-1.646,-1.795,0.0000,-0.7148,0.0000,0.6993
256.194,1,6.511,-1.646,-1.795,0.0000,-0.7148,0.0000,0.6993
256.226,1,6.511,-1.646,-1.795,0.0000,-0.7148,0.0000,0.6993
256.270,1,6.511,-1.646,-1.795,0.0000,-0.7148,0.0000,0.6993
256.302,1,6.511,-1.646,-1.795,0.0000,-0.7148,0.0000,0.6993
256.329,1,6.511,-1.646,-1.795,0.0000,-0.7148,0.0000,0.6993
256.368,1,6.511,-1.646,-1.795,0.0000,-0.7148,0.0000,0.6993
256.401,1,6.511,-1.646,-1.795,0.0000,-0.7148,0.0000,0.6993
256.432,1,6.511,-1.646,-1.795,0.0000,-0.7148,0.0000,0.6993
256.466,1,6.511,-1.646,-1.795,0.0000,-0.7148,0.0000,0.6993
256.497,1,6.511,-1.646,-1.795,0.0000,-0.7148,0.0000,0.6993
256.529,1,6.511,-1.646,-1.795,0.0000,-0.7148,0.0000,0.6993
256.561,1,6.511,-1.646,-1.795,0.0000,-0.7148,0.0000,0.6993
256.593,1,6.511,-1.646,-1.795,0.0000,-0.7148,0.0000,0.6993
256.636,1,6.511,-1.646,-1.795,0.0000,-0.7148,0.0000,0.6993
256.669,1,6.511,-1.646,-1.795,0.0000,-0.7148,0.0000,0.6993
256.701,1,6.511,-1.646,-1.795,0.0000,-0.7148,0.0000,0.6993
256.733,1,6.511,-1.646,-1.795,0.0000,-0.7148,0.0000,0.6993
256.765,1,6.511,-1.646,-1.795,0.0000,-0.7148,0.0000,0.6993
256.798,1,6.511,-1.646,-1.795,0.0000,-0.7148,0.0000,0.6993
256.829,1,6.511,-1.646,-1.795,0.0000,-0.7148,0.0000,0.6993
256.862,1,6.511,-1.646,-1.795,0.0000,-0.7148,0.0000,0.6993
256.894,1,6.511,-1.646,-1.795,0.0000,-0.7148,0.0000,0.6993
256.927,1,6.511,-1.646,-1.795,0.0000,-0.7148,0.0000,0.6993
256.970,1,6.511,-1.646,-1.795,0.0000,-0.7148,0.0000,0.6993
257.002,1,6.511,-1.646,-1.795,0.0000,-0.7148,0.0000,0.6993
257.034,1,6.511,-1.646,-1.795,0.0000,-0.7148,0.0000,0.6993
257.067,1,6.511,-1.646,-1.795,0.0000,-0.7148,0.0000,0.6993
257.099,1,6.511,-1.646,-1.795,0.0000,-0.7148,0.0000,0.6993
257.132,1,6.511,-1.646,-1.795,0.0000,-0.7148,0.0000,0.6993
257.164,1,6.511,-1.646,-1.795,0.0000,-0.7148,0.0000,0.6993
257.196,1,6.511,-1.646,-1.795,0.0000,-0.7148,0.0000,0.6993
257.228,1,6.511,-1.646,-1.795,0.0000,-0.7148,0.0000,0.6993
257.260,1,6.511,-1.646,-1.795,0.0000,-0.7148,0.0000,0.6993
257.304,1,6.511,-1.646,-1.795,0.0000,-0.7148,0.0000,0.6993
257.336,1,6.511,-1.646,-1.795,0.0000,-0.7148,0.0000,0.6993
257.368,1,6.511,-1.646,-1.795,0.0000,-0.7148,0.0000,0.6993
257.401,1,6.511,-1.646,-1.795,0.0000,-0.7148,0.0000,0.6993
257.434,1,6.511,-1.646,-1.795,0.0000,-0.7148,0.0000,0.6993
257.467,1,6.511,-1.646,-1.795,0.0000,-0.7148,0.0000,0.6993
257.499,1,6.511,-1.646,-1.795,0.0000,-0.7148,0.0000,0.6993
257.532,1,6.511,-1.646,-1.795,0.0000,-0.7148,0.0000,0.6993
257.566,1,6.511,-1.646,-1.795,0.0000,-0.7148,0.0000,0.6993
257.598,1,6.511,-1.646,-1.795,0.0000,-0.7148,0.0000,0.6993
257.631,1,6.511,-1.646,-1.795,0.0000,-0.7148,0.0000,0.6993
257.663,1,6.511,-1.646,-1.795,0.0000,-0.7148,0.0000,0.6993
257.700,1,6.511,-1.646,-1.795,0.0000,-0.7148,0.0000,0.6993
257.729,1,6.511,-1.646,-1.795,0.0000,-0.7148,0.0000,0.6993
257.763,1,6.511,-1.646,-1.795,0.0000,-0.7148,0.0000,0.6993
257.794,1,6.511,-1.646,-1.795,0.0000,-0.7148,0.0000,0.6993
257.826,1,6.511,-1.646,-1.795,0.0000,-0.7148,0.0000,0.6993
257.864,1,6.511,-1.646,-1.795,0.0000,-0.7148,0.0000,0.6993
257.903,1,6.511,-1.646,-1.795,0.0000,-0.7148,0.0000,0.6993
257.932,1,6.511,-1.646,-1.795,0.0000,-0.7148,0.0000,0.6993
257.968,1,6.511,-1.646,-1.795,0.0000,-0.7148,0.0000,0.6993
257.998,1,6.511,-1.646,-1.795,0.0000,-0.7148,0.0000,0.6993
258.039,1,6.511,-1.646,-1.795,0.0000,-0.7148,0.0000,0.6993
258.078,1,6.511,-1.646,-1.795,0.0000,-0.7148,0.0000,0.6993
258.098,1,6.511,-1.646,-1.795,0.0000,-0.7148,0.0000,0.6993
258.137,1,6.511,-1.646,-1.795,0.0000,-0.7148,0.0000,0.6993
258.176,1,6.511,-1.646,-1.795,0.0000,-0.7148,0.0000,0.6993
258.195,1,6.511,-1.646,-1.795,0.0000,-0.7148,0.0000,0.6993
258.233,1,6.511,-1.646,-1.795,0.0000,-0.7148,0.0000,0.6993
258.262,1,6.511,-1.646,-1.795,0.0000,-0.7148,0.0000,0.6993
258.293,1,6.511,-1.646,-1.795,0.0000,-0.7148,0.0000,0.6993
258.332,1,6.511,-1.646,-1.795,0.0000,-0.7148,0.0000,0.6993
258.370,1,6.511,-1.646,-1.795,0.0000,-0.7148,0.0000,0.6993
258.398,1,6.511,-1.646,-1.795,0.0000,-0.7148,0.0000,0.6993
258.434,1,6.511,-1.646,-1.795,0.0000,-0.7148,0.0000,0.6993
258.464,1,6.511,-1.646,-1.795,0.0000,-0.7148,0.0000,0.6993
258.498,1,6.511,-1.646,-1.795,0.0000,-0.7148,0.0000,0.6993
258.536,1,6.511,-1.646,-1.795,0.0000,-0.7148,0.0000,0.6993
258.568,1,6.511,-1.646,-1.795,0.0000,-0.7148,0.0000,0.6993
258.599,1,6.511,-1.646,-1.795,0.0000,-0.7148,0.0000,0.6993
258.632,1,6.511,-1.646,-1.795,0.0000,-0.7148,0.0000,0.6993
258.664,1,6.511,-1.646,-1.795,0.0000,-0.7148,0.0000,0.6993
258.696,1,6.511,-1.646,-1.795,0.0000,-0.7148,0.0000,0.6993
258.727,1,6.511,-1.646,-1.795,0.0000,-0.7148,0.0000,0.6993
258.759,1,6.511,-1.646,-1.795,0.0000,-0.7148,0.0000,0.6993
258.802,1,6.511,-1.646,-1.795,0.0000,-0.7148,0.0000,0.6993
258.834,1,6.511,-1.646,-1.795,0.0000,-0.7148,0.0000,0.6993
258.866,1,6.511,-1.646,-1.795,0.0000,-0.7148,0.0000,0.6993
258.897,1,6.511,-1.646,-1.795,0.0000,-0.7148,0.0000,0.6993
258.930,1,6.511,-1.646,-1.795,0.0000,-0.7148,0.0000,0.6993
258.962,1,6.511,-1.646,-1.795,0.0000,-0.7148,0.0000,0.6993
258.994,1,6.511,-1.646,-1.795,0.0000,-0.7148,0.0000,0.6993
259.026,1,6.511,-1.646,-1.795,0.0000,-0.7148,0.0000,0.6993
259.070,1,6.511,-1.646,-1.795,0.0000,-0.7148,0.0000,0.6993
259.103,1,6.511,-1.646,-1.795,0.0000,-0.7148,0.0000,0.6993
259.133,1,6.511,-1.646,-1.795,0.0000,-0.7148,0.0000,0.6993
259.177,1,6.511,-1.646,-1.795,0.0000,-0.7148,0.0000,0.6993
259.195,1,6.511,-1.646,-1.795,0.0000,-0.7148,0.0000,0.6993
259.234,1,6.511,-1.646,-1.795,0.0000,-0.7148,0.0000,0.6993
259.267,1,6.511,-1.646,-1.795,0.0000,-0.7148,0.0000,0.6993
259.296,1,6.511,-1.646,-1.795,0.0000,-0.7148,0.0000,0.6993
259.336,1,6.511,-1.646,-1.795,0.0000,-0.7148,0.0000,0.6993
259.370,1,6.511,-1.646,-1.795,0.0000,-0.7148,0.0000,0.6993
259.402,1,6.511,-1.646,-1.795,0.0000,-0.7148,0.0000,0.6993
259.433,1,6.511,-1.646,-1.795,0.0000,-0.7148,0.0000,0.6993
259.465,1,6.511,-1.646,-1.795,0.0000,-0.7148,0.0000,0.6993
259.500,1,6.511,-1.646,-1.795,0.0000,-0.7148,0.0000,0.6993
259.531,1,6.511,-1.646,-1.795,0.0000,-0.7148,0.0000,0.6993
259.563,1,6.511,-1.646,-1.795,0.0000,-0.7148,0.0000,0.6993
259.594,1,6.511,-1.646,-1.795,0.0000,-0.7148,0.0000,0.6993
259.626,1,6.511,-1.646,-1.795,0.0000,-0.7148,0.0000,0.6993
259.668,1,6.511,-1.646,-1.795,0.0000,-0.7148,0.0000,0.6993
259.700,1,6.511,-1.646,-1.795,0.0000,-0.7148,0.0000,0.6993
259.733,1,6.511,-1.646,-1.795,0.0000,-0.7148,0.0000,0.6993
259.765,1,6.511,-1.646,-1.795,0.0000,-0.7148,0.0000,0.6993
259.799,1,6.511,-1.646,-1.795,0.0000,-0.7148,0.0000,0.6993
259.828,1,6.511,-1.646,-1.795,0.0000,-0.7148,0.0000,0.6993
259.861,1,6.511,-1.646,-1.795,0.0000,-0.7148,0.0000,0.6993
259.892,1,6.511,-1.646,-1.795,0.0000,-0.7148,0.0000,0.6993
259.927,1,6.511,-1.646,-1.795,0.0000,-0.7148,0.0000,0.6993
259.970,1,6.511,-1.646,-1.795,0.0000,-0.7148,0.0000,0.6993
259.993,1,6.511,-1.646,-1.795,0.0000,-0.7148,0.0000,0.6993
260.039,1,6.511,-1.646,-1.795,0.0000,-0.7148,0.0000,0.6993
260.067,1,6.511,-1.646,-1.795,0.0000,-0.7148,0.0000,0.6993
260.098,1,6.511,-1.646,-1.795,0.0000,-0.7148,0.0000,0.6993
260.127,1,6.511,-1.646,-1.795,0.0000,-0.7148,0.0000,0.6993
260.161,1,6.511,-1.646,-1.795,0.0000,-0.7148,0.0000,0.6993
260.202,1,6.511,-1.646,-1.795,0.0000,-0.7148,0.0000,0.6993
260.233,1,6.511,-1.646,-1.795,0.0000,-0.7148,0.0000,0.6993
260.264,1,6.511,-1.646,-1.795,0.0000,-0.7148,0.0000,0.6993
260.296,1,6.511,-1.646,-1.795,0.0000,-0.7148,0.0000,0.6993
260.329,1,6.511,-1.646,-1.795,0.0000,-0.7148,0.0000,0.6993
260.360,1,6.511,-1.646,-1.795,0.0000,-0.7148,0.0000,0.6993
260.402,1,6.511,-1.646,-1.795,0.0000,-0.7148,0.0000,0.6993
260.435,1,6.511,-1.646,-1.795,0.0000,-0.7148,0.0000,0.6993
260.461,1,6.511,-1.646,-1.795,0.0000,-0.7148,0.0000,0.6993
260.501,1,6.511,-1.646,-1.795,0.0000,-0.7148,0.0000,0.6993
260.532,1,6.511,-1.646,-1.795,0.0000,-0.7148,0.0000,0.6993
260.570,1,6.511,-1.646,-1.795,0.0000,-0.7148,0.0000,0.6993
260.603,1,6.511,-1.646,-1.795,0.0000,-0.7148,0.0000,0.6993
260.636,1,6.511,-1.646,-1.795,0.0000,-0.7148,0.0000,0.6993
260.668,1,6.511,-1.646,-1.795,0.0000,-0.7148,0.0000,0.6993
260.701,1,6.511,-1.646,-1.795,0.0000,-0.7148,0.0000,0.6993
260.733,1,6.511,-1.646,-1.795,0.0000,-0.7148,0.0000,0.6993
260.767,1,6.511,-1.646,-1.795,0.0000,-0.7148,0.0000,0.6993
260.799,1,6.511,-1.646,-1.795,0.0000,-0.7148,0.0000,0.6993
260.830,1,6.511,-1.646,-1.795,0.0000,-0.7148,0.0000,0.6993
260.864,1,6.511,-1.646,-1.795,0.0000,-0.7148,0.0000,0.6993
260.894,1,6.511,-1.646,-1.795,0.0000,-0.7148,0.0000,0.6993
260.931,1,6.511,-1.646,-1.795,0.0000,-0.7148,0.0000,0.6993
260.963,1,6.511,-1.646,-1.795,0.0000,-0.7148,0.0000,0.6993
261.001,1,6.511,-1.646,-1.795,0.0000,-0.7148,0.0000,0.6993
261.028,1,6.511,-1.646,-1.795,0.0000,-0.7148,0.0000,0.6993
261.071,1,6.511,-1.646,-1.795,0.0000,-0.7148,0.0000,0.6993
261.109,1,6.511,-1.646,-1.795,0.0000,-0.7148,0.0000,0.6993
261.129,1,6.511,-1.646,-1.795,0.0000,-0.7148,0.0000,0.6993
261.166,1,6.511,-1.646,-1.795,0.0000,-0.7148,0.0000,0.6993
261.194,1,6.511,-1.646,-1.795,0.0000,-0.7148,0.0000,0.6993
261.235,1,6.511,-1.646,-1.795,0.0000,-0.7148,0.0000,0.6993
261.266,1,6.511,-1.646,-1.795,0.0000,-0.7148,0.0000,0.6993
261.300,1,6.511,-1.646,-1.795,0.0000,-0.7148,0.0000,0.6993
261.329,1,6.511,-1.646,-1.795,0.0000,-0.7148,0.0000,0.6993
261.366,1,6.511,-1.646,-1.795,0.0000,-0.7148,0.0000,0.6993
261.394,1,6.511,-1.646,-1.795,0.0000,-0.7148,0.0000,0.6993
261.426,1,6.511,-1.646,-1.795,0.0000,-0.7148,0.0000,0.6993
261.469,1,6.511,-1.646,-1.795,0.0000,-0.7148,0.0000,0.6993
261.501,1,6.511,-1.646,-1.795,0.0000,-0.7148,0.0000,0.6993
261.532,1,6.511,-1.646,-1.795,0.0000,-0.7148,0.0000,0.6993
261.564,1,6.511,-1.646,-1.795,0.0000,-0.7148,0.0000,0.6993
261.596,1,6.511,-1.646,-1.795,0.0000,-0.7148,0.0000,0.6993
261.628,1,6.511,-1.646,-1.795,0.0000,-0.7148,0.0000,0.6993
261.660,1,6.511,-1.646,-1.795,0.0000,-0.7148,0.0000,0.6993
261.692,1,6.511,-1.646,-1.795,0.0000,-0.7148,0.0000,0.6993
261.736,1,6.511,-1.646,-1.795,0.0000,-0.7148,0.0000,0.6993
261.767,1,6.511,-1.646,-1.795,0.0000,-0.7148,0.0000,0.6993
261.800,1,6.511,-1.646,-1.795,0.0000,-0.7148,0.0000,0.6993
261.829,1,6.511,-1.646,-1.795,0.0000,-0.7148,0.0000,0.6993
261.863,1,6.511,-1.646,-1.795,0.0000,-0.7148,0.0000,0.6993
261.899,1,6.511,-1.646,-1.795,0.0000,-0.7148,0.0000,0.6993
261.930,1,6.511,-1.646,-1.795,0.0000,-0.7148,0.0000,0.6993
261.959,1,6.511,-1.646,-1.795,0.0000,-0.7148,0.0000,0.6993
262.001,1,6.511,-1.646,-1.795,0.0000,-0.7148,0.0000,0.6993
262.034,1,6.511,-1.646,-1.795,0.0000,-0.7148,0.0000,0.6993
262.064,1,6.511,-1.646,-1.795,0.0000,-0.7148,0.0000,0.6993
262.097,1,6.511,-1.646,-1.795,0.0000,-0.7148,0.0000,0.6993
262.129,1,6.511,-1.646,-1.795,0.0000,-0.7148,0.0000,0.6993
262.159,1,6.511,-1.646,-1.795,0.0000,-0.7148,0.0000,0.6993
262.192,1,6.511,-1.646,-1.795,0.0000,-0.7148,0.0000,0.6993
262.234,1,6.511,-1.646,-1.795,0.0000,-0.7148,0.0000,0.6993
262.258,1,6.511,-1.646,-1.795,0.0000,-0.7148,0.0000,0.6993
262.299,1,6.511,-1.646,-1.795,0.0000,-0.7148,0.0000,0.6993
262.329,1,6.511,-1.646,-1.795,0.0000,-0.7148,0.0000,0.6993
262.360,1,6.511,-1.646,-1.795,0.0000,-0.7148,0.0000,0.6993
262.392,1,6.511,-1.646,-1.795,0.0000,-0.7148,0.0000,0.6993
262.434,1,6.511,-1.646,-1.795,0.0000,-0.7148,0.0000,0.6993
262.466,1,6.511,-1.646,-1.795,0.0000,-0.7148,0.0000,0.6993
262.496,1,6.511,-1.646,-1.795,0.0000,-0.7148,0.0000,0.6993
262.528,1,6.511,-1.646,-1.795,0.0000,-0.7148,0.0000,0.6993
262.559,1,6.511,-1.646,-1.795,0.0000,-0.7148,0.0000,0.6993
262.593,1,6.511,-1.646,-1.795,0.0000,-0.7148,0.0000,0.6993
262.631,1,6.511,-1.646,-1.795,0.0000,-0.7148,0.0000,0.6993
262.662,1,6.511,-1.646,-1.795,0.0000,-0.7148,0.0000,0.6993
262.693,1,6.511,-1.646,-1.795,0.0000,-0.7148,0.0000,0.6993
262.735,1,6.511,-1.646,-1.795,0.0000,-0.7148,0.0000,0.6993
262.765,1,6.511,-1.646,-1.795,0.0000,-0.7148,0.0000,0.6993
262.793,1,6.511,-1.646,-1.795,0.0000,-0.7148,0.0000,0.6993
262.833,1,6.511,-1.646,-1.795,0.0000,-0.7148,0.0000,0.6993
262.864,1,6.511,-1.646,-1.795,0.0000,-0.7148,0.0000,0.6993
262.892,1,6.511,-1.646,-1.795,0.0000,-0.7148,0.0000,0.6993
262.932,1,6.511,-1.646,-1.795,0.0000,-0.7148,0.0000,0.6993
262.964,1,6.511,-1.646,-1.795,0.0000,-0.7148,0.0000,0.6993
262.995,1,6.511,-1.646,-1.795,0.0000,-0.7148,0.0000,0.6993
263.025,1,6.511,-1.646,-1.795,0.0000,-0.7148,0.0000,0.6993
263.070,1,6.511,-1.646,-1.795,0.0000,-0.7148,0.0000,0.6993
263.101,1,6.511,-1.646,-1.795,0.0000,-0.7148,0.0000,0.6993
263.131,1,6.511,-1.646,-1.795,0.0000,-0.7148,0.0000,0.6993
263.162,1,6.511,-1.646,-1.795,0.0000,-0.7148,0.0000,0.6993
263.194,1,6.511,-1.646,-1.795,0.0000,-0.7148,0.0000,0.6993
263.234,1,6.511,-1.646,-1.795,0.0000,-0.7148,0.0000,0.6993
263.266,1,6.511,-1.646,-1.795,0.0000,-0.7148,0.0000,0.6993
263.298,1,6.511,-1.646,-1.795,0.0000,-0.7148,0.0000,0.6993
263.329,1,6.511,-1.646,-1.795,0.0000,-0.7148,0.0000,0.6993
263.360,1,6.511,-1.646,-1.795,0.0000,-0.7148,0.0000,0.6993
263.402,1,6.511,-1.646,-1.795,0.0000,-0.7148,0.0000,0.6993
263.434,1,6.511,-1.646,-1.795,0.0000,-0.7148,0.0000,0.6993
263.465,1,6.511,-1.646,-1.795,0.0000,-0.7148,0.0000,0.6993
263.514,1,6.511,-1.646,-1.795,0.0000,-0.7148,0.0000,0.6993
263.534,1,6.511,-1.646,-1.795,0.0000,-0.7148,0.0000,0.6993
263.563,1,6.511,-1.646,-1.795,0.0000,-0.7148,0.0000,0.6993
263.601,1,6.511,-1.646,-1.795,0.0000,-0.7148,0.0000,0.6993
263.628,1,6.511,-1.646,-1.795,0.0000,-0.7148,0.0000,0.6993
263.664,1,6.511,-1.646,-1.795,0.0000,-0.7148,0.0000,0.6993
263.701,1,6.511,-1.646,-1.795,0.0000,-0.7148,0.0000,0.6993
263.732,1,6.511,-1.646,-1.795,0.0000,-0.7148,0.0000,0.6993
263.763,1,6.511,-1.646,-1.795,0.0000,-0.7148,0.0000,0.6993
263.796,1,6.511,-1.646,-1.795,0.0000,-0.7148,0.0000,0.6993
263.827,1,6.511,-1.646,-1.795,0.0000,-0.7148,0.0000,0.6993
263.859,1,6.511,-1.646,-1.795,0.0000,-0.7148,0.0000,0.6993
263.901,1,6.511,-1.646,-1.795,0.0000,-0.7148,0.0000,0.6993
263.934,1,6.511,-1.646,-1.795,0.0000,-0.7148,0.0000,0.6993
263.965,1,6.511,-1.646,-1.795,0.0000,-0.7148,0.0000,0.6993
263.995,1,6.511,-1.646,-1.795,0.0000,-0.7148,0.0000,0.6993
264.027,1,6.511,-1.646,-1.795,0.0000,-0.7148,0.0000,0.6993
264.058,1,6.511,-1.646,-1.795,0.0000,-0.7148,0.0000,0.6993
264.100,1,6.511,-1.646,-1.795,0.0000,-0.7148,0.0000,0.6993
264.131,1,6.511,-1.646,-1.795,0.0000,-0.7148,0.0000,0.6993
264.163,1,6.511,-1.646,-1.795,0.0000,-0.7148,0.0000,0.6993
264.194,1,6.511,-1.646,-1.795,0.0000,-0.7148,0.0000,0.6993
264.226,1,6.511,-1.646,-1.795,0.0000,-0.7148,0.0000,0.6993
264.259,1,6.511,-1.646,-1.795,0.0000,-0.7148,0.0000,0.6993
264.313,1,6.511,-1.646,-1.795,0.0000,-0.7148,0.0000,0.6993
264.334,1,6.511,-1.646,-1.795,0.0000,-0.7148,0.0000,0.6993
264.376,1,6.511,-1.646,-1.795,0.0000,-0.7148,0.0000,0.6993
264.397,1,6.511,-1.646,-1.795,0.0000,-0.7148,0.0000,0.6993
264.439,1,6.511,-1.646,-1.795,0.0000,-0.7148,0.0000,0.6993
264.460,1,6.511,-1.646,-1.795,0.0000,-0.7148,0.0000,0.6993
264.498,1,6.511,-1.646,-1.795,0.0000,-0.7148,0.0000,0.6993
264.530,1,6.511,-1.646,-1.795,0.0000,-0.7148,0.0000,0.6993
264.572,1,6.511,-1.646,-1.795,0.0000,-0.7148,0.0000,0.6993
264.605,1,6.511,-1.646,-1.795,0.0000,-0.7148,0.0000,0.6993
264.635,1,6.511,-1.646,-1.795,0.0000,-0.7148,0.0000,0.6993
264.668,1,6.511,-1.646,-1.795,0.0000,-0.7148,0.0000,0.6993
264.709,1,6.511,-1.646,-1.795,0.0000,-0.7148,0.0000,0.6993
264.729,1,6.511,-1.646,-1.795,0.0000,-0.7148,0.0000,0.6993
264.771,1,6.511,-1.646,-1.795,0.0000,-0.7148,0.0000,0.6993
264.792,1,6.511,-1.646,-1.795,0.0000,-0.7148,0.0000,0.6993
264.843,1,6.511,-1.646,-1.795,0.0000,-0.7148,0.0000,0.6993
264.865,1,6.511,-1.646,-1.795,0.0000,-0.7148,0.0000,0.6993
264.897,1,6.511,-1.646,-1.795,0.0000,-0.7148,0.0000,0.6993
264.928,1,6.511,-1.646,-1.795,0.0000,-0.7148,0.0000,0.6993
264.958,1,6.511,-1.646,-1.795,0.0000,-0.7148,0.0000,0.6993
265.010,1,6.511,-1.646,-1.795,0.0000,-0.7148,0.0000,0.6993
265.032,1,6.511,-1.646,-1.795,0.0000,-0.7148,0.0000,0.6993
265.059,1,6.511,-1.646,-1.795,0.0000,-0.7148,0.0000,0.6993
265.098,1,6.511,-1.646,-1.795,0.0000,-0.7148,0.0000,0.6993
265.127,1,6.511,-1.646,-1.795,0.0000,-0.7148,0.0000,0.6993
265.168,1,6.511,-1.646,-1.795,0.0000,-0.7148,0.0000,0.6993
265.197,1,6.511,-1.646,-1.795,0.0000,-0.7148,0.0000,0.6993
265.225,1,6.511,-1.646,-1.795,0.0000,-0.7148,0.0000,0.6993
265.265,1,6.511,-1.646,-1.795,0.0000,-0.7148,0.0000,0.6993
265.292,1,6.511,-1.646,-1.795,0.0000,-0.7148,0.0000,0.6993
265.334,1,6.511,-1.646,-1.795,0.0000,-0.7148,0.0000,0.6993
265.366,1,6.511,-1.646,-1.795,0.0000,-0.7148,0.0000,0.6993
265.398,1,6.511,-1.646,-1.795,0.0000,-0.7148,0.0000,0.6993
265.430,1,6.511,-1.646,-1.795,0.0000,-0.7148,0.0000,0.6993
265.462,1,6.511,-1.646,-1.795,0.0000,-0.7148,0.0000,0.6993
265.493,1,6.511,-1.646,-1.795,0.0000,-0.7148,0.0000,0.6993
265.525,1,6.511,-1.646,-1.795,0.0000,-0.7148,0.0000,0.6993
265.559,1,6.511,-1.646,-1.795,0.0000,-0.7148,0.0000,0.6993
265.599,1,6.511,-1.646,-1.795,0.0000,-0.7148,0.0000,0.6993
265.631,1,6.511,-1.646,-1.795,0.0000,-0.7148,0.0000,0.6993
265.662,1,6.511,-1.646,-1.795,0.0000,-0.7148,0.0000,0.6993
265.697,1,6.511,-1.646,-1.795,0.0000,-0.7148,0.0000,0.6993
265.725,1,6.511,-1.646,-1.795,0.0000,-0.7148,0.0000,0.6993
265.817,1,6.511,-1.646,-1.795,0.0000,-0.7148,0.0000,0.6993
265.817,1,6.511,-1.646,-1.795,0.0000,-0.7148,0.0000,0.6993
265.839,1,6.511,-1.646,-1.795,0.0000,-0.7148,0.0000,0.6993
265.866,1,6.511,-1.646,-1.795,0.0000,-0.7148,0.0000,0.6993
265.893,1,6.511,-1.646,-1.795,0.0000,-0.7148,0.0000,0.6993
265.931,1,6.511,-1.646,-1.795,0.0000,-0.7148,0.0000,0.6993
265.961,1,6.511,-1.646,-1.795,0.0000,-0.7148,0.0000,0.6993
265.992,1,6.511,-1.646,-1.795,0.0000,-0.7148,0.0000,0.6993
266.026,1,6.511,-1.646,-1.795,0.0000,-0.7148,0.0000,0.6993
266.065,1,6.511,-1.646,-1.795,0.0000,-0.7148,0.0000,0.6993
266.097,1,6.511,-1.646,-1.795,0.0000,-0.7148,0.0000,0.6993
266.128,1,6.511,-1.646,-1.795,0.0000,-0.7148,0.0000,0.6993
266.162,1,6.511,-1.646,-1.795,0.0000,-0.7148,0.0000,0.6993
266.200,1,6.511,-1.646,-1.795,0.0000,-0.7148,0.0000,0.6993
266.226,1,6.511,-1.646,-1.795,0.0000,-0.7148,0.0000,0.6993
266.266,1,6.511,-1.646,-1.795,0.0000,-0.7148,0.0000,0.6993
266.298,1,6.511,-1.646,-1.795,0.0000,-0.7148,0.0000,0.6993
266.329,1,6.511,-1.646,-1.795,0.0000,-0.7148,0.0000,0.6993
266.359,1,6.511,-1.646,-1.795,0.0000,-0.7148,0.0000,0.6993
266.391,1,6.511,-1.646,-1.795,0.0000,-0.7148,0.0000,0.6993
266.433,1,6.511,-1.646,-1.795,0.0000,-0.7148,0.0000,0.6993
266.465,1,6.511,-1.646,-1.795,0.0000,-0.7148,0.0000,0.6993
266.496,1,6.511,-1.646,-1.795,0.0000,-0.7148,0.0000,0.6993
266.528,1,6.511,-1.646,-1.795,0.0000,-0.7148,0.0000,0.6993
266.560,1,6.511,-1.646,-1.795,0.0000,-0.7148,0.0000,0.6993
266.591,1,6.511,-1.646,-1.795,0.0000,-0.7148,0.0000,0.6993
266.633,1,6.511,-1.646,-1.795,0.0000,-0.7148,0.0000,0.6993
266.665,1,6.511,-1.646,-1.795,0.0000,-0.7148,0.0000,0.6993
266.704,1,6.511,-1.646,-1.795,0.0000,-0.7148,0.0000,0.6993
266.734,1,6.511,-1.646,-1.795,0.0000,-0.7148,0.0000,0.6993
266.762,1,6.511,-1.646,-1.795,0.0000,-0.7148,0.0000,0.6993
266.791,1,6.511,-1.646,-1.795,0.0000,-0.7148,0.0000,0.6993
266.834,1,6.511,-1.646,-1.795,0.0000,-0.7148,0.0000,0.6993
266.865,1,6.511,-1.646,-1.795,0.0000,-0.7148,0.0000,0.6993
266.896,1,6.511,-1.646,-1.795,0.0000,-0.7148,0.0000,0.6993
266.927,1,6.511,-1.646,-1.795,0.0000,-0.7148,0.0000,0.6993
266.959,1,6.511,-1.646,-1.795,0.0000,-0.7148,0.0000,0.6993
266.991,1,6.511,-1.646,-1.795,0.0000,-0.7148,0.0000,0.6993
267.033,1,6.511,-1.646,-1.795,0.0000,-0.7148,0.0000,0.6993
267.064,1,6.511,-1.646,-1.795,0.0000,-0.7148,0.0000,0.6993
267.097,1,6.511,-1.646,-1.795,0.0000,-0.7148,0.0000,0.6993
267.127,1,6.511,-1.646,-1.795,0.0000,-0.7148,0.0000,0.6993
267.159,1,6.511,-1.646,-1.795,0.0000,-0.7148,0.0000,0.6993
267.200,1,6.511,-1.646,-1.795,0.0000,-0.7148,0.0000,0.6993
267.232,1,6.511,-1.646,-1.795,0.0000,-0.7148,0.0000,0.6993
267.265,1,6.511,-1.646,-1.795,0.0000,-0.7148,0.0000,0.6993
267.294,1,6.511,-1.646,-1.795,0.0000,-0.7148,0.0000,0.6993
267.325,1,6.511,-1.646,-1.795,0.0000,-0.7148,0.0000,0.6993
267.368,1,6.511,-1.646,-1.795,0.0000,-0.7148,0.0000,0.6993
267.398,1,6.511,-1.646,-1.795,0.0000,-0.7148,0.0000,0.6993
267.430,1,6.511,-1.646,-1.795,0.0000,-0.7148,0.0000,0.6993
267.461,1,6.511,-1.646,-1.795,0.0000,-0.7148,0.0000,0.6993
267.494,1,6.511,-1.646,-1.795,0.0000,-0.7148,0.0000,0.6993
267.524,1,6.511,-1.646,-1.795,0.0000,-0.7148,0.0000,0.6993
267.566,1,6.511,-1.646,-1.795,0.0000,-0.7148,0.0000,0.6993
267.597,1,6.511,-1.646,-1.795,0.0000,-0.7148,0.0000,0.6993
267.630,1,6.511,-1.646,-1.795,0.0000,-0.7148,0.0000,0.6993
267.661,1,6.511,-1.646,-1.795,0.0000,-0.7148,0.0000,0.6993
267.693,1,6.511,-1.646,-1.795,0.0000,-0.7148,0.0000,0.6993
267.725,1,6.511,-1.646,-1.795,0.0000,-0.7148,0.0000,0.6993
267.757,1,6.511,-1.646,-1.795,0.0000,-0.7148,0.0000,0.6993
267.799,1,6.511,-1.646,-1.795,0.0000,-0.7148,0.0000,0.6993
267.839,1,6.511,-1.646,-1.795,0.0000,-0.7148,0.0000,0.6993
267.859,1,6.511,-1.646,-1.795,0.0000,-0.7148,0.0000,0.6993
267.895,1,6.511,-1.646,-1.795,0.0000,-0.7148,0.0000,0.6993
267.927,1,6.511,-1.646,-1.795,0.0000,-0.7148,0.0000,0.6993
267.957,1,6.511,-1.646,-1.795,0.0000,-0.7148,0.0000,0.6993
267.991,1,6.511,-1.646,-1.795,0.0000,-0.7148,0.0000,0.6993
268.029,1,6.511,-1.646,-1.795,0.0000,-0.7148,0.0000,0.6993
268.059,1,6.511,-1.646,-1.795,0.0000,-0.7148,0.0000,0.6993
268.097,1,6.511,-1.646,-1.795,0.0000,-0.7148,0.0000,0.6993
268.127,1,6.511,-1.646,-1.795,0.0000,-0.7148,0.0000,0.6993
268.159,1,6.511,-1.646,-1.795,0.0000,-0.7148,0.0000,0.6993
268.191,1,6.511,-1.646,-1.795,0.0000,-0.7148,0.0000,0.6993
268.232,1,6.511,-1.646,-1.795,0.0000,-0.7148,0.0000,0.6993
268.263,1,6.511,-1.646,-1.795,0.0000,-0.7148,0.0000,0.6993
268.294,1,6.511,-1.646,-1.795,0.0000,-0.7148,0.0000,0.6993
268.327,1,6.511,-1.646,-1.795,0.0000,-0.7148,0.0000,0.6993
268.357,1,6.511,-1.646,-1.795,0.0000,-0.7148,0.0000,0.6993
268.394,1,6.511,-1.646,-1.795,0.0000,-0.7148,0.0000,0.6993
268.425,1,6.511,-1.646,-1.795,0.0000,-0.7148,0.0000,0.6993
268.468,1,6.511,-1.646,-1.795,0.0000,-0.7148,0.0000,0.6993
268.500,1,6.511,-1.646,-1.795,0.0000,-0.7148,0.0000,0.6993
268.533,1,6.511,-1.646,-1.795,0.0000,-0.7148,0.0000,0.6993
268.565,1,6.511,-1.646,-1.795,0.0000,-0.7148,0.0000,0.6993
268.599,1,6.511,-1.646,-1.795,0.0000,-0.7148,0.0000,0.6993
268.630,1,6.511,-1.646,-1.795,0.0000,-0.7148,0.0000,0.6993
268.661,1,6.511,-1.646,-1.795,0.0000,-0.7148,0.0000,0.6993
268.693,1,6.511,-1.646,-1.795,0.0000,-0.7148,0.0000,0.6993
268.725,1,6.511,-1.646,-1.795,0.0000,-0.7148,0.0000,0.6993
268.757,1,6.511,-1.646,-1.795,0.0000,-0.7148,0.0000,0.6993
268.797,1,6.511,-1.646,-1.795,0.0000,-0.7148,0.0000,0.6993
268.826,1,6.511,-1.646,-1.795,0.0000,-0.7148,0.0000,0.6993
268.858,1,6.511,-1.646,-1.795,0.0000,-0.7148,0.0000,0.6993
268.897,1,6.511,-1.646,-1.795,0.0000,-0.7148,0.0000,0.6993
268.928,1,6.511,-1.646,-1.795,0.0000,-0.7148,0.0000,0.6993
268.959,1,6.511,-1.646,-1.795,0.0000,-0.7148,0.0000,0.6993
268.991,1,6.511,-1.646,-1.795,0.0000,-0.7148,0.0000,0.6993
269.027,1,6.511,-1.646,-1.795,0.0000,-0.7148,0.0000,0.6993
269.059,1,6.511,-1.646,-1.795,0.0000,-0.7148,0.0000,0.6993
269.092,1,6.511,-1.646,-1.795,0.0000,-0.7148,0.0000,0.6993
269.125,1,6.511,-1.646,-1.795,0.0000,-0.7148,0.0000,0.6993
269.167,1,6.511,-1.646,-1.795,0.0000,-0.7148,0.0000,0.6993
269.199,1,6.511,-1.646,-1.795,0.0000,-0.7148,0.0000,0.6993
269.226,1,6.511,-1.646,-1.795,0.0000,-0.7148,0.0000,0.6993
269.259,1,6.511,-1.646,-1.795,0.0000,-0.7148,0.0000,0.6993
269.290,1,6.511,-1.646,-1.795,0.0000,-0.7148,0.0000,0.6993
269.332,1,6.511,-1.646,-1.795,0.0000,-0.7148,0.0000,0.6993
269.365,1,6.511,-1.646,-1.795,0.0000,-0.7148,0.0000,0.6993
269.395,1,6.511,-1.646,-1.795,0.0000,-0.7148,0.0000,0.6993
269.428,1,6.511,-1.646,-1.795,0.0000,-0.7148,0.0000,0.6993
269.459,1,6.511,-1.646,-1.795,0.0000,-0.7148,0.0000,0.6993
269.501,1,6.511,-1.646,-1.795,0.0000,-0.7148,0.0000,0.6993
269.533,1,6.511,-1.646,-1.795,0.0000,-0.7148,0.0000,0.6993
269.564,1,6.511,-1.646,-1.795,0.0000,-0.7148,0.0000,0.6993
269.597,1,6.511,-1.646,-1.795,0.0000,-0.7148,0.0000,0.6993
269.628,1,6.511,-1.646,-1.795,0.0000,-0.7148,0.0000,0.6993
269.661,1,6.511,-1.646,-1.795,0.0000,-0.7148,0.0000,0.6993
269.693,1,6.511,-1.646,-1.795,0.0000,-0.7148,0.0000,0.6993
269.724,1,6.511,-1.646,-1.795,0.0000,-0.7148,0.0000,0.6993
269.765,1,6.511,-1.646,-1.795,0.0000,-0.7148,0.0000,0.6993
269.798,1,6.511,-1.646,-1.795,0.0000,-0.7148,0.0000,0.6993
269.831,1,6.511,-1.646,-1.795,0.0000,-0.7148,0.0000,0.6993
269.862,1,6.511,-1.646,-1.795,0.0000,-0.7148,0.0000,0.6993
269.895,1,6.511,-1.646,-1.795,0.0000,-0.7148,0.0000,0.6993
269.926,1,6.511,-1.646,-1.795,0.0000,-0.7148,0.0000,0.6993
269.958,1,6.511,-1.646,-1.795,0.0000,-0.7148,0.0000,0.6993
269.999,1,6.511,-1.646,-1.795,0.0000,-0.7148,0.0000,0.6993
270.034,1,6.511,-1.646,-1.795,0.0000,-0.7148,0.0000,0.6993
270.064,1,6.511,-1.646,-1.795,0.0000,-0.7148,0.0000,0.6993
270.097,1,6.511,-1.646,-1.795,0.0000,-0.7148,0.0000,0.6993
270.128,1,6.511,-1.646,-1.795,0.0000,-0.7148,0.0000,0.6993
270.164,1,6.511,-1.646,-1.795,0.0000,-0.7148,0.0000,0.6993
270.194,1,6.511,-1.646,-1.795,0.0000,-0.7148,0.0000,0.6993
270.233,1,6.511,-1.646,-1.795,0.0000,-0.7148,0.0000,0.6993
270.266,1,6.511,-1.646,-1.795,0.0000,-0.7148,0.0000,0.6993
270.300,1,6.511,-1.646,-1.795,0.0000,-0.7148,0.0000,0.6993
270.337,1,6.511,-1.646,-1.795,0.0000,-0.7148,0.0000,0.6993
270.360,1,6.511,-1.646,-1.795,0.0000,-0.7148,0.0000,0.6993
270.394,1,6.511,-1.646,-1.795,0.0000,-0.7148,0.0000,0.6993
270.427,1,6.511,-1.646,-1.795,0.0000,-0.7148,0.0000,0.6993
270.466,1,6.511,-1.646,-1.795,0.0000,-0.7148,0.0000,0.6993
270.498,1,6.511,-1.646,-1.795,0.0000,-0.7148,0.0000,0.6993
270.532,1,6.511,-1.646,-1.795,0.0000,-0.7148,0.0000,0.6993
270.567,1,6.511,-1.646,-1.795,0.0000,-0.7148,0.0000,0.6993
270.596,1,6.511,-1.646,-1.795,0.0000,-0.7148,0.0000,0.6993
270.628,1,6.511,-1.646,-1.795,0.0000,-0.7148,0.0000,0.6993
270.659,1,6.511,-1.646,-1.795,0.0000,-0.7148,0.0000,0.6993
270.697,1,6.511,-1.646,-1.795,0.0000,-0.7148,0.0000,0.6993
270.729,1,6.511,-1.646,-1.795,0.0000,-0.7148,0.0000,0.6993
270.762,1,6.511,-1.646,-1.795,0.0000,-0.7148,0.0000,0.6993
270.795,1,6.511,-1.646,-1.795,0.0000,-0.7148,0.0000,0.6993
270.829,1,6.511,-1.646,-1.795,0.0000,-0.7148,0.0000,0.6993
270.860,1,6.511,-1.646,-1.795,0.0000,-0.7148,0.0000,0.6993
270.892,1,6.511,-1.646,-1.795,0.0000,-0.7148,0.0000,0.6993
270.933,1,6.511,-1.646,-1.795,0.0000,-0.7148,0.0000,0.6993
270.960,1,6.511,-1.646,-1.795,0.0000,-0.7148,0.0000,0.6993
270.997,1,6.511,-1.646,-1.795,0.0000,-0.7148,0.0000,0.6993
271.027,1,6.511,-1.646,-1.795,0.0000,-0.7148,0.0000,0.6993
271.060,1,6.511,-1.646,-1.795,0.0000,-0.7148,0.0000,0.6993
271.090,1,6.511,-1.646,-1.795,0.0000,-0.7148,0.0000,0.6993
271.125,1,6.511,-1.646,-1.795,0.0000,-0.7148,0.0000,0.6993
271.167,1,6.511,-1.646,-1.795,0.0000,-0.7148,0.0000,0.6993
271.190,1,6.511,-1.646,-1.795,0.0000,-0.7148,0.0000,0.6993
271.232,1,6.511,-1.646,-1.795,0.0000,-0.7148,0.0000,0.6993
271.256,1,6.511,-1.646,-1.795,0.0000,-0.7148,0.0000,0.6993
271.298,1,6.511,-1.646,-1.795,0.0000,-0.7148,0.0000,0.6993
271.331,1,6.511,-1.646,-1.795,0.0000,-0.7148,0.0000,0.6993
271.363,1,6.511,-1.646,-1.795,0.0000,-0.7148,0.0000,0.6993
271.396,1,6.511,-1.646,-1.795,0.0000,-0.7148,0.0000,0.6993
271.429,1,6.511,-1.646,-1.795,0.0000,-0.7148,0.0000,0.6993
271.460,1,6.511,-1.646,-1.795,0.0000,-0.7148,0.0000,0.6993
271.492,1,6.511,-1.646,-1.795,0.0000,-0.7148,0.0000,0.6993
271.524,1,6.511,-1.646,-1.795,0.0000,-0.7148,0.0000,0.6993
271.556,1,6.511,-1.646,-1.795,0.0000,-0.7148,0.0000,0.6993
271.605,1,6.511,-1.646,-1.795,0.0000,-0.7148,0.0000,0.6993
281.250,1,6.511,-1.646,-1.795,0.0000,-0.7148,0.0000,0.6993
281.250,1,6.511,-1.646,-1.795,0.0000,-0.7148,0.0000,0.6993
281.250,1,6.511,-1.646,-1.795,0.0000,-0.7148,0.0000,0.6993
281.250,1,6.511,-1.646,-1.795,0.0000,-0.7148,0.0000,0.6993
281.250,1,6.511,-1.646,-1.795,0.0000,-0.7148,0.0000,0.6993
281.250,1,6.511,-1.646,-1.795,0.0000,-0.7148,0.0000,0.6993
281.250,1,6.511,-1.646,-1.795,0.0000,-0.7148,0.0000,0.6993
281.250,1,6.511,-1.646,-1.795,0.0000,-0.7148,0.0000,0.6993
281.250,1,6.511,-1.646,-1.795,0.0000,-0.7148,0.0000,0.6993
281.250,1,6.511,-1.646,-1.795,0.0000,-0.7148,0.0000,0.6993
281.250,1,6.511,-1.646,-1.795,0.0000,-0.7148,0.0000,0.6993
281.250,1,6.511,-1.646,-1.795,0.0000,-0.7148,0.0000,0.6993
281.250,1,6.511,-1.646,-1.795,0.0000,-0.7148,0.0000,0.6993
281.250,1,6.511,-1.646,-1.795,0.0000,-0.7148,0.0000,0.6993
281.250,1,6.511,-1.646,-1.795,0.0000,-0.7148,0.0000,0.6993
281.250,1,6.511,-1.646,-1.795,0.0000,-0.7148,0.0000,0.6993
281.250,1,6.511,-1.646,-1.795,0.0000,-0.7148,0.0000,0.6993
281.250,1,6.511,-1.646,-1.795,0.0000,-0.7148,0.0000,0.6993
281.250,1,6.511,-1.646,-1.795,0.0000,-0.7148,0.0000,0.6993
281.250,1,6.511,-1.646,-1.795,0.0000,-0.7148,0.0000,0.6993
281.250,1,6.511,-1.646,-1.795,0.0000,-0.7148,0.0000,0.6993
281.250,1,6.511,-1.646,-1.795,0.0000,-0.7148,0.0000,0.6993
281.250,1,6.511,-1.646,-1.795,0.0000,-0.7148,0.0000,0.6993
281.250,1,6.511,-1.646,-1.795,0.0000,-0.7148,0.0000,0.6993
281.250,1,6.511,-1.646,-1.795,0.0000,-0.7148,0.0000,0.6993
281.250,1,6.511,-1.646,-1.795,0.0000,-0.7148,0.0000,0.6993
281.250,1,6.511,-1.646,-1.795,0.0000,-0.7148,0.0000,0.6993
281.250,1,6.511,-1.646,-1.795,0.0000,-0.7148,0.0000,0.6993
281.250,1,6.511,-1.646,-1.795,0.0000,-0.7148,0.0000,0.6993
281.250,1,6.511,-1.646,-1.795,0.0000,-0.7148,0.0000,0.6993
281.250,1,6.511,-1.646,-1.795,0.0000,-0.7148,0.0000,0.6993
281.250,1,6.511,-1.646,-1.795,0.0000,-0.7148,0.0000,0.6993
281.250,1,6.511,-1.646,-1.795,0.0000,-0.7148,0.0000,0.6993
281.250,1,6.511,-1.646,-1.795,0.0000,-0.7148,0.0000,0.6993
281.250,1,6.511,-1.646,-1.795,0.0000,-0.7148,0.0000,0.6993
281.250,1,6.511,-1.646,-1.795,0.0000,-0.7148,0.0000,0.6993
281.250,1,6.511,-1.646,-1.795,0.0000,-0.7148,0.0000,0.6993
281.250,1,6.511,-1.646,-1.795,0.0000,-0.7148,0.0000,0.6993
281.250,1,6.511,-1.646,-1.795,0.0000,-0.7148,0.0000,0.6993
281.250,1,6.511,-1.646,-1.795,0.0000,-0.7148,0.0000,0.6993
281.250,1,6.511,-1.646,-1.795,0.0000,-0.7148,0.0000,0.6993
281.250,1,6.511,-1.646,-1.795,0.0000,-0.7148,0.0000,0.6993
281.250,1,6.511,-1.646,-1.795,0.0000,-0.7148,0.0000,0.6993
281.250,1,6.511,-1.646,-1.795,0.0000,-0.7148,0.0000,0.6993
281.250,1,6.511,-1.646,-1.795,0.0000,-0.7148,0.0000,0.6993
281.250,1,6.511,-1.646,-1.795,0.0000,-0.7148,0.0000,0.6993
281.250,1,6.511,-1.646,-1.795,0.0000,-0.7148,0.0000,0.6993
281.250,1,6.511,-1.646,-1.795,0.0000,-0.7148,0.0000,0.6993
281.250,1,6.511,-1.646,-1.795,0.0000,-0.7148,0.0000,0.6993
281.250,1,6.511,-1.646,-1.795,0.0000,-0.7148,0.0000,0.6993
281.250,1,6.511,-1.646,-1.795,0.0000,-0.7148,0.0000,0.6993
281.250,1,6.511,-1.646,-1.795,0.0000,-0.7148,0.0000,0.6993
281.250,1,6.511,-1.646,-1.795,0.0000,-0.7148,0.0000,0.6993
281.250,1,6.511,-1.646,-1.795,0.0000,-0.7148,0.0000,0.6993
281.250,1,6.511,-1.646,-1.795,0.0000,-0.7148,0.0000,0.6993
281.250,1,6.511,-1.646,-1.795,0.0000,-0.7148,0.0000,0.6993
281.250,1,6.511,-1.646,-1.795,0.0000,-0.7148,0.0000,0.6993
281.250,1,6.511,-1.646,-1.795,0.0000,-0.7148,0.0000,0.6993
281.250,1,6.511,-1.646,-1.795,0.0000,-0.7148,0.0000,0.6993
281.250,1,6.511,-1.646,-1.795,0.0000,-0.7148,0.0000,0.6993
281.250,1,6.511,-1.646,-1.795,0.0000,-0.7148,0.0000,0.6993
281.250,1,6.511,-1.646,-1.795,0.0000,-0.7148,0.0000,0.6993
281.250,1,6.511,-1.646,-1.795,0.0000,-0.7148,0.0000,0.6993
281.250,1,6.511,-1.646,-1.795,0.0000,-0.7148,0.0000,0.6993
281.250,1,6.511,-1.646,-1.795,0.0000,-0.7148,0.0000,0.6993
281.250,1,6.511,-1.646,-1.795,0.0000,-0.7148,0.0000,0.6993
281.250,1,6.511,-1.646,-1.795,0.0000,-0.7148,0.0000,0.6993
281.250,1,6.511,-1.646,-1.795,0.0000,-0.7148,0.0000,0.6993
281.250,1,6.511,-1.646,-1.795,0.0000,-0.7148,0.0000,0.6993
281.250,1,6.511,-1.646,-1.795,0.0000,-0.7148,0.0000,0.6993
281.250,1,6.511,-1.646,-1.795,0.0000,-0.7148,0.0000,0.6993
281.250,1,6.511,-1.646,-1.795,0.0000,-0.7148,0.0000,0.6993
281.250,1,6.511,-1.646,-1.795,0.0000,-0.7148,0.0000,0.6993
281.250,1,6.511,-1.646,-1.795,0.0000,-0.7148,0.0000,0.6993
281.250,1,6.511,-1.646,-1.795,0.0000,-0.7148,0.0000,0.6993
281.250,1,6.511,-1.646,-1.795,0.0000,-0.7148,0.0000,0.6993
281.250,1,6.511,-1.646,-1.795,0.0000,-0.7148,0.0000,0.6993
281.250,1,6.511,-1.646,-1.795,0.0000,-0.7148,0.0000,0.6993
281.250,1,6.511,-1.646,-1.795,0.0000,-0.7148,0.0000,0.6993
281.250,1,6.511,-1.646,-1.795,0.0000,-0.7148,0.0000,0.6993
281.250,1,6.511,-1.646,-1.795,0.0000,-0.7148,0.0000,0.6993
281.250,1,6.511,-1.646,-1.795,0.0000,-0.7148,0.0000,0.6993
281.250,1,6.511,-1.646,-1.795,0.0000,-0.7148,0.0000,0.6993
281.250,1,6.511,-1.646,-1.795,0.0000,-0.7148,0.0000,0.6993
281.250,1,6.511,-1.646,-1.795,0.0000,-0.7148,0.0000,0.6993
281.250,1,6.511,-1.646,-1.795,0.0000,-0.7148,0.0000,0.6993
281.250,1,6.511,-1.646,-1.795,0.0000,-0.7148,0.0000,0.6993
281.250,1,6.511,-1.646,-1.795,0.0000,-0.7148,0.0000,0.6993
281.250,1,6.511,-1.646,-1.795,0.0000,-0.7148,0.0000,0.6993
281.250,1,6.511,-1.646,-1.795,0.0000,-0.7148,0.0000,0.6993
281.250,1,6.511,-1.646,-1.795,0.0000,-0.7148,0.0000,0.6993
281.250,1,6.511,-1.646,-1.795,0.0000,-0.7148,0.0000,0.6993
281.250,1,6.511,-1.646,-1.795,0.0000,-0.7148,0.0000,0.6993
281.250,1,6.511,-1.646,-1.795,0.0000,-0.7148,0.0000,0.6993
281.250,1,6.511,-1.646,-1.795,0.0000,-0.7148,0.0000,0.6993
281.250,1,6.511,-1.646,-1.795,0.0000,-0.7148,0.0000,0.6993
281.250,1,6.511,-1.646,-1.795,0.0000,-0.7148,0.0000,0.6993
281.250,1,6.511,-1.646,-1.795,0.0000,-0.7148,0.0000,0.6993
281.250,1,6.511,-1.646,-1.795,0.0000,-0.7148,0.0000,0.6993
281.250,1,6.511,-1.646,-1.795,0.0000,-0.7148,0.0000,0.6993
281.250,1,6.511,-1.646,-1.795,0.0000,-0.7148,0.0000,0.6993
281.250,1,6.511,-1.646,-1.795,0.0000,-0.7148,0.0000,0.6993
281.250,1,6.511,-1.646,-1.795,0.0000,-0.7148,0.0000,0.6993
281.250,1,6.511,-1.646,-1.795,0.0000,-0.7148,0.0000,0.6993
281.250,1,6.511,-1.646,-1.795,0.0000,-0.7148,0.0000,0.6993
281.250,1,6.511,-1.646,-1.795,0.0000,-0.7148,0.0000,0.6993
281.250,1,6.511,-1.646,-1.795,0.0000,-0.7148,0.0000,0.6993
281.250,1,6.511,-1.646,-1.795,0.0000,-0.7148,0.0000,0.6993
281.250,1,6.511,-1.646,-1.795,0.0000,-0.7148,0.0000,0.6993
281.250,1,6.511,-1.646,-1.795,0.0000,-0.7148,0.0000,0.6993
281.250,1,6.511,-1.646,-1.795,0.0000,-0.7148,0.0000,0.6993
281.250,1,6.511,-1.646,-1.795,0.0000,-0.7148,0.0000,0.6993
281.250,1,6.511,-1.646,-1.795,0.0000,-0.7148,0.0000,0.6993
281.250,1,6.511,-1.646,-1.795,0.0000,-0.7148,0.0000,0.6993
281.250,1,6.511,-1.646,-1.795,0.0000,-0.7148,0.0000,0.6993
281.250,1,6.511,-1.646,-1.795,0.0000,-0.7148,0.0000,0.6993
281.250,1,6.511,-1.646,-1.795,0.0000,-0.7148,0.0000,0.6993
281.250,1,6.511,-1.646,-1.795,0.0000,-0.7148,0.0000,0.6993
281.250,1,6.511,-1.646,-1.795,0.0000,-0.7148,0.0000,0.6993
281.250,1,6.511,-1.646,-1.795,0.0000,-0.7148,0.0000,0.6993
281.250,1,6.511,-1.646,-1.795,0.0000,-0.7148,0.0000,0.6993
281.250,1,6.511,-1.646,-1.795,0.0000,-0.7148,0.0000,0.6993
281.250,1,6.511,-1.646,-1.795,0.0000,-0.7148,0.0000,0.6993
281.250,1,6.511,-1.646,-1.795,0.0000,-0.7148,0.0000,0.6993
281.250,1,6.511,-1.646,-1.795,0.0000,-0.7148,0.0000,0.6993
281.250,1,6.511,-1.646,-1.795,0.0000,-0.7148,0.0000,0.6993
281.250,1,6.511,-1.646,-1.795,0.0000,-0.7148,0.0000,0.6993
281.250,1,6.511,-1.646,-1.795,0.0000,-0.7148,0.0000,0.6993
281.250,1,6.511,-1.646,-1.795,0.0000,-0.7148,0.0000,0.6993
281.250,1,6.511,-1.646,-1.795,0.0000,-0.7148,0.0000,0.6993
281.250,1,6.511,-1.646,-1.795,0.0000,-0.7148,0.0000,0.6993
281.250,1,6.511,-1.646,-1.795,0.0000,-0.7148,0.0000,0.6993
281.250,1,6.511,-1.646,-1.795,0.0000,-0.7148,0.0000,0.6993
281.250,1,6.511,-1.646,-1.795,0.0000,-0.7148,0.0000,0.6993
281.250,1,6.511,-1.646,-1.795,0.0000,-0.7148,0.0000,0.6993
281.250,1,6.511,-1.646,-1.795,0.0000,-0.7148,0.0000,0.6993
281.250,1,6.511,-1.646,-1.795,0.0000,-0.7148,0.0000,0.6993
281.250,1,6.511,-1.646,-1.795,0.0000,-0.7148,0.0000,0.6993
281.250,1,6.511,-1.646,-1.795,0.0000,-0.7148,0.0000,0.6993
281.250,1,6.511,-1.646,-1.795,0.0000,-0.7148,0.0000,0.6993
281.250,1,6.511,-1.646,-1.795,0.0000,-0.7148,0.0000,0.6993
281.250,1,6.511,-1.646,-1.795,0.0000,-0.7148,0.0000,0.6993
281.250,1,6.511,-1.646,-1.795,0.0000,-0.7148,0.0000,0.6993
281.250,1,6.511,-1.646,-1.795,0.0000,-0.7148,0.0000,0.6993
281.250,1,6.511,-1.646,-1.795,0.0000,-0.7148,0.0000,0.6993
281.250,1,6.511,-1.646,-1.795,0.0000,-0.7148,0.0000,0.6993
281.250,1,6.511,-1.646,-1.795,0.0000,-0.7148,0.0000,0.6993
281.250,1,6.511,-1.646,-1.795,0.0000,-0.7148,0.0000,0.6993
281.250,1,6.511,-1.646,-1.795,0.0000,-0.7148,0.0000,0.6993
281.250,1,6.511,-1.646,-1.795,0.0000,-0.7148,0.0000,0.6993
281.250,1,6.511,-1.646,-1.795,0.0000,-0.7148,0.0000,0.6993
281.250,1,6.511,-1.646,-1.795,0.0000,-0.7148,0.0000,0.6993
281.250,1,6.511,-1.646,-1.795,0.0000,-0.7148,0.0000,0.6993
281.250,1,6.511,-1.646,-1.795,0.0000,-0.7148,0.0000,0.6993
281.250,1,6.511,-1.646,-1.795,0.0000,-0.7148,0.0000,0.6993
281.250,1,6.511,-1.646,-1.795,0.0000,-0.7148,0.0000,0.6993
281.250,1,6.511,-1.646,-1.795,0.0000,-0.7148,0.0000,0.6993
281.250,1,6.511,-1.646,-1.795,0.0000,-0.7148,0.0000,0.6993
281.250,1,6.511,-1.646,-1.795,0.0000,-0.7148,0.0000,0.6993
281.250,1,6.511,-1.646,-1.795,0.0000,-0.7148,0.0000,0.6993
281.250,1,6.511,-1.646,-1.795,0.0000,-0.7148,0.0000,0.6993
281.250,1,6.511,-1.646,-1.795,0.0000,-0.7148,0.0000,0.6993
281.250,1,6.511,-1.646,-1.795,0.0000,-0.7148,0.0000,0.6993
281.250,1,6.511,-1.646,-1.795,0.0000,-0.7148,0.0000,0.6993
281.250,1,6.511,-1.646,-1.795,0.0000,-0.7148,0.0000,0.6993
281.250,1,6.511,-1.646,-1.795,0.0000,-0.7148,0.0000,0.6993
281.250,1,6.511,-1.646,-1.795,0.0000,-0.7148,0.0000,0.6993
281.250,1,6.511,-1.646,-1.795,0.0000,-0.7148,0.0000,0.6993
281.250,1,6.511,-1.646,-1.795,0.0000,-0.7148,0.0000,0.6993
281.250,1,6.511,-1.646,-1.795,0.0000,-0.7148,0.0000,0.6993
281.250,1,6.511,-1.646,-1.795,0.0000,-0.7148,0.0000,0.6993
281.250,1,6.511,-1.646,-1.795,0.0000,-0.7148,0.0000,0.6993
281.250,1,6.511,-1.646,-1.795,0.0000,-0.7148,0.0000,0.6993
281.250,1,6.511,-1.646,-1.795,0.0000,-0.7148,0.0000,0.6993
281.250,1,6.511,-1.646,-1.795,0.0000,-0.7148,0.0000,0.6993
281.250,1,6.511,-1.646,-1.795,0.0000,-0.7148,0.0000,0.6993
281.250,1,6.511,-1.646,-1.795,0.0000,-0.7148,0.0000,0.6993
281.250,1,6.511,-1.646,-1.795,0.0000,-0.7148,0.0000,0.6993
281.250,1,6.511,-1.646,-1.795,0.0000,-0.7148,0.0000,0.6993
281.250,1,6.511,-1.646,-1.795,0.0000,-0.7148,0.0000,0.6993
281.250,1,6.511,-1.646,-1.795,0.0000,-0.7148,0.0000,0.6993
281.250,1,6.511,-1.646,-1.795,0.0000,-0.7148,0.0000,0.6993
281.250,1,6.511,-1.646,-1.795,0.0000,-0.7148,0.0000,0.6993
281.250,1,6.511,-1.646,-1.795,0.0000,-0.7148,0.0000,0.6993
281.250,1,6.511,-1.646,-1.795,0.0000,-0.7148,0.0000,0.6993
281.250,1,6.511,-1.646,-1.795,0.0000,-0.7148,0.0000,0.6993
281.250,1,6.511,-1.646,-1.795,0.0000,-0.7148,0.0000,0.6993
281.250,1,6.511,-1.646,-1.795,0.0000,-0.7148,0.0000,0.6993
281.250,1,6.511,-1.646,-1.795,0.0000,-0.7148,0.0000,0.6993
281.250,1,6.511,-1.646,-1.795,0.0000,-0.7148,0.0000,0.6993
281.250,1,6.511,-1.646,-1.795,0.0000,-0.7148,0.0000,0.6993
281.250,1,6.511,-1.646,-1.795,0.0000,-0.7148,0.0000,0.6993
281.250,1,6.511,-1.646,-1.795,0.0000,-0.7148,0.0000,0.6993
281.250,1,6.511,-1.646,-1.795,0.0000,-0.7148,0.0000,0.6993
281.250,1,6.511,-1.646,-1.795,0.0000,-0.7148,0.0000,0.6993
281.250,1,6.511,-1.646,-1.795,0.0000,-0.7148,0.0000,0.6993
281.250,1,6.511,-1.646,-1.795,0.0000,-0.7148,0.0000,0.6993
281.250,1,6.511,-1.646,-1.795,0.0000,-0.7148,0.0000,0.6993
281.250,1,6.511,-1.646,-1.795,0.0000,-0.7148,0.0000,0.6993
281.250,1,6.511,-1.646,-1.795,0.0000,-0.7148,0.0000,0.6993
281.250,1,6.511,-1.646,-1.795,0.0000,-0.7148,0.0000,0.6993
281.250,1,6.511,-1.646,-1.795,0.0000,-0.7148,0.0000,0.6993
281.250,1,6.511,-1.646,-1.795,0.0000,-0.7148,0.0000,0.6993
281.250,1,6.511,-1.646,-1.795,0.0000,-0.7148,0.0000,0.6993
281.250,1,6.511,-1.646,-1.795,0.0000,-0.7148,0.0000,0.6993
281.250,1,6.511,-1.646,-1.795,0.0000,-0.7148,0.0000,0.6993
281.250,1,6.511,-1.646,-1.795,0.0000,-0.7148,0.0000,0.6993
281.250,1,6.511,-1.646,-1.795,0.0000,-0.7148,0.0000,0.6993
281.250,1,6.511,-1.646,-1.795,0.0000,-0.7148,0.0000,0.6993
281.250,1,6.511,-1.646,-1.795,0.0000,-0.7148,0.0000,0.6993
281.250,1,6.511,-1.646,-1.795,0.0000,-0.7148,0.0000,0.6993
281.250,1,6.511,-1.646,-1.795,0.0000,-0.7148,0.0000,0.6993
281.250,1,6.511,-1.646,-1.795,0.0000,-0.7148,0.0000,0.6993
281.250,1,6.511,-1.646,-1.795,0.0000,-0.7148,0.0000,0.6993
281.250,1,6.511,-1.646,-1.795,0.0000,-0.7148,0.0000,0.6993
281.250,1,6.511,-1.646,-1.795,0.0000,-0.7148,0.0000,0.6993
281.250,1,6.511,-1.646,-1.795,0.0000,-0.7148,0.0000,0.6993
281.250,1,6.511,-1.646,-1.795,0.0000,-0.7148,0.0000,0.6993
281.250,1,6.511,-1.646,-1.795,0.0000,-0.7148,0.0000,0.6993
281.250,1,6.511,-1.646,-1.795,0.0000,-0.7148,0.0000,0.6993
281.250,1,6.511,-1.646,-1.795,0.0000,-0.7148,0.0000,0.6993
281.250,1,6.511,-1.646,-1.795,0.0000,-0.7148,0.0000,0.6993
281.250,1,6.511,-1.646,-1.795,0.0000,-0.7148,0.0000,0.6993
281.250,1,6.511,-1.646,-1.795,0.0000,-0.7148,0.0000,0.6993
281.250,1,6.511,-1.646,-1.795,0.0000,-0.7148,0.0000,0.6993
281.250,1,6.511,-1.646,-1.795,0.0000,-0.7148,0.0000,0.6993
281.250,1,6.511,-1.646,-1.795,0.0000,-0.7148,0.0000,0.6993
281.250,1,6.511,-1.646,-1.795,0.0000,-0.7148,0.0000,0.6993
281.250,1,6.511,-1.646,-1.795,0.0000,-0.7148,0.0000,0.6993
281.250,1,6.511,-1.646,-1.795,0.0000,-0.7148,0.0000,0.6993
281.250,1,6.511,-1.646,-1.795,0.0000,-0.7148,0.0000,0.6993
281.250,1,6.511,-1.646,-1.795,0.0000,-0.7148,0.0000,0.6993
281.250,1,6.511,-1.646,-1.795,0.0000,-0.7148,0.0000,0.6993
281.250,1,6.511,-1.646,-1.795,0.0000,-0.7148,0.0000,0.6993
281.250,1,6.511,-1.646,-1.795,0.0000,-0.7148,0.0000,0.6993
281.250,1,6.511,-1.646,-1.795,0.0000,-0.7148,0.0000,0.6993
281.250,1,6.511,-1.646,-1.795,0.0000,-0.7148,0.0000,0.6993
281.250,1,6.511,-1.646,-1.795,0.0000,-0.7148,0.0000,0.6993
281.250,1,6.511,-1.646,-1.795,0.0000,-0.7148,0.0000,0.6993
281.250,1,6.511,-1.646,-1.795,0.0000,-0.7148,0.0000,0.6993
281.250,1,6.511,-1.646,-1.795,0.0000,-0.7148,0.0000,0.6993
281.250,1,6.511,-1.646,-1.795,0.0000,-0.7148,0.0000,0.6993
281.250,1,6.511,-1.646,-1.795,0.0000,-0.7148,0.0000,0.6993
281.250,1,6.511,-1.646,-1.795,0.0000,-0.7148,0.0000,0.6993
281.250,1,6.511,-1.646,-1.795,0.0000,-0.7148,0.0000,0.6993
281.250,1,6.511,-1.646,-1.795,0.0000,-0.7148,0.0000,0.6993
281.250,1,6.511,-1.646,-1.795,0.0000,-0.7148,0.0000,0.6993
281.250,1,6.511,-1.646,-1.795,0.0000,-0.7148,0.0000,0.6993
281.250,1,6.511,-1.646,-1.795,0.0000,-0.7148,0.0000,0.6993
281.250,1,6.511,-1.646,-1.795,0.0000,-0.7148,0.0000,0.6993
281.250,1,6.511,-1.646,-1.795,0.0000,-0.7148,0.0000,0.6993
281.250,1,6.511,-1.646,-1.795,0.0000,-0.7148,0.0000,0.6993
281.250,1,6.511,-1.646,-1.795,0.0000,-0.7148,0.0000,0.6993
281.250,1,6.511,-1.646,-1.795,0.0000,-0.7148,0.0000,0.6993
281.250,1,6.511,-1.646,-1.795,0.0000,-0.7148,0.0000,0.6993
281.250,1,6.511,-1.646,-1.795,0.0000,-0.7148,0.0000,0.6993
281.250,1,6.511,-1.646,-1.795,0.0000,-0.7148,0.0000,0.6993
281.250,1,6.511,-1.646,-1.795,0.0000,-0.7148,0.0000,0.6993
281.250,1,6.511,-1.646,-1.795,0.0000,-0.7148,0.0000,0.6993
281.250,1,6.511,-1.646,-1.795,0.0000,-0.7148,0.0000,0.6993
281.250,1,6.511,-1.646,-1.795,0.0000,-0.7148,0.0000,0.6993
281.250,1,6.511,-1.646,-1.795,0.0000,-0.7148,0.0000,0.6993
281.250,1,6.511,-1.646,-1.795,0.0000,-0.7148,0.0000,0.6993
281.250,1,6.511,-1.646,-1.795,0.0000,-0.7148,0.0000,0.6993
281.250,1,6.511,-1.646,-1.795,0.0000,-0.7148,0.0000,0.6993
281.250,1,6.511,-1.646,-1.795,0.0000,-0.7148,0.0000,0.6993
281.250,1,6.511,-1.646,-1.795,0.0000,-0.7148,0.0000,0.6993
281.250,1,6.511,-1.646,-1.795,0.0000,-0.7148,0.0000,0.6993
281.250,1,6.511,-1.646,-1.795,0.0000,-0.7148,0.0000,0.6993
281.250,1,6.511,-1.646,-1.795,0.0000,-0.7148,0.0000,0.6993
281.250,1,6.511,-1.646,-1.795,0.0000,-0.7148,0.0000,0.6993
281.250,1,6.511,-1.646,-1.795,0.0000,-0.7148,0.0000,0.6993
281.250,1,6.511,-1.646,-1.795,0.0000,-0.7148,0.0000,0.6993
281.250,1,6.511,-1.646,-1.795,0.0000,-0.7148,0.0000,0.6993
281.250,1,6.511,-1.646,-1.795,0.0000,-0.7148,0.0000,0.6993
281.250,1,6.511,-1.646,-1.795,0.0000,-0.7148,0.0000,0.6993
281.250,1,6.511,-1.646,-1.795,0.0000,-0.7148,0.0000,0.6993
281.250,1,6.511,-1.646,-1.795,0.0000,-0.7148,0.0000,0.6993
281.250,1,6.511,-1.646,-1.795,0.0000,-0.7148,0.0000,0.6993
281.250,1,6.511,-1.646,-1.795,0.0000,-0.7148,0.0000,0.6993
281.250,1,6.511,-1.646,-1.795,0.0000,-0.7148,0.0000,0.6993
281.250,1,6.511,-1.646,-1.795,0.0000,-0.7148,0.0000,0.6993
281.250,1,6.511,-1.646,-1.795,0.0000,-0.7148,0.0000,0.6993
281.250,1,6.511,-1.646,-1.795,0.0000,-0.7148,0.0000,0.6993
281.250,1,6.511,-1.646,-1.795,0.0000,-0.7148,0.0000,0.6993
281.250,1,6.511,-1.646,-1.795,0.0000,-0.7148,0.0000,0.6993
281.250,1,6.511,-1.646,-1.795,0.0000,-0.7148,0.0000,0.6993
281.250,1,6.511,-1.646,-1.795,0.0000,-0.7148,0.0000,0.6993
281.250,1,6.511,-1.646,-1.795,0.0000,-0.7148,0.0000,0.6993
281.268,1,6.511,-1.646,-1.795,0.0000,-0.7148,0.0000,0.6993
281.809,1,6.511,-1.646,-1.795,0.0000,-0.7148,0.0000,0.6993
281.809,1,6.511,-1.646,-1.795,0.0000,-0.7148,0.0000,0.6993
281.809,1,6.511,-1.646,-1.795,0.0000,-0.7148,0.0000,0.6993
281.809,1,6.511,-1.646,-1.795,0.0000,-0.7148,0.0000,0.6993
281.809,1,6.511,-1.646,-1.795,0.0000,-0.7148,0.0000,0.6993
281.809,1,6.511,-1.646,-1.795,0.0000,-0.7148,0.0000,0.6993
281.809,1,6.511,-1.646,-1.795,0.0000,-0.7148,0.0000,0.6993
281.809,1,6.511,-1.646,-1.795,0.0000,-0.7148,0.0000,0.6993
281.809,1,6.511,-1.646,-1.795,0.0000,-0.7148,0.0000,0.6993
281.809,1,6.511,-1.646,-1.795,0.0000,-0.7148,0.0000,0.6993
281.809,1,6.511,-1.646,-1.795,0.0000,-0.7148,0.0000,0.6993
281.809,1,6.511,-1.646,-1.795,0.0000,-0.7148,0.0000,0.6993
281.809,1,6.511,-1.646,-1.795,0.0000,-0.7148,0.0000,0.6993
281.809,1,6.511,-1.646,-1.795,0.0000,-0.7148,0.0000,0.6993
281.809,1,6.511,-1.646,-1.795,0.0000,-0.7148,0.0000,0.6993
281.809,1,6.511,-1.646,-1.795,0.0000,-0.7148,0.0000,0.6993
281.867,1,6.511,-1.646,-1.795,0.0000,-0.7148,0.0000,0.6993
281.867,1,6.511,-1.646,-1.795,0.0000,-0.7148,0.0000,0.6993
281.896,1,6.511,-1.646,-1.795,0.0000,-0.7148,0.0000,0.6993
281.922,1,6.511,-1.646,-1.795,0.0000,-0.7148,0.0000,0.6993
281.964,1,6.511,-1.646,-1.795,0.0000,-0.7148,0.0000,0.6993
281.998,1,6.511,-1.646,-1.795,0.0000,-0.7148,0.0000,0.6993
282.029,1,6.511,-1.646,-1.795,0.0000,-0.7148,0.0000,0.6993
282.055,1,6.511,-1.646,-1.795,0.0000,-0.7148,0.0000,0.6993
282.094,1,6.511,-1.646,-1.795,0.0000,-0.7148,0.0000,0.6993
282.125,1,6.511,-1.646,-1.795,0.0000,-0.7148,0.0000,0.6993
282.156,1,6.511,-1.646,-1.795,0.0000,-0.7148,0.0000,0.6993
282.188,1,6.511,-1.646,-1.795,0.0000,-0.7148,0.0000,0.6993
282.231,1,6.511,-1.646,-1.795,0.0000,-0.7148,0.0000,0.6993
282.263,1,6.511,-1.646,-1.795,0.0000,-0.7148,0.0000,0.6993
282.295,1,6.511,-1.646,-1.795,0.0000,-0.7148,0.0000,0.6993
282.326,1,6.511,-1.646,-1.795,0.0000,-0.7148,0.0000,0.6993
282.360,1,6.511,-1.646,-1.795,0.0000,-0.7148,0.0000,0.6993
282.390,1,6.511,-1.646,-1.795,0.0000,-0.7148,0.0000,0.6993
282.423,1,6.511,-1.646,-1.795,0.0000,-0.7148,0.0000,0.6993
282.455,1,6.511,-1.646,-1.795,0.0000,-0.7148,0.0000,0.6993
282.487,1,6.511,-1.646,-1.795,0.0000,-0.7148,0.0000,0.6993
282.524,1,6.511,-1.646,-1.795,0.0000,-0.7148,0.0000,0.6993
282.555,1,6.511,-1.646,-1.795,0.0000,-0.7148,0.0000,0.6993
282.597,1,6.511,-1.646,-1.795,0.0000,-0.7148,0.0000,0.6993
282.626,1,6.511,-1.646,-1.795,0.0000,-0.7148,0.0000,0.6993
282.658,1,6.511,-1.646,-1.795,0.0000,-0.7148,0.0000,0.6993
282.690,1,6.511,-1.646,-1.795,0.0000,-0.7148,0.0000,0.6993
282.722,1,6.511,-1.646,-1.795,0.0000,-0.7148,0.0000,0.6993
282.754,1,6.511,-1.646,-1.795,0.0000,-0.7148,0.0000,0.6993
282.787,1,6.511,-1.646,-1.795,0.0000,-0.7148,0.0000,0.6993
282.829,1,6.511,-1.646,-1.795,0.0000,-0.7148,0.0000,0.6993
282.862,1,6.511,-1.646,-1.795,0.0000,-0.7148,0.0000,0.6993
282.890,1,6.511,-1.646,-1.795,0.0000,-0.7148,0.0000,0.6993
282.928,1,6.511,-1.646,-1.795,0.0000,-0.7148,0.0000,0.6993
282.959,1,6.511,-1.646,-1.795,0.0000,-0.7148,0.0000,0.6993
282.992,1,6.511,-1.646,-1.795,0.0000,-0.7148,0.0000,0.6993
283.025,1,6.511,-1.646,-1.795,0.0000,-0.7148,0.0000,0.6993
283.057,1,6.511,-1.646,-1.795,0.0000,-0.7148,0.0000,0.6993
283.089,1,6.511,-1.646,-1.795,0.0000,-0.7148,0.0000,0.6993
283.121,1,6.511,-1.646,-1.795,0.0000,-0.7148,0.0000,0.6993
283.160,1,6.511,-1.646,-1.795,0.0000,-0.7148,0.0000,0.6993
283.188,1,6.511,-1.646,-1.795,0.0000,-0.7148,0.0000,0.6993
283.230,1,6.511,-1.646,-1.795,0.0000,-0.7148,0.0000,0.6993
283.264,1,6.511,-1.646,-1.795,0.0000,-0.7148,0.0000,0.6993
283.295,1,6.511,-1.646,-1.795,0.0000,-0.7148,0.0000,0.6993
283.327,1,6.511,-1.646,-1.795,0.0000,-0.7148,0.0000,0.6993
283.358,1,6.511,-1.646,-1.795,0.0000,-0.7148,0.0000,0.6993
283.390,1,6.511,-1.646,-1.795,0.0000,-0.7148,0.0000,0.6993
283.424,1,6.511,-1.646,-1.795,0.0000,-0.7148,0.0000,0.6993
283.462,1,6.511,-1.646,-1.795,0.0000,-0.7148,0.0000,0.6993
283.491,1,6.511,-1.646,-1.795,0.0000,-0.7148,0.0000,0.6993
283.522,1,6.511,-1.646,-1.795,0.0000,-0.7148,0.0000,0.6993
283.554,1,6.511,-1.646,-1.795,0.0000,-0.7148,0.0000,0.6993
283.587,1,6.511,-1.646,-1.795,0.0000,-0.7148,0.0000,0.6993
283.630,1,6.511,-1.646,-1.795,0.0000,-0.7148,0.0000,0.6993
283.657,1,6.511,-1.646,-1.795,0.0000,-0.7148,0.0000,0.6993
283.690,1,6.511,-1.646,-1.795,0.0000,-0.7148,0.0000,0.6993
283.729,1,6.511,-1.646,-1.795,0.0000,-0.7148,0.0000,0.6993
283.761,1,6.511,-1.646,-1.795,0.0000,-0.7148,0.0000,0.6993
283.793,1,6.511,-1.646,-1.795,0.0000,-0.7148,0.0000,0.6993
283.825,1,6.511,-1.646,-1.795,0.0000,-0.7148,0.0000,0.6993
283.856,1,6.511,-1.646,-1.795,0.0000,-0.7148,0.0000,0.6993
283.888,1,6.511,-1.646,-1.795,0.0000,-0.7148,0.0000,0.6993
283.921,1,6.511,-1.646,-1.795,0.0000,-0.7148,0.0000,0.6993
283.953,1,6.511,-1.646,-1.795,0.0000,-0.7148,0.0000,0.6993
283.994,1,6.511,-1.646,-1.795,0.0000,-0.7148,0.0000,0.6993
284.027,1,6.511,-1.646,-1.795,0.0000,-0.7148,0.0000,0.6993
284.058,1,6.511,-1.646,-1.795,0.0000,-0.7148,0.0000,0.6993
284.090,1,6.511,-1.646,-1.795,0.0000,-0.7148,0.0000,0.6993
284.120,1,6.511,-1.646,-1.795,0.0000,-0.7148,0.0000,0.6993
284.160,1,6.511,-1.646,-1.795,0.0000,-0.7148,0.0000,0.6993
284.192,1,6.511,-1.646,-1.795,0.0000,-0.7148,0.0000,0.6993
284.222,1,6.511,-1.646,-1.795,0.0000,-0.7148,0.0000,0.6993
284.254,1,6.511,-1.646,-1.795,0.0000,-0.7148,0.0000,0.6993
284.287,1,6.511,-1.646,-1.795,0.0000,-0.7148,0.0000,0.6993
284.326,1,6.511,-1.646,-1.795,0.0000,-0.7148,0.0000,0.6993
284.355,1,6.511,-1.646,-1.795,0.0000,-0.7148,0.0000,0.6993
284.387,1,6.511,-1.646,-1.795,0.0000,-0.7148,0.0000,0.6993
284.428,1,6.511,-1.646,-1.795,0.0000,-0.7148,0.0000,0.6993
284.460,1,6.511,-1.646,-1.795,0.0000,-0.7148,0.0000,0.6993
284.488,1,6.511,-1.646,-1.795,0.0000,-0.7148,0.0000,0.6993
284.530,1,6.511,-1.646,-1.795,0.0000,-0.7148,0.0000,0.6993
284.559,1,6.511,-1.646,-1.795,0.0000,-0.7148,0.0000,0.6993
284.591,1,6.511,-1.646,-1.795,0.0000,-0.7148,0.0000,0.6993
284.621,1,6.511,-1.646,-1.795,0.0000,-0.7148,0.0000,0.6993
284.662,1,6.511,-1.646,-1.795,0.0000,-0.7148,0.0000,0.6993
284.693,1,6.511,-1.646,-1.795,0.0000,-0.7148,0.0000,0.6993
284.727,1,6.511,-1.646,-1.795,0.0000,-0.7148,0.0000,0.6993
284.754,1,6.511,-1.646,-1.795,0.0000,-0.7148,0.0000,0.6993
284.794,1,6.511,-1.646,-1.795,0.0000,-0.7148,0.0000,0.6993
284.826,1,6.511,-1.646,-1.795,0.0000,-0.7148,0.0000,0.6993
284.857,1,6.511,-1.646,-1.795,0.0000,-0.7148,0.0000,0.6993
284.893,1,6.511,-1.646,-1.795,0.0000,-0.7148,0.0000,0.6993
284.922,1,6.511,-1.646,-1.795,0.0000,-0.7148,0.0000,0.6993
284.960,1,6.511,-1.646,-1.795,0.0000,-0.7148,0.0000,0.6993
284.991,1,6.511,-1.646,-1.795,0.0000,-0.7148,0.0000,0.6993
285.022,1,6.511,-1.646,-1.795,0.0000,-0.7148,0.0000,0.6993
285.054,1,6.511,-1.646,-1.795,0.0000,-0.7148,0.0000,0.6993
285.086,1,6.511,-1.646,-1.795,0.0000,-0.7148,0.0000,0.6993
285.128,1,6.511,-1.646,-1.795,0.0000,-0.7148,0.0000,0.6993
285.160,1,6.511,-1.646,-1.795,0.0000,-0.7148,0.0000,0.6993
285.191,1,6.511,-1.646,-1.795,0.0000,-0.7148,0.0000,0.6993
285.225,1,6.511,-1.646,-1.795,0.0000,-0.7148,0.0000,0.6993
285.257,1,6.511,-1.646,-1.795,0.0000,-0.7148,0.0000,0.6993
285.288,1,6.511,-1.646,-1.795,0.0000,-0.7148,0.0000,0.6993
285.325,1,6.511,-1.646,-1.795,0.0000,-0.7148,0.0000,0.6993
285.354,1,6.511,-1.646,-1.795,0.0000,-0.7148,0.0000,0.6993
285.395,1,6.511,-1.646,-1.795,0.0000,-0.7148,0.0000,0.6993
285.426,1,6.511,-1.646,-1.795,0.0000,-0.7148,0.0000,0.6993
285.458,1,6.511,-1.646,-1.795,0.0000,-0.7148,0.0000,0.6993
285.488,1,6.511,-1.646,-1.795,0.0000,-0.7148,0.0000,0.6993
285.519,1,6.511,-1.646,-1.795,0.0000,-0.7148,0.0000,0.6993
285.553,1,6.511,-1.646,-1.795,0.0000,-0.7148,0.0000,0.6993
285.593,1,6.511,-1.646,-1.795,0.0000,-0.7148,0.0000,0.6993
285.622,1,6.511,-1.646,-1.795,0.0000,-0.7148,0.0000,0.6993
285.659,1,6.511,-1.646,-1.795,0.0000,-0.7148,0.0000,0.6993
285.691,1,6.511,-1.646,-1.795,0.0000,-0.7148,0.0000,0.6993
285.721,1,6.511,-1.646,-1.795,0.0000,-0.7148,0.0000,0.6993
285.753,1,6.511,-1.646,-1.795,0.0000,-0.7148,0.0000,0.6993
285.797,1,6.511,-1.646,-1.795,0.0000,-0.7148,0.0000,0.6993
285.830,1,6.511,-1.646,-1.795,0.0000,-0.7148,0.0000,0.6993
285.862,1,6.511,-1.646,-1.795,0.0000,-0.7148,0.0000,0.6993
285.896,1,6.511,-1.646,-1.795,0.0000,-0.7148,0.0000,0.6993
285.925,1,6.511,-1.646,-1.795,0.0000,-0.7148,0.0000,0.6993
285.958,1,6.511,-1.646,-1.795,0.0000,-0.7148,0.0000,0.6993
285.991,1,6.511,-1.646,-1.795,0.0000,-0.7148,0.0000,0.6993
286.027,1,6.511,-1.646,-1.795,0.0000,-0.7148,0.0000,0.6993
286.061,1,6.511,-1.646,-1.795,0.0000,-0.7148,0.0000,0.6993
286.091,1,6.511,-1.646,-1.795,0.0000,-0.7148,0.0000,0.6993
286.122,1,6.511,-1.646,-1.795,0.0000,-0.7148,0.0000,0.6993
286.154,1,6.511,-1.646,-1.795,0.0000,-0.7148,0.0000,0.6993
286.188,1,6.511,-1.646,-1.795,0.0000,-0.7148,0.0000,0.6993
286.222,1,6.511,-1.646,-1.795,0.0000,-0.7148,0.0000,0.6993
286.258,1,6.511,-1.646,-1.795,0.0000,-0.7148,0.0000,0.6993
286.291,1,6.511,-1.646,-1.795,0.0000,-0.7148,0.0000,0.6993
286.323,1,6.511,-1.646,-1.795,0.0000,-0.7148,0.0000,0.6993
286.364,1,6.511,-1.646,-1.795,0.0000,-0.7148,0.0000,0.6993
286.386,1,6.511,-1.646,-1.795,0.0000,-0.7148,0.0000,0.6993
286.430,1,6.511,-1.646,-1.795,0.0000,-0.7148,0.0000,0.6993
286.461,1,6.511,-1.646,-1.795,0.0000,-0.7148,0.0000,0.6993
286.493,1,6.511,-1.646,-1.795,0.0000,-0.7148,0.0000,0.6993
286.530,1,6.511,-1.646,-1.795,0.0000,-0.7148,0.0000,0.6993
286.555,1,6.511,-1.646,-1.795,0.0000,-0.7148,0.0000,0.6993
286.594,1,6.511,-1.646,-1.795,0.0000,-0.7148,0.0000,0.6993
286.628,1,6.511,-1.646,-1.795,0.0000,-0.7148,0.0000,0.6993
286.661,1,6.511,-1.646,-1.795,0.0000,-0.7148,0.0000,0.6993
286.698,1,6.511,-1.646,-1.795,0.0000,-0.7148,0.0000,0.6993
286.723,1,6.511,-1.646,-1.795,0.0000,-0.7148,0.0000,0.6993
286.763,1,6.511,-1.646,-1.795,0.0000,-0.7148,0.0000,0.6993
286.798,1,6.511,-1.646,-1.795,0.0000,-0.7148,0.0000,0.6993
286.821,1,6.511,-1.646,-1.795,0.0000,-0.7148,0.0000,0.6993
286.855,1,6.511,-1.646,-1.795,0.0000,-0.7148,0.0000,0.6993
286.889,1,6.511,-1.646,-1.795,0.0000,-0.7148,0.0000,0.6993
286.924,1,6.511,-1.646,-1.795,0.0000,-0.7148,0.0000,0.6993
286.958,1,6.511,-1.646,-1.795,0.0000,-0.7148,0.0000,0.6993
286.992,1,6.511,-1.646,-1.795,0.0000,-0.7148,0.0000,0.6993
287.023,1,6.511,-1.646,-1.795,0.0000,-0.7148,0.0000,0.6993
287.054,1,6.511,-1.646,-1.795,0.0000,-0.7148,0.0000,0.6993
287.086,1,6.511,-1.646,-1.795,0.0000,-0.7148,0.0000,0.6993
287.120,1,6.511,-1.646,-1.795,0.0000,-0.7148,0.0000,0.6993
287.154,1,6.511,-1.646,-1.795,0.0000,-0.7148,0.0000,0.6993
287.192,1,6.511,-1.646,-1.795,0.0000,-0.7148,0.0000,0.6993
287.220,1,6.511,-1.646,-1.795,0.0000,-0.7148,0.0000,0.6993
287.259,1,6.511,-1.646,-1.795,0.0000,-0.7148,0.0000,0.6993
287.291,1,6.511,-1.646,-1.795,0.0000,-0.7148,0.0000,0.6993
287.325,1,6.511,-1.646,-1.795,0.0000,-0.7148,0.0000,0.6993
287.356,1,6.511,-1.646,-1.795,0.0000,-0.7148,0.0000,0.6993
287.389,1,6.511,-1.646,-1.795,0.0000,-0.7148,0.0000,0.6993
287.420,1,6.511,-1.646,-1.795,0.0000,-0.7148,0.0000,0.6993
287.456,1,6.511,-1.646,-1.795,0.0000,-0.7148,0.0000,0.6993
287.492,1,6.511,-1.646,-1.795,0.0000,-0.7148,0.0000,0.6993
287.524,1,6.511,-1.646,-1.795,0.0000,-0.7148,0.0000,0.6993
287.555,1,6.511,-1.646,-1.795,0.0000,-0.7148,0.0000,0.6993
287.586,1,6.511,-1.646,-1.795,0.0000,-0.7148,0.0000,0.6993
287.628,1,6.511,-1.646,-1.795,0.0000,-0.7148,0.0000,0.6993
287.660,1,6.511,-1.646,-1.795,0.0000,-0.7148,0.0000,0.6993
287.690,1,6.511,-1.646,-1.795,0.0000,-0.7148,0.0000,0.6993
287.722,1,6.511,-1.646,-1.795,0.0000,-0.7148,0.0000,0.6993
287.753,1,6.511,-1.646,-1.795,0.0000,-0.7148,0.0000,0.6993
287.796,1,6.511,-1.646,-1.795,0.0000,-0.7148,0.0000,0.6993
287.827,1,6.511,-1.646,-1.795,0.0000,-0.7148,0.0000,0.6993
287.858,1,6.511,-1.646,-1.795,0.0000,-0.7148,0.0000,0.6993
287.889,1,6.511,-1.646,-1.795,0.0000,-0.7148,0.0000,0.6993
287.919,1,6.511,-1.646,-1.795,0.0000,-0.7148,0.0000,0.6993
287.953,1,6.511,-1.646,-1.795,0.0000,-0.7148,0.0000,0.6993
287.987,1,6.511,-1.646,-1.795,0.0000,-0.7148,0.0000,0.6993
288.024,1,6.511,-1.646,-1.795,0.0000,-0.7148,0.0000,0.6993
288.056,1,6.511,-1.646,-1.795,0.0000,-0.7148,0.0000,0.6993
288.087,1,6.511,-1.646,-1.795,0.0000,-0.7148,0.0000,0.6993
288.127,1,6.511,-1.646,-1.795,0.0000,-0.7148,0.0000,0.6993
288.158,1,6.511,-1.646,-1.795,0.0000,-0.7148,0.0000,0.6993
288.187,1,6.511,-1.646,-1.795,0.0000,-0.7148,0.0000,0.6993
288.229,1,6.511,-1.646,-1.795,0.0000,-0.7148,0.0000,0.6993
288.259,1,6.511,-1.646,-1.795,0.0000,-0.7148,0.0000,0.6993
288.291,1,6.511,-1.646,-1.795,0.0000,-0.7148,0.0000,0.6993
288.321,1,6.511,-1.646,-1.795,0.0000,-0.7148,0.0000,0.6993
288.353,1,6.511,-1.646,-1.795,0.0000,-0.7148,0.0000,0.6993
288.394,1,6.511,-1.646,-1.795,0.0000,-0.7148,0.0000,0.6993
288.425,1,6.511,-1.646,-1.795,0.0000,-0.7148,0.0000,0.6993
288.457,1,6.511,-1.646,-1.795,0.0000,-0.7148,0.0000,0.6993
288.490,1,6.511,-1.646,-1.795,0.0000,-0.7148,0.0000,0.6993
288.519,1,6.511,-1.646,-1.795,0.0000,-0.7148,0.0000,0.6993
288.559,1,6.511,-1.646,-1.795,0.0000,-0.7148,0.0000,0.6993
288.592,1,6.511,-1.646,-1.795,0.0000,-0.7148,0.0000,0.6993
288.622,1,6.511,-1.646,-1.795,0.0000,-0.7148,0.0000,0.6993
288.653,1,6.511,-1.646,-1.795,0.0000,-0.7148,0.0000,0.6993
288.694,1,6.511,-1.646,-1.795,0.0000,-0.7148,0.0000,0.6993
288.719,1,6.511,-1.646,-1.795,0.0000,-0.7148,0.0000,0.6993
288.758,1,6.511,-1.646,-1.795,0.0000,-0.7148,0.0000,0.6993
288.787,1,6.511,-1.646,-1.795,0.0000,-0.7148,0.0000,0.6993
288.819,1,6.511,-1.646,-1.795,0.0000,-0.7148,0.0000,0.6993
288.860,1,6.511,-1.646,-1.795,0.0000,-0.7148,0.0000,0.6993
288.891,1,6.511,-1.646,-1.795,0.0000,-0.7148,0.0000,0.6993
288.923,1,6.511,-1.646,-1.795,0.0000,-0.7148,0.0000,0.6993
288.954,1,6.511,-1.646,-1.795,0.0000,-0.7148,0.0000,0.6993
288.995,1,6.511,-1.646,-1.795,0.0000,-0.7148,0.0000,0.6993
289.026,1,6.511,-1.646,-1.795,0.0000,-0.7148,0.0000,0.6993
289.056,1,6.511,-1.646,-1.795,0.0000,-0.7148,0.0000,0.6993
289.087,1,6.511,-1.646,-1.795,0.0000,-0.7148,0.0000,0.6993
289.119,1,6.511,-1.646,-1.795,0.0000,-0.7148,0.0000,0.6993
289.160,1,6.511,-1.646,-1.795,0.0000,-0.7148,0.0000,0.6993
289.190,1,6.511,-1.646,-1.795,0.0000,-0.7148,0.0000,0.6993
289.220,1,6.511,-1.646,-1.795,0.0000,-0.7148,0.0000,0.6993
289.262,1,6.511,-1.646,-1.795,0.0000,-0.7148,0.0000,0.6993
289.294,1,6.511,-1.646,-1.795,0.0000,-0.7148,0.0000,0.6993
289.324,1,6.511,-1.646,-1.795,0.0000,-0.7148,0.0000,0.6993
289.354,1,6.511,-1.646,-1.795,0.0000,-0.7148,0.0000,0.6993
289.385,1,6.511,-1.646,-1.795,0.0000,-0.7148,0.0000,0.6993
289.426,1,6.511,-1.646,-1.795,0.0000,-0.7148,0.0000,0.6993
289.458,1,6.511,-1.646,-1.795,0.0000,-0.7148,0.0000,0.6993
289.489,1,6.511,-1.646,-1.795,0.0000,-0.7148,0.0000,0.6993
289.520,1,6.511,-1.646,-1.795,0.0000,-0.7148,0.0000,0.6993
289.562,1,6.511,-1.646,-1.795,0.0000,-0.7148,0.0000,0.6993
289.593,1,6.511,-1.646,-1.795,0.0000,-0.7148,0.0000,0.6993
289.624,1,6.511,-1.646,-1.795,0.0000,-0.7148,0.0000,0.6993
289.660,1,6.511,-1.646,-1.795,0.0000,-0.7148,0.0000,0.6993
289.687,1,6.511,-1.646,-1.795,0.0000,-0.7148,0.0000,0.6993
289.727,1,6.511,-1.646,-1.795,0.0000,-0.7148,0.0000,0.6993
289.759,1,6.511,-1.646,-1.795,0.0000,-0.7148,0.0000,0.6993
289.785,1,6.511,-1.646,-1.795,0.0000,-0.7148,0.0000,0.6993
289.819,1,6.511,-1.646,-1.795,0.0000,-0.7148,0.0000,0.6993
289.852,1,6.511,-1.646,-1.795,0.0000,-0.7148,0.0000,0.6993
289.895,1,6.511,-1.646,-1.795,0.0000,-0.7148,0.0000,0.6993
289.926,1,6.511,-1.646,-1.795,0.0000,-0.7148,0.0000,0.6993
289.957,1,6.511,-1.646,-1.795,0.0000,-0.7148,0.0000,0.6993
289.986,1,6.511,-1.646,-1.795,0.0000,-0.7148,0.0000,0.6993
290.024,1,6.511,-1.646,-1.795,0.0000,-0.7148,0.0000,0.6993
290.054,1,6.511,-1.646,-1.795,0.0000,-0.7148,0.0000,0.6993
290.092,1,6.511,-1.646,-1.795,0.0000,-0.7148,0.0000,0.6993
290.124,1,6.511,-1.646,-1.795,0.0000,-0.7148,0.0000,0.6993
290.156,1,6.511,-1.646,-1.795,0.0000,-0.7148,0.0000,0.6993
290.186,1,6.511,-1.646,-1.795,0.0000,-0.7148,0.0000,0.6993
290.224,1,6.511,-1.646,-1.795,0.0000,-0.7148,0.0000,0.6993
290.256,1,6.511,-1.646,-1.795,0.0000,-0.7148,0.0000,0.6993
290.287,1,6.511,-1.646,-1.795,0.0000,-0.7148,0.0000,0.6993
290.328,1,6.511,-1.646,-1.795,0.0000,-0.7148,0.0000,0.6993
290.361,1,6.511,-1.646,-1.795,0.0000,-0.7148,0.0000,0.6993
290.392,1,6.511,-1.646,-1.795,0.0000,-0.7148,0.0000,0.6993
290.423,1,6.511,-1.646,-1.795,0.0000,-0.7148,0.0000,0.6993
290.454,1,6.511,-1.646,-1.795,0.0000,-0.7148,0.0000,0.6993
290.486,1,6.511,-1.646,-1.795,0.0000,-0.7148,0.0000,0.6993
290.527,1,6.511,-1.646,-1.795,0.0000,-0.7148,0.0000,0.6993
290.558,1,6.511,-1.646,-1.795,0.0000,-0.7148,0.0000,0.6993
290.589,1,6.511,-1.646,-1.795,0.0000,-0.7148,0.0000,0.6993
290.620,1,6.511,-1.646,-1.795,0.0000,-0.7148,0.0000,0.6993
290.652,1,6.511,-1.646,-1.795,0.0000,-0.7148,0.0000,0.6993
290.695,1,6.511,-1.646,-1.795,0.0000,-0.7148,0.0000,0.6993
290.724,1,6.511,-1.646,-1.795,0.0000,-0.7148,0.0000,0.6993
290.756,1,6.511,-1.646,-1.795,0.0000,-0.7148,0.0000,0.6993
290.787,1,6.511,-1.646,-1.795,0.0000,-0.7148,0.0000,0.6993
290.819,1,6.511,-1.646,-1.795,0.0000,-0.7148,0.0000,0.6993
290.852,1,6.511,-1.646,-1.795,0.0000,-0.7148,0.0000,0.6993
290.885,1,6.511,-1.646,-1.795,0.0000,-0.7148,0.0000,0.6993
290.918,1,6.511,-1.646,-1.795,0.0000,-0.7148,0.0000,0.6993
290.961,1,6.511,-1.646,-1.795,0.0000,-0.7148,0.0000,0.6993
290.994,1,6.511,-1.646,-1.795,0.0000,-0.7148,0.0000,0.6993
291.024,1,6.511,-1.646,-1.795,0.0000,-0.7148,0.0000,0.6993
291.052,1,6.511,-1.646,-1.795,0.0000,-0.7148,0.0000,0.6993
291.089,1,6.511,-1.646,-1.795,0.0000,-0.7148,0.0000,0.6993
291.122,1,6.511,-1.646,-1.795,0.0000,-0.7148,0.0000,0.6993
291.153,1,6.511,-1.646,-1.795,0.0000,-0.7148,0.0000,0.6993
291.195,1,6.511,-1.646,-1.795,0.0000,-0.7148,0.0000,0.6993
291.225,1,6.511,-1.646,-1.795,0.0000,-0.7148,0.0000,0.6993
291.257,1,6.511,-1.646,-1.795,0.0000,-0.7148,0.0000,0.6993
291.287,1,6.511,-1.646,-1.795,0.0000,-0.7148,0.0000,0.6993
291.319,1,6.511,-1.646,-1.795,0.0000,-0.7148,0.0000,0.6993
291.360,1,6.511,-1.646,-1.795,0.0000,-0.7148,0.0000,0.6993
291.390,1,6.511,-1.646,-1.795,0.0000,-0.7148,0.0000,0.6993
291.422,1,6.511,-1.646,-1.795,0.0000,-0.7148,0.0000,0.6993
291.452,1,6.511,-1.646,-1.795,0.0000,-0.7148,0.0000,0.6993
291.493,1,6.511,-1.646,-1.795,0.0000,-0.7148,0.0000,0.6993
291.525,1,6.511,-1.646,-1.795,0.0000,-0.7148,0.0000,0.6993
291.555,1,6.511,-1.646,-1.795,0.0000,-0.7148,0.0000,0.6993
291.586,1,6.511,-1.646,-1.795,0.0000,-0.7148,0.0000,0.6993
291.627,1,6.511,-1.646,-1.795,0.0000,-0.7148,0.0000,0.6993
291.657,1,6.511,-1.646,-1.795,0.0000,-0.7148,0.0000,0.6993
291.695,1,6.511,-1.646,-1.795,0.0000,-0.7148,0.0000,0.6993
291.726,1,6.511,-1.646,-1.795,0.0000,-0.7148,0.0000,0.6993
291.754,1,6.511,-1.646,-1.795,0.0000,-0.7148,0.0000,0.6993
291.792,1,6.511,-1.646,-1.795,0.0000,-0.7148,0.0000,0.6993
291.822,1,6.511,-1.646,-1.795,0.0000,-0.7148,0.0000,0.6993
291.854,1,6.511,-1.646,-1.795,0.0000,-0.7148,0.0000,0.6993
291.886,1,6.511,-1.646,-1.795,0.0000,-0.7148,0.0000,0.6993
291.918,1,6.511,-1.646,-1.795,0.0000,-0.7148,0.0000,0.6993
291.958,1,6.511,-1.646,-1.795,0.0000,-0.7148,0.0000,0.6993
291.992,1,6.511,-1.646,-1.795,0.0000,-0.7148,0.0000,0.6993
292.027,1,6.511,-1.646,-1.795,0.0000,-0.7148,0.0000,0.6993
292.057,1,6.511,-1.646,-1.795,0.0000,-0.7148,0.0000,0.6993
292.089,1,6.511,-1.646,-1.795,0.0000,-0.7148,0.0000,0.6993
292.120,1,6.511,-1.646,-1.795,0.0000,-0.7148,0.0000,0.6993
292.160,1,6.511,-1.646,-1.795,0.0000,-0.7148,0.0000,0.6993
292.191,1,6.511,-1.646,-1.795,0.0000,-0.7148,0.0000,0.6993
292.222,1,6.511,-1.646,-1.795,0.0000,-0.7148,0.0000,0.6993
292.259,1,6.511,-1.646,-1.795,0.0000,-0.7148,0.0000,0.6993
292.294,1,6.511,-1.646,-1.795,0.0000,-0.7148,0.0000,0.6993
292.323,1,6.511,-1.646,-1.795,0.0000,-0.7148,0.0000,0.6993
292.368,1,6.511,-1.646,-1.795,0.0000,-0.7148,0.0000,0.6993
292.389,1,6.511,-1.646,-1.795,0.0000,-0.7148,0.0000,0.6993
292.425,1,6.511,-1.646,-1.795,0.0000,-0.7148,0.0000,0.6993
292.454,1,6.511,-1.646,-1.795,0.0000,-0.7148,0.0000,0.6993
292.492,1,6.511,-1.646,-1.795,0.0000,-0.7148,0.0000,0.6993
292.521,1,6.511,-1.646,-1.795,0.0000,-0.7148,0.0000,0.6993
292.556,1,6.511,-1.646,-1.795,0.0000,-0.7148,0.0000,0.6993
292.587,1,6.511,-1.646,-1.795,0.0000,-0.7148,0.0000,0.6993
292.624,1,6.511,-1.646,-1.795,0.0000,-0.7148,0.0000,0.6993
292.657,1,6.511,-1.646,-1.795,0.0000,-0.7148,0.0000,0.6993
292.690,1,6.511,-1.646,-1.795,0.0000,-0.7148,0.0000,0.6993
292.719,1,6.511,-1.646,-1.795,0.0000,-0.7148,0.0000,0.6993
292.751,1,6.511,-1.646,-1.795,0.0000,-0.7148,0.0000,0.6993
292.791,1,6.511,-1.646,-1.795,0.0000,-0.7148,0.0000,0.6993
292.819,1,6.511,-1.646,-1.795,0.0000,-0.7148,0.0000,0.6993
292.855,1,6.511,-1.646,-1.795,0.0000,-0.7148,0.0000,0.6993
292.891,1,6.511,-1.646,-1.795,0.0000,-0.7148,0.0000,0.6993
292.924,1,6.511,-1.646,-1.795,0.0000,-0.7148,0.0000,0.6993
292.956,1,6.511,-1.646,-1.795,0.0000,-0.7148,0.0000,0.6993
292.993,1,6.511,-1.646,-1.795,0.0000,-0.7148,0.0000,0.6993
293.020,1,6.511,-1.646,-1.795,0.0000,-0.7148,0.0000,0.6993
293.058,1,6.511,-1.646,-1.795,0.0000,-0.7148,0.0000,0.6993
293.088,1,6.511,-1.646,-1.795,0.0000,-0.7148,0.0000,0.6993
293.118,1,6.511,-1.646,-1.795,0.0000,-0.7148,0.0000,0.6993
293.156,1,6.511,-1.646,-1.795,0.0000,-0.7148,0.0000,0.6993
293.184,1,6.511,-1.646,-1.795,0.0000,-0.7148,0.0000,0.6993
293.225,1,6.511,-1.646,-1.795,0.0000,-0.7148,0.0000,0.6993
293.254,1,6.511,-1.646,-1.795,0.0000,-0.7148,0.0000,0.6993
293.293,1,6.511,-1.646,-1.795,0.0000,-0.7148,0.0000,0.6993
293.322,1,6.511,-1.646,-1.795,0.0000,-0.7148,0.0000,0.6993
293.352,1,6.511,-1.646,-1.795,0.0000,-0.7148,0.0000,0.6993
293.391,1,6.511,-1.646,-1.795,0.0000,-0.7148,0.0000,0.6993
293.421,1,6.511,-1.646,-1.795,0.0000,-0.7148,0.0000,0.6993
293.452,1,6.511,-1.646,-1.795,0.0000,-0.7148,0.0000,0.6993
293.486,1,6.511,-1.646,-1.795,0.0000,-0.7148,0.0000,0.6993
293.522,1,6.511,-1.646,-1.795,0.0000,-0.7148,0.0000,0.6993
293.552,1,6.511,-1.646,-1.795,0.0000,-0.7148,0.0000,0.6993
293.591,1,6.511,-1.646,-1.795,0.0000,-0.7148,0.0000,0.6993
293.623,1,6.511,-1.646,-1.795,0.0000,-0.7148,0.0000,0.6993
293.651,1,6.511,-1.646,-1.795,0.0000,-0.7148,0.0000,0.6993
293.690,1,6.511,-1.646,-1.795,0.0000,-0.7148,0.0000,0.6993
293.720,1,6.511,-1.646,-1.795,0.0000,-0.7148,0.0000,0.6993
293.759,1,6.511,-1.646,-1.795,0.0000,-0.7148,0.0000,0.6993
293.789,1,6.511,-1.646,-1.795,0.0000,-0.7148,0.0000,0.6993
293.823,1,6.511,-1.646,-1.795,0.0000,-0.7148,0.0000,0.6993
293.860,1,6.511,-1.646,-1.795,0.0000,-0.7148,0.0000,0.6993
293.889,1,6.511,-1.646,-1.795,0.0000,-0.7148,0.0000,0.6993
293.919,1,6.511,-1.646,-1.795,0.0000,-0.7148,0.0000,0.6993
293.958,1,6.511,-1.646,-1.795,0.0000,-0.7148,0.0000,0.6993
293.988,1,6.511,-1.646,-1.795,0.0000,-0.7148,0.0000,0.6993
294.019,1,6.511,-1.646,-1.795,0.0000,-0.7148,0.0000,0.6993
294.060,1,6.511,-1.646,-1.795,0.0000,-0.7148,0.0000,0.6993
294.091,1,6.511,-1.646,-1.795,0.0000,-0.7148,0.0000,0.6993
294.125,1,6.511,-1.646,-1.795,0.0000,-0.7148,0.0000,0.6993
294.153,1,6.511,-1.646,-1.795,0.0000,-0.7148,0.0000,0.6993
294.191,1,6.511,-1.646,-1.795,0.0000,-0.7148,0.0000,0.6993
294.222,1,6.511,-1.646,-1.795,0.0000,-0.7148,0.0000,0.6993
294.252,1,6.511,-1.646,-1.795,0.0000,-0.7148,0.0000,0.6993
294.287,1,6.511,-1.646,-1.795,0.0000,-0.7148,0.0000,0.6993
294.324,1,6.511,-1.646,-1.795,0.0000,-0.7148,0.0000,0.6993
294.352,1,6.511,-1.646,-1.795,0.0000,-0.7148,0.0000,0.6993
294.387,1,6.511,-1.646,-1.795,0.0000,-0.7148,0.0000,0.6993
294.417,1,6.511,-1.646,-1.795,0.0000,-0.7148,0.0000,0.6993
294.455,1,6.511,-1.646,-1.795,0.0000,-0.7148,0.0000,0.6993
294.493,1,6.511,-1.646,-1.795,0.0000,-0.7148,0.0000,0.6993
294.522,1,6.511,-1.646,-1.795,0.0000,-0.7148,0.0000,0.6993
294.551,1,6.511,-1.646,-1.795,0.0000,-0.7148,0.0000,0.6993
294.591,1,6.511,-1.646,-1.795,0.0000,-0.7148,0.0000,0.6993
294.622,1,6.511,-1.646,-1.795,0.0000,-0.7148,0.0000,0.6993
294.651,1,6.511,-1.646,-1.795,0.0000,-0.7148,0.0000,0.6993
294.692,1,6.511,-1.646,-1.795,0.0000,-0.7148,0.0000,0.6993
294.723,1,6.511,-1.646,-1.795,0.0000,-0.7148,0.0000,0.6993
294.754,1,6.511,-1.646,-1.795,0.0000,-0.7148,0.0000,0.6993
294.784,1,6.511,-1.646,-1.795,0.0000,-0.7148,0.0000,0.6993
294.824,1,6.511,-1.646,-1.795,0.0000,-0.7148,0.0000,0.6993
294.854,1,6.511,-1.646,-1.795,0.0000,-0.7148,0.0000,0.6993
294.891,1,6.511,-1.646,-1.795,0.0000,-0.7148,0.0000,0.6993
294.918,1,6.511,-1.646,-1.795,0.0000,-0.7148,0.0000,0.6993
294.956,1,6.511,-1.646,-1.795,0.0000,-0.7148,0.0000,0.6993
294.985,1,6.511,-1.646,-1.795,0.0000,-0.7148,0.0000,0.6993
295.023,1,6.511,-1.646,-1.795,0.0000,-0.7148,0.0000,0.6993
295.052,1,6.511,-1.646,-1.795,0.0000,-0.7148,0.0000,0.6993
295.092,1,6.511,-1.646,-1.795,0.0000,-0.7148,0.0000,0.6993
295.122,1,6.511,-1.646,-1.795,0.0000,-0.7148,0.0000,0.6993
295.152,1,6.511,-1.646,-1.795,0.0000,-0.7148,0.0000,0.6993
295.184,1,6.511,-1.646,-1.795,0.0000,-0.7148,0.0000,0.6993
295.218,1,6.511,-1.646,-1.795,0.0000,-0.7148,0.0000,0.6993
295.259,1,6.511,-1.646,-1.795,0.0000,-0.7148,0.0000,0.6993
295.290,1,6.511,-1.646,-1.795,0.0000,-0.7148,0.0000,0.6993
295.319,1,6.511,-1.646,-1.795,0.0000,-0.7148,0.0000,0.6993
295.360,1,6.511,-1.646,-1.795,0.0000,-0.7148,0.0000,0.6993
295.389,1,6.511,-1.646,-1.795,0.0000,-0.7148,0.0000,0.6993
295.417,1,6.511,-1.646,-1.795,0.0000,-0.7148,0.0000,0.6993
295.451,1,6.511,-1.646,-1.795,0.0000,-0.7148,0.0000,0.6993
295.492,1,6.511,-1.646,-1.795,0.0000,-0.7148,0.0000,0.6993
295.520,1,6.511,-1.646,-1.795,0.0000,-0.7148,0.0000,0.6993
295.554,1,6.511,-1.646,-1.795,0.0000,-0.7148,0.0000,0.6993
295.593,1,6.511,-1.646,-1.795,0.0000,-0.7148,0.0000,0.6993
295.622,1,6.511,-1.646,-1.795,0.0000,-0.7148,0.0000,0.6993
295.657,1,6.511,-1.646,-1.795,0.0000,-0.7148,0.0000,0.6993
295.692,1,6.511,-1.646,-1.795,0.0000,-0.7148,0.0000,0.6993
295.721,1,6.511,-1.646,-1.795,0.0000,-0.7148,0.0000,0.6993
295.760,1,6.511,-1.646,-1.795,0.0000,-0.7148,0.0000,0.6993
295.790,1,6.511,-1.646,-1.795,0.0000,-0.7148,0.0000,0.6993
295.819,1,6.511,-1.646,-1.795,0.0000,-0.7148,0.0000,0.6993
295.860,1,6.511,-1.646,-1.795,0.0000,-0.7148,0.0000,0.6993
295.890,1,6.511,-1.646,-1.795,0.0000,-0.7148,0.0000,0.6993
295.920,1,6.511,-1.646,-1.795,0.0000,-0.7148,0.0000,0.6993
295.950,1,6.511,-1.646,-1.795,0.0000,-0.7148,0.0000,0.6993
295.989,1,6.511,-1.646,-1.795,0.0000,-0.7148,0.0000,0.6993
296.019,1,6.511,-1.646,-1.795,0.0000,-0.7148,0.0000,0.6993
296.050,1,6.511,-1.646,-1.795,0.0000,-0.7148,0.0000,0.6993
296.090,1,6.511,-1.646,-1.795,0.0000,-0.7148,0.0000,0.6993
296.119,1,6.511,-1.646,-1.795,0.0000,-0.7148,0.0000,0.6993
296.155,1,6.511,-1.646,-1.795,0.0000,-0.7148,0.0000,0.6993
296.183,1,6.511,-1.646,-1.795,0.0000,-0.7148,0.0000,0.6993
296.220,1,6.511,-1.646,-1.795,0.0000,-0.7148,0.0000,0.6993
296.259,1,6.511,-1.646,-1.795,0.0000,-0.7148,0.0000,0.6993
296.294,1,6.511,-1.646,-1.795,0.0000,-0.7148,0.0000,0.6993
296.323,1,6.511,-1.646,-1.795,0.0000,-0.7148,0.0000,0.6993
296.351,1,6.511,-1.646,-1.795,0.0000,-0.7148,0.0000,0.6993
296.390,1,6.511,-1.646,-1.795,0.0000,-0.7148,0.0000,0.6993
296.420,1,6.511,-1.646,-1.795,0.0000,-0.7148,0.0000,0.6993
296.459,1,6.511,-1.646,-1.795,0.0000,-0.7148,0.0000,0.6993
296.489,1,6.511,-1.646,-1.795,0.0000,-0.7148,0.0000,0.6993
296.518,1,6.511,-1.646,-1.795,0.0000,-0.7148,0.0000,0.6993
296.551,1,6.511,-1.646,-1.795,0.0000,-0.7148,0.0000,0.6993
296.590,1,6.511,-1.646,-1.795,0.0000,-0.7148,0.0000,0.6993
296.627,1,6.511,-1.646,-1.795,0.0000,-0.7148,0.0000,0.6993
296.657,1,6.511,-1.646,-1.795,0.0000,-0.7148,0.0000,0.6993
296.687,1,6.511,-1.646,-1.795,0.0000,-0.7148,0.0000,0.6993
296.725,1,6.511,-1.646,-1.795,0.0000,-0.7148,0.0000,0.6993
296.756,1,6.511,-1.646,-1.795,0.0000,-0.7148,0.0000,0.6993
296.785,1,6.511,-1.646,-1.795,0.0000,-0.7148,0.0000,0.6993
296.824,1,6.511,-1.646,-1.795,0.0000,-0.7148,0.0000,0.6993
296.854,1,6.511,-1.646,-1.795,0.0000,-0.7148,0.0000,0.6993
296.884,1,6.511,-1.646,-1.795,0.0000,-0.7148,0.0000,0.6993
296.923,1,6.511,-1.646,-1.795,0.0000,-0.7148,0.0000,0.6993
296.953,1,6.511,-1.646,-1.795,0.0000,-0.7148,0.0000,0.6993
296.984,1,6.511,-1.646,-1.795,0.0000,-0.7148,0.0000,0.6993
297.020,1,6.511,-1.646,-1.795,0.0000,-0.7148,0.0000,0.6993
297.056,1,6.511,-1.646,-1.795,0.0000,-0.7148,0.0000,0.6993
297.084,1,6.511,-1.646,-1.795,0.0000,-0.7148,0.0000,0.6993
297.122,1,6.511,-1.646,-1.795,0.0000,-0.7148,0.0000,0.6993
297.152,1,6.511,-1.646,-1.795,0.0000,-0.7148,0.0000,0.6993
297.192,1,6.511,-1.646,-1.795,0.0000,-0.7148,0.0000,0.6993
297.223,1,6.511,-1.646,-1.795,0.0000,-0.7148,0.0000,0.6993
297.251,1,6.511,-1.646,-1.795,0.0000,-0.7148,0.0000,0.6993
297.291,1,6.511,-1.646,-1.795,0.0000,-0.7148,0.0000,0.6993
297.320,1,6.511,-1.646,-1.795,0.0000,-0.7148,0.0000,0.6993
297.360,1,6.511,-1.646,-1.795,0.0000,-0.7148,0.0000,0.6993
297.388,1,6.511,-1.646,-1.795,0.0000,-0.7148,0.0000,0.6993
297.418,1,6.511,-1.646,-1.795,0.0000,-0.7148,0.0000,0.6993
297.457,1,6.511,-1.646,-1.795,0.0000,-0.7148,0.0000,0.6993
297.486,1,6.511,-1.646,-1.795,0.0000,-0.7148,0.0000,0.6993
297.525,1,6.511,-1.646,-1.795,0.0000,-0.7148,0.0000,0.6993
297.554,1,6.511,-1.646,-1.795,0.0000,-0.7148,0.0000,0.6993
297.593,1,6.511,-1.646,-1.795,0.0000,-0.7148,0.0000,0.6993
297.618,1,6.511,-1.646,-1.795,0.0000,-0.7148,0.0000,0.6993
297.652,1,6.511,-1.646,-1.795,0.0000,-0.7148,0.0000,0.6993
297.692,1,6.511,-1.646,-1.795,0.0000,-0.7148,0.0000,0.6993
297.721,1,6.511,-1.646,-1.795,0.0000,-0.7148,0.0000,0.6993
297.750,1,6.511,-1.646,-1.795,0.0000,-0.7148,0.0000,0.6993
297.787,1,6.511,-1.646,-1.795,0.0000,-0.7148,0.0000,0.6993
297.823,1,6.511,-1.646,-1.795,0.0000,-0.7148,0.0000,0.6993
297.850,1,6.511,-1.646,-1.795,0.0000,-0.7148,0.0000,0.6993
297.886,1,6.511,-1.646,-1.795,0.0000,-0.7148,0.0000,0.6993
297.917,1,6.511,-1.646,-1.795,0.0000,-0.7148,0.0000,0.6993
297.955,1,6.511,-1.646,-1.795,0.0000,-0.7148,0.0000,0.6993
297.989,1,6.511,-1.646,-1.795,0.0000,-0.7148,0.0000,0.6993
298.026,1,6.511,-1.646,-1.795,0.0000,-0.7148,0.0000,0.6993
298.056,1,6.511,-1.646,-1.795,0.0000,-0.7148,0.0000,0.6993
298.085,1,6.511,-1.646,-1.795,0.0000,-0.7148,0.0000,0.6993
298.124,1,6.511,-1.646,-1.795,0.0000,-0.7148,0.0000,0.6993
298.156,1,6.511,-1.646,-1.795,0.0000,-0.7148,0.0000,0.6993
298.185,1,6.511,-1.646,-1.795,0.0000,-0.7148,0.0000,0.6993
298.225,1,6.511,-1.646,-1.795,0.0000,-0.7148,0.0000,0.6993
298.255,1,6.511,-1.646,-1.795,0.0000,-0.7148,0.0000,0.6993
298.283,1,6.511,-1.646,-1.795,0.0000,-0.7148,0.0000,0.6993
298.322,1,6.511,-1.646,-1.795,0.0000,-0.7148,0.0000,0.6993
298.351,1,6.511,-1.646,-1.795,0.0000,-0.7148,0.0000,0.6993
298.391,1,6.511,-1.646,-1.795,0.0000,-0.7148,0.0000,0.6993
298.419,1,6.511,-1.646,-1.795,0.0000,-0.7148,0.0000,0.6993
298.458,1,6.511,-1.646,-1.795,0.0000,-0.7148,0.0000,0.6993
298.488,1,6.511,-1.646,-1.795,0.0000,-0.7148,0.0000,0.6993
298.518,1,6.511,-1.646,-1.795,0.0000,-0.7148,0.0000,0.6993
298.557,1,6.511,-1.646,-1.795,0.0000,-0.7148,0.0000,0.6993
298.588,1,6.511,-1.646,-1.795,0.0000,-0.7148,0.0000,0.6993
298.617,1,6.511,-1.646,-1.795,0.0000,-0.7148,0.0000,0.6993
298.656,1,6.511,-1.646,-1.795,0.0000,-0.7148,0.0000,0.6993
298.686,1,6.511,-1.646,-1.795,0.0000,-0.7148,0.0000,0.6993
298.716,1,6.511,-1.646,-1.795,0.0000,-0.7148,0.0000,0.6993
298.755,1,6.511,-1.646,-1.795,0.0000,-0.7148,0.0000,0.6993
298.784,1,6.511,-1.646,-1.795,0.0000,-0.7148,0.0000,0.6993
298.823,1,6.511,-1.646,-1.795,0.0000,-0.7148,0.0000,0.6993
298.853,1,6.511,-1.646,-1.795,0.0000,-0.7148,0.0000,0.6993
298.884,1,6.511,-1.646,-1.795,0.0000,-0.7148,0.0000,0.6993
298.924,1,6.511,-1.646,-1.795,0.0000,-0.7148,0.0000,0.6993
298.952,1,6.511,-1.646,-1.795,0.0000,-0.7148,0.0000,0.6993
298.993,1,6.511,-1.646,-1.795,0.0000,-0.7148,0.0000,0.6993
299.022,1,6.511,-1.646,-1.795,0.0000,-0.7148,0.0000,0.6993
299.053,1,6.511,-1.646,-1.795,0.0000,-0.7148,0.0000,0.6993
299.084,1,6.511,-1.646,-1.795,0.0000,-0.7148,0.0000,0.6993
299.117,1,6.511,-1.646,-1.795,0.0000,-0.7148,0.0000,0.6993
299.153,1,6.511,-1.646,-1.795,0.0000,-0.7148,0.0000,0.6993
299.185,1,6.511,-1.646,-1.795,0.0000,-0.7148,0.0000,0.6993
299.224,1,6.511,-1.646,-1.795,0.0000,-0.7148,0.0000,0.6993
299.250,1,6.511,-1.646,-1.795,0.0000,-0.7148,0.0000,0.6993
299.286,1,6.511,-1.646,-1.795,0.0000,-0.7148,0.0000,0.6993
299.325,1,6.511,-1.646,-1.795,0.0000,-0.7148,0.0000,0.6993
299.356,1,6.511,-1.646,-1.795,0.0000,-0.7148,0.0000,0.6993
299.386,1,6.511,-1.646,-1.795,0.0000,-0.7148,0.0000,0.6993
299.426,1,6.511,-1.646,-1.795,0.0000,-0.7148,0.0000,0.6993
299.455,1,6.511,-1.646,-1.795,0.0000,-0.7148,0.0000,0.6993
299.486,1,6.511,-1.646,-1.795,0.0000,-0.7148,0.0000,0.6993
299.526,1,6.511,-1.646,-1.795,0.0000,-0.7148,0.0000,0.6993
299.559,1,6.511,-1.646,-1.795,0.0000,-0.7148,0.0000,0.6993
299.589,1,6.511,-1.646,-1.795,0.0000,-0.7148,0.0000,0.6993
299.619,1,6.511,-1.646,-1.795,0.0000,-0.7148,0.0000,0.6993
299.650,1,6.511,-1.646,-1.795,0.0000,-0.7148,0.0000,0.6993
299.690,1,6.511,-1.646,-1.795,0.0000,-0.7148,0.0000,0.6993
299.719,1,6.511,-1.646,-1.795,0.0000,-0.7148,0.0000,0.6993
299.749,1,6.511,-1.646,-1.795,0.0000,-0.7148,0.0000,0.6993
299.789,1,6.511,-1.646,-1.795,0.0000,-0.7148,0.0000,0.6993
299.819,1,6.511,-1.646,-1.795,0.0000,-0.7148,0.0000,0.6993
299.849,1,6.511,-1.646,-1.795,0.0000,-0.7148,0.0000,0.6993
299.889,1,6.511,-1.646,-1.795,0.0000,-0.7148,0.0000,0.6993
299.919,1,6.511,-1.646,-1.795,0.0000,-0.7148,0.0000,0.6993
299.958,1,6.511,-1.646,-1.795,0.0000,-0.7148,0.0000,0.6993
299.988,1,6.511,-1.646,-1.795,0.0000,-0.7148,0.0000,0.6993
300.017,1,6.511,-1.646,-1.795,0.0000,-0.7148,0.0000,0.6993
300.057,1,6.511,-1.646,-1.795,0.0000,-0.7148,0.0000,0.6993
300.087,1,6.511,-1.646,-1.795,0.0000,-0.7148,0.0000,0.6993
300.117,1,6.511,-1.646,-1.795,0.0000,-0.7148,0.0000,0.6993
300.157,1,6.511,-1.646,-1.795,0.0000,-0.7148,0.0000,0.6993
300.187,1,6.511,-1.646,-1.795,0.0000,-0.7148,0.0000,0.6993
300.223,1,6.511,-1.646,-1.795,0.0000,-0.7148,0.0000,0.6993
300.251,1,6.511,-1.646,-1.795,0.0000,-0.7148,0.0000,0.6993
300.288,1,6.511,-1.646,-1.795,0.0000,-0.7148,0.0000,0.6993
300.319,1,6.511,-1.646,-1.795,0.0000,-0.7148,0.0000,0.6993
300.349,1,6.511,-1.646,-1.795,0.0000,-0.7148,0.0000,0.6993
300.391,1,6.511,-1.646,-1.795,0.0000,-0.7148,0.0000,0.6993
300.422,1,6.511,-1.646,-1.795,0.0000,-0.7148,0.0000,0.6993
300.459,1,6.511,-1.646,-1.795,0.0000,-0.7148,0.0000,0.6993
300.488,1,6.511,-1.646,-1.795,0.0000,-0.7148,0.0000,0.6993
300.519,1,6.511,-1.646,-1.795,0.0000,-0.7148,0.0000,0.6993
300.558,1,6.511,-1.646,-1.795,0.0000,-0.7148,0.0000,0.6993
300.590,1,6.511,-1.646,-1.795,0.0000,-0.7148,0.0000,0.6993
300.620,1,6.511,-1.646,-1.795,0.0000,-0.7148,0.0000,0.6993
300.649,1,6.511,-1.646,-1.795,0.0000,-0.7148,0.0000,0.6993
300.696,1,6.511,-1.646,-1.795,0.0000,-0.7148,0.0000,0.6993
300.724,1,6.511,-1.646,-1.795,0.0000,-0.7148,0.0000,0.6993
300.752,1,6.511,-1.646,-1.795,0.0000,-0.7148,0.0000,0.6993
300.791,1,6.511,-1.646,-1.795,0.0000,-0.7148,0.0000,0.6993
300.821,1,6.511,-1.646,-1.795,0.0000,-0.7148,0.0000,0.6993
300.849,1,6.511,-1.646,-1.795,0.0000,-0.7148,0.0000,0.6993
300.889,1,6.511,-1.646,-1.795,0.0000,-0.7148,0.0000,0.6993
300.920,1,6.511,-1.646,-1.795,0.0000,-0.7148,0.0000,0.6993
300.949,1,6.511,-1.646,-1.795,0.0000,-0.7148,0.0000,0.6993
300.989,1,6.511,-1.646,-1.795,0.0000,-0.7148,0.0000,0.6993
301.019,1,6.511,-1.646,-1.795,0.0000,-0.7148,0.0000,0.6993
301.052,1,6.511,-1.646,-1.795,0.0000,-0.7148,0.0000,0.6993
301.083,1,6.511,-1.646,-1.795,0.0000,-0.7148,0.0000,0.6993
301.121,1,6.511,-1.646,-1.795,0.0000,-0.7148,0.0000,0.6993
301.151,1,6.511,-1.646,-1.795,0.0000,-0.7148,0.0000,0.6993
301.190,1,6.511,-1.646,-1.795,0.0000,-0.7148,0.0000,0.6993
301.222,1,6.511,-1.646,-1.795,0.0000,-0.7148,0.0000,0.6993
301.250,1,6.511,-1.646,-1.795,0.0000,-0.7148,0.0000,0.6993
301.290,1,6.511,-1.646,-1.795,0.0000,-0.7148,0.0000,0.6993
301.320,1,6.511,-1.646,-1.795,0.0000,-0.7148,0.0000,0.6993
301.350,1,6.511,-1.646,-1.795,0.0000,-0.7148,0.0000,0.6993
301.383,1,6.511,-1.646,-1.795,0.0000,-0.7148,0.0000,0.6993
301.424,1,6.511,-1.646,-1.795,0.0000,-0.7148,0.0000,0.6993
301.453,1,6.511,-1.646,-1.795,0.0000,-0.7148,0.0000,0.6993
301.493,1,6.511,-1.646,-1.795,0.0000,-0.7148,0.0000,0.6993
301.522,1,6.511,-1.646,-1.795,0.0000,-0.7148,0.0000,0.6993
301.552,1,6.511,-1.646,-1.795,0.0000,-0.7148,0.0000,0.6993
301.582,1,6.511,-1.646,-1.795,0.0000,-0.7148,0.0000,0.6993
301.616,1,6.511,-1.646,-1.795,0.0000,-0.7148,0.0000,0.6993
301.652,1,6.511,-1.646,-1.795,0.0000,-0.7148,0.0000,0.6993
301.690,1,6.511,-1.646,-1.795,0.0000,-0.7148,0.0000,0.6993
301.720,1,6.511,-1.646,-1.795,0.0000,-0.7148,0.0000,0.6993
301.749,1,6.511,-1.646,-1.795,0.0000,-0.7148,0.0000,0.6993
301.790,1,6.511,-1.646,-1.795,0.0000,-0.7148,0.0000,0.6993
301.819,1,6.511,-1.646,-1.795,0.0000,-0.7148,0.0000,0.6993
301.858,1,6.511,-1.646,-1.795,0.0000,-0.7148,0.0000,0.6993
301.888,1,6.511,-1.646,-1.795,0.0000,-0.7148,0.0000,0.6993
301.917,1,6.511,-1.646,-1.795,0.0000,-0.7148,0.0000,0.6993
301.957,1,6.511,-1.646,-1.795,0.0000,-0.7148,0.0000,0.6993
301.987,1,6.511,-1.646,-1.795,0.0000,-0.7148,0.0000,0.6993
302.016,1,6.511,-1.646,-1.795,0.0000,-0.7148,0.0000,0.6993
302.055,1,6.511,-1.646,-1.795,0.0000,-0.7148,0.0000,0.6993
302.085,1,6.511,-1.646,-1.795,0.0000,-0.7148,0.0000,0.6993
302.125,1,6.511,-1.646,-1.795,0.0000,-0.7148,0.0000,0.6993
302.150,1,6.511,-1.646,-1.795,0.0000,-0.7148,0.0000,0.6993
302.184,1,6.511,-1.646,-1.795,0.0000,-0.7148,0.0000,0.6993
302.216,1,6.511,-1.646,-1.795,0.0000,-0.7148,0.0000,0.6993
302.256,1,6.511,-1.646,-1.795,0.0000,-0.7148,0.0000,0.6993
302.285,1,6.511,-1.646,-1.795,0.0000,-0.7148,0.0000,0.6993
302.325,1,6.511,-1.646,-1.795,0.0000,-0.7148,0.0000,0.6993
302.354,1,6.511,-1.646,-1.795,0.0000,-0.7148,0.0000,0.6993
302.384,1,6.511,-1.646,-1.795,0.0000,-0.7148,0.0000,0.6993
302.424,1,6.511,-1.646,-1.795,0.0000,-0.7148,0.0000,0.6993
302.453,1,6.511,-1.646,-1.795,0.0000,-0.7148,0.0000,0.6993
302.483,1,6.511,-1.646,-1.795,0.0000,-0.7148,0.0000,0.6993
302.523,1,6.511,-1.646,-1.795,0.0000,-0.7148,0.0000,0.6993
302.553,1,6.511,-1.646,-1.795,0.0000,-0.7148,0.0000,0.6993
302.584,1,6.511,-1.646,-1.795,0.0000,-0.7148,0.0000,0.6993
302.624,1,6.511,-1.646,-1.795,0.0000,-0.7148,0.0000,0.6993
302.654,1,6.511,-1.646,-1.795,0.0000,-0.7148,0.0000,0.6993
302.682,1,6.511,-1.646,-1.795,0.0000,-0.7148,0.0000,0.6993
302.722,1,6.511,-1.646,-1.795,0.0000,-0.7148,0.0000,0.6993
302.752,1,6.511,-1.646,-1.795,0.0000,-0.7148,0.0000,0.6993
302.793,1,6.511,-1.646,-1.795,0.0000,-0.7148,0.0000,0.6993
302.825,1,6.511,-1.646,-1.795,0.0000,-0.7148,0.0000,0.6993
302.856,1,6.511,-1.646,-1.795,0.0000,-0.7148,0.0000,0.6993
302.882,1,6.511,-1.646,-1.795,0.0000,-0.7148,0.0000,0.6993
302.923,1,6.511,-1.646,-1.795,0.0000,-0.7148,0.0000,0.6993
302.954,1,6.511,-1.646,-1.795,0.0000,-0.7148,0.0000,0.6993
302.984,1,6.511,-1.646,-1.795,0.0000,-0.7148,0.0000,0.6993
303.015,1,6.511,-1.646,-1.795,0.0000,-0.7148,0.0000,0.6993
303.055,1,6.511,-1.646,-1.795,0.0000,-0.7148,0.0000,0.6993
303.084,1,6.511,-1.646,-1.795,0.0000,-0.7148,0.0000,0.6993
303.124,1,6.511,-1.646,-1.795,0.0000,-0.7148,0.0000,0.6993
303.154,1,6.511,-1.646,-1.795,0.0000,-0.7148,0.0000,0.6993
303.183,1,6.511,-1.646,-1.795,0.0000,-0.7148,0.0000,0.6993
303.216,1,6.511,-1.646,-1.795,0.0000,-0.7148,0.0000,0.6993
303.249,1,6.511,-1.646,-1.795,0.0000,-0.7148,0.0000,0.6993
303.290,1,6.511,-1.646,-1.795,0.0000,-0.7148,0.0000,0.6993
303.319,1,6.511,-1.646,-1.795,0.0000,-0.7148,0.0000,0.6993
303.357,1,6.511,-1.646,-1.795,0.0000,-0.7148,0.0000,0.6993
303.385,1,6.511,-1.646,-1.795,0.0000,-0.7148,0.0000,0.6993
303.416,1,6.511,-1.646,-1.795,0.0000,-0.7148,0.0000,0.6993
303.454,1,6.511,-1.646,-1.795,0.0000,-0.7148,0.0000,0.6993
303.484,1,6.511,-1.646,-1.795,0.0000,-0.7148,0.0000,0.6993
303.523,1,6.511,-1.646,-1.795,0.0000,-0.7148,0.0000,0.6993
303.554,1,6.511,-1.646,-1.795,0.0000,-0.7148,0.0000,0.6993
303.589,1,6.511,-1.646,-1.795,0.0000,-0.7148,0.0000,0.6993
303.617,1,6.511,-1.646,-1.795,0.0000,-0.7148,0.0000,0.6993
303.655,1,6.511,-1.646,-1.795,0.0000,-0.7148,0.0000,0.6993
303.686,1,6.511,-1.646,-1.795,0.0000,-0.7148,0.0000,0.6993
303.716,1,6.511,-1.646,-1.795,0.0000,-0.7148,0.0000,0.6993
303.758,1,6.511,-1.646,-1.795,0.0000,-0.7148,0.0000,0.6993
303.787,1,6.511,-1.646,-1.795,0.0000,-0.7148,0.0000,0.6993
303.825,1,6.511,-1.646,-1.795,0.0000,-0.7148,0.0000,0.6993
303.854,1,6.511,-1.646,-1.795,0.0000,-0.7148,0.0000,0.6993
303.884,1,6.511,-1.646,-1.795,0.0000,-0.7148,0.0000,0.6993
303.915,1,6.511,-1.646,-1.795,0.0000,-0.7148,0.0000,0.6993
303.955,1,6.511,-1.646,-1.795,0.0000,-0.7148,0.0000,0.6993
303.986,1,6.511,-1.646,-1.795,0.0000,-0.7148,0.0000,0.6993
304.015,1,6.511,-1.646,-1.795,0.0000,-0.7148,0.0000,0.6993
304.056,1,6.511,-1.646,-1.795,0.0000,-0.7148,0.0000,0.6993
304.086,1,6.511,-1.646,-1.795,0.0000,-0.7148,0.0000,0.6993
304.125,1,6.511,-1.646,-1.795,0.0000,-0.7148,0.0000,0.6993
304.154,1,6.511,-1.646,-1.795,0.0000,-0.7148,0.0000,0.6993
304.184,1,6.511,-1.646,-1.795,0.0000,-0.7148,0.0000,0.6993
304.224,1,6.511,-1.646,-1.795,0.0000,-0.7148,0.0000,0.6993
304.253,1,6.511,-1.646,-1.795,0.0000,-0.7148,0.0000,0.6993
304.283,1,6.511,-1.646,-1.795,0.0000,-0.7148,0.0000,0.6993
304.323,1,6.511,-1.646,-1.795,0.0000,-0.7148,0.0000,0.6993
304.353,1,6.511,-1.646,-1.795,0.0000,-0.7148,0.0000,0.6993
304.384,1,6.511,-1.646,-1.795,0.0000,-0.7148,0.0000,0.6993
304.424,1,6.511,-1.646,-1.795,0.0000,-0.7148,0.0000,0.6993
304.454,1,6.511,-1.646,-1.795,0.0000,-0.7148,0.0000,0.6993
304.484,1,6.511,-1.646,-1.795,0.0000,-0.7148,0.0000,0.6993
304.526,1,6.511,-1.646,-1.795,0.0000,-0.7148,0.0000,0.6993
304.555,1,6.511,-1.646,-1.795,0.0000,-0.7148,0.0000,0.6993
304.585,1,6.511,-1.646,-1.795,0.0000,-0.7148,0.0000,0.6993
304.627,1,6.511,-1.646,-1.795,0.0000,-0.7148,0.0000,0.6993
304.655,1,6.511,-1.646,-1.795,0.0000,-0.7148,0.0000,0.6993
304.686,1,6.511,-1.646,-1.795,0.0000,-0.7148,0.0000,0.6993
304.716,1,6.511,-1.646,-1.795,0.0000,-0.7148,0.0000,0.6993
304.757,1,6.511,-1.646,-1.795,0.0000,-0.7148,0.0000,0.6993
304.786,1,6.511,-1.646,-1.795,0.0000,-0.7148,0.0000,0.6993
304.820,1,6.511,-1.646,-1.795,0.0000,-0.7148,0.0000,0.6993
304.857,1,6.511,-1.646,-1.795,0.0000,-0.7148,0.0000,0.6993
304.888,1,6.511,-1.646,-1.795,0.0000,-0.7148,0.0000,0.6993
304.918,1,6.511,-1.646,-1.795,0.0000,-0.7148,0.0000,0.6993
304.957,1,6.511,-1.646,-1.795,0.0000,-0.7148,0.0000,0.6993
304.988,1,6.511,-1.646,-1.795,0.0000,-0.7148,0.0000,0.6993
305.017,1,6.511,-1.646,-1.795,0.0000,-0.7148,0.0000,0.6993
305.048,1,6.511,-1.646,-1.795,0.0000,-0.7148,0.0000,0.6993
305.086,1,6.511,-1.646,-1.795,0.0000,-0.7148,0.0000,0.6993
305.116,1,6.511,-1.646,-1.795,0.0000,-0.7148,0.0000,0.6993
305.156,1,6.511,-1.646,-1.795,0.0000,-0.7148,0.0000,0.6993
305.185,1,6.511,-1.646,-1.795,0.0000,-0.7148,0.0000,0.6993
305.215,1,6.511,-1.646,-1.795,0.0000,-0.7148,0.0000,0.6993
305.255,1,6.511,-1.646,-1.795,0.0000,-0.7148,0.0000,0.6993
305.284,1,6.511,-1.646,-1.795,0.0000,-0.7148,0.0000,0.6993
305.324,1,6.511,-1.646,-1.795,0.0000,-0.7148,0.0000,0.6993
305.354,1,6.511,-1.646,-1.795,0.0000,-0.7148,0.0000,0.6993
305.384,1,6.511,-1.646,-1.795,0.0000,-0.7148,0.0000,0.6993
305.424,1,6.511,-1.646,-1.795,0.0000,-0.7148,0.0000,0.6993
305.453,1,6.511,-1.646,-1.795,0.0000,-0.7148,0.0000,0.6993
305.482,1,6.511,-1.646,-1.795,0.0000,-0.7148,0.0000,0.6993
305.521,1,6.511,-1.646,-1.795,0.0000,-0.7148,0.0000,0.6993
305.552,1,6.511,-1.646,-1.795,0.0000,-0.7148,0.0000,0.6993
305.582,1,6.511,-1.646,-1.795,0.0000,-0.7148,0.0000,0.6993
305.620,1,6.511,-1.646,-1.795,0.0000,-0.7148,0.0000,0.6993
305.650,1,6.511,-1.646,-1.795,0.0000,-0.7148,0.0000,0.6993
305.690,1,6.511,-1.646,-1.795,0.0000,-0.7148,0.0000,0.6993
305.720,1,6.511,-1.646,-1.795,0.0000,-0.7148,0.0000,0.6993
305.750,1,6.511,-1.646,-1.795,0.0000,-0.7148,0.0000,0.6993
305.788,1,6.511,-1.646,-1.795,0.0000,-0.7148,0.0000,0.6993
305.818,1,6.511,-1.646,-1.795,0.0000,-0.7148,0.0000,0.6993
305.848,1,6.511,-1.646,-1.795,0.0000,-0.7148,0.0000,0.6993
305.888,1,6.511,-1.646,-1.795,0.0000,-0.7148,0.0000,0.6993
305.918,1,6.511,-1.646,-1.795,0.0000,-0.7148,0.0000,0.6993
305.957,1,6.511,-1.646,-1.795,0.0000,-0.7148,0.0000,0.6993
305.987,1,6.511,-1.646,-1.795,0.0000,-0.7148,0.0000,0.6993
306.016,1,6.511,-1.646,-1.795,0.0000,-0.7148,0.0000,0.6993
306.056,1,6.511,-1.646,-1.795,0.0000,-0.7148,0.0000,0.6993
306.086,1,6.511,-1.646,-1.795,0.0000,-0.7148,0.0000,0.6993
306.116,1,6.511,-1.646,-1.795,0.0000,-0.7148,0.0000,0.6993
306.155,1,6.511,-1.646,-1.795,0.0000,-0.7148,0.0000,0.6993
306.184,1,6.511,-1.646,-1.795,0.0000,-0.7148,0.0000,0.6993
306.215,1,6.511,-1.646,-1.795,0.0000,-0.7148,0.0000,0.6993
306.255,1,6.511,-1.646,-1.795,0.0000,-0.7148,0.0000,0.6993
306.284,1,6.511,-1.646,-1.795,0.0000,-0.7148,0.0000,0.6993
306.323,1,6.511,-1.646,-1.795,0.0000,-0.7148,0.0000,0.6993
306.353,1,6.511,-1.646,-1.795,0.0000,-0.7148,0.0000,0.6993
306.383,1,6.511,-1.646,-1.795,0.0000,-0.7148,0.0000,0.6993
306.423,1,6.511,-1.646,-1.795,0.0000,-0.7148,0.0000,0.6993
306.454,1,6.511,-1.646,-1.795,0.0000,-0.7148,0.0000,0.6993
306.482,1,6.511,-1.646,-1.795,0.0000,-0.7148,0.0000,0.6993
306.521,1,6.511,-1.646,-1.795,0.0000,-0.7148,0.0000,0.6993
306.551,1,6.511,-1.646,-1.795,0.0000,-0.7148,0.0000,0.6993
306.582,1,6.511,-1.646,-1.795,0.0000,-0.7148,0.0000,0.6993
306.621,1,6.511,-1.646,-1.795,0.0000,-0.7148,0.0000,0.6993
306.650,1,6.511,-1.646,-1.795,0.0000,-0.7148,0.0000,0.6993
306.689,1,6.511,-1.646,-1.795,0.0000,-0.7148,0.0000,0.6993
306.719,1,6.511,-1.646,-1.795,0.0000,-0.7148,0.0000,0.6993
306.750,1,6.511,-1.646,-1.795,0.0000,-0.7148,0.0000,0.6993
306.788,1,6.511,-1.646,-1.795,0.0000,-0.7148,0.0000,0.6993
306.817,1,6.511,-1.646,-1.795,0.0000,-0.7148,0.0000,0.6993
306.856,1,6.511,-1.646,-1.795,0.0000,-0.7148,0.0000,0.6993
306.886,1,6.511,-1.646,-1.795,0.0000,-0.7148,0.0000,0.6993
306.915,1,6.511,-1.646,-1.795,0.0000,-0.7148,0.0000,0.6993
306.948,1,6.511,-1.646,-1.795,0.0000,-0.7148,0.0000,0.6993
306.984,1,6.511,-1.646,-1.795,0.0000,-0.7148,0.0000,0.6993
307.024,1,6.511,-1.646,-1.795,0.0000,-0.7148,0.0000,0.6993
307.054,1,6.511,-1.646,-1.795,0.0000,-0.7148,0.0000,0.6993
307.083,1,6.511,-1.646,-1.795,0.0000,-0.7148,0.0000,0.6993
307.123,1,6.511,-1.646,-1.795,0.0000,-0.7148,0.0000,0.6993
307.153,1,6.511,-1.646,-1.795,0.0000,-0.7148,0.0000,0.6993
307.182,1,6.511,-1.646,-1.795,0.0000,-0.7148,0.0000,0.6993
307.222,1,6.511,-1.646,-1.795,0.0000,-0.7148,0.0000,0.6993
307.253,1,6.511,-1.646,-1.795,0.0000,-0.7148,0.0000,0.6993
307.283,1,6.511,-1.646,-1.795,0.0000,-0.7148,0.0000,0.6993
307.322,1,6.511,-1.646,-1.795,0.0000,-0.7148,0.0000,0.6993
307.351,1,6.511,-1.646,-1.795,0.0000,-0.7148,0.0000,0.6993
307.383,1,6.511,-1.646,-1.795,0.0000,-0.7148,0.0000,0.6993
307.421,1,6.511,-1.646,-1.795,0.0000,-0.7148,0.0000,0.6993
307.451,1,6.511,-1.646,-1.795,0.0000,-0.7148,0.0000,0.6993
307.491,1,6.511,-1.646,-1.795,0.0000,-0.7148,0.0000,0.6993
307.520,1,6.511,-1.646,-1.795,0.0000,-0.7148,0.0000,0.6993
307.550,1,6.511,-1.646,-1.795,0.0000,-0.7148,0.0000,0.6993
307.590,1,6.511,-1.646,-1.795,0.0000,-0.7148,0.0000,0.6993
307.620,1,6.511,-1.646,-1.795,0.0000,-0.7148,0.0000,0.6993
307.650,1,6.511,-1.646,-1.795,0.0000,-0.7148,0.0000,0.6993
307.689,1,6.511,-1.646,-1.795,0.0000,-0.7148,0.0000,0.6993
307.720,1,6.511,-1.646,-1.795,0.0000,-0.7148,0.0000,0.6993
307.750,1,6.511,-1.646,-1.795,0.0000,-0.7148,0.0000,0.6993
307.781,1,6.511,-1.646,-1.795,0.0000,-0.7148,0.0000,0.6993
307.820,1,6.511,-1.646,-1.795,0.0000,-0.7148,0.0000,0.6993
307.850,1,6.511,-1.646,-1.795,0.0000,-0.7148,0.0000,0.6993
307.881,1,6.511,-1.646,-1.795,0.0000,-0.7148,0.0000,0.6993
307.920,1,6.511,-1.646,-1.795,0.0000,-0.7148,0.0000,0.6993
307.950,1,6.511,-1.646,-1.795,0.0000,-0.7148,0.0000,0.6993
307.990,1,6.511,-1.646,-1.795,0.0000,-0.7148,0.0000,0.6993
308.019,1,6.511,-1.646,-1.795,0.0000,-0.7148,0.0000,0.6993
308.049,1,6.511,-1.646,-1.795,0.0000,-0.7148,0.0000,0.6993
308.090,1,6.511,-1.646,-1.795,0.0000,-0.7148,0.0000,0.6993
308.119,1,6.511,-1.646,-1.795,0.0000,-0.7148,0.0000,0.6993
308.151,1,6.511,-1.646,-1.795,0.0000,-0.7148,0.0000,0.6993
308.183,1,6.511,-1.646,-1.795,0.0000,-0.7148,0.0000,0.6993
308.215,1,6.511,-1.646,-1.795,0.0000,-0.7148,0.0000,0.6993
308.259,1,6.511,-1.646,-1.795,0.0000,-0.7148,0.0000,0.6993
308.291,1,6.511,-1.646,-1.795,0.0000,-0.7148,0.0000,0.6993
308.320,1,6.511,-1.646,-1.795,0.0000,-0.7148,0.0000,0.6993
308.354,1,6.511,-1.646,-1.795,0.0000,-0.7148,0.0000,0.6993
308.380,1,6.511,-1.646,-1.795,0.0000,-0.7148,0.0000,0.6993
308.420,1,6.511,-1.646,-1.795,0.0000,-0.7148,0.0000,0.6993
308.451,1,6.511,-1.646,-1.795,0.0000,-0.7148,0.0000,0.6993
308.489,1,6.511,-1.646,-1.795,0.0000,-0.7148,0.0000,0.6993
308.518,1,6.511,-1.646,-1.795,0.0000,-0.7148,0.0000,0.6993
308.548,1,6.511,-1.646,-1.795,0.0000,-0.7148,0.0000,0.6993
308.588,1,6.511,-1.646,-1.795,0.0000,-0.7148,0.0000,0.6993
308.617,1,6.511,-1.646,-1.795,0.0000,-0.7148,0.0000,0.6993
308.655,1,6.511,-1.646,-1.795,0.0000,-0.7148,0.0000,0.6993
308.685,1,6.511,-1.646,-1.795,0.0000,-0.7148,0.0000,0.6993
308.715,1,6.511,-1.646,-1.795,0.0000,-0.7148,0.0000,0.6993
308.755,1,6.511,-1.646,-1.795,0.0000,-0.7148,0.0000,0.6993
308.784,1,6.511,-1.646,-1.795,0.0000,-0.7148,0.0000,0.6993
308.814,1,6.511,-1.646,-1.795,0.0000,-0.7148,0.0000,0.6993
308.853,1,6.511,-1.646,-1.795,0.0000,-0.7148,0.0000,0.6993
308.882,1,6.511,-1.646,-1.795,0.0000,-0.7148,0.0000,0.6993
308.921,1,6.511,-1.646,-1.795,0.0000,-0.7148,0.0000,0.6993
308.951,1,6.511,-1.646,-1.795,0.0000,-0.7148,0.0000,0.6993
308.989,1,6.511,-1.646,-1.795,0.0000,-0.7148,0.0000,0.6993
309.019,1,6.511,-1.646,-1.795,0.0000,-0.7148,0.0000,0.6993
309.049,1,6.511,-1.646,-1.795,0.0000,-0.7148,0.0000,0.6993
309.089,1,6.511,-1.646,-1.795,0.0000,-0.7148,0.0000,0.6993
309.118,1,6.511,-1.646,-1.795,0.0000,-0.7148,0.0000,0.6993
309.147,1,6.511,-1.646,-1.795,0.0000,-0.7148,0.0000,0.6993
309.187,1,6.511,-1.646,-1.795,0.0000,-0.7148,0.0000,0.6993
309.217,1,6.511,-1.646,-1.795,0.0000,-0.7148,0.0000,0.6993
309.257,1,6.511,-1.646,-1.795,0.0000,-0.7148,0.0000,0.6993
309.286,1,6.511,-1.646,-1.795,0.0000,-0.7148,0.0000,0.6993
309.315,1,6.511,-1.646,-1.795,0.0000,-0.7148,0.0000,0.6993
309.355,1,6.511,-1.646,-1.795,0.0000,-0.7148,0.0000,0.6993
309.385,1,6.511,-1.646,-1.795,0.0000,-0.7148,0.0000,0.6993
309.415,1,6.511,-1.646,-1.795,0.0000,-0.7148,0.0000,0.6993
309.454,1,6.511,-1.646,-1.795,0.0000,-0.7148,0.0000,0.6993
309.486,1,6.511,-1.646,-1.795,0.0000,-0.7148,0.0000,0.6993
309.514,1,6.511,-1.646,-1.795,0.0000,-0.7148,0.0000,0.6993
309.554,1,6.511,-1.646,-1.795,0.0000,-0.7148,0.0000,0.6993
309.583,1,6.511,-1.646,-1.795,0.0000,-0.7148,0.0000,0.6993
309.623,1,6.511,-1.646,-1.795,0.0000,-0.7148,0.0000,0.6993
309.652,1,6.511,-1.646,-1.795,0.0000,-0.7148,0.0000,0.6993
309.682,1,6.511,-1.646,-1.795,0.0000,-0.7148,0.0000,0.6993
309.721,1,6.511,-1.646,-1.795,0.0000,-0.7148,0.0000,0.6993
309.750,1,6.511,-1.646,-1.795,0.0000,-0.7148,0.0000,0.6993
309.780,1,6.511,-1.646,-1.795,0.0000,-0.7148,0.0000,0.6993
309.820,1,6.511,-1.646,-1.795,0.0000,-0.7148,0.0000,0.6993
309.849,1,6.511,-1.646,-1.795,0.0000,-0.7148,0.0000,0.6993
309.888,1,6.511,-1.646,-1.795,0.0000,-0.7148,0.0000,0.6993
309.918,1,6.511,-1.646,-1.795,0.0000,-0.7148,0.0000,0.6993
309.948,1,6.511,-1.646,-1.795,0.0000,-0.7148,0.0000,0.6993
309.988,1,6.511,-1.646,-1.795,0.0000,-0.7148,0.0000,0.6993
310.018,1,6.511,-1.646,-1.795,0.0000,-0.7148,0.0000,0.6993
310.048,1,6.511,-1.646,-1.795,0.0000,-0.7148,0.0000,0.6993
310.087,1,6.511,-1.646,-1.795,0.0000,-0.7148,0.0000,0.6993
310.117,1,6.511,-1.646,-1.795,0.0000,-0.7148,0.0000,0.6993
310.147,1,6.511,-1.646,-1.795,0.0000,-0.7148,0.0000,0.6993
310.187,1,6.511,-1.646,-1.795,0.0000,-0.7148,0.0000,0.6993
310.216,1,6.511,-1.646,-1.795,0.0000,-0.7148,0.0000,0.6993
310.255,1,6.511,-1.646,-1.795,0.0000,-0.7148,0.0000,0.6993
310.284,1,6.511,-1.646,-1.795,0.0000,-0.7148,0.0000,0.6993
310.314,1,6.511,-1.646,-1.795,0.0000,-0.7148,0.0000,0.6993
310.354,1,6.511,-1.646,-1.795,0.0000,-0.7148,0.0000,0.6993
310.383,1,6.511,-1.646,-1.795,0.0000,-0.7148,0.0000,0.6993
310.423,1,6.511,-1.646,-1.795,0.0000,-0.7148,0.0000,0.6993
310.453,1,6.511,-1.646,-1.795,0.0000,-0.7148,0.0000,0.6993
310.483,1,6.511,-1.646,-1.795,0.0000,-0.7148,0.0000,0.6993
310.522,1,6.511,-1.646,-1.795,0.0000,-0.7148,0.0000,0.6993
310.547,1,6.511,-1.646,-1.795,0.0000,-0.7148,0.0000,0.6993
310.584,1,6.511,-1.646,-1.795,0.0000,-0.7148,0.0000,0.6993
310.615,1,6.511,-1.646,-1.795,0.0000,-0.7148,0.0000,0.6993
310.654,1,6.511,-1.646,-1.795,0.0000,-0.7148,0.0000,0.6993
310.684,1,6.511,-1.646,-1.795,0.0000,-0.7148,0.0000,0.6993
310.723,1,6.511,-1.646,-1.795,0.0000,-0.7148,0.0000,0.6993
310.751,1,6.511,-1.646,-1.795,0.0000,-0.7148,0.0000,0.6993
310.781,1,6.511,-1.646,-1.795,0.0000,-0.7148,0.0000,0.6993
310.819,1,6.511,-1.646,-1.795,0.0000,-0.7148,0.0000,0.6993
310.850,1,6.511,-1.646,-1.795,0.0000,-0.7148,0.0000,0.6993
310.882,1,6.511,-1.646,-1.795,0.0000,-0.7148,0.0000,0.6993
310.918,1,6.511,-1.646,-1.795,0.0000,-0.7148,0.0000,0.6993
310.946,1,6.511,-1.646,-1.795,0.0000,-0.7148,0.0000,0.6993
310.986,1,6.511,-1.646,-1.795,0.0000,-0.7148,0.0000,0.6993
311.020,1,6.511,-1.646,-1.795,0.0000,-0.7148,0.0000,0.6993
311.048,1,6.511,-1.646,-1.795,0.0000,-0.7148,0.0000,0.6993
311.088,1,6.511,-1.646,-1.795,0.0000,-0.7148,0.0000,0.6993
311.114,1,6.511,-1.646,-1.795,0.0000,-0.7148,0.0000,0.6993
311.156,1,6.511,-1.646,-1.795,0.0000,-0.7148,0.0000,0.6993
311.187,1,6.511,-1.646,-1.795,0.0000,-0.7148,0.0000,0.6993
311.218,1,6.511,-1.646,-1.795,0.0000,-0.7148,0.0000,0.6993
311.250,1,6.511,-1.646,-1.795,0.0000,-0.7148,0.0000,0.6993
311.282,1,6.511,-1.646,-1.795,0.0000,-0.7148,0.0000,0.6993
311.316,1,6.511,-1.646,-1.795,0.0000,-0.7148,0.0000,0.6993
311.353,1,6.511,-1.646,-1.795,0.0000,-0.7148,0.0000,0.6993
311.380,1,6.511,-1.646,-1.795,0.0000,-0.7148,0.0000,0.6993
311.423,1,6.511,-1.646,-1.795,0.0000,-0.7148,0.0000,0.6993
311.454,1,6.511,-1.646,-1.795,0.0000,-0.7148,0.0000,0.6993
311.486,1,6.511,-1.646,-1.795,0.0000,-0.7148,0.0000,0.6993
311.519,1,6.511,-1.646,-1.795,0.0000,-0.7148,0.0000,0.6993
311.551,1,6.511,-1.646,-1.795,0.0000,-0.7148,0.0000,0.6993
311.590,1,6.511,-1.646,-1.795,0.0000,-0.7148,0.0000,0.6993
311.619,1,6.511,-1.646,-1.795,0.0000,-0.7148,0.0000,0.6993
311.649,1,6.511,-1.646,-1.795,0.0000,-0.7148,0.0000,0.6993
311.680,1,6.511,-1.646,-1.795,0.0000,-0.7148,0.0000,0.6993
311.722,1,6.511,-1.646,-1.795,0.0000,-0.7148,0.0000,0.6993
311.753,1,6.511,-1.646,-1.795,0.0000,-0.7148,0.0000,0.6993
311.785,1,6.511,-1.646,-1.795,0.0000,-0.7148,0.0000,0.6993
311.818,1,6.511,-1.646,-1.795,0.0000,-0.7148,0.0000,0.6993
311.851,1,6.511,-1.646,-1.795,0.0000,-0.7148,0.0000,0.6993
311.882,1,6.511,-1.646,-1.795,0.0000,-0.7148,0.0000,0.6993
311.914,1,6.511,-1.646,-1.795,0.0000,-0.7148,0.0000,0.6993
311.955,1,6.511,-1.646,-1.795,0.0000,-0.7148,0.0000,0.6993
311.987,1,6.511,-1.646,-1.795,0.0000,-0.7148,0.0000,0.6993
312.019,1,6.511,-1.646,-1.795,0.0000,-0.7148,0.0000,0.6993
312.050,1,6.511,-1.646,-1.795,0.0000,-0.7148,0.0000,0.6993
312.084,1,6.511,-1.646,-1.795,0.0000,-0.7148,0.0000,0.6993
312.115,1,6.511,-1.646,-1.795,0.0000,-0.7148,0.0000,0.6993
312.150,1,6.511,-1.646,-1.795,0.0000,-0.7148,0.0000,0.6993
312.188,1,6.511,-1.646,-1.795,0.0000,-0.7148,0.0000,0.6993
312.219,1,6.511,-1.646,-1.795,0.0000,-0.7148,0.0000,0.6993
312.249,1,6.511,-1.646,-1.795,0.0000,-0.7148,0.0000,0.6993
312.280,1,6.511,-1.646,-1.795,0.0000,-0.7148,0.0000,0.6993
312.321,1,6.511,-1.646,-1.795,0.0000,-0.7148,0.0000,0.6993
312.358,1,6.511,-1.646,-1.795,0.0000,-0.7148,0.0000,0.6993
312.388,1,6.511,-1.646,-1.795,0.0000,-0.7148,0.0000,0.6993
312.419,1,6.511,-1.646,-1.795,0.0000,-0.7148,0.0000,0.6993
312.449,1,6.511,-1.646,-1.795,0.0000,-0.7148,0.0000,0.6993
312.488,1,6.511,-1.646,-1.795,0.0000,-0.7148,0.0000,0.6993
312.520,1,6.511,-1.646,-1.795,0.0000,-0.7148,0.0000,0.6993
312.553,1,6.511,-1.646,-1.795,0.0000,-0.7148,0.0000,0.6993
312.585,1,6.511,-1.646,-1.795,0.0000,-0.7148,0.0000,0.6993
312.619,1,6.511,-1.646,-1.795,0.0000,-0.7148,0.0000,0.6993
312.657,1,6.511,-1.646,-1.795,0.0000,-0.7148,0.0000,0.6993
312.686,1,6.511,-1.646,-1.795,0.0000,-0.7148,0.0000,0.6993
312.718,1,6.511,-1.646,-1.795,0.0000,-0.7148,0.0000,0.6993
312.751,1,6.511,-1.646,-1.795,0.0000,-0.7148,0.0000,0.6993
312.785,1,6.511,-1.646,-1.795,0.0000,-0.7148,0.0000,0.6993
312.817,1,6.511,-1.646,-1.795,0.0000,-0.7148,0.0000,0.6993
312.850,1,6.511,-1.646,-1.795,0.0000,-0.7148,0.0000,0.6993
312.888,1,6.511,-1.646,-1.795,0.0000,-0.7148,0.0000,0.6993
312.918,1,6.511,-1.646,-1.795,0.0000,-0.7148,0.0000,0.6993
312.950,1,6.511,-1.646,-1.795,0.0000,-0.7148,0.0000,0.6993
312.983,1,6.511,-1.646,-1.795,0.0000,-0.7148,0.0000,0.6993
313.015,1,6.511,-1.646,-1.795,0.0000,-0.7148,0.0000,0.6993
313.048,1,6.511,-1.646,-1.795,0.0000,-0.7148,0.0000,0.6993
313.080,1,6.511,-1.646,-1.795,0.0000,-0.7148,0.0000,0.6993
313.123,1,6.511,-1.646,-1.795,0.0000,-0.7148,0.0000,0.6993
313.154,1,6.511,-1.646,-1.795,0.0000,-0.7148,0.0000,0.6993
313.187,1,6.511,-1.646,-1.795,0.0000,-0.7148,0.0000,0.6993
313.218,1,6.511,-1.646,-1.795,0.0000,-0.7148,0.0000,0.6993
313.249,1,6.511,-1.646,-1.795,0.0000,-0.7148,0.0000,0.6993
313.279,1,6.511,-1.646,-1.795,0.0000,-0.7148,0.0000,0.6993
313.321,1,6.511,-1.646,-1.795,0.0000,-0.7148,0.0000,0.6993
313.353,1,6.511,-1.646,-1.795,0.0000,-0.7148,0.0000,0.6993
313.385,1,6.511,-1.646,-1.795,0.0000,-0.7148,0.0000,0.6993
313.419,1,6.511,-1.646,-1.795,0.0000,-0.7148,0.0000,0.6993
313.448,1,6.511,-1.646,-1.795,0.0000,-0.7148,0.0000,0.6993
313.479,1,6.511,-1.646,-1.795,0.0000,-0.7148,0.0000,0.6993
313.523,1,6.511,-1.646,-1.795,0.0000,-0.7148,0.0000,0.6993
313.554,1,6.511,-1.646,-1.795,0.0000,-0.7148,0.0000,0.6993
313.584,1,6.511,-1.646,-1.795,0.0000,-0.7148,0.0000,0.6993
313.615,1,6.511,-1.646,-1.795,0.0000,-0.7148,0.0000,0.6993
313.646,1,6.511,-1.646,-1.795,0.0000,-0.7148,0.0000,0.6993
313.687,1,6.511,-1.646,-1.795,0.0000,-0.7148,0.0000,0.6993
313.719,1,6.511,-1.646,-1.795,0.0000,-0.7148,0.0000,0.6993
313.751,1,6.511,-1.646,-1.795,0.0000,-0.7148,0.0000,0.6993
313.783,1,6.511,-1.646,-1.795,0.0000,-0.7148,0.0000,0.6993
313.816,1,6.511,-1.646,-1.795,0.0000,-0.7148,0.0000,0.6993
313.847,1,6.511,-1.646,-1.795,0.0000,-0.7148,0.0000,0.6993
313.880,1,6.511,-1.646,-1.795,0.0000,-0.7148,0.0000,0.6993
313.923,1,6.511,-1.646,-1.795,0.0000,-0.7148,0.0000,0.6993
313.954,1,6.511,-1.646,-1.795,0.0000,-0.7148,0.0000,0.6993
313.987,1,6.511,-1.646,-1.795,0.0000,-0.7148,0.0000,0.6993
314.020,1,6.511,-1.646,-1.795,0.0000,-0.7148,0.0000,0.6993
314.052,1,6.511,-1.646,-1.795,0.0000,-0.7148,0.0000,0.6993
314.087,1,6.511,-1.646,-1.795,0.0000,-0.7148,0.0000,0.6993
314.120,1,6.511,-1.646,-1.795,0.0000,-0.7148,0.0000,0.6993
314.149,1,6.511,-1.646,-1.795,0.0000,-0.7148,0.0000,0.6993
314.184,1,6.511,-1.646,-1.795,0.0000,-0.7148,0.0000,0.6993
314.217,1,6.511,-1.646,-1.795,0.0000,-0.7148,0.0000,0.6993
314.249,1,6.511,-1.646,-1.795,0.0000,-0.7148,0.0000,0.6993
314.280,1,6.511,-1.646,-1.795,0.0000,-0.7148,0.0000,0.6993
314.315,1,6.511,-1.646,-1.795,0.0000,-0.7148,0.0000,0.6993
314.350,1,6.511,-1.646,-1.795,0.0000,-0.7148,0.0000,0.6993
314.382,1,6.511,-1.646,-1.795,0.0000,-0.7148,0.0000,0.6993
314.412,1,6.511,-1.646,-1.795,0.0000,-0.7148,0.0000,0.6993
314.456,1,6.511,-1.646,-1.795,0.0000,-0.7148,0.0000,0.6993
314.480,1,6.511,-1.646,-1.795,0.0000,-0.7148,0.0000,0.6993
314.518,1,6.511,-1.646,-1.795,0.0000,-0.7148,0.0000,0.6993
314.555,1,6.511,-1.646,-1.795,0.0000,-0.7148,0.0000,0.6993
314.587,1,6.511,-1.646,-1.795,0.0000,-0.7148,0.0000,0.6993
314.619,1,6.511,-1.646,-1.795,0.0000,-0.7148,0.0000,0.6993
314.651,1,6.511,-1.646,-1.795,0.0000,-0.7148,0.0000,0.6993
314.684,1,6.511,-1.646,-1.795,0.0000,-0.7148,0.0000,0.6993
314.716,1,6.511,-1.646,-1.795,0.0000,-0.7148,0.0000,0.6993
314.748,1,6.511,-1.646,-1.795,0.0000,-0.7148,0.0000,0.6993
314.780,1,6.511,-1.646,-1.795,0.0000,-0.7148,0.0000,0.6993
314.812,1,6.511,-1.646,-1.795,0.0000,-0.7148,0.0000,0.6993
314.846,1,6.511,-1.646,-1.795,0.0000,-0.7148,0.0000,0.6993
314.890,1,6.511,-1.646,-1.795,0.0000,-0.7148,0.0000,0.6993
314.922,1,6.511,-1.646,-1.795,0.0000,-0.7148,0.0000,0.6993
314.955,1,6.511,-1.646,-1.795,0.0000,-0.7148,0.0000,0.6993
314.987,1,6.511,-1.646,-1.795,0.0000,-0.7148,0.0000,0.6993
315.020,1,6.511,-1.646,-1.795,0.0000,-0.7148,0.0000,0.6993
315.054,1,6.511,-1.646,-1.795,0.0000,-0.7148,0.0000,0.6993
315.087,1,6.511,-1.646,-1.795,0.0000,-0.7148,0.0000,0.6993
315.113,1,6.511,-1.646,-1.795,0.0000,-0.7148,0.0000,0.6993
315.153,1,6.511,-1.646,-1.795,0.0000,-0.7148,0.0000,0.6993
315.185,1,6.511,-1.646,-1.795,0.0000,-0.7148,0.0000,0.6993
315.218,1,6.511,-1.646,-1.795,0.0000,-0.7148,0.0000,0.6993
315.250,1,6.511,-1.646,-1.795,0.0000,-0.7148,0.0000,0.6993
315.283,1,6.511,-1.646,-1.795,0.0000,-0.7148,0.0000,0.6993
315.315,1,6.511,-1.646,-1.795,0.0000,-0.7148,0.0000,0.6993
315.353,1,6.511,-1.646,-1.795,0.0000,-0.7148,0.0000,0.6993
315.383,1,6.511,-1.646,-1.795,0.0000,-0.7148,0.0000,0.6993
315.414,1,6.511,-1.646,-1.795,0.0000,-0.7148,0.0000,0.6993
315.446,1,6.511,-1.646,-1.795,0.0000,-0.7148,0.0000,0.6993
315.487,1,6.511,-1.646,-1.795,0.0000,-0.7148,0.0000,0.6993
315.520,1,6.511,-1.646,-1.795,0.0000,-0.7148,0.0000,0.6993
315.552,1,6.511,-1.646,-1.795,0.0000,-0.7148,0.0000,0.6993
315.584,1,6.511,-1.646,-1.795,0.0000,-0.7148,0.0000,0.6993
315.617,1,6.511,-1.646,-1.795,0.0000,-0.7148,0.0000,0.6993
315.652,1,6.511,-1.646,-1.795,0.0000,-0.7148,0.0000,0.6993
315.682,1,6.511,-1.646,-1.795,0.0000,-0.7148,0.0000,0.6993
315.714,1,6.511,-1.646,-1.795,0.0000,-0.7148,0.0000,0.6993
315.747,1,6.511,-1.646,-1.795,0.0000,-0.7148,0.0000,0.6993
315.779,1,6.511,-1.646,-1.795,0.0000,-0.7148,0.0000,0.6993
315.812,1,6.511,-1.646,-1.795,0.0000,-0.7148,0.0000,0.6993
315.845,1,6.511,-1.646,-1.795,0.0000,-0.7148,0.0000,0.6993
315.888,1,6.511,-1.646,-1.795,0.0000,-0.7148,0.0000,0.6993
315.919,1,6.511,-1.646,-1.795,0.0000,-0.7148,0.0000,0.6993
315.952,1,6.511,-1.646,-1.795,0.0000,-0.7148,0.0000,0.6993
315.984,1,6.511,-1.646,-1.795,0.0000,-0.7148,0.0000,0.6993
316.018,1,6.511,-1.646,-1.795,0.0000,-0.7148,0.0000,0.6993
316.049,1,6.511,-1.646,-1.795,0.0000,-0.7148,0.0000,0.6993
316.082,1,6.511,-1.646,-1.795,0.0000,-0.7148,0.0000,0.6993
316.114,1,6.511,-1.646,-1.795,0.0000,-0.7148,0.0000,0.6993
316.147,1,6.511,-1.646,-1.795,0.0000,-0.7148,0.0000,0.6993
316.180,1,6.511,-1.646,-1.795,0.0000,-0.7148,0.0000,0.6993
316.212,1,6.511,-1.646,-1.795,0.0000,-0.7148,0.0000,0.6993
316.246,1,6.511,-1.646,-1.795,0.0000,-0.7148,0.0000,0.6993
316.289,1,6.511,-1.646,-1.795,0.0000,-0.7148,0.0000,0.6993
316.322,1,6.511,-1.646,-1.795,0.0000,-0.7148,0.0000,0.6993
316.355,1,6.511,-1.646,-1.795,0.0000,-0.7148,0.0000,0.6993
316.387,1,6.511,-1.646,-1.795,0.0000,-0.7148,0.0000,0.6993
316.420,1,6.511,-1.646,-1.795,0.0000,-0.7148,0.0000,0.6993
316.453,1,6.511,-1.646,-1.795,0.0000,-0.7148,0.0000,0.6993
316.485,1,6.511,-1.646,-1.795,0.0000,-0.7148,0.0000,0.6993
316.518,1,6.511,-1.646,-1.795,0.0000,-0.7148,0.0000,0.6993
316.552,1,6.511,-1.646,-1.795,0.0000,-0.7148,0.0000,0.6993
316.585,1,6.511,-1.646,-1.795,0.0000,-0.7148,0.0000,0.6993
316.618,1,6.511,-1.646,-1.795,0.0000,-0.7148,0.0000,0.6993
316.650,1,6.511,-1.646,-1.795,0.0000,-0.7148,0.0000,0.6993
316.683,1,6.511,-1.646,-1.795,0.0000,-0.7148,0.0000,0.6993
316.716,1,6.511,-1.646,-1.795,0.0000,-0.7148,0.0000,0.6993
316.749,1,6.511,-1.646,-1.795,0.0000,-0.7148,0.0000,0.6993
316.781,1,6.511,-1.646,-1.795,0.0000,-0.7148,0.0000,0.6993
316.814,1,6.511,-1.646,-1.795,0.0000,-0.7148,0.0000,0.6993
316.847,1,6.511,-1.646,-1.795,0.0000,-0.7148,0.0000,0.6993
316.880,1,6.511,-1.646,-1.795,0.0000,-0.7148,0.0000,0.6993
316.913,1,6.511,-1.646,-1.795,0.0000,-0.7148,0.0000,0.6993
316.946,1,6.511,-1.646,-1.795,0.0000,-0.7148,0.0000,0.6993
316.988,1,6.511,-1.646,-1.795,0.0000,-0.7148,0.0000,0.6993
317.021,1,6.511,-1.646,-1.795,0.0000,-0.7148,0.0000,0.6993
317.053,1,6.511,-1.646,-1.795,0.0000,-0.7148,0.0000,0.6993
317.086,1,6.511,-1.646,-1.795,0.0000,-0.7148,0.0000,0.6993
317.118,1,6.511,-1.646,-1.795,0.0000,-0.7148,0.0000,0.6993
317.150,1,6.511,-1.646,-1.795,0.0000,-0.7148,0.0000,0.6993
317.183,1,6.511,-1.646,-1.795,0.0000,-0.7148,0.0000,0.6993
317.216,1,6.511,-1.646,-1.795,0.0000,-0.7148,0.0000,0.6993
317.249,1,6.511,-1.646,-1.795,0.0000,-0.7148,0.0000,0.6993
317.281,1,6.511,-1.646,-1.795,0.0000,-0.7148,0.0000,0.6993
317.314,1,6.511,-1.646,-1.795,0.0000,-0.7148,0.0000,0.6993
317.347,1,6.511,-1.646,-1.795,0.0000,-0.7148,0.0000,0.6993
317.380,1,6.511,-1.646,-1.795,0.0000,-0.7148,0.0000,0.6993
317.413,1,6.511,-1.646,-1.795,0.0000,-0.7148,0.0000,0.6993
317.445,1,6.511,-1.646,-1.795,0.0000,-0.7148,0.0000,0.6993
317.489,1,6.511,-1.646,-1.795,0.0000,-0.7148,0.0000,0.6993
317.521,1,6.511,-1.646,-1.795,0.0000,-0.7148,0.0000,0.6993
317.554,1,6.511,-1.646,-1.795,0.0000,-0.7148,0.0000,0.6993
317.586,1,6.511,-1.646,-1.795,0.0000,-0.7148,0.0000,0.6993
317.619,1,6.511,-1.646,-1.795,0.0000,-0.7148,0.0000,0.6993
317.652,1,6.511,-1.646,-1.795,0.0000,-0.7148,0.0000,0.6993
317.685,1,6.511,-1.646,-1.795,0.0000,-0.7148,0.0000,0.6993
317.718,1,6.511,-1.646,-1.795,0.0000,-0.7148,0.0000,0.6993
317.751,1,6.511,-1.646,-1.795,0.0000,-0.7148,0.0000,0.6993
317.783,1,6.511,-1.646,-1.795,0.0000,-0.7148,0.0000,0.6993
317.816,1,6.511,-1.646,-1.795,0.0000,-0.7148,0.0000,0.6993
317.849,1,6.511,-1.646,-1.795,0.0000,-0.7148,0.0000,0.6993
317.882,1,6.511,-1.646,-1.795,0.0000,-0.7148,0.0000,0.6993
317.914,1,6.511,-1.646,-1.795,0.0000,-0.7148,0.0000,0.6993
317.947,1,6.511,-1.646,-1.795,0.0000,-0.7148,0.0000,0.6993
317.980,1,6.511,-1.646,-1.795,0.0000,-0.7148,0.0000,0.6993
318.013,1,6.511,-1.646,-1.795,0.0000,-0.7148,0.0000,0.6993
318.056,1,6.511,-1.646,-1.795,0.0000,-0.7148,0.0000,0.6993
318.089,1,6.511,-1.646,-1.795,0.0000,-0.7148,0.0000,0.6993
318.123,1,6.511,-1.646,-1.795,0.0000,-0.7148,0.0000,0.6993
318.154,1,6.511,-1.646,-1.795,0.0000,-0.7148,0.0000,0.6993
318.187,1,6.511,-1.646,-1.795,0.0000,-0.7148,0.0000,0.6993
318.220,1,6.511,-1.646,-1.795,0.0000,-0.7148,0.0000,0.6993
318.253,1,6.511,-1.646,-1.795,0.0000,-0.7148,0.0000,0.6993
318.317,1,6.511,-1.646,-1.795,0.0000,-0.7148,0.0000,0.6993
318.317,1,6.511,-1.646,-1.795,0.0000,-0.7148,0.0000,0.6993
318.362,1,6.511,-1.646,-1.795,0.0000,-0.7148,0.0000,0.6993
318.380,1,6.511,-1.646,-1.795,0.0000,-0.7148,0.0000,0.6993
318.414,1,6.511,-1.646,-1.795,0.0000,-0.7148,0.0000,0.6993
318.455,1,6.511,-1.646,-1.795,0.0000,-0.7148,0.0000,0.6993
318.489,1,6.511,-1.646,-1.795,0.0000,-0.7148,0.0000,0.6993
318.512,1,6.511,-1.646,-1.795,0.0000,-0.7148,0.0000,0.6993
318.547,1,6.511,-1.646,-1.795,0.0000,-0.7148,0.0000,0.6993
318.581,1,6.511,-1.646,-1.795,0.0000,-0.7148,0.0000,0.6993
318.615,1,6.511,-1.646,-1.795,0.0000,-0.7148,0.0000,0.6993
318.649,1,6.511,-1.646,-1.795,0.0000,-0.7148,0.0000,0.6993
318.684,1,6.511,-1.646,-1.795,0.0000,-0.7148,0.0000,0.6993
318.718,1,6.511,-1.646,-1.795,0.0000,-0.7148,0.0000,0.6993
318.751,1,6.511,-1.646,-1.795,0.0000,-0.7148,0.0000,0.6993
318.780,1,6.511,-1.646,-1.795,0.0000,-0.7148,0.0000,0.6993
318.812,1,6.511,-1.646,-1.795,0.0000,-0.7148,0.0000,0.6993
318.853,1,6.511,-1.646,-1.795,0.0000,-0.7148,0.0000,0.6993
318.887,1,6.511,-1.646,-1.795,0.0000,-0.7148,0.0000,0.6993
318.924,1,6.511,-1.646,-1.795,0.0000,-0.7148,0.0000,0.6993
318.955,1,6.511,-1.646,-1.795,0.0000,-0.7148,0.0000,0.6993
318.978,1,6.511,-1.646,-1.795,0.0000,-0.7148,0.0000,0.6993
319.020,1,6.511,-1.646,-1.795,0.0000,-0.7148,0.0000,0.6993
319.059,1,6.511,-1.646,-1.795,0.0000,-0.7148,0.0000,0.6993
319.078,1,6.511,-1.646,-1.795,0.0000,-0.7148,0.0000,0.6993
319.118,1,6.511,-1.646,-1.795,0.0000,-0.7148,0.0000,0.6993
319.159,1,6.511,-1.646,-1.795,0.0000,-0.7148,0.0000,0.6993
319.178,1,6.511,-1.646,-1.795,0.0000,-0.7148,0.0000,0.6993
319.214,1,6.511,-1.646,-1.795,0.0000,-0.7148,0.0000,0.6993
319.251,1,6.511,-1.646,-1.795,0.0000,-0.7148,0.0000,0.6993
319.279,1,6.511,-1.646,-1.795,0.0000,-0.7148,0.0000,0.6993
319.311,1,6.511,-1.646,-1.795,0.0000,-0.7148,0.0000,0.6993
319.350,1,6.511,-1.646,-1.795,0.0000,-0.7148,0.0000,0.6993
319.385,1,6.511,-1.646,-1.795,0.0000,-0.7148,0.0000,0.6993
319.414,1,6.511,-1.646,-1.795,0.0000,-0.7148,0.0000,0.6993
319.447,1,6.511,-1.646,-1.795,0.0000,-0.7148,0.0000,0.6993
319.482,1,6.511,-1.646,-1.795,0.0000,-0.7148,0.0000,0.6993
319.526,1,6.511,-1.646,-1.795,0.0000,-0.7148,0.0000,0.6993
319.552,1,6.511,-1.646,-1.795,0.0000,-0.7148,0.0000,0.6993
319.578,1,6.511,-1.646,-1.795,0.0000,-0.7148,0.0000,0.6993
319.613,1,6.511,-1.646,-1.795,0.0000,-0.7148,0.0000,0.6993
319.647,1,6.511,-1.646,-1.795,0.0000,-0.7148,0.0000,0.6993
319.681,1,6.511,-1.646,-1.795,0.0000,-0.7148,0.0000,0.6993
319.715,1,6.511,-1.646,-1.795,0.0000,-0.7148,0.0000,0.6993
319.748,1,6.511,-1.646,-1.795,0.0000,-0.7148,0.0000,0.6993
319.785,1,6.511,-1.646,-1.795,0.0000,-0.7148,0.0000,0.6993
319.812,1,6.511,-1.646,-1.795,0.0000,-0.7148,0.0000,0.6993
319.846,1,6.511,-1.646,-1.795,0.0000,-0.7148,0.0000,0.6993
319.890,1,6.511,-1.646,-1.795,0.0000,-0.7148,0.0000,0.6993
319.911,1,6.511,-1.646,-1.795,0.0000,-0.7148,0.0000,0.6993
319.945,1,6.511,-1.646,-1.795,0.0000,-0.7148,0.0000,0.6993
319.981,1,6.511,-1.646,-1.795,0.0000,-0.7148,0.0000,0.6993
320.015,1,6.511,-1.646,-1.795,0.0000,-0.7148,0.0000,0.6993
320.045,1,6.511,-1.646,-1.795,0.0000,-0.7148,0.0000,0.6993
320.079,1,6.511,-1.646,-1.795,0.0000,-0.7148,0.0000,0.6993
320.113,1,6.511,-1.646,-1.795,0.0000,-0.7148,0.0000,0.6993
320.160,1,6.511,-1.646,-1.795,0.0000,-0.7148,0.0000,0.6993
320.183,1,6.511,-1.646,-1.795,0.0000,-0.7148,0.0000,0.6993
320.218,1,6.511,-1.646,-1.795,0.0000,-0.7148,0.0000,0.6993
320.259,1,6.511,-1.646,-1.795,0.0000,-0.7148,0.0000,0.6993
320.285,1,6.511,-1.646,-1.795,0.0000,-0.7148,0.0000,0.6993
320.312,1,6.511,-1.646,-1.795,0.0000,-0.7148,0.0000,0.6993
320.352,1,6.511,-1.646,-1.795,0.0000,-0.7148,0.0000,0.6993
320.390,1,6.511,-1.646,-1.795,0.0000,-0.7148,0.0000,0.6993
320.413,1,6.511,-1.646,-1.795,0.0000,-0.7148,0.0000,0.6993
320.446,1,6.511,-1.646,-1.795,0.0000,-0.7148,0.0000,0.6993
320.478,1,6.511,-1.646,-1.795,0.0000,-0.7148,0.0000,0.6993
320.518,1,6.511,-1.646,-1.795,0.0000,-0.7148,0.0000,0.6993
320.551,1,6.511,-1.646,-1.795,0.0000,-0.7148,0.0000,0.6993
320.581,1,6.511,-1.646,-1.795,0.0000,-0.7148,0.0000,0.6993
320.612,1,6.511,-1.646,-1.795,0.0000,-0.7148,0.0000,0.6993
320.645,1,6.511,-1.646,-1.795,0.0000,-0.7148,0.0000,0.6993
320.678,1,6.511,-1.646,-1.795,0.0000,-0.7148,0.0000,0.6993
320.714,1,6.511,-1.646,-1.795,0.0000,-0.7148,0.0000,0.6993
320.745,1,6.511,-1.646,-1.795,0.0000,-0.7148,0.0000,0.6993
320.778,1,6.511,-1.646,-1.795,0.0000,-0.7148,0.0000,0.6993
320.811,1,6.511,-1.646,-1.795,0.0000,-0.7148,0.0000,0.6993
320.848,1,6.511,-1.646,-1.795,0.0000,-0.7148,0.0000,0.6993
320.879,1,6.511,-1.646,-1.795,0.0000,-0.7148,0.0000,0.6993
320.912,1,6.511,-1.646,-1.795,0.0000,-0.7148,0.0000,0.6993
320.946,1,6.511,-1.646,-1.795,0.0000,-0.7148,0.0000,0.6993
320.981,1,6.511,-1.646,-1.795,0.0000,-0.7148,0.0000,0.6993
321.014,1,6.511,-1.646,-1.795,0.0000,-0.7148,0.0000,0.6993
321.048,1,6.511,-1.646,-1.795,0.0000,-0.7148,0.0000,0.6993
321.081,1,6.511,-1.646,-1.795,0.0000,-0.7148,0.0000,0.6993
321.113,1,6.511,-1.646,-1.795,0.0000,-0.7148,0.0000,0.6993
321.147,1,6.511,-1.646,-1.795,0.0000,-0.7148,0.0000,0.6993
321.180,1,6.511,-1.646,-1.795,0.0000,-0.7148,0.0000,0.6993
321.233,1,6.511,-1.646,-1.795,0.0000,-0.7148,0.0000,0.6993
321.244,1,6.511,-1.646,-1.795,0.0000,-0.7148,0.0000,0.6993
321.286,1,6.511,-1.646,-1.795,0.0000,-0.7148,0.0000,0.6993
321.320,1,6.511,-1.646,-1.795,0.0000,-0.7148,0.0000,0.6993
321.344,1,6.511,-1.646,-1.795,0.0000,-0.7148,0.0000,0.6993
321.383,1,6.511,-1.646,-1.795,0.0000,-0.7148,0.0000,0.6993
321.412,1,6.511,-1.646,-1.795,0.0000,-0.7148,0.0000,0.6993
321.455,1,6.511,-1.646,-1.795,0.0000,-0.7148,0.0000,0.6993
321.488,1,6.511,-1.646,-1.795,0.0000,-0.7148,0.0000,0.6993
321.521,1,6.511,-1.646,-1.795,0.0000,-0.7148,0.0000,0.6993
321.555,1,6.511,-1.646,-1.795,0.0000,-0.7148,0.0000,0.6993
321.588,1,6.511,-1.646,-1.795,0.0000,-0.7148,0.0000,0.6993
321.621,1,6.511,-1.646,-1.795,0.0000,-0.7148,0.0000,0.6993
321.655,1,6.511,-1.646,-1.795,0.0000,-0.7148,0.0000,0.6993
321.688,1,6.511,-1.646,-1.795,0.0000,-0.7148,0.0000,0.6993
321.710,1,6.511,-1.646,-1.795,0.0000,-0.7148,0.0000,0.6993
321.744,1,6.511,-1.646,-1.795,0.0000,-0.7148,0.0000,0.6993
321.777,1,6.511,-1.646,-1.795,0.0000,-0.7148,0.0000,0.6993
321.811,1,6.511,-1.646,-1.795,0.0000,-0.7148,0.0000,0.6993
321.844,1,6.511,-1.646,-1.795,0.0000,-0.7148,0.0000,0.6993
321.879,1,6.511,-1.646,-1.795,0.0000,-0.7148,0.0000,0.6993
321.913,1,6.511,-1.646,-1.795,0.0000,-0.7148,0.0000,0.6993
321.945,1,6.511,-1.646,-1.795,0.0000,-0.7148,0.0000,0.6993
321.979,1,6.511,-1.646,-1.795,0.0000,-0.7148,0.0000,0.6993
322.020,1,6.511,-1.646,-1.795,0.0000,-0.7148,0.0000,0.6993
322.050,1,6.511,-1.646,-1.795,0.0000,-0.7148,0.0000,0.6993
322.079,1,6.511,-1.646,-1.795,0.0000,-0.7148,0.0000,0.6993
322.113,1,6.511,-1.646,-1.795,0.0000,-0.7148,0.0000,0.6993
322.146,1,6.511,-1.646,-1.795,0.0000,-0.7148,0.0000,0.6993
322.179,1,6.511,-1.646,-1.795,0.0000,-0.7148,0.0000,0.6993
322.211,1,6.511,-1.646,-1.795,0.0000,-0.7148,0.0000,0.6993
322.245,1,6.511,-1.646,-1.795,0.0000,-0.7148,0.0000,0.6993
322.278,1,6.511,-1.646,-1.795,0.0000,-0.7148,0.0000,0.6993
322.312,1,6.511,-1.646,-1.795,0.0000,-0.7148,0.0000,0.6993
322.344,1,6.511,-1.646,-1.795,0.0000,-0.7148,0.0000,0.6993
322.377,1,6.511,-1.646,-1.795,0.0000,-0.7148,0.0000,0.6993
322.411,1,6.511,-1.646,-1.795,0.0000,-0.7148,0.0000,0.6993
322.444,1,6.511,-1.646,-1.795,0.0000,-0.7148,0.0000,0.6993
322.477,1,6.511,-1.646,-1.795,0.0000,-0.7148,0.0000,0.6993
322.510,1,6.511,-1.646,-1.795,0.0000,-0.7148,0.0000,0.6993
322.544,1,6.511,-1.646,-1.795,0.0000,-0.7148,0.0000,0.6993
322.577,1,6.511,-1.646,-1.795,0.0000,-0.7148,0.0000,0.6993
322.621,1,6.511,-1.646,-1.795,0.0000,-0.7148,0.0000,0.6993
322.655,1,6.511,-1.646,-1.795,0.0000,-0.7148,0.0000,0.6993
322.688,1,6.511,-1.646,-1.795,0.0000,-0.7148,0.0000,0.6993
322.722,1,6.511,-1.646,-1.795,0.0000,-0.7148,0.0000,0.6993
322.745,1,6.511,-1.646,-1.795,0.0000,-0.7148,0.0000,0.6993
322.788,1,6.511,-1.646,-1.795,0.0000,-0.7148,0.0000,0.6993
322.820,1,6.511,-1.646,-1.795,0.0000,-0.7148,0.0000,0.6993
322.843,1,6.511,-1.646,-1.795,0.0000,-0.7148,0.0000,0.6993
322.887,1,6.511,-1.646,-1.795,0.0000,-0.7148,0.0000,0.6993
322.920,1,6.511,-1.646,-1.795,0.0000,-0.7148,0.0000,0.6993
322.953,1,6.511,-1.646,-1.795,0.0000,-0.7148,0.0000,0.6993
322.986,1,6.511,-1.646,-1.795,0.0000,-0.7148,0.0000,0.6993
323.019,1,6.511,-1.646,-1.795,0.0000,-0.7148,0.0000,0.6993
323.053,1,6.511,-1.646,-1.795,0.0000,-0.7148,0.0000,0.6993
323.086,1,6.511,-1.646,-1.795,0.0000,-0.7148,0.0000,0.6993
323.119,1,6.511,-1.646,-1.795,0.0000,-0.7148,0.0000,0.6993
323.152,1,6.511,-1.646,-1.795,0.0000,-0.7148,0.0000,0.6993
323.186,1,6.511,-1.646,-1.795,0.0000,-0.7148,0.0000,0.6993
323.219,1,6.511,-1.646,-1.795,0.0000,-0.7148,0.0000,0.6993
323.252,1,6.511,-1.646,-1.795,0.0000,-0.7148,0.0000,0.6993
323.285,1,6.511,-1.646,-1.795,0.0000,-0.7148,0.0000,0.6993
323.318,1,6.511,-1.646,-1.795,0.0000,-0.7148,0.0000,0.6993
323.351,1,6.511,-1.646,-1.795,0.0000,-0.7148,0.0000,0.6993
323.385,1,6.511,-1.646,-1.795,0.0000,-0.7148,0.0000,0.6993
323.418,1,6.511,-1.646,-1.795,0.0000,-0.7148,0.0000,0.6993
323.452,1,6.511,-1.646,-1.795,0.0000,-0.7148,0.0000,0.6993
323.488,1,6.511,-1.646,-1.795,0.0000,-0.7148,0.0000,0.6993
323.511,1,6.511,-1.646,-1.795,0.0000,-0.7148,0.0000,0.6993
323.553,1,6.511,-1.646,-1.795,0.0000,-0.7148,0.0000,0.6993
323.586,1,6.511,-1.646,-1.795,0.0000,-0.7148,0.0000,0.6993
323.620,1,6.511,-1.646,-1.795,0.0000,-0.7148,0.0000,0.6993
323.654,1,6.511,-1.646,-1.795,0.0000,-0.7148,0.0000,0.6993
323.686,1,6.511,-1.646,-1.795,0.0000,-0.7148,0.0000,0.6993
323.719,1,6.511,-1.646,-1.795,0.0000,-0.7148,0.0000,0.6993
323.752,1,6.511,-1.646,-1.795,0.0000,-0.7148,0.0000,0.6993
323.786,1,6.511,-1.646,-1.795,0.0000,-0.7148,0.0000,0.6993
323.819,1,6.511,-1.646,-1.795,0.0000,-0.7148,0.0000,0.6993
323.852,1,6.511,-1.646,-1.795,0.0000,-0.7148,0.0000,0.6993
323.885,1,6.511,-1.646,-1.795,0.0000,-0.7148,0.0000,0.6993
323.918,1,6.511,-1.646,-1.795,0.0000,-0.7148,0.0000,0.6993
323.952,1,6.511,-1.646,-1.795,0.0000,-0.7148,0.0000,0.6993
323.985,1,6.511,-1.646,-1.795,0.0000,-0.7148,0.0000,0.6993
324.018,1,6.511,-1.646,-1.795,0.0000,-0.7148,0.0000,0.6993
324.051,1,6.511,-1.646,-1.795,0.0000,-0.7148,0.0000,0.6993
324.080,1,6.511,-1.646,-1.795,0.0000,-0.7148,0.0000,0.6993
324.110,1,6.511,-1.646,-1.795,0.0000,-0.7148,0.0000,0.6993
324.152,1,6.511,-1.646,-1.795,0.0000,-0.7148,0.0000,0.6993
324.186,1,6.511,-1.646,-1.795,0.0000,-0.7148,0.0000,0.6993
324.220,1,6.511,-1.646,-1.795,0.0000,-0.7148,0.0000,0.6993
324.254,1,6.511,-1.646,-1.795,0.0000,-0.7148,0.0000,0.6993
324.286,1,6.511,-1.646,-1.795,0.0000,-0.7148,0.0000,0.6993
324.322,1,6.511,-1.646,-1.795,0.0000,-0.7148,0.0000,0.6993
324.346,1,6.511,-1.646,-1.795,0.0000,-0.7148,0.0000,0.6993
324.386,1,6.511,-1.646,-1.795,0.0000,-0.7148,0.0000,0.6993
324.420,1,6.511,-1.646,-1.795,0.0000,-0.7148,0.0000,0.6993
324.453,1,6.511,-1.646,-1.795,0.0000,-0.7148,0.0000,0.6993
324.487,1,6.511,-1.646,-1.795,0.0000,-0.7148,0.0000,0.6993
324.519,1,6.511,-1.646,-1.795,0.0000,-0.7148,0.0000,0.6993
324.553,1,6.511,-1.646,-1.795,0.0000,-0.7148,0.0000,0.6993
324.587,1,6.511,-1.646,-1.795,0.0000,-0.7148,0.0000,0.6993
324.621,1,6.511,-1.646,-1.795,0.0000,-0.7148,0.0000,0.6993
324.643,1,6.511,-1.646,-1.795,0.0000,-0.7148,0.0000,0.6993
324.687,1,6.511,-1.646,-1.795,0.0000,-0.7148,0.0000,0.6993
324.720,1,6.511,-1.646,-1.795,0.0000,-0.7148,0.0000,0.6993
324.753,1,6.511,-1.646,-1.795,0.0000,-0.7148,0.0000,0.6993
324.787,1,6.511,-1.646,-1.795,0.0000,-0.7148,0.0000,0.6993
324.821,1,6.511,-1.646,-1.795,0.0000,-0.7148,0.0000,0.6993
324.844,1,6.511,-1.646,-1.795,0.0000,-0.7148,0.0000,0.6993
324.888,1,6.511,-1.646,-1.795,0.0000,-0.7148,0.0000,0.6993
324.921,1,6.511,-1.646,-1.795,0.0000,-0.7148,0.0000,0.6993
324.945,1,6.511,-1.646,-1.795,0.0000,-0.7148,0.0000,0.6993
324.977,1,6.511,-1.646,-1.795,0.0000,-0.7148,0.0000,0.6993
325.011,1,6.511,-1.646,-1.795,0.0000,-0.7148,0.0000,0.6993
325.046,1,6.511,-1.646,-1.795,0.0000,-0.7148,0.0000,0.6993
325.078,1,6.511,-1.646,-1.795,0.0000,-0.7148,0.0000,0.6993
325.110,1,6.511,-1.646,-1.795,0.0000,-0.7148,0.0000,0.6993
325.145,1,6.511,-1.646,-1.795,0.0000,-0.7148,0.0000,0.6993
325.179,1,6.511,-1.646,-1.795,0.0000,-0.7148,0.0000,0.6993
325.215,1,6.511,-1.646,-1.795,0.0000,-0.7148,0.0000,0.6993
325.248,1,6.511,-1.646,-1.795,0.0000,-0.7148,0.0000,0.6993
325.280,1,6.511,-1.646,-1.795,0.0000,-0.7148,0.0000,0.6993
325.313,1,6.511,-1.646,-1.795,0.0000,-0.7148,0.0000,0.6993
325.347,1,6.511,-1.646,-1.795,0.0000,-0.7148,0.0000,0.6993
325.380,1,6.511,-1.646,-1.795,0.0000,-0.7148,0.0000,0.6993
325.413,1,6.511,-1.646,-1.795,0.0000,-0.7148,0.0000,0.6993
325.448,1,6.511,-1.646,-1.795,0.0000,-0.7148,0.0000,0.6993
325.482,1,6.511,-1.646,-1.795,0.0000,-0.7148,0.0000,0.6993
325.515,1,6.511,-1.646,-1.795,0.0000,-0.7148,0.0000,0.6993
325.550,1,6.511,-1.646,-1.795,0.0000,-0.7148,0.0000,0.6993
325.582,1,6.511,-1.646,-1.795,0.0000,-0.7148,0.0000,0.6993
325.614,1,6.511,-1.646,-1.795,0.0000,-0.7148,0.0000,0.6993
325.647,1,6.511,-1.646,-1.795,0.0000,-0.7148,0.0000,0.6993
325.680,1,6.511,-1.646,-1.795,0.0000,-0.7148,0.0000,0.6993
325.714,1,6.511,-1.646,-1.795,0.0000,-0.7148,0.0000,0.6993
325.747,1,6.511,-1.646,-1.795,0.0000,-0.7148,0.0000,0.6993
325.780,1,6.511,-1.646,-1.795,0.0000,-0.7148,0.0000,0.6993
325.814,1,6.511,-1.646,-1.795,0.0000,-0.7148,0.0000,0.6993
325.848,1,6.511,-1.646,-1.795,0.0000,-0.7148,0.0000,0.6993
325.881,1,6.511,-1.646,-1.795,0.0000,-0.7148,0.0000,0.6993
325.914,1,6.511,-1.646,-1.795,0.0000,-0.7148,0.0000,0.6993
325.946,1,6.511,-1.646,-1.795,0.0000,-0.7148,0.0000,0.6993
325.979,1,6.511,-1.646,-1.795,0.0000,-0.7148,0.0000,0.6993
326.013,1,6.511,-1.646,-1.795,0.0000,-0.7148,0.0000,0.6993
326.045,1,6.511,-1.646,-1.795,0.0000,-0.7148,0.0000,0.6993
326.079,1,6.511,-1.646,-1.795,0.0000,-0.7148,0.0000,0.6993
326.112,1,6.511,-1.646,-1.795,0.0000,-0.7148,0.0000,0.6993
326.145,1,6.511,-1.646,-1.795,0.0000,-0.7148,0.0000,0.6993
326.179,1,6.511,-1.646,-1.795,0.0000,-0.7148,0.0000,0.6993
326.211,1,6.511,-1.646,-1.795,0.0000,-0.7148,0.0000,0.6993
326.244,1,6.511,-1.646,-1.795,0.0000,-0.7148,0.0000,0.6993
326.278,1,6.511,-1.646,-1.795,0.0000,-0.7148,0.0000,0.6993
326.311,1,6.511,-1.646,-1.795,0.0000,-0.7148,0.0000,0.6993
326.344,1,6.511,-1.646,-1.795,0.0000,-0.7148,0.0000,0.6993
326.377,1,6.511,-1.646,-1.795,0.0000,-0.7148,0.0000,0.6993
326.412,1,6.511,-1.646,-1.795,0.0000,-0.7148,0.0000,0.6993
326.445,1,6.511,-1.646,-1.795,0.0000,-0.7148,0.0000,0.6993
326.477,1,6.511,-1.646,-1.795,0.0000,-0.7148,0.0000,0.6993
326.511,1,6.511,-1.646,-1.795,0.0000,-0.7148,0.0000,0.6993
326.545,1,6.511,-1.646,-1.795,0.0000,-0.7148,0.0000,0.6993
326.581,1,6.511,-1.646,-1.795,0.0000,-0.7148,0.0000,0.6993
326.610,1,6.511,-1.646,-1.795,0.0000,-0.7148,0.0000,0.6993
326.644,1,6.511,-1.646,-1.795,0.0000,-0.7148,0.0000,0.6993
326.678,1,6.511,-1.646,-1.795,0.0000,-0.7148,0.0000,0.6993
326.711,1,6.511,-1.646,-1.795,0.0000,-0.7148,0.0000,0.6993
326.745,1,6.511,-1.646,-1.795,0.0000,-0.7148,0.0000,0.6993
326.778,1,6.511,-1.646,-1.795,0.0000,-0.7148,0.0000,0.6993
326.811,1,6.511,-1.646,-1.795,0.0000,-0.7148,0.0000,0.6993
326.844,1,6.511,-1.646,-1.795,0.0000,-0.7148,0.0000,0.6993
326.878,1,6.511,-1.646,-1.795,0.0000,-0.7148,0.0000,0.6993
326.912,1,6.511,-1.646,-1.795,0.0000,-0.7148,0.0000,0.6993
326.944,1,6.511,-1.646,-1.795,0.0000,-0.7148,0.0000,0.6993
326.978,1,6.511,-1.646,-1.795,0.0000,-0.7148,0.0000,0.6993
327.011,1,6.511,-1.646,-1.795,0.0000,-0.7148,0.0000,0.6993
327.044,1,6.511,-1.646,-1.795,0.0000,-0.7148,0.0000,0.6993
327.079,1,6.511,-1.646,-1.795,0.0000,-0.7148,0.0000,0.6993
327.111,1,6.511,-1.646,-1.795,0.0000,-0.7148,0.0000,0.6993
327.144,1,6.511,-1.646,-1.795,0.0000,-0.7148,0.0000,0.6993
327.178,1,6.511,-1.646,-1.795,0.0000,-0.7148,0.0000,0.6993
327.212,1,6.511,-1.646,-1.795,0.0000,-0.7148,0.0000,0.6993
327.244,1,6.511,-1.646,-1.795,0.0000,-0.7148,0.0000,0.6993
327.277,1,6.511,-1.646,-1.795,0.0000,-0.7148,0.0000,0.6993
327.311,1,6.511,-1.646,-1.795,0.0000,-0.7148,0.0000,0.6993
327.346,1,6.511,-1.646,-1.795,0.0000,-0.7148,0.0000,0.6993
327.378,1,6.511,-1.646,-1.795,0.0000,-0.7148,0.0000,0.6993
327.412,1,6.511,-1.646,-1.795,0.0000,-0.7148,0.0000,0.6993
327.446,1,6.511,-1.646,-1.795,0.0000,-0.7148,0.0000,0.6993
327.479,1,6.511,-1.646,-1.795,0.0000,-0.7148,0.0000,0.6993
327.513,1,6.511,-1.646,-1.795,0.0000,-0.7148,0.0000,0.6993
327.546,1,6.511,-1.646,-1.795,0.0000,-0.7148,0.0000,0.6993
327.579,1,6.511,-1.646,-1.795,0.0000,-0.7148,0.0000,0.6993
327.613,1,6.511,-1.646,-1.795,0.0000,-0.7148,0.0000,0.6993
327.646,1,6.511,-1.646,-1.795,0.0000,-0.7148,0.0000,0.6993
327.680,1,6.511,-1.646,-1.795,0.0000,-0.7148,0.0000,0.6993
327.713,1,6.511,-1.646,-1.795,0.0000,-0.7148,0.0000,0.6993
327.747,1,6.511,-1.646,-1.795,0.0000,-0.7148,0.0000,0.6993
327.779,1,6.511,-1.646,-1.795,0.0000,-0.7148,0.0000,0.6993
327.813,1,6.511,-1.646,-1.795,0.0000,-0.7148,0.0000,0.6993
327.846,1,6.511,-1.646,-1.795,0.0000,-0.7148,0.0000,0.6993
327.880,1,6.511,-1.646,-1.795,0.0000,-0.7148,0.0000,0.6993
327.912,1,6.511,-1.646,-1.795,0.0000,-0.7148,0.0000,0.6993
327.946,1,6.511,-1.646,-1.795,0.0000,-0.7148,0.0000,0.6993
327.980,1,6.511,-1.646,-1.795,0.0000,-0.7148,0.0000,0.6993
328.014,1,6.511,-1.646,-1.795,0.0000,-0.7148,0.0000,0.6993
328.047,1,6.511,-1.646,-1.795,0.0000,-0.7148,0.0000,0.6993
328.080,1,6.511,-1.646,-1.795,0.0000,-0.7148,0.0000,0.6993
328.114,1,6.511,-1.646,-1.795,0.0000,-0.7148,0.0000,0.6993
328.147,1,6.511,-1.646,-1.795,0.0000,-0.7148,0.0000,0.6993
328.180,1,6.511,-1.646,-1.795,0.0000,-0.7148,0.0000,0.6993
328.215,1,6.511,-1.646,-1.795,0.0000,-0.7148,0.0000,0.6993
328.249,1,6.511,-1.646,-1.795,0.0000,-0.7148,0.0000,0.6993
328.281,1,6.511,-1.646,-1.795,0.0000,-0.7148,0.0000,0.6993
328.315,1,6.511,-1.646,-1.795,0.0000,-0.7148,0.0000,0.6993
328.350,1,6.511,-1.646,-1.795,0.0000,-0.7148,0.0000,0.6993
328.384,1,6.511,-1.646,-1.795,0.0000,-0.7148,0.0000,0.6993
328.417,1,6.511,-1.646,-1.795,0.0000,-0.7148,0.0000,0.6993
328.451,1,6.511,-1.646,-1.795,0.0000,-0.7148,0.0000,0.6993
328.483,1,6.511,-1.646,-1.795,0.0000,-0.7148,0.0000,0.6993
328.517,1,6.511,-1.646,-1.795,0.0000,-0.7148,0.0000,0.6993
328.551,1,6.511,-1.646,-1.795,0.0000,-0.7148,0.0000,0.6993
328.584,1,6.511,-1.646,-1.795,0.0000,-0.7148,0.0000,0.6993
328.619,1,6.511,-1.646,-1.795,0.0000,-0.7148,0.0000,0.6993
328.653,1,6.511,-1.646,-1.795,0.0000,-0.7148,0.0000,0.6993
328.686,1,6.511,-1.646,-1.795,0.0000,-0.7148,0.0000,0.6993
328.710,1,6.511,-1.646,-1.795,0.0000,-0.7148,0.0000,0.6993
328.743,1,6.511,-1.646,-1.795,0.0000,-0.7148,0.0000,0.6993
328.776,1,6.511,-1.646,-1.795,0.0000,-0.7148,0.0000,0.6993
328.814,1,6.511,-1.646,-1.795,0.0000,-0.7148,0.0000,0.6993
328.847,1,6.511,-1.646,-1.795,0.0000,-0.7148,0.0000,0.6993
328.878,1,6.511,-1.646,-1.795,0.0000,-0.7148,0.0000,0.6993
328.911,1,6.511,-1.646,-1.795,0.0000,-0.7148,0.0000,0.6993
328.944,1,6.511,-1.646,-1.795,0.0000,-0.7148,0.0000,0.6993
328.977,1,6.511,-1.646,-1.795,0.0000,-0.7148,0.0000,0.6993
329.010,1,6.511,-1.646,-1.795,0.0000,-0.7148,0.0000,0.6993
329.056,1,6.511,-1.646,-1.795,0.0000,-0.7148,0.0000,0.6993
329.084,1,6.511,-1.646,-1.795,0.0000,-0.7148,0.0000,0.6993
329.111,1,6.511,-1.646,-1.795,0.0000,-0.7148,0.0000,0.6993
329.149,1,6.511,-1.646,-1.795,0.0000,-0.7148,0.0000,0.6993
329.182,1,6.511,-1.646,-1.795,0.0000,-0.7148,0.0000,0.6993
329.214,1,6.511,-1.646,-1.795,0.0000,-0.7148,0.0000,0.6993
329.244,1,6.511,-1.646,-1.795,0.0000,-0.7148,0.0000,0.6993
329.278,1,6.511,-1.646,-1.795,0.0000,-0.7148,0.0000,0.6993
329.311,1,6.511,-1.646,-1.795,0.0000,-0.7148,0.0000,0.6993
329.344,1,6.511,-1.646,-1.795,0.0000,-0.7148,0.0000,0.6993
329.377,1,6.511,-1.646,-1.795,0.0000,-0.7148,0.0000,0.6993
329.411,1,6.511,-1.646,-1.795,0.0000,-0.7148,0.0000,0.6993
329.444,1,6.511,-1.646,-1.795,0.0000,-0.7148,0.0000,0.6993
329.478,1,6.511,-1.646,-1.795,0.0000,-0.7148,0.0000,0.6993
329.514,1,6.511,-1.646,-1.795,0.0000,-0.7148,0.0000,0.6993
329.550,1,6.511,-1.646,-1.795,0.0000,-0.7148,0.0000,0.6993
329.584,1,6.511,-1.646,-1.795,0.0000,-0.7148,0.0000,0.6993
329.618,1,6.511,-1.646,-1.795,0.0000,-0.7148,0.0000,0.6993
329.655,1,6.511,-1.646,-1.795,0.0000,-0.7148,0.0000,0.6993
329.685,1,6.511,-1.646,-1.795,0.0000,-0.7148,0.0000,0.6993
329.715,1,6.511,-1.646,-1.795,0.0000,-0.7148,0.0000,0.6993
329.742,1,6.511,-1.646,-1.795,0.0000,-0.7148,0.0000,0.6993
329.786,1,6.511,-1.646,-1.795,0.0000,-0.7148,0.0000,0.6993
329.809,1,6.511,-1.646,-1.795,0.0000,-0.7148,0.0000,0.6993
329.853,1,6.511,-1.646,-1.795,0.0000,-0.7148,0.0000,0.6993
329.886,1,6.511,-1.646,-1.795,0.0000,-0.7148,0.0000,0.6993
329.919,1,6.511,-1.646,-1.795,0.0000,-0.7148,0.0000,0.6993
329.953,1,6.511,-1.646,-1.795,0.0000,-0.7148,0.0000,0.6993
329.986,1,6.511,-1.646,-1.795,0.0000,-0.7148,0.0000,0.6993
330.019,1,6.511,-1.646,-1.795,0.0000,-0.7148,0.0000,0.6993
330.044,1,6.511,-1.646,-1.795,0.0000,-0.7148,0.0000,0.6993
330.076,1,6.511,-1.646,-1.795,0.0000,-0.7148,0.0000,0.6993
330.111,1,6.511,-1.646,-1.795,0.0000,-0.7148,0.0000,0.6993
330.142,1,6.511,-1.646,-1.795,0.0000,-0.7148,0.0000,0.6993
330.177,1,6.511,-1.646,-1.795,0.0000,-0.7148,0.0000,0.6993
330.209,1,6.511,-1.646,-1.795,0.0000,-0.7148,0.0000,0.6993
330.253,1,6.511,-1.646,-1.795,0.0000,-0.7148,0.0000,0.6993
330.277,1,6.511,-1.646,-1.795,0.0000,-0.7148,0.0000,0.6993
330.311,1,6.511,-1.646,-1.795,0.0000,-0.7148,0.0000,0.6993
330.343,1,6.511,-1.646,-1.795,0.0000,-0.7148,0.0000,0.6993
330.376,1,6.511,-1.646,-1.795,0.0000,-0.7148,0.0000,0.6993
330.412,1,6.511,-1.646,-1.795,0.0000,-0.7148,0.0000,0.6993
330.444,1,6.511,-1.646,-1.795,0.0000,-0.7148,0.0000,0.6993
330.478,1,6.511,-1.646,-1.795,0.0000,-0.7148,0.0000,0.6993
330.511,1,6.511,-1.646,-1.795,0.0000,-0.7148,0.0000,0.6993
330.544,1,6.511,-1.646,-1.795,0.0000,-0.7148,0.0000,0.6993
330.577,1,6.511,-1.646,-1.795,0.0000,-0.7148,0.0000,0.6993
330.610,1,6.511,-1.646,-1.795,0.0000,-0.7148,0.0000,0.6993
330.643,1,6.511,-1.646,-1.795,0.0000,-0.7148,0.0000,0.6993
330.676,1,6.511,-1.646,-1.795,0.0000,-0.7148,0.0000,0.6993
330.710,1,6.511,-1.646,-1.795,0.0000,-0.7148,0.0000,0.6993
330.743,1,6.511,-1.646,-1.795,0.0000,-0.7148,0.0000,0.6993
330.776,1,6.511,-1.646,-1.795,0.0000,-0.7148,0.0000,0.6993
330.809,1,6.511,-1.646,-1.795,0.0000,-0.7148,0.0000,0.6993
330.843,1,6.511,-1.646,-1.795,0.0000,-0.7148,0.0000,0.6993
330.876,1,6.511,-1.646,-1.795,0.0000,-0.7148,0.0000,0.6993
330.909,1,6.511,-1.646,-1.795,0.0000,-0.7148,0.0000,0.6993
330.943,1,6.511,-1.646,-1.795,0.0000,-0.7148,0.0000,0.6993
330.977,1,6.511,-1.646,-1.795,0.0000,-0.7148,0.0000,0.6993
331.010,1,6.511,-1.646,-1.795,0.0000,-0.7148,0.0000,0.6993
331.044,1,6.511,-1.646,-1.795,0.0000,-0.7148,0.0000,0.6993
331.077,1,6.511,-1.646,-1.795,0.0000,-0.7148,0.0000,0.6993
331.111,1,6.511,-1.646,-1.795,0.0000,-0.7148,0.0000,0.6993
331.144,1,6.511,-1.646,-1.795,0.0000,-0.7148,0.0000,0.6993
331.177,1,6.511,-1.646,-1.795,0.0000,-0.7148,0.0000,0.6993
331.211,1,6.511,-1.646,-1.795,0.0000,-0.7148,0.0000,0.6993
331.245,1,6.511,-1.646,-1.795,0.0000,-0.7148,0.0000,0.6993
331.279,1,6.511,-1.646,-1.795,0.0000,-0.7148,0.0000,0.6993
331.312,1,6.511,-1.646,-1.795,0.0000,-0.7148,0.0000,0.6993
331.346,1,6.511,-1.646,-1.795,0.0000,-0.7148,0.0000,0.6993
331.380,1,6.511,-1.646,-1.795,0.0000,-0.7148,0.0000,0.6993
331.412,1,6.511,-1.646,-1.795,0.0000,-0.7148,0.0000,0.6993
331.446,1,6.511,-1.646,-1.795,0.0000,-0.7148,0.0000,0.6993
331.480,1,6.511,-1.646,-1.795,0.0000,-0.7148,0.0000,0.6993
331.513,1,6.511,-1.646,-1.795,0.0000,-0.7148,0.0000,0.6993
331.547,1,6.511,-1.646,-1.795,0.0000,-0.7148,0.0000,0.6993
331.580,1,6.511,-1.646,-1.795,0.0000,-0.7148,0.0000,0.6993
331.614,1,6.511,-1.646,-1.795,0.0000,-0.7148,0.0000,0.6993
331.647,1,6.511,-1.646,-1.795,0.0000,-0.7148,0.0000,0.6993
331.681,1,6.511,-1.646,-1.795,0.0000,-0.7148,0.0000,0.6993
331.714,1,6.511,-1.646,-1.795,0.0000,-0.7148,0.0000,0.6993
331.748,1,6.511,-1.646,-1.795,0.0000,-0.7148,0.0000,0.6993
331.781,1,6.511,-1.646,-1.795,0.0000,-0.7148,0.0000,0.6993
331.815,1,6.511,-1.646,-1.795,0.0000,-0.7148,0.0000,0.6993
331.848,1,6.511,-1.646,-1.795,0.0000,-0.7148,0.0000,0.6993
331.882,1,6.511,-1.646,-1.795,0.0000,-0.7148,0.0000,0.6993
331.917,1,6.511,-1.646,-1.795,0.0000,-0.7148,0.0000,0.6993
331.950,1,6.511,-1.646,-1.795,0.0000,-0.7148,0.0000,0.6993
331.984,1,6.511,-1.646,-1.795,0.0000,-0.7148,0.0000,0.6993
332.019,1,6.511,-1.646,-1.795,0.0000,-0.7148,0.0000,0.6993
332.042,1,6.511,-1.646,-1.795,0.0000,-0.7148,0.0000,0.6993
332.075,1,6.511,-1.646,-1.795,0.0000,-0.7148,0.0000,0.6993
332.109,1,6.511,-1.646,-1.795,0.0000,-0.7148,0.0000,0.6993
332.144,1,6.511,-1.646,-1.795,0.0000,-0.7148,0.0000,0.6993
332.177,1,6.511,-1.646,-1.795,0.0000,-0.7148,0.0000,0.6993
332.211,1,6.511,-1.646,-1.795,0.0000,-0.7148,0.0000,0.6993
332.243,1,6.511,-1.646,-1.795,0.0000,-0.7148,0.0000,0.6993
332.277,1,6.511,-1.646,-1.795,0.0000,-0.7148,0.0000,0.6993
332.310,1,6.511,-1.646,-1.795,0.0000,-0.7148,0.0000,0.6993
332.343,1,6.511,-1.646,-1.795,0.0000,-0.7148,0.0000,0.6993
332.377,1,6.511,-1.646,-1.795,0.0000,-0.7148,0.0000,0.6993
332.409,1,6.511,-1.646,-1.795,0.0000,-0.7148,0.0000,0.6993
332.443,1,6.511,-1.646,-1.795,0.0000,-0.7148,0.0000,0.6993
332.475,1,6.511,-1.646,-1.795,0.0000,-0.7148,0.0000,0.6993
332.508,1,6.511,-1.646,-1.795,0.0000,-0.7148,0.0000,0.6993
332.542,1,6.511,-1.646,-1.795,0.0000,-0.7148,0.0000,0.6993
332.575,1,6.511,-1.646,-1.795,0.0000,-0.7148,0.0000,0.6993
332.608,1,6.511,-1.646,-1.795,0.0000,-0.7148,0.0000,0.6993
332.642,1,6.511,-1.646,-1.795,0.0000,-0.7148,0.0000,0.6993
332.675,1,6.511,-1.646,-1.795,0.0000,-0.7148,0.0000,0.6993
332.708,1,6.511,-1.646,-1.795,0.0000,-0.7148,0.0000,0.6993
332.741,1,6.511,-1.646,-1.795,0.0000,-0.7148,0.0000,0.6993
332.775,1,6.511,-1.646,-1.795,0.0000,-0.7148,0.0000,0.6993
332.809,1,6.511,-1.646,-1.795,0.0000,-0.7148,0.0000,0.6993
332.843,1,6.511,-1.646,-1.795,0.0000,-0.7148,0.0000,0.6993
332.877,1,6.511,-1.646,-1.795,0.0000,-0.7148,0.0000,0.6993
332.911,1,6.511,-1.646,-1.795,0.0000,-0.7148,0.0000,0.6993
332.945,1,6.511,-1.646,-1.795,0.0000,-0.7148,0.0000,0.6993
332.978,1,6.511,-1.646,-1.795,0.0000,-0.7148,0.0000,0.6993
333.011,1,6.511,-1.646,-1.795,0.0000,-0.7148,0.0000,0.6993
333.045,1,6.511,-1.646,-1.795,0.0000,-0.7148,0.0000,0.6993
333.078,1,6.511,-1.646,-1.795,0.0000,-0.7148,0.0000,0.6993
333.112,1,6.511,-1.646,-1.795,0.0000,-0.7148,0.0000,0.6993
333.146,1,6.511,-1.646,-1.795,0.0000,-0.7148,0.0000,0.6993
333.182,1,6.511,-1.646,-1.795,0.0000,-0.7148,0.0000,0.6993
333.213,1,6.511,-1.646,-1.795,0.0000,-0.7148,0.0000,0.6993
333.248,1,6.511,-1.646,-1.795,0.0000,-0.7148,0.0000,0.6993
333.282,1,6.511,-1.646,-1.795,0.0000,-0.7148,0.0000,0.6993
333.315,1,6.511,-1.646,-1.795,0.0000,-0.7148,0.0000,0.6993
333.349,1,6.511,-1.646,-1.795,0.0000,-0.7148,0.0000,0.6993
333.382,1,6.511,-1.646,-1.795,0.0000,-0.7148,0.0000,0.6993
333.416,1,6.511,-1.646,-1.795,0.0000,-0.7148,0.0000,0.6993
333.451,1,6.511,-1.646,-1.795,0.0000,-0.7148,0.0000,0.6993
333.485,1,6.511,-1.646,-1.795,0.0000,-0.7148,0.0000,0.6993
333.518,1,6.511,-1.646,-1.795,0.0000,-0.7148,0.0000,0.6993
333.543,1,6.511,-1.646,-1.795,0.0000,-0.7148,0.0000,0.6993
333.575,1,6.511,-1.646,-1.795,0.0000,-0.7148,0.0000,0.6993
333.608,1,6.511,-1.646,-1.795,0.0000,-0.7148,0.0000,0.6993
333.641,1,6.511,-1.646,-1.795,0.0000,-0.7148,0.0000,0.6993
333.675,1,6.511,-1.646,-1.795,0.0000,-0.7148,0.0000,0.6993
333.709,1,6.511,-1.646,-1.795,0.0000,-0.7148,0.0000,0.6993
333.743,1,6.511,-1.646,-1.795,0.0000,-0.7148,0.0000,0.6993
333.776,1,6.511,-1.646,-1.795,0.0000,-0.7148,0.0000,0.6993
333.810,1,6.511,-1.646,-1.795,0.0000,-0.7148,0.0000,0.6993
333.844,1,6.511,-1.646,-1.795,0.0000,-0.7148,0.0000,0.6993
333.878,1,6.511,-1.646,-1.795,0.0000,-0.7148,0.0000,0.6993
333.912,1,6.511,-1.646,-1.795,0.0000,-0.7148,0.0000,0.6993
333.946,1,6.511,-1.646,-1.795,0.0000,-0.7148,0.0000,0.6993
333.979,1,6.511,-1.646,-1.795,0.0000,-0.7148,0.0000,0.6993
334.013,1,6.511,-1.646,-1.795,0.0000,-0.7148,0.0000,0.6993
334.047,1,6.511,-1.646,-1.795,0.0000,-0.7148,0.0000,0.6993
334.080,1,6.511,-1.646,-1.795,0.0000,-0.7148,0.0000,0.6993
334.114,1,6.511,-1.646,-1.795,0.0000,-0.7148,0.0000,0.6993
334.147,1,6.511,-1.646,-1.795,0.0000,-0.7148,0.0000,0.6993
334.191,1,6.511,-1.646,-1.795,0.0000,-0.7148,0.0000,0.6993
357.929,1,6.511,-1.646,-1.795,0.0000,-0.7148,0.0000,0.6993
357.929,1,6.511,-1.646,-1.795,0.0000,-0.7148,0.0000,0.6993
357.929,1,6.511,-1.646,-1.795,0.0000,-0.7148,0.0000,0.6993
357.929,1,6.511,-1.646,-1.795,0.0000,-0.7148,0.0000,0.6993
357.929,1,6.511,-1.646,-1.795,0.0000,-0.7148,0.0000,0.6993
357.929,1,6.511,-1.646,-1.795,0.0000,-0.7148,0.0000,0.6993
357.929,1,6.511,-1.646,-1.795,0.0000,-0.7148,0.0000,0.6993
357.929,1,6.511,-1.646,-1.795,0.0000,-0.7148,0.0000,0.6993
357.929,1,6.511,-1.646,-1.795,0.0000,-0.7148,0.0000,0.6993
357.929,1,6.511,-1.646,-1.795,0.0000,-0.7148,0.0000,0.6993
357.929,1,6.511,-1.646,-1.795,0.0000,-0.7148,0.0000,0.6993
357.929,1,6.511,-1.646,-1.795,0.0000,-0.7148,0.0000,0.6993
357.929,1,6.511,-1.646,-1.795,0.0000,-0.7148,0.0000,0.6993
357.929,1,6.511,-1.646,-1.795,0.0000,-0.7148,0.0000,0.6993
357.929,1,6.511,-1.646,-1.795,0.0000,-0.7148,0.0000,0.6993
357.929,1,6.511,-1.646,-1.795,0.0000,-0.7148,0.0000,0.6993
357.929,1,6.511,-1.646,-1.795,0.0000,-0.7148,0.0000,0.6993
357.929,1,6.511,-1.646,-1.795,0.0000,-0.7148,0.0000,0.6993
357.929,1,6.511,-1.646,-1.795,0.0000,-0.7148,0.0000,0.6993
357.929,1,6.511,-1.646,-1.795,0.0000,-0.7148,0.0000,0.6993
357.929,1,6.511,-1.646,-1.795,0.0000,-0.7148,0.0000,0.6993
357.929,1,6.511,-1.646,-1.795,0.0000,-0.7148,0.0000,0.6993
357.929,1,6.511,-1.646,-1.795,0.0000,-0.7148,0.0000,0.6993
357.929,1,6.511,-1.646,-1.795,0.0000,-0.7148,0.0000,0.6993
357.929,1,6.511,-1.646,-1.795,0.0000,-0.7148,0.0000,0.6993
357.929,1,6.511,-1.646,-1.795,0.0000,-0.7148,0.0000,0.6993
357.929,1,6.511,-1.646,-1.795,0.0000,-0.7148,0.0000,0.6993
357.929,1,6.511,-1.646,-1.795,0.0000,-0.7148,0.0000,0.6993
357.929,1,6.511,-1.646,-1.795,0.0000,-0.7148,0.0000,0.6993
357.929,1,6.511,-1.646,-1.795,0.0000,-0.7148,0.0000,0.6993
357.929,1,6.511,-1.646,-1.795,0.0000,-0.7148,0.0000,0.6993
357.929,1,6.511,-1.646,-1.795,0.0000,-0.7148,0.0000,0.6993
357.929,1,6.511,-1.646,-1.795,0.0000,-0.7148,0.0000,0.6993
357.929,1,6.511,-1.646,-1.795,0.0000,-0.7148,0.0000,0.6993
357.929,1,6.511,-1.646,-1.795,0.0000,-0.7148,0.0000,0.6993
357.929,1,6.511,-1.646,-1.795,0.0000,-0.7148,0.0000,0.6993
357.929,1,6.511,-1.646,-1.795,0.0000,-0.7148,0.0000,0.6993
357.929,1,6.511,-1.646,-1.795,0.0000,-0.7148,0.0000,0.6993
357.929,1,6.511,-1.646,-1.795,0.0000,-0.7148,0.0000,0.6993
357.929,1,6.511,-1.646,-1.795,0.0000,-0.7148,0.0000,0.6993
357.929,1,6.511,-1.646,-1.795,0.0000,-0.7148,0.0000,0.6993
357.929,1,6.511,-1.646,-1.795,0.0000,-0.7148,0.0000,0.6993
357.929,1,6.511,-1.646,-1.795,0.0000,-0.7148,0.0000,0.6993
357.929,1,6.511,-1.646,-1.795,0.0000,-0.7148,0.0000,0.6993
357.929,1,6.511,-1.646,-1.795,0.0000,-0.7148,0.0000,0.6993
357.929,1,6.511,-1.646,-1.795,0.0000,-0.7148,0.0000,0.6993
357.929,1,6.511,-1.646,-1.795,0.0000,-0.7148,0.0000,0.6993
357.929,1,6.511,-1.646,-1.795,0.0000,-0.7148,0.0000,0.6993
357.929,1,6.511,-1.646,-1.795,0.0000,-0.7148,0.0000,0.6993
357.929,1,6.511,-1.646,-1.795,0.0000,-0.7148,0.0000,0.6993
357.929,1,6.511,-1.646,-1.795,0.0000,-0.7148,0.0000,0.6993
357.929,1,6.511,-1.646,-1.795,0.0000,-0.7148,0.0000,0.6993
357.929,1,6.511,-1.646,-1.795,0.0000,-0.7148,0.0000,0.6993
357.929,1,6.511,-1.646,-1.795,0.0000,-0.7148,0.0000,0.6993
357.929,1,6.511,-1.646,-1.795,0.0000,-0.7148,0.0000,0.6993
357.929,1,6.511,-1.646,-1.795,0.0000,-0.7148,0.0000,0.6993
357.929,1,6.511,-1.646,-1.795,0.0000,-0.7148,0.0000,0.6993
357.929,1,6.511,-1.646,-1.795,0.0000,-0.7148,0.0000,0.6993
357.929,1,6.511,-1.646,-1.795,0.0000,-0.7148,0.0000,0.6993
357.929,1,6.511,-1.646,-1.795,0.0000,-0.7148,0.0000,0.6993
357.929,1,6.511,-1.646,-1.795,0.0000,-0.7148,0.0000,0.6993
357.929,1,6.511,-1.646,-1.795,0.0000,-0.7148,0.0000,0.6993
357.929,1,6.511,-1.646,-1.795,0.0000,-0.7148,0.0000,0.6993
357.929,1,6.511,-1.646,-1.795,0.0000,-0.7148,0.0000,0.6993
357.929,1,6.511,-1.646,-1.795,0.0000,-0.7148,0.0000,0.6993
357.929,1,6.511,-1.646,-1.795,0.0000,-0.7148,0.0000,0.6993
357.929,1,6.511,-1.646,-1.795,0.0000,-0.7148,0.0000,0.6993
357.929,1,6.511,-1.646,-1.795,0.0000,-0.7148,0.0000,0.6993
357.929,1,6.511,-1.646,-1.795,0.0000,-0.7148,0.0000,0.6993
357.929,1,6.511,-1.646,-1.795,0.0000,-0.7148,0.0000,0.6993
357.929,1,6.511,-1.646,-1.795,0.0000,-0.7148,0.0000,0.6993
357.929,1,6.511,-1.646,-1.795,0.0000,-0.7148,0.0000,0.6993
357.929,1,6.511,-1.646,-1.795,0.0000,-0.7148,0.0000,0.6993
357.929,1,6.511,-1.646,-1.795,0.0000,-0.7148,0.0000,0.6993
357.929,1,6.511,-1.646,-1.795,0.0000,-0.7148,0.0000,0.6993
357.929,1,6.511,-1.646,-1.795,0.0000,-0.7148,0.0000,0.6993
357.929,1,6.511,-1.646,-1.795,0.0000,-0.7148,0.0000,0.6993
357.929,1,6.511,-1.646,-1.795,0.0000,-0.7148,0.0000,0.6993
357.929,1,6.511,-1.646,-1.795,0.0000,-0.7148,0.0000,0.6993
357.929,1,6.511,-1.646,-1.795,0.0000,-0.7148,0.0000,0.6993
357.929,1,6.511,-1.646,-1.795,0.0000,-0.7148,0.0000,0.6993
357.929,1,6.511,-1.646,-1.795,0.0000,-0.7148,0.0000,0.6993
357.929,1,6.511,-1.646,-1.795,0.0000,-0.7148,0.0000,0.6993
357.929,1,6.511,-1.646,-1.795,0.0000,-0.7148,0.0000,0.6993
357.929,1,6.511,-1.646,-1.795,0.0000,-0.7148,0.0000,0.6993
357.929,1,6.511,-1.646,-1.795,0.0000,-0.7148,0.0000,0.6993
357.929,1,6.511,-1.646,-1.795,0.0000,-0.7148,0.0000,0.6993
357.929,1,6.511,-1.646,-1.795,0.0000,-0.7148,0.0000,0.6993
357.929,1,6.511,-1.646,-1.795,0.0000,-0.7148,0.0000,0.6993
357.929,1,6.511,-1.646,-1.795,0.0000,-0.7148,0.0000,0.6993
357.929,1,6.511,-1.646,-1.795,0.0000,-0.7148,0.0000,0.6993
357.929,1,6.511,-1.646,-1.795,0.0000,-0.7148,0.0000,0.6993
357.929,1,6.511,-1.646,-1.795,0.0000,-0.7148,0.0000,0.6993
357.929,1,6.511,-1.646,-1.795,0.0000,-0.7148,0.0000,0.6993
357.929,1,6.511,-1.646,-1.795,0.0000,-0.7148,0.0000,0.6993
357.929,1,6.511,-1.646,-1.795,0.0000,-0.7148,0.0000,0.6993
357.929,1,6.511,-1.646,-1.795,0.0000,-0.7148,0.0000,0.6993
357.929,1,6.511,-1.646,-1.795,0.0000,-0.7148,0.0000,0.6993
357.929,1,6.511,-1.646,-1.795,0.0000,-0.7148,0.0000,0.6993
357.929,1,6.511,-1.646,-1.795,0.0000,-0.7148,0.0000,0.6993
357.929,1,6.511,-1.646,-1.795,0.0000,-0.7148,0.0000,0.6993
357.929,1,6.511,-1.646,-1.795,0.0000,-0.7148,0.0000,0.6993
357.929,1,6.511,-1.646,-1.795,0.0000,-0.7148,0.0000,0.6993
357.929,1,6.511,-1.646,-1.795,0.0000,-0.7148,0.0000,0.6993
357.929,1,6.511,-1.646,-1.795,0.0000,-0.7148,0.0000,0.6993
357.929,1,6.511,-1.646,-1.795,0.0000,-0.7148,0.0000,0.6993
357.929,1,6.511,-1.646,-1.795,0.0000,-0.7148,0.0000,0.6993
357.929,1,6.511,-1.646,-1.795,0.0000,-0.7148,0.0000,0.6993
357.929,1,6.511,-1.646,-1.795,0.0000,-0.7148,0.0000,0.6993
357.929,1,6.511,-1.646,-1.795,0.0000,-0.7148,0.0000,0.6993
357.929,1,6.511,-1.646,-1.795,0.0000,-0.7148,0.0000,0.6993
357.929,1,6.511,-1.646,-1.795,0.0000,-0.7148,0.0000,0.6993
357.929,1,6.511,-1.646,-1.795,0.0000,-0.7148,0.0000,0.6993
357.929,1,6.511,-1.646,-1.795,0.0000,-0.7148,0.0000,0.6993
357.929,1,6.511,-1.646,-1.795,0.0000,-0.7148,0.0000,0.6993
357.929,1,6.511,-1.646,-1.795,0.0000,-0.7148,0.0000,0.6993
357.929,1,6.511,-1.646,-1.795,0.0000,-0.7148,0.0000,0.6993
357.929,1,6.511,-1.646,-1.795,0.0000,-0.7148,0.0000,0.6993
357.929,1,6.511,-1.646,-1.795,0.0000,-0.7148,0.0000,0.6993
357.929,1,6.511,-1.646,-1.795,0.0000,-0.7148,0.0000,0.6993
357.929,1,6.511,-1.646,-1.795,0.0000,-0.7148,0.0000,0.6993
357.929,1,6.511,-1.646,-1.795,0.0000,-0.7148,0.0000,0.6993
357.929,1,6.511,-1.646,-1.795,0.0000,-0.7148,0.0000,0.6993
357.929,1,6.511,-1.646,-1.795,0.0000,-0.7148,0.0000,0.6993
357.929,1,6.511,-1.646,-1.795,0.0000,-0.7148,0.0000,0.6993
357.929,1,6.511,-1.646,-1.795,0.0000,-0.7148,0.0000,0.6993
357.929,1,6.511,-1.646,-1.795,0.0000,-0.7148,0.0000,0.6993
357.929,1,6.511,-1.646,-1.795,0.0000,-0.7148,0.0000,0.6993
357.929,1,6.511,-1.646,-1.795,0.0000,-0.7148,0.0000,0.6993
357.929,1,6.511,-1.646,-1.795,0.0000,-0.7148,0.0000,0.6993
357.929,1,6.511,-1.646,-1.795,0.0000,-0.7148,0.0000,0.6993
357.929,1,6.511,-1.646,-1.795,0.0000,-0.7148,0.0000,0.6993
357.929,1,6.511,-1.646,-1.795,0.0000,-0.7148,0.0000,0.6993
357.929,1,6.511,-1.646,-1.795,0.0000,-0.7148,0.0000,0.6993
357.929,1,6.511,-1.646,-1.795,0.0000,-0.7148,0.0000,0.6993
357.929,1,6.511,-1.646,-1.795,0.0000,-0.7148,0.0000,0.6993
357.929,1,6.511,-1.646,-1.795,0.0000,-0.7148,0.0000,0.6993
357.929,1,6.511,-1.646,-1.795,0.0000,-0.7148,0.0000,0.6993
357.929,1,6.511,-1.646,-1.795,0.0000,-0.7148,0.0000,0.6993
357.929,1,6.511,-1.646,-1.795,0.0000,-0.7148,0.0000,0.6993
357.929,1,6.511,-1.646,-1.795,0.0000,-0.7148,0.0000,0.6993
357.929,1,6.511,-1.646,-1.795,0.0000,-0.7148,0.0000,0.6993
357.929,1,6.511,-1.646,-1.795,0.0000,-0.7148,0.0000,0.6993
357.929,1,6.511,-1.646,-1.795,0.0000,-0.7148,0.0000,0.6993
357.929,1,6.511,-1.646,-1.795,0.0000,-0.7148,0.0000,0.6993
357.929,1,6.511,-1.646,-1.795,0.0000,-0.7148,0.0000,0.6993
357.929,1,6.511,-1.646,-1.795,0.0000,-0.7148,0.0000,0.6993
357.929,1,6.511,-1.646,-1.795,0.0000,-0.7148,0.0000,0.6993
357.929,1,6.511,-1.646,-1.795,0.0000,-0.7148,0.0000,0.6993
357.929,1,6.511,-1.646,-1.795,0.0000,-0.7148,0.0000,0.6993
357.929,1,6.511,-1.646,-1.795,0.0000,-0.7148,0.0000,0.6993
357.929,1,6.511,-1.646,-1.795,0.0000,-0.7148,0.0000,0.6993
357.929,1,6.511,-1.646,-1.795,0.0000,-0.7148,0.0000,0.6993
357.929,1,6.511,-1.646,-1.795,0.0000,-0.7148,0.0000,0.6993
357.929,1,6.511,-1.646,-1.795,0.0000,-0.7148,0.0000,0.6993
357.929,1,6.511,-1.646,-1.795,0.0000,-0.7148,0.0000,0.6993
357.929,1,6.511,-1.646,-1.795,0.0000,-0.7148,0.0000,0.6993
357.929,1,6.511,-1.646,-1.795,0.0000,-0.7148,0.0000,0.6993
357.929,1,6.511,-1.646,-1.795,0.0000,-0.7148,0.0000,0.6993
357.929,1,6.511,-1.646,-1.795,0.0000,-0.7148,0.0000,0.6993
357.929,1,6.511,-1.646,-1.795,0.0000,-0.7148,0.0000,0.6993
357.929,1,6.511,-1.646,-1.795,0.0000,-0.7148,0.0000,0.6993
357.929,1,6.511,-1.646,-1.795,0.0000,-0.7148,0.0000,0.6993
357.929,1,6.511,-1.646,-1.795,0.0000,-0.7148,0.0000,0.6993
357.929,1,6.511,-1.646,-1.795,0.0000,-0.7148,0.0000,0.6993
357.929,1,6.511,-1.646,-1.795,0.0000,-0.7148,0.0000,0.6993
357.929,1,6.511,-1.646,-1.795,0.0000,-0.7148,0.0000,0.6993
357.929,1,6.511,-1.646,-1.795,0.0000,-0.7148,0.0000,0.6993
357.929,1,6.511,-1.646,-1.795,0.0000,-0.7148,0.0000,0.6993
357.929,1,6.511,-1.646,-1.795,0.0000,-0.7148,0.0000,0.6993
357.929,1,6.511,-1.646,-1.795,0.0000,-0.7148,0.0000,0.6993
357.929,1,6.511,-1.646,-1.795,0.0000,-0.7148,0.0000,0.6993
357.929,1,6.511,-1.646,-1.795,0.0000,-0.7148,0.0000,0.6993
357.929,1,6.511,-1.646,-1.795,0.0000,-0.7148,0.0000,0.6993
357.929,1,6.511,-1.646,-1.795,0.0000,-0.7148,0.0000,0.6993
357.929,1,6.511,-1.646,-1.795,0.0000,-0.7148,0.0000,0.6993
357.929,1,6.511,-1.646,-1.795,0.0000,-0.7148,0.0000,0.6993
357.929,1,6.511,-1.646,-1.795,0.0000,-0.7148,0.0000,0.6993
357.929,1,6.511,-1.646,-1.795,0.0000,-0.7148,0.0000,0.6993
357.929,1,6.511,-1.646,-1.795,0.0000,-0.7148,0.0000,0.6993
357.929,1,6.511,-1.646,-1.795,0.0000,-0.7148,0.0000,0.6993
357.929,1,6.511,-1.646,-1.795,0.0000,-0.7148,0.0000,0.6993
357.929,1,6.511,-1.646,-1.795,0.0000,-0.7148,0.0000,0.6993
357.929,1,6.511,-1.646,-1.795,0.0000,-0.7148,0.0000,0.6993
357.929,1,6.511,-1.646,-1.795,0.0000,-0.7148,0.0000,0.6993
357.929,1,6.511,-1.646,-1.795,0.0000,-0.7148,0.0000,0.6993
357.929,1,6.511,-1.646,-1.795,0.0000,-0.7148,0.0000,0.6993
357.929,1,6.511,-1.646,-1.795,0.0000,-0.7148,0.0000,0.6993
357.929,1,6.511,-1.646,-1.795,0.0000,-0.7148,0.0000,0.6993
357.929,1,6.511,-1.646,-1.795,0.0000,-0.7148,0.0000,0.6993
357.929,1,6.511,-1.646,-1.795,0.0000,-0.7148,0.0000,0.6993
357.929,1,6.511,-1.646,-1.795,0.0000,-0.7148,0.0000,0.6993
357.929,1,6.511,-1.646,-1.795,0.0000,-0.7148,0.0000,0.6993
357.929,1,6.511,-1.646,-1.795,0.0000,-0.7148,0.0000,0.6993
357.929,1,6.511,-1.646,-1.795,0.0000,-0.7148,0.0000,0.6993
357.929,1,6.511,-1.646,-1.795,0.0000,-0.7148,0.0000,0.6993
357.929,1,6.511,-1.646,-1.795,0.0000,-0.7148,0.0000,0.6993
357.929,1,6.511,-1.646,-1.795,0.0000,-0.7148,0.0000,0.6993
357.929,1,6.511,-1.646,-1.795,0.0000,-0.7148,0.0000,0.6993
357.929,1,6.511,-1.646,-1.795,0.0000,-0.7148,0.0000,0.6993
357.929,1,6.511,-1.646,-1.795,0.0000,-0.7148,0.0000,0.6993
357.929,1,6.511,-1.646,-1.795,0.0000,-0.7148,0.0000,0.6993
357.929,1,6.511,-1.646,-1.795,0.0000,-0.7148,0.0000,0.6993
357.929,1,6.511,-1.646,-1.795,0.0000,-0.7148,0.0000,0.6993
357.929,1,6.511,-1.646,-1.795,0.0000,-0.7148,0.0000,0.6993
357.929,1,6.511,-1.646,-1.795,0.0000,-0.7148,0.0000,0.6993
357.929,1,6.511,-1.646,-1.795,0.0000,-0.7148,0.0000,0.6993
357.929,1,6.511,-1.646,-1.795,0.0000,-0.7148,0.0000,0.6993
357.929,1,6.511,-1.646,-1.795,0.0000,-0.7148,0.0000,0.6993
357.929,1,6.511,-1.646,-1.795,0.0000,-0.7148,0.0000,0.6993
357.929,1,6.511,-1.646,-1.795,0.0000,-0.7148,0.0000,0.6993
357.929,1,6.511,-1.646,-1.795,0.0000,-0.7148,0.0000,0.6993
357.929,1,6.511,-1.646,-1.795,0.0000,-0.7148,0.0000,0.6993
357.929,1,6.511,-1.646,-1.795,0.0000,-0.7148,0.0000,0.6993
357.929,1,6.511,-1.646,-1.795,0.0000,-0.7148,0.0000,0.6993
357.929,1,6.511,-1.646,-1.795,0.0000,-0.7148,0.0000,0.6993
357.929,1,6.511,-1.646,-1.795,0.0000,-0.7148,0.0000,0.6993
357.929,1,6.511,-1.646,-1.795,0.0000,-0.7148,0.0000,0.6993
357.929,1,6.511,-1.646,-1.795,0.0000,-0.7148,0.0000,0.6993
357.929,1,6.511,-1.646,-1.795,0.0000,-0.7148,0.0000,0.6993
357.929,1,6.511,-1.646,-1.795,0.0000,-0.7148,0.0000,0.6993
357.929,1,6.511,-1.646,-1.795,0.0000,-0.7148,0.0000,0.6993
357.929,1,6.511,-1.646,-1.795,0.0000,-0.7148,0.0000,0.6993
357.929,1,6.511,-1.646,-1.795,0.0000,-0.7148,0.0000,0.6993
357.929,1,6.511,-1.646,-1.795,0.0000,-0.7148,0.0000,0.6993
357.929,1,6.511,-1.646,-1.795,0.0000,-0.7148,0.0000,0.6993
357.929,1,6.511,-1.646,-1.795,0.0000,-0.7148,0.0000,0.6993
357.929,1,6.511,-1.646,-1.795,0.0000,-0.7148,0.0000,0.6993
357.929,1,6.511,-1.646,-1.795,0.0000,-0.7148,0.0000,0.6993
357.929,1,6.511,-1.646,-1.795,0.0000,-0.7148,0.0000,0.6993
357.929,1,6.511,-1.646,-1.795,0.0000,-0.7148,0.0000,0.6993
357.929,1,6.511,-1.646,-1.795,0.0000,-0.7148,0.0000,0.6993
357.929,1,6.511,-1.646,-1.795,0.0000,-0.7148,0.0000,0.6993
357.929,1,6.511,-1.646,-1.795,0.0000,-0.7148,0.0000,0.6993
357.929,1,6.511,-1.646,-1.795,0.0000,-0.7148,0.0000,0.6993
357.929,1,6.511,-1.646,-1.795,0.0000,-0.7148,0.0000,0.6993
357.929,1,6.511,-1.646,-1.795,0.0000,-0.7148,0.0000,0.6993
357.929,1,6.511,-1.646,-1.795,0.0000,-0.7148,0.0000,0.6993
357.929,1,6.511,-1.646,-1.795,0.0000,-0.7148,0.0000,0.6993
357.929,1,6.511,-1.646,-1.795,0.0000,-0.7148,0.0000,0.6993
357.929,1,6.511,-1.646,-1.795,0.0000,-0.7148,0.0000,0.6993
357.929,1,6.511,-1.646,-1.795,0.0000,-0.7148,0.0000,0.6993
357.929,1,6.511,-1.646,-1.795,0.0000,-0.7148,0.0000,0.6993
357.929,1,6.511,-1.646,-1.795,0.0000,-0.7148,0.0000,0.6993
357.929,1,6.511,-1.646,-1.795,0.0000,-0.7148,0.0000,0.6993
357.929,1,6.511,-1.646,-1.795,0.0000,-0.7148,0.0000,0.6993
357.929,1,6.511,-1.646,-1.795,0.0000,-0.7148,0.0000,0.6993
357.929,1,6.511,-1.646,-1.795,0.0000,-0.7148,0.0000,0.6993
357.929,1,6.511,-1.646,-1.795,0.0000,-0.7148,0.0000,0.6993
357.929,1,6.511,-1.646,-1.795,0.0000,-0.7148,0.0000,0.6993
357.929,1,6.511,-1.646,-1.795,0.0000,-0.7148,0.0000,0.6993
357.929,1,6.511,-1.646,-1.795,0.0000,-0.7148,0.0000,0.6993
357.929,1,6.511,-1.646,-1.795,0.0000,-0.7148,0.0000,0.6993
357.929,1,6.511,-1.646,-1.795,0.0000,-0.7148,0.0000,0.6993
357.929,1,6.511,-1.646,-1.795,0.0000,-0.7148,0.0000,0.6993
357.929,1,6.511,-1.646,-1.795,0.0000,-0.7148,0.0000,0.6993
357.929,1,6.511,-1.646,-1.795,0.0000,-0.7148,0.0000,0.6993
357.929,1,6.511,-1.646,-1.795,0.0000,-0.7148,0.0000,0.6993
357.929,1,6.511,-1.646,-1.795,0.0000,-0.7148,0.0000,0.6993
357.929,1,6.511,-1.646,-1.795,0.0000,-0.7148,0.0000,0.6993
357.929,1,6.511,-1.646,-1.795,0.0000,-0.7148,0.0000,0.6993
357.929,1,6.511,-1.646,-1.795,0.0000,-0.7148,0.0000,0.6993
357.929,1,6.511,-1.646,-1.795,0.0000,-0.7148,0.0000,0.6993
357.929,1,6.511,-1.646,-1.795,0.0000,-0.7148,0.0000,0.6993
357.929,1,6.511,-1.646,-1.795,0.0000,-0.7148,0.0000,0.6993
357.929,1,6.511,-1.646,-1.795,0.0000,-0.7148,0.0000,0.6993
357.929,1,6.511,-1.646,-1.795,0.0000,-0.7148,0.0000,0.6993
357.929,1,6.511,-1.646,-1.795,0.0000,-0.7148,0.0000,0.6993
357.929,1,6.511,-1.646,-1.795,0.0000,-0.7148,0.0000,0.6993
357.929,1,6.511,-1.646,-1.795,0.0000,-0.7148,0.0000,0.6993
357.929,1,6.511,-1.646,-1.795,0.0000,-0.7148,0.0000,0.6993
357.929,1,6.511,-1.646,-1.795,0.0000,-0.7148,0.0000,0.6993
357.929,1,6.511,-1.646,-1.795,0.0000,-0.7148,0.0000,0.6993
357.929,1,6.511,-1.646,-1.795,0.0000,-0.7148,0.0000,0.6993
357.929,1,6.511,-1.646,-1.795,0.0000,-0.7148,0.0000,0.6993
357.929,1,6.511,-1.646,-1.795,0.0000,-0.7148,0.0000,0.6993
357.929,1,6.511,-1.646,-1.795,0.0000,-0.7148,0.0000,0.6993
357.929,1,6.511,-1.646,-1.795,0.0000,-0.7148,0.0000,0.6993
357.929,1,6.511,-1.646,-1.795,0.0000,-0.7148,0.0000,0.6993
357.929,1,6.511,-1.646,-1.795,0.0000,-0.7148,0.0000,0.6993
357.929,1,6.511,-1.646,-1.795,0.0000,-0.7148,0.0000,0.6993
357.929,1,6.511,-1.646,-1.795,0.0000,-0.7148,0.0000,0.6993
357.929,1,6.511,-1.646,-1.795,0.0000,-0.7148,0.0000,0.6993
357.929,1,6.511,-1.646,-1.795,0.0000,-0.7148,0.0000,0.6993
357.929,1,6.511,-1.646,-1.795,0.0000,-0.7148,0.0000,0.6993
357.929,1,6.511,-1.646,-1.795,0.0000,-0.7148,0.0000,0.6993
357.929,1,6.511,-1.646,-1.795,0.0000,-0.7148,0.0000,0.6993
357.929,1,6.511,-1.646,-1.795,0.0000,-0.7148,0.0000,0.6993
357.929,1,6.511,-1.646,-1.795,0.0000,-0.7148,0.0000,0.6993
357.929,1,6.511,-1.646,-1.795,0.0000,-0.7148,0.0000,0.6993
357.929,1,6.511,-1.646,-1.795,0.0000,-0.7148,0.0000,0.6993
357.929,1,6.511,-1.646,-1.795,0.0000,-0.7148,0.0000,0.6993
357.929,1,6.511,-1.646,-1.795,0.0000,-0.7148,0.0000,0.6993
357.929,1,6.511,-1.646,-1.795,0.0000,-0.7148,0.0000,0.6993
357.929,1,6.511,-1.646,-1.795,0.0000,-0.7148,0.0000,0.6993
357.929,1,6.511,-1.646,-1.795,0.0000,-0.7148,0.0000,0.6993
357.929,1,6.511,-1.646,-1.795,0.0000,-0.7148,0.0000,0.6993
357.929,1,6.511,-1.646,-1.795,0.0000,-0.7148,0.0000,0.6993
357.929,1,6.511,-1.646,-1.795,0.0000,-0.7148,0.0000,0.6993
357.929,1,6.511,-1.646,-1.795,0.0000,-0.7148,0.0000,0.6993
357.929,1,6.511,-1.646,-1.795,0.0000,-0.7148,0.0000,0.6993
357.929,1,6.511,-1.646,-1.795,0.0000,-0.7148,0.0000,0.6993
357.929,1,6.511,-1.646,-1.795,0.0000,-0.7148,0.0000,0.6993
357.929,1,6.511,-1.646,-1.795,0.0000,-0.7148,0.0000,0.6993
357.929,1,6.511,-1.646,-1.795,0.0000,-0.7148,0.0000,0.6993
357.929,1,6.511,-1.646,-1.795,0.0000,-0.7148,0.0000,0.6993
357.929,1,6.511,-1.646,-1.795,0.0000,-0.7148,0.0000,0.6993
357.929,1,6.511,-1.646,-1.795,0.0000,-0.7148,0.0000,0.6993
357.929,1,6.511,-1.646,-1.795,0.0000,-0.7148,0.0000,0.6993
357.929,1,6.511,-1.646,-1.795,0.0000,-0.7148,0.0000,0.6993
357.929,1,6.511,-1.646,-1.795,0.0000,-0.7148,0.0000,0.6993
357.929,1,6.511,-1.646,-1.795,0.0000,-0.7148,0.0000,0.6993
357.929,1,6.511,-1.646,-1.795,0.0000,-0.7148,0.0000,0.6993
357.929,1,6.511,-1.646,-1.795,0.0000,-0.7148,0.0000,0.6993
357.929,1,6.511,-1.646,-1.795,0.0000,-0.7148,0.0000,0.6993
357.929,1,6.511,-1.646,-1.795,0.0000,-0.7148,0.0000,0.6993
357.929,1,6.511,-1.646,-1.795,0.0000,-0.7148,0.0000,0.6993
357.929,1,6.511,-1.646,-1.795,0.0000,-0.7148,0.0000,0.6993
357.929,1,6.511,-1.646,-1.795,0.0000,-0.7148,0.0000,0.6993
357.929,1,6.511,-1.646,-1.795,0.0000,-0.7148,0.0000,0.6993
357.929,1,6.511,-1.646,-1.795,0.0000,-0.7148,0.0000,0.6993
357.929,1,6.511,-1.646,-1.795,0.0000,-0.7148,0.0000,0.6993
357.929,1,6.511,-1.646,-1.795,0.0000,-0.7148,0.0000,0.6993
357.929,1,6.511,-1.646,-1.795,0.0000,-0.7148,0.0000,0.6993
357.929,1,6.511,-1.646,-1.795,0.0000,-0.7148,0.0000,0.6993
357.929,1,6.511,-1.646,-1.795,0.0000,-0.7148,0.0000,0.6993
357.929,1,6.511,-1.646,-1.795,0.0000,-0.7148,0.0000,0.6993
357.929,1,6.511,-1.646,-1.795,0.0000,-0.7148,0.0000,0.6993
357.929,1,6.511,-1.646,-1.795,0.0000,-0.7148,0.0000,0.6993
357.929,1,6.511,-1.646,-1.795,0.0000,-0.7148,0.0000,0.6993
357.929,1,6.511,-1.646,-1.795,0.0000,-0.7148,0.0000,0.6993
357.929,1,6.511,-1.646,-1.795,0.0000,-0.7148,0.0000,0.6993
357.929,1,6.511,-1.646,-1.795,0.0000,-0.7148,0.0000,0.6993
357.929,1,6.511,-1.646,-1.795,0.0000,-0.7148,0.0000,0.6993
357.929,1,6.511,-1.646,-1.795,0.0000,-0.7148,0.0000,0.6993
357.929,1,6.511,-1.646,-1.795,0.0000,-0.7148,0.0000,0.6993
357.929,1,6.511,-1.646,-1.795,0.0000,-0.7148,0.0000,0.6993
357.929,1,6.511,-1.646,-1.795,0.0000,-0.7148,0.0000,0.6993
357.929,1,6.511,-1.646,-1.795,0.0000,-0.7148,0.0000,0.6993
357.929,1,6.511,-1.646,-1.795,0.0000,-0.7148,0.0000,0.6993
357.929,1,6.511,-1.646,-1.795,0.0000,-0.7148,0.0000,0.6993
357.929,1,6.511,-1.646,-1.795,0.0000,-0.7148,0.0000,0.6993
357.929,1,6.511,-1.646,-1.795,0.0000,-0.7148,0.0000,0.6993
357.929,1,6.511,-1.646,-1.795,0.0000,-0.7148,0.0000,0.6993
357.929,1,6.511,-1.646,-1.795,0.0000,-0.7148,0.0000,0.6993
357.929,1,6.511,-1.646,-1.795,0.0000,-0.7148,0.0000,0.6993
357.929,1,6.511,-1.646,-1.795,0.0000,-0.7148,0.0000,0.6993
357.929,1,6.511,-1.646,-1.795,0.0000,-0.7148,0.0000,0.6993
357.929,1,6.511,-1.646,-1.795,0.0000,-0.7148,0.0000,0.6993
357.929,1,6.511,-1.646,-1.795,0.0000,-0.7148,0.0000,0.6993
357.929,1,6.511,-1.646,-1.795,0.0000,-0.7148,0.0000,0.6993
357.929,1,6.511,-1.646,-1.795,0.0000,-0.7148,0.0000,0.6993
357.929,1,6.511,-1.646,-1.795,0.0000,-0.7148,0.0000,0.6993
357.929,1,6.511,-1.646,-1.795,0.0000,-0.7148,0.0000,0.6993
357.929,1,6.511,-1.646,-1.795,0.0000,-0.7148,0.0000,0.6993
357.929,1,6.511,-1.646,-1.795,0.0000,-0.7148,0.0000,0.6993
357.929,1,6.511,-1.646,-1.795,0.0000,-0.7148,0.0000,0.6993
357.929,1,6.511,-1.646,-1.795,0.0000,-0.7148,0.0000,0.6993
357.929,1,6.511,-1.646,-1.795,0.0000,-0.7148,0.0000,0.6993
357.929,1,6.511,-1.646,-1.795,0.0000,-0.7148,0.0000,0.6993
357.929,1,6.511,-1.646,-1.795,0.0000,-0.7148,0.0000,0.6993
357.929,1,6.511,-1.646,-1.795,0.0000,-0.7148,0.0000,0.6993
357.929,1,6.511,-1.646,-1.795,0.0000,-0.7148,0.0000,0.6993
357.929,1,6.511,-1.646,-1.795,0.0000,-0.7148,0.0000,0.6993
357.929,1,6.511,-1.646,-1.795,0.0000,-0.7148,0.0000,0.6993
357.929,1,6.511,-1.646,-1.795,0.0000,-0.7148,0.0000,0.6993
357.929,1,6.511,-1.646,-1.795,0.0000,-0.7148,0.0000,0.6993
357.929,1,6.511,-1.646,-1.795,0.0000,-0.7148,0.0000,0.6993
357.929,1,6.511,-1.646,-1.795,0.0000,-0.7148,0.0000,0.6993
357.929,1,6.511,-1.646,-1.795,0.0000,-0.7148,0.0000,0.6993
357.929,1,6.511,-1.646,-1.795,0.0000,-0.7148,0.0000,0.6993
357.929,1,6.511,-1.646,-1.795,0.0000,-0.7148,0.0000,0.6993
357.929,1,6.511,-1.646,-1.795,0.0000,-0.7148,0.0000,0.6993
357.929,1,6.511,-1.646,-1.795,0.0000,-0.7148,0.0000,0.6993
357.929,1,6.511,-1.646,-1.795,0.0000,-0.7148,0.0000,0.6993
357.929,1,6.511,-1.646,-1.795,0.0000,-0.7148,0.0000,0.6993
357.929,1,6.511,-1.646,-1.795,0.0000,-0.7148,0.0000,0.6993
357.929,1,6.511,-1.646,-1.795,0.0000,-0.7148,0.0000,0.6993
357.929,1,6.511,-1.646,-1.795,0.0000,-0.7148,0.0000,0.6993
357.929,1,6.511,-1.646,-1.795,0.0000,-0.7148,0.0000,0.6993
357.929,1,6.511,-1.646,-1.795,0.0000,-0.7148,0.0000,0.6993
357.929,1,6.511,-1.646,-1.795,0.0000,-0.7148,0.0000,0.6993
357.929,1,6.511,-1.646,-1.795,0.0000,-0.7148,0.0000,0.6993
357.929,1,6.511,-1.646,-1.795,0.0000,-0.7148,0.0000,0.6993
357.929,1,6.511,-1.646,-1.795,0.0000,-0.7148,0.0000,0.6993
357.929,1,6.511,-1.646,-1.795,0.0000,-0.7148,0.0000,0.6993
357.929,1,6.511,-1.646,-1.795,0.0000,-0.7148,0.0000,0.6993
357.929,1,6.511,-1.646,-1.795,0.0000,-0.7148,0.0000,0.6993
357.929,1,6.511,-1.646,-1.795,0.0000,-0.7148,0.0000,0.6993
357.929,1,6.511,-1.646,-1.795,0.0000,-0.7148,0.0000,0.6993
357.929,1,6.511,-1.646,-1.795,0.0000,-0.7148,0.0000,0.6993
357.929,1,6.511,-1.646,-1.795,0.0000,-0.7148,0.0000,0.6993
357.929,1,6.511,-1.646,-1.795,0.0000,-0.7148,0.0000,0.6993
357.929,1,6.511,-1.646,-1.795,0.0000,-0.7148,0.0000,0.6993
357.929,1,6.511,-1.646,-1.795,0.0000,-0.7148,0.0000,0.6993
357.929,1,6.511,-1.646,-1.795,0.0000,-0.7148,0.0000,0.6993
357.929,1,6.511,-1.646,-1.795,0.0000,-0.7148,0.0000,0.6993
357.929,1,6.511,-1.646,-1.795,0.0000,-0.7148,0.0000,0.6993
357.929,1,6.511,-1.646,-1.795,0.0000,-0.7148,0.0000,0.6993
357.929,1,6.511,-1.646,-1.795,0.0000,-0.7148,0.0000,0.6993
357.929,1,6.511,-1.646,-1.795,0.0000,-0.7148,0.0000,0.6993
357.929,1,6.511,-1.646,-1.795,0.0000,-0.7148,0.0000,0.6993
357.929,1,6.511,-1.646,-1.795,0.0000,-0.7148,0.0000,0.6993
357.929,1,6.511,-1.646,-1.795,0.0000,-0.7148,0.0000,0.6993
357.929,1,6.511,-1.646,-1.795,0.0000,-0.7148,0.0000,0.6993
357.929,1,6.511,-1.646,-1.795,0.0000,-0.7148,0.0000,0.6993
357.929,1,6.511,-1.646,-1.795,0.0000,-0.7148,0.0000,0.6993
357.929,1,6.511,-1.646,-1.795,0.0000,-0.7148,0.0000,0.6993
357.929,1,6.511,-1.646,-1.795,0.0000,-0.7148,0.0000,0.6993
357.929,1,6.511,-1.646,-1.795,0.0000,-0.7148,0.0000,0.6993
357.929,1,6.511,-1.646,-1.795,0.0000,-0.7148,0.0000,0.6993
357.929,1,6.511,-1.646,-1.795,0.0000,-0.7148,0.0000,0.6993
357.929,1,6.511,-1.646,-1.795,0.0000,-0.7148,0.0000,0.6993
357.929,1,6.511,-1.646,-1.795,0.0000,-0.7148,0.0000,0.6993
357.929,1,6.511,-1.646,-1.795,0.0000,-0.7148,0.0000,0.6993
357.929,1,6.511,-1.646,-1.795,0.0000,-0.7148,0.0000,0.6993
357.929,1,6.511,-1.646,-1.795,0.0000,-0.7148,0.0000,0.6993
357.929,1,6.511,-1.646,-1.795,0.0000,-0.7148,0.0000,0.6993
357.929,1,6.511,-1.646,-1.795,0.0000,-0.7148,0.0000,0.6993
357.929,1,6.511,-1.646,-1.795,0.0000,-0.7148,0.0000,0.6993
357.929,1,6.511,-1.646,-1.795,0.0000,-0.7148,0.0000,0.6993
357.929,1,6.511,-1.646,-1.795,0.0000,-0.7148,0.0000,0.6993
357.929,1,6.511,-1.646,-1.795,0.0000,-0.7148,0.0000,0.6993
357.929,1,6.511,-1.646,-1.795,0.0000,-0.7148,0.0000,0.6993
357.929,1,6.511,-1.646,-1.795,0.0000,-0.7148,0.0000,0.6993
357.929,1,6.511,-1.646,-1.795,0.0000,-0.7148,0.0000,0.6993
357.929,1,6.511,-1.646,-1.795,0.0000,-0.7148,0.0000,0.6993
357.929,1,6.511,-1.646,-1.795,0.0000,-0.7148,0.0000,0.6993
357.929,1,6.511,-1.646,-1.795,0.0000,-0.7148,0.0000,0.6993
357.929,1,6.511,-1.646,-1.795,0.0000,-0.7148,0.0000,0.6993
357.929,1,6.511,-1.646,-1.795,0.0000,-0.7148,0.0000,0.6993
357.929,1,6.511,-1.646,-1.795,0.0000,-0.7148,0.0000,0.6993
357.929,1,6.511,-1.646,-1.795,0.0000,-0.7148,0.0000,0.6993
357.929,1,6.511,-1.646,-1.795,0.0000,-0.7148,0.0000,0.6993
357.929,1,6.511,-1.646,-1.795,0.0000,-0.7148,0.0000,0.6993
357.929,1,6.511,-1.646,-1.795,0.0000,-0.7148,0.0000,0.6993
357.929,1,6.511,-1.646,-1.795,0.0000,-0.7148,0.0000,0.6993
357.929,1,6.511,-1.646,-1.795,0.0000,-0.7148,0.0000,0.6993
357.929,1,6.511,-1.646,-1.795,0.0000,-0.7148,0.0000,0.6993
357.929,1,6.511,-1.646,-1.795,0.0000,-0.7148,0.0000,0.6993
357.929,1,6.511,-1.646,-1.795,0.0000,-0.7148,0.0000,0.6993
357.929,1,6.511,-1.646,-1.795,0.0000,-0.7148,0.0000,0.6993
357.929,1,6.511,-1.646,-1.795,0.0000,-0.7148,0.0000,0.6993
357.929,1,6.511,-1.646,-1.795,0.0000,-0.7148,0.0000,0.6993
357.929,1,6.511,-1.646,-1.795,0.0000,-0.7148,0.0000,0.6993
357.929,1,6.511,-1.646,-1.795,0.0000,-0.7148,0.0000,0.6993
357.929,1,6.511,-1.646,-1.795,0.0000,-0.7148,0.0000,0.6993
357.929,1,6.511,-1.646,-1.795,0.0000,-0.7148,0.0000,0.6993
357.929,1,6.511,-1.646,-1.795,0.0000,-0.7148,0.0000,0.6993
357.929,1,6.511,-1.646,-1.795,0.0000,-0.7148,0.0000,0.6993
357.929,1,6.511,-1.646,-1.795,0.0000,-0.7148,0.0000,0.6993
357.929,1,6.511,-1.646,-1.795,0.0000,-0.7148,0.0000,0.6993
357.929,1,6.511,-1.646,-1.795,0.0000,-0.7148,0.0000,0.6993
357.929,1,6.511,-1.646,-1.795,0.0000,-0.7148,0.0000,0.6993
357.929,1,6.511,-1.646,-1.795,0.0000,-0.7148,0.0000,0.6993
357.929,1,6.511,-1.646,-1.795,0.0000,-0.7148,0.0000,0.6993
357.929,1,6.511,-1.646,-1.795,0.0000,-0.7148,0.0000,0.6993
357.929,1,6.511,-1.646,-1.795,0.0000,-0.7148,0.0000,0.6993
357.929,1,6.511,-1.646,-1.795,0.0000,-0.7148,0.0000,0.6993
357.929,1,6.511,-1.646,-1.795,0.0000,-0.7148,0.0000,0.6993
357.929,1,6.511,-1.646,-1.795,0.0000,-0.7148,0.0000,0.6993
357.929,1,6.511,-1.646,-1.795,0.0000,-0.7148,0.0000,0.6993
357.929,1,6.511,-1.646,-1.795,0.0000,-0.7148,0.0000,0.6993
357.929,1,6.511,-1.646,-1.795,0.0000,-0.7148,0.0000,0.6993
357.929,1,6.511,-1.646,-1.795,0.0000,-0.7148,0.0000,0.6993
357.929,1,6.511,-1.646,-1.795,0.0000,-0.7148,0.0000,0.6993
357.929,1,6.511,-1.646,-1.795,0.0000,-0.7148,0.0000,0.6993
357.929,1,6.511,-1.646,-1.795,0.0000,-0.7148,0.0000,0.6993
357.929,1,6.511,-1.646,-1.795,0.0000,-0.7148,0.0000,0.6993
357.929,1,6.511,-1.646,-1.795,0.0000,-0.7148,0.0000,0.6993
357.929,1,6.511,-1.646,-1.795,0.0000,-0.7148,0.0000,0.6993
357.929,1,6.511,-1.646,-1.795,0.0000,-0.7148,0.0000,0.6993
357.929,1,6.511,-1.646,-1.795,0.0000,-0.7148,0.0000,0.6993
357.929,1,6.511,-1.646,-1.795,0.0000,-0.7148,0.0000,0.6993
357.929,1,6.511,-1.646,-1.795,0.0000,-0.7148,0.0000,0.6993
357.929,1,6.511,-1.646,-1.795,0.0000,-0.7148,0.0000,0.6993
357.929,1,6.511,-1.646,-1.795,0.0000,-0.7148,0.0000,0.6993
357.929,1,6.511,-1.646,-1.795,0.0000,-0.7148,0.0000,0.6993
357.929,1,6.511,-1.646,-1.795,0.0000,-0.7148,0.0000,0.6993
357.929,1,6.511,-1.646,-1.795,0.0000,-0.7148,0.0000,0.6993
357.929,1,6.511,-1.646,-1.795,0.0000,-0.7148,0.0000,0.6993
357.929,1,6.511,-1.646,-1.795,0.0000,-0.7148,0.0000,0.6993
357.929,1,6.511,-1.646,-1.795,0.0000,-0.7148,0.0000,0.6993
357.929,1,6.511,-1.646,-1.795,0.0000,-0.7148,0.0000,0.6993
357.929,1,6.511,-1.646,-1.795,0.0000,-0.7148,0.0000,0.6993
357.929,1,6.511,-1.646,-1.795,0.0000,-0.7148,0.0000,0.6993
357.929,1,6.511,-1.646,-1.795,0.0000,-0.7148,0.0000,0.6993
357.929,1,6.511,-1.646,-1.795,0.0000,-0.7148,0.0000,0.6993
357.929,1,6.511,-1.646,-1.795,0.0000,-0.7148,0.0000,0.6993
357.929,1,6.511,-1.646,-1.795,0.0000,-0.7148,0.0000,0.6993
357.929,1,6.511,-1.646,-1.795,0.0000,-0.7148,0.0000,0.6993
357.929,1,6.511,-1.646,-1.795,0.0000,-0.7148,0.0000,0.6993
357.929,1,6.511,-1.646,-1.795,0.0000,-0.7148,0.0000,0.6993
357.929,1,6.511,-1.646,-1.795,0.0000,-0.7148,0.0000,0.6993
357.929,1,6.511,-1.646,-1.795,0.0000,-0.7148,0.0000,0.6993
357.929,1,6.511,-1.646,-1.795,0.0000,-0.7148,0.0000,0.6993
357.929,1,6.511,-1.646,-1.795,0.0000,-0.7148,0.0000,0.6993
357.929,1,6.511,-1.646,-1.795,0.0000,-0.7148,0.0000,0.6993
357.929,1,6.511,-1.646,-1.795,0.0000,-0.7148,0.0000,0.6993
357.929,1,6.511,-1.646,-1.795,0.0000,-0.7148,0.0000,0.6993
357.929,1,6.511,-1.646,-1.795,0.0000,-0.7148,0.0000,0.6993
357.929,1,6.511,-1.646,-1.795,0.0000,-0.7148,0.0000,0.6993
357.929,1,6.511,-1.646,-1.795,0.0000,-0.7148,0.0000,0.6993
357.929,1,6.511,-1.646,-1.795,0.0000,-0.7148,0.0000,0.6993
357.929,1,6.511,-1.646,-1.795,0.0000,-0.7148,0.0000,0.6993
357.929,1,6.511,-1.646,-1.795,0.0000,-0.7148,0.0000,0.6993
357.929,1,6.511,-1.646,-1.795,0.0000,-0.7148,0.0000,0.6993
357.929,1,6.511,-1.646,-1.795,0.0000,-0.7148,0.0000,0.6993
357.929,1,6.511,-1.646,-1.795,0.0000,-0.7148,0.0000,0.6993
357.929,1,6.511,-1.646,-1.795,0.0000,-0.7148,0.0000,0.6993
357.929,1,6.511,-1.646,-1.795,0.0000,-0.7148,0.0000,0.6993
357.929,1,6.511,-1.646,-1.795,0.0000,-0.7148,0.0000,0.6993
357.929,1,6.511,-1.646,-1.795,0.0000,-0.7148,0.0000,0.6993
357.929,1,6.511,-1.646,-1.795,0.0000,-0.7148,0.0000,0.6993
357.929,1,6.511,-1.646,-1.795,0.0000,-0.7148,0.0000,0.6993
357.929,1,6.511,-1.646,-1.795,0.0000,-0.7148,0.0000,0.6993
357.929,1,6.511,-1.646,-1.795,0.0000,-0.7148,0.0000,0.6993
357.929,1,6.511,-1.646,-1.795,0.0000,-0.7148,0.0000,0.6993
357.929,1,6.511,-1.646,-1.795,0.0000,-0.7148,0.0000,0.6993
357.929,1,6.511,-1.646,-1.795,0.0000,-0.7148,0.0000,0.6993
357.929,1,6.511,-1.646,-1.795,0.0000,-0.7148,0.0000,0.6993
357.929,1,6.511,-1.646,-1.795,0.0000,-0.7148,0.0000,0.6993
357.929,1,6.511,-1.646,-1.795,0.0000,-0.7148,0.0000,0.6993
357.929,1,6.511,-1.646,-1.795,0.0000,-0.7148,0.0000,0.6993
357.929,1,6.511,-1.646,-1.795,0.0000,-0.7148,0.0000,0.6993
357.929,1,6.511,-1.646,-1.795,0.0000,-0.7148,0.0000,0.6993
357.929,1,6.511,-1.646,-1.795,0.0000,-0.7148,0.0000,0.6993
357.929,1,6.511,-1.646,-1.795,0.0000,-0.7148,0.0000,0.6993
357.929,1,6.511,-1.646,-1.795,0.0000,-0.7148,0.0000,0.6993
357.929,1,6.511,-1.646,-1.795,0.0000,-0.7148,0.0000,0.6993
357.929,1,6.511,-1.646,-1.795,0.0000,-0.7148,0.0000,0.6993
357.929,1,6.511,-1.646,-1.795,0.0000,-0.7148,0.0000,0.6993
357.929,1,6.511,-1.646,-1.795,0.0000,-0.7148,0.0000,0.6993
357.929,1,6.511,-1.646,-1.795,0.0000,-0.7148,0.0000,0.6993
357.929,1,6.511,-1.646,-1.795,0.0000,-0.7148,0.0000,0.6993
357.929,1,6.511,-1.646,-1.795,0.0000,-0.7148,0.0000,0.6993
357.929,1,6.511,-1.646,-1.795,0.0000,-0.7148,0.0000,0.6993
357.929,1,6.511,-1.646,-1.795,0.0000,-0.7148,0.0000,0.6993
357.929,1,6.511,-1.646,-1.795,0.0000,-0.7148,0.0000,0.6993
357.929,1,6.511,-1.646,-1.795,0.0000,-0.7148,0.0000,0.6993
357.929,1,6.511,-1.646,-1.795,0.0000,-0.7148,0.0000,0.6993
357.929,1,6.511,-1.646,-1.795,0.0000,-0.7148,0.0000,0.6993
357.929,1,6.511,-1.646,-1.795,0.0000,-0.7148,0.0000,0.6993
357.929,1,6.511,-1.646,-1.795,0.0000,-0.7148,0.0000,0.6993
357.929,1,6.511,-1.646,-1.795,0.0000,-0.7148,0.0000,0.6993
357.929,1,6.511,-1.646,-1.795,0.0000,-0.7148,0.0000,0.6993
357.929,1,6.511,-1.646,-1.795,0.0000,-0.7148,0.0000,0.6993
357.929,1,6.511,-1.646,-1.795,0.0000,-0.7148,0.0000,0.6993
357.929,1,6.511,-1.646,-1.795,0.0000,-0.7148,0.0000,0.6993
357.929,1,6.511,-1.646,-1.795,0.0000,-0.7148,0.0000,0.6993
357.929,1,6.511,-1.646,-1.795,0.0000,-0.7148,0.0000,0.6993
357.929,1,6.511,-1.646,-1.795,0.0000,-0.7148,0.0000,0.6993
357.929,1,6.511,-1.646,-1.795,0.0000,-0.7148,0.0000,0.6993
357.929,1,6.511,-1.646,-1.795,0.0000,-0.7148,0.0000,0.6993
357.929,1,6.511,-1.646,-1.795,0.0000,-0.7148,0.0000,0.6993
357.929,1,6.511,-1.646,-1.795,0.0000,-0.7148,0.0000,0.6993
357.929,1,6.511,-1.646,-1.795,0.0000,-0.7148,0.0000,0.6993
357.929,1,6.511,-1.646,-1.795,0.0000,-0.7148,0.0000,0.6993
357.929,1,6.511,-1.646,-1.795,0.0000,-0.7148,0.0000,0.6993
357.929,1,6.511,-1.646,-1.795,0.0000,-0.7148,0.0000,0.6993
357.929,1,6.511,-1.646,-1.795,0.0000,-0.7148,0.0000,0.6993
357.929,1,6.511,-1.646,-1.795,0.0000,-0.7148,0.0000,0.6993
357.929,1,6.511,-1.646,-1.795,0.0000,-0.7148,0.0000,0.6993
357.929,1,6.511,-1.646,-1.795,0.0000,-0.7148,0.0000,0.6993
357.929,1,6.511,-1.646,-1.795,0.0000,-0.7148,0.0000,0.6993
357.929,1,6.511,-1.646,-1.795,0.0000,-0.7148,0.0000,0.6993
357.929,1,6.511,-1.646,-1.795,0.0000,-0.7148,0.0000,0.6993
357.929,1,6.511,-1.646,-1.795,0.0000,-0.7148,0.0000,0.6993
357.929,1,6.511,-1.646,-1.795,0.0000,-0.7148,0.0000,0.6993
357.929,1,6.511,-1.646,-1.795,0.0000,-0.7148,0.0000,0.6993
357.929,1,6.511,-1.646,-1.795,0.0000,-0.7148,0.0000,0.6993
357.929,1,6.511,-1.646,-1.795,0.0000,-0.7148,0.0000,0.6993
357.929,1,6.511,-1.646,-1.795,0.0000,-0.7148,0.0000,0.6993
357.929,1,6.511,-1.646,-1.795,0.0000,-0.7148,0.0000,0.6993
357.929,1,6.511,-1.646,-1.795,0.0000,-0.7148,0.0000,0.6993
357.929,1,6.511,-1.646,-1.795,0.0000,-0.7148,0.0000,0.6993
357.929,1,6.511,-1.646,-1.795,0.0000,-0.7148,0.0000,0.6993
357.929,1,6.511,-1.646,-1.795,0.0000,-0.7148,0.0000,0.6993
357.929,1,6.511,-1.646,-1.795,0.0000,-0.7148,0.0000,0.6993
357.929,1,6.511,-1.646,-1.795,0.0000,-0.7148,0.0000,0.6993
357.929,1,6.511,-1.646,-1.795,0.0000,-0.7148,0.0000,0.6993
357.929,1,6.511,-1.646,-1.795,0.0000,-0.7148,0.0000,0.6993
357.929,1,6.511,-1.646,-1.795,0.0000,-0.7148,0.0000,0.6993
357.929,1,6.511,-1.646,-1.795,0.0000,-0.7148,0.0000,0.6993
357.929,1,6.511,-1.646,-1.795,0.0000,-0.7148,0.0000,0.6993
357.929,1,6.511,-1.646,-1.795,0.0000,-0.7148,0.0000,0.6993
357.929,1,6.511,-1.646,-1.795,0.0000,-0.7148,0.0000,0.6993
357.929,1,6.511,-1.646,-1.795,0.0000,-0.7148,0.0000,0.6993
357.929,1,6.511,-1.646,-1.795,0.0000,-0.7148,0.0000,0.6993
357.929,1,6.511,-1.646,-1.795,0.0000,-0.7148,0.0000,0.6993
357.929,1,6.511,-1.646,-1.795,0.0000,-0.7148,0.0000,0.6993
357.929,1,6.511,-1.646,-1.795,0.0000,-0.7148,0.0000,0.6993
357.929,1,6.511,-1.646,-1.795,0.0000,-0.7148,0.0000,0.6993
357.929,1,6.511,-1.646,-1.795,0.0000,-0.7148,0.0000,0.6993
357.929,1,6.511,-1.646,-1.795,0.0000,-0.7148,0.0000,0.6993
357.929,1,6.511,-1.646,-1.795,0.0000,-0.7148,0.0000,0.6993
357.929,1,6.511,-1.646,-1.795,0.0000,-0.7148,0.0000,0.6993
357.929,1,6.511,-1.646,-1.795,0.0000,-0.7148,0.0000,0.6993
357.929,1,6.511,-1.646,-1.795,0.0000,-0.7148,0.0000,0.6993
357.929,1,6.511,-1.646,-1.795,0.0000,-0.7148,0.0000,0.6993
357.929,1,6.511,-1.646,-1.795,0.0000,-0.7148,0.0000,0.6993
357.929,1,6.511,-1.646,-1.795,0.0000,-0.7148,0.0000,0.6993
357.929,1,6.511,-1.646,-1.795,0.0000,-0.7148,0.0000,0.6993
357.929,1,6.511,-1.646,-1.795,0.0000,-0.7148,0.0000,0.6993
357.929,1,6.511,-1.646,-1.795,0.0000,-0.7148,0.0000,0.6993
357.929,1,6.511,-1.646,-1.795,0.0000,-0.7148,0.0000,0.6993
357.929,1,6.511,-1.646,-1.795,0.0000,-0.7148,0.0000,0.6993
357.929,1,6.511,-1.646,-1.795,0.0000,-0.7148,0.0000,0.6993
357.929,1,6.511,-1.646,-1.795,0.0000,-0.7148,0.0000,0.6993
357.929,1,6.511,-1.646,-1.795,0.0000,-0.7148,0.0000,0.6993
357.929,1,6.511,-1.646,-1.795,0.0000,-0.7148,0.0000,0.6993
357.929,1,6.511,-1.646,-1.795,0.0000,-0.7148,0.0000,0.6993
357.929,1,6.511,-1.646,-1.795,0.0000,-0.7148,0.0000,0.6993
357.929,1,6.511,-1.646,-1.795,0.0000,-0.7148,0.0000,0.6993
357.929,1,6.511,-1.646,-1.795,0.0000,-0.7148,0.0000,0.6993
357.929,1,6.511,-1.646,-1.795,0.0000,-0.7148,0.0000,0.6993
357.929,1,6.511,-1.646,-1.795,0.0000,-0.7148,0.0000,0.6993
357.929,1,6.511,-1.646,-1.795,0.0000,-0.7148,0.0000,0.6993
357.929,1,6.511,-1.646,-1.795,0.0000,-0.7148,0.0000,0.6993
357.929,1,6.511,-1.646,-1.795,0.0000,-0.7148,0.0000,0.6993
357.929,1,6.511,-1.646,-1.795,0.0000,-0.7148,0.0000,0.6993
357.929,1,6.511,-1.646,-1.795,0.0000,-0.7148,0.0000,0.6993
357.929,1,6.511,-1.646,-1.795,0.0000,-0.7148,0.0000,0.6993
357.929,1,6.511,-1.646,-1.795,0.0000,-0.7148,0.0000,0.6993
357.929,1,6.511,-1.646,-1.795,0.0000,-0.7148,0.0000,0.6993
357.929,1,6.511,-1.646,-1.795,0.0000,-0.7148,0.0000,0.6993
357.929,1,6.511,-1.646,-1.795,0.0000,-0.7148,0.0000,0.6993
357.929,1,6.511,-1.646,-1.795,0.0000,-0.7148,0.0000,0.6993
357.929,1,6.511,-1.646,-1.795,0.0000,-0.7148,0.0000,0.6993
357.929,1,6.511,-1.646,-1.795,0.0000,-0.7148,0.0000,0.6993
357.929,1,6.511,-1.646,-1.795,0.0000,-0.7148,0.0000,0.6993
357.929,1,6.511,-1.646,-1.795,0.0000,-0.7148,0.0000,0.6993
357.929,1,6.511,-1.646,-1.795,0.0000,-0.7148,0.0000,0.6993
357.929,1,6.511,-1.646,-1.795,0.0000,-0.7148,0.0000,0.6993
357.929,1,6.511,-1.646,-1.795,0.0000,-0.7148,0.0000,0.6993
357.929,1,6.511,-1.646,-1.795,0.0000,-0.7148,0.0000,0.6993
357.929,1,6.511,-1.646,-1.795,0.0000,-0.7148,0.0000,0.6993
357.929,1,6.511,-1.646,-1.795,0.0000,-0.7148,0.0000,0.6993
357.929,1,6.511,-1.646,-1.795,0.0000,-0.7148,0.0000,0.6993
357.929,1,6.511,-1.646,-1.795,0.0000,-0.7148,0.0000,0.6993
357.929,1,6.511,-1.646,-1.795,0.0000,-0.7148,0.0000,0.6993
357.929,1,6.511,-1.646,-1.795,0.0000,-0.7148,0.0000,0.6993
357.929,1,6.511,-1.646,-1.795,0.0000,-0.7148,0.0000,0.6993
357.929,1,6.511,-1.646,-1.795,0.0000,-0.7148,0.0000,0.6993
357.929,1,6.511,-1.646,-1.795,0.0000,-0.7148,0.0000,0.6993
357.929,1,6.511,-1.646,-1.795,0.0000,-0.7148,0.0000,0.6993
357.929,1,6.511,-1.646,-1.795,0.0000,-0.7148,0.0000,0.6993
357.929,1,6.511,-1.646,-1.795,0.0000,-0.7148,0.0000,0.6993
357.929,1,6.511,-1.646,-1.795,0.0000,-0.7148,0.0000,0.6993
357.929,1,6.511,-1.646,-1.795,0.0000,-0.7148,0.0000,0.6993
357.929,1,6.511,-1.646,-1.795,0.0000,-0.7148,0.0000,0.6993
357.929,1,6.511,-1.646,-1.795,0.0000,-0.7148,0.0000,0.6993
357.929,1,6.511,-1.646,-1.795,0.0000,-0.7148,0.0000,0.6993
357.929,1,6.511,-1.646,-1.795,0.0000,-0.7148,0.0000,0.6993
357.929,1,6.511,-1.646,-1.795,0.0000,-0.7148,0.0000,0.6993
357.929,1,6.511,-1.646,-1.795,0.0000,-0.7148,0.0000,0.6993
357.929,1,6.511,-1.646,-1.795,0.0000,-0.7148,0.0000,0.6993
357.929,1,6.511,-1.646,-1.795,0.0000,-0.7148,0.0000,0.6993
357.929,1,6.511,-1.646,-1.795,0.0000,-0.7148,0.0000,0.6993
357.929,1,6.511,-1.646,-1.795,0.0000,-0.7148,0.0000,0.6993
357.929,1,6.511,-1.646,-1.795,0.0000,-0.7148,0.0000,0.6993
357.929,1,6.511,-1.646,-1.795,0.0000,-0.7148,0.0000,0.6993
357.929,1,6.511,-1.646,-1.795,0.0000,-0.7148,0.0000,0.6993
357.929,1,6.511,-1.646,-1.795,0.0000,-0.7148,0.0000,0.6993
357.929,1,6.511,-1.646,-1.795,0.0000,-0.7148,0.0000,0.6993
357.929,1,6.511,-1.646,-1.795,0.0000,-0.7148,0.0000,0.6993
357.929,1,6.511,-1.646,-1.795,0.0000,-0.7148,0.0000,0.6993
357.929,1,6.511,-1.646,-1.795,0.0000,-0.7148,0.0000,0.6993
357.929,1,6.511,-1.646,-1.795,0.0000,-0.7148,0.0000,0.6993
357.929,1,6.511,-1.646,-1.795,0.0000,-0.7148,0.0000,0.6993
357.929,1,6.511,-1.646,-1.795,0.0000,-0.7148,0.0000,0.6993
357.929,1,6.511,-1.646,-1.795,0.0000,-0.7148,0.0000,0.6993
357.929,1,6.511,-1.646,-1.795,0.0000,-0.7148,0.0000,0.6993
357.929,1,6.511,-1.646,-1.795,0.0000,-0.7148,0.0000,0.6993
357.929,1,6.511,-1.646,-1.795,0.0000,-0.7148,0.0000,0.6993
357.929,1,6.511,-1.646,-1.795,0.0000,-0.7148,0.0000,0.6993
357.929,1,6.511,-1.646,-1.795,0.0000,-0.7148,0.0000,0.6993
357.929,1,6.511,-1.646,-1.795,0.0000,-0.7148,0.0000,0.6993
357.929,1,6.511,-1.646,-1.795,0.0000,-0.7148,0.0000,0.6993
357.929,1,6.511,-1.646,-1.795,0.0000,-0.7148,0.0000,0.6993
357.929,1,6.511,-1.646,-1.795,0.0000,-0.7148,0.0000,0.6993
357.929,1,6.511,-1.646,-1.795,0.0000,-0.7148,0.0000,0.6993
357.929,1,6.511,-1.646,-1.795,0.0000,-0.7148,0.0000,0.6993
357.929,1,6.511,-1.646,-1.795,0.0000,-0.7148,0.0000,0.6993
357.929,1,6.511,-1.646,-1.795,0.0000,-0.7148,0.0000,0.6993
357.929,1,6.511,-1.646,-1.795,0.0000,-0.7148,0.0000,0.6993
357.929,1,6.511,-1.646,-1.795,0.0000,-0.7148,0.0000,0.6993
357.929,1,6.511,-1.646,-1.795,0.0000,-0.7148,0.0000,0.6993
357.929,1,6.511,-1.646,-1.795,0.0000,-0.7148,0.0000,0.6993
357.929,1,6.511,-1.646,-1.795,0.0000,-0.7148,0.0000,0.6993
357.929,1,6.511,-1.646,-1.795,0.0000,-0.7148,0.0000,0.6993
357.929,1,6.511,-1.646,-1.795,0.0000,-0.7148,0.0000,0.6993
357.929,1,6.511,-1.646,-1.795,0.0000,-0.7148,0.0000,0.6993
357.929,1,6.511,-1.646,-1.795,0.0000,-0.7148,0.0000,0.6993
357.929,1,6.511,-1.646,-1.795,0.0000,-0.7148,0.0000,0.6993
357.929,1,6.511,-1.646,-1.795,0.0000,-0.7148,0.0000,0.6993
357.929,1,6.511,-1.646,-1.795,0.0000,-0.7148,0.0000,0.6993
357.929,1,6.511,-1.646,-1.795,0.0000,-0.7148,0.0000,0.6993
357.929,1,6.511,-1.646,-1.795,0.0000,-0.7148,0.0000,0.6993
357.929,1,6.511,-1.646,-1.795,0.0000,-0.7148,0.0000,0.6993
357.929,1,6.511,-1.646,-1.795,0.0000,-0.7148,0.0000,0.6993
357.929,1,6.511,-1.646,-1.795,0.0000,-0.7148,0.0000,0.6993
357.929,1,6.511,-1.646,-1.795,0.0000,-0.7148,0.0000,0.6993
357.929,1,6.511,-1.646,-1.795,0.0000,-0.7148,0.0000,0.6993
357.929,1,6.511,-1.646,-1.795,0.0000,-0.7148,0.0000,0.6993
357.929,1,6.511,-1.646,-1.795,0.0000,-0.7148,0.0000,0.6993
357.929,1,6.511,-1.646,-1.795,0.0000,-0.7148,0.0000,0.6993
357.929,1,6.511,-1.646,-1.795,0.0000,-0.7148,0.0000,0.6993
357.929,1,6.511,-1.646,-1.795,0.0000,-0.7148,0.0000,0.6993
357.929,1,6.511,-1.646,-1.795,0.0000,-0.7148,0.0000,0.6993
357.929,1,6.511,-1.646,-1.795,0.0000,-0.7148,0.0000,0.6993
357.929,1,6.511,-1.646,-1.795,0.0000,-0.7148,0.0000,0.6993
357.962,1,6.511,-1.646,-1.795,0.0000,-0.7148,0.0000,0.6993
357.972,1,6.511,-1.646,-1.795,0.0000,-0.7148,0.0000,0.6993
358.008,1,6.511,-1.646,-1.795,0.0000,-0.7148,0.0000,0.6993
358.059,1,6.511,-1.646,-1.795,0.0000,-0.7148,0.0000,0.6993
358.084,1,6.511,-1.646,-1.795,0.0000,-0.7148,0.0000,0.6993
358.110,1,6.511,-1.646,-1.795,0.0000,-0.7148,0.0000,0.6993
358.147,1,6.511,-1.646,-1.795,0.0000,-0.7148,0.0000,0.6993
358.179,1,6.511,-1.646,-1.795,0.0000,-0.7148,0.0000,0.6993
358.211,1,6.511,-1.646,-1.795,0.0000,-0.7148,0.0000,0.6993
358.235,1,6.511,-1.646,-1.795,0.0000,-0.7148,0.0000,0.6993
358.269,1,6.511,-1.646,-1.795,0.0000,-0.7148,0.0000,0.6993
358.305,1,6.511,-1.646,-1.795,0.0000,-0.7148,0.0000,0.6993
358.337,1,6.511,-1.646,-1.795,0.0000,-0.7148,0.0000,0.6993
358.369,1,6.511,-1.646,-1.795,0.0000,-0.7148,0.0000,0.6993
358.403,1,6.511,-1.646,-1.795,0.0000,-0.7148,0.0000,0.6993
358.436,1,6.511,-1.646,-1.795,0.0000,-0.7148,0.0000,0.6993
358.469,1,6.511,-1.646,-1.795,0.0000,-0.7148,0.0000,0.6993
358.502,1,6.511,-1.646,-1.795,0.0000,-0.7148,0.0000,0.6993
358.535,1,6.511,-1.646,-1.795,0.0000,-0.7148,0.0000,0.6993
358.569,1,6.511,-1.646,-1.795,0.0000,-0.7148,0.0000,0.6993
358.605,1,6.511,-1.646,-1.795,0.0000,-0.7148,0.0000,0.6993
358.639,1,6.511,-1.646,-1.795,0.0000,-0.7148,0.0000,0.6993
358.678,1,6.511,-1.646,-1.795,0.0000,-0.7148,0.0000,0.6993
358.711,1,6.511,-1.646,-1.795,0.0000,-0.7148,0.0000,0.6993
358.745,1,6.511,-1.646,-1.795,0.0000,-0.7148,0.0000,0.6993
358.778,1,6.511,-1.646,-1.795,0.0000,-0.7148,0.0000,0.6993
358.811,1,6.511,-1.646,-1.795,0.0000,-0.7148,0.0000,0.6993
358.844,1,6.511,-1.646,-1.795,0.0000,-0.7148,0.0000,0.6993
358.879,1,6.511,-1.646,-1.795,0.0000,-0.7148,0.0000,0.6993
358.910,1,6.511,-1.646,-1.795,0.0000,-0.7148,0.0000,0.6993
358.943,1,6.511,-1.646,-1.795,0.0000,-0.7148,0.0000,0.6993
358.977,1,6.511,-1.646,-1.795,0.0000,-0.7148,0.0000,0.6993
359.010,1,6.511,-1.646,-1.795,0.0000,-0.7148,0.0000,0.6993
359.043,1,6.511,-1.646,-1.795,0.0000,-0.7148,0.0000,0.6993
359.077,1,6.511,-1.646,-1.795,0.0000,-0.7148,0.0000,0.6993
359.110,1,6.511,-1.646,-1.795,0.0000,-0.7148,0.0000,0.6993
359.144,1,6.511,-1.646,-1.795,0.0000,-0.7148,0.0000,0.6993
359.178,1,6.511,-1.646,-1.795,0.0000,-0.7148,0.0000,0.6993
359.210,1,6.511,-1.646,-1.795,0.0000,-0.7148,0.0000,0.6993
359.245,1,6.511,-1.646,-1.795,0.0000,-0.7148,0.0000,0.6993
359.278,1,6.511,-1.646,-1.795,0.0000,-0.7148,0.0000,0.6993
359.311,1,6.511,-1.646,-1.795,0.0000,-0.7148,0.0000,0.6993
359.344,1,6.511,-1.646,-1.795,0.0000,-0.7148,0.0000,0.6993
359.378,1,6.511,-1.646,-1.795,0.0000,-0.7148,0.0000,0.6993
359.411,1,6.511,-1.646,-1.795,0.0000,-0.7148,0.0000,0.6993
359.444,1,6.511,-1.646,-1.795,0.0000,-0.7148,0.0000,0.6993
359.478,1,6.511,-1.646,-1.795,0.0000,-0.7148,0.0000,0.6993
359.511,1,6.511,-1.646,-1.795,0.0000,-0.7148,0.0000,0.6993
359.543,1,6.511,-1.646,-1.795,0.0000,-0.7148,0.0000,0.6993
359.576,1,6.511,-1.646,-1.795,0.0000,-0.7148,0.0000,0.6993
359.609,1,6.511,-1.646,-1.795,0.0000,-0.7148,0.0000,0.6993
359.644,1,6.511,-1.646,-1.795,0.0000,-0.7148,0.0000,0.6993
359.678,1,6.511,-1.646,-1.795,0.0000,-0.7148,0.0000,0.6993
359.714,1,6.511,-1.646,-1.795,0.0000,-0.7148,0.0000,0.6993
359.736,1,6.511,-1.646,-1.795,0.0000,-0.7148,0.0000,0.6993
359.770,1,6.511,-1.646,-1.795,0.0000,-0.7148,0.0000,0.6993
359.805,1,6.511,-1.646,-1.795,0.0000,-0.7148,0.0000,0.6993
359.838,1,6.511,-1.646,-1.795,0.0000,-0.7148,0.0000,0.6993
359.870,1,6.511,-1.646,-1.795,0.0000,-0.7148,0.0000,0.6993
359.908,1,6.511,-1.646,-1.795,0.0000,-0.7148,0.0000,0.6993
359.937,1,6.511,-1.646,-1.795,0.0000,-0.7148,0.0000,0.6993
359.968,1,6.511,-1.646,-1.795,0.0000,-0.7148,0.0000,0.6993
360.014,1,6.511,-1.646,-1.795,0.0000,-0.7148,0.0000,0.6993
360.045,1,6.511,-1.646,-1.795,0.0000,-0.7148,0.0000,0.6993
360.077,1,6.511,-1.646,-1.795,0.0000,-0.7148,0.0000,0.6993
360.110,1,6.511,-1.646,-1.795,0.0000,-0.7148,0.0000,0.6993
360.143,1,6.511,-1.646,-1.795,0.0000,-0.7148,0.0000,0.6993
360.176,1,6.511,-1.646,-1.795,0.0000,-0.7148,0.0000,0.6993
360.209,1,6.511,-1.646,-1.795,0.0000,-0.7148,0.0000,0.6993
360.246,1,6.511,-1.646,-1.795,0.0000,-0.7148,0.0000,0.6993
360.274,1,6.511,-1.646,-1.795,0.0000,-0.7148,0.0000,0.6993
360.308,1,6.511,-1.646,-1.795,0.0000,-0.7148,0.0000,0.6993
360.341,1,6.511,-1.646,-1.795,0.0000,-0.7148,0.0000,0.6993
360.374,1,6.511,-1.646,-1.795,0.0000,-0.7148,0.0000,0.6993
360.408,1,6.511,-1.646,-1.795,0.0000,-0.7148,0.0000,0.6993
360.439,1,6.511,-1.646,-1.795,0.0000,-0.7148,0.0000,0.6993
360.472,1,6.511,-1.646,-1.795,0.0000,-0.7148,0.0000,0.6993
360.505,1,6.511,-1.646,-1.795,0.0000,-0.7148,0.0000,0.6993
360.537,1,6.511,-1.646,-1.795,0.0000,-0.7148,0.0000,0.6993
360.570,1,6.511,-1.646,-1.795,0.0000,-0.7148,0.0000,0.6993
360.602,1,6.511,-1.646,-1.795,0.0000,-0.7148,0.0000,0.6993
360.637,1,6.511,-1.646,-1.795,0.0000,-0.7148,0.0000,0.6993
360.669,1,6.511,-1.646,-1.795,0.0000,-0.7148,0.0000,0.6993
360.702,1,6.511,-1.646,-1.795,0.0000,-0.7148,0.0000,0.6993
360.745,1,6.511,-1.646,-1.795,0.0000,-0.7148,0.0000,0.6993
360.778,1,6.511,-1.646,-1.795,0.0000,-0.7148,0.0000,0.6993
360.811,1,6.511,-1.646,-1.795,0.0000,-0.7148,0.0000,0.6993
360.845,1,6.511,-1.646,-1.795,0.0000,-0.7148,0.0000,0.6993
360.878,1,6.511,-1.646,-1.795,0.0000,-0.7148,0.0000,0.6993
360.911,1,6.511,-1.646,-1.795,0.0000,-0.7148,0.0000,0.6993
360.944,1,6.511,-1.646,-1.795,0.0000,-0.7148,0.0000,0.6993
360.977,1,6.511,-1.646,-1.795,0.0000,-0.7148,0.0000,0.6993
361.011,1,6.511,-1.646,-1.795,0.0000,-0.7148,0.0000,0.6993
361.044,1,6.511,-1.646,-1.795,0.0000,-0.7148,0.0000,0.6993
361.076,1,6.511,-1.646,-1.795,0.0000,-0.7148,0.0000,0.6993
361.109,1,6.511,-1.646,-1.795,0.0000,-0.7148,0.0000,0.6993
361.142,1,6.511,-1.646,-1.795,0.0000,-0.7148,0.0000,0.6993
361.176,1,6.511,-1.646,-1.795,0.0000,-0.7148,0.0000,0.6993
361.209,1,6.511,-1.646,-1.795,0.0000,-0.7148,0.0000,0.6993
361.243,1,6.511,-1.646,-1.795,0.0000,-0.7148,0.0000,0.6993
361.277,1,6.511,-1.646,-1.795,0.0000,-0.7148,0.0000,0.6993
361.302,1,6.511,-1.646,-1.795,0.0000,-0.7148,0.0000,0.6993
361.340,1,6.511,-1.646,-1.795,0.0000,-0.7148,0.0000,0.6993
361.374,1,6.511,-1.646,-1.795,0.0000,-0.7148,0.0000,0.6993
361.403,1,6.511,-1.646,-1.795,0.0000,-0.7148,0.0000,0.6993
361.435,1,6.511,-1.646,-1.795,0.0000,-0.7148,0.0000,0.6993
361.469,1,6.511,-1.646,-1.795,0.0000,-0.7148,0.0000,0.6993
361.502,1,6.511,-1.646,-1.795,0.0000,-0.7148,0.0000,0.6993
361.536,1,6.511,-1.646,-1.795,0.0000,-0.7148,0.0000,0.6993
361.570,1,6.511,-1.646,-1.795,0.0000,-0.7148,0.0000,0.6993
361.609,1,6.511,-1.646,-1.795,0.0000,-0.7148,0.0000,0.6993
361.637,1,6.511,-1.646,-1.795,0.0000,-0.7148,0.0000,0.6993
361.675,1,6.511,-1.646,-1.795,0.0000,-0.7148,0.0000,0.6993
361.710,1,6.511,-1.646,-1.795,0.0000,-0.7148,0.0000,0.6993
361.739,1,6.511,-1.646,-1.795,0.0000,-0.7148,0.0000,0.6993
361.772,1,6.511,-1.646,-1.795,0.0000,-0.7148,0.0000,0.6993
361.806,1,6.511,-1.646,-1.795,0.0000,-0.7148,0.0000,0.6993
361.841,1,6.511,-1.646,-1.795,0.0000,-0.7148,0.0000,0.6993
361.876,1,6.511,-1.646,-1.795,0.0000,-0.7148,0.0000,0.6993
361.906,1,6.511,-1.646,-1.795,0.0000,-0.7148,0.0000,0.6993
361.940,1,6.511,-1.646,-1.795,0.0000,-0.7148,0.0000,0.6993
